t,push,gtbot_delta_deg,gtbot_valid,gtbot_station_err,gtbot_phi_deg,gtbot2_delta_deg,gtbot2_valid,gtbot2_station_err,gtbot2_phi_deg,gtbot3_delta_deg,gtbot3_valid,gtbot3_station_err,gtbot3_phi_deg
2.02,0,5.95,0,0.0436,84.05,4.78,0,0.0190,85.22,1.78,0,0.0478,88.22
2.12,0,5.95,0,0.0436,84.05,4.78,0,0.0190,85.22,1.78,0,0.0478,88.22
2.23,0,5.59,0,0.0496,84.41,4.07,0,0.0231,85.93,1.82,0,0.0419,88.18
2.35,0,5.59,1,0.0496,84.41,4.07,1,0.0231,85.93,1.82,1,0.0419,88.18
2.45,0,5.59,1,0.0497,84.41,4.07,1,0.0231,85.93,1.82,1,0.0418,88.18
2.55,0,5.18,1,0.0564,84.82,3.22,1,0.0284,86.78,1.88,1,0.0366,88.12
2.66,0,4.74,1,0.0635,85.26,2.27,1,0.0348,87.73,1.94,1,0.0322,88.06
2.77,0,4.74,1,0.0635,85.26,2.27,1,0.0348,87.73,1.94,1,0.0322,88.06
2.89,0,4.26,1,0.0703,85.74,1.29,1,0.0417,88.71,2.03,1,0.0285,87.97
2.99,0,3.75,1,0.0768,86.25,0.37,1,0.0484,89.63,2.14,1,0.0252,87.86
3.10,0,3.75,1,0.0768,86.25,0.37,1,0.0484,89.63,2.14,1,0.0252,87.86
3.20,0,3.22,1,0.0828,86.78,0.47,1,0.0547,89.53,2.28,1,0.0222,87.72
3.31,0,3.22,1,0.0828,86.78,0.47,1,0.0547,89.53,2.28,1,0.0222,87.72
3.43,0,2.69,1,0.0881,87.31,1.26,1,0.0612,88.74,2.42,1,0.0195,87.58
3.53,0,2.69,1,0.0881,87.31,1.26,1,0.0612,88.74,2.42,1,0.0195,87.58
3.64,0,2.19,1,0.0929,87.81,1.97,1,0.0682,88.03,2.56,1,0.0171,87.44
3.74,0,2.19,1,0.0929,87.81,1.97,1,0.0682,88.03,2.56,1,0.0171,87.44
3.86,0,1.71,1,0.0976,88.29,2.55,1,0.0746,87.45,2.73,1,0.0147,87.27
3.97,0,1.26,1,0.1019,88.74,2.97,1,0.0803,87.03,2.92,1,0.0124,87.08
4.08,0,1.26,1,0.1019,88.74,2.97,1,0.0803,87.03,2.92,1,0.0124,87.08
4.18,0,0.82,1,0.1058,89.18,3.25,1,0.0854,86.75,3.13,1,0.0103,86.87
4.28,0,0.82,1,0.1058,89.18,3.25,1,0.0854,86.75,3.13,1,0.0103,86.87
4.39,0,0.42,1,0.1091,89.58,3.40,1,0.0900,86.60,3.33,1,0.0086,86.67
4.49,0,0.06,1,0.1121,89.94,3.41,1,0.0941,86.59,3.53,1,0.0071,86.47
4.60,0,0.06,1,0.1121,89.94,3.41,1,0.0941,86.59,3.53,1,0.0071,86.47
4.70,0,0.06,1,0.1121,89.94,3.41,1,0.0941,86.59,3.53,1,0.0071,86.47
4.80,0,0.26,1,0.1149,89.74,3.29,1,0.0977,86.71,3.73,1,0.0059,86.27
4.91,0,0.55,1,0.1177,89.45,3.31,1,0.0979,86.69,3.73,1,0.0058,86.27
5.02,0,0.55,1,0.1177,89.45,3.06,1,0.1009,86.94,3.94,1,0.0054,86.06
5.14,0,0.80,1,0.1203,89.20,2.72,1,0.1039,87.28,4.16,1,0.0060,85.84
5.24,0,0.80,1,0.1203,89.20,2.72,1,0.1039,87.28,4.16,1,0.0060,85.84
5.36,0,1.02,1,0.1226,88.98,2.28,1,0.1065,87.72,4.37,1,0.0072,85.63
5.47,0,1.02,1,0.1226,88.98,2.28,1,0.1065,87.72,4.37,1,0.0072,85.63
5.59,0,1.19,1,0.1246,88.81,1.73,1,0.1089,88.27,4.53,1,0.0084,85.47
5.69,0,1.19,1,0.1246,88.81,1.73,1,0.1089,88.27,4.53,1,0.0084,85.47
5.80,0,1.32,1,0.1264,88.68,1.11,1,0.1110,88.89,4.62,1,0.0095,85.38
5.91,0,1.39,1,0.1283,88.61,1.12,1,0.1112,88.88,4.61,1,0.0097,85.39
6.03,0,1.39,1,0.1283,88.61,0.44,1,0.1131,89.56,4.67,1,0.0110,85.33
6.14,0,1.42,1,0.1302,88.58,0.27,1,0.1152,89.73,4.71,1,0.0127,85.29
6.24,0,1.42,1,0.1302,88.58,0.27,1,0.1152,89.73,4.71,1,0.0127,85.29
6.35,0,1.41,1,0.1319,88.59,1.00,1,0.1172,89.00,4.69,1,0.0144,85.31
6.45,0,1.41,1,0.1319,88.59,1.00,1,0.1172,89.00,4.69,1,0.0144,85.31
6.56,0,1.36,1,0.1333,88.64,1.74,1,0.1191,88.26,4.55,1,0.0160,85.45
6.67,0,1.36,1,0.1333,88.64,1.74,1,0.1191,88.26,4.55,1,0.0160,85.45
6.78,0,1.26,1,0.1344,88.74,2.50,1,0.1209,87.50,4.20,1,0.0177,85.80
6.88,0,1.26,1,0.1344,88.74,2.50,1,0.1209,87.50,4.20,1,0.0177,85.80
6.99,0,1.11,1,0.1356,88.89,3.26,1,0.1226,86.74,3.55,1,0.0207,86.45
7.09,0,1.11,1,0.1356,88.89,3.26,1,0.1226,86.74,3.55,1,0.0207,86.45
7.20,0,0.92,1,0.1369,89.08,3.99,1,0.1245,86.01,2.68,1,0.0256,87.32
7.32,0,0.70,1,0.1381,89.30,4.67,1,0.1267,85.33,1.79,1,0.0309,88.21
7.43,0,0.70,1,0.1381,89.30,4.67,1,0.1267,85.33,1.79,1,0.0309,88.21
7.54,0,0.45,1,0.1390,89.55,5.30,1,0.1288,84.70,0.78,1,0.0374,89.22
7.64,0,0.45,1,0.1390,89.55,5.30,1,0.1288,84.70,0.78,1,0.0374,89.22
7.76,0,0.16,1,0.1397,89.84,5.90,1,0.1309,84.10,0.51,1,0.0476,89.49
7.86,0,0.16,1,0.1397,89.84,5.90,1,0.1309,84.10,0.51,1,0.0476,89.49
7.97,0,0.16,1,0.1404,89.84,5.90,1,0.1309,84.10,0.51,1,0.0476,89.49
8.08,0,0.16,1,0.1404,89.84,6.44,1,0.1330,83.56,1.89,1,0.0600,88.11
8.20,0,0.53,1,0.1411,89.47,6.90,1,0.1355,83.10,3.12,1,0.0717,86.88
8.31,0,0.53,1,0.1411,89.47,6.90,1,0.1355,83.10,3.12,1,0.0717,86.88
8.42,0,0.91,1,0.1419,89.09,7.26,1,0.1383,82.74,4.15,1,0.0820,85.85
8.53,0,1.31,1,0.1426,88.69,7.53,1,0.1413,82.47,5.06,1,0.0919,84.94
8.64,0,1.31,1,0.1426,88.69,7.53,1,0.1413,82.47,5.06,1,0.0919,84.94
8.74,0,1.72,1,0.1430,88.28,7.72,1,0.1444,82.28,5.96,1,0.1025,84.04
8.85,0,1.72,1,0.1430,88.28,7.72,1,0.1444,82.28,5.96,1,0.1025,84.04
8.96,0,2.16,1,0.1434,87.84,7.84,1,0.1477,82.16,6.81,1,0.1134,83.19
9.06,0,2.16,1,0.1434,87.84,7.84,1,0.1477,82.16,6.81,1,0.1134,83.19
9.17,0,2.61,1,0.1438,87.39,7.86,1,0.1513,82.14,7.50,1,0.1228,82.50
9.27,0,3.09,1,0.1443,86.91,7.85,1,0.1515,82.15,7.51,1,0.1230,82.49
9.38,0,3.09,1,0.1443,86.91,7.79,1,0.1553,82.21,7.96,1,0.1304,82.04
9.49,0,3.56,1,0.1448,86.44,7.61,1,0.1596,82.39,8.22,1,0.1372,81.78
9.59,0,3.56,1,0.1448,86.44,7.61,1,0.1596,82.39,8.22,1,0.1372,81.78
9.71,0,4.03,1,0.1453,85.97,7.36,1,0.1641,82.64,8.32,1,0.1440,81.68
9.81,0,4.03,1,0.1453,85.97,7.36,1,0.1641,82.64,8.32,1,0.1440,81.68
9.92,0,4.49,1,0.1456,85.51,7.04,1,0.1686,82.96,8.18,1,0.1503,81.82
10.02,0,4.49,1,0.1456,85.51,7.04,1,0.1686,82.96,8.18,1,0.1503,81.82
10.13,0,4.96,1,0.1459,85.04,6.67,1,0.1734,83.33,7.72,1,0.1554,82.28
10.24,0,4.96,1,0.1459,85.04,6.67,1,0.1734,83.33,7.72,1,0.1554,82.28
10.35,0,5.43,1,0.1464,84.57,6.23,1,0.1785,83.77,6.93,1,0.1590,83.07
10.45,0,5.89,1,0.1470,84.11,6.22,1,0.1787,83.78,6.93,1,0.1591,83.07
10.56,0,5.89,1,0.1470,84.11,5.74,1,0.1839,84.26,5.85,1,0.1619,84.15
10.66,0,6.32,1,0.1477,83.68,5.20,1,0.1892,84.80,4.56,1,0.1643,85.44
10.76,0,6.32,1,0.1477,83.68,5.20,1,0.1892,84.80,4.56,1,0.1643,85.44
10.88,0,6.73,1,0.1483,83.27,4.67,1,0.1940,85.33,3.08,1,0.1658,86.92
10.99,0,7.11,1,0.1489,82.89,4.66,1,0.1940,85.34,3.07,1,0.1657,86.93
11.11,0,7.11,1,0.1489,82.89,4.15,1,0.1986,85.85,1.44,1,0.1663,88.56
11.21,0,7.47,1,0.1495,82.53,3.64,1,0.2033,86.36,1.45,1,0.1664,88.55
11.33,0,7.47,1,0.1495,82.53,3.64,1,0.2033,86.36,0.25,1,0.1661,89.75
11.44,0,7.81,1,0.1504,82.19,3.15,1,0.2078,86.85,1.91,1,0.1656,88.09
11.54,0,7.81,1,0.1504,82.19,3.15,1,0.2078,86.85,1.91,1,0.1656,88.09
11.65,0,8.11,1,0.1515,81.89,2.68,1,0.2119,87.32,3.47,1,0.1651,86.53
11.75,0,8.37,1,0.1527,81.63,2.66,1,0.2120,87.34,3.49,1,0.1648,86.51
11.86,0,8.37,1,0.1527,81.63,2.25,1,0.2153,87.75,4.86,1,0.1645,85.14
11.97,0,8.58,1,0.1538,81.42,1.86,1,0.2183,88.14,6.02,1,0.1642,83.98
12.09,0,8.75,1,0.1549,81.25,1.52,1,0.2211,88.48,6.90,1,0.1646,83.10
12.20,0,8.75,1,0.1549,81.25,1.52,1,0.2211,88.48,6.90,1,0.1646,83.10
12.30,0,8.88,1,0.1562,81.12,1.21,1,0.2239,88.79,7.51,1,0.1658,82.49
12.40,0,8.98,1,0.1578,81.02,0.94,1,0.2264,89.06,7.82,1,0.1677,82.18
12.51,0,9.03,1,0.1596,80.97,0.73,1,0.2285,89.27,7.87,1,0.1704,82.13
12.61,0,9.03,1,0.1596,80.97,0.73,1,0.2285,89.27,7.87,1,0.1704,82.13
12.71,0,9.02,1,0.1614,80.98,0.58,1,0.2300,89.42,7.67,1,0.1735,82.33
12.82,0,9.02,1,0.1614,80.98,0.58,1,0.2300,89.42,7.67,1,0.1735,82.33
12.94,0,8.96,1,0.1631,81.04,0.48,1,0.2311,89.52,7.25,1,0.1770,82.75
13.05,0,8.87,1,0.1649,81.13,0.46,1,0.2319,89.54,6.65,1,0.1813,83.35
13.15,0,8.87,1,0.1649,81.13,0.46,1,0.2319,89.54,6.65,1,0.1813,83.35
13.26,0,8.74,1,0.1669,81.26,0.51,1,0.2323,89.49,5.92,1,0.1859,84.08
13.36,0,8.57,1,0.1692,81.43,0.64,1,0.2321,89.36,5.12,1,0.1902,84.88
13.47,0,8.36,1,0.1716,81.64,0.83,1,0.2313,89.17,4.30,1,0.1940,85.70
13.58,0,8.36,1,0.1716,81.64,0.83,1,0.2313,89.17,4.30,1,0.1940,85.70
13.69,0,8.11,1,0.1736,81.89,1.09,1,0.2297,88.91,3.47,1,0.1974,86.53
13.80,0,8.11,1,0.1736,81.89,1.09,1,0.2297,88.91,3.47,1,0.1974,86.53
13.90,0,7.84,1,0.1754,82.16,1.41,1,0.2275,88.59,2.64,1,0.2009,87.36
14.01,0,7.85,1,0.1754,82.15,1.41,1,0.2277,88.59,2.63,1,0.2009,87.37
14.11,0,7.57,1,0.1773,82.43,1.78,1,0.2250,88.22,1.83,1,0.2041,88.17
14.23,0,7.31,1,0.1794,82.69,2.19,1,0.2223,87.81,1.06,1,0.2068,88.94
14.33,0,7.03,1,0.1815,82.97,2.59,1,0.2196,87.41,0.38,1,0.2088,89.62
14.44,0,7.03,1,0.1815,82.97,2.59,1,0.2196,87.41,0.38,1,0.2088,89.62
14.55,0,6.72,1,0.1833,83.28,3.00,1,0.2165,87.00,0.22,1,0.2103,89.78
14.65,0,6.72,1,0.1833,83.28,3.00,1,0.2165,87.00,0.22,1,0.2103,89.78
14.77,0,6.40,1,0.1849,83.60,3.41,1,0.2130,86.59,0.75,1,0.2117,89.25
14.87,0,6.09,1,0.1863,83.91,3.41,1,0.2130,86.59,0.75,1,0.2117,89.25
14.98,0,6.09,1,0.1863,83.91,3.82,1,0.2096,86.18,1.21,1,0.2132,88.79
15.10,0,5.78,1,0.1878,84.22,4.22,1,0.2067,85.78,1.59,1,0.2144,88.41
15.20,0,5.46,1,0.1894,84.54,4.57,1,0.2042,85.43,1.86,1,0.2149,88.14
15.30,0,5.46,1,0.1894,84.54,4.57,1,0.2042,85.43,1.86,1,0.2149,88.14
15.41,0,5.12,1,0.1911,84.88,4.87,1,0.2015,85.13,2.00,1,0.2151,88.00
15.51,0,5.12,1,0.1911,84.88,4.87,1,0.2015,85.13,2.00,1,0.2151,88.00
15.62,0,4.77,1,0.1924,85.23,5.15,1,0.1987,84.85,2.05,1,0.2152,87.95
15.72,0,4.44,1,0.1933,85.56,5.40,1,0.1959,84.60,2.02,1,0.2153,87.98
15.84,0,4.13,1,0.1941,85.87,5.61,1,0.1935,84.39,1.92,1,0.2153,88.08
15.94,0,4.13,1,0.1941,85.87,5.61,1,0.1935,84.39,1.92,1,0.2153,88.08
16.04,0,3.86,1,0.1952,86.14,5.77,1,0.1915,84.23,1.74,1,0.2149,88.26
16.15,0,3.59,1,0.1964,86.41,5.86,1,0.1897,84.14,1.47,1,0.2140,88.53
16.27,0,3.59,1,0.1964,86.41,5.86,1,0.1897,84.14,1.47,1,0.2140,88.53
16.39,0,3.30,1,0.1974,86.70,5.90,1,0.1877,84.10,1.11,1,0.2129,88.89
16.49,0,3.29,1,0.1975,86.71,5.88,1,0.1875,84.12,1.09,1,0.2127,88.91
16.61,0,2.99,1,0.1978,87.01,5.89,1,0.1856,84.11,0.69,1,0.2120,89.31
16.72,0,2.69,1,0.1979,87.31,5.85,1,0.1838,84.15,0.23,1,0.2111,89.77
16.82,0,2.69,1,0.1979,87.31,5.85,1,0.1838,84.15,0.23,1,0.2111,89.77
16.93,0,2.39,1,0.1980,87.61,5.77,1,0.1825,84.23,0.27,1,0.2099,89.73
17.04,0,2.08,1,0.1979,87.92,5.63,1,0.1815,84.37,0.82,1,0.2085,89.18
17.15,0,1.75,1,0.1976,88.25,5.43,1,0.1805,84.57,1.43,1,0.2068,88.57
17.25,0,1.40,1,0.1967,88.60,5.20,1,0.1792,84.80,2.06,1,0.2050,87.94
17.36,0,1.40,1,0.1967,88.60,5.20,1,0.1792,84.80,2.06,1,0.2050,87.94
17.47,0,1.06,1,0.1951,88.94,4.96,1,0.1781,85.04,2.71,1,0.2035,87.29
17.58,0,0.75,1,0.1930,89.25,4.71,1,0.1773,85.29,3.35,1,0.2020,86.65
17.69,0,0.75,1,0.1930,89.25,4.71,1,0.1773,85.29,3.35,1,0.2020,86.65
17.79,0,0.47,1,0.1907,89.53,4.43,1,0.1768,85.57,3.98,1,0.2004,86.02
17.89,0,0.23,1,0.1885,89.77,4.12,1,0.1764,85.88,4.60,1,0.1986,85.40
18.00,0,0.23,1,0.1885,89.77,4.12,1,0.1764,85.88,4.60,1,0.1986,85.40
18.12,0,0.01,1,0.1862,89.99,3.80,1,0.1758,86.20,5.21,1,0.1968,84.79
18.22,0,0.01,1,0.1862,89.99,3.80,1,0.1758,86.20,5.21,1,0.1968,84.79
18.32,0,0.17,1,0.1833,89.83,3.49,1,0.1751,86.51,5.78,1,0.1954,84.22
18.43,0,0.18,1,0.1833,89.82,3.49,1,0.1749,86.51,5.79,1,0.1955,84.21
18.55,0,0.30,1,0.1800,89.70,3.20,1,0.1745,86.80,6.29,1,0.1943,83.71
18.66,0,0.38,1,0.1767,89.62,2.92,1,0.1742,87.08,6.74,1,0.1932,83.26
18.76,0,0.38,1,0.1767,89.62,2.92,1,0.1742,87.08,6.74,1,0.1932,83.26
18.88,0,0.39,1,0.1737,89.61,2.65,1,0.1741,87.35,7.12,1,0.1919,82.88
18.98,0,0.37,1,0.1709,89.63,2.40,1,0.1738,87.60,7.45,1,0.1908,82.55
19.09,0,0.31,1,0.1679,89.69,2.17,1,0.1733,87.83,7.71,1,0.1900,82.29
19.20,0,0.31,1,0.1679,89.69,2.17,1,0.1733,87.83,7.71,1,0.1900,82.29
19.30,0,0.22,1,0.1645,89.78,1.99,1,0.1727,88.01,7.90,1,0.1895,82.10
19.41,0,0.09,1,0.1608,89.91,1.99,1,0.1726,88.01,7.90,1,0.1895,82.10
19.51,0,0.09,1,0.1608,89.91,1.86,1,0.1722,88.14,7.99,1,0.1890,82.01
19.63,0,0.10,1,0.1573,89.90,1.76,1,0.1721,88.24,8.00,1,0.1888,82.00
19.73,0,0.33,1,0.1540,89.67,1.68,1,0.1720,88.32,7.95,1,0.1887,82.05
19.84,0,0.33,1,0.1540,89.67,1.68,1,0.1720,88.32,7.95,1,0.1887,82.05
19.94,0,0.58,1,0.1508,89.42,1.63,1,0.1716,88.37,7.85,1,0.1888,82.15
20.04,0,0.58,1,0.1508,89.42,1.63,1,0.1716,88.37,7.85,1,0.1888,82.15
20.15,0,0.83,1,0.1474,89.17,1.62,1,0.1709,88.38,7.67,1,0.1892,82.33
20.25,0,0.83,1,0.1474,89.17,1.62,1,0.1709,88.38,7.67,1,0.1892,82.33
20.35,0,1.09,1,0.1436,88.91,1.66,1,0.1703,88.34,7.41,1,0.1899,82.59
20.46,0,1.09,1,0.1436,88.91,1.66,1,0.1703,88.34,7.41,1,0.1899,82.59
20.57,0,1.38,1,0.1398,88.62,1.75,1,0.1700,88.25,7.08,1,0.1905,82.92
20.68,0,1.38,1,0.1398,88.62,1.75,1,0.1700,88.25,7.08,1,0.1905,82.92
20.79,0,1.70,1,0.1362,88.30,1.85,1,0.1700,88.15,6.69,1,0.1907,83.31
20.90,0,2.03,1,0.1329,87.97,1.97,1,0.1698,88.03,6.25,1,0.1909,83.75
21.01,0,2.03,1,0.1329,87.97,1.97,1,0.1698,88.03,6.25,1,0.1909,83.75
21.11,0,2.03,1,0.1329,87.97,1.97,1,0.1698,88.03,6.25,1,0.1909,83.75
21.22,0,2.34,1,0.1296,87.66,2.11,1,0.1693,87.89,5.76,1,0.1914,84.24
21.33,0,2.34,1,0.1296,87.66,2.11,1,0.1693,87.89,5.76,1,0.1914,84.24
21.44,0,2.34,1,0.1296,87.66,2.11,1,0.1693,87.89,5.76,1,0.1914,84.24
21.54,0,2.62,1,0.1261,87.38,2.29,1,0.1686,87.71,5.24,1,0.1920,84.76
21.64,0,2.62,1,0.1261,87.38,2.29,1,0.1686,87.71,5.24,1,0.1920,84.76
21.76,0,2.89,1,0.1224,87.11,2.50,1,0.1681,87.50,4.66,1,0.1919,85.34
21.86,0,2.89,1,0.1224,87.11,2.50,1,0.1681,87.50,4.66,1,0.1919,85.34
21.97,0,3.16,1,0.1187,86.84,2.73,1,0.1682,87.27,4.04,1,0.1914,85.96
22.07,0,3.43,1,0.1154,86.57,2.95,1,0.1684,87.05,3.41,1,0.1909,86.59
22.18,0,3.43,1,0.1154,86.57,2.95,1,0.1684,87.05,3.41,1,0.1909,86.59
22.29,0,3.66,1,0.1123,86.34,3.16,1,0.1683,86.84,2.80,1,0.1906,87.20
22.39,0,3.85,1,0.1092,86.15,3.37,1,0.1680,86.63,2.20,1,0.1901,87.80
22.49,0,3.98,1,0.1059,86.02,3.60,1,0.1677,86.40,2.22,1,0.1903,87.78
22.61,0,3.98,1,0.1059,86.02,3.60,1,0.1677,86.40,1.60,1,0.1895,88.40
22.73,0,4.10,1,0.1025,85.90,3.83,1,0.1680,86.17,1.01,1,0.1887,88.99
22.84,0,4.20,1,0.0992,85.80,4.04,1,0.1686,85.96,0.46,1,0.1877,89.54
22.96,0,4.20,1,0.0992,85.80,4.04,1,0.1686,85.96,0.46,1,0.1877,89.54
23.07,0,4.28,1,0.0964,85.72,4.21,1,0.1693,85.79,0.04,1,0.1866,89.96
23.18,0,4.29,1,0.0968,85.71,4.19,1,0.1691,85.81,0.02,1,0.1863,89.98
23.29,0,4.29,1,0.0937,85.71,4.36,1,0.1696,85.64,0.47,1,0.1854,89.53
23.40,0,4.26,1,0.0907,85.74,4.52,1,0.1703,85.48,0.87,1,0.1842,89.13
23.50,0,4.26,1,0.0907,85.74,4.52,1,0.1703,85.48,0.87,1,0.1842,89.13
23.62,0,4.18,1,0.0877,85.82,4.65,1,0.1711,85.35,1.18,1,0.1829,88.82
23.74,0,4.07,1,0.0848,85.93,4.75,1,0.1720,85.25,1.42,1,0.1816,88.58
23.84,0,4.07,1,0.0848,85.93,4.75,1,0.1720,85.25,1.42,1,0.1816,88.58
23.94,0,3.92,1,0.0820,86.08,4.83,1,0.1731,85.17,1.59,1,0.1801,88.41
24.05,0,3.79,1,0.0799,86.21,4.83,1,0.1743,85.17,1.68,1,0.1778,88.32
24.15,0,3.79,1,0.0804,86.21,4.81,1,0.1740,85.19,1.66,1,0.1778,88.34
24.27,0,3.59,1,0.0777,86.41,4.83,1,0.1752,85.17,1.68,1,0.1759,88.32
24.39,0,3.35,1,0.0753,86.65,4.81,1,0.1762,85.19,1.60,1,0.1742,88.40
24.49,0,3.10,1,0.0727,86.90,4.82,1,0.1762,85.18,1.60,1,0.1743,88.40
24.60,0,3.10,1,0.0727,86.90,4.78,1,0.1777,85.22,1.47,1,0.1723,88.53
24.72,0,2.87,1,0.0702,87.13,4.72,1,0.1797,85.28,1.29,1,0.1699,88.71
24.82,0,2.87,1,0.0702,87.13,4.72,1,0.1797,85.28,1.29,1,0.1699,88.71
24.93,0,2.64,1,0.0680,87.36,4.61,1,0.1817,85.39,1.05,1,0.1670,88.95
25.05,0,2.40,1,0.0662,87.60,4.47,1,0.1834,85.53,0.73,1,0.1644,89.27
25.16,0,2.39,1,0.0666,87.61,4.45,1,0.1829,85.55,0.70,1,0.1645,89.30
25.26,0,2.14,1,0.0645,87.86,4.31,1,0.1848,85.69,0.34,1,0.1622,89.66
25.37,0,1.87,1,0.0625,88.13,4.16,1,0.1864,85.84,0.08,1,0.1602,89.92
25.49,0,1.87,1,0.0625,88.13,4.16,1,0.1864,85.84,0.08,1,0.1602,89.92
25.60,0,1.63,1,0.0602,88.37,4.01,1,0.1886,85.99,0.51,1,0.1578,89.49
25.71,0,1.43,1,0.0581,88.57,3.84,1,0.1911,86.16,0.94,1,0.1550,89.06
25.83,0,1.43,1,0.0581,88.57,3.84,1,0.1911,86.16,0.94,1,0.1550,89.06
25.94,0,1.26,1,0.0563,88.74,3.63,1,0.1932,86.37,1.40,1,0.1521,88.60
26.05,0,1.08,1,0.0549,88.92,3.41,1,0.1945,86.59,1.89,1,0.1499,88.11
26.16,0,1.08,1,0.0549,88.92,3.41,1,0.1945,86.59,1.89,1,0.1499,88.11
26.27,0,0.90,1,0.0534,89.10,3.21,1,0.1955,86.79,2.39,1,0.1482,87.61
26.37,0,0.90,1,0.0534,89.10,3.21,1,0.1955,86.79,2.39,1,0.1482,87.61
26.47,0,0.73,1,0.0515,89.27,3.02,1,0.1969,86.98,2.86,1,0.1464,87.14
26.59,0,0.73,1,0.0515,89.27,3.02,1,0.1969,86.98,2.86,1,0.1464,87.14
26.71,0,0.61,1,0.0493,89.39,2.85,1,0.1988,87.15,3.28,1,0.1443,86.72
26.81,0,0.61,1,0.0493,89.39,2.85,1,0.1988,87.15,3.28,1,0.1443,86.72
26.92,0,0.55,1,0.0474,89.45,2.64,1,0.2003,87.36,3.67,1,0.1420,86.33
27.03,0,0.55,1,0.0474,89.45,2.64,1,0.2003,87.36,3.67,1,0.1420,86.33
27.13,0,0.51,1,0.0458,89.49,2.42,1,0.2006,87.58,4.05,1,0.1401,85.95
27.23,0,0.46,1,0.0445,89.54,2.23,1,0.2004,87.77,4.42,1,0.1389,85.58
27.35,0,0.46,1,0.0445,89.54,2.23,1,0.2004,87.77,4.42,1,0.1389,85.58
27.45,0,0.41,1,0.0432,89.59,2.08,1,0.2008,87.92,4.74,1,0.1381,85.26
27.56,0,0.40,1,0.0414,89.60,1.98,1,0.2018,88.02,4.98,1,0.1371,85.02
27.66,0,0.40,1,0.0414,89.60,1.98,1,0.2018,88.02,4.98,1,0.1371,85.02
27.77,0,0.46,1,0.0395,89.54,1.87,1,0.2025,88.13,5.14,1,0.1357,84.86
27.87,0,0.46,1,0.0395,89.54,1.87,1,0.2025,88.13,5.14,1,0.1357,84.86
27.98,0,0.55,1,0.0379,89.45,1.75,1,0.2023,88.25,5.25,1,0.1345,84.75
28.10,0,0.64,1,0.0369,89.36,1.66,1,0.2019,88.34,5.34,1,0.1339,84.66
28.21,0,0.64,1,0.0369,89.36,1.66,1,0.2019,88.34,5.34,1,0.1339,84.66
28.31,0,0.72,1,0.0364,89.28,1.63,1,0.2019,88.37,5.40,1,0.1339,84.60
28.41,0,0.72,1,0.0364,89.28,1.63,1,0.2019,88.37,5.40,1,0.1339,84.60
28.52,0,0.81,1,0.0358,89.19,1.64,1,0.2021,88.36,5.38,1,0.1340,84.62
28.62,0,0.94,1,0.0350,89.06,1.65,1,0.2024,88.35,5.36,1,0.1338,84.64
28.74,0,0.94,1,0.0350,89.06,1.67,1,0.2024,88.33,5.28,1,0.1337,84.72
28.85,0,1.11,1,0.0341,88.89,1.71,1,0.2024,88.29,5.11,1,0.1331,84.89
28.96,0,1.11,1,0.0341,88.89,1.71,1,0.2024,88.29,5.11,1,0.1331,84.89
29.06,0,1.11,1,0.0341,88.89,1.71,1,0.2024,88.29,5.11,1,0.1331,84.89
29.17,0,1.30,1,0.0337,88.70,1.74,1,0.2020,88.26,4.93,1,0.1329,85.07
29.28,0,1.30,1,0.0337,88.70,1.74,1,0.2020,88.26,4.93,1,0.1329,85.07
29.40,0,1.46,1,0.0342,88.54,1.80,1,0.2011,88.20,4.73,1,0.1334,85.27
29.50,0,1.46,1,0.0342,88.54,1.80,1,0.2011,88.20,4.73,1,0.1334,85.27
29.61,0,1.57,1,0.0353,88.43,1.91,1,0.2002,88.09,4.50,1,0.1343,85.50
29.71,0,1.57,1,0.0353,88.43,1.91,1,0.2002,88.09,4.50,1,0.1343,85.50
29.83,0,1.69,1,0.0363,88.31,2.04,1,0.1997,87.96,4.21,1,0.1348,85.79
29.93,0,1.86,1,0.0371,88.14,2.17,1,0.1990,87.83,3.86,1,0.1349,86.14
30.04,1,1.86,1,0.0371,88.14,2.17,1,0.1990,87.83,3.86,1,0.1349,86.14
30.15,1,2.03,1,0.0379,87.97,2.27,1,0.1974,87.73,3.50,1,0.1349,86.50
30.25,1,2.03,1,0.0379,87.97,2.27,1,0.1974,87.73,3.50,1,0.1349,86.50
30.36,1,2.63,1,0.0394,87.37,2.37,1,0.1952,87.63,3.15,1,0.1355,86.85
30.47,1,2.63,1,0.0394,87.37,2.37,1,0.1952,87.63,3.15,1,0.1355,86.85
30.58,1,6.15,1,0.0415,83.85,2.50,1,0.1933,87.50,2.83,1,0.1366,87.17
30.69,1,6.15,1,0.0415,83.85,2.50,1,0.1933,87.50,2.83,1,0.1366,87.17
30.80,1,14.44,1,0.0473,75.56,2.66,1,0.1917,87.34,2.49,1,0.1378,87.51
30.91,1,14.44,1,0.0473,75.56,2.66,1,0.1917,87.34,2.49,1,0.1378,87.51
31.03,1,26.94,1,0.0626,63.06,2.80,1,0.1899,87.20,2.14,1,0.1386,87.86
31.13,1,42.27,1,0.0859,47.73,2.80,1,0.1899,87.20,2.14,1,0.1386,87.86
31.24,1,42.27,1,0.0859,47.73,2.93,1,0.1878,87.07,1.79,1,0.1395,88.21
31.36,1,60.97,1,0.1136,29.03,3.07,1,0.1861,86.93,1.46,1,0.1403,88.54
31.46,1,60.97,1,0.1136,29.03,3.07,1,0.1861,86.93,1.46,1,0.1403,88.54
31.56,1,82.51,1,0.1420,7.49,3.21,1,0.1849,86.79,1.16,1,0.1412,88.84
31.67,1,82.51,1,0.1420,7.49,3.21,1,0.1849,86.79,1.16,1,0.1412,88.84
31.78,1,104.82,0,0.1668,-14.82,3.33,1,0.1838,86.67,0.88,1,0.1421,89.12
31.88,1,127.42,0,0.1877,-37.42,3.43,1,0.1825,86.57,0.62,1,0.1429,89.38
31.99,1,127.50,0,0.1883,-37.50,3.35,1,0.1817,86.65,0.63,1,0.1428,89.37
32.10,1,150.42,0,0.2060,-60.42,3.46,1,0.1806,86.54,0.39,1,0.1432,89.61
32.20,1,150.42,1,0.2060,-60.42,3.46,1,0.1806,86.54,0.39,1,0.1432,89.61
32.30,1,173.24,1,0.2190,-83.24,3.53,1,0.1796,86.47,0.18,1,0.1435,89.82
32.41,1,173.24,1,0.2190,-83.24,3.53,1,0.1796,86.47,0.18,1,0.1435,89.82
32.53,1,165.69,1,0.2245,-75.69,3.59,1,0.1784,86.41,0.03,1,0.1442,89.97
32.63,1,145.64,1,0.2223,-55.64,3.56,1,0.1778,86.44,0.07,1,0.1446,89.93
32.75,1,145.64,1,0.2223,-55.64,3.64,1,0.1772,86.36,0.05,1,0.1454,89.95
32.85,1,127.40,1,0.2137,-37.40,3.69,1,0.1762,86.31,0.12,1,0.1466,89.88
32.97,1,127.40,1,0.2137,-37.40,3.69,1,0.1762,86.31,0.12,1,0.1466,89.88
33.08,1,110.77,1,0.2005,-20.77,3.75,1,0.1758,86.25,0.19,1,0.1472,89.81
33.19,1,110.77,1,0.2005,-20.77,3.75,1,0.1758,86.25,0.19,1,0.1472,89.81
33.29,1,94.98,1,0.1838,-4.98,3.79,1,0.1756,86.21,0.26,1,0.1472,89.74
33.40,1,94.98,1,0.1838,-4.98,3.79,1,0.1756,86.21,0.26,1,0.1472,89.74
33.50,1,78.98,0,0.1629,11.02,3.80,1,0.1751,86.20,0.29,1,0.1473,89.71
33.60,1,78.98,0,0.1629,11.02,3.80,1,0.1751,86.20,0.29,1,0.1473,89.71
33.72,1,62.04,0,0.1371,27.96,3.80,1,0.1744,86.20,0.26,1,0.1479,89.74
33.83,1,62.04,0,0.1371,27.96,3.80,1,0.1744,86.20,0.26,1,0.1479,89.74
33.94,1,44.07,0,0.1074,45.93,3.81,1,0.1737,86.19,0.18,1,0.1488,89.82
34.04,1,44.07,0,0.1074,45.93,3.81,1,0.1737,86.19,0.18,1,0.1488,89.82
34.16,1,24.48,1,0.0765,65.52,3.84,1,0.1737,86.16,0.10,1,0.1493,89.90
34.26,1,24.48,1,0.0765,65.52,3.84,1,0.1737,86.16,0.10,1,0.1493,89.90
34.38,1,3.23,1,0.0547,86.77,3.88,1,0.1739,86.12,0.03,1,0.1490,89.97
34.48,1,3.23,1,0.0547,86.77,3.88,1,0.1739,86.12,0.03,1,0.1490,89.97
34.60,1,19.60,1,0.0607,70.40,3.89,1,0.1738,86.11,0.05,1,0.1483,89.95
34.70,1,19.60,1,0.0607,70.40,3.89,1,0.1738,86.11,0.05,1,0.1483,89.95
34.81,1,43.64,1,0.0885,46.36,3.85,1,0.1730,86.15,0.16,1,0.1477,89.84
34.91,1,43.64,1,0.0885,46.36,3.85,1,0.1730,86.15,0.16,1,0.1477,89.84
35.03,1,68.95,1,0.1213,21.05,3.79,1,0.1719,86.21,0.33,1,0.1475,89.67
35.13,1,68.95,1,0.1213,21.05,3.79,1,0.1719,86.21,0.33,1,0.1475,89.67
35.25,1,96.02,1,0.1538,-6.02,3.73,1,0.1711,86.27,0.50,1,0.1472,89.50
35.37,1,96.02,0,0.1538,-6.02,3.73,1,0.1711,86.27,0.50,1,0.1472,89.50
35.48,1,124.62,0,0.1836,-34.62,3.65,1,0.1705,86.35,0.63,1,0.1463,89.37
35.60,1,152.26,0,0.2071,-62.26,3.50,1,0.1693,86.50,0.73,1,0.1447,89.27
35.70,1,152.26,0,0.2071,-62.26,3.50,1,0.1693,86.50,0.73,1,0.1447,89.27
35.81,1,176.68,0,0.2217,-86.68,3.24,1,0.1671,86.76,0.83,1,0.1433,89.17
35.92,1,176.68,1,0.2217,-86.68,3.24,1,0.1671,86.76,0.83,1,0.1433,89.17
36.03,1,160.84,1,0.2276,-70.84,2.91,1,0.1642,87.09,0.95,1,0.1423,89.05
36.15,1,140.62,1,0.2247,-50.62,2.55,1,0.1613,87.45,1.07,1,0.1419,88.93
36.26,1,140.62,1,0.2247,-50.62,2.55,1,0.1613,87.45,1.07,1,0.1419,88.93
36.37,1,122.62,1,0.2152,-32.62,2.17,1,0.1586,87.83,1.19,1,0.1418,88.81
36.47,1,122.62,1,0.2152,-32.62,2.17,1,0.1586,87.83,1.19,1,0.1418,88.81
36.58,1,105.60,1,0.2010,-15.60,1.76,1,0.1556,88.24,1.27,1,0.1413,88.73
36.68,1,88.79,1,0.1836,1.21,1.29,1,0.1519,88.71,1.23,1,0.1406,88.77
36.79,1,88.79,1,0.1836,1.21,1.29,1,0.1519,88.71,1.30,1,0.1405,88.70
36.89,1,71.98,1,0.1641,18.02,1.25,1,0.1512,88.75,1.28,1,0.1398,88.72
37.00,1,71.98,0,0.1641,18.02,0.78,1,0.1476,89.22,1.33,1,0.1400,88.67
37.12,1,53.91,0,0.1394,36.09,0.28,1,0.1432,89.72,1.39,1,0.1402,88.61
37.22,1,34.11,0,0.1102,55.89,0.26,1,0.1429,89.74,1.43,1,0.1409,88.57
37.33,1,34.11,0,0.1102,55.89,0.16,1,0.1392,89.84,1.46,1,0.1413,88.54
37.45,1,12.80,0,0.0831,77.20,0.54,1,0.1358,89.46,1.50,1,0.1424,88.50
37.56,1,12.80,1,0.0831,77.20,0.54,1,0.1358,89.46,1.50,1,0.1424,88.50
37.67,1,10.14,1,0.0629,79.86,0.86,1,0.1325,89.14,1.48,1,0.1430,88.52
37.77,1,10.14,1,0.0629,79.86,0.86,1,0.1325,89.14,1.48,1,0.1430,88.52
37.88,1,34.82,1,0.0607,55.18,1.15,1,0.1291,88.85,1.43,1,0.1432,88.57
37.98,1,34.82,1,0.0607,55.18,1.15,1,0.1291,88.85,1.43,1,0.1432,88.57
38.09,0,60.21,1,0.0808,29.79,1.39,1,0.1257,88.61,1.39,1,0.1437,88.61
38.19,0,60.21,1,0.0808,29.79,1.39,1,0.1257,88.61,1.39,1,0.1437,88.61
38.29,0,85.82,0,0.1092,4.18,1.55,1,0.1226,88.45,1.39,1,0.1453,88.61
38.40,0,85.82,0,0.1092,4.18,1.55,1,0.1226,88.45,1.39,1,0.1453,88.61
38.50,0,109.09,0,0.1352,-19.09,1.59,1,0.1202,88.41,1.39,1,0.1476,88.61
38.60,0,109.09,0,0.1352,-19.09,1.59,1,0.1202,88.41,1.39,1,0.1476,88.61
38.72,0,129.28,0,0.1572,-39.28,1.54,1,0.1184,88.46,1.34,1,0.1497,88.66
38.82,0,129.32,0,0.1578,-39.32,1.53,1,0.1187,88.47,1.31,1,0.1491,88.69
38.94,0,146.53,0,0.1757,-56.53,1.43,1,0.1168,88.57,1.25,1,0.1512,88.75
39.04,0,161.21,1,0.1906,-71.21,1.28,1,0.1151,88.72,1.15,1,0.1523,88.85
39.14,0,161.21,1,0.1906,-71.21,1.28,1,0.1151,88.72,1.15,1,0.1523,88.85
39.24,0,173.82,1,0.2016,-83.82,1.10,1,0.1132,88.90,1.09,1,0.1540,88.91
39.34,0,175.28,1,0.2089,-85.28,1.13,1,0.1126,88.87,1.12,1,0.1543,88.88
39.45,0,175.28,1,0.2089,-85.28,0.83,1,0.1116,89.17,1.06,1,0.1568,88.94
39.55,0,175.28,1,0.2089,-85.28,0.83,1,0.1116,89.17,1.06,1,0.1568,88.94
39.66,0,165.93,1,0.2136,-75.93,0.48,1,0.1104,89.52,1.01,1,0.1599,88.99
39.76,0,165.94,1,0.2135,-75.94,0.46,1,0.1108,89.54,1.00,1,0.1599,89.00
39.87,0,157.86,1,0.2179,-67.86,0.07,1,0.1100,89.93,0.92,1,0.1621,89.08
39.98,0,150.68,1,0.2216,-60.68,0.08,1,0.1104,89.92,0.88,1,0.1611,89.12
40.10,0,150.68,1,0.2216,-60.68,0.33,1,0.1100,89.67,0.81,1,0.1633,89.19
40.22,0,143.96,1,0.2250,-53.96,0.70,1,0.1099,89.30,0.72,1,0.1646,89.28
40.34,0,143.96,1,0.2250,-53.96,0.70,1,0.1099,89.30,0.72,1,0.1646,89.28
40.45,0,137.45,1,0.2286,-47.45,1.06,1,0.1097,88.94,0.69,1,0.1666,89.31
40.55,0,137.45,1,0.2286,-47.45,1.06,1,0.1097,88.94,0.69,1,0.1666,89.31
40.66,0,130.99,0,0.2325,-40.99,1.46,1,0.1095,88.54,0.68,1,0.1692,89.32
40.76,0,130.99,0,0.2325,-40.99,1.46,1,0.1095,88.54,0.68,1,0.1692,89.32
40.87,0,124.43,0,0.2380,-34.43,1.87,1,0.1102,88.13,0.65,1,0.1713,89.35
40.97,0,124.41,0,0.2378,-34.41,1.89,1,0.1107,88.11,0.62,1,0.1710,89.38
41.07,0,117.68,0,0.2463,-27.68,2.25,1,0.1118,87.75,0.58,1,0.1725,89.42
41.17,0,117.61,0,0.2467,-27.61,2.23,1,0.1125,87.77,0.53,1,0.1713,89.47
41.28,0,110.91,0,0.2555,-20.91,2.55,1,0.1141,87.45,0.52,1,0.1734,89.48
41.38,0,104.51,0,0.2629,-14.51,2.77,1,0.1163,87.23,0.50,1,0.1744,89.50
41.49,0,104.51,0,0.2629,-14.51,2.77,1,0.1163,87.23,0.50,1,0.1744,89.50
41.59,0,98.69,0,0.2720,-8.69,2.95,1,0.1176,87.05,0.55,1,0.1765,89.45
41.71,0,88.19,0,0.2903,1.81,3.24,1,0.1236,86.76,0.52,1,0.1792,89.48
41.83,0,83.08,0,0.2939,6.92,3.25,1,0.1290,86.75,0.44,1,0.1782,89.56
41.95,0,73.55,0,0.2959,16.45,3.14,1,0.1367,86.86,0.49,1,0.1799,89.51
42.06,0,69.19,0,0.2985,20.81,3.06,1,0.1392,86.94,0.57,1,0.1815,89.43
42.17,0,60.70,0,0.2980,29.30,2.96,1,0.1467,87.04,0.61,1,0.1830,89.39
42.28,0,56.51,0,0.2943,33.49,2.90,1,0.1508,87.10,0.62,1,0.1829,89.38
42.38,0,48.69,0,0.2896,41.31,2.75,1,0.1566,87.25,0.74,1,0.1821,89.26
42.50,0,45.01,0,0.2880,44.99,2.74,1,0.1581,87.26,0.86,1,0.1830,89.14
42.61,0,37.71,0,0.2785,52.29,2.85,1,0.1617,87.15,1.08,1,0.1841,88.92
42.73,0,34.21,0,0.2730,55.79,2.89,1,0.1641,87.11,1.17,1,0.1829,88.83
42.83,0,27.48,0,0.2658,62.52,2.94,1,0.1668,87.06,1.52,1,0.1810,88.48
42.94,0,24.20,1,0.2613,65.80,3.03,1,0.1669,86.97,1.74,1,0.1813,88.26
43.05,0,20.99,1,0.2551,69.01,3.15,1,0.1671,86.85,1.96,1,0.1817,88.04
43.15,0,17.82,1,0.2487,72.18,3.27,1,0.1682,86.73,2.14,1,0.1809,87.86
43.26,0,14.66,1,0.2432,75.34,3.35,1,0.1697,86.65,2.33,1,0.1791,87.67
43.38,0,11.51,1,0.2384,78.49,3.40,1,0.1704,86.60,2.56,1,0.1773,87.44
43.48,0,11.51,1,0.2384,78.49,3.40,1,0.1704,86.60,2.56,1,0.1773,87.44
43.58,0,8.41,1,0.2331,81.59,3.49,1,0.1700,86.51,2.82,1,0.1767,87.18
43.69,0,5.36,1,0.2270,84.64,3.63,1,0.1691,86.37,3.07,1,0.1770,86.93
43.79,0,5.36,1,0.2270,84.64,3.63,1,0.1691,86.37,3.07,1,0.1770,86.93
43.90,0,2.39,1,0.2206,87.61,3.79,1,0.1690,86.21,3.27,1,0.1771,86.73
44.02,0,0.59,1,0.2143,89.41,3.93,1,0.1698,86.07,3.40,1,0.1761,86.60
44.13,0,3.60,1,0.2081,86.40,3.87,1,0.1711,86.13,3.37,1,0.1744,86.63
44.25,0,3.60,1,0.2081,86.40,4.00,1,0.1709,86.00,3.53,1,0.1743,86.47
44.36,0,6.60,1,0.2021,83.40,4.06,1,0.1712,85.94,3.68,1,0.1731,86.32
44.47,0,9.49,1,0.1962,80.51,4.14,1,0.1705,85.86,3.84,1,0.1732,86.16
44.57,0,9.49,1,0.1962,80.51,4.14,1,0.1705,85.86,3.84,1,0.1732,86.16
44.68,0,12.23,1,0.1904,77.77,4.27,1,0.1697,85.73,3.95,1,0.1741,86.05
44.79,0,14.96,1,0.1842,75.04,4.40,1,0.1698,85.60,3.98,1,0.1747,86.02
44.89,0,14.96,1,0.1842,75.04,4.40,1,0.1698,85.60,3.98,1,0.1747,86.02
45.01,0,17.74,1,0.1777,72.26,4.47,1,0.1710,85.53,3.95,1,0.1741,86.05
45.11,0,17.74,1,0.1777,72.26,4.47,1,0.1710,85.53,3.95,1,0.1741,86.05
45.22,0,20.55,1,0.1712,69.45,4.48,1,0.1722,85.52,3.92,1,0.1730,86.08
45.32,0,23.26,1,0.1654,66.74,4.48,1,0.1723,85.52,3.91,1,0.1727,86.09
45.43,0,25.84,1,0.1601,64.16,4.51,1,0.1716,85.49,3.90,1,0.1738,86.10
45.55,0,25.84,1,0.1601,64.16,4.51,1,0.1716,85.49,3.90,1,0.1738,86.10
45.66,0,28.34,1,0.1547,61.66,4.59,1,0.1711,85.41,3.82,1,0.1756,86.18
45.78,0,30.88,1,0.1487,59.12,4.64,1,0.1718,85.36,3.67,1,0.1767,86.33
45.89,0,33.51,1,0.1422,56.49,4.61,1,0.1734,85.39,3.50,1,0.1764,86.50
45.99,0,33.51,1,0.1422,56.49,4.61,1,0.1734,85.39,3.50,1,0.1764,86.50
46.10,0,36.15,1,0.1361,53.85,4.54,1,0.1745,85.46,3.36,1,0.1759,86.64
46.21,0,36.15,1,0.1361,53.85,4.54,1,0.1745,85.46,3.36,1,0.1759,86.64
46.32,0,38.72,1,0.1309,51.28,4.49,1,0.1745,85.51,3.25,1,0.1765,86.75
46.42,0,41.18,1,0.1262,48.82,4.50,1,0.1736,85.50,3.28,1,0.1771,86.72
46.54,0,41.18,1,0.1262,48.82,4.50,1,0.1738,85.50,3.13,1,0.1783,86.87
46.65,0,43.64,1,0.1210,46.36,4.53,1,0.1736,85.47,2.95,1,0.1803,87.05
46.75,0,43.64,1,0.1210,46.36,4.53,1,0.1736,85.47,2.95,1,0.1803,87.05
46.86,0,46.17,0,0.1151,43.83,4.54,1,0.1746,85.46,2.74,1,0.1812,87.26
46.98,0,48.76,0,0.1091,41.24,4.48,1,0.1761,85.52,2.53,1,0.1809,87.47
47.08,0,48.76,0,0.1091,41.24,4.48,1,0.1761,85.52,2.53,1,0.1809,87.47
47.20,0,51.29,0,0.1043,38.71,4.39,1,0.1770,85.61,2.38,1,0.1806,87.62
47.32,0,53.68,0,0.1005,36.32,4.33,1,0.1766,85.67,2.27,1,0.1814,87.73
47.43,0,53.62,0,0.1009,36.38,4.35,1,0.1757,85.65,2.30,1,0.1821,87.70
47.54,0,55.98,0,0.0967,34.02,4.33,1,0.1758,85.67,2.15,1,0.1832,87.85
47.66,0,58.30,0,0.0922,31.70,4.36,1,0.1758,85.64,1.98,1,0.1848,88.02
47.76,0,60.67,0,0.0875,29.33,4.34,1,0.1769,85.66,1.80,1,0.1854,88.20
47.86,0,63.06,0,0.0838,26.94,4.26,1,0.1781,85.74,1.64,1,0.1850,88.36
47.97,0,67.65,0,0.0794,22.35,4.12,1,0.1775,85.88,1.45,1,0.1857,88.55
48.08,0,69.84,0,0.0770,20.16,4.13,1,0.1767,85.87,1.35,1,0.1875,88.65
48.19,0,74.36,0,0.0723,15.64,4.10,1,0.1776,85.90,1.13,1,0.1894,88.87
48.30,0,76.67,0,0.0720,13.33,4.01,1,0.1783,85.99,1.08,1,0.1887,88.92
48.40,0,80.98,0,0.0730,9.02,3.87,1,0.1767,86.13,1.14,1,0.1892,88.86
48.52,0,83.08,0,0.0727,6.92,3.87,1,0.1758,86.13,1.20,1,0.1907,88.80
48.63,0,87.39,0,0.0746,2.61,3.78,1,0.1764,86.22,1.32,1,0.1910,88.68
48.74,0,89.54,1,0.0777,0.46,3.66,1,0.1766,86.34,1.41,1,0.1896,88.59
48.85,0,91.57,1,0.0806,-1.57,3.58,1,0.1750,86.42,1.59,1,0.1891,88.41
48.95,0,93.60,1,0.0829,-3.60,3.56,1,0.1746,86.44,1.74,1,0.1890,88.26
49.06,0,95.55,1,0.0844,-5.55,3.58,1,0.1736,86.42,1.90,1,0.1897,88.10
49.18,0,97.57,1,0.0869,-7.57,3.57,1,0.1735,86.43,2.03,1,0.1893,87.97
49.30,0,99.64,1,0.0911,-9.64,3.50,1,0.1740,86.50,2.17,1,0.1873,87.83
49.40,0,101.66,1,0.0958,-11.66,3.41,1,0.1741,86.59,2.34,1,0.1849,87.66
49.50,0,103.56,1,0.0997,-13.56,3.36,1,0.1738,86.64,2.38,1,0.1842,87.62
49.61,0,103.56,0,0.0997,-13.56,3.37,1,0.1734,86.63,2.55,1,0.1835,87.45
49.71,0,105.40,0,0.1024,-15.40,3.39,1,0.1720,86.61,2.78,1,0.1832,87.22
49.82,0,105.40,0,0.1024,-15.40,3.39,1,0.1720,86.61,2.78,1,0.1832,87.22
49.93,0,107.26,0,0.1050,-17.26,3.45,1,0.1709,86.55,2.97,1,0.1830,87.03
50.03,0,107.26,0,0.1050,-17.26,3.45,1,0.1709,86.55,2.97,1,0.1830,87.03
50.15,0,109.17,0,0.1087,-19.17,3.46,1,0.1708,86.54,3.12,1,0.1815,86.88
50.25,0,109.27,0,0.1103,-19.27,3.40,1,0.1724,86.60,3.09,1,0.1801,86.91
50.36,0,111.09,0,0.1139,-21.09,3.42,1,0.1714,86.58,3.29,1,0.1788,86.71
50.47,0,112.96,0,0.1191,-22.96,3.38,1,0.1716,86.62,3.51,1,0.1762,86.49
50.57,0,112.93,0,0.1193,-22.93,3.35,1,0.1711,86.65,3.55,1,0.1758,86.45
50.68,0,116.44,0,0.1257,-26.44,3.46,1,0.1690,86.54,3.99,1,0.1743,86.01
50.79,0,118.24,0,0.1292,-28.24,3.55,1,0.1691,86.45,4.10,1,0.1734,85.90
50.90,0,121.79,0,0.1385,-31.79,3.60,1,0.1689,86.40,4.45,1,0.1694,85.55
51.01,0,123.48,0,0.1433,-33.48,3.58,1,0.1683,86.42,4.70,1,0.1668,85.30
51.13,0,126.75,0,0.1496,-36.75,3.75,1,0.1659,86.25,5.04,1,0.1652,84.96
51.25,0,130.09,0,0.1574,-40.09,3.94,1,0.1657,86.06,5.22,1,0.1627,84.78
51.37,0,131.77,0,0.1628,-41.77,3.95,1,0.1666,86.05,5.34,1,0.1598,84.66
51.47,0,134.89,0,0.1705,-44.89,4.03,1,0.1647,85.97,5.63,1,0.1563,84.37
51.59,0,136.39,0,0.1729,-46.39,4.17,1,0.1631,85.83,5.70,1,0.1562,84.30
51.70,0,139.56,0,0.1811,-49.56,4.36,1,0.1639,85.64,5.71,1,0.1533,84.29
51.81,0,141.13,0,0.1863,-51.13,4.35,1,0.1647,85.65,5.76,1,0.1504,84.24
51.92,0,144.03,0,0.1930,-54.03,4.47,1,0.1623,85.53,5.85,1,0.1477,84.15
52.03,0,145.47,0,0.1954,-55.47,4.63,1,0.1611,85.37,5.81,1,0.1477,84.19
52.14,0,148.48,0,0.2037,-58.48,4.76,1,0.1626,85.24,5.66,1,0.1443,84.34
52.26,0,149.95,0,0.2086,-59.95,4.73,1,0.1632,85.27,5.62,1,0.1415,84.38
52.36,0,152.70,0,0.2144,-62.70,4.88,1,0.1609,85.12,5.53,1,0.1396,84.47
52.48,0,154.07,0,0.2167,-64.07,5.02,1,0.1602,84.98,5.40,1,0.1397,84.60
52.59,0,156.97,1,0.2251,-66.97,5.05,1,0.1622,84.95,5.11,1,0.1359,84.89
52.70,0,158.36,1,0.2297,-68.36,5.00,1,0.1627,85.00,5.02,1,0.1334,84.98
52.81,0,159.64,1,0.2327,-69.64,5.03,1,0.1619,84.97,4.94,1,0.1323,85.06
52.92,0,160.65,1,0.2343,-70.65,5.13,1,0.1607,84.87,4.80,1,0.1324,85.20
53.02,0,161.36,1,0.2358,-71.36,5.22,1,0.1605,84.78,4.61,1,0.1323,85.39
53.12,0,161.85,1,0.2379,-71.85,5.21,1,0.1615,84.79,4.40,1,0.1309,85.60
53.23,0,162.07,1,0.2404,-72.07,5.14,1,0.1629,84.86,4.25,1,0.1283,85.75
53.33,0,162.08,1,0.2416,-72.08,5.06,1,0.1637,84.94,4.30,1,0.1270,85.70
53.45,0,161.92,1,0.2420,-71.92,5.08,1,0.1634,84.92,4.14,1,0.1262,85.86
53.55,0,161.41,1,0.2417,-71.41,5.10,1,0.1626,84.90,4.03,1,0.1255,85.97
53.65,0,160.67,1,0.2396,-70.67,5.18,1,0.1616,84.82,4.02,1,0.1267,85.98
53.77,0,160.67,1,0.2396,-70.67,5.18,1,0.1616,84.82,3.86,1,0.1258,86.14
53.87,0,159.78,1,0.2370,-69.78,5.23,1,0.1617,84.77,3.65,1,0.1256,86.35
53.98,0,159.78,1,0.2370,-69.78,5.23,1,0.1617,84.77,3.65,1,0.1256,86.35
54.09,0,158.67,1,0.2348,-68.67,5.20,1,0.1629,84.80,3.44,1,0.1239,86.56
54.20,0,157.17,1,0.2322,-67.17,5.11,1,0.1645,84.89,3.46,1,0.1222,86.54
54.30,0,157.17,1,0.2322,-67.17,5.12,1,0.1642,84.88,3.31,1,0.1214,86.69
54.41,0,155.16,1,0.2271,-65.16,5.06,1,0.1644,84.94,3.22,1,0.1196,86.78
54.51,0,155.16,1,0.2271,-65.16,5.06,1,0.1644,84.94,3.22,1,0.1196,86.78
54.62,0,152.65,1,0.2187,-62.65,5.07,1,0.1637,84.93,3.11,1,0.1193,86.89
54.72,0,152.65,1,0.2187,-62.65,5.07,1,0.1637,84.93,3.11,1,0.1193,86.89
54.83,0,149.67,1,0.2076,-59.67,5.13,1,0.1629,84.87,2.95,1,0.1197,87.05
54.94,0,149.67,1,0.2076,-59.67,5.13,1,0.1629,84.87,2.95,1,0.1197,87.05
55.06,0,146.26,1,0.1958,-56.26,5.15,1,0.1632,84.85,2.76,1,0.1192,87.24
55.16,0,146.26,1,0.1958,-56.26,5.15,1,0.1632,84.85,2.76,1,0.1192,87.24
55.26,0,142.36,0,0.1839,-52.36,5.10,1,0.1645,84.90,2.60,1,0.1172,87.40
55.36,0,142.36,0,0.1839,-52.36,5.10,1,0.1645,84.90,2.60,1,0.1172,87.40
55.47,0,137.90,0,0.1712,-47.90,5.00,1,0.1656,85.00,2.53,1,0.1147,87.47
55.57,0,137.90,0,0.1712,-47.90,5.00,1,0.1656,85.00,2.53,1,0.1147,87.47
55.68,0,132.88,0,0.1561,-42.88,4.93,1,0.1658,85.07,2.49,1,0.1132,87.51
55.78,0,132.88,0,0.1561,-42.88,4.93,1,0.1658,85.07,2.49,1,0.1132,87.51
55.89,0,127.54,0,0.1398,-37.54,4.92,1,0.1650,85.08,2.43,1,0.1131,87.57
56.00,0,122.39,0,0.1252,-32.39,4.96,1,0.1643,85.04,2.32,1,0.1134,87.68
56.10,0,122.39,0,0.1252,-32.39,4.96,1,0.1643,85.04,2.32,1,0.1134,87.68
56.20,0,117.58,0,0.1132,-27.58,4.95,1,0.1646,85.05,2.19,1,0.1126,87.81
56.32,0,113.12,0,0.1047,-23.12,4.77,1,0.1671,85.23,2.17,1,0.1086,87.83
56.42,0,104.51,0,0.0857,-14.51,4.66,1,0.1669,85.34,2.19,1,0.1064,87.81
56.54,0,100.39,0,0.0765,-10.39,4.67,1,0.1658,85.33,2.19,1,0.1065,87.81
56.65,0,92.77,0,0.0624,-2.77,4.68,1,0.1650,85.32,2.11,1,0.1052,87.89
56.76,0,89.27,0,0.0572,0.73,4.59,1,0.1662,85.41,2.13,1,0.1025,87.87
56.87,0,85.82,0,0.0507,4.18,4.46,1,0.1670,85.54,2.29,1,0.1001,87.71
56.97,0,79.21,0,0.0383,10.79,4.47,1,0.1656,85.53,2.41,1,0.0992,87.59
57.09,0,76.10,0,0.0336,13.90,4.52,1,0.1645,85.48,2.43,1,0.0989,87.57
57.19,0,73.30,0,0.0309,16.70,4.44,1,0.1666,85.56,2.46,1,0.0952,87.54
57.31,0,67.71,0,0.0213,22.29,4.35,1,0.1673,85.65,2.74,1,0.0919,87.26
57.41,0,64.98,0,0.0163,25.02,4.34,1,0.1668,85.66,2.91,1,0.0912,87.09
57.51,0,59.86,0,0.0125,30.14,4.49,1,0.1647,85.51,2.93,1,0.0916,87.07
57.61,0,57.57,0,0.0113,32.43,4.56,1,0.1648,85.44,3.15,1,0.0883,86.85
57.71,0,55.36,0,0.0093,34.64,4.50,1,0.1664,85.50,3.31,1,0.0854,86.69
57.81,0,53.13,0,0.0094,36.87,4.47,1,0.1670,85.53,3.52,1,0.0835,86.48
57.92,0,50.85,0,0.0137,39.15,4.64,1,0.1644,85.36,3.66,1,0.0842,86.34
58.02,0,46.78,0,0.0190,43.22,4.84,1,0.1627,85.16,3.88,1,0.0820,86.12
58.12,0,44.95,0,0.0200,45.05,4.85,1,0.1637,85.15,3.98,1,0.0795,86.02
58.24,0,43.14,0,0.0223,46.86,4.75,1,0.1655,85.25,4.22,1,0.0763,85.78
58.34,0,39.45,0,0.0295,50.55,5.04,1,0.1624,84.96,4.53,1,0.0751,85.47
58.44,0,37.73,0,0.0322,52.27,5.22,1,0.1606,84.78,4.63,1,0.0751,85.37
58.55,0,36.17,0,0.0334,53.83,5.32,1,0.1602,84.68,4.71,1,0.0736,85.29
58.65,0,34.69,0,0.0344,55.31,5.35,1,0.1610,84.65,4.83,1,0.0710,85.17
58.75,0,31.69,0,0.0405,58.31,5.50,1,0.1607,84.50,5.23,1,0.0676,84.77
58.86,0,30.20,0,0.0436,59.80,5.67,1,0.1590,84.33,5.38,1,0.0677,84.62
58.98,0,28.90,0,0.0435,61.10,5.87,1,0.1577,84.13,5.36,1,0.0667,84.64
59.09,0,26.40,0,0.0465,63.60,6.07,1,0.1573,83.93,5.58,1,0.0632,84.42
59.20,0,25.19,0,0.0492,64.81,6.14,1,0.1577,83.86,5.74,1,0.0613,84.26
59.31,0,23.94,0,0.0523,66.06,6.23,1,0.1571,83.77,5.90,1,0.0611,84.10
59.42,0,21.63,0,0.0545,68.37,6.60,1,0.1537,83.40,5.92,1,0.0619,84.08
59.52,0,20.64,1,0.0547,69.36,6.77,1,0.1529,83.23,5.87,1,0.0605,84.13
59.63,0,19.68,1,0.0561,70.32,6.83,1,0.1535,83.17,5.88,1,0.0587,84.12
59.73,0,18.70,1,0.0586,71.30,6.85,1,0.1541,83.15,5.97,1,0.0582,84.03
59.84,0,17.70,1,0.0608,72.30,6.94,1,0.1534,83.06,6.05,1,0.0593,83.95
59.96,0,16.74,1,0.0617,73.26,7.12,1,0.1513,82.88,6.02,1,0.0606,83.98
60.07,0,15.88,1,0.0616,74.12,7.32,1,0.1493,82.68,5.92,1,0.0606,84.08
60.18,0,15.88,1,0.0616,74.12,7.32,1,0.1493,82.68,5.92,1,0.0606,84.08
60.28,0,15.12,1,0.0618,74.88,7.41,1,0.1490,82.59,5.83,1,0.0593,84.17
60.40,0,14.40,1,0.0631,75.60,7.39,1,0.1500,82.61,5.84,1,0.0584,84.16
60.50,0,13.65,1,0.0650,76.35,7.36,1,0.1504,82.64,5.91,1,0.0590,84.09
60.61,0,13.65,1,0.0650,76.35,7.36,1,0.1504,82.64,5.91,1,0.0590,84.09
60.72,0,12.87,1,0.0664,77.13,7.43,1,0.1491,82.57,5.93,1,0.0606,84.07
60.83,0,12.87,1,0.0664,77.13,7.43,1,0.1491,82.57,5.93,1,0.0606,84.07
60.93,0,12.13,1,0.0667,77.87,7.59,1,0.1468,82.41,5.84,1,0.0618,84.16
61.03,0,12.13,1,0.0667,77.87,7.59,1,0.1468,82.41,5.84,1,0.0618,84.16
61.13,0,12.13,1,0.0667,77.87,7.59,1,0.1468,82.41,5.84,1,0.0618,84.16
61.24,0,11.50,1,0.0664,78.50,7.72,1,0.1452,82.28,5.70,1,0.0617,84.30
61.35,0,10.96,1,0.0664,79.04,7.72,1,0.1453,82.28,5.62,1,0.0610,84.38
61.45,0,10.96,1,0.0664,79.04,7.72,1,0.1453,82.28,5.62,1,0.0610,84.38
61.56,0,10.45,1,0.0672,79.55,7.65,1,0.1463,82.35,5.63,1,0.0610,84.37
61.66,0,10.45,1,0.0672,79.55,7.65,1,0.1463,82.35,5.63,1,0.0610,84.37
61.77,0,9.91,1,0.0684,80.09,7.61,1,0.1463,82.39,5.65,1,0.0624,84.35
61.87,0,9.91,1,0.0684,80.09,7.61,1,0.1463,82.39,5.65,1,0.0624,84.35
61.98,0,9.32,1,0.0694,80.68,7.66,1,0.1447,82.34,5.60,1,0.0643,84.40
62.08,0,9.32,1,0.0694,80.68,7.66,1,0.1447,82.34,5.60,1,0.0643,84.40
62.18,0,8.78,1,0.0695,81.22,7.76,1,0.1425,82.24,5.47,1,0.0656,84.53
62.29,0,8.36,1,0.0688,81.64,7.80,1,0.1414,82.20,5.32,1,0.0660,84.68
62.40,0,8.36,1,0.0688,81.64,7.80,1,0.1414,82.20,5.32,1,0.0660,84.68
62.50,0,8.05,1,0.0682,81.95,7.73,1,0.1417,82.27,5.22,1,0.0660,84.78
62.61,0,8.05,1,0.0682,81.95,7.73,1,0.1417,82.27,5.22,1,0.0660,84.78
62.71,0,8.12,1,0.0686,81.88,7.63,1,0.1434,82.37,5.27,1,0.0652,84.73
62.82,0,7.74,1,0.0685,82.26,7.60,1,0.1425,82.40,5.20,1,0.0668,84.80
62.94,0,7.36,1,0.0696,82.64,7.51,1,0.1422,82.49,5.18,1,0.0687,84.82
63.05,0,7.36,1,0.0696,82.64,7.51,1,0.1422,82.49,5.18,1,0.0687,84.82
63.15,0,7.02,1,0.0701,82.98,7.44,1,0.1412,82.56,5.09,1,0.0701,84.91
63.26,0,6.70,1,0.0707,83.30,7.44,1,0.1412,82.56,5.09,1,0.0701,84.91
63.36,0,6.70,1,0.0707,83.30,7.35,1,0.1404,82.65,5.04,1,0.0720,84.96
63.46,0,6.70,1,0.0707,83.30,7.35,1,0.1404,82.65,5.04,1,0.0720,84.96
63.57,0,6.42,1,0.0708,83.58,7.23,1,0.1396,82.77,5.01,1,0.0741,84.99
63.68,0,5.99,1,0.0699,84.01,6.99,1,0.1374,83.01,4.88,1,0.0775,85.12
63.79,0,5.80,1,0.0699,84.20,6.86,1,0.1364,83.14,4.80,1,0.0799,85.20
63.89,0,5.64,1,0.0703,84.36,6.72,1,0.1355,83.28,4.72,1,0.0835,85.28
64.00,0,5.42,1,0.0695,84.58,6.56,1,0.1347,83.44,4.63,1,0.0882,85.37
64.10,0,5.63,1,0.0643,84.37,6.31,1,0.1332,83.69,4.02,1,0.0952,85.98
64.21,0,5.63,1,0.0649,84.37,5.96,1,0.1342,84.04,3.70,1,0.1006,86.30
64.33,0,5.56,1,0.0660,84.44,5.57,1,0.1344,84.43,3.39,1,0.1084,86.61
64.43,0,5.51,1,0.0655,84.49,5.17,1,0.1336,84.83,3.04,1,0.1169,86.96
64.55,0,5.51,1,0.0655,84.49,5.17,1,0.1336,84.83,3.04,1,0.1169,86.96
64.65,0,5.57,1,0.0632,84.43,4.69,1,0.1332,85.31,2.52,1,0.1233,87.48
64.76,0,5.75,1,0.0605,84.25,4.09,1,0.1347,85.91,1.79,1,0.1266,88.21
64.87,0,5.75,1,0.0605,84.25,4.09,1,0.1347,85.91,1.79,1,0.1266,88.21
64.98,0,5.96,1,0.0596,84.04,3.38,1,0.1380,86.62,1.01,1,0.1290,88.99
65.08,0,5.96,1,0.0596,84.04,3.38,1,0.1380,86.62,1.01,1,0.1290,88.99
65.19,0,6.10,1,0.0604,83.90,2.66,1,0.1415,87.34,0.29,1,0.1326,89.71
65.29,0,6.04,1,0.0613,83.96,2.65,1,0.1412,87.35,0.34,1,0.1337,89.66
65.40,0,6.18,1,0.0608,83.82,2.04,1,0.1438,87.96,0.41,1,0.1369,89.59
65.51,0,6.30,1,0.0593,83.70,1.53,1,0.1448,88.47,1.18,1,0.1397,88.82
65.61,0,6.30,1,0.0593,83.70,1.53,1,0.1448,88.47,1.18,1,0.1397,88.82
65.71,0,6.55,1,0.0562,83.45,1.07,1,0.1464,88.93,2.03,1,0.1398,87.97
65.81,0,6.55,1,0.0562,83.45,1.07,1,0.1464,88.93,2.03,1,0.1398,87.97
65.93,0,6.89,1,0.0536,83.11,0.56,1,0.1497,89.44,2.87,1,0.1381,87.13
66.04,0,7.24,1,0.0530,82.76,0.00,1,0.1540,90.00,3.56,1,0.1368,86.44
66.14,0,7.24,1,0.0530,82.76,0.00,1,0.1540,90.00,3.56,1,0.1368,86.44
66.25,0,7.52,1,0.0535,82.48,0.52,1,0.1573,89.48,4.08,1,0.1370,85.92
66.37,0,7.76,1,0.0530,82.24,0.91,1,0.1588,89.09,4.52,1,0.1380,85.48
66.47,0,7.76,1,0.0530,82.24,0.91,1,0.1588,89.09,4.52,1,0.1380,85.48
66.59,0,8.05,1,0.0505,81.95,1.17,1,0.1594,88.83,4.96,1,0.1382,85.04
66.70,0,8.46,1,0.0474,81.54,1.39,1,0.1612,88.61,5.40,1,0.1366,84.60
66.80,0,8.57,1,0.0461,81.43,1.41,1,0.1628,88.59,5.47,1,0.1348,84.53
66.91,0,8.94,1,0.0451,81.06,1.66,1,0.1646,88.34,5.70,1,0.1341,84.30
67.02,0,9.43,1,0.0444,80.57,1.95,1,0.1681,88.05,5.81,1,0.1319,84.19
67.13,0,9.43,1,0.0444,80.57,1.95,1,0.1681,88.05,5.81,1,0.1319,84.19
67.23,0,9.86,1,0.0441,80.14,2.17,1,0.1699,87.83,5.78,1,0.1309,84.22
67.35,0,10.25,1,0.0427,79.75,2.22,1,0.1700,87.78,5.70,1,0.1306,84.30
67.47,0,10.25,1,0.0427,79.75,2.22,1,0.1700,87.78,5.70,1,0.1306,84.30
67.58,0,10.70,1,0.0399,79.30,2.16,1,0.1701,87.84,5.63,1,0.1298,84.37
67.69,0,10.70,1,0.0399,79.30,2.16,1,0.1701,87.84,5.63,1,0.1298,84.37
67.79,0,11.25,1,0.0368,78.75,2.09,1,0.1716,87.91,5.50,1,0.1277,84.50
67.89,0,11.25,1,0.0368,78.75,2.09,1,0.1716,87.91,5.50,1,0.1277,84.50
68.01,0,11.89,1,0.0344,78.11,2.06,1,0.1743,87.94,5.25,1,0.1244,84.75
68.11,0,12.52,1,0.0332,77.48,2.15,1,0.1759,87.85,5.23,1,0.1228,84.77
68.22,0,12.52,1,0.0332,77.48,2.01,1,0.1763,87.99,4.85,1,0.1213,85.15
68.32,0,12.52,1,0.0332,77.48,2.01,1,0.1763,87.99,4.85,1,0.1213,85.15
68.42,0,13.09,1,0.0321,76.91,1.86,1,0.1763,88.14,4.35,1,0.1193,85.65
68.53,0,13.63,1,0.0302,76.37,1.83,1,0.1751,88.17,4.32,1,0.1205,85.68
68.64,0,13.63,1,0.0302,76.37,1.57,1,0.1752,88.43,3.83,1,0.1185,86.17
68.75,0,14.22,1,0.0275,75.78,1.18,1,0.1746,88.82,3.34,1,0.1178,86.66
68.85,0,14.22,1,0.0275,75.78,1.18,1,0.1746,88.82,3.34,1,0.1178,86.66
68.96,0,14.92,1,0.0243,75.08,0.78,1,0.1753,89.22,2.83,1,0.1159,87.17
69.06,0,14.92,1,0.0243,75.08,0.78,1,0.1753,89.22,2.83,1,0.1159,87.17
69.16,0,15.72,1,0.0214,74.28,0.41,1,0.1765,89.59,2.25,1,0.1129,87.75
69.26,0,15.79,1,0.0221,74.21,0.51,1,0.1779,89.49,2.21,1,0.1112,87.79
69.36,0,16.51,1,0.0194,73.49,0.06,1,0.1768,89.94,1.56,1,0.1099,88.44
69.47,0,17.21,1,0.0180,72.79,0.38,1,0.1756,89.62,0.82,1,0.1083,89.18
69.57,0,17.21,1,0.0180,72.79,0.38,1,0.1756,89.62,0.82,1,0.1083,89.18
69.68,0,17.88,1,0.0163,72.12,0.94,1,0.1737,89.06,0.10,1,0.1083,89.90
69.78,0,17.88,1,0.0163,72.12,0.94,1,0.1737,89.06,0.10,1,0.1083,89.90
69.90,0,18.60,1,0.0135,71.40,1.56,1,0.1724,88.44,0.56,1,0.1086,89.44
70.00,0,18.60,1,0.0135,71.40,1.56,1,0.1724,88.44,0.56,1,0.1086,89.44
70.10,0,19.47,1,0.0096,70.53,2.16,1,0.1721,87.84,1.20,1,0.1077,88.80
70.20,0,19.47,1,0.0096,70.53,2.16,1,0.1721,87.84,1.20,1,0.1077,88.80
70.31,0,20.42,1,0.0059,69.58,2.67,1,0.1723,87.33,1.89,1,0.1056,88.11
70.41,0,20.42,1,0.0059,69.58,2.67,1,0.1723,87.33,1.89,1,0.1056,88.11
70.52,0,21.34,0,0.0040,68.66,3.16,1,0.1718,86.84,2.65,1,0.1035,87.35
70.62,0,21.34,0,0.0040,68.66,3.16,1,0.1718,86.84,2.65,1,0.1035,87.35
70.72,0,21.34,0,0.0040,68.66,3.16,1,0.1718,86.84,2.65,1,0.1035,87.35
70.84,0,22.15,1,0.0028,67.85,3.70,1,0.1700,86.30,3.44,1,0.1029,86.56
70.95,0,22.94,1,0.0007,67.06,4.32,1,0.1675,85.68,4.20,1,0.1038,85.80
71.05,0,22.94,1,0.0007,67.06,4.32,1,0.1675,85.68,4.20,1,0.1038,85.80
71.16,0,22.93,1,0.0013,67.07,4.40,1,0.1673,85.60,4.13,1,0.1051,85.87
71.26,0,23.82,1,0.0033,66.18,4.96,1,0.1656,85.04,4.87,1,0.1050,85.13
71.37,0,24.85,1,0.0078,65.15,5.52,1,0.1651,84.48,5.49,1,0.1052,84.51
71.47,0,24.85,1,0.0078,65.15,5.52,1,0.1651,84.48,5.49,1,0.1052,84.51
71.58,0,25.96,1,0.0117,64.04,5.98,1,0.1653,84.02,6.14,1,0.1042,83.86
71.68,0,25.96,1,0.0117,64.04,5.98,1,0.1653,84.02,6.14,1,0.1042,83.86
71.78,0,27.00,1,0.0138,63.00,6.39,1,0.1647,83.61,6.86,1,0.1030,83.14
71.88,0,27.92,1,0.0148,62.08,6.36,1,0.1639,83.64,6.94,1,0.1026,83.06
72.00,0,27.92,1,0.0148,62.08,6.82,1,0.1625,83.18,7.61,1,0.1031,82.39
72.10,0,28.84,1,0.0171,61.16,7.31,1,0.1596,82.69,8.28,1,0.1047,81.72
72.20,0,28.84,1,0.0171,61.16,7.31,1,0.1596,82.69,8.28,1,0.1047,81.72
72.32,0,29.90,1,0.0218,60.10,7.78,1,0.1577,82.22,8.82,1,0.1068,81.18
72.43,0,31.12,1,0.0270,58.88,8.15,1,0.1576,81.85,9.29,1,0.1080,80.71
72.54,0,31.12,0,0.0270,58.88,8.15,1,0.1576,81.85,9.29,1,0.1080,80.71
72.64,0,32.36,0,0.0308,57.64,8.38,1,0.1580,81.62,9.78,1,0.1079,80.22
72.75,0,33.49,0,0.0324,56.51,8.53,1,0.1572,81.47,10.30,1,0.1077,79.70
72.86,0,33.49,0,0.0324,56.51,8.53,1,0.1572,81.47,10.30,1,0.1077,79.70
72.98,0,34.53,0,0.0338,55.47,8.68,1,0.1547,81.32,10.75,1,0.1087,79.25
73.08,0,35.59,0,0.0371,54.41,8.88,1,0.1520,81.12,10.75,1,0.1097,79.25
73.19,0,35.59,0,0.0371,54.41,8.88,1,0.1520,81.12,11.03,1,0.1113,78.97
73.30,0,36.81,0,0.0424,53.19,9.03,1,0.1507,80.97,11.13,1,0.1146,78.87
73.40,0,36.94,0,0.0441,53.06,9.03,1,0.1526,80.97,11.03,1,0.1150,78.97
73.50,0,38.14,0,0.0474,51.86,9.06,1,0.1511,80.94,11.16,1,0.1170,78.84
73.62,0,40.66,0,0.0524,49.34,8.77,1,0.1508,81.23,11.27,1,0.1179,78.73
73.74,0,41.80,0,0.0545,48.20,8.60,1,0.1483,81.40,11.20,1,0.1200,78.80
73.84,0,44.33,0,0.0635,45.67,8.26,1,0.1457,81.74,10.63,1,0.1274,79.37
73.96,0,45.76,0,0.0681,44.24,7.92,1,0.1468,82.08,10.26,1,0.1295,79.74
74.08,0,47.17,0,0.0703,42.83,7.39,1,0.1476,82.61,9.95,1,0.1291,80.05
74.20,0,49.80,0,0.0765,40.20,6.58,1,0.1449,83.42,9.11,1,0.1344,80.89
74.32,0,51.22,0,0.0822,38.78,6.28,1,0.1444,83.72,8.51,1,0.1395,81.49
74.44,0,54.13,0,0.0899,35.87,5.31,1,0.1457,84.69,7.40,1,0.1438,82.60
74.54,0,55.64,0,0.0936,34.36,4.73,1,0.1468,85.27,6.85,1,0.1445,83.15
74.64,0,56.99,0,0.0954,33.01,4.19,1,0.1450,85.81,6.41,1,0.1456,83.59
74.76,0,59.84,0,0.1026,30.16,3.31,1,0.1441,86.69,5.31,1,0.1510,84.69
74.86,0,61.34,0,0.1074,28.66,2.89,1,0.1451,87.11,4.69,1,0.1534,85.31
74.98,0,64.53,0,0.1162,25.47,1.87,1,0.1482,88.13,3.54,1,0.1541,86.46
75.08,0,66.00,0,0.1186,24.00,1.40,1,0.1476,88.60,3.08,1,0.1543,86.92
75.18,0,67.40,0,0.1209,22.60,1.05,1,0.1461,88.95,2.61,1,0.1558,87.39
75.28,0,68.95,0,0.1263,21.05,0.83,1,0.1471,89.17,1.95,1,0.1588,88.05
75.40,0,72.20,0,0.1350,17.80,0.19,1,0.1486,89.81,0.88,1,0.1588,89.12
75.50,0,73.89,0,0.1387,16.11,0.14,1,0.1492,89.86,0.44,1,0.1574,89.56
75.60,0,75.42,0,0.1409,14.58,0.38,1,0.1480,89.62,0.08,1,0.1568,89.92
75.70,0,78.45,0,0.1472,11.55,0.49,1,0.1456,89.51,0.70,1,0.1585,89.30
75.80,0,80.18,0,0.1527,9.82,0.51,1,0.1465,89.49,1.12,1,0.1587,88.88
75.90,0,81.97,0,0.1578,8.03,0.58,1,0.1478,89.42,1.47,1,0.1576,88.53
76.00,0,83.57,0,0.1599,6.43,0.68,1,0.1467,89.32,1.62,1,0.1550,88.38
76.10,0,86.64,0,0.1654,3.36,0.41,1,0.1434,89.59,1.97,1,0.1548,88.03
76.21,0,88.25,0,0.1696,1.75,0.16,1,0.1425,89.84,2.15,1,0.1556,87.85
76.33,0,89.98,0,0.1748,0.02,0.07,1,0.1431,89.93,2.33,1,0.1555,87.67
76.43,0,93.38,0,0.1825,-3.38,0.43,1,0.1427,89.57,2.39,1,0.1512,87.61
76.55,0,94.93,0,0.1844,-4.93,0.70,1,0.1402,89.30,2.28,1,0.1497,87.72
76.66,0,96.49,0,0.1878,-6.49,1.17,1,0.1382,88.83,2.25,1,0.1511,87.75
76.76,0,99.92,0,0.1961,-9.92,1.91,1,0.1371,88.09,2.04,1,0.1489,87.96
76.87,0,101.69,0,0.2006,-11.69,2.22,1,0.1372,87.78,1.89,1,0.1465,88.11
76.98,0,103.35,0,0.2035,-13.35,2.53,1,0.1358,87.47,1.63,1,0.1437,88.37
77.08,0,106.51,0,0.2079,-16.51,3.39,1,0.1305,86.61,0.94,1,0.1413,89.06
77.19,0,108.18,0,0.2118,-18.18,3.87,1,0.1297,86.13,0.68,1,0.1411,89.32
77.30,0,109.94,0,0.2167,-19.94,4.27,1,0.1301,85.73,0.41,1,0.1397,89.59
77.41,0,113.36,0,0.2238,-23.36,4.86,1,0.1284,85.14,0.43,1,0.1334,89.57
77.51,0,114.89,0,0.2254,-24.89,5.21,1,0.1257,84.79,0.96,1,0.1314,89.04
77.61,0,116.42,0,0.2275,-26.42,5.62,1,0.1235,84.38,1.44,1,0.1308,88.56
77.73,0,119.86,0,0.2363,-29.86,6.28,1,0.1239,83.72,2.25,1,0.1285,87.75
77.83,0,121.59,0,0.2404,-31.59,6.44,1,0.1240,83.56,2.75,1,0.1253,87.25
77.94,0,123.17,0,0.2427,-33.17,6.59,1,0.1226,83.41,3.36,1,0.1218,86.64
78.04,0,124.63,0,0.2436,-34.63,6.84,1,0.1211,83.16,3.97,1,0.1212,86.03
78.14,0,127.87,0,0.2500,-37.87,6.88,1,0.1277,83.12,4.75,1,0.1244,85.25
78.25,0,129.59,0,0.2547,-39.59,6.62,1,0.1339,83.38,4.95,1,0.1264,85.05
78.35,0,131.26,0,0.2584,-41.26,6.15,1,0.1406,83.85,5.13,1,0.1279,84.87
78.46,0,134.23,0,0.2616,-44.23,4.98,1,0.1551,85.02,5.24,1,0.1387,84.76
78.57,0,135.72,0,0.2636,-45.72,4.40,1,0.1640,85.60,5.02,1,0.1482,84.98
78.68,0,137.49,0,0.2693,-47.49,3.73,1,0.1764,86.27,4.56,1,0.1566,85.44
78.80,0,140.57,0,0.2749,-50.57,2.32,1,0.1936,87.68,3.85,1,0.1706,86.15
78.91,0,142.01,0,0.2766,-52.01,1.67,1,0.2005,88.33,3.53,1,0.1771,86.47
79.02,0,144.85,0,0.2793,-54.85,0.72,1,0.2121,89.28,2.76,1,0.1925,87.24
79.12,0,146.39,0,0.2828,-56.39,0.30,1,0.2189,89.70,2.32,1,0.1983,87.68
79.23,0,148.04,0,0.2879,-58.04,0.26,1,0.2266,89.74,1.95,1,0.2001,88.05
79.35,0,150.84,0,0.2913,-60.84,1.02,1,0.2345,88.98,1.51,1,0.2072,88.49
79.45,0,152.15,1,0.2918,-62.15,1.28,1,0.2371,88.72,1.34,1,0.2110,88.66
79.55,0,153.65,1,0.2951,-63.65,1.44,1,0.2424,88.56,1.04,1,0.2154,88.96
79.67,0,155.02,1,0.2969,-65.02,1.65,1,0.2455,88.35,0.90,1,0.2177,89.10
79.77,0,156.37,1,0.3008,-66.37,1.88,1,0.2502,88.12,0.72,1,0.2187,89.28
79.89,0,157.36,1,0.3035,-67.36,2.12,1,0.2534,87.88,0.65,1,0.2188,89.35
79.99,0,157.36,1,0.3035,-67.36,2.12,1,0.2534,87.88,0.65,1,0.2188,89.35
80.09,0,157.87,1,0.3045,-67.87,2.28,1,0.2549,87.72,0.66,1,0.2197,89.34
80.20,0,157.94,1,0.3049,-67.94,2.31,1,0.2559,87.69,0.67,1,0.2220,89.33
80.30,0,157.94,1,0.3049,-67.94,2.31,1,0.2559,87.69,0.67,1,0.2220,89.33
80.42,0,157.66,1,0.3069,-67.66,2.28,1,0.2582,87.72,0.62,1,0.2245,89.38
80.53,0,157.17,1,0.3128,-67.17,2.32,1,0.2636,87.68,0.49,1,0.2244,89.51
80.65,0,154.54,1,0.3177,-64.54,2.31,1,0.2669,87.69,0.64,1,0.2243,89.36
80.76,0,152.68,1,0.3182,-62.68,2.18,1,0.2661,87.82,0.83,1,0.2256,89.17
80.86,0,148.72,1,0.3248,-58.72,1.81,1,0.2687,88.19,1.05,1,0.2274,88.95
80.97,0,146.55,1,0.3292,-56.55,1.61,1,0.2713,88.39,1.13,1,0.2276,88.87
81.08,0,146.69,1,0.3309,-56.69,1.68,1,0.2730,88.32,1.08,1,0.2260,88.92
81.18,0,144.18,1,0.3330,-54.18,1.44,1,0.2732,88.56,1.28,1,0.2261,88.72
81.29,0,141.54,0,0.3352,-51.54,1.23,1,0.2731,88.77,1.54,1,0.2243,88.46
81.39,0,138.63,0,0.3356,-48.63,0.90,1,0.2713,89.10,1.85,1,0.2238,88.15
81.50,0,138.63,0,0.3356,-48.63,0.90,1,0.2713,89.10,1.85,1,0.2238,88.15
81.62,0,135.56,0,0.3359,-45.56,0.45,1,0.2692,89.55,2.13,1,0.2246,87.87
81.72,0,135.56,0,0.3359,-45.56,0.45,1,0.2692,89.55,2.13,1,0.2246,87.87
81.84,0,132.45,0,0.3371,-42.45,0.05,1,0.2679,89.95,2.34,1,0.2253,87.66
81.94,0,129.36,0,0.3388,-39.36,0.51,1,0.2668,89.49,2.53,1,0.2240,87.47
82.04,0,129.36,0,0.3388,-39.36,0.51,1,0.2668,89.49,2.53,1,0.2240,87.47
82.15,0,126.35,0,0.3397,-36.35,0.94,1,0.2640,89.06,2.78,1,0.2214,87.22
82.25,0,126.35,0,0.3397,-36.35,0.94,1,0.2640,89.06,2.78,1,0.2214,87.22
82.36,0,120.18,0,0.3361,-30.18,1.93,1,0.2518,88.07,3.45,1,0.2180,86.55
82.48,0,117.18,0,0.3339,-27.18,2.53,1,0.2452,87.47,3.74,1,0.2179,86.26
82.58,0,114.45,0,0.3337,-24.45,3.12,1,0.2395,86.88,3.96,1,0.2173,86.04
82.68,0,109.48,0,0.3337,-19.48,4.03,1,0.2282,85.97,4.36,1,0.2117,85.64
82.78,0,106.92,0,0.3308,-16.92,4.41,1,0.2213,85.59,4.61,1,0.2087,85.39
82.89,0,104.32,0,0.3273,-14.32,4.83,1,0.2137,85.17,4.85,1,0.2073,85.15
82.99,0,101.97,0,0.3267,-11.97,5.33,1,0.2079,84.67,4.93,1,0.2077,85.07
83.10,0,97.68,0,0.3251,-7.68,5.93,1,0.1968,84.07,5.15,1,0.2026,84.85
83.20,0,95.64,0,0.3232,-5.64,6.07,1,0.1919,83.93,5.27,1,0.1991,84.73
83.30,0,93.51,0,0.3197,-3.51,6.20,1,0.1860,83.80,5.44,1,0.1962,84.56
83.41,0,91.37,0,0.3165,-1.37,6.39,1,0.1796,83.61,5.60,1,0.1947,84.40
83.52,0,87.63,0,0.3147,2.37,6.87,1,0.1702,83.13,5.68,1,0.1931,84.32
83.62,0,85.98,0,0.3139,4.02,7.01,1,0.1677,82.99,5.66,1,0.1907,84.34
83.73,0,84.30,0,0.3117,5.70,7.08,1,0.1647,82.92,5.71,1,0.1873,84.29
83.83,0,82.56,0,0.3084,7.44,7.15,1,0.1601,82.85,5.80,1,0.1846,84.20
83.94,0,79.20,0,0.3045,10.80,7.47,1,0.1512,82.53,5.86,1,0.1831,84.14
84.05,0,77.77,0,0.3042,12.23,7.60,1,0.1493,82.40,5.76,1,0.1822,84.24
84.15,0,76.45,0,0.3032,13.55,7.60,1,0.1479,82.40,5.66,1,0.1798,84.34
84.26,0,75.10,0,0.3011,14.90,7.51,1,0.1453,82.49,5.63,1,0.1766,84.37
84.37,0,72.25,0,0.2962,17.75,7.41,1,0.1371,82.59,5.62,1,0.1733,84.38
84.48,0,70.94,0,0.2952,19.06,7.38,1,0.1342,82.62,5.51,1,0.1733,84.49
84.59,0,69.80,0,0.2948,20.20,7.27,1,0.1327,82.73,5.32,1,0.1725,84.68
84.70,0,68.85,0,0.2939,21.15,6.93,1,0.1322,83.07,5.17,1,0.1685,84.83
84.81,0,66.57,0,0.2902,23.43,6.43,1,0.1257,83.57,5.02,1,0.1650,84.98
84.92,0,65.40,0,0.2881,24.60,6.21,1,0.1218,83.79,4.94,1,0.1645,85.06
85.04,0,64.37,0,0.2872,25.63,6.00,1,0.1192,84.00,4.77,1,0.1646,85.23
85.15,0,62.80,0,0.2873,27.20,5.32,1,0.1174,84.68,4.36,1,0.1614,85.64
85.26,0,62.01,0,0.2859,27.99,4.89,1,0.1152,85.11,4.27,1,0.1585,85.73
85.37,0,61.11,0,0.2835,28.89,4.51,1,0.1117,85.49,4.21,1,0.1566,85.79
85.48,0,60.22,0,0.2828,29.78,4.30,1,0.1084,85.70,4.06,1,0.1577,85.94
85.59,0,58.88,0,0.2825,31.12,3.63,1,0.1051,86.37,3.73,1,0.1556,86.27
85.70,0,58.40,0,0.2827,31.60,3.23,1,0.1043,86.77,3.57,1,0.1531,86.43
85.81,0,57.83,0,0.2812,32.17,2.81,1,0.1020,87.19,3.50,1,0.1502,86.50
85.92,0,57.13,0,0.2790,32.87,2.48,1,0.0983,87.52,3.47,1,0.1486,86.53
86.04,0,55.94,0,0.2787,34.06,2.09,1,0.0926,87.91,3.24,1,0.1486,86.76
86.14,0,55.64,0,0.2801,34.36,1.85,1,0.0919,88.15,3.07,1,0.1474,86.93
86.24,0,55.38,0,0.2802,34.62,1.54,1,0.0907,88.46,2.97,1,0.1448,87.03
86.35,0,54.99,0,0.2787,35.01,1.26,1,0.0879,88.74,2.96,1,0.1420,87.04
86.46,0,54.50,0,0.2770,35.50,1.09,1,0.0839,88.91,2.98,1,0.1405,87.02
86.58,0,53.85,0,0.2782,36.15,1.02,1,0.0780,88.98,2.83,1,0.1404,87.17
86.70,0,53.78,0,0.2797,36.22,0.93,1,0.0769,89.07,2.72,1,0.1390,87.28
86.80,0,53.70,0,0.2798,36.30,0.79,1,0.0756,89.21,2.68,1,0.1365,87.32
86.91,0,53.49,0,0.2786,36.51,0.69,1,0.0739,89.31,2.72,1,0.1353,87.28
87.01,0,53.22,0,0.2776,36.78,0.71,1,0.0727,89.29,2.73,1,0.1373,87.27
87.11,0,53.11,0,0.2796,36.89,0.89,1,0.0743,89.11,2.54,1,0.1424,87.46
87.23,0,53.17,0,0.2814,36.83,0.98,1,0.0817,89.02,2.18,1,0.1493,87.82
87.34,0,53.25,0,0.2817,36.75,0.97,1,0.0880,89.03,1.99,1,0.1535,88.01
87.45,0,53.23,0,0.2810,36.77,0.99,1,0.0943,89.01,1.87,1,0.1592,88.13
87.56,0,53.18,0,0.2807,36.82,1.12,1,0.1007,88.88,1.74,1,0.1664,88.26
87.67,0,53.41,0,0.2837,36.59,1.51,1,0.1162,88.49,1.30,1,0.1810,88.70
87.78,0,53.70,0,0.2855,36.30,1.61,1,0.1252,88.39,1.08,1,0.1859,88.92
87.89,0,53.97,0,0.2862,36.03,1.66,1,0.1332,88.34,0.96,1,0.1896,89.04
88.00,0,54.14,0,0.2859,35.86,1.76,1,0.1393,88.24,0.92,1,0.1936,89.08
88.11,0,54.48,0,0.2872,35.52,2.24,1,0.1490,87.76,0.82,1,0.2039,89.18
88.22,0,54.85,0,0.2896,35.15,2.50,1,0.1549,87.50,0.71,1,0.2078,89.29
88.32,0,55.32,0,0.2917,34.68,2.70,1,0.1609,87.30,0.66,1,0.2097,89.34
88.43,0,55.76,0,0.2926,34.24,2.86,1,0.1654,87.14,0.69,1,0.2108,89.31
88.54,0,56.38,0,0.2929,33.62,3.41,1,0.1697,86.59,0.93,1,0.2157,89.07
88.65,0,56.76,0,0.2947,33.24,3.80,1,0.1723,86.20,0.99,1,0.2191,89.01
88.75,0,57.33,0,0.2975,32.67,4.15,1,0.1761,85.85,1.03,1,0.2213,88.97
88.86,0,57.99,0,0.3000,32.01,4.43,1,0.1801,85.57,1.10,1,0.2221,88.90
88.97,0,59.10,0,0.3014,30.90,4.99,1,0.1834,85.01,1.50,1,0.2241,88.50
89.08,0,59.54,0,0.3021,30.46,5.39,1,0.1839,84.61,1.71,1,0.2274,88.29
89.18,0,60.13,0,0.3045,29.87,5.81,1,0.1859,84.19,1.84,1,0.2312,88.16
89.30,0,61.75,0,0.3105,28.25,6.30,1,0.1934,83.70,2.04,1,0.2354,87.96
89.41,0,62.49,0,0.3117,27.51,6.40,1,0.1959,83.60,2.24,1,0.2369,87.76
89.52,0,63.10,0,0.3121,26.90,6.52,1,0.1976,83.48,2.46,1,0.2400,87.54
89.64,0,64.50,0,0.3163,25.50,6.74,1,0.2036,83.26,2.69,1,0.2497,87.31
89.75,0,65.44,0,0.3199,24.56,6.68,1,0.2090,83.32,2.71,1,0.2533,87.29
89.85,0,66.42,0,0.3226,23.58,6.47,1,0.2145,83.53,2.76,1,0.2557,87.24
89.95,0,67.19,0,0.3227,22.81,6.19,1,0.2176,83.81,2.93,1,0.2581,87.07
90.05,0,68.84,0,0.3264,21.16,5.79,1,0.2256,84.21,3.03,1,0.2677,86.97
90.16,0,69.82,0,0.3298,20.18,5.57,1,0.2308,84.43,2.99,1,0.2727,87.01
90.26,0,70.95,0,0.3336,19.05,5.26,1,0.2370,84.74,2.92,1,0.2762,87.08
90.36,0,72.07,0,0.3364,17.93,4.87,1,0.2425,85.13,2.90,1,0.2783,87.10
90.47,0,73.99,0,0.3390,16.01,4.23,1,0.2492,85.77,2.97,1,0.2842,87.03
90.57,0,74.99,0,0.3413,15.01,4.04,1,0.2521,85.96,2.94,1,0.2890,87.06
90.67,0,76.14,0,0.3450,13.86,3.87,1,0.2562,86.13,2.85,1,0.2931,87.15
90.77,0,77.41,0,0.3490,12.59,3.66,1,0.2611,86.34,2.75,1,0.2955,87.25
90.88,0,79.79,0,0.3534,10.21,3.19,1,0.2675,86.81,2.72,1,0.2984,87.28
90.98,0,80.85,0,0.3548,9.15,3.06,1,0.2686,86.94,2.74,1,0.3016,87.26
91.08,0,81.98,0,0.3574,8.02,3.02,1,0.2703,86.98,2.71,1,0.3057,87.29
91.18,0,83.27,0,0.3614,6.73,2.99,1,0.2734,87.01,2.61,1,0.3091,87.39
91.28,0,86.04,0,0.3683,3.96,2.79,1,0.2798,87.21,2.47,1,0.3118,87.53
91.39,0,87.26,0,0.3698,2.74,2.72,1,0.2810,87.28,2.48,1,0.3135,87.52
91.50,0,88.45,0,0.3715,1.55,2.75,1,0.2812,87.25,2.49,1,0.3170,87.51
91.61,0,91.16,0,0.3786,-1.16,2.94,1,0.2848,87.06,2.31,1,0.3248,87.69
91.73,0,92.67,0,0.3826,-2.67,2.95,1,0.2882,87.05,2.21,1,0.3267,87.79
91.84,0,95.46,0,0.3871,-5.46,2.92,1,0.2913,87.08,2.17,1,0.3304,87.83
91.95,0,96.73,0,0.3889,-6.73,3.02,1,0.2918,86.98,2.17,1,0.3345,87.83
92.06,0,98.12,0,0.3920,-8.12,3.16,1,0.2936,86.84,2.10,1,0.3392,87.90
92.18,0,101.27,0,0.4002,-11.27,3.28,1,0.3006,86.72,1.90,1,0.3446,88.10
92.29,0,102.76,0,0.4028,-12.76,3.26,1,0.3033,86.74,1.88,1,0.3460,88.12
92.40,0,105.47,0,0.4062,-15.47,3.40,1,0.3060,86.60,1.92,1,0.3529,88.08
92.52,0,106.94,0,0.4094,-16.94,3.54,1,0.3085,86.46,1.86,1,0.3574,88.14
92.62,0,108.70,0,0.4149,-18.70,3.56,1,0.3143,86.44,1.73,1,0.3591,88.27
92.74,0,111.69,0,0.4199,-21.69,3.61,1,0.3193,86.39,1.75,1,0.3636,88.25
92.86,0,112.99,0,0.4206,-22.99,3.71,1,0.3196,86.29,1.83,1,0.3673,88.17
92.97,0,115.96,0,0.4262,-25.96,3.99,1,0.3244,86.01,1.82,1,0.3745,88.18
93.08,0,117.62,0,0.4304,-27.62,4.13,1,0.3276,85.87,1.77,1,0.3770,88.23
93.19,0,120.74,0,0.4361,-30.74,4.33,1,0.3325,85.67,1.84,1,0.3792,88.16
93.31,0,122.13,0,0.4373,-32.13,4.48,1,0.3331,85.52,1.94,1,0.3817,88.06
93.42,0,125.09,0,0.4422,-35.09,5.00,1,0.3347,85.00,2.01,1,0.3890,87.99
93.53,0,126.72,0,0.4462,-36.72,5.23,1,0.3372,84.77,2.00,1,0.3908,88.00
93.64,0,128.32,0,0.4492,-38.32,5.33,1,0.3399,84.67,2.07,1,0.3899,87.93
93.75,0,131.16,0,0.4523,-41.16,5.79,1,0.3401,84.21,2.26,1,0.3950,87.74
93.87,0,132.63,0,0.4550,-42.63,6.14,1,0.3408,83.86,2.27,1,0.3998,87.73
93.99,0,135.71,0,0.4609,-45.71,6.53,1,0.3446,83.47,2.32,1,0.4042,87.68
94.10,0,137.23,0,0.4632,-47.23,6.52,1,0.3472,83.48,2.38,1,0.4039,87.62
94.21,0,139.98,0,0.4658,-49.98,6.66,1,0.3493,83.34,2.50,1,0.4104,87.50
94.32,0,141.37,0,0.4674,-51.37,6.73,1,0.3507,83.27,2.51,1,0.4149,87.49
94.43,0,144.43,0,0.4738,-54.43,6.63,1,0.3586,83.37,2.40,1,0.4210,87.60
94.55,0,145.91,0,0.4764,-55.91,6.46,1,0.3621,83.54,2.38,1,0.4223,87.62
94.65,0,147.16,0,0.4762,-57.16,6.31,1,0.3629,83.69,2.46,1,0.4249,87.54
94.76,0,149.88,0,0.4792,-59.88,6.19,1,0.3676,83.81,2.41,1,0.4326,87.59
94.87,0,151.35,0,0.4821,-61.35,6.14,1,0.3708,83.86,2.32,1,0.4360,87.68
94.98,0,154.26,0,0.4875,-64.26,5.87,1,0.3772,84.13,2.22,1,0.4386,87.78
95.08,0,155.53,0,0.4881,-65.53,5.74,1,0.3788,84.26,2.25,1,0.4405,87.75
95.19,0,156.77,0,0.4883,-66.77,5.75,1,0.3792,84.25,2.25,1,0.4453,87.75
95.29,0,159.51,0,0.4923,-69.51,5.66,1,0.3830,84.34,2.16,1,0.4506,87.84
95.41,0,160.95,0,0.4952,-70.95,5.58,1,0.3863,84.42,2.10,1,0.4516,87.90
95.51,0,163.50,0,0.4972,-73.50,5.39,1,0.3891,84.61,2.15,1,0.4539,87.85
95.62,0,164.68,0,0.4971,-74.68,5.38,1,0.3889,84.62,2.19,1,0.4571,87.81
95.73,0,167.35,0,0.5008,-77.35,5.47,1,0.3920,84.53,2.10,1,0.4627,87.90
95.85,0,168.73,0,0.5034,-78.73,5.43,1,0.3948,84.57,2.07,1,0.4633,87.93
95.95,0,171.15,0,0.5046,-81.15,5.34,1,0.3962,84.66,2.18,1,0.4654,87.82
96.07,0,172.31,0,0.5044,-82.31,5.40,1,0.3954,84.60,2.22,1,0.4686,87.78
96.18,0,174.91,0,0.5078,-84.91,5.59,1,0.3981,84.41,2.15,1,0.4739,87.85
96.28,0,176.24,0,0.5101,-86.24,5.58,1,0.4004,84.42,2.13,1,0.4744,87.87
96.40,0,178.56,0,0.5105,-88.56,5.59,1,0.4001,84.41,2.25,1,0.4770,87.75
96.52,0,179.69,0,0.5101,-89.69,5.71,1,0.3993,84.29,2.29,1,0.4804,87.71
96.62,0,177.76,0,0.5133,-87.76,5.89,1,0.4024,84.11,2.22,1,0.4854,87.78
96.74,0,176.48,0,0.5152,-86.48,5.87,1,0.4042,84.13,2.22,1,0.4858,87.78
96.85,0,174.23,0,0.5149,-84.23,5.89,1,0.4037,84.11,2.35,1,0.4888,87.65
96.96,0,173.12,1,0.5143,-83.12,6.00,1,0.4033,84.00,2.38,1,0.4923,87.62
97.06,0,171.76,1,0.5170,-81.76,6.09,1,0.4065,83.91,2.28,1,0.4947,87.72
97.16,0,170.58,1,0.5183,-80.58,6.05,1,0.4085,83.95,2.28,1,0.4950,87.72
97.27,0,169.86,1,0.5164,-79.86,6.07,1,0.4086,83.93,2.31,1,0.4971,87.69
97.39,0,169.71,1,0.5129,-79.71,6.04,1,0.4089,83.96,2.38,1,0.4976,87.62
97.51,0,170.11,1,0.5085,-80.11,6.06,1,0.4083,83.94,2.49,1,0.4993,87.51
97.61,0,170.96,1,0.5050,-80.96,6.10,1,0.4080,83.90,2.54,1,0.5014,87.46
97.72,0,172.35,1,0.5017,-82.35,6.09,1,0.4084,83.91,2.52,1,0.5015,87.48
97.83,0,174.47,1,0.4970,-84.47,5.94,1,0.4087,84.06,2.46,1,0.4983,87.54
97.95,0,177.33,1,0.4908,-87.33,5.64,1,0.4078,84.36,2.40,1,0.4925,87.60
98.06,0,179.14,1,0.4834,-89.14,5.24,1,0.4045,84.76,2.36,1,0.4858,87.64
98.17,0,179.05,1,0.4822,-89.05,5.24,1,0.4034,84.76,2.40,1,0.4862,87.60
98.28,0,175.04,1,0.4753,-85.04,4.80,1,0.3991,85.20,2.29,1,0.4789,87.71
98.38,0,170.56,1,0.4669,-80.56,4.32,1,0.3926,85.68,2.13,1,0.4706,87.87
98.48,0,165.87,1,0.4588,-75.87,3.76,1,0.3858,86.24,1.89,1,0.4590,88.11
98.59,0,165.87,1,0.4588,-75.87,3.76,1,0.3858,86.24,1.89,1,0.4590,88.11
98.70,0,161.05,1,0.4504,-71.05,3.07,1,0.3780,86.93,1.63,1,0.4440,88.37
98.81,0,156.08,1,0.4405,-66.08,2.29,1,0.3676,87.71,1.42,1,0.4274,88.58
98.93,0,150.91,1,0.4286,-60.91,1.52,1,0.3542,88.48,1.28,1,0.4116,88.72
99.03,0,150.83,1,0.4275,-60.83,1.53,1,0.3530,88.47,1.32,1,0.4122,88.68
99.15,0,145.56,1,0.4155,-55.56,0.85,1,0.3392,89.15,1.13,1,0.3971,88.87
99.25,0,140.01,1,0.4019,-50.01,0.29,1,0.3249,89.71,0.94,1,0.3836,89.06
99.36,0,134.22,1,0.3878,-44.22,0.24,1,0.3121,89.76,0.73,1,0.3698,89.27
99.47,0,128.13,0,0.3727,-38.13,0.76,1,0.2995,89.24,0.57,1,0.3550,89.43
99.57,0,128.13,0,0.3727,-38.13,0.76,1,0.2995,89.24,0.57,1,0.3550,89.43
99.68,0,121.70,0,0.3558,-31.70,1.26,1,0.2861,88.74,0.50,1,0.3404,89.50
99.78,0,121.70,0,0.3558,-31.70,1.26,1,0.2861,88.74,0.50,1,0.3404,89.50
99.89,0,114.86,0,0.3365,-24.86,1.63,1,0.2724,88.37,0.52,1,0.3277,89.48
100.00,0,107.58,0,0.3151,-17.58,1.84,1,0.2599,88.16,0.55,1,0.3173,89.45
100.11,0,107.58,0,0.3151,-17.58,1.84,1,0.2599,88.16,0.55,1,0.3173,89.45
100.22,0,100.37,0,0.2953,-10.37,1.93,1,0.2495,88.07,0.54,1,0.3078,89.46
100.33,0,100.37,0,0.2953,-10.37,1.93,1,0.2495,88.07,0.54,1,0.3078,89.46
100.43,0,93.75,0,0.2789,-3.75,1.99,1,0.2406,88.01,0.51,1,0.2971,89.49
100.53,0,87.58,0,0.2636,2.42,2.07,1,0.2317,87.93,0.52,1,0.2847,89.48
100.65,0,76.26,0,0.2329,13.74,2.02,1,0.2119,87.98,0.82,1,0.2599,89.18
100.77,0,71.18,0,0.2196,18.82,1.77,1,0.2013,88.23,1.00,1,0.2498,89.00
100.88,0,62.22,0,0.2000,27.78,1.07,1,0.1831,88.93,1.16,1,0.2292,88.84
101.00,0,58.19,0,0.1913,31.81,0.77,1,0.1754,89.23,1.25,1,0.2171,88.75
101.10,0,54.29,0,0.1808,35.71,0.52,1,0.1664,89.48,1.48,1,0.2051,88.52
101.20,0,47.12,0,0.1636,42.88,0.35,1,0.1491,89.65,1.80,1,0.1889,88.20
101.30,0,43.86,0,0.1569,46.14,0.87,1,0.1420,89.13,1.89,1,0.1826,88.11
101.41,0,40.88,0,0.1517,49.12,1.34,1,0.1370,88.66,1.95,1,0.1759,88.05
101.51,0,38.11,0,0.1466,51.89,1.74,1,0.1326,88.26,2.05,1,0.1688,87.95
101.61,0,32.78,0,0.1343,57.22,2.58,1,0.1211,87.42,2.46,1,0.1577,87.54
101.72,0,30.24,0,0.1287,59.76,3.14,1,0.1151,86.86,2.64,1,0.1548,87.36
101.82,0,27.91,0,0.1248,62.09,3.71,1,0.1106,86.29,2.73,1,0.1523,87.27
101.92,0,25.95,0,0.1239,64.05,4.12,1,0.1096,85.88,2.75,1,0.1471,87.25
102.03,0,21.93,0,0.1170,68.07,4.98,1,0.1022,85.02,3.09,1,0.1392,86.91
102.13,0,19.98,0,0.1131,70.02,5.42,1,0.0975,84.58,3.29,1,0.1361,86.71
102.24,0,18.11,0,0.1096,71.89,5.95,1,0.0931,84.05,3.40,1,0.1344,86.60
102.36,0,14.93,0,0.1078,75.07,6.86,1,0.0895,83.14,3.37,1,0.1286,86.63
102.47,0,13.52,1,0.1077,76.48,7.16,1,0.0885,82.84,3.36,1,0.1236,86.64
102.59,0,12.08,1,0.1064,77.92,7.43,1,0.0863,82.57,3.39,1,0.1187,86.61
102.69,0,12.08,1,0.1064,77.92,7.43,1,0.0863,82.57,3.39,1,0.1187,86.61
102.80,0,10.61,1,0.1041,79.39,7.75,1,0.0834,82.25,3.40,1,0.1152,86.60
102.91,0,9.20,1,0.1023,80.80,8.08,1,0.0812,81.92,3.32,1,0.1126,86.68
103.01,0,9.24,1,0.1029,80.76,8.15,1,0.0818,81.85,3.23,1,0.1136,86.77
103.11,0,7.97,1,0.1021,82.03,8.32,1,0.0810,81.68,3.13,1,0.1097,86.87
103.23,0,6.89,1,0.1035,83.11,8.37,1,0.0825,81.63,2.91,1,0.1052,87.09
103.33,0,6.89,1,0.1035,83.11,8.37,1,0.0825,81.63,2.91,1,0.1052,87.09
103.45,0,5.84,1,0.1047,84.16,8.27,1,0.0841,81.73,2.73,1,0.0996,87.27
103.55,0,5.84,1,0.1047,84.16,8.27,1,0.0841,81.73,2.73,1,0.0996,87.27
103.65,0,4.74,1,0.1045,85.26,8.15,1,0.0845,81.85,2.63,1,0.0948,87.37
103.76,0,3.60,1,0.1032,86.40,8.09,1,0.0840,81.91,2.52,1,0.0914,87.48
103.87,0,3.60,1,0.1032,86.40,8.09,1,0.0840,81.91,2.52,1,0.0914,87.48
103.98,0,2.53,1,0.1022,87.47,8.05,1,0.0843,81.95,2.33,1,0.0889,87.67
104.08,0,2.53,1,0.1022,87.47,8.05,1,0.0843,81.95,2.33,1,0.0889,87.67
104.18,0,1.61,1,0.1029,88.39,7.96,1,0.0864,82.04,2.06,1,0.0861,87.94
104.30,0,0.82,1,0.1050,89.18,7.77,1,0.0894,82.23,1.78,1,0.0820,88.22
104.40,0,0.82,1,0.1050,89.18,7.77,1,0.0894,82.23,1.78,1,0.0820,88.22
104.50,0,0.03,1,0.1068,89.97,7.49,1,0.0916,82.51,1.59,1,0.0771,88.41
104.61,0,0.82,1,0.1072,89.18,7.41,1,0.0914,82.59,1.66,1,0.0759,88.34
104.73,0,0.82,1,0.1072,89.18,7.23,1,0.0924,82.77,1.50,1,0.0730,88.50
104.84,0,1.70,1,0.1063,88.30,7.04,1,0.0926,82.96,1.41,1,0.0705,88.59
104.95,0,1.70,1,0.1063,88.30,7.04,1,0.0926,82.96,1.41,1,0.0705,88.59
105.06,0,2.51,1,0.1058,87.49,6.90,1,0.0934,83.10,1.26,1,0.0688,88.74
105.17,0,3.18,1,0.1069,86.82,6.72,1,0.0954,83.28,1.06,1,0.0666,88.94
105.27,0,3.18,1,0.1069,86.82,6.72,1,0.0954,83.28,1.06,1,0.0666,88.94
105.38,0,3.74,1,0.1093,86.26,6.46,1,0.0982,83.54,0.90,1,0.0632,89.10
105.49,0,4.30,1,0.1114,85.70,6.15,1,0.1004,83.85,0.85,1,0.0591,89.15
105.59,0,4.32,1,0.1114,85.68,6.08,1,0.0999,83.92,0.92,1,0.0580,89.08
105.71,0,4.94,1,0.1118,85.06,5.86,1,0.1012,84.14,0.88,1,0.0559,89.12
105.82,0,5.61,1,0.1110,84.39,5.65,1,0.1011,84.35,0.92,1,0.0541,89.08
105.93,0,5.65,1,0.1102,84.35,5.74,1,0.1007,84.26,0.88,1,0.0555,89.12
106.05,0,6.20,1,0.1107,83.80,5.51,1,0.1016,84.49,0.89,1,0.0529,89.11
106.15,0,6.65,1,0.1120,83.35,5.35,1,0.1037,84.65,0.82,1,0.0510,89.18
106.27,0,7.00,1,0.1144,83.00,5.10,1,0.1065,84.90,0.81,1,0.0478,89.19
106.38,0,7.00,1,0.1144,83.00,5.10,1,0.1065,84.90,0.81,1,0.0478,89.19
106.49,0,7.38,1,0.1163,82.62,4.80,1,0.1084,85.20,0.92,1,0.0439,89.08
106.60,0,7.83,1,0.1166,82.17,4.52,1,0.1085,85.48,1.10,1,0.0409,88.90
106.70,0,7.83,1,0.1166,82.17,4.52,1,0.1085,85.48,1.10,1,0.0409,88.90
106.81,0,8.31,1,0.1156,81.69,4.35,1,0.1079,85.65,1.26,1,0.0393,88.74
106.92,0,8.69,1,0.1152,81.31,4.26,1,0.1083,85.74,1.34,1,0.0385,88.66
107.02,0,8.69,1,0.1152,81.31,4.26,1,0.1083,85.74,1.34,1,0.0385,88.66
107.13,0,8.94,1,0.1165,81.06,4.13,1,0.1101,85.87,1.38,1,0.0367,88.62
107.24,0,8.94,1,0.1165,81.06,4.13,1,0.1101,85.87,1.38,1,0.0367,88.62
107.36,0,9.11,1,0.1188,80.89,3.92,1,0.1123,86.08,1.50,1,0.0334,88.50
107.47,0,9.32,1,0.1204,80.68,3.67,1,0.1134,86.33,1.73,1,0.0296,88.27
107.58,0,9.32,1,0.1204,80.68,3.67,1,0.1134,86.33,1.73,1,0.0296,88.27
107.68,0,9.60,1,0.1203,80.40,3.51,1,0.1128,86.49,1.99,1,0.0270,88.01
107.78,0,9.60,1,0.1203,80.40,3.51,1,0.1128,86.49,1.99,1,0.0270,88.01
107.90,0,9.90,1,0.1191,80.10,3.48,1,0.1117,86.52,2.22,1,0.0261,87.78
108.00,0,9.90,1,0.1191,80.10,3.48,1,0.1117,86.52,2.22,1,0.0261,87.78
108.10,0,10.09,1,0.1187,79.91,3.50,1,0.1118,86.50,2.37,1,0.0254,87.63
108.21,0,10.15,1,0.1201,79.85,3.47,1,0.1134,86.53,2.50,1,0.0235,87.50
108.31,0,10.15,1,0.1201,79.85,3.47,1,0.1134,86.53,2.50,1,0.0235,87.50
108.42,0,10.15,1,0.1223,79.85,3.35,1,0.1152,86.65,2.68,1,0.0202,87.32
108.53,0,10.19,1,0.1235,79.81,3.24,1,0.1157,86.76,2.94,1,0.0167,87.06
108.64,0,10.19,1,0.1235,79.81,3.24,1,0.1157,86.76,2.94,1,0.0167,87.06
108.75,0,10.44,1,0.1216,79.56,3.31,1,0.1133,86.69,3.51,1,0.0139,86.49
108.86,0,10.46,1,0.1213,79.54,3.43,1,0.1132,86.57,3.67,1,0.0133,86.33
108.97,0,10.34,1,0.1227,79.66,3.50,1,0.1146,86.50,3.76,1,0.0116,86.24
109.07,0,10.18,1,0.1246,79.82,3.49,1,0.1160,86.51,3.84,1,0.0094,86.16
109.18,0,10.06,1,0.1246,79.94,3.59,1,0.1145,86.41,3.97,1,0.0076,86.03
109.29,0,10.03,1,0.1231,79.97,3.75,1,0.1140,86.25,3.86,1,0.0098,86.14
109.39,0,9.87,1,0.1228,80.13,3.86,1,0.1160,86.14,3.54,1,0.0142,86.46
109.51,0,9.87,1,0.1228,80.13,3.86,1,0.1160,86.14,3.54,1,0.0142,86.46
109.62,0,9.59,1,0.1242,80.41,3.84,1,0.1197,86.16,3.06,1,0.0185,86.94
109.74,0,9.29,1,0.1260,80.71,3.71,1,0.1228,86.29,2.57,1,0.0218,87.43
109.84,0,9.29,1,0.1260,80.71,3.71,1,0.1228,86.29,2.57,1,0.0218,87.43
109.96,0,9.06,1,0.1264,80.94,3.58,1,0.1245,86.42,2.15,1,0.0252,87.85
110.07,0,8.89,1,0.1251,81.11,3.52,1,0.1261,86.48,1.79,1,0.0306,88.21
110.19,0,8.89,1,0.1251,81.11,3.52,1,0.1261,86.48,1.79,1,0.0306,88.21
110.30,0,8.70,1,0.1236,81.30,3.54,1,0.1288,86.46,1.36,1,0.0380,88.64
110.42,0,8.38,1,0.1236,81.62,3.56,1,0.1325,86.44,0.83,1,0.0450,89.17
110.53,0,8.38,1,0.1236,81.62,3.56,1,0.1325,86.44,0.83,1,0.0450,89.17
110.65,0,7.95,1,0.1251,82.05,3.51,1,0.1363,86.49,0.31,1,0.0499,89.69
110.76,0,7.52,1,0.1266,82.48,3.40,1,0.1393,86.60,0.06,1,0.0525,89.94
110.86,0,7.52,1,0.1266,82.48,3.40,1,0.1393,86.60,0.06,1,0.0525,89.94
110.96,0,7.16,1,0.1267,82.84,3.33,1,0.1412,86.67,0.27,1,0.0550,89.73
111.08,0,7.16,1,0.1267,82.84,3.33,1,0.1412,86.67,0.27,1,0.0550,89.73
111.18,0,6.86,1,0.1252,83.14,3.35,1,0.1425,86.65,0.45,1,0.0589,89.55
111.28,0,6.86,1,0.1252,83.14,3.35,1,0.1425,86.65,0.45,1,0.0589,89.55
111.39,0,6.52,1,0.1238,83.48,3.45,1,0.1442,86.55,0.71,1,0.0638,89.29
111.49,0,6.05,1,0.1240,83.95,3.55,1,0.1466,86.45,1.02,1,0.0675,88.98
111.61,0,6.05,1,0.1240,83.95,3.55,1,0.1466,86.45,1.02,1,0.0675,88.98
111.72,0,5.48,1,0.1256,84.52,3.60,1,0.1494,86.40,1.26,1,0.0692,88.74
111.82,0,5.48,1,0.1256,84.52,3.60,1,0.1494,86.40,1.26,1,0.0692,88.74
111.94,0,4.92,1,0.1269,85.08,3.60,1,0.1518,86.40,1.36,1,0.0695,88.64
112.06,0,4.44,1,0.1266,85.56,3.62,1,0.1532,86.38,1.35,1,0.0703,88.65
112.17,0,4.44,1,0.1266,85.56,3.62,1,0.1532,86.38,1.35,1,0.0703,88.65
112.29,0,4.02,1,0.1251,85.98,3.72,1,0.1535,86.28,1.35,1,0.0726,88.65
112.39,0,4.02,1,0.1251,85.98,3.72,1,0.1535,86.28,1.35,1,0.0726,88.65
112.49,0,3.54,1,0.1239,86.46,3.90,1,0.1538,86.10,1.41,1,0.0753,88.59
112.61,0,2.92,1,0.1246,87.08,4.09,1,0.1554,85.91,1.48,1,0.0768,88.52
112.71,0,2.92,1,0.1246,87.08,4.09,1,0.1554,85.91,1.48,1,0.0768,88.52
112.82,0,2.21,1,0.1264,87.79,4.21,1,0.1578,85.79,1.45,1,0.0763,88.55
112.92,0,2.21,1,0.1264,87.79,4.21,1,0.1578,85.79,1.45,1,0.0763,88.55
113.03,0,1.53,1,0.1276,88.47,4.26,1,0.1597,85.74,1.32,1,0.0752,88.68
113.13,0,1.53,1,0.1276,88.47,4.26,1,0.1597,85.74,1.32,1,0.0752,88.68
113.24,0,0.93,1,0.1272,89.07,4.33,1,0.1599,85.67,1.11,1,0.0747,88.89
113.35,0,0.93,1,0.1272,89.07,4.33,1,0.1599,85.67,1.11,1,0.0747,88.89
113.45,0,0.38,1,0.1258,89.62,4.49,1,0.1590,85.51,0.90,1,0.0754,89.10
113.55,0,0.38,1,0.1258,89.62,4.49,1,0.1590,85.51,0.90,1,0.0754,89.10
113.67,0,0.25,1,0.1252,89.75,4.73,1,0.1587,85.27,0.72,1,0.0762,89.28
113.77,0,0.25,1,0.1252,89.75,4.73,1,0.1587,85.27,0.72,1,0.0762,89.28
113.88,0,1.01,1,0.1264,88.99,4.94,1,0.1600,85.06,0.55,1,0.0758,89.45
113.98,0,1.85,1,0.1285,88.15,5.06,1,0.1620,84.94,0.34,1,0.0739,89.66
114.10,0,1.85,1,0.1285,88.15,5.06,1,0.1620,84.94,0.34,1,0.0739,89.66
114.20,0,2.65,1,0.1297,87.35,5.11,1,0.1630,84.89,0.04,1,0.0717,89.96
114.30,0,2.65,1,0.1297,87.35,5.11,1,0.1630,84.89,0.04,1,0.0717,89.96
114.41,0,3.36,1,0.1293,86.64,5.22,1,0.1623,84.78,0.33,1,0.0700,89.67
114.52,0,4.04,1,0.1282,85.96,5.46,1,0.1607,84.54,0.71,1,0.0692,89.29
114.62,0,4.04,1,0.1282,85.96,5.46,1,0.1607,84.54,0.71,1,0.0692,89.29
114.72,0,4.80,1,0.1283,85.20,5.54,1,0.1607,84.46,0.66,1,0.0706,89.34
114.82,0,4.80,1,0.1283,85.20,5.74,1,0.1602,84.26,1.04,1,0.0687,88.96
114.92,0,4.80,1,0.1283,85.20,5.74,1,0.1602,84.26,1.04,1,0.0687,88.96
115.03,0,5.70,1,0.1301,84.30,5.95,1,0.1613,84.05,1.30,1,0.0678,88.70
115.13,0,5.70,1,0.1301,84.30,5.95,1,0.1613,84.05,1.30,1,0.0678,88.70
115.23,0,6.67,1,0.1325,83.33,6.05,1,0.1630,83.95,1.59,1,0.0658,88.41
115.35,0,6.67,1,0.1325,83.33,6.05,1,0.1630,83.95,1.59,1,0.0658,88.41
115.46,0,7.58,1,0.1338,82.42,6.12,1,0.1633,83.88,1.99,1,0.0630,88.01
115.56,0,7.58,1,0.1338,82.42,6.12,1,0.1633,83.88,1.99,1,0.0630,88.01
115.66,0,7.58,1,0.1338,82.42,6.12,1,0.1633,83.88,1.99,1,0.0630,88.01
115.77,0,8.41,1,0.1335,81.59,6.26,1,0.1619,83.74,2.46,1,0.0606,87.54
115.89,0,8.41,1,0.1335,81.59,6.26,1,0.1619,83.74,2.46,1,0.0606,87.54
115.99,0,9.21,1,0.1329,80.79,6.49,1,0.1600,83.51,2.90,1,0.0595,87.10
116.11,0,9.21,1,0.1329,80.79,6.49,1,0.1600,83.51,2.90,1,0.0595,87.10
116.22,0,10.12,1,0.1338,79.88,6.72,1,0.1596,83.28,3.23,1,0.0595,86.77
116.33,0,10.12,1,0.1338,79.88,6.72,1,0.1596,83.28,3.23,1,0.0595,86.77
116.44,0,11.16,1,0.1364,78.84,6.87,1,0.1608,83.13,3.51,1,0.0590,86.49
116.54,0,11.16,1,0.1364,78.84,6.87,1,0.1608,83.13,3.51,1,0.0590,86.49
116.66,0,12.26,1,0.1392,77.74,6.93,1,0.1622,83.07,3.86,1,0.0571,86.14
116.76,0,12.26,1,0.1392,77.74,6.93,1,0.1622,83.07,3.86,1,0.0571,86.14
116.88,0,13.29,1,0.1406,76.71,6.95,1,0.1620,83.05,4.32,1,0.0543,85.68
116.99,0,13.29,1,0.1406,76.71,6.95,1,0.1620,83.05,4.32,1,0.0543,85.68
117.09,0,14.22,1,0.1407,75.78,7.04,1,0.1603,82.96,4.79,1,0.0524,85.21
117.21,0,14.22,1,0.1407,75.78,7.04,1,0.1603,82.96,4.79,1,0.0524,85.21
117.31,0,14.22,1,0.1407,75.78,7.04,1,0.1603,82.96,4.79,1,0.0524,85.21
117.42,0,15.16,1,0.1409,74.84,7.19,1,0.1586,82.81,5.18,1,0.0521,84.82
117.52,0,15.16,1,0.1409,74.84,7.19,1,0.1586,82.81,5.18,1,0.0521,84.82
117.63,0,16.21,1,0.1427,73.79,7.34,1,0.1584,82.66,5.46,1,0.0528,84.54
117.74,0,16.21,1,0.1427,73.79,7.34,1,0.1584,82.66,5.46,1,0.0528,84.54
117.84,0,17.40,1,0.1460,72.60,7.40,1,0.1598,82.60,5.70,1,0.0528,84.30
117.94,0,17.40,1,0.1460,72.60,7.40,1,0.1598,82.60,5.70,1,0.0528,84.30
118.05,0,18.62,1,0.1492,71.38,7.36,1,0.1609,82.64,5.99,1,0.0512,84.01
118.15,0,18.62,1,0.1492,71.38,7.36,1,0.1609,82.64,5.99,1,0.0512,84.01
118.26,0,19.76,1,0.1508,70.24,7.30,1,0.1604,82.70,6.35,1,0.0490,83.65
118.36,0,19.76,1,0.1508,70.24,7.30,1,0.1604,82.70,6.35,1,0.0490,83.65
118.48,0,20.81,1,0.1514,69.19,7.29,1,0.1586,82.71,6.69,1,0.0475,83.31
118.59,0,21.88,1,0.1524,68.12,7.35,1,0.1571,82.65,6.95,1,0.0474,83.05
118.71,0,21.88,1,0.1524,68.12,7.35,1,0.1571,82.65,6.95,1,0.0474,83.05
118.82,0,23.08,1,0.1552,66.92,7.41,1,0.1571,82.59,7.10,1,0.0480,82.90
118.92,0,23.08,1,0.1552,66.92,7.41,1,0.1571,82.59,7.10,1,0.0480,82.90
119.02,0,24.41,1,0.1592,65.59,7.40,1,0.1583,82.60,7.22,1,0.0481,82.78
119.14,0,25.75,1,0.1627,64.25,7.29,1,0.1592,82.71,7.40,1,0.0469,82.60
119.26,0,25.75,1,0.1627,64.25,7.29,1,0.1592,82.71,7.40,1,0.0469,82.60
119.37,0,27.00,1,0.1646,63.00,7.18,1,0.1585,82.82,7.63,1,0.0450,82.37
119.47,0,27.00,1,0.1646,63.00,7.18,1,0.1585,82.82,7.63,1,0.0450,82.37
119.59,0,28.18,1,0.1657,61.82,7.13,1,0.1567,82.87,7.86,1,0.0435,82.14
119.69,0,28.18,1,0.1657,61.82,7.13,1,0.1567,82.87,7.86,1,0.0435,82.14
119.80,0,29.39,1,0.1676,60.61,7.14,1,0.1552,82.86,8.00,1,0.0434,82.00
119.90,0,29.39,1,0.1676,60.61,7.14,1,0.1552,82.86,8.00,1,0.0434,82.00
120.01,0,30.74,0,0.1713,59.26,7.15,1,0.1555,82.85,8.01,1,0.0442,81.99
120.13,0,32.21,0,0.1759,57.79,7.05,1,0.1568,82.95,7.96,1,0.0445,82.04
120.24,0,32.21,1,0.1759,57.79,7.05,1,0.1568,82.95,7.96,1,0.0445,82.04
120.36,0,33.68,1,0.1797,56.32,6.82,1,0.1572,83.18,7.94,1,0.0436,82.06
120.46,0,33.68,1,0.1797,56.32,6.82,1,0.1572,83.18,7.94,1,0.0436,82.06
120.57,0,35.04,1,0.1819,54.96,6.56,1,0.1560,83.44,7.97,1,0.0418,82.03
120.67,0,35.04,1,0.1819,54.96,6.56,1,0.1560,83.44,7.97,1,0.0418,82.03
120.77,0,36.34,1,0.1835,53.66,6.36,1,0.1541,83.64,7.97,1,0.0402,82.03
120.87,0,36.34,1,0.1835,53.66,6.36,1,0.1541,83.64,7.97,1,0.0402,82.03
120.99,0,37.70,0,0.1863,52.30,6.21,1,0.1529,83.79,7.85,1,0.0398,82.15
121.09,0,37.70,0,0.1863,52.30,6.21,1,0.1529,83.79,7.85,1,0.0398,82.15
121.19,0,39.20,0,0.1907,50.80,6.01,1,0.1529,83.99,7.56,1,0.0401,82.44
121.30,0,39.20,0,0.1907,50.80,6.01,1,0.1529,83.99,7.56,1,0.0401,82.44
121.41,0,40.81,0,0.1957,49.19,5.71,1,0.1536,84.29,7.17,1,0.0398,82.83
121.52,0,40.81,0,0.1957,49.19,5.71,1,0.1536,84.29,7.17,1,0.0398,82.83
121.62,0,42.41,0,0.1997,47.59,5.32,1,0.1536,84.68,6.75,1,0.0378,83.25
121.72,0,42.41,0,0.1997,47.59,5.32,1,0.1536,84.68,6.75,1,0.0378,83.25
121.83,0,43.90,0,0.2022,46.10,4.95,1,0.1523,85.05,6.34,1,0.0338,83.66
121.95,0,45.33,0,0.2044,44.67,4.66,1,0.1503,85.34,5.86,1,0.0295,84.14
122.06,0,46.84,0,0.2078,43.16,4.43,1,0.1488,85.57,5.22,1,0.0266,84.78
122.16,0,48.50,0,0.2129,41.50,4.17,1,0.1486,85.83,4.46,1,0.0246,85.54
122.27,0,51.99,0,0.2224,38.01,3.42,1,0.1493,86.58,3.24,1,0.0151,86.76
122.38,0,53.62,0,0.2252,36.38,3.06,1,0.1477,86.94,2.78,1,0.0087,87.22
122.49,0,55.20,0,0.2280,34.80,2.80,1,0.1454,87.20,2.24,1,0.0062,87.76
122.59,0,56.88,0,0.2321,33.12,2.61,1,0.1437,87.39,1.62,1,0.0080,88.38
122.71,0,60.64,0,0.2433,29.36,2.10,1,0.1443,87.90,0.59,1,0.0145,89.41
122.81,0,62.51,0,0.2477,27.49,1.78,1,0.1441,88.22,0.26,1,0.0201,89.74
122.92,0,64.27,0,0.2508,25.73,1.52,1,0.1421,88.48,0.04,1,0.0261,89.96
123.03,0,66.01,0,0.2540,23.99,1.37,1,0.1393,88.63,0.37,1,0.0317,89.63
123.14,0,69.86,0,0.2647,20.14,1.19,1,0.1377,88.81,1.01,1,0.0408,88.99
123.25,0,71.93,0,0.2705,18.07,1.01,1,0.1383,88.99,1.26,1,0.0442,88.74
123.36,0,73.91,0,0.2750,16.09,0.81,1,0.1374,89.19,1.45,1,0.0476,88.55
123.47,0,75.79,0,0.2782,14.21,0.70,1,0.1347,89.30,1.58,1,0.0516,88.42
123.58,0,79.64,0,0.2867,10.36,0.77,1,0.1302,89.23,1.83,1,0.0572,88.17
123.70,0,81.77,0,0.2929,8.23,0.79,1,0.1302,89.21,2.02,1,0.0570,87.98
123.82,0,83.93,0,0.2987,6.07,0.73,1,0.1302,89.27,2.17,1,0.0560,87.83
123.94,0,87.92,0,0.3061,2.08,0.72,1,0.1255,89.28,2.17,1,0.0565,87.83
124.04,0,89.87,0,0.3098,0.13,0.88,1,0.1224,89.12,2.18,1,0.0556,87.82
124.16,0,91.94,0,0.3149,-1.94,1.07,1,0.1209,88.93,2.29,1,0.0521,87.71
124.26,0,94.12,0,0.3211,-4.12,1.20,1,0.1207,88.80,2.43,1,0.0471,87.57
124.38,0,98.37,0,0.3306,-8.37,1.36,1,0.1180,88.64,2.31,1,0.0405,87.69
124.49,0,100.32,0,0.3335,-10.32,1.53,1,0.1146,88.47,2.13,1,0.0383,87.87
124.60,0,102.29,0,0.3370,-12.29,1.80,1,0.1115,88.20,2.03,1,0.0343,87.97
124.71,0,104.38,0,0.3421,-14.38,2.10,1,0.1097,87.90,2.00,1,0.0288,88.00
124.83,0,108.71,0,0.3531,-18.71,2.49,1,0.1082,87.51,1.68,1,0.0208,88.32
124.94,0,110.71,0,0.3565,-20.71,2.66,1,0.1059,87.34,1.32,1,0.0192,88.68
125.05,0,112.63,0,0.3592,-22.63,2.92,1,0.1022,87.08,0.95,1,0.0168,89.05
125.17,0,114.65,0,0.3636,-24.65,3.33,1,0.0997,86.67,0.73,1,0.0116,89.27
125.27,0,118.74,0,0.3727,-28.74,3.88,1,0.0965,86.12,0.05,1,0.0063,89.95
125.39,0,120.80,0,0.3773,-30.80,4.07,1,0.0954,85.93,0.52,1,0.0051,89.48
125.49,0,122.72,0,0.3803,-32.72,4.26,1,0.0927,85.74,1.06,1,0.0050,88.94
125.61,0,124.55,0,0.3825,-34.55,4.54,1,0.0890,85.46,1.61,1,0.0061,88.39
125.71,0,128.39,0,0.3900,-38.39,5.22,1,0.0841,84.78,2.50,1,0.0088,87.50
125.82,0,130.41,0,0.3950,-40.41,5.44,1,0.0836,84.56,2.91,1,0.0084,87.09
125.93,0,132.34,0,0.3991,-42.34,5.58,1,0.0824,84.42,3.38,1,0.0082,86.62
126.04,0,134.11,0,0.4014,-44.11,5.72,1,0.0796,84.28,3.88,1,0.0097,86.12
126.15,0,137.59,0,0.4057,-47.59,6.26,1,0.0728,83.74,4.54,1,0.0178,85.46
126.26,0,139.45,0,0.4098,-49.45,6.51,1,0.0717,83.49,4.60,1,0.0226,85.40
126.38,0,141.33,0,0.4143,-51.33,6.64,1,0.0715,83.36,4.53,1,0.0279,85.47
126.48,0,143.06,0,0.4170,-53.06,6.59,1,0.0702,83.41,4.48,1,0.0336,85.52
126.59,0,146.33,0,0.4207,-56.33,6.51,1,0.0713,83.49,3.91,1,0.0509,86.09
126.70,0,147.98,0,0.4230,-57.98,6.30,1,0.0746,83.70,3.43,1,0.0617,86.57
126.80,0,149.73,0,0.4268,-59.73,5.88,1,0.0806,84.12,2.84,1,0.0709,87.16
126.91,0,151.47,0,0.4309,-61.47,5.21,1,0.0888,84.79,2.28,1,0.0772,87.72
127.02,0,154.59,0,0.4350,-64.59,3.50,1,0.1077,86.50,1.35,1,0.0877,88.65
127.12,0,156.06,0,0.4358,-66.06,2.68,1,0.1168,87.32,0.89,1,0.0947,89.11
127.23,0,157.61,0,0.4378,-67.61,1.90,1,0.1266,88.10,0.35,1,0.1013,89.65
127.33,0,159.36,0,0.4430,-69.36,1.01,1,0.1391,88.99,0.25,1,0.1039,89.75
127.44,0,162.34,0,0.4470,-72.34,0.63,1,0.1572,89.37,0.99,1,0.1099,89.01
127.55,0,163.72,0,0.4477,-73.72,1.36,1,0.1642,88.64,1.25,1,0.1131,88.75
127.66,0,165.12,0,0.4484,-75.12,1.88,1,0.1699,88.12,1.57,1,0.1186,88.43
127.77,0,168.07,0,0.4531,-78.07,3.00,1,0.1828,87.00,2.08,1,0.1236,87.92
127.87,0,169.57,0,0.4563,-79.57,3.56,1,0.1900,86.44,2.26,1,0.1242,87.74
127.97,0,170.96,0,0.4580,-80.96,4.10,1,0.1952,85.90,2.30,1,0.1252,87.70
128.07,0,172.19,0,0.4572,-82.19,4.47,1,0.1973,85.53,2.24,1,0.1293,87.76
128.18,0,174.93,0,0.4600,-84.93,5.03,1,0.2049,84.97,2.18,1,0.1354,87.82
128.28,0,176.38,0,0.4629,-86.38,5.27,1,0.2101,84.73,2.11,1,0.1372,87.89
128.39,0,177.79,0,0.4657,-87.79,5.55,1,0.2147,84.45,1.94,1,0.1381,88.06
128.50,0,179.69,0,0.4668,-89.69,5.91,1,0.2186,84.09,1.25,1,0.1435,88.75
128.61,0,178.45,1,0.4667,-88.45,5.89,1,0.2198,84.11,0.90,1,0.1483,89.10
128.71,0,177.11,1,0.4681,-87.11,5.81,1,0.2225,84.19,0.59,1,0.1526,89.41
128.83,0,175.78,1,0.4704,-85.78,5.77,1,0.2262,84.23,0.27,1,0.1554,89.73
128.94,0,174.84,1,0.4709,-84.84,5.75,1,0.2291,84.25,0.13,1,0.1573,89.87
129.05,0,174.49,1,0.4685,-84.49,5.66,1,0.2301,84.34,0.62,1,0.1599,89.38
129.15,0,174.49,1,0.4685,-84.49,5.66,1,0.2301,84.34,0.62,1,0.1599,89.38
129.26,0,174.59,1,0.4650,-84.59,5.45,1,0.2298,84.55,1.10,1,0.1638,88.90
129.37,0,174.59,1,0.4650,-84.59,5.45,1,0.2298,84.55,1.10,1,0.1638,88.90
129.47,0,175.05,1,0.4618,-85.05,5.13,1,0.2301,84.87,1.53,1,0.1681,88.47
129.59,0,175.05,1,0.4618,-85.05,5.13,1,0.2301,84.87,1.53,1,0.1681,88.47
129.70,0,175.90,1,0.4586,-85.90,4.78,1,0.2318,85.22,1.88,1,0.1715,88.12
129.81,0,177.27,1,0.4541,-87.27,4.46,1,0.2340,85.54,2.24,1,0.1729,87.76
129.93,0,179.19,1,0.4479,-89.19,4.14,1,0.2351,85.86,2.66,1,0.1729,87.34
130.03,0,179.19,1,0.4479,-89.19,4.14,1,0.2351,85.86,2.66,1,0.1729,87.34
130.14,0,178.44,1,0.4405,-88.44,3.73,1,0.2342,86.27,3.16,1,0.1733,86.84
130.25,0,175.70,1,0.4322,-85.70,3.18,1,0.2324,86.82,3.66,1,0.1752,86.34
130.36,0,172.69,1,0.4236,-82.69,2.53,1,0.2311,87.47,4.10,1,0.1775,85.90
130.47,0,172.69,1,0.4236,-82.69,2.53,1,0.2311,87.47,4.10,1,0.1775,85.90
130.58,0,169.44,1,0.4147,-79.44,1.86,1,0.2311,88.14,4.46,1,0.1787,85.54
130.68,0,166.01,1,0.4053,-76.01,1.23,1,0.2315,88.77,4.81,1,0.1779,85.19
130.80,0,166.01,1,0.4053,-76.01,1.23,1,0.2315,88.77,4.81,1,0.1779,85.19
130.91,0,162.43,1,0.3957,-72.43,0.62,1,0.2308,89.38,5.23,1,0.1762,84.77
131.02,0,158.69,1,0.3851,-68.69,0.04,1,0.2282,89.96,5.71,1,0.1755,84.29
131.13,0,158.60,1,0.3838,-68.60,0.06,1,0.2269,89.94,5.76,1,0.1764,84.24
131.24,0,154.72,1,0.3730,-64.72,0.80,1,0.2248,89.20,6.16,1,0.1764,83.84
131.35,0,150.57,1,0.3601,-60.57,1.63,1,0.2224,88.37,6.53,1,0.1776,83.47
131.45,0,150.57,1,0.3601,-60.57,1.63,1,0.2224,88.37,6.53,1,0.1776,83.47
131.56,0,146.29,1,0.3478,-56.29,2.45,1,0.2212,87.55,6.83,1,0.1775,83.17
131.68,0,141.83,0,0.3363,-51.83,3.19,1,0.2201,86.81,7.14,1,0.1757,82.86
131.78,0,141.83,0,0.3363,-51.83,3.19,1,0.2201,86.81,7.14,1,0.1757,82.86
131.90,0,137.03,0,0.3239,-47.03,3.86,1,0.2173,86.14,7.51,1,0.1736,82.49
132.01,0,131.72,0,0.3090,-41.72,4.53,1,0.2130,85.47,7.91,1,0.1726,82.09
132.11,0,131.72,0,0.3090,-41.72,4.53,1,0.2130,85.47,7.91,1,0.1726,82.09
132.23,0,125.91,0,0.2923,-35.91,5.25,1,0.2087,84.75,8.26,1,0.1732,81.74
132.33,0,125.91,0,0.2923,-35.91,5.25,1,0.2087,84.75,8.26,1,0.1732,81.74
132.44,0,119.99,0,0.2771,-29.99,5.99,1,0.2055,84.01,8.49,1,0.1740,81.51
132.55,0,114.50,0,0.2651,-24.50,6.03,1,0.2069,83.97,8.40,1,0.1740,81.60
132.67,0,114.64,0,0.2670,-24.64,6.60,1,0.2050,83.40,8.56,1,0.1718,81.44
132.78,0,104.49,0,0.2433,-14.49,7.56,1,0.1970,82.44,8.88,1,0.1692,81.12
132.90,0,99.73,0,0.2307,-9.73,7.97,1,0.1916,82.03,9.07,1,0.1694,80.93
133.01,0,91.37,0,0.2129,-1.37,8.68,1,0.1850,81.32,9.07,1,0.1692,80.93
133.13,0,87.78,1,0.2080,2.22,8.84,1,0.1842,81.16,8.89,1,0.1668,81.11
133.24,0,84.19,1,0.2003,5.81,8.88,1,0.1809,81.12,8.84,1,0.1648,81.16
133.35,0,80.73,1,0.1927,9.27,8.94,1,0.1778,81.06,8.73,1,0.1645,81.27
133.47,0,77.42,1,0.1846,12.58,8.87,1,0.1740,81.13,8.65,1,0.1638,81.35
133.58,0,74.27,1,0.1772,15.73,8.81,1,0.1697,81.19,8.51,1,0.1645,81.49
133.69,0,71.35,1,0.1717,18.65,8.72,1,0.1667,81.28,8.26,1,0.1652,81.74
133.79,0,71.35,1,0.1717,18.65,8.72,1,0.1667,81.28,8.26,1,0.1652,81.74
133.89,0,68.70,1,0.1676,21.30,8.49,1,0.1654,81.51,7.95,1,0.1646,82.05
133.99,0,66.20,1,0.1632,23.80,8.12,1,0.1645,81.88,7.67,1,0.1626,82.33
134.09,0,66.20,0,0.1632,23.80,8.12,1,0.1645,81.88,7.67,1,0.1626,82.33
134.20,0,63.76,0,0.1577,26.24,7.67,1,0.1624,82.33,7.45,1,0.1608,82.55
134.30,0,63.76,0,0.1577,26.24,7.67,1,0.1624,82.33,7.45,1,0.1608,82.55
134.40,0,61.34,0,0.1515,28.66,7.23,1,0.1588,82.77,7.26,1,0.1605,82.74
134.51,0,59.01,0,0.1460,30.99,6.84,1,0.1552,83.16,6.99,1,0.1616,83.01
134.61,0,59.01,0,0.1460,30.99,6.84,1,0.1552,83.16,6.99,1,0.1616,83.01
134.73,0,56.87,0,0.1423,33.13,6.44,1,0.1533,83.56,6.63,1,0.1624,83.37
134.83,0,56.87,0,0.1423,33.13,6.44,1,0.1533,83.56,6.63,1,0.1624,83.37
134.94,0,54.95,0,0.1397,35.05,5.94,1,0.1529,84.06,6.18,1,0.1613,83.82
135.05,0,53.15,0,0.1367,36.85,5.32,1,0.1524,84.68,5.74,1,0.1589,84.26
135.15,0,51.34,0,0.1325,38.66,4.67,1,0.1505,85.33,5.34,1,0.1573,84.66
135.25,0,47.71,0,0.1234,42.29,4.17,1,0.1463,85.83,4.95,1,0.1587,85.05
135.35,0,46.11,0,0.1210,43.89,3.14,1,0.1429,86.86,3.92,1,0.1584,86.08
135.45,0,44.70,0,0.1196,45.30,2.59,1,0.1430,87.41,3.35,1,0.1568,86.65
135.57,0,43.37,0,0.1172,46.63,1.88,1,0.1424,88.12,2.91,1,0.1532,87.09
135.67,0,40.48,0,0.1104,49.52,0.90,1,0.1370,89.10,2.06,1,0.1528,87.94
135.77,0,39.09,0,0.1073,50.91,0.52,1,0.1343,89.48,1.62,1,0.1534,88.38
135.88,0,37.86,0,0.1060,52.14,0.16,1,0.1331,89.84,1.13,1,0.1532,88.87
135.99,0,35.72,0,0.1044,54.28,0.69,1,0.1319,89.31,0.32,1,0.1492,89.68
136.10,0,34.59,0,0.1019,55.41,1.07,1,0.1293,88.93,0.05,1,0.1475,89.95
136.21,0,33.41,0,0.0987,56.59,1.31,1,0.1256,88.69,0.18,1,0.1471,89.82
136.32,0,31.34,0,0.0960,58.66,1.56,1,0.1208,88.44,0.76,1,0.1473,89.24
136.42,0,30.50,0,0.0964,59.50,1.71,1,0.1200,88.29,1.02,1,0.1453,88.98
136.52,0,29.66,0,0.0959,60.34,1.88,1,0.1181,88.12,1.17,1,0.1425,88.83
136.63,0,28.66,1,0.0927,61.34,1.94,1,0.1133,88.06,1.17,1,0.1411,88.83
136.73,0,27.74,1,0.0911,62.26,1.84,1,0.1098,88.16,1.27,1,0.1412,88.73
136.85,0,26.91,1,0.0900,63.09,1.77,1,0.1065,88.23,1.30,1,0.1399,88.70
136.97,0,26.18,1,0.0903,63.82,1.61,1,0.1043,88.39,1.39,1,0.1390,88.61
137.07,0,25.56,1,0.0912,64.44,1.50,1,0.1028,88.50,1.43,1,0.1364,88.57
137.17,0,24.92,1,0.0912,65.08,1.41,1,0.1002,88.59,1.35,1,0.1330,88.65
137.28,0,24.19,1,0.0897,65.81,1.24,1,0.0959,88.76,1.17,1,0.1306,88.83
137.38,0,24.19,1,0.0897,65.81,1.24,1,0.0959,88.76,1.17,1,0.1306,88.83
137.48,0,23.44,1,0.0878,66.56,0.94,1,0.0909,89.06,0.98,1,0.1297,89.02
137.59,0,22.78,1,0.0871,67.22,0.56,1,0.0871,89.44,0.85,1,0.1294,89.15
137.71,0,22.26,1,0.0881,67.74,0.20,1,0.0852,89.80,0.74,1,0.1278,89.26
137.81,0,22.26,1,0.0881,67.74,0.20,1,0.0852,89.80,0.74,1,0.1278,89.26
137.92,0,21.83,1,0.0894,68.17,0.07,1,0.0836,89.93,0.58,1,0.1246,89.42
138.02,0,20.84,1,0.0888,69.16,0.27,1,0.0800,89.73,0.22,1,0.1202,89.78
138.13,0,20.28,1,0.0873,69.72,1.10,1,0.0721,88.90,0.42,1,0.1172,89.58
138.24,0,20.26,1,0.0873,69.74,1.19,1,0.0721,88.81,0.37,1,0.1185,89.63
138.36,0,19.81,1,0.0870,70.19,1.61,1,0.0689,88.39,0.70,1,0.1165,89.30
138.47,0,19.49,1,0.0883,70.51,2.08,1,0.0670,87.92,0.95,1,0.1145,89.05
138.59,0,19.24,1,0.0900,70.76,2.47,1,0.0655,87.53,1.26,1,0.1110,88.74
138.69,0,19.24,1,0.0900,70.76,2.47,1,0.0655,87.53,1.26,1,0.1110,88.74
138.80,0,18.96,1,0.0906,71.04,2.84,1,0.0631,87.16,1.67,1,0.1071,88.33
138.90,0,18.96,1,0.0906,71.04,2.84,1,0.0631,87.16,1.67,1,0.1071,88.33
139.02,0,18.59,1,0.0897,71.41,3.30,1,0.0592,86.70,2.13,1,0.1046,87.87
139.14,0,18.59,1,0.0897,71.41,3.30,1,0.0592,86.70,2.13,1,0.1046,87.87
139.24,0,18.21,1,0.0885,71.79,3.87,1,0.0548,86.13,2.55,1,0.1035,87.45
139.34,0,18.21,1,0.0885,71.79,3.87,1,0.0548,86.13,2.55,1,0.1035,87.45
139.45,0,17.94,1,0.0886,72.06,4.48,1,0.0518,85.52,2.89,1,0.1027,87.11
139.55,0,17.94,1,0.0886,72.06,4.48,1,0.0518,85.52,2.89,1,0.1027,87.11
139.66,0,17.81,1,0.0902,72.19,5.01,1,0.0505,84.99,3.19,1,0.1005,86.81
139.76,0,17.81,1,0.0902,72.19,5.01,1,0.0505,84.99,3.19,1,0.1005,86.81
139.86,0,17.81,1,0.0902,72.19,5.01,1,0.0505,84.99,3.19,1,0.1005,86.81
139.97,0,17.74,1,0.0922,72.26,5.45,1,0.0493,84.55,3.54,1,0.0969,86.46
140.08,0,17.74,1,0.0922,72.26,5.45,1,0.0493,84.55,3.54,1,0.0969,86.46
140.20,0,17.62,1,0.0929,72.38,5.88,1,0.0469,84.12,3.98,1,0.0932,86.02
140.30,0,17.62,1,0.0929,72.38,5.88,1,0.0469,84.12,3.98,1,0.0932,86.02
140.41,0,17.41,1,0.0921,72.59,6.38,1,0.0433,83.62,4.45,1,0.0910,85.55
140.51,0,17.41,1,0.0921,72.59,6.38,1,0.0433,83.62,4.45,1,0.0910,85.55
140.62,0,17.21,1,0.0911,72.79,6.96,1,0.0394,83.04,4.86,1,0.0903,85.14
140.72,0,17.21,1,0.0911,72.79,6.96,1,0.0394,83.04,4.86,1,0.0903,85.14
140.84,0,17.13,1,0.0915,72.87,7.51,1,0.0365,82.49,5.18,1,0.0896,84.82
140.95,0,17.19,1,0.0936,72.81,7.96,1,0.0352,82.04,5.47,1,0.0876,84.53
141.06,0,17.19,1,0.0936,72.81,7.96,1,0.0352,82.04,5.47,1,0.0876,84.53
141.17,0,17.30,1,0.0958,72.70,8.28,1,0.0346,81.72,5.82,1,0.0845,84.18
141.27,0,17.30,1,0.0958,72.70,8.28,1,0.0346,81.72,5.82,1,0.0845,84.18
141.37,0,17.34,1,0.0964,72.66,8.56,1,0.0331,81.44,6.24,1,0.0817,83.76
141.48,0,17.34,1,0.0964,72.66,8.56,1,0.0331,81.44,6.24,1,0.0817,83.76
141.58,0,17.29,1,0.0956,72.71,8.88,1,0.0298,81.12,6.63,1,0.0805,83.37
141.68,0,17.29,1,0.0956,72.71,8.88,1,0.0298,81.12,6.63,1,0.0805,83.37
141.79,0,17.27,1,0.0949,72.73,9.26,1,0.0262,80.74,6.92,1,0.0806,83.08
141.91,0,17.27,1,0.0949,72.73,9.26,1,0.0262,80.74,6.92,1,0.0806,83.08
142.01,0,17.27,1,0.0949,72.73,9.26,1,0.0262,80.74,6.92,1,0.0806,83.08
142.11,0,17.27,1,0.0949,72.73,9.26,1,0.0262,80.74,6.92,1,0.0806,83.08
142.22,0,17.38,1,0.0959,72.62,9.59,1,0.0242,80.41,7.10,1,0.0807,82.90
142.34,0,17.63,1,0.0984,72.37,9.77,1,0.0242,80.23,7.25,1,0.0799,82.75
142.45,0,17.63,1,0.0984,72.37,9.77,1,0.0242,80.23,7.25,1,0.0799,82.75
142.57,0,17.90,1,0.1005,72.10,9.81,1,0.0247,80.19,7.42,1,0.0785,82.58
142.68,0,18.08,1,0.1010,71.92,9.81,1,0.0243,80.19,7.58,1,0.0777,82.42
142.80,0,18.08,1,0.1010,71.92,9.81,1,0.0243,80.19,7.58,1,0.0777,82.42
142.90,0,18.20,1,0.1002,71.80,9.86,1,0.0225,80.14,7.68,1,0.0780,82.32
143.01,0,18.20,1,0.1002,71.80,9.86,1,0.0225,80.14,7.68,1,0.0780,82.32
143.11,0,18.36,1,0.1000,71.64,9.93,1,0.0203,80.07,7.64,1,0.0797,82.36
143.23,0,18.36,1,0.1000,71.64,9.93,1,0.0203,80.07,7.64,1,0.0797,82.36
143.34,0,18.67,1,0.1016,71.33,9.91,1,0.0190,80.09,7.47,1,0.0818,82.53
143.44,0,18.67,1,0.1016,71.33,9.91,1,0.0190,80.09,7.47,1,0.0818,82.53
143.55,0,19.09,1,0.1044,70.91,9.72,1,0.0193,80.28,7.25,1,0.0832,82.75
143.65,0,19.09,1,0.1044,70.91,9.72,1,0.0193,80.28,7.25,1,0.0832,82.75
143.76,0,19.51,1,0.1065,70.49,9.36,1,0.0201,80.64,7.04,1,0.0837,82.96
143.87,0,19.51,1,0.1065,70.49,9.36,1,0.0201,80.64,7.04,1,0.0837,82.96
143.98,0,19.85,1,0.1069,70.15,8.94,1,0.0197,81.06,6.81,1,0.0849,83.19
144.08,0,19.85,1,0.1069,70.15,8.94,1,0.0197,81.06,6.81,1,0.0849,83.19
144.18,0,20.13,1,0.1064,69.87,8.52,1,0.0174,81.48,6.46,1,0.0880,83.54
144.29,0,20.13,1,0.1064,69.87,8.52,1,0.0174,81.48,6.46,1,0.0880,83.54
144.40,0,20.48,1,0.1069,69.52,8.08,1,0.0150,81.92,5.91,1,0.0933,84.09
144.50,0,20.97,1,0.1091,69.03,7.56,1,0.0144,82.44,5.82,1,0.0943,84.18
144.60,0,20.97,1,0.1091,69.03,7.56,1,0.0144,82.44,5.21,1,0.0988,84.79
144.70,0,20.97,1,0.1091,69.03,7.56,1,0.0144,82.44,5.21,1,0.0988,84.79
144.82,0,21.56,1,0.1120,68.44,6.94,1,0.0157,83.06,4.47,1,0.1031,85.53
144.92,0,21.56,1,0.1120,68.44,6.94,1,0.0157,83.06,4.47,1,0.1031,85.53
145.03,0,22.14,1,0.1141,67.86,6.23,1,0.0170,83.77,3.75,1,0.1074,86.25
145.13,0,22.14,1,0.1141,67.86,6.23,1,0.0170,83.77,3.75,1,0.1074,86.25
145.23,0,22.14,1,0.1141,67.86,6.23,1,0.0170,83.77,3.75,1,0.1074,86.25
145.36,0,22.63,1,0.1146,67.37,5.53,1,0.0172,84.47,3.03,1,0.1138,86.97
145.46,0,22.63,1,0.1146,67.37,5.53,1,0.0172,84.47,3.03,1,0.1138,86.97
145.57,0,23.08,1,0.1146,66.92,4.90,1,0.0168,85.10,2.28,1,0.1217,87.72
145.67,0,23.08,1,0.1146,66.92,4.90,1,0.0168,85.10,2.28,1,0.1217,87.72
145.77,0,23.61,1,0.1157,66.39,4.31,1,0.0182,85.69,1.45,1,0.1299,88.55
145.87,0,23.61,1,0.1157,66.39,4.31,1,0.0182,85.69,1.45,1,0.1299,88.55
145.97,0,24.28,1,0.1185,65.72,3.67,1,0.0221,86.33,0.60,1,0.1375,89.40
146.08,0,24.28,1,0.1185,65.72,3.67,1,0.0221,86.33,0.60,1,0.1375,89.40
146.20,0,25.04,1,0.1217,64.96,2.91,1,0.0264,87.09,0.19,1,0.1439,89.81
146.31,0,25.13,1,0.1225,64.87,2.79,1,0.0269,87.21,0.18,1,0.1421,89.82
146.42,0,25.77,1,0.1238,64.23,2.09,1,0.0294,87.91,0.84,1,0.1498,89.16
146.54,0,26.42,1,0.1245,63.58,1.35,1,0.0313,88.65,1.37,1,0.1559,88.63
146.64,0,26.42,1,0.1245,63.58,1.35,1,0.0313,88.65,1.37,1,0.1559,88.63
146.75,0,27.05,1,0.1251,62.95,0.74,1,0.0336,89.26,1.86,1,0.1627,88.14
146.85,0,27.05,1,0.1251,62.95,0.74,1,0.0336,89.26,1.86,1,0.1627,88.14
146.95,0,27.76,1,0.1270,62.24,0.21,1,0.0374,89.79,2.35,1,0.1691,87.65
147.05,0,27.76,1,0.1270,62.24,0.21,1,0.0374,89.79,2.35,1,0.1691,87.65
147.16,0,28.61,1,0.1302,61.39,0.36,1,0.0423,89.64,2.83,1,0.1741,87.17
147.26,0,28.61,1,0.1302,61.39,0.36,1,0.0423,89.64,2.83,1,0.1741,87.17
147.38,0,29.54,1,0.1336,60.46,0.98,1,0.0465,89.02,3.24,1,0.1777,86.76
147.48,0,30.43,1,0.1360,59.57,1.09,1,0.0464,88.91,3.22,1,0.1759,86.78
147.58,0,30.43,1,0.1360,59.57,1.60,1,0.0490,88.40,3.52,1,0.1803,86.48
147.68,0,31.24,1,0.1372,58.76,2.13,1,0.0505,87.87,3.69,1,0.1832,86.31
147.80,0,31.24,1,0.1372,58.76,2.13,1,0.0505,87.87,3.69,1,0.1832,86.31
147.91,0,32.02,1,0.1383,57.98,2.51,1,0.0528,87.49,3.82,1,0.1870,86.18
148.01,0,32.90,1,0.1406,57.10,2.80,1,0.0564,87.20,3.99,1,0.1907,86.01
148.12,0,32.90,1,0.1406,57.10,2.80,1,0.0564,87.20,3.99,1,0.1907,86.01
148.24,0,33.92,1,0.1443,56.08,3.13,1,0.0602,86.87,4.16,1,0.1930,85.84
148.35,0,33.92,0,0.1443,56.08,3.13,1,0.0602,86.87,4.16,1,0.1930,85.84
148.47,0,35.01,0,0.1482,54.99,3.53,1,0.0629,86.47,4.24,1,0.1939,85.76
148.58,0,36.06,0,0.1509,53.94,3.90,1,0.0644,86.10,4.21,1,0.1941,85.79
148.68,0,36.06,0,0.1509,53.94,3.90,1,0.0644,86.10,4.21,1,0.1941,85.79
148.78,0,37.01,0,0.1524,52.99,4.11,1,0.0653,85.89,4.07,1,0.1951,85.93
148.88,0,37.01,0,0.1524,52.99,4.11,1,0.0653,85.89,4.07,1,0.1951,85.93
149.00,0,37.95,0,0.1539,52.05,4.19,1,0.0665,85.81,3.93,1,0.1972,86.07
149.10,0,37.95,0,0.1539,52.05,4.19,1,0.0665,85.81,3.93,1,0.1972,86.07
149.20,0,38.99,0,0.1568,51.01,4.23,1,0.0685,85.77,3.83,1,0.1992,86.17
149.32,0,40.18,0,0.1611,49.82,4.30,1,0.0708,85.70,3.72,1,0.1997,86.28
149.42,0,41.43,0,0.1654,48.57,4.40,1,0.0726,85.60,3.51,1,0.1987,86.49
149.53,0,43.72,0,0.1700,46.28,4.43,1,0.0724,85.57,2.78,1,0.1969,87.22
149.63,0,44.80,0,0.1718,45.20,4.27,1,0.0724,85.73,2.40,1,0.1977,87.60
149.74,0,46.01,0,0.1755,43.99,4.06,1,0.0737,85.94,2.07,1,0.1984,87.93
149.84,0,47.39,0,0.1807,42.61,3.89,1,0.0755,86.11,1.75,1,0.1976,88.25
149.95,0,50.10,0,0.1880,39.90,3.61,1,0.0756,86.39,0.82,1,0.1932,89.18
150.06,0,51.29,0,0.1896,38.71,3.34,1,0.0742,86.66,0.27,1,0.1922,89.73
150.16,0,52.50,0,0.1921,37.50,2.96,1,0.0737,87.04,0.25,1,0.1925,89.75
150.26,0,54.01,0,0.1985,35.99,2.58,1,0.0762,87.42,0.62,1,0.1920,89.38
150.36,0,56.85,0,0.2063,33.15,1.89,1,0.0760,88.11,1.72,1,0.1881,88.28
150.47,0,58.21,0,0.2087,31.79,1.58,1,0.0742,88.42,2.37,1,0.1854,87.63
150.57,0,59.48,0,0.2106,30.52,1.14,1,0.0723,88.86,3.04,1,0.1842,86.96
150.67,0,60.82,0,0.2139,29.18,0.58,1,0.0719,89.42,3.65,1,0.1842,86.35
150.78,0,63.94,0,0.2242,26.06,0.45,1,0.0735,89.55,4.77,1,0.1816,85.23
150.88,0,65.51,0,0.2282,24.49,0.85,1,0.0725,89.15,5.41,1,0.1782,84.59
150.98,0,66.96,0,0.2308,23.04,1.31,1,0.0703,88.69,6.14,1,0.1754,83.86
151.09,0,68.32,0,0.2332,21.68,1.99,1,0.0689,88.01,6.83,1,0.1757,83.17
151.19,0,71.51,0,0.2422,18.49,3.22,1,0.0686,86.78,8.03,1,0.1735,81.97
151.30,0,73.18,0,0.2473,16.82,3.78,1,0.0685,86.22,8.57,1,0.1710,81.43
151.42,0,74.81,0,0.2513,15.19,4.30,1,0.0670,85.70,9.18,1,0.1677,80.82
151.52,0,77.82,0,0.2568,12.18,5.54,1,0.0629,84.46,10.37,1,0.1647,79.63
151.63,0,79.36,0,0.2605,10.64,6.27,1,0.0626,83.73,10.81,1,0.1650,79.19
151.74,0,81.01,0,0.2654,8.99,6.94,1,0.0630,83.06,11.14,1,0.1645,78.86
151.85,0,84.38,0,0.2744,5.62,7.98,1,0.0611,82.02,11.74,1,0.1598,78.26
151.95,0,85.93,0,0.2771,4.07,8.50,1,0.0589,81.50,12.02,1,0.1584,77.98
152.06,0,87.44,0,0.2796,2.56,9.09,1,0.0576,80.91,12.20,1,0.1589,77.80
152.16,0,89.16,0,0.2850,0.84,9.69,1,0.0594,80.31,12.13,1,0.1604,77.87
152.27,0,92.56,0,0.2935,-2.56,10.39,1,0.0589,79.61,11.97,1,0.1592,78.03
152.37,0,94.29,0,0.2974,-4.29,10.58,1,0.0576,79.42,11.82,1,0.1578,78.18
152.47,0,95.90,0,0.3000,-5.90,10.77,1,0.0562,79.23,11.63,1,0.1579,78.37
152.57,0,97.46,0,0.3024,-7.46,10.97,1,0.0563,79.03,11.34,1,0.1597,78.66
152.68,0,100.91,0,0.3114,-10.91,11.02,1,0.0606,78.98,10.37,1,0.1630,79.63
152.78,0,102.74,0,0.3165,-12.74,10.78,1,0.0619,79.22,9.80,1,0.1627,80.20
152.88,0,104.44,0,0.3200,-14.44,10.45,1,0.0622,79.55,9.28,1,0.1625,80.72
152.99,0,105.99,0,0.3221,-15.99,10.14,1,0.0628,79.86,8.76,1,0.1637,81.24
153.09,0,109.24,0,0.3285,-19.24,9.56,1,0.0681,80.44,7.47,1,0.1687,82.53
153.20,0,111.04,0,0.3335,-21.04,9.13,1,0.0712,80.87,6.68,1,0.1695,83.32
153.31,0,112.82,0,0.3380,-22.82,8.49,1,0.0728,81.51,5.93,1,0.1675,84.07
153.43,0,116.02,0,0.3431,-26.02,7.46,1,0.0763,82.54,4.44,1,0.1697,85.56
153.53,0,117.60,0,0.3455,-27.60,6.96,1,0.0781,83.04,3.64,1,0.1718,86.36
153.64,0,119.44,0,0.3513,-29.44,6.42,1,0.0825,83.58,2.67,1,0.1725,87.33
153.74,0,122.85,0,0.3586,-32.85,4.96,1,0.0866,85.04,1.10,1,0.1713,88.90
153.84,0,124.46,0,0.3613,-34.46,4.15,1,0.0880,85.85,0.41,1,0.1713,89.59
153.95,0,125.99,0,0.3630,-35.99,3.41,1,0.0890,86.59,0.27,1,0.1741,89.73
154.05,0,127.65,0,0.3663,-37.65,2.79,1,0.0923,87.21,1.08,1,0.1790,88.92
154.16,0,131.00,0,0.3736,-41.00,1.29,1,0.0990,88.71,2.41,1,0.1849,87.59
154.26,0,132.68,0,0.3776,-42.68,0.48,1,0.1029,89.52,2.92,1,0.1879,87.08
154.36,0,134.26,0,0.3800,-44.26,0.30,1,0.1055,89.70,3.27,1,0.1925,86.73
154.46,0,135.76,0,0.3814,-45.76,0.94,1,0.1076,89.06,3.52,1,0.1988,86.48
154.57,0,138.91,0,0.3870,-48.91,1.93,1,0.1159,88.07,3.88,1,0.2107,86.12
154.67,0,140.61,0,0.3914,-50.61,2.45,1,0.1213,87.55,3.92,1,0.2142,86.08
154.77,0,142.23,0,0.3950,-52.23,2.96,1,0.1254,87.04,3.82,1,0.2168,86.18
154.87,0,143.62,0,0.3956,-53.62,3.36,1,0.1269,86.64,3.52,1,0.2209,86.48
154.98,0,146.63,0,0.3998,-56.63,3.73,1,0.1341,86.27,2.94,1,0.2291,87.06
155.08,0,148.22,0,0.4033,-58.22,3.79,1,0.1389,86.21,2.61,1,0.2322,87.39
155.18,0,149.83,0,0.4074,-59.83,3.88,1,0.1436,86.12,2.23,1,0.2334,87.77
155.28,0,152.77,0,0.4119,-62.77,4.01,1,0.1460,85.99,1.68,1,0.2332,88.32
155.38,0,154.13,0,0.4127,-64.13,3.76,1,0.1503,86.24,0.57,1,0.2386,89.43
155.48,0,155.55,0,0.4144,-65.55,3.49,1,0.1530,86.51,0.04,1,0.2418,89.96
155.60,0,157.21,0,0.4196,-67.21,3.26,1,0.1585,86.74,0.40,1,0.2423,89.60
155.71,0,160.05,0,0.4240,-70.05,2.66,1,0.1624,87.34,1.58,1,0.2448,88.42
155.82,0,161.36,0,0.4249,-71.36,2.27,1,0.1632,87.73,2.20,1,0.2468,87.80
155.93,0,164.04,0,0.4270,-74.04,1.15,1,0.1661,88.85,3.22,1,0.2546,86.78
156.05,0,165.49,0,0.4300,-75.49,0.57,1,0.1692,89.43,3.58,1,0.2576,86.42
156.16,0,168.30,0,0.4355,-78.30,0.47,1,0.1740,89.53,4.28,1,0.2614,85.72
156.28,0,169.55,0,0.4361,-79.55,1.05,1,0.1747,88.95,4.61,1,0.2652,85.39
156.40,0,172.11,0,0.4377,-82.11,2.41,1,0.1781,87.59,4.91,1,0.2760,85.09
156.52,0,173.53,0,0.4406,-83.53,3.01,1,0.1820,86.99,4.90,1,0.2800,85.10
156.63,0,176.20,0,0.4454,-86.20,3.94,1,0.1882,86.06,4.85,1,0.2858,85.15
156.74,0,177.39,0,0.4455,-87.39,4.40,1,0.1898,85.60,4.81,1,0.2905,85.19
156.86,0,179.89,0,0.4468,-89.89,5.36,1,0.1958,84.64,4.43,1,0.3019,85.57
156.97,0,178.74,0,0.4495,-88.74,5.70,1,0.2007,84.30,4.13,1,0.3056,85.87
157.08,0,176.18,0,0.4535,-86.18,6.02,1,0.2086,83.98,3.67,1,0.3106,86.33
157.19,0,175.02,0,0.4533,-85.02,6.18,1,0.2109,83.82,3.48,1,0.3146,86.52
157.29,0,173.79,0,0.4535,-83.79,6.42,1,0.2148,83.58,3.18,1,0.3203,86.82
157.40,0,171.24,0,0.4568,-81.24,6.48,1,0.2241,83.52,2.69,1,0.3255,87.31
157.51,0,169.96,0,0.4594,-79.96,6.28,1,0.2286,83.72,2.53,1,0.3251,87.47
157.63,0,167.63,0,0.4594,-77.63,6.21,1,0.2340,83.79,2.22,1,0.3311,87.78
157.73,0,166.39,0,0.4596,-76.39,6.29,1,0.2378,83.71,1.96,1,0.3359,88.04
157.85,0,163.88,0,0.4624,-73.88,6.19,1,0.2451,83.81,1.53,1,0.3407,88.47
157.95,0,162.65,0,0.4644,-72.65,6.01,1,0.2481,83.99,1.40,1,0.3408,88.60
158.07,0,160.34,0,0.4639,-70.34,5.97,1,0.2512,84.03,1.13,1,0.3482,88.87
158.17,0,159.10,0,0.4641,-69.10,6.06,1,0.2541,83.94,0.91,1,0.3534,89.09
158.29,0,156.61,0,0.4663,-66.61,5.92,1,0.2601,84.08,0.62,1,0.3589,89.38
158.39,0,155.40,0,0.4679,-65.40,5.68,1,0.2623,84.32,0.59,1,0.3595,89.41
158.50,0,153.11,0,0.4667,-63.11,5.49,1,0.2652,84.51,0.52,1,0.3672,89.48
158.61,0,151.84,0,0.4669,-61.84,5.46,1,0.2689,84.54,0.40,1,0.3720,89.60
158.73,0,149.35,0,0.4687,-59.35,5.07,1,0.2755,84.93,0.35,1,0.3768,89.65
158.84,0,146.97,0,0.4694,-56.97,4.49,1,0.2805,85.51,0.50,1,0.3803,89.50
158.96,0,145.85,0,0.4678,-55.85,4.28,1,0.2822,85.72,0.60,1,0.3841,89.40
159.07,0,143.36,0,0.4675,-53.36,3.85,1,0.2896,86.15,0.68,1,0.3906,89.32
159.17,0,142.06,0,0.4691,-52.06,3.54,1,0.2941,86.46,0.75,1,0.3914,89.25
159.28,0,139.67,0,0.4688,-49.67,2.94,1,0.2988,87.06,1.10,1,0.3941,88.90
159.39,0,138.52,0,0.4669,-48.52,2.77,1,0.3004,87.23,1.28,1,0.3977,88.72
159.49,0,135.98,0,0.4662,-45.98,2.54,1,0.3063,87.46,1.49,1,0.4035,88.51
159.60,0,134.66,0,0.4674,-44.66,2.36,1,0.3096,87.64,1.61,1,0.4043,88.39
159.71,0,132.24,0,0.4661,-42.24,2.07,1,0.3124,87.93,2.01,1,0.4078,87.99
159.82,0,131.07,0,0.4638,-41.07,2.07,1,0.3128,87.93,2.17,1,0.4118,87.83
159.92,0,128.45,0,0.4626,-38.45,2.13,1,0.3169,87.87,2.32,1,0.4179,87.68
160.03,0,127.10,0,0.4634,-37.10,2.10,1,0.3194,87.90,2.40,1,0.4190,87.60
160.13,0,124.63,0,0.4611,-34.63,2.12,1,0.3202,87.88,2.68,1,0.4236,87.32
160.24,0,123.40,0,0.4584,-33.40,2.27,1,0.3198,87.73,2.75,1,0.4281,87.25
160.36,0,120.68,0,0.4568,-30.68,2.56,1,0.3234,87.44,2.71,1,0.4344,87.29
160.47,0,119.29,0,0.4580,-29.29,2.53,1,0.3257,87.47,2.75,1,0.4342,87.25
160.57,0,116.73,0,0.4536,-26.73,2.74,1,0.3261,87.26,2.82,1,0.4406,87.18
160.67,0,115.40,0,0.4506,-25.40,2.97,1,0.3272,87.03,2.76,1,0.4456,87.24
160.78,0,112.61,0,0.4482,-22.61,3.17,1,0.3321,86.83,2.69,1,0.4499,87.31
160.88,0,111.19,0,0.4486,-21.19,3.11,1,0.3346,86.89,2.71,1,0.4493,87.29
160.98,0,108.52,0,0.4431,-18.52,3.30,1,0.3365,86.70,2.73,1,0.4548,87.27
161.09,0,107.11,0,0.4396,-17.11,3.51,1,0.3390,86.49,2.64,1,0.4591,87.36
161.20,0,104.20,0,0.4362,-14.20,3.62,1,0.3448,86.38,2.56,1,0.4621,87.44
161.32,0,101.33,0,0.4331,-11.33,3.62,1,0.3490,86.38,2.59,1,0.4634,87.41
161.43,0,99.97,0,0.4291,-9.97,3.71,1,0.3496,86.29,2.63,1,0.4661,87.37
161.55,0,97.06,0,0.4223,-7.06,4.02,1,0.3540,85.98,2.54,1,0.4715,87.46
161.65,0,95.45,0,0.4228,-5.45,4.04,1,0.3581,85.96,2.48,1,0.4702,87.52
161.75,0,92.56,0,0.4166,-2.56,4.29,1,0.3596,85.71,2.51,1,0.4735,87.49
161.86,0,91.16,0,0.4120,-1.16,4.47,1,0.3596,85.53,2.53,1,0.4764,87.47
161.97,0,88.16,0,0.4046,1.84,4.94,1,0.3622,85.06,2.41,1,0.4819,87.59
162.08,0,85.04,0,0.4009,4.96,5.24,1,0.3659,84.76,2.33,1,0.4831,87.67
162.19,0,83.60,0,0.3974,6.40,5.40,1,0.3657,84.60,2.35,1,0.4849,87.65
162.29,0,80.69,0,0.3875,9.31,5.93,1,0.3654,84.07,2.28,1,0.4919,87.72
162.40,0,79.12,0,0.3844,10.88,6.15,1,0.3675,83.85,2.18,1,0.4942,87.82
162.50,0,75.99,0,0.3800,14.01,6.30,1,0.3714,83.70,2.08,1,0.4960,87.92
162.61,0,74.60,0,0.3746,15.40,6.38,1,0.3706,83.62,2.13,1,0.4993,87.87
162.72,0,71.64,0,0.3657,18.36,6.48,1,0.3740,83.52,2.06,1,0.5049,87.94
162.84,0,68.47,0,0.3603,21.53,6.26,1,0.3814,83.74,1.98,1,0.5065,88.02
162.94,0,66.97,0,0.3577,23.03,6.06,1,0.3837,83.94,2.05,1,0.5066,87.95
163.05,0,64.13,0,0.3477,25.87,5.85,1,0.3859,84.15,2.21,1,0.5110,87.79
163.17,0,61.09,0,0.3398,28.91,5.69,1,0.3917,84.31,2.21,1,0.5145,87.79
163.28,0,59.52,0,0.3376,30.48,5.53,1,0.3947,84.47,2.23,1,0.5144,87.77
163.39,0,56.64,0,0.3300,33.36,5.25,1,0.3968,84.75,2.42,1,0.5168,87.58
163.51,0,53.78,0,0.3198,36.22,5.18,1,0.3989,84.82,2.48,1,0.5225,87.52
163.61,0,52.23,0,0.3169,37.77,5.11,1,0.4017,84.89,2.48,1,0.5232,87.52
163.73,0,49.27,0,0.3118,40.73,4.90,1,0.4051,85.10,2.71,1,0.5229,87.29
163.83,0,47.95,0,0.3057,42.05,4.95,1,0.4039,85.05,2.90,1,0.5258,87.10
163.93,0,45.07,0,0.2974,44.93,5.06,1,0.4057,84.94,3.15,1,0.5283,86.85
164.04,0,42.04,0,0.2930,47.96,5.10,1,0.4098,84.90,3.36,1,0.5275,86.64
164.16,0,40.63,0,0.2898,49.37,5.10,1,0.4099,84.90,3.53,1,0.5275,86.47
164.27,0,37.96,0,0.2801,52.04,5.34,1,0.4082,84.66,3.75,1,0.5322,86.25
164.38,0,34.99,0,0.2743,55.01,5.57,1,0.4115,84.43,3.77,1,0.5344,86.23
164.49,0,33.53,0,0.2726,56.47,5.60,1,0.4127,84.40,3.82,1,0.5340,86.18
164.60,0,30.84,0,0.2649,59.16,5.80,1,0.4107,84.20,3.94,1,0.5374,86.06
164.71,0,28.05,0,0.2573,61.95,6.09,1,0.4121,83.91,3.80,1,0.5431,86.20
164.82,0,26.56,0,0.2558,63.44,6.10,1,0.4145,83.90,3.69,1,0.5440,86.31
164.93,0,23.74,0,0.2515,66.26,5.99,1,0.4161,84.01,3.54,1,0.5466,86.46
165.04,0,21.10,0,0.2432,68.90,5.95,1,0.4173,84.05,3.26,1,0.5544,86.74
165.15,0,19.64,0,0.2409,70.36,5.87,1,0.4204,84.13,3.05,1,0.5571,86.95
165.26,0,16.71,0,0.2391,73.29,5.47,1,0.4260,84.53,2.75,1,0.5587,87.25
165.38,0,14.05,0,0.2326,75.95,5.21,1,0.4276,84.79,2.65,1,0.5634,87.35
165.49,0,12.59,0,0.2304,77.41,5.16,1,0.4310,84.84,2.50,1,0.5660,87.50
165.60,0,9.70,0,0.2281,80.30,4.89,1,0.4352,85.11,2.42,1,0.5669,87.58
165.71,0,6.91,0,0.2252,83.09,4.60,1,0.4376,85.40,2.54,1,0.5669,87.46
165.83,0,5.59,0,0.2215,84.41,4.62,1,0.4380,85.38,2.57,1,0.5700,87.43
165.94,0,2.67,0,0.2196,87.33,4.54,1,0.4413,85.46,2.67,1,0.5706,87.33
166.05,0,0.31,0,0.2202,89.69,4.36,1,0.4451,85.64,2.89,1,0.5680,87.11
166.16,0,1.59,0,0.2167,88.41,4.38,1,0.4434,85.62,3.09,1,0.5700,86.91
166.26,0,4.30,0,0.2121,85.70,4.54,1,0.4422,85.46,3.32,1,0.5745,86.68
166.38,0,6.37,0,0.1976,83.63,4.97,1,0.4313,85.03,3.74,1,0.5876,86.26
166.48,0,7.02,0,0.1848,82.98,5.26,1,0.4200,84.74,4.09,1,0.5984,85.91
166.60,0,7.92,0,0.1540,82.08,6.11,1,0.3931,83.89,4.78,1,0.6269,85.22
166.71,0,9.43,0,0.1338,80.57,6.67,1,0.3783,83.33,5.19,1,0.6497,84.81
166.82,0,10.34,0,0.1268,79.66,6.64,1,0.3739,83.36,5.38,1,0.6581,84.62
166.93,0,11.88,0,0.1095,78.12,6.15,1,0.3653,83.85,5.62,1,0.6771,84.38
167.05,0,13.31,0,0.0955,76.69,4.96,1,0.3669,85.04,5.08,1,0.6966,84.92
167.16,0,14.20,0,0.0922,75.80,3.94,1,0.3726,86.06,4.46,1,0.7030,85.54
167.28,0,15.98,0,0.0863,74.02,1.44,1,0.3853,88.56,2.78,1,0.7112,87.22
167.40,0,17.54,0,0.0849,72.46,0.91,1,0.3984,89.09,0.74,1,0.7184,89.26
167.51,0,18.47,0,0.0879,71.53,1.96,1,0.4058,88.04,0.32,1,0.7198,89.68
167.61,0,20.58,0,0.0942,69.42,3.80,1,0.4165,86.20,2.10,1,0.7175,87.90
167.72,0,21.57,0,0.0970,68.43,4.51,1,0.4184,85.49,2.76,1,0.7168,87.24
167.82,0,23.59,0,0.1068,66.41,5.45,1,0.4199,84.55,3.75,1,0.7179,86.25
167.94,0,24.86,0,0.1124,65.14,5.77,1,0.4216,84.23,4.14,1,0.7168,85.86
168.06,0,27.85,0,0.1198,62.15,6.23,1,0.4248,83.77,4.67,1,0.7102,85.33
168.16,0,29.10,0,0.1237,60.90,6.19,1,0.4224,83.81,4.78,1,0.7107,85.22
168.27,0,32.30,0,0.1320,57.70,5.99,1,0.4236,84.01,5.03,1,0.7066,84.97
168.39,0,35.69,0,0.1399,54.31,5.58,1,0.4244,84.42,5.04,1,0.7023,84.96
168.49,0,37.40,0,0.1422,52.60,5.35,1,0.4236,84.65,4.87,1,0.7000,85.13
168.61,0,40.65,0,0.1488,49.35,4.61,1,0.4204,85.39,4.28,1,0.6990,85.72
168.71,0,42.35,0,0.1534,47.65,4.11,1,0.4199,85.89,3.91,1,0.6990,86.09
168.82,0,46.01,0,0.1601,43.99,3.06,1,0.4200,86.94,2.92,1,0.6962,87.08
168.93,0,47.81,0,0.1622,42.19,2.46,1,0.4187,87.54,2.27,1,0.6951,87.73
169.05,0,51.26,0,0.1685,38.74,0.99,1,0.4157,89.01,0.84,1,0.6966,89.16
169.15,0,53.16,0,0.1734,36.84,0.17,1,0.4169,89.83,0.17,1,0.6967,89.83
169.26,0,56.96,0,0.1787,33.04,1.35,1,0.4166,88.65,1.38,1,0.6957,88.62
169.37,0,58.72,0,0.1802,31.28,2.13,1,0.4146,87.87,2.21,1,0.6963,87.79
169.48,0,62.43,0,0.1866,27.57,3.76,1,0.4146,86.24,3.71,1,0.6975,86.29
169.58,0,66.39,0,0.1939,23.61,4.54,1,0.4170,85.46,4.38,1,0.6968,85.62
169.69,0,68.37,0,0.1959,21.63,5.90,1,0.4182,84.10,5.89,1,0.6952,84.11
169.79,0,70.18,0,0.1973,19.82,6.53,1,0.4174,83.47,6.67,1,0.6957,83.33
169.90,0,74.00,0,0.2035,16.00,7.66,1,0.4202,82.34,7.99,1,0.6958,82.01
170.00,0,76.01,0,0.2072,13.99,8.12,1,0.4231,81.88,8.58,1,0.6952,81.42
170.10,0,80.08,0,0.2117,9.92,8.68,1,0.4282,81.32,9.72,1,0.6924,80.28
170.21,0,81.95,0,0.2131,8.05,8.91,1,0.4293,81.09,10.25,1,0.6924,79.75
170.32,0,85.76,0,0.2189,4.24,9.40,1,0.4331,80.60,10.93,1,0.6948,79.07
170.43,0,87.93,0,0.2225,2.07,9.51,1,0.4375,80.49,11.09,1,0.6933,78.91
170.55,0,91.80,1,0.2260,-1.80,9.63,1,0.4408,80.37,11.37,1,0.6942,78.63
170.66,0,93.67,1,0.2273,-3.67,9.65,1,0.4415,80.35,11.41,1,0.6961,78.59
170.78,0,95.52,1,0.2296,-5.52,9.66,1,0.4425,80.34,11.32,1,0.6987,78.68
170.89,0,97.45,1,0.2328,-7.45,9.59,1,0.4444,80.41,11.12,1,0.7002,78.88
171.00,0,99.60,1,0.2360,-9.60,9.25,1,0.4475,80.75,10.81,1,0.6985,79.19
171.10,0,101.51,1,0.2380,-11.51,8.72,1,0.4472,81.28,10.40,1,0.6993,79.60
171.21,0,103.39,1,0.2390,-13.39,7.84,1,0.4453,82.16,9.80,1,0.6989,80.20
171.31,0,105.16,0,0.2399,-15.16,6.72,1,0.4418,83.28,8.95,1,0.6985,81.05
171.41,0,105.16,0,0.2399,-15.16,6.72,1,0.4418,83.28,8.95,1,0.6985,81.05
171.52,0,106.98,0,0.2421,-16.98,5.39,1,0.4374,84.61,7.82,1,0.6967,82.18
171.63,0,108.91,0,0.2452,-18.91,3.85,1,0.4325,86.15,6.41,1,0.6921,83.59
171.73,0,108.91,0,0.2452,-18.91,3.85,1,0.4325,86.15,6.41,1,0.6921,83.59
171.84,0,110.88,0,0.2481,-20.88,2.13,1,0.4254,87.87,4.83,1,0.6840,85.17
171.95,0,112.78,0,0.2496,-22.78,0.36,1,0.4145,89.64,3.19,1,0.6728,86.81
172.05,0,114.56,0,0.2503,-24.56,1.31,1,0.4000,88.69,1.59,1,0.6598,88.41
172.16,0,116.28,0,0.2511,-26.28,2.75,1,0.3840,87.25,0.05,1,0.6454,89.95
172.26,0,116.28,0,0.2511,-26.28,2.75,1,0.3840,87.25,0.05,1,0.6454,89.95
172.38,0,119.87,0,0.2561,-29.87,4.89,1,0.3512,85.11,2.58,1,0.6074,87.42
172.49,0,121.76,0,0.2586,-31.76,5.65,1,0.3349,84.35,3.49,1,0.5833,86.51
172.61,0,125.21,0,0.2601,-35.21,6.46,1,0.2989,83.54,4.23,1,0.5337,85.77
172.72,0,126.82,0,0.2608,-36.82,6.45,1,0.2818,83.55,4.18,1,0.5105,85.82
172.84,0,130.28,0,0.2655,-40.28,6.00,1,0.2555,84.00,3.58,1,0.4653,86.42
172.96,0,132.05,0,0.2676,-42.05,5.73,1,0.2444,84.27,3.03,1,0.4431,86.97
173.08,0,135.26,0,0.2684,-45.26,5.05,1,0.2220,84.95,1.52,1,0.4077,88.48
173.20,0,136.78,0,0.2690,-46.78,4.56,1,0.2121,85.44,0.74,1,0.3945,89.26
173.32,0,140.06,0,0.2733,-50.06,3.50,1,0.1982,86.50,0.69,1,0.3705,89.31
173.43,0,141.73,0,0.2752,-51.73,3.01,1,0.1924,86.99,1.43,1,0.3588,88.57
173.54,0,143.20,0,0.2745,-53.20,2.51,1,0.1848,87.49,2.25,1,0.3484,87.75
173.65,0,146.13,0,0.2758,-56.13,1.21,1,0.1719,88.79,3.58,1,0.3319,86.42
173.75,0,147.67,0,0.2775,-57.67,0.50,1,0.1668,89.50,4.08,1,0.3233,85.92
173.85,0,149.28,0,0.2799,-59.28,0.17,1,0.1630,89.83,4.47,1,0.3127,85.53
173.95,0,150.83,0,0.2814,-60.83,0.78,1,0.1592,89.22,4.80,1,0.3011,85.20
174.06,0,153.60,0,0.2810,-63.60,2.10,1,0.1480,87.90,5.21,1,0.2799,84.79
174.16,0,154.97,1,0.2814,-64.97,2.85,1,0.1423,87.15,5.16,1,0.2702,84.84
174.27,0,156.44,1,0.2831,-66.44,3.58,1,0.1382,86.42,4.93,1,0.2594,85.07
174.37,0,157.97,1,0.2853,-67.97,4.22,1,0.1352,85.78,4.59,1,0.2472,85.41
174.49,0,159.43,1,0.2865,-69.43,4.76,1,0.1317,85.24,4.23,1,0.2345,85.77
174.61,0,160.77,1,0.2862,-70.77,5.27,1,0.1270,84.73,3.84,1,0.2233,86.16
174.71,0,162.04,1,0.2856,-72.04,5.82,1,0.1215,84.18,3.40,1,0.2145,86.60
174.81,0,163.35,1,0.2858,-73.35,6.42,1,0.1169,83.58,2.85,1,0.2067,87.15
174.92,0,163.35,1,0.2858,-73.35,6.42,1,0.1169,83.58,2.85,1,0.2067,87.15
175.03,0,164.78,1,0.2875,-74.78,6.98,1,0.1137,83.02,2.25,1,0.1981,87.75
175.13,0,166.24,1,0.2895,-76.24,7.43,1,0.1114,82.57,1.66,1,0.1888,88.34
175.24,0,167.62,1,0.2904,-77.62,7.78,1,0.1088,82.22,1.16,1,0.1800,88.84
175.35,0,167.62,1,0.2904,-77.62,7.78,1,0.1088,82.22,1.16,1,0.1800,88.84
175.46,0,168.89,1,0.2898,-78.89,8.11,1,0.1052,81.89,0.73,1,0.1730,89.27
175.57,0,170.10,1,0.2890,-80.10,8.48,1,0.1010,81.52,0.32,1,0.1676,89.68
175.68,0,170.10,1,0.2890,-80.10,8.48,1,0.1010,81.52,0.32,1,0.1676,89.68
175.78,0,171.39,1,0.2892,-81.39,8.86,1,0.0976,81.14,0.13,1,0.1621,89.87
175.90,0,172.77,1,0.2908,-82.77,9.14,1,0.0958,80.86,0.59,1,0.1553,89.41
176.00,0,172.77,1,0.2908,-82.77,9.14,1,0.0958,80.86,0.59,1,0.1553,89.41
176.11,0,174.18,1,0.2926,-84.18,9.27,1,0.0951,80.73,0.95,1,0.1471,89.05
176.22,0,175.50,1,0.2931,-85.50,9.32,1,0.0941,80.68,1.17,1,0.1386,88.83
176.34,0,176.71,1,0.2923,-86.71,9.38,1,0.0920,80.62,1.28,1,0.1307,88.72
176.44,0,176.71,1,0.2923,-86.71,9.38,1,0.0920,80.62,1.28,1,0.1307,88.72
176.55,0,177.88,1,0.2912,-87.88,9.48,1,0.0895,80.52,1.36,1,0.1236,88.64
176.66,0,179.14,1,0.2914,-89.14,9.55,1,0.0879,80.45,1.45,1,0.1164,88.55
176.78,0,179.49,1,0.2929,-89.49,9.49,1,0.0878,80.51,1.51,1,0.1077,88.49
176.90,0,179.49,1,0.2929,-89.49,9.49,1,0.0878,80.51,1.51,1,0.1077,88.49
177.00,0,178.13,1,0.2944,-88.13,9.30,1,0.0885,80.70,1.46,1,0.0979,88.54
177.12,0,176.86,1,0.2946,-86.86,9.05,1,0.0889,80.95,1.26,1,0.0887,88.74
177.23,0,176.86,1,0.2946,-86.86,9.05,1,0.0889,80.95,1.26,1,0.0887,88.74
177.35,0,175.69,1,0.2935,-85.69,8.85,1,0.0882,81.15,0.99,1,0.0813,89.01
177.45,0,175.76,1,0.2926,-85.76,8.90,1,0.0870,81.10,0.97,1,0.0824,89.03
177.56,0,174.53,1,0.2923,-84.53,8.70,1,0.0867,81.30,0.73,1,0.0755,89.27
177.66,0,173.28,1,0.2925,-83.28,8.52,1,0.0857,81.48,0.54,1,0.0701,89.46
177.77,0,173.28,1,0.2925,-83.28,8.52,1,0.0857,81.48,0.54,1,0.0701,89.46
177.88,0,171.93,1,0.2939,-81.93,8.25,1,0.0862,81.75,0.35,1,0.0641,89.65
177.99,0,171.93,1,0.2939,-81.93,8.25,1,0.0862,81.75,0.35,1,0.0641,89.65
178.10,0,170.60,1,0.2952,-80.60,7.90,1,0.0874,82.10,0.07,1,0.0581,89.93
178.22,0,170.60,1,0.2952,-80.60,7.90,1,0.0874,82.10,0.07,1,0.0581,89.93
178.32,0,169.36,1,0.2951,-79.36,7.81,1,0.0886,82.19,0.02,1,0.0567,89.98
178.43,0,169.36,1,0.2951,-79.36,7.53,1,0.0882,82.47,0.32,1,0.0528,89.68
178.53,0,168.22,1,0.2937,-78.22,7.22,1,0.0876,82.78,0.74,1,0.0488,89.26
178.64,0,168.22,1,0.2937,-78.22,7.22,1,0.0876,82.78,0.74,1,0.0488,89.26
178.74,0,167.06,1,0.2924,-77.06,6.96,1,0.0861,83.04,1.11,1,0.0461,88.89
178.85,0,167.06,1,0.2924,-77.06,6.96,1,0.0861,83.04,1.11,1,0.0461,88.89
178.97,0,165.80,1,0.2925,-75.80,6.69,1,0.0853,83.31,1.41,1,0.0439,88.59
179.07,0,164.46,1,0.2939,-74.46,6.38,1,0.0861,83.62,1.70,1,0.0412,88.30
179.18,0,164.46,1,0.2939,-74.46,6.38,1,0.0861,83.62,1.70,1,0.0412,88.30
179.30,0,163.15,1,0.2949,-73.15,5.99,1,0.0877,84.01,2.08,1,0.0378,87.92
179.40,0,163.15,1,0.2949,-73.15,5.99,1,0.0877,84.01,2.08,1,0.0378,87.92
179.51,0,161.94,1,0.2944,-71.94,5.60,1,0.0887,84.40,2.54,1,0.0342,87.46
179.62,0,161.94,1,0.2944,-71.94,5.60,1,0.0887,84.40,2.54,1,0.0342,87.46
179.74,0,160.81,1,0.2927,-70.81,5.28,1,0.0879,84.72,3.01,1,0.0316,86.99
179.84,0,160.81,1,0.2927,-70.81,5.28,1,0.0879,84.72,3.01,1,0.0316,86.99
179.95,0,159.64,1,0.2913,-69.64,5.04,1,0.0864,84.96,3.39,1,0.0303,86.61
180.06,0,159.64,1,0.2913,-69.64,5.04,1,0.0864,84.96,3.39,1,0.0303,86.61
180.17,0,158.37,1,0.2913,-68.37,4.83,1,0.0858,85.17,3.70,1,0.0297,86.30
180.27,0,158.37,1,0.2913,-68.37,4.83,1,0.0858,85.17,3.70,1,0.0297,86.30
180.38,0,157.03,1,0.2925,-67.03,4.81,1,0.0873,85.19,3.61,1,0.0303,86.39
180.48,0,157.03,1,0.2925,-67.03,4.56,1,0.0871,85.44,4.02,1,0.0287,85.98
180.60,0,155.73,1,0.2933,-65.73,4.21,1,0.0890,85.79,4.41,1,0.0268,85.59
180.71,0,155.73,1,0.2933,-65.73,4.21,1,0.0890,85.79,4.41,1,0.0268,85.59
180.83,0,154.53,1,0.2924,-64.53,3.87,1,0.0896,86.13,4.87,1,0.0245,85.13
180.93,0,154.53,1,0.2924,-64.53,3.87,1,0.0896,86.13,4.87,1,0.0245,85.13
181.03,0,154.53,1,0.2924,-64.53,3.87,1,0.0896,86.13,4.87,1,0.0245,85.13
181.14,0,153.40,1,0.2904,-63.40,3.62,1,0.0883,86.38,5.32,1,0.0227,84.68
181.25,0,153.40,1,0.2904,-63.40,3.62,1,0.0883,86.38,5.32,1,0.0227,84.68
181.35,0,152.21,1,0.2888,-62.21,3.46,1,0.0867,86.54,5.67,1,0.0221,84.33
181.46,0,152.21,1,0.2888,-62.21,3.46,1,0.0867,86.54,5.67,1,0.0221,84.33
181.58,0,150.92,1,0.2888,-60.92,3.28,1,0.0868,86.72,5.92,1,0.0226,84.08
181.68,0,150.92,1,0.2888,-60.92,3.28,1,0.0868,86.72,5.92,1,0.0226,84.08
181.78,0,149.57,1,0.2898,-59.57,2.99,1,0.0886,87.01,6.09,1,0.0232,83.91
181.89,0,149.57,1,0.2898,-59.57,2.99,1,0.0886,87.01,6.09,1,0.0232,83.91
182.00,0,148.27,1,0.2902,-58.27,2.62,1,0.0903,87.38,6.21,1,0.0225,83.79
182.12,0,148.30,1,0.2900,-58.30,2.55,1,0.0908,87.45,6.29,1,0.0215,83.71
182.23,0,147.07,1,0.2890,-57.07,2.30,1,0.0904,87.70,6.27,1,0.0207,83.73
182.34,0,145.91,1,0.2867,-55.91,2.10,1,0.0892,87.90,6.21,1,0.0193,83.79
182.45,0,145.91,1,0.2867,-55.91,2.10,1,0.0892,87.90,6.21,1,0.0193,83.79
182.57,0,144.70,1,0.2849,-54.70,1.99,1,0.0883,88.01,5.98,1,0.0201,84.02
182.67,0,143.38,1,0.2848,-53.38,1.83,1,0.0889,88.17,5.65,1,0.0227,84.35
182.77,0,143.25,1,0.2868,-53.25,1.78,1,0.0908,88.22,5.57,1,0.0229,84.43
182.88,0,142.01,1,0.2855,-52.01,1.59,1,0.0906,88.41,5.33,1,0.0246,84.67
182.99,0,140.70,1,0.2856,-50.70,1.32,1,0.0919,88.68,5.11,1,0.0250,84.89
183.10,0,140.70,1,0.2856,-50.70,1.32,1,0.0919,88.68,5.11,1,0.0250,84.89
183.21,0,139.49,1,0.2839,-49.49,1.13,1,0.0918,88.87,4.94,1,0.0251,85.06
183.32,0,139.49,1,0.2839,-49.49,1.13,1,0.0918,88.87,4.94,1,0.0251,85.06
183.44,0,138.31,0,0.2813,-48.31,1.07,1,0.0906,88.93,4.73,1,0.0270,85.27
183.56,0,137.05,0,0.2794,-47.05,1.05,1,0.0898,88.95,4.43,1,0.0303,85.57
183.66,0,137.05,0,0.2794,-47.05,1.05,1,0.0898,88.95,4.43,1,0.0303,85.57
183.77,0,135.69,0,0.2790,-45.69,1.00,1,0.0904,89.00,4.08,1,0.0330,85.92
183.87,0,135.69,0,0.2790,-45.69,1.00,1,0.0904,89.00,4.08,1,0.0330,85.92
183.98,0,134.29,0,0.2795,-44.29,0.88,1,0.0920,89.12,3.77,1,0.0340,86.23
184.09,0,132.97,0,0.2791,-42.97,0.76,1,0.0930,89.24,3.58,1,0.0338,86.42
184.21,0,131.73,0,0.2770,-41.73,0.74,1,0.0926,89.26,3.45,1,0.0344,86.55
184.32,0,130.51,0,0.2740,-40.51,0.81,1,0.0913,89.19,3.29,1,0.0366,86.71
184.44,0,127.79,0,0.2712,-37.79,1.01,1,0.0909,88.99,2.70,1,0.0386,87.30
184.55,0,126.36,0,0.2714,-36.36,1.05,1,0.0921,88.95,2.40,1,0.0355,87.60
184.66,0,125.00,0,0.2705,-35.00,1.09,1,0.0929,88.91,2.16,1,0.0330,87.84
184.77,0,123.72,0,0.2678,-33.72,1.20,1,0.0926,88.80,1.95,1,0.0338,88.05
184.89,0,121.07,0,0.2621,-31.07,1.61,1,0.0922,88.39,1.30,1,0.0372,88.70
184.99,0,119.60,0,0.2613,-29.60,1.78,1,0.0942,88.22,0.87,1,0.0372,89.13
185.11,0,118.12,0,0.2610,-28.12,1.86,1,0.0974,88.14,0.49,1,0.0383,89.51
185.23,0,116.72,0,0.2595,-26.72,1.90,1,0.1005,88.10,0.18,1,0.0419,89.82
185.34,0,114.04,0,0.2526,-24.04,2.20,1,0.1032,87.80,0.40,1,0.0534,89.60
185.45,0,112.60,0,0.2499,-22.60,2.43,1,0.1054,87.57,0.77,1,0.0585,89.23
185.56,0,111.06,0,0.2488,-21.06,2.58,1,0.1092,87.42,1.11,1,0.0621,88.89
185.67,0,109.54,0,0.2481,-19.54,2.64,1,0.1134,87.36,1.32,1,0.0648,88.68
185.79,0,106.71,0,0.2424,-16.71,2.84,1,0.1172,87.16,1.49,1,0.0724,88.51
185.89,0,105.30,0,0.2382,-15.30,3.11,1,0.1180,86.89,1.58,1,0.0770,88.42
186.00,0,103.80,0,0.2352,-13.80,3.37,1,0.1202,86.63,1.68,1,0.0804,88.32
186.11,0,102.22,0,0.2338,-12.22,3.54,1,0.1239,86.46,1.75,1,0.0820,88.25
186.22,0,99.19,0,0.2300,-9.19,3.73,1,0.1286,86.27,1.58,1,0.0837,88.42
186.32,0,97.79,0,0.2258,-7.79,3.95,1,0.1287,86.05,1.42,1,0.0858,88.58
186.43,0,96.35,0,0.2213,-6.35,4.25,1,0.1290,85.75,1.29,1,0.0883,88.71
186.54,0,94.81,0,0.2180,-4.81,4.50,1,0.1308,85.50,1.19,1,0.0896,88.81
186.65,0,91.65,0,0.2146,-1.65,4.81,1,0.1357,85.19,0.79,1,0.0877,89.21
186.75,0,90.18,0,0.2116,-0.18,5.00,1,0.1363,85.00,0.45,1,0.0869,89.55
186.86,0,88.76,0,0.2069,1.24,5.27,1,0.1357,84.73,0.10,1,0.0876,89.90
186.97,0,87.31,0,0.2021,2.69,5.56,1,0.1356,84.44,0.21,1,0.0886,89.79
187.08,0,84.16,0,0.1967,5.84,6.02,1,0.1392,83.98,0.77,1,0.0869,89.23
187.19,0,82.61,0,0.1946,7.39,6.17,1,0.1408,83.83,1.17,1,0.0848,88.83
187.29,0,81.16,0,0.1912,8.84,6.36,1,0.1408,83.64,1.65,1,0.0835,88.35
187.40,0,79.76,0,0.1862,10.24,6.60,1,0.1398,83.40,2.12,1,0.0837,87.88
187.51,0,76.77,0,0.1778,13.23,7.13,1,0.1409,82.87,2.85,1,0.0839,87.15
187.62,0,75.19,0,0.1757,14.81,7.28,1,0.1432,82.72,3.23,1,0.0821,86.77
187.73,0,73.68,0,0.1734,16.32,7.37,1,0.1447,82.63,3.71,1,0.0797,86.29
187.85,0,70.88,0,0.1644,19.12,7.67,1,0.1431,82.33,4.71,1,0.0788,85.29
187.95,0,69.45,0,0.1595,20.55,7.89,1,0.1431,82.11,5.08,1,0.0796,84.92
188.06,0,67.93,0,0.1560,22.07,8.04,1,0.1450,81.96,5.41,1,0.0793,84.59
188.16,0,66.38,0,0.1539,23.62,8.06,1,0.1475,81.94,5.78,1,0.0777,84.22
188.27,0,63.54,0,0.1475,26.46,8.03,1,0.1481,81.97,6.58,1,0.0758,83.42
188.38,0,62.20,0,0.1422,27.80,8.12,1,0.1473,81.88,6.87,1,0.0770,83.13
188.48,0,60.79,0,0.1373,29.21,8.20,1,0.1480,81.80,7.04,1,0.0787,82.96
188.58,0,59.29,0,0.1340,30.71,8.19,1,0.1502,81.81,7.15,1,0.0794,82.85
188.69,0,56.37,0,0.1294,33.63,7.88,1,0.1536,82.12,7.53,1,0.0776,82.47
188.80,0,55.05,0,0.1252,34.95,7.78,1,0.1534,82.22,7.72,1,0.0775,82.28
188.90,0,53.74,0,0.1199,36.26,7.71,1,0.1534,82.29,7.80,1,0.0791,82.20
189.01,0,52.37,0,0.1152,37.63,7.54,1,0.1558,82.46,7.71,1,0.0821,82.29
189.12,0,49.43,0,0.1102,40.57,6.57,1,0.1656,83.43,7.09,1,0.0872,82.91
189.22,0,48.06,0,0.1075,41.94,5.89,1,0.1698,84.11,6.64,1,0.0902,83.36
189.33,0,46.79,0,0.1033,43.21,5.20,1,0.1736,84.80,6.04,1,0.0962,83.96
189.43,0,45.52,0,0.0980,44.48,4.49,1,0.1789,85.51,5.24,1,0.1050,84.76
189.54,0,42.71,0,0.0910,47.29,2.83,1,0.1947,87.17,3.28,1,0.1223,86.72
189.64,0,41.29,0,0.0892,48.71,1.90,1,0.2027,88.10,2.34,1,0.1290,87.66
189.74,0,39.96,0,0.0864,50.04,1.00,1,0.2091,89.00,1.48,1,0.1359,88.52
189.85,0,38.72,0,0.0820,51.28,0.20,1,0.2145,89.80,0.65,1,0.1439,89.35
189.95,0,36.12,0,0.0732,53.88,1.16,1,0.2268,88.84,1.06,1,0.1595,88.94
190.06,0,34.69,0,0.0710,55.31,1.84,1,0.2338,88.16,1.85,1,0.1643,88.15
190.17,0,33.29,0,0.0695,56.71,2.53,1,0.2399,87.47,2.51,1,0.1677,87.49
190.28,0,30.78,0,0.0625,59.22,3.69,1,0.2473,86.31,3.56,1,0.1758,86.44
190.38,0,29.53,0,0.0579,60.47,4.11,1,0.2506,85.89,4.09,1,0.1806,85.91
190.48,0,28.17,0,0.0550,61.83,4.50,1,0.2552,85.50,4.63,1,0.1842,85.37
190.60,0,25.37,0,0.0527,64.63,5.36,1,0.2646,84.64,5.44,1,0.1866,84.56
190.70,0,24.09,0,0.0501,65.91,5.71,1,0.2669,84.29,5.66,1,0.1881,84.34
190.81,0,22.88,0,0.0463,67.12,5.93,1,0.2681,84.07,5.82,1,0.1911,84.18
190.92,0,20.24,0,0.0420,69.76,6.13,1,0.2734,83.87,6.05,1,0.1965,83.95
191.02,0,18.81,1,0.0424,71.19,6.26,1,0.2771,83.74,5.99,1,0.1968,84.01
191.13,0,17.42,1,0.0422,72.58,6.38,1,0.2794,83.62,5.74,1,0.1969,84.26
191.23,0,17.42,1,0.0422,72.58,6.38,1,0.2794,83.62,5.74,1,0.1969,84.26
191.33,0,16.15,1,0.0406,73.85,6.39,1,0.2800,83.61,5.35,1,0.1981,84.65
191.44,0,14.92,1,0.0386,75.08,6.25,1,0.2799,83.75,4.92,1,0.2005,85.08
191.56,0,13.62,1,0.0383,76.38,6.03,1,0.2809,83.97,4.50,1,0.2027,85.50
191.67,0,12.20,1,0.0401,77.80,5.82,1,0.2830,84.18,4.07,1,0.2036,85.93
191.77,0,12.20,1,0.0401,77.80,5.82,1,0.2830,84.18,4.07,1,0.2036,85.93
191.89,0,10.74,1,0.0424,79.26,5.61,1,0.2850,84.39,3.57,1,0.2031,86.43
191.99,0,9.34,1,0.0435,80.66,5.32,1,0.2852,84.68,2.96,1,0.2022,87.04
192.10,0,8.05,1,0.0435,81.95,4.86,1,0.2833,85.14,2.30,1,0.2022,87.70
192.22,0,6.79,1,0.0442,83.21,4.23,1,0.2809,85.77,1.66,1,0.2032,88.34
192.32,0,6.79,1,0.0442,83.21,4.23,1,0.2809,85.77,1.66,1,0.2032,88.34
192.44,0,5.45,1,0.0469,84.55,3.52,1,0.2795,86.48,1.07,1,0.2042,88.93
192.56,0,3.98,1,0.0507,86.02,2.80,1,0.2787,87.20,0.49,1,0.2038,89.51
192.67,0,2.48,1,0.0539,87.52,2.07,1,0.2768,87.93,0.16,1,0.2019,89.84
192.78,0,2.48,1,0.0539,87.52,2.07,1,0.2768,87.93,0.16,1,0.2019,89.84
192.89,0,1.06,1,0.0558,88.94,1.29,1,0.2729,88.71,0.89,1,0.1997,89.11
192.99,0,0.26,1,0.0572,89.74,0.40,1,0.2674,89.60,1.66,1,0.1988,88.34
193.10,0,0.26,1,0.0572,89.74,0.40,1,0.2674,89.60,1.66,1,0.1988,88.34
193.21,0,1.58,1,0.0598,88.42,0.59,1,0.2612,89.41,2.39,1,0.1991,87.61
193.33,0,2.99,1,0.0640,87.01,1.60,1,0.2552,88.40,3.05,1,0.1993,86.95
193.43,0,2.99,1,0.0640,87.01,1.60,1,0.2552,88.40,3.05,1,0.1993,86.95
193.54,0,4.53,1,0.0686,85.47,2.53,1,0.2495,87.47,3.70,1,0.1979,86.30
193.66,0,6.08,1,0.0721,83.92,3.35,1,0.2431,86.65,4.42,1,0.1950,85.58
193.77,0,6.08,1,0.0721,83.92,3.35,1,0.2431,86.65,4.42,1,0.1950,85.58
193.89,0,7.55,1,0.0744,82.45,4.10,1,0.2350,85.90,5.21,1,0.1923,84.79
193.99,0,7.55,1,0.0744,82.45,4.10,1,0.2350,85.90,5.21,1,0.1923,84.79
194.09,0,8.93,1,0.0767,81.07,4.83,1,0.2260,85.17,6.01,1,0.1911,83.99
194.19,0,8.93,1,0.0767,81.07,4.83,1,0.2260,85.17,6.01,1,0.1911,83.99
194.30,0,10.32,1,0.0803,79.68,5.56,1,0.2169,84.44,6.74,1,0.1912,83.26
194.40,0,10.32,1,0.0803,79.68,5.56,1,0.2169,84.44,6.74,1,0.1912,83.26
194.50,0,11.82,1,0.0852,78.18,6.21,1,0.2088,83.79,7.38,1,0.1909,82.62
194.61,0,11.82,1,0.0852,78.18,6.21,1,0.2088,83.79,7.38,1,0.1909,82.62
194.72,0,13.45,1,0.0900,76.55,6.70,1,0.2021,83.30,7.98,1,0.1890,82.02
194.82,0,13.45,1,0.0900,76.55,6.70,1,0.2021,83.30,7.98,1,0.1890,82.02
194.92,0,15.08,1,0.0936,74.92,7.02,1,0.1958,82.98,8.63,1,0.1861,81.37
195.03,0,16.62,1,0.0962,73.38,7.23,1,0.1886,82.77,9.31,1,0.1836,80.69
195.13,0,16.62,1,0.0962,73.38,7.23,1,0.1886,82.77,9.31,1,0.1836,80.69
195.24,0,18.06,1,0.0989,71.94,7.41,1,0.1805,82.59,9.94,1,0.1829,80.06
195.34,0,18.06,1,0.0989,71.94,7.41,1,0.1805,82.59,9.94,1,0.1829,80.06
195.46,0,19.55,1,0.1032,70.45,7.57,1,0.1730,82.43,10.45,1,0.1835,79.55
195.56,0,19.55,1,0.1032,70.45,7.57,1,0.1730,82.43,10.45,1,0.1835,79.55
195.66,0,21.17,1,0.1085,68.83,7.64,1,0.1675,82.36,10.83,1,0.1836,79.17
195.76,0,21.17,1,0.1085,68.83,7.64,1,0.1675,82.36,10.83,1,0.1836,79.17
195.88,0,22.90,1,0.1135,67.10,7.55,1,0.1633,82.45,11.15,1,0.1822,78.85
195.98,0,22.90,1,0.1135,67.10,7.55,1,0.1633,82.45,11.15,1,0.1822,78.85
196.09,0,24.62,1,0.1171,65.38,7.30,1,0.1590,82.70,11.47,1,0.1801,78.53
196.21,0,24.62,1,0.1159,65.38,7.23,1,0.1589,82.77,11.53,1,0.1789,78.47
196.32,0,26.24,1,0.1198,63.76,6.98,1,0.1534,83.02,11.77,1,0.1788,78.23
196.43,0,26.24,1,0.1198,63.76,6.98,1,0.1534,83.02,11.77,1,0.1788,78.23
196.54,0,27.79,1,0.1231,62.21,6.69,1,0.1472,83.31,11.98,1,0.1794,78.02
196.65,0,29.39,1,0.1278,60.61,6.39,1,0.1417,83.61,12.02,1,0.1809,77.98
196.76,0,29.39,0,0.1278,60.61,6.39,1,0.1417,83.61,12.02,1,0.1809,77.98
196.87,0,31.14,0,0.1334,58.86,5.99,1,0.1379,84.01,11.91,1,0.1817,78.09
196.97,0,31.14,0,0.1334,58.86,5.99,1,0.1379,84.01,11.91,1,0.1817,78.09
197.07,0,33.00,0,0.1385,57.00,5.44,1,0.1352,84.56,11.74,1,0.1811,78.26
197.17,0,33.00,0,0.1385,57.00,5.44,1,0.1352,84.56,11.74,1,0.1811,78.26
197.27,0,34.83,0,0.1422,55.17,4.79,1,0.1321,85.21,11.57,1,0.1800,78.43
197.37,0,34.83,0,0.1422,55.17,4.79,1,0.1321,85.21,11.57,1,0.1800,78.43
197.48,0,36.56,0,0.1450,53.44,4.15,1,0.1275,85.85,11.39,1,0.1798,78.61
197.59,0,38.23,0,0.1486,51.77,3.59,1,0.1221,86.41,11.11,1,0.1811,78.89
197.69,0,39.98,0,0.1537,50.02,3.07,1,0.1173,86.93,10.68,1,0.1833,79.32
197.80,0,41.89,0,0.1595,48.11,2.51,1,0.1141,87.49,10.15,1,0.1849,79.85
197.91,0,43.88,0,0.1646,46.12,1.85,1,0.1120,88.15,9.59,1,0.1849,80.41
198.02,0,45.83,0,0.1683,44.17,1.17,1,0.1091,88.83,9.07,1,0.1842,80.93
198.13,0,49.47,0,0.1751,40.53,0.10,1,0.0992,89.90,7.99,1,0.1861,82.01
198.23,0,51.37,0,0.1804,38.63,0.29,1,0.0946,89.71,7.28,1,0.1883,82.72
198.34,0,53.41,0,0.1862,36.59,0.68,1,0.0920,89.32,6.47,1,0.1892,83.53
198.44,0,55.53,0,0.1913,34.47,1.13,1,0.0904,88.87,5.64,1,0.1884,84.36
198.55,0,59.50,0,0.1980,30.50,1.90,1,0.0841,88.10,4.11,1,0.1870,85.89
198.67,0,61.40,0,0.2018,28.60,2.09,1,0.0797,87.91,3.35,1,0.1884,86.65
198.77,0,63.41,0,0.2070,26.59,2.22,1,0.0766,87.78,2.53,1,0.1898,87.47
198.88,0,65.57,0,0.2128,24.43,2.36,1,0.0754,87.64,1.70,1,0.1899,88.30
198.99,0,69.88,0,0.2211,20.12,2.72,1,0.0738,87.28,0.33,1,0.1874,89.67
199.11,0,71.87,0,0.2240,18.13,2.76,1,0.0711,87.24,0.24,1,0.1874,89.76
199.23,0,73.86,0,0.2279,16.14,2.65,1,0.0679,87.35,0.81,1,0.1887,89.19
199.34,0,78.19,0,0.2387,11.81,2.33,1,0.0659,87.67,2.01,1,0.1898,87.99
199.45,0,80.43,0,0.2432,9.57,2.23,1,0.0664,87.77,2.50,1,0.1883,87.50
199.57,0,82.57,0,0.2464,7.43,2.07,1,0.0659,87.93,2.87,1,0.1868,87.13
199.67,0,84.51,0,0.2490,5.49,1.71,1,0.0628,88.29,3.16,1,0.1878,86.84
199.78,0,88.73,0,0.2577,1.27,0.89,1,0.0608,89.11,3.80,1,0.1882,86.20
199.90,0,91.00,1,0.2631,-1.00,0.48,1,0.0611,89.52,4.08,1,0.1872,85.92
200.01,0,93.22,1,0.2673,-3.22,0.12,1,0.0618,89.88,4.23,1,0.1849,85.77
