t,push,gtbot_delta_deg,gtbot_valid,gtbot_station_err,gtbot_phi_deg,gtbot2_delta_deg,gtbot2_valid,gtbot2_station_err,gtbot2_phi_deg,gtbot3_delta_deg,gtbot3_valid,gtbot3_station_err,gtbot3_phi_deg
0.18,0,5.98,0,0.0492,84.02,4.57,0,0.0917,85.43,5.61,0,0.0564,84.39
0.28,0,5.98,0,0.0492,84.02,4.57,0,0.0917,85.43,5.61,0,0.0564,84.39
0.38,0,5.85,0,0.0485,84.15,4.96,0,0.0899,85.04,5.55,0,0.0550,84.45
0.48,0,5.85,0,0.0485,84.15,4.96,0,0.0899,85.04,5.55,0,0.0550,84.45
0.60,0,5.63,1,0.0485,84.37,5.32,1,0.0881,84.68,5.49,1,0.0537,84.51
0.72,0,5.63,1,0.0485,84.37,5.32,1,0.0881,84.68,5.49,1,0.0537,84.51
0.83,0,5.36,1,0.0490,84.64,5.63,1,0.0865,84.37,5.47,1,0.0525,84.53
0.93,0,5.37,1,0.0493,84.63,5.60,1,0.0869,84.40,5.49,1,0.0526,84.51
1.04,0,5.11,1,0.0500,84.89,5.90,1,0.0849,84.10,5.48,1,0.0516,84.52
1.14,0,5.11,1,0.0503,84.89,5.88,1,0.0852,84.12,5.50,1,0.0519,84.50
1.25,0,4.84,1,0.0517,85.16,6.13,1,0.0830,83.87,5.52,1,0.0512,84.48
1.36,0,4.51,1,0.0537,85.49,6.12,1,0.0831,83.88,5.53,1,0.0513,84.47
1.48,0,4.51,1,0.0537,85.49,6.31,1,0.0809,83.69,5.55,1,0.0507,84.45
1.59,0,4.16,1,0.0555,85.84,6.44,1,0.0787,83.56,5.58,1,0.0503,84.42
1.71,0,4.16,1,0.0555,85.84,6.44,1,0.0787,83.56,5.58,1,0.0503,84.42
1.81,0,3.84,1,0.0576,86.16,6.50,1,0.0768,83.50,5.61,1,0.0499,84.39
1.91,0,3.85,1,0.0579,86.15,6.48,1,0.0771,83.52,5.62,1,0.0500,84.38
2.03,0,3.53,1,0.0604,86.47,6.51,1,0.0748,83.49,5.67,1,0.0498,84.33
2.14,0,3.18,1,0.0633,86.82,6.49,1,0.0728,83.51,5.77,1,0.0501,84.23
2.25,0,3.18,1,0.0633,86.82,6.49,1,0.0728,83.51,5.77,1,0.0501,84.23
2.35,0,2.85,1,0.0662,87.15,6.44,1,0.0707,83.56,5.87,1,0.0503,84.13
2.47,0,2.57,1,0.0692,87.43,6.35,1,0.0686,83.65,5.98,1,0.0504,84.02
2.57,0,2.57,1,0.0692,87.43,6.35,1,0.0686,83.65,5.98,1,0.0504,84.02
2.68,0,2.33,1,0.0725,87.67,6.22,1,0.0666,83.78,6.09,1,0.0504,83.91
2.79,0,2.33,1,0.0725,87.67,6.22,1,0.0666,83.78,6.09,1,0.0504,83.91
2.90,0,2.10,1,0.0760,87.90,6.01,1,0.0651,83.99,6.23,1,0.0505,83.77
3.02,0,1.90,1,0.0798,88.10,5.71,1,0.0642,84.29,6.40,1,0.0509,83.60
3.14,0,1.71,1,0.0835,88.29,5.35,1,0.0640,84.65,6.57,1,0.0516,83.43
3.24,0,1.71,1,0.0835,88.29,5.35,1,0.0640,84.65,6.57,1,0.0516,83.43
3.34,0,1.51,1,0.0869,88.49,5.00,1,0.0638,85.00,6.72,1,0.0521,83.28
3.46,0,1.51,1,0.0869,88.49,5.00,1,0.0638,85.00,6.72,1,0.0521,83.28
3.56,0,1.38,1,0.0902,88.62,4.67,1,0.0642,85.33,6.83,1,0.0526,83.17
3.67,0,1.30,1,0.0936,88.70,4.39,1,0.0660,85.61,6.91,1,0.0532,83.09
3.78,0,1.30,1,0.0936,88.70,4.39,1,0.0660,85.61,6.91,1,0.0532,83.09
3.90,0,1.25,1,0.0967,88.75,4.11,1,0.0687,85.89,6.95,1,0.0541,83.05
4.00,0,1.25,1,0.0967,88.75,4.11,1,0.0687,85.89,6.95,1,0.0541,83.05
4.12,0,1.16,1,0.0991,88.84,3.81,1,0.0711,86.19,6.97,1,0.0553,83.03
4.23,0,1.07,1,0.1010,88.93,3.54,1,0.0727,86.46,6.94,1,0.0570,83.06
4.33,0,1.06,1,0.1010,88.94,3.54,1,0.0727,86.46,6.95,1,0.0570,83.05
4.44,0,1.02,1,0.1029,88.98,3.32,1,0.0746,86.68,6.85,1,0.0591,83.15
4.54,0,1.03,1,0.1048,88.97,3.15,1,0.0777,86.85,6.68,1,0.0613,83.32
4.65,0,1.03,1,0.1048,88.97,3.15,1,0.0777,86.85,6.68,1,0.0613,83.32
4.76,0,1.06,1,0.1065,88.94,2.97,1,0.0812,87.03,6.45,1,0.0634,83.55
4.86,0,1.07,1,0.1077,88.93,2.76,1,0.0838,87.24,6.21,1,0.0663,83.79
4.96,0,1.07,1,0.1077,88.93,2.76,1,0.0838,87.24,6.21,1,0.0663,83.79
5.07,0,1.10,1,0.1089,88.90,2.57,1,0.0853,87.43,5.98,1,0.0702,84.02
5.18,0,1.17,1,0.1101,88.83,2.44,1,0.0871,87.56,5.71,1,0.0744,84.29
5.30,0,1.17,1,0.1101,88.83,2.44,1,0.0871,87.56,5.71,1,0.0744,84.29
5.42,0,1.27,1,0.1110,88.73,2.36,1,0.0899,87.64,5.40,1,0.0781,84.60
5.52,0,1.38,1,0.1116,88.62,2.28,1,0.0930,87.72,5.07,1,0.0816,84.93
5.63,0,1.38,1,0.1116,88.62,2.28,1,0.0930,87.72,5.07,1,0.0816,84.93
5.74,0,1.53,1,0.1122,88.47,2.19,1,0.0951,87.81,4.76,1,0.0855,85.24
5.84,0,1.53,1,0.1122,88.47,2.19,1,0.0951,87.81,4.76,1,0.0855,85.24
5.95,0,1.69,1,0.1129,88.31,2.13,1,0.0962,87.87,4.50,1,0.0900,85.50
6.05,0,1.69,1,0.1129,88.31,2.13,1,0.0962,87.87,4.50,1,0.0900,85.50
6.15,0,1.85,1,0.1134,88.15,2.12,1,0.0975,87.88,4.24,1,0.0945,85.76
6.25,0,2.04,1,0.1136,87.96,2.17,1,0.0999,87.83,3.98,1,0.0984,86.02
6.37,0,2.04,1,0.1136,87.96,2.17,1,0.0999,87.83,3.98,1,0.0984,86.02
6.48,0,2.27,1,0.1136,87.73,2.22,1,0.1027,87.78,3.72,1,0.1019,86.28
6.60,0,2.53,1,0.1137,87.47,2.26,1,0.1046,87.74,3.51,1,0.1054,86.49
6.71,0,2.54,1,0.1140,87.46,2.24,1,0.1047,87.76,3.52,1,0.1053,86.48
6.83,0,2.79,1,0.1137,87.21,2.32,1,0.1054,87.68,3.35,1,0.1089,86.65
6.93,0,3.07,1,0.1138,86.93,2.43,1,0.1063,87.57,3.21,1,0.1124,86.79
7.04,0,3.06,1,0.1140,86.94,2.42,1,0.1061,87.58,3.23,1,0.1126,86.77
7.14,0,3.37,1,0.1137,86.63,2.60,1,0.1082,87.40,3.08,1,0.1155,86.92
7.24,0,3.70,1,0.1134,86.30,2.78,1,0.1105,87.22,2.96,1,0.1183,87.04
7.35,0,3.70,1,0.1134,86.30,2.78,1,0.1105,87.22,2.96,1,0.1183,87.04
7.46,0,4.04,1,0.1128,85.96,2.93,1,0.1121,87.07,2.87,1,0.1210,87.13
7.56,0,4.40,1,0.1124,85.60,3.11,1,0.1126,86.89,2.81,1,0.1238,87.19
7.67,0,4.40,1,0.1124,85.60,3.11,1,0.1126,86.89,2.81,1,0.1238,87.19
7.77,0,4.79,1,0.1121,85.21,3.34,1,0.1130,86.66,2.79,1,0.1265,87.21
7.88,0,5.18,1,0.1119,84.82,3.62,1,0.1144,86.38,2.80,1,0.1292,87.20
7.98,0,5.18,1,0.1119,84.82,3.62,1,0.1144,86.38,2.80,1,0.1292,87.20
8.08,0,5.56,1,0.1113,84.44,3.90,1,0.1162,86.10,2.83,1,0.1318,87.17
8.20,0,5.97,1,0.1104,84.03,4.16,1,0.1173,85.84,2.87,1,0.1343,87.13
8.32,0,5.97,1,0.1104,84.03,4.16,1,0.1173,85.84,2.87,1,0.1343,87.13
8.43,0,6.40,1,0.1097,83.60,4.44,1,0.1174,85.56,2.94,1,0.1365,87.06
8.53,0,6.84,1,0.1092,83.16,4.77,1,0.1174,85.23,3.04,1,0.1387,86.96
8.64,0,6.84,1,0.1092,83.16,4.77,1,0.1174,85.23,3.04,1,0.1387,86.96
8.76,0,7.26,1,0.1088,82.74,5.14,1,0.1184,84.86,3.17,1,0.1410,86.83
8.86,0,7.25,1,0.1090,82.75,5.12,1,0.1182,84.88,3.19,1,0.1412,86.81
8.97,0,7.67,1,0.1082,82.33,5.50,1,0.1199,84.50,3.32,1,0.1433,86.68
9.07,0,7.67,1,0.1082,82.33,5.50,1,0.1199,84.50,3.32,1,0.1433,86.68
9.17,0,8.08,1,0.1073,81.92,5.83,1,0.1205,84.17,3.49,1,0.1456,86.51
9.27,0,8.08,1,0.1073,81.92,5.83,1,0.1205,84.17,3.49,1,0.1456,86.51
9.38,0,8.49,1,0.1065,81.51,6.18,1,0.1201,83.82,3.66,1,0.1477,86.34
9.48,0,8.49,1,0.1065,81.51,6.18,1,0.1201,83.82,3.66,1,0.1477,86.34
9.58,0,8.49,1,0.1065,81.51,6.18,1,0.1201,83.82,3.66,1,0.1477,86.34
9.70,0,8.89,0,0.1059,81.11,6.59,1,0.1199,83.41,3.84,1,0.1495,86.16
9.80,0,9.28,0,0.1055,80.72,7.02,1,0.1207,82.98,4.05,1,0.1513,85.95
9.91,0,9.28,1,0.1055,80.72,7.02,1,0.1207,82.98,4.05,1,0.1513,85.95
10.02,0,9.63,1,0.1052,80.37,7.42,1,0.1218,82.58,4.28,1,0.1533,85.72
10.12,0,9.63,1,0.1052,80.37,7.42,1,0.1218,82.58,4.28,1,0.1533,85.72
10.23,0,9.94,1,0.1046,80.06,7.77,1,0.1221,82.23,4.52,1,0.1556,85.48
10.34,0,10.24,1,0.1040,79.76,8.14,1,0.1213,81.86,4.75,1,0.1576,85.25
10.45,0,10.24,1,0.1040,79.76,8.14,1,0.1213,81.86,4.75,1,0.1576,85.25
10.56,0,10.52,1,0.1035,79.48,8.54,1,0.1209,81.46,4.96,1,0.1593,85.04
10.67,0,10.52,1,0.1035,79.48,8.54,1,0.1209,81.46,4.96,1,0.1593,85.04
10.77,0,10.77,1,0.1033,79.23,8.95,1,0.1216,81.05,5.18,1,0.1608,84.82
10.88,0,10.77,1,0.1037,79.23,8.93,1,0.1216,81.07,5.19,1,0.1608,84.81
10.98,0,10.96,1,0.1033,79.04,9.30,1,0.1228,80.70,5.42,1,0.1627,84.58
11.10,0,11.10,1,0.1032,78.90,9.59,1,0.1229,80.41,5.67,1,0.1650,84.33
11.21,0,11.10,1,0.1032,78.90,9.59,1,0.1229,80.41,5.67,1,0.1650,84.33
11.33,0,11.19,1,0.1030,78.81,9.86,1,0.1219,80.14,5.89,1,0.1671,84.11
11.43,0,11.19,1,0.1030,78.81,9.86,1,0.1219,80.14,5.89,1,0.1671,84.11
11.54,0,11.26,1,0.1028,78.74,10.17,1,0.1215,79.83,6.08,1,0.1689,83.92
11.64,0,11.26,1,0.1028,78.74,10.17,1,0.1215,79.83,6.08,1,0.1689,83.92
11.75,0,11.29,1,0.1029,78.71,10.46,1,0.1225,79.54,6.25,1,0.1704,83.75
11.86,0,11.30,1,0.1032,78.70,10.44,1,0.1226,79.56,6.25,1,0.1702,83.75
11.96,0,11.26,1,0.1033,78.74,10.68,1,0.1239,79.32,6.42,1,0.1722,83.58
12.06,0,11.18,1,0.1037,78.82,10.81,1,0.1242,79.19,6.61,1,0.1744,83.39
12.16,0,11.18,1,0.1037,78.82,10.81,1,0.1242,79.19,6.61,1,0.1744,83.39
12.28,0,11.04,1,0.1040,78.96,10.91,1,0.1234,79.09,6.76,1,0.1768,83.24
12.39,0,10.86,1,0.1043,79.14,11.04,1,0.1230,78.96,6.88,1,0.1789,83.12
12.50,0,10.87,1,0.1042,79.13,11.04,1,0.1232,78.96,6.87,1,0.1787,83.13
12.61,0,10.66,1,0.1046,79.34,11.17,1,0.1241,78.83,6.96,1,0.1807,83.04
12.71,0,10.68,1,0.1048,79.32,11.16,1,0.1244,78.84,6.95,1,0.1804,83.05
12.82,0,10.43,0,0.1051,79.57,11.21,0,0.1259,78.79,7.02,1,0.1826,82.98
12.92,0,10.14,0,0.1056,79.86,11.18,0,0.1260,78.82,7.04,1,0.1825,82.96
13.04,0,10.14,0,0.1056,79.86,11.13,0,0.1267,78.87,7.09,1,0.1848,82.91
13.14,0,9.77,0,0.1059,80.23,11.01,0,0.1264,78.99,7.15,1,0.1874,82.85
13.24,0,9.77,0,0.1059,80.23,11.01,0,0.1264,78.99,7.15,1,0.1874,82.85
13.36,0,9.34,0,0.1061,80.66,10.94,1,0.1262,79.06,7.16,1,0.1898,82.84
13.47,0,8.92,0,0.1066,81.08,10.93,1,0.1272,79.07,7.16,1,0.1917,82.84
13.57,0,8.92,0,0.1066,81.08,10.93,1,0.1272,79.07,7.16,1,0.1917,82.84
13.68,0,8.55,1,0.1068,81.45,10.90,1,0.1290,79.10,7.16,1,0.1934,82.84
13.78,0,8.22,1,0.1067,81.78,10.79,1,0.1300,79.21,7.18,1,0.1954,82.82
13.89,0,7.91,1,0.1065,82.09,10.67,1,0.1297,79.33,7.22,1,0.1977,82.78
14.00,0,7.91,1,0.1065,82.09,10.67,1,0.1297,79.33,7.22,1,0.1977,82.78
14.11,0,7.60,1,0.1067,82.40,10.57,1,0.1295,79.43,7.24,1,0.1997,82.76
14.21,0,7.29,1,0.1070,82.71,10.49,1,0.1303,79.51,7.24,1,0.2014,82.76
14.32,0,7.29,1,0.1070,82.71,10.49,1,0.1303,79.51,7.24,1,0.2014,82.76
14.44,0,7.01,1,0.1070,82.99,10.36,1,0.1319,79.64,7.23,1,0.2027,82.77
14.54,0,6.75,1,0.1068,83.25,10.35,1,0.1323,79.65,7.22,1,0.2023,82.78
14.64,0,6.75,1,0.1068,83.25,10.13,1,0.1331,79.87,7.23,1,0.2041,82.77
14.75,0,6.50,1,0.1068,83.50,9.86,1,0.1334,80.14,7.26,1,0.2057,82.74
14.85,0,6.50,1,0.1068,83.50,9.86,1,0.1334,80.14,7.26,1,0.2057,82.74
14.96,0,6.25,1,0.1071,83.75,9.61,1,0.1336,80.39,7.28,1,0.2071,82.72
15.06,0,6.25,1,0.1071,83.75,9.61,1,0.1336,80.39,7.28,1,0.2071,82.72
15.18,0,5.99,1,0.1075,84.01,9.38,1,0.1344,80.62,7.28,1,0.2081,82.72
15.28,0,5.73,1,0.1076,84.27,9.13,1,0.1359,80.87,7.25,1,0.2089,82.75
15.38,0,5.73,1,0.1076,84.27,9.13,1,0.1359,80.87,7.25,1,0.2089,82.75
15.49,0,5.52,1,0.1073,84.48,8.80,1,0.1372,81.20,7.20,1,0.2097,82.80
15.59,0,5.52,1,0.1073,84.48,8.80,1,0.1372,81.20,7.20,1,0.2097,82.80
15.70,0,5.35,1,0.1071,84.65,8.44,1,0.1380,81.56,7.12,1,0.2103,82.88
15.82,0,5.35,1,0.1071,84.65,8.44,1,0.1380,81.56,7.12,1,0.2103,82.88
15.93,0,5.19,1,0.1074,84.81,8.11,1,0.1385,81.89,7.01,1,0.2105,82.99
16.04,0,5.19,1,0.1074,84.81,8.11,1,0.1385,81.89,7.01,1,0.2105,82.99
16.15,0,5.01,1,0.1079,84.99,7.81,1,0.1393,82.19,6.83,1,0.2105,83.17
16.25,0,5.01,1,0.1079,84.99,7.81,1,0.1393,82.19,6.83,1,0.2105,83.17
16.37,0,4.82,1,0.1079,85.18,7.50,1,0.1405,82.50,6.57,1,0.2102,83.43
16.48,0,4.68,1,0.1075,85.32,7.51,1,0.1406,82.49,6.56,1,0.2101,83.44
16.59,0,4.68,1,0.1075,85.32,7.15,1,0.1417,82.85,6.22,1,0.2097,83.78
16.71,0,4.61,1,0.1071,85.39,6.81,1,0.1426,83.19,5.77,1,0.2085,84.23
16.81,0,4.61,1,0.1071,85.39,6.81,1,0.1426,83.19,5.77,1,0.2085,84.23
16.91,0,4.55,1,0.1072,85.45,6.50,1,0.1432,83.50,5.25,1,0.2068,84.75
17.02,0,4.49,1,0.1076,85.51,6.22,1,0.1440,83.78,4.69,1,0.2051,85.31
17.13,0,4.49,1,0.1076,85.51,6.22,1,0.1440,83.78,4.69,1,0.2051,85.31
17.24,0,4.40,1,0.1077,85.60,5.95,1,0.1447,84.05,4.09,1,0.2034,85.91
17.34,0,4.35,1,0.1072,85.65,5.67,1,0.1454,84.33,3.42,1,0.2010,86.58
17.46,0,4.35,1,0.1072,85.65,5.67,1,0.1454,84.33,3.42,1,0.2010,86.58
17.56,0,4.37,1,0.1066,85.63,5.41,1,0.1460,84.59,2.71,1,0.1979,87.29
17.68,0,4.42,1,0.1064,85.58,5.19,1,0.1467,84.81,2.01,1,0.1947,87.99
17.79,0,4.42,1,0.1064,85.58,5.19,1,0.1467,84.81,2.01,1,0.1947,87.99
17.89,0,4.48,1,0.1067,85.52,4.99,1,0.1473,85.01,1.36,1,0.1915,88.64
18.01,0,4.51,1,0.1068,85.49,4.81,1,0.1478,85.19,0.73,1,0.1883,89.27
18.12,0,4.51,1,0.1068,85.49,4.81,1,0.1478,85.19,0.73,1,0.1883,89.27
18.24,0,4.55,1,0.1063,85.45,4.63,1,0.1479,85.37,0.12,1,0.1847,89.88
18.36,0,4.65,1,0.1055,85.35,4.47,1,0.1480,85.53,0.45,1,0.1808,89.55
18.46,0,4.65,1,0.1055,85.35,4.47,1,0.1480,85.53,0.45,1,0.1808,89.55
18.58,0,4.81,1,0.1050,85.19,4.36,1,0.1485,85.64,0.96,1,0.1767,89.04
18.70,0,4.97,1,0.1050,85.03,4.28,1,0.1491,85.72,1.39,1,0.1724,88.61
18.81,0,4.97,1,0.1050,85.03,4.28,1,0.1491,85.72,1.39,1,0.1724,88.61
18.93,0,5.11,1,0.1051,84.89,4.19,1,0.1493,85.81,1.75,1,0.1680,88.25
19.05,0,5.25,1,0.1048,84.75,4.10,1,0.1491,85.90,2.02,1,0.1636,87.98
19.16,0,5.24,1,0.1047,84.76,4.10,1,0.1488,85.90,2.01,1,0.1638,87.99
19.27,0,5.43,1,0.1040,84.57,4.06,1,0.1487,85.94,2.22,1,0.1591,87.78
19.37,0,5.65,1,0.1032,84.35,4.07,1,0.1487,85.93,2.36,1,0.1542,87.64
19.48,0,5.65,1,0.1032,84.35,4.07,1,0.1487,85.93,2.36,1,0.1542,87.64
19.59,0,5.90,1,0.1029,84.10,4.10,1,0.1490,85.90,2.42,1,0.1488,87.58
19.69,0,5.90,1,0.1029,84.10,4.10,1,0.1490,85.90,2.42,1,0.1488,87.58
19.79,0,6.12,1,0.1030,83.88,4.12,1,0.1492,85.88,2.39,1,0.1431,87.61
19.91,0,6.34,1,0.1028,83.66,4.14,1,0.1488,85.86,2.26,1,0.1377,87.74
20.02,0,6.34,1,0.1028,83.66,4.14,1,0.1488,85.86,2.26,1,0.1377,87.74
20.13,0,6.57,1,0.1021,83.43,4.20,1,0.1480,85.80,2.05,1,0.1324,87.95
20.24,0,6.82,1,0.1013,83.18,4.32,1,0.1475,85.68,1.79,1,0.1270,88.21
20.35,0,6.82,1,0.1013,83.18,4.32,1,0.1475,85.68,1.79,1,0.1270,88.21
20.47,0,7.10,1,0.1008,82.90,4.46,1,0.1475,85.54,1.49,1,0.1210,88.51
20.57,0,7.37,1,0.1008,82.63,4.59,1,0.1475,85.41,1.12,1,0.1146,88.88
20.69,0,7.37,1,0.1008,82.63,4.59,1,0.1475,85.41,1.12,1,0.1146,88.88
20.79,0,7.62,1,0.1008,82.38,4.71,1,0.1471,85.29,0.67,1,0.1083,89.33
20.91,0,7.87,1,0.1004,82.13,4.86,1,0.1462,85.14,0.16,1,0.1025,89.84
21.02,0,7.87,1,0.1004,82.13,4.86,1,0.1462,85.14,0.16,1,0.1025,89.84
21.12,0,8.11,1,0.0997,81.89,5.06,1,0.1452,84.94,0.38,1,0.0970,89.62
21.23,0,8.36,1,0.0991,81.64,5.30,1,0.1446,84.70,0.92,1,0.0912,89.08
21.34,0,8.36,1,0.0991,81.64,5.30,1,0.1446,84.70,0.92,1,0.0912,89.08
21.44,0,8.60,1,0.0989,81.40,5.54,1,0.1444,84.46,1.47,1,0.0850,88.53
21.54,0,8.63,1,0.0995,81.37,5.51,1,0.1448,84.49,1.46,1,0.0844,88.54
21.64,0,8.82,1,0.0991,81.18,5.74,1,0.1441,84.26,2.04,1,0.0788,87.96
21.74,0,8.82,1,0.0991,81.18,5.74,1,0.1441,84.26,2.04,1,0.0788,87.96
21.85,0,9.03,1,0.0991,80.97,5.96,1,0.1432,84.04,2.68,1,0.0734,87.32
21.96,0,9.03,1,0.0991,80.97,5.96,1,0.1432,84.04,2.68,1,0.0734,87.32
22.06,0,9.21,1,0.0987,80.79,6.22,1,0.1420,83.78,3.34,1,0.0686,86.66
22.17,0,9.21,1,0.0987,80.79,6.22,1,0.1420,83.78,3.34,1,0.0686,86.66
22.27,0,9.36,1,0.0982,80.64,6.52,1,0.1409,83.48,3.96,1,0.0641,86.04
22.38,0,9.50,1,0.0979,80.50,6.80,1,0.1404,83.20,4.56,1,0.0598,85.44
22.49,0,9.50,1,0.0979,80.50,6.80,1,0.1404,83.20,4.56,1,0.0598,85.44
22.60,0,9.63,1,0.0982,80.37,7.06,1,0.1401,82.94,5.15,1,0.0556,84.85
22.72,0,9.74,1,0.0985,80.26,7.31,1,0.1395,82.69,5.78,1,0.0517,84.22
22.83,0,9.74,1,0.0985,80.26,7.31,1,0.1395,82.69,5.78,1,0.0517,84.22
22.94,0,9.81,1,0.0986,80.19,7.57,1,0.1384,82.43,6.41,1,0.0486,83.59
23.06,0,9.83,1,0.0983,80.17,7.86,1,0.1371,82.14,7.01,1,0.0466,82.99
23.17,0,9.83,1,0.0983,80.17,7.86,1,0.1371,82.14,7.01,1,0.0466,82.99
23.28,0,9.81,1,0.0980,80.19,8.14,1,0.1363,81.86,7.53,1,0.0456,82.47
23.38,0,9.80,1,0.0982,80.20,8.40,1,0.1359,81.60,7.98,1,0.0451,82.02
23.49,0,9.80,1,0.0982,80.20,8.40,1,0.1359,81.60,7.98,1,0.0451,82.02
23.59,0,9.79,1,0.0988,80.21,8.63,1,0.1356,81.37,8.38,1,0.0447,81.62
23.70,0,9.74,1,0.0992,80.26,8.85,1,0.1350,81.15,8.71,1,0.0451,81.29
23.81,0,9.74,1,0.0992,80.26,8.85,1,0.1350,81.15,8.71,1,0.0451,81.29
23.91,0,9.63,1,0.0993,80.37,9.07,1,0.1338,80.93,8.94,1,0.0469,81.06
24.01,0,9.63,1,0.0993,80.37,9.07,1,0.1338,80.93,8.94,1,0.0469,81.06
24.12,0,9.47,1,0.0991,80.53,9.28,1,0.1328,80.72,9.06,1,0.0498,80.94
24.22,0,9.47,1,0.0991,80.53,9.28,1,0.1328,80.72,9.06,1,0.0498,80.94
24.33,0,9.31,1,0.0992,80.69,9.48,1,0.1322,80.52,9.08,1,0.0527,80.92
24.43,0,9.31,1,0.0992,80.69,9.48,1,0.1322,80.52,9.08,1,0.0527,80.92
24.54,0,9.17,1,0.0998,80.83,9.64,1,0.1323,80.36,9.03,1,0.0556,80.97
24.64,0,9.02,1,0.1005,80.98,9.76,1,0.1322,80.24,8.90,1,0.0592,81.10
24.74,0,9.02,1,0.1005,80.98,9.76,1,0.1322,80.24,8.90,1,0.0592,81.10
24.85,0,8.83,1,0.1010,81.17,9.86,1,0.1316,80.14,8.66,1,0.0641,81.34
24.95,0,8.83,1,0.1010,81.17,9.86,1,0.1316,80.14,8.66,1,0.0641,81.34
25.06,0,8.58,1,0.1011,81.42,9.93,1,0.1306,80.07,8.30,1,0.0694,81.70
25.18,0,8.58,1,0.1011,81.42,9.93,1,0.1306,80.07,8.30,1,0.0694,81.70
25.28,0,8.32,1,0.1011,81.68,9.99,1,0.1300,80.01,7.82,1,0.0749,82.18
25.39,0,8.32,1,0.1011,81.68,9.99,1,0.1300,80.01,7.82,1,0.0749,82.18
25.50,0,8.09,1,0.1015,81.91,10.02,1,0.1302,79.98,7.22,1,0.0814,82.78
25.61,0,7.89,1,0.1022,82.11,10.01,1,0.1307,79.99,6.56,1,0.0881,83.44
25.71,0,7.89,1,0.1022,82.11,10.01,1,0.1307,79.99,6.56,1,0.0881,83.44
25.83,0,7.68,1,0.1030,82.32,9.95,1,0.1308,80.05,5.89,1,0.0946,84.11
25.93,0,7.68,1,0.1030,82.32,9.95,1,0.1308,80.05,5.89,1,0.0946,84.11
26.04,0,7.41,1,0.1034,82.59,9.86,1,0.1304,80.14,5.23,1,0.1014,84.77
26.14,0,7.11,1,0.1036,82.89,9.77,1,0.1298,80.23,4.56,1,0.1082,85.44
26.26,0,7.11,1,0.1036,82.89,9.77,1,0.1298,80.23,4.56,1,0.1082,85.44
26.38,0,6.85,1,0.1037,83.15,9.67,1,0.1299,80.33,3.88,1,0.1145,86.12
26.50,0,6.64,1,0.1042,83.36,9.66,1,0.1306,80.34,3.85,1,0.1144,86.15
26.60,0,6.64,1,0.1042,83.36,9.53,1,0.1307,80.47,3.22,1,0.1200,86.78
26.70,0,6.64,1,0.1042,83.36,9.53,1,0.1307,80.47,3.22,1,0.1200,86.78
26.80,0,6.45,1,0.1050,83.55,9.35,1,0.1315,80.65,2.61,1,0.1249,87.39
26.91,0,6.45,1,0.1050,83.55,9.35,1,0.1315,80.65,2.61,1,0.1249,87.39
27.02,0,6.24,1,0.1057,83.76,9.13,1,0.1317,80.87,2.08,1,0.1293,87.92
27.12,0,6.24,1,0.1057,83.76,9.13,1,0.1317,80.87,2.08,1,0.1293,87.92
27.22,0,5.98,1,0.1060,84.02,8.90,1,0.1314,81.10,1.61,1,0.1334,88.39
27.32,0,5.98,1,0.1060,84.02,8.90,1,0.1314,81.10,1.61,1,0.1334,88.39
27.42,0,5.74,1,0.1060,84.26,8.69,1,0.1313,81.31,1.18,1,0.1371,88.82
27.53,0,5.74,1,0.1060,84.26,8.69,1,0.1313,81.31,1.18,1,0.1371,88.82
27.64,0,5.56,1,0.1061,84.44,8.47,1,0.1321,81.53,0.76,1,0.1405,89.24
27.75,0,5.43,1,0.1066,84.57,8.22,1,0.1332,81.78,0.37,1,0.1431,89.63
27.86,0,5.31,1,0.1075,84.69,7.93,1,0.1340,82.07,0.05,1,0.1451,89.95
27.96,0,5.31,1,0.1075,84.69,7.93,1,0.1340,82.07,0.05,1,0.1451,89.95
28.08,0,5.14,1,0.1080,84.86,7.63,1,0.1341,82.37,0.20,1,0.1469,89.80
28.19,0,4.97,1,0.1080,85.03,7.36,1,0.1339,82.64,0.39,1,0.1489,89.61
28.30,0,4.97,1,0.1080,85.03,7.36,1,0.1339,82.64,0.39,1,0.1489,89.61
28.42,0,4.83,1,0.1078,85.17,7.12,1,0.1343,82.88,0.57,1,0.1508,89.43
28.52,0,4.77,1,0.1080,85.23,6.86,1,0.1353,83.14,0.74,1,0.1523,89.26
28.62,0,4.68,1,0.1079,85.32,6.60,1,0.1356,83.40,0.83,1,0.1537,89.17
28.73,0,4.68,1,0.1079,85.32,6.60,1,0.1356,83.40,0.83,1,0.1537,89.17
28.85,0,4.61,1,0.1080,85.39,6.35,1,0.1359,83.65,0.87,1,0.1549,89.13
28.95,0,4.55,1,0.1080,85.45,6.11,1,0.1362,83.89,0.87,1,0.1559,89.13
29.05,0,4.55,1,0.1080,85.45,6.11,1,0.1362,83.89,0.87,1,0.1559,89.13
29.17,0,4.51,1,0.1078,85.49,5.88,1,0.1365,84.12,0.82,1,0.1567,89.18
29.29,0,4.52,1,0.1076,85.48,5.46,1,0.1370,84.54,0.59,1,0.1579,89.41
29.40,0,4.57,1,0.1074,85.43,5.27,1,0.1371,84.73,0.41,1,0.1583,89.59
29.52,0,4.62,1,0.1072,85.38,4.95,1,0.1375,85.05,0.05,1,0.1586,89.95
29.63,0,4.82,1,0.1097,85.18,4.67,1,0.1386,85.33,0.36,1,0.1558,89.64
29.73,0,4.91,1,0.1094,85.09,4.54,1,0.1392,85.46,0.66,1,0.1560,89.34
29.85,0,4.91,1,0.1098,85.09,4.37,1,0.1409,85.63,0.98,1,0.1567,89.02
29.97,0,4.73,1,0.1101,85.27,4.15,1,0.1428,85.85,1.36,1,0.1576,88.64
30.07,1,4.39,1,0.1099,85.61,3.92,1,0.1439,86.08,1.81,1,0.1585,88.19
30.17,1,4.39,1,0.1099,85.61,3.92,1,0.1439,86.08,1.81,1,0.1585,88.19
30.28,1,4.43,1,0.1084,85.57,3.71,1,0.1446,86.29,2.28,1,0.1596,87.72
30.39,1,6.60,1,0.1034,83.40,3.51,1,0.1459,86.49,2.73,1,0.1613,87.27
30.51,1,6.60,1,0.1034,83.40,3.51,1,0.1459,86.49,2.73,1,0.1613,87.27
30.61,1,13.40,1,0.0944,76.60,3.31,1,0.1488,86.69,3.14,1,0.1634,86.86
30.71,1,13.40,1,0.0944,76.60,3.31,1,0.1488,86.69,3.14,1,0.1634,86.86
30.82,1,26.03,1,0.0894,63.97,3.09,1,0.1522,86.91,3.56,1,0.1651,86.44
30.92,1,43.32,1,0.1027,46.68,2.88,1,0.1544,87.12,4.02,1,0.1659,85.98
31.02,1,43.32,1,0.1027,46.68,2.88,1,0.1544,87.12,4.02,1,0.1659,85.98
31.14,1,64.38,1,0.1365,25.62,2.71,1,0.1552,87.29,4.51,1,0.1664,85.49
31.24,1,64.38,1,0.1365,25.62,2.71,1,0.1552,87.29,4.51,1,0.1664,85.49
31.34,1,87.34,1,0.1804,2.66,2.59,1,0.1559,87.41,5.00,1,0.1674,85.00
31.45,1,87.34,1,0.1804,2.66,2.59,1,0.1559,87.41,5.00,1,0.1674,85.00
31.55,1,111.12,0,0.2269,-21.12,2.50,1,0.1577,87.50,5.43,1,0.1686,84.57
31.66,1,135.91,0,0.2731,-45.91,2.41,1,0.1606,87.59,5.83,1,0.1692,84.17
31.76,1,135.91,0,0.2731,-45.91,2.41,1,0.1606,87.59,5.83,1,0.1692,84.17
31.88,1,160.24,0,0.3126,-70.24,2.30,1,0.1630,87.70,6.26,1,0.1690,83.74
31.98,1,160.24,0,0.3126,-70.24,2.30,1,0.1630,87.70,6.26,1,0.1690,83.74
32.08,1,176.85,1,0.3407,-86.85,2.22,1,0.1638,87.78,6.73,1,0.1685,83.27
32.19,1,176.85,1,0.3407,-86.85,2.22,1,0.1638,87.78,6.73,1,0.1685,83.27
32.29,1,156.04,1,0.3559,-66.04,2.21,1,0.1632,87.79,6.77,1,0.1685,83.23
32.40,1,156.04,1,0.3559,-66.04,2.20,1,0.1638,87.80,7.23,1,0.1686,82.77
32.50,1,156.04,1,0.3559,-66.04,2.20,1,0.1638,87.80,7.23,1,0.1686,82.77
32.60,1,136.91,1,0.3595,-46.91,2.23,1,0.1644,87.77,7.68,1,0.1692,82.32
32.71,1,136.91,1,0.3595,-46.91,2.23,1,0.1644,87.77,7.68,1,0.1692,82.32
32.81,1,117.81,1,0.3526,-27.81,2.28,1,0.1664,87.72,8.08,1,0.1695,81.92
32.91,1,117.81,1,0.3526,-27.81,2.28,1,0.1664,87.72,8.08,1,0.1695,81.92
33.03,1,98.40,1,0.3341,-8.40,2.31,1,0.1686,87.69,8.46,1,0.1689,81.54
33.13,1,98.40,1,0.3341,-8.40,2.31,1,0.1686,87.69,8.46,1,0.1689,81.54
33.24,1,78.40,0,0.3030,11.60,2.34,1,0.1695,87.66,8.86,1,0.1680,81.14
33.34,1,78.40,0,0.3030,11.60,2.34,1,0.1695,87.66,8.86,1,0.1680,81.14
33.44,1,57.15,0,0.2580,32.85,2.42,1,0.1692,87.58,9.29,1,0.1675,80.71
33.54,1,57.15,0,0.2580,32.85,2.42,1,0.1692,87.58,9.29,1,0.1675,80.71
33.65,1,57.15,0,0.2580,32.85,2.42,1,0.1692,87.58,9.29,1,0.1675,80.71
33.75,1,34.97,0,0.2025,55.03,2.55,1,0.1690,87.45,9.68,1,0.1679,80.32
33.85,1,34.97,0,0.2025,55.03,2.55,1,0.1690,87.45,9.68,1,0.1679,80.32
33.95,1,11.99,0,0.1434,78.01,2.72,1,0.1698,87.28,9.99,1,0.1685,80.01
34.05,1,11.99,1,0.1434,78.01,2.72,1,0.1698,87.28,9.99,1,0.1685,80.01
34.16,1,11.60,1,0.0957,78.40,2.87,1,0.1713,87.13,10.24,1,0.1681,79.76
34.28,1,11.60,1,0.0957,78.40,2.87,1,0.1713,87.13,10.24,1,0.1681,79.76
34.39,1,35.35,1,0.0884,54.65,3.02,1,0.1724,86.98,10.46,1,0.1669,79.54
34.49,1,59.75,1,0.1242,30.25,3.18,1,0.1725,86.82,10.70,1,0.1660,79.30
34.61,1,59.75,1,0.1242,30.25,3.18,1,0.1725,86.82,10.70,1,0.1660,79.30
34.72,1,84.60,1,0.1739,5.40,3.39,1,0.1719,86.61,10.92,1,0.1660,79.08
34.83,1,109.47,1,0.2242,-19.47,3.64,1,0.1717,86.36,11.08,1,0.1663,78.92
34.93,1,109.47,1,0.2242,-19.47,3.64,1,0.1717,86.36,11.08,1,0.1663,78.92
35.03,1,133.66,0,0.2702,-43.66,3.90,1,0.1723,86.10,11.16,1,0.1662,78.84
35.13,1,133.66,0,0.2702,-43.66,3.90,1,0.1723,86.10,11.16,1,0.1662,78.84
35.25,1,156.44,0,0.3091,-66.44,4.14,1,0.1734,85.86,11.18,0,0.1653,78.82
35.35,1,156.44,0,0.3091,-66.44,4.14,1,0.1734,85.86,11.18,0,0.1653,78.82
35.46,1,156.50,0,0.3102,-66.50,4.10,1,0.1743,85.90,11.16,0,0.1642,78.84
35.57,1,176.93,1,0.3376,-86.93,4.38,1,0.1739,85.62,11.19,1,0.1642,78.81
35.67,1,164.52,1,0.3556,-74.52,4.34,1,0.1738,85.66,11.22,1,0.1635,78.78
35.78,1,164.52,1,0.3556,-74.52,4.63,1,0.1735,85.37,11.19,1,0.1638,78.81
35.90,1,146.27,1,0.3640,-56.27,4.92,1,0.1729,85.08,11.15,1,0.1640,78.85
36.00,1,146.27,1,0.3640,-56.27,4.92,1,0.1729,85.08,11.15,1,0.1640,78.85
36.10,1,128.89,1,0.3634,-38.89,5.22,1,0.1729,84.78,11.04,1,0.1641,78.96
36.22,1,128.89,1,0.3634,-38.89,5.22,1,0.1729,84.78,11.04,1,0.1641,78.96
36.34,1,111.82,1,0.3532,-21.82,5.52,1,0.1726,84.48,10.89,1,0.1642,79.11
36.45,1,94.36,1,0.3339,-4.36,5.83,1,0.1740,84.17,10.63,1,0.1638,79.37
36.55,1,94.31,1,0.3350,-4.31,5.78,1,0.1747,84.22,10.63,1,0.1628,79.37
36.67,1,75.59,0,0.3027,14.41,6.11,1,0.1742,83.89,10.41,1,0.1629,79.59
36.79,1,55.43,0,0.2587,34.57,6.40,1,0.1737,83.60,10.17,0,0.1625,79.83
36.89,1,55.43,0,0.2587,34.57,6.40,1,0.1737,83.60,10.17,0,0.1625,79.83
36.99,1,35.43,0,0.2081,54.57,6.72,1,0.1729,83.28,9.84,0,0.1628,80.16
37.10,1,14.73,0,0.1545,75.27,7.06,1,0.1726,82.94,9.40,0,0.1630,80.60
37.21,1,14.73,1,0.1545,75.27,7.06,1,0.1726,82.94,9.40,1,0.1630,80.60
37.32,1,7.24,1,0.1076,82.76,7.37,1,0.1732,82.63,8.86,1,0.1623,81.14
37.42,1,7.24,1,0.1076,82.76,7.37,1,0.1732,82.63,8.86,1,0.1623,81.14
37.52,1,30.68,1,0.0915,59.32,7.64,1,0.1740,82.36,8.26,1,0.1610,81.74
37.62,1,30.72,1,0.0924,59.28,7.58,1,0.1744,82.42,8.27,1,0.1600,81.73
37.73,1,55.72,1,0.1216,34.28,7.88,1,0.1740,82.12,7.67,1,0.1599,82.33
37.83,1,82.12,1,0.1733,7.88,8.13,1,0.1730,81.87,7.08,1,0.1595,82.92
37.93,1,82.12,1,0.1733,7.88,8.13,1,0.1730,81.87,7.08,1,0.1595,82.92
38.03,0,108.03,1,0.2255,-18.03,8.40,1,0.1721,81.60,6.46,1,0.1596,83.54
38.14,0,108.03,1,0.2255,-18.03,8.40,1,0.1721,81.60,6.46,1,0.1596,83.54
38.24,0,133.18,0,0.2737,-43.18,8.66,1,0.1721,81.34,5.79,1,0.1593,84.21
38.34,0,155.24,0,0.3123,-65.24,8.86,1,0.1730,81.14,5.09,1,0.1583,84.91
38.44,0,155.24,0,0.3123,-65.24,8.86,1,0.1730,81.14,5.09,1,0.1583,84.91
38.54,0,173.79,1,0.3394,-83.79,9.00,1,0.1737,81.00,4.43,1,0.1570,85.57
38.64,0,170.35,1,0.3577,-80.35,9.11,1,0.1734,80.89,3.83,1,0.1560,86.17
38.74,0,170.35,1,0.3577,-80.35,9.11,1,0.1734,80.89,3.83,1,0.1560,86.17
38.85,0,156.53,1,0.3682,-66.53,9.24,1,0.1723,80.76,3.26,1,0.1559,86.74
38.95,0,156.55,1,0.3676,-66.55,9.27,1,0.1720,80.73,3.26,1,0.1565,86.74
39.06,0,144.18,1,0.3728,-54.18,9.39,1,0.1717,80.61,2.69,1,0.1562,87.31
39.18,0,132.87,1,0.3740,-42.87,9.49,1,0.1723,80.51,2.10,1,0.1558,87.90
39.30,0,122.44,1,0.3730,-32.44,9.51,1,0.1736,80.49,1.53,1,0.1544,88.47
39.40,0,122.44,1,0.3730,-32.44,9.51,1,0.1736,80.49,1.53,1,0.1544,88.47
39.51,0,112.83,1,0.3694,-22.83,9.47,1,0.1744,80.53,1.05,1,0.1528,88.95
39.61,0,112.83,1,0.3694,-22.83,9.47,1,0.1744,80.53,1.05,1,0.1528,88.95
39.71,0,103.98,0,0.3624,-13.98,9.43,1,0.1741,80.57,0.66,1,0.1518,89.34
39.82,0,103.98,0,0.3624,-13.98,9.43,1,0.1741,80.57,0.66,1,0.1518,89.34
39.92,0,95.77,0,0.3524,-5.77,9.41,1,0.1734,80.59,0.32,1,0.1516,89.68
40.03,0,88.08,0,0.3410,1.92,9.38,1,0.1733,80.62,0.03,1,0.1515,89.97
40.13,0,88.08,0,0.3410,1.92,9.38,1,0.1733,80.62,0.03,1,0.1515,89.97
40.23,0,80.81,0,0.3297,9.19,9.28,1,0.1746,80.72,0.36,1,0.1504,89.64
40.33,0,80.81,0,0.3297,9.19,9.28,1,0.1746,80.72,0.36,1,0.1504,89.64
40.44,0,73.93,0,0.3188,16.07,9.11,1,0.1762,80.89,0.63,1,0.1482,89.37
40.55,0,67.55,0,0.3075,22.45,8.90,1,0.1769,81.10,0.78,1,0.1460,89.22
40.65,0,61.66,0,0.2951,28.34,8.71,1,0.1765,81.29,0.84,1,0.1446,89.16
40.77,0,56.04,0,0.2817,33.96,8.54,1,0.1759,81.46,0.86,1,0.1440,89.14
40.88,0,50.57,0,0.2689,39.43,8.34,1,0.1776,81.66,0.93,1,0.1423,89.07
41.00,0,40.58,0,0.2458,49.42,7.81,1,0.1791,82.19,0.76,1,0.1376,89.24
41.11,0,36.02,0,0.2353,53.98,7.50,1,0.1788,82.50,0.51,1,0.1350,89.49
41.23,0,27.60,1,0.2127,62.40,7.01,1,0.1785,82.99,0.01,1,0.1319,89.99
41.34,0,23.65,1,0.2021,66.35,6.76,1,0.1790,83.24,0.29,1,0.1300,89.71
41.45,0,19.79,1,0.1929,70.21,6.46,1,0.1805,83.54,0.60,1,0.1267,89.40
41.55,0,16.07,1,0.1849,73.93,6.13,1,0.1817,83.87,0.99,1,0.1229,89.01
41.66,0,16.07,1,0.1849,73.93,6.13,1,0.1817,83.87,0.99,1,0.1229,89.01
41.76,0,12.50,1,0.1767,77.50,5.82,1,0.1817,84.18,1.46,1,0.1199,88.54
41.88,0,9.02,1,0.1680,80.98,5.58,1,0.1808,84.42,1.96,1,0.1180,88.04
42.00,0,9.05,1,0.1672,80.95,5.62,1,0.1804,84.38,1.95,1,0.1188,88.05
42.12,0,5.50,1,0.1593,84.50,5.37,1,0.1802,84.63,2.43,1,0.1164,87.57
42.23,0,1.91,1,0.1517,88.09,5.14,1,0.1808,84.86,2.88,1,0.1137,87.12
42.33,0,1.91,1,0.1517,88.09,5.14,1,0.1808,84.86,2.88,1,0.1137,87.12
42.44,0,1.69,1,0.1457,88.31,4.88,1,0.1822,85.12,3.34,1,0.1099,86.66
42.55,0,5.19,1,0.1406,84.81,4.58,1,0.1827,85.42,3.86,1,0.1059,86.14
42.65,0,5.19,1,0.1406,84.81,4.58,1,0.1827,85.42,3.86,1,0.1059,86.14
42.76,0,8.50,1,0.1356,81.50,4.31,1,0.1814,85.69,4.42,1,0.1031,85.58
42.87,0,11.63,1,0.1306,78.37,4.07,1,0.1796,85.93,4.96,1,0.1014,85.04
42.97,0,11.63,1,0.1306,78.37,4.07,1,0.1796,85.93,4.96,1,0.1014,85.04
43.07,0,14.62,1,0.1264,75.38,3.86,1,0.1789,86.14,5.43,1,0.0996,84.57
43.18,0,17.46,1,0.1242,72.54,3.61,1,0.1793,86.39,5.86,1,0.0967,84.14
43.28,0,17.46,1,0.1242,72.54,3.61,1,0.1793,86.39,5.86,1,0.0967,84.14
43.38,0,20.02,1,0.1243,69.98,3.31,1,0.1796,86.69,6.29,1,0.0927,83.71
43.49,0,20.02,1,0.1243,69.98,3.31,1,0.1796,86.69,6.29,1,0.0927,83.71
43.59,0,20.02,1,0.1243,69.98,3.31,1,0.1796,86.69,6.29,1,0.0927,83.71
43.69,0,22.11,0,0.1256,67.89,3.03,1,0.1785,86.97,6.77,1,0.0891,83.23
43.79,0,22.11,0,0.1256,67.89,3.03,1,0.1785,86.97,6.77,1,0.0891,83.23
43.91,0,23.57,0,0.1273,66.43,2.81,1,0.1764,87.19,7.25,1,0.0871,82.75
44.03,0,24.36,0,0.1296,65.64,2.67,1,0.1746,87.33,7.68,1,0.0862,82.32
44.13,0,24.36,0,0.1296,65.64,2.67,1,0.1746,87.33,7.68,1,0.0862,82.32
44.25,0,24.67,0,0.1329,65.33,2.54,1,0.1738,87.46,8.02,1,0.0849,81.98
44.35,0,24.67,0,0.1329,65.33,2.54,1,0.1738,87.46,8.02,1,0.0849,81.98
44.47,0,24.94,0,0.1365,65.06,2.38,1,0.1737,87.62,8.32,1,0.0823,81.68
44.57,0,25.23,0,0.1416,64.77,2.19,1,0.1732,87.81,8.63,1,0.0791,81.37
44.69,0,25.47,0,0.1473,64.53,2.02,1,0.1715,87.98,8.97,1,0.0769,81.03
44.80,0,25.84,0,0.1533,64.16,1.93,1,0.1671,88.07,9.56,1,0.0766,80.44
44.91,0,26.13,0,0.1547,63.87,1.91,1,0.1659,88.09,9.72,1,0.0758,80.28
45.02,0,26.91,0,0.1621,63.09,1.78,1,0.1637,88.22,9.99,1,0.0720,80.01
45.14,0,27.25,0,0.1654,62.75,1.76,1,0.1618,88.24,10.13,1,0.0718,79.87
45.25,0,27.87,0,0.1667,62.13,1.93,1,0.1568,88.07,10.13,1,0.0745,79.87
45.35,0,28.32,0,0.1678,61.68,2.03,1,0.1550,87.97,9.98,1,0.0751,80.02
45.46,0,28.90,0,0.1722,61.10,2.00,1,0.1549,88.00,9.86,1,0.0735,80.14
45.57,0,29.78,0,0.1751,60.22,2.23,1,0.1505,87.77,9.60,1,0.0770,80.40
45.68,0,30.19,0,0.1740,59.81,2.47,1,0.1470,87.53,9.35,1,0.0804,80.65
45.80,0,31.30,0,0.1758,58.70,2.85,1,0.1428,87.15,8.76,1,0.0840,81.24
45.91,0,31.98,0,0.1795,58.02,2.91,1,0.1426,87.09,8.49,1,0.0835,81.51
46.03,0,33.10,0,0.1803,56.90,3.33,1,0.1374,86.67,7.81,1,0.0879,82.19
46.14,0,33.67,0,0.1788,56.33,3.66,1,0.1339,86.34,7.38,1,0.0912,82.62
46.25,0,35.04,0,0.1803,54.96,4.16,1,0.1298,85.84,6.44,1,0.0939,83.56
46.36,0,35.81,0,0.1833,54.19,4.25,1,0.1293,85.75,5.90,1,0.0928,84.10
46.48,0,37.18,0,0.1831,52.82,4.76,1,0.1233,85.24,4.65,1,0.0962,85.35
46.59,0,37.89,0,0.1817,52.11,5.12,1,0.1201,84.88,3.93,1,0.0986,86.07
46.70,0,39.48,0,0.1829,50.52,5.60,1,0.1166,84.40,2.52,1,0.0990,87.48
46.82,0,40.34,0,0.1845,49.66,5.74,1,0.1153,84.26,1.84,1,0.0981,88.16
46.92,0,41.93,0,0.1849,48.07,6.16,1,0.1092,83.84,0.67,1,0.1000,89.33
47.04,0,42.73,0,0.1839,47.27,6.45,1,0.1061,83.55,0.09,1,0.1015,89.91
47.14,0,44.57,0,0.1851,45.43,6.79,1,0.1032,83.21,1.02,1,0.1003,88.98
47.26,0,45.52,0,0.1868,44.48,6.85,1,0.1018,83.15,1.44,1,0.0992,88.56
47.37,0,47.27,0,0.1869,42.73,7.12,1,0.0957,82.88,2.09,1,0.1005,87.91
47.48,0,48.18,0,0.1860,41.82,7.29,1,0.0930,82.71,2.44,1,0.1011,87.56
47.58,0,49.25,0,0.1880,40.75,7.32,1,0.0934,82.68,2.78,1,0.0985,87.22
47.70,0,51.24,0,0.1901,38.76,7.42,1,0.0898,82.58,3.09,1,0.0967,86.91
47.80,0,52.20,0,0.1907,37.80,7.47,1,0.0874,82.53,3.13,1,0.0964,86.87
47.91,0,54.15,0,0.1896,35.85,7.71,1,0.0831,82.29,3.25,1,0.0962,86.75
48.03,0,55.25,0,0.1908,34.75,7.73,1,0.0828,82.27,3.26,1,0.0944,86.74
48.15,0,57.47,0,0.1952,32.53,7.55,1,0.0825,82.45,2.96,1,0.0896,87.04
48.26,0,58.50,0,0.1956,31.50,7.52,1,0.0807,82.48,2.73,1,0.0886,87.27
48.36,0,59.56,0,0.1948,30.44,7.61,1,0.0791,82.39,2.58,1,0.0883,87.42
48.46,0,61.87,0,0.1977,28.13,7.51,1,0.0790,82.49,2.03,1,0.0841,87.97
48.58,0,63.08,0,0.2006,26.92,7.38,1,0.0792,82.62,1.66,1,0.0807,88.34
48.70,0,65.35,0,0.2031,24.65,7.20,1,0.0774,82.80,0.77,1,0.0768,89.23
48.82,0,66.50,0,0.2033,23.50,7.15,1,0.0766,82.85,0.33,1,0.0759,89.67
48.93,0,69.03,0,0.2075,20.97,6.66,1,0.0794,83.34,0.57,1,0.0707,89.43
49.04,0,70.31,0,0.2107,19.69,6.13,1,0.0826,83.87,1.13,1,0.0672,88.87
49.15,0,71.49,0,0.2119,18.51,5.54,1,0.0853,84.46,1.78,1,0.0666,88.22
49.27,0,73.99,0,0.2145,16.01,4.15,1,0.0956,85.85,2.86,1,0.0714,87.14
49.38,0,75.40,0,0.2182,14.60,3.37,1,0.1042,86.63,3.27,1,0.0727,86.73
49.50,0,78.03,0,0.2236,11.97,1.69,1,0.1202,88.31,4.10,1,0.0821,85.90
49.61,0,79.26,0,0.2248,10.74,0.84,1,0.1269,89.16,4.44,1,0.0910,85.56
49.73,0,81.91,0,0.2285,8.09,0.61,1,0.1417,89.39,4.64,1,0.1091,85.36
49.84,0,83.40,0,0.2331,6.60,1.33,1,0.1508,88.67,4.56,1,0.1151,85.44
49.95,0,86.13,0,0.2391,3.87,2.68,1,0.1633,87.32,4.47,1,0.1291,85.53
50.06,0,87.46,0,0.2413,2.54,3.27,1,0.1677,86.73,4.39,1,0.1361,85.61
50.16,0,90.17,0,0.2451,-0.17,4.07,1,0.1772,85.93,4.03,1,0.1493,85.97
50.28,0,91.63,0,0.2488,-1.63,4.49,1,0.1828,85.51,3.86,1,0.1531,86.14
50.38,0,94.50,0,0.2568,-4.50,5.34,1,0.1906,84.66,3.75,1,0.1581,86.25
50.48,0,95.85,0,0.2590,-5.85,5.57,1,0.1933,84.43,3.75,1,0.1615,86.25
50.59,0,98.66,0,0.2637,-8.66,5.78,1,0.1992,84.22,3.66,1,0.1679,86.34
50.69,0,100.15,0,0.2680,-10.15,5.90,1,0.2026,84.10,3.64,1,0.1687,86.36
50.80,0,103.03,0,0.2761,-13.03,6.03,1,0.2075,83.97,3.82,1,0.1695,86.18
50.92,0,104.39,0,0.2783,-14.39,5.92,1,0.2083,84.08,3.91,1,0.1717,86.09
51.03,0,107.25,0,0.2839,-17.25,5.48,1,0.2115,84.52,3.89,1,0.1765,86.11
51.14,0,108.74,0,0.2885,-18.74,5.25,1,0.2139,84.75,3.85,1,0.1774,86.15
51.24,0,111.59,0,0.2963,-21.59,4.60,1,0.2156,85.40,3.84,1,0.1812,86.16
51.35,0,112.94,0,0.2985,-22.94,4.12,1,0.2155,85.88,3.77,1,0.1858,86.23
51.46,0,115.81,0,0.3047,-25.81,2.93,1,0.2172,87.07,3.38,1,0.1954,86.62
51.57,0,117.29,0,0.3095,-27.29,2.32,1,0.2190,87.68,3.18,1,0.1988,86.82
51.69,0,120.07,0,0.3169,-30.07,0.97,1,0.2198,89.03,2.89,1,0.2078,87.11
51.79,0,121.43,0,0.3186,-31.43,0.08,1,0.2196,89.92,2.65,1,0.2151,87.35
51.91,0,124.27,0,0.3258,-34.27,1.58,1,0.2234,88.42,2.19,1,0.2250,87.81
52.02,0,127.10,0,0.3348,-37.10,3.07,1,0.2279,86.93,1.89,1,0.2320,88.11
52.13,0,128.42,0,0.3375,-38.42,3.82,1,0.2291,86.18,1.81,1,0.2366,88.19
52.23,0,131.13,0,0.3425,-41.13,5.37,1,0.2346,84.63,1.56,1,0.2464,88.44
52.34,0,132.56,0,0.3467,-42.56,5.99,1,0.2392,84.01,1.44,1,0.2492,88.56
52.45,0,135.30,0,0.3553,-45.30,6.87,1,0.2468,83.13,1.45,1,0.2526,88.55
52.57,0,137.88,0,0.3597,-47.88,7.69,1,0.2528,82.31,1.54,1,0.2595,88.46
52.67,0,139.24,0,0.3627,-49.24,8.02,1,0.2576,81.98,1.54,1,0.2623,88.46
52.78,0,142.00,0,0.3716,-52.00,8.34,1,0.2666,81.66,1.69,1,0.2640,88.31
52.88,0,143.23,0,0.3742,-53.23,8.47,1,0.2684,81.53,1.90,1,0.2660,88.10
52.99,0,145.81,0,0.3791,-55.81,8.80,1,0.2745,81.20,2.15,1,0.2718,87.85
53.10,0,148.51,0,0.3866,-58.51,8.98,1,0.2816,81.02,2.34,1,0.2758,87.66
53.21,0,149.83,0,0.3909,-59.83,8.95,1,0.2849,81.05,2.52,1,0.2769,87.48
53.33,0,152.28,0,0.3958,-62.28,8.91,1,0.2877,81.09,2.91,1,0.2833,87.09
53.43,0,154.86,0,0.4010,-64.86,8.90,1,0.2928,81.10,3.07,1,0.2910,86.93
53.54,0,156.19,0,0.4053,-66.19,8.77,1,0.2963,81.23,3.15,1,0.2932,86.85
53.65,0,158.65,0,0.4120,-68.65,8.40,1,0.2996,81.60,3.44,1,0.2990,86.56
53.76,0,161.08,0,0.4155,-71.08,8.18,1,0.3021,81.82,3.53,1,0.3090,86.47
53.87,0,162.39,0,0.4188,-72.39,8.03,1,0.3050,81.97,3.50,1,0.3126,86.50
53.98,0,164.92,0,0.4268,-74.92,7.51,1,0.3099,82.49,3.56,1,0.3174,86.44
54.09,0,167.25,0,0.4304,-77.25,7.10,1,0.3106,82.90,3.64,1,0.3259,86.36
54.20,0,168.58,1,0.4334,-78.58,6.96,1,0.3139,83.04,3.51,1,0.3295,86.49
54.32,0,169.78,1,0.4358,-79.78,6.75,1,0.3152,83.25,3.51,1,0.3326,86.49
54.42,0,171.05,1,0.4409,-81.05,6.39,1,0.3178,83.61,3.54,1,0.3327,86.46
54.52,0,172.25,1,0.4433,-82.25,6.17,1,0.3187,83.83,3.54,1,0.3357,86.46
54.63,0,173.39,1,0.4451,-83.39,5.95,1,0.3186,84.05,3.61,1,0.3384,86.39
54.74,0,174.56,1,0.4463,-84.56,5.80,1,0.3189,84.20,3.65,1,0.3418,86.35
54.85,0,175.79,1,0.4483,-85.79,5.67,1,0.3205,84.33,3.65,1,0.3445,86.35
54.96,0,177.07,1,0.4517,-87.07,5.45,1,0.3228,84.55,3.66,1,0.3454,86.34
55.08,0,178.32,1,0.4557,-88.32,5.14,1,0.3243,84.86,3.74,1,0.3449,86.26
55.19,0,179.50,1,0.4587,-89.50,4.80,1,0.3238,85.20,3.88,1,0.3446,86.12
55.31,0,179.37,1,0.4602,-89.37,4.47,1,0.3218,85.53,3.99,1,0.3451,86.01
55.42,0,178.21,1,0.4612,-88.21,4.15,1,0.3200,85.85,4.02,1,0.3459,85.98
55.53,0,176.97,1,0.4633,-86.97,3.77,1,0.3187,86.23,3.94,1,0.3448,86.06
55.64,0,175.70,1,0.4667,-85.70,3.27,1,0.3164,86.73,3.81,1,0.3405,86.19
55.75,0,174.46,1,0.4705,-84.46,2.68,1,0.3119,87.32,3.70,1,0.3342,86.30
55.87,0,173.31,1,0.4731,-83.31,2.09,1,0.3049,87.91,3.59,1,0.3280,86.41
55.99,0,172.18,1,0.4742,-82.18,1.55,1,0.2963,88.45,3.43,1,0.3223,86.57
56.09,0,171.02,1,0.4749,-81.02,1.10,1,0.2873,88.90,3.16,1,0.3158,86.84
56.19,0,169.78,1,0.4769,-79.78,0.66,1,0.2787,89.34,3.09,1,0.3161,86.91
56.30,0,168.52,1,0.4801,-78.52,0.21,1,0.2703,89.79,2.47,1,0.2969,87.53
56.40,0,167.34,1,0.4837,-77.34,0.30,1,0.2606,89.70,2.26,1,0.2852,87.74
56.51,0,165.04,1,0.4861,-75.04,0.86,1,0.2399,89.14,1.77,1,0.2661,88.23
56.62,0,163.86,1,0.4867,-73.86,0.97,1,0.2304,89.03,1.49,1,0.2567,88.51
56.73,0,162.60,1,0.4887,-72.60,1.05,1,0.2229,88.95,1.19,1,0.2458,88.81
56.84,0,161.30,1,0.4935,-71.30,1.24,1,0.2174,88.76,0.98,1,0.2320,89.02
56.95,0,160.15,1,0.4952,-70.15,1.31,1,0.2090,88.69,0.91,1,0.2216,89.09
57.05,0,158.96,1,0.4967,-68.96,1.28,1,0.2017,88.72,0.81,1,0.2121,89.19
57.17,0,157.83,1,0.4970,-67.83,1.19,1,0.1936,88.81,0.78,1,0.2041,89.22
57.29,0,156.62,1,0.4975,-66.62,1.02,1,0.1872,88.98,0.70,1,0.1969,89.30
57.39,0,155.35,1,0.4995,-65.35,0.87,1,0.1832,89.13,0.61,1,0.1893,89.39
57.51,0,155.35,1,0.4995,-65.35,0.87,1,0.1832,89.13,0.61,1,0.1893,89.39
57.61,0,154.07,1,0.5026,-64.07,0.78,1,0.1800,89.22,0.59,1,0.1812,89.41
57.71,0,152.84,1,0.5054,-62.84,0.70,1,0.1756,89.30,0.69,1,0.1741,89.31
57.81,0,152.84,1,0.5054,-62.84,0.70,1,0.1756,89.30,0.69,1,0.1741,89.31
57.93,0,151.69,1,0.5066,-61.69,0.53,1,0.1697,89.47,0.84,1,0.1689,89.16
58.03,0,151.69,1,0.5066,-61.69,0.53,1,0.1697,89.47,0.84,1,0.1689,89.16
58.14,0,150.52,1,0.5066,-60.52,0.24,1,0.1637,89.76,0.98,1,0.1653,89.02
58.25,0,149.29,1,0.5070,-59.29,0.11,1,0.1595,89.89,1.05,1,0.1615,88.95
58.35,0,149.29,1,0.5070,-59.29,0.11,1,0.1595,89.89,1.05,1,0.1615,88.95
58.45,0,147.99,1,0.5089,-57.99,0.42,1,0.1568,89.58,1.11,1,0.1564,88.89
58.56,0,146.68,1,0.5118,-56.68,0.67,1,0.1539,89.33,1.25,1,0.1502,88.75
58.67,0,146.68,1,0.5118,-56.68,0.67,1,0.1539,89.33,1.25,1,0.1502,88.75
58.79,0,145.45,1,0.5142,-55.45,0.93,1,0.1496,89.07,1.49,1,0.1442,88.51
58.90,0,144.27,0,0.5150,-54.27,1.26,1,0.1440,88.74,1.76,1,0.1394,88.24
59.00,0,144.27,0,0.5150,-54.27,1.26,1,0.1440,88.74,1.76,1,0.1394,88.24
59.12,0,143.07,0,0.5147,-53.07,1.69,1,0.1384,88.31,1.98,1,0.1356,88.02
59.22,0,141.80,0,0.5150,-51.80,2.15,1,0.1342,87.85,2.12,1,0.1314,87.88
59.33,0,141.80,0,0.5150,-51.80,2.15,1,0.1342,87.85,2.12,1,0.1314,87.88
59.44,0,140.46,0,0.5168,-50.46,2.55,1,0.1315,87.45,2.24,1,0.1258,87.76
59.54,0,139.13,0,0.5195,-49.13,2.47,1,0.1332,87.53,2.20,1,0.1240,87.80
59.64,0,139.13,0,0.5195,-49.13,2.85,1,0.1287,87.15,2.42,1,0.1190,87.58
59.76,0,137.87,0,0.5215,-47.87,3.15,1,0.1244,86.85,2.68,1,0.1125,87.32
59.86,0,137.87,0,0.5215,-47.87,3.15,1,0.1244,86.85,2.68,1,0.1125,87.32
59.98,0,136.66,0,0.5218,-46.66,3.51,1,0.1187,86.49,2.95,1,0.1074,87.05
60.08,0,134.10,0,0.5212,-44.10,4.37,1,0.1097,85.63,3.21,1,0.0993,86.79
60.20,0,132.73,0,0.5228,-42.73,4.69,1,0.1071,85.31,3.26,1,0.0937,86.74
60.31,0,130.07,0,0.5267,-40.07,5.09,1,0.1005,84.91,3.54,1,0.0810,86.46
60.43,0,128.82,0,0.5265,-38.82,5.33,1,0.0955,84.67,3.72,1,0.0769,86.28
60.54,0,126.16,0,0.5253,-36.16,5.91,1,0.0874,84.09,3.82,1,0.0714,86.18
60.65,0,124.73,0,0.5267,-34.73,6.11,1,0.0859,83.89,3.84,1,0.0674,86.16
60.75,0,123.34,0,0.5296,-33.34,6.15,1,0.0844,83.85,4.03,1,0.0615,85.97
60.87,0,120.68,0,0.5289,-30.68,6.57,1,0.0770,83.43,4.36,1,0.0572,85.64
60.99,0,119.27,0,0.5272,-29.27,6.90,1,0.0746,83.10,4.35,1,0.0578,85.65
61.11,0,116.40,0,0.5280,-26.40,7.08,1,0.0730,82.92,4.47,1,0.0547,85.53
61.22,0,114.96,0,0.5304,-24.96,6.93,1,0.0734,83.07,4.61,1,0.0512,85.39
61.34,0,112.17,0,0.5285,-22.17,6.87,1,0.0713,83.13,4.67,1,0.0519,85.33
61.45,0,110.74,0,0.5266,-20.74,6.84,1,0.0707,83.16,4.57,1,0.0539,85.43
61.56,0,107.66,0,0.5264,-17.66,6.42,1,0.0750,83.58,4.22,1,0.0553,85.78
61.67,0,106.14,0,0.5273,-16.14,6.02,1,0.0779,83.98,4.13,1,0.0547,85.87
61.77,0,103.24,0,0.5249,-13.24,5.67,1,0.0778,84.33,4.15,1,0.0552,85.85
61.89,0,101.74,0,0.5224,-11.74,5.11,1,0.0804,84.89,3.98,1,0.0580,86.02
62.01,0,100.07,0,0.5227,-10.07,4.78,1,0.0853,85.22,3.78,1,0.0580,86.22
62.12,0,96.98,0,0.5215,-6.98,4.13,1,0.0891,85.87,3.77,1,0.0574,86.23
62.24,0,95.54,0,0.5192,-5.54,3.86,1,0.0886,86.14,3.91,1,0.0576,86.09
62.34,0,92.46,0,0.5144,-2.46,3.47,1,0.0902,86.53,3.98,1,0.0592,86.02
62.46,0,90.84,1,0.5126,-0.84,3.30,1,0.0924,86.70,3.94,1,0.0596,86.06
62.57,0,89.20,1,0.5122,0.80,3.05,1,0.0953,86.95,3.96,1,0.0585,86.04
62.68,0,87.62,1,0.5117,2.38,2.80,1,0.0970,87.20,4.10,1,0.0568,85.90
62.79,0,86.11,1,0.5098,3.89,2.63,1,0.0968,87.37,4.32,1,0.0560,85.68
62.91,0,84.61,1,0.5064,5.39,2.55,1,0.0960,87.45,4.51,1,0.0567,85.49
63.02,0,83.04,1,0.5028,6.96,2.54,1,0.0962,87.46,4.59,1,0.0577,85.41
63.13,0,81.41,1,0.5006,8.59,2.49,1,0.0980,87.51,4.64,1,0.0576,85.36
63.23,0,79.77,1,0.4996,10.23,2.38,1,0.1000,87.62,4.78,1,0.0560,85.22
63.33,0,79.77,1,0.4996,10.23,2.38,1,0.1000,87.62,4.78,1,0.0560,85.22
63.45,0,78.19,0,0.4986,11.81,2.25,1,0.1008,87.75,5.04,1,0.0538,84.96
63.55,0,76.69,0,0.4959,13.31,2.20,1,0.0998,87.80,5.36,1,0.0529,84.64
63.65,0,76.69,0,0.4959,13.31,2.20,1,0.0998,87.80,5.36,1,0.0529,84.64
63.76,0,75.19,0,0.4919,14.81,2.27,1,0.0985,87.73,5.61,1,0.0534,84.39
63.87,0,73.63,0,0.4879,16.37,2.38,1,0.0983,87.62,5.75,1,0.0541,84.25
63.98,0,73.63,0,0.4879,16.37,2.38,1,0.0983,87.62,5.75,1,0.0541,84.25
64.10,0,72.00,0,0.4854,18.00,2.44,1,0.0995,87.56,5.89,1,0.0535,84.11
64.20,0,70.38,0,0.4841,19.62,2.43,1,0.1009,87.57,6.13,1,0.0513,83.87
64.31,0,70.38,0,0.4841,19.62,2.43,1,0.1009,87.57,6.13,1,0.0513,83.87
64.42,0,68.83,0,0.4825,21.17,2.43,1,0.1010,87.57,6.48,1,0.0489,83.52
64.53,0,65.88,0,0.4748,24.12,2.73,1,0.0981,87.27,7.10,1,0.0484,82.90
64.65,0,64.34,0,0.4705,25.66,2.96,1,0.0975,87.04,7.28,1,0.0488,82.72
64.76,0,61.16,0,0.4661,28.84,3.24,1,0.0992,86.76,7.74,1,0.0452,82.26
64.87,0,59.66,0,0.4641,30.34,3.36,1,0.0991,86.64,8.07,1,0.0428,81.93
64.97,0,58.27,0,0.4591,31.73,3.65,1,0.0962,86.35,8.37,1,0.0435,81.63
65.09,0,55.29,0,0.4512,34.71,4.22,1,0.0943,85.78,8.77,1,0.0430,81.23
65.20,0,53.74,0,0.4484,36.26,4.48,1,0.0949,85.52,8.91,1,0.0416,81.09
65.30,0,50.77,0,0.4442,39.23,4.88,1,0.0954,85.12,9.32,1,0.0371,80.68
65.41,0,49.39,0,0.4403,40.61,5.18,1,0.0932,84.82,9.54,1,0.0369,80.46
65.52,0,47.95,0,0.4345,42.05,5.64,1,0.0912,84.36,9.58,1,0.0386,80.42
65.62,0,45.01,0,0.4281,44.99,6.25,1,0.0904,83.75,9.68,1,0.0365,80.32
65.73,0,43.53,0,0.4262,46.47,6.46,1,0.0913,83.54,9.70,1,0.0343,80.30
65.85,0,40.81,0,0.4195,49.19,7.02,1,0.0879,82.98,9.87,1,0.0338,80.13
65.97,0,39.45,0,0.4145,50.55,7.41,1,0.0852,82.59,9.83,1,0.0352,80.17
66.08,0,36.55,0,0.4075,53.45,8.00,1,0.0856,82.00,9.40,1,0.0340,80.60
66.19,0,35.12,0,0.4057,54.88,8.15,1,0.0863,81.85,9.28,1,0.0325,80.72
66.29,0,33.84,0,0.4024,56.16,8.35,1,0.0839,81.65,9.30,1,0.0334,80.70
66.41,0,31.15,0,0.3936,58.85,8.87,1,0.0806,81.13,8.87,1,0.0356,81.13
66.52,0,29.74,1,0.3896,60.26,9.08,1,0.0807,80.92,8.48,1,0.0359,81.52
66.64,0,26.90,1,0.3853,63.10,9.15,1,0.0829,80.85,7.95,1,0.0345,82.05
66.75,0,25.59,1,0.3825,64.41,9.19,1,0.0820,80.81,7.75,1,0.0355,82.25
66.85,0,25.59,1,0.3825,64.41,9.19,1,0.0820,80.81,7.75,1,0.0355,82.25
66.96,0,24.32,1,0.3780,65.68,9.32,1,0.0800,80.68,7.42,1,0.0376,82.58
67.08,0,22.99,1,0.3730,67.01,9.51,1,0.0789,80.49,7.01,1,0.0393,82.99
67.20,0,21.59,1,0.3692,68.41,9.67,1,0.0794,80.33,6.63,1,0.0399,83.37
67.31,0,20.16,1,0.3670,69.84,9.75,1,0.0807,80.25,6.39,1,0.0393,83.61
67.41,0,20.16,1,0.3670,69.84,9.75,1,0.0807,80.25,6.39,1,0.0393,83.61
67.52,0,18.78,1,0.3653,71.22,9.83,1,0.0810,80.17,6.23,1,0.0389,83.77
67.63,0,17.49,1,0.3623,72.51,9.97,1,0.0801,80.03,6.06,1,0.0396,83.94
67.74,0,17.49,1,0.3623,72.51,9.97,1,0.0801,80.03,6.06,1,0.0396,83.94
67.85,0,16.23,1,0.3578,73.77,10.17,1,0.0783,79.83,5.85,1,0.0416,84.15
67.96,0,14.90,1,0.3531,75.10,10.26,1,0.0768,79.74,5.64,1,0.0434,84.36
68.06,0,14.90,1,0.3531,75.10,10.26,1,0.0768,79.74,5.64,1,0.0434,84.36
68.17,0,13.49,1,0.3496,76.51,10.05,1,0.0764,79.95,5.45,1,0.0438,84.55
68.28,0,12.06,1,0.3477,77.94,9.48,1,0.0772,80.52,5.29,1,0.0426,84.71
68.38,0,12.06,1,0.3477,77.94,9.48,1,0.0772,80.52,5.29,1,0.0426,84.71
68.48,0,10.69,1,0.3461,79.31,8.60,1,0.0777,81.40,5.15,1,0.0417,84.85
68.58,0,10.69,1,0.3461,79.31,8.60,1,0.0777,81.40,5.15,1,0.0417,84.85
68.70,0,9.40,1,0.3430,80.60,7.54,1,0.0764,82.46,5.05,1,0.0429,84.95
68.81,0,8.12,1,0.3386,81.88,6.40,1,0.0746,83.60,4.95,1,0.0457,85.05
68.92,0,8.12,1,0.3386,81.88,6.40,1,0.0746,83.60,4.95,1,0.0457,85.05
69.03,0,6.78,1,0.3341,83.22,5.19,1,0.0737,84.81,4.81,1,0.0476,85.19
69.15,0,5.44,1,0.3308,84.56,3.82,1,0.0737,86.18,4.70,1,0.0485,85.30
69.26,0,5.44,1,0.3308,84.56,3.82,1,0.0737,86.18,4.70,1,0.0485,85.30
69.37,0,3.90,1,0.3296,86.10,2.32,1,0.0771,87.68,4.35,1,0.0450,85.65
69.48,0,2.52,1,0.3280,87.48,0.77,1,0.0798,89.23,4.22,1,0.0446,85.78
69.58,0,2.52,1,0.3280,87.48,0.77,1,0.0798,89.23,4.22,1,0.0446,85.78
69.69,0,1.22,1,0.3249,88.78,0.66,1,0.0813,89.34,4.20,1,0.0469,85.80
69.80,0,0.08,1,0.3205,89.92,1.98,1,0.0823,88.02,4.18,1,0.0497,85.82
69.91,0,0.08,1,0.3205,89.92,1.98,1,0.0823,88.02,4.18,1,0.0497,85.82
70.01,0,1.47,1,0.3164,88.53,3.27,1,0.0846,86.73,4.03,1,0.0502,85.97
70.12,0,2.94,1,0.3139,87.06,4.57,1,0.0887,85.43,3.79,1,0.0482,86.21
70.24,0,2.94,1,0.3139,87.06,4.57,1,0.0887,85.43,3.79,1,0.0482,86.21
70.36,0,4.41,1,0.3127,85.59,5.83,1,0.0937,84.17,3.65,1,0.0464,86.35
70.47,0,5.81,1,0.3113,84.19,6.93,1,0.0980,83.07,3.70,1,0.0470,86.30
70.57,0,5.81,1,0.3113,84.19,6.93,1,0.0980,83.07,3.70,1,0.0470,86.30
70.68,0,7.14,1,0.3083,82.86,7.81,1,0.1008,82.19,3.84,1,0.0495,86.16
70.78,0,7.14,1,0.3083,82.86,7.81,1,0.1008,82.19,3.84,1,0.0495,86.16
70.89,0,8.49,1,0.3041,81.51,8.54,1,0.1031,81.46,3.84,1,0.0511,86.16
71.00,0,8.49,1,0.3041,81.51,8.54,1,0.1031,81.46,3.84,1,0.0511,86.16
71.11,0,9.92,1,0.3005,80.08,9.18,1,0.1064,80.82,3.68,1,0.0502,86.32
71.21,0,9.92,1,0.3005,80.08,9.18,1,0.1064,80.82,3.68,1,0.0502,86.32
71.31,0,11.44,1,0.2987,78.56,9.76,1,0.1108,80.24,3.53,1,0.0482,86.47
71.42,0,11.44,1,0.2987,78.56,9.76,1,0.1108,80.24,3.53,1,0.0482,86.47
71.52,0,12.96,1,0.2981,77.04,10.25,1,0.1157,79.75,3.56,1,0.0474,86.44
71.62,0,12.96,1,0.2981,77.04,10.25,1,0.1157,79.75,3.56,1,0.0474,86.44
71.73,0,14.39,1,0.2968,75.61,10.61,1,0.1199,79.39,3.72,1,0.0487,86.28
71.84,0,15.77,1,0.2939,74.23,10.75,1,0.1230,79.25,3.80,1,0.0506,86.20
71.96,0,15.77,1,0.2939,74.23,10.75,1,0.1230,79.25,3.80,1,0.0506,86.20
72.06,0,17.17,1,0.2901,72.83,10.64,1,0.1250,79.36,3.71,1,0.0512,86.29
72.16,0,17.22,1,0.2895,72.78,10.56,1,0.1240,79.44,3.61,1,0.0506,86.39
72.28,0,18.67,1,0.2872,71.33,10.36,1,0.1271,79.64,3.53,1,0.0506,86.47
72.40,0,20.17,1,0.2863,69.83,10.03,1,0.1305,79.97,3.45,1,0.0499,86.55
72.50,0,20.17,1,0.2863,69.83,10.03,1,0.1305,79.97,3.45,1,0.0499,86.55
72.61,0,21.50,0,0.2865,68.50,9.64,1,0.1347,80.36,3.51,1,0.0499,86.49
72.72,0,21.49,0,0.2876,68.51,9.73,1,0.1360,80.27,3.59,1,0.0498,86.41
72.82,0,22.52,0,0.2861,67.48,9.06,1,0.1378,80.94,3.59,1,0.0507,86.41
72.92,0,22.45,0,0.2855,67.55,9.06,1,0.1376,80.94,3.64,1,0.0519,86.36
73.03,0,23.22,0,0.2844,66.78,8.23,1,0.1392,81.77,3.56,1,0.0517,86.44
73.13,0,23.71,0,0.2822,66.29,7.18,1,0.1399,82.82,3.44,1,0.0527,86.56
73.24,0,24.24,0,0.2812,65.76,5.98,1,0.1408,84.02,3.35,1,0.0532,86.65
73.35,0,24.24,0,0.2812,65.76,5.98,1,0.1408,84.02,3.35,1,0.0532,86.65
73.46,0,24.83,0,0.2819,65.17,4.71,1,0.1426,85.29,3.33,1,0.0529,86.67
73.57,0,25.40,0,0.2832,64.60,3.38,1,0.1446,86.62,3.35,1,0.0523,86.65
73.68,0,25.90,0,0.2833,64.10,1.93,1,0.1460,88.07,3.35,1,0.0526,86.65
73.78,0,26.37,0,0.2817,63.63,0.32,1,0.1459,89.68,3.32,1,0.0544,86.68
73.90,0,27.57,0,0.2788,62.43,3.01,1,0.1439,86.99,3.28,1,0.0574,86.72
74.00,0,28.30,0,0.2797,61.70,4.51,1,0.1443,85.49,3.26,1,0.0564,86.74
74.11,0,29.00,0,0.2809,61.00,5.85,1,0.1455,84.15,3.27,1,0.0551,86.73
74.22,0,30.26,0,0.2789,59.74,8.26,1,0.1454,81.74,3.50,1,0.0580,86.50
74.32,0,30.96,0,0.2770,59.04,9.32,1,0.1441,80.68,3.61,1,0.0599,86.39
74.44,0,31.88,0,0.2782,58.12,10.06,1,0.1452,79.94,3.57,1,0.0575,86.43
74.56,0,33.49,0,0.2787,56.51,10.80,1,0.1485,79.20,3.74,1,0.0563,86.26
74.67,0,34.20,0,0.2771,55.80,10.90,1,0.1494,79.10,4.00,1,0.0590,86.00
74.78,0,35.91,0,0.2749,54.09,10.68,1,0.1525,79.32,4.30,1,0.0613,85.70
74.89,0,36.89,0,0.2749,53.11,10.31,1,0.1555,79.69,4.30,1,0.0600,85.70
75.00,0,38.91,0,0.2775,51.09,9.12,1,0.1647,80.88,4.59,1,0.0578,85.41
75.12,0,39.84,0,0.2771,50.16,8.51,1,0.1678,81.49,4.89,1,0.0596,85.11
75.23,0,41.80,0,0.2743,48.20,7.37,1,0.1716,82.63,5.12,1,0.0618,84.88
75.35,0,42.95,0,0.2749,47.05,6.69,1,0.1751,83.31,5.14,1,0.0607,84.86
75.47,0,45.28,0,0.2782,44.72,5.02,1,0.1832,84.98,5.55,1,0.0597,84.45
75.58,0,46.36,0,0.2779,43.64,4.20,1,0.1850,85.80,5.77,1,0.0611,84.23
75.69,0,48.67,0,0.2762,41.33,2.68,1,0.1867,87.32,5.93,1,0.0631,84.07
75.80,0,49.99,0,0.2777,40.01,1.87,1,0.1894,88.13,5.99,1,0.0624,84.01
75.92,0,52.62,0,0.2819,37.38,0.15,1,0.1945,89.85,6.31,1,0.0616,83.69
76.03,0,53.85,0,0.2819,36.15,0.59,1,0.1942,89.41,6.45,1,0.0629,83.55
76.14,0,56.51,0,0.2818,33.49,1.78,1,0.1929,88.22,6.55,1,0.0657,83.45
76.26,0,58.00,0,0.2843,32.00,2.34,1,0.1941,87.66,6.56,1,0.0652,83.44
76.37,0,60.93,0,0.2896,29.07,3.42,1,0.1952,86.58,6.70,1,0.0642,83.30
76.49,0,62.32,0,0.2901,27.68,3.80,1,0.1934,86.20,6.78,1,0.0661,83.22
76.60,0,65.33,0,0.2920,24.67,4.18,1,0.1897,85.82,6.74,1,0.0695,83.26
76.72,0,66.98,0,0.2955,23.02,4.36,1,0.1902,85.64,6.65,1,0.0687,83.35
76.83,0,70.19,0,0.3020,19.81,4.68,1,0.1898,85.32,6.64,1,0.0685,83.36
76.94,0,71.73,0,0.3032,18.27,4.64,1,0.1870,85.36,6.67,1,0.0711,83.33
77.05,0,75.03,0,0.3071,14.97,4.27,1,0.1830,85.73,6.42,1,0.0741,83.58
77.17,0,76.82,0,0.3117,13.18,4.09,1,0.1830,85.91,6.25,1,0.0732,83.75
77.28,0,80.25,0,0.3193,9.75,3.68,1,0.1811,86.32,6.17,1,0.0741,83.83
77.40,0,81.89,0,0.3211,8.11,3.29,1,0.1778,86.71,6.12,1,0.0769,83.88
77.51,0,85.43,0,0.3270,4.57,2.28,1,0.1731,87.72,5.73,1,0.0793,84.27
77.63,0,87.30,0,0.3323,2.70,1.83,1,0.1730,88.17,5.54,1,0.0786,84.46
77.74,0,90.87,0,0.3408,-0.87,0.87,1,0.1699,89.13,5.40,1,0.0802,84.60
77.85,0,92.59,1,0.3430,-2.59,0.24,1,0.1663,89.76,5.29,1,0.0827,84.71
77.95,0,94.38,1,0.3459,-4.38,0.46,1,0.1632,89.54,5.09,1,0.0846,84.91
78.06,0,96.27,1,0.3506,-6.27,1.13,1,0.1618,88.87,4.86,1,0.0850,85.14
78.18,0,98.24,1,0.3579,-8.24,1.64,1,0.1630,88.36,4.71,1,0.0829,85.29
78.28,0,100.05,1,0.3617,-10.05,2.30,1,0.1607,87.70,4.59,1,0.0843,85.41
78.39,0,101.82,1,0.3653,-11.82,2.92,1,0.1582,87.08,4.53,1,0.0858,85.47
78.50,0,103.57,1,0.3679,-13.57,3.63,1,0.1546,86.37,4.43,1,0.0882,85.57
78.60,0,105.40,1,0.3714,-15.40,4.38,1,0.1516,85.62,4.25,1,0.0899,85.75
78.70,0,105.40,1,0.3714,-15.40,4.38,1,0.1516,85.62,4.25,1,0.0899,85.75
78.81,0,107.32,0,0.3767,-17.32,5.06,1,0.1505,84.94,4.05,1,0.0899,85.95
78.91,0,109.24,0,0.3829,-19.24,5.63,1,0.1504,84.37,3.91,1,0.0890,86.09
79.01,0,109.24,0,0.3829,-19.24,5.63,1,0.1504,84.37,3.91,1,0.0890,86.09
79.11,0,111.08,0,0.3881,-21.08,6.16,1,0.1495,83.84,3.86,1,0.0888,86.14
79.22,0,112.83,0,0.3917,-22.83,6.72,1,0.1468,83.28,3.84,1,0.0903,86.16
79.32,0,112.83,0,0.3917,-22.83,6.72,1,0.1468,83.28,3.84,1,0.0903,86.16
79.43,0,114.57,0,0.3945,-24.57,7.35,1,0.1433,82.65,3.78,1,0.0926,86.22
79.55,0,116.40,0,0.3983,-26.40,7.98,1,0.1407,82.02,3.65,1,0.0940,86.35
79.65,0,116.40,0,0.3983,-26.40,7.98,1,0.1407,82.02,3.65,1,0.0940,86.35
79.75,0,118.29,0,0.4039,-28.29,8.50,1,0.1399,81.50,3.50,1,0.0935,86.50
79.86,0,121.95,0,0.4151,-31.95,9.21,1,0.1397,80.79,3.43,1,0.0920,86.57
79.98,0,123.64,0,0.4184,-33.64,9.57,1,0.1374,80.43,3.48,1,0.0936,86.52
80.09,0,127.11,0,0.4251,-37.11,10.36,1,0.1325,79.64,3.38,1,0.0967,86.62
80.20,0,128.94,0,0.4307,-38.94,10.58,1,0.1325,79.42,3.29,1,0.0958,86.71
80.32,0,132.42,0,0.4412,-42.42,10.59,1,0.1328,79.41,3.36,1,0.0944,86.64
80.42,0,134.03,0,0.4442,-44.03,10.58,1,0.1308,79.42,3.45,1,0.0960,86.55
80.52,0,135.71,0,0.4469,-45.71,10.67,1,0.1282,79.33,3.39,1,0.0978,86.61
80.62,0,139.09,0,0.4562,-49.09,10.41,1,0.1275,79.59,3.39,1,0.0972,86.61
80.73,0,140.78,0,0.4618,-50.78,10.11,1,0.1286,79.89,3.44,1,0.0959,86.56
80.84,0,143.87,0,0.4684,-53.87,9.49,1,0.1267,80.51,3.70,1,0.0975,86.30
80.96,0,145.41,0,0.4708,-55.41,9.25,1,0.1248,80.75,3.75,1,0.0991,86.25
81.07,0,148.65,0,0.4799,-58.65,8.53,1,0.1261,81.47,3.76,1,0.0979,86.24
81.17,0,150.22,0,0.4851,-60.22,8.01,1,0.1276,81.99,3.86,1,0.0965,86.14
81.27,0,151.63,0,0.4875,-61.63,7.52,1,0.1264,82.48,4.08,1,0.0979,85.92
81.39,0,154.57,0,0.4929,-64.57,6.69,1,0.1250,83.31,4.25,1,0.0997,85.75
81.50,0,156.19,0,0.4986,-66.19,6.24,1,0.1277,83.76,4.20,1,0.0976,85.80
81.62,0,159.10,0,0.5064,-69.10,5.20,1,0.1293,84.80,4.45,1,0.0968,85.55
81.73,0,160.41,0,0.5082,-70.41,4.71,1,0.1280,85.29,4.68,1,0.0984,85.32
81.84,0,163.19,0,0.5131,-73.19,3.90,1,0.1273,86.10,4.86,1,0.1001,85.14
81.94,0,164.64,1,0.5167,-74.64,3.52,1,0.1285,86.48,4.88,1,0.0998,85.12
82.05,0,166.13,1,0.5230,-76.13,2.95,1,0.1320,87.05,4.96,1,0.0967,85.04
82.16,0,167.48,1,0.5257,-77.48,2.56,1,0.1319,87.44,5.07,1,0.0972,84.93
82.27,0,168.77,1,0.5282,-78.77,2.12,1,0.1314,87.88,5.24,1,0.0979,84.76
82.38,0,170.04,1,0.5295,-80.04,1.79,1,0.1301,88.21,5.38,1,0.0997,84.62
82.48,0,170.04,1,0.5295,-80.04,1.79,1,0.1301,88.21,5.38,1,0.0997,84.62
82.60,0,171.37,1,0.5313,-81.37,1.53,1,0.1297,88.47,5.41,1,0.1010,84.59
82.70,0,172.76,1,0.5348,-82.76,1.24,1,0.1309,88.76,5.41,1,0.1006,84.59
82.81,0,174.15,1,0.5393,-84.15,0.88,1,0.1326,89.12,5.44,1,0.0991,84.56
82.91,0,174.15,1,0.5393,-84.15,0.88,1,0.1326,89.12,5.44,1,0.0991,84.56
83.02,0,175.46,1,0.5431,-85.46,0.51,1,0.1334,89.49,5.55,1,0.0984,84.45
83.13,0,176.69,1,0.5451,-86.69,0.24,1,0.1326,89.76,5.70,1,0.0995,84.30
83.24,0,176.69,1,0.5451,-86.69,0.24,1,0.1326,89.76,5.70,1,0.0995,84.30
83.34,0,177.92,1,0.5461,-87.92,0.09,1,0.1312,89.91,5.79,1,0.1015,84.21
83.44,0,177.92,1,0.5461,-87.92,0.09,1,0.1312,89.91,5.79,1,0.1015,84.21
83.55,0,179.21,1,0.5478,-89.21,0.17,1,0.1311,89.83,5.72,1,0.1019,84.28
83.65,0,179.21,1,0.5478,-89.21,0.01,1,0.1308,89.99,5.78,1,0.1026,84.22
83.77,0,179.44,1,0.5512,-89.44,0.13,1,0.1319,89.87,5.74,1,0.1020,84.26
83.87,0,179.44,1,0.5512,-89.44,0.13,1,0.1319,89.87,5.74,1,0.1020,84.26
83.99,0,178.10,1,0.5555,-88.10,0.31,1,0.1335,89.69,5.76,1,0.1007,84.24
84.11,0,176.84,1,0.5588,-86.84,0.48,1,0.1338,89.52,5.84,1,0.1003,84.16
84.21,0,176.84,1,0.5588,-86.84,0.48,1,0.1338,89.52,5.84,1,0.1003,84.16
84.33,0,175.65,1,0.5604,-85.65,0.55,1,0.1326,89.45,5.95,1,0.1017,84.05
84.43,0,175.65,1,0.5604,-85.65,0.55,1,0.1326,89.45,5.95,1,0.1017,84.05
84.54,0,174.45,1,0.5611,-84.45,0.50,1,0.1309,89.50,5.97,1,0.1039,84.03
84.64,0,174.45,1,0.5611,-84.45,0.50,1,0.1309,89.50,5.97,1,0.1039,84.03
84.76,0,173.19,1,0.5627,-83.19,0.39,1,0.1303,89.61,5.91,1,0.1049,84.09
84.87,0,171.86,1,0.5661,-81.86,0.39,1,0.1320,89.61,5.81,1,0.1035,84.19
84.97,0,171.86,1,0.5661,-81.86,0.33,1,0.1313,89.67,5.82,1,0.1043,84.18
85.07,0,171.86,1,0.5661,-81.86,0.33,1,0.1313,89.67,5.82,1,0.1043,84.18
85.18,0,170.56,1,0.5700,-80.56,0.32,1,0.1324,89.68,5.79,1,0.1032,84.21
85.28,0,170.56,1,0.5700,-80.56,0.32,1,0.1324,89.68,5.79,1,0.1032,84.21
85.39,0,169.34,1,0.5729,-79.34,0.29,1,0.1322,89.71,5.83,1,0.1032,84.17
85.49,0,169.34,1,0.5729,-79.34,0.29,1,0.1322,89.71,5.83,1,0.1032,84.17
85.59,0,168.18,1,0.5741,-78.18,0.16,1,0.1304,89.84,5.89,1,0.1049,84.11
85.70,0,168.18,1,0.5741,-78.18,0.16,1,0.1304,89.84,5.89,1,0.1049,84.11
85.82,0,166.99,1,0.5745,-76.99,0.09,1,0.1284,89.91,5.87,1,0.1071,84.13
85.92,0,166.99,1,0.5745,-76.99,0.09,1,0.1284,89.91,5.87,1,0.1071,84.13
86.02,0,165.73,1,0.5760,-75.73,0.37,1,0.1277,89.63,5.77,1,0.1081,84.23
86.13,0,164.43,1,0.5792,-74.43,0.59,1,0.1285,89.41,5.67,1,0.1074,84.33
86.24,0,164.43,1,0.5792,-74.43,0.59,1,0.1285,89.41,5.67,1,0.1074,84.33
86.35,0,163.15,1,0.5829,-73.15,0.75,1,0.1293,89.25,5.63,1,0.1063,84.37
86.47,0,161.95,1,0.5853,-71.95,0.93,1,0.1285,89.07,5.67,1,0.1066,84.33
86.58,0,161.95,1,0.5853,-71.95,0.93,1,0.1285,89.07,5.67,1,0.1066,84.33
86.68,0,160.80,1,0.5860,-70.80,1.22,1,0.1262,88.78,5.70,1,0.1085,84.30
86.79,0,159.62,1,0.5862,-69.62,1.30,1,0.1252,88.70,5.68,1,0.1097,84.32
86.90,0,159.62,1,0.5862,-69.62,1.61,1,0.1240,88.39,5.64,1,0.1107,84.36
87.01,0,158.36,1,0.5876,-68.36,2.00,1,0.1233,88.00,5.51,1,0.1115,84.49
87.12,0,158.36,1,0.5876,-68.36,2.00,1,0.1233,88.00,5.51,1,0.1115,84.49
87.22,0,157.06,1,0.5907,-67.06,2.32,1,0.1240,87.68,5.39,1,0.1108,84.61
87.32,0,157.06,1,0.5907,-67.06,2.32,1,0.1240,87.68,5.39,1,0.1108,84.61
87.44,0,155.80,1,0.5940,-65.80,2.57,1,0.1244,87.43,5.34,1,0.1099,84.66
87.56,0,154.62,1,0.5960,-64.62,2.85,1,0.1231,87.15,5.36,1,0.1104,84.64
87.67,0,154.62,1,0.5960,-64.62,2.85,1,0.1231,87.15,5.36,1,0.1104,84.64
87.79,0,153.47,1,0.5962,-63.47,3.23,1,0.1206,86.77,5.36,1,0.1126,84.64
87.89,0,152.28,1,0.5962,-62.28,3.68,1,0.1184,86.32,5.28,1,0.1147,84.72
88.01,0,152.28,1,0.5962,-62.28,3.68,1,0.1184,86.32,5.28,1,0.1147,84.72
88.11,0,151.01,1,0.5975,-61.01,4.11,1,0.1178,85.89,5.13,1,0.1153,84.87
88.22,0,149.70,1,0.6004,-59.70,4.45,1,0.1185,85.55,4.99,1,0.1144,85.01
88.32,0,149.70,1,0.6004,-59.70,4.45,1,0.1185,85.55,4.99,1,0.1144,85.01
88.42,0,148.44,1,0.6034,-58.44,4.73,1,0.1186,85.27,4.95,1,0.1137,85.05
88.54,0,148.44,1,0.6034,-58.44,4.73,1,0.1186,85.27,4.95,1,0.1137,85.05
88.64,0,147.26,0,0.6048,-57.26,5.04,1,0.1171,84.96,4.96,1,0.1144,85.04
88.76,0,146.09,0,0.6047,-56.09,5.46,1,0.1144,84.54,4.95,1,0.1166,85.05
88.87,0,146.09,0,0.6047,-56.09,5.46,1,0.1144,84.54,4.95,1,0.1166,85.05
88.97,0,144.88,0,0.6045,-54.88,5.93,1,0.1123,84.07,4.86,1,0.1186,85.14
89.07,0,144.88,0,0.6045,-54.88,5.93,1,0.1123,84.07,4.86,1,0.1186,85.14
89.18,0,143.59,0,0.6058,-53.59,6.35,1,0.1121,83.65,4.70,1,0.1189,85.30
89.30,0,142.27,0,0.6084,-52.27,6.67,1,0.1128,83.33,4.59,1,0.1178,85.41
89.40,0,142.27,0,0.6084,-52.27,6.67,1,0.1128,83.33,4.59,1,0.1178,85.41
89.51,0,141.00,0,0.6110,-51.00,6.92,1,0.1127,83.08,4.56,1,0.1171,85.44
89.63,0,139.80,0,0.6120,-49.80,7.20,1,0.1109,82.80,4.59,1,0.1180,85.41
89.74,0,138.62,0,0.6114,-48.62,7.56,1,0.1082,82.44,4.59,1,0.1202,85.41
89.85,0,136.05,0,0.6120,-46.05,8.27,1,0.1065,81.73,4.37,1,0.1220,85.63
89.97,0,134.71,0,0.6144,-44.71,8.45,1,0.1073,81.55,4.29,1,0.1206,85.71
90.08,0,132.20,0,0.6168,-42.20,8.71,1,0.1054,81.29,4.39,1,0.1209,85.61
90.18,0,130.97,0,0.6158,-40.97,8.91,1,0.1030,81.09,4.42,1,0.1229,85.58
90.30,0,128.32,0,0.6159,-38.32,9.23,1,0.1024,80.77,4.31,1,0.1235,85.69
90.40,0,126.95,0,0.6180,-36.95,9.21,1,0.1035,80.79,4.29,1,0.1220,85.71
90.52,0,124.37,0,0.6193,-34.37,9.08,1,0.1019,80.92,4.48,1,0.1223,85.52
90.63,0,123.10,0,0.6178,-33.10,9.10,1,0.1000,80.90,4.54,1,0.1241,85.46
90.74,0,120.34,0,0.6174,-30.34,9.02,1,0.1005,80.98,4.49,1,0.1242,85.51
90.86,0,118.92,0,0.6190,-28.92,8.81,1,0.1019,81.19,4.52,1,0.1227,85.48
90.96,0,116.25,0,0.6191,-26.25,8.37,1,0.1006,81.63,4.77,1,0.1231,85.23
91.08,0,114.92,0,0.6171,-24.92,8.24,1,0.0992,81.76,4.85,1,0.1249,85.15
91.19,0,112.04,0,0.6159,-22.04,7.88,1,0.1009,82.12,4.83,1,0.1246,85.17
91.29,0,110.57,0,0.6170,-20.57,7.55,1,0.1024,82.45,4.89,1,0.1230,85.11
91.41,0,107.77,0,0.6157,-17.77,6.92,1,0.1013,83.08,5.17,1,0.1238,84.83
91.52,0,106.37,0,0.6132,-16.37,6.72,1,0.1003,83.28,5.25,1,0.1255,84.75
91.63,0,103.33,0,0.6111,-13.33,6.22,1,0.1028,83.78,5.25,1,0.1249,84.75
91.73,0,101.79,0,0.6116,-11.79,5.84,1,0.1043,84.16,5.32,1,0.1234,84.68
91.85,0,98.87,0,0.6088,-8.87,5.21,1,0.1030,84.79,5.60,1,0.1246,84.40
91.97,0,97.39,0,0.6056,-7.39,5.02,1,0.1023,84.98,5.65,1,0.1264,84.35
92.07,0,94.22,0,0.6027,-4.22,4.55,1,0.1053,85.45,5.63,1,0.1255,84.37
92.19,0,92.63,0,0.6025,-2.63,4.21,1,0.1066,85.79,5.69,1,0.1241,84.31
92.30,0,89.63,0,0.5982,0.37,3.70,1,0.1049,86.30,5.93,1,0.1260,84.07
92.41,0,88.10,0,0.5944,1.90,3.58,1,0.1044,86.42,5.95,1,0.1277,84.05
92.52,0,84.85,0,0.5905,5.15,3.23,1,0.1075,86.77,5.87,1,0.1266,84.13
92.64,0,83.25,0,0.5898,6.75,2.97,1,0.1084,87.03,5.92,1,0.1255,84.08
92.74,0,80.20,0,0.5839,9.80,2.66,1,0.1063,87.34,6.09,1,0.1279,83.91
92.86,0,78.65,0,0.5797,11.35,2.64,1,0.1059,87.36,6.07,1,0.1296,83.93
92.97,0,75.38,0,0.5750,14.62,2.47,1,0.1088,87.53,5.94,1,0.1284,84.06
93.09,0,73.78,0,0.5737,16.22,2.31,1,0.1094,87.69,5.97,1,0.1275,84.03
93.19,0,70.74,0,0.5666,19.26,2.24,1,0.1068,87.76,6.09,1,0.1304,83.91
93.31,0,69.19,0,0.5619,20.81,2.32,1,0.1065,87.68,6.03,1,0.1320,83.97
93.41,0,65.94,0,0.5568,24.06,2.34,1,0.1090,87.66,5.86,1,0.1306,84.14
93.52,0,64.36,0,0.5550,25.64,2.29,1,0.1091,87.71,5.87,1,0.1300,84.13
93.63,0,61.38,0,0.5469,28.62,2.44,1,0.1061,87.56,5.93,1,0.1332,84.07
93.74,0,59.85,0,0.5420,30.15,2.63,1,0.1058,87.37,5.84,1,0.1347,84.16
93.84,0,58.25,0,0.5386,31.75,2.76,1,0.1069,87.24,5.71,1,0.1344,84.29
93.95,0,55.12,0,0.5345,34.88,2.86,1,0.1076,87.14,5.65,1,0.1328,84.35
94.06,0,53.66,0,0.5308,36.34,2.98,1,0.1059,87.02,5.68,1,0.1341,84.32
94.18,0,50.72,0,0.5208,39.28,3.46,1,0.1041,86.54,5.53,1,0.1379,84.47
94.28,0,49.08,0,0.5193,40.92,3.54,1,0.1078,86.46,5.26,1,0.1371,84.74
94.40,0,46.14,0,0.5130,43.86,3.64,1,0.1109,86.36,4.70,1,0.1441,85.30
94.50,0,44.77,0,0.5078,45.23,3.75,1,0.1103,86.25,4.32,1,0.1510,85.68
94.62,0,41.87,0,0.4991,48.13,4.00,1,0.1141,86.00,3.11,1,0.1641,86.89
94.72,0,40.27,0,0.4979,49.73,4.01,1,0.1210,85.99,2.37,1,0.1679,87.63
94.83,0,37.43,0,0.4915,52.57,4.07,1,0.1269,85.93,1.17,1,0.1810,88.83
94.94,0,36.11,0,0.4861,53.89,4.16,1,0.1274,85.84,0.60,1,0.1892,89.40
95.05,0,33.28,0,0.4777,56.72,4.12,1,0.1367,85.88,0.61,1,0.2005,89.39
95.15,0,31.73,0,0.4768,58.27,3.86,1,0.1452,86.14,1.18,1,0.2019,88.82
95.27,0,28.97,0,0.4704,61.03,3.40,1,0.1541,86.60,1.94,1,0.2094,88.06
95.37,0,27.69,0,0.4648,62.31,3.27,1,0.1570,86.73,2.23,1,0.2150,87.77
95.47,0,24.91,0,0.4568,65.09,2.84,1,0.1682,87.16,2.76,1,0.2208,87.24
95.57,0,23.46,0,0.4543,66.54,2.56,1,0.1744,87.44,2.98,1,0.2216,87.02
95.68,0,20.70,1,0.4501,69.30,2.01,1,0.1824,87.99,3.12,1,0.2230,86.88
95.79,0,19.40,1,0.4458,70.60,1.86,1,0.1849,88.14,3.09,1,0.2257,86.91
95.91,0,18.08,1,0.4409,71.92,1.79,1,0.1879,88.21,3.07,1,0.2285,86.93
96.01,0,16.68,1,0.4371,73.32,1.72,1,0.1920,88.28,3.06,1,0.2293,86.94
96.13,0,15.24,1,0.4350,74.76,1.61,1,0.1964,88.39,3.00,1,0.2285,87.00
96.24,0,13.83,1,0.4336,76.17,1.47,1,0.1995,88.53,2.83,1,0.2274,87.17
96.35,0,12.51,1,0.4310,77.49,1.37,1,0.2010,88.63,2.58,1,0.2278,87.42
96.45,0,11.23,1,0.4268,78.77,1.36,1,0.2018,88.64,2.32,1,0.2294,87.68
96.55,0,9.90,1,0.4222,80.10,1.44,1,0.2034,88.56,2.10,1,0.2307,87.90
96.66,0,8.56,1,0.4189,81.44,1.47,1,0.2047,88.53,1.81,1,0.2306,88.19
96.76,0,7.22,1,0.4157,82.78,1.54,1,0.2058,88.46,1.51,1,0.2306,88.49
96.87,0,5.87,1,0.4126,84.13,1.61,1,0.2069,88.39,1.17,1,0.2306,88.83
96.98,0,4.52,1,0.4095,85.48,1.70,1,0.2079,88.30,0.81,1,0.2304,89.19
97.10,0,3.18,1,0.4064,86.82,1.82,1,0.2088,88.18,0.42,1,0.2298,89.58
97.21,0,0.28,1,0.4022,89.72,2.14,1,0.2136,87.86,0.25,1,0.2260,89.75
97.32,0,1.19,1,0.4008,88.81,2.27,1,0.2158,87.73,0.65,1,0.2233,89.35
97.44,0,2.63,1,0.3990,87.37,2.38,1,0.2166,87.62,1.16,1,0.2209,88.84
97.54,0,3.99,1,0.3955,86.01,2.56,1,0.2159,87.44,1.72,1,0.2198,88.28
97.65,0,3.93,1,0.3943,86.07,2.61,1,0.2148,87.39,1.74,1,0.2211,88.26
97.76,0,5.27,1,0.3900,84.73,2.86,1,0.2148,87.14,2.25,1,0.2199,87.75
97.87,0,6.48,1,0.3843,83.52,3.21,1,0.2149,86.79,2.72,1,0.2193,87.28
97.98,0,7.57,1,0.3800,82.43,3.50,1,0.2164,86.50,3.15,1,0.2169,86.85
98.09,0,8.42,1,0.3766,81.58,3.71,1,0.2176,86.29,3.62,1,0.2131,86.38
98.20,0,8.42,1,0.3766,81.58,3.71,1,0.2176,86.29,3.62,1,0.2131,86.38
98.32,0,8.87,1,0.3720,81.13,3.88,1,0.2172,86.12,4.15,1,0.2098,85.85
98.42,0,8.85,1,0.3651,81.15,4.11,1,0.2154,85.89,4.69,1,0.2081,85.31
98.54,0,8.41,1,0.3567,81.59,4.41,1,0.2138,85.59,5.13,1,0.2071,84.87
98.66,0,8.41,1,0.3567,81.59,4.41,1,0.2138,85.59,5.13,1,0.2071,84.87
98.76,0,7.65,1,0.3488,82.35,4.72,1,0.2134,85.28,5.44,1,0.2050,84.56
98.88,0,6.67,1,0.3427,83.33,4.94,1,0.2138,85.06,5.68,1,0.2011,84.32
98.99,0,5.49,1,0.3378,84.51,5.06,1,0.2134,84.94,5.91,1,0.1967,84.09
99.09,0,5.49,1,0.3378,84.51,5.06,1,0.2134,84.94,5.91,1,0.1967,84.09
99.21,0,4.04,1,0.3317,85.96,5.13,1,0.2115,84.87,6.17,1,0.1931,83.83
99.33,0,2.45,1,0.3238,87.55,5.23,1,0.2096,84.77,6.34,1,0.1904,83.66
99.45,0,0.85,1,0.3164,89.15,5.27,1,0.2080,84.73,6.48,1,0.1874,83.52
99.56,0,0.85,1,0.3164,89.15,5.27,1,0.2080,84.73,6.48,1,0.1874,83.52
99.68,0,0.68,1,0.3092,89.32,5.28,1,0.2057,84.72,6.59,1,0.1846,83.41
99.79,0,2.14,1,0.3014,87.86,5.27,1,0.2027,84.73,6.65,1,0.1823,83.35
99.90,0,4.59,1,0.2814,85.41,5.26,1,0.1996,84.74,6.66,1,0.1803,83.34
100.01,0,5.43,1,0.2692,84.57,5.11,1,0.1941,84.89,6.57,1,0.1757,83.43
100.11,0,5.95,1,0.2558,84.05,4.96,1,0.1914,85.04,6.48,1,0.1735,83.52
100.22,0,5.95,1,0.2283,84.05,4.71,1,0.1886,85.29,5.98,1,0.1691,84.02
100.32,0,5.64,1,0.2191,84.36,4.43,1,0.1881,85.57,5.69,1,0.1670,84.31
100.42,0,5.26,1,0.2093,84.74,4.07,1,0.1876,85.93,5.31,1,0.1685,84.69
100.52,0,5.26,1,0.2093,84.74,4.07,1,0.1876,85.93,5.31,1,0.1685,84.69
100.64,0,4.71,1,0.1999,85.29,3.72,1,0.1883,86.28,4.74,1,0.1722,85.26
100.74,0,3.98,1,0.1932,86.02,3.32,1,0.1894,86.68,4.07,1,0.1759,85.93
100.86,0,3.08,1,0.1901,86.92,2.89,1,0.1915,87.11,3.32,1,0.1800,86.68
100.98,0,2.01,1,0.1904,87.99,2.89,1,0.1915,87.11,3.32,1,0.1800,86.68
101.09,0,0.82,1,0.1924,89.18,1.92,1,0.1986,88.08,1.82,1,0.1929,88.18
101.21,0,0.40,1,0.1948,89.60,1.45,1,0.2029,88.55,1.14,1,0.1995,88.86
101.31,0,2.71,1,0.2024,87.29,0.60,1,0.2105,89.40,0.10,1,0.2085,89.90
101.42,0,3.80,1,0.2083,86.20,0.22,1,0.2136,89.78,0.66,1,0.2123,89.34
101.53,0,5.98,1,0.2211,84.02,0.51,1,0.2248,89.49,1.81,1,0.2174,88.19
101.63,0,6.71,1,0.2258,83.29,0.86,1,0.2273,89.14,2.16,1,0.2202,87.84
101.73,0,7.27,1,0.2286,82.73,1.08,1,0.2286,88.92,2.48,1,0.2240,87.52
101.85,0,7.27,1,0.2286,82.73,1.08,1,0.2286,88.92,2.48,1,0.2240,87.52
101.95,0,7.77,1,0.2308,82.23,1.22,1,0.2304,88.78,2.82,1,0.2274,87.18
102.06,0,7.77,1,0.2308,82.23,1.22,1,0.2304,88.78,2.82,1,0.2274,87.18
102.16,0,8.22,1,0.2336,81.78,1.38,1,0.2339,88.62,3.16,1,0.2295,86.84
102.27,0,8.52,1,0.2371,81.48,1.59,1,0.2379,88.41,3.43,1,0.2303,86.57
102.38,0,8.52,1,0.2371,81.48,1.59,1,0.2379,88.41,3.43,1,0.2303,86.57
102.48,0,8.52,1,0.2401,81.48,1.82,1,0.2408,88.18,3.60,1,0.2307,86.40
102.58,0,8.52,1,0.2401,81.48,1.82,1,0.2408,88.18,3.60,1,0.2307,86.40
102.68,0,8.39,1,0.2425,81.61,1.96,1,0.2417,88.04,3.68,1,0.2320,86.32
102.78,0,8.39,1,0.2425,81.61,1.96,1,0.2417,88.04,3.68,1,0.2320,86.32
102.89,0,8.28,1,0.2437,81.72,1.99,1,0.2417,88.01,3.75,1,0.2342,86.25
103.00,0,8.28,1,0.2437,81.72,1.99,1,0.2417,88.01,3.75,1,0.2342,86.25
103.10,0,8.23,1,0.2435,81.77,1.94,1,0.2425,88.06,3.83,1,0.2362,86.17
103.20,0,8.23,1,0.2435,81.77,1.94,1,0.2425,88.06,3.83,1,0.2362,86.17
103.32,0,8.25,1,0.2435,81.75,1.90,1,0.2447,88.10,3.90,1,0.2365,86.10
103.42,0,8.25,1,0.2435,81.75,1.90,1,0.2447,88.10,3.90,1,0.2365,86.10
103.53,0,8.33,1,0.2452,81.67,1.89,1,0.2467,88.11,3.88,1,0.2353,86.12
103.63,0,8.43,1,0.2481,81.57,1.85,1,0.2466,88.15,3.73,1,0.2339,86.27
103.75,0,8.43,1,0.2481,81.57,1.85,1,0.2466,88.15,3.73,1,0.2339,86.27
103.85,0,8.50,1,0.2504,81.50,1.70,1,0.2442,88.30,3.50,1,0.2335,86.50
103.97,0,8.52,1,0.2503,81.48,1.65,1,0.2430,88.35,3.47,1,0.2347,86.53
104.08,0,8.52,0,0.2503,81.48,1.41,1,0.2415,88.59,3.25,1,0.2340,86.75
104.19,0,8.49,0,0.2488,81.51,1.06,1,0.2397,88.94,3.03,1,0.2338,86.97
104.29,0,8.49,0,0.2488,81.51,1.06,1,0.2397,88.94,3.03,1,0.2338,86.97
104.40,0,8.45,1,0.2483,81.55,0.73,1,0.2381,89.27,2.77,1,0.2316,87.23
104.51,0,8.37,1,0.2503,81.63,0.43,1,0.2353,89.57,2.40,1,0.2278,87.60
104.61,0,8.37,1,0.2503,81.63,0.43,1,0.2353,89.57,2.40,1,0.2278,87.60
104.72,0,8.19,1,0.2535,81.81,0.12,1,0.2310,89.88,1.90,1,0.2243,88.10
104.82,0,7.82,1,0.2546,82.18,0.14,1,0.2299,89.86,1.83,1,0.2244,88.17
104.94,0,7.82,1,0.2546,82.18,0.28,1,0.2254,89.72,1.33,1,0.2218,88.67
105.05,0,7.38,1,0.2531,82.62,0.77,1,0.2194,89.23,0.77,1,0.2196,89.23
105.15,0,7.38,1,0.2531,82.62,0.77,1,0.2194,89.23,0.77,1,0.2196,89.23
105.26,0,7.02,1,0.2514,82.98,1.29,1,0.2138,88.71,0.26,1,0.2163,89.74
105.37,0,6.76,1,0.2518,83.24,1.76,1,0.2089,88.24,0.25,1,0.2118,89.75
105.47,0,6.76,1,0.2518,83.24,1.76,1,0.2089,88.24,0.25,1,0.2118,89.75
105.59,0,6.50,1,0.2540,83.50,2.15,1,0.2040,87.85,0.84,1,0.2066,89.16
105.69,0,6.50,1,0.2540,83.50,2.15,1,0.2040,87.85,0.84,1,0.2066,89.16
105.79,0,6.12,1,0.2556,83.88,2.52,1,0.1983,87.48,1.51,1,0.2013,88.49
105.90,0,5.57,1,0.2549,84.43,2.93,1,0.1915,87.07,2.19,1,0.1970,87.81
106.01,0,5.57,1,0.2549,84.43,2.93,1,0.1915,87.07,2.19,1,0.1970,87.81
106.11,0,4.93,1,0.2528,85.07,3.41,1,0.1845,86.59,2.82,1,0.1938,87.18
106.21,0,4.93,1,0.2528,85.07,3.41,1,0.1845,86.59,2.82,1,0.1938,87.18
106.33,0,4.31,1,0.2516,85.69,3.89,1,0.1788,86.11,3.35,1,0.1904,86.65
106.44,0,3.75,1,0.2517,86.25,4.26,1,0.1745,85.74,3.84,1,0.1857,86.16
106.54,0,3.75,1,0.2517,86.25,4.26,1,0.1745,85.74,3.84,1,0.1857,86.16
106.66,0,3.19,1,0.2520,86.81,4.51,1,0.1703,85.49,4.36,1,0.1799,85.64
106.76,0,2.54,1,0.2511,87.46,4.72,1,0.1649,85.28,4.93,1,0.1746,85.07
106.87,0,2.54,1,0.2511,87.46,4.72,1,0.1649,85.28,4.93,1,0.1746,85.07
106.99,0,1.80,1,0.2487,88.20,4.97,1,0.1581,85.03,5.47,1,0.1709,84.53
107.09,0,1.08,1,0.2454,88.92,5.04,1,0.1573,84.96,5.46,1,0.1723,84.54
107.20,0,1.08,1,0.2454,88.92,5.26,1,0.1516,84.74,5.90,1,0.1685,84.10
107.30,0,0.46,1,0.2417,89.54,5.51,1,0.1468,84.49,6.19,1,0.1655,83.81
107.42,0,0.05,1,0.2378,89.95,5.49,1,0.1489,84.51,6.10,1,0.1643,83.90
107.53,0,0.05,1,0.2378,89.95,5.61,1,0.1435,84.39,6.41,1,0.1609,83.59
107.64,0,0.51,1,0.2338,89.49,5.57,1,0.1400,84.43,6.66,1,0.1555,83.34
107.74,0,0.51,1,0.2338,89.49,5.57,1,0.1400,84.43,6.66,1,0.1555,83.34
107.86,0,0.99,1,0.2289,89.01,5.50,1,0.1349,84.50,6.92,1,0.1509,83.08
107.96,0,0.99,1,0.2289,89.01,5.50,1,0.1349,84.50,6.92,1,0.1509,83.08
108.07,0,1.47,1,0.2219,88.53,5.48,1,0.1287,84.52,7.12,1,0.1482,82.88
108.17,0,1.82,1,0.2136,88.18,5.56,1,0.1281,84.44,7.10,1,0.1496,82.90
108.27,0,1.82,1,0.2136,88.18,5.50,1,0.1231,84.50,7.17,1,0.1465,82.83
108.39,0,2.00,1,0.2051,88.00,5.44,1,0.1193,84.56,7.08,1,0.1440,82.92
108.49,0,2.00,1,0.2051,88.00,5.44,1,0.1193,84.56,7.08,1,0.1440,82.92
108.59,0,2.02,1,0.1972,87.98,5.25,1,0.1168,84.75,6.92,1,0.1398,83.08
108.69,0,2.02,1,0.1972,87.98,5.25,1,0.1168,84.75,6.92,1,0.1398,83.08
108.81,0,1.98,1,0.1899,88.02,4.95,1,0.1138,85.05,6.78,1,0.1351,83.22
108.92,0,1.94,1,0.1823,88.06,4.65,1,0.1092,85.35,6.64,1,0.1316,83.36
109.03,0,1.94,1,0.1823,88.06,4.65,1,0.1092,85.35,6.64,1,0.1316,83.36
109.14,0,1.88,1,0.1735,88.12,4.42,1,0.1037,85.58,6.44,1,0.1299,83.56
109.24,0,1.88,1,0.1735,88.12,4.42,1,0.1037,85.58,6.44,1,0.1299,83.56
109.36,0,1.72,1,0.1638,88.28,4.24,1,0.0992,85.76,6.10,1,0.1290,83.90
109.46,0,1.40,1,0.1543,88.60,4.03,1,0.0966,85.97,5.66,1,0.1270,84.34
109.56,0,1.40,1,0.1543,88.60,4.03,1,0.0966,85.97,5.66,1,0.1270,84.34
109.67,0,0.95,1,0.1460,89.05,3.73,1,0.0949,86.27,5.21,1,0.1235,84.79
109.78,0,0.95,1,0.1460,89.05,3.73,1,0.0949,86.27,5.21,1,0.1235,84.79
109.89,0,0.49,1,0.1387,89.51,3.37,1,0.0925,86.63,4.82,1,0.1196,85.18
110.00,0,0.09,1,0.1310,89.91,3.30,1,0.0923,86.70,4.88,1,0.1188,85.12
110.10,0,0.09,1,0.1310,89.91,3.06,1,0.0888,86.94,4.47,1,0.1169,85.53
110.21,0,0.26,1,0.1219,89.74,2.84,1,0.0845,87.16,4.08,1,0.1159,85.92
110.31,0,0.26,1,0.1219,89.74,2.84,1,0.0845,87.16,4.08,1,0.1159,85.92
110.42,0,0.65,1,0.1120,89.35,2.69,1,0.0812,87.31,3.60,1,0.1155,86.40
110.53,0,0.65,1,0.1120,89.35,2.69,1,0.0812,87.31,3.60,1,0.1155,86.40
110.63,0,1.16,1,0.1034,88.84,2.52,1,0.0794,87.48,3.06,1,0.1139,86.94
110.73,0,1.71,1,0.0969,88.29,2.28,1,0.0784,87.72,2.56,1,0.1106,87.44
110.85,0,1.71,1,0.0969,88.29,2.28,1,0.0784,87.72,2.56,1,0.1106,87.44
110.96,0,2.19,1,0.0913,87.81,2.00,1,0.0768,88.00,2.15,1,0.1070,87.85
111.06,0,2.19,1,0.0913,87.81,2.00,1,0.0768,88.00,2.15,1,0.1070,87.85
111.16,0,2.53,1,0.0849,87.47,1.80,1,0.0740,88.20,1.82,1,0.1046,88.18
111.27,0,2.78,1,0.0774,87.22,1.72,1,0.0703,88.28,1.47,1,0.1038,88.53
111.38,0,2.78,1,0.0774,87.22,1.72,1,0.0703,88.28,1.47,1,0.1038,88.53
111.49,0,3.04,1,0.0700,86.96,1.70,1,0.0673,88.30,1.04,1,0.1033,88.96
111.59,0,3.12,1,0.0698,86.88,1.73,1,0.0686,88.27,0.94,1,0.1033,89.06
111.71,0,3.37,1,0.0646,86.63,1.63,1,0.0659,88.37,0.60,1,0.1015,89.40
111.82,0,3.75,1,0.0609,86.25,1.48,1,0.0653,88.52,0.23,1,0.0981,89.77
111.93,0,3.75,1,0.0609,86.25,1.48,1,0.0653,88.52,0.23,1,0.0981,89.77
112.03,0,4.08,1,0.0576,85.92,1.33,1,0.0639,88.67,0.03,1,0.0943,89.97
112.13,0,4.34,1,0.0534,85.66,1.27,1,0.0610,88.73,0.20,1,0.0919,89.80
112.24,0,4.34,1,0.0534,85.66,1.27,1,0.0610,88.73,0.20,1,0.0919,89.80
112.35,0,4.57,1,0.0483,85.43,1.31,1,0.0573,88.69,0.38,1,0.0909,89.62
112.46,0,4.57,1,0.0483,85.43,1.31,1,0.0573,88.69,0.38,1,0.0909,89.62
112.57,0,4.88,1,0.0437,85.12,1.40,1,0.0544,88.60,0.62,1,0.0900,89.38
112.68,0,5.32,1,0.0410,84.68,1.46,1,0.0529,88.54,0.85,1,0.0876,89.15
112.79,0,5.32,1,0.0410,84.68,1.46,1,0.0529,88.54,0.85,1,0.0876,89.15
112.89,0,5.84,1,0.0400,84.16,1.47,1,0.0521,88.53,1.00,1,0.0838,89.00
112.99,0,5.84,1,0.0400,84.16,1.47,1,0.0521,88.53,1.00,1,0.0838,89.00
113.09,0,5.84,1,0.0400,84.16,1.47,1,0.0521,88.53,1.00,1,0.0838,89.00
113.20,0,6.31,1,0.0389,83.69,1.47,1,0.0506,88.53,1.02,1,0.0802,88.98
113.30,0,6.69,1,0.0364,83.31,1.44,1,0.0500,88.56,0.94,1,0.0798,89.06
113.40,0,6.69,1,0.0364,83.31,1.55,1,0.0474,88.45,0.97,1,0.0779,89.03
113.50,0,7.04,1,0.0331,82.96,1.61,1,0.0461,88.39,0.95,1,0.0791,89.05
113.62,0,7.04,1,0.0331,82.96,1.74,1,0.0434,88.26,0.95,1,0.0770,89.05
113.73,0,7.47,1,0.0309,82.53,1.99,1,0.0401,88.01,0.99,1,0.0763,89.01
113.84,0,7.58,1,0.0321,82.42,1.99,1,0.0416,88.01,1.09,1,0.0760,88.91
113.94,0,7.95,1,0.0308,82.05,2.19,1,0.0386,87.81,1.02,1,0.0743,88.98
114.06,0,8.33,1,0.0319,81.67,2.30,1,0.0379,87.70,0.95,1,0.0712,89.05
114.16,0,8.33,1,0.0319,81.67,2.30,1,0.0379,87.70,0.95,1,0.0712,89.05
114.28,0,8.47,1,0.0322,81.53,2.38,1,0.0361,87.62,0.76,1,0.0680,89.24
114.39,0,8.47,1,0.0322,81.53,2.38,1,0.0361,87.62,0.76,1,0.0680,89.24
114.51,0,8.14,1,0.0289,81.86,2.81,1,0.0286,87.19,0.32,1,0.0656,89.68
114.61,0,8.14,1,0.0289,81.86,2.81,1,0.0286,87.19,0.32,1,0.0656,89.68
114.73,0,7.93,1,0.0282,82.07,3.09,1,0.0262,86.91,0.17,1,0.0651,89.83
114.83,0,7.76,1,0.0298,82.24,3.26,1,0.0258,86.74,0.27,1,0.0647,89.73
114.93,0,7.76,1,0.0298,82.24,3.26,1,0.0258,86.74,0.01,1,0.0632,89.99
115.04,0,7.51,1,0.0327,82.49,3.32,1,0.0254,86.68,0.25,1,0.0600,89.75
115.15,0,7.51,1,0.0327,82.49,3.32,1,0.0254,86.68,0.25,1,0.0600,89.75
115.25,0,7.07,1,0.0350,82.93,3.37,1,0.0236,86.63,0.62,1,0.0569,89.38
115.35,0,6.48,1,0.0363,83.52,3.51,1,0.0205,86.49,1.03,1,0.0553,88.97
115.46,0,6.48,1,0.0363,83.52,3.51,1,0.0205,86.49,1.03,1,0.0553,88.97
115.57,0,5.83,1,0.0372,84.17,3.74,1,0.0184,86.26,1.38,1,0.0550,88.62
115.69,0,5.83,1,0.0372,84.17,3.74,1,0.0184,86.26,1.38,1,0.0550,88.62
115.79,0,5.24,1,0.0395,84.76,3.93,1,0.0188,86.07,1.67,1,0.0544,88.33
115.89,0,5.24,1,0.0395,84.76,3.93,1,0.0188,86.07,1.67,1,0.0544,88.33
116.00,0,4.71,1,0.0438,85.29,4.03,1,0.0201,85.97,1.97,1,0.0524,88.03
116.10,0,4.71,1,0.0438,85.29,4.03,1,0.0201,85.97,1.97,1,0.0524,88.03
116.20,0,4.14,1,0.0494,85.86,4.07,1,0.0203,85.93,2.37,1,0.0491,87.63
116.32,0,4.16,1,0.0509,85.84,3.97,1,0.0195,86.03,2.44,1,0.0477,87.56
116.43,0,3.46,1,0.0553,86.54,4.13,1,0.0191,85.87,2.86,1,0.0462,87.14
116.54,0,3.46,1,0.0553,86.54,4.13,1,0.0191,85.87,2.86,1,0.0462,87.14
116.64,0,2.68,1,0.0606,87.32,4.30,1,0.0179,85.70,3.35,1,0.0446,86.65
116.74,0,2.68,1,0.0606,87.32,4.30,1,0.0179,85.70,3.35,1,0.0446,86.65
116.85,0,1.95,1,0.0646,88.05,4.52,1,0.0186,85.48,3.78,1,0.0443,86.22
116.95,0,1.95,1,0.0646,88.05,4.52,1,0.0186,85.48,3.78,1,0.0443,86.22
117.06,0,1.34,1,0.0689,88.66,4.65,1,0.0209,85.35,4.13,1,0.0436,85.87
117.16,0,1.34,1,0.0689,88.66,4.65,1,0.0209,85.35,4.13,1,0.0436,85.87
117.28,0,0.80,1,0.0756,89.20,4.62,1,0.0230,85.38,4.46,1,0.0416,85.54
117.38,0,0.90,1,0.0771,89.10,4.50,1,0.0229,85.50,4.46,1,0.0399,85.54
117.49,0,0.25,1,0.0839,89.75,4.41,1,0.0238,85.59,4.80,1,0.0390,85.20
117.59,0,0.25,1,0.0839,89.75,4.41,1,0.0238,85.59,4.80,1,0.0390,85.20
117.70,0,0.31,1,0.0912,89.69,4.08,1,0.0235,85.92,5.10,1,0.0374,84.90
117.81,0,0.83,1,0.0966,89.17,3.64,1,0.0239,86.36,5.30,1,0.0375,84.70
117.93,0,0.83,1,0.0966,89.17,3.64,1,0.0239,86.36,5.30,1,0.0375,84.70
118.04,0,1.28,1,0.1012,88.72,3.10,1,0.0266,86.90,5.31,1,0.0392,84.69
118.15,0,1.28,1,0.1012,88.72,3.10,1,0.0266,86.90,5.31,1,0.0392,84.69
118.25,0,1.60,1,0.1063,88.40,2.39,1,0.0314,87.61,5.17,1,0.0410,84.83
118.35,0,1.79,1,0.1125,88.21,2.33,1,0.0332,87.67,5.09,1,0.0407,84.91
118.45,0,1.79,1,0.1125,88.21,1.40,1,0.0369,88.60,4.97,1,0.0422,85.03
118.57,0,1.92,1,0.1189,88.08,0.26,1,0.0425,89.74,4.79,1,0.0429,85.21
118.68,0,1.92,1,0.1189,88.08,0.26,1,0.0425,89.74,4.79,1,0.0429,85.21
118.79,0,2.07,1,0.1242,87.93,0.84,1,0.0481,89.16,4.64,1,0.0438,85.36
118.89,0,2.07,1,0.1242,87.93,0.84,1,0.0481,89.16,4.64,1,0.0438,85.36
119.00,0,2.25,1,0.1279,87.75,1.80,1,0.0537,88.20,4.48,1,0.0455,85.52
119.10,0,2.25,1,0.1279,87.75,1.80,1,0.0537,88.20,4.48,1,0.0455,85.52
119.20,0,2.39,1,0.1309,87.61,2.64,1,0.0599,87.36,4.22,1,0.0479,85.78
119.31,0,2.39,1,0.1309,87.61,2.64,1,0.0599,87.36,4.22,1,0.0479,85.78
119.42,0,2.39,1,0.1340,87.61,3.43,1,0.0671,86.57,3.84,1,0.0506,86.16
119.53,0,2.27,1,0.1344,87.73,3.49,1,0.0692,86.51,3.77,1,0.0509,86.23
119.63,0,2.26,1,0.1375,87.74,4.19,1,0.0746,85.81,3.45,1,0.0529,86.55
119.74,0,2.11,1,0.1413,87.89,4.82,1,0.0810,85.18,3.14,1,0.0541,86.86
119.86,0,2.11,1,0.1413,87.89,4.82,1,0.0810,85.18,3.14,1,0.0541,86.86
119.97,0,2.03,1,0.1445,87.97,5.26,1,0.0855,84.74,2.93,1,0.0544,87.07
120.07,0,2.03,1,0.1445,87.97,5.26,1,0.0855,84.74,2.93,1,0.0544,87.07
120.17,0,1.99,1,0.1465,88.01,5.49,1,0.0885,84.51,2.71,1,0.0551,87.29
120.27,0,1.99,1,0.1465,88.01,5.49,1,0.0885,84.51,2.71,1,0.0551,87.29
120.39,0,1.89,1,0.1477,88.11,5.56,1,0.0911,84.44,2.38,1,0.0574,87.62
120.49,0,1.89,1,0.1477,88.11,5.56,1,0.0911,84.44,2.38,1,0.0574,87.62
120.60,0,1.64,1,0.1488,88.36,5.60,1,0.0945,84.40,1.97,1,0.0606,88.03
120.72,0,1.64,1,0.1488,88.36,5.60,1,0.0945,84.40,1.97,1,0.0606,88.03
120.83,0,1.30,1,0.1506,88.70,5.63,1,0.0985,84.37,1.60,1,0.0632,88.40
120.93,0,1.30,1,0.1506,88.70,5.63,1,0.0985,84.37,1.60,1,0.0632,88.40
121.04,0,0.99,1,0.1530,89.01,5.62,1,0.1019,84.38,1.38,1,0.0640,88.62
121.15,0,0.99,1,0.1530,89.01,5.62,1,0.1019,84.38,1.38,1,0.0640,88.62
121.26,0,0.76,1,0.1550,89.24,5.46,1,0.1037,84.54,1.25,1,0.0640,88.75
121.37,0,0.76,1,0.1550,89.24,5.46,1,0.1037,84.54,1.25,1,0.0640,88.75
121.47,0,0.56,1,0.1558,89.44,5.11,1,0.1041,84.89,1.06,1,0.0650,88.94
121.57,0,0.56,1,0.1558,89.44,5.11,1,0.1041,84.89,1.06,1,0.0650,88.94
121.68,0,0.26,1,0.1554,89.74,4.66,1,0.1044,85.34,0.78,1,0.0677,89.22
121.78,0,0.26,1,0.1554,89.74,4.66,1,0.1044,85.34,0.78,1,0.0677,89.22
121.89,0,0.16,1,0.1550,89.84,4.22,1,0.1058,85.78,0.47,1,0.0711,89.53
121.99,0,0.16,1,0.1550,89.84,4.22,1,0.1058,85.78,0.47,1,0.0711,89.53
122.10,0,0.64,1,0.1557,89.36,3.82,1,0.1082,86.18,0.26,1,0.0735,89.74
122.22,0,1.07,1,0.1574,88.93,3.36,1,0.1100,86.64,0.19,1,0.0743,89.81
122.34,0,1.07,1,0.1574,88.93,3.36,1,0.1100,86.64,0.19,1,0.0743,89.81
122.45,0,1.41,1,0.1586,88.59,2.74,1,0.1101,87.26,0.19,1,0.0745,89.81
122.55,0,1.41,1,0.1586,88.59,2.74,1,0.1101,87.26,0.19,1,0.0745,89.81
122.67,0,1.75,1,0.1582,88.25,1.97,1,0.1087,88.03,0.14,1,0.0756,89.86
122.77,0,1.75,1,0.1582,88.25,1.97,1,0.1087,88.03,0.14,1,0.0756,89.86
122.89,0,2.18,1,0.1564,87.82,1.13,1,0.1076,88.87,0.03,1,0.0781,89.97
122.99,0,2.27,1,0.1559,87.73,1.11,1,0.1081,88.89,0.09,1,0.0798,89.91
123.10,0,2.73,1,0.1552,87.27,0.29,1,0.1077,89.71,0.07,1,0.0809,89.93
123.22,0,3.31,1,0.1557,86.69,0.52,1,0.1084,89.48,0.06,1,0.0828,89.94
123.32,0,3.31,1,0.1557,86.69,0.52,1,0.1084,89.48,0.06,1,0.0828,89.94
123.44,0,3.83,1,0.1571,86.17,1.35,1,0.1086,88.65,0.08,1,0.0832,89.92
123.54,0,3.83,1,0.1571,86.17,1.35,1,0.1086,88.65,0.08,1,0.0832,89.92
123.65,0,4.25,1,0.1574,85.75,2.28,1,0.1072,87.72,0.27,1,0.0831,89.73
123.76,0,4.66,1,0.1557,85.34,3.28,1,0.1048,86.72,0.41,1,0.0836,89.59
123.87,0,4.66,1,0.1557,85.34,3.28,1,0.1048,86.72,0.41,1,0.0836,89.59
123.99,0,5.17,1,0.1533,84.83,4.25,1,0.1029,85.75,0.50,1,0.0853,89.50
124.09,0,5.17,1,0.1533,84.83,4.25,1,0.1029,85.75,0.50,1,0.0853,89.50
124.19,0,5.76,1,0.1520,84.24,5.13,1,0.1021,84.87,0.62,1,0.0873,89.38
124.31,0,6.35,1,0.1525,83.65,5.91,1,0.1019,84.09,0.84,1,0.0883,89.16
124.41,0,6.35,1,0.1525,83.65,5.91,1,0.1019,84.09,0.84,1,0.0883,89.16
124.52,0,6.86,1,0.1533,83.14,6.65,1,0.1013,83.35,1.16,1,0.0879,88.84
124.62,0,6.86,1,0.1533,83.14,6.65,1,0.1013,83.35,1.16,1,0.0879,88.84
124.72,0,7.27,1,0.1528,82.73,7.37,1,0.0997,82.63,1.49,1,0.0867,88.51
124.82,0,7.27,1,0.1528,82.73,7.37,1,0.0997,82.63,1.49,1,0.0867,88.51
124.94,0,7.67,1,0.1505,82.33,8.09,1,0.0973,81.91,1.76,1,0.0861,88.24
125.04,0,7.67,1,0.1505,82.33,8.09,1,0.0973,81.91,1.76,1,0.0861,88.24
125.16,0,8.14,1,0.1481,81.86,8.68,1,0.0954,81.32,1.97,1,0.0865,88.03
125.27,0,8.68,1,0.1471,81.32,9.04,1,0.0951,80.96,2.18,1,0.0871,87.82
125.38,0,8.68,0,0.1471,81.32,9.04,1,0.0951,80.96,2.18,1,0.0871,87.82
125.48,0,9.20,1,0.1477,80.80,9.14,1,0.0961,80.86,2.45,1,0.0870,87.55
125.59,0,9.20,1,0.1477,80.80,9.14,1,0.0961,80.86,2.45,1,0.0870,87.55
125.69,0,9.21,1,0.1491,80.79,9.05,1,0.0973,80.95,2.52,1,0.0864,87.48
125.81,0,9.60,1,0.1481,80.40,9.07,0,0.0969,80.93,2.77,1,0.0853,87.23
125.91,0,9.60,1,0.1481,80.40,9.07,0,0.0969,80.93,2.77,1,0.0853,87.23
126.03,0,9.90,1,0.1470,80.10,8.98,1,0.0965,81.02,3.08,1,0.0827,86.92
126.13,0,9.90,1,0.1470,80.10,8.98,1,0.0965,81.02,3.08,1,0.0827,86.92
126.24,0,10.19,1,0.1446,79.81,8.92,1,0.0956,81.08,3.28,1,0.0811,86.72
126.34,0,10.19,1,0.1446,79.81,8.92,1,0.0956,81.08,3.28,1,0.0811,86.72
126.44,0,10.19,1,0.1446,79.81,8.92,1,0.0956,81.08,3.28,1,0.0811,86.72
126.55,0,10.52,1,0.1424,79.48,8.81,1,0.0962,81.19,3.35,1,0.0808,86.65
126.65,0,10.52,1,0.1424,79.48,8.81,1,0.0962,81.19,3.35,1,0.0808,86.65
126.76,0,10.90,1,0.1418,79.10,8.52,1,0.0988,81.48,3.39,1,0.0809,86.61
126.86,0,11.19,1,0.1424,78.81,8.05,1,0.1020,81.95,3.46,1,0.0799,86.54
126.96,0,11.19,1,0.1424,78.81,8.05,1,0.1020,81.95,3.46,1,0.0799,86.54
127.06,0,11.31,1,0.1428,78.69,7.53,1,0.1040,82.47,3.56,1,0.0775,86.44
127.16,0,11.31,1,0.1428,78.69,7.53,1,0.1040,82.47,3.56,1,0.0775,86.44
127.28,0,11.27,1,0.1418,78.73,7.07,1,0.1051,82.93,3.58,1,0.0750,86.42
127.40,0,11.18,1,0.1399,78.82,6.63,1,0.1068,83.37,3.41,1,0.0745,86.59
127.51,0,11.18,1,0.1399,78.82,6.63,1,0.1068,83.37,3.41,1,0.0745,86.59
127.61,0,11.14,1,0.1384,78.86,6.11,1,0.1106,83.89,3.07,1,0.0759,86.93
127.71,0,11.14,1,0.1384,78.86,6.11,1,0.1106,83.89,3.07,1,0.0759,86.93
127.83,0,11.10,1,0.1384,78.90,5.48,1,0.1156,84.52,2.70,1,0.0772,87.30
127.94,0,10.93,1,0.1394,79.07,4.81,1,0.1200,85.19,2.43,1,0.0769,87.57
128.05,0,10.93,1,0.1394,79.07,4.81,1,0.1200,85.19,2.43,1,0.0769,87.57
128.17,0,10.55,1,0.1398,79.45,4.21,1,0.1230,85.79,2.25,1,0.0763,87.75
128.28,0,10.01,1,0.1389,79.99,3.72,1,0.1252,86.28,2.05,1,0.0775,87.95
128.38,0,10.01,1,0.1389,79.99,3.72,1,0.1252,86.28,2.05,1,0.0775,87.95
128.50,0,9.44,1,0.1373,80.56,3.27,1,0.1279,86.73,1.77,1,0.0802,88.23
128.60,0,9.44,1,0.1373,80.56,3.27,1,0.1279,86.73,1.77,1,0.0802,88.23
128.71,0,8.90,1,0.1362,81.10,2.78,1,0.1320,87.22,1.47,1,0.0825,88.53
128.83,0,8.36,1,0.1364,81.64,2.23,1,0.1365,87.77,1.27,1,0.0827,88.73
128.93,0,8.36,1,0.1364,81.64,2.23,1,0.1365,87.77,1.27,1,0.0827,88.73
129.05,0,7.74,1,0.1374,82.26,1.67,1,0.1401,88.33,1.18,1,0.0817,88.82
129.15,0,7.74,1,0.1374,82.26,1.67,1,0.1401,88.33,1.18,1,0.0817,88.82
129.25,0,7.01,1,0.1380,82.99,1.19,1,0.1421,88.81,1.15,1,0.0815,88.85
129.36,0,6.18,1,0.1371,83.82,0.81,1,0.1436,89.19,1.07,1,0.0831,88.93
129.47,0,6.18,1,0.1371,83.82,0.81,1,0.1436,89.19,1.07,1,0.0831,88.93
129.59,0,5.34,1,0.1351,84.66,0.47,1,0.1456,89.53,0.93,1,0.0854,89.07
129.69,0,5.34,1,0.1351,84.66,0.47,1,0.1456,89.53,0.93,1,0.0854,89.07
129.80,0,4.52,1,0.1338,85.48,0.11,1,0.1485,89.89,0.80,1,0.0866,89.20
129.92,0,3.73,1,0.1343,86.27,0.28,1,0.1514,89.72,0.74,1,0.0860,89.26
130.03,0,3.73,1,0.1343,86.27,0.28,1,0.1514,89.72,0.74,1,0.0860,89.26
130.15,0,2.90,1,0.1356,87.10,0.67,1,0.1531,89.33,0.77,1,0.0850,89.23
130.26,0,1.98,1,0.1358,88.02,0.71,1,0.1522,89.29,0.84,1,0.0842,89.16
130.38,0,1.98,1,0.1358,88.02,0.97,1,0.1532,89.03,0.84,1,0.0849,89.16
130.48,0,1.05,1,0.1342,88.95,1.15,1,0.1527,88.85,0.90,1,0.0861,89.10
130.58,0,1.05,1,0.1342,88.95,1.15,1,0.1527,88.85,0.90,1,0.0861,89.10
130.69,0,0.22,1,0.1321,89.78,1.27,1,0.1528,88.73,0.92,1,0.0876,89.08
130.81,0,0.22,1,0.1321,89.78,1.27,1,0.1528,88.73,0.92,1,0.0876,89.08
130.92,0,0.47,1,0.1310,89.53,1.39,1,0.1538,88.61,0.94,1,0.0877,89.06
131.02,0,1.07,1,0.1314,88.93,1.46,1,0.1556,88.54,0.89,1,0.0864,89.11
131.14,0,1.07,1,0.1314,88.93,1.54,1,0.1549,88.46,1.01,1,0.0866,88.99
131.25,0,1.68,1,0.1320,88.32,1.68,1,0.1545,88.32,1.15,1,0.0852,88.85
131.37,0,1.68,1,0.1320,88.32,1.68,1,0.1545,88.32,1.15,1,0.0852,88.85
131.48,0,2.31,1,0.1314,87.69,1.72,1,0.1527,88.28,1.35,1,0.0847,88.65
131.59,0,2.91,1,0.1292,87.09,1.63,1,0.1506,88.37,1.57,1,0.0855,88.43
131.70,0,2.91,1,0.1292,87.09,1.63,1,0.1506,88.37,1.57,1,0.0855,88.43
131.81,0,3.36,1,0.1264,86.64,1.46,1,0.1495,88.54,1.72,1,0.0863,88.28
131.91,0,3.36,1,0.1264,86.64,1.46,1,0.1495,88.54,1.72,1,0.0863,88.28
132.01,0,3.64,1,0.1244,86.36,1.31,1,0.1495,88.69,1.83,1,0.0858,88.17
132.11,0,3.64,1,0.1244,86.36,1.31,1,0.1495,88.69,1.83,1,0.0858,88.17
132.21,0,3.83,1,0.1237,86.17,1.22,1,0.1494,88.78,1.98,1,0.0841,88.02
132.31,0,4.05,1,0.1234,85.95,1.13,1,0.1481,88.87,2.26,1,0.0823,87.74
132.42,0,4.05,1,0.1234,85.95,1.13,1,0.1481,88.87,2.26,1,0.0823,87.74
132.54,0,4.32,1,0.1221,85.68,0.95,1,0.1455,89.05,2.62,1,0.0816,87.38
132.64,0,4.32,1,0.1221,85.68,0.95,1,0.1455,89.05,2.62,1,0.0816,87.38
132.76,0,4.58,1,0.1194,85.42,0.65,1,0.1429,89.35,2.97,1,0.0820,87.03
132.86,0,4.70,1,0.1164,85.30,0.31,1,0.1417,89.69,3.22,1,0.0822,86.78
132.96,0,4.70,1,0.1164,85.30,0.31,1,0.1417,89.69,3.22,1,0.0822,86.78
133.07,0,4.67,1,0.1145,85.33,0.04,1,0.1419,89.96,3.43,1,0.0812,86.57
133.19,0,4.58,1,0.1142,85.42,0.16,1,0.1420,89.84,3.75,1,0.0789,86.25
133.29,0,4.58,1,0.1142,85.42,0.16,1,0.1420,89.84,3.75,1,0.0789,86.25
133.40,0,4.54,1,0.1140,85.46,0.38,1,0.1405,89.62,4.22,1,0.0766,85.78
133.52,0,4.60,1,0.1116,85.40,0.78,1,0.1369,89.22,4.75,1,0.0771,85.25
133.62,0,4.32,1,0.1071,85.68,1.60,1,0.1343,88.40,5.44,1,0.0761,84.56
133.73,0,4.01,1,0.1054,85.99,1.97,1,0.1348,88.03,5.64,1,0.0747,84.36
133.84,0,4.01,1,0.1054,85.99,1.97,1,0.1348,88.03,5.64,1,0.0747,84.36
133.95,0,3.66,1,0.1052,86.34,2.29,1,0.1346,87.71,5.93,1,0.0721,84.07
134.06,0,3.37,1,0.1049,86.63,2.64,1,0.1326,87.36,6.30,1,0.0700,83.70
134.16,0,3.37,1,0.1049,86.63,2.64,1,0.1326,87.36,6.30,1,0.0700,83.70
134.26,0,3.13,1,0.1033,86.87,3.11,1,0.1296,86.89,6.55,1,0.0697,83.45
134.36,0,2.85,1,0.1003,87.15,3.66,1,0.1273,86.34,6.56,1,0.0708,83.44
134.46,0,2.85,1,0.1003,87.15,3.66,1,0.1273,86.34,6.56,1,0.0708,83.44
134.58,0,2.43,1,0.0974,87.57,4.20,1,0.1268,85.80,6.43,1,0.0713,83.57
134.68,0,2.43,1,0.0974,87.57,4.20,1,0.1268,85.80,6.43,1,0.0713,83.57
134.79,0,1.91,1,0.0960,88.09,4.65,1,0.1272,85.35,6.35,1,0.0701,83.65
134.90,0,1.37,1,0.0958,88.63,4.55,1,0.1283,85.45,6.35,1,0.0681,83.65
135.00,0,1.37,1,0.0958,88.63,5.05,1,0.1266,84.95,6.37,1,0.0676,83.63
135.11,0,0.92,1,0.0954,89.08,5.49,1,0.1243,84.51,6.34,1,0.0662,83.66
135.23,0,0.92,1,0.0954,89.08,5.49,1,0.1243,84.51,6.34,1,0.0662,83.66
135.33,0,0.51,1,0.0934,89.49,6.02,1,0.1214,83.98,6.13,1,0.0665,83.87
135.43,0,0.51,1,0.0934,89.49,6.02,1,0.1214,83.98,6.13,1,0.0665,83.87
135.54,0,0.06,1,0.0902,89.94,6.60,1,0.1194,83.40,5.76,1,0.0667,84.24
135.64,0,0.06,1,0.0902,89.94,6.60,1,0.1194,83.40,5.76,1,0.0667,84.24
135.74,0,0.52,1,0.0874,89.48,7.15,1,0.1193,82.85,5.29,1,0.0654,84.71
135.85,0,1.19,1,0.0862,88.81,7.59,1,0.1197,82.41,4.79,1,0.0628,85.21
135.95,0,1.19,1,0.0862,88.81,7.59,1,0.1197,82.41,4.79,1,0.0628,85.21
136.06,0,1.85,1,0.0862,88.15,7.97,1,0.1190,82.03,4.27,1,0.0599,85.73
136.16,0,1.85,1,0.0862,88.15,7.97,1,0.1190,82.03,4.27,1,0.0599,85.73
136.27,0,2.43,1,0.0855,87.57,8.36,1,0.1168,81.64,3.76,1,0.0574,86.24
136.37,0,2.96,1,0.0832,87.04,8.39,1,0.1156,81.61,3.81,1,0.0581,86.19
136.48,0,2.96,1,0.0832,87.04,8.82,1,0.1142,81.18,3.27,1,0.0558,86.73
136.60,0,3.54,1,0.0799,86.46,9.31,1,0.1129,80.69,2.75,1,0.0548,87.25
136.70,0,3.54,1,0.0799,86.46,9.31,1,0.1129,80.69,2.75,1,0.0548,87.25
136.82,0,4.25,1,0.0774,85.75,9.72,1,0.1132,80.28,2.18,1,0.0535,87.82
136.93,0,5.03,1,0.0767,84.97,9.66,1,0.1151,80.34,2.11,1,0.0524,87.89
137.03,0,5.03,1,0.0767,84.97,10.00,1,0.1140,80.00,1.63,1,0.0513,88.37
137.14,0,5.77,1,0.0767,84.23,10.19,1,0.1136,79.81,1.21,1,0.0483,88.79
137.24,0,5.77,1,0.0767,84.23,10.19,1,0.1136,79.81,1.21,1,0.0483,88.79
137.35,0,6.40,1,0.0759,83.60,10.39,1,0.1118,79.61,0.90,1,0.0456,89.10
137.45,0,6.40,1,0.0759,83.60,10.39,1,0.1118,79.61,0.90,1,0.0456,89.10
137.56,0,6.98,1,0.0734,83.02,10.64,1,0.1099,79.36,0.59,1,0.0443,89.41
137.67,0,7.60,1,0.0703,82.40,10.88,1,0.1094,79.12,0.53,1,0.0457,89.47
137.78,0,7.60,1,0.0703,82.40,10.88,1,0.1094,79.12,0.24,1,0.0437,89.76
137.90,0,8.31,1,0.0685,81.69,11.00,1,0.1105,79.00,0.09,1,0.0422,89.91
138.00,0,8.31,1,0.0685,81.69,11.00,1,0.1105,79.00,0.09,1,0.0422,89.91
138.12,0,9.05,1,0.0686,80.95,10.96,1,0.1119,79.04,0.33,1,0.0389,89.67
138.24,0,9.71,1,0.0690,80.29,10.80,1,0.1123,79.20,0.43,1,0.0350,89.57
138.34,0,9.71,1,0.0690,80.29,10.80,1,0.1123,79.20,0.43,1,0.0350,89.57
138.45,0,10.21,1,0.0683,79.79,10.64,1,0.1113,79.36,0.44,1,0.0323,89.56
138.56,0,10.13,1,0.0672,79.87,10.69,1,0.1103,79.31,0.42,1,0.0335,89.58
138.66,0,10.63,1,0.0661,79.37,10.54,1,0.1103,79.46,0.44,1,0.0314,89.56
138.76,0,11.06,1,0.0638,78.94,10.44,1,0.1107,79.56,0.47,1,0.0306,89.53
138.87,0,11.06,1,0.0638,78.94,10.44,0,0.1107,79.56,0.47,1,0.0306,89.53
138.97,0,11.53,1,0.0632,78.47,10.20,1,0.1125,79.80,0.48,1,0.0281,89.52
139.08,0,11.96,1,0.0647,78.04,9.77,1,0.1145,80.23,0.41,1,0.0241,89.59
139.19,0,11.96,1,0.0647,78.04,9.77,1,0.1145,80.23,0.41,1,0.0241,89.59
139.29,0,12.16,1,0.0664,77.84,9.24,1,0.1154,80.76,0.19,1,0.0208,89.81
139.39,0,12.16,1,0.0664,77.84,9.24,1,0.1154,80.76,0.19,1,0.0208,89.81
139.51,0,12.08,1,0.0666,77.92,8.74,1,0.1149,81.26,0.10,1,0.0200,89.90
139.62,0,11.81,1,0.0657,78.19,8.30,1,0.1145,81.70,0.37,1,0.0206,89.63
139.73,0,11.81,1,0.0657,78.19,8.30,1,0.1145,81.70,0.37,1,0.0206,89.63
139.85,0,11.53,1,0.0655,78.47,7.86,1,0.1157,82.14,0.56,1,0.0200,89.44
139.95,0,11.53,1,0.0655,78.47,7.86,1,0.1157,82.14,0.56,1,0.0200,89.44
140.06,0,11.26,1,0.0673,78.74,7.32,1,0.1183,82.68,0.74,1,0.0179,89.26
140.18,0,10.90,1,0.0706,79.10,6.68,1,0.1208,83.32,1.01,1,0.0164,88.99
140.30,0,10.90,1,0.0706,79.10,6.68,1,0.1208,83.32,1.01,1,0.0164,88.99
140.40,0,10.33,1,0.0736,79.67,6.04,1,0.1216,83.96,1.39,1,0.0177,88.61
140.50,0,10.33,1,0.0736,79.67,6.04,1,0.1216,83.96,1.39,1,0.0177,88.61
140.61,0,9.55,1,0.0755,80.45,5.49,1,0.1210,84.51,1.79,1,0.0204,88.21
140.73,0,8.74,1,0.0766,81.26,5.02,1,0.1209,84.98,2.10,1,0.0223,87.90
140.85,0,8.74,1,0.0766,81.26,5.02,1,0.1209,84.98,2.10,1,0.0223,87.90
140.97,0,7.98,1,0.0781,82.02,4.55,1,0.1226,85.45,2.30,1,0.0231,87.70
141.07,0,7.98,1,0.0781,82.02,4.55,1,0.1226,85.45,2.30,1,0.0231,87.70
141.18,0,7.26,1,0.0811,82.74,4.02,1,0.1253,85.98,2.49,1,0.0247,87.51
141.28,0,7.26,1,0.0811,82.74,4.02,1,0.1253,85.98,2.49,1,0.0247,87.51
141.39,0,6.46,1,0.0855,83.54,3.45,1,0.1272,86.55,2.74,1,0.0292,87.26
141.50,0,5.59,1,0.0901,84.41,2.90,1,0.1274,87.10,3.06,1,0.0353,86.94
141.62,0,5.59,1,0.0901,84.41,2.90,1,0.1274,87.10,3.06,1,0.0353,86.94
141.73,0,4.68,1,0.0935,85.32,2.46,1,0.1266,87.54,3.33,1,0.0402,86.67
141.83,0,4.68,1,0.0935,85.32,2.46,1,0.1266,87.54,3.33,1,0.0402,86.67
141.93,0,3.82,1,0.0954,86.18,2.12,1,0.1266,87.88,3.46,1,0.0437,86.54
142.04,0,3.82,1,0.0954,86.18,2.12,1,0.1266,87.88,3.46,1,0.0437,86.54
142.15,0,3.03,1,0.0972,86.97,1.79,1,0.1283,88.21,3.45,1,0.0476,86.55
142.25,0,2.29,1,0.1005,87.71,1.76,1,0.1302,88.24,3.35,1,0.0478,86.65
142.35,0,2.29,1,0.1005,87.71,1.41,1,0.1306,88.59,3.38,1,0.0532,86.62
142.45,0,1.60,1,0.1052,88.40,0.99,1,0.1320,89.01,3.31,1,0.0599,86.69
142.55,0,1.60,1,0.1052,88.40,0.99,1,0.1320,89.01,3.31,1,0.0599,86.69
142.66,0,0.91,1,0.1096,89.09,0.61,1,0.1318,89.39,3.25,1,0.0656,86.75
142.76,0,0.91,1,0.1096,89.09,0.61,1,0.1318,89.39,3.25,1,0.0656,86.75
142.87,0,0.20,1,0.1123,89.80,0.35,1,0.1308,89.65,3.11,1,0.0694,86.89
142.97,0,0.20,1,0.1123,89.80,0.35,1,0.1308,89.65,3.11,1,0.0694,86.89
143.09,0,0.51,1,0.1137,89.49,0.18,1,0.1307,89.82,2.82,1,0.0716,87.18
143.19,0,0.51,1,0.1137,89.49,0.18,1,0.1307,89.82,2.82,1,0.0716,87.18
143.30,0,1.14,1,0.1154,88.86,0.03,1,0.1321,89.97,2.38,1,0.0736,87.62
143.40,0,1.14,1,0.1154,88.86,0.03,1,0.1321,89.97,2.38,1,0.0736,87.62
143.50,0,1.65,1,0.1185,88.35,0.17,1,0.1340,89.83,1.91,1,0.0761,88.09
143.60,0,1.65,1,0.1185,88.35,0.17,1,0.1340,89.83,1.91,1,0.0761,88.09
143.71,0,2.08,1,0.1224,87.92,0.41,1,0.1348,89.59,1.49,1,0.0777,88.51
143.82,0,2.08,1,0.1224,87.92,0.41,1,0.1348,89.59,1.49,1,0.0777,88.51
143.92,0,2.54,1,0.1258,87.46,0.58,1,0.1339,89.42,1.08,1,0.0760,88.92
144.02,0,2.54,1,0.1258,87.46,0.58,1,0.1339,89.42,1.08,1,0.0760,88.92
144.14,0,3.07,1,0.1276,86.93,0.62,1,0.1324,89.38,0.62,1,0.0708,89.38
144.24,0,3.07,1,0.1276,86.93,0.62,1,0.1324,89.38,0.62,1,0.0708,89.38
144.36,0,3.57,1,0.1283,86.43,0.56,1,0.1320,89.44,0.08,1,0.0644,89.92
144.46,0,3.51,1,0.1270,86.49,0.52,1,0.1335,89.48,0.03,1,0.0642,89.97
144.57,0,3.89,1,0.1293,86.11,0.50,1,0.1329,89.50,0.49,1,0.0583,89.51
144.68,0,4.04,1,0.1312,85.96,0.50,1,0.1340,89.50,1.00,1,0.0526,89.00
144.79,0,4.04,1,0.1312,85.96,0.50,1,0.1340,89.50,1.00,1,0.0526,89.00
144.89,0,4.15,1,0.1335,85.85,0.52,1,0.1339,89.48,1.36,1,0.0459,88.64
144.99,0,4.15,1,0.1335,85.85,0.52,1,0.1339,89.48,1.36,1,0.0459,88.64
145.11,0,4.34,1,0.1350,85.66,0.46,1,0.1323,89.54,1.55,1,0.0368,88.45
145.22,0,4.34,1,0.1350,85.66,0.46,1,0.1323,89.54,1.55,1,0.0368,88.45
145.33,0,4.56,1,0.1351,85.44,0.28,1,0.1303,89.72,1.70,1,0.0270,88.30
145.44,0,4.64,1,0.1343,85.36,0.01,1,0.1294,89.99,1.88,1,0.0197,88.12
145.55,0,4.64,1,0.1343,85.36,0.01,1,0.1294,89.99,1.88,1,0.0197,88.12
145.65,0,4.50,1,0.1335,85.50,0.24,1,0.1298,89.76,2.03,1,0.0165,87.97
145.76,0,4.50,1,0.1335,85.50,0.24,1,0.1298,89.76,2.03,1,0.0165,87.97
145.88,0,4.22,1,0.1330,85.78,0.42,1,0.1303,89.58,2.06,1,0.0161,87.94
145.98,0,4.22,1,0.1330,85.78,0.42,1,0.1303,89.58,2.06,1,0.0161,87.94
146.09,0,3.95,1,0.1328,86.05,0.58,1,0.1296,89.42,1.97,1,0.0164,88.03
146.21,0,3.75,1,0.1325,86.25,0.82,1,0.1274,89.18,1.77,1,0.0174,88.23
146.32,0,3.75,1,0.1325,86.25,0.82,1,0.1274,89.18,1.77,1,0.0174,88.23
146.42,0,3.55,1,0.1312,86.45,1.19,1,0.1250,88.81,1.57,1,0.0203,88.43
146.52,0,3.55,1,0.1312,86.45,1.19,1,0.1250,88.81,1.57,1,0.0203,88.43
146.64,0,3.20,1,0.1288,86.80,1.61,1,0.1239,88.39,1.41,1,0.0248,88.59
146.74,0,3.20,1,0.1288,86.80,1.61,1,0.1239,88.39,1.41,1,0.0248,88.59
146.85,0,2.71,1,0.1261,87.29,1.99,1,0.1241,88.01,1.25,1,0.0293,88.75
146.95,0,2.71,1,0.1261,87.29,1.99,1,0.1241,88.01,1.25,1,0.0293,88.75
147.07,0,2.14,1,0.1242,87.86,2.28,1,0.1242,87.72,1.01,1,0.0328,88.99
147.17,0,2.14,1,0.1242,87.86,2.28,1,0.1242,87.72,1.01,1,0.0328,88.99
147.29,0,1.61,1,0.1233,88.39,2.57,1,0.1230,87.43,0.67,1,0.0354,89.33
147.39,0,1.61,1,0.1233,88.39,2.57,1,0.1230,87.43,0.67,1,0.0354,89.33
147.51,0,1.14,1,0.1224,88.86,2.92,1,0.1204,87.08,0.35,1,0.0390,89.65
147.63,0,0.66,1,0.1202,89.34,3.38,1,0.1178,86.62,0.12,1,0.0442,89.88
147.74,0,0.66,1,0.1202,89.34,3.38,1,0.1178,86.62,0.12,1,0.0442,89.88
147.86,0,0.09,1,0.1166,89.91,3.88,1,0.1167,86.12,0.05,1,0.0504,89.95
147.96,0,0.59,1,0.1129,89.41,4.31,1,0.1168,85.69,0.21,1,0.0562,89.79
148.08,0,0.59,1,0.1129,89.41,4.31,1,0.1168,85.69,0.21,1,0.0562,89.79
148.20,0,1.33,1,0.1108,88.67,4.64,1,0.1167,85.36,0.41,1,0.0610,89.59
148.31,0,1.33,1,0.1108,88.67,4.64,1,0.1167,85.36,0.41,1,0.0610,89.59
148.42,0,2.01,1,0.1100,87.99,4.96,1,0.1152,85.04,0.61,1,0.0660,89.39
148.53,0,2.63,1,0.1086,87.37,5.34,1,0.1123,84.66,0.81,1,0.0716,89.19
148.64,0,2.63,1,0.1086,87.37,5.34,1,0.1123,84.66,0.81,1,0.0716,89.19
148.74,0,3.22,1,0.1054,86.78,5.82,1,0.1098,84.18,1.00,1,0.0775,89.00
148.84,0,3.22,1,0.1054,86.78,5.82,1,0.1098,84.18,1.00,1,0.0775,89.00
148.95,0,3.88,1,0.1011,86.12,6.30,1,0.1088,83.70,1.20,1,0.0833,88.80
149.06,0,3.88,1,0.1011,86.12,6.30,1,0.1088,83.70,1.20,1,0.0833,88.80
149.16,0,4.63,1,0.0975,85.37,6.69,1,0.1090,83.31,1.39,1,0.0884,88.61
149.26,0,4.63,1,0.0975,85.37,6.69,1,0.1090,83.31,1.39,1,0.0884,88.61
149.38,0,5.41,1,0.0958,84.59,6.96,1,0.1086,83.04,1.59,1,0.0933,88.41
149.49,0,6.11,1,0.0949,83.89,7.20,1,0.1066,82.80,1.83,1,0.0979,88.17
149.61,0,6.11,1,0.0949,83.89,7.20,1,0.1066,82.80,1.83,1,0.0979,88.17
149.72,0,6.69,1,0.0930,83.31,7.52,1,0.1037,82.48,2.15,1,0.1017,87.85
149.84,0,6.69,1,0.0930,83.31,7.52,1,0.1037,82.48,2.15,1,0.1017,87.85
149.94,0,7.21,1,0.0893,82.79,7.89,1,0.1014,82.11,2.52,1,0.1052,87.48
150.05,0,7.21,1,0.0893,82.79,7.89,1,0.1014,82.11,2.52,1,0.1052,87.48
150.17,0,7.80,1,0.0851,82.20,8.24,1,0.1006,81.76,2.84,1,0.1092,87.16
150.28,0,7.80,1,0.0851,82.20,8.24,1,0.1006,81.76,2.84,1,0.1092,87.16
150.40,0,8.48,1,0.0821,81.52,8.46,1,0.1007,81.54,3.10,1,0.1138,86.90
150.50,0,8.48,1,0.0821,81.52,8.46,1,0.1007,81.54,3.10,1,0.1138,86.90
150.61,0,9.14,1,0.0810,80.86,8.58,1,0.1001,81.42,3.37,1,0.1177,86.63
150.71,0,9.14,1,0.0810,80.86,8.58,1,0.1001,81.42,3.37,1,0.1177,86.63
150.82,0,9.65,1,0.0802,80.35,8.68,1,0.0981,81.32,3.73,1,0.1199,86.27
150.92,0,10.00,1,0.0780,80.00,8.84,1,0.0952,81.16,4.12,1,0.1211,85.88
151.02,0,10.00,1,0.0780,80.00,8.84,1,0.0952,81.16,4.12,1,0.1211,85.88
151.12,0,10.31,1,0.0745,79.69,9.04,1,0.0930,80.96,4.41,1,0.1232,85.59
151.24,0,10.71,1,0.0712,79.29,9.19,1,0.0924,80.81,4.53,1,0.1268,85.47
151.35,0,10.71,1,0.0712,79.29,9.19,1,0.0924,80.81,4.53,1,0.1268,85.47
151.46,0,11.15,1,0.0692,78.85,9.21,1,0.0927,80.79,4.56,1,0.1307,85.44
151.56,0,11.26,1,0.0706,78.74,9.11,1,0.0936,80.89,4.54,1,0.1306,85.46
151.66,0,11.47,1,0.0684,78.53,9.12,1,0.0921,80.88,4.66,1,0.1325,85.34
151.77,0,11.60,1,0.0678,78.40,9.00,1,0.0900,81.00,4.72,1,0.1313,85.28
151.88,0,11.60,1,0.0678,78.40,9.00,1,0.0900,81.00,4.84,1,0.1324,85.16
151.98,0,11.60,1,0.0661,78.40,9.01,1,0.0888,80.99,4.91,1,0.1315,85.09
152.09,0,11.60,1,0.0661,78.40,8.94,1,0.0873,81.06,4.93,1,0.1327,85.07
152.20,0,11.60,1,0.0638,78.40,8.91,1,0.0859,81.09,4.83,1,0.1350,85.17
152.31,0,11.60,1,0.0638,78.40,8.91,1,0.0859,81.09,4.83,1,0.1350,85.17
152.41,0,11.59,1,0.0625,78.41,8.81,1,0.0867,81.19,4.60,1,0.1382,85.40
152.53,0,11.44,1,0.0635,78.56,8.53,1,0.0886,81.47,4.38,1,0.1402,85.62
152.64,0,11.02,1,0.0666,78.98,8.43,1,0.0893,81.57,4.36,1,0.1397,85.64
152.74,0,11.02,1,0.0666,78.98,8.08,1,0.0899,81.92,4.23,1,0.1404,85.77
152.86,0,10.33,1,0.0699,79.67,7.56,1,0.0899,82.44,4.10,1,0.1401,85.90
152.98,0,10.33,1,0.0699,79.67,7.56,1,0.0899,82.44,4.10,1,0.1401,85.90
153.09,0,9.45,1,0.0723,80.55,7.10,1,0.0897,82.90,3.89,1,0.1410,86.11
153.20,0,8.54,1,0.0745,81.46,6.68,1,0.0916,83.32,3.57,1,0.1435,86.43
153.30,0,8.54,1,0.0745,81.46,6.68,1,0.0916,83.32,3.57,1,0.1435,86.43
153.40,0,7.65,1,0.0778,82.35,6.22,1,0.0957,83.78,3.17,1,0.1461,86.83
153.51,0,7.65,1,0.0778,82.35,6.22,1,0.0957,83.78,3.17,1,0.1461,86.83
153.61,0,6.75,1,0.0827,83.25,5.64,1,0.1000,84.36,2.80,1,0.1476,87.20
153.71,0,6.75,1,0.0827,83.25,5.64,1,0.1000,84.36,2.80,1,0.1476,87.20
153.82,0,5.78,1,0.0882,84.22,5.00,1,0.1024,85.00,2.49,1,0.1478,87.51
153.92,0,5.78,1,0.0882,84.22,5.00,1,0.1024,85.00,2.49,1,0.1478,87.51
154.04,0,4.75,1,0.0931,85.25,4.40,1,0.1030,85.60,2.22,1,0.1479,87.78
154.14,0,3.69,1,0.0966,86.31,3.93,1,0.1041,86.07,1.95,1,0.1492,88.05
154.26,0,3.69,1,0.0966,86.31,3.93,1,0.1041,86.07,1.95,1,0.1492,88.05
154.36,0,2.66,1,0.0994,87.34,3.52,1,0.1071,86.48,1.62,1,0.1516,88.38
154.46,0,1.73,1,0.1029,88.27,3.06,1,0.1116,86.94,1.51,1,0.1530,88.49
154.58,0,1.73,1,0.1029,88.27,3.06,1,0.1116,86.94,1.24,1,0.1540,88.76
154.68,0,0.88,1,0.1077,89.12,2.51,1,0.1152,87.49,0.90,1,0.1553,89.10
154.78,0,0.88,1,0.1077,89.12,2.51,1,0.1152,87.49,0.90,1,0.1553,89.10
154.89,0,0.05,1,0.1129,89.95,1.93,1,0.1170,88.07,0.67,1,0.1554,89.33
154.99,0,0.05,1,0.1129,89.95,1.93,1,0.1170,88.07,0.67,1,0.1554,89.33
155.11,0,0.82,1,0.1171,89.18,1.45,1,0.1177,88.55,0.52,1,0.1555,89.48
155.21,0,1.70,1,0.1199,88.30,1.11,1,0.1193,88.89,0.39,1,0.1569,89.61
155.32,0,1.70,1,0.1199,88.30,1.11,1,0.1193,88.89,0.39,1,0.1569,89.61
155.44,0,2.51,1,0.1221,87.49,0.82,1,0.1224,89.18,0.21,1,0.1594,89.79
155.54,0,2.51,1,0.1221,87.49,0.82,1,0.1224,89.18,0.21,1,0.1594,89.79
155.65,0,3.19,1,0.1248,86.81,0.47,1,0.1259,89.53,0.00,1,0.1617,90.00
155.75,0,3.19,1,0.1248,86.81,0.47,1,0.1259,89.53,0.00,1,0.1617,90.00
155.86,0,3.75,1,0.1283,86.25,0.06,1,0.1284,89.94,0.14,1,0.1626,89.86
155.98,0,4.28,1,0.1319,85.72,0.33,1,0.1296,89.67,0.15,1,0.1624,89.85
156.08,0,4.32,1,0.1328,85.68,0.37,1,0.1284,89.63,0.07,1,0.1613,89.93
156.19,0,4.85,1,0.1345,85.15,0.60,1,0.1304,89.40,0.06,1,0.1625,89.94
156.31,0,5.39,1,0.1359,84.61,0.76,1,0.1317,89.24,0.03,1,0.1641,89.97
156.41,0,5.39,1,0.1359,84.61,0.76,1,0.1317,89.24,0.03,1,0.1641,89.97
156.53,0,5.80,1,0.1365,84.20,0.89,1,0.1339,89.11,0.05,1,0.1666,89.95
156.64,0,6.02,1,0.1371,83.98,1.07,1,0.1362,88.93,0.06,1,0.1683,89.94
156.75,0,6.02,1,0.1371,83.98,1.07,1,0.1362,88.93,0.06,1,0.1683,89.94
156.86,0,6.12,1,0.1382,83.88,1.28,1,0.1381,88.72,0.14,1,0.1685,89.86
156.98,0,6.21,1,0.1396,83.79,1.45,1,0.1391,88.55,0.35,1,0.1679,89.65
157.09,0,6.21,1,0.1396,83.79,1.45,1,0.1391,88.55,0.35,1,0.1679,89.65
157.20,0,6.36,1,0.1406,83.64,1.52,1,0.1396,88.48,0.62,1,0.1680,89.38
157.30,0,6.36,1,0.1406,83.64,1.52,1,0.1396,88.48,0.62,1,0.1680,89.38
157.40,0,6.48,1,0.1403,83.52,1.50,1,0.1400,88.50,0.86,1,0.1695,89.14
157.51,0,6.48,1,0.1403,83.52,1.50,1,0.1400,88.50,0.86,1,0.1695,89.14
157.61,0,6.43,1,0.1388,83.57,1.45,1,0.1411,88.55,1.03,1,0.1714,88.97
157.71,0,6.21,1,0.1373,83.79,1.42,1,0.1428,88.58,0.93,1,0.1720,89.07
157.82,0,6.21,1,0.1373,83.79,1.42,1,0.1428,88.58,1.18,1,0.1724,88.82
157.94,0,5.90,1,0.1369,84.10,1.42,1,0.1446,88.58,1.41,1,0.1719,88.59
158.04,0,5.90,1,0.1369,84.10,1.42,1,0.1446,88.58,1.41,1,0.1719,88.59
158.15,0,5.62,1,0.1373,84.38,1.39,1,0.1453,88.61,1.72,1,0.1709,88.28
158.25,0,5.62,1,0.1373,84.38,1.39,1,0.1453,88.61,1.72,1,0.1709,88.28
158.36,0,5.38,1,0.1371,84.62,1.29,1,0.1447,88.71,2.08,1,0.1708,87.92
158.46,0,5.38,1,0.1371,84.62,1.29,1,0.1447,88.71,2.08,1,0.1708,87.92
158.57,0,5.10,1,0.1352,84.90,1.09,1,0.1440,88.91,2.37,1,0.1719,87.63
158.67,0,4.66,1,0.1319,85.34,0.84,1,0.1446,89.16,2.60,1,0.1732,87.40
158.78,0,4.66,1,0.1319,85.34,0.84,1,0.1446,89.16,2.60,1,0.1732,87.40
158.89,0,4.07,1,0.1293,85.93,0.62,1,0.1465,89.38,2.80,1,0.1735,87.20
158.99,0,3.45,1,0.1284,86.55,0.72,1,0.1474,89.28,2.77,1,0.1722,87.23
159.10,0,3.45,1,0.1284,86.55,0.46,1,0.1480,89.54,3.07,1,0.1725,86.93
159.20,0,2.88,1,0.1282,87.12,0.29,1,0.1476,89.71,3.40,1,0.1711,86.60
159.31,0,2.88,1,0.1282,87.12,0.29,1,0.1476,89.71,3.40,1,0.1711,86.60
159.41,0,2.36,1,0.1269,87.64,0.02,1,0.1458,89.98,3.75,1,0.1707,86.25
159.51,0,1.78,1,0.1237,88.22,0.37,1,0.1446,89.63,4.03,1,0.1716,85.97
159.62,0,1.78,1,0.1237,88.22,0.37,1,0.1446,89.63,4.03,1,0.1716,85.97
159.72,0,1.08,1,0.1199,88.92,0.80,1,0.1456,89.20,4.22,1,0.1726,85.78
159.83,0,1.08,1,0.1199,88.92,0.80,1,0.1456,89.20,4.22,1,0.1726,85.78
159.94,0,0.29,1,0.1172,89.71,1.16,1,0.1474,88.84,4.38,1,0.1726,85.62
160.04,0,0.29,1,0.1172,89.71,1.16,1,0.1474,88.84,4.38,1,0.1726,85.62
160.16,0,0.51,1,0.1161,89.49,1.44,1,0.1480,88.56,4.59,1,0.1712,85.41
160.26,0,1.25,1,0.1155,88.75,1.75,1,0.1463,88.25,4.86,1,0.1697,85.14
160.37,0,1.25,1,0.1155,88.75,1.75,1,0.1463,88.25,4.86,1,0.1697,85.14
160.48,0,1.93,1,0.1135,88.07,2.19,1,0.1438,87.81,5.13,1,0.1695,84.87
160.60,0,2.63,1,0.1099,87.37,2.75,1,0.1431,87.25,5.30,1,0.1707,84.70
160.70,0,2.63,1,0.1099,87.37,2.75,1,0.1431,87.25,5.30,1,0.1707,84.70
160.81,0,3.42,1,0.1060,86.58,3.29,1,0.1443,86.71,5.36,1,0.1718,84.64
160.91,0,3.42,1,0.1060,86.58,3.29,1,0.1443,86.71,5.36,1,0.1718,84.64
161.01,0,4.29,1,0.1036,85.71,3.72,1,0.1455,86.28,5.42,1,0.1714,84.58
161.11,0,5.13,1,0.1026,84.87,4.10,1,0.1449,85.90,5.55,1,0.1698,84.45
161.23,0,5.13,1,0.1026,84.87,4.10,1,0.1449,85.90,5.55,1,0.1698,84.45
161.34,0,5.87,1,0.1017,84.13,4.55,1,0.1425,85.45,5.74,1,0.1685,84.26
161.44,0,6.53,1,0.0994,83.47,5.12,1,0.1404,84.88,5.90,1,0.1688,84.10
161.55,0,6.53,1,0.0994,83.47,5.12,1,0.1404,84.88,5.90,1,0.1688,84.10
161.65,0,7.18,1,0.0958,82.82,5.76,1,0.1401,84.24,5.95,1,0.1702,84.05
161.75,0,7.18,1,0.0958,82.82,5.76,1,0.1401,84.24,5.95,1,0.1702,84.05
161.86,0,7.89,1,0.0924,82.11,6.33,1,0.1411,83.67,5.91,1,0.1712,84.09
161.98,0,8.66,1,0.0903,81.34,6.79,1,0.1415,83.21,5.86,1,0.1707,84.14
162.08,0,9.36,1,0.0896,80.64,6.69,1,0.1417,83.31,5.87,1,0.1690,84.13
162.19,0,9.36,1,0.0896,80.64,7.22,1,0.1403,82.78,5.89,1,0.1693,84.11
162.30,0,9.93,1,0.0888,80.07,7.71,1,0.1382,82.29,5.95,1,0.1686,84.05
162.42,0,10.46,1,0.0867,79.54,8.23,1,0.1377,81.77,5.92,1,0.1690,84.08
162.54,0,10.91,1,0.0849,79.09,8.72,1,0.1371,81.28,5.86,1,0.1695,84.14
162.65,0,10.91,1,0.0849,79.09,8.72,1,0.1371,81.28,5.86,1,0.1695,84.14
162.76,0,11.28,1,0.0836,78.72,9.19,1,0.1362,80.81,5.79,1,0.1700,84.21
162.87,0,11.50,1,0.0829,78.50,9.64,1,0.1351,80.36,5.72,1,0.1706,84.28
162.97,0,11.52,1,0.0828,78.48,10.08,1,0.1344,79.92,5.64,1,0.1711,84.36
163.08,0,11.29,1,0.0836,78.71,10.48,1,0.1340,79.52,5.55,1,0.1718,84.45
163.19,0,11.29,1,0.0836,78.71,10.48,1,0.1340,79.52,5.55,1,0.1718,84.45
163.30,0,10.77,1,0.0857,79.23,10.82,1,0.1338,79.18,5.45,1,0.1723,84.55
163.40,0,9.92,1,0.0894,80.08,11.08,1,0.1333,78.92,5.34,1,0.1727,84.66
163.51,0,9.92,1,0.0894,80.08,11.08,1,0.1333,78.92,5.34,1,0.1727,84.66
163.61,0,8.89,1,0.0918,81.11,11.38,1,0.1361,78.62,5.05,1,0.1742,84.95
163.73,0,9.02,1,0.0918,80.98,11.30,1,0.1373,78.70,4.99,1,0.1728,85.01
163.83,0,7.71,1,0.0976,82.29,11.44,1,0.1371,78.56,4.88,1,0.1731,85.12
163.95,0,6.35,1,0.1046,83.65,11.41,1,0.1370,78.59,4.77,1,0.1719,85.23
164.06,0,6.35,1,0.1046,83.65,11.41,0,0.1370,78.59,4.77,1,0.1719,85.23
164.17,0,4.84,1,0.1121,85.16,11.35,1,0.1362,78.65,4.70,1,0.1719,85.30
164.29,0,3.32,1,0.1190,86.68,11.29,1,0.1359,78.71,4.60,1,0.1731,85.40
164.39,0,3.32,1,0.1190,86.68,11.29,1,0.1359,78.71,4.60,1,0.1731,85.40
164.49,0,1.92,1,0.1246,88.08,11.16,1,0.1373,78.84,4.42,1,0.1742,85.58
164.59,0,0.68,1,0.1296,89.32,10.91,1,0.1396,79.09,4.20,1,0.1739,85.80
164.69,0,0.68,1,0.1296,89.32,10.91,1,0.1396,79.09,4.20,1,0.1739,85.80
164.81,0,0.45,1,0.1348,89.55,10.52,1,0.1415,79.48,4.01,1,0.1723,85.99
164.91,0,1.58,1,0.1409,88.42,10.06,1,0.1420,79.94,3.90,1,0.1709,86.10
165.02,0,1.58,1,0.1409,88.42,10.06,1,0.1420,79.94,3.90,1,0.1709,86.10
165.14,0,2.74,1,0.1470,87.26,9.63,1,0.1417,80.37,3.82,1,0.1708,86.18
165.24,0,3.84,1,0.1516,86.16,9.70,1,0.1413,80.30,3.83,1,0.1721,86.17
165.35,0,3.84,1,0.1516,86.16,9.26,1,0.1421,80.74,3.71,1,0.1717,86.29
165.46,0,4.78,1,0.1541,85.22,8.88,1,0.1442,81.12,3.51,1,0.1723,86.49
165.56,0,4.78,1,0.1541,85.22,8.88,1,0.1442,81.12,3.51,1,0.1723,86.49
165.67,0,5.51,1,0.1557,84.49,8.41,1,0.1471,81.59,3.28,1,0.1714,86.72
165.77,0,5.51,1,0.1557,84.49,8.41,1,0.1471,81.59,3.28,1,0.1714,86.72
165.88,0,6.13,1,0.1583,83.87,7.83,1,0.1488,82.17,3.13,1,0.1695,86.87
165.99,0,6.73,1,0.1620,83.27,7.20,1,0.1489,82.80,3.07,1,0.1679,86.93
166.09,0,6.73,1,0.1620,83.27,7.20,1,0.1489,82.80,3.07,1,0.1679,86.93
166.21,0,7.33,1,0.1650,82.67,6.64,1,0.1485,83.36,3.03,1,0.1677,86.97
166.31,0,7.81,1,0.1657,82.19,6.16,1,0.1491,83.84,2.92,1,0.1683,87.08
166.42,0,8.07,1,0.1644,81.93,6.23,1,0.1504,83.77,2.85,1,0.1691,87.15
166.53,0,8.07,1,0.1644,81.93,5.66,1,0.1511,84.34,2.75,1,0.1683,87.25
166.64,0,8.12,1,0.1633,81.88,5.06,1,0.1532,84.94,2.57,1,0.1666,87.43
166.75,0,8.06,1,0.1635,81.94,4.37,1,0.1542,85.63,2.47,1,0.1641,87.53
166.85,0,8.06,1,0.1635,81.94,4.37,1,0.1542,85.63,2.47,1,0.1641,87.53
166.96,0,7.97,1,0.1641,82.03,3.71,1,0.1538,86.29,2.44,1,0.1620,87.56
167.06,0,7.84,1,0.1635,82.16,3.71,1,0.1526,86.29,2.50,1,0.1625,87.50
167.18,0,7.84,1,0.1635,82.16,3.13,1,0.1533,86.87,2.41,1,0.1612,87.59
167.29,0,7.60,1,0.1610,82.40,2.63,1,0.1536,87.37,2.32,1,0.1611,87.68
167.39,0,7.60,1,0.1610,82.40,2.63,1,0.1536,87.37,2.32,1,0.1611,87.68
167.50,0,7.18,1,0.1576,82.82,2.11,1,0.1549,87.89,2.19,1,0.1602,87.81
167.62,0,7.18,1,0.1576,82.82,2.11,1,0.1549,87.89,2.19,1,0.1602,87.81
167.73,0,6.59,1,0.1545,83.41,1.51,1,0.1561,88.49,2.07,1,0.1577,87.93
167.83,0,6.59,1,0.1545,83.41,1.51,1,0.1561,88.49,2.07,1,0.1577,87.93
167.93,0,5.91,1,0.1524,84.09,0.87,1,0.1560,89.13,2.01,1,0.1544,87.99
168.04,0,5.91,1,0.1524,84.09,0.87,1,0.1560,89.13,2.01,1,0.1544,87.99
168.14,0,5.23,1,0.1506,84.77,0.28,1,0.1549,89.72,2.08,1,0.1534,87.92
168.25,0,5.23,1,0.1506,84.77,0.28,1,0.1549,89.72,2.02,1,0.1519,87.98
168.36,0,4.58,1,0.1483,85.42,0.21,1,0.1535,89.79,2.03,1,0.1509,87.97
168.47,0,4.58,1,0.1483,85.42,0.21,1,0.1535,89.79,2.03,1,0.1509,87.97
168.58,0,3.87,1,0.1447,86.13,0.62,1,0.1525,89.38,1.98,1,0.1503,88.02
168.68,0,3.87,1,0.1447,86.13,0.62,1,0.1525,89.38,1.98,1,0.1503,88.02
168.79,0,3.02,1,0.1403,86.98,1.01,1,0.1522,88.99,1.88,1,0.1488,88.12
168.90,0,2.91,1,0.1391,87.09,1.05,1,0.1539,88.95,1.80,1,0.1471,88.20
169.02,0,2.05,1,0.1361,87.95,1.42,1,0.1519,88.58,1.79,1,0.1456,88.21
169.12,0,2.05,1,0.1361,87.95,1.42,1,0.1519,88.58,1.79,1,0.1456,88.21
169.22,0,1.05,1,0.1330,88.95,1.83,1,0.1506,88.17,1.77,1,0.1418,88.23
169.32,0,1.05,1,0.1330,88.95,1.83,1,0.1506,88.17,1.77,1,0.1418,88.23
169.44,0,0.11,1,0.1306,89.89,2.17,1,0.1478,87.83,1.83,1,0.1390,88.17
169.54,0,0.11,1,0.1306,89.89,2.17,1,0.1478,87.83,1.83,1,0.1390,88.17
169.65,0,0.75,1,0.1281,89.25,2.38,1,0.1444,87.62,1.90,1,0.1379,88.10
169.75,0,0.75,1,0.1281,89.25,2.38,1,0.1444,87.62,1.90,1,0.1379,88.10
169.86,0,1.65,1,0.1244,88.35,2.46,1,0.1415,87.54,1.89,1,0.1373,88.11
169.98,0,1.65,1,0.1244,88.35,2.46,1,0.1415,87.54,1.89,1,0.1373,88.11
170.09,0,2.65,1,0.1197,87.35,2.49,1,0.1398,87.51,1.83,1,0.1353,88.17
170.19,0,2.65,1,0.1197,87.35,2.49,1,0.1398,87.51,1.83,1,0.1353,88.17
170.29,0,3.73,1,0.1151,86.27,2.56,1,0.1382,87.44,1.79,1,0.1316,88.21
170.40,0,3.73,1,0.1151,86.27,2.56,1,0.1382,87.44,1.79,1,0.1316,88.21
170.51,0,4.78,1,0.1119,85.22,2.65,1,0.1350,87.35,1.84,1,0.1276,88.16
170.61,0,4.78,1,0.1119,85.22,2.65,1,0.1350,87.35,1.84,1,0.1276,88.16
170.71,0,5.70,1,0.1098,84.30,2.65,1,0.1301,87.35,1.98,1,0.1252,88.02
170.81,0,5.70,1,0.1098,84.30,2.65,1,0.1301,87.35,1.98,1,0.1252,88.02
170.91,0,6.52,1,0.1076,83.48,2.48,1,0.1250,87.52,2.09,1,0.1243,87.91
171.01,0,6.52,1,0.1076,83.48,2.48,1,0.1250,87.52,2.09,1,0.1243,87.91
171.12,0,7.34,1,0.1040,82.66,2.18,1,0.1214,87.82,2.12,1,0.1234,87.88
171.22,0,7.34,1,0.1040,82.66,2.18,1,0.1214,87.82,2.12,1,0.1234,87.88
171.34,0,8.23,1,0.0994,81.77,1.89,1,0.1190,88.11,2.09,1,0.1209,87.91
171.45,0,9.17,1,0.0954,80.83,1.68,1,0.1160,88.32,2.11,1,0.1168,87.89
171.56,0,9.17,1,0.0954,80.83,1.68,1,0.1160,88.32,2.11,1,0.1168,87.89
171.67,0,10.02,1,0.0931,79.98,1.49,1,0.1112,88.51,2.23,1,0.1129,87.77
171.77,0,10.02,1,0.0931,79.98,1.49,1,0.1112,88.51,2.23,1,0.1129,87.77
171.88,0,10.72,1,0.0918,79.28,1.17,1,0.1052,88.83,2.41,1,0.1107,87.59
171.98,0,11.29,1,0.0903,78.71,0.69,1,0.0998,89.31,2.55,1,0.1100,87.45
172.10,0,11.29,1,0.0903,78.71,0.69,1,0.0998,89.31,2.55,1,0.1100,87.45
172.20,0,11.82,1,0.0875,78.18,0.14,1,0.0959,89.86,2.59,1,0.1088,87.41
172.30,0,11.82,1,0.0875,78.18,0.14,1,0.0959,89.86,2.59,1,0.1088,87.41
172.42,0,12.35,1,0.0840,77.65,0.32,1,0.0926,89.68,2.59,1,0.1060,87.41
172.52,0,12.35,1,0.0840,77.65,0.32,1,0.0926,89.68,2.59,1,0.1060,87.41
172.63,0,12.83,1,0.0819,77.17,0.70,1,0.0885,89.30,2.65,1,0.1018,87.35
172.73,0,13.07,1,0.0823,76.93,1.09,1,0.0830,88.91,2.82,1,0.0982,87.18
172.85,0,13.07,1,0.0823,76.93,1.09,1,0.0830,88.91,2.82,1,0.0982,87.18
172.97,0,12.89,1,0.0853,77.11,1.59,1,0.0771,88.41,3.02,1,0.0965,86.98
173.07,0,12.89,0,0.0853,77.11,1.59,1,0.0771,88.41,3.02,1,0.0965,86.98
173.17,0,12.22,1,0.0905,77.78,2.18,1,0.0721,87.82,3.17,1,0.0958,86.83
173.29,0,11.11,1,0.0979,78.89,2.77,1,0.0683,87.23,3.24,1,0.0944,86.76
173.41,0,11.11,1,0.0979,78.89,2.77,1,0.0683,87.23,3.24,1,0.0944,86.76
173.51,0,9.63,1,0.1080,80.37,3.28,1,0.0650,86.72,3.28,1,0.0914,86.72
173.63,0,7.84,1,0.1215,82.16,3.73,1,0.0612,86.27,3.38,1,0.0874,86.62
173.75,0,7.84,1,0.1215,82.16,3.73,1,0.0612,86.27,3.38,1,0.0874,86.62
173.86,0,5.78,1,0.1380,84.22,4.18,1,0.0567,85.82,3.57,1,0.0844,86.43
173.96,0,3.57,1,0.1556,86.43,4.70,1,0.0517,85.30,3.79,1,0.0832,86.21
174.06,0,3.57,1,0.1556,86.43,4.70,1,0.0517,85.30,3.79,1,0.0832,86.21
174.17,0,1.40,1,0.1726,88.60,5.27,1,0.0474,84.73,3.97,1,0.0829,86.03
174.29,0,0.58,1,0.1880,89.42,5.80,1,0.0446,84.20,4.07,1,0.0816,85.93
174.40,0,0.58,1,0.1880,89.42,5.80,1,0.0446,84.20,4.07,1,0.0816,85.93
174.52,0,2.31,1,0.2013,87.69,6.18,1,0.0427,83.82,4.16,1,0.0787,85.84
174.63,0,3.87,1,0.2134,86.13,6.39,1,0.0408,83.61,4.32,1,0.0752,85.68
174.73,0,3.87,1,0.2134,86.13,6.39,1,0.0408,83.61,4.32,1,0.0752,85.68
174.84,0,5.38,1,0.2247,84.62,6.50,1,0.0385,83.50,4.57,1,0.0728,85.43
174.94,0,6.84,1,0.2348,83.16,6.55,1,0.0365,83.45,4.84,1,0.0722,85.16
175.05,0,6.84,1,0.2348,83.16,6.55,1,0.0365,83.45,4.84,1,0.0722,85.16
175.16,0,8.14,1,0.2427,81.86,6.57,1,0.0363,83.43,5.05,1,0.0721,84.95
175.26,0,9.15,1,0.2480,80.85,6.48,1,0.0384,83.52,4.96,1,0.0722,85.04
175.38,0,9.15,1,0.2480,80.85,6.48,1,0.0384,83.52,5.18,1,0.0708,84.82
175.48,0,9.83,1,0.2516,80.17,6.21,1,0.0424,83.79,5.30,1,0.0680,84.70
175.59,0,9.83,1,0.2516,80.17,6.21,1,0.0424,83.79,5.30,1,0.0680,84.70
175.70,0,10.25,1,0.2548,79.75,5.75,1,0.0471,84.25,5.49,1,0.0649,84.51
175.81,0,10.25,1,0.2548,79.75,5.75,1,0.0471,84.25,5.49,1,0.0649,84.51
175.91,0,10.49,1,0.2576,79.51,5.24,1,0.0505,84.76,5.76,1,0.0633,84.24
176.02,0,10.49,1,0.2576,79.51,5.24,1,0.0505,84.76,5.76,1,0.0633,84.24
176.13,0,10.54,1,0.2586,79.46,4.83,1,0.0531,85.17,6.00,1,0.0636,84.00
176.24,0,10.30,1,0.2564,79.70,4.50,1,0.0568,85.50,6.14,1,0.0641,83.86
176.34,0,10.30,1,0.2564,79.70,4.50,1,0.0568,85.50,6.14,1,0.0641,83.86
176.45,0,9.71,1,0.2517,80.29,4.17,1,0.0626,85.83,6.20,1,0.0632,83.80
176.55,0,9.71,1,0.2517,80.29,4.17,1,0.0626,85.83,6.20,1,0.0632,83.80
176.66,0,8.85,1,0.2466,81.15,3.74,1,0.0687,86.26,6.25,1,0.0612,83.75
176.77,0,7.81,1,0.2422,82.19,3.27,1,0.0731,86.73,6.38,1,0.0593,83.62
176.88,0,7.81,1,0.2422,82.19,3.27,1,0.0731,86.73,6.38,1,0.0593,83.62
176.99,0,6.70,1,0.2377,83.30,2.84,1,0.0754,87.16,6.58,1,0.0590,83.42
177.09,0,6.70,1,0.2377,83.30,2.84,1,0.0754,87.16,6.58,1,0.0590,83.42
177.20,0,5.52,1,0.2312,84.48,2.52,1,0.0771,87.48,6.76,1,0.0600,83.24
177.32,0,5.57,1,0.2305,84.43,2.61,1,0.0768,87.39,6.73,1,0.0611,83.27
177.43,0,4.19,1,0.2228,85.81,2.30,1,0.0799,87.70,6.84,1,0.0611,83.16
177.54,0,2.69,1,0.2140,87.31,2.05,1,0.0839,87.95,6.84,1,0.0608,83.16
177.64,0,2.69,1,0.2140,87.31,2.05,1,0.0839,87.95,6.84,1,0.0608,83.16
177.74,0,1.06,1,0.2058,88.94,1.72,1,0.0876,88.28,6.85,1,0.0595,83.15
177.84,0,0.61,1,0.1981,89.39,1.61,1,0.0887,88.39,6.86,1,0.0577,83.14
177.96,0,0.61,1,0.1981,89.39,1.33,1,0.0897,88.67,6.94,1,0.0584,83.06
178.06,0,0.61,1,0.1981,89.39,1.33,1,0.0897,88.67,6.94,1,0.0584,83.06
178.17,0,2.21,1,0.1905,87.79,1.02,1,0.0904,88.98,7.08,1,0.0588,82.92
178.27,0,2.21,1,0.1905,87.79,1.02,1,0.0904,88.98,7.08,1,0.0588,82.92
178.37,0,3.71,1,0.1825,86.29,0.81,1,0.0909,89.19,7.19,1,0.0605,82.81
178.48,0,5.18,1,0.1738,84.82,0.90,1,0.0906,89.10,7.15,1,0.0614,82.85
178.58,0,5.18,1,0.1738,84.82,0.68,1,0.0920,89.32,7.20,1,0.0622,82.80
178.68,0,6.68,1,0.1647,83.32,0.53,1,0.0938,89.47,7.14,1,0.0625,82.86
178.80,0,6.68,1,0.1647,83.32,0.53,1,0.0938,89.47,7.14,1,0.0625,82.86
178.91,0,8.19,1,0.1562,81.81,0.33,1,0.0957,89.67,7.08,1,0.0616,82.92
179.03,0,9.59,1,0.1488,80.41,0.23,1,0.0966,89.77,7.10,1,0.0601,82.90
179.15,0,9.59,1,0.1488,80.41,0.12,1,0.0969,89.88,7.10,1,0.0611,82.90
179.27,0,10.78,1,0.1422,79.22,0.03,1,0.0970,89.97,7.19,1,0.0624,82.81
179.37,0,10.78,1,0.1422,79.22,0.03,1,0.0970,89.97,7.19,1,0.0624,82.81
179.48,0,11.76,1,0.1353,78.24,0.06,1,0.0964,89.94,7.23,1,0.0650,82.77
179.59,0,12.62,1,0.1275,77.38,0.02,1,0.0963,89.98,7.18,1,0.0657,82.82
179.70,0,12.62,1,0.1275,77.38,0.02,1,0.0963,89.98,7.15,1,0.0673,82.85
179.81,0,13.42,1,0.1192,76.58,0.02,1,0.0973,89.98,6.99,1,0.0677,83.01
179.92,0,13.42,1,0.1192,76.58,0.02,1,0.0973,89.98,6.99,1,0.0677,83.01
180.03,0,14.13,1,0.1118,75.87,0.00,1,0.0989,90.00,6.86,1,0.0671,83.14
180.13,0,14.62,1,0.1059,75.38,0.04,1,0.0997,89.96,6.82,1,0.0677,83.18
180.23,0,14.62,1,0.1059,75.38,0.04,1,0.0997,89.96,6.82,1,0.0677,83.18
180.34,0,14.82,1,0.1014,75.18,0.01,1,0.0988,89.99,6.81,1,0.0703,83.19
180.44,0,14.82,1,0.1014,75.18,0.01,1,0.0988,89.99,6.81,1,0.0703,83.19
180.55,0,14.75,1,0.0970,75.25,0.14,1,0.0972,89.86,6.69,1,0.0739,83.31
180.65,0,14.48,1,0.0918,75.52,0.37,1,0.0963,89.63,6.42,1,0.0766,83.58
180.76,0,14.48,1,0.0918,75.52,0.37,1,0.0963,89.63,6.42,1,0.0766,83.58
180.87,0,14.08,1,0.0868,75.92,0.57,1,0.0970,89.43,6.10,1,0.0776,83.90
180.98,0,13.54,1,0.0837,76.46,0.71,1,0.0983,89.29,5.84,1,0.0782,84.16
181.09,0,12.80,1,0.0832,77.20,0.82,1,0.0984,89.18,5.66,1,0.0802,84.34
181.20,0,11.81,1,0.0844,78.19,1.01,1,0.0968,88.99,5.47,1,0.0836,84.53
181.30,0,10.62,1,0.0859,79.38,1.32,1,0.0945,88.68,5.19,1,0.0873,84.81
181.41,0,8.13,1,0.0883,81.87,2.02,1,0.0941,87.98,4.47,1,0.0914,85.53
181.52,0,6.78,1,0.0926,83.22,2.26,1,0.0951,87.74,4.19,1,0.0924,85.81
181.62,0,5.17,1,0.1002,84.83,2.48,1,0.0947,87.52,3.92,1,0.0946,86.08
181.74,0,3.35,1,0.1088,86.65,2.77,1,0.0932,87.23,3.59,1,0.0989,86.41
181.84,0,1.48,1,0.1163,88.52,3.15,1,0.0925,86.85,3.14,1,0.1039,86.86
181.95,0,1.48,1,0.1163,88.52,3.15,1,0.0925,86.85,3.14,1,0.1039,86.86
182.06,0,0.27,1,0.1224,89.73,3.51,1,0.0943,86.49,2.60,1,0.1076,87.40
182.17,0,0.27,1,0.1224,89.73,3.51,1,0.0943,86.49,2.60,1,0.1076,87.40
182.28,0,1.86,1,0.1288,88.14,3.74,1,0.0980,86.26,2.03,1,0.1096,87.97
182.39,0,3.39,1,0.1371,86.61,3.83,1,0.1022,86.17,1.52,1,0.1115,88.48
182.50,0,3.39,1,0.1371,86.61,3.83,1,0.1022,86.17,1.52,1,0.1115,88.48
182.60,0,4.93,1,0.1462,85.07,3.87,1,0.1057,86.13,1.06,1,0.1147,88.94
182.71,0,4.93,1,0.1462,85.07,3.87,1,0.1057,86.13,1.06,1,0.1147,88.94
182.82,0,6.43,1,0.1535,83.57,3.97,1,0.1083,86.03,0.65,1,0.1191,89.35
182.92,0,6.43,1,0.1535,83.57,3.97,1,0.1083,86.03,0.65,1,0.1191,89.35
183.03,0,6.43,1,0.1535,83.57,3.97,1,0.1083,86.03,0.65,1,0.1191,89.35
183.14,0,7.75,1,0.1579,82.25,4.13,1,0.1115,85.87,0.22,1,0.1233,89.78
183.24,0,7.75,1,0.1579,82.25,4.13,1,0.1115,85.87,0.22,1,0.1233,89.78
183.34,0,8.81,1,0.1608,81.19,4.27,1,0.1162,85.73,0.23,1,0.1257,89.77
183.44,0,8.81,1,0.1608,81.19,4.27,1,0.1162,85.73,0.23,1,0.1257,89.77
183.56,0,9.63,1,0.1642,80.37,4.30,1,0.1219,85.70,0.66,1,0.1262,89.34
183.66,0,9.63,1,0.1642,80.37,4.30,1,0.1219,85.70,0.66,1,0.1262,89.34
183.77,0,10.29,1,0.1682,79.71,4.27,1,0.1268,85.73,0.99,1,0.1265,89.01
183.87,0,10.80,1,0.1710,79.20,4.25,1,0.1301,85.75,1.21,1,0.1279,88.79
183.98,0,10.80,1,0.1710,79.20,4.25,1,0.1301,85.75,1.21,1,0.1279,88.79
184.08,0,11.15,1,0.1715,78.85,4.32,1,0.1322,85.68,1.37,1,0.1306,88.63
184.19,0,11.28,1,0.1704,78.72,4.46,1,0.1346,85.54,1.56,1,0.1331,88.44
184.30,0,11.28,1,0.1704,78.72,4.46,1,0.1346,85.54,1.56,1,0.1331,88.44
184.42,0,11.17,1,0.1691,78.83,4.57,1,0.1383,85.43,1.78,1,0.1341,88.22
184.52,0,11.17,1,0.1691,78.83,4.57,1,0.1383,85.43,1.78,1,0.1341,88.22
184.62,0,10.79,1,0.1673,79.21,4.60,1,0.1428,85.40,1.96,1,0.1334,88.04
184.73,0,10.19,1,0.1646,79.81,4.58,1,0.1466,85.42,2.02,1,0.1325,87.98
184.83,0,10.19,1,0.1646,79.81,4.58,1,0.1466,85.42,2.02,1,0.1325,87.98
184.95,0,9.50,1,0.1615,80.50,4.59,1,0.1488,85.41,1.96,1,0.1328,88.04
185.05,0,9.50,1,0.1615,80.50,4.59,1,0.1488,85.41,1.96,1,0.1328,88.04
185.16,0,8.79,1,0.1583,81.21,4.68,1,0.1500,85.32,1.85,1,0.1343,88.15
185.27,0,7.97,1,0.1548,82.03,4.85,1,0.1516,85.15,1.79,1,0.1357,88.21
185.38,0,7.97,1,0.1548,82.03,4.85,1,0.1516,85.15,1.79,1,0.1357,88.21
185.49,0,6.95,1,0.1500,83.05,5.00,1,0.1544,85.00,1.75,1,0.1355,88.25
185.61,0,5.72,1,0.1440,84.28,5.08,1,0.1580,84.92,1.66,1,0.1339,88.34
185.71,0,5.72,1,0.1440,84.28,5.08,1,0.1580,84.92,1.66,1,0.1339,88.34
185.82,0,4.40,1,0.1383,85.60,5.10,1,0.1610,84.90,1.44,1,0.1320,88.56
185.92,0,4.40,1,0.1383,85.60,5.10,1,0.1610,84.90,1.44,1,0.1320,88.56
186.03,0,3.13,1,0.1342,86.87,5.15,1,0.1623,84.85,1.11,1,0.1315,88.89
186.13,0,3.13,1,0.1342,86.87,5.15,1,0.1623,84.85,1.11,1,0.1315,88.89
186.24,0,1.92,1,0.1307,88.08,5.29,1,0.1625,84.71,0.76,1,0.1322,89.24
186.35,0,0.66,1,0.1258,89.34,5.50,1,0.1633,84.50,0.48,1,0.1329,89.52
186.46,0,0.66,1,0.1258,89.34,5.50,1,0.1633,84.50,0.48,1,0.1329,89.52
186.57,0,0.74,1,0.1191,89.26,5.69,1,0.1656,84.31,0.22,1,0.1320,89.78
186.67,0,0.74,1,0.1191,89.26,5.69,1,0.1656,84.31,0.22,1,0.1320,89.78
186.78,0,2.25,1,0.1122,87.75,5.80,1,0.1685,84.20,0.09,1,0.1296,89.91
186.88,0,2.25,1,0.1122,87.75,5.80,1,0.1685,84.20,0.09,1,0.1296,89.91
186.99,0,3.72,1,0.1073,86.28,5.85,1,0.1704,84.15,0.52,1,0.1271,89.48
187.09,0,3.72,1,0.1073,86.28,5.85,1,0.1704,84.15,0.52,1,0.1271,89.48
187.21,0,5.06,1,0.1040,84.94,5.91,1,0.1706,84.09,1.03,1,0.1262,88.97
187.31,0,5.06,1,0.1040,84.94,5.91,1,0.1706,84.09,1.03,1,0.1262,88.97
187.42,0,6.30,1,0.1007,83.70,6.07,1,0.1701,83.93,1.52,1,0.1267,88.48
187.52,0,6.30,1,0.1007,83.70,6.07,1,0.1701,83.93,1.52,1,0.1267,88.48
187.63,0,7.57,1,0.0957,82.43,6.28,1,0.1705,83.72,1.93,1,0.1269,88.07
187.74,0,7.57,1,0.0957,82.43,6.28,1,0.1705,83.72,1.93,1,0.1269,88.07
187.84,0,8.93,1,0.0895,81.07,6.46,1,0.1722,83.54,2.30,1,0.1255,87.70
187.95,0,8.93,1,0.0895,81.07,6.46,1,0.1722,83.54,2.30,1,0.1255,87.70
188.06,0,10.30,1,0.0838,79.70,6.54,1,0.1743,83.46,2.72,1,0.1226,87.28
188.16,0,11.51,1,0.0806,78.49,6.44,1,0.1753,83.56,2.75,1,0.1209,87.25
188.27,0,11.51,1,0.0806,78.49,6.57,1,0.1754,83.43,3.24,1,0.1200,86.76
188.38,0,12.45,1,0.0796,77.55,6.63,1,0.1748,83.37,3.79,1,0.1191,86.21
188.49,0,12.45,1,0.0796,77.55,6.63,1,0.1748,83.37,3.79,1,0.1191,86.21
188.59,0,13.18,1,0.0785,76.82,6.77,1,0.1738,83.23,4.29,1,0.1197,85.71
188.69,0,13.18,1,0.0785,76.82,6.77,1,0.1738,83.23,4.29,1,0.1197,85.71
188.80,0,13.89,1,0.0756,76.11,6.95,1,0.1738,83.05,4.69,1,0.1198,85.31
188.90,0,13.89,1,0.0756,76.11,6.95,1,0.1738,83.05,4.69,1,0.1198,85.31
189.00,0,14.59,1,0.0722,75.41,7.06,1,0.1751,82.94,5.04,1,0.1182,84.96
189.10,0,14.59,1,0.0722,75.41,7.06,1,0.1751,82.94,5.04,1,0.1182,84.96
189.21,0,15.10,0,0.0712,74.90,7.08,1,0.1767,82.92,5.41,1,0.1155,84.59
189.32,0,15.10,0,0.0712,74.90,7.08,1,0.1767,82.92,5.41,1,0.1155,84.59
189.43,0,15.26,0,0.0737,74.74,7.03,1,0.1770,82.97,5.86,1,0.1133,84.14
189.54,0,15.03,0,0.0781,74.97,6.99,1,0.1762,83.01,5.93,1,0.1135,84.07
189.65,0,15.03,0,0.0781,74.97,7.00,1,0.1756,83.00,6.31,1,0.1130,83.69
189.75,0,15.03,0,0.0781,74.97,7.00,1,0.1756,83.00,6.31,1,0.1130,83.69
189.87,0,14.55,0,0.0812,75.45,7.00,1,0.1738,83.00,6.68,1,0.1140,83.32
189.98,0,14.09,0,0.0823,75.91,6.98,1,0.1734,83.02,6.93,1,0.1145,83.07
190.08,0,14.09,0,0.0823,75.91,6.98,1,0.1734,83.02,6.93,1,0.1145,83.07
190.19,0,13.38,0,0.0887,76.62,6.65,1,0.1754,83.35,7.32,1,0.1111,82.68
190.31,0,13.07,0,0.0940,76.93,6.39,1,0.1747,83.61,7.57,1,0.1098,82.43
190.43,0,12.34,1,0.0997,77.66,5.99,1,0.1700,84.01,7.97,1,0.1125,82.03
190.53,0,11.87,1,0.1026,78.13,5.89,1,0.1670,84.11,8.05,1,0.1163,81.95
190.63,0,11.87,1,0.1026,78.13,5.89,1,0.1670,84.11,8.05,1,0.1163,81.95
190.75,0,11.28,1,0.1085,78.72,5.83,1,0.1617,84.17,8.15,1,0.1220,81.85
190.86,0,10.49,1,0.1172,79.51,5.80,1,0.1525,84.20,8.37,1,0.1306,81.63
190.96,0,10.49,1,0.1172,79.51,5.80,1,0.1525,84.20,8.37,1,0.1306,81.63
191.06,0,9.44,1,0.1278,80.56,5.84,1,0.1390,84.16,8.68,1,0.1429,81.32
191.16,0,9.44,1,0.1278,80.56,5.84,1,0.1390,84.16,8.68,1,0.1429,81.32
191.28,0,8.17,1,0.1395,81.83,6.01,1,0.1238,83.99,8.95,1,0.1581,81.05
191.38,0,7.28,1,0.1501,82.72,6.51,1,0.1112,83.49,9.28,1,0.1728,80.72
191.49,0,6.81,1,0.1510,83.19,6.24,1,0.1105,83.76,9.02,1,0.1733,80.98
191.59,0,6.81,1,0.1510,83.19,6.24,1,0.1105,83.76,9.02,1,0.1733,80.98
191.70,0,5.47,1,0.1608,84.53,6.44,1,0.1008,83.56,8.83,1,0.1857,81.17
191.80,0,5.47,1,0.1608,84.53,6.44,1,0.1008,83.56,8.83,1,0.1857,81.17
191.91,0,4.22,1,0.1681,85.78,6.49,1,0.0939,83.51,8.43,1,0.1946,81.57
192.02,0,3.00,1,0.1740,87.00,6.38,1,0.0875,83.62,7.92,1,0.2018,82.08
192.13,0,3.00,1,0.1740,87.00,6.38,1,0.0875,83.62,7.92,1,0.2018,82.08
192.23,0,1.72,1,0.1803,88.28,6.25,1,0.0802,83.75,7.33,1,0.2098,82.67
192.34,0,1.04,1,0.1900,88.96,6.64,1,0.0729,83.36,7.61,1,0.2209,82.39
192.45,0,0.34,1,0.1875,89.66,6.18,1,0.0731,83.82,6.61,1,0.2197,83.39
192.57,0,0.99,1,0.1941,89.01,6.07,1,0.0686,83.93,5.68,1,0.2297,84.32
192.67,0,0.99,1,0.1941,89.01,6.07,1,0.0686,83.93,5.68,1,0.2297,84.32
192.77,0,2.08,1,0.1981,87.92,5.78,1,0.0671,84.22,4.57,1,0.2379,85.43
192.87,0,2.61,1,0.2049,87.39,6.18,1,0.0660,83.82,4.70,1,0.2469,85.30
192.99,0,2.88,1,0.1997,87.12,5.23,1,0.0665,84.77,3.37,1,0.2433,86.63
193.10,0,3.49,1,0.2011,86.51,4.44,1,0.0652,85.56,2.18,1,0.2470,87.82
193.20,0,3.49,1,0.2011,86.51,4.44,1,0.0652,85.56,2.18,1,0.2470,87.82
193.31,0,3.97,1,0.2029,86.03,3.52,1,0.0634,86.48,1.06,1,0.2506,88.94
193.41,0,3.97,1,0.2029,86.03,3.52,1,0.0634,86.48,1.06,1,0.2506,88.94
193.52,0,4.28,1,0.2043,85.72,2.56,1,0.0624,87.44,0.00,1,0.2542,90.00
193.62,0,4.28,1,0.2043,85.72,2.56,1,0.0624,87.44,0.00,1,0.2542,90.00
193.73,0,4.34,1,0.2042,85.66,3.03,1,0.0635,86.97,0.16,1,0.2649,89.84
193.83,0,4.34,1,0.2042,85.66,1.58,1,0.0631,88.42,1.00,1,0.2562,89.00
193.93,0,4.34,1,0.2042,85.66,1.58,1,0.0631,88.42,1.00,1,0.2562,89.00
194.04,0,4.14,1,0.2025,85.86,0.53,1,0.0641,89.47,1.88,1,0.2549,88.12
194.15,0,4.55,1,0.2079,85.45,0.85,1,0.0650,89.15,1.79,1,0.2618,88.21
194.26,0,3.67,1,0.1996,86.33,0.55,1,0.0641,89.45,2.56,1,0.2504,87.44
194.36,0,3.00,1,0.1961,87.00,1.61,1,0.0626,88.39,2.97,1,0.2443,87.03
194.48,0,3.00,1,0.1961,87.00,1.61,1,0.0626,88.39,2.97,1,0.2443,87.03
194.58,0,2.25,1,0.1935,87.75,2.53,1,0.0608,87.47,3.11,1,0.2387,86.89
194.68,0,2.25,1,0.1935,87.75,2.53,1,0.0608,87.47,3.11,1,0.2387,86.89
194.78,0,1.47,1,0.1914,88.53,3.21,1,0.0597,86.79,3.06,1,0.2328,86.94
194.88,0,1.47,1,0.1914,88.53,3.21,1,0.0597,86.79,3.06,1,0.2328,86.94
194.99,0,0.59,1,0.1880,89.41,3.69,1,0.0596,86.31,2.90,1,0.2246,87.10
195.09,0,0.50,1,0.1821,89.50,3.43,1,0.0604,86.57,2.87,1,0.2296,87.13
195.20,0,0.50,1,0.1821,89.50,4.09,1,0.0597,85.91,2.61,1,0.2134,87.39
195.30,0,1.76,1,0.1746,88.24,4.44,1,0.0593,85.56,2.18,1,0.2005,87.82
195.41,0,1.76,1,0.1746,88.24,4.44,1,0.0593,85.56,2.18,1,0.2005,87.82
195.52,0,3.04,1,0.1673,86.96,4.68,1,0.0582,85.32,1.58,1,0.1867,88.42
195.62,0,3.04,1,0.1673,86.96,4.68,1,0.0582,85.32,1.58,1,0.1867,88.42
195.72,0,4.20,1,0.1610,85.80,4.71,1,0.0571,85.29,0.88,1,0.1739,89.12
195.82,0,4.20,1,0.1610,85.80,4.71,1,0.0571,85.29,0.88,1,0.1739,89.12
195.93,0,5.22,1,0.1550,84.78,4.50,1,0.0566,85.50,0.18,1,0.1622,89.82
196.04,0,5.22,1,0.1550,84.78,4.50,1,0.0566,85.50,0.18,1,0.1622,89.82
196.15,0,6.17,1,0.1481,83.83,4.14,1,0.0570,85.86,0.46,1,0.1499,89.54
196.25,0,6.17,1,0.1481,83.83,4.14,1,0.0570,85.86,0.46,1,0.1499,89.54
196.35,0,7.08,1,0.1399,82.92,3.70,1,0.0583,86.30,1.04,1,0.1363,88.96
196.45,0,7.94,1,0.1314,82.06,3.22,1,0.0598,86.78,1.02,1,0.1363,88.98
196.57,0,7.94,1,0.1314,82.06,3.22,1,0.0598,86.78,1.59,1,0.1226,88.41
196.68,0,8.61,1,0.1239,81.39,2.65,1,0.0610,87.35,2.16,1,0.1106,87.84
196.78,0,8.61,1,0.1239,81.39,2.65,1,0.0610,87.35,2.16,1,0.1106,87.84
196.89,0,9.01,1,0.1182,80.99,1.93,1,0.0619,88.07,2.68,1,0.1007,87.32
196.99,0,9.01,1,0.1182,80.99,1.93,1,0.0619,88.07,2.68,1,0.1007,87.32
197.09,0,9.17,1,0.1131,80.83,1.10,1,0.0628,88.90,3.09,1,0.0920,86.91
197.19,0,9.17,1,0.1131,80.83,1.10,1,0.0628,88.90,3.09,1,0.0920,86.91
197.29,0,9.22,1,0.1068,80.78,0.25,1,0.0646,89.75,3.34,1,0.0832,86.66
197.39,0,9.22,1,0.1068,80.78,0.25,1,0.0646,89.75,3.34,1,0.0832,86.66
197.51,0,9.21,1,0.0997,80.79,0.58,1,0.0674,89.42,3.48,1,0.0739,86.52
197.62,0,9.08,1,0.0938,80.92,1.34,1,0.0702,88.66,3.58,1,0.0654,86.42
197.74,0,9.08,1,0.0938,80.92,1.34,1,0.0702,88.66,3.58,1,0.0654,86.42
197.86,0,8.79,1,0.0898,81.21,2.09,1,0.0721,87.91,3.71,1,0.0587,86.29
197.96,0,8.79,1,0.0898,81.21,2.09,1,0.0721,87.91,3.71,1,0.0587,86.29
198.07,0,8.33,1,0.0871,81.67,2.85,1,0.0729,87.15,3.82,1,0.0536,86.18
198.18,0,7.80,1,0.0842,82.20,2.93,1,0.0716,87.07,3.84,1,0.0553,86.16
198.28,0,7.80,1,0.0842,82.20,3.64,1,0.0732,86.36,3.88,1,0.0493,86.12
198.38,0,7.80,1,0.0842,82.20,3.64,1,0.0732,86.36,3.88,1,0.0493,86.12
198.49,0,7.29,1,0.0806,82.71,4.39,1,0.0745,85.61,3.85,1,0.0449,86.15
198.59,0,7.29,1,0.0806,82.71,4.39,1,0.0745,85.61,3.85,1,0.0449,86.15
198.70,0,6.81,0,0.0770,83.19,5.01,1,0.0769,84.99,3.81,1,0.0404,86.19
198.80,0,6.81,0,0.0770,83.19,5.01,1,0.0769,84.99,3.81,1,0.0404,86.19
198.90,0,6.29,0,0.0748,83.71,5.50,1,0.0792,84.50,3.83,1,0.0361,86.17
199.01,0,6.29,1,0.0748,83.71,5.50,1,0.0792,84.50,3.83,1,0.0361,86.17
199.11,0,6.29,1,0.0748,83.71,5.50,1,0.0792,84.50,3.83,1,0.0361,86.17
199.23,0,5.67,1,0.0742,84.33,5.95,1,0.0801,84.05,3.90,1,0.0326,86.10
199.33,0,5.60,1,0.0752,84.40,5.96,1,0.0789,84.04,3.96,1,0.0332,86.04
199.45,0,4.98,1,0.0740,85.02,6.43,1,0.0801,83.57,3.95,1,0.0303,86.05
199.55,0,4.33,1,0.0729,85.67,6.92,1,0.0807,83.08,3.91,1,0.0290,86.09
199.66,0,4.33,1,0.0729,85.67,6.92,1,0.0807,83.08,3.91,1,0.0290,86.09
199.76,0,4.33,1,0.0729,85.67,6.92,1,0.0807,83.08,3.91,1,0.0290,86.09
199.88,0,3.79,1,0.0711,86.21,7.30,1,0.0830,82.70,3.79,1,0.0278,86.21
199.98,0,3.79,1,0.0711,86.21,7.30,1,0.0830,82.70,3.79,1,0.0278,86.21
