t,push,gtbot_delta_deg,gtbot_valid,gtbot_station_err,gtbot_phi_deg,gtbot2_delta_deg,gtbot2_valid,gtbot2_station_err,gtbot2_phi_deg,gtbot3_delta_deg,gtbot3_valid,gtbot3_station_err,gtbot3_phi_deg
0.24,0,4.81,0,0.0857,85.19,2.50,0,0.0502,87.50,1.54,0,0.0470,88.46
0.34,0,4.81,0,0.0857,85.19,2.50,0,0.0502,87.50,1.54,0,0.0470,88.46
0.44,0,4.81,0,0.0857,85.19,2.50,0,0.0502,87.50,1.54,0,0.0470,88.46
0.55,0,4.81,0,0.0828,85.19,2.48,0,0.0484,87.52,1.52,0,0.0435,88.48
0.66,0,4.81,0,0.0828,85.19,2.48,0,0.0484,87.52,1.52,0,0.0435,88.48
0.78,0,4.81,0,0.0801,85.19,2.49,0,0.0468,87.51,1.51,0,0.0404,88.49
0.88,0,4.82,0,0.0776,85.18,2.52,0,0.0455,87.48,1.53,0,0.0377,88.47
0.98,0,4.82,0,0.0776,85.18,2.52,0,0.0455,87.48,1.53,0,0.0377,88.47
1.10,0,4.83,0,0.0752,85.17,2.58,0,0.0443,87.42,1.58,0,0.0352,88.42
1.20,0,4.83,1,0.0752,85.17,2.58,1,0.0443,87.42,1.58,1,0.0352,88.42
1.32,0,4.83,1,0.0731,85.17,2.65,1,0.0431,87.35,1.67,1,0.0336,88.33
1.43,0,4.83,1,0.0731,85.17,2.65,1,0.0431,87.35,1.67,1,0.0336,88.33
1.53,0,4.79,1,0.0713,85.21,2.75,1,0.0419,87.25,1.81,1,0.0330,88.19
1.63,0,4.79,1,0.0713,85.21,2.75,1,0.0419,87.25,1.81,1,0.0330,88.19
1.74,0,4.74,1,0.0697,85.26,2.89,1,0.0412,87.11,1.97,1,0.0330,88.03
1.84,0,4.71,1,0.0679,85.29,3.06,1,0.0410,86.94,2.12,1,0.0329,87.88
1.95,0,4.71,1,0.0679,85.29,3.06,1,0.0410,86.94,2.12,1,0.0329,87.88
2.07,0,4.70,1,0.0657,85.30,3.26,1,0.0413,86.74,2.29,1,0.0330,87.71
2.17,0,4.70,1,0.0657,85.30,3.26,1,0.0413,86.74,2.29,1,0.0330,87.71
2.28,0,4.70,1,0.0631,85.30,3.48,1,0.0416,86.52,2.50,1,0.0339,87.50
2.39,0,4.70,1,0.0602,85.30,3.68,1,0.0416,86.32,2.76,1,0.0357,87.24
2.51,0,4.70,1,0.0602,85.30,3.68,1,0.0416,86.32,2.76,1,0.0357,87.24
2.63,0,4.72,1,0.0567,85.28,3.92,1,0.0421,86.08,3.03,1,0.0377,86.97
2.73,0,4.79,1,0.0524,85.21,4.20,1,0.0432,85.80,3.03,1,0.0377,86.97
2.84,0,4.79,1,0.0524,85.21,4.20,1,0.0432,85.80,3.25,1,0.0393,86.75
2.94,0,4.85,1,0.0475,85.15,4.51,1,0.0446,85.49,3.48,1,0.0409,86.52
3.06,0,4.85,1,0.0475,85.15,4.51,1,0.0446,85.49,3.48,1,0.0409,86.52
3.16,0,4.86,1,0.0424,85.14,4.81,1,0.0458,85.19,3.73,1,0.0432,86.27
3.27,0,4.86,1,0.0424,85.14,4.81,1,0.0458,85.19,3.73,1,0.0432,86.27
3.37,0,4.86,1,0.0378,85.14,5.09,1,0.0468,84.91,3.99,1,0.0460,86.01
3.47,0,4.86,1,0.0378,85.14,5.09,1,0.0468,84.91,3.99,1,0.0460,86.01
3.59,0,4.82,1,0.0357,85.18,5.38,1,0.0481,84.62,4.25,1,0.0488,85.75
3.69,0,4.82,1,0.0357,85.18,5.38,1,0.0481,84.62,4.25,1,0.0488,85.75
3.81,0,4.71,1,0.0367,85.29,5.69,1,0.0500,84.31,4.50,1,0.0517,85.50
3.91,0,4.71,1,0.0367,85.29,5.69,1,0.0500,84.31,4.50,1,0.0517,85.50
4.01,0,4.55,1,0.0388,85.45,6.00,1,0.0520,84.00,4.75,1,0.0549,85.25
4.12,0,4.55,1,0.0388,85.45,6.00,1,0.0520,84.00,4.75,1,0.0549,85.25
4.22,0,4.40,1,0.0420,85.60,6.28,1,0.0538,83.72,4.99,1,0.0585,85.01
4.34,0,4.25,1,0.0474,85.75,6.54,1,0.0556,83.46,5.23,1,0.0630,84.77
4.45,0,4.25,1,0.0474,85.75,6.54,1,0.0556,83.46,5.23,1,0.0630,84.77
4.55,0,4.04,1,0.0545,85.96,6.79,1,0.0575,83.21,5.47,1,0.0687,84.53
4.66,0,4.04,1,0.0545,85.96,6.79,1,0.0575,83.21,5.47,1,0.0687,84.53
4.78,0,3.76,1,0.0615,86.24,7.04,1,0.0596,82.96,5.65,1,0.0747,84.35
4.89,0,3.76,1,0.0615,86.24,7.04,1,0.0596,82.96,5.65,1,0.0747,84.35
4.99,0,3.44,1,0.0665,86.56,7.27,1,0.0616,82.73,5.74,1,0.0807,84.26
5.09,0,3.09,1,0.0702,86.91,7.27,1,0.0616,82.73,5.73,1,0.0806,84.27
5.20,0,3.09,1,0.0702,86.91,7.44,1,0.0636,82.56,5.77,1,0.0870,84.23
5.31,0,2.69,1,0.0737,87.31,7.52,1,0.0654,82.48,5.80,1,0.0943,84.20
5.42,0,2.69,1,0.0737,87.31,7.52,1,0.0654,82.48,5.80,1,0.0943,84.20
5.54,0,2.18,1,0.0767,87.82,7.45,1,0.0668,82.55,5.82,1,0.1022,84.18
5.65,0,2.18,1,0.0764,87.82,7.43,1,0.0666,82.57,5.85,1,0.1025,84.15
5.75,0,1.55,1,0.0779,88.45,7.21,1,0.0683,82.79,5.78,1,0.1097,84.22
5.86,0,0.88,1,0.0769,89.12,6.81,1,0.0703,83.19,5.63,1,0.1163,84.37
5.96,0,0.88,1,0.0769,89.12,6.81,1,0.0703,83.19,5.63,1,0.1163,84.37
6.08,0,0.19,1,0.0740,89.81,6.26,1,0.0733,83.74,5.41,1,0.1224,84.59
6.19,0,0.19,1,0.0740,89.81,6.26,1,0.0733,83.74,5.41,1,0.1224,84.59
6.30,0,0.52,1,0.0692,89.48,5.61,1,0.0777,84.39,5.17,1,0.1286,84.83
6.41,0,1.22,1,0.0625,88.78,4.90,1,0.0836,85.10,4.90,1,0.1350,85.10
6.52,0,1.22,1,0.0625,88.78,4.90,1,0.0836,85.10,4.90,1,0.1350,85.10
6.63,0,1.89,1,0.0536,88.11,4.15,1,0.0911,85.85,4.55,1,0.1410,85.45
6.75,0,1.89,1,0.0536,88.11,4.15,1,0.0911,85.85,4.55,1,0.1410,85.45
6.86,0,2.55,1,0.0425,87.45,3.39,1,0.0992,86.61,4.11,1,0.1461,85.89
6.97,0,2.55,1,0.0425,87.45,3.39,1,0.0992,86.61,4.11,1,0.1461,85.89
7.08,0,3.16,1,0.0316,86.84,2.69,1,0.1073,87.31,3.62,1,0.1508,86.38
7.18,0,3.16,1,0.0316,86.84,2.69,1,0.1073,87.31,3.62,1,0.1508,86.38
7.30,0,3.68,1,0.0242,86.32,2.05,1,0.1153,87.95,3.11,1,0.1554,86.89
7.40,0,3.68,1,0.0242,86.32,2.05,1,0.1153,87.95,3.11,1,0.1554,86.89
7.52,0,4.11,1,0.0236,85.89,1.46,1,0.1234,88.54,2.61,1,0.1602,87.39
7.62,0,4.51,1,0.0315,85.49,0.89,1,0.1312,89.11,2.62,1,0.1602,87.38
7.72,0,4.51,1,0.0315,85.49,0.89,1,0.1312,89.11,2.11,1,0.1645,87.89
7.83,0,4.81,1,0.0447,85.19,0.33,1,0.1380,89.67,1.59,1,0.1683,88.41
7.93,0,4.81,1,0.0447,85.19,0.33,1,0.1380,89.67,1.59,1,0.1683,88.41
8.05,0,4.98,1,0.0586,85.02,0.17,1,0.1440,89.83,1.10,1,0.1719,88.90
8.15,0,4.98,1,0.0586,85.02,0.17,1,0.1440,89.83,1.10,1,0.1719,88.90
8.26,0,4.98,1,0.0718,85.02,0.59,1,0.1501,89.41,0.64,1,0.1754,89.36
8.36,0,4.98,1,0.0718,85.02,0.59,1,0.1501,89.41,0.64,1,0.1754,89.36
8.47,0,4.81,1,0.0841,85.19,0.94,1,0.1562,89.06,0.23,1,0.1789,89.77
8.58,0,4.45,1,0.0949,85.55,1.25,1,0.1615,88.75,0.14,1,0.1821,89.86
8.69,0,4.45,1,0.0949,85.55,1.25,1,0.1615,88.75,0.14,1,0.1821,89.86
8.80,0,3.87,1,0.1038,86.13,1.53,1,0.1654,88.47,0.48,1,0.1849,89.52
8.90,0,3.14,1,0.1111,86.86,1.73,1,0.1686,88.27,0.76,1,0.1876,89.24
9.00,0,3.14,1,0.1111,86.86,1.73,1,0.1686,88.27,0.76,1,0.1876,89.24
9.12,0,2.32,1,0.1177,87.68,1.81,1,0.1718,88.19,0.97,1,0.1904,89.03
9.23,0,2.32,1,0.1177,87.68,1.81,1,0.1718,88.19,0.97,1,0.1904,89.03
9.33,0,1.44,1,0.1235,88.56,1.81,1,0.1752,88.19,1.15,1,0.1928,88.85
9.44,0,1.44,1,0.1235,88.56,1.81,1,0.1752,88.19,1.15,1,0.1928,88.85
9.56,0,0.49,1,0.1284,89.51,1.78,1,0.1780,88.22,1.27,1,0.1948,88.73
9.66,0,0.49,1,0.1325,89.51,1.74,1,0.1797,88.26,1.33,1,0.1967,88.67
9.76,0,0.49,1,0.1325,89.51,1.74,1,0.1797,88.26,1.33,1,0.1967,88.67
9.87,0,1.47,1,0.1365,88.53,1.65,1,0.1808,88.35,1.32,1,0.1985,88.68
9.98,0,1.47,1,0.1365,88.53,1.65,1,0.1808,88.35,1.32,1,0.1985,88.68
10.09,0,2.48,1,0.1400,87.52,1.47,1,0.1823,88.53,1.24,1,0.2003,88.76
10.20,0,2.48,1,0.1400,87.52,1.47,1,0.1823,88.53,1.24,1,0.2003,88.76
10.32,0,3.50,1,0.1430,86.50,1.23,1,0.1842,88.77,1.11,1,0.2020,88.89
10.42,0,4.49,1,0.1456,85.51,1.23,1,0.1843,88.77,1.12,1,0.2019,88.88
10.54,0,4.49,1,0.1456,85.51,0.96,1,0.1857,89.04,0.95,1,0.2033,89.05
10.65,0,5.44,1,0.1480,84.56,0.67,1,0.1859,89.33,0.74,1,0.2044,89.26
10.75,0,5.44,1,0.1480,84.56,0.67,1,0.1859,89.33,0.74,1,0.2044,89.26
10.86,0,6.31,1,0.1498,83.69,0.33,1,0.1856,89.67,0.47,1,0.2055,89.53
10.97,0,6.31,1,0.1498,83.69,0.33,1,0.1856,89.67,0.47,1,0.2055,89.53
11.08,0,7.04,1,0.1514,82.96,0.09,1,0.1857,89.91,0.16,1,0.2067,89.84
11.18,0,7.59,1,0.1529,82.41,0.57,1,0.1862,89.43,0.18,1,0.2075,89.82
11.28,0,7.59,1,0.1529,82.41,0.57,1,0.1862,89.43,0.18,1,0.2075,89.82
11.40,0,7.93,1,0.1543,82.07,1.07,1,0.1859,88.93,0.50,1,0.2078,89.50
11.52,0,7.93,1,0.1543,82.07,1.07,1,0.1859,88.93,0.50,1,0.2078,89.50
11.62,0,8.05,1,0.1557,81.95,1.57,1,0.1847,88.43,0.84,1,0.2076,89.16
11.74,0,8.05,1,0.1557,81.95,1.57,1,0.1847,88.43,0.84,1,0.2076,89.16
11.86,0,7.93,1,0.1574,82.07,2.09,1,0.1834,87.91,1.21,1,0.2075,88.79
11.97,0,7.93,1,0.1574,82.07,2.09,1,0.1834,87.91,1.21,1,0.2075,88.79
12.09,0,7.58,1,0.1598,82.42,2.65,1,0.1823,87.35,1.58,1,0.2073,88.42
12.19,0,7.58,1,0.1598,82.42,2.65,1,0.1823,87.35,1.58,1,0.2073,88.42
12.30,0,7.01,1,0.1634,82.99,3.22,1,0.1811,86.78,1.92,1,0.2064,88.08
12.40,0,6.29,1,0.1683,83.71,3.78,1,0.1794,86.22,2.22,1,0.2049,87.78
12.51,0,6.29,1,0.1683,83.71,3.78,1,0.1794,86.22,2.22,1,0.2049,87.78
12.63,0,5.47,1,0.1742,84.53,4.32,1,0.1772,85.68,2.49,1,0.2034,87.51
12.73,0,5.47,1,0.1742,84.53,4.32,1,0.1772,85.68,2.49,1,0.2034,87.51
12.83,0,4.63,1,0.1806,85.37,4.85,1,0.1748,85.15,2.77,1,0.2019,87.23
12.95,0,3.79,1,0.1873,86.21,5.37,1,0.1725,84.63,3.02,1,0.2002,86.98
13.06,0,3.79,1,0.1873,86.21,5.37,1,0.1725,84.63,3.02,1,0.2002,86.98
13.18,0,2.92,1,0.1944,87.08,5.86,1,0.1702,84.14,3.21,1,0.1981,86.79
13.28,0,2.06,1,0.2019,87.94,5.85,1,0.1699,84.15,3.23,1,0.1983,86.77
13.40,0,2.06,1,0.2019,87.94,6.31,1,0.1675,83.69,3.35,1,0.1958,86.65
13.51,0,1.24,1,0.2089,88.76,6.72,1,0.1644,83.28,3.48,1,0.1940,86.52
13.61,0,1.24,1,0.2089,88.76,6.72,1,0.1644,83.28,3.48,1,0.1940,86.52
13.72,0,0.52,1,0.2152,89.48,7.09,1,0.1615,82.91,3.59,1,0.1923,86.41
13.84,0,0.11,1,0.2207,89.89,7.43,1,0.1588,82.57,3.65,1,0.1903,86.35
13.95,0,0.65,1,0.2256,89.35,7.70,1,0.1560,82.30,3.66,1,0.1880,86.34
14.06,0,0.65,1,0.2256,89.35,7.70,1,0.1560,82.30,3.66,1,0.1880,86.34
14.17,0,1.14,1,0.2300,88.86,7.89,1,0.1527,82.11,3.64,1,0.1861,86.36
14.28,0,1.55,1,0.2339,88.45,8.02,1,0.1491,81.98,3.59,1,0.1847,86.41
14.39,0,1.55,1,0.2339,88.45,8.02,1,0.1491,81.98,3.59,1,0.1847,86.41
14.51,0,1.84,1,0.2370,88.16,8.12,1,0.1457,81.88,3.52,1,0.1835,86.48
14.61,0,1.84,1,0.2370,88.16,8.12,1,0.1457,81.88,3.52,1,0.1835,86.48
14.73,0,2.01,1,0.2390,87.99,8.15,1,0.1426,81.85,3.39,1,0.1818,86.61
14.83,0,2.07,1,0.2401,87.93,8.11,1,0.1395,81.89,3.22,1,0.1799,86.78
14.93,0,2.07,1,0.2401,87.93,8.11,1,0.1395,81.89,3.22,1,0.1799,86.78
15.03,0,2.02,1,0.2409,87.98,7.98,1,0.1360,82.02,3.04,1,0.1784,86.96
15.13,0,2.02,1,0.2409,87.98,7.98,1,0.1360,82.02,3.04,1,0.1784,86.96
15.25,0,1.86,1,0.2415,88.14,7.79,1,0.1323,82.21,2.87,1,0.1776,87.13
15.35,0,1.59,1,0.2412,88.41,7.79,1,0.1321,82.21,2.88,1,0.1777,87.12
15.45,0,1.59,1,0.2412,88.41,7.57,1,0.1284,82.43,2.68,1,0.1770,87.32
15.55,0,1.59,1,0.2412,88.41,7.57,1,0.1284,82.43,2.68,1,0.1770,87.32
15.67,0,1.20,1,0.2396,88.80,7.32,1,0.1249,82.68,2.45,1,0.1759,87.55
15.78,0,1.20,1,0.2396,88.80,7.32,1,0.1249,82.68,2.45,1,0.1759,87.55
15.88,0,0.68,1,0.2373,89.32,7.02,1,0.1217,82.98,2.19,1,0.1745,87.81
15.98,0,0.68,1,0.2373,89.32,7.02,1,0.1217,82.98,2.19,1,0.1745,87.81
16.10,0,0.07,1,0.2348,89.93,6.65,1,0.1185,83.35,1.94,1,0.1734,88.06
16.22,0,0.07,1,0.2348,89.93,6.65,1,0.1185,83.35,1.94,1,0.1734,88.06
16.33,0,0.60,1,0.2321,89.40,6.23,1,0.1147,83.77,1.74,1,0.1729,88.26
16.43,0,0.60,1,0.2321,89.40,6.23,1,0.1147,83.77,1.74,1,0.1729,88.26
16.53,0,1.32,1,0.2290,88.68,5.80,1,0.1107,84.20,1.54,1,0.1727,88.46
16.63,0,1.32,1,0.2290,88.68,5.80,1,0.1107,84.20,1.54,1,0.1727,88.46
16.75,0,2.07,1,0.2254,87.93,5.37,1,0.1071,84.63,1.32,1,0.1723,88.68
16.87,0,2.85,1,0.2215,87.15,4.93,1,0.1039,85.07,1.08,1,0.1715,88.92
16.97,0,2.85,1,0.2215,87.15,4.93,1,0.1039,85.07,1.08,1,0.1715,88.92
17.07,0,3.62,1,0.2175,86.38,4.44,1,0.1007,85.56,0.86,1,0.1707,89.14
17.19,0,4.37,1,0.2138,85.63,3.92,1,0.0974,86.08,0.71,1,0.1702,89.29
17.29,0,4.37,1,0.2141,85.63,3.90,1,0.0970,86.10,0.73,1,0.1703,89.27
17.41,0,5.06,1,0.2105,84.94,3.42,1,0.0937,86.58,0.59,1,0.1701,89.41
17.51,0,5.06,1,0.2105,84.94,3.42,1,0.0937,86.58,0.59,1,0.1701,89.41
17.61,0,5.68,1,0.2074,84.32,2.95,1,0.0898,87.05,0.47,1,0.1701,89.53
17.71,0,5.68,1,0.2074,84.32,2.95,1,0.0898,87.05,0.47,1,0.1701,89.53
17.81,0,6.24,1,0.2043,83.76,2.51,1,0.0861,87.49,0.34,1,0.1698,89.66
17.92,0,6.24,1,0.2043,83.76,2.51,1,0.0861,87.49,0.34,1,0.1698,89.66
18.02,0,6.74,1,0.2010,83.26,2.06,1,0.0831,87.94,0.33,1,0.1694,89.67
18.13,0,6.74,1,0.2010,83.26,2.06,1,0.0831,87.94,0.24,1,0.1693,89.76
18.23,0,6.74,1,0.2010,83.26,2.06,1,0.0831,87.94,0.24,1,0.1693,89.76
18.35,0,7.16,1,0.1982,82.84,1.63,1,0.0803,88.37,0.20,1,0.1689,89.80
18.46,0,7.46,1,0.1962,82.54,1.21,1,0.0767,88.79,0.20,1,0.1687,89.80
18.57,0,7.46,1,0.1962,82.54,1.21,1,0.0767,88.79,0.20,1,0.1687,89.80
18.67,0,7.63,1,0.1947,82.37,0.84,1,0.0722,89.16,0.23,1,0.1687,89.77
18.78,0,7.63,1,0.1947,82.37,0.84,1,0.0722,89.16,0.23,1,0.1687,89.77
18.89,0,7.71,1,0.1932,82.29,0.52,1,0.0680,89.48,0.25,1,0.1688,89.75
18.99,0,7.71,1,0.1932,82.29,0.52,1,0.0680,89.48,0.25,1,0.1688,89.75
19.11,0,7.71,1,0.1916,82.29,0.26,1,0.0650,89.74,0.29,1,0.1687,89.71
19.23,0,7.63,1,0.1903,82.37,0.01,1,0.0621,89.99,0.37,1,0.1684,89.63
19.34,0,7.63,1,0.1903,82.37,0.01,1,0.0621,89.99,0.37,1,0.1684,89.63
19.45,0,7.46,1,0.1898,82.54,0.23,1,0.0583,89.77,0.49,1,0.1681,89.51
19.56,0,7.46,1,0.1898,82.54,0.23,1,0.0583,89.77,0.49,1,0.1681,89.51
19.66,0,7.18,1,0.1900,82.82,0.42,1,0.0538,89.58,0.64,1,0.1681,89.36
19.76,0,7.18,1,0.1900,82.82,0.42,1,0.0538,89.58,0.64,1,0.1681,89.36
19.87,0,6.82,1,0.1903,83.18,0.54,1,0.0495,89.46,0.79,1,0.1684,89.21
19.98,0,6.82,1,0.1903,83.18,0.54,1,0.0495,89.46,0.79,1,0.1684,89.21
20.08,0,6.38,1,0.1905,83.62,0.65,1,0.0458,89.35,0.95,1,0.1687,89.05
20.18,0,6.38,1,0.1905,83.62,0.65,1,0.0458,89.35,0.95,1,0.1687,89.05
20.30,0,5.90,1,0.1905,84.10,0.76,1,0.0427,89.24,1.11,1,0.1688,88.89
20.40,0,5.90,1,0.1905,84.10,0.76,1,0.0427,89.24,1.11,1,0.1688,88.89
20.51,0,5.37,1,0.1906,84.63,0.83,1,0.0401,89.17,1.29,1,0.1688,88.71
20.61,0,5.37,1,0.1906,84.63,0.83,1,0.0401,89.17,1.29,1,0.1688,88.71
20.73,0,4.78,1,0.1912,85.22,0.84,1,0.0371,89.16,1.48,1,0.1689,88.52
20.83,0,4.12,1,0.1919,85.88,0.81,1,0.0341,89.19,1.69,1,0.1694,88.31
20.95,0,4.12,1,0.1919,85.88,0.81,1,0.0341,89.19,1.69,1,0.1694,88.31
21.05,0,3.44,1,0.1921,86.56,0.79,1,0.0331,89.21,1.89,1,0.1702,88.11
21.17,0,2.78,1,0.1919,87.22,0.74,1,0.0344,89.26,2.06,1,0.1710,87.94
21.29,0,2.81,1,0.1917,87.19,0.75,1,0.0349,89.25,2.04,1,0.1706,87.96
21.40,0,2.17,1,0.1915,87.83,0.63,1,0.0366,89.37,2.22,1,0.1715,87.78
21.51,0,1.59,1,0.1912,88.41,0.51,1,0.0393,89.49,2.37,1,0.1720,87.63
21.62,0,1.59,1,0.1912,88.41,0.51,1,0.0393,89.49,2.37,1,0.1720,87.63
21.72,0,1.59,1,0.1912,88.41,0.51,1,0.0393,89.49,2.37,1,0.1720,87.63
21.82,0,1.02,1,0.1907,88.98,0.41,1,0.0437,89.59,2.54,1,0.1728,87.46
21.92,0,1.02,1,0.1907,88.98,0.41,1,0.0437,89.59,2.54,1,0.1728,87.46
22.03,0,0.51,1,0.1897,89.49,0.28,1,0.0493,89.72,2.69,1,0.1741,87.31
22.13,0,0.51,1,0.1897,89.49,0.28,1,0.0493,89.72,2.69,1,0.1741,87.31
22.25,0,0.08,1,0.1885,89.92,0.13,1,0.0561,89.87,2.81,1,0.1756,87.19
22.35,0,0.25,1,0.1873,89.75,0.03,1,0.0642,89.97,2.88,1,0.1769,87.12
22.46,0,0.25,1,0.1873,89.75,0.03,1,0.0642,89.97,2.88,1,0.1769,87.12
22.56,0,0.49,1,0.1855,89.51,0.06,1,0.0728,89.94,2.94,1,0.1781,87.06
22.67,0,0.49,1,0.1855,89.51,0.06,1,0.0728,89.94,2.94,1,0.1781,87.06
22.78,0,0.63,1,0.1833,89.37,0.16,1,0.0816,89.84,2.99,1,0.1794,87.01
22.90,0,0.70,1,0.1811,89.30,0.26,1,0.0906,89.74,3.05,1,0.1811,86.95
23.00,0,0.70,1,0.1811,89.30,0.26,1,0.0906,89.74,3.05,1,0.1811,86.95
23.12,0,0.68,1,0.1790,89.32,0.40,1,0.0991,89.60,3.07,1,0.1831,86.93
23.23,0,0.54,1,0.1769,89.46,0.60,1,0.1066,89.40,3.05,1,0.1854,86.95
23.33,0,0.54,1,0.1769,89.46,0.60,1,0.1066,89.40,3.05,1,0.1854,86.95
23.43,0,0.29,1,0.1745,89.71,0.84,1,0.1134,89.16,3.00,1,0.1874,87.00
23.53,0,0.29,1,0.1745,89.71,0.84,1,0.1134,89.16,3.00,1,0.1874,87.00
23.64,0,0.07,1,0.1720,89.93,1.11,1,0.1196,88.89,2.94,1,0.1891,87.06
23.76,0,0.47,1,0.1697,89.53,1.08,1,0.1200,88.92,2.95,1,0.1887,87.05
23.87,0,0.47,1,0.1697,89.53,1.42,1,0.1249,88.58,2.91,1,0.1907,87.09
23.97,0,0.89,1,0.1675,89.11,1.80,1,0.1291,88.20,2.90,1,0.1926,87.10
24.07,0,0.89,1,0.1675,89.11,1.80,1,0.1291,88.20,2.90,1,0.1926,87.10
24.19,0,1.38,1,0.1655,88.62,2.23,1,0.1326,87.77,2.88,1,0.1948,87.12
24.29,0,1.38,1,0.1655,88.62,2.23,1,0.1326,87.77,2.88,1,0.1948,87.12
24.41,0,1.93,1,0.1635,88.07,2.68,1,0.1358,87.32,2.84,1,0.1967,87.16
24.52,0,1.96,1,0.1637,88.04,2.67,1,0.1360,87.33,2.82,1,0.1963,87.18
24.62,0,2.53,1,0.1617,87.47,3.12,1,0.1390,86.88,2.80,1,0.1980,87.20
24.74,0,3.13,1,0.1602,86.87,3.55,1,0.1420,86.45,2.79,1,0.1989,87.21
24.84,0,3.13,1,0.1602,86.87,3.55,1,0.1420,86.45,2.79,1,0.1989,87.21
24.95,0,3.71,1,0.1592,86.29,3.97,1,0.1447,86.03,2.81,1,0.1999,87.19
25.06,0,3.71,1,0.1592,86.29,3.97,1,0.1447,86.03,2.81,1,0.1999,87.19
25.18,0,4.24,1,0.1587,85.76,4.40,1,0.1470,85.60,2.83,1,0.2014,87.17
25.28,0,4.24,1,0.1587,85.76,4.40,1,0.1470,85.60,2.83,1,0.2014,87.17
25.39,0,4.76,1,0.1583,85.24,4.81,1,0.1491,85.19,2.83,1,0.2028,87.17
25.49,0,4.76,1,0.1583,85.24,4.81,1,0.1491,85.19,2.83,1,0.2028,87.17
25.60,0,5.28,1,0.1584,84.72,5.19,1,0.1512,84.81,2.81,1,0.2038,87.19
25.70,0,5.28,1,0.1584,84.72,5.19,1,0.1512,84.81,2.81,1,0.2038,87.19
25.80,0,5.28,1,0.1584,84.72,5.19,1,0.1512,84.81,2.81,1,0.2038,87.19
25.91,0,5.76,1,0.1590,84.24,5.51,1,0.1536,84.49,2.79,1,0.2042,87.21
26.01,0,5.76,1,0.1590,84.24,5.51,1,0.1536,84.49,2.79,1,0.2042,87.21
26.13,0,6.16,1,0.1598,83.84,5.77,1,0.1561,84.23,2.79,1,0.2044,87.21
26.23,0,6.16,1,0.1598,83.84,5.77,1,0.1561,84.23,2.79,1,0.2044,87.21
26.34,0,6.47,1,0.1609,83.53,5.98,1,0.1586,84.02,2.80,1,0.2052,87.20
26.44,0,6.47,1,0.1609,83.53,5.98,1,0.1586,84.02,2.80,1,0.2052,87.20
26.55,0,6.72,1,0.1621,83.28,6.17,1,0.1607,83.83,2.80,1,0.2062,87.20
26.66,0,6.95,1,0.1636,83.05,6.31,1,0.1627,83.69,2.75,1,0.2064,87.25
26.77,0,6.95,1,0.1636,83.05,6.31,1,0.1627,83.69,2.75,1,0.2064,87.25
26.88,0,7.13,1,0.1653,82.87,6.39,1,0.1651,83.61,2.70,1,0.2055,87.30
26.98,0,7.13,1,0.1653,82.87,6.39,1,0.1651,83.61,2.70,1,0.2055,87.30
27.09,0,7.25,1,0.1672,82.75,6.40,1,0.1679,83.60,2.67,1,0.2047,87.33
27.20,0,7.25,1,0.1672,82.75,6.40,0,0.1679,83.60,2.67,1,0.2047,87.33
27.30,0,7.31,1,0.1694,82.69,6.34,0,0.1708,83.66,2.65,1,0.2044,87.35
27.41,0,7.31,1,0.1694,82.69,6.34,0,0.1708,83.66,2.65,1,0.2044,87.35
27.52,0,7.32,1,0.1713,82.68,6.24,0,0.1734,83.76,2.62,1,0.2042,87.38
27.64,0,7.29,1,0.1729,82.71,6.14,0,0.1757,83.86,2.60,1,0.2031,87.40
27.74,0,7.29,1,0.1729,82.71,6.14,0,0.1757,83.86,2.60,1,0.2031,87.40
27.85,0,7.24,1,0.1748,82.76,6.06,1,0.1778,83.94,2.58,1,0.2011,87.42
27.95,0,7.14,1,0.1770,82.86,6.05,1,0.1783,83.95,2.55,1,0.2008,87.45
28.05,0,7.14,1,0.1770,82.86,6.00,1,0.1803,84.00,2.54,1,0.1990,87.46
28.15,0,6.96,1,0.1792,83.04,5.94,1,0.1830,84.06,2.48,1,0.1972,87.52
28.27,0,6.96,1,0.1792,83.04,5.94,1,0.1830,84.06,2.48,1,0.1972,87.52
28.37,0,6.70,1,0.1808,83.30,5.90,1,0.1853,84.10,2.47,1,0.1954,87.53
28.48,0,6.36,1,0.1818,83.64,5.91,1,0.1868,84.09,2.49,1,0.1930,87.51
28.58,0,6.36,1,0.1818,83.64,5.91,1,0.1868,84.09,2.49,1,0.1930,87.51
28.70,0,5.97,1,0.1827,84.03,5.97,1,0.1878,84.03,2.50,1,0.1903,87.50
28.82,0,5.58,1,0.1842,84.42,6.03,1,0.1892,83.97,2.48,1,0.1877,87.52
28.93,0,5.58,1,0.1842,84.42,6.03,1,0.1892,83.97,2.48,1,0.1877,87.52
29.03,0,5.17,1,0.1859,84.83,6.08,1,0.1909,83.92,2.44,1,0.1852,87.56
29.13,0,5.18,1,0.1863,84.82,6.04,1,0.1915,83.96,2.45,1,0.1846,87.55
29.25,0,4.66,1,0.1867,85.34,6.11,1,0.1925,83.89,2.45,1,0.1826,87.55
29.36,0,4.06,1,0.1865,85.94,6.15,1,0.1933,83.85,2.51,1,0.1800,87.49
29.48,0,4.06,1,0.1865,85.94,6.15,1,0.1933,83.85,2.51,1,0.1800,87.49
29.58,0,3.46,1,0.1862,86.54,6.20,1,0.1936,83.80,2.57,1,0.1774,87.43
29.68,0,3.46,1,0.1862,86.54,6.20,1,0.1936,83.80,2.57,1,0.1774,87.43
29.79,0,2.92,1,0.1866,87.08,6.28,1,0.1940,83.72,2.57,1,0.1751,87.43
29.89,0,2.92,1,0.1866,87.08,6.28,1,0.1940,83.72,2.57,1,0.1751,87.43
30.01,1,2.41,1,0.1874,87.59,6.35,1,0.1948,83.65,2.56,1,0.1729,87.44
30.11,1,2.41,1,0.1874,87.59,6.35,1,0.1948,83.65,2.56,1,0.1729,87.44
30.21,1,1.86,1,0.1876,88.14,6.41,1,0.1957,83.59,2.57,1,0.1702,87.43
30.31,1,1.86,1,0.1876,88.14,6.41,1,0.1957,83.59,2.57,1,0.1702,87.43
30.41,1,1.49,1,0.1863,88.51,6.46,1,0.1962,83.54,2.63,1,0.1673,87.37
30.52,1,1.49,1,0.1863,88.51,6.46,1,0.1962,83.54,2.63,1,0.1673,87.37
30.62,1,2.68,1,0.1829,87.32,6.53,1,0.1961,83.47,2.71,1,0.1646,87.29
30.72,1,2.68,1,0.1829,87.32,6.53,1,0.1961,83.47,2.71,1,0.1646,87.29
30.83,1,6.65,1,0.1794,83.35,6.61,1,0.1958,83.39,2.74,1,0.1625,87.26
30.93,1,14.71,1,0.1793,75.29,6.62,1,0.1959,83.38,2.71,1,0.1627,87.29
31.05,1,14.71,1,0.1793,75.29,6.70,1,0.1959,83.30,2.74,1,0.1605,87.26
31.16,1,27.68,1,0.1887,62.32,6.77,1,0.1963,83.23,2.73,1,0.1582,87.27
31.27,1,27.68,1,0.1887,62.32,6.77,1,0.1963,83.23,2.73,1,0.1582,87.27
31.38,1,43.81,1,0.2113,46.19,6.82,1,0.1965,83.18,2.76,1,0.1554,87.24
31.48,1,43.81,1,0.2113,46.19,6.82,1,0.1965,83.18,2.76,1,0.1554,87.24
31.59,1,62.03,0,0.2450,27.97,6.87,1,0.1963,83.13,2.83,1,0.1526,87.17
31.69,1,62.03,0,0.2450,27.97,6.87,1,0.1963,83.13,2.83,1,0.1526,87.17
31.80,1,81.91,0,0.2849,8.09,6.95,1,0.1956,83.05,2.87,1,0.1504,87.13
31.92,1,81.91,0,0.2849,8.09,6.95,1,0.1956,83.05,2.87,1,0.1504,87.13
32.03,1,103.53,0,0.3277,-13.53,7.04,1,0.1950,82.96,2.87,1,0.1486,87.13
32.13,1,103.53,0,0.3277,-13.53,7.04,1,0.1950,82.96,2.87,1,0.1486,87.13
32.24,1,127.35,0,0.3715,-37.35,7.12,1,0.1948,82.88,2.84,1,0.1467,87.16
32.34,1,127.35,0,0.3715,-37.35,7.12,1,0.1948,82.88,2.84,1,0.1467,87.16
32.44,1,152.29,0,0.4103,-62.29,7.18,1,0.1949,82.82,2.83,1,0.1444,87.17
32.54,1,176.84,1,0.4374,-86.84,7.21,1,0.1947,82.79,2.86,1,0.1418,87.14
32.66,1,160.50,1,0.4488,-70.50,7.26,1,0.1940,82.74,2.91,1,0.1394,87.09
32.77,1,141.06,1,0.4458,-51.06,7.32,1,0.1930,82.68,2.92,1,0.1376,87.08
32.88,1,122.74,1,0.4317,-32.74,7.41,1,0.1922,82.59,2.88,1,0.1362,87.12
33.00,1,122.74,1,0.4317,-32.74,7.41,1,0.1922,82.59,2.88,1,0.1362,87.12
33.12,1,104.67,1,0.4069,-14.67,7.47,1,0.1919,82.53,2.82,1,0.1345,87.18
33.22,1,104.63,1,0.4077,-14.63,7.43,1,0.1927,82.57,2.81,1,0.1341,87.19
33.33,1,85.88,1,0.3697,4.12,7.48,1,0.1919,82.52,2.80,1,0.1324,87.20
33.44,1,66.67,1,0.3221,23.33,7.49,1,0.1915,82.51,2.82,1,0.1301,87.18
33.55,1,66.67,0,0.3221,23.33,7.49,1,0.1915,82.51,2.82,1,0.1301,87.18
33.66,1,47.67,0,0.2703,42.33,7.52,1,0.1904,82.48,2.83,1,0.1282,87.17
33.77,1,47.67,0,0.2703,42.33,7.52,1,0.1904,82.48,2.83,1,0.1282,87.17
33.89,1,27.76,0,0.2195,62.24,7.57,1,0.1892,82.43,2.80,1,0.1269,87.20
34.00,1,7.48,0,0.1828,82.52,7.60,1,0.1885,82.40,2.73,1,0.1259,87.27
34.11,1,7.48,1,0.1828,82.52,7.60,1,0.1885,82.40,2.73,1,0.1259,87.27
34.22,1,13.04,1,0.1725,76.96,7.59,1,0.1885,82.41,2.67,1,0.1246,87.33
34.33,1,13.04,1,0.1725,76.96,7.59,1,0.1885,82.41,2.67,1,0.1246,87.33
34.45,1,31.55,1,0.1878,58.45,7.55,1,0.1883,82.45,2.66,1,0.1228,87.34
34.55,1,31.52,1,0.1873,58.48,7.52,1,0.1885,82.48,2.69,1,0.1222,87.31
34.67,1,48.87,1,0.2137,41.13,7.53,1,0.1875,82.47,2.67,1,0.1209,87.33
34.79,1,48.83,1,0.2132,41.17,7.53,1,0.1872,82.47,2.70,1,0.1207,87.30
34.90,1,66.71,1,0.2458,23.29,7.53,1,0.1862,82.47,2.67,1,0.1195,87.33
35.01,1,86.13,1,0.2841,3.87,7.53,1,0.1852,82.47,2.62,1,0.1188,87.38
35.12,1,86.13,0,0.2841,3.87,7.53,1,0.1852,82.47,2.62,1,0.1188,87.38
35.22,1,107.21,0,0.3266,-17.21,7.51,1,0.1849,82.49,2.55,1,0.1182,87.45
35.32,1,107.21,0,0.3266,-17.21,7.51,1,0.1849,82.49,2.55,1,0.1182,87.45
35.43,1,128.47,0,0.3668,-38.47,7.45,1,0.1850,82.55,2.50,1,0.1173,87.50
35.54,1,128.47,0,0.3668,-38.47,7.45,1,0.1850,82.55,2.50,1,0.1173,87.50
35.64,1,149.80,0,0.4010,-59.80,7.37,1,0.1847,82.63,2.51,1,0.1159,87.49
35.74,1,149.80,0,0.4010,-59.80,7.37,1,0.1847,82.63,2.51,1,0.1159,87.49
35.84,1,171.41,0,0.4271,-81.41,7.32,1,0.1836,82.68,2.53,1,0.1145,87.47
35.95,1,167.34,0,0.4427,-77.34,7.29,1,0.1824,82.71,2.52,1,0.1138,87.48
36.07,1,146.33,1,0.4461,-56.33,7.26,1,0.1817,82.74,2.46,1,0.1138,87.54
36.17,1,125.55,1,0.4354,-35.55,7.18,1,0.1818,82.82,2.40,1,0.1138,87.60
36.27,1,125.55,1,0.4354,-35.55,7.18,1,0.1818,82.82,2.40,1,0.1138,87.60
36.39,1,105.52,1,0.4098,-15.52,7.09,1,0.1819,82.91,2.40,1,0.1134,87.60
36.49,1,105.52,1,0.4098,-15.52,7.09,1,0.1819,82.91,2.40,1,0.1134,87.60
36.60,1,86.79,1,0.3729,3.21,6.99,1,0.1813,83.01,2.46,1,0.1125,87.54
36.70,1,86.79,1,0.3729,3.21,6.99,1,0.1813,83.01,2.46,1,0.1125,87.54
36.81,1,67.75,1,0.3257,22.25,6.92,1,0.1801,83.08,2.55,1,0.1117,87.45
36.91,1,47.20,1,0.2697,42.80,6.87,1,0.1791,83.13,2.54,1,0.1120,87.46
37.02,1,47.20,0,0.2697,42.80,6.87,1,0.1791,83.13,2.61,1,0.1117,87.39
37.14,1,25.83,0,0.2156,64.17,6.80,1,0.1789,83.20,2.66,1,0.1123,87.34
37.26,1,25.83,0,0.2156,64.17,6.80,1,0.1789,83.20,2.66,1,0.1123,87.34
37.37,1,3.14,0,0.1797,86.86,6.70,1,0.1791,83.30,2.73,1,0.1128,87.27
37.47,1,3.14,1,0.1797,86.86,6.70,1,0.1791,83.30,2.73,1,0.1128,87.27
37.58,1,20.28,1,0.1786,69.72,6.59,1,0.1791,83.41,2.86,1,0.1125,87.14
37.68,1,20.28,1,0.1786,69.72,6.59,1,0.1791,83.41,2.86,1,0.1125,87.14
37.79,1,43.44,1,0.2082,46.56,6.48,1,0.1784,83.52,3.03,1,0.1118,86.97
37.89,1,43.44,1,0.2082,46.56,6.48,1,0.1784,83.52,3.03,1,0.1118,86.97
38.00,0,67.01,1,0.2533,22.99,6.42,1,0.1772,83.58,3.18,1,0.1114,86.82
38.10,0,67.01,1,0.2533,22.99,6.42,1,0.1772,83.58,3.18,1,0.1114,86.82
38.22,0,91.82,1,0.3047,-1.82,6.36,1,0.1765,83.64,3.26,1,0.1117,86.74
38.33,0,115.71,0,0.3522,-25.71,6.29,1,0.1766,83.71,3.30,1,0.1124,86.70
38.43,0,115.71,0,0.3522,-25.71,6.29,1,0.1766,83.71,3.30,1,0.1124,86.70
38.54,0,136.45,0,0.3890,-46.45,6.18,1,0.1770,83.82,3.36,1,0.1126,86.64
38.64,0,136.45,0,0.3890,-46.45,6.18,1,0.1770,83.82,3.36,1,0.1126,86.64
38.75,0,154.18,0,0.4154,-64.18,6.07,1,0.1768,83.93,3.44,1,0.1118,86.56
38.86,0,154.18,0,0.4154,-64.18,6.07,1,0.1768,83.93,3.44,1,0.1118,86.56
38.97,0,169.30,1,0.4332,-79.30,6.00,1,0.1758,84.00,3.52,1,0.1109,86.48
39.07,0,169.30,1,0.4332,-79.30,6.00,1,0.1758,84.00,3.52,1,0.1109,86.48
39.18,0,177.66,1,0.4446,-87.66,5.96,1,0.1747,84.04,3.53,1,0.1106,86.47
39.30,0,166.26,1,0.4519,-76.26,5.92,1,0.1743,84.08,3.47,1,0.1110,86.53
39.40,0,166.26,1,0.4519,-76.26,5.92,1,0.1743,84.08,3.47,1,0.1110,86.53
39.52,0,156.21,1,0.4558,-66.21,5.85,1,0.1747,84.15,3.38,1,0.1114,86.62
39.63,0,156.21,1,0.4558,-66.21,5.85,1,0.1747,84.15,3.38,1,0.1114,86.62
39.73,0,147.28,1,0.4563,-57.28,5.76,1,0.1752,84.24,3.32,1,0.1112,86.68
39.83,0,147.28,1,0.4563,-57.28,5.76,1,0.1752,84.24,3.32,1,0.1112,86.68
39.94,0,139.26,1,0.4537,-49.26,5.68,1,0.1747,84.32,3.30,1,0.1105,86.70
40.04,0,139.26,1,0.4537,-49.26,5.68,1,0.1747,84.32,3.30,1,0.1105,86.70
40.16,0,131.92,1,0.4486,-41.92,5.64,1,0.1735,84.36,3.26,1,0.1099,86.74
40.28,0,125.10,1,0.4427,-35.10,5.64,1,0.1725,84.36,3.17,1,0.1101,86.83
40.39,0,125.10,1,0.4427,-35.10,5.64,1,0.1725,84.36,3.17,1,0.1101,86.83
40.49,0,118.67,0,0.4366,-28.67,5.62,1,0.1725,84.38,3.02,1,0.1110,86.98
40.60,0,118.67,0,0.4366,-28.67,5.62,1,0.1725,84.38,3.02,1,0.1110,86.98
40.72,0,112.62,0,0.4301,-22.62,5.56,1,0.1731,84.44,2.88,1,0.1116,87.12
40.83,0,106.94,0,0.4223,-16.94,5.49,1,0.1734,84.51,2.79,1,0.1115,87.21
40.94,0,106.94,0,0.4223,-16.94,5.49,1,0.1734,84.51,2.79,1,0.1115,87.21
41.06,0,101.57,0,0.4127,-11.57,5.46,1,0.1726,84.54,2.74,1,0.1111,87.26
41.16,0,101.57,0,0.4127,-11.57,5.46,1,0.1726,84.54,2.74,1,0.1111,87.26
41.27,0,96.41,0,0.4023,-6.41,5.47,1,0.1712,84.53,2.68,1,0.1113,87.32
41.38,0,91.35,0,0.3921,-1.35,5.50,1,0.1705,84.50,2.55,1,0.1123,87.45
41.50,0,86.40,0,0.3826,3.60,5.50,1,0.1709,84.50,2.38,1,0.1136,87.62
41.60,0,81.60,0,0.3730,8.40,5.47,1,0.1716,84.53,2.26,1,0.1143,87.74
41.71,0,72.53,0,0.3507,17.47,5.48,1,0.1703,84.52,2.17,1,0.1145,87.83
41.82,0,68.17,0,0.3387,21.83,5.55,1,0.1690,84.45,2.11,1,0.1155,87.89
41.93,0,63.84,0,0.3277,26.16,5.61,1,0.1685,84.39,2.00,1,0.1171,88.00
42.04,0,55.42,0,0.3079,34.58,5.63,1,0.1697,84.37,1.82,1,0.1190,88.18
42.15,0,51.45,0,0.2973,38.55,5.65,1,0.1692,84.35,1.82,1,0.1193,88.18
42.26,0,47.59,0,0.2860,42.41,5.72,1,0.1678,84.28,1.84,1,0.1202,88.16
42.38,0,40.03,0,0.2661,49.97,5.88,1,0.1665,84.12,1.73,1,0.1237,88.27
42.48,0,36.32,0,0.2582,53.68,5.90,1,0.1673,84.10,1.67,1,0.1248,88.33
42.58,0,32.72,0,0.2503,57.28,5.90,1,0.1676,84.10,1.68,1,0.1253,88.32
42.68,0,29.33,0,0.2410,60.67,5.96,1,0.1660,84.04,1.76,1,0.1262,88.24
42.78,0,22.60,0,0.2255,67.40,6.14,1,0.1642,83.86,1.78,1,0.1297,88.22
42.89,0,19.25,1,0.2198,70.75,6.20,1,0.1645,83.80,1.76,1,0.1312,88.24
43.00,0,15.95,1,0.2153,74.05,6.22,1,0.1653,83.78,1.79,1,0.1318,88.21
43.10,0,12.78,1,0.2105,77.22,6.23,1,0.1654,83.77,1.88,1,0.1321,88.12
43.21,0,9.72,1,0.2051,80.28,6.29,1,0.1642,83.71,2.00,1,0.1331,88.00
43.32,0,9.72,1,0.2051,80.28,6.29,1,0.1642,83.71,2.00,1,0.1331,88.00
43.44,0,6.69,1,0.2000,83.31,6.39,1,0.1626,83.61,2.10,1,0.1348,87.90
43.55,0,3.63,1,0.1966,86.37,6.49,1,0.1619,83.51,2.15,1,0.1364,87.85
43.65,0,3.63,1,0.1966,86.37,6.49,1,0.1619,83.51,2.15,1,0.1364,87.85
43.75,0,0.55,1,0.1951,89.45,6.53,1,0.1625,83.47,2.19,1,0.1373,87.81
43.85,0,0.55,1,0.1951,89.45,6.53,1,0.1625,83.47,2.19,1,0.1373,87.81
43.96,0,2.49,1,0.1943,87.51,6.53,1,0.1633,83.47,2.28,1,0.1376,87.72
44.06,0,2.49,1,0.1943,87.51,6.53,1,0.1633,83.47,2.28,1,0.1376,87.72
44.16,0,5.44,1,0.1929,84.56,6.54,1,0.1630,83.46,2.42,1,0.1381,87.58
44.28,0,8.30,1,0.1909,81.70,6.61,1,0.1615,83.39,2.56,1,0.1394,87.44
44.40,0,8.30,1,0.1909,81.70,6.61,1,0.1615,83.39,2.56,1,0.1394,87.44
44.52,0,11.15,1,0.1899,78.85,6.71,1,0.1600,83.29,2.67,1,0.1413,87.33
44.63,0,14.08,1,0.1908,75.92,6.79,1,0.1597,83.21,2.72,1,0.1429,87.28
44.74,0,14.08,1,0.1908,75.92,6.79,1,0.1597,83.21,2.72,1,0.1429,87.28
44.86,0,17.06,1,0.1931,72.94,6.80,1,0.1606,83.20,2.76,1,0.1438,87.24
44.97,0,19.97,1,0.1954,70.03,6.78,1,0.1612,83.22,2.85,1,0.1442,87.15
45.08,0,19.97,0,0.1954,70.03,6.78,1,0.1612,83.22,2.85,1,0.1442,87.15
45.20,0,22.72,0,0.1968,67.28,6.79,1,0.1606,83.21,2.98,1,0.1450,87.02
45.30,0,22.72,0,0.1968,67.28,6.79,1,0.1606,83.21,2.98,1,0.1450,87.02
45.41,0,25.16,0,0.1973,64.84,6.85,1,0.1589,83.15,3.09,1,0.1468,86.91
45.52,0,25.16,0,0.1973,64.84,6.85,1,0.1589,83.15,3.09,1,0.1468,86.91
45.63,0,27.33,0,0.1984,62.67,6.93,1,0.1576,83.07,3.13,1,0.1490,86.87
45.73,0,29.52,0,0.2014,60.48,6.95,1,0.1578,83.05,3.13,1,0.1507,86.87
45.84,0,29.52,0,0.2014,60.48,6.95,1,0.1578,83.05,3.13,1,0.1507,86.87
45.95,0,31.72,0,0.2053,58.28,6.90,1,0.1588,83.10,3.14,1,0.1515,86.86
46.06,0,33.81,0,0.2078,56.19,6.83,1,0.1591,83.17,3.19,1,0.1520,86.81
46.18,0,37.72,0,0.2096,52.28,6.81,1,0.1564,83.19,3.29,1,0.1557,86.71
46.30,0,39.80,0,0.2125,50.20,6.82,1,0.1554,83.18,3.26,1,0.1581,86.74
46.42,0,44.11,0,0.2214,45.89,6.66,1,0.1567,83.34,3.20,1,0.1596,86.80
46.53,0,46.13,0,0.2240,43.87,6.55,1,0.1567,83.45,3.24,1,0.1601,86.76
46.64,0,48.02,0,0.2250,41.98,6.54,1,0.1545,83.46,3.29,1,0.1625,86.71
46.75,0,52.20,0,0.2329,37.80,6.47,1,0.1532,83.53,3.26,1,0.1653,86.74
46.85,0,54.35,0,0.2379,35.65,6.38,1,0.1539,83.62,3.23,1,0.1655,86.77
46.97,0,58.42,0,0.2449,31.58,6.13,1,0.1546,83.87,3.32,1,0.1653,86.68
47.09,0,60.41,0,0.2477,29.59,6.09,1,0.1530,83.91,3.40,1,0.1663,86.60
47.20,0,64.60,0,0.2567,25.40,6.05,1,0.1513,83.95,3.47,1,0.1682,86.53
47.32,0,66.71,0,0.2616,23.29,5.94,1,0.1523,84.06,3.51,1,0.1675,86.49
47.44,0,70.80,0,0.2692,19.20,5.70,1,0.1524,84.30,3.72,1,0.1662,86.28
47.56,0,72.82,0,0.2729,17.18,5.68,1,0.1508,84.32,3.84,1,0.1670,86.16
47.66,0,76.95,0,0.2820,13.05,5.68,1,0.1503,84.32,3.86,1,0.1680,86.14
47.77,0,79.05,0,0.2870,10.95,5.51,1,0.1508,84.49,4.00,1,0.1672,86.00
47.88,0,81.12,0,0.2915,8.88,5.38,1,0.1513,84.62,4.10,1,0.1662,85.90
48.00,0,85.11,0,0.2991,4.89,5.33,1,0.1486,84.67,4.31,1,0.1673,85.69
48.11,0,87.11,0,0.3032,2.89,5.34,1,0.1476,84.66,4.35,1,0.1684,85.65
48.23,0,91.27,0,0.3135,-1.27,5.20,1,0.1492,84.80,4.39,1,0.1675,85.61
48.33,0,93.30,0,0.3181,-3.30,5.11,1,0.1493,84.89,4.47,1,0.1667,85.53
48.44,0,95.21,0,0.3211,-5.21,5.15,1,0.1470,84.85,4.56,1,0.1683,85.44
48.55,0,99.16,0,0.3293,-9.16,5.19,1,0.1457,84.81,4.56,1,0.1700,85.44
48.67,0,101.29,0,0.3357,-11.29,5.07,1,0.1481,84.93,4.52,1,0.1682,85.48
48.77,0,105.24,0,0.3441,-15.24,5.03,1,0.1471,84.97,4.57,1,0.1687,85.43
48.89,0,107.11,0,0.3471,-17.11,5.07,1,0.1455,84.93,4.59,1,0.1699,85.41
49.00,0,111.01,0,0.3553,-21.01,5.22,1,0.1437,84.78,4.44,1,0.1731,85.56
49.12,0,113.05,0,0.3609,-23.05,5.20,1,0.1446,84.80,4.36,1,0.1729,85.64
49.24,0,116.87,0,0.3689,-26.87,5.15,1,0.1445,84.85,4.32,1,0.1726,85.68
49.34,0,118.69,0,0.3717,-28.69,5.23,1,0.1428,84.77,4.27,1,0.1744,85.73
49.45,0,120.66,0,0.3764,-30.66,5.36,1,0.1422,84.64,4.11,1,0.1764,85.89
49.57,0,124.52,0,0.3855,-34.52,5.40,1,0.1424,84.60,3.98,1,0.1769,86.02
49.69,0,126.33,0,0.3889,-36.33,5.35,1,0.1424,84.65,4.02,1,0.1761,85.98
49.80,0,129.93,0,0.3952,-39.93,5.53,1,0.1398,84.47,3.92,1,0.1789,86.08
49.90,0,131.78,0,0.3989,-41.78,5.67,1,0.1387,84.33,3.85,1,0.1806,86.15
50.02,0,135.49,0,0.4081,-45.49,5.73,1,0.1399,84.27,3.75,1,0.1798,86.25
50.14,0,137.23,0,0.4116,-47.23,5.72,1,0.1399,84.28,3.77,1,0.1792,86.23
50.25,0,140.61,0,0.4167,-50.61,5.91,1,0.1368,84.09,3.77,1,0.1813,86.23
50.37,0,142.35,0,0.4202,-52.35,6.04,1,0.1360,83.96,3.71,1,0.1820,86.29
50.49,0,145.82,0,0.4285,-55.82,6.03,1,0.1379,83.97,3.62,1,0.1805,86.38
50.60,0,147.44,0,0.4315,-57.44,5.94,1,0.1394,84.06,3.57,1,0.1816,86.43
50.72,0,150.60,0,0.4357,-60.60,5.71,1,0.1423,84.29,3.22,1,0.1892,86.78
50.83,0,152.24,0,0.4389,-62.24,5.47,1,0.1460,84.53,2.89,1,0.1934,87.11
50.93,0,153.92,0,0.4439,-63.92,4.99,1,0.1531,85.01,2.53,1,0.1957,87.47
51.05,0,156.97,0,0.4487,-66.97,4.11,1,0.1649,85.89,1.83,1,0.2077,88.17
51.15,0,158.43,0,0.4502,-68.43,3.70,1,0.1702,86.30,1.47,1,0.2149,88.53
51.26,0,161.48,0,0.4554,-71.48,2.90,1,0.1823,87.10,0.65,1,0.2277,89.35
51.36,0,163.02,0,0.4590,-73.02,2.42,1,0.1896,87.58,0.30,1,0.2320,89.70
51.46,0,164.43,0,0.4614,-74.43,1.90,1,0.1957,88.10,0.09,1,0.2357,89.91
51.58,0,167.24,0,0.4646,-77.24,1.24,1,0.2046,88.76,0.36,1,0.2463,89.64
51.69,0,168.74,0,0.4676,-78.74,1.02,1,0.2098,88.98,0.62,1,0.2509,89.38
51.79,0,171.56,1,0.4727,-81.56,0.46,1,0.2189,89.54,0.84,1,0.2564,89.16
51.90,0,172.92,1,0.4750,-82.92,0.18,1,0.2228,89.82,0.85,1,0.2582,89.15
52.01,0,174.22,1,0.4761,-84.22,0.00,1,0.2252,90.00,0.81,1,0.2610,89.19
52.12,0,175.54,1,0.4769,-85.54,0.09,1,0.2272,89.91,0.79,1,0.2643,89.21
52.23,0,176.91,1,0.4787,-86.91,0.13,1,0.2300,89.87,0.78,1,0.2671,89.22
52.34,0,178.35,1,0.4829,-88.35,0.30,1,0.2351,89.70,0.75,1,0.2665,89.25
52.45,0,179.64,1,0.4847,-89.64,0.42,1,0.2375,89.58,0.60,1,0.2670,89.40
52.56,0,179.11,1,0.4853,-89.11,0.43,1,0.2386,89.57,0.43,1,0.2687,89.57
52.67,0,177.82,1,0.4867,-87.82,0.41,1,0.2402,89.59,0.27,1,0.2696,89.73
52.79,0,176.55,1,0.4873,-86.55,0.28,1,0.2410,89.72,0.10,1,0.2716,89.90
52.90,0,175.23,1,0.4890,-85.23,0.14,1,0.2429,89.86,0.05,1,0.2728,89.95
53.02,0,173.88,1,0.4916,-83.88,0.05,1,0.2454,89.95,0.24,1,0.2722,89.76
53.13,0,172.59,1,0.4940,-82.59,0.02,1,0.2473,89.98,0.51,1,0.2706,89.49
53.24,0,171.37,1,0.4952,-81.37,0.15,1,0.2476,89.85,0.84,1,0.2694,89.16
53.34,0,170.17,1,0.4954,-80.17,0.16,1,0.2467,89.84,0.87,1,0.2700,89.13
53.45,0,170.17,1,0.4954,-80.17,0.39,1,0.2471,89.61,1.18,1,0.2693,88.82
53.56,0,168.93,1,0.4958,-78.93,0.72,1,0.2469,89.28,1.47,1,0.2693,88.53
53.66,0,168.93,1,0.4958,-78.93,0.72,1,0.2469,89.28,1.47,1,0.2693,88.53
53.77,0,167.63,1,0.4975,-77.63,1.04,1,0.2477,88.96,1.74,1,0.2676,88.26
53.88,0,166.32,1,0.4999,-76.32,1.31,1,0.2484,88.69,2.04,1,0.2636,87.96
53.98,0,166.32,1,0.4999,-76.32,1.31,1,0.2484,88.69,2.04,1,0.2636,87.96
54.10,0,165.07,1,0.5018,-75.07,1.57,1,0.2479,88.43,2.38,1,0.2587,87.62
54.20,0,165.07,1,0.5018,-75.07,1.57,1,0.2479,88.43,2.38,1,0.2587,87.62
54.32,0,163.89,1,0.5024,-73.89,1.89,1,0.2458,88.11,2.74,1,0.2542,87.26
54.43,0,163.89,1,0.5024,-73.89,1.89,1,0.2458,88.11,2.74,1,0.2542,87.26
54.53,0,162.71,1,0.5023,-72.71,2.28,1,0.2432,87.72,3.04,1,0.2503,86.96
54.64,0,161.48,1,0.5026,-71.48,2.70,1,0.2412,87.30,3.23,1,0.2456,86.77
54.75,0,161.48,1,0.5026,-71.48,2.70,1,0.2412,87.30,3.23,1,0.2456,86.77
54.87,0,160.19,1,0.5042,-70.19,3.09,1,0.2392,86.91,3.37,1,0.2388,86.63
54.98,0,158.92,1,0.5064,-68.92,3.39,1,0.2364,86.61,3.49,1,0.2304,86.51
55.08,0,158.92,1,0.5064,-68.92,3.39,1,0.2364,86.61,3.49,1,0.2304,86.51
55.19,0,157.70,1,0.5079,-67.70,3.63,1,0.2324,86.37,3.62,1,0.2218,86.38
55.30,0,156.54,1,0.5080,-66.54,3.87,1,0.2274,86.13,3.72,1,0.2145,86.28
55.41,0,156.54,1,0.5080,-66.54,3.87,1,0.2274,86.13,3.72,1,0.2145,86.28
55.52,0,155.36,1,0.5076,-65.36,4.12,1,0.2217,85.88,3.74,1,0.2082,86.26
55.64,0,154.13,1,0.5078,-64.13,4.37,1,0.2164,85.63,3.67,1,0.2017,86.33
55.75,0,154.13,1,0.5078,-64.13,4.37,1,0.2164,85.63,3.67,1,0.2017,86.33
55.85,0,152.84,1,0.5093,-62.84,4.53,1,0.2117,85.47,3.56,1,0.1941,86.44
55.96,0,151.58,1,0.5113,-61.58,4.46,1,0.2131,85.54,3.54,1,0.1925,86.46
56.06,0,151.58,1,0.5113,-61.58,4.58,1,0.2071,85.42,3.47,1,0.1860,86.53
56.17,0,151.59,1,0.5119,-61.59,4.50,1,0.2075,85.50,3.52,1,0.1846,86.48
56.28,0,150.38,1,0.5122,-60.38,4.58,1,0.2018,85.42,3.42,1,0.1785,86.58
56.38,0,149.23,1,0.5119,-59.23,4.56,1,0.2010,85.44,3.47,1,0.1785,86.53
56.48,0,149.23,1,0.5119,-59.23,4.60,1,0.1957,85.40,3.35,1,0.1726,86.65
56.59,0,148.04,1,0.5112,-58.04,4.65,1,0.1897,85.35,3.21,1,0.1680,86.79
56.69,0,148.04,1,0.5112,-58.04,4.65,1,0.1897,85.35,3.21,1,0.1680,86.79
56.81,0,146.79,0,0.5114,-56.79,4.69,1,0.1849,85.31,2.99,1,0.1629,87.01
56.91,0,146.79,0,0.5114,-56.79,4.69,1,0.1849,85.31,2.99,1,0.1629,87.01
57.03,0,145.50,0,0.5128,-55.50,4.63,1,0.1811,85.37,2.76,1,0.1566,87.24
57.14,0,144.24,0,0.5144,-54.24,4.45,1,0.1774,85.55,2.58,1,0.1494,87.42
57.24,0,144.24,0,0.5144,-54.24,4.45,1,0.1774,85.55,2.58,1,0.1494,87.42
57.36,0,143.04,0,0.5149,-53.04,4.25,1,0.1727,85.75,2.46,1,0.1427,87.54
57.46,0,143.04,0,0.5149,-53.04,4.25,1,0.1727,85.75,2.46,1,0.1427,87.54
57.57,0,141.88,0,0.5141,-51.88,4.09,1,0.1672,85.91,2.33,1,0.1376,87.67
57.67,0,141.88,0,0.5141,-51.88,4.09,1,0.1672,85.91,2.33,1,0.1376,87.67
57.79,0,140.67,0,0.5131,-50.67,3.99,1,0.1618,86.01,2.13,1,0.1334,87.87
57.89,0,139.31,0,0.5147,-49.31,3.84,1,0.1592,86.16,1.81,1,0.1276,88.19
58.00,0,136.82,0,0.5156,-46.82,3.32,1,0.1513,86.68,1.49,1,0.1151,88.51
58.11,0,135.61,0,0.5155,-45.61,3.02,1,0.1468,86.98,1.42,1,0.1086,88.58
58.23,0,133.18,0,0.5130,-43.18,2.65,1,0.1364,87.35,1.18,1,0.0994,88.82
58.34,0,131.87,0,0.5129,-41.87,2.47,1,0.1328,87.53,0.99,1,0.0945,89.01
58.45,0,130.52,0,0.5153,-40.52,2.12,1,0.1310,87.88,0.89,1,0.0870,89.11
58.56,0,128.03,0,0.5139,-38.03,1.67,1,0.1217,88.33,0.88,1,0.0775,89.12
58.67,0,126.81,0,0.5121,-36.81,1.53,1,0.1162,88.47,0.92,1,0.0742,89.08
58.78,0,125.52,0,0.5106,-35.52,1.47,1,0.1115,88.53,0.89,1,0.0720,89.11
58.89,0,122.80,0,0.5111,-32.80,1.25,1,0.1062,88.75,0.90,1,0.0656,89.10
58.99,0,121.48,0,0.5112,-31.48,1.09,1,0.1032,88.91,1.04,1,0.0616,88.96
59.11,0,120.22,0,0.5099,-30.22,1.01,1,0.0990,88.99,1.23,1,0.0588,88.77
59.22,0,117.60,0,0.5057,-27.60,1.17,1,0.0915,88.83,1.48,1,0.0574,88.52
59.32,0,116.19,0,0.5052,-26.19,1.24,1,0.0898,88.76,1.57,1,0.0561,88.43
59.42,0,114.78,0,0.5054,-24.78,1.25,1,0.0885,88.75,1.73,1,0.0535,88.27
59.53,0,113.43,0,0.5049,-23.43,1.26,1,0.0863,88.74,1.98,1,0.0508,88.02
59.63,0,110.77,0,0.5000,-20.77,1.57,1,0.0795,88.43,2.49,1,0.0497,87.51
59.75,0,109.36,0,0.4978,-19.36,1.81,1,0.0772,88.19,2.66,1,0.0497,87.34
59.86,0,107.88,0,0.4970,-17.88,2.01,1,0.0763,87.99,2.84,1,0.0485,87.16
59.97,0,105.00,0,0.4955,-15.00,2.27,1,0.0740,87.73,3.42,1,0.0438,86.58
60.07,0,103.62,0,0.4927,-13.62,2.49,1,0.0712,87.51,3.79,1,0.0427,86.21
60.17,0,102.20,0,0.4892,-12.20,2.81,1,0.0684,87.19,4.11,1,0.0427,85.89
60.28,0,100.70,0,0.4866,-10.70,3.16,1,0.0669,86.84,4.36,1,0.0423,85.64
60.39,0,97.62,0,0.4845,-7.62,3.63,1,0.0669,86.37,4.91,1,0.0380,85.09
60.49,0,96.16,0,0.4825,-6.16,3.83,1,0.0658,86.17,5.33,1,0.0358,84.67
60.59,0,94.72,0,0.4789,-4.72,4.11,1,0.0635,85.89,5.74,1,0.0351,84.26
60.70,0,93.25,0,0.4749,-3.25,4.48,1,0.0613,85.52,6.05,1,0.0353,83.95
60.81,0,90.09,0,0.4702,-0.09,5.13,1,0.0614,84.87,6.49,1,0.0330,83.51
60.91,0,88.53,0,0.4688,1.47,5.35,1,0.0618,84.65,6.82,1,0.0308,83.18
61.01,0,87.03,0,0.4660,2.97,5.59,1,0.0607,84.41,7.20,1,0.0299,82.80
61.12,0,85.57,0,0.4607,4.43,6.02,1,0.0576,83.98,7.48,1,0.0316,82.52
61.22,0,82.45,0,0.4540,7.55,6.74,1,0.0562,83.26,7.85,1,0.0316,82.15
61.32,0,80.83,0,0.4520,9.17,7.02,1,0.0569,82.98,8.01,1,0.0308,81.99
61.43,0,79.26,0,0.4500,10.74,7.23,1,0.0571,82.77,8.21,1,0.0311,81.79
61.53,0,77.76,0,0.4466,12.24,7.47,1,0.0558,82.53,8.39,1,0.0335,81.61
61.64,0,74.75,0,0.4370,15.25,8.17,1,0.0521,81.83,8.30,1,0.0402,81.70
61.75,0,73.14,0,0.4336,16.86,8.48,1,0.0523,81.52,8.07,1,0.0430,81.93
61.85,0,71.52,0,0.4314,18.48,8.67,1,0.0533,81.33,7.79,1,0.0459,82.21
61.97,0,68.48,0,0.4251,21.52,8.89,1,0.0529,81.11,7.15,1,0.0548,82.85
62.07,0,67.01,0,0.4199,22.99,8.98,1,0.0523,81.02,6.71,1,0.0604,83.29
62.17,0,65.48,0,0.4150,24.52,8.94,1,0.0541,81.06,6.11,1,0.0651,83.89
62.28,0,63.80,0,0.4133,26.20,8.57,1,0.0610,81.43,5.28,1,0.0662,84.72
62.38,0,60.76,0,0.4065,29.24,7.19,1,0.0729,82.81,3.53,1,0.0734,86.47
62.48,0,59.32,0,0.4022,30.68,6.34,1,0.0792,83.66,2.55,1,0.0785,87.45
62.60,0,57.87,0,0.3969,32.13,5.54,1,0.0872,84.46,1.42,1,0.0837,88.58
62.70,0,54.80,0,0.3887,35.20,3.78,1,0.1094,86.22,1.10,1,0.0901,88.90
62.82,0,53.24,0,0.3864,36.76,2.74,1,0.1196,87.26,2.23,1,0.0930,87.77
62.93,0,51.76,0,0.3835,38.24,1.74,1,0.1279,88.26,3.16,1,0.0970,86.84
63.03,0,48.96,0,0.3737,41.04,0.13,1,0.1435,89.87,4.73,1,0.1070,85.27
63.13,0,47.48,0,0.3690,42.52,0.57,1,0.1515,89.43,5.44,1,0.1106,84.56
63.25,0,45.87,0,0.3679,44.13,1.38,1,0.1607,88.62,6.04,1,0.1107,83.96
63.35,0,43.01,0,0.3609,46.99,2.68,1,0.1716,87.32,6.56,1,0.1162,83.44
63.45,0,41.66,0,0.3564,48.34,3.19,1,0.1757,86.81,6.61,1,0.1194,83.39
63.56,0,40.29,0,0.3512,49.71,3.59,1,0.1796,86.41,6.62,1,0.1228,83.38
63.67,0,37.35,0,0.3444,52.65,4.31,1,0.1893,85.69,6.41,1,0.1253,83.59
63.79,0,35.89,0,0.3425,54.11,4.67,1,0.1939,85.33,6.07,1,0.1252,83.93
63.90,0,33.20,0,0.3351,56.80,5.17,1,0.1985,84.83,4.92,1,0.1284,85.08
64.01,0,31.86,0,0.3302,58.14,5.25,1,0.2002,84.75,4.26,1,0.1310,85.74
64.11,0,30.33,0,0.3280,59.67,5.30,1,0.2052,84.70,3.66,1,0.1308,86.34
64.22,0,27.54,0,0.3227,62.46,5.36,1,0.2102,84.64,1.88,1,0.1321,88.12
64.33,0,26.21,0,0.3199,63.79,5.36,1,0.2112,84.64,0.84,1,0.1334,89.16
64.44,0,23.61,1,0.3110,66.39,4.94,1,0.2115,85.06,1.17,1,0.1401,88.83
64.54,0,22.21,1,0.3079,67.79,4.59,1,0.2141,85.41,2.06,1,0.1426,87.94
64.65,0,20.75,1,0.3063,69.25,4.26,1,0.2172,85.74,2.93,1,0.1438,87.07
64.76,0,19.35,1,0.3050,70.65,3.94,1,0.2185,86.06,3.85,1,0.1449,86.15
64.86,0,18.04,1,0.3023,71.96,3.99,1,0.2179,86.01,3.92,1,0.1444,86.08
64.97,0,18.04,1,0.3023,71.96,3.54,1,0.2178,86.46,4.77,1,0.1472,85.23
65.09,0,16.78,1,0.2982,73.22,3.01,1,0.2169,86.99,5.62,1,0.1506,84.38
65.21,0,15.46,1,0.2942,74.54,2.38,1,0.2175,87.62,6.35,1,0.1540,83.65
65.32,0,14.04,1,0.2918,75.96,1.76,1,0.2194,88.24,6.98,1,0.1556,83.02
65.43,0,12.59,1,0.2909,77.41,1.21,1,0.2210,88.79,7.61,1,0.1555,82.39
65.54,0,11.20,1,0.2899,78.80,0.68,1,0.2210,89.32,8.30,1,0.1550,81.70
65.64,0,9.90,1,0.2874,80.10,0.07,1,0.2195,89.93,9.00,1,0.1558,81.00
65.74,0,9.90,1,0.2874,80.10,0.07,1,0.2195,89.93,9.00,1,0.1558,81.00
65.85,0,8.64,1,0.2836,81.36,0.66,1,0.2181,89.34,9.61,1,0.1581,80.39
65.95,0,8.64,1,0.2836,81.36,0.66,1,0.2181,89.34,9.61,1,0.1581,80.39
66.07,0,7.30,1,0.2802,82.70,1.44,1,0.2179,88.56,10.07,1,0.1603,79.93
66.17,0,7.30,1,0.2802,82.70,1.44,1,0.2179,88.56,10.07,1,0.1603,79.93
66.27,0,7.30,1,0.2802,82.70,1.44,1,0.2179,88.56,10.07,1,0.1603,79.93
66.38,0,5.87,1,0.2786,84.13,2.18,1,0.2186,87.82,10.43,1,0.1609,79.57
66.48,0,5.87,1,0.2786,84.13,2.18,1,0.2186,87.82,10.43,1,0.1609,79.57
66.58,0,4.41,1,0.2784,85.59,2.87,1,0.2190,87.13,10.76,1,0.1602,79.24
66.70,0,4.41,1,0.2784,85.59,2.87,1,0.2190,87.13,10.76,1,0.1602,79.24
66.80,0,3.01,1,0.2777,86.99,3.53,1,0.2182,86.47,11.12,1,0.1599,78.88
66.90,0,3.01,1,0.2777,86.99,3.53,1,0.2182,86.47,11.12,1,0.1599,78.88
67.01,0,1.71,1,0.2755,88.29,4.27,1,0.2162,85.73,11.45,1,0.1612,78.55
67.11,0,1.71,1,0.2755,88.29,4.27,1,0.2162,85.73,11.45,1,0.1612,78.55
67.23,0,0.43,1,0.2721,89.57,5.08,1,0.2142,84.92,11.65,1,0.1641,78.35
67.33,0,0.43,1,0.2721,89.57,5.08,1,0.2142,84.92,11.65,1,0.1641,78.35
67.45,0,0.94,1,0.2696,89.06,5.91,1,0.2129,84.09,11.68,1,0.1667,78.32
67.55,0,0.94,1,0.2696,89.06,5.91,1,0.2129,84.09,11.68,1,0.1667,78.32
67.66,0,2.40,1,0.2689,87.60,6.69,1,0.2126,83.31,11.61,1,0.1679,78.39
67.78,0,2.40,1,0.2689,87.60,6.69,1,0.2126,83.31,11.61,1,0.1679,78.39
67.90,0,3.89,1,0.2693,86.11,7.35,1,0.2122,82.65,11.52,1,0.1678,78.48
68.00,0,5.30,1,0.2690,84.70,7.91,1,0.2106,82.09,11.46,1,0.1678,78.54
68.11,0,5.30,1,0.2690,84.70,7.91,1,0.2106,82.09,11.46,0,0.1678,78.54
68.21,0,6.62,1,0.2671,83.38,8.46,1,0.2080,81.54,11.34,1,0.1693,78.66
68.33,0,7.94,1,0.2644,82.06,9.02,1,0.2051,80.98,11.05,1,0.1720,78.95
68.43,0,7.94,1,0.2644,82.06,9.02,1,0.2051,80.98,11.05,1,0.1720,78.95
68.54,0,9.35,1,0.2628,80.65,9.57,1,0.2029,80.43,10.56,1,0.1740,79.44
68.64,0,9.35,1,0.2628,80.65,9.57,1,0.2029,80.43,10.56,1,0.1740,79.44
68.75,0,10.87,1,0.2631,79.13,9.99,1,0.2019,80.01,9.90,1,0.1740,80.10
68.85,0,12.39,1,0.2642,77.61,9.92,1,0.2037,80.08,9.86,1,0.1720,80.14
68.96,0,12.39,1,0.2642,77.61,10.19,1,0.2009,79.81,9.21,1,0.1727,80.79
69.08,0,13.84,1,0.2644,76.16,10.18,1,0.1984,79.82,8.55,1,0.1721,81.45
69.18,0,13.84,1,0.2644,76.16,10.18,1,0.1984,79.82,8.55,1,0.1721,81.45
69.30,0,15.20,1,0.2629,74.80,10.01,1,0.1945,79.99,7.88,1,0.1732,82.12
69.41,0,16.57,1,0.2610,73.43,9.80,1,0.1910,80.20,7.11,1,0.1750,82.89
69.52,0,16.57,1,0.2610,73.43,9.80,1,0.1910,80.20,7.11,1,0.1750,82.89
69.63,0,18.05,1,0.2604,71.95,9.49,1,0.1889,80.51,6.24,1,0.1761,83.76
69.74,0,19.63,0,0.2618,70.37,9.01,1,0.1879,80.99,5.36,1,0.1755,84.64
69.85,0,21.19,0,0.2637,68.81,8.93,1,0.1895,81.07,5.33,1,0.1734,84.67
69.96,0,21.19,0,0.2637,68.81,8.35,1,0.1862,81.65,4.55,1,0.1741,85.45
70.06,0,22.57,0,0.2643,67.43,7.59,1,0.1830,82.41,3.85,1,0.1735,86.15
70.18,0,23.68,0,0.2634,66.32,6.86,1,0.1790,83.14,3.17,1,0.1746,86.83
70.29,0,23.68,0,0.2634,66.32,6.86,1,0.1790,83.14,3.17,1,0.1746,86.83
70.41,0,24.62,0,0.2622,65.38,6.17,1,0.1757,83.83,2.44,1,0.1763,87.56
70.53,0,25.63,0,0.2626,64.37,5.44,1,0.1737,84.56,1.65,1,0.1770,88.35
70.63,0,25.63,0,0.2626,64.37,5.44,1,0.1737,84.56,1.65,1,0.1770,88.35
70.74,0,26.73,0,0.2647,63.27,4.61,1,0.1726,85.39,0.89,1,0.1760,89.11
70.84,0,27.81,0,0.2673,62.19,3.62,1,0.1708,86.38,0.30,1,0.1734,89.70
70.95,0,29.76,0,0.2669,60.24,2.02,1,0.1642,87.98,0.78,1,0.1741,89.22
71.06,0,30.76,0,0.2663,59.24,1.33,1,0.1607,88.67,1.30,1,0.1752,88.70
71.17,0,33.11,0,0.2701,56.89,0.02,1,0.1572,89.98,2.28,1,0.1720,87.72
71.29,0,34.32,0,0.2727,55.68,0.73,1,0.1555,89.27,2.58,1,0.1686,87.42
71.40,0,36.51,0,0.2733,53.49,1.84,1,0.1473,88.16,2.85,1,0.1655,87.15
71.52,0,37.65,0,0.2734,52.35,2.18,1,0.1430,87.82,2.96,1,0.1643,87.04
71.62,0,38.92,0,0.2754,51.08,2.47,1,0.1402,87.53,3.08,1,0.1617,86.92
71.73,0,41.62,0,0.2817,48.38,3.04,1,0.1354,86.96,3.02,1,0.1532,86.98
71.85,0,42.86,0,0.2830,47.14,3.22,1,0.1306,86.78,2.79,1,0.1501,87.21
71.96,0,45.35,0,0.2842,44.65,3.09,1,0.1193,86.91,2.29,1,0.1464,87.71
72.06,0,46.78,0,0.2871,43.22,2.90,1,0.1155,87.10,2.06,1,0.1431,87.94
72.18,0,48.36,0,0.2926,41.64,2.84,1,0.1139,87.16,1.75,1,0.1364,88.25
72.28,0,51.12,0,0.2962,38.88,2.29,1,0.1028,87.71,0.82,1,0.1297,89.18
72.40,0,52.47,0,0.2971,37.53,1.87,1,0.0963,88.13,0.28,1,0.1275,89.72
72.50,0,54.02,0,0.3005,35.98,1.32,1,0.0925,88.68,0.08,1,0.1247,89.92
72.61,0,57.16,0,0.3076,32.84,0.46,1,0.0851,89.54,1.11,1,0.1161,88.89
72.71,0,58.75,0,0.3113,31.25,0.08,1,0.0819,89.92,1.70,1,0.1110,88.30
72.81,0,60.26,0,0.3134,29.74,0.40,1,0.0775,89.60,2.35,1,0.1077,87.65
72.91,0,61.76,0,0.3149,28.24,1.09,1,0.0723,88.91,2.92,1,0.1069,87.08
73.01,0,65.13,0,0.3226,24.87,2.28,1,0.0674,87.72,4.00,1,0.0999,86.00
73.11,0,66.93,0,0.3278,23.07,2.80,1,0.0670,87.20,4.52,1,0.0949,85.48
73.23,0,68.66,0,0.3320,21.34,3.29,1,0.0662,86.71,5.12,1,0.0905,84.88
73.34,0,71.97,0,0.3368,18.03,4.46,1,0.0618,85.54,6.37,1,0.0868,83.63
73.45,0,73.75,0,0.3406,16.25,5.08,1,0.0612,84.92,6.86,1,0.0850,83.14
73.56,0,75.79,0,0.3481,14.21,5.51,1,0.0652,84.49,7.27,1,0.0793,82.73
73.66,0,79.44,0,0.3563,10.56,6.24,1,0.0677,83.76,8.37,1,0.0740,81.63
73.77,0,81.20,0,0.3593,8.80,6.55,1,0.0683,83.45,8.90,1,0.0730,81.10
73.87,0,82.99,0,0.3622,7.01,6.88,1,0.0690,83.12,9.30,1,0.0732,80.70
73.97,0,86.91,0,0.3726,3.09,7.18,1,0.0728,82.82,9.43,1,0.0716,80.57
74.07,0,88.93,0,0.3787,1.07,7.38,1,0.0792,82.62,9.82,1,0.0696,80.18
74.18,0,90.84,0,0.3833,-0.84,7.36,1,0.0822,82.64,9.92,1,0.0694,80.08
74.28,0,92.68,0,0.3864,-2.68,7.38,1,0.0838,82.62,9.93,1,0.0715,80.07
74.39,0,96.53,0,0.3947,-6.53,7.55,1,0.0880,82.45,9.45,1,0.0770,80.55
74.50,0,98.61,0,0.4010,-8.61,7.53,1,0.0920,82.47,9.07,1,0.0779,80.93
74.61,0,100.65,0,0.4073,-10.65,7.32,1,0.0966,82.68,8.79,1,0.0774,81.21
74.72,0,104.45,0,0.4148,-14.45,7.18,1,0.0998,82.82,8.17,1,0.0835,81.83
74.82,0,106.35,0,0.4184,-16.35,7.18,1,0.1006,82.82,7.80,1,0.0870,82.20
74.93,0,108.50,0,0.4256,-18.50,7.17,1,0.1046,82.83,7.23,1,0.0876,82.77
75.05,0,112.46,0,0.4359,-22.46,6.97,1,0.1088,83.03,6.38,1,0.0898,83.62
75.17,0,114.28,0,0.4389,-24.28,6.82,1,0.1089,83.18,6.04,1,0.0917,83.96
75.29,0,118.08,0,0.4466,-28.08,6.69,1,0.1098,83.31,4.99,1,0.0970,85.01
75.41,0,120.20,0,0.4539,-30.20,6.56,1,0.1138,83.44,4.18,1,0.0984,85.82
75.51,0,124.04,0,0.4635,-34.04,5.95,1,0.1190,84.05,2.78,1,0.1040,87.22
75.62,0,125.86,0,0.4673,-35.86,5.53,1,0.1214,84.47,2.08,1,0.1084,87.92
75.74,0,129.45,0,0.4734,-39.45,4.74,1,0.1268,85.26,0.50,1,0.1233,89.50
75.85,0,131.36,0,0.4784,-41.36,4.27,1,0.1324,85.73,0.34,1,0.1296,89.66
75.96,0,133.35,0,0.4856,-43.35,3.59,1,0.1409,86.41,1.09,1,0.1323,88.91
76.08,0,136.85,0,0.4926,-46.85,2.46,1,0.1505,87.54,2.16,1,0.1443,87.84
76.19,0,138.52,0,0.4945,-48.52,2.04,1,0.1538,87.96,2.61,1,0.1523,87.39
76.30,0,142.06,0,0.5027,-52.06,1.13,1,0.1648,88.87,3.30,1,0.1616,86.70
76.42,0,143.87,0,0.5082,-53.87,0.67,1,0.1711,89.33,3.54,1,0.1637,86.46
76.52,0,147.16,0,0.5153,-57.16,0.21,1,0.1796,89.79,3.57,1,0.1686,86.43
76.64,0,148.72,0,0.5171,-58.72,0.49,1,0.1819,89.51,3.47,1,0.1727,86.53
76.75,0,152.05,0,0.5244,-62.05,0.90,1,0.1892,89.10,3.26,1,0.1779,86.74
76.87,0,153.73,0,0.5294,-63.73,1.17,1,0.1941,88.83,3.04,1,0.1780,86.96
76.98,0,156.76,0,0.5352,-66.76,1.65,1,0.1994,88.35,2.21,1,0.1801,87.79
77.10,0,158.22,0,0.5366,-68.22,1.72,1,0.2004,88.28,1.72,1,0.1832,88.28
77.20,0,161.33,0,0.5433,-71.33,1.76,1,0.2057,88.24,0.79,1,0.1870,89.21
77.32,0,162.89,0,0.5478,-72.89,1.86,1,0.2094,88.14,0.24,1,0.1871,89.76
77.43,0,165.70,0,0.5525,-75.70,1.94,1,0.2123,88.06,1.12,1,0.1905,88.88
77.54,0,167.06,0,0.5535,-77.06,1.80,1,0.2123,88.20,1.77,1,0.1946,88.23
77.65,0,170.01,0,0.5597,-80.01,1.42,1,0.2168,88.58,2.83,1,0.2006,87.17
77.76,0,171.46,0,0.5637,-81.46,1.27,1,0.2200,88.73,3.36,1,0.2021,86.64
77.87,0,174.09,0,0.5673,-84.09,0.80,1,0.2219,89.20,4.43,1,0.2087,85.57
77.98,0,175.38,0,0.5681,-85.38,0.38,1,0.2223,89.62,4.83,1,0.2142,85.17
78.09,0,178.18,0,0.5738,-88.18,0.49,1,0.2276,89.51,5.25,1,0.2223,84.75
78.20,0,179.56,0,0.5774,-89.56,0.87,1,0.2307,89.13,5.42,1,0.2248,84.58
78.31,0,177.96,0,0.5800,-87.96,1.74,1,0.2331,88.26,5.70,1,0.2333,84.30
78.42,0,176.72,0,0.5805,-86.72,2.29,1,0.2339,87.71,5.70,1,0.2393,84.30
78.53,0,174.03,0,0.5858,-84.03,3.32,1,0.2402,86.68,5.40,1,0.2474,84.60
78.64,0,172.72,0,0.5890,-82.72,3.71,1,0.2438,86.29,5.26,1,0.2497,84.74
78.75,0,170.34,0,0.5906,-80.34,4.52,1,0.2472,85.48,5.04,1,0.2573,84.96
78.86,0,169.13,0,0.5909,-79.13,4.99,1,0.2489,85.01,4.83,1,0.2625,85.17
78.96,0,166.51,0,0.5958,-76.51,5.73,1,0.2569,84.27,4.25,1,0.2686,85.75
79.07,0,165.25,0,0.5986,-75.25,5.95,1,0.2609,84.05,4.01,1,0.2701,85.99
79.18,0,162.94,0,0.5994,-72.94,6.49,1,0.2641,83.51,3.63,1,0.2769,86.37
79.28,0,161.75,0,0.5995,-71.75,6.85,1,0.2656,83.15,3.36,1,0.2816,86.64
79.39,0,159.17,0,0.6041,-69.17,7.44,1,0.2726,82.56,2.72,1,0.2867,87.28
79.49,0,157.94,0,0.6064,-67.94,7.63,1,0.2753,82.37,2.47,1,0.2881,87.53
79.60,0,155.67,0,0.6065,-65.67,8.12,1,0.2765,81.88,2.10,1,0.2950,87.90
79.70,0,154.48,0,0.6064,-64.48,8.43,1,0.2776,81.57,1.84,1,0.2996,88.16
79.81,0,151.92,0,0.6105,-61.92,8.77,1,0.2842,81.23,1.27,1,0.3045,88.73
79.92,0,150.71,0,0.6124,-60.71,8.77,1,0.2870,81.23,1.10,1,0.3060,88.90
80.02,0,148.45,0,0.6116,-58.45,8.86,1,0.2888,81.14,0.88,1,0.3138,89.12
80.13,0,147.26,0,0.6113,-57.26,8.94,1,0.2909,81.06,0.73,1,0.3184,89.27
80.24,0,144.71,0,0.6150,-54.71,8.77,1,0.2994,81.23,0.44,1,0.3232,89.56
80.36,0,142.37,0,0.6160,-52.37,8.23,1,0.3049,81.77,0.46,1,0.3284,89.54
80.47,0,141.23,0,0.6147,-51.23,7.97,1,0.3072,82.03,0.50,1,0.3331,89.50
80.58,0,138.73,0,0.6154,-48.73,7.37,1,0.3154,82.63,0.47,1,0.3404,89.53
80.70,0,136.24,0,0.6181,-46.24,6.52,1,0.3240,83.48,0.64,1,0.3434,89.36
80.81,0,135.10,0,0.6173,-45.10,6.14,1,0.3263,83.86,0.82,1,0.3466,89.18
80.92,0,132.69,0,0.6149,-42.69,5.56,1,0.3307,84.44,1.08,1,0.3545,88.92
81.04,0,130.08,0,0.6175,-40.08,4.88,1,0.3389,85.12,1.33,1,0.3569,88.67
81.15,0,128.86,0,0.6178,-38.86,4.52,1,0.3416,85.48,1.56,1,0.3579,88.44
81.25,0,126.49,0,0.6143,-36.49,4.01,1,0.3435,85.99,2.03,1,0.3642,87.97
81.36,0,125.11,0,0.6150,-35.11,3.84,1,0.3472,86.16,2.11,1,0.3663,87.89
81.48,0,122.54,0,0.6152,-32.54,3.39,1,0.3522,86.61,2.51,1,0.3688,87.49
81.58,0,120.09,0,0.6129,-30.09,2.99,1,0.3537,87.01,3.01,1,0.3728,86.99
81.69,0,118.84,0,0.6105,-28.84,2.94,1,0.3536,87.06,3.19,1,0.3765,86.81
81.80,0,116.11,0,0.6097,-26.11,2.84,1,0.3584,87.16,3.40,1,0.3808,86.60
81.91,0,113.47,0,0.6093,-23.47,2.63,1,0.3611,87.37,3.71,1,0.3829,86.29
82.03,0,112.23,0,0.6055,-22.23,2.70,1,0.3595,87.30,3.85,1,0.3876,86.15
82.13,0,109.51,0,0.6024,-19.51,2.85,1,0.3614,87.15,3.92,1,0.3936,86.08
82.25,0,106.65,0,0.6023,-16.65,2.92,1,0.3651,87.08,3.91,1,0.3963,86.09
82.36,0,105.31,0,0.6006,-15.31,2.99,1,0.3647,87.01,3.95,1,0.3986,86.05
82.46,0,102.61,0,0.5940,-12.61,3.38,1,0.3631,86.62,3.88,1,0.4073,86.12
82.58,0,99.62,0,0.5916,-9.62,3.71,1,0.3665,86.29,3.60,1,0.4123,86.40
82.69,0,98.15,0,0.5909,-8.15,3.81,1,0.3673,86.19,3.52,1,0.4136,86.48
82.80,0,95.35,0,0.5845,-5.35,4.18,1,0.3660,85.82,3.41,1,0.4202,86.59
82.91,0,92.34,0,0.5784,-2.34,4.64,1,0.3678,85.36,3.13,1,0.4266,86.87
83.02,0,90.76,0,0.5773,-0.76,4.76,1,0.3700,85.24,3.02,1,0.4272,86.98
83.13,0,87.78,0,0.5726,2.22,4.96,1,0.3715,85.04,2.99,1,0.4295,87.01
83.24,0,84.80,0,0.5638,5.20,5.32,1,0.3725,84.68,2.90,1,0.4355,87.10
83.34,0,83.20,0,0.5611,6.80,5.44,1,0.3752,84.56,2.80,1,0.4370,87.20
83.45,0,80.04,0,0.5574,9.96,5.45,1,0.3804,84.55,2.72,1,0.4376,87.28
83.56,0,77.07,0,0.5484,12.93,5.51,1,0.3820,84.49,2.72,1,0.4429,87.28
83.67,0,75.52,0,0.5438,14.48,5.59,1,0.3838,84.41,2.64,1,0.4461,87.36
83.78,0,72.27,0,0.5389,17.73,5.63,1,0.3902,84.37,2.45,1,0.4485,87.55
83.89,0,69.23,0,0.5318,20.77,5.60,1,0.3926,84.40,2.43,1,0.4522,87.57
84.00,0,67.73,0,0.5263,22.27,5.70,1,0.3928,84.30,2.40,1,0.4561,87.60
84.10,0,64.54,0,0.5186,25.46,5.90,1,0.3970,84.10,2.20,1,0.4612,87.80
84.21,0,61.39,0,0.5133,28.61,5.90,1,0.4007,84.10,2.17,1,0.4628,87.83
84.32,0,59.92,0,0.5085,30.08,5.96,1,0.4006,84.04,2.20,1,0.4654,87.80
84.44,0,56.88,0,0.4983,33.12,6.25,1,0.4015,83.75,2.15,1,0.4716,87.85
84.54,0,53.68,0,0.4932,36.32,6.36,1,0.4060,83.64,2.14,1,0.4721,87.86
84.64,0,52.19,0,0.4898,37.81,6.39,1,0.4066,83.61,2.24,1,0.4726,87.76
84.75,0,49.29,0,0.4792,40.71,6.64,1,0.4052,83.36,2.43,1,0.4774,87.57
84.85,0,46.18,0,0.4722,43.82,6.86,1,0.4084,83.14,2.53,1,0.4785,87.47
84.96,0,44.64,0,0.4700,45.36,6.88,1,0.4101,83.12,2.65,1,0.4777,87.35
85.07,0,41.80,0,0.4615,48.20,7.01,1,0.4089,82.99,3.04,1,0.4793,86.96
85.17,0,38.87,0,0.4523,51.13,7.27,1,0.4094,82.73,3.25,1,0.4826,86.75
85.28,0,37.33,0,0.4500,52.67,7.31,1,0.4114,82.69,3.33,1,0.4824,86.67
85.38,0,34.45,0,0.4445,55.55,7.30,1,0.4124,82.70,3.58,1,0.4832,86.42
85.49,0,31.70,0,0.4347,58.30,7.46,1,0.4107,82.54,3.70,1,0.4896,86.30
85.60,0,30.23,0,0.4314,59.77,7.53,1,0.4120,82.47,3.65,1,0.4922,86.35
85.70,0,27.28,0,0.4278,62.72,7.44,1,0.4151,82.56,3.56,1,0.4948,86.44
85.81,0,24.61,0,0.4198,65.39,7.40,1,0.4137,82.60,3.53,1,0.5014,86.47
85.92,0,23.24,0,0.4154,66.76,7.41,1,0.4140,82.59,3.43,1,0.5055,86.57
86.03,0,20.31,0,0.4115,69.69,7.17,1,0.4189,82.83,3.22,1,0.5089,86.78
86.13,0,17.58,0,0.4067,72.42,6.77,1,0.4207,83.23,3.27,1,0.5111,86.73
86.24,0,16.28,0,0.4024,73.72,6.64,1,0.4210,83.36,3.32,1,0.5138,86.68
86.34,0,13.47,0,0.3967,76.53,6.36,1,0.4252,83.64,3.32,1,0.5171,86.68
86.45,0,10.63,0,0.3946,79.37,5.89,1,0.4297,84.11,3.49,1,0.5156,86.51
86.55,0,9.33,0,0.3916,80.67,5.70,1,0.4304,84.30,3.66,1,0.5161,86.34
86.66,0,6.66,0,0.3847,83.34,5.49,1,0.4319,84.51,3.92,1,0.5193,86.08
86.77,0,3.75,0,0.3833,86.25,5.18,1,0.4368,84.82,4.16,1,0.5173,85.84
86.88,0,2.44,0,0.3817,87.56,4.98,1,0.4375,85.02,4.42,1,0.5162,85.58
86.98,0,0.23,0,0.3761,89.77,4.83,1,0.4381,85.17,4.75,1,0.5186,85.25
87.08,0,3.09,0,0.3735,86.91,4.77,1,0.4411,85.23,4.84,1,0.5204,85.16
87.19,0,4.56,0,0.3746,85.44,4.61,1,0.4438,85.39,4.90,1,0.5187,85.10
87.30,0,7.25,0,0.3706,82.75,4.54,1,0.4438,85.46,4.90,1,0.5236,85.10
87.42,0,10.02,0,0.3666,79.98,4.68,1,0.4437,85.32,4.59,1,0.5314,85.41
87.52,0,13.02,0,0.3679,76.98,4.70,1,0.4481,85.30,4.13,1,0.5353,85.87
87.62,0,14.42,0,0.3674,75.58,4.68,1,0.4480,85.32,3.94,1,0.5379,86.06
87.73,0,17.15,0,0.3635,72.85,4.91,1,0.4456,85.09,3.49,1,0.5468,86.51
87.83,0,20.20,0,0.3645,69.80,5.16,1,0.4488,84.84,2.95,1,0.5520,87.05
87.94,0,21.72,0,0.3659,68.28,5.20,1,0.4499,84.80,2.78,1,0.5528,87.22
88.05,0,24.56,0,0.3644,65.44,5.44,1,0.4475,84.56,2.58,1,0.5569,87.42
88.16,0,27.57,0,0.3642,62.43,5.87,1,0.4479,84.13,2.33,1,0.5617,87.67
88.27,0,30.77,0,0.3682,59.23,6.09,1,0.4500,83.91,2.20,1,0.5610,87.80
88.38,0,32.18,0,0.3673,57.82,6.25,1,0.4477,83.75,2.28,1,0.5622,87.72
88.49,0,35.26,0,0.3678,54.74,6.67,1,0.4468,83.33,2.33,1,0.5648,87.67
88.60,0,38.60,0,0.3727,51.40,7.00,1,0.4490,83.00,2.38,1,0.5642,87.62
88.71,0,41.80,0,0.3759,48.20,7.23,1,0.4483,82.77,2.68,1,0.5624,87.32
88.82,0,43.35,0,0.3756,46.65,7.47,1,0.4468,82.53,2.81,1,0.5650,87.19
88.94,0,46.74,0,0.3799,43.26,7.73,1,0.4480,82.27,3.02,1,0.5655,86.98
89.04,0,50.24,0,0.3867,39.76,7.79,1,0.4502,82.21,3.32,1,0.5624,86.68
89.15,0,53.53,0,0.3890,36.47,7.91,1,0.4486,82.09,3.70,1,0.5649,86.30
89.25,0,55.29,0,0.3911,34.71,8.01,1,0.4490,81.99,3.79,1,0.5666,86.21
89.35,0,59.04,0,0.3995,30.96,8.01,1,0.4526,81.99,3.93,1,0.5658,86.07
89.45,0,62.60,0,0.4049,27.40,7.86,1,0.4528,82.14,4.18,1,0.5670,85.82
89.56,0,64.37,0,0.4067,25.63,7.87,1,0.4522,82.13,4.26,1,0.5697,85.74
89.66,0,68.25,0,0.4148,21.75,7.83,1,0.4548,82.17,4.22,1,0.5729,85.78
89.76,0,72.17,0,0.4239,17.83,7.54,1,0.4574,82.46,4.22,1,0.5737,85.78
89.87,0,74.03,0,0.4265,15.97,7.43,1,0.4568,82.57,4.23,1,0.5761,85.77
89.98,0,77.98,0,0.4334,12.02,7.34,1,0.4570,82.66,4.06,1,0.5824,85.94
90.08,0,82.20,0,0.4449,7.80,7.05,1,0.4610,82.95,3.88,1,0.5835,86.12
90.18,0,84.22,0,0.4492,5.78,6.87,1,0.4615,83.13,3.89,1,0.5841,86.11
90.28,0,88.20,0,0.4556,1.80,6.67,1,0.4600,83.33,3.94,1,0.5886,86.06
90.39,0,92.52,0,0.4670,-2.52,6.48,1,0.4632,83.52,3.91,1,0.5900,86.09
90.49,0,94.67,0,0.4730,-4.67,6.29,1,0.4649,83.71,3.96,1,0.5889,86.04
90.59,0,98.73,0,0.4808,-8.73,6.02,1,0.4639,83.98,4.21,1,0.5895,85.79
90.69,0,102.96,0,0.4902,-12.96,5.94,1,0.4645,84.06,4.37,1,0.5918,85.63
90.80,0,105.23,0,0.4982,-15.23,5.76,1,0.4679,84.24,4.45,1,0.5887,85.55
90.91,0,109.33,0,0.5072,-19.33,5.57,1,0.4677,84.43,4.79,1,0.5881,85.21
91.01,0,113.38,0,0.5147,-23.38,5.55,1,0.4658,84.45,5.06,1,0.5908,84.94
91.12,0,115.63,0,0.5224,-25.63,5.52,1,0.4690,84.48,5.05,1,0.5899,84.95
91.24,0,119.73,0,0.5326,-29.73,5.41,1,0.4699,84.59,5.18,1,0.5896,84.82
91.35,0,123.60,0,0.5398,-33.60,5.38,1,0.4677,84.62,5.23,1,0.5927,84.77
91.46,0,127.65,0,0.5496,-37.65,5.52,1,0.4685,84.48,4.94,1,0.5976,85.06
91.57,0,131.63,0,0.5610,-41.63,5.50,1,0.4707,84.50,4.59,1,0.5990,85.41
91.67,0,133.46,0,0.5645,-43.46,5.52,1,0.4696,84.48,4.43,1,0.6013,85.57
91.77,0,137.16,0,0.5712,-47.16,5.76,1,0.4677,84.24,3.92,1,0.6091,86.08
91.89,0,141.01,0,0.5824,-51.01,5.93,1,0.4703,84.07,3.36,1,0.6120,86.64
91.99,0,144.49,0,0.5898,-54.49,6.04,1,0.4691,83.96,3.06,1,0.6148,86.94
92.10,0,146.18,0,0.5922,-56.18,6.19,1,0.4675,83.81,2.92,1,0.6177,87.08
92.20,0,149.74,0,0.6009,-59.74,6.51,1,0.4683,83.49,2.59,1,0.6210,87.41
92.30,0,153.13,0,0.6099,-63.13,6.65,1,0.4694,83.35,2.45,1,0.6200,87.55
92.41,0,154.65,0,0.6111,-64.65,6.80,1,0.4669,83.20,2.47,1,0.6222,87.53
92.53,0,157.90,0,0.6175,-67.90,7.10,1,0.4666,82.90,2.44,1,0.6243,87.56
92.65,0,161.18,0,0.6269,-71.18,7.21,1,0.4697,82.79,2.45,1,0.6225,87.55
92.76,0,164.12,0,0.6318,-74.12,7.28,1,0.4685,82.72,2.71,1,0.6216,87.29
92.87,0,167.11,0,0.6365,-77.11,7.52,1,0.4683,82.48,2.93,1,0.6236,87.07
92.98,0,170.16,0,0.6450,-80.16,7.56,1,0.4714,82.44,3.20,1,0.6203,86.80
93.08,0,171.48,0,0.6464,-81.48,7.54,1,0.4700,82.46,3.49,1,0.6192,86.51
93.18,0,174.25,0,0.6500,-84.25,7.66,1,0.4693,82.34,3.92,1,0.6200,86.08
93.30,0,177.16,0,0.6568,-87.16,7.73,1,0.4718,82.27,4.28,1,0.6186,85.72
93.42,0,179.84,0,0.6624,-89.84,7.60,1,0.4729,82.40,4.75,1,0.6157,85.25
93.52,0,177.59,0,0.6641,-87.59,7.62,1,0.4711,82.38,5.05,1,0.6191,84.95
93.63,0,176.21,0,0.6668,-86.21,7.63,1,0.4720,82.37,5.06,1,0.6205,84.94
93.73,0,173.51,1,0.6736,-83.51,7.45,1,0.4753,82.55,5.03,1,0.6206,84.97
93.85,0,172.28,1,0.6751,-82.28,7.34,1,0.4750,82.66,5.03,1,0.6218,84.97
93.95,0,170.02,1,0.6756,-80.02,7.28,1,0.4732,82.72,4.94,1,0.6275,85.06
94.06,0,169.17,1,0.6768,-79.17,7.24,1,0.4745,82.76,4.83,1,0.6290,85.17
94.18,0,168.74,1,0.6778,-78.74,7.10,1,0.4761,82.90,4.70,1,0.6283,85.30
94.30,0,168.88,1,0.6763,-78.88,6.83,1,0.4759,83.17,4.56,1,0.6260,85.44
94.41,0,169.63,1,0.6715,-79.63,6.47,1,0.4732,83.53,4.37,1,0.6237,85.63
94.52,0,170.98,1,0.6643,-80.98,6.04,1,0.4692,83.96,4.08,1,0.6215,85.92
94.64,0,172.91,1,0.6559,-82.91,5.50,1,0.4655,84.50,3.66,1,0.6173,86.34
94.76,0,175.37,1,0.6472,-85.37,4.79,1,0.4618,85.21,3.12,1,0.6093,86.88
94.86,0,178.38,1,0.6374,-88.38,4.75,1,0.4638,85.25,3.08,1,0.6076,86.92
94.98,0,178.38,1,0.6374,-88.38,3.89,1,0.4561,86.11,2.55,1,0.5976,87.45
95.08,0,178.02,1,0.6251,-88.02,2.87,1,0.4470,87.13,2.01,1,0.5838,87.99
95.20,0,173.83,1,0.6095,-83.83,1.85,1,0.4351,88.15,1.49,1,0.5697,88.51
95.30,0,169.15,1,0.5917,-79.15,0.93,1,0.4223,89.07,0.96,1,0.5551,89.04
95.41,0,164.07,1,0.5733,-74.07,0.10,1,0.4096,89.90,0.42,1,0.5387,89.58
95.53,0,158.63,1,0.5550,-68.63,0.69,1,0.3970,89.31,0.08,1,0.5197,89.92
95.63,0,152.78,1,0.5354,-62.78,1.44,1,0.3840,88.56,0.46,1,0.4985,89.54
95.73,0,146.46,1,0.5129,-56.46,2.08,1,0.3700,87.92,0.67,1,0.4774,89.33
95.84,0,139.68,1,0.4869,-49.68,2.54,1,0.3556,87.46,0.76,1,0.4587,89.24
95.96,0,132.51,1,0.4586,-42.51,2.81,1,0.3413,87.19,0.81,1,0.4421,89.19
96.06,0,125.05,1,0.4300,-35.05,2.93,1,0.3282,87.07,0.84,1,0.4255,89.16
96.16,0,117.25,0,0.4015,-27.25,2.98,1,0.3168,87.02,0.82,1,0.4080,89.18
96.27,0,108.92,0,0.3707,-18.92,2.98,1,0.3058,87.02,0.69,1,0.3907,89.31
96.38,0,108.94,0,0.3708,-18.94,3.06,1,0.3063,86.94,0.65,1,0.3892,89.35
96.49,0,99.95,0,0.3367,-9.95,2.89,1,0.2941,87.11,0.43,1,0.3757,89.57
96.60,0,90.38,0,0.3005,-0.38,2.65,1,0.2817,87.35,0.12,1,0.3636,89.88
96.72,0,80.36,0,0.2645,9.64,2.26,1,0.2698,87.74,0.17,1,0.3533,89.83
96.83,0,70.88,0,0.2345,19.12,1.81,1,0.2595,88.19,0.42,1,0.3425,89.58
96.93,0,71.03,0,0.2363,18.97,1.80,1,0.2614,88.20,0.34,1,0.3417,89.66
97.05,0,62.76,0,0.2113,27.24,1.37,1,0.2511,88.63,0.66,1,0.3299,89.34
97.16,0,55.46,0,0.1893,34.54,0.97,1,0.2430,89.03,0.96,1,0.3165,89.04
97.28,0,48.84,0,0.1684,41.16,0.53,1,0.2339,89.47,1.31,1,0.3039,88.69
97.40,0,37.87,0,0.1390,52.13,0.66,1,0.2137,89.34,1.93,1,0.2823,88.07
97.51,0,33.50,0,0.1306,56.50,1.32,1,0.2048,88.68,2.08,1,0.2708,87.92
97.61,0,29.69,0,0.1225,60.31,1.82,1,0.1988,88.18,2.17,1,0.2557,87.83
97.72,0,22.00,0,0.1017,68.00,2.88,1,0.1813,87.12,2.47,1,0.2305,87.53
97.82,0,18.50,0,0.0927,71.50,3.42,1,0.1722,86.58,2.60,1,0.2205,87.40
97.92,0,15.32,0,0.0861,74.68,4.02,1,0.1634,85.98,2.63,1,0.2120,87.37
98.02,0,12.53,0,0.0819,77.47,4.60,1,0.1585,85.40,2.49,1,0.2023,87.51
98.13,0,7.08,1,0.0678,82.92,5.56,1,0.1476,84.44,2.50,1,0.1845,87.50
98.23,0,4.55,1,0.0605,85.45,6.01,1,0.1425,83.99,2.56,1,0.1773,87.44
98.35,0,4.55,1,0.0605,85.45,6.01,1,0.1425,83.99,2.56,1,0.1773,87.44
98.47,0,2.09,1,0.0545,87.91,6.54,1,0.1363,83.46,2.61,1,0.1725,87.39
98.59,0,0.22,1,0.0501,89.78,7.12,1,0.1307,82.88,2.58,1,0.1690,87.42
98.69,0,2.32,1,0.0468,87.68,7.65,1,0.1271,82.35,2.50,1,0.1650,87.50
98.80,0,4.24,1,0.0432,85.76,7.62,1,0.1290,82.38,2.42,1,0.1638,87.58
98.92,0,4.24,1,0.0432,85.76,8.07,1,0.1251,81.93,2.43,1,0.1597,87.57
99.04,0,6.09,1,0.0390,83.91,8.39,1,0.1231,81.61,2.45,1,0.1538,87.55
99.15,0,7.92,1,0.0349,82.08,8.71,1,0.1196,81.29,2.51,1,0.1489,87.49
99.25,0,8.01,1,0.0339,81.99,8.73,1,0.1184,81.27,2.55,1,0.1497,87.45
99.36,0,9.73,1,0.0313,80.27,9.07,1,0.1151,80.93,2.53,1,0.1456,87.47
99.46,0,11.45,1,0.0291,78.55,9.44,1,0.1111,80.56,2.46,1,0.1428,87.54
99.57,0,11.45,1,0.0291,78.55,9.44,1,0.1111,80.56,2.46,1,0.1428,87.54
99.68,0,13.00,1,0.0285,77.00,9.70,1,0.1087,80.30,2.31,1,0.1388,87.69
99.79,0,14.38,1,0.0290,75.62,9.79,1,0.1077,80.21,2.17,1,0.1328,87.83
99.90,0,14.38,1,0.0290,75.62,9.79,1,0.1077,80.21,2.17,1,0.1328,87.83
100.01,0,15.71,1,0.0295,74.29,9.77,1,0.1065,80.23,2.11,1,0.1260,87.89
100.11,0,15.71,1,0.0295,74.29,9.77,1,0.1065,80.23,2.11,1,0.1260,87.89
100.23,0,17.10,1,0.0292,72.90,9.72,1,0.1038,80.28,2.09,1,0.1201,87.91
100.35,0,18.53,1,0.0284,71.47,9.70,1,0.0999,80.30,2.04,1,0.1158,87.96
100.46,0,18.53,1,0.0284,71.47,9.70,1,0.0999,80.30,2.04,1,0.1158,87.96
100.58,0,19.84,1,0.0286,70.16,9.69,1,0.0967,80.31,1.89,1,0.1120,88.11
100.68,0,20.95,1,0.0309,69.05,9.73,1,0.0975,80.27,1.79,1,0.1122,88.21
100.79,0,20.95,1,0.0309,69.05,9.57,1,0.0951,80.43,1.69,1,0.1069,88.31
100.91,0,21.95,1,0.0343,68.05,9.31,1,0.0949,80.69,1.54,1,0.1001,88.46
101.01,0,21.95,1,0.0343,68.05,9.31,1,0.0949,80.69,1.54,1,0.1001,88.46
101.12,0,22.98,1,0.0373,67.02,8.95,1,0.0942,81.05,1.48,1,0.0931,88.52
101.22,0,22.98,1,0.0373,67.02,8.95,1,0.0942,81.05,1.48,1,0.0931,88.52
101.32,0,24.06,1,0.0386,65.94,8.60,1,0.0921,81.40,1.49,1,0.0879,88.51
101.42,0,24.06,1,0.0386,65.94,8.60,1,0.0921,81.40,1.49,1,0.0879,88.51
101.53,0,25.14,1,0.0390,64.86,8.30,1,0.0890,81.70,1.46,1,0.0844,88.54
101.64,0,25.14,1,0.0390,64.86,8.30,1,0.0890,81.70,1.46,1,0.0844,88.54
101.74,0,26.11,1,0.0399,63.89,8.02,1,0.0866,81.98,1.36,1,0.0809,88.64
101.84,0,26.11,1,0.0399,63.89,8.02,1,0.0866,81.98,1.36,1,0.0809,88.64
101.95,0,26.93,1,0.0425,63.07,7.66,1,0.0863,82.34,1.23,1,0.0764,88.77
102.06,0,27.65,1,0.0462,62.35,7.59,1,0.0883,82.41,1.18,1,0.0750,88.82
102.17,0,27.65,1,0.0462,62.35,7.18,1,0.0872,82.82,1.18,1,0.0710,88.82
102.28,0,28.41,1,0.0493,61.59,6.67,1,0.0873,83.33,1.23,1,0.0659,88.77
102.39,0,28.41,1,0.0493,61.59,6.67,1,0.0873,83.33,1.23,1,0.0659,88.77
102.51,0,29.25,1,0.0507,60.75,6.22,1,0.0859,83.78,1.33,1,0.0622,88.67
102.61,0,29.25,1,0.0507,60.75,6.22,1,0.0859,83.78,1.33,1,0.0622,88.67
102.73,0,30.09,1,0.0509,59.91,5.85,1,0.0838,84.15,1.39,1,0.0598,88.61
102.83,0,30.09,1,0.0509,59.91,5.85,1,0.0838,84.15,1.39,1,0.0598,88.61
102.93,0,30.80,1,0.0516,59.20,5.45,1,0.0829,84.55,1.39,1,0.0578,88.61
103.03,0,31.36,1,0.0540,58.64,4.96,1,0.0838,85.04,1.29,1,0.0579,88.71
103.14,0,31.36,1,0.0540,58.64,4.96,1,0.0838,85.04,1.37,1,0.0549,88.63
103.25,0,31.88,1,0.0573,58.12,4.40,1,0.0853,85.60,1.43,1,0.0511,88.57
103.35,0,31.88,1,0.0573,58.12,4.40,1,0.0853,85.60,1.43,1,0.0511,88.57
103.45,0,32.45,1,0.0599,57.55,3.84,1,0.0859,86.16,1.59,1,0.0475,88.41
103.56,0,32.45,1,0.0599,57.55,3.84,1,0.0859,86.16,1.59,1,0.0475,88.41
103.68,0,33.07,0,0.0608,56.93,3.36,1,0.0851,86.64,1.79,1,0.0450,88.21
103.78,0,33.07,0,0.0608,56.93,3.36,1,0.0851,86.64,1.79,1,0.0450,88.21
103.89,0,33.68,0,0.0607,56.32,2.99,1,0.0837,87.01,1.95,1,0.0436,88.05
104.01,0,33.68,0,0.0607,56.32,2.99,1,0.0837,87.01,1.95,1,0.0436,88.05
104.11,0,33.68,0,0.0607,56.32,2.99,1,0.0837,87.01,1.95,1,0.0436,88.05
104.21,0,34.17,0,0.0610,55.83,2.65,1,0.0833,87.35,2.04,1,0.0427,87.96
104.32,0,34.17,0,0.0610,55.83,2.65,1,0.0833,87.35,2.04,1,0.0427,87.96
104.44,0,34.65,0,0.0620,55.35,2.26,1,0.0830,87.74,2.23,1,0.0408,87.77
104.55,0,34.65,0,0.0620,55.35,2.26,1,0.0830,87.74,2.23,1,0.0408,87.77
104.67,0,35.09,0,0.0629,54.91,1.90,1,0.0826,88.10,2.43,1,0.0392,87.57
104.78,0,35.49,0,0.0638,54.51,1.57,1,0.0823,88.43,2.64,1,0.0377,87.36
104.89,0,35.86,0,0.0646,54.14,1.25,1,0.0823,88.75,2.86,1,0.0360,87.14
105.01,0,36.52,0,0.0659,53.48,0.70,1,0.0820,89.30,3.30,1,0.0338,86.70
105.12,0,36.81,0,0.0665,53.19,0.49,1,0.0815,89.51,3.48,1,0.0344,86.52
105.23,0,37.06,0,0.0670,52.94,0.30,1,0.0810,89.70,3.58,1,0.0366,86.42
105.34,0,37.29,0,0.0674,52.71,0.15,1,0.0808,89.85,3.61,1,0.0401,86.39
105.46,0,37.40,0,0.0722,52.60,0.24,1,0.0869,89.76,3.33,1,0.0475,86.67
105.57,0,37.51,0,0.0721,52.49,0.21,1,0.0884,89.79,3.02,1,0.0557,86.98
105.69,0,37.51,0,0.0737,52.49,0.23,1,0.0915,89.77,2.68,1,0.0633,87.32
105.79,0,37.49,0,0.0766,52.51,0.38,1,0.0952,89.62,2.47,1,0.0684,87.53
105.90,0,37.69,0,0.0756,52.31,0.22,1,0.0992,89.78,1.98,1,0.0828,88.02
106.01,0,37.76,0,0.0741,52.24,0.02,1,0.1010,89.98,1.72,1,0.0901,88.28
106.13,0,37.70,0,0.0739,52.30,0.18,1,0.1037,89.82,1.42,1,0.0960,88.58
106.23,0,37.40,0,0.0769,52.60,0.21,1,0.1087,89.79,1.17,1,0.0976,88.83
106.34,0,37.33,0,0.0771,52.67,0.56,1,0.1121,89.44,0.95,1,0.1028,89.05
106.44,0,37.31,0,0.0756,52.69,0.82,1,0.1129,89.18,0.89,1,0.1056,89.11
106.55,0,37.23,0,0.0739,52.77,1.16,1,0.1135,88.84,0.76,1,0.1086,89.24
106.66,0,37.01,0,0.0736,52.99,1.49,1,0.1153,88.51,0.59,1,0.1099,89.41
106.77,0,36.44,0,0.0760,53.56,1.98,1,0.1208,88.02,0.48,1,0.1070,89.52
106.87,0,36.25,0,0.0755,53.75,2.27,1,0.1217,87.73,0.56,1,0.1062,89.44
106.98,0,36.10,0,0.0736,53.90,2.67,1,0.1212,87.33,0.64,1,0.1066,89.36
107.09,0,35.79,0,0.0723,54.21,3.17,1,0.1222,86.83,0.55,1,0.1073,89.45
107.19,0,35.08,0,0.0725,54.92,3.96,1,0.1250,86.04,0.69,1,0.1042,89.31
107.30,0,34.69,0,0.0731,55.31,4.29,1,0.1268,85.71,0.85,1,0.1018,89.15
107.42,0,34.39,0,0.0722,55.61,4.69,1,0.1266,85.31,1.08,1,0.1005,88.92
107.53,0,33.75,0,0.0679,56.25,5.77,1,0.1249,84.23,1.43,1,0.1007,88.57
107.64,0,33.25,0,0.0677,56.75,6.27,1,0.1265,83.73,1.56,1,0.0997,88.44
107.76,0,32.70,0,0.0686,57.30,6.68,1,0.1288,83.32,1.75,1,0.0974,88.25
107.88,0,31.79,0,0.0674,58.21,7.48,1,0.1291,82.52,2.38,1,0.0932,87.62
107.99,0,31.39,0,0.0648,58.61,8.00,1,0.1277,82.00,2.69,1,0.0930,87.31
108.10,0,30.90,0,0.0630,59.10,8.53,1,0.1277,81.47,2.92,1,0.0931,87.08
108.22,0,29.62,0,0.0639,60.38,9.26,1,0.1319,80.74,3.42,1,0.0893,86.58
108.32,0,29.02,0,0.0637,60.98,9.52,1,0.1328,80.48,3.79,1,0.0865,86.21
108.43,0,28.51,0,0.0618,61.49,9.83,1,0.1321,80.17,4.21,1,0.0850,85.79
108.53,0,27.99,0,0.0591,62.01,10.24,1,0.1317,79.76,4.49,1,0.0862,85.51
108.64,0,26.64,0,0.0583,63.36,10.62,1,0.1349,79.38,5.12,1,0.0837,84.88
108.75,0,25.88,0,0.0592,64.12,10.64,1,0.1376,79.36,5.46,1,0.0810,84.54
108.86,0,25.19,0,0.0587,64.81,10.61,1,0.1390,79.39,5.89,1,0.0783,84.11
108.96,0,23.97,0,0.0544,66.03,10.68,1,0.1381,79.32,6.31,1,0.0782,83.69
109.06,0,23.23,0,0.0539,66.77,10.60,1,0.1413,79.40,6.88,1,0.0768,83.12
109.17,0,22.38,0,0.0549,67.62,10.44,1,0.1449,79.56,7.01,1,0.0768,82.99
109.28,0,21.52,0,0.0559,68.48,10.09,1,0.1494,79.91,7.08,1,0.0773,82.92
109.38,0,20.82,0,0.0542,69.18,9.58,1,0.1520,80.42,7.13,1,0.0791,82.87
109.49,0,19.32,0,0.0521,70.68,8.30,1,0.1599,81.70,6.43,1,0.0907,83.57
109.59,0,18.46,0,0.0527,71.54,7.51,1,0.1665,82.49,5.76,1,0.0993,84.24
109.70,0,17.51,0,0.0545,72.49,6.56,1,0.1754,83.44,5.00,1,0.1075,85.00
109.80,0,16.56,0,0.0556,73.44,5.47,1,0.1842,84.53,4.25,1,0.1153,85.75
109.91,0,14.91,0,0.0541,75.09,3.34,1,0.1965,86.66,2.79,1,0.1336,87.21
110.02,0,14.08,0,0.0540,75.92,2.43,1,0.2028,87.57,1.98,1,0.1435,88.02
110.14,0,12.98,0,0.0577,77.02,1.51,1,0.2127,88.49,1.07,1,0.1508,88.93
110.24,0,11.03,0,0.0597,78.97,0.32,1,0.2256,89.68,0.24,1,0.1627,89.76
110.36,0,10.09,0,0.0597,79.91,1.18,1,0.2300,88.82,0.75,1,0.1674,89.25
110.47,0,9.26,0,0.0599,80.74,1.81,1,0.2332,88.19,1.27,1,0.1742,88.73
110.58,0,7.21,0,0.0641,82.79,3.13,1,0.2435,86.87,2.28,1,0.1822,87.72
110.68,0,6.05,0,0.0671,83.95,3.80,1,0.2492,86.20,2.73,1,0.1843,87.27
110.79,0,4.94,0,0.0687,85.06,4.45,1,0.2536,85.55,3.07,1,0.1855,86.93
110.90,0,2.95,0,0.0703,87.05,5.41,1,0.2584,84.59,3.55,1,0.1905,86.45
111.01,0,1.92,0,0.0730,88.08,5.75,1,0.2611,84.25,3.81,1,0.1940,86.19
111.11,0,0.73,1,0.0768,89.27,6.08,1,0.2650,83.92,4.06,1,0.1961,85.94
111.22,0,0.52,1,0.0801,89.48,6.42,1,0.2690,83.58,4.20,1,0.1966,85.80
111.32,0,1.72,1,0.0820,88.28,6.72,1,0.2719,83.28,4.18,1,0.1966,85.82
111.43,0,2.81,1,0.0832,87.19,6.90,1,0.2732,83.10,4.03,1,0.1977,85.97
111.54,0,3.87,1,0.0852,86.13,6.96,1,0.2737,83.04,3.85,1,0.2002,86.15
111.64,0,5.03,1,0.0888,84.97,6.93,1,0.2749,83.07,3.70,1,0.2026,86.30
111.75,0,6.33,1,0.0932,83.67,6.87,1,0.2775,83.13,3.55,1,0.2036,86.45
111.86,0,7.68,1,0.0967,82.32,6.80,1,0.2802,83.20,3.30,1,0.2032,86.70
111.96,0,7.74,1,0.0960,82.26,6.89,1,0.2808,83.11,3.27,1,0.2016,86.73
112.07,0,8.97,1,0.0988,81.03,6.68,1,0.2813,83.32,2.95,1,0.2025,87.05
112.18,0,11.31,1,0.1033,78.69,6.02,1,0.2789,83.98,2.13,1,0.2041,87.87
112.28,0,12.58,1,0.1076,77.42,5.53,1,0.2786,84.47,1.78,1,0.2054,88.22
112.40,0,14.00,1,0.1123,76.00,5.02,1,0.2796,84.98,1.43,1,0.2053,88.57
112.52,0,15.46,1,0.1159,74.54,4.51,1,0.2800,85.49,1.00,1,0.2036,89.00
112.63,0,16.83,1,0.1182,73.17,3.94,1,0.2782,86.06,0.47,1,0.2017,89.53
112.73,0,16.76,1,0.1171,73.24,3.96,1,0.2772,86.04,0.41,1,0.2017,89.59
112.84,0,18.11,1,0.1203,71.89,3.20,1,0.2745,86.80,0.10,1,0.2012,89.90
112.95,0,19.39,1,0.1238,70.61,2.29,1,0.2706,87.71,0.64,1,0.2019,89.36
113.07,0,20.80,1,0.1286,69.20,1.30,1,0.2679,88.70,1.11,1,0.2023,88.89
113.18,0,20.80,1,0.1286,69.20,1.30,1,0.2679,88.70,1.11,1,0.2023,88.89
113.29,0,22.33,0,0.1335,67.67,0.35,1,0.2656,89.65,1.59,1,0.2012,88.41
113.40,0,22.33,0,0.1335,67.67,0.35,1,0.2656,89.65,1.59,1,0.2012,88.41
113.50,0,23.90,0,0.1371,66.10,0.56,1,0.2618,89.44,2.14,1,0.1985,87.86
113.62,0,25.37,0,0.1395,64.63,0.48,1,0.2620,89.52,2.19,1,0.1971,87.81
113.72,0,25.37,0,0.1395,64.63,1.49,1,0.2556,88.51,2.78,1,0.1961,87.22
113.82,0,25.37,0,0.1395,64.63,1.49,1,0.2556,88.51,2.78,1,0.1961,87.22
113.93,0,26.75,0,0.1421,63.25,2.50,1,0.2486,87.50,3.44,1,0.1953,86.56
114.03,0,28.14,0,0.1460,61.86,3.54,1,0.2423,86.46,4.04,1,0.1956,85.96
114.15,0,28.14,0,0.1460,61.86,3.54,1,0.2423,86.46,4.04,1,0.1956,85.96
114.25,0,29.68,0,0.1511,60.32,4.54,1,0.2368,85.46,4.57,1,0.1953,85.43
114.37,0,31.35,0,0.1561,58.65,5.40,1,0.2314,84.60,5.08,1,0.1933,84.92
114.47,0,33.02,0,0.1598,56.98,6.13,1,0.2250,83.87,5.66,1,0.1902,84.34
114.58,0,36.06,0,0.1651,53.94,7.38,1,0.2108,82.62,6.97,1,0.1865,83.03
114.68,0,37.59,0,0.1694,52.41,7.94,1,0.2041,82.06,7.54,1,0.1863,82.46
114.78,0,39.26,0,0.1747,50.74,8.39,1,0.1981,81.61,8.04,1,0.1856,81.96
114.88,0,42.81,0,0.1833,47.19,8.57,1,0.1944,81.43,8.51,1,0.1814,81.49
114.99,0,44.46,0,0.1860,45.54,8.77,1,0.1829,81.23,9.61,1,0.1776,80.39
115.09,0,46.04,0,0.1890,43.96,8.79,1,0.1771,81.21,10.13,1,0.1767,79.87
115.20,0,47.68,0,0.1935,42.32,8.84,1,0.1718,81.16,10.52,1,0.1769,79.48
115.32,0,51.38,0,0.2039,38.62,8.71,1,0.1657,81.29,11.03,1,0.1743,78.97
115.43,0,53.23,0,0.2075,36.77,8.48,1,0.1632,81.52,11.29,1,0.1716,78.71
115.54,0,54.97,0,0.2102,35.03,8.21,1,0.1596,81.79,11.55,1,0.1699,78.45
115.65,0,58.38,0,0.2179,31.62,7.72,1,0.1516,82.28,11.71,1,0.1709,78.29
115.76,0,60.30,0,0.2234,29.70,7.38,1,0.1498,82.62,11.59,1,0.1710,78.41
115.86,0,62.29,0,0.2283,27.71,6.89,1,0.1490,83.11,11.43,1,0.1696,78.57
115.98,0,66.00,0,0.2343,24.00,5.74,1,0.1441,84.26,11.13,1,0.1672,78.87
116.09,0,67.75,0,0.2375,22.25,5.25,1,0.1403,84.75,10.88,1,0.1683,79.12
116.19,0,69.60,0,0.2422,20.40,4.77,1,0.1375,85.23,10.49,1,0.1701,79.51
116.30,0,71.60,0,0.2476,18.40,4.23,1,0.1364,85.77,10.02,1,0.1707,79.98
116.41,0,75.63,0,0.2555,14.37,2.92,1,0.1344,87.08,9.12,1,0.1688,80.88
116.52,0,77.46,0,0.2580,12.54,2.31,1,0.1312,87.69,8.71,1,0.1689,81.29
116.62,0,79.26,0,0.2611,10.74,1.82,1,0.1275,88.18,8.23,1,0.1707,81.77
116.73,0,81.33,0,0.2675,8.67,1.39,1,0.1268,88.61,7.56,1,0.1727,82.44
116.84,0,85.34,0,0.2755,4.66,0.36,1,0.1236,89.64,6.37,1,0.1721,83.63
116.94,0,87.29,0,0.2783,2.71,0.16,1,0.1216,89.84,5.79,1,0.1710,84.21
117.06,0,89.13,0,0.2806,0.87,0.57,1,0.1179,89.43,5.24,1,0.1715,84.76
117.16,0,91.01,0,0.2849,-1.01,0.76,1,0.1142,89.24,4.57,1,0.1744,85.43
117.26,0,94.98,0,0.2931,-4.98,1.26,1,0.1098,88.74,3.30,1,0.1742,86.70
117.37,0,97.05,0,0.2972,-7.05,1.52,1,0.1084,88.48,2.69,1,0.1725,87.31
117.49,0,99.00,0,0.2998,-9.00,1.72,1,0.1055,88.28,2.17,1,0.1714,87.83
117.60,0,100.72,0,0.3015,-10.72,1.72,1,0.0999,88.28,1.69,1,0.1730,88.31
117.72,0,104.56,0,0.3088,-14.56,1.59,1,0.0930,88.41,0.61,1,0.1736,89.39
117.84,0,106.63,0,0.3135,-16.63,1.50,1,0.0913,88.50,0.08,1,0.1729,89.92
117.94,0,108.63,0,0.3171,-18.63,1.44,1,0.0893,88.56,0.36,1,0.1712,89.64
118.06,0,112.24,0,0.3209,-22.24,1.09,1,0.0811,88.91,0.98,1,0.1699,89.02
118.16,0,114.04,0,0.3236,-24.04,0.75,1,0.0767,89.25,1.30,1,0.1709,88.70
118.28,0,115.94,0,0.3275,-25.94,0.40,1,0.0739,89.60,1.64,1,0.1713,88.36
118.38,0,118.03,0,0.3325,-28.03,0.22,1,0.0743,89.78,1.97,1,0.1685,88.03
118.49,0,121.63,0,0.3367,-31.63,0.41,1,0.0690,89.59,2.24,1,0.1665,87.76
118.60,0,123.30,0,0.3380,-33.30,0.82,1,0.0661,89.18,2.29,1,0.1662,87.71
118.72,0,125.01,0,0.3404,-35.01,1.33,1,0.0645,88.67,2.37,1,0.1668,87.63
118.82,0,127.04,0,0.3459,-37.04,1.79,1,0.0676,88.21,2.56,1,0.1660,87.44
118.93,0,130.57,0,0.3508,-40.57,2.47,1,0.0740,87.53,2.38,1,0.1662,87.62
119.04,0,132.23,0,0.3521,-42.23,2.74,1,0.0781,87.26,2.10,1,0.1671,87.90
119.15,0,133.82,0,0.3531,-43.82,3.13,1,0.0823,86.87,1.75,1,0.1700,88.25
119.25,0,135.47,0,0.3552,-45.47,3.54,1,0.0887,86.46,1.40,1,0.1745,88.60
119.36,0,139.00,0,0.3621,-49.00,3.96,1,0.1070,86.04,0.68,1,0.1832,89.32
119.48,0,140.69,0,0.3644,-50.69,3.99,1,0.1153,86.01,0.18,1,0.1868,89.82
119.60,0,142.14,0,0.3641,-52.14,4.11,1,0.1207,85.89,0.43,1,0.1921,89.57
119.70,0,145.27,0,0.3677,-55.27,4.39,1,0.1343,85.61,1.37,1,0.2035,88.63
119.82,0,146.95,0,0.3709,-56.95,4.49,1,0.1413,85.51,1.75,1,0.2084,88.25
119.92,0,148.62,0,0.3740,-58.62,4.53,1,0.1483,85.47,2.15,1,0.2116,87.85
120.04,0,151.61,0,0.3761,-61.61,4.65,1,0.1575,85.35,3.08,1,0.2175,86.92
120.15,0,153.01,0,0.3765,-63.01,4.82,1,0.1601,85.18,3.50,1,0.2220,86.50
120.25,0,154.49,0,0.3782,-64.49,5.03,1,0.1634,84.97,3.81,1,0.2263,86.19
120.37,0,157.64,0,0.3839,-67.64,5.31,1,0.1730,84.69,4.34,1,0.2302,85.66
120.47,0,159.10,0,0.3853,-69.10,5.39,1,0.1762,84.61,4.66,1,0.2311,85.34
120.57,0,160.42,0,0.3853,-70.42,5.52,1,0.1776,84.48,4.98,1,0.2333,85.02
120.69,0,163.16,0,0.3869,-73.16,5.99,1,0.1808,84.01,5.32,1,0.2408,84.68
120.79,0,164.67,0,0.3896,-74.67,6.18,1,0.1848,83.82,5.35,1,0.2432,84.65
120.90,0,166.15,0,0.3921,-76.15,6.26,1,0.1886,83.74,5.36,1,0.2446,84.64
121.01,0,168.75,0,0.3926,-78.75,6.42,1,0.1910,83.58,5.38,1,0.2498,84.62
121.11,0,170.02,0,0.3926,-80.02,6.60,1,0.1920,83.40,5.26,1,0.2549,84.74
121.23,0,171.52,0,0.3958,-81.52,6.74,1,0.1971,83.26,4.93,1,0.2594,85.07
121.33,0,174.23,0,0.3985,-84.23,6.57,1,0.2042,83.43,4.42,1,0.2660,85.58
121.45,0,175.51,0,0.3991,-85.51,6.32,1,0.2075,83.68,4.16,1,0.2690,85.84
121.56,0,177.93,0,0.3982,-87.93,5.79,1,0.2144,84.21,3.52,1,0.2795,86.48
121.67,0,179.26,0,0.3995,-89.26,5.42,1,0.2203,84.58,3.08,1,0.2848,86.92
121.78,0,179.25,0,0.4032,-89.25,4.83,1,0.2286,85.17,2.61,1,0.2864,87.39
121.88,0,176.78,0,0.4037,-86.78,3.83,1,0.2374,86.17,1.94,1,0.2935,88.06
122.00,0,175.63,0,0.4028,-85.63,3.41,1,0.2410,86.59,1.65,1,0.2978,88.35
122.11,0,173.13,0,0.4035,-83.13,2.76,1,0.2491,87.24,0.94,1,0.3070,89.06
122.23,0,171.77,0,0.4056,-81.77,2.41,1,0.2540,87.59,0.58,1,0.3093,89.42
122.35,0,169.30,0,0.4068,-79.30,1.70,1,0.2610,88.30,0.15,1,0.3127,89.85
122.46,0,168.17,0,0.4056,-78.17,1.47,1,0.2626,88.53,0.00,1,0.3163,90.00
122.56,0,166.99,0,0.4050,-76.99,1.32,1,0.2644,88.68,0.18,1,0.3205,89.82
122.66,0,164.36,0,0.4079,-74.36,1.01,1,0.2714,88.99,0.54,1,0.3251,89.46
122.78,0,163.11,0,0.4089,-73.11,0.80,1,0.2745,89.20,0.60,1,0.3259,89.40
122.89,0,160.84,0,0.4068,-70.84,0.59,1,0.2759,89.41,0.50,1,0.3310,89.50
122.99,0,159.66,0,0.4061,-69.66,0.63,1,0.2766,89.37,0.48,1,0.3349,89.52
123.10,0,158.25,0,0.4090,-68.25,0.62,1,0.2811,89.38,0.53,1,0.3363,89.47
123.21,0,155.82,0,0.4092,-65.82,0.60,1,0.2841,89.40,0.24,1,0.3398,89.76
123.33,0,154.69,0,0.4081,-64.69,0.61,1,0.2840,89.39,0.00,1,0.3419,90.00
123.43,0,152.38,0,0.4055,-62.38,0.95,1,0.2838,89.05,0.42,1,0.3498,89.58
123.55,0,151.08,0,0.4063,-61.08,1.13,1,0.2862,88.87,0.59,1,0.3526,89.41
123.66,0,148.55,0,0.4078,-58.55,1.32,1,0.2902,88.68,1.07,1,0.3549,88.93
123.78,0,147.42,0,0.4063,-57.42,1.48,1,0.2900,88.52,1.39,1,0.3573,88.61
123.89,0,145.08,0,0.4032,-55.08,2.03,1,0.2917,87.97,1.90,1,0.3651,88.10
123.99,0,143.77,0,0.4037,-53.77,2.26,1,0.2949,87.74,2.08,1,0.3675,87.92
124.09,0,142.44,0,0.4054,-52.44,2.34,1,0.2987,87.66,2.31,1,0.3668,87.69
124.20,0,140.10,0,0.4024,-50.10,2.78,1,0.3012,87.22,2.82,1,0.3720,87.18
124.31,0,138.95,0,0.4000,-48.95,3.05,1,0.3025,86.95,3.04,1,0.3759,86.96
124.42,0,136.37,0,0.3992,-46.37,3.54,1,0.3089,86.46,3.26,1,0.3817,86.74
124.53,0,135.04,0,0.3998,-45.04,3.68,1,0.3126,86.32,3.36,1,0.3826,86.64
124.64,0,132.64,0,0.3966,-42.64,4.03,1,0.3158,85.97,3.64,1,0.3870,86.36
124.76,0,131.46,0,0.3939,-41.46,4.32,1,0.3169,85.68,3.69,1,0.3914,86.31
124.87,0,128.80,0,0.3926,-38.80,4.87,1,0.3226,85.13,3.55,1,0.3979,86.45
124.98,0,127.45,0,0.3927,-37.45,5.05,1,0.3255,84.95,3.48,1,0.3993,86.52
125.09,0,125.00,0,0.3885,-35.00,5.50,1,0.3270,84.50,3.42,1,0.4051,86.58
125.21,0,123.76,0,0.3854,-33.76,5.83,1,0.3274,84.17,3.31,1,0.4098,86.69
125.32,0,121.00,0,0.3835,-31.00,6.44,1,0.3318,83.56,2.94,1,0.4159,87.06
125.43,0,119.62,0,0.3832,-29.62,6.64,1,0.3339,83.36,2.80,1,0.4171,87.20
125.54,0,117.08,0,0.3778,-27.08,7.11,1,0.3338,82.89,2.64,1,0.4225,87.36
125.65,0,115.78,0,0.3744,-25.78,7.43,1,0.3338,82.57,2.50,1,0.4268,87.50
125.76,0,112.91,0,0.3718,-22.91,7.86,1,0.3384,82.14,2.13,1,0.4316,87.87
125.88,0,111.48,0,0.3708,-21.48,7.91,1,0.3407,82.09,2.00,1,0.4325,88.00
125.98,0,108.82,0,0.3643,-18.82,7.97,1,0.3420,82.03,1.86,1,0.4379,88.14
126.10,0,107.45,0,0.3604,-17.45,8.01,1,0.3436,81.99,1.73,1,0.4419,88.27
126.20,0,104.45,0,0.3571,-14.45,7.79,1,0.3512,82.21,1.42,1,0.4460,88.58
126.31,0,102.96,0,0.3556,-12.96,7.55,1,0.3544,82.45,1.35,1,0.4467,88.65
126.41,0,100.21,0,0.3478,-10.21,7.19,1,0.3572,82.81,1.33,1,0.4516,88.67
126.53,0,98.78,0,0.3436,-8.78,7.07,1,0.3593,82.93,1.27,1,0.4550,88.73
126.64,0,95.68,0,0.3394,-5.68,6.67,1,0.3663,83.33,1.14,1,0.4576,88.86
126.75,0,94.17,0,0.3373,-4.17,6.41,1,0.3689,83.59,1.17,1,0.4577,88.83
126.86,0,91.34,0,0.3284,-1.34,6.02,1,0.3706,83.98,1.32,1,0.4619,88.68
126.98,0,89.87,0,0.3239,0.13,5.90,1,0.3721,84.10,1.35,1,0.4647,88.65
127.09,0,86.71,0,0.3191,3.29,5.55,1,0.3781,84.45,1.39,1,0.4663,88.61
127.20,0,85.25,0,0.3161,4.75,5.29,1,0.3792,84.71,1.55,1,0.4660,88.45
127.31,0,82.35,0,0.3067,7.65,5.04,1,0.3802,84.96,1.78,1,0.4708,88.22
127.41,0,80.85,0,0.3020,9.15,4.99,1,0.3813,85.01,1.84,1,0.4737,88.16
127.53,0,77.68,0,0.2969,12.32,4.76,1,0.3866,85.24,1.96,1,0.4754,88.04
127.64,0,76.23,0,0.2934,13.77,4.58,1,0.3868,85.42,2.15,1,0.4758,87.85
127.75,0,73.32,0,0.2834,16.68,4.51,1,0.3868,85.49,2.37,1,0.4815,87.63
127.85,0,71.73,0,0.2802,18.27,4.55,1,0.3896,85.45,2.35,1,0.4840,87.65
127.97,0,68.68,0,0.2736,21.32,4.47,1,0.3922,85.53,2.51,1,0.4865,87.49
128.09,0,65.80,0,0.2654,24.20,4.43,1,0.3916,85.57,2.76,1,0.4898,87.24
128.20,0,64.41,0,0.2598,25.59,4.54,1,0.3909,85.46,2.84,1,0.4932,87.16
128.30,0,61.36,0,0.2524,28.64,4.72,1,0.3936,85.28,2.88,1,0.4968,87.12
128.42,0,59.82,0,0.2503,30.18,4.74,1,0.3950,85.26,2.96,1,0.4967,87.04
128.53,0,57.01,0,0.2417,32.99,4.90,1,0.3934,85.10,3.23,1,0.4992,86.77
128.64,0,55.59,0,0.2362,34.41,5.14,1,0.3934,84.86,3.24,1,0.5027,86.76
128.75,0,52.64,0,0.2296,37.36,5.41,1,0.3947,84.59,3.32,1,0.5048,86.68
128.85,0,51.13,0,0.2280,38.87,5.43,1,0.3954,84.57,3.41,1,0.5036,86.59
128.97,0,48.41,0,0.2190,41.59,5.79,1,0.3935,84.21,3.50,1,0.5081,86.50
129.08,0,45.60,0,0.2102,44.40,6.17,1,0.3940,83.83,3.41,1,0.5142,86.59
129.20,0,44.10,0,0.2082,45.90,6.23,1,0.3962,83.77,3.33,1,0.5152,86.67
129.30,0,41.28,0,0.2029,48.72,6.20,1,0.3978,83.80,3.30,1,0.5172,86.70
129.41,0,39.99,0,0.1981,50.01,6.24,1,0.3975,83.76,3.29,1,0.5202,86.71
129.51,0,37.23,0,0.1907,52.77,6.28,1,0.4012,83.72,3.16,1,0.5254,86.84
129.62,0,35.75,0,0.1893,54.25,6.16,1,0.4046,83.84,3.12,1,0.5257,86.88
129.72,0,33.00,0,0.1845,57.00,5.80,1,0.4079,84.20,3.20,1,0.5262,86.80
129.83,0,31.74,0,0.1802,58.26,5.71,1,0.4086,84.29,3.25,1,0.5284,86.75
129.95,0,28.98,0,0.1745,61.02,5.60,1,0.4134,84.40,3.21,1,0.5320,86.79
130.07,0,26.12,0,0.1727,63.88,5.30,1,0.4184,84.70,3.28,1,0.5309,86.72
130.17,0,24.82,0,0.1698,65.18,5.19,1,0.4189,84.81,3.38,1,0.5316,86.62
130.28,0,22.25,0,0.1634,67.75,5.18,1,0.4202,84.82,3.45,1,0.5360,86.55
130.39,0,20.82,0,0.1626,69.18,5.16,1,0.4225,84.84,3.41,1,0.5369,86.59
130.49,0,17.96,0,0.1619,72.04,4.99,1,0.4264,85.01,3.41,1,0.5364,86.59
130.59,0,16.69,0,0.1596,73.31,4.96,1,0.4263,85.04,3.45,1,0.5379,86.55
130.70,0,14.09,0,0.1552,75.91,5.08,1,0.4266,84.92,3.37,1,0.5436,86.63
130.82,0,12.64,0,0.1556,77.36,5.13,1,0.4285,84.87,3.25,1,0.5450,86.75
130.92,0,9.79,0,0.1562,80.21,5.09,1,0.4314,84.91,3.13,1,0.5459,86.87
131.03,0,8.50,0,0.1545,81.50,5.14,1,0.4307,84.86,3.09,1,0.5482,86.91
131.14,0,5.86,0,0.1527,84.14,5.41,1,0.4301,84.59,2.87,1,0.5547,87.13
131.25,0,4.37,0,0.1543,85.63,5.51,1,0.4319,84.49,2.72,1,0.5559,87.28
131.35,0,1.49,0,0.1563,88.51,5.59,1,0.4338,84.41,2.64,1,0.5565,87.36
131.46,0,0.18,0,0.1554,89.82,5.70,1,0.4324,84.30,2.67,1,0.5584,87.33
131.58,0,2.56,0,0.1563,87.44,6.08,1,0.4318,83.92,2.66,1,0.5626,87.34
131.70,0,5.62,0,0.1614,84.38,6.28,1,0.4348,83.72,2.70,1,0.5615,87.30
131.80,0,7.05,0,0.1623,82.95,6.35,1,0.4344,83.65,2.83,1,0.5610,87.17
131.91,0,9.77,0,0.1631,80.23,6.63,1,0.4326,83.37,3.09,1,0.5638,86.91
132.01,0,11.27,0,0.1658,78.73,6.72,1,0.4342,83.28,3.15,1,0.5647,86.85
132.12,0,14.46,0,0.1723,75.54,6.58,1,0.4389,83.42,3.38,1,0.5624,86.62
132.23,0,15.93,0,0.1737,74.07,6.47,1,0.4394,83.53,3.56,1,0.5619,86.44
132.33,0,18.80,0,0.1766,71.20,6.44,1,0.4401,83.56,3.82,1,0.5653,86.18
132.43,0,20.39,0,0.1804,69.61,6.42,1,0.4422,83.58,3.85,1,0.5665,86.15
132.54,0,23.73,0,0.1880,66.27,6.23,1,0.4466,83.77,3.91,1,0.5658,86.09
132.65,0,25.28,0,0.1899,64.72,6.14,1,0.4470,83.86,3.98,1,0.5667,86.02
132.75,0,28.33,0,0.1947,61.67,6.13,1,0.4469,83.87,3.95,1,0.5725,86.05
132.86,0,30.04,0,0.1994,59.96,6.14,1,0.4487,83.86,3.84,1,0.5746,86.16
132.96,0,33.57,0,0.2079,56.43,5.99,1,0.4525,84.01,3.67,1,0.5756,86.33
133.07,0,35.20,0,0.2102,54.80,5.92,1,0.4523,84.08,3.63,1,0.5773,86.37
133.17,0,38.50,0,0.2167,51.50,6.01,1,0.4516,83.99,3.44,1,0.5835,86.56
133.28,0,40.33,0,0.2220,49.67,6.08,1,0.4531,83.92,3.33,1,0.5850,86.67
133.38,0,44.07,0,0.2311,45.93,6.12,1,0.4559,83.88,3.28,1,0.5850,86.72
133.50,0,45.81,0,0.2338,44.19,6.17,1,0.4551,83.83,3.34,1,0.5858,86.66
133.62,0,49.34,0,0.2416,40.66,6.48,1,0.4536,83.52,3.43,1,0.5896,86.57
133.73,0,53.32,0,0.2529,36.68,6.67,1,0.4569,83.33,3.50,1,0.5890,86.50
133.84,0,55.24,0,0.2568,34.76,6.70,1,0.4572,83.30,3.63,1,0.5878,86.37
133.96,0,58.88,0,0.2634,31.12,6.92,1,0.4547,83.08,3.96,1,0.5892,86.04
134.06,0,60.97,0,0.2704,29.03,7.09,1,0.4566,82.91,4.01,1,0.5899,85.99
134.17,0,65.01,0,0.2801,24.99,7.21,1,0.4579,82.79,4.34,1,0.5882,85.66
134.29,0,68.90,0,0.2872,21.10,7.28,1,0.4565,82.72,4.77,1,0.5870,85.23
134.40,0,70.82,0,0.2911,19.18,7.40,1,0.4553,82.60,4.92,1,0.5888,85.08
134.50,0,75.04,0,0.3026,14.96,7.57,1,0.4573,82.43,4.99,1,0.5904,85.01
134.61,0,77.20,0,0.3079,12.80,7.55,1,0.4587,82.45,5.01,1,0.5897,84.99
134.73,0,81.18,0,0.3149,8.82,7.53,1,0.4571,82.47,5.04,1,0.5923,84.96
134.85,0,85.27,0,0.3244,4.73,7.65,1,0.4568,82.35,4.77,1,0.5987,85.23
134.95,0,87.49,0,0.3304,2.51,7.63,1,0.4586,82.37,4.56,1,0.6001,85.44
135.06,0,91.66,0,0.3389,-1.66,7.46,1,0.4597,82.54,4.24,1,0.6023,85.76
135.17,0,93.61,0,0.3419,-3.61,7.43,1,0.4584,82.57,4.09,1,0.6053,85.91
135.27,0,97.74,0,0.3512,-7.74,7.36,1,0.4597,82.64,3.69,1,0.6113,86.31
135.37,0,99.92,0,0.3570,-9.92,7.18,1,0.4625,82.82,3.50,1,0.6121,86.50
135.48,0,104.04,0,0.3647,-14.04,6.63,1,0.4652,83.37,3.32,1,0.6124,86.68
135.58,0,105.95,0,0.3674,-15.95,6.42,1,0.4651,83.58,3.28,1,0.6143,86.72
135.69,0,110.03,0,0.3764,-20.03,6.07,1,0.4686,83.93,3.12,1,0.6180,86.88
135.80,0,112.17,0,0.3818,-22.17,5.83,1,0.4716,84.17,3.06,1,0.6175,86.94
135.91,0,116.09,0,0.3885,-26.09,5.31,1,0.4738,84.69,3.14,1,0.6160,86.86
136.01,0,119.87,0,0.3944,-29.87,5.21,1,0.4733,84.79,3.19,1,0.6187,86.81
136.12,0,121.89,0,0.3993,-31.89,4.90,1,0.4765,85.10,3.29,1,0.6193,86.71
136.22,0,123.97,0,0.4046,-33.97,4.65,1,0.4798,85.35,3.36,1,0.6161,86.64
136.33,0,127.64,0,0.4099,-37.64,4.36,1,0.4802,85.64,3.70,1,0.6154,86.30
136.43,0,129.39,0,0.4122,-39.39,4.35,1,0.4797,85.65,3.87,1,0.6177,86.13
136.53,0,133.14,0,0.4196,-43.14,4.21,1,0.4818,85.79,4.14,1,0.6176,85.86
136.63,0,135.08,0,0.4242,-45.08,4.05,1,0.4845,85.95,4.27,1,0.6143,85.73
136.74,0,138.48,0,0.4285,-48.48,3.97,1,0.4842,86.03,4.55,1,0.6152,85.45
136.84,0,140.17,0,0.4307,-50.17,4.07,1,0.4834,85.93,4.60,1,0.6183,85.40
136.96,0,143.66,0,0.4372,-53.66,4.15,1,0.4849,85.85,4.60,1,0.6200,85.40
137.07,0,147.09,0,0.4435,-57.09,4.16,1,0.4871,85.84,4.59,1,0.6193,85.41
137.18,0,148.62,0,0.4446,-58.62,4.22,1,0.4859,85.78,4.60,1,0.6208,85.40
137.30,0,151.78,0,0.4486,-61.78,4.56,1,0.4845,85.44,4.43,1,0.6263,85.57
137.42,0,155.12,0,0.4558,-65.12,4.81,1,0.4874,85.19,4.15,1,0.6272,85.85
137.52,0,156.62,0,0.4576,-66.62,4.90,1,0.4871,85.10,4.06,1,0.6277,85.94
137.62,0,159.48,0,0.4592,-69.48,5.31,1,0.4839,84.69,3.86,1,0.6326,86.14
137.73,0,161.01,0,0.4616,-71.01,5.56,1,0.4840,84.44,3.72,1,0.6349,86.28
137.85,0,164.12,0,0.4679,-74.12,5.90,1,0.4864,84.10,3.51,1,0.6348,86.49
137.96,0,166.83,0,0.4694,-76.83,6.27,1,0.4838,83.73,3.53,1,0.6358,86.47
138.08,0,168.27,0,0.4711,-78.27,6.59,1,0.4833,83.41,3.48,1,0.6385,86.52
138.19,0,171.15,0,0.4754,-81.15,6.97,1,0.4844,83.03,3.48,1,0.6387,86.52
138.30,0,173.86,0,0.4786,-83.86,7.22,1,0.4843,82.78,3.64,1,0.6363,86.36
138.41,0,175.11,0,0.4784,-85.11,7.41,1,0.4827,82.59,3.78,1,0.6371,86.22
138.52,0,177.80,0,0.4809,-87.80,7.77,1,0.4835,82.23,3.95,1,0.6391,86.05
138.64,0,179.43,0,0.4858,-89.43,7.79,1,0.4867,82.21,4.19,1,0.6358,85.81
138.75,0,178.20,0,0.4861,-88.20,7.78,1,0.4866,82.22,4.37,1,0.6350,85.63
138.87,0,175.76,0,0.4858,-85.76,7.88,1,0.4864,82.12,4.61,1,0.6379,85.39
138.99,0,173.04,0,0.4903,-83.04,7.86,1,0.4900,82.14,4.64,1,0.6378,85.36
139.10,0,171.77,0,0.4918,-81.77,7.76,1,0.4913,82.24,4.69,1,0.6369,85.31
139.22,0,169.44,0,0.4908,-79.44,7.64,1,0.4908,82.36,4.78,1,0.6395,85.22
139.33,0,166.88,0,0.4928,-76.88,7.58,1,0.4927,82.42,4.66,1,0.6428,85.34
139.44,0,165.55,0,0.4951,-75.55,7.45,1,0.4949,82.55,4.63,1,0.6422,85.37
139.56,0,163.18,0,0.4957,-73.18,7.14,1,0.4962,82.86,4.68,1,0.6424,85.32
139.67,0,161.02,0,0.4913,-71.02,7.08,1,0.4923,82.92,4.76,1,0.6490,85.24
139.78,0,160.07,0,0.4864,-70.07,7.13,1,0.4878,82.87,4.87,1,0.6549,85.13
139.90,0,158.89,0,0.4658,-68.89,7.28,1,0.4688,82.72,5.43,1,0.6725,84.57
140.02,0,158.28,0,0.4353,-68.28,7.67,1,0.4403,82.33,6.19,1,0.6982,83.81
140.13,0,157.79,0,0.4228,-67.79,7.85,1,0.4296,82.15,6.47,1,0.7102,83.53
140.25,0,156.43,0,0.4047,-66.43,7.68,1,0.4179,82.32,6.81,1,0.7267,83.19
140.35,0,156.51,0,0.3839,-66.51,7.56,1,0.4023,82.44,7.11,1,0.7434,82.89
140.46,0,154.82,0,0.3712,-64.82,6.21,1,0.4045,83.79,6.71,1,0.7525,83.29
140.58,0,153.55,0,0.3513,-63.55,4.25,1,0.4101,85.75,5.56,1,0.7665,84.44
140.69,0,152.86,0,0.3424,-62.86,2.94,1,0.4156,87.06,4.71,1,0.7703,85.29
140.79,0,151.70,0,0.3211,-61.70,0.24,1,0.4258,89.76,2.68,1,0.7778,87.32
140.91,0,151.12,0,0.3103,-61.12,0.95,1,0.4313,89.05,1.53,1,0.7817,88.47
141.01,0,149.64,0,0.2932,-59.64,3.06,1,0.4431,86.94,0.72,1,0.7847,89.28
141.12,0,148.86,0,0.2852,-58.86,3.96,1,0.4469,86.04,1.67,1,0.7844,88.33
141.23,0,147.41,0,0.2673,-57.41,5.33,1,0.4491,84.67,3.12,1,0.7860,86.88
141.35,0,146.56,0,0.2599,-56.56,5.80,1,0.4502,84.20,3.71,1,0.7867,86.29
141.45,0,144.36,0,0.2520,-54.36,6.55,1,0.4558,83.45,4.60,1,0.7825,85.40
141.57,0,143.19,0,0.2490,-53.19,6.83,1,0.4579,83.17,4.86,1,0.7788,85.14
141.68,0,141.00,0,0.2404,-51.00,7.01,1,0.4582,82.99,5.16,1,0.7751,84.84
141.80,0,139.84,0,0.2367,-49.84,6.93,1,0.4586,83.07,5.26,1,0.7741,84.74
141.91,0,137.28,0,0.2327,-47.28,6.70,1,0.4610,83.30,5.35,1,0.7692,84.65
142.02,0,136.02,0,0.2302,-46.02,6.54,1,0.4610,83.46,5.25,1,0.7663,84.75
142.13,0,133.65,0,0.2224,-43.65,5.92,1,0.4584,84.08,4.80,1,0.7644,85.20
142.23,0,132.39,0,0.2192,-42.39,5.49,1,0.4578,84.51,4.49,1,0.7637,85.51
142.35,0,129.68,0,0.2155,-39.68,4.60,1,0.4582,85.40,3.64,1,0.7591,86.36
142.47,0,128.38,0,0.2128,-38.38,4.14,1,0.4570,85.86,3.04,1,0.7568,86.96
142.57,0,125.87,0,0.2048,-35.87,2.98,1,0.4527,87.02,1.68,1,0.7558,88.32
142.69,0,124.53,0,0.2018,-34.53,2.32,1,0.4518,87.68,0.99,1,0.7551,89.01
142.80,0,121.69,0,0.1978,-31.69,1.04,1,0.4513,88.96,0.50,1,0.7502,89.50
142.92,0,120.33,0,0.1946,-30.33,0.38,1,0.4496,89.62,1.32,1,0.7484,88.68
143.02,0,117.69,0,0.1862,-27.69,1.15,1,0.4454,88.85,2.95,1,0.7472,87.05
143.12,0,116.26,0,0.1833,-26.26,1.95,1,0.4452,88.05,3.72,1,0.7457,86.28
143.23,0,114.71,0,0.1822,-24.71,2.65,1,0.4464,87.35,4.52,1,0.7419,85.48
143.34,0,111.90,0,0.1752,-21.90,4.13,1,0.4444,85.87,6.20,1,0.7386,83.80
143.45,0,110.57,0,0.1699,-20.57,4.93,1,0.4428,85.07,6.98,1,0.7391,83.02
143.55,0,107.63,0,0.1633,-17.63,6.31,1,0.4443,83.69,8.35,1,0.7366,81.65
143.65,0,106.08,0,0.1611,-16.08,6.88,1,0.4462,83.12,8.95,1,0.7346,81.05
143.76,0,103.17,0,0.1543,-13.17,7.86,1,0.4474,82.14,10.07,1,0.7329,79.93
143.86,0,101.77,0,0.1494,-11.77,8.33,1,0.4478,81.67,10.49,1,0.7341,79.51
143.98,0,98.77,0,0.1421,-8.77,9.08,1,0.4529,80.92,11.00,1,0.7353,79.00
144.08,0,97.21,0,0.1397,-7.21,9.29,1,0.4561,80.71,11.18,1,0.7347,78.82
144.19,0,94.28,0,0.1322,-4.28,9.61,1,0.4589,80.39,11.45,1,0.7357,78.55
144.30,0,92.87,0,0.1271,-2.87,9.78,1,0.4602,80.22,11.46,1,0.7379,78.54
144.41,0,89.83,1,0.1198,0.17,9.99,1,0.4660,80.01,11.12,1,0.7410,78.88
144.51,0,88.27,1,0.1174,1.73,9.96,1,0.4688,80.04,10.86,1,0.7411,79.14
144.62,0,86.79,1,0.1140,3.21,9.89,1,0.4704,80.11,10.60,1,0.7419,79.40
144.73,0,85.38,1,0.1093,4.62,9.82,1,0.4710,80.18,10.29,1,0.7442,79.71
144.85,0,83.97,1,0.1041,6.03,9.70,1,0.4716,80.30,9.85,1,0.7466,80.15
144.96,0,82.48,1,0.0999,7.52,9.44,1,0.4728,80.56,9.18,1,0.7470,80.82
145.06,0,80.93,1,0.0971,9.07,8.88,1,0.4738,81.12,8.30,1,0.7446,81.70
145.17,0,79.39,1,0.0946,10.61,7.97,1,0.4727,82.03,7.25,1,0.7404,82.75
145.27,0,79.39,1,0.0946,10.61,7.97,1,0.4727,82.03,7.25,1,0.7404,82.75
145.38,0,77.94,0,0.0910,12.06,6.73,1,0.4687,83.27,6.05,1,0.7356,83.95
145.48,0,76.54,0,0.0863,13.46,5.30,1,0.4625,84.70,4.71,1,0.7297,85.29
145.59,0,74.95,0,0.0818,15.05,3.75,1,0.4552,86.25,3.25,1,0.7211,86.75
145.69,0,74.95,0,0.0818,15.05,3.75,1,0.4552,86.25,3.25,1,0.7211,86.75
145.80,0,72.90,0,0.0789,17.10,2.11,1,0.4469,87.89,1.77,1,0.7083,88.23
145.90,0,70.41,0,0.0767,19.59,0.45,1,0.4360,89.55,0.38,1,0.6920,89.62
146.01,0,67.82,0,0.0731,22.18,1.14,1,0.4211,88.86,0.79,1,0.6733,89.21
146.13,0,65.44,0,0.0707,24.56,2.50,1,0.4027,87.50,1.70,1,0.6534,88.30
146.23,0,65.44,0,0.0707,24.56,2.50,1,0.4027,87.50,1.70,1,0.6534,88.30
146.35,0,61.21,0,0.0742,28.79,4.21,1,0.3622,85.79,2.80,1,0.6107,87.20
146.46,0,59.01,0,0.0739,30.99,4.67,1,0.3428,85.33,2.99,1,0.5861,87.01
146.57,0,54.51,0,0.0705,35.49,5.03,1,0.3028,84.97,2.48,1,0.5346,87.52
146.68,0,52.52,0,0.0724,37.48,4.87,1,0.2821,85.13,1.88,1,0.5115,88.12
146.79,0,48.69,0,0.0736,41.31,3.97,1,0.2485,86.03,0.49,1,0.4710,89.51
146.91,0,46.58,0,0.0700,43.42,3.43,1,0.2360,86.57,0.21,1,0.4523,89.79
147.02,0,42.54,0,0.0691,47.46,2.42,1,0.2136,87.58,1.70,1,0.4193,88.30
147.14,0,40.74,0,0.0714,49.26,1.85,1,0.2027,88.15,2.46,1,0.4071,87.54
147.26,0,37.00,0,0.0676,53.00,0.50,1,0.1854,89.50,3.69,1,0.3881,86.31
147.37,0,35.05,0,0.0643,54.95,0.15,1,0.1794,89.85,4.16,1,0.3782,85.84
147.49,0,31.34,0,0.0655,58.66,1.34,1,0.1679,88.66,5.03,1,0.3586,84.97
147.61,0,29.58,0,0.0660,60.42,2.01,1,0.1611,87.99,5.36,1,0.3511,84.64
147.72,0,26.01,1,0.0615,63.99,3.52,1,0.1495,86.48,5.56,1,0.3361,84.44
147.83,0,24.18,1,0.0600,65.82,4.20,1,0.1458,85.80,5.43,1,0.3262,84.57
147.94,0,22.31,1,0.0603,67.69,4.80,1,0.1421,85.20,5.24,1,0.3155,84.76
148.05,0,20.33,1,0.0609,69.67,4.72,1,0.1425,85.28,5.28,1,0.3145,84.72
148.17,0,20.33,1,0.0609,69.67,5.35,1,0.1373,84.65,4.99,1,0.3051,85.01
148.28,0,18.17,1,0.0608,71.83,5.91,1,0.1315,84.09,4.65,1,0.2957,85.35
148.39,0,15.86,1,0.0604,74.14,6.46,1,0.1259,83.54,4.18,1,0.2867,85.82
148.50,0,13.45,1,0.0608,76.55,6.52,1,0.1264,83.48,4.11,1,0.2870,85.89
148.62,0,13.45,1,0.0608,76.55,6.92,1,0.1215,83.08,3.59,1,0.2767,86.41
148.73,0,10.99,1,0.0621,79.01,7.20,1,0.1185,82.80,2.96,1,0.2652,87.04
148.83,0,8.48,1,0.0638,81.52,7.32,1,0.1155,82.68,2.38,1,0.2531,87.62
148.94,0,8.48,1,0.0638,81.52,7.32,1,0.1155,82.68,2.38,1,0.2531,87.62
149.04,0,5.92,1,0.0663,84.08,7.35,1,0.1115,82.65,1.86,1,0.2421,88.14
149.15,0,3.36,1,0.0703,86.64,7.37,1,0.1065,82.63,1.35,1,0.2326,88.65
149.26,0,3.36,1,0.0703,86.64,7.37,1,0.1065,82.63,1.35,1,0.2326,88.65
149.37,0,0.79,1,0.0748,89.21,7.36,1,0.1019,82.64,0.82,1,0.2234,89.18
149.48,0,1.81,1,0.0788,88.19,7.27,1,0.0992,82.73,0.30,1,0.2129,89.70
149.59,0,4.43,1,0.0815,85.57,7.06,1,0.0982,82.94,0.13,1,0.2008,89.87
149.70,0,4.43,1,0.0815,85.57,7.06,1,0.0982,82.94,0.13,1,0.2008,89.87
149.81,0,6.99,1,0.0837,83.01,6.78,1,0.0974,83.22,0.41,1,0.1881,89.59
149.91,0,9.37,1,0.0859,80.63,6.53,1,0.0955,83.47,0.54,1,0.1769,89.46
150.03,0,11.52,1,0.0879,78.48,6.37,1,0.0926,83.63,0.62,1,0.1678,89.38
150.14,0,11.52,1,0.0879,78.48,6.37,1,0.0926,83.63,0.62,1,0.1678,89.38
150.26,0,13.42,1,0.0879,76.58,6.26,1,0.0903,83.74,0.70,1,0.1587,89.30
150.37,0,14.96,1,0.0846,75.04,6.09,1,0.0898,83.91,0.75,1,0.1479,89.25
150.47,0,15.95,1,0.0778,74.05,5.82,1,0.0907,84.18,0.69,1,0.1361,89.31
150.58,0,15.95,1,0.0778,74.05,5.82,1,0.0907,84.18,0.69,1,0.1361,89.31
150.69,0,16.18,1,0.0684,73.82,5.53,1,0.0913,84.47,0.49,1,0.1255,89.51
150.80,0,15.55,1,0.0587,74.45,5.31,1,0.0906,84.69,0.21,1,0.1170,89.79
150.90,0,15.55,1,0.0587,74.45,5.31,1,0.0906,84.69,0.21,1,0.1170,89.79
151.01,0,14.09,1,0.0518,75.91,5.18,1,0.0890,84.82,0.07,1,0.1099,89.93
151.11,0,11.99,1,0.0510,78.01,5.07,1,0.0879,84.93,0.31,1,0.1026,89.69
151.22,0,9.46,1,0.0595,80.54,4.88,1,0.0886,85.12,0.53,1,0.0939,89.47
151.34,0,9.46,1,0.0595,80.54,4.88,1,0.0886,85.12,0.53,1,0.0939,89.47
151.44,0,6.71,1,0.0761,83.29,4.56,1,0.0907,85.44,0.83,1,0.0847,89.17
151.54,0,3.87,1,0.0972,86.13,4.19,1,0.0924,85.81,1.21,1,0.0767,88.79
151.65,0,3.84,1,0.0983,86.16,4.15,1,0.0925,85.85,1.28,1,0.0767,88.72
151.77,0,1.04,1,0.1193,88.96,3.87,1,0.0926,86.13,1.63,1,0.0708,88.37
151.88,0,1.61,1,0.1397,88.39,3.62,1,0.0922,86.38,2.00,1,0.0660,88.00
151.99,0,3.97,1,0.1566,86.03,3.41,1,0.0925,86.59,1.94,1,0.0668,88.06
152.10,0,3.97,1,0.1566,86.03,3.41,1,0.0925,86.59,2.30,1,0.0607,87.70
152.21,0,6.02,1,0.1704,83.98,3.13,1,0.0942,86.87,2.59,1,0.0546,87.41
152.33,0,6.02,1,0.1704,83.98,3.13,1,0.0942,86.87,2.59,1,0.0546,87.41
152.43,0,7.86,1,0.1821,82.14,2.78,1,0.0967,87.22,2.93,1,0.0484,87.07
152.53,0,7.86,1,0.1821,82.14,2.78,1,0.0967,87.22,2.93,1,0.0484,87.07
152.64,0,9.59,1,0.1926,80.41,2.41,1,0.0985,87.59,3.35,1,0.0434,86.65
152.74,0,9.63,1,0.1935,80.37,2.39,1,0.0983,87.61,3.42,1,0.0437,86.58
152.85,0,11.16,1,0.2016,78.84,2.13,1,0.0991,87.87,3.79,1,0.0403,86.21
152.95,0,11.16,1,0.2016,78.84,2.13,1,0.0991,87.87,3.79,1,0.0403,86.21
153.06,0,12.46,1,0.2082,77.54,1.97,1,0.0989,88.03,4.15,1,0.0383,85.85
153.17,0,13.38,1,0.2123,76.62,1.83,1,0.0992,88.17,4.43,1,0.0358,85.57
153.28,0,13.38,1,0.2123,76.62,1.83,1,0.0992,88.17,4.43,1,0.0358,85.57
153.39,0,14.04,1,0.2158,75.96,1.64,1,0.0999,88.36,4.78,1,0.0332,85.22
153.50,0,14.48,1,0.2176,75.52,1.47,1,0.1003,88.53,5.10,1,0.0312,84.90
153.61,0,14.48,1,0.2176,75.52,1.47,1,0.1003,88.53,5.10,1,0.0312,84.90
153.71,0,14.67,1,0.2182,75.33,1.33,1,0.1007,88.67,5.41,1,0.0294,84.59
153.83,0,14.56,1,0.2178,75.44,1.33,1,0.1007,88.67,5.41,1,0.0294,84.59
153.94,0,14.56,1,0.2178,75.44,1.24,1,0.1013,88.76,5.70,1,0.0278,84.30
154.04,0,14.56,1,0.2178,75.44,1.24,1,0.1013,88.76,5.70,1,0.0278,84.30
154.14,0,14.17,1,0.2165,75.83,1.17,1,0.1020,88.83,6.00,1,0.0265,84.00
154.24,0,14.17,1,0.2165,75.83,1.17,1,0.1020,88.83,6.00,1,0.0265,84.00
154.35,0,13.44,1,0.2141,76.56,1.05,1,0.1044,88.95,6.22,1,0.0233,83.78
154.45,0,13.44,1,0.2141,76.56,1.05,1,0.1044,88.95,6.22,1,0.0233,83.78
154.57,0,12.55,1,0.2103,77.45,0.99,1,0.1057,89.01,6.39,1,0.0211,83.61
154.67,0,12.55,1,0.2103,77.45,0.99,1,0.1057,89.01,6.39,1,0.0211,83.61
154.79,0,11.47,1,0.2069,78.53,0.90,1,0.1077,89.10,6.60,1,0.0194,83.40
154.89,0,10.29,1,0.2035,79.71,0.87,1,0.1089,89.13,6.85,1,0.0200,83.15
155.01,0,10.29,1,0.2035,79.71,0.87,1,0.1089,89.13,6.85,1,0.0200,83.15
155.12,0,9.06,1,0.1994,80.94,0.95,1,0.1088,89.05,7.08,1,0.0225,82.92
155.23,0,7.72,1,0.1937,82.28,1.10,1,0.1079,88.90,7.20,1,0.0246,82.80
155.33,0,7.72,1,0.1937,82.28,1.10,1,0.1079,88.90,7.20,1,0.0246,82.80
155.45,0,6.19,1,0.1870,83.81,1.24,1,0.1077,88.76,7.19,1,0.0254,82.81
155.55,0,6.19,1,0.1870,83.81,1.24,1,0.1077,88.76,7.19,1,0.0254,82.81
155.65,0,4.52,1,0.1808,85.48,1.35,1,0.1088,88.65,7.14,1,0.0260,82.86
155.76,0,4.52,1,0.1808,85.48,1.35,1,0.1088,88.65,7.14,1,0.0260,82.86
155.87,0,2.80,1,0.1761,87.20,1.43,1,0.1104,88.57,7.11,1,0.0280,82.89
155.97,0,2.80,1,0.1774,87.20,1.36,1,0.1113,88.64,7.18,1,0.0289,82.82
156.08,0,1.15,1,0.1720,88.85,1.56,1,0.1114,88.44,7.09,1,0.0317,82.91
156.19,0,0.46,1,0.1668,89.54,1.58,1,0.1106,88.42,7.13,1,0.0326,82.87
156.30,0,0.46,1,0.1668,89.54,1.77,1,0.1110,88.23,6.96,1,0.0356,83.04
156.41,0,2.11,1,0.1601,87.89,2.06,1,0.1099,87.94,6.67,1,0.0385,83.33
156.52,0,2.11,1,0.1601,87.89,2.06,1,0.1099,87.94,6.67,1,0.0385,83.33
156.62,0,3.86,1,0.1532,86.14,2.36,1,0.1094,87.64,6.27,1,0.0401,83.73
156.73,0,5.68,1,0.1479,84.32,2.61,1,0.1104,87.39,5.84,1,0.0415,84.16
156.85,0,5.68,1,0.1479,84.32,2.61,1,0.1104,87.39,5.84,1,0.0415,84.16
156.95,0,7.42,1,0.1443,82.58,2.80,1,0.1122,87.20,5.47,1,0.0443,84.53
157.06,0,7.42,1,0.1443,82.58,2.80,1,0.1122,87.20,5.47,1,0.0443,84.53
157.17,0,9.03,1,0.1408,80.97,3.02,1,0.1133,86.98,5.10,1,0.0485,84.90
157.29,0,10.53,1,0.1359,79.47,3.35,1,0.1125,86.65,4.65,1,0.0530,85.35
157.39,0,12.05,1,0.1298,77.95,3.77,1,0.1110,86.23,4.10,1,0.0563,85.90
157.49,0,12.05,1,0.1298,77.95,3.77,1,0.1110,86.23,4.10,1,0.0563,85.90
157.59,0,12.05,1,0.1298,77.95,3.77,1,0.1110,86.23,4.10,1,0.0563,85.90
157.71,0,13.59,1,0.1246,76.41,4.19,1,0.1105,85.81,3.51,1,0.0583,86.49
157.83,0,15.07,1,0.1216,74.93,4.51,1,0.1119,85.49,2.97,1,0.0601,87.03
157.93,0,15.07,1,0.1216,74.93,4.51,1,0.1119,85.49,2.97,1,0.0601,87.03
158.03,0,16.36,1,0.1200,73.64,4.75,1,0.1139,85.25,2.53,1,0.0630,87.47
158.14,0,17.40,1,0.1179,72.60,5.04,1,0.1146,84.96,2.14,1,0.0673,87.86
158.26,0,17.40,1,0.1179,72.60,5.04,1,0.1146,84.96,2.14,1,0.0673,87.86
158.37,0,18.21,0,0.1146,71.79,5.45,1,0.1134,84.55,1.72,1,0.0718,88.28
158.48,0,18.21,0,0.1146,71.79,5.45,1,0.1134,84.55,1.72,1,0.0718,88.28
158.58,0,18.82,0,0.1112,71.18,5.89,1,0.1120,84.11,1.24,1,0.0749,88.76
158.68,0,18.82,0,0.1112,71.18,5.89,1,0.1120,84.11,1.24,1,0.0749,88.76
158.80,0,19.18,0,0.1098,70.82,6.21,1,0.1122,83.79,0.77,1,0.0764,89.23
158.90,0,19.18,0,0.1098,70.82,6.21,1,0.1122,83.79,0.77,1,0.0764,89.23
159.01,0,19.29,0,0.1105,70.71,6.36,1,0.1144,83.64,0.39,1,0.0776,89.61
159.12,0,19.31,0,0.1115,70.69,6.45,1,0.1164,83.55,0.13,1,0.0800,89.87
159.23,0,19.31,0,0.1115,70.69,6.45,1,0.1164,83.55,0.13,1,0.0800,89.87
159.35,0,19.25,0,0.1110,70.75,6.61,1,0.1166,83.39,0.07,1,0.0836,89.93
159.46,0,19.11,0,0.1072,70.89,7.12,1,0.1145,82.88,0.57,1,0.0892,89.43
159.56,0,19.24,0,0.1068,70.76,7.22,1,0.1156,82.78,0.82,1,0.0898,89.18
159.66,0,19.44,0,0.1074,70.56,7.20,1,0.1178,82.80,0.96,1,0.0902,89.04
159.78,0,19.65,0,0.1068,70.35,7.21,1,0.1194,82.79,0.96,1,0.0943,89.04
159.88,0,19.71,0,0.1052,70.29,7.29,1,0.1187,82.71,0.96,1,0.0968,89.04
159.99,0,19.90,0,0.1035,70.10,7.31,1,0.1187,82.69,0.98,1,0.0979,89.02
160.10,0,20.59,0,0.1032,69.41,7.07,1,0.1225,82.93,0.85,1,0.0974,89.15
160.21,0,20.87,0,0.1035,69.13,6.91,1,0.1243,83.09,0.62,1,0.0982,89.38
160.32,0,21.02,0,0.1015,68.98,6.85,1,0.1235,83.15,0.38,1,0.1012,89.62
160.42,0,21.70,0,0.0989,68.30,6.57,1,0.1251,83.43,0.06,1,0.1027,89.94
160.53,0,22.20,0,0.0982,67.80,6.38,1,0.1271,83.62,0.28,1,0.1018,89.72
160.64,0,22.70,0,0.1000,67.30,6.04,1,0.1310,83.96,0.68,1,0.1009,89.32
160.74,0,23.47,0,0.0981,66.53,5.58,1,0.1331,84.42,1.44,1,0.1034,88.56
160.85,0,23.89,0,0.0957,66.11,5.41,1,0.1330,84.59,1.79,1,0.1050,88.21
160.96,0,24.57,0,0.0947,65.43,5.21,1,0.1355,84.79,2.03,1,0.1030,87.97
161.07,0,25.72,0,0.0947,64.28,4.67,1,0.1403,85.33,2.85,1,0.1028,87.15
161.18,0,26.26,0,0.0949,63.74,4.35,1,0.1422,85.65,3.32,1,0.1035,86.68
161.30,0,27.37,0,0.0906,62.63,4.06,1,0.1418,85.94,4.11,1,0.1068,85.89
161.42,0,28.08,0,0.0895,61.92,3.95,1,0.1433,86.05,4.39,1,0.1065,85.61
161.54,0,29.61,0,0.0915,60.39,3.42,1,0.1487,86.58,5.08,1,0.1048,84.92
161.65,0,30.29,0,0.0913,59.71,3.21,1,0.1493,86.79,5.47,1,0.1059,84.53
161.75,0,30.92,0,0.0882,59.08,3.24,1,0.1477,86.76,5.73,1,0.1086,84.27
161.85,0,32.55,0,0.0875,57.45,3.07,1,0.1501,86.93,6.13,1,0.1096,83.87
161.97,0,33.46,0,0.0889,56.54,2.90,1,0.1524,87.10,6.29,1,0.1088,83.71
162.08,0,35.14,0,0.0899,54.86,2.72,1,0.1542,87.28,6.68,1,0.1107,83.32
162.19,0,35.97,0,0.0886,54.03,2.78,1,0.1536,87.22,6.78,1,0.1134,83.22
162.30,0,36.95,0,0.0887,53.05,2.86,1,0.1547,87.14,6.66,1,0.1140,83.34
162.41,0,38.90,0,0.0908,51.10,2.84,1,0.1567,87.16,6.61,1,0.1155,83.39
162.52,0,39.94,0,0.0925,50.06,2.87,1,0.1580,87.13,6.58,1,0.1164,83.42
162.63,0,41.87,0,0.0923,48.13,3.09,1,0.1573,86.91,6.40,1,0.1222,83.60
162.74,0,42.89,0,0.0924,47.11,3.25,1,0.1568,86.75,6.18,1,0.1242,83.82
162.84,0,44.14,0,0.0963,45.86,3.34,1,0.1597,86.66,5.94,1,0.1225,84.06
162.96,0,46.37,0,0.0998,43.63,3.66,1,0.1608,86.34,5.76,1,0.1249,84.24
163.07,0,47.36,0,0.0992,42.64,3.87,1,0.1592,86.13,5.70,1,0.1283,84.30
163.19,0,49.58,0,0.1015,40.42,4.34,1,0.1581,85.66,5.38,1,0.1309,84.62
163.29,0,50.85,0,0.1047,39.15,4.62,1,0.1592,85.38,5.18,1,0.1305,84.82
163.40,0,53.36,0,0.1113,36.64,4.96,1,0.1622,85.04,5.01,1,0.1304,84.99
163.52,0,54.49,0,0.1120,35.51,5.18,1,0.1610,84.82,4.95,1,0.1326,85.05
163.63,0,56.93,0,0.1153,33.07,5.94,1,0.1586,84.06,4.62,1,0.1357,85.38
163.74,0,58.37,0,0.1199,31.63,6.24,1,0.1605,83.76,4.43,1,0.1350,85.57
163.84,0,59.80,0,0.1244,30.20,6.32,1,0.1631,83.68,4.37,1,0.1342,85.63
163.96,0,62.32,0,0.1276,27.68,6.67,1,0.1629,83.33,3.98,1,0.1416,86.02
164.08,0,63.67,0,0.1303,26.33,6.91,1,0.1639,83.09,3.52,1,0.1462,86.48
164.19,0,66.57,0,0.1384,23.43,6.67,1,0.1726,83.33,2.60,1,0.1543,87.40
164.31,0,67.98,0,0.1421,22.02,6.21,1,0.1782,83.79,2.20,1,0.1588,87.80
164.41,0,70.60,0,0.1464,19.40,5.57,1,0.1870,84.43,1.26,1,0.1734,88.74
164.52,0,71.96,0,0.1491,18.04,5.21,1,0.1924,84.79,0.75,1,0.1805,89.25
164.63,0,74.95,0,0.1582,15.05,4.15,1,0.2068,85.85,0.20,1,0.1895,89.80
164.74,0,76.42,0,0.1622,13.58,3.58,1,0.2134,86.42,0.52,1,0.1931,89.48
164.85,0,79.18,0,0.1670,10.82,2.69,1,0.2223,87.31,0.99,1,0.2031,89.01
164.96,0,80.65,0,0.1702,9.35,2.34,1,0.2265,87.66,1.23,1,0.2077,88.77
165.07,0,83.79,0,0.1797,6.21,1.60,1,0.2373,88.40,1.58,1,0.2117,88.42
165.17,0,85.33,0,0.1839,4.67,1.24,1,0.2420,88.76,1.59,1,0.2131,88.41
165.29,0,88.24,0,0.1892,1.76,0.70,1,0.2466,89.30,1.43,1,0.2194,88.57
165.41,0,89.73,0,0.1924,0.27,0.55,1,0.2490,89.45,1.37,1,0.2223,88.63
165.53,0,92.95,0,0.2024,-2.95,0.22,1,0.2575,89.78,1.11,1,0.2233,88.89
165.64,0,94.45,0,0.2057,-4.45,0.02,1,0.2599,89.98,0.76,1,0.2241,89.24
165.75,0,97.37,0,0.2113,-7.37,0.17,1,0.2622,89.83,0.14,1,0.2291,89.86
165.86,0,99.02,0,0.2166,-9.02,0.11,1,0.2657,89.89,0.07,1,0.2305,89.93
165.97,0,102.19,0,0.2252,-12.19,0.15,1,0.2710,89.85,0.83,1,0.2327,89.17
166.07,0,103.67,0,0.2280,-13.67,0.23,1,0.2716,89.77,1.33,1,0.2347,88.67
166.18,0,106.68,0,0.2338,-16.68,0.01,1,0.2725,89.99,2.11,1,0.2422,87.89
166.29,0,108.38,0,0.2394,-18.38,0.22,1,0.2759,89.78,2.34,1,0.2448,87.66
166.40,0,111.61,0,0.2480,-21.61,0.44,1,0.2791,89.56,2.98,1,0.2506,87.02
166.52,0,114.61,0,0.2538,-24.61,0.81,1,0.2791,89.19,3.60,1,0.2591,86.40
166.63,0,116.12,0,0.2563,-26.12,1.15,1,0.2792,88.85,3.78,1,0.2649,86.22
166.73,0,119.40,0,0.2656,-29.40,1.72,1,0.2831,88.28,3.91,1,0.2727,86.09
166.84,0,121.01,0,0.2704,-31.01,1.93,1,0.2851,88.07,4.00,1,0.2754,86.00
166.94,0,124.00,0,0.2759,-34.00,2.53,1,0.2868,87.47,4.17,1,0.2845,85.83
167.06,0,125.50,0,0.2784,-35.50,2.89,1,0.2877,87.11,4.14,1,0.2900,85.86
167.17,0,128.73,0,0.2876,-38.73,3.48,1,0.2933,86.52,3.94,1,0.2962,86.06
167.27,0,130.32,0,0.2922,-40.32,3.70,1,0.2967,86.30,3.90,1,0.2981,86.10
167.37,0,133.21,0,0.2969,-43.21,4.19,1,0.2996,85.81,3.87,1,0.3055,86.13
167.48,0,134.69,0,0.2994,-44.69,4.48,1,0.3010,85.52,3.77,1,0.3098,86.23
167.58,0,137.86,0,0.3084,-47.86,4.92,1,0.3085,85.08,3.49,1,0.3138,86.51
167.69,0,139.38,0,0.3127,-49.38,5.04,1,0.3120,84.96,3.43,1,0.3149,86.57
167.80,0,142.18,0,0.3168,-52.18,5.36,1,0.3144,84.64,3.35,1,0.3214,86.65
167.90,0,143.60,0,0.3191,-53.60,5.64,1,0.3159,84.36,3.22,1,0.3252,86.78
168.02,0,146.67,0,0.3279,-56.67,6.08,1,0.3230,83.92,2.91,1,0.3285,87.09
168.13,0,149.44,0,0.3337,-59.44,6.36,1,0.3257,83.64,2.80,1,0.3327,87.20
168.24,0,150.77,0,0.3347,-60.77,6.70,1,0.3256,83.30,2.66,1,0.3380,87.34
168.36,0,153.62,0,0.3411,-63.62,7.19,1,0.3299,82.81,2.35,1,0.3439,87.65
168.47,0,156.45,0,0.3488,-66.45,7.43,1,0.3338,82.57,2.12,1,0.3477,87.88
168.57,0,157.73,0,0.3505,-67.73,7.61,1,0.3340,82.39,2.06,1,0.3515,87.94
168.67,0,160.34,0,0.3537,-70.34,8.09,1,0.3351,81.91,1.81,1,0.3610,88.19
168.79,0,161.87,0,0.3594,-71.87,8.17,1,0.3394,81.83,1.63,1,0.3616,88.37
168.90,0,164.48,0,0.3645,-74.48,8.28,1,0.3418,81.72,1.54,1,0.3670,88.46
169.01,0,166.93,0,0.3666,-76.93,8.46,1,0.3424,81.54,1.53,1,0.3750,88.47
169.12,0,168.25,1,0.3687,-78.25,8.51,1,0.3444,81.49,1.46,1,0.3784,88.54
169.24,0,170.98,1,0.3762,-80.98,8.37,1,0.3504,81.63,1.41,1,0.3804,88.59
169.35,0,172.24,1,0.3787,-82.24,8.25,1,0.3522,81.75,1.49,1,0.3817,88.51
169.45,0,173.42,1,0.3796,-83.42,8.15,1,0.3530,81.85,1.61,1,0.3842,88.39
169.56,0,174.63,1,0.3803,-84.63,8.09,1,0.3536,81.91,1.69,1,0.3873,88.31
169.68,0,175.92,1,0.3823,-85.92,8.00,1,0.3552,82.00,1.72,1,0.3891,88.28
169.80,0,177.35,1,0.3877,-87.35,7.74,1,0.3594,82.26,1.75,1,0.3866,88.25
169.90,0,178.57,1,0.3898,-88.57,7.40,1,0.3598,82.60,1.90,1,0.3857,88.10
170.01,0,179.79,1,0.3915,-89.79,6.99,1,0.3596,83.01,2.00,1,0.3852,88.00
170.11,0,179.05,1,0.3921,-89.05,6.43,1,0.3571,83.57,2.13,1,0.3845,87.87
170.22,0,177.86,1,0.3926,-87.86,5.82,1,0.3543,84.18,2.18,1,0.3828,87.82
170.33,0,176.57,1,0.3946,-86.57,5.11,1,0.3523,84.89,2.14,1,0.3782,87.86
170.45,0,175.25,1,0.3980,-85.25,4.26,1,0.3501,85.74,2.08,1,0.3704,87.92
170.56,0,173.97,1,0.4012,-83.97,3.28,1,0.3457,86.72,2.06,1,0.3613,87.94
170.66,0,172.79,1,0.4029,-82.79,2.28,1,0.3381,87.72,2.08,1,0.3524,87.92
170.77,0,171.65,1,0.4032,-81.65,1.37,1,0.3290,88.63,2.06,1,0.3435,87.94
170.87,0,170.46,1,0.4035,-80.46,0.57,1,0.3203,89.43,1.95,1,0.3339,88.05
170.98,0,169.18,1,0.4055,-79.18,0.19,1,0.3125,89.81,1.79,1,0.3225,88.21
171.10,0,167.86,1,0.4088,-77.86,0.93,1,0.3044,89.07,1.64,1,0.3097,88.36
171.21,0,166.61,1,0.4117,-76.61,1.02,1,0.3057,88.98,1.65,1,0.3077,88.35
171.31,0,166.64,1,0.4118,-76.64,1.67,1,0.2943,88.33,1.63,1,0.2965,88.37
171.42,0,165.44,1,0.4130,-75.44,2.11,1,0.2838,87.89,1.56,1,0.2864,88.44
171.53,0,164.30,1,0.4130,-74.30,2.40,1,0.2729,87.60,1.54,1,0.2772,88.46
171.64,0,163.10,1,0.4133,-73.10,2.52,1,0.2627,87.48,1.45,1,0.2685,88.55
171.75,0,163.10,1,0.4133,-73.10,2.52,1,0.2627,87.48,1.45,1,0.2685,88.55
171.87,0,161.82,1,0.4151,-71.82,2.56,1,0.2540,87.44,1.34,1,0.2591,88.66
171.99,0,160.51,1,0.4182,-70.51,2.58,1,0.2462,87.42,1.27,1,0.2488,88.73
172.10,0,160.51,1,0.4182,-70.51,2.58,1,0.2462,87.42,1.27,1,0.2488,88.73
172.20,0,159.27,1,0.4208,-69.27,2.53,1,0.2377,87.47,1.29,1,0.2389,88.71
172.32,0,158.10,1,0.4216,-68.10,2.34,1,0.2278,87.66,1.36,1,0.2307,88.64
172.42,0,158.10,1,0.4216,-68.10,2.34,1,0.2278,87.66,1.36,1,0.2307,88.64
172.54,0,156.96,1,0.4213,-66.96,1.96,1,0.2174,88.04,1.42,1,0.2239,88.58
172.66,0,155.75,1,0.4214,-65.75,1.46,1,0.2080,88.54,1.40,1,0.2171,88.60
172.76,0,155.75,1,0.4214,-65.75,1.46,1,0.2080,88.54,1.40,1,0.2171,88.60
172.88,0,154.45,1,0.4232,-64.45,0.94,1,0.2001,89.06,1.35,1,0.2089,88.65
173.00,0,153.14,1,0.4260,-63.14,0.45,1,0.1927,89.55,1.35,1,0.1993,88.65
173.12,0,153.14,1,0.4260,-63.14,0.45,1,0.1927,89.55,1.35,1,0.1993,88.65
173.22,0,151.90,1,0.4281,-61.90,0.06,1,0.1841,89.94,1.44,1,0.1899,88.56
173.34,0,150.73,1,0.4285,-60.73,0.65,1,0.1740,89.35,1.57,1,0.1820,88.43
173.45,0,150.73,1,0.4285,-60.73,0.65,1,0.1740,89.35,1.57,1,0.1820,88.43
173.56,0,149.57,1,0.4278,-59.57,1.34,1,0.1634,88.66,1.66,1,0.1755,88.34
173.68,0,148.33,1,0.4278,-58.33,2.05,1,0.1540,87.95,1.66,1,0.1688,88.34
173.79,0,148.33,1,0.4278,-58.33,2.05,1,0.1540,87.95,1.66,1,0.1688,88.34
173.90,0,147.02,1,0.4294,-57.02,2.69,1,0.1462,87.31,1.63,1,0.1605,88.37
174.00,0,147.02,1,0.4294,-57.02,2.69,1,0.1462,87.31,1.63,1,0.1605,88.37
174.11,0,145.70,0,0.4319,-55.70,3.20,1,0.1390,86.80,1.65,1,0.1509,88.35
174.21,0,144.45,0,0.4337,-54.45,3.10,1,0.1399,86.90,1.69,1,0.1494,88.31
174.32,0,144.45,0,0.4337,-54.45,3.63,1,0.1309,86.37,1.76,1,0.1419,88.24
174.42,0,143.27,0,0.4336,-53.27,4.09,1,0.1217,85.91,1.89,1,0.1346,88.11
174.53,0,143.27,0,0.4336,-53.27,4.09,1,0.1217,85.91,1.89,1,0.1346,88.11
174.63,0,142.08,0,0.4325,-52.08,4.58,1,0.1126,85.42,1.96,1,0.1284,88.04
174.74,0,140.81,0,0.4323,-50.81,5.05,1,0.1052,84.95,1.94,1,0.1220,88.06
174.85,0,140.81,0,0.4323,-50.81,5.05,1,0.1052,84.95,1.94,1,0.1220,88.06
174.95,0,139.46,0,0.4337,-49.46,5.39,1,0.0996,84.61,1.88,1,0.1141,88.12
175.06,0,138.12,0,0.4359,-48.12,5.59,1,0.0945,84.41,1.88,1,0.1051,88.12
175.18,0,136.91,0,0.4366,-46.91,5.69,1,0.0880,84.31,2.04,1,0.0968,87.96
175.28,0,134.42,0,0.4353,-44.42,6.00,1,0.0763,84.00,2.08,1,0.0839,87.92
175.40,0,133.10,0,0.4349,-43.10,6.12,1,0.0715,83.88,2.00,1,0.0781,88.00
175.51,0,131.64,0,0.4381,-41.64,6.03,1,0.0702,83.97,1.88,1,0.0696,88.12
175.61,0,129.05,0,0.4387,-39.05,5.94,1,0.0628,84.06,1.98,1,0.0578,88.02
175.72,0,127.81,0,0.4377,-37.81,5.92,1,0.0588,84.08,2.10,1,0.0533,87.90
175.84,0,126.53,0,0.4360,-36.53,5.96,1,0.0550,84.04,2.16,1,0.0507,87.84
175.94,0,123.72,0,0.4363,-33.72,5.75,1,0.0535,84.25,2.17,1,0.0453,87.83
176.05,0,122.31,0,0.4377,-32.31,5.41,1,0.0549,84.59,2.28,1,0.0414,87.72
176.16,0,120.98,0,0.4379,-30.98,5.03,1,0.0553,84.97,2.46,1,0.0383,87.54
176.27,0,118.33,0,0.4342,-28.33,4.41,1,0.0546,85.59,2.73,1,0.0373,87.27
176.38,0,116.89,0,0.4333,-26.89,4.08,1,0.0565,85.92,2.75,1,0.0373,87.25
176.48,0,115.40,0,0.4340,-25.40,3.66,1,0.0599,86.34,2.79,1,0.0360,87.21
176.58,0,113.94,0,0.4349,-23.94,3.19,1,0.0630,86.81,2.91,1,0.0339,87.09
176.69,0,111.19,0,0.4322,-21.19,2.47,1,0.0645,87.53,3.30,1,0.0320,86.70
176.79,0,109.77,0,0.4297,-19.77,2.26,1,0.0649,87.74,3.45,1,0.0325,86.55
176.89,0,108.27,0,0.4283,-18.27,2.04,1,0.0670,87.96,3.56,1,0.0323,86.44
177.00,0,106.72,0,0.4285,-16.72,1.74,1,0.0701,88.26,3.68,1,0.0307,86.32
177.10,0,103.78,0,0.4277,-13.78,1.13,1,0.0729,88.87,4.20,1,0.0264,85.80
177.20,0,102.37,0,0.4249,-12.37,0.98,1,0.0722,89.02,4.50,1,0.0257,85.50
177.31,0,100.90,0,0.4218,-10.90,0.92,1,0.0724,89.08,4.73,1,0.0257,85.27
177.41,0,99.35,0,0.4201,-9.35,0.83,1,0.0743,89.17,4.88,1,0.0251,85.12
177.52,0,96.22,0,0.4195,-6.22,0.47,1,0.0777,89.53,5.35,1,0.0205,84.65
177.62,0,94.76,0,0.4177,-4.76,0.38,1,0.0770,89.62,5.72,1,0.0180,84.28
177.72,0,93.32,0,0.4142,-3.32,0.42,1,0.0756,89.58,6.04,1,0.0170,83.96
177.83,0,91.81,1,0.4107,-1.81,0.51,1,0.0753,89.49,6.25,1,0.0170,83.75
177.95,0,90.13,1,0.4104,-0.13,0.49,1,0.0786,89.51,6.33,1,0.0155,83.67
178.06,0,88.62,1,0.4079,1.38,0.56,1,0.0778,89.44,6.58,1,0.0142,83.42
178.16,0,87.07,1,0.4070,2.93,0.55,1,0.0774,89.45,6.88,1,0.0111,83.12
178.27,0,85.59,1,0.4044,4.41,0.64,1,0.0756,89.36,7.21,1,0.0085,82.79
178.38,0,84.14,1,0.4004,5.86,0.84,1,0.0738,89.16,7.45,1,0.0077,82.55
178.49,0,82.62,1,0.3965,7.38,1.09,1,0.0729,88.91,7.57,1,0.0080,82.43
178.59,0,82.53,1,0.3970,7.47,1.10,1,0.0745,88.90,7.46,1,0.0089,82.54
178.71,0,81.01,0,0.3940,8.99,1.29,1,0.0729,88.71,7.65,1,0.0077,82.35
178.81,0,79.40,0,0.3928,10.60,1.21,1,0.0749,88.79,7.61,1,0.0076,82.39
178.92,0,79.40,0,0.3928,10.60,1.43,1,0.0731,88.57,7.80,1,0.0065,82.20
179.02,0,77.87,0,0.3913,12.13,1.57,1,0.0723,88.43,8.02,1,0.0054,81.98
179.12,0,77.87,0,0.3913,12.13,1.57,1,0.0723,88.43,8.02,1,0.0054,81.98
179.23,0,76.42,0,0.3882,13.58,1.80,1,0.0702,88.20,8.23,1,0.0046,81.77
179.33,0,76.42,0,0.3882,13.58,1.80,1,0.0702,88.20,8.23,1,0.0046,81.77
179.43,0,74.96,0,0.3837,15.04,2.13,1,0.0678,87.87,8.35,1,0.0040,81.65
179.53,0,74.96,0,0.3837,15.04,2.13,1,0.0678,87.87,8.35,1,0.0040,81.65
179.65,0,73.43,0,0.3795,16.57,2.49,1,0.0665,87.51,8.35,1,0.0046,81.65
179.76,0,71.85,0,0.3769,18.15,2.80,1,0.0665,87.20,8.33,1,0.0065,81.67
179.87,0,68.75,0,0.3735,21.25,3.23,1,0.0661,86.77,8.41,1,0.0103,81.59
179.98,0,67.32,0,0.3698,22.68,3.54,1,0.0640,86.46,8.42,1,0.0098,81.58
180.08,0,65.89,0,0.3649,24.11,3.95,1,0.0615,86.05,8.33,1,0.0084,81.67
180.18,0,64.38,0,0.3605,25.62,4.38,1,0.0601,85.62,8.14,1,0.0078,81.86
180.29,0,61.25,0,0.3560,28.75,5.03,1,0.0608,84.97,7.74,1,0.0104,82.26
180.39,0,59.79,0,0.3536,30.21,5.32,1,0.0600,84.68,7.62,1,0.0110,82.38
180.51,0,58.38,0,0.3496,31.62,5.71,1,0.0575,84.29,7.51,1,0.0105,82.49
180.62,0,55.47,0,0.3400,34.53,6.67,1,0.0536,83.33,7.00,1,0.0087,83.00
180.73,0,53.93,0,0.3372,36.07,7.04,1,0.0543,82.96,6.67,1,0.0090,83.33
180.83,0,52.41,0,0.3353,37.59,7.32,1,0.0549,82.68,6.43,1,0.0104,83.57
180.93,0,51.03,0,0.3320,38.97,7.62,1,0.0527,82.38,6.36,1,0.0123,83.64
181.04,0,48.22,0,0.3230,41.78,8.45,1,0.0489,81.55,5.95,1,0.0136,84.05
181.14,0,46.75,0,0.3186,43.25,8.85,1,0.0482,81.15,5.64,1,0.0130,84.36
181.25,0,45.23,0,0.3158,44.77,9.12,1,0.0492,80.88,5.36,1,0.0132,84.64
181.37,0,42.36,0,0.3110,47.64,9.46,1,0.0492,80.54,5.14,1,0.0179,84.86
181.48,0,41.02,0,0.3065,48.98,9.73,1,0.0470,80.27,5.06,1,0.0200,84.94
181.58,0,39.64,0,0.3011,50.36,10.02,1,0.0452,79.98,4.86,1,0.0204,85.14
181.68,0,38.20,0,0.2969,51.80,10.21,1,0.0454,79.79,4.62,1,0.0201,85.38
181.78,0,35.25,0,0.2923,54.75,10.20,1,0.0481,79.80,4.42,1,0.0232,85.58
181.89,0,33.88,0,0.2892,56.12,10.17,1,0.0478,79.83,4.43,1,0.0261,85.57
181.99,0,32.57,0,0.2846,57.43,10.19,1,0.0464,79.81,4.40,1,0.0279,85.60
182.09,0,31.21,0,0.2794,58.79,10.21,1,0.0456,79.79,4.29,1,0.0284,85.71
182.20,0,28.27,0,0.2730,61.73,9.93,1,0.0485,80.07,4.13,1,0.0298,85.87
182.30,0,26.85,1,0.2711,63.15,9.63,1,0.0505,80.37,4.17,1,0.0320,85.83
182.40,0,25.51,1,0.2679,64.49,9.33,1,0.0513,80.67,4.25,1,0.0345,85.75
182.52,0,24.19,1,0.2630,65.81,9.05,1,0.0512,80.95,4.31,1,0.0364,85.69
182.62,0,24.19,1,0.2630,65.81,9.05,1,0.0512,80.95,4.31,1,0.0364,85.69
182.73,0,22.75,1,0.2578,67.25,8.73,1,0.0517,81.27,4.30,1,0.0373,85.70
182.83,0,21.09,1,0.2536,68.91,8.32,1,0.0539,81.68,4.23,1,0.0375,85.77
182.94,0,19.24,1,0.2500,70.76,7.80,1,0.0573,82.20,4.18,1,0.0381,85.82
183.05,0,17.26,1,0.2455,72.74,7.23,1,0.0604,82.77,4.19,1,0.0398,85.81
183.15,0,15.13,1,0.2391,74.87,7.19,1,0.0602,82.81,4.27,1,0.0411,85.73
183.26,0,15.13,1,0.2391,74.87,6.70,1,0.0621,83.30,4.23,1,0.0423,85.77
183.36,0,12.84,1,0.2308,77.16,6.28,1,0.0625,83.72,4.23,1,0.0442,85.77
183.46,0,12.84,1,0.2308,77.16,6.28,1,0.0625,83.72,4.23,1,0.0442,85.77
183.58,0,10.37,1,0.2223,79.63,5.91,1,0.0633,84.09,4.11,1,0.0446,85.89
183.69,0,7.76,1,0.2150,82.24,5.44,1,0.0661,84.56,3.95,1,0.0440,86.05
183.80,0,7.76,1,0.2150,82.24,5.44,1,0.0661,84.56,3.95,1,0.0440,86.05
183.91,0,5.13,1,0.2091,84.87,4.84,1,0.0702,85.16,3.86,1,0.0440,86.14
184.01,0,5.13,1,0.2091,84.87,4.84,1,0.0702,85.16,3.86,1,0.0440,86.14
184.13,0,2.58,1,0.2033,87.42,4.19,1,0.0731,85.81,3.87,1,0.0458,86.13
184.24,0,0.11,1,0.1968,89.89,3.62,1,0.0740,86.38,3.93,1,0.0483,86.07
184.34,0,0.11,1,0.1968,89.89,3.62,1,0.0740,86.38,3.93,1,0.0483,86.07
184.45,0,2.32,1,0.1897,87.68,3.14,1,0.0744,86.86,3.92,1,0.0497,86.08
184.56,0,2.32,1,0.1897,87.68,3.14,1,0.0744,86.86,3.92,1,0.0497,86.08
184.67,0,4.76,1,0.1833,85.24,2.62,1,0.0770,87.38,3.81,1,0.0493,86.19
184.77,0,4.76,1,0.1833,85.24,2.62,1,0.0770,87.38,3.81,1,0.0493,86.19
184.88,0,7.22,1,0.1789,82.78,2.01,1,0.0814,87.99,3.69,1,0.0481,86.31
184.99,0,7.22,1,0.1789,82.78,2.01,1,0.0814,87.99,3.69,1,0.0481,86.31
185.11,0,9.58,1,0.1762,80.42,1.34,1,0.0855,88.66,3.68,1,0.0482,86.32
185.23,0,9.58,1,0.1762,80.42,1.34,1,0.0855,88.66,3.68,1,0.0482,86.32
185.34,0,9.60,1,0.1775,80.40,1.25,1,0.0863,88.75,3.74,1,0.0489,86.26
185.44,0,11.69,1,0.1735,78.31,0.75,1,0.0879,89.25,3.77,1,0.0498,86.23
185.56,0,13.51,1,0.1695,76.49,0.29,1,0.0894,89.71,3.84,1,0.0517,86.16
185.66,0,13.51,1,0.1695,76.49,0.29,1,0.0894,89.71,3.84,1,0.0517,86.16
185.78,0,15.13,1,0.1648,74.87,0.07,1,0.0919,89.93,3.80,1,0.0522,86.20
185.88,0,15.13,1,0.1648,74.87,0.07,1,0.0919,89.93,3.80,1,0.0522,86.20
185.98,0,16.64,1,0.1612,73.36,0.42,1,0.0955,89.58,3.68,1,0.0513,86.32
186.09,0,18.01,1,0.1593,71.99,0.79,1,0.0991,89.21,3.57,1,0.0501,86.43
186.19,0,18.01,0,0.1593,71.99,0.79,1,0.0991,89.21,3.57,1,0.0501,86.43
186.31,0,19.14,0,0.1583,70.86,1.15,1,0.1017,88.85,3.56,1,0.0500,86.44
186.43,0,19.14,0,0.1583,70.86,1.15,1,0.1017,88.85,3.56,1,0.0500,86.44
186.53,0,19.93,0,0.1564,70.07,1.41,1,0.1030,88.59,3.61,1,0.0511,86.39
186.63,0,19.93,0,0.1564,70.07,1.41,1,0.1030,88.59,3.61,1,0.0511,86.39
186.75,0,20.41,0,0.1530,69.59,1.54,1,0.1038,88.46,3.62,1,0.0525,86.38
186.85,0,20.41,0,0.1530,69.59,1.54,1,0.1038,88.46,3.62,1,0.0525,86.38
186.95,0,20.85,0,0.1492,69.15,1.55,1,0.1049,88.45,3.51,1,0.0530,86.49
187.05,0,20.85,0,0.1492,69.15,1.55,1,0.1049,88.45,3.51,1,0.0530,86.49
187.16,0,21.38,0,0.1466,68.62,1.53,1,0.1059,88.47,3.29,1,0.0521,86.71
187.27,0,22.08,0,0.1475,67.92,1.62,1,0.1082,88.38,3.07,1,0.0501,86.93
187.37,0,23.11,0,0.1437,66.89,1.45,1,0.1080,88.55,2.81,1,0.0519,87.19
187.47,0,23.63,0,0.1411,66.37,1.26,1,0.1076,88.74,2.67,1,0.0537,87.33
187.57,0,24.20,0,0.1381,65.80,0.98,1,0.1063,89.02,2.45,1,0.0547,87.55
187.68,0,24.99,0,0.1379,65.01,0.71,1,0.1076,89.29,2.09,1,0.0523,87.91
187.78,0,26.38,0,0.1366,63.62,0.15,1,0.1072,89.85,1.73,1,0.0533,88.27
187.89,0,27.09,0,0.1359,62.91,0.16,1,0.1066,89.84,1.62,1,0.0548,88.38
187.99,0,27.75,0,0.1337,62.25,0.56,1,0.1042,89.44,1.50,1,0.0571,88.50
188.10,0,29.28,0,0.1304,60.72,1.54,1,0.1016,88.46,1.07,1,0.0585,88.93
188.22,0,30.19,0,0.1314,59.81,1.96,1,0.1027,88.04,0.88,1,0.0574,89.12
188.33,0,31.07,0,0.1327,58.93,2.27,1,0.1020,87.73,0.89,1,0.0577,89.11
188.43,0,32.69,0,0.1302,57.31,3.20,1,0.0972,86.80,0.81,1,0.0609,89.19
188.54,0,33.53,0,0.1286,56.47,3.77,1,0.0953,86.23,0.73,1,0.0620,89.27
188.65,0,34.50,0,0.1290,55.50,4.28,1,0.0958,85.72,0.64,1,0.0612,89.36
188.75,0,36.56,0,0.1325,53.44,4.96,1,0.0954,85.04,0.71,1,0.0591,89.29
188.87,0,37.47,0,0.1323,52.53,5.32,1,0.0924,84.68,0.87,1,0.0601,89.13
188.97,0,38.35,0,0.1310,51.65,5.79,1,0.0897,84.21,1.01,1,0.0615,88.99
189.08,0,40.42,0,0.1321,49.58,6.67,1,0.0895,83.33,1.14,1,0.0605,88.86
189.19,0,41.58,0,0.1348,48.42,6.96,1,0.0898,83.04,1.28,1,0.0585,88.72
189.29,0,42.67,0,0.1367,47.33,7.25,1,0.0883,82.75,1.54,1,0.0575,88.46
189.40,0,44.65,0,0.1363,45.35,8.17,1,0.0834,81.83,2.10,1,0.0592,87.90
189.52,0,45.74,0,0.1369,44.26,8.68,1,0.0829,81.32,2.30,1,0.0591,87.70
189.63,0,47.07,0,0.1416,42.93,9.00,1,0.0848,81.00,2.46,1,0.0552,87.54
189.73,0,49.35,0,0.1449,40.65,9.68,1,0.0820,80.32,3.18,1,0.0537,86.82
189.83,0,50.43,0,0.1455,39.57,10.00,1,0.0798,80.00,3.61,1,0.0540,86.39
189.95,0,51.52,0,0.1457,38.48,10.36,1,0.0784,79.64,4.00,1,0.0546,86.00
190.05,0,54.03,0,0.1508,35.97,10.87,1,0.0796,79.13,4.63,1,0.0515,85.37
190.15,0,55.37,0,0.1545,34.63,10.94,1,0.0801,79.06,5.03,1,0.0489,84.97
190.25,0,56.63,0,0.1570,33.37,10.96,1,0.0792,79.04,5.51,1,0.0477,84.49
190.37,0,59.02,0,0.1590,30.98,11.09,1,0.0771,78.91,6.41,1,0.0485,83.59
190.47,0,60.37,0,0.1616,29.63,11.12,1,0.0781,78.88,6.74,1,0.0476,83.26
190.58,0,61.83,0,0.1658,28.17,11.01,1,0.0799,78.99,7.06,1,0.0454,82.94
190.69,0,64.68,0,0.1727,25.32,10.53,1,0.0806,79.47,7.88,1,0.0429,82.12
190.80,0,66.00,0,0.1742,24.00,10.31,1,0.0797,79.69,8.27,1,0.0441,81.73
190.91,0,67.44,0,0.1767,22.56,10.19,1,0.0812,79.81,8.43,1,0.0449,81.57
191.03,0,70.49,0,0.1844,19.51,9.45,1,0.0848,80.55,8.69,1,0.0449,81.31
191.13,0,72.06,0,0.1889,17.94,8.92,1,0.0866,81.08,8.83,1,0.0439,81.17
191.24,0,73.56,0,0.1919,16.44,8.40,1,0.0868,81.60,9.06,1,0.0449,80.94
191.34,0,76.51,0,0.1964,13.49,7.57,1,0.0883,82.43,9.51,1,0.0492,80.49
191.46,0,78.13,0,0.2006,11.87,7.14,1,0.0911,82.86,9.61,1,0.0487,80.39
191.56,0,79.92,0,0.2073,10.08,6.53,1,0.0947,83.47,9.64,1,0.0451,80.36
191.66,0,83.09,0,0.2139,6.91,5.55,1,0.0961,84.45,9.37,1,0.0455,80.63
191.76,0,84.61,0,0.2162,5.39,5.09,1,0.0970,84.91,8.96,1,0.0495,81.04
191.87,0,86.20,0,0.2192,3.80,4.63,1,0.0998,85.37,8.20,1,0.0533,81.80
191.98,0,89.67,1,0.2295,0.33,3.42,1,0.1093,86.58,5.92,1,0.0578,84.08
192.09,0,91.39,1,0.2344,-1.39,2.68,1,0.1135,87.32,4.77,1,0.0630,85.23
192.20,0,92.99,1,0.2375,-2.99,1.99,1,0.1171,88.01,3.68,1,0.0714,86.32
192.30,0,94.55,1,0.2398,-4.55,2.03,1,0.1160,87.97,3.71,1,0.0727,86.29
192.42,0,94.55,1,0.2398,-4.55,1.40,1,0.1208,88.60,2.53,1,0.0812,87.47
192.52,0,96.17,1,0.2431,-6.17,0.89,1,0.1256,89.11,1.28,1,0.0899,88.72
192.63,0,97.91,1,0.2483,-7.91,0.37,1,0.1313,89.63,0.06,1,0.0962,89.94
192.75,0,99.70,1,0.2540,-9.70,0.21,1,0.1369,89.79,1.00,1,0.1013,89.00
192.85,0,101.40,1,0.2586,-11.40,0.78,1,0.1409,89.22,1.87,1,0.1066,88.13
192.95,0,101.40,0,0.2586,-11.40,0.78,1,0.1409,89.22,1.87,1,0.1066,88.13
193.07,0,102.97,0,0.2615,-12.97,1.26,1,0.1433,88.74,2.65,1,0.1125,87.35
193.18,0,104.53,0,0.2639,-14.53,1.61,1,0.1455,88.39,3.43,1,0.1184,86.57
193.28,0,104.53,0,0.2639,-14.53,1.61,1,0.1455,88.39,3.43,1,0.1184,86.57
193.38,0,106.19,0,0.2675,-16.19,1.53,1,0.1460,88.47,3.49,1,0.1193,86.51
193.50,0,106.19,0,0.2675,-16.19,1.89,1,0.1488,88.11,4.21,1,0.1229,85.79
193.60,0,106.19,0,0.2675,-16.19,1.89,1,0.1488,88.11,4.21,1,0.1229,85.79
193.71,0,107.84,0,0.2712,-17.84,2.21,1,0.1514,87.79,4.79,1,0.1259,85.21
193.81,0,109.47,0,0.2748,-19.47,2.50,1,0.1538,87.50,5.26,1,0.1286,84.74
193.92,0,109.47,0,0.2748,-19.47,2.50,1,0.1538,87.50,5.26,1,0.1286,84.74
194.03,0,112.72,0,0.2819,-22.72,2.94,1,0.1577,87.06,5.99,1,0.1325,84.01
194.13,0,114.34,0,0.2855,-24.34,3.08,1,0.1595,86.92,6.25,1,0.1332,83.75
194.24,0,116.25,0,0.2935,-26.25,3.26,1,0.1651,86.74,6.59,1,0.1301,83.41
194.36,0,119.56,0,0.3023,-29.56,3.43,1,0.1686,86.57,6.71,1,0.1287,83.29
194.48,0,121.09,0,0.3053,-31.09,3.52,1,0.1681,86.48,6.56,1,0.1275,83.44
194.59,0,124.18,0,0.3111,-34.18,3.23,1,0.1682,86.77,6.24,1,0.1270,83.76
194.71,0,125.91,0,0.3166,-35.91,3.00,1,0.1709,87.00,6.12,1,0.1253,83.88
194.82,0,129.09,0,0.3249,-39.09,2.61,1,0.1716,87.39,5.45,1,0.1207,84.55
194.93,0,130.61,0,0.3284,-40.61,2.39,1,0.1709,87.61,4.96,1,0.1177,85.04
195.04,0,133.51,0,0.3326,-43.51,1.62,1,0.1676,88.38,3.83,1,0.1155,86.17
195.16,0,135.05,0,0.3362,-45.05,1.16,1,0.1676,88.84,3.34,1,0.1138,86.66
195.27,0,138.22,0,0.3459,-48.22,0.39,1,0.1686,89.61,2.17,1,0.1059,87.83
195.39,0,139.66,0,0.3490,-49.66,0.01,1,0.1670,89.99,1.41,1,0.1024,88.59
195.51,0,142.44,0,0.3527,-52.44,1.12,1,0.1626,88.88,0.07,1,0.0995,89.93
195.63,0,143.93,0,0.3562,-53.93,1.73,1,0.1623,88.27,0.72,1,0.0972,89.28
195.74,0,146.95,0,0.3653,-56.95,2.75,1,0.1621,87.25,2.18,1,0.0886,87.82
195.86,0,148.31,0,0.3680,-58.31,3.28,1,0.1598,86.72,3.04,1,0.0853,86.96
195.97,0,150.97,0,0.3712,-60.97,4.63,1,0.1547,85.37,4.60,1,0.0829,85.40
196.09,0,152.41,0,0.3746,-62.41,5.31,1,0.1543,84.69,5.26,1,0.0809,84.74
196.21,0,155.28,0,0.3831,-65.28,6.44,1,0.1530,83.56,6.65,1,0.0741,83.35
196.32,0,156.57,0,0.3852,-66.57,7.02,1,0.1503,82.98,7.35,1,0.0726,82.65
196.44,0,159.13,0,0.3880,-69.13,8.37,1,0.1450,81.63,8.33,1,0.0747,81.67
196.56,0,160.53,0,0.3914,-70.53,9.00,1,0.1444,81.00,8.59,1,0.0750,81.41
196.67,0,163.27,0,0.3992,-73.27,9.91,1,0.1428,80.09,8.94,1,0.0748,81.06
196.77,0,164.50,1,0.4010,-74.50,10.34,1,0.1400,79.66,9.01,1,0.0773,80.99
196.88,0,165.71,1,0.4018,-75.71,10.80,1,0.1369,79.20,8.89,1,0.0819,81.11
196.99,0,166.98,1,0.4034,-76.98,11.24,1,0.1352,78.76,8.53,1,0.0871,81.47
197.11,0,168.34,1,0.4067,-78.34,11.57,1,0.1351,78.43,8.01,1,0.0912,81.99
197.22,0,169.71,1,0.4108,-79.71,11.74,1,0.1351,78.26,7.46,1,0.0939,82.54
197.32,0,170.98,1,0.4139,-80.98,11.81,1,0.1339,78.19,6.97,1,0.0969,83.03
197.44,0,172.17,1,0.4152,-82.17,11.87,1,0.1315,78.13,6.52,1,0.1014,83.48
197.54,0,173.34,1,0.4158,-83.34,11.95,1,0.1291,78.05,6.02,1,0.1069,83.98
197.66,0,174.60,1,0.4173,-84.60,11.99,1,0.1282,78.01,5.41,1,0.1114,84.59
197.78,0,175.93,1,0.4205,-85.93,11.89,1,0.1288,78.11,4.75,1,0.1138,85.25
197.88,0,175.93,1,0.4205,-85.93,11.89,1,0.1288,78.11,4.75,1,0.1138,85.25
197.99,0,177.25,1,0.4244,-87.25,11.64,1,0.1295,78.36,4.13,1,0.1145,85.87
198.09,0,178.48,1,0.4271,-88.48,11.54,1,0.1297,78.46,4.17,1,0.1130,85.83
198.21,0,178.48,1,0.4271,-88.48,11.30,1,0.1288,78.70,3.58,1,0.1155,86.42
198.32,0,179.64,1,0.4281,-89.64,10.97,1,0.1268,79.03,3.05,1,0.1180,86.95
198.44,0,179.20,1,0.4284,-89.20,10.68,1,0.1252,79.32,2.47,1,0.1213,87.53
198.56,0,179.20,1,0.4284,-89.20,10.68,1,0.1252,79.32,2.47,1,0.1213,87.53
198.67,0,177.96,1,0.4299,-87.96,10.34,1,0.1252,79.66,1.83,1,0.1233,88.17
198.77,0,176.65,1,0.4330,-86.65,9.89,1,0.1266,80.11,1.19,1,0.1233,88.81
198.87,0,176.65,1,0.4330,-86.65,9.89,1,0.1266,80.11,1.19,1,0.1233,88.81
198.99,0,175.36,1,0.4366,-85.36,9.29,1,0.1277,80.71,0.65,1,0.1225,89.35
199.09,0,175.36,1,0.4366,-85.36,9.29,1,0.1277,80.71,0.65,1,0.1225,89.35
199.20,0,174.16,1,0.4388,-84.16,8.63,1,0.1276,81.37,0.21,1,0.1225,89.79
199.30,0,174.22,1,0.4380,-84.22,8.62,1,0.1265,81.38,0.27,1,0.1229,89.73
199.41,0,173.03,1,0.4394,-83.03,7.99,1,0.1266,82.01,0.20,1,0.1237,89.80
199.51,0,171.88,1,0.4396,-81.88,7.42,1,0.1259,82.58,0.63,1,0.1253,89.37
199.63,0,171.88,1,0.4396,-81.88,7.42,1,0.1259,82.58,0.63,1,0.1253,89.37
199.74,0,170.64,1,0.4409,-80.64,6.83,1,0.1267,83.17,1.09,1,0.1261,88.91
199.85,0,169.34,1,0.4439,-79.34,6.14,1,0.1289,83.86,1.51,1,0.1254,88.49
199.95,0,169.34,1,0.4439,-79.34,6.14,1,0.1289,83.86,1.51,1,0.1254,88.49
