t,push,gtbot_delta_deg,gtbot_valid,gtbot_station_err,gtbot_phi_deg,gtbot2_delta_deg,gtbot2_valid,gtbot2_station_err,gtbot2_phi_deg,gtbot3_delta_deg,gtbot3_valid,gtbot3_station_err,gtbot3_phi_deg
2.61,0,3.62,1,0.0069,86.38,3.16,1,0.0578,86.84,2.06,1,0.0125,87.94
2.71,0,3.62,1,0.0069,86.38,3.16,1,0.0578,86.84,2.06,1,0.0125,87.94
2.81,0,3.62,1,0.0069,86.38,3.16,1,0.0578,86.84,2.06,1,0.0125,87.94
2.92,0,3.58,1,0.0041,86.42,3.52,1,0.0624,86.48,2.10,1,0.0159,87.90
3.03,0,3.54,1,0.0067,86.46,3.87,1,0.0671,86.13,2.11,1,0.0160,87.89
3.14,0,3.54,1,0.0067,86.46,3.87,1,0.0671,86.13,2.15,1,0.0198,87.85
3.25,0,3.50,1,0.0108,86.50,4.19,1,0.0718,85.81,2.22,1,0.0238,87.78
3.37,0,3.50,1,0.0108,86.50,4.19,1,0.0718,85.81,2.22,1,0.0238,87.78
3.48,0,3.49,1,0.0158,86.51,4.18,1,0.0716,85.82,2.23,1,0.0237,87.77
3.59,0,3.49,1,0.0158,86.51,4.48,1,0.0763,85.52,2.27,1,0.0274,87.73
3.69,0,3.49,1,0.0158,86.51,4.48,1,0.0763,85.52,2.27,1,0.0274,87.73
3.79,0,3.50,1,0.0210,86.50,4.75,1,0.0807,85.25,2.26,1,0.0305,87.74
3.91,0,3.50,1,0.0210,86.50,4.75,1,0.0807,85.25,2.26,1,0.0305,87.74
4.01,0,3.50,1,0.0210,86.50,4.75,1,0.0807,85.25,2.26,1,0.0305,87.74
4.13,0,3.51,1,0.0263,86.49,4.99,1,0.0848,85.01,2.16,1,0.0323,87.84
4.23,0,3.51,1,0.0263,86.49,4.99,1,0.0848,85.01,2.16,1,0.0323,87.84
4.33,0,3.53,1,0.0311,86.47,5.21,1,0.0886,84.79,1.97,1,0.0320,88.03
4.43,0,3.53,1,0.0311,86.47,5.21,1,0.0886,84.79,1.97,1,0.0320,88.03
4.54,0,3.57,1,0.0360,86.43,5.39,1,0.0920,84.61,1.75,1,0.0308,88.25
4.64,0,3.57,1,0.0360,86.43,5.39,1,0.0920,84.61,1.75,1,0.0308,88.25
4.74,0,3.61,1,0.0407,86.39,5.55,1,0.0950,84.45,1.48,1,0.0313,88.52
4.85,0,3.61,1,0.0407,86.39,5.55,1,0.0950,84.45,1.48,1,0.0313,88.52
4.95,0,3.65,1,0.0454,86.35,5.68,1,0.0978,84.32,1.14,1,0.0345,88.86
5.05,0,3.65,1,0.0454,86.35,5.68,1,0.0978,84.32,1.14,1,0.0345,88.86
5.15,0,3.70,1,0.0503,86.30,5.77,1,0.1004,84.23,0.76,1,0.0403,89.24
5.26,0,3.70,1,0.0503,86.30,5.77,1,0.1004,84.23,0.76,1,0.0403,89.24
5.36,0,3.79,1,0.0554,86.21,5.81,1,0.1027,84.19,0.40,1,0.0487,89.60
5.46,0,3.79,1,0.0554,86.21,5.81,1,0.1027,84.19,0.40,1,0.0487,89.60
5.57,0,3.87,1,0.0602,86.13,5.79,1,0.1048,84.21,0.11,1,0.0581,89.89
5.68,0,3.87,1,0.0602,86.13,5.79,1,0.1048,84.21,0.11,1,0.0581,89.89
5.78,0,3.94,1,0.0644,86.06,5.75,1,0.1067,84.25,0.12,1,0.0672,89.88
5.88,0,3.94,1,0.0644,86.06,5.75,1,0.1067,84.25,0.12,1,0.0672,89.88
5.98,0,4.00,1,0.0688,86.00,5.69,1,0.1086,84.31,0.32,1,0.0756,89.68
6.08,0,4.00,1,0.0688,86.00,5.69,1,0.1086,84.31,0.32,1,0.0756,89.68
6.19,0,4.10,1,0.0736,85.90,5.60,1,0.1107,84.40,0.49,1,0.0832,89.51
6.29,0,4.10,1,0.0736,85.90,5.60,1,0.1107,84.40,0.49,1,0.0832,89.51
6.40,0,4.21,1,0.0782,85.79,5.50,1,0.1127,84.50,0.59,1,0.0904,89.41
6.50,0,4.21,1,0.0782,85.79,5.50,1,0.1127,84.50,0.59,1,0.0904,89.41
6.60,0,4.29,1,0.0820,85.71,5.37,1,0.1147,84.63,0.62,1,0.0972,89.38
6.70,0,4.29,1,0.0820,85.71,5.37,1,0.1147,84.63,0.62,1,0.0972,89.38
6.80,0,4.38,1,0.0853,85.62,5.22,1,0.1164,84.78,0.60,1,0.1033,89.40
6.91,0,4.45,1,0.0885,85.55,5.21,1,0.1161,84.79,0.58,1,0.1029,89.42
7.02,0,4.45,1,0.0885,85.55,5.06,1,0.1181,84.94,0.55,1,0.1083,89.45
7.12,0,4.49,1,0.0908,85.51,4.91,1,0.1202,85.09,0.47,1,0.1126,89.53
7.23,0,4.46,1,0.0920,85.54,4.75,1,0.1226,85.25,0.34,1,0.1165,89.66
7.34,0,4.40,1,0.0922,85.60,4.58,1,0.1249,85.42,0.16,1,0.1198,89.84
7.46,0,4.32,1,0.0917,85.68,4.38,1,0.1268,85.62,0.05,1,0.1227,89.95
7.56,0,4.14,1,0.0900,85.86,4.17,1,0.1284,85.83,0.31,1,0.1249,89.69
7.67,0,3.59,1,0.0853,86.41,3.82,1,0.1336,86.18,0.85,1,0.1294,89.15
7.78,0,3.23,1,0.0828,86.77,3.60,1,0.1362,86.40,1.18,1,0.1316,88.82
7.88,0,2.79,1,0.0801,87.21,3.32,1,0.1384,86.68,1.52,1,0.1339,88.48
7.99,0,2.79,1,0.0801,87.21,3.32,1,0.1384,86.68,1.52,1,0.1339,88.48
8.11,0,2.32,1,0.0775,87.68,3.01,1,0.1403,86.99,1.86,1,0.1361,88.14
8.23,0,1.82,1,0.0751,88.18,2.69,1,0.1424,87.31,2.22,1,0.1379,87.78
8.34,0,1.82,1,0.0751,88.18,2.69,1,0.1424,87.31,2.22,1,0.1379,87.78
8.45,0,1.28,1,0.0727,88.72,2.37,1,0.1449,87.63,2.59,1,0.1397,87.41
8.55,0,0.73,1,0.0699,89.27,2.05,1,0.1475,87.95,2.96,1,0.1417,87.04
8.66,0,0.73,1,0.0699,89.27,2.05,1,0.1475,87.95,2.96,1,0.1417,87.04
8.76,0,0.19,1,0.0673,89.81,1.72,1,0.1496,88.28,3.32,1,0.1439,86.68
8.86,0,0.30,1,0.0651,89.70,1.70,1,0.1495,88.30,3.31,1,0.1437,86.69
8.98,0,0.30,1,0.0651,89.70,1.40,1,0.1513,88.60,3.67,1,0.1458,86.33
9.09,0,0.73,1,0.0635,89.27,1.12,1,0.1530,88.88,4.03,1,0.1470,85.97
9.20,0,0.73,1,0.0635,89.27,1.12,1,0.1530,88.88,4.03,1,0.1470,85.97
9.30,0,1.10,1,0.0619,88.90,0.89,1,0.1549,89.11,4.41,1,0.1478,85.59
9.42,0,1.10,1,0.0619,88.90,0.89,1,0.1549,89.11,4.41,1,0.1478,85.59
9.53,0,1.42,1,0.0598,88.58,0.68,1,0.1568,89.32,4.79,1,0.1487,85.21
9.63,0,1.42,1,0.0598,88.58,0.68,1,0.1568,89.32,4.79,1,0.1487,85.21
9.73,0,1.64,1,0.0577,88.36,0.49,1,0.1585,89.51,5.13,1,0.1498,84.87
9.84,0,1.76,1,0.0561,88.24,0.48,1,0.1585,89.52,5.12,1,0.1498,84.88
9.94,0,1.76,1,0.0561,88.24,0.32,1,0.1600,89.68,5.46,1,0.1509,84.54
10.05,0,1.84,1,0.0547,88.16,0.19,1,0.1613,89.81,5.78,1,0.1515,84.22
10.16,0,1.84,1,0.0547,88.16,0.19,1,0.1613,89.81,5.78,1,0.1515,84.22
10.28,0,1.85,1,0.0529,88.15,0.10,1,0.1627,89.90,6.11,1,0.1519,83.89
10.38,0,1.85,1,0.0529,88.15,0.10,1,0.1627,89.90,6.11,1,0.1519,83.89
10.49,0,1.76,1,0.0508,88.24,0.03,1,0.1640,89.97,6.43,1,0.1522,83.57
10.59,0,1.60,1,0.0486,88.40,0.01,1,0.1650,89.99,6.43,1,0.1522,83.57
10.71,0,1.60,1,0.0486,88.40,0.01,1,0.1650,89.99,6.71,1,0.1529,83.29
10.82,0,1.43,1,0.0464,88.57,0.01,1,0.1661,89.99,6.94,1,0.1538,83.06
10.92,0,1.43,1,0.0464,88.57,0.01,1,0.1661,89.99,6.94,1,0.1538,83.06
11.03,0,1.21,1,0.0445,88.79,0.02,1,0.1671,89.98,7.16,1,0.1544,82.84
11.13,0,1.21,1,0.0445,88.79,0.02,1,0.1671,89.98,7.16,1,0.1544,82.84
11.24,0,0.90,1,0.0429,89.10,0.07,1,0.1681,89.93,7.37,1,0.1547,82.63
11.35,0,0.90,1,0.0429,89.10,0.07,1,0.1681,89.93,7.37,1,0.1547,82.63
11.46,0,0.54,1,0.0409,89.46,0.15,1,0.1687,89.85,7.56,1,0.1550,82.44
11.56,0,0.54,1,0.0409,89.46,0.15,1,0.1687,89.85,7.56,1,0.1550,82.44
11.68,0,0.18,1,0.0383,89.82,0.26,1,0.1690,89.74,7.72,1,0.1556,82.28
11.78,0,0.18,1,0.0383,89.82,0.26,1,0.1690,89.74,7.72,1,0.1556,82.28
11.88,0,0.22,1,0.0357,89.78,0.41,1,0.1695,89.59,7.82,1,0.1565,82.18
11.98,0,0.22,1,0.0357,89.78,0.41,1,0.1695,89.59,7.82,1,0.1565,82.18
12.09,0,0.69,1,0.0337,89.31,0.59,1,0.1702,89.41,7.88,1,0.1574,82.12
12.19,0,1.21,1,0.0317,88.79,0.79,1,0.1708,89.21,7.93,1,0.1581,82.07
12.30,0,1.21,1,0.0317,88.79,0.79,1,0.1708,89.21,7.93,1,0.1581,82.07
12.41,0,1.73,1,0.0292,88.27,1.00,1,0.1708,89.00,7.96,1,0.1586,82.04
12.52,0,1.73,1,0.0292,88.27,1.00,1,0.1708,89.00,7.96,1,0.1586,82.04
12.63,0,2.26,1,0.0266,87.74,1.23,1,0.1705,88.77,7.96,1,0.1594,82.04
12.75,0,2.26,1,0.0266,87.74,1.23,1,0.1705,88.77,7.96,1,0.1594,82.04
12.85,0,2.81,1,0.0242,87.19,1.50,1,0.1703,88.50,7.92,1,0.1605,82.08
12.97,0,3.38,1,0.0218,86.62,1.81,1,0.1707,88.19,7.82,1,0.1618,82.18
13.07,0,3.38,1,0.0218,86.62,1.81,1,0.1707,88.19,7.82,1,0.1618,82.18
13.17,0,3.97,1,0.0192,86.03,2.12,1,0.1710,87.88,7.70,1,0.1629,82.30
13.27,0,3.97,1,0.0192,86.03,2.12,1,0.1710,87.88,7.70,1,0.1629,82.30
13.39,0,4.58,1,0.0169,85.42,2.42,1,0.1707,87.58,7.57,1,0.1639,82.43
13.50,0,5.17,1,0.0150,84.83,2.73,1,0.1700,87.27,7.42,1,0.1648,82.58
13.61,0,5.17,1,0.0150,84.83,2.73,1,0.1700,87.27,7.42,1,0.1648,82.58
13.71,0,5.72,1,0.0126,84.28,3.07,1,0.1694,86.93,7.24,1,0.1661,82.76
13.83,0,6.27,1,0.0100,83.73,3.44,1,0.1693,86.56,7.02,1,0.1677,82.98
13.94,0,6.27,1,0.0100,83.73,3.44,1,0.1693,86.56,7.02,1,0.1677,82.98
14.05,0,6.84,1,0.0081,83.16,3.80,1,0.1694,86.20,6.77,1,0.1692,83.23
14.15,0,6.84,1,0.0081,83.16,3.80,1,0.1694,86.20,6.77,1,0.1692,83.23
14.27,0,7.40,1,0.0068,82.60,4.14,1,0.1690,85.86,6.51,1,0.1706,83.49
14.38,0,7.90,1,0.0057,82.10,4.48,1,0.1682,85.52,6.25,1,0.1718,83.75
14.49,0,7.90,1,0.0057,82.10,4.48,1,0.1682,85.52,6.25,1,0.1718,83.75
14.59,0,8.35,1,0.0047,81.65,4.83,1,0.1673,85.17,5.98,1,0.1731,84.02
14.70,0,8.35,1,0.0047,81.65,4.83,1,0.1673,85.17,5.98,1,0.1731,84.02
14.80,0,8.76,1,0.0050,81.24,5.19,1,0.1669,84.81,5.70,1,0.1747,84.30
14.90,0,8.76,1,0.0050,81.24,5.19,1,0.1669,84.81,5.70,1,0.1747,84.30
15.01,0,9.16,1,0.0064,80.84,5.54,1,0.1668,84.46,5.39,1,0.1764,84.61
15.11,0,9.52,1,0.0084,80.48,5.86,1,0.1665,84.14,5.07,1,0.1780,84.93
15.23,0,9.52,1,0.0084,80.48,5.86,1,0.1665,84.14,5.07,1,0.1780,84.93
15.34,0,9.83,1,0.0104,80.17,6.16,1,0.1658,83.84,4.76,1,0.1793,85.24
15.45,0,10.09,1,0.0118,79.91,6.13,1,0.1655,83.87,4.78,1,0.1789,85.22
15.56,0,10.09,1,0.0118,79.91,6.44,1,0.1650,83.56,4.47,1,0.1806,85.53
15.67,0,10.31,1,0.0131,79.69,6.73,1,0.1644,83.27,4.18,1,0.1820,85.82
15.77,0,10.31,1,0.0131,79.69,6.73,1,0.1644,83.27,4.18,1,0.1820,85.82
15.88,0,10.46,1,0.0152,79.54,7.00,1,0.1641,83.00,3.88,1,0.1836,86.12
15.99,0,10.60,1,0.0176,79.40,7.25,1,0.1640,82.75,3.58,1,0.1853,86.42
16.10,0,10.63,1,0.0176,79.37,7.23,1,0.1640,82.77,3.56,1,0.1851,86.44
16.21,0,10.74,1,0.0192,79.26,7.46,1,0.1636,82.54,3.28,1,0.1866,86.72
16.31,0,10.83,1,0.0201,79.17,7.63,1,0.1630,82.37,3.02,1,0.1877,86.98
16.41,0,10.83,1,0.0201,79.17,7.63,1,0.1630,82.37,3.02,1,0.1877,86.98
16.52,0,10.84,1,0.0213,79.16,7.79,1,0.1625,82.21,2.78,1,0.1888,87.22
16.63,0,10.80,1,0.0230,79.20,7.93,1,0.1621,82.07,2.57,1,0.1899,87.43
16.73,0,10.80,1,0.0230,79.20,7.93,1,0.1621,82.07,2.57,1,0.1899,87.43
16.84,0,10.75,1,0.0243,79.25,8.04,1,0.1620,81.96,2.36,1,0.1912,87.64
16.95,0,10.75,1,0.0243,79.25,8.04,1,0.1620,81.96,2.36,1,0.1912,87.64
17.05,0,10.69,1,0.0253,79.31,8.12,1,0.1621,81.88,2.15,1,0.1923,87.85
17.17,0,10.60,1,0.0261,79.40,8.16,1,0.1619,81.84,1.98,1,0.1930,88.02
17.29,0,10.60,1,0.0261,79.40,8.16,1,0.1619,81.84,1.98,1,0.1930,88.02
17.39,0,10.44,1,0.0268,79.56,8.17,1,0.1616,81.83,1.86,1,0.1934,88.14
17.50,0,10.44,1,0.0268,79.56,8.17,1,0.1616,81.83,1.86,1,0.1934,88.14
17.60,0,10.24,1,0.0275,79.76,8.15,1,0.1614,81.85,1.77,1,0.1939,88.23
17.71,0,10.02,1,0.0283,79.98,8.11,1,0.1613,81.89,1.69,1,0.1945,88.31
17.81,0,10.02,1,0.0283,79.98,8.11,1,0.1613,81.89,1.69,1,0.1945,88.31
17.92,0,9.78,1,0.0293,80.22,8.06,1,0.1616,81.94,1.61,1,0.1951,88.39
18.03,0,9.54,1,0.0300,80.46,7.96,1,0.1620,82.04,1.56,1,0.1953,88.44
18.15,0,9.54,1,0.0300,80.46,7.96,1,0.1620,82.04,1.56,1,0.1953,88.44
18.26,0,9.28,1,0.0302,80.72,7.82,1,0.1621,82.18,1.56,1,0.1952,88.44
18.38,0,8.97,1,0.0305,81.03,7.66,1,0.1621,82.34,1.59,1,0.1950,88.41
18.50,0,8.97,1,0.0305,81.03,7.66,1,0.1621,82.34,1.59,1,0.1950,88.41
18.61,0,8.63,1,0.0313,81.37,7.49,1,0.1621,82.51,1.65,1,0.1949,88.35
18.72,0,8.63,1,0.0313,81.37,7.49,1,0.1621,82.51,1.65,1,0.1949,88.35
18.83,0,8.30,1,0.0320,81.70,7.32,1,0.1625,82.68,1.72,1,0.1948,88.28
18.93,0,8.30,1,0.0320,81.70,7.32,1,0.1625,82.68,1.72,1,0.1948,88.28
19.04,0,8.00,1,0.0323,82.00,7.12,1,0.1632,82.88,1.81,1,0.1946,88.19
19.15,0,7.68,1,0.0327,82.32,6.89,1,0.1639,83.11,1.93,1,0.1940,88.07
19.27,0,7.68,1,0.0327,82.32,6.89,1,0.1639,83.11,1.93,1,0.1940,88.07
19.38,0,7.34,1,0.0332,82.66,6.64,1,0.1642,83.36,2.08,1,0.1933,87.92
19.48,0,7.34,1,0.0332,82.66,6.64,1,0.1642,83.36,2.08,1,0.1933,87.92
19.58,0,7.00,1,0.0335,83.00,6.38,1,0.1644,83.62,2.27,1,0.1927,87.73
19.69,0,6.67,1,0.0337,83.33,6.14,1,0.1647,83.86,2.48,1,0.1921,87.52
19.79,0,6.67,1,0.0337,83.33,6.14,1,0.1647,83.86,2.48,1,0.1921,87.52
19.90,0,6.36,1,0.0343,83.64,5.89,1,0.1655,84.11,2.69,1,0.1916,87.31
20.02,0,6.36,1,0.0343,83.64,5.89,1,0.1655,84.11,2.69,1,0.1916,87.31
20.13,0,6.06,1,0.0350,83.94,5.63,1,0.1664,84.37,2.92,1,0.1908,87.08
20.24,0,6.06,1,0.0350,83.94,5.63,1,0.1664,84.37,2.92,1,0.1908,87.08
20.35,0,5.79,1,0.0353,84.21,5.35,1,0.1669,84.65,3.17,1,0.1898,86.83
20.45,0,5.79,1,0.0353,84.21,5.35,1,0.1669,84.65,3.17,1,0.1898,86.83
20.56,0,5.53,1,0.0353,84.47,5.07,1,0.1672,84.93,3.46,1,0.1886,86.54
20.66,0,5.52,1,0.0350,84.48,5.06,1,0.1668,84.94,3.48,1,0.1884,86.52
20.77,0,5.25,1,0.0356,84.75,4.81,1,0.1674,85.19,3.78,1,0.1876,86.22
20.87,0,5.25,1,0.0356,84.75,4.81,1,0.1674,85.19,3.78,1,0.1876,86.22
20.98,0,5.00,1,0.0362,85.00,4.57,1,0.1678,85.43,4.11,1,0.1867,85.89
21.09,0,4.79,1,0.0368,85.21,4.34,1,0.1685,85.66,4.43,1,0.1858,85.57
21.20,0,4.79,1,0.0368,85.21,4.34,1,0.1685,85.66,4.43,1,0.1858,85.57
21.32,0,4.61,1,0.0372,85.39,4.10,1,0.1691,85.90,4.75,1,0.1846,85.25
21.42,0,4.61,1,0.0372,85.39,4.10,1,0.1691,85.90,4.75,1,0.1846,85.25
21.52,0,4.45,1,0.0375,85.55,3.85,1,0.1694,86.15,5.09,1,0.1833,84.91
21.64,0,4.29,1,0.0378,85.71,3.63,1,0.1694,86.37,5.47,1,0.1819,84.53
21.76,0,4.29,1,0.0378,85.71,3.63,1,0.1694,86.37,5.47,1,0.1819,84.53
21.87,0,4.14,1,0.0382,85.86,3.44,1,0.1695,86.56,5.86,1,0.1807,84.14
21.97,0,4.02,1,0.0388,85.98,3.44,1,0.1695,86.56,5.86,1,0.1808,84.14
22.08,0,4.02,1,0.0388,85.98,3.27,1,0.1698,86.73,6.23,1,0.1797,83.77
22.18,0,3.94,1,0.0396,86.06,3.10,1,0.1704,86.90,6.57,1,0.1786,83.43
22.29,0,3.94,1,0.0396,86.06,3.10,1,0.1704,86.90,6.57,1,0.1786,83.43
22.41,0,3.91,1,0.0401,86.09,2.93,1,0.1708,87.07,6.92,1,0.1772,83.08
22.51,0,3.89,1,0.0403,86.11,2.91,1,0.1706,87.09,6.93,1,0.1768,83.07
22.61,0,3.89,1,0.0403,86.11,2.78,1,0.1708,87.22,7.29,1,0.1758,82.71
22.73,0,3.86,1,0.0405,86.14,2.65,1,0.1705,87.35,7.68,1,0.1744,82.32
22.84,0,3.86,1,0.0405,86.14,2.65,1,0.1705,87.35,7.68,1,0.1744,82.32
22.96,0,3.85,1,0.0412,86.15,2.55,1,0.1704,87.45,8.04,1,0.1734,81.96
23.06,0,3.89,1,0.0422,86.11,2.48,1,0.1706,87.52,8.35,1,0.1725,81.65
23.18,0,3.89,1,0.0422,86.11,2.48,1,0.1706,87.52,8.35,1,0.1725,81.65
23.28,0,3.92,1,0.0421,86.08,2.47,1,0.1710,87.53,8.33,1,0.1723,81.67
23.38,0,3.97,1,0.0429,86.03,2.41,1,0.1710,87.59,8.63,1,0.1715,81.37
23.49,0,3.97,1,0.0429,86.03,2.41,1,0.1710,87.59,8.63,1,0.1715,81.37
23.59,0,4.08,1,0.0433,85.92,2.34,1,0.1711,87.66,8.92,1,0.1702,81.08
23.69,0,4.08,1,0.0433,85.92,2.34,1,0.1711,87.66,8.92,1,0.1702,81.08
23.79,0,4.19,1,0.0436,85.81,2.29,1,0.1706,87.71,9.23,1,0.1690,80.77
23.90,0,4.19,1,0.0436,85.81,2.29,1,0.1706,87.71,9.23,1,0.1690,80.77
24.01,0,4.29,1,0.0443,85.71,2.27,1,0.1701,87.73,9.51,1,0.1681,80.49
24.12,0,4.29,1,0.0443,85.71,2.27,1,0.1701,87.73,9.51,1,0.1681,80.49
24.23,0,4.42,1,0.0452,85.58,2.29,1,0.1699,87.71,9.72,1,0.1677,80.28
24.34,0,4.42,1,0.0452,85.58,2.29,1,0.1699,87.71,9.72,1,0.1677,80.28
24.46,0,4.60,1,0.0462,85.40,2.32,1,0.1700,87.68,9.87,1,0.1673,80.13
24.57,0,4.60,1,0.0462,85.40,2.32,1,0.1700,87.68,9.87,1,0.1673,80.13
24.67,0,4.82,1,0.0471,85.18,2.34,1,0.1701,87.66,9.86,1,0.1669,80.14
24.78,0,4.82,1,0.0471,85.18,2.34,1,0.1701,87.66,10.01,1,0.1666,79.99
24.88,0,4.82,1,0.0471,85.18,2.34,1,0.1701,87.66,10.01,1,0.1666,79.99
24.99,0,5.04,1,0.0476,84.96,2.37,1,0.1697,87.63,10.16,1,0.1659,79.84
25.09,0,5.04,1,0.0476,84.96,2.37,1,0.1697,87.63,10.16,1,0.1659,79.84
25.19,0,5.25,1,0.0481,84.75,2.43,1,0.1690,87.57,10.28,1,0.1654,79.72
25.29,0,5.25,1,0.0481,84.75,2.43,1,0.1690,87.57,10.28,1,0.1654,79.72
25.39,0,5.45,1,0.0489,84.55,2.52,1,0.1683,87.48,10.35,1,0.1654,79.65
25.50,0,5.45,1,0.0489,84.55,2.52,1,0.1683,87.48,10.35,1,0.1654,79.65
25.60,0,5.69,1,0.0502,84.31,2.64,1,0.1680,87.36,10.34,1,0.1657,79.66
25.70,0,5.69,1,0.0502,84.31,2.64,1,0.1680,87.36,10.34,1,0.1657,79.66
25.81,0,5.98,1,0.0514,84.02,2.75,1,0.1680,87.25,10.30,1,0.1659,79.70
25.93,0,6.29,1,0.0522,83.71,2.86,1,0.1678,87.14,10.24,1,0.1658,79.76
26.04,0,6.29,1,0.0522,83.71,2.86,1,0.1678,87.14,10.24,1,0.1658,79.76
26.16,0,6.57,1,0.0527,83.43,2.98,1,0.1670,87.02,10.18,1,0.1658,79.82
26.26,0,6.57,1,0.0527,83.43,2.98,1,0.1670,87.02,10.18,1,0.1658,79.82
26.38,0,6.81,1,0.0533,83.19,3.12,1,0.1660,86.88,10.09,1,0.1663,79.91
26.48,0,7.03,1,0.0540,82.97,3.13,1,0.1659,86.87,10.10,1,0.1664,79.90
26.58,0,7.03,1,0.0540,82.97,3.29,1,0.1653,86.71,9.94,1,0.1673,80.06
26.70,0,7.23,1,0.0545,82.77,3.47,1,0.1651,86.53,9.74,1,0.1684,80.26
26.81,0,7.40,1,0.0544,82.60,3.64,1,0.1650,86.36,9.52,1,0.1692,80.48
26.91,0,7.40,1,0.0544,82.60,3.64,1,0.1650,86.36,9.52,1,0.1692,80.48
27.03,0,7.49,1,0.0532,82.51,3.80,1,0.1645,86.20,9.31,1,0.1697,80.69
27.13,0,7.49,1,0.0527,82.51,3.78,1,0.1641,86.22,9.33,1,0.1694,80.67
27.25,0,7.45,1,0.0509,82.55,3.97,1,0.1635,86.03,9.08,1,0.1705,80.92
27.36,0,7.30,1,0.0484,82.70,4.16,1,0.1624,85.84,8.83,1,0.1721,81.17
27.46,0,7.30,1,0.0484,82.70,4.16,1,0.1624,85.84,8.83,1,0.1721,81.17
27.56,0,7.10,1,0.0462,82.90,4.37,1,0.1619,85.63,8.54,1,0.1739,81.46
27.68,0,6.85,1,0.0428,83.15,4.57,1,0.1618,85.43,8.23,1,0.1753,81.77
27.79,0,6.85,1,0.0428,83.15,4.57,1,0.1618,85.43,8.23,1,0.1753,81.77
27.90,0,6.52,1,0.0377,83.48,4.74,1,0.1616,85.26,7.92,1,0.1762,82.08
28.00,0,6.52,1,0.0377,83.48,4.74,1,0.1616,85.26,7.92,1,0.1762,82.08
28.11,0,6.10,1,0.0326,83.90,4.91,1,0.1609,85.09,7.62,1,0.1772,82.38
28.21,0,6.09,1,0.0322,83.91,4.89,1,0.1604,85.11,7.65,1,0.1771,82.35
28.32,0,5.61,1,0.0281,84.39,5.08,1,0.1598,84.92,7.33,1,0.1787,82.67
28.43,0,5.07,1,0.0239,84.93,5.27,1,0.1589,84.73,7.01,1,0.1805,82.99
28.54,0,5.07,1,0.0239,84.93,5.27,1,0.1589,84.73,7.01,1,0.1805,82.99
28.65,0,4.53,1,0.0195,85.47,5.46,1,0.1587,84.54,6.65,1,0.1818,83.35
28.75,0,4.53,1,0.0195,85.47,5.46,1,0.1587,84.54,6.65,1,0.1818,83.35
28.85,0,3.98,1,0.0163,86.02,5.63,1,0.1587,84.37,6.25,1,0.1826,83.75
28.96,0,3.41,1,0.0159,86.59,5.73,1,0.1582,84.27,5.87,1,0.1829,84.13
29.06,0,2.07,1,0.0278,87.93,6.02,1,0.1568,83.98,5.12,1,0.1854,84.88
29.16,0,1.40,1,0.0374,88.60,6.16,1,0.1563,83.84,4.74,1,0.1865,85.26
29.26,0,1.40,1,0.0374,88.60,6.16,1,0.1563,83.84,4.74,1,0.1865,85.26
29.37,0,0.82,1,0.0470,89.18,6.29,1,0.1564,83.71,4.32,1,0.1869,85.68
29.47,0,0.32,1,0.0565,89.68,6.37,1,0.1567,83.63,3.91,1,0.1869,86.09
29.57,0,0.32,1,0.0565,89.68,6.37,1,0.1567,83.63,3.91,1,0.1869,86.09
29.68,0,0.15,1,0.0663,89.85,6.43,1,0.1565,83.57,3.54,1,0.1872,86.46
29.78,0,0.15,1,0.0663,89.85,6.43,1,0.1565,83.57,3.54,1,0.1872,86.46
29.89,0,0.60,1,0.0766,89.40,6.48,1,0.1559,83.52,3.19,1,0.1877,86.81
30.00,0,0.60,1,0.0766,89.40,6.48,1,0.1559,83.52,3.19,1,0.1877,86.81
30.11,1,1.03,1,0.0865,88.97,6.53,1,0.1553,83.47,2.82,1,0.1880,87.18
30.21,1,1.03,1,0.0865,88.97,6.53,1,0.1553,83.47,2.82,1,0.1880,87.18
30.32,1,0.88,1,0.0926,89.12,6.59,1,0.1553,83.41,2.42,1,0.1875,87.58
30.43,1,0.88,1,0.0926,89.12,6.59,1,0.1553,83.41,2.42,1,0.1875,87.58
30.54,1,2.43,1,0.0884,87.57,6.62,1,0.1559,83.38,2.03,1,0.1866,87.97
30.65,1,10.79,1,0.0715,79.21,6.61,1,0.1563,83.39,1.66,1,0.1858,88.34
30.77,1,10.79,1,0.0715,79.21,6.61,1,0.1563,83.39,1.66,1,0.1858,88.34
30.87,1,23.18,1,0.0455,66.82,6.57,1,0.1562,83.43,1.34,1,0.1850,88.66
30.99,1,38.31,1,0.0216,51.69,6.54,1,0.1557,83.46,1.04,1,0.1840,88.96
31.10,1,38.31,1,0.0216,51.69,6.54,1,0.1557,83.46,1.04,1,0.1840,88.96
31.21,1,56.91,1,0.0427,33.09,6.52,1,0.1556,83.48,0.76,1,0.1829,89.24
31.31,1,77.92,1,0.0865,12.08,6.48,1,0.1561,83.52,0.49,1,0.1817,89.51
31.42,1,77.92,1,0.0865,12.08,6.48,1,0.1561,83.52,0.49,1,0.1817,89.51
31.53,1,100.32,1,0.1328,-10.32,6.41,1,0.1570,83.59,0.25,1,0.1801,89.75
31.63,1,122.46,1,0.1754,-32.46,6.29,1,0.1573,83.71,0.06,1,0.1782,89.94
31.73,1,122.46,1,0.1754,-32.46,6.29,1,0.1573,83.71,0.06,1,0.1782,89.94
31.85,1,143.88,0,0.2129,-53.88,6.17,1,0.1570,83.83,0.08,1,0.1764,89.92
31.96,1,164.33,0,0.2442,-74.33,6.07,1,0.1567,83.93,0.17,1,0.1752,89.83
32.07,1,164.33,0,0.2442,-74.33,6.07,1,0.1567,83.93,0.17,1,0.1752,89.83
32.18,1,174.99,1,0.2713,-84.99,5.97,1,0.1568,84.03,0.25,1,0.1738,89.75
32.28,1,154.01,1,0.2922,-64.01,5.86,1,0.1574,84.14,0.31,1,0.1718,89.69
32.40,1,153.96,1,0.2930,-63.96,5.84,1,0.1580,84.16,0.34,1,0.1709,89.66
32.50,1,134.39,1,0.3035,-44.39,5.72,1,0.1580,84.28,0.35,1,0.1692,89.65
32.61,1,116.38,1,0.3052,-26.38,5.57,1,0.1580,84.43,0.32,1,0.1667,89.68
32.71,1,99.42,1,0.2982,-9.42,5.43,1,0.1577,84.57,0.28,1,0.1668,89.72
32.82,1,99.42,1,0.2982,-9.42,5.43,1,0.1577,84.57,0.23,1,0.1648,89.77
32.93,1,83.08,1,0.2833,6.92,5.32,1,0.1574,84.68,0.10,1,0.1631,89.90
33.04,1,66.43,0,0.2603,23.57,5.21,1,0.1576,84.79,0.02,1,0.1610,89.98
33.14,1,66.43,0,0.2603,23.57,5.21,1,0.1576,84.79,0.02,1,0.1610,89.98
33.25,1,50.61,0,0.2326,39.39,5.09,1,0.1584,84.91,0.15,1,0.1581,89.85
33.35,1,35.28,0,0.2020,54.72,4.94,1,0.1589,85.06,0.32,1,0.1549,89.68
33.47,1,35.28,0,0.2020,54.72,4.94,1,0.1589,85.06,0.32,1,0.1549,89.68
33.59,1,19.67,1,0.1679,70.33,4.80,1,0.1589,85.20,0.56,1,0.1521,89.44
33.69,1,19.67,1,0.1679,70.33,4.80,1,0.1589,85.20,0.56,1,0.1521,89.44
33.79,1,2.22,1,0.1272,87.78,4.68,1,0.1584,85.32,0.85,1,0.1500,89.15
33.89,1,2.22,1,0.1272,87.78,4.68,1,0.1584,85.32,0.85,1,0.1500,89.15
34.00,1,17.64,1,0.0802,72.36,4.59,1,0.1582,85.41,1.13,1,0.1480,88.87
34.11,1,17.64,1,0.0802,72.36,4.59,1,0.1582,85.41,1.13,1,0.1480,88.87
34.23,1,40.10,1,0.0346,49.90,4.50,1,0.1587,85.50,1.39,1,0.1452,88.61
34.35,1,40.10,1,0.0346,49.90,4.50,1,0.1587,85.50,1.39,1,0.1452,88.61
34.45,1,65.14,1,0.0497,24.86,4.39,1,0.1595,85.61,1.66,1,0.1416,88.34
34.56,1,65.14,1,0.0497,24.86,4.39,1,0.1595,85.61,1.66,1,0.1416,88.34
34.67,1,91.72,0,0.1044,-1.72,4.28,1,0.1599,85.72,1.97,1,0.1383,88.03
34.77,1,91.72,0,0.1044,-1.72,4.28,1,0.1599,85.72,1.97,1,0.1383,88.03
34.88,1,118.89,0,0.1596,-28.89,4.17,1,0.1596,85.83,2.34,1,0.1358,87.66
34.99,1,118.89,0,0.1596,-28.89,4.17,1,0.1596,85.83,2.34,1,0.1358,87.66
35.11,1,144.72,0,0.2081,-54.72,4.11,1,0.1590,85.89,2.71,1,0.1338,87.29
35.21,1,144.72,0,0.2081,-54.72,4.11,1,0.1590,85.89,2.71,1,0.1338,87.29
35.33,1,167.63,1,0.2465,-77.63,4.06,1,0.1589,85.94,3.04,1,0.1314,86.96
35.43,1,172.20,1,0.2750,-82.20,4.01,1,0.1596,85.99,3.34,1,0.1281,86.66
35.53,1,172.20,1,0.2750,-82.20,4.01,1,0.1596,85.99,3.34,1,0.1281,86.66
35.64,1,153.75,1,0.2951,-63.75,3.95,1,0.1604,86.05,3.64,1,0.1246,86.36
35.74,1,153.75,1,0.2951,-63.75,3.95,1,0.1604,86.05,3.64,1,0.1246,86.36
35.86,1,135.98,1,0.3072,-45.98,3.88,1,0.1604,86.12,3.99,1,0.1216,86.01
35.97,1,117.82,1,0.3101,-27.82,3.83,1,0.1598,86.17,4.35,1,0.1195,85.65
36.08,1,117.82,1,0.3101,-27.82,3.83,1,0.1598,86.17,4.35,1,0.1195,85.65
36.19,1,98.86,1,0.3030,-8.86,3.83,1,0.1591,86.17,4.67,1,0.1177,85.33
36.30,1,98.86,1,0.3030,-8.86,3.83,1,0.1591,86.17,4.67,1,0.1177,85.33
36.40,1,80.19,1,0.2865,9.81,3.83,1,0.1590,86.17,4.95,1,0.1153,85.05
36.51,1,62.19,1,0.2607,27.81,3.84,1,0.1593,86.16,4.92,1,0.1151,85.08
36.63,1,62.19,0,0.2607,27.81,3.85,1,0.1591,86.15,5.18,1,0.1128,84.82
36.74,1,45.81,0,0.2311,44.19,3.86,1,0.1589,86.14,5.42,1,0.1106,84.58
36.85,1,45.81,0,0.2311,44.19,3.86,1,0.1589,86.14,5.42,1,0.1106,84.58
36.96,1,29.31,1,0.1968,60.69,3.89,1,0.1587,86.11,5.63,1,0.1085,84.37
37.08,1,5.04,1,0.1169,84.96,3.95,1,0.1582,86.05,5.96,1,0.1043,84.04
37.19,1,23.76,1,0.0733,66.24,4.00,1,0.1579,86.00,6.08,1,0.1023,83.92
37.31,1,66.39,1,0.0519,23.61,4.12,1,0.1573,85.88,6.24,1,0.0985,83.76
37.41,1,91.02,1,0.1014,-1.02,4.18,1,0.1570,85.82,6.26,1,0.0967,83.74
37.52,1,117.89,1,0.1594,-27.89,4.10,1,0.1586,85.90,6.25,1,0.0925,83.75
37.63,1,144.62,1,0.2118,-54.62,4.17,1,0.1597,85.83,6.17,1,0.0902,83.83
37.75,1,170.10,1,0.2553,-80.10,4.21,1,0.1606,85.79,6.04,1,0.0900,83.96
37.86,1,166.29,1,0.2889,-76.29,4.18,1,0.1629,85.82,5.73,1,0.0902,84.27
37.98,1,144.37,1,0.3100,-54.37,4.11,1,0.1642,85.89,5.34,1,0.0920,84.66
38.09,0,124.87,1,0.3181,-34.87,4.05,1,0.1645,85.95,4.85,1,0.0952,85.15
38.21,0,124.87,1,0.3181,-34.87,4.05,1,0.1645,85.95,4.85,1,0.0952,85.15
38.31,0,107.54,1,0.3151,-17.54,4.04,1,0.1655,85.96,4.24,1,0.0996,85.76
38.42,0,92.15,1,0.3047,-2.15,4.03,1,0.1683,85.97,3.52,1,0.1045,86.48
38.52,0,92.15,1,0.3047,-2.15,4.03,1,0.1683,85.97,3.52,1,0.1045,86.48
38.63,0,78.16,1,0.2894,11.84,4.00,1,0.1717,86.00,2.78,1,0.1096,87.22
38.73,0,65.31,1,0.2695,24.69,3.94,1,0.1740,86.06,2.09,1,0.1151,87.91
38.84,0,65.31,0,0.2695,24.69,3.94,1,0.1740,86.06,2.09,1,0.1151,87.91
38.94,0,53.27,0,0.2457,36.73,3.91,1,0.1748,86.09,1.48,1,0.1208,88.52
39.05,0,41.70,0,0.2184,48.30,3.93,1,0.1753,86.07,0.91,1,0.1267,89.09
39.16,0,41.70,0,0.2184,48.30,3.93,1,0.1753,86.07,0.91,1,0.1267,89.09
39.27,0,30.48,0,0.1880,59.52,3.98,1,0.1769,86.02,0.34,1,0.1319,89.66
39.38,0,19.68,0,0.1571,70.32,4.02,1,0.1795,85.98,0.21,1,0.1358,89.79
39.50,0,19.68,1,0.1571,70.32,4.02,1,0.1795,85.98,0.21,1,0.1358,89.79
39.61,0,9.41,1,0.1285,80.59,4.03,1,0.1819,85.97,0.71,1,0.1387,89.29
39.72,0,0.52,1,0.1007,89.48,4.04,1,0.1830,85.96,1.12,1,0.1415,88.88
39.83,0,0.52,1,0.1007,89.48,4.04,1,0.1830,85.96,1.12,1,0.1415,88.88
39.94,0,10.13,1,0.0736,79.87,4.10,1,0.1833,85.90,1.46,1,0.1448,88.54
40.04,0,10.09,1,0.0738,79.91,4.11,1,0.1825,85.89,1.43,1,0.1455,88.57
40.16,0,19.39,1,0.0492,70.61,4.22,1,0.1838,85.78,1.76,1,0.1481,88.24
40.27,0,28.30,1,0.0311,61.70,4.35,1,0.1851,85.65,2.05,1,0.1505,87.95
40.38,0,28.30,1,0.0311,61.70,4.35,1,0.1851,85.65,2.05,1,0.1505,87.95
40.50,0,36.92,1,0.0278,53.08,4.46,1,0.1868,85.54,2.31,1,0.1516,87.69
40.60,0,36.92,1,0.0278,53.08,4.46,1,0.1868,85.54,2.31,1,0.1516,87.69
40.70,0,45.38,0,0.0408,44.62,4.55,1,0.1878,85.45,2.51,1,0.1520,87.49
40.81,0,45.38,0,0.0408,44.62,4.55,1,0.1878,85.45,2.51,1,0.1520,87.49
40.91,0,53.60,0,0.0586,36.40,4.64,1,0.1879,85.36,2.63,1,0.1528,87.37
41.01,0,61.48,0,0.0759,28.52,4.75,1,0.1876,85.25,2.67,1,0.1542,87.33
41.11,0,61.48,0,0.0759,28.52,4.75,1,0.1876,85.25,2.67,1,0.1542,87.33
41.22,0,69.07,0,0.0920,20.93,4.87,1,0.1876,85.13,2.68,1,0.1557,87.32
41.32,0,69.07,0,0.0920,20.93,4.87,1,0.1876,85.13,2.68,1,0.1557,87.32
41.43,0,76.34,0,0.1077,13.66,4.98,1,0.1880,85.02,2.70,1,0.1563,87.30
41.54,0,83.41,0,0.1238,6.59,4.96,1,0.1894,85.04,2.75,1,0.1550,87.25
41.64,0,83.41,0,0.1238,6.59,5.07,1,0.1885,84.93,2.68,1,0.1556,87.32
41.75,0,96.81,1,0.1534,-6.81,5.19,1,0.1878,84.81,2.40,1,0.1544,87.60
41.86,0,103.05,1,0.1652,-13.05,5.25,1,0.1869,84.75,2.16,1,0.1550,87.84
41.96,0,103.05,1,0.1652,-13.05,5.25,1,0.1869,84.75,2.16,1,0.1550,87.84
42.08,0,109.02,1,0.1762,-19.02,5.33,1,0.1862,84.67,1.91,1,0.1554,88.09
42.19,0,114.79,1,0.1876,-24.79,5.40,1,0.1858,84.60,1.67,1,0.1547,88.33
42.30,0,120.42,1,0.1996,-30.42,5.44,1,0.1856,84.56,1.40,1,0.1529,88.60
42.42,0,120.49,1,0.2005,-30.49,5.38,1,0.1864,84.62,1.40,1,0.1517,88.60
42.52,0,125.81,1,0.2104,-35.81,5.45,1,0.1854,84.55,1.04,1,0.1511,88.96
42.64,0,130.88,0,0.2192,-40.88,5.46,1,0.1844,84.54,0.61,1,0.1504,89.39
42.76,0,135.67,0,0.2264,-45.67,5.50,1,0.1828,84.50,0.15,1,0.1504,89.85
42.88,0,135.66,0,0.2262,-45.66,5.53,1,0.1827,84.47,0.16,1,0.1508,89.84
42.98,0,140.26,0,0.2337,-50.26,5.57,1,0.1814,84.43,0.29,1,0.1500,89.71
43.08,0,144.74,0,0.2420,-54.74,5.62,1,0.1809,84.38,0.71,1,0.1483,89.29
43.19,0,144.74,0,0.2420,-54.74,5.62,1,0.1809,84.38,0.71,1,0.1483,89.29
43.30,0,149.08,0,0.2503,-59.08,5.62,1,0.1810,84.38,1.16,1,0.1457,88.84
43.41,0,153.17,0,0.2573,-63.17,5.58,1,0.1805,84.42,1.69,1,0.1437,88.31
43.52,0,153.17,0,0.2573,-63.17,5.58,1,0.1805,84.42,1.69,1,0.1437,88.31
43.64,0,156.97,0,0.2624,-66.97,5.56,1,0.1789,84.44,2.26,1,0.1428,87.74
43.75,0,164.23,1,0.2717,-74.23,5.66,1,0.1754,84.34,3.33,1,0.1415,86.67
43.85,0,167.79,1,0.2777,-77.79,5.67,1,0.1754,84.33,3.81,1,0.1391,86.19
43.96,0,171.21,1,0.2834,-81.21,5.61,1,0.1755,84.39,4.33,1,0.1364,85.67
44.07,0,174.34,1,0.2877,-84.34,5.55,1,0.1744,84.45,4.90,1,0.1345,85.10
44.19,0,174.34,1,0.2877,-84.34,5.55,1,0.1744,84.45,4.90,1,0.1345,85.10
44.29,0,177.08,1,0.2905,-87.08,5.54,1,0.1722,84.46,5.47,1,0.1339,84.53
44.41,0,179.43,1,0.2933,-89.43,5.59,1,0.1700,84.41,5.98,1,0.1336,84.02
44.51,0,178.60,1,0.2973,-88.60,5.62,1,0.1692,84.38,6.43,1,0.1324,83.57
44.62,0,177.10,1,0.3021,-87.10,5.57,1,0.1693,84.43,6.84,1,0.1300,83.16
44.73,0,177.10,1,0.3021,-87.10,5.57,1,0.1693,84.43,6.84,1,0.1300,83.16
44.84,0,176.13,1,0.3065,-86.13,5.48,1,0.1690,84.52,7.28,1,0.1276,82.72
44.94,0,175.64,1,0.3100,-85.64,5.42,1,0.1673,84.58,7.72,1,0.1264,82.28
45.06,0,175.50,1,0.3127,-85.50,5.42,1,0.1649,84.58,8.13,1,0.1265,81.87
45.17,0,175.50,1,0.3127,-85.50,5.42,1,0.1649,84.58,8.13,1,0.1265,81.87
45.28,0,175.61,1,0.3156,-85.61,5.46,1,0.1631,84.54,8.45,1,0.1266,81.55
45.38,0,175.92,1,0.3193,-85.92,5.44,1,0.1626,84.56,8.69,1,0.1256,81.31
45.48,0,175.92,1,0.3193,-85.92,5.44,1,0.1626,84.56,8.69,1,0.1256,81.31
45.59,0,176.44,1,0.3236,-86.44,5.35,1,0.1626,84.65,8.89,1,0.1236,81.11
45.69,0,177.20,1,0.3270,-87.20,5.25,1,0.1619,84.75,9.08,1,0.1220,80.92
45.79,0,178.23,1,0.3283,-88.23,5.22,1,0.1614,84.78,9.13,1,0.1220,80.87
45.90,0,178.23,1,0.3283,-88.23,5.20,1,0.1599,84.80,9.26,1,0.1220,80.74
46.00,0,179.48,1,0.3280,-89.48,5.21,1,0.1576,84.79,9.37,1,0.1230,80.63
46.10,0,179.49,1,0.3276,-89.49,5.25,1,0.1576,84.75,9.34,1,0.1235,80.66
46.22,0,179.10,1,0.3278,-89.10,5.22,1,0.1561,84.78,9.36,1,0.1238,80.64
46.33,0,177.54,1,0.3282,-87.54,5.18,1,0.1557,84.82,9.28,1,0.1235,80.72
46.43,0,175.76,1,0.3281,-85.76,5.08,1,0.1556,84.92,9.26,1,0.1217,80.74
46.54,0,175.76,1,0.3281,-85.76,5.08,1,0.1556,84.92,9.17,1,0.1224,80.83
46.66,0,173.66,1,0.3261,-83.66,5.00,1,0.1545,85.00,9.06,1,0.1221,80.94
46.77,0,171.23,1,0.3216,-81.23,4.96,1,0.1524,85.04,8.92,1,0.1234,81.08
46.89,0,171.23,1,0.3216,-81.23,4.96,1,0.1524,85.04,8.92,1,0.1234,81.08
47.00,0,168.51,1,0.3159,-78.51,4.97,1,0.1500,85.03,8.71,1,0.1255,81.29
47.11,0,165.56,1,0.3104,-75.56,4.98,1,0.1487,85.02,8.42,1,0.1271,81.58
47.21,0,165.56,1,0.3104,-75.56,4.98,1,0.1487,85.02,8.42,1,0.1271,81.58
47.32,0,162.39,1,0.3053,-72.39,4.94,1,0.1485,85.06,8.08,1,0.1274,81.92
47.44,0,158.97,1,0.2995,-68.97,4.86,1,0.1482,85.14,7.74,1,0.1273,82.26
47.55,0,158.97,1,0.2995,-68.97,4.86,1,0.1482,85.14,7.74,1,0.1273,82.26
47.66,0,155.25,1,0.2917,-65.25,4.79,1,0.1468,85.21,7.42,1,0.1281,82.58
47.77,0,151.22,1,0.2822,-61.22,4.77,1,0.1443,85.23,7.09,1,0.1303,82.91
47.88,0,146.94,1,0.2722,-56.94,4.81,1,0.1421,85.19,6.69,1,0.1332,83.31
47.98,0,146.94,1,0.2722,-56.94,4.81,1,0.1421,85.19,6.69,1,0.1332,83.31
48.09,0,142.44,1,0.2628,-52.44,4.84,1,0.1411,85.16,6.24,1,0.1351,83.76
48.20,0,137.67,1,0.2538,-47.67,4.80,1,0.1410,85.20,5.78,1,0.1355,84.22
48.30,0,137.75,1,0.2550,-47.75,4.72,1,0.1420,85.28,5.78,1,0.1339,84.22
48.41,0,132.55,0,0.2439,-42.55,4.72,1,0.1404,85.28,5.37,1,0.1357,84.63
48.51,0,127.00,0,0.2324,-37.00,4.67,1,0.1385,85.33,5.00,1,0.1370,85.00
48.62,0,121.06,0,0.2198,-31.06,4.69,1,0.1359,85.31,4.62,1,0.1396,85.38
48.73,0,114.84,0,0.2082,-24.84,4.69,1,0.1359,85.31,4.62,1,0.1396,85.38
48.84,0,114.84,0,0.2082,-24.84,4.71,1,0.1343,85.29,4.22,1,0.1412,85.78
48.95,0,108.32,0,0.1968,-18.32,4.72,1,0.1329,85.28,3.83,1,0.1428,86.17
49.05,0,101.97,0,0.1861,-11.97,4.74,1,0.1313,85.26,3.46,1,0.1443,86.54
49.16,0,101.97,0,0.1861,-11.97,4.74,1,0.1313,85.26,3.46,1,0.1443,86.54
49.27,0,96.01,0,0.1764,-6.01,4.75,1,0.1296,85.25,3.12,1,0.1459,86.88
49.37,0,90.42,0,0.1677,-0.42,4.75,1,0.1296,85.25,3.12,1,0.1459,86.88
49.47,0,85.19,1,0.1599,4.81,4.81,1,0.1263,85.19,2.48,1,0.1489,87.52
49.58,0,80.32,1,0.1528,9.68,4.85,1,0.1248,85.15,2.18,1,0.1501,87.82
49.68,0,80.32,1,0.1528,9.68,4.85,1,0.1248,85.15,2.18,1,0.1501,87.82
49.78,0,75.78,1,0.1457,14.22,4.88,1,0.1232,85.12,1.91,1,0.1513,88.09
49.89,0,71.78,1,0.1411,18.22,4.82,1,0.1250,85.18,1.55,1,0.1498,88.45
50.00,0,71.78,1,0.1411,18.22,4.82,1,0.1250,85.18,1.55,1,0.1498,88.45
50.12,0,67.77,1,0.1340,22.23,4.77,1,0.1236,85.23,1.35,1,0.1497,88.65
50.22,0,63.87,1,0.1269,26.13,4.80,1,0.1213,85.20,1.19,1,0.1507,88.81
50.34,0,63.80,1,0.1267,26.20,4.85,1,0.1206,85.15,1.20,1,0.1518,88.80
50.46,0,60.18,0,0.1207,29.82,4.90,1,0.1190,85.10,1.02,1,0.1527,88.98
50.57,0,56.77,0,0.1155,33.23,4.99,1,0.1177,85.01,0.83,1,0.1542,89.17
50.68,0,53.64,0,0.1105,36.36,5.01,1,0.1172,84.99,0.66,1,0.1544,89.34
50.79,0,47.77,0,0.0987,42.23,4.95,1,0.1150,85.05,0.52,1,0.1531,89.48
50.90,0,44.95,0,0.0929,45.05,5.00,1,0.1127,85.00,0.51,1,0.1539,89.49
51.01,0,42.26,0,0.0882,47.74,5.11,1,0.1105,84.89,0.48,1,0.1556,89.52
51.12,0,37.49,0,0.0799,52.51,5.20,1,0.1091,84.80,0.46,1,0.1563,89.54
51.22,0,35.30,0,0.0749,54.70,5.11,1,0.1100,84.89,0.53,1,0.1566,89.47
51.32,0,35.31,0,0.0739,54.69,5.05,1,0.1098,84.95,0.57,1,0.1557,89.43
51.43,0,31.00,0,0.0649,59.00,4.83,1,0.1123,85.17,0.79,1,0.1609,89.21
51.54,0,28.97,0,0.0614,61.03,4.65,1,0.1141,85.35,0.91,1,0.1640,89.09
51.64,0,27.10,0,0.0583,62.90,4.36,1,0.1182,85.64,1.02,1,0.1665,88.98
51.76,0,23.71,1,0.0499,66.29,3.50,1,0.1302,86.50,1.38,1,0.1701,88.62
51.88,0,22.02,1,0.0454,67.98,3.08,1,0.1349,86.92,1.64,1,0.1718,88.36
51.99,0,20.35,1,0.0419,69.65,2.76,1,0.1386,87.24,1.89,1,0.1741,88.11
52.10,0,20.35,1,0.0419,69.65,2.76,1,0.1386,87.24,1.89,1,0.1741,88.11
52.21,0,18.77,1,0.0394,71.23,2.48,1,0.1429,87.52,2.12,1,0.1764,87.88
52.32,0,17.33,1,0.0368,72.67,2.16,1,0.1483,87.84,2.35,1,0.1778,87.65
52.43,0,17.33,1,0.0368,72.67,2.16,1,0.1483,87.84,2.35,1,0.1778,87.65
52.53,0,16.01,1,0.0335,73.99,1.80,1,0.1536,88.20,2.61,1,0.1779,87.39
52.65,0,14.71,1,0.0296,75.29,1.44,1,0.1577,88.56,2.93,1,0.1777,87.07
52.75,0,14.71,1,0.0296,75.29,1.44,1,0.1577,88.56,2.93,1,0.1777,87.07
52.87,0,13.37,1,0.0259,76.63,1.17,1,0.1604,88.83,3.27,1,0.1782,86.73
52.97,0,12.03,1,0.0234,77.97,1.00,1,0.1626,89.00,3.60,1,0.1798,86.40
53.08,0,12.03,1,0.0234,77.97,1.00,1,0.1626,89.00,3.60,1,0.1798,86.40
53.19,0,10.80,1,0.0216,79.20,0.86,1,0.1659,89.14,3.89,1,0.1815,86.11
53.29,0,10.80,1,0.0216,79.20,0.86,1,0.1659,89.14,3.89,1,0.1815,86.11
53.40,0,9.70,1,0.0197,80.30,0.69,1,0.1698,89.31,4.15,1,0.1819,85.85
53.50,0,8.68,1,0.0171,81.32,0.46,1,0.1732,89.54,4.46,1,0.1810,85.54
53.60,0,8.68,1,0.0171,81.32,0.46,1,0.1732,89.54,4.46,1,0.1810,85.54
53.70,0,7.65,1,0.0141,82.35,0.27,1,0.1753,89.73,4.82,1,0.1801,85.18
53.82,0,6.57,1,0.0114,83.43,0.19,1,0.1766,89.81,5.18,1,0.1806,84.82
53.93,0,6.57,1,0.0114,83.43,0.19,1,0.1766,89.81,5.18,1,0.1806,84.82
54.04,0,5.51,1,0.0096,84.49,0.20,1,0.1781,89.80,5.48,1,0.1822,84.52
54.15,0,4.56,1,0.0087,85.44,0.22,1,0.1805,89.78,5.73,1,0.1834,84.27
54.26,0,4.56,1,0.0087,85.44,0.22,1,0.1805,89.78,5.73,1,0.1834,84.27
54.37,0,3.73,1,0.0084,86.27,0.19,1,0.1833,89.81,5.98,1,0.1830,84.02
54.47,0,3.73,1,0.0084,86.27,0.19,1,0.1833,89.81,5.98,1,0.1830,84.02
54.57,0,3.73,1,0.0084,86.27,0.19,1,0.1833,89.81,5.98,1,0.1830,84.02
54.68,0,2.95,1,0.0087,87.05,0.13,1,0.1854,89.87,6.28,1,0.1816,83.72
54.78,0,2.95,1,0.0087,87.05,0.13,1,0.1854,89.87,6.28,1,0.1816,83.72
54.88,0,2.12,1,0.0089,87.88,0.13,1,0.1863,89.87,6.62,1,0.1808,83.38
54.98,0,2.12,1,0.0089,87.88,0.13,1,0.1863,89.87,6.62,1,0.1808,83.38
55.10,0,1.26,1,0.0086,88.74,0.14,1,0.1854,89.86,6.65,1,0.1812,83.35
55.22,0,1.26,1,0.0086,88.74,0.24,1,0.1866,89.76,6.93,1,0.1815,83.07
55.33,0,0.44,1,0.0082,89.56,0.41,1,0.1874,89.59,7.18,1,0.1830,82.82
55.43,0,0.44,1,0.0082,89.56,0.41,1,0.1874,89.59,7.18,1,0.1830,82.82
55.54,0,0.27,1,0.0090,89.73,0.58,1,0.1889,89.42,7.36,1,0.1838,82.64
55.65,0,0.17,1,0.0104,89.83,0.53,1,0.1902,89.47,7.32,1,0.1827,82.68
55.76,0,0.87,1,0.0112,89.13,0.70,1,0.1905,89.30,7.55,1,0.1831,82.45
55.86,0,1.46,1,0.0138,88.54,0.61,1,0.1912,89.39,7.57,1,0.1814,82.43
55.96,0,1.46,1,0.0138,88.54,0.81,1,0.1911,89.19,7.77,1,0.1818,82.23
56.06,0,2.10,1,0.0155,87.90,0.76,1,0.1907,89.24,7.82,1,0.1810,82.18
56.17,0,2.10,1,0.0155,87.90,0.98,1,0.1904,89.02,8.01,1,0.1816,81.99
56.28,0,2.76,1,0.0158,87.24,1.25,1,0.1892,88.75,8.18,1,0.1829,81.82
56.40,0,2.76,1,0.0158,87.24,1.25,1,0.1892,88.75,8.18,1,0.1829,81.82
56.50,0,3.37,1,0.0155,86.63,1.56,1,0.1888,88.44,8.27,1,0.1847,81.73
56.60,0,3.37,1,0.0155,86.63,1.56,1,0.1888,88.44,8.27,1,0.1847,81.73
56.72,0,3.85,1,0.0163,86.15,1.84,1,0.1889,88.16,8.30,1,0.1856,81.70
56.82,0,3.85,1,0.0163,86.15,1.84,1,0.1889,88.16,8.30,1,0.1856,81.70
56.92,0,4.26,1,0.0184,85.74,2.06,1,0.1887,87.94,8.35,1,0.1849,81.65
57.03,0,4.26,1,0.0184,85.74,2.06,1,0.1887,87.94,8.35,1,0.1849,81.65
57.14,0,4.67,1,0.0208,85.33,2.27,1,0.1875,87.73,8.43,1,0.1839,81.57
57.25,0,5.13,1,0.0221,84.87,2.53,1,0.1855,87.47,8.51,1,0.1840,81.49
57.36,0,5.13,1,0.0221,84.87,2.53,1,0.1855,87.47,8.51,1,0.1840,81.49
57.47,0,5.61,1,0.0219,84.39,2.87,1,0.1837,87.13,8.51,1,0.1854,81.49
57.58,0,5.61,1,0.0219,84.39,2.87,1,0.1837,87.13,8.51,1,0.1854,81.49
57.69,0,6.01,1,0.0214,83.99,3.23,1,0.1826,86.77,8.41,1,0.1868,81.59
57.80,0,6.29,1,0.0220,83.71,3.54,1,0.1820,86.46,8.24,1,0.1868,81.76
57.90,0,6.29,1,0.0220,83.71,3.54,1,0.1820,86.46,8.24,1,0.1868,81.76
58.01,0,6.52,1,0.0240,83.48,3.77,1,0.1812,86.23,8.09,1,0.1856,81.91
58.11,0,6.52,1,0.0240,83.48,3.77,1,0.1812,86.23,8.09,1,0.1856,81.91
58.22,0,6.77,1,0.0260,83.23,3.99,1,0.1796,86.01,7.96,1,0.1843,82.04
58.32,0,6.77,1,0.0260,83.23,3.99,1,0.1796,86.01,7.96,1,0.1843,82.04
58.43,0,7.07,1,0.0265,82.93,4.25,1,0.1773,85.75,7.83,1,0.1842,82.17
58.54,0,7.36,1,0.0257,82.64,4.59,1,0.1751,85.41,7.64,1,0.1851,82.36
58.66,0,7.36,1,0.0257,82.64,4.59,1,0.1751,85.41,7.64,1,0.1851,82.36
58.76,0,7.57,1,0.0249,82.43,4.93,1,0.1737,85.07,7.39,1,0.1859,82.61
58.86,0,7.57,1,0.0249,82.43,4.93,1,0.1737,85.07,7.39,1,0.1859,82.61
58.97,0,7.67,1,0.0255,82.33,5.19,1,0.1729,84.81,7.10,1,0.1852,82.90
59.07,0,7.73,1,0.0273,82.27,5.35,1,0.1720,84.65,6.84,1,0.1835,83.16
59.19,0,7.73,1,0.0273,82.27,5.35,1,0.1720,84.65,6.84,1,0.1835,83.16
59.30,0,7.82,1,0.0287,82.18,5.50,1,0.1701,84.50,6.61,1,0.1822,83.39
59.40,0,7.82,1,0.0287,82.18,5.50,1,0.1701,84.50,6.61,1,0.1822,83.39
59.51,0,7.97,1,0.0285,82.03,5.71,1,0.1676,84.29,6.38,1,0.1821,83.62
59.61,0,7.97,1,0.0285,82.03,5.71,1,0.1676,84.29,6.38,1,0.1821,83.62
59.72,0,8.09,1,0.0272,81.91,5.98,1,0.1653,84.02,6.10,1,0.1829,83.90
59.82,0,8.09,1,0.0272,81.91,5.98,1,0.1653,84.02,6.10,1,0.1829,83.90
59.93,0,8.11,1,0.0263,81.89,6.21,1,0.1640,83.79,5.76,1,0.1832,84.24
60.03,0,8.03,1,0.0270,81.97,6.33,1,0.1635,83.67,5.42,1,0.1822,84.58
60.13,0,8.03,1,0.0270,81.97,6.33,1,0.1635,83.67,5.42,1,0.1822,84.58
60.24,0,7.94,1,0.0286,82.06,6.37,1,0.1624,83.63,5.16,1,0.1803,84.84
60.34,0,7.94,1,0.0286,82.06,6.37,1,0.1624,83.63,5.16,1,0.1803,84.84
60.44,0,7.89,1,0.0293,82.11,6.40,1,0.1603,83.60,4.94,1,0.1789,85.06
60.56,0,7.88,1,0.0284,82.12,6.51,1,0.1577,83.49,4.71,1,0.1790,85.29
60.68,0,7.88,1,0.0284,82.12,6.51,1,0.1577,83.49,4.71,1,0.1790,85.29
60.78,0,7.83,1,0.0267,82.17,6.65,1,0.1556,83.35,4.42,1,0.1796,85.58
60.89,0,7.68,1,0.0259,82.32,6.72,1,0.1548,83.28,4.07,1,0.1793,85.93
61.01,0,7.68,1,0.0259,82.32,6.72,1,0.1548,83.28,4.07,1,0.1793,85.93
61.12,0,7.44,1,0.0267,82.56,6.68,1,0.1545,83.32,3.74,1,0.1775,86.26
61.22,0,7.20,1,0.0279,82.80,6.59,1,0.1550,83.41,3.76,1,0.1758,86.24
61.32,0,7.20,1,0.0279,82.80,6.57,1,0.1534,83.43,3.48,1,0.1753,86.52
61.42,0,7.02,1,0.0279,82.98,6.48,1,0.1511,83.52,3.26,1,0.1739,86.74
61.53,0,7.02,1,0.0279,82.98,6.48,1,0.1511,83.52,3.26,1,0.1739,86.74
61.63,0,6.87,1,0.0264,83.13,6.45,1,0.1487,83.55,3.01,1,0.1736,86.99
61.73,0,6.87,1,0.0264,83.13,6.45,1,0.1487,83.55,3.01,1,0.1736,86.99
61.85,0,6.65,1,0.0247,83.35,6.45,1,0.1472,83.55,2.71,1,0.1737,87.29
61.95,0,6.65,1,0.0247,83.35,6.45,1,0.1472,83.55,2.71,1,0.1737,87.29
62.05,0,6.33,1,0.0244,83.67,6.36,1,0.1469,83.64,2.40,1,0.1729,87.60
62.16,0,6.33,1,0.0244,83.67,6.36,1,0.1469,83.64,2.40,1,0.1729,87.60
62.27,0,5.94,1,0.0254,84.06,6.17,1,0.1467,83.83,2.14,1,0.1707,87.86
62.39,0,5.94,1,0.0254,84.06,6.17,1,0.1467,83.83,2.14,1,0.1707,87.86
62.50,0,5.57,1,0.0262,84.43,5.93,1,0.1454,84.07,1.98,1,0.1682,88.02
62.62,0,5.57,1,0.0262,84.43,5.93,1,0.1454,84.07,1.98,1,0.1682,88.02
62.73,0,5.26,1,0.0256,84.74,5.74,1,0.1432,84.26,1.85,1,0.1668,88.15
62.85,0,4.96,1,0.0239,85.04,5.62,1,0.1411,84.38,1.69,1,0.1666,88.31
62.97,0,4.96,1,0.0239,85.04,5.62,1,0.1411,84.38,1.69,1,0.1666,88.31
63.08,0,4.58,1,0.0227,85.42,5.51,1,0.1402,84.49,1.49,1,0.1665,88.51
63.19,0,4.58,1,0.0227,85.42,5.51,1,0.1402,84.49,1.49,1,0.1665,88.51
63.30,0,4.10,1,0.0231,85.90,5.32,1,0.1403,84.68,1.29,1,0.1649,88.71
63.41,0,3.56,1,0.0244,86.44,5.04,1,0.1401,84.96,1.17,1,0.1621,88.83
63.53,0,3.56,1,0.0244,86.44,5.04,1,0.1401,84.96,1.17,1,0.1621,88.83
63.64,0,3.07,1,0.0249,86.93,4.74,1,0.1388,85.26,1.13,1,0.1594,88.87
63.74,0,3.07,1,0.0249,86.93,4.74,1,0.1388,85.26,1.13,1,0.1594,88.87
63.85,0,2.63,1,0.0241,87.37,4.51,1,0.1366,85.49,1.13,1,0.1577,88.87
63.97,0,2.18,1,0.0228,87.82,4.35,1,0.1349,85.65,1.08,1,0.1571,88.92
64.08,0,2.18,1,0.0228,87.82,4.35,1,0.1349,85.65,1.08,1,0.1571,88.92
64.19,0,1.65,1,0.0229,88.35,4.20,1,0.1345,85.80,1.00,1,0.1563,89.00
64.29,0,1.65,1,0.0229,88.35,4.20,1,0.1345,85.80,1.00,1,0.1563,89.00
64.39,0,1.01,1,0.0244,88.99,3.97,1,0.1348,86.03,0.95,1,0.1541,89.05
64.50,0,0.34,1,0.0260,89.66,3.88,1,0.1357,86.12,0.95,1,0.1525,89.05
64.62,0,0.34,1,0.0260,89.66,3.66,1,0.1346,86.34,0.99,1,0.1508,89.01
64.74,0,0.28,1,0.0264,89.72,3.37,1,0.1330,86.63,1.10,1,0.1478,88.90
64.84,0,0.28,1,0.0264,89.72,3.37,1,0.1330,86.63,1.10,1,0.1478,88.90
64.95,0,0.84,1,0.0259,89.16,3.16,1,0.1309,86.84,1.24,1,0.1461,88.76
65.06,0,1.43,1,0.0259,88.57,3.04,1,0.1295,86.96,1.32,1,0.1454,88.68
65.16,0,1.43,1,0.0259,88.57,3.04,1,0.1295,86.96,1.32,1,0.1454,88.68
65.27,0,2.12,1,0.0276,87.88,2.90,1,0.1294,87.10,1.37,1,0.1442,88.63
65.38,0,2.12,1,0.0276,87.88,2.90,1,0.1294,87.10,1.37,1,0.1442,88.63
65.49,0,2.91,1,0.0301,87.09,2.69,1,0.1298,87.31,1.45,1,0.1416,88.55
65.59,0,2.91,1,0.0301,87.09,2.69,1,0.1298,87.31,1.45,1,0.1416,88.55
65.70,0,3.71,1,0.0318,86.29,2.43,1,0.1292,87.57,1.62,1,0.1380,88.38
65.81,0,4.44,1,0.0323,85.56,2.20,1,0.1274,87.80,1.86,1,0.1348,88.14
65.92,0,4.44,1,0.0323,85.56,2.20,1,0.1274,87.80,1.86,1,0.1348,88.14
66.03,0,5.13,1,0.0326,84.87,2.07,1,0.1253,87.93,2.09,1,0.1332,87.91
66.15,0,5.86,1,0.0343,84.14,2.02,1,0.1241,87.98,2.26,1,0.1324,87.74
66.26,0,5.86,1,0.0343,84.14,2.02,1,0.1241,87.98,2.26,1,0.1324,87.74
66.37,0,6.71,1,0.0373,83.29,1.95,1,0.1241,88.05,2.38,1,0.1309,87.62
66.49,0,7.65,1,0.0403,82.35,1.80,1,0.1243,88.20,2.54,1,0.1279,87.46
66.61,0,7.65,1,0.0403,82.35,1.80,1,0.1243,88.20,2.54,1,0.1279,87.46
66.71,0,8.57,1,0.0421,81.43,1.62,1,0.1233,88.38,2.79,1,0.1241,87.21
66.82,0,8.57,1,0.0421,81.43,1.62,1,0.1233,88.38,2.79,1,0.1241,87.21
66.94,0,9.42,1,0.0429,80.58,1.50,1,0.1212,88.50,3.09,1,0.1211,86.91
67.04,0,9.42,1,0.0429,80.58,1.50,1,0.1212,88.50,3.09,1,0.1211,86.91
67.14,0,10.25,1,0.0442,79.75,1.49,1,0.1190,88.51,3.35,1,0.1196,86.65
67.25,0,10.25,1,0.0442,79.75,1.49,1,0.1190,88.51,3.35,1,0.1196,86.65
67.35,0,11.13,1,0.0471,78.87,1.54,1,0.1180,88.46,3.53,1,0.1188,86.47
67.46,0,11.13,1,0.0471,78.87,1.54,1,0.1180,88.46,3.53,1,0.1188,86.47
67.56,0,12.14,1,0.0509,77.86,1.56,1,0.1180,88.44,3.67,1,0.1170,86.33
67.67,0,12.14,1,0.0509,77.86,1.56,1,0.1180,88.44,3.67,1,0.1170,86.33
67.78,0,13.22,1,0.0541,76.78,1.51,1,0.1178,88.49,3.86,1,0.1137,86.14
67.88,0,13.22,1,0.0541,76.78,1.51,1,0.1178,88.49,3.86,1,0.1137,86.14
67.98,0,14.27,1,0.0560,75.73,1.43,1,0.1164,88.57,4.12,1,0.1099,85.88
68.08,0,14.27,1,0.0560,75.73,1.43,1,0.1164,88.57,4.12,1,0.1099,85.88
68.20,0,15.25,1,0.0573,74.75,1.43,1,0.1139,88.57,4.40,1,0.1071,85.60
68.31,0,15.25,1,0.0573,74.75,1.43,1,0.1139,88.57,4.40,1,0.1071,85.60
68.41,0,15.25,1,0.0573,74.75,1.43,1,0.1139,88.57,4.40,1,0.1071,85.60
68.52,0,16.21,1,0.0595,73.79,1.54,1,0.1117,88.46,4.63,1,0.1058,85.37
68.62,0,16.21,1,0.0595,73.79,1.54,1,0.1117,88.46,4.63,1,0.1058,85.37
68.73,0,17.25,1,0.0633,72.75,1.62,1,0.1123,88.38,4.57,1,0.1071,85.43
68.84,0,17.25,1,0.0633,72.75,1.70,1,0.1107,88.30,4.76,1,0.1050,85.24
68.94,0,18.42,1,0.0675,71.58,1.81,1,0.1106,88.19,4.67,1,0.1051,85.33
69.06,0,18.42,1,0.0675,71.58,1.81,1,0.1106,88.19,4.85,1,0.1030,85.15
69.18,0,19.63,1,0.0708,70.37,1.74,1,0.1118,88.26,4.82,1,0.1016,85.18
69.28,0,19.63,1,0.0708,70.37,1.85,1,0.1101,88.15,4.99,1,0.0996,85.01
69.38,0,20.81,1,0.0728,69.19,1.88,1,0.1082,88.12,5.19,1,0.0960,84.81
69.49,0,20.81,1,0.0728,69.19,1.88,1,0.1082,88.12,5.19,1,0.0960,84.81
69.61,0,21.91,1,0.0746,68.09,1.99,1,0.1054,88.01,5.41,1,0.0937,84.59
69.71,0,23.01,1,0.0775,66.99,2.05,1,0.1049,87.95,5.41,1,0.0947,84.59
69.82,0,23.01,1,0.0775,66.99,2.21,1,0.1031,87.79,5.55,1,0.0928,84.45
69.94,0,24.21,1,0.0818,65.79,2.45,1,0.1022,87.55,5.60,1,0.0920,84.40
70.05,0,25.53,1,0.0863,64.47,2.63,1,0.1020,87.37,5.62,1,0.0901,84.38
70.15,0,25.53,1,0.0863,64.47,2.63,1,0.1020,87.37,5.62,1,0.0901,84.38
70.27,0,26.89,1,0.0897,63.11,2.73,1,0.1011,87.27,5.68,1,0.0869,84.32
70.38,0,28.19,1,0.0920,61.81,2.83,1,0.0988,87.17,5.82,1,0.0838,84.18
70.48,0,29.42,1,0.0942,60.58,3.01,1,0.0959,86.99,5.97,1,0.0821,84.03
70.58,0,29.42,1,0.0942,60.58,3.01,1,0.0959,86.99,5.97,1,0.0821,84.03
70.70,0,30.67,1,0.0978,59.33,3.28,1,0.0937,86.72,6.04,1,0.0818,83.96
70.82,0,32.03,1,0.1025,57.97,3.56,1,0.0930,86.44,6.03,1,0.0816,83.97
70.94,0,32.03,1,0.1025,57.97,3.56,1,0.0930,86.44,6.03,1,0.0816,83.97
71.05,0,33.51,1,0.1072,56.49,3.75,1,0.0927,86.25,6.02,1,0.0799,83.98
71.16,0,35.00,1,0.1107,55.00,3.86,1,0.0915,86.14,6.10,1,0.0773,83.90
71.27,0,35.00,0,0.1107,55.00,3.86,1,0.0915,86.14,6.10,1,0.0773,83.90
71.39,0,36.43,0,0.1132,53.57,3.98,1,0.0889,86.02,6.23,1,0.0752,83.77
71.49,0,36.43,0,0.1132,53.57,3.98,1,0.0889,86.02,6.23,1,0.0752,83.77
71.59,0,37.81,0,0.1159,52.19,4.19,1,0.0860,85.81,6.31,1,0.0749,83.69
71.70,0,37.81,0,0.1159,52.19,4.19,1,0.0860,85.81,6.31,1,0.0749,83.69
71.81,0,39.21,0,0.1199,50.79,4.46,1,0.0842,85.54,6.29,1,0.0759,83.71
71.91,0,39.21,0,0.1199,50.79,4.46,1,0.0842,85.54,6.29,1,0.0759,83.71
72.01,0,40.75,0,0.1250,49.25,4.72,1,0.0838,85.28,6.17,1,0.0764,83.83
72.12,0,42.39,0,0.1300,47.61,4.89,1,0.0836,85.11,6.07,1,0.0757,83.93
72.23,0,44.05,0,0.1337,45.95,4.98,1,0.0822,85.02,6.03,1,0.0742,83.97
72.34,0,45.61,0,0.1364,44.39,5.09,1,0.0795,84.91,6.06,1,0.0735,83.94
72.45,0,47.08,0,0.1400,42.92,5.37,1,0.0771,84.63,6.03,1,0.0754,83.97
72.55,0,50.39,0,0.1491,39.61,5.77,1,0.0755,84.23,5.84,1,0.0761,84.16
72.66,0,52.19,0,0.1542,37.81,5.90,1,0.0753,84.10,5.73,1,0.0756,84.27
72.76,0,53.97,0,0.1580,36.03,5.96,1,0.0737,84.04,5.70,1,0.0744,84.30
72.87,0,55.64,0,0.1606,34.36,6.05,1,0.0711,83.95,5.72,1,0.0738,84.28
72.98,0,58.98,0,0.1685,31.02,6.44,1,0.0683,83.56,5.65,1,0.0759,84.35
73.09,0,60.83,0,0.1741,29.17,6.59,1,0.0687,83.41,5.52,1,0.0768,84.48
73.20,0,62.76,0,0.1792,27.24,6.65,1,0.0686,83.35,5.42,1,0.0762,84.58
73.30,0,64.63,0,0.1828,25.37,6.65,1,0.0670,83.35,5.41,1,0.0750,84.59
73.41,0,68.14,0,0.1888,21.86,6.84,1,0.0631,83.16,5.50,1,0.0753,84.50
73.51,0,69.99,0,0.1937,20.01,7.00,1,0.0632,83.00,5.44,1,0.0769,84.56
73.62,0,71.99,0,0.1994,18.01,7.09,1,0.0642,82.91,5.31,1,0.0777,84.69
73.73,0,74.03,0,0.2044,15.97,7.06,1,0.0643,82.94,5.24,1,0.0768,84.76
73.84,0,77.80,0,0.2103,12.20,6.96,1,0.0615,83.04,5.40,1,0.0751,84.60
73.95,0,79.63,0,0.2138,10.37,7.00,1,0.0611,83.00,5.43,1,0.0764,84.57
74.06,0,81.58,0,0.2188,8.42,7.05,1,0.0622,82.95,5.36,1,0.0780,84.64
74.17,0,83.77,0,0.2252,6.23,6.93,1,0.0644,83.07,5.23,1,0.0769,84.77
74.27,0,87.64,0,0.2320,2.36,6.75,1,0.0636,83.25,5.37,1,0.0758,84.63
74.38,0,89.50,0,0.2345,0.50,6.68,1,0.0626,83.32,5.48,1,0.0758,84.52
74.49,0,91.36,0,0.2378,-1.36,6.68,1,0.0629,83.32,5.52,1,0.0773,84.48
74.60,0,93.47,0,0.2443,-3.47,6.68,1,0.0660,83.32,5.37,1,0.0785,84.63
74.71,0,97.48,0,0.2522,-7.48,6.44,1,0.0671,83.56,5.47,1,0.0774,84.53
74.82,0,99.42,0,0.2550,-9.42,6.27,1,0.0667,83.73,5.60,1,0.0762,84.40
74.92,0,101.26,0,0.2572,-11.26,6.18,1,0.0661,83.82,5.71,1,0.0765,84.29
75.03,0,103.14,0,0.2603,-13.14,6.18,1,0.0666,83.82,5.76,1,0.0781,84.24
75.14,0,107.18,0,0.2699,-17.18,6.11,1,0.0703,83.89,5.73,1,0.0790,84.27
75.25,0,109.21,0,0.2739,-19.21,5.95,1,0.0712,84.05,5.79,1,0.0775,84.21
75.35,0,111.12,0,0.2764,-21.12,5.81,1,0.0707,84.19,5.91,1,0.0765,84.09
75.45,0,112.92,0,0.2782,-22.92,5.77,1,0.0700,84.23,6.04,1,0.0771,83.96
75.56,0,116.67,0,0.2854,-26.67,5.84,1,0.0724,84.16,6.09,1,0.0799,83.91
75.68,0,118.70,0,0.2902,-28.70,5.79,1,0.0743,84.21,6.07,1,0.0793,83.93
75.79,0,120.65,0,0.2937,-30.65,5.67,1,0.0749,84.33,6.12,1,0.0778,83.88
75.91,0,124.14,0,0.2971,-34.14,5.59,1,0.0733,84.41,6.37,1,0.0781,83.63
76.01,0,125.92,0,0.2998,-35.92,5.68,1,0.0740,84.32,6.41,1,0.0800,83.59
76.13,0,127.80,0,0.3039,-37.80,5.74,1,0.0760,84.26,6.36,1,0.0809,83.64
76.25,0,131.54,0,0.3112,-41.54,5.63,1,0.0779,84.37,6.35,1,0.0788,83.65
76.36,0,133.24,0,0.3127,-43.24,5.59,1,0.0768,84.41,6.48,1,0.0785,83.52
76.47,0,134.86,0,0.3139,-44.86,5.65,1,0.0761,84.35,6.58,1,0.0798,83.42
76.58,0,136.65,0,0.3178,-46.65,5.82,1,0.0787,84.18,6.45,1,0.0816,83.55
76.69,0,140.16,0,0.3239,-50.16,5.76,1,0.0815,84.24,6.26,1,0.0823,83.74
76.79,0,141.86,0,0.3264,-51.86,5.53,1,0.0831,84.47,6.07,1,0.0840,83.93
76.91,0,143.41,0,0.3275,-53.41,5.27,1,0.0843,84.73,5.83,1,0.0876,84.17
77.01,0,144.94,0,0.3285,-54.94,5.12,1,0.0873,84.88,5.35,1,0.0945,84.65
77.12,0,148.23,0,0.3338,-58.23,4.33,1,0.0982,85.67,3.94,1,0.1077,86.06
77.23,0,149.92,0,0.3373,-59.92,3.76,1,0.1051,86.24,3.13,1,0.1145,86.87
77.34,0,151.50,0,0.3394,-61.50,3.14,1,0.1107,86.86,2.39,1,0.1213,87.61
77.45,0,154.37,0,0.3405,-64.37,2.12,1,0.1208,87.88,0.99,1,0.1378,89.01
77.56,0,155.88,0,0.3423,-65.88,1.70,1,0.1276,88.30,0.22,1,0.1461,89.78
77.67,0,157.49,0,0.3456,-67.49,1.24,1,0.1352,88.76,0.54,1,0.1525,89.46
77.79,0,160.54,0,0.3504,-70.54,0.23,1,0.1465,89.77,1.67,1,0.1610,88.33
77.90,0,161.88,0,0.3506,-71.88,0.16,1,0.1499,89.84,2.09,1,0.1657,87.91
78.01,0,163.27,0,0.3514,-73.27,0.36,1,0.1546,89.64,2.58,1,0.1721,87.42
78.12,0,166.18,0,0.3555,-76.18,0.92,1,0.1639,89.08,3.41,1,0.1787,86.59
78.22,0,167.68,0,0.3583,-77.68,1.21,1,0.1685,88.79,3.75,1,0.1798,86.25
78.33,0,169.05,0,0.3596,-79.05,1.49,1,0.1714,88.51,3.96,1,0.1808,86.04
78.44,0,171.60,0,0.3594,-81.60,1.74,1,0.1750,88.26,4.21,1,0.1868,85.79
78.54,0,172.98,0,0.3609,-82.98,1.77,1,0.1785,88.23,4.34,1,0.1897,85.66
78.65,0,174.44,1,0.3638,-84.44,1.83,1,0.1828,88.17,4.40,1,0.1907,85.60
78.76,0,175.86,1,0.3662,-85.86,1.93,1,0.1861,88.07,4.31,1,0.1906,85.69
78.87,0,177.13,1,0.3671,-87.13,2.00,1,0.1876,88.00,4.05,1,0.1911,85.95
78.99,0,178.21,1,0.3665,-88.21,1.94,1,0.1879,88.06,3.68,1,0.1933,86.32
79.10,0,179.10,1,0.3662,-89.10,1.78,1,0.1889,88.22,3.30,1,0.1962,86.70
79.22,0,179.83,1,0.3674,-89.83,1.59,1,0.1915,88.41,2.95,1,0.1980,87.05
79.32,0,179.97,1,0.3694,-89.97,1.61,1,0.1935,88.39,3.04,1,0.1971,86.96
79.43,0,179.73,1,0.3693,-89.73,1.46,1,0.1948,88.54,2.56,1,0.1982,87.44
79.54,0,179.73,1,0.3701,-89.73,1.37,1,0.1968,88.63,2.07,1,0.1975,87.93
79.66,0,179.77,1,0.3689,-89.77,1.24,1,0.1970,88.76,1.48,1,0.1974,88.52
79.77,0,178.89,1,0.3663,-88.89,0.99,1,0.1964,89.01,0.87,1,0.1984,89.13
79.87,0,178.89,1,0.3663,-88.89,0.99,1,0.1964,89.01,0.87,1,0.1984,89.13
79.98,0,177.79,1,0.3640,-87.79,0.65,1,0.1967,89.35,0.30,1,0.1998,89.70
80.08,0,176.54,1,0.3627,-86.54,0.31,1,0.1987,89.69,0.22,1,0.2003,89.78
80.19,0,175.12,1,0.3618,-85.12,0.03,1,0.2008,89.97,0.75,1,0.1992,89.25
80.31,0,173.45,1,0.3601,-83.45,0.22,1,0.2015,89.78,1.37,1,0.1972,88.63
80.42,0,173.42,1,0.3599,-83.42,0.16,1,0.2008,89.84,1.43,1,0.1962,88.57
80.53,0,171.51,1,0.3570,-81.51,0.53,1,0.2005,89.47,2.07,1,0.1958,87.93
80.64,0,169.36,1,0.3527,-79.36,0.95,1,0.1991,89.05,2.78,1,0.1958,87.22
80.76,0,167.09,1,0.3485,-77.09,1.45,1,0.1988,88.55,3.42,1,0.1964,86.58
80.88,0,167.09,1,0.3485,-77.09,1.45,1,0.1988,88.55,3.42,1,0.1964,86.58
80.99,0,164.75,1,0.3453,-74.75,1.93,1,0.1997,88.07,4.00,1,0.1962,86.00
81.10,0,164.90,1,0.3475,-74.90,1.89,1,0.2016,88.11,3.92,1,0.1950,86.08
81.20,0,162.31,1,0.3428,-72.31,2.35,1,0.2005,87.65,4.58,1,0.1943,85.42
81.31,0,159.61,1,0.3390,-69.61,2.73,1,0.2000,87.27,5.24,1,0.1917,84.76
81.41,0,159.61,1,0.3390,-69.61,2.73,1,0.2000,87.27,5.24,1,0.1917,84.76
81.53,0,156.53,1,0.3328,-66.53,3.15,1,0.1980,86.85,5.95,1,0.1899,84.05
81.63,0,156.53,1,0.3328,-66.53,3.15,1,0.1980,86.85,5.95,1,0.1899,84.05
81.74,0,153.15,1,0.3252,-63.15,3.65,1,0.1959,86.35,6.64,1,0.1899,83.36
81.84,0,149.57,1,0.3181,-59.57,4.20,1,0.1949,85.80,7.23,1,0.1905,82.77
81.95,0,149.57,1,0.3181,-59.57,4.20,1,0.1949,85.80,7.23,1,0.1905,82.77
82.05,0,145.88,1,0.3120,-55.88,4.71,1,0.1949,85.29,7.72,1,0.1901,82.28
82.16,0,145.88,1,0.3120,-55.88,4.71,1,0.1949,85.29,7.72,1,0.1901,82.28
82.26,0,141.99,1,0.3058,-51.99,5.14,1,0.1945,84.86,8.21,1,0.1881,81.79
82.36,0,141.99,1,0.3058,-51.99,5.14,1,0.1945,84.86,8.21,1,0.1881,81.79
82.47,0,137.78,1,0.2977,-47.78,5.48,1,0.1928,84.52,8.76,1,0.1857,81.24
82.57,0,133.16,1,0.2872,-43.16,5.82,1,0.1898,84.18,9.32,1,0.1846,80.68
82.67,0,133.16,1,0.2872,-43.16,5.82,1,0.1898,84.18,9.32,1,0.1846,80.68
82.79,0,128.14,0,0.2754,-38.14,6.20,1,0.1869,83.80,9.80,1,0.1854,80.20
82.90,0,122.80,0,0.2636,-32.80,6.59,1,0.1850,83.41,10.13,1,0.1868,79.87
83.02,0,122.80,0,0.2636,-32.80,6.59,1,0.1850,83.41,10.13,1,0.1868,79.87
83.14,0,117.17,0,0.2524,-27.17,6.91,1,0.1838,83.09,10.36,1,0.1869,79.64
83.25,0,111.35,0,0.2412,-21.35,6.85,1,0.1855,83.15,10.30,1,0.1853,79.70
83.36,0,111.35,0,0.2412,-21.35,7.10,1,0.1824,82.90,10.56,1,0.1852,79.44
83.46,0,105.81,0,0.2304,-15.81,7.19,1,0.1799,82.81,10.79,1,0.1833,79.21
83.57,0,105.81,0,0.2304,-15.81,7.19,1,0.1799,82.81,10.79,1,0.1833,79.21
83.69,0,100.43,0,0.2185,-10.43,7.27,1,0.1764,82.73,11.00,1,0.1831,79.00
83.80,0,95.24,0,0.2071,-5.24,7.39,1,0.1729,82.61,11.10,1,0.1847,78.90
83.91,0,90.50,0,0.1985,-0.50,7.50,1,0.1704,82.50,11.06,1,0.1861,78.94
84.02,0,82.52,0,0.1873,7.48,7.40,1,0.1678,82.60,10.77,1,0.1843,79.23
84.13,0,78.85,0,0.1806,11.15,7.20,1,0.1653,82.80,10.65,1,0.1831,79.35
84.24,0,75.08,0,0.1726,14.92,7.07,1,0.1607,82.93,10.54,1,0.1848,79.46
84.36,0,68.46,0,0.1620,21.54,6.78,1,0.1556,83.22,9.95,1,0.1868,80.05
84.48,0,65.79,0,0.1594,24.21,6.49,1,0.1563,83.51,9.49,1,0.1853,80.51
84.59,0,60.32,0,0.1489,29.68,5.84,1,0.1509,84.16,8.79,1,0.1857,81.21
84.70,0,57.68,0,0.1430,32.32,5.52,1,0.1471,84.48,8.45,1,0.1865,81.55
84.82,0,52.88,0,0.1360,37.12,5.05,1,0.1421,84.95,7.52,1,0.1900,82.48
84.93,0,50.85,0,0.1336,39.15,4.72,1,0.1415,85.28,6.94,1,0.1902,83.06
85.04,0,48.97,0,0.1288,41.03,4.21,1,0.1400,85.79,6.41,1,0.1876,83.59
85.14,0,45.03,0,0.1203,44.97,3.57,1,0.1337,86.43,5.35,1,0.1890,84.65
85.24,0,43.16,0,0.1173,46.84,3.34,1,0.1306,86.66,4.79,1,0.1907,85.21
85.35,0,41.48,0,0.1156,48.52,3.10,1,0.1291,86.90,4.16,1,0.1916,85.84
85.47,0,38.59,0,0.1104,51.41,2.43,1,0.1270,87.57,2.91,1,0.1891,87.09
85.57,0,37.15,0,0.1062,52.85,2.10,1,0.1241,87.90,2.40,1,0.1881,87.60
85.68,0,35.67,0,0.1025,54.33,1.87,1,0.1202,88.13,1.94,1,0.1884,88.06
85.78,0,34.25,0,0.1005,55.75,1.73,1,0.1170,88.27,1.44,1,0.1893,88.56
85.88,0,31.92,0,0.0980,58.08,1.40,1,0.1146,88.60,0.38,1,0.1886,89.62
85.99,0,30.89,0,0.0951,59.11,1.17,1,0.1129,88.83,0.03,1,0.1867,89.97
86.10,0,29.79,0,0.0915,60.21,0.97,1,0.1095,89.03,0.34,1,0.1854,89.66
86.21,0,27.55,0,0.0874,62.45,0.90,1,0.1019,89.10,0.91,1,0.1864,89.09
86.33,0,26.62,0,0.0869,63.38,0.93,1,0.1003,89.07,1.24,1,0.1866,88.76
86.44,0,25.83,0,0.0857,64.17,0.89,1,0.0991,89.11,1.53,1,0.1853,88.47
86.54,0,24.20,0,0.0802,65.80,0.76,1,0.0927,89.24,1.78,1,0.1813,88.22
86.64,0,23.28,0,0.0780,66.72,0.85,1,0.0882,89.15,1.82,1,0.1812,88.18
86.76,0,22.43,0,0.0774,67.57,1.02,1,0.0848,88.98,1.90,1,0.1818,88.10
86.86,0,21.74,0,0.0773,68.26,1.19,1,0.0830,88.81,2.00,1,0.1815,88.00
86.98,0,20.61,0,0.0744,69.39,1.30,1,0.0786,88.70,1.98,1,0.1766,88.02
87.08,0,19.94,0,0.0718,70.06,1.40,1,0.0742,88.60,1.81,1,0.1747,88.19
87.20,0,19.23,0,0.0703,70.77,1.63,1,0.0697,88.37,1.63,1,0.1743,88.37
87.30,0,18.12,0,0.0706,71.88,2.21,1,0.0651,87.79,1.38,1,0.1737,88.62
87.41,0,17.76,0,0.0702,72.24,2.37,1,0.0637,87.63,1.20,1,0.1710,88.80
87.52,0,17.37,0,0.0685,72.63,2.50,1,0.0611,87.50,0.92,1,0.1677,89.08
87.64,0,16.37,0,0.0655,73.63,3.02,1,0.0544,86.98,0.19,1,0.1651,89.81
87.75,0,15.94,0,0.0659,74.06,3.35,1,0.0530,86.65,0.12,1,0.1649,89.88
87.85,0,15.67,0,0.0669,74.33,3.56,1,0.0531,86.44,0.40,1,0.1634,89.60
87.96,0,15.49,0,0.0669,74.51,3.58,1,0.0534,86.42,0.73,1,0.1603,89.27
88.06,0,14.96,0,0.0640,75.04,3.29,1,0.0526,86.71,1.67,1,0.1547,88.33
88.18,0,14.62,0,0.0636,75.38,3.16,1,0.0522,86.84,2.15,1,0.1541,87.85
88.30,0,14.49,0,0.0662,75.51,3.16,1,0.0547,86.84,2.45,1,0.1537,87.55
88.40,0,14.32,0,0.0665,75.68,2.74,1,0.0589,87.26,3.24,1,0.1534,86.76
88.52,0,14.26,0,0.0655,75.74,2.48,1,0.0615,87.52,3.61,1,0.1540,86.39
88.64,0,14.11,0,0.0644,75.89,2.41,1,0.0627,87.59,3.94,1,0.1570,86.06
88.74,0,13.91,0,0.0664,76.09,2.51,1,0.0670,87.49,4.12,1,0.1705,85.88
88.85,0,14.03,0,0.0683,75.97,2.38,1,0.0722,87.62,4.02,1,0.1776,85.98
88.95,0,14.20,0,0.0688,75.80,2.13,1,0.0783,87.87,3.90,1,0.1838,86.10
89.05,0,14.22,0,0.0670,75.78,1.91,1,0.0827,88.09,3.86,1,0.1902,86.14
89.17,0,14.32,0,0.0685,75.68,1.83,1,0.0924,88.17,3.44,1,0.2070,86.56
89.28,0,14.48,0,0.0708,75.52,1.77,1,0.0982,88.23,3.12,1,0.2149,86.88
89.39,0,14.91,0,0.0729,75.09,1.55,1,0.1072,88.45,2.75,1,0.2189,87.25
89.49,0,15.34,0,0.0733,74.66,1.35,1,0.1184,88.65,2.35,1,0.2287,87.65
89.60,0,15.51,0,0.0734,74.49,1.32,1,0.1228,88.68,2.22,1,0.2335,87.78
89.71,0,15.74,0,0.0765,74.26,1.40,1,0.1277,88.60,1.99,1,0.2394,88.01
89.81,0,16.50,0,0.0799,73.50,1.36,1,0.1383,88.64,1.70,1,0.2447,88.30
89.91,0,16.98,0,0.0809,73.02,1.34,1,0.1441,88.66,1.62,1,0.2453,88.38
90.02,0,17.38,0,0.0811,72.62,1.33,1,0.1479,88.67,1.63,1,0.2463,88.37
90.12,0,17.64,0,0.0823,72.36,1.48,1,0.1492,88.52,1.66,1,0.2501,88.34
90.22,0,18.58,0,0.0867,71.42,1.76,1,0.1559,88.24,1.59,1,0.2544,88.41
90.32,0,19.21,1,0.0892,70.79,1.90,1,0.1608,88.10,1.55,1,0.2550,88.45
90.42,0,19.85,1,0.0906,70.15,1.99,1,0.1646,88.01,1.58,1,0.2550,88.42
90.54,0,20.40,1,0.0915,69.60,2.09,1,0.1663,87.91,1.68,1,0.2562,88.32
90.66,0,20.89,1,0.0926,69.11,2.31,1,0.1668,87.69,1.78,1,0.2592,88.22
90.76,0,21.41,1,0.0949,68.59,2.63,1,0.1682,87.37,1.81,1,0.2626,88.19
90.87,0,22.09,1,0.0982,67.91,2.96,1,0.1714,87.04,1.80,1,0.2648,88.20
90.97,0,22.89,1,0.1011,67.11,3.19,1,0.1751,86.81,1.83,1,0.2655,88.17
91.07,0,23.69,1,0.1030,66.31,3.37,1,0.1774,86.63,1.94,1,0.2657,88.06
91.17,0,23.69,1,0.1030,66.31,3.37,1,0.1774,86.63,1.94,1,0.2657,88.06
91.29,0,24.39,0,0.1041,65.61,3.61,1,0.1777,86.39,2.13,1,0.2667,87.87
91.40,0,25.71,0,0.1083,64.29,4.44,1,0.1788,85.56,2.45,1,0.2708,87.55
91.51,0,26.57,0,0.1121,63.43,4.83,1,0.1813,85.17,2.55,1,0.2717,87.45
91.62,0,27.64,1,0.1150,62.36,5.03,1,0.1845,84.97,2.69,1,0.2691,87.31
91.72,0,29.31,1,0.1187,60.69,5.77,1,0.1847,84.23,3.12,1,0.2690,86.88
91.84,0,30.08,1,0.1204,59.92,6.23,1,0.1845,83.77,3.33,1,0.2696,86.67
91.94,0,30.95,1,0.1238,59.05,6.69,1,0.1850,83.31,3.45,1,0.2701,86.55
92.04,0,30.95,1,0.1238,59.05,6.69,1,0.1850,83.31,3.45,1,0.2701,86.55
92.14,0,32.01,1,0.1283,57.99,7.08,1,0.1865,82.92,3.51,1,0.2689,86.49
92.26,0,33.16,1,0.1320,56.84,7.40,1,0.1883,82.60,3.57,1,0.2658,86.43
92.37,0,34.23,1,0.1339,55.77,7.71,1,0.1894,82.29,3.67,1,0.2621,86.33
92.47,0,35.17,1,0.1350,54.83,8.07,1,0.1893,81.93,3.77,1,0.2593,86.23
92.57,0,35.17,0,0.1350,54.83,8.07,1,0.1893,81.93,3.77,1,0.2593,86.23
92.68,0,36.10,0,0.1374,53.90,8.46,1,0.1885,81.54,3.79,1,0.2575,86.21
92.78,0,36.10,0,0.1374,53.90,8.46,1,0.1885,81.54,3.79,1,0.2575,86.21
92.88,0,37.17,0,0.1417,52.83,8.84,1,0.1885,81.16,3.70,1,0.2551,86.30
92.99,0,37.17,0,0.1417,52.83,8.84,1,0.1885,81.16,3.70,1,0.2551,86.30
93.09,0,38.40,0,0.1465,51.60,9.14,1,0.1901,80.86,3.53,1,0.2507,86.47
93.19,0,39.67,0,0.1499,50.33,9.34,1,0.1921,80.66,3.36,1,0.2449,86.64
93.29,0,39.67,0,0.1499,50.33,9.34,1,0.1921,80.66,3.36,1,0.2449,86.64
93.40,0,40.85,0,0.1517,49.15,9.42,1,0.1927,80.58,3.24,1,0.2395,86.76
93.51,0,41.91,0,0.1533,48.09,9.44,1,0.1915,80.56,3.13,1,0.2354,86.87
93.63,0,43.00,0,0.1564,47.00,9.46,1,0.1901,80.54,2.96,1,0.2323,87.04
93.74,0,44.23,0,0.1610,45.77,9.46,1,0.1902,80.54,2.70,1,0.2290,87.30
93.84,0,46.98,0,0.1689,43.02,9.08,1,0.1927,80.92,2.16,1,0.2190,87.84
93.94,0,48.26,0,0.1708,41.74,8.67,1,0.1917,81.33,1.99,1,0.2140,88.01
94.04,0,49.48,0,0.1730,40.52,8.22,1,0.1893,81.78,1.85,1,0.2104,88.15
94.14,0,50.77,0,0.1781,39.23,7.84,1,0.1885,82.16,1.59,1,0.2087,88.41
94.26,0,53.62,0,0.1857,36.38,6.68,1,0.1887,83.32,1.16,1,0.2008,88.84
94.36,0,55.11,0,0.1890,34.89,5.98,1,0.1885,84.02,0.98,1,0.1955,89.02
94.47,0,56.44,0,0.1904,33.56,5.27,1,0.1856,84.73,0.96,1,0.1909,89.04
94.57,0,59.24,0,0.1976,30.76,4.12,1,0.1834,85.88,0.75,1,0.1851,89.25
94.67,0,60.71,0,0.2020,29.29,3.57,1,0.1834,86.43,0.60,1,0.1823,89.40
94.77,0,62.28,0,0.2064,27.72,2.94,1,0.1840,87.06,0.46,1,0.1780,89.54
94.88,0,63.86,0,0.2099,26.14,2.28,1,0.1839,87.72,0.43,1,0.1725,89.57
94.98,0,66.75,0,0.2147,23.25,1.17,1,0.1806,88.83,0.56,1,0.1644,89.44
95.09,0,68.18,0,0.2180,21.82,0.75,1,0.1791,89.25,0.59,1,0.1620,89.41
95.20,0,69.74,0,0.2226,20.26,0.34,1,0.1788,89.66,0.57,1,0.1589,89.43
95.31,0,73.14,0,0.2308,16.86,0.59,1,0.1791,89.41,0.70,1,0.1484,89.30
95.42,0,74.71,0,0.2331,15.29,0.99,1,0.1775,89.01,0.89,1,0.1435,89.11
95.52,0,76.17,0,0.2353,13.83,1.27,1,0.1749,88.73,1.09,1,0.1401,88.91
95.62,0,77.69,0,0.2387,12.31,1.46,1,0.1727,88.54,1.21,1,0.1376,88.79
95.73,0,81.19,0,0.2484,8.81,1.84,1,0.1722,88.16,1.39,1,0.1292,88.61
95.84,0,82.93,0,0.2516,7.07,2.06,1,0.1715,87.94,1.59,1,0.1234,88.41
95.94,0,84.48,0,0.2534,5.52,2.19,1,0.1688,87.81,1.84,1,0.1187,88.16
96.05,0,85.96,0,0.2555,4.04,2.19,1,0.1652,87.81,2.08,1,0.1160,87.92
96.16,0,89.30,0,0.2641,0.70,1.98,1,0.1616,88.02,2.33,1,0.1108,87.67
96.26,0,91.09,0,0.2683,-1.09,1.93,1,0.1611,88.07,2.46,1,0.1063,87.54
96.37,0,92.77,0,0.2710,-2.77,1.88,1,0.1592,88.12,2.68,1,0.1017,87.32
96.48,0,94.33,0,0.2727,-4.33,1.73,1,0.1555,88.27,2.95,1,0.0984,87.05
96.59,0,97.53,0,0.2787,-7.53,1.07,1,0.1484,88.93,3.36,1,0.0953,86.64
96.71,0,99.32,0,0.2833,-9.32,0.73,1,0.1471,89.27,3.50,1,0.0931,86.50
96.82,0,101.14,0,0.2873,-11.14,0.46,1,0.1459,89.54,3.69,1,0.0897,86.31
96.93,0,104.42,0,0.2914,-14.42,0.20,1,0.1385,89.80,4.28,1,0.0835,85.72
97.05,0,106.01,0,0.2937,-16.01,0.70,1,0.1342,89.30,4.54,1,0.0825,85.46
97.16,0,107.72,0,0.2974,-17.72,1.23,1,0.1315,88.77,4.72,1,0.0819,85.28
97.26,0,109.68,0,0.3029,-19.68,1.62,1,0.1316,88.38,4.82,1,0.0790,85.18
97.36,0,113.01,0,0.3079,-23.01,2.52,1,0.1247,87.48,5.35,1,0.0743,84.65
97.47,0,114.59,0,0.3094,-24.59,3.01,1,0.1203,86.99,5.64,1,0.0726,84.36
97.58,0,116.16,0,0.3113,-26.16,3.59,1,0.1160,86.41,5.83,1,0.0725,84.17
97.68,0,117.83,0,0.3147,-27.83,4.17,1,0.1130,85.83,5.89,1,0.0732,84.11
97.80,0,121.40,0,0.3225,-31.40,5.08,1,0.1094,84.92,5.78,1,0.0739,84.22
97.91,0,123.04,0,0.3245,-33.04,5.48,1,0.1061,84.52,5.67,1,0.0755,84.33
98.03,0,124.56,0,0.3255,-34.56,5.94,1,0.1020,84.06,5.46,1,0.0798,84.54
98.13,0,127.81,0,0.3308,-37.81,6.70,1,0.1018,83.30,4.44,1,0.0941,85.56
98.25,0,129.56,0,0.3348,-39.56,6.75,1,0.1064,83.25,3.75,1,0.1011,86.25
98.37,0,131.27,0,0.3379,-41.27,6.54,1,0.1118,83.46,3.09,1,0.1075,86.91
98.47,0,132.76,0,0.3383,-42.76,6.18,1,0.1162,83.82,2.54,1,0.1146,87.46
98.57,0,135.84,0,0.3420,-45.84,5.28,1,0.1335,84.72,1.21,1,0.1309,88.79
98.68,0,137.48,0,0.3452,-47.48,4.71,1,0.1449,85.29,0.51,1,0.1382,89.49
98.78,0,139.19,0,0.3490,-49.19,4.02,1,0.1567,85.98,0.14,1,0.1434,89.86
98.89,0,140.81,0,0.3516,-50.81,3.25,1,0.1671,86.75,0.67,1,0.1473,89.33
99.01,0,143.69,0,0.3533,-53.69,1.93,1,0.1830,88.07,1.45,1,0.1565,88.55
99.11,0,145.17,0,0.3549,-55.17,1.44,1,0.1904,88.56,1.84,1,0.1618,88.16
99.23,0,146.89,0,0.3597,-56.89,0.92,1,0.2002,89.08,2.32,1,0.1647,87.68
99.33,0,149.88,0,0.3634,-59.88,0.08,1,0.2127,89.92,2.83,1,0.1690,87.17
99.44,0,151.28,0,0.3642,-61.28,0.54,1,0.2173,89.46,2.97,1,0.1708,87.03
99.55,0,152.61,0,0.3645,-62.61,0.80,1,0.2206,89.20,3.10,1,0.1754,86.90
99.66,0,155.54,0,0.3686,-65.54,1.37,1,0.2300,88.63,3.25,1,0.1800,86.75
99.77,0,157.08,0,0.3717,-67.08,1.67,1,0.2355,88.33,3.24,1,0.1808,86.76
99.88,0,158.46,0,0.3727,-68.46,2.03,1,0.2389,87.97,3.02,1,0.1804,86.98
99.98,0,161.10,0,0.3739,-71.10,2.33,1,0.2436,87.67,2.49,1,0.1857,87.51
100.09,0,162.46,0,0.3751,-72.46,2.38,1,0.2462,87.62,2.19,1,0.1892,87.81
100.20,0,164.05,0,0.3795,-74.05,2.49,1,0.2518,87.51,1.94,1,0.1901,88.06
100.30,0,166.73,0,0.3820,-76.73,2.65,1,0.2567,87.35,0.96,1,0.1935,89.04
100.41,0,167.98,0,0.3820,-77.98,2.68,1,0.2576,87.32,0.37,1,0.1959,89.63
100.52,0,169.23,0,0.3821,-79.23,2.52,1,0.2582,87.48,0.14,1,0.2013,89.86
100.62,0,171.93,0,0.3854,-81.93,2.28,1,0.2630,87.72,1.16,1,0.2075,88.84
100.73,0,173.33,0,0.3879,-83.33,2.17,1,0.2662,87.83,1.65,1,0.2093,88.35
100.84,0,174.54,0,0.3880,-84.54,2.06,1,0.2667,87.94,2.27,1,0.2110,87.73
100.95,0,176.99,0,0.3883,-86.99,1.40,1,0.2682,88.60,3.24,1,0.2199,86.76
101.06,0,178.28,0,0.3893,-88.28,0.97,1,0.2701,89.03,3.59,1,0.2247,86.41
101.17,0,179.00,0,0.3938,-89.00,0.21,1,0.2762,89.79,4.17,1,0.2302,85.83
101.29,0,177.77,0,0.3945,-87.77,0.17,1,0.2778,89.83,4.50,1,0.2325,85.50
101.41,0,175.45,0,0.3933,-85.45,1.19,1,0.2792,88.81,4.98,1,0.2415,85.02
101.52,0,174.18,0,0.3943,-84.18,1.75,1,0.2818,88.25,5.05,1,0.2460,84.95
101.64,0,171.53,0,0.3983,-81.53,2.66,1,0.2888,87.34,5.10,1,0.2505,84.90
101.75,0,170.34,0,0.3986,-80.34,3.08,1,0.2906,86.92,5.17,1,0.2527,84.83
101.85,0,169.25,0,0.3969,-79.25,3.61,1,0.2910,86.39,5.19,1,0.2579,84.81
101.97,0,166.79,0,0.3978,-76.79,4.55,1,0.2962,85.45,4.95,1,0.2656,85.05
102.08,0,165.39,0,0.4013,-75.39,4.86,1,0.3017,85.14,4.73,1,0.2663,85.27
102.19,0,163.03,0,0.4012,-73.03,5.55,1,0.3056,84.45,4.42,1,0.2724,85.58
102.30,0,161.92,0,0.3999,-71.92,5.90,1,0.3065,84.10,4.24,1,0.2766,85.76
102.41,0,159.50,0,0.3996,-69.50,6.63,1,0.3117,83.37,3.64,1,0.2860,86.36
102.52,0,158.19,0,0.4013,-68.19,6.86,1,0.3157,83.14,3.30,1,0.2886,86.70
102.64,0,155.79,0,0.4019,-65.79,7.20,1,0.3201,82.80,2.78,1,0.2931,87.22
102.75,0,154.68,0,0.4003,-64.68,7.44,1,0.3212,82.56,2.54,1,0.2975,87.46
102.86,0,152.24,0,0.3998,-62.24,7.90,1,0.3263,82.10,1.87,1,0.3063,88.13
102.98,0,150.93,0,0.4013,-60.93,7.98,1,0.3303,82.02,1.54,1,0.3085,88.46
103.08,0,148.54,0,0.4011,-58.54,7.95,1,0.3351,82.05,1.11,1,0.3128,88.89
103.19,0,147.42,0,0.3991,-57.42,8.00,1,0.3363,82.00,0.93,1,0.3170,89.07
103.29,0,146.13,0,0.3991,-56.13,8.09,1,0.3403,81.91,0.62,1,0.3218,89.38
103.39,0,143.61,0,0.3995,-53.61,7.86,1,0.3475,82.14,0.25,1,0.3265,89.75
103.50,0,142.37,0,0.3998,-52.37,7.65,1,0.3505,82.35,0.15,1,0.3278,89.85
103.61,0,140.07,0,0.3961,-50.07,7.33,1,0.3541,82.67,0.09,1,0.3346,89.91
103.73,0,138.85,0,0.3947,-48.85,7.22,1,0.3567,82.78,0.02,1,0.3390,89.98
103.83,0,136.19,0,0.3958,-46.19,6.83,1,0.3643,83.17,0.08,1,0.3433,89.92
103.93,0,134.94,0,0.3956,-44.94,6.57,1,0.3670,83.43,0.00,1,0.3447,90.00
104.05,0,132.59,0,0.3911,-42.59,6.18,1,0.3690,83.82,0.26,1,0.3516,89.74
104.16,0,131.32,0,0.3895,-41.32,6.05,1,0.3711,83.95,0.34,1,0.3555,89.66
104.26,0,128.60,0,0.3900,-38.60,5.82,1,0.3761,84.18,0.36,1,0.3560,89.64
104.37,0,127.32,0,0.3893,-37.32,5.38,1,0.3794,84.62,0.74,1,0.3597,89.26
104.48,0,126.17,0,0.3856,-36.17,5.23,1,0.3791,84.77,1.00,1,0.3635,89.00
104.59,0,123.57,0,0.3820,-33.57,4.97,1,0.3818,85.03,1.34,1,0.3695,88.66
104.70,0,122.17,0,0.3817,-32.17,4.84,1,0.3847,85.16,1.48,1,0.3714,88.52
104.80,0,119.46,0,0.3804,-29.46,4.45,1,0.3886,85.55,1.90,1,0.3735,88.10
104.90,0,118.21,0,0.3774,-28.21,4.33,1,0.3882,85.67,2.14,1,0.3766,87.86
105.01,0,115.54,0,0.3718,-25.54,4.29,1,0.3893,85.71,2.42,1,0.3845,87.58
105.12,0,114.08,0,0.3711,-24.08,4.23,1,0.3919,85.77,2.50,1,0.3867,87.50
105.23,0,111.27,0,0.3687,-21.27,4.02,1,0.3941,85.98,2.77,1,0.3897,87.23
105.34,0,109.96,0,0.3651,-19.96,4.01,1,0.3931,85.99,2.91,1,0.3932,87.09
105.45,0,107.16,0,0.3587,-17.16,4.14,1,0.3940,85.86,2.96,1,0.4013,87.04
105.56,0,105.64,0,0.3576,-15.64,4.13,1,0.3965,85.87,2.93,1,0.4034,87.07
105.67,0,102.74,0,0.3539,-12.74,4.06,1,0.3977,85.94,2.99,1,0.4065,87.01
105.77,0,101.38,0,0.3497,-11.38,4.13,1,0.3966,85.87,3.01,1,0.4102,86.99
105.88,0,98.47,0,0.3425,-8.47,4.33,1,0.3986,85.67,2.85,1,0.4182,87.15
105.99,0,96.90,0,0.3410,-6.90,4.33,1,0.4011,85.67,2.73,1,0.4201,87.27
106.10,0,93.94,0,0.3362,-3.94,4.22,1,0.4031,85.78,2.63,1,0.4236,87.37
106.20,0,92.55,0,0.3314,-2.55,4.22,1,0.4032,85.78,2.58,1,0.4275,87.42
106.32,0,89.55,0,0.3237,0.45,4.23,1,0.4073,85.77,2.31,1,0.4348,87.69
106.42,0,87.96,1,0.3219,2.04,4.14,1,0.4106,85.86,2.18,1,0.4361,87.82
106.53,0,86.42,1,0.3198,3.58,4.02,1,0.4128,85.98,2.10,1,0.4369,87.90
106.64,0,84.96,1,0.3160,5.04,3.95,1,0.4136,86.05,2.08,1,0.4389,87.92
106.74,0,83.44,1,0.3106,6.56,3.95,1,0.4140,86.05,2.04,1,0.4422,87.96
106.84,0,81.70,1,0.3053,8.30,4.01,1,0.4153,85.99,1.96,1,0.4454,88.04
106.95,0,79.64,1,0.3011,10.36,4.03,1,0.4175,85.97,1.85,1,0.4469,88.15
107.07,0,77.23,1,0.2977,12.77,3.96,1,0.4191,86.04,1.76,1,0.4460,88.24
107.17,0,74.55,0,0.2934,15.45,3.79,1,0.4185,86.21,1.72,1,0.4439,88.28
107.27,0,74.55,0,0.2934,15.45,3.79,1,0.4185,86.21,1.72,1,0.4439,88.28
107.38,0,71.60,0,0.2871,18.40,3.56,1,0.4147,86.44,1.70,1,0.4418,88.30
107.50,0,68.32,0,0.2794,21.68,3.30,1,0.4089,86.70,1.62,1,0.4393,88.38
107.60,0,64.63,0,0.2721,25.37,2.98,1,0.4028,87.02,1.46,1,0.4344,88.54
107.70,0,60.50,0,0.2665,29.50,2.54,1,0.3964,87.46,1.25,1,0.4258,88.75
107.81,0,56.19,0,0.2616,33.81,1.97,1,0.3878,88.03,1.07,1,0.4140,88.93
107.91,0,56.19,0,0.2616,33.81,1.97,1,0.3878,88.03,1.07,1,0.4140,88.93
108.02,0,52.05,0,0.2566,37.95,1.33,1,0.3755,88.67,0.96,1,0.4010,89.04
108.12,0,48.26,0,0.2518,41.74,0.75,1,0.3607,89.25,0.88,1,0.3883,89.12
108.22,0,48.33,0,0.2505,41.67,0.79,1,0.3596,89.21,0.90,1,0.3895,89.10
108.34,0,41.29,1,0.2410,48.71,0.14,1,0.3330,89.86,0.62,1,0.3644,89.38
108.46,0,34.26,1,0.2310,55.74,0.97,1,0.3087,89.03,0.39,1,0.3383,89.61
108.57,0,30.95,1,0.2267,59.05,1.33,1,0.2956,88.67,0.41,1,0.3258,89.59
108.69,0,27.88,1,0.2214,62.12,1.56,1,0.2823,88.44,0.48,1,0.3157,89.52
108.79,0,27.88,1,0.2214,62.12,1.56,1,0.2823,88.44,0.48,1,0.3157,89.52
108.90,0,24.88,1,0.2146,65.12,1.64,1,0.2706,88.36,0.52,1,0.3078,89.48
109.02,0,21.80,1,0.2076,68.20,1.65,1,0.2613,88.35,0.51,1,0.3006,89.49
109.12,0,21.80,1,0.2076,68.20,1.65,1,0.2613,88.35,0.51,1,0.3006,89.49
109.22,0,18.67,1,0.2021,71.33,1.68,1,0.2536,88.32,0.51,1,0.2922,89.49
109.33,0,15.64,1,0.1982,74.36,1.75,1,0.2460,88.25,0.58,1,0.2829,89.42
109.43,0,12.78,1,0.1943,77.22,1.77,1,0.2376,88.23,0.74,1,0.2743,89.26
109.53,0,12.78,1,0.1943,77.22,1.77,1,0.2376,88.23,0.74,1,0.2743,89.26
109.64,0,10.04,1,0.1890,79.96,1.69,1,0.2292,88.31,0.92,1,0.2676,89.08
109.75,0,7.27,1,0.1824,82.73,1.49,1,0.2218,88.51,1.04,1,0.2625,88.96
109.86,0,7.27,1,0.1824,82.73,1.49,1,0.2218,88.51,1.04,1,0.2625,88.96
109.96,0,4.47,1,0.1764,85.53,1.26,1,0.2158,88.74,1.10,1,0.2570,88.90
110.06,0,4.47,1,0.1764,85.53,1.26,1,0.2158,88.74,1.10,1,0.2570,88.90
110.18,0,1.67,1,0.1724,88.33,1.06,1,0.2107,88.94,1.15,1,0.2499,88.85
110.28,0,1.67,1,0.1724,88.33,1.06,1,0.2107,88.94,1.15,1,0.2499,88.85
110.39,0,1.06,1,0.1699,88.94,0.90,1,0.2054,89.10,1.25,1,0.2413,88.75
110.49,0,3.69,1,0.1671,86.31,0.69,1,0.1988,89.31,1.42,1,0.2331,88.58
110.59,0,3.69,1,0.1671,86.31,0.69,1,0.1988,89.31,1.42,1,0.2331,88.58
110.70,0,6.27,1,0.1628,83.73,0.38,1,0.1909,89.62,1.59,1,0.2265,88.41
110.80,0,6.27,1,0.1628,83.73,0.38,1,0.1909,89.62,1.59,1,0.2265,88.41
110.90,0,8.81,1,0.1578,81.19,0.03,1,0.1831,89.97,1.68,1,0.2206,88.32
111.00,0,11.39,1,0.1540,78.61,0.09,1,0.1840,89.91,1.60,1,0.2213,88.40
111.11,0,11.39,1,0.1540,78.61,0.44,1,0.1768,89.56,1.68,1,0.2132,88.32
111.21,0,14.02,1,0.1524,75.98,0.79,1,0.1716,89.21,1.66,1,0.2041,88.34
111.32,0,14.02,1,0.1524,75.98,0.79,1,0.1716,89.21,1.66,1,0.2041,88.34
111.43,0,16.62,1,0.1520,73.38,1.07,1,0.1660,88.93,1.69,1,0.1945,88.31
111.53,0,16.62,1,0.1520,73.38,1.07,1,0.1660,88.93,1.69,1,0.1945,88.31
111.65,0,19.15,1,0.1509,70.85,1.37,1,0.1589,88.63,1.77,1,0.1854,88.23
111.75,0,21.58,1,0.1484,68.42,1.75,1,0.1507,88.25,1.82,1,0.1776,88.18
111.86,0,21.58,1,0.1484,68.42,1.75,1,0.1507,88.25,1.82,1,0.1776,88.18
111.96,0,23.98,1,0.1457,66.02,2.18,1,0.1428,87.82,1.79,1,0.1705,88.21
112.06,0,26.45,1,0.1447,63.55,2.24,1,0.1437,87.76,1.70,1,0.1710,88.30
112.18,0,26.45,1,0.1447,63.55,2.58,1,0.1366,87.42,1.67,1,0.1628,88.33
112.28,0,28.99,1,0.1459,61.01,2.86,1,0.1317,87.14,1.55,1,0.1538,88.45
112.39,0,28.99,1,0.1459,61.01,2.86,1,0.1317,87.14,1.55,1,0.1538,88.45
112.49,0,31.52,1,0.1479,58.48,3.04,1,0.1265,86.96,1.50,1,0.1445,88.50
112.60,0,31.52,1,0.1479,58.48,3.04,1,0.1265,86.96,1.50,1,0.1445,88.50
112.71,0,33.93,1,0.1488,56.07,3.22,1,0.1198,86.78,1.51,1,0.1367,88.49
112.83,0,33.85,1,0.1476,56.15,3.24,1,0.1185,86.76,1.56,1,0.1374,88.44
112.93,0,36.21,1,0.1483,53.79,3.46,1,0.1123,86.54,1.50,1,0.1307,88.50
113.03,0,38.51,1,0.1482,51.49,3.55,1,0.1116,86.45,1.47,1,0.1321,88.53
113.13,0,38.51,0,0.1482,51.49,3.75,1,0.1059,86.25,1.41,1,0.1251,88.59
113.25,0,40.92,0,0.1501,49.08,3.99,1,0.1014,86.01,1.25,1,0.1188,88.75
113.35,0,40.92,0,0.1501,49.08,3.99,1,0.1014,86.01,1.25,1,0.1188,88.75
113.46,0,43.41,0,0.1540,46.59,4.10,1,0.0979,85.90,1.11,1,0.1113,88.89
113.57,0,43.41,0,0.1540,46.59,4.10,1,0.0979,85.90,1.11,1,0.1113,88.89
113.67,0,45.83,0,0.1579,44.17,4.13,1,0.0941,85.87,1.07,1,0.1035,88.93
113.77,0,45.83,0,0.1579,44.17,4.13,1,0.0941,85.87,1.07,1,0.1035,88.93
113.88,0,48.13,0,0.1603,41.87,4.18,1,0.0895,85.82,1.09,1,0.0964,88.91
114.00,0,50.36,0,0.1614,39.64,4.32,1,0.0845,85.68,1.08,1,0.0907,88.92
114.11,0,52.64,0,0.1634,37.36,4.52,1,0.0802,85.48,0.99,1,0.0855,89.01
114.23,0,55.19,0,0.1697,34.81,4.61,1,0.0795,85.39,0.78,1,0.0782,89.22
114.33,0,59.94,0,0.1784,30.06,4.75,1,0.0744,85.25,0.77,1,0.0650,89.23
114.43,0,62.18,0,0.1815,27.82,4.83,1,0.0719,85.17,0.86,1,0.0592,89.14
114.53,0,64.36,0,0.1838,25.64,5.01,1,0.0684,84.99,0.93,1,0.0551,89.07
114.64,0,66.64,0,0.1873,23.36,5.22,1,0.0654,84.78,0.92,1,0.0521,89.08
114.75,0,71.43,0,0.1994,18.57,5.36,1,0.0644,84.64,0.95,1,0.0447,89.05
114.85,0,73.69,0,0.2046,16.31,5.30,1,0.0645,84.70,1.11,1,0.0403,88.89
114.95,0,75.84,0,0.2080,14.16,5.27,1,0.0634,84.73,1.31,1,0.0371,88.69
115.06,0,77.99,0,0.2109,12.01,5.29,1,0.0615,84.71,1.46,1,0.0358,88.54
115.17,0,82.51,0,0.2217,7.49,5.17,1,0.0612,84.83,1.58,1,0.0341,88.42
115.27,0,84.81,0,0.2281,5.19,4.92,1,0.0633,85.08,1.70,1,0.0318,88.30
115.38,0,86.98,0,0.2331,3.02,4.63,1,0.0650,85.37,1.90,1,0.0291,88.10
115.50,0,91.13,0,0.2400,-1.13,4.29,1,0.0647,85.71,2.32,1,0.0275,87.68
115.61,0,93.30,0,0.2450,-3.30,4.18,1,0.0650,85.82,2.42,1,0.0279,87.58
115.71,0,95.53,0,0.2513,-5.53,3.98,1,0.0670,86.02,2.52,1,0.0273,87.48
115.81,0,97.70,0,0.2575,-7.70,3.69,1,0.0696,86.31,2.68,1,0.0257,87.32
115.92,0,101.76,0,0.2658,-11.76,3.20,1,0.0718,86.80,3.24,1,0.0222,86.76
116.03,0,103.74,0,0.2692,-13.74,3.10,1,0.0715,86.90,3.49,1,0.0218,86.51
116.13,0,105.79,0,0.2740,-15.79,3.03,1,0.0720,86.97,3.66,1,0.0218,86.34
116.24,0,107.99,0,0.2819,-17.99,2.79,1,0.0760,87.21,3.79,1,0.0203,86.21
116.34,0,111.92,0,0.2907,-21.92,2.49,1,0.0782,87.51,4.36,1,0.0167,85.64
116.44,0,113.76,0,0.2937,-23.76,2.40,1,0.0780,87.60,4.71,1,0.0145,85.29
116.55,0,115.62,0,0.2969,-25.62,2.43,1,0.0773,87.57,4.98,1,0.0137,85.02
116.65,0,117.56,0,0.3016,-27.56,2.46,1,0.0777,87.54,5.14,1,0.0136,84.86
116.76,0,121.43,0,0.3130,-31.43,2.30,1,0.0821,87.70,5.58,1,0.0105,84.42
116.86,0,123.22,0,0.3169,-33.22,2.23,1,0.0831,87.77,5.94,1,0.0074,84.06
116.97,0,124.92,0,0.3195,-34.92,2.28,1,0.0824,87.72,6.30,1,0.0050,83.70
117.07,0,126.64,0,0.3224,-36.64,2.44,1,0.0814,87.56,6.58,1,0.0043,83.42
117.18,0,130.28,0,0.3325,-40.28,2.67,1,0.0836,87.33,7.06,1,0.0045,82.94
117.28,0,132.04,0,0.3376,-42.04,2.71,1,0.0855,87.29,7.41,1,0.0055,82.59
117.38,0,133.67,0,0.3409,-43.67,2.80,1,0.0858,87.20,7.79,1,0.0068,82.21
117.49,0,135.23,0,0.3430,-45.23,3.02,1,0.0844,86.98,8.13,1,0.0070,81.87
117.59,0,138.55,0,0.3500,-48.55,3.59,1,0.0832,86.41,8.53,1,0.0074,81.47
117.71,0,140.26,0,0.3553,-50.26,3.79,1,0.0849,86.21,8.68,1,0.0098,81.32
117.82,0,141.89,0,0.3599,-51.89,3.94,1,0.0862,86.06,8.88,1,0.0127,81.12
117.93,0,144.87,0,0.3644,-54.87,4.48,1,0.0840,85.52,9.27,1,0.0144,80.73
118.04,0,146.38,0,0.3668,-56.38,4.88,1,0.0825,85.12,9.31,1,0.0135,80.69
118.16,0,148.10,0,0.3731,-58.10,5.17,1,0.0847,84.83,9.16,1,0.0145,80.84
118.26,0,151.10,0,0.3800,-61.10,5.67,1,0.0848,84.33,8.94,1,0.0167,81.06
118.36,0,152.50,1,0.3822,-62.50,5.87,1,0.0836,84.13,8.73,1,0.0188,81.27
118.48,0,153.88,1,0.3836,-63.88,6.08,1,0.0814,83.92,8.35,1,0.0222,81.65
118.59,0,155.27,1,0.3858,-65.27,6.16,1,0.0817,83.84,7.63,1,0.0255,82.37
118.71,0,156.42,1,0.3892,-66.42,6.06,1,0.0849,83.94,6.59,1,0.0270,83.41
118.82,0,157.11,1,0.3923,-67.11,5.84,1,0.0889,84.16,5.55,1,0.0311,84.45
118.94,0,157.24,1,0.3930,-67.24,5.56,1,0.0914,84.44,4.59,1,0.0394,85.41
119.05,0,156.85,1,0.3909,-66.85,5.28,1,0.0930,84.72,3.48,1,0.0485,86.52
119.16,0,156.06,1,0.3871,-66.06,5.01,1,0.0961,84.99,2.02,1,0.0553,87.98
119.26,0,155.01,1,0.3837,-65.01,4.74,1,0.1008,85.26,0.29,1,0.0600,89.71
119.37,0,155.12,1,0.3852,-65.12,4.76,1,0.1023,85.24,0.19,1,0.0583,89.81
119.48,0,153.75,1,0.3811,-63.75,4.46,1,0.1060,85.54,1.44,1,0.0640,88.56
119.59,0,152.18,1,0.3775,-62.18,4.12,1,0.1107,85.88,3.01,1,0.0681,86.99
119.71,0,150.25,1,0.3713,-60.25,3.72,1,0.1141,86.28,4.42,1,0.0724,85.58
119.81,0,147.92,1,0.3626,-57.92,3.32,1,0.1170,86.68,5.77,1,0.0766,84.23
119.91,0,147.92,1,0.3626,-57.92,3.32,1,0.1170,86.68,5.77,1,0.0766,84.23
120.04,0,145.22,1,0.3522,-55.22,3.00,1,0.1199,87.00,7.12,1,0.0803,82.88
120.14,0,145.22,1,0.3522,-55.22,3.00,1,0.1199,87.00,7.12,1,0.0803,82.88
120.26,0,142.14,1,0.3411,-52.14,2.73,1,0.1235,87.27,8.33,1,0.0832,81.67
120.37,0,142.14,0,0.3411,-52.14,2.73,1,0.1235,87.27,8.33,1,0.0832,81.67
120.48,0,138.62,0,0.3293,-48.62,2.42,1,0.1278,87.58,9.23,1,0.0847,80.77
120.59,0,134.55,0,0.3153,-44.55,2.00,1,0.1315,88.00,9.79,1,0.0852,80.21
120.70,0,134.55,0,0.3153,-44.55,2.00,1,0.1315,88.00,9.79,1,0.0852,80.21
120.80,0,129.84,0,0.2977,-39.84,1.52,1,0.1342,88.48,10.10,1,0.0861,79.90
120.90,0,129.84,0,0.2977,-39.84,1.52,1,0.1342,88.48,10.10,1,0.0861,79.90
121.02,0,124.98,0,0.2799,-34.98,1.13,1,0.1361,88.87,10.29,1,0.0886,79.71
121.14,0,120.42,0,0.2641,-30.42,0.88,1,0.1376,89.12,10.38,1,0.0920,79.62
121.24,0,116.14,0,0.2492,-26.14,0.67,1,0.1396,89.33,10.31,1,0.0947,79.69
121.35,0,112.17,0,0.2361,-22.17,0.38,1,0.1424,89.62,10.06,1,0.0959,79.94
121.47,0,108.50,0,0.2251,-18.50,0.01,1,0.1452,89.99,9.62,1,0.0968,80.38
121.57,0,101.78,0,0.2060,-11.78,0.51,1,0.1474,89.49,8.25,1,0.1003,81.75
121.67,0,98.66,0,0.1970,-8.66,0.59,1,0.1475,89.41,7.35,1,0.1024,82.65
121.77,0,95.74,0,0.1892,-5.74,0.66,1,0.1483,89.34,6.35,1,0.1042,83.65
121.88,0,93.06,0,0.1834,-3.06,0.80,1,0.1501,89.20,5.23,1,0.1054,84.77
121.98,0,88.08,0,0.1725,1.92,1.08,1,0.1525,88.92,2.33,1,0.1039,87.67
122.08,0,85.63,0,0.1656,4.37,1.05,1,0.1509,88.95,0.56,1,0.1015,89.44
122.19,0,83.30,0,0.1592,6.70,0.92,1,0.1492,89.08,1.23,1,0.0995,88.77
122.31,0,79.29,0,0.1520,10.71,0.74,1,0.1503,89.26,4.74,1,0.0953,85.26
122.42,0,77.45,0,0.1492,12.55,0.68,1,0.1507,89.32,6.53,1,0.0908,83.47
122.53,0,75.58,0,0.1449,14.42,0.56,1,0.1492,89.44,8.30,1,0.0847,81.70
122.63,0,71.98,0,0.1351,18.02,0.03,1,0.1440,89.97,10.93,1,0.0767,79.07
122.75,0,70.44,0,0.1327,19.56,0.27,1,0.1434,89.73,11.68,1,0.0754,78.32
122.85,0,69.06,0,0.1317,20.94,0.52,1,0.1440,89.48,12.17,1,0.0738,77.83
122.95,0,66.26,0,0.1266,23.74,1.00,1,0.1411,89.00,12.42,1,0.0723,77.58
123.05,0,64.83,0,0.1225,25.17,1.36,1,0.1374,88.64,12.07,1,0.0759,77.93
123.16,0,63.54,0,0.1196,26.46,1.79,1,0.1348,88.21,11.37,1,0.0822,78.63
123.28,0,61.42,0,0.1186,28.58,2.53,1,0.1346,87.47,9.39,1,0.0937,80.61
123.39,0,60.38,0,0.1176,29.62,2.79,1,0.1333,87.21,8.34,1,0.0985,81.66
123.51,0,58.18,0,0.1119,31.82,3.54,1,0.1263,86.46,5.99,1,0.1109,84.01
123.62,0,57.22,0,0.1100,32.78,4.02,1,0.1241,85.98,4.53,1,0.1174,85.47
123.73,0,56.40,0,0.1099,33.60,4.41,1,0.1235,85.59,2.92,1,0.1223,87.08
123.83,0,54.86,0,0.1101,35.14,4.92,1,0.1213,85.08,0.32,1,0.1268,89.68
123.94,0,54.00,0,0.1081,36.00,5.22,1,0.1181,84.78,1.83,1,0.1284,88.17
124.06,0,53.16,0,0.1055,36.84,5.68,1,0.1145,84.32,3.36,1,0.1318,86.64
124.16,0,51.85,0,0.1051,38.15,6.23,1,0.1119,83.77,6.01,1,0.1314,83.99
124.26,0,51.31,0,0.1061,38.69,6.37,1,0.1112,83.63,7.06,1,0.1290,82.94
124.36,0,50.73,0,0.1060,39.27,6.49,1,0.1096,83.51,7.82,1,0.1256,82.18
124.46,0,50.01,0,0.1032,39.99,6.73,1,0.1057,83.27,8.35,1,0.1239,81.65
124.56,0,48.96,0,0.1021,41.04,7.06,1,0.1022,82.94,9.24,1,0.1205,80.76
124.67,0,48.60,0,0.1032,41.40,7.15,1,0.1015,82.85,9.54,1,0.1184,80.46
124.77,0,48.26,0,0.1046,41.74,7.16,1,0.1014,82.84,9.64,1,0.1151,80.36
124.87,0,47.81,0,0.1038,42.19,7.13,1,0.0998,82.87,9.49,1,0.1110,80.51
124.97,0,47.02,0,0.1021,42.98,7.22,1,0.0961,82.78,9.14,1,0.1082,80.86
125.08,0,46.74,0,0.1020,43.26,7.29,1,0.0945,82.71,8.88,1,0.1078,81.12
125.18,0,46.57,0,0.1035,43.43,7.27,1,0.0947,82.73,8.51,1,0.1064,81.49
125.28,0,46.43,0,0.1052,43.57,7.15,1,0.0956,82.85,7.93,1,0.1038,82.07
125.38,0,45.98,0,0.1046,44.02,6.94,1,0.0938,83.06,6.18,1,0.0993,83.82
125.49,0,45.77,0,0.1035,44.23,6.94,1,0.0918,83.06,5.18,1,0.0991,84.82
125.59,0,45.69,0,0.1038,44.31,6.91,1,0.0909,83.09,4.13,1,0.0994,85.87
125.69,0,45.83,0,0.1075,44.17,6.64,1,0.0939,83.36,2.98,1,0.0979,87.02
125.80,0,45.75,0,0.1082,44.25,5.94,1,0.0962,84.06,0.26,1,0.0971,89.74
125.91,0,45.68,0,0.1071,44.32,5.43,1,0.0976,84.57,1.13,1,0.0985,88.87
126.02,0,45.66,0,0.1063,44.34,4.87,1,0.0996,85.13,2.39,1,0.1016,87.61
126.13,0,46.01,0,0.1096,43.99,3.23,1,0.1120,86.77,4.46,1,0.1094,85.54
126.24,0,46.23,0,0.1117,43.77,2.20,1,0.1203,87.80,5.37,1,0.1129,84.63
126.35,0,46.29,0,0.1108,43.71,1.27,1,0.1266,88.73,6.24,1,0.1174,83.76
126.45,0,46.64,0,0.1108,43.36,0.29,1,0.1413,89.71,7.20,1,0.1303,82.80
126.57,0,46.96,0,0.1123,43.04,1.01,1,0.1491,88.99,7.38,1,0.1367,82.62
126.68,0,47.77,0,0.1173,42.23,2.53,1,0.1658,87.47,7.59,1,0.1451,82.41
126.80,0,48.06,0,0.1175,41.94,3.18,1,0.1716,86.82,7.68,1,0.1492,82.32
126.91,0,48.70,0,0.1171,41.30,4.15,1,0.1806,85.85,7.61,1,0.1593,82.39
127.03,0,49.22,0,0.1194,40.78,4.60,1,0.1867,85.40,7.46,1,0.1632,82.54
127.14,0,50.33,0,0.1244,39.67,5.53,1,0.1981,84.47,7.29,1,0.1665,82.71
127.26,0,50.77,0,0.1247,39.23,5.88,1,0.2014,84.12,7.27,1,0.1682,82.73
127.37,0,51.78,0,0.1256,38.22,6.24,1,0.2064,83.76,7.05,1,0.1744,82.95
127.48,0,52.47,0,0.1284,37.53,6.36,1,0.2105,83.64,6.84,1,0.1765,83.16
127.58,0,53.26,0,0.1324,36.74,6.59,1,0.2161,83.41,6.70,1,0.1754,83.30
127.68,0,54.50,0,0.1341,35.50,6.63,1,0.2196,83.37,6.40,1,0.1789,83.60
127.80,0,55.13,0,0.1346,34.87,6.50,1,0.2198,83.50,6.15,1,0.1823,83.85
127.92,0,56.74,0,0.1396,33.26,6.06,1,0.2254,83.94,5.23,1,0.1897,84.77
128.03,0,57.66,0,0.1436,32.34,5.96,1,0.2289,84.04,4.75,1,0.1905,85.25
128.14,0,59.25,0,0.1463,30.75,5.28,1,0.2289,84.72,3.65,1,0.1995,86.35
128.26,0,60.07,0,0.1476,29.93,4.68,1,0.2295,85.32,2.91,1,0.2071,87.09
128.37,0,61.97,0,0.1532,28.03,3.56,1,0.2323,86.44,1.38,1,0.2173,88.62
128.48,0,63.03,0,0.1573,26.97,3.13,1,0.2342,86.87,0.71,1,0.2189,89.29
128.59,0,64.90,0,0.1606,25.10,1.88,1,0.2334,88.12,0.45,1,0.2281,89.55
128.70,0,65.88,0,0.1626,24.12,1.08,1,0.2339,88.92,1.07,1,0.2344,88.93
128.81,0,68.09,0,0.1691,21.91,0.30,1,0.2367,89.70,2.09,1,0.2400,87.91
128.92,0,69.28,0,0.1732,20.72,0.88,1,0.2386,89.12,2.44,1,0.2398,87.56
129.03,0,71.43,0,0.1772,18.57,2.38,1,0.2408,87.62,3.00,1,0.2457,87.00
129.14,0,72.57,0,0.1798,17.43,3.21,1,0.2430,86.79,3.31,1,0.2503,86.69
129.25,0,75.07,0,0.1873,14.93,4.48,1,0.2492,85.52,3.62,1,0.2534,86.38
129.36,0,76.37,0,0.1913,13.63,4.92,1,0.2533,85.08,3.60,1,0.2525,86.40
129.47,0,78.74,0,0.1956,11.26,5.94,1,0.2581,84.06,3.38,1,0.2568,86.62
129.58,0,80.04,0,0.1992,9.96,6.49,1,0.2621,83.51,3.29,1,0.2606,86.71
129.69,0,82.76,0,0.2072,7.24,7.17,1,0.2706,82.83,2.76,1,0.2629,87.24
129.80,0,84.10,0,0.2108,5.90,7.34,1,0.2744,82.66,2.30,1,0.2621,87.70
129.91,0,86.68,0,0.2156,3.32,7.94,1,0.2794,82.06,1.32,1,0.2670,88.68
130.02,0,88.10,1,0.2198,1.90,8.36,1,0.2829,81.64,0.90,1,0.2709,89.10
130.14,0,90.97,1,0.2281,-0.97,8.98,1,0.2897,81.02,0.18,1,0.2743,89.82
130.25,0,92.42,1,0.2322,-2.42,9.19,1,0.2926,80.81,0.77,1,0.2749,89.23
130.35,0,93.77,1,0.2347,-3.77,9.41,1,0.2933,80.59,1.42,1,0.2763,88.58
130.46,0,95.09,1,0.2367,-5.09,9.68,1,0.2937,80.32,2.04,1,0.2789,87.96
130.56,0,96.52,1,0.2399,-6.52,9.95,1,0.2957,80.05,2.58,1,0.2818,87.42
130.66,0,98.05,1,0.2447,-8.05,10.09,1,0.2987,79.91,3.08,1,0.2834,86.92
130.77,0,99.61,1,0.2498,-9.61,10.06,1,0.3014,79.94,3.61,1,0.2829,86.39
130.87,0,101.10,1,0.2539,-11.10,9.91,1,0.3029,80.09,4.20,1,0.2815,85.80
130.98,0,102.50,0,0.2564,-12.50,9.68,1,0.3031,80.32,4.81,1,0.2810,85.19
131.08,0,103.87,0,0.2584,-13.87,9.42,1,0.3028,80.58,5.34,1,0.2820,84.66
131.19,0,105.33,0,0.2618,-15.33,9.05,1,0.3031,80.95,5.75,1,0.2829,84.25
131.30,0,106.91,0,0.2668,-16.91,8.52,1,0.3044,81.48,6.07,1,0.2820,83.93
131.40,0,108.51,0,0.2719,-18.51,7.79,1,0.3057,82.21,6.35,1,0.2791,83.65
131.50,0,110.00,0,0.2757,-20.00,6.93,1,0.3053,83.07,6.62,1,0.2758,83.38
131.61,0,111.38,0,0.2779,-21.38,6.03,1,0.3030,83.97,6.81,1,0.2737,83.19
131.72,0,112.78,0,0.2800,-22.78,5.11,1,0.2999,84.89,6.85,1,0.2727,83.15
131.82,0,114.29,0,0.2836,-24.29,4.13,1,0.2973,85.87,6.72,1,0.2711,83.28
131.93,0,115.88,0,0.2885,-25.88,3.06,1,0.2950,86.94,6.44,1,0.2675,83.56
132.03,0,117.46,0,0.2937,-27.46,1.83,1,0.2921,88.17,6.15,1,0.2609,83.85
132.14,0,120.32,0,0.2990,-30.32,0.28,1,0.2785,89.72,5.34,1,0.2548,84.66
132.25,0,121.76,0,0.3016,-31.76,1.11,1,0.2707,88.89,4.77,1,0.2539,85.23
132.36,0,124.80,0,0.3096,-34.80,2.71,1,0.2573,87.29,3.65,1,0.2470,86.35
132.47,0,126.34,0,0.3144,-36.34,3.49,1,0.2509,86.51,3.14,1,0.2414,86.86
132.58,0,129.12,0,0.3191,-39.12,4.39,1,0.2336,85.61,2.12,1,0.2373,87.88
132.68,0,130.52,0,0.3212,-40.52,4.58,1,0.2256,85.42,1.60,1,0.2365,88.40
132.79,0,133.54,0,0.3295,-43.54,4.77,1,0.2151,85.23,0.49,1,0.2325,89.51
132.90,0,135.03,0,0.3339,-45.03,4.88,1,0.2101,85.12,0.05,1,0.2288,89.95
133.01,0,137.74,0,0.3382,-47.74,4.81,1,0.1972,85.19,0.58,1,0.2238,89.42
133.11,0,139.09,0,0.3402,-49.09,4.59,1,0.1915,85.41,0.89,1,0.2230,89.11
133.22,0,140.67,0,0.3457,-50.67,4.39,1,0.1900,85.61,1.29,1,0.2205,88.71
133.33,0,143.48,0,0.3524,-53.48,3.99,1,0.1825,86.01,1.60,1,0.2139,88.40
133.44,0,144.72,0,0.3535,-54.72,3.73,1,0.1767,86.27,1.56,1,0.2108,88.44
133.56,0,147.39,0,0.3579,-57.39,2.92,1,0.1692,87.08,1.54,1,0.2065,88.46
133.67,0,148.94,1,0.3634,-58.94,2.51,1,0.1687,87.49,1.59,1,0.2029,88.41
133.78,0,151.57,1,0.3692,-61.57,1.68,1,0.1626,88.32,1.20,1,0.1947,88.80
133.89,0,152.42,1,0.3690,-62.42,1.23,1,0.1590,88.77,0.88,1,0.1905,89.12
133.99,0,152.69,1,0.3658,-62.69,1.19,1,0.1577,88.81,0.84,1,0.1913,89.16
134.09,0,152.69,1,0.3658,-62.69,0.65,1,0.1543,89.35,0.53,1,0.1878,89.47
134.20,0,152.49,1,0.3622,-62.49,0.00,1,0.1503,90.00,0.24,1,0.1857,89.76
134.31,0,151.80,1,0.3590,-61.80,0.62,1,0.1481,89.38,0.04,1,0.1825,89.96
134.41,0,150.48,1,0.3542,-60.48,1.17,1,0.1467,88.83,0.37,1,0.1777,89.63
134.53,0,148.43,1,0.3457,-58.43,1.70,1,0.1441,88.30,0.80,1,0.1723,89.20
134.63,0,148.43,1,0.3457,-58.43,1.70,1,0.1441,88.30,0.80,1,0.1723,89.20
134.74,0,145.80,1,0.3339,-55.80,2.29,1,0.1399,87.71,1.28,1,0.1679,88.72
134.85,0,142.82,1,0.3209,-52.82,2.96,1,0.1353,87.04,1.73,1,0.1652,88.27
134.96,0,139.67,1,0.3087,-49.67,3.04,1,0.1351,86.96,1.68,1,0.1666,88.32
135.08,0,139.67,1,0.3087,-49.67,3.66,1,0.1316,86.34,2.10,1,0.1629,87.90
135.20,0,136.36,1,0.2975,-46.36,4.32,1,0.1294,85.68,2.41,1,0.1595,87.59
135.30,0,136.36,1,0.2975,-46.36,4.32,1,0.1294,85.68,2.41,1,0.1595,87.59
135.42,0,132.81,0,0.2861,-42.81,4.86,1,0.1279,85.14,2.75,1,0.1545,87.25
135.52,0,128.97,0,0.2735,-38.97,5.35,1,0.1256,84.65,3.16,1,0.1492,86.84
135.63,0,128.97,0,0.2735,-38.97,5.35,1,0.1256,84.65,3.16,1,0.1492,86.84
135.74,0,124.85,0,0.2594,-34.85,5.88,1,0.1216,84.12,3.59,1,0.1451,86.41
135.84,0,120.51,0,0.2451,-30.51,6.48,1,0.1167,83.52,3.94,1,0.1427,86.06
135.94,0,120.51,0,0.2451,-30.51,6.48,1,0.1167,83.52,3.94,1,0.1427,86.06
136.04,0,116.16,0,0.2326,-26.16,7.08,1,0.1132,82.92,4.17,1,0.1405,85.83
136.15,0,116.28,0,0.2343,-26.28,7.09,1,0.1149,82.91,4.07,1,0.1405,85.93
136.26,0,112.09,0,0.2225,-22.09,7.56,1,0.1118,82.44,4.33,1,0.1372,85.67
136.37,0,108.28,0,0.2137,-18.28,7.81,1,0.1114,82.19,4.55,1,0.1308,85.45
136.48,0,100.96,0,0.1934,-10.96,8.49,1,0.1040,81.51,4.96,1,0.1240,85.04
136.60,0,97.61,0,0.1846,-7.61,8.91,1,0.1001,81.09,5.00,1,0.1232,85.00
136.72,0,91.59,0,0.1714,-1.59,9.29,1,0.0957,80.71,4.98,1,0.1171,85.02
136.82,0,88.87,0,0.1661,1.13,9.30,1,0.0948,80.70,4.93,1,0.1126,85.07
136.92,0,86.19,0,0.1598,3.81,9.24,1,0.0929,80.76,4.93,1,0.1083,85.07
137.03,0,81.06,0,0.1463,8.94,9.26,1,0.0857,80.74,4.86,1,0.1045,85.14
137.15,0,78.78,0,0.1417,11.22,9.24,1,0.0842,80.76,4.71,1,0.1033,85.29
137.25,0,76.70,0,0.1386,13.30,9.07,1,0.0845,80.93,4.53,1,0.1006,85.47
137.35,0,72.72,0,0.1307,17.28,8.42,1,0.0841,81.58,4.38,1,0.0937,85.62
137.47,0,70.75,0,0.1253,19.25,8.11,1,0.0828,81.89,4.35,1,0.0922,85.65
137.57,0,68.88,0,0.1208,21.12,7.80,1,0.0823,82.20,4.25,1,0.0918,85.75
137.67,0,65.70,0,0.1164,24.30,6.85,1,0.0861,83.15,3.95,1,0.0889,86.05
137.79,0,64.24,0,0.1145,25.76,6.25,1,0.0885,83.75,3.89,1,0.0859,86.11
137.90,0,62.67,0,0.1099,27.33,5.69,1,0.0886,84.31,3.96,1,0.0838,86.04
138.00,0,59.83,0,0.1036,30.17,4.76,1,0.0904,85.24,3.86,1,0.0828,86.14
138.10,0,58.60,0,0.1021,31.40,4.33,1,0.0922,85.67,3.75,1,0.0823,86.25
138.22,0,57.60,0,0.1029,32.40,3.75,1,0.0964,86.25,3.66,1,0.0789,86.34
138.32,0,55.24,0,0.0980,34.76,2.85,1,0.0980,87.15,3.73,1,0.0760,86.27
138.43,0,54.06,0,0.0947,35.94,2.47,1,0.0977,87.53,3.80,1,0.0754,86.20
138.54,0,52.96,0,0.0923,37.04,2.19,1,0.0977,87.81,3.79,1,0.0756,86.21
138.65,0,51.19,0,0.0920,38.81,1.57,1,0.1015,88.43,3.68,1,0.0735,86.32
138.75,0,50.34,0,0.0915,39.66,1.19,1,0.1033,88.81,3.73,1,0.0709,86.27
138.85,0,49.40,0,0.0895,40.60,0.88,1,0.1035,89.12,3.84,1,0.0689,86.16
138.95,0,48.41,0,0.0865,41.59,0.80,1,0.1020,89.20,3.87,1,0.0697,86.13
139.05,0,46.87,0,0.0853,43.13,0.52,1,0.1035,89.48,3.86,1,0.0682,86.14
139.15,0,46.25,0,0.0862,43.75,0.34,1,0.1057,89.66,3.84,1,0.0662,86.16
139.26,0,45.59,0,0.0862,44.41,0.13,1,0.1069,89.87,3.91,1,0.0634,86.09
139.36,0,44.78,0,0.0833,45.22,0.07,1,0.1050,89.93,4.07,1,0.0622,85.93
139.46,0,43.49,0,0.0815,46.51,0.13,1,0.1043,89.87,4.11,1,0.0613,85.89
139.57,0,43.00,0,0.0823,47.00,0.17,1,0.1056,89.83,4.05,1,0.0606,85.95
139.69,0,42.58,0,0.0837,47.42,0.13,1,0.1074,89.87,4.05,1,0.0583,85.95
139.79,0,41.58,0,0.0827,48.42,0.18,1,0.1067,89.82,4.26,1,0.0536,85.74
139.89,0,41.05,0,0.0811,48.95,0.37,1,0.1049,89.63,4.33,1,0.0533,85.67
140.00,0,40.63,0,0.0807,49.37,0.60,1,0.1044,89.40,4.31,1,0.0536,85.69
140.10,0,40.47,0,0.0840,49.53,0.69,1,0.1075,89.31,4.21,1,0.0514,85.79
140.20,0,39.83,0,0.0842,50.17,1.02,1,0.1067,88.98,4.36,1,0.0474,85.64
140.31,0,39.47,0,0.0832,50.53,1.25,1,0.1050,88.75,4.49,1,0.0457,85.51
140.41,0,39.13,0,0.0819,50.87,1.58,1,0.1031,88.42,4.54,1,0.0456,85.46
140.51,0,39.04,0,0.0837,50.96,1.94,1,0.1042,88.06,4.41,1,0.0461,85.59
140.62,0,38.79,0,0.0856,51.21,2.51,1,0.1042,87.49,4.38,1,0.0445,85.62
140.72,0,38.67,0,0.0862,51.33,2.77,1,0.1036,87.23,4.34,1,0.0445,85.66
140.82,0,38.49,0,0.0853,51.51,3.14,1,0.1016,86.86,4.21,1,0.0475,85.79
140.92,0,38.35,0,0.0844,51.65,3.56,1,0.1008,86.44,3.88,1,0.0533,86.12
141.03,0,38.45,0,0.0871,51.55,4.13,1,0.1069,85.87,2.75,1,0.0665,87.25
141.13,0,38.57,0,0.0891,51.43,4.19,1,0.1112,85.81,2.17,1,0.0727,87.83
141.24,0,38.63,0,0.0897,51.37,4.19,1,0.1151,85.81,1.64,1,0.0802,88.36
141.35,0,38.67,0,0.0884,51.33,4.21,1,0.1251,85.79,0.48,1,0.0990,89.52
141.46,0,38.85,0,0.0895,51.15,4.14,1,0.1327,85.86,0.16,1,0.1072,89.84
141.57,0,39.25,0,0.0935,50.75,3.83,1,0.1427,86.17,0.75,1,0.1112,89.25
141.69,0,39.66,0,0.0946,50.34,3.33,1,0.1556,86.67,1.55,1,0.1221,88.45
141.80,0,39.78,0,0.0933,50.22,3.20,1,0.1604,86.80,1.89,1,0.1288,88.11
141.92,0,40.43,0,0.0955,49.57,2.79,1,0.1732,87.21,2.56,1,0.1370,87.44
142.04,0,40.99,0,0.0997,49.01,2.47,1,0.1812,87.53,2.85,1,0.1371,87.15
142.14,0,41.75,0,0.1013,48.25,2.13,1,0.1898,87.87,3.14,1,0.1416,86.86
142.25,0,42.09,0,0.1009,47.91,2.04,1,0.1925,87.96,3.19,1,0.1447,86.81
142.37,0,43.06,0,0.1035,46.94,2.02,1,0.1999,87.98,3.33,1,0.1502,86.67
142.49,0,43.71,0,0.1068,46.29,1.95,1,0.2049,88.05,3.31,1,0.1506,86.69
142.60,0,44.86,0,0.1098,45.14,1.82,1,0.2105,88.18,2.83,1,0.1522,87.17
142.72,0,45.36,0,0.1097,44.64,1.89,1,0.2114,88.11,2.49,1,0.1553,87.51
142.83,0,46.70,0,0.1138,43.30,2.17,1,0.2168,87.83,1.84,1,0.1610,88.16
142.94,0,47.52,0,0.1174,42.48,2.22,1,0.2206,87.78,1.42,1,0.1620,88.58
143.05,0,48.96,0,0.1205,41.04,2.38,1,0.2234,87.62,0.29,1,0.1658,89.71
143.17,0,49.63,0,0.1210,40.37,2.61,1,0.2234,87.39,0.27,1,0.1701,89.73
143.28,0,51.36,0,0.1267,38.64,3.10,1,0.2279,86.90,1.20,1,0.1774,88.80
143.40,0,52.34,0,0.1305,37.66,3.22,1,0.2311,86.78,1.67,1,0.1792,88.33
143.51,0,54.08,0,0.1338,35.92,3.48,1,0.2334,86.52,2.73,1,0.1850,87.27
143.62,0,54.93,0,0.1350,35.07,3.71,1,0.2343,86.29,3.15,1,0.1900,86.85
143.73,0,56.99,0,0.1418,33.01,4.04,1,0.2413,85.96,3.69,1,0.1981,86.31
143.85,0,58.10,0,0.1457,31.90,4.05,1,0.2456,85.95,3.94,1,0.2001,86.06
143.96,0,60.12,0,0.1497,29.88,4.06,1,0.2510,85.94,4.46,1,0.2068,85.54
144.07,0,61.11,0,0.1513,28.89,4.13,1,0.2537,85.87,4.59,1,0.2121,85.41
144.18,0,63.45,0,0.1589,26.55,4.09,1,0.2636,85.91,4.53,1,0.2200,85.47
144.28,0,64.70,0,0.1630,25.30,3.94,1,0.2690,86.06,4.50,1,0.2222,85.50
144.38,0,65.79,0,0.1646,24.21,3.80,1,0.2715,86.20,4.54,1,0.2254,85.46
144.49,0,68.12,0,0.1696,21.88,3.73,1,0.2776,86.27,4.29,1,0.2351,85.71
144.60,0,69.53,0,0.1752,20.47,3.74,1,0.2836,86.26,3.96,1,0.2387,86.04
144.71,0,72.14,0,0.1824,17.86,3.67,1,0.2903,86.33,3.55,1,0.2446,86.45
144.82,0,73.36,0,0.1841,16.64,3.63,1,0.2911,86.37,3.44,1,0.2479,86.56
144.93,0,75.91,0,0.1896,14.09,3.79,1,0.2946,86.21,2.94,1,0.2569,87.06
145.03,0,77.44,0,0.1957,12.56,3.89,1,0.2995,86.11,2.55,1,0.2598,87.45
145.14,0,80.25,0,0.2033,9.75,4.02,1,0.3038,85.98,2.06,1,0.2650,87.94
145.25,0,81.50,0,0.2047,8.50,4.10,1,0.3033,85.90,1.91,1,0.2685,88.09
145.36,0,84.23,0,0.2107,5.77,4.47,1,0.3053,85.53,1.42,1,0.2769,88.58
145.46,0,85.87,0,0.2173,4.13,4.64,1,0.3096,85.36,1.07,1,0.2791,88.93
145.57,0,88.79,0,0.2247,1.21,4.92,1,0.3119,85.08,0.71,1,0.2838,89.29
145.67,0,90.11,1,0.2262,-0.11,5.10,1,0.3107,84.90,0.64,1,0.2873,89.36
145.78,0,93.01,1,0.2326,-3.01,5.58,1,0.3119,84.42,0.35,1,0.2948,89.65
145.90,0,94.60,1,0.2375,-4.60,5.79,1,0.3140,84.21,0.18,1,0.2976,89.82
146.01,0,96.23,1,0.2428,-6.23,5.92,1,0.3164,84.08,0.06,1,0.2985,89.94
146.13,0,97.74,1,0.2466,-7.74,6.02,1,0.3177,83.98,0.03,1,0.2991,89.97
146.23,0,98.93,1,0.2482,-8.93,6.17,1,0.3176,83.83,0.08,1,0.3009,89.92
146.34,0,99.76,1,0.2485,-9.76,6.38,1,0.3170,83.62,0.12,1,0.3039,89.88
146.44,0,99.76,1,0.2487,-9.76,6.44,1,0.3171,83.56,0.07,1,0.3051,89.93
146.56,0,100.26,0,0.2491,-10.26,6.57,1,0.3171,83.43,0.11,1,0.3065,89.89
146.66,0,100.45,0,0.2501,-10.45,6.65,1,0.3182,83.35,0.09,1,0.3072,89.91
146.78,0,100.21,0,0.2499,-10.21,6.57,1,0.3190,83.43,0.13,1,0.3061,89.87
146.89,0,99.42,0,0.2470,-9.42,6.37,1,0.3181,83.63,0.27,1,0.3048,89.73
147.00,0,98.08,0,0.2415,-8.08,6.10,1,0.3150,83.90,0.46,1,0.3044,89.54
147.10,0,96.48,0,0.2355,-6.48,5.79,1,0.3109,84.21,0.62,1,0.3046,89.38
147.22,0,95.01,0,0.2316,-5.01,5.41,1,0.3071,84.59,0.73,1,0.3036,89.27
147.34,0,93.70,0,0.2292,-3.70,4.88,1,0.3036,85.12,0.82,1,0.3004,89.18
147.45,0,93.84,0,0.2308,-3.84,4.82,1,0.3054,85.18,0.78,1,0.2985,89.22
147.57,0,91.19,0,0.2224,-1.19,3.47,1,0.2926,86.53,1.19,1,0.2911,88.81
147.67,0,89.87,0,0.2172,0.13,2.80,1,0.2830,87.20,1.45,1,0.2888,88.55
147.78,0,87.80,1,0.2126,2.20,1.44,1,0.2680,88.56,1.79,1,0.2814,88.21
147.89,0,86.93,1,0.2118,3.07,0.78,1,0.2618,89.22,1.91,1,0.2768,88.09
148.01,0,86.01,1,0.2103,3.99,0.09,1,0.2552,89.91,2.08,1,0.2715,87.92
148.12,0,84.88,1,0.2072,5.12,0.54,1,0.2476,89.46,2.31,1,0.2667,87.69
148.22,0,83.49,1,0.2031,6.51,1.05,1,0.2392,88.95,2.55,1,0.2633,87.45
148.33,0,81.91,1,0.1992,8.09,1.42,1,0.2315,88.58,2.74,1,0.2608,87.26
148.44,0,80.23,1,0.1964,9.77,1.71,1,0.2259,88.29,2.85,1,0.2580,87.15
148.54,0,80.23,1,0.1964,9.77,1.71,1,0.2259,88.29,2.85,1,0.2580,87.15
148.65,0,78.47,0,0.1939,11.53,2.02,1,0.2215,87.98,2.93,1,0.2539,87.07
148.76,0,76.52,0,0.1905,13.48,2.10,1,0.2230,87.90,2.91,1,0.2520,87.09
148.87,0,76.52,0,0.1905,13.48,2.32,1,0.2161,87.68,3.06,1,0.2488,86.94
148.98,0,74.32,0,0.1853,15.68,2.54,1,0.2092,87.46,3.25,1,0.2443,86.75
149.09,0,74.32,0,0.1853,15.68,2.54,1,0.2092,87.46,3.25,1,0.2443,86.75
149.20,0,71.92,0,0.1793,18.08,2.59,1,0.2016,87.41,3.44,1,0.2413,86.56
149.30,0,71.92,0,0.1793,18.08,2.59,1,0.2016,87.41,3.44,1,0.2413,86.56
149.41,0,69.58,0,0.1740,20.42,2.49,1,0.1945,87.51,3.53,1,0.2389,86.47
149.53,0,67.46,0,0.1705,22.54,2.43,1,0.1954,87.57,3.45,1,0.2396,86.55
149.64,0,65.54,0,0.1679,24.46,2.16,1,0.1834,87.84,3.46,1,0.2307,86.54
149.75,0,63.70,0,0.1647,26.30,1.99,1,0.1774,88.01,3.44,1,0.2253,86.56
149.87,0,59.94,0,0.1551,30.06,1.34,1,0.1610,88.66,3.46,1,0.2166,86.54
149.99,0,58.17,0,0.1513,31.83,0.82,1,0.1528,89.18,3.38,1,0.2137,86.62
150.09,0,55.21,0,0.1478,34.79,0.20,1,0.1401,89.80,3.03,1,0.2055,86.97
150.21,0,53.82,0,0.1454,36.18,0.63,1,0.1336,89.37,2.92,1,0.2001,87.08
150.31,0,52.37,0,0.1417,37.63,1.12,1,0.1262,88.88,2.85,1,0.1955,87.15
150.41,0,50.87,0,0.1377,39.13,1.78,1,0.1177,88.22,2.73,1,0.1939,87.27
150.51,0,48.38,0,0.1340,41.62,2.94,1,0.1057,87.06,2.36,1,0.1873,87.64
150.61,0,47.33,0,0.1334,42.67,3.46,1,0.1019,86.54,2.14,1,0.1827,87.86
150.71,0,46.26,0,0.1318,43.74,3.92,1,0.0981,86.08,2.01,1,0.1774,87.99
150.81,0,45.02,0,0.1276,44.98,4.47,1,0.0918,85.53,1.98,1,0.1740,88.02
150.92,0,42.88,0,0.1237,47.12,5.60,1,0.0830,84.40,1.67,1,0.1685,88.33
151.02,0,41.98,0,0.1235,48.02,6.08,1,0.0811,83.92,1.45,1,0.1653,88.55
151.12,0,41.18,0,0.1236,48.82,6.40,1,0.0807,83.60,1.28,1,0.1606,88.72
151.22,0,40.33,0,0.1224,49.67,6.61,1,0.0799,83.39,1.20,1,0.1554,88.80
151.32,0,38.47,0,0.1174,51.53,7.02,1,0.0763,82.98,1.13,1,0.1489,88.87
151.43,0,37.65,0,0.1164,52.35,7.17,1,0.0764,82.83,1.01,1,0.1468,88.99
151.53,0,36.99,0,0.1169,53.01,7.16,1,0.0788,82.84,0.87,1,0.1434,89.13
151.65,0,35.74,0,0.1166,54.26,6.74,1,0.0845,83.26,0.81,1,0.1333,89.19
151.76,0,35.02,0,0.1145,54.98,6.55,1,0.0854,83.45,0.88,1,0.1293,89.12
151.86,0,34.30,0,0.1127,55.70,6.44,1,0.0862,83.56,0.93,1,0.1268,89.07
151.96,0,33.82,0,0.1142,56.18,6.34,1,0.0901,83.66,0.80,1,0.1245,89.20
152.06,0,32.86,0,0.1144,57.14,5.93,1,0.0953,84.07,0.87,1,0.1160,89.13
152.17,0,32.40,0,0.1139,57.60,5.68,1,0.0974,84.32,1.00,1,0.1109,89.00
152.28,0,31.87,0,0.1123,58.13,5.50,1,0.0981,84.50,1.18,1,0.1075,88.82
152.39,0,31.00,0,0.1113,59.00,5.24,1,0.1000,84.76,1.36,1,0.1039,88.64
152.50,0,30.75,0,0.1128,59.25,5.02,1,0.1027,84.98,1.41,1,0.1011,88.59
152.60,0,30.55,0,0.1140,59.45,4.69,1,0.1050,85.31,1.55,1,0.0973,88.45
152.70,0,30.20,0,0.1126,59.80,4.32,1,0.1047,85.68,1.86,1,0.0933,88.14
152.81,0,29.63,0,0.1117,60.37,3.77,1,0.1040,86.23,2.28,1,0.0905,87.72
152.91,0,29.46,0,0.1125,60.54,3.53,1,0.1046,86.47,2.42,1,0.0898,87.58
153.02,0,29.41,0,0.1143,60.59,3.22,1,0.1062,86.78,2.58,1,0.0879,87.42
153.14,0,29.29,0,0.1158,60.71,2.50,1,0.1068,87.50,3.11,1,0.0822,86.89
153.24,0,29.13,0,0.1148,60.87,2.25,1,0.1053,87.75,3.41,1,0.0808,86.59
153.34,0,29.01,0,0.1144,60.99,2.11,1,0.1042,87.89,3.63,1,0.0806,86.37
153.45,0,29.03,0,0.1155,60.97,1.97,1,0.1045,88.03,3.77,1,0.0805,86.23
153.55,0,29.32,0,0.1195,60.68,1.50,1,0.1067,88.50,4.18,1,0.0766,85.82
153.66,0,29.39,0,0.1196,60.61,1.28,1,0.1059,88.72,4.48,1,0.0743,85.52
153.76,0,29.40,0,0.1187,60.60,1.19,1,0.1041,88.81,4.74,1,0.0737,85.26
153.87,0,29.53,0,0.1199,60.47,1.24,1,0.1040,88.76,4.75,1,0.0762,85.25
153.97,0,30.01,0,0.1230,59.99,1.09,1,0.1042,88.91,4.72,1,0.0792,85.28
154.08,0,30.32,0,0.1248,59.68,0.97,1,0.1047,89.03,4.60,1,0.0814,85.40
154.18,0,30.54,0,0.1248,59.46,0.90,1,0.1045,89.10,4.42,1,0.0851,85.58
154.28,0,30.67,0,0.1240,59.33,1.04,1,0.1041,88.96,4.06,1,0.0931,85.94
154.39,0,31.37,0,0.1271,58.63,1.15,1,0.1091,88.85,2.99,1,0.1093,87.01
154.50,0,31.88,0,0.1301,58.12,1.14,1,0.1140,88.86,2.38,1,0.1165,87.62
154.61,0,32.30,0,0.1310,57.70,1.04,1,0.1186,88.96,1.92,1,0.1218,88.08
154.72,0,33.04,0,0.1316,56.96,1.21,1,0.1283,88.79,0.92,1,0.1372,89.08
154.83,0,33.49,0,0.1329,56.51,1.38,1,0.1339,88.62,0.40,1,0.1447,89.60
154.93,0,34.09,0,0.1358,55.91,1.49,1,0.1410,88.51,0.11,1,0.1503,89.89
155.04,0,35.35,0,0.1405,54.65,1.52,1,0.1549,88.48,0.86,1,0.1562,89.14
155.15,0,35.86,0,0.1407,54.14,1.59,1,0.1598,88.41,1.10,1,0.1593,88.90
155.26,0,36.37,0,0.1414,53.63,1.83,1,0.1641,88.17,1.39,1,0.1648,88.61
155.36,0,37.78,0,0.1465,52.22,2.11,1,0.1748,87.89,1.90,1,0.1699,88.10
155.46,0,38.59,0,0.1496,51.41,2.20,1,0.1807,87.80,2.11,1,0.1706,87.89
155.57,0,39.33,0,0.1512,50.67,2.29,1,0.1849,87.71,2.20,1,0.1711,87.80
155.68,0,40.70,0,0.1530,49.30,2.73,1,0.1893,87.27,2.20,1,0.1758,87.80
155.80,0,41.52,0,0.1558,48.48,3.04,1,0.1923,86.96,2.23,1,0.1788,87.77
155.91,0,43.43,0,0.1627,46.57,3.48,1,0.2003,86.52,2.10,1,0.1809,87.90
156.01,0,44.33,0,0.1647,45.67,3.68,1,0.2025,86.32,1.85,1,0.1817,88.15
156.12,0,45.17,0,0.1659,44.83,3.95,1,0.2032,86.05,1.51,1,0.1842,88.49
156.23,0,47.02,0,0.1707,42.98,4.71,1,0.2060,85.29,0.92,1,0.1918,89.08
156.34,0,48.11,0,0.1747,41.89,5.00,1,0.2097,85.00,0.62,1,0.1942,89.38
156.46,0,50.28,0,0.1805,39.72,5.36,1,0.2148,84.64,0.24,1,0.1974,89.76
156.57,0,51.26,0,0.1821,38.74,5.58,1,0.2156,84.42,0.73,1,0.2010,89.27
156.69,0,53.40,0,0.1876,36.60,5.99,1,0.2214,84.01,1.50,1,0.2098,88.50
156.80,0,54.66,0,0.1921,35.34,6.00,1,0.2266,84.00,1.83,1,0.2124,88.17
156.91,0,57.13,0,0.1986,32.87,5.74,1,0.2348,84.26,2.64,1,0.2164,87.36
157.03,0,58.24,0,0.2003,31.76,5.63,1,0.2378,84.37,3.04,1,0.2204,86.96
157.14,0,60.69,0,0.2068,29.31,5.36,1,0.2470,84.64,3.54,1,0.2292,86.46
157.26,0,62.11,0,0.2118,27.89,5.11,1,0.2530,84.89,3.71,1,0.2316,86.29
157.37,0,64.79,0,0.2183,25.21,4.56,1,0.2611,85.44,4.15,1,0.2358,85.85
157.49,0,65.99,0,0.2201,24.01,4.40,1,0.2635,85.60,4.32,1,0.2401,85.68
157.60,0,68.72,0,0.2278,21.28,4.21,1,0.2705,85.79,4.34,1,0.2488,85.66
157.71,0,70.24,0,0.2330,19.76,4.05,1,0.2749,85.95,4.29,1,0.2511,85.71
157.81,0,73.06,0,0.2391,16.94,3.74,1,0.2802,86.26,4.29,1,0.2559,85.71
157.91,0,74.28,0,0.2400,15.72,3.73,1,0.2799,86.27,4.26,1,0.2614,85.74
158.02,0,74.80,0,0.2343,15.20,4.15,1,0.2704,85.85,4.36,1,0.2767,85.64
158.14,0,77.01,0,0.2335,12.99,4.41,1,0.2644,85.59,4.28,1,0.2919,85.72
158.25,0,76.39,0,0.2146,13.61,5.06,1,0.2402,84.94,4.85,1,0.3158,85.15
158.36,0,78.28,0,0.2109,11.72,5.47,1,0.2307,84.53,4.74,1,0.3351,85.26
158.47,0,78.21,0,0.2023,11.79,6.17,1,0.2163,83.83,4.91,1,0.3580,85.09
158.58,0,80.61,0,0.2035,9.39,5.97,1,0.2184,84.03,4.63,1,0.3710,85.37
158.70,0,80.53,0,0.1935,9.47,6.03,1,0.2078,83.97,4.83,1,0.3898,85.17
158.81,0,82.73,0,0.1937,7.27,4.92,1,0.2190,85.08,4.20,1,0.4030,85.80
158.92,0,82.78,0,0.1898,7.22,4.64,1,0.2186,85.36,3.88,1,0.4223,86.12
159.03,0,85.26,0,0.1912,4.74,2.49,1,0.2406,87.51,2.57,1,0.4292,87.43
159.15,0,85.24,0,0.1850,4.76,1.77,1,0.2392,88.23,2.18,1,0.4448,87.82
159.26,0,87.65,0,0.1866,2.35,0.33,1,0.2600,89.67,0.56,1,0.4500,89.44
159.37,0,87.99,0,0.1866,2.01,0.85,1,0.2615,89.15,0.10,1,0.4627,89.90
159.48,0,90.64,0,0.1880,-0.64,2.54,1,0.2747,87.46,1.51,1,0.4628,88.49
159.60,0,91.04,0,0.1856,-1.04,2.89,1,0.2702,87.11,1.86,1,0.4727,88.14
159.71,0,93.82,0,0.1878,-3.82,3.89,1,0.2779,86.11,2.90,1,0.4726,87.10
159.83,0,95.06,0,0.1903,-5.06,4.11,1,0.2799,85.89,3.32,1,0.4754,86.68
159.94,0,98.26,0,0.1918,-8.26,4.72,1,0.2853,85.28,3.96,1,0.4716,86.04
160.05,0,99.50,0,0.1912,-9.50,4.80,1,0.2840,85.20,4.13,1,0.4733,85.87
160.16,0,102.64,0,0.1936,-12.64,4.92,1,0.2870,85.08,4.52,1,0.4718,85.48
160.26,0,104.27,0,0.1956,-14.27,4.87,1,0.2890,85.13,4.65,1,0.4714,85.35
160.37,0,107.54,0,0.1966,-17.54,4.72,1,0.2910,85.28,4.54,1,0.4691,85.46
160.47,0,109.05,0,0.1963,-19.05,4.54,1,0.2902,85.46,4.28,1,0.4696,85.72
160.58,0,110.49,0,0.1978,-20.49,4.17,1,0.2899,85.83,3.96,1,0.4727,86.04
160.69,0,113.76,0,0.2000,-23.76,3.46,1,0.2919,86.54,3.04,1,0.4742,86.96
160.79,0,115.43,0,0.2007,-25.43,3.04,1,0.2929,86.96,2.45,1,0.4750,87.55
160.91,0,118.45,0,0.1998,-28.45,2.00,1,0.2919,88.00,0.97,1,0.4795,89.03
161.02,0,119.95,0,0.2015,-29.95,1.27,1,0.2926,88.73,0.27,1,0.4836,89.73
161.12,0,123.17,0,0.2033,-33.17,0.07,1,0.2956,89.93,1.18,1,0.4873,88.82
161.23,0,124.77,0,0.2037,-34.77,0.73,1,0.2972,89.27,1.91,1,0.4885,88.09
161.33,0,127.70,0,0.2025,-37.70,2.14,1,0.2982,87.86,3.37,1,0.4932,86.63
161.45,0,129.16,0,0.2031,-39.16,2.89,1,0.2997,87.11,3.98,1,0.4963,86.02
161.56,0,132.32,0,0.2059,-42.32,4.25,1,0.3057,85.75,5.01,1,0.4997,84.99
161.67,0,133.87,0,0.2060,-43.87,4.81,1,0.3079,85.19,5.51,1,0.5007,84.49
161.78,0,136.65,0,0.2046,-46.65,5.92,1,0.3105,84.08,6.41,1,0.5057,83.59
161.90,0,138.09,0,0.2053,-48.09,6.44,1,0.3131,83.56,6.71,1,0.5086,83.29
162.02,0,141.16,0,0.2080,-51.16,7.17,1,0.3207,82.83,7.11,1,0.5116,82.89
162.12,0,142.55,0,0.2067,-52.55,7.38,1,0.3225,82.62,7.32,1,0.5130,82.68
162.24,0,145.29,0,0.2063,-55.29,7.90,1,0.3269,82.10,7.45,1,0.5191,82.55
162.34,0,146.69,0,0.2072,-56.69,8.16,1,0.3299,81.84,7.36,1,0.5226,82.64
162.44,0,149.68,0,0.2096,-59.68,8.45,1,0.3372,81.55,6.99,1,0.5268,83.01
162.54,0,151.05,0,0.2092,-61.05,8.53,1,0.3390,81.47,6.79,1,0.5291,83.21
162.65,0,153.62,0,0.2077,-63.62,8.76,1,0.3412,81.24,6.24,1,0.5370,83.76
162.76,0,155.00,0,0.2087,-65.00,8.87,1,0.3439,81.13,5.87,1,0.5404,84.13
162.87,0,157.88,0,0.2108,-67.88,8.88,1,0.3497,81.12,5.18,1,0.5437,84.82
162.97,0,159.18,0,0.2101,-69.18,8.85,1,0.3507,81.15,4.92,1,0.5455,85.08
163.08,0,161.67,0,0.2086,-71.67,9.00,1,0.3519,81.00,4.40,1,0.5513,85.60
163.20,0,163.03,0,0.2097,-73.03,9.11,1,0.3540,80.89,4.09,1,0.5532,85.91
163.30,0,165.82,0,0.2115,-75.82,9.18,1,0.3584,80.82,3.59,1,0.5538,86.41
163.41,0,167.07,0,0.2106,-77.07,9.18,1,0.3587,80.82,3.43,1,0.5546,86.57
163.53,0,169.50,0,0.2091,-79.50,9.21,1,0.3601,80.79,3.09,1,0.5587,86.91
163.63,0,170.99,0,0.2119,-80.99,9.08,1,0.3648,80.92,2.82,1,0.5583,87.18
163.74,0,173.56,0,0.2118,-83.56,8.58,1,0.3687,81.42,2.49,1,0.5597,87.51
163.85,0,174.69,0,0.2097,-84.69,8.28,1,0.3688,81.72,2.38,1,0.5621,87.62
163.96,0,177.18,0,0.2093,-87.18,7.69,1,0.3733,82.31,2.00,1,0.5668,88.00
164.06,0,178.65,0,0.2121,-88.65,7.34,1,0.3785,82.66,1.73,1,0.5668,88.27
164.18,0,178.84,1,0.2116,-88.84,6.78,1,0.3816,83.22,1.43,1,0.5698,88.57
164.28,0,177.67,1,0.2102,-87.67,6.54,1,0.3820,83.46,1.34,1,0.5719,88.66
164.39,0,176.53,1,0.2089,-86.53,6.37,1,0.3826,83.63,1.24,1,0.5747,88.76
164.50,0,175.41,1,0.2089,-85.41,6.21,1,0.3844,83.79,1.12,1,0.5770,88.88
164.61,0,174.42,1,0.2100,-84.42,6.01,1,0.3871,83.99,1.00,1,0.5777,89.00
164.73,0,173.80,1,0.2099,-83.80,5.72,1,0.3889,84.28,0.94,1,0.5774,89.06
164.85,0,173.73,1,0.2076,-83.73,5.35,1,0.3884,84.65,0.95,1,0.5775,89.05
164.95,0,174.17,1,0.2042,-84.17,4.90,1,0.3859,85.10,1.00,1,0.5786,89.00
165.06,0,175.00,1,0.2010,-85.00,4.38,1,0.3831,85.62,1.02,1,0.5800,88.98
165.16,0,174.96,1,0.2018,-84.96,4.42,1,0.3839,85.58,0.97,1,0.5804,89.03
165.26,0,176.18,1,0.1982,-86.18,3.73,1,0.3807,86.27,1.00,1,0.5795,89.00
165.38,0,177.74,1,0.1950,-87.74,2.94,1,0.3773,87.06,0.97,1,0.5758,89.03
165.49,0,177.74,1,0.1950,-87.74,2.94,1,0.3773,87.06,0.97,1,0.5758,89.03
165.59,0,179.69,1,0.1910,-89.69,2.03,1,0.3710,87.97,0.98,1,0.5699,89.02
165.69,0,179.69,1,0.1910,-89.69,2.03,1,0.3710,87.97,0.98,1,0.5699,89.02
165.81,0,177.99,1,0.1861,-87.99,1.10,1,0.3611,88.90,1.02,1,0.5627,88.98
165.92,0,175.36,1,0.1803,-85.36,0.26,1,0.3490,89.74,1.05,1,0.5539,88.95
166.04,0,172.56,1,0.1747,-82.56,0.48,1,0.3362,89.52,1.02,1,0.5424,88.98
166.16,0,169.72,1,0.1704,-79.72,1.15,1,0.3232,88.85,0.93,1,0.5275,89.07
166.26,0,169.72,1,0.1704,-79.72,1.15,1,0.3232,88.85,0.93,1,0.5275,89.07
166.37,0,166.86,1,0.1672,-76.86,1.78,1,0.3092,88.22,0.84,1,0.5094,89.16
166.49,0,163.86,1,0.1635,-73.86,2.32,1,0.2941,87.68,0.80,1,0.4895,89.20
166.59,0,160.65,1,0.1585,-70.65,2.70,1,0.2779,87.30,0.83,1,0.4698,89.17
166.69,0,157.29,1,0.1534,-67.29,2.89,1,0.2609,87.11,0.85,1,0.4510,89.15
166.79,0,157.29,1,0.1534,-67.29,2.89,1,0.2609,87.11,0.85,1,0.4510,89.15
166.90,0,153.88,1,0.1500,-63.88,2.91,1,0.2449,87.09,0.83,1,0.4326,89.17
167.00,0,150.43,1,0.1487,-60.43,2.85,1,0.2317,87.15,0.76,1,0.4134,89.24
167.11,0,146.71,1,0.1466,-56.71,2.74,1,0.2182,87.26,0.77,1,0.3955,89.23
167.22,0,142.81,1,0.1453,-52.81,2.55,1,0.2055,87.45,0.79,1,0.3787,89.21
167.33,0,142.81,1,0.1453,-52.81,2.55,1,0.2055,87.45,0.79,1,0.3787,89.21
167.44,0,138.70,1,0.1447,-48.70,2.31,1,0.1939,87.69,0.82,1,0.3628,89.18
167.54,0,134.38,1,0.1453,-44.38,2.01,1,0.1834,87.99,0.84,1,0.3480,89.16
167.65,0,129.80,0,0.1471,-39.80,1.68,1,0.1740,88.32,0.87,1,0.3339,89.13
167.76,0,124.92,0,0.1499,-34.92,1.32,1,0.1652,88.68,0.91,1,0.3202,89.09
167.87,0,114.24,0,0.1582,-24.24,0.51,1,0.1490,89.49,0.99,1,0.2954,89.01
167.98,0,108.45,0,0.1640,-18.45,0.06,1,0.1417,89.94,1.04,1,0.2847,88.96
168.09,0,102.72,0,0.1690,-12.72,0.19,1,0.1387,89.81,1.06,1,0.2696,88.94
168.19,0,96.53,0,0.1777,-6.53,0.73,1,0.1347,89.27,1.00,1,0.2612,89.00
168.31,0,90.37,0,0.1836,-0.37,1.22,1,0.1323,88.78,1.05,1,0.2572,88.95
168.42,0,84.81,0,0.1886,5.19,1.62,1,0.1356,88.38,1.04,1,0.2573,88.96
168.53,0,79.50,0,0.1929,10.50,1.98,1,0.1391,88.02,1.05,1,0.2611,88.95
168.65,0,74.40,0,0.1974,15.60,2.34,1,0.1422,87.66,1.06,1,0.2678,88.94
168.75,0,69.63,0,0.2019,20.37,2.72,1,0.1477,87.28,1.00,1,0.2778,89.00
168.86,0,65.30,0,0.2057,24.70,3.04,1,0.1576,86.96,0.86,1,0.2902,89.14
168.96,0,61.38,0,0.2081,28.62,3.24,1,0.1701,86.76,0.71,1,0.3027,89.29
169.06,0,54.16,0,0.2096,35.84,3.39,1,0.1912,86.61,0.58,1,0.3225,89.42
169.18,0,50.72,0,0.2109,39.28,3.54,1,0.1978,86.46,0.59,1,0.3304,89.41
169.30,0,44.46,0,0.2148,45.54,3.96,1,0.2109,86.04,0.53,1,0.3419,89.47
169.40,0,41.75,0,0.2149,48.25,4.08,1,0.2177,85.92,0.49,1,0.3448,89.51
169.50,0,39.21,0,0.2138,50.79,4.11,1,0.2230,85.89,0.52,1,0.3460,89.48
169.61,0,34.24,0,0.2134,55.76,4.15,1,0.2277,85.85,0.74,1,0.3484,89.26
169.73,0,31.88,0,0.2148,58.12,4.19,1,0.2288,85.81,0.82,1,0.3500,89.18
169.85,0,27.79,0,0.2142,62.21,4.03,1,0.2323,85.97,0.92,1,0.3481,89.08
169.96,0,25.96,0,0.2122,64.04,3.81,1,0.2328,86.19,1.05,1,0.3454,88.95
170.06,0,24.02,0,0.2118,65.98,3.61,1,0.2303,86.39,1.27,1,0.3442,88.73
170.18,0,20.44,1,0.2126,69.56,3.27,1,0.2271,86.73,1.56,1,0.3419,88.44
170.30,0,18.83,1,0.2123,71.17,3.11,1,0.2266,86.89,1.66,1,0.3399,88.34
170.42,0,17.40,1,0.2104,72.60,2.88,1,0.2265,87.12,1.77,1,0.3362,88.23
170.52,0,16.02,1,0.2082,73.98,2.63,1,0.2255,87.37,1.93,1,0.3318,88.07
170.64,0,14.57,1,0.2073,75.43,2.43,1,0.2233,87.57,2.14,1,0.3285,87.86
170.74,0,14.57,1,0.2073,75.43,2.43,1,0.2233,87.57,2.14,1,0.3285,87.86
170.85,0,13.09,1,0.2079,76.91,2.32,1,0.2207,87.68,2.32,1,0.3266,87.68
170.97,0,11.69,1,0.2085,78.31,2.28,1,0.2190,87.72,2.43,1,0.3242,87.57
171.09,0,11.69,1,0.2085,78.31,2.28,1,0.2190,87.72,2.43,1,0.3242,87.57
171.20,0,10.47,1,0.2077,79.53,2.21,1,0.2187,87.79,2.49,1,0.3197,87.51
171.30,0,10.47,1,0.2077,79.53,2.21,1,0.2187,87.79,2.49,1,0.3197,87.51
171.40,0,9.38,1,0.2054,80.62,2.08,1,0.2189,87.92,2.55,1,0.3136,87.45
171.50,0,8.30,1,0.2032,81.70,1.92,1,0.2178,88.08,2.64,1,0.3075,87.36
171.61,0,8.30,1,0.2032,81.70,1.92,1,0.2178,88.08,2.64,1,0.3075,87.36
171.71,0,7.14,1,0.2026,82.86,1.83,1,0.2152,88.17,2.73,1,0.3022,87.27
171.82,0,5.94,1,0.2033,84.06,1.83,1,0.2127,88.17,2.74,1,0.2970,87.26
171.94,0,5.94,1,0.2033,84.06,1.83,1,0.2127,88.17,2.74,1,0.2970,87.26
172.05,0,4.84,1,0.2036,85.16,1.87,1,0.2113,88.13,2.65,1,0.2906,87.35
172.17,0,3.90,1,0.2024,86.10,1.87,1,0.2109,88.13,2.49,1,0.2823,87.51
172.28,0,3.90,1,0.2024,86.10,1.87,1,0.2109,88.13,2.49,1,0.2823,87.51
172.39,0,3.07,1,0.2000,86.93,1.79,1,0.2100,88.21,2.33,1,0.2728,87.67
172.49,0,3.07,1,0.2000,86.93,1.79,1,0.2100,88.21,2.33,1,0.2728,87.67
172.60,0,2.21,1,0.1980,87.79,1.71,1,0.2078,88.29,2.21,1,0.2638,87.79
172.70,0,1.27,1,0.1977,88.73,1.69,1,0.2069,88.31,2.26,1,0.2637,87.74
172.81,0,1.27,1,0.1977,88.73,1.69,1,0.2047,88.31,2.09,1,0.2558,87.91
172.93,0,0.31,1,0.1984,89.69,1.76,1,0.2017,88.24,1.93,1,0.2487,88.07
173.04,0,0.31,1,0.1984,89.69,1.76,1,0.2017,88.24,1.93,1,0.2487,88.07
173.15,0,0.55,1,0.1985,89.45,1.85,1,0.1995,88.15,1.71,1,0.2412,88.29
173.25,0,0.55,1,0.1985,89.45,1.85,1,0.1995,88.15,1.71,1,0.2412,88.29
173.35,0,1.26,1,0.1970,88.74,1.88,1,0.1977,88.12,1.46,1,0.2323,88.54
173.46,0,1.26,1,0.1970,88.74,1.88,1,0.1977,88.12,1.46,1,0.2323,88.54
173.57,0,1.89,1,0.1945,88.11,1.84,1,0.1954,88.16,1.26,1,0.2230,88.74
173.68,0,2.55,1,0.1928,87.45,1.81,1,0.1921,88.19,1.13,1,0.2145,88.87
173.78,0,2.55,1,0.1928,87.45,1.81,1,0.1921,88.19,1.13,1,0.2145,88.87
173.90,0,3.30,1,0.1928,86.70,1.84,1,0.1882,88.16,1.03,1,0.2072,88.97
174.01,0,3.39,1,0.1941,86.61,1.91,1,0.1874,88.09,1.03,1,0.2085,88.97
174.11,0,4.06,1,0.1936,85.94,1.95,1,0.1841,88.05,0.90,1,0.2007,89.10
174.21,0,4.06,1,0.1936,85.94,1.95,1,0.1841,88.05,0.90,1,0.2007,89.10
174.33,0,4.70,1,0.1935,85.30,2.06,1,0.1806,87.94,0.72,1,0.1936,89.28
174.44,0,4.70,1,0.1935,85.30,2.06,1,0.1806,87.94,0.72,1,0.1936,89.28
174.54,0,5.20,1,0.1918,84.80,2.11,1,0.1778,87.89,0.55,1,0.1852,89.45
174.64,0,5.20,1,0.1918,84.80,2.11,1,0.1778,87.89,0.55,1,0.1852,89.45
174.74,0,5.64,1,0.1894,84.36,2.10,1,0.1751,87.90,0.45,1,0.1760,89.55
174.84,0,5.64,1,0.1894,84.36,2.10,1,0.1751,87.90,0.45,1,0.1760,89.55
174.95,0,6.14,1,0.1880,83.86,2.09,1,0.1715,87.91,0.45,1,0.1674,89.55
175.05,0,6.14,1,0.1880,83.86,2.09,1,0.1715,87.91,0.45,1,0.1674,89.55
175.16,0,6.72,1,0.1883,83.28,2.15,1,0.1668,87.85,0.47,1,0.1603,89.53
175.28,0,7.28,1,0.1892,82.72,2.28,1,0.1620,87.72,0.45,1,0.1541,89.55
175.40,0,7.28,1,0.1892,82.72,2.28,1,0.1620,87.72,0.45,1,0.1541,89.55
175.52,0,7.72,1,0.1889,82.28,2.40,1,0.1586,87.60,0.38,1,0.1471,89.62
175.62,0,7.72,1,0.1889,82.28,2.40,1,0.1586,87.60,0.38,1,0.1471,89.62
175.72,0,8.03,1,0.1870,81.97,2.44,1,0.1564,87.56,0.34,1,0.1385,89.66
175.83,0,8.03,1,0.1870,81.97,2.44,1,0.1564,87.56,0.34,1,0.1385,89.66
175.93,0,8.30,1,0.1848,81.70,2.41,1,0.1539,87.59,0.39,1,0.1294,89.61
176.03,0,8.30,1,0.1848,81.70,2.41,1,0.1539,87.59,0.39,1,0.1294,89.61
176.14,0,8.63,1,0.1838,81.37,2.39,1,0.1498,87.61,0.52,1,0.1218,89.48
176.25,0,9.05,1,0.1844,80.95,2.46,1,0.1446,87.54,0.65,1,0.1157,89.35
176.37,0,9.05,1,0.1844,80.95,2.46,1,0.1446,87.54,0.65,1,0.1157,89.35
176.47,0,9.43,1,0.1854,80.57,2.58,1,0.1401,87.42,0.73,1,0.1101,89.27
176.57,0,9.43,1,0.1854,80.57,2.58,1,0.1401,87.42,0.73,1,0.1101,89.27
176.68,0,9.68,1,0.1849,80.32,2.68,1,0.1372,87.32,0.75,1,0.1039,89.25
176.79,0,9.68,1,0.1849,80.32,2.68,1,0.1372,87.32,0.75,1,0.1039,89.25
176.90,0,9.80,1,0.1830,80.20,2.67,1,0.1351,87.33,0.81,1,0.0966,89.19
177.00,0,9.80,1,0.1830,80.20,2.67,1,0.1351,87.33,0.81,1,0.0966,89.19
177.12,0,9.91,1,0.1810,80.09,2.60,1,0.1324,87.40,0.96,1,0.0891,89.04
177.22,0,10.10,1,0.1805,79.90,2.54,1,0.1319,87.46,1.03,1,0.0881,88.97
177.33,0,10.10,1,0.1805,79.90,2.57,1,0.1280,87.43,1.17,1,0.0830,88.83
177.43,0,10.35,1,0.1814,79.65,2.60,1,0.1269,87.40,1.21,1,0.0836,88.79
177.54,0,10.35,1,0.1814,79.65,2.63,1,0.1229,87.37,1.36,1,0.0786,88.64
177.64,0,10.35,1,0.1814,79.65,2.63,1,0.1229,87.37,1.36,1,0.0786,88.64
177.75,0,10.56,1,0.1824,79.44,2.74,1,0.1186,87.26,1.48,1,0.0747,88.52
177.86,0,10.62,1,0.1818,79.38,2.79,1,0.1161,87.21,1.39,1,0.0752,88.61
177.96,0,10.62,1,0.1818,79.38,2.79,1,0.1161,87.21,1.56,1,0.0703,88.44
178.06,0,10.58,1,0.1799,79.42,2.73,1,0.1142,87.27,1.51,1,0.0693,88.49
178.17,0,10.58,1,0.1799,79.42,2.73,1,0.1142,87.27,1.68,1,0.0653,88.32
178.27,0,10.53,1,0.1782,79.47,2.63,1,0.1111,87.37,1.70,1,0.0636,88.30
178.38,0,10.53,1,0.1782,79.47,2.63,1,0.1111,87.37,1.89,1,0.0600,88.11
178.48,0,10.53,1,0.1782,79.47,2.63,1,0.1111,87.37,1.89,1,0.0600,88.11
178.58,0,10.58,1,0.1781,79.42,2.59,1,0.1065,87.41,2.15,1,0.0552,87.85
178.68,0,10.58,1,0.1781,79.42,2.59,1,0.1065,87.41,2.15,1,0.0552,87.85
178.80,0,10.68,1,0.1793,79.32,2.64,1,0.1016,87.36,2.37,1,0.0515,87.63
178.90,0,10.68,1,0.1793,79.32,2.64,1,0.1016,87.36,2.37,1,0.0515,87.63
179.01,0,10.71,1,0.1802,79.29,2.72,1,0.0979,87.28,2.53,1,0.0480,87.47
179.11,0,10.71,1,0.1802,79.29,2.72,1,0.0979,87.28,2.53,1,0.0480,87.47
179.23,0,10.59,1,0.1796,79.41,2.72,1,0.0955,87.28,2.69,1,0.0428,87.31
179.33,0,10.59,1,0.1796,79.41,2.72,1,0.0955,87.28,2.69,1,0.0428,87.31
179.43,0,10.38,1,0.1777,79.62,2.63,1,0.0934,87.37,2.96,1,0.0357,87.04
179.53,0,10.38,1,0.1777,79.62,2.63,1,0.0934,87.37,2.96,1,0.0357,87.04
179.65,0,10.20,1,0.1764,79.80,2.52,1,0.0903,87.48,3.28,1,0.0283,86.72
179.77,0,10.23,1,0.1766,79.77,2.48,1,0.0895,87.52,3.35,1,0.0278,86.65
179.88,0,10.11,1,0.1768,79.89,2.47,1,0.0858,87.53,3.60,1,0.0229,86.40
179.99,0,10.06,1,0.1783,79.94,2.52,1,0.0810,87.48,3.89,1,0.0204,86.11
180.10,0,10.06,1,0.1783,79.94,2.52,1,0.0810,87.48,3.89,1,0.0204,86.11
180.21,0,9.92,1,0.1792,80.08,2.60,1,0.0778,87.40,4.18,1,0.0203,85.82
180.32,0,9.92,1,0.1792,80.08,2.60,1,0.0778,87.40,4.18,1,0.0203,85.82
180.44,0,9.64,1,0.1786,80.36,2.61,1,0.0761,87.39,4.47,1,0.0216,85.53
180.54,0,9.64,1,0.1786,80.36,2.61,1,0.0761,87.39,4.47,1,0.0216,85.53
180.66,0,9.28,1,0.1770,80.72,2.55,1,0.0744,87.45,4.73,1,0.0243,85.27
180.76,0,9.28,1,0.1770,80.72,2.55,1,0.0744,87.45,4.73,1,0.0243,85.27
180.87,0,8.97,1,0.1761,81.03,2.50,1,0.0715,87.50,4.96,1,0.0283,85.04
180.98,0,8.97,1,0.1761,81.03,2.50,1,0.0715,87.50,4.96,1,0.0283,85.04
181.09,0,8.74,1,0.1768,81.26,2.54,1,0.0676,87.46,5.17,1,0.0335,84.83
181.21,0,8.53,1,0.1785,81.47,2.67,1,0.0641,87.33,5.37,1,0.0392,84.63
181.32,0,8.53,1,0.1785,81.47,2.67,1,0.0641,87.33,5.37,1,0.0392,84.63
181.44,0,8.23,1,0.1795,81.77,2.82,1,0.0620,87.18,5.49,1,0.0441,84.51
181.55,0,8.23,1,0.1795,81.77,2.82,1,0.0620,87.18,5.49,1,0.0441,84.51
181.67,0,7.78,1,0.1790,82.22,2.89,1,0.0610,87.11,5.52,1,0.0476,84.48
181.77,0,7.28,1,0.1775,82.72,2.90,1,0.0599,87.10,5.52,1,0.0505,84.48
181.89,0,7.28,1,0.1775,82.72,2.90,1,0.0599,87.10,5.52,1,0.0505,84.48
182.01,0,6.83,1,0.1769,83.17,2.94,1,0.0578,87.06,5.53,1,0.0543,84.47
182.12,0,6.47,1,0.1780,83.53,3.08,1,0.0547,86.92,5.51,1,0.0591,84.49
182.24,0,6.47,1,0.1780,83.53,3.08,1,0.0547,86.92,5.51,1,0.0591,84.49
182.35,0,6.11,1,0.1800,83.89,3.31,1,0.0517,86.69,5.34,1,0.0631,84.66
182.45,0,6.11,1,0.1800,83.89,3.31,1,0.0517,86.69,5.34,1,0.0631,84.66
182.56,0,5.64,1,0.1810,84.36,3.56,1,0.0500,86.44,4.98,1,0.0652,85.02
182.67,0,5.03,1,0.1804,84.97,3.53,1,0.0518,86.47,4.91,1,0.0638,85.09
182.79,0,5.03,1,0.1804,84.97,3.73,1,0.0495,86.27,4.53,1,0.0662,85.47
182.90,0,4.37,1,0.1792,85.63,3.85,1,0.0488,86.15,4.08,1,0.0679,85.92
183.01,0,4.37,1,0.1792,85.63,3.85,1,0.0488,86.15,4.08,1,0.0679,85.92
183.12,0,3.79,1,0.1790,86.21,4.00,1,0.0469,86.00,3.63,1,0.0710,86.37
183.22,0,3.79,1,0.1790,86.21,4.00,1,0.0469,86.00,3.63,1,0.0710,86.37
183.33,0,3.30,1,0.1805,86.70,4.25,1,0.0439,85.75,3.09,1,0.0741,86.91
183.43,0,3.30,1,0.1805,86.70,4.25,1,0.0439,85.75,3.09,1,0.0741,86.91
183.55,0,2.79,1,0.1827,87.21,4.59,1,0.0412,85.41,2.40,1,0.0760,87.60
183.65,0,2.79,1,0.1827,87.21,4.59,1,0.0412,85.41,2.40,1,0.0760,87.60
183.76,0,2.15,1,0.1837,87.85,4.92,1,0.0396,85.08,1.62,1,0.0765,88.38
183.88,0,1.37,1,0.1832,88.63,5.16,1,0.0393,84.84,0.85,1,0.0766,89.15
183.99,0,1.37,1,0.1832,88.63,5.16,1,0.0393,84.84,0.85,1,0.0766,89.15
184.09,0,0.58,1,0.1821,89.42,5.33,1,0.0389,84.67,0.15,1,0.0776,89.85
184.21,0,0.58,1,0.1821,89.42,5.33,1,0.0389,84.67,0.15,1,0.0776,89.85
184.33,0,0.13,1,0.1824,89.87,5.54,1,0.0374,84.46,0.47,1,0.0799,89.53
184.44,0,0.76,1,0.1842,89.24,5.86,1,0.0343,84.14,1.07,1,0.0825,88.93
184.56,0,0.76,1,0.1842,89.24,5.86,1,0.0343,84.14,1.07,1,0.0825,88.93
184.67,0,1.43,1,0.1865,88.57,6.25,1,0.0314,83.75,1.70,1,0.0840,88.30
184.77,0,1.43,1,0.1865,88.57,6.25,1,0.0314,83.75,1.70,1,0.0840,88.30
184.88,0,2.24,1,0.1875,87.76,6.59,1,0.0303,83.41,2.33,1,0.0840,87.67
184.98,0,2.24,1,0.1875,87.76,6.59,1,0.0303,83.41,2.33,1,0.0840,87.67
185.09,0,3.17,1,0.1870,86.83,6.82,1,0.0307,83.18,2.86,1,0.0836,87.14
185.21,0,3.28,1,0.1852,86.72,6.71,1,0.0321,83.29,2.83,1,0.0829,87.17
185.31,0,4.10,1,0.1863,85.90,6.99,1,0.0305,83.01,3.24,1,0.0841,86.76
185.41,0,4.10,1,0.1863,85.90,6.99,1,0.0305,83.01,3.24,1,0.0841,86.76
185.53,0,4.94,1,0.1868,85.06,7.20,1,0.0288,82.80,3.49,1,0.0858,86.51
185.64,0,4.94,1,0.1868,85.06,7.20,1,0.0288,82.80,3.49,1,0.0858,86.51
185.74,0,5.70,1,0.1889,84.30,7.51,1,0.0261,82.49,3.69,1,0.0878,86.31
185.86,0,5.70,1,0.1889,84.30,7.51,1,0.0261,82.49,3.69,1,0.0878,86.31
185.98,0,6.53,1,0.1912,83.47,7.84,1,0.0241,82.16,3.90,1,0.0885,86.10
186.09,0,7.51,1,0.1923,82.49,8.04,1,0.0242,81.96,4.07,1,0.0878,85.93
186.21,0,7.51,1,0.1923,82.49,8.04,1,0.0242,81.96,4.07,1,0.0878,85.93
186.31,0,8.59,1,0.1919,81.41,8.09,1,0.0255,81.91,4.09,1,0.0865,85.91
186.43,0,8.59,1,0.1919,81.41,8.09,1,0.0255,81.91,4.09,1,0.0865,85.91
186.54,0,9.65,1,0.1914,80.35,8.05,1,0.0263,81.95,3.94,1,0.0860,86.06
186.65,0,9.65,1,0.1914,80.35,8.05,1,0.0263,81.95,3.94,1,0.0860,86.06
186.76,0,10.61,1,0.1922,79.39,8.05,1,0.0257,81.95,3.67,1,0.0867,86.33
186.86,0,10.61,1,0.1922,79.39,8.05,1,0.0257,81.95,3.67,1,0.0867,86.33
186.96,0,11.52,1,0.1945,78.48,8.13,1,0.0243,81.87,3.39,1,0.0877,86.61
187.06,0,11.52,1,0.1945,78.48,8.13,1,0.0243,81.87,3.39,1,0.0877,86.61
187.16,0,11.52,1,0.1945,78.48,8.13,1,0.0243,81.87,3.39,1,0.0877,86.61
187.27,0,12.50,1,0.1969,77.50,8.21,1,0.0239,81.79,3.12,1,0.0877,86.88
187.38,0,12.50,1,0.1969,77.50,8.21,1,0.0239,81.79,3.12,1,0.0877,86.88
187.48,0,13.63,1,0.1980,76.37,8.18,1,0.0253,81.82,2.81,1,0.0861,87.19
187.58,0,13.63,1,0.1980,76.37,8.18,1,0.0253,81.82,2.81,1,0.0861,87.19
187.69,0,14.86,1,0.1977,75.14,8.03,1,0.0274,81.97,2.37,1,0.0839,87.63
187.79,0,14.86,1,0.1977,75.14,8.03,1,0.0274,81.97,2.37,1,0.0839,87.63
187.90,0,16.04,0,0.1973,73.96,7.84,1,0.0287,82.16,1.80,1,0.0827,88.20
188.00,0,16.04,0,0.1973,73.96,7.84,1,0.0287,82.16,1.80,1,0.0827,88.20
188.11,0,17.12,0,0.1984,72.88,7.70,1,0.0286,82.30,1.17,1,0.0828,88.83
188.21,0,17.12,0,0.1984,72.88,7.70,1,0.0286,82.30,1.17,1,0.0828,88.83
188.31,0,18.16,1,0.2008,71.84,7.65,1,0.0280,82.35,0.58,1,0.0834,89.42
188.41,0,18.16,1,0.2008,71.84,7.65,1,0.0280,82.35,0.58,1,0.0834,89.42
188.52,0,19.30,1,0.2033,70.70,7.58,1,0.0285,82.42,0.05,1,0.0830,89.95
188.63,0,19.30,1,0.2033,70.70,7.58,1,0.0285,82.42,0.05,1,0.0830,89.95
188.73,0,20.59,1,0.2043,69.41,7.42,1,0.0306,82.58,0.48,1,0.0811,89.52
188.83,0,20.59,1,0.2043,69.41,7.42,1,0.0306,82.58,0.48,1,0.0811,89.52
188.95,0,21.95,1,0.2040,68.05,7.16,1,0.0331,82.84,1.09,1,0.0788,88.91
189.05,0,21.95,1,0.2040,68.05,7.16,1,0.0331,82.84,1.09,1,0.0788,88.91
189.16,0,23.25,1,0.2038,66.75,6.88,1,0.0346,83.12,1.76,1,0.0776,88.24
189.26,0,23.25,1,0.2038,66.75,6.88,1,0.0346,83.12,1.76,1,0.0776,88.24
189.36,0,24.43,1,0.2050,65.57,6.68,1,0.0348,83.32,2.42,1,0.0781,87.58
189.46,0,24.43,1,0.2050,65.57,6.68,1,0.0348,83.32,2.42,1,0.0781,87.58
189.58,0,25.60,1,0.2076,64.40,6.56,1,0.0346,83.44,2.98,1,0.0792,87.02
189.69,0,25.60,1,0.2076,64.40,6.56,1,0.0346,83.44,2.98,1,0.0792,87.02
189.79,0,26.87,1,0.2100,63.13,6.44,1,0.0357,83.56,3.41,1,0.0793,86.59
189.91,0,26.87,0,0.2100,63.13,6.44,1,0.0357,83.56,3.41,1,0.0793,86.59
190.01,0,28.30,0,0.2110,61.70,6.23,1,0.0382,83.77,3.80,1,0.0781,86.20
190.13,0,28.30,0,0.2110,61.70,6.23,1,0.0382,83.77,3.80,1,0.0781,86.20
190.23,0,29.78,1,0.2106,60.22,5.91,1,0.0409,84.09,4.22,1,0.0767,85.78
190.33,0,31.17,1,0.2105,58.83,5.82,1,0.0413,84.18,4.28,1,0.0759,85.72
190.45,0,31.17,1,0.2105,58.83,5.61,1,0.0423,84.39,4.64,1,0.0766,85.36
190.57,0,32.46,1,0.2119,57.54,5.41,1,0.0422,84.59,4.99,1,0.0782,85.01
190.68,0,32.46,1,0.2119,57.54,5.41,1,0.0422,84.59,4.99,1,0.0782,85.01
190.80,0,33.74,1,0.2144,56.26,5.29,1,0.0422,84.71,5.18,1,0.0801,84.82
190.90,0,33.74,1,0.2144,56.26,5.29,1,0.0422,84.71,5.18,1,0.0801,84.82
191.00,0,35.16,1,0.2167,54.84,5.16,1,0.0435,84.84,5.25,1,0.0810,84.75
191.11,0,35.16,1,0.2167,54.84,5.16,1,0.0435,84.84,5.25,1,0.0810,84.75
191.21,0,36.72,0,0.2176,53.28,4.94,1,0.0460,85.06,5.32,1,0.0805,84.68
191.31,0,36.72,0,0.2176,53.28,4.94,1,0.0460,85.06,5.32,1,0.0805,84.68
191.41,0,36.72,0,0.2176,53.28,4.94,1,0.0460,85.06,5.32,1,0.0805,84.68
191.52,0,38.30,0,0.2172,51.70,4.67,1,0.0483,85.33,5.43,1,0.0796,84.57
191.62,0,39.78,0,0.2172,50.22,4.44,1,0.0490,85.56,5.50,1,0.0789,84.50
191.74,0,39.78,0,0.2172,50.22,4.44,1,0.0490,85.56,5.55,1,0.0798,84.45
191.84,0,41.16,0,0.2186,48.84,4.30,1,0.0485,85.70,5.59,1,0.0815,84.41
191.95,0,41.16,0,0.2186,48.84,4.30,1,0.0485,85.70,5.59,1,0.0815,84.41
192.06,0,42.57,0,0.2211,47.43,4.24,1,0.0483,85.76,5.53,1,0.0836,84.47
192.17,0,42.57,0,0.2211,47.43,4.24,1,0.0483,85.76,5.53,1,0.0836,84.47
192.29,0,45.80,0,0.2240,44.20,4.02,1,0.0520,85.98,5.27,1,0.0839,84.73
192.41,0,47.49,0,0.2236,42.51,3.83,1,0.0537,86.17,5.20,1,0.0831,84.80
192.51,0,49.06,0,0.2235,40.94,3.69,1,0.0538,86.31,5.15,1,0.0834,84.85
192.62,0,50.54,0,0.2249,39.46,3.64,1,0.0528,86.36,5.08,1,0.0850,84.92
192.72,0,52.04,0,0.2274,37.96,3.69,1,0.0525,86.31,4.94,1,0.0869,85.06
192.84,0,55.51,0,0.2300,34.49,3.67,1,0.0559,86.33,4.54,1,0.0875,85.46
192.96,0,57.27,0,0.2296,32.73,3.56,1,0.0570,86.44,4.42,1,0.0869,85.58
193.06,0,58.88,0,0.2295,31.12,3.52,1,0.0565,86.48,4.35,1,0.0873,85.65
193.16,0,60.42,0,0.2309,29.58,3.61,1,0.0552,86.39,4.30,1,0.0890,85.70
193.26,0,62.03,0,0.2333,27.97,3.77,1,0.0549,86.23,4.18,1,0.0910,85.82
193.36,0,63.81,0,0.2353,26.19,3.88,1,0.0561,86.12,4.00,1,0.0921,86.00
193.48,0,67.47,0,0.2351,22.53,3.88,1,0.0584,86.12,3.80,1,0.0910,86.20
193.60,0,69.14,0,0.2351,20.86,3.95,1,0.0574,86.05,3.81,1,0.0910,86.19
193.71,0,70.75,0,0.2365,19.25,4.14,1,0.0560,85.86,3.77,1,0.0926,86.23
193.82,0,72.43,0,0.2387,17.57,4.38,1,0.0557,85.62,3.63,1,0.0946,86.37
193.92,0,74.47,0,0.2399,15.53,4.46,1,0.0588,85.54,3.41,1,0.0942,86.59
194.04,0,78.06,0,0.2401,11.94,4.68,1,0.0586,85.32,3.44,1,0.0930,86.56
194.15,0,79.74,0,0.2400,10.26,4.84,1,0.0573,85.16,3.48,1,0.0928,86.52
194.25,0,81.40,0,0.2412,8.60,5.11,1,0.0558,84.89,3.42,1,0.0944,86.58
194.35,0,83.17,0,0.2434,6.83,5.38,1,0.0557,84.62,3.31,1,0.0961,86.69
194.46,0,85.08,0,0.2449,4.92,5.57,1,0.0570,84.43,3.24,1,0.0960,86.76
194.57,0,87.08,0,0.2436,2.92,5.60,1,0.0585,84.40,3.33,1,0.0926,86.67
194.68,0,90.56,0,0.2440,-0.56,6.00,1,0.0565,84.00,3.43,1,0.0923,86.57
194.79,0,92.22,0,0.2452,-2.22,6.28,1,0.0552,83.72,3.46,1,0.0936,86.54
194.89,0,94.00,0,0.2471,-4.00,6.56,1,0.0554,83.44,3.49,1,0.0944,86.51
195.01,0,95.93,0,0.2485,-5.93,6.76,1,0.0568,83.24,3.55,1,0.0935,86.45
195.12,0,97.91,0,0.2472,-7.91,6.77,1,0.0580,83.23,3.69,1,0.0899,86.31
195.23,0,101.31,0,0.2472,-11.31,7.14,1,0.0561,82.86,3.91,1,0.0896,86.09
195.34,0,102.99,0,0.2482,-12.99,7.39,1,0.0551,82.61,4.08,1,0.0902,85.92
195.46,0,104.79,0,0.2501,-14.79,7.62,1,0.0558,82.38,4.21,1,0.0902,85.79
195.57,0,106.70,0,0.2513,-16.70,7.74,1,0.0576,82.26,4.28,1,0.0890,85.72
195.67,0,108.58,0,0.2497,-18.58,7.69,1,0.0585,82.31,4.44,1,0.0857,85.56
195.78,0,111.93,0,0.2494,-21.93,7.89,1,0.0571,82.11,4.88,1,0.0845,85.12
195.89,0,113.56,0,0.2504,-23.56,8.05,1,0.0567,81.95,5.11,1,0.0847,84.89
196.00,0,115.32,0,0.2521,-25.32,8.17,1,0.0581,81.83,5.21,1,0.0846,84.79
196.10,0,117.20,0,0.2531,-27.20,8.16,1,0.0601,81.84,5.27,1,0.0834,84.73
196.21,0,119.01,0,0.2526,-29.01,8.06,1,0.0613,81.94,5.45,1,0.0810,84.55
196.31,0,120.53,0,0.2508,-30.53,8.00,1,0.0599,82.00,5.82,1,0.0794,84.18
196.42,0,123.77,0,0.2516,-33.77,7.89,1,0.0601,82.11,6.07,1,0.0806,83.93
196.53,0,125.49,0,0.2532,-35.49,7.65,1,0.0620,82.35,5.87,1,0.0829,84.13
196.65,0,127.27,0,0.2540,-37.27,7.17,1,0.0648,82.83,5.67,1,0.0839,84.33
196.77,0,128.94,0,0.2522,-38.94,6.48,1,0.0664,83.52,5.69,1,0.0820,84.31
196.88,0,131.99,0,0.2513,-41.99,5.35,1,0.0709,84.65,5.63,1,0.0865,84.37
197.00,0,133.50,0,0.2520,-43.50,4.75,1,0.0750,85.25,5.47,1,0.0907,84.53
197.11,0,135.17,0,0.2534,-45.17,3.97,1,0.0814,86.03,5.33,1,0.0928,84.67
197.22,0,136.88,0,0.2541,-46.88,3.00,1,0.0890,87.00,5.25,1,0.0932,84.75
197.32,0,138.42,0,0.2521,-48.42,1.93,1,0.0949,88.07,5.25,1,0.0938,84.75
197.43,0,141.30,0,0.2510,-51.30,0.26,1,0.1078,89.74,4.66,1,0.1038,85.34
197.53,0,142.77,0,0.2516,-52.77,0.51,1,0.1152,89.49,4.16,1,0.1102,85.84
197.64,0,144.36,0,0.2530,-54.36,1.32,1,0.1235,88.68,3.59,1,0.1159,86.41
197.75,0,145.97,0,0.2534,-55.97,2.16,1,0.1314,87.84,3.01,1,0.1207,86.99
197.86,0,147.47,0,0.2525,-57.47,2.92,1,0.1376,87.08,2.46,1,0.1256,87.54
197.98,0,150.14,0,0.2499,-60.14,4.08,1,0.1471,85.92,1.33,1,0.1395,88.67
198.09,0,151.56,0,0.2505,-61.56,4.57,1,0.1524,85.43,0.70,1,0.1466,89.30
198.20,0,153.10,0,0.2517,-63.10,5.06,1,0.1586,84.94,0.07,1,0.1520,89.93
198.30,0,154.64,0,0.2521,-64.64,5.53,1,0.1645,84.47,0.47,1,0.1559,89.53
198.41,0,155.97,0,0.2498,-65.97,5.96,1,0.1674,84.04,0.84,1,0.1595,89.16
198.52,0,158.59,0,0.2482,-68.59,6.46,1,0.1730,83.54,1.58,1,0.1702,88.42
198.64,0,159.97,0,0.2487,-69.97,6.58,1,0.1768,83.42,1.94,1,0.1752,88.06
198.75,0,161.45,0,0.2498,-71.45,6.66,1,0.1816,83.34,2.26,1,0.1784,87.74
198.87,0,164.25,0,0.2486,-74.25,6.71,1,0.1874,83.29,2.52,1,0.1821,87.48
198.98,0,165.47,0,0.2467,-75.47,6.56,1,0.1877,83.44,2.50,1,0.1855,87.50
199.09,0,166.70,0,0.2457,-76.70,6.23,1,0.1887,83.77,2.47,1,0.1899,87.53
199.19,0,168.04,0,0.2461,-78.04,5.78,1,0.1916,84.22,2.47,1,0.1935,87.53
199.30,0,170.89,0,0.2470,-80.89,4.86,1,0.1973,85.14,2.23,1,0.1963,87.77
199.42,0,172.16,0,0.2455,-82.16,4.31,1,0.1974,85.69,1.92,1,0.1977,88.08
199.53,0,173.28,0,0.2433,-83.28,3.53,1,0.1965,86.47,1.57,1,0.2022,88.43
199.64,0,175.87,0,0.2427,-85.87,1.85,1,0.2002,88.15,0.92,1,0.2079,89.08
199.76,0,177.28,0,0.2436,-87.28,1.00,1,0.2030,89.00,0.58,1,0.2094,89.42
199.87,0,178.64,0,0.2433,-88.64,0.20,1,0.2046,89.80,0.14,1,0.2102,89.86
199.98,0,178.98,0,0.2394,-88.98,1.60,1,0.2058,88.40,0.91,1,0.2156,89.09
