t,push,gtbot_delta_deg,gtbot_valid,gtbot_station_err,gtbot_phi_deg,gtbot2_delta_deg,gtbot2_valid,gtbot2_station_err,gtbot2_phi_deg,gtbot3_delta_deg,gtbot3_valid,gtbot3_station_err,gtbot3_phi_deg
0.90,0,0.43,1,0.0604,89.57,9.10,1,0.0542,80.90,4.33,1,0.0095,85.67
1.01,0,0.43,1,0.0604,89.57,9.10,1,0.0542,80.90,4.33,1,0.0095,85.67
1.12,0,1.22,1,0.0616,88.78,8.26,1,0.0513,81.74,4.77,1,0.0120,85.23
1.23,0,2.03,1,0.0627,87.97,7.33,1,0.0491,82.67,5.18,1,0.0154,84.82
1.34,0,2.84,1,0.0641,87.16,7.33,1,0.0491,82.67,5.18,1,0.0154,84.82
1.45,0,2.84,1,0.0641,87.16,6.35,1,0.0477,83.65,5.57,1,0.0193,84.43
1.56,0,3.61,1,0.0654,86.39,5.35,1,0.0468,84.65,5.93,1,0.0235,84.07
1.66,0,4.32,1,0.0671,85.68,4.29,1,0.0459,85.71,6.27,1,0.0282,83.73
1.77,0,4.95,1,0.0687,85.05,3.27,1,0.0460,86.73,6.54,1,0.0326,83.46
1.88,0,5.52,1,0.0706,84.48,2.25,1,0.0468,87.75,6.80,1,0.0373,83.20
1.99,0,6.02,1,0.0731,83.98,1.27,1,0.0481,88.73,7.02,1,0.0417,82.98
2.10,0,6.02,1,0.0731,83.98,1.27,1,0.0481,88.73,7.02,1,0.0417,82.98
2.21,0,6.42,1,0.0762,83.58,0.34,1,0.0495,89.66,7.22,1,0.0457,82.78
2.32,0,6.73,1,0.0799,83.27,0.53,1,0.0511,89.47,7.45,1,0.0497,82.55
2.42,0,6.93,1,0.0835,83.07,0.54,1,0.0510,89.46,7.46,1,0.0498,82.54
2.53,0,6.93,1,0.0835,83.07,1.34,1,0.0527,88.66,7.74,1,0.0540,82.26
2.64,0,7.08,1,0.0871,82.92,2.08,1,0.0544,87.92,8.04,1,0.0581,81.96
2.74,0,7.21,1,0.0907,82.79,2.09,1,0.0543,87.91,8.05,1,0.0582,81.95
2.85,0,7.21,1,0.0907,82.79,2.76,1,0.0560,87.24,8.31,1,0.0615,81.69
2.96,0,7.32,1,0.0946,82.68,3.37,1,0.0575,86.63,8.57,1,0.0645,81.43
3.06,0,7.40,1,0.0984,82.60,3.90,1,0.0589,86.10,8.81,1,0.0673,81.19
3.17,0,7.40,1,0.0984,82.60,3.90,1,0.0589,86.10,8.81,1,0.0673,81.19
3.27,0,7.47,1,0.1016,82.53,4.35,1,0.0600,85.65,9.00,1,0.0701,81.00
3.38,0,7.54,1,0.1044,82.46,4.72,1,0.0611,85.28,9.07,1,0.0726,80.93
3.50,0,7.62,1,0.1073,82.38,5.00,1,0.0620,85.00,8.97,1,0.0742,81.03
3.60,0,7.62,1,0.1073,82.38,5.00,1,0.0620,85.00,8.97,1,0.0742,81.03
3.71,0,7.67,1,0.1102,82.33,5.20,1,0.0627,84.80,8.67,1,0.0748,81.33
3.82,0,7.69,1,0.1130,82.31,5.31,1,0.0632,84.69,8.19,1,0.0749,81.81
3.93,0,7.67,1,0.1156,82.33,5.33,1,0.0635,84.67,7.57,1,0.0749,82.43
4.04,0,7.67,1,0.1156,82.33,5.33,1,0.0635,84.67,7.57,1,0.0749,82.43
4.16,0,7.65,1,0.1179,82.35,5.27,1,0.0637,84.73,6.78,1,0.0747,83.22
4.27,0,7.62,1,0.1204,82.38,5.13,1,0.0637,84.87,5.87,1,0.0741,84.13
4.37,0,7.57,1,0.1231,82.43,4.93,1,0.0636,85.07,4.87,1,0.0734,85.13
4.49,0,7.49,1,0.1257,82.51,4.66,1,0.0634,85.34,3.83,1,0.0729,86.17
4.60,0,7.37,1,0.1283,82.63,4.30,1,0.0630,85.70,2.81,1,0.0729,87.19
4.71,0,7.37,1,0.1283,82.63,4.30,1,0.0630,85.70,2.81,1,0.0729,87.19
4.83,0,7.23,1,0.1307,82.77,3.84,1,0.0624,86.16,1.80,1,0.0733,88.20
4.93,0,7.08,1,0.1331,82.92,3.27,1,0.0616,86.73,0.83,1,0.0738,89.17
5.04,0,7.08,1,0.1331,82.92,3.27,1,0.0616,86.73,0.83,1,0.0738,89.17
5.15,0,6.92,1,0.1357,83.08,2.63,1,0.0607,87.37,0.10,1,0.0744,89.90
5.26,0,6.72,1,0.1384,83.28,1.94,1,0.0596,88.06,0.98,1,0.0750,89.02
5.36,0,6.72,1,0.1384,83.28,1.94,1,0.0596,88.06,0.98,1,0.0750,89.02
5.47,0,6.50,1,0.1411,83.50,1.20,1,0.0587,88.80,1.77,1,0.0759,88.23
5.58,0,6.50,1,0.1411,83.50,1.20,1,0.0587,88.80,1.77,1,0.0759,88.23
5.69,0,6.26,1,0.1436,83.74,0.43,1,0.0579,89.57,2.50,1,0.0768,87.50
5.80,0,6.02,1,0.1461,83.98,0.38,1,0.0574,89.62,3.16,1,0.0775,86.84
5.91,0,6.03,1,0.1462,83.97,0.37,1,0.0574,89.63,3.15,1,0.0775,86.85
6.01,0,5.78,1,0.1486,84.22,1.23,1,0.0567,88.77,3.76,1,0.0778,86.24
6.12,0,5.52,1,0.1512,84.48,2.08,1,0.0562,87.92,4.28,1,0.0780,85.72
6.23,0,5.52,1,0.1514,84.48,2.07,1,0.0562,87.93,4.27,1,0.0780,85.73
6.35,0,5.25,1,0.1538,84.75,2.87,1,0.0562,87.13,4.69,1,0.0782,85.31
6.47,0,4.97,1,0.1563,85.03,3.62,1,0.0567,86.38,5.02,1,0.0784,84.98
6.57,0,4.71,1,0.1587,85.29,4.33,1,0.0574,85.67,5.28,1,0.0781,84.72
6.67,0,4.71,1,0.1587,85.29,4.33,1,0.0574,85.67,5.28,1,0.0781,84.72
6.79,0,4.44,1,0.1610,85.56,5.01,1,0.0582,84.99,5.45,1,0.0775,84.55
6.89,0,4.44,1,0.1610,85.56,5.01,1,0.0582,84.99,5.45,1,0.0775,84.55
7.00,0,4.17,1,0.1634,85.83,5.61,1,0.0591,84.39,5.53,1,0.0768,84.47
7.11,0,3.90,1,0.1659,86.10,6.12,1,0.0604,83.88,5.50,1,0.0759,84.50
7.21,0,3.90,1,0.1659,86.10,6.12,1,0.0604,83.88,5.50,1,0.0759,84.50
7.32,0,3.64,1,0.1682,86.36,6.52,1,0.0623,83.48,5.37,1,0.0749,84.63
7.43,0,3.39,1,0.1704,86.61,6.80,1,0.0648,83.20,5.17,1,0.0737,84.83
7.55,0,3.15,1,0.1725,86.85,6.95,1,0.0676,83.05,4.89,1,0.0721,85.11
7.66,0,2.93,1,0.1746,87.07,6.92,1,0.0711,83.08,4.53,1,0.0704,85.47
7.76,0,2.93,1,0.1746,87.07,6.92,1,0.0711,83.08,4.53,1,0.0704,85.47
7.87,0,2.71,1,0.1768,87.29,6.76,1,0.0748,83.24,4.08,1,0.0687,85.92
7.97,0,2.50,1,0.1788,87.50,6.48,1,0.0788,83.52,3.55,1,0.0668,86.45
8.07,0,2.32,1,0.1807,87.68,6.08,1,0.0834,83.92,2.97,1,0.0648,87.03
8.19,0,2.32,1,0.1807,87.68,6.08,1,0.0834,83.92,2.97,1,0.0648,87.03
8.29,0,2.15,1,0.1825,87.85,5.59,1,0.0883,84.41,2.34,1,0.0626,87.66
8.41,0,2.00,1,0.1843,88.00,5.04,1,0.0932,84.96,1.65,1,0.0604,88.35
8.51,0,1.87,1,0.1861,88.13,4.44,1,0.0980,85.56,0.92,1,0.0582,89.08
8.62,0,1.87,1,0.1861,88.13,4.44,1,0.0980,85.56,0.92,1,0.0582,89.08
8.72,0,1.75,1,0.1878,88.25,3.80,1,0.1027,86.20,0.15,1,0.0559,89.85
8.82,0,1.66,1,0.1895,88.34,3.17,1,0.1071,86.83,0.65,1,0.0536,89.35
8.94,0,1.66,1,0.1895,88.34,3.17,1,0.1071,86.83,0.65,1,0.0536,89.35
9.06,0,1.59,1,0.1909,88.41,2.56,1,0.1114,87.44,1.45,1,0.0513,88.55
9.16,0,1.54,1,0.1922,88.46,2.55,1,0.1115,87.45,1.45,1,0.0512,88.55
9.28,0,1.54,1,0.1922,88.46,1.98,1,0.1154,88.02,2.25,1,0.0491,87.75
9.39,0,1.52,1,0.1934,88.48,1.47,1,0.1191,88.53,3.04,1,0.0470,86.96
9.50,0,1.52,1,0.1934,88.48,1.47,1,0.1191,88.53,3.04,1,0.0470,86.96
9.62,0,1.52,1,0.1947,88.48,1.00,1,0.1223,89.00,3.77,1,0.0448,86.23
9.72,0,1.54,1,0.1959,88.46,0.57,1,0.1253,89.43,4.42,1,0.0430,85.58
9.83,0,1.54,1,0.1959,88.46,0.57,1,0.1253,89.43,4.42,1,0.0430,85.58
9.93,0,1.58,1,0.1967,88.42,0.18,1,0.1281,89.82,5.02,1,0.0416,84.98
10.03,0,1.58,1,0.1967,88.42,0.18,1,0.1281,89.82,5.02,1,0.0416,84.98
10.14,0,1.65,1,0.1973,88.35,0.16,1,0.1307,89.84,5.53,1,0.0408,84.47
10.25,0,1.73,1,0.1979,88.27,0.45,1,0.1332,89.55,5.92,1,0.0407,84.08
10.36,0,1.83,1,0.1985,88.17,0.69,1,0.1356,89.31,6.19,1,0.0414,83.81
10.48,0,1.83,1,0.1985,88.17,0.69,1,0.1356,89.31,6.19,1,0.0414,83.81
10.58,0,1.94,1,0.1990,88.06,0.88,1,0.1379,89.12,6.36,1,0.0432,83.64
10.69,0,2.08,1,0.1992,87.92,1.02,1,0.1401,88.98,6.45,1,0.0457,83.55
10.79,0,2.08,1,0.1992,87.92,1.02,1,0.1401,88.98,6.45,1,0.0457,83.55
10.90,0,2.21,1,0.1990,87.79,1.10,1,0.1421,88.90,6.46,1,0.0491,83.54
11.00,0,2.35,1,0.1987,87.65,1.11,1,0.1440,88.89,6.33,1,0.0532,83.67
11.11,0,2.49,1,0.1983,87.51,1.07,1,0.1457,88.93,6.01,1,0.0587,83.99
11.22,0,2.49,1,0.1983,87.51,1.07,1,0.1457,88.93,6.01,1,0.0587,83.99
11.32,0,2.75,1,0.1968,87.25,0.98,1,0.1474,89.02,5.61,1,0.0647,84.39
11.44,0,2.85,1,0.1956,87.15,0.63,1,0.1506,89.37,4.71,1,0.0762,85.29
11.54,0,2.92,1,0.1942,87.08,0.39,1,0.1520,89.61,4.18,1,0.0826,85.82
11.66,0,3.00,1,0.1909,87.00,0.22,1,0.1547,89.78,3.09,1,0.0954,86.91
11.76,0,3.04,1,0.1909,86.96,0.47,1,0.1572,89.53,2.67,1,0.0989,87.33
11.87,0,3.06,1,0.1894,86.94,0.85,1,0.1587,89.15,2.22,1,0.1032,87.78
11.97,0,3.09,1,0.1877,86.91,1.28,1,0.1604,88.72,1.78,1,0.1077,88.22
12.07,0,3.15,1,0.1859,86.85,1.74,1,0.1623,88.26,1.35,1,0.1118,88.65
12.19,0,3.23,1,0.1843,86.77,2.22,1,0.1638,87.78,0.98,1,0.1147,89.02
12.30,0,3.34,1,0.1829,86.66,2.70,1,0.1652,87.30,0.71,1,0.1163,89.29
12.40,0,3.48,1,0.1817,86.52,3.19,1,0.1668,86.81,0.56,1,0.1167,89.44
12.50,0,3.48,1,0.1817,86.52,3.19,1,0.1668,86.81,0.56,1,0.1167,89.44
12.62,0,3.63,1,0.1804,86.37,3.69,1,0.1686,86.31,0.50,1,0.1168,89.50
12.74,0,3.80,1,0.1790,86.20,4.17,1,0.1703,85.83,0.53,1,0.1166,89.47
12.84,0,3.99,1,0.1776,86.01,4.63,1,0.1718,85.37,0.64,1,0.1157,89.36
12.94,0,4.21,1,0.1764,85.79,4.62,1,0.1719,85.38,0.64,1,0.1156,89.36
13.04,0,4.21,1,0.1764,85.79,5.06,1,0.1730,84.94,0.82,1,0.1141,89.18
13.15,0,4.44,1,0.1753,85.56,5.49,1,0.1742,84.51,1.09,1,0.1120,88.91
13.27,0,4.68,1,0.1742,85.32,5.89,1,0.1756,84.11,1.41,1,0.1101,88.59
13.37,0,4.68,1,0.1742,85.32,5.89,1,0.1756,84.11,1.41,1,0.1101,88.59
13.49,0,4.94,1,0.1730,85.06,6.25,1,0.1772,83.75,1.72,1,0.1088,88.28
13.59,0,5.21,1,0.1719,84.79,6.56,1,0.1788,83.44,2.03,1,0.1075,87.97
13.70,0,5.21,1,0.1719,84.79,6.56,1,0.1788,83.44,2.03,1,0.1075,87.97
13.81,0,5.49,1,0.1708,84.51,6.83,1,0.1802,83.17,2.38,1,0.1059,87.62
13.92,0,5.78,1,0.1698,84.22,7.08,1,0.1817,82.92,2.76,1,0.1042,87.24
14.04,0,6.08,1,0.1688,83.92,7.29,1,0.1836,82.71,3.13,1,0.1028,86.87
14.14,0,6.08,1,0.1691,83.92,7.28,1,0.1837,82.72,3.14,1,0.1026,86.86
14.25,0,6.37,1,0.1679,83.63,7.43,1,0.1857,82.57,3.47,1,0.1019,86.53
14.35,0,6.67,1,0.1669,83.33,7.51,1,0.1878,82.49,3.80,1,0.1010,86.20
14.45,0,6.67,1,0.1669,83.33,7.51,1,0.1878,82.49,3.80,1,0.1010,86.20
14.56,0,6.97,1,0.1660,83.03,7.59,1,0.1897,82.41,4.12,1,0.1001,85.88
14.68,0,7.27,1,0.1651,82.73,7.66,1,0.1915,82.34,4.44,1,0.0993,85.56
14.78,0,7.27,1,0.1651,82.73,7.66,1,0.1915,82.34,4.44,1,0.0993,85.56
14.90,0,7.56,1,0.1643,82.44,7.68,1,0.1935,82.32,4.72,1,0.0989,85.28
15.00,0,7.84,1,0.1636,82.16,7.65,1,0.1957,82.35,4.94,1,0.0989,85.06
15.10,0,7.84,1,0.1636,82.16,7.65,1,0.1957,82.35,4.94,1,0.0989,85.06
15.21,0,8.11,1,0.1629,81.89,7.59,1,0.1978,82.41,5.13,1,0.0990,84.87
15.31,0,8.11,1,0.1629,81.89,7.59,1,0.1978,82.41,5.13,1,0.0990,84.87
15.43,0,8.36,1,0.1622,81.64,7.51,1,0.1997,82.49,5.30,1,0.0994,84.70
15.53,0,8.36,1,0.1622,81.64,7.51,1,0.1997,82.49,5.30,1,0.0994,84.70
15.65,0,8.60,1,0.1616,81.40,7.43,1,0.2014,82.57,5.43,1,0.1000,84.57
15.76,0,8.82,1,0.1610,81.18,7.31,1,0.2030,82.69,5.51,1,0.1010,84.49
15.86,0,9.01,1,0.1605,80.99,7.13,1,0.2049,82.87,5.53,1,0.1024,84.47
15.97,0,9.01,1,0.1605,80.99,7.13,1,0.2049,82.87,5.53,1,0.1024,84.47
16.07,0,9.17,1,0.1601,80.83,6.90,1,0.2068,83.10,5.51,1,0.1040,84.49
16.17,0,9.17,1,0.1601,80.83,6.90,1,0.2068,83.10,5.51,1,0.1040,84.49
16.28,0,9.31,1,0.1597,80.69,6.62,1,0.2084,83.38,5.46,1,0.1060,84.54
16.39,0,9.31,1,0.1597,80.69,6.62,1,0.2084,83.38,5.46,1,0.1060,84.54
16.50,0,9.42,1,0.1594,80.58,6.28,1,0.2095,83.72,5.38,1,0.1082,84.62
16.62,0,9.50,1,0.1592,80.50,5.89,1,0.2105,84.11,5.24,1,0.1107,84.76
16.72,0,9.50,1,0.1592,80.50,5.89,1,0.2105,84.11,5.24,1,0.1107,84.76
16.84,0,9.55,1,0.1590,80.45,5.47,1,0.2118,84.53,5.06,1,0.1134,84.94
16.95,0,9.56,1,0.1589,80.44,4.99,1,0.2128,85.01,4.86,1,0.1161,85.14
17.06,0,9.56,1,0.1589,80.44,4.99,1,0.2128,85.01,4.86,1,0.1161,85.14
17.17,0,9.54,1,0.1589,80.46,4.48,1,0.2130,85.52,4.68,1,0.1189,85.32
17.27,0,9.54,1,0.1589,80.46,4.48,1,0.2130,85.52,4.68,1,0.1189,85.32
17.39,0,9.49,1,0.1589,80.51,3.93,1,0.2128,86.07,4.51,1,0.1219,85.49
17.49,0,9.49,1,0.1589,80.51,3.93,1,0.2128,86.07,4.51,1,0.1219,85.49
17.59,0,9.41,1,0.1590,80.59,3.37,1,0.2123,86.63,4.33,1,0.1248,85.67
17.70,0,9.41,1,0.1590,80.59,3.37,1,0.2123,86.63,4.33,1,0.1248,85.67
17.81,0,9.29,1,0.1591,80.71,2.81,1,0.2118,87.19,4.13,1,0.1278,85.87
17.91,0,9.29,1,0.1591,80.71,2.81,1,0.2118,87.19,4.13,1,0.1278,85.87
18.02,0,9.15,1,0.1593,80.85,2.25,1,0.2112,87.75,3.91,1,0.1306,86.09
18.12,0,9.15,1,0.1593,80.85,2.25,1,0.2112,87.75,3.91,1,0.1306,86.09
18.24,0,8.98,1,0.1596,81.02,1.71,1,0.2100,88.29,3.71,1,0.1335,86.29
18.35,0,8.79,1,0.1600,81.21,1.22,1,0.2082,88.78,3.52,1,0.1366,86.48
18.45,0,8.79,1,0.1600,81.21,1.22,1,0.2082,88.78,3.52,1,0.1366,86.48
18.57,0,8.57,1,0.1604,81.43,0.78,1,0.2062,89.22,3.33,1,0.1397,86.67
18.67,0,8.57,1,0.1604,81.43,0.78,1,0.2062,89.22,3.33,1,0.1397,86.67
18.78,0,8.34,1,0.1607,81.66,0.41,1,0.2039,89.59,3.13,1,0.1428,86.87
18.89,0,8.10,1,0.1611,81.90,0.11,1,0.2011,89.89,2.94,1,0.1458,87.06
19.01,0,8.10,1,0.1611,81.90,0.11,1,0.2011,89.89,2.94,1,0.1458,87.06
19.11,0,7.85,1,0.1615,82.15,0.12,1,0.1981,89.88,2.77,1,0.1489,87.23
19.21,0,7.85,1,0.1615,82.15,0.12,1,0.1981,89.88,2.77,1,0.1489,87.23
19.33,0,7.58,1,0.1621,82.42,0.28,1,0.1949,89.72,2.62,1,0.1521,87.38
19.44,0,7.31,1,0.1626,82.69,0.35,1,0.1912,89.65,2.48,1,0.1552,87.52
19.55,0,7.31,1,0.1626,82.69,0.35,1,0.1912,89.65,2.48,1,0.1552,87.52
19.65,0,7.04,1,0.1631,82.96,0.33,1,0.1869,89.67,2.35,1,0.1583,87.65
19.76,0,6.77,1,0.1635,83.23,0.23,1,0.1824,89.77,2.23,1,0.1614,87.77
19.86,0,6.77,1,0.1635,83.23,0.23,1,0.1824,89.77,2.23,1,0.1614,87.77
19.96,0,6.50,1,0.1640,83.50,0.08,1,0.1782,89.92,2.14,1,0.1645,87.86
20.08,0,6.50,1,0.1640,83.50,0.08,1,0.1782,89.92,2.14,1,0.1645,87.86
20.18,0,6.23,1,0.1646,83.77,0.13,1,0.1741,89.87,2.08,1,0.1676,87.92
20.29,0,5.97,1,0.1652,84.03,0.40,1,0.1698,89.60,2.04,1,0.1706,87.96
20.40,0,5.97,1,0.1652,84.03,0.40,1,0.1698,89.60,2.04,1,0.1706,87.96
20.51,0,5.72,1,0.1656,84.28,0.73,1,0.1653,89.27,2.01,1,0.1736,87.99
20.61,0,5.48,1,0.1660,84.52,0.72,1,0.1653,89.28,2.01,1,0.1735,87.99
20.73,0,5.48,1,0.1660,84.52,1.09,1,0.1607,88.91,1.99,1,0.1764,88.01
20.84,0,5.26,1,0.1664,84.74,1.49,1,0.1562,88.51,2.00,1,0.1791,88.00
20.94,0,5.26,1,0.1664,84.74,1.49,1,0.1562,88.51,2.00,1,0.1791,88.00
21.04,0,5.05,1,0.1668,84.95,1.90,1,0.1519,88.10,2.04,1,0.1817,87.96
21.14,0,5.05,1,0.1668,84.95,1.90,1,0.1519,88.10,2.04,1,0.1817,87.96
21.26,0,4.85,1,0.1673,85.15,2.32,1,0.1475,87.68,2.10,1,0.1842,87.90
21.37,0,4.67,1,0.1677,85.33,2.74,1,0.1431,87.26,2.18,1,0.1865,87.82
21.48,0,4.67,1,0.1677,85.33,2.74,1,0.1431,87.26,2.18,1,0.1865,87.82
21.60,0,4.51,1,0.1679,85.49,3.15,1,0.1387,86.85,2.28,1,0.1888,87.72
21.70,0,4.37,1,0.1681,85.63,3.55,1,0.1346,86.45,2.39,1,0.1909,87.61
21.81,0,4.37,1,0.1681,85.63,3.55,1,0.1346,86.45,2.39,1,0.1909,87.61
21.91,0,4.25,1,0.1683,85.75,3.92,1,0.1306,86.08,2.53,1,0.1930,87.47
22.01,0,4.25,1,0.1683,85.75,3.92,1,0.1306,86.08,2.53,1,0.1930,87.47
22.12,0,4.15,1,0.1685,85.85,4.25,1,0.1268,85.75,2.68,1,0.1950,87.32
22.24,0,4.06,1,0.1687,85.94,4.54,1,0.1230,85.46,2.85,1,0.1967,87.15
22.34,0,4.06,1,0.1689,85.94,4.53,1,0.1229,85.47,2.86,1,0.1967,87.14
22.45,0,4.00,1,0.1688,86.00,4.78,1,0.1194,85.22,3.04,1,0.1984,86.96
22.55,0,3.95,1,0.1688,86.05,4.98,1,0.1161,85.02,3.23,1,0.2003,86.77
22.65,0,3.95,1,0.1688,86.05,4.98,1,0.1161,85.02,3.23,1,0.2003,86.77
22.76,0,3.93,1,0.1687,86.07,5.12,1,0.1130,84.88,3.44,1,0.2021,86.56
22.86,0,3.93,1,0.1687,86.07,5.20,1,0.1102,84.80,3.65,1,0.2036,86.35
22.98,0,3.93,1,0.1687,86.07,5.20,1,0.1102,84.80,3.65,1,0.2036,86.35
23.10,0,3.95,1,0.1686,86.05,5.22,1,0.1075,84.78,3.89,1,0.2049,86.11
23.22,0,3.99,1,0.1686,86.01,5.19,1,0.1050,84.81,4.14,1,0.2063,85.86
23.32,0,4.04,1,0.1684,85.96,5.10,1,0.1028,84.90,4.15,1,0.2063,85.85
23.43,0,4.04,1,0.1684,85.96,5.10,1,0.1028,84.90,4.40,1,0.2080,85.60
23.55,0,4.12,1,0.1681,85.88,4.97,1,0.1009,85.03,4.65,1,0.2095,85.35
23.65,0,4.22,1,0.1677,85.78,4.96,1,0.1009,85.04,4.65,1,0.2094,85.35
23.76,0,4.22,1,0.1677,85.78,4.79,1,0.0992,85.21,4.88,1,0.2105,85.12
23.86,0,4.34,1,0.1675,85.66,4.57,1,0.0978,85.43,5.10,1,0.2112,84.90
23.97,0,4.34,1,0.1675,85.66,4.57,1,0.0978,85.43,5.10,1,0.2112,84.90
24.08,0,4.47,1,0.1672,85.53,4.31,1,0.0964,85.69,5.32,1,0.2121,84.68
24.18,0,4.47,1,0.1674,85.53,4.30,1,0.0962,85.70,5.33,1,0.2121,84.67
24.30,0,4.62,1,0.1669,85.38,4.03,1,0.0953,85.97,5.51,1,0.2130,84.49
24.40,0,4.79,1,0.1664,85.21,3.74,1,0.0944,86.26,5.65,1,0.2132,84.35
24.50,0,4.79,1,0.1665,85.21,3.73,1,0.0944,86.27,5.65,1,0.2131,84.35
24.62,0,4.97,1,0.1659,85.03,3.43,1,0.0938,86.57,5.70,1,0.2127,84.30
24.73,0,5.17,1,0.1654,84.83,3.12,1,0.0934,86.88,5.70,1,0.2122,84.30
24.84,0,5.17,1,0.1654,84.83,3.12,1,0.0934,86.88,5.70,1,0.2122,84.30
24.95,0,5.39,1,0.1650,84.61,2.81,1,0.0931,87.19,5.66,1,0.2120,84.34
25.06,0,5.39,1,0.1650,84.61,2.81,1,0.0931,87.19,5.66,1,0.2120,84.34
25.17,0,5.61,1,0.1646,84.39,2.51,1,0.0928,87.49,5.56,1,0.2112,84.44
25.28,0,5.83,1,0.1641,84.17,2.22,1,0.0928,87.78,5.36,1,0.2096,84.64
25.39,0,5.83,1,0.1641,84.17,2.22,1,0.0928,87.78,5.36,1,0.2096,84.64
25.49,0,6.07,1,0.1635,83.93,1.95,1,0.0930,88.05,5.07,1,0.2078,84.93
25.60,0,6.32,1,0.1629,83.68,1.72,1,0.0933,88.28,4.75,1,0.2065,85.25
25.71,0,6.32,1,0.1629,83.68,1.72,1,0.0933,88.28,4.75,1,0.2065,85.25
25.81,0,6.57,1,0.1623,83.43,1.52,1,0.0936,88.48,4.40,1,0.2051,85.60
25.92,0,6.82,1,0.1619,83.18,1.33,1,0.0938,88.67,4.02,1,0.2033,85.98
26.02,0,6.82,1,0.1619,83.18,1.33,1,0.0938,88.67,4.02,1,0.2033,85.98
26.14,0,7.07,1,0.1614,82.93,1.17,1,0.0941,88.83,3.61,1,0.2014,86.39
26.25,0,7.32,1,0.1608,82.68,1.04,1,0.0945,88.96,3.24,1,0.2000,86.76
26.36,0,7.56,1,0.1602,82.44,0.97,1,0.0951,89.03,2.90,1,0.1988,87.10
26.47,0,7.56,1,0.1602,82.44,0.97,1,0.0951,89.03,2.90,1,0.1988,87.10
26.57,0,7.80,1,0.1596,82.20,0.95,1,0.0956,89.05,2.60,1,0.1976,87.40
26.67,0,8.02,1,0.1591,81.98,0.94,1,0.0955,89.06,2.61,1,0.1976,87.39
26.79,0,8.02,1,0.1591,81.98,0.96,1,0.0961,89.04,2.34,1,0.1964,87.66
26.89,0,8.23,1,0.1588,81.77,1.00,1,0.0966,89.00,2.11,1,0.1953,87.89
27.00,0,8.23,1,0.1588,81.77,1.00,1,0.0966,89.00,2.11,1,0.1953,87.89
27.11,0,8.43,1,0.1583,81.57,1.08,1,0.0971,88.92,1.91,1,0.1946,88.09
27.22,0,8.43,1,0.1583,81.57,1.08,1,0.0971,88.92,1.91,1,0.1946,88.09
27.33,0,8.60,1,0.1579,81.40,1.20,1,0.0979,88.80,1.74,1,0.1940,88.26
27.44,0,8.76,1,0.1574,81.24,1.37,1,0.0988,88.63,1.59,1,0.1933,88.41
27.55,0,8.76,1,0.1574,81.24,1.37,1,0.0988,88.63,1.59,1,0.1933,88.41
27.66,0,8.77,1,0.1576,81.23,1.36,1,0.0987,88.64,1.60,1,0.1932,88.40
27.78,0,8.91,1,0.1571,81.09,1.55,1,0.0997,88.45,1.47,1,0.1924,88.53
27.89,0,8.91,1,0.1573,81.09,1.53,1,0.0995,88.47,1.48,1,0.1924,88.52
28.00,0,9.02,1,0.1569,80.98,1.75,1,0.1006,88.25,1.39,1,0.1917,88.61
28.10,0,9.02,1,0.1569,80.98,1.75,1,0.1006,88.25,1.39,1,0.1917,88.61
28.22,0,9.11,1,0.1567,80.89,1.97,1,0.1015,88.03,1.34,1,0.1912,88.66
28.32,0,9.11,1,0.1568,80.89,1.96,1,0.1013,88.04,1.35,1,0.1912,88.65
28.44,0,9.17,1,0.1565,80.83,2.21,1,0.1026,87.79,1.31,1,0.1907,88.69
28.54,0,9.17,1,0.1565,80.83,2.21,1,0.1026,87.79,1.31,1,0.1907,88.69
28.64,0,9.21,1,0.1562,80.79,2.48,1,0.1039,87.52,1.31,1,0.1901,88.69
28.75,0,9.21,1,0.1562,80.79,2.48,1,0.1039,87.52,1.31,1,0.1901,88.69
28.86,0,9.23,1,0.1561,80.77,2.74,1,0.1054,87.26,1.32,1,0.1894,88.68
28.97,0,9.23,1,0.1561,80.77,2.74,1,0.1054,87.26,1.32,1,0.1894,88.68
29.08,0,9.22,1,0.1561,80.78,3.00,1,0.1068,87.00,1.37,1,0.1887,88.63
29.18,0,9.22,1,0.1561,80.78,3.00,1,0.1068,87.00,1.37,1,0.1887,88.63
29.29,0,9.18,1,0.1562,80.82,3.25,1,0.1082,86.75,1.45,1,0.1882,88.55
29.39,0,9.12,1,0.1563,80.88,3.48,1,0.1096,86.52,1.56,1,0.1877,88.44
29.51,0,9.12,1,0.1563,80.88,3.48,1,0.1096,86.52,1.56,1,0.1877,88.44
29.61,0,9.03,1,0.1563,80.97,3.72,1,0.1113,86.28,1.68,1,0.1872,88.32
29.71,0,9.03,1,0.1563,80.97,3.72,1,0.1113,86.28,1.68,1,0.1872,88.32
29.83,0,8.92,1,0.1563,81.08,3.94,1,0.1131,86.06,1.82,1,0.1865,88.18
29.94,0,8.92,1,0.1563,81.08,3.94,1,0.1131,86.06,1.82,1,0.1865,88.18
30.06,1,8.79,1,0.1565,81.21,4.15,1,0.1150,85.85,1.99,1,0.1857,88.01
30.17,1,8.79,1,0.1565,81.21,4.15,1,0.1150,85.85,1.99,1,0.1857,88.01
30.29,1,9.02,1,0.1561,80.98,4.32,1,0.1168,85.68,2.19,1,0.1851,87.81
30.39,1,12.11,1,0.1509,77.89,4.30,1,0.1165,85.70,2.21,1,0.1851,87.79
30.50,1,12.11,1,0.1509,77.89,4.46,1,0.1184,85.54,2.42,1,0.1845,87.58
30.60,1,12.11,1,0.1511,77.89,4.45,1,0.1182,85.55,2.43,1,0.1846,87.57
30.70,1,19.70,1,0.1399,70.30,4.60,1,0.1201,85.40,2.66,1,0.1839,87.34
30.81,1,31.70,1,0.1301,58.30,4.75,1,0.1219,85.25,2.92,1,0.1832,87.08
30.92,1,31.70,1,0.1301,58.30,4.75,1,0.1219,85.25,2.92,1,0.1832,87.08
31.03,1,47.74,1,0.1336,42.26,4.90,1,0.1238,85.10,3.20,1,0.1824,86.80
31.13,1,47.74,1,0.1336,42.26,4.90,1,0.1238,85.10,3.20,1,0.1824,86.80
31.25,1,67.29,1,0.1586,22.71,5.05,1,0.1255,84.95,3.49,1,0.1816,86.51
31.36,1,67.30,1,0.1587,22.70,5.04,1,0.1252,84.96,3.51,1,0.1817,86.49
31.48,1,88.85,1,0.1989,1.15,5.19,1,0.1269,84.81,3.82,1,0.1810,86.18
31.59,1,111.96,1,0.2465,-21.96,5.31,1,0.1283,84.69,4.16,1,0.1803,85.84
31.69,1,111.96,1,0.2465,-21.96,5.31,1,0.1283,84.69,4.16,1,0.1803,85.84
31.79,1,134.58,1,0.2919,-44.58,5.43,1,0.1296,84.57,4.51,1,0.1796,85.49
31.91,1,134.58,1,0.2919,-44.58,5.43,1,0.1296,84.57,4.51,1,0.1796,85.49
32.03,1,156.50,1,0.3326,-66.50,5.56,1,0.1311,84.44,4.87,1,0.1788,85.13
32.13,1,156.50,1,0.3326,-66.50,5.56,1,0.1311,84.44,4.87,1,0.1788,85.13
32.23,1,176.87,1,0.3650,-86.87,5.67,1,0.1325,84.33,5.23,1,0.1780,84.77
32.33,1,176.87,1,0.3650,-86.87,5.67,1,0.1325,84.33,5.23,1,0.1780,84.77
32.45,1,163.29,1,0.3889,-73.29,5.76,1,0.1337,84.24,5.61,1,0.1772,84.39
32.55,1,163.29,1,0.3889,-73.29,5.76,1,0.1337,84.24,5.61,1,0.1772,84.39
32.65,1,143.70,1,0.4029,-53.70,5.80,1,0.1346,84.20,6.01,1,0.1765,83.99
32.76,1,143.70,1,0.4029,-53.70,5.80,1,0.1346,84.20,6.01,1,0.1765,83.99
32.87,1,124.43,1,0.4055,-34.43,5.82,1,0.1355,84.18,6.41,1,0.1759,83.59
32.97,1,124.43,1,0.4055,-34.43,5.82,1,0.1355,84.18,6.41,1,0.1759,83.59
33.09,1,105.52,1,0.3961,-15.52,5.81,1,0.1365,84.19,6.80,1,0.1752,83.20
33.19,1,105.52,1,0.3961,-15.52,5.81,1,0.1365,84.19,6.80,1,0.1752,83.20
33.31,1,87.72,1,0.3764,2.28,5.76,1,0.1376,84.24,7.18,1,0.1744,82.82
33.41,1,70.69,1,0.3483,19.31,5.75,1,0.1374,84.25,7.18,1,0.1743,82.82
33.52,1,70.69,1,0.3483,19.31,5.67,1,0.1385,84.33,7.56,1,0.1736,82.44
33.62,1,53.60,1,0.3117,36.40,5.65,1,0.1383,84.35,7.57,1,0.1736,82.43
33.74,1,53.60,1,0.3117,36.40,5.54,1,0.1393,84.46,7.94,1,0.1730,82.06
33.85,1,35.12,1,0.2657,54.88,5.39,1,0.1400,84.61,8.31,1,0.1724,81.69
33.95,1,14.70,1,0.2131,75.30,5.23,1,0.1409,84.77,8.32,1,0.1725,81.68
34.07,1,14.70,1,0.2131,75.30,5.23,1,0.1409,84.77,8.66,1,0.1719,81.34
34.18,1,7.90,1,0.1590,82.10,5.07,1,0.1421,84.93,8.97,1,0.1714,81.03
34.30,1,7.90,1,0.1590,82.10,5.07,1,0.1421,84.93,8.97,1,0.1714,81.03
34.41,1,32.18,1,0.1264,57.82,4.90,1,0.1433,85.10,9.26,1,0.1707,80.74
34.51,1,55.99,1,0.1350,34.01,4.89,1,0.1432,85.11,9.26,1,0.1707,80.74
34.62,1,55.99,1,0.1350,34.01,4.72,1,0.1444,85.28,9.52,1,0.1702,80.48
34.72,1,55.99,1,0.1350,34.01,4.72,1,0.1444,85.28,9.52,1,0.1702,80.48
34.82,1,55.99,1,0.1350,34.01,4.72,1,0.1444,85.28,9.52,1,0.1702,80.48
34.92,1,80.42,1,0.1745,9.58,4.53,1,0.1454,85.47,9.76,1,0.1698,80.24
35.02,1,80.42,1,0.1745,9.58,4.53,1,0.1454,85.47,9.76,1,0.1698,80.24
35.13,1,105.30,1,0.2258,-15.30,4.34,1,0.1466,85.66,9.97,1,0.1695,80.03
35.24,1,130.40,1,0.2783,-40.40,4.17,1,0.1481,85.83,10.13,1,0.1693,79.87
35.34,1,130.40,1,0.2783,-40.40,4.17,1,0.1481,85.83,10.13,1,0.1693,79.87
35.45,1,154.83,1,0.3253,-64.83,4.00,1,0.1497,86.00,10.24,1,0.1689,79.76
35.56,1,154.83,1,0.3253,-64.83,4.00,1,0.1497,86.00,10.24,1,0.1689,79.76
35.68,1,177.00,1,0.3614,-87.00,3.83,1,0.1512,86.17,10.30,1,0.1685,79.70
35.78,1,163.35,1,0.3868,-73.35,3.67,1,0.1527,86.33,10.33,1,0.1683,79.67
35.89,1,163.35,1,0.3868,-73.35,3.67,1,0.1527,86.33,10.33,1,0.1683,79.67
36.01,1,147.13,1,0.4017,-57.13,3.50,1,0.1542,86.50,10.33,1,0.1682,79.67
36.12,1,132.05,1,0.4091,-42.05,3.36,1,0.1559,86.64,10.29,1,0.1683,79.71
36.22,1,132.05,1,0.4091,-42.05,3.36,1,0.1559,86.64,10.29,1,0.1683,79.71
36.33,1,116.19,1,0.4076,-26.19,3.23,1,0.1577,86.77,10.19,1,0.1682,79.81
36.44,1,99.07,1,0.3969,-9.07,3.12,1,0.1596,86.88,10.05,1,0.1681,79.95
36.54,1,99.07,1,0.3969,-9.07,3.12,1,0.1596,86.88,10.05,1,0.1681,79.95
36.64,1,82.42,1,0.3800,7.58,3.02,1,0.1615,86.98,9.87,1,0.1680,80.13
36.75,1,82.42,1,0.3800,7.58,3.02,1,0.1615,86.98,9.87,1,0.1680,80.13
36.86,1,65.56,1,0.3538,24.44,2.93,1,0.1633,87.07,9.67,1,0.1681,80.33
36.96,1,65.56,1,0.3541,24.44,2.91,1,0.1630,87.09,9.69,1,0.1682,80.31
37.06,1,48.69,1,0.3203,41.31,2.84,1,0.1651,87.16,9.45,1,0.1683,80.55
37.18,1,48.69,1,0.3205,41.31,2.84,1,0.1649,87.16,9.46,1,0.1684,80.54
37.29,1,31.57,1,0.2811,58.43,2.78,1,0.1670,87.22,9.19,1,0.1685,80.81
37.40,1,13.63,1,0.2384,76.37,2.75,1,0.1691,87.25,8.90,1,0.1687,81.10
37.50,1,13.63,1,0.2384,76.37,2.75,1,0.1691,87.25,8.90,1,0.1687,81.10
37.62,1,4.69,1,0.1975,85.31,2.74,1,0.1712,87.26,8.58,1,0.1687,81.42
37.72,1,4.69,1,0.1975,85.31,2.74,1,0.1712,87.26,8.58,1,0.1687,81.42
37.84,1,23.20,1,0.1651,66.80,2.73,1,0.1733,87.27,8.26,1,0.1688,81.74
37.96,1,43.55,1,0.1485,46.45,2.72,1,0.1751,87.28,7.94,1,0.1691,82.06
38.07,0,43.54,1,0.1487,46.46,2.70,1,0.1748,87.30,7.95,1,0.1693,82.05
38.19,0,66.86,1,0.1613,23.14,2.73,1,0.1769,87.27,7.61,1,0.1695,82.39
38.31,0,90.85,1,0.2000,-0.85,2.76,1,0.1790,87.24,7.27,1,0.1698,82.73
38.42,0,111.97,1,0.2433,-21.97,2.82,1,0.1812,87.18,6.93,1,0.1700,83.07
38.53,0,111.97,1,0.2433,-21.97,2.82,1,0.1812,87.18,6.93,1,0.1700,83.07
38.64,0,130.43,1,0.2826,-40.43,2.88,1,0.1835,87.12,6.59,1,0.1701,83.41
38.74,0,146.25,1,0.3151,-56.25,2.93,1,0.1854,87.07,6.26,1,0.1703,83.74
38.85,0,146.25,1,0.3151,-56.25,2.93,1,0.1854,87.07,6.26,1,0.1703,83.74
38.97,0,158.50,1,0.3363,-68.50,2.99,1,0.1872,87.01,5.95,1,0.1707,84.05
39.07,0,167.24,1,0.3478,-77.24,3.07,1,0.1891,86.93,5.65,1,0.1711,84.35
39.18,0,167.24,1,0.3478,-77.24,3.07,1,0.1891,86.93,5.65,1,0.1711,84.35
39.29,0,172.94,1,0.3526,-82.94,3.17,1,0.1913,86.83,5.36,1,0.1713,84.64
39.39,0,172.94,1,0.3526,-82.94,3.17,1,0.1913,86.83,5.36,1,0.1713,84.64
39.50,0,176.39,1,0.3549,-86.39,3.28,1,0.1936,86.72,5.07,1,0.1714,84.93
39.60,0,176.39,1,0.3549,-86.39,3.28,1,0.1936,86.72,5.07,1,0.1714,84.93
39.72,0,178.49,1,0.3570,-88.49,3.39,1,0.1956,86.61,4.80,1,0.1715,85.20
39.82,0,178.49,1,0.3570,-88.49,3.39,1,0.1956,86.61,4.80,1,0.1715,85.20
39.93,0,179.90,1,0.3582,-89.90,3.49,1,0.1973,86.51,4.57,1,0.1717,85.43
40.03,0,179.19,1,0.3597,-89.19,3.60,1,0.1991,86.40,4.36,1,0.1720,85.64
40.13,0,179.19,1,0.3597,-89.19,3.60,1,0.1991,86.40,4.36,1,0.1720,85.64
40.23,0,178.75,1,0.3627,-88.75,3.73,1,0.2010,86.27,4.16,1,0.1723,85.84
40.33,0,178.75,1,0.3627,-88.75,3.73,1,0.2010,86.27,4.16,1,0.1723,85.84
40.44,0,178.78,1,0.3675,-88.78,3.87,1,0.2030,86.13,3.97,1,0.1724,86.03
40.55,0,179.31,1,0.3726,-89.31,3.98,1,0.2047,86.02,3.80,1,0.1723,86.20
40.66,0,179.31,1,0.3726,-89.31,3.98,1,0.2047,86.02,3.80,1,0.1723,86.20
40.77,0,179.56,1,0.3763,-89.56,4.07,1,0.2060,85.93,3.67,1,0.1723,86.33
40.89,0,177.90,1,0.3780,-87.90,4.14,1,0.2070,85.86,3.56,1,0.1724,86.44
40.99,0,177.90,1,0.3780,-87.90,4.14,1,0.2070,85.86,3.56,1,0.1724,86.44
41.09,0,175.81,1,0.3790,-85.81,4.20,1,0.2079,85.80,3.49,1,0.1725,86.51
41.19,0,173.33,1,0.3801,-83.33,4.25,1,0.2089,85.75,3.42,1,0.1726,86.58
41.31,0,173.33,1,0.3801,-83.33,4.25,1,0.2089,85.75,3.42,1,0.1726,86.58
41.41,0,170.42,1,0.3800,-80.42,4.29,1,0.2097,85.71,3.36,1,0.1724,86.64
41.53,0,167.16,1,0.3774,-77.16,4.30,1,0.2102,85.70,3.33,1,0.1721,86.67
41.63,0,167.16,1,0.3774,-77.16,4.30,1,0.2102,85.70,3.33,1,0.1721,86.67
41.73,0,163.69,1,0.3731,-73.69,4.26,1,0.2100,85.74,3.34,1,0.1719,86.66
41.84,0,160.02,1,0.3678,-70.02,4.25,1,0.2097,85.75,3.36,1,0.1721,86.64
41.95,0,160.02,1,0.3678,-70.02,4.21,1,0.2096,85.79,3.38,1,0.1719,86.62
42.06,0,156.12,1,0.3615,-66.12,4.12,1,0.2092,85.88,3.43,1,0.1719,86.57
42.17,0,156.12,1,0.3615,-66.12,4.12,1,0.2092,85.88,3.43,1,0.1719,86.57
42.28,0,151.90,1,0.3536,-61.90,4.01,1,0.2088,85.99,3.49,1,0.1717,86.51
42.39,0,151.90,1,0.3536,-61.90,4.01,1,0.2088,85.99,3.49,1,0.1717,86.51
42.50,0,147.30,1,0.3439,-57.30,3.83,1,0.2079,86.17,3.57,1,0.1712,86.43
42.61,0,147.30,1,0.3439,-57.30,3.83,1,0.2079,86.17,3.57,1,0.1712,86.43
42.71,0,142.40,1,0.3327,-52.40,3.57,1,0.2065,86.43,3.67,1,0.1708,86.33
42.81,0,142.40,1,0.3327,-52.40,3.57,1,0.2065,86.43,3.67,1,0.1708,86.33
42.92,0,137.25,1,0.3205,-47.25,3.27,1,0.2048,86.73,3.81,1,0.1705,86.19
43.02,0,131.81,1,0.3068,-41.81,2.95,1,0.2029,87.05,3.97,1,0.1704,86.03
43.14,0,131.81,1,0.3068,-41.81,2.95,1,0.2029,87.05,3.97,1,0.1704,86.03
43.25,0,126.09,1,0.2919,-36.09,2.61,1,0.2011,87.39,4.14,1,0.1702,85.86
43.37,0,120.14,1,0.2764,-30.14,2.28,1,0.1992,87.72,4.31,1,0.1697,85.69
43.48,0,120.14,1,0.2764,-30.14,2.28,1,0.1992,87.72,4.31,1,0.1697,85.69
43.59,0,113.97,1,0.2602,-23.97,1.92,1,0.1972,88.08,4.49,1,0.1691,85.51
43.70,0,107.55,1,0.2432,-17.55,1.57,1,0.1951,88.43,4.70,1,0.1686,85.30
43.81,0,107.55,1,0.2431,-17.55,1.55,1,0.1947,88.45,4.72,1,0.1688,85.28
43.92,0,100.87,1,0.2254,-10.87,1.23,1,0.1928,88.77,4.94,1,0.1683,85.06
44.03,0,93.96,1,0.2071,-3.96,0.93,1,0.1905,89.07,5.18,1,0.1681,84.82
44.13,0,93.96,1,0.2071,-3.96,0.93,1,0.1905,89.07,5.18,1,0.1681,84.82
44.23,0,86.88,1,0.1889,3.12,0.66,1,0.1884,89.34,5.42,1,0.1677,84.58
44.35,0,79.66,1,0.1707,10.34,0.41,1,0.1864,89.59,5.66,1,0.1671,84.34
44.47,0,79.66,1,0.1707,10.34,0.41,1,0.1864,89.59,5.66,1,0.1671,84.34
44.57,0,72.38,1,0.1519,17.62,0.18,1,0.1843,89.82,5.91,1,0.1665,84.09
44.67,0,72.38,1,0.1519,17.62,0.18,1,0.1843,89.82,5.91,1,0.1665,84.09
44.78,0,65.07,1,0.1315,24.93,0.02,1,0.1819,89.98,6.18,1,0.1661,83.82
44.89,0,57.43,1,0.1078,32.57,0.18,1,0.1794,89.82,6.46,1,0.1658,83.54
45.01,0,57.43,1,0.1078,32.57,0.18,1,0.1794,89.82,6.46,1,0.1658,83.54
45.13,0,49.39,1,0.0811,40.61,0.29,1,0.1770,89.71,6.73,1,0.1655,83.27
45.23,0,49.39,1,0.0811,40.61,0.29,1,0.1770,89.71,6.73,1,0.1655,83.27
45.33,0,41.56,1,0.0583,48.44,0.36,1,0.1747,89.64,6.98,1,0.1651,83.02
45.43,0,41.56,1,0.0583,48.44,0.36,1,0.1747,89.64,6.98,1,0.1651,83.02
45.55,0,34.42,1,0.0381,55.58,0.40,1,0.1724,89.60,7.22,1,0.1644,82.78
45.67,0,27.88,1,0.0160,62.12,0.40,1,0.1700,89.60,7.46,1,0.1640,82.54
45.77,0,21.99,1,0.0165,68.01,0.37,1,0.1676,89.63,7.69,1,0.1636,82.31
45.89,0,21.99,1,0.0165,68.01,0.37,1,0.1676,89.63,7.69,1,0.1636,82.31
46.00,0,16.59,1,0.0341,73.41,0.31,1,0.1651,89.69,7.91,1,0.1632,82.09
46.10,0,16.59,1,0.0341,73.41,0.31,1,0.1651,89.69,7.91,1,0.1632,82.09
46.21,0,11.41,1,0.0485,78.59,0.21,1,0.1625,89.79,8.11,1,0.1628,81.89
46.32,0,6.50,1,0.0613,83.50,0.08,1,0.1600,89.92,8.30,1,0.1625,81.70
46.42,0,6.50,1,0.0613,83.50,0.08,1,0.1600,89.92,8.30,1,0.1625,81.70
46.53,0,1.97,1,0.0752,88.03,0.07,1,0.1574,89.93,8.46,1,0.1621,81.54
46.64,0,2.23,1,0.0899,87.77,0.25,1,0.1548,89.75,8.61,1,0.1618,81.39
46.74,0,2.23,1,0.0899,87.77,0.25,1,0.1548,89.75,8.61,1,0.1618,81.39
46.86,0,6.13,1,0.1043,83.87,0.35,1,0.1513,89.65,8.80,1,0.1618,81.20
46.96,0,6.13,1,0.1043,83.87,0.35,1,0.1513,89.65,8.80,1,0.1618,81.20
47.07,0,9.97,1,0.1155,80.03,0.56,1,0.1484,89.44,8.92,1,0.1617,81.08
47.17,0,13.66,1,0.1252,76.34,0.79,1,0.1458,89.21,9.00,1,0.1615,81.00
47.28,0,13.66,1,0.1252,76.34,0.79,1,0.1458,89.21,9.00,1,0.1615,81.00
47.39,0,17.09,1,0.1346,72.91,1.03,1,0.1434,88.97,9.04,1,0.1611,80.96
47.49,0,17.09,1,0.1346,72.91,1.03,1,0.1434,88.97,9.04,1,0.1611,80.96
47.61,0,20.30,1,0.1445,69.70,1.27,1,0.1410,88.73,9.07,1,0.1607,80.93
47.72,0,23.36,1,0.1538,66.64,1.51,1,0.1383,88.49,9.08,1,0.1606,80.92
47.83,0,23.36,1,0.1538,66.64,1.51,1,0.1383,88.49,9.08,1,0.1606,80.92
47.95,0,26.36,1,0.1622,63.64,1.75,1,0.1355,88.25,9.08,1,0.1607,80.92
48.05,0,26.36,1,0.1622,63.64,1.75,1,0.1355,88.25,9.08,1,0.1607,80.92
48.16,0,29.26,1,0.1694,60.74,2.00,1,0.1330,88.00,9.04,1,0.1607,80.96
48.27,0,31.98,1,0.1761,58.02,2.25,1,0.1307,87.75,8.96,1,0.1605,81.04
48.39,0,31.98,1,0.1761,58.02,2.25,1,0.1307,87.75,8.96,1,0.1605,81.04
48.49,0,34.53,1,0.1828,55.47,2.48,1,0.1287,87.52,8.85,1,0.1602,81.15
48.59,0,34.53,1,0.1828,55.47,2.48,1,0.1287,87.52,8.85,1,0.1602,81.15
48.70,0,36.98,1,0.1895,53.02,2.68,1,0.1266,87.32,8.73,1,0.1600,81.27
48.80,0,39.39,1,0.1958,50.61,2.66,1,0.1264,87.34,8.75,1,0.1602,81.25
48.91,0,39.39,1,0.1958,50.61,2.87,1,0.1244,87.13,8.61,1,0.1601,81.39
49.01,0,41.72,1,0.2013,48.28,3.04,1,0.1221,86.96,8.47,1,0.1604,81.53
49.13,0,41.72,1,0.2013,48.28,3.04,1,0.1221,86.96,8.47,1,0.1604,81.53
49.25,0,43.92,1,0.2062,46.08,3.20,1,0.1202,86.80,8.29,1,0.1605,81.71
49.35,0,46.00,1,0.2108,44.00,3.35,1,0.1187,86.65,8.09,1,0.1603,81.91
49.47,0,46.00,1,0.2108,44.00,3.35,1,0.1187,86.65,8.09,1,0.1603,81.91
49.58,0,47.98,1,0.2155,42.02,3.45,1,0.1174,86.55,7.88,1,0.1601,82.12
49.68,0,49.94,1,0.2203,40.06,3.52,1,0.1160,86.48,7.68,1,0.1601,82.32
49.78,0,49.94,1,0.2203,40.06,3.52,1,0.1160,86.48,7.68,1,0.1601,82.32
49.88,0,51.84,1,0.2246,38.16,3.57,1,0.1145,86.43,7.48,1,0.1604,82.52
49.98,0,51.84,1,0.2246,38.16,3.57,1,0.1145,86.43,7.48,1,0.1604,82.52
50.08,0,53.65,1,0.2282,36.35,3.60,1,0.1132,86.40,7.27,1,0.1607,82.73
50.19,0,55.37,1,0.2315,34.63,3.62,1,0.1123,86.38,7.03,1,0.1607,82.97
50.29,0,55.37,1,0.2315,34.63,3.62,1,0.1123,86.38,7.03,1,0.1607,82.97
50.39,0,57.03,1,0.2350,32.97,3.61,1,0.1118,86.39,6.79,1,0.1605,83.21
50.50,0,57.03,1,0.2350,32.97,3.61,1,0.1118,86.39,6.79,1,0.1605,83.21
50.60,0,58.65,1,0.2386,31.35,3.56,1,0.1114,86.44,6.56,1,0.1604,83.44
50.70,0,58.65,1,0.2386,31.35,3.56,1,0.1114,86.44,6.56,1,0.1604,83.44
50.82,0,60.24,1,0.2419,29.76,3.47,1,0.1110,86.53,6.35,1,0.1605,83.65
50.92,0,61.76,1,0.2448,28.24,3.46,1,0.1108,86.54,6.38,1,0.1608,83.62
51.03,0,61.76,1,0.2448,28.24,3.38,1,0.1105,86.62,6.16,1,0.1609,83.84
51.14,0,63.20,1,0.2474,26.80,3.28,1,0.1103,86.72,5.96,1,0.1611,84.04
51.24,0,64.58,1,0.2500,25.42,3.17,1,0.1105,86.83,5.74,1,0.1610,84.26
51.35,0,64.58,1,0.2500,25.42,3.17,1,0.1105,86.83,5.74,1,0.1610,84.26
51.45,0,65.92,1,0.2526,24.08,3.03,1,0.1110,86.97,5.54,1,0.1608,84.46
51.55,0,65.91,1,0.2529,24.09,3.01,1,0.1113,86.99,5.55,1,0.1606,84.45
51.67,0,67.23,1,0.2551,22.77,2.87,1,0.1117,87.13,5.36,1,0.1607,84.64
51.78,0,68.47,1,0.2573,21.53,2.69,1,0.1122,87.31,5.22,1,0.1609,84.78
51.90,0,68.47,1,0.2573,21.53,2.69,1,0.1122,87.31,5.22,1,0.1609,84.78
52.01,0,69.67,1,0.2594,20.33,2.52,1,0.1127,87.48,5.08,1,0.1612,84.92
52.11,0,69.67,1,0.2594,20.33,2.52,1,0.1127,87.48,5.08,1,0.1612,84.92
52.23,0,70.84,1,0.2614,19.16,2.36,1,0.1135,87.64,4.94,1,0.1612,85.06
52.34,0,71.97,1,0.2633,18.03,2.20,1,0.1146,87.80,4.81,1,0.1610,85.19
52.45,0,73.05,1,0.2651,16.95,2.19,1,0.1150,87.81,4.80,1,0.1607,85.20
52.56,0,73.05,1,0.2651,16.95,2.03,1,0.1160,87.97,4.69,1,0.1606,85.31
52.68,0,74.08,1,0.2668,15.92,1.85,1,0.1174,88.15,4.61,1,0.1606,85.39
52.78,0,74.08,1,0.2668,15.92,1.85,1,0.1174,88.15,4.61,1,0.1606,85.39
52.89,0,75.09,1,0.2685,14.91,1.67,1,0.1186,88.33,4.56,1,0.1608,85.44
52.99,0,75.09,1,0.2685,14.91,1.67,1,0.1186,88.33,4.56,1,0.1608,85.44
53.10,0,76.07,1,0.2702,13.93,1.52,1,0.1198,88.48,4.52,1,0.1609,85.48
53.22,0,77.02,1,0.2716,12.98,1.38,1,0.1213,88.62,4.47,1,0.1608,85.53
53.33,0,77.02,1,0.2716,12.98,1.38,1,0.1213,88.62,4.47,1,0.1608,85.53
53.44,0,77.91,1,0.2728,12.09,1.25,1,0.1231,88.75,4.43,1,0.1603,85.57
53.55,0,77.91,1,0.2728,12.09,1.25,1,0.1231,88.75,4.43,1,0.1603,85.57
53.65,0,78.76,1,0.2740,11.24,1.12,1,0.1250,88.88,4.42,1,0.1600,85.58
53.75,0,78.76,1,0.2740,11.24,1.12,1,0.1250,88.88,4.42,1,0.1600,85.58
53.86,0,79.58,1,0.2754,10.42,0.99,1,0.1269,89.01,4.45,1,0.1600,85.55
53.96,0,79.58,1,0.2754,10.42,0.99,1,0.1269,89.01,4.45,1,0.1600,85.55
54.06,0,80.39,1,0.2769,9.61,0.88,1,0.1286,89.12,4.50,1,0.1601,85.50
54.16,0,80.39,1,0.2769,9.61,0.88,1,0.1286,89.12,4.50,1,0.1601,85.50
54.27,0,81.18,1,0.2780,8.82,0.81,1,0.1302,89.19,4.54,1,0.1601,85.46
54.37,0,81.18,1,0.2780,8.82,0.81,1,0.1302,89.19,4.54,1,0.1601,85.46
54.48,0,81.91,1,0.2788,8.09,0.76,1,0.1321,89.24,4.59,1,0.1597,85.41
54.59,0,82.59,1,0.2795,7.41,0.72,1,0.1343,89.28,4.64,1,0.1591,85.36
54.69,0,82.59,1,0.2795,7.41,0.72,1,0.1343,89.28,4.64,1,0.1591,85.36
54.81,0,83.24,1,0.2806,6.76,0.68,1,0.1366,89.32,4.74,1,0.1588,85.26
54.91,0,83.24,1,0.2806,6.76,0.68,1,0.1366,89.32,4.74,1,0.1588,85.26
55.03,0,83.88,1,0.2819,6.12,0.65,1,0.1388,89.35,4.86,1,0.1588,85.14
55.13,0,83.89,1,0.2821,6.11,0.64,1,0.1387,89.36,4.88,1,0.1591,85.12
55.25,0,84.51,1,0.2830,5.49,0.65,1,0.1407,89.35,4.99,1,0.1589,85.01
55.36,0,85.10,1,0.2834,4.90,0.68,1,0.1427,89.32,5.11,1,0.1586,84.89
55.47,0,85.10,1,0.2834,4.90,0.68,1,0.1427,89.32,5.11,1,0.1586,84.89
55.57,0,85.63,1,0.2838,4.37,0.73,1,0.1450,89.27,5.22,1,0.1581,84.78
55.69,0,86.13,1,0.2845,3.87,0.77,1,0.1475,89.23,5.36,1,0.1575,84.64
55.80,0,86.13,1,0.2845,3.87,0.77,1,0.1475,89.23,5.36,1,0.1575,84.64
55.91,0,86.64,1,0.2852,3.36,0.84,1,0.1497,89.16,5.51,1,0.1572,84.49
56.01,0,87.11,1,0.2858,2.89,0.92,1,0.1519,89.08,5.67,1,0.1569,84.33
56.12,0,87.11,1,0.2858,2.89,0.92,1,0.1519,89.08,5.67,1,0.1569,84.33
56.22,0,87.55,1,0.2861,2.45,1.02,1,0.1541,88.98,5.83,1,0.1566,84.17
56.32,0,87.55,1,0.2861,2.45,1.02,1,0.1541,88.98,5.83,1,0.1566,84.17
56.42,0,87.96,1,0.2863,2.04,1.12,1,0.1564,88.88,6.00,1,0.1564,84.00
56.52,0,87.96,1,0.2863,2.04,1.12,1,0.1564,88.88,6.00,1,0.1564,84.00
56.64,0,88.35,1,0.2866,1.65,1.23,1,0.1587,88.77,6.17,1,0.1561,83.83
56.75,0,88.72,1,0.2871,1.28,1.36,1,0.1610,88.64,6.34,1,0.1558,83.66
56.87,0,88.72,1,0.2871,1.28,1.36,1,0.1610,88.64,6.34,1,0.1558,83.66
56.98,0,89.06,1,0.2875,0.94,1.48,1,0.1634,88.52,6.52,1,0.1555,83.48
57.08,0,89.37,1,0.2875,0.63,1.61,1,0.1659,88.39,6.52,1,0.1555,83.48
57.20,0,89.37,1,0.2875,0.63,1.61,1,0.1659,88.39,6.69,1,0.1552,83.31
57.32,0,89.64,1,0.2876,0.36,1.75,1,0.1683,88.25,6.86,1,0.1549,83.14
57.42,0,89.64,1,0.2876,0.36,1.75,1,0.1683,88.25,6.86,1,0.1549,83.14
57.52,0,89.86,1,0.2895,0.14,1.78,1,0.1724,88.22,7.09,1,0.1550,82.91
57.62,0,90.07,1,0.2900,-0.07,1.91,1,0.1754,88.09,7.24,1,0.1544,82.76
57.73,0,90.07,1,0.2900,-0.07,1.91,1,0.1754,88.09,7.24,1,0.1544,82.76
57.84,0,90.26,1,0.2907,-0.26,2.02,1,0.1784,87.98,7.41,1,0.1541,82.59
57.94,0,90.26,1,0.2907,-0.26,2.02,1,0.1784,87.98,7.41,1,0.1541,82.59
58.04,0,90.26,1,0.2907,-0.26,2.02,1,0.1784,87.98,7.41,1,0.1541,82.59
58.15,0,90.44,1,0.2910,-0.44,2.12,1,0.1814,87.88,7.58,1,0.1542,82.42
58.25,0,90.44,1,0.2910,-0.44,2.12,1,0.1814,87.88,7.58,1,0.1542,82.42
58.36,0,90.60,1,0.2911,-0.60,2.23,1,0.1840,87.77,7.74,1,0.1543,82.26
58.46,0,90.60,1,0.2911,-0.60,2.23,1,0.1840,87.77,7.74,1,0.1543,82.26
58.56,0,90.72,1,0.2910,-0.72,2.35,1,0.1867,87.65,7.86,1,0.1540,82.14
58.66,0,90.72,1,0.2910,-0.72,2.35,1,0.1867,87.65,7.86,1,0.1540,82.14
58.77,0,90.81,1,0.2912,-0.81,2.46,1,0.1896,87.54,7.95,1,0.1534,82.05
58.87,0,90.81,1,0.2912,-0.81,2.46,1,0.1896,87.54,7.95,1,0.1534,82.05
58.99,0,90.88,1,0.2916,-0.88,2.54,1,0.1929,87.46,8.04,1,0.1529,81.96
59.09,0,90.91,1,0.2919,-0.91,2.59,1,0.1963,87.41,8.15,1,0.1528,81.85
59.19,0,90.91,1,0.2919,-0.91,2.59,1,0.1963,87.41,8.15,1,0.1528,81.85
59.31,0,90.94,1,0.2920,-0.94,2.64,1,0.1994,87.36,8.24,1,0.1530,81.76
59.41,0,90.96,1,0.2920,-0.96,2.70,1,0.2023,87.30,8.30,1,0.1531,81.70
59.52,0,90.96,1,0.2920,-0.96,2.70,1,0.2023,87.30,8.30,1,0.1531,81.70
59.62,0,90.94,1,0.2920,-0.94,2.76,1,0.2052,87.24,8.32,1,0.1527,81.68
59.72,0,90.94,1,0.2920,-0.94,2.76,1,0.2052,87.24,8.32,1,0.1527,81.68
59.83,0,90.88,1,0.2920,-0.88,2.79,1,0.2085,87.21,8.32,1,0.1521,81.68
59.93,0,90.88,1,0.2920,-0.88,2.79,1,0.2085,87.21,8.32,1,0.1521,81.68
60.04,0,90.79,1,0.2921,-0.79,2.83,1,0.2118,87.17,8.32,1,0.1518,81.68
60.15,0,90.70,1,0.2922,-0.70,2.87,1,0.2147,87.13,8.33,1,0.1520,81.67
60.26,0,90.70,1,0.2922,-0.70,2.87,1,0.2147,87.13,8.33,1,0.1520,81.67
60.37,0,90.60,1,0.2923,-0.60,2.93,1,0.2174,87.07,8.32,1,0.1522,81.68
60.47,0,90.60,1,0.2923,-0.60,2.93,1,0.2174,87.07,8.32,1,0.1522,81.68
60.59,0,90.48,1,0.2921,-0.48,3.03,1,0.2197,86.97,8.26,1,0.1522,81.74
60.70,0,90.32,1,0.2918,-0.32,3.15,1,0.2220,86.85,8.17,1,0.1517,81.83
60.81,0,90.32,1,0.2918,-0.32,3.15,1,0.2220,86.85,8.17,1,0.1517,81.83
60.93,0,90.11,1,0.2916,-0.11,3.27,1,0.2244,86.73,8.07,1,0.1512,81.93
61.04,0,89.89,1,0.2918,0.11,3.41,1,0.2265,86.59,7.99,1,0.1511,82.01
61.14,0,89.89,1,0.2918,0.11,3.41,1,0.2265,86.59,7.99,1,0.1511,82.01
61.26,0,89.67,1,0.2920,0.33,3.56,1,0.2285,86.44,7.91,1,0.1515,82.09
61.36,0,89.67,1,0.2920,0.33,3.56,1,0.2285,86.44,7.91,1,0.1515,82.09
61.47,0,89.46,1,0.2919,0.54,3.74,1,0.2301,86.26,7.80,1,0.1517,82.20
61.57,0,89.20,1,0.2913,0.80,3.96,1,0.2315,86.04,7.65,1,0.1515,82.35
61.68,0,89.20,1,0.2913,0.80,3.96,1,0.2315,86.04,7.65,1,0.1515,82.35
61.78,0,88.89,1,0.2909,1.11,4.20,1,0.2328,85.80,7.49,1,0.1510,82.51
61.88,0,88.89,1,0.2909,1.11,4.20,1,0.2328,85.80,7.49,1,0.1510,82.51
62.00,0,88.55,1,0.2908,1.45,4.45,1,0.2341,85.55,7.33,1,0.1507,82.67
62.11,0,88.22,1,0.2911,1.78,4.68,1,0.2353,85.32,7.20,1,0.1508,82.80
62.21,0,88.22,1,0.2911,1.78,4.68,1,0.2353,85.32,7.20,1,0.1508,82.80
62.33,0,87.90,1,0.2911,2.10,4.91,1,0.2361,85.09,7.07,1,0.1512,82.93
62.43,0,87.55,1,0.2906,2.45,5.15,1,0.2364,84.85,6.92,1,0.1514,83.08
62.53,0,87.55,1,0.2906,2.45,5.15,1,0.2364,84.85,6.92,1,0.1514,83.08
62.64,0,87.54,1,0.2904,2.46,5.16,1,0.2364,84.84,6.90,1,0.1510,83.10
62.76,0,87.15,1,0.2898,2.85,5.40,1,0.2364,84.60,6.74,1,0.1510,83.26
62.87,0,86.71,1,0.2894,3.29,5.62,1,0.2362,84.38,6.56,1,0.1505,83.44
62.97,0,86.71,1,0.2894,3.29,5.62,1,0.2362,84.38,6.56,1,0.1505,83.44
63.07,0,86.26,1,0.2896,3.74,5.78,1,0.2359,84.22,6.41,1,0.1503,83.59
63.18,0,86.26,1,0.2896,3.74,5.78,1,0.2359,84.22,6.41,1,0.1503,83.59
63.28,0,85.83,1,0.2896,4.17,5.89,1,0.2352,84.11,6.28,1,0.1507,83.72
63.39,0,85.83,1,0.2896,4.17,5.89,1,0.2352,84.11,6.28,1,0.1507,83.72
63.49,0,85.38,1,0.2891,4.62,5.98,1,0.2335,84.02,6.16,1,0.1511,83.84
63.60,0,85.38,1,0.2891,4.62,5.98,1,0.2335,84.02,6.16,1,0.1511,83.84
63.71,0,84.90,1,0.2882,5.10,6.05,1,0.2310,83.95,6.01,1,0.1510,83.99
63.81,0,84.90,1,0.2882,5.10,6.05,1,0.2310,83.95,6.01,1,0.1510,83.99
63.92,0,84.37,1,0.2875,5.63,6.08,1,0.2280,83.92,5.85,1,0.1505,84.15
64.02,0,84.34,1,0.2878,5.66,6.07,1,0.2285,83.93,5.84,1,0.1500,84.16
64.12,0,83.82,1,0.2873,6.18,6.03,1,0.2252,83.97,5.71,1,0.1500,84.29
64.23,0,83.82,1,0.2873,6.18,6.03,1,0.2252,83.97,5.71,1,0.1500,84.29
64.33,0,83.28,1,0.2873,6.72,5.90,1,0.2223,84.10,5.61,1,0.1500,84.39
64.44,0,83.28,1,0.2873,6.72,5.90,1,0.2223,84.10,5.61,1,0.1500,84.39
64.56,0,82.74,1,0.2869,7.26,5.75,1,0.2186,84.25,5.54,1,0.1504,84.46
64.66,0,82.18,1,0.2860,7.82,5.59,1,0.2142,84.41,5.46,1,0.1507,84.54
64.77,0,80.96,1,0.2845,9.04,5.15,1,0.2061,84.85,5.26,1,0.1497,84.74
64.88,0,80.32,1,0.2843,9.68,4.87,1,0.2026,85.13,5.20,1,0.1494,84.80
65.00,0,79.68,1,0.2839,10.32,4.55,1,0.1990,85.45,5.17,1,0.1496,84.83
65.10,0,79.68,1,0.2839,10.32,4.55,1,0.1990,85.45,5.17,1,0.1496,84.83
65.22,0,79.04,1,0.2832,10.96,4.24,1,0.1950,85.76,5.17,1,0.1500,84.83
65.34,0,78.39,1,0.2823,11.61,3.94,1,0.1909,86.06,5.14,1,0.1500,84.86
65.44,0,78.39,1,0.2823,11.61,3.94,1,0.1909,86.06,5.14,1,0.1500,84.86
65.54,0,77.69,1,0.2813,12.31,3.64,1,0.1872,86.36,5.11,1,0.1494,84.89
65.64,0,77.69,1,0.2813,12.31,3.64,1,0.1872,86.36,5.11,1,0.1494,84.89
65.75,0,76.95,1,0.2806,13.05,3.33,1,0.1839,86.67,5.08,1,0.1488,84.92
65.85,0,76.95,1,0.2806,13.05,3.33,1,0.1839,86.67,5.08,1,0.1488,84.92
65.95,0,76.21,1,0.2801,13.79,3.00,1,0.1808,87.00,5.10,1,0.1486,84.90
66.05,0,76.21,1,0.2801,13.79,3.00,1,0.1808,87.00,5.10,1,0.1486,84.90
66.15,0,75.48,1,0.2795,14.52,2.69,1,0.1774,87.31,5.16,1,0.1489,84.84
66.25,0,75.48,1,0.2795,14.52,2.69,1,0.1774,87.31,5.16,1,0.1489,84.84
66.37,0,74.75,1,0.2786,15.25,2.42,1,0.1737,87.58,5.22,1,0.1492,84.78
66.47,0,74.00,1,0.2774,16.00,2.19,1,0.1699,87.81,5.25,1,0.1489,84.75
66.58,0,74.00,1,0.2774,16.00,2.19,1,0.1699,87.81,5.25,1,0.1489,84.75
66.69,0,73.20,1,0.2762,16.80,1.99,1,0.1666,88.01,5.28,1,0.1482,84.72
66.80,0,73.20,1,0.2762,16.80,1.99,1,0.1666,88.01,5.28,1,0.1482,84.72
66.92,0,72.36,1,0.2753,17.64,1.79,1,0.1638,88.21,5.33,1,0.1476,84.67
67.02,0,72.36,1,0.2753,17.64,1.79,1,0.1638,88.21,5.33,1,0.1476,84.67
67.12,0,71.54,1,0.2746,18.46,1.60,1,0.1609,88.40,5.42,1,0.1476,84.58
67.23,0,71.54,1,0.2746,18.46,1.60,1,0.1609,88.40,5.42,1,0.1476,84.58
67.34,0,70.75,1,0.2738,19.25,1.58,1,0.1610,88.42,5.46,1,0.1482,84.54
67.45,0,70.75,1,0.2738,19.25,1.47,1,0.1575,88.53,5.54,1,0.1480,84.46
67.56,0,69.95,1,0.2726,20.05,1.40,1,0.1538,88.60,5.55,1,0.1483,84.45
67.67,0,69.95,1,0.2726,20.05,1.40,1,0.1538,88.60,5.63,1,0.1481,84.37
67.78,0,69.10,1,0.2711,20.90,1.38,1,0.1504,88.62,5.70,1,0.1476,84.30
67.88,0,69.10,1,0.2711,20.90,1.38,1,0.1504,88.62,5.70,1,0.1476,84.30
67.98,0,68.21,1,0.2697,21.79,1.37,1,0.1476,88.63,5.76,1,0.1467,84.24
68.09,0,68.21,1,0.2697,21.79,1.37,1,0.1476,88.63,5.76,1,0.1467,84.24
68.20,0,67.31,1,0.2687,22.69,1.37,1,0.1451,88.63,5.86,1,0.1463,84.14
68.30,0,67.31,1,0.2687,22.69,1.37,1,0.1451,88.63,5.86,1,0.1463,84.14
68.40,0,66.44,1,0.2680,23.56,1.39,1,0.1421,88.61,6.00,1,0.1465,84.00
68.50,0,66.44,1,0.2680,23.56,1.39,1,0.1421,88.61,6.00,1,0.1465,84.00
68.61,0,65.59,1,0.2669,24.41,1.48,1,0.1386,88.52,6.14,1,0.1469,83.86
68.71,0,65.59,1,0.2669,24.41,1.48,1,0.1386,88.52,6.14,1,0.1469,83.86
68.82,0,64.71,1,0.2653,25.29,1.62,1,0.1352,88.38,6.25,1,0.1468,83.75
68.93,0,63.78,1,0.2635,26.22,1.77,1,0.1324,88.23,6.32,1,0.1460,83.68
69.04,0,63.78,1,0.2635,26.22,1.77,1,0.1324,88.23,6.32,1,0.1460,83.68
69.15,0,62.82,1,0.2621,27.18,1.93,1,0.1301,88.07,6.41,1,0.1452,83.59
69.25,0,62.82,1,0.2621,27.18,1.93,1,0.1301,88.07,6.41,1,0.1452,83.59
69.35,0,61.87,1,0.2611,28.13,2.08,1,0.1278,87.92,6.53,1,0.1451,83.47
69.47,0,60.95,1,0.2601,29.05,2.26,1,0.1249,87.74,6.67,1,0.1455,83.33
69.58,0,60.95,1,0.2601,29.05,2.26,1,0.1249,87.74,6.67,1,0.1455,83.33
69.70,0,60.04,1,0.2586,29.96,2.48,1,0.1217,87.52,6.79,1,0.1457,83.21
69.82,0,59.08,1,0.2566,30.92,2.73,1,0.1190,87.27,6.87,1,0.1453,83.13
69.94,0,59.08,1,0.2566,30.92,2.73,1,0.1190,87.27,6.87,1,0.1453,83.13
70.04,0,58.07,1,0.2546,31.93,2.97,1,0.1172,87.03,6.92,1,0.1444,83.08
70.14,0,58.07,1,0.2546,31.93,2.97,1,0.1172,87.03,6.92,1,0.1444,83.08
70.25,0,57.06,1,0.2532,32.94,3.18,1,0.1157,86.82,6.99,1,0.1438,83.01
70.35,0,57.05,1,0.2538,32.95,3.14,1,0.1161,86.86,7.02,1,0.1441,82.98
70.47,0,56.08,1,0.2521,33.92,3.38,1,0.1139,86.62,7.09,1,0.1439,82.91
70.57,0,55.12,1,0.2507,34.88,3.60,1,0.1114,86.40,7.18,1,0.1442,82.82
70.68,0,55.12,1,0.2507,34.88,3.60,1,0.1114,86.40,7.18,1,0.1442,82.82
70.78,0,54.14,1,0.2487,35.86,3.83,1,0.1092,86.17,7.22,1,0.1441,82.78
70.88,0,54.14,1,0.2487,35.86,3.83,1,0.1092,86.17,7.22,1,0.1441,82.78
71.00,0,53.12,1,0.2464,36.88,4.06,1,0.1080,85.94,7.21,1,0.1434,82.79
71.11,0,52.08,1,0.2444,37.92,4.23,1,0.1076,85.77,7.19,1,0.1424,82.81
71.21,0,52.08,1,0.2444,37.92,4.23,1,0.1076,85.77,7.19,1,0.1424,82.81
71.32,0,51.02,1,0.2430,38.98,4.36,1,0.1072,85.64,7.18,1,0.1419,82.82
71.42,0,51.02,1,0.2430,38.98,4.36,1,0.1072,85.64,7.18,1,0.1419,82.82
71.53,0,50.00,1,0.2416,40.00,4.48,1,0.1063,85.52,7.16,1,0.1419,82.84
71.64,0,49.01,1,0.2398,40.99,4.61,1,0.1051,85.39,7.07,1,0.1419,82.93
71.74,0,49.01,1,0.2398,40.99,4.61,1,0.1051,85.39,7.07,1,0.1419,82.93
71.85,0,47.99,1,0.2375,42.01,4.73,1,0.1047,85.27,6.87,1,0.1414,83.13
71.95,0,47.99,1,0.2375,42.01,4.73,1,0.1047,85.27,6.87,1,0.1414,83.13
72.07,0,46.92,1,0.2351,43.08,4.81,1,0.1054,85.19,6.59,1,0.1402,83.41
72.17,0,45.82,1,0.2330,44.18,4.82,1,0.1067,85.18,6.29,1,0.1391,83.71
72.27,0,44.75,1,0.2314,45.25,4.78,1,0.1075,85.22,5.99,1,0.1386,84.01
72.38,0,44.75,1,0.2314,45.25,4.78,1,0.1075,85.22,5.99,1,0.1386,84.01
72.48,0,43.71,1,0.2298,46.29,4.75,1,0.1076,85.25,5.70,1,0.1386,84.30
72.59,0,43.71,1,0.2298,46.29,4.75,1,0.1076,85.25,5.70,1,0.1386,84.30
72.70,0,42.67,1,0.2277,47.33,4.74,1,0.1081,85.26,5.38,1,0.1384,84.62
72.80,0,41.60,1,0.2250,48.40,4.70,1,0.1095,85.30,5.02,1,0.1376,84.98
72.91,0,41.60,1,0.2250,48.40,4.70,1,0.1095,85.30,5.02,1,0.1376,84.98
73.03,0,40.48,1,0.2225,49.52,4.59,1,0.1116,85.41,4.63,1,0.1363,85.37
73.14,0,39.36,1,0.2204,50.64,4.44,1,0.1135,85.56,4.26,1,0.1353,85.74
73.26,0,39.36,1,0.2204,50.64,4.44,1,0.1135,85.56,4.26,1,0.1353,85.74
73.37,0,38.25,1,0.2186,51.75,4.30,1,0.1147,85.70,3.93,1,0.1352,86.07
73.47,0,38.25,1,0.2186,51.75,4.30,1,0.1147,85.70,3.93,1,0.1352,86.07
73.58,0,37.19,1,0.2167,52.81,4.19,1,0.1155,85.81,3.62,1,0.1354,86.38
73.69,0,36.10,1,0.2143,53.90,4.06,1,0.1169,85.94,3.27,1,0.1351,86.73
73.80,0,36.12,1,0.2142,53.88,4.08,1,0.1167,85.92,3.28,1,0.1352,86.72
73.90,0,35.02,1,0.2118,54.98,3.93,1,0.1181,86.07,2.94,1,0.1349,87.06
74.01,0,33.91,1,0.2092,56.09,3.78,1,0.1197,86.22,2.61,1,0.1346,87.39
74.11,0,33.91,1,0.2092,56.09,3.78,1,0.1197,86.22,2.61,1,0.1346,87.39
74.23,0,32.79,1,0.2067,57.21,3.64,1,0.1215,86.36,2.30,1,0.1343,87.70
74.33,0,32.79,1,0.2067,57.21,3.64,1,0.1215,86.36,2.30,1,0.1343,87.70
74.45,0,31.68,1,0.2042,58.32,3.51,1,0.1233,86.49,2.00,1,0.1340,88.00
74.56,0,30.55,1,0.2016,59.45,3.37,1,0.1251,86.63,1.72,1,0.1337,88.28
74.66,0,30.55,1,0.2016,59.45,3.37,1,0.1251,86.63,1.72,1,0.1337,88.28
74.78,0,29.41,1,0.1990,60.59,3.23,1,0.1268,86.77,1.46,1,0.1335,88.54
74.89,0,28.27,1,0.1963,61.73,3.10,1,0.1287,86.90,1.23,1,0.1332,88.77
75.00,0,28.27,1,0.1963,61.73,3.10,1,0.1287,86.90,1.23,1,0.1332,88.77
75.12,0,27.13,1,0.1937,62.87,2.99,1,0.1307,87.01,1.01,1,0.1330,88.99
75.22,0,27.13,1,0.1937,62.87,2.99,1,0.1307,87.01,1.01,1,0.1330,88.99
75.33,0,25.98,1,0.1910,64.02,2.89,1,0.1327,87.11,0.82,1,0.1328,89.18
75.43,0,24.60,1,0.1890,65.40,2.63,1,0.1359,87.37,0.64,1,0.1305,89.36
75.53,0,24.60,1,0.1890,65.40,2.63,1,0.1359,87.37,0.64,1,0.1305,89.36
75.64,0,23.47,1,0.1863,66.53,2.57,1,0.1374,87.43,0.52,1,0.1307,89.48
75.75,0,22.29,1,0.1831,67.71,2.53,1,0.1399,87.47,0.38,1,0.1299,89.62
75.86,0,22.29,1,0.1831,67.71,2.53,1,0.1399,87.47,0.38,1,0.1299,89.62
75.97,0,21.05,1,0.1797,68.95,2.47,1,0.1427,87.53,0.25,1,0.1286,89.75
76.07,0,21.05,1,0.1797,68.95,2.47,1,0.1427,87.53,0.25,1,0.1286,89.75
76.18,0,19.79,1,0.1770,70.21,2.39,1,0.1450,87.61,0.19,1,0.1276,89.81
76.28,0,19.79,1,0.1770,70.21,2.39,1,0.1450,87.61,0.19,1,0.1276,89.81
76.38,0,18.58,1,0.1747,71.42,2.33,1,0.1463,87.67,0.20,1,0.1275,89.80
76.48,0,18.58,1,0.1747,71.42,2.33,1,0.1463,87.67,0.20,1,0.1275,89.80
76.58,0,17.42,1,0.1723,72.58,2.32,1,0.1474,87.68,0.25,1,0.1279,89.75
76.69,0,16.23,1,0.1691,73.77,2.36,1,0.1493,87.64,0.28,1,0.1277,89.72
76.81,0,16.23,1,0.1691,73.77,2.36,1,0.1493,87.64,0.28,1,0.1277,89.72
76.92,0,14.97,1,0.1655,75.03,2.39,1,0.1519,87.61,0.29,1,0.1265,89.71
77.04,0,13.68,1,0.1621,76.32,2.38,1,0.1544,87.62,0.33,1,0.1249,89.67
77.15,0,12.39,1,0.1594,77.61,2.36,1,0.1561,87.64,0.44,1,0.1241,89.56
77.26,0,12.39,1,0.1594,77.61,2.36,1,0.1561,87.64,0.44,1,0.1241,89.56
77.37,0,11.14,1,0.1570,78.86,2.39,1,0.1572,87.61,0.61,1,0.1242,89.39
77.48,0,9.93,1,0.1541,80.07,2.48,1,0.1585,87.52,0.80,1,0.1243,89.20
77.59,0,9.93,1,0.1541,80.07,2.48,1,0.1585,87.52,0.80,1,0.1243,89.20
77.69,0,8.68,1,0.1505,81.32,2.59,1,0.1606,87.41,0.95,1,0.1236,89.05
77.81,0,7.35,1,0.1467,82.65,2.67,1,0.1632,87.33,1.08,1,0.1221,88.92
77.91,0,7.35,1,0.1467,82.65,2.67,1,0.1632,87.33,1.08,1,0.1221,88.92
78.02,0,5.99,1,0.1433,84.01,2.70,1,0.1651,87.30,1.26,1,0.1205,88.74
78.12,0,4.65,1,0.1405,85.35,2.73,1,0.1662,87.27,1.51,1,0.1199,88.49
78.23,0,4.65,1,0.1405,85.35,2.73,1,0.1662,87.27,1.51,1,0.1199,88.49
78.35,0,3.38,1,0.1379,86.62,2.81,1,0.1671,87.19,1.79,1,0.1201,88.21
78.45,0,2.11,1,0.1347,87.89,2.94,1,0.1685,87.06,2.06,1,0.1200,87.94
78.57,0,2.11,1,0.1347,87.89,2.94,1,0.1685,87.06,2.06,1,0.1200,87.94
78.68,0,0.77,1,0.1307,89.23,3.04,1,0.1704,86.96,2.28,1,0.1189,87.72
78.79,0,0.63,1,0.1267,89.37,3.08,1,0.1721,86.92,2.50,1,0.1171,87.50
78.90,0,0.63,1,0.1267,89.37,3.08,1,0.1721,86.92,2.50,1,0.1171,87.50
79.00,0,2.05,1,0.1234,87.95,3.08,1,0.1732,86.92,2.76,1,0.1157,87.24
79.10,0,2.05,1,0.1234,87.95,3.08,1,0.1732,86.92,2.76,1,0.1157,87.24
79.22,0,3.42,1,0.1207,86.58,3.12,1,0.1740,86.88,3.07,1,0.1154,86.93
79.33,0,3.42,1,0.1207,86.58,3.12,1,0.1740,86.88,3.07,1,0.1154,86.93
79.43,0,4.75,1,0.1177,85.25,3.21,1,0.1747,86.79,3.39,1,0.1156,86.61
79.53,0,4.75,1,0.1177,85.25,3.21,1,0.1747,86.79,3.39,1,0.1156,86.61
79.63,0,6.08,1,0.1140,83.92,3.30,1,0.1759,86.70,3.67,1,0.1152,86.33
79.74,0,6.08,1,0.1140,83.92,3.30,1,0.1759,86.70,3.67,1,0.1152,86.33
79.84,0,7.49,1,0.1098,82.51,3.35,1,0.1774,86.65,3.89,1,0.1138,86.11
79.95,0,7.49,1,0.1098,82.51,3.35,1,0.1774,86.65,3.89,1,0.1138,86.11
80.06,0,8.97,1,0.1059,81.03,3.35,1,0.1789,86.65,4.11,1,0.1121,85.89
80.17,0,10.46,1,0.1026,79.54,3.34,1,0.1800,86.66,4.37,1,0.1110,85.63
80.29,0,10.46,1,0.1026,79.54,3.34,1,0.1800,86.66,4.37,1,0.1110,85.63
80.39,0,11.87,1,0.0998,78.13,3.36,1,0.1805,86.64,4.67,1,0.1110,85.33
80.49,0,13.25,1,0.0965,76.75,3.38,1,0.1801,86.62,4.70,1,0.1117,85.30
80.61,0,13.25,1,0.0965,76.75,3.42,1,0.1812,86.58,4.94,1,0.1112,85.06
80.71,0,14.66,1,0.0925,75.34,3.48,1,0.1825,86.52,5.15,1,0.1105,84.85
80.81,0,16.18,1,0.0882,73.82,3.50,1,0.1844,86.50,5.30,1,0.1089,84.70
80.92,0,16.18,1,0.0882,73.82,3.50,1,0.1844,86.50,5.30,1,0.1089,84.70
81.03,0,17.73,1,0.0844,72.27,3.47,1,0.1860,86.53,5.46,1,0.1073,84.54
81.13,0,17.79,1,0.0850,72.21,3.41,1,0.1855,86.59,5.48,1,0.1072,84.52
81.24,0,19.26,1,0.0814,70.74,3.43,1,0.1868,86.57,5.66,1,0.1066,84.34
81.35,0,20.73,1,0.0785,69.27,3.43,1,0.1873,86.57,5.87,1,0.1068,84.13
81.47,0,22.18,1,0.0749,67.82,3.47,1,0.1883,86.53,6.03,1,0.1068,83.97
81.59,0,22.18,1,0.0749,67.82,3.47,1,0.1883,86.53,6.03,1,0.1068,83.97
81.70,0,23.69,1,0.0707,66.31,3.50,1,0.1901,86.50,6.11,1,0.1058,83.89
81.80,0,25.29,1,0.0667,64.71,3.48,1,0.1920,86.52,6.16,1,0.1041,83.84
81.91,0,25.29,1,0.0667,64.71,3.48,1,0.1920,86.52,6.16,1,0.1041,83.84
82.02,0,26.92,1,0.0635,63.08,3.41,1,0.1931,86.59,6.22,1,0.1027,83.78
82.13,0,26.96,1,0.0643,63.04,3.35,1,0.1923,86.65,6.25,1,0.1029,83.75
82.25,0,28.51,1,0.0609,61.49,3.34,1,0.1935,86.66,6.31,1,0.1024,83.69
82.36,0,30.03,1,0.0580,59.97,3.34,1,0.1940,86.66,6.39,1,0.1026,83.61
82.46,0,30.03,1,0.0580,59.97,3.34,1,0.1940,86.66,6.39,1,0.1026,83.61
82.58,0,31.56,1,0.0544,58.44,3.37,1,0.1951,86.63,6.40,1,0.1024,83.60
82.68,0,33.17,1,0.0506,56.83,3.39,1,0.1958,86.61,6.36,1,0.1017,83.64
82.80,0,33.17,1,0.0506,56.83,3.37,1,0.1965,86.63,6.35,1,0.1012,83.65
82.91,0,34.87,1,0.0477,55.13,3.30,1,0.1974,86.70,6.27,1,0.0995,83.73
83.03,0,36.58,1,0.0459,53.42,3.20,1,0.1975,86.80,6.21,1,0.0984,83.79
83.13,0,36.58,1,0.0459,53.42,3.20,1,0.1975,86.80,6.21,1,0.0984,83.79
83.24,0,38.22,1,0.0444,51.78,3.13,1,0.1972,86.87,6.18,1,0.0983,83.82
83.35,0,39.81,1,0.0422,50.19,3.14,1,0.1968,86.86,6.22,1,0.0991,83.78
83.46,0,39.81,1,0.0422,50.19,3.12,1,0.1971,86.88,6.13,1,0.0986,83.87
83.58,0,41.43,1,0.0396,48.57,3.13,1,0.1975,86.87,6.00,1,0.0983,84.00
83.68,0,41.43,1,0.0396,48.57,3.13,1,0.1975,86.87,6.00,1,0.0983,84.00
83.79,0,43.14,1,0.0380,46.86,3.10,1,0.1980,86.90,5.82,1,0.0969,84.18
83.90,0,43.14,1,0.0380,46.86,3.10,1,0.1980,86.90,5.82,1,0.0969,84.18
84.01,0,44.93,1,0.0382,45.07,3.00,1,0.1978,87.00,5.63,1,0.0954,84.37
84.11,0,44.93,1,0.0382,45.07,3.00,1,0.1978,87.00,5.63,1,0.0954,84.37
84.23,0,46.70,1,0.0393,43.30,2.87,1,0.1966,87.13,5.49,1,0.0946,84.51
84.33,0,48.39,1,0.0399,41.61,2.79,1,0.1953,87.21,5.36,1,0.0948,84.64
84.44,0,48.39,1,0.0399,41.61,2.79,1,0.1953,87.21,5.36,1,0.0948,84.64
84.55,0,50.05,1,0.0398,39.95,2.76,1,0.1945,87.24,5.20,1,0.0953,84.80
84.65,0,51.76,1,0.0402,38.24,2.73,1,0.1942,87.27,4.98,1,0.0949,85.02
84.76,0,51.76,1,0.0402,38.24,2.73,1,0.1942,87.27,4.98,1,0.0949,85.02
84.86,0,53.56,1,0.0426,36.44,2.63,1,0.1934,87.37,4.73,1,0.0936,85.27
84.96,0,53.56,1,0.0426,36.44,2.63,1,0.1934,87.37,4.73,1,0.0936,85.27
85.07,0,55.42,1,0.0464,34.58,2.46,1,0.1916,87.54,4.50,1,0.0923,85.50
85.18,0,57.24,1,0.0499,32.76,2.38,1,0.1907,87.62,4.53,1,0.0921,85.47
85.28,0,57.24,1,0.0499,32.76,2.30,1,0.1895,87.70,4.32,1,0.0919,85.68
85.40,0,58.98,1,0.0522,31.02,2.20,1,0.1876,87.80,4.16,1,0.0924,85.84
85.52,0,60.68,1,0.0541,29.32,2.16,1,0.1861,87.84,3.96,1,0.0930,86.04
85.62,0,60.68,1,0.0541,29.32,2.16,1,0.1861,87.84,3.96,1,0.0930,86.04
85.73,0,62.47,1,0.0571,27.53,2.11,1,0.1849,87.89,3.72,1,0.0926,86.28
85.83,0,62.47,1,0.0571,27.53,2.11,1,0.1849,87.89,3.72,1,0.0926,86.28
85.94,0,64.36,1,0.0617,25.64,2.00,1,0.1833,88.00,3.46,1,0.0913,86.54
86.05,0,66.26,1,0.0667,23.74,1.86,1,0.1811,88.14,3.25,1,0.0902,86.75
86.17,0,66.26,1,0.0667,23.74,1.86,1,0.1811,88.14,3.25,1,0.0902,86.75
86.28,0,68.09,1,0.0708,21.91,1.74,1,0.1785,88.26,3.10,1,0.0902,86.90
86.39,0,69.86,1,0.0738,20.14,1.71,1,0.1762,88.29,2.95,1,0.0909,87.05
86.49,0,69.86,1,0.0738,20.14,1.71,1,0.1762,88.29,2.95,1,0.0909,87.05
86.59,0,71.63,1,0.0766,18.37,1.72,1,0.1746,88.28,2.77,1,0.0915,87.23
86.69,0,71.63,1,0.0766,18.37,1.72,1,0.1746,88.28,2.77,1,0.0915,87.23
86.79,0,71.63,1,0.0766,18.37,1.72,1,0.1746,88.28,2.77,1,0.0915,87.23
86.91,0,73.47,1,0.0808,16.53,1.73,1,0.1734,88.27,2.55,1,0.0909,87.45
87.02,0,75.39,1,0.0861,14.61,1.68,1,0.1717,88.32,2.35,1,0.0896,87.65
87.12,0,75.39,1,0.0861,14.61,1.68,1,0.1717,88.32,2.35,1,0.0896,87.65
87.24,0,77.31,1,0.0915,12.69,1.60,1,0.1690,88.40,2.21,1,0.0887,87.79
87.35,0,79.16,1,0.0956,10.84,1.56,1,0.1660,88.44,2.13,1,0.0889,87.87
87.46,0,79.16,1,0.0956,10.84,1.56,1,0.1660,88.44,2.13,1,0.0889,87.87
87.56,0,80.93,1,0.0986,9.07,1.61,1,0.1638,88.39,2.04,1,0.0898,87.96
87.66,0,80.93,1,0.0986,9.07,1.61,1,0.1638,88.39,2.04,1,0.0898,87.96
87.77,0,82.71,1,0.1019,7.29,1.71,1,0.1628,88.29,1.91,1,0.0902,88.09
87.87,0,84.60,1,0.1067,5.40,1.72,1,0.1634,88.28,1.86,1,0.0893,88.14
87.99,0,84.60,1,0.1067,5.40,1.79,1,0.1618,88.21,1.77,1,0.0893,88.23
88.11,0,86.55,1,0.1123,3.45,1.78,1,0.1597,88.22,1.66,1,0.0880,88.34
88.22,0,86.55,1,0.1123,3.45,1.78,1,0.1597,88.22,1.66,1,0.0880,88.34
88.33,0,88.44,1,0.1174,1.56,1.75,1,0.1565,88.25,1.63,1,0.0872,88.37
88.43,0,88.44,1,0.1174,1.56,1.75,1,0.1565,88.25,1.63,1,0.0872,88.37
88.55,0,90.25,1,0.1212,-0.25,1.79,1,0.1538,88.21,1.63,1,0.0876,88.37
88.65,0,90.25,1,0.1212,-0.25,1.79,1,0.1538,88.21,1.63,1,0.0876,88.37
88.77,0,92.02,1,0.1243,-2.02,1.94,1,0.1526,88.06,1.62,1,0.0884,88.38
88.88,0,93.83,1,0.1280,-3.83,2.10,1,0.1522,87.90,1.58,1,0.0884,88.42
88.99,0,93.83,1,0.1280,-3.83,2.10,1,0.1522,87.90,1.58,1,0.0884,88.42
89.11,0,95.70,1,0.1329,-5.70,2.18,1,0.1510,87.82,1.53,1,0.0873,88.47
89.22,0,97.61,1,0.1385,-7.61,2.17,1,0.1483,87.83,1.53,1,0.0858,88.47
89.34,0,97.61,1,0.1385,-7.61,2.17,1,0.1483,87.83,1.53,1,0.0858,88.47
89.44,0,99.48,1,0.1433,-9.48,2.18,1,0.1454,87.82,1.60,1,0.0852,88.40
89.54,0,99.48,1,0.1433,-9.48,2.18,1,0.1454,87.82,1.60,1,0.0852,88.40
89.65,0,101.24,1,0.1468,-11.24,2.26,1,0.1437,87.74,1.71,1,0.0857,88.29
89.75,0,102.96,1,0.1497,-12.96,2.42,1,0.1432,87.58,1.78,1,0.0863,88.22
89.87,0,102.96,1,0.1497,-12.96,2.42,1,0.1432,87.58,1.78,1,0.0863,88.22
89.98,0,104.73,1,0.1536,-14.73,2.55,1,0.1426,87.45,1.81,1,0.0859,88.19
90.09,0,106.60,1,0.1587,-16.60,2.59,1,0.1409,87.41,1.85,1,0.0845,88.15
90.20,0,106.70,1,0.1602,-16.70,2.49,1,0.1395,87.51,1.85,1,0.0833,88.15
90.30,0,108.46,1,0.1641,-18.46,2.58,1,0.1382,87.42,1.96,1,0.0830,88.04
90.41,0,110.17,1,0.1682,-20.17,2.59,1,0.1359,87.41,2.12,1,0.0826,87.88
90.51,0,110.12,1,0.1675,-20.12,2.60,1,0.1358,87.40,2.16,1,0.0834,87.84
90.63,0,111.44,1,0.1706,-21.44,2.67,1,0.1346,87.33,2.29,1,0.0831,87.71
90.73,0,112.06,1,0.1718,-22.06,2.79,1,0.1340,87.21,2.42,1,0.0835,87.58
90.84,0,112.06,1,0.1718,-22.06,2.79,1,0.1340,87.21,2.42,1,0.0835,87.58
90.94,0,112.01,1,0.1727,-22.01,2.86,1,0.1330,87.14,2.50,1,0.0827,87.50
91.05,0,112.01,1,0.1727,-22.01,2.86,1,0.1330,87.14,2.50,1,0.0827,87.50
91.16,0,111.31,1,0.1732,-21.31,2.82,1,0.1308,87.18,2.61,1,0.0811,87.39
91.28,0,109.92,1,0.1726,-19.92,2.72,1,0.1279,87.28,2.78,1,0.0797,87.22
91.40,0,109.92,1,0.1726,-19.92,2.72,1,0.1279,87.28,2.78,1,0.0797,87.22
91.52,0,107.80,1,0.1705,-17.80,2.62,1,0.1253,87.38,2.99,1,0.0795,87.01
91.63,0,104.99,1,0.1673,-14.99,2.57,1,0.1236,87.43,3.18,1,0.0802,86.82
91.75,0,104.99,1,0.1673,-14.99,2.57,1,0.1236,87.43,3.18,1,0.0802,86.82
91.86,0,101.65,1,0.1642,-11.65,2.53,1,0.1224,87.47,3.30,1,0.0803,86.70
91.97,0,101.65,1,0.1642,-11.65,2.53,1,0.1224,87.47,3.30,1,0.0803,86.70
92.08,0,97.97,1,0.1619,-7.97,2.40,1,0.1205,87.60,3.39,1,0.0793,86.61
92.19,0,97.97,1,0.1619,-7.97,2.40,1,0.1205,87.60,3.39,1,0.0793,86.61
92.29,0,94.02,1,0.1597,-4.02,2.15,1,0.1172,87.85,3.51,1,0.0777,86.49
92.39,0,89.71,1,0.1562,0.29,1.81,1,0.1133,88.19,3.68,1,0.0767,86.32
92.50,0,89.71,1,0.1562,0.29,1.81,1,0.1133,88.19,3.68,1,0.0767,86.32
92.60,0,85.04,1,0.1514,4.96,1.52,1,0.1101,88.48,3.88,1,0.0769,86.12
92.70,0,85.04,1,0.1514,4.96,1.52,1,0.1101,88.48,3.88,1,0.0769,86.12
92.80,0,80.27,1,0.1469,9.73,1.29,1,0.1081,88.71,4.03,1,0.0776,85.97
92.91,0,80.27,1,0.1469,9.73,1.29,1,0.1081,88.71,4.03,1,0.0776,85.97
93.03,0,75.50,1,0.1421,14.50,1.07,1,0.1065,88.93,4.12,1,0.0776,85.88
93.14,0,70.42,1,0.1338,19.58,0.77,1,0.1041,89.23,4.18,1,0.0765,85.82
93.25,0,70.42,1,0.1338,19.58,0.77,1,0.1041,89.23,4.18,1,0.0765,85.82
93.35,0,64.73,1,0.1199,25.27,0.39,1,0.1008,89.61,4.27,1,0.0750,85.73
93.46,0,64.73,1,0.1199,25.27,0.39,1,0.1008,89.61,4.27,1,0.0750,85.73
93.56,0,58.36,1,0.1020,31.64,0.02,1,0.0977,89.98,4.42,1,0.0743,85.58
93.67,0,58.36,1,0.1020,31.64,0.02,1,0.0977,89.98,4.42,1,0.0743,85.58
93.78,0,51.67,1,0.0837,38.33,0.25,1,0.0959,89.75,4.56,1,0.0748,85.44
93.89,0,51.67,1,0.0837,38.33,0.25,1,0.0959,89.75,4.56,1,0.0748,85.44
94.00,0,45.35,1,0.0679,44.65,0.41,1,0.0958,89.59,4.65,1,0.0755,85.35
94.11,0,45.35,1,0.0679,44.65,0.41,1,0.0958,89.59,4.65,1,0.0755,85.35
94.21,0,39.64,1,0.0503,50.36,0.53,1,0.0964,89.47,4.67,1,0.0754,85.33
94.31,0,39.64,1,0.0503,50.36,0.53,1,0.0964,89.47,4.67,1,0.0754,85.33
94.42,0,34.54,1,0.0308,55.46,0.68,1,0.0966,89.32,4.67,1,0.0743,85.33
94.52,0,34.54,1,0.0308,55.46,0.68,1,0.0966,89.32,4.67,1,0.0743,85.33
94.62,0,29.86,1,0.0135,60.14,0.87,1,0.0959,89.13,4.72,1,0.0730,85.28
94.73,0,29.86,1,0.0135,60.14,0.87,1,0.0959,89.13,4.72,1,0.0730,85.28
94.83,0,29.86,1,0.0135,60.14,0.87,1,0.0959,89.13,4.72,1,0.0730,85.28
94.94,0,25.36,1,0.0042,64.64,1.00,1,0.0954,89.00,4.80,1,0.0728,85.20
95.05,0,25.36,1,0.0042,64.64,1.00,1,0.0954,89.00,4.80,1,0.0728,85.20
95.15,0,20.96,1,0.0142,69.04,0.99,1,0.0959,89.01,4.86,1,0.0740,85.14
95.25,0,20.96,1,0.0142,69.04,0.99,1,0.0959,89.01,4.86,1,0.0740,85.14
95.37,0,16.80,1,0.0254,73.20,0.86,1,0.0979,89.14,4.84,1,0.0751,85.16
95.47,0,16.80,1,0.0254,73.20,0.86,1,0.0979,89.14,4.84,1,0.0751,85.16
95.58,0,16.80,1,0.0254,73.20,0.86,1,0.0979,89.14,4.84,1,0.0751,85.16
95.69,0,13.00,1,0.0366,77.00,0.70,1,0.1004,89.30,4.74,1,0.0752,85.26
95.79,0,13.00,1,0.0366,77.00,0.70,1,0.1004,89.30,4.74,1,0.0752,85.26
95.91,0,9.50,1,0.0477,80.50,0.59,1,0.1025,89.41,4.65,1,0.0744,85.35
96.02,0,9.50,1,0.0477,80.50,0.59,1,0.1025,89.41,4.65,1,0.0744,85.35
96.12,0,9.50,1,0.0477,80.50,0.59,1,0.1025,89.41,4.65,1,0.0744,85.35
96.23,0,6.15,1,0.0587,83.85,0.50,1,0.1037,89.50,4.61,1,0.0740,85.39
96.33,0,6.15,1,0.0587,83.85,0.50,1,0.1037,89.50,4.61,1,0.0740,85.39
96.44,0,2.83,1,0.0691,87.17,0.35,1,0.1049,89.65,4.61,1,0.0747,85.39
96.54,0,0.40,1,0.0781,89.60,0.08,1,0.1067,89.92,4.56,1,0.0763,85.44
96.65,0,0.40,1,0.0781,89.60,0.08,1,0.1067,89.92,4.56,1,0.0763,85.44
96.77,0,3.39,1,0.0858,86.61,0.28,1,0.1097,89.72,4.44,1,0.0777,85.56
96.88,0,3.39,1,0.0858,86.61,0.28,1,0.1097,89.72,4.44,1,0.0777,85.56
96.99,0,6.17,1,0.0931,83.83,0.62,1,0.1134,89.38,4.28,1,0.0781,85.72
97.10,0,8.80,1,0.1010,81.20,0.87,1,0.1167,89.13,4.14,1,0.0777,85.86
97.22,0,8.80,1,0.1010,81.20,0.87,1,0.1167,89.13,4.14,1,0.0777,85.86
97.32,0,8.73,1,0.1021,81.27,0.77,1,0.1163,89.23,4.16,1,0.0765,85.84
97.44,0,11.37,1,0.1094,78.63,1.07,1,0.1193,88.93,4.06,1,0.0777,85.94
97.54,0,13.89,1,0.1172,76.11,1.30,1,0.1216,88.70,4.00,1,0.0789,86.00
97.65,0,13.89,1,0.1172,76.11,1.30,1,0.1216,88.70,4.00,1,0.0789,86.00
97.75,0,16.35,1,0.1236,73.65,1.61,1,0.1245,88.39,3.90,1,0.0809,86.10
97.85,0,16.35,1,0.1236,73.65,1.61,1,0.1245,88.39,3.90,1,0.0809,86.10
97.96,0,18.69,1,0.1290,71.31,1.95,1,0.1286,88.05,3.73,1,0.0825,86.27
98.06,0,20.88,1,0.1343,69.12,2.22,1,0.1332,87.78,3.54,1,0.0831,86.46
98.17,0,20.88,1,0.1343,69.12,2.22,1,0.1332,87.78,3.54,1,0.0831,86.46
98.28,0,22.96,1,0.1404,67.04,2.37,1,0.1370,87.63,3.39,1,0.0830,86.61
98.38,0,22.96,1,0.1404,67.04,2.37,1,0.1370,87.63,3.39,1,0.0830,86.61
98.49,0,24.94,1,0.1470,65.06,2.49,1,0.1397,87.51,3.30,1,0.0833,86.70
98.59,0,26.87,1,0.1528,63.13,2.66,1,0.1420,87.34,3.24,1,0.0848,86.76
98.71,0,26.87,1,0.1528,63.13,2.66,1,0.1420,87.34,3.24,1,0.0848,86.76
98.82,0,28.75,1,0.1572,61.25,2.88,1,0.1448,87.12,3.13,1,0.0870,86.87
98.92,0,28.75,1,0.1572,61.25,2.88,1,0.1448,87.12,3.13,1,0.0870,86.87
99.04,0,30.54,1,0.1606,59.46,3.10,1,0.1482,86.90,2.96,1,0.0887,87.04
99.16,0,32.20,1,0.1644,57.80,3.24,1,0.1517,86.76,2.79,1,0.0892,87.21
99.28,0,32.20,1,0.1644,57.80,3.24,1,0.1517,86.76,2.79,1,0.0892,87.21
99.38,0,33.74,1,0.1691,56.26,3.28,1,0.1544,86.72,2.67,1,0.0890,87.33
99.50,0,33.74,1,0.1691,56.26,3.28,1,0.1544,86.72,2.67,1,0.0890,87.33
99.60,0,35.24,1,0.1742,54.76,3.29,1,0.1563,86.71,2.62,1,0.0894,87.38
99.71,0,35.24,1,0.1742,54.76,3.29,1,0.1563,86.71,2.62,1,0.0894,87.38
99.81,0,36.75,1,0.1784,53.25,3.37,1,0.1578,86.63,2.59,1,0.0912,87.41
99.92,0,38.24,1,0.1813,51.76,3.43,1,0.1575,86.57,2.59,1,0.0922,87.41
100.03,0,38.24,1,0.1813,51.76,3.51,1,0.1596,86.49,2.51,1,0.0935,87.49
100.14,0,39.63,1,0.1834,50.37,3.64,1,0.1621,86.36,2.38,1,0.0950,87.62
100.25,0,40.90,1,0.1862,49.10,3.68,1,0.1648,86.32,2.26,1,0.0952,87.74
100.37,0,40.90,1,0.1862,49.10,3.68,1,0.1648,86.32,2.26,1,0.0952,87.74
100.48,0,42.08,1,0.1900,47.92,3.65,1,0.1667,86.35,2.21,1,0.0949,87.79
100.60,0,43.27,1,0.1942,46.73,3.61,1,0.1677,86.39,2.23,1,0.0954,87.77
100.71,0,43.30,1,0.1947,46.70,3.61,1,0.1668,86.39,2.28,1,0.0961,87.72
100.81,0,44.48,1,0.1975,45.52,3.64,1,0.1683,86.36,2.25,1,0.0973,87.75
100.91,0,45.66,1,0.1991,44.34,3.70,1,0.1681,86.30,2.23,1,0.0982,87.77
101.02,0,45.66,1,0.1991,44.34,3.71,1,0.1694,86.29,2.22,1,0.0995,87.78
101.13,0,46.73,1,0.2003,43.27,3.77,1,0.1713,86.23,2.13,1,0.1006,87.87
101.24,0,46.73,1,0.2003,43.27,3.77,1,0.1713,86.23,2.13,1,0.1006,87.87
101.34,0,47.67,1,0.2025,42.33,3.74,1,0.1734,86.26,2.08,1,0.1005,87.92
101.45,0,48.58,1,0.2060,41.42,3.64,1,0.1748,86.36,2.10,1,0.1001,87.90
101.55,0,48.58,1,0.2060,41.42,3.64,1,0.1748,86.36,2.10,1,0.1001,87.90
101.66,0,49.53,1,0.2095,40.47,3.56,1,0.1751,86.44,2.19,1,0.1008,87.81
101.77,0,49.53,1,0.2095,40.47,3.56,1,0.1751,86.44,2.19,1,0.1008,87.81
101.88,0,50.49,1,0.2115,39.51,3.55,1,0.1752,86.45,2.25,1,0.1027,87.75
101.99,0,51.38,1,0.2121,38.62,3.60,1,0.1758,86.40,2.25,1,0.1047,87.75
102.10,0,51.38,1,0.2121,38.62,3.60,1,0.1758,86.40,2.25,1,0.1047,87.75
102.20,0,52.17,1,0.2127,37.83,3.62,1,0.1774,86.38,2.22,1,0.1054,87.78
102.31,0,52.89,1,0.2147,37.11,3.56,1,0.1791,86.44,2.23,1,0.1050,87.77
102.42,0,52.89,1,0.2147,37.11,3.56,1,0.1791,86.44,2.23,1,0.1050,87.77
102.52,0,53.58,1,0.2178,36.42,3.44,1,0.1799,86.56,2.32,1,0.1046,87.68
102.63,0,54.30,1,0.2205,35.70,3.35,1,0.1797,86.65,2.46,1,0.1055,87.54
102.74,0,55.02,1,0.2216,34.98,3.37,1,0.1789,86.63,2.48,1,0.1064,87.52
102.85,0,55.02,1,0.2216,34.98,3.34,1,0.1792,86.66,2.56,1,0.1075,87.44
102.96,0,55.69,1,0.2215,34.31,3.39,1,0.1796,86.61,2.59,1,0.1092,87.41
103.06,0,56.26,1,0.2218,33.74,3.40,1,0.1809,86.60,2.60,1,0.1096,87.40
103.18,0,56.26,1,0.2218,33.74,3.40,1,0.1809,86.60,2.60,1,0.1096,87.40
103.29,0,56.75,1,0.2237,33.25,3.31,1,0.1820,86.69,2.65,1,0.1090,87.35
103.39,0,57.25,1,0.2264,32.75,3.18,1,0.1821,86.82,2.79,1,0.1088,87.21
103.49,0,57.25,1,0.2264,32.75,3.18,1,0.1821,86.82,2.79,1,0.1088,87.21
103.61,0,57.78,1,0.2283,32.22,3.08,1,0.1812,86.92,2.95,1,0.1099,87.05
103.72,0,58.32,1,0.2272,31.68,3.12,1,0.1807,86.88,2.99,1,0.1124,87.01
103.83,0,59.13,1,0.2282,30.87,3.00,1,0.1813,87.00,3.10,1,0.1136,86.90
103.94,0,59.44,1,0.2299,30.56,2.86,1,0.1819,87.14,3.18,1,0.1129,86.82
104.06,0,59.76,1,0.2321,30.24,2.71,1,0.1815,87.29,3.32,1,0.1129,86.68
104.16,0,59.76,1,0.2321,30.24,2.71,1,0.1815,87.29,3.32,1,0.1129,86.68
104.27,0,60.12,1,0.2332,29.88,2.63,1,0.1804,87.37,3.47,1,0.1143,86.53
104.38,0,60.47,1,0.2328,29.53,2.62,1,0.1794,87.38,3.55,1,0.1164,86.45
104.50,0,60.75,1,0.2319,29.25,2.63,1,0.1794,87.37,3.56,1,0.1178,86.44
104.60,0,60.75,1,0.2319,29.25,2.63,1,0.1794,87.37,3.56,1,0.1178,86.44
104.71,0,60.93,1,0.2321,29.07,2.58,1,0.1801,87.42,3.56,1,0.1178,86.44
104.81,0,61.06,1,0.2336,28.94,2.46,1,0.1806,87.54,3.63,1,0.1172,86.37
104.91,0,61.06,1,0.2336,28.94,2.46,1,0.1806,87.54,3.63,1,0.1172,86.37
105.02,0,61.23,1,0.2353,28.77,2.33,1,0.1801,87.67,3.75,1,0.1175,86.25
105.14,0,61.44,1,0.2358,28.56,2.29,1,0.1788,87.71,3.86,1,0.1192,86.14
105.25,0,61.44,1,0.2358,28.56,2.29,1,0.1788,87.71,3.86,1,0.1192,86.14
105.37,0,61.62,1,0.2349,28.38,2.31,1,0.1776,87.69,3.89,1,0.1214,86.11
105.48,0,61.62,1,0.2349,28.38,2.31,1,0.1776,87.69,3.89,1,0.1214,86.11
105.59,0,61.72,1,0.2338,28.28,2.35,1,0.1776,87.65,3.86,1,0.1227,86.14
105.69,0,61.72,1,0.2338,28.28,2.35,1,0.1776,87.65,3.86,1,0.1227,86.14
105.81,0,61.72,1,0.2339,28.28,2.32,1,0.1785,87.68,3.83,1,0.1226,86.17
105.91,0,61.72,1,0.2339,28.28,2.32,1,0.1785,87.68,3.83,1,0.1226,86.17
106.02,0,61.71,1,0.2353,28.29,2.22,1,0.1789,87.78,3.86,1,0.1222,86.14
106.13,0,61.74,1,0.2366,28.26,2.14,1,0.1781,87.86,3.94,1,0.1229,86.06
106.23,0,61.74,1,0.2366,28.26,2.14,1,0.1781,87.86,3.94,1,0.1229,86.06
106.35,0,61.80,1,0.2366,28.20,2.14,1,0.1771,87.86,3.99,1,0.1236,86.01
106.45,0,61.80,1,0.2366,28.20,2.13,1,0.1764,87.87,4.00,1,0.1249,86.00
106.55,0,61.80,1,0.2366,28.20,2.13,1,0.1764,87.87,4.00,1,0.1249,86.00
106.66,0,61.83,1,0.2351,28.17,2.20,1,0.1752,87.80,3.96,1,0.1272,86.04
106.77,0,61.83,1,0.2351,28.17,2.20,1,0.1752,87.80,3.96,1,0.1272,86.04
106.88,0,61.76,1,0.2338,28.24,2.26,1,0.1753,87.74,3.87,1,0.1284,86.13
106.99,0,61.62,1,0.2340,28.38,2.25,1,0.1760,87.75,3.79,1,0.1283,86.21
107.10,0,61.62,1,0.2340,28.38,2.25,1,0.1760,87.75,3.79,1,0.1283,86.21
107.21,0,61.47,1,0.2352,28.53,2.17,1,0.1756,87.83,3.79,1,0.1281,86.21
107.33,0,61.38,1,0.2361,28.62,2.10,1,0.1737,87.90,3.83,1,0.1292,86.17
107.44,0,61.38,1,0.2361,28.62,2.10,1,0.1737,87.90,3.83,1,0.1292,86.17
107.54,0,61.31,1,0.2354,28.69,2.13,1,0.1714,87.87,3.83,1,0.1315,86.17
107.66,0,61.18,1,0.2337,28.82,2.21,1,0.1698,87.79,3.74,1,0.1338,86.26
107.77,0,60.97,1,0.2323,29.03,2.27,1,0.1692,87.73,3.62,1,0.1346,86.38
107.88,0,60.69,1,0.2324,29.31,2.23,1,0.1685,87.77,3.55,1,0.1343,86.45
107.98,0,60.69,1,0.2324,29.31,2.23,1,0.1685,87.77,3.55,1,0.1343,86.45
108.09,0,60.42,1,0.2334,29.58,2.15,1,0.1669,87.85,3.55,1,0.1341,86.45
108.20,0,60.21,1,0.2338,29.79,2.10,1,0.1645,87.90,3.59,1,0.1353,86.41
108.32,0,60.21,1,0.2338,29.79,2.10,1,0.1645,87.90,3.59,1,0.1353,86.41
108.43,0,60.01,1,0.2326,29.99,2.15,1,0.1619,87.85,3.59,1,0.1374,86.41
108.53,0,60.01,1,0.2326,29.99,2.15,1,0.1619,87.85,3.59,1,0.1374,86.41
108.65,0,59.75,1,0.2304,30.25,2.23,1,0.1597,87.77,3.51,1,0.1392,86.49
108.76,0,59.39,1,0.2290,30.61,2.27,1,0.1582,87.73,3.39,1,0.1397,86.61
108.87,0,59.39,1,0.2290,30.61,2.27,1,0.1582,87.73,3.39,1,0.1397,86.61
108.97,0,58.99,1,0.2290,31.01,2.23,1,0.1571,87.77,3.33,1,0.1392,86.67
109.07,0,58.99,1,0.2290,31.01,2.23,1,0.1571,87.77,3.33,1,0.1392,86.67
109.18,0,58.61,1,0.2297,31.39,2.15,1,0.1556,87.85,3.35,1,0.1390,86.65
109.29,0,58.61,1,0.2297,31.39,2.15,1,0.1556,87.85,3.35,1,0.1390,86.65
109.39,0,58.28,1,0.2296,31.72,2.12,1,0.1531,87.88,3.39,1,0.1402,86.61
109.49,0,58.28,1,0.2296,31.72,2.12,1,0.1531,87.88,3.39,1,0.1402,86.61
109.60,0,57.97,1,0.2279,32.03,2.17,1,0.1500,87.83,3.37,1,0.1424,86.63
109.70,0,57.58,1,0.2255,32.42,2.26,1,0.1473,87.74,3.28,1,0.1441,86.72
109.81,0,57.58,1,0.2255,32.42,2.26,1,0.1473,87.74,3.28,1,0.1441,86.72
109.92,0,57.10,1,0.2240,32.90,2.29,1,0.1458,87.71,3.17,1,0.1443,86.83
110.04,0,56.68,1,0.2229,33.32,2.32,1,0.1433,87.68,3.16,1,0.1455,86.84
110.15,0,56.24,1,0.2218,33.76,2.32,1,0.1433,87.68,3.16,1,0.1455,86.84
110.26,0,56.24,1,0.2218,33.76,2.33,1,0.1413,87.67,3.15,1,0.1465,86.85
110.37,0,55.78,1,0.2207,34.22,2.33,1,0.1393,87.67,3.14,1,0.1476,86.86
110.47,0,55.78,1,0.2207,34.22,2.33,1,0.1393,87.67,3.14,1,0.1476,86.86
110.58,0,54.81,1,0.2183,35.19,2.35,1,0.1341,87.65,3.14,1,0.1496,86.86
110.70,0,54.30,1,0.2170,35.70,2.38,1,0.1318,87.62,3.15,1,0.1504,86.85
110.81,0,53.24,1,0.2144,36.76,2.37,1,0.1284,87.63,3.22,1,0.1521,86.78
110.92,0,52.47,1,0.2168,37.53,2.13,1,0.1310,87.87,3.28,1,0.1480,86.72
111.02,0,51.94,1,0.2143,38.06,2.21,1,0.1278,87.79,3.31,1,0.1500,86.69
111.14,0,51.33,1,0.2116,38.67,2.31,1,0.1261,87.69,3.23,1,0.1520,86.77
111.25,0,50.64,1,0.2100,39.36,2.31,1,0.1274,87.69,3.12,1,0.1528,86.88
111.35,0,49.94,1,0.2098,40.06,2.20,1,0.1304,87.80,3.06,1,0.1531,86.94
111.45,0,49.94,1,0.2098,40.06,2.20,1,0.1304,87.80,3.06,1,0.1531,86.94
111.56,0,49.30,1,0.2097,40.70,2.08,1,0.1319,87.92,3.05,1,0.1543,86.95
111.66,0,49.30,1,0.2097,40.70,2.08,1,0.1319,87.92,3.05,1,0.1543,86.95
111.78,0,48.71,1,0.2082,41.29,2.02,1,0.1319,87.98,3.02,1,0.1573,86.98
111.88,0,48.71,1,0.2082,41.29,2.02,1,0.1319,87.98,3.02,1,0.1573,86.98
111.98,0,48.09,1,0.2053,41.91,2.09,1,0.1309,87.91,2.99,1,0.1584,87.01
112.09,0,48.09,1,0.2053,41.91,2.02,1,0.1326,87.98,2.91,1,0.1613,87.09
112.21,0,47.37,1,0.2024,42.63,2.00,1,0.1362,88.00,2.75,1,0.1643,87.25
112.31,0,47.37,1,0.2024,42.63,2.00,1,0.1362,88.00,2.75,1,0.1643,87.25
112.43,0,46.59,1,0.2008,43.41,1.88,1,0.1418,88.12,2.62,1,0.1651,87.38
112.53,0,45.81,1,0.2005,44.19,1.71,1,0.1472,88.29,2.59,1,0.1650,87.41
112.63,0,45.81,1,0.2005,44.19,1.71,1,0.1472,88.29,2.59,1,0.1650,87.41
112.74,0,45.10,1,0.2000,44.90,1.58,1,0.1508,88.42,2.63,1,0.1660,87.37
112.84,0,45.10,1,0.2000,44.90,1.58,1,0.1508,88.42,2.63,1,0.1660,87.37
112.95,0,44.43,1,0.1981,45.57,1.54,1,0.1532,88.46,2.66,1,0.1687,87.34
113.06,0,43.73,1,0.1949,46.27,1.56,1,0.1562,88.44,2.62,1,0.1716,87.38
113.17,0,43.73,1,0.1949,46.27,1.56,1,0.1562,88.44,2.62,1,0.1716,87.38
113.27,0,42.93,1,0.1919,47.07,1.56,1,0.1610,88.44,2.53,1,0.1727,87.47
113.38,0,42.93,1,0.1919,47.07,1.56,1,0.1610,88.44,2.53,1,0.1727,87.47
113.49,0,42.06,1,0.1903,47.94,1.50,1,0.1664,88.50,2.50,1,0.1720,87.50
113.61,0,41.21,1,0.1898,48.79,1.41,1,0.1710,88.59,2.58,1,0.1711,87.42
113.71,0,41.21,1,0.1898,48.79,1.41,1,0.1710,88.59,2.58,1,0.1711,87.42
113.82,0,40.44,1,0.1890,49.56,1.38,1,0.1740,88.62,2.72,1,0.1716,87.28
113.93,0,39.70,1,0.1866,50.30,1.45,1,0.1760,88.55,2.84,1,0.1734,87.16
114.03,0,39.70,1,0.1866,50.30,1.45,1,0.1760,88.55,2.84,1,0.1734,87.16
114.14,0,38.91,1,0.1831,51.09,1.57,1,0.1784,88.43,2.89,1,0.1747,87.11
114.24,0,38.91,1,0.1831,51.09,1.57,1,0.1784,88.43,2.89,1,0.1747,87.11
114.35,0,38.03,1,0.1800,51.97,1.69,1,0.1820,88.31,2.89,1,0.1744,87.11
114.46,0,37.08,1,0.1783,52.92,1.75,1,0.1861,88.25,2.93,1,0.1726,87.07
114.56,0,37.08,1,0.1783,52.92,1.75,1,0.1861,88.25,2.93,1,0.1726,87.07
114.67,0,36.17,1,0.1776,53.83,1.80,1,0.1893,88.20,3.07,1,0.1712,86.93
114.78,0,36.17,1,0.1776,53.83,1.80,1,0.1893,88.20,3.07,1,0.1712,86.93
114.88,0,35.34,1,0.1764,54.66,1.89,1,0.1910,88.11,3.24,1,0.1711,86.76
114.99,0,34.54,1,0.1737,55.46,2.06,1,0.1918,87.94,3.38,1,0.1720,86.62
115.10,0,34.54,1,0.1737,55.46,2.06,1,0.1918,87.94,3.38,1,0.1720,86.62
115.21,0,33.67,1,0.1699,56.33,2.29,1,0.1934,87.71,3.45,1,0.1723,86.55
115.32,0,32.70,1,0.1666,57.30,2.51,1,0.1963,87.49,3.51,1,0.1712,86.49
115.42,0,32.70,1,0.1666,57.30,2.51,1,0.1963,87.49,3.51,1,0.1712,86.49
115.54,0,31.69,1,0.1648,58.31,2.64,1,0.1992,87.36,3.62,1,0.1690,86.38
115.64,0,31.69,1,0.1648,58.31,2.64,1,0.1992,87.36,3.62,1,0.1690,86.38
115.74,0,30.73,1,0.1640,59.27,2.72,1,0.2007,87.28,3.81,1,0.1671,86.19
115.85,0,30.73,1,0.1640,59.27,2.72,1,0.2007,87.28,3.81,1,0.1671,86.19
115.95,0,29.84,1,0.1624,60.16,2.84,1,0.2007,87.16,4.04,1,0.1665,85.96
116.07,0,28.97,1,0.1592,61.03,3.03,1,0.2007,86.97,4.23,1,0.1669,85.77
116.18,0,28.97,1,0.1592,61.03,3.03,1,0.2007,86.97,4.23,1,0.1669,85.77
116.29,0,28.03,1,0.1552,61.97,3.26,1,0.2014,86.74,4.34,1,0.1668,85.66
116.39,0,28.03,1,0.1552,61.97,3.26,1,0.2014,86.74,4.34,1,0.1668,85.66
116.49,0,26.99,1,0.1518,63.01,3.42,1,0.2029,86.58,4.43,1,0.1653,85.57
116.59,0,25.91,1,0.1500,64.09,3.48,1,0.2040,86.52,4.57,1,0.1627,85.43
116.71,0,25.91,1,0.1500,64.09,3.48,1,0.2040,86.52,4.57,1,0.1627,85.43
116.81,0,24.89,1,0.1489,65.11,3.48,1,0.2040,86.52,4.80,1,0.1604,85.20
116.92,0,24.93,1,0.1497,65.07,3.45,1,0.2031,86.55,4.87,1,0.1607,85.13
117.03,0,23.95,1,0.1470,66.05,3.52,1,0.2028,86.48,5.06,1,0.1596,84.94
117.14,0,23.02,1,0.1435,66.98,3.58,1,0.2018,86.42,5.07,1,0.1609,84.93
117.24,0,23.02,1,0.1435,66.98,3.62,1,0.2016,86.38,5.27,1,0.1599,84.73
117.35,0,22.01,1,0.1392,67.99,3.69,1,0.2012,86.31,5.39,1,0.1597,84.61
117.45,0,22.01,1,0.1392,67.99,3.69,1,0.2012,86.31,5.39,1,0.1597,84.61
117.56,0,20.90,1,0.1358,69.10,3.68,1,0.2013,86.32,5.47,1,0.1577,84.53
117.67,0,20.90,1,0.1358,69.10,3.68,1,0.2013,86.32,5.47,1,0.1577,84.53
117.78,0,19.76,1,0.1340,70.24,3.57,1,0.2010,86.43,5.62,1,0.1547,84.38
117.88,0,19.76,1,0.1340,70.24,3.57,1,0.2010,86.43,5.62,1,0.1547,84.38
118.00,0,18.70,1,0.1328,71.30,3.41,1,0.1996,86.59,5.85,1,0.1524,84.15
118.11,0,18.75,1,0.1333,71.25,3.40,1,0.1985,86.60,5.92,1,0.1529,84.08
118.23,0,17.71,1,0.1305,72.29,3.29,1,0.1974,86.71,6.10,1,0.1518,83.90
118.35,0,16.72,1,0.1266,73.28,3.21,1,0.1951,86.79,6.25,1,0.1522,83.75
118.45,0,16.72,1,0.1266,73.28,3.21,1,0.1951,86.79,6.25,1,0.1522,83.75
118.55,0,15.63,1,0.1222,74.37,3.12,1,0.1933,86.88,6.30,1,0.1516,83.70
118.66,0,15.63,1,0.1222,74.37,3.12,1,0.1933,86.88,6.30,1,0.1516,83.70
118.76,0,14.45,1,0.1189,75.55,2.94,1,0.1920,87.06,6.33,1,0.1493,83.67
118.87,0,14.45,1,0.1189,75.55,2.94,1,0.1920,87.06,6.33,1,0.1493,83.67
118.98,0,13.25,1,0.1170,76.75,2.66,1,0.1904,87.34,6.44,1,0.1463,83.56
119.08,0,13.25,1,0.1170,76.75,2.66,1,0.1904,87.34,6.44,1,0.1463,83.56
119.18,0,12.14,1,0.1156,77.86,2.36,1,0.1876,87.64,6.63,1,0.1443,83.37
119.30,0,11.09,1,0.1129,78.91,2.12,1,0.1838,87.88,6.79,1,0.1439,83.21
119.41,0,11.09,1,0.1129,78.91,2.12,1,0.1838,87.88,6.79,1,0.1439,83.21
119.52,0,10.03,1,0.1088,79.97,1.94,1,0.1796,88.06,6.84,1,0.1442,83.16
119.64,0,8.87,1,0.1043,81.13,1.76,1,0.1763,88.24,6.80,1,0.1435,83.20
119.75,0,8.87,1,0.1043,81.13,1.76,1,0.1763,88.24,6.80,1,0.1435,83.20
119.85,0,7.61,1,0.1010,82.39,1.53,1,0.1741,88.47,6.77,1,0.1413,83.23
119.95,0,7.61,1,0.1010,82.39,1.53,1,0.1741,88.47,6.77,1,0.1413,83.23
120.07,0,6.36,1,0.0992,83.64,1.23,1,0.1717,88.77,6.80,1,0.1384,83.20
120.17,0,6.36,1,0.0992,83.64,1.23,1,0.1717,88.77,6.80,1,0.1384,83.20
120.29,0,5.19,1,0.0976,84.81,0.94,1,0.1677,89.06,6.88,1,0.1366,83.12
120.40,0,5.19,1,0.0976,84.81,0.94,1,0.1677,89.06,6.88,1,0.1366,83.12
120.50,0,5.19,1,0.0976,84.81,0.94,1,0.1677,89.06,6.88,1,0.1366,83.12
120.60,0,4.08,1,0.0945,85.92,0.76,1,0.1624,89.24,6.93,1,0.1366,83.07
120.71,0,4.08,1,0.0945,85.92,0.76,1,0.1624,89.24,6.93,1,0.1366,83.07
120.82,0,2.95,1,0.0901,87.05,0.68,1,0.1575,89.32,6.88,1,0.1371,83.12
120.93,0,1.71,1,0.0856,88.29,0.61,1,0.1542,89.39,6.75,1,0.1365,83.25
121.03,0,1.71,1,0.0856,88.29,0.61,1,0.1542,89.39,6.75,1,0.1365,83.25
121.15,0,0.38,1,0.0826,89.62,0.47,1,0.1518,89.53,6.63,1,0.1344,83.37
121.25,0,0.94,1,0.0810,89.06,0.29,1,0.1486,89.71,6.57,1,0.1317,83.43
121.36,0,0.94,1,0.0810,89.06,0.29,1,0.1486,89.71,6.57,1,0.1317,83.43
121.46,0,2.17,1,0.0792,87.83,0.16,1,0.1435,89.84,6.57,1,0.1303,83.43
121.56,0,2.17,1,0.0792,87.83,0.16,1,0.1435,89.84,6.57,1,0.1303,83.43
121.67,0,3.34,1,0.0759,86.66,0.17,1,0.1374,89.83,6.54,1,0.1305,83.46
121.78,0,3.29,1,0.0744,86.71,0.25,1,0.1371,89.75,6.50,1,0.1318,83.50
121.90,0,4.55,1,0.0714,85.45,0.28,1,0.1323,89.72,6.41,1,0.1312,83.59
122.00,0,4.55,1,0.0714,85.45,0.28,1,0.1323,89.72,6.41,1,0.1312,83.59
122.12,0,5.89,1,0.0672,84.11,0.39,1,0.1289,89.61,6.21,1,0.1307,83.79
122.22,0,7.30,1,0.0648,82.70,0.34,1,0.1309,89.66,6.14,1,0.1291,83.86
122.32,0,7.30,1,0.0648,82.70,0.42,1,0.1260,89.58,6.03,1,0.1285,83.97
122.42,0,8.69,1,0.0636,81.31,0.43,1,0.1220,89.57,5.93,1,0.1260,84.07
122.53,0,8.69,1,0.0636,81.31,0.43,1,0.1220,89.57,5.93,1,0.1260,84.07
122.64,0,9.99,1,0.0619,80.01,0.50,1,0.1162,89.50,5.89,1,0.1249,84.11
122.74,0,9.99,1,0.0619,80.01,0.50,1,0.1162,89.50,5.89,1,0.1249,84.11
122.84,0,11.24,1,0.0585,78.76,0.71,1,0.1098,89.29,5.82,1,0.1253,84.18
122.96,0,11.24,1,0.0585,78.76,0.71,1,0.1098,89.29,5.82,1,0.1253,84.18
123.07,0,12.55,1,0.0543,77.45,0.98,1,0.1046,89.02,5.66,1,0.1261,84.34
123.17,0,12.55,1,0.0543,77.45,0.98,1,0.1046,89.02,5.66,1,0.1261,84.34
123.27,0,12.55,1,0.0543,77.45,0.98,1,0.1046,89.02,5.66,1,0.1261,84.34
123.37,0,12.62,1,0.0537,77.38,1.03,1,0.1062,88.97,5.55,1,0.1261,84.45
123.49,0,13.98,1,0.0513,76.02,1.23,1,0.1011,88.77,5.43,1,0.1255,84.57
123.59,0,13.98,1,0.0513,76.02,1.23,1,0.1011,88.77,5.43,1,0.1255,84.57
123.70,0,15.49,1,0.0502,74.51,1.38,1,0.0979,88.62,5.24,1,0.1233,84.76
123.81,0,16.88,1,0.0482,73.12,1.60,1,0.0927,88.40,5.13,1,0.1228,84.87
123.93,0,18.29,1,0.0464,71.71,1.60,1,0.0927,88.40,5.13,1,0.1228,84.87
124.04,0,18.34,1,0.0487,71.66,1.67,1,0.0871,88.33,5.12,1,0.1200,84.88
124.15,0,19.68,1,0.0460,70.32,1.96,1,0.0809,88.04,5.06,1,0.1207,84.94
124.27,0,21.09,1,0.0434,68.91,2.28,1,0.0766,87.72,4.90,1,0.1214,85.10
124.39,0,21.09,1,0.0434,68.91,2.28,1,0.0766,87.72,4.90,1,0.1214,85.10
124.50,0,22.63,1,0.0429,67.37,2.55,1,0.0741,87.45,4.70,1,0.1207,85.30
124.61,0,24.25,1,0.0444,65.75,2.72,1,0.0714,87.28,4.55,1,0.1185,85.45
124.72,0,24.25,1,0.0444,65.75,2.72,1,0.0714,87.28,4.55,1,0.1185,85.45
124.84,0,25.81,1,0.0459,64.19,2.85,1,0.0674,87.15,4.50,1,0.1163,85.50
124.95,0,27.28,1,0.0459,62.72,3.05,1,0.0627,86.95,4.51,1,0.1154,85.49
125.05,0,27.28,1,0.0459,62.72,3.05,1,0.0627,86.95,4.51,1,0.1154,85.49
125.16,0,28.73,1,0.0452,61.27,3.35,1,0.0587,86.65,4.48,1,0.1161,85.52
125.27,0,28.73,1,0.0452,61.27,3.35,1,0.0587,86.65,4.48,1,0.1161,85.52
125.39,0,30.27,1,0.0458,59.73,3.67,1,0.0565,86.33,4.36,1,0.1167,85.64
125.49,0,30.27,1,0.0458,59.73,3.67,1,0.0565,86.33,4.36,1,0.1167,85.64
125.59,0,31.94,1,0.0489,58.06,3.91,1,0.0555,86.09,4.20,1,0.1158,85.80
125.69,0,31.94,1,0.0489,58.06,3.91,1,0.0555,86.09,4.20,1,0.1158,85.80
125.79,0,33.68,1,0.0529,56.32,4.07,1,0.0541,85.93,4.11,1,0.1135,85.89
125.90,0,33.68,1,0.0529,56.32,4.07,1,0.0541,85.93,4.11,1,0.1135,85.89
126.00,0,35.35,1,0.0559,54.65,4.22,1,0.0515,85.78,4.13,1,0.1112,85.87
126.11,0,35.35,1,0.0559,54.65,4.22,1,0.0515,85.78,4.13,1,0.1112,85.87
126.22,0,36.93,1,0.0574,53.07,4.45,1,0.0482,85.55,4.19,1,0.1105,85.81
126.32,0,36.85,1,0.0562,53.15,4.51,1,0.0476,85.49,4.21,1,0.1117,85.79
126.43,0,38.50,1,0.0588,51.50,4.75,1,0.0458,85.25,4.20,1,0.1111,85.80
126.54,0,40.19,1,0.0621,49.81,5.05,1,0.0453,84.95,4.13,1,0.1115,85.87
126.64,0,42.01,1,0.0673,47.99,5.24,1,0.0463,84.76,4.04,1,0.1104,85.96
126.76,0,42.01,1,0.0673,47.99,5.24,1,0.0463,84.76,4.04,1,0.1104,85.96
126.87,0,43.89,1,0.0725,46.11,5.30,1,0.0466,84.70,4.02,1,0.1080,85.98
126.97,0,45.68,1,0.0763,44.32,5.33,1,0.0453,84.67,4.10,1,0.1057,85.90
127.07,0,45.68,1,0.0763,44.32,5.33,1,0.0453,84.67,4.10,1,0.1057,85.90
127.18,0,47.40,1,0.0787,42.60,5.42,1,0.0436,84.58,4.22,1,0.1050,85.78
127.28,0,47.40,1,0.0787,42.60,5.42,1,0.0436,84.58,4.22,1,0.1050,85.78
127.39,0,49.12,1,0.0816,40.88,5.59,1,0.0434,84.41,4.28,1,0.1055,85.72
127.50,0,50.96,1,0.0864,39.04,5.75,1,0.0451,84.25,4.26,1,0.1058,85.74
127.60,0,51.09,1,0.0884,38.91,5.74,1,0.0470,84.26,4.15,1,0.1053,85.85
127.71,0,52.94,1,0.0925,37.06,5.81,1,0.0472,84.19,4.22,1,0.1045,85.78
127.81,0,52.94,1,0.0925,37.06,5.81,1,0.0472,84.19,4.22,1,0.1045,85.78
127.91,0,54.95,1,0.0981,35.05,5.76,1,0.0480,84.24,4.27,1,0.1020,85.73
128.03,0,56.87,1,0.1022,33.13,5.70,1,0.0474,84.30,4.41,1,0.0998,85.59
128.14,0,56.87,1,0.1022,33.13,5.70,1,0.0474,84.30,4.41,1,0.0998,85.59
128.24,0,56.87,1,0.1022,33.13,5.70,1,0.0474,84.30,4.41,1,0.0998,85.59
128.34,0,58.71,1,0.1052,31.29,5.70,1,0.0462,84.30,4.48,1,0.0999,85.52
128.46,0,58.71,1,0.1052,31.29,5.73,1,0.0468,84.27,4.57,1,0.0991,85.43
128.56,0,60.57,1,0.1089,29.43,5.83,1,0.0478,84.17,4.66,1,0.0997,85.34
128.67,0,60.57,1,0.1089,29.43,5.83,1,0.0478,84.17,4.66,1,0.0997,85.34
128.79,0,62.55,1,0.1144,27.45,5.90,1,0.0500,84.10,4.67,1,0.0999,85.33
128.90,0,62.70,1,0.1165,27.30,5.88,1,0.0517,84.12,4.57,1,0.0992,85.43
129.00,0,64.66,1,0.1209,25.34,5.87,1,0.0521,84.13,4.68,1,0.0985,85.32
129.12,0,66.78,1,0.1267,23.22,5.73,1,0.0531,84.27,4.77,1,0.0959,85.23
129.22,0,68.79,1,0.1309,21.21,5.58,1,0.0531,84.42,4.95,1,0.0937,85.05
129.33,0,68.79,1,0.1309,21.21,5.58,1,0.0531,84.42,4.95,1,0.0937,85.05
129.45,0,70.71,1,0.1341,19.29,5.49,1,0.0531,84.51,5.14,1,0.0931,84.86
129.56,0,72.66,1,0.1381,17.34,5.45,1,0.0543,84.55,5.25,1,0.0937,84.75
129.66,0,74.75,1,0.1439,15.25,5.51,1,0.0559,84.49,5.16,1,0.0945,84.84
129.78,0,74.75,1,0.1439,15.25,5.35,1,0.0568,84.65,5.29,1,0.0938,84.71
129.88,0,76.94,1,0.1505,13.06,5.16,1,0.0593,84.84,5.19,1,0.0931,84.81
129.98,0,76.94,1,0.1505,13.06,5.16,1,0.0593,84.84,5.32,1,0.0923,84.68
130.08,0,79.10,1,0.1562,10.90,5.05,1,0.0594,84.95,5.31,1,0.0906,84.69
130.20,0,79.10,1,0.1562,10.90,4.89,1,0.0606,85.11,5.44,1,0.0899,84.56
130.32,0,81.13,1,0.1602,8.87,4.65,1,0.0608,85.35,5.64,1,0.0881,84.36
130.42,0,81.13,1,0.1602,8.87,4.65,1,0.0608,85.35,5.64,1,0.0881,84.36
130.54,0,83.09,1,0.1634,6.91,4.48,1,0.0610,85.52,5.83,1,0.0878,84.17
130.64,0,83.09,1,0.1634,6.91,4.48,1,0.0610,85.52,5.83,1,0.0878,84.17
130.75,0,85.10,1,0.1676,4.90,4.38,1,0.0627,85.62,5.92,1,0.0887,84.08
130.86,0,85.10,1,0.1676,4.90,4.38,1,0.0627,85.62,5.92,1,0.0887,84.08
130.96,0,87.22,1,0.1734,2.78,4.25,1,0.0656,85.75,5.94,1,0.0890,84.06
131.06,0,87.22,1,0.1734,2.78,4.25,1,0.0656,85.75,5.94,1,0.0890,84.06
131.17,0,89.43,1,0.1798,0.57,4.02,1,0.0682,85.98,5.97,1,0.0879,84.03
131.28,0,89.43,1,0.1798,0.57,4.02,1,0.0682,85.98,5.97,1,0.0879,84.03
131.38,0,91.59,1,0.1853,-1.59,3.73,1,0.0693,86.27,6.08,1,0.0859,83.92
131.48,0,91.59,1,0.1853,-1.59,3.73,1,0.0693,86.27,6.08,1,0.0859,83.92
131.59,0,93.61,1,0.1890,-3.61,3.48,1,0.0693,86.52,6.25,1,0.0845,83.75
131.70,0,93.61,1,0.1890,-3.61,3.48,1,0.0693,86.52,6.25,1,0.0845,83.75
131.82,0,95.55,1,0.1920,-5.55,3.33,1,0.0697,86.67,6.39,1,0.0847,83.61
131.93,0,95.55,1,0.1920,-5.55,3.33,1,0.0697,86.67,6.39,1,0.0847,83.61
132.04,0,97.55,1,0.1961,-7.55,3.25,1,0.0718,86.75,6.44,1,0.0858,83.56
132.14,0,97.64,1,0.1977,-7.64,3.30,1,0.0735,86.70,6.33,1,0.0866,83.67
132.25,0,99.67,1,0.2019,-9.67,3.15,1,0.0749,86.85,6.42,1,0.0865,83.58
132.37,0,101.84,1,0.2081,-11.84,2.94,1,0.0772,87.06,6.41,1,0.0857,83.59
132.47,0,101.84,1,0.2081,-11.84,2.94,1,0.0772,87.06,6.41,1,0.0857,83.59
132.57,0,103.92,1,0.2131,-13.92,2.69,1,0.0778,87.31,6.47,1,0.0842,83.53
132.67,0,103.92,1,0.2131,-13.92,2.69,1,0.0778,87.31,6.47,1,0.0842,83.53
132.79,0,105.88,1,0.2164,-15.88,2.50,1,0.0776,87.50,6.54,1,0.0836,83.46
132.89,0,105.88,1,0.2164,-15.88,2.50,1,0.0776,87.50,6.54,1,0.0836,83.46
133.01,0,107.77,1,0.2192,-17.77,2.44,1,0.0782,87.56,6.53,1,0.0847,83.47
133.11,0,107.77,1,0.2192,-17.77,2.44,1,0.0782,87.56,6.53,1,0.0847,83.47
133.23,0,109.70,1,0.2229,-19.70,2.44,1,0.0804,87.56,6.41,1,0.0867,83.59
133.34,0,109.70,1,0.2229,-19.70,2.44,1,0.0804,87.56,6.41,1,0.0867,83.59
133.45,0,111.69,1,0.2283,-21.69,2.39,1,0.0832,87.61,6.23,1,0.0880,83.77
133.56,0,111.69,1,0.2283,-21.69,2.39,1,0.0832,87.61,6.23,1,0.0880,83.77
133.66,0,113.40,1,0.2339,-23.40,2.25,1,0.0849,87.75,6.07,1,0.0878,83.93
133.78,0,114.41,1,0.2374,-24.41,2.08,1,0.0851,87.92,6.00,1,0.0870,84.00
133.88,0,114.41,1,0.2374,-24.41,2.08,1,0.0851,87.92,6.00,1,0.0870,84.00
133.99,0,114.52,1,0.2381,-24.52,2.00,1,0.0848,88.00,5.97,1,0.0869,84.03
134.09,0,113.83,1,0.2375,-23.83,2.05,1,0.0845,87.95,6.01,1,0.0877,83.99
134.21,0,113.83,1,0.2375,-23.83,2.04,1,0.0854,87.96,5.92,1,0.0883,84.08
134.33,0,112.58,1,0.2377,-22.58,2.13,1,0.0875,87.87,5.77,1,0.0903,84.23
134.43,0,112.70,1,0.2395,-22.70,2.15,1,0.0891,87.85,5.66,1,0.0908,84.34
134.55,0,110.93,1,0.2392,-20.93,2.16,1,0.0899,87.84,5.57,1,0.0915,84.43
134.66,0,108.90,1,0.2405,-18.90,2.10,1,0.0912,87.90,5.39,1,0.0912,84.61
134.76,0,108.90,1,0.2405,-18.90,2.10,1,0.0912,87.90,5.39,1,0.0912,84.61
134.88,0,106.33,1,0.2397,-16.33,2.04,1,0.0910,87.96,5.31,1,0.0903,84.69
134.99,0,103.15,1,0.2366,-13.15,2.07,1,0.0906,87.93,5.29,1,0.0903,84.71
135.11,0,103.15,1,0.2366,-13.15,2.07,1,0.0906,87.93,5.29,1,0.0903,84.71
135.21,0,103.15,1,0.2366,-13.15,2.07,1,0.0906,87.93,5.29,1,0.0903,84.71
135.33,0,99.47,1,0.2333,-9.47,2.21,1,0.0912,87.79,5.23,1,0.0918,84.77
135.44,0,95.54,1,0.2309,-5.54,2.38,1,0.0933,87.62,5.07,1,0.0939,84.93
135.54,0,95.54,1,0.2309,-5.54,2.38,1,0.0933,87.62,5.07,1,0.0939,84.93
135.64,0,91.40,1,0.2285,-1.40,2.48,1,0.0954,87.52,4.87,1,0.0948,85.13
135.76,0,91.40,1,0.2285,-1.40,2.48,1,0.0954,87.52,4.87,1,0.0948,85.13
135.87,0,86.97,1,0.2241,3.03,2.51,1,0.0962,87.49,4.72,1,0.0942,85.28
135.97,0,86.97,1,0.2241,3.03,2.51,1,0.0962,87.49,4.72,1,0.0942,85.28
136.08,0,82.25,1,0.2175,7.75,2.53,1,0.0957,87.47,4.67,1,0.0931,85.33
136.18,0,82.25,1,0.2175,7.75,2.53,1,0.0957,87.47,4.67,1,0.0931,85.33
136.28,0,77.33,1,0.2092,12.67,2.65,1,0.0952,87.35,4.68,1,0.0932,85.32
136.39,0,77.33,1,0.2092,12.67,2.65,1,0.0952,87.35,4.68,1,0.0932,85.32
136.49,0,71.90,1,0.1970,18.10,2.87,1,0.0960,87.13,4.63,1,0.0948,85.37
136.59,0,71.90,1,0.1970,18.10,2.87,1,0.0960,87.13,4.63,1,0.0948,85.37
136.70,0,65.88,1,0.1805,24.12,3.11,1,0.0980,86.89,4.48,1,0.0967,85.52
136.80,0,65.88,1,0.1805,24.12,3.11,1,0.0980,86.89,4.48,1,0.0967,85.52
136.92,0,59.62,1,0.1645,30.38,3.27,1,0.0999,86.73,4.31,1,0.0973,85.69
137.02,0,59.62,1,0.1645,30.38,3.27,1,0.0999,86.73,4.31,1,0.0973,85.69
137.12,0,53.51,1,0.1505,36.49,3.34,1,0.1004,86.66,4.21,1,0.0964,85.79
137.22,0,53.51,1,0.1505,36.49,3.34,1,0.1004,86.66,4.21,1,0.0964,85.79
137.33,0,47.78,1,0.1329,42.22,3.42,1,0.0997,86.58,4.21,1,0.0953,85.79
137.43,0,47.71,1,0.1317,42.29,3.41,1,0.0987,86.59,4.29,1,0.0950,85.71
137.54,0,42.61,1,0.1126,47.39,3.59,1,0.0992,86.41,4.24,1,0.0955,85.76
137.65,0,37.92,1,0.0958,52.08,3.86,1,0.1002,86.14,4.20,1,0.0972,85.80
137.75,0,37.92,1,0.0958,52.08,3.86,1,0.1002,86.14,4.20,1,0.0972,85.80
137.86,0,37.94,1,0.0971,52.06,3.93,1,0.1018,86.07,4.12,1,0.0984,85.88
137.97,0,33.51,1,0.0835,56.49,4.13,1,0.1024,85.87,4.08,1,0.0989,85.92
138.09,0,29.31,1,0.0735,60.69,4.30,1,0.1041,85.70,3.95,1,0.0992,86.05
138.19,0,29.31,1,0.0735,60.69,4.30,1,0.1041,85.70,3.95,1,0.0992,86.05
138.30,0,25.41,1,0.0638,64.59,4.38,1,0.1043,85.62,3.90,1,0.0981,86.10
138.40,0,25.41,1,0.0638,64.59,4.38,1,0.1043,85.62,3.90,1,0.0981,86.10
138.51,0,21.75,1,0.0537,68.25,4.47,1,0.1036,85.53,3.94,1,0.0970,86.06
138.61,0,21.75,1,0.0537,68.25,4.47,1,0.1036,85.53,3.94,1,0.0970,86.06
138.72,0,18.26,1,0.0448,71.74,4.66,1,0.1034,85.34,4.01,1,0.0973,85.99
138.82,0,18.26,1,0.0448,71.74,4.66,1,0.1034,85.34,4.01,1,0.0973,85.99
138.92,0,14.90,1,0.0378,75.10,4.92,1,0.1048,85.08,4.01,1,0.0990,85.99
139.02,0,14.90,1,0.0378,75.10,4.92,1,0.1048,85.08,4.01,1,0.0990,85.99
139.13,0,11.70,1,0.0331,78.30,5.15,1,0.1070,84.85,3.93,1,0.1005,86.07
139.24,0,11.70,1,0.0331,78.30,5.15,1,0.1070,84.85,3.93,1,0.1005,86.07
139.34,0,8.77,1,0.0318,81.23,5.29,1,0.1085,84.71,3.86,1,0.1004,86.14
139.44,0,8.77,1,0.0318,81.23,5.29,1,0.1085,84.71,3.86,1,0.1004,86.14
139.54,0,6.07,1,0.0339,83.93,5.35,1,0.1086,84.65,3.86,1,0.0990,86.14
139.64,0,6.07,1,0.0339,83.93,5.35,1,0.1086,84.65,3.86,1,0.0990,86.14
139.75,0,3.46,1,0.0375,86.54,5.43,1,0.1079,84.57,3.96,1,0.0979,86.04
139.86,0,3.46,1,0.0375,86.54,5.43,1,0.1079,84.57,3.96,1,0.0979,86.04
139.96,0,0.83,1,0.0405,89.17,5.60,1,0.1079,84.40,4.07,1,0.0982,85.93
140.06,0,0.83,1,0.0405,89.17,5.60,1,0.1079,84.40,4.07,1,0.0982,85.93
140.18,0,1.76,1,0.0430,88.24,5.83,1,0.1095,84.17,4.10,1,0.0999,85.90
140.28,0,1.76,1,0.0430,88.24,5.83,1,0.1095,84.17,4.10,1,0.0999,85.90
140.38,0,4.16,1,0.0466,85.84,6.03,1,0.1117,83.97,4.07,1,0.1011,85.93
140.48,0,4.16,1,0.0466,85.84,6.03,1,0.1117,83.97,4.07,1,0.1011,85.93
140.60,0,6.32,1,0.0527,83.68,6.12,1,0.1132,83.88,4.05,1,0.1006,85.95
140.70,0,6.32,1,0.0527,83.68,6.12,1,0.1132,83.88,4.05,1,0.1006,85.95
140.81,0,8.38,1,0.0603,81.62,6.13,1,0.1131,83.87,4.11,1,0.0991,85.89
140.93,0,8.38,1,0.0615,81.62,6.05,1,0.1118,83.95,4.17,1,0.0978,85.83
141.04,0,10.50,1,0.0669,79.50,6.17,1,0.1125,83.83,4.25,1,0.0979,85.75
141.14,0,12.66,1,0.0714,77.34,6.31,1,0.1129,83.69,4.40,1,0.0984,85.60
141.26,0,12.66,1,0.0714,77.34,6.31,1,0.1129,83.69,4.40,1,0.0984,85.60
141.36,0,14.70,1,0.0747,75.30,6.49,1,0.1148,83.51,4.47,1,0.1000,85.53
141.46,0,14.70,1,0.0747,75.30,6.49,1,0.1148,83.51,4.47,1,0.1000,85.53
141.56,0,16.48,1,0.0787,73.52,6.63,1,0.1172,83.37,4.47,1,0.1009,85.53
141.66,0,16.48,1,0.0787,73.52,6.63,1,0.1172,83.37,4.47,1,0.1009,85.53
141.77,0,18.09,1,0.0844,71.91,6.64,1,0.1186,83.36,4.48,1,0.1002,85.52
141.87,0,19.67,1,0.0908,70.33,6.59,1,0.1186,83.41,4.58,1,0.0985,85.42
141.98,0,19.67,1,0.0908,70.33,6.59,1,0.1186,83.41,4.58,1,0.0985,85.42
142.08,0,21.32,1,0.0961,68.68,6.57,1,0.1183,83.43,4.76,1,0.0975,85.24
142.20,0,22.95,1,0.0995,67.05,6.65,1,0.1190,83.35,4.93,1,0.0982,85.07
142.32,0,22.95,1,0.0995,67.05,6.65,1,0.1190,83.35,4.93,1,0.0982,85.07
142.42,0,24.45,1,0.1019,65.55,6.76,1,0.1213,83.24,5.01,1,0.0998,84.99
142.53,0,25.77,1,0.1050,64.23,6.81,1,0.1239,83.19,5.02,1,0.1006,84.98
142.65,0,25.77,1,0.1050,64.23,6.81,1,0.1239,83.19,5.02,1,0.1006,84.98
142.75,0,26.98,1,0.1096,63.02,6.73,1,0.1253,83.27,5.06,1,0.0997,84.94
142.86,0,28.19,1,0.1148,61.81,6.60,1,0.1254,83.40,5.18,1,0.0981,84.82
142.96,0,28.19,1,0.1148,61.81,6.60,1,0.1254,83.40,5.18,1,0.0981,84.82
143.06,0,29.46,1,0.1190,60.54,6.51,1,0.1253,83.49,5.35,1,0.0975,84.65
143.16,0,30.71,1,0.1213,59.29,6.52,1,0.1264,83.48,5.47,1,0.0986,84.53
143.28,0,30.71,1,0.1213,59.29,6.52,1,0.1264,83.48,5.47,1,0.0986,84.53
143.38,0,31.87,1,0.1228,58.13,6.56,1,0.1290,83.44,5.49,1,0.1003,84.51
143.48,0,32.89,1,0.1252,57.11,6.58,1,0.1303,83.42,5.39,1,0.1008,84.61
143.60,0,32.89,1,0.1252,57.11,6.51,1,0.1316,83.49,5.44,1,0.1012,84.56
143.72,0,33.82,1,0.1292,56.18,6.35,1,0.1329,83.65,5.42,1,0.1005,84.58
143.83,0,34.77,1,0.1336,55.23,6.16,1,0.1330,83.84,5.48,1,0.0993,84.52
143.93,0,34.77,1,0.1336,55.23,6.16,1,0.1330,83.84,5.48,1,0.0993,84.52
144.03,0,35.74,1,0.1368,54.26,6.02,1,0.1331,83.98,5.59,1,0.0991,84.41
144.14,0,36.72,1,0.1383,53.28,5.98,1,0.1345,84.02,5.65,1,0.1005,84.35
144.26,0,36.72,1,0.1383,53.28,5.98,1,0.1345,84.02,5.65,1,0.1005,84.35
144.37,0,37.62,1,0.1392,52.38,5.95,1,0.1372,84.05,5.60,1,0.1024,84.40
144.48,0,38.39,1,0.1412,51.61,5.85,1,0.1398,84.15,5.51,1,0.1032,84.49
144.59,0,38.39,1,0.1412,51.61,5.85,1,0.1398,84.15,5.51,1,0.1032,84.49
144.71,0,39.07,1,0.1447,50.93,5.64,1,0.1411,84.36,5.45,1,0.1026,84.55
144.82,0,39.76,1,0.1484,50.24,5.40,1,0.1411,84.60,5.47,1,0.1015,84.53
144.94,0,40.52,1,0.1507,49.48,5.25,1,0.1413,84.75,5.52,1,0.1016,84.48
145.06,0,40.52,1,0.1507,49.48,5.25,1,0.1413,84.75,5.52,1,0.1016,84.48
145.17,0,41.29,1,0.1513,48.71,5.19,1,0.1429,84.81,5.52,1,0.1033,84.48
145.28,0,41.95,1,0.1516,48.05,5.15,1,0.1456,84.85,5.42,1,0.1053,84.58
145.38,0,41.95,1,0.1516,48.05,5.15,1,0.1456,84.85,5.42,1,0.1053,84.58
145.48,0,42.46,1,0.1533,47.54,5.02,1,0.1479,84.98,5.28,1,0.1061,84.72
145.60,0,42.34,1,0.1549,47.66,4.92,1,0.1477,85.08,5.23,1,0.1046,84.77
145.70,0,42.91,1,0.1563,47.09,4.80,1,0.1487,85.20,5.19,1,0.1054,84.81
145.82,0,43.41,1,0.1593,46.59,4.59,1,0.1484,85.41,5.18,1,0.1044,84.82
145.92,0,43.41,1,0.1593,46.59,4.59,1,0.1484,85.41,5.18,1,0.1044,84.82
146.03,0,43.98,1,0.1607,46.02,4.49,1,0.1485,85.51,5.20,1,0.1049,84.80
146.14,0,44.53,1,0.1607,45.47,4.48,1,0.1497,85.52,5.15,1,0.1069,84.85
146.24,0,44.53,1,0.1607,45.47,4.48,1,0.1497,85.52,5.15,1,0.1069,84.85
146.35,0,44.98,1,0.1605,45.02,4.47,1,0.1519,85.53,5.01,1,0.1090,84.99
146.46,0,45.29,1,0.1617,44.71,4.39,1,0.1537,85.61,4.84,1,0.1096,85.16
146.56,0,45.29,1,0.1617,44.71,4.39,1,0.1537,85.61,4.84,1,0.1096,85.16
146.68,0,45.56,1,0.1643,44.44,4.24,1,0.1541,85.76,4.73,1,0.1088,85.27
146.79,0,45.89,1,0.1666,44.11,4.12,1,0.1535,85.88,4.71,1,0.1081,85.29
146.89,0,46.36,1,0.1660,43.64,4.18,1,0.1539,85.82,4.71,1,0.1102,85.29
147.00,0,46.91,1,0.1660,43.09,4.23,1,0.1564,85.77,4.48,1,0.1131,85.52
147.10,0,47.05,1,0.1670,42.95,4.22,1,0.1579,85.78,4.32,1,0.1135,85.68
147.22,0,47.17,1,0.1692,42.83,4.14,1,0.1579,85.86,4.22,1,0.1125,85.78
147.33,0,47.34,1,0.1709,42.66,4.09,1,0.1569,85.91,4.21,1,0.1119,85.79
147.45,0,47.34,1,0.1709,42.66,4.09,1,0.1569,85.91,4.21,1,0.1119,85.79
147.56,0,47.57,1,0.1710,42.43,4.15,1,0.1565,85.85,4.22,1,0.1129,85.78
147.68,0,47.76,1,0.1698,42.24,4.30,1,0.1577,85.70,4.15,1,0.1150,85.85
147.78,0,47.84,1,0.1689,42.16,4.43,1,0.1596,85.57,4.01,1,0.1167,85.99
147.89,0,47.84,1,0.1689,42.16,4.43,1,0.1596,85.57,4.01,1,0.1167,85.99
148.00,0,47.81,1,0.1697,42.19,4.47,1,0.1607,85.53,3.87,1,0.1167,86.13
148.12,0,47.78,1,0.1716,42.22,4.45,1,0.1602,85.55,3.81,1,0.1156,86.19
148.22,0,47.78,1,0.1716,42.22,4.45,1,0.1602,85.55,3.81,1,0.1156,86.19
148.34,0,47.88,1,0.1722,42.12,4.61,1,0.1587,85.39,3.86,1,0.1161,86.14
148.45,0,47.92,1,0.1704,42.08,4.82,1,0.1599,85.18,3.82,1,0.1183,86.18
148.56,0,47.85,1,0.1694,42.15,5.00,1,0.1617,85.00,3.70,1,0.1197,86.30
148.66,0,47.85,1,0.1694,42.15,5.00,1,0.1617,85.00,3.70,1,0.1197,86.30
148.77,0,47.67,1,0.1700,42.33,5.08,1,0.1624,84.92,3.60,1,0.1194,86.40
148.89,0,47.50,1,0.1714,42.50,5.11,1,0.1617,84.89,3.59,1,0.1182,86.41
148.99,0,47.40,1,0.1720,42.60,5.19,1,0.1605,84.81,3.66,1,0.1177,86.34
149.10,0,47.40,1,0.1720,42.60,5.19,1,0.1605,84.81,3.66,1,0.1177,86.34
149.21,0,47.35,1,0.1708,42.65,5.38,1,0.1604,84.62,3.71,1,0.1189,86.29
149.32,0,47.24,1,0.1687,42.76,5.62,1,0.1618,84.38,3.69,1,0.1209,86.31
149.42,0,47.24,1,0.1687,42.76,5.62,1,0.1618,84.38,3.69,1,0.1209,86.31
149.53,0,47.01,1,0.1674,42.99,5.81,1,0.1634,84.19,3.61,1,0.1221,86.39
149.64,0,46.69,1,0.1679,43.31,5.90,1,0.1640,84.10,3.55,1,0.1215,86.45
149.76,0,46.69,1,0.1679,43.31,5.90,1,0.1640,84.10,3.55,1,0.1215,86.45
149.87,0,46.40,1,0.1689,43.60,5.94,1,0.1631,84.06,3.59,1,0.1201,86.41
149.99,0,46.18,1,0.1689,43.82,6.04,1,0.1621,83.96,3.70,1,0.1197,86.30
150.09,0,46.18,1,0.1689,43.82,6.04,1,0.1621,83.96,3.70,1,0.1197,86.30
150.20,0,46.00,1,0.1671,44.00,6.25,1,0.1621,83.75,3.78,1,0.1210,86.22
150.31,0,45.75,1,0.1647,44.25,6.48,1,0.1636,83.52,3.79,1,0.1229,86.21
150.43,0,45.38,1,0.1634,44.62,6.64,1,0.1651,83.36,3.74,1,0.1237,86.26
150.55,0,44.94,1,0.1636,45.06,6.68,1,0.1653,83.32,3.73,1,0.1228,86.27
150.66,0,44.53,1,0.1643,45.47,6.67,1,0.1641,83.33,3.82,1,0.1214,86.18
150.77,0,44.56,1,0.1649,45.44,6.62,1,0.1628,83.38,3.89,1,0.1207,86.11
150.88,0,44.21,1,0.1638,45.79,6.72,1,0.1630,83.28,3.96,1,0.1210,86.04
150.99,0,43.90,1,0.1616,46.10,6.86,1,0.1632,83.14,4.06,1,0.1223,85.94
151.09,0,43.90,1,0.1616,46.10,6.86,1,0.1632,83.14,4.06,1,0.1223,85.94
151.20,0,43.52,1,0.1589,46.48,7.01,1,0.1644,82.99,4.08,1,0.1241,85.92
151.31,0,43.02,1,0.1575,46.98,7.06,1,0.1654,82.94,4.06,1,0.1246,85.94
151.42,0,43.02,1,0.1575,46.98,7.06,1,0.1654,82.94,4.06,1,0.1246,85.94
151.53,0,42.46,1,0.1576,47.54,7.02,1,0.1652,82.98,4.08,1,0.1234,85.92
151.63,0,42.46,1,0.1576,47.54,7.02,1,0.1652,82.98,4.08,1,0.1234,85.92
151.75,0,41.95,1,0.1580,48.05,6.97,1,0.1641,83.03,4.20,1,0.1220,85.80
151.85,0,41.95,1,0.1580,48.05,6.97,1,0.1641,83.03,4.20,1,0.1220,85.80
151.96,0,41.52,1,0.1569,48.48,6.98,1,0.1631,83.02,4.35,1,0.1219,85.65
152.06,0,41.10,1,0.1542,48.90,7.04,1,0.1633,82.96,4.38,1,0.1230,85.62
152.17,0,41.10,1,0.1542,48.90,7.07,1,0.1632,82.93,4.46,1,0.1234,85.54
152.29,0,40.60,1,0.1513,49.40,7.15,1,0.1644,82.85,4.48,1,0.1250,85.52
152.39,0,40.60,1,0.1513,49.40,7.15,1,0.1644,82.85,4.48,1,0.1250,85.52
152.49,0,39.99,1,0.1498,50.01,7.12,1,0.1653,82.88,4.46,1,0.1253,85.54
152.59,0,39.99,1,0.1498,50.01,7.12,1,0.1653,82.88,4.46,1,0.1253,85.54
152.70,0,39.33,1,0.1498,50.67,6.97,1,0.1648,83.03,4.50,1,0.1241,85.50
152.81,0,39.33,1,0.1498,50.67,6.97,1,0.1648,83.03,4.50,1,0.1241,85.50
152.92,0,38.73,1,0.1497,51.27,6.81,1,0.1635,83.19,4.62,1,0.1228,85.38
153.02,0,38.73,1,0.1497,51.27,6.81,1,0.1635,83.19,4.62,1,0.1228,85.38
153.14,0,38.21,1,0.1481,51.79,6.71,1,0.1624,83.29,4.76,1,0.1230,85.24
153.24,0,38.28,1,0.1469,51.72,6.78,1,0.1628,83.22,4.78,1,0.1243,85.22
153.36,0,37.69,1,0.1451,52.31,6.67,1,0.1622,83.33,4.85,1,0.1247,85.15
153.46,0,37.69,1,0.1439,52.31,6.74,1,0.1636,83.26,4.78,1,0.1259,85.22
153.56,0,37.08,1,0.1420,52.92,6.59,1,0.1628,83.41,4.85,1,0.1263,85.15
153.67,0,36.36,1,0.1405,53.64,6.39,1,0.1631,83.61,4.81,1,0.1265,85.19
153.78,0,36.36,1,0.1405,53.64,6.39,1,0.1631,83.61,4.81,1,0.1265,85.19
153.88,0,35.61,1,0.1403,54.39,6.05,1,0.1622,83.95,4.84,1,0.1253,85.16
153.99,0,35.58,1,0.1419,54.42,5.96,1,0.1609,84.04,4.89,1,0.1237,85.11
154.11,0,34.92,1,0.1399,55.08,5.69,1,0.1604,84.31,4.95,1,0.1242,85.05
154.22,0,34.31,1,0.1378,55.69,5.38,1,0.1586,84.62,5.07,1,0.1247,84.93
154.33,0,34.31,1,0.1378,55.69,5.38,1,0.1586,84.62,5.07,1,0.1247,84.93
154.45,0,33.70,1,0.1344,56.30,5.11,1,0.1579,84.89,5.12,1,0.1265,84.88
154.55,0,33.70,1,0.1344,56.30,5.11,1,0.1579,84.89,5.12,1,0.1265,84.88
154.65,0,32.99,1,0.1314,57.01,4.82,1,0.1582,85.18,5.08,1,0.1281,84.92
154.75,0,32.99,1,0.1314,57.01,4.82,1,0.1582,85.18,5.08,1,0.1281,84.92
154.86,0,32.16,1,0.1298,57.84,4.46,1,0.1583,85.54,5.02,1,0.1281,84.98
154.97,0,31.33,1,0.1295,58.67,4.02,1,0.1570,85.98,5.03,1,0.1269,84.97
155.08,0,31.33,1,0.1295,58.67,4.02,1,0.1570,85.98,5.03,1,0.1269,84.97
155.19,0,30.56,1,0.1287,59.44,3.58,1,0.1546,86.42,5.11,1,0.1261,84.89
155.29,0,30.56,1,0.1287,59.44,3.58,1,0.1546,86.42,5.11,1,0.1261,84.89
155.39,0,29.87,1,0.1262,60.13,3.24,1,0.1525,86.76,5.19,1,0.1270,84.81
155.50,0,29.87,1,0.1262,60.13,3.24,1,0.1525,86.76,5.19,1,0.1270,84.81
155.61,0,29.16,1,0.1225,60.84,2.98,1,0.1520,87.02,5.19,1,0.1290,84.81
155.72,0,29.16,1,0.1225,60.84,2.98,1,0.1520,87.02,5.19,1,0.1290,84.81
155.83,0,28.34,1,0.1194,61.66,2.71,1,0.1525,87.29,5.11,1,0.1306,84.89
155.94,0,28.34,1,0.1194,61.66,2.71,1,0.1525,87.29,5.11,1,0.1306,84.89
156.04,0,27.43,1,0.1180,62.57,2.36,1,0.1524,87.64,5.02,1,0.1305,84.98
156.14,0,27.43,1,0.1180,62.57,2.36,1,0.1524,87.64,5.02,1,0.1305,84.98
156.25,0,26.51,1,0.1176,63.49,1.95,1,0.1506,88.05,5.01,1,0.1293,84.99
156.35,0,26.51,1,0.1176,63.49,1.95,1,0.1506,88.05,5.01,1,0.1293,84.99
156.47,0,25.68,1,0.1164,64.32,1.58,1,0.1480,88.42,5.06,1,0.1288,84.94
156.58,0,25.75,1,0.1159,64.25,1.60,1,0.1473,88.40,5.12,1,0.1292,84.88
156.70,0,24.91,1,0.1135,65.09,1.32,1,0.1461,88.68,5.10,1,0.1300,84.90
156.82,0,24.11,1,0.1098,65.89,1.41,1,0.1469,88.59,5.08,1,0.1314,84.92
156.93,0,24.11,1,0.1098,65.89,1.16,1,0.1458,88.84,5.06,1,0.1321,84.94
157.05,0,23.19,1,0.1068,66.81,0.98,1,0.1462,89.02,4.96,1,0.1333,85.04
157.16,0,23.19,1,0.1068,66.81,0.98,1,0.1462,89.02,4.96,1,0.1333,85.04
157.26,0,22.18,1,0.1056,67.82,0.72,1,0.1456,89.28,4.88,1,0.1328,85.12
157.37,0,22.18,1,0.1056,67.82,0.72,1,0.1456,89.28,4.88,1,0.1328,85.12
157.47,0,21.19,1,0.1052,68.81,0.41,1,0.1435,89.59,4.88,1,0.1315,85.12
157.57,0,21.19,1,0.1052,68.81,0.41,1,0.1435,89.59,4.88,1,0.1315,85.12
157.69,0,20.29,1,0.1037,69.71,0.18,1,0.1409,89.82,4.96,1,0.1310,85.04
157.79,0,20.29,1,0.1037,69.71,0.18,1,0.1409,89.82,4.96,1,0.1310,85.04
157.90,0,19.45,1,0.1006,70.55,0.08,1,0.1391,89.92,5.02,1,0.1321,84.98
158.02,0,18.55,1,0.0968,71.45,0.06,1,0.1387,89.94,5.00,1,0.1338,85.00
158.12,0,18.55,1,0.0968,71.45,0.06,1,0.1387,89.94,5.00,1,0.1338,85.00
158.22,0,17.54,1,0.0941,72.46,0.00,1,0.1388,90.00,4.92,1,0.1347,85.08
158.32,0,17.54,1,0.0941,72.46,0.00,1,0.1388,90.00,4.92,1,0.1347,85.08
158.44,0,16.46,1,0.0933,73.54,0.13,1,0.1380,89.87,4.86,1,0.1340,85.14
158.54,0,15.40,1,0.0928,74.60,0.24,1,0.1372,89.76,4.87,1,0.1321,85.13
158.66,0,15.40,1,0.0928,74.60,0.27,1,0.1357,89.73,4.89,1,0.1325,85.11
158.77,0,14.43,1,0.0911,75.57,0.32,1,0.1330,89.68,4.99,1,0.1321,85.01
158.88,0,14.43,1,0.0911,75.57,0.32,1,0.1330,89.68,4.99,1,0.1321,85.01
158.99,0,13.51,1,0.0878,76.49,0.25,1,0.1311,89.75,5.06,1,0.1333,84.94
159.09,0,13.51,1,0.0878,76.49,0.25,1,0.1311,89.75,5.06,1,0.1333,84.94
159.20,0,12.53,1,0.0842,77.47,0.12,1,0.1306,89.88,5.05,1,0.1350,84.95
159.31,0,11.43,1,0.0821,78.57,0.02,1,0.1305,89.98,4.99,1,0.1355,85.01
159.41,0,11.43,1,0.0821,78.57,0.02,1,0.1305,89.98,4.99,1,0.1355,85.01
159.53,0,10.26,1,0.0817,79.74,0.01,1,0.1294,89.99,4.97,1,0.1344,85.03
159.63,0,9.14,1,0.0814,80.86,0.10,1,0.1285,89.90,4.99,1,0.1326,85.01
159.75,0,9.14,1,0.0814,80.86,0.03,1,0.1269,89.97,5.04,1,0.1328,84.96
159.85,0,8.11,1,0.0796,81.89,0.14,1,0.1239,89.86,5.17,1,0.1324,84.83
159.95,0,8.11,1,0.0796,81.89,0.14,1,0.1239,89.86,5.17,1,0.1324,84.83
160.07,0,7.11,1,0.0763,82.89,0.37,1,0.1220,89.63,5.27,1,0.1334,84.73
160.17,0,7.11,1,0.0763,82.89,0.37,1,0.1220,89.63,5.27,1,0.1334,84.73
160.27,0,6.04,1,0.0734,83.96,0.65,1,0.1215,89.35,5.29,1,0.1348,84.71
160.38,0,4.85,1,0.0723,85.15,0.87,1,0.1212,89.13,5.27,1,0.1349,84.73
160.50,0,4.85,1,0.0723,85.15,0.87,1,0.1212,89.13,5.27,1,0.1349,84.73
160.61,0,3.61,1,0.0727,86.39,1.03,1,0.1197,88.97,5.30,1,0.1334,84.70
160.72,0,2.41,1,0.0728,87.59,1.17,1,0.1168,88.83,5.41,1,0.1317,84.59
160.83,0,2.41,1,0.0728,87.59,1.17,1,0.1168,88.83,5.41,1,0.1317,84.59
160.94,0,1.31,1,0.0712,88.69,1.41,1,0.1137,88.59,5.58,1,0.1313,84.42
161.04,0,1.39,1,0.0699,88.61,1.47,1,0.1137,88.53,5.60,1,0.1324,84.40
161.16,0,0.23,1,0.0686,89.77,1.76,1,0.1118,88.24,5.69,1,0.1323,84.31
161.26,0,0.93,1,0.0670,89.07,1.83,1,0.1132,88.17,5.63,1,0.1335,84.37
161.37,0,0.93,1,0.0670,89.07,2.13,1,0.1113,87.87,5.72,1,0.1335,84.28
161.47,0,2.22,1,0.0675,87.78,2.44,1,0.1108,87.56,5.72,1,0.1333,84.28
161.57,0,3.56,1,0.0690,86.44,2.66,1,0.1090,87.34,5.67,1,0.1316,84.33
161.67,0,3.56,1,0.0690,86.44,2.66,1,0.1090,87.34,5.77,1,0.1316,84.23
161.78,0,4.83,1,0.0697,85.17,2.87,1,0.1058,87.13,5.91,1,0.1299,84.09
161.90,0,4.83,1,0.0697,85.17,2.87,1,0.1058,87.13,5.91,1,0.1299,84.09
162.01,0,6.00,1,0.0687,84.00,3.18,1,0.1028,86.82,6.08,1,0.1297,83.92
162.11,0,7.17,1,0.0674,82.83,3.24,1,0.1029,86.76,6.09,1,0.1309,83.91
162.23,0,7.17,1,0.0674,82.83,3.57,1,0.1010,86.43,6.18,1,0.1309,83.82
162.34,0,8.44,1,0.0677,81.56,3.97,1,0.1005,86.03,6.20,1,0.1320,83.80
162.45,0,8.44,1,0.0677,81.56,3.97,1,0.1005,86.03,6.20,1,0.1320,83.80
162.55,0,9.83,1,0.0700,80.17,3.96,1,0.1017,86.04,6.10,1,0.1314,83.90
162.66,0,9.83,1,0.0700,80.17,4.28,1,0.0997,85.72,6.19,1,0.1315,83.81
162.77,0,9.83,1,0.0700,80.17,4.28,1,0.0997,85.72,6.19,1,0.1315,83.81
162.88,0,11.26,1,0.0726,78.74,4.50,1,0.0976,85.50,6.24,1,0.1297,83.76
162.99,0,12.60,1,0.0739,77.40,4.71,1,0.0943,85.29,6.38,1,0.1281,83.62
163.11,0,12.60,1,0.0739,77.40,4.71,1,0.0943,85.29,6.38,1,0.1281,83.62
163.23,0,13.86,1,0.0739,76.14,5.00,1,0.0914,85.00,6.53,1,0.1282,83.47
163.33,0,13.86,1,0.0739,76.14,5.00,1,0.0914,85.00,6.53,1,0.1282,83.47
163.44,0,13.86,1,0.0739,76.14,5.00,1,0.0914,85.00,6.53,1,0.1282,83.47
163.55,0,15.12,1,0.0741,74.88,5.37,1,0.0897,84.63,6.60,1,0.1297,83.40
163.66,0,16.50,1,0.0763,73.50,5.71,1,0.0890,84.29,6.58,1,0.1307,83.42
163.77,0,16.50,1,0.0763,73.50,5.71,1,0.0890,84.29,6.58,1,0.1307,83.42
163.89,0,18.01,1,0.0800,71.99,5.93,1,0.0880,84.07,6.55,1,0.1301,83.45
164.00,0,18.13,1,0.0815,71.87,5.83,1,0.0878,84.17,6.53,1,0.1282,83.47
164.11,0,19.53,1,0.0834,70.47,6.06,1,0.0857,83.94,6.59,1,0.1283,83.41
164.22,0,20.96,1,0.0853,69.04,6.18,1,0.0825,83.82,6.70,1,0.1271,83.30
164.33,0,20.96,1,0.0853,69.04,6.18,1,0.0825,83.82,6.70,1,0.1271,83.30
164.43,0,22.31,1,0.0862,67.69,6.38,1,0.0795,83.62,6.80,1,0.1276,83.20
164.53,0,22.31,1,0.0862,67.69,6.38,1,0.0795,83.62,6.80,1,0.1276,83.20
164.65,0,23.69,1,0.0881,66.31,6.62,1,0.0779,83.38,6.81,1,0.1292,83.19
164.75,0,25.20,1,0.0918,64.80,6.82,1,0.0773,83.18,6.75,1,0.1302,83.25
164.85,0,25.20,1,0.0918,64.80,6.82,1,0.0773,83.18,6.75,1,0.1302,83.25
164.97,0,26.82,1,0.0964,63.18,6.89,1,0.0762,83.11,6.68,1,0.1295,83.32
165.07,0,26.82,1,0.0964,63.18,6.89,1,0.0762,83.11,6.68,1,0.1295,83.32
165.17,0,28.45,1,0.1003,61.55,6.87,1,0.0739,83.13,6.68,1,0.1278,83.32
165.27,0,29.98,1,0.1027,60.02,6.84,1,0.0706,83.16,6.74,1,0.1270,83.26
165.39,0,29.98,1,0.1027,60.02,6.84,1,0.0706,83.16,6.74,1,0.1270,83.26
165.50,0,31.44,1,0.1046,58.56,6.88,1,0.0678,83.12,6.78,1,0.1279,83.22
165.60,0,31.44,1,0.1046,58.56,6.88,1,0.0678,83.12,6.78,1,0.1279,83.22
165.70,0,31.44,1,0.1046,58.56,6.88,1,0.0678,83.12,6.78,1,0.1279,83.22
165.81,0,32.95,1,0.1076,57.05,6.98,1,0.0666,83.02,6.74,1,0.1297,83.26
165.92,0,33.00,1,0.1089,57.00,7.03,1,0.0681,82.97,6.65,1,0.1302,83.35
166.02,0,34.59,1,0.1123,55.41,7.02,1,0.0662,82.98,6.62,1,0.1306,83.38
166.13,0,36.35,1,0.1175,53.65,6.93,1,0.0653,83.07,6.51,1,0.1298,83.49
166.23,0,36.35,1,0.1175,53.65,6.93,1,0.0653,83.07,6.51,1,0.1298,83.49
166.33,0,38.09,1,0.1217,51.91,6.75,1,0.0631,83.25,6.48,1,0.1283,83.52
166.44,0,38.09,1,0.1217,51.91,6.75,1,0.0631,83.25,6.48,1,0.1283,83.52
166.56,0,39.72,1,0.1245,50.28,6.60,1,0.0603,83.40,6.49,1,0.1278,83.51
166.66,0,39.72,1,0.1245,50.28,6.60,1,0.0603,83.40,6.49,1,0.1278,83.51
166.77,0,41.30,1,0.1270,48.70,6.55,1,0.0582,83.45,6.49,1,0.1291,83.51
166.88,0,41.30,1,0.1270,48.70,6.55,1,0.0582,83.45,6.49,1,0.1291,83.51
167.00,0,42.94,1,0.1310,47.06,6.55,1,0.0576,83.45,6.40,1,0.1310,83.60
167.10,0,44.73,1,0.1364,45.27,6.48,1,0.0578,83.52,6.25,1,0.1317,83.75
167.20,0,44.73,1,0.1364,45.27,6.48,1,0.0578,83.52,6.25,1,0.1317,83.75
167.30,0,46.61,1,0.1420,43.39,6.29,1,0.0574,83.71,6.11,1,0.1309,83.89
167.40,0,46.61,1,0.1420,43.39,6.29,1,0.0574,83.71,6.11,1,0.1309,83.89
167.51,0,48.45,1,0.1463,41.55,6.06,1,0.0559,83.94,6.06,1,0.1295,83.94
167.62,0,48.45,1,0.1463,41.55,6.06,1,0.0559,83.94,6.06,1,0.1295,83.94
167.73,0,50.19,1,0.1493,39.81,5.88,1,0.0539,84.12,6.06,1,0.1293,83.94
167.84,0,51.88,1,0.1524,38.12,5.92,1,0.0532,84.08,6.10,1,0.1302,83.90
167.94,0,51.88,1,0.1524,38.12,5.79,1,0.0523,84.21,6.04,1,0.1307,83.96
168.06,0,53.65,1,0.1569,36.35,5.74,1,0.0521,84.26,5.93,1,0.1326,84.07
168.17,0,53.65,1,0.1569,36.35,5.74,1,0.0521,84.26,5.93,1,0.1326,84.07
168.28,0,55.56,1,0.1627,34.44,5.63,1,0.0526,84.37,5.76,1,0.1332,84.24
168.38,0,55.56,1,0.1627,34.44,5.63,1,0.0526,84.37,5.76,1,0.1332,84.24
168.48,0,57.56,1,0.1685,32.44,5.42,1,0.0529,84.58,5.62,1,0.1321,84.38
168.58,0,57.56,1,0.1685,32.44,5.42,1,0.0529,84.58,5.62,1,0.1321,84.38
168.68,0,59.49,1,0.1728,30.51,5.17,1,0.0521,84.83,5.58,1,0.1308,84.42
168.79,0,59.49,1,0.1728,30.51,5.17,1,0.0521,84.83,5.58,1,0.1308,84.42
168.89,0,61.31,1,0.1760,28.69,4.99,1,0.0504,85.01,5.59,1,0.1309,84.41
168.99,0,61.31,1,0.1760,28.69,4.99,1,0.0504,85.01,5.59,1,0.1309,84.41
169.11,0,63.10,1,0.1793,26.90,4.92,1,0.0490,85.08,5.56,1,0.1325,84.44
169.21,0,63.10,1,0.1793,26.90,4.92,1,0.0490,85.08,5.56,1,0.1325,84.44
169.31,0,64.98,1,0.1842,25.02,4.88,1,0.0491,85.12,5.43,1,0.1342,84.57
169.41,0,67.01,1,0.1903,22.99,4.90,1,0.0509,85.10,5.33,1,0.1340,84.67
169.52,0,67.01,1,0.1903,22.99,4.79,1,0.0502,85.21,5.27,1,0.1343,84.73
169.64,0,69.09,1,0.1960,20.91,4.62,1,0.0511,85.38,5.16,1,0.1330,84.84
169.74,0,69.09,1,0.1960,20.91,4.62,1,0.0511,85.38,5.16,1,0.1330,84.84
169.84,0,71.07,1,0.2002,18.93,4.42,1,0.0506,85.58,5.14,1,0.1317,84.86
169.95,0,71.07,1,0.2002,18.93,4.42,1,0.0506,85.58,5.14,1,0.1317,84.86
170.06,0,72.95,1,0.2034,17.05,4.30,1,0.0490,85.70,5.17,1,0.1317,84.83
170.18,0,74.81,1,0.2069,15.19,4.29,1,0.0478,85.71,5.16,1,0.1331,84.84
170.28,0,74.81,1,0.2069,15.19,4.29,1,0.0478,85.71,5.16,1,0.1331,84.84
170.40,0,76.76,1,0.2119,13.24,4.32,1,0.0481,85.68,5.06,1,0.1343,84.94
170.51,0,76.89,1,0.2137,13.11,4.33,1,0.0499,85.67,4.96,1,0.1339,85.04
170.62,0,78.84,1,0.2178,11.16,4.29,1,0.0495,85.71,4.94,1,0.1340,85.06
170.72,0,78.99,1,0.2192,11.01,4.20,1,0.0508,85.80,4.90,1,0.1322,85.10
170.84,0,80.95,1,0.2234,9.05,4.17,1,0.0504,85.83,4.89,1,0.1325,85.11
170.95,0,80.99,1,0.2232,9.01,4.07,1,0.0503,85.93,4.93,1,0.1309,85.07
171.06,0,82.97,1,0.2274,7.03,4.04,1,0.0499,85.96,4.93,1,0.1310,85.07
171.18,0,84.86,1,0.2303,5.14,4.00,1,0.0482,86.00,5.00,1,0.1310,85.00
171.28,0,84.86,1,0.2303,5.14,4.00,1,0.0482,86.00,5.00,1,0.1310,85.00
171.39,0,86.73,1,0.2338,3.27,4.08,1,0.0471,85.92,5.02,1,0.1322,84.98
171.49,0,86.73,1,0.2338,3.27,4.08,1,0.0471,85.92,5.02,1,0.1322,84.98
171.59,0,88.74,1,0.2388,1.26,4.18,1,0.0475,85.82,4.96,1,0.1332,85.04
171.69,0,88.74,1,0.2388,1.26,4.18,1,0.0475,85.82,4.96,1,0.1332,85.04
171.80,0,90.86,1,0.2447,-0.86,4.20,1,0.0490,85.80,4.90,1,0.1325,85.10
171.90,0,90.86,1,0.2447,-0.86,4.20,1,0.0490,85.80,4.90,1,0.1325,85.10
172.01,0,90.86,1,0.2447,-0.86,4.20,1,0.0490,85.80,4.90,1,0.1325,85.10
172.12,0,92.97,1,0.2499,-2.97,4.14,1,0.0499,85.86,4.90,1,0.1306,85.10
172.22,0,94.94,1,0.2535,-4.94,4.08,1,0.0493,85.92,5.00,1,0.1290,85.00
172.32,0,94.94,1,0.2535,-4.94,4.08,1,0.0493,85.92,5.00,1,0.1290,85.00
172.43,0,96.83,1,0.2563,-6.83,4.13,1,0.0476,85.87,5.11,1,0.1290,84.89
172.53,0,96.83,1,0.2563,-6.83,4.13,1,0.0476,85.87,5.11,1,0.1290,84.89
172.63,0,98.73,1,0.2597,-8.73,4.28,1,0.0464,85.72,5.17,1,0.1302,84.83
172.75,0,98.73,1,0.2597,-8.73,4.28,1,0.0464,85.72,5.17,1,0.1302,84.83
172.85,0,100.72,1,0.2645,-10.72,4.36,1,0.0474,85.64,5.09,1,0.1310,84.91
172.96,0,100.72,1,0.2645,-10.72,4.44,1,0.0469,85.56,5.16,1,0.1308,84.84
173.06,0,102.81,1,0.2701,-12.81,4.42,1,0.0489,85.58,5.07,1,0.1299,84.93
173.18,0,102.81,1,0.2701,-12.81,4.50,1,0.0484,85.50,5.13,1,0.1296,84.87
173.28,0,104.88,1,0.2750,-14.88,4.48,1,0.0493,85.52,5.17,1,0.1272,84.83
173.39,0,104.88,1,0.2750,-14.88,4.48,1,0.0493,85.52,5.17,1,0.1272,84.83
173.50,0,106.81,1,0.2783,-16.81,4.46,1,0.0486,85.54,5.30,1,0.1255,84.70
173.61,0,106.81,1,0.2783,-16.81,4.46,1,0.0486,85.54,5.30,1,0.1255,84.70
173.72,0,108.63,1,0.2806,-18.63,4.52,1,0.0470,85.48,5.44,1,0.1256,84.56
173.82,0,108.63,1,0.2806,-18.63,4.52,1,0.0470,85.48,5.44,1,0.1256,84.56
173.93,0,110.47,1,0.2837,-20.47,4.61,1,0.0463,85.39,5.52,1,0.1266,84.48
174.03,0,110.47,1,0.2837,-20.47,4.61,1,0.0463,85.39,5.52,1,0.1266,84.48
174.14,0,112.40,1,0.2884,-22.40,4.66,1,0.0472,85.34,5.51,1,0.1266,84.49
174.24,0,112.40,1,0.2884,-22.40,4.66,1,0.0472,85.34,5.51,1,0.1266,84.49
174.35,0,114.11,1,0.2938,-24.11,4.59,1,0.0491,85.41,5.50,1,0.1248,84.50
174.45,0,114.11,1,0.2938,-24.11,4.59,1,0.0491,85.41,5.50,1,0.1248,84.50
174.57,0,115.13,1,0.2972,-25.13,4.41,1,0.0506,85.59,5.58,1,0.1221,84.42
174.68,0,115.11,1,0.2966,-25.11,4.32,1,0.0504,85.68,5.64,1,0.1211,84.36
174.79,0,115.22,1,0.2972,-25.22,4.23,1,0.0508,85.77,5.74,1,0.1205,84.26
174.89,0,115.22,1,0.2972,-25.22,4.23,1,0.0508,85.77,5.74,1,0.1205,84.26
175.00,0,114.49,1,0.2956,-24.49,4.13,1,0.0500,85.87,5.89,1,0.1207,84.11
175.11,0,113.25,1,0.2947,-23.25,4.11,1,0.0498,85.89,5.96,1,0.1214,84.04
175.21,0,113.25,1,0.2947,-23.25,4.11,1,0.0498,85.89,5.96,1,0.1214,84.04
175.32,0,111.67,1,0.2952,-21.67,4.02,1,0.0513,85.98,5.94,1,0.1210,84.06
175.43,0,111.67,1,0.2952,-21.67,4.02,1,0.0513,85.98,5.94,1,0.1210,84.06
175.55,0,109.70,1,0.2952,-19.70,3.77,1,0.0542,86.23,5.94,1,0.1189,84.06
175.65,0,109.70,1,0.2952,-19.70,3.77,1,0.0542,86.23,5.94,1,0.1189,84.06
175.76,0,107.12,1,0.2923,-17.12,3.43,1,0.0567,86.57,6.03,1,0.1162,83.97
175.86,0,107.12,1,0.2923,-17.12,3.43,1,0.0567,86.57,6.03,1,0.1162,83.97
175.97,0,103.84,1,0.2871,-13.84,3.12,1,0.0576,86.88,6.20,1,0.1147,83.80
176.07,0,103.84,1,0.2871,-13.84,3.12,1,0.0576,86.88,6.20,1,0.1147,83.80
176.19,0,100.02,1,0.2815,-10.02,2.90,1,0.0575,87.10,6.32,1,0.1149,83.68
176.29,0,100.02,1,0.2815,-10.02,2.90,1,0.0575,87.10,6.32,1,0.1149,83.68
176.41,0,95.84,1,0.2768,-5.84,2.71,1,0.0581,87.29,6.35,1,0.1156,83.65
176.51,0,95.84,1,0.2768,-5.84,2.71,1,0.0581,87.29,6.35,1,0.1156,83.65
176.62,0,91.35,1,0.2718,-1.35,2.48,1,0.0604,87.52,6.31,1,0.1149,83.69
176.72,0,91.35,1,0.2718,-1.35,2.48,1,0.0604,87.52,6.31,1,0.1149,83.69
176.83,0,86.53,1,0.2650,3.47,2.17,1,0.0638,87.83,6.31,1,0.1126,83.69
176.94,0,86.63,1,0.2649,3.37,2.06,1,0.0653,87.94,6.33,1,0.1107,83.67
177.05,0,81.32,1,0.2557,8.68,1.84,1,0.0663,88.16,6.40,1,0.1100,83.60
177.17,0,75.76,1,0.2442,14.24,1.58,1,0.0671,88.42,6.53,1,0.1087,83.47
177.28,0,75.76,1,0.2442,14.24,1.58,1,0.0671,88.42,6.53,1,0.1087,83.47
177.38,0,69.69,1,0.2295,20.31,1.42,1,0.0668,88.58,6.61,1,0.1092,83.39
177.49,0,69.69,1,0.2295,20.31,1.42,1,0.0668,88.58,6.61,1,0.1092,83.39
177.59,0,63.04,1,0.2100,26.96,1.34,1,0.0671,88.66,6.60,1,0.1099,83.40
177.69,0,63.04,1,0.2100,26.96,1.34,1,0.0671,88.66,6.60,1,0.1099,83.40
177.80,0,56.03,1,0.1882,33.97,1.25,1,0.0689,88.75,6.54,1,0.1090,83.46
177.90,0,56.03,1,0.1882,33.97,1.25,1,0.0689,88.75,6.54,1,0.1090,83.46
178.01,0,48.82,1,0.1659,41.18,1.09,1,0.0715,88.91,6.52,1,0.1065,83.48
178.11,0,48.82,1,0.1659,41.18,1.09,1,0.0715,88.91,6.52,1,0.1065,83.48
178.22,0,48.82,1,0.1659,41.18,1.09,1,0.0715,88.91,6.52,1,0.1065,83.48
178.32,0,41.82,1,0.1434,48.18,0.90,1,0.0734,89.10,6.57,1,0.1041,83.43
178.42,0,41.82,1,0.1434,48.18,0.90,1,0.0734,89.10,6.57,1,0.1041,83.43
178.52,0,35.50,1,0.1185,54.50,0.79,1,0.0736,89.21,6.65,1,0.1032,83.35
178.62,0,35.50,1,0.1185,54.50,0.79,1,0.0736,89.21,6.65,1,0.1032,83.35
178.73,0,30.04,1,0.0958,59.96,0.80,1,0.0729,89.20,6.68,1,0.1040,83.32
178.85,0,25.16,1,0.0792,64.84,0.89,1,0.0726,89.11,6.63,1,0.1045,83.37
178.96,0,25.16,1,0.0792,64.84,0.89,1,0.0726,89.11,6.63,1,0.1045,83.37
179.07,0,20.58,1,0.0664,69.42,0.95,1,0.0738,89.05,6.53,1,0.1035,83.47
179.17,0,20.58,1,0.0664,69.42,0.95,1,0.0738,89.05,6.53,1,0.1035,83.47
179.28,0,16.16,1,0.0549,73.84,0.93,1,0.0760,89.07,6.46,1,0.1010,83.54
179.38,0,16.16,1,0.0549,73.84,0.93,1,0.0760,89.07,6.46,1,0.1010,83.54
179.50,0,11.96,1,0.0455,78.04,0.90,1,0.0774,89.10,6.47,1,0.0988,83.53
179.60,0,11.96,1,0.0455,78.04,0.90,1,0.0774,89.10,6.47,1,0.0988,83.53
179.71,0,8.04,1,0.0407,81.96,0.95,1,0.0772,89.05,6.53,1,0.0984,83.47
179.81,0,8.04,1,0.0407,81.96,0.95,1,0.0772,89.05,6.53,1,0.0984,83.47
179.91,0,4.38,1,0.0402,85.62,1.12,1,0.0758,88.88,6.53,1,0.0992,83.47
180.01,0,4.38,1,0.0402,85.62,1.12,1,0.0758,88.88,6.53,1,0.0992,83.47
180.13,0,0.91,1,0.0423,89.09,1.36,1,0.0751,88.64,6.43,1,0.0996,83.57
180.23,0,0.91,1,0.0423,89.09,1.36,1,0.0751,88.64,6.43,1,0.0996,83.57
180.35,0,2.40,1,0.0469,87.60,1.55,1,0.0760,88.45,6.28,1,0.0984,83.72
180.46,0,5.52,1,0.0542,84.48,1.65,1,0.0778,88.35,6.20,1,0.0960,83.80
180.58,0,5.52,1,0.0542,84.48,1.65,1,0.0778,88.35,6.20,1,0.0960,83.80
180.68,0,8.46,1,0.0626,81.54,1.75,1,0.0787,88.25,6.20,1,0.0941,83.80
180.79,0,8.46,1,0.0626,81.54,1.75,1,0.0787,88.25,6.20,1,0.0941,83.80
180.90,0,11.29,1,0.0704,78.71,1.96,1,0.0780,88.04,6.23,1,0.0941,83.77
181.01,0,11.29,1,0.0704,78.71,1.96,1,0.0780,88.04,6.23,1,0.0941,83.77
181.12,0,14.10,1,0.0770,75.90,2.28,1,0.0762,87.72,6.19,1,0.0951,83.81
181.23,0,14.10,1,0.0770,75.90,2.28,1,0.0762,87.72,6.19,1,0.0951,83.81
181.33,0,16.78,1,0.0832,73.22,2.63,1,0.0752,87.37,6.06,1,0.0955,83.94
181.44,0,16.78,1,0.0832,73.22,2.63,1,0.0752,87.37,6.06,1,0.0955,83.94
181.54,0,19.34,1,0.0900,70.66,2.91,1,0.0746,87.09,6.00,1,0.0952,84.00
181.66,0,21.74,1,0.0965,68.26,3.23,1,0.0740,86.77,5.95,1,0.0951,84.05
181.78,0,21.52,1,0.0982,68.48,3.14,1,0.0773,86.86,5.82,1,0.0920,84.18
181.88,0,23.75,1,0.1066,66.25,3.37,1,0.0779,86.63,5.83,1,0.0905,84.17
181.98,0,23.75,1,0.1066,66.25,3.37,1,0.0779,86.63,5.83,1,0.0905,84.17
182.08,0,25.99,1,0.1135,64.01,3.70,1,0.0766,86.30,5.86,1,0.0907,84.14
182.18,0,25.99,1,0.1135,64.01,3.70,1,0.0766,86.30,5.86,1,0.0907,84.14
182.30,0,28.20,1,0.1186,61.80,4.11,1,0.0745,85.89,5.82,1,0.0918,84.18
182.40,0,30.23,1,0.1231,59.77,4.54,1,0.0733,85.46,5.70,1,0.0920,84.30
182.52,0,30.23,1,0.1231,59.77,4.54,1,0.0733,85.46,5.70,1,0.0920,84.30
182.63,0,32.03,1,0.1286,57.97,4.90,1,0.0737,85.10,5.57,1,0.0906,84.43
182.73,0,32.03,1,0.1286,57.97,4.90,1,0.0737,85.10,5.57,1,0.0906,84.43
182.83,0,33.71,1,0.1354,56.29,5.19,1,0.0748,84.81,5.53,1,0.0883,84.47
182.93,0,33.71,1,0.1354,56.29,5.19,1,0.0748,84.81,5.53,1,0.0883,84.47
183.04,0,33.69,1,0.1369,56.31,5.09,1,0.0758,84.91,5.59,1,0.0872,84.41
183.15,0,35.42,1,0.1420,54.58,5.48,1,0.0748,84.52,5.56,1,0.0870,84.44
183.26,0,35.49,1,0.1420,54.51,5.48,1,0.0742,84.52,5.63,1,0.0877,84.37
183.37,0,37.19,1,0.1469,52.81,5.85,1,0.0733,84.15,5.60,1,0.0875,84.40
183.47,0,37.19,1,0.1469,52.81,5.85,1,0.0733,84.15,5.60,1,0.0875,84.40
183.57,0,38.88,1,0.1501,51.12,6.29,1,0.0709,83.71,5.55,1,0.0888,84.45
183.67,0,38.88,1,0.1501,51.12,6.29,1,0.0709,83.71,5.55,1,0.0888,84.45
183.78,0,40.39,1,0.1532,49.61,6.73,1,0.0694,83.27,5.44,1,0.0890,84.56
183.88,0,40.39,1,0.1532,49.61,6.73,1,0.0694,83.27,5.44,1,0.0890,84.56
183.99,0,41.75,1,0.1577,48.25,7.08,1,0.0696,82.92,5.34,1,0.0874,84.66
184.10,0,41.75,1,0.1577,48.25,7.08,1,0.0696,82.92,5.34,1,0.0874,84.66
184.21,0,43.07,1,0.1635,46.93,7.33,1,0.0706,82.67,5.32,1,0.0853,84.68
184.33,0,44.46,1,0.1688,45.54,7.57,1,0.0705,82.43,5.37,1,0.0844,84.63
184.44,0,44.53,1,0.1685,45.47,7.57,1,0.0698,82.43,5.43,1,0.0853,84.57
184.54,0,45.86,1,0.1722,44.14,7.88,1,0.0687,82.12,5.43,1,0.0853,84.57
184.66,0,47.17,1,0.1739,42.83,8.26,1,0.0662,81.74,5.41,1,0.0866,84.59
184.78,0,48.33,1,0.1760,41.67,8.60,1,0.0649,81.40,5.33,1,0.0867,84.67
184.90,0,48.33,1,0.1760,41.67,8.60,1,0.0649,81.40,5.33,1,0.0867,84.67
185.01,0,49.37,1,0.1800,40.63,8.81,1,0.0653,81.19,5.26,1,0.0850,84.74
185.11,0,49.37,1,0.1800,40.63,8.81,1,0.0653,81.19,5.26,1,0.0850,84.74
185.21,0,50.48,1,0.1831,39.52,9.02,1,0.0644,80.98,5.28,1,0.0850,84.72
185.33,0,51.55,1,0.1859,38.45,9.19,1,0.0635,80.81,5.30,1,0.0849,84.70
185.44,0,51.55,1,0.1859,38.45,9.19,1,0.0635,80.81,5.30,1,0.0849,84.70
185.56,0,52.56,1,0.1884,37.44,9.33,1,0.0627,80.67,5.34,1,0.0848,84.66
185.68,0,53.52,1,0.1907,36.48,9.44,1,0.0621,80.56,5.38,1,0.0847,84.62
185.80,0,55.36,1,0.1955,34.64,9.47,1,0.0615,80.53,5.48,1,0.0846,84.52
185.90,0,56.22,1,0.1977,33.78,9.29,1,0.0621,80.71,5.53,1,0.0845,84.47
186.00,0,56.84,1,0.2035,33.16,8.70,1,0.0675,81.30,5.60,1,0.0803,84.40
186.12,0,57.69,1,0.2045,32.31,8.13,1,0.0689,81.87,5.72,1,0.0813,84.28
186.23,0,58.48,1,0.2048,31.52,7.36,1,0.0713,82.64,5.75,1,0.0824,84.25
186.34,0,58.48,1,0.2048,31.52,7.36,1,0.0713,82.64,5.75,1,0.0824,84.25
186.45,0,59.13,1,0.2062,30.87,6.36,1,0.0757,83.64,5.71,1,0.0819,84.29
186.56,0,59.13,1,0.2062,30.87,6.36,1,0.0757,83.64,5.71,1,0.0819,84.29
186.68,0,59.69,1,0.2093,30.31,5.10,1,0.0822,84.90,5.72,1,0.0800,84.28
186.78,0,59.69,1,0.2093,30.31,5.10,1,0.0822,84.90,5.72,1,0.0800,84.28
186.88,0,60.26,1,0.2125,29.74,3.71,1,0.0891,86.29,5.83,1,0.0782,84.17
186.99,0,60.26,1,0.2125,29.74,3.71,1,0.0891,86.29,5.83,1,0.0782,84.17
187.09,0,60.26,1,0.2125,29.74,3.71,1,0.0891,86.29,5.83,1,0.0782,84.17
187.19,0,60.90,1,0.2144,29.10,2.38,1,0.0947,87.62,6.00,1,0.0780,84.00
187.29,0,60.90,1,0.2144,29.10,2.38,1,0.0947,87.62,6.00,1,0.0780,84.00
187.41,0,61.55,1,0.2147,28.45,1.17,1,0.0988,88.83,6.12,1,0.0792,83.88
187.51,0,62.11,1,0.2147,27.89,0.06,1,0.1028,89.94,6.14,1,0.0801,83.86
187.61,0,62.11,1,0.2147,27.89,0.06,1,0.1028,89.94,6.14,1,0.0801,83.86
187.72,0,62.11,1,0.2147,27.89,0.06,1,0.1028,89.94,6.14,1,0.0801,83.86
187.82,0,62.54,1,0.2159,27.46,1.04,1,0.1079,88.96,6.12,1,0.0794,83.88
187.92,0,62.54,1,0.2159,27.46,1.04,1,0.1079,88.96,6.12,1,0.0794,83.88
188.03,0,62.90,1,0.2184,27.10,2.15,1,0.1139,87.85,6.15,1,0.0773,83.85
188.15,0,62.90,1,0.2184,27.10,2.15,1,0.1139,87.85,6.15,1,0.0773,83.85
188.25,0,63.29,1,0.2210,26.71,3.22,1,0.1190,86.78,6.27,1,0.0758,83.73
188.36,0,63.29,1,0.2210,26.71,3.22,1,0.1190,86.78,6.27,1,0.0758,83.73
188.47,0,64.21,1,0.2221,25.79,4.97,1,0.1242,85.03,6.46,1,0.0778,83.54
188.58,0,64.58,1,0.2216,25.42,5.66,1,0.1263,84.34,6.42,1,0.0788,83.58
188.70,0,64.81,1,0.2224,25.19,6.33,1,0.1298,83.67,6.34,1,0.0782,83.66
188.80,0,65.24,1,0.2268,24.76,7.66,1,0.1372,82.34,6.34,1,0.0758,83.66
188.91,0,65.54,1,0.2275,24.46,8.14,1,0.1386,81.86,6.35,1,0.0769,83.65
189.01,0,65.82,1,0.2266,24.18,8.36,1,0.1388,81.64,6.21,1,0.0804,83.79
189.12,0,66.00,1,0.2258,24.00,8.33,1,0.1399,81.67,5.86,1,0.0844,84.14
189.23,0,66.07,1,0.2264,23.93,8.16,1,0.1425,81.84,5.37,1,0.0870,84.63
189.34,0,66.11,1,0.2284,23.89,7.85,1,0.1453,82.15,4.85,1,0.0890,85.15
189.46,0,66.20,1,0.2301,23.80,7.37,1,0.1468,82.63,4.34,1,0.0928,85.66
189.56,0,66.20,1,0.2301,23.80,7.37,1,0.1468,82.63,4.34,1,0.0928,85.66
189.68,0,66.35,1,0.2301,23.65,6.65,1,0.1466,83.35,3.81,1,0.0991,86.19
189.79,0,66.47,1,0.2287,23.53,5.75,1,0.1460,84.25,3.21,1,0.1062,86.79
189.90,0,66.47,1,0.2287,23.53,5.75,1,0.1460,84.25,3.21,1,0.1062,86.79
190.02,0,66.48,1,0.2277,23.52,4.77,1,0.1464,85.23,2.55,1,0.1122,87.45
190.13,0,66.40,1,0.2282,23.60,3.83,1,0.1480,86.17,1.91,1,0.1159,88.09
190.23,0,66.40,1,0.2282,23.60,3.83,1,0.1480,86.17,1.91,1,0.1159,88.09
190.35,0,66.30,1,0.2299,23.70,2.91,1,0.1496,87.09,1.36,1,0.1183,88.64
190.45,0,66.30,1,0.2299,23.70,2.91,1,0.1496,87.09,1.36,1,0.1183,88.64
190.56,0,66.25,1,0.2310,23.75,1.96,1,0.1499,88.04,0.94,1,0.1212,89.06
190.68,0,66.26,1,0.2304,23.74,0.92,1,0.1488,89.08,0.55,1,0.1256,89.45
190.78,0,66.26,1,0.2304,23.74,0.92,1,0.1488,89.08,0.55,1,0.1256,89.45
190.88,0,66.23,1,0.2287,23.77,0.22,1,0.1474,89.78,0.12,1,0.1302,89.88
190.98,0,66.23,1,0.2287,23.77,0.22,1,0.1474,89.78,0.12,1,0.1302,89.88
191.09,0,66.10,1,0.2275,23.90,1.38,1,0.1469,88.62,0.35,1,0.1335,89.65
191.20,0,65.88,1,0.2279,24.12,2.48,1,0.1477,87.52,0.79,1,0.1348,89.21
191.32,0,65.88,1,0.2279,24.12,2.48,1,0.1477,87.52,0.79,1,0.1348,89.21
191.44,0,65.64,1,0.2293,24.36,3.51,1,0.1487,86.49,1.11,1,0.1352,88.89
191.54,0,65.64,1,0.2293,24.36,3.51,1,0.1487,86.49,1.11,1,0.1352,88.89
191.66,0,65.47,1,0.2299,24.53,4.53,1,0.1484,85.47,1.32,1,0.1365,88.68
191.77,0,65.35,1,0.2288,24.65,4.53,1,0.1474,85.47,1.27,1,0.1373,88.73
191.87,0,65.35,1,0.2288,24.65,5.62,1,0.1466,84.38,1.51,1,0.1391,88.49
191.97,0,65.19,1,0.2267,24.81,6.79,1,0.1446,83.21,1.53,1,0.1404,88.47
192.07,0,65.19,1,0.2267,24.81,6.79,1,0.1446,83.21,1.74,1,0.1420,88.26
192.18,0,64.92,1,0.2254,25.08,7.94,1,0.1440,82.06,2.01,1,0.1435,87.99
192.29,0,64.92,1,0.2254,25.08,7.94,1,0.1440,82.06,2.01,1,0.1435,87.99
192.39,0,64.56,1,0.2257,25.44,8.97,1,0.1450,81.03,2.23,1,0.1433,87.77
192.49,0,64.56,1,0.2257,25.44,8.97,1,0.1450,81.03,2.23,1,0.1433,87.77
192.59,0,64.20,1,0.2268,25.80,9.87,1,0.1461,80.13,2.33,1,0.1425,87.67
192.69,0,64.20,1,0.2268,25.80,9.87,1,0.1461,80.13,2.33,1,0.1425,87.67
192.80,0,63.93,1,0.2269,26.07,10.73,1,0.1458,79.27,2.34,1,0.1426,87.66
192.90,0,63.93,1,0.2269,26.07,10.73,1,0.1458,79.27,2.34,1,0.1426,87.66
193.02,0,63.69,1,0.2253,26.31,11.63,1,0.1441,78.37,2.33,1,0.1443,87.67
193.12,0,63.69,1,0.2253,26.31,11.63,1,0.1441,78.37,2.33,1,0.1443,87.67
193.23,0,63.40,1,0.2229,26.60,12.53,1,0.1429,77.47,2.37,1,0.1461,87.63
193.33,0,63.40,1,0.2229,26.60,12.53,1,0.1429,77.47,2.37,1,0.1461,87.63
193.45,0,62.99,1,0.2214,27.01,13.30,1,0.1437,76.70,2.44,1,0.1464,87.56
193.55,0,62.51,1,0.2216,27.49,13.26,1,0.1458,76.74,2.51,1,0.1447,87.49
193.66,0,62.51,1,0.2216,27.49,13.84,1,0.1462,76.16,2.44,1,0.1450,87.56
193.77,0,62.05,1,0.2225,27.95,14.19,1,0.1487,75.81,2.34,1,0.1433,87.66
193.87,0,62.05,1,0.2225,27.95,14.19,1,0.1487,75.81,2.34,1,0.1433,87.66
193.99,0,61.67,1,0.2221,28.33,14.48,1,0.1497,75.52,2.15,1,0.1427,87.85
194.09,0,61.67,1,0.2221,28.33,14.48,1,0.1497,75.52,2.15,1,0.1427,87.85
194.20,0,61.33,1,0.2199,28.67,14.74,1,0.1500,75.26,1.95,1,0.1436,88.05
194.30,0,61.33,1,0.2199,28.67,14.74,1,0.1500,75.26,1.95,1,0.1436,88.05
194.42,0,60.91,1,0.2173,29.09,14.91,1,0.1513,75.09,1.81,1,0.1445,88.19
194.53,0,60.91,1,0.2173,29.09,14.91,1,0.1513,75.09,1.81,1,0.1445,88.19
194.63,0,60.91,1,0.2173,29.09,14.91,1,0.1513,75.09,1.81,1,0.1445,88.19
194.75,0,60.39,1,0.2158,29.61,14.88,1,0.1548,75.12,1.70,1,0.1440,88.30
194.85,0,60.39,1,0.2158,29.61,14.88,1,0.1548,75.12,1.70,1,0.1440,88.30
194.96,0,59.80,1,0.2158,30.20,14.60,1,0.1592,75.40,1.52,1,0.1418,88.48
195.06,0,59.80,1,0.2158,30.20,14.60,1,0.1592,75.40,1.52,1,0.1418,88.48
195.17,0,59.25,1,0.2162,30.75,14.16,1,0.1627,75.84,1.24,1,0.1394,88.76
195.27,0,59.25,1,0.2162,30.75,14.16,1,0.1627,75.84,1.24,1,0.1394,88.76
195.38,0,58.77,1,0.2153,31.23,13.65,1,0.1648,76.35,0.88,1,0.1384,89.12
195.48,0,58.77,1,0.2153,31.23,13.65,1,0.1648,76.35,0.88,1,0.1384,89.12
195.59,0,58.32,1,0.2128,31.68,13.11,1,0.1666,76.89,0.53,1,0.1388,89.47
195.69,0,58.32,1,0.2128,31.68,13.11,1,0.1666,76.89,0.53,1,0.1388,89.47
195.81,0,57.80,1,0.2099,32.20,12.48,1,0.1693,77.52,0.24,1,0.1391,89.76
195.91,0,57.16,1,0.2083,32.84,12.51,1,0.1708,77.49,0.34,1,0.1387,89.66
196.02,0,57.16,1,0.2083,32.84,11.71,1,0.1730,78.29,0.03,1,0.1378,89.97
196.13,0,56.48,1,0.2082,33.52,10.74,1,0.1769,79.26,0.37,1,0.1349,89.63
196.23,0,56.48,1,0.2082,33.52,10.74,1,0.1769,79.26,0.37,1,0.1349,89.63
196.33,0,55.84,1,0.2083,34.16,9.62,1,0.1799,80.38,0.82,1,0.1321,89.18
196.44,0,55.84,1,0.2083,34.16,9.62,1,0.1799,80.38,0.82,1,0.1321,89.18
196.54,0,55.28,1,0.2069,34.72,8.45,1,0.1818,81.55,1.33,1,0.1308,88.67
196.64,0,55.28,1,0.2069,34.72,8.45,1,0.1818,81.55,1.33,1,0.1308,88.67
196.76,0,54.73,1,0.2040,35.27,7.29,1,0.1832,82.71,1.81,1,0.1308,88.19
196.86,0,54.73,1,0.2040,35.27,7.29,1,0.1832,82.71,1.81,1,0.1308,88.19
196.98,0,54.11,1,0.2009,35.89,6.10,1,0.1851,83.90,2.22,1,0.1305,87.78
197.09,0,53.38,1,0.1993,36.62,4.85,1,0.1878,85.15,2.61,1,0.1286,87.39
197.20,0,53.38,1,0.1993,36.62,4.85,1,0.1878,85.15,2.61,1,0.1286,87.39
197.30,0,52.61,1,0.1990,37.39,3.53,1,0.1903,86.47,3.08,1,0.1252,86.92
197.40,0,52.61,1,0.1990,37.39,3.53,1,0.1903,86.47,3.08,1,0.1252,86.92
197.51,0,51.90,1,0.1987,38.10,2.19,1,0.1916,87.81,3.64,1,0.1222,86.36
197.62,0,51.27,1,0.1969,38.73,0.92,1,0.1916,89.08,4.23,1,0.1208,85.77
197.73,0,51.27,1,0.1969,38.73,0.92,1,0.1916,89.08,4.23,1,0.1208,85.77
197.84,0,50.64,1,0.1937,39.36,0.25,1,0.1911,89.75,4.77,1,0.1207,85.23
197.94,0,50.64,1,0.1937,39.36,0.25,1,0.1911,89.75,4.77,1,0.1207,85.23
198.06,0,49.92,1,0.1904,40.08,1.34,1,0.1910,88.66,5.22,1,0.1201,84.78
198.16,0,49.10,1,0.1886,40.90,2.40,1,0.1914,87.60,5.65,1,0.1177,84.35
198.26,0,49.10,1,0.1886,40.90,2.40,1,0.1914,87.60,5.65,1,0.1177,84.35
198.37,0,48.26,1,0.1882,41.74,3.44,1,0.1911,86.56,6.14,1,0.1142,83.86
198.47,0,48.26,1,0.1882,41.74,3.44,1,0.1911,86.56,6.14,1,0.1142,83.86
198.58,0,47.49,1,0.1876,42.51,4.37,1,0.1890,85.63,6.70,1,0.1112,83.30
198.70,0,46.78,1,0.1853,43.22,5.10,1,0.1855,84.90,7.27,1,0.1099,82.73
198.81,0,46.78,1,0.1853,43.22,5.10,1,0.1855,84.90,7.27,1,0.1099,82.73
198.91,0,46.08,1,0.1818,43.92,5.60,1,0.1813,84.40,7.74,1,0.1098,82.26
199.01,0,46.08,1,0.1818,43.92,5.60,1,0.1813,84.40,7.74,1,0.1098,82.26
199.13,0,45.28,1,0.1784,44.72,5.94,1,0.1774,84.06,8.11,1,0.1091,81.89
199.23,0,45.28,1,0.1784,44.72,5.94,1,0.1774,84.06,8.11,1,0.1091,81.89
199.33,0,44.38,1,0.1767,45.62,6.21,1,0.1739,83.79,8.45,1,0.1066,81.55
199.43,0,43.47,1,0.1761,46.53,6.41,1,0.1700,83.59,8.82,1,0.1032,81.18
199.54,0,43.47,1,0.1761,46.53,6.41,1,0.1700,83.59,8.82,1,0.1032,81.18
199.64,0,42.64,1,0.1751,47.36,6.47,1,0.1647,83.53,9.24,1,0.1006,80.76
199.76,0,41.88,1,0.1725,48.12,6.31,1,0.1578,83.69,9.62,1,0.0998,80.38
199.86,0,41.88,1,0.1725,48.12,6.31,1,0.1578,83.69,9.62,1,0.0998,80.38
199.97,0,41.10,1,0.1687,48.90,5.92,1,0.1505,84.08,9.88,1,0.1001,80.12
