# WaveFront *.obj file (generated by Autodesk ATF)

mtllib ActiveMarker_Outer.mtl

g Body1

v 6.000000 3.370000 6.000000
v -0.000000 3.370000 6.000000
v -6.000000 3.370000 6.000000
v -6.000000 3.220000 6.000000
v -0.000000 3.220000 6.000000
v 6.000000 3.220000 6.000000
v -6.000000 3.370000 0.000000
v -6.000000 3.370000 -6.000000
v -6.000000 3.220000 -6.000000
v -6.000000 3.220000 0.000000
v -0.000000 3.370000 -6.000000
v 6.000000 3.370000 -6.000000
v 6.000000 3.220000 -6.000000
v -0.000000 3.220000 -6.000000
v 6.000000 3.370000 0.000000
v 6.000000 3.220000 0.000000
v 5.800000 3.220000 5.800000
v 5.800000 3.220000 0.000000
v 5.800000 3.220000 -5.800000
v -0.000000 3.220000 -5.800000
v -5.800000 3.220000 -5.800000
v -5.800000 3.220000 0.000000
v -5.800000 3.220000 5.800000
v -0.000000 3.220000 5.800000
v -5.800000 3.370000 5.800000
v -0.000000 3.370000 5.800000
v 5.800000 3.370000 5.800000
v -5.800000 3.370000 -5.800000
v -5.800000 3.370000 0.000000
v 5.800000 3.370000 -5.800000
v -0.000000 3.370000 -5.800000
v 5.800000 3.370000 0.000000
vt 12.000000 -16.970563 0.000000
vt 6.000000 -16.970563 0.000000
vt 12.000000 -17.120563 0.000000
vt 6.000000 -17.120563 0.000000
vt -0.000000 -16.970563 0.000000
vt -0.000000 -17.120563 0.000000
vt 12.000000 -16.970563 0.000000
vt 6.000000 -16.970563 0.000000
vt 12.000000 -17.120563 0.000000
vt 6.000000 -17.120563 0.000000
vt -0.000000 -16.970563 0.000000
vt -0.000000 -17.120563 0.000000
vt -6.000000 -16.970563 0.000000
vt -0.000000 -17.120563 0.000000
vt -6.000000 -17.120563 0.000000
vt -12.000000 -16.970563 0.000000
vt -12.000000 -17.120563 0.000000
vt -0.000000 -16.970563 0.000000
vt -6.000000 -16.970563 0.000000
vt -0.000000 -17.120563 0.000000
vt -6.000000 -17.120563 0.000000
vt -12.000000 -16.970563 0.000000
vt -12.000000 -17.120563 0.000000
vt 6.000000 0.000000 0.000000
vt 6.000000 6.000000 0.000000
vt 5.800000 5.800000 0.000000
vt -0.000000 6.000000 0.000000
vt -0.000000 5.800000 0.000000
vt -5.800000 5.800000 0.000000
vt -6.000000 6.000000 0.000000
vt -6.000000 0.000000 0.000000
vt -6.000000 -6.000000 0.000000
vt -5.800000 -5.800000 0.000000
vt -5.800000 0.000000 0.000000
vt -0.000000 -6.000000 0.000000
vt -0.000000 -5.800000 0.000000
vt 5.800000 -5.800000 0.000000
vt 6.000000 -6.000000 0.000000
vt 5.800000 0.000000 0.000000
vt 0.000000 -16.970563 0.000000
vt -5.800000 -16.970563 0.000000
vt 0.000000 -17.120563 0.000000
vt -5.800000 -17.120563 0.000000
vt -11.600000 -16.970563 0.000000
vt -11.600000 -17.120563 0.000000
vt 0.000000 -16.970563 0.000000
vt -5.800000 -16.970563 0.000000
vt 0.000000 -17.120563 0.000000
vt -5.800000 -17.120563 0.000000
vt -11.600000 -16.970563 0.000000
vt -11.600000 -17.120563 0.000000
vt 11.600000 -16.970563 0.000000
vt 5.800000 -16.970563 0.000000
vt 11.600000 -17.120563 0.000000
vt 5.800000 -17.120563 0.000000
vt 0.000000 -16.970563 0.000000
vt 0.000000 -17.120563 0.000000
vt 11.600000 -16.970563 0.000000
vt 5.800000 -16.970563 0.000000
vt 11.600000 -17.120563 0.000000
vt 5.800000 -17.120563 0.000000
vt 0.000000 -16.970563 0.000000
vt 0.000000 -17.120563 0.000000
vt 0.000000 -6.000000 0.000000
vt 6.000000 -6.000000 0.000000
vt 5.800000 -5.800000 0.000000
vt 6.000000 0.000000 0.000000
vt 5.800000 0.000000 0.000000
vt 5.800000 5.800000 0.000000
vt 6.000000 6.000000 0.000000
vt 0.000000 6.000000 0.000000
vt -6.000000 6.000000 0.000000
vt -5.800000 5.800000 0.000000
vt 0.000000 5.800000 0.000000
vt -6.000000 0.000000 0.000000
vt -5.800000 0.000000 0.000000
vt -5.800000 -5.800000 0.000000
vt -6.000000 -6.000000 0.000000
vt 0.000000 -5.800000 0.000000
vn -0.000000 -0.000000 1.000000
vn -0.000000 -0.000000 1.000000
vn -0.000000 -0.000000 1.000000
vn -0.000000 -0.000000 1.000000
vn -0.000000 -0.000000 1.000000
vn -0.000000 -0.000000 1.000000
vn -1.000000 -0.000000 -0.000000
vn -1.000000 -0.000000 -0.000000
vn -1.000000 -0.000000 -0.000000
vn -1.000000 -0.000000 -0.000000
vn -1.000000 -0.000000 -0.000000
vn -1.000000 -0.000000 -0.000000
vn -0.000000 -0.000000 -1.000000
vn -0.000000 -0.000000 -1.000000
vn -0.000000 -0.000000 -1.000000
vn -0.000000 -0.000000 -1.000000
vn -0.000000 -0.000000 -1.000000
vn -0.000000 -0.000000 -1.000000
vn 1.000000 -0.000000 -0.000000
vn 1.000000 -0.000000 -0.000000
vn 1.000000 -0.000000 -0.000000
vn 1.000000 -0.000000 -0.000000
vn 1.000000 -0.000000 -0.000000
vn 1.000000 -0.000000 -0.000000
vn -0.000000 -1.000000 -0.000000
vn -0.000000 -1.000000 -0.000000
vn -0.000000 -1.000000 -0.000000
vn -0.000000 -1.000000 -0.000000
vn -0.000000 -1.000000 -0.000000
vn -0.000000 -1.000000 -0.000000
vn -0.000000 -1.000000 -0.000000
vn -0.000000 -1.000000 -0.000000
vn -0.000000 -1.000000 -0.000000
vn -0.000000 -1.000000 -0.000000
vn -0.000000 -1.000000 -0.000000
vn -0.000000 -1.000000 -0.000000
vn -0.000000 -1.000000 -0.000000
vn -0.000000 -1.000000 -0.000000
vn -0.000000 -1.000000 -0.000000
vn -0.000000 -1.000000 -0.000000
vn 0.000000 0.000000 -1.000000
vn 0.000000 0.000000 -1.000000
vn 0.000000 0.000000 -1.000000
vn 0.000000 0.000000 -1.000000
vn 0.000000 0.000000 -1.000000
vn 0.000000 0.000000 -1.000000
vn 1.000000 0.000000 0.000000
vn 1.000000 0.000000 0.000000
vn 1.000000 0.000000 0.000000
vn 1.000000 0.000000 0.000000
vn 1.000000 0.000000 0.000000
vn 1.000000 0.000000 0.000000
vn 0.000000 0.000000 1.000000
vn 0.000000 0.000000 1.000000
vn 0.000000 0.000000 1.000000
vn 0.000000 0.000000 1.000000
vn 0.000000 0.000000 1.000000
vn 0.000000 0.000000 1.000000
vn -1.000000 0.000000 0.000000
vn -1.000000 0.000000 0.000000
vn -1.000000 0.000000 0.000000
vn -1.000000 0.000000 0.000000
vn -1.000000 0.000000 0.000000
vn -1.000000 0.000000 0.000000
vn 0.000000 1.000000 0.000000
vn 0.000000 1.000000 0.000000
vn 0.000000 1.000000 0.000000
vn 0.000000 1.000000 0.000000
vn 0.000000 1.000000 0.000000
vn 0.000000 1.000000 0.000000
vn 0.000000 1.000000 0.000000
vn 0.000000 1.000000 0.000000
vn 0.000000 1.000000 0.000000
vn 0.000000 1.000000 0.000000
vn 0.000000 1.000000 0.000000
vn 0.000000 1.000000 0.000000
vn 0.000000 1.000000 0.000000
vn 0.000000 1.000000 0.000000
vn 0.000000 1.000000 0.000000
vn 0.000000 1.000000 0.000000
usemtl Opaque(76,76,76)
f 1/1/1 2/2/2 6/3/3
f 6/3/3 2/2/2 5/4/4
f 5/4/4 2/2/2 3/5/5
f 5/4/4 3/5/5 4/6/6
f 3/7/7 7/8/8 4/9/9
f 4/9/9 7/8/8 10/10/10
f 10/10/10 7/8/8 8/11/11
f 10/10/10 8/11/11 9/12/12
f 8/11/13 11/13/14 9/14/15
f 9/14/15 11/13/14 14/15/16
f 14/15/16 11/13/14 12/16/17
f 14/15/16 12/16/17 13/17/18
f 12/18/19 15/19/20 13/20/21
f 13/20/21 15/19/20 16/21/22
f 16/21/22 15/19/20 1/22/23
f 16/21/22 1/22/23 6/23/24
f 14/24/25 13/25/26 19/26/27
f 19/26/27 13/25/26 16/27/28
f 19/26/27 16/27/28 18/28/29
f 18/28/29 16/27/28 17/29/30
f 17/29/30 16/27/28 6/30/31
f 17/29/30 6/30/31 5/31/32
f 4/32/33 23/33/34 5/31/32
f 5/31/32 23/33/34 24/34/35
f 5/31/32 24/34/35 17/29/30
f 4/32/33 10/35/36 23/33/34
f 23/33/34 10/35/36 22/36/37
f 22/36/37 10/35/36 21/37/38
f 21/37/38 10/35/36 9/38/39
f 21/37/38 9/38/39 14/24/25
f 19/26/27 20/39/40 14/24/25
f 14/24/25 20/39/40 21/37/38
f 25/40/41 26/41/42 23/42/43
f 23/42/43 26/41/42 24/43/44
f 24/43/44 26/41/42 27/44/45
f 24/43/44 27/44/45 17/45/46
f 28/46/47 29/47/48 21/48/49
f 21/48/49 29/47/48 22/49/50
f 22/49/50 29/47/48 25/50/51
f 22/49/50 25/50/51 23/51/52
f 30/52/53 31/53/54 19/54/55
f 19/54/55 31/53/54 20/55/56
f 20/55/56 31/53/54 28/56/57
f 20/55/56 28/56/57 21/57/58
f 27/58/59 32/59/60 17/60/61
f 17/60/61 32/59/60 18/61/62
f 18/61/62 32/59/60 30/62/63
f 18/61/62 30/62/63 19/63/64
f 7/64/65 3/65/66 25/66/67
f 25/66/67 3/65/66 2/67/68
f 25/66/67 2/67/68 26/68/69
f 26/68/69 2/67/68 27/69/70
f 27/69/70 2/67/68 1/70/71
f 27/69/70 1/70/71 15/71/72
f 12/72/73 30/73/74 15/71/72
f 15/71/72 30/73/74 32/74/75
f 15/71/72 32/74/75 27/69/70
f 12/72/73 11/75/76 30/73/74
f 30/73/74 11/75/76 31/76/77
f 31/76/77 11/75/76 28/77/78
f 28/77/78 11/75/76 8/78/79
f 28/77/78 8/78/79 7/64/65
f 25/66/67 29/79/80 7/64/65
f 7/64/65 29/79/80 28/77/78
g Body2

v -5.000000 2.986000 -4.775000
v -5.058234 2.986000 -4.782667
v -5.112500 2.986000 -4.805144
v -5.159099 2.986000 -4.840901
v -5.194856 2.986000 -4.887500
v -5.217333 2.986000 -4.941766
v -5.225000 2.986000 -5.000000
v -5.217333 2.986000 -5.058234
v -5.194856 2.986000 -5.112500
v -5.159099 2.986000 -5.159099
v -5.112500 2.986000 -5.194856
v -5.058234 2.986000 -5.217333
v -5.000000 2.986000 -5.225000
v -4.941766 2.986000 -5.217333
v -4.887500 2.986000 -5.194856
v -4.840901 2.986000 -5.159099
v -4.805144 2.986000 -5.112500
v -4.782667 2.986000 -5.058234
v -4.775000 2.986000 -5.000000
v -4.782667 2.986000 -4.941766
v -4.805144 2.986000 -4.887500
v -4.840901 2.986000 -4.840901
v -4.887500 2.986000 -4.805144
v -4.941766 2.986000 -4.782667
v -5.000000 3.220000 -4.541000
v -4.881202 3.220000 -4.556640
v -4.770500 3.220000 -4.602494
v -4.675438 3.220000 -4.675438
v -4.602494 3.220000 -4.770500
v -4.556640 3.220000 -4.881202
v -4.541000 3.220000 -5.000000
v -4.556640 3.220000 -5.118798
v -4.602494 3.220000 -5.229500
v -4.675438 3.220000 -5.324562
v -4.770500 3.220000 -5.397506
v -4.881202 3.220000 -5.443360
v -5.000000 3.220000 -5.459000
v -5.118798 3.220000 -5.443360
v -5.229500 3.220000 -5.397506
v -5.324562 3.220000 -5.324562
v -5.397506 3.220000 -5.229500
v -5.443360 3.220000 -5.118798
v -5.459000 3.220000 -5.000000
v -5.443360 3.220000 -4.881202
v -5.397506 3.220000 -4.770500
v -5.324562 3.220000 -4.675438
v -5.229500 3.220000 -4.602494
v -5.118798 3.220000 -4.556640
v -5.000000 2.970000 -4.775000
v -5.058234 2.970000 -4.782667
v -5.112500 2.970000 -4.805144
v -5.159099 2.970000 -4.840901
v -5.194856 2.970000 -4.887500
v -5.217333 2.970000 -4.941766
v -5.225000 2.970000 -5.000000
v -5.217333 2.970000 -5.058234
v -5.194856 2.970000 -5.112500
v -5.159099 2.970000 -5.159099
v -5.112500 2.970000 -5.194856
v -5.058234 2.970000 -5.217333
v -5.000000 2.970000 -5.225000
v -4.941766 2.970000 -5.217333
v -4.887500 2.970000 -5.194856
v -4.840901 2.970000 -5.159099
v -4.805144 2.970000 -5.112500
v -4.782667 2.970000 -5.058234
v -4.775000 2.970000 -5.000000
v -4.782667 2.970000 -4.941766
v -4.805144 2.970000 -4.887500
v -4.840901 2.970000 -4.840901
v -4.887500 2.970000 -4.805144
v -4.941766 2.970000 -4.782667
v -5.000000 2.986000 5.225000
v -5.058234 2.986000 5.217333
v -5.112500 2.986000 5.194856
v -5.159099 2.986000 5.159099
v -5.194856 2.986000 5.112500
v -5.217333 2.986000 5.058234
v -5.225000 2.986000 5.000000
v -5.217333 2.986000 4.941766
v -5.194856 2.986000 4.887500
v -5.159099 2.986000 4.840901
v -5.112500 2.986000 4.805144
v -5.058234 2.986000 4.782667
v -5.000000 2.986000 4.775000
v -4.941766 2.986000 4.782667
v -4.887500 2.986000 4.805144
v -4.840901 2.986000 4.840901
v -4.805144 2.986000 4.887500
v -4.782667 2.986000 4.941766
v -4.775000 2.986000 5.000000
v -4.782667 2.986000 5.058234
v -4.805144 2.986000 5.112500
v -4.840901 2.986000 5.159099
v -4.887500 2.986000 5.194856
v -4.941766 2.986000 5.217333
v -5.000000 3.220000 5.459000
v -4.881202 3.220000 5.443360
v -4.770500 3.220000 5.397506
v -4.675438 3.220000 5.324562
v -4.602494 3.220000 5.229500
v -4.556640 3.220000 5.118798
v -4.541000 3.220000 5.000000
v -4.556640 3.220000 4.881202
v -4.602494 3.220000 4.770500
v -4.675438 3.220000 4.675438
v -4.770500 3.220000 4.602494
v -4.881202 3.220000 4.556640
v -5.000000 3.220000 4.541000
v -5.118798 3.220000 4.556640
v -5.229500 3.220000 4.602494
v -5.324562 3.220000 4.675438
v -5.397506 3.220000 4.770500
v -5.443360 3.220000 4.881202
v -5.459000 3.220000 5.000000
v -5.443360 3.220000 5.118798
v -5.397506 3.220000 5.229500
v -5.324562 3.220000 5.324562
v -5.229500 3.220000 5.397506
v -5.118798 3.220000 5.443360
v -5.000000 2.970000 5.225000
v -5.058234 2.970000 5.217333
v -5.112500 2.970000 5.194856
v -5.159099 2.970000 5.159099
v -5.194856 2.970000 5.112500
v -5.217333 2.970000 5.058234
v -5.225000 2.970000 5.000000
v -5.217333 2.970000 4.941766
v -5.194856 2.970000 4.887500
v -5.159099 2.970000 4.840901
v -5.112500 2.970000 4.805144
v -5.058234 2.970000 4.782667
v -5.000000 2.970000 4.775000
v -4.941766 2.970000 4.782667
v -4.887500 2.970000 4.805144
v -4.840901 2.970000 4.840901
v -4.805144 2.970000 4.887500
v -4.782667 2.970000 4.941766
v -4.775000 2.970000 5.000000
v -4.782667 2.970000 5.058234
v -4.805144 2.970000 5.112500
v -4.840901 2.970000 5.159099
v -4.887500 2.970000 5.194856
v -4.941766 2.970000 5.217333
v 5.000000 2.986000 5.225000
v 4.941766 2.986000 5.217333
v 4.887500 2.986000 5.194856
v 4.840901 2.986000 5.159099
v 4.805144 2.986000 5.112500
v 4.782667 2.986000 5.058234
v 4.775000 2.986000 5.000000
v 4.782667 2.986000 4.941766
v 4.805144 2.986000 4.887500
v 4.840901 2.986000 4.840901
v 4.887500 2.986000 4.805144
v 4.941766 2.986000 4.782667
v 5.000000 2.986000 4.775000
v 5.058234 2.986000 4.782667
v 5.112500 2.986000 4.805144
v 5.159099 2.986000 4.840901
v 5.194856 2.986000 4.887500
v 5.217333 2.986000 4.941766
v 5.225000 2.986000 5.000000
v 5.217333 2.986000 5.058234
v 5.194856 2.986000 5.112500
v 5.159099 2.986000 5.159099
v 5.112500 2.986000 5.194856
v 5.058234 2.986000 5.217333
v 5.000000 3.220000 5.459000
v 5.118798 3.220000 5.443360
v 5.229500 3.220000 5.397506
v 5.324562 3.220000 5.324562
v 5.397506 3.220000 5.229500
v 5.443360 3.220000 5.118798
v 5.459000 3.220000 5.000000
v 5.443360 3.220000 4.881202
v 5.397506 3.220000 4.770500
v 5.324562 3.220000 4.675438
v 5.229500 3.220000 4.602494
v 5.118798 3.220000 4.556640
v 5.000000 3.220000 4.541000
v 4.881202 3.220000 4.556640
v 4.770500 3.220000 4.602494
v 4.675438 3.220000 4.675438
v 4.602494 3.220000 4.770500
v 4.556640 3.220000 4.881202
v 4.541000 3.220000 5.000000
v 4.556640 3.220000 5.118798
v 4.602494 3.220000 5.229500
v 4.675438 3.220000 5.324562
v 4.770500 3.220000 5.397506
v 4.881202 3.220000 5.443360
v 5.000000 2.970000 5.225000
v 4.941766 2.970000 5.217333
v 4.887500 2.970000 5.194856
v 4.840901 2.970000 5.159099
v 4.805144 2.970000 5.112500
v 4.782667 2.970000 5.058234
v 4.775000 2.970000 5.000000
v 4.782667 2.970000 4.941766
v 4.805144 2.970000 4.887500
v 4.840901 2.970000 4.840901
v 4.887500 2.970000 4.805144
v 4.941766 2.970000 4.782667
v 5.000000 2.970000 4.775000
v 5.058234 2.970000 4.782667
v 5.112500 2.970000 4.805144
v 5.159099 2.970000 4.840901
v 5.194856 2.970000 4.887500
v 5.217333 2.970000 4.941766
v 5.225000 2.970000 5.000000
v 5.217333 2.970000 5.058234
v 5.194856 2.970000 5.112500
v 5.159099 2.970000 5.159099
v 5.112500 2.970000 5.194856
v 5.058234 2.970000 5.217333
v 5.000000 2.986000 -4.775000
v 4.941766 2.986000 -4.782667
v 4.887500 2.986000 -4.805144
v 4.840901 2.986000 -4.840901
v 4.805144 2.986000 -4.887500
v 4.782667 2.986000 -4.941766
v 4.775000 2.986000 -5.000000
v 4.782667 2.986000 -5.058234
v 4.805144 2.986000 -5.112500
v 4.840901 2.986000 -5.159099
v 4.887500 2.986000 -5.194856
v 4.941766 2.986000 -5.217333
v 5.000000 2.986000 -5.225000
v 5.058234 2.986000 -5.217333
v 5.112500 2.986000 -5.194856
v 5.159099 2.986000 -5.159099
v 5.194856 2.986000 -5.112500
v 5.217333 2.986000 -5.058234
v 5.225000 2.986000 -5.000000
v 5.217333 2.986000 -4.941766
v 5.194856 2.986000 -4.887500
v 5.159099 2.986000 -4.840901
v 5.112500 2.986000 -4.805144
v 5.058234 2.986000 -4.782667
v 5.000000 3.220000 -4.541000
v 5.118798 3.220000 -4.556640
v 5.229500 3.220000 -4.602494
v 5.324562 3.220000 -4.675438
v 5.397506 3.220000 -4.770500
v 5.443360 3.220000 -4.881202
v 5.459000 3.220000 -5.000000
v 5.443360 3.220000 -5.118798
v 5.397506 3.220000 -5.229500
v 5.324562 3.220000 -5.324562
v 5.229500 3.220000 -5.397506
v 5.118798 3.220000 -5.443360
v 5.000000 3.220000 -5.459000
v 4.881202 3.220000 -5.443360
v 4.770500 3.220000 -5.397506
v 4.675438 3.220000 -5.324562
v 4.602494 3.220000 -5.229500
v 4.556640 3.220000 -5.118798
v 4.541000 3.220000 -5.000000
v 4.556640 3.220000 -4.881202
v 4.602494 3.220000 -4.770500
v 4.675438 3.220000 -4.675438
v 4.770500 3.220000 -4.602494
v 4.881202 3.220000 -4.556640
v 5.000000 2.970000 -4.775000
v 4.941766 2.970000 -4.782667
v 4.887500 2.970000 -4.805144
v 4.840901 2.970000 -4.840901
v 4.805144 2.970000 -4.887500
v 4.782667 2.970000 -4.941766
v 4.775000 2.970000 -5.000000
v 4.782667 2.970000 -5.058234
v 4.805144 2.970000 -5.112500
v 4.840901 2.970000 -5.159099
v 4.887500 2.970000 -5.194856
v 4.941766 2.970000 -5.217333
v 5.000000 2.970000 -5.225000
v 5.058234 2.970000 -5.217333
v 5.112500 2.970000 -5.194856
v 5.159099 2.970000 -5.159099
v 5.194856 2.970000 -5.112500
v 5.217333 2.970000 -5.058234
v 5.225000 2.970000 -5.000000
v 5.217333 2.970000 -4.941766
v 5.194856 2.970000 -4.887500
v 5.159099 2.970000 -4.840901
v 5.112500 2.970000 -4.805144
v 5.058234 2.970000 -4.782667
v -0.000000 3.370000 -9.000000
v 1.341380 3.370000 -8.899477
v 2.652797 3.370000 -8.600155
v 3.904954 3.370000 -8.108720
v 5.069881 3.370000 -7.436149
v 6.121555 3.370000 -6.597467
v 7.036483 3.370000 -5.611408
v 7.794229 3.370000 -4.500000
v 8.377864 3.370000 -3.288069
v 8.774351 3.370000 -2.002688
v 8.974834 3.370000 -0.672571
v 8.974834 3.370000 0.672571
v 8.774351 3.370000 2.002688
v 8.377864 3.370000 3.288069
v 7.794229 3.370000 4.500000
v 7.036483 3.370000 5.611408
v 6.121555 3.370000 6.597467
v 5.069881 3.370000 7.436149
v 3.904954 3.370000 8.108720
v 2.652797 3.370000 8.600155
v 1.341380 3.370000 8.899477
v -0.000000 3.370000 9.000000
v -1.341380 3.370000 8.899477
v -2.652797 3.370000 8.600155
v -3.904954 3.370000 8.108720
v -5.069881 3.370000 7.436149
v -6.121555 3.370000 6.597467
v -7.036483 3.370000 5.611408
v -7.794229 3.370000 4.500000
v -8.377864 3.370000 3.288069
v -8.774351 3.370000 2.002688
v -8.974834 3.370000 0.672571
v -8.974834 3.370000 -0.672571
v -8.774351 3.370000 -2.002688
v -8.377864 3.370000 -3.288069
v -7.794229 3.370000 -4.500000
v -7.036483 3.370000 -5.611408
v -6.121555 3.370000 -6.597467
v -5.069881 3.370000 -7.436149
v -3.904954 3.370000 -8.108720
v -2.652797 3.370000 -8.600155
v -1.341380 3.370000 -8.899477
v -0.000000 2.620000 -9.000000
v -1.341380 2.620000 -8.899477
v -2.652797 2.620000 -8.600155
v -3.904954 2.620000 -8.108720
v -5.069881 2.620000 -7.436149
v -6.121555 2.620000 -6.597467
v -7.036483 2.620000 -5.611408
v -7.794229 2.620000 -4.500000
v -8.377864 2.620000 -3.288069
v -8.774351 2.620000 -2.002688
v -8.974834 2.620000 -0.672571
v -8.974834 2.620000 0.672571
v -8.774351 2.620000 2.002688
v -8.377864 2.620000 3.288069
v -7.794229 2.620000 4.500000
v -7.036483 2.620000 5.611408
v -6.121555 2.620000 6.597467
v -5.069881 2.620000 7.436149
v -3.904954 2.620000 8.108720
v -2.652797 2.620000 8.600155
v -1.341380 2.620000 8.899477
v -0.000000 2.620000 9.000000
v 1.341380 2.620000 8.899477
v 2.652797 2.620000 8.600155
v 3.904954 2.620000 8.108720
v 5.069881 2.620000 7.436149
v 6.121555 2.620000 6.597467
v 7.036483 2.620000 5.611408
v 7.794229 2.620000 4.500000
v 8.377864 2.620000 3.288069
v 8.774351 2.620000 2.002688
v 8.974834 2.620000 0.672571
v 8.974834 2.620000 -0.672571
v 8.774351 2.620000 -2.002688
v 8.377864 2.620000 -3.288069
v 7.794229 2.620000 -4.500000
v 7.036483 2.620000 -5.611408
v 6.121555 2.620000 -6.597467
v 5.069881 2.620000 -7.436149
v 3.904954 2.620000 -8.108720
v 2.652797 2.620000 -8.600155
v 1.341380 2.620000 -8.899477
v -0.000000 3.350000 -8.900000
v -1.326476 3.350000 -8.800594
v -2.623321 3.350000 -8.504598
v -3.861565 3.350000 -8.018623
v -5.013549 3.350000 -7.353525
v -6.053537 3.350000 -6.524162
v -6.958300 3.350000 -5.549059
v -7.707626 3.350000 -4.450000
v -8.284776 3.350000 -3.251535
v -8.676858 3.350000 -1.980436
v -8.875114 3.350000 -0.665098
v -8.875114 3.350000 0.665098
v -8.676858 3.350000 1.980436
v -8.284776 3.350000 3.251535
v -7.707626 3.350000 4.450000
v -6.958300 3.350000 5.549059
v -6.053537 3.350000 6.524162
v -5.013549 3.350000 7.353525
v -3.861565 3.350000 8.018623
v -2.623321 3.350000 8.504598
v -1.326476 3.350000 8.800594
v -0.000000 3.350000 8.900000
v 1.326476 3.350000 8.800594
v 2.623321 3.350000 8.504598
v 3.861565 3.350000 8.018623
v 5.013549 3.350000 7.353525
v 6.053537 3.350000 6.524162
v 6.958300 3.350000 5.549059
v 7.707626 3.350000 4.450000
v 8.284776 3.350000 3.251535
v 8.676858 3.350000 1.980436
v 8.875114 3.350000 0.665098
v 8.875114 3.350000 -0.665098
v 8.676858 3.350000 -1.980436
v 8.284776 3.350000 -3.251535
v 7.707626 3.350000 -4.450000
v 6.958300 3.350000 -5.549059
v 6.053537 3.350000 -6.524162
v 5.013549 3.350000 -7.353525
v 3.861565 3.350000 -8.018623
v 2.623321 3.350000 -8.504598
v 1.326476 3.350000 -8.800594
v -6.293250 2.620000 -6.293250
v -6.150240 2.620000 -6.433083
v -5.509729 2.620000 -6.989484
v -4.819148 2.620000 -7.482367
v -4.084771 2.620000 -7.907253
v -3.313274 2.620000 -8.260279
v -2.511666 2.620000 -8.538239
v -1.687233 2.620000 -8.738607
v -0.847467 2.620000 -8.859560
v 0.000000 2.620000 -8.900000
v 0.847467 2.620000 -8.859560
v 1.687233 2.620000 -8.738607
v 2.511666 2.620000 -8.538239
v 3.313274 2.620000 -8.260279
v 4.084771 2.620000 -7.907253
v 4.819148 2.620000 -7.482367
v 5.509729 2.620000 -6.989484
v 6.150240 2.620000 -6.433083
v 6.293250 2.620000 -6.293250
v 6.245927 2.620211 -6.340220
v 6.198256 2.620843 -6.386832
v 6.150240 2.621897 -6.433083
v 6.150240 3.120805 -6.433083
v 6.245929 3.120090 -6.340218
v 6.340218 3.120090 -6.245929
v 6.433083 3.120805 -6.150240
v 6.433083 2.621897 -6.150240
v 6.386832 2.620843 -6.198256
v 6.340220 2.620211 -6.245927
v 6.433083 2.620000 -6.150240
v 6.989484 2.620000 -5.509729
v 7.482367 2.620000 -4.819148
v 7.907253 2.620000 -4.084771
v 8.260279 2.620000 -3.313274
v 8.538239 2.620000 -2.511666
v 8.738607 2.620000 -1.687233
v 8.859560 2.620000 -0.847467
v 8.900000 2.620000 0.000000
v 8.859560 2.620000 0.847467
v 8.738607 2.620000 1.687233
v 8.538239 2.620000 2.511666
v 8.260279 2.620000 3.313274
v 7.907253 2.620000 4.084771
v 7.482367 2.620000 4.819148
v 6.989484 2.620000 5.509729
v 6.433083 2.620000 6.150240
v 6.293250 2.620000 6.293250
v 6.340220 2.620211 6.245927
v 6.386832 2.620843 6.198256
v 6.433083 2.621897 6.150240
v 6.433083 3.120805 6.150240
v 6.340218 3.120090 6.245929
v 6.245929 3.120090 6.340218
v 6.150240 3.120805 6.433083
v 6.150240 2.621897 6.433083
v 6.198256 2.620843 6.386832
v 6.245927 2.620211 6.340220
v 6.150240 2.620000 6.433083
v 5.509729 2.620000 6.989484
v 4.819148 2.620000 7.482367
v 4.084771 2.620000 7.907253
v 3.313274 2.620000 8.260279
v 2.511666 2.620000 8.538239
v 1.687233 2.620000 8.738607
v 0.847467 2.620000 8.859560
v -0.000000 2.620000 8.900000
v -0.847467 2.620000 8.859560
v -1.687233 2.620000 8.738607
v -2.511666 2.620000 8.538239
v -3.313274 2.620000 8.260279
v -4.084771 2.620000 7.907253
v -4.819148 2.620000 7.482367
v -5.509729 2.620000 6.989484
v -6.150240 2.620000 6.433083
v -6.293250 2.620000 6.293250
v -6.245927 2.620211 6.340220
v -6.198256 2.620843 6.386832
v -6.150240 2.621897 6.433083
v -6.150240 3.120805 6.433083
v -6.245929 3.120090 6.340218
v -6.340218 3.120090 6.245929
v -6.433083 3.120805 6.150240
v -6.433083 2.621897 6.150240
v -6.386832 2.620843 6.198256
v -6.340220 2.620211 6.245927
v -6.433083 2.620000 6.150240
v -6.989484 2.620000 5.509729
v -7.482367 2.620000 4.819148
v -7.907253 2.620000 4.084771
v -8.260279 2.620000 3.313274
v -8.538239 2.620000 2.511666
v -8.738607 2.620000 1.687233
v -8.859560 2.620000 0.847467
v -8.900000 2.620000 -0.000000
v -8.859560 2.620000 -0.847467
v -8.738607 2.620000 -1.687233
v -8.538239 2.620000 -2.511666
v -8.260279 2.620000 -3.313274
v -7.907253 2.620000 -4.084771
v -7.482367 2.620000 -4.819148
v -6.989484 2.620000 -5.509729
v -6.433083 2.620000 -6.150240
v -6.340220 2.620211 -6.245927
v -6.386832 2.620843 -6.198256
v -6.433083 2.621897 -6.150240
v -6.433083 3.120805 -6.150240
v -6.340218 3.120090 -6.245929
v -6.245929 3.120090 -6.340218
v -6.150240 3.120805 -6.433083
v -6.150240 2.621897 -6.433083
v -6.198256 2.620843 -6.386832
v -6.245927 2.620211 -6.340220
v 5.980881 3.350000 5.698039
v 5.698039 3.350000 5.980881
v 5.658579 3.220000 5.941421
v 5.658579 3.350000 5.941421
v 5.800000 3.350000 5.800000
v 5.941421 3.350000 5.658579
v 5.941421 3.220000 5.658579
v 6.141421 2.970000 5.858579
v 6.000000 2.970000 5.717157
v 6.000000 3.220000 5.717157
v 5.717157 3.220000 6.000000
v 5.717157 2.970000 6.000000
v 5.858579 2.970000 6.141421
v -5.698039 3.350000 5.980881
v -5.980881 3.350000 5.698039
v -5.658579 3.220000 5.941421
v -5.658579 3.350000 5.941421
v -5.858579 2.970000 6.141421
v -5.717157 2.970000 6.000000
v -5.717157 3.220000 6.000000
v -5.941421 3.220000 5.658579
v -5.941421 3.350000 5.658579
v -5.800000 3.350000 5.800000
v -6.000000 3.220000 5.717157
v -6.000000 2.970000 5.717157
v -6.141421 2.970000 5.858579
v -5.980881 3.350000 -5.698039
v -5.698039 3.350000 -5.980881
v -5.941421 3.220000 -5.658579
v -5.941421 3.350000 -5.658579
v -6.141421 2.970000 -5.858579
v -6.000000 2.970000 -5.717157
v -6.000000 3.220000 -5.717157
v -5.658579 3.220000 -5.941421
v -5.658579 3.350000 -5.941421
v -5.800000 3.350000 -5.800000
v -5.717157 3.220000 -6.000000
v -5.717157 2.970000 -6.000000
v -5.858579 2.970000 -6.141421
v 5.698039 3.350000 -5.980881
v 5.980881 3.350000 -5.698039
v 5.658579 3.220000 -5.941421
v 5.658579 3.350000 -5.941421
v 5.858579 2.970000 -6.141421
v 5.717157 2.970000 -6.000000
v 5.717157 3.220000 -6.000000
v 5.941421 3.220000 -5.658579
v 5.941421 3.350000 -5.658579
v 5.800000 3.350000 -5.800000
v 6.000000 3.220000 -5.717157
v 6.000000 2.970000 -5.717157
v 6.141421 2.970000 -5.858579
v 6.000000 3.220000 0.000000
v 6.000000 2.970000 0.000000
v 0.000000 3.220000 -6.000000
v 0.000000 2.970000 -6.000000
v -6.000000 3.220000 -0.000000
v -6.000000 2.970000 -0.000000
v 5.800000 3.370000 -5.800000
v 5.800000 3.370000 0.000000
v 5.800000 3.370000 5.800000
v -0.000000 3.370000 5.800000
v -5.800000 3.370000 5.800000
v -5.800000 3.370000 0.000000
v -5.800000 3.370000 -5.800000
v -0.000000 3.370000 -5.800000
v -0.000000 2.970000 6.000000
v 4.250000 2.970000 4.250000
v 4.250000 2.970000 -4.250000
v -4.250000 2.970000 -4.250000
v -4.250000 2.970000 4.250000
v -0.000000 3.220000 6.000000
v -4.250000 3.220000 -4.250000
v 4.250000 3.220000 -4.250000
v 4.250000 3.220000 4.250000
v -4.250000 3.220000 4.250000
v 5.800000 3.350000 0.000000
v -0.000000 3.350000 -5.800000
v -5.800000 3.350000 0.000000
v 0.000000 3.350000 5.800000
v -5.980881 3.350000 0.000000
vt -0.330926 -0.089535 0.000000
vt -0.000000 -0.089535 0.000000
vt -0.330926 0.000000 0.000000
vt -0.000000 0.000000 0.000000
vt -0.330926 0.089535 0.000000
vt -0.000000 0.089535 0.000000
vt -0.330926 0.179071 0.000000
vt -0.000000 0.179071 0.000000
vt -0.330926 0.268606 0.000000
vt 0.000000 0.268606 0.000000
vt -0.330926 0.358142 0.000000
vt -0.000000 0.358142 0.000000
vt -0.330926 0.447677 0.000000
vt -0.000000 0.447677 0.000000
vt -0.330926 0.537212 0.000000
vt -0.000000 0.537212 0.000000
vt -0.330926 0.626748 0.000000
vt -0.000000 0.626748 0.000000
vt -0.330926 0.716283 0.000000
vt -0.000000 0.716283 0.000000
vt -0.330926 0.805819 0.000000
vt 0.000000 0.805819 0.000000
vt -0.330926 0.895354 0.000000
vt -0.000000 0.895354 0.000000
vt -0.330926 0.984889 0.000000
vt -0.000000 0.984889 0.000000
vt -0.330926 1.074425 0.000000
vt -0.000000 1.074425 0.000000
vt -0.330926 -1.074425 0.000000
vt -0.000000 -1.074425 0.000000
vt -0.330926 -0.984889 0.000000
vt -0.000000 -0.984889 0.000000
vt -0.330926 -0.895354 0.000000
vt -0.000000 -0.895354 0.000000
vt -0.330926 -0.805819 0.000000
vt 0.000000 -0.805819 0.000000
vt -0.330926 -0.716283 0.000000
vt -0.000000 -0.716283 0.000000
vt -0.330926 -0.626748 0.000000
vt -0.000000 -0.626748 0.000000
vt -0.330926 -0.537212 0.000000
vt -0.000000 -0.537212 0.000000
vt -0.330926 -0.447677 0.000000
vt -0.000000 -0.447677 0.000000
vt -0.330926 -0.358142 0.000000
vt 0.000000 -0.358142 0.000000
vt -0.330926 -0.268606 0.000000
vt 0.000000 -0.268606 0.000000
vt -0.330926 -0.179071 0.000000
vt -0.000000 -0.179071 0.000000
vt -0.250000 -0.058905 0.000000
vt -0.234000 -0.058905 0.000000
vt -0.250000 0.000000 0.000000
vt -0.234000 0.000000 0.000000
vt -0.250000 0.058905 0.000000
vt -0.234000 0.058905 0.000000
vt -0.250000 0.117810 0.000000
vt -0.234000 0.117810 0.000000
vt -0.250000 0.176715 0.000000
vt -0.234000 0.176715 0.000000
vt -0.250000 0.235619 0.000000
vt -0.234000 0.235619 0.000000
vt -0.250000 0.294524 0.000000
vt -0.234000 0.294524 0.000000
vt -0.250000 0.353429 0.000000
vt -0.234000 0.353429 0.000000
vt -0.250000 0.412334 0.000000
vt -0.234000 0.412334 0.000000
vt -0.250000 0.471239 0.000000
vt -0.234000 0.471239 0.000000
vt -0.250000 0.530144 0.000000
vt -0.234000 0.530144 0.000000
vt -0.250000 0.589049 0.000000
vt -0.234000 0.589049 0.000000
vt -0.250000 0.647953 0.000000
vt -0.234000 0.647953 0.000000
vt -0.250000 0.706858 0.000000
vt -0.234000 0.706858 0.000000
vt -0.250000 -0.706858 0.000000
vt -0.234000 -0.706858 0.000000
vt -0.250000 -0.647953 0.000000
vt -0.234000 -0.647953 0.000000
vt -0.250000 -0.589049 0.000000
vt -0.234000 -0.589049 0.000000
vt -0.250000 -0.530144 0.000000
vt -0.234000 -0.530144 0.000000
vt -0.250000 -0.471239 0.000000
vt -0.234000 -0.471239 0.000000
vt -0.250000 -0.412334 0.000000
vt -0.234000 -0.412334 0.000000
vt -0.250000 -0.353429 0.000000
vt -0.234000 -0.353429 0.000000
vt -0.250000 -0.294524 0.000000
vt -0.234000 -0.294524 0.000000
vt -0.250000 -0.235619 0.000000
vt -0.234000 -0.235619 0.000000
vt -0.250000 -0.176715 0.000000
vt -0.234000 -0.176715 0.000000
vt -0.250000 -0.117810 0.000000
vt -0.234000 -0.117810 0.000000
vt -0.330926 -0.089535 0.000000
vt -0.000000 -0.089535 0.000000
vt -0.330926 0.000000 0.000000
vt -0.000000 0.000000 0.000000
vt -0.330926 0.089535 0.000000
vt -0.000000 0.089535 0.000000
vt -0.330926 0.179071 0.000000
vt -0.000000 0.179071 0.000000
vt -0.330926 0.268606 0.000000
vt 0.000000 0.268606 0.000000
vt -0.330926 0.358142 0.000000
vt -0.000000 0.358142 0.000000
vt -0.330926 0.447677 0.000000
vt 0.000000 0.447677 0.000000
vt -0.330926 0.537212 0.000000
vt -0.000000 0.537212 0.000000
vt -0.330926 0.626748 0.000000
vt -0.000000 0.626748 0.000000
vt -0.330926 0.716283 0.000000
vt -0.000000 0.716283 0.000000
vt -0.330926 0.805819 0.000000
vt 0.000000 0.805819 0.000000
vt -0.330926 0.895354 0.000000
vt -0.000000 0.895354 0.000000
vt -0.330926 0.984889 0.000000
vt -0.000000 0.984889 0.000000
vt -0.330926 1.074425 0.000000
vt -0.000000 1.074425 0.000000
vt -0.330926 -1.074425 0.000000
vt -0.000000 -1.074425 0.000000
vt -0.330926 -0.984889 0.000000
vt -0.000000 -0.984889 0.000000
vt -0.330926 -0.895354 0.000000
vt -0.000000 -0.895354 0.000000
vt -0.330926 -0.805819 0.000000
vt 0.000000 -0.805819 0.000000
vt -0.330926 -0.716283 0.000000
vt -0.000000 -0.716283 0.000000
vt -0.330926 -0.626748 0.000000
vt -0.000000 -0.626748 0.000000
vt -0.330926 -0.537212 0.000000
vt -0.000000 -0.537212 0.000000
vt -0.330926 -0.447677 0.000000
vt -0.000000 -0.447677 0.000000
vt -0.330926 -0.358142 0.000000
vt -0.000000 -0.358142 0.000000
vt -0.330926 -0.268606 0.000000
vt 0.000000 -0.268606 0.000000
vt -0.330926 -0.179071 0.000000
vt -0.000000 -0.179071 0.000000
vt -0.250000 -0.058905 0.000000
vt -0.234000 -0.058905 0.000000
vt -0.250000 0.000000 0.000000
vt -0.234000 0.000000 0.000000
vt -0.250000 0.058905 0.000000
vt -0.234000 0.058905 0.000000
vt -0.250000 0.117810 0.000000
vt -0.234000 0.117810 0.000000
vt -0.250000 0.176715 0.000000
vt -0.234000 0.176715 0.000000
vt -0.250000 0.235619 0.000000
vt -0.234000 0.235619 0.000000
vt -0.250000 0.294524 0.000000
vt -0.234000 0.294524 0.000000
vt -0.250000 0.353429 0.000000
vt -0.234000 0.353429 0.000000
vt -0.250000 0.412334 0.000000
vt -0.234000 0.412334 0.000000
vt -0.250000 0.471239 0.000000
vt -0.234000 0.471239 0.000000
vt -0.250000 0.530144 0.000000
vt -0.234000 0.530144 0.000000
vt -0.250000 0.589049 0.000000
vt -0.234000 0.589049 0.000000
vt -0.250000 0.647953 0.000000
vt -0.234000 0.647953 0.000000
vt -0.250000 0.706858 0.000000
vt -0.234000 0.706858 0.000000
vt -0.250000 -0.706858 0.000000
vt -0.234000 -0.706858 0.000000
vt -0.250000 -0.647953 0.000000
vt -0.234000 -0.647953 0.000000
vt -0.250000 -0.589049 0.000000
vt -0.234000 -0.589049 0.000000
vt -0.250000 -0.530144 0.000000
vt -0.234000 -0.530144 0.000000
vt -0.250000 -0.471239 0.000000
vt -0.234000 -0.471239 0.000000
vt -0.250000 -0.412334 0.000000
vt -0.234000 -0.412334 0.000000
vt -0.250000 -0.353429 0.000000
vt -0.234000 -0.353429 0.000000
vt -0.250000 -0.294524 0.000000
vt -0.234000 -0.294524 0.000000
vt -0.250000 -0.235619 0.000000
vt -0.234000 -0.235619 0.000000
vt -0.250000 -0.176715 0.000000
vt -0.234000 -0.176715 0.000000
vt -0.250000 -0.117810 0.000000
vt -0.234000 -0.117810 0.000000
vt -0.330926 -0.089535 0.000000
vt -0.000000 -0.089535 0.000000
vt -0.330926 0.000000 0.000000
vt -0.000000 0.000000 0.000000
vt -0.330926 0.089535 0.000000
vt -0.000000 0.089535 0.000000
vt -0.330926 0.179071 0.000000
vt -0.000000 0.179071 0.000000
vt -0.330926 0.268606 0.000000
vt 0.000000 0.268606 0.000000
vt -0.330926 0.358142 0.000000
vt -0.000000 0.358142 0.000000
vt -0.330926 0.447677 0.000000
vt 0.000000 0.447677 0.000000
vt -0.330926 0.537212 0.000000
vt -0.000000 0.537212 0.000000
vt -0.330926 0.626748 0.000000
vt -0.000000 0.626748 0.000000
vt -0.330926 0.716283 0.000000
vt -0.000000 0.716283 0.000000
vt -0.330926 0.805819 0.000000
vt 0.000000 0.805819 0.000000
vt -0.330926 0.895354 0.000000
vt -0.000000 0.895354 0.000000
vt -0.330926 0.984889 0.000000
vt -0.000000 0.984889 0.000000
vt -0.330926 1.074425 0.000000
vt -0.000000 1.074425 0.000000
vt -0.330926 -1.074425 0.000000
vt -0.000000 -1.074425 0.000000
vt -0.330926 -0.984889 0.000000
vt -0.000000 -0.984889 0.000000
vt -0.330926 -0.895354 0.000000
vt -0.000000 -0.895354 0.000000
vt -0.330926 -0.805819 0.000000
vt 0.000000 -0.805819 0.000000
vt -0.330926 -0.716283 0.000000
vt -0.000000 -0.716283 0.000000
vt -0.330926 -0.626748 0.000000
vt -0.000000 -0.626748 0.000000
vt -0.330926 -0.537212 0.000000
vt -0.000000 -0.537212 0.000000
vt -0.330926 -0.447677 0.000000
vt -0.000000 -0.447677 0.000000
vt -0.330926 -0.358142 0.000000
vt -0.000000 -0.358142 0.000000
vt -0.330926 -0.268606 0.000000
vt 0.000000 -0.268606 0.000000
vt -0.330926 -0.179071 0.000000
vt -0.000000 -0.179071 0.000000
vt -0.250000 -0.058905 0.000000
vt -0.234000 -0.058905 0.000000
vt -0.250000 0.000000 0.000000
vt -0.234000 0.000000 0.000000
vt -0.250000 0.058905 0.000000
vt -0.234000 0.058905 0.000000
vt -0.250000 0.117810 0.000000
vt -0.234000 0.117810 0.000000
vt -0.250000 0.176715 0.000000
vt -0.234000 0.176715 0.000000
vt -0.250000 0.235619 0.000000
vt -0.234000 0.235619 0.000000
vt -0.250000 0.294524 0.000000
vt -0.234000 0.294524 0.000000
vt -0.250000 0.353429 0.000000
vt -0.234000 0.353429 0.000000
vt -0.250000 0.412334 0.000000
vt -0.234000 0.412334 0.000000
vt -0.250000 0.471239 0.000000
vt -0.234000 0.471239 0.000000
vt -0.250000 0.530144 0.000000
vt -0.234000 0.530144 0.000000
vt -0.250000 0.589049 0.000000
vt -0.234000 0.589049 0.000000
vt -0.250000 0.647953 0.000000
vt -0.234000 0.647953 0.000000
vt -0.250000 0.706858 0.000000
vt -0.234000 0.706858 0.000000
vt -0.250000 -0.706858 0.000000
vt -0.234000 -0.706858 0.000000
vt -0.250000 -0.647953 0.000000
vt -0.234000 -0.647953 0.000000
vt -0.250000 -0.589049 0.000000
vt -0.234000 -0.589049 0.000000
vt -0.250000 -0.530144 0.000000
vt -0.234000 -0.530144 0.000000
vt -0.250000 -0.471239 0.000000
vt -0.234000 -0.471239 0.000000
vt -0.250000 -0.412334 0.000000
vt -0.234000 -0.412334 0.000000
vt -0.250000 -0.353429 0.000000
vt -0.234000 -0.353429 0.000000
vt -0.250000 -0.294524 0.000000
vt -0.234000 -0.294524 0.000000
vt -0.250000 -0.235619 0.000000
vt -0.234000 -0.235619 0.000000
vt -0.250000 -0.176715 0.000000
vt -0.234000 -0.176715 0.000000
vt -0.250000 -0.117810 0.000000
vt -0.234000 -0.117810 0.000000
vt -0.330926 -0.089535 0.000000
vt -0.000000 -0.089535 0.000000
vt -0.330926 0.000000 0.000000
vt -0.000000 0.000000 0.000000
vt -0.330926 0.089535 0.000000
vt -0.000000 0.089535 0.000000
vt -0.330926 0.179071 0.000000
vt -0.000000 0.179071 0.000000
vt -0.330926 0.268606 0.000000
vt 0.000000 0.268606 0.000000
vt -0.330926 0.358142 0.000000
vt -0.000000 0.358142 0.000000
vt -0.330926 0.447677 0.000000
vt -0.000000 0.447677 0.000000
vt -0.330926 0.537212 0.000000
vt -0.000000 0.537212 0.000000
vt -0.330926 0.626748 0.000000
vt -0.000000 0.626748 0.000000
vt -0.330926 0.716283 0.000000
vt -0.000000 0.716283 0.000000
vt -0.330926 0.805819 0.000000
vt 0.000000 0.805819 0.000000
vt -0.330926 0.895354 0.000000
vt -0.000000 0.895354 0.000000
vt -0.330926 0.984889 0.000000
vt -0.000000 0.984889 0.000000
vt -0.330926 1.074425 0.000000
vt -0.000000 1.074425 0.000000
vt -0.330926 -1.074425 0.000000
vt -0.000000 -1.074425 0.000000
vt -0.330926 -0.984889 0.000000
vt -0.000000 -0.984889 0.000000
vt -0.330926 -0.895354 0.000000
vt -0.000000 -0.895354 0.000000
vt -0.330926 -0.805819 0.000000
vt 0.000000 -0.805819 0.000000
vt -0.330926 -0.716283 0.000000
vt -0.000000 -0.716283 0.000000
vt -0.330926 -0.626748 0.000000
vt -0.000000 -0.626748 0.000000
vt -0.330926 -0.537212 0.000000
vt -0.000000 -0.537212 0.000000
vt -0.330926 -0.447677 0.000000
vt -0.000000 -0.447677 0.000000
vt -0.330926 -0.358142 0.000000
vt 0.000000 -0.358142 0.000000
vt -0.330926 -0.268606 0.000000
vt 0.000000 -0.268606 0.000000
vt -0.330926 -0.179071 0.000000
vt -0.000000 -0.179071 0.000000
vt -0.250000 -0.058905 0.000000
vt -0.234000 -0.058905 0.000000
vt -0.250000 0.000000 0.000000
vt -0.234000 0.000000 0.000000
vt -0.250000 0.058905 0.000000
vt -0.234000 0.058905 0.000000
vt -0.250000 0.117810 0.000000
vt -0.234000 0.117810 0.000000
vt -0.250000 0.176715 0.000000
vt -0.234000 0.176715 0.000000
vt -0.250000 0.235619 0.000000
vt -0.234000 0.235619 0.000000
vt -0.250000 0.294524 0.000000
vt -0.234000 0.294524 0.000000
vt -0.250000 0.353429 0.000000
vt -0.234000 0.353429 0.000000
vt -0.250000 0.412334 0.000000
vt -0.234000 0.412334 0.000000
vt -0.250000 0.471239 0.000000
vt -0.234000 0.471239 0.000000
vt -0.250000 0.530144 0.000000
vt -0.234000 0.530144 0.000000
vt -0.250000 0.589049 0.000000
vt -0.234000 0.589049 0.000000
vt -0.250000 0.647953 0.000000
vt -0.234000 0.647953 0.000000
vt -0.250000 0.706858 0.000000
vt -0.234000 0.706858 0.000000
vt -0.250000 -0.706858 0.000000
vt -0.234000 -0.706858 0.000000
vt -0.250000 -0.647953 0.000000
vt -0.234000 -0.647953 0.000000
vt -0.250000 -0.589049 0.000000
vt -0.234000 -0.589049 0.000000
vt -0.250000 -0.530144 0.000000
vt -0.234000 -0.530144 0.000000
vt -0.250000 -0.471239 0.000000
vt -0.234000 -0.471239 0.000000
vt -0.250000 -0.412334 0.000000
vt -0.234000 -0.412334 0.000000
vt -0.250000 -0.353429 0.000000
vt -0.234000 -0.353429 0.000000
vt -0.250000 -0.294524 0.000000
vt -0.234000 -0.294524 0.000000
vt -0.250000 -0.235619 0.000000
vt -0.234000 -0.235619 0.000000
vt -0.250000 -0.176715 0.000000
vt -0.234000 -0.176715 0.000000
vt -0.250000 -0.117810 0.000000
vt -0.234000 -0.117810 0.000000
vt -0.000000 1.346397 0.000000
vt -0.750000 1.346397 0.000000
vt -0.000000 0.000000 0.000000
vt -0.750000 0.000000 0.000000
vt -0.000000 -1.346397 0.000000
vt -0.750000 -1.346397 0.000000
vt -0.000000 -2.692794 0.000000
vt -0.750000 -2.692794 0.000000
vt -0.000000 -4.039191 0.000000
vt -0.750000 -4.039191 0.000000
vt -0.000000 -5.385587 0.000000
vt -0.750000 -5.385587 0.000000
vt -0.000000 -6.731984 0.000000
vt -0.750000 -6.731984 0.000000
vt -0.000000 -8.078381 0.000000
vt -0.750000 -8.078381 0.000000
vt -0.000000 -9.424778 0.000000
vt -0.750000 -9.424778 0.000000
vt -0.000000 -10.771175 0.000000
vt -0.750000 -10.771175 0.000000
vt -0.000000 -12.117572 0.000000
vt -0.750000 -12.117572 0.000000
vt -0.000000 -13.463969 0.000000
vt -0.750000 -13.463969 0.000000
vt -0.000000 -14.810365 0.000000
vt -0.750000 -14.810365 0.000000
vt -0.000000 -16.156762 0.000000
vt -0.750000 -16.156762 0.000000
vt -0.000000 -17.503159 0.000000
vt -0.750000 -17.503159 0.000000
vt -0.000000 -18.849556 0.000000
vt -0.750000 -18.849556 0.000000
vt -0.000000 -20.195953 0.000000
vt -0.750000 -20.195953 0.000000
vt -0.000000 -21.542350 0.000000
vt -0.750000 -21.542350 0.000000
vt -0.000000 -22.888746 0.000000
vt -0.750000 -22.888746 0.000000
vt -0.000000 -24.235143 0.000000
vt -0.750000 -24.235143 0.000000
vt -0.000000 -25.581540 0.000000
vt -0.750000 -25.581540 0.000000
vt -0.000000 -26.927937 0.000000
vt -0.750000 -26.927937 0.000000
vt 0.000000 -28.274334 0.000000
vt -0.750000 -28.274334 0.000000
vt 0.000000 28.274334 0.000000
vt -0.750000 28.274334 0.000000
vt 0.000000 26.927937 0.000000
vt -0.750000 26.927937 0.000000
vt 0.000000 25.581540 0.000000
vt -0.750000 25.581540 0.000000
vt 0.000000 24.235143 0.000000
vt -0.750000 24.235143 0.000000
vt 0.000000 22.888746 0.000000
vt -0.750000 22.888746 0.000000
vt 0.000000 21.542350 0.000000
vt -0.750000 21.542350 0.000000
vt 0.000000 20.195953 0.000000
vt -0.750000 20.195953 0.000000
vt 0.000000 18.849556 0.000000
vt -0.750000 18.849556 0.000000
vt 0.000000 17.503159 0.000000
vt -0.750000 17.503159 0.000000
vt 0.000000 16.156762 0.000000
vt -0.750000 16.156762 0.000000
vt 0.000000 14.810365 0.000000
vt -0.750000 14.810365 0.000000
vt -0.000000 13.463969 0.000000
vt -0.750000 13.463969 0.000000
vt -0.000000 12.117572 0.000000
vt -0.750000 12.117572 0.000000
vt -0.000000 10.771175 0.000000
vt -0.750000 10.771175 0.000000
vt -0.000000 9.424778 0.000000
vt -0.750000 9.424778 0.000000
vt -0.000000 8.078381 0.000000
vt -0.750000 8.078381 0.000000
vt -0.000000 6.731984 0.000000
vt -0.750000 6.731984 0.000000
vt -0.000000 5.385587 0.000000
vt -0.750000 5.385587 0.000000
vt -0.000000 4.039191 0.000000
vt -0.750000 4.039191 0.000000
vt -0.000000 2.692794 0.000000
vt -0.750000 2.692794 0.000000
vt 0.020000 -1.331437 0.000000
vt 0.750000 -0.848753 0.000000
vt 0.020000 0.000000 0.000000
vt 0.750000 0.000000 0.000000
vt 0.750000 0.848753 0.000000
vt 0.750000 -1.697507 0.000000
vt 0.020000 -2.662874 0.000000
vt 0.750000 -2.546260 0.000000
vt 0.750000 -3.395013 0.000000
vt 0.020000 -3.994311 0.000000
vt 0.750000 -4.243767 0.000000
vt 0.020000 -5.325748 0.000000
vt 0.750000 -5.092520 0.000000
vt 0.750000 -5.941273 0.000000
vt 0.020000 -6.657184 0.000000
vt 0.750000 -6.790027 0.000000
vt 0.748103 -6.790027 0.000000
vt 0.749157 -6.856695 0.000000
vt 0.020000 -7.988621 0.000000
vt 0.249195 -7.190060 0.000000
vt 0.249910 -7.056717 0.000000
vt 0.249910 -6.923371 0.000000
vt 0.020000 -9.320058 0.000000
vt 0.750000 -8.887567 0.000000
vt 0.750000 -8.038814 0.000000
vt 0.748103 -7.190060 0.000000
vt 0.750000 -7.190060 0.000000
vt 0.749157 -7.123393 0.000000
vt 0.749789 -7.056719 0.000000
vt 0.750000 -6.990044 0.000000
vt 0.750000 -9.736321 0.000000
vt 0.020000 -10.651495 0.000000
vt 0.750000 -10.585074 0.000000
vt 0.750000 -11.433827 0.000000
vt 0.020000 -11.982932 0.000000
vt 0.750000 -12.282581 0.000000
vt 0.020000 -13.314369 0.000000
vt 0.750000 -13.131334 0.000000
vt 0.750000 -13.980087 0.000000
vt 0.020000 -14.645806 0.000000
vt 0.750000 -14.828841 0.000000
vt 0.750000 -15.677594 0.000000
vt 0.020000 -15.977243 0.000000
vt 0.750000 -16.526347 0.000000
vt 0.020000 -17.308680 0.000000
vt 0.750000 -17.375101 0.000000
vt 0.750000 -18.223854 0.000000
vt 0.020000 -18.640116 0.000000
vt 0.750000 -19.072607 0.000000
vt 0.020000 -19.971553 0.000000
vt 0.750000 -19.921361 0.000000
vt 0.750000 -20.770114 0.000000
vt 0.748103 -20.770114 0.000000
vt 0.749157 -20.836782 0.000000
vt 0.249195 -20.770114 0.000000
vt 0.020000 -21.302990 0.000000
vt 0.249910 -20.903458 0.000000
vt 0.249910 -21.036804 0.000000
vt 0.249195 -21.170148 0.000000
vt 0.748103 -21.170148 0.000000
vt 0.750000 -22.018901 0.000000
vt 0.750000 -21.170148 0.000000
vt 0.020000 -22.634427 0.000000
vt 0.750000 -22.867654 0.000000
vt 0.750000 -23.716408 0.000000
vt 0.020000 -23.965864 0.000000
vt 0.750000 -24.565161 0.000000
vt 0.020000 -25.297301 0.000000
vt 0.750000 -25.413915 0.000000
vt 0.750000 -26.262668 0.000000
vt 0.020000 -26.628738 0.000000
vt 0.750000 -27.111421 0.000000
vt 0.020000 -27.960175 0.000000
vt 0.750000 -27.960175 0.000000
vt 0.750000 27.960175 0.000000
vt 0.020000 27.960175 0.000000
vt 0.750000 27.111421 0.000000
vt 0.020000 26.628738 0.000000
vt 0.750000 26.262668 0.000000
vt 0.020000 25.297301 0.000000
vt 0.750000 25.413915 0.000000
vt 0.750000 24.565161 0.000000
vt 0.020000 23.965864 0.000000
vt 0.750000 23.716408 0.000000
vt 0.020000 22.634427 0.000000
vt 0.750000 22.867654 0.000000
vt 0.750000 22.018901 0.000000
vt 0.020000 21.302990 0.000000
vt 0.750000 21.170148 0.000000
vt 0.748103 21.170148 0.000000
vt 0.749157 21.103480 0.000000
vt 0.020000 19.971553 0.000000
vt 0.249195 20.770114 0.000000
vt 0.249910 20.903458 0.000000
vt 0.249910 21.036804 0.000000
vt 0.020000 18.640116 0.000000
vt 0.750000 19.072607 0.000000
vt 0.750000 19.921361 0.000000
vt 0.748103 20.770114 0.000000
vt 0.750000 20.770114 0.000000
vt 0.749157 20.836782 0.000000
vt 0.749789 20.903455 0.000000
vt 0.750000 20.970131 0.000000
vt 0.750000 18.223854 0.000000
vt 0.020000 17.308680 0.000000
vt 0.750000 17.375101 0.000000
vt 0.750000 16.526347 0.000000
vt 0.020000 15.977243 0.000000
vt 0.750000 15.677594 0.000000
vt 0.020000 14.645806 0.000000
vt 0.750000 14.828841 0.000000
vt 0.750000 13.980087 0.000000
vt 0.020000 13.314369 0.000000
vt 0.750000 13.131334 0.000000
vt 0.750000 12.282581 0.000000
vt 0.020000 11.982932 0.000000
vt 0.750000 11.433827 0.000000
vt 0.020000 10.651495 0.000000
vt 0.750000 10.585074 0.000000
vt 0.750000 9.736321 0.000000
vt 0.020000 9.320058 0.000000
vt 0.750000 8.887567 0.000000
vt 0.020000 7.988621 0.000000
vt 0.750000 8.038814 0.000000
vt 0.750000 7.190060 0.000000
vt 0.748103 7.190060 0.000000
vt 0.749157 7.123393 0.000000
vt 0.249195 7.190060 0.000000
vt 0.020000 6.657184 0.000000
vt 0.249910 7.056717 0.000000
vt 0.249910 6.923371 0.000000
vt 0.249195 6.790027 0.000000
vt 0.748103 6.790027 0.000000
vt 0.750000 5.941273 0.000000
vt 0.750000 6.790027 0.000000
vt 0.020000 5.325748 0.000000
vt 0.750000 5.092520 0.000000
vt 0.750000 4.243767 0.000000
vt 0.020000 3.994311 0.000000
vt 0.750000 3.395013 0.000000
vt 0.020000 2.662874 0.000000
vt 0.750000 2.546260 0.000000
vt 0.750000 1.697507 0.000000
vt 0.020000 1.331437 0.000000
vt 0.749789 -6.923368 0.000000
vt 0.750000 6.990044 0.000000
vt 0.749789 6.923368 0.000000
vt 0.749157 6.856695 0.000000
vt 0.749789 7.056719 0.000000
vt 0.249195 21.170148 0.000000
vt 0.749789 21.036807 0.000000
vt 0.750000 -20.970131 0.000000
vt 0.749789 -21.036807 0.000000
vt 0.749157 -21.103480 0.000000
vt 0.749789 -20.903455 0.000000
vt 0.249195 -6.790027 0.000000
vt 0.537811 0.506279 0.000000
vt 0.043164 0.040633 0.000000
vt 0.630745 0.410654 0.000000
vt 0.722144 0.313561 0.000000
vt 0.317340 -0.250619 0.000000
vt 0.811987 0.215027 0.000000
vt 0.400000 -0.020000 0.000000
vt 0.200000 -0.020000 0.000000
vt 0.400000 -0.150000 0.000000
vt 0.000000 -0.150000 0.000000
vt 0.000000 -0.020000 0.000000
vt -8.202439 0.730000 0.000000
vt -8.258244 0.730000 0.000000
vt -8.202439 0.600000 0.000000
vt -8.285281 0.600000 0.000000
vt -8.897753 0.500805 0.000000
vt -8.485281 0.350000 0.000000
vt -8.897753 0.001897 0.000000
vt -8.285281 0.350000 0.000000
vt 8.202439 0.730000 0.000000
vt 8.202439 0.600000 0.000000
vt 8.258244 0.730000 0.000000
vt 8.285281 0.600000 0.000000
vt 8.897753 0.500805 0.000000
vt 8.485281 0.350000 0.000000
vt 8.897753 0.001897 0.000000
vt 8.285281 0.350000 0.000000
vt 0.537811 0.506279 0.000000
vt 0.043164 0.040633 0.000000
vt 0.630745 0.410654 0.000000
vt 0.722144 0.313561 0.000000
vt 0.317340 -0.250619 0.000000
vt 0.811987 0.215027 0.000000
vt -8.202439 0.730000 0.000000
vt -8.258244 0.730000 0.000000
vt -8.202439 0.600000 0.000000
vt -8.285281 0.600000 0.000000
vt -8.897753 0.500805 0.000000
vt -8.485281 0.350000 0.000000
vt -8.897753 0.001897 0.000000
vt -8.285281 0.350000 0.000000
vt 0.400000 -0.020000 0.000000
vt 0.200000 -0.020000 0.000000
vt 0.400000 -0.150000 0.000000
vt 0.000000 -0.150000 0.000000
vt -0.000000 -0.020000 0.000000
vt 8.202439 0.730000 0.000000
vt 8.202439 0.600000 0.000000
vt 8.258244 0.730000 0.000000
vt 8.285281 0.600000 0.000000
vt 8.897753 0.500805 0.000000
vt 8.485281 0.350000 0.000000
vt 8.897753 0.001897 0.000000
vt 8.285281 0.350000 0.000000
vt -0.537811 -0.506279 0.000000
vt -0.043164 -0.040633 0.000000
vt -0.630745 -0.410654 0.000000
vt -0.722144 -0.313561 0.000000
vt -0.317340 0.250619 0.000000
vt -0.811987 -0.215027 0.000000
vt -8.202439 0.730000 0.000000
vt -8.258244 0.730000 0.000000
vt -8.202439 0.600000 0.000000
vt -8.285281 0.600000 0.000000
vt -8.897753 0.500805 0.000000
vt -8.485281 0.350000 0.000000
vt -8.897753 0.001897 0.000000
vt -8.285281 0.350000 0.000000
vt 0.400000 -0.020000 0.000000
vt 0.200000 -0.020000 0.000000
vt 0.400000 -0.150000 0.000000
vt 0.000000 -0.150000 0.000000
vt 0.000000 -0.020000 0.000000
vt 8.202439 0.730000 0.000000
vt 8.202439 0.600000 0.000000
vt 8.258244 0.730000 0.000000
vt 8.285281 0.600000 0.000000
vt 8.897753 0.500805 0.000000
vt 8.485281 0.350000 0.000000
vt 8.897753 0.001897 0.000000
vt 8.285281 0.350000 0.000000
vt -0.537811 -0.506279 0.000000
vt -0.043164 -0.040633 0.000000
vt -0.630745 -0.410654 0.000000
vt -0.722144 -0.313561 0.000000
vt -0.317340 0.250619 0.000000
vt -0.811987 -0.215027 0.000000
vt -8.202439 0.730000 0.000000
vt -8.258244 0.730000 0.000000
vt -8.202439 0.600000 0.000000
vt -8.285281 0.600000 0.000000
vt -8.897753 0.500805 0.000000
vt -8.485281 0.350000 0.000000
vt -8.897753 0.001897 0.000000
vt -8.285281 0.350000 0.000000
vt 0.400000 -0.020000 0.000000
vt 0.200000 -0.020000 0.000000
vt 0.400000 -0.150000 0.000000
vt 0.000000 -0.150000 0.000000
vt 0.000000 -0.020000 0.000000
vt 8.202439 0.730000 0.000000
vt 8.202439 0.600000 0.000000
vt 8.258244 0.730000 0.000000
vt 8.285281 0.600000 0.000000
vt 8.897753 0.500805 0.000000
vt 8.485281 0.350000 0.000000
vt 8.897753 0.001897 0.000000
vt 8.285281 0.350000 0.000000
vt -0.282843 0.000000 0.000000
vt -6.000000 0.000000 0.000000
vt -0.282843 -0.250000 0.000000
vt -6.000000 -0.250000 0.000000
vt -11.717157 0.000000 0.000000
vt -11.717157 -0.250000 0.000000
vt -0.282843 0.000000 0.000000
vt -6.000000 0.000000 0.000000
vt -0.282843 -0.250000 0.000000
vt -6.000000 -0.250000 0.000000
vt -11.717157 0.000000 0.000000
vt -11.717157 -0.250000 0.000000
vt 11.717157 0.000000 0.000000
vt 6.000000 0.000000 0.000000
vt 11.717157 -0.250000 0.000000
vt 6.000000 -0.250000 0.000000
vt 0.282843 0.000000 0.000000
vt 0.282843 -0.250000 0.000000
vt -8.899477 1.341380 0.000000
vt -9.000000 0.000000 0.000000
vt -5.800000 0.000000 0.000000
vt -8.899477 -1.341380 0.000000
vt -8.600155 -2.652797 0.000000
vt -8.108720 -3.904954 0.000000
vt -7.436149 -5.069881 0.000000
vt -5.800000 -5.800000 0.000000
vt -6.597467 -6.121555 0.000000
vt -5.611408 -7.036483 0.000000
vt -4.500000 -7.794229 0.000000
vt 0.000000 -5.800000 0.000000
vt -3.288069 -8.377864 0.000000
vt -2.002688 -8.774351 0.000000
vt -0.672571 -8.974834 0.000000
vt 0.672571 -8.974834 0.000000
vt 2.002688 -8.774351 0.000000
vt 3.288069 -8.377864 0.000000
vt 4.500000 -7.794229 0.000000
vt 5.800000 -5.800000 0.000000
vt 5.611408 -7.036483 0.000000
vt 6.597467 -6.121555 0.000000
vt 7.436149 -5.069881 0.000000
vt 5.800000 0.000000 0.000000
vt 8.108720 -3.904954 0.000000
vt 8.600155 -2.652797 0.000000
vt 8.899477 -1.341380 0.000000
vt 9.000000 0.000000 0.000000
vt 8.899477 1.341380 0.000000
vt 8.600155 2.652797 0.000000
vt 8.108720 3.904954 0.000000
vt 7.436149 5.069881 0.000000
vt 5.800000 5.800000 0.000000
vt 6.597467 6.121555 0.000000
vt 5.611408 7.036483 0.000000
vt 4.500000 7.794229 0.000000
vt 0.000000 5.800000 0.000000
vt 3.288069 8.377864 0.000000
vt 2.002688 8.774351 0.000000
vt 0.672571 8.974834 0.000000
vt -0.672571 8.974834 0.000000
vt -2.002688 8.774351 0.000000
vt -3.288069 8.377864 0.000000
vt -4.500000 7.794229 0.000000
vt -5.800000 5.800000 0.000000
vt -5.611408 7.036483 0.000000
vt -6.597467 6.121555 0.000000
vt -7.436149 5.069881 0.000000
vt -8.108720 3.904954 0.000000
vt -8.600155 2.652797 0.000000
vt 8.899477 1.341380 0.000000
vt 8.859560 0.847467 0.000000
vt 9.000000 0.000000 0.000000
vt 8.900000 0.000000 0.000000
vt 8.859560 -0.847467 0.000000
vt 8.738607 1.687233 0.000000
vt 8.600155 2.652797 0.000000
vt 8.538239 2.511666 0.000000
vt 8.260279 3.313274 0.000000
vt 8.108720 3.904954 0.000000
vt 7.907253 4.084771 0.000000
vt 7.436149 5.069881 0.000000
vt 7.482367 4.819148 0.000000
vt 6.989484 5.509729 0.000000
vt 6.597467 6.121555 0.000000
vt 6.433083 6.150240 0.000000
vt 6.293250 6.293250 0.000000
vt 6.150240 6.433083 0.000000
vt 5.611408 7.036483 0.000000
vt 5.509729 6.989484 0.000000
vt 4.819148 7.482367 0.000000
vt 4.500000 7.794229 0.000000
vt 4.084771 7.907253 0.000000
vt 3.288069 8.377864 0.000000
vt 3.313274 8.260279 0.000000
vt 2.511666 8.538239 0.000000
vt 2.002688 8.774351 0.000000
vt 1.687233 8.738607 0.000000
vt 0.672571 8.974834 0.000000
vt 0.847467 8.859560 0.000000
vt -0.000000 8.900000 0.000000
vt -0.672571 8.974834 0.000000
vt -0.847467 8.859560 0.000000
vt -1.687233 8.738607 0.000000
vt -2.002688 8.774351 0.000000
vt -2.511666 8.538239 0.000000
vt -3.288069 8.377864 0.000000
vt -3.313274 8.260279 0.000000
vt -4.084771 7.907253 0.000000
vt -4.500000 7.794229 0.000000
vt -4.819148 7.482367 0.000000
vt -5.611408 7.036483 0.000000
vt -5.509729 6.989484 0.000000
vt -6.150240 6.433083 0.000000
vt -6.597467 6.121555 0.000000
vt -6.293250 6.293250 0.000000
vt -6.433083 6.150240 0.000000
vt -6.989484 5.509729 0.000000
vt -7.436149 5.069881 0.000000
vt -7.482367 4.819148 0.000000
vt -7.907253 4.084771 0.000000
vt -8.108720 3.904954 0.000000
vt -8.260279 3.313274 0.000000
vt -8.600155 2.652797 0.000000
vt -8.538239 2.511666 0.000000
vt -8.738607 1.687233 0.000000
vt -8.899477 1.341380 0.000000
vt -8.859560 0.847467 0.000000
vt -9.000000 0.000000 0.000000
vt -8.900000 -0.000000 0.000000
vt -8.859560 -0.847467 0.000000
vt -8.899477 -1.341380 0.000000
vt -8.738607 -1.687233 0.000000
vt -8.600155 -2.652797 0.000000
vt -8.538239 -2.511666 0.000000
vt -8.260279 -3.313274 0.000000
vt -8.108720 -3.904954 0.000000
vt -7.907253 -4.084771 0.000000
vt -7.436149 -5.069881 0.000000
vt -7.482367 -4.819148 0.000000
vt -6.989484 -5.509729 0.000000
vt -6.597467 -6.121555 0.000000
vt -6.433083 -6.150240 0.000000
vt -6.293250 -6.293250 0.000000
vt -6.150240 -6.433083 0.000000
vt -5.611408 -7.036483 0.000000
vt -5.509729 -6.989484 0.000000
vt -4.819148 -7.482367 0.000000
vt -4.500000 -7.794229 0.000000
vt -4.084771 -7.907253 0.000000
vt -3.288069 -8.377864 0.000000
vt -3.313274 -8.260279 0.000000
vt -2.511666 -8.538239 0.000000
vt -2.002688 -8.774351 0.000000
vt -1.687233 -8.738607 0.000000
vt -0.672571 -8.974834 0.000000
vt -0.847467 -8.859560 0.000000
vt 0.000000 -8.900000 0.000000
vt 0.672571 -8.974834 0.000000
vt 0.847467 -8.859560 0.000000
vt 1.687233 -8.738607 0.000000
vt 2.002688 -8.774351 0.000000
vt 2.511666 -8.538239 0.000000
vt 3.288069 -8.377864 0.000000
vt 3.313274 -8.260279 0.000000
vt 4.084771 -7.907253 0.000000
vt 4.500000 -7.794229 0.000000
vt 4.819148 -7.482367 0.000000
vt 5.611408 -7.036483 0.000000
vt 5.509729 -6.989484 0.000000
vt 6.150240 -6.433083 0.000000
vt 6.597467 -6.121555 0.000000
vt 6.293250 -6.293250 0.000000
vt 6.433083 -6.150240 0.000000
vt 6.989484 -5.509729 0.000000
vt 7.436149 -5.069881 0.000000
vt 7.482367 -4.819148 0.000000
vt 7.907253 -4.084771 0.000000
vt 8.108720 -3.904954 0.000000
vt 8.260279 -3.313274 0.000000
vt 8.600155 -2.652797 0.000000
vt 8.538239 -2.511666 0.000000
vt 8.738607 -1.687233 0.000000
vt 8.899477 -1.341380 0.000000
vt 0.002337 -0.001786 0.000000
vt -0.039435 -0.053755 0.000000
vt 0.431176 -0.329513 0.000000
vt -0.080696 -0.106131 0.000000
vt -0.121441 -0.158909 0.000000
vt 0.188294 -0.647331 0.000000
vt -0.161667 -0.212084 0.000000
vt -0.201370 -0.265651 0.000000
vt -0.240545 -0.319604 0.000000
vt 11.658579 -5.941421 0.000000
vt 10.853434 -10.828921 0.000000
vt 11.658579 -11.658579 0.000000
vt 10.875912 -10.883187 0.000000
vt 10.883579 -10.941421 0.000000
vt 11.658579 -0.224264 0.000000
vt 10.853434 -1.053921 0.000000
vt 10.817678 -1.100520 0.000000
vt 10.771079 -1.136277 0.000000
vt 11.800000 -0.082843 0.000000
vt 11.375736 0.058579 0.000000
vt 10.817678 -0.782322 0.000000
vt 10.853434 -0.828921 0.000000
vt 11.517157 0.200000 0.000000
vt 5.658579 0.058579 0.000000
vt 10.546079 -0.746566 0.000000
vt 10.600344 -0.724088 0.000000
vt 10.658579 -0.716421 0.000000
vt -0.058579 0.058579 0.000000
vt 0.771079 -0.746566 0.000000
vt 0.817678 -0.782322 0.000000
vt 0.853434 -0.828921 0.000000
vt -0.200000 0.200000 0.000000
vt -0.482843 -0.082843 0.000000
vt -0.341421 -0.224264 0.000000
vt 0.499480 -0.782322 0.000000
vt 0.463723 -0.828921 0.000000
vt 0.441245 -0.883187 0.000000
vt 0.433579 -0.941421 0.000000
vt 0.441245 -0.999656 0.000000
vt 0.463723 -1.053921 0.000000
vt -0.341421 -5.941421 0.000000
vt 0.499480 -1.100520 0.000000
vt 0.546079 -1.136277 0.000000
vt 0.600344 -1.158755 0.000000
vt 1.408579 -1.691421 0.000000
vt 0.658579 -1.166421 0.000000
vt 0.716813 -1.158755 0.000000
vt 0.771079 -1.136277 0.000000
vt 0.817678 -1.100520 0.000000
vt 0.853434 -1.053921 0.000000
vt 0.875912 -0.999656 0.000000
vt 0.883579 -0.941421 0.000000
vt 0.875912 -0.883187 0.000000
vt -0.341421 -11.658579 0.000000
vt 0.463723 -10.828921 0.000000
vt 0.499480 -10.782322 0.000000
vt 0.546079 -10.746566 0.000000
vt -0.482843 -11.800000 0.000000
vt -0.058579 -11.941421 0.000000
vt 0.499480 -11.100520 0.000000
vt 0.463723 -11.053921 0.000000
vt -0.200000 -12.082843 0.000000
vt 5.658579 -11.941421 0.000000
vt 0.771079 -11.136277 0.000000
vt 0.716813 -11.158755 0.000000
vt 0.658579 -11.166421 0.000000
vt 11.375736 -11.941421 0.000000
vt 10.546079 -11.136277 0.000000
vt 10.499480 -11.100520 0.000000
vt 10.463723 -11.053921 0.000000
vt 11.517157 -12.082843 0.000000
vt 11.800000 -11.800000 0.000000
vt 10.817678 -11.100520 0.000000
vt 10.853434 -11.053921 0.000000
vt 10.875912 -10.999656 0.000000
vt 9.908579 -1.691421 0.000000
vt 10.441245 -0.883187 0.000000
vt 10.463723 -0.828921 0.000000
vt 9.908579 -10.191421 0.000000
vt 10.716813 -1.158755 0.000000
vt 10.658579 -1.166421 0.000000
vt 1.408579 -10.191421 0.000000
vt 10.441245 -10.999656 0.000000
vt 10.433579 -10.941421 0.000000
vt 0.600344 -10.724088 0.000000
vt 0.658579 -10.716421 0.000000
vt 10.441245 -10.883187 0.000000
vt 10.463723 -10.828921 0.000000
vt 10.499480 -10.782322 0.000000
vt 10.546079 -10.746566 0.000000
vt 10.600344 -10.724088 0.000000
vt 10.658579 -10.716421 0.000000
vt 10.716813 -10.724088 0.000000
vt 10.771079 -10.746566 0.000000
vt 10.817678 -10.782322 0.000000
vt 10.771079 -11.136277 0.000000
vt 10.716813 -11.158755 0.000000
vt 10.658579 -11.166421 0.000000
vt 10.600344 -11.158755 0.000000
vt 0.441245 -10.999656 0.000000
vt 0.433579 -10.941421 0.000000
vt 0.441245 -10.883187 0.000000
vt 0.716813 -10.724088 0.000000
vt 0.771079 -10.746566 0.000000
vt 0.817678 -10.782322 0.000000
vt 0.853434 -10.828921 0.000000
vt 0.875912 -10.883187 0.000000
vt 0.883579 -10.941421 0.000000
vt 0.875912 -10.999656 0.000000
vt 0.853434 -11.053921 0.000000
vt 0.817678 -11.100520 0.000000
vt 0.600344 -11.158755 0.000000
vt 0.546079 -11.136277 0.000000
vt 0.546079 -0.746566 0.000000
vt 0.600344 -0.724088 0.000000
vt 0.658579 -0.716421 0.000000
vt 0.716813 -0.724088 0.000000
vt 10.441245 -0.999656 0.000000
vt 10.433579 -0.941421 0.000000
vt 10.499480 -0.782322 0.000000
vt 10.716813 -0.724088 0.000000
vt 10.771079 -0.746566 0.000000
vt 10.875912 -0.883187 0.000000
vt 10.883579 -0.941421 0.000000
vt 10.875912 -0.999656 0.000000
vt 10.600344 -1.158755 0.000000
vt 10.546079 -1.136277 0.000000
vt 10.499480 -1.100520 0.000000
vt 10.463723 -1.053921 0.000000
vt 11.717157 0.000000 0.000000
vt 6.000000 0.000000 0.000000
vt 11.717157 -0.250000 0.000000
vt 6.000000 -0.250000 0.000000
vt 0.282843 0.000000 0.000000
vt 0.282843 -0.250000 0.000000
vt -6.000000 5.717157 0.000000
vt -5.443360 4.881202 0.000000
vt -5.941421 5.658579 0.000000
vt -5.459000 5.000000 0.000000
vt -5.443360 5.118798 0.000000
vt -5.397506 4.770500 0.000000
vt -6.000000 0.000000 0.000000
vt -5.324562 4.675438 0.000000
vt -5.229500 4.602494 0.000000
vt -5.118798 4.556640 0.000000
vt -4.250000 4.250000 0.000000
vt -5.000000 4.541000 0.000000
vt -4.881202 4.556640 0.000000
vt -4.770500 4.602494 0.000000
vt -4.675438 4.675438 0.000000
vt -4.602494 4.770500 0.000000
vt -4.556640 4.881202 0.000000
vt -4.541000 5.000000 0.000000
vt -4.556640 5.118798 0.000000
vt 0.000000 6.000000 0.000000
vt -4.602494 5.229500 0.000000
vt -4.675438 5.324562 0.000000
vt -4.770500 5.397506 0.000000
vt -5.717157 6.000000 0.000000
vt -4.881202 5.443360 0.000000
vt -5.658579 5.941421 0.000000
vt -5.000000 5.459000 0.000000
vt -5.118798 5.443360 0.000000
vt -5.229500 5.397506 0.000000
vt -5.324562 5.324562 0.000000
vt -5.397506 5.229500 0.000000
vt -6.000000 -5.717157 0.000000
vt -5.397506 -4.770500 0.000000
vt -5.324562 -4.675438 0.000000
vt -5.229500 -4.602494 0.000000
vt -5.443360 -4.881202 0.000000
vt -5.941421 -5.658579 0.000000
vt -5.459000 -5.000000 0.000000
vt -5.443360 -5.118798 0.000000
vt -5.397506 -5.229500 0.000000
vt -5.324562 -5.324562 0.000000
vt -5.658579 -5.941421 0.000000
vt -5.229500 -5.397506 0.000000
vt -5.118798 -5.443360 0.000000
vt -5.000000 -5.459000 0.000000
vt -4.881202 -5.443360 0.000000
vt -5.717157 -6.000000 0.000000
vt -4.770500 -5.397506 0.000000
vt -0.000000 -6.000000 0.000000
vt -4.675438 -5.324562 0.000000
vt -4.602494 -5.229500 0.000000
vt -4.556640 -5.118798 0.000000
vt -4.250000 -4.250000 0.000000
vt -4.541000 -5.000000 0.000000
vt -4.556640 -4.881202 0.000000
vt -4.602494 -4.770500 0.000000
vt -4.675438 -4.675438 0.000000
vt -4.770500 -4.602494 0.000000
vt -4.881202 -4.556640 0.000000
vt -5.000000 -4.541000 0.000000
vt -5.118798 -4.556640 0.000000
vt 5.717157 -6.000000 0.000000
vt 4.770500 -5.397506 0.000000
vt 4.675438 -5.324562 0.000000
vt 4.602494 -5.229500 0.000000
vt 4.881202 -5.443360 0.000000
vt 5.658579 -5.941421 0.000000
vt 5.000000 -5.459000 0.000000
vt 5.118798 -5.443360 0.000000
vt 5.229500 -5.397506 0.000000
vt 5.324562 -5.324562 0.000000
vt 5.941421 -5.658579 0.000000
vt 5.397506 -5.229500 0.000000
vt 5.443360 -5.118798 0.000000
vt 5.459000 -5.000000 0.000000
vt 5.443360 -4.881202 0.000000
vt 6.000000 -5.717157 0.000000
vt 5.397506 -4.770500 0.000000
vt 6.000000 -0.000000 0.000000
vt 5.324562 -4.675438 0.000000
vt 5.229500 -4.602494 0.000000
vt 5.118798 -4.556640 0.000000
vt 4.250000 -4.250000 0.000000
vt 5.000000 -4.541000 0.000000
vt 4.881202 -4.556640 0.000000
vt 4.770500 -4.602494 0.000000
vt 4.675438 -4.675438 0.000000
vt 4.602494 -4.770500 0.000000
vt 4.556640 -4.881202 0.000000
vt 4.541000 -5.000000 0.000000
vt 4.556640 -5.118798 0.000000
vt 6.000000 5.717157 0.000000
vt 5.397506 4.770500 0.000000
vt 5.324562 4.675438 0.000000
vt 5.229500 4.602494 0.000000
vt 5.443360 4.881202 0.000000
vt 5.941421 5.658579 0.000000
vt 5.459000 5.000000 0.000000
vt 5.443360 5.118798 0.000000
vt 5.397506 5.229500 0.000000
vt 5.324562 5.324562 0.000000
vt 5.658579 5.941421 0.000000
vt 5.229500 5.397506 0.000000
vt 5.118798 5.443360 0.000000
vt 5.000000 5.459000 0.000000
vt 4.881202 5.443360 0.000000
vt 5.717157 6.000000 0.000000
vt 4.770500 5.397506 0.000000
vt 4.675438 5.324562 0.000000
vt 4.602494 5.229500 0.000000
vt 4.556640 5.118798 0.000000
vt 4.250000 4.250000 0.000000
vt 4.541000 5.000000 0.000000
vt 4.556640 4.881202 0.000000
vt 4.602494 4.770500 0.000000
vt 4.675438 4.675438 0.000000
vt 4.770500 4.602494 0.000000
vt 4.881202 4.556640 0.000000
vt 5.000000 4.541000 0.000000
vt 5.118798 4.556640 0.000000
vt 0.000000 -0.250000 0.000000
vt 8.500000 -0.250000 0.000000
vt 0.000000 0.000000 0.000000
vt 8.500000 0.000000 0.000000
vt 0.000000 -0.250000 0.000000
vt 8.500000 -0.250000 0.000000
vt 0.000000 0.000000 0.000000
vt 8.500000 0.000000 0.000000
vt -8.500000 -0.250000 0.000000
vt -0.000000 -0.250000 0.000000
vt -8.500000 0.000000 0.000000
vt 0.000000 0.000000 0.000000
vt -8.500000 -0.250000 0.000000
vt 0.000000 -0.250000 0.000000
vt -8.500000 0.000000 0.000000
vt 0.000000 0.000000 0.000000
vt 0.002337 -0.001786 0.000000
vt -0.039435 -0.053755 0.000000
vt 0.431176 -0.329513 0.000000
vt -0.080696 -0.106131 0.000000
vt -0.121441 -0.158909 0.000000
vt 0.188294 -0.647331 0.000000
vt -0.161667 -0.212084 0.000000
vt -0.201370 -0.265651 0.000000
vt -0.240545 -0.319604 0.000000
vt -0.002337 0.001786 0.000000
vt 0.039435 0.053755 0.000000
vt -0.431176 0.329513 0.000000
vt 0.080696 0.106131 0.000000
vt 0.121441 0.158909 0.000000
vt -0.188294 0.647331 0.000000
vt 0.161667 0.212084 0.000000
vt 0.201370 0.265651 0.000000
vt 0.240545 0.319604 0.000000
vt -0.002337 0.001786 0.000000
vt 0.039435 0.053755 0.000000
vt -0.431176 0.329513 0.000000
vt 0.080696 0.106131 0.000000
vt 0.121441 0.158909 0.000000
vt -0.188294 0.647331 0.000000
vt 0.161667 0.212084 0.000000
vt 0.201370 0.265651 0.000000
vt 0.240545 0.319604 0.000000
vt 8.800594 -1.326476 0.000000
vt 8.900000 0.000000 0.000000
vt 5.800000 -0.000000 0.000000
vt 8.800594 1.326476 0.000000
vt 8.504598 2.623321 0.000000
vt 8.018623 3.861565 0.000000
vt 7.353525 5.013549 0.000000
vt 5.941421 5.658579 0.000000
vt 5.980881 5.698039 0.000000
vt 6.524162 6.053537 0.000000
vt 5.698039 5.980881 0.000000
vt 5.549059 6.958300 0.000000
vt 5.658579 5.941421 0.000000
vt 4.450000 7.707626 0.000000
vt 0.000000 5.800000 0.000000
vt 3.251535 8.284776 0.000000
vt 1.980436 8.676858 0.000000
vt 0.665098 8.875114 0.000000
vt -0.665098 8.875114 0.000000
vt -1.980436 8.676858 0.000000
vt -3.251535 8.284776 0.000000
vt -4.450000 7.707626 0.000000
vt -5.658579 5.941421 0.000000
vt -5.549059 6.958300 0.000000
vt -5.698039 5.980881 0.000000
vt -6.524162 6.053537 0.000000
vt -5.980881 5.698039 0.000000
vt -7.353525 5.013549 0.000000
vt -5.941421 5.658579 0.000000
vt -5.800000 0.000000 0.000000
vt -5.800000 5.800000 0.000000
vt -8.018623 3.861565 0.000000
vt -8.504598 2.623321 0.000000
vt -8.800594 1.326476 0.000000
vt -8.900000 0.000000 0.000000
vt -8.800594 -1.326476 0.000000
vt -8.504598 -2.623321 0.000000
vt -8.018623 -3.861565 0.000000
vt -7.353525 -5.013549 0.000000
vt -5.941421 -5.658579 0.000000
vt -5.980881 -5.698039 0.000000
vt -6.524162 -6.053537 0.000000
vt -5.698039 -5.980881 0.000000
vt -5.549059 -6.958300 0.000000
vt -5.658579 -5.941421 0.000000
vt -4.450000 -7.707626 0.000000
vt -0.000000 -5.800000 0.000000
vt -3.251535 -8.284776 0.000000
vt 0.000000 -5.980881 0.000000
vt -1.980436 -8.676858 0.000000
vt -0.665098 -8.875114 0.000000
vt 0.665098 -8.875114 0.000000
vt 1.980436 -8.676858 0.000000
vt 3.251535 -8.284776 0.000000
vt 4.450000 -7.707626 0.000000
vt 5.658579 -5.941421 0.000000
vt 5.549059 -6.958300 0.000000
vt 5.698039 -5.980881 0.000000
vt 6.524162 -6.053537 0.000000
vt 5.980881 -5.698039 0.000000
vt 7.353525 -5.013549 0.000000
vt 5.941421 -5.658579 0.000000
vt 5.800000 -5.800000 0.000000
vt 8.018623 -3.861565 0.000000
vt 8.504598 -2.623321 0.000000
vt 5.800000 5.800000 0.000000
vt -5.800000 -5.800000 0.000000
vt 11.600000 0.020000 0.000000
vt 5.800000 0.020000 0.000000
vt 11.600000 0.000000 0.000000
vt 5.800000 0.000000 0.000000
vt -0.000000 0.020000 0.000000
vt -0.000000 0.000000 0.000000
vt 11.600000 0.020000 0.000000
vt 5.800000 0.020000 0.000000
vt 11.600000 0.000000 0.000000
vt 5.800000 0.000000 0.000000
vt -0.000000 0.020000 0.000000
vt -0.000000 0.000000 0.000000
vt -0.000000 0.020000 0.000000
vt -5.800000 0.020000 0.000000
vt -0.000000 0.000000 0.000000
vt -5.800000 0.000000 0.000000
vt -11.600000 0.020000 0.000000
vt -11.600000 0.000000 0.000000
vt -0.000000 0.020000 0.000000
vt -5.800000 0.020000 0.000000
vt 0.000000 0.000000 0.000000
vt -5.800000 0.000000 0.000000
vt -11.600000 0.020000 0.000000
vt -11.600000 0.000000 0.000000
vn 0.183013 0.707107 -0.683013
vn 0.183013 0.707107 -0.683013
vn -0.000000 0.707107 -0.707107
vn -0.000000 0.707107 -0.707107
vn -0.183013 0.707107 -0.683013
vn -0.183013 0.707107 -0.683013
vn -0.353553 0.707107 -0.612372
vn -0.353553 0.707107 -0.612372
vn -0.500000 0.707107 -0.500000
vn -0.500000 0.707107 -0.500000
vn -0.612372 0.707107 -0.353553
vn -0.612372 0.707107 -0.353553
vn -0.683013 0.707107 -0.183013
vn -0.683013 0.707107 -0.183013
vn -0.707107 0.707107 -0.000000
vn -0.707107 0.707107 -0.000000
vn -0.683013 0.707107 0.183013
vn -0.683013 0.707107 0.183013
vn -0.612372 0.707107 0.353553
vn -0.612372 0.707107 0.353553
vn -0.500000 0.707107 0.500000
vn -0.500000 0.707107 0.500000
vn -0.353553 0.707107 0.612372
vn -0.353553 0.707107 0.612372
vn -0.183013 0.707107 0.683013
vn -0.183013 0.707107 0.683013
vn -0.000000 0.707107 0.707107
vn -0.000000 0.707107 0.707107
vn 0.183013 0.707107 0.683013
vn 0.183013 0.707107 0.683013
vn 0.353553 0.707107 0.612372
vn 0.353553 0.707107 0.612372
vn 0.500000 0.707107 0.500000
vn 0.500000 0.707107 0.500000
vn 0.612372 0.707107 0.353553
vn 0.612372 0.707107 0.353553
vn 0.683013 0.707107 0.183013
vn 0.683013 0.707107 0.183013
vn 0.707107 0.707107 -0.000000
vn 0.707107 0.707107 -0.000000
vn 0.683013 0.707107 -0.183013
vn 0.683013 0.707107 -0.183013
vn 0.612372 0.707107 -0.353553
vn 0.612372 0.707107 -0.353553
vn 0.500000 0.707107 -0.500000
vn 0.500000 0.707107 -0.500000
vn 0.353553 0.707107 -0.612372
vn 0.353553 0.707107 -0.612372
vn 0.258819 0.000000 -0.965926
vn 0.258819 0.000000 -0.965926
vn -0.000000 0.000000 -1.000000
vn -0.000000 0.000000 -1.000000
vn -0.258819 0.000000 -0.965926
vn -0.258819 0.000000 -0.965926
vn -0.500000 0.000000 -0.866025
vn -0.500000 0.000000 -0.866025
vn -0.707107 0.000000 -0.707107
vn -0.707107 0.000000 -0.707107
vn -0.866025 0.000000 -0.500000
vn -0.866025 0.000000 -0.500000
vn -0.965926 0.000000 -0.258819
vn -0.965926 0.000000 -0.258819
vn -1.000000 0.000000 -0.000000
vn -1.000000 0.000000 -0.000000
vn -0.965926 0.000000 0.258819
vn -0.965926 0.000000 0.258819
vn -0.866025 0.000000 0.500000
vn -0.866025 0.000000 0.500000
vn -0.707107 0.000000 0.707107
vn -0.707107 0.000000 0.707107
vn -0.500000 0.000000 0.866025
vn -0.500000 0.000000 0.866025
vn -0.258819 0.000000 0.965926
vn -0.258819 0.000000 0.965926
vn -0.000000 0.000000 1.000000
vn -0.000000 0.000000 1.000000
vn 0.258819 0.000000 0.965926
vn 0.258819 0.000000 0.965926
vn 0.500000 0.000000 0.866025
vn 0.500000 0.000000 0.866025
vn 0.707107 0.000000 0.707107
vn 0.707107 0.000000 0.707107
vn 0.866025 0.000000 0.500000
vn 0.866025 0.000000 0.500000
vn 0.965926 0.000000 0.258819
vn 0.965926 0.000000 0.258819
vn 1.000000 0.000000 -0.000000
vn 1.000000 0.000000 -0.000000
vn 0.965926 0.000000 -0.258819
vn 0.965926 0.000000 -0.258819
vn 0.866025 0.000000 -0.500000
vn 0.866025 0.000000 -0.500000
vn 0.707107 0.000000 -0.707107
vn 0.707107 0.000000 -0.707107
vn 0.500000 0.000000 -0.866025
vn 0.500000 0.000000 -0.866025
vn 0.183013 0.707107 -0.683013
vn 0.183013 0.707107 -0.683013
vn -0.000000 0.707107 -0.707107
vn -0.000000 0.707107 -0.707107
vn -0.183013 0.707107 -0.683013
vn -0.183013 0.707107 -0.683013
vn -0.353553 0.707107 -0.612372
vn -0.353553 0.707107 -0.612372
vn -0.500000 0.707107 -0.500000
vn -0.500000 0.707107 -0.500000
vn -0.612372 0.707107 -0.353553
vn -0.612372 0.707107 -0.353553
vn -0.683013 0.707107 -0.183013
vn -0.683013 0.707107 -0.183013
vn -0.707107 0.707107 -0.000000
vn -0.707107 0.707107 -0.000000
vn -0.683013 0.707107 0.183013
vn -0.683013 0.707107 0.183013
vn -0.612372 0.707107 0.353553
vn -0.612372 0.707107 0.353553
vn -0.500000 0.707107 0.500000
vn -0.500000 0.707107 0.500000
vn -0.353553 0.707107 0.612372
vn -0.353553 0.707107 0.612372
vn -0.183013 0.707107 0.683013
vn -0.183013 0.707107 0.683013
vn -0.000000 0.707107 0.707107
vn -0.000000 0.707107 0.707107
vn 0.183013 0.707107 0.683013
vn 0.183013 0.707107 0.683013
vn 0.353553 0.707107 0.612372
vn 0.353553 0.707107 0.612372
vn 0.500000 0.707107 0.500000
vn 0.500000 0.707107 0.500000
vn 0.612372 0.707107 0.353553
vn 0.612372 0.707107 0.353553
vn 0.683013 0.707107 0.183013
vn 0.683013 0.707107 0.183013
vn 0.707107 0.707107 -0.000000
vn 0.707107 0.707107 -0.000000
vn 0.683013 0.707107 -0.183013
vn 0.683013 0.707107 -0.183013
vn 0.612372 0.707107 -0.353553
vn 0.612372 0.707107 -0.353553
vn 0.500000 0.707107 -0.500000
vn 0.500000 0.707107 -0.500000
vn 0.353553 0.707107 -0.612372
vn 0.353553 0.707107 -0.612372
vn 0.258819 0.000000 -0.965926
vn 0.258819 0.000000 -0.965926
vn -0.000000 0.000000 -1.000000
vn -0.000000 0.000000 -1.000000
vn -0.258819 0.000000 -0.965926
vn -0.258819 0.000000 -0.965926
vn -0.500000 0.000000 -0.866025
vn -0.500000 0.000000 -0.866025
vn -0.707107 0.000000 -0.707107
vn -0.707107 0.000000 -0.707107
vn -0.866025 0.000000 -0.500000
vn -0.866025 0.000000 -0.500000
vn -0.965926 0.000000 -0.258819
vn -0.965926 0.000000 -0.258819
vn -1.000000 0.000000 -0.000000
vn -1.000000 0.000000 -0.000000
vn -0.965926 0.000000 0.258819
vn -0.965926 0.000000 0.258819
vn -0.866025 0.000000 0.500000
vn -0.866025 0.000000 0.500000
vn -0.707107 0.000000 0.707107
vn -0.707107 0.000000 0.707107
vn -0.500000 0.000000 0.866025
vn -0.500000 0.000000 0.866025
vn -0.258819 0.000000 0.965926
vn -0.258819 0.000000 0.965926
vn -0.000000 0.000000 1.000000
vn -0.000000 0.000000 1.000000
vn 0.258819 0.000000 0.965926
vn 0.258819 0.000000 0.965926
vn 0.500000 0.000000 0.866025
vn 0.500000 0.000000 0.866025
vn 0.707107 0.000000 0.707107
vn 0.707107 0.000000 0.707107
vn 0.866025 0.000000 0.500000
vn 0.866025 0.000000 0.500000
vn 0.965926 0.000000 0.258819
vn 0.965926 0.000000 0.258819
vn 1.000000 0.000000 -0.000000
vn 1.000000 0.000000 -0.000000
vn 0.965926 0.000000 -0.258819
vn 0.965926 0.000000 -0.258819
vn 0.866025 0.000000 -0.500000
vn 0.866025 0.000000 -0.500000
vn 0.707107 0.000000 -0.707107
vn 0.707107 0.000000 -0.707107
vn 0.500000 0.000000 -0.866025
vn 0.500000 0.000000 -0.866025
vn 0.183013 0.707107 -0.683013
vn 0.183013 0.707107 -0.683013
vn -0.000000 0.707107 -0.707107
vn -0.000000 0.707107 -0.707107
vn -0.183013 0.707107 -0.683013
vn -0.183013 0.707107 -0.683013
vn -0.353553 0.707107 -0.612372
vn -0.353553 0.707107 -0.612372
vn -0.500000 0.707107 -0.500000
vn -0.500000 0.707107 -0.500000
vn -0.612372 0.707107 -0.353553
vn -0.612372 0.707107 -0.353553
vn -0.683013 0.707107 -0.183013
vn -0.683013 0.707107 -0.183013
vn -0.707107 0.707107 -0.000000
vn -0.707107 0.707107 -0.000000
vn -0.683013 0.707107 0.183013
vn -0.683013 0.707107 0.183013
vn -0.612372 0.707107 0.353553
vn -0.612372 0.707107 0.353553
vn -0.500000 0.707107 0.500000
vn -0.500000 0.707107 0.500000
vn -0.353553 0.707107 0.612372
vn -0.353553 0.707107 0.612372
vn -0.183013 0.707107 0.683013
vn -0.183013 0.707107 0.683013
vn -0.000000 0.707107 0.707107
vn -0.000000 0.707107 0.707107
vn 0.183013 0.707107 0.683013
vn 0.183013 0.707107 0.683013
vn 0.353553 0.707107 0.612372
vn 0.353553 0.707107 0.612372
vn 0.500000 0.707107 0.500000
vn 0.500000 0.707107 0.500000
vn 0.612372 0.707107 0.353553
vn 0.612372 0.707107 0.353553
vn 0.683013 0.707107 0.183013
vn 0.683013 0.707107 0.183013
vn 0.707107 0.707107 -0.000000
vn 0.707107 0.707107 -0.000000
vn 0.683013 0.707107 -0.183013
vn 0.683013 0.707107 -0.183013
vn 0.612372 0.707107 -0.353553
vn 0.612372 0.707107 -0.353553
vn 0.500000 0.707107 -0.500000
vn 0.500000 0.707107 -0.500000
vn 0.353553 0.707107 -0.612372
vn 0.353553 0.707107 -0.612372
vn 0.258819 0.000000 -0.965926
vn 0.258819 0.000000 -0.965926
vn -0.000000 0.000000 -1.000000
vn -0.000000 0.000000 -1.000000
vn -0.258819 0.000000 -0.965926
vn -0.258819 0.000000 -0.965926
vn -0.500000 0.000000 -0.866025
vn -0.500000 0.000000 -0.866025
vn -0.707107 0.000000 -0.707107
vn -0.707107 0.000000 -0.707107
vn -0.866025 0.000000 -0.500000
vn -0.866025 0.000000 -0.500000
vn -0.965926 0.000000 -0.258819
vn -0.965926 0.000000 -0.258819
vn -1.000000 0.000000 -0.000000
vn -1.000000 0.000000 -0.000000
vn -0.965926 0.000000 0.258819
vn -0.965926 0.000000 0.258819
vn -0.866025 0.000000 0.500000
vn -0.866025 0.000000 0.500000
vn -0.707107 0.000000 0.707107
vn -0.707107 0.000000 0.707107
vn -0.500000 0.000000 0.866025
vn -0.500000 0.000000 0.866025
vn -0.258819 0.000000 0.965926
vn -0.258819 0.000000 0.965926
vn -0.000000 0.000000 1.000000
vn -0.000000 0.000000 1.000000
vn 0.258819 0.000000 0.965926
vn 0.258819 0.000000 0.965926
vn 0.500000 0.000000 0.866025
vn 0.500000 0.000000 0.866025
vn 0.707107 0.000000 0.707107
vn 0.707107 0.000000 0.707107
vn 0.866025 0.000000 0.500000
vn 0.866025 0.000000 0.500000
vn 0.965926 0.000000 0.258819
vn 0.965926 0.000000 0.258819
vn 1.000000 0.000000 -0.000000
vn 1.000000 0.000000 -0.000000
vn 0.965926 0.000000 -0.258819
vn 0.965926 0.000000 -0.258819
vn 0.866025 0.000000 -0.500000
vn 0.866025 0.000000 -0.500000
vn 0.707107 0.000000 -0.707107
vn 0.707107 0.000000 -0.707107
vn 0.500000 0.000000 -0.866025
vn 0.500000 0.000000 -0.866025
vn 0.183013 0.707107 -0.683013
vn 0.183013 0.707107 -0.683013
vn -0.000000 0.707107 -0.707107
vn -0.000000 0.707107 -0.707107
vn -0.183013 0.707107 -0.683013
vn -0.183013 0.707107 -0.683013
vn -0.353553 0.707107 -0.612372
vn -0.353553 0.707107 -0.612372
vn -0.500000 0.707107 -0.500000
vn -0.500000 0.707107 -0.500000
vn -0.612372 0.707107 -0.353553
vn -0.612372 0.707107 -0.353553
vn -0.683013 0.707107 -0.183013
vn -0.683013 0.707107 -0.183013
vn -0.707107 0.707107 -0.000000
vn -0.707107 0.707107 -0.000000
vn -0.683013 0.707107 0.183013
vn -0.683013 0.707107 0.183013
vn -0.612372 0.707107 0.353553
vn -0.612372 0.707107 0.353553
vn -0.500000 0.707107 0.500000
vn -0.500000 0.707107 0.500000
vn -0.353553 0.707107 0.612372
vn -0.353553 0.707107 0.612372
vn -0.183013 0.707107 0.683013
vn -0.183013 0.707107 0.683013
vn -0.000000 0.707107 0.707107
vn -0.000000 0.707107 0.707107
vn 0.183013 0.707107 0.683013
vn 0.183013 0.707107 0.683013
vn 0.353553 0.707107 0.612372
vn 0.353553 0.707107 0.612372
vn 0.500000 0.707107 0.500000
vn 0.500000 0.707107 0.500000
vn 0.612372 0.707107 0.353553
vn 0.612372 0.707107 0.353553
vn 0.683013 0.707107 0.183013
vn 0.683013 0.707107 0.183013
vn 0.707107 0.707107 -0.000000
vn 0.707107 0.707107 -0.000000
vn 0.683013 0.707107 -0.183013
vn 0.683013 0.707107 -0.183013
vn 0.612372 0.707107 -0.353553
vn 0.612372 0.707107 -0.353553
vn 0.500000 0.707107 -0.500000
vn 0.500000 0.707107 -0.500000
vn 0.353553 0.707107 -0.612372
vn 0.353553 0.707107 -0.612372
vn 0.258819 0.000000 -0.965926
vn 0.258819 0.000000 -0.965926
vn -0.000000 0.000000 -1.000000
vn -0.000000 0.000000 -1.000000
vn -0.258819 0.000000 -0.965926
vn -0.258819 0.000000 -0.965926
vn -0.500000 0.000000 -0.866025
vn -0.500000 0.000000 -0.866025
vn -0.707107 0.000000 -0.707107
vn -0.707107 0.000000 -0.707107
vn -0.866025 0.000000 -0.500000
vn -0.866025 0.000000 -0.500000
vn -0.965926 0.000000 -0.258819
vn -0.965926 0.000000 -0.258819
vn -1.000000 0.000000 -0.000000
vn -1.000000 0.000000 -0.000000
vn -0.965926 0.000000 0.258819
vn -0.965926 0.000000 0.258819
vn -0.866025 0.000000 0.500000
vn -0.866025 0.000000 0.500000
vn -0.707107 0.000000 0.707107
vn -0.707107 0.000000 0.707107
vn -0.500000 0.000000 0.866025
vn -0.500000 0.000000 0.866025
vn -0.258819 0.000000 0.965926
vn -0.258819 0.000000 0.965926
vn -0.000000 0.000000 1.000000
vn -0.000000 0.000000 1.000000
vn 0.258819 0.000000 0.965926
vn 0.258819 0.000000 0.965926
vn 0.500000 0.000000 0.866025
vn 0.500000 0.000000 0.866025
vn 0.707107 0.000000 0.707107
vn 0.707107 0.000000 0.707107
vn 0.866025 0.000000 0.500000
vn 0.866025 0.000000 0.500000
vn 0.965926 0.000000 0.258819
vn 0.965926 0.000000 0.258819
vn 1.000000 0.000000 -0.000000
vn 1.000000 0.000000 -0.000000
vn 0.965926 0.000000 -0.258819
vn 0.965926 0.000000 -0.258819
vn 0.866025 0.000000 -0.500000
vn 0.866025 0.000000 -0.500000
vn 0.707107 0.000000 -0.707107
vn 0.707107 0.000000 -0.707107
vn 0.500000 0.000000 -0.866025
vn 0.500000 0.000000 -0.866025
vn 0.149042 0.000000 -0.988831
vn 0.149042 0.000000 -0.988831
vn 0.000000 0.000000 -1.000000
vn 0.000000 0.000000 -1.000000
vn -0.149042 0.000000 -0.988831
vn -0.149042 0.000000 -0.988831
vn -0.294755 0.000000 -0.955573
vn -0.294755 0.000000 -0.955573
vn -0.433884 0.000000 -0.900969
vn -0.433884 0.000000 -0.900969
vn -0.563320 0.000000 -0.826239
vn -0.563320 0.000000 -0.826239
vn -0.680173 0.000000 -0.733052
vn -0.680173 0.000000 -0.733052
vn -0.781831 0.000000 -0.623490
vn -0.781831 0.000000 -0.623490
vn -0.866025 0.000000 -0.500000
vn -0.866025 0.000000 -0.500000
vn -0.930874 0.000000 -0.365341
vn -0.930874 0.000000 -0.365341
vn -0.974928 0.000000 -0.222521
vn -0.974928 0.000000 -0.222521
vn -0.997204 0.000000 -0.074730
vn -0.997204 0.000000 -0.074730
vn -0.997204 0.000000 0.074730
vn -0.997204 0.000000 0.074730
vn -0.974928 0.000000 0.222521
vn -0.974928 0.000000 0.222521
vn -0.930874 0.000000 0.365341
vn -0.930874 0.000000 0.365341
vn -0.866025 0.000000 0.500000
vn -0.866025 0.000000 0.500000
vn -0.781831 0.000000 0.623490
vn -0.781831 0.000000 0.623490
vn -0.680173 0.000000 0.733052
vn -0.680173 0.000000 0.733052
vn -0.563320 0.000000 0.826239
vn -0.563320 0.000000 0.826239
vn -0.433884 0.000000 0.900969
vn -0.433884 0.000000 0.900969
vn -0.294755 0.000000 0.955573
vn -0.294755 0.000000 0.955573
vn -0.149042 0.000000 0.988831
vn -0.149042 0.000000 0.988831
vn -0.000000 0.000000 1.000000
vn -0.000000 0.000000 1.000000
vn 0.149042 0.000000 0.988831
vn 0.149042 0.000000 0.988831
vn 0.294755 0.000000 0.955573
vn 0.294755 0.000000 0.955573
vn 0.433884 0.000000 0.900969
vn 0.433884 0.000000 0.900969
vn 0.563320 0.000000 0.826239
vn 0.563320 0.000000 0.826239
vn 0.680173 0.000000 0.733052
vn 0.680173 0.000000 0.733052
vn 0.781831 0.000000 0.623490
vn 0.781831 0.000000 0.623490
vn 0.866025 0.000000 0.500000
vn 0.866025 0.000000 0.500000
vn 0.930874 0.000000 0.365341
vn 0.930874 0.000000 0.365341
vn 0.974928 0.000000 0.222521
vn 0.974928 0.000000 0.222521
vn 0.997204 0.000000 0.074730
vn 0.997204 0.000000 0.074730
vn 0.997204 0.000000 -0.074730
vn 0.997204 0.000000 -0.074730
vn 0.974928 0.000000 -0.222521
vn 0.974928 0.000000 -0.222521
vn 0.930874 0.000000 -0.365341
vn 0.930874 0.000000 -0.365341
vn 0.866025 0.000000 -0.500000
vn 0.866025 0.000000 -0.500000
vn 0.781831 0.000000 -0.623490
vn 0.781831 0.000000 -0.623490
vn 0.680173 0.000000 -0.733052
vn 0.680173 0.000000 -0.733052
vn 0.563320 0.000000 -0.826239
vn 0.563320 0.000000 -0.826239
vn 0.433884 0.000000 -0.900969
vn 0.433884 0.000000 -0.900969
vn 0.294755 0.000000 -0.955573
vn 0.294755 0.000000 -0.955573
vn 0.149042 -0.000000 0.988831
vn 0.095221 -0.000000 0.995456
vn -0.000000 -0.000000 1.000000
vn -0.000000 -0.000000 1.000000
vn -0.095221 -0.000000 0.995456
vn 0.189577 -0.000000 0.981866
vn 0.294755 -0.000000 0.955573
vn 0.282210 -0.000000 0.959353
vn 0.372278 -0.000000 0.928121
vn 0.433884 -0.000000 0.900969
vn 0.458963 -0.000000 0.888455
vn 0.563320 -0.000000 0.826239
vn 0.541477 -0.000000 0.840715
vn 0.619071 -0.000000 0.785335
vn 0.680173 -0.000000 0.733052
vn 0.691038 -0.000000 0.722818
vn 0.691038 -0.000000 0.722818
vn 0.696433 -0.000000 0.717622
vn 0.781831 -0.000000 0.623490
vn 0.722818 -0.000000 0.691038
vn 0.712384 -0.000000 0.701790
vn 0.701790 -0.000000 0.712384
vn 0.866025 -0.000000 0.500000
vn 0.840715 -0.000000 0.541477
vn 0.785335 -0.000000 0.619071
vn 0.722818 -0.000000 0.691038
vn 0.722818 -0.000000 0.691038
vn 0.717622 -0.000000 0.696433
vn 0.712384 -0.000000 0.701790
vn 0.707107 -0.000000 0.707107
vn 0.888455 -0.000000 0.458963
vn 0.930874 -0.000000 0.365341
vn 0.928121 -0.000000 0.372278
vn 0.959353 -0.000000 0.282210
vn 0.974928 -0.000000 0.222521
vn 0.981866 -0.000000 0.189577
vn 0.997204 -0.000000 0.074730
vn 0.995456 -0.000000 0.095221
vn 1.000000 -0.000000 0.000000
vn 0.997204 -0.000000 -0.074730
vn 0.995456 -0.000000 -0.095221
vn 0.981866 -0.000000 -0.189577
vn 0.974928 -0.000000 -0.222521
vn 0.959353 -0.000000 -0.282210
vn 0.930874 -0.000000 -0.365341
vn 0.928121 -0.000000 -0.372278
vn 0.888455 -0.000000 -0.458963
vn 0.866025 -0.000000 -0.500000
vn 0.840715 -0.000000 -0.541477
vn 0.781831 -0.000000 -0.623490
vn 0.785335 -0.000000 -0.619071
vn 0.722818 -0.000000 -0.691038
vn 0.722818 -0.000000 -0.691038
vn 0.717622 -0.000000 -0.696433
vn 0.722818 -0.000000 -0.691038
vn 0.680173 -0.000000 -0.733052
vn 0.712384 -0.000000 -0.701790
vn 0.701790 -0.000000 -0.712384
vn 0.691038 -0.000000 -0.722818
vn 0.691038 -0.000000 -0.722818
vn 0.619071 -0.000000 -0.785335
vn 0.691038 -0.000000 -0.722818
vn 0.563320 -0.000000 -0.826239
vn 0.541477 -0.000000 -0.840715
vn 0.458963 -0.000000 -0.888455
vn 0.433884 -0.000000 -0.900969
vn 0.372278 -0.000000 -0.928121
vn 0.294755 -0.000000 -0.955573
vn 0.282210 -0.000000 -0.959353
vn 0.189577 -0.000000 -0.981866
vn 0.149042 -0.000000 -0.988831
vn 0.095221 -0.000000 -0.995456
vn 0.000000 -0.000000 -1.000000
vn 0.000000 -0.000000 -1.000000
vn -0.095221 -0.000000 -0.995456
vn -0.149042 -0.000000 -0.988831
vn -0.189577 -0.000000 -0.981866
vn -0.294755 -0.000000 -0.955573
vn -0.282210 -0.000000 -0.959353
vn -0.372278 -0.000000 -0.928121
vn -0.433884 -0.000000 -0.900969
vn -0.458963 -0.000000 -0.888455
vn -0.563320 -0.000000 -0.826239
vn -0.541477 -0.000000 -0.840715
vn -0.619071 -0.000000 -0.785335
vn -0.680173 -0.000000 -0.733052
vn -0.691038 -0.000000 -0.722818
vn -0.691038 -0.000000 -0.722818
vn -0.696433 -0.000000 -0.717622
vn -0.781831 -0.000000 -0.623490
vn -0.722818 -0.000000 -0.691038
vn -0.712384 -0.000000 -0.701790
vn -0.701790 -0.000000 -0.712384
vn -0.866025 -0.000000 -0.500000
vn -0.840715 -0.000000 -0.541477
vn -0.785335 -0.000000 -0.619071
vn -0.722818 -0.000000 -0.691038
vn -0.722818 -0.000000 -0.691038
vn -0.717622 -0.000000 -0.696433
vn -0.712384 -0.000000 -0.701790
vn -0.707107 -0.000000 -0.707107
vn -0.888455 -0.000000 -0.458963
vn -0.930874 -0.000000 -0.365341
vn -0.928121 -0.000000 -0.372278
vn -0.959353 -0.000000 -0.282210
vn -0.974928 -0.000000 -0.222521
vn -0.981866 -0.000000 -0.189577
vn -0.997204 -0.000000 -0.074730
vn -0.995456 -0.000000 -0.095221
vn -1.000000 -0.000000 -0.000000
vn -0.997204 -0.000000 0.074730
vn -0.995456 -0.000000 0.095221
vn -0.981866 -0.000000 0.189577
vn -0.974928 -0.000000 0.222521
vn -0.959353 -0.000000 0.282210
vn -0.930874 -0.000000 0.365341
vn -0.928121 -0.000000 0.372278
vn -0.888455 -0.000000 0.458963
vn -0.866025 -0.000000 0.500000
vn -0.840715 -0.000000 0.541477
vn -0.781831 -0.000000 0.623490
vn -0.785335 -0.000000 0.619071
vn -0.722818 -0.000000 0.691038
vn -0.722818 -0.000000 0.691038
vn -0.717622 -0.000000 0.696433
vn -0.722818 -0.000000 0.691038
vn -0.680173 -0.000000 0.733052
vn -0.712384 -0.000000 0.701790
vn -0.701790 -0.000000 0.712384
vn -0.691038 -0.000000 0.722818
vn -0.691038 -0.000000 0.722818
vn -0.619071 -0.000000 0.785335
vn -0.691038 -0.000000 0.722818
vn -0.563320 -0.000000 0.826239
vn -0.541477 -0.000000 0.840715
vn -0.458963 -0.000000 0.888455
vn -0.433884 -0.000000 0.900969
vn -0.372278 -0.000000 0.928121
vn -0.294755 -0.000000 0.955573
vn -0.282210 -0.000000 0.959353
vn -0.189577 -0.000000 0.981866
vn -0.149042 -0.000000 0.988831
vn 0.701790 -0.000000 0.712384
vn -0.707107 -0.000000 0.707107
vn -0.701790 -0.000000 0.712384
vn -0.696433 -0.000000 0.717622
vn -0.712384 -0.000000 0.701790
vn -0.691038 -0.000000 -0.722818
vn -0.701790 -0.000000 -0.712384
vn 0.707107 -0.000000 -0.707107
vn 0.701790 -0.000000 -0.712384
vn 0.696433 -0.000000 -0.717622
vn 0.712384 -0.000000 -0.701790
vn 0.691038 -0.000000 0.722818
vn 0.238563 0.941369 0.238563
vn 0.238563 0.941369 0.238563
vn 0.238563 0.941369 0.238563
vn 0.238563 0.941369 0.238563
vn 0.238563 0.941369 0.238563
vn 0.238563 0.941369 0.238563
vn -0.707107 0.000000 -0.707107
vn -0.707107 0.000000 -0.707107
vn -0.707107 0.000000 -0.707107
vn -0.707107 0.000000 -0.707107
vn -0.707107 0.000000 -0.707107
vn 0.707107 0.000000 -0.707107
vn 0.707107 0.000000 -0.707107
vn 0.707107 0.000000 -0.707107
vn 0.707107 0.000000 -0.707107
vn 0.707107 0.000000 -0.707107
vn 0.707107 0.000000 -0.707107
vn 0.707107 0.000000 -0.707107
vn 0.707107 0.000000 -0.707107
vn -0.707107 -0.000000 0.707107
vn -0.707107 -0.000000 0.707107
vn -0.707107 -0.000000 0.707107
vn -0.707107 -0.000000 0.707107
vn -0.707107 -0.000000 0.707107
vn -0.707107 -0.000000 0.707107
vn -0.707107 -0.000000 0.707107
vn -0.707107 -0.000000 0.707107
vn -0.238563 0.941369 0.238563
vn -0.238563 0.941369 0.238563
vn -0.238563 0.941369 0.238563
vn -0.238563 0.941369 0.238563
vn -0.238563 0.941369 0.238563
vn -0.238563 0.941369 0.238563
vn 0.707107 0.000000 0.707107
vn 0.707107 0.000000 0.707107
vn 0.707107 0.000000 0.707107
vn 0.707107 0.000000 0.707107
vn 0.707107 0.000000 0.707107
vn 0.707107 0.000000 0.707107
vn 0.707107 0.000000 0.707107
vn 0.707107 0.000000 0.707107
vn 0.707107 0.000000 -0.707107
vn 0.707107 0.000000 -0.707107
vn 0.707107 0.000000 -0.707107
vn 0.707107 0.000000 -0.707107
vn 0.707107 0.000000 -0.707107
vn -0.707107 -0.000000 -0.707107
vn -0.707107 -0.000000 -0.707107
vn -0.707107 -0.000000 -0.707107
vn -0.707107 -0.000000 -0.707107
vn -0.707107 -0.000000 -0.707107
vn -0.707107 -0.000000 -0.707107
vn -0.707107 -0.000000 -0.707107
vn -0.707107 -0.000000 -0.707107
vn -0.238563 0.941369 -0.238563
vn -0.238563 0.941369 -0.238563
vn -0.238563 0.941369 -0.238563
vn -0.238563 0.941369 -0.238563
vn -0.238563 0.941369 -0.238563
vn -0.238563 0.941369 -0.238563
vn -0.707107 0.000000 0.707107
vn -0.707107 0.000000 0.707107
vn -0.707107 0.000000 0.707107
vn -0.707107 0.000000 0.707107
vn -0.707107 0.000000 0.707107
vn -0.707107 0.000000 0.707107
vn -0.707107 0.000000 0.707107
vn -0.707107 0.000000 0.707107
vn 0.707107 0.000000 0.707107
vn 0.707107 0.000000 0.707107
vn 0.707107 0.000000 0.707107
vn 0.707107 0.000000 0.707107
vn 0.707107 0.000000 0.707107
vn 0.707107 -0.000000 -0.707107
vn 0.707107 -0.000000 -0.707107
vn 0.707107 -0.000000 -0.707107
vn 0.707107 -0.000000 -0.707107
vn 0.707107 -0.000000 -0.707107
vn 0.707107 -0.000000 -0.707107
vn 0.707107 -0.000000 -0.707107
vn 0.707107 -0.000000 -0.707107
vn 0.238563 0.941369 -0.238563
vn 0.238563 0.941369 -0.238563
vn 0.238563 0.941369 -0.238563
vn 0.238563 0.941369 -0.238563
vn 0.238563 0.941369 -0.238563
vn 0.238563 0.941369 -0.238563
vn -0.707107 0.000000 -0.707107
vn -0.707107 0.000000 -0.707107
vn -0.707107 0.000000 -0.707107
vn -0.707107 0.000000 -0.707107
vn -0.707107 0.000000 -0.707107
vn -0.707107 0.000000 -0.707107
vn -0.707107 0.000000 -0.707107
vn -0.707107 0.000000 -0.707107
vn -0.707107 0.000000 0.707107
vn -0.707107 0.000000 0.707107
vn -0.707107 0.000000 0.707107
vn -0.707107 0.000000 0.707107
vn -0.707107 0.000000 0.707107
vn 0.707107 -0.000000 0.707107
vn 0.707107 -0.000000 0.707107
vn 0.707107 -0.000000 0.707107
vn 0.707107 -0.000000 0.707107
vn 0.707107 -0.000000 0.707107
vn 0.707107 -0.000000 0.707107
vn 0.707107 -0.000000 0.707107
vn 0.707107 -0.000000 0.707107
vn 1.000000 -0.000000 -0.000000
vn 1.000000 -0.000000 -0.000000
vn 1.000000 -0.000000 -0.000000
vn 1.000000 -0.000000 -0.000000
vn 1.000000 -0.000000 -0.000000
vn 1.000000 -0.000000 -0.000000
vn -0.000000 -0.000000 -1.000000
vn -0.000000 -0.000000 -1.000000
vn -0.000000 -0.000000 -1.000000
vn -0.000000 -0.000000 -1.000000
vn -0.000000 -0.000000 -1.000000
vn -0.000000 -0.000000 -1.000000
vn -1.000000 -0.000000 0.000000
vn -1.000000 -0.000000 0.000000
vn -1.000000 -0.000000 0.000000
vn -1.000000 -0.000000 0.000000
vn -1.000000 -0.000000 0.000000
vn -1.000000 -0.000000 0.000000
vn 0.000000 1.000000 0.000000
vn 0.000000 1.000000 0.000000
vn 0.000000 1.000000 0.000000
vn 0.000000 1.000000 0.000000
vn 0.000000 1.000000 0.000000
vn 0.000000 1.000000 0.000000
vn 0.000000 1.000000 0.000000
vn 0.000000 1.000000 0.000000
vn 0.000000 1.000000 0.000000
vn 0.000000 1.000000 0.000000
vn 0.000000 1.000000 0.000000
vn 0.000000 1.000000 0.000000
vn 0.000000 1.000000 0.000000
vn 0.000000 1.000000 0.000000
vn 0.000000 1.000000 0.000000
vn 0.000000 1.000000 0.000000
vn 0.000000 1.000000 0.000000
vn 0.000000 1.000000 0.000000
vn 0.000000 1.000000 0.000000
vn 0.000000 1.000000 0.000000
vn 0.000000 1.000000 0.000000
vn 0.000000 1.000000 0.000000
vn 0.000000 1.000000 0.000000
vn 0.000000 1.000000 0.000000
vn 0.000000 1.000000 0.000000
vn 0.000000 1.000000 0.000000
vn 0.000000 1.000000 0.000000
vn 0.000000 1.000000 0.000000
vn 0.000000 1.000000 0.000000
vn 0.000000 1.000000 0.000000
vn 0.000000 1.000000 0.000000
vn 0.000000 1.000000 0.000000
vn 0.000000 1.000000 0.000000
vn 0.000000 1.000000 0.000000
vn 0.000000 1.000000 0.000000
vn 0.000000 1.000000 0.000000
vn 0.000000 1.000000 0.000000
vn 0.000000 1.000000 0.000000
vn 0.000000 1.000000 0.000000
vn 0.000000 1.000000 0.000000
vn 0.000000 1.000000 0.000000
vn 0.000000 1.000000 0.000000
vn 0.000000 1.000000 0.000000
vn 0.000000 1.000000 0.000000
vn 0.000000 1.000000 0.000000
vn 0.000000 1.000000 0.000000
vn 0.000000 1.000000 0.000000
vn 0.000000 1.000000 0.000000
vn 0.000000 1.000000 0.000000
vn 0.000000 1.000000 0.000000
vn -0.000000 -1.000000 -0.000000
vn -0.000000 -1.000000 -0.000000
vn -0.000000 -1.000000 -0.000000
vn -0.000000 -1.000000 -0.000000
vn -0.000000 -1.000000 -0.000000
vn -0.000000 -1.000000 -0.000000
vn -0.000000 -1.000000 -0.000000
vn -0.000000 -1.000000 -0.000000
vn -0.000000 -1.000000 -0.000000
vn -0.000000 -1.000000 -0.000000
vn -0.000000 -1.000000 -0.000000
vn -0.000000 -1.000000 -0.000000
vn -0.000000 -1.000000 -0.000000
vn -0.000000 -1.000000 -0.000000
vn -0.000000 -1.000000 -0.000000
vn -0.000000 -1.000000 -0.000000
vn -0.000000 -1.000000 -0.000000
vn -0.000000 -1.000000 -0.000000
vn -0.000000 -1.000000 -0.000000
vn -0.000000 -1.000000 -0.000000
vn -0.000000 -1.000000 -0.000000
vn -0.000000 -1.000000 -0.000000
vn -0.000000 -1.000000 -0.000000
vn -0.000000 -1.000000 -0.000000
vn -0.000000 -1.000000 -0.000000
vn -0.000000 -1.000000 -0.000000
vn -0.000000 -1.000000 -0.000000
vn -0.000000 -1.000000 -0.000000
vn -0.000000 -1.000000 -0.000000
vn -0.000000 -1.000000 -0.000000
vn -0.000000 -1.000000 -0.000000
vn -0.000000 -1.000000 -0.000000
vn -0.000000 -1.000000 -0.000000
vn -0.000000 -1.000000 -0.000000
vn -0.000000 -1.000000 -0.000000
vn -0.000000 -1.000000 -0.000000
vn -0.000000 -1.000000 -0.000000
vn -0.000000 -1.000000 -0.000000
vn -0.000000 -1.000000 -0.000000
vn -0.000000 -1.000000 -0.000000
vn -0.000000 -1.000000 -0.000000
vn -0.000000 -1.000000 -0.000000
vn -0.000000 -1.000000 -0.000000
vn -0.000000 -1.000000 -0.000000
vn -0.000000 -1.000000 -0.000000
vn -0.000000 -1.000000 -0.000000
vn -0.000000 -1.000000 -0.000000
vn -0.000000 -1.000000 -0.000000
vn -0.000000 -1.000000 -0.000000
vn -0.000000 -1.000000 -0.000000
vn -0.000000 -1.000000 -0.000000
vn -0.000000 -1.000000 -0.000000
vn -0.000000 -1.000000 -0.000000
vn -0.000000 -1.000000 -0.000000
vn -0.000000 -1.000000 -0.000000
vn -0.000000 -1.000000 -0.000000
vn -0.000000 -1.000000 -0.000000
vn -0.000000 -1.000000 -0.000000
vn -0.000000 -1.000000 -0.000000
vn -0.000000 -1.000000 -0.000000
vn -0.000000 -1.000000 -0.000000
vn -0.000000 -1.000000 -0.000000
vn -0.000000 -1.000000 -0.000000
vn -0.000000 -1.000000 -0.000000
vn -0.000000 -1.000000 -0.000000
vn -0.000000 -1.000000 -0.000000
vn -0.000000 -1.000000 -0.000000
vn -0.000000 -1.000000 -0.000000
vn -0.000000 -1.000000 -0.000000
vn -0.000000 -1.000000 -0.000000
vn -0.000000 -1.000000 -0.000000
vn -0.000000 -1.000000 -0.000000
vn -0.000000 -1.000000 -0.000000
vn -0.000000 -1.000000 -0.000000
vn -0.000000 -1.000000 -0.000000
vn -0.000000 -1.000000 -0.000000
vn -0.000000 -1.000000 -0.000000
vn -0.000000 -1.000000 -0.000000
vn -0.000000 -1.000000 -0.000000
vn -0.000000 -1.000000 -0.000000
vn -0.000000 -1.000000 -0.000000
vn -0.000000 -1.000000 -0.000000
vn -0.000000 -1.000000 -0.000000
vn -0.000000 -1.000000 -0.000000
vn -0.000000 -1.000000 -0.000000
vn -0.000000 -1.000000 -0.000000
vn -0.000000 -1.000000 -0.000000
vn -0.000000 -1.000000 -0.000000
vn -0.000000 -1.000000 -0.000000
vn -0.000000 -1.000000 -0.000000
vn -0.000000 -1.000000 -0.000000
vn -0.000000 -1.000000 -0.000000
vn -0.000000 -1.000000 -0.000000
vn -0.000000 -1.000000 -0.000000
vn -0.000000 -1.000000 -0.000000
vn -0.000000 -1.000000 -0.000000
vn -0.000000 -1.000000 -0.000000
vn -0.000000 -1.000000 -0.000000
vn -0.000000 -1.000000 -0.000000
vn -0.000000 -1.000000 -0.000000
vn -0.000000 -1.000000 -0.000000
vn -0.000000 -1.000000 -0.000000
vn -0.000000 -1.000000 -0.000000
vn -0.000000 -1.000000 -0.000000
vn -0.000000 -1.000000 -0.000000
vn -0.000000 -1.000000 -0.000000
vn -0.000000 -1.000000 -0.000000
vn -0.000000 -1.000000 -0.000000
vn -0.000000 -1.000000 -0.000000
vn -0.000000 -1.000000 -0.000000
vn -0.000000 -1.000000 -0.000000
vn -0.000000 -1.000000 -0.000000
vn -0.000000 -1.000000 -0.000000
vn -0.000000 -1.000000 -0.000000
vn -0.456054 -0.764218 -0.456054
vn -0.456054 -0.764218 -0.456054
vn -0.456054 -0.764218 -0.456054
vn -0.456054 -0.764218 -0.456054
vn -0.456054 -0.764218 -0.456054
vn -0.456054 -0.764218 -0.456054
vn -0.456054 -0.764218 -0.456054
vn -0.456054 -0.764218 -0.456054
vn -0.456054 -0.764218 -0.456054
vn 0.000000 -1.000000 0.000000
vn 0.000000 -1.000000 0.000000
vn 0.000000 -1.000000 0.000000
vn 0.000000 -1.000000 0.000000
vn 0.000000 -1.000000 0.000000
vn 0.000000 -1.000000 0.000000
vn 0.000000 -1.000000 0.000000
vn 0.000000 -1.000000 0.000000
vn 0.000000 -1.000000 0.000000
vn 0.000000 -1.000000 0.000000
vn 0.000000 -1.000000 0.000000
vn 0.000000 -1.000000 0.000000
vn 0.000000 -1.000000 0.000000
vn 0.000000 -1.000000 0.000000
vn 0.000000 -1.000000 0.000000
vn 0.000000 -1.000000 0.000000
vn 0.000000 -1.000000 0.000000
vn 0.000000 -1.000000 0.000000
vn 0.000000 -1.000000 0.000000
vn 0.000000 -1.000000 0.000000
vn 0.000000 -1.000000 0.000000
vn 0.000000 -1.000000 0.000000
vn 0.000000 -1.000000 0.000000
vn 0.000000 -1.000000 0.000000
vn 0.000000 -1.000000 0.000000
vn 0.000000 -1.000000 0.000000
vn 0.000000 -1.000000 0.000000
vn 0.000000 -1.000000 0.000000
vn 0.000000 -1.000000 0.000000
vn 0.000000 -1.000000 0.000000
vn 0.000000 -1.000000 0.000000
vn 0.000000 -1.000000 0.000000
vn 0.000000 -1.000000 0.000000
vn 0.000000 -1.000000 0.000000
vn 0.000000 -1.000000 0.000000
vn 0.000000 -1.000000 0.000000
vn 0.000000 -1.000000 0.000000
vn 0.000000 -1.000000 0.000000
vn 0.000000 -1.000000 0.000000
vn 0.000000 -1.000000 0.000000
vn 0.000000 -1.000000 0.000000
vn 0.000000 -1.000000 0.000000
vn 0.000000 -1.000000 0.000000
vn 0.000000 -1.000000 0.000000
vn 0.000000 -1.000000 0.000000
vn 0.000000 -1.000000 0.000000
vn 0.000000 -1.000000 0.000000
vn 0.000000 -1.000000 0.000000
vn 0.000000 -1.000000 0.000000
vn 0.000000 -1.000000 0.000000
vn 0.000000 -1.000000 0.000000
vn 0.000000 -1.000000 0.000000
vn 0.000000 -1.000000 0.000000
vn 0.000000 -1.000000 0.000000
vn 0.000000 -1.000000 0.000000
vn 0.000000 -1.000000 0.000000
vn 0.000000 -1.000000 0.000000
vn 0.000000 -1.000000 0.000000
vn 0.000000 -1.000000 0.000000
vn 0.000000 -1.000000 0.000000
vn 0.000000 -1.000000 0.000000
vn 0.000000 -1.000000 0.000000
vn 0.000000 -1.000000 0.000000
vn 0.000000 -1.000000 0.000000
vn 0.000000 -1.000000 0.000000
vn 0.000000 -1.000000 0.000000
vn 0.000000 -1.000000 0.000000
vn 0.000000 -1.000000 0.000000
vn 0.000000 -1.000000 0.000000
vn 0.000000 -1.000000 0.000000
vn 0.000000 -1.000000 0.000000
vn 0.000000 -1.000000 0.000000
vn 0.000000 -1.000000 0.000000
vn 0.000000 -1.000000 0.000000
vn 0.000000 -1.000000 0.000000
vn 0.000000 -1.000000 0.000000
vn 0.000000 -1.000000 0.000000
vn 0.000000 -1.000000 0.000000
vn 0.000000 -1.000000 0.000000
vn 0.000000 -1.000000 0.000000
vn 0.000000 -1.000000 0.000000
vn 0.000000 -1.000000 0.000000
vn 0.000000 -1.000000 0.000000
vn 0.000000 -1.000000 0.000000
vn 0.000000 -1.000000 0.000000
vn 0.000000 -1.000000 0.000000
vn 0.000000 -1.000000 0.000000
vn 0.000000 -1.000000 0.000000
vn 0.000000 -1.000000 0.000000
vn 0.000000 -1.000000 0.000000
vn 0.000000 -1.000000 0.000000
vn 0.000000 -1.000000 0.000000
vn 0.000000 -1.000000 0.000000
vn 0.000000 -1.000000 0.000000
vn 0.000000 -1.000000 0.000000
vn 0.000000 -1.000000 0.000000
vn 0.000000 -1.000000 0.000000
vn 0.000000 -1.000000 0.000000
vn 0.000000 -1.000000 0.000000
vn 0.000000 -1.000000 0.000000
vn 0.000000 -1.000000 0.000000
vn 0.000000 -1.000000 0.000000
vn 0.000000 -1.000000 0.000000
vn 0.000000 -1.000000 0.000000
vn 0.000000 -1.000000 0.000000
vn 0.000000 -1.000000 0.000000
vn 0.000000 -1.000000 0.000000
vn 0.000000 -1.000000 0.000000
vn 0.000000 -1.000000 0.000000
vn 0.000000 -1.000000 0.000000
vn 0.000000 -1.000000 0.000000
vn 0.000000 -1.000000 0.000000
vn 0.000000 -1.000000 0.000000
vn 0.000000 -1.000000 0.000000
vn 0.000000 -1.000000 0.000000
vn 0.000000 -1.000000 0.000000
vn 0.000000 -1.000000 0.000000
vn 0.000000 -1.000000 0.000000
vn 0.000000 -1.000000 0.000000
vn 0.000000 -1.000000 0.000000
vn -0.000000 -0.000000 1.000000
vn -0.000000 -0.000000 1.000000
vn -0.000000 -0.000000 1.000000
vn -0.000000 -0.000000 1.000000
vn -0.000000 -0.000000 1.000000
vn -0.000000 -0.000000 1.000000
vn 0.000000 1.000000 0.000000
vn 0.000000 1.000000 0.000000
vn 0.000000 1.000000 0.000000
vn 0.000000 1.000000 0.000000
vn 0.000000 1.000000 0.000000
vn 0.000000 1.000000 0.000000
vn 0.000000 1.000000 0.000000
vn 0.000000 1.000000 0.000000
vn 0.000000 1.000000 0.000000
vn 0.000000 1.000000 0.000000
vn 0.000000 1.000000 0.000000
vn 0.000000 1.000000 0.000000
vn 0.000000 1.000000 0.000000
vn 0.000000 1.000000 0.000000
vn 0.000000 1.000000 0.000000
vn 0.000000 1.000000 0.000000
vn 0.000000 1.000000 0.000000
vn 0.000000 1.000000 0.000000
vn 0.000000 1.000000 0.000000
vn 0.000000 1.000000 0.000000
vn 0.000000 1.000000 0.000000
vn 0.000000 1.000000 0.000000
vn 0.000000 1.000000 0.000000
vn 0.000000 1.000000 0.000000
vn 0.000000 1.000000 0.000000
vn 0.000000 1.000000 0.000000
vn 0.000000 1.000000 0.000000
vn 0.000000 1.000000 0.000000
vn 0.000000 1.000000 0.000000
vn 0.000000 1.000000 0.000000
vn 0.000000 1.000000 0.000000
vn 0.000000 1.000000 0.000000
vn 0.000000 1.000000 0.000000
vn 0.000000 1.000000 0.000000
vn 0.000000 1.000000 0.000000
vn 0.000000 1.000000 0.000000
vn 0.000000 1.000000 0.000000
vn 0.000000 1.000000 0.000000
vn 0.000000 1.000000 0.000000
vn 0.000000 1.000000 0.000000
vn 0.000000 1.000000 0.000000
vn 0.000000 1.000000 0.000000
vn 0.000000 1.000000 0.000000
vn 0.000000 1.000000 0.000000
vn 0.000000 1.000000 0.000000
vn 0.000000 1.000000 0.000000
vn 0.000000 1.000000 0.000000
vn 0.000000 1.000000 0.000000
vn 0.000000 1.000000 0.000000
vn 0.000000 1.000000 0.000000
vn 0.000000 1.000000 0.000000
vn 0.000000 1.000000 0.000000
vn 0.000000 1.000000 0.000000
vn 0.000000 1.000000 0.000000
vn 0.000000 1.000000 0.000000
vn 0.000000 1.000000 0.000000
vn 0.000000 1.000000 0.000000
vn 0.000000 1.000000 0.000000
vn 0.000000 1.000000 0.000000
vn 0.000000 1.000000 0.000000
vn 0.000000 1.000000 0.000000
vn 0.000000 1.000000 0.000000
vn 0.000000 1.000000 0.000000
vn 0.000000 1.000000 0.000000
vn 0.000000 1.000000 0.000000
vn 0.000000 1.000000 0.000000
vn 0.000000 1.000000 0.000000
vn 0.000000 1.000000 0.000000
vn 0.000000 1.000000 0.000000
vn 0.000000 1.000000 0.000000
vn 0.000000 1.000000 0.000000
vn 0.000000 1.000000 0.000000
vn 0.000000 1.000000 0.000000
vn 0.000000 1.000000 0.000000
vn 0.000000 1.000000 0.000000
vn 0.000000 1.000000 0.000000
vn 0.000000 1.000000 0.000000
vn 0.000000 1.000000 0.000000
vn 0.000000 1.000000 0.000000
vn 0.000000 1.000000 0.000000
vn 0.000000 1.000000 0.000000
vn 0.000000 1.000000 0.000000
vn 0.000000 1.000000 0.000000
vn 0.000000 1.000000 0.000000
vn 0.000000 1.000000 0.000000
vn 0.000000 1.000000 0.000000
vn 0.000000 1.000000 0.000000
vn 0.000000 1.000000 0.000000
vn 0.000000 1.000000 0.000000
vn 0.000000 1.000000 0.000000
vn 0.000000 1.000000 0.000000
vn 0.000000 1.000000 0.000000
vn 0.000000 1.000000 0.000000
vn 0.000000 1.000000 0.000000
vn 0.000000 1.000000 0.000000
vn 0.000000 1.000000 0.000000
vn 0.000000 1.000000 0.000000
vn 0.000000 1.000000 0.000000
vn 0.000000 1.000000 0.000000
vn 0.000000 1.000000 0.000000
vn 0.000000 1.000000 0.000000
vn 0.000000 1.000000 0.000000
vn 0.000000 1.000000 0.000000
vn 0.000000 1.000000 0.000000
vn 0.000000 1.000000 0.000000
vn 0.000000 1.000000 0.000000
vn 0.000000 1.000000 0.000000
vn 0.000000 1.000000 0.000000
vn 0.000000 1.000000 0.000000
vn 0.000000 1.000000 0.000000
vn 0.000000 1.000000 0.000000
vn 0.000000 1.000000 0.000000
vn 0.000000 1.000000 0.000000
vn 0.000000 1.000000 0.000000
vn 0.000000 1.000000 0.000000
vn 0.000000 1.000000 0.000000
vn 0.000000 1.000000 0.000000
vn 0.000000 1.000000 0.000000
vn 0.000000 1.000000 0.000000
vn 0.000000 1.000000 0.000000
vn -1.000000 0.000000 0.000000
vn -1.000000 0.000000 0.000000
vn -1.000000 0.000000 0.000000
vn -1.000000 0.000000 0.000000
vn 0.000000 0.000000 1.000000
vn 0.000000 0.000000 1.000000
vn 0.000000 0.000000 1.000000
vn 0.000000 0.000000 1.000000
vn 1.000000 0.000000 -0.000000
vn 1.000000 0.000000 -0.000000
vn 1.000000 0.000000 -0.000000
vn 1.000000 0.000000 -0.000000
vn 0.000000 0.000000 -1.000000
vn 0.000000 0.000000 -1.000000
vn 0.000000 0.000000 -1.000000
vn 0.000000 0.000000 -1.000000
vn 0.456054 -0.764218 -0.456054
vn 0.456054 -0.764218 -0.456054
vn 0.456054 -0.764218 -0.456054
vn 0.456054 -0.764218 -0.456054
vn 0.456054 -0.764218 -0.456054
vn 0.456054 -0.764218 -0.456054
vn 0.456054 -0.764218 -0.456054
vn 0.456054 -0.764218 -0.456054
vn 0.456054 -0.764218 -0.456054
vn 0.456054 -0.764218 0.456054
vn 0.456054 -0.764218 0.456054
vn 0.456054 -0.764218 0.456054
vn 0.456054 -0.764218 0.456054
vn 0.456054 -0.764218 0.456054
vn 0.456054 -0.764218 0.456054
vn 0.456054 -0.764218 0.456054
vn 0.456054 -0.764218 0.456054
vn 0.456054 -0.764218 0.456054
vn -0.456054 -0.764218 0.456054
vn -0.456054 -0.764218 0.456054
vn -0.456054 -0.764218 0.456054
vn -0.456054 -0.764218 0.456054
vn -0.456054 -0.764218 0.456054
vn -0.456054 -0.764218 0.456054
vn -0.456054 -0.764218 0.456054
vn -0.456054 -0.764218 0.456054
vn -0.456054 -0.764218 0.456054
vn -0.000000 -1.000000 -0.000000
vn -0.000000 -1.000000 -0.000000
vn -0.000000 -1.000000 -0.000000
vn -0.000000 -1.000000 -0.000000
vn -0.000000 -1.000000 -0.000000
vn -0.000000 -1.000000 -0.000000
vn -0.000000 -1.000000 -0.000000
vn -0.000000 -1.000000 -0.000000
vn -0.000000 -1.000000 -0.000000
vn -0.000000 -1.000000 -0.000000
vn -0.000000 -1.000000 -0.000000
vn -0.000000 -1.000000 -0.000000
vn -0.000000 -1.000000 -0.000000
vn -0.000000 -1.000000 -0.000000
vn -0.000000 -1.000000 -0.000000
vn -0.000000 -1.000000 -0.000000
vn -0.000000 -1.000000 -0.000000
vn -0.000000 -1.000000 -0.000000
vn -0.000000 -1.000000 -0.000000
vn -0.000000 -1.000000 -0.000000
vn -0.000000 -1.000000 -0.000000
vn -0.000000 -1.000000 -0.000000
vn -0.000000 -1.000000 -0.000000
vn -0.000000 -1.000000 -0.000000
vn -0.000000 -1.000000 -0.000000
vn -0.000000 -1.000000 -0.000000
vn -0.000000 -1.000000 -0.000000
vn -0.000000 -1.000000 -0.000000
vn -0.000000 -1.000000 -0.000000
vn -0.000000 -1.000000 -0.000000
vn -0.000000 -1.000000 -0.000000
vn -0.000000 -1.000000 -0.000000
vn -0.000000 -1.000000 -0.000000
vn -0.000000 -1.000000 -0.000000
vn -0.000000 -1.000000 -0.000000
vn -0.000000 -1.000000 -0.000000
vn -0.000000 -1.000000 -0.000000
vn -0.000000 -1.000000 -0.000000
vn -0.000000 -1.000000 -0.000000
vn -0.000000 -1.000000 -0.000000
vn -0.000000 -1.000000 -0.000000
vn -0.000000 -1.000000 -0.000000
vn -0.000000 -1.000000 -0.000000
vn -0.000000 -1.000000 -0.000000
vn -0.000000 -1.000000 -0.000000
vn -0.000000 -1.000000 -0.000000
vn -0.000000 -1.000000 -0.000000
vn -0.000000 -1.000000 -0.000000
vn -0.000000 -1.000000 -0.000000
vn -0.000000 -1.000000 -0.000000
vn -0.000000 -1.000000 -0.000000
vn -0.000000 -1.000000 -0.000000
vn -0.000000 -1.000000 -0.000000
vn -0.000000 -1.000000 -0.000000
vn -0.000000 -1.000000 -0.000000
vn -0.000000 -1.000000 -0.000000
vn -0.000000 -1.000000 -0.000000
vn -0.000000 -1.000000 -0.000000
vn -0.000000 -1.000000 -0.000000
vn -0.000000 -1.000000 -0.000000
vn -0.000000 -1.000000 -0.000000
vn -0.000000 -1.000000 -0.000000
vn -0.000000 -1.000000 -0.000000
vn -0.000000 -1.000000 -0.000000
vn -0.000000 -1.000000 -0.000000
vn -0.000000 -1.000000 -0.000000
vn -0.000000 -1.000000 -0.000000
vn 1.000000 -0.000000 -0.000000
vn 1.000000 -0.000000 -0.000000
vn 1.000000 -0.000000 -0.000000
vn 1.000000 -0.000000 -0.000000
vn 1.000000 -0.000000 -0.000000
vn 1.000000 -0.000000 -0.000000
vn -0.000000 -0.000000 1.000000
vn -0.000000 -0.000000 1.000000
vn -0.000000 -0.000000 1.000000
vn -0.000000 -0.000000 1.000000
vn -0.000000 -0.000000 1.000000
vn -0.000000 -0.000000 1.000000
vn -1.000000 0.000000 -0.000000
vn -1.000000 0.000000 -0.000000
vn -1.000000 0.000000 -0.000000
vn -1.000000 0.000000 -0.000000
vn -1.000000 0.000000 -0.000000
vn -1.000000 0.000000 -0.000000
vn -0.000000 -0.000000 -1.000000
vn -0.000000 -0.000000 -1.000000
vn -0.000000 -0.000000 -1.000000
vn -0.000000 -0.000000 -1.000000
vn -0.000000 -0.000000 -1.000000
vn -0.000000 -0.000000 -1.000000
f 34/80/81 80/81/82 33/82/83
f 33/82/83 80/81/82 57/83/84
f 33/82/83 57/83/84 56/84/85
f 56/84/85 57/83/84 58/85/86
f 56/84/85 58/85/86 55/86/87
f 55/86/87 58/85/86 59/87/88
f 55/86/87 59/87/88 54/88/89
f 54/88/89 59/87/88 60/89/90
f 54/88/89 60/89/90 53/90/91
f 53/90/91 60/89/90 61/91/92
f 53/90/91 61/91/92 52/92/93
f 52/92/93 61/91/92 62/93/94
f 52/92/93 62/93/94 51/94/95
f 51/94/95 62/93/94 63/95/96
f 51/94/95 63/95/96 50/96/97
f 50/96/97 63/95/96 64/97/98
f 50/96/97 64/97/98 49/98/99
f 49/98/99 64/97/98 65/99/100
f 49/98/99 65/99/100 48/100/101
f 48/100/101 65/99/100 66/101/102
f 48/100/101 66/101/102 47/102/103
f 47/102/103 66/101/102 67/103/104
f 47/102/103 67/103/104 46/104/105
f 46/104/105 67/103/104 68/105/106
f 46/104/105 68/105/106 45/106/107
f 45/106/107 68/105/106 69/107/108
f 45/108/107 69/109/108 44/110/109
f 44/110/109 69/109/108 70/111/110
f 44/110/109 70/111/110 43/112/111
f 43/112/111 70/111/110 71/113/112
f 43/112/111 71/113/112 42/114/113
f 42/114/113 71/113/112 72/115/114
f 42/114/113 72/115/114 41/116/115
f 41/116/115 72/115/114 73/117/116
f 41/116/115 73/117/116 40/118/117
f 40/118/117 73/117/116 74/119/118
f 40/118/117 74/119/118 39/120/119
f 39/120/119 74/119/118 75/121/120
f 39/120/119 75/121/120 38/122/121
f 38/122/121 75/121/120 76/123/122
f 38/122/121 76/123/122 37/124/123
f 37/124/123 76/123/122 77/125/124
f 37/124/123 77/125/124 36/126/125
f 36/126/125 77/125/124 78/127/126
f 36/126/125 78/127/126 35/128/127
f 35/128/127 78/127/126 79/129/128
f 35/128/127 79/129/128 34/80/81
f 34/80/81 79/129/128 80/81/82
f 82/130/129 34/131/130 81/132/131
f 81/132/131 34/131/130 33/133/132
f 81/132/131 33/133/132 104/134/133
f 104/134/133 33/133/132 56/135/134
f 104/134/133 56/135/134 103/136/135
f 103/136/135 56/135/134 55/137/136
f 103/136/135 55/137/136 102/138/137
f 102/138/137 55/137/136 54/139/138
f 102/138/137 54/139/138 101/140/139
f 101/140/139 54/139/138 53/141/140
f 101/140/139 53/141/140 100/142/141
f 100/142/141 53/141/140 52/143/142
f 100/142/141 52/143/142 99/144/143
f 99/144/143 52/143/142 51/145/144
f 99/144/143 51/145/144 98/146/145
f 98/146/145 51/145/144 50/147/146
f 98/146/145 50/147/146 97/148/147
f 97/148/147 50/147/146 49/149/148
f 97/148/147 49/149/148 96/150/149
f 96/150/149 49/149/148 48/151/150
f 96/150/149 48/151/150 95/152/151
f 95/152/151 48/151/150 47/153/152
f 95/152/151 47/153/152 94/154/153
f 94/154/153 47/153/152 46/155/154
f 94/154/153 46/155/154 93/156/155
f 93/156/155 46/155/154 45/157/156
f 93/158/155 45/159/156 92/160/157
f 92/160/157 45/159/156 44/161/158
f 92/160/157 44/161/158 91/162/159
f 91/162/159 44/161/158 43/163/160
f 91/162/159 43/163/160 90/164/161
f 90/164/161 43/163/160 42/165/162
f 90/164/161 42/165/162 89/166/163
f 89/166/163 42/165/162 41/167/164
f 89/166/163 41/167/164 88/168/165
f 88/168/165 41/167/164 40/169/166
f 88/168/165 40/169/166 87/170/167
f 87/170/167 40/169/166 39/171/168
f 87/170/167 39/171/168 86/172/169
f 86/172/169 39/171/168 38/173/170
f 86/172/169 38/173/170 85/174/171
f 85/174/171 38/173/170 37/175/172
f 85/174/171 37/175/172 84/176/173
f 84/176/173 37/175/172 36/177/174
f 84/176/173 36/177/174 83/178/175
f 83/178/175 36/177/174 35/179/176
f 83/178/175 35/179/176 82/130/129
f 82/130/129 35/179/176 34/131/130
f 106/180/177 152/181/178 105/182/179
f 105/182/179 152/181/178 129/183/180
f 105/182/179 129/183/180 128/184/181
f 128/184/181 129/183/180 130/185/182
f 128/184/181 130/185/182 127/186/183
f 127/186/183 130/185/182 131/187/184
f 127/186/183 131/187/184 126/188/185
f 126/188/185 131/187/184 132/189/186
f 126/188/185 132/189/186 125/190/187
f 125/190/187 132/189/186 133/191/188
f 125/190/187 133/191/188 124/192/189
f 124/192/189 133/191/188 134/193/190
f 124/192/189 134/193/190 123/194/191
f 123/194/191 134/193/190 135/195/192
f 123/194/191 135/195/192 122/196/193
f 122/196/193 135/195/192 136/197/194
f 122/196/193 136/197/194 121/198/195
f 121/198/195 136/197/194 137/199/196
f 121/198/195 137/199/196 120/200/197
f 120/200/197 137/199/196 138/201/198
f 120/200/197 138/201/198 119/202/199
f 119/202/199 138/201/198 139/203/200
f 119/202/199 139/203/200 118/204/201
f 118/204/201 139/203/200 140/205/202
f 118/204/201 140/205/202 117/206/203
f 117/206/203 140/205/202 141/207/204
f 117/208/203 141/209/204 116/210/205
f 116/210/205 141/209/204 142/211/206
f 116/210/205 142/211/206 115/212/207
f 115/212/207 142/211/206 143/213/208
f 115/212/207 143/213/208 114/214/209
f 114/214/209 143/213/208 144/215/210
f 114/214/209 144/215/210 113/216/211
f 113/216/211 144/215/210 145/217/212
f 113/216/211 145/217/212 112/218/213
f 112/218/213 145/217/212 146/219/214
f 112/218/213 146/219/214 111/220/215
f 111/220/215 146/219/214 147/221/216
f 111/220/215 147/221/216 110/222/217
f 110/222/217 147/221/216 148/223/218
f 110/222/217 148/223/218 109/224/219
f 109/224/219 148/223/218 149/225/220
f 109/224/219 149/225/220 108/226/221
f 108/226/221 149/225/220 150/227/222
f 108/226/221 150/227/222 107/228/223
f 107/228/223 150/227/222 151/229/224
f 107/228/223 151/229/224 106/180/177
f 106/180/177 151/229/224 152/181/178
f 154/230/225 106/231/226 153/232/227
f 153/232/227 106/231/226 105/233/228
f 153/232/227 105/233/228 176/234/229
f 176/234/229 105/233/228 128/235/230
f 176/234/229 128/235/230 175/236/231
f 175/236/231 128/235/230 127/237/232
f 175/236/231 127/237/232 174/238/233
f 174/238/233 127/237/232 126/239/234
f 174/238/233 126/239/234 173/240/235
f 173/240/235 126/239/234 125/241/236
f 173/240/235 125/241/236 172/242/237
f 172/242/237 125/241/236 124/243/238
f 172/242/237 124/243/238 171/244/239
f 171/244/239 124/243/238 123/245/240
f 171/244/239 123/245/240 170/246/241
f 170/246/241 123/245/240 122/247/242
f 170/246/241 122/247/242 169/248/243
f 169/248/243 122/247/242 121/249/244
f 169/248/243 121/249/244 168/250/245
f 168/250/245 121/249/244 120/251/246
f 168/250/245 120/251/246 167/252/247
f 167/252/247 120/251/246 119/253/248
f 167/252/247 119/253/248 166/254/249
f 166/254/249 119/253/248 118/255/250
f 166/254/249 118/255/250 165/256/251
f 165/256/251 118/255/250 117/257/252
f 165/258/251 117/259/252 164/260/253
f 164/260/253 117/259/252 116/261/254
f 164/260/253 116/261/254 163/262/255
f 163/262/255 116/261/254 115/263/256
f 163/262/255 115/263/256 162/264/257
f 162/264/257 115/263/256 114/265/258
f 162/264/257 114/265/258 161/266/259
f 161/266/259 114/265/258 113/267/260
f 161/266/259 113/267/260 160/268/261
f 160/268/261 113/267/260 112/269/262
f 160/268/261 112/269/262 159/270/263
f 159/270/263 112/269/262 111/271/264
f 159/270/263 111/271/264 158/272/265
f 158/272/265 111/271/264 110/273/266
f 158/272/265 110/273/266 157/274/267
f 157/274/267 110/273/266 109/275/268
f 157/274/267 109/275/268 156/276/269
f 156/276/269 109/275/268 108/277/270
f 156/276/269 108/277/270 155/278/271
f 155/278/271 108/277/270 107/279/272
f 155/278/271 107/279/272 154/230/225
f 154/230/225 107/279/272 106/231/226
f 178/280/273 224/281/274 177/282/275
f 177/282/275 224/281/274 201/283/276
f 177/282/275 201/283/276 200/284/277
f 200/284/277 201/283/276 202/285/278
f 200/284/277 202/285/278 199/286/279
f 199/286/279 202/285/278 203/287/280
f 199/286/279 203/287/280 198/288/281
f 198/288/281 203/287/280 204/289/282
f 198/288/281 204/289/282 197/290/283
f 197/290/283 204/289/282 205/291/284
f 197/290/283 205/291/284 196/292/285
f 196/292/285 205/291/284 206/293/286
f 196/292/285 206/293/286 195/294/287
f 195/294/287 206/293/286 207/295/288
f 195/294/287 207/295/288 194/296/289
f 194/296/289 207/295/288 208/297/290
f 194/296/289 208/297/290 193/298/291
f 193/298/291 208/297/290 209/299/292
f 193/298/291 209/299/292 192/300/293
f 192/300/293 209/299/292 210/301/294
f 192/300/293 210/301/294 191/302/295
f 191/302/295 210/301/294 211/303/296
f 191/302/295 211/303/296 190/304/297
f 190/304/297 211/303/296 212/305/298
f 190/304/297 212/305/298 189/306/299
f 189/306/299 212/305/298 213/307/300
f 189/308/299 213/309/300 188/310/301
f 188/310/301 213/309/300 214/311/302
f 188/310/301 214/311/302 187/312/303
f 187/312/303 214/311/302 215/313/304
f 187/312/303 215/313/304 186/314/305
f 186/314/305 215/313/304 216/315/306
f 186/314/305 216/315/306 185/316/307
f 185/316/307 216/315/306 217/317/308
f 185/316/307 217/317/308 184/318/309
f 184/318/309 217/317/308 218/319/310
f 184/318/309 218/319/310 183/320/311
f 183/320/311 218/319/310 219/321/312
f 183/320/311 219/321/312 182/322/313
f 182/322/313 219/321/312 220/323/314
f 182/322/313 220/323/314 181/324/315
f 181/324/315 220/323/314 221/325/316
f 181/324/315 221/325/316 180/326/317
f 180/326/317 221/325/316 222/327/318
f 180/326/317 222/327/318 179/328/319
f 179/328/319 222/327/318 223/329/320
f 179/328/319 223/329/320 178/280/273
f 178/280/273 223/329/320 224/281/274
f 226/330/321 178/331/322 225/332/323
f 225/332/323 178/331/322 177/333/324
f 225/332/323 177/333/324 248/334/325
f 248/334/325 177/333/324 200/335/326
f 248/334/325 200/335/326 247/336/327
f 247/336/327 200/335/326 199/337/328
f 247/336/327 199/337/328 246/338/329
f 246/338/329 199/337/328 198/339/330
f 246/338/329 198/339/330 245/340/331
f 245/340/331 198/339/330 197/341/332
f 245/340/331 197/341/332 244/342/333
f 244/342/333 197/341/332 196/343/334
f 244/342/333 196/343/334 243/344/335
f 243/344/335 196/343/334 195/345/336
f 243/344/335 195/345/336 242/346/337
f 242/346/337 195/345/336 194/347/338
f 242/346/337 194/347/338 241/348/339
f 241/348/339 194/347/338 193/349/340
f 241/348/339 193/349/340 240/350/341
f 240/350/341 193/349/340 192/351/342
f 240/350/341 192/351/342 239/352/343
f 239/352/343 192/351/342 191/353/344
f 239/352/343 191/353/344 238/354/345
f 238/354/345 191/353/344 190/355/346
f 238/354/345 190/355/346 237/356/347
f 237/356/347 190/355/346 189/357/348
f 237/358/347 189/359/348 236/360/349
f 236/360/349 189/359/348 188/361/350
f 236/360/349 188/361/350 235/362/351
f 235/362/351 188/361/350 187/363/352
f 235/362/351 187/363/352 234/364/353
f 234/364/353 187/363/352 186/365/354
f 234/364/353 186/365/354 233/366/355
f 233/366/355 186/365/354 185/367/356
f 233/366/355 185/367/356 232/368/357
f 232/368/357 185/367/356 184/369/358
f 232/368/357 184/369/358 231/370/359
f 231/370/359 184/369/358 183/371/360
f 231/370/359 183/371/360 230/372/361
f 230/372/361 183/371/360 182/373/362
f 230/372/361 182/373/362 229/374/363
f 229/374/363 182/373/362 181/375/364
f 229/374/363 181/375/364 228/376/365
f 228/376/365 181/375/364 180/377/366
f 228/376/365 180/377/366 227/378/367
f 227/378/367 180/377/366 179/379/368
f 227/378/367 179/379/368 226/330/321
f 226/330/321 179/379/368 178/331/322
f 250/380/369 296/381/370 249/382/371
f 249/382/371 296/381/370 273/383/372
f 249/382/371 273/383/372 272/384/373
f 272/384/373 273/383/372 274/385/374
f 272/384/373 274/385/374 271/386/375
f 271/386/375 274/385/374 275/387/376
f 271/386/375 275/387/376 270/388/377
f 270/388/377 275/387/376 276/389/378
f 270/388/377 276/389/378 269/390/379
f 269/390/379 276/389/378 277/391/380
f 269/390/379 277/391/380 268/392/381
f 268/392/381 277/391/380 278/393/382
f 268/392/381 278/393/382 267/394/383
f 267/394/383 278/393/382 279/395/384
f 267/394/383 279/395/384 266/396/385
f 266/396/385 279/395/384 280/397/386
f 266/396/385 280/397/386 265/398/387
f 265/398/387 280/397/386 281/399/388
f 265/398/387 281/399/388 264/400/389
f 264/400/389 281/399/388 282/401/390
f 264/400/389 282/401/390 263/402/391
f 263/402/391 282/401/390 283/403/392
f 263/402/391 283/403/392 262/404/393
f 262/404/393 283/403/392 284/405/394
f 262/404/393 284/405/394 261/406/395
f 261/406/395 284/405/394 285/407/396
f 261/408/395 285/409/396 260/410/397
f 260/410/397 285/409/396 286/411/398
f 260/410/397 286/411/398 259/412/399
f 259/412/399 286/411/398 287/413/400
f 259/412/399 287/413/400 258/414/401
f 258/414/401 287/413/400 288/415/402
f 258/414/401 288/415/402 257/416/403
f 257/416/403 288/415/402 289/417/404
f 257/416/403 289/417/404 256/418/405
f 256/418/405 289/417/404 290/419/406
f 256/418/405 290/419/406 255/420/407
f 255/420/407 290/419/406 291/421/408
f 255/420/407 291/421/408 254/422/409
f 254/422/409 291/421/408 292/423/410
f 254/422/409 292/423/410 253/424/411
f 253/424/411 292/423/410 293/425/412
f 253/424/411 293/425/412 252/426/413
f 252/426/413 293/425/412 294/427/414
f 252/426/413 294/427/414 251/428/415
f 251/428/415 294/427/414 295/429/416
f 251/428/415 295/429/416 250/380/369
f 250/380/369 295/429/416 296/381/370
f 298/430/417 250/431/418 297/432/419
f 297/432/419 250/431/418 249/433/420
f 297/432/419 249/433/420 320/434/421
f 320/434/421 249/433/420 272/435/422
f 320/434/421 272/435/422 319/436/423
f 319/436/423 272/435/422 271/437/424
f 319/436/423 271/437/424 318/438/425
f 318/438/425 271/437/424 270/439/426
f 318/438/425 270/439/426 317/440/427
f 317/440/427 270/439/426 269/441/428
f 317/440/427 269/441/428 316/442/429
f 316/442/429 269/441/428 268/443/430
f 316/442/429 268/443/430 315/444/431
f 315/444/431 268/443/430 267/445/432
f 315/444/431 267/445/432 314/446/433
f 314/446/433 267/445/432 266/447/434
f 314/446/433 266/447/434 313/448/435
f 313/448/435 266/447/434 265/449/436
f 313/448/435 265/449/436 312/450/437
f 312/450/437 265/449/436 264/451/438
f 312/450/437 264/451/438 311/452/439
f 311/452/439 264/451/438 263/453/440
f 311/452/439 263/453/440 310/454/441
f 310/454/441 263/453/440 262/455/442
f 310/454/441 262/455/442 309/456/443
f 309/456/443 262/455/442 261/457/444
f 309/458/443 261/459/444 308/460/445
f 308/460/445 261/459/444 260/461/446
f 308/460/445 260/461/446 307/462/447
f 307/462/447 260/461/446 259/463/448
f 307/462/447 259/463/448 306/464/449
f 306/464/449 259/463/448 258/465/450
f 306/464/449 258/465/450 305/466/451
f 305/466/451 258/465/450 257/467/452
f 305/466/451 257/467/452 304/468/453
f 304/468/453 257/467/452 256/469/454
f 304/468/453 256/469/454 303/470/455
f 303/470/455 256/469/454 255/471/456
f 303/470/455 255/471/456 302/472/457
f 302/472/457 255/471/456 254/473/458
f 302/472/457 254/473/458 301/474/459
f 301/474/459 254/473/458 253/475/460
f 301/474/459 253/475/460 300/476/461
f 300/476/461 253/475/460 252/477/462
f 300/476/461 252/477/462 299/478/463
f 299/478/463 252/477/462 251/479/464
f 299/478/463 251/479/464 298/430/417
f 298/430/417 251/479/464 250/431/418
f 322/480/465 404/481/466 321/482/467
f 321/482/467 404/481/466 363/483/468
f 321/482/467 363/483/468 362/484/469
f 362/484/469 363/483/468 364/485/470
f 362/484/469 364/485/470 361/486/471
f 361/486/471 364/485/470 365/487/472
f 361/486/471 365/487/472 360/488/473
f 360/488/473 365/487/472 366/489/474
f 360/488/473 366/489/474 359/490/475
f 359/490/475 366/489/474 367/491/476
f 359/490/475 367/491/476 358/492/477
f 358/492/477 367/491/476 368/493/478
f 358/492/477 368/493/478 357/494/479
f 357/494/479 368/493/478 369/495/480
f 357/494/479 369/495/480 356/496/481
f 356/496/481 369/495/480 370/497/482
f 356/496/481 370/497/482 355/498/483
f 355/498/483 370/497/482 371/499/484
f 355/498/483 371/499/484 354/500/485
f 354/500/485 371/499/484 372/501/486
f 354/500/485 372/501/486 353/502/487
f 353/502/487 372/501/486 373/503/488
f 353/502/487 373/503/488 352/504/489
f 352/504/489 373/503/488 374/505/490
f 352/504/489 374/505/490 351/506/491
f 351/506/491 374/505/490 375/507/492
f 351/506/491 375/507/492 350/508/493
f 350/508/493 375/507/492 376/509/494
f 350/508/493 376/509/494 349/510/495
f 349/510/495 376/509/494 377/511/496
f 349/510/495 377/511/496 348/512/497
f 348/512/497 377/511/496 378/513/498
f 348/512/497 378/513/498 347/514/499
f 347/514/499 378/513/498 379/515/500
f 347/514/499 379/515/500 346/516/501
f 346/516/501 379/515/500 380/517/502
f 346/516/501 380/517/502 345/518/503
f 345/518/503 380/517/502 381/519/504
f 345/518/503 381/519/504 344/520/505
f 344/520/505 381/519/504 382/521/506
f 344/520/505 382/521/506 343/522/507
f 343/522/507 382/521/506 383/523/508
f 343/522/507 383/523/508 342/524/509
f 342/524/509 383/523/508 384/525/510
f 342/526/509 384/527/510 341/528/511
f 341/528/511 384/527/510 385/529/512
f 341/528/511 385/529/512 340/530/513
f 340/530/513 385/529/512 386/531/514
f 340/530/513 386/531/514 339/532/515
f 339/532/515 386/531/514 387/533/516
f 339/532/515 387/533/516 338/534/517
f 338/534/517 387/533/516 388/535/518
f 338/534/517 388/535/518 337/536/519
f 337/536/519 388/535/518 389/537/520
f 337/536/519 389/537/520 336/538/521
f 336/538/521 389/537/520 390/539/522
f 336/538/521 390/539/522 335/540/523
f 335/540/523 390/539/522 391/541/524
f 335/540/523 391/541/524 334/542/525
f 334/542/525 391/541/524 392/543/526
f 334/542/525 392/543/526 333/544/527
f 333/544/527 392/543/526 393/545/528
f 333/544/527 393/545/528 332/546/529
f 332/546/529 393/545/528 394/547/530
f 332/546/529 394/547/530 331/548/531
f 331/548/531 394/547/530 395/549/532
f 331/548/531 395/549/532 330/550/533
f 330/550/533 395/549/532 396/551/534
f 330/550/533 396/551/534 329/552/535
f 329/552/535 396/551/534 397/553/536
f 329/552/535 397/553/536 328/554/537
f 328/554/537 397/553/536 398/555/538
f 328/554/537 398/555/538 327/556/539
f 327/556/539 398/555/538 399/557/540
f 327/556/539 399/557/540 326/558/541
f 326/558/541 399/557/540 400/559/542
f 326/558/541 400/559/542 325/560/543
f 325/560/543 400/559/542 401/561/544
f 325/560/543 401/561/544 324/562/545
f 324/562/545 401/561/544 402/563/546
f 324/562/545 402/563/546 323/564/547
f 323/564/547 402/563/546 403/565/548
f 323/564/547 403/565/548 322/480/465
f 322/480/465 403/565/548 404/481/466
f 406/566/549 455/567/550 405/568/551
f 405/568/551 455/567/550 456/569/552
f 405/568/551 456/569/552 457/570/553
f 455/567/550 406/566/549 454/571/554
f 454/571/554 406/566/549 407/572/555
f 454/571/554 407/572/555 453/573/556
f 453/573/556 407/572/555 452/574/557
f 452/574/557 407/572/555 408/575/558
f 452/574/557 408/575/558 451/576/559
f 451/576/559 408/575/558 409/577/560
f 451/576/559 409/577/560 450/578/561
f 450/578/561 409/577/560 449/579/562
f 449/579/562 409/577/560 410/580/563
f 449/579/562 410/580/563 448/581/564
f 448/581/564 410/580/563 556/582/565
f 448/581/564 556/582/565 557/583/566
f 411/584/567 552/585/568 410/580/563
f 410/580/563 552/585/568 553/586/569
f 410/580/563 553/586/569 554/587/570
f 412/588/571 546/589/572 411/584/567
f 411/584/567 546/589/572 547/590/573
f 411/584/567 547/590/573 551/591/574
f 551/591/574 547/590/573 548/592/575
f 551/591/574 548/592/575 550/593/576
f 550/593/576 548/592/575 549/594/577
f 549/594/577 548/592/575 447/595/578
f 546/589/572 412/588/571 545/596/579
f 545/596/579 412/588/571 413/597/580
f 545/596/579 413/597/580 544/598/581
f 544/598/581 413/597/580 543/599/582
f 543/599/582 413/597/580 414/600/583
f 543/599/582 414/600/583 542/601/584
f 542/601/584 414/600/583 415/602/585
f 542/601/584 415/602/585 541/603/586
f 541/603/586 415/602/585 540/604/587
f 540/604/587 415/602/585 416/605/588
f 540/604/587 416/605/588 539/606/589
f 539/606/589 416/605/588 538/607/590
f 538/607/590 416/605/588 417/608/591
f 538/607/590 417/608/591 537/609/592
f 537/609/592 417/608/591 418/610/593
f 537/609/592 418/610/593 536/611/594
f 536/611/594 418/610/593 535/612/595
f 535/612/595 418/610/593 419/613/596
f 535/612/595 419/613/596 534/614/597
f 534/614/597 419/613/596 420/615/598
f 534/614/597 420/615/598 533/616/599
f 533/616/599 420/615/598 532/617/600
f 532/617/600 420/615/598 529/618/601
f 532/617/600 529/618/601 530/619/602
f 529/618/601 420/615/598 528/620/603
f 528/620/603 420/615/598 421/621/604
f 528/620/603 421/621/604 527/622/605
f 527/622/605 421/621/604 526/623/606
f 526/623/606 421/621/604 525/624/607
f 525/624/607 421/621/604 524/625/608
f 524/625/608 421/621/604 519/626/609
f 524/625/608 519/626/609 520/627/610
f 421/621/604 422/628/611 519/626/609
f 519/626/609 422/628/611 518/629/612
f 518/629/612 422/628/611 517/630/613
f 517/630/613 422/628/611 423/631/614
f 517/630/613 423/631/614 516/632/615
f 516/632/615 423/631/614 424/633/616
f 516/632/615 424/633/616 515/634/617
f 515/634/617 424/633/616 514/635/618
f 514/635/618 424/633/616 425/636/619
f 514/635/618 425/636/619 513/637/620
f 513/637/620 425/636/619 426/638/621
f 513/637/620 426/638/621 512/639/622
f 512/640/622 426/641/621 511/642/623
f 511/642/623 426/641/621 427/643/624
f 511/642/623 427/643/624 510/644/625
f 510/644/625 427/643/624 428/645/626
f 510/644/625 428/645/626 509/646/627
f 509/646/627 428/645/626 508/647/628
f 508/647/628 428/645/626 429/648/629
f 508/647/628 429/648/629 507/649/630
f 507/649/630 429/648/629 430/650/631
f 507/649/630 430/650/631 506/651/632
f 506/651/632 430/650/631 505/652/633
f 505/652/633 430/650/631 431/653/634
f 505/652/633 431/653/634 504/654/635
f 504/654/635 431/653/634 501/655/636
f 504/654/635 501/655/636 502/656/637
f 432/657/638 497/658/639 431/653/634
f 431/653/634 497/658/639 498/659/640
f 431/653/634 498/659/640 499/660/641
f 433/661/642 490/662/643 432/657/638
f 432/657/638 490/662/643 491/663/644
f 432/657/638 491/663/644 496/664/645
f 496/664/645 491/663/644 492/665/646
f 496/664/645 492/665/646 495/666/647
f 495/666/647 492/665/646 494/667/648
f 494/667/648 492/665/646 493/668/649
f 490/662/643 433/661/642 489/669/650
f 489/669/650 433/661/642 434/670/651
f 489/669/650 434/670/651 488/671/652
f 488/671/652 434/670/651 487/672/653
f 487/672/653 434/670/651 435/673/654
f 487/672/653 435/673/654 486/674/655
f 486/674/655 435/673/654 436/675/656
f 486/674/655 436/675/656 485/676/657
f 485/676/657 436/675/656 484/677/658
f 484/677/658 436/675/656 437/678/659
f 484/677/658 437/678/659 483/679/660
f 483/679/660 437/678/659 482/680/661
f 482/680/661 437/678/659 438/681/662
f 482/680/661 438/681/662 481/682/663
f 481/682/663 438/681/662 439/683/664
f 481/682/663 439/683/664 480/684/665
f 480/684/665 439/683/664 479/685/666
f 479/685/666 439/683/664 440/686/667
f 479/685/666 440/686/667 478/687/668
f 478/687/668 440/686/667 441/688/669
f 478/687/668 441/688/669 477/689/670
f 477/689/670 441/688/669 476/690/671
f 476/690/671 441/688/669 473/691/672
f 476/690/671 473/691/672 474/692/673
f 473/691/672 441/688/669 472/693/674
f 472/693/674 441/688/669 442/694/675
f 472/693/674 442/694/675 471/695/676
f 471/695/676 442/694/675 470/696/677
f 470/696/677 442/694/675 469/697/678
f 469/697/678 442/694/675 468/698/679
f 468/698/679 442/694/675 463/699/680
f 468/698/679 463/699/680 464/700/681
f 442/694/675 443/701/682 463/699/680
f 463/699/680 443/701/682 462/702/683
f 462/702/683 443/701/682 461/703/684
f 461/703/684 443/701/682 444/704/685
f 461/703/684 444/704/685 460/705/686
f 460/705/686 444/704/685 445/706/687
f 460/705/686 445/706/687 459/707/688
f 459/707/688 445/706/687 458/708/689
f 458/708/689 445/706/687 446/709/690
f 458/708/689 446/709/690 457/570/553
f 457/570/553 446/709/690 405/568/551
f 447/595/578 448/581/564 558/710/691
f 558/710/691 448/581/564 557/583/566
f 465/711/692 466/712/693 464/700/681
f 464/700/681 466/712/693 467/713/694
f 464/700/681 467/713/694 468/698/679
f 474/692/673 475/714/695 476/690/671
f 476/690/671 475/714/695 465/711/692
f 496/664/645 497/658/639 432/657/638
f 499/660/641 500/715/696 431/653/634
f 431/653/634 500/715/696 501/655/636
f 502/656/637 503/716/697 504/654/635
f 504/654/635 503/716/697 493/668/649
f 521/717/698 522/718/699 520/627/610
f 520/627/610 522/718/699 523/719/700
f 520/627/610 523/719/700 524/625/608
f 530/619/602 531/720/701 532/617/600
f 532/617/600 531/720/701 521/717/698
f 551/591/574 552/585/568 411/584/567
f 554/587/570 555/721/702 410/580/563
f 410/580/563 555/721/702 556/582/565
f 497/722/703 559/723/704 498/724/705
f 498/724/705 559/723/704 499/725/706
f 499/725/706 559/723/704 560/726/707
f 499/725/706 560/726/707 500/727/708
f 562/728/709 563/729/710 561/730/711
f 561/730/711 563/729/710 565/731/712
f 565/731/712 563/729/710 564/732/713
f 564/733/714 559/734/715 565/735/716
f 565/735/716 559/734/715 568/736/717
f 568/736/717 559/734/715 497/737/718
f 568/736/717 497/737/718 566/738/719
f 566/738/719 497/737/718 496/739/720
f 566/738/719 567/740/721 568/736/717
f 562/741/722 561/742/723 560/743/724
f 560/743/724 561/742/723 569/744/725
f 560/743/724 569/744/725 500/745/726
f 500/745/726 569/744/725 571/746/727
f 500/745/726 571/746/727 501/747/728
f 569/744/725 570/748/729 571/746/727
f 525/749/730 572/750/731 526/751/732
f 526/751/732 572/750/731 527/752/733
f 527/752/733 572/750/731 573/753/734
f 527/752/733 573/753/734 528/754/735
f 575/755/736 572/756/737 574/757/738
f 574/757/738 572/756/737 578/758/739
f 578/758/739 572/756/737 525/759/740
f 578/758/739 525/759/740 576/760/741
f 576/760/741 525/759/740 524/761/742
f 576/760/741 577/762/743 578/758/739
f 580/763/744 581/764/745 579/765/746
f 579/765/746 581/764/745 574/766/747
f 574/766/747 581/764/745 575/767/748
f 580/768/749 579/769/750 573/770/751
f 573/770/751 579/769/750 582/771/752
f 573/770/751 582/771/752 528/772/753
f 528/772/753 582/771/752 584/773/754
f 528/772/753 584/773/754 529/774/755
f 582/771/752 583/775/756 584/773/754
f 552/776/757 585/777/758 553/778/759
f 553/778/759 585/777/758 554/779/760
f 554/779/760 585/777/758 586/780/761
f 554/779/760 586/780/761 555/781/762
f 588/782/763 585/783/764 587/784/765
f 587/784/765 585/783/764 591/785/766
f 591/785/766 585/783/764 552/786/767
f 591/785/766 552/786/767 589/787/768
f 589/787/768 552/786/767 551/788/769
f 589/787/768 590/789/770 591/785/766
f 593/790/771 594/791/772 592/792/773
f 592/792/773 594/791/772 587/793/774
f 587/793/774 594/791/772 588/794/775
f 593/795/776 592/796/777 586/797/778
f 586/797/778 592/796/777 595/798/779
f 586/797/778 595/798/779 555/799/780
f 555/799/780 595/798/779 597/800/781
f 555/799/780 597/800/781 556/801/782
f 595/798/779 596/802/783 597/800/781
f 469/803/784 598/804/785 470/805/786
f 470/805/786 598/804/785 471/806/787
f 471/806/787 598/804/785 599/807/788
f 471/806/787 599/807/788 472/808/789
f 601/809/790 598/810/791 600/811/792
f 600/811/792 598/810/791 604/812/793
f 604/812/793 598/810/791 469/813/794
f 604/812/793 469/813/794 602/814/795
f 602/814/795 469/813/794 468/815/796
f 602/814/795 603/816/797 604/812/793
f 606/817/798 607/818/799 605/819/800
f 605/819/800 607/818/799 600/820/801
f 600/820/801 607/818/799 601/821/802
f 606/822/803 605/823/804 599/824/805
f 599/824/805 605/823/804 608/825/806
f 599/824/805 608/825/806 472/826/807
f 472/826/807 608/825/806 610/827/808
f 472/826/807 610/827/808 473/828/809
f 608/825/806 609/829/810 610/827/808
f 608/830/811 611/831/812 609/832/813
f 609/832/813 611/831/812 612/833/814
f 612/833/814 611/831/812 568/834/815
f 612/833/814 568/834/815 567/835/816
f 595/836/817 613/837/818 596/838/819
f 596/838/819 613/837/818 614/839/820
f 614/839/820 613/837/818 604/840/821
f 614/839/820 604/840/821 603/841/822
f 582/842/823 615/843/824 583/844/825
f 583/844/825 615/843/824 616/845/826
f 616/845/826 615/843/824 591/846/827
f 616/845/826 591/846/827 590/847/828
usemtl Opaque(255,255,255)
f 322/848/829 321/849/830 624/850/831
f 624/850/831 321/849/830 362/851/832
f 624/850/831 362/851/832 361/852/833
f 361/852/833 360/853/834 624/850/831
f 624/850/831 360/853/834 359/854/835
f 624/850/831 359/854/835 623/855/836
f 623/855/836 359/854/835 358/856/837
f 623/855/836 358/856/837 357/857/838
f 357/857/838 356/858/839 623/855/836
f 623/855/836 356/858/839 622/859/840
f 622/859/840 356/858/839 355/860/841
f 622/859/840 355/860/841 354/861/842
f 354/861/842 353/862/843 622/859/840
f 622/859/840 353/862/843 352/863/844
f 622/859/840 352/863/844 351/864/845
f 351/864/845 350/865/846 622/859/840
f 622/859/840 350/865/846 349/866/847
f 622/859/840 349/866/847 621/867/848
f 621/867/848 349/866/847 348/868/849
f 621/867/848 348/868/849 347/869/850
f 347/869/850 346/870/851 621/867/848
f 621/867/848 346/870/851 620/871/852
f 620/871/852 346/870/851 345/872/853
f 620/871/852 345/872/853 344/873/854
f 344/873/854 343/874/855 620/871/852
f 620/871/852 343/874/855 342/875/856
f 620/871/852 342/875/856 341/876/857
f 341/876/857 340/877/858 620/871/852
f 620/871/852 340/877/858 339/878/859
f 620/871/852 339/878/859 338/879/860
f 620/871/852 338/879/860 619/880/861
f 619/880/861 338/879/860 337/881/862
f 619/880/861 337/881/862 336/882/863
f 336/882/863 335/883/864 619/880/861
f 619/880/861 335/883/864 618/884/865
f 618/884/865 335/883/864 334/885/866
f 618/884/865 334/885/866 333/886/867
f 333/886/867 332/887/868 618/884/865
f 618/884/865 332/887/868 331/888/869
f 618/884/865 331/888/869 330/889/870
f 330/889/870 329/890/871 618/884/865
f 618/884/865 329/890/871 328/891/872
f 618/884/865 328/891/872 617/892/873
f 617/892/873 328/891/872 327/893/874
f 617/892/873 327/893/874 326/894/875
f 326/894/875 325/895/876 617/892/873
f 617/892/873 325/895/876 624/850/831
f 624/850/831 325/895/876 324/896/877
f 624/850/831 324/896/877 323/897/878
f 323/897/878 322/848/829 624/850/831
usemtl Opaque(76,76,76)
f 404/898/879 457/899/880 363/900/881
f 363/900/881 457/899/880 456/901/882
f 363/900/881 456/901/882 455/902/883
f 457/899/880 404/898/879 458/903/884
f 458/903/884 404/898/879 403/904/885
f 458/903/884 403/904/885 459/905/886
f 459/905/886 403/904/885 460/906/887
f 460/906/887 403/904/885 402/907/888
f 460/906/887 402/907/888 461/908/889
f 461/908/889 402/907/888 401/909/890
f 461/908/889 401/909/890 462/910/891
f 462/910/891 401/909/890 463/911/892
f 463/911/892 401/909/890 400/912/893
f 463/911/892 400/912/893 464/913/894
f 464/913/894 400/912/893 465/914/895
f 465/914/895 400/912/893 476/915/896
f 476/915/896 400/912/893 399/916/897
f 476/915/896 399/916/897 477/917/898
f 477/917/898 399/916/897 478/918/899
f 478/918/899 399/916/897 398/919/900
f 478/918/899 398/919/900 479/920/901
f 479/920/901 398/919/900 397/921/902
f 479/920/901 397/921/902 480/922/903
f 480/922/903 397/921/902 481/923/904
f 481/923/904 397/921/902 396/924/905
f 481/923/904 396/924/905 482/925/906
f 482/925/906 396/924/905 395/926/907
f 482/925/906 395/926/907 483/927/908
f 483/927/908 395/926/907 484/928/909
f 484/928/909 395/926/907 394/929/910
f 484/928/909 394/929/910 485/930/911
f 485/930/911 394/929/910 486/931/912
f 486/931/912 394/929/910 393/932/913
f 486/931/912 393/932/913 487/933/914
f 487/933/914 393/932/913 392/934/915
f 487/933/914 392/934/915 488/935/916
f 488/935/916 392/934/915 489/936/917
f 489/936/917 392/934/915 391/937/918
f 489/936/917 391/937/918 490/938/919
f 490/938/919 391/937/918 390/939/920
f 490/938/919 390/939/920 491/940/921
f 491/940/921 390/939/920 492/941/922
f 492/941/922 390/939/920 389/942/923
f 492/941/922 389/942/923 493/943/924
f 493/943/924 389/942/923 504/944/925
f 504/944/925 389/942/923 505/945/926
f 505/945/926 389/942/923 388/946/927
f 505/945/926 388/946/927 506/947/928
f 506/947/928 388/946/927 507/948/929
f 507/948/929 388/946/927 387/949/930
f 507/948/929 387/949/930 508/950/931
f 508/950/931 387/949/930 386/951/932
f 508/950/931 386/951/932 509/952/933
f 509/952/933 386/951/932 510/953/934
f 510/953/934 386/951/932 385/954/935
f 510/953/934 385/954/935 511/955/936
f 511/955/936 385/954/935 384/956/937
f 511/955/936 384/956/937 512/957/938
f 512/957/938 384/956/937 513/958/939
f 513/958/939 384/956/937 383/959/940
f 513/958/939 383/959/940 514/960/941
f 514/960/941 383/959/940 382/961/942
f 514/960/941 382/961/942 515/962/943
f 515/962/943 382/961/942 516/963/944
f 516/963/944 382/961/942 381/964/945
f 516/963/944 381/964/945 517/965/946
f 517/965/946 381/964/945 380/966/947
f 517/965/946 380/966/947 518/967/948
f 518/967/948 380/966/947 519/968/949
f 519/968/949 380/966/947 379/969/950
f 519/968/949 379/969/950 520/970/951
f 520/970/951 379/969/950 521/971/952
f 521/971/952 379/969/950 532/972/953
f 532/972/953 379/969/950 378/973/954
f 532/972/953 378/973/954 533/974/955
f 533/974/955 378/973/954 534/975/956
f 534/975/956 378/973/954 377/976/957
f 534/975/956 377/976/957 535/977/958
f 535/977/958 377/976/957 376/978/959
f 535/977/958 376/978/959 536/979/960
f 536/979/960 376/978/959 537/980/961
f 537/980/961 376/978/959 375/981/962
f 537/980/961 375/981/962 538/982/963
f 538/982/963 375/981/962 374/983/964
f 538/982/963 374/983/964 539/984/965
f 539/984/965 374/983/964 540/985/966
f 540/985/966 374/983/964 373/986/967
f 540/985/966 373/986/967 541/987/968
f 541/987/968 373/986/967 542/988/969
f 542/988/969 373/986/967 372/989/970
f 542/988/969 372/989/970 543/990/971
f 543/990/971 372/989/970 371/991/972
f 543/990/971 371/991/972 544/992/973
f 544/992/973 371/991/972 545/993/974
f 545/993/974 371/991/972 370/994/975
f 545/993/974 370/994/975 546/995/976
f 546/995/976 370/994/975 369/996/977
f 546/995/976 369/996/977 547/997/978
f 547/997/978 369/996/977 548/998/979
f 548/998/979 369/996/977 368/999/980
f 548/998/979 368/999/980 447/1000/981
f 447/1000/981 368/999/980 448/1001/982
f 448/1001/982 368/999/980 449/1002/983
f 449/1002/983 368/999/980 367/1003/984
f 449/1002/983 367/1003/984 450/1004/985
f 450/1004/985 367/1003/984 451/1005/986
f 451/1005/986 367/1003/984 366/1006/987
f 451/1005/986 366/1006/987 452/1007/988
f 452/1007/988 366/1006/987 365/1008/989
f 452/1007/988 365/1008/989 453/1009/990
f 453/1009/990 365/1008/989 454/1010/991
f 454/1010/991 365/1008/989 364/1011/992
f 454/1010/991 364/1011/992 455/902/883
f 455/902/883 364/1011/992 363/900/881
f 496/1012/993 495/1013/994 566/1014/995
f 566/1014/995 495/1013/994 494/1015/996
f 566/1014/995 494/1015/996 493/1016/997
f 566/1014/995 493/1016/997 571/1017/998
f 571/1017/998 493/1016/997 503/1018/999
f 571/1017/998 503/1018/999 502/1019/1000
f 502/1019/1000 501/1020/1001 571/1017/998
f 614/1021/1002 95/1022/1003 596/1023/1004
f 596/1023/1004 95/1022/1003 94/1024/1005
f 596/1023/1004 94/1024/1005 93/1025/1006
f 603/1026/1007 307/1027/1008 614/1021/1002
f 614/1021/1002 307/1027/1008 306/1028/1009
f 614/1021/1002 306/1028/1009 305/1029/1010
f 602/1030/1011 609/1031/1012 603/1026/1007
f 603/1026/1007 609/1031/1012 312/1032/1013
f 603/1026/1007 312/1032/1013 311/1033/1014
f 602/1030/1011 610/1034/1015 609/1031/1012
f 612/1035/1016 317/1036/1017 609/1031/1012
f 609/1031/1012 317/1036/1017 316/1037/1018
f 609/1031/1012 316/1037/1018 315/1038/1019
f 567/1039/1020 241/1040/1021 612/1035/1016
f 612/1035/1016 241/1040/1021 240/1041/1022
f 612/1035/1016 240/1041/1022 239/1042/1023
f 566/1043/1024 571/1044/1025 567/1039/1020
f 567/1039/1020 571/1044/1025 570/1045/1026
f 567/1039/1020 570/1045/1026 246/1046/1027
f 246/1046/1027 570/1045/1026 247/1047/1028
f 247/1047/1028 570/1045/1026 248/1048/1029
f 248/1048/1029 570/1045/1026 225/1049/1030
f 225/1049/1030 570/1045/1026 226/1050/1031
f 226/1050/1031 570/1045/1026 227/1051/1032
f 227/1051/1032 570/1045/1026 625/1052/1033
f 227/1051/1032 625/1052/1033 228/1053/1034
f 228/1053/1034 625/1052/1033 229/1054/1035
f 229/1054/1035 625/1052/1033 230/1055/1036
f 230/1055/1036 625/1052/1033 626/1056/1037
f 230/1055/1036 626/1056/1037 231/1057/1038
f 231/1057/1038 626/1056/1037 232/1058/1039
f 232/1058/1039 626/1056/1037 233/1059/1040
f 233/1059/1040 626/1056/1037 234/1060/1041
f 234/1060/1041 626/1056/1037 235/1061/1042
f 235/1061/1042 626/1056/1037 236/1062/1043
f 236/1062/1043 626/1056/1037 237/1063/1044
f 237/1063/1044 626/1056/1037 238/1064/1045
f 238/1064/1045 626/1056/1037 612/1035/1016
f 238/1064/1045 612/1035/1016 239/1042/1023
f 577/1065/1046 175/1066/1047 625/1052/1033
f 625/1052/1033 175/1066/1047 174/1067/1048
f 625/1052/1033 174/1067/1048 173/1068/1049
f 576/1069/1050 583/1070/1051 577/1065/1046
f 577/1065/1046 583/1070/1051 156/1071/1052
f 577/1065/1046 156/1071/1052 155/1072/1053
f 576/1069/1050 584/1073/1054 583/1070/1051
f 616/1074/1055 161/1075/1056 583/1070/1051
f 583/1070/1051 161/1075/1056 160/1076/1057
f 583/1070/1051 160/1076/1057 159/1077/1058
f 590/1078/1059 85/1079/1060 616/1074/1055
f 616/1074/1055 85/1079/1060 84/1080/1061
f 616/1074/1055 84/1080/1061 83/1081/1062
f 589/1082/1063 597/1083/1064 590/1078/1059
f 590/1078/1059 597/1083/1064 596/1023/1004
f 590/1078/1059 596/1023/1004 90/1084/1065
f 90/1084/1065 596/1023/1004 91/1085/1066
f 91/1085/1066 596/1023/1004 92/1086/1067
f 92/1086/1067 596/1023/1004 93/1025/1006
f 626/1056/1037 627/1087/1068 612/1035/1016
f 612/1035/1016 627/1087/1068 320/1088/1069
f 612/1035/1016 320/1088/1069 319/1089/1070
f 628/1090/1071 614/1021/1002 627/1087/1068
f 627/1087/1068 614/1021/1002 304/1091/1072
f 627/1087/1068 304/1091/1072 303/1092/1073
f 629/1093/1074 616/1074/1055 628/1090/1071
f 628/1090/1071 616/1074/1055 82/1094/1075
f 628/1090/1071 82/1094/1075 81/1095/1076
f 626/1056/1037 625/1052/1033 629/1093/1074
f 629/1093/1074 625/1052/1033 172/1096/1077
f 629/1093/1074 172/1096/1077 171/1097/1078
f 81/1095/1076 104/1098/1079 628/1090/1071
f 628/1090/1071 104/1098/1079 103/1099/1080
f 628/1090/1071 103/1099/1080 102/1100/1081
f 102/1100/1081 101/1101/1082 628/1090/1071
f 628/1090/1071 101/1101/1082 100/1102/1083
f 628/1090/1071 100/1102/1083 99/1103/1084
f 99/1103/1084 98/1104/1085 628/1090/1071
f 628/1090/1071 98/1104/1085 614/1021/1002
f 98/1104/1085 97/1105/1086 614/1021/1002
f 614/1021/1002 97/1105/1086 96/1106/1087
f 614/1021/1002 96/1106/1087 95/1022/1003
f 90/1084/1065 89/1107/1088 590/1078/1059
f 590/1078/1059 89/1107/1088 88/1108/1089
f 590/1078/1059 88/1108/1089 87/1109/1090
f 87/1109/1090 86/1110/1091 590/1078/1059
f 590/1078/1059 86/1110/1091 85/1079/1060
f 83/1081/1062 82/1094/1075 616/1074/1055
f 154/1111/1092 153/1112/1093 577/1065/1046
f 577/1065/1046 153/1112/1093 176/1113/1094
f 577/1065/1046 176/1113/1094 175/1066/1047
f 173/1068/1049 172/1096/1077 625/1052/1033
f 171/1097/1078 170/1114/1095 629/1093/1074
f 629/1093/1074 170/1114/1095 169/1115/1096
f 629/1093/1074 169/1115/1096 168/1116/1097
f 168/1116/1097 167/1117/1098 629/1093/1074
f 629/1093/1074 167/1117/1098 166/1118/1099
f 629/1093/1074 166/1118/1099 165/1119/1100
f 165/1119/1100 164/1120/1101 629/1093/1074
f 629/1093/1074 164/1120/1101 616/1074/1055
f 164/1120/1101 163/1121/1102 616/1074/1055
f 616/1074/1055 163/1121/1102 162/1122/1103
f 616/1074/1055 162/1122/1103 161/1075/1056
f 159/1077/1058 158/1123/1104 583/1070/1051
f 583/1070/1051 158/1123/1104 157/1124/1105
f 583/1070/1051 157/1124/1105 156/1071/1052
f 155/1072/1053 154/1111/1092 577/1065/1046
f 246/1046/1027 245/1125/1106 567/1039/1020
f 567/1039/1020 245/1125/1106 244/1126/1107
f 567/1039/1020 244/1126/1107 243/1127/1108
f 243/1127/1108 242/1128/1109 567/1039/1020
f 567/1039/1020 242/1128/1109 241/1040/1021
f 298/1129/1110 297/1130/1111 627/1087/1068
f 627/1087/1068 297/1130/1111 320/1088/1069
f 319/1089/1070 318/1131/1112 612/1035/1016
f 612/1035/1016 318/1131/1112 317/1036/1017
f 315/1038/1019 314/1132/1113 609/1031/1012
f 609/1031/1012 314/1132/1113 313/1133/1114
f 609/1031/1012 313/1133/1114 312/1032/1013
f 311/1033/1014 310/1134/1115 603/1026/1007
f 603/1026/1007 310/1134/1115 309/1135/1116
f 603/1026/1007 309/1135/1116 308/1136/1117
f 308/1136/1117 307/1027/1008 603/1026/1007
f 305/1029/1010 304/1091/1072 614/1021/1002
f 303/1092/1073 302/1137/1118 627/1087/1068
f 627/1087/1068 302/1137/1118 301/1138/1119
f 627/1087/1068 301/1138/1119 300/1139/1120
f 300/1139/1120 299/1140/1121 627/1087/1068
f 627/1087/1068 299/1140/1121 298/1129/1110
f 569/1141/1122 630/1142/1123 570/1143/1124
f 570/1143/1124 630/1142/1123 625/1144/1125
f 625/1144/1125 630/1142/1123 578/1145/1126
f 625/1144/1125 578/1145/1126 577/1146/1127
f 604/1147/1128 286/1148/1129 600/1149/1130
f 600/1149/1130 286/1148/1129 285/1150/1131
f 600/1149/1130 285/1150/1131 284/1151/1132
f 286/1148/1129 604/1147/1128 287/1152/1133
f 287/1152/1133 604/1147/1128 613/1153/1134
f 287/1152/1133 613/1153/1134 288/1154/1135
f 288/1154/1135 613/1153/1134 289/1155/1136
f 289/1155/1136 613/1153/1134 290/1156/1137
f 290/1156/1137 613/1153/1134 632/1157/1138
f 290/1156/1137 632/1157/1138 291/1158/1139
f 291/1158/1139 632/1157/1138 292/1159/1140
f 292/1159/1140 632/1157/1138 293/1160/1141
f 293/1160/1141 632/1157/1138 294/1161/1142
f 294/1161/1142 632/1157/1138 295/1162/1143
f 295/1162/1143 632/1157/1138 296/1163/1144
f 296/1163/1144 632/1157/1138 273/1164/1145
f 273/1164/1145 632/1157/1138 274/1165/1146
f 274/1165/1146 632/1157/1138 611/1166/1147
f 274/1165/1146 611/1166/1147 275/1167/1148
f 275/1167/1148 611/1166/1147 276/1168/1149
f 276/1168/1149 611/1166/1147 277/1169/1150
f 277/1169/1150 611/1166/1147 608/1170/1151
f 277/1169/1150 608/1170/1151 278/1171/1152
f 278/1171/1152 608/1170/1151 605/1172/1153
f 278/1171/1152 605/1172/1153 279/1173/1154
f 279/1173/1154 605/1172/1153 280/1174/1155
f 280/1174/1155 605/1172/1153 281/1175/1156
f 281/1175/1156 605/1172/1153 282/1176/1157
f 282/1176/1157 605/1172/1153 600/1149/1130
f 282/1176/1157 600/1149/1130 283/1177/1158
f 283/1177/1158 600/1149/1130 284/1151/1132
f 595/1178/1159 67/1179/1160 613/1153/1134
f 613/1153/1134 67/1179/1160 66/1180/1161
f 613/1153/1134 66/1180/1161 65/1181/1162
f 67/1179/1160 595/1178/1159 68/1182/1163
f 68/1182/1163 595/1178/1159 592/1183/1164
f 68/1182/1163 592/1183/1164 69/1184/1165
f 69/1184/1165 592/1183/1164 70/1185/1166
f 70/1185/1166 592/1183/1164 71/1186/1167
f 71/1186/1167 592/1183/1164 72/1187/1168
f 72/1187/1168 592/1183/1164 587/1188/1169
f 72/1187/1168 587/1188/1169 73/1189/1170
f 73/1189/1170 587/1188/1169 74/1190/1171
f 74/1190/1171 587/1188/1169 75/1191/1172
f 75/1191/1172 587/1188/1169 76/1192/1173
f 76/1192/1173 587/1188/1169 591/1193/1174
f 76/1192/1173 591/1193/1174 77/1194/1175
f 77/1194/1175 591/1193/1174 615/1195/1176
f 77/1194/1175 615/1195/1176 78/1196/1177
f 78/1196/1177 615/1195/1176 79/1197/1178
f 79/1197/1178 615/1195/1176 80/1198/1179
f 80/1198/1179 615/1195/1176 631/1199/1180
f 80/1198/1179 631/1199/1180 57/1200/1181
f 57/1200/1181 631/1199/1180 58/1201/1182
f 58/1201/1182 631/1199/1180 59/1202/1183
f 59/1202/1183 631/1199/1180 60/1203/1184
f 60/1203/1184 631/1199/1180 61/1204/1185
f 61/1204/1185 631/1199/1180 62/1205/1186
f 62/1205/1186 631/1199/1180 63/1206/1187
f 63/1206/1187 631/1199/1180 64/1207/1188
f 64/1207/1188 631/1199/1180 613/1153/1134
f 64/1207/1188 613/1153/1134 65/1181/1162
f 582/1208/1189 145/1209/1190 615/1195/1176
f 615/1195/1176 145/1209/1190 144/1210/1191
f 615/1195/1176 144/1210/1191 143/1211/1192
f 145/1209/1190 582/1208/1189 146/1212/1193
f 146/1212/1193 582/1208/1189 579/1213/1194
f 146/1212/1193 579/1213/1194 147/1214/1195
f 147/1214/1195 579/1213/1194 148/1215/1196
f 148/1215/1196 579/1213/1194 149/1216/1197
f 149/1216/1197 579/1213/1194 150/1217/1198
f 150/1217/1198 579/1213/1194 574/1218/1199
f 150/1217/1198 574/1218/1199 151/1219/1200
f 151/1219/1200 574/1218/1199 152/1220/1201
f 152/1220/1201 574/1218/1199 129/1221/1202
f 129/1221/1202 574/1218/1199 130/1222/1203
f 130/1222/1203 574/1218/1199 578/1223/1204
f 130/1222/1203 578/1223/1204 131/1224/1205
f 131/1224/1205 578/1223/1204 630/1225/1206
f 131/1224/1205 630/1225/1206 132/1226/1207
f 132/1226/1207 630/1225/1206 133/1227/1208
f 133/1227/1208 630/1225/1206 134/1228/1209
f 134/1228/1209 630/1225/1206 634/1229/1210
f 134/1228/1209 634/1229/1210 135/1230/1211
f 135/1230/1211 634/1229/1210 136/1231/1212
f 136/1231/1212 634/1229/1210 137/1232/1213
f 137/1232/1213 634/1229/1210 138/1233/1214
f 138/1233/1214 634/1229/1210 139/1234/1215
f 139/1234/1215 634/1229/1210 140/1235/1216
f 140/1235/1216 634/1229/1210 141/1236/1217
f 141/1236/1217 634/1229/1210 142/1237/1218
f 142/1237/1218 634/1229/1210 615/1195/1176
f 142/1237/1218 615/1195/1176 143/1211/1192
f 569/1238/1219 223/1239/1220 630/1225/1206
f 630/1225/1206 223/1239/1220 222/1240/1221
f 630/1225/1206 222/1240/1221 221/1241/1222
f 223/1239/1220 569/1238/1219 224/1242/1223
f 224/1242/1223 569/1238/1219 561/1243/1224
f 224/1242/1223 561/1243/1224 201/1244/1225
f 201/1244/1225 561/1243/1224 202/1245/1226
f 202/1245/1226 561/1243/1224 203/1246/1227
f 203/1246/1227 561/1243/1224 204/1247/1228
f 204/1247/1228 561/1243/1224 565/1248/1229
f 204/1247/1228 565/1248/1229 205/1249/1230
f 205/1249/1230 565/1248/1229 206/1250/1231
f 206/1250/1231 565/1248/1229 207/1251/1232
f 207/1251/1232 565/1248/1229 208/1252/1233
f 208/1252/1233 565/1248/1229 568/1253/1234
f 208/1252/1233 568/1253/1234 209/1254/1235
f 209/1254/1235 568/1253/1234 611/1166/1147
f 209/1254/1235 611/1166/1147 210/1255/1236
f 210/1255/1236 611/1166/1147 211/1256/1237
f 211/1256/1237 611/1166/1147 212/1257/1238
f 212/1257/1238 611/1166/1147 633/1258/1239
f 212/1257/1238 633/1258/1239 213/1259/1240
f 213/1259/1240 633/1258/1239 214/1260/1241
f 214/1260/1241 633/1258/1239 215/1261/1242
f 215/1261/1242 633/1258/1239 216/1262/1243
f 216/1262/1243 633/1258/1239 217/1263/1244
f 217/1263/1244 633/1258/1239 218/1264/1245
f 218/1264/1245 633/1258/1239 219/1265/1246
f 219/1265/1246 633/1258/1239 220/1266/1247
f 220/1266/1247 633/1258/1239 630/1225/1206
f 220/1266/1247 630/1225/1206 221/1241/1222
f 631/1199/1180 632/1157/1138 613/1153/1134
f 632/1157/1138 633/1258/1239 611/1166/1147
f 633/1258/1239 634/1229/1210 630/1225/1206
f 634/1229/1210 631/1199/1180 615/1195/1176
f 627/1267/1248 626/1268/1249 632/1269/1250
f 632/1269/1250 626/1268/1249 633/1270/1251
f 628/1271/1252 627/1272/1253 631/1273/1254
f 631/1273/1254 627/1272/1253 632/1274/1255
f 629/1275/1256 628/1276/1257 634/1277/1258
f 634/1277/1258 628/1276/1257 631/1278/1259
f 626/1279/1260 629/1280/1261 633/1281/1262
f 633/1281/1262 629/1280/1261 634/1282/1263
f 524/1283/1264 523/1284/1265 576/1285/1266
f 576/1285/1266 523/1284/1265 522/1286/1267
f 576/1285/1266 522/1286/1267 521/1287/1268
f 576/1285/1266 521/1287/1268 584/1288/1269
f 584/1288/1269 521/1287/1268 531/1289/1270
f 584/1288/1269 531/1289/1270 530/1290/1271
f 530/1290/1271 529/1291/1272 584/1288/1269
f 551/1292/1273 550/1293/1274 589/1294/1275
f 589/1294/1275 550/1293/1274 549/1295/1276
f 589/1294/1275 549/1295/1276 447/1296/1277
f 589/1294/1275 447/1296/1277 597/1297/1278
f 597/1297/1278 447/1296/1277 558/1298/1279
f 597/1297/1278 558/1298/1279 557/1299/1280
f 557/1299/1280 556/1300/1281 597/1297/1278
f 468/1301/1282 467/1302/1283 602/1303/1284
f 602/1303/1284 467/1302/1283 466/1304/1285
f 602/1303/1284 466/1304/1285 465/1305/1286
f 602/1303/1284 465/1305/1286 610/1306/1287
f 610/1306/1287 465/1305/1286 475/1307/1288
f 610/1306/1287 475/1307/1288 474/1308/1289
f 474/1308/1289 473/1309/1290 610/1306/1287
f 406/1310/1291 405/1311/1292 636/1312/1293
f 636/1312/1293 405/1311/1292 446/1313/1294
f 636/1312/1293 446/1313/1294 445/1314/1295
f 445/1314/1295 444/1315/1296 636/1312/1293
f 636/1312/1293 444/1315/1296 443/1316/1297
f 636/1312/1293 443/1316/1297 601/1317/1298
f 601/1317/1298 443/1316/1297 598/1318/1299
f 598/1318/1299 443/1316/1297 442/1319/1300
f 598/1318/1299 442/1319/1300 599/1320/1301
f 599/1320/1301 442/1319/1300 441/1321/1302
f 599/1320/1301 441/1321/1302 606/1322/1303
f 606/1322/1303 441/1321/1302 440/1323/1304
f 606/1322/1303 440/1323/1304 635/1324/1305
f 635/1324/1305 440/1323/1304 439/1325/1306
f 635/1324/1305 439/1325/1306 438/1326/1307
f 438/1326/1307 437/1327/1308 635/1324/1305
f 635/1324/1305 437/1327/1308 436/1328/1309
f 635/1324/1305 436/1328/1309 435/1329/1310
f 435/1329/1310 434/1330/1311 635/1324/1305
f 635/1324/1305 434/1330/1311 433/1331/1312
f 635/1324/1305 433/1331/1312 564/1332/1313
f 564/1332/1313 433/1331/1312 432/1333/1314
f 564/1332/1313 432/1333/1314 559/1334/1315
f 559/1334/1315 432/1333/1314 431/1335/1316
f 559/1334/1315 431/1335/1316 560/1336/1317
f 560/1336/1317 431/1335/1316 430/1337/1318
f 560/1336/1317 430/1337/1318 562/1338/1319
f 562/1338/1319 430/1337/1318 638/1339/1320
f 562/1338/1319 638/1339/1320 563/1340/1321
f 430/1337/1318 429/1341/1322 638/1339/1320
f 638/1339/1320 429/1341/1322 428/1342/1323
f 638/1339/1320 428/1342/1323 427/1343/1324
f 427/1343/1324 426/1344/1325 638/1339/1320
f 638/1339/1320 426/1344/1325 425/1345/1326
f 638/1339/1320 425/1345/1326 424/1346/1327
f 424/1346/1327 423/1347/1328 638/1339/1320
f 638/1339/1320 423/1347/1328 422/1348/1329
f 638/1339/1320 422/1348/1329 575/1349/1330
f 575/1349/1330 422/1348/1329 572/1350/1331
f 572/1350/1331 422/1348/1329 421/1351/1332
f 572/1350/1331 421/1351/1332 573/1352/1333
f 573/1352/1333 421/1351/1332 420/1353/1334
f 573/1352/1333 420/1353/1334 580/1354/1335
f 580/1354/1335 420/1353/1334 419/1355/1336
f 580/1354/1335 419/1355/1336 637/1356/1337
f 637/1356/1337 419/1355/1336 418/1357/1338
f 637/1356/1337 418/1357/1338 639/1358/1339
f 639/1358/1339 418/1357/1338 417/1359/1340
f 639/1358/1339 417/1359/1340 416/1360/1341
f 416/1360/1341 415/1361/1342 639/1358/1339
f 639/1358/1339 415/1361/1342 414/1362/1343
f 639/1358/1339 414/1362/1343 413/1363/1344
f 639/1358/1339 413/1363/1344 637/1356/1337
f 637/1356/1337 413/1363/1344 412/1364/1345
f 637/1356/1337 412/1364/1345 588/1365/1346
f 588/1365/1346 412/1364/1345 411/1366/1347
f 588/1365/1346 411/1366/1347 585/1367/1348
f 585/1367/1348 411/1366/1347 410/1368/1349
f 585/1367/1348 410/1368/1349 586/1369/1350
f 586/1369/1350 410/1368/1349 409/1370/1351
f 586/1369/1350 409/1370/1351 593/1371/1352
f 593/1371/1352 409/1370/1351 636/1312/1293
f 593/1371/1352 636/1312/1293 594/1372/1353
f 409/1370/1351 408/1373/1354 636/1312/1293
f 636/1312/1293 408/1373/1354 407/1374/1355
f 636/1312/1293 407/1374/1355 406/1310/1291
f 564/1332/1313 563/1340/1321 635/1324/1305
f 635/1324/1305 607/1375/1356 606/1322/1303
f 601/1317/1298 607/1375/1356 636/1312/1293
f 588/1365/1346 594/1372/1353 637/1356/1337
f 637/1356/1337 581/1376/1357 580/1354/1335
f 575/1349/1330 581/1376/1357 638/1339/1320
f 623/1377/1358 622/1378/1359 594/1379/1360
f 594/1379/1360 622/1378/1359 637/1380/1361
f 637/1380/1361 622/1378/1359 621/1381/1362
f 637/1380/1361 621/1381/1362 581/1382/1363
f 617/1383/1364 624/1384/1365 607/1385/1366
f 607/1385/1366 624/1384/1365 636/1386/1367
f 636/1386/1367 624/1384/1365 623/1387/1368
f 636/1386/1367 623/1387/1368 594/1388/1369
f 619/1389/1370 618/1390/1371 563/1391/1372
f 563/1391/1372 618/1390/1371 635/1392/1373
f 635/1392/1373 618/1390/1371 617/1393/1374
f 635/1392/1373 617/1393/1374 607/1394/1375
f 621/1395/1376 620/1396/1377 581/1397/1378
f 581/1397/1378 620/1396/1377 638/1398/1379
f 638/1398/1379 620/1396/1377 619/1399/1380
f 638/1398/1379 619/1399/1380 563/1400/1381
# 639 vertices
# 1400 texture params
# 1381 normals
# 1326 facets

# 2 groups
