# WaveFront *.obj file (generated by Autodesk ATF)

mtllib ActiveMarker_screen.mtl

g Body1

v -5.000000 2.970000 4.785000
v -5.055646 2.970000 4.792326
v -5.107500 2.970000 4.813805
v -5.152028 2.970000 4.847972
v -5.186195 2.970000 4.892500
v -5.207674 2.970000 4.944354
v -5.215000 2.970000 5.000000
v -5.207674 2.970000 5.055646
v -5.186195 2.970000 5.107500
v -5.152028 2.970000 5.152028
v -5.107500 2.970000 5.186195
v -5.055646 2.970000 5.207674
v -5.000000 2.970000 5.215000
v -4.944354 2.970000 5.207674
v -4.892500 2.970000 5.186195
v -4.847972 2.970000 5.152028
v -4.813805 2.970000 5.107500
v -4.792326 2.970000 5.055646
v -4.785000 2.970000 5.000000
v -4.792326 2.970000 4.944354
v -4.813805 2.970000 4.892500
v -4.847972 2.970000 4.847972
v -4.892500 2.970000 4.813805
v -4.944354 2.970000 4.792326
v -5.000000 2.660000 4.785000
v -4.944354 2.660000 4.792326
v -4.892500 2.660000 4.813805
v -4.847972 2.660000 4.847972
v -4.813805 2.660000 4.892500
v -4.792326 2.660000 4.944354
v -4.785000 2.660000 5.000000
v -4.792326 2.660000 5.055646
v -4.813805 2.660000 5.107500
v -4.847972 2.660000 5.152028
v -4.892500 2.660000 5.186195
v -4.944354 2.660000 5.207674
v -5.000000 2.660000 5.215000
v -5.055646 2.660000 5.207674
v -5.107500 2.660000 5.186195
v -5.152028 2.660000 5.152028
v -5.186195 2.660000 5.107500
v -5.207674 2.660000 5.055646
v -5.215000 2.660000 5.000000
v -5.207674 2.660000 4.944354
v -5.186195 2.660000 4.892500
v -5.152028 2.660000 4.847972
v -5.107500 2.660000 4.813805
v -5.055646 2.660000 4.792326
v 5.000000 2.970000 4.785000
v 4.944354 2.970000 4.792326
v 4.892500 2.970000 4.813805
v 4.847972 2.970000 4.847972
v 4.813805 2.970000 4.892500
v 4.792326 2.970000 4.944354
v 4.785000 2.970000 5.000000
v 4.792326 2.970000 5.055646
v 4.813805 2.970000 5.107500
v 4.847972 2.970000 5.152028
v 4.892500 2.970000 5.186195
v 4.944354 2.970000 5.207674
v 5.000000 2.970000 5.215000
v 5.055646 2.970000 5.207674
v 5.107500 2.970000 5.186195
v 5.152028 2.970000 5.152028
v 5.186195 2.970000 5.107500
v 5.207674 2.970000 5.055646
v 5.215000 2.970000 5.000000
v 5.207674 2.970000 4.944354
v 5.186195 2.970000 4.892500
v 5.152028 2.970000 4.847972
v 5.107500 2.970000 4.813805
v 5.055646 2.970000 4.792326
v 5.000000 2.660000 4.785000
v 5.055646 2.660000 4.792326
v 5.107500 2.660000 4.813805
v 5.152028 2.660000 4.847972
v 5.186195 2.660000 4.892500
v 5.207674 2.660000 4.944354
v 5.215000 2.660000 5.000000
v 5.207674 2.660000 5.055646
v 5.186195 2.660000 5.107500
v 5.152028 2.660000 5.152028
v 5.107500 2.660000 5.186195
v 5.055646 2.660000 5.207674
v 5.000000 2.660000 5.215000
v 4.944354 2.660000 5.207674
v 4.892500 2.660000 5.186195
v 4.847972 2.660000 5.152028
v 4.813805 2.660000 5.107500
v 4.792326 2.660000 5.055646
v 4.785000 2.660000 5.000000
v 4.792326 2.660000 4.944354
v 4.813805 2.660000 4.892500
v 4.847972 2.660000 4.847972
v 4.892500 2.660000 4.813805
v 4.944354 2.660000 4.792326
v 5.000000 2.970000 -5.215000
v 4.944354 2.970000 -5.207674
v 4.892500 2.970000 -5.186195
v 4.847972 2.970000 -5.152028
v 4.813805 2.970000 -5.107500
v 4.792326 2.970000 -5.055646
v 4.785000 2.970000 -5.000000
v 4.792326 2.970000 -4.944354
v 4.813805 2.970000 -4.892500
v 4.847972 2.970000 -4.847972
v 4.892500 2.970000 -4.813805
v 4.944354 2.970000 -4.792326
v 5.000000 2.970000 -4.785000
v 5.055646 2.970000 -4.792326
v 5.107500 2.970000 -4.813805
v 5.152028 2.970000 -4.847972
v 5.186195 2.970000 -4.892500
v 5.207674 2.970000 -4.944354
v 5.215000 2.970000 -5.000000
v 5.207674 2.970000 -5.055646
v 5.186195 2.970000 -5.107500
v 5.152028 2.970000 -5.152028
v 5.107500 2.970000 -5.186195
v 5.055646 2.970000 -5.207674
v 5.000000 2.660000 -5.215000
v 5.055646 2.660000 -5.207674
v 5.107500 2.660000 -5.186195
v 5.152028 2.660000 -5.152028
v 5.186195 2.660000 -5.107500
v 5.207674 2.660000 -5.055646
v 5.215000 2.660000 -5.000000
v 5.207674 2.660000 -4.944354
v 5.186195 2.660000 -4.892500
v 5.152028 2.660000 -4.847972
v 5.107500 2.660000 -4.813805
v 5.055646 2.660000 -4.792326
v 5.000000 2.660000 -4.785000
v 4.944354 2.660000 -4.792326
v 4.892500 2.660000 -4.813805
v 4.847972 2.660000 -4.847972
v 4.813805 2.660000 -4.892500
v 4.792326 2.660000 -4.944354
v 4.785000 2.660000 -5.000000
v 4.792326 2.660000 -5.055646
v 4.813805 2.660000 -5.107500
v 4.847972 2.660000 -5.152028
v 4.892500 2.660000 -5.186195
v 4.944354 2.660000 -5.207674
v -5.000000 2.970000 -5.215000
v -5.055646 2.970000 -5.207674
v -5.107500 2.970000 -5.186195
v -5.152028 2.970000 -5.152028
v -5.186195 2.970000 -5.107500
v -5.207674 2.970000 -5.055646
v -5.215000 2.970000 -5.000000
v -5.207674 2.970000 -4.944354
v -5.186195 2.970000 -4.892500
v -5.152028 2.970000 -4.847972
v -5.107500 2.970000 -4.813805
v -5.055646 2.970000 -4.792326
v -5.000000 2.970000 -4.785000
v -4.944354 2.970000 -4.792326
v -4.892500 2.970000 -4.813805
v -4.847972 2.970000 -4.847972
v -4.813805 2.970000 -4.892500
v -4.792326 2.970000 -4.944354
v -4.785000 2.970000 -5.000000
v -4.792326 2.970000 -5.055646
v -4.813805 2.970000 -5.107500
v -4.847972 2.970000 -5.152028
v -4.892500 2.970000 -5.186195
v -4.944354 2.970000 -5.207674
v -5.000000 2.660000 -5.215000
v -4.944354 2.660000 -5.207674
v -4.892500 2.660000 -5.186195
v -4.847972 2.660000 -5.152028
v -4.813805 2.660000 -5.107500
v -4.792326 2.660000 -5.055646
v -4.785000 2.660000 -5.000000
v -4.792326 2.660000 -4.944354
v -4.813805 2.660000 -4.892500
v -4.847972 2.660000 -4.847972
v -4.892500 2.660000 -4.813805
v -4.944354 2.660000 -4.792326
v -5.000000 2.660000 -4.785000
v -5.055646 2.660000 -4.792326
v -5.107500 2.660000 -4.813805
v -5.152028 2.660000 -4.847972
v -5.186195 2.660000 -4.892500
v -5.207674 2.660000 -4.944354
v -5.215000 2.660000 -5.000000
v -5.207674 2.660000 -5.055646
v -5.186195 2.660000 -5.107500
v -5.152028 2.660000 -5.152028
v -5.107500 2.660000 -5.186195
v -5.055646 2.660000 -5.207674
v -3.979000 2.660000 2.021000
v -3.979000 3.390000 2.021000
v -3.979000 3.390000 3.979000
v -3.979000 2.660000 3.979000
v -2.021000 3.390000 3.979000
v -2.021000 2.660000 3.979000
v -2.021000 3.390000 2.021000
v -2.021000 2.660000 2.021000
v -1.979000 2.660000 3.979000
v -1.979000 3.390000 3.979000
v -0.021000 3.390000 3.979000
v -0.021000 2.660000 3.979000
v -0.021000 3.390000 2.021000
v -0.021000 2.660000 2.021000
v -1.979000 3.390000 2.021000
v -1.979000 2.660000 2.021000
v 0.021000 2.660000 3.979000
v 0.021000 3.390000 3.979000
v 1.979000 3.390000 3.979000
v 1.979000 2.660000 3.979000
v 1.979000 3.390000 2.021000
v 1.979000 2.660000 2.021000
v 0.021000 3.390000 2.021000
v 0.021000 2.660000 2.021000
v 2.021000 2.660000 3.979000
v 2.021000 3.390000 3.979000
v 3.979000 3.390000 3.979000
v 3.979000 2.660000 3.979000
v 3.979000 3.390000 2.021000
v 3.979000 2.660000 2.021000
v 2.021000 3.390000 2.021000
v 2.021000 2.660000 2.021000
v -1.979000 2.660000 1.979000
v -1.979000 3.390000 1.979000
v -0.021000 3.390000 1.979000
v -0.021000 2.660000 1.979000
v -0.021000 3.390000 0.021000
v -0.021000 2.660000 0.021000
v -1.979000 3.390000 0.021000
v -1.979000 2.660000 0.021000
v 0.021000 2.660000 1.979000
v 0.021000 3.390000 1.979000
v 1.979000 3.390000 1.979000
v 1.979000 2.660000 1.979000
v 1.979000 3.390000 0.021000
v 1.979000 2.660000 0.021000
v 0.021000 3.390000 0.021000
v 0.021000 2.660000 0.021000
v 2.021000 2.660000 1.979000
v 2.021000 3.390000 1.979000
v 3.979000 3.390000 1.979000
v 3.979000 2.660000 1.979000
v 3.979000 3.390000 0.021000
v 3.979000 2.660000 0.021000
v 2.021000 3.390000 0.021000
v 2.021000 2.660000 0.021000
v -1.979000 2.660000 -0.021000
v -1.979000 3.390000 -0.021000
v -0.021000 3.390000 -0.021000
v -0.021000 2.660000 -0.021000
v -0.021000 3.390000 -1.979000
v -0.021000 2.660000 -1.979000
v -1.979000 3.390000 -1.979000
v -1.979000 2.660000 -1.979000
v 0.021000 2.660000 -0.021000
v 0.021000 3.390000 -0.021000
v 1.979000 3.390000 -0.021000
v 1.979000 2.660000 -0.021000
v 1.979000 3.390000 -1.979000
v 1.979000 2.660000 -1.979000
v 0.021000 3.390000 -1.979000
v 0.021000 2.660000 -1.979000
v 2.021000 2.660000 -0.021000
v 2.021000 3.390000 -0.021000
v 3.979000 3.390000 -0.021000
v 3.979000 2.660000 -0.021000
v 3.979000 3.390000 -1.979000
v 3.979000 2.660000 -1.979000
v 2.021000 3.390000 -1.979000
v 2.021000 2.660000 -1.979000
v -1.979000 2.660000 -2.021000
v -1.979000 3.390000 -2.021000
v -0.021000 3.390000 -2.021000
v -0.021000 2.660000 -2.021000
v -0.021000 3.390000 -3.979000
v -0.021000 2.660000 -3.979000
v -1.979000 3.390000 -3.979000
v -1.979000 2.660000 -3.979000
v 0.021000 2.660000 -2.021000
v 0.021000 3.390000 -2.021000
v 1.979000 3.390000 -2.021000
v 1.979000 2.660000 -2.021000
v 1.979000 3.390000 -3.979000
v 1.979000 2.660000 -3.979000
v 0.021000 3.390000 -3.979000
v 0.021000 2.660000 -3.979000
v 2.021000 2.660000 -2.021000
v 2.021000 3.390000 -2.021000
v 3.979000 3.390000 -2.021000
v 3.979000 2.660000 -2.021000
v 3.979000 3.390000 -3.979000
v 3.979000 2.660000 -3.979000
v 2.021000 3.390000 -3.979000
v 2.021000 2.660000 -3.979000
v -3.979000 2.660000 1.979000
v -3.979000 3.390000 1.979000
v -2.021000 3.390000 1.979000
v -2.021000 2.660000 1.979000
v -2.021000 3.390000 0.021000
v -2.021000 2.660000 0.021000
v -3.979000 3.390000 0.021000
v -3.979000 2.660000 0.021000
v -3.979000 2.660000 -0.021000
v -3.979000 3.390000 -0.021000
v -2.021000 3.390000 -0.021000
v -2.021000 2.660000 -0.021000
v -2.021000 3.390000 -1.979000
v -2.021000 2.660000 -1.979000
v -3.979000 3.390000 -1.979000
v -3.979000 2.660000 -1.979000
v -3.979000 2.660000 -2.021000
v -3.979000 3.390000 -2.021000
v -2.021000 3.390000 -2.021000
v -2.021000 2.660000 -2.021000
v -2.021000 3.390000 -3.979000
v -2.021000 2.660000 -3.979000
v -3.979000 3.390000 -3.979000
v -3.979000 2.660000 -3.979000
v 6.000000 2.970000 6.000000
v 6.000000 2.970000 -0.000000
v 6.000000 2.970000 -6.000000
v 0.000000 2.970000 -6.000000
v -6.000000 2.970000 -6.000000
v -6.000000 2.970000 -0.000000
v -6.000000 2.970000 6.000000
v 0.000000 2.970000 6.000000
v -4.200000 2.970000 -4.200000
v 4.200000 2.970000 -4.200000
v 4.200000 2.970000 4.200000
v -4.200000 2.970000 4.200000
v 1.500000 2.970000 5.700000
v -1.500000 2.970000 5.700000
v -1.603528 2.970000 5.686370
v -1.700000 2.970000 5.646410
v -1.782843 2.970000 5.582843
v -1.846410 2.970000 5.500000
v -1.886370 2.970000 5.403528
v -1.900000 2.970000 5.300000
v -1.886370 2.970000 5.196472
v -1.846410 2.970000 5.100000
v -1.782843 2.970000 5.017157
v -1.700000 2.970000 4.953590
v -1.603528 2.970000 4.913630
v -1.500000 2.970000 4.900000
v 1.500000 2.970000 4.900000
v 1.603528 2.970000 4.913630
v 1.700000 2.970000 4.953590
v 1.782843 2.970000 5.017157
v 1.846410 2.970000 5.100000
v 1.886370 2.970000 5.196472
v 1.900000 2.970000 5.300000
v 1.886370 2.970000 5.403528
v 1.846410 2.970000 5.500000
v 1.782843 2.970000 5.582843
v 1.700000 2.970000 5.646410
v 1.603528 2.970000 5.686370
v 6.000000 2.660000 -6.000000
v 6.000000 2.660000 -0.000000
v 6.000000 2.660000 6.000000
v 0.000000 2.660000 6.000000
v -6.000000 2.660000 6.000000
v -6.000000 2.660000 -0.000000
v -6.000000 2.660000 -6.000000
v 0.000000 2.660000 -6.000000
v -1.500000 2.660000 4.900000
v -1.603528 2.660000 4.913630
v -1.700000 2.660000 4.953590
v -1.782843 2.660000 5.017157
v -1.846410 2.660000 5.100000
v -1.886370 2.660000 5.196472
v -1.900000 2.660000 5.300000
v -1.886370 2.660000 5.403528
v -1.846410 2.660000 5.500000
v -1.782843 2.660000 5.582843
v -1.700000 2.660000 5.646410
v -1.603528 2.660000 5.686370
v -1.500000 2.660000 5.700000
v 1.500000 2.660000 5.700000
v 1.603528 2.660000 5.686370
v 1.700000 2.660000 5.646410
v 1.782843 2.660000 5.582843
v 1.846410 2.660000 5.500000
v 1.886370 2.660000 5.403528
v 1.900000 2.660000 5.300000
v 1.886370 2.660000 5.196472
v 1.846410 2.660000 5.100000
v 1.782843 2.660000 5.017157
v 1.700000 2.660000 4.953590
v 1.603528 2.660000 4.913630
v 1.500000 2.660000 4.900000
v 4.200000 3.410000 4.200000
v 4.200000 3.410000 -4.200000
v -4.200000 3.410000 -4.200000
v -4.200000 3.410000 4.200000
vt 0.000000 -0.056287 0.000000
vt 0.310000 -0.056287 0.000000
vt 0.000000 0.000000 0.000000
vt 0.310000 0.000000 0.000000
vt 0.000000 0.056287 0.000000
vt 0.310000 0.056287 0.000000
vt 0.000000 0.112574 0.000000
vt 0.310000 0.112574 0.000000
vt 0.000000 0.168861 0.000000
vt 0.310000 0.168861 0.000000
vt 0.000000 0.225147 0.000000
vt 0.310000 0.225147 0.000000
vt 0.000000 0.281434 0.000000
vt 0.310000 0.281434 0.000000
vt -0.000000 0.337721 0.000000
vt 0.310000 0.337721 0.000000
vt -0.000000 0.394008 0.000000
vt 0.310000 0.394008 0.000000
vt 0.000000 0.450295 0.000000
vt 0.310000 0.450295 0.000000
vt -0.000000 0.506582 0.000000
vt 0.310000 0.506582 0.000000
vt 0.000000 0.562869 0.000000
vt 0.310000 0.562869 0.000000
vt -0.000000 0.619156 0.000000
vt 0.310000 0.619156 0.000000
vt -0.000000 0.675442 0.000000
vt 0.310000 0.675442 0.000000
vt -0.000000 -0.675442 0.000000
vt 0.310000 -0.675442 0.000000
vt 0.000000 -0.619156 0.000000
vt 0.310000 -0.619156 0.000000
vt 0.000000 -0.562869 0.000000
vt 0.310000 -0.562869 0.000000
vt 0.000000 -0.506582 0.000000
vt 0.310000 -0.506582 0.000000
vt 0.000000 -0.450295 0.000000
vt 0.310000 -0.450295 0.000000
vt 0.000000 -0.394008 0.000000
vt 0.310000 -0.394008 0.000000
vt 0.000000 -0.337721 0.000000
vt 0.310000 -0.337721 0.000000
vt 0.000000 -0.281434 0.000000
vt 0.310000 -0.281434 0.000000
vt 0.000000 -0.225147 0.000000
vt 0.310000 -0.225147 0.000000
vt 0.000000 -0.168861 0.000000
vt 0.310000 -0.168861 0.000000
vt 0.000000 -0.112574 0.000000
vt 0.310000 -0.112574 0.000000
vt 0.000000 -0.056287 0.000000
vt 0.310000 -0.056287 0.000000
vt 0.000000 0.000000 0.000000
vt 0.310000 0.000000 0.000000
vt 0.000000 0.056287 0.000000
vt 0.310000 0.056287 0.000000
vt 0.000000 0.112574 0.000000
vt 0.310000 0.112574 0.000000
vt 0.000000 0.168861 0.000000
vt 0.310000 0.168861 0.000000
vt 0.000000 0.225147 0.000000
vt 0.310000 0.225147 0.000000
vt 0.000000 0.281434 0.000000
vt 0.310000 0.281434 0.000000
vt -0.000000 0.337721 0.000000
vt 0.310000 0.337721 0.000000
vt -0.000000 0.394008 0.000000
vt 0.310000 0.394008 0.000000
vt 0.000000 0.450295 0.000000
vt 0.310000 0.450295 0.000000
vt -0.000000 0.506582 0.000000
vt 0.310000 0.506582 0.000000
vt 0.000000 0.562869 0.000000
vt 0.310000 0.562869 0.000000
vt -0.000000 0.619156 0.000000
vt 0.310000 0.619156 0.000000
vt -0.000000 0.675442 0.000000
vt 0.310000 0.675442 0.000000
vt -0.000000 -0.675442 0.000000
vt 0.310000 -0.675442 0.000000
vt 0.000000 -0.619156 0.000000
vt 0.310000 -0.619156 0.000000
vt 0.000000 -0.562869 0.000000
vt 0.310000 -0.562869 0.000000
vt 0.000000 -0.506582 0.000000
vt 0.310000 -0.506582 0.000000
vt 0.000000 -0.450295 0.000000
vt 0.310000 -0.450295 0.000000
vt 0.000000 -0.394008 0.000000
vt 0.310000 -0.394008 0.000000
vt 0.000000 -0.337721 0.000000
vt 0.310000 -0.337721 0.000000
vt 0.000000 -0.281434 0.000000
vt 0.310000 -0.281434 0.000000
vt 0.000000 -0.225147 0.000000
vt 0.310000 -0.225147 0.000000
vt 0.000000 -0.168861 0.000000
vt 0.310000 -0.168861 0.000000
vt 0.000000 -0.112574 0.000000
vt 0.310000 -0.112574 0.000000
vt 0.000000 -0.056287 0.000000
vt 0.310000 -0.056287 0.000000
vt 0.000000 0.000000 0.000000
vt 0.310000 0.000000 0.000000
vt 0.000000 0.056287 0.000000
vt 0.310000 0.056287 0.000000
vt 0.000000 0.112574 0.000000
vt 0.310000 0.112574 0.000000
vt 0.000000 0.168861 0.000000
vt 0.310000 0.168861 0.000000
vt 0.000000 0.225147 0.000000
vt 0.310000 0.225147 0.000000
vt 0.000000 0.281434 0.000000
vt 0.310000 0.281434 0.000000
vt -0.000000 0.337721 0.000000
vt 0.310000 0.337721 0.000000
vt -0.000000 0.394008 0.000000
vt 0.310000 0.394008 0.000000
vt 0.000000 0.450295 0.000000
vt 0.310000 0.450295 0.000000
vt -0.000000 0.506582 0.000000
vt 0.310000 0.506582 0.000000
vt 0.000000 0.562869 0.000000
vt 0.310000 0.562869 0.000000
vt -0.000000 0.619156 0.000000
vt 0.310000 0.619156 0.000000
vt -0.000000 0.675442 0.000000
vt 0.310000 0.675442 0.000000
vt -0.000000 -0.675442 0.000000
vt 0.310000 -0.675442 0.000000
vt 0.000000 -0.619156 0.000000
vt 0.310000 -0.619156 0.000000
vt 0.000000 -0.562869 0.000000
vt 0.310000 -0.562869 0.000000
vt 0.000000 -0.506582 0.000000
vt 0.310000 -0.506582 0.000000
vt 0.000000 -0.450295 0.000000
vt 0.310000 -0.450295 0.000000
vt 0.000000 -0.394008 0.000000
vt 0.310000 -0.394008 0.000000
vt 0.000000 -0.337721 0.000000
vt 0.310000 -0.337721 0.000000
vt 0.000000 -0.281434 0.000000
vt 0.310000 -0.281434 0.000000
vt 0.000000 -0.225147 0.000000
vt 0.310000 -0.225147 0.000000
vt 0.000000 -0.168861 0.000000
vt 0.310000 -0.168861 0.000000
vt 0.000000 -0.112574 0.000000
vt 0.310000 -0.112574 0.000000
vt 0.000000 -0.056287 0.000000
vt 0.310000 -0.056287 0.000000
vt 0.000000 0.000000 0.000000
vt 0.310000 0.000000 0.000000
vt 0.000000 0.056287 0.000000
vt 0.310000 0.056287 0.000000
vt 0.000000 0.112574 0.000000
vt 0.310000 0.112574 0.000000
vt 0.000000 0.168861 0.000000
vt 0.310000 0.168861 0.000000
vt 0.000000 0.225147 0.000000
vt 0.310000 0.225147 0.000000
vt 0.000000 0.281434 0.000000
vt 0.310000 0.281434 0.000000
vt -0.000000 0.337721 0.000000
vt 0.310000 0.337721 0.000000
vt -0.000000 0.394008 0.000000
vt 0.310000 0.394008 0.000000
vt 0.000000 0.450295 0.000000
vt 0.310000 0.450295 0.000000
vt -0.000000 0.506582 0.000000
vt 0.310000 0.506582 0.000000
vt 0.000000 0.562869 0.000000
vt 0.310000 0.562869 0.000000
vt -0.000000 0.619156 0.000000
vt 0.310000 0.619156 0.000000
vt -0.000000 0.675442 0.000000
vt 0.310000 0.675442 0.000000
vt -0.000000 -0.675442 0.000000
vt 0.310000 -0.675442 0.000000
vt 0.000000 -0.619156 0.000000
vt 0.310000 -0.619156 0.000000
vt 0.000000 -0.562869 0.000000
vt 0.310000 -0.562869 0.000000
vt 0.000000 -0.506582 0.000000
vt 0.310000 -0.506582 0.000000
vt 0.000000 -0.450295 0.000000
vt 0.310000 -0.450295 0.000000
vt 0.000000 -0.394008 0.000000
vt 0.310000 -0.394008 0.000000
vt 0.000000 -0.337721 0.000000
vt 0.310000 -0.337721 0.000000
vt 0.000000 -0.281434 0.000000
vt 0.310000 -0.281434 0.000000
vt 0.000000 -0.225147 0.000000
vt 0.310000 -0.225147 0.000000
vt 0.000000 -0.168861 0.000000
vt 0.310000 -0.168861 0.000000
vt 0.000000 -0.112574 0.000000
vt 0.310000 -0.112574 0.000000
vt 1.958000 -0.020000 0.000000
vt 0.000000 -0.020000 0.000000
vt 1.958000 -0.750000 0.000000
vt 0.000000 -0.750000 0.000000
vt -1.958000 -0.020000 0.000000
vt 0.000000 -0.750000 0.000000
vt -1.958000 -0.750000 0.000000
vt 0.000000 -0.020000 0.000000
vt -1.958000 -0.020000 0.000000
vt 0.000000 -0.750000 0.000000
vt -1.958000 -0.750000 0.000000
vt 1.958000 -0.020000 0.000000
vt 0.000000 -0.020000 0.000000
vt 1.958000 -0.750000 0.000000
vt 0.000000 -0.750000 0.000000
vt 0.000000 -0.020000 0.000000
vt -1.958000 -0.020000 0.000000
vt 0.000000 -0.750000 0.000000
vt -1.958000 -0.750000 0.000000
vt 0.000000 -0.020000 0.000000
vt -1.958000 -0.020000 0.000000
vt 0.000000 -0.750000 0.000000
vt -1.958000 -0.750000 0.000000
vt 1.958000 -0.020000 0.000000
vt 0.000000 -0.020000 0.000000
vt 1.958000 -0.750000 0.000000
vt 0.000000 -0.750000 0.000000
vt 1.958000 -0.020000 0.000000
vt 0.000000 -0.020000 0.000000
vt 1.958000 -0.750000 0.000000
vt 0.000000 -0.750000 0.000000
vt 0.000000 -0.020000 0.000000
vt -1.958000 -0.020000 0.000000
vt 0.000000 -0.750000 0.000000
vt -1.958000 -0.750000 0.000000
vt 0.000000 -0.020000 0.000000
vt -1.958000 -0.020000 0.000000
vt 0.000000 -0.750000 0.000000
vt -1.958000 -0.750000 0.000000
vt 1.958000 -0.020000 0.000000
vt 0.000000 -0.020000 0.000000
vt 1.958000 -0.750000 0.000000
vt 0.000000 -0.750000 0.000000
vt 1.958000 -0.020000 0.000000
vt 0.000000 -0.020000 0.000000
vt 1.958000 -0.750000 0.000000
vt 0.000000 -0.750000 0.000000
vt 0.000000 -0.020000 0.000000
vt -1.958000 -0.020000 0.000000
vt 0.000000 -0.750000 0.000000
vt -1.958000 -0.750000 0.000000
vt 0.000000 -0.020000 0.000000
vt -1.958000 -0.020000 0.000000
vt 0.000000 -0.750000 0.000000
vt -1.958000 -0.750000 0.000000
vt 1.958000 -0.020000 0.000000
vt 0.000000 -0.020000 0.000000
vt 1.958000 -0.750000 0.000000
vt 0.000000 -0.750000 0.000000
vt 1.958000 -0.020000 0.000000
vt 0.000000 -0.020000 0.000000
vt 1.958000 -0.750000 0.000000
vt 0.000000 -0.750000 0.000000
vt 0.000000 -0.020000 0.000000
vt -1.958000 -0.020000 0.000000
vt 0.000000 -0.750000 0.000000
vt -1.958000 -0.750000 0.000000
vt 0.000000 -0.020000 0.000000
vt -1.958000 -0.020000 0.000000
vt 0.000000 -0.750000 0.000000
vt -1.958000 -0.750000 0.000000
vt 1.958000 -0.020000 0.000000
vt 0.000000 -0.020000 0.000000
vt 1.958000 -0.750000 0.000000
vt 0.000000 -0.750000 0.000000
vt 1.958000 -0.020000 0.000000
vt 0.000000 -0.020000 0.000000
vt 1.958000 -0.750000 0.000000
vt 0.000000 -0.750000 0.000000
vt 0.000000 -0.020000 0.000000
vt -1.958000 -0.020000 0.000000
vt 0.000000 -0.750000 0.000000
vt -1.958000 -0.750000 0.000000
vt 0.000000 -0.020000 0.000000
vt -1.958000 -0.020000 0.000000
vt 0.000000 -0.750000 0.000000
vt -1.958000 -0.750000 0.000000
vt 1.958000 -0.020000 0.000000
vt 0.000000 -0.020000 0.000000
vt 1.958000 -0.750000 0.000000
vt 0.000000 -0.750000 0.000000
vt 1.958000 -0.020000 0.000000
vt 0.000000 -0.020000 0.000000
vt 1.958000 -0.750000 0.000000
vt 0.000000 -0.750000 0.000000
vt 0.000000 -0.020000 0.000000
vt -1.958000 -0.020000 0.000000
vt 0.000000 -0.750000 0.000000
vt -1.958000 -0.750000 0.000000
vt 0.000000 -0.020000 0.000000
vt -1.958000 -0.020000 0.000000
vt 0.000000 -0.750000 0.000000
vt -1.958000 -0.750000 0.000000
vt 1.958000 -0.020000 0.000000
vt 0.000000 -0.020000 0.000000
vt 1.958000 -0.750000 0.000000
vt 0.000000 -0.750000 0.000000
vt 1.958000 -0.020000 0.000000
vt 0.000000 -0.020000 0.000000
vt 1.958000 -0.750000 0.000000
vt 0.000000 -0.750000 0.000000
vt 0.000000 -0.020000 0.000000
vt -1.958000 -0.020000 0.000000
vt 0.000000 -0.750000 0.000000
vt -1.958000 -0.750000 0.000000
vt 0.000000 -0.020000 0.000000
vt -1.958000 -0.020000 0.000000
vt 0.000000 -0.750000 0.000000
vt -1.958000 -0.750000 0.000000
vt 1.958000 -0.020000 0.000000
vt 0.000000 -0.020000 0.000000
vt 1.958000 -0.750000 0.000000
vt 0.000000 -0.750000 0.000000
vt 1.958000 -0.020000 0.000000
vt 0.000000 -0.020000 0.000000
vt 1.958000 -0.750000 0.000000
vt 0.000000 -0.750000 0.000000
vt 0.000000 -0.020000 0.000000
vt -1.958000 -0.020000 0.000000
vt 0.000000 -0.750000 0.000000
vt -1.958000 -0.750000 0.000000
vt 0.000000 -0.020000 0.000000
vt -1.958000 -0.020000 0.000000
vt 0.000000 -0.750000 0.000000
vt -1.958000 -0.750000 0.000000
vt 1.958000 -0.020000 0.000000
vt 0.000000 -0.020000 0.000000
vt 1.958000 -0.750000 0.000000
vt 0.000000 -0.750000 0.000000
vt 1.958000 -0.020000 0.000000
vt 0.000000 -0.020000 0.000000
vt 1.958000 -0.750000 0.000000
vt 0.000000 -0.750000 0.000000
vt 0.000000 -0.020000 0.000000
vt -1.958000 -0.020000 0.000000
vt 0.000000 -0.750000 0.000000
vt -1.958000 -0.750000 0.000000
vt 0.000000 -0.020000 0.000000
vt -1.958000 -0.020000 0.000000
vt 0.000000 -0.750000 0.000000
vt -1.958000 -0.750000 0.000000
vt 1.958000 -0.020000 0.000000
vt 0.000000 -0.020000 0.000000
vt 1.958000 -0.750000 0.000000
vt 0.000000 -0.750000 0.000000
vt 1.958000 -0.020000 0.000000
vt 0.000000 -0.020000 0.000000
vt 1.958000 -0.750000 0.000000
vt 0.000000 -0.750000 0.000000
vt 0.000000 -0.020000 0.000000
vt -1.958000 -0.020000 0.000000
vt 0.000000 -0.750000 0.000000
vt -1.958000 -0.750000 0.000000
vt 0.000000 -0.020000 0.000000
vt -1.958000 -0.020000 0.000000
vt 0.000000 -0.750000 0.000000
vt -1.958000 -0.750000 0.000000
vt 1.958000 -0.020000 0.000000
vt 0.000000 -0.020000 0.000000
vt 1.958000 -0.750000 0.000000
vt 0.000000 -0.750000 0.000000
vt 1.958000 -0.020000 0.000000
vt 0.000000 -0.020000 0.000000
vt 1.958000 -0.750000 0.000000
vt 0.000000 -0.750000 0.000000
vt 0.000000 -0.020000 0.000000
vt -1.958000 -0.020000 0.000000
vt 0.000000 -0.750000 0.000000
vt -1.958000 -0.750000 0.000000
vt 0.000000 -0.020000 0.000000
vt -1.958000 -0.020000 0.000000
vt 0.000000 -0.750000 0.000000
vt -1.958000 -0.750000 0.000000
vt 1.958000 -0.020000 0.000000
vt 0.000000 -0.020000 0.000000
vt 1.958000 -0.750000 0.000000
vt 0.000000 -0.750000 0.000000
vt 1.958000 -0.020000 0.000000
vt 0.000000 -0.020000 0.000000
vt 1.958000 -0.750000 0.000000
vt 0.000000 -0.750000 0.000000
vt 0.000000 -0.020000 0.000000
vt -1.958000 -0.020000 0.000000
vt 0.000000 -0.750000 0.000000
vt -1.958000 -0.750000 0.000000
vt 0.000000 -0.020000 0.000000
vt -1.958000 -0.020000 0.000000
vt 0.000000 -0.750000 0.000000
vt -1.958000 -0.750000 0.000000
vt 1.958000 -0.020000 0.000000
vt 0.000000 -0.020000 0.000000
vt 1.958000 -0.750000 0.000000
vt 0.000000 -0.750000 0.000000
vt 1.958000 -0.020000 0.000000
vt 0.000000 -0.020000 0.000000
vt 1.958000 -0.750000 0.000000
vt 0.000000 -0.750000 0.000000
vt 0.000000 -0.020000 0.000000
vt -1.958000 -0.020000 0.000000
vt 0.000000 -0.750000 0.000000
vt -1.958000 -0.750000 0.000000
vt 0.000000 -0.020000 0.000000
vt -1.958000 -0.020000 0.000000
vt 0.000000 -0.750000 0.000000
vt -1.958000 -0.750000 0.000000
vt 1.958000 -0.020000 0.000000
vt 0.000000 -0.020000 0.000000
vt 1.958000 -0.750000 0.000000
vt 0.000000 -0.750000 0.000000
vt 1.958000 -0.020000 0.000000
vt 0.000000 -0.020000 0.000000
vt 1.958000 -0.750000 0.000000
vt 0.000000 -0.750000 0.000000
vt 0.000000 -0.020000 0.000000
vt -1.958000 -0.020000 0.000000
vt 0.000000 -0.750000 0.000000
vt -1.958000 -0.750000 0.000000
vt 0.000000 -0.020000 0.000000
vt -1.958000 -0.020000 0.000000
vt 0.000000 -0.750000 0.000000
vt -1.958000 -0.750000 0.000000
vt 1.958000 -0.020000 0.000000
vt 0.000000 -0.020000 0.000000
vt 1.958000 -0.750000 0.000000
vt 0.000000 -0.750000 0.000000
vt 1.958000 -0.020000 0.000000
vt 0.000000 -0.020000 0.000000
vt 1.958000 -0.750000 0.000000
vt 0.000000 -0.750000 0.000000
vt 0.000000 -0.020000 0.000000
vt -1.958000 -0.020000 0.000000
vt 0.000000 -0.750000 0.000000
vt -1.958000 -0.750000 0.000000
vt 0.000000 -0.020000 0.000000
vt -1.958000 -0.020000 0.000000
vt 0.000000 -0.750000 0.000000
vt -1.958000 -0.750000 0.000000
vt 1.958000 -0.020000 0.000000
vt 0.000000 -0.020000 0.000000
vt 1.958000 -0.750000 0.000000
vt 0.000000 -0.750000 0.000000
vt 1.958000 -0.020000 0.000000
vt 0.000000 -0.020000 0.000000
vt 1.958000 -0.750000 0.000000
vt 0.000000 -0.750000 0.000000
vt 0.000000 6.000000 0.000000
vt 4.892500 5.186195 0.000000
vt 6.000000 6.000000 0.000000
vt 4.944354 5.207674 0.000000
vt 5.000000 5.215000 0.000000
vt -6.000000 6.000000 0.000000
vt -4.892500 5.186195 0.000000
vt -4.847972 5.152028 0.000000
vt -4.813805 5.107500 0.000000
vt -6.000000 -0.000000 0.000000
vt -5.186195 4.892500 0.000000
vt -5.207674 4.944354 0.000000
vt -5.215000 5.000000 0.000000
vt -6.000000 -6.000000 0.000000
vt -5.186195 -4.892500 0.000000
vt -5.152028 -4.847972 0.000000
vt -5.107500 -4.813805 0.000000
vt 0.000000 -6.000000 0.000000
vt -4.892500 -5.186195 0.000000
vt -4.944354 -5.207674 0.000000
vt -5.000000 -5.215000 0.000000
vt 6.000000 -6.000000 0.000000
vt 4.892500 -5.186195 0.000000
vt 4.847972 -5.152028 0.000000
vt 4.813805 -5.107500 0.000000
vt 6.000000 0.000000 0.000000
vt 5.700000 -1.500000 0.000000
vt 5.686370 -1.603528 0.000000
vt 5.646410 -1.700000 0.000000
vt 5.700000 1.500000 0.000000
vt 5.686370 1.603528 0.000000
vt 5.646410 1.700000 0.000000
vt 5.582843 1.782843 0.000000
vt 5.186195 4.892500 0.000000
vt 5.152028 4.847972 0.000000
vt -5.207674 -5.055646 0.000000
vt -5.215000 -5.000000 0.000000
vt -5.207674 -4.944354 0.000000
vt -5.055646 -4.792326 0.000000
vt -4.200000 -4.200000 0.000000
vt -4.200000 4.200000 0.000000
vt -5.000000 -4.785000 0.000000
vt -4.944354 -4.792326 0.000000
vt -4.892500 -4.813805 0.000000
vt -4.847972 -4.847972 0.000000
vt -4.813805 -4.892500 0.000000
vt -4.792326 -4.944354 0.000000
vt -4.785000 -5.000000 0.000000
vt -4.792326 -5.055646 0.000000
vt -4.813805 -5.107500 0.000000
vt -4.847972 -5.152028 0.000000
vt -5.055646 -5.207674 0.000000
vt -5.107500 -5.186195 0.000000
vt -5.152028 -5.152028 0.000000
vt -5.186195 -5.107500 0.000000
vt 4.792326 4.944354 0.000000
vt 4.785000 5.000000 0.000000
vt 4.200000 4.200000 0.000000
vt 4.792326 5.055646 0.000000
vt 4.813805 5.107500 0.000000
vt 4.847972 5.152028 0.000000
vt 5.055646 5.207674 0.000000
vt 5.107500 5.186195 0.000000
vt 5.152028 5.152028 0.000000
vt 5.186195 5.107500 0.000000
vt 5.207674 5.055646 0.000000
vt 5.215000 5.000000 0.000000
vt 5.207674 4.944354 0.000000
vt 5.500000 1.846410 0.000000
vt 5.107500 4.813805 0.000000
vt 5.403528 1.886370 0.000000
vt 5.055646 4.792326 0.000000
vt 5.300000 1.900000 0.000000
vt 5.196472 1.886370 0.000000
vt 5.100000 1.846410 0.000000
vt 5.017157 1.782843 0.000000
vt 4.953590 1.700000 0.000000
vt 4.913630 1.603528 0.000000
vt 4.900000 1.500000 0.000000
vt 4.200000 -4.200000 0.000000
vt 4.900000 -1.500000 0.000000
vt 4.913630 -1.603528 0.000000
vt 4.953590 -1.700000 0.000000
vt 5.017157 -1.782843 0.000000
vt 5.100000 -1.846410 0.000000
vt 5.196472 -1.886370 0.000000
vt 5.300000 -1.900000 0.000000
vt 5.055646 -4.792326 0.000000
vt 5.403528 -1.886370 0.000000
vt 5.107500 -4.813805 0.000000
vt 5.500000 -1.846410 0.000000
vt 5.152028 -4.847972 0.000000
vt 5.582843 -1.782843 0.000000
vt 5.186195 -4.892500 0.000000
vt 5.207674 -4.944354 0.000000
vt 5.215000 -5.000000 0.000000
vt 5.000000 4.785000 0.000000
vt 4.944354 4.792326 0.000000
vt 4.892500 4.813805 0.000000
vt 4.847972 4.847972 0.000000
vt 4.813805 4.892500 0.000000
vt -4.792326 5.055646 0.000000
vt -4.785000 5.000000 0.000000
vt 4.792326 -5.055646 0.000000
vt 4.785000 -5.000000 0.000000
vt 4.792326 -4.944354 0.000000
vt 4.813805 -4.892500 0.000000
vt 4.847972 -4.847972 0.000000
vt 4.892500 -4.813805 0.000000
vt 4.944354 -4.792326 0.000000
vt 5.000000 -4.785000 0.000000
vt 5.207674 -5.055646 0.000000
vt 5.186195 -5.107500 0.000000
vt 5.152028 -5.152028 0.000000
vt 5.107500 -5.186195 0.000000
vt 5.055646 -5.207674 0.000000
vt 5.000000 -5.215000 0.000000
vt 4.944354 -5.207674 0.000000
vt -5.207674 5.055646 0.000000
vt -5.186195 5.107500 0.000000
vt -5.152028 5.152028 0.000000
vt -5.107500 5.186195 0.000000
vt -5.055646 5.207674 0.000000
vt -5.000000 5.215000 0.000000
vt -4.944354 5.207674 0.000000
vt -4.792326 4.944354 0.000000
vt -4.813805 4.892500 0.000000
vt -4.847972 4.847972 0.000000
vt -4.892500 4.813805 0.000000
vt -4.944354 4.792326 0.000000
vt -5.000000 4.785000 0.000000
vt -5.055646 4.792326 0.000000
vt -5.107500 4.813805 0.000000
vt -5.152028 4.847972 0.000000
vt -0.000000 6.000000 0.000000
vt 4.892500 5.186195 0.000000
vt 6.000000 6.000000 0.000000
vt 4.944354 5.207674 0.000000
vt 5.000000 5.215000 0.000000
vt -6.000000 6.000000 0.000000
vt -4.892500 5.186195 0.000000
vt -4.847972 5.152028 0.000000
vt -4.813805 5.107500 0.000000
vt -6.000000 0.000000 0.000000
vt -5.700000 1.500000 0.000000
vt -5.686370 1.603528 0.000000
vt -5.646410 1.700000 0.000000
vt -5.700000 -1.500000 0.000000
vt -6.000000 -6.000000 0.000000
vt -5.686370 -1.603528 0.000000
vt -5.646410 -1.700000 0.000000
vt -5.582843 -1.782843 0.000000
vt -5.186195 -4.892500 0.000000
vt -5.152028 -4.847972 0.000000
vt -0.000000 -6.000000 0.000000
vt -4.892500 -5.186195 0.000000
vt -4.944354 -5.207674 0.000000
vt -5.000000 -5.215000 0.000000
vt 6.000000 -6.000000 0.000000
vt 4.892500 -5.186195 0.000000
vt 4.847972 -5.152028 0.000000
vt 4.813805 -5.107500 0.000000
vt 6.000000 -0.000000 0.000000
vt 5.186195 -4.892500 0.000000
vt 5.207674 -4.944354 0.000000
vt 5.215000 -5.000000 0.000000
vt 5.186195 4.892500 0.000000
vt 5.152028 4.847972 0.000000
vt 5.107500 4.813805 0.000000
vt 0.021000 -2.021000 0.000000
vt -0.021000 -2.021000 0.000000
vt 0.021000 -3.979000 0.000000
vt -0.021000 -3.979000 0.000000
vt -1.979000 -3.979000 0.000000
vt -2.021000 -3.979000 0.000000
vt -2.021000 -2.021000 0.000000
vt -1.979000 -2.021000 0.000000
vt -2.021000 -1.979000 0.000000
vt -1.979000 -1.979000 0.000000
vt -2.021000 -0.021000 0.000000
vt -1.979000 -0.021000 0.000000
vt -2.021000 0.021000 0.000000
vt -1.979000 0.021000 0.000000
vt -2.021000 1.979000 0.000000
vt -1.979000 1.979000 0.000000
vt -2.021000 2.021000 0.000000
vt -1.979000 2.021000 0.000000
vt -2.021000 3.979000 0.000000
vt -1.979000 3.979000 0.000000
vt -0.021000 3.979000 0.000000
vt 0.021000 3.979000 0.000000
vt 0.021000 2.021000 0.000000
vt -0.021000 2.021000 0.000000
vt 0.021000 1.979000 0.000000
vt -0.021000 1.979000 0.000000
vt 0.021000 0.021000 0.000000
vt -0.021000 0.021000 0.000000
vt 0.021000 -0.021000 0.000000
vt -0.021000 -0.021000 0.000000
vt 0.021000 -1.979000 0.000000
vt -0.021000 -1.979000 0.000000
vt 1.979000 -2.021000 0.000000
vt 1.979000 -1.979000 0.000000
vt 2.021000 -2.021000 0.000000
vt 2.021000 -1.979000 0.000000
vt 3.979000 -2.021000 0.000000
vt 3.979000 -1.979000 0.000000
vt 3.979000 -0.021000 0.000000
vt 3.979000 0.021000 0.000000
vt 2.021000 0.021000 0.000000
vt 2.021000 -3.979000 0.000000
vt 1.979000 -3.979000 0.000000
vt 2.021000 3.979000 0.000000
vt 1.979000 3.979000 0.000000
vt 2.021000 2.021000 0.000000
vt 1.979000 2.021000 0.000000
vt 2.021000 1.979000 0.000000
vt 1.979000 1.979000 0.000000
vt 1.979000 0.021000 0.000000
vt 2.021000 -0.021000 0.000000
vt 1.979000 -0.021000 0.000000
vt 3.979000 3.979000 0.000000
vt 4.792326 5.055646 0.000000
vt 4.813805 5.107500 0.000000
vt 4.847972 5.152028 0.000000
vt 3.979000 2.021000 0.000000
vt 5.055646 4.792326 0.000000
vt 5.000000 4.785000 0.000000
vt 4.944354 4.792326 0.000000
vt 3.979000 1.979000 0.000000
vt -3.979000 1.979000 0.000000
vt -4.900000 1.500000 0.000000
vt -3.979000 0.021000 0.000000
vt -4.900000 -1.500000 0.000000
vt -3.979000 -0.021000 0.000000
vt -3.979000 -1.979000 0.000000
vt -4.913630 -1.603528 0.000000
vt -4.953590 -1.700000 0.000000
vt -3.979000 2.021000 0.000000
vt -4.953590 1.700000 0.000000
vt -4.913630 1.603528 0.000000
vt -3.979000 -3.979000 0.000000
vt -4.792326 -5.055646 0.000000
vt -4.813805 -5.107500 0.000000
vt -4.847972 -5.152028 0.000000
vt -3.979000 -2.021000 0.000000
vt -5.196472 -1.886370 0.000000
vt -5.300000 -1.900000 0.000000
vt -5.055646 -4.792326 0.000000
vt -5.403528 -1.886370 0.000000
vt -5.107500 -4.813805 0.000000
vt -5.500000 -1.846410 0.000000
vt -5.017157 -1.782843 0.000000
vt -3.979000 3.979000 0.000000
vt -5.196472 1.886370 0.000000
vt -5.100000 1.846410 0.000000
vt -5.017157 1.782843 0.000000
vt -4.792326 5.055646 0.000000
vt -4.785000 5.000000 0.000000
vt -4.792326 4.944354 0.000000
vt 3.979000 -3.979000 0.000000
vt 5.055646 -4.792326 0.000000
vt 5.107500 -4.813805 0.000000
vt 5.152028 -4.847972 0.000000
vt 4.792326 -5.055646 0.000000
vt 4.785000 -5.000000 0.000000
vt 4.792326 -4.944354 0.000000
vt -4.792326 -4.944354 0.000000
vt -4.785000 -5.000000 0.000000
vt -5.055646 -5.207674 0.000000
vt -5.107500 -5.186195 0.000000
vt -5.152028 -5.152028 0.000000
vt -5.186195 -5.107500 0.000000
vt -5.207674 -5.055646 0.000000
vt -5.215000 -5.000000 0.000000
vt -5.207674 -4.944354 0.000000
vt -5.000000 -4.785000 0.000000
vt -4.944354 -4.792326 0.000000
vt -4.892500 -4.813805 0.000000
vt -4.847972 -4.847972 0.000000
vt -4.813805 -4.892500 0.000000
vt -4.813805 4.892500 0.000000
vt -4.847972 4.847972 0.000000
vt -4.892500 4.813805 0.000000
vt -4.944354 4.792326 0.000000
vt -5.000000 4.785000 0.000000
vt -5.055646 4.792326 0.000000
vt -5.107500 4.813805 0.000000
vt -5.403528 1.886370 0.000000
vt -5.300000 1.900000 0.000000
vt -5.500000 1.846410 0.000000
vt -5.152028 4.847972 0.000000
vt -5.582843 1.782843 0.000000
vt -5.186195 4.892500 0.000000
vt -5.207674 4.944354 0.000000
vt -5.215000 5.000000 0.000000
vt -5.207674 5.055646 0.000000
vt -5.186195 5.107500 0.000000
vt -5.152028 5.152028 0.000000
vt -5.107500 5.186195 0.000000
vt -5.055646 5.207674 0.000000
vt -5.000000 5.215000 0.000000
vt -4.944354 5.207674 0.000000
vt 5.207674 5.055646 0.000000
vt 5.215000 5.000000 0.000000
vt 5.207674 4.944354 0.000000
vt 4.892500 4.813805 0.000000
vt 4.847972 4.847972 0.000000
vt 4.813805 4.892500 0.000000
vt 4.792326 4.944354 0.000000
vt 4.785000 5.000000 0.000000
vt 5.055646 5.207674 0.000000
vt 5.107500 5.186195 0.000000
vt 5.152028 5.152028 0.000000
vt 5.186195 5.107500 0.000000
vt 5.207674 -5.055646 0.000000
vt 5.186195 -5.107500 0.000000
vt 5.152028 -5.152028 0.000000
vt 5.107500 -5.186195 0.000000
vt 5.055646 -5.207674 0.000000
vt 5.000000 -5.215000 0.000000
vt 4.944354 -5.207674 0.000000
vt 4.813805 -4.892500 0.000000
vt 4.847972 -4.847972 0.000000
vt 4.892500 -4.813805 0.000000
vt 4.944354 -4.792326 0.000000
vt 5.000000 -4.785000 0.000000
vt -5.100000 -1.846410 0.000000
vt -12.000000 -0.310000 0.000000
vt -6.000000 -0.310000 0.000000
vt -12.000000 0.000000 0.000000
vt -6.000000 0.000000 0.000000
vt -0.000000 -0.310000 0.000000
vt -0.000000 0.000000 0.000000
vt -12.000000 -0.310000 0.000000
vt -6.000000 -0.310000 0.000000
vt -12.000000 0.000000 0.000000
vt -6.000000 0.000000 0.000000
vt -0.000000 -0.310000 0.000000
vt -0.000000 0.000000 0.000000
vt 6.000000 -0.310000 0.000000
vt -0.000000 0.000000 0.000000
vt 6.000000 0.000000 0.000000
vt 12.000000 -0.310000 0.000000
vt 12.000000 0.000000 0.000000
vt -0.000000 -0.310000 0.000000
vt 6.000000 -0.310000 0.000000
vt -0.000000 0.000000 0.000000
vt 6.000000 0.000000 0.000000
vt 12.000000 -0.310000 0.000000
vt 12.000000 0.000000 0.000000
vt 0.000000 -1.256637 0.000000
vt 0.310000 -1.256637 0.000000
vt 0.000000 -1.151917 0.000000
vt 0.310000 -1.151917 0.000000
vt 0.000000 -1.047198 0.000000
vt 0.310000 -1.047198 0.000000
vt 0.000000 -0.942478 0.000000
vt 0.310000 -0.942478 0.000000
vt 0.000000 -0.837758 0.000000
vt 0.310000 -0.837758 0.000000
vt 0.000000 -0.733038 0.000000
vt 0.310000 -0.733038 0.000000
vt 0.000000 -0.628319 0.000000
vt 0.310000 -0.628319 0.000000
vt 0.000000 -0.523599 0.000000
vt 0.310000 -0.523599 0.000000
vt 0.000000 -0.418879 0.000000
vt 0.310000 -0.418879 0.000000
vt 0.000000 -0.314159 0.000000
vt 0.310000 -0.314159 0.000000
vt 0.000000 -0.209440 0.000000
vt 0.310000 -0.209440 0.000000
vt 0.000000 -0.104720 0.000000
vt 0.310000 -0.104720 0.000000
vt 0.000000 -0.000000 0.000000
vt 0.310000 -0.000000 0.000000
vt -3.000000 -0.310000 0.000000
vt 0.000000 -0.310000 0.000000
vt -3.000000 0.000000 0.000000
vt 0.000000 0.000000 0.000000
vt 0.000000 0.000000 0.000000
vt 0.310000 0.000000 0.000000
vt 0.000000 0.104720 0.000000
vt 0.310000 0.104720 0.000000
vt 0.000000 0.209440 0.000000
vt 0.310000 0.209440 0.000000
vt 0.000000 0.314159 0.000000
vt 0.310000 0.314159 0.000000
vt 0.000000 0.418879 0.000000
vt 0.310000 0.418879 0.000000
vt 0.000000 0.523599 0.000000
vt 0.310000 0.523599 0.000000
vt -0.000000 0.628319 0.000000
vt 0.310000 0.628319 0.000000
vt -0.000000 0.733038 0.000000
vt 0.310000 0.733038 0.000000
vt -0.000000 0.837758 0.000000
vt 0.310000 0.837758 0.000000
vt 0.000000 0.942478 0.000000
vt 0.310000 0.942478 0.000000
vt -0.000000 1.047198 0.000000
vt 0.310000 1.047198 0.000000
vt 0.000000 1.151917 0.000000
vt 0.310000 1.151917 0.000000
vt -0.000000 1.256637 0.000000
vt 0.310000 1.256637 0.000000
vt -0.000000 -0.310000 0.000000
vt 3.000000 -0.310000 0.000000
vt 0.000000 0.000000 0.000000
vt 3.000000 0.000000 0.000000
vt 4.200000 4.200000 0.000000
vt -4.200000 4.200000 0.000000
vt 4.200000 -4.200000 0.000000
vt -4.200000 -4.200000 0.000000
vt -8.400000 -0.440000 0.000000
vt -0.000000 -0.440000 0.000000
vt -8.400000 0.000000 0.000000
vt -0.000000 0.000000 0.000000
vt -8.400000 -0.440000 0.000000
vt -0.000000 -0.440000 0.000000
vt -8.400000 0.000000 0.000000
vt -0.000000 0.000000 0.000000
vt 8.400000 -0.440000 0.000000
vt -0.000000 0.000000 0.000000
vt 8.400000 0.000000 0.000000
vt -0.000000 -0.440000 0.000000
vt 8.400000 -0.440000 0.000000
vt -0.000000 0.000000 0.000000
vt 8.400000 0.000000 0.000000
vt 2.021000 -3.979000 0.000000
vt 3.979000 -3.979000 0.000000
vt 2.021000 -2.021000 0.000000
vt 3.979000 -2.021000 0.000000
vt 0.021000 -3.979000 0.000000
vt 1.979000 -3.979000 0.000000
vt 0.021000 -2.021000 0.000000
vt 1.979000 -2.021000 0.000000
vt -1.979000 -3.979000 0.000000
vt -0.021000 -3.979000 0.000000
vt -1.979000 -2.021000 0.000000
vt -0.021000 -2.021000 0.000000
vt 2.021000 2.021000 0.000000
vt 3.979000 2.021000 0.000000
vt 2.021000 3.979000 0.000000
vt 3.979000 3.979000 0.000000
vt 2.021000 0.021000 0.000000
vt 3.979000 0.021000 0.000000
vt 2.021000 1.979000 0.000000
vt 3.979000 1.979000 0.000000
vt 2.021000 -1.979000 0.000000
vt 3.979000 -1.979000 0.000000
vt 2.021000 -0.021000 0.000000
vt 3.979000 -0.021000 0.000000
vt 0.021000 2.021000 0.000000
vt 1.979000 2.021000 0.000000
vt 0.021000 3.979000 0.000000
vt 1.979000 3.979000 0.000000
vt 0.021000 0.021000 0.000000
vt 1.979000 0.021000 0.000000
vt 0.021000 1.979000 0.000000
vt 1.979000 1.979000 0.000000
vt 0.021000 -1.979000 0.000000
vt 1.979000 -1.979000 0.000000
vt 0.021000 -0.021000 0.000000
vt 1.979000 -0.021000 0.000000
vt -1.979000 2.021000 0.000000
vt -0.021000 2.021000 0.000000
vt -1.979000 3.979000 0.000000
vt -0.021000 3.979000 0.000000
vt -1.979000 0.021000 0.000000
vt -0.021000 0.021000 0.000000
vt -1.979000 1.979000 0.000000
vt -0.021000 1.979000 0.000000
vt -1.979000 -1.979000 0.000000
vt -0.021000 -1.979000 0.000000
vt -1.979000 -0.021000 0.000000
vt -0.021000 -0.021000 0.000000
vt -3.979000 2.021000 0.000000
vt -2.021000 2.021000 0.000000
vt -3.979000 3.979000 0.000000
vt -2.021000 3.979000 0.000000
vt -3.979000 0.021000 0.000000
vt -2.021000 0.021000 0.000000
vt -3.979000 1.979000 0.000000
vt -2.021000 1.979000 0.000000
vt -3.979000 -1.979000 0.000000
vt -2.021000 -1.979000 0.000000
vt -3.979000 -0.021000 0.000000
vt -2.021000 -0.021000 0.000000
vt -3.979000 -3.979000 0.000000
vt -2.021000 -3.979000 0.000000
vt -3.979000 -2.021000 0.000000
vt -2.021000 -2.021000 0.000000
vn 0.258819 -0.000000 0.965926
vn 0.258819 -0.000000 0.965926
vn -0.000000 -0.000000 1.000000
vn -0.000000 -0.000000 1.000000
vn -0.258819 -0.000000 0.965926
vn -0.258819 -0.000000 0.965926
vn -0.500000 -0.000000 0.866025
vn -0.500000 -0.000000 0.866025
vn -0.707107 -0.000000 0.707107
vn -0.707107 -0.000000 0.707107
vn -0.866025 -0.000000 0.500000
vn -0.866025 -0.000000 0.500000
vn -0.965926 -0.000000 0.258819
vn -0.965926 -0.000000 0.258819
vn -1.000000 -0.000000 0.000000
vn -1.000000 -0.000000 0.000000
vn -0.965926 -0.000000 -0.258819
vn -0.965926 -0.000000 -0.258819
vn -0.866025 -0.000000 -0.500000
vn -0.866025 -0.000000 -0.500000
vn -0.707107 -0.000000 -0.707107
vn -0.707107 -0.000000 -0.707107
vn -0.500000 -0.000000 -0.866025
vn -0.500000 -0.000000 -0.866025
vn -0.258819 -0.000000 -0.965926
vn -0.258819 -0.000000 -0.965926
vn -0.000000 -0.000000 -1.000000
vn -0.000000 -0.000000 -1.000000
vn 0.258819 -0.000000 -0.965926
vn 0.258819 -0.000000 -0.965926
vn 0.500000 -0.000000 -0.866025
vn 0.500000 -0.000000 -0.866025
vn 0.707107 -0.000000 -0.707107
vn 0.707107 -0.000000 -0.707107
vn 0.866025 -0.000000 -0.500000
vn 0.866025 -0.000000 -0.500000
vn 0.965926 -0.000000 -0.258819
vn 0.965926 -0.000000 -0.258819
vn 1.000000 -0.000000 0.000000
vn 1.000000 -0.000000 0.000000
vn 0.965926 -0.000000 0.258819
vn 0.965926 -0.000000 0.258819
vn 0.866025 -0.000000 0.500000
vn 0.866025 -0.000000 0.500000
vn 0.707107 -0.000000 0.707107
vn 0.707107 -0.000000 0.707107
vn 0.500000 -0.000000 0.866025
vn 0.500000 -0.000000 0.866025
vn 0.258819 -0.000000 0.965926
vn 0.258819 -0.000000 0.965926
vn -0.000000 -0.000000 1.000000
vn -0.000000 -0.000000 1.000000
vn -0.258819 -0.000000 0.965926
vn -0.258819 -0.000000 0.965926
vn -0.500000 -0.000000 0.866025
vn -0.500000 -0.000000 0.866025
vn -0.707107 -0.000000 0.707107
vn -0.707107 -0.000000 0.707107
vn -0.866025 -0.000000 0.500000
vn -0.866025 -0.000000 0.500000
vn -0.965926 -0.000000 0.258819
vn -0.965926 -0.000000 0.258819
vn -1.000000 -0.000000 0.000000
vn -1.000000 -0.000000 0.000000
vn -0.965926 -0.000000 -0.258819
vn -0.965926 -0.000000 -0.258819
vn -0.866025 -0.000000 -0.500000
vn -0.866025 -0.000000 -0.500000
vn -0.707107 -0.000000 -0.707107
vn -0.707107 -0.000000 -0.707107
vn -0.500000 -0.000000 -0.866025
vn -0.500000 -0.000000 -0.866025
vn -0.258819 -0.000000 -0.965926
vn -0.258819 -0.000000 -0.965926
vn -0.000000 -0.000000 -1.000000
vn -0.000000 -0.000000 -1.000000
vn 0.258819 -0.000000 -0.965926
vn 0.258819 -0.000000 -0.965926
vn 0.500000 -0.000000 -0.866025
vn 0.500000 -0.000000 -0.866025
vn 0.707107 -0.000000 -0.707107
vn 0.707107 -0.000000 -0.707107
vn 0.866025 -0.000000 -0.500000
vn 0.866025 -0.000000 -0.500000
vn 0.965926 -0.000000 -0.258819
vn 0.965926 -0.000000 -0.258819
vn 1.000000 -0.000000 0.000000
vn 1.000000 -0.000000 0.000000
vn 0.965926 -0.000000 0.258819
vn 0.965926 -0.000000 0.258819
vn 0.866025 -0.000000 0.500000
vn 0.866025 -0.000000 0.500000
vn 0.707107 -0.000000 0.707107
vn 0.707107 -0.000000 0.707107
vn 0.500000 -0.000000 0.866025
vn 0.500000 -0.000000 0.866025
vn 0.258819 -0.000000 0.965926
vn 0.258819 -0.000000 0.965926
vn -0.000000 -0.000000 1.000000
vn -0.000000 -0.000000 1.000000
vn -0.258819 -0.000000 0.965926
vn -0.258819 -0.000000 0.965926
vn -0.500000 -0.000000 0.866025
vn -0.500000 -0.000000 0.866025
vn -0.707107 -0.000000 0.707107
vn -0.707107 -0.000000 0.707107
vn -0.866025 -0.000000 0.500000
vn -0.866025 -0.000000 0.500000
vn -0.965926 -0.000000 0.258819
vn -0.965926 -0.000000 0.258819
vn -1.000000 -0.000000 0.000000
vn -1.000000 -0.000000 0.000000
vn -0.965926 -0.000000 -0.258819
vn -0.965926 -0.000000 -0.258819
vn -0.866025 -0.000000 -0.500000
vn -0.866025 -0.000000 -0.500000
vn -0.707107 -0.000000 -0.707107
vn -0.707107 -0.000000 -0.707107
vn -0.500000 -0.000000 -0.866025
vn -0.500000 -0.000000 -0.866025
vn -0.258819 -0.000000 -0.965926
vn -0.258819 -0.000000 -0.965926
vn -0.000000 -0.000000 -1.000000
vn -0.000000 -0.000000 -1.000000
vn 0.258819 -0.000000 -0.965926
vn 0.258819 -0.000000 -0.965926
vn 0.500000 -0.000000 -0.866025
vn 0.500000 -0.000000 -0.866025
vn 0.707107 -0.000000 -0.707107
vn 0.707107 -0.000000 -0.707107
vn 0.866025 -0.000000 -0.500000
vn 0.866025 -0.000000 -0.500000
vn 0.965926 -0.000000 -0.258819
vn 0.965926 -0.000000 -0.258819
vn 1.000000 -0.000000 0.000000
vn 1.000000 -0.000000 0.000000
vn 0.965926 -0.000000 0.258819
vn 0.965926 -0.000000 0.258819
vn 0.866025 -0.000000 0.500000
vn 0.866025 -0.000000 0.500000
vn 0.707107 -0.000000 0.707107
vn 0.707107 -0.000000 0.707107
vn 0.500000 -0.000000 0.866025
vn 0.500000 -0.000000 0.866025
vn 0.258819 -0.000000 0.965926
vn 0.258819 -0.000000 0.965926
vn -0.000000 -0.000000 1.000000
vn -0.000000 -0.000000 1.000000
vn -0.258819 -0.000000 0.965926
vn -0.258819 -0.000000 0.965926
vn -0.500000 -0.000000 0.866025
vn -0.500000 -0.000000 0.866025
vn -0.707107 -0.000000 0.707107
vn -0.707107 -0.000000 0.707107
vn -0.866025 -0.000000 0.500000
vn -0.866025 -0.000000 0.500000
vn -0.965926 -0.000000 0.258819
vn -0.965926 -0.000000 0.258819
vn -1.000000 -0.000000 0.000000
vn -1.000000 -0.000000 0.000000
vn -0.965926 -0.000000 -0.258819
vn -0.965926 -0.000000 -0.258819
vn -0.866025 -0.000000 -0.500000
vn -0.866025 -0.000000 -0.500000
vn -0.707107 -0.000000 -0.707107
vn -0.707107 -0.000000 -0.707107
vn -0.500000 -0.000000 -0.866025
vn -0.500000 -0.000000 -0.866025
vn -0.258819 -0.000000 -0.965926
vn -0.258819 -0.000000 -0.965926
vn -0.000000 -0.000000 -1.000000
vn -0.000000 -0.000000 -1.000000
vn 0.258819 -0.000000 -0.965926
vn 0.258819 -0.000000 -0.965926
vn 0.500000 -0.000000 -0.866025
vn 0.500000 -0.000000 -0.866025
vn 0.707107 -0.000000 -0.707107
vn 0.707107 -0.000000 -0.707107
vn 0.866025 -0.000000 -0.500000
vn 0.866025 -0.000000 -0.500000
vn 0.965926 -0.000000 -0.258819
vn 0.965926 -0.000000 -0.258819
vn 1.000000 -0.000000 0.000000
vn 1.000000 -0.000000 0.000000
vn 0.965926 -0.000000 0.258819
vn 0.965926 -0.000000 0.258819
vn 0.866025 -0.000000 0.500000
vn 0.866025 -0.000000 0.500000
vn 0.707107 -0.000000 0.707107
vn 0.707107 -0.000000 0.707107
vn 0.500000 -0.000000 0.866025
vn 0.500000 -0.000000 0.866025
vn 1.000000 -0.000000 0.000000
vn 1.000000 -0.000000 0.000000
vn 1.000000 -0.000000 0.000000
vn 1.000000 -0.000000 0.000000
vn 0.000000 0.000000 -1.000000
vn 0.000000 0.000000 -1.000000
vn 0.000000 0.000000 -1.000000
vn 0.000000 0.000000 -1.000000
vn -1.000000 0.000000 0.000000
vn -1.000000 0.000000 0.000000
vn -1.000000 0.000000 0.000000
vn -1.000000 0.000000 0.000000
vn 0.000000 0.000000 1.000000
vn 0.000000 0.000000 1.000000
vn 0.000000 0.000000 1.000000
vn 0.000000 0.000000 1.000000
vn 0.000000 0.000000 -1.000000
vn 0.000000 0.000000 -1.000000
vn 0.000000 0.000000 -1.000000
vn 0.000000 0.000000 -1.000000
vn -1.000000 0.000000 0.000000
vn -1.000000 0.000000 0.000000
vn -1.000000 0.000000 0.000000
vn -1.000000 0.000000 0.000000
vn 0.000000 0.000000 1.000000
vn 0.000000 0.000000 1.000000
vn 0.000000 0.000000 1.000000
vn 0.000000 0.000000 1.000000
vn 1.000000 -0.000000 0.000000
vn 1.000000 -0.000000 0.000000
vn 1.000000 -0.000000 0.000000
vn 1.000000 -0.000000 0.000000
vn 0.000000 0.000000 -1.000000
vn 0.000000 0.000000 -1.000000
vn 0.000000 0.000000 -1.000000
vn 0.000000 0.000000 -1.000000
vn -1.000000 0.000000 0.000000
vn -1.000000 0.000000 0.000000
vn -1.000000 0.000000 0.000000
vn -1.000000 0.000000 0.000000
vn 0.000000 0.000000 1.000000
vn 0.000000 0.000000 1.000000
vn 0.000000 0.000000 1.000000
vn 0.000000 0.000000 1.000000
vn 1.000000 -0.000000 0.000000
vn 1.000000 -0.000000 0.000000
vn 1.000000 -0.000000 0.000000
vn 1.000000 -0.000000 0.000000
vn 0.000000 0.000000 -1.000000
vn 0.000000 0.000000 -1.000000
vn 0.000000 0.000000 -1.000000
vn 0.000000 0.000000 -1.000000
vn -1.000000 0.000000 0.000000
vn -1.000000 0.000000 0.000000
vn -1.000000 0.000000 0.000000
vn -1.000000 0.000000 0.000000
vn 0.000000 0.000000 1.000000
vn 0.000000 0.000000 1.000000
vn 0.000000 0.000000 1.000000
vn 0.000000 0.000000 1.000000
vn 1.000000 -0.000000 0.000000
vn 1.000000 -0.000000 0.000000
vn 1.000000 -0.000000 0.000000
vn 1.000000 -0.000000 0.000000
vn 0.000000 0.000000 -1.000000
vn 0.000000 0.000000 -1.000000
vn 0.000000 0.000000 -1.000000
vn 0.000000 0.000000 -1.000000
vn -1.000000 0.000000 0.000000
vn -1.000000 0.000000 0.000000
vn -1.000000 0.000000 0.000000
vn -1.000000 0.000000 0.000000
vn 0.000000 0.000000 1.000000
vn 0.000000 0.000000 1.000000
vn 0.000000 0.000000 1.000000
vn 0.000000 0.000000 1.000000
vn 1.000000 -0.000000 0.000000
vn 1.000000 -0.000000 0.000000
vn 1.000000 -0.000000 0.000000
vn 1.000000 -0.000000 0.000000
vn 0.000000 0.000000 -1.000000
vn 0.000000 0.000000 -1.000000
vn 0.000000 0.000000 -1.000000
vn 0.000000 0.000000 -1.000000
vn -1.000000 0.000000 0.000000
vn -1.000000 0.000000 0.000000
vn -1.000000 0.000000 0.000000
vn -1.000000 0.000000 0.000000
vn 0.000000 0.000000 1.000000
vn 0.000000 0.000000 1.000000
vn 0.000000 0.000000 1.000000
vn 0.000000 0.000000 1.000000
vn 1.000000 -0.000000 0.000000
vn 1.000000 -0.000000 0.000000
vn 1.000000 -0.000000 0.000000
vn 1.000000 -0.000000 0.000000
vn 0.000000 0.000000 -1.000000
vn 0.000000 0.000000 -1.000000
vn 0.000000 0.000000 -1.000000
vn 0.000000 0.000000 -1.000000
vn -1.000000 0.000000 0.000000
vn -1.000000 0.000000 0.000000
vn -1.000000 0.000000 0.000000
vn -1.000000 0.000000 0.000000
vn 0.000000 0.000000 1.000000
vn 0.000000 0.000000 1.000000
vn 0.000000 0.000000 1.000000
vn 0.000000 0.000000 1.000000
vn 1.000000 -0.000000 0.000000
vn 1.000000 -0.000000 0.000000
vn 1.000000 -0.000000 0.000000
vn 1.000000 -0.000000 0.000000
vn 0.000000 0.000000 -1.000000
vn 0.000000 0.000000 -1.000000
vn 0.000000 0.000000 -1.000000
vn 0.000000 0.000000 -1.000000
vn -1.000000 0.000000 0.000000
vn -1.000000 0.000000 0.000000
vn -1.000000 0.000000 0.000000
vn -1.000000 0.000000 0.000000
vn 0.000000 0.000000 1.000000
vn 0.000000 0.000000 1.000000
vn 0.000000 0.000000 1.000000
vn 0.000000 0.000000 1.000000
vn 1.000000 -0.000000 0.000000
vn 1.000000 -0.000000 0.000000
vn 1.000000 -0.000000 0.000000
vn 1.000000 -0.000000 0.000000
vn 0.000000 0.000000 -1.000000
vn 0.000000 0.000000 -1.000000
vn 0.000000 0.000000 -1.000000
vn 0.000000 0.000000 -1.000000
vn -1.000000 0.000000 0.000000
vn -1.000000 0.000000 0.000000
vn -1.000000 0.000000 0.000000
vn -1.000000 0.000000 0.000000
vn 0.000000 0.000000 1.000000
vn 0.000000 0.000000 1.000000
vn 0.000000 0.000000 1.000000
vn 0.000000 0.000000 1.000000
vn 1.000000 -0.000000 0.000000
vn 1.000000 -0.000000 0.000000
vn 1.000000 -0.000000 0.000000
vn 1.000000 -0.000000 0.000000
vn 0.000000 0.000000 -1.000000
vn 0.000000 0.000000 -1.000000
vn 0.000000 0.000000 -1.000000
vn 0.000000 0.000000 -1.000000
vn -1.000000 0.000000 0.000000
vn -1.000000 0.000000 0.000000
vn -1.000000 0.000000 0.000000
vn -1.000000 0.000000 0.000000
vn 0.000000 0.000000 1.000000
vn 0.000000 0.000000 1.000000
vn 0.000000 0.000000 1.000000
vn 0.000000 0.000000 1.000000
vn 1.000000 -0.000000 0.000000
vn 1.000000 -0.000000 0.000000
vn 1.000000 -0.000000 0.000000
vn 1.000000 -0.000000 0.000000
vn 0.000000 0.000000 -1.000000
vn 0.000000 0.000000 -1.000000
vn 0.000000 0.000000 -1.000000
vn 0.000000 0.000000 -1.000000
vn -1.000000 0.000000 0.000000
vn -1.000000 0.000000 0.000000
vn -1.000000 0.000000 0.000000
vn -1.000000 0.000000 0.000000
vn 0.000000 0.000000 1.000000
vn 0.000000 0.000000 1.000000
vn 0.000000 0.000000 1.000000
vn 0.000000 0.000000 1.000000
vn 1.000000 -0.000000 0.000000
vn 1.000000 -0.000000 0.000000
vn 1.000000 -0.000000 0.000000
vn 1.000000 -0.000000 0.000000
vn 0.000000 0.000000 -1.000000
vn 0.000000 0.000000 -1.000000
vn 0.000000 0.000000 -1.000000
vn 0.000000 0.000000 -1.000000
vn -1.000000 0.000000 0.000000
vn -1.000000 0.000000 0.000000
vn -1.000000 0.000000 0.000000
vn -1.000000 0.000000 0.000000
vn 0.000000 0.000000 1.000000
vn 0.000000 0.000000 1.000000
vn 0.000000 0.000000 1.000000
vn 0.000000 0.000000 1.000000
vn 1.000000 -0.000000 0.000000
vn 1.000000 -0.000000 0.000000
vn 1.000000 -0.000000 0.000000
vn 1.000000 -0.000000 0.000000
vn 0.000000 0.000000 -1.000000
vn 0.000000 0.000000 -1.000000
vn 0.000000 0.000000 -1.000000
vn 0.000000 0.000000 -1.000000
vn -1.000000 0.000000 0.000000
vn -1.000000 0.000000 0.000000
vn -1.000000 0.000000 0.000000
vn -1.000000 0.000000 0.000000
vn 0.000000 0.000000 1.000000
vn 0.000000 0.000000 1.000000
vn 0.000000 0.000000 1.000000
vn 0.000000 0.000000 1.000000
vn 1.000000 -0.000000 0.000000
vn 1.000000 -0.000000 0.000000
vn 1.000000 -0.000000 0.000000
vn 1.000000 -0.000000 0.000000
vn 0.000000 0.000000 -1.000000
vn 0.000000 0.000000 -1.000000
vn 0.000000 0.000000 -1.000000
vn 0.000000 0.000000 -1.000000
vn -1.000000 0.000000 0.000000
vn -1.000000 0.000000 0.000000
vn -1.000000 0.000000 0.000000
vn -1.000000 0.000000 0.000000
vn 0.000000 0.000000 1.000000
vn 0.000000 0.000000 1.000000
vn 0.000000 0.000000 1.000000
vn 0.000000 0.000000 1.000000
vn 1.000000 -0.000000 0.000000
vn 1.000000 -0.000000 0.000000
vn 1.000000 -0.000000 0.000000
vn 1.000000 -0.000000 0.000000
vn 0.000000 0.000000 -1.000000
vn 0.000000 0.000000 -1.000000
vn 0.000000 0.000000 -1.000000
vn 0.000000 0.000000 -1.000000
vn -1.000000 0.000000 0.000000
vn -1.000000 0.000000 0.000000
vn -1.000000 0.000000 0.000000
vn -1.000000 0.000000 0.000000
vn 0.000000 0.000000 1.000000
vn 0.000000 0.000000 1.000000
vn 0.000000 0.000000 1.000000
vn 0.000000 0.000000 1.000000
vn 1.000000 -0.000000 0.000000
vn 1.000000 -0.000000 0.000000
vn 1.000000 -0.000000 0.000000
vn 1.000000 -0.000000 0.000000
vn 0.000000 0.000000 -1.000000
vn 0.000000 0.000000 -1.000000
vn 0.000000 0.000000 -1.000000
vn 0.000000 0.000000 -1.000000
vn -1.000000 0.000000 0.000000
vn -1.000000 0.000000 0.000000
vn -1.000000 0.000000 0.000000
vn -1.000000 0.000000 0.000000
vn 0.000000 0.000000 1.000000
vn 0.000000 0.000000 1.000000
vn 0.000000 0.000000 1.000000
vn 0.000000 0.000000 1.000000
vn 1.000000 -0.000000 0.000000
vn 1.000000 -0.000000 0.000000
vn 1.000000 -0.000000 0.000000
vn 1.000000 -0.000000 0.000000
vn 0.000000 1.000000 0.000000
vn 0.000000 1.000000 0.000000
vn 0.000000 1.000000 0.000000
vn 0.000000 1.000000 0.000000
vn 0.000000 1.000000 0.000000
vn 0.000000 1.000000 0.000000
vn 0.000000 1.000000 0.000000
vn 0.000000 1.000000 0.000000
vn 0.000000 1.000000 0.000000
vn 0.000000 1.000000 0.000000
vn 0.000000 1.000000 0.000000
vn 0.000000 1.000000 0.000000
vn 0.000000 1.000000 0.000000
vn 0.000000 1.000000 0.000000
vn 0.000000 1.000000 0.000000
vn 0.000000 1.000000 0.000000
vn 0.000000 1.000000 0.000000
vn 0.000000 1.000000 0.000000
vn 0.000000 1.000000 0.000000
vn 0.000000 1.000000 0.000000
vn 0.000000 1.000000 0.000000
vn 0.000000 1.000000 0.000000
vn 0.000000 1.000000 0.000000
vn 0.000000 1.000000 0.000000
vn 0.000000 1.000000 0.000000
vn 0.000000 1.000000 0.000000
vn 0.000000 1.000000 0.000000
vn 0.000000 1.000000 0.000000
vn 0.000000 1.000000 0.000000
vn 0.000000 1.000000 0.000000
vn 0.000000 1.000000 0.000000
vn 0.000000 1.000000 0.000000
vn 0.000000 1.000000 0.000000
vn 0.000000 1.000000 0.000000
vn 0.000000 1.000000 0.000000
vn 0.000000 1.000000 0.000000
vn 0.000000 1.000000 0.000000
vn 0.000000 1.000000 0.000000
vn 0.000000 1.000000 0.000000
vn 0.000000 1.000000 0.000000
vn 0.000000 1.000000 0.000000
vn 0.000000 1.000000 0.000000
vn 0.000000 1.000000 0.000000
vn 0.000000 1.000000 0.000000
vn 0.000000 1.000000 0.000000
vn 0.000000 1.000000 0.000000
vn 0.000000 1.000000 0.000000
vn 0.000000 1.000000 0.000000
vn 0.000000 1.000000 0.000000
vn 0.000000 1.000000 0.000000
vn 0.000000 1.000000 0.000000
vn 0.000000 1.000000 0.000000
vn 0.000000 1.000000 0.000000
vn 0.000000 1.000000 0.000000
vn 0.000000 1.000000 0.000000
vn 0.000000 1.000000 0.000000
vn 0.000000 1.000000 0.000000
vn 0.000000 1.000000 0.000000
vn 0.000000 1.000000 0.000000
vn 0.000000 1.000000 0.000000
vn 0.000000 1.000000 0.000000
vn 0.000000 1.000000 0.000000
vn 0.000000 1.000000 0.000000
vn 0.000000 1.000000 0.000000
vn 0.000000 1.000000 0.000000
vn 0.000000 1.000000 0.000000
vn 0.000000 1.000000 0.000000
vn 0.000000 1.000000 0.000000
vn 0.000000 1.000000 0.000000
vn 0.000000 1.000000 0.000000
vn 0.000000 1.000000 0.000000
vn 0.000000 1.000000 0.000000
vn 0.000000 1.000000 0.000000
vn 0.000000 1.000000 0.000000
vn 0.000000 1.000000 0.000000
vn 0.000000 1.000000 0.000000
vn 0.000000 1.000000 0.000000
vn 0.000000 1.000000 0.000000
vn 0.000000 1.000000 0.000000
vn 0.000000 1.000000 0.000000
vn 0.000000 1.000000 0.000000
vn 0.000000 1.000000 0.000000
vn 0.000000 1.000000 0.000000
vn 0.000000 1.000000 0.000000
vn 0.000000 1.000000 0.000000
vn 0.000000 1.000000 0.000000
vn 0.000000 1.000000 0.000000
vn 0.000000 1.000000 0.000000
vn 0.000000 1.000000 0.000000
vn 0.000000 1.000000 0.000000
vn 0.000000 1.000000 0.000000
vn 0.000000 1.000000 0.000000
vn 0.000000 1.000000 0.000000
vn 0.000000 1.000000 0.000000
vn 0.000000 1.000000 0.000000
vn 0.000000 1.000000 0.000000
vn 0.000000 1.000000 0.000000
vn 0.000000 1.000000 0.000000
vn 0.000000 1.000000 0.000000
vn 0.000000 1.000000 0.000000
vn 0.000000 1.000000 0.000000
vn 0.000000 1.000000 0.000000
vn 0.000000 1.000000 0.000000
vn 0.000000 1.000000 0.000000
vn 0.000000 1.000000 0.000000
vn 0.000000 1.000000 0.000000
vn 0.000000 1.000000 0.000000
vn 0.000000 1.000000 0.000000
vn 0.000000 1.000000 0.000000
vn 0.000000 1.000000 0.000000
vn 0.000000 1.000000 0.000000
vn 0.000000 1.000000 0.000000
vn 0.000000 1.000000 0.000000
vn 0.000000 1.000000 0.000000
vn 0.000000 1.000000 0.000000
vn 0.000000 1.000000 0.000000
vn 0.000000 1.000000 0.000000
vn 0.000000 1.000000 0.000000
vn 0.000000 1.000000 0.000000
vn 0.000000 1.000000 0.000000
vn 0.000000 1.000000 0.000000
vn 0.000000 1.000000 0.000000
vn 0.000000 1.000000 0.000000
vn 0.000000 1.000000 0.000000
vn 0.000000 1.000000 0.000000
vn 0.000000 1.000000 0.000000
vn 0.000000 1.000000 0.000000
vn 0.000000 1.000000 0.000000
vn 0.000000 1.000000 0.000000
vn 0.000000 1.000000 0.000000
vn 0.000000 1.000000 0.000000
vn 0.000000 1.000000 0.000000
vn 0.000000 1.000000 0.000000
vn 0.000000 1.000000 0.000000
vn -0.000000 -1.000000 -0.000000
vn -0.000000 -1.000000 -0.000000
vn -0.000000 -1.000000 -0.000000
vn -0.000000 -1.000000 -0.000000
vn -0.000000 -1.000000 -0.000000
vn -0.000000 -1.000000 -0.000000
vn -0.000000 -1.000000 -0.000000
vn -0.000000 -1.000000 -0.000000
vn -0.000000 -1.000000 -0.000000
vn -0.000000 -1.000000 -0.000000
vn -0.000000 -1.000000 -0.000000
vn -0.000000 -1.000000 -0.000000
vn -0.000000 -1.000000 -0.000000
vn -0.000000 -1.000000 -0.000000
vn -0.000000 -1.000000 -0.000000
vn -0.000000 -1.000000 -0.000000
vn -0.000000 -1.000000 -0.000000
vn -0.000000 -1.000000 -0.000000
vn -0.000000 -1.000000 -0.000000
vn -0.000000 -1.000000 -0.000000
vn -0.000000 -1.000000 -0.000000
vn -0.000000 -1.000000 -0.000000
vn -0.000000 -1.000000 -0.000000
vn -0.000000 -1.000000 -0.000000
vn -0.000000 -1.000000 -0.000000
vn -0.000000 -1.000000 -0.000000
vn -0.000000 -1.000000 -0.000000
vn -0.000000 -1.000000 -0.000000
vn -0.000000 -1.000000 -0.000000
vn -0.000000 -1.000000 -0.000000
vn -0.000000 -1.000000 -0.000000
vn -0.000000 -1.000000 -0.000000
vn -0.000000 -1.000000 -0.000000
vn -0.000000 -1.000000 -0.000000
vn -0.000000 -1.000000 -0.000000
vn -0.000000 -1.000000 -0.000000
vn -0.000000 -1.000000 -0.000000
vn -0.000000 -1.000000 -0.000000
vn -0.000000 -1.000000 -0.000000
vn -0.000000 -1.000000 -0.000000
vn -0.000000 -1.000000 -0.000000
vn -0.000000 -1.000000 -0.000000
vn -0.000000 -1.000000 -0.000000
vn -0.000000 -1.000000 -0.000000
vn -0.000000 -1.000000 -0.000000
vn -0.000000 -1.000000 -0.000000
vn -0.000000 -1.000000 -0.000000
vn -0.000000 -1.000000 -0.000000
vn -0.000000 -1.000000 -0.000000
vn -0.000000 -1.000000 -0.000000
vn -0.000000 -1.000000 -0.000000
vn -0.000000 -1.000000 -0.000000
vn -0.000000 -1.000000 -0.000000
vn -0.000000 -1.000000 -0.000000
vn -0.000000 -1.000000 -0.000000
vn -0.000000 -1.000000 -0.000000
vn -0.000000 -1.000000 -0.000000
vn -0.000000 -1.000000 -0.000000
vn -0.000000 -1.000000 -0.000000
vn -0.000000 -1.000000 -0.000000
vn -0.000000 -1.000000 -0.000000
vn -0.000000 -1.000000 -0.000000
vn -0.000000 -1.000000 -0.000000
vn -0.000000 -1.000000 -0.000000
vn -0.000000 -1.000000 -0.000000
vn -0.000000 -1.000000 -0.000000
vn -0.000000 -1.000000 -0.000000
vn -0.000000 -1.000000 -0.000000
vn -0.000000 -1.000000 -0.000000
vn -0.000000 -1.000000 -0.000000
vn -0.000000 -1.000000 -0.000000
vn -0.000000 -1.000000 -0.000000
vn -0.000000 -1.000000 -0.000000
vn -0.000000 -1.000000 -0.000000
vn -0.000000 -1.000000 -0.000000
vn -0.000000 -1.000000 -0.000000
vn -0.000000 -1.000000 -0.000000
vn -0.000000 -1.000000 -0.000000
vn -0.000000 -1.000000 -0.000000
vn -0.000000 -1.000000 -0.000000
vn -0.000000 -1.000000 -0.000000
vn -0.000000 -1.000000 -0.000000
vn -0.000000 -1.000000 -0.000000
vn -0.000000 -1.000000 -0.000000
vn -0.000000 -1.000000 -0.000000
vn -0.000000 -1.000000 -0.000000
vn -0.000000 -1.000000 -0.000000
vn -0.000000 -1.000000 -0.000000
vn -0.000000 -1.000000 -0.000000
vn -0.000000 -1.000000 -0.000000
vn -0.000000 -1.000000 -0.000000
vn -0.000000 -1.000000 -0.000000
vn -0.000000 -1.000000 -0.000000
vn -0.000000 -1.000000 -0.000000
vn -0.000000 -1.000000 -0.000000
vn -0.000000 -1.000000 -0.000000
vn -0.000000 -1.000000 -0.000000
vn -0.000000 -1.000000 -0.000000
vn -0.000000 -1.000000 -0.000000
vn -0.000000 -1.000000 -0.000000
vn -0.000000 -1.000000 -0.000000
vn -0.000000 -1.000000 -0.000000
vn -0.000000 -1.000000 -0.000000
vn -0.000000 -1.000000 -0.000000
vn -0.000000 -1.000000 -0.000000
vn -0.000000 -1.000000 -0.000000
vn -0.000000 -1.000000 -0.000000
vn -0.000000 -1.000000 -0.000000
vn -0.000000 -1.000000 -0.000000
vn -0.000000 -1.000000 -0.000000
vn -0.000000 -1.000000 -0.000000
vn -0.000000 -1.000000 -0.000000
vn -0.000000 -1.000000 -0.000000
vn -0.000000 -1.000000 -0.000000
vn -0.000000 -1.000000 -0.000000
vn -0.000000 -1.000000 -0.000000
vn -0.000000 -1.000000 -0.000000
vn -0.000000 -1.000000 -0.000000
vn -0.000000 -1.000000 -0.000000
vn -0.000000 -1.000000 -0.000000
vn -0.000000 -1.000000 -0.000000
vn -0.000000 -1.000000 -0.000000
vn -0.000000 -1.000000 -0.000000
vn -0.000000 -1.000000 -0.000000
vn -0.000000 -1.000000 -0.000000
vn -0.000000 -1.000000 -0.000000
vn -0.000000 -1.000000 -0.000000
vn -0.000000 -1.000000 -0.000000
vn -0.000000 -1.000000 -0.000000
vn -0.000000 -1.000000 -0.000000
vn -0.000000 -1.000000 -0.000000
vn -0.000000 -1.000000 -0.000000
vn -0.000000 -1.000000 -0.000000
vn -0.000000 -1.000000 -0.000000
vn -0.000000 -1.000000 -0.000000
vn -0.000000 -1.000000 -0.000000
vn -0.000000 -1.000000 -0.000000
vn -0.000000 -1.000000 -0.000000
vn -0.000000 -1.000000 -0.000000
vn -0.000000 -1.000000 -0.000000
vn -0.000000 -1.000000 -0.000000
vn -0.000000 -1.000000 -0.000000
vn -0.000000 -1.000000 -0.000000
vn -0.000000 -1.000000 -0.000000
vn -0.000000 -1.000000 -0.000000
vn -0.000000 -1.000000 -0.000000
vn -0.000000 -1.000000 -0.000000
vn -0.000000 -1.000000 -0.000000
vn -0.000000 -1.000000 -0.000000
vn -0.000000 -1.000000 -0.000000
vn -0.000000 -1.000000 -0.000000
vn -0.000000 -1.000000 -0.000000
vn -0.000000 -1.000000 -0.000000
vn -0.000000 -1.000000 -0.000000
vn -0.000000 -1.000000 -0.000000
vn -0.000000 -1.000000 -0.000000
vn -0.000000 -1.000000 -0.000000
vn -0.000000 -1.000000 -0.000000
vn -0.000000 -1.000000 -0.000000
vn -0.000000 -1.000000 -0.000000
vn -0.000000 -1.000000 -0.000000
vn -0.000000 -1.000000 -0.000000
vn -0.000000 -1.000000 -0.000000
vn -0.000000 -1.000000 -0.000000
vn -0.000000 -1.000000 -0.000000
vn -0.000000 -1.000000 -0.000000
vn -0.000000 -1.000000 -0.000000
vn -0.000000 -1.000000 -0.000000
vn -0.000000 -1.000000 -0.000000
vn -0.000000 -1.000000 -0.000000
vn -0.000000 -1.000000 -0.000000
vn -0.000000 -1.000000 -0.000000
vn -0.000000 -1.000000 -0.000000
vn -0.000000 -1.000000 -0.000000
vn -0.000000 -1.000000 -0.000000
vn -0.000000 -1.000000 -0.000000
vn -0.000000 -1.000000 -0.000000
vn -0.000000 -1.000000 -0.000000
vn -0.000000 -1.000000 -0.000000
vn -0.000000 -1.000000 -0.000000
vn -0.000000 -1.000000 -0.000000
vn -0.000000 -1.000000 -0.000000
vn -0.000000 -1.000000 -0.000000
vn -0.000000 -1.000000 -0.000000
vn -0.000000 -1.000000 -0.000000
vn -0.000000 -1.000000 -0.000000
vn -0.000000 -1.000000 -0.000000
vn -0.000000 -1.000000 -0.000000
vn -0.000000 -1.000000 -0.000000
vn -0.000000 -1.000000 -0.000000
vn -0.000000 -1.000000 -0.000000
vn -0.000000 -1.000000 -0.000000
vn -0.000000 -1.000000 -0.000000
vn -0.000000 -1.000000 -0.000000
vn 1.000000 -0.000000 -0.000000
vn 1.000000 -0.000000 -0.000000
vn 1.000000 -0.000000 -0.000000
vn 1.000000 -0.000000 -0.000000
vn 1.000000 -0.000000 -0.000000
vn 1.000000 -0.000000 -0.000000
vn -0.000000 -0.000000 -1.000000
vn -0.000000 -0.000000 -1.000000
vn -0.000000 -0.000000 -1.000000
vn -0.000000 -0.000000 -1.000000
vn -0.000000 -0.000000 -1.000000
vn -0.000000 -0.000000 -1.000000
vn -1.000000 -0.000000 0.000000
vn -1.000000 -0.000000 0.000000
vn -1.000000 -0.000000 0.000000
vn -1.000000 -0.000000 0.000000
vn -1.000000 -0.000000 0.000000
vn -1.000000 -0.000000 0.000000
vn -0.000000 -0.000000 1.000000
vn -0.000000 -0.000000 1.000000
vn -0.000000 -0.000000 1.000000
vn -0.000000 -0.000000 1.000000
vn -0.000000 -0.000000 1.000000
vn -0.000000 -0.000000 1.000000
vn 0.000000 -0.000000 -1.000000
vn 0.000000 -0.000000 -1.000000
vn 0.258819 -0.000000 -0.965926
vn 0.258819 -0.000000 -0.965926
vn 0.500000 -0.000000 -0.866025
vn 0.500000 -0.000000 -0.866025
vn 0.707107 -0.000000 -0.707107
vn 0.707107 -0.000000 -0.707107
vn 0.866025 -0.000000 -0.500000
vn 0.866025 -0.000000 -0.500000
vn 0.965926 -0.000000 -0.258819
vn 0.965926 -0.000000 -0.258819
vn 1.000000 -0.000000 0.000000
vn 1.000000 -0.000000 0.000000
vn 0.965926 -0.000000 0.258819
vn 0.965926 -0.000000 0.258819
vn 0.866025 -0.000000 0.500000
vn 0.866025 -0.000000 0.500000
vn 0.707107 -0.000000 0.707107
vn 0.707107 -0.000000 0.707107
vn 0.500000 -0.000000 0.866025
vn 0.500000 -0.000000 0.866025
vn 0.258819 -0.000000 0.965926
vn 0.258819 -0.000000 0.965926
vn 0.000000 -0.000000 1.000000
vn 0.000000 -0.000000 1.000000
vn -0.000000 0.000000 -1.000000
vn -0.000000 0.000000 -1.000000
vn -0.000000 -0.000000 1.000000
vn -0.000000 -0.000000 1.000000
vn -0.258819 -0.000000 0.965926
vn -0.258819 -0.000000 0.965926
vn -0.500000 -0.000000 0.866025
vn -0.500000 -0.000000 0.866025
vn -0.707107 -0.000000 0.707107
vn -0.707107 -0.000000 0.707107
vn -0.866025 -0.000000 0.500000
vn -0.866025 -0.000000 0.500000
vn -0.965926 -0.000000 0.258819
vn -0.965926 -0.000000 0.258819
vn -1.000000 -0.000000 0.000000
vn -1.000000 -0.000000 0.000000
vn -0.965926 -0.000000 -0.258819
vn -0.965926 -0.000000 -0.258819
vn -0.866025 -0.000000 -0.500000
vn -0.866025 -0.000000 -0.500000
vn -0.707107 -0.000000 -0.707107
vn -0.707107 -0.000000 -0.707107
vn -0.500000 -0.000000 -0.866025
vn -0.500000 -0.000000 -0.866025
vn -0.258819 -0.000000 -0.965926
vn -0.258819 -0.000000 -0.965926
vn 0.000000 1.000000 0.000000
vn 0.000000 1.000000 0.000000
vn 0.000000 1.000000 0.000000
vn 0.000000 1.000000 0.000000
vn 1.000000 -0.000000 -0.000000
vn 1.000000 -0.000000 -0.000000
vn 1.000000 -0.000000 -0.000000
vn 1.000000 -0.000000 -0.000000
vn -0.000000 -0.000000 -1.000000
vn -0.000000 -0.000000 -1.000000
vn -0.000000 -0.000000 -1.000000
vn -0.000000 -0.000000 -1.000000
vn -1.000000 -0.000000 0.000000
vn -1.000000 -0.000000 0.000000
vn -1.000000 -0.000000 0.000000
vn -1.000000 -0.000000 0.000000
vn -0.000000 -0.000000 1.000000
vn -0.000000 -0.000000 1.000000
vn -0.000000 -0.000000 1.000000
vn -0.000000 -0.000000 1.000000
vn -0.000000 -1.000000 -0.000000
vn -0.000000 -1.000000 -0.000000
vn -0.000000 -1.000000 -0.000000
vn -0.000000 -1.000000 -0.000000
vn -0.000000 -1.000000 -0.000000
vn -0.000000 -1.000000 -0.000000
vn -0.000000 -1.000000 -0.000000
vn -0.000000 -1.000000 -0.000000
vn -0.000000 -1.000000 -0.000000
vn -0.000000 -1.000000 -0.000000
vn -0.000000 -1.000000 -0.000000
vn -0.000000 -1.000000 -0.000000
vn -0.000000 -1.000000 -0.000000
vn -0.000000 -1.000000 -0.000000
vn -0.000000 -1.000000 -0.000000
vn -0.000000 -1.000000 -0.000000
vn -0.000000 -1.000000 -0.000000
vn -0.000000 -1.000000 -0.000000
vn -0.000000 -1.000000 -0.000000
vn -0.000000 -1.000000 -0.000000
vn -0.000000 -1.000000 -0.000000
vn -0.000000 -1.000000 -0.000000
vn -0.000000 -1.000000 -0.000000
vn -0.000000 -1.000000 -0.000000
vn -0.000000 -1.000000 -0.000000
vn -0.000000 -1.000000 -0.000000
vn -0.000000 -1.000000 -0.000000
vn -0.000000 -1.000000 -0.000000
vn -0.000000 -1.000000 -0.000000
vn -0.000000 -1.000000 -0.000000
vn -0.000000 -1.000000 -0.000000
vn -0.000000 -1.000000 -0.000000
vn -0.000000 -1.000000 -0.000000
vn -0.000000 -1.000000 -0.000000
vn -0.000000 -1.000000 -0.000000
vn -0.000000 -1.000000 -0.000000
vn -0.000000 -1.000000 -0.000000
vn -0.000000 -1.000000 -0.000000
vn -0.000000 -1.000000 -0.000000
vn -0.000000 -1.000000 -0.000000
vn -0.000000 -1.000000 -0.000000
vn -0.000000 -1.000000 -0.000000
vn -0.000000 -1.000000 -0.000000
vn -0.000000 -1.000000 -0.000000
vn -0.000000 -1.000000 -0.000000
vn -0.000000 -1.000000 -0.000000
vn -0.000000 -1.000000 -0.000000
vn -0.000000 -1.000000 -0.000000
vn -0.000000 -1.000000 -0.000000
vn -0.000000 -1.000000 -0.000000
vn -0.000000 -1.000000 -0.000000
vn -0.000000 -1.000000 -0.000000
vn -0.000000 -1.000000 -0.000000
vn -0.000000 -1.000000 -0.000000
vn -0.000000 -1.000000 -0.000000
vn -0.000000 -1.000000 -0.000000
vn -0.000000 -1.000000 -0.000000
vn -0.000000 -1.000000 -0.000000
vn -0.000000 -1.000000 -0.000000
vn -0.000000 -1.000000 -0.000000
vn -0.000000 -1.000000 -0.000000
vn -0.000000 -1.000000 -0.000000
vn -0.000000 -1.000000 -0.000000
vn -0.000000 -1.000000 -0.000000
usemtl Opaque(76,76,76)
f 2/1/1 48/2/2 1/3/3
f 1/3/3 48/2/2 25/4/4
f 1/3/3 25/4/4 24/5/5
f 24/5/5 25/4/4 26/6/6
f 24/5/5 26/6/6 23/7/7
f 23/7/7 26/6/6 27/8/8
f 23/7/7 27/8/8 22/9/9
f 22/9/9 27/8/8 28/10/10
f 22/9/9 28/10/10 21/11/11
f 21/11/11 28/10/10 29/12/12
f 21/11/11 29/12/12 20/13/13
f 20/13/13 29/12/12 30/14/14
f 20/13/13 30/14/14 19/15/15
f 19/15/15 30/14/14 31/16/16
f 19/15/15 31/16/16 18/17/17
f 18/17/17 31/16/16 32/18/18
f 18/17/17 32/18/18 17/19/19
f 17/19/19 32/18/18 33/20/20
f 17/19/19 33/20/20 16/21/21
f 16/21/21 33/20/20 34/22/22
f 16/21/21 34/22/22 15/23/23
f 15/23/23 34/22/22 35/24/24
f 15/23/23 35/24/24 14/25/25
f 14/25/25 35/24/24 36/26/26
f 14/25/25 36/26/26 13/27/27
f 13/27/27 36/26/26 37/28/28
f 13/29/27 37/30/28 12/31/29
f 12/31/29 37/30/28 38/32/30
f 12/31/29 38/32/30 11/33/31
f 11/33/31 38/32/30 39/34/32
f 11/33/31 39/34/32 10/35/33
f 10/35/33 39/34/32 40/36/34
f 10/35/33 40/36/34 9/37/35
f 9/37/35 40/36/34 41/38/36
f 9/37/35 41/38/36 8/39/37
f 8/39/37 41/38/36 42/40/38
f 8/39/37 42/40/38 7/41/39
f 7/41/39 42/40/38 43/42/40
f 7/41/39 43/42/40 6/43/41
f 6/43/41 43/42/40 44/44/42
f 6/43/41 44/44/42 5/45/43
f 5/45/43 44/44/42 45/46/44
f 5/45/43 45/46/44 4/47/45
f 4/47/45 45/46/44 46/48/46
f 4/47/45 46/48/46 3/49/47
f 3/49/47 46/48/46 47/50/48
f 3/49/47 47/50/48 2/1/1
f 2/1/1 47/50/48 48/2/2
f 50/51/49 96/52/50 49/53/51
f 49/53/51 96/52/50 73/54/52
f 49/53/51 73/54/52 72/55/53
f 72/55/53 73/54/52 74/56/54
f 72/55/53 74/56/54 71/57/55
f 71/57/55 74/56/54 75/58/56
f 71/57/55 75/58/56 70/59/57
f 70/59/57 75/58/56 76/60/58
f 70/59/57 76/60/58 69/61/59
f 69/61/59 76/60/58 77/62/60
f 69/61/59 77/62/60 68/63/61
f 68/63/61 77/62/60 78/64/62
f 68/63/61 78/64/62 67/65/63
f 67/65/63 78/64/62 79/66/64
f 67/65/63 79/66/64 66/67/65
f 66/67/65 79/66/64 80/68/66
f 66/67/65 80/68/66 65/69/67
f 65/69/67 80/68/66 81/70/68
f 65/69/67 81/70/68 64/71/69
f 64/71/69 81/70/68 82/72/70
f 64/71/69 82/72/70 63/73/71
f 63/73/71 82/72/70 83/74/72
f 63/73/71 83/74/72 62/75/73
f 62/75/73 83/74/72 84/76/74
f 62/75/73 84/76/74 61/77/75
f 61/77/75 84/76/74 85/78/76
f 61/79/75 85/80/76 60/81/77
f 60/81/77 85/80/76 86/82/78
f 60/81/77 86/82/78 59/83/79
f 59/83/79 86/82/78 87/84/80
f 59/83/79 87/84/80 58/85/81
f 58/85/81 87/84/80 88/86/82
f 58/85/81 88/86/82 57/87/83
f 57/87/83 88/86/82 89/88/84
f 57/87/83 89/88/84 56/89/85
f 56/89/85 89/88/84 90/90/86
f 56/89/85 90/90/86 55/91/87
f 55/91/87 90/90/86 91/92/88
f 55/91/87 91/92/88 54/93/89
f 54/93/89 91/92/88 92/94/90
f 54/93/89 92/94/90 53/95/91
f 53/95/91 92/94/90 93/96/92
f 53/95/91 93/96/92 52/97/93
f 52/97/93 93/96/92 94/98/94
f 52/97/93 94/98/94 51/99/95
f 51/99/95 94/98/94 95/100/96
f 51/99/95 95/100/96 50/51/49
f 50/51/49 95/100/96 96/52/50
f 98/101/97 144/102/98 97/103/99
f 97/103/99 144/102/98 121/104/100
f 97/103/99 121/104/100 120/105/101
f 120/105/101 121/104/100 122/106/102
f 120/105/101 122/106/102 119/107/103
f 119/107/103 122/106/102 123/108/104
f 119/107/103 123/108/104 118/109/105
f 118/109/105 123/108/104 124/110/106
f 118/109/105 124/110/106 117/111/107
f 117/111/107 124/110/106 125/112/108
f 117/111/107 125/112/108 116/113/109
f 116/113/109 125/112/108 126/114/110
f 116/113/109 126/114/110 115/115/111
f 115/115/111 126/114/110 127/116/112
f 115/115/111 127/116/112 114/117/113
f 114/117/113 127/116/112 128/118/114
f 114/117/113 128/118/114 113/119/115
f 113/119/115 128/118/114 129/120/116
f 113/119/115 129/120/116 112/121/117
f 112/121/117 129/120/116 130/122/118
f 112/121/117 130/122/118 111/123/119
f 111/123/119 130/122/118 131/124/120
f 111/123/119 131/124/120 110/125/121
f 110/125/121 131/124/120 132/126/122
f 110/125/121 132/126/122 109/127/123
f 109/127/123 132/126/122 133/128/124
f 109/129/123 133/130/124 108/131/125
f 108/131/125 133/130/124 134/132/126
f 108/131/125 134/132/126 107/133/127
f 107/133/127 134/132/126 135/134/128
f 107/133/127 135/134/128 106/135/129
f 106/135/129 135/134/128 136/136/130
f 106/135/129 136/136/130 105/137/131
f 105/137/131 136/136/130 137/138/132
f 105/137/131 137/138/132 104/139/133
f 104/139/133 137/138/132 138/140/134
f 104/139/133 138/140/134 103/141/135
f 103/141/135 138/140/134 139/142/136
f 103/141/135 139/142/136 102/143/137
f 102/143/137 139/142/136 140/144/138
f 102/143/137 140/144/138 101/145/139
f 101/145/139 140/144/138 141/146/140
f 101/145/139 141/146/140 100/147/141
f 100/147/141 141/146/140 142/148/142
f 100/147/141 142/148/142 99/149/143
f 99/149/143 142/148/142 143/150/144
f 99/149/143 143/150/144 98/101/97
f 98/101/97 143/150/144 144/102/98
f 146/151/145 192/152/146 145/153/147
f 145/153/147 192/152/146 169/154/148
f 145/153/147 169/154/148 168/155/149
f 168/155/149 169/154/148 170/156/150
f 168/155/149 170/156/150 167/157/151
f 167/157/151 170/156/150 171/158/152
f 167/157/151 171/158/152 166/159/153
f 166/159/153 171/158/152 172/160/154
f 166/159/153 172/160/154 165/161/155
f 165/161/155 172/160/154 173/162/156
f 165/161/155 173/162/156 164/163/157
f 164/163/157 173/162/156 174/164/158
f 164/163/157 174/164/158 163/165/159
f 163/165/159 174/164/158 175/166/160
f 163/165/159 175/166/160 162/167/161
f 162/167/161 175/166/160 176/168/162
f 162/167/161 176/168/162 161/169/163
f 161/169/163 176/168/162 177/170/164
f 161/169/163 177/170/164 160/171/165
f 160/171/165 177/170/164 178/172/166
f 160/171/165 178/172/166 159/173/167
f 159/173/167 178/172/166 179/174/168
f 159/173/167 179/174/168 158/175/169
f 158/175/169 179/174/168 180/176/170
f 158/175/169 180/176/170 157/177/171
f 157/177/171 180/176/170 181/178/172
f 157/179/171 181/180/172 156/181/173
f 156/181/173 181/180/172 182/182/174
f 156/181/173 182/182/174 155/183/175
f 155/183/175 182/182/174 183/184/176
f 155/183/175 183/184/176 154/185/177
f 154/185/177 183/184/176 184/186/178
f 154/185/177 184/186/178 153/187/179
f 153/187/179 184/186/178 185/188/180
f 153/187/179 185/188/180 152/189/181
f 152/189/181 185/188/180 186/190/182
f 152/189/181 186/190/182 151/191/183
f 151/191/183 186/190/182 187/192/184
f 151/191/183 187/192/184 150/193/185
f 150/193/185 187/192/184 188/194/186
f 150/193/185 188/194/186 149/195/187
f 149/195/187 188/194/186 189/196/188
f 149/195/187 189/196/188 148/197/189
f 148/197/189 189/196/188 190/198/190
f 148/197/189 190/198/190 147/199/191
f 147/199/191 190/198/190 191/200/192
f 147/199/191 191/200/192 146/151/145
f 146/151/145 191/200/192 192/152/146
f 194/201/193 195/202/194 193/203/195
f 193/203/195 195/202/194 196/204/196
f 195/202/197 197/205/198 196/206/199
f 196/206/199 197/205/198 198/207/200
f 197/208/201 199/209/202 198/210/203
f 198/210/203 199/209/202 200/211/204
f 199/212/205 194/213/206 200/214/207
f 200/214/207 194/213/206 193/215/208
f 202/216/209 203/217/210 201/218/211
f 201/218/211 203/217/210 204/219/212
f 203/220/213 205/221/214 204/222/215
f 204/222/215 205/221/214 206/223/216
f 205/224/217 207/225/218 206/226/219
f 206/226/219 207/225/218 208/227/220
f 207/228/221 202/229/222 208/230/223
f 208/230/223 202/229/222 201/231/224
f 210/232/225 211/233/226 209/234/227
f 209/234/227 211/233/226 212/235/228
f 211/236/229 213/237/230 212/238/231
f 212/238/231 213/237/230 214/239/232
f 213/240/233 215/241/234 214/242/235
f 214/242/235 215/241/234 216/243/236
f 215/244/237 210/245/238 216/246/239
f 216/246/239 210/245/238 209/247/240
f 218/248/241 219/249/242 217/250/243
f 217/250/243 219/249/242 220/251/244
f 219/252/245 221/253/246 220/254/247
f 220/254/247 221/253/246 222/255/248
f 221/256/249 223/257/250 222/258/251
f 222/258/251 223/257/250 224/259/252
f 223/260/253 218/261/254 224/262/255
f 224/262/255 218/261/254 217/263/256
f 226/264/257 227/265/258 225/266/259
f 225/266/259 227/265/258 228/267/260
f 227/268/261 229/269/262 228/270/263
f 228/270/263 229/269/262 230/271/264
f 229/272/265 231/273/266 230/274/267
f 230/274/267 231/273/266 232/275/268
f 231/276/269 226/277/270 232/278/271
f 232/278/271 226/277/270 225/279/272
f 234/280/273 235/281/274 233/282/275
f 233/282/275 235/281/274 236/283/276
f 235/284/277 237/285/278 236/286/279
f 236/286/279 237/285/278 238/287/280
f 237/288/281 239/289/282 238/290/283
f 238/290/283 239/289/282 240/291/284
f 239/292/285 234/293/286 240/294/287
f 240/294/287 234/293/286 233/295/288
f 242/296/289 243/297/290 241/298/291
f 241/298/291 243/297/290 244/299/292
f 243/300/293 245/301/294 244/302/295
f 244/302/295 245/301/294 246/303/296
f 245/304/297 247/305/298 246/306/299
f 246/306/299 247/305/298 248/307/300
f 247/308/301 242/309/302 248/310/303
f 248/310/303 242/309/302 241/311/304
f 250/312/305 251/313/306 249/314/307
f 249/314/307 251/313/306 252/315/308
f 251/316/309 253/317/310 252/318/311
f 252/318/311 253/317/310 254/319/312
f 253/320/313 255/321/314 254/322/315
f 254/322/315 255/321/314 256/323/316
f 255/324/317 250/325/318 256/326/319
f 256/326/319 250/325/318 249/327/320
f 258/328/321 259/329/322 257/330/323
f 257/330/323 259/329/322 260/331/324
f 259/332/325 261/333/326 260/334/327
f 260/334/327 261/333/326 262/335/328
f 261/336/329 263/337/330 262/338/331
f 262/338/331 263/337/330 264/339/332
f 263/340/333 258/341/334 264/342/335
f 264/342/335 258/341/334 257/343/336
f 266/344/337 267/345/338 265/346/339
f 265/346/339 267/345/338 268/347/340
f 267/348/341 269/349/342 268/350/343
f 268/350/343 269/349/342 270/351/344
f 269/352/345 271/353/346 270/354/347
f 270/354/347 271/353/346 272/355/348
f 271/356/349 266/357/350 272/358/351
f 272/358/351 266/357/350 265/359/352
f 274/360/353 275/361/354 273/362/355
f 273/362/355 275/361/354 276/363/356
f 275/364/357 277/365/358 276/366/359
f 276/366/359 277/365/358 278/367/360
f 277/368/361 279/369/362 278/370/363
f 278/370/363 279/369/362 280/371/364
f 279/372/365 274/373/366 280/374/367
f 280/374/367 274/373/366 273/375/368
f 282/376/369 283/377/370 281/378/371
f 281/378/371 283/377/370 284/379/372
f 283/380/373 285/381/374 284/382/375
f 284/382/375 285/381/374 286/383/376
f 285/384/377 287/385/378 286/386/379
f 286/386/379 287/385/378 288/387/380
f 287/388/381 282/389/382 288/390/383
f 288/390/383 282/389/382 281/391/384
f 290/392/385 291/393/386 289/394/387
f 289/394/387 291/393/386 292/395/388
f 291/396/389 293/397/390 292/398/391
f 292/398/391 293/397/390 294/399/392
f 293/400/393 295/401/394 294/402/395
f 294/402/395 295/401/394 296/403/396
f 295/404/397 290/405/398 296/406/399
f 296/406/399 290/405/398 289/407/400
f 298/408/401 299/409/402 297/410/403
f 297/410/403 299/409/402 300/411/404
f 299/412/405 301/413/406 300/414/407
f 300/414/407 301/413/406 302/415/408
f 301/416/409 303/417/410 302/418/411
f 302/418/411 303/417/410 304/419/412
f 303/420/413 298/421/414 304/422/415
f 304/422/415 298/421/414 297/423/416
f 306/424/417 307/425/418 305/426/419
f 305/426/419 307/425/418 308/427/420
f 307/428/421 309/429/422 308/430/423
f 308/430/423 309/429/422 310/431/424
f 309/432/425 311/433/426 310/434/427
f 310/434/427 311/433/426 312/435/428
f 311/436/429 306/437/430 312/438/431
f 312/438/431 306/437/430 305/439/432
f 314/440/433 315/441/434 313/442/435
f 313/442/435 315/441/434 316/443/436
f 315/444/437 317/445/438 316/446/439
f 316/446/439 317/445/438 318/447/440
f 317/448/441 319/449/442 318/450/443
f 318/450/443 319/449/442 320/451/444
f 319/452/445 314/453/446 320/454/447
f 320/454/447 314/453/446 313/455/448
f 322/456/449 69/457/450 321/458/451
f 321/458/451 69/457/450 68/459/452
f 321/458/451 68/459/452 67/460/453
f 323/461/454 113/462/455 322/456/449
f 322/456/449 113/462/455 112/463/456
f 322/456/449 112/463/456 111/464/457
f 324/465/458 99/466/459 323/461/454
f 323/461/454 99/466/459 98/467/460
f 323/461/454 98/467/460 97/468/461
f 325/469/462 167/470/463 324/465/458
f 324/465/458 167/470/463 166/471/464
f 324/465/458 166/471/464 165/472/465
f 326/473/466 153/474/467 325/469/462
f 325/469/462 153/474/467 152/475/468
f 325/469/462 152/475/468 151/476/469
f 327/477/470 5/478/471 326/473/466
f 326/473/466 5/478/471 4/479/472
f 326/473/466 4/479/472 3/480/473
f 328/481/474 334/482/475 327/477/470
f 327/477/470 334/482/475 335/483/476
f 327/477/470 335/483/476 336/484/477
f 334/482/475 328/481/474 333/485/478
f 333/485/478 328/481/474 321/458/451
f 333/485/478 321/458/451 358/486/479
f 358/486/479 321/458/451 357/487/480
f 357/487/480 321/458/451 356/488/481
f 356/488/481 321/458/451 59/489/482
f 356/488/481 59/489/482 58/490/483
f 146/491/484 145/492/485 325/469/462
f 325/469/462 145/492/485 168/493/486
f 325/469/462 168/493/486 167/470/463
f 165/472/465 164/494/487 324/465/458
f 324/465/458 164/494/487 329/495/488
f 324/465/458 329/495/488 330/496/489
f 164/494/487 163/497/490 329/495/488
f 329/495/488 163/497/490 162/498/491
f 329/495/488 162/498/491 161/499/492
f 161/499/492 160/500/493 329/495/488
f 329/495/488 160/500/493 159/501/494
f 329/495/488 159/501/494 158/502/495
f 158/502/495 157/503/496 329/495/488
f 329/495/488 157/503/496 156/504/497
f 329/495/488 156/504/497 326/473/466
f 326/473/466 156/504/497 155/505/498
f 326/473/466 155/505/498 154/506/499
f 154/506/499 153/474/467 326/473/466
f 151/476/469 150/507/500 325/469/462
f 325/469/462 150/507/500 149/508/501
f 325/469/462 149/508/501 148/509/502
f 148/509/502 147/510/503 325/469/462
f 325/469/462 147/510/503 146/491/484
f 50/511/504 49/512/505 331/513/506
f 331/513/506 49/512/505 72/514/507
f 331/513/506 72/514/507 322/456/449
f 322/456/449 72/514/507 71/515/508
f 322/456/449 71/515/508 70/516/509
f 70/516/509 69/457/450 322/456/449
f 67/460/453 66/517/510 321/458/451
f 321/458/451 66/517/510 65/518/511
f 321/458/451 65/518/511 64/519/512
f 64/519/512 63/520/513 321/458/451
f 321/458/451 63/520/513 62/521/514
f 321/458/451 62/521/514 61/522/515
f 61/522/515 60/523/516 321/458/451
f 321/458/451 60/523/516 59/489/482
f 356/488/481 58/490/483 355/524/517
f 355/524/517 58/490/483 57/525/518
f 355/524/517 57/525/518 354/526/519
f 354/526/519 57/525/518 56/527/520
f 354/526/519 56/527/520 353/528/521
f 353/528/521 56/527/520 331/513/506
f 353/528/521 331/513/506 352/529/522
f 352/529/522 331/513/506 351/530/523
f 351/530/523 331/513/506 350/531/524
f 350/531/524 331/513/506 349/532/525
f 349/532/525 331/513/506 348/533/526
f 348/533/526 331/513/506 347/534/527
f 347/534/527 331/513/506 332/535/528
f 347/534/527 332/535/528 346/536/529
f 346/536/529 332/535/528 345/537/530
f 345/537/530 332/535/528 344/538/531
f 344/538/531 332/535/528 343/539/532
f 343/539/532 332/535/528 342/540/533
f 342/540/533 332/535/528 341/541/534
f 341/541/534 332/535/528 340/542/535
f 340/542/535 332/535/528 18/543/536
f 340/542/535 18/543/536 339/544/537
f 339/544/537 18/543/536 17/545/538
f 339/544/537 17/545/538 338/546/539
f 338/546/539 17/545/538 16/547/540
f 338/546/539 16/547/540 337/548/541
f 337/548/541 16/547/540 15/549/542
f 337/548/541 15/549/542 327/477/470
f 327/477/470 15/549/542 14/550/543
f 327/477/470 14/550/543 13/551/544
f 56/527/520 55/552/545 331/513/506
f 331/513/506 55/552/545 54/553/546
f 331/513/506 54/553/546 53/554/547
f 53/554/547 52/555/548 331/513/506
f 331/513/506 52/555/548 51/556/549
f 331/513/506 51/556/549 50/511/504
f 331/513/506 322/456/449 330/496/489
f 330/496/489 322/456/449 110/557/550
f 330/496/489 110/557/550 109/558/551
f 329/495/488 326/473/466 332/535/528
f 332/535/528 326/473/466 2/559/552
f 332/535/528 2/559/552 1/560/553
f 1/560/553 24/561/554 332/535/528
f 332/535/528 24/561/554 23/562/555
f 332/535/528 23/562/555 22/563/556
f 22/563/556 21/564/557 332/535/528
f 332/535/528 21/564/557 20/565/558
f 332/535/528 20/565/558 19/566/559
f 19/566/559 18/543/536 332/535/528
f 13/551/544 12/567/560 327/477/470
f 327/477/470 12/567/560 11/568/561
f 327/477/470 11/568/561 10/569/562
f 10/569/562 9/570/563 327/477/470
f 327/477/470 9/570/563 8/571/564
f 327/477/470 8/571/564 7/572/565
f 7/572/565 6/573/566 327/477/470
f 327/477/470 6/573/566 5/478/471
f 3/480/473 2/559/552 326/473/466
f 97/468/461 120/574/567 323/461/454
f 323/461/454 120/574/567 119/575/568
f 323/461/454 119/575/568 118/576/569
f 118/576/569 117/577/570 323/461/454
f 323/461/454 117/577/570 116/578/571
f 323/461/454 116/578/571 115/579/572
f 115/579/572 114/580/573 323/461/454
f 323/461/454 114/580/573 113/462/455
f 111/464/457 110/557/550 322/456/449
f 109/558/551 108/581/574 330/496/489
f 330/496/489 108/581/574 107/582/575
f 330/496/489 107/582/575 106/583/576
f 106/583/576 105/584/577 330/496/489
f 330/496/489 105/584/577 104/585/578
f 330/496/489 104/585/578 103/586/579
f 103/586/579 102/587/580 330/496/489
f 330/496/489 102/587/580 324/465/458
f 102/587/580 101/588/581 324/465/458
f 324/465/458 101/588/581 100/589/582
f 324/465/458 100/589/582 99/466/459
f 336/484/477 337/548/541 327/477/470
f 360/590/583 129/591/584 359/592/585
f 359/592/585 129/591/584 128/593/586
f 359/592/585 128/593/586 127/594/587
f 361/595/588 77/596/589 360/590/583
f 360/590/583 77/596/589 76/597/590
f 360/590/583 76/597/590 75/598/591
f 362/599/592 380/600/593 361/595/588
f 361/595/588 380/600/593 381/601/594
f 361/595/588 381/601/594 382/602/595
f 380/600/593 362/599/592 379/603/596
f 379/603/596 362/599/592 363/604/597
f 379/603/596 363/604/597 378/605/598
f 378/605/598 363/604/597 377/606/599
f 377/606/599 363/604/597 376/607/600
f 376/607/600 363/604/597 35/608/601
f 376/607/600 35/608/601 34/609/602
f 364/610/603 45/611/604 363/604/597
f 363/604/597 45/611/604 44/612/605
f 363/604/597 44/612/605 43/613/606
f 365/614/607 185/615/608 364/610/603
f 364/610/603 185/615/608 184/616/609
f 364/610/603 184/616/609 183/617/610
f 366/618/611 171/619/612 365/614/607
f 365/614/607 171/619/612 170/620/613
f 365/614/607 170/620/613 169/621/614
f 359/592/585 143/622/615 366/618/611
f 366/618/611 143/622/615 142/623/616
f 366/618/611 142/623/616 141/624/617
f 308/625/618 302/626/619 305/627/620
f 305/627/620 302/626/619 304/628/621
f 305/627/620 304/628/621 364/610/603
f 364/610/603 304/628/621 297/629/622
f 364/610/603 297/629/622 193/630/623
f 193/630/623 297/629/622 200/631/624
f 200/631/624 297/629/622 300/632/625
f 200/631/624 300/632/625 208/633/626
f 208/633/626 300/632/625 225/634/627
f 208/633/626 225/634/627 206/635/628
f 206/635/628 225/634/627 228/636/629
f 206/635/628 228/636/629 216/637/630
f 216/637/630 228/636/629 233/638/631
f 216/637/630 233/638/631 214/639/632
f 214/639/632 233/638/631 236/640/633
f 214/639/632 236/640/633 224/641/634
f 224/641/634 236/640/633 241/642/635
f 224/641/634 241/642/635 222/643/636
f 222/643/636 241/642/635 244/644/637
f 222/643/636 244/644/637 360/590/583
f 360/590/583 244/644/637 246/645/638
f 360/590/583 246/645/638 268/646/639
f 268/646/639 246/645/638 265/647/640
f 265/647/640 246/645/638 248/648/641
f 265/647/640 248/648/641 260/649/642
f 260/649/642 248/648/641 238/650/643
f 260/649/642 238/650/643 257/651/644
f 257/651/644 238/650/643 240/652/645
f 257/651/644 240/652/645 252/653/646
f 252/653/646 240/652/645 230/654/647
f 252/653/646 230/654/647 249/655/648
f 249/655/648 230/654/647 232/656/649
f 249/655/648 232/656/649 308/625/618
f 308/625/618 232/656/649 302/626/619
f 308/625/618 310/657/650 249/655/648
f 249/655/648 310/657/650 256/658/651
f 256/658/651 310/657/650 316/659/652
f 256/658/651 316/659/652 273/660/653
f 273/660/653 316/659/652 318/661/654
f 273/660/653 318/661/654 280/662/655
f 280/662/655 318/661/654 366/618/611
f 280/662/655 366/618/611 278/663/656
f 278/663/656 366/618/611 288/664/657
f 278/663/656 288/664/657 281/665/658
f 316/659/652 310/657/650 313/666/659
f 313/666/659 310/657/650 312/667/660
f 313/666/659 312/667/660 364/610/603
f 364/610/603 312/667/660 305/627/620
f 292/668/661 270/669/662 289/670/663
f 289/670/663 270/669/662 272/671/664
f 289/670/663 272/671/664 284/672/665
f 284/672/665 272/671/664 262/673/666
f 284/672/665 262/673/666 281/665/658
f 281/665/658 262/673/666 264/674/667
f 281/665/658 264/674/667 276/675/668
f 276/675/668 264/674/667 254/676/669
f 276/675/668 254/676/669 273/660/653
f 273/660/653 254/676/669 256/658/651
f 294/677/670 132/678/671 292/668/661
f 292/668/661 132/678/671 131/679/672
f 292/668/661 131/679/672 360/590/583
f 360/590/583 131/679/672 130/680/673
f 360/590/583 130/680/673 129/591/584
f 296/681/674 140/682/675 294/677/670
f 294/677/670 140/682/675 139/683/676
f 294/677/670 139/683/676 138/684/677
f 289/670/663 286/685/678 296/681/674
f 296/681/674 286/685/678 366/618/611
f 296/681/674 366/618/611 141/624/617
f 276/675/668 278/663/656 281/665/658
f 260/649/642 262/673/666 265/647/640
f 265/647/640 262/673/666 272/671/664
f 264/674/667 257/651/644 254/676/669
f 254/676/669 257/651/644 252/653/646
f 248/648/641 241/642/635 238/650/643
f 238/650/643 241/642/635 236/640/633
f 228/636/629 230/654/647 233/638/631
f 233/638/631 230/654/647 240/652/645
f 232/656/649 225/634/627 302/626/619
f 302/626/619 225/634/627 300/632/625
f 212/686/679 392/687/680 209/688/681
f 209/688/681 392/687/680 367/689/682
f 209/688/681 367/689/682 204/690/683
f 204/690/683 367/689/682 201/691/684
f 201/691/684 367/689/682 368/692/685
f 201/691/684 368/692/685 369/693/686
f 214/639/632 217/694/687 212/686/679
f 212/686/679 217/694/687 390/695/688
f 212/686/679 390/695/688 391/696/689
f 216/637/630 209/688/681 206/635/628
f 206/635/628 209/688/681 204/690/683
f 196/697/690 48/698/691 193/630/623
f 193/630/623 48/698/691 47/699/692
f 193/630/623 47/699/692 364/610/603
f 364/610/603 47/699/692 46/700/693
f 364/610/603 46/700/693 45/611/604
f 198/701/694 372/702/695 196/697/690
f 196/697/690 372/702/695 373/703/696
f 196/697/690 373/703/696 32/704/697
f 32/704/697 373/703/696 374/705/698
f 32/704/697 374/705/698 33/706/699
f 33/706/699 374/705/698 375/707/700
f 33/706/699 375/707/700 34/609/602
f 34/609/602 375/707/700 376/607/600
f 200/631/624 201/691/684 198/701/694
f 198/701/694 201/691/684 369/693/686
f 198/701/694 369/693/686 370/708/701
f 208/633/626 201/691/684 200/631/624
f 220/709/702 387/710/703 217/694/687
f 217/694/687 387/710/703 388/711/704
f 217/694/687 388/711/704 389/712/705
f 222/643/636 74/713/706 220/709/702
f 220/709/702 74/713/706 73/714/707
f 220/709/702 73/714/707 96/715/708
f 224/641/634 217/694/687 214/639/632
f 268/646/639 270/669/662 360/590/583
f 360/590/583 270/669/662 292/668/661
f 284/672/665 286/685/678 289/670/663
f 286/685/678 288/664/657 366/618/611
f 320/716/709 174/717/710 318/661/654
f 318/661/654 174/717/710 173/718/711
f 318/661/654 173/718/711 366/618/611
f 366/618/611 173/718/711 172/719/712
f 366/618/611 172/719/712 171/619/612
f 313/666/659 182/720/713 320/716/709
f 320/716/709 182/720/713 181/721/714
f 320/716/709 181/721/714 180/722/715
f 26/723/716 25/724/717 196/697/690
f 196/697/690 25/724/717 48/698/691
f 43/613/606 42/725/718 363/604/597
f 363/604/597 42/725/718 41/726/719
f 363/604/597 41/726/719 40/727/720
f 40/727/720 39/728/721 363/604/597
f 363/604/597 39/728/721 38/729/722
f 363/604/597 38/729/722 37/730/723
f 37/730/723 36/731/724 363/604/597
f 363/604/597 36/731/724 35/608/601
f 32/704/697 31/732/725 196/697/690
f 196/697/690 31/732/725 30/733/726
f 196/697/690 30/733/726 29/734/727
f 29/734/727 28/735/728 196/697/690
f 196/697/690 28/735/728 27/736/729
f 196/697/690 27/736/729 26/723/716
f 96/715/708 95/737/730 220/709/702
f 220/709/702 95/737/730 94/738/731
f 220/709/702 94/738/731 93/739/732
f 93/739/732 92/740/733 220/709/702
f 220/709/702 92/740/733 91/741/734
f 220/709/702 91/741/734 90/742/735
f 89/743/736 385/744/737 90/742/735
f 90/742/735 385/744/737 386/745/738
f 90/742/735 386/745/738 220/709/702
f 220/709/702 386/745/738 387/710/703
f 385/744/737 89/743/736 384/746/739
f 384/746/739 89/743/736 88/747/740
f 384/746/739 88/747/740 383/748/741
f 383/748/741 88/747/740 87/749/742
f 383/748/741 87/749/742 361/595/588
f 361/595/588 87/749/742 86/750/743
f 361/595/588 86/750/743 85/751/744
f 85/751/744 84/752/745 361/595/588
f 361/595/588 84/752/745 83/753/746
f 361/595/588 83/753/746 82/754/747
f 82/754/747 81/755/748 361/595/588
f 361/595/588 81/755/748 80/756/749
f 361/595/588 80/756/749 79/757/750
f 79/757/750 78/758/751 361/595/588
f 361/595/588 78/758/751 77/596/589
f 360/590/583 75/598/591 222/643/636
f 222/643/636 75/598/591 74/713/706
f 122/759/752 121/760/753 359/592/585
f 359/592/585 121/760/753 144/761/754
f 359/592/585 144/761/754 143/622/615
f 141/624/617 140/682/675 296/681/674
f 138/684/677 137/762/755 294/677/670
f 294/677/670 137/762/755 136/763/756
f 294/677/670 136/763/756 135/764/757
f 135/764/757 134/765/758 294/677/670
f 294/677/670 134/765/758 133/766/759
f 294/677/670 133/766/759 132/678/671
f 127/594/587 126/767/760 359/592/585
f 359/592/585 126/767/760 125/768/761
f 359/592/585 125/768/761 124/769/762
f 124/769/762 123/770/763 359/592/585
f 359/592/585 123/770/763 122/759/752
f 169/621/614 192/771/764 365/614/607
f 365/614/607 192/771/764 191/772/765
f 365/614/607 191/772/765 190/773/766
f 190/773/766 189/774/767 365/614/607
f 365/614/607 189/774/767 188/775/768
f 365/614/607 188/775/768 187/776/769
f 187/776/769 186/777/770 365/614/607
f 365/614/607 186/777/770 185/615/608
f 364/610/603 183/617/610 313/666/659
f 313/666/659 183/617/610 182/720/713
f 180/722/715 179/778/771 320/716/709
f 320/716/709 179/778/771 178/779/772
f 320/716/709 178/779/772 177/780/773
f 177/780/773 176/781/774 320/716/709
f 320/716/709 176/781/774 175/782/775
f 320/716/709 175/782/775 174/717/710
f 370/708/701 371/783/776 198/701/694
f 198/701/694 371/783/776 372/702/695
f 382/602/595 383/748/741 361/595/588
f 389/712/705 390/695/688 217/694/687
f 391/696/689 392/687/680 212/686/679
f 361/784/777 360/785/778 321/786/779
f 321/786/779 360/785/778 322/787/780
f 322/787/780 360/785/778 359/788/781
f 322/787/780 359/788/781 323/789/782
f 359/790/783 366/791/784 323/792/785
f 323/792/785 366/791/784 324/793/786
f 324/793/786 366/791/784 365/794/787
f 324/793/786 365/794/787 325/795/788
f 365/794/789 364/796/790 325/797/791
f 325/797/791 364/796/790 326/798/792
f 326/798/792 364/796/790 363/799/793
f 326/798/792 363/799/793 327/800/794
f 363/801/795 362/802/796 327/803/797
f 327/803/797 362/802/796 328/804/798
f 328/804/798 362/802/796 361/805/799
f 328/804/798 361/805/799 321/806/800
f 334/807/801 379/808/802 335/809/803
f 335/809/803 379/808/802 378/810/804
f 335/809/803 378/810/804 336/811/805
f 336/811/805 378/810/804 377/812/806
f 336/811/805 377/812/806 337/813/807
f 337/813/807 377/812/806 376/814/808
f 337/813/807 376/814/808 338/815/809
f 338/815/809 376/814/808 375/816/810
f 338/815/809 375/816/810 339/817/811
f 339/817/811 375/816/810 374/818/812
f 339/817/811 374/818/812 340/819/813
f 340/819/813 374/818/812 373/820/814
f 340/819/813 373/820/814 341/821/815
f 341/821/815 373/820/814 372/822/816
f 341/821/815 372/822/816 342/823/817
f 342/823/817 372/822/816 371/824/818
f 342/823/817 371/824/818 343/825/819
f 343/825/819 371/824/818 370/826/820
f 343/825/819 370/826/820 344/827/821
f 344/827/821 370/826/820 369/828/822
f 344/827/821 369/828/822 345/829/823
f 345/829/823 369/828/822 368/830/824
f 345/829/823 368/830/824 346/831/825
f 346/831/825 368/830/824 367/832/826
f 380/833/827 379/834/802 333/835/828
f 333/835/828 379/834/802 334/836/801
f 347/837/829 392/838/830 348/839/831
f 348/839/831 392/838/830 391/840/832
f 348/839/831 391/840/832 349/841/833
f 349/841/833 391/840/832 390/842/834
f 349/841/833 390/842/834 350/843/835
f 350/843/835 390/842/834 389/844/836
f 350/843/835 389/844/836 351/845/837
f 351/845/837 389/844/836 388/846/838
f 351/845/837 388/846/838 352/847/839
f 352/847/839 388/846/838 387/848/840
f 352/847/839 387/848/840 353/849/841
f 353/849/841 387/848/840 386/850/842
f 353/849/841 386/850/842 354/851/843
f 354/851/843 386/850/842 385/852/844
f 354/851/843 385/852/844 355/853/845
f 355/853/845 385/852/844 384/854/846
f 355/853/845 384/854/846 356/855/847
f 356/855/847 384/854/846 383/856/848
f 356/855/847 383/856/848 357/857/849
f 357/857/849 383/856/848 382/858/850
f 357/857/849 382/858/850 358/859/851
f 358/859/851 382/858/850 381/860/852
f 358/859/851 381/860/852 333/861/828
f 333/861/828 381/860/852 380/862/827
f 367/863/826 392/864/830 346/865/825
f 346/865/825 392/864/830 347/866/829
usemtl Opaque(255,255,255)
f 393/867/853 394/868/854 396/869/855
f 396/869/855 394/868/854 395/870/856
usemtl Opaque(76,76,76)
f 331/871/857 330/872/858 393/873/859
f 393/873/859 330/872/858 394/874/860
f 330/875/861 329/876/862 394/877/863
f 394/877/863 329/876/862 395/878/864
f 329/876/865 332/879/866 395/880/867
f 395/880/867 332/879/866 396/881/868
f 332/882/869 331/883/870 396/884/871
f 396/884/871 331/883/870 393/885/872
f 314/886/873 319/887/874 315/888/875
f 315/888/875 319/887/874 317/889/876
f 306/890/877 311/891/878 307/892/879
f 307/892/879 311/891/878 309/893/880
f 298/894/881 303/895/882 299/896/883
f 299/896/883 303/895/882 301/897/884
f 290/898/885 295/899/886 291/900/887
f 291/900/887 295/899/886 293/901/888
f 282/902/889 287/903/890 283/904/891
f 283/904/891 287/903/890 285/905/892
f 274/906/893 279/907/894 275/908/895
f 275/908/895 279/907/894 277/909/896
f 266/910/897 271/911/898 267/912/899
f 267/912/899 271/911/898 269/913/900
f 258/914/901 263/915/902 259/916/903
f 259/916/903 263/915/902 261/917/904
f 250/918/905 255/919/906 251/920/907
f 251/920/907 255/919/906 253/921/908
f 242/922/909 247/923/910 243/924/911
f 243/924/911 247/923/910 245/925/912
f 234/926/913 239/927/914 235/928/915
f 235/928/915 239/927/914 237/929/916
f 226/930/917 231/931/918 227/932/919
f 227/932/919 231/931/918 229/933/920
f 218/934/921 223/935/922 219/936/923
f 219/936/923 223/935/922 221/937/924
f 210/938/925 215/939/926 211/940/927
f 211/940/927 215/939/926 213/941/928
f 202/942/929 207/943/930 203/944/931
f 203/944/931 207/943/930 205/945/932
f 195/946/933 194/947/934 197/948/935
f 197/948/935 194/947/934 199/949/936
# 396 vertices
# 949 texture params
# 936 normals
# 808 facets

# 1 groups
