t,e0,e1,e2,e3,e4,e5,min_surf_gg,min_surf_pg,Lx,Ly
1.202,0.3870,-0.1754,-0.6874,0.0076,0.1483,-0.2866,0.3726,0.1094,3.1580,-0.4210
1.217,0.3870,-0.1754,-0.6874,-0.0005,0.1561,-0.2770,0.3726,0.1191,3.1679,-0.4216
1.217,0.4045,-0.1605,-0.6874,0.0169,0.1561,-0.2770,0.3726,0.1191,3.1679,-0.4216
1.218,0.4008,-0.1605,-0.6802,0.0169,0.1527,-0.2770,0.3798,0.1191,3.1679,-0.4216
1.218,0.4008,-0.1781,-0.6721,0.0169,0.1527,-0.2928,0.3879,0.1032,3.1679,-0.4216
1.299,0.4008,-0.1781,-0.6721,0.0089,0.1604,-0.2832,0.3879,0.1129,3.1779,-0.4222
1.299,0.4092,-0.1720,-0.6721,0.0172,0.1604,-0.2832,0.3879,0.1129,3.1779,-0.4222
1.300,0.4055,-0.1720,-0.6662,0.0172,0.1570,-0.2832,0.3938,0.1129,3.1779,-0.4222
1.300,0.4055,-0.1915,-0.6546,0.0172,0.1570,-0.2989,0.4054,0.0971,3.1779,-0.4222
1.391,0.4055,-0.1915,-0.6546,0.0093,0.1646,-0.2893,0.4054,0.1068,3.1878,-0.4227
1.391,0.4060,-0.1915,-0.6546,0.0098,0.1646,-0.2893,0.4054,0.1068,3.1878,-0.4227
1.392,0.4020,-0.1915,-0.6502,0.0098,0.1609,-0.2893,0.4098,0.1068,3.1878,-0.4227
1.392,0.4020,-0.2117,-0.6366,0.0098,0.1609,-0.3045,0.4234,0.0915,3.1878,-0.4227
1.470,0.4020,-0.2117,-0.6366,0.0019,0.1685,-0.2950,0.4234,0.1011,3.1978,-0.4233
1.470,0.3996,-0.2119,-0.6366,-0.0003,0.1685,-0.2950,0.4234,0.1011,3.1978,-0.4233
1.470,0.3948,-0.2119,-0.6337,-0.0003,0.1640,-0.2950,0.4263,0.1011,3.1978,-0.4233
1.470,0.3948,-0.2309,-0.6210,-0.0003,0.1640,-0.3092,0.4390,0.0868,3.1978,-0.4233
1.567,0.3948,-0.2309,-0.6210,-0.0082,0.1715,-0.2998,0.4390,0.0963,3.2077,-0.4239
1.567,0.3925,-0.2279,-0.6210,-0.0101,0.1715,-0.2998,0.4390,0.0963,3.2077,-0.4239
1.567,0.3860,-0.2279,-0.6198,-0.0101,0.1653,-0.2998,0.4402,0.0963,3.2077,-0.4239
1.567,0.3860,-0.2449,-0.6093,-0.0101,0.1653,-0.3129,0.4507,0.0831,3.2077,-0.4239
1.668,0.3860,-0.2449,-0.6093,-0.0101,0.1653,-0.3129,0.4507,0.0831,3.2077,-0.4239
1.673,0.3860,-0.2449,-0.6093,-0.0180,0.1729,-0.3035,0.4507,0.0925,3.2176,-0.4246
1.673,0.3880,-0.2347,-0.6093,-0.0152,0.1729,-0.3035,0.4507,0.0925,3.2176,-0.4246
1.674,0.3788,-0.2347,-0.6108,-0.0152,0.1641,-0.3035,0.4492,0.0925,3.2176,-0.4246
1.674,0.3788,-0.2508,-0.6013,-0.0152,0.1641,-0.3161,0.4587,0.0799,3.2176,-0.4246
1.774,0.3788,-0.2508,-0.6013,-0.0152,0.1641,-0.3161,0.4587,0.0799,3.2176,-0.4246
1.806,0.3788,-0.2508,-0.6013,-0.0233,0.1716,-0.3067,0.4587,0.0893,3.2276,-0.4252
1.807,0.3935,-0.2273,-0.6013,-0.0073,0.1716,-0.3067,0.4587,0.0893,3.2276,-0.4252
1.807,0.3814,-0.2273,-0.6060,-0.0073,0.1600,-0.3067,0.4540,0.0893,3.2276,-0.4252
1.807,0.3814,-0.2442,-0.5953,-0.0073,0.1600,-0.3193,0.4647,0.0767,3.2276,-0.4252
1.908,0.3814,-0.2442,-0.5953,-0.0073,0.1600,-0.3193,0.4647,0.0767,3.2276,-0.4252
1.944,0.3814,-0.2442,-0.5953,-0.0154,0.1674,-0.3099,0.4647,0.0861,3.2375,-0.4257
1.944,0.4114,-0.2091,-0.5953,0.0157,0.1674,-0.3099,0.4647,0.0861,3.2375,-0.4257
1.945,0.3989,-0.2091,-0.6013,0.0157,0.1553,-0.3099,0.4587,0.0861,3.2375,-0.4257
1.945,0.3989,-0.2277,-0.5880,0.0157,0.1553,-0.3226,0.4720,0.0734,3.2375,-0.4257
2.045,0.3989,-0.2277,-0.5880,0.0157,0.1553,-0.3226,0.4720,0.0734,3.2375,-0.4257
2.051,0.3989,-0.2277,-0.5880,0.0075,0.1628,-0.3133,0.4720,0.0827,3.2475,-0.4263
2.052,0.4380,-0.1905,-0.5880,0.0467,0.1628,-0.3133,0.4720,0.0827,3.2475,-0.4263
2.052,0.4286,-0.1905,-0.5920,0.0467,0.1537,-0.3133,0.4680,0.0827,3.2475,-0.4263
2.053,0.4286,-0.2097,-0.5772,0.0467,0.1537,-0.3255,0.4828,0.0705,3.2475,-0.4263
2.153,0.4286,-0.2097,-0.5772,0.0467,0.1537,-0.3255,0.4828,0.0705,3.2475,-0.4263
2.161,0.4286,-0.2097,-0.5772,0.0385,0.1612,-0.3163,0.4828,0.0798,3.2574,-0.4269
2.162,0.4681,-0.1783,-0.5772,0.0773,0.1612,-0.3163,0.4828,0.0798,3.2574,-0.4269
2.163,0.4622,-0.1783,-0.5781,0.0773,0.1556,-0.3163,0.4819,0.0798,3.2574,-0.4269
2.163,0.4622,-0.1965,-0.5642,0.0773,0.1556,-0.3276,0.4958,0.0685,3.2574,-0.4269
2.255,0.4622,-0.1965,-0.5642,0.0693,0.1631,-0.3185,0.4958,0.0776,3.2673,-0.4275
2.256,0.4993,-0.1712,-0.5642,0.1054,0.1631,-0.3185,0.4958,0.0776,3.2673,-0.4275
2.256,0.4932,-0.1712,-0.5650,0.1054,0.1573,-0.3185,0.4950,0.0776,3.2673,-0.4275
2.257,0.4932,-0.1882,-0.5530,0.1054,0.1573,-0.3293,0.5070,0.0667,3.2673,-0.4275
2.331,0.4932,-0.1882,-0.5530,0.0976,0.1647,-0.3203,0.5070,0.0758,3.2772,-0.4281
2.332,0.5247,-0.1710,-0.5530,0.1282,0.1647,-0.3203,0.5070,0.0758,3.2772,-0.4281
2.332,0.5161,-0.1710,-0.5557,0.1282,0.1563,-0.3203,0.5043,0.0758,3.2772,-0.4281
2.333,0.5161,-0.1872,-0.5451,0.1282,0.1563,-0.3310,0.5149,0.0650,3.2772,-0.4281
2.421,0.5161,-0.1872,-0.5451,0.1206,0.1637,-0.3220,0.5149,0.0740,3.2872,-0.4287
2.422,0.5366,-0.1805,-0.5451,0.1408,0.1637,-0.3220,0.5149,0.0740,3.2872,-0.4287
2.422,0.5272,-0.1805,-0.5485,0.1408,0.1543,-0.3220,0.5115,0.0740,3.2872,-0.4287
2.423,0.5272,-0.1970,-0.5374,0.1408,0.1543,-0.3324,0.5226,0.0636,3.2872,-0.4287
2.509,0.5272,-0.1970,-0.5374,0.1335,0.1617,-0.3234,0.5226,0.0726,3.2971,-0.4293
2.510,0.5392,-0.1929,-0.5374,0.1456,0.1617,-0.3234,0.5226,0.0726,3.2971,-0.4293
2.510,0.5336,-0.1929,-0.5371,0.1456,0.1561,-0.3234,0.5229,0.0726,3.2971,-0.4293
2.510,0.5336,-0.2110,-0.5234,0.1456,0.1561,-0.3331,0.5366,0.0629,3.2971,-0.4293
2.611,0.5336,-0.2110,-0.5234,0.1456,0.1561,-0.3331,0.5366,0.0629,3.2971,-0.4293
2.620,0.5336,-0.2110,-0.5234,0.1384,0.1635,-0.3242,0.5366,0.0718,3.3071,-0.4298
2.621,0.5446,-0.1998,-0.5234,0.1493,0.1635,-0.3242,0.5366,0.0718,3.3071,-0.4298
2.621,0.5459,-0.1998,-0.5162,0.1493,0.1646,-0.3242,0.5438,0.0718,3.3071,-0.4298
2.621,0.5459,-0.2186,-0.5004,0.1493,0.1646,-0.3325,0.5596,0.0635,3.3071,-0.4298
2.722,0.5459,-0.2186,-0.5004,0.1493,0.1646,-0.3325,0.5596,0.0635,3.3071,-0.4298
2.750,0.5459,-0.2186,-0.5004,0.1421,0.1720,-0.3238,0.5596,0.0722,3.3170,-0.4305
2.751,0.5578,-0.2016,-0.5004,0.1539,0.1720,-0.3238,0.5596,0.0722,3.3170,-0.4305
2.751,0.5629,-0.2016,-0.4888,0.1539,0.1770,-0.3238,0.5712,0.0722,3.3170,-0.4305
2.751,0.5629,-0.2193,-0.4734,0.1539,0.1770,-0.3309,0.5866,0.0651,3.3170,-0.4305
2.829,0.5629,-0.2193,-0.4734,0.1466,0.1843,-0.3223,0.5866,0.0737,3.3269,-0.4311
2.830,0.5741,-0.2043,-0.4734,0.1578,0.1843,-0.3223,0.5866,0.0737,3.3269,-0.4311
2.830,0.5771,-0.2043,-0.4636,0.1578,0.1873,-0.3223,0.5964,0.0737,3.3269,-0.4311
2.831,0.5771,-0.2203,-0.4497,0.1578,0.1873,-0.3285,0.6103,0.0676,3.3269,-0.4311
2.916,0.5771,-0.2203,-0.4497,0.1505,0.1946,-0.3200,0.6103,0.0761,3.3369,-0.4317
2.917,0.5925,-0.2023,-0.4497,0.1659,0.1946,-0.3200,0.6103,0.0761,3.3369,-0.4317
2.918,0.5940,-0.2023,-0.4415,0.1659,0.1962,-0.3200,0.6185,0.0761,3.3369,-0.4317
2.918,0.5940,-0.2170,-0.4279,0.1659,0.1962,-0.3244,0.6321,0.0716,3.3369,-0.4317
3.008,0.5940,-0.2170,-0.4279,0.1586,0.2034,-0.3160,0.6321,0.0800,3.3468,-0.4323
3.009,0.6135,-0.1916,-0.4279,0.1783,0.2034,-0.3160,0.6321,0.0800,3.3468,-0.4323
3.009,0.6167,-0.1916,-0.4179,0.1783,0.2068,-0.3160,0.6421,0.0800,3.3468,-0.4323
3.010,0.6167,-0.2060,-0.4027,0.1783,0.2068,-0.3185,0.6573,0.0776,3.3468,-0.4323
3.105,0.6167,-0.2060,-0.4027,0.1709,0.2140,-0.3101,0.6573,0.0859,3.3568,-0.4328
3.107,0.6328,-0.1790,-0.4027,0.1876,0.2140,-0.3101,0.6573,0.0859,3.3568,-0.4328
3.107,0.6389,-0.1790,-0.3893,0.1876,0.2205,-0.3101,0.6707,0.0859,3.3568,-0.4328
3.107,0.6389,-0.1931,-0.3726,0.1876,0.2205,-0.3107,0.6874,0.0853,3.3568,-0.4328
3.198,0.6389,-0.1931,-0.3726,0.1801,0.2276,-0.3025,0.6874,0.0936,3.3667,-0.4334
3.198,0.6511,-0.1696,-0.3726,0.1932,0.2276,-0.3025,0.6874,0.0936,3.3667,-0.4334
3.199,0.6586,-0.1696,-0.3570,0.1932,0.2359,-0.3025,0.7030,0.0936,3.3667,-0.4334
3.199,0.6586,-0.1822,-0.3401,0.1932,0.2359,-0.3013,0.7199,0.0948,3.3667,-0.4334
3.299,0.6586,-0.1822,-0.3401,0.1932,0.2359,-0.3013,0.7199,0.0948,3.3667,-0.4334
3.308,0.6586,-0.1822,-0.3401,0.1856,0.2430,-0.2932,0.7199,0.1028,3.3767,-0.4340
3.309,0.6728,-0.1607,-0.3401,0.2007,0.2430,-0.2932,0.7199,0.1028,3.3767,-0.4340
3.309,0.6790,-0.1607,-0.3254,0.2007,0.2502,-0.2932,0.7346,0.1028,3.3767,-0.4340
3.309,0.6790,-0.1711,-0.3098,0.2007,0.2502,-0.2905,0.7502,0.1055,3.3767,-0.4340
3.400,0.6790,-0.1711,-0.3098,0.1930,0.2572,-0.2826,0.7502,0.1135,3.3866,-0.4347
3.400,0.7012,-0.1478,-0.3098,0.2156,0.2572,-0.2826,0.7502,0.1135,3.3866,-0.4347
3.401,0.7042,-0.1478,-0.2981,0.2156,0.2611,-0.2826,0.7619,0.1135,3.3866,-0.4347
3.401,0.7042,-0.1569,-0.2833,0.2156,0.2611,-0.2790,0.7767,0.1170,3.3866,-0.4347
3.502,0.7042,-0.1569,-0.2833,0.2156,0.2611,-0.2790,0.7767,0.1170,3.3866,-0.4347
3.511,0.7042,-0.1569,-0.2833,0.2078,0.2681,-0.2711,0.7767,0.1249,3.3965,-0.4353
3.511,0.7350,-0.1321,-0.2833,0.2383,0.2681,-0.2711,0.7767,0.1249,3.3965,-0.4353
3.511,0.7349,-0.1321,-0.2746,0.2383,0.2689,-0.2711,0.7854,0.1249,3.3965,-0.4353
3.512,0.7349,-0.1415,-0.2591,0.2383,0.2689,-0.2669,0.8009,0.1291,3.3965,-0.4353
3.612,0.7349,-0.1415,-0.2591,0.2383,0.2689,-0.2669,0.8009,0.1291,3.3965,-0.4353
3.661,0.7349,-0.1415,-0.2591,0.2306,0.2758,-0.2591,0.8009,0.1369,3.4065,-0.4358
3.662,0.7657,-0.1159,-0.2591,0.2613,0.2758,-0.2591,0.8009,0.1369,3.4065,-0.4358
3.663,0.7648,-0.1159,-0.2511,0.2613,0.2758,-0.2591,0.8089,0.1369,3.4065,-0.4358
3.665,0.7648,-0.1258,-0.2341,0.2613,0.2758,-0.2538,0.8259,0.1422,3.4065,-0.4358
3.759,0.7648,-0.1258,-0.2341,0.2537,0.2826,-0.2461,0.8259,0.1499,3.4164,-0.4364
3.760,0.7879,-0.0996,-0.2341,0.2774,0.2826,-0.2461,0.8259,0.1499,3.4164,-0.4364
3.760,0.7881,-0.0996,-0.2249,0.2774,0.2839,-0.2461,0.8351,0.1499,3.4164,-0.4364
3.761,0.7881,-0.1086,-0.2073,0.2774,0.2839,-0.2393,0.8527,0.1567,3.4164,-0.4364
3.829,0.7881,-0.1086,-0.2073,0.2698,0.2906,-0.2317,0.8527,0.1643,3.4263,-0.4370
3.830,0.8114,-0.0863,-0.2073,0.2933,0.2906,-0.2317,0.8527,0.1643,3.4263,-0.4370
3.830,0.8124,-0.0863,-0.1974,0.2933,0.2928,-0.2317,0.8626,0.1643,3.4263,-0.4370
3.830,0.8124,-0.0934,-0.1807,0.2933,0.2928,-0.2236,0.8793,0.1725,3.4263,-0.4370
3.901,0.8124,-0.0934,-0.1807,0.2857,0.2995,-0.2161,0.8793,0.1799,3.4363,-0.4376
3.902,0.8368,-0.0773,-0.1807,0.3094,0.2995,-0.2161,0.8793,0.1799,3.4363,-0.4376
3.902,0.8378,-0.0773,-0.1711,0.3094,0.3014,-0.2161,0.8889,0.1799,3.4363,-0.4376
3.903,0.8378,-0.0831,-0.1552,0.3094,0.3014,-0.2072,0.9048,0.1888,3.4363,-0.4376
3.993,0.8378,-0.0831,-0.1552,0.3019,0.3080,-0.1998,0.9048,0.1962,3.4462,-0.4382
3.995,0.8534,-0.0724,-0.1552,0.3173,0.3080,-0.1998,0.9048,0.1962,3.4462,-0.4382
3.997,0.8535,-0.0724,-0.1465,0.3173,0.3091,-0.1998,0.9135,0.1962,3.4462,-0.4382
4.003,0.8535,-0.0784,-0.1305,0.3173,0.3091,-0.1910,0.9295,0.2050,3.4462,-0.4382
4.088,0.8535,-0.0784,-0.1305,0.3098,0.3157,-0.1836,0.9295,0.2124,3.4561,-0.4388
4.090,0.8606,-0.0672,-0.1305,0.3175,0.3157,-0.1836,0.9295,0.2124,3.4561,-0.4388
4.094,0.8600,-0.0672,-0.1221,0.3175,0.3161,-0.1836,0.9379,0.2124,3.4561,-0.4388
4.096,0.8600,-0.0742,-0.1053,0.3175,0.3161,-0.1750,0.9547,0.2210,3.4561,-0.4388
4.193,0.8600,-0.0742,-0.1053,0.3101,0.3226,-0.1677,0.9547,0.2283,3.4661,-0.4394
4.194,0.8639,-0.0643,-0.1053,0.3147,0.3226,-0.1677,0.9547,0.2283,3.4661,-0.4394
4.196,0.8634,-0.0643,-0.0962,0.3147,0.3234,-0.1677,0.9638,0.2283,3.4661,-0.4394
4.198,0.8634,-0.0721,-0.0787,0.3147,0.3234,-0.1592,0.9813,0.2368,3.4661,-0.4394
4.295,0.8634,-0.0721,-0.0787,0.3072,0.3298,-0.1520,0.9813,0.2440,3.4760,-0.4400
4.297,0.8635,-0.0707,-0.0787,0.3074,0.3298,-0.1520,0.9813,0.2440,3.4760,-0.4400
4.301,0.8637,-0.0707,-0.0687,0.3074,0.3313,-0.1520,0.9893,0.2440,3.4760,-0.4400
4.304,0.8637,-0.0785,-0.0511,0.3074,0.3313,-0.1434,0.9815,0.2526,3.4760,-0.4400
4.396,0.8637,-0.0785,-0.0511,0.3000,0.3377,-0.1363,0.9815,0.2597,3.4860,-0.4406
4.398,0.8575,-0.0813,-0.0511,0.2941,0.3377,-0.1363,0.9787,0.2597,3.4860,-0.4406
4.402,0.8584,-0.0813,-0.0404,0.2941,0.3399,-0.1363,0.9787,0.2597,3.4860,-0.4406
4.404,0.8584,-0.0884,-0.0232,0.2941,0.3399,-0.1275,0.9716,0.2685,3.4860,-0.4406
4.496,0.8584,-0.0884,-0.0232,0.2867,0.3463,-0.1205,0.9716,0.2755,3.4959,-0.4412
4.500,0.8496,-0.0870,-0.0232,0.2790,0.3463,-0.1205,0.9730,0.2755,3.4959,-0.4412
4.503,0.8509,-0.0870,-0.0118,0.2790,0.3491,-0.1205,0.9730,0.2755,3.4959,-0.4412
4.504,0.8509,-0.0933,0.0052,0.2790,0.3491,-0.1113,0.9667,0.2847,3.4959,-0.4412
4.586,0.8509,-0.0933,0.0052,0.2715,0.3554,-0.1043,0.9667,0.2917,3.5058,-0.4418
4.588,0.8448,-0.0875,0.0052,0.2670,0.3554,-0.1043,0.9725,0.2917,3.5058,-0.4418
4.590,0.8462,-0.0875,0.0169,0.2670,0.3584,-0.1043,0.9725,0.2917,3.5058,-0.4418
4.593,0.8462,-0.0938,0.0345,0.2670,0.3584,-0.0949,0.9662,0.3011,3.5058,-0.4418
4.694,0.8462,-0.0938,0.0345,0.2670,0.3584,-0.0949,0.9662,0.3011,3.5058,-0.4418
4.710,0.8462,-0.0938,0.0345,0.2595,0.3645,-0.0880,0.9662,0.3081,3.5158,-0.4424
4.712,0.8407,-0.0906,0.0345,0.2552,0.3645,-0.0880,0.9694,0.3081,3.5158,-0.4424
4.713,0.8417,-0.0906,0.0461,0.2552,0.3673,-0.0880,0.9694,0.3081,3.5158,-0.4424
4.714,0.8417,-0.0976,0.0646,0.2552,0.3673,-0.0784,0.9624,0.3176,3.5158,-0.4424
4.801,0.8417,-0.0976,0.0646,0.2476,0.3734,-0.0715,0.9624,0.3245,3.5257,-0.4429
4.801,0.8349,-0.0981,0.0646,0.2416,0.3734,-0.0715,0.9619,0.3245,3.5257,-0.4429
4.802,0.8355,-0.0981,0.0758,0.2416,0.3758,-0.0715,0.9619,0.3245,3.5257,-0.4429
4.802,0.8355,-0.1053,0.0949,0.2416,0.3758,-0.0618,0.9547,0.3343,3.5257,-0.4429
4.891,0.8355,-0.1053,0.0949,0.2340,0.3819,-0.0550,0.9547,0.3410,3.5357,-0.4435
4.894,0.8315,-0.1031,0.0949,0.2310,0.3819,-0.0550,0.9569,0.3410,3.5357,-0.4435
4.896,0.8316,-0.1031,0.1056,0.2310,0.3839,-0.0550,0.9569,0.3410,3.5357,-0.4435
4.896,0.8316,-0.1095,0.1244,0.2310,0.3839,-0.0449,0.9505,0.3511,3.5357,-0.4435
4.997,0.8316,-0.1095,0.1244,0.2310,0.3839,-0.0449,0.9505,0.3511,3.5357,-0.4435
5.003,0.8316,-0.1095,0.1244,0.2233,0.3899,-0.0383,0.9505,0.3578,3.5456,-0.4441
5.005,0.8340,-0.1008,0.1244,0.2269,0.3899,-0.0383,0.9592,0.3578,3.5456,-0.4441
5.007,0.8337,-0.1008,0.1350,0.2269,0.3916,-0.0383,0.9592,0.3578,3.5456,-0.4441
5.009,0.8337,-0.1060,0.1532,0.2269,0.3916,-0.0278,0.9540,0.3682,3.5456,-0.4441
5.104,0.8337,-0.1060,0.1532,0.2192,0.3976,-0.0212,0.9540,0.3748,3.5555,-0.4447
5.105,0.8385,-0.0944,0.1532,0.2254,0.3976,-0.0212,0.9656,0.3748,3.5555,-0.4447
5.106,0.8380,-0.0944,0.1636,0.2254,0.3992,-0.0212,0.9656,0.3748,3.5555,-0.4447
5.107,0.8380,-0.0992,0.1818,0.2254,0.3992,-0.0104,0.9608,0.3856,3.5555,-0.4447
5.198,0.8380,-0.0992,0.1818,0.2178,0.4050,-0.0039,0.9608,0.3921,3.5654,-0.4453
5.198,0.8350,-0.0913,0.1818,0.2166,0.4050,-0.0039,0.9687,0.3921,3.5654,-0.4453
5.200,0.8343,-0.0913,0.1919,0.2166,0.4065,-0.0039,0.9687,0.3921,3.5654,-0.4453
5.201,0.8343,-0.0967,0.2109,0.2166,0.4065,0.0069,0.9633,0.4029,3.5654,-0.4453
5.283,0.8343,-0.0967,0.2109,0.2089,0.4122,0.0134,0.9633,0.4094,3.5754,-0.4459
5.284,0.8253,-0.0891,0.2109,0.2027,0.4122,0.0134,0.9709,0.4094,3.5754,-0.4459
5.284,0.8242,-0.0891,0.2208,0.2027,0.4135,0.0134,0.9709,0.4094,3.5754,-0.4459
5.284,0.8242,-0.0956,0.2403,0.2027,0.4135,0.0236,0.9644,0.4196,3.5754,-0.4459
5.380,0.8242,-0.0956,0.2403,0.1950,0.4192,0.0300,0.9644,0.4260,3.5854,-0.4465
5.380,0.8181,-0.0830,0.2403,0.1924,0.4192,0.0300,0.9770,0.4260,3.5854,-0.4465
5.381,0.8167,-0.0830,0.2499,0.1924,0.4202,0.0300,0.9770,0.4260,3.5854,-0.4465
5.382,0.8167,-0.0904,0.2691,0.1924,0.4202,0.0392,0.9696,0.4353,3.5854,-0.4465
5.482,0.8167,-0.0904,0.2691,0.1924,0.4202,0.0392,0.9696,0.4353,3.5854,-0.4465
5.483,0.8167,-0.0904,0.2691,0.1845,0.4259,0.0455,0.9696,0.4415,3.5953,-0.4471
5.483,0.8182,-0.0728,0.2691,0.1897,0.4259,0.0455,0.9872,0.4415,3.5953,-0.4471
5.484,0.8163,-0.0728,0.2785,0.1897,0.4265,0.0455,0.9872,0.4415,3.5953,-0.4471
5.485,0.8163,-0.0799,0.2966,0.1897,0.4265,0.0540,0.9801,0.4500,3.5953,-0.4471
5.584,0.8163,-0.0799,0.2966,0.1817,0.4322,0.0602,0.9801,0.4562,3.6052,-0.4477
5.584,0.8203,-0.0600,0.2966,0.1897,0.4322,0.0602,1.0000,0.4562,3.6052,-0.4477
5.585,0.8178,-0.0600,0.3056,0.1897,0.4324,0.0602,1.0000,0.4562,3.6052,-0.4477
5.585,0.8178,-0.0674,0.3229,0.1897,0.4324,0.0679,0.9926,0.4639,3.6052,-0.4477
5.693,0.8178,-0.0674,0.3229,0.1897,0.4324,0.0679,0.9926,0.4639,3.6052,-0.4477
5.712,0.8178,-0.0674,0.3229,0.1817,0.4380,0.0740,0.9926,0.4700,3.6151,-0.4483
5.714,0.8195,-0.0477,0.3229,0.1880,0.4380,0.0740,1.0123,0.4700,3.6151,-0.4483
5.716,0.8155,-0.0477,0.3304,0.1880,0.4368,0.0740,1.0123,0.4700,3.6151,-0.4483
5.719,0.8155,-0.0567,0.3470,0.1880,0.4368,0.0800,1.0033,0.4761,3.6151,-0.4483
5.820,0.8155,-0.0567,0.3470,0.1880,0.4368,0.0800,1.0033,0.4761,3.6151,-0.4483
5.847,0.8155,-0.0567,0.3470,0.1799,0.4423,0.0861,1.0033,0.4821,3.6251,-0.4489
5.848,0.8149,-0.0379,0.3470,0.1843,0.4423,0.0861,1.0221,0.4821,3.6251,-0.4489
5.849,0.8081,-0.0379,0.3518,0.1843,0.4384,0.0861,1.0221,0.4821,3.6251,-0.4489
5.850,0.8081,-0.0501,0.3669,0.1843,0.4384,0.0890,1.0099,0.4850,3.6251,-0.4489
5.950,0.8081,-0.0501,0.3669,0.1843,0.4384,0.0890,1.0099,0.4850,3.6251,-0.4489
5.964,0.8081,-0.0501,0.3669,0.1761,0.4439,0.0949,1.0099,0.4910,3.6350,-0.4494
5.965,0.8059,-0.0328,0.3669,0.1790,0.4439,0.0949,1.0272,0.4910,3.6350,-0.4494
5.966,0.7958,-0.0328,0.3684,0.1790,0.4366,0.0949,1.0272,0.4910,3.6350,-0.4494
5.966,0.7958,-0.0484,0.3809,0.1790,0.4366,0.0938,1.0116,0.4898,3.6350,-0.4494
6.055,0.7958,-0.0484,0.3809,0.1707,0.4420,0.0996,1.0116,0.4956,3.6450,-0.4500
6.056,0.7929,-0.0329,0.3809,0.1727,0.4420,0.0996,1.0271,0.4956,3.6450,-0.4500
6.057,0.7800,-0.0329,0.3797,0.1727,0.4319,0.0996,1.0271,0.4956,3.6450,-0.4500
6.057,0.7800,-0.0499,0.3877,0.1727,0.4319,0.0945,1.0101,0.4905,3.6450,-0.4500
6.140,0.7800,-0.0499,0.3877,0.1643,0.4373,0.1002,1.0101,0.4962,3.6549,-0.4506
6.141,0.7770,-0.0364,0.3877,0.1660,0.4373,0.1002,1.0236,0.4962,3.6549,-0.4506
6.142,0.7636,-0.0364,0.3856,0.1660,0.4267,0.1002,1.0236,0.4962,3.6549,-0.4506
6.143,0.7636,-0.0519,0.3908,0.1660,0.4267,0.0940,1.0081,0.4901,3.6549,-0.4506
6.236,0.7636,-0.0519,0.3908,0.1575,0.4320,0.0997,1.0081,0.4957,3.6648,-0.4512
6.238,0.7616,-0.0394,0.3908,0.1597,0.4320,0.0997,1.0206,0.4957,3.6648,-0.4512
6.239,0.7485,-0.0394,0.3885,0.1597,0.4217,0.0997,1.0206,0.4957,3.6648,-0.4512
6.239,0.7485,-0.0541,0.3936,0.1597,0.4217,0.0941,1.0059,0.4902,3.6648,-0.4512
6.340,0.7485,-0.0541,0.3936,0.1597,0.4217,0.0941,1.0059,0.4902,3.6648,-0.4512
6.357,0.7485,-0.0541,0.3936,0.1512,0.4269,0.0998,1.0059,0.4958,3.6748,-0.4518
6.358,0.7480,-0.0410,0.3936,0.1549,0.4269,0.0998,1.0190,0.4958,3.6748,-0.4518
6.359,0.7340,-0.0410,0.3901,0.1549,0.4157,0.0998,1.0190,0.4958,3.6748,-0.4518
6.359,0.7340,-0.0574,0.3952,0.1549,0.4157,0.0931,1.0026,0.4892,3.6748,-0.4518
6.451,0.7340,-0.0574,0.3952,0.1463,0.4209,0.0987,1.0026,0.4947,3.6847,-0.4524
6.452,0.7347,-0.0436,0.3952,0.1513,0.4209,0.0987,1.0164,0.4947,3.6847,-0.4524
6.453,0.7178,-0.0436,0.3886,0.1513,0.4065,0.0987,1.0164,0.4947,3.6847,-0.4524
6.453,0.7178,-0.0628,0.3906,0.1513,0.4065,0.0883,0.9972,0.4843,3.6847,-0.4524
6.525,0.7178,-0.0628,0.3906,0.1426,0.4117,0.0938,0.9972,0.4899,3.6947,-0.4530
6.526,0.7184,-0.0496,0.3906,0.1474,0.4117,0.0938,1.0104,0.4899,3.6947,-0.4530
6.527,0.6977,-0.0496,0.3801,0.1474,0.3934,0.0938,1.0104,0.4899,3.6947,-0.4530
6.527,0.6977,-0.0696,0.3776,0.1474,0.3934,0.0799,0.9904,0.4759,3.6947,-0.4530
6.628,0.6977,-0.0696,0.3776,0.1474,0.3934,0.0799,0.9904,0.4759,3.6947,-0.4530
6.637,0.6977,-0.0696,0.3776,0.1387,0.3985,0.0853,0.9904,0.4813,3.7046,-0.4535
6.642,0.6965,-0.0580,0.3776,0.1417,0.3985,0.0853,1.0020,0.4813,3.7046,-0.4535
6.643,0.6741,-0.0580,0.3649,0.1417,0.3782,0.0853,1.0020,0.4813,3.7046,-0.4535
6.643,0.6741,-0.0763,0.3599,0.1417,0.3782,0.0706,0.9837,0.4666,3.7046,-0.4535
6.742,0.6741,-0.0763,0.3599,0.1330,0.3834,0.0760,0.9837,0.4720,3.7145,-0.4542
6.744,0.6723,-0.0657,0.3599,0.1353,0.3834,0.0760,0.9943,0.4720,3.7145,-0.4542
6.745,0.6520,-0.0657,0.3484,0.1353,0.3650,0.0760,0.9943,0.4720,3.7145,-0.4542
6.745,0.6520,-0.0816,0.3435,0.1353,0.3650,0.0629,0.9784,0.4589,3.7145,-0.4542
6.846,0.6520,-0.0816,0.3435,0.1353,0.3650,0.0629,0.9784,0.4589,3.7145,-0.4542
6.862,0.6520,-0.0816,0.3435,0.1265,0.3702,0.0683,0.9784,0.4643,3.7245,-0.4548
6.863,0.6507,-0.0708,0.3435,0.1293,0.3702,0.0683,0.9892,0.4643,3.7245,-0.4548
6.864,0.6332,-0.0708,0.3344,0.1293,0.3546,0.0683,0.9892,0.4643,3.7245,-0.4548
6.865,0.6332,-0.0855,0.3295,0.1293,0.3546,0.0559,0.9745,0.4519,3.7245,-0.4548
6.965,0.6332,-0.0855,0.3295,0.1293,0.3546,0.0559,0.9745,0.4519,3.7245,-0.4548
6.985,0.6332,-0.0855,0.3295,0.1205,0.3598,0.0613,0.9745,0.4573,3.7344,-0.4554
6.991,0.6304,-0.0751,0.3295,0.1220,0.3598,0.0613,0.9849,0.4573,3.7344,-0.4554
6.992,0.6141,-0.0751,0.3214,0.1220,0.3455,0.0613,0.9849,0.4573,3.7344,-0.4554
6.992,0.6141,-0.0900,0.3156,0.1220,0.3455,0.0482,0.9700,0.4442,3.7344,-0.4554
7.092,0.6141,-0.0900,0.3156,0.1220,0.3455,0.0482,0.9700,0.4442,3.7344,-0.4554
7.116,0.6141,-0.0900,0.3156,0.1132,0.3506,0.0536,0.9700,0.4496,3.7443,-0.4559
7.118,0.6076,-0.0804,0.3156,0.1117,0.3506,0.0536,0.9796,0.4496,3.7443,-0.4559
7.118,0.5906,-0.0804,0.3067,0.1117,0.3355,0.0536,0.9796,0.4496,3.7443,-0.4559
7.119,0.5906,-0.0957,0.2995,0.1117,0.3355,0.0394,0.9643,0.4354,3.7443,-0.4559
7.219,0.5906,-0.0957,0.2995,0.1117,0.3355,0.0394,0.9643,0.4354,3.7443,-0.4559
7.237,0.5906,-0.0957,0.2995,0.1028,0.3406,0.0448,0.9643,0.4408,3.7543,-0.4565
7.238,0.5820,-0.0869,0.2995,0.0996,0.3406,0.0448,0.9731,0.4408,3.7543,-0.4565
7.238,0.5629,-0.0869,0.2886,0.0996,0.3234,0.0448,0.9731,0.4408,3.7543,-0.4565
7.238,0.5629,-0.1017,0.2806,0.0996,0.3234,0.0302,0.9583,0.4262,3.7543,-0.4565
7.339,0.5629,-0.1017,0.2806,0.0996,0.3234,0.0302,0.9583,0.4262,3.7543,-0.4565
7.363,0.5629,-0.1017,0.2806,0.0906,0.3285,0.0357,0.9583,0.4317,3.7642,-0.4571
7.364,0.5551,-0.0933,0.2806,0.0880,0.3285,0.0357,0.9667,0.4317,3.7642,-0.4571
7.364,0.5352,-0.0933,0.2689,0.0880,0.3105,0.0357,0.9667,0.4317,3.7642,-0.4571
7.364,0.5352,-0.1071,0.2615,0.0880,0.3105,0.0222,0.9529,0.4182,3.7642,-0.4571
7.465,0.5352,-0.1071,0.2615,0.0880,0.3105,0.0222,0.9529,0.4182,3.7642,-0.4571
7.484,0.5352,-0.1071,0.2615,0.0790,0.3156,0.0276,0.9529,0.4236,3.7742,-0.4577
7.484,0.5283,-0.0988,0.2615,0.0770,0.3156,0.0276,0.9612,0.4236,3.7742,-0.4577
7.485,0.5101,-0.0988,0.2511,0.0770,0.2993,0.0276,0.9612,0.4236,3.7742,-0.4577
7.486,0.5101,-0.1115,0.2452,0.0770,0.2993,0.0158,0.9485,0.4118,3.7742,-0.4577
7.586,0.5101,-0.1115,0.2452,0.0770,0.2993,0.0158,0.9485,0.4118,3.7742,-0.4577
7.598,0.5101,-0.1115,0.2452,0.0679,0.3044,0.0213,0.9485,0.4173,3.7841,-0.4583
7.603,0.5019,-0.1042,0.2452,0.0648,0.3044,0.0213,0.9558,0.4173,3.7841,-0.4583
7.604,0.4856,-0.1042,0.2367,0.0648,0.2901,0.0213,0.9558,0.4173,3.7841,-0.4583
7.604,0.4856,-0.1172,0.2311,0.0648,0.2901,0.0095,0.9428,0.4056,3.7841,-0.4583
7.704,0.4856,-0.1172,0.2311,0.0648,0.2901,0.0095,0.9428,0.4056,3.7841,-0.4583
7.720,0.4856,-0.1172,0.2311,0.0556,0.2952,0.0151,0.9428,0.4111,3.7940,-0.4589
7.720,0.4742,-0.1120,0.2311,0.0494,0.2952,0.0151,0.9480,0.4111,3.7940,-0.4589
7.721,0.4590,-0.1120,0.2236,0.0494,0.2819,0.0151,0.9480,0.4111,3.7940,-0.4589
7.722,0.4590,-0.1271,0.2163,0.0494,0.2819,0.0009,0.9329,0.3969,3.7940,-0.4589
7.822,0.4590,-0.1271,0.2163,0.0494,0.2819,0.0009,0.9329,0.3969,3.7940,-0.4589
7.834,0.4590,-0.1271,0.2163,0.0402,0.2870,0.0064,0.9329,0.4024,3.8040,-0.4594
7.835,0.4450,-0.1240,0.2163,0.0313,0.2870,0.0064,0.9360,0.4024,3.8040,-0.4594
7.835,0.4286,-0.1240,0.2076,0.0313,0.2725,0.0064,0.9360,0.4024,3.8040,-0.4594
7.836,0.4286,-0.1400,0.1984,0.0313,0.2725,-0.0095,0.9200,0.3865,3.8040,-0.4594
7.936,0.4286,-0.1400,0.1984,0.0313,0.2725,-0.0095,0.9200,0.3865,3.8040,-0.4594
7.944,0.4286,-0.1400,0.1984,0.0221,0.2776,-0.0039,0.9200,0.3921,3.8139,-0.4600
7.945,0.4148,-0.1380,0.1984,0.0131,0.2776,-0.0039,0.9220,0.3921,3.8139,-0.4600
7.946,0.3959,-0.1380,0.1870,0.0131,0.2604,-0.0039,0.9220,0.3921,3.8139,-0.4600
7.947,0.3959,-0.1533,0.1778,0.0131,0.2604,-0.0194,0.9067,0.3766,3.8139,-0.4600
8.022,0.3959,-0.1533,0.1778,0.0038,0.2655,-0.0139,0.9067,0.3821,3.8239,-0.4606
8.023,0.3851,-0.1498,0.1778,-0.0024,0.2655,-0.0139,0.9102,0.3821,3.8239,-0.4606
8.023,0.3655,-0.1498,0.1651,-0.0024,0.2473,-0.0139,0.9102,0.3821,3.8239,-0.4606
8.024,0.3655,-0.1645,0.1575,-0.0024,0.2473,-0.0280,0.8955,0.3680,3.8239,-0.4606
8.124,0.3655,-0.1645,0.1575,-0.0024,0.2473,-0.0280,0.8955,0.3680,3.8239,-0.4606
8.138,0.3655,-0.1645,0.1575,-0.0117,0.2524,-0.0224,0.8955,0.3736,3.8338,-0.4613
8.140,0.3581,-0.1573,0.1575,-0.0138,0.2524,-0.0224,0.9027,0.3736,3.8338,-0.4613
8.143,0.3398,-0.1573,0.1459,-0.0138,0.2355,-0.0224,0.9027,0.3736,3.8338,-0.4613
8.144,0.3398,-0.1726,0.1388,-0.0138,0.2355,-0.0366,0.8874,0.3594,3.8338,-0.4613
8.245,0.3398,-0.1726,0.1388,-0.0138,0.2355,-0.0366,0.8874,0.3594,3.8338,-0.4613
8.252,0.3398,-0.1726,0.1388,-0.0232,0.2406,-0.0310,0.8874,0.3650,3.8437,-0.4619
8.253,0.3338,-0.1620,0.1388,-0.0227,0.2406,-0.0310,0.8980,0.3650,3.8437,-0.4619
8.254,0.3167,-0.1620,0.1286,-0.0227,0.2251,-0.0310,0.8980,0.3650,3.8437,-0.4619
8.255,0.3167,-0.1782,0.1214,-0.0227,0.2251,-0.0458,0.8818,0.3502,3.8437,-0.4619
8.355,0.3167,-0.1782,0.1214,-0.0227,0.2251,-0.0458,0.8818,0.3502,3.8437,-0.4619
8.406,0.3167,-0.1782,0.1214,-0.0321,0.2302,-0.0402,0.8818,0.3559,3.8537,-0.4624
8.409,0.3100,-0.1671,0.1214,-0.0317,0.2302,-0.0402,0.8929,0.3559,3.8537,-0.4624
8.409,0.2924,-0.1671,0.1109,-0.0317,0.2142,-0.0402,0.8929,0.3559,3.8537,-0.4624
8.409,0.2924,-0.1826,0.1047,-0.0317,0.2142,-0.0539,0.8774,0.3422,3.8537,-0.4624
8.507,0.2924,-0.1826,0.1047,-0.0412,0.2193,-0.0482,0.8774,0.3478,3.8636,-0.4630
8.521,0.2856,-0.1716,0.1047,-0.0407,0.2193,-0.0482,0.8884,0.3478,3.8636,-0.4630
8.522,0.2665,-0.1716,0.0923,-0.0407,0.2016,-0.0482,0.8884,0.3478,3.8636,-0.4630
8.524,0.2665,-0.1856,0.0876,-0.0407,0.2016,-0.0600,0.8744,0.3360,3.8636,-0.4630
8.624,0.2665,-0.1856,0.0876,-0.0407,0.2016,-0.0600,0.8744,0.3360,3.8636,-0.4630
8.640,0.2665,-0.1856,0.0876,-0.0502,0.2067,-0.0544,0.8744,0.3416,3.8736,-0.4636
8.657,0.2611,-0.1734,0.0876,-0.0481,0.2067,-0.0544,0.8866,0.3416,3.8736,-0.4636
8.658,0.2415,-0.1734,0.0734,-0.0481,0.1878,-0.0544,0.8866,0.3416,3.8736,-0.4636
8.659,0.2415,-0.1867,0.0693,-0.0481,0.1878,-0.0653,0.8733,0.3307,3.8736,-0.4636
8.759,0.2415,-0.1867,0.0693,-0.0481,0.1878,-0.0653,0.8733,0.3307,3.8736,-0.4636
8.764,0.2415,-0.1867,0.0693,-0.0576,0.1930,-0.0597,0.8733,0.3363,3.8835,-0.4642
8.765,0.2381,-0.1718,0.0693,-0.0527,0.1930,-0.0597,0.8882,0.3363,3.8835,-0.4642
8.767,0.2195,-0.1718,0.0550,-0.0527,0.1747,-0.0597,0.8882,0.3363,3.8835,-0.4642
8.767,0.2195,-0.1848,0.0509,-0.0527,0.1747,-0.0705,0.8752,0.3255,3.8835,-0.4642
8.842,0.2195,-0.1848,0.0509,-0.0623,0.1799,-0.0649,0.8752,0.3311,3.8934,-0.4648
8.843,0.2178,-0.1678,0.0509,-0.0550,0.1799,-0.0649,0.8922,0.3311,3.8934,-0.4648
8.844,0.2005,-0.1678,0.0378,-0.0550,0.1629,-0.0649,0.8922,0.3311,3.8934,-0.4648
8.847,0.2005,-0.1800,0.0342,-0.0550,0.1629,-0.0749,0.8800,0.3212,3.8934,-0.4648
8.934,0.2005,-0.1800,0.0342,-0.0647,0.1681,-0.0692,0.8800,0.3268,3.9033,-0.4654
8.935,0.1998,-0.1622,0.0342,-0.0562,0.1681,-0.0692,0.8978,0.3268,3.9033,-0.4654
8.936,0.1832,-0.1622,0.0219,-0.0562,0.1519,-0.0692,0.8978,0.3268,3.9033,-0.4654
8.937,0.1832,-0.1731,0.0196,-0.0562,0.1519,-0.0776,0.8869,0.3184,3.9033,-0.4654
9.013,0.1832,-0.1731,0.0196,-0.0660,0.1572,-0.0719,0.8869,0.3241,3.9133,-0.4659
9.014,0.1831,-0.1550,0.0196,-0.0568,0.1572,-0.0719,0.9050,0.3241,3.9133,-0.4659
9.014,0.1658,-0.1550,0.0066,-0.0568,0.1402,-0.0719,0.9050,0.3241,3.9133,-0.4659
9.016,0.1658,-0.1640,0.0067,-0.0568,0.1402,-0.0777,0.8960,0.3183,3.9133,-0.4659
9.097,0.1658,-0.1640,0.0067,-0.0666,0.1455,-0.0720,0.8960,0.3240,3.9232,-0.4665
9.099,0.1662,-0.1457,0.0067,-0.0568,0.1455,-0.0720,0.9143,0.3240,3.9232,-0.4665
9.100,0.1484,-0.1457,-0.0074,-0.0568,0.1275,-0.0720,0.9143,0.3240,3.9232,-0.4665
9.101,0.1484,-0.1522,-0.0037,-0.0568,0.1275,-0.0740,0.9078,0.3220,3.9232,-0.4665
9.178,0.1484,-0.1522,-0.0037,-0.0666,0.1329,-0.0684,0.9078,0.3277,3.9332,-0.4671
9.180,0.1493,-0.1335,-0.0037,-0.0562,0.1329,-0.0684,0.9265,0.3277,3.9332,-0.4671
9.182,0.1315,-0.1335,-0.0188,-0.0562,0.1144,-0.0684,0.9265,0.3277,3.9332,-0.4671
9.184,0.1315,-0.1362,-0.0110,-0.0562,0.1144,-0.0657,0.9238,0.3303,3.9332,-0.4671
9.277,0.1315,-0.1362,-0.0110,-0.0661,0.1199,-0.0601,0.9238,0.3299,3.9431,-0.4677
9.277,0.1329,-0.1175,-0.0110,-0.0553,0.1199,-0.0601,0.9425,0.3360,3.9431,-0.4677
9.277,0.1162,-0.1175,-0.0262,-0.0553,0.1020,-0.0601,0.9425,0.3360,3.9431,-0.4677
9.282,0.1162,-0.1167,-0.0167,-0.0553,0.1020,-0.0542,0.9433,0.3407,3.9431,-0.4677
9.371,0.1162,-0.1167,-0.0167,-0.0651,0.1075,-0.0486,0.9433,0.3309,3.9530,-0.4683
9.372,0.1180,-0.0985,-0.0167,-0.0542,0.1075,-0.0486,0.9615,0.3418,3.9530,-0.4683
9.373,0.1027,-0.0985,-0.0310,-0.0542,0.0909,-0.0486,0.9615,0.3418,3.9530,-0.4683
9.374,0.1027,-0.0969,-0.0226,-0.0542,0.0909,-0.0429,0.9631,0.3418,3.9530,-0.4683
9.457,0.1027,-0.0969,-0.0226,-0.0641,0.0964,-0.0372,0.9631,0.3319,3.9630,-0.4689
9.458,0.1045,-0.0797,-0.0226,-0.0537,0.0964,-0.0372,0.9803,0.3423,3.9630,-0.4689
9.459,0.0897,-0.0797,-0.0366,-0.0537,0.0801,-0.0372,0.9803,0.3423,3.9630,-0.4689
9.461,0.0897,-0.0771,-0.0280,-0.0537,0.0801,-0.0309,0.9829,0.3423,3.9630,-0.4689
9.555,0.0897,-0.0771,-0.0280,-0.0636,0.0857,-0.0252,0.9829,0.3324,3.9729,-0.4694
9.555,0.0917,-0.0608,-0.0280,-0.0535,0.0857,-0.0252,0.9992,0.3425,3.9729,-0.4694
9.558,0.0759,-0.0608,-0.0428,-0.0535,0.0684,-0.0252,0.9992,0.3425,3.9729,-0.4694
9.559,0.0759,-0.0562,-0.0321,-0.0535,0.0684,-0.0165,1.0038,0.3425,3.9729,-0.4694
9.634,0.0759,-0.0562,-0.0321,-0.0635,0.0741,-0.0108,1.0038,0.3325,3.9829,-0.4700
9.636,0.0784,-0.0405,-0.0321,-0.0534,0.0741,-0.0108,1.0195,0.3426,3.9829,-0.4700
9.636,0.0615,-0.0405,-0.0474,-0.0534,0.0556,-0.0108,1.0126,0.3426,3.9829,-0.4700
9.636,0.0615,-0.0343,-0.0341,-0.0534,0.0556,0.0003,1.0257,0.3426,3.9829,-0.4700
9.731,0.0615,-0.0343,-0.0341,-0.0633,0.0614,0.0060,1.0257,0.3327,3.9928,-0.4706
9.735,0.0645,-0.0189,-0.0341,-0.0530,0.0614,0.0060,1.0259,0.3430,3.9928,-0.4706
9.736,0.0474,-0.0189,-0.0492,-0.0530,0.0428,0.0060,1.0108,0.3430,3.9928,-0.4706
9.736,0.0474,-0.0128,-0.0343,-0.0530,0.0428,0.0176,1.0257,0.3430,3.9928,-0.4706
9.817,0.0474,-0.0128,-0.0343,-0.0629,0.0486,0.0233,1.0257,0.3331,4.0027,-0.4712
9.818,0.0508,0.0033,-0.0343,-0.0520,0.0486,0.0233,1.0257,0.3440,4.0027,-0.4712
9.819,0.0352,0.0033,-0.0482,-0.0520,0.0315,0.0233,1.0118,0.3440,4.0027,-0.4712
9.820,0.0352,0.0081,-0.0333,-0.0520,0.0315,0.0340,1.0267,0.3440,4.0027,-0.4712
9.893,0.0352,0.0081,-0.0333,-0.0620,0.0374,0.0396,1.0267,0.3340,4.0127,-0.4718
9.894,0.0391,0.0250,-0.0333,-0.0503,0.0374,0.0396,1.0267,0.3457,4.0127,-0.4718
9.894,0.0243,0.0250,-0.0468,-0.0503,0.0209,0.0396,1.0132,0.3457,4.0127,-0.4718
9.896,0.0243,0.0293,-0.0317,-0.0503,0.0209,0.0500,1.0283,0.3457,4.0127,-0.4718
9.970,0.0243,0.0293,-0.0317,-0.0603,0.0269,0.0557,1.0283,0.3357,4.0226,-0.4724
9.971,0.0291,0.0467,-0.0317,-0.0478,0.0269,0.0557,1.0283,0.3482,4.0226,-0.4724
9.972,0.0139,0.0467,-0.0458,-0.0478,0.0098,0.0557,1.0142,0.3482,4.0226,-0.4724
9.973,0.0139,0.0512,-0.0303,-0.0478,0.0098,0.0664,1.0297,0.3482,4.0226,-0.4724
10.052,0.0139,0.0512,-0.0303,-0.0578,0.0158,0.0720,1.0297,0.3382,4.0326,-0.4729
10.054,0.0198,0.0689,-0.0303,-0.0445,0.0158,0.0720,1.0297,0.3515,4.0326,-0.4729
10.055,0.0035,0.0689,-0.0450,-0.0445,-0.0025,0.0720,1.0150,0.3515,4.0326,-0.4729
10.057,0.0035,0.0731,-0.0293,-0.0445,-0.0025,0.0825,1.0307,0.3515,4.0326,-0.4729
10.154,0.0035,0.0731,-0.0293,-0.0545,0.0036,0.0881,1.0307,0.3415,4.0425,-0.4735
10.156,0.0107,0.0911,-0.0293,-0.0403,0.0036,0.0881,1.0307,0.3557,4.0425,-0.4735
10.157,-0.0055,0.0911,-0.0427,-0.0403,-0.0141,0.0881,1.0173,0.3557,4.0425,-0.4735
10.158,-0.0055,0.0939,-0.0270,-0.0403,-0.0141,0.0977,1.0330,0.3557,4.0425,-0.4735
10.225,-0.0055,0.0939,-0.0270,-0.0502,-0.0079,0.1032,1.0330,0.3458,4.0524,-0.4741
10.226,0.0036,0.1120,-0.0270,-0.0349,-0.0079,0.1032,1.0330,0.3611,4.0524,-0.4741
10.228,-0.0108,0.1120,-0.0377,-0.0349,-0.0231,0.1032,1.0223,0.3611,4.0524,-0.4741
10.229,-0.0108,0.1123,-0.0219,-0.0349,-0.0231,0.1111,1.0381,0.3611,4.0524,-0.4741
10.312,-0.0108,0.1123,-0.0219,-0.0448,-0.0168,0.1165,1.0381,0.3512,4.0624,-0.4747
10.313,-0.0001,0.1306,-0.0219,-0.0285,-0.0168,0.1165,1.0381,0.3675,4.0624,-0.4747
10.315,-0.0133,0.1306,-0.0306,-0.0285,-0.0303,0.1165,1.0294,0.3657,4.0624,-0.4747
10.316,-0.0133,0.1279,-0.0154,-0.0285,-0.0303,0.1222,1.0446,0.3657,4.0624,-0.4747
10.396,-0.0133,0.1279,-0.0154,-0.0384,-0.0240,0.1276,1.0446,0.3576,4.0723,-0.4753
10.397,-0.0018,0.1461,-0.0154,-0.0217,-0.0240,0.1276,1.0446,0.3720,4.0723,-0.4753
10.398,-0.0161,0.1461,-0.0232,-0.0217,-0.0378,0.1276,1.0368,0.3582,4.0723,-0.4753
10.399,-0.0161,0.1412,-0.0097,-0.0217,-0.0378,0.1313,1.0439,0.3582,4.0723,-0.4753
10.485,-0.0161,0.1412,-0.0097,-0.0316,-0.0315,0.1366,1.0439,0.3644,4.0823,-0.4759
10.488,-0.0035,0.1597,-0.0097,-0.0141,-0.0315,0.1366,1.0503,0.3645,4.0823,-0.4759
10.489,-0.0199,0.1597,-0.0168,-0.0141,-0.0465,0.1366,1.0401,0.3496,4.0823,-0.4759
10.492,-0.0199,0.1539,-0.0044,-0.0141,-0.0465,0.1391,1.0401,0.3496,4.0823,-0.4759
10.570,-0.0199,0.1539,-0.0044,-0.0241,-0.0401,0.1443,1.0401,0.3559,4.0922,-0.4764
10.571,-0.0063,0.1725,-0.0044,-0.0059,-0.0401,0.1443,1.0537,0.3559,4.0922,-0.4764
10.574,-0.0245,0.1725,-0.0093,-0.0059,-0.0552,0.1443,1.0355,0.3408,4.0922,-0.4764
10.575,-0.0245,0.1666,0.0027,-0.0059,-0.0552,0.1467,1.0355,0.3408,4.0922,-0.4764
10.666,-0.0245,0.1666,0.0027,-0.0158,-0.0489,0.1518,1.0355,0.3472,4.1021,-0.4770
10.667,-0.0107,0.1846,0.0027,0.0022,-0.0489,0.1518,1.0493,0.3472,4.1021,-0.4770
10.669,-0.0281,0.1846,0.0016,0.0022,-0.0614,0.1518,1.0319,0.3346,4.1021,-0.4770
10.671,-0.0281,0.1791,0.0141,0.0022,-0.0614,0.1549,1.0319,0.3346,4.1021,-0.4770
10.757,-0.0281,0.1791,0.0141,-0.0077,-0.0551,0.1599,1.0319,0.3409,4.1121,-0.4776
10.759,-0.0147,0.1955,0.0141,0.0092,-0.0551,0.1599,1.0453,0.3409,4.1121,-0.4776
10.761,-0.0292,0.1955,0.0152,0.0092,-0.0644,0.1599,1.0308,0.3316,4.1121,-0.4776
10.764,-0.0292,0.1904,0.0282,0.0092,-0.0644,0.1635,1.0308,0.3316,4.1121,-0.4776
10.842,-0.0292,0.1904,0.0282,-0.0007,-0.0582,0.1683,1.0308,0.3378,4.1220,-0.4782
10.844,-0.0159,0.2043,0.0282,0.0148,-0.0582,0.1683,1.0441,0.3378,4.1220,-0.4782
10.845,-0.0282,0.2043,0.0296,0.0148,-0.0657,0.1683,1.0318,0.3303,4.1220,-0.4782
10.847,-0.0282,0.1992,0.0425,0.0148,-0.0657,0.1721,1.0318,0.3303,4.1220,-0.4782
10.929,-0.0282,0.1992,0.0425,0.0049,-0.0596,0.1769,1.0318,0.3364,4.1319,-0.4788
10.931,-0.0133,0.2111,0.0425,0.0202,-0.0596,0.1769,1.0467,0.3364,4.1319,-0.4788
10.932,-0.0251,0.2111,0.0440,0.0202,-0.0666,0.1769,1.0349,0.3294,4.1319,-0.4788
10.934,-0.0251,0.2056,0.0561,0.0202,-0.0666,0.1802,1.0349,0.3294,4.1319,-0.4788
11.014,-0.0251,0.2056,0.0561,0.0103,-0.0605,0.1849,1.0349,0.3355,4.1419,-0.4794
11.015,-0.0079,0.2156,0.0561,0.0261,-0.0605,0.1849,1.0521,0.3355,4.1419,-0.4794
11.015,-0.0205,0.2156,0.0596,0.0261,-0.0670,0.1849,1.0395,0.3291,4.1419,-0.4794
11.015,-0.0205,0.2094,0.0705,0.0261,-0.0670,0.1872,1.0395,0.3291,4.1419,-0.4794
11.103,-0.0205,0.2094,0.0705,0.0162,-0.0609,0.1919,1.0395,0.3351,4.1518,-0.4799
11.103,-0.0023,0.2185,0.0705,0.0321,-0.0609,0.1919,1.0577,0.3351,4.1518,-0.4799
11.104,-0.0140,0.2185,0.0774,0.0321,-0.0648,0.1919,1.0460,0.3312,4.1518,-0.4799
11.106,-0.0140,0.2118,0.0872,0.0321,-0.0648,0.1935,1.0460,0.3312,4.1518,-0.4799
11.189,-0.0140,0.2118,0.0872,0.0222,-0.0588,0.1980,1.0460,0.3372,4.1618,-0.4806
11.189,0.0024,0.2217,0.0872,0.0375,-0.0588,0.1980,1.0624,0.3372,4.1618,-0.4806
11.190,-0.0059,0.2217,0.0974,0.0375,-0.0586,0.1980,1.0541,0.3374,4.1618,-0.4806
11.193,-0.0059,0.2148,0.1071,0.0375,-0.0586,0.1996,1.0541,0.3374,4.1618,-0.4806
11.293,-0.0059,0.2148,0.1071,0.0375,-0.0586,0.1996,1.0541,0.3374,4.1618,-0.4806
11.303,-0.0059,0.2148,0.1071,0.0276,-0.0527,0.2040,1.0541,0.3433,4.1717,-0.4812
11.308,0.0082,0.2242,0.1071,0.0413,-0.0527,0.2040,1.0682,0.3433,4.1717,-0.4812
11.308,0.0028,0.2242,0.1184,0.0413,-0.0499,0.2040,1.0628,0.3461,4.1717,-0.4812
11.308,0.0028,0.2178,0.1287,0.0413,-0.0499,0.2064,1.0628,0.3461,4.1717,-0.4812
11.389,0.0028,0.2178,0.1287,0.0314,-0.0441,0.2108,1.0628,0.3520,4.1816,-0.4817
11.390,0.0174,0.2238,0.1287,0.0437,-0.0441,0.2108,1.0774,0.3520,4.1816,-0.4817
11.390,0.0139,0.2238,0.1391,0.0437,-0.0405,0.2108,1.0739,0.3555,4.1816,-0.4817
11.390,0.0139,0.2179,0.1501,0.0437,-0.0405,0.2138,1.0739,0.3555,4.1816,-0.4817
11.483,0.0139,0.2179,0.1501,0.0337,-0.0347,0.2181,1.0739,0.3613,4.1916,-0.4823
11.484,0.0299,0.2197,0.1501,0.0448,-0.0347,0.2181,1.0899,0.3613,4.1916,-0.4823
11.485,0.0293,0.2197,0.1605,0.0448,-0.0294,0.2181,1.0893,0.3667,4.1916,-0.4823
11.485,0.0293,0.2130,0.1706,0.0448,-0.0294,0.2204,1.0893,0.3667,4.1916,-0.4823
11.586,0.0293,0.2130,0.1706,0.0448,-0.0294,0.2204,1.0893,0.3667,4.1916,-0.4823
11.589,0.0293,0.2130,0.1706,0.0348,-0.0236,0.2246,1.0893,0.3724,4.2015,-0.4829
11.590,0.0443,0.2129,0.1706,0.0443,-0.0236,0.2246,1.1043,0.3724,4.2015,-0.4829
11.592,0.0470,0.2129,0.1823,0.0443,-0.0155,0.2246,1.1070,0.3805,4.2015,-0.4829
11.593,0.0470,0.2034,0.1895,0.0443,-0.0155,0.2238,1.1070,0.3805,4.2015,-0.4829
11.689,0.0470,0.2034,0.1895,0.0344,-0.0097,0.2279,1.1070,0.3863,4.2115,-0.4834
11.690,0.0599,0.2032,0.1895,0.0427,-0.0097,0.2279,1.1199,0.3863,4.2115,-0.4834
11.692,0.0655,0.2032,0.2024,0.0427,0.0008,0.2279,1.1255,0.3968,4.2115,-0.4834
11.693,0.0655,0.1906,0.2055,0.0427,0.0008,0.2230,1.1255,0.3968,4.2115,-0.4834
11.793,0.0655,0.1906,0.2055,0.0427,0.0008,0.2230,1.1255,0.3968,4.2115,-0.4834
11.794,0.0655,0.1906,0.2055,0.0327,0.0065,0.2270,1.1255,0.4026,4.2214,-0.4840
11.795,0.0761,0.1900,0.2055,0.0394,0.0065,0.2270,1.1361,0.4026,4.2214,-0.4840
11.796,0.0832,0.1900,0.2186,0.0394,0.0180,0.2270,1.1432,0.4140,4.2214,-0.4840
11.798,0.0832,0.1759,0.2186,0.0394,0.0180,0.2195,1.1432,0.4140,4.2214,-0.4840
11.898,0.0832,0.1759,0.2186,0.0394,0.0180,0.2195,1.1432,0.4140,4.2214,-0.4840
11.902,0.0832,0.1759,0.2186,0.0294,0.0238,0.2235,1.1432,0.4198,4.2313,-0.4846
11.904,0.0908,0.1733,0.2186,0.0330,0.0238,0.2235,1.1508,0.4198,4.2313,-0.4846
11.905,0.0979,0.1733,0.2306,0.0330,0.0346,0.2235,1.1579,0.4290,4.2313,-0.4846
11.906,0.0979,0.1598,0.2308,0.0330,0.0346,0.2163,1.1579,0.4290,4.2313,-0.4846
11.992,0.0979,0.1598,0.2308,0.0230,0.0404,0.2203,1.1579,0.4190,4.2413,-0.4852
11.993,0.1014,0.1534,0.2308,0.0221,0.0404,0.2203,1.1614,0.4181,4.2413,-0.4852
11.993,0.1076,0.1534,0.2413,0.0221,0.0498,0.2203,1.1676,0.4181,4.2413,-0.4852
11.993,0.1076,0.1404,0.2426,0.0221,0.0498,0.2141,1.1676,0.4181,4.2413,-0.4852
12.081,0.1076,0.1404,0.2426,0.0122,0.0556,0.2180,1.1676,0.4082,4.2512,-0.4858
12.081,0.1080,0.1309,0.2426,0.0076,0.0556,0.2180,1.1680,0.4036,4.2512,-0.4858
12.082,0.1138,0.1309,0.2528,0.0076,0.0645,0.2180,1.1738,0.4036,4.2512,-0.4858
12.082,0.1138,0.1162,0.2528,0.0076,0.0645,0.2101,1.1738,0.4036,4.2512,-0.4858
12.189,0.1138,0.1162,0.2528,-0.0024,0.0703,0.2140,1.1738,0.3936,4.2612,-0.4863
12.189,0.1126,0.1057,0.2528,-0.0085,0.0703,0.2140,1.1657,0.3875,4.2612,-0.4863
12.190,0.1188,0.1057,0.2638,-0.0085,0.0798,0.2140,1.1657,0.3875,4.2612,-0.4863
12.190,0.1188,0.0889,0.2600,-0.0085,0.0798,0.2026,1.1489,0.3875,4.2612,-0.4863
12.190,0.1188,0.0889,0.2600,-0.0085,0.0798,0.2026,1.1489,0.3875,4.2612,-0.4863
12.288,0.1188,0.0889,0.2600,-0.0185,0.0857,0.2064,1.1489,0.3775,4.2711,-0.4869
12.307,0.1165,0.0794,0.2600,-0.0249,0.0857,0.2064,1.1394,0.3711,4.2711,-0.4869
12.308,0.1234,0.0794,0.2712,-0.0249,0.0955,0.2064,1.1394,0.3711,4.2711,-0.4869
12.310,0.1234,0.0624,0.2645,-0.0249,0.0955,0.1932,1.1224,0.3711,4.2711,-0.4869
12.410,0.1234,0.0624,0.2645,-0.0249,0.0955,0.1932,1.1224,0.3711,4.2711,-0.4869
12.417,0.1234,0.0624,0.2645,-0.0348,0.1014,0.1970,1.1224,0.3612,4.2810,-0.4875
12.418,0.1174,0.0531,0.2645,-0.0437,0.1014,0.1970,1.1131,0.3523,4.2810,-0.4875
12.420,0.1237,0.0531,0.2743,-0.0437,0.1102,0.1970,1.1131,0.3523,4.2810,-0.4875
12.422,0.1237,0.0369,0.2665,-0.0437,0.1102,0.1834,1.0969,0.3523,4.2810,-0.4875
12.504,0.1237,0.0369,0.2665,-0.0536,0.1162,0.1873,1.0969,0.3424,4.2910,-0.4881
12.504,0.1131,0.0287,0.2665,-0.0651,0.1162,0.1873,1.0887,0.3309,4.2910,-0.4881
12.506,0.1158,0.0287,0.2726,-0.0651,0.1207,0.1873,1.0887,0.3309,4.2910,-0.4881
12.506,0.1158,0.0127,0.2642,-0.0651,0.1207,0.1734,1.0727,0.3309,4.2910,-0.4881
12.588,0.1158,0.0127,0.2642,-0.0750,0.1266,0.1773,1.0727,0.3210,4.3009,-0.4887
12.589,0.1018,0.0057,0.2642,-0.0883,0.1266,0.1773,1.0657,0.3077,4.3009,-0.4887
12.593,0.0977,0.0057,0.2647,-0.0883,0.1242,0.1773,1.0657,0.3077,4.3009,-0.4887
12.595,0.0977,-0.0105,0.2563,-0.0883,0.1242,0.1632,1.0495,0.3077,4.3009,-0.4887
12.686,0.0977,-0.0105,0.2563,-0.0982,0.1302,0.1670,1.0495,0.2978,4.3109,-0.4892
12.687,0.0829,-0.0175,0.2563,-0.1121,0.1302,0.1670,1.0425,0.2839,4.3109,-0.4892
12.689,0.0722,-0.0175,0.2523,-0.1121,0.1214,0.1670,1.0425,0.2839,4.3109,-0.4892
12.691,0.0722,-0.0337,0.2441,-0.1121,0.1214,0.1531,1.0263,0.2839,4.3109,-0.4892
12.792,0.0722,-0.0337,0.2441,-0.1121,0.1214,0.1531,1.0263,0.2839,4.3109,-0.4892
12.793,0.0722,-0.0337,0.2441,-0.1221,0.1274,0.1569,1.0263,0.2739,4.3208,-0.4898
12.795,0.0587,-0.0423,0.2441,-0.1359,0.1274,0.1569,1.0177,0.2601,4.3208,-0.4898
12.798,0.0472,-0.0423,0.2409,-0.1359,0.1185,0.1569,1.0177,0.2601,4.3208,-0.4898
12.800,0.0472,-0.0581,0.2330,-0.1359,0.1185,0.1434,1.0019,0.2601,4.3208,-0.4898
12.897,0.0472,-0.0581,0.2330,-0.1459,0.1245,0.1472,1.0019,0.2501,4.3307,-0.4904
12.898,0.0342,-0.0669,0.2330,-0.1595,0.1245,0.1472,0.9931,0.2365,4.3307,-0.4904
12.899,0.0270,-0.0669,0.2343,-0.1595,0.1205,0.1472,0.9931,0.2365,4.3307,-0.4904
12.901,0.0270,-0.0819,0.2266,-0.1595,0.1205,0.1341,0.9781,0.2365,4.3307,-0.4904
12.985,0.0270,-0.0819,0.2266,-0.1695,0.1264,0.1380,0.9781,0.2265,4.3407,-0.4910
12.987,0.0108,-0.0872,0.2266,-0.1835,0.1264,0.1380,0.9728,0.2125,4.3407,-0.4910
12.988,0.0046,-0.0872,0.2290,-0.1835,0.1235,0.1380,0.9728,0.2125,4.3407,-0.4910
12.989,0.0046,-0.1017,0.2208,-0.1835,0.1235,0.1250,0.9583,0.2125,4.3407,-0.4910
13.089,0.0046,-0.1017,0.2208,-0.1835,0.1235,0.1250,0.9583,0.2125,4.3407,-0.4910
13.115,0.0046,-0.1017,0.2208,-0.1934,0.1295,0.1289,0.9583,0.2026,4.3506,-0.4916
13.116,-0.0158,-0.0999,0.2208,-0.2064,0.1295,0.1289,0.9601,0.1896,4.3506,-0.4916
13.123,-0.0268,-0.0999,0.2199,-0.2064,0.1220,0.1289,0.9601,0.1896,4.3506,-0.4916
13.125,-0.0268,-0.1146,0.2107,-0.2064,0.1220,0.1152,0.9454,0.1896,4.3506,-0.4916
13.225,-0.0268,-0.1146,0.2107,-0.2064,0.1220,0.1152,0.9454,0.1896,4.3506,-0.4916
13.280,-0.0268,-0.1146,0.2107,-0.2163,0.1279,0.1191,0.9454,0.1797,4.3606,-0.4921
13.281,-0.0444,-0.1082,0.2107,-0.2245,0.1279,0.1191,0.9518,0.1715,4.3606,-0.4921
13.284,-0.0634,-0.1082,0.2036,-0.2245,0.1125,0.1191,0.9518,0.1715,4.3606,-0.4921
13.286,-0.0634,-0.1235,0.1932,-0.2245,0.1125,0.1045,0.9365,0.1715,4.3606,-0.4921
13.374,-0.0634,-0.1235,0.1932,-0.2344,0.1184,0.1085,0.9365,0.1616,4.3705,-0.4927
13.375,-0.0743,-0.1169,0.1932,-0.2376,0.1184,0.1085,0.9431,0.1584,4.3705,-0.4927
13.377,-0.0970,-0.1169,0.1833,-0.2376,0.0992,0.1085,0.9431,0.1584,4.3705,-0.4927
13.380,-0.0970,-0.1327,0.1723,-0.2376,0.0992,0.0933,0.9273,0.1584,4.3705,-0.4927
13.480,-0.0970,-0.1327,0.1723,-0.2376,0.0992,0.0933,0.9273,0.1584,4.3705,-0.4927
13.489,-0.0970,-0.1327,0.1723,-0.2475,0.1051,0.0973,0.9273,0.1485,4.3804,-0.4933
13.494,-0.1043,-0.1261,0.1723,-0.2482,0.1051,0.0973,0.9339,0.1478,4.3804,-0.4933
13.494,-0.1236,-0.1261,0.1655,-0.2482,0.0896,0.0973,0.9339,0.1478,4.3804,-0.4933
13.494,-0.1236,-0.1416,0.1547,-0.2482,0.0896,0.0823,0.9184,0.1478,4.3804,-0.4933
13.595,-0.1236,-0.1416,0.1547,-0.2482,0.0896,0.0823,0.9184,0.1478,4.3804,-0.4933
13.630,-0.1236,-0.1416,0.1547,-0.2581,0.0954,0.0864,0.9184,0.1379,4.3904,-0.4939
13.630,-0.1315,-0.1332,0.1547,-0.2577,0.0954,0.0864,0.9268,0.1383,4.3904,-0.4939
13.631,-0.1462,-0.1332,0.1516,-0.2577,0.0847,0.0864,0.9138,0.1383,4.3904,-0.4939
13.631,-0.1462,-0.1480,0.1415,-0.2577,0.0847,0.0722,0.9120,0.1383,4.3904,-0.4939
13.731,-0.1462,-0.1480,0.1415,-0.2676,0.0905,0.0763,0.9120,0.1284,4.4003,-0.4945
13.733,-0.1544,-0.1363,0.1415,-0.2651,0.0905,0.0763,0.9056,0.1309,4.4003,-0.4945
13.735,-0.1680,-0.1363,0.1391,-0.2651,0.0808,0.0763,0.8920,0.1309,4.4003,-0.4945
13.737,-0.1680,-0.1506,0.1293,-0.2651,0.0808,0.0626,0.8920,0.1309,4.4003,-0.4945
13.826,-0.1680,-0.1506,0.1293,-0.2750,0.0866,0.0668,0.8920,0.1210,4.4102,-0.4951
13.827,-0.1740,-0.1365,0.1293,-0.2692,0.0866,0.0668,0.8860,0.1268,4.4102,-0.4951
13.829,-0.1909,-0.1365,0.1240,-0.2692,0.0735,0.0668,0.8691,0.1268,4.4102,-0.4951
13.832,-0.1909,-0.1494,0.1147,-0.2692,0.0735,0.0541,0.8691,0.1268,4.4102,-0.4951
13.930,-0.1909,-0.1494,0.1147,-0.2790,0.0792,0.0584,0.8691,0.1170,4.4202,-0.4956
13.933,-0.1932,-0.1346,0.1147,-0.2702,0.0792,0.0584,0.8668,0.1258,4.4202,-0.4956
13.935,-0.2148,-0.1346,0.1056,-0.2702,0.0614,0.0584,0.8452,0.1258,4.4202,-0.4956
13.936,-0.2148,-0.1462,0.0967,-0.2702,0.0614,0.0468,0.8452,0.1258,4.4202,-0.4956
14.029,-0.2148,-0.1462,0.0967,-0.2800,0.0670,0.0511,0.8452,0.1160,4.4301,-0.4962
14.031,-0.2147,-0.1314,0.0967,-0.2697,0.0670,0.0511,0.8453,0.1263,4.4301,-0.4962
14.034,-0.2364,-0.1314,0.0873,-0.2697,0.0490,0.0511,0.8236,0.1263,4.4301,-0.4962
14.035,-0.2364,-0.1422,0.0782,-0.2697,0.0490,0.0400,0.8236,0.1263,4.4301,-0.4962
14.135,-0.2364,-0.1422,0.0782,-0.2697,0.0490,0.0400,0.8236,0.1263,4.4301,-0.4962
14.170,-0.2364,-0.1422,0.0782,-0.2794,0.0546,0.0444,0.8236,0.1166,4.4401,-0.4968
14.171,-0.2356,-0.1270,0.0782,-0.2682,0.0546,0.0444,0.8244,0.1278,4.4401,-0.4968
14.172,-0.2526,-0.1270,0.0722,-0.2682,0.0411,0.0444,0.8074,0.1278,4.4401,-0.4968
14.172,-0.2526,-0.1372,0.0632,-0.2682,0.0411,0.0337,0.8074,0.1278,4.4401,-0.4968
14.273,-0.2526,-0.1372,0.0632,-0.2682,0.0411,0.0337,0.8074,0.1278,4.4401,-0.4968
14.275,-0.2526,-0.1372,0.0632,-0.2779,0.0467,0.0381,0.8074,0.1181,4.4500,-0.4974
14.277,-0.2510,-0.1210,0.0632,-0.2655,0.0467,0.0381,0.8090,0.1305,4.4500,-0.4974
14.278,-0.2632,-0.1210,0.0601,-0.2655,0.0378,0.0381,0.7968,0.1305,4.4500,-0.4974
14.279,-0.2632,-0.1288,0.0530,-0.2655,0.0378,0.0300,0.7968,0.1305,4.4500,-0.4974
14.356,-0.2632,-0.1288,0.0530,-0.2751,0.0433,0.0345,0.7968,0.1209,4.4599,-0.4980
14.358,-0.2605,-0.1120,0.0530,-0.2616,0.0433,0.0345,0.7995,0.1344,4.4599,-0.4980
14.359,-0.2707,-0.1120,0.0498,-0.2616,0.0355,0.0345,0.7893,0.1344,4.4599,-0.4980
14.360,-0.2707,-0.1151,0.0469,-0.2616,0.0355,0.0313,0.7893,0.1344,4.4599,-0.4980
14.439,-0.2707,-0.1151,0.0469,-0.2712,0.0411,0.0359,0.7893,0.1248,4.4699,-0.4985
14.441,-0.2671,-0.0984,0.0469,-0.2571,0.0411,0.0359,0.7929,0.1389,4.4699,-0.4985
14.444,-0.2785,-0.0984,0.0411,-0.2571,0.0310,0.0359,0.7815,0.1389,4.4699,-0.4985
14.445,-0.2785,-0.0979,0.0413,-0.2571,0.0310,0.0363,0.7815,0.1389,4.4699,-0.4985
14.529,-0.2785,-0.0979,0.0413,-0.2666,0.0366,0.0411,0.7815,0.1294,4.4798,-0.4991
14.531,-0.2747,-0.0817,0.0413,-0.2528,0.0366,0.0411,0.7853,0.1432,4.4798,-0.4991
14.533,-0.2878,-0.0817,0.0323,-0.2528,0.0238,0.0411,0.7722,0.1432,4.4798,-0.4991
14.534,-0.2878,-0.0803,0.0332,-0.2528,0.0238,0.0424,0.7722,0.1432,4.4798,-0.4991
14.621,-0.2878,-0.0803,0.0332,-0.2622,0.0294,0.0472,0.7722,0.1338,4.4898,-0.4997
14.623,-0.2846,-0.0645,0.0332,-0.2489,0.0294,0.0472,0.7754,0.1471,4.4898,-0.4997
14.626,-0.2970,-0.0645,0.0231,-0.2489,0.0163,0.0472,0.7630,0.1471,4.4898,-0.4997
14.627,-0.2970,-0.0643,0.0225,-0.2489,0.0163,0.0471,0.7630,0.1471,4.4898,-0.4997
14.712,-0.2970,-0.0643,0.0225,-0.2583,0.0220,0.0520,0.7630,0.1377,4.4997,-0.5003
14.713,-0.2944,-0.0488,0.0225,-0.2453,0.0220,0.0520,0.7656,0.1507,4.4997,-0.5003
14.715,-0.3037,-0.0488,0.0126,-0.2453,0.0108,0.0520,0.7563,0.1507,4.4997,-0.5003
14.716,-0.3037,-0.0492,0.0110,-0.2453,0.0108,0.0511,0.7563,0.1507,4.4997,-0.5003
14.803,-0.3037,-0.0492,0.0110,-0.2546,0.0166,0.0560,0.7563,0.1414,4.5096,-0.5009
14.805,-0.3011,-0.0336,0.0110,-0.2415,0.0166,0.0560,0.7589,0.1545,4.5096,-0.5009
14.806,-0.3054,-0.0336,0.0013,-0.2415,0.0085,0.0560,0.7546,0.1545,4.5096,-0.5009
14.808,-0.3054,-0.0328,0.0004,-0.2415,0.0085,0.0563,0.7546,0.1545,4.5096,-0.5009
14.890,-0.3054,-0.0328,0.0004,-0.2508,0.0144,0.0614,0.7546,0.1452,4.5196,-0.5014
14.892,-0.3020,-0.0169,0.0004,-0.2371,0.0144,0.0614,0.7580,0.1589,4.5196,-0.5014
14.894,-0.3021,-0.0169,-0.0088,-0.2371,0.0092,0.0614,0.7579,0.1589,4.5196,-0.5014
14.895,-0.3021,-0.0136,-0.0077,-0.2371,0.0092,0.0642,0.7579,0.1589,4.5196,-0.5014
14.982,-0.3021,-0.0136,-0.0077,-0.2463,0.0153,0.0694,0.7579,0.1497,4.5295,-0.5020
14.983,-0.2980,0.0027,-0.0077,-0.2320,0.0153,0.0694,0.7620,0.1640,4.5295,-0.5020
14.985,-0.2975,0.0027,-0.0167,-0.2320,0.0106,0.0694,0.7625,0.1640,4.5295,-0.5020
14.986,-0.2975,0.0075,-0.0141,-0.2320,0.0106,0.0738,0.7625,0.1640,4.5295,-0.5020
15.087,-0.2975,0.0075,-0.0141,-0.2320,0.0106,0.0738,0.7625,0.1640,4.5295,-0.5020
15.090,-0.2975,0.0075,-0.0141,-0.2410,0.0168,0.0791,0.7625,0.1550,4.5395,-0.5026
15.092,-0.2928,0.0242,-0.0141,-0.2261,0.0168,0.0791,0.7672,0.1699,4.5395,-0.5026
15.093,-0.2949,0.0242,-0.0242,-0.2261,0.0098,0.0791,0.7651,0.1699,4.5395,-0.5026
15.093,-0.2949,0.0288,-0.0217,-0.2261,0.0098,0.0834,0.7651,0.1699,4.5395,-0.5026
15.193,-0.2949,0.0288,-0.0217,-0.2261,0.0098,0.0834,0.7651,0.1699,4.5395,-0.5026
15.204,-0.2949,0.0288,-0.0217,-0.2351,0.0162,0.0888,0.7651,0.1609,4.5494,-0.5032
15.206,-0.2896,0.0459,-0.0217,-0.2197,0.0162,0.0888,0.7704,0.1763,4.5494,-0.5032
15.207,-0.2921,0.0459,-0.0340,-0.2197,0.0077,0.0888,0.7679,0.1763,4.5494,-0.5032
15.208,-0.2921,0.0491,-0.0327,-0.2197,0.0077,0.0917,0.7679,0.1763,4.5494,-0.5032
15.309,-0.2921,0.0491,-0.0327,-0.2197,0.0077,0.0917,0.7679,0.1763,4.5494,-0.5032
15.340,-0.2921,0.0491,-0.0327,-0.2286,0.0142,0.0971,0.7679,0.1674,4.5593,-0.5038
15.341,-0.2859,0.0667,-0.0327,-0.2125,0.0142,0.0971,0.7741,0.1835,4.5593,-0.5038
15.342,-0.2844,0.0667,-0.0464,-0.2125,0.0076,0.0971,0.7756,0.1835,4.5593,-0.5038
15.343,-0.2844,0.0680,-0.0465,-0.2125,0.0076,0.0981,0.7756,0.1835,4.5593,-0.5038
15.443,-0.2844,0.0680,-0.0465,-0.2125,0.0076,0.0981,0.7756,0.1835,4.5593,-0.5038
15.482,-0.2844,0.0680,-0.0465,-0.2213,0.0143,0.1037,0.7756,0.1747,4.5693,-0.5043
15.483,-0.2771,0.0860,-0.0465,-0.2046,0.0143,0.1037,0.7829,0.1914,4.5693,-0.5043
15.483,-0.2720,0.0860,-0.0597,-0.2046,0.0106,0.1037,0.7880,0.1914,4.5693,-0.5043
15.484,-0.2720,0.0853,-0.0594,-0.2046,0.0106,0.1031,0.7880,0.1914,4.5693,-0.5043
15.584,-0.2720,0.0853,-0.0594,-0.2046,0.0106,0.1031,0.7880,0.1914,4.5693,-0.5043
15.604,-0.2720,0.0853,-0.0594,-0.2133,0.0174,0.1088,0.7880,0.1827,4.5792,-0.5049
15.604,-0.2638,0.1035,-0.0594,-0.1961,0.0174,0.1088,0.7962,0.1999,4.5792,-0.5049
15.605,-0.2584,0.1035,-0.0711,-0.1961,0.0148,0.1088,0.8016,0.1999,4.5792,-0.5049
15.606,-0.2584,0.1002,-0.0683,-0.1961,0.0148,0.1068,0.8016,0.1999,4.5792,-0.5049
15.686,-0.2584,0.1002,-0.0683,-0.2047,0.0218,0.1124,0.8016,0.1913,4.5891,-0.5055
15.686,-0.2494,0.1187,-0.0683,-0.1871,0.0218,0.1124,0.8106,0.2089,4.5891,-0.5055
15.688,-0.2454,0.1187,-0.0797,-0.1871,0.0185,0.1124,0.8146,0.2089,4.5891,-0.5055
15.689,-0.2454,0.1145,-0.0742,-0.1871,0.0185,0.1103,0.8146,0.2089,4.5891,-0.5055
15.760,-0.2454,0.1145,-0.0742,-0.1957,0.0257,0.1159,0.8146,0.2003,4.5991,-0.5061
15.761,-0.2357,0.1332,-0.0742,-0.1777,0.0257,0.1159,0.8243,0.2183,4.5991,-0.5061
15.762,-0.2332,0.1332,-0.0855,-0.1777,0.0214,0.1159,0.8268,0.2183,4.5991,-0.5061
15.763,-0.2332,0.1305,-0.0789,-0.1777,0.0214,0.1152,0.8268,0.2183,4.5991,-0.5061
15.830,-0.2332,0.1305,-0.0789,-0.1862,0.0287,0.1208,0.8268,0.2098,4.6090,-0.5066
15.832,-0.2232,0.1492,-0.0789,-0.1682,0.0287,0.1208,0.8368,0.2278,4.6090,-0.5066
15.834,-0.2214,0.1492,-0.0896,-0.1682,0.0242,0.1208,0.8386,0.2278,4.6090,-0.5066
15.835,-0.2214,0.1490,-0.0843,-0.1682,0.0242,0.1218,0.8386,0.2278,4.6090,-0.5066
15.926,-0.2214,0.1490,-0.0843,-0.1766,0.0317,0.1274,0.8386,0.2194,4.6190,-0.5072
15.927,-0.2113,0.1676,-0.0843,-0.1587,0.0317,0.1274,0.8487,0.2373,4.6190,-0.5072
15.929,-0.2102,0.1676,-0.0948,-0.1587,0.0268,0.1274,0.8498,0.2373,4.6190,-0.5072
15.931,-0.2102,0.1676,-0.0903,-0.1587,0.0268,0.1284,0.8498,0.2373,4.6190,-0.5072
16.011,-0.2102,0.1676,-0.0903,-0.1670,0.0344,0.1340,0.8498,0.2290,4.6289,-0.5078
16.012,-0.2000,0.1860,-0.0903,-0.1491,0.0344,0.1340,0.8600,0.2469,4.6289,-0.5078
16.013,-0.2006,0.1860,-0.1019,-0.1491,0.0277,0.1340,0.8594,0.2469,4.6289,-0.5078
16.015,-0.2006,0.1819,-0.0947,-0.1491,0.0277,0.1320,0.8594,0.2469,4.6289,-0.5078
16.110,-0.2006,0.1819,-0.0947,-0.1574,0.0354,0.1376,0.8594,0.2386,4.6388,-0.5084
16.112,-0.1900,0.2004,-0.0947,-0.1395,0.0354,0.1376,0.8700,0.2565,4.6388,-0.5084
16.114,-0.1937,0.2004,-0.1089,-0.1395,0.0251,0.1376,0.8663,0.2565,4.6388,-0.5084
16.118,-0.1937,0.1919,-0.0979,-0.1395,0.0251,0.1328,0.8663,0.2565,4.6388,-0.5084
16.207,-0.1937,0.1919,-0.0979,-0.1477,0.0329,0.1383,0.8663,0.2483,4.6488,-0.5089
16.209,-0.1829,0.2105,-0.0979,-0.1296,0.0329,0.1383,0.8771,0.2664,4.6488,-0.5089
16.210,-0.1884,0.2105,-0.1135,-0.1296,0.0203,0.1383,0.8716,0.2664,4.6488,-0.5089
16.210,-0.1884,0.2012,-0.1030,-0.1296,0.0203,0.1327,0.8716,0.2664,4.6488,-0.5089
16.294,-0.1884,0.2012,-0.1030,-0.1378,0.0282,0.1380,0.8716,0.2582,4.6587,-0.5095
16.295,-0.1773,0.2198,-0.1030,-0.1196,0.0282,0.1380,0.8827,0.2764,4.6587,-0.5095
16.296,-0.1814,0.2198,-0.1168,-0.1196,0.0176,0.1380,0.8786,0.2764,4.6587,-0.5095
16.297,-0.1814,0.2114,-0.1102,-0.1196,0.0176,0.1324,0.8786,0.2764,4.6587,-0.5095
16.384,-0.1814,0.2114,-0.1102,-0.1276,0.0257,0.1376,0.8786,0.2684,4.6687,-0.5101
16.385,-0.1700,0.2301,-0.1102,-0.1094,0.0257,0.1376,0.8900,0.2866,4.6687,-0.5101
16.387,-0.1721,0.2301,-0.1227,-0.1094,0.0172,0.1376,0.8879,0.2866,4.6687,-0.5101
16.388,-0.1721,0.2217,-0.1193,-0.1094,0.0172,0.1312,0.8879,0.2866,4.6687,-0.5101
16.475,-0.1721,0.2217,-0.1193,-0.1173,0.0253,0.1363,0.8879,0.2787,4.6786,-0.5107
16.477,-0.1602,0.2405,-0.1193,-0.0989,0.0253,0.1363,0.8998,0.2971,4.6786,-0.5107
16.478,-0.1627,0.2405,-0.1332,-0.0989,0.0158,0.1363,0.8973,0.2971,4.6786,-0.5107
16.479,-0.1627,0.2308,-0.1314,-0.0989,0.0158,0.1285,0.8973,0.2971,4.6786,-0.5107
16.580,-0.1627,0.2308,-0.1314,-0.0989,0.0158,0.1285,0.8973,0.2971,4.6786,-0.5107
16.580,-0.1627,0.2308,-0.1314,-0.1068,0.0240,0.1336,0.8973,0.2892,4.6885,-0.5113
16.581,-0.1503,0.2498,-0.1314,-0.0880,0.0240,0.1336,0.9097,0.3080,4.6885,-0.5113
16.583,-0.1551,0.2498,-0.1476,-0.0880,0.0114,0.1336,0.9049,0.3080,4.6885,-0.5113
16.584,-0.1551,0.2385,-0.1460,-0.0880,0.0114,0.1244,0.9049,0.3080,4.6885,-0.5113
16.679,-0.1551,0.2385,-0.1460,-0.0959,0.0198,0.1295,0.9049,0.3001,4.6985,-0.5118
16.681,-0.1420,0.2577,-0.1460,-0.0768,0.0198,0.1295,0.9140,0.3192,4.6985,-0.5118
16.683,-0.1473,0.2577,-0.1638,-0.0768,0.0059,0.1295,0.8962,0.3192,4.6985,-0.5118
16.685,-0.1473,0.2449,-0.1625,-0.0768,0.0059,0.1188,0.8975,0.3192,4.6985,-0.5118
16.786,-0.1473,0.2449,-0.1625,-0.0768,0.0059,0.1188,0.8975,0.3192,4.6985,-0.5118
16.788,-0.1473,0.2449,-0.1625,-0.0846,0.0143,0.1238,0.8975,0.3114,4.7084,-0.5124
16.789,-0.1337,0.2643,-0.1625,-0.0653,0.0143,0.1238,0.8975,0.3307,4.7084,-0.5124
16.791,-0.1364,0.2643,-0.1801,-0.0653,0.0024,0.1238,0.8799,0.3307,4.7084,-0.5124
16.794,-0.1364,0.2505,-0.1800,-0.0653,0.0024,0.1121,0.8800,0.3307,4.7084,-0.5124
16.895,-0.1364,0.2505,-0.1800,-0.0730,0.0110,0.1171,0.8800,0.3230,4.7184,-0.5130
16.896,-0.1224,0.2700,-0.1800,-0.0536,0.0110,0.1171,0.8800,0.3424,4.7184,-0.5130
16.902,-0.1216,0.2700,-0.1964,-0.0536,0.0023,0.1171,0.8636,0.3424,4.7184,-0.5130
16.905,-0.1216,0.2569,-0.1973,-0.0536,0.0023,0.1057,0.8627,0.3424,4.7184,-0.5130
17.005,-0.1216,0.2569,-0.1973,-0.0611,0.0109,0.1106,0.8627,0.3349,4.7283,-0.5136
17.008,-0.1071,0.2766,-0.1973,-0.0416,0.0109,0.1106,0.8627,0.3544,4.7283,-0.5136
17.010,-0.1051,0.2766,-0.2129,-0.0416,0.0037,0.1106,0.8471,0.3544,4.7283,-0.5136
17.012,-0.1051,0.2643,-0.2142,-0.0416,0.0037,0.0998,0.8458,0.3544,4.7283,-0.5136
17.112,-0.1051,0.2643,-0.2142,-0.0416,0.0037,0.0998,0.8458,0.3544,4.7283,-0.5136
17.114,-0.1051,0.2643,-0.2142,-0.0491,0.0125,0.1048,0.8458,0.3469,4.7382,-0.5142
17.118,-0.0902,0.2841,-0.2142,-0.0294,0.0125,0.1048,0.8458,0.3666,4.7382,-0.5142
17.120,-0.0883,0.2841,-0.2296,-0.0294,0.0054,0.1048,0.8304,0.3666,4.7382,-0.5142
17.122,-0.0883,0.2719,-0.2302,-0.0294,0.0054,0.0941,0.8298,0.3666,4.7382,-0.5142
17.222,-0.0883,0.2719,-0.2302,-0.0294,0.0054,0.0941,0.8298,0.3666,4.7382,-0.5142
17.225,-0.0883,0.2719,-0.2302,-0.0368,0.0142,0.0991,0.8298,0.3592,4.7482,-0.5147
17.227,-0.0732,0.2917,-0.2302,-0.0171,0.0142,0.0991,0.8298,0.3789,4.7482,-0.5147
17.230,-0.0718,0.2917,-0.2456,-0.0171,0.0067,0.0991,0.8144,0.3789,4.7482,-0.5147
17.232,-0.0718,0.2790,-0.2444,-0.0171,0.0067,0.0882,0.8156,0.3789,4.7482,-0.5147
17.303,-0.0718,0.2790,-0.2444,-0.0245,0.0156,0.0931,0.8156,0.3715,4.7581,-0.5153
17.304,-0.0564,0.2987,-0.2444,-0.0048,0.0156,0.0931,0.8156,0.3912,4.7581,-0.5153
17.305,-0.0532,0.2987,-0.2595,-0.0048,0.0098,0.0931,0.8005,0.3912,4.7581,-0.5153
17.306,-0.0532,0.2857,-0.2579,-0.0048,0.0098,0.0820,0.8021,0.3912,4.7581,-0.5153
17.377,-0.0532,0.2857,-0.2579,-0.0121,0.0188,0.0869,0.8021,0.3839,4.7680,-0.5159
17.379,-0.0376,0.3053,-0.2579,0.0076,0.0188,0.0869,0.8021,0.4036,4.7680,-0.5159
17.380,-0.0305,0.3053,-0.2715,0.0076,0.0168,0.0869,0.7885,0.4036,4.7680,-0.5159
17.382,-0.0305,0.2928,-0.2713,0.0076,0.0168,0.0759,0.7887,0.4036,4.7680,-0.5159
17.463,-0.0305,0.2928,-0.2713,0.0003,0.0259,0.0808,0.7887,0.3963,4.7780,-0.5165
17.465,-0.0148,0.3125,-0.2713,0.0200,0.0259,0.0808,0.7887,0.4160,4.7780,-0.5165
17.466,-0.0050,0.3125,-0.2833,0.0200,0.0270,0.0808,0.7767,0.4160,4.7780,-0.5165
17.466,-0.0050,0.3010,-0.2833,0.0200,0.0270,0.0706,0.7767,0.4160,4.7780,-0.5165
17.546,-0.0050,0.3010,-0.2833,0.0128,0.0362,0.0754,0.7767,0.4088,4.7879,-0.5171
17.548,0.0108,0.3206,-0.2833,0.0325,0.0362,0.0754,0.7767,0.4285,4.7879,-0.5171
17.548,0.0202,0.3206,-0.2947,0.0325,0.0373,0.0754,0.7653,0.4285,4.7879,-0.5171
17.548,0.0202,0.3097,-0.2927,0.0325,0.0373,0.0660,0.7673,0.4285,4.7879,-0.5171
17.645,0.0202,0.3097,-0.2927,0.0254,0.0466,0.0708,0.7673,0.4214,4.7979,-0.5176
17.646,0.0362,0.3293,-0.2927,0.0450,0.0466,0.0708,0.7673,0.4410,4.7979,-0.5176
17.646,0.0448,0.3293,-0.3046,0.0450,0.0469,0.0708,0.7554,0.4410,4.7979,-0.5176
17.646,0.0448,0.3182,-0.3000,0.0450,0.0469,0.0617,0.7600,0.4410,4.7979,-0.5176
17.708,0.0448,0.3182,-0.3000,0.0379,0.0563,0.0665,0.7600,0.4339,4.8078,-0.5182
17.709,0.0608,0.3378,-0.3000,0.0576,0.0563,0.0665,0.7600,0.4523,4.8078,-0.5182
17.709,0.0700,0.3378,-0.3122,0.0576,0.0569,0.0665,0.7478,0.4529,4.8078,-0.5182
17.709,0.0700,0.3268,-0.3056,0.0576,0.0569,0.0577,0.7544,0.4529,4.8078,-0.5182
17.786,0.0700,0.3268,-0.3056,0.0506,0.0663,0.0624,0.7544,0.4466,4.8177,-0.5188
17.787,0.0863,0.3464,-0.3056,0.0703,0.0663,0.0624,0.7544,0.4584,4.8177,-0.5188
17.789,0.0961,0.3464,-0.3182,0.0703,0.0672,0.0624,0.7418,0.4584,4.8177,-0.5188
17.791,0.0961,0.3359,-0.3115,0.0703,0.0672,0.0540,0.7485,0.4500,4.8177,-0.5188
17.886,0.0961,0.3359,-0.3115,0.0633,0.0768,0.0587,0.7485,0.4547,4.8277,-0.5193
17.887,0.1126,0.3556,-0.3115,0.0831,0.0768,0.0587,0.7485,0.4547,4.8277,-0.5193
17.889,0.1219,0.3556,-0.3246,0.0831,0.0771,0.0587,0.7354,0.4547,4.8277,-0.5193
17.891,0.1219,0.3445,-0.3195,0.0831,0.0771,0.0495,0.7405,0.4455,4.8277,-0.5193
17.991,0.1219,0.3445,-0.3195,0.0831,0.0771,0.0495,0.7405,0.4455,4.8277,-0.5193
18.016,0.1219,0.3445,-0.3195,0.0762,0.0866,0.0541,0.7405,0.4501,4.8376,-0.5199
18.017,0.1386,0.3643,-0.3195,0.0961,0.0866,0.0541,0.7405,0.4501,4.8376,-0.5199
18.017,0.1461,0.3643,-0.3336,0.0961,0.0851,0.0541,0.7264,0.4501,4.8376,-0.5199
18.018,0.1461,0.3516,-0.3313,0.0961,0.0851,0.0429,0.7287,0.4389,4.8376,-0.5199
18.118,0.1461,0.3516,-0.3313,0.0961,0.0851,0.0429,0.7287,0.4389,4.8376,-0.5199
18.129,0.1461,0.3516,-0.3313,0.0893,0.0947,0.0474,0.7287,0.4435,4.8475,-0.5205
18.130,0.1630,0.3714,-0.3313,0.1092,0.0947,0.0474,0.7287,0.4435,4.8475,-0.5205
18.130,0.1682,0.3714,-0.3469,0.1092,0.0906,0.0474,0.7131,0.4435,4.8475,-0.5205
18.131,0.1682,0.3579,-0.3459,0.1092,0.0906,0.0353,0.7141,0.4313,4.8475,-0.5205
18.203,0.1682,0.3579,-0.3459,0.1024,0.1002,0.0398,0.7141,0.4358,4.8575,-0.5211
18.204,0.1853,0.3777,-0.3459,0.1224,0.1002,0.0398,0.7141,0.4358,4.8575,-0.5211
18.204,0.1885,0.3777,-0.3631,0.1224,0.0938,0.0398,0.6969,0.4358,4.8575,-0.5211
18.205,0.1885,0.3645,-0.3613,0.1224,0.0938,0.0280,0.6987,0.4240,4.8575,-0.5211
18.305,0.1885,0.3645,-0.3613,0.1224,0.0938,0.0280,0.6987,0.4240,4.8575,-0.5211
18.329,0.1885,0.3645,-0.3613,0.1156,0.1036,0.0325,0.6987,0.4286,4.8674,-0.5216
18.330,0.2059,0.3843,-0.3613,0.1356,0.1036,0.0325,0.6987,0.4286,4.8674,-0.5216
18.331,0.2084,0.3843,-0.3787,0.1356,0.0966,0.0325,0.6813,0.4286,4.8674,-0.5216
18.332,0.2084,0.3714,-0.3754,0.1356,0.0966,0.0212,0.6846,0.4172,4.8674,-0.5216
18.433,0.2084,0.3714,-0.3754,0.1356,0.0966,0.0212,0.6846,0.4172,4.8674,-0.5216
18.457,0.2084,0.3714,-0.3754,0.1289,0.1064,0.0257,0.6846,0.4217,4.8774,-0.5222
18.459,0.2259,0.3910,-0.3754,0.1488,0.1064,0.0257,0.6846,0.4217,4.8774,-0.5222
18.462,0.2282,0.3910,-0.3923,0.1488,0.0995,0.0257,0.6677,0.4217,4.8774,-0.5222
18.464,0.2282,0.3779,-0.3885,0.1488,0.0995,0.0142,0.6715,0.4102,4.8774,-0.5222
18.562,0.2282,0.3779,-0.3885,0.1421,0.1093,0.0187,0.6715,0.4147,4.8873,-0.5228
18.564,0.2456,0.3969,-0.3885,0.1614,0.1093,0.0187,0.6715,0.4147,4.8873,-0.5228
18.565,0.2466,0.3969,-0.4058,0.1614,0.1013,0.0187,0.6542,0.4147,4.8873,-0.5228
18.567,0.2466,0.3840,-0.4026,0.1614,0.1013,0.0072,0.6574,0.4032,4.8873,-0.5228
18.658,0.2466,0.3840,-0.4026,0.1548,0.1111,0.0116,0.6574,0.4076,4.8972,-0.5234
18.660,0.2639,0.4014,-0.4026,0.1728,0.1111,0.0116,0.6574,0.4076,4.8972,-0.5234
18.662,0.2624,0.4014,-0.4217,0.1728,0.1002,0.0116,0.6383,0.4076,4.8972,-0.5234
18.663,0.2624,0.3882,-0.4196,0.1728,0.1002,-0.0003,0.6404,0.3957,4.8972,-0.5234
18.746,0.2624,0.3882,-0.4196,0.1662,0.1101,0.0041,0.6404,0.4001,4.9072,-0.5240
18.748,0.2801,0.4043,-0.4196,0.1831,0.1101,0.0041,0.6404,0.4001,4.9072,-0.5240
18.750,0.2763,0.4043,-0.4402,0.1831,0.0968,0.0041,0.6198,0.4001,4.9072,-0.5240
18.751,0.2763,0.3907,-0.4395,0.1831,0.0968,-0.0084,0.6205,0.3876,4.9072,-0.5240
18.836,0.2763,0.3907,-0.4395,0.1765,0.1067,-0.0039,0.6205,0.3921,4.9171,-0.5245
18.839,0.2946,0.4070,-0.4395,0.1936,0.1067,-0.0039,0.6205,0.3921,4.9171,-0.5245
18.840,0.2901,0.4070,-0.4600,0.1936,0.0931,-0.0039,0.6000,0.3921,4.9171,-0.5245
18.843,0.2901,0.3932,-0.4604,0.1936,0.0931,-0.0169,0.5996,0.3791,4.9171,-0.5245
18.920,0.2901,0.3932,-0.4604,0.1871,0.1030,-0.0124,0.5996,0.3836,4.9271,-0.5251
18.922,0.3083,0.4105,-0.4604,0.2051,0.1030,-0.0124,0.5996,0.3836,4.9271,-0.5251
18.923,0.3058,0.4105,-0.4794,0.2051,0.0917,-0.0124,0.5806,0.3836,4.9271,-0.5251
18.923,0.3058,0.3966,-0.4800,0.2051,0.0917,-0.0255,0.5800,0.3705,4.9271,-0.5251
19.024,0.3058,0.3966,-0.4800,0.2051,0.0917,-0.0255,0.5800,0.3705,4.9271,-0.5251
19.042,0.3058,0.3966,-0.4800,0.1985,0.1016,-0.0210,0.5800,0.3750,4.9370,-0.5257
19.043,0.3235,0.4145,-0.4800,0.2168,0.1016,-0.0210,0.5800,0.3750,4.9370,-0.5257
19.045,0.3250,0.4145,-0.4976,0.2168,0.0941,-0.0210,0.5624,0.3750,4.9370,-0.5257
19.046,0.3250,0.4003,-0.4978,0.2168,0.0941,-0.0344,0.5622,0.3616,4.9370,-0.5257
19.146,0.3250,0.4003,-0.4978,0.2168,0.0941,-0.0344,0.5622,0.3616,4.9370,-0.5257
19.151,0.3250,0.4003,-0.4978,0.2103,0.1041,-0.0299,0.5622,0.3661,4.9469,-0.5263
19.153,0.3425,0.4171,-0.4978,0.2276,0.1041,-0.0299,0.5622,0.3661,4.9469,-0.5263
19.154,0.3458,0.4171,-0.5149,0.2276,0.0984,-0.0299,0.5451,0.3661,4.9469,-0.5263
19.155,0.3458,0.4027,-0.5149,0.2276,0.0984,-0.0435,0.5451,0.3525,4.9469,-0.5263
19.237,0.3458,0.4027,-0.5149,0.2212,0.1084,-0.0390,0.5451,0.3570,4.9569,-0.5268
19.238,0.3637,0.4174,-0.5149,0.2369,0.1084,-0.0390,0.5451,0.3570,4.9569,-0.5268
19.238,0.3671,0.4174,-0.5323,0.2369,0.1028,-0.0390,0.5277,0.3570,4.9569,-0.5268
19.239,0.3671,0.4029,-0.5321,0.2369,0.1028,-0.0528,0.5279,0.3433,4.9569,-0.5268
19.308,0.3671,0.4029,-0.5321,0.2304,0.1127,-0.0482,0.5279,0.3478,4.9668,-0.5274
19.309,0.3857,0.4161,-0.5321,0.2450,0.1127,-0.0482,0.5279,0.3478,4.9668,-0.5274
19.310,0.3896,0.4161,-0.5495,0.2450,0.1077,-0.0482,0.5105,0.3478,4.9668,-0.5274
19.312,0.3896,0.4015,-0.5494,0.2450,0.1077,-0.0621,0.5106,0.3340,4.9668,-0.5274
19.412,0.3896,0.4015,-0.5494,0.2450,0.1077,-0.0621,0.5106,0.3340,4.9668,-0.5274
19.458,0.3896,0.4015,-0.5494,0.2384,0.1176,-0.0574,0.5106,0.3386,4.9768,-0.5280
19.460,0.4077,0.4144,-0.5494,0.2526,0.1176,-0.0574,0.5106,0.3386,4.9768,-0.5280
19.462,0.4128,0.4144,-0.5655,0.2526,0.1142,-0.0574,0.4945,0.3386,4.9768,-0.5280
19.464,0.4128,0.3999,-0.5640,0.2526,0.1142,-0.0711,0.4960,0.3249,4.9768,-0.5280
19.564,0.4128,0.3999,-0.5640,0.2461,0.1242,-0.0665,0.4960,0.3295,4.9867,-0.5285
19.567,0.4292,0.4123,-0.5640,0.2596,0.1242,-0.0665,0.4960,0.3295,4.9867,-0.5285
19.576,0.4363,0.4123,-0.5782,0.2596,0.1233,-0.0665,0.4818,0.3295,4.9867,-0.5285
19.577,0.4363,0.3982,-0.5739,0.2596,0.1233,-0.0795,0.4861,0.3166,4.9867,-0.5285
19.677,0.4363,0.3982,-0.5739,0.2596,0.1233,-0.0795,0.4861,0.3166,4.9867,-0.5285
19.706,0.4363,0.3982,-0.5739,0.2530,0.1333,-0.0748,0.4861,0.3212,4.9966,-0.5291
19.706,0.4517,0.4097,-0.5739,0.2655,0.1333,-0.0748,0.4861,0.3212,4.9966,-0.5291
19.708,0.4610,0.4097,-0.5854,0.2655,0.1355,-0.0748,0.4746,0.3212,4.9966,-0.5291
19.710,0.4610,0.3960,-0.5793,0.2655,0.1355,-0.0872,0.4807,0.3088,4.9966,-0.5291
19.810,0.4610,0.3960,-0.5793,0.2655,0.1355,-0.0872,0.4807,0.3088,4.9966,-0.5291
19.846,0.4610,0.3960,-0.5793,0.2590,0.1455,-0.0826,0.4807,0.3134,5.0066,-0.5297
19.847,0.4770,0.4064,-0.5793,0.2708,0.1455,-0.0826,0.4807,0.3134,5.0066,-0.5297
19.848,0.4889,0.4064,-0.5876,0.2708,0.1512,-0.0826,0.4724,0.3134,5.0066,-0.5297
19.851,0.4889,0.3934,-0.5821,0.2708,0.1512,-0.0944,0.4779,0.3016,5.0066,-0.5297
19.937,0.4889,0.3934,-0.5821,0.2642,0.1611,-0.0898,0.4779,0.3062,5.0165,-0.5303
19.937,0.5059,0.4030,-0.5821,0.2756,0.1611,-0.0898,0.4779,0.3062,5.0165,-0.5303
19.937,0.5205,0.4030,-0.5879,0.2756,0.1700,-0.0898,0.4721,0.3062,5.0165,-0.5303
19.938,0.5205,0.3913,-0.5837,0.2756,0.1700,-0.1005,0.4763,0.2955,5.0165,-0.5303
20.027,0.5205,0.3913,-0.5837,0.2689,0.1799,-0.0959,0.4763,0.3001,5.0264,-0.5308
20.028,0.5373,0.4002,-0.5837,0.2798,0.1799,-0.0959,0.4763,0.3001,5.0264,-0.5308
20.030,0.5530,0.4002,-0.5879,0.2798,0.1903,-0.0959,0.4721,0.3001,5.0264,-0.5308
20.032,0.5530,0.3899,-0.5835,0.2798,0.1903,-0.1053,0.4765,0.2908,5.0264,-0.5308
20.116,0.5530,0.3899,-0.5835,0.2730,0.2002,-0.1006,0.4765,0.2954,5.0364,-0.5314
20.117,0.5678,0.3980,-0.5835,0.2828,0.2002,-0.1006,0.4765,0.2954,5.0364,-0.5314
20.118,0.5825,0.3980,-0.5875,0.2828,0.2099,-0.1006,0.4725,0.2954,5.0364,-0.5314
20.120,0.5825,0.3888,-0.5803,0.2828,0.2099,-0.1084,0.4797,0.2876,5.0364,-0.5314
20.212,0.5825,0.3888,-0.5803,0.2759,0.2198,-0.1038,0.4797,0.2922,5.0463,-0.5320
20.214,0.5954,0.3958,-0.5803,0.2845,0.2198,-0.1038,0.4797,0.2922,5.0463,-0.5320
20.218,0.6088,0.3958,-0.5841,0.2845,0.2285,-0.1038,0.4759,0.2922,5.0463,-0.5320
20.220,0.6088,0.3875,-0.5736,0.2845,0.2285,-0.1102,0.4864,0.2858,5.0463,-0.5320
20.311,0.6088,0.3875,-0.5736,0.2776,0.2384,-0.1056,0.4864,0.2904,5.0563,-0.5325
20.312,0.6213,0.3932,-0.5736,0.2852,0.2384,-0.1056,0.4864,0.2904,5.0563,-0.5325
20.314,0.6350,0.3932,-0.5758,0.2852,0.2481,-0.1056,0.4842,0.2904,5.0563,-0.5325
20.316,0.6350,0.3872,-0.5637,0.2852,0.2481,-0.1095,0.4963,0.2865,5.0563,-0.5325
20.417,0.6350,0.3872,-0.5637,0.2852,0.2481,-0.1095,0.4963,0.2865,5.0563,-0.5325
20.436,0.6350,0.3872,-0.5637,0.2783,0.2579,-0.1050,0.4963,0.2910,5.0662,-0.5331
20.437,0.6483,0.3916,-0.5637,0.2851,0.2579,-0.1050,0.4963,0.2910,5.0662,-0.5331
20.439,0.6641,0.3916,-0.5616,0.2851,0.2707,-0.1050,0.4984,0.2910,5.0662,-0.5331
20.440,0.6641,0.3902,-0.5494,0.2851,0.2707,-0.1041,0.5106,0.2919,5.0662,-0.5331
20.540,0.6641,0.3902,-0.5494,0.2851,0.2707,-0.1041,0.5106,0.2919,5.0662,-0.5331
20.552,0.6641,0.3902,-0.5494,0.2782,0.2806,-0.0996,0.5106,0.2964,5.0761,-0.5337
20.553,0.6773,0.3937,-0.5494,0.2845,0.2806,-0.0996,0.5106,0.2964,5.0761,-0.5337
20.554,0.6949,0.3937,-0.5427,0.2845,0.2964,-0.0996,0.5173,0.2964,5.0761,-0.5337
20.555,0.6949,0.3987,-0.5315,0.2845,0.2964,-0.0924,0.5285,0.3036,5.0761,-0.5337
20.656,0.6949,0.3987,-0.5315,0.2845,0.2964,-0.0924,0.5285,0.3036,5.0761,-0.5337
20.699,0.6949,0.3987,-0.5315,0.2774,0.3063,-0.0879,0.5285,0.3081,5.0861,-0.5343
20.702,0.7068,0.4020,-0.5315,0.2833,0.3063,-0.0879,0.5285,0.3081,5.0861,-0.5343
20.702,0.7244,0.4020,-0.5230,0.2833,0.3228,-0.0879,0.5370,0.3081,5.0861,-0.5343
20.702,0.7244,0.4124,-0.5156,0.2833,0.3228,-0.0761,0.5444,0.3199,5.0861,-0.5343
20.774,0.7244,0.4124,-0.5156,0.2762,0.3327,-0.0716,0.5444,0.3244,5.0960,-0.5348
20.775,0.7352,0.4158,-0.5156,0.2819,0.3327,-0.0716,0.5444,0.3244,5.0960,-0.5348
20.777,0.7516,0.4158,-0.5072,0.2819,0.3483,-0.0716,0.5528,0.3244,5.0960,-0.5348
20.778,0.7516,0.4242,-0.5030,0.2819,0.3483,-0.0624,0.5570,0.3336,5.0960,-0.5348
20.843,0.7516,0.4242,-0.5030,0.2747,0.3582,-0.0578,0.5570,0.3382,5.1060,-0.5354
20.843,0.7619,0.4278,-0.5030,0.2805,0.3582,-0.0578,0.5570,0.3382,5.1060,-0.5354
20.843,0.7774,0.4278,-0.4954,0.2805,0.3728,-0.0578,0.5646,0.3382,5.1060,-0.5354
20.847,0.7774,0.4335,-0.4920,0.2805,0.3728,-0.0514,0.5680,0.3446,5.1060,-0.5354
20.926,0.7774,0.4335,-0.4920,0.2732,0.3826,-0.0468,0.5680,0.3493,5.1159,-0.5360
20.928,0.7882,0.4369,-0.4920,0.2790,0.3826,-0.0468,0.5680,0.3493,5.1159,-0.5360
20.930,0.8036,0.4369,-0.4840,0.2790,0.3973,-0.0468,0.5760,0.3493,5.1159,-0.5360
20.932,0.8036,0.4443,-0.4789,0.2790,0.3973,-0.0383,0.5811,0.3577,5.1159,-0.5360
21.019,0.8036,0.4443,-0.4789,0.2717,0.4072,-0.0336,0.5811,0.3624,5.1258,-0.5365
21.028,0.8147,0.4471,-0.4789,0.2772,0.4072,-0.0336,0.5811,0.3624,5.1258,-0.5365
21.028,0.8309,0.4471,-0.4688,0.2772,0.4231,-0.0336,0.5912,0.3624,5.1258,-0.5365
21.029,0.8309,0.4593,-0.4624,0.2772,0.4231,-0.0200,0.5976,0.3760,5.1258,-0.5365
21.131,0.8309,0.4593,-0.4624,0.2772,0.4231,-0.0200,0.5976,0.3760,5.1258,-0.5365
21.133,0.8309,0.4593,-0.4624,0.2698,0.4329,-0.0153,0.5976,0.3807,5.1358,-0.5371
21.134,0.8407,0.4605,-0.4624,0.2739,0.4329,-0.0153,0.5976,0.3807,5.1358,-0.5371
21.135,0.8570,0.4605,-0.4499,0.2739,0.4497,-0.0153,0.6101,0.3807,5.1358,-0.5371
21.135,0.8570,0.4756,-0.4441,0.2739,0.4497,0.0010,0.6159,0.3970,5.1358,-0.5371
21.218,0.8570,0.4756,-0.4441,0.2664,0.4596,0.0058,0.6159,0.4018,5.1457,-0.5377
21.220,0.8632,0.4742,-0.4441,0.2676,0.4596,0.0058,0.6159,0.4018,5.1457,-0.5377
21.221,0.8787,0.4742,-0.4301,0.2676,0.4762,0.0058,0.6299,0.4018,5.1457,-0.5377
21.223,0.8787,0.4891,-0.4260,0.2676,0.4762,0.0216,0.6340,0.4176,5.1457,-0.5377
21.307,0.8787,0.4891,-0.4260,0.2601,0.4861,0.0265,0.6340,0.4225,5.1557,-0.5382
21.309,0.8807,0.4846,-0.4260,0.2577,0.4861,0.0265,0.6340,0.4225,5.1557,-0.5382
21.311,0.8949,0.4846,-0.4118,0.2577,0.5016,0.0265,0.6482,0.4225,5.1557,-0.5382
21.312,0.8949,0.4982,-0.4091,0.2577,0.5016,0.0407,0.6509,0.4367,5.1557,-0.5382
21.397,0.8949,0.4982,-0.4091,0.2501,0.5115,0.0456,0.6509,0.4416,5.1656,-0.5388
21.398,0.8940,0.4914,-0.4091,0.2452,0.5115,0.0456,0.6509,0.4416,5.1656,-0.5388
21.399,0.9072,0.4914,-0.3954,0.2452,0.5261,0.0456,0.6646,0.4416,5.1656,-0.5388
21.400,0.9072,0.5036,-0.3936,0.2452,0.5261,0.0583,0.6664,0.4543,5.1656,-0.5388
21.487,0.9072,0.5036,-0.3936,0.2376,0.5360,0.0632,0.6664,0.4592,5.1756,-0.5394
21.490,0.9060,0.4964,-0.3936,0.2323,0.5360,0.0632,0.6664,0.4592,5.1756,-0.5394
21.493,0.9187,0.4964,-0.3804,0.2323,0.5500,0.0632,0.6796,0.4592,5.1756,-0.5394
21.495,0.9187,0.5072,-0.3784,0.2323,0.5500,0.0745,0.6816,0.4705,5.1756,-0.5394
21.585,0.9187,0.5072,-0.3784,0.2247,0.5599,0.0795,0.6816,0.4755,5.1855,-0.5400
21.586,0.9184,0.5003,-0.3784,0.2199,0.5599,0.0795,0.6816,0.4755,5.1855,-0.5400
21.587,0.9310,0.5003,-0.3650,0.2199,0.5738,0.0795,0.6950,0.4755,5.1855,-0.5400
21.588,0.9310,0.5094,-0.3612,0.2199,0.5738,0.0894,0.6988,0.4854,5.1855,-0.5400
21.677,0.9310,0.5094,-0.3612,0.2122,0.5837,0.0944,0.6988,0.4905,5.1954,-0.5405
21.679,0.9298,0.5013,-0.3612,0.2063,0.5837,0.0944,0.6988,0.4905,5.1954,-0.5405
21.681,0.9422,0.5013,-0.3467,0.2063,0.5978,0.0944,0.7133,0.4905,5.1954,-0.5405
21.683,0.9422,0.5081,-0.3406,0.2063,0.5978,0.1025,0.7194,0.4985,5.1954,-0.5405
21.768,0.9422,0.5081,-0.3406,0.1985,0.6077,0.1076,0.7194,0.5036,5.2054,-0.5411
21.770,0.9376,0.4972,-0.3406,0.1895,0.6077,0.1076,0.7194,0.5036,5.2054,-0.5411
21.772,0.9497,0.4972,-0.3249,0.1895,0.6219,0.1076,0.7351,0.5036,5.2054,-0.5411
21.774,0.9497,0.5023,-0.3181,0.1895,0.6219,0.1141,0.7419,0.5101,5.2054,-0.5411
21.862,0.9497,0.5023,-0.3181,0.1817,0.6318,0.1192,0.7419,0.5152,5.2153,-0.5416
21.864,0.9417,0.4892,-0.3181,0.1701,0.6318,0.1192,0.7419,0.5152,5.2153,-0.5416
21.866,0.9534,0.4892,-0.3018,0.1701,0.6457,0.1192,0.7582,0.5152,5.2153,-0.5416
21.869,0.9534,0.4929,-0.2953,0.1701,0.6457,0.1241,0.7647,0.5201,5.2153,-0.5416
21.957,0.9534,0.4929,-0.2953,0.1623,0.6556,0.1292,0.7647,0.5253,5.2253,-0.5422
21.959,0.9442,0.4793,-0.2953,0.1499,0.6556,0.1292,0.7647,0.5253,5.2253,-0.5422
21.961,0.9554,0.4793,-0.2793,0.1499,0.6692,0.1292,0.7807,0.5253,5.2253,-0.5422
21.965,0.9554,0.4805,-0.2726,0.1499,0.6692,0.1316,0.7874,0.5277,5.2253,-0.5422
22.038,0.9554,0.4805,-0.2726,0.1421,0.6791,0.1368,0.7874,0.5328,5.2352,-0.5428
22.040,0.9467,0.4675,-0.2726,0.1302,0.6791,0.1368,0.7874,0.5262,5.2352,-0.5428
22.042,0.9578,0.4675,-0.2572,0.1302,0.6923,0.1368,0.8028,0.5262,5.2352,-0.5428
22.043,0.9578,0.4649,-0.2484,0.1302,0.6923,0.1357,0.8116,0.5262,5.2352,-0.5428
22.129,0.9578,0.4649,-0.2484,0.1224,0.7022,0.1408,0.8116,0.5184,5.2451,-0.5434
22.130,0.9499,0.4522,-0.2484,0.1110,0.7022,0.1408,0.8116,0.5070,5.2451,-0.5434
22.131,0.9610,0.4522,-0.2332,0.1110,0.7153,0.1408,0.8268,0.5070,5.2451,-0.5434
22.133,0.9610,0.4457,-0.2212,0.1110,0.7153,0.1365,0.8388,0.5070,5.2451,-0.5434
22.219,0.9610,0.4457,-0.2212,0.1031,0.7252,0.1417,0.8388,0.4991,5.2551,-0.5439
22.219,0.9532,0.4327,-0.2212,0.0915,0.7252,0.1417,0.8388,0.4875,5.2551,-0.5439
22.221,0.9641,0.4327,-0.2052,0.0915,0.7383,0.1417,0.8548,0.4875,5.2551,-0.5439
22.223,0.9641,0.4243,-0.1918,0.0915,0.7383,0.1357,0.8682,0.4875,5.2551,-0.5439
22.307,0.9641,0.4243,-0.1918,0.0836,0.7482,0.1408,0.8682,0.4796,5.2650,-0.5445
22.308,0.9563,0.4112,-0.1918,0.0720,0.7482,0.1408,0.8682,0.4680,5.2650,-0.5445
22.310,0.9663,0.4112,-0.1747,0.0720,0.7608,0.1408,0.8853,0.4680,5.2650,-0.5445
22.312,0.9663,0.4038,-0.1621,0.0720,0.7608,0.1356,0.8979,0.4680,5.2650,-0.5445
22.395,0.9663,0.4038,-0.1621,0.0641,0.7708,0.1407,0.8979,0.4601,5.2750,-0.5451
22.397,0.9593,0.3914,-0.1621,0.0532,0.7708,0.1407,0.8979,0.4492,5.2750,-0.5451
22.399,0.9678,0.3914,-0.1451,0.0532,0.7822,0.1407,0.9149,0.4492,5.2750,-0.5451
22.401,0.9678,0.3843,-0.1328,0.0532,0.7822,0.1358,0.9272,0.4492,5.2750,-0.5451
22.480,0.9678,0.3843,-0.1328,0.0454,0.7921,0.1408,0.9272,0.4414,5.2849,-0.5456
22.482,0.9631,0.3730,-0.1328,0.0360,0.7921,0.1408,0.9272,0.4320,5.2849,-0.5456
22.484,0.9708,0.3730,-0.1166,0.0360,0.8026,0.1408,0.9434,0.4320,5.2849,-0.5456
22.486,0.9708,0.3638,-0.1037,0.0360,0.8026,0.1340,0.9563,0.4320,5.2849,-0.5456
22.586,0.9708,0.3638,-0.1037,0.0360,0.8026,0.1340,0.9563,0.4320,5.2849,-0.5456
22.589,0.9708,0.3638,-0.1037,0.0281,0.8126,0.1390,0.9563,0.4241,5.2948,-0.5462
22.592,0.9688,0.3535,-0.1037,0.0204,0.8126,0.1390,0.9563,0.4164,5.2948,-0.5462
22.594,0.9761,0.3535,-0.0884,0.0204,0.8225,0.1390,0.9716,0.4164,5.2948,-0.5462
22.596,0.9761,0.3409,-0.0750,0.0204,0.8225,0.1288,0.9850,0.4164,5.2948,-0.5462
22.690,0.9761,0.3409,-0.0750,0.0124,0.8325,0.1337,0.9850,0.4084,5.3048,-0.5468
22.691,0.9756,0.3312,-0.0750,0.0058,0.8325,0.1337,0.9850,0.4018,5.3048,-0.5468
22.692,0.9827,0.3312,-0.0598,0.0058,0.8422,0.1337,1.0002,0.4018,5.3048,-0.5468
22.693,0.9827,0.3164,-0.0474,0.0058,0.8422,0.1212,1.0126,0.4018,5.3048,-0.5468
22.785,0.9827,0.3164,-0.0474,-0.0022,0.8521,0.1261,1.0126,0.3938,5.3147,-0.5473
22.787,0.9830,0.3074,-0.0474,-0.0080,0.8521,0.1261,1.0126,0.3880,5.3147,-0.5473
22.789,0.9885,0.3074,-0.0327,-0.0080,0.8605,0.1261,1.0273,0.3880,5.3147,-0.5473
22.790,0.9885,0.2920,-0.0217,-0.0080,0.8605,0.1129,1.0383,0.3880,5.3147,-0.5473
22.891,0.9885,0.2920,-0.0217,-0.0080,0.8605,0.1129,1.0383,0.3880,5.3147,-0.5473
22.905,0.9885,0.2920,-0.0217,-0.0161,0.8704,0.1178,1.0383,0.3799,5.3247,-0.5479
22.905,0.9899,0.2834,-0.0217,-0.0212,0.8704,0.1178,1.0383,0.3748,5.3247,-0.5479
22.905,0.9923,0.2834,-0.0090,-0.0212,0.8756,0.1178,1.0510,0.3748,5.3247,-0.5479
22.906,0.9923,0.2690,0.0012,-0.0212,0.8756,0.1054,1.0612,0.3748,5.3247,-0.5479
22.984,0.9923,0.2690,0.0012,-0.0293,0.8856,0.1102,1.0612,0.3667,5.3346,-0.5485
22.985,0.9951,0.2604,0.0012,-0.0336,0.8856,0.1102,1.0612,0.3624,5.3346,-0.5485
22.985,0.9941,0.2604,0.0106,-0.0336,0.8872,0.1102,1.0706,0.3624,5.3346,-0.5485
22.987,0.9941,0.2468,0.0204,-0.0336,0.8872,0.0986,1.0804,0.3624,5.3346,-0.5485
23.087,0.9941,0.2468,0.0204,-0.0336,0.8872,0.0986,1.0804,0.3624,5.3346,-0.5485
23.092,0.9941,0.2468,0.0204,-0.0419,0.8971,0.1034,1.0804,0.3541,5.3445,-0.5491
23.093,0.9983,0.2387,0.0204,-0.0452,0.8971,0.1034,1.0804,0.3508,5.3445,-0.5491
23.095,0.9950,0.2387,0.0274,-0.0452,0.8962,0.1034,1.0874,0.3508,5.3445,-0.5491
23.104,0.9950,0.2250,0.0363,-0.0452,0.8962,0.0915,1.0963,0.3508,5.3445,-0.5491
23.194,0.9950,0.2250,0.0363,-0.0535,0.9062,0.0963,1.0963,0.3425,5.3545,-0.5496
23.196,1.0002,0.2178,0.0363,-0.0557,0.9062,0.0963,1.0963,0.3403,5.3545,-0.5496
23.198,0.9974,0.2178,0.0434,-0.0557,0.9057,0.0963,1.1034,0.3403,5.3545,-0.5496
23.199,0.9974,0.2034,0.0506,-0.0557,0.9057,0.0833,1.1106,0.3403,5.3545,-0.5496
23.282,0.9974,0.2034,0.0506,-0.0642,0.9157,0.0882,1.1106,0.3318,5.3644,-0.5502
23.283,1.0037,0.1973,0.0506,-0.0650,0.9157,0.0882,1.1106,0.3310,5.3644,-0.5502
23.285,1.0013,0.1973,0.0580,-0.0650,0.9155,0.0882,1.1180,0.3310,5.3644,-0.5502
23.286,1.0013,0.1824,0.0633,-0.0650,0.9155,0.0742,1.1233,0.3310,5.3644,-0.5502
23.385,1.0013,0.1824,0.0633,-0.0735,0.9255,0.0791,1.1233,0.3225,5.3743,-0.5508
23.388,1.0087,0.1773,0.0633,-0.0732,0.9255,0.0791,1.1233,0.3228,5.3743,-0.5508
23.390,1.0045,0.1773,0.0690,-0.0732,0.9235,0.0791,1.1290,0.3228,5.3743,-0.5508
23.392,1.0045,0.1625,0.0731,-0.0732,0.9235,0.0651,1.1331,0.3228,5.3743,-0.5508
23.492,1.0045,0.1625,0.0731,-0.0732,0.9235,0.0651,1.1331,0.3228,5.3743,-0.5508
23.523,1.0045,0.1625,0.0731,-0.0818,0.9335,0.0700,1.1331,0.3142,5.3843,-0.5513
23.541,1.0126,0.1581,0.0731,-0.0806,0.9335,0.0700,1.1331,0.3154,5.3843,-0.5513
23.544,1.0056,0.1581,0.0757,-0.0806,0.9285,0.0700,1.1357,0.3154,5.3843,-0.5513
23.546,1.0056,0.1436,0.0797,-0.0806,0.9285,0.0563,1.1397,0.3154,5.3843,-0.5513
23.626,1.0056,0.1436,0.0797,-0.0893,0.9384,0.0612,1.1397,0.3067,5.3942,-0.5519
23.627,1.0141,0.1397,0.0797,-0.0876,0.9384,0.0612,1.1397,0.3084,5.3942,-0.5519
23.627,1.0054,0.1397,0.0803,-0.0876,0.9316,0.0612,1.1403,0.3084,5.3942,-0.5519
23.628,1.0054,0.1255,0.0854,-0.0876,0.9316,0.0480,1.1454,0.3084,5.3942,-0.5519
23.707,1.0054,0.1255,0.0854,-0.0963,0.9415,0.0530,1.1454,0.2997,5.4042,-0.5525
23.708,1.0140,0.1222,0.0854,-0.0940,0.9415,0.0530,1.1454,0.3020,5.4042,-0.5525
23.710,1.0049,0.1222,0.0854,-0.0940,0.9342,0.0530,1.1454,0.3020,5.4042,-0.5525
23.712,1.0049,0.1086,0.0924,-0.0940,0.9342,0.0409,1.1524,0.3020,5.4042,-0.5525
23.800,1.0049,0.1086,0.0924,-0.1029,0.9442,0.0459,1.1524,0.2931,5.4141,-0.5531
23.802,1.0137,0.1059,0.0924,-0.0999,0.9442,0.0459,1.1524,0.2961,5.4141,-0.5531
23.804,1.0048,0.1059,0.0924,-0.0999,0.9369,0.0459,1.1524,0.2961,5.4141,-0.5531
23.806,1.0048,0.0926,0.1003,-0.0999,0.9369,0.0345,1.1526,0.2961,5.4141,-0.5531
23.894,1.0048,0.0926,0.1003,-0.1089,0.9469,0.0394,1.1526,0.2871,5.4240,-0.5536
23.914,1.0141,0.0904,0.1003,-0.1053,0.9469,0.0394,1.1504,0.2907,5.4240,-0.5536
23.914,1.0054,0.0904,0.1006,-0.1053,0.9400,0.0394,1.1504,0.2907,5.4240,-0.5536
23.915,1.0054,0.0770,0.1075,-0.1053,0.9400,0.0276,1.1370,0.2907,5.4240,-0.5536
23.988,1.0054,0.0770,0.1075,-0.1143,0.9499,0.0326,1.1370,0.2817,5.4340,-0.5542
23.990,1.0152,0.0753,0.1075,-0.1101,0.9499,0.0326,1.1353,0.2859,5.4340,-0.5542
23.992,1.0067,0.0753,0.1079,-0.1101,0.9431,0.0326,1.1353,0.2859,5.4340,-0.5542
23.994,1.0067,0.0615,0.1136,-0.1101,0.9431,0.0201,1.1215,0.2859,5.4340,-0.5542
24.095,1.0067,0.0615,0.1136,-0.1101,0.9431,0.0201,1.1215,0.2859,5.4340,-0.5542
24.106,1.0067,0.0615,0.1136,-0.1192,0.9530,0.0251,1.1215,0.2768,5.4439,-0.5547
24.117,1.0169,0.0602,0.1136,-0.1144,0.9530,0.0251,1.1202,0.2816,5.4439,-0.5547
24.117,1.0084,0.0602,0.1138,-0.1144,0.9462,0.0251,1.1202,0.2816,5.4439,-0.5547
24.118,1.0084,0.0465,0.1196,-0.1144,0.9462,0.0128,1.1065,0.2816,5.4439,-0.5547
24.209,1.0084,0.0465,0.1196,-0.1236,0.9561,0.0178,1.1065,0.2724,5.4539,-0.5553
24.209,1.0189,0.0454,0.1196,-0.1184,0.9561,0.0178,1.1054,0.2776,5.4539,-0.5553
24.210,1.0103,0.0454,0.1197,-0.1184,0.9491,0.0178,1.1054,0.2776,5.4539,-0.5553
24.212,1.0103,0.0321,0.1266,-0.1184,0.9491,0.0061,1.0921,0.2776,5.4539,-0.5553
24.312,1.0103,0.0321,0.1266,-0.1184,0.9491,0.0061,1.0921,0.2776,5.4539,-0.5553
24.355,1.0103,0.0321,0.1266,-0.1276,0.9590,0.0112,1.0921,0.2684,5.4638,-0.5559
24.357,1.0212,0.0312,0.1266,-0.1219,0.9590,0.0112,1.0912,0.2741,5.4638,-0.5559
24.360,1.0124,0.0312,0.1265,-0.1219,0.9517,0.0112,1.0912,0.2741,5.4638,-0.5559
24.362,1.0124,0.0185,0.1340,-0.1219,0.9517,0.0004,1.0785,0.2741,5.4638,-0.5559
24.443,1.0124,0.0185,0.1340,-0.1312,0.9617,0.0054,1.0785,0.2648,5.4737,-0.5564
24.446,1.0238,0.0181,0.1340,-0.1248,0.9617,0.0054,1.0781,0.2712,5.4737,-0.5564
24.446,1.0149,0.0181,0.1339,-0.1248,0.9543,0.0054,1.0781,0.2712,5.4737,-0.5564
24.447,1.0149,0.0058,0.1420,-0.1248,0.9543,-0.0047,1.0658,0.2712,5.4737,-0.5564
24.525,1.0149,0.0058,0.1420,-0.1342,0.9642,0.0004,1.0658,0.2618,5.4837,-0.5570
24.528,1.0269,0.0058,0.1420,-0.1270,0.9642,0.0004,1.0658,0.2690,5.4837,-0.5570
24.531,1.0177,0.0058,0.1417,-0.1270,0.9565,0.0004,1.0658,0.2690,5.4837,-0.5570
24.532,1.0177,-0.0061,0.1504,-0.1270,0.9565,-0.0091,1.0539,0.2690,5.4837,-0.5570
24.603,1.0177,-0.0061,0.1504,-0.1365,0.9664,-0.0040,1.0539,0.2595,5.4936,-0.5575
24.604,1.0303,-0.0057,0.1504,-0.1286,0.9664,-0.0040,1.0543,0.2674,5.4936,-0.5575
24.604,1.0209,-0.0057,0.1499,-0.1286,0.9585,-0.0040,1.0543,0.2674,5.4936,-0.5575
24.604,1.0209,-0.0174,0.1583,-0.1286,0.9585,-0.0133,1.0426,0.2674,5.4936,-0.5575
24.687,1.0209,-0.0174,0.1583,-0.1381,0.9684,-0.0083,1.0426,0.2579,5.5036,-0.5581
24.688,1.0337,-0.0167,0.1583,-0.1298,0.9684,-0.0083,1.0433,0.2662,5.5036,-0.5581
24.689,1.0240,-0.0167,0.1575,-0.1298,0.9601,-0.0083,1.0433,0.2662,5.5036,-0.5581
24.693,1.0240,-0.0280,0.1642,-0.1298,0.9601,-0.0177,1.0320,0.2662,5.5036,-0.5581
24.782,1.0240,-0.0280,0.1642,-0.1394,0.9700,-0.0126,1.0320,0.2566,5.5135,-0.5587
24.784,1.0371,-0.0268,0.1642,-0.1306,0.9700,-0.0126,1.0332,0.2654,5.5135,-0.5587
24.785,1.0271,-0.0268,0.1632,-0.1306,0.9615,-0.0126,1.0332,0.2654,5.5135,-0.5587
24.785,1.0271,-0.0380,0.1689,-0.1306,0.9615,-0.0222,1.0220,0.2654,5.5135,-0.5587
24.886,1.0271,-0.0380,0.1689,-0.1402,0.9714,-0.0171,1.0220,0.2558,5.5234,-0.5593
24.886,1.0271,-0.0380,0.1689,-0.1402,0.9714,-0.0171,1.0220,0.2558,5.5234,-0.5593
24.887,1.0409,-0.0356,0.1689,-0.1303,0.9714,-0.0171,1.0244,0.2657,5.5234,-0.5593
24.888,1.0310,-0.0356,0.1679,-0.1303,0.9629,-0.0171,1.0244,0.2657,5.5234,-0.5593
24.890,1.0310,-0.0469,0.1740,-0.1303,0.9629,-0.0267,1.0131,0.2657,5.5234,-0.5593
24.991,1.0310,-0.0469,0.1740,-0.1303,0.9629,-0.0267,1.0131,0.2657,5.5234,-0.5593
25.007,1.0310,-0.0469,0.1740,-0.1400,0.9728,-0.0216,1.0131,0.2560,5.5334,-0.5598
25.009,1.0459,-0.0431,0.1740,-0.1287,0.9728,-0.0216,1.0169,0.2673,5.5334,-0.5598
25.011,1.0363,-0.0431,0.1733,-0.1287,0.9645,-0.0216,1.0169,0.2673,5.5334,-0.5598
25.019,1.0363,-0.0547,0.1817,-0.1287,0.9645,-0.0305,1.0053,0.2673,5.5334,-0.5598
25.119,1.0363,-0.0547,0.1817,-0.1287,0.9645,-0.0305,1.0053,0.2673,5.5334,-0.5598
25.173,1.0363,-0.0547,0.1817,-0.1384,0.9744,-0.0254,1.0053,0.2576,5.5433,-0.5604
25.182,1.0515,-0.0505,0.1817,-0.1265,0.9744,-0.0254,1.0095,0.2695,5.5433,-0.5604
25.182,1.0420,-0.0505,0.1809,-0.1265,0.9662,-0.0254,1.0095,0.2695,5.5433,-0.5604
25.182,1.0420,-0.0631,0.1929,-0.1265,0.9662,-0.0338,0.9969,0.2695,5.5433,-0.5604
25.268,1.0420,-0.0631,0.1929,-0.1363,0.9761,-0.0287,0.9969,0.2597,5.5533,-0.5609
25.270,1.0571,-0.0588,0.1929,-0.1244,0.9761,-0.0287,1.0012,0.2716,5.5533,-0.5609
25.271,1.0475,-0.0588,0.1921,-0.1244,0.9678,-0.0287,1.0012,0.2716,5.5533,-0.5609
25.273,1.0475,-0.0723,0.2060,-0.1244,0.9678,-0.0372,0.9877,0.2716,5.5533,-0.5609
25.359,1.0475,-0.0723,0.2060,-0.1342,0.9777,-0.0322,0.9877,0.2618,5.5632,-0.5615
25.362,1.0632,-0.0666,0.2060,-0.1212,0.9777,-0.0322,0.9934,0.2748,5.5632,-0.5615
25.363,1.0536,-0.0666,0.2051,-0.1212,0.9693,-0.0322,0.9934,0.2748,5.5632,-0.5615
25.365,1.0536,-0.0784,0.2165,-0.1212,0.9693,-0.0398,0.9816,0.2748,5.5632,-0.5615
25.466,1.0536,-0.0784,0.2165,-0.1212,0.9693,-0.0398,0.9816,0.2748,5.5632,-0.5615
25.519,1.0536,-0.0784,0.2165,-0.1310,0.9792,-0.0348,0.9816,0.2650,5.5731,-0.5621
25.520,1.0707,-0.0703,0.2165,-0.1161,0.9792,-0.0348,0.9897,0.2799,5.5731,-0.5621
25.521,1.0611,-0.0703,0.2157,-0.1161,0.9709,-0.0348,0.9897,0.2799,5.5731,-0.5621
25.523,1.0611,-0.0798,0.2243,-0.1161,0.9709,-0.0412,0.9802,0.2799,5.5731,-0.5621
25.623,1.0611,-0.0798,0.2243,-0.1161,0.9709,-0.0412,0.9802,0.2799,5.5731,-0.5621
25.651,1.0611,-0.0798,0.2243,-0.1259,0.9807,-0.0362,0.9802,0.2701,5.5831,-0.5626
25.652,1.0783,-0.0705,0.2243,-0.1105,0.9807,-0.0362,0.9895,0.2855,5.5831,-0.5626
25.652,1.0690,-0.0705,0.2238,-0.1105,0.9727,-0.0362,0.9895,0.2855,5.5831,-0.5626
25.654,1.0690,-0.0791,0.2330,-0.1105,0.9727,-0.0411,0.9809,0.2855,5.5831,-0.5626
25.753,1.0690,-0.0791,0.2330,-0.1203,0.9825,-0.0362,0.9809,0.2757,5.5930,-0.5632
25.754,1.0859,-0.0702,0.2330,-0.1053,0.9825,-0.0362,0.9898,0.2907,5.5930,-0.5632
25.755,1.0768,-0.0702,0.2328,-0.1053,0.9747,-0.0362,0.9898,0.2907,5.5930,-0.5632
25.756,1.0768,-0.0771,0.2464,-0.1053,0.9747,-0.0374,0.9829,0.2907,5.5930,-0.5632
25.857,1.0768,-0.0771,0.2464,-0.1053,0.9747,-0.0374,0.9829,0.2907,5.5930,-0.5632
25.860,1.0768,-0.0771,0.2464,-0.1151,0.9846,-0.0325,0.9829,0.2809,5.6030,-0.5638
25.861,1.0937,-0.0688,0.2464,-0.1001,0.9846,-0.0325,0.9912,0.2959,5.6030,-0.5638
25.861,1.0847,-0.0688,0.2464,-0.1001,0.9768,-0.0325,0.9912,0.2959,5.6030,-0.5638
25.861,1.0847,-0.0725,0.2650,-0.1001,0.9768,-0.0279,0.9875,0.2959,5.6030,-0.5638
25.954,1.0847,-0.0725,0.2650,-0.1099,0.9866,-0.0232,0.9875,0.2861,5.6129,-0.5643
25.954,1.1027,-0.0637,0.2650,-0.0939,0.9866,-0.0232,0.9963,0.3021,5.6129,-0.5643
25.954,1.0936,-0.0637,0.2650,-0.0939,0.9788,-0.0232,0.9963,0.3021,5.6129,-0.5643
25.956,1.0936,-0.0637,0.2827,-0.0939,0.9788,-0.0150,0.9963,0.3021,5.6129,-0.5643
26.036,1.0936,-0.0637,0.2827,-0.1038,0.9886,-0.0103,0.9963,0.2922,5.6228,-0.5649
26.039,1.1119,-0.0541,0.2827,-0.0872,0.9886,-0.0103,1.0059,0.3088,5.6228,-0.5649
26.039,1.1027,-0.0541,0.2829,-0.0872,0.9807,-0.0103,1.0059,0.3088,5.6228,-0.5649
26.040,1.1027,-0.0533,0.2966,-0.0872,0.9807,-0.0030,1.0067,0.3088,5.6228,-0.5649
26.123,1.1027,-0.0533,0.2966,-0.0971,0.9905,0.0016,1.0067,0.2989,5.6328,-0.5655
26.124,1.1201,-0.0432,0.2966,-0.0810,0.9905,0.0016,1.0168,0.3150,5.6328,-0.5655
26.124,1.1108,-0.0432,0.2969,-0.0810,0.9825,0.0016,1.0168,0.3150,5.6328,-0.5655
26.124,1.1108,-0.0435,0.3086,-0.0810,0.9825,0.0068,1.0165,0.3150,5.6328,-0.5655
26.211,1.1108,-0.0435,0.3086,-0.0909,0.9923,0.0115,1.0165,0.3051,5.6427,-0.5660
26.212,1.1263,-0.0339,0.3086,-0.0763,0.9923,0.0115,1.0261,0.3197,5.6427,-0.5660
26.212,1.1170,-0.0339,0.3090,-0.0763,0.9844,0.0115,1.0261,0.3197,5.6427,-0.5660
26.212,1.1170,-0.0342,0.3220,-0.0763,0.9844,0.0173,1.0258,0.3197,5.6427,-0.5660
26.289,1.1170,-0.0342,0.3220,-0.0862,0.9941,0.0219,1.0258,0.3098,5.6526,-0.5666
26.290,1.1320,-0.0253,0.3220,-0.0722,0.9941,0.0219,1.0347,0.3238,5.6526,-0.5666
26.292,1.1227,-0.0253,0.3225,-0.0722,0.9861,0.0219,1.0347,0.3238,5.6526,-0.5666
26.293,1.1227,-0.0218,0.3372,-0.0722,0.9861,0.0324,1.0382,0.3238,5.6526,-0.5666
26.367,1.1227,-0.0218,0.3372,-0.0821,0.9959,0.0369,1.0382,0.3139,5.6626,-0.5672
26.368,1.1388,-0.0130,0.3372,-0.0672,0.9959,0.0369,1.0470,0.3288,5.6626,-0.5672
26.368,1.1294,-0.0130,0.3378,-0.0672,0.9878,0.0369,1.0470,0.3288,5.6626,-0.5672
26.369,1.1294,-0.0054,0.3519,-0.0672,0.9878,0.0512,1.0546,0.3288,5.6626,-0.5672
26.440,1.1294,-0.0054,0.3519,-0.0772,0.9976,0.0557,1.0546,0.3188,5.6725,-0.5677
26.441,1.1465,0.0043,0.3519,-0.0612,0.9976,0.0557,1.0643,0.3348,5.6725,-0.5677
26.442,1.1371,0.0043,0.3526,-0.0612,0.9895,0.0557,1.0643,0.3348,5.6725,-0.5677
26.443,1.1371,0.0133,0.3650,-0.0612,0.9895,0.0704,1.0733,0.3348,5.6725,-0.5677
26.521,1.1371,0.0133,0.3650,-0.0711,0.9992,0.0750,1.0733,0.3249,5.6825,-0.5683
26.521,1.1542,0.0241,0.3650,-0.0548,0.9992,0.0750,1.0841,0.3412,5.6825,-0.5683
26.522,1.1449,0.0241,0.3661,-0.0548,0.9912,0.0750,1.0841,0.3412,5.6825,-0.5683
26.522,1.1449,0.0317,0.3777,-0.0548,0.9912,0.0878,1.0917,0.3412,5.6825,-0.5683
26.600,1.1449,0.0317,0.3777,-0.0647,1.0009,0.0923,1.0917,0.3313,5.6924,-0.5689
26.600,1.1610,0.0428,0.3777,-0.0491,1.0009,0.0923,1.1028,0.3469,5.6924,-0.5689
26.600,1.1518,0.0428,0.3791,-0.0491,0.9931,0.0923,1.1028,0.3469,5.6924,-0.5689
26.600,1.1518,0.0486,0.3912,-0.0491,0.9931,0.1036,1.1086,0.3469,5.6924,-0.5689
26.701,1.1518,0.0486,0.3912,-0.0491,0.9931,0.1036,1.1086,0.3469,5.6924,-0.5689
26.711,1.1518,0.0486,0.3912,-0.0590,1.0028,0.1082,1.1086,0.3370,5.7023,-0.5694
26.711,1.1677,0.0603,0.3912,-0.0434,1.0028,0.1082,1.1203,0.3526,5.7023,-0.5694
26.712,1.1587,0.0603,0.3930,-0.0434,0.9953,0.1082,1.1203,0.3526,5.7023,-0.5694
26.712,1.1587,0.0648,0.4057,-0.0434,0.9953,0.1184,1.1248,0.3526,5.7023,-0.5694
26.812,1.1587,0.0648,0.4057,-0.0434,0.9953,0.1184,1.1248,0.3526,5.7023,-0.5694
26.828,1.1587,0.0648,0.4057,-0.0533,1.0049,0.1230,1.1248,0.3427,5.7123,-0.5700
26.845,1.1750,0.0774,0.4057,-0.0371,1.0049,0.1230,1.1374,0.3589,5.7123,-0.5700
26.846,1.1660,0.0774,0.4077,-0.0371,0.9974,0.1230,1.1374,0.3589,5.7123,-0.5700
26.847,1.1660,0.0810,0.4202,-0.0371,0.9974,0.1322,1.1410,0.3589,5.7123,-0.5700
26.942,1.1660,0.0810,0.4202,-0.0470,1.0071,0.1368,1.1410,0.3490,5.7222,-0.5705
26.951,1.1826,0.0943,0.4202,-0.0303,1.0071,0.1368,1.1543,0.3657,5.7222,-0.5705
26.951,1.1737,0.0943,0.4224,-0.0303,0.9997,0.1368,1.1543,0.3657,5.7222,-0.5705
26.951,1.1737,0.0970,0.4344,-0.0303,0.9997,0.1448,1.1570,0.3657,5.7222,-0.5705
27.023,1.1737,0.0970,0.4344,-0.0402,1.0093,0.1493,1.1570,0.3558,5.7322,-0.5711
27.025,1.1906,0.1118,0.4344,-0.0228,1.0093,0.1493,1.1718,0.3732,5.7322,-0.5711
27.027,1.1817,0.1118,0.4368,-0.0228,1.0020,0.1493,1.1718,0.3732,5.7322,-0.5711
27.029,1.1817,0.1119,0.4487,-0.0228,1.0020,0.1549,1.1719,0.3732,5.7322,-0.5711
27.114,1.1817,0.1119,0.4487,-0.0327,1.0116,0.1593,1.1719,0.3633,5.7421,-0.5717
27.139,1.1977,0.1278,0.4487,-0.0157,1.0116,0.1593,1.1878,0.3803,5.7421,-0.5717
27.140,1.1888,0.1278,0.4513,-0.0157,1.0044,0.1593,1.1878,0.3803,5.7421,-0.5717
27.141,1.1888,0.1234,0.4639,-0.0157,1.0044,0.1610,1.1834,0.3803,5.7421,-0.5717
27.227,1.1888,0.1234,0.4639,-0.0257,1.0140,0.1654,1.1834,0.3703,5.7520,-0.5722
27.229,1.2031,0.1393,0.4639,-0.0098,1.0140,0.1654,1.1993,0.3862,5.7520,-0.5722
27.231,1.1943,0.1393,0.4667,-0.0098,1.0070,0.1654,1.1993,0.3862,5.7520,-0.5722
27.233,1.1943,0.1310,0.4799,-0.0098,1.0070,0.1636,1.1910,0.3862,5.7520,-0.5722
27.320,1.1943,0.1310,0.4799,-0.0198,1.0165,0.1680,1.1910,0.3762,5.7620,-0.5728
27.337,1.2088,0.1472,0.4799,-0.0037,1.0165,0.1680,1.2072,0.3923,5.7620,-0.5728
27.338,1.2001,0.1472,0.4829,-0.0037,1.0097,0.1680,1.2072,0.3923,5.7620,-0.5728
27.340,1.2001,0.1375,0.4979,-0.0037,1.0097,0.1659,1.1975,0.3923,5.7620,-0.5728
27.429,1.2001,0.1375,0.4979,-0.0136,1.0192,0.1702,1.1975,0.3824,5.7719,-0.5733
27.448,1.2158,0.1538,0.4979,0.0035,1.0192,0.1702,1.2138,0.3995,5.7719,-0.5733
27.449,1.2070,0.1538,0.5010,0.0035,1.0125,0.1702,1.2138,0.3995,5.7719,-0.5733
27.451,1.2070,0.1458,0.5184,0.0035,1.0125,0.1708,1.2058,0.3995,5.7719,-0.5733
27.533,1.2070,0.1458,0.5184,-0.0064,1.0220,0.1751,1.2058,0.3896,5.7819,-0.5739
27.535,1.2217,0.1604,0.5184,0.0094,1.0220,0.1751,1.2204,0.4054,5.7819,-0.5739
27.537,1.2127,0.1604,0.5215,0.0094,1.0151,0.1751,1.2204,0.4054,5.7819,-0.5739
27.539,1.2127,0.1543,0.5395,0.0094,1.0151,0.1778,1.2143,0.4054,5.7819,-0.5739
27.631,1.2127,0.1543,0.5395,-0.0006,1.0246,0.1820,1.2143,0.3954,5.7918,-0.5745
27.632,1.2248,0.1671,0.5395,0.0128,1.0246,0.1820,1.2271,0.4088,5.7918,-0.5745
27.634,1.2157,0.1671,0.5424,0.0128,1.0176,0.1820,1.2271,0.4088,5.7918,-0.5745
27.636,1.2157,0.1602,0.5598,0.0128,1.0176,0.1837,1.2202,0.4088,5.7918,-0.5745
27.730,1.2157,0.1602,0.5598,0.0028,1.0270,0.1878,1.2202,0.3988,5.8017,-0.5750
27.732,1.2261,0.1725,0.5598,0.0148,1.0270,0.1878,1.2325,0.4108,5.8017,-0.5750
27.736,1.2170,0.1725,0.5629,0.0148,1.0201,0.1878,1.2325,0.4108,5.8017,-0.5750
27.737,1.2170,0.1617,0.5792,0.0148,1.0201,0.1856,1.2217,0.4108,5.8017,-0.5750
27.827,1.2170,0.1617,0.5792,0.0049,1.0296,0.1896,1.2217,0.4009,5.8117,-0.5756
27.829,1.2268,0.1742,0.5792,0.0165,1.0296,0.1896,1.2342,0.4125,5.8117,-0.5756
27.831,1.2178,0.1742,0.5824,0.0165,1.0228,0.1896,1.2342,0.4125,5.8117,-0.5756
27.832,1.2178,0.1604,0.5975,0.0165,1.0228,0.1842,1.2204,0.4125,5.8117,-0.5756
27.923,1.2178,0.1604,0.5975,0.0066,1.0323,0.1881,1.2204,0.4026,5.8216,-0.5761
27.925,1.2280,0.1731,0.5975,0.0187,1.0323,0.1881,1.2331,0.4147,5.8216,-0.5761
27.926,1.2191,0.1731,0.6008,0.0187,1.0257,0.1881,1.2331,0.4147,5.8216,-0.5761
27.928,1.2191,0.1594,0.6161,0.0187,1.0257,0.1830,1.2194,0.4147,5.8216,-0.5761
28.014,1.2191,0.1594,0.6161,0.0088,1.0351,0.1869,1.2194,0.4048,5.8316,-0.5767
28.018,1.2299,0.1716,0.6161,0.0212,1.0351,0.1869,1.2316,0.4172,5.8316,-0.5767
28.020,1.2210,0.1716,0.6194,0.0212,1.0287,0.1869,1.2316,0.4172,5.8316,-0.5767
28.021,1.2210,0.1595,0.6360,0.0212,1.0287,0.1839,1.2195,0.4172,5.8316,-0.5767
28.108,1.2210,0.1595,0.6360,0.0113,1.0380,0.1876,1.2195,0.4073,5.8415,-0.5773
28.110,1.2323,0.1706,0.6360,0.0236,1.0380,0.1876,1.2306,0.4196,5.8415,-0.5773
28.112,1.2234,0.1706,0.6393,0.0236,1.0316,0.1876,1.2306,0.4196,5.8415,-0.5773
28.113,1.2234,0.1601,0.6564,0.0236,1.0316,0.1864,1.2201,0.4196,5.8415,-0.5773
28.202,1.2234,0.1601,0.6564,0.0137,1.0410,0.1900,1.2201,0.4097,5.8515,-0.5778
28.204,1.2349,0.1703,0.6564,0.0259,1.0410,0.1900,1.2303,0.4219,5.8515,-0.5778
28.206,1.2260,0.1703,0.6597,0.0259,1.0346,0.1900,1.2303,0.4219,5.8515,-0.5778
28.207,1.2260,0.1598,0.6749,0.0259,1.0346,0.1880,1.2198,0.4219,5.8515,-0.5778
28.289,1.2260,0.1598,0.6749,0.0160,1.0439,0.1916,1.2198,0.4120,5.8614,-0.5784
28.292,1.2382,0.1702,0.6749,0.0288,1.0439,0.1916,1.2302,0.4248,5.8614,-0.5784
28.294,1.2293,0.1702,0.6783,0.0288,1.0376,0.1916,1.2302,0.4248,5.8614,-0.5784
28.296,1.2293,0.1576,0.6891,0.0288,1.0376,0.1859,1.2176,0.4248,5.8614,-0.5784
28.389,1.2293,0.1576,0.6891,0.0189,1.0469,0.1894,1.2176,0.4149,5.8713,-0.5790
28.392,1.2423,0.1684,0.6891,0.0324,1.0469,0.1894,1.2284,0.4284,5.8713,-0.5790
28.393,1.2334,0.1684,0.6926,0.0324,1.0408,0.1894,1.2284,0.4284,5.8713,-0.5790
28.395,1.2334,0.1540,0.6988,0.0324,1.0408,0.1799,1.2140,0.4284,5.8713,-0.5790
28.487,1.2334,0.1540,0.6988,0.0225,1.0500,0.1834,1.2140,0.4185,5.8813,-0.5795
28.505,1.2461,0.1642,0.6988,0.0356,1.0500,0.1834,1.2242,0.4316,5.8813,-0.5795
28.514,1.2374,0.1642,0.7024,0.0356,1.0441,0.1834,1.2242,0.4316,5.8813,-0.5795
28.515,1.2374,0.1498,0.7066,0.0356,1.0441,0.1730,1.2098,0.4316,5.8813,-0.5795
28.596,1.2374,0.1498,0.7066,0.0257,1.0534,0.1764,1.2098,0.4217,5.8912,-0.5801
28.617,1.2494,0.1581,0.7066,0.0375,1.0534,0.1764,1.2181,0.4335,5.8912,-0.5801
28.618,1.2409,0.1581,0.7103,0.0375,1.0477,0.1764,1.2181,0.4335,5.8912,-0.5801
28.618,1.2409,0.1444,0.7152,0.0375,1.0477,0.1670,1.2044,0.4335,5.8912,-0.5801
28.693,1.2409,0.1444,0.7152,0.0276,1.0569,0.1704,1.2044,0.4236,5.9012,-0.5806
28.695,1.2535,0.1496,0.7152,0.0385,1.0569,0.1704,1.2096,0.4345,5.9012,-0.5806
28.698,1.2451,0.1496,0.7190,0.0385,1.0513,0.1704,1.2096,0.4345,5.9012,-0.5806
28.701,1.2451,0.1354,0.7249,0.0385,1.0513,0.1611,1.1954,0.4345,5.9012,-0.5806
28.787,1.2451,0.1354,0.7249,0.0286,1.0605,0.1645,1.1954,0.4246,5.9111,-0.5812
28.803,1.2596,0.1380,0.7249,0.0398,1.0605,0.1645,1.1980,0.4358,5.9111,-0.5812
28.808,1.2514,0.1380,0.7288,0.0398,1.0551,0.1645,1.1980,0.4358,5.9111,-0.5812
28.810,1.2514,0.1220,0.7333,0.0398,1.0551,0.1530,1.1820,0.4358,5.9111,-0.5812
28.887,1.2514,0.1220,0.7333,0.0299,1.0643,0.1564,1.1820,0.4259,5.9210,-0.5818
28.888,1.2670,0.1232,0.7333,0.0414,1.0643,0.1564,1.1832,0.4374,5.9210,-0.5818
28.889,1.2589,0.1232,0.7371,0.0414,1.0590,0.1564,1.1832,0.4374,5.9210,-0.5818
28.892,1.2589,0.1059,0.7384,0.0414,1.0590,0.1422,1.1659,0.4374,5.9210,-0.5818
28.992,1.2589,0.1059,0.7384,0.0414,1.0590,0.1422,1.1659,0.4374,5.9210,-0.5818
29.012,1.2589,0.1059,0.7384,0.0315,1.0681,0.1456,1.1659,0.4275,5.9310,-0.5823
29.013,1.2735,0.1071,0.7384,0.0423,1.0681,0.1456,1.1671,0.4383,5.9310,-0.5823
29.015,1.2654,0.1071,0.7422,0.0423,1.0629,0.1456,1.1671,0.4383,5.9310,-0.5823
29.016,1.2654,0.0901,0.7410,0.0423,1.0629,0.1304,1.1501,0.4383,5.9310,-0.5823
29.117,1.2654,0.0901,0.7410,0.0423,1.0629,0.1304,1.1501,0.4383,5.9310,-0.5823
29.142,1.2654,0.0901,0.7410,0.0324,1.0719,0.1338,1.1501,0.4284,5.9409,-0.5829
29.143,1.2771,0.0906,0.7410,0.0409,1.0719,0.1338,1.1506,0.4369,5.9409,-0.5829
29.143,1.2692,0.0906,0.7447,0.0409,1.0668,0.1338,1.1506,0.4369,5.9409,-0.5829
29.143,1.2692,0.0745,0.7428,0.0409,1.0668,0.1189,1.1345,0.4369,5.9409,-0.5829
29.209,1.2692,0.0745,0.7428,0.0310,1.0758,0.1224,1.1345,0.4270,5.9509,-0.5834
29.209,1.2776,0.0714,0.7428,0.0358,1.0758,0.1224,1.1314,0.4318,5.9509,-0.5834
29.209,1.2698,0.0714,0.7465,0.0358,1.0707,0.1224,1.1314,0.4318,5.9509,-0.5834
29.210,1.2698,0.0561,0.7441,0.0358,1.0707,0.1079,1.1161,0.4318,5.9509,-0.5834
29.280,1.2698,0.0561,0.7441,0.0259,1.0797,0.1114,1.1161,0.4219,5.9608,-0.5840
29.281,1.2767,0.0485,0.7441,0.0279,1.0797,0.1114,1.1085,0.4239,5.9608,-0.5840
29.281,1.2692,0.0485,0.7480,0.0279,1.0749,0.1114,1.1085,0.4239,5.9608,-0.5840
29.282,1.2692,0.0336,0.7452,0.0279,1.0749,0.0970,1.0936,0.4239,5.9608,-0.5840
29.382,1.2692,0.0336,0.7452,0.0279,1.0749,0.0970,1.0936,0.4239,5.9608,-0.5840
29.385,1.2692,0.0336,0.7452,0.0180,1.0839,0.1005,1.0936,0.4140,5.9707,-0.5845
29.385,1.2771,0.0240,0.7452,0.0201,1.0839,0.1005,1.0840,0.4161,5.9707,-0.5845
29.386,1.2699,0.0240,0.7492,0.0201,1.0792,0.1005,1.0840,0.4161,5.9707,-0.5845
29.387,1.2699,0.0093,0.7463,0.0201,1.0792,0.0862,1.0693,0.4161,5.9707,-0.5845
29.487,1.2699,0.0093,0.7463,0.0201,1.0792,0.0862,1.0693,0.4161,5.9707,-0.5845
29.499,1.2699,0.0093,0.7463,0.0101,1.0882,0.0897,1.0693,0.4061,5.9807,-0.5851
29.500,1.2788,0.0015,0.7463,0.0138,1.0882,0.0897,1.0615,0.4098,5.9807,-0.5851
29.501,1.2718,0.0015,0.7503,0.0138,1.0837,0.0897,1.0615,0.4098,5.9807,-0.5851
29.502,1.2718,-0.0124,0.7468,0.0138,1.0837,0.0758,1.0476,0.4098,5.9807,-0.5851
29.603,1.2718,-0.0124,0.7468,0.0138,1.0837,0.0758,1.0476,0.4098,5.9807,-0.5851
29.618,1.2718,-0.0124,0.7468,0.0038,1.0926,0.0794,1.0476,0.3998,5.9906,-0.5857
29.628,1.2799,-0.0185,0.7468,0.0076,1.0926,0.0794,1.0415,0.4036,5.9906,-0.5857
29.629,1.2731,-0.0185,0.7508,0.0076,1.0883,0.0794,1.0415,0.4036,5.9906,-0.5857
29.631,1.2731,-0.0302,0.7454,0.0076,1.0883,0.0662,1.0298,0.4036,5.9906,-0.5857
29.703,1.2731,-0.0302,0.7454,-0.0023,1.0972,0.0698,1.0298,0.3937,6.0006,-0.5862
29.705,1.2790,-0.0363,0.7454,-0.0000,1.0972,0.0698,1.0237,0.3960,6.0006,-0.5862
29.707,1.2723,-0.0363,0.7494,-0.0000,1.0928,0.0698,1.0237,0.3960,6.0006,-0.5862
29.708,1.2723,-0.0450,0.7410,-0.0000,1.0928,0.0576,1.0150,0.3960,6.0006,-0.5862
29.808,1.2723,-0.0450,0.7410,-0.0100,1.1017,0.0614,1.0150,0.3860,6.0105,-0.5868
29.809,1.2755,-0.0523,0.7410,-0.0102,1.1017,0.0614,1.0077,0.3858,6.0105,-0.5868
29.811,1.2689,-0.0523,0.7451,-0.0102,1.0974,0.0614,1.0077,0.3858,6.0105,-0.5868
29.813,1.2689,-0.0583,0.7348,-0.0102,1.0974,0.0503,1.0017,0.3858,6.0105,-0.5868
29.891,1.2689,-0.0583,0.7348,-0.0201,1.1062,0.0542,1.0017,0.3759,6.0204,-0.5873
29.893,1.2702,-0.0659,0.7348,-0.0217,1.1062,0.0542,0.9941,0.3743,6.0204,-0.5873
29.895,1.2638,-0.0659,0.7390,-0.0217,1.1021,0.0542,0.9941,0.3743,6.0204,-0.5873
29.896,1.2638,-0.0701,0.7281,-0.0217,1.1021,0.0444,0.9899,0.3743,6.0204,-0.5873
29.997,1.2638,-0.0701,0.7281,-0.0217,1.1021,0.0444,0.9899,0.3743,6.0204,-0.5873
30.010,1.2638,-0.0701,0.7281,-0.0317,1.1109,0.0485,0.9899,0.3643,6.0304,-0.5879
30.018,1.2646,-0.0762,0.7281,-0.0332,1.1109,0.0485,0.9838,0.3628,6.0304,-0.5879
30.019,1.2584,-0.0762,0.7324,-0.0332,1.1070,0.0485,0.9838,0.3628,6.0304,-0.5879
30.019,1.2584,-0.0796,0.7218,-0.0332,1.1070,0.0396,0.9804,0.3628,6.0304,-0.5879
30.115,1.2584,-0.0796,0.7218,-0.0431,1.1157,0.0438,0.9804,0.3529,6.0403,-0.5885
30.135,1.2599,-0.0828,0.7218,-0.0431,1.1157,0.0438,0.9772,0.3529,6.0403,-0.5885
30.136,1.2540,-0.0828,0.7263,-0.0431,1.1120,0.0438,0.9772,0.3529,6.0403,-0.5885
30.136,1.2540,-0.0860,0.7156,-0.0431,1.1120,0.0351,0.9740,0.3529,6.0403,-0.5885
30.237,1.2540,-0.0860,0.7156,-0.0431,1.1120,0.0351,0.9740,0.3529,6.0403,-0.5885
30.257,1.2540,-0.0860,0.7156,-0.0530,1.1207,0.0395,0.9740,0.3430,6.0503,-0.5890
30.258,1.2589,-0.0845,0.7156,-0.0487,1.1207,0.0395,0.9755,0.3473,6.0503,-0.5890
30.260,1.2531,-0.0845,0.7203,-0.0487,1.1171,0.0395,0.9755,0.3473,6.0503,-0.5890
30.261,1.2531,-0.0865,0.7076,-0.0487,1.1171,0.0308,0.9735,0.3473,6.0503,-0.5890
30.338,1.2531,-0.0865,0.7076,-0.0586,1.1257,0.0355,0.9735,0.3374,6.0602,-0.5896
30.339,1.2628,-0.0799,0.7076,-0.0491,1.1257,0.0355,0.9801,0.3469,6.0602,-0.5896
30.340,1.2570,-0.0799,0.7123,-0.0491,1.1222,0.0355,0.9801,0.3469,6.0602,-0.5896
30.341,1.2570,-0.0796,0.6968,-0.0491,1.1222,0.0274,0.9804,0.3469,6.0602,-0.5896
30.428,1.2570,-0.0796,0.6968,-0.0590,1.1308,0.0322,0.9804,0.3370,6.0701,-0.5901
30.428,1.2678,-0.0712,0.6968,-0.0480,1.1308,0.0322,0.9888,0.3480,6.0701,-0.5901
30.429,1.2620,-0.0712,0.7016,-0.0480,1.1273,0.0322,0.9888,0.3480,6.0701,-0.5901
30.430,1.2620,-0.0684,0.6846,-0.0480,1.1273,0.0258,0.9916,0.3480,6.0701,-0.5901
30.494,1.2620,-0.0684,0.6846,-0.0579,1.1359,0.0309,0.9916,0.3381,6.0801,-0.5907
30.495,1.2687,-0.0636,0.6846,-0.0512,1.1359,0.0309,0.9964,0.3448,6.0801,-0.5907
30.496,1.2629,-0.0636,0.6895,-0.0512,1.1324,0.0309,0.9964,0.3448,6.0801,-0.5907
30.497,1.2629,-0.0595,0.6738,-0.0512,1.1324,0.0265,1.0005,0.3448,6.0801,-0.5907
30.597,1.2629,-0.0595,0.6738,-0.0512,1.1324,0.0265,1.0005,0.3448,6.0801,-0.5907
30.603,1.2629,-0.0595,0.6738,-0.0611,1.1410,0.0318,1.0005,0.3349,6.0900,-0.5913
30.603,1.2671,-0.0566,0.6738,-0.0570,1.1410,0.0318,1.0034,0.3390,6.0900,-0.5913
30.603,1.2614,-0.0566,0.6789,-0.0570,1.1376,0.0318,1.0034,0.3390,6.0900,-0.5913
30.604,1.2614,-0.0525,0.6658,-0.0570,1.1376,0.0289,1.0075,0.3390,6.0900,-0.5913
30.704,1.2614,-0.0525,0.6658,-0.0570,1.1376,0.0289,1.0075,0.3390,6.0900,-0.5913
30.723,1.2614,-0.0525,0.6658,-0.0669,1.1462,0.0344,1.0075,0.3291,6.1000,-0.5918
30.724,1.2677,-0.0468,0.6658,-0.0602,1.1462,0.0344,1.0132,0.3358,6.1000,-0.5918
30.724,1.2621,-0.0468,0.6710,-0.0602,1.1430,0.0344,1.0132,0.3358,6.1000,-0.5918
30.724,1.2621,-0.0433,0.6594,-0.0602,1.1430,0.0319,1.0167,0.3358,6.1000,-0.5918
30.825,1.2621,-0.0433,0.6594,-0.0602,1.1430,0.0319,1.0167,0.3358,6.1000,-0.5918
30.850,1.2621,-0.0433,0.6594,-0.0701,1.1515,0.0376,1.0167,0.3259,6.1099,-0.5924
30.861,1.2752,-0.0300,0.6594,-0.0558,1.1515,0.0376,1.0300,0.3402,6.1099,-0.5924
30.862,1.2692,-0.0300,0.6641,-0.0558,1.1478,0.0376,1.0300,0.3402,6.1099,-0.5924
30.862,1.2692,-0.0274,0.6525,-0.0558,1.1478,0.0344,1.0326,0.3402,6.1099,-0.5924
30.956,1.2692,-0.0274,0.6525,-0.0656,1.1563,0.0402,1.0326,0.3304,6.1198,-0.5929
30.957,1.2864,-0.0099,0.6525,-0.0467,1.1563,0.0402,1.0501,0.3493,6.1198,-0.5929
30.958,1.2778,-0.0099,0.6542,-0.0467,1.1499,0.0402,1.0501,0.3493,6.1198,-0.5929
30.959,1.2778,-0.0080,0.6426,-0.0467,1.1499,0.0364,1.0520,0.3493,6.1198,-0.5929
31.031,1.2778,-0.0080,0.6426,-0.0566,1.1584,0.0424,1.0520,0.3394,6.1298,-0.5935
31.033,1.2943,0.0087,0.6426,-0.0385,1.1584,0.0424,1.0687,0.3575,6.1298,-0.5935
31.034,1.2819,0.0087,0.6400,-0.0385,1.1479,0.0424,1.0687,0.3575,6.1298,-0.5935
31.035,1.2819,0.0091,0.6306,-0.0385,1.1479,0.0383,1.0691,0.3575,6.1298,-0.5935
31.108,1.2819,0.0091,0.6306,-0.0484,1.1563,0.0444,1.0691,0.3476,6.1397,-0.5941
31.109,1.2958,0.0230,0.6306,-0.0332,1.1563,0.0444,1.0830,0.3628,6.1397,-0.5941
31.111,1.2808,0.0230,0.6253,-0.0332,1.1432,0.0444,1.0830,0.3628,6.1397,-0.5941
31.113,1.2808,0.0204,0.6202,-0.0332,1.1432,0.0397,1.0804,0.3628,6.1397,-0.5941
31.189,1.2808,0.0204,0.6202,-0.0431,1.1516,0.0459,1.0804,0.3529,6.1497,-0.5946
31.191,1.2932,0.0324,0.6202,-0.0297,1.1516,0.0459,1.0924,0.3663,6.1497,-0.5946
31.193,1.2789,0.0324,0.6155,-0.0297,1.1392,0.0459,1.0924,0.3663,6.1497,-0.5946
31.195,1.2789,0.0267,0.6151,-0.0297,1.1392,0.0404,1.0867,0.3663,6.1497,-0.5946
31.295,1.2789,0.0267,0.6151,-0.0297,1.1392,0.0404,1.0867,0.3663,6.1497,-0.5946
31.305,1.2789,0.0267,0.6151,-0.0396,1.1475,0.0467,1.0867,0.3564,6.1596,-0.5952
31.322,1.2926,0.0393,0.6151,-0.0251,1.1475,0.0467,1.0993,0.3709,6.1596,-0.5952
31.322,1.2802,0.0393,0.6117,-0.0251,1.1369,0.0467,1.0993,0.3709,6.1596,-0.5952
31.322,1.2802,0.0318,0.6140,-0.0251,1.1369,0.0405,1.0918,0.3709,6.1596,-0.5952
31.414,1.2802,0.0318,0.6140,-0.0350,1.1453,0.0468,1.0918,0.3610,6.1695,-0.5957
31.415,1.2968,0.0466,0.6140,-0.0176,1.1453,0.0468,1.1066,0.3784,6.1695,-0.5957
31.416,1.2834,0.0466,0.6091,-0.0176,1.1336,0.0468,1.1066,0.3784,6.1695,-0.5957
31.416,1.2834,0.0390,0.6111,-0.0176,1.1336,0.0406,1.0990,0.3784,6.1695,-0.5957
31.491,1.2834,0.0390,0.6111,-0.0275,1.1419,0.0469,1.0990,0.3685,6.1795,-0.5963
31.492,1.3017,0.0547,0.6111,-0.0086,1.1419,0.0469,1.1147,0.3874,6.1795,-0.5963
31.493,1.2836,0.0547,0.6011,-0.0086,1.1251,0.0469,1.1147,0.3874,6.1795,-0.5963
31.494,1.2836,0.0472,0.6026,-0.0086,1.1251,0.0405,1.1072,0.3874,6.1795,-0.5963
31.595,1.2836,0.0472,0.6026,-0.0086,1.1251,0.0405,1.1072,0.3874,6.1795,-0.5963
31.604,1.2836,0.0472,0.6026,-0.0185,1.1334,0.0469,1.1072,0.3775,6.1894,-0.5968
31.605,1.3012,0.0614,0.6026,-0.0007,1.1334,0.0469,1.1214,0.3953,6.1894,-0.5968
31.606,1.2779,0.0614,0.5871,-0.0007,1.1113,0.0469,1.1214,0.3953,6.1894,-0.5968
31.606,1.2779,0.0526,0.5900,-0.0007,1.1113,0.0399,1.1126,0.3953,6.1894,-0.5968
31.707,1.2779,0.0526,0.5900,-0.0007,1.1113,0.0399,1.1126,0.3953,6.1894,-0.5968
31.738,1.2779,0.0526,0.5900,-0.0106,1.1195,0.0463,1.1126,0.3854,6.1994,-0.5974
31.739,1.2939,0.0644,0.5900,0.0050,1.1195,0.0463,1.1244,0.4010,6.1994,-0.5974
31.740,1.2706,0.0644,0.5737,0.0050,1.0972,0.0463,1.1244,0.4010,6.1994,-0.5974
31.742,1.2706,0.0526,0.5805,0.0050,1.0972,0.0383,1.1126,0.4010,6.1994,-0.5974
31.842,1.2706,0.0526,0.5805,0.0050,1.0972,0.0383,1.1126,0.4010,6.1994,-0.5974
31.870,1.2706,0.0526,0.5805,-0.0048,1.1055,0.0447,1.1126,0.3912,6.2093,-0.5979
31.871,1.2860,0.0631,0.5805,0.0099,1.1055,0.0447,1.1231,0.4059,6.2093,-0.5979
31.871,1.2662,0.0631,0.5667,0.0099,1.0865,0.0447,1.1231,0.4059,6.2093,-0.5979
31.872,1.2662,0.0474,0.5785,0.0099,1.0865,0.0355,1.1074,0.4059,6.2093,-0.5979
31.954,1.2662,0.0474,0.5785,0.0001,1.0947,0.0418,1.1074,0.3961,6.2192,-0.5985
31.955,1.2833,0.0599,0.5785,0.0168,1.0947,0.0418,1.1199,0.4128,6.2192,-0.5985
31.956,1.2659,0.0599,0.5665,0.0168,1.0781,0.0418,1.1199,0.4128,6.2192,-0.5985
31.957,1.2659,0.0436,0.5796,0.0168,1.0781,0.0329,1.1036,0.4128,6.2192,-0.5985
32.035,1.2659,0.0436,0.5796,0.0069,1.0864,0.0391,1.1036,0.4029,6.2292,-0.5990
32.037,1.2852,0.0594,0.5796,0.0264,1.0864,0.0391,1.1194,0.4224,6.2292,-0.5990
32.039,1.2672,0.0594,0.5667,0.0264,1.0691,0.0391,1.1194,0.4224,6.2292,-0.5990
32.041,1.2672,0.0454,0.5770,0.0264,1.0691,0.0311,1.1054,0.4224,6.2292,-0.5990
32.131,1.2672,0.0454,0.5770,0.0166,1.0773,0.0373,1.1054,0.4126,6.2391,-0.5996
32.134,1.2870,0.0618,0.5770,0.0367,1.0773,0.0373,1.1218,0.4327,6.2391,-0.5996
32.137,1.2668,0.0618,0.5619,0.0367,1.0577,0.0373,1.1218,0.4327,6.2391,-0.5996
32.138,1.2668,0.0497,0.5696,0.0367,1.0577,0.0299,1.1097,0.4259,6.2391,-0.5996
32.223,1.2668,0.0497,0.5696,0.0269,1.0660,0.0360,1.1097,0.4229,6.2491,-0.6002
32.225,1.2850,0.0640,0.5696,0.0451,1.0660,0.0360,1.1240,0.4320,6.2491,-0.6002
32.227,1.2639,0.0640,0.5533,0.0451,1.0453,0.0360,1.1240,0.4320,6.2491,-0.6002
32.229,1.2639,0.0523,0.5604,0.0451,1.0453,0.0288,1.1123,0.4248,6.2491,-0.6002
32.322,1.2639,0.0523,0.5604,0.0353,1.0536,0.0349,1.1123,0.4309,6.2590,-0.6007
32.341,1.2806,0.0655,0.5604,0.0520,1.0536,0.0349,1.1255,0.4309,6.2590,-0.6007
32.342,1.2609,0.0655,0.5451,0.0520,1.0344,0.0349,1.1255,0.4309,6.2590,-0.6007
32.342,1.2609,0.0538,0.5535,0.0520,1.0344,0.0283,1.1138,0.4243,6.2590,-0.6007
32.443,1.2609,0.0538,0.5535,0.0520,1.0344,0.0283,1.1138,0.4243,6.2590,-0.6007
32.445,1.2609,0.0538,0.5535,0.0422,1.0426,0.0344,1.1138,0.4304,6.2689,-0.6013
32.454,1.2763,0.0685,0.5535,0.0586,1.0426,0.0344,1.1285,0.4304,6.2689,-0.6013
32.470,1.2588,0.0685,0.5400,0.0586,1.0256,0.0344,1.1285,0.4304,6.2689,-0.6013
32.471,1.2588,0.0581,0.5510,0.0586,1.0256,0.0304,1.1181,0.4264,6.2689,-0.6013
32.553,1.2588,0.0581,0.5510,0.0488,1.0338,0.0365,1.1181,0.4325,6.2789,-0.6018
32.553,1.2724,0.0753,0.5510,0.0648,1.0338,0.0365,1.1353,0.4325,6.2789,-0.6018
32.553,1.2559,0.0753,0.5383,0.0648,1.0178,0.0365,1.1353,0.4325,6.2789,-0.6018
32.553,1.2559,0.0702,0.5518,0.0648,1.0178,0.0389,1.1302,0.4349,6.2789,-0.6018
32.612,1.2559,0.0702,0.5518,0.0550,1.0260,0.0449,1.1302,0.4409,6.2888,-0.6024
32.613,1.2679,0.0882,0.5518,0.0704,1.0260,0.0449,1.1482,0.4409,6.2888,-0.6024
32.613,1.2511,0.0882,0.5386,0.0704,1.0095,0.0449,1.1482,0.4409,6.2888,-0.6024
32.613,1.2511,0.0902,0.5516,0.0704,1.0095,0.0535,1.1502,0.4496,6.2888,-0.6024
32.686,1.2511,0.0902,0.5516,0.0605,1.0178,0.0595,1.1502,0.4555,6.2988,-0.6029
32.687,1.2631,0.1074,0.5516,0.0756,1.0178,0.0595,1.1674,0.4555,6.2988,-0.6029
32.687,1.2446,0.1074,0.5368,0.0756,0.9995,0.0595,1.1674,0.4555,6.2988,-0.6029
32.687,1.2446,0.1118,0.5473,0.0756,0.9995,0.0690,1.1718,0.4650,6.2988,-0.6029
32.785,1.2446,0.1118,0.5473,0.0658,1.0078,0.0750,1.1718,0.4618,6.3087,-0.6035
32.786,1.2573,0.1283,0.5473,0.0811,1.0078,0.0750,1.1883,0.4710,6.3087,-0.6035
32.788,1.2375,0.1283,0.5311,0.0811,0.9881,0.0750,1.1883,0.4710,6.3087,-0.6035
32.789,1.2375,0.1302,0.5396,0.0811,0.9881,0.0810,1.1902,0.4770,6.3087,-0.6035
32.889,1.2375,0.1302,0.5396,0.0811,0.9881,0.0810,1.1902,0.4770,6.3087,-0.6035
32.904,1.2375,0.1302,0.5396,0.0713,0.9964,0.0870,1.1902,0.4673,6.3186,-0.6040
32.911,1.2488,0.1468,0.5396,0.0857,0.9964,0.0870,1.2068,0.4817,6.3186,-0.6040
32.911,1.2296,0.1468,0.5238,0.0857,0.9773,0.0870,1.2068,0.4817,6.3186,-0.6040
32.911,1.2296,0.1455,0.5342,0.0857,0.9773,0.0911,1.2055,0.4817,6.3186,-0.6040
33.011,1.2296,0.1455,0.5342,0.0857,0.9773,0.0911,1.2055,0.4817,6.3186,-0.6040
33.025,1.2296,0.1455,0.5342,0.0759,0.9856,0.0971,1.2055,0.4719,6.3286,-0.6046
33.049,1.2362,0.1619,0.5342,0.0871,0.9856,0.0971,1.2219,0.4831,6.3286,-0.6046
33.050,1.2181,0.1619,0.5195,0.0871,0.9676,0.0971,1.2219,0.4831,6.3286,-0.6046
33.050,1.2181,0.1610,0.5350,0.0871,0.9676,0.1040,1.2210,0.4831,6.3286,-0.6046
33.126,1.2181,0.1610,0.5350,0.0772,0.9759,0.1099,1.2210,0.4732,6.3385,-0.6051
33.142,1.2206,0.1768,0.5350,0.0854,0.9759,0.1099,1.2368,0.4814,6.3385,-0.6051
33.147,1.2027,0.1768,0.5204,0.0854,0.9581,0.1099,1.2368,0.4814,6.3385,-0.6051
33.148,1.2027,0.1790,0.5383,0.0854,0.9581,0.1206,1.2390,0.4814,6.3385,-0.6051
33.248,1.2027,0.1790,0.5383,0.0854,0.9581,0.1206,1.2390,0.4814,6.3385,-0.6051
33.254,1.2027,0.1790,0.5383,0.0755,0.9664,0.1265,1.2390,0.4715,6.3485,-0.6057
33.254,1.2039,0.1934,0.5383,0.0823,0.9664,0.1265,1.2534,0.4783,6.3485,-0.6057
33.262,1.1849,0.1934,0.5227,0.0823,0.9475,0.1265,1.2534,0.4783,6.3485,-0.6057
33.262,1.1849,0.1983,0.5393,0.0823,0.9475,0.1388,1.2583,0.4783,6.3485,-0.6057
33.337,1.1849,0.1983,0.5393,0.0724,0.9558,0.1446,1.2583,0.4684,6.3584,-0.6063
33.338,1.1868,0.2105,0.5393,0.0789,0.9558,0.1446,1.2705,0.4749,6.3584,-0.6063
33.338,1.1663,0.2105,0.5223,0.0789,0.9353,0.1446,1.2705,0.4749,6.3584,-0.6063
33.339,1.1663,0.2161,0.5371,0.0789,0.9353,0.1565,1.2761,0.4749,6.3584,-0.6063
33.411,1.1663,0.2161,0.5371,0.0690,0.9436,0.1624,1.2761,0.4650,6.3684,-0.6068
33.412,1.1680,0.2267,0.5371,0.0747,0.9436,0.1624,1.2867,0.4707,6.3684,-0.6068
33.413,1.1472,0.2267,0.5196,0.0747,0.9227,0.1624,1.2867,0.4707,6.3684,-0.6068
33.415,1.1472,0.2285,0.5347,0.0747,0.9227,0.1708,1.2885,0.4707,6.3684,-0.6068
33.504,1.1472,0.2285,0.5347,0.0648,0.9311,0.1766,1.2885,0.4608,6.3783,-0.6074
33.505,1.1470,0.2383,0.5347,0.0690,0.9311,0.1766,1.2983,0.4650,6.3783,-0.6074
33.506,1.1273,0.2383,0.5182,0.0690,0.9112,0.1766,1.2983,0.4650,6.3783,-0.6074
33.508,1.1273,0.2315,0.5353,0.0690,0.9112,0.1785,1.2915,0.4650,6.3783,-0.6074
33.604,1.1273,0.2315,0.5353,0.0590,0.9196,0.1842,1.2915,0.4550,6.3882,-0.6079
33.605,1.1238,0.2404,0.5353,0.0607,0.9196,0.1842,1.3004,0.4567,6.3882,-0.6079
33.606,1.1056,0.2404,0.5199,0.0607,0.9012,0.1842,1.3004,0.4567,6.3882,-0.6079
33.606,1.1056,0.2251,0.5375,0.0607,0.9012,0.1788,1.2851,0.4567,6.3882,-0.6079
33.680,1.1056,0.2251,0.5375,0.0507,0.9095,0.1844,1.2851,0.4467,6.3982,-0.6085
33.680,1.0991,0.2323,0.5375,0.0498,0.9095,0.1844,1.2923,0.4458,6.3982,-0.6085
33.681,1.0815,0.2323,0.5226,0.0498,0.8917,0.1844,1.2923,0.4458,6.3982,-0.6085
33.682,1.0815,0.2170,0.5369,0.0498,0.8917,0.1775,1.2770,0.4458,6.3982,-0.6085
33.782,1.0815,0.2170,0.5369,0.0498,0.8917,0.1775,1.2770,0.4458,6.3982,-0.6085
33.808,1.0815,0.2170,0.5369,0.0398,0.9001,0.1830,1.2770,0.4358,6.4081,-0.6090
33.809,1.0738,0.2221,0.5369,0.0372,0.9001,0.1830,1.2821,0.4332,6.4081,-0.6090
33.810,1.0555,0.2221,0.5212,0.0372,0.8815,0.1830,1.2821,0.4332,6.4081,-0.6090
33.810,1.0555,0.2124,0.5331,0.0372,0.8815,0.1799,1.2724,0.4332,6.4081,-0.6090
33.910,1.0555,0.2124,0.5331,0.0372,0.8815,0.1799,1.2724,0.4332,6.4081,-0.6090
33.932,1.0555,0.2124,0.5331,0.0272,0.8899,0.1853,1.2724,0.4232,6.4181,-0.6096
33.933,1.0485,0.2163,0.5331,0.0245,0.8899,0.1853,1.2763,0.4205,6.4181,-0.6096
33.933,1.0291,0.2163,0.5163,0.0245,0.8702,0.1853,1.2763,0.4205,6.4181,-0.6096
33.933,1.0291,0.2098,0.5288,0.0245,0.8702,0.1851,1.2698,0.4205,6.4181,-0.6096
33.997,1.0291,0.2098,0.5288,0.0146,0.8786,0.1905,1.2698,0.4106,6.4280,-0.6101
33.998,1.0228,0.2140,0.5288,0.0126,0.8786,0.1905,1.2740,0.4086,6.4280,-0.6101
33.999,1.0030,0.2140,0.5116,0.0126,0.8584,0.1905,1.2740,0.4086,6.4280,-0.6101
34.001,1.0030,0.2040,0.5252,0.0126,0.8584,0.1877,1.2640,0.4086,6.4280,-0.6101
34.088,1.0030,0.2040,0.5252,0.0026,0.8668,0.1930,1.2640,0.3986,6.4379,-0.6107
34.089,0.9958,0.2084,0.5252,0.0001,0.8668,0.1930,1.2684,0.3961,6.4379,-0.6107
34.089,0.9770,0.2084,0.5086,0.0001,0.8476,0.1930,1.2684,0.3961,6.4379,-0.6107
34.089,0.9770,0.1896,0.5201,0.0001,0.8476,0.1818,1.2496,0.3961,6.4379,-0.6107
34.177,0.9770,0.1896,0.5201,-0.0098,0.8561,0.1870,1.2496,0.3862,6.4479,-0.6112
34.178,0.9678,0.1936,0.5201,-0.0136,0.8561,0.1870,1.2536,0.3824,6.4479,-0.6112
34.178,0.9502,0.1936,0.5045,-0.0136,0.8380,0.1870,1.2536,0.3824,6.4479,-0.6112
34.179,0.9502,0.1726,0.5116,-0.0136,0.8380,0.1720,1.2326,0.3824,6.4479,-0.6112
34.279,0.9502,0.1726,0.5116,-0.0136,0.8380,0.1720,1.2326,0.3824,6.4479,-0.6112
34.280,0.9502,0.1726,0.5116,-0.0236,0.8465,0.1771,1.2326,0.3724,6.4578,-0.6118
34.301,0.9397,0.1761,0.5116,-0.0284,0.8465,0.1771,1.2361,0.3676,6.4578,-0.6118
34.302,0.9222,0.1761,0.4959,-0.0284,0.8285,0.1771,1.2361,0.3676,6.4578,-0.6118
34.302,0.9222,0.1601,0.5021,-0.0284,0.8285,0.1660,1.2201,0.3676,6.4578,-0.6118
34.403,0.9222,0.1601,0.5021,-0.0284,0.8285,0.1660,1.2201,0.3676,6.4578,-0.6118
34.409,0.9222,0.1601,0.5021,-0.0383,0.8370,0.1711,1.2201,0.3577,6.4678,-0.6123
34.430,0.9117,0.1629,0.5021,-0.0434,0.8370,0.1711,1.2229,0.3526,6.4678,-0.6123
34.431,0.8934,0.1629,0.4856,-0.0434,0.8181,0.1711,1.2229,0.3526,6.4678,-0.6123
34.433,0.8934,0.1507,0.4921,-0.0434,0.8181,0.1633,1.2107,0.3526,6.4678,-0.6123
34.533,0.8934,0.1507,0.4921,-0.0434,0.8181,0.1633,1.2107,0.3526,6.4678,-0.6123
34.550,0.8934,0.1507,0.4921,-0.0533,0.8266,0.1684,1.2107,0.3427,6.4777,-0.6129
34.573,0.8836,0.1524,0.4921,-0.0583,0.8266,0.1684,1.2124,0.3377,6.4777,-0.6129
34.575,0.8643,0.1524,0.4748,-0.0583,0.8067,0.1684,1.2124,0.3377,6.4777,-0.6129
34.576,0.8643,0.1408,0.4805,-0.0583,0.8067,0.1607,1.2008,0.3377,6.4777,-0.6129
34.677,0.8643,0.1408,0.4805,-0.0583,0.8067,0.1607,1.2008,0.3377,6.4777,-0.6129
34.686,0.8643,0.1408,0.4805,-0.0682,0.8152,0.1657,1.2008,0.3278,6.4876,-0.6134
34.705,0.8549,0.1422,0.4805,-0.0731,0.8152,0.1657,1.2022,0.3229,6.4876,-0.6134
34.707,0.8355,0.1422,0.4633,-0.0731,0.7953,0.1657,1.2022,0.3229,6.4876,-0.6134
34.708,0.8355,0.1281,0.4660,-0.0731,0.7953,0.1546,1.1881,0.3229,6.4876,-0.6134
34.808,0.8355,0.1281,0.4660,-0.0731,0.7953,0.1546,1.1881,0.3229,6.4876,-0.6134
34.822,0.8355,0.1281,0.4660,-0.0830,0.8038,0.1596,1.1881,0.3130,6.4976,-0.6140
34.837,0.8264,0.1296,0.4660,-0.0876,0.8038,0.1596,1.1896,0.3084,6.4976,-0.6140
34.839,0.8074,0.1296,0.4492,-0.0876,0.7843,0.1596,1.1896,0.3084,6.4976,-0.6140
34.842,0.8074,0.1139,0.4486,-0.0876,0.7843,0.1459,1.1739,0.3084,6.4976,-0.6140
34.915,0.8074,0.1139,0.4486,-0.0975,0.7929,0.1510,1.1739,0.2985,6.5075,-0.6145
34.917,0.7998,0.1163,0.4486,-0.1007,0.7929,0.1510,1.1763,0.2953,6.5075,-0.6145
34.919,0.7810,0.1163,0.4318,-0.1007,0.7736,0.1510,1.1763,0.2953,6.5075,-0.6145
34.920,0.7810,0.1015,0.4300,-0.1007,0.7736,0.1375,1.1615,0.2953,6.5075,-0.6145
34.999,0.7810,0.1015,0.4300,-0.1105,0.7821,0.1426,1.1615,0.2855,6.5175,-0.6151
35.001,0.7751,0.1047,0.4300,-0.1121,0.7821,0.1426,1.1647,0.2839,6.5175,-0.6151
35.003,0.7563,0.1047,0.4129,-0.1121,0.7627,0.1426,1.1647,0.2839,6.5175,-0.6151
35.004,0.7563,0.0909,0.4111,-0.1121,0.7627,0.1300,1.1509,0.2839,6.5175,-0.6151
35.083,0.7563,0.0909,0.4111,-0.1219,0.7713,0.1350,1.1509,0.2741,6.5274,-0.6157
35.083,0.7512,0.0940,0.4111,-0.1231,0.7713,0.1350,1.1540,0.2729,6.5274,-0.6157
35.084,0.7322,0.0940,0.3935,-0.1231,0.7515,0.1350,1.1540,0.2729,6.5274,-0.6157
35.090,0.7322,0.0794,0.3916,-0.1231,0.7515,0.1216,1.1394,0.2729,6.5274,-0.6157
35.159,0.7322,0.0794,0.3916,-0.1328,0.7601,0.1267,1.1394,0.2632,6.5373,-0.6162
35.160,0.7275,0.0811,0.3916,-0.1345,0.7601,0.1267,1.1411,0.2615,6.5373,-0.6162
35.160,0.7082,0.0811,0.3739,-0.1345,0.7401,0.1267,1.1411,0.2615,6.5373,-0.6162
35.161,0.7082,0.0650,0.3715,-0.1345,0.7401,0.1118,1.1250,0.2615,6.5373,-0.6162
35.238,0.7082,0.0650,0.3715,-0.1443,0.7487,0.1169,1.1250,0.2517,6.5473,-0.6168
35.240,0.7042,0.0653,0.3715,-0.1463,0.7487,0.1169,1.1253,0.2497,6.5473,-0.6168
35.240,0.6849,0.0653,0.3539,-0.1463,0.7287,0.1169,1.1253,0.2497,6.5473,-0.6168
35.241,0.6849,0.0484,0.3506,-0.1463,0.7287,0.1009,1.1084,0.2497,6.5473,-0.6168
35.309,0.6849,0.0484,0.3506,-0.1561,0.7373,0.1061,1.1084,0.2399,6.5572,-0.6173
35.310,0.6836,0.0484,0.3506,-0.1568,0.7373,0.1061,1.1084,0.2392,6.5572,-0.6173
35.311,0.6644,0.0484,0.3333,-0.1568,0.7175,0.1061,1.1084,0.2392,6.5572,-0.6173
35.312,0.6644,0.0319,0.3292,-0.1568,0.7175,0.0902,1.0919,0.2392,6.5572,-0.6173
35.401,0.6644,0.0319,0.3292,-0.1665,0.7262,0.0954,1.0919,0.2295,6.5672,-0.6179
35.403,0.6681,0.0340,0.3292,-0.1632,0.7262,0.0954,1.0940,0.2328,6.5672,-0.6179
35.403,0.6491,0.0340,0.3121,-0.1632,0.7065,0.0954,1.0940,0.2328,6.5672,-0.6179
35.404,0.6491,0.0185,0.3077,-0.1632,0.7065,0.0802,1.0785,0.2328,6.5672,-0.6179
35.485,0.6491,0.0185,0.3077,-0.1729,0.7152,0.0854,1.0785,0.2231,6.5771,-0.6184
35.486,0.6589,0.0237,0.3077,-0.1646,0.7152,0.0854,1.0837,0.2314,6.5771,-0.6184
35.486,0.6401,0.0237,0.2906,-0.1646,0.6957,0.0854,1.0837,0.2314,6.5771,-0.6184
35.488,0.6401,0.0084,0.2860,-0.1646,0.6957,0.0703,1.0684,0.2314,6.5771,-0.6184
35.586,0.6401,0.0084,0.2860,-0.1743,0.7044,0.0755,1.0684,0.2217,6.5871,-0.6190
35.588,0.6527,0.0145,0.2860,-0.1639,0.7044,0.0755,1.0745,0.2321,6.5871,-0.6190
35.589,0.6342,0.0145,0.2687,-0.1639,0.6851,0.0755,1.0745,0.2321,6.5871,-0.6190
35.591,0.6342,-0.0008,0.2641,-0.1639,0.6851,0.0603,1.0592,0.2321,6.5871,-0.6190
35.692,0.6342,-0.0008,0.2641,-0.1639,0.6851,0.0603,1.0592,0.2321,6.5871,-0.6190
35.695,0.6342,-0.0008,0.2641,-0.1736,0.6938,0.0657,1.0592,0.2224,6.5970,-0.6195
35.696,0.6445,0.0032,0.2641,-0.1656,0.6938,0.0657,1.0632,0.2304,6.5970,-0.6195
35.709,0.6261,0.0032,0.2467,-0.1656,0.6746,0.0657,1.0632,0.2304,6.5970,-0.6195
35.711,0.6261,-0.0116,0.2429,-0.1656,0.6746,0.0512,1.0484,0.2304,6.5970,-0.6195
35.808,0.6261,-0.0116,0.2429,-0.1754,0.6833,0.0566,1.0484,0.2206,6.6069,-0.6201
35.810,0.6342,-0.0097,0.2429,-0.1699,0.6833,0.0566,1.0503,0.2261,6.6069,-0.6201
35.812,0.6158,-0.0097,0.2253,-0.1699,0.6640,0.0566,1.0503,0.2261,6.6069,-0.6201
35.814,0.6158,-0.0240,0.2223,-0.1699,0.6640,0.0427,1.0360,0.2261,6.6069,-0.6201
35.913,0.6158,-0.0240,0.2223,-0.1797,0.6728,0.0481,1.0360,0.2163,6.6169,-0.6206
35.917,0.6255,-0.0218,0.2223,-0.1730,0.6728,0.0481,1.0382,0.2230,6.6169,-0.6206
35.919,0.6071,-0.0218,0.2047,-0.1730,0.6535,0.0481,1.0382,0.2230,6.6169,-0.6206
35.920,0.6071,-0.0357,0.2018,-0.1730,0.6535,0.0347,1.0243,0.2230,6.6169,-0.6206
36.003,0.6071,-0.0357,0.2018,-0.1828,0.6623,0.0401,1.0243,0.2132,6.6268,-0.6212
36.003,0.6224,-0.0309,0.2018,-0.1716,0.6623,0.0401,1.0291,0.2244,6.6268,-0.6212
36.004,0.6039,-0.0309,0.1844,-0.1716,0.6430,0.0401,1.0291,0.2244,6.6268,-0.6212
36.004,0.6039,-0.0447,0.1812,-0.1716,0.6430,0.0266,1.0153,0.2244,6.6268,-0.6212
36.082,0.6039,-0.0447,0.1812,-0.1814,0.6518,0.0321,1.0153,0.2146,6.6368,-0.6217
36.083,0.6231,-0.0389,0.1812,-0.1673,0.6518,0.0321,1.0211,0.2287,6.6368,-0.6217
36.085,0.6046,-0.0389,0.1638,-0.1673,0.6326,0.0321,1.0211,0.2287,6.6368,-0.6217
36.086,0.6046,-0.0531,0.1602,-0.1673,0.6326,0.0180,1.0069,0.2287,6.6368,-0.6217
36.186,0.6046,-0.0531,0.1602,-0.1673,0.6326,0.0180,1.0069,0.2287,6.6368,-0.6217
36.194,0.6046,-0.0531,0.1602,-0.1771,0.6414,0.0235,1.0069,0.2189,6.6467,-0.6223
36.194,0.6231,-0.0489,0.1602,-0.1641,0.6414,0.0235,1.0111,0.2319,6.6467,-0.6223
36.195,0.6047,-0.0489,0.1428,-0.1641,0.6222,0.0235,1.0111,0.2319,6.6467,-0.6223
36.195,0.6047,-0.0635,0.1392,-0.1641,0.6222,0.0090,0.9965,0.2319,6.6467,-0.6223
36.296,0.6047,-0.0635,0.1392,-0.1740,0.6311,0.0146,0.9965,0.2220,6.6566,-0.6228
36.296,0.6195,-0.0609,0.1392,-0.1638,0.6311,0.0146,0.9991,0.2322,6.6566,-0.6228
36.297,0.6012,-0.0609,0.1217,-0.1638,0.6120,0.0146,0.9991,0.2322,6.6566,-0.6228
36.298,0.6012,-0.0757,0.1187,-0.1638,0.6120,0.0001,0.9843,0.2322,6.6566,-0.6228
36.393,0.6012,-0.0757,0.1187,-0.1737,0.6209,0.0058,0.9843,0.2223,6.6666,-0.6234
36.395,0.6109,-0.0763,0.1187,-0.1681,0.6209,0.0058,0.9837,0.2279,6.6666,-0.6234
36.397,0.5926,-0.0763,0.1010,-0.1681,0.6017,0.0058,0.9837,0.2279,6.6666,-0.6234
36.397,0.5926,-0.0916,0.0989,-0.1681,0.6017,-0.0090,0.9684,0.2279,6.6666,-0.6234
36.499,0.5926,-0.0916,0.0989,-0.1681,0.6017,-0.0090,0.9684,0.2279,6.6666,-0.6234
36.500,0.5926,-0.0916,0.0989,-0.1780,0.6106,-0.0033,0.9684,0.2180,6.6765,-0.6239
36.502,0.5976,-0.0963,0.0989,-0.1772,0.6106,-0.0033,0.9637,0.2188,6.6765,-0.6239
36.504,0.5791,-0.0963,0.0814,-0.1772,0.5914,-0.0033,0.9637,0.2188,6.6765,-0.6239
36.505,0.5791,-0.1128,0.0818,-0.1772,0.5914,-0.0182,0.9472,0.2188,6.6765,-0.6239
36.588,0.5791,-0.1128,0.0818,-0.1871,0.6003,-0.0125,0.9472,0.2089,6.6865,-0.6245
36.589,0.5847,-0.1181,0.0818,-0.1860,0.6003,-0.0125,0.9419,0.2100,6.6865,-0.6245
36.590,0.5659,-0.1181,0.0658,-0.1860,0.5813,-0.0125,0.9419,0.2100,6.6865,-0.6245
36.593,0.5659,-0.1357,0.0700,-0.1860,0.5813,-0.0270,0.9243,0.2100,6.6865,-0.6245
36.693,0.5659,-0.1357,0.0700,-0.1860,0.5813,-0.0270,0.9243,0.2100,6.6865,-0.6245
36.736,0.5659,-0.1357,0.0700,-0.1960,0.5902,-0.0214,0.9243,0.2000,6.6964,-0.6250
36.738,0.5762,-0.1383,0.0700,-0.1904,0.5902,-0.0214,0.9217,0.2056,6.6964,-0.6250
36.742,0.5579,-0.1383,0.0571,-0.1904,0.5723,-0.0214,0.9217,0.2056,6.6964,-0.6250
36.744,0.5579,-0.1558,0.0641,-0.1904,0.5723,-0.0346,0.9042,0.2056,6.6964,-0.6250
36.845,0.5579,-0.1558,0.0641,-0.1904,0.5723,-0.0346,0.9042,0.2056,6.6964,-0.6250
36.863,0.5579,-0.1558,0.0641,-0.2004,0.5812,-0.0290,0.9042,0.1956,6.7063,-0.6256
36.863,0.5701,-0.1566,0.0641,-0.1926,0.5812,-0.0290,0.9034,0.2034,6.7063,-0.6256
36.867,0.5533,-0.1566,0.0538,-0.1926,0.5652,-0.0290,0.9034,0.2034,6.7063,-0.6256
36.867,0.5533,-0.1733,0.0617,-0.1926,0.5652,-0.0409,0.8867,0.2034,6.7063,-0.6256
36.968,0.5533,-0.1733,0.0617,-0.1926,0.5652,-0.0409,0.8867,0.2034,6.7063,-0.6256
36.977,0.5533,-0.1733,0.0617,-0.2025,0.5741,-0.0353,0.8867,0.1935,6.7163,-0.6261
36.979,0.5633,-0.1751,0.0617,-0.1964,0.5741,-0.0353,0.8849,0.1996,6.7163,-0.6261
36.980,0.5477,-0.1751,0.0528,-0.1964,0.5593,-0.0353,0.8849,0.1996,6.7163,-0.6261
36.982,0.5477,-0.1908,0.0603,-0.1964,0.5593,-0.0464,0.8692,0.1996,6.7163,-0.6261
37.082,0.5477,-0.1908,0.0603,-0.1964,0.5593,-0.0464,0.8692,0.1996,6.7163,-0.6261
37.088,0.5477,-0.1908,0.0603,-0.2064,0.5682,-0.0409,0.8692,0.1896,6.7262,-0.6267
37.089,0.5540,-0.1957,0.0603,-0.2040,0.5682,-0.0409,0.8643,0.1920,6.7262,-0.6267
37.090,0.5388,-0.1957,0.0524,-0.2040,0.5540,-0.0409,0.8643,0.1920,6.7262,-0.6267
37.092,0.5388,-0.2114,0.0608,-0.2040,0.5540,-0.0516,0.8486,0.1920,6.7262,-0.6267
37.185,0.5388,-0.2114,0.0608,-0.2139,0.5629,-0.0462,0.8486,0.1821,6.7362,-0.6272
37.186,0.5435,-0.2180,0.0608,-0.2131,0.5629,-0.0462,0.8420,0.1829,6.7362,-0.6272
37.188,0.5287,-0.2180,0.0546,-0.2131,0.5494,-0.0462,0.8420,0.1829,6.7362,-0.6272
37.190,0.5287,-0.2350,0.0665,-0.2131,0.5494,-0.0562,0.8250,0.1829,6.7362,-0.6272
37.290,0.5287,-0.2350,0.0665,-0.2131,0.5494,-0.0562,0.8250,0.1829,6.7362,-0.6272
37.296,0.5287,-0.2350,0.0665,-0.2230,0.5583,-0.0508,0.8250,0.1730,6.7461,-0.6278
37.298,0.5362,-0.2396,0.0665,-0.2193,0.5583,-0.0508,0.8204,0.1767,6.7461,-0.6278
37.304,0.5228,-0.2396,0.0626,-0.2193,0.5463,-0.0508,0.8204,0.1767,6.7461,-0.6278
37.306,0.5228,-0.2569,0.0775,-0.2193,0.5463,-0.0595,0.8031,0.1767,6.7461,-0.6278
37.407,0.5228,-0.2569,0.0775,-0.2193,0.5463,-0.0595,0.8031,0.1767,6.7461,-0.6278
37.411,0.5228,-0.2569,0.0775,-0.2292,0.5552,-0.0543,0.8031,0.1668,6.7560,-0.6283
37.414,0.5353,-0.2569,0.0775,-0.2198,0.5552,-0.0543,0.8031,0.1762,6.7560,-0.6283
37.418,0.5238,-0.2569,0.0761,-0.2198,0.5453,-0.0543,0.8031,0.1762,6.7560,-0.6283
37.421,0.5238,-0.2725,0.0914,-0.2198,0.5453,-0.0610,0.7875,0.1762,6.7560,-0.6283
37.499,0.5238,-0.2725,0.0914,-0.2298,0.5542,-0.0560,0.7875,0.1662,6.7660,-0.6289
37.501,0.5409,-0.2672,0.0914,-0.2150,0.5542,-0.0560,0.7928,0.1810,6.7660,-0.6289
37.503,0.5314,-0.2672,0.0925,-0.2150,0.5464,-0.0560,0.7928,0.1810,6.7660,-0.6289
37.504,0.5314,-0.2809,0.1081,-0.2150,0.5464,-0.0605,0.7791,0.1810,6.7660,-0.6289
37.593,0.5314,-0.2809,0.1081,-0.2249,0.5552,-0.0555,0.7791,0.1711,6.7759,-0.6294
37.595,0.5497,-0.2726,0.1081,-0.2081,0.5552,-0.0555,0.7874,0.1879,6.7759,-0.6294
37.599,0.5416,-0.2726,0.1106,-0.2081,0.5488,-0.0555,0.7874,0.1879,6.7759,-0.6294
37.599,0.5416,-0.2850,0.1273,-0.2081,0.5488,-0.0579,0.7750,0.1879,6.7759,-0.6294
37.669,0.5416,-0.2850,0.1273,-0.2180,0.5575,-0.0531,0.7750,0.1780,6.7859,-0.6300
37.670,0.5583,-0.2766,0.1273,-0.2024,0.5575,-0.0531,0.7834,0.1936,6.7859,-0.6300
37.671,0.5508,-0.2766,0.1304,-0.2024,0.5519,-0.0531,0.7834,0.1936,6.7859,-0.6300
37.673,0.5508,-0.2881,0.1482,-0.2024,0.5519,-0.0540,0.7719,0.1936,6.7859,-0.6300
37.755,0.5508,-0.2881,0.1482,-0.2122,0.5606,-0.0493,0.7719,0.1838,6.7958,-0.6305
37.757,0.5662,-0.2805,0.1482,-0.1978,0.5606,-0.0493,0.7795,0.1982,6.7958,-0.6305
37.759,0.5588,-0.2805,0.1510,-0.1978,0.5549,-0.0493,0.7795,0.1982,6.7958,-0.6305
37.760,0.5588,-0.2911,0.1689,-0.1978,0.5549,-0.0491,0.7689,0.1982,6.7958,-0.6305
37.844,0.5588,-0.2911,0.1689,-0.2076,0.5636,-0.0445,0.7689,0.1884,6.8058,-0.6311
37.845,0.5757,-0.2822,0.1689,-0.1915,0.5636,-0.0445,0.7778,0.2045,6.8058,-0.6311
37.845,0.5679,-0.2822,0.1710,-0.1915,0.5575,-0.0445,0.7778,0.2045,6.8058,-0.6311
37.846,0.5679,-0.2908,0.1878,-0.1915,0.5575,-0.0430,0.7692,0.2045,6.8058,-0.6311
37.919,0.5679,-0.2908,0.1878,-0.2014,0.5661,-0.0385,0.7692,0.1946,6.8157,-0.6316
37.920,0.5876,-0.2788,0.1878,-0.1820,0.5661,-0.0385,0.7812,0.2140,6.8157,-0.6316
37.921,0.5791,-0.2788,0.1888,-0.1820,0.5592,-0.0385,0.7812,0.2140,6.8157,-0.6316
37.922,0.5791,-0.2844,0.2044,-0.1820,0.5592,-0.0349,0.7756,0.2140,6.8157,-0.6316
37.996,0.5791,-0.2844,0.2044,-0.1919,0.5678,-0.0305,0.7756,0.2041,6.8256,-0.6322
37.999,0.5999,-0.2700,0.2044,-0.1710,0.5678,-0.0305,0.7900,0.2250,6.8256,-0.6322
38.000,0.5907,-0.2700,0.2044,-0.1710,0.5602,-0.0305,0.7900,0.2250,6.8256,-0.6322
38.000,0.5907,-0.2727,0.2193,-0.1710,0.5602,-0.0246,0.7873,0.2250,6.8256,-0.6322
38.088,0.5907,-0.2727,0.2193,-0.1808,0.5688,-0.0203,0.7873,0.2152,6.8356,-0.6327
38.090,0.6095,-0.2587,0.2193,-0.1616,0.5688,-0.0203,0.8013,0.2344,6.8356,-0.6327
38.092,0.5997,-0.2587,0.2185,-0.1616,0.5604,-0.0203,0.8013,0.2344,6.8356,-0.6327
38.093,0.5997,-0.2592,0.2334,-0.1616,0.5604,-0.0125,0.8008,0.2344,6.8356,-0.6327
38.187,0.5997,-0.2592,0.2334,-0.1714,0.5690,-0.0082,0.8008,0.2246,6.8455,-0.6333
38.189,0.6161,-0.2461,0.2334,-0.1543,0.5690,-0.0082,0.8139,0.2417,6.8455,-0.6333
38.191,0.6063,-0.2461,0.2327,-0.1543,0.5607,-0.0082,0.8139,0.2417,6.8455,-0.6333
38.193,0.6063,-0.2453,0.2481,-0.1543,0.5607,0.0009,0.8147,0.2417,6.8455,-0.6333
38.293,0.6063,-0.2453,0.2481,-0.1543,0.5607,0.0009,0.8147,0.2417,6.8455,-0.6333
38.297,0.6063,-0.2453,0.2481,-0.1641,0.5692,0.0051,0.8147,0.2319,6.8555,-0.6338
38.299,0.6214,-0.2321,0.2481,-0.1481,0.5692,0.0051,0.8279,0.2479,6.8555,-0.6338
38.301,0.6111,-0.2321,0.2472,-0.1481,0.5605,0.0051,0.8279,0.2479,6.8555,-0.6338
38.302,0.6111,-0.2306,0.2628,-0.1481,0.5605,0.0149,0.8294,0.2479,6.8555,-0.6338
38.395,0.6111,-0.2306,0.2628,-0.1579,0.5690,0.0191,0.8294,0.2381,6.8654,-0.6344
38.396,0.6252,-0.2172,0.2628,-0.1426,0.5690,0.0191,0.8428,0.2534,6.8654,-0.6344
38.396,0.6127,-0.2172,0.2598,-0.1426,0.5580,0.0191,0.8428,0.2534,6.8654,-0.6344
38.397,0.6127,-0.2142,0.2751,-0.1426,0.5580,0.0298,0.8458,0.2534,6.8654,-0.6344
38.486,0.6127,-0.2142,0.2751,-0.1524,0.5665,0.0340,0.8458,0.2436,6.8753,-0.6349
38.486,0.6253,-0.2009,0.2751,-0.1383,0.5665,0.0340,0.8591,0.2577,6.8753,-0.6349
38.488,0.6091,-0.2009,0.2684,-0.1383,0.5517,0.0340,0.8591,0.2577,6.8753,-0.6349
38.490,0.6091,-0.1953,0.2833,-0.1383,0.5517,0.0465,0.8647,0.2577,6.8753,-0.6349
38.590,0.6091,-0.1953,0.2833,-0.1383,0.5517,0.0465,0.8647,0.2577,6.8753,-0.6349
38.597,0.6091,-0.1953,0.2833,-0.1481,0.5602,0.0507,0.8647,0.2479,6.8853,-0.6355
38.598,0.6202,-0.1825,0.2833,-0.1353,0.5602,0.0507,0.8775,0.2607,6.8853,-0.6355
38.598,0.6025,-0.1825,0.2749,-0.1353,0.5438,0.0507,0.8775,0.2607,6.8853,-0.6355
38.599,0.6025,-0.1744,0.2888,-0.1353,0.5438,0.0645,0.8856,0.2607,6.8853,-0.6355
38.692,0.6025,-0.1744,0.2888,-0.1451,0.5522,0.0687,0.8856,0.2509,6.8952,-0.6360
38.693,0.6126,-0.1620,0.2888,-0.1332,0.5522,0.0687,0.8980,0.2628,6.8952,-0.6360
38.694,0.5952,-0.1620,0.2807,-0.1332,0.5362,0.0687,0.8980,0.2628,6.8952,-0.6360
38.694,0.5952,-0.1533,0.2932,-0.1332,0.5362,0.0822,0.9067,0.2628,6.8952,-0.6360
38.795,0.5952,-0.1533,0.2932,-0.1332,0.5362,0.0822,0.9067,0.2628,6.8952,-0.6360
38.796,0.5952,-0.1533,0.2932,-0.1430,0.5446,0.0864,0.9067,0.2530,6.9052,-0.6365
38.797,0.6043,-0.1408,0.2932,-0.1319,0.5446,0.0864,0.9192,0.2641,6.9052,-0.6365
38.797,0.5869,-0.1408,0.2851,-0.1319,0.5285,0.0864,0.9192,0.2641,6.9052,-0.6365
38.798,0.5869,-0.1325,0.2965,-0.1319,0.5285,0.0989,0.9275,0.2641,6.9052,-0.6365
38.898,0.5869,-0.1325,0.2965,-0.1319,0.5285,0.0989,0.9275,0.2641,6.9052,-0.6365
38.900,0.5869,-0.1325,0.2965,-0.1417,0.5369,0.1032,0.9275,0.2543,6.9151,-0.6371
38.901,0.5953,-0.1194,0.2965,-0.1309,0.5369,0.1032,0.9406,0.2651,6.9151,-0.6371
38.905,0.5769,-0.1194,0.2878,-0.1309,0.5199,0.1032,0.9406,0.2651,6.9151,-0.6371
38.907,0.5769,-0.1118,0.2982,-0.1309,0.5199,0.1145,0.9482,0.2651,6.9151,-0.6371
39.000,0.5769,-0.1118,0.2982,-0.1408,0.5283,0.1188,0.9482,0.2552,6.9250,-0.6376
39.001,0.5849,-0.0978,0.2982,-0.1299,0.5283,0.1188,0.9622,0.2661,6.9250,-0.6376
39.004,0.5650,-0.0978,0.2883,-0.1299,0.5097,0.1188,0.9622,0.2661,6.9250,-0.6376
39.005,0.5650,-0.0905,0.2975,-0.1299,0.5097,0.1291,0.9695,0.2661,6.9250,-0.6376
39.105,0.5650,-0.0905,0.2975,-0.1299,0.5097,0.1291,0.9695,0.2661,6.9250,-0.6376
39.115,0.5650,-0.0905,0.2975,-0.1398,0.5181,0.1335,0.9695,0.2562,6.9350,-0.6382
39.115,0.5728,-0.0757,0.2975,-0.1287,0.5181,0.1335,0.9843,0.2673,6.9350,-0.6382
39.116,0.5518,-0.0757,0.2862,-0.1287,0.4983,0.1335,0.9843,0.2673,6.9350,-0.6382
39.116,0.5518,-0.0679,0.2934,-0.1287,0.4983,0.1431,0.9921,0.2673,6.9350,-0.6382
39.188,0.5518,-0.0679,0.2934,-0.1386,0.5066,0.1476,0.9921,0.2574,6.9449,-0.6387
39.189,0.5595,-0.0527,0.2934,-0.1273,0.5066,0.1476,1.0073,0.2687,6.9449,-0.6387
39.189,0.5385,-0.0527,0.2810,-0.1273,0.4865,0.1476,1.0073,0.2687,6.9449,-0.6387
39.189,0.5385,-0.0437,0.2848,-0.1273,0.4865,0.1563,1.0163,0.2687,6.9449,-0.6387
39.290,0.5385,-0.0437,0.2848,-0.1273,0.4865,0.1563,1.0163,0.2687,6.9449,-0.6387
39.292,0.5385,-0.0437,0.2848,-0.1372,0.4948,0.1609,1.0163,0.2588,6.9549,-0.6393
39.293,0.5461,-0.0282,0.2848,-0.1259,0.4948,0.1609,1.0318,0.2701,6.9549,-0.6393
39.293,0.5256,-0.0282,0.2718,-0.1259,0.4750,0.1609,1.0318,0.2701,6.9549,-0.6393
39.293,0.5256,-0.0183,0.2721,-0.1259,0.4750,0.1688,1.0417,0.2701,6.9549,-0.6393
39.394,0.5256,-0.0183,0.2721,-0.1259,0.4750,0.1688,1.0417,0.2701,6.9549,-0.6393
39.425,0.5256,-0.0183,0.2721,-0.1358,0.4833,0.1734,1.0417,0.2602,6.9648,-0.6398
39.425,0.5331,-0.0027,0.2721,-0.1244,0.4833,0.1734,1.0573,0.2716,6.9648,-0.6398
39.425,0.5129,-0.0027,0.2588,-0.1244,0.4636,0.1734,1.0573,0.2716,6.9648,-0.6398
39.426,0.5129,0.0065,0.2585,-0.1244,0.4636,0.1804,1.0665,0.2716,6.9648,-0.6398
39.521,0.5129,0.0065,0.2585,-0.1343,0.4719,0.1853,1.0665,0.2617,6.9747,-0.6404
39.522,0.5204,0.0225,0.2585,-0.1227,0.4719,0.1853,1.0825,0.2733,6.9747,-0.6404
39.522,0.5000,0.0225,0.2450,-0.1227,0.4520,0.1853,1.0825,0.2733,6.9747,-0.6404
39.523,0.5000,0.0294,0.2453,-0.1227,0.4520,0.1908,1.0894,0.2733,6.9747,-0.6404
39.608,0.5000,0.0294,0.2453,-0.1326,0.4603,0.1957,1.0894,0.2634,6.9847,-0.6409
39.609,0.5075,0.0456,0.2453,-0.1209,0.4603,0.1957,1.1056,0.2751,6.9847,-0.6409
39.610,0.4869,0.0456,0.2318,-0.1209,0.4401,0.1957,1.1056,0.2751,6.9847,-0.6409
39.610,0.4869,0.0504,0.2324,-0.1209,0.4401,0.1998,1.1104,0.2751,6.9847,-0.6409
39.710,0.4869,0.0504,0.2324,-0.1209,0.4401,0.1998,1.1104,0.2751,6.9847,-0.6409
39.736,0.4869,0.0504,0.2324,-0.1308,0.4484,0.2048,1.1104,0.2652,6.9946,-0.6415
39.737,0.4944,0.0667,0.2324,-0.1189,0.4484,0.2048,1.1267,0.2771,6.9946,-0.6415
39.737,0.4738,0.0667,0.2192,-0.1189,0.4282,0.2048,1.1267,0.2771,6.9946,-0.6415
39.738,0.4738,0.0716,0.2183,-0.1189,0.4282,0.2082,1.1316,0.2771,6.9946,-0.6415
39.805,0.4738,0.0716,0.2183,-0.1288,0.4366,0.2133,1.1316,0.2672,7.0046,-0.6420
39.806,0.4814,0.0878,0.2183,-0.1168,0.4366,0.2133,1.1478,0.2792,7.0046,-0.6420
39.806,0.4612,0.0878,0.2058,-0.1168,0.4169,0.2133,1.1478,0.2792,7.0046,-0.6420
39.806,0.4612,0.0954,0.2020,-0.1168,0.4169,0.2176,1.1554,0.2792,7.0046,-0.6420
39.882,0.4612,0.0954,0.2020,-0.1267,0.4252,0.2229,1.1554,0.2693,7.0145,-0.6426
39.883,0.4688,0.1115,0.2020,-0.1147,0.4252,0.2229,1.1715,0.2813,7.0145,-0.6426
39.883,0.4494,0.1115,0.1910,-0.1147,0.4065,0.2229,1.1715,0.2813,7.0145,-0.6426
39.884,0.4494,0.1211,0.1850,-0.1147,0.4065,0.2280,1.1811,0.2813,7.0145,-0.6426
39.984,0.4494,0.1211,0.1850,-0.1147,0.4065,0.2280,1.1811,0.2813,7.0145,-0.6426
39.995,0.4494,0.1211,0.1850,-0.1246,0.4148,0.2334,1.1811,0.2714,7.0245,-0.6431
39.996,0.4569,0.1371,0.1850,-0.1125,0.4148,0.2334,1.1971,0.2835,7.0245,-0.6431
39.996,0.4383,0.1371,0.1758,-0.1125,0.3971,0.2334,1.1971,0.2835,7.0245,-0.6431
39.997,0.4383,0.1466,0.1696,-0.1125,0.3971,0.2384,1.2066,0.2835,7.0245,-0.6431
40.083,0.4383,0.1466,0.1696,-0.1225,0.4055,0.2439,1.2066,0.2735,7.0344,-0.6436
40.084,0.4459,0.1628,0.1696,-0.1102,0.4055,0.2439,1.2228,0.2858,7.0344,-0.6436
40.084,0.4276,0.1628,0.1617,-0.1102,0.3884,0.2439,1.2217,0.2858,7.0344,-0.6436
40.086,0.4276,0.1701,0.1566,-0.1102,0.3884,0.2478,1.2166,0.2858,7.0344,-0.6436
40.186,0.4276,0.1701,0.1566,-0.1102,0.3884,0.2478,1.2166,0.2858,7.0344,-0.6436
40.197,0.4276,0.1701,0.1566,-0.1202,0.3967,0.2535,1.2166,0.2758,7.0443,-0.6442
40.198,0.4352,0.1864,0.1566,-0.1077,0.3967,0.2535,1.2166,0.2883,7.0443,-0.6442
40.200,0.4170,0.1864,0.1497,-0.1077,0.3799,0.2535,1.2097,0.2883,7.0443,-0.6442
40.200,0.4170,0.1915,0.1450,-0.1077,0.3799,0.2558,1.2050,0.2883,7.0443,-0.6442
40.301,0.4170,0.1915,0.1450,-0.1077,0.3799,0.2558,1.2050,0.2883,7.0443,-0.6442
40.303,0.4170,0.1915,0.1450,-0.1177,0.3882,0.2617,1.2050,0.2783,7.0543,-0.6447
40.304,0.4246,0.2079,0.1450,-0.1050,0.3882,0.2617,1.2050,0.2910,7.0543,-0.6447
40.305,0.4065,0.2079,0.1389,-0.1050,0.3717,0.2617,1.1989,0.2910,7.0543,-0.6447
40.306,0.4065,0.2116,0.1323,-0.1050,0.3717,0.2621,1.1923,0.2910,7.0543,-0.6447
40.389,0.4065,0.2116,0.1323,-0.1150,0.3800,0.2681,1.1923,0.2810,7.0642,-0.6453
40.390,0.4142,0.2282,0.1323,-0.1021,0.3800,0.2681,1.1923,0.2939,7.0642,-0.6453
40.391,0.3964,0.2282,0.1272,-0.1021,0.3639,0.2681,1.1872,0.2939,7.0642,-0.6453
40.392,0.3964,0.2313,0.1166,-0.1021,0.3639,0.2668,1.1766,0.2939,7.0642,-0.6453
40.493,0.3964,0.2313,0.1166,-0.1021,0.3639,0.2668,1.1766,0.2939,7.0642,-0.6453
40.506,0.3964,0.2313,0.1166,-0.1120,0.3722,0.2729,1.1766,0.2840,7.0742,-0.6458
40.506,0.4041,0.2481,0.1166,-0.0990,0.3722,0.2729,1.1766,0.2970,7.0742,-0.6458
40.507,0.3868,0.2481,0.1128,-0.0990,0.3569,0.2729,1.1728,0.2970,7.0742,-0.6458
40.507,0.3868,0.2512,0.0990,-0.0990,0.3569,0.2706,1.1590,0.2970,7.0742,-0.6458
40.606,0.3868,0.2512,0.0990,-0.1089,0.3652,0.2768,1.1590,0.2871,7.0841,-0.6464
40.606,0.3944,0.2679,0.0990,-0.0958,0.3652,0.2768,1.1590,0.3002,7.0841,-0.6464
40.606,0.3778,0.2679,0.0971,-0.0958,0.3510,0.2768,1.1571,0.3002,7.0841,-0.6464
40.606,0.3778,0.2708,0.0833,-0.0958,0.3510,0.2747,1.1433,0.3002,7.0841,-0.6464
40.690,0.3778,0.2708,0.0833,-0.1057,0.3592,0.2811,1.1433,0.2903,7.0940,-0.6469
40.691,0.3855,0.2874,0.0833,-0.0924,0.3592,0.2811,1.1433,0.3036,7.0940,-0.6469
40.691,0.3698,0.2874,0.0838,-0.0924,0.3466,0.2811,1.1438,0.3036,7.0940,-0.6469
40.691,0.3698,0.2902,0.0724,-0.0924,0.3466,0.2797,1.1324,0.3036,7.0940,-0.6469
40.783,0.3698,0.2902,0.0724,-0.1023,0.3548,0.2863,1.1324,0.2937,7.1040,-0.6474
40.784,0.3777,0.3068,0.0724,-0.0888,0.3548,0.2863,1.1324,0.3072,7.1040,-0.6474
40.786,0.3626,0.3068,0.0742,-0.0888,0.3430,0.2863,1.1342,0.3072,7.1040,-0.6474
40.788,0.3626,0.3084,0.0633,-0.0888,0.3430,0.2842,1.1233,0.3072,7.1040,-0.6474
40.888,0.3626,0.3084,0.0633,-0.0888,0.3430,0.2842,1.1233,0.3072,7.1040,-0.6474
40.890,0.3626,0.3084,0.0633,-0.0987,0.3512,0.2909,1.1233,0.2973,7.1139,-0.6480
40.891,0.3706,0.3250,0.0633,-0.0851,0.3512,0.2909,1.1233,0.3109,7.1139,-0.6480
40.894,0.3551,0.3250,0.0647,-0.0851,0.3389,0.2909,1.1247,0.3109,7.1139,-0.6480
40.895,0.3551,0.3242,0.0511,-0.0851,0.3389,0.2862,1.1111,0.3109,7.1139,-0.6480
40.990,0.3551,0.3242,0.0511,-0.0949,0.3471,0.2930,1.1111,0.3011,7.1239,-0.6485
40.991,0.3637,0.3412,0.0511,-0.0805,0.3471,0.2930,1.1111,0.3155,7.1239,-0.6485
40.992,0.3469,0.3412,0.0509,-0.0805,0.3333,0.2930,1.1109,0.3155,7.1239,-0.6485
40.994,0.3469,0.3381,0.0332,-0.0805,0.3333,0.2852,1.0932,0.3155,7.1239,-0.6485
41.090,0.3469,0.3381,0.0332,-0.0904,0.3414,0.2922,1.0932,0.3056,7.1338,-0.6491
41.091,0.3568,0.3558,0.0332,-0.0748,0.3414,0.2922,1.0932,0.3212,7.1338,-0.6491
41.092,0.3393,0.3558,0.0326,-0.0748,0.3268,0.2922,1.0926,0.3212,7.1338,-0.6491
41.093,0.3393,0.3512,0.0129,-0.0748,0.3268,0.2829,1.0729,0.3212,7.1338,-0.6491
41.193,0.3393,0.3512,0.0129,-0.0748,0.3268,0.2829,1.0729,0.3212,7.1338,-0.6491
41.196,0.3393,0.3512,0.0129,-0.0847,0.3349,0.2900,1.0729,0.3113,7.1438,-0.6496
41.205,0.3506,0.3694,0.0129,-0.0681,0.3349,0.2900,1.0729,0.3279,7.1438,-0.6496
41.205,0.3344,0.3694,0.0141,-0.0681,0.3221,0.2900,1.0741,0.3279,7.1438,-0.6496
41.206,0.3344,0.3642,-0.0046,-0.0681,0.3221,0.2806,1.0554,0.3279,7.1438,-0.6496
41.291,0.3344,0.3642,-0.0046,-0.0779,0.3301,0.2879,1.0554,0.3181,7.1537,-0.6501
41.317,0.3464,0.3822,-0.0046,-0.0610,0.3301,0.2879,1.0554,0.3350,7.1537,-0.6501
41.319,0.3324,0.3822,-0.0005,-0.0610,0.3201,0.2879,1.0595,0.3350,7.1537,-0.6501
41.320,0.3324,0.3768,-0.0169,-0.0610,0.3201,0.2791,1.0431,0.3350,7.1537,-0.6501
41.420,0.3324,0.3768,-0.0169,-0.0610,0.3201,0.2791,1.0431,0.3350,7.1537,-0.6501
41.423,0.3324,0.3768,-0.0169,-0.0708,0.3281,0.2865,1.0431,0.3252,7.1636,-0.6507
41.437,0.3451,0.3948,-0.0169,-0.0535,0.3281,0.2865,1.0431,0.3425,7.1636,-0.6507
41.437,0.3321,0.3948,-0.0117,-0.0535,0.3192,0.2865,1.0483,0.3425,7.1636,-0.6507
41.439,0.3321,0.3887,-0.0269,-0.0535,0.3192,0.2774,1.0331,0.3425,7.1636,-0.6507
41.539,0.3321,0.3887,-0.0269,-0.0535,0.3192,0.2774,1.0331,0.3425,7.1636,-0.6507
41.550,0.3321,0.3887,-0.0269,-0.0633,0.3272,0.2849,1.0331,0.3327,7.1736,-0.6512
41.551,0.3456,0.4071,-0.0269,-0.0454,0.3272,0.2849,1.0331,0.3506,7.1736,-0.6512
41.552,0.3314,0.4071,-0.0224,-0.0454,0.3172,0.2849,1.0376,0.3506,7.1736,-0.6512
41.556,0.3314,0.3991,-0.0378,-0.0454,0.3172,0.2743,1.0222,0.3506,7.1736,-0.6512
41.639,0.3314,0.3991,-0.0378,-0.0552,0.3251,0.2819,1.0222,0.3408,7.1835,-0.6518
41.641,0.3459,0.4181,-0.0378,-0.0365,0.3251,0.2819,1.0222,0.3595,7.1835,-0.6518
41.643,0.3294,0.4181,-0.0351,-0.0365,0.3126,0.2819,1.0249,0.3595,7.1835,-0.6518
41.643,0.3294,0.4082,-0.0508,-0.0365,0.3126,0.2696,1.0092,0.3595,7.1835,-0.6518
41.726,0.3294,0.4082,-0.0508,-0.0462,0.3205,0.2773,1.0092,0.3498,7.1935,-0.6523
41.727,0.3445,0.4275,-0.0508,-0.0271,0.3205,0.2773,1.0092,0.3689,7.1935,-0.6523
41.728,0.3268,0.4275,-0.0487,-0.0271,0.3069,0.2773,1.0113,0.3689,7.1935,-0.6523
41.730,0.3268,0.4163,-0.0643,-0.0271,0.3069,0.2639,0.9957,0.3689,7.1935,-0.6523
41.801,0.3268,0.4163,-0.0643,-0.0368,0.3148,0.2717,0.9957,0.3592,7.2034,-0.6528
41.802,0.3419,0.4353,-0.0643,-0.0179,0.3148,0.2717,0.9957,0.3781,7.2034,-0.6528
41.804,0.3258,0.4353,-0.0605,-0.0179,0.3031,0.2717,0.9995,0.3781,7.2034,-0.6528
41.805,0.3258,0.4240,-0.0753,-0.0179,0.3031,0.2585,0.9847,0.3781,7.2034,-0.6528
41.883,0.3258,0.4240,-0.0753,-0.0277,0.3109,0.2664,0.9847,0.3683,7.2134,-0.6534
41.883,0.3408,0.4425,-0.0753,-0.0091,0.3109,0.2664,0.9847,0.3869,7.2134,-0.6534
41.884,0.3265,0.4425,-0.0700,-0.0091,0.3013,0.2664,0.9900,0.3869,7.2134,-0.6534
41.884,0.3265,0.4315,-0.0840,-0.0091,0.3013,0.2537,0.9760,0.3869,7.2134,-0.6534
41.982,0.3265,0.4315,-0.0840,-0.0188,0.3091,0.2616,0.9760,0.3772,7.2233,-0.6539
41.983,0.3421,0.4501,-0.0840,-0.0000,0.3091,0.2616,0.9760,0.3960,7.2233,-0.6539
41.983,0.3282,0.4501,-0.0784,-0.0000,0.3000,0.2616,0.9816,0.3960,7.2233,-0.6539
41.985,0.3282,0.4384,-0.0923,-0.0000,0.3000,0.2484,0.9677,0.3960,7.2233,-0.6539
42.085,0.3282,0.4384,-0.0923,-0.0000,0.3000,0.2484,0.9677,0.3960,7.2233,-0.6539
42.088,0.3282,0.4384,-0.0923,-0.0097,0.3077,0.2564,0.9677,0.3863,7.2332,-0.6545
42.089,0.3444,0.4574,-0.0923,0.0095,0.3077,0.2564,0.9677,0.4055,7.2332,-0.6545
42.090,0.3285,0.4574,-0.0877,0.0095,0.2967,0.2564,0.9723,0.4055,7.2332,-0.6545
42.093,0.3285,0.4444,-0.1020,0.0095,0.2967,0.2420,0.9580,0.4055,7.2332,-0.6545
42.193,0.3285,0.4444,-0.1020,-0.0001,0.3043,0.2501,0.9580,0.3959,7.2432,-0.6550
42.195,0.3448,0.4634,-0.1020,0.0191,0.3043,0.2501,0.9580,0.4151,7.2432,-0.6550
42.195,0.3273,0.4634,-0.0982,0.0191,0.2917,0.2501,0.9618,0.4151,7.2432,-0.6550
42.196,0.3273,0.4494,-0.1126,0.0191,0.2917,0.2347,0.9474,0.4151,7.2432,-0.6550
42.289,0.3273,0.4494,-0.1126,0.0094,0.2993,0.2429,0.9474,0.4054,7.2531,-0.6555
42.289,0.3430,0.4680,-0.1126,0.0282,0.2993,0.2429,0.9474,0.4242,7.2531,-0.6555
42.290,0.3264,0.4680,-0.1079,0.0282,0.2879,0.2429,0.9521,0.4242,7.2531,-0.6555
42.290,0.3264,0.4535,-0.1221,0.0282,0.2879,0.2271,0.9379,0.4242,7.2531,-0.6555
42.390,0.3264,0.4535,-0.1221,0.0282,0.2879,0.2271,0.9379,0.4242,7.2531,-0.6555
42.395,0.3264,0.4535,-0.1221,0.0185,0.2954,0.2353,0.9379,0.4145,7.2631,-0.6561
42.396,0.3419,0.4718,-0.1221,0.0371,0.2954,0.2353,0.9379,0.4331,7.2631,-0.6561
42.396,0.3263,0.4718,-0.1172,0.0371,0.2850,0.2353,0.9428,0.4331,7.2631,-0.6561
42.396,0.3263,0.4574,-0.1310,0.0371,0.2850,0.2198,0.9290,0.4331,7.2631,-0.6561
42.490,0.3263,0.4574,-0.1310,0.0274,0.2925,0.2280,0.9290,0.4234,7.2730,-0.6566
42.490,0.3421,0.4755,-0.1310,0.0458,0.2925,0.2280,0.9290,0.4418,7.2730,-0.6566
42.490,0.3252,0.4755,-0.1283,0.0458,0.2801,0.2280,0.9317,0.4418,7.2730,-0.6566
42.491,0.3252,0.4613,-0.1418,0.0458,0.2801,0.2128,0.9182,0.4418,7.2730,-0.6566
42.591,0.3252,0.4613,-0.1418,0.0458,0.2801,0.2128,0.9182,0.4418,7.2730,-0.6566
42.595,0.3252,0.4613,-0.1418,0.0362,0.2875,0.2211,0.9182,0.4322,7.2830,-0.6571
42.596,0.3411,0.4793,-0.1418,0.0545,0.2875,0.2211,0.9182,0.4505,7.2830,-0.6571
42.597,0.3210,0.4793,-0.1424,0.0545,0.2711,0.2211,0.9176,0.4505,7.2830,-0.6571
42.604,0.3210,0.4651,-0.1559,0.0545,0.2711,0.2058,0.9041,0.4505,7.2830,-0.6571
42.696,0.3210,0.4651,-0.1559,0.0449,0.2785,0.2142,0.9041,0.4409,7.2929,-0.6577
42.697,0.3369,0.4825,-0.1559,0.0628,0.2785,0.2142,0.9041,0.4588,7.2929,-0.6577
42.697,0.3150,0.4825,-0.1586,0.0628,0.2599,0.2142,0.9014,0.4588,7.2929,-0.6577
42.698,0.3150,0.4679,-0.1724,0.0628,0.2599,0.1985,0.8876,0.4588,7.2929,-0.6577
42.792,0.3150,0.4679,-0.1724,0.0531,0.2673,0.2069,0.8876,0.4491,7.3028,-0.6582
42.793,0.3310,0.4844,-0.1724,0.0703,0.2673,0.2069,0.8876,0.4663,7.3028,-0.6582
42.793,0.3096,0.4844,-0.1752,0.0703,0.2489,0.2069,0.8848,0.4663,7.3028,-0.6582
42.794,0.3096,0.4694,-0.1892,0.0703,0.2489,0.1909,0.8708,0.4663,7.3028,-0.6582
42.883,0.3096,0.4694,-0.1892,0.0606,0.2562,0.1994,0.8708,0.4566,7.3128,-0.6588
42.885,0.3262,0.4844,-0.1892,0.0768,0.2562,0.1994,0.8708,0.4728,7.3128,-0.6588
42.886,0.3072,0.4844,-0.1905,0.0768,0.2404,0.1994,0.8695,0.4728,7.3128,-0.6588
42.887,0.3072,0.4694,-0.2043,0.0768,0.2404,0.1834,0.8557,0.4728,7.3128,-0.6588
42.983,0.3072,0.4694,-0.2043,0.0671,0.2477,0.1920,0.8557,0.4631,7.3227,-0.6593
42.985,0.3249,0.4833,-0.2043,0.0826,0.2477,0.1920,0.8557,0.4786,7.3227,-0.6593
42.986,0.3064,0.4833,-0.2049,0.0826,0.2327,0.1920,0.8551,0.4786,7.3227,-0.6593
42.987,0.3064,0.4683,-0.2185,0.0826,0.2327,0.1760,0.8415,0.4786,7.3227,-0.6593
43.088,0.3064,0.4683,-0.2185,0.0826,0.2327,0.1760,0.8415,0.4786,7.3227,-0.6593
43.095,0.3064,0.4683,-0.2185,0.0729,0.2400,0.1846,0.8415,0.4689,7.3327,-0.6598
43.097,0.3242,0.4818,-0.2185,0.0881,0.2400,0.1846,0.8415,0.4841,7.3327,-0.6598
43.102,0.3038,0.4818,-0.2205,0.0881,0.2226,0.1846,0.8395,0.4841,7.3327,-0.6598
43.105,0.3038,0.4667,-0.2343,0.0881,0.2226,0.1684,0.8257,0.4841,7.3327,-0.6598
43.205,0.3038,0.4667,-0.2343,0.0784,0.2299,0.1771,0.8257,0.4744,7.3426,-0.6604
43.207,0.3208,0.4796,-0.2343,0.0929,0.2299,0.1771,0.8257,0.4889,7.3426,-0.6604
43.209,0.2977,0.4796,-0.2388,0.0929,0.2092,0.1771,0.8212,0.4889,7.3426,-0.6604
43.211,0.2977,0.4642,-0.2528,0.0929,0.2092,0.1607,0.8072,0.4889,7.3426,-0.6604
43.311,0.2977,0.4642,-0.2528,0.0831,0.2165,0.1694,0.8072,0.4791,7.3526,-0.6609
43.311,0.3150,0.4760,-0.2528,0.0968,0.2165,0.1694,0.8072,0.4928,7.3526,-0.6609
43.312,0.2909,0.4760,-0.2589,0.0968,0.1943,0.1694,0.8011,0.4928,7.3526,-0.6609
43.314,0.2909,0.4605,-0.2732,0.0968,0.1943,0.1529,0.7868,0.4928,7.3526,-0.6609
43.392,0.2909,0.4605,-0.2732,0.0870,0.2015,0.1616,0.7868,0.4830,7.3625,-0.6615
43.393,0.3095,0.4708,-0.2732,0.0998,0.2015,0.1616,0.7868,0.4958,7.3625,-0.6615
43.394,0.2873,0.4708,-0.2788,0.0998,0.1809,0.1616,0.7812,0.4958,7.3625,-0.6615
43.395,0.2873,0.4553,-0.2932,0.0998,0.1809,0.1451,0.7668,0.4958,7.3625,-0.6615
43.483,0.2873,0.4553,-0.2932,0.0900,0.1882,0.1539,0.7668,0.4860,7.3724,-0.6620
43.484,0.3045,0.4627,-0.2932,0.1003,0.1882,0.1539,0.7668,0.4963,7.3724,-0.6620
43.489,0.2845,0.4627,-0.2972,0.1003,0.1701,0.1539,0.7628,0.4963,7.3724,-0.6620
43.491,0.2845,0.4473,-0.3116,0.1003,0.1701,0.1374,0.7484,0.4963,7.3724,-0.6620
43.590,0.2845,0.4473,-0.3116,0.0905,0.1773,0.1462,0.7484,0.4865,7.3824,-0.6625
43.592,0.2980,0.4516,-0.3116,0.0973,0.1773,0.1462,0.7484,0.4933,7.3824,-0.6625
43.593,0.2787,0.4516,-0.3144,0.0973,0.1602,0.1462,0.7456,0.4933,7.3824,-0.6625
43.594,0.2787,0.4363,-0.3289,0.0973,0.1602,0.1297,0.7311,0.4933,7.3824,-0.6625
43.695,0.2787,0.4363,-0.3289,0.0973,0.1602,0.1297,0.7311,0.4933,7.3824,-0.6625
43.702,0.2787,0.4363,-0.3289,0.0875,0.1674,0.1386,0.7311,0.4835,7.3923,-0.6631
43.703,0.2888,0.4384,-0.3289,0.0919,0.1674,0.1386,0.7311,0.4879,7.3923,-0.6631
43.705,0.2686,0.4384,-0.3315,0.0919,0.1496,0.1386,0.7285,0.4879,7.3923,-0.6631
43.707,0.2686,0.4231,-0.3461,0.0919,0.1496,0.1221,0.7139,0.4879,7.3923,-0.6631
43.807,0.2686,0.4231,-0.3461,0.0919,0.1496,0.1221,0.7139,0.4879,7.3923,-0.6631
43.820,0.2686,0.4231,-0.3461,0.0820,0.1568,0.1311,0.7139,0.4780,7.4023,-0.6636
43.821,0.2766,0.4231,-0.3461,0.0841,0.1568,0.1311,0.7139,0.4801,7.4023,-0.6636
43.822,0.2555,0.4231,-0.3489,0.0841,0.1381,0.1311,0.7111,0.4801,7.4023,-0.6636
43.823,0.2555,0.4078,-0.3636,0.0841,0.1381,0.1145,0.6964,0.4801,7.4023,-0.6636
43.897,0.2555,0.4078,-0.3636,0.0743,0.1453,0.1235,0.6964,0.4703,7.4122,-0.6641
43.898,0.2628,0.4061,-0.3636,0.0750,0.1453,0.1235,0.6964,0.4710,7.4122,-0.6641
43.899,0.2416,0.4061,-0.3668,0.0750,0.1264,0.1235,0.6932,0.4710,7.4122,-0.6641
43.900,0.2416,0.3908,-0.3816,0.0750,0.1264,0.1070,0.6784,0.4710,7.4122,-0.6641
44.001,0.2416,0.3908,-0.3816,0.0750,0.1264,0.1070,0.6784,0.4710,7.4122,-0.6641
44.004,0.2416,0.3908,-0.3816,0.0651,0.1335,0.1160,0.6784,0.4611,7.4222,-0.6647
44.005,0.2480,0.3879,-0.3816,0.0647,0.1335,0.1160,0.6784,0.4607,7.4222,-0.6647
44.006,0.2278,0.3879,-0.3842,0.0647,0.1156,0.1160,0.6758,0.4607,7.4222,-0.6647
44.006,0.2278,0.3727,-0.3992,0.0647,0.1156,0.0996,0.6608,0.4607,7.4222,-0.6647
44.106,0.2278,0.3727,-0.3992,0.0548,0.1227,0.1087,0.6608,0.4508,7.4321,-0.6652
44.109,0.2318,0.3678,-0.3992,0.0522,0.1227,0.1087,0.6608,0.4482,7.4321,-0.6652
44.110,0.2131,0.3678,-0.3999,0.0522,0.1067,0.1087,0.6601,0.4482,7.4321,-0.6652
44.112,0.2131,0.3528,-0.4150,0.0522,0.1067,0.0923,0.6450,0.4482,7.4321,-0.6652
44.204,0.2131,0.3528,-0.4150,0.0423,0.1138,0.1014,0.6450,0.4383,7.4420,-0.6657
44.205,0.2135,0.3455,-0.4150,0.0370,0.1138,0.1014,0.6450,0.4330,7.4420,-0.6657
44.206,0.1959,0.3455,-0.4138,0.0370,0.0994,0.1014,0.6462,0.4330,7.4420,-0.6657
44.207,0.1959,0.3305,-0.4290,0.0370,0.0994,0.0850,0.6310,0.4330,7.4420,-0.6657
44.286,0.1959,0.3305,-0.4290,0.0270,0.1065,0.0942,0.6310,0.4230,7.4520,-0.6663
44.287,0.1936,0.3216,-0.4290,0.0197,0.1065,0.0942,0.6310,0.4157,7.4520,-0.6663
44.288,0.1760,0.3216,-0.4266,0.0197,0.0926,0.0942,0.6334,0.4157,7.4520,-0.6663
44.289,0.1760,0.3065,-0.4420,0.0197,0.0926,0.0777,0.6180,0.4157,7.4520,-0.6663
44.389,0.1760,0.3065,-0.4420,0.0098,0.0997,0.0869,0.6180,0.4058,7.4619,-0.6668
44.390,0.1726,0.2969,-0.4420,0.0017,0.0997,0.0869,0.6180,0.3977,7.4619,-0.6668
44.390,0.1544,0.2969,-0.4386,0.0017,0.0857,0.0869,0.6214,0.3977,7.4619,-0.6668
44.391,0.1544,0.2816,-0.4541,0.0017,0.0857,0.0702,0.6059,0.3977,7.4619,-0.6668
44.492,0.1544,0.2816,-0.4541,0.0017,0.0857,0.0702,0.6059,0.3977,7.4619,-0.6668
44.494,0.1544,0.2816,-0.4541,-0.0083,0.0927,0.0795,0.6059,0.3877,7.4719,-0.6674
44.495,0.1517,0.2725,-0.4541,-0.0159,0.0927,0.0795,0.6059,0.3801,7.4719,-0.6674
44.498,0.1339,0.2725,-0.4494,-0.0159,0.0795,0.0795,0.6106,0.3801,7.4719,-0.6674
44.502,0.1339,0.2565,-0.4645,-0.0159,0.0795,0.0623,0.5955,0.3801,7.4719,-0.6674
44.602,0.1339,0.2565,-0.4645,-0.0259,0.0865,0.0716,0.5955,0.3701,7.4818,-0.6679
44.604,0.1323,0.2477,-0.4645,-0.0330,0.0865,0.0716,0.5955,0.3630,7.4818,-0.6679
44.606,0.1160,0.2477,-0.4582,-0.0330,0.0751,0.0716,0.6018,0.3630,7.4818,-0.6679
44.608,0.1160,0.2314,-0.4726,-0.0330,0.0751,0.0543,0.5874,0.3630,7.4818,-0.6679
44.708,0.1160,0.2314,-0.4726,-0.0330,0.0751,0.0543,0.5874,0.3630,7.4818,-0.6679
44.713,0.1160,0.2314,-0.4726,-0.0430,0.0820,0.0636,0.5874,0.3530,7.4917,-0.6684
44.715,0.1142,0.2226,-0.4726,-0.0501,0.0820,0.0636,0.5874,0.3459,7.4917,-0.6684
44.719,0.0994,0.2226,-0.4646,-0.0501,0.0726,0.0636,0.5954,0.3459,7.4917,-0.6684
44.721,0.0994,0.2065,-0.4777,-0.0501,0.0726,0.0466,0.5823,0.3459,7.4917,-0.6684
44.821,0.0994,0.2065,-0.4777,-0.0501,0.0726,0.0466,0.5823,0.3459,7.4917,-0.6684
44.823,0.0994,0.2065,-0.4777,-0.0600,0.0794,0.0560,0.5823,0.3360,7.5017,-0.6690
44.823,0.0962,0.1974,-0.4777,-0.0678,0.0794,0.0560,0.5823,0.3282,7.5017,-0.6690
44.827,0.0827,0.1974,-0.4680,-0.0678,0.0717,0.0560,0.5920,0.3282,7.5017,-0.6690
44.827,0.0827,0.1815,-0.4791,-0.0678,0.0717,0.0395,0.5809,0.3282,7.5017,-0.6690
44.899,0.0827,0.1815,-0.4791,-0.0778,0.0785,0.0489,0.5809,0.3182,7.5116,-0.6695
44.900,0.0788,0.1721,-0.4791,-0.0860,0.0785,0.0489,0.5809,0.3100,7.5116,-0.6695
44.900,0.0662,0.1721,-0.4683,-0.0860,0.0720,0.0489,0.5917,0.3100,7.5116,-0.6695
44.900,0.0662,0.1560,-0.4770,-0.0860,0.0720,0.0326,0.5830,0.3100,7.5116,-0.6695
45.001,0.0662,0.1560,-0.4770,-0.0860,0.0720,0.0326,0.5830,0.3100,7.5116,-0.6695
45.018,0.0662,0.1560,-0.4770,-0.0960,0.0787,0.0420,0.5830,0.3000,7.5216,-0.6701
45.019,0.0633,0.1471,-0.4770,-0.1035,0.0787,0.0420,0.5830,0.2925,7.5216,-0.6701
45.021,0.0517,0.1471,-0.4654,-0.1035,0.0733,0.0420,0.5946,0.2925,7.5216,-0.6701
45.023,0.0517,0.1307,-0.4723,-0.1035,0.0733,0.0257,0.5877,0.2925,7.5216,-0.6701
45.125,0.0517,0.1307,-0.4723,-0.1035,0.0733,0.0257,0.5877,0.2925,7.5216,-0.6701
45.182,0.0517,0.1307,-0.4723,-0.1134,0.0798,0.0351,0.5877,0.2826,7.5315,-0.6706
45.183,0.0517,0.1231,-0.4723,-0.1190,0.0798,0.0351,0.5877,0.2770,7.5315,-0.6706
45.184,0.0412,0.1231,-0.4599,-0.1190,0.0757,0.0351,0.6001,0.2770,7.5315,-0.6706
45.185,0.0412,0.1066,-0.4654,-0.1190,0.0757,0.0190,0.5946,0.2770,7.5315,-0.6706
45.286,0.0412,0.1066,-0.4654,-0.1190,0.0757,0.0190,0.5946,0.2770,7.5315,-0.6706
45.295,0.0412,0.1066,-0.4654,-0.1290,0.0822,0.0284,0.5946,0.2670,7.5415,-0.6711
45.295,0.0453,0.1010,-0.4654,-0.1318,0.0822,0.0284,0.5946,0.2642,7.5415,-0.6711
45.296,0.0363,0.1010,-0.4525,-0.1318,0.0793,0.0284,0.6075,0.2642,7.5415,-0.6711
45.296,0.0363,0.0850,-0.4569,-0.1318,0.0793,0.0130,0.6031,0.2642,7.5415,-0.6711
45.397,0.0363,0.0850,-0.4569,-0.1318,0.0793,0.0130,0.6031,0.2642,7.5415,-0.6711
45.402,0.0363,0.0850,-0.4569,-0.1417,0.0858,0.0223,0.6031,0.2543,7.5514,-0.6717
45.403,0.0436,0.0806,-0.4569,-0.1424,0.0858,0.0223,0.6031,0.2536,7.5514,-0.6717
45.404,0.0359,0.0806,-0.4434,-0.1424,0.0842,0.0223,0.6166,0.2536,7.5514,-0.6717
45.404,0.0359,0.0650,-0.4455,-0.1424,0.0842,0.0077,0.6145,0.2536,7.5514,-0.6717
45.481,0.0359,0.0650,-0.4455,-0.1523,0.0905,0.0171,0.6145,0.2437,7.5613,-0.6722
45.482,0.0437,0.0612,-0.4455,-0.1522,0.0905,0.0171,0.6145,0.2438,7.5613,-0.6722
45.483,0.0369,0.0612,-0.4315,-0.1522,0.0898,0.0171,0.6285,0.2438,7.5613,-0.6722
45.484,0.0369,0.0453,-0.4302,-0.1522,0.0898,0.0029,0.6298,0.2438,7.5613,-0.6722
45.566,0.0369,0.0453,-0.4302,-0.1621,0.0960,0.0123,0.6298,0.2339,7.5713,-0.6727
45.567,0.0433,0.0422,-0.4302,-0.1618,0.0960,0.0123,0.6298,0.2342,7.5713,-0.6727
45.569,0.0369,0.0422,-0.4163,-0.1618,0.0956,0.0123,0.6437,0.2342,7.5713,-0.6727
45.571,0.0369,0.0259,-0.4121,-0.1618,0.0956,-0.0015,0.6479,0.2342,7.5713,-0.6727
45.658,0.0369,0.0259,-0.4121,-0.1717,0.1018,0.0078,0.6479,0.2243,7.5812,-0.6733
45.660,0.0434,0.0249,-0.4121,-0.1699,0.1018,0.0078,0.6479,0.2261,7.5812,-0.6733
45.661,0.0373,0.0249,-0.3985,-0.1699,0.1015,0.0078,0.6615,0.2261,7.5812,-0.6733
45.663,0.0373,0.0089,-0.3943,-0.1699,0.1015,-0.0056,0.6657,0.2261,7.5812,-0.6733
45.746,0.0373,0.0089,-0.3943,-0.1797,0.1075,0.0037,0.6657,0.2163,7.5912,-0.6738
45.748,0.0472,0.0115,-0.3943,-0.1740,0.1075,0.0037,0.6657,0.2220,7.5912,-0.6738
45.749,0.0414,0.0115,-0.3810,-0.1740,0.1074,0.0037,0.6790,0.2220,7.5912,-0.6738
45.750,0.0414,-0.0036,-0.3774,-0.1740,0.1074,-0.0088,0.6826,0.2220,7.5912,-0.6738
45.831,0.0414,-0.0036,-0.3774,-0.1838,0.1134,0.0004,0.6826,0.2122,7.6011,-0.6744
45.833,0.0554,0.0010,-0.3774,-0.1749,0.1134,0.0004,0.6826,0.2211,7.6011,-0.6744
45.834,0.0501,0.0010,-0.3642,-0.1749,0.1136,0.0004,0.6958,0.2211,7.6011,-0.6744
45.835,0.0501,-0.0134,-0.3601,-0.1749,0.1136,-0.0113,0.6999,0.2211,7.6011,-0.6744
45.931,0.0501,-0.0134,-0.3601,-0.1847,0.1195,-0.0021,0.6999,0.2113,7.6111,-0.6749
45.932,0.0649,-0.0101,-0.3601,-0.1760,0.1195,-0.0021,0.6999,0.2200,7.6111,-0.6749
45.933,0.0598,-0.0101,-0.3469,-0.1760,0.1197,-0.0021,0.7131,0.2200,7.6111,-0.6749
45.934,0.0598,-0.0243,-0.3414,-0.1760,0.1197,-0.0131,0.7186,0.2200,7.6111,-0.6749
46.018,0.0598,-0.0243,-0.3414,-0.1858,0.1255,-0.0039,0.7186,0.2102,7.6210,-0.6754
46.020,0.0731,-0.0209,-0.3414,-0.1774,0.1255,-0.0039,0.7186,0.2186,7.6210,-0.6754
46.021,0.0671,-0.0209,-0.3292,-0.1774,0.1247,-0.0039,0.7308,0.2186,7.6210,-0.6754
46.023,0.0671,-0.0351,-0.3227,-0.1774,0.1247,-0.0144,0.7373,0.2186,7.6210,-0.6754
46.105,0.0671,-0.0351,-0.3227,-0.1872,0.1305,-0.0053,0.7373,0.2088,7.6309,-0.6760
46.105,0.0829,-0.0266,-0.3227,-0.1744,0.1305,-0.0053,0.7373,0.2216,7.6309,-0.6760
46.107,0.0750,-0.0266,-0.3126,-0.1744,0.1274,-0.0053,0.7474,0.2216,7.6309,-0.6760
46.108,0.0750,-0.0408,-0.3062,-0.1744,0.1274,-0.0156,0.7538,0.2216,7.6309,-0.6760
46.208,0.0750,-0.0408,-0.3062,-0.1744,0.1274,-0.0156,0.7538,0.2216,7.6309,-0.6760
46.210,0.0750,-0.0408,-0.3062,-0.1841,0.1331,-0.0066,0.7538,0.2119,7.6409,-0.6765
46.210,0.0953,-0.0253,-0.3062,-0.1648,0.1331,-0.0066,0.7538,0.2312,7.6409,-0.6765
46.211,0.0847,-0.0253,-0.2982,-0.1648,0.1272,-0.0066,0.7618,0.2312,7.6409,-0.6765
46.211,0.0847,-0.0397,-0.2926,-0.1648,0.1272,-0.0171,0.7674,0.2312,7.6409,-0.6765
46.287,0.0847,-0.0397,-0.2926,-0.1745,0.1328,-0.0081,0.7674,0.2215,7.6508,-0.6771
46.287,0.1044,-0.0229,-0.2926,-0.1547,0.1328,-0.0081,0.7674,0.2413,7.6508,-0.6771
46.289,0.0916,-0.0229,-0.2864,-0.1547,0.1247,-0.0081,0.7736,0.2413,7.6508,-0.6771
46.289,0.0916,-0.0372,-0.2819,-0.1547,0.1247,-0.0188,0.7781,0.2413,7.6508,-0.6771
46.390,0.0916,-0.0372,-0.2819,-0.1644,0.1302,-0.0098,0.7781,0.2316,7.6608,-0.6776
46.390,0.1071,-0.0242,-0.2819,-0.1489,0.1302,-0.0098,0.7781,0.2471,7.6608,-0.6776
46.394,0.0943,-0.0242,-0.2760,-0.1489,0.1221,-0.0098,0.7840,0.2471,7.6608,-0.6776
46.394,0.0943,-0.0378,-0.2718,-0.1489,0.1221,-0.0198,0.7882,0.2471,7.6608,-0.6776
46.490,0.0943,-0.0378,-0.2718,-0.1586,0.1276,-0.0109,0.7882,0.2374,7.6707,-0.6781
46.498,0.1076,-0.0267,-0.2718,-0.1453,0.1276,-0.0109,0.7882,0.2507,7.6707,-0.6781
46.498,0.0968,-0.0267,-0.2647,-0.1453,0.1215,-0.0109,0.7953,0.2507,7.6707,-0.6781
46.499,0.0968,-0.0396,-0.2596,-0.1453,0.1215,-0.0199,0.8004,0.2507,7.6707,-0.6781
46.585,0.0968,-0.0396,-0.2596,-0.1549,0.1269,-0.0111,0.8004,0.2411,7.6806,-0.6787
46.586,0.1106,-0.0270,-0.2596,-0.1405,0.1269,-0.0111,0.8004,0.2555,7.6806,-0.6787
46.587,0.0994,-0.0270,-0.2529,-0.1405,0.1204,-0.0111,0.8071,0.2555,7.6806,-0.6787
46.589,0.0994,-0.0395,-0.2463,-0.1405,0.1204,-0.0191,0.8137,0.2555,7.6806,-0.6787
46.689,0.0994,-0.0395,-0.2463,-0.1405,0.1204,-0.0191,0.8137,0.2555,7.6806,-0.6787
46.701,0.0994,-0.0395,-0.2463,-0.1501,0.1257,-0.0103,0.8137,0.2459,7.6906,-0.6792
46.702,0.1159,-0.0230,-0.2463,-0.1320,0.1257,-0.0103,0.8137,0.2640,7.6906,-0.6792
46.704,0.1017,-0.0230,-0.2424,-0.1320,0.1160,-0.0103,0.8176,0.2640,7.6906,-0.6792
46.705,0.1017,-0.0353,-0.2350,-0.1320,0.1160,-0.0177,0.8250,0.2640,7.6906,-0.6792
46.797,0.1017,-0.0353,-0.2350,-0.1416,0.1213,-0.0089,0.8250,0.2544,7.7005,-0.6797
46.805,0.1190,-0.0172,-0.2350,-0.1222,0.1213,-0.0089,0.8250,0.2738,7.7005,-0.6797
46.805,0.1016,-0.0172,-0.2341,-0.1222,0.1081,-0.0089,0.8259,0.2738,7.7005,-0.6797
46.806,0.1016,-0.0299,-0.2274,-0.1222,0.1081,-0.0167,0.8326,0.2738,7.7005,-0.6797
46.906,0.1016,-0.0299,-0.2274,-0.1222,0.1081,-0.0167,0.8326,0.2738,7.7005,-0.6797
46.909,0.1016,-0.0299,-0.2274,-0.1317,0.1133,-0.0080,0.8326,0.2643,7.7105,-0.6803
46.910,0.1181,-0.0131,-0.2274,-0.1135,0.1133,-0.0080,0.8326,0.2825,7.7105,-0.6803
46.910,0.0989,-0.0131,-0.2283,-0.1135,0.0981,-0.0080,0.8317,0.2825,7.7105,-0.6803
46.911,0.0989,-0.0265,-0.2222,-0.1135,0.0981,-0.0164,0.8378,0.2825,7.7105,-0.6803
46.988,0.0989,-0.0265,-0.2222,-0.1231,0.1032,-0.0078,0.8378,0.2729,7.7204,-0.6808
46.988,0.1139,-0.0127,-0.2222,-0.1072,0.1032,-0.0078,0.8378,0.2888,7.7204,-0.6808
46.990,0.0953,-0.0127,-0.2234,-0.1072,0.0885,-0.0078,0.8366,0.2888,7.7204,-0.6808
46.991,0.0953,-0.0263,-0.2173,-0.1072,0.0885,-0.0162,0.8427,0.2888,7.7204,-0.6808
47.091,0.0953,-0.0263,-0.2173,-0.1072,0.0885,-0.0162,0.8427,0.2888,7.7204,-0.6808
47.107,0.0953,-0.0263,-0.2173,-0.1167,0.0936,-0.0076,0.8427,0.2793,7.7304,-0.6814
47.108,0.1099,-0.0142,-0.2173,-0.1021,0.0936,-0.0076,0.8427,0.2939,7.7304,-0.6814
47.109,0.0933,-0.0142,-0.2181,-0.1021,0.0806,-0.0076,0.8419,0.2939,7.7304,-0.6814
47.110,0.0933,-0.0274,-0.2109,-0.1021,0.0806,-0.0150,0.8491,0.2939,7.7304,-0.6814
47.210,0.0933,-0.0274,-0.2109,-0.1021,0.0806,-0.0150,0.8491,0.2939,7.7304,-0.6814
47.275,0.0933,-0.0274,-0.2109,-0.1116,0.0856,-0.0065,0.8491,0.2844,7.7403,-0.6819
47.277,0.1089,-0.0146,-0.2109,-0.0959,0.0856,-0.0065,0.8491,0.3001,7.7403,-0.6819
47.277,0.0930,-0.0146,-0.2122,-0.0959,0.0730,-0.0065,0.8478,0.3001,7.7403,-0.6819
47.278,0.0930,-0.0267,-0.2037,-0.0959,0.0730,-0.0123,0.8563,0.3001,7.7403,-0.6819
47.378,0.0930,-0.0267,-0.2037,-0.0959,0.0730,-0.0123,0.8563,0.3001,7.7403,-0.6819
47.382,0.0930,-0.0267,-0.2037,-0.1054,0.0780,-0.0038,0.8563,0.2906,7.7502,-0.6824
47.383,0.1093,-0.0127,-0.2037,-0.0886,0.0780,-0.0038,0.8563,0.3074,7.7502,-0.6824
47.383,0.0917,-0.0127,-0.2068,-0.0886,0.0633,-0.0038,0.8532,0.3074,7.7502,-0.6824
47.384,0.0917,-0.0243,-0.1982,-0.0886,0.0633,-0.0090,0.8618,0.3074,7.7502,-0.6824
47.454,0.0917,-0.0243,-0.1982,-0.0981,0.0683,-0.0007,0.8618,0.2979,7.7602,-0.6830
47.455,0.1082,-0.0103,-0.1982,-0.0812,0.0683,-0.0007,0.8618,0.3148,7.7602,-0.6830
47.456,0.0873,-0.0103,-0.2041,-0.0812,0.0502,-0.0007,0.8559,0.3148,7.7602,-0.6830
47.456,0.0873,-0.0227,-0.1963,-0.0812,0.0502,-0.0065,0.8637,0.3148,7.7602,-0.6830
47.529,0.0873,-0.0227,-0.1963,-0.0907,0.0552,0.0018,0.8637,0.3053,7.7701,-0.6835
47.530,0.1041,-0.0097,-0.1963,-0.0741,0.0552,0.0018,0.8637,0.3219,7.7701,-0.6835
47.531,0.0822,-0.0097,-0.2034,-0.0741,0.0358,0.0018,0.8566,0.3219,7.7701,-0.6835
47.531,0.0822,-0.0233,-0.1962,-0.0741,0.0358,-0.0050,0.8638,0.3219,7.7701,-0.6835
47.601,0.0822,-0.0233,-0.1962,-0.0835,0.0407,0.0032,0.8638,0.3125,7.7801,-0.6840
47.602,0.1002,-0.0110,-0.1962,-0.0664,0.0407,0.0032,0.8638,0.3296,7.7801,-0.6840
47.603,0.0797,-0.0110,-0.2031,-0.0664,0.0225,0.0032,0.8569,0.3296,7.7801,-0.6840
47.604,0.0797,-0.0252,-0.1959,-0.0664,0.0225,-0.0038,0.8641,0.3296,7.7801,-0.6840
47.684,0.0797,-0.0252,-0.1959,-0.0758,0.0274,0.0044,0.8641,0.3202,7.7900,-0.6846
47.685,0.0993,-0.0121,-0.1959,-0.0573,0.0274,0.0044,0.8641,0.3387,7.7900,-0.6846
47.686,0.0811,-0.0121,-0.2021,-0.0573,0.0113,0.0044,0.8579,0.3387,7.7900,-0.6846
47.687,0.0811,-0.0252,-0.1943,-0.0573,0.0113,-0.0013,0.8657,0.3387,7.7900,-0.6846
47.787,0.0811,-0.0252,-0.1943,-0.0573,0.0113,-0.0013,0.8657,0.3387,7.7900,-0.6846
47.809,0.0811,-0.0252,-0.1943,-0.0667,0.0162,0.0068,0.8657,0.3293,7.7999,-0.6851
47.810,0.1015,-0.0113,-0.1943,-0.0472,0.0162,0.0068,0.8657,0.3488,7.7999,-0.6851
47.811,0.0846,-0.0113,-0.2014,-0.0472,0.0006,0.0068,0.8586,0.3488,7.7999,-0.6851
47.811,0.0846,-0.0228,-0.1929,-0.0472,0.0006,0.0029,0.8671,0.3488,7.7999,-0.6851
47.888,0.0846,-0.0228,-0.1929,-0.0565,0.0055,0.0109,0.8671,0.3395,7.8099,-0.6856
47.890,0.1047,-0.0087,-0.1929,-0.0372,0.0055,0.0109,0.8671,0.3588,7.8099,-0.6856
47.893,0.0876,-0.0087,-0.2032,-0.0372,-0.0114,0.0109,0.8568,0.3588,7.8099,-0.6856
47.895,0.0876,-0.0194,-0.1945,-0.0372,-0.0114,0.0079,0.8655,0.3588,7.8099,-0.6856
47.995,0.0876,-0.0194,-0.1945,-0.0372,-0.0114,0.0079,0.8655,0.3588,7.8099,-0.6856
48.025,0.0876,-0.0194,-0.1945,-0.0464,-0.0064,0.0158,0.8655,0.3496,7.8198,-0.6862
48.026,0.1073,-0.0054,-0.1945,-0.0273,-0.0064,0.0158,0.8655,0.3687,7.8198,-0.6862
48.027,0.0908,-0.0054,-0.2077,-0.0273,-0.0239,0.0158,0.8523,0.3687,7.8198,-0.6862
48.028,0.0908,-0.0166,-0.1991,-0.0273,-0.0239,0.0125,0.8609,0.3687,7.8198,-0.6862
48.128,0.0908,-0.0166,-0.1991,-0.0273,-0.0239,0.0125,0.8609,0.3687,7.8198,-0.6862
48.137,0.0908,-0.0166,-0.1991,-0.0365,-0.0188,0.0203,0.8609,0.3595,7.8298,-0.6867
48.139,0.1109,-0.0022,-0.1991,-0.0168,-0.0188,0.0203,0.8609,0.3772,7.8298,-0.6867
48.141,0.0963,-0.0022,-0.2122,-0.0168,-0.0349,0.0203,0.8478,0.3611,7.8298,-0.6867
48.143,0.0963,-0.0148,-0.2037,-0.0168,-0.0349,0.0163,0.8563,0.3611,7.8298,-0.6867
48.226,0.0963,-0.0148,-0.2037,-0.0260,-0.0297,0.0240,0.8563,0.3663,7.8397,-0.6872
48.226,0.1169,0.0004,-0.2037,-0.0056,-0.0297,0.0240,0.8563,0.3663,7.8397,-0.6872
48.228,0.1044,0.0004,-0.2162,-0.0056,-0.0439,0.0240,0.8438,0.3521,7.8397,-0.6872
48.229,0.1044,-0.0130,-0.2074,-0.0056,-0.0439,0.0198,0.8526,0.3521,7.8397,-0.6872
48.307,0.1044,-0.0130,-0.2074,-0.0148,-0.0386,0.0275,0.8526,0.3574,7.8497,-0.6878
48.308,0.1242,0.0027,-0.2074,0.0052,-0.0386,0.0275,0.8526,0.3574,7.8497,-0.6878
48.309,0.1143,0.0027,-0.2203,0.0052,-0.0509,0.0275,0.8397,0.3452,7.8497,-0.6878
48.310,0.1143,-0.0102,-0.2110,0.0052,-0.0509,0.0240,0.8490,0.3452,7.8497,-0.6878
48.410,0.1143,-0.0102,-0.2110,0.0052,-0.0509,0.0240,0.8490,0.3452,7.8497,-0.6878
48.418,0.1143,-0.0102,-0.2110,-0.0039,-0.0454,0.0315,0.8490,0.3506,7.8596,-0.6883
48.418,0.1314,0.0059,-0.2110,0.0142,-0.0454,0.0315,0.8490,0.3506,7.8596,-0.6883
48.419,0.1246,0.0059,-0.2246,0.0142,-0.0553,0.0315,0.8354,0.3407,7.8596,-0.6883
48.420,0.1246,-0.0056,-0.2148,0.0142,-0.0553,0.0294,0.8452,0.3407,7.8596,-0.6883
48.504,0.1246,-0.0056,-0.2148,0.0051,-0.0497,0.0368,0.8452,0.3463,7.8695,-0.6889
48.505,0.1384,0.0106,-0.2148,0.0209,-0.0497,0.0368,0.8452,0.3463,7.8695,-0.6889
48.507,0.1351,0.0106,-0.2280,0.0209,-0.0566,0.0368,0.8320,0.3394,7.8695,-0.6889
48.507,0.1351,0.0000,-0.2179,0.0209,-0.0566,0.0356,0.8421,0.3394,7.8695,-0.6889
48.608,0.1351,0.0000,-0.2179,0.0209,-0.0566,0.0356,0.8421,0.3394,7.8695,-0.6889
48.613,0.1351,0.0000,-0.2179,0.0118,-0.0508,0.0429,0.8421,0.3453,7.8795,-0.6894
48.616,0.1472,0.0159,-0.2179,0.0262,-0.0508,0.0429,0.8421,0.3453,7.8795,-0.6894
48.616,0.1474,0.0159,-0.2293,0.0262,-0.0542,0.0429,0.8307,0.3418,7.8795,-0.6894
48.633,0.1474,0.0050,-0.2189,0.0262,-0.0542,0.0416,0.8411,0.3418,7.8795,-0.6894
48.717,0.1474,0.0050,-0.2189,0.0170,-0.0482,0.0489,0.8411,0.3478,7.8894,-0.6899
48.717,0.1597,0.0208,-0.2189,0.0315,-0.0482,0.0489,0.8411,0.3478,7.8894,-0.6899
48.717,0.1630,0.0208,-0.2278,0.0315,-0.0482,0.0489,0.8322,0.3478,7.8894,-0.6899
48.721,0.1630,0.0086,-0.2170,0.0315,-0.0482,0.0469,0.8430,0.3478,7.8894,-0.6899
48.814,0.1630,0.0086,-0.2170,0.0223,-0.0420,0.0541,0.8430,0.3540,7.8994,-0.6905
48.819,0.1758,0.0248,-0.2170,0.0371,-0.0420,0.0541,0.8430,0.3540,7.8994,-0.6905
48.820,0.1816,0.0248,-0.2234,0.0371,-0.0390,0.0541,0.8366,0.3570,7.8994,-0.6905
48.822,0.1816,0.0119,-0.2122,0.0371,-0.0390,0.0518,0.8478,0.3570,7.8994,-0.6905
48.914,0.1816,0.0119,-0.2122,0.0280,-0.0326,0.0589,0.8478,0.3634,7.9093,-0.6910
48.918,0.1927,0.0285,-0.2122,0.0416,-0.0326,0.0589,0.8478,0.3634,7.9093,-0.6910
48.920,0.2007,0.0285,-0.2166,0.0416,-0.0272,0.0589,0.8434,0.3688,7.9093,-0.6910
48.921,0.2007,0.0159,-0.2052,0.0416,-0.0272,0.0570,0.8548,0.3688,7.9093,-0.6910
49.015,0.2007,0.0159,-0.2052,0.0324,-0.0206,0.0640,0.8548,0.3754,7.9193,-0.6915
49.019,0.2086,0.0321,-0.2052,0.0433,-0.0206,0.0640,0.8548,0.3754,7.9193,-0.6915
49.021,0.2186,0.0321,-0.2078,0.0433,-0.0130,0.0640,0.8522,0.3830,7.9193,-0.6915
49.023,0.2186,0.0207,-0.1961,0.0433,-0.0130,0.0630,0.8639,0.3830,7.9193,-0.6915
49.123,0.2186,0.0207,-0.1961,0.0341,-0.0063,0.0699,0.8639,0.3897,7.9292,-0.6920
49.123,0.2186,0.0207,-0.1961,0.0341,-0.0063,0.0699,0.8639,0.3897,7.9292,-0.6920
49.125,0.2244,0.0359,-0.1961,0.0431,-0.0063,0.0699,0.8639,0.3897,7.9292,-0.6920
49.127,0.2365,0.0359,-0.1962,0.0431,0.0038,0.0699,0.8638,0.3998,7.9292,-0.6920
49.130,0.2365,0.0255,-0.1841,0.0431,0.0038,0.0696,0.8759,0.3998,7.9292,-0.6920
49.204,0.2365,0.0255,-0.1841,0.0338,0.0107,0.0764,0.8759,0.4067,7.9391,-0.6926
49.205,0.2424,0.0403,-0.1841,0.0427,0.0107,0.0764,0.8759,0.4067,7.9391,-0.6926
49.205,0.2565,0.0403,-0.1816,0.0427,0.0231,0.0764,0.8784,0.4192,7.9391,-0.6926
49.205,0.2565,0.0300,-0.1689,0.0427,0.0231,0.0765,0.8911,0.4192,7.9391,-0.6926
49.281,0.2565,0.0300,-0.1689,0.0334,0.0301,0.0832,0.8911,0.4262,7.9491,-0.6931
49.283,0.2633,0.0453,-0.1689,0.0432,0.0301,0.0832,0.8911,0.4262,7.9491,-0.6931
49.285,0.2775,0.0453,-0.1652,0.0432,0.0430,0.0832,0.8948,0.4391,7.9491,-0.6931
49.286,0.2775,0.0345,-0.1518,0.0432,0.0430,0.0832,0.9082,0.4391,7.9491,-0.6931
49.386,0.2775,0.0345,-0.1518,0.0432,0.0430,0.0832,0.9082,0.4391,7.9491,-0.6931
49.404,0.2775,0.0345,-0.1518,0.0338,0.0502,0.0899,0.9082,0.4298,7.9590,-0.6936
49.406,0.2846,0.0500,-0.1518,0.0438,0.0502,0.0899,0.9082,0.4398,7.9590,-0.6936
49.407,0.2987,0.0500,-0.1466,0.0438,0.0634,0.0899,0.9134,0.4398,7.9590,-0.6936
49.408,0.2987,0.0386,-0.1332,0.0438,0.0634,0.0894,0.9268,0.4398,7.9590,-0.6936
49.505,0.2987,0.0386,-0.1332,0.0345,0.0706,0.0959,0.9268,0.4305,7.9690,-0.6942
49.508,0.3049,0.0537,-0.1332,0.0436,0.0706,0.0959,0.9268,0.4396,7.9690,-0.6942
49.510,0.3202,0.0537,-0.1249,0.0436,0.0855,0.0959,0.9351,0.4396,7.9690,-0.6942
49.512,0.3202,0.0413,-0.1126,0.0436,0.0855,0.0941,0.9474,0.4396,7.9690,-0.6942
49.612,0.3202,0.0413,-0.1126,0.0436,0.0855,0.0941,0.9474,0.4396,7.9690,-0.6942
49.625,0.3202,0.0413,-0.1126,0.0342,0.0928,0.1005,0.9474,0.4302,7.9789,-0.6947
49.626,0.3254,0.0556,-0.1126,0.0424,0.0928,0.1005,0.9474,0.4384,7.9789,-0.6947
49.628,0.3423,0.0556,-0.1004,0.0424,0.1100,0.1005,0.9596,0.4384,7.9789,-0.6947
49.629,0.3423,0.0427,-0.0890,0.0424,0.1100,0.0978,0.9710,0.4384,7.9789,-0.6947
49.706,0.3423,0.0427,-0.0890,0.0330,0.1173,0.1041,0.9710,0.4290,7.9889,-0.6952
49.708,0.3474,0.0568,-0.0890,0.0410,0.1173,0.1041,0.9710,0.4370,7.9889,-0.6952
49.714,0.3637,0.0568,-0.0748,0.0410,0.1345,0.1041,0.9852,0.4370,7.9889,-0.6952
49.716,0.3637,0.0444,-0.0635,0.0410,0.1345,0.1016,0.9965,0.4370,7.9889,-0.6952
49.797,0.3637,0.0444,-0.0635,0.0316,0.1418,0.1079,0.9965,0.4276,7.9988,-0.6957
49.798,0.3697,0.0588,-0.0635,0.0405,0.1418,0.1079,0.9965,0.4365,7.9988,-0.6957
49.798,0.3834,0.0588,-0.0497,0.0405,0.1567,0.1079,1.0103,0.4365,7.9988,-0.6957
49.800,0.3834,0.0466,-0.0379,0.0405,0.1567,0.1057,1.0221,0.4365,7.9988,-0.6957
49.895,0.3834,0.0466,-0.0379,0.0310,0.1641,0.1119,1.0221,0.4270,8.0087,-0.6963
49.896,0.3898,0.0616,-0.0379,0.0405,0.1641,0.1119,1.0221,0.4365,8.0087,-0.6963
49.903,0.4008,0.0616,-0.0252,0.0405,0.1764,0.1119,1.0348,0.4365,8.0087,-0.6963
49.904,0.4008,0.0486,-0.0136,0.0405,0.1764,0.1089,1.0464,0.4365,8.0087,-0.6963
50.004,0.4008,0.0486,-0.0136,0.0405,0.1764,0.1089,1.0464,0.4365,8.0087,-0.6963
50.007,0.4008,0.0486,-0.0136,0.0310,0.1838,0.1150,1.0464,0.4270,8.0187,-0.6968
50.008,0.4064,0.0637,-0.0136,0.0400,0.1838,0.1150,1.0464,0.4360,8.0187,-0.6968
50.010,0.4157,0.0637,-0.0011,0.0400,0.1947,0.1150,1.0589,0.4360,8.0187,-0.6968
50.011,0.4157,0.0492,0.0087,0.0400,0.1947,0.1099,1.0687,0.4360,8.0187,-0.6968
50.107,0.4157,0.0492,0.0087,0.0304,0.2021,0.1159,1.0687,0.4264,8.0286,-0.6973
50.107,0.4200,0.0642,0.0087,0.0386,0.2021,0.1159,1.0687,0.4346,8.0286,-0.6973
50.107,0.4286,0.0642,0.0222,0.0386,0.2127,0.1159,1.0822,0.4346,8.0286,-0.6973
50.108,0.4286,0.0492,0.0302,0.0386,0.2127,0.1095,1.0902,0.4346,8.0286,-0.6973
50.207,0.4286,0.0492,0.0302,0.0290,0.2201,0.1154,1.0902,0.4250,8.0386,-0.6978
50.209,0.4326,0.0643,0.0302,0.0370,0.2201,0.1154,1.0902,0.4330,8.0386,-0.6978
50.211,0.4404,0.0643,0.0449,0.0370,0.2304,0.1154,1.1049,0.4330,8.0386,-0.6978
50.212,0.4404,0.0498,0.0532,0.0370,0.2304,0.1096,1.1098,0.4330,8.0386,-0.6978
50.288,0.4404,0.0498,0.0532,0.0274,0.2378,0.1154,1.1098,0.4234,8.0485,-0.6984
50.289,0.4444,0.0651,0.0532,0.0356,0.2378,0.1154,1.1132,0.4316,8.0485,-0.6984
50.293,0.4505,0.0651,0.0683,0.0356,0.2469,0.1154,1.1251,0.4316,8.0485,-0.6984
50.294,0.4505,0.0507,0.0777,0.0356,0.2469,0.1102,1.1107,0.4316,8.0485,-0.6984
50.394,0.4505,0.0507,0.0777,0.0356,0.2469,0.1102,1.1107,0.4316,8.0485,-0.6984
50.400,0.4505,0.0507,0.0777,0.0259,0.2542,0.1159,1.1107,0.4219,8.0585,-0.6989
50.400,0.4545,0.0663,0.0777,0.0345,0.2542,0.1159,1.1263,0.4305,8.0585,-0.6989
50.401,0.4585,0.0663,0.0920,0.0345,0.2616,0.1159,1.1263,0.4305,8.0585,-0.6989
50.402,0.4585,0.0511,0.1012,0.0345,0.2616,0.1101,1.1111,0.4305,8.0585,-0.6989
50.502,0.4585,0.0511,0.1012,0.0345,0.2616,0.1101,1.1111,0.4305,8.0585,-0.6989
50.509,0.4585,0.0511,0.1012,0.0248,0.2689,0.1158,1.1111,0.4208,8.0684,-0.6994
50.511,0.4619,0.0669,0.1012,0.0331,0.2689,0.1158,1.1269,0.4291,8.0684,-0.6994
50.512,0.4642,0.0669,0.1144,0.0331,0.2747,0.1158,1.1269,0.4291,8.0684,-0.6994
50.513,0.4642,0.0509,0.1213,0.0331,0.2747,0.1081,1.1109,0.4291,8.0684,-0.6994
50.603,0.4642,0.0509,0.1213,0.0234,0.2819,0.1137,1.1109,0.4194,8.0784,-0.6999
50.605,0.4667,0.0667,0.1213,0.0312,0.2819,0.1137,1.1267,0.4272,8.0784,-0.6999
50.607,0.4673,0.0667,0.1338,0.0312,0.2863,0.1137,1.1267,0.4272,8.0784,-0.6999
50.608,0.4673,0.0505,0.1368,0.0312,0.2863,0.1038,1.1105,0.4272,8.0784,-0.6999
50.693,0.4673,0.0505,0.1368,0.0214,0.2935,0.1094,1.1105,0.4174,8.0883,-0.7004
50.694,0.4690,0.0658,0.1368,0.0287,0.2935,0.1094,1.1258,0.4247,8.0883,-0.7004
50.696,0.4682,0.0658,0.1491,0.0287,0.2969,0.1094,1.1258,0.4247,8.0883,-0.7004
50.697,0.4682,0.0501,0.1500,0.0287,0.2969,0.0987,1.1101,0.4247,8.0883,-0.7004
50.780,0.4682,0.0501,0.1500,0.0189,0.3040,0.1041,1.1101,0.4149,8.0982,-0.7010
50.781,0.4693,0.0649,0.1500,0.0257,0.3040,0.1041,1.1249,0.4217,8.0982,-0.7010
50.783,0.4679,0.0649,0.1618,0.0257,0.3070,0.1041,1.1249,0.4217,8.0982,-0.7010
50.785,0.4679,0.0494,0.1629,0.0257,0.3070,0.0937,1.1094,0.4217,8.0982,-0.7010
50.885,0.4679,0.0494,0.1629,0.0257,0.3070,0.0937,1.1094,0.4217,8.0982,-0.7010
50.892,0.4679,0.0494,0.1629,0.0159,0.3140,0.0992,1.1094,0.4119,8.1082,-0.7015
50.896,0.4688,0.0639,0.1629,0.0228,0.3140,0.0992,1.1239,0.4188,8.1082,-0.7015
50.898,0.4674,0.0639,0.1741,0.0228,0.3169,0.0992,1.1239,0.4188,8.1082,-0.7015
50.900,0.4674,0.0481,0.1759,0.0228,0.3169,0.0888,1.1081,0.4188,8.1082,-0.7015
50.995,0.4674,0.0481,0.1759,0.0129,0.3239,0.0942,1.1081,0.4089,8.1181,-0.7020
50.998,0.4683,0.0627,0.1759,0.0200,0.3239,0.0942,1.1227,0.4160,8.1181,-0.7020
51.000,0.4670,0.0627,0.1866,0.0200,0.3268,0.0942,1.1227,0.4160,8.1181,-0.7020
51.001,0.4670,0.0462,0.1875,0.0200,0.3268,0.0829,1.1062,0.4160,8.1181,-0.7020
51.097,0.4670,0.0462,0.1875,0.0101,0.3338,0.0883,1.1062,0.4061,8.1281,-0.7025
51.099,0.4675,0.0606,0.1875,0.0170,0.3338,0.0883,1.1206,0.4130,8.1281,-0.7025
51.101,0.4661,0.0606,0.1978,0.0170,0.3366,0.0883,1.1206,0.4130,8.1281,-0.7025
51.105,0.4661,0.0438,0.1960,0.0170,0.3366,0.0753,1.1038,0.4130,8.1281,-0.7025
51.198,0.4661,0.0438,0.1960,0.0071,0.3435,0.0806,1.1038,0.4031,8.1380,-0.7030
51.200,0.4662,0.0580,0.1960,0.0139,0.3435,0.0806,1.1180,0.4099,8.1380,-0.7030
51.204,0.4645,0.0580,0.2060,0.0139,0.3461,0.0806,1.1180,0.4099,8.1380,-0.7030
51.206,0.4645,0.0407,0.2012,0.0139,0.3461,0.0657,1.1007,0.4099,8.1380,-0.7030
51.301,0.4645,0.0407,0.2012,0.0040,0.3530,0.0710,1.1007,0.4000,8.1480,-0.7036
51.303,0.4650,0.0544,0.2012,0.0110,0.3530,0.0710,1.1144,0.4070,8.1480,-0.7036
51.304,0.4631,0.0544,0.2111,0.0110,0.3556,0.0710,1.1144,0.4070,8.1480,-0.7036
51.306,0.4631,0.0373,0.2045,0.0110,0.3556,0.0552,1.0973,0.4070,8.1480,-0.7036
51.404,0.4631,0.0373,0.2045,0.0011,0.3624,0.0606,1.0973,0.3971,8.1579,-0.7041
51.406,0.4659,0.0513,0.2045,0.0098,0.3624,0.0606,1.1113,0.4058,8.1579,-0.7041
51.407,0.4638,0.0513,0.2146,0.0098,0.3650,0.0606,1.1113,0.4058,8.1579,-0.7041
51.410,0.4638,0.0350,0.2080,0.0098,0.3650,0.0454,1.0950,0.4058,8.1579,-0.7041
51.508,0.4638,0.0350,0.2080,-0.0001,0.3718,0.0507,1.0950,0.3959,8.1679,-0.7046
51.509,0.4712,0.0514,0.2080,0.0130,0.3718,0.0507,1.1114,0.4090,8.1679,-0.7046
51.511,0.4691,0.0514,0.2182,0.0130,0.3745,0.0507,1.1114,0.4090,8.1679,-0.7046
51.513,0.4691,0.0354,0.2137,0.0130,0.3745,0.0368,1.0954,0.4090,8.1679,-0.7046
51.613,0.4691,0.0354,0.2137,0.0030,0.3812,0.0421,1.0954,0.3990,8.1778,-0.7051
51.614,0.4811,0.0545,0.2137,0.0203,0.3812,0.0421,1.1145,0.4163,8.1778,-0.7051
51.617,0.4788,0.0545,0.2241,0.0203,0.3840,0.0421,1.1145,0.4163,8.1778,-0.7051
51.618,0.4788,0.0374,0.2213,0.0203,0.3840,0.0283,1.0974,0.4163,8.1778,-0.7051
51.718,0.4788,0.0374,0.2213,0.0203,0.3840,0.0283,1.0974,0.4163,8.1778,-0.7051
51.725,0.4788,0.0374,0.2213,0.0104,0.3907,0.0336,1.0974,0.4064,8.1878,-0.7056
51.727,0.4908,0.0562,0.2213,0.0276,0.3907,0.0336,1.1162,0.4236,8.1878,-0.7056
51.730,0.4883,0.0562,0.2318,0.0276,0.3935,0.0336,1.1162,0.4236,8.1878,-0.7056
51.732,0.4883,0.0386,0.2281,0.0276,0.3935,0.0190,1.0986,0.4150,8.1878,-0.7056
51.830,0.4883,0.0386,0.2281,0.0177,0.4001,0.0243,1.0986,0.4137,8.1977,-0.7061
51.832,0.4975,0.0551,0.2281,0.0321,0.4001,0.0243,1.1151,0.4204,8.1977,-0.7061
51.836,0.4945,0.0551,0.2386,0.0321,0.4027,0.0243,1.1151,0.4204,8.1977,-0.7061
51.839,0.4945,0.0385,0.2337,0.0321,0.4027,0.0097,1.0985,0.4057,8.1977,-0.7061
51.935,0.4945,0.0385,0.2337,0.0222,0.4093,0.0150,1.0985,0.4111,8.2077,-0.7067
51.937,0.5047,0.0552,0.2337,0.0374,0.4093,0.0150,1.1152,0.4111,8.2077,-0.7067
51.939,0.5014,0.0552,0.2442,0.0374,0.4118,0.0150,1.1152,0.4111,8.2077,-0.7067
51.941,0.5014,0.0392,0.2392,0.0374,0.4118,0.0008,1.0992,0.3968,8.2077,-0.7067
52.037,0.5014,0.0392,0.2392,0.0274,0.4183,0.0061,1.0992,0.4021,8.2176,-0.7072
52.039,0.5166,0.0583,0.2392,0.0470,0.4183,0.0061,1.1183,0.4021,8.2176,-0.7072
52.043,0.5130,0.0583,0.2496,0.0470,0.4207,0.0061,1.1183,0.4021,8.2176,-0.7072
52.045,0.5130,0.0420,0.2470,0.0470,0.4207,-0.0072,1.1020,0.3889,8.2176,-0.7072
52.145,0.5130,0.0420,0.2470,0.0470,0.4207,-0.0072,1.1020,0.3889,8.2176,-0.7072
52.175,0.5130,0.0420,0.2470,0.0370,0.4272,-0.0018,1.1020,0.3942,8.2275,-0.7077
52.176,0.5313,0.0621,0.2470,0.0588,0.4272,-0.0018,1.1221,0.3942,8.2275,-0.7077
52.177,0.5275,0.0621,0.2573,0.0588,0.4295,-0.0018,1.1221,0.3942,8.2275,-0.7077
52.178,0.5275,0.0448,0.2562,0.0588,0.4295,-0.0150,1.1048,0.3811,8.2275,-0.7077
52.279,0.5275,0.0448,0.2562,0.0588,0.4295,-0.0150,1.1048,0.3811,8.2275,-0.7077
52.296,0.5275,0.0448,0.2562,0.0488,0.4359,-0.0096,1.1048,0.3864,8.2375,-0.7082
52.298,0.5457,0.0636,0.2562,0.0699,0.4359,-0.0096,1.1236,0.3864,8.2375,-0.7082
52.299,0.5418,0.0636,0.2665,0.0699,0.4383,-0.0096,1.1236,0.3864,8.2375,-0.7082
52.301,0.5418,0.0461,0.2650,0.0699,0.4383,-0.0231,1.1061,0.3729,8.2375,-0.7082
52.383,0.5418,0.0461,0.2650,0.0599,0.4447,-0.0178,1.1061,0.3782,8.2474,-0.7087
52.385,0.5588,0.0633,0.2650,0.0793,0.4447,-0.0178,1.1233,0.3782,8.2474,-0.7087
52.386,0.5550,0.0633,0.2752,0.0793,0.4471,-0.0178,1.1233,0.3782,8.2474,-0.7087
52.387,0.5550,0.0469,0.2725,0.0793,0.4471,-0.0312,1.1069,0.3649,8.2474,-0.7087
52.467,0.5550,0.0469,0.2725,0.0694,0.4534,-0.0259,1.1069,0.3701,8.2574,-0.7092
52.469,0.5716,0.0636,0.2725,0.0883,0.4534,-0.0259,1.1236,0.3701,8.2574,-0.7092
52.471,0.5678,0.0636,0.2825,0.0883,0.4559,-0.0259,1.1236,0.3701,8.2574,-0.7092
52.473,0.5678,0.0474,0.2792,0.0883,0.4559,-0.0394,1.1074,0.3567,8.2574,-0.7092
52.563,0.5678,0.0474,0.2792,0.0783,0.4622,-0.0341,1.1074,0.3619,8.2673,-0.7097
52.565,0.5850,0.0644,0.2792,0.0977,0.4622,-0.0341,1.1244,0.3619,8.2673,-0.7097
52.567,0.5812,0.0644,0.2890,0.0977,0.4647,-0.0341,1.1244,0.3619,8.2673,-0.7097
52.569,0.5812,0.0470,0.2859,0.0977,0.4647,-0.0483,1.1070,0.3477,8.2673,-0.7097
52.657,0.5812,0.0470,0.2859,0.0878,0.4708,-0.0430,1.1070,0.3530,8.2773,-0.7103
52.658,0.5976,0.0632,0.2859,0.1062,0.4708,-0.0430,1.1232,0.3530,8.2773,-0.7103
52.660,0.5938,0.0632,0.2956,0.1062,0.4734,-0.0430,1.1232,0.3530,8.2773,-0.7103
52.662,0.5938,0.0451,0.2946,0.1062,0.4734,-0.0565,1.1051,0.3395,8.2773,-0.7103
52.751,0.5938,0.0451,0.2946,0.0963,0.4795,-0.0513,1.1051,0.3447,8.2872,-0.7108
52.755,0.6080,0.0594,0.2946,0.1124,0.4795,-0.0513,1.1194,0.3447,8.2872,-0.7108
52.756,0.6042,0.0594,0.3042,0.1124,0.4820,-0.0513,1.1194,0.3447,8.2872,-0.7108
52.758,0.6042,0.0413,0.3057,0.1124,0.4820,-0.0634,1.1013,0.3326,8.2872,-0.7108
52.861,0.6042,0.0413,0.3057,0.1124,0.4820,-0.0634,1.1013,0.3326,8.2872,-0.7108
52.892,0.6042,0.0413,0.3057,0.1025,0.4881,-0.0582,1.1013,0.3378,8.2972,-0.7113
52.894,0.6161,0.0533,0.3057,0.1161,0.4881,-0.0582,1.1133,0.3378,8.2972,-0.7113
52.896,0.6121,0.0533,0.3152,0.1161,0.4906,-0.0582,1.1133,0.3378,8.2972,-0.7113
52.898,0.6121,0.0359,0.3178,0.1161,0.4906,-0.0691,1.0959,0.3269,8.2972,-0.7113
52.982,0.6121,0.0359,0.3178,0.1061,0.4966,-0.0641,1.0959,0.3320,8.3071,-0.7118
52.998,0.6225,0.0464,0.3178,0.1180,0.4966,-0.0641,1.1064,0.3320,8.3071,-0.7118
52.999,0.6184,0.0464,0.3273,0.1180,0.4990,-0.0641,1.1064,0.3320,8.3071,-0.7118
53.000,0.6184,0.0297,0.3295,0.1180,0.4990,-0.0745,1.0897,0.3215,8.3071,-0.7118
53.101,0.6184,0.0297,0.3295,0.1180,0.4990,-0.0745,1.0897,0.3215,8.3071,-0.7118
53.104,0.6184,0.0297,0.3295,0.1081,0.5050,-0.0695,1.0897,0.3265,8.3171,-0.7123
53.130,0.6281,0.0393,0.3295,0.1191,0.5050,-0.0695,1.0993,0.3265,8.3171,-0.7123
53.131,0.6240,0.0393,0.3390,0.1191,0.5075,-0.0695,1.0993,0.3265,8.3171,-0.7123
53.133,0.6240,0.0230,0.3410,0.1191,0.5075,-0.0797,1.0830,0.3163,8.3171,-0.7123
53.216,0.6240,0.0230,0.3410,0.1092,0.5134,-0.0748,1.0830,0.3213,8.3270,-0.7128
53.238,0.6338,0.0315,0.3410,0.1195,0.5134,-0.0748,1.0915,0.3213,8.3270,-0.7128
53.238,0.6297,0.0315,0.3505,0.1195,0.5161,-0.0748,1.0915,0.3213,8.3270,-0.7128
53.238,0.6297,0.0144,0.3543,0.1195,0.5161,-0.0844,1.0744,0.3116,8.3270,-0.7128
53.339,0.6297,0.0144,0.3543,0.1195,0.5161,-0.0844,1.0744,0.3116,8.3270,-0.7128
53.353,0.6297,0.0144,0.3543,0.1096,0.5220,-0.0796,1.0744,0.3165,8.3370,-0.7133
53.354,0.6397,0.0209,0.3543,0.1189,0.5220,-0.0796,1.0809,0.3165,8.3370,-0.7133
53.354,0.6358,0.0209,0.3640,0.1189,0.5249,-0.0796,1.0809,0.3165,8.3370,-0.7133
53.354,0.6358,0.0026,0.3714,0.1189,0.5249,-0.0878,1.0626,0.3083,8.3370,-0.7133
53.429,0.6358,0.0026,0.3714,0.1089,0.5307,-0.0830,1.0626,0.3130,8.3469,-0.7139
53.430,0.6440,0.0059,0.3714,0.1154,0.5307,-0.0830,1.0659,0.3130,8.3469,-0.7139
53.431,0.6403,0.0059,0.3812,0.1154,0.5339,-0.0830,1.0659,0.3130,8.3469,-0.7139
53.431,0.6403,-0.0115,0.3917,0.1154,0.5339,-0.0884,1.0485,0.3076,8.3469,-0.7139
53.494,0.6403,-0.0115,0.3917,0.1054,0.5396,-0.0838,1.0485,0.3122,8.3568,-0.7144
53.495,0.6424,-0.0128,0.3917,0.1058,0.5396,-0.0838,1.0472,0.3122,8.3568,-0.7144
53.497,0.6389,-0.0128,0.4016,0.1058,0.5430,-0.0838,1.0472,0.3122,8.3568,-0.7144
53.497,0.6389,-0.0266,0.4148,0.1058,0.5430,-0.0850,1.0334,0.3110,8.3568,-0.7144
53.570,0.6389,-0.0266,0.4148,0.0959,0.5487,-0.0805,1.0334,0.3155,8.3668,-0.7149
53.572,0.6348,-0.0314,0.4148,0.0907,0.5487,-0.0805,1.0286,0.3155,8.3668,-0.7149
53.574,0.6316,-0.0314,0.4247,0.0907,0.5523,-0.0805,1.0286,0.3155,8.3668,-0.7149
53.575,0.6316,-0.0402,0.4398,0.0907,0.5523,-0.0770,1.0198,0.3190,8.3668,-0.7149
53.648,0.6316,-0.0402,0.4398,0.0808,0.5579,-0.0727,1.0198,0.3233,8.3767,-0.7154
53.649,0.6253,-0.0464,0.4398,0.0735,0.5579,-0.0727,1.0136,0.3233,8.3767,-0.7154
53.650,0.6222,-0.0464,0.4496,0.0735,0.5615,-0.0727,1.0136,0.3233,8.3767,-0.7154
53.651,0.6222,-0.0514,0.4658,0.0735,0.5615,-0.0660,1.0086,0.3300,8.3767,-0.7154
53.725,0.6222,-0.0514,0.4658,0.0635,0.5670,-0.0617,1.0086,0.3343,8.3867,-0.7159
53.727,0.6190,-0.0561,0.4658,0.0588,0.5670,-0.0617,1.0039,0.3343,8.3867,-0.7159
53.729,0.6161,-0.0561,0.4756,0.0588,0.5707,-0.0617,1.0039,0.3343,8.3867,-0.7159
53.730,0.6161,-0.0613,0.4913,0.0588,0.5707,-0.0553,0.9987,0.3407,8.3867,-0.7159
53.824,0.6161,-0.0613,0.4913,0.0489,0.5762,-0.0512,0.9987,0.3449,8.3966,-0.7164
53.826,0.6151,-0.0662,0.4913,0.0453,0.5762,-0.0512,0.9938,0.3449,8.3966,-0.7164
53.827,0.6123,-0.0662,0.5011,0.0453,0.5799,-0.0512,0.9938,0.3449,8.3966,-0.7164
53.828,0.6123,-0.0728,0.5169,0.0453,0.5799,-0.0456,0.9872,0.3504,8.3966,-0.7164
53.920,0.6123,-0.0728,0.5169,0.0354,0.5854,-0.0416,0.9872,0.3544,8.4066,-0.7169
53.921,0.6074,-0.0820,0.5169,0.0269,0.5854,-0.0416,0.9780,0.3544,8.4066,-0.7169
53.923,0.6048,-0.0820,0.5267,0.0269,0.5893,-0.0416,0.9780,0.3544,8.4066,-0.7169
53.925,0.6048,-0.0875,0.5434,0.0269,0.5893,-0.0347,0.9725,0.3613,8.4066,-0.7169
54.023,0.6048,-0.0875,0.5434,0.0170,0.5946,-0.0307,0.9725,0.3653,8.4165,-0.7175
54.024,0.5917,-0.1007,0.5434,0.0011,0.5946,-0.0307,0.9593,0.3653,8.4165,-0.7175
54.026,0.5894,-0.1007,0.5533,0.0011,0.5987,-0.0307,0.9593,0.3653,8.4165,-0.7175
54.028,0.5894,-0.1004,0.5719,0.0011,0.5987,-0.0191,0.9596,0.3769,8.4165,-0.7175
54.113,0.5894,-0.1004,0.5719,-0.0088,0.6040,-0.0152,0.9596,0.3808,8.4265,-0.7180
54.114,0.5719,-0.1117,0.5719,-0.0264,0.6040,-0.0152,0.9483,0.3696,8.4265,-0.7180
54.116,0.5699,-0.1117,0.5819,-0.0264,0.6082,-0.0152,0.9483,0.3696,8.4265,-0.7180
54.118,0.5699,-0.1052,0.6000,-0.0264,0.6082,-0.0003,0.9548,0.3696,8.4265,-0.7180
54.203,0.5699,-0.1052,0.6000,-0.0364,0.6134,0.0036,0.9548,0.3596,8.4364,-0.7185
54.218,0.5525,-0.1127,0.6000,-0.0518,0.6134,0.0036,0.9473,0.3442,8.4364,-0.7185
54.218,0.5507,-0.1127,0.6102,-0.0518,0.6178,0.0036,0.9473,0.3442,8.4364,-0.7185
54.218,0.5507,-0.1047,0.6254,-0.0518,0.6178,0.0175,0.9553,0.3442,8.4364,-0.7185
54.319,0.5507,-0.1047,0.6254,-0.0518,0.6178,0.0175,0.9553,0.3442,8.4364,-0.7185
54.324,0.5507,-0.1047,0.6254,-0.0617,0.6230,0.0214,0.9553,0.3343,8.4464,-0.7190
54.341,0.5345,-0.1106,0.6254,-0.0755,0.6230,0.0214,0.9494,0.3205,8.4464,-0.7190
54.342,0.5330,-0.1106,0.6358,-0.0755,0.6276,0.0214,0.9494,0.3205,8.4464,-0.7190
54.342,0.5330,-0.1033,0.6489,-0.0755,0.6276,0.0336,0.9567,0.3205,8.4464,-0.7190
54.425,0.5330,-0.1033,0.6489,-0.0855,0.6328,0.0375,0.9567,0.3105,8.4563,-0.7195
54.440,0.5170,-0.1085,0.6489,-0.0987,0.6328,0.0375,0.9515,0.2973,8.4563,-0.7195
54.440,0.5157,-0.1085,0.6596,-0.0987,0.6375,0.0375,0.9515,0.2973,8.4563,-0.7195
54.441,0.5157,-0.1009,0.6723,-0.0987,0.6375,0.0494,0.9591,0.2973,8.4563,-0.7195
54.538,0.5157,-0.1009,0.6723,-0.1087,0.6426,0.0534,0.9591,0.2873,8.4663,-0.7200
54.566,0.4984,-0.1037,0.6723,-0.1213,0.6426,0.0534,0.9563,0.2747,8.4663,-0.7200
54.568,0.4973,-0.1037,0.6831,-0.1213,0.6475,0.0534,0.9563,0.2747,8.4663,-0.7200
54.569,0.4973,-0.0939,0.6958,-0.1213,0.6475,0.0665,0.9661,0.2747,8.4663,-0.7200
54.668,0.4973,-0.0939,0.6958,-0.1312,0.6526,0.0705,0.9661,0.2648,8.4762,-0.7205
54.670,0.4802,-0.0919,0.6958,-0.1404,0.6526,0.0705,0.9681,0.2556,8.4762,-0.7205
54.672,0.4792,-0.0919,0.7068,-0.1404,0.6577,0.0705,0.9681,0.2556,8.4762,-0.7205
54.674,0.4792,-0.0795,0.7177,-0.1404,0.6577,0.0841,0.9805,0.2556,8.4762,-0.7205
54.760,0.4792,-0.0795,0.7177,-0.1504,0.6627,0.0882,0.9805,0.2456,8.4861,-0.7211
54.763,0.4655,-0.0731,0.7177,-0.1544,0.6627,0.0882,0.9869,0.2416,8.4861,-0.7211
54.765,0.4647,-0.0731,0.7290,-0.1544,0.6680,0.0882,0.9869,0.2416,8.4861,-0.7211
54.773,0.4647,-0.0602,0.7361,-0.1544,0.6680,0.1002,0.9998,0.2416,8.4861,-0.7211
54.873,0.4647,-0.0602,0.7361,-0.1643,0.6729,0.1044,0.9998,0.2317,8.4961,-0.7216
54.875,0.4541,-0.0521,0.7361,-0.1649,0.6729,0.1044,1.0079,0.2311,8.4961,-0.7216
54.876,0.4535,-0.0521,0.7477,-0.1649,0.6785,0.1044,1.0079,0.2311,8.4961,-0.7216
54.878,0.4535,-0.0407,0.7525,-0.1649,0.6785,0.1143,1.0193,0.2311,8.4961,-0.7216
54.968,0.4535,-0.0407,0.7525,-0.1749,0.6834,0.1186,1.0193,0.2211,8.5060,-0.7221
54.969,0.4436,-0.0317,0.7525,-0.1741,0.6834,0.1186,1.0283,0.2219,8.5060,-0.7221
54.971,0.4432,-0.0317,0.7644,-0.1741,0.6891,0.1186,1.0283,0.2219,8.5060,-0.7221
54.973,0.4432,-0.0217,0.7685,-0.1741,0.6891,0.1272,1.0383,0.2219,8.5060,-0.7221
55.061,0.4432,-0.0217,0.7685,-0.1840,0.6940,0.1317,1.0383,0.2120,8.5160,-0.7226
55.079,0.4338,-0.0107,0.7685,-0.1812,0.6940,0.1317,1.0493,0.2148,8.5160,-0.7226
55.080,0.4334,-0.0107,0.7805,-0.1812,0.6998,0.1317,1.0493,0.2148,8.5160,-0.7226
55.080,0.4334,-0.0008,0.7834,-0.1812,0.6998,0.1397,1.0592,0.2148,8.5160,-0.7226
55.174,0.4334,-0.0008,0.7834,-0.1911,0.7046,0.1444,1.0592,0.2049,8.5259,-0.7231
55.176,0.4262,0.0126,0.7834,-0.1848,0.7046,0.1444,1.0726,0.2112,8.5259,-0.7231
55.178,0.4258,0.0126,0.7955,-0.1848,0.7105,0.1444,1.0726,0.2112,8.5259,-0.7231
55.179,0.4258,0.0237,0.7958,-0.1848,0.7105,0.1521,1.0837,0.2112,8.5259,-0.7231
55.264,0.4258,0.0237,0.7958,-0.1947,0.7152,0.1570,1.0837,0.2013,8.5359,-0.7236
55.281,0.4203,0.0381,0.7958,-0.1865,0.7152,0.1570,1.0981,0.2095,8.5359,-0.7236
55.282,0.4199,0.0381,0.8080,-0.1865,0.7212,0.1570,1.0981,0.2095,8.5359,-0.7236
55.282,0.4199,0.0496,0.8054,-0.1865,0.7212,0.1640,1.1096,0.2095,8.5359,-0.7236
55.371,0.4199,0.0496,0.8054,-0.1963,0.7259,0.1690,1.1096,0.1997,8.5458,-0.7241
55.385,0.4150,0.0638,0.8054,-0.1875,0.7259,0.1690,1.1238,0.2085,8.5458,-0.7241
55.387,0.4148,0.0638,0.8179,-0.1875,0.7320,0.1690,1.1238,0.2085,8.5458,-0.7241
55.388,0.4148,0.0736,0.8130,-0.1875,0.7320,0.1740,1.1336,0.2085,8.5458,-0.7241
55.481,0.4148,0.0736,0.8130,-0.1973,0.7367,0.1792,1.1336,0.1987,8.5558,-0.7246
55.482,0.4109,0.0880,0.8130,-0.1876,0.7367,0.1792,1.1480,0.2084,8.5558,-0.7246
55.483,0.4109,0.0880,0.8257,-0.1876,0.7431,0.1792,1.1480,0.2084,8.5558,-0.7246
55.483,0.4109,0.0945,0.8190,-0.1876,0.7431,0.1815,1.1545,0.2084,8.5558,-0.7246
55.554,0.4109,0.0945,0.8190,-0.1974,0.7476,0.1869,1.1545,0.1986,8.5657,-0.7251
55.555,0.4092,0.1097,0.8190,-0.1857,0.7476,0.1869,1.1697,0.2103,8.5657,-0.7251
55.556,0.4092,0.1097,0.8320,-0.1857,0.7541,0.1869,1.1697,0.2103,8.5657,-0.7251
55.557,0.4092,0.1136,0.8234,-0.1857,0.7541,0.1867,1.1736,0.2103,8.5657,-0.7251
55.658,0.4092,0.1136,0.8234,-0.1857,0.7541,0.1867,1.1736,0.2103,8.5657,-0.7251
55.660,0.4092,0.1136,0.8234,-0.1955,0.7587,0.1923,1.1736,0.2005,8.5757,-0.7257
55.673,0.4097,0.1295,0.8234,-0.1820,0.7587,0.1923,1.1895,0.2140,8.5757,-0.7257
55.674,0.4095,0.1295,0.8363,-0.1820,0.7651,0.1923,1.1895,0.2140,8.5757,-0.7257
55.675,0.4095,0.1323,0.8263,-0.1820,0.7651,0.1910,1.1923,0.2140,8.5757,-0.7257
55.759,0.4095,0.1323,0.8263,-0.1917,0.7696,0.1967,1.1923,0.2043,8.5856,-0.7262
55.765,0.4110,0.1483,0.8263,-0.1776,0.7696,0.1967,1.2083,0.2184,8.5856,-0.7262
55.766,0.4106,0.1483,0.8393,-0.1776,0.7759,0.1967,1.2083,0.2184,8.5856,-0.7262
55.766,0.4106,0.1500,0.8279,-0.1776,0.7759,0.1942,1.2100,0.2184,8.5856,-0.7262
55.837,0.4106,0.1500,0.8279,-0.1872,0.7804,0.2001,1.2100,0.2088,8.5955,-0.7267
55.837,0.4108,0.1654,0.8279,-0.1740,0.7804,0.2001,1.2254,0.2220,8.5955,-0.7267
55.839,0.4106,0.1654,0.8411,-0.1740,0.7869,0.2001,1.2254,0.2220,8.5955,-0.7267
55.840,0.4106,0.1641,0.8275,-0.1740,0.7869,0.1948,1.2241,0.2220,8.5955,-0.7267
55.918,0.4106,0.1641,0.8275,-0.1837,0.7913,0.2009,1.2241,0.2123,8.6055,-0.7272
55.918,0.4097,0.1788,0.8275,-0.1713,0.7913,0.2009,1.2388,0.2247,8.6055,-0.7272
55.918,0.4098,0.1788,0.8411,-0.1713,0.7982,0.2009,1.2388,0.2247,8.6055,-0.7272
55.919,0.4098,0.1744,0.8259,-0.1713,0.7982,0.1928,1.2344,0.2247,8.6055,-0.7272
56.005,0.4098,0.1744,0.8259,-0.1808,0.8026,0.1991,1.2344,0.2152,8.6154,-0.7277
56.007,0.4098,0.1894,0.8259,-0.1678,0.8026,0.1991,1.2494,0.2282,8.6154,-0.7277
56.008,0.4101,0.1894,0.8398,-0.1678,0.8098,0.1991,1.2494,0.2282,8.6154,-0.7277
56.010,0.4101,0.1838,0.8249,-0.1678,0.8098,0.1904,1.2438,0.2282,8.6154,-0.7277
56.087,0.4101,0.1838,0.8249,-0.1773,0.8141,0.1968,1.2438,0.2187,8.6254,-0.7282
56.088,0.4118,0.1998,0.8249,-0.1626,0.8141,0.1968,1.2598,0.2334,8.6254,-0.7282
56.090,0.4120,0.1998,0.8387,-0.1626,0.8212,0.1968,1.2598,0.2334,8.6254,-0.7282
56.092,0.4120,0.1931,0.8237,-0.1626,0.8212,0.1873,1.2531,0.2334,8.6254,-0.7282
56.190,0.4120,0.1931,0.8237,-0.1721,0.8255,0.1938,1.2531,0.2239,8.6353,-0.7287
56.193,0.4150,0.2098,0.8237,-0.1563,0.8255,0.1938,1.2698,0.2397,8.6353,-0.7287
56.195,0.4150,0.2098,0.8375,-0.1563,0.8325,0.1938,1.2698,0.2397,8.6353,-0.7287
56.196,0.4150,0.2014,0.8218,-0.1563,0.8325,0.1829,1.2614,0.2397,8.6353,-0.7287
56.287,0.4150,0.2014,0.8218,-0.1658,0.8367,0.1896,1.2614,0.2302,8.6453,-0.7292
56.289,0.4178,0.2180,0.8218,-0.1501,0.8367,0.1896,1.2780,0.2459,8.6453,-0.7292
56.292,0.4179,0.2180,0.8357,-0.1501,0.8439,0.1896,1.2780,0.2459,8.6453,-0.7292
56.295,0.4179,0.2076,0.8193,-0.1501,0.8439,0.1769,1.2676,0.2459,8.6453,-0.7292
56.395,0.4179,0.2076,0.8193,-0.1501,0.8439,0.1769,1.2676,0.2459,8.6453,-0.7292
56.399,0.4179,0.2076,0.8193,-0.1595,0.8481,0.1837,1.2676,0.2365,8.6552,-0.7297
56.404,0.4206,0.2243,0.8193,-0.1436,0.8481,0.1837,1.2843,0.2524,8.6552,-0.7297
56.407,0.4209,0.2243,0.8334,-0.1436,0.8555,0.1837,1.2843,0.2524,8.6552,-0.7297
56.409,0.4209,0.2123,0.8167,-0.1436,0.8555,0.1696,1.2723,0.2524,8.6552,-0.7297
56.509,0.4209,0.2123,0.8167,-0.1436,0.8555,0.1696,1.2723,0.2524,8.6552,-0.7297
56.552,0.4209,0.2123,0.8167,-0.1530,0.8596,0.1766,1.2723,0.2430,8.6652,-0.7303
56.554,0.4247,0.2299,0.8167,-0.1359,0.8596,0.1766,1.2899,0.2601,8.6652,-0.7303
56.555,0.4248,0.2299,0.8306,-0.1359,0.8669,0.1766,1.2899,0.2601,8.6652,-0.7303
56.555,0.4248,0.2172,0.8145,-0.1359,0.8669,0.1622,1.2772,0.2601,8.6652,-0.7303
56.638,0.4248,0.2172,0.8145,-0.1453,0.8710,0.1692,1.2772,0.2507,8.6751,-0.7308
56.638,0.4298,0.2356,0.8145,-0.1271,0.8710,0.1692,1.2956,0.2689,8.6751,-0.7308
56.639,0.4281,0.2356,0.8274,-0.1271,0.8767,0.1692,1.2956,0.2689,8.6751,-0.7308
56.639,0.4281,0.2230,0.8122,-0.1271,0.8767,0.1551,1.2830,0.2689,8.6751,-0.7308
56.709,0.4281,0.2230,0.8122,-0.1364,0.8808,0.1622,1.2830,0.2596,8.6851,-0.7313
56.710,0.4345,0.2418,0.8122,-0.1175,0.8808,0.1622,1.3018,0.2785,8.6851,-0.7313
56.710,0.4310,0.2418,0.8240,-0.1175,0.8850,0.1622,1.3018,0.2785,8.6851,-0.7313
56.710,0.4310,0.2291,0.8095,-0.1175,0.8850,0.1481,1.2891,0.2785,8.6851,-0.7313
56.781,0.4310,0.2291,0.8095,-0.1268,0.8890,0.1553,1.2891,0.2692,8.6950,-0.7318
56.783,0.4385,0.2475,0.8095,-0.1081,0.8890,0.1553,1.3075,0.2879,8.6950,-0.7318
56.785,0.4350,0.2475,0.8207,-0.1081,0.8930,0.1553,1.3075,0.2879,8.6950,-0.7318
56.787,0.4350,0.2344,0.8064,-0.1081,0.8930,0.1411,1.2944,0.2879,8.6950,-0.7318
56.892,0.4350,0.2344,0.8064,-0.1173,0.8969,0.1484,1.2944,0.2787,8.7050,-0.7323
56.892,0.4432,0.2524,0.8064,-0.0988,0.8969,0.1484,1.3124,0.2972,8.7050,-0.7323
56.892,0.4399,0.2524,0.8172,-0.0988,0.9009,0.1484,1.3124,0.2972,8.7050,-0.7323
56.892,0.4399,0.2524,0.8172,-0.0988,0.9009,0.1484,1.3124,0.2972,8.7050,-0.7323
56.893,0.4399,0.2390,0.8029,-0.0988,0.9009,0.1339,1.2990,0.2972,8.7050,-0.7323
56.988,0.4399,0.2390,0.8029,-0.1080,0.9048,0.1413,1.2990,0.2880,8.7149,-0.7328
56.988,0.4481,0.2567,0.8029,-0.0899,0.9048,0.1413,1.3167,0.3061,8.7149,-0.7328
56.989,0.4441,0.2567,0.8129,-0.0899,0.9079,0.1413,1.3167,0.3061,8.7149,-0.7328
56.992,0.4441,0.2431,0.7986,-0.0899,0.9079,0.1267,1.3031,0.3061,8.7149,-0.7328
57.089,0.4441,0.2431,0.7986,-0.0991,0.9117,0.1342,1.3031,0.2969,8.7249,-0.7333
57.089,0.4519,0.2605,0.7986,-0.0813,0.9117,0.1342,1.3205,0.3147,8.7249,-0.7333
57.092,0.4457,0.2605,0.8066,-0.0813,0.9127,0.1342,1.3205,0.3147,8.7249,-0.7333
57.093,0.4457,0.2468,0.7926,-0.0813,0.9127,0.1195,1.3068,0.3147,8.7249,-0.7333
57.184,0.4457,0.2468,0.7926,-0.0905,0.9165,0.1271,1.3068,0.3055,8.7348,-0.7338
57.184,0.4537,0.2636,0.7926,-0.0732,0.9165,0.1271,1.3236,0.3228,8.7348,-0.7338
57.186,0.4450,0.2636,0.7980,-0.0732,0.9146,0.1271,1.3236,0.3228,8.7348,-0.7338
57.188,0.4450,0.2496,0.7842,-0.0732,0.9146,0.1122,1.3096,0.3228,8.7348,-0.7338
57.288,0.4450,0.2496,0.7842,-0.0732,0.9146,0.1122,1.3096,0.3228,8.7348,-0.7338
57.306,0.4450,0.2496,0.7842,-0.0824,0.9183,0.1198,1.3096,0.3136,8.7447,-0.7343
57.308,0.4546,0.2656,0.7842,-0.0656,0.9183,0.1198,1.3256,0.3304,8.7447,-0.7343
57.309,0.4442,0.2656,0.7876,-0.0656,0.9145,0.1198,1.3256,0.3304,8.7447,-0.7343
57.310,0.4442,0.2511,0.7739,-0.0656,0.9145,0.1045,1.3111,0.3304,8.7447,-0.7343
57.399,0.4442,0.2511,0.7739,-0.0748,0.9182,0.1122,1.3111,0.3212,8.7547,-0.7348
57.400,0.4563,0.2662,0.7739,-0.0586,0.9182,0.1122,1.3262,0.3374,8.7547,-0.7348
57.400,0.4453,0.2662,0.7760,-0.0586,0.9134,0.1122,1.3262,0.3374,8.7547,-0.7348
57.401,0.4453,0.2512,0.7620,-0.0586,0.9134,0.0964,1.3112,0.3374,8.7547,-0.7348
57.488,0.4453,0.2512,0.7620,-0.0678,0.9171,0.1042,1.3112,0.3282,8.7646,-0.7354
57.489,0.4594,0.2653,0.7620,-0.0522,0.9171,0.1042,1.3253,0.3438,8.7646,-0.7354
57.490,0.4476,0.2653,0.7626,-0.0522,0.9110,0.1042,1.3253,0.3438,8.7646,-0.7354
57.490,0.4476,0.2500,0.7484,-0.0522,0.9110,0.0881,1.3100,0.3438,8.7646,-0.7354
57.583,0.4476,0.2500,0.7484,-0.0614,0.9147,0.0959,1.3100,0.3346,8.7746,-0.7359
57.594,0.4624,0.2636,0.7484,-0.0462,0.9147,0.0959,1.3236,0.3498,8.7746,-0.7359
57.595,0.4495,0.2636,0.7476,-0.0462,0.9072,0.0959,1.3236,0.3498,8.7746,-0.7359
57.596,0.4495,0.2481,0.7331,-0.0462,0.9072,0.0796,1.3081,0.3498,8.7746,-0.7359
57.690,0.4495,0.2481,0.7331,-0.0554,0.9108,0.0875,1.3081,0.3406,8.7845,-0.7364
57.691,0.4630,0.2614,0.7331,-0.0408,0.9108,0.0875,1.3214,0.3552,8.7845,-0.7364
57.693,0.4494,0.2614,0.7313,-0.0408,0.9024,0.0875,1.3214,0.3552,8.7845,-0.7364
57.693,0.4494,0.2457,0.7168,-0.0408,0.9024,0.0710,1.3057,0.3552,8.7845,-0.7364
57.789,0.4494,0.2457,0.7168,-0.0500,0.9060,0.0789,1.3057,0.3460,8.7945,-0.7369
57.791,0.4624,0.2583,0.7168,-0.0361,0.9060,0.0789,1.3183,0.3599,8.7945,-0.7369
57.793,0.4481,0.2583,0.7140,-0.0361,0.8968,0.0789,1.3183,0.3599,8.7945,-0.7369
57.794,0.4481,0.2424,0.6994,-0.0361,0.8968,0.0622,1.3024,0.3599,8.7945,-0.7369
57.895,0.4481,0.2424,0.6994,-0.0361,0.8968,0.0622,1.3024,0.3599,8.7945,-0.7369
57.897,0.4481,0.2424,0.6994,-0.0454,0.9003,0.0703,1.3024,0.3506,8.8044,-0.7374
57.899,0.4629,0.2543,0.6994,-0.0320,0.9003,0.0703,1.3143,0.3640,8.8044,-0.7374
57.901,0.4479,0.2543,0.6955,-0.0320,0.8901,0.0703,1.3143,0.3640,8.8044,-0.7374
57.902,0.4479,0.2381,0.6809,-0.0320,0.8901,0.0533,1.2981,0.3640,8.8044,-0.7374
57.991,0.4479,0.2381,0.6809,-0.0413,0.8936,0.0614,1.2981,0.3547,8.8144,-0.7379
57.992,0.4664,0.2495,0.6809,-0.0279,0.8936,0.0614,1.3095,0.3681,8.8144,-0.7379
57.993,0.4506,0.2495,0.6758,-0.0279,0.8822,0.0614,1.3095,0.3681,8.8144,-0.7379
57.994,0.4506,0.2331,0.6611,-0.0279,0.8822,0.0442,1.2931,0.3681,8.8144,-0.7379
58.083,0.4506,0.2331,0.6611,-0.0373,0.8858,0.0524,1.2931,0.3587,8.8243,-0.7384
58.084,0.4714,0.2437,0.6611,-0.0242,0.8858,0.0524,1.3037,0.3718,8.8243,-0.7384
58.085,0.4548,0.2437,0.6549,-0.0242,0.8733,0.0524,1.3037,0.3718,8.8243,-0.7384
58.087,0.4548,0.2273,0.6403,-0.0242,0.8733,0.0352,1.2873,0.3718,8.8243,-0.7384
58.187,0.4548,0.2273,0.6403,-0.0242,0.8733,0.0352,1.2873,0.3718,8.8243,-0.7384
58.197,0.4548,0.2273,0.6403,-0.0336,0.8769,0.0434,1.2873,0.3624,8.8343,-0.7389
58.198,0.4740,0.2372,0.6403,-0.0214,0.8769,0.0434,1.2972,0.3746,8.8343,-0.7389
58.200,0.4574,0.2372,0.6342,-0.0214,0.8644,0.0434,1.2972,0.3746,8.8343,-0.7389
58.203,0.4574,0.2207,0.6197,-0.0214,0.8644,0.0262,1.2807,0.3746,8.8343,-0.7389
58.287,0.4574,0.2207,0.6197,-0.0309,0.8679,0.0345,1.2807,0.3651,8.8442,-0.7394
58.289,0.4737,0.2306,0.6197,-0.0192,0.8679,0.0345,1.2906,0.3768,8.8442,-0.7394
58.291,0.4577,0.2306,0.6142,-0.0192,0.8561,0.0345,1.2906,0.3768,8.8442,-0.7394
58.293,0.4577,0.2142,0.5999,-0.0192,0.8561,0.0173,1.2742,0.3768,8.8442,-0.7394
58.381,0.4577,0.2142,0.5999,-0.0287,0.8596,0.0256,1.2742,0.3673,8.8542,-0.7399
58.382,0.4727,0.2245,0.5999,-0.0168,0.8596,0.0256,1.2845,0.3792,8.8542,-0.7399
58.384,0.4570,0.2245,0.5946,-0.0168,0.8482,0.0256,1.2845,0.3792,8.8542,-0.7399
58.385,0.4570,0.2081,0.5805,-0.0168,0.8482,0.0084,1.2681,0.3792,8.8542,-0.7399
58.486,0.4570,0.2081,0.5805,-0.0168,0.8482,0.0084,1.2681,0.3792,8.8542,-0.7399
58.497,0.4570,0.2081,0.5805,-0.0264,0.8516,0.0169,1.2681,0.3696,8.8641,-0.7404
58.516,0.4736,0.2187,0.5805,-0.0140,0.8516,0.0169,1.2787,0.3820,8.8641,-0.7404
58.517,0.4573,0.2187,0.5746,-0.0140,0.8395,0.0169,1.2787,0.3820,8.8641,-0.7404
58.517,0.4573,0.2022,0.5606,-0.0140,0.8395,-0.0004,1.2622,0.3820,8.8641,-0.7404
58.618,0.4573,0.2022,0.5606,-0.0140,0.8395,-0.0004,1.2622,0.3820,8.8641,-0.7404
58.639,0.4573,0.2022,0.5606,-0.0236,0.8430,0.0081,1.2622,0.3724,8.8741,-0.7409
58.651,0.4764,0.2125,0.5606,-0.0111,0.8430,0.0081,1.2725,0.3849,8.8741,-0.7409
58.652,0.4588,0.2125,0.5535,-0.0111,0.8294,0.0081,1.2725,0.3849,8.8741,-0.7409
58.652,0.4588,0.1959,0.5395,-0.0111,0.8294,-0.0093,1.2559,0.3849,8.8741,-0.7409
58.749,0.4588,0.1959,0.5395,-0.0207,0.8329,-0.0008,1.2559,0.3753,8.8840,-0.7414
58.754,0.4784,0.2047,0.5395,-0.0096,0.8329,-0.0008,1.2647,0.3864,8.8840,-0.7414
58.754,0.4596,0.2047,0.5307,-0.0096,0.8178,-0.0008,1.2647,0.3864,8.8840,-0.7414
58.755,0.4596,0.1881,0.5169,-0.0096,0.8178,-0.0182,1.2481,0.3778,8.8840,-0.7414
58.818,0.4596,0.1881,0.5169,-0.0193,0.8212,-0.0096,1.2481,0.3767,8.8940,-0.7419
58.819,0.4777,0.1955,0.5169,-0.0097,0.8212,-0.0096,1.2555,0.3863,8.8940,-0.7419
58.820,0.4590,0.1955,0.5070,-0.0097,0.8055,-0.0096,1.2555,0.3863,8.8940,-0.7419
58.822,0.4590,0.1789,0.4932,-0.0097,0.8055,-0.0270,1.2389,0.3690,8.8940,-0.7419
58.908,0.4590,0.1789,0.4932,-0.0193,0.8089,-0.0183,1.2389,0.3767,8.9039,-0.7424
58.909,0.4753,0.1859,0.4932,-0.0104,0.8089,-0.0183,1.2459,0.3777,8.9039,-0.7424
58.909,0.4577,0.1859,0.4833,-0.0104,0.7937,-0.0183,1.2459,0.3777,8.9039,-0.7424
58.909,0.4577,0.1693,0.4697,-0.0104,0.7937,-0.0357,1.2293,0.3603,8.9039,-0.7424
59.012,0.4577,0.1693,0.4697,-0.0104,0.7937,-0.0357,1.2293,0.3603,8.9039,-0.7424
59.017,0.4577,0.1693,0.4697,-0.0201,0.7971,-0.0270,1.2293,0.3690,8.9138,-0.7429
59.018,0.4732,0.1761,0.4697,-0.0114,0.7971,-0.0270,1.2361,0.3690,8.9138,-0.7429
59.020,0.4567,0.1761,0.4602,-0.0114,0.7828,-0.0270,1.2361,0.3690,8.9138,-0.7429
59.022,0.4567,0.1597,0.4467,-0.0114,0.7828,-0.0443,1.2197,0.3518,8.9138,-0.7429
59.109,0.4567,0.1597,0.4467,-0.0212,0.7862,-0.0355,1.2197,0.3605,8.9238,-0.7435
59.111,0.4724,0.1655,0.4467,-0.0134,0.7862,-0.0355,1.2255,0.3605,8.9238,-0.7435
59.112,0.4559,0.1655,0.4371,-0.0134,0.7718,-0.0355,1.2255,0.3605,8.9238,-0.7435
59.115,0.4559,0.1492,0.4236,-0.0134,0.7718,-0.0527,1.2092,0.3433,8.9238,-0.7435
59.203,0.4559,0.1492,0.4236,-0.0232,0.7752,-0.0439,1.2092,0.3522,8.9337,-0.7440
59.204,0.4718,0.1529,0.4236,-0.0173,0.7752,-0.0439,1.2129,0.3522,8.9337,-0.7440
59.205,0.4542,0.1529,0.4126,-0.0173,0.7594,-0.0439,1.2129,0.3522,8.9337,-0.7440
59.207,0.4542,0.1366,0.3991,-0.0173,0.7594,-0.0610,1.1966,0.3350,8.9337,-0.7440
59.299,0.4542,0.1366,0.3991,-0.0271,0.7628,-0.0521,1.1966,0.3439,8.9437,-0.7445
59.300,0.4695,0.1387,0.3991,-0.0228,0.7628,-0.0521,1.1987,0.3439,8.9437,-0.7445
59.301,0.4511,0.1387,0.3865,-0.0228,0.7457,-0.0521,1.1987,0.3439,8.9437,-0.7445
59.304,0.4511,0.1226,0.3730,-0.0228,0.7457,-0.0693,1.1826,0.3268,8.9437,-0.7445
59.383,0.4511,0.1226,0.3730,-0.0326,0.7491,-0.0603,1.1826,0.3357,8.9536,-0.7450
59.384,0.4658,0.1240,0.3730,-0.0289,0.7491,-0.0603,1.1840,0.3357,8.9536,-0.7450
59.385,0.4482,0.1240,0.3596,-0.0289,0.7320,-0.0603,1.1840,0.3357,8.9536,-0.7450
59.386,0.4482,0.1081,0.3461,-0.0289,0.7320,-0.0773,1.1681,0.3187,8.9536,-0.7450
59.486,0.4482,0.1081,0.3461,-0.0289,0.7320,-0.0773,1.1681,0.3187,8.9536,-0.7450
59.492,0.4482,0.1081,0.3461,-0.0387,0.7354,-0.0683,1.1681,0.3277,8.9636,-0.7455
59.493,0.4626,0.1095,0.3461,-0.0351,0.7354,-0.0683,1.1695,0.3277,8.9636,-0.7455
59.494,0.4465,0.1095,0.3328,-0.0351,0.7192,-0.0683,1.1695,0.3277,8.9636,-0.7455
59.495,0.4465,0.0937,0.3193,-0.0351,0.7192,-0.0852,1.1537,0.3109,8.9636,-0.7455
59.595,0.4465,0.0937,0.3193,-0.0351,0.7192,-0.0852,1.1537,0.3109,8.9636,-0.7455
59.596,0.4465,0.0937,0.3193,-0.0449,0.7227,-0.0761,1.1537,0.3199,8.9735,-0.7460
59.599,0.4610,0.0948,0.3193,-0.0415,0.7227,-0.0761,1.1548,0.3199,8.9735,-0.7460
59.606,0.4457,0.0948,0.3062,-0.0415,0.7070,-0.0761,1.1548,0.3199,8.9735,-0.7460
59.608,0.4457,0.0793,0.2926,-0.0415,0.7070,-0.0929,1.1393,0.3031,8.9735,-0.7460
59.709,0.4457,0.0793,0.2926,-0.0415,0.7070,-0.0929,1.1393,0.3031,8.9735,-0.7460
59.714,0.4457,0.0793,0.2926,-0.0514,0.7106,-0.0838,1.1393,0.3122,8.9835,-0.7465
59.722,0.4598,0.0795,0.2926,-0.0487,0.7106,-0.0838,1.1395,0.3122,8.9835,-0.7465
59.722,0.4440,0.0795,0.2791,-0.0487,0.6944,-0.0838,1.1395,0.3122,8.9835,-0.7465
59.722,0.4440,0.0640,0.2654,-0.0487,0.6944,-0.1005,1.1240,0.2955,8.9835,-0.7465
59.791,0.4440,0.0640,0.2654,-0.0586,0.6980,-0.0914,1.1240,0.3046,8.9934,-0.7470
59.793,0.4566,0.0632,0.2654,-0.0572,0.6980,-0.0914,1.1232,0.3046,8.9934,-0.7470
59.795,0.4402,0.0632,0.2512,-0.0572,0.6811,-0.0914,1.1232,0.3046,8.9934,-0.7470
59.796,0.4402,0.0478,0.2374,-0.0572,0.6811,-0.1081,1.1078,0.2879,8.9934,-0.7470
59.894,0.4402,0.0478,0.2374,-0.0671,0.6847,-0.0989,1.1078,0.2971,9.0034,-0.7475
59.896,0.4510,0.0461,0.2374,-0.0666,0.6847,-0.0989,1.1061,0.2971,9.0034,-0.7475
59.898,0.4347,0.0461,0.2229,-0.0666,0.6677,-0.0989,1.1061,0.2971,9.0034,-0.7475
59.902,0.4347,0.0309,0.2090,-0.0666,0.6677,-0.1155,1.0909,0.2805,9.0034,-0.7475
59.998,0.4347,0.0309,0.2090,-0.0766,0.6714,-0.1063,1.0909,0.2898,9.0133,-0.7480
59.999,0.4445,0.0292,0.2090,-0.0763,0.6714,-0.1063,1.0892,0.2898,9.0133,-0.7480
60.000,0.4288,0.0292,0.1948,-0.0763,0.6550,-0.1063,1.0892,0.2898,9.0133,-0.7480
60.001,0.4288,0.0141,0.1808,-0.0763,0.6550,-0.1228,1.0741,0.2732,9.0133,-0.7480
60.101,0.4288,0.0141,0.1808,-0.0763,0.6550,-0.1228,1.0741,0.2732,9.0133,-0.7480
60.103,0.4288,0.0141,0.1808,-0.0862,0.6587,-0.1135,1.0741,0.2825,9.0233,-0.7485
60.104,0.4380,0.0130,0.1808,-0.0854,0.6587,-0.1135,1.0730,0.2825,9.0233,-0.7485
60.107,0.4230,0.0130,0.1667,-0.0854,0.6426,-0.1135,1.0730,0.2825,9.0233,-0.7485
60.109,0.4230,-0.0020,0.1526,-0.0854,0.6426,-0.1300,1.0580,0.2660,9.0233,-0.7485
60.209,0.4230,-0.0020,0.1526,-0.0854,0.6426,-0.1300,1.0580,0.2660,9.0233,-0.7485
60.224,0.4230,-0.0020,0.1526,-0.0954,0.6464,-0.1206,1.0580,0.2754,9.0332,-0.7490
60.226,0.4318,-0.0022,0.1526,-0.0940,0.6464,-0.1206,1.0578,0.2754,9.0332,-0.7490
60.228,0.4167,-0.0022,0.1381,-0.0940,0.6302,-0.1206,1.0578,0.2754,9.0332,-0.7490
60.231,0.4167,-0.0172,0.1240,-0.0940,0.6302,-0.1371,1.0428,0.2589,9.0332,-0.7490
60.331,0.4167,-0.0172,0.1240,-0.0940,0.6302,-0.1371,1.0428,0.2589,9.0332,-0.7490
60.347,0.4167,-0.0172,0.1240,-0.1039,0.6340,-0.1277,1.0428,0.2683,9.0432,-0.7495
60.352,0.4251,-0.0169,0.1240,-0.1021,0.6340,-0.1277,1.0431,0.2683,9.0432,-0.7495
60.354,0.4095,-0.0169,0.1089,-0.1021,0.6172,-0.1277,1.0431,0.2683,9.0432,-0.7495
60.357,0.4095,-0.0318,0.0947,-0.1021,0.6172,-0.1442,1.0282,0.2519,9.0432,-0.7495
60.457,0.4095,-0.0318,0.0947,-0.1021,0.6172,-0.1442,1.0282,0.2519,9.0432,-0.7495
60.462,0.4095,-0.0318,0.0947,-0.1121,0.6211,-0.1347,1.0282,0.2613,9.0531,-0.7500
60.464,0.4172,-0.0309,0.0947,-0.1099,0.6211,-0.1347,1.0291,0.2613,9.0531,-0.7500
60.466,0.4011,-0.0309,0.0793,-0.1099,0.6038,-0.1347,1.0291,0.2613,9.0531,-0.7500
60.468,0.4011,-0.0456,0.0650,-0.1099,0.6038,-0.1510,1.0144,0.2450,9.0531,-0.7500
60.562,0.4011,-0.0456,0.0650,-0.1198,0.6077,-0.1415,1.0144,0.2545,9.0631,-0.7505
60.563,0.4080,-0.0430,0.0650,-0.1163,0.6077,-0.1415,1.0170,0.2545,9.0631,-0.7505
60.569,0.3919,-0.0430,0.0495,-0.1163,0.5903,-0.1415,1.0170,0.2545,9.0631,-0.7505
60.569,0.3919,-0.0576,0.0352,-0.1163,0.5903,-0.1577,1.0024,0.2383,9.0631,-0.7505
60.650,0.3919,-0.0576,0.0352,-0.1262,0.5943,-0.1482,1.0024,0.2479,9.0730,-0.7510
60.651,0.3982,-0.0515,0.0352,-0.1197,0.5943,-0.1482,1.0085,0.2479,9.0730,-0.7510
60.654,0.3822,-0.0515,0.0197,-0.1197,0.5771,-0.1482,1.0085,0.2479,9.0730,-0.7510
60.656,0.3822,-0.0660,0.0054,-0.1197,0.5771,-0.1643,0.9940,0.2318,9.0730,-0.7510
60.746,0.3822,-0.0660,0.0054,-0.1296,0.5812,-0.1546,0.9940,0.2414,9.0829,-0.7515
60.749,0.3870,-0.0571,0.0054,-0.1209,0.5812,-0.1546,1.0029,0.2414,9.0829,-0.7515
60.751,0.3711,-0.0571,-0.0100,-0.1209,0.5640,-0.1546,1.0029,0.2414,9.0829,-0.7515
60.754,0.3711,-0.0715,-0.0242,-0.1209,0.5640,-0.1706,0.9885,0.2255,9.0829,-0.7515
60.846,0.3711,-0.0715,-0.0242,-0.1309,0.5681,-0.1609,0.9885,0.2351,9.0929,-0.7520
60.848,0.3751,-0.0615,-0.0242,-0.1213,0.5681,-0.1609,0.9985,0.2351,9.0929,-0.7520
60.851,0.3592,-0.0615,-0.0399,-0.1213,0.5507,-0.1609,0.9985,0.2351,9.0929,-0.7520
60.854,0.3592,-0.0757,-0.0541,-0.1213,0.5507,-0.1765,0.9843,0.2195,9.0929,-0.7520
60.944,0.3592,-0.0757,-0.0541,-0.1312,0.5549,-0.1668,0.9843,0.2292,9.1028,-0.7525
60.946,0.3643,-0.0653,-0.0541,-0.1211,0.5549,-0.1668,0.9947,0.2292,9.1028,-0.7525
60.949,0.3481,-0.0653,-0.0702,-0.1211,0.5372,-0.1668,0.9898,0.2292,9.1028,-0.7525
60.951,0.3481,-0.0793,-0.0844,-0.1211,0.5372,-0.1822,0.9756,0.2138,9.1028,-0.7525
61.043,0.3481,-0.0793,-0.0844,-0.1310,0.5414,-0.1724,0.9756,0.2236,9.1128,-0.7530
61.045,0.3550,-0.0677,-0.0844,-0.1196,0.5414,-0.1724,0.9756,0.2236,9.1128,-0.7530
61.047,0.3388,-0.0677,-0.1007,-0.1196,0.5235,-0.1724,0.9593,0.2236,9.1128,-0.7530
61.049,0.3388,-0.0816,-0.1148,-0.1196,0.5235,-0.1875,0.9452,0.2085,9.1128,-0.7530
61.144,0.3388,-0.0816,-0.1148,-0.1295,0.5278,-0.1777,0.9452,0.2183,9.1227,-0.7535
61.146,0.3470,-0.0675,-0.1148,-0.1156,0.5278,-0.1777,0.9452,0.2183,9.1227,-0.7535
61.149,0.3308,-0.0675,-0.1311,-0.1156,0.5100,-0.1777,0.9289,0.2183,9.1227,-0.7535
61.151,0.3308,-0.0812,-0.1452,-0.1156,0.5100,-0.1926,0.9148,0.2034,9.1227,-0.7535
61.249,0.3308,-0.0812,-0.1452,-0.1256,0.5144,-0.1828,0.9148,0.2133,9.1327,-0.7540
61.251,0.3390,-0.0649,-0.1452,-0.1096,0.5144,-0.1828,0.9148,0.2133,9.1327,-0.7540
61.253,0.3227,-0.0649,-0.1611,-0.1096,0.4966,-0.1828,0.8989,0.2133,9.1327,-0.7540
61.255,0.3227,-0.0786,-0.1753,-0.1096,0.4966,-0.1974,0.8847,0.1986,9.1327,-0.7540
61.346,0.3227,-0.0786,-0.1753,-0.1196,0.5011,-0.1876,0.8847,0.2084,9.1426,-0.7546
61.347,0.3299,-0.0618,-0.1753,-0.1032,0.5011,-0.1876,0.8847,0.2084,9.1426,-0.7546
61.348,0.3134,-0.0618,-0.1909,-0.1032,0.4832,-0.1876,0.8691,0.2084,9.1426,-0.7546
61.349,0.3134,-0.0754,-0.2051,-0.1032,0.4832,-0.2021,0.8549,0.1940,9.1426,-0.7546
61.423,0.3134,-0.0754,-0.2051,-0.1131,0.4877,-0.1922,0.8549,0.2038,9.1526,-0.7551
61.424,0.3200,-0.0591,-0.2051,-0.0971,0.4877,-0.1922,0.8549,0.2038,9.1526,-0.7551
61.425,0.3031,-0.0591,-0.2206,-0.0971,0.4696,-0.1922,0.8394,0.2038,9.1526,-0.7551
61.425,0.3031,-0.0728,-0.2349,-0.0971,0.4696,-0.2065,0.8251,0.1895,9.1526,-0.7551
61.499,0.3031,-0.0728,-0.2349,-0.1071,0.4742,-0.1966,0.8251,0.1994,9.1625,-0.7556
61.501,0.3104,-0.0565,-0.2349,-0.0910,0.4742,-0.1966,0.8251,0.1994,9.1625,-0.7556
61.501,0.2936,-0.0565,-0.2508,-0.0910,0.4559,-0.1966,0.8092,0.1994,9.1625,-0.7556
61.503,0.2936,-0.0701,-0.2651,-0.0910,0.4559,-0.2107,0.7949,0.1853,9.1625,-0.7556
61.598,0.2936,-0.0701,-0.2651,-0.1009,0.4606,-0.2008,0.7949,0.1953,9.1725,-0.7561
61.602,0.3022,-0.0535,-0.2651,-0.0844,0.4606,-0.2008,0.7949,0.1953,9.1725,-0.7561
61.603,0.2860,-0.0535,-0.2814,-0.0844,0.4425,-0.2008,0.7786,0.1953,9.1725,-0.7561
61.604,0.2860,-0.0671,-0.2957,-0.0844,0.4425,-0.2146,0.7643,0.1814,9.1725,-0.7561
61.688,0.2860,-0.0671,-0.2957,-0.0943,0.4472,-0.2047,0.7643,0.1913,9.1824,-0.7566
61.690,0.2956,-0.0507,-0.2957,-0.0779,0.4472,-0.2047,0.7643,0.1913,9.1824,-0.7566
61.694,0.2801,-0.0507,-0.3121,-0.0779,0.4294,-0.2047,0.7479,0.1913,9.1824,-0.7566
61.694,0.2801,-0.0642,-0.3265,-0.0779,0.4294,-0.2183,0.7335,0.1777,9.1824,-0.7566
61.795,0.2801,-0.0642,-0.3265,-0.0779,0.4294,-0.2183,0.7335,0.1777,9.1824,-0.7566
61.802,0.2801,-0.0642,-0.3265,-0.0879,0.4342,-0.2083,0.7335,0.1877,9.1924,-0.7571
61.803,0.2896,-0.0489,-0.3265,-0.0726,0.4342,-0.2083,0.7335,0.1877,9.1924,-0.7571
61.804,0.2742,-0.0489,-0.3427,-0.0726,0.4165,-0.2083,0.7173,0.1877,9.1924,-0.7571
61.805,0.2742,-0.0624,-0.3571,-0.0726,0.4165,-0.2217,0.7029,0.1743,9.1924,-0.7571
61.906,0.2742,-0.0624,-0.3571,-0.0726,0.4165,-0.2217,0.7029,0.1743,9.1924,-0.7571
61.926,0.2742,-0.0624,-0.3571,-0.0825,0.4214,-0.2118,0.7029,0.1842,9.2023,-0.7576
61.928,0.2824,-0.0488,-0.3571,-0.0688,0.4214,-0.2118,0.7029,0.1842,9.2023,-0.7576
61.930,0.2665,-0.0488,-0.3733,-0.0688,0.4033,-0.2118,0.6867,0.1842,9.2023,-0.7576
61.932,0.2665,-0.0623,-0.3877,-0.0688,0.4033,-0.2249,0.6723,0.1711,9.2023,-0.7576
62.016,0.2665,-0.0623,-0.3877,-0.0787,0.4082,-0.2149,0.6723,0.1811,9.2123,-0.7581
62.018,0.2728,-0.0500,-0.3877,-0.0663,0.4082,-0.2149,0.6723,0.1811,9.2123,-0.7581
62.019,0.2561,-0.0500,-0.4042,-0.0663,0.3895,-0.2149,0.6558,0.1811,9.2123,-0.7581
62.020,0.2561,-0.0633,-0.4185,-0.0663,0.3895,-0.2277,0.6415,0.1683,9.2123,-0.7581
62.097,0.2561,-0.0633,-0.4185,-0.0762,0.3945,-0.2178,0.6415,0.1783,9.2222,-0.7586
62.098,0.2613,-0.0513,-0.4185,-0.0639,0.3945,-0.2178,0.6415,0.1783,9.2222,-0.7586
62.099,0.2445,-0.0513,-0.4351,-0.0639,0.3756,-0.2178,0.6249,0.1783,9.2222,-0.7586
62.100,0.2445,-0.0645,-0.4495,-0.0639,0.3756,-0.2302,0.6105,0.1658,9.2222,-0.7586
62.200,0.2445,-0.0645,-0.4495,-0.0639,0.3756,-0.2302,0.6105,0.1658,9.2222,-0.7586
62.205,0.2445,-0.0645,-0.4495,-0.0738,0.3806,-0.2202,0.6105,0.1758,9.2322,-0.7591
62.207,0.2500,-0.0520,-0.4495,-0.0610,0.3806,-0.2202,0.6105,0.1758,9.2322,-0.7591
62.208,0.2339,-0.0520,-0.4660,-0.0610,0.3622,-0.2202,0.5940,0.1758,9.2322,-0.7591
62.209,0.2339,-0.0652,-0.4803,-0.0610,0.3622,-0.2323,0.5797,0.1637,9.2322,-0.7591
62.310,0.2339,-0.0652,-0.4803,-0.0610,0.3622,-0.2323,0.5797,0.1637,9.2322,-0.7591
62.314,0.2339,-0.0652,-0.4803,-0.0709,0.3673,-0.2224,0.5797,0.1736,9.2421,-0.7596
62.316,0.2402,-0.0521,-0.4803,-0.0572,0.3673,-0.2224,0.5797,0.1736,9.2421,-0.7596
62.318,0.2249,-0.0521,-0.4966,-0.0572,0.3495,-0.2224,0.5634,0.1736,9.2421,-0.7596
62.320,0.2249,-0.0653,-0.5109,-0.0572,0.3495,-0.2342,0.5491,0.1618,9.2421,-0.7596
62.420,0.2249,-0.0653,-0.5109,-0.0671,0.3547,-0.2243,0.5491,0.1717,9.2520,-0.7601
62.422,0.2315,-0.0519,-0.5109,-0.0532,0.3547,-0.2243,0.5491,0.1717,9.2520,-0.7601
62.424,0.2165,-0.0519,-0.5270,-0.0532,0.3370,-0.2243,0.5330,0.1717,9.2520,-0.7601
62.426,0.2165,-0.0650,-0.5412,-0.0532,0.3370,-0.2358,0.5188,0.1603,9.2520,-0.7601
62.522,0.2165,-0.0650,-0.5412,-0.0631,0.3423,-0.2258,0.5188,0.1702,9.2620,-0.7606
62.524,0.2223,-0.0519,-0.5412,-0.0492,0.3423,-0.2258,0.5188,0.1702,9.2620,-0.7606
62.526,0.2068,-0.0519,-0.5573,-0.0492,0.3243,-0.2258,0.5027,0.1702,9.2620,-0.7606
62.527,0.2068,-0.0648,-0.5715,-0.0492,0.3243,-0.2368,0.4885,0.1592,9.2620,-0.7606
62.617,0.2068,-0.0648,-0.5715,-0.0591,0.3296,-0.2270,0.4885,0.1691,9.2719,-0.7611
62.619,0.2118,-0.0520,-0.5715,-0.0452,0.3296,-0.2270,0.4885,0.1691,9.2719,-0.7611
62.621,0.1954,-0.0520,-0.5873,-0.0452,0.3112,-0.2270,0.4727,0.1691,9.2719,-0.7611
62.622,0.1954,-0.0649,-0.6016,-0.0452,0.3112,-0.2375,0.4584,0.1585,9.2719,-0.7611
62.712,0.1954,-0.0649,-0.6016,-0.0550,0.3166,-0.2277,0.4584,0.1683,9.2819,-0.7616
62.713,0.2010,-0.0515,-0.6016,-0.0404,0.3166,-0.2277,0.4584,0.1683,9.2819,-0.7616
62.715,0.1843,-0.0515,-0.6169,-0.0404,0.2982,-0.2277,0.4431,0.1683,9.2819,-0.7616
62.716,0.1843,-0.0644,-0.6312,-0.0404,0.2982,-0.2379,0.4288,0.1581,9.2819,-0.7616
62.798,0.1843,-0.0644,-0.6312,-0.0502,0.3036,-0.2281,0.4288,0.1679,9.2918,-0.7621
62.799,0.1924,-0.0492,-0.6312,-0.0338,0.3036,-0.2281,0.4288,0.1679,9.2918,-0.7621
62.800,0.1758,-0.0492,-0.6460,-0.0338,0.2855,-0.2281,0.4140,0.1679,9.2918,-0.7621
62.801,0.1758,-0.0622,-0.6603,-0.0338,0.2855,-0.2381,0.3997,0.1580,9.2918,-0.7621
62.886,0.1758,-0.0622,-0.6603,-0.0437,0.2910,-0.2283,0.3997,0.1677,9.3018,-0.7626
62.888,0.1850,-0.0464,-0.6603,-0.0267,0.2910,-0.2283,0.3997,0.1677,9.3018,-0.7626
62.890,0.1687,-0.0464,-0.6748,-0.0267,0.2731,-0.2283,0.3852,0.1677,9.3018,-0.7626
62.891,0.1687,-0.0593,-0.6890,-0.0267,0.2731,-0.2379,0.3710,0.1582,9.3018,-0.7626
62.990,0.1687,-0.0593,-0.6890,-0.0366,0.2786,-0.2281,0.3710,0.1679,9.3117,-0.7631
62.991,0.1774,-0.0444,-0.6890,-0.0204,0.2786,-0.2281,0.3710,0.1679,9.3117,-0.7631
62.991,0.1608,-0.0444,-0.7034,-0.0204,0.2606,-0.2281,0.3566,0.1679,9.3117,-0.7631
62.992,0.1608,-0.0572,-0.7176,-0.0204,0.2606,-0.2373,0.3424,0.1588,9.3117,-0.7631
63.093,0.1608,-0.0572,-0.7176,-0.0204,0.2606,-0.2373,0.3424,0.1588,9.3117,-0.7631
63.121,0.1608,-0.0572,-0.7176,-0.0302,0.2662,-0.2276,0.3424,0.1684,9.3217,-0.7636
63.122,0.1690,-0.0430,-0.7176,-0.0146,0.2662,-0.2276,0.3424,0.1684,9.3217,-0.7636
63.122,0.1517,-0.0430,-0.7322,-0.0146,0.2476,-0.2276,0.3278,0.1684,9.3217,-0.7636
63.123,0.1517,-0.0559,-0.7462,-0.0146,0.2476,-0.2365,0.3138,0.1595,9.3217,-0.7636
63.223,0.1517,-0.0559,-0.7462,-0.0146,0.2476,-0.2365,0.3138,0.1595,9.3217,-0.7636
63.277,0.1517,-0.0559,-0.7462,-0.0244,0.2532,-0.2269,0.3138,0.1691,9.3316,-0.7641
63.278,0.1596,-0.0427,-0.7462,-0.0098,0.2532,-0.2269,0.3138,0.1691,9.3316,-0.7641
63.279,0.1417,-0.0427,-0.7609,-0.0098,0.2341,-0.2269,0.2991,0.1691,9.3316,-0.7641
63.281,0.1417,-0.0567,-0.7735,-0.0098,0.2341,-0.2370,0.2865,0.1590,9.3316,-0.7641
63.381,0.1417,-0.0567,-0.7735,-0.0098,0.2341,-0.2370,0.2865,0.1590,9.3316,-0.7641
63.417,0.1417,-0.0567,-0.7735,-0.0195,0.2398,-0.2274,0.2865,0.1686,9.3416,-0.7646
63.419,0.1492,-0.0450,-0.7735,-0.0067,0.2398,-0.2274,0.2865,0.1686,9.3416,-0.7646
63.420,0.1308,-0.0450,-0.7881,-0.0067,0.2204,-0.2274,0.2719,0.1686,9.3416,-0.7646
63.420,0.1308,-0.0613,-0.7982,-0.0067,0.2204,-0.2400,0.2618,0.1560,9.3416,-0.7646
63.494,0.1308,-0.0613,-0.7982,-0.0164,0.2261,-0.2305,0.2618,0.1655,9.3515,-0.7651
63.502,0.1381,-0.0505,-0.7982,-0.0047,0.2261,-0.2305,0.2618,0.1655,9.3515,-0.7651
63.503,0.1196,-0.0505,-0.8126,-0.0047,0.2067,-0.2305,0.2474,0.1655,9.3515,-0.7651
63.503,0.1196,-0.0683,-0.8210,-0.0047,0.2067,-0.2447,0.2390,0.1513,9.3515,-0.7651
63.568,0.1196,-0.0683,-0.8210,-0.0144,0.2125,-0.2353,0.2390,0.1608,9.3615,-0.7656
63.569,0.1270,-0.0579,-0.8210,-0.0033,0.2125,-0.2353,0.2390,0.1608,9.3615,-0.7656
63.569,0.1082,-0.0579,-0.8347,-0.0033,0.1933,-0.2353,0.2253,0.1608,9.3615,-0.7656
63.569,0.1082,-0.0755,-0.8425,-0.0033,0.1933,-0.2493,0.2175,0.1467,9.3615,-0.7656
63.650,0.1082,-0.0755,-0.8425,-0.0130,0.1991,-0.2399,0.2175,0.1561,9.3714,-0.7661
63.651,0.1164,-0.0649,-0.8425,-0.0017,0.1991,-0.2399,0.2175,0.1561,9.3714,-0.7661
63.652,0.0972,-0.0649,-0.8547,-0.0017,0.1805,-0.2399,0.2053,0.1561,9.3714,-0.7661
63.653,0.0972,-0.0815,-0.8620,-0.0017,0.1805,-0.2529,0.1980,0.1431,9.3714,-0.7661
63.737,0.0972,-0.0815,-0.8620,-0.0114,0.1863,-0.2436,0.1980,0.1525,9.3814,-0.7666
63.742,0.1059,-0.0705,-0.8620,-0.0000,0.1863,-0.2436,0.1980,0.1525,9.3814,-0.7666
63.742,0.0857,-0.0705,-0.8728,-0.0000,0.1679,-0.2436,0.1872,0.1525,9.3814,-0.7666
63.743,0.0857,-0.0870,-0.8789,-0.0000,0.1679,-0.2568,0.1811,0.1393,9.3814,-0.7666
63.816,0.0857,-0.0870,-0.8789,-0.0097,0.1737,-0.2475,0.1811,0.1486,9.3913,-0.7671
63.817,0.0938,-0.0771,-0.8789,0.0006,0.1737,-0.2475,0.1811,0.1486,9.3913,-0.7671
63.818,0.0732,-0.0771,-0.8893,0.0006,0.1551,-0.2475,0.1707,0.1486,9.3913,-0.7671
63.818,0.0732,-0.0952,-0.8928,0.0006,0.1551,-0.2628,0.1672,0.1332,9.3913,-0.7671
63.889,0.0732,-0.0952,-0.8928,-0.0091,0.1609,-0.2536,0.1672,0.1424,9.4013,-0.7676
63.890,0.0799,-0.0872,-0.8928,-0.0009,0.1609,-0.2536,0.1672,0.1424,9.4013,-0.7676
63.892,0.0605,-0.0872,-0.9038,-0.0009,0.1428,-0.2536,0.1562,0.1424,9.4013,-0.7676
63.893,0.0605,-0.1075,-0.9040,-0.0009,0.1428,-0.2720,0.1560,0.1240,9.4013,-0.7676
63.987,0.0605,-0.1075,-0.9040,-0.0106,0.1486,-0.2628,0.1560,0.1332,9.4112,-0.7681
63.989,0.0664,-0.1012,-0.9040,-0.0046,0.1486,-0.2628,0.1560,0.1332,9.4112,-0.7681
63.990,0.0483,-0.1012,-0.9151,-0.0046,0.1314,-0.2628,0.1449,0.1332,9.4112,-0.7681
63.991,0.0483,-0.1222,-0.9129,-0.0046,0.1314,-0.2827,0.1471,0.1133,9.4112,-0.7681
64.091,0.0483,-0.1222,-0.9129,-0.0046,0.1314,-0.2827,0.1471,0.1133,9.4112,-0.7681
64.093,0.0483,-0.1222,-0.9129,-0.0143,0.1372,-0.2735,0.1471,0.1225,9.4211,-0.7686
64.093,0.0547,-0.1169,-0.9129,-0.0100,0.1372,-0.2735,0.1471,0.1225,9.4211,-0.7686
64.094,0.0358,-0.1169,-0.9224,-0.0100,0.1204,-0.2735,0.1376,0.1225,9.4211,-0.7686
64.095,0.0358,-0.1370,-0.9194,-0.0100,0.1204,-0.2928,0.1406,0.1033,9.4211,-0.7686
64.195,0.0358,-0.1370,-0.9194,-0.0100,0.1204,-0.2928,0.1406,0.1033,9.4211,-0.7686
64.199,0.0358,-0.1370,-0.9194,-0.0197,0.1262,-0.2836,0.1406,0.1124,9.4311,-0.7691
64.202,0.0425,-0.1323,-0.9194,-0.0167,0.1262,-0.2836,0.1406,0.1124,9.4311,-0.7691
64.203,0.0219,-0.1323,-0.9266,-0.0167,0.1097,-0.2836,0.1334,0.1124,9.4311,-0.7691
64.203,0.0219,-0.1509,-0.9236,-0.0167,0.1097,-0.3014,0.1364,0.0946,9.4311,-0.7691
64.303,0.0219,-0.1509,-0.9236,-0.0167,0.1097,-0.3014,0.1364,0.0946,9.4311,-0.7691
64.306,0.0219,-0.1509,-0.9236,-0.0264,0.1155,-0.2922,0.1364,0.1038,9.4410,-0.7696
64.307,0.0282,-0.1471,-0.9236,-0.0245,0.1155,-0.2922,0.1364,0.1038,9.4410,-0.7696
64.308,0.0079,-0.1471,-0.9300,-0.0245,0.0997,-0.2922,0.1300,0.1038,9.4410,-0.7696
64.309,0.0079,-0.1647,-0.9266,-0.0245,0.0997,-0.3093,0.1334,0.0867,9.4410,-0.7696
64.409,0.0079,-0.1647,-0.9266,-0.0245,0.0997,-0.3093,0.1334,0.0867,9.4410,-0.7696
64.414,0.0079,-0.1647,-0.9266,-0.0343,0.1054,-0.3001,0.1334,0.0959,9.4510,-0.7701
64.415,0.0137,-0.1610,-0.9266,-0.0323,0.1054,-0.3001,0.1334,0.0959,9.4510,-0.7701
64.415,-0.0065,-0.1610,-0.9344,-0.0323,0.0889,-0.3001,0.1256,0.0959,9.4510,-0.7701
64.415,-0.0065,-0.1787,-0.9297,-0.0323,0.0889,-0.3177,0.1303,0.0783,9.4510,-0.7701
64.497,-0.0065,-0.1787,-0.9297,-0.0420,0.0946,-0.3086,0.1303,0.0875,9.4609,-0.7706
64.497,0.0012,-0.1737,-0.9297,-0.0390,0.0946,-0.3086,0.1303,0.0875,9.4609,-0.7706
64.497,-0.0202,-0.1737,-0.9402,-0.0390,0.0758,-0.3086,0.1198,0.0875,9.4609,-0.7706
64.498,-0.0202,-0.1920,-0.9337,-0.0390,0.0758,-0.3275,0.1263,0.0685,9.4609,-0.7706
64.598,-0.0202,-0.1920,-0.9337,-0.0390,0.0758,-0.3275,0.1263,0.0685,9.4609,-0.7706
64.617,-0.0202,-0.1920,-0.9337,-0.0488,0.0815,-0.3183,0.1263,0.0777,9.4709,-0.7711
64.617,-0.0099,-0.1860,-0.9337,-0.0458,0.0815,-0.3183,0.1263,0.0777,9.4709,-0.7711
64.617,-0.0319,-0.1860,-0.9459,-0.0458,0.0614,-0.3183,0.1141,0.0777,9.4709,-0.7711
64.618,-0.0319,-0.2046,-0.9380,-0.0458,0.0614,-0.3379,0.1220,0.0581,9.4709,-0.7711
64.718,-0.0319,-0.2046,-0.9380,-0.0458,0.0614,-0.3379,0.1220,0.0581,9.4709,-0.7711
64.733,-0.0319,-0.2046,-0.9380,-0.0556,0.0671,-0.3287,0.1220,0.0673,9.4808,-0.7716
64.735,-0.0208,-0.1991,-0.9380,-0.0537,0.0671,-0.3287,0.1220,0.0673,9.4808,-0.7716
64.735,-0.0420,-0.1991,-0.9496,-0.0537,0.0478,-0.3287,0.1104,0.0673,9.4808,-0.7716
64.736,-0.0420,-0.2170,-0.9415,-0.0537,0.0478,-0.3477,0.1185,0.0483,9.4808,-0.7716
64.809,-0.0420,-0.2170,-0.9415,-0.0635,0.0535,-0.3385,0.1185,0.0575,9.4908,-0.7721
64.810,-0.0323,-0.2128,-0.9415,-0.0625,0.0535,-0.3385,0.1185,0.0575,9.4908,-0.7721
64.811,-0.0523,-0.2128,-0.9519,-0.0625,0.0356,-0.3385,0.1081,0.0575,9.4908,-0.7721
64.813,-0.0523,-0.2294,-0.9445,-0.0625,0.0356,-0.3560,0.1155,0.0400,9.4908,-0.7721
64.894,-0.0523,-0.2294,-0.9445,-0.0724,0.0413,-0.3468,0.1155,0.0493,9.5007,-0.7726
64.894,-0.0443,-0.2257,-0.9445,-0.0713,0.0413,-0.3468,0.1155,0.0493,9.5007,-0.7726
64.895,-0.0638,-0.2257,-0.9546,-0.0713,0.0239,-0.3468,0.1054,0.0493,9.5007,-0.7726
64.895,-0.0638,-0.2414,-0.9478,-0.0713,0.0239,-0.3632,0.1122,0.0328,9.5007,-0.7726
64.995,-0.0638,-0.2414,-0.9478,-0.0713,0.0239,-0.3632,0.1122,0.0328,9.5007,-0.7726
65.008,-0.0638,-0.2414,-0.9478,-0.0812,0.0295,-0.3539,0.1122,0.0421,9.5107,-0.7731
65.013,-0.0551,-0.2366,-0.9478,-0.0786,0.0295,-0.3539,0.1122,0.0421,9.5107,-0.7731
65.014,-0.0742,-0.2366,-0.9583,-0.0786,0.0122,-0.3539,0.1017,0.0421,9.5107,-0.7731
65.015,-0.0742,-0.2525,-0.9513,-0.0786,0.0122,-0.3707,0.1087,0.0253,9.5107,-0.7731
65.103,-0.0742,-0.2525,-0.9513,-0.0885,0.0178,-0.3614,0.1087,0.0347,9.5206,-0.7736
65.105,-0.0622,-0.2445,-0.9513,-0.0828,0.0178,-0.3614,0.1087,0.0347,9.5206,-0.7736
65.107,-0.0800,-0.2445,-0.9620,-0.0828,0.0011,-0.3614,0.0980,0.0347,9.5206,-0.7736
65.109,-0.0800,-0.2618,-0.9536,-0.0828,0.0011,-0.3797,0.1064,0.0163,9.5206,-0.7736
65.209,-0.0800,-0.2618,-0.9536,-0.0828,0.0011,-0.3797,0.1064,0.0163,9.5206,-0.7736
65.266,-0.0800,-0.2618,-0.9536,-0.0927,0.0067,-0.3704,0.1064,0.0256,9.5306,-0.7741
65.267,-0.0646,-0.2507,-0.9536,-0.0841,0.0067,-0.3704,0.1064,0.0256,9.5306,-0.7741
65.268,-0.0813,-0.2507,-0.9647,-0.0841,-0.0095,-0.3704,0.0953,0.0256,9.5306,-0.7741
65.269,-0.0813,-0.2692,-0.9545,-0.0841,-0.0095,-0.3903,0.1055,0.0057,9.5306,-0.7741
65.369,-0.0813,-0.2692,-0.9545,-0.0841,-0.0095,-0.3903,0.1055,0.0057,9.5306,-0.7741
65.371,-0.0813,-0.2692,-0.9545,-0.0940,-0.0037,-0.3809,0.1055,0.0151,9.5405,-0.7746
65.372,-0.0652,-0.2574,-0.9545,-0.0844,-0.0037,-0.3809,0.1055,0.0151,9.5405,-0.7746
65.373,-0.0816,-0.2574,-0.9654,-0.0844,-0.0196,-0.3809,0.0946,0.0151,9.5405,-0.7746
65.373,-0.0816,-0.2758,-0.9543,-0.0844,-0.0196,-0.4008,0.1057,-0.0048,9.5405,-0.7746
65.451,-0.0816,-0.2758,-0.9543,-0.0943,-0.0139,-0.3914,0.1057,0.0046,9.5505,-0.7751
65.453,-0.0675,-0.2651,-0.9543,-0.0854,-0.0139,-0.3914,0.1057,0.0046,9.5505,-0.7751
65.454,-0.0834,-0.2651,-0.9629,-0.0854,-0.0282,-0.3914,0.0971,0.0046,9.5505,-0.7751
65.456,-0.0834,-0.2823,-0.9523,-0.0854,-0.0282,-0.4099,0.1077,-0.0139,9.5505,-0.7751
65.551,-0.0834,-0.2823,-0.9523,-0.0953,-0.0224,-0.4005,0.1077,-0.0044,9.5604,-0.7756
65.553,-0.0703,-0.2719,-0.9523,-0.0862,-0.0224,-0.4005,0.1077,-0.0044,9.5604,-0.7756
65.555,-0.0830,-0.2719,-0.9561,-0.0862,-0.0322,-0.4005,0.1039,-0.0044,9.5604,-0.7756
65.556,-0.0830,-0.2880,-0.9463,-0.0862,-0.0322,-0.4178,0.1137,-0.0217,9.5604,-0.7756
65.649,-0.0830,-0.2880,-0.9463,-0.0961,-0.0264,-0.4082,0.1137,-0.0122,9.5703,-0.7761
65.649,-0.0685,-0.2756,-0.9463,-0.0848,-0.0264,-0.4082,0.1137,-0.0122,9.5703,-0.7761
65.650,-0.0734,-0.2756,-0.9437,-0.0848,-0.0280,-0.4082,0.1163,-0.0122,9.5703,-0.7761
65.650,-0.0734,-0.2918,-0.9340,-0.0848,-0.0280,-0.4255,0.1260,-0.0295,9.5703,-0.7761
65.732,-0.0734,-0.2918,-0.9340,-0.0947,-0.0222,-0.4159,0.1260,-0.0199,9.5803,-0.7766
65.732,-0.0556,-0.2761,-0.9340,-0.0801,-0.0222,-0.4159,0.1260,-0.0199,9.5803,-0.7766
65.732,-0.0545,-0.2761,-0.9283,-0.0801,-0.0185,-0.4159,0.1317,-0.0199,9.5803,-0.7766
65.733,-0.0545,-0.2934,-0.9174,-0.0801,-0.0185,-0.4343,0.1426,-0.0382,9.5803,-0.7766
65.826,-0.0545,-0.2934,-0.9174,-0.0901,-0.0127,-0.4246,0.1426,-0.0286,9.5902,-0.7771
65.826,-0.0345,-0.2759,-0.9174,-0.0737,-0.0127,-0.4246,0.1426,-0.0286,9.5902,-0.7771
65.827,-0.0345,-0.2759,-0.9139,-0.0737,-0.0108,-0.4246,0.1461,-0.0286,9.5902,-0.7771
65.828,-0.0345,-0.2942,-0.9014,-0.0737,-0.0108,-0.4441,0.1586,-0.0481,9.5902,-0.7771
65.926,-0.0345,-0.2942,-0.9014,-0.0837,-0.0050,-0.4345,0.1586,-0.0384,9.6002,-0.7776
65.927,-0.0158,-0.2783,-0.9014,-0.0687,-0.0050,-0.4345,0.1586,-0.0384,9.6002,-0.7776
65.928,-0.0219,-0.2783,-0.9015,-0.0687,-0.0087,-0.4345,0.1585,-0.0384,9.6002,-0.7776
65.931,-0.0219,-0.2961,-0.8882,-0.0687,-0.0087,-0.4534,0.1718,-0.0574,9.6002,-0.7776
66.031,-0.0219,-0.2961,-0.8882,-0.0687,-0.0087,-0.4534,0.1718,-0.0574,9.6002,-0.7776
66.035,-0.0219,-0.2961,-0.8882,-0.0786,-0.0028,-0.4437,0.1718,-0.0477,9.6101,-0.7781
66.036,-0.0055,-0.2818,-0.8882,-0.0650,-0.0028,-0.4437,0.1718,-0.0477,9.6101,-0.7781
66.037,-0.0126,-0.2818,-0.8862,-0.0650,-0.0058,-0.4437,0.1738,-0.0477,9.6101,-0.7781
66.039,-0.0126,-0.2970,-0.8728,-0.0650,-0.0058,-0.4600,0.1872,-0.0639,9.6101,-0.7781
66.129,-0.0126,-0.2970,-0.8728,-0.0749,-0.0001,-0.4502,0.1872,-0.0542,9.6201,-0.7786
66.130,0.0040,-0.2815,-0.8728,-0.0598,-0.0001,-0.4502,0.1872,-0.0542,9.6201,-0.7786
66.131,0.0057,-0.2815,-0.8625,-0.0598,0.0065,-0.4502,0.1975,-0.0542,9.6201,-0.7786
66.133,0.0057,-0.2931,-0.8487,-0.0598,0.0065,-0.4628,0.2113,-0.0668,9.6201,-0.7786
66.226,0.0057,-0.2931,-0.8487,-0.0698,0.0123,-0.4530,0.2113,-0.0570,9.6300,-0.7791
66.228,0.0240,-0.2751,-0.8487,-0.0521,0.0123,-0.4530,0.2113,-0.0570,9.6300,-0.7791
66.230,0.0349,-0.2751,-0.8315,-0.0521,0.0277,-0.4530,0.2285,-0.0570,9.6300,-0.7791
66.232,0.0349,-0.2838,-0.8173,-0.0521,0.0277,-0.4626,0.2427,-0.0666,9.6300,-0.7791
66.333,0.0349,-0.2838,-0.8173,-0.0620,0.0335,-0.4527,0.2427,-0.0567,9.6400,-0.7796
66.333,0.0349,-0.2838,-0.8173,-0.0620,0.0335,-0.4527,0.2427,-0.0567,9.6400,-0.7796
66.334,0.0537,-0.2656,-0.8173,-0.0440,0.0335,-0.4527,0.2427,-0.0567,9.6400,-0.7796
66.336,0.0641,-0.2656,-0.8017,-0.0440,0.0477,-0.4527,0.2583,-0.0567,9.6400,-0.7796
66.338,0.0641,-0.2731,-0.7871,-0.0440,0.0477,-0.4607,0.2729,-0.0647,9.6400,-0.7796
66.439,0.0641,-0.2731,-0.7871,-0.0440,0.0477,-0.4607,0.2729,-0.0647,9.6400,-0.7796
66.442,0.0641,-0.2731,-0.7871,-0.0539,0.0535,-0.4508,0.2729,-0.0548,9.6499,-0.7801
66.444,0.0829,-0.2556,-0.7871,-0.0365,0.0535,-0.4508,0.2729,-0.0548,9.6499,-0.7801
66.445,0.0880,-0.2556,-0.7762,-0.0365,0.0622,-0.4508,0.2838,-0.0548,9.6499,-0.7801
66.446,0.0880,-0.2626,-0.7613,-0.0365,0.0622,-0.4580,0.2987,-0.0620,9.6499,-0.7801
66.534,0.0880,-0.2626,-0.7613,-0.0465,0.0680,-0.4481,0.2987,-0.0521,9.6599,-0.7806
66.535,0.1070,-0.2450,-0.7613,-0.0290,0.0680,-0.4481,0.2987,-0.0521,9.6599,-0.7806
66.537,0.1094,-0.2450,-0.7522,-0.0290,0.0743,-0.4481,0.3078,-0.0521,9.6599,-0.7806
66.538,0.1094,-0.2506,-0.7365,-0.0290,0.0743,-0.4534,0.3235,-0.0574,9.6599,-0.7806
66.631,0.1094,-0.2506,-0.7365,-0.0389,0.0801,-0.4434,0.3235,-0.0474,9.6698,-0.7811
66.633,0.1281,-0.2326,-0.7365,-0.0208,0.0801,-0.4434,0.3235,-0.0474,9.6698,-0.7811
66.637,0.1322,-0.2326,-0.7251,-0.0208,0.0884,-0.4434,0.3349,-0.0474,9.6698,-0.7811
66.638,0.1322,-0.2354,-0.7090,-0.0208,0.0884,-0.4456,0.3510,-0.0496,9.6698,-0.7811
66.739,0.1322,-0.2354,-0.7090,-0.0307,0.0942,-0.4356,0.3510,-0.0396,9.6798,-0.7816
66.740,0.1495,-0.2173,-0.7090,-0.0125,0.0942,-0.4356,0.3510,-0.0396,9.6798,-0.7816
66.743,0.1573,-0.2173,-0.6944,-0.0125,0.1064,-0.4356,0.3656,-0.0396,9.6798,-0.7816
66.744,0.1573,-0.2176,-0.6789,-0.0125,0.1064,-0.4348,0.3811,-0.0388,9.6798,-0.7816
66.844,0.1573,-0.2176,-0.6789,-0.0125,0.1064,-0.4348,0.3811,-0.0388,9.6798,-0.7816
66.862,0.1573,-0.2176,-0.6789,-0.0224,0.1122,-0.4249,0.3811,-0.0288,9.6897,-0.7821
66.863,0.1726,-0.2000,-0.6789,-0.0048,0.1122,-0.4249,0.3811,-0.0288,9.6897,-0.7821
66.865,0.1813,-0.2000,-0.6637,-0.0048,0.1251,-0.4249,0.3963,-0.0288,9.6897,-0.7821
66.868,0.1813,-0.1980,-0.6490,-0.0048,0.1251,-0.4215,0.4110,-0.0255,9.6897,-0.7821
66.969,0.1813,-0.1980,-0.6490,-0.0048,0.1251,-0.4215,0.4110,-0.0255,9.6897,-0.7821
66.974,0.1813,-0.1980,-0.6490,-0.0148,0.1309,-0.4116,0.4110,-0.0156,9.6996,-0.7826
66.975,0.1954,-0.1810,-0.6490,0.0022,0.1309,-0.4116,0.4110,-0.0156,9.6996,-0.7826
66.976,0.2035,-0.1810,-0.6349,0.0022,0.1429,-0.4116,0.4251,-0.0156,9.6996,-0.7826
66.978,0.2035,-0.1770,-0.6204,0.0022,0.1429,-0.4059,0.4396,-0.0099,9.6996,-0.7826
67.079,0.2035,-0.1770,-0.6204,0.0022,0.1429,-0.4059,0.4396,-0.0099,9.6996,-0.7826
67.087,0.2035,-0.1770,-0.6204,-0.0077,0.1487,-0.3960,0.4396,0.0000,9.7096,-0.7831
67.092,0.2174,-0.1600,-0.6204,0.0091,0.1487,-0.3960,0.4396,0.0000,9.7096,-0.7831
67.094,0.2250,-0.1600,-0.6070,0.0091,0.1601,-0.3960,0.4530,0.0000,9.7096,-0.7831
67.096,0.2250,-0.1549,-0.5925,0.0091,0.1601,-0.3889,0.4675,0.0071,9.7096,-0.7831
67.197,0.2250,-0.1549,-0.5925,0.0091,0.1601,-0.3889,0.4675,0.0071,9.7096,-0.7831
67.200,0.2250,-0.1549,-0.5925,-0.0008,0.1659,-0.3791,0.4675,0.0170,9.7195,-0.7836
67.202,0.2389,-0.1379,-0.5925,0.0160,0.1659,-0.3791,0.4675,0.0170,9.7195,-0.7836
67.204,0.2454,-0.1379,-0.5788,0.0160,0.1766,-0.3791,0.4812,0.0170,9.7195,-0.7836
67.204,0.2454,-0.1323,-0.5645,0.0160,0.1766,-0.3713,0.4955,0.0247,9.7195,-0.7836
67.288,0.2454,-0.1323,-0.5645,0.0061,0.1824,-0.3615,0.4955,0.0345,9.7295,-0.7842
67.289,0.2584,-0.1158,-0.5645,0.0224,0.1824,-0.3615,0.4955,0.0345,9.7295,-0.7842
67.290,0.2631,-0.1158,-0.5504,0.0224,0.1923,-0.3615,0.5096,0.0345,9.7295,-0.7842
67.293,0.2631,-0.1100,-0.5363,0.0224,0.1923,-0.3534,0.5237,0.0426,9.7295,-0.7842
67.368,0.2631,-0.1100,-0.5363,0.0125,0.1980,-0.3436,0.5237,0.0524,9.7394,-0.7847
67.369,0.2744,-0.0944,-0.5363,0.0276,0.1980,-0.3436,0.5237,0.0524,9.7394,-0.7847
67.369,0.2777,-0.0944,-0.5221,0.0276,0.2071,-0.3436,0.5379,0.0524,9.7394,-0.7847
67.370,0.2777,-0.0884,-0.5084,0.0276,0.2071,-0.3353,0.5516,0.0608,9.7394,-0.7847
67.455,0.2777,-0.0884,-0.5084,0.0177,0.2128,-0.3255,0.5516,0.0705,9.7494,-0.7852
67.456,0.2872,-0.0738,-0.5084,0.0317,0.2128,-0.3255,0.5516,0.0705,9.7494,-0.7852
67.456,0.2908,-0.0738,-0.4947,0.0317,0.2218,-0.3255,0.5653,0.0705,9.7494,-0.7852
67.456,0.2908,-0.0675,-0.4813,0.0317,0.2218,-0.3169,0.5787,0.0791,9.7494,-0.7852
67.534,0.2908,-0.0675,-0.4813,0.0217,0.2275,-0.3072,0.5787,0.0888,9.7593,-0.7857
67.535,0.2988,-0.0535,-0.4813,0.0349,0.2275,-0.3072,0.5787,0.0888,9.7593,-0.7857
67.535,0.3030,-0.0535,-0.4678,0.0349,0.2367,-0.3072,0.5922,0.0888,9.7593,-0.7857
67.536,0.3030,-0.0467,-0.4548,0.0349,0.2367,-0.2982,0.6052,0.0979,9.7593,-0.7857
67.616,0.3030,-0.0467,-0.4548,0.0250,0.2424,-0.2885,0.6052,0.1075,9.7693,-0.7862
67.617,0.3104,-0.0330,-0.4548,0.0379,0.2424,-0.2885,0.6052,0.1075,9.7693,-0.7862
67.617,0.3142,-0.0330,-0.4409,0.0379,0.2516,-0.2885,0.6191,0.1075,9.7693,-0.7862
67.619,0.3142,-0.0256,-0.4281,0.0379,0.2516,-0.2789,0.6319,0.1171,9.7693,-0.7862
67.702,0.3142,-0.0256,-0.4281,0.0280,0.2573,-0.2693,0.6319,0.1267,9.7792,-0.7867
67.703,0.3217,-0.0115,-0.4281,0.0411,0.2573,-0.2693,0.6319,0.1267,9.7792,-0.7867
67.704,0.3235,-0.0115,-0.4137,0.0411,0.2654,-0.2693,0.6463,0.1267,9.7792,-0.7867
67.705,0.3235,-0.0032,-0.4010,0.0411,0.2654,-0.2588,0.6590,0.1372,9.7792,-0.7867
67.806,0.3235,-0.0032,-0.4010,0.0411,0.2654,-0.2588,0.6590,0.1372,9.7792,-0.7867
67.819,0.3235,-0.0032,-0.4010,0.0312,0.2711,-0.2492,0.6590,0.1468,9.7892,-0.7872
67.820,0.3307,0.0109,-0.4010,0.0443,0.2711,-0.2492,0.6590,0.1468,9.7892,-0.7872
67.821,0.3304,0.0109,-0.3868,0.0443,0.2777,-0.2492,0.6732,0.1468,9.7892,-0.7872
67.822,0.3304,0.0204,-0.3743,0.0443,0.2777,-0.2377,0.6857,0.1583,9.7892,-0.7872
67.919,0.3304,0.0204,-0.3743,0.0344,0.2833,-0.2282,0.6857,0.1679,9.7991,-0.7877
67.920,0.3368,0.0342,-0.3743,0.0472,0.2833,-0.2282,0.6857,0.1679,9.7991,-0.7877
67.920,0.3355,0.0342,-0.3608,0.0472,0.2890,-0.2282,0.6992,0.1679,9.7991,-0.7877
67.922,0.3355,0.0449,-0.3485,0.0472,0.2890,-0.2155,0.7115,0.1805,9.7991,-0.7877
68.002,0.3355,0.0449,-0.3485,0.0372,0.2945,-0.2060,0.7115,0.1900,9.8091,-0.7882
68.004,0.3410,0.0583,-0.3485,0.0495,0.2945,-0.2060,0.7115,0.1900,9.8091,-0.7882
68.006,0.3404,0.0583,-0.3354,0.0495,0.3005,-0.2060,0.7246,0.1900,9.8091,-0.7882
68.008,0.3404,0.0700,-0.3233,0.0495,0.3005,-0.1925,0.7367,0.2035,9.8091,-0.7882
68.099,0.3404,0.0700,-0.3233,0.0395,0.3060,-0.1830,0.7367,0.2130,9.8190,-0.7887
68.101,0.3456,0.0834,-0.3233,0.0517,0.3060,-0.1830,0.7367,0.2130,9.8190,-0.7887
68.103,0.3453,0.0834,-0.3098,0.0517,0.3124,-0.1830,0.7502,0.2130,9.8190,-0.7887
68.104,0.3453,0.0956,-0.2976,0.0517,0.3124,-0.1691,0.7624,0.2269,9.8190,-0.7887
68.185,0.3453,0.0956,-0.2976,0.0418,0.3178,-0.1596,0.7624,0.2364,9.8289,-0.7892
68.187,0.3508,0.1094,-0.2976,0.0544,0.3178,-0.1596,0.7624,0.2364,9.8289,-0.7892
68.189,0.3489,0.1094,-0.2840,0.0544,0.3233,-0.1596,0.7760,0.2364,9.8289,-0.7892
68.190,0.3489,0.1210,-0.2713,0.0544,0.3233,-0.1463,0.7887,0.2497,9.8289,-0.7892
68.291,0.3489,0.1210,-0.2713,0.0544,0.3233,-0.1463,0.7887,0.2497,9.8289,-0.7892
68.314,0.3489,0.1210,-0.2713,0.0444,0.3286,-0.1369,0.7887,0.2592,9.8389,-0.7896
68.315,0.3548,0.1352,-0.2713,0.0575,0.3286,-0.1369,0.7887,0.2592,9.8389,-0.7896
68.315,0.3508,0.1352,-0.2581,0.0575,0.3325,-0.1369,0.8019,0.2592,9.8389,-0.7896
68.316,0.3508,0.1449,-0.2447,0.0575,0.3325,-0.1253,0.8153,0.2707,9.8389,-0.7896
68.416,0.3508,0.1449,-0.2447,0.0575,0.3325,-0.1253,0.8153,0.2707,9.8389,-0.7896
68.445,0.3508,0.1449,-0.2447,0.0475,0.3378,-0.1159,0.8153,0.2801,9.8488,-0.7901
68.446,0.3567,0.1591,-0.2447,0.0606,0.3378,-0.1159,0.8153,0.2801,9.8488,-0.7901
68.448,0.3521,0.1591,-0.2325,0.0606,0.3408,-0.1159,0.8275,0.2801,9.8488,-0.7901
68.453,0.3521,0.1668,-0.2181,0.0606,0.3408,-0.1062,0.8419,0.2898,9.8488,-0.7901
68.545,0.3521,0.1668,-0.2181,0.0507,0.3461,-0.0968,0.8419,0.2992,9.8588,-0.7906
68.546,0.3576,0.1808,-0.2181,0.0636,0.3461,-0.0968,0.8419,0.2992,9.8588,-0.7906
68.549,0.3526,0.1808,-0.2078,0.0636,0.3479,-0.0968,0.8522,0.2992,9.8588,-0.7906
68.553,0.3526,0.1892,-0.1933,0.0636,0.3479,-0.0864,0.8667,0.3096,9.8588,-0.7906
68.633,0.3526,0.1892,-0.1933,0.0537,0.3531,-0.0771,0.8667,0.3189,9.8687,-0.7911
68.635,0.3571,0.2029,-0.1933,0.0661,0.3531,-0.0771,0.8667,0.3189,9.8687,-0.7911
68.636,0.3502,0.2029,-0.1859,0.0661,0.3522,-0.0771,0.8741,0.3189,9.8687,-0.7911
68.638,0.3502,0.2140,-0.1714,0.0661,0.3522,-0.0643,0.8886,0.3318,9.8687,-0.7911
68.721,0.3502,0.2140,-0.1714,0.0562,0.3573,-0.0549,0.8886,0.3411,9.8787,-0.7916
68.723,0.3528,0.2265,-0.1714,0.0673,0.3573,-0.0549,0.8886,0.3411,9.8787,-0.7916
68.725,0.3432,0.2265,-0.1664,0.0673,0.3534,-0.0549,0.8936,0.3411,9.8787,-0.7916
68.727,0.3432,0.2381,-0.1511,0.0673,0.3534,-0.0416,0.9089,0.3545,9.8787,-0.7916
68.811,0.3432,0.2381,-0.1511,0.0574,0.3585,-0.0322,0.9089,0.3638,9.8886,-0.7921
68.813,0.3431,0.2490,-0.1511,0.0666,0.3585,-0.0322,0.9089,0.3638,9.8886,-0.7921
68.815,0.3323,0.2490,-0.1463,0.0666,0.3536,-0.0322,0.9137,0.3638,9.8886,-0.7921
68.817,0.3323,0.2569,-0.1294,0.0666,0.3536,-0.0221,0.9306,0.3739,9.8886,-0.7921
68.901,0.3323,0.2569,-0.1294,0.0567,0.3587,-0.0128,0.9306,0.3832,9.8986,-0.7926
68.903,0.3301,0.2664,-0.1294,0.0644,0.3587,-0.0128,0.9306,0.3832,9.8986,-0.7926
68.905,0.3190,0.2664,-0.1248,0.0644,0.3536,-0.0128,0.9352,0.3832,9.8986,-0.7926
68.907,0.3190,0.2708,-0.1068,0.0644,0.3536,-0.0059,0.9532,0.3901,9.8986,-0.7926
68.985,0.3190,0.2708,-0.1068,0.0545,0.3586,0.0033,0.9532,0.3993,9.9085,-0.7931
68.987,0.3155,0.2795,-0.1068,0.0613,0.3586,0.0033,0.9532,0.3993,9.9085,-0.7931
68.989,0.3035,0.2795,-0.1037,0.0613,0.3520,0.0033,0.9563,0.3993,9.9085,-0.7931
68.990,0.3035,0.2837,-0.0851,0.0613,0.3520,0.0101,0.9749,0.4062,9.9085,-0.7931
69.080,0.3035,0.2837,-0.0851,0.0514,0.3570,0.0193,0.9749,0.4153,9.9185,-0.7936
69.081,0.2994,0.2920,-0.0851,0.0578,0.3570,0.0193,0.9749,0.4153,9.9185,-0.7936
69.083,0.2852,0.2920,-0.0846,0.0578,0.3476,0.0193,0.9754,0.4153,9.9185,-0.7936
69.085,0.2852,0.2983,-0.0655,0.0578,0.3476,0.0282,0.9945,0.4242,9.9185,-0.7936
69.185,0.2852,0.2983,-0.0655,0.0578,0.3476,0.0282,0.9945,0.4242,9.9185,-0.7936
69.189,0.2852,0.2983,-0.0655,0.0479,0.3526,0.0373,0.9945,0.4333,9.9284,-0.7941
69.191,0.2804,0.3063,-0.0655,0.0539,0.3526,0.0373,0.9945,0.4333,9.9284,-0.7941
69.193,0.2642,0.3063,-0.0670,0.0539,0.3408,0.0373,0.9930,0.4333,9.9284,-0.7941
69.195,0.2642,0.3143,-0.0476,0.0539,0.3408,0.0477,1.0124,0.4437,9.9284,-0.7941
69.287,0.2642,0.3143,-0.0476,0.0441,0.3458,0.0568,1.0124,0.4401,9.9384,-0.7946
69.289,0.2582,0.3217,-0.0476,0.0494,0.3458,0.0568,1.0124,0.4454,9.9384,-0.7946
69.292,0.2411,0.3217,-0.0499,0.0494,0.3329,0.0568,1.0101,0.4454,9.9384,-0.7946
69.294,0.2411,0.3295,-0.0301,0.0494,0.3329,0.0670,1.0299,0.4454,9.9384,-0.7946
69.389,0.2411,0.3295,-0.0301,0.0395,0.3379,0.0760,1.0299,0.4355,9.9483,-0.7951
69.390,0.2336,0.3360,-0.0301,0.0438,0.3379,0.0760,1.0299,0.4398,9.9483,-0.7951
69.392,0.2167,0.3360,-0.0327,0.0438,0.3250,0.0760,1.0273,0.4398,9.9483,-0.7951
69.393,0.2167,0.3427,-0.0128,0.0438,0.3250,0.0851,1.0472,0.4398,9.9483,-0.7951
69.494,0.2167,0.3427,-0.0128,0.0438,0.3250,0.0851,1.0472,0.4398,9.9483,-0.7951
69.509,0.2167,0.3427,-0.0128,0.0340,0.3299,0.0940,1.0472,0.4300,9.9583,-0.7956
69.510,0.2077,0.3481,-0.0128,0.0371,0.3299,0.0940,1.0472,0.4331,9.9583,-0.7956
69.511,0.1908,0.3481,-0.0159,0.0371,0.3166,0.0940,1.0441,0.4331,9.9583,-0.7956
69.514,0.1908,0.3545,0.0043,0.0371,0.3166,0.1028,1.0643,0.4331,9.9583,-0.7956
69.608,0.1908,0.3545,0.0043,0.0274,0.3215,0.1117,1.0643,0.4234,9.9682,-0.7961
69.609,0.1808,0.3593,0.0043,0.0298,0.3215,0.1117,1.0643,0.4258,9.9682,-0.7961
69.610,0.1635,0.3593,0.0003,0.0298,0.3076,0.1117,1.0603,0.4258,9.9682,-0.7961
69.612,0.1635,0.3669,0.0209,0.0298,0.3076,0.1217,1.0809,0.4258,9.9682,-0.7961
69.695,0.1635,0.3669,0.0209,0.0201,0.3124,0.1304,1.0809,0.4161,9.9782,-0.7966
69.696,0.1531,0.3715,0.0209,0.0225,0.3124,0.1304,1.0809,0.4185,9.9782,-0.7966
69.698,0.1353,0.3715,0.0163,0.0225,0.2977,0.1304,1.0763,0.4185,9.9782,-0.7966
69.700,0.1353,0.3807,0.0369,0.0225,0.2977,0.1417,1.0969,0.4185,9.9782,-0.7966
69.800,0.1353,0.3807,0.0369,0.0225,0.2977,0.1417,1.0969,0.4185,9.9782,-0.7966
69.821,0.1353,0.3807,0.0369,0.0128,0.3025,0.1505,1.0969,0.4088,9.9881,-0.7970
69.822,0.1256,0.3851,0.0369,0.0151,0.3025,0.1505,1.0969,0.4111,9.9881,-0.7970
69.823,0.1079,0.3851,0.0329,0.0151,0.2881,0.1505,1.0929,0.4111,9.9881,-0.7970
69.824,0.1079,0.3941,0.0530,0.0151,0.2881,0.1614,1.1130,0.4111,9.9881,-0.7970
69.924,0.1079,0.3941,0.0530,0.0151,0.2881,0.1614,1.1130,0.4111,9.9881,-0.7970
69.943,0.1079,0.3941,0.0530,0.0055,0.2929,0.1700,1.1130,0.4015,9.9981,-0.7975
69.944,0.0992,0.3980,0.0530,0.0077,0.2929,0.1700,1.1130,0.4037,9.9981,-0.7975
69.945,0.0826,0.3980,0.0520,0.0077,0.2808,0.1700,1.1120,0.4037,9.9981,-0.7975
69.946,0.0826,0.4045,0.0712,0.0077,0.2808,0.1785,1.1312,0.4037,9.9981,-0.7975
70.036,0.0826,0.4045,0.0712,-0.0019,0.2856,0.1871,1.1312,0.3941,10.0080,-0.7980
70.037,0.0742,0.4078,0.0712,-0.0002,0.2856,0.1871,1.1312,0.3958,10.0080,-0.7980
70.038,0.0590,0.4078,0.0741,-0.0002,0.2767,0.1871,1.1190,0.3958,10.0080,-0.7980
70.039,0.0590,0.4107,0.0920,-0.0002,0.2767,0.1921,1.1190,0.3958,10.0080,-0.7980
70.125,0.0590,0.4107,0.0920,-0.0097,0.2815,0.2006,1.1190,0.3863,10.0179,-0.7985
70.126,0.0489,0.4123,0.0920,-0.0098,0.2815,0.2006,1.1089,0.3862,10.0179,-0.7985
70.128,0.0346,0.4123,0.0969,-0.0098,0.2744,0.2006,1.0946,0.3862,10.0179,-0.7985
70.130,0.0346,0.4130,0.1137,-0.0098,0.2744,0.2035,1.0946,0.3862,10.0179,-0.7985
70.208,0.0346,0.4130,0.1137,-0.0192,0.2791,0.2119,1.0946,0.3768,10.0279,-0.7990
70.210,0.0220,0.4120,0.1137,-0.0220,0.2791,0.2119,1.0820,0.3740,10.0279,-0.7990
70.212,0.0076,0.4120,0.1185,-0.0220,0.2719,0.2119,1.0676,0.3740,10.0279,-0.7990
70.213,0.0076,0.4139,0.1352,-0.0220,0.2719,0.2157,1.0676,0.3740,10.0279,-0.7990
70.290,0.0076,0.4139,0.1352,-0.0313,0.2766,0.2241,1.0676,0.3647,10.0378,-0.7995
70.292,-0.0066,0.4109,0.1352,-0.0361,0.2766,0.2241,1.0534,0.3599,10.0378,-0.7995
70.293,-0.0219,0.4109,0.1399,-0.0361,0.2688,0.2241,1.0381,0.3599,10.0378,-0.7995
70.295,-0.0219,0.4138,0.1567,-0.0361,0.2688,0.2288,1.0381,0.3599,10.0378,-0.7995
70.395,-0.0219,0.4138,0.1567,-0.0454,0.2735,0.2371,1.0381,0.3506,10.0478,-0.8000
70.397,-0.0357,0.4105,0.1567,-0.0504,0.2735,0.2371,1.0243,0.3456,10.0478,-0.8000
70.399,-0.0513,0.4105,0.1617,-0.0504,0.2657,0.2371,1.0087,0.3456,10.0478,-0.8000
70.405,-0.0513,0.4129,0.1782,-0.0504,0.2657,0.2413,1.0087,0.3456,10.0478,-0.8000
70.503,-0.0513,0.4129,0.1782,-0.0596,0.2703,0.2495,1.0087,0.3364,10.0577,-0.8005
70.506,-0.0631,0.4102,0.1782,-0.0636,0.2703,0.2495,0.9969,0.3324,10.0577,-0.8005
70.508,-0.0780,0.4102,0.1837,-0.0636,0.2633,0.2495,0.9820,0.3324,10.0577,-0.8005
70.510,-0.0780,0.4105,0.1995,-0.0636,0.2633,0.2516,0.9820,0.3324,10.0577,-0.8005
70.581,-0.0780,0.4105,0.1995,-0.0727,0.2678,0.2597,0.9820,0.3233,10.0677,-0.8010
70.582,-0.0882,0.4071,0.1995,-0.0772,0.2678,0.2597,0.9718,0.3188,10.0677,-0.8010
70.583,-0.1023,0.4071,0.2050,-0.0772,0.2614,0.2597,0.9577,0.3188,10.0677,-0.8010
70.583,-0.1023,0.4043,0.2188,-0.0772,0.2614,0.2587,0.9577,0.3188,10.0677,-0.8010
70.684,-0.1023,0.4043,0.2188,-0.0772,0.2614,0.2587,0.9577,0.3188,10.0677,-0.8010
70.685,-0.1023,0.4043,0.2188,-0.0862,0.2659,0.2668,0.9577,0.3098,10.0776,-0.8014
70.687,-0.1116,0.3987,0.2188,-0.0926,0.2659,0.2668,0.9484,0.3034,10.0776,-0.8014
70.689,-0.1253,0.3987,0.2238,-0.0926,0.2596,0.2668,0.9347,0.3034,10.0776,-0.8014
70.690,-0.1253,0.3930,0.2348,-0.0926,0.2596,0.2627,0.9347,0.3034,10.0776,-0.8014
70.784,-0.1253,0.3930,0.2348,-0.1016,0.2640,0.2707,0.9347,0.2944,10.0876,-0.8019
70.786,-0.1341,0.3860,0.2348,-0.1093,0.2640,0.2707,0.9259,0.2867,10.0876,-0.8019
70.788,-0.1487,0.3860,0.2385,-0.1093,0.2563,0.2707,0.9113,0.2867,10.0876,-0.8019
70.790,-0.1487,0.3791,0.2471,-0.1093,0.2563,0.2654,0.9113,0.2867,10.0876,-0.8019
70.891,-0.1487,0.3791,0.2471,-0.1093,0.2563,0.2654,0.9113,0.2867,10.0876,-0.8019
70.908,-0.1487,0.3791,0.2471,-0.1182,0.2607,0.2733,0.9113,0.2778,10.0975,-0.8024
70.921,-0.1569,0.3719,0.2471,-0.1260,0.2607,0.2733,0.9031,0.2700,10.0975,-0.8024
70.921,-0.1731,0.3719,0.2491,-0.1260,0.2510,0.2733,0.8869,0.2700,10.0975,-0.8024
70.921,-0.1731,0.3649,0.2560,-0.1260,0.2510,0.2677,0.8869,0.2700,10.0975,-0.8024
71.022,-0.1731,0.3649,0.2560,-0.1260,0.2510,0.2677,0.8869,0.2700,10.0975,-0.8024
71.051,-0.1731,0.3649,0.2560,-0.1349,0.2553,0.2755,0.8869,0.2611,10.1075,-0.8029
71.067,-0.1802,0.3566,0.2560,-0.1436,0.2553,0.2755,0.8798,0.2524,10.1075,-0.8029
71.069,-0.1976,0.3566,0.2553,-0.1436,0.2434,0.2755,0.8624,0.2524,10.1075,-0.8029
71.070,-0.1976,0.3484,0.2601,-0.1436,0.2434,0.2686,0.8624,0.2524,10.1075,-0.8029
71.171,-0.1976,0.3484,0.2601,-0.1436,0.2434,0.2686,0.8624,0.2524,10.1075,-0.8029
71.174,-0.1976,0.3484,0.2601,-0.1525,0.2477,0.2764,0.8624,0.2435,10.1174,-0.8034
71.176,-0.2014,0.3379,0.2601,-0.1629,0.2477,0.2764,0.8586,0.2331,10.1174,-0.8034
71.178,-0.2178,0.3379,0.2534,-0.1629,0.2328,0.2764,0.8422,0.2331,10.1174,-0.8034
71.180,-0.2178,0.3280,0.2565,-0.1629,0.2328,0.2677,0.8422,0.2331,10.1174,-0.8034
71.280,-0.2178,0.3280,0.2565,-0.1629,0.2328,0.2677,0.8422,0.2331,10.1174,-0.8034
71.282,-0.2178,0.3280,0.2565,-0.1717,0.2371,0.2755,0.8422,0.2243,10.1274,-0.8039
71.286,-0.2180,0.3172,0.2565,-0.1818,0.2371,0.2755,0.8420,0.2142,10.1274,-0.8039
71.288,-0.2292,0.3172,0.2436,-0.1818,0.2224,0.2755,0.8308,0.2142,10.1274,-0.8039
71.289,-0.2292,0.3056,0.2454,-0.1818,0.2224,0.2651,0.8308,0.2142,10.1274,-0.8039
71.390,-0.2292,0.3056,0.2454,-0.1818,0.2224,0.2651,0.8308,0.2142,10.1274,-0.8039
71.458,-0.2292,0.3056,0.2454,-0.1907,0.2268,0.2728,0.8308,0.2053,10.1373,-0.8044
71.459,-0.2280,0.2967,0.2454,-0.1988,0.2268,0.2728,0.8320,0.1972,10.1373,-0.8044
71.459,-0.2355,0.2967,0.2328,-0.1988,0.2147,0.2728,0.8245,0.1972,10.1373,-0.8044
71.460,-0.2355,0.2842,0.2337,-0.1988,0.2147,0.2615,0.8245,0.1972,10.1373,-0.8044
71.525,-0.2355,0.2842,0.2337,-0.2076,0.2192,0.2692,0.8245,0.1884,10.1473,-0.8049
71.526,-0.2335,0.2765,0.2337,-0.2145,0.2192,0.2692,0.8265,0.1815,10.1473,-0.8049
71.527,-0.2429,0.2765,0.2231,-0.2145,0.2071,0.2692,0.8171,0.1815,10.1473,-0.8049
71.528,-0.2429,0.2641,0.2241,-0.2145,0.2071,0.2581,0.8171,0.1815,10.1473,-0.8049
71.594,-0.2429,0.2641,0.2241,-0.2234,0.2117,0.2656,0.8171,0.1726,10.1572,-0.8054
71.596,-0.2398,0.2560,0.2241,-0.2304,0.2117,0.2656,0.8202,0.1656,10.1572,-0.8054
71.596,-0.2520,0.2560,0.2123,-0.2304,0.1970,0.2656,0.8080,0.1656,10.1572,-0.8054
71.597,-0.2520,0.2435,0.2133,-0.2304,0.1970,0.2546,0.8080,0.1656,10.1572,-0.8054
71.662,-0.2520,0.2435,0.2133,-0.2393,0.2017,0.2621,0.8080,0.1567,10.1672,-0.8058
71.663,-0.2479,0.2337,0.2133,-0.2477,0.2017,0.2621,0.8121,0.1483,10.1672,-0.8058
71.665,-0.2597,0.2337,0.1973,-0.2477,0.1852,0.2621,0.8003,0.1483,10.1672,-0.8058
71.666,-0.2597,0.2206,0.1977,-0.2477,0.1852,0.2504,0.8003,0.1483,10.1672,-0.8058
71.743,-0.2597,0.2206,0.1977,-0.2566,0.1899,0.2579,0.8003,0.1394,10.1771,-0.8063
71.745,-0.2554,0.2093,0.1977,-0.2661,0.1899,0.2579,0.8046,0.1299,10.1771,-0.8063
71.747,-0.2627,0.2093,0.1791,-0.2661,0.1753,0.2579,0.7973,0.1299,10.1771,-0.8063
71.749,-0.2627,0.1958,0.1791,-0.2661,0.1753,0.2459,0.7973,0.1299,10.1771,-0.8063
71.838,-0.2627,0.1958,0.1791,-0.2751,0.1803,0.2533,0.7973,0.1209,10.1871,-0.8068
71.840,-0.2595,0.1844,0.1791,-0.2848,0.1803,0.2533,0.8005,0.1112,10.1871,-0.8068
71.843,-0.2636,0.1844,0.1617,-0.2848,0.1687,0.2533,0.7964,0.1112,10.1871,-0.8068
71.844,-0.2636,0.1714,0.1624,-0.2848,0.1687,0.2419,0.7964,0.1112,10.1871,-0.8068
71.931,-0.2636,0.1714,0.1624,-0.2938,0.1738,0.2492,0.7964,0.1022,10.1970,-0.8073
71.933,-0.2619,0.1602,0.1624,-0.3035,0.1738,0.2492,0.7981,0.0925,10.1970,-0.8073
71.935,-0.2662,0.1602,0.1474,-0.3035,0.1634,0.2492,0.7938,0.0925,10.1970,-0.8073
71.936,-0.2662,0.1486,0.1504,-0.3035,0.1634,0.2394,0.7938,0.0925,10.1970,-0.8073
72.036,-0.2662,0.1486,0.1504,-0.3035,0.1634,0.2394,0.7938,0.0925,10.1970,-0.8073
72.040,-0.2662,0.1486,0.1504,-0.3126,0.1687,0.2467,0.7938,0.0834,10.2070,-0.8078
72.041,-0.2657,0.1374,0.1504,-0.3224,0.1687,0.2467,0.7943,0.0736,10.2070,-0.8078
72.041,-0.2710,0.1374,0.1359,-0.3224,0.1580,0.2467,0.7890,0.0736,10.2070,-0.8078
72.043,-0.2710,0.1276,0.1420,-0.3224,0.1580,0.2390,0.7890,0.0736,10.2070,-0.8078
72.117,-0.2710,0.1276,0.1420,-0.3315,0.1635,0.2462,0.7890,0.0645,10.2169,-0.8083
72.118,-0.2716,0.1159,0.1420,-0.3421,0.1635,0.2462,0.7884,0.0539,10.2169,-0.8083
72.119,-0.2771,0.1159,0.1274,-0.3421,0.1528,0.2462,0.7829,0.0539,10.2169,-0.8083
72.120,-0.2771,0.1077,0.1352,-0.3421,0.1528,0.2402,0.7829,0.0539,10.2169,-0.8083
72.198,-0.2771,0.1077,0.1352,-0.3511,0.1584,0.2473,0.7829,0.0449,10.2269,-0.8087
72.200,-0.2791,0.0952,0.1352,-0.3626,0.1584,0.2473,0.7809,0.0334,10.2269,-0.8087
72.202,-0.2836,0.0952,0.1210,-0.3626,0.1488,0.2473,0.7764,0.0334,10.2269,-0.8087
72.204,-0.2836,0.0881,0.1292,-0.3626,0.1488,0.2424,0.7764,0.0334,10.2269,-0.8087
72.294,-0.2836,0.0881,0.1292,-0.3717,0.1545,0.2494,0.7764,0.0243,10.2368,-0.8092
72.296,-0.2868,0.0749,0.1292,-0.3842,0.1545,0.2494,0.7732,0.0118,10.2368,-0.8092
72.298,-0.2914,0.0749,0.1155,-0.3842,0.1452,0.2494,0.7686,0.0118,10.2368,-0.8092
72.300,-0.2914,0.0678,0.1235,-0.3842,0.1452,0.2445,0.7686,0.0118,10.2368,-0.8092
72.400,-0.2914,0.0678,0.1235,-0.3842,0.1452,0.2445,0.7686,0.0118,10.2368,-0.8092
72.408,-0.2914,0.0678,0.1235,-0.3933,0.1511,0.2515,0.7686,0.0027,10.2468,-0.8097
72.415,-0.2954,0.0542,0.1235,-0.4063,0.1511,0.2515,0.7646,-0.0103,10.2468,-0.8097
72.417,-0.3018,0.0542,0.1094,-0.4063,0.1405,0.2515,0.7582,-0.0103,10.2468,-0.8097
72.419,-0.3018,0.0469,0.1179,-0.4063,0.1405,0.2465,0.7582,-0.0103,10.2468,-0.8097
72.520,-0.3018,0.0469,0.1179,-0.4063,0.1405,0.2465,0.7582,-0.0103,10.2468,-0.8097
72.522,-0.3018,0.0469,0.1179,-0.4154,0.1465,0.2533,0.7582,-0.0194,10.2567,-0.8102
72.524,-0.3059,0.0331,0.1179,-0.4286,0.1465,0.2533,0.7541,-0.0326,10.2567,-0.8102
72.527,-0.3145,0.0331,0.1029,-0.4286,0.1340,0.2533,0.7455,-0.0326,10.2567,-0.8102
72.530,-0.3145,0.0264,0.1126,-0.4286,0.1340,0.2490,0.7455,-0.0326,10.2567,-0.8102
72.630,-0.3145,0.0264,0.1126,-0.4286,0.1340,0.2490,0.7455,-0.0326,10.2567,-0.8102
72.634,-0.3145,0.0264,0.1126,-0.4375,0.1402,0.2556,0.7455,-0.0415,10.2665,-0.8108
72.635,-0.3175,0.0136,0.1126,-0.4495,0.1402,0.2556,0.7425,-0.0535,10.2665,-0.8108
72.637,-0.3268,0.0136,0.0971,-0.4495,0.1272,0.2556,0.7332,-0.0535,10.2665,-0.8108
72.639,-0.3268,0.0084,0.1078,-0.4495,0.1272,0.2527,0.7332,-0.0535,10.2665,-0.8108
72.739,-0.3268,0.0084,0.1078,-0.4495,0.1272,0.2527,0.7332,-0.0535,10.2665,-0.8108
72.743,-0.3268,0.0084,0.1078,-0.4548,0.1336,0.2554,0.7332,-0.0588,10.2733,-0.8138
72.745,-0.3241,0.0087,0.1078,-0.4537,0.1336,0.2554,0.7359,-0.0577,10.2733,-0.8138
72.747,-0.3328,0.0087,0.0922,-0.4537,0.1210,0.2554,0.7272,-0.0577,10.2733,-0.8138
72.750,-0.3328,0.0049,0.1033,-0.4537,0.1210,0.2538,0.7272,-0.0577,10.2733,-0.8138
72.850,-0.3328,0.0049,0.1033,-0.4537,0.1210,0.2538,0.7272,-0.0577,10.2733,-0.8138
72.858,-0.3328,0.0049,0.1033,-0.4547,0.1284,0.2518,0.7272,-0.0587,10.2770,-0.8203
72.860,-0.3292,0.0014,0.1033,-0.4566,0.1284,0.2518,0.7308,-0.0606,10.2770,-0.8203
72.862,-0.3379,0.0014,0.0873,-0.4566,0.1157,0.2518,0.7221,-0.0606,10.2770,-0.8203
72.865,-0.3379,-0.0015,0.0983,-0.4566,0.1157,0.2510,0.7221,-0.0606,10.2770,-0.8203
72.965,-0.3379,-0.0015,0.0983,-0.4527,0.1246,0.2433,0.7221,-0.0567,10.2773,-0.8313
72.967,-0.3324,-0.0093,0.0983,-0.4577,0.1246,0.2433,0.7276,-0.0617,10.2773,-0.8313
72.968,-0.3418,-0.0093,0.0815,-0.4577,0.1110,0.2433,0.7182,-0.0617,10.2773,-0.8313
72.968,-0.3418,-0.0122,0.0921,-0.4577,0.1110,0.2425,0.7182,-0.0617,10.2773,-0.8313
73.068,-0.3418,-0.0122,0.0921,-0.4577,0.1110,0.2425,0.7182,-0.0617,10.2773,-0.8313
73.083,-0.3418,-0.0122,0.0921,-0.4506,0.1212,0.2309,0.7182,-0.0546,10.2755,-0.8455
73.085,-0.3346,-0.0216,0.0921,-0.4565,0.1212,0.2309,0.7254,-0.0605,10.2755,-0.8455
73.086,-0.3439,-0.0216,0.0748,-0.4565,0.1075,0.2309,0.7161,-0.0605,10.2755,-0.8455
73.088,-0.3439,-0.0257,0.0845,-0.4565,0.1075,0.2290,0.7161,-0.0605,10.2755,-0.8455
73.188,-0.3439,-0.0257,0.0845,-0.4565,0.1075,0.2290,0.7161,-0.0605,10.2755,-0.8455
73.211,-0.3439,-0.0257,0.0845,-0.4497,0.1184,0.2174,0.7161,-0.0537,10.2742,-0.8602
73.211,-0.3350,-0.0328,0.0845,-0.4529,0.1184,0.2174,0.7250,-0.0569,10.2742,-0.8602
73.211,-0.3428,-0.0328,0.0675,-0.4529,0.1059,0.2174,0.7172,-0.0569,10.2742,-0.8602
73.212,-0.3428,-0.0390,0.0758,-0.4529,0.1059,0.2135,0.7172,-0.0569,10.2742,-0.8602
73.312,-0.3428,-0.0390,0.0758,-0.4529,0.1059,0.2135,0.7172,-0.0569,10.2742,-0.8602
73.354,-0.3428,-0.0390,0.0758,-0.4502,0.1163,0.2061,0.7172,-0.0542,10.2761,-0.8719
73.354,-0.3308,-0.0413,0.0758,-0.4483,0.1163,0.2061,0.7292,-0.0523,10.2761,-0.8719
73.355,-0.3377,-0.0413,0.0593,-0.4483,0.1047,0.2061,0.7223,-0.0523,10.2761,-0.8719
73.357,-0.3377,-0.0491,0.0668,-0.4483,0.1047,0.2008,0.7223,-0.0523,10.2761,-0.8719
73.457,-0.3377,-0.0491,0.0668,-0.4483,0.1047,0.2008,0.7223,-0.0523,10.2761,-0.8719
73.518,-0.3377,-0.0491,0.0668,-0.4517,0.1134,0.2002,0.7223,-0.0557,10.2822,-0.8782
73.519,-0.3213,-0.0470,0.0668,-0.4442,0.1134,0.2002,0.7387,-0.0482,10.2822,-0.8782
73.520,-0.3299,-0.0470,0.0499,-0.4442,0.1003,0.2002,0.7301,-0.0482,10.2822,-0.8782
73.521,-0.3299,-0.0552,0.0564,-0.4442,0.1003,0.1944,0.7301,-0.0482,10.2822,-0.8782
73.605,-0.3299,-0.0552,0.0564,-0.4527,0.1073,0.1997,0.7301,-0.0567,10.2917,-0.8794
73.606,-0.3090,-0.0502,0.0564,-0.4408,0.1073,0.1997,0.7510,-0.0448,10.2917,-0.8794
73.607,-0.3205,-0.0502,0.0383,-0.4408,0.0917,0.1997,0.7395,-0.0448,10.2917,-0.8794
73.608,-0.3205,-0.0589,0.0433,-0.4408,0.0917,0.1934,0.7395,-0.0448,10.2917,-0.8794
73.698,-0.3205,-0.0589,0.0433,-0.4509,0.0979,0.2007,0.7395,-0.0549,10.3022,-0.8788
73.698,-0.2991,-0.0534,0.0433,-0.4379,0.0979,0.2007,0.7609,-0.0419,10.3022,-0.8788
73.698,-0.3112,-0.0534,0.0250,-0.4379,0.0817,0.2007,0.7488,-0.0419,10.3022,-0.8788
73.698,-0.3112,-0.0629,0.0287,-0.4379,0.0817,0.1935,0.7488,-0.0419,10.3022,-0.8788
73.775,-0.3112,-0.0629,0.0287,-0.4465,0.0884,0.1989,0.7488,-0.0505,10.3114,-0.8796
73.776,-0.2931,-0.0585,0.0287,-0.4353,0.0884,0.1989,0.7669,-0.0393,10.3114,-0.8796
73.776,-0.3040,-0.0585,0.0114,-0.4353,0.0736,0.1989,0.7560,-0.0393,10.3114,-0.8796
73.777,-0.3040,-0.0698,0.0137,-0.4353,0.0736,0.1900,0.7560,-0.0393,10.3114,-0.8796
73.877,-0.3040,-0.0698,0.0137,-0.4353,0.0736,0.1900,0.7560,-0.0393,10.3114,-0.8796
73.878,-0.3040,-0.0698,0.0137,-0.4408,0.0813,0.1913,0.7560,-0.0448,10.3183,-0.8838
73.880,-0.2892,-0.0679,0.0137,-0.4327,0.0813,0.1913,0.7708,-0.0367,10.3183,-0.8838
73.881,-0.2988,-0.0679,-0.0020,-0.4327,0.0681,0.1913,0.7612,-0.0367,10.3183,-0.8838
73.882,-0.2988,-0.0813,-0.0013,-0.4327,0.0681,0.1804,0.7612,-0.0367,10.3183,-0.8838
73.982,-0.2988,-0.0813,-0.0013,-0.4327,0.0681,0.1804,0.7612,-0.0367,10.3183,-0.8838
74.000,-0.2988,-0.0813,-0.0013,-0.4355,0.0766,0.1779,0.7612,-0.0395,10.3230,-0.8909
74.001,-0.2823,-0.0816,-0.0013,-0.4280,0.0766,0.1779,0.7777,-0.0320,10.3230,-0.8909
74.001,-0.2931,-0.0816,-0.0172,-0.4280,0.0624,0.1779,0.7669,-0.0320,10.3230,-0.8909
74.001,-0.2931,-0.0961,-0.0177,-0.4280,0.0624,0.1660,0.7669,-0.0320,10.3230,-0.8909
74.088,-0.2931,-0.0961,-0.0177,-0.4294,0.0707,0.1619,0.7669,-0.0334,10.3265,-0.8989
74.089,-0.2731,-0.0975,-0.0177,-0.4209,0.0707,0.1619,0.7869,-0.0249,10.3265,-0.8989
74.090,-0.2873,-0.0975,-0.0352,-0.4209,0.0533,0.1619,0.7727,-0.0249,10.3265,-0.8989
74.092,-0.2873,-0.1123,-0.0366,-0.4209,0.0533,0.1495,0.7727,-0.0249,10.3265,-0.8989
74.181,-0.2873,-0.1123,-0.0366,-0.4231,0.0609,0.1465,0.7727,-0.0271,10.3302,-0.9058
74.183,-0.2680,-0.1141,-0.0366,-0.4147,0.0609,0.1465,0.7920,-0.0187,10.3302,-0.9058
74.185,-0.2848,-0.1141,-0.0548,-0.4147,0.0413,0.1465,0.7752,-0.0187,10.3302,-0.9058
74.187,-0.2848,-0.1296,-0.0574,-0.4147,0.0413,0.1334,0.7752,-0.0187,10.3302,-0.9058
74.288,-0.2848,-0.1296,-0.0574,-0.4147,0.0413,0.1334,0.7752,-0.0187,10.3302,-0.9058
74.290,-0.2848,-0.1296,-0.0574,-0.4191,0.0481,0.1333,0.7752,-0.0231,10.3356,-0.9101
74.292,-0.2695,-0.1305,-0.0574,-0.4117,0.0481,0.1333,0.7905,-0.0157,10.3356,-0.9101
74.293,-0.2857,-0.1305,-0.0744,-0.4117,0.0295,0.1333,0.7743,-0.0157,10.3356,-0.9101
74.295,-0.2857,-0.1465,-0.0783,-0.4117,0.0295,0.1195,0.7743,-0.0157,10.3356,-0.9101
74.395,-0.2857,-0.1465,-0.0783,-0.4117,0.0295,0.1195,0.7743,-0.0157,10.3356,-0.9101
74.397,-0.2857,-0.1465,-0.0783,-0.4183,0.0361,0.1220,0.7743,-0.0223,10.3427,-0.9126
74.398,-0.2715,-0.1464,-0.0783,-0.4106,0.0361,0.1220,0.7885,-0.0146,10.3427,-0.9126
74.400,-0.2868,-0.1464,-0.0941,-0.4106,0.0187,0.1220,0.7732,-0.0146,10.3427,-0.9126
74.404,-0.2868,-0.1624,-0.0990,-0.4106,0.0187,0.1078,0.7732,-0.0146,10.3427,-0.9126
74.504,-0.2868,-0.1624,-0.0990,-0.4106,0.0187,0.1078,0.7732,-0.0146,10.3427,-0.9126
74.510,-0.2868,-0.1624,-0.0990,-0.4181,0.0256,0.1111,0.7732,-0.0221,10.3505,-0.9146
74.510,-0.2711,-0.1615,-0.0990,-0.4088,0.0256,0.1111,0.7889,-0.0128,10.3505,-0.9146
74.512,-0.2872,-0.1615,-0.1133,-0.4088,0.0081,0.1111,0.7728,-0.0128,10.3505,-0.9146
74.513,-0.2872,-0.1773,-0.1190,-0.4088,0.0081,0.0970,0.7728,-0.0128,10.3505,-0.9146
74.613,-0.2872,-0.1773,-0.1190,-0.4160,0.0152,0.0996,0.7728,-0.0200,10.3581,-0.9172
74.614,-0.2698,-0.1763,-0.1190,-0.4053,0.0152,0.0996,0.7902,-0.0093,10.3581,-0.9172
74.615,-0.2880,-0.1763,-0.1308,-0.4053,-0.0032,0.0996,0.7720,-0.0093,10.3581,-0.9172
74.619,-0.2880,-0.1915,-0.1369,-0.4053,-0.0032,0.0858,0.7720,-0.0093,10.3581,-0.9172
74.719,-0.2880,-0.1915,-0.1369,-0.4117,0.0037,0.0875,0.7720,-0.0157,10.3648,-0.9203
74.720,-0.2702,-0.1907,-0.1369,-0.4006,0.0037,0.0875,0.7898,-0.0046,10.3648,-0.9203
74.723,-0.2906,-0.1907,-0.1458,-0.4006,-0.0155,0.0875,0.7694,-0.0046,10.3648,-0.9203
74.724,-0.2906,-0.2058,-0.1522,-0.4006,-0.0155,0.0737,0.7694,-0.0046,10.3648,-0.9203
74.821,-0.2906,-0.2058,-0.1522,-0.4064,-0.0091,0.0749,0.7694,-0.0104,10.3707,-0.9234
74.823,-0.2739,-0.2058,-0.1522,-0.3962,-0.0091,0.0749,0.7861,-0.0002,10.3707,-0.9234
74.825,-0.2926,-0.2058,-0.1588,-0.3962,-0.0262,0.0749,0.7674,-0.0002,10.3707,-0.9234
74.827,-0.2926,-0.2210,-0.1656,-0.3962,-0.0262,0.0610,0.7674,-0.0002,10.3707,-0.9234
74.927,-0.2926,-0.2210,-0.1656,-0.3962,-0.0262,0.0610,0.7674,-0.0002,10.3707,-0.9234
74.932,-0.2926,-0.2210,-0.1656,-0.4021,-0.0202,0.0626,0.7674,-0.0061,10.3766,-0.9261
74.935,-0.2771,-0.2222,-0.1656,-0.3930,-0.0202,0.0626,0.7829,0.0030,10.3766,-0.9261
74.937,-0.2928,-0.2222,-0.1717,-0.3930,-0.0347,0.0626,0.7672,0.0030,10.3766,-0.9261
74.938,-0.2928,-0.2374,-0.1788,-0.3930,-0.0347,0.0486,0.7672,0.0030,10.3766,-0.9261
75.038,-0.2928,-0.2374,-0.1788,-0.3930,-0.0347,0.0486,0.7672,0.0030,10.3766,-0.9261
75.047,-0.2928,-0.2374,-0.1788,-0.3997,-0.0285,0.0510,0.7672,-0.0037,10.3833,-0.9283
75.049,-0.2771,-0.2393,-0.1788,-0.3908,-0.0285,0.0510,0.7829,0.0052,10.3833,-0.9283
75.052,-0.2917,-0.2393,-0.1848,-0.3908,-0.0421,0.0510,0.7683,0.0052,10.3833,-0.9283
75.053,-0.2917,-0.2543,-0.1921,-0.3908,-0.0421,0.0371,0.7683,0.0052,10.3833,-0.9283
75.154,-0.2917,-0.2543,-0.1921,-0.3908,-0.0421,0.0371,0.7683,0.0052,10.3833,-0.9283
75.160,-0.2917,-0.2543,-0.1921,-0.3986,-0.0353,0.0404,0.7683,-0.0026,10.3910,-0.9302
75.161,-0.2755,-0.2569,-0.1921,-0.3894,-0.0353,0.0404,0.7845,0.0066,10.3910,-0.9302
75.162,-0.2912,-0.2569,-0.1970,-0.3894,-0.0495,0.0404,0.7688,0.0066,10.3910,-0.9302
75.164,-0.2912,-0.2718,-0.2048,-0.3894,-0.0495,0.0264,0.7688,0.0066,10.3910,-0.9302
75.265,-0.2912,-0.2718,-0.2048,-0.3894,-0.0495,0.0264,0.7688,0.0066,10.3910,-0.9302
75.272,-0.2912,-0.2718,-0.2048,-0.3980,-0.0424,0.0305,0.7688,-0.0020,10.3996,-0.9317
75.274,-0.2745,-0.2738,-0.2048,-0.3878,-0.0424,0.0305,0.7855,0.0082,10.3996,-0.9317
75.276,-0.2917,-0.2738,-0.2082,-0.3878,-0.0573,0.0305,0.7683,0.0082,10.3996,-0.9317
75.277,-0.2917,-0.2883,-0.2165,-0.3878,-0.0573,0.0165,0.7683,0.0082,10.3996,-0.9317
75.378,-0.2917,-0.2883,-0.2165,-0.3878,-0.0573,0.0165,0.7683,0.0082,10.3996,-0.9317
75.382,-0.2917,-0.2883,-0.2165,-0.3969,-0.0505,0.0214,0.7683,-0.0009,10.4086,-0.9327
75.384,-0.2750,-0.2891,-0.2165,-0.3857,-0.0505,0.0214,0.7709,0.0103,10.4086,-0.9327
75.386,-0.2928,-0.2891,-0.2193,-0.3857,-0.0657,0.0214,0.7672,0.0103,10.4086,-0.9327
75.389,-0.2928,-0.3019,-0.2269,-0.3857,-0.0657,0.0090,0.7581,0.0103,10.4086,-0.9327
75.489,-0.2928,-0.3019,-0.2269,-0.3857,-0.0657,0.0090,0.7581,0.0103,10.4086,-0.9327
75.499,-0.2928,-0.3019,-0.2269,-0.3950,-0.0592,0.0147,0.7581,0.0010,10.4179,-0.9329
75.503,-0.2766,-0.3024,-0.2269,-0.3838,-0.0592,0.0147,0.7576,0.0122,10.4179,-0.9329
75.506,-0.2933,-0.3024,-0.2288,-0.3838,-0.0734,0.0147,0.7576,0.0122,10.4179,-0.9329
75.507,-0.2933,-0.3129,-0.2351,-0.3838,-0.0734,0.0045,0.7471,0.0122,10.4179,-0.9329
75.607,-0.2933,-0.3129,-0.2351,-0.3838,-0.0734,0.0045,0.7471,0.0122,10.4179,-0.9329
75.616,-0.2933,-0.3129,-0.2351,-0.3933,-0.0670,0.0107,0.7471,0.0027,10.4275,-0.9328
75.617,-0.2778,-0.3141,-0.2351,-0.3826,-0.0670,0.0107,0.7459,0.0134,10.4275,-0.9328
75.619,-0.2920,-0.3141,-0.2352,-0.3826,-0.0787,0.0107,0.7459,0.0134,10.4275,-0.9328
75.622,-0.2920,-0.3234,-0.2406,-0.3826,-0.0787,0.0018,0.7366,0.0134,10.4275,-0.9328
75.722,-0.2920,-0.3234,-0.2406,-0.3826,-0.0787,0.0018,0.7366,0.0134,10.4275,-0.9328
75.726,-0.2920,-0.3234,-0.2406,-0.3922,-0.0721,0.0080,0.7366,0.0038,10.4373,-0.9327
75.728,-0.2765,-0.3244,-0.2406,-0.3812,-0.0721,0.0080,0.7356,0.0148,10.4373,-0.9327
75.730,-0.2885,-0.3244,-0.2392,-0.3812,-0.0817,0.0080,0.7356,0.0148,10.4373,-0.9327
75.732,-0.2885,-0.3335,-0.2444,-0.3812,-0.0817,-0.0007,0.7265,0.0148,10.4373,-0.9327
75.832,-0.2885,-0.3335,-0.2444,-0.3812,-0.0817,-0.0007,0.7265,0.0148,10.4373,-0.9327
75.835,-0.2885,-0.3335,-0.2444,-0.3909,-0.0748,0.0053,0.7265,0.0051,10.4472,-0.9331
75.837,-0.2735,-0.3351,-0.2444,-0.3803,-0.0748,0.0053,0.7249,0.0157,10.4472,-0.9331
75.839,-0.2852,-0.3351,-0.2429,-0.3803,-0.0841,0.0053,0.7249,0.0157,10.4472,-0.9331
75.841,-0.2852,-0.3435,-0.2479,-0.3803,-0.0841,-0.0028,0.7165,0.0157,10.4472,-0.9331
75.942,-0.2852,-0.3435,-0.2479,-0.3803,-0.0841,-0.0028,0.7165,0.0157,10.4472,-0.9331
75.947,-0.2852,-0.3435,-0.2479,-0.3898,-0.0773,0.0029,0.7165,0.0062,10.4568,-0.9336
75.949,-0.2708,-0.3455,-0.2479,-0.3796,-0.0773,0.0029,0.7145,0.0164,10.4568,-0.9336
75.951,-0.2831,-0.3455,-0.2468,-0.3796,-0.0872,0.0029,0.7145,0.0164,10.4568,-0.9336
75.953,-0.2831,-0.3519,-0.2509,-0.3796,-0.0872,-0.0034,0.7081,0.0164,10.4568,-0.9336
76.054,-0.2831,-0.3519,-0.2509,-0.3796,-0.0872,-0.0034,0.7081,0.0164,10.4568,-0.9336
76.056,-0.2831,-0.3519,-0.2509,-0.3885,-0.0809,0.0023,0.7081,0.0075,10.4660,-0.9340
76.058,-0.2687,-0.3529,-0.2509,-0.3777,-0.0809,0.0023,0.7071,0.0183,10.4660,-0.9340
76.059,-0.2810,-0.3529,-0.2496,-0.3777,-0.0909,0.0023,0.7071,0.0183,10.4660,-0.9340
76.060,-0.2810,-0.3561,-0.2516,-0.3777,-0.0909,-0.0008,0.7039,0.0183,10.4660,-0.9340
76.161,-0.2810,-0.3561,-0.2516,-0.3777,-0.0909,-0.0008,0.7039,0.0183,10.4660,-0.9340
76.164,-0.2810,-0.3561,-0.2516,-0.3863,-0.0850,0.0051,0.7039,0.0097,10.4751,-0.9341
76.165,-0.2662,-0.3566,-0.2516,-0.3748,-0.0850,0.0051,0.7034,0.0212,10.4751,-0.9341
76.165,-0.2773,-0.3566,-0.2489,-0.3748,-0.0936,0.0051,0.7034,0.0212,10.4751,-0.9341
76.166,-0.2773,-0.3542,-0.2468,-0.3748,-0.0936,0.0077,0.7058,0.0212,10.4751,-0.9341
76.246,-0.2773,-0.3542,-0.2468,-0.3835,-0.0877,0.0140,0.7058,0.0125,10.4844,-0.9340
76.247,-0.2620,-0.3545,-0.2468,-0.3713,-0.0877,0.0140,0.7055,0.0247,10.4844,-0.9340
76.247,-0.2709,-0.3545,-0.2418,-0.3713,-0.0940,0.0140,0.7055,0.0247,10.4844,-0.9340
76.247,-0.2709,-0.3457,-0.2344,-0.3713,-0.0940,0.0235,0.7143,0.0247,10.4844,-0.9340
76.328,-0.2709,-0.3457,-0.2344,-0.3804,-0.0877,0.0300,0.7143,0.0156,10.4942,-0.9341
76.329,-0.2552,-0.3457,-0.2344,-0.3677,-0.0877,0.0300,0.7143,0.0283,10.4942,-0.9341
76.329,-0.2617,-0.3457,-0.2272,-0.3677,-0.0917,0.0300,0.7143,0.0283,10.4942,-0.9341
76.329,-0.2617,-0.3337,-0.2167,-0.3677,-0.0917,0.0431,0.7263,0.0283,10.4942,-0.9341
76.418,-0.2617,-0.3337,-0.2167,-0.3770,-0.0850,0.0496,0.7263,0.0190,10.5043,-0.9345
76.418,-0.2458,-0.3329,-0.2167,-0.3635,-0.0850,0.0496,0.7271,0.0325,10.5043,-0.9345
76.419,-0.2506,-0.3329,-0.2078,-0.3635,-0.0873,0.0496,0.7271,0.0325,10.5043,-0.9345
76.420,-0.2506,-0.3220,-0.1979,-0.3635,-0.0873,0.0617,0.7380,0.0325,10.5043,-0.9345
76.521,-0.2506,-0.3220,-0.1979,-0.3728,-0.0806,0.0682,0.7380,0.0232,10.5144,-0.9350
76.521,-0.2340,-0.3191,-0.1979,-0.3580,-0.0806,0.0682,0.7409,0.0380,10.5144,-0.9350
76.523,-0.2380,-0.3191,-0.1878,-0.3580,-0.0820,0.0682,0.7409,0.0380,10.5144,-0.9350
76.524,-0.2380,-0.3116,-0.1810,-0.3580,-0.0820,0.0765,0.7484,0.0380,10.5144,-0.9350
76.624,-0.2380,-0.3116,-0.1810,-0.3668,-0.0758,0.0830,0.7484,0.0292,10.5241,-0.9353
76.624,-0.2203,-0.3061,-0.1810,-0.3503,-0.0758,0.0830,0.7539,0.0457,10.5241,-0.9353
76.626,-0.2241,-0.3061,-0.1701,-0.3503,-0.0769,0.0830,0.7539,0.0457,10.5241,-0.9353
76.627,-0.2241,-0.2981,-0.1630,-0.3503,-0.0769,0.0918,0.7619,0.0457,10.5241,-0.9353
76.712,-0.2241,-0.2981,-0.1630,-0.3588,-0.0710,0.0984,0.7619,0.0372,10.5337,-0.9353
76.712,-0.2057,-0.2915,-0.1630,-0.3413,-0.0710,0.0984,0.7685,0.0547,10.5337,-0.9353
76.712,-0.2092,-0.2915,-0.1517,-0.3413,-0.0718,0.0984,0.7685,0.0547,10.5337,-0.9353
76.713,-0.2092,-0.2786,-0.1399,-0.3413,-0.0718,0.1127,0.7814,0.0547,10.5337,-0.9353
76.803,-0.2092,-0.2786,-0.1399,-0.3498,-0.0659,0.1195,0.7814,0.0462,10.5435,-0.9354
76.806,-0.1913,-0.2722,-0.1399,-0.3327,-0.0659,0.1195,0.7878,0.0633,10.5435,-0.9354
76.809,-0.1943,-0.2722,-0.1284,-0.3327,-0.0663,0.1195,0.7878,0.0633,10.5435,-0.9354
76.812,-0.1943,-0.2563,-0.1134,-0.3327,-0.0663,0.1374,0.8037,0.0633,10.5435,-0.9354
76.912,-0.1943,-0.2563,-0.1134,-0.3327,-0.0663,0.1374,0.8037,0.0633,10.5435,-0.9354
76.944,-0.1943,-0.2563,-0.1134,-0.3415,-0.0601,0.1442,0.8037,0.0545,10.5536,-0.9357
76.944,-0.1768,-0.2490,-0.1134,-0.3245,-0.0601,0.1442,0.8110,0.0715,10.5536,-0.9357
76.944,-0.1791,-0.2490,-0.1016,-0.3245,-0.0598,0.1442,0.8110,0.0715,10.5536,-0.9357
76.945,-0.1791,-0.2339,-0.0872,-0.3245,-0.0598,0.1612,0.8261,0.0715,10.5536,-0.9357
77.057,-0.1791,-0.2339,-0.0872,-0.3245,-0.0598,0.1612,0.8261,0.0715,10.5536,-0.9357
77.057,-0.1791,-0.2339,-0.0872,-0.3334,-0.0534,0.1679,0.8261,0.0626,10.5638,-0.9363
77.058,-0.1611,-0.2241,-0.0872,-0.3153,-0.0534,0.1679,0.8359,0.0807,10.5638,-0.9363
77.058,-0.1628,-0.2241,-0.0752,-0.3153,-0.0526,0.1679,0.8359,0.0807,10.5638,-0.9363
77.058,-0.1628,-0.2116,-0.0635,-0.3153,-0.0526,0.1819,0.8484,0.0807,10.5638,-0.9363
77.159,-0.1628,-0.2116,-0.0635,-0.3153,-0.0526,0.1819,0.8484,0.0807,10.5638,-0.9363
77.178,-0.1628,-0.2116,-0.0635,-0.3241,-0.0464,0.1886,0.8484,0.0719,10.5738,-0.9368
77.178,-0.1451,-0.1995,-0.0635,-0.3056,-0.0464,0.1886,0.8605,0.0904,10.5738,-0.9368
77.178,-0.1466,-0.1995,-0.0514,-0.3056,-0.0454,0.1886,0.8605,0.0904,10.5738,-0.9368
77.178,-0.1466,-0.1891,-0.0416,-0.3056,-0.0454,0.2001,0.8709,0.0904,10.5738,-0.9368
77.253,-0.1466,-0.1891,-0.0416,-0.3140,-0.0396,0.2069,0.8709,0.0820,10.5835,-0.9371
77.254,-0.1315,-0.1763,-0.0416,-0.2976,-0.0396,0.2069,0.8837,0.0984,10.5835,-0.9371
77.254,-0.1330,-0.1763,-0.0296,-0.2976,-0.0385,0.2069,0.8837,0.0984,10.5835,-0.9371
77.254,-0.1330,-0.1667,-0.0199,-0.2976,-0.0385,0.2178,0.8933,0.0984,10.5835,-0.9371
77.327,-0.1330,-0.1667,-0.0199,-0.3058,-0.0330,0.2247,0.8933,0.0902,10.5932,-0.9373
77.328,-0.1212,-0.1544,-0.0199,-0.2924,-0.0330,0.2247,0.9056,0.1036,10.5932,-0.9373
77.328,-0.1228,-0.1544,-0.0079,-0.2924,-0.0319,0.2247,0.9056,0.1036,10.5932,-0.9373
77.328,-0.1228,-0.1445,0.0037,-0.2924,-0.0319,0.2368,0.9155,0.1036,10.5932,-0.9373
77.400,-0.1228,-0.1445,0.0037,-0.3009,-0.0263,0.2438,0.9155,0.0951,10.6031,-0.9375
77.401,-0.1128,-0.1322,0.0037,-0.2890,-0.0263,0.2438,0.9278,0.1070,10.6031,-0.9375
77.402,-0.1144,-0.1322,0.0159,-0.2890,-0.0252,0.2438,0.9278,0.1070,10.6031,-0.9375
77.402,-0.1144,-0.1230,0.0293,-0.2890,-0.0252,0.2563,0.9370,0.1070,10.6031,-0.9375
77.480,-0.1144,-0.1230,0.0293,-0.2978,-0.0193,0.2632,0.9370,0.0982,10.6133,-0.9381
77.481,-0.1040,-0.1100,0.0293,-0.2853,-0.0193,0.2632,0.9500,0.1107,10.6133,-0.9381
77.481,-0.1056,-0.1100,0.0417,-0.2853,-0.0180,0.2632,0.9500,0.1107,10.6133,-0.9381
77.482,-0.1056,-0.1030,0.0547,-0.2853,-0.0180,0.2741,0.9544,0.1107,10.6133,-0.9381
77.555,-0.1056,-0.1030,0.0547,-0.2942,-0.0120,0.2809,0.9544,0.1018,10.6234,-0.9387
77.556,-0.0950,-0.0890,0.0547,-0.2812,-0.0120,0.2809,0.9650,0.1148,10.6234,-0.9387
77.557,-0.0964,-0.0890,0.0675,-0.2812,-0.0104,0.2809,0.9636,0.1148,10.6234,-0.9387
77.557,-0.0964,-0.0843,0.0794,-0.2812,-0.0104,0.2897,0.9636,0.1148,10.6234,-0.9387
77.650,-0.0964,-0.0843,0.0794,-0.2900,-0.0047,0.2965,0.9636,0.1060,10.6334,-0.9393
77.653,-0.0882,-0.0700,0.0794,-0.2788,-0.0047,0.2965,0.9718,0.1172,10.6334,-0.9393
77.654,-0.0895,-0.0700,0.0926,-0.2788,-0.0028,0.2965,0.9705,0.1172,10.6334,-0.9393
77.656,-0.0895,-0.0661,0.1039,-0.2788,-0.0028,0.3044,0.9705,0.1172,10.6334,-0.9393
77.733,-0.0895,-0.0661,0.1039,-0.2873,0.0025,0.3113,0.9705,0.1087,10.6432,-0.9397
77.738,-0.0852,-0.0522,0.1039,-0.2795,0.0025,0.3113,0.9748,0.1165,10.6432,-0.9397
77.738,-0.0865,-0.0522,0.1175,-0.2795,0.0046,0.3113,0.9735,0.1165,10.6432,-0.9397
77.738,-0.0865,-0.0486,0.1292,-0.2795,0.0046,0.3192,0.9735,0.1165,10.6432,-0.9397
77.830,-0.0865,-0.0486,0.1292,-0.2881,0.0099,0.3262,0.9735,0.1079,10.6531,-0.9400
77.831,-0.0851,-0.0355,0.1292,-0.2828,0.0099,0.3262,0.9749,0.1132,10.6531,-0.9400
77.831,-0.0863,-0.0355,0.1431,-0.2828,0.0123,0.3262,0.9737,0.1132,10.6531,-0.9400
77.831,-0.0863,-0.0325,0.1559,-0.2828,0.0123,0.3342,0.9737,0.1132,10.6531,-0.9400
77.922,-0.0863,-0.0325,0.1559,-0.2918,0.0177,0.3411,0.9737,0.1042,10.6632,-0.9405
77.923,-0.0845,-0.0198,0.1559,-0.2861,0.0177,0.3411,0.9755,0.1099,10.6632,-0.9405
77.924,-0.0856,-0.0198,0.1699,-0.2861,0.0203,0.3411,0.9744,0.1099,10.6632,-0.9405
77.925,-0.0856,-0.0180,0.1833,-0.2861,0.0203,0.3486,0.9744,0.1099,10.6632,-0.9405
78.024,-0.0856,-0.0180,0.1833,-0.2954,0.0260,0.3555,0.9744,0.1006,10.6735,-0.9412
78.025,-0.0824,-0.0047,0.1833,-0.2881,0.0260,0.3555,0.9776,0.1079,10.6735,-0.9412
78.026,-0.0835,-0.0047,0.1974,-0.2881,0.0287,0.3555,0.9765,0.1079,10.6735,-0.9412
78.027,-0.0835,-0.0044,0.2107,-0.2881,0.0287,0.3619,0.9765,0.1079,10.6735,-0.9412
78.107,-0.0835,-0.0044,0.2107,-0.2974,0.0343,0.3686,0.9765,0.0986,10.6837,-0.9420
78.108,-0.0803,0.0093,0.2107,-0.2899,0.0343,0.3686,0.9797,0.1061,10.6837,-0.9420
78.109,-0.0812,0.0093,0.2249,-0.2899,0.0373,0.3686,0.9788,0.1061,10.6837,-0.9420
78.110,-0.0812,0.0085,0.2374,-0.2899,0.0373,0.3739,0.9788,0.1061,10.6837,-0.9420
78.192,-0.0812,0.0085,0.2374,-0.2989,0.0426,0.3805,0.9788,0.0971,10.6936,-0.9426
78.193,-0.0796,0.0220,0.2374,-0.2926,0.0426,0.3805,0.9804,0.1034,10.6936,-0.9426
78.194,-0.0805,0.0220,0.2516,-0.2926,0.0457,0.3805,0.9795,0.1034,10.6936,-0.9426
78.195,-0.0805,0.0204,0.2633,-0.2926,0.0457,0.3849,0.9795,0.1034,10.6936,-0.9426
78.286,-0.0805,0.0204,0.2633,-0.3015,0.0507,0.3915,0.9795,0.0945,10.7034,-0.9430
78.287,-0.0801,0.0335,0.2633,-0.2961,0.0507,0.3915,0.9799,0.0999,10.7034,-0.9430
78.288,-0.0809,0.0335,0.2775,-0.2961,0.0540,0.3915,0.9791,0.0999,10.7034,-0.9430
78.289,-0.0809,0.0310,0.2883,-0.2961,0.0540,0.3949,0.9791,0.0999,10.7034,-0.9430
78.384,-0.0809,0.0310,0.2883,-0.3052,0.0589,0.4016,0.9791,0.0908,10.7134,-0.9434
78.385,-0.0805,0.0442,0.2883,-0.2996,0.0589,0.4016,0.9795,0.0964,10.7134,-0.9434
78.386,-0.0809,0.0442,0.3026,-0.2996,0.0628,0.4016,0.9791,0.0964,10.7134,-0.9434
78.388,-0.0809,0.0410,0.3129,-0.2996,0.0628,0.4043,0.9791,0.0964,10.7134,-0.9434
78.476,-0.0809,0.0410,0.3129,-0.3090,0.0680,0.4108,0.9791,0.0870,10.7235,-0.9441
78.477,-0.0793,0.0548,0.3129,-0.3020,0.0680,0.4108,0.9807,0.0940,10.7235,-0.9441
78.478,-0.0792,0.0548,0.3273,-0.3020,0.0723,0.4108,0.9808,0.0940,10.7235,-0.9441
78.479,-0.0792,0.0514,0.3372,-0.3020,0.0723,0.4132,0.9808,0.0940,10.7235,-0.9441
78.558,-0.0792,0.0514,0.3372,-0.3116,0.0776,0.4196,0.9808,0.0844,10.7337,-0.9449
78.559,-0.0770,0.0659,0.3372,-0.3036,0.0776,0.4196,0.9830,0.0924,10.7337,-0.9449
78.560,-0.0769,0.0659,0.3516,-0.3036,0.0821,0.4196,0.9831,0.0924,10.7337,-0.9449
78.561,-0.0769,0.0625,0.3611,-0.3036,0.0821,0.4218,0.9831,0.0924,10.7337,-0.9449
78.643,-0.0769,0.0625,0.3611,-0.3131,0.0871,0.4280,0.9831,0.0829,10.7437,-0.9457
78.644,-0.0751,0.0775,0.3611,-0.3049,0.0871,0.4280,0.9849,0.0911,10.7437,-0.9457
78.645,-0.0752,0.0775,0.3755,-0.3049,0.0916,0.4280,0.9848,0.0911,10.7437,-0.9457
78.646,-0.0752,0.0740,0.3846,-0.3049,0.0916,0.4300,0.9848,0.0911,10.7437,-0.9457
78.736,-0.0752,0.0740,0.3846,-0.3142,0.0963,0.4362,0.9848,0.0818,10.7535,-0.9462
78.738,-0.0745,0.0891,0.3846,-0.3066,0.0963,0.4362,0.9855,0.0894,10.7535,-0.9462
78.740,-0.0746,0.0891,0.3991,-0.3066,0.1010,0.4362,0.9854,0.0894,10.7535,-0.9462
78.743,-0.0746,0.0855,0.4079,-0.3066,0.1010,0.4379,0.9854,0.0894,10.7535,-0.9462
78.836,-0.0746,0.0855,0.4079,-0.3159,0.1055,0.4441,0.9854,0.0801,10.7633,-0.9466
78.837,-0.0746,0.1008,0.4079,-0.3086,0.1055,0.4441,0.9854,0.0874,10.7633,-0.9466
78.839,-0.0744,0.1008,0.4225,-0.3086,0.1105,0.4441,0.9856,0.0874,10.7633,-0.9466
78.840,-0.0744,0.0969,0.4312,-0.3086,0.1105,0.4456,0.9856,0.0874,10.7633,-0.9466
78.921,-0.0744,0.0969,0.4312,-0.3181,0.1151,0.4518,0.9856,0.0779,10.7733,-0.9471
78.922,-0.0744,0.1124,0.4312,-0.3104,0.1151,0.4518,0.9856,0.0856,10.7733,-0.9471
78.924,-0.0736,0.1124,0.4458,-0.3104,0.1207,0.4518,0.9864,0.0856,10.7733,-0.9471
78.925,-0.0736,0.1085,0.4545,-0.3104,0.1207,0.4532,0.9864,0.0856,10.7733,-0.9471
79.015,-0.0736,0.1085,0.4545,-0.3201,0.1254,0.4593,0.9864,0.0759,10.7834,-0.9478
79.017,-0.0733,0.1245,0.4545,-0.3117,0.1254,0.4593,0.9867,0.0843,10.7834,-0.9478
79.018,-0.0720,0.1245,0.4694,-0.3117,0.1317,0.4593,0.9880,0.0843,10.7834,-0.9478
79.019,-0.0720,0.1207,0.4782,-0.3117,0.1317,0.4608,0.9880,0.0843,10.7834,-0.9478
79.106,-0.0720,0.1207,0.4782,-0.3215,0.1364,0.4668,0.9880,0.0745,10.7935,-0.9487
79.107,-0.0717,0.1372,0.4782,-0.3125,0.1364,0.4668,0.9883,0.0835,10.7935,-0.9487
79.107,-0.0700,0.1372,0.4934,-0.3125,0.1432,0.4668,0.9900,0.0835,10.7935,-0.9487
79.108,-0.0700,0.1336,0.5024,-0.3125,0.1432,0.4685,0.9900,0.0835,10.7935,-0.9487
79.191,-0.0700,0.1336,0.5024,-0.3221,0.1477,0.4744,0.9900,0.0739,10.8034,-0.9494
79.192,-0.0699,0.1504,0.5024,-0.3128,0.1477,0.4744,0.9901,0.0832,10.8034,-0.9494
79.192,-0.0674,0.1504,0.5177,-0.3128,0.1552,0.4744,0.9926,0.0832,10.8034,-0.9494
79.192,-0.0674,0.1469,0.5267,-0.3128,0.1552,0.4761,0.9926,0.0832,10.8034,-0.9494
79.261,-0.0674,0.1469,0.5267,-0.3223,0.1594,0.4821,0.9926,0.0737,10.8131,-0.9498
79.263,-0.0676,0.1637,0.5267,-0.3129,0.1594,0.4821,0.9924,0.0831,10.8131,-0.9498
79.264,-0.0635,0.1637,0.5419,-0.3129,0.1681,0.4821,0.9965,0.0831,10.8131,-0.9498
79.265,-0.0635,0.1602,0.5510,-0.3129,0.1681,0.4838,0.9965,0.0831,10.8131,-0.9498
79.343,-0.0635,0.1602,0.5510,-0.3225,0.1721,0.4898,0.9965,0.0735,10.8230,-0.9502
79.344,-0.0636,0.1769,0.5510,-0.3128,0.1721,0.4898,0.9964,0.0832,10.8230,-0.9502
79.344,-0.0579,0.1769,0.5659,-0.3128,0.1820,0.4898,1.0021,0.0832,10.8230,-0.9502
79.345,-0.0579,0.1732,0.5751,-0.3128,0.1820,0.4914,1.0021,0.0832,10.8230,-0.9502
79.433,-0.0579,0.1732,0.5751,-0.3226,0.1862,0.4973,1.0021,0.0734,10.8329,-0.9507
79.435,-0.0576,0.1901,0.5751,-0.3124,0.1862,0.4973,1.0024,0.0836,10.8329,-0.9507
79.437,-0.0513,0.1901,0.5888,-0.3124,0.1961,0.4973,1.0087,0.0836,10.8329,-0.9507
79.438,-0.0513,0.1864,0.5983,-0.3124,0.1961,0.4990,1.0087,0.0836,10.8329,-0.9507
79.535,-0.0513,0.1864,0.5983,-0.3223,0.2005,0.5048,1.0087,0.0737,10.8430,-0.9514
79.537,-0.0507,0.2035,0.5983,-0.3114,0.2005,0.5048,1.0093,0.0846,10.8430,-0.9514
79.539,-0.0450,0.2035,0.6105,-0.3114,0.2094,0.5048,1.0150,0.0846,10.8430,-0.9514
79.543,-0.0450,0.2001,0.6201,-0.3114,0.2094,0.5066,1.0150,0.0846,10.8430,-0.9514
79.644,-0.0450,0.2001,0.6201,-0.3114,0.2094,0.5066,1.0150,0.0846,10.8430,-0.9514
79.645,-0.0450,0.2001,0.6201,-0.3213,0.2138,0.5123,1.0150,0.0747,10.8529,-0.9520
79.648,-0.0441,0.2174,0.6201,-0.3098,0.2138,0.5123,1.0159,0.0862,10.8529,-0.9520
79.654,-0.0382,0.2174,0.6316,-0.3098,0.2226,0.5123,1.0218,0.0862,10.8529,-0.9520
79.655,-0.0382,0.2143,0.6412,-0.3098,0.2226,0.5143,1.0218,0.0862,10.8529,-0.9520
79.736,-0.0382,0.2143,0.6412,-0.3196,0.2268,0.5200,1.0218,0.0764,10.8627,-0.9525
79.737,-0.0370,0.2318,0.6412,-0.3076,0.2268,0.5200,1.0230,0.0884,10.8627,-0.9525
79.739,-0.0296,0.2318,0.6529,-0.3076,0.2367,0.5200,1.0304,0.0884,10.8627,-0.9525
79.740,-0.0296,0.2289,0.6626,-0.3076,0.2367,0.5222,1.0304,0.0884,10.8627,-0.9525
79.821,-0.0296,0.2289,0.6626,-0.3173,0.2407,0.5280,1.0304,0.0787,10.8725,-0.9528
79.822,-0.0283,0.2466,0.6626,-0.3050,0.2407,0.5280,1.0317,0.0910,10.8725,-0.9528
79.823,-0.0192,0.2466,0.6733,-0.3050,0.2515,0.5280,1.0408,0.0910,10.8725,-0.9528
79.823,-0.0192,0.2438,0.6833,-0.3050,0.2515,0.5303,1.0408,0.0910,10.8725,-0.9528
79.891,-0.0192,0.2438,0.6833,-0.3148,0.2556,0.5361,1.0408,0.0812,10.8824,-0.9532
79.892,-0.0177,0.2615,0.6833,-0.3021,0.2556,0.5361,1.0423,0.0939,10.8824,-0.9532
79.893,-0.0076,0.2615,0.6908,-0.3021,0.2657,0.5361,1.0524,0.0939,10.8824,-0.9532
79.894,-0.0076,0.2588,0.7011,-0.3021,0.2657,0.5384,1.0524,0.0939,10.8824,-0.9532
79.989,-0.0076,0.2588,0.7011,-0.3121,0.2701,0.5441,1.0524,0.0839,10.8924,-0.9537
79.990,-0.0058,0.2767,0.7011,-0.2990,0.2701,0.5441,1.0542,0.0970,10.8924,-0.9537
79.995,0.0054,0.2767,0.7054,-0.2990,0.2798,0.5441,1.0654,0.0970,10.8924,-0.9537
79.998,0.0054,0.2741,0.7160,-0.2990,0.2798,0.5467,1.0654,0.0970,10.8924,-0.9537
80.096,0.0054,0.2741,0.7160,-0.3091,0.2844,0.5521,1.0654,0.0869,10.9025,-0.9543
80.099,0.0074,0.2922,0.7160,-0.2956,0.2844,0.5521,1.0674,0.1004,10.9025,-0.9543
80.103,0.0194,0.2922,0.7207,-0.2956,0.2947,0.5521,1.0794,0.1004,10.9025,-0.9543
80.105,0.0194,0.2900,0.7315,-0.2956,0.2947,0.5550,1.0794,0.1004,10.9025,-0.9543
80.189,0.0194,0.2900,0.7315,-0.3055,0.2994,0.5604,1.0794,0.0905,10.9124,-0.9548
80.189,0.0216,0.3082,0.7315,-0.2918,0.2994,0.5604,1.0816,0.1042,10.9124,-0.9548
80.190,0.0332,0.3082,0.7387,-0.2918,0.3105,0.5604,1.0932,0.1042,10.9124,-0.9548
80.190,0.0332,0.3064,0.7498,-0.2918,0.3105,0.5635,1.0932,0.1042,10.9124,-0.9548
80.291,0.0332,0.3064,0.7498,-0.2918,0.3105,0.5635,1.0932,0.1042,10.9124,-0.9548
80.298,0.0332,0.3064,0.7498,-0.3016,0.3150,0.5690,1.0932,0.0944,10.9222,-0.9552
80.299,0.0356,0.3247,0.7498,-0.2875,0.3150,0.5690,1.0956,0.1085,10.9222,-0.9552
80.299,0.0466,0.3247,0.7574,-0.2875,0.3258,0.5690,1.1066,0.1085,10.9222,-0.9552
80.299,0.0466,0.3232,0.7688,-0.2875,0.3258,0.5723,1.1066,0.1085,10.9222,-0.9552
80.401,0.0466,0.3232,0.7688,-0.2875,0.3258,0.5723,1.1066,0.1085,10.9222,-0.9552
80.407,0.0466,0.3232,0.7688,-0.2973,0.3303,0.5779,1.1066,0.0987,10.9320,-0.9554
80.408,0.0492,0.3416,0.7688,-0.2829,0.3303,0.5779,1.1092,0.1131,10.9320,-0.9554
80.409,0.0612,0.3416,0.7738,-0.2829,0.3408,0.5779,1.1212,0.1131,10.9320,-0.9554
80.410,0.0612,0.3404,0.7856,-0.2829,0.3408,0.5815,1.1212,0.1131,10.9320,-0.9554
80.510,0.0612,0.3404,0.7856,-0.2829,0.3408,0.5815,1.1212,0.1131,10.9320,-0.9554
80.547,0.0612,0.3404,0.7856,-0.2928,0.3455,0.5870,1.1212,0.1032,10.9419,-0.9557
80.548,0.0641,0.3589,0.7856,-0.2781,0.3455,0.5870,1.1241,0.1179,10.9419,-0.9557
80.550,0.0783,0.3589,0.7874,-0.2781,0.3562,0.5870,1.1383,0.1179,10.9419,-0.9557
80.551,0.0783,0.3578,0.7997,-0.2781,0.3562,0.5909,1.1383,0.1179,10.9419,-0.9557
80.621,0.0783,0.3578,0.7997,-0.2881,0.3613,0.5962,1.1383,0.1079,10.9520,-0.9562
80.622,0.0816,0.3765,0.7997,-0.2730,0.3613,0.5962,1.1416,0.1230,10.9520,-0.9562
80.622,0.0955,0.3765,0.7995,-0.2730,0.3710,0.5962,1.1555,0.1230,10.9520,-0.9562
80.623,0.0955,0.3756,0.8122,-0.2730,0.3710,0.6003,1.1555,0.1230,10.9520,-0.9562
80.699,0.0955,0.3756,0.8122,-0.2829,0.3763,0.6055,1.1555,0.1131,10.9619,-0.9568
80.701,0.0993,0.3944,0.8122,-0.2675,0.3763,0.6055,1.1593,0.1285,10.9619,-0.9568
80.702,0.1118,0.3944,0.8125,-0.2675,0.3852,0.6055,1.1718,0.1285,10.9619,-0.9568
80.703,0.1118,0.3938,0.8254,-0.2675,0.3852,0.6098,1.1718,0.1285,10.9619,-0.9568
80.804,0.1118,0.3938,0.8254,-0.2675,0.3852,0.6098,1.1718,0.1285,10.9619,-0.9568
80.815,0.1118,0.3938,0.8254,-0.2773,0.3905,0.6149,1.1718,0.1187,10.9718,-0.9573
80.816,0.1159,0.4126,0.8254,-0.2616,0.3905,0.6149,1.1759,0.1344,10.9718,-0.9573
80.817,0.1278,0.4126,0.8278,-0.2616,0.3998,0.6149,1.1878,0.1344,10.9718,-0.9573
80.817,0.1278,0.4124,0.8408,-0.2616,0.3998,0.6195,1.1878,0.1344,10.9718,-0.9573
80.918,0.1278,0.4124,0.8408,-0.2616,0.3998,0.6195,1.1878,0.1344,10.9718,-0.9573
80.949,0.1278,0.4124,0.8408,-0.2713,0.4050,0.6247,1.1878,0.1247,10.9817,-0.9576
80.952,0.1322,0.4312,0.8408,-0.2554,0.4050,0.6247,1.1922,0.1406,10.9817,-0.9576
80.953,0.1446,0.4312,0.8445,-0.2554,0.4153,0.6247,1.2046,0.1406,10.9817,-0.9576
80.953,0.1446,0.4313,0.8578,-0.2554,0.4153,0.6296,1.2046,0.1406,10.9817,-0.9576
81.053,0.1446,0.4313,0.8578,-0.2554,0.4153,0.6296,1.2046,0.1406,10.9817,-0.9576
81.075,0.1446,0.4313,0.8578,-0.2652,0.4206,0.6348,1.2046,0.1308,10.9915,-0.9578
81.076,0.1492,0.4502,0.8578,-0.2489,0.4206,0.6348,1.2092,0.1471,10.9915,-0.9578
81.077,0.1627,0.4502,0.8602,-0.2489,0.4311,0.6348,1.2227,0.1471,10.9915,-0.9578
81.078,0.1627,0.4507,0.8740,-0.2489,0.4311,0.6400,1.2227,0.1471,10.9915,-0.9578
81.178,0.1627,0.4507,0.8740,-0.2489,0.4311,0.6400,1.2227,0.1471,10.9915,-0.9578
81.196,0.1627,0.4507,0.8740,-0.2588,0.4367,0.6451,1.2227,0.1372,11.0015,-0.9582
81.203,0.1676,0.4697,0.8740,-0.2423,0.4367,0.6451,1.2276,0.1537,11.0015,-0.9582
81.204,0.1815,0.4697,0.8736,-0.2423,0.4463,0.6451,1.2415,0.1537,11.0015,-0.9582
81.204,0.1815,0.4704,0.8877,-0.2423,0.4463,0.6506,1.2415,0.1537,11.0015,-0.9582
81.304,0.1815,0.4704,0.8877,-0.2423,0.4463,0.6506,1.2415,0.1537,11.0015,-0.9582
81.323,0.1815,0.4704,0.8877,-0.2522,0.4522,0.6555,1.2415,0.1438,11.0115,-0.9587
81.324,0.1877,0.4890,0.8877,-0.2352,0.4522,0.6555,1.2477,0.1608,11.0115,-0.9587
81.325,0.1995,0.4890,0.8847,-0.2352,0.4593,0.6555,1.2595,0.1608,11.0115,-0.9587
81.325,0.1995,0.4891,0.8982,-0.2352,0.4593,0.6603,1.2595,0.1608,11.0115,-0.9587
81.397,0.1995,0.4891,0.8982,-0.2450,0.4653,0.6651,1.2595,0.1510,11.0215,-0.9593
81.398,0.2092,0.5069,0.8982,-0.2265,0.4653,0.6651,1.2692,0.1695,11.0215,-0.9593
81.398,0.2180,0.5069,0.8940,-0.2265,0.4699,0.6651,1.2780,0.1695,11.0215,-0.9593
81.398,0.2180,0.5042,0.9047,-0.2265,0.4699,0.6668,1.2780,0.1695,11.0215,-0.9593
81.482,0.2180,0.5042,0.9047,-0.2362,0.4758,0.6716,1.2780,0.1598,11.0313,-0.9596
81.483,0.2318,0.5217,0.9047,-0.2156,0.4758,0.6716,1.2918,0.1804,11.0313,-0.9596
81.483,0.2393,0.5217,0.9009,-0.2156,0.4797,0.6716,1.2993,0.1804,11.0313,-0.9596
81.484,0.2393,0.5141,0.9072,-0.2156,0.4797,0.6683,1.2993,0.1804,11.0313,-0.9596
81.575,0.2393,0.5141,0.9072,-0.2253,0.4857,0.6732,1.2993,0.1707,11.0412,-0.9599
81.576,0.2548,0.5317,0.9072,-0.2038,0.4857,0.6732,1.3148,0.1922,11.0412,-0.9599
81.577,0.2633,0.5317,0.9039,-0.2038,0.4904,0.6732,1.3233,0.1922,11.0412,-0.9599
81.579,0.2633,0.5218,0.9073,-0.2038,0.4904,0.6672,1.3233,0.1922,11.0412,-0.9599
81.670,0.2633,0.5218,0.9073,-0.2136,0.4965,0.6721,1.3233,0.1824,11.0511,-0.9602
81.671,0.2767,0.5386,0.9073,-0.1940,0.4965,0.6721,1.3367,0.2020,11.0511,-0.9602
81.671,0.2868,0.5386,0.9035,-0.1940,0.5022,0.6721,1.3468,0.2020,11.0511,-0.9602
81.671,0.2868,0.5314,0.9085,-0.1940,0.5022,0.6686,1.3468,0.2020,11.0511,-0.9602
81.754,0.2868,0.5314,0.9085,-0.2038,0.5087,0.6733,1.3468,0.1922,11.0611,-0.9607
81.755,0.2995,0.5475,0.9085,-0.1852,0.5087,0.6733,1.3595,0.2108,11.0611,-0.9607
81.755,0.3093,0.5475,0.9034,-0.1852,0.5137,0.6733,1.3693,0.2108,11.0611,-0.9607
81.755,0.3093,0.5412,0.9098,-0.1852,0.5137,0.6710,1.3693,0.2108,11.0611,-0.9607
81.821,0.3093,0.5412,0.9098,-0.1950,0.5204,0.6756,1.3693,0.2010,11.0712,-0.9612
81.821,0.3245,0.5575,0.9098,-0.1749,0.5204,0.6756,1.3845,0.2211,11.0712,-0.9612
81.821,0.3321,0.5575,0.9032,-0.1749,0.5233,0.6756,1.3921,0.2211,11.0712,-0.9612
81.822,0.3321,0.5479,0.9070,-0.1749,0.5233,0.6699,1.3921,0.2211,11.0712,-0.9612
81.898,0.3321,0.5479,0.9070,-0.1846,0.5300,0.6744,1.3921,0.2114,11.0811,-0.9618
81.898,0.3512,0.5642,0.9070,-0.1623,0.5300,0.6744,1.4112,0.2337,11.0811,-0.9618
81.899,0.3562,0.5642,0.8994,-0.1623,0.5306,0.6744,1.4162,0.2337,11.0811,-0.9618
81.900,0.3562,0.5505,0.8986,-0.1623,0.5306,0.6641,1.4162,0.2337,11.0811,-0.9618
81.987,0.3562,0.5505,0.8986,-0.1719,0.5373,0.6687,1.4162,0.2241,11.0910,-0.9622
81.990,0.3772,0.5653,0.8986,-0.1496,0.5373,0.6687,1.4372,0.2464,11.0910,-0.9622
81.992,0.3812,0.5653,0.8908,-0.1496,0.5371,0.6687,1.4412,0.2464,11.0910,-0.9622
81.994,0.3812,0.5506,0.8874,-0.1496,0.5371,0.6568,1.4412,0.2464,11.0910,-0.9622
82.083,0.3812,0.5506,0.8874,-0.1593,0.5439,0.6615,1.4412,0.2367,11.1009,-0.9624
82.083,0.4019,0.5632,0.8874,-0.1387,0.5439,0.6615,1.4619,0.2573,11.1009,-0.9624
82.083,0.4054,0.5632,0.8794,-0.1387,0.5433,0.6615,1.4654,0.2573,11.1009,-0.9624
82.084,0.4054,0.5491,0.8753,-0.1387,0.5433,0.6497,1.4654,0.2573,11.1009,-0.9624
82.194,0.4054,0.5491,0.8753,-0.1485,0.5503,0.6543,1.4654,0.2475,11.1109,-0.9628
82.194,0.4054,0.5491,0.8753,-0.1485,0.5503,0.6543,1.4654,0.2475,11.1109,-0.9628
82.207,0.4247,0.5598,0.8753,-0.1300,0.5503,0.6543,1.4847,0.2660,11.1109,-0.9628
82.207,0.4268,0.5598,0.8662,-0.1300,0.5484,0.6543,1.4868,0.2660,11.1109,-0.9628
82.208,0.4268,0.5462,0.8624,-0.1300,0.5484,0.6430,1.4868,0.2660,11.1109,-0.9628
82.292,0.4268,0.5462,0.8624,-0.1398,0.5556,0.6475,1.4868,0.2562,11.1209,-0.9634
82.292,0.4455,0.5558,0.8624,-0.1224,0.5556,0.6475,1.5055,0.2736,11.1209,-0.9634
82.293,0.4446,0.5558,0.8508,-0.1224,0.5505,0.6475,1.5046,0.2736,11.1209,-0.9634
82.293,0.4446,0.5418,0.8471,-0.1224,0.5505,0.6359,1.5046,0.2736,11.1209,-0.9634
82.385,0.4446,0.5418,0.8471,-0.1322,0.5578,0.6403,1.5046,0.2638,11.1309,-0.9640
82.385,0.4638,0.5501,0.8471,-0.1152,0.5578,0.6403,1.5238,0.2808,11.1309,-0.9640
82.386,0.4597,0.5501,0.8330,-0.1152,0.5495,0.6403,1.5197,0.2808,11.1309,-0.9640
82.386,0.4597,0.5356,0.8289,-0.1152,0.5495,0.6282,1.5197,0.2808,11.1309,-0.9640
82.486,0.4597,0.5356,0.8289,-0.1250,0.5568,0.6327,1.5197,0.2710,11.1408,-0.9645
82.504,0.4799,0.5426,0.8289,-0.1083,0.5568,0.6327,1.5399,0.2877,11.1408,-0.9645
82.505,0.4753,0.5426,0.8151,-0.1083,0.5483,0.6327,1.5353,0.2877,11.1408,-0.9645
82.507,0.4753,0.5285,0.8103,-0.1083,0.5483,0.6206,1.5353,0.2877,11.1408,-0.9645
82.590,0.4753,0.5285,0.8103,-0.1181,0.5555,0.6252,1.5353,0.2779,11.1507,-0.9648
82.590,0.4954,0.5342,0.8103,-0.1020,0.5555,0.6252,1.5554,0.2940,11.1507,-0.9648
82.591,0.4909,0.5342,0.7973,-0.1020,0.5475,0.6252,1.5509,0.2940,11.1507,-0.9648
82.591,0.4909,0.5210,0.7922,-0.1020,0.5475,0.6136,1.5509,0.2940,11.1507,-0.9648
82.691,0.4909,0.5210,0.7922,-0.1020,0.5475,0.6136,1.5509,0.2940,11.1507,-0.9648
82.702,0.4909,0.5210,0.7922,-0.1118,0.5548,0.6183,1.5509,0.2842,11.1606,-0.9651
82.702,0.5096,0.5254,0.7922,-0.0974,0.5548,0.6183,1.5696,0.2986,11.1606,-0.9651
82.703,0.5038,0.5254,0.7782,-0.0974,0.5456,0.6183,1.5638,0.2986,11.1606,-0.9651
82.703,0.5038,0.5127,0.7729,-0.0974,0.5456,0.6070,1.5638,0.2986,11.1606,-0.9651
82.804,0.5038,0.5127,0.7729,-0.0974,0.5456,0.6070,1.5638,0.2986,11.1606,-0.9651
82.827,0.5038,0.5127,0.7729,-0.1073,0.5531,0.6116,1.5638,0.2887,11.1706,-0.9656
82.828,0.5202,0.5150,0.7729,-0.0954,0.5531,0.6116,1.5750,0.3006,11.1706,-0.9656
82.829,0.5122,0.5150,0.7571,-0.0954,0.5415,0.6116,1.5722,0.3006,11.1706,-0.9656
82.829,0.5122,0.5021,0.7516,-0.0954,0.5415,0.6000,1.5621,0.3006,11.1706,-0.9656
82.926,0.5122,0.5021,0.7516,-0.1053,0.5493,0.6046,1.5621,0.2907,11.1806,-0.9662
82.926,0.5268,0.5018,0.7516,-0.0959,0.5493,0.6046,1.5618,0.3001,11.1806,-0.9662
82.927,0.5172,0.5018,0.7349,-0.0959,0.5363,0.6046,1.5618,0.3001,11.1806,-0.9662
82.927,0.5172,0.4880,0.7290,-0.0959,0.5363,0.5921,1.5480,0.3001,11.1806,-0.9662
83.027,0.5172,0.4880,0.7290,-0.0959,0.5363,0.5921,1.5480,0.3001,11.1806,-0.9662
83.049,0.5172,0.4880,0.7290,-0.1058,0.5441,0.5966,1.5480,0.2902,11.1906,-0.9668
83.050,0.5315,0.4858,0.7290,-0.0975,0.5441,0.5966,1.5458,0.2985,11.1906,-0.9668
83.050,0.5220,0.4858,0.7130,-0.0975,0.5316,0.5966,1.5458,0.2985,11.1906,-0.9668
83.050,0.5220,0.4710,0.7068,-0.0975,0.5316,0.5834,1.5310,0.2985,11.1906,-0.9668
83.151,0.5220,0.4710,0.7068,-0.0975,0.5316,0.5834,1.5310,0.2985,11.1906,-0.9668
83.168,0.5220,0.4710,0.7068,-0.1074,0.5393,0.5879,1.5310,0.2886,11.2005,-0.9673
83.168,0.5367,0.4683,0.7068,-0.0988,0.5393,0.5879,1.5283,0.2972,11.2005,-0.9673
83.169,0.5277,0.4683,0.6922,-0.0988,0.5276,0.5879,1.5283,0.2972,11.2005,-0.9673
83.170,0.5277,0.4531,0.6856,-0.0988,0.5276,0.5742,1.5131,0.2972,11.2005,-0.9673
83.243,0.5277,0.4531,0.6856,-0.1087,0.5353,0.5789,1.5131,0.2873,11.2105,-0.9676
83.245,0.5427,0.4504,0.6856,-0.0997,0.5353,0.5789,1.5104,0.2963,11.2105,-0.9676
83.246,0.5335,0.4504,0.6716,-0.0997,0.5238,0.5789,1.5104,0.2963,11.2105,-0.9676
83.246,0.5335,0.4348,0.6644,-0.0997,0.5238,0.5645,1.4948,0.2963,11.2105,-0.9676
83.341,0.5335,0.4348,0.6644,-0.1097,0.5317,0.5692,1.4948,0.2863,11.2204,-0.9680
83.343,0.5478,0.4321,0.6644,-0.1009,0.5317,0.5692,1.4921,0.2951,11.2204,-0.9680
83.344,0.5376,0.4321,0.6499,-0.1009,0.5193,0.5692,1.4921,0.2951,11.2204,-0.9680
83.345,0.5376,0.4159,0.6422,-0.1009,0.5193,0.5542,1.4759,0.2951,11.2204,-0.9680
83.414,0.5376,0.4159,0.6422,-0.1109,0.5273,0.5588,1.4759,0.2851,11.2304,-0.9686
83.416,0.5505,0.4129,0.6422,-0.1032,0.5273,0.5588,1.4729,0.2928,11.2304,-0.9686
83.418,0.5395,0.4129,0.6270,-0.1032,0.5142,0.5588,1.4729,0.2928,11.2304,-0.9686
83.420,0.5395,0.3962,0.6188,-0.1032,0.5142,0.5432,1.4562,0.2928,11.2304,-0.9686
83.495,0.5395,0.3962,0.6188,-0.1132,0.5223,0.5478,1.4562,0.2828,11.2404,-0.9692
83.496,0.5501,0.3928,0.6188,-0.1071,0.5223,0.5478,1.4528,0.2889,11.2404,-0.9692
83.496,0.5390,0.3928,0.6037,-0.1071,0.5092,0.5478,1.4528,0.2889,11.2404,-0.9692
83.497,0.5390,0.3758,0.5953,-0.1071,0.5092,0.5318,1.4358,0.2889,11.2404,-0.9692
83.596,0.5390,0.3758,0.5953,-0.1170,0.5173,0.5364,1.4358,0.2790,11.2503,-0.9698
83.596,0.5476,0.3721,0.5953,-0.1123,0.5173,0.5364,1.4321,0.2837,11.2503,-0.9698
83.597,0.5364,0.3721,0.5803,-0.1123,0.5042,0.5364,1.4321,0.2837,11.2503,-0.9698
83.598,0.5364,0.3552,0.5722,-0.1123,0.5042,0.5205,1.4152,0.2837,11.2503,-0.9698
83.682,0.5364,0.3552,0.5722,-0.1222,0.5123,0.5253,1.4152,0.2738,11.2602,-0.9702
83.684,0.5439,0.3514,0.5722,-0.1182,0.5123,0.5253,1.4114,0.2778,11.2602,-0.9702
83.685,0.5323,0.3514,0.5572,-0.1182,0.4989,0.5253,1.4114,0.2778,11.2602,-0.9702
83.686,0.5323,0.3347,0.5493,-0.1182,0.4989,0.5097,1.3947,0.2778,11.2602,-0.9702
83.786,0.5323,0.3347,0.5493,-0.1182,0.4989,0.5097,1.3947,0.2778,11.2602,-0.9702
83.800,0.5323,0.3347,0.5493,-0.1281,0.5069,0.5145,1.3947,0.2679,11.2702,-0.9705
83.801,0.5398,0.3310,0.5493,-0.1240,0.5069,0.5145,1.3910,0.2720,11.2702,-0.9705
83.802,0.5270,0.3310,0.5337,-0.1240,0.4925,0.5145,1.3910,0.2720,11.2702,-0.9705
83.802,0.5270,0.3145,0.5259,-0.1240,0.4925,0.4989,1.3745,0.2720,11.2702,-0.9705
83.903,0.5270,0.3145,0.5259,-0.1240,0.4925,0.4989,1.3745,0.2720,11.2702,-0.9705
83.925,0.5270,0.3145,0.5259,-0.1340,0.5007,0.5038,1.3745,0.2620,11.2801,-0.9710
83.926,0.5352,0.3114,0.5259,-0.1289,0.5007,0.5038,1.3714,0.2671,11.2801,-0.9710
83.926,0.5211,0.3114,0.5096,-0.1289,0.4850,0.5038,1.3714,0.2671,11.2801,-0.9710
83.926,0.5211,0.2949,0.5016,-0.1289,0.4850,0.4881,1.3549,0.2671,11.2801,-0.9710
84.027,0.5211,0.2949,0.5016,-0.1289,0.4850,0.4881,1.3549,0.2671,11.2801,-0.9710
84.052,0.5211,0.2949,0.5016,-0.1389,0.4934,0.4928,1.3549,0.2571,11.2901,-0.9715
84.053,0.5305,0.2941,0.5016,-0.1320,0.4934,0.4928,1.3541,0.2640,11.2901,-0.9715
84.054,0.5153,0.2941,0.4848,-0.1320,0.4768,0.4928,1.3541,0.2640,11.2901,-0.9715
84.054,0.5153,0.2775,0.4767,-0.1320,0.4768,0.4771,1.3375,0.2640,11.2901,-0.9715
84.154,0.5153,0.2775,0.4767,-0.1320,0.4768,0.4771,1.3375,0.2640,11.2901,-0.9715
84.178,0.5153,0.2775,0.4767,-0.1420,0.4852,0.4818,1.3375,0.2540,11.3001,-0.9721
84.179,0.5271,0.2813,0.4767,-0.1315,0.4852,0.4818,1.3413,0.2645,11.3001,-0.9721
84.180,0.5116,0.2813,0.4598,-0.1315,0.4683,0.4818,1.3413,0.2645,11.3001,-0.9721
84.181,0.5116,0.2646,0.4517,-0.1315,0.4683,0.4659,1.3246,0.2645,11.3001,-0.9721
84.281,0.5116,0.2646,0.4517,-0.1315,0.4683,0.4659,1.3246,0.2645,11.3001,-0.9721
84.303,0.5116,0.2646,0.4517,-0.1414,0.4767,0.4707,1.3246,0.2546,11.3101,-0.9727
84.305,0.5256,0.2735,0.4517,-0.1273,0.4767,0.4707,1.3335,0.2687,11.3101,-0.9727
84.306,0.5103,0.2735,0.4352,-0.1273,0.4601,0.4707,1.3335,0.2687,11.3101,-0.9727
84.307,0.5103,0.2567,0.4272,-0.1273,0.4601,0.4547,1.3167,0.2687,11.3101,-0.9727
84.407,0.5103,0.2567,0.4272,-0.1273,0.4601,0.4547,1.3167,0.2687,11.3101,-0.9727
84.430,0.5103,0.2567,0.4272,-0.1372,0.4684,0.4596,1.3167,0.2588,11.3200,-0.9730
84.431,0.5237,0.2665,0.4272,-0.1233,0.4684,0.4596,1.3265,0.2727,11.3200,-0.9730
84.432,0.5086,0.2665,0.4109,-0.1233,0.4520,0.4596,1.3265,0.2727,11.3200,-0.9730
84.432,0.5086,0.2494,0.4028,-0.1233,0.4520,0.4433,1.3094,0.2727,11.3200,-0.9730
84.532,0.5086,0.2494,0.4028,-0.1332,0.4604,0.4482,1.3094,0.2628,11.3299,-0.9734
84.533,0.5205,0.2566,0.4028,-0.1214,0.4604,0.4482,1.3166,0.2746,11.3299,-0.9734
84.535,0.5051,0.2566,0.3864,-0.1214,0.4437,0.4482,1.3166,0.2746,11.3299,-0.9734
84.536,0.5051,0.2391,0.3780,-0.1214,0.4437,0.4315,1.2991,0.2746,11.3299,-0.9734
84.635,0.5051,0.2391,0.3780,-0.1313,0.4522,0.4364,1.2991,0.2647,11.3399,-0.9739
84.636,0.5178,0.2454,0.3780,-0.1192,0.4522,0.4364,1.3054,0.2768,11.3399,-0.9739
84.639,0.5017,0.2454,0.3613,-0.1192,0.4350,0.4364,1.3054,0.2768,11.3399,-0.9739
84.640,0.5017,0.2277,0.3526,-0.1192,0.4350,0.4193,1.2877,0.2768,11.3399,-0.9739
84.723,0.5017,0.2277,0.3526,-0.1292,0.4436,0.4241,1.2877,0.2668,11.3499,-0.9745
84.723,0.5182,0.2387,0.3526,-0.1125,0.4436,0.4241,1.2987,0.2835,11.3499,-0.9745
84.725,0.5016,0.2387,0.3358,-0.1125,0.4259,0.4241,1.2987,0.2835,11.3499,-0.9745
84.727,0.5016,0.2208,0.3270,-0.1125,0.4259,0.4067,1.2808,0.2835,11.3499,-0.9745
84.812,0.5016,0.2208,0.3270,-0.1224,0.4345,0.4116,1.2808,0.2736,11.3598,-0.9750
84.812,0.5212,0.2376,0.3270,-0.1016,0.4345,0.4116,1.2976,0.2944,11.3598,-0.9750
84.814,0.5047,0.2376,0.3105,-0.1016,0.4170,0.4116,1.2976,0.2944,11.3598,-0.9750
84.816,0.5047,0.2195,0.3016,-0.1016,0.4170,0.3940,1.2795,0.2944,11.3598,-0.9750
84.898,0.5047,0.2195,0.3016,-0.1115,0.4256,0.3990,1.2795,0.2845,11.3697,-0.9755
84.900,0.5228,0.2370,0.3016,-0.0916,0.4256,0.3990,1.2970,0.3044,11.3697,-0.9755
84.903,0.5067,0.2370,0.2857,-0.0916,0.4084,0.3990,1.2970,0.3044,11.3697,-0.9755
84.904,0.5067,0.2189,0.2768,-0.0916,0.4084,0.3813,1.2789,0.3044,11.3697,-0.9755
84.978,0.5067,0.2189,0.2768,-0.1014,0.4170,0.3864,1.2789,0.2946,11.3796,-0.9758
84.979,0.5221,0.2347,0.2768,-0.0843,0.4170,0.3864,1.2947,0.3117,11.3796,-0.9758
84.980,0.5062,0.2347,0.2611,-0.0843,0.4000,0.3864,1.2947,0.3117,11.3796,-0.9758
84.981,0.5062,0.2164,0.2522,-0.0843,0.4000,0.3686,1.2764,0.3117,11.3796,-0.9758
85.052,0.5062,0.2164,0.2522,-0.0942,0.4087,0.3737,1.2764,0.3018,11.3896,-0.9762
85.053,0.5203,0.2312,0.2522,-0.0785,0.4087,0.3737,1.2912,0.3175,11.3896,-0.9762
85.054,0.5041,0.2312,0.2362,-0.0785,0.3914,0.3737,1.2912,0.3175,11.3896,-0.9762
85.054,0.5041,0.2129,0.2274,-0.0785,0.3914,0.3558,1.2729,0.3175,11.3896,-0.9762
85.117,0.5041,0.2129,0.2274,-0.0884,0.4002,0.3608,1.2729,0.3076,11.3996,-0.9767
85.118,0.5191,0.2284,0.2274,-0.0718,0.4002,0.3608,1.2874,0.3242,11.3996,-0.9767
85.118,0.5023,0.2284,0.2109,-0.0718,0.3823,0.3608,1.2709,0.3242,11.3996,-0.9767
85.119,0.5023,0.2102,0.2021,-0.0718,0.3823,0.3429,1.2621,0.3242,11.3996,-0.9767
85.181,0.5023,0.2102,0.2021,-0.0818,0.3912,0.3479,1.2621,0.3142,11.4095,-0.9773
85.182,0.5175,0.2261,0.2021,-0.0649,0.3912,0.3479,1.2621,0.3311,11.4095,-0.9773
85.183,0.5003,0.2261,0.1852,-0.0649,0.3728,0.3479,1.2452,0.3311,11.4095,-0.9773
85.184,0.5003,0.2080,0.1765,-0.0649,0.3728,0.3300,1.2365,0.3311,11.4095,-0.9773
85.285,0.5003,0.2080,0.1765,-0.0649,0.3728,0.3300,1.2365,0.3311,11.4095,-0.9773
85.303,0.5003,0.2080,0.1765,-0.0749,0.3817,0.3351,1.2365,0.3211,11.4194,-0.9778
85.304,0.5138,0.2232,0.1765,-0.0595,0.3817,0.3351,1.2365,0.3365,11.4194,-0.9778
85.304,0.4967,0.2232,0.1597,-0.0595,0.3634,0.3351,1.2197,0.3365,11.4194,-0.9778
85.305,0.4967,0.2052,0.1510,-0.0595,0.3634,0.3172,1.2110,0.3365,11.4194,-0.9778
85.405,0.4967,0.2052,0.1510,-0.0595,0.3634,0.3172,1.2110,0.3365,11.4194,-0.9778
85.426,0.4967,0.2052,0.1510,-0.0694,0.3722,0.3224,1.2110,0.3266,11.4293,-0.9782
85.427,0.5072,0.2191,0.1510,-0.0569,0.3722,0.3224,1.2110,0.3391,11.4293,-0.9782
85.427,0.4905,0.2191,0.1346,-0.0569,0.3544,0.3224,1.1946,0.3391,11.4293,-0.9782
85.428,0.4905,0.2009,0.1260,-0.0569,0.3544,0.3044,1.1860,0.3391,11.4293,-0.9782
85.498,0.4905,0.2009,0.1260,-0.0668,0.3632,0.3097,1.1860,0.3292,11.4393,-0.9786
85.498,0.4986,0.2139,0.1260,-0.0565,0.3632,0.3097,1.1860,0.3395,11.4393,-0.9786
85.500,0.4822,0.2139,0.1096,-0.0565,0.3456,0.3097,1.1696,0.3395,11.4393,-0.9786
85.501,0.4822,0.1957,0.1010,-0.0565,0.3456,0.2916,1.1610,0.3395,11.4393,-0.9786
85.596,0.4822,0.1957,0.1010,-0.0665,0.3545,0.2969,1.1610,0.3295,11.4492,-0.9790
85.599,0.4904,0.2091,0.1010,-0.0559,0.3545,0.2969,1.1610,0.3401,11.4492,-0.9790
85.604,0.4737,0.2091,0.0844,-0.0559,0.3366,0.2969,1.1444,0.3401,11.4492,-0.9790
85.606,0.4737,0.1908,0.0760,-0.0559,0.3366,0.2788,1.1360,0.3401,11.4492,-0.9790
85.699,0.4737,0.1908,0.0760,-0.0659,0.3456,0.2840,1.1360,0.3301,11.4592,-0.9795
85.703,0.4835,0.2054,0.0760,-0.0538,0.3456,0.2840,1.1360,0.3422,11.4592,-0.9795
85.705,0.4664,0.2054,0.0589,-0.0538,0.3273,0.2840,1.1189,0.3422,11.4592,-0.9795
85.707,0.4664,0.1869,0.0517,-0.0538,0.3273,0.2662,1.1117,0.3422,11.4592,-0.9795
85.798,0.4664,0.1869,0.0517,-0.0637,0.3363,0.2714,1.1117,0.3323,11.4691,-0.9800
85.799,0.4774,0.2026,0.0517,-0.0503,0.3363,0.2714,1.1117,0.3457,11.4691,-0.9800
85.804,0.4602,0.2026,0.0344,-0.0503,0.3179,0.2714,1.0944,0.3457,11.4691,-0.9800
85.806,0.4602,0.1838,0.0290,-0.0503,0.3179,0.2541,1.0890,0.3457,11.4691,-0.9800
85.903,0.4602,0.1838,0.0290,-0.0603,0.3269,0.2594,1.0890,0.3357,11.4790,-0.9804
85.904,0.4706,0.1996,0.0290,-0.0473,0.3269,0.2594,1.0890,0.3487,11.4790,-0.9804
85.904,0.4538,0.1996,0.0119,-0.0473,0.3088,0.2594,1.0719,0.3487,11.4790,-0.9804
85.904,0.4538,0.1806,0.0078,-0.0473,0.3088,0.2424,1.0678,0.3487,11.4790,-0.9804
85.988,0.4538,0.1806,0.0078,-0.0572,0.3178,0.2478,1.0678,0.3388,11.4890,-0.9808
85.988,0.4624,0.1962,0.0078,-0.0458,0.3178,0.2478,1.0678,0.3502,11.4890,-0.9808
85.988,0.4461,0.1962,-0.0091,-0.0458,0.3001,0.2478,1.0509,0.3502,11.4890,-0.9808
85.989,0.4461,0.1771,-0.0134,-0.0458,0.3001,0.2306,1.0466,0.3502,11.4890,-0.9808
86.079,0.4461,0.1771,-0.0134,-0.0557,0.3092,0.2360,1.0466,0.3403,11.4989,-0.9811
86.080,0.4549,0.1932,-0.0134,-0.0438,0.3092,0.2360,1.0466,0.3522,11.4989,-0.9811
86.081,0.4388,0.1932,-0.0303,-0.0438,0.2916,0.2360,1.0297,0.3522,11.4989,-0.9811
86.082,0.4388,0.1742,-0.0356,-0.0438,0.2916,0.2184,1.0244,0.3522,11.4989,-0.9811
86.182,0.4388,0.1742,-0.0356,-0.0438,0.2916,0.2184,1.0244,0.3522,11.4989,-0.9811
86.186,0.4388,0.1742,-0.0356,-0.0538,0.3008,0.2237,1.0244,0.3422,11.5089,-0.9815
86.200,0.4513,0.1914,-0.0356,-0.0388,0.3008,0.2237,1.0244,0.3572,11.5089,-0.9815
86.201,0.4349,0.1914,-0.0528,-0.0388,0.2829,0.2237,1.0072,0.3572,11.5089,-0.9815
86.202,0.4349,0.1725,-0.0570,-0.0388,0.2829,0.2066,1.0030,0.3572,11.5089,-0.9815
86.293,0.4349,0.1725,-0.0570,-0.0488,0.2922,0.2119,1.0030,0.3472,11.5189,-0.9821
86.295,0.4490,0.1895,-0.0570,-0.0326,0.2922,0.2119,1.0030,0.3634,11.5189,-0.9821
86.296,0.4322,0.1895,-0.0747,-0.0326,0.2738,0.2119,0.9853,0.3634,11.5189,-0.9821
86.297,0.4322,0.1704,-0.0752,-0.0326,0.2738,0.1961,0.9848,0.3634,11.5189,-0.9821
86.390,0.4322,0.1704,-0.0752,-0.0426,0.2831,0.2013,0.9848,0.3534,11.5288,-0.9826
86.391,0.4453,0.1862,-0.0752,-0.0277,0.2831,0.2013,0.9848,0.3683,11.5288,-0.9826
86.391,0.4284,0.1862,-0.0930,-0.0277,0.2647,0.2013,0.9670,0.3683,11.5288,-0.9826
86.391,0.4284,0.1667,-0.0894,-0.0277,0.2647,0.1870,0.9706,0.3683,11.5288,-0.9826
86.492,0.4284,0.1667,-0.0894,-0.0277,0.2647,0.1870,0.9706,0.3683,11.5288,-0.9826
86.499,0.4284,0.1667,-0.0894,-0.0376,0.2739,0.1922,0.9706,0.3584,11.5387,-0.9830
86.500,0.4395,0.1819,-0.0894,-0.0244,0.2739,0.1922,0.9706,0.3716,11.5387,-0.9830
86.500,0.4231,0.1819,-0.1070,-0.0244,0.2559,0.1922,0.9530,0.3716,11.5387,-0.9830
86.501,0.4231,0.1628,-0.1024,-0.0244,0.2559,0.1787,0.9576,0.3716,11.5387,-0.9830
86.597,0.4231,0.1628,-0.1024,-0.0343,0.2652,0.1839,0.9576,0.3617,11.5487,-0.9833
86.598,0.4334,0.1779,-0.1024,-0.0217,0.2652,0.1839,0.9576,0.3743,11.5487,-0.9833
86.600,0.4175,0.1779,-0.1198,-0.0217,0.2477,0.1839,0.9402,0.3743,11.5487,-0.9833
86.601,0.4175,0.1600,-0.1179,-0.0217,0.2477,0.1702,0.9421,0.3743,11.5487,-0.9833
86.685,0.4175,0.1600,-0.1179,-0.0317,0.2570,0.1753,0.9421,0.3643,11.5586,-0.9837
86.701,0.4282,0.1749,-0.1179,-0.0189,0.2570,0.1753,0.9421,0.3771,11.5586,-0.9837
86.703,0.4125,0.1749,-0.1353,-0.0189,0.2396,0.1753,0.9247,0.3771,11.5586,-0.9837
86.703,0.4125,0.1580,-0.1349,-0.0189,0.2396,0.1618,0.9251,0.3771,11.5586,-0.9837
86.794,0.4125,0.1580,-0.1349,-0.0288,0.2490,0.1668,0.9251,0.3672,11.5686,-0.9842
86.795,0.4248,0.1728,-0.1349,-0.0148,0.2490,0.1668,0.9251,0.3812,11.5686,-0.9842
86.796,0.4089,0.1728,-0.1526,-0.0148,0.2314,0.1668,0.9074,0.3812,11.5686,-0.9842
86.798,0.4089,0.1559,-0.1505,-0.0148,0.2314,0.1539,0.9095,0.3812,11.5686,-0.9842
86.887,0.4089,0.1559,-0.1505,-0.0248,0.2408,0.1589,0.9095,0.3712,11.5785,-0.9847
86.887,0.4232,0.1708,-0.1505,-0.0093,0.2408,0.1589,0.9095,0.3867,11.5785,-0.9847
86.887,0.4071,0.1708,-0.1685,-0.0093,0.2230,0.1589,0.8915,0.3867,11.5785,-0.9847
86.888,0.4071,0.1528,-0.1628,-0.0093,0.2230,0.1467,0.8972,0.3867,11.5785,-0.9847
86.988,0.4071,0.1528,-0.1628,-0.0093,0.2230,0.1467,0.8972,0.3867,11.5785,-0.9847
86.994,0.4071,0.1528,-0.1628,-0.0192,0.2324,0.1516,0.8972,0.3768,11.5885,-0.9852
86.996,0.4225,0.1678,-0.1628,-0.0030,0.2324,0.1516,0.8972,0.3930,11.5885,-0.9852
86.999,0.4067,0.1678,-0.1807,-0.0030,0.2148,0.1516,0.8793,0.3930,11.5885,-0.9852
87.004,0.4067,0.1495,-0.1729,-0.0030,0.2148,0.1401,0.8871,0.3930,11.5885,-0.9852
87.104,0.4067,0.1495,-0.1729,-0.0030,0.2148,0.1401,0.8871,0.3930,11.5885,-0.9852
87.119,0.4067,0.1495,-0.1729,-0.0129,0.2242,0.1450,0.8871,0.3831,11.5984,-0.9856
87.119,0.4209,0.1639,-0.1729,0.0023,0.2242,0.1450,0.8871,0.3983,11.5984,-0.9856
87.120,0.4055,0.1639,-0.1907,0.0023,0.2071,0.1450,0.8693,0.3983,11.5984,-0.9856
87.120,0.4055,0.1467,-0.1850,0.0023,0.2071,0.1335,0.8750,0.3983,11.5984,-0.9856
87.192,0.4055,0.1467,-0.1850,-0.0076,0.2165,0.1384,0.8750,0.3884,11.6084,-0.9859
87.193,0.4195,0.1613,-0.1850,0.0074,0.2165,0.1384,0.8750,0.4034,11.6084,-0.9859
87.193,0.4044,0.1613,-0.2026,0.0074,0.1997,0.1384,0.8574,0.4034,11.6084,-0.9859
87.194,0.4044,0.1453,-0.1997,0.0074,0.1997,0.1267,0.8603,0.4034,11.6084,-0.9859
87.291,0.4044,0.1453,-0.1997,-0.0026,0.2093,0.1315,0.8603,0.3934,11.6183,-0.9864
87.292,0.4206,0.1616,-0.1997,0.0146,0.2093,0.1315,0.8603,0.4106,11.6183,-0.9864
87.294,0.4056,0.1616,-0.2174,0.0146,0.1925,0.1315,0.8426,0.4106,11.6183,-0.9864
87.295,0.4056,0.1458,-0.2146,0.0146,0.1925,0.1200,0.8454,0.4106,11.6183,-0.9864
87.386,0.4056,0.1458,-0.2146,0.0047,0.2021,0.1247,0.8454,0.4007,11.6283,-0.9869
87.398,0.4247,0.1639,-0.2146,0.0246,0.2021,0.1247,0.8454,0.4206,11.6283,-0.9869
87.399,0.4095,0.1639,-0.2326,0.0246,0.1850,0.1247,0.8274,0.4206,11.6283,-0.9869
87.402,0.4095,0.1471,-0.2276,0.0246,0.1850,0.1132,0.8324,0.4206,11.6283,-0.9869
87.500,0.4095,0.1471,-0.2276,0.0147,0.1946,0.1179,0.8324,0.4107,11.6382,-0.9874
87.501,0.4299,0.1654,-0.2276,0.0355,0.1946,0.1179,0.8324,0.4315,11.6382,-0.9874
87.502,0.4145,0.1654,-0.2459,0.0355,0.1775,0.1179,0.8141,0.4315,11.6382,-0.9874
87.504,0.4145,0.1475,-0.2383,0.0355,0.1775,0.1067,0.8217,0.4315,11.6382,-0.9874
87.588,0.4145,0.1475,-0.2383,0.0256,0.1871,0.1113,0.8217,0.4216,11.6482,-0.9879
87.589,0.4339,0.1645,-0.2383,0.0454,0.1871,0.1113,0.8217,0.4414,11.6482,-0.9879
87.590,0.4186,0.1645,-0.2566,0.0454,0.1701,0.1113,0.8034,0.4414,11.6482,-0.9879
87.590,0.4186,0.1470,-0.2491,0.0454,0.1701,0.1005,0.8109,0.4414,11.6482,-0.9879
87.683,0.4186,0.1470,-0.2491,0.0354,0.1797,0.1051,0.8109,0.4314,11.6581,-0.9882
87.684,0.4373,0.1634,-0.2491,0.0544,0.1797,0.1051,0.8109,0.4504,11.6581,-0.9882
87.686,0.4222,0.1634,-0.2673,0.0544,0.1629,0.1051,0.7927,0.4504,11.6581,-0.9882
87.688,0.4222,0.1468,-0.2618,0.0544,0.1629,0.0942,0.7982,0.4504,11.6581,-0.9882
87.783,0.4222,0.1468,-0.2618,0.0445,0.1726,0.0987,0.7982,0.4405,11.6681,-0.9886
87.787,0.4415,0.1634,-0.2618,0.0639,0.1726,0.0987,0.7982,0.4599,11.6681,-0.9886
87.789,0.4266,0.1634,-0.2801,0.0639,0.1559,0.0987,0.7799,0.4599,11.6681,-0.9886
87.790,0.4266,0.1473,-0.2759,0.0639,0.1559,0.0876,0.7841,0.4599,11.6681,-0.9886
87.886,0.4266,0.1473,-0.2759,0.0540,0.1656,0.0921,0.7841,0.4500,11.6780,-0.9891
87.903,0.4465,0.1635,-0.2759,0.0738,0.1656,0.0921,0.7841,0.4698,11.6780,-0.9891
87.903,0.4314,0.1635,-0.2944,0.0738,0.1489,0.0921,0.7656,0.4698,11.6780,-0.9891
87.904,0.4314,0.1467,-0.2886,0.0738,0.1489,0.0812,0.7714,0.4698,11.6780,-0.9891
88.004,0.4314,0.1467,-0.2886,0.0738,0.1489,0.0812,0.7714,0.4698,11.6780,-0.9891
88.007,0.4314,0.1467,-0.2886,0.0639,0.1587,0.0855,0.7714,0.4599,11.6880,-0.9896
88.021,0.4512,0.1610,-0.2886,0.0830,0.1587,0.0855,0.7714,0.4790,11.6880,-0.9896
88.023,0.4360,0.1610,-0.3074,0.0830,0.1418,0.0855,0.7526,0.4790,11.6880,-0.9896
88.024,0.4360,0.1432,-0.2991,0.0830,0.1418,0.0751,0.7609,0.4711,11.6880,-0.9896
88.122,0.4360,0.1432,-0.2991,0.0731,0.1516,0.0794,0.7609,0.4691,11.6979,-0.9901
88.123,0.4546,0.1544,-0.2991,0.0907,0.1516,0.0794,0.7609,0.4754,11.6979,-0.9901
88.124,0.4393,0.1544,-0.3180,0.0907,0.1346,0.0794,0.7420,0.4754,11.6979,-0.9901
88.126,0.4393,0.1367,-0.3092,0.0907,0.1346,0.0693,0.7508,0.4654,11.6979,-0.9901
88.205,0.4393,0.1367,-0.3092,0.0808,0.1444,0.0736,0.7508,0.4696,11.7079,-0.9905
88.206,0.4567,0.1449,-0.3092,0.0969,0.1444,0.0736,0.7508,0.4696,11.7079,-0.9905
88.207,0.4414,0.1449,-0.3282,0.0969,0.1276,0.0736,0.7318,0.4696,11.7079,-0.9905
88.208,0.4414,0.1287,-0.3204,0.0969,0.1276,0.0643,0.7396,0.4604,11.7079,-0.9905
88.290,0.4414,0.1287,-0.3204,0.0869,0.1374,0.0686,0.7396,0.4646,11.7178,-0.9909
88.292,0.4576,0.1352,-0.3204,0.1017,0.1374,0.0686,0.7396,0.4646,11.7178,-0.9909
88.293,0.4424,0.1352,-0.3394,0.1017,0.1209,0.0686,0.7206,0.4646,11.7178,-0.9909
88.295,0.4424,0.1200,-0.3324,0.1017,0.1209,0.0599,0.7276,0.4559,11.7178,-0.9909
88.394,0.4424,0.1200,-0.3324,0.0917,0.1308,0.0641,0.7276,0.4601,11.7278,-0.9912
88.396,0.4567,0.1251,-0.3324,0.1047,0.1308,0.0641,0.7276,0.4601,11.7278,-0.9912
88.399,0.4417,0.1251,-0.3512,0.1047,0.1146,0.0641,0.7088,0.4601,11.7278,-0.9912
88.400,0.4417,0.1100,-0.3445,0.1047,0.1146,0.0553,0.7155,0.4513,11.7278,-0.9912
88.493,0.4417,0.1100,-0.3445,0.0947,0.1245,0.0593,0.7155,0.4553,11.7378,-0.9917
88.495,0.4530,0.1127,-0.3445,0.1049,0.1245,0.0593,0.7155,0.4553,11.7378,-0.9917
88.496,0.4380,0.1127,-0.3635,0.1049,0.1084,0.0593,0.6965,0.4553,11.7378,-0.9917
88.496,0.4380,0.0974,-0.3570,0.1049,0.1084,0.0503,0.7030,0.4463,11.7378,-0.9917
88.594,0.4380,0.0974,-0.3570,0.0950,0.1183,0.0542,0.7030,0.4502,11.7477,-0.9922
88.596,0.4455,0.0959,-0.3570,0.1013,0.1183,0.0542,0.7030,0.4502,11.7477,-0.9922
88.598,0.4304,0.0959,-0.3761,0.1013,0.1022,0.0542,0.6839,0.4502,11.7477,-0.9922
88.602,0.4304,0.0802,-0.3704,0.1013,0.1022,0.0444,0.6896,0.4405,11.7477,-0.9922
88.685,0.4304,0.0802,-0.3704,0.0914,0.1121,0.0484,0.6896,0.4444,11.7576,-0.9927
88.687,0.4347,0.0747,-0.3704,0.0946,0.1121,0.0484,0.6896,0.4444,11.7576,-0.9927
88.689,0.4196,0.0747,-0.3895,0.0946,0.0962,0.0484,0.6705,0.4444,11.7576,-0.9927
88.690,0.4196,0.0595,-0.3845,0.0946,0.0962,0.0387,0.6755,0.4347,11.7576,-0.9927
88.788,0.4196,0.0595,-0.3845,0.0846,0.1061,0.0427,0.6755,0.4387,11.7676,-0.9931
88.789,0.4228,0.0526,-0.3845,0.0870,0.1061,0.0427,0.6755,0.4387,11.7676,-0.9931
88.792,0.4078,0.0526,-0.4036,0.0870,0.0906,0.0427,0.6564,0.4387,11.7676,-0.9931
88.794,0.4078,0.0386,-0.3993,0.0870,0.0906,0.0335,0.6607,0.4295,11.7676,-0.9931
88.886,0.4078,0.0386,-0.3993,0.0770,0.1005,0.0375,0.6607,0.4335,11.7776,-0.9935
88.902,0.4106,0.0325,-0.3993,0.0792,0.1005,0.0375,0.6607,0.4335,11.7776,-0.9935
88.903,0.3958,0.0325,-0.4182,0.0792,0.0853,0.0375,0.6418,0.4335,11.7776,-0.9935
88.904,0.3958,0.0187,-0.4150,0.0792,0.0853,0.0278,0.6450,0.4239,11.7776,-0.9935
88.996,0.3958,0.0187,-0.4150,0.0693,0.0953,0.0318,0.6450,0.4278,11.7875,-0.9939
88.997,0.3954,0.0107,-0.4150,0.0685,0.0953,0.0318,0.6450,0.4278,11.7875,-0.9939
88.999,0.3808,0.0107,-0.4339,0.0685,0.0805,0.0318,0.6261,0.4278,11.7875,-0.9939
89.000,0.3808,-0.0030,-0.4318,0.0685,0.0805,0.0215,0.6282,0.4175,11.7875,-0.9939
89.090,0.3808,-0.0030,-0.4318,0.0585,0.0905,0.0254,0.6282,0.4214,11.7975,-0.9944
89.092,0.3744,-0.0156,-0.4318,0.0520,0.0905,0.0254,0.6282,0.4214,11.7975,-0.9944
89.094,0.3599,-0.0156,-0.4507,0.0520,0.0759,0.0254,0.6093,0.4214,11.7975,-0.9944
89.095,0.3599,-0.0292,-0.4497,0.0520,0.0759,0.0145,0.6103,0.4105,11.7975,-0.9944
89.190,0.3599,-0.0292,-0.4497,0.0420,0.0858,0.0183,0.6103,0.4143,11.8074,-0.9949
89.207,0.3487,-0.0452,-0.4497,0.0309,0.0858,0.0183,0.6103,0.4143,11.8074,-0.9949
89.208,0.3342,-0.0452,-0.4687,0.0309,0.0714,0.0183,0.5913,0.4143,11.8074,-0.9949
89.209,0.3342,-0.0589,-0.4689,0.0309,0.0714,0.0065,0.5911,0.4025,11.8074,-0.9949
89.310,0.3342,-0.0589,-0.4689,0.0309,0.0714,0.0065,0.5911,0.4025,11.8074,-0.9949
89.319,0.3342,-0.0589,-0.4689,0.0210,0.0813,0.0105,0.5911,0.4065,11.8174,-0.9954
89.336,0.3226,-0.0743,-0.4689,0.0097,0.0813,0.0105,0.5911,0.4057,11.8174,-0.9954
89.338,0.3075,-0.0743,-0.4880,0.0097,0.0665,0.0105,0.5720,0.4057,11.8174,-0.9954
89.340,0.3075,-0.0876,-0.4888,0.0097,0.0665,-0.0015,0.5712,0.3946,11.8174,-0.9954
89.441,0.3075,-0.0876,-0.4888,0.0097,0.0665,-0.0015,0.5712,0.3946,11.8174,-0.9954
89.445,0.3075,-0.0876,-0.4888,-0.0002,0.0765,0.0026,0.5712,0.3958,11.8273,-0.9957
89.469,0.2976,-0.1005,-0.4888,-0.0099,0.0765,0.0026,0.5712,0.3861,11.8273,-0.9957
89.470,0.2808,-0.1005,-0.5081,-0.0099,0.0601,0.0026,0.5519,0.3861,11.8273,-0.9957
89.472,0.2808,-0.1126,-0.5087,-0.0099,0.0601,-0.0082,0.5513,0.3861,11.8273,-0.9957
89.572,0.2808,-0.1126,-0.5087,-0.0099,0.0601,-0.0082,0.5513,0.3861,11.8273,-0.9957
89.585,0.2808,-0.1126,-0.5087,-0.0198,0.0700,-0.0041,0.5513,0.3762,11.8373,-0.9961
89.585,0.2699,-0.1251,-0.5087,-0.0304,0.0700,-0.0041,0.5513,0.3656,11.8373,-0.9961
89.586,0.2523,-0.1251,-0.5276,-0.0304,0.0528,-0.0041,0.5324,0.3656,11.8373,-0.9961
89.586,0.2523,-0.1360,-0.5281,-0.0304,0.0528,-0.0139,0.5319,0.3656,11.8373,-0.9961
89.670,0.2523,-0.1360,-0.5281,-0.0403,0.0628,-0.0098,0.5319,0.3557,11.8472,-0.9966
89.671,0.2384,-0.1499,-0.5281,-0.0539,0.0628,-0.0098,0.5319,0.3421,11.8472,-0.9966
89.673,0.2215,-0.1499,-0.5448,-0.0539,0.0463,-0.0098,0.5152,0.3421,11.8472,-0.9966
89.675,0.2215,-0.1599,-0.5456,-0.0539,0.0463,-0.0190,0.5144,0.3421,11.8472,-0.9966
89.757,0.2215,-0.1599,-0.5456,-0.0638,0.0563,-0.0149,0.5144,0.3322,11.8572,-0.9971
89.759,0.2057,-0.1749,-0.5456,-0.0794,0.0563,-0.0149,0.5144,0.3166,11.8572,-0.9971
89.759,0.1899,-0.1749,-0.5593,-0.0794,0.0408,-0.0149,0.5007,0.3166,11.8572,-0.9971
89.761,0.1899,-0.1840,-0.5603,-0.0794,0.0408,-0.0235,0.4997,0.3166,11.8572,-0.9971
89.861,0.1899,-0.1840,-0.5603,-0.0794,0.0408,-0.0235,0.4997,0.3166,11.8572,-0.9971
89.877,0.1899,-0.1840,-0.5603,-0.0893,0.0508,-0.0194,0.4997,0.3067,11.8671,-0.9976
89.877,0.1742,-0.1988,-0.5603,-0.1047,0.0508,-0.0194,0.4997,0.2913,11.8671,-0.9976
89.879,0.1586,-0.1988,-0.5718,-0.1047,0.0353,-0.0194,0.4882,0.2913,11.8671,-0.9976
89.879,0.1586,-0.2071,-0.5734,-0.1047,0.0353,-0.0275,0.4866,0.2913,11.8671,-0.9976
89.957,0.1586,-0.2071,-0.5734,-0.1146,0.0452,-0.0233,0.4866,0.2814,11.8771,-0.9981
89.958,0.1442,-0.2210,-0.5734,-0.1286,0.0452,-0.0233,0.4866,0.2674,11.8771,-0.9981
89.960,0.1278,-0.2210,-0.5842,-0.1286,0.0289,-0.0233,0.4758,0.2674,11.8771,-0.9981
89.962,0.1278,-0.2283,-0.5865,-0.1286,0.0289,-0.0310,0.4735,0.2674,11.8771,-0.9981
90.050,0.1278,-0.2283,-0.5865,-0.1385,0.0389,-0.0266,0.4735,0.2575,11.8870,-0.9984
90.052,0.1145,-0.2412,-0.5865,-0.1514,0.0389,-0.0266,0.4735,0.2446,11.8870,-0.9984
90.054,0.0974,-0.2412,-0.5971,-0.1514,0.0218,-0.0266,0.4629,0.2446,11.8870,-0.9984
90.055,0.0974,-0.2467,-0.6006,-0.1514,0.0218,-0.0334,0.4594,0.2446,11.8870,-0.9984
90.153,0.0974,-0.2467,-0.6006,-0.1612,0.0317,-0.0290,0.4594,0.2348,11.8970,-0.9989
90.153,0.0846,-0.2587,-0.6006,-0.1738,0.0317,-0.0290,0.4594,0.2222,11.8970,-0.9989
90.155,0.0679,-0.2587,-0.6094,-0.1738,0.0149,-0.0290,0.4506,0.2222,11.8970,-0.9989
90.156,0.0679,-0.2615,-0.6146,-0.1738,0.0149,-0.0342,0.4454,0.2222,11.8970,-0.9989
90.237,0.0679,-0.2615,-0.6146,-0.1836,0.0249,-0.0296,0.4454,0.2124,11.9069,-0.9993
90.238,0.0544,-0.2729,-0.6146,-0.1971,0.0249,-0.0296,0.4454,0.1989,11.9069,-0.9993
90.239,0.0393,-0.2729,-0.6198,-0.1971,0.0095,-0.0296,0.4402,0.1989,11.9069,-0.9993
90.242,0.0393,-0.2725,-0.6266,-0.1971,0.0095,-0.0328,0.4334,0.1989,11.9069,-0.9993
90.325,0.0393,-0.2725,-0.6266,-0.2069,0.0194,-0.0282,0.4334,0.1891,11.9169,-0.9999
90.326,0.0252,-0.2827,-0.6266,-0.2212,0.0194,-0.0282,0.4334,0.1748,11.9169,-0.9999
90.327,0.0119,-0.2827,-0.6282,-0.2212,0.0057,-0.0282,0.4318,0.1748,11.9169,-0.9999
90.330,0.0119,-0.2788,-0.6355,-0.2212,0.0057,-0.0284,0.4245,0.1748,11.9169,-0.9999
90.425,0.0119,-0.2788,-0.6355,-0.2310,0.0156,-0.0235,0.4245,0.1650,11.9268,-1.0003
90.426,-0.0015,-0.2872,-0.6355,-0.2448,0.0156,-0.0235,0.4245,0.1512,11.9268,-1.0003
90.427,-0.0143,-0.2872,-0.6362,-0.2448,0.0023,-0.0235,0.4238,0.1512,11.9268,-1.0003
90.429,-0.0143,-0.2805,-0.6417,-0.2448,0.0023,-0.0203,0.4183,0.1512,11.9268,-1.0003
90.529,-0.0143,-0.2805,-0.6417,-0.2448,0.0023,-0.0203,0.4183,0.1512,11.9268,-1.0003
90.535,-0.0143,-0.2805,-0.6417,-0.2546,0.0123,-0.0152,0.4183,0.1414,11.9367,-1.0007
90.537,-0.0265,-0.2868,-0.6417,-0.2673,0.0123,-0.0152,0.4183,0.1287,11.9367,-1.0007
90.539,-0.0398,-0.2868,-0.6424,-0.2673,-0.0015,-0.0152,0.4176,0.1287,11.9367,-1.0007
90.541,-0.0398,-0.2803,-0.6448,-0.2673,-0.0015,-0.0105,0.4152,0.1287,11.9367,-1.0007
90.642,-0.0398,-0.2803,-0.6448,-0.2673,-0.0015,-0.0105,0.4152,0.1287,11.9367,-1.0007
90.646,-0.0398,-0.2803,-0.6448,-0.2771,0.0085,-0.0053,0.4152,0.1189,11.9467,-1.0011
90.648,-0.0508,-0.2844,-0.6448,-0.2888,0.0085,-0.0053,0.4152,0.1072,11.9467,-1.0011
90.650,-0.0640,-0.2844,-0.6447,-0.2888,-0.0051,-0.0053,0.4153,0.1072,11.9467,-1.0011
90.653,-0.0640,-0.2784,-0.6462,-0.2888,-0.0051,-0.0007,0.4138,0.1072,11.9467,-1.0011
90.753,-0.0640,-0.2784,-0.6462,-0.2888,-0.0051,-0.0007,0.4138,0.1072,11.9467,-1.0011
90.805,-0.0640,-0.2784,-0.6462,-0.2987,0.0049,0.0046,0.4138,0.0973,11.9567,-1.0015
90.805,-0.0742,-0.2801,-0.6462,-0.3095,0.0049,0.0046,0.4138,0.0865,11.9567,-1.0015
90.805,-0.0864,-0.2801,-0.6446,-0.3095,-0.0077,0.0046,0.4154,0.0865,11.9567,-1.0015
90.806,-0.0864,-0.2722,-0.6469,-0.3095,-0.0077,0.0105,0.4131,0.0865,11.9567,-1.0015
90.906,-0.0864,-0.2722,-0.6469,-0.3194,0.0023,0.0159,0.4131,0.0766,11.9666,-1.0020
90.907,-0.0962,-0.2725,-0.6469,-0.3297,0.0023,0.0159,0.4131,0.0663,11.9666,-1.0020
90.908,-0.1074,-0.2725,-0.6440,-0.3297,-0.0092,0.0159,0.4160,0.0663,11.9666,-1.0020
90.912,-0.1074,-0.2603,-0.6458,-0.3297,-0.0092,0.0257,0.4142,0.0663,11.9666,-1.0020
91.009,-0.1074,-0.2603,-0.6458,-0.3396,0.0008,0.0313,0.4142,0.0564,11.9766,-1.0025
91.010,-0.1169,-0.2597,-0.6458,-0.3495,0.0008,0.0313,0.4142,0.0465,11.9766,-1.0025
91.011,-0.1281,-0.2597,-0.6427,-0.3495,-0.0105,0.0313,0.4173,0.0465,11.9766,-1.0025
91.011,-0.1281,-0.2439,-0.6417,-0.3495,-0.0105,0.0453,0.4183,0.0465,11.9766,-1.0025
91.114,-0.1281,-0.2439,-0.6417,-0.3495,-0.0105,0.0453,0.4183,0.0465,11.9766,-1.0025
91.128,-0.1281,-0.2439,-0.6417,-0.3594,-0.0005,0.0510,0.4183,0.0366,11.9865,-1.0030
91.130,-0.1370,-0.2422,-0.6417,-0.3685,-0.0005,0.0510,0.4183,0.0275,11.9865,-1.0030
91.132,-0.1491,-0.2422,-0.6392,-0.3685,-0.0126,0.0510,0.4208,0.0275,11.9865,-1.0030
91.134,-0.1491,-0.2263,-0.6360,-0.3685,-0.0126,0.0658,0.4240,0.0275,11.9865,-1.0030
91.221,-0.1491,-0.2263,-0.6360,-0.3785,-0.0026,0.0717,0.4240,0.0175,11.9964,-1.0033
91.222,-0.1570,-0.2231,-0.6360,-0.3861,-0.0026,0.0717,0.4240,0.0099,11.9964,-1.0033
91.223,-0.1690,-0.2231,-0.6326,-0.3861,-0.0145,0.0717,0.4274,0.0099,11.9964,-1.0033
91.225,-0.1690,-0.2101,-0.6273,-0.3861,-0.0145,0.0846,0.4327,0.0099,11.9964,-1.0033
91.321,-0.1690,-0.2101,-0.6273,-0.3960,-0.0046,0.0906,0.4327,-0.0000,12.0064,-1.0037
91.323,-0.1754,-0.2052,-0.6273,-0.4017,-0.0046,0.0906,0.4327,-0.0057,12.0064,-1.0037
91.325,-0.1850,-0.2052,-0.6207,-0.4017,-0.0138,0.0906,0.4393,-0.0057,12.0064,-1.0037
91.326,-0.1850,-0.1948,-0.6117,-0.4017,-0.0138,0.1022,0.4483,-0.0057,12.0064,-1.0037
91.427,-0.1850,-0.1948,-0.6117,-0.4017,-0.0138,0.1022,0.4483,-0.0057,12.0064,-1.0037
91.442,-0.1850,-0.1948,-0.6117,-0.4117,-0.0039,0.1082,0.4483,-0.0157,12.0164,-1.0042
91.443,-0.1902,-0.1885,-0.6117,-0.4156,-0.0039,0.1082,0.4483,-0.0196,12.0164,-1.0042
91.445,-0.1976,-0.1885,-0.6020,-0.4156,-0.0106,0.1082,0.4580,-0.0196,12.0164,-1.0042
91.446,-0.1976,-0.1788,-0.5892,-0.4156,-0.0106,0.1202,0.4708,-0.0196,12.0164,-1.0042
91.546,-0.1976,-0.1788,-0.5892,-0.4156,-0.0106,0.1202,0.4708,-0.0196,12.0164,-1.0042
91.561,-0.1976,-0.1788,-0.5892,-0.4255,-0.0007,0.1261,0.4708,-0.0295,12.0263,-1.0047
91.561,-0.2015,-0.1709,-0.5892,-0.4275,-0.0007,0.1261,0.4708,-0.0315,12.0263,-1.0047
91.561,-0.2085,-0.1709,-0.5790,-0.4275,-0.0068,0.1261,0.4810,-0.0315,12.0263,-1.0047
91.562,-0.2085,-0.1610,-0.5646,-0.4275,-0.0068,0.1385,0.4954,-0.0315,12.0263,-1.0047
91.644,-0.2085,-0.1610,-0.5646,-0.4374,0.0031,0.1444,0.4954,-0.0414,12.0362,-1.0052
91.645,-0.2112,-0.1521,-0.5646,-0.4376,0.0031,0.1444,0.4954,-0.0416,12.0362,-1.0052
91.645,-0.2183,-0.1521,-0.5547,-0.4376,-0.0030,0.1444,0.5053,-0.0416,12.0362,-1.0052
91.646,-0.2183,-0.1430,-0.5402,-0.4376,-0.0030,0.1560,0.5198,-0.0416,12.0362,-1.0052
91.740,-0.2183,-0.1430,-0.5402,-0.4474,0.0069,0.1620,0.5198,-0.0514,12.0462,-1.0056
91.741,-0.2203,-0.1338,-0.5402,-0.4464,0.0069,0.1620,0.5198,-0.0504,12.0462,-1.0056
91.741,-0.2273,-0.1338,-0.5293,-0.4464,0.0013,0.1620,0.5307,-0.0504,12.0462,-1.0056
91.742,-0.2273,-0.1264,-0.5150,-0.4464,0.0013,0.1719,0.5450,-0.0504,12.0462,-1.0056
91.822,-0.2273,-0.1264,-0.5150,-0.4562,0.0111,0.1779,0.5450,-0.0602,12.0561,-1.0060
91.822,-0.2288,-0.1175,-0.5150,-0.4544,0.0111,0.1779,0.5450,-0.0584,12.0561,-1.0060
91.823,-0.2342,-0.1175,-0.5022,-0.4544,0.0074,0.1779,0.5578,-0.0584,12.0561,-1.0060
91.823,-0.2342,-0.1122,-0.4872,-0.4544,0.0074,0.1859,0.5728,-0.0584,12.0561,-1.0060
91.906,-0.2342,-0.1122,-0.4872,-0.4641,0.0173,0.1919,0.5728,-0.0681,12.0661,-1.0064
91.907,-0.2351,-0.1032,-0.4872,-0.4613,0.0173,0.1919,0.5728,-0.0653,12.0661,-1.0064
91.908,-0.2378,-0.1032,-0.4727,-0.4613,0.0167,0.1919,0.5873,-0.0653,12.0661,-1.0064
91.908,-0.2378,-0.0997,-0.4566,-0.4613,0.0167,0.1983,0.6034,-0.0653,12.0661,-1.0064
91.992,-0.2378,-0.0997,-0.4566,-0.4709,0.0265,0.2041,0.6034,-0.0749,12.0760,-1.0069
91.992,-0.2377,-0.0898,-0.4566,-0.4666,0.0265,0.2041,0.6034,-0.0706,12.0760,-1.0069
91.993,-0.2381,-0.0898,-0.4409,-0.4666,0.0284,0.2041,0.6191,-0.0706,12.0760,-1.0069
91.993,-0.2381,-0.0873,-0.4248,-0.4666,0.0284,0.2096,0.6352,-0.0706,12.0760,-1.0069
92.086,-0.2381,-0.0873,-0.4248,-0.4761,0.0382,0.2153,0.6352,-0.0801,12.0860,-1.0074
92.087,-0.2367,-0.0760,-0.4248,-0.4699,0.0382,0.2153,0.6352,-0.0739,12.0860,-1.0074
92.088,-0.2371,-0.0760,-0.4089,-0.4699,0.0404,0.2153,0.6511,-0.0739,12.0860,-1.0074
92.088,-0.2371,-0.0742,-0.3936,-0.4699,0.0404,0.2199,0.6664,-0.0739,12.0860,-1.0074
92.186,-0.2371,-0.0742,-0.3936,-0.4793,0.0501,0.2256,0.6664,-0.0833,12.0959,-1.0078
92.187,-0.2344,-0.0616,-0.3936,-0.4711,0.0501,0.2256,0.6664,-0.0751,12.0959,-1.0078
92.187,-0.2355,-0.0616,-0.3783,-0.4711,0.0518,0.2256,0.6817,-0.0751,12.0959,-1.0078
92.188,-0.2355,-0.0602,-0.3637,-0.4711,0.0518,0.2295,0.6963,-0.0751,12.0959,-1.0078
92.283,-0.2355,-0.0602,-0.3637,-0.4804,0.0615,0.2352,0.6963,-0.0844,12.1059,-1.0082
92.286,-0.2321,-0.0469,-0.3637,-0.4712,0.0615,0.2352,0.6963,-0.0752,12.1059,-1.0082
92.287,-0.2337,-0.0469,-0.3490,-0.4712,0.0629,0.2352,0.7110,-0.0752,12.1059,-1.0082
92.288,-0.2337,-0.0458,-0.3343,-0.4712,0.0629,0.2388,0.7257,-0.0752,12.1059,-1.0082
92.380,-0.2337,-0.0458,-0.3343,-0.4803,0.0726,0.2444,0.7257,-0.0843,12.1158,-1.0086
92.380,-0.2299,-0.0320,-0.3343,-0.4701,0.0726,0.2444,0.7257,-0.0741,12.1158,-1.0086
92.380,-0.2321,-0.0320,-0.3200,-0.4701,0.0735,0.2444,0.7400,-0.0741,12.1158,-1.0086
92.381,-0.2321,-0.0308,-0.3047,-0.4701,0.0735,0.2480,0.7553,-0.0741,12.1158,-1.0086
92.474,-0.2321,-0.0308,-0.3047,-0.4790,0.0832,0.2536,0.7553,-0.0830,12.1258,-1.0091
92.475,-0.2274,-0.0162,-0.3047,-0.4676,0.0832,0.2536,0.7553,-0.0716,12.1258,-1.0091
92.477,-0.2307,-0.0162,-0.2910,-0.4676,0.0832,0.2536,0.7690,-0.0716,12.1258,-1.0091
92.479,-0.2307,-0.0147,-0.2755,-0.4676,0.0832,0.2573,0.7845,-0.0716,12.1258,-1.0091
92.580,-0.2307,-0.0147,-0.2755,-0.4676,0.0832,0.2573,0.7845,-0.0716,12.1258,-1.0091
92.590,-0.2307,-0.0147,-0.2755,-0.4763,0.0928,0.2628,0.7845,-0.0803,12.1357,-1.0096
92.591,-0.2252,0.0006,-0.2755,-0.4636,0.0928,0.2628,0.7845,-0.0676,12.1357,-1.0096
92.592,-0.2298,0.0006,-0.2625,-0.4636,0.0917,0.2628,0.7975,-0.0676,12.1357,-1.0096
92.593,-0.2298,0.0026,-0.2473,-0.4636,0.0917,0.2669,0.8127,-0.0676,12.1357,-1.0096
92.676,-0.2298,0.0026,-0.2473,-0.4721,0.1013,0.2723,0.8127,-0.0761,12.1457,-1.0101
92.678,-0.2237,0.0182,-0.2473,-0.4587,0.1013,0.2723,0.8127,-0.0627,12.1457,-1.0101
92.680,-0.2294,0.0182,-0.2349,-0.4587,0.0992,0.2723,0.8251,-0.0627,12.1457,-1.0101
92.682,-0.2294,0.0207,-0.2202,-0.4587,0.0992,0.2766,0.8306,-0.0627,12.1457,-1.0101
92.777,-0.2294,0.0207,-0.2202,-0.4671,0.1087,0.2820,0.8306,-0.0711,12.1556,-1.0105
92.779,-0.2232,0.0363,-0.2202,-0.4534,0.1087,0.2820,0.8368,-0.0574,12.1556,-1.0105
92.781,-0.2300,0.0363,-0.2082,-0.4534,0.1058,0.2820,0.8300,-0.0574,12.1556,-1.0105
92.782,-0.2300,0.0391,-0.1937,-0.4534,0.1058,0.2865,0.8300,-0.0574,12.1556,-1.0105
92.873,-0.2300,0.0391,-0.1937,-0.4617,0.1153,0.2919,0.8300,-0.0657,12.1656,-1.0109
92.874,-0.2238,0.0544,-0.1937,-0.4480,0.1153,0.2919,0.8362,-0.0520,12.1656,-1.0109
92.876,-0.2318,0.0544,-0.1820,-0.4480,0.1114,0.2919,0.8282,-0.0520,12.1656,-1.0109
92.877,-0.2318,0.0573,-0.1672,-0.4480,0.1114,0.2965,0.8282,-0.0520,12.1656,-1.0109
92.978,-0.2318,0.0573,-0.1672,-0.4480,0.1114,0.2965,0.8282,-0.0520,12.1656,-1.0109
92.987,-0.2318,0.0573,-0.1672,-0.4560,0.1209,0.3018,0.8282,-0.0600,12.1756,-1.0113
92.988,-0.2256,0.0723,-0.1672,-0.4423,0.1209,0.3018,0.8344,-0.0463,12.1756,-1.0113
92.988,-0.2347,0.0723,-0.1558,-0.4423,0.1162,0.3018,0.8253,-0.0463,12.1756,-1.0113
92.989,-0.2347,0.0752,-0.1406,-0.4423,0.1162,0.3063,0.8253,-0.0463,12.1756,-1.0113
93.073,-0.2347,0.0752,-0.1406,-0.4502,0.1256,0.3115,0.8253,-0.0542,12.1855,-1.0117
93.073,-0.2284,0.0901,-0.1406,-0.4363,0.1256,0.3115,0.8316,-0.0403,12.1855,-1.0117
93.074,-0.2383,0.0901,-0.1294,-0.4363,0.1203,0.3115,0.8217,-0.0403,12.1855,-1.0117
93.076,-0.2383,0.0930,-0.1141,-0.4363,0.1203,0.3159,0.8217,-0.0403,12.1855,-1.0117
93.160,-0.2383,0.0930,-0.1141,-0.4439,0.1297,0.3210,0.8217,-0.0479,12.1954,-1.0122
93.162,-0.2318,0.1080,-0.1141,-0.4298,0.1297,0.3210,0.8282,-0.0338,12.1954,-1.0122
93.163,-0.2423,0.1080,-0.1031,-0.4298,0.1240,0.3210,0.8177,-0.0338,12.1954,-1.0122
93.165,-0.2423,0.1108,-0.0882,-0.4298,0.1240,0.3253,0.8177,-0.0338,12.1954,-1.0122
93.248,-0.2423,0.1108,-0.0882,-0.4373,0.1333,0.3303,0.8177,-0.0413,12.2054,-1.0127
93.250,-0.2356,0.1260,-0.0882,-0.4229,0.1333,0.3303,0.8244,-0.0269,12.2054,-1.0127
93.251,-0.2466,0.1260,-0.0772,-0.4229,0.1275,0.3303,0.8134,-0.0269,12.2054,-1.0127
93.252,-0.2466,0.1288,-0.0624,-0.4229,0.1275,0.3346,0.8134,-0.0269,12.2054,-1.0127
93.336,-0.2466,0.1288,-0.0624,-0.4302,0.1368,0.3396,0.8134,-0.0342,12.2153,-1.0131
93.337,-0.2397,0.1442,-0.0624,-0.4154,0.1368,0.3396,0.8203,-0.0194,12.2153,-1.0131
93.341,-0.2509,0.1442,-0.0515,-0.4154,0.1309,0.3396,0.8091,-0.0194,12.2153,-1.0131
93.342,-0.2509,0.1471,-0.0365,-0.4154,0.1309,0.3438,0.8091,-0.0194,12.2153,-1.0131
93.421,-0.2509,0.1471,-0.0365,-0.4226,0.1401,0.3488,0.8091,-0.0266,12.2253,-1.0135
93.422,-0.2439,0.1628,-0.0365,-0.4074,0.1401,0.3488,0.8161,-0.0114,12.2253,-1.0135
93.423,-0.2550,0.1628,-0.0257,-0.4074,0.1346,0.3488,0.8050,-0.0114,12.2253,-1.0135
93.426,-0.2550,0.1657,-0.0102,-0.4074,0.1346,0.3530,0.8050,-0.0114,12.2253,-1.0135
93.509,-0.2550,0.1657,-0.0102,-0.4143,0.1437,0.3579,0.8050,-0.0183,12.2353,-1.0139
93.510,-0.2478,0.1819,-0.0102,-0.3986,0.1437,0.3579,0.8122,-0.0026,12.2353,-1.0139
93.512,-0.2586,0.1819,0.0007,-0.3986,0.1386,0.3579,0.8014,-0.0026,12.2353,-1.0139
93.513,-0.2586,0.1849,0.0165,-0.3986,0.1386,0.3622,0.8014,-0.0026,12.2353,-1.0139
93.595,-0.2586,0.1849,0.0165,-0.4053,0.1478,0.3670,0.8014,-0.0093,12.2452,-1.0144
93.597,-0.2509,0.2016,0.0165,-0.3890,0.1478,0.3670,0.8091,0.0070,12.2452,-1.0144
93.598,-0.2614,0.2016,0.0275,-0.3890,0.1431,0.3670,0.7986,0.0070,12.2452,-1.0144
93.600,-0.2614,0.2048,0.0429,-0.3890,0.1431,0.3714,0.7986,0.0070,12.2452,-1.0144
93.688,-0.2614,0.2048,0.0429,-0.3955,0.1522,0.3761,0.7986,0.0005,12.2551,-1.0149
93.690,-0.2531,0.2219,0.0429,-0.3786,0.1522,0.3761,0.8069,0.0174,12.2551,-1.0149
93.692,-0.2636,0.2219,0.0539,-0.3786,0.1478,0.3761,0.7964,0.0174,12.2551,-1.0149
93.694,-0.2636,0.2254,0.0691,-0.3786,0.1478,0.3806,0.7964,0.0174,12.2551,-1.0149
93.789,-0.2636,0.2254,0.0691,-0.3850,0.1569,0.3853,0.7964,0.0110,12.2651,-1.0154
93.792,-0.2548,0.2429,0.0691,-0.3677,0.1569,0.3853,0.8052,0.0283,12.2651,-1.0154
93.794,-0.2653,0.2429,0.0800,-0.3677,0.1526,0.3853,0.7947,0.0283,12.2651,-1.0154
93.796,-0.2653,0.2465,0.0951,-0.3677,0.1526,0.3900,0.7947,0.0283,12.2651,-1.0154
93.885,-0.2653,0.2465,0.0951,-0.3740,0.1616,0.3946,0.7947,0.0220,12.2750,-1.0158
93.887,-0.2529,0.2659,0.0951,-0.3542,0.1616,0.3946,0.8071,0.0418,12.2750,-1.0158
93.889,-0.2635,0.2659,0.1062,-0.3542,0.1575,0.3946,0.7965,0.0418,12.2750,-1.0158
93.891,-0.2635,0.2698,0.1215,-0.3542,0.1575,0.3996,0.7965,0.0418,12.2750,-1.0158
93.993,-0.2635,0.2698,0.1215,-0.3542,0.1575,0.3996,0.7965,0.0418,12.2750,-1.0158
93.993,-0.2635,0.2698,0.1215,-0.3604,0.1664,0.4042,0.7965,0.0356,12.2850,-1.0162
93.994,-0.2402,0.2950,0.1215,-0.3337,0.1664,0.4042,0.8198,0.0623,12.2850,-1.0162
93.995,-0.2509,0.2950,0.1327,-0.3337,0.1625,0.4042,0.8091,0.0623,12.2850,-1.0162
93.996,-0.2509,0.2990,0.1483,-0.3337,0.1625,0.4093,0.8091,0.0623,12.2850,-1.0162
94.088,-0.2509,0.2990,0.1483,-0.3399,0.1714,0.4138,0.8091,0.0561,12.2950,-1.0166
94.090,-0.2224,0.3266,0.1483,-0.3101,0.1714,0.4138,0.8376,0.0859,12.2950,-1.0166
94.093,-0.2333,0.3266,0.1596,-0.3101,0.1677,0.4138,0.8267,0.0859,12.2950,-1.0166
94.094,-0.2333,0.3307,0.1751,-0.3101,0.1677,0.4191,0.8267,0.0859,12.2950,-1.0166
94.184,-0.2333,0.3307,0.1751,-0.3163,0.1765,0.4235,0.8267,0.0797,12.3049,-1.0171
94.186,-0.2047,0.3582,0.1751,-0.2864,0.1765,0.4235,0.8553,0.1096,12.3049,-1.0171
94.188,-0.2157,0.3582,0.1864,-0.2864,0.1729,0.4235,0.8443,0.1096,12.3049,-1.0171
94.189,-0.2157,0.3624,0.2019,-0.2864,0.1729,0.4290,0.8443,0.1096,12.3049,-1.0171
94.289,-0.2157,0.3624,0.2019,-0.2864,0.1729,0.4290,0.8443,0.1096,12.3049,-1.0171
94.293,-0.2157,0.3624,0.2019,-0.2927,0.1817,0.4333,0.8443,0.1033,12.3148,-1.0176
94.294,-0.1884,0.3914,0.2019,-0.2615,0.1817,0.4333,0.8716,0.1345,12.3148,-1.0176
94.296,-0.1999,0.3914,0.2132,-0.2615,0.1780,0.4333,0.8601,0.1345,12.3148,-1.0176
94.299,-0.1999,0.3958,0.2285,-0.2615,0.1780,0.4391,0.8601,0.1345,12.3148,-1.0176
94.390,-0.1999,0.3958,0.2285,-0.2679,0.1867,0.4434,0.8601,0.1281,12.3248,-1.0180
94.393,-0.1699,0.4335,0.2285,-0.2285,0.1867,0.4434,0.8901,0.1675,12.3248,-1.0180
94.395,-0.1817,0.4335,0.2399,-0.2285,0.1831,0.4434,0.8783,0.1675,12.3248,-1.0180
94.398,-0.1817,0.4381,0.2554,-0.2285,0.1831,0.4495,0.8783,0.1675,12.3248,-1.0180
94.494,-0.1817,0.4381,0.2554,-0.2349,0.1917,0.4538,0.8783,0.1611,12.3347,-1.0184
94.496,-0.1517,0.4863,0.2554,-0.1861,0.1917,0.4538,0.9083,0.2099,12.3347,-1.0184
94.499,-0.1641,0.4863,0.2668,-0.1861,0.1881,0.4538,0.8959,0.2099,12.3347,-1.0184
94.501,-0.1641,0.4912,0.2827,-0.1861,0.1881,0.4602,0.8959,0.2099,12.3347,-1.0184
94.595,-0.1641,0.4912,0.2827,-0.1924,0.1967,0.4645,0.8959,0.2036,12.3447,-1.0188
94.596,-0.1419,0.5437,0.2827,-0.1412,0.1967,0.4645,0.9181,0.2548,12.3447,-1.0188
94.598,-0.1549,0.5437,0.2940,-0.1412,0.1930,0.4645,0.9051,0.2548,12.3447,-1.0188
94.599,-0.1549,0.5490,0.3102,-0.1412,0.1930,0.4713,0.9051,0.2548,12.3447,-1.0188
94.689,-0.1549,0.5490,0.3102,-0.1472,0.2015,0.4753,0.9051,0.2488,12.3547,-1.0193
94.691,-0.1472,0.5930,0.3102,-0.1058,0.2015,0.4753,0.9128,0.2902,12.3547,-1.0193
94.693,-0.1610,0.5930,0.3214,-0.1058,0.1978,0.4753,0.8990,0.2902,12.3547,-1.0193
94.694,-0.1610,0.5988,0.3376,-0.1058,0.1978,0.4824,0.8990,0.2902,12.3547,-1.0193
94.790,-0.1610,0.5988,0.3376,-0.1114,0.2062,0.4864,0.8990,0.2846,12.3646,-1.0198
94.794,-0.1702,0.6285,0.3376,-0.0848,0.2062,0.4864,0.8898,0.3112,12.3646,-1.0198
94.796,-0.1844,0.6285,0.3488,-0.0848,0.2025,0.4864,0.8756,0.3112,12.3646,-1.0198
94.799,-0.1844,0.6348,0.3650,-0.0848,0.2025,0.4936,0.8756,0.3112,12.3646,-1.0198
94.899,-0.1844,0.6348,0.3650,-0.0848,0.2025,0.4936,0.8756,0.3112,12.3646,-1.0198
94.903,-0.1844,0.6348,0.3650,-0.0901,0.2108,0.4976,0.8756,0.3059,12.3745,-1.0202
94.904,-0.2081,0.6503,0.3650,-0.0772,0.2108,0.4976,0.8519,0.3188,12.3745,-1.0202
94.906,-0.2225,0.6503,0.3762,-0.0772,0.2074,0.4976,0.8375,0.3188,12.3745,-1.0202
94.908,-0.2225,0.6572,0.3925,-0.0772,0.2074,0.5051,0.8375,0.3188,12.3745,-1.0202
94.991,-0.2225,0.6572,0.3925,-0.0820,0.2157,0.5091,0.8375,0.3140,12.3845,-1.0206
94.992,-0.2448,0.6621,0.3925,-0.0784,0.2157,0.5091,0.8152,0.3176,12.3845,-1.0206
94.994,-0.2590,0.6621,0.4039,-0.0784,0.2126,0.5091,0.8010,0.3176,12.3845,-1.0206
94.995,-0.2590,0.6695,0.4204,-0.0784,0.2126,0.5169,0.8010,0.3176,12.3845,-1.0206
95.094,-0.2590,0.6695,0.4204,-0.0828,0.2208,0.5208,0.8010,0.3132,12.3945,-1.0210
95.095,-0.2653,0.6737,0.4204,-0.0789,0.2208,0.5208,0.7947,0.3171,12.3945,-1.0210
95.096,-0.2795,0.6737,0.4318,-0.0789,0.2180,0.5208,0.7805,0.3171,12.3945,-1.0210
95.099,-0.2795,0.6815,0.4485,-0.0789,0.2180,0.5289,0.7805,0.3171,12.3945,-1.0210
95.194,-0.2795,0.6815,0.4485,-0.0830,0.2262,0.5327,0.7805,0.3130,12.4044,-1.0214
95.195,-0.2747,0.6855,0.4485,-0.0789,0.2262,0.5327,0.7853,0.3171,12.4044,-1.0214
95.196,-0.2888,0.6855,0.4600,-0.0789,0.2236,0.5327,0.7712,0.3171,12.4044,-1.0214
95.198,-0.2888,0.6935,0.4767,-0.0789,0.2236,0.5409,0.7712,0.3171,12.4044,-1.0214
95.295,-0.2888,0.6935,0.4767,-0.0830,0.2317,0.5446,0.7712,0.3130,12.4144,-1.0219
95.298,-0.2749,0.6971,0.4767,-0.0790,0.2317,0.5446,0.7851,0.3170,12.4144,-1.0219
95.299,-0.2887,0.6971,0.4883,-0.0790,0.2295,0.5446,0.7713,0.3170,12.4144,-1.0219
95.300,-0.2887,0.7050,0.5049,-0.0790,0.2295,0.5528,0.7713,0.3170,12.4144,-1.0219
95.390,-0.2887,0.7050,0.5049,-0.0831,0.2375,0.5565,0.7713,0.3129,12.4243,-1.0224
95.394,-0.2678,0.7124,0.5049,-0.0751,0.2375,0.5565,0.7922,0.3209,12.4243,-1.0224
95.396,-0.2813,0.7124,0.5167,-0.0751,0.2357,0.5565,0.7787,0.3209,12.4243,-1.0224
95.398,-0.2813,0.7202,0.5331,-0.0751,0.2357,0.5647,0.7787,0.3209,12.4243,-1.0224
95.486,-0.2813,0.7202,0.5331,-0.0794,0.2437,0.5684,0.7787,0.3166,12.4342,-1.0228
95.487,-0.2556,0.7362,0.5331,-0.0624,0.2437,0.5684,0.8044,0.3336,12.4342,-1.0228
95.489,-0.2689,0.7362,0.5451,-0.0624,0.2423,0.5684,0.7911,0.3336,12.4342,-1.0228
95.490,-0.2689,0.7440,0.5615,-0.0624,0.2423,0.5767,0.7911,0.3336,12.4342,-1.0228
95.591,-0.2689,0.7440,0.5615,-0.0668,0.2501,0.5804,0.7911,0.3292,12.4442,-1.0232
95.591,-0.2380,0.7697,0.5615,-0.0398,0.2501,0.5804,0.8220,0.3562,12.4442,-1.0232
95.591,-0.2512,0.7697,0.5736,-0.0398,0.2491,0.5804,0.8088,0.3562,12.4442,-1.0232
95.591,-0.2512,0.7697,0.5736,-0.0398,0.2491,0.5804,0.8088,0.3562,12.4442,-1.0232
95.592,-0.2512,0.7775,0.5900,-0.0398,0.2491,0.5888,0.8088,0.3562,12.4442,-1.0232
95.686,-0.2512,0.7775,0.5900,-0.0444,0.2569,0.5924,0.8088,0.3516,12.4542,-1.0236
95.687,-0.2200,0.8081,0.5900,-0.0125,0.2569,0.5924,0.8400,0.3835,12.4542,-1.0236
95.689,-0.2333,0.8081,0.6023,-0.0125,0.2561,0.5924,0.8267,0.3835,12.4542,-1.0236
95.690,-0.2333,0.8158,0.6187,-0.0125,0.2561,0.6010,0.8267,0.3835,12.4542,-1.0236
95.790,-0.2333,0.8158,0.6187,-0.0125,0.2561,0.6010,0.8267,0.3835,12.4542,-1.0236
95.826,-0.2333,0.8158,0.6187,-0.0171,0.2638,0.6045,0.8267,0.3789,12.4641,-1.0240
95.828,-0.2081,0.8457,0.6187,0.0137,0.2638,0.6045,0.8519,0.4097,12.4641,-1.0240
95.830,-0.2216,0.8457,0.6310,0.0137,0.2633,0.6045,0.8384,0.4097,12.4641,-1.0240
95.831,-0.2216,0.8535,0.6475,0.0137,0.2633,0.6132,0.8384,0.4097,12.4641,-1.0240
95.904,-0.2216,0.8535,0.6475,0.0092,0.2709,0.6166,0.8384,0.4052,12.4741,-1.0245
95.905,-0.2031,0.8790,0.6475,0.0353,0.2709,0.6166,0.8569,0.4313,12.4741,-1.0245
95.906,-0.2169,0.8790,0.6595,0.0353,0.2702,0.6166,0.8431,0.4313,12.4741,-1.0245
95.906,-0.2169,0.8869,0.6759,0.0353,0.2702,0.6253,0.8431,0.4313,12.4741,-1.0245
96.007,-0.2169,0.8869,0.6759,0.0353,0.2702,0.6253,0.8431,0.4313,12.4741,-1.0245
96.024,-0.2169,0.8869,0.6759,0.0307,0.2778,0.6286,0.8431,0.4267,12.4840,-1.0250
96.025,-0.2015,0.9072,0.6759,0.0516,0.2778,0.6286,0.8585,0.4476,12.4840,-1.0250
96.025,-0.2160,0.9072,0.6864,0.0516,0.2757,0.6286,0.8440,0.4476,12.4840,-1.0250
96.025,-0.2160,0.9144,0.7022,0.0516,0.2757,0.6367,0.8440,0.4476,12.4840,-1.0250
96.126,-0.2160,0.9144,0.7022,0.0516,0.2757,0.6367,0.8440,0.4476,12.4840,-1.0250
96.140,-0.2160,0.9144,0.7022,0.0470,0.2832,0.6401,0.8440,0.4430,12.4940,-1.0254
96.141,-0.1998,0.9278,0.7022,0.0614,0.2832,0.6401,0.8602,0.4574,12.4940,-1.0254
96.141,-0.2157,0.9278,0.7099,0.0614,0.2785,0.6401,0.8443,0.4574,12.4940,-1.0254
96.142,-0.2157,0.9334,0.7245,0.0614,0.2785,0.6466,0.8443,0.4574,12.4940,-1.0254
96.238,-0.2157,0.9334,0.7245,0.0568,0.2859,0.6499,0.8443,0.4528,12.5039,-1.0258
96.239,-0.1974,0.9387,0.7245,0.0637,0.2859,0.6499,0.8626,0.4597,12.5039,-1.0258
96.240,-0.2145,0.9387,0.7296,0.0637,0.2787,0.6499,0.8455,0.4597,12.5039,-1.0258
96.243,-0.2145,0.9422,0.7427,0.0637,0.2787,0.6546,0.8455,0.4597,12.5039,-1.0258
96.330,-0.2145,0.9422,0.7427,0.0591,0.2861,0.6579,0.8455,0.4551,12.5139,-1.0262
96.331,-0.1992,0.9422,0.7427,0.0607,0.2861,0.6579,0.8608,0.4567,12.5139,-1.0262
96.333,-0.2165,0.9422,0.7463,0.0607,0.2778,0.6579,0.8435,0.4567,12.5139,-1.0262
96.336,-0.2165,0.9435,0.7571,0.0607,0.2778,0.6604,0.8435,0.4567,12.5139,-1.0262
96.397,-0.2165,0.9435,0.7571,0.0560,0.2851,0.6635,0.8435,0.4520,12.5238,-1.0266
96.402,-0.2051,0.9452,0.7571,0.0590,0.2851,0.6635,0.8549,0.4550,12.5238,-1.0266
96.402,-0.2221,0.9452,0.7597,0.0590,0.2764,0.6635,0.8379,0.4550,12.5238,-1.0266
96.403,-0.2221,0.9461,0.7696,0.0590,0.2764,0.6656,0.8379,0.4550,12.5238,-1.0266
96.494,-0.2221,0.9461,0.7696,0.0543,0.2837,0.6687,0.8379,0.4503,12.5338,-1.0271
96.494,-0.2024,0.9496,0.7696,0.0600,0.2837,0.6687,0.8576,0.4560,12.5338,-1.0271
96.495,-0.2196,0.9496,0.7708,0.0600,0.2738,0.6687,0.8404,0.4560,12.5338,-1.0271
96.496,-0.2196,0.9518,0.7819,0.0600,0.2738,0.6722,0.8404,0.4560,12.5338,-1.0271
96.579,-0.2196,0.9518,0.7819,0.0552,0.2811,0.6752,0.8404,0.4512,12.5437,-1.0276
96.580,-0.1860,0.9523,0.7819,0.0605,0.2811,0.6752,0.8740,0.4565,12.5437,-1.0276
96.581,-0.2041,0.9523,0.7810,0.0605,0.2693,0.6752,0.8559,0.4565,12.5437,-1.0276
96.581,-0.2041,0.9550,0.7935,0.0605,0.2693,0.6796,0.8559,0.4565,12.5437,-1.0276
96.681,-0.2041,0.9550,0.7935,0.0605,0.2693,0.6796,0.8559,0.4565,12.5437,-1.0276
96.683,-0.2041,0.9550,0.7935,0.0554,0.2765,0.6826,0.8559,0.4514,12.5537,-1.0280
96.683,-0.1668,0.9523,0.7935,0.0592,0.2765,0.6826,0.8932,0.4552,12.5537,-1.0280
96.684,-0.1856,0.9523,0.7904,0.0592,0.2628,0.6826,0.8744,0.4552,12.5537,-1.0280
96.686,-0.1856,0.9540,0.8027,0.0592,0.2628,0.6864,0.8744,0.4552,12.5537,-1.0280
96.786,-0.1856,0.9540,0.8027,0.0592,0.2628,0.6864,0.8744,0.4552,12.5537,-1.0280
96.805,-0.1856,0.9540,0.8027,0.0538,0.2699,0.6894,0.8744,0.4498,12.5636,-1.0284
96.805,-0.1538,0.9539,0.8027,0.0599,0.2699,0.6894,0.9062,0.4559,12.5636,-1.0284
96.805,-0.1730,0.9539,0.7977,0.0599,0.2547,0.6894,0.8870,0.4559,12.5636,-1.0284
96.806,-0.1730,0.9534,0.8076,0.0599,0.2547,0.6912,0.8870,0.4559,12.5636,-1.0284
96.886,-0.1730,0.9534,0.8076,0.0542,0.2618,0.6940,0.8870,0.4502,12.5736,-1.0288
96.886,-0.1426,0.9579,0.8076,0.0648,0.2618,0.6940,0.9174,0.4608,12.5736,-1.0288
96.887,-0.1616,0.9579,0.8011,0.0648,0.2457,0.6940,0.8984,0.4608,12.5736,-1.0288
96.888,-0.1616,0.9555,0.8086,0.0648,0.2457,0.6940,0.8984,0.4608,12.5736,-1.0288
96.988,-0.1616,0.9555,0.8086,0.0648,0.2457,0.6940,0.8984,0.4608,12.5736,-1.0288
97.005,-0.1616,0.9555,0.8086,0.0590,0.2528,0.6967,0.8984,0.4550,12.5835,-1.0292
97.005,-0.1350,0.9571,0.8086,0.0667,0.2528,0.6967,0.9250,0.4627,12.5835,-1.0292
97.005,-0.1539,0.9571,0.8006,0.0667,0.2358,0.6967,0.9061,0.4627,12.5835,-1.0292
97.006,-0.1539,0.9539,0.8072,0.0667,0.2358,0.6959,0.9061,0.4627,12.5835,-1.0292
97.099,-0.1539,0.9539,0.8072,0.0607,0.2429,0.6986,0.9061,0.4567,12.5935,-1.0297
97.100,-0.1324,0.9486,0.8072,0.0615,0.2429,0.6986,0.9276,0.4575,12.5935,-1.0297
97.101,-0.1511,0.9486,0.7984,0.0615,0.2254,0.6986,0.9089,0.4575,12.5935,-1.0297
97.102,-0.1511,0.9461,0.8066,0.0615,0.2254,0.6989,0.9089,0.4575,12.5935,-1.0297
97.182,-0.1511,0.9461,0.8066,0.0554,0.2325,0.7015,0.9089,0.4514,12.6034,-1.0302
97.183,-0.1332,0.9391,0.8066,0.0541,0.2325,0.7015,0.9268,0.4501,12.6034,-1.0302
97.186,-0.1517,0.9391,0.7975,0.0541,0.2150,0.7015,0.9083,0.4501,12.6034,-1.0302
97.187,-0.1517,0.9389,0.8088,0.0541,0.2150,0.7046,0.9083,0.4501,12.6034,-1.0302
97.287,-0.1517,0.9389,0.8088,0.0541,0.2150,0.7046,0.9083,0.4501,12.6034,-1.0302
97.301,-0.1517,0.9389,0.8088,0.0477,0.2220,0.7073,0.9083,0.4437,12.6134,-1.0306
97.301,-0.1364,0.9343,0.8088,0.0481,0.2220,0.7073,0.9236,0.4441,12.6134,-1.0306
97.302,-0.1544,0.9343,0.7996,0.0481,0.2048,0.7073,0.9056,0.4441,12.6134,-1.0306
97.302,-0.1544,0.9366,0.8132,0.0481,0.2048,0.7130,0.9056,0.4441,12.6134,-1.0306
97.403,-0.1544,0.9366,0.8132,0.0481,0.2048,0.7130,0.9056,0.4441,12.6134,-1.0306
97.423,-0.1544,0.9366,0.8132,0.0416,0.2118,0.7156,0.9056,0.4376,12.6233,-1.0310
97.423,-0.1416,0.9348,0.8132,0.0439,0.2118,0.7156,0.9184,0.4399,12.6233,-1.0310
97.423,-0.1591,0.9348,0.8043,0.0439,0.1952,0.7156,0.9009,0.4399,12.6233,-1.0310
97.424,-0.1591,0.9380,0.8175,0.0439,0.1952,0.7219,0.9009,0.4399,12.6233,-1.0310
97.524,-0.1591,0.9380,0.8175,0.0439,0.1952,0.7219,0.9009,0.4399,12.6233,-1.0310
97.550,-0.1591,0.9380,0.8175,0.0375,0.2022,0.7244,0.9009,0.4335,12.6333,-1.0314
97.551,-0.1497,0.9365,0.8175,0.0391,0.2022,0.7244,0.9103,0.4351,12.6333,-1.0314
97.551,-0.1667,0.9365,0.8087,0.0391,0.1859,0.7244,0.8933,0.4351,12.6333,-1.0314
97.552,-0.1667,0.9395,0.8209,0.0391,0.1859,0.7302,0.8933,0.4351,12.6333,-1.0314
97.644,-0.1667,0.9395,0.8209,0.0326,0.1929,0.7327,0.8933,0.4286,12.6432,-1.0319
97.645,-0.1607,0.9365,0.8209,0.0320,0.1929,0.7327,0.8993,0.4280,12.6432,-1.0319
97.646,-0.1775,0.9365,0.8115,0.0320,0.1763,0.7327,0.8825,0.4280,12.6432,-1.0319
97.646,-0.1775,0.9389,0.8234,0.0320,0.1763,0.7381,0.8825,0.4280,12.6432,-1.0319
97.747,-0.1775,0.9389,0.8234,0.0320,0.1763,0.7381,0.8825,0.4280,12.6432,-1.0319
97.770,-0.1775,0.9389,0.8234,0.0256,0.1834,0.7404,0.8825,0.4216,12.6532,-1.0324
97.775,-0.1727,0.9343,0.8234,0.0232,0.1834,0.7404,0.8873,0.4192,12.6532,-1.0324
97.776,-0.1895,0.9343,0.8133,0.0232,0.1663,0.7404,0.8705,0.4192,12.6532,-1.0324
97.776,-0.1895,0.9370,0.8260,0.0232,0.1663,0.7464,0.8705,0.4192,12.6532,-1.0324
97.852,-0.1895,0.9370,0.8260,0.0167,0.1733,0.7487,0.8705,0.4127,12.6631,-1.0328
97.852,-0.1824,0.9307,0.8260,0.0136,0.1733,0.7487,0.8776,0.4096,12.6631,-1.0328
97.853,-0.1992,0.9307,0.8156,0.0136,0.1560,0.7487,0.8608,0.4096,12.6631,-1.0328
97.853,-0.1992,0.9345,0.8299,0.0136,0.1560,0.7560,0.8608,0.4096,12.6631,-1.0328
97.950,-0.1992,0.9345,0.8299,0.0071,0.1630,0.7583,0.8608,0.4031,12.6731,-1.0331
97.981,-0.1876,0.9267,0.8299,0.0044,0.1630,0.7583,0.8724,0.4004,12.6731,-1.0331
97.981,-0.2045,0.9267,0.8200,0.0044,0.1460,0.7583,0.8555,0.4004,12.6731,-1.0331
97.981,-0.2045,0.9313,0.8348,0.0044,0.1460,0.7665,0.8555,0.4004,12.6731,-1.0331
98.044,-0.2045,0.9313,0.8348,-0.0022,0.1530,0.7687,0.8555,0.3938,12.6831,-1.0336
98.065,-0.1901,0.9223,0.8348,-0.0048,0.1530,0.7687,0.8699,0.3912,12.6831,-1.0336
98.066,-0.2072,0.9223,0.8265,-0.0048,0.1370,0.7687,0.8528,0.3912,12.6831,-1.0336
98.066,-0.2072,0.9267,0.8408,-0.0048,0.1370,0.7766,0.8528,0.3912,12.6831,-1.0336
98.166,-0.2072,0.9267,0.8408,-0.0048,0.1370,0.7766,0.8528,0.3912,12.6831,-1.0336
98.176,-0.2072,0.9267,0.8408,-0.0115,0.1440,0.7788,0.8528,0.3845,12.6930,-1.0340
98.203,-0.1953,0.9186,0.8408,-0.0139,0.1440,0.7788,0.8647,0.3821,12.6930,-1.0340
98.204,-0.2129,0.9186,0.8351,-0.0139,0.1295,0.7788,0.8471,0.3821,12.6930,-1.0340
98.204,-0.2129,0.9220,0.8481,-0.0139,0.1295,0.7856,0.8471,0.3821,12.6930,-1.0340
98.279,-0.2129,0.9220,0.8481,-0.0206,0.1366,0.7876,0.8471,0.3754,12.7029,-1.0345
98.298,-0.2031,0.9176,0.8481,-0.0206,0.1366,0.7876,0.8569,0.3754,12.7029,-1.0345
98.298,-0.2213,0.9176,0.8455,-0.0206,0.1238,0.7876,0.8387,0.3754,12.7029,-1.0345
98.299,-0.2213,0.9180,0.8552,-0.0206,0.1238,0.7914,0.8387,0.3754,12.7029,-1.0345
98.378,-0.2213,0.9180,0.8552,-0.0274,0.1308,0.7934,0.8387,0.3686,12.7129,-1.0349
98.379,-0.2101,0.9168,0.8552,-0.0242,0.1308,0.7934,0.8499,0.3718,12.7129,-1.0349
98.379,-0.2284,0.9168,0.8546,-0.0242,0.1193,0.7934,0.8316,0.3718,12.7129,-1.0349
98.380,-0.2284,0.9123,0.8592,-0.0242,0.1193,0.7920,0.8316,0.3718,12.7129,-1.0349
98.463,-0.2284,0.9123,0.8592,-0.0311,0.1263,0.7941,0.8316,0.3649,12.7228,-1.0353
98.463,-0.2122,0.9109,0.8592,-0.0260,0.1263,0.7941,0.8478,0.3700,12.7228,-1.0353
98.464,-0.2303,0.9109,0.8589,-0.0260,0.1152,0.7941,0.8297,0.3700,12.7228,-1.0353
98.465,-0.2303,0.9035,0.8601,-0.0260,0.1152,0.7896,0.8297,0.3700,12.7228,-1.0353
98.549,-0.2303,0.9035,0.8601,-0.0330,0.1221,0.7916,0.8297,0.3630,12.7328,-1.0357
98.549,-0.2099,0.8997,0.8601,-0.0280,0.1221,0.7916,0.8501,0.3680,12.7328,-1.0357
98.550,-0.2276,0.8997,0.8595,-0.0280,0.1112,0.7916,0.8324,0.3680,12.7328,-1.0357
98.553,-0.2276,0.8940,0.8625,-0.0280,0.1112,0.7890,0.8324,0.3680,12.7328,-1.0357
98.636,-0.2276,0.8940,0.8625,-0.0351,0.1180,0.7910,0.8324,0.3609,12.7428,-1.0361
98.637,-0.2077,0.8893,0.8625,-0.0307,0.1180,0.7910,0.8523,0.3653,12.7428,-1.0361
98.637,-0.2255,0.8893,0.8635,-0.0307,0.1082,0.7910,0.8345,0.3653,12.7428,-1.0361
98.638,-0.2255,0.8849,0.8685,-0.0307,0.1082,0.7900,0.8345,0.3653,12.7428,-1.0361
98.724,-0.2255,0.8849,0.8685,-0.0378,0.1150,0.7919,0.8345,0.3582,12.7527,-1.0366
98.724,-0.2091,0.8816,0.8685,-0.0336,0.1150,0.7919,0.8509,0.3624,12.7527,-1.0366
98.725,-0.2266,0.8816,0.8726,-0.0336,0.1076,0.7919,0.8334,0.3624,12.7527,-1.0366
98.726,-0.2266,0.8751,0.8754,-0.0336,0.1076,0.7889,0.8334,0.3624,12.7527,-1.0366
98.811,-0.2266,0.8751,0.8754,-0.0409,0.1143,0.7908,0.8334,0.3551,12.7627,-1.0370
98.811,-0.2141,0.8739,0.8754,-0.0364,0.1143,0.7908,0.8459,0.3596,12.7627,-1.0370
98.811,-0.2302,0.8739,0.8821,-0.0364,0.1095,0.7908,0.8298,0.3596,12.7627,-1.0370
98.813,-0.2302,0.8622,0.8784,-0.0364,0.1095,0.7819,0.8298,0.3596,12.7627,-1.0370
98.896,-0.2302,0.8622,0.8784,-0.0438,0.1161,0.7838,0.8298,0.3522,12.7726,-1.0375
98.897,-0.2192,0.8622,0.8784,-0.0390,0.1161,0.7838,0.8408,0.3570,12.7726,-1.0375
98.899,-0.2337,0.8622,0.8864,-0.0390,0.1133,0.7838,0.8263,0.3570,12.7726,-1.0375
98.903,-0.2337,0.8477,0.8784,-0.0390,0.1133,0.7714,0.8263,0.3570,12.7726,-1.0375
98.984,-0.2337,0.8477,0.8784,-0.0464,0.1198,0.7733,0.8263,0.3496,12.7826,-1.0379
99.003,-0.2207,0.8466,0.8784,-0.0416,0.1198,0.7733,0.8393,0.3544,12.7826,-1.0379
99.004,-0.2342,0.8466,0.8866,-0.0416,0.1177,0.7733,0.8258,0.3544,12.7826,-1.0379
99.005,-0.2342,0.8329,0.8790,-0.0416,0.1177,0.7616,0.8258,0.3544,12.7826,-1.0379
99.084,-0.2342,0.8329,0.8790,-0.0491,0.1241,0.7635,0.8258,0.3469,12.7925,-1.0383
99.103,-0.2167,0.8291,0.8790,-0.0443,0.1241,0.7635,0.8433,0.3517,12.7925,-1.0383
99.104,-0.2297,0.8291,0.8865,-0.0443,0.1220,0.7635,0.8303,0.3517,12.7925,-1.0383
99.106,-0.2297,0.8169,0.8813,-0.0443,0.1220,0.7538,0.8303,0.3517,12.7925,-1.0383
99.190,-0.2297,0.8169,0.8813,-0.0518,0.1283,0.7556,0.8303,0.3442,12.8025,-1.0387
99.192,-0.2099,0.8116,0.8813,-0.0471,0.1283,0.7556,0.8501,0.3489,12.8025,-1.0387
99.194,-0.2227,0.8116,0.8876,-0.0471,0.1255,0.7556,0.8373,0.3489,12.8025,-1.0387
99.196,-0.2227,0.7997,0.8837,-0.0471,0.1255,0.7468,0.8373,0.3489,12.8025,-1.0387
99.296,-0.2227,0.7997,0.8837,-0.0471,0.1255,0.7468,0.8373,0.3489,12.8025,-1.0387
99.311,-0.2227,0.7997,0.8837,-0.0548,0.1318,0.7485,0.8373,0.3412,12.8124,-1.0392
99.313,-0.2053,0.7959,0.8837,-0.0498,0.1318,0.7485,0.8547,0.3462,12.8124,-1.0392
99.314,-0.2189,0.7959,0.8890,-0.0498,0.1280,0.7485,0.8411,0.3462,12.8124,-1.0392
99.315,-0.2189,0.7835,0.8841,-0.0498,0.1280,0.7389,0.8411,0.3462,12.8124,-1.0392
99.408,-0.2189,0.7835,0.8841,-0.0575,0.1343,0.7407,0.8411,0.3385,12.8224,-1.0396
99.425,-0.2048,0.7823,0.8841,-0.0518,0.1343,0.7407,0.8552,0.3442,12.8224,-1.0396
99.427,-0.2184,0.7823,0.8898,-0.0518,0.1308,0.7407,0.8416,0.3442,12.8224,-1.0396
99.429,-0.2184,0.7692,0.8828,-0.0518,0.1308,0.7298,0.8416,0.3442,12.8224,-1.0396
99.523,-0.2184,0.7692,0.8828,-0.0596,0.1369,0.7316,0.8416,0.3364,12.8323,-1.0400
99.538,-0.2046,0.7688,0.8828,-0.0533,0.1369,0.7316,0.8554,0.3427,12.8323,-1.0400
99.540,-0.2172,0.7688,0.8886,-0.0533,0.1341,0.7316,0.8428,0.3427,12.8323,-1.0400
99.541,-0.2172,0.7557,0.8809,-0.0533,0.1341,0.7204,0.8428,0.3427,12.8323,-1.0400
99.614,-0.2172,0.7557,0.8809,-0.0612,0.1401,0.7222,0.8428,0.3348,12.8423,-1.0404
99.637,-0.1994,0.7531,0.8809,-0.0547,0.1401,0.7222,0.8606,0.3413,12.8423,-1.0404
99.638,-0.2113,0.7531,0.8869,-0.0547,0.1379,0.7222,0.8487,0.3413,12.8423,-1.0404
99.640,-0.2113,0.7403,0.8800,-0.0547,0.1379,0.7116,0.8487,0.3413,12.8423,-1.0404
99.718,-0.2113,0.7403,0.8800,-0.0627,0.1439,0.7133,0.8487,0.3333,12.8523,-1.0408
99.737,-0.1907,0.7355,0.8800,-0.0564,0.1439,0.7133,0.8693,0.3396,12.8523,-1.0408
99.739,-0.2027,0.7355,0.8864,-0.0564,0.1419,0.7133,0.8573,0.3396,12.8523,-1.0408
99.740,-0.2027,0.7225,0.8794,-0.0564,0.1419,0.7027,0.8573,0.3396,12.8523,-1.0408
99.817,-0.2027,0.7225,0.8794,-0.0644,0.1478,0.7044,0.8573,0.3316,12.8622,-1.0413
99.834,-0.1833,0.7181,0.8794,-0.0581,0.1478,0.7044,0.8767,0.3379,12.8622,-1.0413
99.837,-0.1959,0.7181,0.8859,-0.0581,0.1456,0.7044,0.8641,0.3379,12.8622,-1.0413
99.838,-0.1959,0.7042,0.8774,-0.0581,0.1456,0.6924,0.8641,0.3379,12.8622,-1.0413
99.926,-0.1959,0.7042,0.8774,-0.0663,0.1515,0.6941,0.8641,0.3297,12.8721,-1.0418
99.941,-0.1783,0.7012,0.8774,-0.0596,0.1515,0.6941,0.8817,0.3364,12.8721,-1.0418
99.943,-0.1919,0.7012,0.8830,-0.0596,0.1482,0.6941,0.8681,0.3364,12.8721,-1.0418
99.944,-0.1919,0.6862,0.8725,-0.0596,0.1482,0.6806,0.8681,0.3364,12.8721,-1.0418
100.029,-0.1919,0.6862,0.8725,-0.0679,0.1540,0.6824,0.8681,0.3281,12.8821,-1.0422
100.063,-0.1750,0.6842,0.8725,-0.0608,0.1540,0.6824,0.8850,0.3352,12.8821,-1.0422
100.063,-0.1901,0.6842,0.8760,-0.0608,0.1486,0.6824,0.8699,0.3352,12.8821,-1.0422
100.063,-0.1901,0.6686,0.8643,-0.0608,0.1486,0.6681,0.8699,0.3352,12.8821,-1.0422
100.131,-0.1901,0.6686,0.8643,-0.0691,0.1542,0.6699,0.8699,0.3269,12.8920,-1.0426
100.136,-0.1729,0.6665,0.8643,-0.0618,0.1542,0.6699,0.8871,0.3342,12.8920,-1.0426
100.137,-0.1898,0.6665,0.8655,-0.0618,0.1464,0.6699,0.8702,0.3342,12.8920,-1.0426
100.138,-0.1898,0.6508,0.8533,-0.0618,0.1464,0.6552,0.8702,0.3342,12.8920,-1.0426
100.224,-0.1898,0.6508,0.8533,-0.0702,0.1520,0.6571,0.8702,0.3258,12.9020,-1.0430
100.225,-0.1724,0.6481,0.8533,-0.0631,0.1520,0.6571,0.8876,0.3329,12.9020,-1.0430
100.227,-0.1905,0.6481,0.8528,-0.0631,0.1425,0.6571,0.8695,0.3329,12.9020,-1.0430
100.227,-0.1905,0.6328,0.8401,-0.0631,0.1425,0.6424,0.8695,0.3329,12.9020,-1.0430
100.307,-0.1905,0.6328,0.8401,-0.0716,0.1481,0.6443,0.8695,0.3244,12.9120,-1.0434
100.308,-0.1735,0.6296,0.8401,-0.0651,0.1481,0.6443,0.8865,0.3309,12.9120,-1.0434
100.309,-0.1905,0.6296,0.8402,-0.0651,0.1396,0.6443,0.8695,0.3309,12.9120,-1.0434
100.311,-0.1905,0.6139,0.8267,-0.0651,0.1396,0.6290,0.8695,0.3309,12.9120,-1.0434
100.392,-0.1905,0.6139,0.8267,-0.0736,0.1451,0.6308,0.8695,0.3224,12.9219,-1.0439
100.393,-0.1741,0.6106,0.8267,-0.0674,0.1451,0.6308,0.8859,0.3286,12.9219,-1.0439
100.395,-0.1899,0.6106,0.8277,-0.0674,0.1378,0.6308,0.8701,0.3286,12.9219,-1.0439
100.398,-0.1899,0.5941,0.8129,-0.0674,0.1378,0.6145,0.8701,0.3286,12.9219,-1.0439
100.488,-0.1899,0.5941,0.8129,-0.0760,0.1432,0.6164,0.8701,0.3200,12.9318,-1.0444
100.490,-0.1736,0.5909,0.8129,-0.0697,0.1432,0.6164,0.8864,0.3263,12.9318,-1.0444
100.491,-0.1905,0.5909,0.8118,-0.0697,0.1341,0.6164,0.8695,0.3263,12.9318,-1.0444
100.493,-0.1905,0.5745,0.7963,-0.0697,0.1341,0.5997,0.8695,0.3263,12.9318,-1.0444
100.579,-0.1905,0.5745,0.7963,-0.0783,0.1394,0.6017,0.8695,0.3177,12.9418,-1.0448
100.580,-0.1736,0.5715,0.7963,-0.0716,0.1394,0.6017,0.8864,0.3244,12.9418,-1.0448
100.582,-0.1936,0.5715,0.7908,-0.0716,0.1258,0.6017,0.8664,0.3244,12.9418,-1.0448
100.583,-0.1936,0.5564,0.7752,-0.0716,0.1258,0.5857,0.8664,0.3244,12.9418,-1.0448
100.681,-0.1936,0.5564,0.7752,-0.0803,0.1310,0.5878,0.8664,0.3157,12.9517,-1.0452
100.683,-0.1761,0.5534,0.7752,-0.0731,0.1310,0.5878,0.8839,0.3229,12.9517,-1.0452
100.684,-0.1980,0.5534,0.7663,-0.0731,0.1141,0.5878,0.8620,0.3229,12.9517,-1.0452
100.685,-0.1980,0.5396,0.7509,-0.0731,0.1141,0.5725,0.8620,0.3229,12.9517,-1.0452
100.785,-0.1980,0.5396,0.7509,-0.0731,0.1141,0.5725,0.8620,0.3229,12.9517,-1.0452
100.795,-0.1980,0.5396,0.7509,-0.0819,0.1193,0.5746,0.8620,0.3141,12.9617,-1.0456
100.811,-0.1802,0.5366,0.7509,-0.0744,0.1193,0.5746,0.8798,0.3216,12.9617,-1.0456
100.812,-0.2013,0.5366,0.7413,-0.0744,0.1024,0.5746,0.8587,0.3216,12.9617,-1.0456
100.813,-0.2013,0.5229,0.7258,-0.0744,0.1024,0.5593,0.8587,0.3216,12.9617,-1.0456
100.898,-0.2013,0.5229,0.7258,-0.0833,0.1076,0.5615,0.8587,0.3127,12.9717,-1.0460
100.921,-0.1837,0.5198,0.7258,-0.0760,0.1076,0.5615,0.8763,0.3200,12.9717,-1.0460
100.922,-0.2029,0.5198,0.7168,-0.0760,0.0919,0.5615,0.8571,0.3200,12.9717,-1.0460
100.923,-0.2029,0.5056,0.7012,-0.0760,0.0919,0.5459,0.8571,0.3200,12.9717,-1.0460
100.999,-0.2029,0.5056,0.7012,-0.0849,0.0971,0.5482,0.8571,0.3111,12.9816,-1.0465
101.000,-0.1856,0.5025,0.7012,-0.0776,0.0971,0.5482,0.8744,0.3184,12.9816,-1.0465
101.001,-0.2042,0.5025,0.6914,-0.0776,0.0811,0.5482,0.8558,0.3184,12.9816,-1.0465
101.003,-0.2042,0.4882,0.6758,-0.0776,0.0811,0.5325,0.8558,0.3184,12.9816,-1.0465
101.082,-0.2042,0.4882,0.6758,-0.0866,0.0863,0.5349,0.8558,0.3094,12.9915,-1.0469
101.083,-0.1869,0.4851,0.6758,-0.0792,0.0863,0.5349,0.8731,0.3168,12.9915,-1.0469
101.085,-0.2069,0.4851,0.6637,-0.0792,0.0680,0.5349,0.8531,0.3168,12.9915,-1.0469
101.086,-0.2069,0.4710,0.6480,-0.0792,0.0680,0.5192,0.8531,0.3168,12.9915,-1.0469
101.183,-0.2069,0.4710,0.6480,-0.0883,0.0732,0.5217,0.8531,0.3077,13.0015,-1.0473
101.197,-0.1893,0.4683,0.6480,-0.0803,0.0732,0.5217,0.8707,0.3157,13.0015,-1.0473
101.198,-0.2103,0.4683,0.6342,-0.0803,0.0532,0.5217,0.8497,0.3157,13.0015,-1.0473
101.199,-0.2103,0.4546,0.6184,-0.0803,0.0532,0.5061,0.8497,0.3157,13.0015,-1.0473
101.288,-0.2103,0.4546,0.6184,-0.0895,0.0583,0.5088,0.8497,0.3065,13.0115,-1.0477
101.289,-0.1924,0.4522,0.6184,-0.0811,0.0583,0.5088,0.8676,0.3149,13.0115,-1.0477
101.289,-0.2123,0.4522,0.6050,-0.0811,0.0391,0.5088,0.8477,0.3149,13.0115,-1.0477
101.290,-0.2123,0.4385,0.5887,-0.0811,0.0391,0.4929,0.8477,0.3149,13.0115,-1.0477
101.388,-0.2123,0.4385,0.5887,-0.0903,0.0443,0.4956,0.8477,0.3057,13.0214,-1.0481
101.403,-0.1944,0.4364,0.5887,-0.0816,0.0443,0.4956,0.8656,0.3144,13.0214,-1.0481
101.404,-0.2126,0.4364,0.5763,-0.0816,0.0266,0.4956,0.8474,0.3144,13.0214,-1.0481
101.406,-0.2126,0.4222,0.5593,-0.0816,0.0266,0.4791,0.8474,0.3144,13.0214,-1.0481
101.505,-0.2126,0.4222,0.5593,-0.0908,0.0318,0.4818,0.8474,0.3052,13.0314,-1.0486
101.507,-0.1949,0.4204,0.5593,-0.0819,0.0318,0.4818,0.8651,0.3141,13.0314,-1.0486
101.509,-0.2108,0.4204,0.5470,-0.0819,0.0153,0.4818,0.8492,0.3141,13.0314,-1.0486
101.510,-0.2108,0.4055,0.5296,-0.0819,0.0153,0.4647,0.8492,0.3141,13.0314,-1.0486
101.587,-0.2108,0.4055,0.5296,-0.0912,0.0205,0.4676,0.8492,0.3048,13.0413,-1.0490
101.588,-0.1932,0.4043,0.5296,-0.0819,0.0205,0.4676,0.8668,0.3141,13.0413,-1.0490
101.589,-0.2060,0.4043,0.5163,-0.0819,0.0050,0.4676,0.8540,0.3141,13.0413,-1.0490
101.591,-0.2060,0.3892,0.4988,-0.0819,0.0050,0.4503,0.8540,0.3141,13.0413,-1.0490
101.685,-0.2060,0.3892,0.4988,-0.0913,0.0103,0.4532,0.8540,0.3047,13.0513,-1.0495
101.687,-0.1880,0.3891,0.4988,-0.0809,0.0103,0.4532,0.8720,0.3151,13.0513,-1.0495
101.689,-0.1987,0.3891,0.4847,-0.0809,-0.0046,0.4532,0.8613,0.3151,13.0513,-1.0495
101.691,-0.1987,0.3740,0.4672,-0.0809,-0.0046,0.4359,0.8613,0.3151,13.0513,-1.0495
101.791,-0.1987,0.3740,0.4672,-0.0809,-0.0046,0.4359,0.8613,0.3151,13.0513,-1.0495
101.808,-0.1987,0.3740,0.4672,-0.0904,0.0008,0.4390,0.8613,0.3056,13.0612,-1.0499
101.822,-0.1802,0.3748,0.4672,-0.0789,0.0008,0.4390,0.8798,0.3171,13.0612,-1.0499
101.823,-0.1912,0.3748,0.4536,-0.0789,-0.0140,0.4390,0.8688,0.3171,13.0612,-1.0499
101.824,-0.1912,0.3599,0.4360,-0.0789,-0.0140,0.4216,0.8688,0.3171,13.0612,-1.0499
101.901,-0.1912,0.3599,0.4360,-0.0885,-0.0085,0.4248,0.8688,0.3075,13.0712,-1.0503
101.903,-0.1724,0.3609,0.4360,-0.0767,-0.0085,0.4248,0.8876,0.3193,13.0712,-1.0503
101.904,-0.1837,0.3609,0.4226,-0.0767,-0.0233,0.4248,0.8763,0.3193,13.0712,-1.0503
101.905,-0.1837,0.3460,0.4048,-0.0767,-0.0233,0.4073,0.8763,0.3193,13.0712,-1.0503
101.996,-0.1837,0.3460,0.4048,-0.0862,-0.0177,0.4106,0.8763,0.3098,13.0811,-1.0507
101.998,-0.1654,0.3466,0.4048,-0.0750,-0.0177,0.4106,0.8946,0.3210,13.0811,-1.0507
102.000,-0.1738,0.3466,0.3919,-0.0750,-0.0305,0.4106,0.8862,0.3210,13.0811,-1.0507
102.003,-0.1738,0.3313,0.3739,-0.0750,-0.0305,0.3928,0.8862,0.3210,13.0811,-1.0507
102.089,-0.1738,0.3313,0.3739,-0.0845,-0.0248,0.3961,0.8862,0.3115,13.0911,-1.0511
102.091,-0.1560,0.3317,0.3739,-0.0737,-0.0248,0.3961,0.9040,0.3223,13.0911,-1.0511
102.093,-0.1598,0.3317,0.3613,-0.0737,-0.0346,0.3961,0.9002,0.3223,13.0911,-1.0511
102.095,-0.1598,0.3166,0.3435,-0.0737,-0.0346,0.3785,0.9002,0.3223,13.0911,-1.0511
102.184,-0.1598,0.3166,0.3435,-0.0833,-0.0287,0.3819,0.9002,0.3127,13.1010,-1.0516
102.186,-0.1420,0.3176,0.3435,-0.0719,-0.0287,0.3819,0.9180,0.3241,13.1010,-1.0516
102.187,-0.1433,0.3176,0.3319,-0.0719,-0.0362,0.3819,0.9167,0.3241,13.1010,-1.0516
102.189,-0.1433,0.3029,0.3149,-0.0719,-0.0362,0.3648,0.9167,0.3241,13.1010,-1.0516
102.289,-0.1433,0.3029,0.3149,-0.0816,-0.0302,0.3684,0.9167,0.3144,13.1110,-1.0520
102.291,-0.1246,0.3052,0.3149,-0.0689,-0.0302,0.3684,0.9354,0.3271,13.1110,-1.0520
102.293,-0.1269,0.3052,0.3047,-0.0689,-0.0374,0.3684,0.9331,0.3271,13.1110,-1.0520
102.295,-0.1269,0.2907,0.2883,-0.0689,-0.0374,0.3517,0.9331,0.3271,13.1110,-1.0520
102.390,-0.1269,0.2907,0.2883,-0.0787,-0.0312,0.3554,0.9331,0.3173,13.1209,-1.0524
102.391,-0.1083,0.2940,0.2883,-0.0654,-0.0312,0.3554,0.9517,0.3306,13.1209,-1.0524
102.392,-0.1116,0.2940,0.2785,-0.0654,-0.0388,0.3554,0.9484,0.3306,13.1209,-1.0524
102.393,-0.1116,0.2792,0.2621,-0.0654,-0.0388,0.3385,0.9484,0.3306,13.1209,-1.0524
102.492,-0.1116,0.2792,0.2621,-0.0751,-0.0325,0.3422,0.9484,0.3209,13.1309,-1.0528
102.493,-0.0949,0.2827,0.2621,-0.0628,-0.0325,0.3422,0.9651,0.3332,13.1309,-1.0528
102.494,-0.0980,0.2827,0.2527,-0.0628,-0.0396,0.3422,0.9620,0.3332,13.1309,-1.0528
102.495,-0.0980,0.2672,0.2362,-0.0628,-0.0396,0.3248,0.9620,0.3332,13.1309,-1.0528
102.593,-0.0980,0.2672,0.2362,-0.0726,-0.0332,0.3286,0.9620,0.3234,13.1409,-1.0532
102.615,-0.0836,0.2702,0.2362,-0.0620,-0.0332,0.3286,0.9764,0.3340,13.1409,-1.0532
102.615,-0.0855,0.2702,0.2279,-0.0620,-0.0389,0.3286,0.9745,0.3340,13.1409,-1.0532
102.623,-0.0855,0.2540,0.2114,-0.0620,-0.0389,0.3107,0.9745,0.3340,13.1409,-1.0532
102.719,-0.0855,0.2540,0.2114,-0.0718,-0.0323,0.3146,0.9745,0.3242,13.1508,-1.0537
102.736,-0.0721,0.2561,0.2114,-0.0622,-0.0323,0.3146,0.9879,0.3338,13.1508,-1.0537
102.737,-0.0729,0.2561,0.2057,-0.0622,-0.0358,0.3146,0.9871,0.3338,13.1508,-1.0537
102.737,-0.0729,0.2394,0.1892,-0.0622,-0.0358,0.2963,0.9871,0.3338,13.1508,-1.0537
102.853,-0.0729,0.2394,0.1892,-0.0720,-0.0291,0.3002,0.9871,0.3240,13.1607,-1.0541
102.853,-0.0729,0.2394,0.1892,-0.0720,-0.0291,0.3002,0.9871,0.3240,13.1607,-1.0541
102.866,-0.0595,0.2411,0.1892,-0.0626,-0.0291,0.3002,1.0005,0.3334,13.1607,-1.0541
102.866,-0.0610,0.2411,0.1876,-0.0626,-0.0309,0.3002,0.9990,0.3334,13.1607,-1.0541
102.867,-0.0610,0.2241,0.1711,-0.0626,-0.0309,0.2818,0.9990,0.3334,13.1607,-1.0541
102.967,-0.0610,0.2241,0.1711,-0.0626,-0.0309,0.2818,0.9990,0.3334,13.1607,-1.0541
102.980,-0.0610,0.2241,0.1711,-0.0725,-0.0242,0.2858,0.9990,0.3235,13.1707,-1.0545
102.981,-0.0478,0.2260,0.1711,-0.0631,-0.0242,0.2858,1.0122,0.3329,13.1707,-1.0545
102.981,-0.0530,0.2260,0.1742,-0.0631,-0.0262,0.2858,1.0070,0.3329,13.1707,-1.0545
102.982,-0.0530,0.2086,0.1579,-0.0631,-0.0262,0.2671,1.0070,0.3329,13.1707,-1.0545
103.082,-0.0530,0.2086,0.1579,-0.0730,-0.0195,0.2712,1.0070,0.3230,13.1807,-1.0549
103.093,-0.0405,0.2112,0.1579,-0.0638,-0.0195,0.2712,1.0195,0.3322,13.1807,-1.0549
103.094,-0.0488,0.2112,0.1628,-0.0638,-0.0228,0.2712,1.0112,0.3322,13.1807,-1.0549
103.095,-0.0488,0.1933,0.1467,-0.0638,-0.0228,0.2523,1.0112,0.3322,13.1807,-1.0549
103.189,-0.0488,0.1933,0.1467,-0.0737,-0.0161,0.2565,1.0112,0.3223,13.1906,-1.0554
103.189,-0.0379,0.1963,0.1467,-0.0652,-0.0161,0.2565,1.0221,0.3308,13.1906,-1.0554
103.190,-0.0459,0.1963,0.1504,-0.0652,-0.0198,0.2565,1.0141,0.3308,13.1906,-1.0554
103.190,-0.0459,0.1781,0.1347,-0.0652,-0.0198,0.2376,1.0141,0.3308,13.1906,-1.0554
103.291,-0.0459,0.1781,0.1347,-0.0652,-0.0198,0.2376,1.0141,0.3308,13.1906,-1.0554
103.312,-0.0459,0.1781,0.1347,-0.0751,-0.0131,0.2418,1.0141,0.3209,13.2006,-1.0558
103.313,-0.0369,0.1811,0.1347,-0.0678,-0.0131,0.2418,1.0231,0.3282,13.2006,-1.0558
103.315,-0.0442,0.1811,0.1377,-0.0678,-0.0165,0.2418,1.0158,0.3282,13.2006,-1.0558
103.317,-0.0442,0.1629,0.1227,-0.0678,-0.0165,0.2231,1.0158,0.3282,13.2006,-1.0558
103.416,-0.0442,0.1629,0.1227,-0.0777,-0.0099,0.2274,1.0158,0.3183,13.2105,-1.0563
103.418,-0.0369,0.1654,0.1227,-0.0718,-0.0099,0.2274,1.0231,0.3242,13.2105,-1.0563
103.421,-0.0458,0.1654,0.1280,-0.0718,-0.0133,0.2274,1.0142,0.3242,13.2105,-1.0563
103.423,-0.0458,0.1474,0.1135,-0.0718,-0.0133,0.2091,1.0142,0.3242,13.2105,-1.0563
103.522,-0.0458,0.1474,0.1135,-0.0817,-0.0067,0.2134,1.0142,0.3143,13.2204,-1.0567
103.524,-0.0394,0.1494,0.1135,-0.0766,-0.0067,0.2134,1.0206,0.3194,13.2204,-1.0567
103.525,-0.0505,0.1494,0.1216,-0.0766,-0.0102,0.2134,1.0095,0.3194,13.2204,-1.0567
103.526,-0.0505,0.1317,0.1075,-0.0766,-0.0102,0.1955,1.0095,0.3194,13.2204,-1.0567
103.619,-0.0505,0.1317,0.1075,-0.0865,-0.0037,0.1999,1.0095,0.3095,13.2304,-1.0571
103.622,-0.0441,0.1335,0.1075,-0.0816,-0.0037,0.1999,1.0159,0.3144,13.2304,-1.0571
103.623,-0.0554,0.1335,0.1164,-0.0816,-0.0069,0.1999,1.0046,0.3144,13.2304,-1.0571
103.624,-0.0554,0.1160,0.1033,-0.0816,-0.0069,0.1826,1.0046,0.3144,13.2304,-1.0571
103.716,-0.0554,0.1160,0.1033,-0.0915,-0.0005,0.1870,1.0046,0.3045,13.2404,-1.0575
103.718,-0.0485,0.1180,0.1033,-0.0862,-0.0005,0.1870,1.0115,0.3098,13.2404,-1.0575
103.719,-0.0588,0.1180,0.1117,-0.0862,-0.0031,0.1870,1.0012,0.3098,13.2404,-1.0575
103.722,-0.0588,0.1006,0.0999,-0.0862,-0.0031,0.1704,1.0012,0.3098,13.2404,-1.0575
103.823,-0.0588,0.1006,0.0999,-0.0862,-0.0031,0.1704,1.0012,0.3098,13.2404,-1.0575
103.826,-0.0588,0.1006,0.0999,-0.0961,0.0033,0.1748,1.0012,0.2999,13.2503,-1.0579
103.827,-0.0519,0.1029,0.0999,-0.0906,0.0033,0.1748,1.0081,0.3054,13.2503,-1.0579
103.827,-0.0616,0.1029,0.1081,-0.0906,0.0010,0.1748,0.9984,0.3054,13.2503,-1.0579
103.828,-0.0616,0.0854,0.0973,-0.0906,0.0010,0.1587,0.9984,0.3054,13.2503,-1.0579
103.903,-0.0616,0.0854,0.0973,-0.1004,0.0072,0.1631,0.9984,0.2956,13.2603,-1.0583
103.905,-0.0553,0.0879,0.0973,-0.0952,0.0072,0.1631,1.0047,0.3008,13.2603,-1.0583
103.906,-0.0652,0.0879,0.1056,-0.0952,0.0049,0.1631,0.9948,0.3008,13.2603,-1.0583
103.908,-0.0652,0.0704,0.0953,-0.0952,0.0049,0.1472,0.9948,0.3008,13.2603,-1.0583
104.001,-0.0652,0.0704,0.0953,-0.1051,0.0111,0.1516,0.9948,0.2909,13.2702,-1.0588
104.002,-0.0601,0.0729,0.0953,-0.1006,0.0111,0.1516,0.9999,0.2954,13.2702,-1.0588
104.004,-0.0702,0.0729,0.1036,-0.1006,0.0088,0.1516,0.9898,0.2954,13.2702,-1.0588
104.006,-0.0702,0.0553,0.0931,-0.1006,0.0088,0.1355,0.9898,0.2954,13.2702,-1.0588
104.084,-0.0702,0.0553,0.0931,-0.1105,0.0149,0.1400,0.9898,0.2855,13.2802,-1.0592
104.085,-0.0661,0.0574,0.0931,-0.1068,0.0149,0.1400,0.9939,0.2892,13.2802,-1.0592
104.086,-0.0758,0.0574,0.1008,-0.1068,0.0126,0.1400,0.9842,0.2892,13.2802,-1.0592
104.089,-0.0758,0.0394,0.0893,-0.1068,0.0126,0.1232,0.9842,0.2892,13.2802,-1.0592
104.175,-0.0758,0.0394,0.0893,-0.1167,0.0186,0.1277,0.9842,0.2793,13.2901,-1.0596
104.176,-0.0721,0.0411,0.0893,-0.1135,0.0186,0.1277,0.9879,0.2825,13.2901,-1.0596
104.176,-0.0810,0.0411,0.0964,-0.1135,0.0165,0.1277,0.9790,0.2825,13.2901,-1.0596
104.178,-0.0810,0.0227,0.0843,-0.1135,0.0165,0.1103,0.9790,0.2825,13.2901,-1.0596
104.258,-0.0810,0.0227,0.0843,-0.1234,0.0225,0.1148,0.9790,0.2726,13.3001,-1.0600
104.259,-0.0763,0.0237,0.0843,-0.1200,0.0225,0.1148,0.9837,0.2760,13.3001,-1.0600
104.259,-0.0844,0.0237,0.0912,-0.1200,0.0209,0.1148,0.9756,0.2760,13.3001,-1.0600
104.260,-0.0844,0.0051,0.0796,-0.1200,0.0209,0.0975,0.9756,0.2760,13.3001,-1.0600
104.333,-0.0844,0.0051,0.0796,-0.1299,0.0268,0.1021,0.9756,0.2661,13.3100,-1.0604
104.334,-0.0773,0.0048,0.0796,-0.1259,0.0268,0.1021,0.9827,0.2701,13.3100,-1.0604
104.335,-0.0847,0.0048,0.0870,-0.1259,0.0260,0.1021,0.9753,0.2701,13.3100,-1.0604
104.335,-0.0847,-0.0128,0.0768,-0.1259,0.0260,0.0860,0.9753,0.2701,13.3100,-1.0604
104.435,-0.0847,-0.0128,0.0768,-0.1358,0.0318,0.0905,0.9753,0.2602,13.3200,-1.0609
104.435,-0.0765,-0.0143,0.0768,-0.1319,0.0318,0.0905,0.9835,0.2641,13.3200,-1.0609
104.436,-0.0833,-0.0143,0.0850,-0.1319,0.0319,0.0905,0.9767,0.2641,13.3200,-1.0609
104.437,-0.0833,-0.0310,0.0761,-0.1319,0.0319,0.0757,0.9767,0.2641,13.3200,-1.0609
104.537,-0.0833,-0.0310,0.0761,-0.1319,0.0319,0.0757,0.9767,0.2641,13.3200,-1.0609
104.555,-0.0833,-0.0310,0.0761,-0.1418,0.0376,0.0803,0.9767,0.2542,13.3299,-1.0613
104.558,-0.0767,-0.0320,0.0761,-0.1385,0.0376,0.0803,0.9833,0.2575,13.3299,-1.0613
104.560,-0.0831,-0.0320,0.0849,-0.1385,0.0382,0.0803,0.9769,0.2575,13.3299,-1.0613
104.562,-0.0831,-0.0490,0.0754,-0.1385,0.0382,0.0650,0.9769,0.2575,13.3299,-1.0613
104.662,-0.0831,-0.0490,0.0754,-0.1385,0.0382,0.0650,0.9769,0.2575,13.3299,-1.0613
104.673,-0.0831,-0.0490,0.0754,-0.1484,0.0438,0.0696,0.9769,0.2476,13.3399,-1.0617
104.675,-0.0777,-0.0488,0.0754,-0.1451,0.0438,0.0696,0.9823,0.2509,13.3399,-1.0617
104.676,-0.0840,-0.0488,0.0836,-0.1451,0.0442,0.0696,0.9760,0.2509,13.3399,-1.0617
104.677,-0.0840,-0.0660,0.0732,-0.1451,0.0442,0.0537,0.9760,0.2509,13.3399,-1.0617
104.760,-0.0840,-0.0660,0.0732,-0.1550,0.0498,0.0583,0.9760,0.2410,13.3498,-1.0621
104.761,-0.0768,-0.0642,0.0732,-0.1497,0.0498,0.0583,0.9832,0.2463,13.3498,-1.0621
104.763,-0.0832,-0.0642,0.0803,-0.1497,0.0495,0.0583,0.9768,0.2463,13.3498,-1.0621
104.764,-0.0832,-0.0813,0.0693,-0.1497,0.0495,0.0422,0.9768,0.2463,13.3498,-1.0621
104.847,-0.0832,-0.0813,0.0693,-0.1596,0.0550,0.0468,0.9768,0.2364,13.3598,-1.0625
104.849,-0.0708,-0.0780,0.0693,-0.1502,0.0550,0.0468,0.9820,0.2458,13.3598,-1.0625
104.850,-0.0784,-0.0780,0.0748,-0.1502,0.0532,0.0468,0.9816,0.2458,13.3598,-1.0625
104.853,-0.0784,-0.0945,0.0642,-0.1502,0.0532,0.0311,0.9655,0.2458,13.3598,-1.0625
104.932,-0.0784,-0.0945,0.0642,-0.1602,0.0588,0.0358,0.9655,0.2358,13.3697,-1.0630
104.937,-0.0602,-0.0899,0.0642,-0.1465,0.0588,0.0358,0.9701,0.2495,13.3697,-1.0630
104.938,-0.0699,-0.0899,0.0680,-0.1465,0.0548,0.0358,0.9701,0.2495,13.3697,-1.0630
104.939,-0.0699,-0.1056,0.0581,-0.1465,0.0548,0.0210,0.9544,0.2495,13.3697,-1.0630
105.040,-0.0699,-0.1056,0.0581,-0.1565,0.0603,0.0257,0.9544,0.2395,13.3797,-1.0634
105.040,-0.0503,-0.1008,0.0581,-0.1418,0.0603,0.0257,0.9592,0.2542,13.3797,-1.0634
105.047,-0.0615,-0.1008,0.0604,-0.1418,0.0546,0.0257,0.9592,0.2542,13.3797,-1.0634
105.047,-0.0615,-0.1153,0.0514,-0.1418,0.0546,0.0121,0.9447,0.2542,13.3797,-1.0634
105.133,-0.0615,-0.1153,0.0514,-0.1518,0.0600,0.0168,0.9447,0.2442,13.3896,-1.0638
105.133,-0.0462,-0.1118,0.0514,-0.1405,0.0600,0.0168,0.9482,0.2555,13.3896,-1.0638
105.136,-0.0583,-0.1118,0.0530,-0.1405,0.0534,0.0168,0.9482,0.2555,13.3896,-1.0638
105.137,-0.0583,-0.1244,0.0453,-0.1405,0.0534,0.0050,0.9356,0.2555,13.3896,-1.0638
105.219,-0.0583,-0.1244,0.0453,-0.1505,0.0588,0.0098,0.9356,0.2455,13.3996,-1.0642
105.220,-0.0452,-0.1206,0.0453,-0.1402,0.0588,0.0098,0.9394,0.2558,13.3996,-1.0642
105.221,-0.0572,-0.1206,0.0469,-0.1402,0.0523,0.0098,0.9394,0.2558,13.3996,-1.0642
105.222,-0.0572,-0.1316,0.0405,-0.1402,0.0523,-0.0004,0.9284,0.2558,13.3996,-1.0642
105.301,-0.0572,-0.1316,0.0405,-0.1502,0.0576,0.0045,0.9284,0.2458,13.4096,-1.0646
105.302,-0.0410,-0.1242,0.0405,-0.1360,0.0576,0.0045,0.9358,0.2600,13.4096,-1.0646
105.303,-0.0529,-0.1242,0.0404,-0.1360,0.0503,0.0045,0.9358,0.2600,13.4096,-1.0646
105.305,-0.0529,-0.1353,0.0346,-0.1360,0.0503,-0.0055,0.9247,0.2600,13.4096,-1.0646
105.403,-0.0529,-0.1353,0.0346,-0.1459,0.0555,-0.0006,0.9247,0.2501,13.4195,-1.0651
105.404,-0.0322,-0.1231,0.0346,-0.1262,0.0555,-0.0006,0.9369,0.2698,13.4195,-1.0651
105.404,-0.0457,-0.1231,0.0311,-0.1262,0.0456,-0.0006,0.9369,0.2698,13.4195,-1.0651
105.405,-0.0457,-0.1352,0.0259,-0.1262,0.0456,-0.0107,0.9248,0.2698,13.4195,-1.0651
105.505,-0.0457,-0.1352,0.0259,-0.1262,0.0456,-0.0107,0.9248,0.2698,13.4195,-1.0651
105.511,-0.0457,-0.1352,0.0259,-0.1361,0.0508,-0.0059,0.9248,0.2599,13.4295,-1.0655
105.511,-0.0232,-0.1214,0.0259,-0.1145,0.0508,-0.0059,0.9386,0.2815,13.4295,-1.0655
105.513,-0.0400,-0.1214,0.0182,-0.1145,0.0367,-0.0059,0.9386,0.2815,13.4295,-1.0655
105.515,-0.0400,-0.1338,0.0142,-0.1145,0.0367,-0.0155,0.9262,0.2815,13.4295,-1.0655
105.615,-0.0400,-0.1338,0.0142,-0.1145,0.0367,-0.0155,0.9262,0.2815,13.4295,-1.0655
105.652,-0.0400,-0.1338,0.0142,-0.1244,0.0419,-0.0106,0.9262,0.2716,13.4394,-1.0659
105.653,-0.0193,-0.1221,0.0142,-0.1051,0.0419,-0.0106,0.9379,0.2909,13.4394,-1.0659
105.653,-0.0387,-0.1221,0.0035,-0.1051,0.0246,-0.0106,0.9379,0.2909,13.4394,-1.0659
105.653,-0.0387,-0.1344,0.0014,-0.1051,0.0246,-0.0191,0.9256,0.2909,13.4394,-1.0659
105.753,-0.0387,-0.1344,0.0014,-0.1051,0.0246,-0.0191,0.9256,0.2909,13.4394,-1.0659
105.799,-0.0387,-0.1344,0.0014,-0.1151,0.0298,-0.0142,0.9256,0.2809,13.4494,-1.0663
105.805,-0.0207,-0.1245,0.0014,-0.0983,0.0298,-0.0142,0.9355,0.2977,13.4494,-1.0663
105.807,-0.0387,-0.1245,-0.0088,-0.0983,0.0135,-0.0142,0.9355,0.2977,13.4494,-1.0663
105.809,-0.0387,-0.1370,-0.0077,-0.0983,0.0135,-0.0209,0.9230,0.2977,13.4494,-1.0663
105.909,-0.0387,-0.1370,-0.0077,-0.0983,0.0135,-0.0209,0.9230,0.2977,13.4494,-1.0663
105.914,-0.0387,-0.1370,-0.0077,-0.1083,0.0187,-0.0160,0.9230,0.2877,13.4593,-1.0667
105.916,-0.0222,-0.1267,-0.0077,-0.0923,0.0187,-0.0160,0.9333,0.3037,13.4593,-1.0667
105.920,-0.0389,-0.1267,-0.0166,-0.0923,0.0039,-0.0160,0.9333,0.3037,13.4593,-1.0667
105.922,-0.0389,-0.1382,-0.0111,-0.0923,0.0039,-0.0195,0.9218,0.3037,13.4593,-1.0667
106.006,-0.0389,-0.1382,-0.0111,-0.1022,0.0091,-0.0147,0.9218,0.2938,13.4693,-1.0671
106.006,-0.0235,-0.1254,-0.0111,-0.0856,0.0091,-0.0147,0.9346,0.3104,13.4693,-1.0671
106.008,-0.0413,-0.1254,-0.0203,-0.0856,-0.0064,-0.0147,0.9346,0.3104,13.4693,-1.0671
106.008,-0.0413,-0.1336,-0.0117,-0.0856,-0.0064,-0.0144,0.9264,0.3104,13.4693,-1.0671
106.086,-0.0413,-0.1336,-0.0117,-0.0955,-0.0012,-0.0097,0.9264,0.3005,13.4792,-1.0676
106.088,-0.0276,-0.1185,-0.0117,-0.0787,-0.0012,-0.0097,0.9415,0.3173,13.4792,-1.0676
106.089,-0.0474,-0.1185,-0.0233,-0.0787,-0.0192,-0.0097,0.9415,0.3173,13.4792,-1.0676
106.091,-0.0474,-0.1241,-0.0147,-0.0787,-0.0192,-0.0078,0.9359,0.3173,13.4792,-1.0676
106.183,-0.0474,-0.1241,-0.0147,-0.0886,-0.0139,-0.0032,0.9359,0.3074,13.4892,-1.0680
106.187,-0.0351,-0.1092,-0.0147,-0.0729,-0.0139,-0.0032,0.9508,0.3231,13.4892,-1.0680
106.195,-0.0545,-0.1092,-0.0290,-0.0729,-0.0332,-0.0032,0.9508,0.3231,13.4892,-1.0680
106.195,-0.0545,-0.1158,-0.0215,-0.0729,-0.0332,-0.0023,0.9442,0.3231,13.4892,-1.0680
106.269,-0.0545,-0.1158,-0.0215,-0.0828,-0.0279,0.0022,0.9442,0.3132,13.4991,-1.0685
106.271,-0.0423,-0.1025,-0.0215,-0.0679,-0.0279,0.0022,0.9575,0.3281,13.4991,-1.0685
106.273,-0.0580,-0.1025,-0.0366,-0.0679,-0.0455,0.0022,0.9575,0.3281,13.4991,-1.0685
106.275,-0.0580,-0.1129,-0.0283,-0.0679,-0.0455,0.0015,0.9471,0.3281,13.4991,-1.0685
106.364,-0.0580,-0.1129,-0.0283,-0.0779,-0.0401,0.0059,0.9471,0.3181,13.5091,-1.0689
106.365,-0.0458,-0.0999,-0.0283,-0.0633,-0.0401,0.0059,0.9601,0.3327,13.5091,-1.0689
106.366,-0.0583,-0.0999,-0.0432,-0.0633,-0.0556,0.0059,0.9601,0.3327,13.5091,-1.0689
106.367,-0.0583,-0.1115,-0.0324,-0.0633,-0.0556,0.0061,0.9485,0.3327,13.5091,-1.0689
106.453,-0.0583,-0.1115,-0.0324,-0.0732,-0.0501,0.0105,0.9485,0.3228,13.5190,-1.0693
106.453,-0.0475,-0.0973,-0.0324,-0.0589,-0.0501,0.0105,0.9627,0.3371,13.5190,-1.0693
106.454,-0.0589,-0.0973,-0.0467,-0.0589,-0.0646,0.0105,0.9627,0.3314,13.5190,-1.0693
106.454,-0.0589,-0.1043,-0.0326,-0.0589,-0.0646,0.0153,0.9557,0.3314,13.5190,-1.0693
106.521,-0.0589,-0.1043,-0.0326,-0.0689,-0.0590,0.0195,0.9557,0.3271,13.5290,-1.0697
106.522,-0.0506,-0.0885,-0.0326,-0.0554,-0.0590,0.0195,0.9715,0.3370,13.5290,-1.0697
106.522,-0.0620,-0.0885,-0.0466,-0.0554,-0.0734,0.0195,0.9715,0.3226,13.5290,-1.0697
106.523,-0.0620,-0.0889,-0.0303,-0.0554,-0.0734,0.0294,0.9711,0.3226,13.5290,-1.0697
106.601,-0.0620,-0.0889,-0.0303,-0.0654,-0.0677,0.0335,0.9711,0.3284,13.5389,-1.0701
106.601,-0.0555,-0.0725,-0.0303,-0.0529,-0.0677,0.0335,0.9875,0.3284,13.5389,-1.0701
106.602,-0.0663,-0.0725,-0.0442,-0.0529,-0.0817,0.0335,0.9875,0.3143,13.5389,-1.0701
106.602,-0.0663,-0.0701,-0.0288,-0.0529,-0.0817,0.0442,0.9899,0.3143,13.5389,-1.0701
106.689,-0.0663,-0.0701,-0.0288,-0.0628,-0.0758,0.0482,0.9899,0.3202,13.5489,-1.0706
106.691,-0.0603,-0.0546,-0.0288,-0.0512,-0.0758,0.0482,0.9997,0.3202,13.5489,-1.0706
106.696,-0.0695,-0.0546,-0.0422,-0.0512,-0.0886,0.0482,0.9905,0.3074,13.5489,-1.0706
106.697,-0.0695,-0.0545,-0.0299,-0.0512,-0.0886,0.0558,0.9905,0.3074,13.5489,-1.0706
106.787,-0.0695,-0.0545,-0.0299,-0.0612,-0.0826,0.0598,0.9905,0.3134,13.5588,-1.0710
106.789,-0.0641,-0.0396,-0.0299,-0.0503,-0.0826,0.0598,0.9959,0.3134,13.5588,-1.0710
106.790,-0.0705,-0.0396,-0.0425,-0.0503,-0.0933,0.0598,0.9895,0.3028,13.5588,-1.0710
106.791,-0.0705,-0.0418,-0.0316,-0.0503,-0.0933,0.0652,0.9895,0.3028,13.5588,-1.0710
106.891,-0.0705,-0.0418,-0.0316,-0.0503,-0.0933,0.0652,0.9895,0.3028,13.5588,-1.0710
106.915,-0.0705,-0.0418,-0.0316,-0.0603,-0.0871,0.0693,0.9895,0.3089,13.5688,-1.0714
106.916,-0.0664,-0.0268,-0.0316,-0.0502,-0.0871,0.0693,0.9936,0.3089,13.5688,-1.0714
106.921,-0.0692,-0.0268,-0.0428,-0.0502,-0.0947,0.0693,0.9908,0.3014,13.5688,-1.0714
106.921,-0.0692,-0.0273,-0.0304,-0.0502,-0.0947,0.0764,0.9908,0.3014,13.5688,-1.0714
107.021,-0.0692,-0.0273,-0.0304,-0.0602,-0.0884,0.0804,0.9908,0.3076,13.5788,-1.0718
107.023,-0.0663,-0.0121,-0.0304,-0.0509,-0.0884,0.0804,0.9937,0.3076,13.5788,-1.0718
107.024,-0.0656,-0.0121,-0.0392,-0.0509,-0.0924,0.0804,0.9944,0.3036,13.5788,-1.0718
107.024,-0.0656,-0.0056,-0.0241,-0.0509,-0.0924,0.0930,0.9944,0.3036,13.5788,-1.0718
107.108,-0.0656,-0.0056,-0.0241,-0.0608,-0.0859,0.0970,0.9944,0.3101,13.5887,-1.0722
107.111,-0.0633,0.0087,-0.0241,-0.0523,-0.0859,0.0970,0.9967,0.3101,13.5887,-1.0722
107.113,-0.0597,0.0087,-0.0299,-0.0523,-0.0864,0.0970,1.0003,0.3096,13.5887,-1.0722
107.115,-0.0597,0.0210,-0.0162,-0.0523,-0.0864,0.1118,1.0003,0.3096,13.5887,-1.0722
107.207,-0.0597,0.0210,-0.0162,-0.0623,-0.0798,0.1158,1.0003,0.3162,13.5987,-1.0726
107.208,-0.0577,0.0343,-0.0162,-0.0544,-0.0798,0.1158,1.0023,0.3162,13.5987,-1.0726
107.208,-0.0516,0.0343,-0.0188,-0.0544,-0.0770,0.1158,1.0084,0.3191,13.5987,-1.0726
107.208,-0.0516,0.0462,-0.0098,-0.0544,-0.0770,0.1277,1.0084,0.3191,13.5987,-1.0726
107.286,-0.0516,0.0462,-0.0098,-0.0644,-0.0702,0.1319,1.0084,0.3258,13.6086,-1.0731
107.288,-0.0503,0.0591,-0.0098,-0.0571,-0.0702,0.1319,1.0097,0.3258,13.6086,-1.0731
107.290,-0.0420,0.0591,-0.0095,-0.0571,-0.0643,0.1319,1.0180,0.3317,13.6086,-1.0731
107.292,-0.0420,0.0682,-0.0035,-0.0571,-0.0643,0.1406,1.0180,0.3317,13.6086,-1.0731
107.393,-0.0420,0.0682,-0.0035,-0.0571,-0.0643,0.1406,1.0180,0.3317,13.6086,-1.0731
107.427,-0.0420,0.0682,-0.0035,-0.0671,-0.0574,0.1449,1.0180,0.3289,13.6186,-1.0735
107.431,-0.0411,0.0805,-0.0035,-0.0604,-0.0574,0.1449,1.0189,0.3356,13.6186,-1.0735
107.431,-0.0321,0.0805,-0.0014,-0.0604,-0.0501,0.1449,1.0279,0.3356,13.6186,-1.0735
107.431,-0.0321,0.0877,0.0044,-0.0604,-0.0501,0.1522,1.0279,0.3356,13.6186,-1.0735
107.530,-0.0321,0.0877,0.0044,-0.0703,-0.0431,0.1566,1.0279,0.3257,13.6285,-1.0739
107.532,-0.0315,0.1000,0.0044,-0.0637,-0.0431,0.1566,1.0285,0.3323,13.6285,-1.0739
107.533,-0.0248,0.1000,0.0054,-0.0637,-0.0378,0.1566,1.0352,0.3323,13.6285,-1.0739
107.537,-0.0248,0.1083,0.0116,-0.0637,-0.0378,0.1650,1.0352,0.3323,13.6285,-1.0739
107.627,-0.0248,0.1083,0.0116,-0.0737,-0.0306,0.1695,1.0352,0.3223,13.6385,-1.0743
107.633,-0.0246,0.1204,0.0116,-0.0673,-0.0306,0.1695,1.0354,0.3287,13.6385,-1.0743
107.633,-0.0185,0.1204,0.0128,-0.0673,-0.0257,0.1695,1.0415,0.3287,13.6385,-1.0743
107.633,-0.0185,0.1328,0.0168,-0.0673,-0.0257,0.1794,1.0415,0.3287,13.6385,-1.0743
107.703,-0.0185,0.1328,0.0168,-0.0772,-0.0185,0.1840,1.0415,0.3188,13.6484,-1.0747
107.704,-0.0179,0.1445,0.0168,-0.0708,-0.0185,0.1840,1.0421,0.3252,13.6484,-1.0747
107.705,-0.0086,0.1445,0.0215,-0.0708,-0.0096,0.1840,1.0514,0.3252,13.6484,-1.0747
107.706,-0.0086,0.1588,0.0230,-0.0708,-0.0096,0.1941,1.0514,0.3252,13.6484,-1.0747
107.783,-0.0086,0.1588,0.0230,-0.0806,-0.0023,0.1989,1.0514,0.3154,13.6584,-1.0752
107.783,-0.0067,0.1706,0.0230,-0.0732,-0.0023,0.1989,1.0533,0.3228,13.6584,-1.0752
107.784,0.0075,0.1706,0.0328,-0.0732,0.0125,0.1989,1.0675,0.3228,13.6584,-1.0752
107.784,0.0075,0.1837,0.0339,-0.0732,0.0125,0.2082,1.0675,0.3228,13.6584,-1.0752
107.884,0.0075,0.1837,0.0339,-0.0732,0.0125,0.2082,1.0675,0.3228,13.6584,-1.0752
107.888,0.0075,0.1837,0.0339,-0.0830,0.0198,0.2132,1.0675,0.3130,13.6683,-1.0756
107.890,0.0110,0.1960,0.0339,-0.0742,0.0198,0.2132,1.0710,0.3218,13.6683,-1.0756
107.890,0.0271,0.1960,0.0462,-0.0742,0.0372,0.2132,1.0871,0.3218,13.6683,-1.0756
107.893,0.0271,0.2065,0.0473,-0.0742,0.0372,0.2208,1.0871,0.3218,13.6683,-1.0756
107.994,0.0271,0.2065,0.0473,-0.0742,0.0372,0.2208,1.0871,0.3218,13.6683,-1.0756
107.997,0.0271,0.2065,0.0473,-0.0841,0.0446,0.2260,1.0871,0.3119,13.6783,-1.0760
108.005,0.0323,0.2199,0.0473,-0.0735,0.0446,0.2260,1.0923,0.3225,13.6783,-1.0760
108.007,0.0458,0.2199,0.0584,-0.0735,0.0596,0.2260,1.1058,0.3225,13.6783,-1.0760
108.010,0.0458,0.2280,0.0583,-0.0735,0.0596,0.2316,1.1058,0.3225,13.6783,-1.0760
108.107,0.0458,0.2280,0.0583,-0.0834,0.0670,0.2369,1.1058,0.3126,13.6882,-1.0764
108.109,0.0543,0.2429,0.0583,-0.0701,0.0670,0.2369,1.1143,0.3259,13.6882,-1.0764
108.116,0.0636,0.2429,0.0685,-0.0701,0.0784,0.2369,1.1236,0.3259,13.6882,-1.0764
108.118,0.0636,0.2502,0.0657,-0.0701,0.0784,0.2409,1.1236,0.3259,13.6882,-1.0764
108.219,0.0636,0.2502,0.0657,-0.0701,0.0784,0.2409,1.1236,0.3259,13.6882,-1.0764
108.221,0.0636,0.2502,0.0657,-0.0798,0.0859,0.2463,1.1236,0.3162,13.6982,-1.0768
108.223,0.0764,0.2671,0.0657,-0.0630,0.0859,0.2463,1.1257,0.3330,13.6982,-1.0768
108.225,0.0822,0.2671,0.0766,-0.0630,0.0951,0.2463,1.1366,0.3330,13.6982,-1.0768
108.227,0.0822,0.2750,0.0702,-0.0630,0.0951,0.2496,1.1302,0.3330,13.6982,-1.0768
108.323,0.0822,0.2750,0.0702,-0.0728,0.1026,0.2551,1.1302,0.3232,13.7081,-1.0772
108.324,0.0970,0.2926,0.0702,-0.0544,0.1026,0.2551,1.1302,0.3416,13.7081,-1.0772
108.326,0.1025,0.2926,0.0825,-0.0544,0.1120,0.2551,1.1425,0.3416,13.7081,-1.0772
108.328,0.1025,0.3006,0.0740,-0.0544,0.1120,0.2578,1.1340,0.3416,13.7081,-1.0772
108.429,0.1025,0.3006,0.0740,-0.0544,0.1120,0.2578,1.1340,0.3416,13.7081,-1.0772
108.430,0.1025,0.3006,0.0740,-0.0642,0.1194,0.2636,1.1340,0.3318,13.7181,-1.0776
108.431,0.1164,0.3174,0.0740,-0.0468,0.1194,0.2636,1.1340,0.3492,13.7181,-1.0776
108.436,0.1238,0.3174,0.0875,-0.0468,0.1309,0.2636,1.1475,0.3492,13.7181,-1.0776
108.438,0.1238,0.3238,0.0790,-0.0468,0.1309,0.2653,1.1390,0.3492,13.7181,-1.0776
108.521,0.1238,0.3238,0.0790,-0.0566,0.1383,0.2712,1.1390,0.3394,13.7280,-1.0781
108.523,0.1376,0.3401,0.0790,-0.0396,0.1383,0.2712,1.1390,0.3564,13.7280,-1.0781
108.525,0.1447,0.3401,0.0932,-0.0396,0.1499,0.2712,1.1532,0.3564,13.7280,-1.0781
108.527,0.1447,0.3438,0.0850,-0.0396,0.1499,0.2712,1.1450,0.3564,13.7280,-1.0781
108.614,0.1447,0.3438,0.0850,-0.0493,0.1574,0.2773,1.1450,0.3467,13.7380,-1.0785
108.616,0.1608,0.3607,0.0850,-0.0309,0.1574,0.2773,1.1450,0.3651,13.7380,-1.0785
108.620,0.1641,0.3607,0.0996,-0.0309,0.1662,0.2773,1.1596,0.3651,13.7380,-1.0785
108.622,0.1641,0.3621,0.0913,-0.0309,0.1662,0.2755,1.1513,0.3651,13.7380,-1.0785
108.722,0.1641,0.3621,0.0913,-0.0309,0.1662,0.2755,1.1513,0.3651,13.7380,-1.0785
108.726,0.1641,0.3621,0.0913,-0.0407,0.1736,0.2817,1.1513,0.3553,13.7480,-1.0789
108.727,0.1831,0.3792,0.0913,-0.0206,0.1736,0.2817,1.1513,0.3754,13.7480,-1.0789
108.727,0.1825,0.3792,0.1058,-0.0206,0.1794,0.2817,1.1658,0.3754,13.7480,-1.0789
108.727,0.1825,0.3806,0.0964,-0.0206,0.1794,0.2796,1.1564,0.3754,13.7480,-1.0789
108.806,0.1825,0.3806,0.0964,-0.0304,0.1868,0.2859,1.1564,0.3656,13.7579,-1.0793
108.808,0.2028,0.3971,0.0964,-0.0103,0.1868,0.2859,1.1564,0.3857,13.7579,-1.0793
108.809,0.2009,0.3971,0.1105,-0.0103,0.1915,0.2859,1.1705,0.3857,13.7579,-1.0793
108.810,0.2009,0.4007,0.0989,-0.0103,0.1915,0.2849,1.1589,0.3857,13.7579,-1.0793
108.909,0.2009,0.4007,0.0989,-0.0200,0.1988,0.2914,1.1589,0.3760,13.7678,-1.0797
108.911,0.2210,0.4160,0.0989,-0.0008,0.1988,0.2914,1.1589,0.3952,13.7678,-1.0797
108.914,0.2197,0.4160,0.1126,-0.0008,0.2037,0.2914,1.1726,0.3952,13.7678,-1.0797
108.921,0.2197,0.4207,0.0989,-0.0008,0.2037,0.2906,1.1589,0.3952,13.7678,-1.0797
109.022,0.2197,0.4207,0.0989,-0.0008,0.2037,0.2906,1.1589,0.3952,13.7678,-1.0797
109.026,0.2197,0.4207,0.0989,-0.0105,0.2110,0.2973,1.1589,0.3855,13.7778,-1.0801
109.027,0.2387,0.4351,0.0989,0.0076,0.2110,0.2973,1.1589,0.4036,13.7778,-1.0801
109.032,0.2378,0.4351,0.1128,0.0076,0.2163,0.2973,1.1728,0.4036,13.7778,-1.0801
109.032,0.2378,0.4373,0.0983,0.0076,0.2163,0.2944,1.1583,0.4036,13.7778,-1.0801
109.092,0.2378,0.4373,0.0983,-0.0022,0.2235,0.3012,1.1583,0.3938,13.7877,-1.0806
109.092,0.2560,0.4509,0.0983,0.0149,0.2235,0.3012,1.1583,0.4109,13.7877,-1.0806
109.092,0.2541,0.4509,0.1127,0.0149,0.2283,0.3012,1.1727,0.4109,13.7877,-1.0806
109.093,0.2541,0.4496,0.0985,0.0149,0.2283,0.2958,1.1585,0.4109,13.7877,-1.0806
109.192,0.2541,0.4496,0.0985,0.0052,0.2355,0.3028,1.1585,0.4012,13.7977,-1.0810
109.193,0.2721,0.4623,0.0985,0.0214,0.2355,0.3028,1.1585,0.4174,13.7977,-1.0810
109.193,0.2689,0.4623,0.1128,0.0214,0.2392,0.3028,1.1728,0.4174,13.7977,-1.0810
109.195,0.2689,0.4604,0.0991,0.0214,0.2392,0.2971,1.1591,0.4174,13.7977,-1.0810
109.279,0.2689,0.4604,0.0991,0.0116,0.2463,0.3042,1.1591,0.4076,13.8077,-1.0814
109.280,0.2871,0.4718,0.0991,0.0271,0.2463,0.3042,1.1591,0.4231,13.8077,-1.0814
109.281,0.2833,0.4718,0.1124,0.0271,0.2491,0.3042,1.1724,0.4231,13.8077,-1.0814
109.282,0.2833,0.4716,0.0984,0.0271,0.2491,0.2999,1.1584,0.4231,13.8077,-1.0814
109.384,0.2833,0.4716,0.0984,0.0271,0.2491,0.2999,1.1584,0.4231,13.8077,-1.0814
109.402,0.2833,0.4716,0.0984,0.0173,0.2562,0.3071,1.1584,0.4133,13.8176,-1.0818
109.402,0.3017,0.4819,0.0984,0.0321,0.2562,0.3071,1.1584,0.4281,13.8176,-1.0818
109.403,0.2978,0.4819,0.1108,0.0321,0.2585,0.3071,1.1708,0.4281,13.8176,-1.0818
109.403,0.2978,0.4839,0.0959,0.0321,0.2585,0.3043,1.1559,0.4281,13.8176,-1.0818
109.479,0.2978,0.4839,0.0959,0.0223,0.2655,0.3116,1.1559,0.4183,13.8276,-1.0822
109.480,0.3160,0.4930,0.0959,0.0361,0.2655,0.3116,1.1559,0.4321,13.8276,-1.0822
109.482,0.3122,0.4930,0.1079,0.0361,0.2677,0.3116,1.1679,0.4321,13.8276,-1.0822
109.484,0.3122,0.4940,0.0924,0.0361,0.2677,0.3081,1.1524,0.4321,13.8276,-1.0822
109.585,0.3122,0.4940,0.0924,0.0361,0.2677,0.3081,1.1524,0.4321,13.8276,-1.0822
109.585,0.3122,0.4940,0.0924,0.0263,0.2747,0.3156,1.1524,0.4223,13.8375,-1.0827
109.589,0.3287,0.5006,0.0924,0.0377,0.2747,0.3156,1.1524,0.4337,13.8375,-1.0827
109.593,0.3250,0.5006,0.1047,0.0377,0.2770,0.3156,1.1647,0.4337,13.8375,-1.0827
109.595,0.3250,0.4979,0.0891,0.0377,0.2770,0.3089,1.1491,0.4337,13.8375,-1.0827
109.692,0.3250,0.4979,0.0891,0.0278,0.2839,0.3165,1.1491,0.4238,13.8475,-1.0831
109.694,0.3396,0.5025,0.0891,0.0370,0.2839,0.3165,1.1491,0.4330,13.8475,-1.0831
109.695,0.3360,0.5025,0.1020,0.0370,0.2865,0.3165,1.1620,0.4330,13.8475,-1.0831
109.696,0.3360,0.4962,0.0866,0.0370,0.2865,0.3070,1.1466,0.4330,13.8475,-1.0831
109.790,0.3360,0.4962,0.0866,0.0271,0.2933,0.3148,1.1466,0.4231,13.8574,-1.0835
109.795,0.3501,0.5002,0.0866,0.0357,0.2933,0.3148,1.1466,0.4317,13.8574,-1.0835
109.798,0.3463,0.5002,0.0999,0.0357,0.2958,0.3148,1.1599,0.4317,13.8574,-1.0835
109.800,0.3463,0.4923,0.0846,0.0357,0.2958,0.3039,1.1446,0.4317,13.8574,-1.0835
109.886,0.3463,0.4923,0.0846,0.0258,0.3026,0.3117,1.1446,0.4218,13.8674,-1.0839
109.887,0.3606,0.4961,0.0846,0.0344,0.3026,0.3117,1.1446,0.4304,13.8674,-1.0839
109.890,0.3567,0.4961,0.0978,0.0344,0.3050,0.3117,1.1578,0.4304,13.8674,-1.0839
109.892,0.3567,0.4883,0.0828,0.0344,0.3050,0.3010,1.1428,0.4304,13.8674,-1.0839
109.987,0.3567,0.4883,0.0828,0.0245,0.3118,0.3089,1.1428,0.4205,13.8773,-1.0843
109.989,0.3700,0.4911,0.0828,0.0320,0.3118,0.3089,1.1428,0.4280,13.8773,-1.0843
109.993,0.3659,0.4911,0.0959,0.0320,0.3139,0.3089,1.1559,0.4280,13.8773,-1.0843
109.995,0.3659,0.4834,0.0804,0.0320,0.3139,0.2982,1.1404,0.4280,13.8773,-1.0843
110.095,0.3659,0.4834,0.0804,0.0320,0.3139,0.2982,1.1404,0.4280,13.8773,-1.0843
110.161,0.3659,0.4834,0.0804,0.0221,0.3206,0.3061,1.1404,0.4181,13.8873,-1.0847
110.171,0.3761,0.4836,0.0804,0.0265,0.3206,0.3061,1.1404,0.4225,13.8873,-1.0847
110.171,0.3717,0.4836,0.0938,0.0265,0.3225,0.3061,1.1538,0.4225,13.8873,-1.0847
110.172,0.3717,0.4747,0.0772,0.0265,0.3225,0.2941,1.1372,0.4225,13.8873,-1.0847
110.244,0.3717,0.4747,0.0772,0.0165,0.3292,0.3022,1.1372,0.4125,13.8972,-1.0851
110.244,0.3778,0.4706,0.0772,0.0163,0.3292,0.3022,1.1372,0.4123,13.8972,-1.0851
110.245,0.3733,0.4706,0.0910,0.0163,0.3310,0.3022,1.1510,0.4123,13.8972,-1.0851
110.245,0.3733,0.4594,0.0733,0.0163,0.3310,0.2879,1.1333,0.4123,13.8972,-1.0851
110.310,0.3733,0.4594,0.0733,0.0064,0.3376,0.2961,1.1333,0.4024,13.9072,-1.0855
110.311,0.3752,0.4501,0.0733,0.0010,0.3376,0.2961,1.1333,0.3970,13.9072,-1.0855
110.311,0.3706,0.4501,0.0875,0.0010,0.3395,0.2961,1.1475,0.3970,13.9072,-1.0855
110.314,0.3706,0.4368,0.0697,0.0010,0.3395,0.2800,1.1297,0.3970,13.9072,-1.0855
110.390,0.3706,0.4368,0.0697,-0.0089,0.3460,0.2883,1.1297,0.3871,13.9171,-1.0859
110.391,0.3713,0.4259,0.0697,-0.0159,0.3460,0.2883,1.1297,0.3801,13.9171,-1.0859
110.394,0.3669,0.4259,0.0839,-0.0159,0.3479,0.2883,1.1439,0.3801,13.9171,-1.0859
110.394,0.3669,0.4117,0.0670,-0.0159,0.3479,0.2717,1.1270,0.3801,13.9171,-1.0859
110.487,0.3669,0.4117,0.0670,-0.0259,0.3544,0.2800,1.1270,0.3701,13.9271,-1.0864
110.488,0.3702,0.4036,0.0670,-0.0299,0.3544,0.2800,1.1270,0.3661,13.9271,-1.0864
110.488,0.3660,0.4036,0.0810,-0.0299,0.3563,0.2800,1.1410,0.3661,13.9271,-1.0864
110.490,0.3660,0.3899,0.0655,-0.0299,0.3563,0.2642,1.1255,0.3661,13.9271,-1.0864
110.580,0.3660,0.3899,0.0655,-0.0398,0.3628,0.2725,1.1255,0.3562,13.9370,-1.0868
110.581,0.3725,0.3847,0.0655,-0.0406,0.3628,0.2725,1.1255,0.3554,13.9370,-1.0868
110.582,0.3686,0.3847,0.0792,-0.0406,0.3648,0.2725,1.1392,0.3554,13.9370,-1.0868
110.582,0.3686,0.3718,0.0647,-0.0406,0.3648,0.2576,1.1247,0.3554,13.9370,-1.0868
110.683,0.3686,0.3718,0.0647,-0.0406,0.3648,0.2576,1.1247,0.3554,13.9370,-1.0868
110.693,0.3686,0.3718,0.0647,-0.0505,0.3711,0.2660,1.1247,0.3455,13.9470,-1.0872
110.695,0.3747,0.3657,0.0647,-0.0519,0.3711,0.2660,1.1247,0.3441,13.9470,-1.0872
110.698,0.3709,0.3657,0.0785,-0.0519,0.3732,0.2660,1.1385,0.3441,13.9470,-1.0872
110.699,0.3709,0.3530,0.0643,-0.0519,0.3732,0.2514,1.1243,0.3441,13.9470,-1.0872
110.795,0.3709,0.3530,0.0643,-0.0619,0.3795,0.2598,1.1243,0.3341,13.9569,-1.0876
110.796,0.3732,0.3436,0.0643,-0.0671,0.3795,0.2598,1.1243,0.3289,13.9569,-1.0876
110.797,0.3697,0.3436,0.0782,-0.0671,0.3816,0.2598,1.1382,0.3289,13.9569,-1.0876
110.798,0.3697,0.3307,0.0638,-0.0671,0.3816,0.2449,1.1238,0.3289,13.9569,-1.0876
110.885,0.3697,0.3307,0.0638,-0.0770,0.3878,0.2535,1.1238,0.3190,13.9669,-1.0880
110.894,0.3688,0.3192,0.0638,-0.0850,0.3878,0.2535,1.1238,0.3110,13.9669,-1.0880
110.895,0.3654,0.3192,0.0777,-0.0850,0.3901,0.2535,1.1377,0.3110,13.9669,-1.0880
110.897,0.3654,0.3061,0.0634,-0.0850,0.3901,0.2384,1.1234,0.3110,13.9669,-1.0880
110.985,0.3654,0.3061,0.0634,-0.0949,0.3962,0.2470,1.1234,0.3011,13.9769,-1.0884
110.987,0.3644,0.2955,0.0634,-0.1023,0.3962,0.2470,1.1234,0.2937,13.9769,-1.0884
110.989,0.3613,0.2955,0.0772,-0.1023,0.3985,0.2470,1.1372,0.2937,13.9769,-1.0884
110.990,0.3613,0.2825,0.0634,-0.1023,0.3985,0.2320,1.1234,0.2937,13.9769,-1.0884
111.084,0.3613,0.2825,0.0634,-0.1122,0.4046,0.2407,1.1234,0.2838,13.9868,-1.0888
111.086,0.3650,0.2773,0.0634,-0.1139,0.4046,0.2407,1.1234,0.2821,13.9868,-1.0888
111.088,0.3621,0.2773,0.0772,-0.1139,0.4069,0.2407,1.1372,0.2821,13.9868,-1.0888
111.090,0.3621,0.2643,0.0639,-0.1139,0.4069,0.2259,1.1239,0.2821,13.9868,-1.0888
111.190,0.3621,0.2643,0.0639,-0.1139,0.4069,0.2259,1.1239,0.2821,13.9868,-1.0888
111.204,0.3621,0.2643,0.0639,-0.1238,0.4130,0.2346,1.1239,0.2722,13.9968,-1.0893
111.205,0.3728,0.2667,0.0639,-0.1174,0.4130,0.2346,1.1239,0.2786,13.9968,-1.0893
111.205,0.3701,0.2667,0.0778,-0.1174,0.4155,0.2346,1.1378,0.2786,13.9968,-1.0893
111.205,0.3701,0.2535,0.0644,-0.1174,0.4155,0.2196,1.1244,0.2786,13.9968,-1.0893
111.307,0.3701,0.2535,0.0644,-0.1273,0.4214,0.2283,1.1244,0.2687,14.0067,-1.0897
111.308,0.3853,0.2618,0.0644,-0.1150,0.4214,0.2283,1.1244,0.2810,14.0067,-1.0897
111.308,0.3828,0.2618,0.0785,-0.1150,0.4241,0.2283,1.1385,0.2810,14.0067,-1.0897
111.308,0.3828,0.2482,0.0647,-0.1150,0.4241,0.2128,1.1247,0.2810,14.0067,-1.0897
111.308,0.3828,0.2482,0.0647,-0.1150,0.4241,0.2128,1.1247,0.2810,14.0067,-1.0897
111.409,0.3828,0.2482,0.0647,-0.1150,0.4241,0.2128,1.1247,0.2810,14.0067,-1.0897
111.420,0.3828,0.2482,0.0647,-0.1249,0.4301,0.2215,1.1247,0.2711,14.0167,-1.0901
111.421,0.3999,0.2598,0.0647,-0.1095,0.4301,0.2215,1.1247,0.2865,14.0167,-1.0901
111.422,0.3975,0.2598,0.0791,-0.1095,0.4330,0.2215,1.1391,0.2865,14.0167,-1.0901
111.422,0.3975,0.2456,0.0647,-0.1095,0.4330,0.2053,1.1247,0.2865,14.0167,-1.0901
111.498,0.3975,0.2456,0.0647,-0.1194,0.4388,0.2142,1.1247,0.2766,14.0266,-1.0905
111.499,0.4121,0.2551,0.0647,-0.1066,0.4388,0.2142,1.1247,0.2894,14.0266,-1.0905
111.499,0.4099,0.2551,0.0792,-0.1066,0.4419,0.2142,1.1392,0.2894,14.0266,-1.0905
111.500,0.4099,0.2406,0.0646,-0.1066,0.4419,0.1975,1.1246,0.2894,14.0266,-1.0905
111.588,0.4099,0.2406,0.0646,-0.1164,0.4477,0.2064,1.1246,0.2796,14.0366,-1.0909
111.589,0.4206,0.2459,0.0646,-0.1082,0.4477,0.2064,1.1246,0.2878,14.0366,-1.0909
111.590,0.4186,0.2459,0.0791,-0.1082,0.4509,0.2064,1.1391,0.2878,14.0366,-1.0909
111.591,0.4186,0.2315,0.0644,-0.1082,0.4509,0.1898,1.1244,0.2878,14.0366,-1.0909
111.682,0.4186,0.2315,0.0644,-0.1180,0.4566,0.1987,1.1244,0.2780,14.0465,-1.0913
111.684,0.4283,0.2368,0.0644,-0.1101,0.4566,0.1987,1.1244,0.2859,14.0465,-1.0913
111.686,0.4263,0.2368,0.0789,-0.1101,0.4599,0.1987,1.1389,0.2859,14.0465,-1.0913
111.687,0.4263,0.2225,0.0643,-0.1101,0.4599,0.1823,1.1243,0.2859,14.0465,-1.0913
111.782,0.4263,0.2225,0.0643,-0.1200,0.4656,0.1912,1.1243,0.2760,14.0565,-1.0917
111.783,0.4411,0.2357,0.0643,-0.1047,0.4656,0.1912,1.1243,0.2913,14.0565,-1.0917
111.784,0.4391,0.2357,0.0788,-0.1047,0.4688,0.1912,1.1388,0.2913,14.0565,-1.0917
111.784,0.4391,0.2215,0.0641,-0.1047,0.4688,0.1747,1.1241,0.2913,14.0565,-1.0917
111.885,0.4391,0.2215,0.0641,-0.1047,0.4688,0.1747,1.1241,0.2913,14.0565,-1.0917
111.894,0.4391,0.2215,0.0641,-0.1145,0.4744,0.1837,1.1241,0.2815,14.0664,-1.0921
111.900,0.4575,0.2409,0.0641,-0.0936,0.4744,0.1837,1.1241,0.3024,14.0664,-1.0921
111.900,0.4555,0.2409,0.0785,-0.0936,0.4777,0.1837,1.1385,0.3024,14.0664,-1.0921
111.900,0.4555,0.2267,0.0637,-0.0936,0.4777,0.1671,1.1237,0.3024,14.0664,-1.0921
112.000,0.4555,0.2267,0.0637,-0.1034,0.4833,0.1762,1.1237,0.2926,14.0764,-1.0925
112.001,0.4725,0.2445,0.0637,-0.0842,0.4833,0.1762,1.1237,0.3118,14.0764,-1.0925
112.002,0.4705,0.2445,0.0782,-0.0842,0.4866,0.1762,1.1382,0.3118,14.0764,-1.0925
112.013,0.4705,0.2304,0.0635,-0.0842,0.4866,0.1597,1.1235,0.3118,14.0764,-1.0925
112.087,0.4705,0.2304,0.0635,-0.0941,0.4921,0.1688,1.1235,0.3019,14.0864,-1.0929
112.088,0.4854,0.2438,0.0635,-0.0787,0.4921,0.1688,1.1235,0.3173,14.0864,-1.0929
112.090,0.4835,0.2438,0.0779,-0.0787,0.4956,0.1688,1.1379,0.3173,14.0864,-1.0929
112.093,0.4835,0.2299,0.0633,-0.0787,0.4956,0.1526,1.1233,0.3173,14.0864,-1.0929
112.193,0.4835,0.2299,0.0633,-0.0787,0.4956,0.1526,1.1233,0.3173,14.0864,-1.0929
112.200,0.4835,0.2299,0.0633,-0.0885,0.5011,0.1617,1.1233,0.3075,14.0963,-1.0933
112.206,0.4979,0.2411,0.0633,-0.0749,0.5011,0.1617,1.1233,0.3211,14.0963,-1.0933
112.210,0.4963,0.2411,0.0778,-0.0749,0.5048,0.1617,1.1378,0.3211,14.0963,-1.0933
112.210,0.4963,0.2274,0.0634,-0.0749,0.5048,0.1457,1.1234,0.3211,14.0963,-1.0933
112.290,0.4963,0.2274,0.0634,-0.0847,0.5102,0.1548,1.1234,0.3113,14.1063,-1.0937
112.291,0.5111,0.2396,0.0634,-0.0702,0.5102,0.1548,1.1234,0.3258,14.1063,-1.0937
112.292,0.5098,0.2396,0.0780,-0.0702,0.5142,0.1548,1.1380,0.3258,14.1063,-1.0937
112.293,0.5098,0.2261,0.0636,-0.0702,0.5142,0.1389,1.1236,0.3258,14.1063,-1.0937
112.393,0.5098,0.2261,0.0636,-0.0702,0.5142,0.1389,1.1236,0.3258,14.1063,-1.0937
112.397,0.5098,0.2261,0.0636,-0.0800,0.5195,0.1481,1.1236,0.3160,14.1162,-1.0942
112.400,0.5248,0.2397,0.0636,-0.0645,0.5195,0.1481,1.1236,0.3315,14.1162,-1.0942
112.401,0.5236,0.2397,0.0782,-0.0645,0.5237,0.1481,1.1382,0.3315,14.1162,-1.0942
112.403,0.5236,0.2262,0.0637,-0.0645,0.5237,0.1322,1.1237,0.3315,14.1162,-1.0942
112.502,0.5236,0.2262,0.0637,-0.0743,0.5289,0.1415,1.1237,0.3217,14.1262,-1.0945
112.503,0.5386,0.2402,0.0637,-0.0586,0.5289,0.1415,1.1237,0.3374,14.1262,-1.0945
112.503,0.5376,0.2402,0.0784,-0.0586,0.5333,0.1415,1.1384,0.3374,14.1262,-1.0945
112.504,0.5376,0.2267,0.0639,-0.0586,0.5333,0.1255,1.1239,0.3374,14.1262,-1.0945
112.594,0.5376,0.2267,0.0639,-0.0684,0.5385,0.1348,1.1239,0.3276,14.1361,-1.0949
112.595,0.5533,0.2400,0.0639,-0.0529,0.5385,0.1348,1.1239,0.3431,14.1361,-1.0949
112.596,0.5524,0.2400,0.0786,-0.0529,0.5430,0.1348,1.1386,0.3431,14.1361,-1.0949
112.597,0.5524,0.2266,0.0640,-0.0529,0.5430,0.1188,1.1240,0.3431,14.1361,-1.0949
112.682,0.5524,0.2266,0.0640,-0.0626,0.5481,0.1281,1.1240,0.3334,14.1461,-1.0953
112.683,0.5697,0.2393,0.0640,-0.0468,0.5481,0.1281,1.1240,0.3492,14.1461,-1.0953
112.683,0.5690,0.2393,0.0788,-0.0468,0.5528,0.1281,1.1388,0.3492,14.1461,-1.0953
112.684,0.5690,0.2261,0.0642,-0.0468,0.5528,0.1122,1.1242,0.3492,14.1461,-1.0953
112.789,0.5690,0.2261,0.0642,-0.0468,0.5528,0.1122,1.1242,0.3492,14.1461,-1.0953
112.801,0.5690,0.2261,0.0642,-0.0565,0.5579,0.1216,1.1242,0.3395,14.1560,-1.0958
112.803,0.5877,0.2390,0.0642,-0.0401,0.5579,0.1216,1.1242,0.3559,14.1560,-1.0958
112.804,0.5873,0.2390,0.0791,-0.0401,0.5627,0.1216,1.1391,0.3559,14.1560,-1.0958
112.804,0.5873,0.2259,0.0644,-0.0401,0.5627,0.1058,1.1244,0.3559,14.1560,-1.0958
112.905,0.5873,0.2259,0.0644,-0.0401,0.5627,0.1058,1.1244,0.3559,14.1560,-1.0958
112.906,0.5873,0.2259,0.0644,-0.0498,0.5678,0.1153,1.1244,0.3462,14.1660,-1.0962
112.908,0.6057,0.2399,0.0644,-0.0327,0.5678,0.1153,1.1244,0.3633,14.1660,-1.0962
112.909,0.6054,0.2399,0.0794,-0.0327,0.5728,0.1153,1.1394,0.3633,14.1660,-1.0962
112.913,0.6054,0.2271,0.0646,-0.0327,0.5728,0.0996,1.1246,0.3633,14.1660,-1.0962
112.999,0.6054,0.2271,0.0646,-0.0424,0.5778,0.1091,1.1246,0.3536,14.1759,-1.0966
113.000,0.6231,0.2422,0.0646,-0.0249,0.5778,0.1091,1.1246,0.3711,14.1759,-1.0966
113.000,0.6229,0.2422,0.0797,-0.0249,0.5830,0.1091,1.1397,0.3711,14.1759,-1.0966
113.001,0.6229,0.2296,0.0649,-0.0249,0.5830,0.0935,1.1249,0.3711,14.1759,-1.0966
113.082,0.6229,0.2296,0.0649,-0.0346,0.5879,0.1030,1.1249,0.3614,14.1859,-1.0970
113.082,0.6402,0.2458,0.0649,-0.0166,0.5879,0.1030,1.1249,0.3794,14.1859,-1.0970
113.083,0.6402,0.2458,0.0801,-0.0166,0.5932,0.1030,1.1401,0.3794,14.1859,-1.0970
113.083,0.6402,0.2332,0.0652,-0.0166,0.5932,0.0875,1.1252,0.3794,14.1859,-1.0970
113.183,0.6402,0.2332,0.0652,-0.0166,0.5932,0.0875,1.1252,0.3794,14.1859,-1.0970
113.189,0.6402,0.2332,0.0652,-0.0262,0.5981,0.0971,1.1252,0.3698,14.1958,-1.0974
113.190,0.6580,0.2503,0.0652,-0.0074,0.5981,0.0971,1.1252,0.3886,14.1958,-1.0974
113.192,0.6582,0.2503,0.0804,-0.0074,0.6036,0.0971,1.1404,0.3886,14.1958,-1.0974
113.193,0.6582,0.2380,0.0654,-0.0074,0.6036,0.0817,1.1254,0.3886,14.1958,-1.0974
113.293,0.6582,0.2380,0.0654,-0.0170,0.6084,0.0913,1.1254,0.3790,14.2058,-1.0978
113.294,0.6770,0.2553,0.0654,0.0023,0.6084,0.0913,1.1254,0.3983,14.2058,-1.0978
113.295,0.6773,0.2553,0.0806,0.0023,0.6141,0.0913,1.1406,0.3983,14.2058,-1.0978
113.297,0.6773,0.2432,0.0657,0.0023,0.6141,0.0761,1.1257,0.3983,14.2058,-1.0978
113.387,0.6773,0.2432,0.0657,-0.0073,0.6188,0.0857,1.1257,0.3887,14.2157,-1.0982
113.388,0.6962,0.2605,0.0657,0.0120,0.6188,0.0857,1.1257,0.4080,14.2157,-1.0982
113.390,0.6966,0.2605,0.0809,0.0120,0.6246,0.0857,1.1409,0.4080,14.2157,-1.0982
113.392,0.6966,0.2485,0.0658,0.0120,0.6246,0.0706,1.1258,0.4080,14.2157,-1.0982
113.488,0.6966,0.2485,0.0658,0.0024,0.6293,0.0802,1.1258,0.3984,14.2257,-1.0986
113.489,0.7134,0.2657,0.0658,0.0207,0.6293,0.0802,1.1258,0.4167,14.2257,-1.0986
113.490,0.7139,0.2657,0.0810,0.0207,0.6351,0.0802,1.1410,0.4167,14.2257,-1.0986
113.491,0.7139,0.2538,0.0658,0.0207,0.6351,0.0651,1.1258,0.4167,14.2257,-1.0986
113.586,0.7139,0.2538,0.0658,0.0112,0.6397,0.0748,1.1258,0.4072,14.2357,-1.0990
113.587,0.7264,0.2704,0.0658,0.0275,0.6397,0.0748,1.1258,0.4235,14.2357,-1.0990
113.588,0.7270,0.2704,0.0811,0.0275,0.6457,0.0748,1.1411,0.4235,14.2357,-1.0990
113.588,0.7270,0.2585,0.0658,0.0275,0.6457,0.0598,1.1258,0.4235,14.2357,-1.0990
113.689,0.7270,0.2585,0.0658,0.0275,0.6457,0.0598,1.1258,0.4235,14.2357,-1.0990
113.693,0.7270,0.2585,0.0658,0.0179,0.6503,0.0695,1.1258,0.4139,14.2456,-1.0994
113.695,0.7365,0.2745,0.0658,0.0326,0.6503,0.0695,1.1258,0.4286,14.2456,-1.0994
113.695,0.7373,0.2745,0.0811,0.0326,0.6565,0.0695,1.1411,0.4286,14.2456,-1.0994
113.696,0.7373,0.2627,0.0659,0.0326,0.6565,0.0545,1.1259,0.4286,14.2456,-1.0994
113.783,0.7373,0.2627,0.0659,0.0231,0.6610,0.0643,1.1259,0.4191,14.2556,-1.0998
113.785,0.7465,0.2784,0.0659,0.0376,0.6610,0.0643,1.1259,0.4336,14.2556,-1.0998
113.785,0.7475,0.2784,0.0813,0.0376,0.6675,0.0643,1.1413,0.4336,14.2556,-1.0998
113.785,0.7475,0.2667,0.0659,0.0376,0.6675,0.0495,1.1259,0.4336,14.2556,-1.0998
113.887,0.7475,0.2667,0.0659,0.0376,0.6675,0.0495,1.1259,0.4336,14.2556,-1.0998
113.888,0.7475,0.2667,0.0659,0.0280,0.6720,0.0592,1.1259,0.4240,14.2655,-1.1002
113.889,0.7568,0.2825,0.0659,0.0427,0.6720,0.0592,1.1259,0.4387,14.2655,-1.1002
113.893,0.7579,0.2825,0.0814,0.0427,0.6785,0.0592,1.1414,0.4387,14.2655,-1.1002
113.894,0.7579,0.2708,0.0660,0.0427,0.6785,0.0445,1.1260,0.4387,14.2655,-1.1002
113.994,0.7579,0.2708,0.0660,0.0427,0.6785,0.0445,1.1260,0.4387,14.2655,-1.1002
113.999,0.7579,0.2708,0.0660,0.0331,0.6830,0.0543,1.1260,0.4291,14.2755,-1.1006
114.004,0.7661,0.2863,0.0660,0.0473,0.6830,0.0543,1.1260,0.4433,14.2755,-1.1006
114.006,0.7672,0.2863,0.0815,0.0473,0.6896,0.0543,1.1415,0.4433,14.2755,-1.1006
114.008,0.7672,0.2746,0.0660,0.0473,0.6896,0.0396,1.1260,0.4356,14.2755,-1.1006
114.101,0.7672,0.2746,0.0660,0.0377,0.6940,0.0494,1.1260,0.4337,14.2854,-1.1010
114.101,0.7725,0.2889,0.0660,0.0500,0.6940,0.0494,1.1260,0.4454,14.2854,-1.1010
114.102,0.7736,0.2889,0.0815,0.0500,0.7008,0.0494,1.1415,0.4454,14.2854,-1.1010
114.102,0.7736,0.2770,0.0659,0.0500,0.7008,0.0347,1.1259,0.4307,14.2854,-1.1010
114.195,0.7736,0.2770,0.0659,0.0404,0.7051,0.0446,1.1259,0.4364,14.2954,-1.1014
114.197,0.7760,0.2896,0.0659,0.0508,0.7051,0.0446,1.1259,0.4406,14.2954,-1.1014
114.197,0.7772,0.2896,0.0815,0.0508,0.7120,0.0446,1.1415,0.4406,14.2954,-1.1014
114.200,0.7772,0.2778,0.0659,0.0508,0.7120,0.0301,1.1259,0.4261,14.2954,-1.1014
114.285,0.7772,0.2778,0.0659,0.0411,0.7163,0.0399,1.1259,0.4359,14.3053,-1.1018
114.286,0.7783,0.2894,0.0659,0.0505,0.7163,0.0399,1.1259,0.4359,14.3053,-1.1018
114.286,0.7796,0.2894,0.0817,0.0505,0.7235,0.0399,1.1417,0.4359,14.3053,-1.1018
114.286,0.7796,0.2778,0.0661,0.0505,0.7235,0.0257,1.1261,0.4218,14.3053,-1.1018
114.382,0.7796,0.2778,0.0661,0.0408,0.7277,0.0356,1.1261,0.4316,14.3153,-1.1022
114.383,0.7813,0.2895,0.0661,0.0506,0.7277,0.0356,1.1261,0.4316,14.3153,-1.1022
114.383,0.7827,0.2895,0.0819,0.0506,0.7351,0.0356,1.1419,0.4316,14.3153,-1.1022
114.384,0.7827,0.2781,0.0664,0.0506,0.7351,0.0218,1.1264,0.4178,14.3153,-1.1022
114.484,0.7827,0.2781,0.0664,0.0506,0.7351,0.0218,1.1264,0.4178,14.3153,-1.1022
114.489,0.7827,0.2781,0.0664,0.0409,0.7393,0.0317,1.1264,0.4277,14.3252,-1.1027
114.490,0.7854,0.2907,0.0664,0.0517,0.7393,0.0317,1.1264,0.4277,14.3252,-1.1027
114.490,0.7867,0.2907,0.0820,0.0517,0.7466,0.0317,1.1420,0.4277,14.3252,-1.1027
114.490,0.7867,0.2794,0.0665,0.0517,0.7466,0.0182,1.1265,0.4142,14.3252,-1.1027
114.591,0.7867,0.2794,0.0665,0.0517,0.7466,0.0182,1.1265,0.4142,14.3252,-1.1027
114.592,0.7867,0.2794,0.0665,0.0420,0.7507,0.0281,1.1265,0.4241,14.3352,-1.1031
114.594,0.7893,0.2920,0.0665,0.0529,0.7507,0.0281,1.1265,0.4241,14.3352,-1.1031
114.596,0.7905,0.2920,0.0821,0.0529,0.7580,0.0281,1.1421,0.4241,14.3352,-1.1031
114.596,0.7905,0.2809,0.0665,0.0529,0.7580,0.0149,1.1265,0.4109,14.3352,-1.1031
114.686,0.7905,0.2809,0.0665,0.0432,0.7621,0.0248,1.1265,0.4208,14.3451,-1.1035
114.687,0.7918,0.2926,0.0665,0.0533,0.7621,0.0248,1.1265,0.4208,14.3451,-1.1035
114.687,0.7930,0.2926,0.0822,0.0533,0.7695,0.0248,1.1422,0.4208,14.3451,-1.1035
114.692,0.7930,0.2815,0.0666,0.0533,0.7695,0.0118,1.1266,0.4078,14.3451,-1.1035
114.787,0.7930,0.2815,0.0666,0.0435,0.7735,0.0218,1.1266,0.4178,14.3551,-1.1039
114.787,0.7935,0.2925,0.0666,0.0531,0.7735,0.0218,1.1266,0.4178,14.3551,-1.1039
114.788,0.7950,0.2925,0.0824,0.0531,0.7812,0.0218,1.1424,0.4178,14.3551,-1.1039
114.788,0.7950,0.2816,0.0668,0.0531,0.7812,0.0090,1.1268,0.4051,14.3551,-1.1039
114.889,0.7950,0.2816,0.0668,0.0531,0.7812,0.0090,1.1268,0.4051,14.3551,-1.1039
114.893,0.7950,0.2816,0.0668,0.0433,0.7852,0.0190,1.1268,0.4150,14.3651,-1.1043
114.895,0.7957,0.2928,0.0668,0.0531,0.7852,0.0190,1.1268,0.4150,14.3651,-1.1043
114.896,0.7973,0.2928,0.0827,0.0531,0.7930,0.0190,1.1427,0.4150,14.3651,-1.1043
114.898,0.7973,0.2819,0.0670,0.0531,0.7930,0.0066,1.1270,0.4026,14.3651,-1.1043
114.987,0.7973,0.2819,0.0670,0.0433,0.7970,0.0165,1.1270,0.4125,14.3750,-1.1047
114.987,0.7979,0.2932,0.0670,0.0534,0.7970,0.0165,1.1270,0.4125,14.3750,-1.1047
114.988,0.7995,0.2932,0.0829,0.0534,0.8049,0.0165,1.1429,0.4125,14.3750,-1.1047
114.989,0.7995,0.2823,0.0671,0.0534,0.8049,0.0042,1.1271,0.4002,14.3750,-1.1047
115.089,0.7995,0.2823,0.0671,0.0534,0.8049,0.0042,1.1271,0.4002,14.3750,-1.1047
115.094,0.7995,0.2823,0.0671,0.0436,0.8088,0.0142,1.1271,0.4102,14.3850,-1.1051
115.095,0.7992,0.2930,0.0671,0.0533,0.8088,0.0142,1.1271,0.4102,14.3850,-1.1051
115.097,0.8008,0.2930,0.0829,0.0533,0.8168,0.0142,1.1429,0.4102,14.3850,-1.1051
115.099,0.8008,0.2819,0.0670,0.0533,0.8168,0.0018,1.1270,0.3978,14.3850,-1.1051
115.187,0.8008,0.2819,0.0670,0.0434,0.8206,0.0118,1.1270,0.4078,14.3949,-1.1055
115.189,0.7993,0.2920,0.0670,0.0526,0.8206,0.0118,1.1270,0.4078,14.3949,-1.1055
115.192,0.8011,0.2920,0.0830,0.0526,0.8288,0.0118,1.1430,0.4078,14.3949,-1.1055
115.193,0.8011,0.2807,0.0670,0.0526,0.8288,-0.0006,1.1270,0.3955,14.3949,-1.1055
115.293,0.8011,0.2807,0.0670,0.0427,0.8326,0.0094,1.1270,0.4054,14.4049,-1.1059
115.295,0.7987,0.2901,0.0670,0.0514,0.8326,0.0094,1.1270,0.4054,14.4049,-1.1059
115.297,0.8006,0.2901,0.0831,0.0514,0.8411,0.0094,1.1431,0.4054,14.4049,-1.1059
115.299,0.8006,0.2786,0.0671,0.0514,0.8411,-0.0029,1.1271,0.3931,14.4049,-1.1059
115.390,0.8006,0.2786,0.0671,0.0415,0.8449,0.0070,1.1271,0.4031,14.4148,-1.1063
115.392,0.7978,0.2875,0.0671,0.0498,0.8449,0.0070,1.1271,0.4031,14.4148,-1.1063
115.394,0.7999,0.2875,0.0833,0.0498,0.8535,0.0070,1.1433,0.4031,14.4148,-1.1063
115.394,0.7999,0.2758,0.0673,0.0498,0.8535,-0.0051,1.1273,0.3909,14.4148,-1.1063
115.487,0.7999,0.2758,0.0673,0.0399,0.8572,0.0048,1.1273,0.4008,14.4248,-1.1067
115.489,0.7958,0.2831,0.0673,0.0468,0.8572,0.0048,1.1273,0.4008,14.4248,-1.1067
115.491,0.7978,0.2831,0.0834,0.0468,0.8659,0.0048,1.1434,0.4008,14.4248,-1.1067
115.493,0.7978,0.2715,0.0673,0.0468,0.8659,-0.0071,1.1273,0.3890,14.4248,-1.1067
115.589,0.7978,0.2715,0.0673,0.0369,0.8696,0.0029,1.1273,0.3989,14.4347,-1.1071
115.591,0.7917,0.2766,0.0673,0.0418,0.8696,0.0029,1.1273,0.3989,14.4347,-1.1071
115.594,0.7938,0.2766,0.0835,0.0418,0.8783,0.0029,1.1435,0.3989,14.4347,-1.1071
115.595,0.7938,0.2652,0.0673,0.0418,0.8783,-0.0086,1.1273,0.3874,14.4347,-1.1071
115.682,0.7938,0.2652,0.0673,0.0319,0.8819,0.0013,1.1273,0.3973,14.4447,-1.1076
115.685,0.7867,0.2691,0.0673,0.0359,0.8819,0.0013,1.1273,0.3973,14.4447,-1.1076
115.687,0.7887,0.2691,0.0835,0.0359,0.8908,0.0013,1.1435,0.3973,14.4447,-1.1076
115.689,0.7887,0.2577,0.0674,0.0359,0.8908,-0.0099,1.1274,0.3861,14.4447,-1.1076
115.790,0.7887,0.2577,0.0674,0.0359,0.8908,-0.0099,1.1274,0.3861,14.4447,-1.1076
115.796,0.7887,0.2577,0.0674,0.0259,0.8944,-0.0000,1.1274,0.3960,14.4546,-1.1080
115.798,0.7807,0.2609,0.0674,0.0295,0.8944,-0.0000,1.1274,0.3960,14.4546,-1.1080
115.799,0.7828,0.2609,0.0835,0.0295,0.9032,-0.0000,1.1435,0.3960,14.4546,-1.1080
115.800,0.7828,0.2496,0.0674,0.0295,0.9032,-0.0109,1.1274,0.3851,14.4546,-1.1080
115.897,0.7828,0.2496,0.0674,0.0195,0.9068,-0.0010,1.1274,0.3950,14.4646,-1.1084
115.898,0.7730,0.2508,0.0674,0.0213,0.9068,-0.0010,1.1274,0.3950,14.4646,-1.1084
115.898,0.7750,0.2508,0.0835,0.0213,0.9156,-0.0010,1.1435,0.3950,14.4646,-1.1084
115.899,0.7750,0.2396,0.0674,0.0213,0.9156,-0.0115,1.1274,0.3845,14.4646,-1.1084
116.003,0.7750,0.2396,0.0674,0.0213,0.9156,-0.0115,1.1274,0.3845,14.4646,-1.1084
116.011,0.7750,0.2396,0.0674,0.0113,0.9191,-0.0017,1.1274,0.3944,14.4745,-1.1087
116.013,0.7629,0.2376,0.0674,0.0102,0.9191,-0.0017,1.1274,0.3944,14.4745,-1.1087
116.013,0.7648,0.2376,0.0833,0.0102,0.9278,-0.0017,1.1433,0.3944,14.4745,-1.1087
116.013,0.7648,0.2266,0.0672,0.0102,0.9278,-0.0117,1.1272,0.3843,14.4745,-1.1087
116.099,0.7648,0.2266,0.0672,0.0003,0.9312,-0.0019,1.1272,0.3942,14.4845,-1.1091
116.099,0.7517,0.2224,0.0672,-0.0028,0.9312,-0.0019,1.1272,0.3932,14.4845,-1.1091
116.101,0.7537,0.2224,0.0832,-0.0028,0.9400,-0.0019,1.1432,0.3932,14.4845,-1.1091
116.101,0.7537,0.2115,0.0671,-0.0028,0.9400,-0.0115,1.1271,0.3845,14.4845,-1.1091
116.202,0.7537,0.2115,0.0671,-0.0028,0.9400,-0.0115,1.1271,0.3845,14.4845,-1.1091
116.203,0.7537,0.2115,0.0671,-0.0128,0.9434,-0.0017,1.1271,0.3832,14.4945,-1.1096
116.205,0.7414,0.2074,0.0671,-0.0156,0.9434,-0.0017,1.1271,0.3804,14.4945,-1.1096
116.206,0.7436,0.2074,0.0831,-0.0156,0.9524,-0.0017,1.1431,0.3804,14.4945,-1.1096
116.207,0.7436,0.1964,0.0669,-0.0156,0.9524,-0.0112,1.1269,0.3804,14.4945,-1.1096
116.304,0.7436,0.1964,0.0669,-0.0256,0.9558,-0.0014,1.1269,0.3704,14.5044,-1.1100
116.306,0.7321,0.1929,0.0669,-0.0277,0.9558,-0.0014,1.1269,0.3683,14.5044,-1.1100
116.307,0.7346,0.1929,0.0831,-0.0277,0.9650,-0.0014,1.1431,0.3683,14.5044,-1.1100
116.309,0.7346,0.1818,0.0668,-0.0277,0.9650,-0.0107,1.1268,0.3683,14.5044,-1.1100
116.403,0.7346,0.1818,0.0668,-0.0376,0.9684,-0.0010,1.1268,0.3584,14.5143,-1.1104
116.406,0.7233,0.1779,0.0668,-0.0399,0.9684,-0.0010,1.1268,0.3561,14.5143,-1.1104
116.407,0.7261,0.1779,0.0831,-0.0399,0.9778,-0.0010,1.1431,0.3561,14.5143,-1.1104
116.409,0.7261,0.1667,0.0668,-0.0399,0.9778,-0.0101,1.1268,0.3561,14.5143,-1.1104
116.509,0.7261,0.1667,0.0668,-0.0399,0.9778,-0.0101,1.1268,0.3561,14.5143,-1.1104
116.511,0.7261,0.1667,0.0668,-0.0499,0.9811,-0.0004,1.1268,0.3461,14.5243,-1.1108
116.512,0.7135,0.1603,0.0668,-0.0547,0.9811,-0.0004,1.1268,0.3413,14.5243,-1.1108
116.514,0.7165,0.1603,0.0832,-0.0547,0.9907,-0.0004,1.1432,0.3413,14.5243,-1.1108
116.515,0.7165,0.1491,0.0668,-0.0547,0.9907,-0.0093,1.1268,0.3413,14.5243,-1.1108
116.615,0.7165,0.1491,0.0668,-0.0547,0.9907,-0.0093,1.1268,0.3413,14.5243,-1.1108
116.638,0.7165,0.1491,0.0668,-0.0646,0.9940,0.0004,1.1268,0.3314,14.5343,-1.1112
116.639,0.7025,0.1399,0.0668,-0.0720,0.9940,0.0004,1.1268,0.3240,14.5343,-1.1112
116.640,0.7056,0.1399,0.0833,-0.0720,1.0036,0.0004,1.1433,0.3240,14.5343,-1.1112
116.641,0.7056,0.1287,0.0668,-0.0720,1.0036,-0.0082,1.1268,0.3240,14.5343,-1.1112
116.741,0.7056,0.1287,0.0668,-0.0720,1.0036,-0.0082,1.1268,0.3240,14.5343,-1.1112
116.742,0.7056,0.1287,0.0668,-0.0819,1.0069,0.0014,1.1268,0.3141,14.5442,-1.1116
116.742,0.6919,0.1199,0.0668,-0.0887,1.0069,0.0014,1.1268,0.3073,14.5442,-1.1116
116.743,0.6951,0.1199,0.0833,-0.0887,1.0166,0.0014,1.1433,0.3073,14.5442,-1.1116
116.743,0.6951,0.1087,0.0668,-0.0887,1.0166,-0.0069,1.1268,0.3073,14.5442,-1.1116
116.844,0.6951,0.1087,0.0668,-0.0887,1.0166,-0.0069,1.1268,0.3073,14.5442,-1.1116
116.845,0.6951,0.1087,0.0668,-0.0986,1.0198,0.0027,1.1268,0.2974,14.5542,-1.1120
116.845,0.6837,0.1026,0.0668,-0.1025,1.0198,0.0027,1.1268,0.2935,14.5542,-1.1120
116.846,0.6872,0.1026,0.0832,-0.1025,1.0296,0.0027,1.1432,0.2935,14.5542,-1.1120
116.846,0.6872,0.0913,0.0667,-0.1025,1.0296,-0.0056,1.1267,0.2935,14.5542,-1.1120
116.925,0.6872,0.0913,0.0667,-0.1124,1.0328,0.0040,1.1267,0.2836,14.5641,-1.1124
116.926,0.6781,0.0874,0.0667,-0.1143,1.0328,0.0040,1.1267,0.2817,14.5641,-1.1124
116.927,0.6817,0.0874,0.0832,-0.1143,1.0427,0.0040,1.1432,0.2817,14.5641,-1.1124
116.927,0.6817,0.0760,0.0667,-0.1143,1.0427,-0.0041,1.1267,0.2817,14.5641,-1.1124
116.995,0.6817,0.0760,0.0667,-0.1242,1.0458,0.0054,1.1267,0.2718,14.5741,-1.1128
116.996,0.6744,0.0733,0.0667,-0.1250,1.0458,0.0054,1.1267,0.2710,14.5741,-1.1128
116.997,0.6780,0.0733,0.0831,-0.1250,1.0557,0.0054,1.1333,0.2710,14.5741,-1.1128
116.999,0.6780,0.0621,0.0666,-0.1250,1.0557,-0.0022,1.1221,0.2710,14.5741,-1.1128
117.083,0.6780,0.0621,0.0666,-0.1349,1.0588,0.0072,1.1221,0.2611,14.5840,-1.1132
117.084,0.6716,0.0597,0.0666,-0.1354,1.0588,0.0072,1.1197,0.2606,14.5840,-1.1132
117.084,0.6753,0.0597,0.0830,-0.1354,1.0687,0.0072,1.1197,0.2606,14.5840,-1.1132
117.085,0.6753,0.0489,0.0664,-0.1354,1.0687,0.0001,1.1089,0.2606,14.5840,-1.1132
117.182,0.6753,0.0489,0.0664,-0.1453,1.0717,0.0095,1.1089,0.2507,14.5940,-1.1136
117.185,0.6703,0.0476,0.0664,-0.1450,1.0717,0.0095,1.1076,0.2510,14.5940,-1.1136
117.187,0.6740,0.0476,0.0827,-0.1450,1.0815,0.0095,1.1076,0.2510,14.5940,-1.1136
117.189,0.6740,0.0370,0.0661,-0.1450,1.0815,0.0029,1.0970,0.2510,14.5940,-1.1136
117.289,0.6740,0.0370,0.0661,-0.1549,1.0846,0.0122,1.0970,0.2411,14.6039,-1.1140
117.291,0.6724,0.0390,0.0661,-0.1517,1.0846,0.0122,1.0990,0.2443,14.6039,-1.1140
117.294,0.6763,0.0390,0.0824,-0.1517,1.0945,0.0122,1.0990,0.2443,14.6039,-1.1140
117.295,0.6763,0.0285,0.0658,-0.1517,1.0945,0.0059,1.0885,0.2443,14.6039,-1.1140
117.396,0.6763,0.0285,0.0658,-0.1517,1.0945,0.0059,1.0885,0.2443,14.6039,-1.1140
117.413,0.6763,0.0285,0.0658,-0.1615,1.0975,0.0151,1.0885,0.2345,14.6139,-1.1144
117.414,0.6796,0.0356,0.0658,-0.1541,1.0975,0.0151,1.0956,0.2419,14.6139,-1.1144
117.416,0.6838,0.0356,0.0822,-0.1541,1.1076,0.0151,1.0956,0.2419,14.6139,-1.1144
117.424,0.6838,0.0250,0.0655,-0.1541,1.1076,0.0089,1.0850,0.2419,14.6139,-1.1144
117.524,0.6838,0.0250,0.0655,-0.1541,1.1076,0.0089,1.0850,0.2419,14.6139,-1.1144
117.547,0.6838,0.0250,0.0655,-0.1639,1.1106,0.0181,1.0850,0.2321,14.6238,-1.1148
117.549,0.6924,0.0373,0.0655,-0.1522,1.1106,0.0181,1.0973,0.2438,14.6238,-1.1148
117.554,0.6966,0.0373,0.0820,-0.1522,1.1208,0.0181,1.0973,0.2438,14.6238,-1.1148
117.556,0.6966,0.0268,0.0654,-0.1522,1.1208,0.0122,1.0868,0.2438,14.6238,-1.1148
117.648,0.6966,0.0268,0.0654,-0.1621,1.1237,0.0213,1.0868,0.2339,14.6338,-1.1152
117.650,0.7084,0.0422,0.0654,-0.1479,1.1237,0.0213,1.1022,0.2481,14.6338,-1.1152
117.655,0.7128,0.0422,0.0819,-0.1479,1.1339,0.0213,1.1022,0.2481,14.6338,-1.1152
117.656,0.7128,0.0321,0.0652,-0.1479,1.1339,0.0158,1.0921,0.2481,14.6338,-1.1152
117.745,0.7128,0.0321,0.0652,-0.1578,1.1368,0.0249,1.0921,0.2382,14.6438,-1.1156
117.746,0.7243,0.0468,0.0652,-0.1442,1.1368,0.0249,1.1068,0.2518,14.6438,-1.1156
117.751,0.7287,0.0468,0.0817,-0.1442,1.1472,0.0249,1.1068,0.2518,14.6438,-1.1156
117.752,0.7287,0.0370,0.0650,-0.1442,1.1472,0.0198,1.0970,0.2518,14.6438,-1.1156
117.819,0.7287,0.0370,0.0650,-0.1541,1.1500,0.0288,1.0970,0.2419,14.6537,-1.1160
117.819,0.7375,0.0488,0.0650,-0.1431,1.1500,0.0288,1.1088,0.2529,14.6537,-1.1160
117.819,0.7422,0.0488,0.0816,-0.1431,1.1605,0.0288,1.1088,0.2529,14.6537,-1.1160
117.819,0.7422,0.0392,0.0648,-0.1431,1.1605,0.0241,1.0992,0.2529,14.6537,-1.1160
117.899,0.7422,0.0392,0.0648,-0.1530,1.1634,0.0330,1.0992,0.2430,14.6637,-1.1164
117.903,0.7496,0.0498,0.0648,-0.1429,1.1634,0.0330,1.1098,0.2531,14.6637,-1.1164
117.905,0.7544,0.0498,0.0815,-0.1429,1.1740,0.0330,1.1098,0.2531,14.6637,-1.1164
117.907,0.7544,0.0402,0.0647,-0.1429,1.1740,0.0284,1.1002,0.2531,14.6637,-1.1164
117.999,0.7544,0.0402,0.0647,-0.1528,1.1768,0.0373,1.1002,0.2432,14.6736,-1.1168
118.003,0.7640,0.0531,0.0647,-0.1407,1.1768,0.0373,1.1131,0.2553,14.6736,-1.1168
118.005,0.7690,0.0531,0.0814,-0.1407,1.1876,0.0373,1.1131,0.2553,14.6736,-1.1168
118.006,0.7690,0.0437,0.0646,-0.1407,1.1876,0.0329,1.1037,0.2553,14.6736,-1.1168
118.081,0.7690,0.0437,0.0646,-0.1506,1.1903,0.0417,1.1037,0.2454,14.6836,-1.1172
118.083,0.7833,0.0607,0.0646,-0.1355,1.1903,0.0417,1.1207,0.2605,14.6836,-1.1172
118.084,0.7882,0.0607,0.0812,-0.1355,1.2010,0.0417,1.1207,0.2605,14.6836,-1.1172
118.085,0.7882,0.0514,0.0644,-0.1355,1.2010,0.0376,1.1114,0.2605,14.6836,-1.1172
118.185,0.7882,0.0514,0.0644,-0.1355,1.2010,0.0376,1.1114,0.2605,14.6836,-1.1172
118.190,0.7882,0.0514,0.0644,-0.1454,1.2037,0.0463,1.1114,0.2506,14.6935,-1.1176
118.194,0.8056,0.0698,0.0644,-0.1301,1.2037,0.0463,1.1244,0.2659,14.6935,-1.1176
118.196,0.8105,0.0698,0.0810,-0.1301,1.2144,0.0463,1.1298,0.2659,14.6935,-1.1176
118.199,0.8105,0.0608,0.0641,-0.1301,1.2144,0.0426,1.1208,0.2659,14.6935,-1.1176
118.290,0.8105,0.0608,0.0641,-0.1400,1.2171,0.0512,1.1208,0.2560,14.7035,-1.1180
118.293,0.8244,0.0722,0.0641,-0.1322,1.2171,0.0512,1.1241,0.2638,14.7035,-1.1180
118.295,0.8294,0.0722,0.0807,-0.1322,1.2278,0.0512,1.1322,0.2638,14.7035,-1.1180
118.297,0.8294,0.0634,0.0638,-0.1322,1.2278,0.0477,1.1234,0.2638,14.7035,-1.1180
118.390,0.8294,0.0634,0.0638,-0.1421,1.2304,0.0563,1.1234,0.2539,14.7134,-1.1184
118.392,0.8353,0.0623,0.0638,-0.1466,1.2304,0.0563,1.1223,0.2494,14.7134,-1.1184
118.396,0.8405,0.0623,0.0803,-0.1466,1.2412,0.0563,1.1223,0.2494,14.7134,-1.1184
118.398,0.8405,0.0537,0.0635,-0.1466,1.2412,0.0530,1.1137,0.2494,14.7134,-1.1184
118.485,0.8405,0.0537,0.0635,-0.1565,1.2438,0.0614,1.1137,0.2395,14.7234,-1.1188
118.487,0.8427,0.0475,0.0635,-0.1661,1.2438,0.0614,1.1075,0.2299,14.7234,-1.1188
118.489,0.8482,0.0475,0.0800,-0.1661,1.2545,0.0614,1.1075,0.2299,14.7234,-1.1188
118.493,0.8482,0.0392,0.0631,-0.1661,1.2545,0.0584,1.0992,0.2299,14.7234,-1.1188
118.581,0.8482,0.0392,0.0631,-0.1760,1.2571,0.0668,1.0992,0.2200,14.7333,-1.1192
118.583,0.8556,0.0413,0.0631,-0.1773,1.2571,0.0668,1.1013,0.2187,14.7333,-1.1192
118.584,0.8611,0.0413,0.0795,-0.1773,1.2678,0.0668,1.1013,0.2187,14.7333,-1.1192
118.586,0.8611,0.0335,0.0627,-0.1773,1.2678,0.0642,1.0935,0.2187,14.7333,-1.1192
118.687,0.8611,0.0335,0.0627,-0.1773,1.2678,0.0642,1.0935,0.2187,14.7333,-1.1192
118.693,0.8611,0.0335,0.0627,-0.1872,1.2703,0.0725,1.0935,0.2088,14.7433,-1.1196
118.694,0.8739,0.0423,0.0627,-0.1825,1.2703,0.0725,1.1023,0.2135,14.7433,-1.1196
118.696,0.8794,0.0423,0.0790,-0.1825,1.2809,0.0725,1.1023,0.2135,14.7433,-1.1196
118.699,0.8794,0.0349,0.0620,-0.1825,1.2809,0.0704,1.0949,0.2135,14.7433,-1.1196
118.788,0.8794,0.0349,0.0620,-0.1924,1.2834,0.0786,1.0949,0.2036,14.7532,-1.1200
118.791,0.8930,0.0426,0.0620,-0.1898,1.2834,0.0786,1.1026,0.2062,14.7532,-1.1200
118.795,0.8987,0.0426,0.0784,-0.1898,1.2942,0.0786,1.1026,0.2062,14.7532,-1.1200
118.797,0.8987,0.0357,0.0614,-0.1898,1.2942,0.0769,1.0957,0.2062,14.7532,-1.1200
118.881,0.8987,0.0357,0.0614,-0.1997,1.2966,0.0850,1.0957,0.1963,14.7632,-1.1204
118.882,0.9093,0.0369,0.0614,-0.2042,1.2966,0.0850,1.0969,0.1918,14.7632,-1.1204
118.883,0.9154,0.0369,0.0778,-0.2042,1.3075,0.0850,1.0969,0.1918,14.7632,-1.1204
118.885,0.9154,0.0304,0.0608,-0.2042,1.3075,0.0836,1.0904,0.1918,14.7632,-1.1204
119.001,0.9154,0.0304,0.0608,-0.2141,1.3100,0.0916,1.0904,0.1819,14.7732,-1.1208
119.001,0.9234,0.0280,0.0608,-0.2222,1.3100,0.0916,1.0880,0.1738,14.7732,-1.1208
119.002,0.9299,0.0280,0.0773,-0.2222,1.3210,0.0916,1.0880,0.1738,14.7732,-1.1208
119.002,0.9299,0.0218,0.0603,-0.2222,1.3210,0.0903,1.0818,0.1738,14.7732,-1.1208
119.002,0.9299,0.0218,0.0603,-0.2222,1.3210,0.0903,1.0818,0.1738,14.7732,-1.1208
119.089,0.9299,0.0218,0.0603,-0.2321,1.3235,0.0982,1.0818,0.1639,14.7831,-1.1212
119.090,0.9388,0.0206,0.0603,-0.2391,1.3235,0.0982,1.0806,0.1569,14.7831,-1.1212
119.093,0.9455,0.0206,0.0769,-0.2391,1.3345,0.0982,1.0806,0.1569,14.7831,-1.1212
119.094,0.9455,0.0147,0.0599,-0.2391,1.3345,0.0971,1.0747,0.1569,14.7831,-1.1212
119.191,0.9455,0.0147,0.0599,-0.2491,1.3369,0.1050,1.0747,0.1469,14.7931,-1.1216
119.192,0.9585,0.0190,0.0599,-0.2509,1.3369,0.1050,1.0790,0.1451,14.7931,-1.1216
119.193,0.9653,0.0190,0.0764,-0.2509,1.3479,0.1050,1.0790,0.1451,14.7931,-1.1216
119.193,0.9653,0.0135,0.0594,-0.2509,1.3479,0.1041,1.0735,0.1451,14.7931,-1.1216
119.286,0.9653,0.0135,0.0594,-0.2608,1.3503,0.1119,1.0735,0.1352,14.8030,-1.1220
119.287,0.9821,0.0250,0.0594,-0.2548,1.3503,0.1119,1.0850,0.1412,14.8030,-1.1220
119.289,0.9890,0.0250,0.0758,-0.2548,1.3612,0.1119,1.0850,0.1412,14.8030,-1.1220
119.290,0.9890,0.0199,0.0587,-0.2548,1.3612,0.1114,1.0799,0.1412,14.8030,-1.1220
119.390,0.9890,0.0199,0.0587,-0.2548,1.3612,0.1114,1.0799,0.1412,14.8030,-1.1220
119.393,0.9890,0.0199,0.0587,-0.2647,1.3636,0.1190,1.0799,0.1313,14.8130,-1.1224
119.394,1.0067,0.0361,0.0587,-0.2526,1.3636,0.1190,1.0961,0.1434,14.8130,-1.1224
119.396,1.0138,0.0361,0.0751,-0.2526,1.3746,0.1190,1.0961,0.1434,14.8130,-1.1224
119.398,1.0138,0.0314,0.0580,-0.2526,1.3746,0.1188,1.0914,0.1434,14.8130,-1.1224
119.496,1.0138,0.0314,0.0580,-0.2625,1.3769,0.1264,1.0914,0.1335,14.8229,-1.1228
119.497,1.0302,0.0475,0.0580,-0.2494,1.3769,0.1264,1.1075,0.1466,14.8229,-1.1228
119.499,1.0374,0.0475,0.0745,-0.2494,1.3881,0.1264,1.1075,0.1466,14.8229,-1.1228
119.502,1.0374,0.0432,0.0574,-0.2494,1.3881,0.1266,1.1032,0.1466,14.8229,-1.1228
119.603,1.0374,0.0432,0.0574,-0.2494,1.3881,0.1266,1.1032,0.1466,14.8229,-1.1228
119.627,1.0374,0.0432,0.0574,-0.2593,1.3904,0.1341,1.1032,0.1367,14.8329,-1.1232
119.628,1.0515,0.0559,0.0574,-0.2498,1.3904,0.1341,1.1159,0.1462,14.8329,-1.1232
119.630,1.0590,0.0559,0.0740,-0.2498,1.4017,0.1341,1.1159,0.1462,14.8329,-1.1232
119.631,1.0590,0.0519,0.0569,-0.2498,1.4017,0.1344,1.1119,0.1462,14.8329,-1.1232
119.731,1.0590,0.0519,0.0569,-0.2498,1.4017,0.1344,1.1119,0.1462,14.8329,-1.1232
119.746,1.0590,0.0519,0.0569,-0.2597,1.4040,0.1418,1.1119,0.1363,14.8428,-1.1236
119.748,1.0713,0.0614,0.0569,-0.2535,1.4040,0.1418,1.1169,0.1425,14.8428,-1.1236
119.749,1.0788,0.0614,0.0735,-0.2535,1.4154,0.1418,1.1214,0.1425,14.8428,-1.1236
119.749,1.0788,0.0578,0.0564,-0.2535,1.4154,0.1424,1.1164,0.1425,14.8428,-1.1236
119.830,1.0788,0.0578,0.0564,-0.2633,1.4176,0.1497,1.1164,0.1327,14.8528,-1.1240
119.830,1.0922,0.0695,0.0564,-0.2544,1.4176,0.1497,1.1164,0.1416,14.8528,-1.1240
119.832,1.0999,0.0695,0.0730,-0.2544,1.4290,0.1497,1.1295,0.1416,14.8528,-1.1240
119.834,1.0999,0.0662,0.0559,-0.2544,1.4290,0.1505,1.1159,0.1416,14.8528,-1.1240
119.911,1.0999,0.0662,0.0559,-0.2642,1.4312,0.1578,1.1159,0.1318,14.8627,-1.1244
119.912,1.1167,0.0844,0.0559,-0.2480,1.4312,0.1578,1.1159,0.1480,14.8627,-1.1244
119.913,1.1244,0.0844,0.0725,-0.2480,1.4426,0.1578,1.1325,0.1480,14.8627,-1.1244
119.914,1.1244,0.0813,0.0554,-0.2480,1.4426,0.1588,1.1154,0.1480,14.8627,-1.1244
120.014,1.1244,0.0813,0.0554,-0.2480,1.4426,0.1588,1.1154,0.1480,14.8627,-1.1244
120.021,1.1244,0.0813,0.0554,-0.2577,1.4448,0.1659,1.1154,0.1383,14.8727,-1.1248
120.022,1.1435,0.1044,0.0554,-0.2358,1.4448,0.1659,1.1154,0.1602,14.8727,-1.1248
120.024,1.1512,0.1044,0.0720,-0.2358,1.4563,0.1659,1.1320,0.1602,14.8727,-1.1248
120.025,1.1512,0.1014,0.0550,-0.2358,1.4563,0.1671,1.1150,0.1602,14.8727,-1.1248
120.104,1.1512,0.1014,0.0550,-0.2455,1.4584,0.1742,1.1150,0.1505,14.8826,-1.1252
120.105,1.1682,0.1220,0.0550,-0.2257,1.4584,0.1742,1.1150,0.1703,14.8826,-1.1252
120.105,1.1759,0.1220,0.0715,-0.2257,1.4699,0.1742,1.1315,0.1703,14.8826,-1.1252
120.106,1.1759,0.1192,0.0545,-0.2257,1.4699,0.1755,1.1145,0.1703,14.8826,-1.1252
120.206,1.1759,0.1192,0.0545,-0.2257,1.4699,0.1755,1.1145,0.1703,14.8826,-1.1252
120.211,1.1759,0.1192,0.0545,-0.2354,1.4720,0.1825,1.1145,0.1606,14.8926,-1.1256
120.211,1.1901,0.1351,0.0545,-0.2209,1.4720,0.1825,1.1145,0.1751,14.8926,-1.1256
120.212,1.1979,0.1351,0.0709,-0.2209,1.4835,0.1825,1.1309,0.1751,14.8926,-1.1256
120.213,1.1979,0.1324,0.0540,-0.2209,1.4835,0.1840,1.1140,0.1751,14.8926,-1.1256
120.311,1.1979,0.1324,0.0540,-0.2305,1.4856,0.1909,1.1140,0.1655,14.9025,-1.1260
120.311,1.2113,0.1456,0.0540,-0.2194,1.4856,0.1909,1.1140,0.1766,14.9025,-1.1260
120.312,1.2191,0.1456,0.0704,-0.2194,1.4971,0.1909,1.1304,0.1766,14.9025,-1.1260
120.312,1.2191,0.1432,0.0535,-0.2194,1.4971,0.1926,1.1135,0.1766,14.9025,-1.1260
120.402,1.2191,0.1432,0.0535,-0.2290,1.4991,0.1994,1.1135,0.1670,14.9125,-1.1264
120.403,1.2335,0.1563,0.0535,-0.2186,1.4991,0.1994,1.1135,0.1774,14.9125,-1.1264
120.404,1.2414,0.1563,0.0700,-0.2186,1.5106,0.1994,1.1300,0.1774,14.9125,-1.1264
120.405,1.2414,0.1540,0.0531,-0.2186,1.5106,0.2012,1.1131,0.1774,14.9125,-1.1264
120.498,1.2414,0.1540,0.0531,-0.2282,1.5127,0.2079,1.1131,0.1678,14.9225,-1.1268
120.499,1.2579,0.1697,0.0531,-0.2152,1.5127,0.2079,1.1131,0.1808,14.9225,-1.1268
120.499,1.2657,0.1697,0.0695,-0.2152,1.5240,0.2079,1.1295,0.1808,14.9225,-1.1268
120.508,1.2657,0.1676,0.0527,-0.2152,1.5240,0.2098,1.1127,0.1808,14.9225,-1.1268
120.601,1.2657,0.1676,0.0527,-0.2247,1.5260,0.2164,1.1127,0.1713,14.9324,-1.1272
120.602,1.2843,0.1872,0.0527,-0.2072,1.5260,0.2164,1.1127,0.1888,14.9324,-1.1272
120.604,1.2915,0.1872,0.0686,-0.2072,1.5369,0.2164,1.1286,0.1888,14.9324,-1.1272
120.605,1.2915,0.1852,0.0519,-0.2072,1.5369,0.2184,1.1119,0.1888,14.9324,-1.1272
120.685,1.2915,0.1852,0.0519,-0.2167,1.5389,0.2250,1.1119,0.1793,14.9424,-1.1276
120.686,1.3106,0.2067,0.0519,-0.1965,1.5389,0.2250,1.1119,0.1995,14.9424,-1.1276
120.687,1.3176,0.2067,0.0678,-0.1965,1.5495,0.2250,1.1278,0.1995,14.9424,-1.1276
120.688,1.3176,0.2049,0.0511,-0.1965,1.5495,0.2271,1.1111,0.1995,14.9424,-1.1276
120.788,1.3176,0.2049,0.0511,-0.1965,1.5495,0.2271,1.1111,0.1995,14.9424,-1.1276
120.795,1.3176,0.2049,0.0511,-0.2059,1.5515,0.2335,1.1111,0.1901,14.9523,-1.1280
120.796,1.3349,0.2240,0.0511,-0.1880,1.5515,0.2335,1.1111,0.2080,14.9523,-1.1280
120.799,1.3416,0.2240,0.0668,-0.1880,1.5619,0.2335,1.1268,0.2080,14.9523,-1.1280
120.803,1.3416,0.2223,0.0502,-0.1880,1.5619,0.2357,1.1102,0.2080,14.9523,-1.1280
120.886,1.3416,0.2223,0.0502,-0.1973,1.5639,0.2421,1.1102,0.1987,14.9623,-1.1284
120.887,1.3565,0.2372,0.0502,-0.1843,1.5639,0.2421,1.1102,0.2117,14.9623,-1.1284
120.888,1.3622,0.2372,0.0651,-0.1843,1.5732,0.2421,1.1251,0.2117,14.9623,-1.1284
120.889,1.3622,0.2356,0.0485,-0.1843,1.5732,0.2444,1.1085,0.2117,14.9623,-1.1284
120.989,1.3622,0.2356,0.0485,-0.1936,1.5751,0.2506,1.1085,0.2024,14.9722,-1.1288
120.990,1.3756,0.2476,0.0485,-0.1839,1.5751,0.2506,1.1085,0.2121,14.9722,-1.1288
120.993,1.3792,0.2476,0.0620,-0.1839,1.5826,0.2506,1.1220,0.2121,14.9722,-1.1288
120.994,1.3792,0.2462,0.0455,-0.1839,1.5826,0.2530,1.1055,0.2121,14.9722,-1.1288
121.085,1.3792,0.2462,0.0455,-0.1931,1.5845,0.2592,1.1055,0.2029,14.9822,-1.1292
121.087,1.3946,0.2614,0.0455,-0.1797,1.5845,0.2592,1.1055,0.2163,14.9822,-1.1292
121.090,1.3970,0.2614,0.0578,-0.1797,1.5907,0.2592,1.1178,0.2163,14.9822,-1.1292
121.091,1.3970,0.2601,0.0414,-0.1797,1.5907,0.2616,1.1014,0.2163,14.9822,-1.1292
121.185,1.3970,0.2601,0.0414,-0.1889,1.5925,0.2677,1.1014,0.2071,14.9921,-1.1296
121.186,1.4155,0.2808,0.0414,-0.1692,1.5925,0.2677,1.1014,0.2268,14.9921,-1.1296
121.186,1.4174,0.2808,0.0530,-0.1692,1.5981,0.2677,1.1130,0.2268,14.9921,-1.1296
121.187,1.4174,0.2795,0.0367,-0.1692,1.5981,0.2702,1.0967,0.2268,14.9921,-1.1296
121.288,1.4174,0.2795,0.0367,-0.1692,1.5981,0.2702,1.0967,0.2268,14.9921,-1.1296
121.289,1.4174,0.2795,0.0367,-0.1782,1.5999,0.2762,1.0967,0.2178,15.0021,-1.1300
121.292,1.4361,0.3009,0.0367,-0.1575,1.5999,0.2762,1.0967,0.2385,15.0021,-1.1300
121.295,1.4375,0.3009,0.0480,-0.1575,1.6052,0.2762,1.1080,0.2385,15.0021,-1.1300
121.297,1.4375,0.2996,0.0317,-0.1575,1.6052,0.2787,1.0917,0.2385,15.0021,-1.1300
121.397,1.4375,0.2996,0.0317,-0.1575,1.6052,0.2787,1.0917,0.2385,15.0021,-1.1300
121.406,1.4375,0.2996,0.0317,-0.1665,1.6070,0.2846,1.0917,0.2295,15.0120,-1.1304
121.408,1.4540,0.3181,0.0317,-0.1487,1.6070,0.2846,1.0917,0.2473,15.0120,-1.1304
121.410,1.4548,0.3181,0.0426,-0.1487,1.6116,0.2846,1.1026,0.2473,15.0120,-1.1304
121.412,1.4548,0.3169,0.0265,-0.1487,1.6116,0.2871,1.0865,0.2473,15.0120,-1.1304
121.500,1.4548,0.3169,0.0265,-0.1576,1.6133,0.2930,1.0865,0.2384,15.0220,-1.1308
121.501,1.4696,0.3330,0.0265,-0.1424,1.6133,0.2930,1.0865,0.2536,15.0220,-1.1308
121.503,1.4695,0.3330,0.0368,-0.1424,1.6172,0.2930,1.0968,0.2536,15.0220,-1.1308
121.503,1.4695,0.3319,0.0207,-0.1424,1.6172,0.2955,1.0807,0.2536,15.0220,-1.1308
121.586,1.4695,0.3319,0.0207,-0.1512,1.6188,0.3013,1.0807,0.2448,15.0320,-1.1312
121.587,1.4842,0.3478,0.0207,-0.1361,1.6188,0.3013,1.0807,0.2599,15.0320,-1.1312
121.588,1.4829,0.3478,0.0299,-0.1361,1.6215,0.3013,1.0899,0.2599,15.0320,-1.1312
121.588,1.4829,0.3468,0.0139,-0.1361,1.6215,0.3039,1.0739,0.2599,15.0320,-1.1312
121.687,1.4829,0.3468,0.0139,-0.1449,1.6231,0.3095,1.0739,0.2511,15.0419,-1.1315
121.689,1.4991,0.3649,0.0139,-0.1273,1.6231,0.3095,1.0739,0.2687,15.0419,-1.1315
121.693,1.4969,0.3649,0.0220,-0.1273,1.6247,0.3095,1.0820,0.2687,15.0419,-1.1315
121.695,1.4969,0.3639,0.0060,-0.1273,1.6247,0.3122,1.0660,0.2687,15.0419,-1.1315
121.796,1.4969,0.3639,0.0060,-0.1273,1.6247,0.3122,1.0660,0.2687,15.0419,-1.1315
121.808,1.4969,0.3639,0.0060,-0.1361,1.6263,0.3178,1.0660,0.2599,15.0519,-1.1319
121.809,1.5143,0.3838,0.0060,-0.1164,1.6263,0.3178,1.0660,0.2796,15.0519,-1.1319
121.810,1.5116,0.3838,0.0133,-0.1164,1.6274,0.3178,1.0733,0.2796,15.0519,-1.1319
121.812,1.5116,0.3829,-0.0026,-0.1164,1.6274,0.3206,1.0574,0.2796,15.0519,-1.1319
121.895,1.5116,0.3829,-0.0026,-0.1251,1.6289,0.3261,1.0574,0.2709,15.0618,-1.1324
121.897,1.5287,0.4025,-0.0026,-0.1059,1.6289,0.3261,1.0574,0.2901,15.0618,-1.1324
121.899,1.5256,0.4025,0.0041,-0.1059,1.6294,0.3261,1.0641,0.2901,15.0618,-1.1324
121.906,1.5256,0.4017,-0.0118,-0.1059,1.6294,0.3290,1.0482,0.2901,15.0618,-1.1324
121.995,1.5256,0.4017,-0.0118,-0.1145,1.6310,0.3344,1.0482,0.2815,15.0718,-1.1327
121.997,1.5421,0.4201,-0.0118,-0.0966,1.6310,0.3344,1.0482,0.2994,15.0718,-1.1327
121.998,1.5383,0.4201,-0.0061,-0.0966,1.6307,0.3344,1.0539,0.2994,15.0718,-1.1327
122.000,1.5383,0.4194,-0.0220,-0.0966,1.6307,0.3374,1.0380,0.2994,15.0718,-1.1327
122.093,1.5383,0.4194,-0.0220,-0.1052,1.6322,0.3428,1.0380,0.2908,15.0817,-1.1331
122.094,1.5541,0.4368,-0.0220,-0.0884,1.6322,0.3428,1.0380,0.3076,15.0817,-1.1331
122.095,1.5493,0.4368,-0.0175,-0.0884,1.6308,0.3428,1.0425,0.3076,15.0817,-1.1331
122.097,1.5493,0.4364,-0.0334,-0.0884,1.6308,0.3460,1.0266,0.3076,15.0817,-1.1331
122.198,1.5493,0.4364,-0.0334,-0.0884,1.6308,0.3460,1.0266,0.3076,15.0817,-1.1331
122.200,1.5493,0.4364,-0.0334,-0.0969,1.6322,0.3512,1.0266,0.2991,15.0917,-1.1335
122.205,1.5654,0.4541,-0.0334,-0.0797,1.6322,0.3512,1.0266,0.3163,15.0917,-1.1335
122.207,1.5594,0.4541,-0.0301,-0.0797,1.6296,0.3512,1.0299,0.3163,15.0917,-1.1335
122.209,1.5594,0.4539,-0.0460,-0.0797,1.6296,0.3547,1.0140,0.3163,15.0917,-1.1335
122.309,1.5594,0.4539,-0.0460,-0.0882,1.6310,0.3599,1.0140,0.3078,15.1016,-1.1339
122.310,1.5594,0.4539,-0.0460,-0.0882,1.6310,0.3599,1.0140,0.3078,15.1016,-1.1339
122.311,1.5762,0.4727,-0.0460,-0.0696,1.6310,0.3599,1.0140,0.3264,15.1016,-1.1339
122.314,1.5695,0.4727,-0.0435,-0.0696,1.6276,0.3599,1.0165,0.3264,15.1016,-1.1339
122.316,1.5695,0.4728,-0.0595,-0.0696,1.6276,0.3635,1.0005,0.3264,15.1016,-1.1339
122.398,1.5695,0.4728,-0.0595,-0.0780,1.6290,0.3686,1.0005,0.3180,15.1116,-1.1343
122.400,1.5856,0.4911,-0.0595,-0.0598,1.6290,0.3686,1.0005,0.3362,15.1116,-1.1343
122.401,1.5779,0.4911,-0.0583,-0.0598,1.6244,0.3686,1.0017,0.3362,15.1116,-1.1343
122.401,1.5779,0.4914,-0.0743,-0.0598,1.6244,0.3726,0.9857,0.3362,15.1116,-1.1343
122.479,1.5779,0.4914,-0.0743,-0.0681,1.6258,0.3776,0.9857,0.3279,15.1215,-1.1347
122.480,1.5919,0.5074,-0.0743,-0.0522,1.6258,0.3776,0.9857,0.3438,15.1215,-1.1347
122.481,1.5829,0.5074,-0.0746,-0.0522,1.6198,0.3776,0.9854,0.3438,15.1215,-1.1347
122.481,1.5829,0.5080,-0.0907,-0.0522,1.6198,0.3818,0.9693,0.3438,15.1215,-1.1347
122.582,1.5829,0.5080,-0.0907,-0.0522,1.6198,0.3818,0.9693,0.3438,15.1215,-1.1347
122.584,1.5829,0.5080,-0.0907,-0.0605,1.6212,0.3867,0.9693,0.3355,15.1315,-1.1351
122.585,1.5958,0.5226,-0.0907,-0.0458,1.6212,0.3867,0.9693,0.3502,15.1315,-1.1351
122.588,1.5855,0.5226,-0.0923,-0.0458,1.6138,0.3867,0.9677,0.3502,15.1315,-1.1351
122.590,1.5855,0.5234,-0.1084,-0.0458,1.6138,0.3911,0.9516,0.3502,15.1315,-1.1351
122.686,1.5855,0.5234,-0.1084,-0.0541,1.6151,0.3959,0.9516,0.3419,15.1415,-1.1355
122.687,1.5985,0.5385,-0.1084,-0.0386,1.6151,0.3959,0.9516,0.3574,15.1415,-1.1355
122.688,1.5877,0.5385,-0.1104,-0.0386,1.6073,0.3959,0.9496,0.3574,15.1415,-1.1355
122.690,1.5877,0.5395,-0.1265,-0.0386,1.6073,0.4005,0.9335,0.3574,15.1415,-1.1355
122.782,1.5877,0.5395,-0.1265,-0.0468,1.6086,0.4053,0.9335,0.3492,15.1514,-1.1359
122.784,1.6005,0.5555,-0.1265,-0.0298,1.6086,0.4053,0.9335,0.3662,15.1514,-1.1359
122.786,1.5894,0.5555,-0.1287,-0.0298,1.6005,0.4053,0.9313,0.3662,15.1514,-1.1359
122.788,1.5894,0.5567,-0.1448,-0.0298,1.6005,0.4100,0.9152,0.3662,15.1514,-1.1359
122.888,1.5894,0.5567,-0.1448,-0.0298,1.6005,0.4100,0.9152,0.3662,15.1514,-1.1359
122.898,1.5894,0.5567,-0.1448,-0.0380,1.6018,0.4148,0.9152,0.3580,15.1614,-1.1363
122.900,1.5991,0.5707,-0.1448,-0.0216,1.6018,0.4148,0.9152,0.3744,15.1614,-1.1363
122.905,1.5875,0.5707,-0.1475,-0.0216,1.5932,0.4148,0.9125,0.3744,15.1614,-1.1363
122.907,1.5875,0.5722,-0.1638,-0.0216,1.5932,0.4198,0.8962,0.3744,15.1614,-1.1363
122.990,1.5875,0.5722,-0.1638,-0.0298,1.5945,0.4245,0.8962,0.3662,15.1713,-1.1367
122.994,1.5923,0.5819,-0.1638,-0.0168,1.5945,0.4245,0.8962,0.3792,15.1713,-1.1367
122.996,1.5796,0.5819,-0.1677,-0.0168,1.5847,0.4245,0.8923,0.3792,15.1713,-1.1367
122.999,1.5796,0.5838,-0.1842,-0.0168,1.5847,0.4300,0.8758,0.3792,15.1713,-1.1367
123.087,1.5796,0.5838,-0.1842,-0.0250,1.5859,0.4346,0.8758,0.3710,15.1813,-1.1371
123.088,1.5810,0.5898,-0.1842,-0.0154,1.5859,0.4346,0.8758,0.3806,15.1813,-1.1371
123.090,1.5665,0.5898,-0.1901,-0.0154,1.5742,0.4346,0.8699,0.3806,15.1813,-1.1371
123.092,1.5665,0.5920,-0.2068,-0.0154,1.5742,0.4406,0.8532,0.3806,15.1813,-1.1371
123.186,1.5665,0.5920,-0.2068,-0.0237,1.5755,0.4452,0.8532,0.3723,15.1912,-1.1375
123.189,1.5679,0.5976,-0.2068,-0.0149,1.5755,0.4452,0.8532,0.3811,15.1912,-1.1375
123.191,1.5525,0.5976,-0.2144,-0.0149,1.5625,0.4452,0.8456,0.3811,15.1912,-1.1375
123.194,1.5525,0.6002,-0.2314,-0.0149,1.5625,0.4516,0.8286,0.3811,15.1912,-1.1375
123.286,1.5525,0.6002,-0.2314,-0.0231,1.5637,0.4560,0.8286,0.3729,15.2012,-1.1378
123.289,1.5554,0.6075,-0.2314,-0.0125,1.5637,0.4560,0.8286,0.3835,15.2012,-1.1378
123.291,1.5403,0.6075,-0.2393,-0.0125,1.5508,0.4560,0.8207,0.3835,15.2012,-1.1378
123.294,1.5403,0.6103,-0.2564,-0.0125,1.5508,0.4628,0.8036,0.3835,15.2012,-1.1378
123.388,1.5403,0.6103,-0.2564,-0.0208,1.5520,0.4672,0.8036,0.3752,15.2111,-1.1382
123.409,1.5419,0.6170,-0.2564,-0.0097,1.5520,0.4672,0.8036,0.3863,15.2111,-1.1382
123.410,1.5273,0.6170,-0.2639,-0.0097,1.5395,0.4672,0.7961,0.3863,15.2111,-1.1382
123.412,1.5273,0.6199,-0.2811,-0.0097,1.5395,0.4740,0.7789,0.3863,15.2111,-1.1382
123.512,1.5273,0.6199,-0.2811,-0.0097,1.5395,0.4740,0.7789,0.3863,15.2111,-1.1382
123.517,1.5273,0.6199,-0.2811,-0.0181,1.5407,0.4783,0.7789,0.3779,15.2211,-1.1386
123.520,1.5248,0.6231,-0.2811,-0.0095,1.5407,0.4783,0.7789,0.3865,15.2211,-1.1386
123.521,1.5096,0.6231,-0.2890,-0.0095,1.5277,0.4783,0.7710,0.3865,15.2211,-1.1386
123.523,1.5096,0.6257,-0.3061,-0.0095,1.5277,0.4851,0.7539,0.3865,15.2211,-1.1386
123.610,1.5096,0.6257,-0.3061,-0.0179,1.5289,0.4894,0.7539,0.3781,15.2310,-1.1390
123.612,1.5041,0.6256,-0.3061,-0.0122,1.5289,0.4894,0.7539,0.3838,15.2310,-1.1390
123.614,1.4878,0.6256,-0.3158,-0.0122,1.5145,0.4894,0.7442,0.3838,15.2310,-1.1390
123.616,1.4878,0.6281,-0.3328,-0.0122,1.5145,0.4961,0.7272,0.3838,15.2310,-1.1390
123.703,1.4878,0.6281,-0.3328,-0.0207,1.5157,0.5003,0.7272,0.3753,15.2410,-1.1394
123.705,1.4818,0.6271,-0.3328,-0.0161,1.5157,0.5003,0.7272,0.3799,15.2410,-1.1394
123.707,1.4659,0.6271,-0.3447,-0.0161,1.5006,0.5003,0.7153,0.3799,15.2410,-1.1394
123.709,1.4659,0.6296,-0.3616,-0.0161,1.5006,0.5071,0.6984,0.3799,15.2410,-1.1394
123.793,1.4659,0.6296,-0.3616,-0.0246,1.5018,0.5112,0.6984,0.3714,15.2510,-1.1398
123.794,1.4608,0.6292,-0.3616,-0.0193,1.5018,0.5112,0.6984,0.3767,15.2510,-1.1398
123.795,1.4467,0.6292,-0.3747,-0.0193,1.4874,0.5112,0.6853,0.3767,15.2510,-1.1398
123.796,1.4467,0.6318,-0.3916,-0.0193,1.4874,0.5182,0.6684,0.3767,15.2510,-1.1398
123.896,1.4467,0.6318,-0.3916,-0.0193,1.4874,0.5182,0.6684,0.3767,15.2510,-1.1398
123.900,1.4467,0.6318,-0.3916,-0.0279,1.4887,0.5223,0.6684,0.3681,15.2609,-1.1401
123.901,1.4426,0.6324,-0.3916,-0.0215,1.4887,0.5223,0.6684,0.3745,15.2609,-1.1401
123.901,1.4294,0.6324,-0.4047,-0.0215,1.4750,0.5223,0.6553,0.3745,15.2609,-1.1401
123.902,1.4294,0.6351,-0.4217,-0.0215,1.4750,0.5294,0.6383,0.3745,15.2609,-1.1401
124.002,1.4294,0.6351,-0.4217,-0.0215,1.4750,0.5294,0.6383,0.3745,15.2609,-1.1401
124.019,1.4294,0.6351,-0.4217,-0.0302,1.4762,0.5335,0.6383,0.3658,15.2709,-1.1405
124.029,1.4256,0.6359,-0.4217,-0.0235,1.4762,0.5335,0.6383,0.3725,15.2709,-1.1405
124.030,1.4119,0.6359,-0.4344,-0.0235,1.4623,0.5335,0.6256,0.3725,15.2709,-1.1405
124.030,1.4119,0.6387,-0.4514,-0.0235,1.4623,0.5409,0.6086,0.3725,15.2709,-1.1405
124.113,1.4119,0.6387,-0.4514,-0.0321,1.4636,0.5449,0.6086,0.3639,15.2808,-1.1409
124.141,1.4074,0.6385,-0.4514,-0.0264,1.4636,0.5449,0.6086,0.3696,15.2808,-1.1409
124.141,1.3933,0.6385,-0.4643,-0.0264,1.4493,0.5449,0.5957,0.3696,15.2808,-1.1409
124.142,1.3933,0.6415,-0.4813,-0.0264,1.4493,0.5525,0.5787,0.3696,15.2808,-1.1409
124.225,1.3933,0.6415,-0.4813,-0.0351,1.4507,0.5564,0.5787,0.3609,15.2908,-1.1413
124.225,1.3872,0.6393,-0.4813,-0.0312,1.4507,0.5564,0.5787,0.3648,15.2908,-1.1413
124.225,1.3743,0.6393,-0.4950,-0.0312,1.4369,0.5564,0.5650,0.3648,15.2908,-1.1413
124.225,1.3743,0.6425,-0.5120,-0.0312,1.4369,0.5643,0.5480,0.3648,15.2908,-1.1413
124.292,1.3743,0.6425,-0.5120,-0.0400,1.4383,0.5681,0.5480,0.3560,15.3007,-1.1417
124.292,1.3674,0.6393,-0.5120,-0.0369,1.4383,0.5681,0.5480,0.3591,15.3007,-1.1417
124.292,1.3554,0.6393,-0.5262,-0.0369,1.4248,0.5681,0.5338,0.3591,15.3007,-1.1417
124.292,1.3554,0.6426,-0.5432,-0.0369,1.4248,0.5761,0.5168,0.3591,15.3007,-1.1417
124.383,1.3554,0.6426,-0.5432,-0.0457,1.4263,0.5799,0.5168,0.3503,15.3107,-1.1421
124.406,1.3489,0.6396,-0.5432,-0.0421,1.4263,0.5799,0.5168,0.3539,15.3107,-1.1421
124.407,1.3369,0.6396,-0.5577,-0.0421,1.4127,0.5799,0.5023,0.3539,15.3107,-1.1421
124.408,1.3369,0.6421,-0.5742,-0.0421,1.4127,0.5873,0.4858,0.3539,15.3107,-1.1421
124.508,1.3369,0.6421,-0.5742,-0.0510,1.4143,0.5910,0.4858,0.3450,15.3207,-1.1425
124.522,1.3309,0.6398,-0.5742,-0.0464,1.4143,0.5910,0.4858,0.3496,15.3207,-1.1425
124.523,1.3184,0.6398,-0.5890,-0.0464,1.4002,0.5910,0.4710,0.3496,15.3207,-1.1425
124.524,1.3184,0.6406,-0.6046,-0.0464,1.4002,0.5969,0.4554,0.3496,15.3207,-1.1425
124.625,1.3184,0.6406,-0.6046,-0.0464,1.4002,0.5969,0.4554,0.3496,15.3207,-1.1425
124.626,1.3184,0.6406,-0.6046,-0.0553,1.4018,0.6006,0.4554,0.3407,15.3306,-1.1429
124.641,1.3124,0.6383,-0.6046,-0.0501,1.4018,0.6006,0.4554,0.3459,15.3306,-1.1429
124.642,1.2992,0.6383,-0.6199,-0.0501,1.3872,0.6006,0.4401,0.3459,15.3306,-1.1429
124.643,1.2992,0.6379,-0.6342,-0.0501,1.3872,0.6054,0.4258,0.3459,15.3306,-1.1429
124.744,1.2992,0.6379,-0.6342,-0.0501,1.3872,0.6054,0.4258,0.3459,15.3306,-1.1429
124.749,1.2992,0.6379,-0.6342,-0.0591,1.3888,0.6091,0.4258,0.3369,15.3406,-1.1433
124.770,1.2926,0.6349,-0.6342,-0.0538,1.3888,0.6091,0.4258,0.3422,15.3406,-1.1433
124.770,1.2793,0.6349,-0.6496,-0.0538,1.3741,0.6091,0.4104,0.3422,15.3406,-1.1433
124.771,1.2793,0.6343,-0.6627,-0.0538,1.3741,0.6134,0.3973,0.3422,15.3406,-1.1433
124.855,1.2793,0.6343,-0.6627,-0.0629,1.3758,0.6170,0.3973,0.3331,15.3505,-1.1436
124.874,1.2717,0.6304,-0.6627,-0.0581,1.3758,0.6170,0.3973,0.3379,15.3505,-1.1436
124.874,1.2577,0.6304,-0.6781,-0.0581,1.3606,0.6170,0.3819,0.3379,15.3505,-1.1436
124.875,1.2577,0.6287,-0.6894,-0.0581,1.3606,0.6201,0.3706,0.3379,15.3505,-1.1436
124.965,1.2577,0.6287,-0.6894,-0.0672,1.3624,0.6236,0.3706,0.3288,15.3605,-1.1440
124.973,1.2495,0.6238,-0.6894,-0.0629,1.3624,0.6236,0.3706,0.3331,15.3605,-1.1440
124.973,1.2341,0.6238,-0.7048,-0.0629,1.3463,0.6236,0.3552,0.3331,15.3605,-1.1440
124.974,1.2341,0.6197,-0.7137,-0.0629,1.3463,0.6242,0.3463,0.3331,15.3605,-1.1440
125.042,1.2341,0.6197,-0.7137,-0.0721,1.3481,0.6277,0.3463,0.3239,15.3704,-1.1444
125.046,1.2256,0.6145,-0.7137,-0.0680,1.3481,0.6277,0.3463,0.3280,15.3704,-1.1444
125.046,1.2088,0.6145,-0.7292,-0.0680,1.3312,0.6277,0.3308,0.3280,15.3704,-1.1444
125.046,1.2088,0.6076,-0.7356,-0.0680,1.3312,0.6256,0.3244,0.3280,15.3704,-1.1444
125.103,1.2088,0.6076,-0.7356,-0.0772,1.3331,0.6290,0.3244,0.3188,15.3804,-1.1448
125.104,1.2004,0.6025,-0.7356,-0.0727,1.3331,0.6290,0.3244,0.3233,15.3804,-1.1448
125.104,1.1831,0.6025,-0.7510,-0.0727,1.3159,0.6290,0.3090,0.3233,15.3804,-1.1448
125.104,1.1831,0.5939,-0.7556,-0.0727,1.3159,0.6253,0.3044,0.3233,15.3804,-1.1448
125.201,1.1831,0.5939,-0.7556,-0.0820,1.3178,0.6286,0.3044,0.3140,15.3903,-1.1452
125.212,1.1751,0.5891,-0.7556,-0.0768,1.3178,0.6286,0.3044,0.3192,15.3903,-1.1452
125.212,1.1581,0.5891,-0.7709,-0.0768,1.3008,0.6286,0.2891,0.3192,15.3903,-1.1452
125.212,1.1581,0.5796,-0.7739,-0.0768,1.3008,0.6237,0.2861,0.3192,15.3903,-1.1452
125.307,1.1581,0.5796,-0.7739,-0.0862,1.3028,0.6270,0.2861,0.3098,15.4003,-1.1456
125.314,1.1507,0.5753,-0.7739,-0.0802,1.3028,0.6270,0.2861,0.3158,15.4003,-1.1456
125.315,1.1339,0.5753,-0.7888,-0.0802,1.2862,0.6270,0.2712,0.3158,15.4003,-1.1456
125.315,1.1339,0.5652,-0.7906,-0.0802,1.2862,0.6214,0.2694,0.3158,15.4003,-1.1456
125.401,1.1339,0.5652,-0.7906,-0.0896,1.2881,0.6247,0.2694,0.3064,15.4102,-1.1460
125.402,1.1272,0.5615,-0.7906,-0.0831,1.2881,0.6247,0.2694,0.3129,15.4102,-1.1460
125.403,1.1101,0.5615,-0.8043,-0.0831,1.2719,0.6247,0.2557,0.3129,15.4102,-1.1460
125.404,1.1101,0.5503,-0.8044,-0.0831,1.2719,0.6177,0.2556,0.3129,15.4102,-1.1460
125.487,1.1101,0.5503,-0.8044,-0.0926,1.2739,0.6210,0.2556,0.3034,15.4202,-1.1464
125.487,1.1039,0.5470,-0.8044,-0.0855,1.2739,0.6210,0.2556,0.3105,15.4202,-1.1464
125.488,1.0854,0.5470,-0.8174,-0.0855,1.2574,0.6210,0.2426,0.3105,15.4202,-1.1464
125.489,1.0854,0.5339,-0.8153,-0.0855,1.2574,0.6120,0.2447,0.3105,15.4202,-1.1464
125.580,1.0854,0.5339,-0.8153,-0.0950,1.2593,0.6152,0.2447,0.3010,15.4302,-1.1467
125.581,1.0795,0.5310,-0.8153,-0.0875,1.2593,0.6152,0.2447,0.3085,15.4302,-1.1467
125.582,1.0600,0.5310,-0.8282,-0.0875,1.2423,0.6152,0.2318,0.3085,15.4302,-1.1467
125.583,1.0600,0.5157,-0.8240,-0.0875,1.2423,0.6040,0.2360,0.3085,15.4302,-1.1467
125.683,1.0600,0.5157,-0.8240,-0.0875,1.2423,0.6040,0.2360,0.3085,15.4302,-1.1467
125.693,1.0600,0.5157,-0.8240,-0.0970,1.2443,0.6072,0.2360,0.2990,15.4401,-1.1471
125.696,1.0544,0.5131,-0.8240,-0.0888,1.2443,0.6072,0.2360,0.3072,15.4401,-1.1471
125.696,1.0359,0.5131,-0.8370,-0.0888,1.2278,0.6072,0.2230,0.3072,15.4401,-1.1471
125.696,1.0359,0.4971,-0.8317,-0.0888,1.2278,0.5951,0.2283,0.3072,15.4401,-1.1471
125.782,1.0359,0.4971,-0.8317,-0.0984,1.2298,0.5983,0.2283,0.2976,15.4501,-1.1475
125.784,1.0307,0.4949,-0.8317,-0.0893,1.2298,0.5983,0.2283,0.3067,15.4501,-1.1475
125.785,1.0144,0.4949,-0.8436,-0.0893,1.2151,0.5983,0.2164,0.3067,15.4501,-1.1475
125.787,1.0144,0.4795,-0.8385,-0.0893,1.2151,0.5869,0.2215,0.3067,15.4501,-1.1475
125.887,1.0144,0.4795,-0.8385,-0.0893,1.2151,0.5869,0.2215,0.3067,15.4501,-1.1475
125.893,1.0144,0.4795,-0.8385,-0.0990,1.2171,0.5900,0.2215,0.2970,15.4600,-1.1479
125.894,1.0097,0.4780,-0.8385,-0.0890,1.2171,0.5900,0.2215,0.3070,15.4600,-1.1479
125.895,0.9943,0.4780,-0.8486,-0.0890,1.2039,0.5900,0.2114,0.3070,15.4600,-1.1479
125.895,0.9943,0.4637,-0.8440,-0.0890,1.2039,0.5796,0.2160,0.3070,15.4600,-1.1479
125.988,0.9943,0.4637,-0.8440,-0.0987,1.2058,0.5827,0.2160,0.2973,15.4700,-1.1483
126.003,0.9904,0.4629,-0.8440,-0.0879,1.2058,0.5827,0.2160,0.3081,15.4700,-1.1483
126.003,0.9732,0.4629,-0.8536,-0.0879,1.1920,0.5827,0.2064,0.3081,15.4700,-1.1483
126.003,0.9732,0.4488,-0.8490,-0.0879,1.1920,0.5724,0.2110,0.3081,15.4700,-1.1483
126.095,0.9732,0.4488,-0.8490,-0.0976,1.1940,0.5754,0.2110,0.2984,15.4799,-1.1487
126.113,0.9694,0.4482,-0.8490,-0.0863,1.1940,0.5754,0.2110,0.3097,15.4799,-1.1487
126.115,0.9509,0.4482,-0.8585,-0.0863,1.1796,0.5754,0.2015,0.3097,15.4799,-1.1487
126.116,0.9509,0.4334,-0.8533,-0.0863,1.1796,0.5644,0.2067,0.3097,15.4799,-1.1487
126.195,0.9509,0.4334,-0.8533,-0.0961,1.1815,0.5675,0.2067,0.2999,15.4899,-1.1490
126.198,0.9468,0.4325,-0.8533,-0.0846,1.1815,0.5675,0.2067,0.3114,15.4899,-1.1490
126.200,0.9291,0.4325,-0.8620,-0.0846,1.1680,0.5675,0.1980,0.3114,15.4899,-1.1490
126.201,0.9291,0.4165,-0.8560,-0.0846,1.1680,0.5555,0.2040,0.3114,15.4899,-1.1490
126.278,0.9291,0.4165,-0.8560,-0.0944,1.1699,0.5585,0.2040,0.3016,15.4999,-1.1494
126.279,0.9261,0.4168,-0.8560,-0.0820,1.1699,0.5585,0.2040,0.3140,15.4999,-1.1494
126.280,0.9104,0.4168,-0.8638,-0.0820,1.1579,0.5585,0.1962,0.3140,15.4999,-1.1494
126.282,0.9104,0.4001,-0.8571,-0.0820,1.1579,0.5458,0.2029,0.3140,15.4999,-1.1494
126.381,0.9104,0.4001,-0.8571,-0.0918,1.1598,0.5488,0.2029,0.3042,15.5098,-1.1498
126.384,0.9099,0.4030,-0.8571,-0.0775,1.1598,0.5488,0.2029,0.3185,15.5098,-1.1498
126.387,0.8951,0.4030,-0.8649,-0.0775,1.1483,0.5488,0.1951,0.3185,15.5098,-1.1498
126.389,0.8951,0.3862,-0.8575,-0.0775,1.1483,0.5357,0.2025,0.3185,15.5098,-1.1498
126.486,0.8951,0.3862,-0.8575,-0.0874,1.1502,0.5387,0.2025,0.3086,15.5198,-1.1502
126.487,0.8973,0.3918,-0.8575,-0.0712,1.1502,0.5387,0.2025,0.3248,15.5198,-1.1502
126.491,0.8814,0.3918,-0.8658,-0.0712,1.1378,0.5387,0.1942,0.3248,15.5198,-1.1502
126.493,0.8814,0.3750,-0.8575,-0.0712,1.1378,0.5252,0.2025,0.3248,15.5198,-1.1502
126.585,0.8814,0.3750,-0.8575,-0.0811,1.1397,0.5282,0.2025,0.3149,15.5297,-1.1506
126.586,0.8850,0.3821,-0.8575,-0.0640,1.1397,0.5282,0.2025,0.3320,15.5297,-1.1506
126.587,0.8672,0.3821,-0.8668,-0.0640,1.1260,0.5282,0.1932,0.3320,15.5297,-1.1506
126.590,0.8672,0.3654,-0.8577,-0.0640,1.1260,0.5143,0.2023,0.3320,15.5297,-1.1506
126.686,0.8672,0.3654,-0.8577,-0.0739,1.1278,0.5173,0.2023,0.3221,15.5397,-1.1510
126.687,0.8712,0.3727,-0.8577,-0.0571,1.1278,0.5173,0.2023,0.3389,15.5397,-1.1510
126.687,0.8525,0.3727,-0.8677,-0.0571,1.1132,0.5173,0.1923,0.3389,15.5397,-1.1510
126.689,0.8525,0.3568,-0.8577,-0.0571,1.1132,0.5032,0.2023,0.3389,15.5397,-1.1510
126.789,0.8525,0.3568,-0.8577,-0.0571,1.1132,0.5032,0.2023,0.3389,15.5397,-1.1510
126.806,0.8525,0.3568,-0.8577,-0.0670,1.1150,0.5062,0.2023,0.3290,15.5496,-1.1513
126.813,0.8592,0.3673,-0.8577,-0.0467,1.1150,0.5062,0.2023,0.3493,15.5496,-1.1513
126.813,0.8410,0.3673,-0.8680,-0.0467,1.1005,0.5062,0.1920,0.3493,15.5496,-1.1513
126.814,0.8410,0.3527,-0.8572,-0.0467,1.1005,0.4924,0.2028,0.3493,15.5496,-1.1513
126.914,0.8410,0.3527,-0.8572,-0.0467,1.1005,0.4924,0.2028,0.3493,15.5496,-1.1513
126.924,0.8410,0.3527,-0.8572,-0.0565,1.1023,0.4954,0.2028,0.3395,15.5596,-1.1517
126.924,0.8582,0.3753,-0.8572,-0.0229,1.1023,0.4954,0.2028,0.3731,15.5596,-1.1517
126.924,0.8406,0.3753,-0.8674,-0.0229,1.0881,0.4954,0.1926,0.3731,15.5596,-1.1517
126.925,0.8406,0.3620,-0.8557,-0.0229,1.0881,0.4817,0.2043,0.3731,15.5596,-1.1517
126.985,0.8406,0.3620,-0.8557,-0.0328,1.0899,0.4848,0.2043,0.3632,15.5695,-1.1521
126.985,0.8661,0.3939,-0.8557,0.0097,1.0899,0.4848,0.2043,0.4057,15.5695,-1.1521
126.986,0.8479,0.3939,-0.8669,0.0097,1.0747,0.4848,0.1931,0.4057,15.5695,-1.1521
126.986,0.8479,0.3820,-0.8544,0.0097,1.0747,0.4713,0.2056,0.4057,15.5695,-1.1521
127.086,0.8479,0.3820,-0.8544,0.0097,1.0747,0.4713,0.2056,0.4057,15.5695,-1.1521
127.091,0.8479,0.3820,-0.8544,-0.0002,1.0764,0.4744,0.2056,0.3958,15.5795,-1.1525
127.092,0.8699,0.4103,-0.8544,0.0388,1.0764,0.4744,0.2056,0.4348,15.5795,-1.1525
127.093,0.8505,0.4103,-0.8673,0.0388,1.0597,0.4744,0.1927,0.4348,15.5795,-1.1525
127.095,0.8505,0.3992,-0.8543,0.0388,1.0597,0.4611,0.2057,0.4348,15.5795,-1.1525
127.195,0.8505,0.3992,-0.8543,0.0388,1.0597,0.4611,0.2057,0.4348,15.5795,-1.1525
127.197,0.8505,0.3992,-0.8543,0.0289,1.0614,0.4643,0.2057,0.4249,15.5895,-1.1529
127.197,0.8632,0.4183,-0.8543,0.0608,1.0614,0.4643,0.2057,0.4568,15.5895,-1.1529
127.197,0.8435,0.4183,-0.8679,0.0608,1.0440,0.4643,0.1921,0.4568,15.5895,-1.1529
127.198,0.8435,0.4078,-0.8549,0.0608,1.0440,0.4513,0.2051,0.4568,15.5895,-1.1529
127.298,0.8435,0.4078,-0.8549,0.0608,1.0440,0.4513,0.2051,0.4568,15.5895,-1.1529
127.320,0.8435,0.4078,-0.8549,0.0509,1.0457,0.4546,0.2051,0.4469,15.5994,-1.1533
127.321,0.8501,0.4225,-0.8549,0.0835,1.0457,0.4546,0.2051,0.4795,15.5994,-1.1533
127.321,0.8306,0.4225,-0.8688,0.0835,1.0280,0.4546,0.1912,0.4795,15.5994,-1.1533
127.321,0.8306,0.4141,-0.8557,0.0835,1.0280,0.4425,0.2043,0.4795,15.5994,-1.1533
127.388,0.8306,0.4141,-0.8557,0.0736,1.0298,0.4460,0.2043,0.4696,15.6094,-1.1536
127.388,0.8297,0.4232,-0.8557,0.1071,1.0298,0.4460,0.2043,0.5031,15.6094,-1.1536
127.388,0.8106,0.4232,-0.8706,0.1071,1.0116,0.4460,0.1894,0.5031,15.6094,-1.1536
127.389,0.8106,0.4182,-0.8573,0.1071,1.0116,0.4357,0.2027,0.5031,15.6094,-1.1536
127.489,0.8106,0.4182,-0.8573,0.1071,1.0116,0.4357,0.2027,0.5031,15.6094,-1.1536
127.500,0.8106,0.4182,-0.8573,0.0971,1.0134,0.4393,0.2027,0.4931,15.6193,-1.1540
127.500,0.8128,0.4282,-0.8573,0.1241,1.0134,0.4393,0.2027,0.5201,15.6193,-1.1540
127.500,0.7948,0.4282,-0.8731,0.1241,0.9950,0.4393,0.1869,0.5201,15.6193,-1.1540
127.501,0.7948,0.4248,-0.8600,0.1241,0.9950,0.4302,0.2000,0.5201,15.6193,-1.1540
127.585,0.7948,0.4248,-0.8600,0.1142,0.9969,0.4339,0.2000,0.5102,15.6293,-1.1544
127.586,0.8164,0.4455,-0.8600,0.1268,0.9969,0.4339,0.2000,0.5228,15.6293,-1.1544
127.587,0.8000,0.4455,-0.8763,0.1268,0.9790,0.4339,0.1837,0.5228,15.6293,-1.1544
127.587,0.8000,0.4407,-0.8628,0.1268,0.9790,0.4238,0.1972,0.5228,15.6293,-1.1544
127.685,0.8000,0.4407,-0.8628,0.1168,0.9808,0.4276,0.1972,0.5128,15.6392,-1.1548
127.702,0.8224,0.4588,-0.8628,0.1196,0.9808,0.4276,0.1972,0.5156,15.6392,-1.1548
127.703,0.8074,0.4588,-0.8792,0.1196,0.9636,0.4276,0.1808,0.5156,15.6392,-1.1548
127.704,0.8074,0.4524,-0.8649,0.1196,0.9636,0.4162,0.1951,0.5156,15.6392,-1.1548
127.800,0.8074,0.4524,-0.8649,0.1097,0.9656,0.4202,0.1951,0.5057,15.6492,-1.1552
127.812,0.8088,0.4537,-0.8649,0.1103,0.9656,0.4202,0.1951,0.5063,15.6492,-1.1552
127.812,0.7946,0.4537,-0.8810,0.1103,0.9489,0.4202,0.1790,0.5063,15.6492,-1.1552
127.812,0.7946,0.4474,-0.8664,0.1103,0.9489,0.4087,0.1936,0.5063,15.6492,-1.1552
127.881,0.7946,0.4474,-0.8664,0.1004,0.9509,0.4128,0.1936,0.4964,15.6592,-1.1555
127.883,0.7857,0.4411,-0.8664,0.1016,0.9509,0.4128,0.1936,0.4976,15.6592,-1.1555
127.885,0.7725,0.4411,-0.8822,0.1016,0.9350,0.4128,0.1778,0.4976,15.6592,-1.1555
127.888,0.7725,0.4350,-0.8676,0.1016,0.9350,0.4015,0.1924,0.4976,15.6592,-1.1555
127.988,0.7725,0.4350,-0.8676,0.1016,0.9350,0.4015,0.1924,0.4976,15.6592,-1.1555
127.989,0.7725,0.4350,-0.8676,0.0917,0.9370,0.4057,0.1924,0.4877,15.6691,-1.1559
127.993,0.7755,0.4383,-0.8676,0.0949,0.9370,0.4057,0.1924,0.4909,15.6691,-1.1559
127.994,0.7639,0.4383,-0.8832,0.0949,0.9220,0.4057,0.1768,0.4909,15.6691,-1.1559
127.997,0.7639,0.4313,-0.8682,0.0949,0.9220,0.3937,0.1918,0.4909,15.6691,-1.1559
128.098,0.7639,0.4313,-0.8682,0.0949,0.9220,0.3937,0.1918,0.4909,15.6691,-1.1559
128.100,0.7639,0.4313,-0.8682,0.0849,0.9242,0.3980,0.1918,0.4809,15.6791,-1.1563
128.111,0.7826,0.4486,-0.8682,0.0947,0.9242,0.3980,0.1918,0.4907,15.6791,-1.1563
128.111,0.7718,0.4486,-0.8840,0.0947,0.9096,0.3980,0.1760,0.4907,15.6791,-1.1563
128.112,0.7718,0.4396,-0.8685,0.0947,0.9096,0.3844,0.1915,0.4907,15.6791,-1.1563
128.187,0.7718,0.4396,-0.8685,0.0848,0.9119,0.3889,0.1915,0.4808,15.6890,-1.1567
128.189,0.7880,0.4571,-0.8685,0.1011,0.9119,0.3889,0.1915,0.4971,15.6890,-1.1567
128.191,0.7780,0.4571,-0.8843,0.1011,0.8978,0.3889,0.1757,0.4971,15.6890,-1.1567
128.193,0.7780,0.4455,-0.8683,0.1011,0.8978,0.3732,0.1917,0.4971,15.6890,-1.1567
128.277,0.7780,0.4455,-0.8683,0.0912,0.9001,0.3777,0.1917,0.4872,15.6990,-1.1571
128.278,0.7807,0.4541,-0.8683,0.1105,0.9001,0.3777,0.1917,0.5065,15.6990,-1.1571
128.279,0.7723,0.4541,-0.8839,0.1105,0.8871,0.3777,0.1761,0.5065,15.6990,-1.1571
128.280,0.7723,0.4406,-0.8681,0.1105,0.8871,0.3607,0.1919,0.5065,15.6990,-1.1571
128.389,0.7723,0.4406,-0.8681,0.1006,0.8896,0.3654,0.1919,0.4966,15.7089,-1.1575
128.389,0.7723,0.4406,-0.8681,0.1006,0.8896,0.3654,0.1919,0.4966,15.7089,-1.1575
128.390,0.7687,0.4421,-0.8681,0.1124,0.8896,0.3654,0.1919,0.5084,15.7089,-1.1575
128.392,0.7615,0.4421,-0.8833,0.1124,0.8774,0.3654,0.1767,0.5084,15.7089,-1.1575
128.394,0.7615,0.4284,-0.8679,0.1124,0.8774,0.3483,0.1921,0.5084,15.7089,-1.1575
128.494,0.7615,0.4284,-0.8679,0.1124,0.8774,0.3483,0.1921,0.5084,15.7089,-1.1575
128.539,0.7615,0.4284,-0.8679,0.1025,0.8799,0.3531,0.1921,0.4985,15.7189,-1.1578
128.540,0.7583,0.4289,-0.8679,0.1108,0.8799,0.3531,0.1921,0.5068,15.7189,-1.1578
128.540,0.7503,0.4289,-0.8837,0.1108,0.8669,0.3531,0.1763,0.5068,15.7189,-1.1578
128.540,0.7503,0.4158,-0.8686,0.1108,0.8669,0.3367,0.1914,0.5068,15.7189,-1.1578
128.637,0.7503,0.4158,-0.8686,0.1008,0.8696,0.3415,0.1914,0.4968,15.7288,-1.1582
128.653,0.7481,0.4173,-0.8686,0.1096,0.8696,0.3415,0.1914,0.5056,15.7288,-1.1582
128.654,0.7380,0.4173,-0.8856,0.1096,0.8548,0.3415,0.1744,0.5056,15.7288,-1.1582
128.655,0.7380,0.4041,-0.8703,0.1096,0.8548,0.3250,0.1897,0.5056,15.7288,-1.1582
128.756,0.7380,0.4041,-0.8703,0.1096,0.8548,0.3250,0.1897,0.5056,15.7288,-1.1582
128.761,0.7380,0.4041,-0.8703,0.0997,0.8575,0.3299,0.1897,0.4957,15.7388,-1.1586
128.762,0.7334,0.4030,-0.8703,0.1061,0.8575,0.3299,0.1897,0.5021,15.7388,-1.1586
128.763,0.7216,0.4030,-0.8883,0.1061,0.8411,0.3299,0.1717,0.5021,15.7388,-1.1586
128.764,0.7216,0.3889,-0.8729,0.1061,0.8411,0.3126,0.1871,0.5021,15.7388,-1.1586
128.865,0.7216,0.3889,-0.8729,0.1061,0.8411,0.3126,0.1871,0.5021,15.7388,-1.1586
128.892,0.7216,0.3889,-0.8729,0.0961,0.8440,0.3176,0.1871,0.4921,15.7487,-1.1590
128.893,0.7115,0.3815,-0.8729,0.0960,0.8440,0.3176,0.1871,0.4920,15.7487,-1.1590
128.893,0.6986,0.3815,-0.8915,0.0960,0.8266,0.3176,0.1685,0.4920,15.7487,-1.1590
128.893,0.6986,0.3662,-0.8765,0.0960,0.8266,0.2996,0.1835,0.4920,15.7487,-1.1590
128.994,0.6986,0.3662,-0.8765,0.0960,0.8266,0.2996,0.1835,0.4920,15.7487,-1.1590
129.019,0.6986,0.3662,-0.8765,0.0860,0.8295,0.3047,0.1835,0.4820,15.7587,-1.1594
129.025,0.6841,0.3534,-0.8765,0.0794,0.8295,0.3047,0.1835,0.4754,15.7587,-1.1594
129.025,0.6713,0.3534,-0.8947,0.0794,0.8125,0.3047,0.1653,0.4754,15.7587,-1.1594
129.025,0.6713,0.3376,-0.8807,0.0794,0.8125,0.2869,0.1793,0.4754,15.7587,-1.1594
129.126,0.6713,0.3376,-0.8807,0.0794,0.8125,0.2869,0.1793,0.4754,15.7587,-1.1594
129.143,0.6713,0.3376,-0.8807,0.0694,0.8155,0.2921,0.1793,0.4654,15.7687,-1.1597
129.144,0.6561,0.3231,-0.8807,0.0597,0.8155,0.2921,0.1793,0.4557,15.7687,-1.1597
129.145,0.6429,0.3231,-0.8983,0.0597,0.7985,0.2921,0.1617,0.4557,15.7687,-1.1597
129.146,0.6429,0.3075,-0.8851,0.0597,0.7985,0.2748,0.1749,0.4557,15.7687,-1.1597
129.247,0.6429,0.3075,-0.8851,0.0597,0.7985,0.2748,0.1749,0.4557,15.7687,-1.1597
129.250,0.6429,0.3075,-0.8851,0.0497,0.8016,0.2801,0.1749,0.4457,15.7786,-1.1601
129.255,0.6291,0.2939,-0.8851,0.0397,0.8016,0.2801,0.1749,0.4357,15.7786,-1.1601
129.256,0.6143,0.2939,-0.9027,0.0397,0.7838,0.2801,0.1573,0.4357,15.7786,-1.1601
129.257,0.6143,0.2785,-0.8899,0.0397,0.7838,0.2632,0.1701,0.4357,15.7786,-1.1601
129.350,0.6143,0.2785,-0.8899,0.0297,0.7870,0.2685,0.1701,0.4257,15.7886,-1.1605
129.351,0.6014,0.2658,-0.8899,0.0202,0.7870,0.2685,0.1701,0.4162,15.7886,-1.1605
129.351,0.5845,0.2658,-0.9078,0.0202,0.7678,0.2685,0.1522,0.4162,15.7886,-1.1605
129.352,0.5845,0.2502,-0.8951,0.0202,0.7678,0.2515,0.1649,0.4162,15.7886,-1.1605
129.431,0.5845,0.2502,-0.8951,0.0103,0.7711,0.2568,0.1649,0.4063,15.7985,-1.1609
129.432,0.5725,0.2389,-0.8951,0.0032,0.7711,0.2568,0.1649,0.3992,15.7985,-1.1609
129.433,0.5542,0.2389,-0.9129,0.0032,0.7512,0.2568,0.1471,0.3992,15.7985,-1.1609
129.434,0.5542,0.2227,-0.9003,0.0032,0.7512,0.2395,0.1597,0.3992,15.7985,-1.1609
129.514,0.5542,0.2227,-0.9003,-0.0067,0.7545,0.2449,0.1597,0.3893,15.8085,-1.1613
129.515,0.5430,0.2129,-0.9003,-0.0112,0.7545,0.2449,0.1597,0.3848,15.8085,-1.1613
129.516,0.5246,0.2129,-0.9174,-0.0112,0.7348,0.2449,0.1426,0.3848,15.8085,-1.1613
129.517,0.5246,0.1959,-0.9057,-0.0112,0.7348,0.2273,0.1543,0.3848,15.8085,-1.1613
129.599,0.5246,0.1959,-0.9057,-0.0211,0.7382,0.2327,0.1543,0.3749,15.8184,-1.1616
129.600,0.5129,0.1858,-0.9057,-0.0252,0.7382,0.2327,0.1543,0.3708,15.8184,-1.1616
129.600,0.4955,0.1858,-0.9221,-0.0252,0.7196,0.2327,0.1379,0.3708,15.8184,-1.1616
129.601,0.4955,0.1680,-0.9119,-0.0252,0.7196,0.2154,0.1481,0.3708,15.8184,-1.1616
129.683,0.4955,0.1680,-0.9119,-0.0351,0.7230,0.2209,0.1481,0.3609,15.8284,-1.1620
129.684,0.4821,0.1564,-0.9119,-0.0398,0.7230,0.2209,0.1481,0.3562,15.8284,-1.1620
129.685,0.4651,0.1564,-0.9275,-0.0398,0.7050,0.2209,0.1325,0.3562,15.8284,-1.1620
129.687,0.4651,0.1379,-0.9180,-0.0398,0.7050,0.2035,0.1420,0.3562,15.8284,-1.1620
129.773,0.4651,0.1379,-0.9180,-0.0497,0.7084,0.2090,0.1420,0.3463,15.8384,-1.1624
129.775,0.4506,0.1257,-0.9180,-0.0539,0.7084,0.2090,0.1420,0.3421,15.8384,-1.1624
129.777,0.4330,0.1257,-0.9331,-0.0539,0.6903,0.2090,0.1269,0.3421,15.8384,-1.1624
129.779,0.4330,0.1072,-0.9238,-0.0539,0.6903,0.1917,0.1362,0.3421,15.8384,-1.1624
129.867,0.4330,0.1072,-0.9238,-0.0638,0.6938,0.1972,0.1362,0.3322,15.8483,-1.1628
129.869,0.4200,0.0970,-0.9238,-0.0653,0.6938,0.1972,0.1362,0.3307,15.8483,-1.1628
129.871,0.4012,0.0970,-0.9387,-0.0653,0.6753,0.1972,0.1213,0.3307,15.8483,-1.1628
129.873,0.4012,0.0793,-0.9288,-0.0653,0.6753,0.1803,0.1312,0.3307,15.8483,-1.1628
129.963,0.4012,0.0793,-0.9288,-0.0752,0.6788,0.1858,0.1312,0.3208,15.8583,-1.1632
129.965,0.3913,0.0723,-0.9288,-0.0738,0.6788,0.1858,0.1312,0.3222,15.8583,-1.1632
129.967,0.3722,0.0723,-0.9433,-0.0738,0.6603,0.1858,0.1167,0.3222,15.8583,-1.1632
129.969,0.3722,0.0548,-0.9332,-0.0738,0.6603,0.1690,0.1268,0.3222,15.8583,-1.1632
130.055,0.3722,0.0548,-0.9332,-0.0837,0.6639,0.1745,0.1268,0.3123,15.8682,-1.1635
130.058,0.3647,0.0501,-0.9332,-0.0808,0.6639,0.1745,0.1268,0.3152,15.8682,-1.1635
130.059,0.3463,0.0501,-0.9471,-0.0808,0.6461,0.1745,0.1129,0.3152,15.8682,-1.1635
130.061,0.3463,0.0317,-0.9369,-0.0808,0.6461,0.1569,0.1231,0.3152,15.8682,-1.1635
130.161,0.3463,0.0317,-0.9369,-0.0808,0.6461,0.1569,0.1231,0.3152,15.8682,-1.1635
130.177,0.3463,0.0317,-0.9369,-0.0907,0.6496,0.1625,0.1231,0.3053,15.8782,-1.1639
130.179,0.3380,0.0268,-0.9369,-0.0870,0.6496,0.1625,0.1231,0.3090,15.8782,-1.1639
130.181,0.3205,0.0268,-0.9505,-0.0870,0.6325,0.1625,0.1095,0.3090,15.8782,-1.1639
130.183,0.3205,0.0071,-0.9405,-0.0870,0.6325,0.1442,0.1195,0.3090,15.8782,-1.1639
130.255,0.3205,0.0071,-0.9405,-0.0968,0.6361,0.1498,0.1195,0.2992,15.8881,-1.1643
130.257,0.3092,-0.0001,-0.9405,-0.0929,0.6361,0.1498,0.1195,0.3031,15.8881,-1.1643
130.258,0.2920,-0.0001,-0.9542,-0.0929,0.6192,0.1498,0.1058,0.3031,15.8881,-1.1643
130.260,0.2920,-0.0205,-0.9454,-0.0929,0.6192,0.1317,0.1146,0.3031,15.8881,-1.1643
130.346,0.2920,-0.0205,-0.9454,-0.1027,0.6228,0.1373,0.1146,0.2933,15.8981,-1.1647
130.348,0.2787,-0.0294,-0.9454,-0.0987,0.6228,0.1373,0.1146,0.2973,15.8981,-1.1647
130.349,0.2610,-0.0294,-0.9597,-0.0987,0.6052,0.1373,0.1003,0.2973,15.8981,-1.1647
130.351,0.2610,-0.0497,-0.9512,-0.0987,0.6052,0.1196,0.1088,0.2973,15.8981,-1.1647
130.432,0.2610,-0.0497,-0.9512,-0.1085,0.6089,0.1251,0.1088,0.2875,15.9080,-1.1651
130.434,0.2479,-0.0585,-0.9512,-0.1046,0.6089,0.1251,0.1088,0.2914,15.9080,-1.1651
130.436,0.2294,-0.0585,-0.9660,-0.1046,0.5907,0.1251,0.0940,0.2914,15.9080,-1.1651
130.437,0.2294,-0.0781,-0.9568,-0.1046,0.5907,0.1076,0.1032,0.2914,15.9080,-1.1651
130.528,0.2294,-0.0781,-0.9568,-0.1143,0.5944,0.1131,0.1032,0.2817,15.9180,-1.1654
130.530,0.2183,-0.0852,-0.9568,-0.1097,0.5944,0.1131,0.1032,0.2863,15.9180,-1.1654
130.532,0.1996,-0.0852,-0.9716,-0.1097,0.5761,0.1131,0.0884,0.2863,15.9180,-1.1654
130.535,0.1996,-0.1039,-0.9608,-0.1097,0.5761,0.0954,0.0992,0.2863,15.9180,-1.1654
130.636,0.1996,-0.1039,-0.9608,-0.1097,0.5761,0.0954,0.0992,0.2863,15.9180,-1.1654
130.644,0.1996,-0.1039,-0.9608,-0.1193,0.5798,0.1009,0.0992,0.2767,15.9280,-1.1658
130.646,0.1914,-0.1080,-0.9608,-0.1123,0.5798,0.1009,0.0992,0.2837,15.9280,-1.1658
130.648,0.1736,-0.1080,-0.9743,-0.1123,0.5628,0.1009,0.0857,0.2837,15.9280,-1.1658
130.649,0.1736,-0.1266,-0.9619,-0.1123,0.5628,0.0823,0.0981,0.2837,15.9280,-1.1658
130.745,0.1736,-0.1266,-0.9619,-0.1218,0.5666,0.0879,0.0981,0.2742,15.9379,-1.1662
130.745,0.1689,-0.1265,-0.9619,-0.1109,0.5666,0.0879,0.0981,0.2851,15.9379,-1.1662
130.746,0.1525,-0.1265,-0.9736,-0.1109,0.5514,0.0879,0.0864,0.2851,15.9379,-1.1662
130.746,0.1525,-0.1458,-0.9601,-0.1109,0.5514,0.0683,0.0999,0.2851,15.9379,-1.1662
130.826,0.1525,-0.1458,-0.9601,-0.1203,0.5551,0.0739,0.0999,0.2757,15.9479,-1.1666
130.828,0.1515,-0.1414,-0.9601,-0.1055,0.5551,0.0739,0.0999,0.2905,15.9479,-1.1666
130.830,0.1368,-0.1414,-0.9704,-0.1055,0.5417,0.0739,0.0896,0.2905,15.9479,-1.1666
130.831,0.1368,-0.1614,-0.9565,-0.1055,0.5417,0.0535,0.1035,0.2905,15.9479,-1.1666
130.912,0.1368,-0.1614,-0.9565,-0.1149,0.5454,0.0592,0.1035,0.2811,15.9578,-1.1670
130.913,0.1378,-0.1548,-0.9565,-0.0984,0.5454,0.0592,0.1035,0.2976,15.9578,-1.1670
130.914,0.1224,-0.1548,-0.9684,-0.0984,0.5307,0.0592,0.0916,0.2976,15.9578,-1.1670
130.915,0.1224,-0.1746,-0.9550,-0.0984,0.5307,0.0392,0.1050,0.2976,15.9578,-1.1670
131.002,0.1224,-0.1746,-0.9550,-0.1078,0.5345,0.0449,0.1050,0.2882,15.9678,-1.1674
131.005,0.1227,-0.1689,-0.9550,-0.0925,0.5345,0.0449,0.1050,0.3035,15.9678,-1.1674
131.005,0.1033,-0.1689,-0.9711,-0.0925,0.5152,0.0449,0.0889,0.3035,15.9678,-1.1674
131.005,0.1033,-0.1867,-0.9593,-0.0925,0.5152,0.0272,0.1007,0.3035,15.9678,-1.1674
131.090,0.1033,-0.1867,-0.9593,-0.1019,0.5190,0.0328,0.1007,0.2941,15.9777,-1.1677
131.093,0.1044,-0.1805,-0.9593,-0.0871,0.5190,0.0328,0.1007,0.3089,15.9777,-1.1677
131.095,0.0821,-0.1805,-0.9776,-0.0871,0.4969,0.0328,0.0824,0.3089,15.9777,-1.1677
131.098,0.0821,-0.1967,-0.9658,-0.0871,0.4969,0.0159,0.0942,0.3089,15.9777,-1.1677
131.182,0.0821,-0.1967,-0.9658,-0.0964,0.5007,0.0216,0.0942,0.2996,15.9877,-1.1681
131.183,0.0863,-0.1876,-0.9658,-0.0802,0.5007,0.0216,0.0942,0.3158,15.9877,-1.1681
131.184,0.0641,-0.1876,-0.9837,-0.0802,0.4789,0.0216,0.0763,0.3158,15.9877,-1.1681
131.185,0.0641,-0.2036,-0.9694,-0.0802,0.4789,0.0031,0.0906,0.3158,15.9877,-1.1681
131.286,0.0641,-0.2036,-0.9694,-0.0802,0.4789,0.0031,0.0906,0.3158,15.9877,-1.1681
131.291,0.0641,-0.2036,-0.9694,-0.0895,0.4827,0.0089,0.0906,0.3065,15.9976,-1.1685
131.291,0.0728,-0.1902,-0.9694,-0.0709,0.4827,0.0089,0.0906,0.3251,15.9976,-1.1685
131.292,0.0527,-0.1902,-0.9853,-0.0709,0.4632,0.0089,0.0747,0.3251,15.9976,-1.1685
131.292,0.0527,-0.2068,-0.9680,-0.0709,0.4632,-0.0119,0.0920,0.3251,15.9976,-1.1685
131.392,0.0527,-0.2068,-0.9680,-0.0709,0.4632,-0.0119,0.0920,0.3251,15.9976,-1.1685
131.394,0.0527,-0.2068,-0.9680,-0.0801,0.4671,-0.0061,0.0920,0.3159,16.0076,-1.1689
131.394,0.0643,-0.1907,-0.9680,-0.0605,0.4671,-0.0061,0.0920,0.3355,16.0076,-1.1689
131.395,0.0452,-0.1907,-0.9833,-0.0605,0.4482,-0.0061,0.0767,0.3355,16.0076,-1.1689
131.396,0.0452,-0.2067,-0.9658,-0.0605,0.4482,-0.0268,0.0942,0.3355,16.0076,-1.1689
131.486,0.0452,-0.2067,-0.9658,-0.0697,0.4521,-0.0209,0.0942,0.3263,16.0176,-1.1692
131.486,0.0579,-0.1898,-0.9658,-0.0501,0.4521,-0.0209,0.0942,0.3459,16.0176,-1.1692
131.487,0.0383,-0.1898,-0.9814,-0.0501,0.4328,-0.0209,0.0786,0.3459,16.0176,-1.1692
131.487,0.0383,-0.2044,-0.9653,-0.0501,0.4328,-0.0401,0.0947,0.3459,16.0176,-1.1692
131.595,0.0383,-0.2044,-0.9653,-0.0593,0.4367,-0.0341,0.0947,0.3367,16.0275,-1.1696
131.596,0.0383,-0.2044,-0.9653,-0.0593,0.4367,-0.0341,0.0947,0.3367,16.0275,-1.1696
131.601,0.0493,-0.1890,-0.9653,-0.0407,0.4367,-0.0341,0.0947,0.3553,16.0275,-1.1696
131.601,0.0302,-0.1890,-0.9801,-0.0407,0.4180,-0.0341,0.0799,0.3553,16.0275,-1.1696
131.601,0.0302,-0.2023,-0.9655,-0.0407,0.4180,-0.0517,0.0945,0.3443,16.0275,-1.1696
131.687,0.0302,-0.2023,-0.9655,-0.0499,0.4220,-0.0456,0.0945,0.3461,16.0375,-1.1700
131.688,0.0385,-0.1891,-0.9655,-0.0320,0.4220,-0.0456,0.0945,0.3504,16.0375,-1.1700
131.689,0.0211,-0.1891,-0.9782,-0.0320,0.4054,-0.0456,0.0818,0.3504,16.0375,-1.1700
131.690,0.0211,-0.2017,-0.9635,-0.0320,0.4054,-0.0629,0.0965,0.3331,16.0375,-1.1700
131.785,0.0211,-0.2017,-0.9635,-0.0412,0.4093,-0.0567,0.0965,0.3393,16.0474,-1.1703
131.785,0.0281,-0.1896,-0.9635,-0.0237,0.4093,-0.0567,0.0965,0.3393,16.0474,-1.1703
131.786,0.0127,-0.1896,-0.9743,-0.0237,0.3949,-0.0567,0.0857,0.3393,16.0474,-1.1703
131.786,0.0127,-0.2012,-0.9588,-0.0237,0.3949,-0.0741,0.1012,0.3219,16.0474,-1.1703
131.873,0.0127,-0.2012,-0.9588,-0.0328,0.3989,-0.0678,0.1012,0.3282,16.0574,-1.1707
131.873,0.0212,-0.1877,-0.9588,-0.0149,0.3989,-0.0678,0.1012,0.3282,16.0574,-1.1707
131.874,0.0067,-0.1877,-0.9690,-0.0149,0.3852,-0.0678,0.0910,0.3282,16.0574,-1.1707
131.874,0.0067,-0.1981,-0.9527,-0.0149,0.3852,-0.0851,0.1073,0.3109,16.0574,-1.1707
131.972,0.0067,-0.1981,-0.9527,-0.0240,0.3892,-0.0787,0.1073,0.3173,16.0673,-1.1711
131.973,0.0162,-0.1835,-0.9527,-0.0053,0.3892,-0.0787,0.1073,0.3173,16.0673,-1.1711
131.973,0.0017,-0.1835,-0.9631,-0.0053,0.3753,-0.0787,0.0969,0.3173,16.0673,-1.1711
131.973,0.0017,-0.1927,-0.9467,-0.0053,0.3753,-0.0954,0.1133,0.3007,16.0673,-1.1711
132.072,0.0017,-0.1927,-0.9467,-0.0144,0.3794,-0.0888,0.1133,0.3072,16.0773,-1.1715
132.072,0.0098,-0.1790,-0.9467,0.0041,0.3794,-0.0888,0.1133,0.3072,16.0773,-1.1715
132.073,-0.0053,-0.1790,-0.9577,0.0041,0.3647,-0.0888,0.1023,0.3072,16.0773,-1.1715
132.073,-0.0053,-0.1874,-0.9415,0.0041,0.3647,-0.1049,0.1185,0.2911,16.0773,-1.1715
132.173,-0.0053,-0.1874,-0.9415,0.0041,0.3647,-0.1049,0.1185,0.2911,16.0773,-1.1715
132.178,-0.0053,-0.1874,-0.9415,-0.0050,0.3687,-0.0983,0.1185,0.2977,16.0873,-1.1718
132.178,0.0004,-0.1757,-0.9415,0.0126,0.3687,-0.0983,0.1185,0.2977,16.0873,-1.1718
132.178,-0.0156,-0.1757,-0.9532,0.0126,0.3530,-0.0983,0.1068,0.2977,16.0873,-1.1718
132.179,-0.0156,-0.1838,-0.9369,0.0126,0.3530,-0.1144,0.1231,0.2817,16.0873,-1.1718
132.279,-0.0156,-0.1838,-0.9369,0.0126,0.3530,-0.1144,0.1231,0.2817,16.0873,-1.1718
132.282,-0.0156,-0.1838,-0.9369,0.0036,0.3571,-0.1076,0.1231,0.2885,16.0972,-1.1722
132.282,-0.0108,-0.1727,-0.9369,0.0208,0.3571,-0.1076,0.1231,0.2885,16.0972,-1.1722
132.282,-0.0278,-0.1727,-0.9491,0.0208,0.3404,-0.1076,0.1109,0.2885,16.0972,-1.1722
132.282,-0.0278,-0.1803,-0.9325,0.0208,0.3404,-0.1237,0.1275,0.2723,16.0972,-1.1722
132.381,-0.0278,-0.1803,-0.9325,0.0119,0.3445,-0.1168,0.1275,0.2793,16.1072,-1.1726
132.382,-0.0218,-0.1680,-0.9325,0.0297,0.3445,-0.1168,0.1275,0.2793,16.1072,-1.1726
132.382,-0.0360,-0.1680,-0.9437,0.0297,0.3298,-0.1168,0.1163,0.2793,16.1072,-1.1726
132.382,-0.0360,-0.1746,-0.9267,0.0297,0.3298,-0.1325,0.1333,0.2635,16.1072,-1.1726
132.478,-0.0360,-0.1746,-0.9267,0.0208,0.3339,-0.1254,0.1333,0.2706,16.1171,-1.1729
132.479,-0.0280,-0.1605,-0.9267,0.0397,0.3339,-0.1254,0.1333,0.2706,16.1171,-1.1729
132.479,-0.0371,-0.1605,-0.9364,0.0397,0.3227,-0.1254,0.1236,0.2706,16.1171,-1.1729
132.479,-0.0371,-0.1657,-0.9194,0.0397,0.3227,-0.1403,0.1406,0.2557,16.1171,-1.1729
132.580,-0.0371,-0.1657,-0.9194,0.0397,0.3227,-0.1403,0.1406,0.2557,16.1171,-1.1729
132.610,-0.0371,-0.1657,-0.9194,0.0308,0.3269,-0.1331,0.1406,0.2629,16.1271,-1.1733
132.611,-0.0270,-0.1498,-0.9194,0.0504,0.3269,-0.1331,0.1406,0.2629,16.1271,-1.1733
132.612,-0.0399,-0.1498,-0.9314,0.0504,0.3121,-0.1331,0.1286,0.2629,16.1271,-1.1733
132.613,-0.0399,-0.1534,-0.9145,0.0504,0.3121,-0.1467,0.1455,0.2494,16.1271,-1.1733
132.713,-0.0399,-0.1534,-0.9145,0.0504,0.3121,-0.1467,0.1455,0.2494,16.1271,-1.1733
132.732,-0.0399,-0.1534,-0.9145,0.0415,0.3164,-0.1392,0.1455,0.2568,16.1370,-1.1737
132.734,-0.0288,-0.1368,-0.9145,0.0611,0.3164,-0.1392,0.1455,0.2568,16.1370,-1.1737
132.735,-0.0508,-0.1368,-0.9294,0.0611,0.2947,-0.1392,0.1306,0.2568,16.1370,-1.1737
132.736,-0.0508,-0.1394,-0.9132,0.0611,0.2947,-0.1517,0.1468,0.2443,16.1370,-1.1737
132.836,-0.0508,-0.1394,-0.9132,0.0611,0.2947,-0.1517,0.1468,0.2443,16.1370,-1.1737
132.878,-0.0508,-0.1394,-0.9132,0.0523,0.2989,-0.1441,0.1468,0.2519,16.1470,-1.1740
132.880,-0.0398,-0.1232,-0.9132,0.0711,0.2989,-0.1441,0.1468,0.2519,16.1470,-1.1740
132.881,-0.0665,-0.1232,-0.9287,0.0711,0.2738,-0.1441,0.1313,0.2519,16.1470,-1.1740
132.882,-0.0665,-0.1257,-0.9134,0.0711,0.2738,-0.1560,0.1466,0.2401,16.1470,-1.1740
132.983,-0.0665,-0.1257,-0.9134,0.0711,0.2738,-0.1560,0.1466,0.2401,16.1470,-1.1740
133.022,-0.0665,-0.1257,-0.9134,0.0623,0.2780,-0.1482,0.1466,0.2478,16.1570,-1.1744
133.023,-0.0553,-0.1099,-0.9134,0.0799,0.2780,-0.1482,0.1466,0.2478,16.1570,-1.1744
133.024,-0.0766,-0.1099,-0.9275,0.0799,0.2563,-0.1482,0.1325,0.2478,16.1570,-1.1744
133.025,-0.0766,-0.1130,-0.9119,0.0799,0.2563,-0.1607,0.1481,0.2353,16.1570,-1.1744
133.126,-0.0766,-0.1130,-0.9119,0.0799,0.2563,-0.1607,0.1481,0.2353,16.1570,-1.1744
133.167,-0.0766,-0.1130,-0.9119,0.0712,0.2606,-0.1529,0.1481,0.2432,16.1669,-1.1748
133.168,-0.0633,-0.0966,-0.9119,0.0876,0.2606,-0.1529,0.1481,0.2432,16.1669,-1.1748
133.181,-0.0776,-0.0966,-0.9240,0.0876,0.2441,-0.1529,0.1360,0.2432,16.1669,-1.1748
133.182,-0.0776,-0.0991,-0.9081,0.0876,0.2441,-0.1651,0.1519,0.2309,16.1669,-1.1748
133.283,-0.0776,-0.0991,-0.9081,0.0876,0.2441,-0.1651,0.1519,0.2309,16.1669,-1.1748
133.317,-0.0776,-0.0991,-0.9081,0.0789,0.2485,-0.1571,0.1519,0.2389,16.1769,-1.1752
133.318,-0.0613,-0.0814,-0.9081,0.0947,0.2485,-0.1571,0.1519,0.2389,16.1769,-1.1752
133.320,-0.0723,-0.0814,-0.9183,0.0947,0.2350,-0.1571,0.1417,0.2389,16.1769,-1.1752
133.321,-0.0723,-0.0830,-0.9015,0.0947,0.2350,-0.1690,0.1585,0.2271,16.1769,-1.1752
133.405,-0.0723,-0.0830,-0.9015,0.0859,0.2393,-0.1608,0.1585,0.2352,16.1868,-1.1755
133.407,-0.0545,-0.0646,-0.9015,0.1012,0.2393,-0.1608,0.1585,0.2352,16.1868,-1.1755
133.409,-0.0671,-0.0646,-0.9118,0.1012,0.2247,-0.1608,0.1482,0.2352,16.1868,-1.1755
133.411,-0.0671,-0.0653,-0.8948,0.1012,0.2247,-0.1718,0.1652,0.2242,16.1868,-1.1755
133.501,-0.0671,-0.0653,-0.8948,0.0924,0.2291,-0.1634,0.1652,0.2326,16.1968,-1.1759
133.502,-0.0492,-0.0473,-0.8948,0.1072,0.2291,-0.1634,0.1652,0.2326,16.1968,-1.1759
133.504,-0.0637,-0.0473,-0.9071,0.1072,0.2119,-0.1634,0.1529,0.2326,16.1968,-1.1759
133.505,-0.0637,-0.0476,-0.8903,0.1072,0.2119,-0.1738,0.1697,0.2222,16.1968,-1.1759
133.600,-0.0637,-0.0476,-0.8903,0.0984,0.2163,-0.1653,0.1697,0.2307,16.2067,-1.1763
133.601,-0.0466,-0.0306,-0.8903,0.1124,0.2163,-0.1653,0.1697,0.2307,16.2067,-1.1763
133.603,-0.0596,-0.0306,-0.9052,0.1124,0.1981,-0.1653,0.1548,0.2307,16.2067,-1.1763
133.605,-0.0596,-0.0312,-0.8887,0.1124,0.1981,-0.1756,0.1713,0.2204,16.2067,-1.1763
133.698,-0.0596,-0.0312,-0.8887,0.1035,0.2026,-0.1670,0.1713,0.2290,16.2167,-1.1766
133.699,-0.0423,-0.0147,-0.8887,0.1165,0.2026,-0.1670,0.1713,0.2290,16.2167,-1.1766
133.701,-0.0496,-0.0147,-0.9045,0.1165,0.1872,-0.1670,0.1555,0.2290,16.2167,-1.1766
133.703,-0.0496,-0.0160,-0.8877,0.1165,0.1872,-0.1778,0.1723,0.2182,16.2167,-1.1766
133.793,-0.0496,-0.0160,-0.8877,0.1076,0.1918,-0.1691,0.1723,0.2269,16.2267,-1.1770
133.796,-0.0303,0.0010,-0.8877,0.1197,0.1918,-0.1691,0.1723,0.2269,16.2267,-1.1770
133.798,-0.0320,0.0010,-0.9023,0.1197,0.1808,-0.1691,0.1577,0.2269,16.2267,-1.1770
133.799,-0.0320,-0.0018,-0.8850,0.1197,0.1808,-0.1813,0.1750,0.2147,16.2267,-1.1770
133.875,-0.0320,-0.0018,-0.8850,0.1108,0.1856,-0.1724,0.1750,0.2236,16.2366,-1.1774
133.880,-0.0110,0.0154,-0.8850,0.1219,0.1856,-0.1724,0.1750,0.2236,16.2366,-1.1774
133.882,-0.0119,0.0154,-0.8991,0.1219,0.1756,-0.1724,0.1609,0.2236,16.2366,-1.1774
133.884,-0.0119,0.0112,-0.8815,0.1219,0.1756,-0.1858,0.1785,0.2102,16.2366,-1.1774
133.970,-0.0119,0.0112,-0.8815,0.1130,0.1806,-0.1768,0.1785,0.2192,16.2466,-1.1777
133.972,0.0079,0.0269,-0.8815,0.1229,0.1806,-0.1768,0.1785,0.2192,16.2466,-1.1777
133.974,0.0046,0.0269,-0.8975,0.1229,0.1679,-0.1768,0.1625,0.2192,16.2466,-1.1777
133.976,0.0046,0.0223,-0.8800,0.1229,0.1679,-0.1902,0.1800,0.2058,16.2466,-1.1777
134.061,0.0046,0.0223,-0.8800,0.1139,0.1730,-0.1811,0.1800,0.2149,16.2565,-1.1781
134.062,0.0222,0.0366,-0.8800,0.1235,0.1730,-0.1811,0.1800,0.2149,16.2565,-1.1781
134.064,0.0183,0.0366,-0.8978,0.1235,0.1587,-0.1811,0.1622,0.2149,16.2565,-1.1781
134.066,0.0183,0.0327,-0.8809,0.1235,0.1587,-0.1932,0.1791,0.2028,16.2565,-1.1781
134.162,0.0183,0.0327,-0.8809,0.1144,0.1640,-0.1840,0.1791,0.2120,16.2665,-1.1784
134.163,0.0354,0.0469,-0.8809,0.1246,0.1640,-0.1840,0.1791,0.2120,16.2665,-1.1784
134.165,0.0332,0.0469,-0.8988,0.1246,0.1509,-0.1840,0.1612,0.2120,16.2665,-1.1784
134.167,0.0332,0.0427,-0.8820,0.1246,0.1509,-0.1960,0.1780,0.2001,16.2665,-1.1784
134.260,0.0332,0.0427,-0.8820,0.1155,0.1564,-0.1866,0.1780,0.2094,16.2765,-1.1788
134.262,0.0511,0.0576,-0.8820,0.1264,0.1564,-0.1866,0.1780,0.2094,16.2765,-1.1788
134.264,0.0514,0.0576,-0.8984,0.1264,0.1461,-0.1866,0.1616,0.2094,16.2765,-1.1788
134.265,0.0514,0.0519,-0.8811,0.1264,0.1461,-0.1999,0.1789,0.1961,16.2765,-1.1788
134.350,0.0514,0.0519,-0.8811,0.1173,0.1517,-0.1905,0.1789,0.2055,16.2864,-1.1792
134.351,0.0699,0.0669,-0.8811,0.1282,0.1517,-0.1905,0.1789,0.2055,16.2864,-1.1792
134.354,0.0723,0.0669,-0.8963,0.1282,0.1438,-0.1905,0.1637,0.2055,16.2864,-1.1792
134.356,0.0723,0.0593,-0.8787,0.1282,0.1438,-0.2055,0.1813,0.1906,16.2864,-1.1792
134.456,0.0723,0.0593,-0.8787,0.1190,0.1496,-0.1960,0.1813,0.2000,16.2964,-1.1795
134.458,0.0902,0.0734,-0.8787,0.1292,0.1496,-0.1960,0.1813,0.2000,16.2964,-1.1795
134.460,0.0935,0.0734,-0.8928,0.1292,0.1430,-0.1960,0.1672,0.2000,16.2964,-1.1795
134.463,0.0935,0.0646,-0.8756,0.1292,0.1430,-0.2115,0.1844,0.1845,16.2964,-1.1795
134.555,0.0935,0.0646,-0.8756,0.1199,0.1490,-0.2019,0.1844,0.1941,16.3063,-1.1799
134.556,0.1101,0.0776,-0.8756,0.1294,0.1490,-0.2019,0.1844,0.1941,16.3063,-1.1799
134.556,0.1123,0.0776,-0.8891,0.1294,0.1422,-0.2019,0.1709,0.1941,16.3063,-1.1799
134.557,0.1123,0.0685,-0.8726,0.1294,0.1422,-0.2171,0.1874,0.1789,16.3063,-1.1799
134.647,0.1123,0.0685,-0.8726,0.1201,0.1483,-0.2075,0.1874,0.1886,16.3163,-1.1803
134.648,0.1278,0.0807,-0.8726,0.1293,0.1483,-0.2075,0.1874,0.1886,16.3163,-1.1803
134.650,0.1264,0.0807,-0.8870,0.1293,0.1387,-0.2075,0.1730,0.1886,16.3163,-1.1803
134.652,0.1264,0.0716,-0.8712,0.1293,0.1387,-0.2220,0.1888,0.1740,16.3163,-1.1803
134.744,0.1264,0.0716,-0.8712,0.1199,0.1450,-0.2124,0.1888,0.1837,16.3263,-1.1806
134.746,0.1418,0.0835,-0.8712,0.1288,0.1450,-0.2124,0.1888,0.1837,16.3263,-1.1806
134.749,0.1363,0.0835,-0.8874,0.1288,0.1318,-0.2124,0.1726,0.1837,16.3263,-1.1806
134.750,0.1363,0.0741,-0.8717,0.1288,0.1318,-0.2268,0.1883,0.1692,16.3263,-1.1806
134.851,0.1363,0.0741,-0.8717,0.1288,0.1318,-0.2268,0.1883,0.1692,16.3263,-1.1806
134.853,0.1363,0.0741,-0.8717,0.1195,0.1382,-0.2171,0.1883,0.1789,16.3362,-1.1810
134.854,0.1520,0.0857,-0.8717,0.1281,0.1382,-0.2171,0.1883,0.1789,16.3362,-1.1810
134.855,0.1449,0.0857,-0.8886,0.1281,0.1236,-0.2171,0.1714,0.1789,16.3362,-1.1810
134.857,0.1449,0.0758,-0.8726,0.1281,0.1236,-0.2319,0.1874,0.1641,16.3362,-1.1810
134.940,0.1449,0.0758,-0.8726,0.1186,0.1302,-0.2221,0.1874,0.1739,16.3462,-1.1813
134.941,0.1591,0.0855,-0.8726,0.1252,0.1302,-0.2221,0.1874,0.1739,16.3462,-1.1813
134.943,0.1538,0.0855,-0.8874,0.1252,0.1181,-0.2221,0.1726,0.1739,16.3462,-1.1813
134.944,0.1538,0.0752,-0.8711,0.1252,0.1181,-0.2371,0.1889,0.1590,16.3462,-1.1813
135.036,0.1538,0.0752,-0.8711,0.1158,0.1248,-0.2272,0.1889,0.1688,16.3561,-1.1817
135.038,0.1646,0.0809,-0.8711,0.1188,0.1248,-0.2272,0.1889,0.1688,16.3561,-1.1817
135.040,0.1612,0.0809,-0.8833,0.1188,0.1157,-0.2272,0.1767,0.1688,16.3561,-1.1817
135.041,0.1612,0.0707,-0.8673,0.1188,0.1157,-0.2417,0.1927,0.1543,16.3561,-1.1817
135.134,0.1612,0.0707,-0.8673,0.1093,0.1225,-0.2319,0.1927,0.1641,16.3661,-1.1821
135.136,0.1692,0.0736,-0.8673,0.1097,0.1225,-0.2319,0.1927,0.1641,16.3661,-1.1821
135.138,0.1647,0.0736,-0.8791,0.1097,0.1129,-0.2319,0.1809,0.1641,16.3661,-1.1821
135.139,0.1647,0.0636,-0.8636,0.1097,0.1129,-0.2456,0.1964,0.1505,16.3661,-1.1821
135.228,0.1647,0.0636,-0.8636,0.1002,0.1197,-0.2357,0.1964,0.1604,16.3760,-1.1824
135.232,0.1717,0.0654,-0.8636,0.0996,0.1197,-0.2357,0.1964,0.1604,16.3760,-1.1824
135.234,0.1625,0.0654,-0.8764,0.0996,0.1066,-0.2357,0.1836,0.1604,16.3760,-1.1824
135.236,0.1625,0.0556,-0.8612,0.0996,0.1066,-0.2488,0.1988,0.1472,16.3760,-1.1824
135.337,0.1625,0.0556,-0.8612,0.0996,0.1066,-0.2488,0.1988,0.1472,16.3760,-1.1824
135.339,0.1625,0.0556,-0.8612,0.0900,0.1136,-0.2389,0.1988,0.1571,16.3860,-1.1828
135.340,0.1688,0.0564,-0.8612,0.0886,0.1136,-0.2389,0.1988,0.1571,16.3860,-1.1828
135.342,0.1544,0.0564,-0.8733,0.0886,0.0974,-0.2389,0.1867,0.1571,16.3860,-1.1828
135.344,0.1544,0.0463,-0.8578,0.0886,0.0974,-0.2521,0.2022,0.1439,16.3860,-1.1828
135.443,0.1544,0.0463,-0.8578,0.0790,0.1044,-0.2421,0.2022,0.1539,16.3960,-1.1831
135.444,0.1591,0.0451,-0.8578,0.0757,0.1044,-0.2421,0.2022,0.1539,16.3960,-1.1831
135.445,0.1424,0.0451,-0.8680,0.0757,0.0876,-0.2421,0.1920,0.1539,16.3960,-1.1831
135.446,0.1424,0.0345,-0.8522,0.0757,0.0876,-0.2557,0.2078,0.1403,16.3960,-1.1831
135.532,0.1424,0.0345,-0.8522,0.0661,0.0947,-0.2458,0.2078,0.1503,16.4059,-1.1835
135.535,0.1444,0.0304,-0.8522,0.0603,0.0947,-0.2458,0.2078,0.1503,16.4059,-1.1835
135.536,0.1290,0.0304,-0.8611,0.0603,0.0794,-0.2458,0.1989,0.1503,16.4059,-1.1835
135.538,0.1290,0.0193,-0.8451,0.0603,0.0794,-0.2595,0.2149,0.1365,16.4059,-1.1835
135.634,0.1290,0.0193,-0.8451,0.0506,0.0865,-0.2495,0.2149,0.1465,16.4159,-1.1839
135.635,0.1282,0.0125,-0.8451,0.0424,0.0865,-0.2495,0.2149,0.1465,16.4159,-1.1839
135.638,0.1143,0.0125,-0.8528,0.0424,0.0729,-0.2495,0.2072,0.1465,16.4159,-1.1839
135.639,0.1143,0.0014,-0.8369,0.0424,0.0729,-0.2629,0.2231,0.1331,16.4159,-1.1839
135.723,0.1143,0.0014,-0.8369,0.0327,0.0799,-0.2529,0.2231,0.1431,16.4258,-1.1842
135.724,0.1120,-0.0065,-0.8369,0.0237,0.0799,-0.2529,0.2231,0.1431,16.4258,-1.1842
135.725,0.0981,-0.0065,-0.8422,0.0237,0.0675,-0.2529,0.2178,0.1431,16.4258,-1.1842
135.727,0.0981,-0.0171,-0.8264,0.0237,0.0675,-0.2655,0.2336,0.1305,16.4258,-1.1842
135.818,0.0981,-0.0171,-0.8264,0.0139,0.0746,-0.2555,0.2336,0.1405,16.4358,-1.1846
135.820,0.0953,-0.0254,-0.8264,0.0047,0.0746,-0.2555,0.2336,0.1405,16.4358,-1.1846
135.821,0.0805,-0.0254,-0.8292,0.0047,0.0629,-0.2555,0.2308,0.1405,16.4358,-1.1846
135.822,0.0805,-0.0358,-0.8134,0.0047,0.0629,-0.2676,0.2466,0.1285,16.4358,-1.1846
135.904,0.0805,-0.0358,-0.8134,-0.0050,0.0700,-0.2576,0.2466,0.1384,16.4458,-1.1849
135.907,0.0784,-0.0436,-0.8134,-0.0136,0.0700,-0.2576,0.2466,0.1384,16.4458,-1.1849
135.912,0.0636,-0.0436,-0.8148,-0.0136,0.0588,-0.2576,0.2452,0.1384,16.4458,-1.1849
135.912,0.0636,-0.0544,-0.7989,-0.0136,0.0588,-0.2698,0.2611,0.1263,16.4458,-1.1849
135.992,0.0636,-0.0544,-0.7989,-0.0234,0.0658,-0.2598,0.2611,0.1362,16.4557,-1.1853
135.992,0.0625,-0.0613,-0.7989,-0.0309,0.0658,-0.2598,0.2611,0.1362,16.4557,-1.1853
135.993,0.0476,-0.0613,-0.8001,-0.0309,0.0547,-0.2598,0.2599,0.1362,16.4557,-1.1853
135.993,0.0476,-0.0726,-0.7841,-0.0309,0.0547,-0.2722,0.2759,0.1238,16.4557,-1.1853
136.084,0.0476,-0.0726,-0.7841,-0.0407,0.0617,-0.2623,0.2759,0.1337,16.4657,-1.1857
136.085,0.0465,-0.0792,-0.7841,-0.0476,0.0617,-0.2623,0.2759,0.1337,16.4657,-1.1857
136.086,0.0313,-0.0792,-0.7857,-0.0476,0.0502,-0.2623,0.2743,0.1337,16.4657,-1.1857
136.088,0.0313,-0.0906,-0.7698,-0.0476,0.0502,-0.2744,0.2902,0.1216,16.4657,-1.1857
136.177,0.0313,-0.0906,-0.7698,-0.0574,0.0572,-0.2645,0.2902,0.1315,16.4756,-1.1860
136.179,0.0293,-0.0976,-0.7698,-0.0646,0.0572,-0.2645,0.2902,0.1315,16.4756,-1.1860
136.181,0.0137,-0.0976,-0.7718,-0.0646,0.0451,-0.2645,0.2882,0.1315,16.4756,-1.1860
136.182,0.0137,-0.1083,-0.7561,-0.0646,0.0451,-0.2756,0.3039,0.1205,16.4756,-1.1860
136.274,0.0137,-0.1083,-0.7561,-0.0744,0.0521,-0.2657,0.3039,0.1303,16.4856,-1.1864
136.275,0.0117,-0.1152,-0.7561,-0.0815,0.0521,-0.2657,0.3039,0.1303,16.4856,-1.1864
136.277,-0.0033,-0.1152,-0.7579,-0.0815,0.0406,-0.2657,0.3021,0.1303,16.4856,-1.1864
136.278,-0.0033,-0.1240,-0.7419,-0.0815,0.0406,-0.2746,0.3181,0.1215,16.4856,-1.1864
136.369,-0.0033,-0.1240,-0.7419,-0.0913,0.0475,-0.2647,0.3181,0.1313,16.4955,-1.1867
136.371,-0.0041,-0.1300,-0.7419,-0.0972,0.0475,-0.2647,0.3181,0.1313,16.4955,-1.1867
136.372,-0.0175,-0.1300,-0.7427,-0.0972,0.0374,-0.2647,0.3173,0.1313,16.4955,-1.1867
136.373,-0.0175,-0.1369,-0.7261,-0.0972,0.0374,-0.2713,0.3339,0.1247,16.4955,-1.1867
136.462,-0.0175,-0.1369,-0.7261,-0.1071,0.0443,-0.2615,0.3339,0.1345,16.5055,-1.1871
136.463,-0.0157,-0.1408,-0.7261,-0.1108,0.0443,-0.2615,0.3339,0.1345,16.5055,-1.1871
136.464,-0.0271,-0.1408,-0.7255,-0.1108,0.0364,-0.2615,0.3345,0.1345,16.5055,-1.1871
136.465,-0.0271,-0.1468,-0.7086,-0.1108,0.0364,-0.2668,0.3514,0.1292,16.5055,-1.1871
136.565,-0.0271,-0.1468,-0.7086,-0.1207,0.0432,-0.2571,0.3514,0.1389,16.5155,-1.1874
136.565,-0.0223,-0.1479,-0.7086,-0.1214,0.0432,-0.2571,0.3514,0.1389,16.5155,-1.1874
136.567,-0.0325,-0.1479,-0.7069,-0.1214,0.0366,-0.2571,0.3531,0.1389,16.5155,-1.1874
136.570,-0.0325,-0.1539,-0.6898,-0.1214,0.0366,-0.2620,0.3702,0.1340,16.5155,-1.1874
136.667,-0.0325,-0.1539,-0.6898,-0.1313,0.0434,-0.2524,0.3702,0.1436,16.5254,-1.1878
136.670,-0.0252,-0.1522,-0.6898,-0.1289,0.0434,-0.2524,0.3702,0.1436,16.5254,-1.1878
136.671,-0.0357,-0.1522,-0.6877,-0.1289,0.0367,-0.2524,0.3723,0.1436,16.5254,-1.1878
136.673,-0.0357,-0.1580,-0.6703,-0.1289,0.0367,-0.2567,0.3897,0.1393,16.5254,-1.1878
136.773,-0.0357,-0.1580,-0.6703,-0.1289,0.0367,-0.2567,0.3897,0.1393,16.5254,-1.1878
136.775,-0.0357,-0.1580,-0.6703,-0.1388,0.0435,-0.2471,0.3897,0.1489,16.5354,-1.1882
136.777,-0.0268,-0.1536,-0.6703,-0.1337,0.0435,-0.2471,0.3897,0.1489,16.5354,-1.1882
136.778,-0.0384,-0.1536,-0.6682,-0.1337,0.0360,-0.2471,0.3918,0.1489,16.5354,-1.1882
136.780,-0.0384,-0.1588,-0.6507,-0.1337,0.0360,-0.2505,0.4093,0.1455,16.5354,-1.1882
136.876,-0.0384,-0.1588,-0.6507,-0.1436,0.0428,-0.2410,0.4093,0.1550,16.5453,-1.1885
136.877,-0.0283,-0.1519,-0.6507,-0.1360,0.0428,-0.2410,0.4093,0.1550,16.5453,-1.1885
136.878,-0.0404,-0.1519,-0.6484,-0.1360,0.0349,-0.2410,0.4116,0.1550,16.5453,-1.1885
136.881,-0.0404,-0.1567,-0.6312,-0.1360,0.0349,-0.2436,0.4288,0.1524,16.5453,-1.1885
136.969,-0.0404,-0.1567,-0.6312,-0.1459,0.0416,-0.2342,0.4288,0.1618,16.5553,-1.1889
136.970,-0.0296,-0.1476,-0.6312,-0.1362,0.0416,-0.2342,0.4288,0.1618,16.5553,-1.1889
136.971,-0.0415,-0.1476,-0.6281,-0.1362,0.0343,-0.2342,0.4319,0.1618,16.5553,-1.1889
136.973,-0.0415,-0.1520,-0.6108,-0.1362,0.0343,-0.2362,0.4492,0.1598,16.5553,-1.1889
137.061,-0.0415,-0.1520,-0.6108,-0.1461,0.0410,-0.2268,0.4492,0.1692,16.5653,-1.1892
137.062,-0.0288,-0.1402,-0.6108,-0.1338,0.0410,-0.2268,0.4492,0.1692,16.5653,-1.1892
137.064,-0.0399,-0.1402,-0.6064,-0.1338,0.0348,-0.2268,0.4536,0.1692,16.5653,-1.1892
137.066,-0.0399,-0.1434,-0.5885,-0.1338,0.0348,-0.2272,0.4715,0.1688,16.5653,-1.1892
137.151,-0.0399,-0.1434,-0.5885,-0.1437,0.0415,-0.2179,0.4715,0.1781,16.5752,-1.1896
137.152,-0.0250,-0.1293,-0.5885,-0.1288,0.0415,-0.2179,0.4715,0.1781,16.5752,-1.1896
137.154,-0.0352,-0.1293,-0.5821,-0.1288,0.0369,-0.2179,0.4779,0.1781,16.5752,-1.1896
137.156,-0.0352,-0.1310,-0.5636,-0.1288,0.0369,-0.2165,0.4964,0.1795,16.5752,-1.1896
137.238,-0.0352,-0.1310,-0.5636,-0.1387,0.0435,-0.2073,0.4964,0.1887,16.5852,-1.1899
137.239,-0.0191,-0.1158,-0.5636,-0.1228,0.0435,-0.2073,0.4964,0.1887,16.5852,-1.1899
137.242,-0.0283,-0.1158,-0.5552,-0.1228,0.0405,-0.2073,0.5048,0.1887,16.5852,-1.1899
137.243,-0.0283,-0.1176,-0.5370,-0.1228,0.0405,-0.2057,0.5230,0.1904,16.5852,-1.1899
137.329,-0.0283,-0.1176,-0.5370,-0.1327,0.0470,-0.1966,0.5230,0.1994,16.5951,-1.1903
137.331,-0.0124,-0.1021,-0.5370,-0.1164,0.0470,-0.1966,0.5230,0.1994,16.5951,-1.1903
137.333,-0.0209,-0.1021,-0.5274,-0.1164,0.0452,-0.1966,0.5326,0.1994,16.5951,-1.1903
137.334,-0.0209,-0.1058,-0.5101,-0.1164,0.0452,-0.1966,0.5499,0.1994,16.5951,-1.1903
137.421,-0.0209,-0.1058,-0.5101,-0.1264,0.0516,-0.1877,0.5499,0.2084,16.6051,-1.1907
137.422,-0.0063,-0.0899,-0.5101,-0.1100,0.0516,-0.1877,0.5499,0.2084,16.6051,-1.1907
137.424,-0.0143,-0.0899,-0.5003,-0.1100,0.0503,-0.1877,0.5597,0.2084,16.6051,-1.1907
137.425,-0.0143,-0.0959,-0.4836,-0.1100,0.0503,-0.1897,0.5764,0.2063,16.6051,-1.1907
137.510,-0.0143,-0.0959,-0.4836,-0.1200,0.0566,-0.1809,0.5764,0.2152,16.6151,-1.1910
137.511,-0.0010,-0.0791,-0.4836,-0.1033,0.0566,-0.1809,0.5764,0.2152,16.6151,-1.1910
137.513,-0.0088,-0.0791,-0.4738,-0.1033,0.0555,-0.1809,0.5862,0.2152,16.6151,-1.1910
137.515,-0.0088,-0.0851,-0.4570,-0.1033,0.0555,-0.1827,0.6030,0.2133,16.6151,-1.1910
137.600,-0.0088,-0.0851,-0.4570,-0.1132,0.0618,-0.1739,0.6030,0.2221,16.6250,-1.1914
137.602,0.0037,-0.0678,-0.4570,-0.0964,0.0618,-0.1739,0.6030,0.2221,16.6250,-1.1914
137.604,-0.0038,-0.0678,-0.4472,-0.0964,0.0611,-0.1739,0.6128,0.2221,16.6250,-1.1914
137.605,-0.0038,-0.0724,-0.4305,-0.0964,0.0611,-0.1742,0.6295,0.2218,16.6250,-1.1914
137.692,-0.0038,-0.0724,-0.4305,-0.1063,0.0674,-0.1656,0.6295,0.2304,16.6350,-1.1917
137.693,0.0081,-0.0554,-0.4305,-0.0898,0.0674,-0.1656,0.6295,0.2304,16.6350,-1.1917
137.694,0.0012,-0.0554,-0.4204,-0.0898,0.0672,-0.1656,0.6396,0.2304,16.6350,-1.1917
137.694,0.0012,-0.0593,-0.4041,-0.0898,0.0672,-0.1652,0.6559,0.2308,16.6350,-1.1917
137.795,0.0012,-0.0593,-0.4041,-0.0898,0.0672,-0.1652,0.6559,0.2308,16.6350,-1.1917
137.834,0.0012,-0.0593,-0.4041,-0.0997,0.0734,-0.1566,0.6559,0.2394,16.6449,-1.1921
137.834,0.0124,-0.0435,-0.4041,-0.0843,0.0734,-0.1566,0.6559,0.2394,16.6449,-1.1921
137.835,0.0061,-0.0435,-0.3938,-0.0843,0.0740,-0.1566,0.6662,0.2394,16.6449,-1.1921
137.836,0.0061,-0.0482,-0.3779,-0.0843,0.0740,-0.1570,0.6821,0.2390,16.6449,-1.1921
137.916,0.0061,-0.0482,-0.3779,-0.0942,0.0801,-0.1485,0.6821,0.2475,16.6549,-1.1924
137.917,0.0161,-0.0340,-0.3779,-0.0804,0.0801,-0.1485,0.6821,0.2475,16.6549,-1.1924
137.917,0.0104,-0.0340,-0.3674,-0.0804,0.0813,-0.1485,0.6926,0.2475,16.6549,-1.1924
137.918,0.0104,-0.0406,-0.3516,-0.0804,0.0813,-0.1504,0.7084,0.2456,16.6549,-1.1924
137.996,0.0104,-0.0406,-0.3516,-0.0903,0.0873,-0.1420,0.7084,0.2540,16.6648,-1.1928
137.997,0.0183,-0.0275,-0.3516,-0.0779,0.0873,-0.1420,0.7084,0.2540,16.6648,-1.1928
137.999,0.0130,-0.0275,-0.3407,-0.0779,0.0890,-0.1420,0.7193,0.2540,16.6648,-1.1928
138.000,0.0130,-0.0350,-0.3246,-0.0779,0.0890,-0.1443,0.7354,0.2517,16.6648,-1.1928
138.088,0.0130,-0.0350,-0.3246,-0.0878,0.0950,-0.1361,0.7354,0.2599,16.6748,-1.1932
138.089,0.0190,-0.0227,-0.3246,-0.0766,0.0950,-0.1361,0.7354,0.2599,16.6748,-1.1932
138.089,0.0138,-0.0227,-0.3135,-0.0766,0.0970,-0.1361,0.7465,0.2599,16.6748,-1.1932
138.090,0.0138,-0.0294,-0.2973,-0.0766,0.0970,-0.1375,0.7627,0.2585,16.6748,-1.1932
138.189,0.0138,-0.0294,-0.2973,-0.0865,0.1029,-0.1294,0.7627,0.2666,16.6848,-1.1935
138.190,0.0192,-0.0170,-0.2973,-0.0754,0.1029,-0.1294,0.7627,0.2666,16.6848,-1.1935
138.191,0.0139,-0.0170,-0.2860,-0.0754,0.1050,-0.1294,0.7740,0.2666,16.6848,-1.1935
138.193,0.0139,-0.0223,-0.2700,-0.0754,0.1050,-0.1296,0.7900,0.2664,16.6848,-1.1935
138.288,0.0139,-0.0223,-0.2700,-0.0853,0.1109,-0.1216,0.7900,0.2744,16.6947,-1.1939
138.290,0.0206,-0.0089,-0.2700,-0.0730,0.1109,-0.1216,0.7900,0.2744,16.6947,-1.1939
138.293,0.0150,-0.0089,-0.2587,-0.0730,0.1131,-0.1216,0.8013,0.2744,16.6947,-1.1939
138.295,0.0150,-0.0134,-0.2428,-0.0730,0.1131,-0.1210,0.8172,0.2751,16.6947,-1.1939
138.383,0.0150,-0.0134,-0.2428,-0.0828,0.1188,-0.1131,0.8172,0.2829,16.7047,-1.1942
138.385,0.0231,0.0010,-0.2428,-0.0693,0.1188,-0.1131,0.8172,0.2829,16.7047,-1.1942
138.387,0.0173,0.0010,-0.2313,-0.0693,0.1210,-0.1131,0.8287,0.2829,16.7047,-1.1942
138.389,0.0173,-0.0037,-0.2155,-0.0693,0.1210,-0.1125,0.8445,0.2835,16.7047,-1.1942
138.489,0.0173,-0.0037,-0.2155,-0.0693,0.1210,-0.1125,0.8445,0.2835,16.7047,-1.1942
138.512,0.0173,-0.0037,-0.2155,-0.0792,0.1267,-0.1047,0.8445,0.2913,16.7146,-1.1946
138.513,0.0252,0.0109,-0.2155,-0.0655,0.1267,-0.1047,0.8445,0.2913,16.7146,-1.1946
138.514,0.0192,0.0109,-0.2038,-0.0655,0.1290,-0.1047,0.8562,0.2913,16.7146,-1.1946
138.515,0.0192,0.0056,-0.1878,-0.0655,0.1290,-0.1045,0.8722,0.2915,16.7146,-1.1946
138.603,0.0192,0.0056,-0.1878,-0.0754,0.1346,-0.0968,0.8722,0.2992,16.7246,-1.1949
138.604,0.0261,0.0204,-0.1878,-0.0618,0.1346,-0.0968,0.8722,0.2992,16.7246,-1.1949
138.605,0.0203,0.0204,-0.1765,-0.0618,0.1368,-0.0968,0.8835,0.2992,16.7246,-1.1949
138.607,0.0203,0.0148,-0.1603,-0.0618,0.1368,-0.0966,0.8997,0.2995,16.7246,-1.1949
138.692,0.0203,0.0148,-0.1603,-0.0716,0.1424,-0.0890,0.8997,0.3070,16.7346,-1.1953
138.693,0.0281,0.0308,-0.1603,-0.0568,0.1424,-0.0890,0.8997,0.3070,16.7346,-1.1953
138.694,0.0225,0.0308,-0.1507,-0.0568,0.1441,-0.0890,0.9093,0.3070,16.7346,-1.1953
138.696,0.0225,0.0257,-0.1346,-0.0568,0.1441,-0.0883,0.9254,0.3077,16.7346,-1.1953
138.796,0.0225,0.0257,-0.1346,-0.0666,0.1496,-0.0809,0.9254,0.3151,16.7445,-1.1956
138.798,0.0340,0.0438,-0.1346,-0.0490,0.1496,-0.0809,0.9254,0.3151,16.7445,-1.1956
138.800,0.0284,0.0438,-0.1265,-0.0490,0.1505,-0.0809,0.9335,0.3151,16.7445,-1.1956
138.804,0.0284,0.0393,-0.1107,-0.0490,0.1505,-0.0796,0.9493,0.3164,16.7445,-1.1956
138.904,0.0284,0.0393,-0.1107,-0.0588,0.1560,-0.0723,0.9493,0.3237,16.7545,-1.1960
138.905,0.0434,0.0591,-0.1107,-0.0387,0.1560,-0.0723,0.9493,0.3237,16.7545,-1.1960
138.907,0.0378,0.0591,-0.1035,-0.0387,0.1565,-0.0723,0.9565,0.3237,16.7545,-1.1960
138.909,0.0378,0.0549,-0.0880,-0.0387,0.1565,-0.0707,0.9720,0.3253,16.7545,-1.1960
138.999,0.0378,0.0549,-0.0880,-0.0485,0.1620,-0.0635,0.9720,0.3325,16.7644,-1.1963
138.999,0.0528,0.0740,-0.0880,-0.0289,0.1620,-0.0635,0.9720,0.3325,16.7644,-1.1963
139.000,0.0474,0.0740,-0.0814,-0.0289,0.1623,-0.0635,0.9786,0.3325,16.7644,-1.1963
139.002,0.0474,0.0695,-0.0658,-0.0289,0.1623,-0.0619,0.9942,0.3341,16.7644,-1.1963
139.086,0.0474,0.0695,-0.0658,-0.0386,0.1678,-0.0549,0.9942,0.3412,16.7744,-1.1967
139.088,0.0605,0.0868,-0.0658,-0.0211,0.1678,-0.0549,0.9942,0.3412,16.7744,-1.1967
139.090,0.0553,0.0868,-0.0601,-0.0211,0.1678,-0.0549,0.9999,0.3412,16.7744,-1.1967
139.094,0.0553,0.0817,-0.0442,-0.0211,0.1678,-0.0535,1.0158,0.3426,16.7744,-1.1967
139.194,0.0553,0.0817,-0.0442,-0.0211,0.1678,-0.0535,1.0158,0.3426,16.7744,-1.1967
139.220,0.0553,0.0817,-0.0442,-0.0308,0.1732,-0.0465,1.0158,0.3495,16.7844,-1.1971
139.221,0.0680,0.0986,-0.0442,-0.0136,0.1732,-0.0465,1.0158,0.3495,16.7844,-1.1971
139.222,0.0626,0.0986,-0.0407,-0.0136,0.1719,-0.0465,1.0193,0.3495,16.7844,-1.1971
139.222,0.0626,0.0931,-0.0248,-0.0136,0.1719,-0.0453,1.0352,0.3507,16.7844,-1.1971
139.308,0.0626,0.0931,-0.0248,-0.0234,0.1773,-0.0385,1.0352,0.3575,16.7943,-1.1974
139.311,0.0774,0.1114,-0.0248,-0.0043,0.1773,-0.0385,1.0352,0.3575,16.7943,-1.1974
139.313,0.0707,0.1114,-0.0245,-0.0043,0.1734,-0.0385,1.0355,0.3575,16.7943,-1.1974
139.315,0.0707,0.1058,-0.0089,-0.0043,0.1734,-0.0372,1.0511,0.3588,16.7943,-1.1974
139.412,0.0707,0.1058,-0.0089,-0.0141,0.1789,-0.0305,1.0511,0.3655,16.8043,-1.1978
139.414,0.0876,0.1245,-0.0089,0.0060,0.1789,-0.0305,1.0511,0.3655,16.8043,-1.1978
139.416,0.0788,0.1245,-0.0115,0.0060,0.1720,-0.0305,1.0485,0.3655,16.8043,-1.1978
139.418,0.0788,0.1193,0.0036,0.0060,0.1720,-0.0290,1.0636,0.3671,16.8043,-1.1978
139.508,0.0788,0.1193,0.0036,-0.0037,0.1775,-0.0224,1.0636,0.3736,16.8142,-1.1981
139.510,0.0960,0.1363,0.0036,0.0153,0.1775,-0.0224,1.0636,0.3736,16.8142,-1.1981
139.512,0.0857,0.1363,-0.0005,0.0153,0.1690,-0.0224,1.0595,0.3736,16.8142,-1.1981
139.513,0.0857,0.1310,0.0143,0.0153,0.1690,-0.0208,1.0743,0.3752,16.8142,-1.1981
139.593,0.0857,0.1310,0.0143,0.0056,0.1744,-0.0144,1.0743,0.3817,16.8242,-1.1985
139.594,0.1030,0.1459,0.0143,0.0231,0.1744,-0.0144,1.0743,0.3817,16.8242,-1.1985
139.596,0.0931,0.1459,0.0103,0.0231,0.1661,-0.0144,1.0703,0.3817,16.8242,-1.1985
139.599,0.0931,0.1402,0.0251,0.0231,0.1661,-0.0128,1.0851,0.3832,16.8242,-1.1985
139.692,0.0931,0.1402,0.0251,0.0133,0.1716,-0.0065,1.0851,0.3895,16.8342,-1.1988
139.693,0.1106,0.1536,0.0251,0.0300,0.1716,-0.0065,1.0851,0.3895,16.8342,-1.1988
139.695,0.1012,0.1536,0.0216,0.0300,0.1639,-0.0065,1.0816,0.3895,16.8342,-1.1988
139.697,0.1012,0.1478,0.0368,0.0300,0.1639,-0.0047,1.0968,0.3913,16.8342,-1.1988
139.788,0.1012,0.1478,0.0368,0.0202,0.1695,0.0015,1.0968,0.3975,16.8441,-1.1992
139.789,0.1189,0.1604,0.0368,0.0365,0.1695,0.0015,1.0968,0.3975,16.8441,-1.1992
139.791,0.1068,0.1604,0.0322,0.0365,0.1595,0.0015,1.0922,0.3975,16.8441,-1.1992
139.792,0.1068,0.1549,0.0477,0.0365,0.1595,0.0039,1.1077,0.3999,16.8441,-1.1992
139.883,0.1068,0.1549,0.0477,0.0267,0.1650,0.0099,1.1077,0.4060,16.8541,-1.1995
139.884,0.1246,0.1668,0.0477,0.0425,0.1650,0.0099,1.1077,0.4060,16.8541,-1.1995
139.885,0.1071,0.1668,0.0395,0.0425,0.1497,0.0099,1.0995,0.4060,16.8541,-1.1995
139.887,0.1071,0.1618,0.0551,0.0425,0.1497,0.0130,1.1151,0.4090,16.8541,-1.1995
139.987,0.1071,0.1618,0.0551,0.0327,0.1552,0.0189,1.1151,0.4150,16.8640,-1.1999
139.988,0.1248,0.1722,0.0551,0.0477,0.1552,0.0189,1.1151,0.4150,16.8640,-1.1999
139.990,0.1042,0.1722,0.0442,0.0477,0.1366,0.0189,1.1042,0.4150,16.8640,-1.1999
139.992,0.1042,0.1676,0.0594,0.0477,0.1366,0.0224,1.1194,0.4184,16.8640,-1.1999
140.083,0.1042,0.1676,0.0594,0.0379,0.1421,0.0282,1.1194,0.4243,16.8740,-1.2002
140.085,0.1223,0.1754,0.0594,0.0513,0.1421,0.0282,1.1194,0.4243,16.8740,-1.2002
140.087,0.1031,0.1754,0.0490,0.0513,0.1245,0.0282,1.1090,0.4243,16.8740,-1.2002
140.088,0.1031,0.1708,0.0642,0.0513,0.1245,0.0320,1.1242,0.4280,16.8740,-1.2002
140.188,0.1031,0.1708,0.0642,0.0513,0.1245,0.0320,1.1242,0.4280,16.8740,-1.2002
140.211,0.1031,0.1708,0.0642,0.0414,0.1301,0.0377,1.1242,0.4338,16.8839,-1.2006
140.212,0.1211,0.1754,0.0642,0.0528,0.1301,0.0377,1.1242,0.4338,16.8839,-1.2006
140.213,0.1039,0.1754,0.0555,0.0528,0.1147,0.0377,1.1155,0.4338,16.8839,-1.2006
140.214,0.1039,0.1707,0.0708,0.0528,0.1147,0.0417,1.1308,0.4377,16.8839,-1.2006
140.314,0.1039,0.1707,0.0708,0.0528,0.1147,0.0417,1.1308,0.4377,16.8839,-1.2006
140.342,0.1039,0.1707,0.0708,0.0430,0.1202,0.0473,1.1308,0.4390,16.8939,-1.2009
140.343,0.1206,0.1732,0.0708,0.0527,0.1202,0.0473,1.1308,0.4433,16.8939,-1.2009
140.344,0.1030,0.1732,0.0629,0.0527,0.1051,0.0473,1.1229,0.4433,16.8939,-1.2009
140.345,0.1030,0.1678,0.0779,0.0527,0.1051,0.0509,1.1379,0.4469,16.8939,-1.2009
140.430,0.1030,0.1678,0.0779,0.0428,0.1106,0.0564,1.1379,0.4388,16.9039,-1.2013
140.432,0.1187,0.1698,0.0779,0.0519,0.1106,0.0564,1.1379,0.4479,16.9039,-1.2013
140.433,0.0989,0.1698,0.0693,0.0519,0.0937,0.0564,1.1293,0.4479,16.9039,-1.2013
140.435,0.0989,0.1633,0.0834,0.0519,0.0937,0.0592,1.1434,0.4479,16.9039,-1.2013
140.515,0.0989,0.1633,0.0834,0.0420,0.0992,0.0646,1.1434,0.4380,16.9138,-1.2016
140.517,0.1145,0.1649,0.0834,0.0509,0.0992,0.0646,1.1434,0.4469,16.9138,-1.2016
140.518,0.0926,0.1649,0.0732,0.0509,0.0802,0.0646,1.1332,0.4469,16.9138,-1.2016
140.520,0.0926,0.1575,0.0864,0.0509,0.0802,0.0666,1.1464,0.4469,16.9138,-1.2016
140.602,0.0926,0.1575,0.0864,0.0410,0.0857,0.0719,1.1464,0.4370,16.9238,-1.2020
140.604,0.1080,0.1573,0.0864,0.0490,0.0857,0.0719,1.1464,0.4450,16.9238,-1.2020
140.605,0.0860,0.1573,0.0757,0.0490,0.0662,0.0719,1.1357,0.4450,16.9238,-1.2020
140.606,0.0860,0.1506,0.0892,0.0490,0.0662,0.0748,1.1460,0.4450,16.9238,-1.2020
140.690,0.0860,0.1506,0.0892,0.0390,0.0717,0.0799,1.1460,0.4350,16.9337,-1.2023
140.692,0.1000,0.1476,0.0892,0.0449,0.0717,0.0799,1.1492,0.4409,16.9337,-1.2023
140.693,0.0793,0.1476,0.0790,0.0449,0.0534,0.0799,1.1390,0.4409,16.9337,-1.2023
140.694,0.0793,0.1416,0.0932,0.0449,0.0534,0.0839,1.1393,0.4409,16.9337,-1.2023
140.795,0.0793,0.1416,0.0932,0.0449,0.0534,0.0839,1.1393,0.4409,16.9337,-1.2023
140.800,0.0793,0.1416,0.0932,0.0350,0.0588,0.0890,1.1393,0.4310,16.9437,-1.2027
140.801,0.0910,0.1365,0.0932,0.0386,0.0588,0.0890,1.1510,0.4346,16.9437,-1.2027
140.804,0.0723,0.1365,0.0837,0.0386,0.0421,0.0890,1.1323,0.4346,16.9437,-1.2027
140.806,0.0723,0.1292,0.0968,0.0386,0.0421,0.0918,1.1323,0.4346,16.9437,-1.2027
140.904,0.0723,0.1292,0.0968,0.0286,0.0475,0.0967,1.1323,0.4246,16.9537,-1.2030
140.905,0.0819,0.1232,0.0968,0.0308,0.0475,0.0967,1.1419,0.4268,16.9537,-1.2030
140.907,0.0642,0.1232,0.0872,0.0308,0.0314,0.0967,1.1242,0.4268,16.9537,-1.2030
140.908,0.0642,0.1118,0.0956,0.0308,0.0314,0.0948,1.1242,0.4268,16.9537,-1.2030
141.006,0.0642,0.1118,0.0956,0.0208,0.0368,0.0996,1.1242,0.4168,16.9636,-1.2034
141.007,0.0720,0.1051,0.0956,0.0216,0.0368,0.0996,1.1320,0.4176,16.9636,-1.2034
141.008,0.0546,0.1051,0.0854,0.0216,0.0206,0.0996,1.1146,0.4166,16.9636,-1.2034
141.010,0.0546,0.0900,0.0874,0.0216,0.0206,0.0921,1.1146,0.4166,16.9636,-1.2034
141.109,0.0546,0.0900,0.0874,0.0117,0.0261,0.0968,1.1146,0.4077,16.9736,-1.2037
141.110,0.0610,0.0825,0.0874,0.0114,0.0261,0.0968,1.1210,0.4074,16.9736,-1.2037
141.112,0.0442,0.0825,0.0772,0.0114,0.0101,0.0968,1.1042,0.4062,16.9736,-1.2037
141.114,0.0442,0.0672,0.0768,0.0114,0.0101,0.0879,1.1042,0.4062,16.9736,-1.2037
141.196,0.0442,0.0672,0.0768,0.0015,0.0156,0.0926,1.1042,0.3975,16.9835,-1.2041
141.198,0.0490,0.0586,0.0768,-0.0002,0.0156,0.0926,1.1090,0.3958,16.9835,-1.2041
141.199,0.0333,0.0586,0.0674,-0.0002,0.0008,0.0926,1.0933,0.3958,16.9835,-1.2041
141.201,0.0333,0.0451,0.0691,-0.0002,0.0008,0.0860,1.0933,0.3958,16.9835,-1.2041
141.288,0.0333,0.0451,0.0691,-0.0102,0.0063,0.0906,1.0933,0.3858,16.9935,-1.2044
141.289,0.0361,0.0354,0.0691,-0.0135,0.0063,0.0906,1.0954,0.3825,16.9935,-1.2044
141.290,0.0211,0.0354,0.0604,-0.0135,-0.0076,0.0906,1.0811,0.3825,16.9935,-1.2044
141.292,0.0211,0.0214,0.0630,-0.0135,-0.0076,0.0843,1.0811,0.3825,16.9935,-1.2044
141.393,0.0211,0.0214,0.0630,-0.0135,-0.0076,0.0843,1.0811,0.3825,16.9935,-1.2044
141.404,0.0211,0.0214,0.0630,-0.0235,-0.0021,0.0889,1.0811,0.3725,17.0035,-1.2048
141.405,0.0224,0.0108,0.0630,-0.0281,-0.0021,0.0889,1.0708,0.3679,17.0035,-1.2048
141.407,0.0077,0.0108,0.0543,-0.0281,-0.0158,0.0889,1.0677,0.3679,17.0035,-1.2048
141.410,0.0077,-0.0055,0.0538,-0.0281,-0.0158,0.0795,1.0545,0.3679,17.0035,-1.2048
141.510,0.0077,-0.0055,0.0538,-0.0281,-0.0158,0.0795,1.0545,0.3679,17.0035,-1.2048
141.555,0.0077,-0.0055,0.0538,-0.0381,-0.0102,0.0839,1.0545,0.3579,17.0134,-1.2052
141.555,0.0075,-0.0168,0.0538,-0.0439,-0.0102,0.0839,1.0432,0.3521,17.0134,-1.2052
141.556,-0.0070,-0.0168,0.0449,-0.0439,-0.0239,0.0839,1.0432,0.3521,17.0134,-1.2052
141.556,-0.0070,-0.0349,0.0389,-0.0439,-0.0239,0.0703,1.0251,0.3521,17.0134,-1.2052
141.656,-0.0070,-0.0349,0.0389,-0.0439,-0.0239,0.0703,1.0251,0.3521,17.0134,-1.2052
141.690,-0.0070,-0.0349,0.0389,-0.0538,-0.0183,0.0747,1.0251,0.3422,17.0234,-1.2055
141.691,-0.0092,-0.0471,0.0389,-0.0614,-0.0183,0.0747,1.0129,0.3346,17.0234,-1.2055
141.694,-0.0229,-0.0471,0.0303,-0.0614,-0.0314,0.0747,1.0129,0.3346,17.0234,-1.2055
141.695,-0.0229,-0.0643,0.0214,-0.0614,-0.0314,0.0598,0.9957,0.3346,17.0234,-1.2055
141.795,-0.0229,-0.0643,0.0214,-0.0614,-0.0314,0.0598,0.9957,0.3346,17.0234,-1.2055
141.805,-0.0229,-0.0643,0.0214,-0.0713,-0.0257,0.0643,0.9957,0.3247,17.0333,-1.2059
141.807,-0.0272,-0.0772,0.0214,-0.0805,-0.0257,0.0643,0.9828,0.3155,17.0333,-1.2059
141.809,-0.0401,-0.0772,0.0142,-0.0805,-0.0376,0.0643,0.9828,0.3155,17.0333,-1.2059
141.810,-0.0401,-0.0932,0.0046,-0.0805,-0.0376,0.0497,0.9668,0.3155,17.0333,-1.2059
141.911,-0.0401,-0.0932,0.0046,-0.0805,-0.0376,0.0497,0.9668,0.3155,17.0333,-1.2059
141.949,-0.0401,-0.0932,0.0046,-0.0904,-0.0319,0.0541,0.9668,0.3056,17.0433,-1.2062
141.949,-0.0461,-0.1067,0.0046,-0.1011,-0.0319,0.0541,0.9533,0.2949,17.0433,-1.2062
141.950,-0.0578,-0.1067,-0.0002,-0.1011,-0.0418,0.0541,0.9533,0.2949,17.0433,-1.2062
141.951,-0.0578,-0.1221,-0.0097,-0.1011,-0.0418,0.0399,0.9379,0.2949,17.0433,-1.2062
142.051,-0.0578,-0.1221,-0.0097,-0.1011,-0.0418,0.0399,0.9379,0.2949,17.0433,-1.2062
142.088,-0.0578,-0.1221,-0.0097,-0.1110,-0.0361,0.0445,0.9379,0.2850,17.0533,-1.2066
142.090,-0.0656,-0.1374,-0.0097,-0.1238,-0.0361,0.0445,0.9226,0.2722,17.0533,-1.2066
142.091,-0.0756,-0.1374,-0.0120,-0.1238,-0.0438,0.0445,0.9226,0.2722,17.0533,-1.2066
142.092,-0.0756,-0.1529,-0.0219,-0.1238,-0.0438,0.0298,0.9071,0.2722,17.0533,-1.2066
142.193,-0.0756,-0.1529,-0.0219,-0.1238,-0.0438,0.0298,0.9071,0.2722,17.0533,-1.2066
142.208,-0.0756,-0.1529,-0.0219,-0.1337,-0.0381,0.0344,0.9071,0.2623,17.0632,-1.2069
142.210,-0.0844,-0.1684,-0.0219,-0.1472,-0.0381,0.0344,0.8916,0.2488,17.0632,-1.2069
142.211,-0.0938,-0.1684,-0.0226,-0.1472,-0.0446,0.0344,0.8916,0.2488,17.0632,-1.2069
142.212,-0.0938,-0.1843,-0.0333,-0.1472,-0.0446,0.0190,0.8757,0.2488,17.0632,-1.2069
142.293,-0.0938,-0.1843,-0.0333,-0.1571,-0.0389,0.0236,0.8757,0.2389,17.0732,-1.2073
142.294,-0.1033,-0.1974,-0.0333,-0.1700,-0.0389,0.0236,0.8626,0.2260,17.0732,-1.2073
142.295,-0.1138,-0.1974,-0.0320,-0.1700,-0.0452,0.0236,0.8626,0.2260,17.0732,-1.2073
142.295,-0.1138,-0.2130,-0.0437,-0.1700,-0.0452,0.0078,0.8470,0.2260,17.0732,-1.2073
142.366,-0.1138,-0.2130,-0.0437,-0.1799,-0.0396,0.0125,0.8470,0.2161,17.0831,-1.2076
142.367,-0.1255,-0.2230,-0.0437,-0.1929,-0.0396,0.0125,0.8370,0.2031,17.0831,-1.2076
142.369,-0.1366,-0.2230,-0.0402,-0.1929,-0.0454,0.0125,0.8370,0.2031,17.0831,-1.2076
142.371,-0.1366,-0.2375,-0.0526,-0.1929,-0.0454,-0.0030,0.8225,0.2031,17.0831,-1.2076
142.462,-0.1366,-0.2375,-0.0526,-0.2028,-0.0398,0.0017,0.8225,0.1932,17.0931,-1.2080
142.463,-0.1516,-0.2453,-0.0526,-0.2171,-0.0398,0.0017,0.8147,0.1789,17.0931,-1.2080
142.465,-0.1609,-0.2453,-0.0484,-0.2171,-0.0440,0.0017,0.8147,0.1789,17.0931,-1.2080
142.466,-0.1609,-0.2588,-0.0612,-0.2171,-0.0440,-0.0135,0.8012,0.1789,17.0931,-1.2080
142.574,-0.1609,-0.2588,-0.0612,-0.2270,-0.0385,-0.0087,0.8012,0.1690,17.1030,-1.2083
142.574,-0.1773,-0.2671,-0.0612,-0.2426,-0.0385,-0.0087,0.7929,0.1534,17.1030,-1.2083
142.575,-0.1839,-0.2671,-0.0557,-0.2426,-0.0404,-0.0087,0.7929,0.1534,17.1030,-1.2083
142.577,-0.1839,-0.2798,-0.0680,-0.2426,-0.0404,-0.0230,0.7802,0.1534,17.1030,-1.2083
142.577,-0.1839,-0.2798,-0.0680,-0.2426,-0.0404,-0.0230,0.7802,0.1534,17.1030,-1.2083
142.663,-0.1839,-0.2798,-0.0680,-0.2525,-0.0350,-0.0181,0.7802,0.1435,17.1130,-1.2087
142.665,-0.1996,-0.2889,-0.0680,-0.2680,-0.0350,-0.0181,0.7711,0.1280,17.1130,-1.2087
142.666,-0.2028,-0.2889,-0.0593,-0.2680,-0.0332,-0.0181,0.7711,0.1280,17.1130,-1.2087
142.668,-0.2028,-0.3008,-0.0711,-0.2680,-0.0332,-0.0316,0.7592,0.1280,17.1130,-1.2087
142.765,-0.2028,-0.3008,-0.0711,-0.2779,-0.0278,-0.0266,0.7592,0.1181,17.1230,-1.2090
142.767,-0.2181,-0.3085,-0.0711,-0.2925,-0.0278,-0.0266,0.7515,0.1035,17.1230,-1.2090
142.769,-0.2179,-0.3085,-0.0582,-0.2925,-0.0220,-0.0266,0.7515,0.1035,17.1230,-1.2090
142.771,-0.2179,-0.3210,-0.0714,-0.2925,-0.0220,-0.0413,0.7390,0.1035,17.1230,-1.2090
142.868,-0.2179,-0.3210,-0.0714,-0.3024,-0.0167,-0.0362,0.7390,0.0936,17.1329,-1.2094
142.870,-0.2348,-0.3245,-0.0714,-0.3158,-0.0167,-0.0362,0.7355,0.0802,17.1329,-1.2094
142.872,-0.2330,-0.3245,-0.0567,-0.3158,-0.0090,-0.0362,0.7355,0.0802,17.1329,-1.2094
142.874,-0.2330,-0.3381,-0.0714,-0.3158,-0.0090,-0.0522,0.7219,0.0802,17.1329,-1.2094
142.971,-0.2330,-0.3381,-0.0714,-0.3257,-0.0037,-0.0470,0.7219,0.0703,17.1429,-1.2097
142.972,-0.2504,-0.3372,-0.0714,-0.3366,-0.0037,-0.0470,0.7228,0.0594,17.1429,-1.2097
142.973,-0.2496,-0.3372,-0.0585,-0.3366,0.0025,-0.0470,0.7228,0.0594,17.1429,-1.2097
142.974,-0.2496,-0.3504,-0.0725,-0.3366,0.0025,-0.0624,0.7096,0.0594,17.1429,-1.2097
143.069,-0.2496,-0.3504,-0.0725,-0.3466,0.0077,-0.0571,0.7096,0.0494,17.1528,-1.2100
143.070,-0.2660,-0.3485,-0.0725,-0.3559,0.0077,-0.0571,0.7115,0.0401,17.1528,-1.2100
143.072,-0.2662,-0.3485,-0.0612,-0.3559,0.0126,-0.0571,0.7115,0.0401,17.1528,-1.2100
143.073,-0.2662,-0.3605,-0.0733,-0.3559,0.0126,-0.0707,0.6995,0.0401,17.1528,-1.2100
143.158,-0.2662,-0.3605,-0.0733,-0.3659,0.0178,-0.0653,0.6995,0.0301,17.1628,-1.2104
143.160,-0.2814,-0.3595,-0.0733,-0.3748,0.0178,-0.0653,0.7005,0.0212,17.1628,-1.2104
143.160,-0.2800,-0.3595,-0.0609,-0.3748,0.0242,-0.0653,0.7005,0.0212,17.1628,-1.2104
143.160,-0.2800,-0.3709,-0.0714,-0.3748,0.0242,-0.0777,0.6891,0.0212,17.1628,-1.2104
143.232,-0.2800,-0.3709,-0.0714,-0.3848,0.0293,-0.0722,0.6891,0.0112,17.1728,-1.2107
143.233,-0.2951,-0.3708,-0.0714,-0.3938,0.0293,-0.0722,0.6892,0.0022,17.1728,-1.2107
143.233,-0.2917,-0.3708,-0.0574,-0.3938,0.0377,-0.0722,0.6892,0.0022,17.1728,-1.2107
143.234,-0.2917,-0.3833,-0.0664,-0.3938,0.0377,-0.0847,0.6767,0.0022,17.1728,-1.2107
143.322,-0.2917,-0.3833,-0.0664,-0.4038,0.0428,-0.0792,0.6767,-0.0078,17.1827,-1.2111
143.324,-0.3069,-0.3830,-0.0664,-0.4126,0.0428,-0.0792,0.6770,-0.0166,17.1827,-1.2111
143.326,-0.3030,-0.3830,-0.0524,-0.4126,0.0515,-0.0792,0.6770,-0.0166,17.1827,-1.2111
143.328,-0.3030,-0.3973,-0.0599,-0.4126,0.0515,-0.0923,0.6627,-0.0166,17.1827,-1.2111
143.420,-0.3030,-0.3973,-0.0599,-0.4225,0.0565,-0.0868,0.6627,-0.0265,17.1927,-1.2114
143.422,-0.3179,-0.3960,-0.0599,-0.4301,0.0565,-0.0868,0.6640,-0.0341,17.1927,-1.2114
143.424,-0.3149,-0.3960,-0.0466,-0.4301,0.0643,-0.0868,0.6640,-0.0341,17.1927,-1.2114
143.425,-0.3149,-0.4106,-0.0530,-0.4301,0.0643,-0.0998,0.6494,-0.0341,17.1927,-1.2114
143.523,-0.3149,-0.4106,-0.0530,-0.4400,0.0693,-0.0942,0.6494,-0.0440,17.2026,-1.2118
143.524,-0.3285,-0.4083,-0.0530,-0.4458,0.0693,-0.0942,0.6517,-0.0498,17.2026,-1.2118
143.525,-0.3270,-0.4083,-0.0403,-0.4458,0.0759,-0.0942,0.6517,-0.0498,17.2026,-1.2118
143.526,-0.3270,-0.4217,-0.0457,-0.4458,0.0759,-0.1059,0.6383,-0.0498,17.2026,-1.2118
143.625,-0.3270,-0.4217,-0.0457,-0.4557,0.0808,-0.1004,0.6383,-0.0597,17.2126,-1.2121
143.627,-0.3396,-0.4197,-0.0457,-0.4610,0.0808,-0.1004,0.6403,-0.0650,17.2126,-1.2121
143.629,-0.3409,-0.4197,-0.0353,-0.4610,0.0846,-0.1004,0.6403,-0.0650,17.2126,-1.2121
143.630,-0.3409,-0.4315,-0.0395,-0.4610,0.0846,-0.1106,0.6285,-0.0650,17.2126,-1.2121
143.731,-0.3409,-0.4315,-0.0395,-0.4610,0.0846,-0.1106,0.6285,-0.0650,17.2126,-1.2121
143.738,-0.3409,-0.4315,-0.0395,-0.4707,0.0893,-0.1051,0.6285,-0.0747,17.2224,-1.2125
143.739,-0.3529,-0.4292,-0.0395,-0.4752,0.0893,-0.1051,0.6308,-0.0792,17.2224,-1.2125
143.742,-0.3582,-0.4292,-0.0329,-0.4752,0.0890,-0.1051,0.6308,-0.0792,17.2224,-1.2125
143.743,-0.3582,-0.4402,-0.0358,-0.4752,0.0890,-0.1144,0.6198,-0.0792,17.2224,-1.2125
143.844,-0.3582,-0.4402,-0.0358,-0.4752,0.0890,-0.1144,0.6198,-0.0792,17.2224,-1.2125
143.849,-0.3582,-0.4402,-0.0358,-0.4840,0.0935,-0.1095,0.6198,-0.0880,17.2313,-1.2131
143.850,-0.3681,-0.4341,-0.0358,-0.4841,0.0935,-0.1095,0.6259,-0.0881,17.2313,-1.2131
143.854,-0.3764,-0.4341,-0.0321,-0.4841,0.0899,-0.1095,0.6259,-0.0881,17.2313,-1.2131
143.856,-0.3764,-0.4442,-0.0325,-0.4841,0.0899,-0.1172,0.6158,-0.0881,17.2313,-1.2131
143.956,-0.3764,-0.4442,-0.0325,-0.4841,0.0899,-0.1172,0.6158,-0.0881,17.2313,-1.2131
143.963,-0.3764,-0.4442,-0.0325,-0.4923,0.0943,-0.1129,0.6158,-0.0963,17.2398,-1.2139
143.964,-0.3880,-0.4382,-0.0325,-0.4929,0.0943,-0.1129,0.6218,-0.0969,17.2398,-1.2139
143.964,-0.3977,-0.4382,-0.0303,-0.4929,0.0892,-0.1129,0.6218,-0.0969,17.2398,-1.2139
143.965,-0.3977,-0.4450,-0.0256,-0.4929,0.0892,-0.1166,0.6150,-0.0969,17.2398,-1.2139
144.065,-0.3977,-0.4450,-0.0256,-0.4929,0.0892,-0.1166,0.6150,-0.0969,17.2398,-1.2139
144.090,-0.3977,-0.4450,-0.0256,-0.5004,0.0936,-0.1129,0.6150,-0.1044,17.2477,-1.2150
144.090,-0.4101,-0.4373,-0.0256,-0.4995,0.0936,-0.1129,0.6227,-0.1035,17.2477,-1.2150
144.090,-0.4210,-0.4373,-0.0251,-0.4995,0.0871,-0.1129,0.6227,-0.1035,17.2477,-1.2150
144.092,-0.4210,-0.4374,-0.0137,-0.4995,0.0871,-0.1096,0.6226,-0.1035,17.2477,-1.2150
144.192,-0.4210,-0.4374,-0.0137,-0.4995,0.0871,-0.1096,0.6226,-0.1035,17.2477,-1.2150
144.209,-0.4210,-0.4374,-0.0137,-0.5066,0.0916,-0.1063,0.6226,-0.1106,17.2554,-1.2163
144.210,-0.4331,-0.4286,-0.0137,-0.5041,0.0916,-0.1063,0.6269,-0.1081,17.2554,-1.2163
144.211,-0.4461,-0.4286,-0.0152,-0.5041,0.0829,-0.1063,0.6139,-0.1081,17.2554,-1.2163
144.211,-0.4461,-0.4239,-0.0011,-0.5041,0.0829,-0.0986,0.6139,-0.1081,17.2554,-1.2163
144.304,-0.4461,-0.4239,-0.0011,-0.5113,0.0876,-0.0952,0.6139,-0.1153,17.2635,-1.2177
144.305,-0.4576,-0.4150,-0.0011,-0.5080,0.0876,-0.0952,0.6024,-0.1120,17.2635,-1.2177
144.307,-0.4748,-0.4150,-0.0057,-0.5080,0.0750,-0.0952,0.5852,-0.1120,17.2635,-1.2177
144.309,-0.4748,-0.4112,0.0056,-0.5080,0.0750,-0.0892,0.5852,-0.1120,17.2635,-1.2177
144.407,-0.4748,-0.4112,0.0056,-0.5157,0.0799,-0.0854,0.5852,-0.1197,17.2723,-1.2191
144.408,-0.4858,-0.4019,0.0056,-0.5113,0.0799,-0.0854,0.5742,-0.1153,17.2723,-1.2191
144.410,-0.5074,-0.4019,-0.0033,-0.5113,0.0625,-0.0854,0.5526,-0.1153,17.2723,-1.2191
144.412,-0.5074,-0.3985,0.0059,-0.5113,0.0625,-0.0803,0.5526,-0.1153,17.2723,-1.2191
144.512,-0.5074,-0.3985,0.0059,-0.5196,0.0674,-0.0759,0.5526,-0.1236,17.2818,-1.2202
144.513,-0.5175,-0.3876,0.0059,-0.5129,0.0674,-0.0759,0.5425,-0.1169,17.2818,-1.2202
144.515,-0.5389,-0.3876,-0.0060,-0.5129,0.0486,-0.0759,0.5211,-0.1169,17.2818,-1.2202
144.517,-0.5389,-0.3802,0.0051,-0.5129,0.0486,-0.0673,0.5211,-0.1169,17.2818,-1.2202
144.612,-0.5389,-0.3802,0.0051,-0.5213,0.0534,-0.0625,0.5211,-0.1253,17.2917,-1.2210
144.613,-0.5472,-0.3664,0.0051,-0.5107,0.0534,-0.0625,0.5128,-0.1147,17.2917,-1.2210
144.614,-0.5633,-0.3664,-0.0075,-0.5107,0.0375,-0.0625,0.4967,-0.1147,17.2917,-1.2210
144.615,-0.5633,-0.3531,0.0076,-0.5107,0.0375,-0.0483,0.4967,-0.1147,17.2917,-1.2210
144.700,-0.5633,-0.3531,0.0076,-0.5191,0.0422,-0.0432,0.4967,-0.1231,17.3018,-1.2217
144.702,-0.5696,-0.3374,0.0076,-0.5057,0.0422,-0.0432,0.4904,-0.1097,17.3018,-1.2217
144.704,-0.5815,-0.3374,-0.0045,-0.5057,0.0289,-0.0432,0.4785,-0.1097,17.3018,-1.2217
144.705,-0.5815,-0.3220,0.0118,-0.5057,0.0289,-0.0271,0.4785,-0.1097,17.3018,-1.2217
144.786,-0.5815,-0.3220,0.0118,-0.5141,0.0336,-0.0217,0.4785,-0.1181,17.3120,-1.2222
144.787,-0.5868,-0.3065,0.0118,-0.5004,0.0336,-0.0217,0.4732,-0.1044,17.3120,-1.2222
144.787,-0.5988,-0.3065,-0.0010,-0.5004,0.0199,-0.0217,0.4612,-0.1044,17.3120,-1.2222
144.787,-0.5988,-0.2920,0.0140,-0.5004,0.0199,-0.0067,0.4612,-0.1044,17.3120,-1.2222
144.862,-0.5988,-0.2920,0.0140,-0.5086,0.0247,-0.0012,0.4612,-0.1126,17.3223,-1.2225
144.862,-0.6040,-0.2777,0.0140,-0.4957,0.0247,-0.0012,0.4560,-0.0997,17.3223,-1.2225
144.862,-0.6187,-0.2777,-0.0003,-0.4957,0.0084,-0.0012,0.4413,-0.0997,17.3223,-1.2225
144.863,-0.6187,-0.2645,0.0131,-0.4957,0.0084,0.0123,0.4413,-0.0997,17.3223,-1.2225
144.942,-0.6187,-0.2645,0.0131,-0.5037,0.0132,0.0180,0.4413,-0.1077,17.3325,-1.2228
144.943,-0.6239,-0.2511,0.0131,-0.4916,0.0132,0.0180,0.4361,-0.0956,17.3325,-1.2228
144.944,-0.6392,-0.2511,-0.0025,-0.4916,-0.0042,0.0180,0.4208,-0.0956,17.3325,-1.2228
144.948,-0.6392,-0.2378,0.0103,-0.4916,-0.0042,0.0315,0.4208,-0.0956,17.3325,-1.2228
145.048,-0.6392,-0.2378,0.0103,-0.4916,-0.0042,0.0315,0.4208,-0.0956,17.3325,-1.2228
145.052,-0.6392,-0.2378,0.0103,-0.4992,0.0006,0.0371,0.4208,-0.1032,17.3426,-1.2231
145.053,-0.6436,-0.2249,0.0103,-0.4872,0.0006,0.0371,0.4164,-0.0912,17.3426,-1.2231
145.055,-0.6553,-0.2249,-0.0057,-0.4872,-0.0150,0.0371,0.4047,-0.0912,17.3426,-1.2231
145.056,-0.6553,-0.2112,0.0067,-0.4872,-0.0150,0.0508,0.4047,-0.0912,17.3426,-1.2231
145.144,-0.6553,-0.2112,0.0067,-0.4944,-0.0101,0.0565,0.4047,-0.0984,17.3526,-1.2234
145.146,-0.6582,-0.1983,0.0067,-0.4820,-0.0101,0.0565,0.4018,-0.0860,17.3526,-1.2234
145.148,-0.6642,-0.1983,-0.0083,-0.4820,-0.0217,0.0565,0.3958,-0.0860,17.3526,-1.2234
145.150,-0.6642,-0.1847,0.0035,-0.4820,-0.0217,0.0701,0.3958,-0.0860,17.3526,-1.2234
145.244,-0.6642,-0.1847,0.0035,-0.4889,-0.0166,0.0757,0.3958,-0.0929,17.3624,-1.2238
145.245,-0.6654,-0.1714,0.0035,-0.4760,-0.0166,0.0757,0.3946,-0.0800,17.3624,-1.2238
145.246,-0.6669,-0.1714,-0.0099,-0.4760,-0.0245,0.0757,0.3931,-0.0800,17.3624,-1.2238
145.249,-0.6669,-0.1585,0.0012,-0.4760,-0.0245,0.0885,0.3931,-0.0800,17.3624,-1.2238
145.337,-0.6669,-0.1585,0.0012,-0.4827,-0.0192,0.0942,0.3931,-0.0867,17.3723,-1.2241
145.338,-0.6672,-0.1448,0.0012,-0.4692,-0.0192,0.0942,0.3928,-0.0732,17.3723,-1.2241
145.339,-0.6676,-0.1448,-0.0104,-0.4692,-0.0254,0.0942,0.3924,-0.0732,17.3723,-1.2241
145.341,-0.6676,-0.1330,0.0002,-0.4692,-0.0254,0.1061,0.3924,-0.0732,17.3723,-1.2241
145.438,-0.6676,-0.1330,0.0002,-0.4758,-0.0198,0.1119,0.3924,-0.0798,17.3824,-1.2245
145.439,-0.6676,-0.1187,0.0002,-0.4617,-0.0198,0.1119,0.3924,-0.0657,17.3824,-1.2245
145.442,-0.6691,-0.1187,-0.0110,-0.4617,-0.0266,0.1119,0.3909,-0.0657,17.3824,-1.2245
145.443,-0.6691,-0.1078,0.0001,-0.4617,-0.0266,0.1228,0.3909,-0.0657,17.3824,-1.2245
145.537,-0.6691,-0.1078,0.0001,-0.4681,-0.0208,0.1287,0.3909,-0.0721,17.3924,-1.2248
145.538,-0.6691,-0.0930,0.0001,-0.4534,-0.0208,0.1287,0.3909,-0.0574,17.3924,-1.2248
145.540,-0.6712,-0.0930,-0.0120,-0.4534,-0.0284,0.1287,0.3888,-0.0574,17.3924,-1.2248
145.542,-0.6712,-0.0825,0.0005,-0.4534,-0.0284,0.1393,0.3888,-0.0574,17.3924,-1.2248
145.637,-0.6712,-0.0825,0.0005,-0.4595,-0.0225,0.1451,0.3888,-0.0635,17.4024,-1.2253
145.638,-0.6704,-0.0673,0.0005,-0.4443,-0.0225,0.1451,0.3896,-0.0483,17.4024,-1.2253
145.639,-0.6708,-0.0673,-0.0124,-0.4443,-0.0295,0.1451,0.3892,-0.0483,17.4024,-1.2253
145.640,-0.6708,-0.0571,0.0014,-0.4443,-0.0295,0.1553,0.3892,-0.0483,17.4024,-1.2253
145.729,-0.6708,-0.0571,0.0014,-0.4501,-0.0235,0.1610,0.3892,-0.0541,17.4123,-1.2257
145.730,-0.6654,-0.0389,0.0014,-0.4319,-0.0235,0.1610,0.3946,-0.0359,17.4123,-1.2257
145.731,-0.6629,-0.0389,-0.0114,-0.4319,-0.0285,0.1610,0.3971,-0.0359,17.4123,-1.2257
145.732,-0.6629,-0.0289,0.0024,-0.4319,-0.0285,0.1710,0.3971,-0.0359,17.4123,-1.2257
145.821,-0.6629,-0.0289,0.0024,-0.4376,-0.0222,0.1767,0.3971,-0.0416,17.4222,-1.2262
145.822,-0.6448,-0.0009,0.0024,-0.4096,-0.0222,0.1767,0.4152,-0.0136,17.4222,-1.2262
145.823,-0.6406,-0.0009,-0.0094,-0.4096,-0.0255,0.1767,0.4194,-0.0136,17.4222,-1.2262
145.825,-0.6406,0.0090,0.0039,-0.4096,-0.0255,0.1866,0.4194,-0.0136,17.4222,-1.2262
145.917,-0.6406,0.0090,0.0039,-0.4154,-0.0190,0.1923,0.4194,-0.0194,17.4322,-1.2266
145.919,-0.6152,0.0421,0.0039,-0.3821,-0.0190,0.1923,0.4448,0.0139,17.4322,-1.2266
145.921,-0.6106,0.0421,-0.0072,-0.3821,-0.0218,0.1923,0.4494,0.0139,17.4322,-1.2266
145.923,-0.6106,0.0517,0.0067,-0.3821,-0.0218,0.2021,0.4494,0.0139,17.4322,-1.2266
146.017,-0.6106,0.0517,0.0067,-0.3881,-0.0151,0.2079,0.4494,0.0079,17.4422,-1.2270
146.019,-0.5896,0.0810,0.0067,-0.3586,-0.0151,0.2079,0.4704,0.0374,17.4422,-1.2270
146.021,-0.5857,0.0810,-0.0046,-0.3586,-0.0186,0.2079,0.4743,0.0374,17.4422,-1.2270
146.023,-0.5857,0.0903,0.0111,-0.3586,-0.0186,0.2173,0.4743,0.0374,17.4422,-1.2270
146.115,-0.5857,0.0903,0.0111,-0.3647,-0.0117,0.2231,0.4743,0.0313,17.4523,-1.2274
146.116,-0.5689,0.1180,0.0111,-0.3368,-0.0117,0.2231,0.4911,0.0592,17.4523,-1.2274
146.116,-0.5648,0.1180,-0.0010,-0.3368,-0.0157,0.2231,0.4952,0.0592,17.4523,-1.2274
146.117,-0.5648,0.1267,0.0163,-0.3368,-0.0157,0.2321,0.4952,0.0592,17.4523,-1.2274
146.212,-0.5648,0.1267,0.0163,-0.3428,-0.0087,0.2377,0.4952,0.0532,17.4622,-1.2278
146.213,-0.5449,0.1644,0.0163,-0.3050,-0.0087,0.2377,0.5151,0.0910,17.4622,-1.2278
146.213,-0.5387,0.1644,0.0036,-0.3050,-0.0116,0.2377,0.5213,0.0910,17.4622,-1.2278
146.214,-0.5387,0.1723,0.0208,-0.3050,-0.0116,0.2459,0.5213,0.0910,17.4622,-1.2278
146.312,-0.5387,0.1723,0.0208,-0.3109,-0.0044,0.2513,0.5213,0.0851,17.4721,-1.2283
146.313,-0.5175,0.2250,0.0208,-0.2582,-0.0044,0.2513,0.5425,0.1378,17.4721,-1.2283
146.313,-0.5088,0.2250,0.0085,-0.2582,-0.0055,0.2513,0.5512,0.1378,17.4721,-1.2283
146.313,-0.5088,0.2322,0.0244,-0.2582,-0.0055,0.2587,0.5512,0.1378,17.4721,-1.2283
146.405,-0.5088,0.2322,0.0244,-0.2639,0.0018,0.2641,0.5512,0.1321,17.4820,-1.2287
146.405,-0.4969,0.2847,0.0244,-0.2114,0.0018,0.2641,0.5631,0.1846,17.4820,-1.2287
146.406,-0.4878,0.2847,0.0132,-0.2114,0.0013,0.2641,0.5722,0.1846,17.4820,-1.2287
146.407,-0.4878,0.2911,0.0277,-0.2114,0.0013,0.2705,0.5722,0.1846,17.4820,-1.2287
146.486,-0.4878,0.2911,0.0277,-0.2168,0.0089,0.2759,0.5722,0.1792,17.4920,-1.2291
146.488,-0.4896,0.3251,0.0277,-0.1824,0.0089,0.2759,0.5704,0.2136,17.4920,-1.2291
146.489,-0.4827,0.3251,0.0159,-0.1824,0.0061,0.2759,0.5773,0.2136,17.4920,-1.2291
146.489,-0.4827,0.3303,0.0297,-0.1824,0.0061,0.2809,0.5773,0.2136,17.4920,-1.2291
146.560,-0.4827,0.3303,0.0297,-0.1875,0.0139,0.2864,0.5773,0.2085,17.5020,-1.2295
146.563,-0.4965,0.3442,0.0297,-0.1725,0.0139,0.2864,0.5635,0.2235,17.5020,-1.2295
146.564,-0.4921,0.3442,0.0152,-0.1725,0.0074,0.2864,0.5679,0.2235,17.5020,-1.2295
146.564,-0.4921,0.3484,0.0288,-0.1725,0.0074,0.2900,0.5679,0.2235,17.5020,-1.2295
146.652,-0.4921,0.3484,0.0288,-0.1771,0.0152,0.2953,0.5679,0.2189,17.5120,-1.2298
146.653,-0.5201,0.3528,0.0288,-0.1700,0.0152,0.2953,0.5399,0.2260,17.5120,-1.2298
146.653,-0.5161,0.3528,0.0123,-0.1700,0.0068,0.2953,0.5439,0.2260,17.5120,-1.2298
146.654,-0.5161,0.3565,0.0256,-0.1700,0.0068,0.2980,0.5439,0.2260,17.5120,-1.2298
146.732,-0.5161,0.3565,0.0256,-0.1739,0.0147,0.3032,0.5439,0.2221,17.5219,-1.2302
146.732,-0.5473,0.3556,0.0256,-0.1708,0.0147,0.3032,0.5127,0.2252,17.5219,-1.2302
146.732,-0.5420,0.3556,0.0096,-0.1708,0.0076,0.3032,0.5180,0.2252,17.5219,-1.2302
146.733,-0.5420,0.3593,0.0223,-0.1708,0.0076,0.3055,0.5180,0.2252,17.5219,-1.2302
146.804,-0.5420,0.3593,0.0223,-0.1741,0.0156,0.3106,0.5180,0.2219,17.5317,-1.2306
146.806,-0.5552,0.3606,0.0223,-0.1705,0.0156,0.3106,0.5048,0.2255,17.5317,-1.2306
146.806,-0.5487,0.3606,0.0085,-0.1705,0.0110,0.3106,0.5113,0.2255,17.5317,-1.2306
146.807,-0.5487,0.3643,0.0202,-0.1705,0.0110,0.3128,0.5113,0.2255,17.5317,-1.2306
146.895,-0.5487,0.3643,0.0202,-0.1735,0.0191,0.3179,0.5113,0.2225,17.5417,-1.2310
146.896,-0.5309,0.3717,0.0202,-0.1684,0.0191,0.3179,0.5291,0.2276,17.5417,-1.2310
146.898,-0.5245,0.3717,0.0074,-0.1684,0.0153,0.3179,0.5355,0.2276,17.5417,-1.2310
146.899,-0.5245,0.3753,0.0187,-0.1684,0.0153,0.3203,0.5355,0.2276,17.5417,-1.2310
146.991,-0.5245,0.3753,0.0187,-0.1715,0.0236,0.3253,0.5355,0.2245,17.5517,-1.2314
146.992,-0.4962,0.3883,0.0187,-0.1619,0.0236,0.3253,0.5638,0.2341,17.5517,-1.2314
146.993,-0.4918,0.3883,0.0041,-0.1619,0.0171,0.3253,0.5682,0.2341,17.5517,-1.2314
146.994,-0.4918,0.3911,0.0152,-0.1619,0.0171,0.3272,0.5682,0.2341,17.5517,-1.2314
147.094,-0.4918,0.3911,0.0152,-0.1619,0.0171,0.3272,0.5682,0.2341,17.5517,-1.2314
147.102,-0.4918,0.3911,0.0152,-0.1653,0.0255,0.3322,0.5682,0.2307,17.5617,-1.2317
147.102,-0.4696,0.4050,0.0152,-0.1535,0.0255,0.3322,0.5904,0.2425,17.5617,-1.2317
147.103,-0.4682,0.4050,-0.0018,-0.1535,0.0151,0.3322,0.5918,0.2425,17.5617,-1.2317
147.104,-0.4682,0.4064,0.0090,-0.1535,0.0151,0.3325,0.5918,0.2425,17.5617,-1.2317
147.195,-0.4682,0.4064,0.0090,-0.1570,0.0236,0.3374,0.5918,0.2390,17.5716,-1.2321
147.196,-0.4516,0.4239,0.0090,-0.1403,0.0236,0.3374,0.6084,0.2557,17.5716,-1.2321
147.196,-0.4515,0.4239,-0.0071,-0.1403,0.0126,0.3374,0.6085,0.2557,17.5716,-1.2321
147.196,-0.4515,0.4235,0.0030,-0.1403,0.0126,0.3360,0.6085,0.2557,17.5716,-1.2321
147.297,-0.4515,0.4235,0.0030,-0.1403,0.0126,0.3360,0.6085,0.2557,17.5716,-1.2321
147.314,-0.4515,0.4235,0.0030,-0.1438,0.0212,0.3407,0.6085,0.2522,17.5815,-1.2325
147.315,-0.4232,0.4529,0.0030,-0.1156,0.0212,0.3407,0.6368,0.2804,17.5815,-1.2325
147.316,-0.4231,0.4529,-0.0111,-0.1156,0.0114,0.3407,0.6369,0.2804,17.5815,-1.2325
147.316,-0.4231,0.4514,-0.0021,-0.1156,0.0114,0.3384,0.6369,0.2804,17.5815,-1.2325
147.391,-0.4231,0.4514,-0.0021,-0.1191,0.0200,0.3431,0.6369,0.2769,17.5913,-1.2328
147.392,-0.3875,0.4860,-0.0021,-0.0860,0.0200,0.3431,0.6725,0.3100,17.5913,-1.2328
147.393,-0.3868,0.4860,-0.0149,-0.0860,0.0116,0.3431,0.6732,0.3100,17.5913,-1.2328
147.394,-0.3868,0.4848,-0.0063,-0.0860,0.0116,0.3412,0.6732,0.3100,17.5913,-1.2328
147.489,-0.3868,0.4848,-0.0063,-0.0897,0.0204,0.3459,0.6732,0.3063,17.6013,-1.2332
147.490,-0.3562,0.5162,-0.0063,-0.0593,0.0204,0.3459,0.7038,0.3367,17.6013,-1.2332
147.491,-0.3549,0.5162,-0.0191,-0.0593,0.0123,0.3459,0.7051,0.3367,17.6013,-1.2332
147.492,-0.3549,0.5155,-0.0104,-0.0593,0.0123,0.3446,0.7051,0.3367,17.6013,-1.2332
147.592,-0.3549,0.5155,-0.0104,-0.0593,0.0123,0.3446,0.7051,0.3367,17.6013,-1.2332
147.608,-0.3549,0.5155,-0.0104,-0.0631,0.0212,0.3493,0.7051,0.3329,17.6113,-1.2335
147.609,-0.3351,0.5413,-0.0104,-0.0376,0.0212,0.3493,0.7249,0.3584,17.6113,-1.2335
147.609,-0.3344,0.5413,-0.0234,-0.0376,0.0125,0.3493,0.7256,0.3584,17.6113,-1.2335
147.609,-0.3344,0.5407,-0.0143,-0.0376,0.0125,0.3481,0.7256,0.3584,17.6113,-1.2335
147.694,-0.3344,0.5407,-0.0143,-0.0413,0.0215,0.3527,0.7256,0.3547,17.6212,-1.2339
147.695,-0.3227,0.5617,-0.0143,-0.0202,0.0215,0.3527,0.7373,0.3758,17.6212,-1.2339
147.695,-0.3238,0.5617,-0.0267,-0.0202,0.0115,0.3527,0.7362,0.3758,17.6212,-1.2339
147.696,-0.3238,0.5600,-0.0178,-0.0202,0.0115,0.3503,0.7362,0.3758,17.6212,-1.2339
147.786,-0.3238,0.5600,-0.0178,-0.0238,0.0204,0.3548,0.7362,0.3722,17.6312,-1.2342
147.787,-0.3150,0.5772,-0.0178,-0.0062,0.0204,0.3548,0.7450,0.3898,17.6312,-1.2342
147.787,-0.3180,0.5772,-0.0291,-0.0062,0.0095,0.3548,0.7420,0.3898,17.6312,-1.2342
147.788,-0.3180,0.5735,-0.0218,-0.0062,0.0095,0.3502,0.7420,0.3898,17.6312,-1.2342
147.888,-0.3180,0.5735,-0.0218,-0.0062,0.0095,0.3502,0.7420,0.3898,17.6312,-1.2342
147.889,-0.3180,0.5735,-0.0218,-0.0097,0.0185,0.3547,0.7420,0.3863,17.6411,-1.2345
147.890,-0.3079,0.5871,-0.0218,0.0039,0.0185,0.3547,0.7521,0.3999,17.6411,-1.2345
147.893,-0.3126,0.5871,-0.0313,0.0039,0.0074,0.3547,0.7474,0.3999,17.6411,-1.2345
147.895,-0.3126,0.5828,-0.0250,0.0039,0.0074,0.3495,0.7474,0.3999,17.6411,-1.2345
147.982,-0.3126,0.5828,-0.0250,0.0006,0.0165,0.3539,0.7474,0.3966,17.6510,-1.2348
147.983,-0.2995,0.5939,-0.0250,0.0112,0.0165,0.3539,0.7605,0.4072,17.6510,-1.2348
147.986,-0.3049,0.5939,-0.0334,0.0112,0.0056,0.3539,0.7551,0.4016,17.6510,-1.2348
147.987,-0.3049,0.5909,-0.0264,0.0112,0.0056,0.3501,0.7551,0.4016,17.6510,-1.2348
148.085,-0.3049,0.5909,-0.0264,0.0078,0.0147,0.3545,0.7551,0.4038,17.6609,-1.2351
148.086,-0.2900,0.6002,-0.0264,0.0163,0.0147,0.3545,0.7700,0.4107,17.6609,-1.2351
148.087,-0.2947,0.6002,-0.0353,0.0163,0.0040,0.3545,0.7653,0.4000,17.6609,-1.2351
148.088,-0.2947,0.5989,-0.0263,0.0163,0.0040,0.3525,0.7653,0.4000,17.6609,-1.2351
148.186,-0.2947,0.5989,-0.0263,0.0128,0.0132,0.3569,0.7653,0.4088,17.6710,-1.2354
148.188,-0.2790,0.6072,-0.0263,0.0203,0.0132,0.3569,0.7810,0.4092,17.6710,-1.2354
148.190,-0.2835,0.6072,-0.0360,0.0203,0.0021,0.3569,0.7765,0.3981,17.6710,-1.2354
148.193,-0.2835,0.6068,-0.0255,0.0203,0.0021,0.3558,0.7765,0.3981,17.6710,-1.2354
148.288,-0.2835,0.6068,-0.0255,0.0168,0.0113,0.3601,0.7765,0.4073,17.6809,-1.2357
148.290,-0.2661,0.6165,-0.0255,0.0258,0.0113,0.3601,0.7939,0.4073,17.6809,-1.2357
148.293,-0.2721,0.6165,-0.0353,0.0258,-0.0011,0.3601,0.7879,0.3949,17.6809,-1.2357
148.294,-0.2721,0.6159,-0.0248,0.0258,-0.0011,0.3590,0.7879,0.3949,17.6809,-1.2357
148.395,-0.2721,0.6159,-0.0248,0.0258,-0.0011,0.3590,0.7879,0.3949,17.6809,-1.2357
148.404,-0.2721,0.6159,-0.0248,0.0222,0.0081,0.3631,0.7879,0.4041,17.6908,-1.2360
148.406,-0.2517,0.6286,-0.0248,0.0343,0.0081,0.3631,0.8083,0.4041,17.6908,-1.2360
148.408,-0.2595,0.6286,-0.0339,0.0343,-0.0054,0.3631,0.8005,0.3906,17.6908,-1.2360
148.409,-0.2595,0.6276,-0.0241,0.0343,-0.0054,0.3617,0.8005,0.3906,17.6908,-1.2360
148.508,-0.2595,0.6276,-0.0241,0.0307,0.0038,0.3658,0.8005,0.3998,17.7007,-1.2364
148.509,-0.2368,0.6406,-0.0241,0.0432,0.0038,0.3658,0.8232,0.3998,17.7007,-1.2364
148.509,-0.2451,0.6406,-0.0314,0.0432,-0.0088,0.3658,0.8149,0.3872,17.7007,-1.2364
148.510,-0.2451,0.6397,-0.0218,0.0432,-0.0088,0.3647,0.8149,0.3872,17.7007,-1.2364
148.610,-0.2451,0.6397,-0.0218,0.0432,-0.0088,0.3647,0.8149,0.3872,17.7007,-1.2364
148.628,-0.2451,0.6397,-0.0218,0.0394,0.0005,0.3687,0.8149,0.3965,17.7107,-1.2367
148.630,-0.2228,0.6501,-0.0218,0.0494,0.0005,0.3687,0.8372,0.3965,17.7107,-1.2367
148.630,-0.2307,0.6501,-0.0279,0.0494,-0.0107,0.3687,0.8293,0.3853,17.7107,-1.2367
148.631,-0.2307,0.6502,-0.0171,0.0494,-0.0107,0.3687,0.8293,0.3853,17.7107,-1.2367
148.731,-0.2307,0.6502,-0.0171,0.0494,-0.0107,0.3687,0.8293,0.3853,17.7107,-1.2367
148.749,-0.2307,0.6502,-0.0171,0.0455,-0.0014,0.3727,0.8293,0.3946,17.7207,-1.2370
148.750,-0.2108,0.6576,-0.0171,0.0529,-0.0014,0.3727,0.8492,0.3946,17.7207,-1.2370
148.750,-0.2177,0.6576,-0.0230,0.0529,-0.0117,0.3727,0.8423,0.3844,17.7207,-1.2370
148.750,-0.2177,0.6590,-0.0102,0.0529,-0.0117,0.3742,0.8423,0.3844,17.7207,-1.2370
148.850,-0.2177,0.6590,-0.0102,0.0529,-0.0117,0.3742,0.8423,0.3844,17.7207,-1.2370
148.871,-0.2177,0.6590,-0.0102,0.0489,-0.0023,0.3781,0.8423,0.3937,17.7307,-1.2373
148.871,-0.2002,0.6654,-0.0102,0.0554,-0.0023,0.3781,0.8598,0.3937,17.7307,-1.2373
148.872,-0.2054,0.6654,-0.0148,0.0554,-0.0101,0.3781,0.8546,0.3859,17.7307,-1.2373
148.872,-0.2054,0.6676,-0.0011,0.0554,-0.0101,0.3806,0.8546,0.3859,17.7307,-1.2373
148.973,-0.2054,0.6676,-0.0011,0.0554,-0.0101,0.3806,0.8546,0.3859,17.7307,-1.2373
148.983,-0.2054,0.6676,-0.0011,0.0514,-0.0008,0.3844,0.8546,0.3952,17.7407,-1.2376
148.983,-0.1898,0.6743,-0.0011,0.0583,-0.0008,0.3844,0.8702,0.3952,17.7407,-1.2376
148.984,-0.1926,0.6743,-0.0025,0.0583,-0.0041,0.3844,0.8674,0.3919,17.7407,-1.2376
148.984,-0.1926,0.6750,0.0094,0.0583,-0.0041,0.3855,0.8674,0.3919,17.7407,-1.2376
149.084,-0.1926,0.6750,0.0094,0.0583,-0.0041,0.3855,0.8674,0.3919,17.7407,-1.2376
149.093,-0.1926,0.6750,0.0094,0.0542,0.0051,0.3892,0.8674,0.4011,17.7506,-1.2379
149.093,-0.1779,0.6819,0.0094,0.0615,0.0051,0.3892,0.8821,0.4011,17.7506,-1.2379
149.094,-0.1791,0.6819,0.0107,0.0615,0.0050,0.3892,0.8809,0.4011,17.7506,-1.2379
149.094,-0.1791,0.6784,0.0181,0.0615,0.0050,0.3861,0.8809,0.4011,17.7506,-1.2379
149.178,-0.1791,0.6784,0.0181,0.0574,0.0143,0.3897,0.8809,0.4104,17.7605,-1.2383
149.178,-0.1658,0.6835,0.0181,0.0629,0.0143,0.3897,0.8942,0.4104,17.7605,-1.2383
149.179,-0.1672,0.6835,0.0187,0.0629,0.0136,0.3897,0.8928,0.4096,17.7605,-1.2383
149.179,-0.1672,0.6761,0.0220,0.0629,0.0136,0.3828,0.8928,0.4096,17.7605,-1.2383
149.279,-0.1672,0.6761,0.0220,0.0629,0.0136,0.3828,0.8928,0.4096,17.7605,-1.2383
149.289,-0.1672,0.6761,0.0220,0.0587,0.0229,0.3863,0.8928,0.4189,17.7704,-1.2386
149.289,-0.1565,0.6773,0.0220,0.0605,0.0229,0.3863,0.9035,0.4189,17.7704,-1.2386
149.290,-0.1584,0.6773,0.0210,0.0605,0.0207,0.3863,0.9016,0.4167,17.7704,-1.2386
149.294,-0.1584,0.6688,0.0228,0.0605,0.0207,0.3783,0.9016,0.4167,17.7704,-1.2386
149.394,-0.1584,0.6688,0.0228,0.0605,0.0207,0.3783,0.9016,0.4167,17.7704,-1.2386
149.415,-0.1584,0.6688,0.0228,0.0562,0.0301,0.3819,0.9016,0.4261,17.7804,-1.2390
149.415,-0.1497,0.6668,0.0228,0.0549,0.0301,0.3819,0.9103,0.4261,17.7804,-1.2390
149.416,-0.1486,0.6668,0.0217,0.0549,0.0302,0.3819,0.9114,0.4262,17.7804,-1.2390
149.416,-0.1486,0.6598,0.0250,0.0549,0.0302,0.3755,0.9114,0.4262,17.7804,-1.2390
149.516,-0.1486,0.6598,0.0250,0.0549,0.0302,0.3755,0.9114,0.4262,17.7804,-1.2390
149.527,-0.1486,0.6598,0.0250,0.0505,0.0396,0.3790,0.9114,0.4356,17.7904,-1.2393
149.527,-0.1411,0.6557,0.0250,0.0472,0.0396,0.3790,0.9189,0.4356,17.7904,-1.2393
149.535,-0.1323,0.6557,0.0251,0.0472,0.0470,0.3790,0.9277,0.4430,17.7904,-1.2393
149.535,-0.1323,0.6485,0.0286,0.0472,0.0470,0.3724,0.9277,0.4430,17.7904,-1.2393
149.636,-0.1323,0.6485,0.0286,0.0472,0.0470,0.3724,0.9277,0.4430,17.7904,-1.2393
149.654,-0.1323,0.6485,0.0286,0.0428,0.0564,0.3758,0.9277,0.4388,17.8004,-1.2396
149.655,-0.1255,0.6429,0.0286,0.0381,0.0564,0.3758,0.9345,0.4341,17.8004,-1.2396
149.655,-0.1089,0.6429,0.0284,0.0381,0.0698,0.3758,0.9511,0.4341,17.8004,-1.2396
149.655,-0.1089,0.6324,0.0287,0.0381,0.0698,0.3659,0.9511,0.4341,17.8004,-1.2396
149.716,-0.1089,0.6324,0.0287,0.0337,0.0792,0.3693,0.9511,0.4297,17.8103,-1.2400
149.717,-0.1023,0.6262,0.0287,0.0285,0.0792,0.3693,0.9577,0.4245,17.8103,-1.2400
149.718,-0.0852,0.6262,0.0274,0.0285,0.0922,0.3693,0.9748,0.4245,17.8103,-1.2400
149.718,-0.0852,0.6121,0.0236,0.0285,0.0922,0.3558,0.9748,0.4245,17.8103,-1.2400
149.798,-0.0852,0.6121,0.0236,0.0240,0.1016,0.3592,0.9748,0.4200,17.8202,-1.2404
149.799,-0.0783,0.6059,0.0236,0.0189,0.1016,0.3592,0.9817,0.4149,17.8202,-1.2404
149.799,-0.0653,0.6059,0.0216,0.0189,0.1108,0.3592,0.9947,0.4149,17.8202,-1.2404
149.800,-0.0653,0.5900,0.0150,0.0189,0.1108,0.3437,0.9947,0.4149,17.8202,-1.2404
149.900,-0.0653,0.5900,0.0150,0.0189,0.1108,0.3437,0.9947,0.4149,17.8202,-1.2404
149.908,-0.0653,0.5900,0.0150,0.0143,0.1204,0.3471,0.9947,0.4103,17.8302,-1.2407
149.909,-0.0579,0.5844,0.0150,0.0099,0.1204,0.3471,1.0021,0.4059,17.8302,-1.2407
149.910,-0.0481,0.5844,0.0128,0.0099,0.1269,0.3471,1.0119,0.4059,17.8302,-1.2407
149.911,-0.0481,0.5692,0.0061,0.0099,0.1269,0.3323,1.0119,0.4059,17.8302,-1.2407
150.012,-0.0481,0.5692,0.0061,0.0099,0.1269,0.3323,1.0119,0.4059,17.8302,-1.2407
150.014,-0.0481,0.5692,0.0061,0.0052,0.1365,0.3358,1.0119,0.4012,17.8402,-1.2411
150.015,-0.0403,0.5649,0.0061,0.0020,0.1365,0.3358,1.0197,0.3980,17.8402,-1.2411
150.016,-0.0290,0.5649,0.0018,0.0020,0.1430,0.3358,1.0310,0.3980,17.8402,-1.2411
150.016,-0.0290,0.5512,-0.0033,0.0020,0.1430,0.3225,1.0310,0.3980,17.8402,-1.2411
150.117,-0.0290,0.5512,-0.0033,0.0020,0.1430,0.3225,1.0310,0.3980,17.8402,-1.2411
150.133,-0.0290,0.5512,-0.0033,-0.0028,0.1526,0.3260,1.0310,0.3932,17.8502,-1.2414
150.134,-0.0209,0.5480,-0.0033,-0.0047,0.1526,0.3260,1.0391,0.3913,17.8502,-1.2414
150.135,-0.0050,0.5480,-0.0109,-0.0047,0.1609,0.3260,1.0491,0.3913,17.8502,-1.2414
150.135,-0.0050,0.5350,-0.0142,-0.0047,0.1609,0.3135,1.0458,0.3913,17.8502,-1.2414
150.199,-0.0050,0.5350,-0.0142,-0.0095,0.1706,0.3169,1.0458,0.3865,17.8601,-1.2417
150.199,0.0038,0.5327,-0.0142,-0.0106,0.1706,0.3169,1.0458,0.3854,17.8601,-1.2417
150.200,0.0224,0.5327,-0.0229,-0.0106,0.1806,0.3169,1.0371,0.3854,17.8601,-1.2417
150.201,0.0224,0.5190,-0.0258,-0.0106,0.1806,0.3038,1.0342,0.3854,17.8601,-1.2417
150.265,0.0224,0.5190,-0.0258,-0.0154,0.1902,0.3072,1.0342,0.3806,17.8700,-1.2421
150.265,0.0321,0.5171,-0.0258,-0.0160,0.1902,0.3072,1.0342,0.3800,17.8700,-1.2421
150.266,0.0497,0.5171,-0.0320,-0.0160,0.2009,0.3072,1.0280,0.3800,17.8700,-1.2421
150.267,0.0497,0.5028,-0.0358,-0.0160,0.2009,0.2934,1.0242,0.3800,17.8700,-1.2421
150.342,0.0497,0.5028,-0.0358,-0.0209,0.2107,0.2969,1.0242,0.3751,17.8800,-1.2425
150.343,0.0602,0.5011,-0.0358,-0.0211,0.2107,0.2969,1.0242,0.3749,17.8800,-1.2425
150.345,0.0760,0.5011,-0.0385,-0.0211,0.2218,0.2969,1.0215,0.3749,17.8800,-1.2425
150.346,0.0760,0.4869,-0.0429,-0.0211,0.2218,0.2831,1.0171,0.3749,17.8800,-1.2425
150.427,0.0760,0.4869,-0.0429,-0.0261,0.2316,0.2867,1.0171,0.3699,17.8900,-1.2428
150.429,0.0868,0.4854,-0.0429,-0.0260,0.2316,0.2867,1.0171,0.3700,17.8900,-1.2428
150.431,0.1020,0.4854,-0.0432,-0.0260,0.2434,0.2867,1.0168,0.3700,17.8900,-1.2428
150.433,0.1020,0.4719,-0.0473,-0.0260,0.2434,0.2736,1.0127,0.3700,17.8900,-1.2428
150.514,0.1020,0.4719,-0.0473,-0.0311,0.2533,0.2771,1.0127,0.3649,17.9000,-1.2432
150.515,0.1125,0.4708,-0.0473,-0.0307,0.2533,0.2771,1.0127,0.3653,17.9000,-1.2432
150.515,0.1277,0.4708,-0.0463,-0.0307,0.2657,0.2771,1.0137,0.3653,17.9000,-1.2432
150.516,0.1277,0.4576,-0.0500,-0.0307,0.2657,0.2643,1.0100,0.3653,17.9000,-1.2432
150.590,0.1277,0.4576,-0.0500,-0.0358,0.2755,0.2679,1.0100,0.3602,17.9099,-1.2436
150.592,0.1379,0.4569,-0.0500,-0.0350,0.2755,0.2679,1.0100,0.3610,17.9099,-1.2436
150.594,0.1533,0.4569,-0.0477,-0.0350,0.2887,0.2679,1.0123,0.3610,17.9099,-1.2436
150.595,0.1533,0.4427,-0.0515,-0.0350,0.2887,0.2542,1.0085,0.3610,17.9099,-1.2436
150.686,0.1533,0.4427,-0.0515,-0.0401,0.2985,0.2577,1.0085,0.3559,17.9199,-1.2439
150.687,0.1636,0.4423,-0.0515,-0.0391,0.2985,0.2577,1.0085,0.3569,17.9199,-1.2439
150.688,0.1791,0.4423,-0.0475,-0.0391,0.3125,0.2577,1.0125,0.3569,17.9199,-1.2439
150.689,0.1791,0.4268,-0.0519,-0.0391,0.3125,0.2426,1.0081,0.3569,17.9199,-1.2439
150.789,0.1791,0.4268,-0.0519,-0.0391,0.3125,0.2426,1.0081,0.3569,17.9199,-1.2439
150.804,0.1791,0.4268,-0.0519,-0.0443,0.3223,0.2462,1.0081,0.3517,17.9298,-1.2443
150.805,0.1902,0.4262,-0.0519,-0.0432,0.3223,0.2462,1.0081,0.3528,17.9298,-1.2443
150.806,0.2056,0.4262,-0.0456,-0.0432,0.3371,0.2462,1.0144,0.3528,17.9298,-1.2443
150.806,0.2056,0.4099,-0.0506,-0.0432,0.3371,0.2303,1.0094,0.3528,17.9298,-1.2443
150.907,0.2056,0.4099,-0.0506,-0.0432,0.3371,0.2303,1.0094,0.3528,17.9298,-1.2443
150.936,0.2056,0.4099,-0.0506,-0.0485,0.3470,0.2339,1.0094,0.3475,17.9398,-1.2447
150.953,0.2174,0.4090,-0.0506,-0.0475,0.3470,0.2339,1.0094,0.3485,17.9398,-1.2447
150.954,0.2323,0.4090,-0.0412,-0.0475,0.3628,0.2339,1.0188,0.3485,17.9398,-1.2447
150.954,0.2323,0.3929,-0.0463,-0.0475,0.3628,0.2181,1.0137,0.3485,17.9398,-1.2447
151.054,0.2323,0.3929,-0.0463,-0.0475,0.3628,0.2181,1.0137,0.3485,17.9398,-1.2447
151.072,0.2323,0.3929,-0.0463,-0.0530,0.3727,0.2218,1.0137,0.3430,17.9497,-1.2450
151.093,0.2445,0.3919,-0.0463,-0.0520,0.3727,0.2218,1.0137,0.3440,17.9497,-1.2450
151.094,0.2593,0.3919,-0.0332,-0.0520,0.3898,0.2218,1.0268,0.3440,17.9497,-1.2450
151.095,0.2593,0.3754,-0.0387,-0.0520,0.3898,0.2056,1.0213,0.3440,17.9497,-1.2450
151.191,0.2593,0.3754,-0.0387,-0.0575,0.3997,0.2094,1.0213,0.3385,17.9597,-1.2454
151.217,0.2713,0.3747,-0.0387,-0.0563,0.3997,0.2094,1.0213,0.3397,17.9597,-1.2454
151.218,0.2864,0.3747,-0.0230,-0.0563,0.4181,0.2094,1.0370,0.3397,17.9597,-1.2454
151.219,0.2864,0.3574,-0.0294,-0.0563,0.4181,0.1923,1.0306,0.3397,17.9597,-1.2454
151.309,0.2864,0.3574,-0.0294,-0.0618,0.4279,0.1960,1.0306,0.3342,17.9697,-1.2457
151.337,0.2984,0.3570,-0.0294,-0.0603,0.4279,0.1960,1.0306,0.3357,17.9697,-1.2457
151.339,0.3138,0.3570,-0.0141,-0.0603,0.4462,0.1960,1.0459,0.3357,17.9697,-1.2457
151.340,0.3138,0.3391,-0.0217,-0.0603,0.4462,0.1783,1.0383,0.3357,17.9697,-1.2457
151.422,0.3138,0.3391,-0.0217,-0.0659,0.4560,0.1821,1.0383,0.3301,17.9796,-1.2461
151.449,0.3261,0.3389,-0.0217,-0.0641,0.4560,0.1821,1.0383,0.3319,17.9796,-1.2461
151.450,0.3416,0.3389,-0.0074,-0.0641,0.4736,0.1821,1.0526,0.3319,17.9796,-1.2461
151.451,0.3416,0.3213,-0.0154,-0.0641,0.4736,0.1644,1.0446,0.3319,17.9796,-1.2461
151.537,0.3416,0.3213,-0.0154,-0.0698,0.4834,0.1683,1.0446,0.3262,17.9895,-1.2465
151.553,0.3549,0.3211,-0.0154,-0.0679,0.4834,0.1683,1.0446,0.3281,17.9895,-1.2465
151.553,0.3699,0.3211,-0.0009,-0.0679,0.5007,0.1683,1.0591,0.3281,17.9895,-1.2465
151.554,0.3699,0.3039,-0.0088,-0.0679,0.5007,0.1511,1.0512,0.3281,17.9895,-1.2465
151.654,0.3699,0.3039,-0.0088,-0.0679,0.5007,0.1511,1.0512,0.3281,17.9895,-1.2465
151.679,0.3699,0.3039,-0.0088,-0.0738,0.5105,0.1552,1.0512,0.3222,17.9995,-1.2468
151.681,0.3842,0.3035,-0.0088,-0.0718,0.5105,0.1552,1.0512,0.3242,17.9995,-1.2468
151.681,0.3984,0.3035,0.0074,-0.0718,0.5278,0.1552,1.0674,0.3242,17.9995,-1.2468
151.682,0.3984,0.2868,-0.0004,-0.0718,0.5278,0.1383,1.0596,0.3242,17.9995,-1.2468
151.782,0.3984,0.2868,-0.0004,-0.0718,0.5278,0.1383,1.0596,0.3242,17.9995,-1.2468
151.809,0.3984,0.2868,-0.0004,-0.0778,0.5377,0.1424,1.0596,0.3182,18.0095,-1.2471
151.811,0.4130,0.2864,-0.0004,-0.0757,0.5377,0.1424,1.0596,0.3203,18.0095,-1.2471
151.814,0.4264,0.2864,0.0182,-0.0757,0.5552,0.1424,1.0782,0.3203,18.0095,-1.2471
151.816,0.4264,0.2698,0.0103,-0.0757,0.5552,0.1256,1.0703,0.3203,18.0095,-1.2471
151.917,0.4264,0.2698,0.0103,-0.0757,0.5552,0.1256,1.0703,0.3203,18.0095,-1.2471
151.918,0.4264,0.2698,0.0103,-0.0818,0.5650,0.1298,1.0703,0.3142,18.0195,-1.2475
151.919,0.4405,0.2697,0.0103,-0.0794,0.5650,0.1298,1.0703,0.3166,18.0195,-1.2475
151.921,0.4531,0.2697,0.0294,-0.0794,0.5821,0.1298,1.0894,0.3166,18.0195,-1.2475
151.923,0.4531,0.2533,0.0211,-0.0794,0.5821,0.1131,1.0811,0.3166,18.0195,-1.2475
152.013,0.4531,0.2533,0.0211,-0.0856,0.5919,0.1173,1.0811,0.3104,18.0294,-1.2478
152.015,0.4667,0.2535,0.0211,-0.0830,0.5919,0.1173,1.0811,0.3130,18.0294,-1.2478
152.017,0.4785,0.2535,0.0382,-0.0830,0.6074,0.1173,1.0982,0.3130,18.0294,-1.2478
152.020,0.4785,0.2374,0.0297,-0.0830,0.6074,0.1008,1.0897,0.3130,18.0294,-1.2478
152.111,0.4785,0.2374,0.0297,-0.0893,0.6171,0.1052,1.0897,0.3067,18.0393,-1.2482
152.112,0.4922,0.2377,0.0297,-0.0866,0.6171,0.1052,1.0897,0.3094,18.0393,-1.2482
152.114,0.5036,0.2377,0.0451,-0.0866,0.6315,0.1052,1.1051,0.3094,18.0393,-1.2482
152.116,0.5036,0.2219,0.0366,-0.0866,0.6315,0.0889,1.0966,0.3094,18.0393,-1.2482
152.211,0.5036,0.2219,0.0366,-0.0930,0.6413,0.0934,1.0966,0.3030,18.0493,-1.2485
152.213,0.5179,0.2221,0.0366,-0.0904,0.6413,0.0934,1.0966,0.3056,18.0493,-1.2485
152.215,0.5295,0.2221,0.0521,-0.0904,0.6559,0.0934,1.1121,0.3056,18.0493,-1.2485
152.217,0.5295,0.2059,0.0436,-0.0904,0.6559,0.0768,1.1036,0.3056,18.0493,-1.2485
152.309,0.5295,0.2059,0.0436,-0.0969,0.6657,0.0814,1.1036,0.2991,18.0593,-1.2489
152.315,0.5441,0.2061,0.0436,-0.0942,0.6657,0.0814,1.1036,0.3018,18.0593,-1.2489
152.316,0.5564,0.2061,0.0608,-0.0942,0.6813,0.0814,1.1208,0.3018,18.0593,-1.2489
152.317,0.5564,0.1888,0.0523,-0.0942,0.6813,0.0636,1.1123,0.3018,18.0593,-1.2489
152.414,0.5564,0.1888,0.0523,-0.1008,0.6911,0.0684,1.1123,0.2952,18.0693,-1.2492
152.429,0.5709,0.1892,0.0523,-0.0979,0.6911,0.0684,1.1123,0.2981,18.0693,-1.2492
152.430,0.5832,0.1892,0.0710,-0.0979,0.7072,0.0684,1.1310,0.2981,18.0693,-1.2492
152.431,0.5832,0.1717,0.0628,-0.0979,0.7072,0.0504,1.1228,0.2981,18.0693,-1.2492
152.531,0.5832,0.1717,0.0628,-0.0979,0.7072,0.0504,1.1228,0.2981,18.0693,-1.2492
152.536,0.5832,0.1717,0.0628,-0.1047,0.7170,0.0553,1.1228,0.2913,18.0792,-1.2496
152.553,0.5973,0.1724,0.0628,-0.1015,0.7170,0.0553,1.1228,0.2945,18.0792,-1.2496
152.554,0.6084,0.1724,0.0812,-0.1015,0.7321,0.0553,1.1412,0.2945,18.0792,-1.2496
152.555,0.6084,0.1568,0.0738,-0.1015,0.7321,0.0391,1.1338,0.2945,18.0792,-1.2496
152.656,0.6084,0.1568,0.0738,-0.1015,0.7321,0.0391,1.1338,0.2945,18.0792,-1.2496
152.665,0.6084,0.1568,0.0738,-0.1083,0.7418,0.0440,1.1338,0.2877,18.0892,-1.2499
152.682,0.6223,0.1577,0.0738,-0.1050,0.7418,0.0440,1.1338,0.2910,18.0892,-1.2499
152.684,0.6326,0.1577,0.0909,-0.1050,0.7557,0.0440,1.1509,0.2910,18.0892,-1.2499
152.686,0.6326,0.1442,0.0843,-0.1050,0.7557,0.0301,1.1443,0.2910,18.0892,-1.2499
152.786,0.6326,0.1442,0.0843,-0.1050,0.7557,0.0301,1.1443,0.2910,18.0892,-1.2499
152.797,0.6326,0.1442,0.0843,-0.1120,0.7655,0.0351,1.1443,0.2840,18.0991,-1.2503
152.813,0.6466,0.1452,0.0843,-0.1086,0.7655,0.0351,1.1443,0.2874,18.0991,-1.2503
152.815,0.6568,0.1452,0.1011,-0.1086,0.7791,0.0351,1.1611,0.2874,18.0991,-1.2503
152.815,0.6568,0.1330,0.0953,-0.1086,0.7791,0.0225,1.1553,0.2874,18.0991,-1.2503
152.916,0.6568,0.1330,0.0953,-0.1086,0.7791,0.0225,1.1553,0.2874,18.0991,-1.2503
152.923,0.6568,0.1330,0.0953,-0.1156,0.7889,0.0276,1.1553,0.2804,18.1091,-1.2506
152.924,0.6711,0.1339,0.0953,-0.1122,0.7889,0.0276,1.1553,0.2838,18.1091,-1.2506
152.927,0.6804,0.1339,0.1125,-0.1122,0.8020,0.0276,1.1725,0.2838,18.1091,-1.2506
152.929,0.6804,0.1218,0.1082,-0.1122,0.8020,0.0152,1.1682,0.2838,18.1091,-1.2506
153.020,0.6804,0.1218,0.1082,-0.1194,0.8118,0.0205,1.1682,0.2766,18.1190,-1.2510
153.021,0.6948,0.1226,0.1082,-0.1161,0.8118,0.0205,1.1682,0.2799,18.1190,-1.2510
153.022,0.7024,0.1226,0.1257,-0.1161,0.8237,0.0205,1.1826,0.2799,18.1190,-1.2510
153.023,0.7024,0.1099,0.1241,-0.1161,0.8237,0.0078,1.1699,0.2799,18.1190,-1.2510
153.124,0.7024,0.1099,0.1241,-0.1161,0.8237,0.0078,1.1699,0.2799,18.1190,-1.2510
153.139,0.7024,0.1099,0.1241,-0.1234,0.8335,0.0131,1.1699,0.2726,18.1290,-1.2513
153.158,0.7166,0.1106,0.1241,-0.1200,0.8335,0.0131,1.1706,0.2760,18.1290,-1.2513
153.159,0.7226,0.1106,0.1405,-0.1200,0.8439,0.0131,1.1706,0.2760,18.1290,-1.2513
153.160,0.7226,0.0979,0.1419,-0.1200,0.8439,0.0007,1.1579,0.2760,18.1290,-1.2513
153.260,0.7226,0.0979,0.1419,-0.1200,0.8439,0.0007,1.1579,0.2760,18.1290,-1.2513
153.263,0.7226,0.0979,0.1419,-0.1274,0.8536,0.0061,1.1579,0.2686,18.1390,-1.2516
153.281,0.7366,0.0985,0.1419,-0.1241,0.8536,0.0061,1.1585,0.2719,18.1390,-1.2516
153.282,0.7409,0.0985,0.1561,-0.1241,0.8620,0.0061,1.1585,0.2719,18.1390,-1.2516
153.283,0.7409,0.0866,0.1616,-0.1241,0.8620,-0.0049,1.1466,0.2719,18.1390,-1.2516
153.384,0.7409,0.0866,0.1616,-0.1241,0.8620,-0.0049,1.1466,0.2719,18.1390,-1.2516
153.386,0.7409,0.0866,0.1616,-0.1316,0.8717,0.0005,1.1466,0.2644,18.1489,-1.2520
153.387,0.7550,0.0872,0.1616,-0.1282,0.8717,0.0005,1.1472,0.2678,18.1489,-1.2520
153.389,0.7568,0.0872,0.1735,-0.1282,0.8774,0.0005,1.1472,0.2678,18.1489,-1.2520
153.392,0.7568,0.0765,0.1840,-0.1282,0.8774,-0.0086,1.1365,0.2678,18.1489,-1.2520
153.492,0.7568,0.0765,0.1840,-0.1282,0.8774,-0.0086,1.1365,0.2678,18.1489,-1.2520
153.515,0.7568,0.0765,0.1840,-0.1358,0.8871,-0.0032,1.1365,0.2602,18.1588,-1.2523
153.517,0.7712,0.0769,0.1840,-0.1323,0.8871,-0.0032,1.1369,0.2637,18.1588,-1.2523
153.527,0.7707,0.0769,0.1946,-0.1323,0.8907,-0.0032,1.1369,0.2637,18.1588,-1.2523
153.529,0.7707,0.0681,0.2065,-0.1323,0.8907,-0.0101,1.1281,0.2637,18.1588,-1.2523
153.629,0.7707,0.0681,0.2065,-0.1323,0.8907,-0.0101,1.1281,0.2637,18.1588,-1.2523
153.680,0.7707,0.0681,0.2065,-0.1400,0.9004,-0.0048,1.1281,0.2560,18.1688,-1.2527
153.682,0.7853,0.0684,0.2065,-0.1364,0.9004,-0.0048,1.1284,0.2596,18.1688,-1.2527
153.683,0.7833,0.0684,0.2162,-0.1364,0.9025,-0.0048,1.1284,0.2596,18.1688,-1.2527
153.684,0.7833,0.0613,0.2271,-0.1364,0.9025,-0.0101,1.1213,0.2596,18.1688,-1.2527
153.785,0.7833,0.0613,0.2271,-0.1364,0.9025,-0.0101,1.1213,0.2596,18.1688,-1.2527
153.812,0.7833,0.0613,0.2271,-0.1442,0.9122,-0.0048,1.1213,0.2518,18.1788,-1.2530
153.837,0.7979,0.0615,0.2271,-0.1404,0.9122,-0.0048,1.1215,0.2556,18.1788,-1.2530
153.838,0.7945,0.0615,0.2357,-0.1404,0.9129,-0.0048,1.1215,0.2556,18.1788,-1.2530
153.839,0.7945,0.0547,0.2479,-0.1404,0.9129,-0.0093,1.1147,0.2556,18.1788,-1.2530
153.940,0.7945,0.0547,0.2479,-0.1404,0.9129,-0.0093,1.1147,0.2556,18.1788,-1.2530
153.980,0.7945,0.0547,0.2479,-0.1483,0.9225,-0.0041,1.1147,0.2477,18.1888,-1.2533
153.981,0.8091,0.0548,0.2479,-0.1444,0.9225,-0.0041,1.1148,0.2516,18.1888,-1.2533
153.982,0.8043,0.0548,0.2548,-0.1444,0.9217,-0.0041,1.1148,0.2516,18.1888,-1.2533
153.984,0.8043,0.0475,0.2711,-0.1444,0.9217,-0.0083,1.1075,0.2516,18.1888,-1.2533
154.085,0.8043,0.0475,0.2711,-0.1444,0.9217,-0.0083,1.1075,0.2516,18.1888,-1.2533
154.116,0.8043,0.0475,0.2711,-0.1524,0.9313,-0.0032,1.1075,0.2436,18.1987,-1.2536
154.124,0.8189,0.0474,0.2711,-0.1484,0.9313,-0.0032,1.1074,0.2476,18.1987,-1.2536
154.126,0.8125,0.0474,0.2763,-0.1484,0.9287,-0.0032,1.1074,0.2476,18.1987,-1.2536
154.128,0.8125,0.0400,0.2956,-0.1484,0.9287,-0.0067,1.1000,0.2476,18.1987,-1.2536
154.228,0.8125,0.0400,0.2956,-0.1484,0.9287,-0.0067,1.1000,0.2476,18.1987,-1.2536
154.298,0.8125,0.0400,0.2956,-0.1565,0.9382,-0.0017,1.1000,0.2395,18.2086,-1.2540
154.299,0.8272,0.0398,0.2956,-0.1523,0.9382,-0.0017,1.0998,0.2437,18.2086,-1.2540
154.301,0.8197,0.0398,0.2995,-0.1523,0.9343,-0.0017,1.0998,0.2437,18.2086,-1.2540
154.305,0.8197,0.0333,0.3194,-0.1523,0.9343,-0.0039,1.0933,0.2437,18.2086,-1.2540
154.394,0.8197,0.0333,0.3194,-0.1605,0.9439,0.0010,1.0933,0.2355,18.2186,-1.2543
154.396,0.8345,0.0328,0.3194,-0.1561,0.9439,0.0010,1.0928,0.2399,18.2186,-1.2543
154.399,0.8262,0.0328,0.3222,-0.1561,0.9390,0.0010,1.0928,0.2399,18.2186,-1.2543
154.400,0.8262,0.0282,0.3417,-0.1561,0.9390,0.0008,1.0882,0.2399,18.2186,-1.2543
154.497,0.8262,0.0282,0.3417,-0.1644,0.9486,0.0056,1.0882,0.2316,18.2285,-1.2546
154.498,0.8410,0.0275,0.3417,-0.1598,0.9486,0.0056,1.0875,0.2362,18.2285,-1.2546
154.500,0.8321,0.0275,0.3437,-0.1598,0.9430,0.0056,1.0875,0.2362,18.2285,-1.2546
154.506,0.8321,0.0259,0.3624,-0.1598,0.9430,0.0083,1.0859,0.2362,18.2285,-1.2546
154.593,0.8321,0.0259,0.3624,-0.1683,0.9525,0.0130,1.0859,0.2277,18.2385,-1.2550
154.595,0.8470,0.0251,0.3624,-0.1635,0.9525,0.0130,1.0851,0.2325,18.2385,-1.2550
154.597,0.8381,0.0251,0.3641,-0.1635,0.9467,0.0130,1.0851,0.2325,18.2385,-1.2550
154.600,0.8381,0.0251,0.3818,-0.1635,0.9467,0.0174,1.0851,0.2325,18.2385,-1.2550
154.681,0.8381,0.0251,0.3818,-0.1720,0.9562,0.0220,1.0851,0.2240,18.2485,-1.2553
154.682,0.8528,0.0241,0.3818,-0.1671,0.9562,0.0220,1.0841,0.2289,18.2485,-1.2553
154.684,0.8442,0.0241,0.3839,-0.1671,0.9507,0.0220,1.0841,0.2289,18.2485,-1.2553
154.688,0.8442,0.0236,0.4006,-0.1671,0.9507,0.0257,1.0836,0.2289,18.2485,-1.2553
154.777,0.8442,0.0236,0.4006,-0.1757,0.9602,0.0302,1.0836,0.2203,18.2584,-1.2556
154.779,0.8590,0.0224,0.4006,-0.1706,0.9602,0.0302,1.0824,0.2254,18.2584,-1.2556
154.780,0.8506,0.0224,0.4031,-0.1706,0.9550,0.0302,1.0824,0.2254,18.2584,-1.2556
154.781,0.8506,0.0206,0.4193,-0.1706,0.9550,0.0327,1.0806,0.2254,18.2584,-1.2556
154.876,0.8506,0.0206,0.4193,-0.1793,0.9644,0.0371,1.0806,0.2167,18.2684,-1.2560
154.877,0.8655,0.0193,0.4193,-0.1740,0.9644,0.0371,1.0793,0.2220,18.2684,-1.2560
154.878,0.8571,0.0193,0.4219,-0.1740,0.9592,0.0371,1.0793,0.2220,18.2684,-1.2560
154.878,0.8571,0.0178,0.4382,-0.1740,0.9592,0.0402,1.0778,0.2220,18.2684,-1.2560
154.970,0.8571,0.0178,0.4382,-0.1828,0.9686,0.0446,1.0778,0.2132,18.2783,-1.2563
154.972,0.8721,0.0164,0.4382,-0.1772,0.9686,0.0446,1.0764,0.2188,18.2783,-1.2563
154.973,0.8634,0.0164,0.4407,-0.1772,0.9631,0.0446,1.0764,0.2188,18.2783,-1.2563
154.975,0.8634,0.0169,0.4572,-0.1772,0.9631,0.0497,1.0769,0.2188,18.2783,-1.2563
155.052,0.8634,0.0169,0.4572,-0.1862,0.9725,0.0540,1.0769,0.2098,18.2883,-1.2566
155.055,0.8784,0.0153,0.4572,-0.1804,0.9725,0.0540,1.0753,0.2156,18.2883,-1.2566
155.055,0.8695,0.0153,0.4596,-0.1804,0.9667,0.0540,1.0753,0.2156,18.2883,-1.2566
155.057,0.8695,0.0180,0.4753,-0.1804,0.9667,0.0611,1.0780,0.2156,18.2883,-1.2566
155.157,0.8695,0.0180,0.4753,-0.1804,0.9667,0.0611,1.0780,0.2156,18.2883,-1.2566
155.161,0.8695,0.0180,0.4753,-0.1894,0.9762,0.0653,1.0780,0.2066,18.2983,-1.2570
155.162,0.8846,0.0164,0.4753,-0.1833,0.9762,0.0653,1.0764,0.2127,18.2983,-1.2570
155.163,0.8758,0.0164,0.4781,-0.1833,0.9706,0.0653,1.0764,0.2127,18.2983,-1.2570
155.163,0.8758,0.0203,0.4930,-0.1833,0.9706,0.0734,1.0803,0.2127,18.2983,-1.2570
155.263,0.8758,0.0203,0.4930,-0.1924,0.9799,0.0776,1.0803,0.2036,18.3082,-1.2573
155.263,0.8909,0.0186,0.4930,-0.1861,0.9799,0.0776,1.0786,0.2099,18.3082,-1.2573
155.263,0.8825,0.0186,0.4964,-0.1861,0.9747,0.0776,1.0786,0.2099,18.3082,-1.2573
155.263,0.8825,0.0227,0.5107,-0.1861,0.9747,0.0857,1.0827,0.2099,18.3082,-1.2573
155.359,0.8825,0.0227,0.5107,-0.1953,0.9840,0.0899,1.0827,0.2007,18.3182,-1.2576
155.360,0.8976,0.0210,0.5107,-0.1887,0.9840,0.0899,1.0810,0.2073,18.3182,-1.2576
155.360,0.8897,0.0210,0.5146,-0.1887,0.9793,0.0899,1.0810,0.2073,18.3182,-1.2576
155.361,0.8897,0.0237,0.5285,-0.1887,0.9793,0.0967,1.0837,0.2073,18.3182,-1.2576
155.429,0.8897,0.0237,0.5285,-0.1979,0.9886,0.1008,1.0837,0.1981,18.3281,-1.2580
155.430,0.9050,0.0220,0.5285,-0.1910,0.9886,0.1008,1.0820,0.2050,18.3281,-1.2580
155.431,0.8974,0.0220,0.5327,-0.1910,0.9841,0.1008,1.0820,0.2050,18.3281,-1.2580
155.432,0.8974,0.0229,0.5468,-0.1910,0.9841,0.1061,1.0829,0.2050,18.3281,-1.2580
155.532,0.8974,0.0229,0.5468,-0.1910,0.9841,0.1061,1.0829,0.2050,18.3281,-1.2580
155.562,0.8974,0.0229,0.5468,-0.2003,0.9934,0.1103,1.0829,0.1957,18.3381,-1.2583
155.563,0.9128,0.0212,0.5468,-0.1930,0.9934,0.1103,1.0812,0.2030,18.3381,-1.2583
155.564,0.9054,0.0212,0.5510,-0.1930,0.9890,0.1103,1.0812,0.2030,18.3381,-1.2583
155.564,0.9054,0.0213,0.5649,-0.1930,0.9890,0.1148,1.0813,0.2030,18.3381,-1.2583
155.657,0.9054,0.0213,0.5649,-0.2025,0.9983,0.1189,1.0813,0.1935,18.3481,-1.2586
155.658,0.9209,0.0197,0.5649,-0.1948,0.9983,0.1189,1.0797,0.2012,18.3481,-1.2586
155.658,0.9137,0.0197,0.5691,-0.1948,0.9940,0.1189,1.0797,0.2012,18.3481,-1.2586
155.659,0.9137,0.0201,0.5822,-0.1948,0.9940,0.1237,1.0801,0.2012,18.3481,-1.2586
155.729,0.9137,0.0201,0.5822,-0.2042,1.0032,0.1277,1.0801,0.1918,18.3580,-1.2590
155.730,0.9292,0.0187,0.5822,-0.1961,1.0032,0.1277,1.0787,0.1999,18.3580,-1.2590
155.730,0.9222,0.0187,0.5866,-0.1961,0.9990,0.1277,1.0787,0.1999,18.3580,-1.2590
155.732,0.9222,0.0203,0.5977,-0.1961,0.9990,0.1330,1.0803,0.1999,18.3580,-1.2590
155.832,0.9222,0.0203,0.5977,-0.2056,1.0082,0.1370,1.0803,0.1904,18.3680,-1.2593
155.839,0.9379,0.0191,0.5977,-0.1971,1.0082,0.1370,1.0791,0.1989,18.3680,-1.2593
155.839,0.9309,0.0191,0.6021,-0.1971,1.0040,0.1370,1.0791,0.1989,18.3680,-1.2593
155.840,0.9309,0.0223,0.6090,-0.1971,1.0040,0.1422,1.0823,0.1989,18.3680,-1.2593
155.940,0.9309,0.0223,0.6090,-0.1971,1.0040,0.1422,1.0823,0.1989,18.3680,-1.2593
155.942,0.9309,0.0223,0.6090,-0.2066,1.0132,0.1463,1.0823,0.1894,18.3779,-1.2596
155.942,0.9468,0.0214,0.6090,-0.1976,1.0132,0.1463,1.0814,0.1984,18.3779,-1.2596
155.944,0.9397,0.0214,0.6133,-0.1976,1.0088,0.1463,1.0814,0.1984,18.3779,-1.2596
155.945,0.9397,0.0254,0.6158,-0.1976,1.0088,0.1507,1.0854,0.1984,18.3779,-1.2596
156.041,0.9397,0.0254,0.6158,-0.2072,1.0179,0.1549,1.0854,0.1888,18.3879,-1.2600
156.043,0.9559,0.0251,0.6158,-0.1975,1.0179,0.1549,1.0851,0.1985,18.3879,-1.2600
156.045,0.9485,0.0251,0.6199,-0.1975,1.0132,0.1549,1.0851,0.1985,18.3879,-1.2600
156.048,0.9485,0.0282,0.6215,-0.1975,1.0132,0.1583,1.0882,0.1985,18.3879,-1.2600
156.137,0.9485,0.0282,0.6215,-0.2072,1.0223,0.1625,1.0882,0.1888,18.3979,-1.2603
156.139,0.9654,0.0291,0.6215,-0.1962,1.0223,0.1625,1.0891,0.1998,18.3979,-1.2603
156.141,0.9576,0.0291,0.6253,-0.1962,1.0171,0.1625,1.0891,0.1998,18.3979,-1.2603
156.143,0.9576,0.0312,0.6262,-0.1962,1.0171,0.1647,1.0912,0.1998,18.3979,-1.2603
156.243,0.9576,0.0312,0.6262,-0.1962,1.0171,0.1647,1.0912,0.1998,18.3979,-1.2603
156.245,0.9576,0.0312,0.6262,-0.2060,1.0263,0.1691,1.0912,0.1900,18.4078,-1.2606
156.246,0.9752,0.0330,0.6262,-0.1941,1.0263,0.1691,1.0930,0.2019,18.4078,-1.2606
156.246,0.9672,0.0330,0.6301,-0.1941,1.0210,0.1691,1.0930,0.2019,18.4078,-1.2606
156.247,0.9672,0.0344,0.6296,-0.1941,1.0210,0.1702,1.0944,0.2019,18.4078,-1.2606
156.347,0.9672,0.0344,0.6296,-0.1941,1.0210,0.1702,1.0944,0.2019,18.4078,-1.2606
156.370,0.9672,0.0344,0.6296,-0.2039,1.0301,0.1746,1.0944,0.1921,18.4178,-1.2610
156.371,0.9847,0.0361,0.6296,-0.1919,1.0301,0.1746,1.0961,0.2041,18.4178,-1.2610
156.372,0.9770,0.0361,0.6338,-0.1919,1.0250,0.1746,1.0961,0.2041,18.4178,-1.2610
156.373,0.9770,0.0367,0.6305,-0.1919,1.0250,0.1739,1.0967,0.2041,18.4178,-1.2610
156.453,0.9770,0.0367,0.6305,-0.2017,1.0340,0.1784,1.0967,0.1943,18.4277,-1.2613
156.454,0.9943,0.0389,0.6305,-0.1895,1.0340,0.1784,1.0989,0.2065,18.4277,-1.2613
156.455,0.9869,0.0389,0.6351,-0.1895,1.0292,0.1784,1.0989,0.2065,18.4277,-1.2613
156.455,0.9869,0.0378,0.6289,-0.1895,1.0292,0.1752,1.0978,0.2065,18.4277,-1.2613
156.548,0.9869,0.0378,0.6289,-0.1993,1.0382,0.1798,1.0978,0.1967,18.4377,-1.2617
156.549,1.0048,0.0418,0.6289,-0.1857,1.0382,0.1798,1.1018,0.2103,18.4377,-1.2617
156.551,0.9976,0.0418,0.6337,-0.1857,1.0337,0.1798,1.1018,0.2103,18.4377,-1.2617
156.553,0.9976,0.0382,0.6256,-0.1857,1.0337,0.1736,1.0982,0.2103,18.4377,-1.2617
156.651,0.9976,0.0382,0.6256,-0.1956,1.0427,0.1784,1.0982,0.2004,18.4476,-1.2620
156.652,1.0159,0.0442,0.6256,-0.1808,1.0427,0.1784,1.1042,0.2152,18.4476,-1.2620
156.653,1.0089,0.0442,0.6306,-0.1808,1.0383,0.1784,1.1042,0.2152,18.4476,-1.2620
156.654,1.0089,0.0395,0.6218,-0.1808,1.0383,0.1709,1.0995,0.2152,18.4476,-1.2620
156.724,1.0089,0.0395,0.6218,-0.1907,1.0473,0.1758,1.0995,0.2053,18.4576,-1.2624
156.725,1.0270,0.0469,0.6218,-0.1753,1.0473,0.1758,1.1069,0.2207,18.4576,-1.2624
156.726,1.0202,0.0469,0.6270,-0.1753,1.0431,0.1758,1.1069,0.2207,18.4576,-1.2624
156.727,1.0202,0.0421,0.6176,-0.1753,1.0431,0.1680,1.1021,0.2207,18.4576,-1.2624
156.796,1.0202,0.0421,0.6176,-0.1852,1.0520,0.1731,1.1021,0.2108,18.4676,-1.2627
156.796,1.0382,0.0500,0.6176,-0.1697,1.0520,0.1731,1.1100,0.2263,18.4676,-1.2627
156.797,1.0317,0.0500,0.6231,-0.1697,1.0480,0.1731,1.1100,0.2263,18.4676,-1.2627
156.799,1.0317,0.0444,0.6129,-0.1697,1.0480,0.1642,1.1044,0.2263,18.4676,-1.2627
156.876,1.0317,0.0444,0.6129,-0.1796,1.0569,0.1694,1.1044,0.2164,18.4775,-1.2630
156.877,1.0497,0.0527,0.6129,-0.1638,1.0569,0.1694,1.1127,0.2322,18.4775,-1.2630
156.878,1.0434,0.0527,0.6187,-0.1638,1.0533,0.1694,1.1127,0.2322,18.4775,-1.2630
156.879,1.0434,0.0444,0.6079,-0.1638,1.0533,0.1577,1.1044,0.2322,18.4775,-1.2630
156.951,1.0434,0.0444,0.6079,-0.1738,1.0621,0.1630,1.1044,0.2222,18.4875,-1.2634
156.953,1.0618,0.0535,0.6079,-0.1575,1.0621,0.1630,1.1135,0.2385,18.4875,-1.2634
156.953,1.0557,0.0535,0.6137,-0.1575,1.0587,0.1630,1.1135,0.2385,18.4875,-1.2634
156.955,1.0557,0.0420,0.6028,-0.1575,1.0587,0.1484,1.1020,0.2385,18.4875,-1.2634
157.037,1.0557,0.0420,0.6028,-0.1674,1.0675,0.1538,1.1020,0.2286,18.4974,-1.2637
157.041,1.0741,0.0526,0.6028,-0.1504,1.0675,0.1538,1.1126,0.2456,18.4974,-1.2637
157.041,1.0681,0.0526,0.6087,-0.1504,1.0641,0.1538,1.1126,0.2456,18.4974,-1.2637
157.041,1.0681,0.0396,0.5987,-0.1504,1.0641,0.1382,1.0996,0.2456,18.4974,-1.2637
157.142,1.0681,0.0396,0.5987,-0.1504,1.0641,0.1382,1.0996,0.2456,18.4974,-1.2637
157.146,1.0681,0.0396,0.5987,-0.1604,1.0729,0.1437,1.0996,0.2356,18.5074,-1.2641
157.146,1.0862,0.0524,0.5987,-0.1427,1.0729,0.1437,1.1124,0.2533,18.5074,-1.2641
157.147,1.0801,0.0524,0.6045,-0.1427,1.0694,0.1437,1.1124,0.2533,18.5074,-1.2641
157.148,1.0801,0.0396,0.5958,-0.1427,1.0694,0.1286,1.0996,0.2533,18.5074,-1.2641
157.240,1.0801,0.0396,0.5958,-0.1526,1.0782,0.1342,1.0996,0.2434,18.5174,-1.2644
157.241,1.0974,0.0540,0.5958,-0.1347,1.0782,0.1342,1.1140,0.2613,18.5174,-1.2644
157.241,1.0911,0.0540,0.6014,-0.1347,1.0746,0.1342,1.1140,0.2613,18.5174,-1.2644
157.242,1.0911,0.0414,0.5934,-0.1347,1.0746,0.1197,1.1014,0.2613,18.5174,-1.2644
157.335,1.0911,0.0414,0.5934,-0.1446,1.0833,0.1253,1.1014,0.2514,18.5273,-1.2647
157.335,1.1080,0.0566,0.5934,-0.1266,1.0833,0.1253,1.1166,0.2694,18.5273,-1.2647
157.337,1.1014,0.0566,0.5987,-0.1266,1.0795,0.1253,1.1166,0.2694,18.5273,-1.2647
157.338,1.1014,0.0438,0.5906,-0.1266,1.0795,0.1104,1.1038,0.2694,18.5273,-1.2647
157.423,1.1014,0.0438,0.5906,-0.1365,1.0882,0.1162,1.1038,0.2595,18.5373,-1.2650
157.423,1.1181,0.0590,0.5906,-0.1186,1.0882,0.1162,1.1190,0.2774,18.5373,-1.2650
157.424,1.1108,0.0590,0.5950,-0.1186,1.0835,0.1162,1.1190,0.2774,18.5373,-1.2650
157.425,1.1108,0.0459,0.5865,-0.1186,1.0835,0.1008,1.1059,0.2774,18.5373,-1.2650
157.525,1.1108,0.0459,0.5865,-0.1186,1.0835,0.1008,1.1059,0.2774,18.5373,-1.2650
157.533,1.1108,0.0459,0.5865,-0.1286,1.0922,0.1066,1.1059,0.2674,18.5472,-1.2654
157.543,1.1273,0.0611,0.5865,-0.1109,1.0922,0.1066,1.1211,0.2851,18.5472,-1.2654
157.544,1.1192,0.0611,0.5899,-0.1109,1.0868,0.1066,1.1211,0.2851,18.5472,-1.2654
157.544,1.1192,0.0482,0.5813,-0.1109,1.0868,0.0914,1.1082,0.2851,18.5472,-1.2654
157.644,1.1192,0.0482,0.5813,-0.1109,1.0868,0.0914,1.1082,0.2851,18.5472,-1.2654
157.661,1.1192,0.0482,0.5813,-0.1208,1.0954,0.0973,1.1082,0.2752,18.5572,-1.2657
157.662,1.1352,0.0637,0.5813,-0.1033,1.0954,0.0973,1.1237,0.2927,18.5572,-1.2657
157.663,1.1273,0.0637,0.5851,-0.1033,1.0903,0.0973,1.1237,0.2927,18.5572,-1.2657
157.663,1.1273,0.0513,0.5769,-0.1033,1.0903,0.0826,1.1113,0.2927,18.5572,-1.2657
157.764,1.1273,0.0513,0.5769,-0.1033,1.0903,0.0826,1.1113,0.2927,18.5572,-1.2657
157.778,1.1273,0.0513,0.5769,-0.1132,1.0989,0.0886,1.1113,0.2828,18.5672,-1.2661
157.778,1.1418,0.0674,0.5769,-0.0962,1.0989,0.0886,1.1274,0.2998,18.5672,-1.2661
157.778,1.1346,0.0674,0.5817,-0.0962,1.0947,0.0886,1.1274,0.2998,18.5672,-1.2661
157.779,1.1346,0.0548,0.5748,-0.0962,1.0947,0.0742,1.1148,0.2998,18.5672,-1.2661
157.863,1.1346,0.0548,0.5748,-0.1062,1.1032,0.0804,1.1148,0.2898,18.5771,-1.2664
157.865,1.1467,0.0712,0.5748,-0.0905,1.1032,0.0804,1.1312,0.3055,18.5771,-1.2664
157.867,1.1398,0.0712,0.5799,-0.0905,1.0994,0.0804,1.1312,0.3055,18.5771,-1.2664
157.868,1.1398,0.0578,0.5752,-0.0905,1.0994,0.0660,1.1178,0.3055,18.5771,-1.2664
157.945,1.1398,0.0578,0.5752,-0.1004,1.1080,0.0722,1.1178,0.2956,18.5871,-1.2667
157.946,1.1498,0.0740,0.5752,-0.0860,1.1080,0.0722,1.1340,0.3100,18.5871,-1.2667
157.946,1.1425,0.0740,0.5798,-0.0860,1.1038,0.0722,1.1340,0.3100,18.5871,-1.2667
157.947,1.1425,0.0595,0.5769,-0.0860,1.1038,0.0575,1.1195,0.3100,18.5871,-1.2667
158.032,1.1425,0.0595,0.5769,-0.0959,1.1123,0.0637,1.1195,0.3001,18.5970,-1.2671
158.034,1.1512,0.0753,0.5769,-0.0823,1.1123,0.0637,1.1353,0.3137,18.5970,-1.2671
158.036,1.1434,0.0753,0.5810,-0.0823,1.1077,0.0637,1.1353,0.3137,18.5970,-1.2671
158.038,1.1434,0.0603,0.5788,-0.0823,1.1077,0.0488,1.1203,0.3137,18.5970,-1.2671
158.135,1.1434,0.0603,0.5788,-0.0922,1.1161,0.0551,1.1203,0.3038,18.6070,-1.2674
158.136,1.1518,0.0758,0.5788,-0.0789,1.1161,0.0551,1.1358,0.3171,18.6070,-1.2674
158.138,1.1439,0.0758,0.5830,-0.0789,1.1116,0.0551,1.1358,0.3171,18.6070,-1.2674
158.140,1.1439,0.0607,0.5805,-0.0789,1.1116,0.0399,1.1207,0.3171,18.6070,-1.2674
158.231,1.1439,0.0607,0.5805,-0.0888,1.1200,0.0462,1.1207,0.3072,18.6169,-1.2678
158.232,1.1525,0.0763,0.5805,-0.0751,1.1200,0.0462,1.1363,0.3209,18.6169,-1.2678
158.233,1.1449,0.0763,0.5851,-0.0751,1.1159,0.0462,1.1363,0.3209,18.6169,-1.2678
158.234,1.1449,0.0609,0.5830,-0.0751,1.1159,0.0310,1.1209,0.3209,18.6169,-1.2678
158.325,1.1449,0.0609,0.5830,-0.0850,1.1242,0.0373,1.1209,0.3110,18.6269,-1.2681
158.326,1.1526,0.0764,0.5830,-0.0718,1.1242,0.0373,1.1364,0.3242,18.6269,-1.2681
158.327,1.1453,0.0764,0.5878,-0.0718,1.1205,0.0373,1.1364,0.3242,18.6269,-1.2681
158.327,1.1453,0.0602,0.5872,-0.0718,1.1205,0.0218,1.1202,0.3242,18.6269,-1.2681
158.409,1.1453,0.0602,0.5872,-0.0817,1.1288,0.0282,1.1202,0.3143,18.6369,-1.2684
158.410,1.1513,0.0747,0.5872,-0.0698,1.1288,0.0282,1.1347,0.3262,18.6369,-1.2684
158.411,1.1441,0.0747,0.5923,-0.0698,1.1253,0.0282,1.1347,0.3262,18.6369,-1.2684
158.412,1.1441,0.0575,0.5936,-0.0698,1.1253,0.0124,1.1175,0.3262,18.6369,-1.2684
158.502,1.1441,0.0575,0.5936,-0.0797,1.1336,0.0188,1.1175,0.3163,18.6468,-1.2687
158.509,1.1490,0.0717,0.5936,-0.0684,1.1336,0.0188,1.1317,0.3276,18.6468,-1.2687
158.509,1.1420,0.0717,0.5988,-0.0684,1.1304,0.0188,1.1317,0.3276,18.6468,-1.2687
158.510,1.1420,0.0540,0.6016,-0.0684,1.1304,0.0030,1.1140,0.3276,18.6468,-1.2687
158.605,1.1420,0.0540,0.6016,-0.0782,1.1387,0.0093,1.1140,0.3178,18.6568,-1.2691
158.621,1.1469,0.0686,0.6016,-0.0665,1.1387,0.0093,1.1286,0.3295,18.6568,-1.2691
158.622,1.1400,0.0686,0.6070,-0.0665,1.1358,0.0093,1.1286,0.3295,18.6568,-1.2691
158.622,1.1400,0.0510,0.6106,-0.0665,1.1358,-0.0061,1.1110,0.3295,18.6568,-1.2691
158.708,1.1400,0.0510,0.6106,-0.0763,1.1440,0.0002,1.1110,0.3197,18.6667,-1.2694
158.725,1.1460,0.0661,0.6106,-0.0637,1.1440,0.0002,1.1261,0.3323,18.6667,-1.2694
158.726,1.1393,0.0661,0.6162,-0.0637,1.1414,0.0002,1.1261,0.3323,18.6667,-1.2694
158.726,1.1393,0.0489,0.6201,-0.0637,1.1414,-0.0147,1.1089,0.3323,18.6667,-1.2694
158.811,1.1393,0.0489,0.6201,-0.0735,1.1496,-0.0083,1.1089,0.3225,18.6767,-1.2697
158.825,1.1461,0.0636,0.6201,-0.0606,1.1496,-0.0083,1.1236,0.3354,18.6767,-1.2697
158.826,1.1397,0.0636,0.6259,-0.0606,1.1473,-0.0083,1.1236,0.3354,18.6767,-1.2697
158.826,1.1397,0.0470,0.6309,-0.0606,1.1473,-0.0224,1.1070,0.3354,18.6767,-1.2697
158.918,1.1397,0.0470,0.6309,-0.0705,1.1554,-0.0160,1.1070,0.3255,18.6867,-1.2701
158.933,1.1471,0.0611,0.6309,-0.0577,1.1554,-0.0160,1.1211,0.3383,18.6867,-1.2701
158.934,1.1408,0.0611,0.6367,-0.0577,1.1533,-0.0160,1.1211,0.3383,18.6867,-1.2701
158.934,1.1408,0.0448,0.6440,-0.0577,1.1533,-0.0289,1.1048,0.3383,18.6867,-1.2701
159.021,1.1408,0.0448,0.6440,-0.0674,1.1614,-0.0226,1.1048,0.3286,18.6966,-1.2704
159.041,1.1489,0.0586,0.6440,-0.0545,1.1614,-0.0226,1.1186,0.3415,18.6966,-1.2704
159.041,1.1425,0.0586,0.6498,-0.0545,1.1595,-0.0226,1.1186,0.3415,18.6966,-1.2704
159.042,1.1425,0.0427,0.6594,-0.0545,1.1595,-0.0344,1.1027,0.3415,18.6966,-1.2704
159.126,1.1425,0.0427,0.6594,-0.0642,1.1675,-0.0281,1.1027,0.3318,18.7066,-1.2707
159.141,1.1512,0.0567,0.6594,-0.0508,1.1675,-0.0281,1.1167,0.3452,18.7066,-1.2707
159.142,1.1448,0.0567,0.6650,-0.0508,1.1655,-0.0281,1.1167,0.3452,18.7066,-1.2707
159.142,1.1448,0.0415,0.6754,-0.0508,1.1655,-0.0388,1.1015,0.3452,18.7066,-1.2707
159.231,1.1448,0.0415,0.6754,-0.0606,1.1735,-0.0327,1.1015,0.3354,18.7165,-1.2711
159.253,1.1539,0.0555,0.6754,-0.0470,1.1735,-0.0327,1.1155,0.3490,18.7165,-1.2711
159.254,1.1463,0.0555,0.6795,-0.0470,1.1702,-0.0327,1.1155,0.3490,18.7165,-1.2711
159.254,1.1463,0.0412,0.6899,-0.0470,1.1702,-0.0425,1.1012,0.3490,18.7165,-1.2711
159.336,1.1463,0.0412,0.6899,-0.0567,1.1782,-0.0364,1.1012,0.3393,18.7265,-1.2714
159.353,1.1554,0.0548,0.6899,-0.0433,1.1782,-0.0364,1.1148,0.3527,18.7265,-1.2714
159.354,1.1449,0.0548,0.6903,-0.0433,1.1715,-0.0364,1.1148,0.3527,18.7265,-1.2714
159.354,1.1449,0.0412,0.7006,-0.0433,1.1715,-0.0455,1.1012,0.3505,18.7265,-1.2714
159.442,1.1449,0.0412,0.7006,-0.0531,1.1795,-0.0395,1.1012,0.3429,18.7365,-1.2717
159.457,1.1548,0.0546,0.7006,-0.0395,1.1795,-0.0395,1.1146,0.3565,18.7365,-1.2717
159.458,1.1403,0.0546,0.6964,-0.0395,1.1685,-0.0395,1.1146,0.3565,18.7365,-1.2717
159.458,1.1403,0.0413,0.7078,-0.0395,1.1685,-0.0479,1.1013,0.3482,18.7365,-1.2717
159.552,1.1403,0.0413,0.7078,-0.0492,1.1765,-0.0419,1.1013,0.3468,18.7464,-1.2720
159.553,1.1525,0.0559,0.7078,-0.0338,1.1765,-0.0419,1.1159,0.3541,18.7464,-1.2720
159.554,1.1363,0.0559,0.7014,-0.0338,1.1635,-0.0419,1.1159,0.3541,18.7464,-1.2720
159.569,1.1363,0.0427,0.7150,-0.0338,1.1635,-0.0492,1.1027,0.3468,18.7464,-1.2720
159.670,1.1363,0.0427,0.7150,-0.0338,1.1635,-0.0492,1.1027,0.3468,18.7464,-1.2720
159.673,1.1363,0.0427,0.7150,-0.0436,1.1714,-0.0434,1.1027,0.3524,18.7564,-1.2724
159.689,1.1517,0.0594,0.7150,-0.0253,1.1714,-0.0434,1.1194,0.3526,18.7564,-1.2724
159.690,1.1369,0.0594,0.7095,-0.0253,1.1597,-0.0434,1.1194,0.3526,18.7564,-1.2724
159.691,1.1369,0.0468,0.7250,-0.0253,1.1597,-0.0494,1.1068,0.3466,18.7564,-1.2724
159.781,1.1369,0.0468,0.7250,-0.0350,1.1675,-0.0437,1.1068,0.3524,18.7663,-1.2727
159.797,1.1535,0.0636,0.7250,-0.0160,1.1675,-0.0437,1.1236,0.3524,18.7663,-1.2727
159.798,1.1393,0.0636,0.7195,-0.0160,1.1563,-0.0437,1.1236,0.3524,18.7663,-1.2727
159.798,1.1393,0.0520,0.7353,-0.0160,1.1563,-0.0484,1.1120,0.3477,18.7663,-1.2727
159.887,1.1393,0.0520,0.7353,-0.0257,1.1641,-0.0427,1.1120,0.3533,18.7763,-1.2730
159.909,1.1548,0.0666,0.7353,-0.0089,1.1641,-0.0427,1.1266,0.3533,18.7763,-1.2730
159.910,1.1374,0.0666,0.7261,-0.0089,1.1494,-0.0427,1.1266,0.3533,18.7763,-1.2730
159.910,1.1374,0.0562,0.7418,-0.0089,1.1494,-0.0463,1.1162,0.3498,18.7763,-1.2730
159.991,1.1374,0.0562,0.7418,-0.0186,1.1572,-0.0407,1.1162,0.3553,18.7862,-1.2734
160.006,1.1524,0.0688,0.7418,-0.0033,1.1572,-0.0407,1.1288,0.3553,18.7862,-1.2734
160.007,1.1302,0.0688,0.7273,-0.0033,1.1372,-0.0407,1.1288,0.3553,18.7862,-1.2734
160.007,1.1302,0.0597,0.7429,-0.0033,1.1372,-0.0429,1.1197,0.3532,18.7862,-1.2734
160.108,1.1302,0.0597,0.7429,-0.0033,1.1372,-0.0429,1.1197,0.3532,18.7862,-1.2734
160.150,1.1302,0.0597,0.7429,-0.0130,1.1450,-0.0374,1.1197,0.3586,18.7962,-1.2737
160.165,1.1468,0.0724,0.7429,0.0030,1.1450,-0.0374,1.1324,0.3586,18.7962,-1.2737
160.166,1.1227,0.0724,0.7257,0.0030,1.1227,-0.0374,1.1324,0.3586,18.7962,-1.2737
160.166,1.1227,0.0650,0.7418,0.0030,1.1227,-0.0377,1.1250,0.3583,18.7962,-1.2737
160.244,1.1227,0.0650,0.7418,-0.0067,1.1305,-0.0324,1.1250,0.3636,18.8062,-1.2740
160.245,1.1416,0.0789,0.7418,0.0113,1.1305,-0.0324,1.1389,0.3636,18.8062,-1.2740
160.246,1.1199,0.0789,0.7259,0.0113,1.1101,-0.0324,1.1389,0.3636,18.8062,-1.2740
160.248,1.1199,0.0733,0.7423,0.0113,1.1101,-0.0307,1.1333,0.3653,18.8062,-1.2740
160.337,1.1199,0.0733,0.7423,0.0015,1.1179,-0.0255,1.1333,0.3705,18.8161,-1.2743
160.338,1.1400,0.0873,0.7423,0.0202,1.1179,-0.0255,1.1473,0.3705,18.8161,-1.2743
160.349,1.1205,0.0873,0.7279,0.0202,1.0996,-0.0255,1.1473,0.3705,18.8161,-1.2743
160.349,1.1205,0.0829,0.7441,0.0202,1.0996,-0.0227,1.1429,0.3733,18.8161,-1.2743
160.421,1.1205,0.0829,0.7441,0.0104,1.1074,-0.0176,1.1429,0.3784,18.8261,-1.2747
160.421,1.1406,0.0958,0.7441,0.0284,1.1074,-0.0176,1.1558,0.3784,18.8261,-1.2747
160.422,1.1210,0.0958,0.7292,0.0284,1.0888,-0.0176,1.1558,0.3784,18.8261,-1.2747
160.422,1.1210,0.0918,0.7448,0.0284,1.0888,-0.0145,1.1518,0.3815,18.8261,-1.2747
160.505,1.1210,0.0918,0.7448,0.0186,1.0966,-0.0094,1.1518,0.3866,18.8360,-1.2750
160.507,1.1407,0.1028,0.7448,0.0352,1.0966,-0.0094,1.1628,0.3866,18.8360,-1.2750
160.508,1.1198,0.1028,0.7283,0.0352,1.0765,-0.0094,1.1628,0.3866,18.8360,-1.2750
160.510,1.1198,0.0989,0.7439,0.0352,1.0765,-0.0061,1.1589,0.3899,18.8360,-1.2750
160.611,1.1198,0.0989,0.7439,0.0352,1.0765,-0.0061,1.1589,0.3899,18.8360,-1.2750
160.614,1.1198,0.0989,0.7439,0.0254,1.0843,-0.0011,1.1589,0.3949,18.8460,-1.2753
160.616,1.1399,0.1077,0.7439,0.0409,1.0843,-0.0011,1.1677,0.3949,18.8460,-1.2753
160.618,1.1187,0.1077,0.7268,0.0409,1.0636,-0.0011,1.1677,0.3949,18.8460,-1.2753
160.622,1.1187,0.1045,0.7430,0.0409,1.0636,0.0032,1.1645,0.3992,18.8460,-1.2753
160.723,1.1187,0.1045,0.7430,0.0409,1.0636,0.0032,1.1645,0.3992,18.8460,-1.2753
160.728,1.1187,0.1045,0.7430,0.0311,1.0714,0.0081,1.1645,0.4041,18.8560,-1.2757
160.730,1.1391,0.1112,0.7430,0.0455,1.0714,0.0081,1.1712,0.4041,18.8560,-1.2757
160.732,1.1191,0.1112,0.7270,0.0455,1.0520,0.0081,1.1712,0.4041,18.8560,-1.2757
160.737,1.1191,0.1096,0.7434,0.0455,1.0520,0.0141,1.1696,0.4101,18.8560,-1.2757
160.837,1.1191,0.1096,0.7434,0.0455,1.0520,0.0141,1.1696,0.4101,18.8560,-1.2757
160.839,1.1191,0.1096,0.7434,0.0356,1.0598,0.0189,1.1696,0.4149,18.8659,-1.2760
160.842,1.1380,0.1146,0.7434,0.0484,1.0598,0.0189,1.1746,0.4149,18.8659,-1.2760
160.844,1.1200,0.1146,0.7290,0.0484,1.0424,0.0189,1.1746,0.4149,18.8659,-1.2760
160.847,1.1200,0.1149,0.7446,0.0484,1.0424,0.0263,1.1749,0.4223,18.8659,-1.2760
160.948,1.1200,0.1149,0.7446,0.0484,1.0424,0.0263,1.1749,0.4223,18.8659,-1.2760
160.951,1.1200,0.1149,0.7446,0.0386,1.0502,0.0311,1.1749,0.4271,18.8759,-1.2763
160.954,1.1372,0.1185,0.7446,0.0497,1.0502,0.0311,1.1785,0.4271,18.8759,-1.2763
160.956,1.1200,0.1185,0.7309,0.0497,1.0335,0.0311,1.1785,0.4271,18.8759,-1.2763
160.958,1.1200,0.1197,0.7458,0.0497,1.0335,0.0389,1.1797,0.4349,18.8759,-1.2763
161.058,1.1200,0.1197,0.7458,0.0497,1.0335,0.0389,1.1797,0.4349,18.8759,-1.2763
161.061,1.1200,0.1197,0.7458,0.0399,1.0413,0.0436,1.1797,0.4359,18.8858,-1.2766
161.063,1.1352,0.1210,0.7458,0.0488,1.0413,0.0436,1.1810,0.4397,18.8858,-1.2766
161.066,1.1173,0.1210,0.7312,0.0488,1.0238,0.0436,1.1810,0.4397,18.8858,-1.2766
161.068,1.1173,0.1219,0.7465,0.0488,1.0238,0.0515,1.1819,0.4448,18.8858,-1.2766
161.155,1.1173,0.1219,0.7465,0.0389,1.0316,0.0562,1.1819,0.4349,18.8958,-1.2770
161.157,1.1297,0.1199,0.7465,0.0445,1.0316,0.0562,1.1799,0.4405,18.8958,-1.2770
161.159,1.1106,0.1199,0.7305,0.0445,1.0126,0.0562,1.1799,0.4405,18.8958,-1.2770
161.163,1.1106,0.1200,0.7470,0.0445,1.0126,0.0641,1.1800,0.4405,18.8958,-1.2770
161.242,1.1106,0.1200,0.7470,0.0346,1.0205,0.0688,1.1800,0.4306,18.9058,-1.2773
161.247,1.1206,0.1155,0.7470,0.0377,1.0205,0.0688,1.1755,0.4337,18.9058,-1.2773
161.248,1.1008,0.1155,0.7300,0.0377,1.0007,0.0688,1.1755,0.4337,18.9058,-1.2773
161.248,1.1008,0.1150,0.7469,0.0377,1.0007,0.0764,1.1750,0.4337,18.9058,-1.2773
161.340,1.1008,0.1150,0.7469,0.0277,1.0085,0.0810,1.1750,0.4237,18.9157,-1.2776
161.341,1.1106,0.1100,0.7469,0.0307,1.0085,0.0810,1.1700,0.4267,18.9157,-1.2776
161.341,1.0913,0.1100,0.7304,0.0307,0.9892,0.0810,1.1700,0.4267,18.9157,-1.2776
161.341,1.0913,0.1094,0.7467,0.0307,0.9892,0.0883,1.1694,0.4267,18.9157,-1.2776
161.413,1.0913,0.1094,0.7467,0.0207,0.9971,0.0928,1.1694,0.4167,18.9257,-1.2779
161.414,1.1017,0.1048,0.7467,0.0244,0.9971,0.0928,1.1648,0.4204,18.9257,-1.2779
161.414,1.0833,0.1048,0.7310,0.0244,0.9787,0.0928,1.1648,0.4204,18.9257,-1.2779
161.414,1.0833,0.1047,0.7458,0.0244,0.9787,0.0999,1.1647,0.4204,18.9257,-1.2779
161.517,1.0833,0.1047,0.7458,0.0244,0.9787,0.0999,1.1647,0.4204,18.9257,-1.2779
161.524,1.0833,0.1047,0.7458,0.0145,0.9865,0.1043,1.1647,0.4105,18.9356,-1.2783
161.526,1.0923,0.0989,0.7458,0.0168,0.9865,0.1043,1.1589,0.4128,18.9356,-1.2783
161.528,1.0740,0.0989,0.7302,0.0168,0.9683,0.1043,1.1589,0.4128,18.9356,-1.2783
161.530,1.0740,0.0992,0.7437,0.0168,0.9683,0.1111,1.1592,0.4128,18.9356,-1.2783
161.630,1.0740,0.0992,0.7437,0.0069,0.9761,0.1156,1.1592,0.4029,18.9456,-1.2786
161.630,1.0787,0.0903,0.7437,0.0052,0.9761,0.1156,1.1503,0.4012,18.9456,-1.2786
161.632,1.0596,0.0903,0.7272,0.0052,0.9570,0.1156,1.1503,0.4012,18.9456,-1.2786
161.633,1.0596,0.0901,0.7403,0.0052,0.9570,0.1218,1.1501,0.4012,18.9456,-1.2786
161.722,1.0596,0.0901,0.7403,-0.0048,0.9649,0.1263,1.1501,0.3912,18.9556,-1.2789
161.723,1.0591,0.0777,0.7403,-0.0115,0.9649,0.1263,1.1377,0.3845,18.9556,-1.2789
161.724,1.0389,0.0777,0.7227,-0.0115,0.9446,0.1263,1.1377,0.3845,18.9556,-1.2789
161.724,1.0389,0.0758,0.7356,-0.0115,0.9446,0.1311,1.1358,0.3845,18.9556,-1.2789
161.823,1.0389,0.0758,0.7356,-0.0215,0.9525,0.1355,1.1358,0.3745,18.9655,-1.2792
161.823,1.0353,0.0618,0.7356,-0.0308,0.9525,0.1355,1.1218,0.3652,18.9655,-1.2792
161.825,1.0151,0.0618,0.7178,-0.0308,0.9322,0.1355,1.1218,0.3652,18.9655,-1.2792
161.826,1.0151,0.0570,0.7298,-0.0308,0.9322,0.1375,1.1170,0.3652,18.9655,-1.2792
161.912,1.0151,0.0570,0.7298,-0.0408,0.9401,0.1418,1.1170,0.3552,18.9755,-1.2796
161.913,1.0112,0.0436,0.7298,-0.0499,0.9401,0.1418,1.1036,0.3461,18.9755,-1.2796
161.913,0.9921,0.0436,0.7128,-0.0499,0.9207,0.1418,1.1036,0.3461,18.9755,-1.2796
161.913,0.9921,0.0361,0.7224,-0.0499,0.9207,0.1405,1.0961,0.3461,18.9755,-1.2796
161.996,0.9921,0.0361,0.7224,-0.0599,0.9286,0.1448,1.0961,0.3361,18.9854,-1.2799
161.998,0.9887,0.0237,0.7224,-0.0681,0.9286,0.1448,1.0837,0.3279,18.9854,-1.2799
161.999,0.9707,0.0237,0.7063,-0.0681,0.9104,0.1448,1.0837,0.3279,18.9854,-1.2799
162.001,0.9707,0.0156,0.7130,-0.0681,0.9104,0.1416,1.0756,0.3279,18.9854,-1.2799
162.102,0.9707,0.0156,0.7130,-0.0681,0.9104,0.1416,1.0756,0.3279,18.9854,-1.2799
162.102,0.9707,0.0156,0.7130,-0.0780,0.9183,0.1459,1.0756,0.3180,18.9954,-1.2802
162.103,0.9668,0.0031,0.7130,-0.0865,0.9183,0.1459,1.0631,0.3095,18.9954,-1.2802
162.103,0.9491,0.0031,0.6973,-0.0865,0.9005,0.1459,1.0631,0.3095,18.9954,-1.2802
162.104,0.9491,-0.0053,0.7012,-0.0865,0.9005,0.1410,1.0547,0.3095,18.9954,-1.2802
162.181,0.9491,-0.0053,0.7012,-0.0965,0.9084,0.1453,1.0547,0.2995,19.0054,-1.2806
162.182,0.9425,-0.0184,0.7012,-0.1071,0.9084,0.1453,1.0416,0.2889,19.0054,-1.2806
162.182,0.9244,-0.0184,0.6851,-0.1071,0.8902,0.1453,1.0416,0.2889,19.0054,-1.2806
162.182,0.9244,-0.0293,0.6861,-0.1071,0.8902,0.1371,1.0307,0.2889,19.0054,-1.2806
162.267,0.9244,-0.0293,0.6861,-0.1171,0.8982,0.1414,1.0307,0.2789,19.0153,-1.2809
162.268,0.9135,-0.0432,0.6861,-0.1311,0.8982,0.1414,1.0168,0.2649,19.0153,-1.2809
162.269,0.8948,-0.0432,0.6693,-0.1311,0.8792,0.1414,1.0168,0.2649,19.0153,-1.2809
162.271,0.8948,-0.0575,0.6679,-0.1311,0.8792,0.1293,1.0025,0.2649,19.0153,-1.2809
162.366,0.8948,-0.0575,0.6679,-0.1411,0.8872,0.1337,1.0025,0.2549,19.0253,-1.2812
162.366,0.8815,-0.0709,0.6679,-0.1566,0.8872,0.1337,0.9891,0.2394,19.0253,-1.2812
162.370,0.8627,-0.0709,0.6508,-0.1566,0.8682,0.1337,0.9891,0.2394,19.0253,-1.2812
162.373,0.8627,-0.0853,0.6492,-0.1566,0.8682,0.1213,0.9747,0.2394,19.0253,-1.2812
162.471,0.8627,-0.0853,0.6492,-0.1665,0.8762,0.1256,0.9747,0.2295,19.0352,-1.2815
162.472,0.8492,-0.0971,0.6492,-0.1815,0.8762,0.1256,0.9629,0.2145,19.0352,-1.2815
162.472,0.8309,-0.0971,0.6326,-0.1815,0.8577,0.1256,0.9629,0.2145,19.0352,-1.2815
162.473,0.8309,-0.1114,0.6312,-0.1815,0.8577,0.1135,0.9486,0.2145,19.0352,-1.2815
162.558,0.8309,-0.1114,0.6312,-0.1914,0.8657,0.1178,0.9486,0.2046,19.0452,-1.2819
162.559,0.8183,-0.1211,0.6312,-0.2049,0.8657,0.1178,0.9389,0.1911,19.0452,-1.2819
162.560,0.8006,-0.1211,0.6149,-0.2049,0.8477,0.1178,0.9389,0.1911,19.0452,-1.2819
162.561,0.8006,-0.1358,0.6128,-0.2049,0.8477,0.1049,0.9242,0.1911,19.0452,-1.2819
162.647,0.8006,-0.1358,0.6128,-0.2149,0.8558,0.1093,0.9242,0.1811,19.0552,-1.2822
162.649,0.7880,-0.1437,0.6128,-0.2275,0.8558,0.1093,0.9163,0.1685,19.0552,-1.2822
162.651,0.7704,-0.1437,0.5966,-0.2275,0.8379,0.1093,0.9163,0.1685,19.0552,-1.2822
162.653,0.7704,-0.1595,0.5926,-0.2275,0.8379,0.0946,0.9005,0.1685,19.0552,-1.2822
162.734,0.7704,-0.1595,0.5926,-0.2375,0.8460,0.0991,0.9005,0.1585,19.0651,-1.2825
162.736,0.7558,-0.1657,0.5926,-0.2509,0.8460,0.0991,0.8943,0.1451,19.0651,-1.2825
162.738,0.7376,-0.1657,0.5758,-0.2509,0.8275,0.0991,0.8943,0.1451,19.0651,-1.2825
162.739,0.7376,-0.1822,0.5702,-0.2509,0.8275,0.0830,0.8778,0.1451,19.0651,-1.2825
162.822,0.7376,-0.1822,0.5702,-0.2608,0.8356,0.0875,0.8778,0.1352,19.0751,-1.2828
162.824,0.7206,-0.1856,0.5702,-0.2747,0.8356,0.0875,0.8744,0.1213,19.0751,-1.2828
162.826,0.7017,-0.1856,0.5527,-0.2747,0.8164,0.0875,0.8744,0.1213,19.0751,-1.2828
162.828,0.7017,-0.2017,0.5468,-0.2747,0.8164,0.0717,0.8583,0.1213,19.0751,-1.2828
162.911,0.7017,-0.2017,0.5468,-0.2847,0.8246,0.0762,0.8583,0.1113,19.0850,-1.2831
162.912,0.6861,-0.2021,0.5468,-0.2960,0.8246,0.0762,0.8579,0.1000,19.0850,-1.2831
162.914,0.6672,-0.2021,0.5291,-0.2960,0.8052,0.0762,0.8579,0.1000,19.0850,-1.2831
162.915,0.6672,-0.2170,0.5244,-0.2960,0.8052,0.0618,0.8430,0.1000,19.0850,-1.2831
163.016,0.6672,-0.2170,0.5244,-0.2960,0.8052,0.0618,0.8430,0.1000,19.0850,-1.2831
163.033,0.6672,-0.2170,0.5244,-0.3060,0.8134,0.0664,0.8430,0.0900,19.0950,-1.2835
163.035,0.6553,-0.2148,0.5244,-0.3133,0.8134,0.0664,0.8452,0.0827,19.0950,-1.2835
163.036,0.6368,-0.2148,0.5070,-0.3133,0.7945,0.0664,0.8452,0.0827,19.0950,-1.2835
163.037,0.6368,-0.2287,0.5035,-0.3133,0.7945,0.0533,0.8313,0.0827,19.0950,-1.2835
163.120,0.6368,-0.2287,0.5035,-0.3233,0.8026,0.0579,0.8313,0.0727,19.1050,-1.2838
163.122,0.6279,-0.2251,0.5035,-0.3276,0.8026,0.0579,0.8349,0.0684,19.1050,-1.2838
163.123,0.6099,-0.2251,0.4865,-0.3276,0.7842,0.0579,0.8349,0.0684,19.1050,-1.2838
163.124,0.6099,-0.2388,0.4828,-0.3276,0.7842,0.0449,0.8212,0.0684,19.1050,-1.2838
163.202,0.6099,-0.2388,0.4828,-0.3376,0.7924,0.0495,0.8212,0.0584,19.1149,-1.2841
163.203,0.6014,-0.2334,0.4828,-0.3407,0.7924,0.0495,0.8266,0.0553,19.1149,-1.2841
163.204,0.5834,-0.2334,0.4658,-0.3407,0.7740,0.0495,0.8266,0.0553,19.1149,-1.2841
163.205,0.5834,-0.2474,0.4607,-0.3407,0.7740,0.0357,0.8126,0.0553,19.1149,-1.2841
163.281,0.5834,-0.2474,0.4607,-0.3506,0.7822,0.0404,0.8126,0.0454,19.1249,-1.2845
163.283,0.5733,-0.2402,0.4607,-0.3535,0.7822,0.0404,0.8198,0.0425,19.1249,-1.2845
163.285,0.5549,-0.2402,0.4432,-0.3535,0.7633,0.0404,0.8198,0.0425,19.1249,-1.2845
163.285,0.5549,-0.2545,0.4375,-0.3535,0.7633,0.0261,0.8055,0.0425,19.1249,-1.2845
163.386,0.5549,-0.2545,0.4375,-0.3535,0.7633,0.0261,0.8055,0.0425,19.1249,-1.2845
163.391,0.5549,-0.2545,0.4375,-0.3635,0.7716,0.0308,0.8055,0.0325,19.1348,-1.2848
163.392,0.5443,-0.2458,0.4375,-0.3655,0.7716,0.0308,0.8142,0.0305,19.1348,-1.2848
163.392,0.5254,-0.2458,0.4195,-0.3655,0.7522,0.0308,0.8142,0.0305,19.1348,-1.2848
163.393,0.5254,-0.2596,0.4143,-0.3655,0.7522,0.0171,0.8004,0.0305,19.1348,-1.2848
163.473,0.5254,-0.2596,0.4143,-0.3754,0.7605,0.0219,0.8004,0.0206,19.1448,-1.2851
163.474,0.5170,-0.2505,0.4143,-0.3753,0.7605,0.0219,0.8095,0.0207,19.1448,-1.2851
163.476,0.4982,-0.2505,0.3963,-0.3753,0.7411,0.0219,0.8095,0.0207,19.1448,-1.2851
163.478,0.4982,-0.2639,0.3917,-0.3753,0.7411,0.0087,0.7961,0.0207,19.1448,-1.2851
163.566,0.4982,-0.2639,0.3917,-0.3852,0.7494,0.0136,0.7961,0.0108,19.1548,-1.2854
163.567,0.4930,-0.2542,0.3917,-0.3825,0.7494,0.0136,0.8058,0.0135,19.1548,-1.2854
163.569,0.4745,-0.2542,0.3740,-0.3825,0.7304,0.0136,0.8058,0.0135,19.1548,-1.2854
163.571,0.4745,-0.2682,0.3692,-0.3825,0.7304,-0.0003,0.7918,0.0135,19.1548,-1.2854
163.661,0.4745,-0.2682,0.3692,-0.3922,0.7387,0.0046,0.7918,0.0038,19.1647,-1.2857
163.662,0.4717,-0.2578,0.3692,-0.3875,0.7387,0.0046,0.8022,0.0085,19.1647,-1.2857
163.663,0.4535,-0.2578,0.3517,-0.3875,0.7199,0.0046,0.8022,0.0085,19.1647,-1.2857
163.665,0.4535,-0.2732,0.3455,-0.3875,0.7199,-0.0108,0.7868,0.0085,19.1647,-1.2857
163.753,0.4535,-0.2732,0.3455,-0.3972,0.7283,-0.0058,0.7868,-0.0012,19.1747,-1.2861
163.754,0.4510,-0.2621,0.3455,-0.3915,0.7283,-0.0058,0.7979,0.0045,19.1747,-1.2861
163.755,0.4328,-0.2621,0.3279,-0.3915,0.7094,-0.0058,0.7979,0.0045,19.1747,-1.2861
163.757,0.4328,-0.2780,0.3207,-0.3915,0.7094,-0.0221,0.7820,0.0045,19.1747,-1.2861
163.852,0.4328,-0.2780,0.3207,-0.4011,0.7178,-0.0170,0.7820,-0.0051,19.1846,-1.2864
163.854,0.4296,-0.2663,0.3207,-0.3951,0.7178,-0.0170,0.7937,0.0009,19.1846,-1.2864
163.855,0.4110,-0.2663,0.3027,-0.3951,0.6985,-0.0170,0.7937,0.0009,19.1846,-1.2864
163.855,0.4110,-0.2815,0.2957,-0.3951,0.6985,-0.0325,0.7785,0.0009,19.1846,-1.2864
163.949,0.4110,-0.2815,0.2957,-0.4047,0.7069,-0.0274,0.7785,-0.0087,19.1946,-1.2867
163.951,0.4071,-0.2698,0.2957,-0.3987,0.7069,-0.0274,0.7902,-0.0027,19.1946,-1.2867
163.953,0.3882,-0.2698,0.2773,-0.3987,0.6872,-0.0274,0.7902,-0.0027,19.1946,-1.2867
163.956,0.3882,-0.2843,0.2712,-0.3987,0.6872,-0.0420,0.7757,-0.0027,19.1946,-1.2867
164.056,0.3882,-0.2843,0.2712,-0.3987,0.6872,-0.0420,0.7757,-0.0027,19.1946,-1.2867
164.081,0.3882,-0.2843,0.2712,-0.4082,0.6957,-0.0368,0.7757,-0.0122,19.2046,-1.2870
164.082,0.3844,-0.2733,0.2712,-0.4022,0.6957,-0.0368,0.7867,-0.0062,19.2046,-1.2870
164.083,0.3655,-0.2733,0.2528,-0.4022,0.6760,-0.0368,0.7867,-0.0062,19.2046,-1.2870
164.084,0.3655,-0.2870,0.2489,-0.4022,0.6760,-0.0502,0.7730,-0.0062,19.2046,-1.2870
164.179,0.3655,-0.2870,0.2489,-0.4115,0.6844,-0.0450,0.7730,-0.0155,19.2145,-1.2873
164.180,0.3630,-0.2761,0.2489,-0.4047,0.6844,-0.0450,0.7839,-0.0087,19.2145,-1.2873
164.183,0.3445,-0.2761,0.2308,-0.4047,0.6651,-0.0450,0.7839,-0.0087,19.2145,-1.2873
164.185,0.3445,-0.2890,0.2291,-0.4047,0.6651,-0.0571,0.7710,-0.0087,19.2145,-1.2873
164.280,0.3445,-0.2890,0.2291,-0.4140,0.6736,-0.0518,0.7710,-0.0180,19.2245,-1.2876
164.281,0.3438,-0.2769,0.2291,-0.4052,0.6736,-0.0518,0.7831,-0.0092,19.2245,-1.2876
164.283,0.3255,-0.2769,0.2112,-0.4052,0.6544,-0.0518,0.7831,-0.0092,19.2245,-1.2876
164.284,0.3255,-0.2889,0.2108,-0.4052,0.6544,-0.0630,0.7711,-0.0092,19.2245,-1.2876
164.383,0.3255,-0.2889,0.2108,-0.4144,0.6629,-0.0577,0.7711,-0.0184,19.2344,-1.2880
164.384,0.3261,-0.2753,0.2108,-0.4037,0.6629,-0.0577,0.7847,-0.0077,19.2344,-1.2880
164.386,0.3076,-0.2753,0.1927,-0.4037,0.6436,-0.0577,0.7847,-0.0077,19.2344,-1.2880
164.389,0.3076,-0.2867,0.1930,-0.4037,0.6436,-0.0681,0.7733,-0.0077,19.2344,-1.2880
164.488,0.3076,-0.2867,0.1930,-0.4128,0.6521,-0.0627,0.7733,-0.0168,19.2444,-1.2883
164.489,0.3085,-0.2725,0.1930,-0.4013,0.6521,-0.0627,0.7875,-0.0053,19.2444,-1.2883
164.493,0.2898,-0.2725,0.1746,-0.4013,0.6324,-0.0627,0.7875,-0.0053,19.2444,-1.2883
164.495,0.2898,-0.2833,0.1765,-0.4013,0.6324,-0.0724,0.7767,-0.0053,19.2444,-1.2883
164.595,0.2898,-0.2833,0.1765,-0.4102,0.6410,-0.0670,0.7767,-0.0142,19.2544,-1.2886
164.595,0.2910,-0.2689,0.1765,-0.3982,0.6410,-0.0670,0.7911,-0.0022,19.2544,-1.2886
164.595,0.2723,-0.2689,0.1580,-0.3982,0.6212,-0.0670,0.7911,-0.0022,19.2544,-1.2886
164.596,0.2723,-0.2786,0.1630,-0.3982,0.6212,-0.0751,0.7814,-0.0022,19.2544,-1.2886
164.689,0.2723,-0.2786,0.1630,-0.4069,0.6298,-0.0697,0.7814,-0.0109,19.2643,-1.2889
164.689,0.2747,-0.2637,0.1630,-0.3940,0.6298,-0.0697,0.7963,0.0020,19.2643,-1.2889
164.690,0.2561,-0.2637,0.1446,-0.3940,0.6101,-0.0697,0.7963,0.0020,19.2643,-1.2889
164.690,0.2561,-0.2711,0.1547,-0.3940,0.6101,-0.0748,0.7889,0.0020,19.2643,-1.2889
164.772,0.2561,-0.2711,0.1547,-0.4026,0.6188,-0.0695,0.7889,-0.0066,19.2743,-1.2893
164.773,0.2602,-0.2555,0.1547,-0.3885,0.6188,-0.0695,0.8045,0.0075,19.2743,-1.2893
164.774,0.2419,-0.2555,0.1363,-0.3885,0.5992,-0.0695,0.8045,0.0075,19.2743,-1.2893
164.775,0.2419,-0.2598,0.1507,-0.3885,0.5992,-0.0710,0.8002,0.0075,19.2743,-1.2893
164.875,0.2419,-0.2598,0.1507,-0.3885,0.5992,-0.0710,0.8002,0.0075,19.2743,-1.2893
164.891,0.2419,-0.2598,0.1507,-0.3969,0.6079,-0.0658,0.8002,-0.0009,19.2842,-1.2896
164.892,0.2471,-0.2438,0.1507,-0.3820,0.6079,-0.0658,0.8162,0.0140,19.2842,-1.2896
164.894,0.2289,-0.2438,0.1323,-0.3820,0.5883,-0.0658,0.8162,0.0140,19.2842,-1.2896
164.895,0.2289,-0.2462,0.1470,-0.3820,0.5883,-0.0654,0.8138,0.0140,19.2842,-1.2896
164.994,0.2289,-0.2462,0.1470,-0.3903,0.5970,-0.0603,0.8138,0.0057,19.2942,-1.2899
164.995,0.2348,-0.2300,0.1470,-0.3750,0.5970,-0.0603,0.8300,0.0210,19.2942,-1.2899
164.997,0.2167,-0.2300,0.1286,-0.3750,0.5774,-0.0603,0.8300,0.0210,19.2942,-1.2899
164.999,0.2167,-0.2316,0.1421,-0.3750,0.5774,-0.0595,0.8284,0.0210,19.2942,-1.2899
165.095,0.2167,-0.2316,0.1421,-0.3831,0.5861,-0.0544,0.8284,0.0129,19.3042,-1.2902
165.096,0.2232,-0.2154,0.1421,-0.3675,0.5861,-0.0544,0.8446,0.0285,19.3042,-1.2902
165.098,0.2052,-0.2154,0.1236,-0.3675,0.5666,-0.0544,0.8446,0.0285,19.3042,-1.2902
165.099,0.2052,-0.2163,0.1373,-0.3675,0.5666,-0.0531,0.8437,0.0285,19.3042,-1.2902
165.193,0.2052,-0.2163,0.1373,-0.3756,0.5753,-0.0481,0.8437,0.0204,19.3141,-1.2905
165.194,0.2125,-0.1999,0.1373,-0.3596,0.5753,-0.0481,0.8601,0.0364,19.3141,-1.2905
165.195,0.1947,-0.1999,0.1189,-0.3596,0.5558,-0.0481,0.8601,0.0364,19.3141,-1.2905
165.196,0.1947,-0.1995,0.1349,-0.3596,0.5558,-0.0450,0.8605,0.0364,19.3141,-1.2905
165.281,0.1947,-0.1995,0.1349,-0.3675,0.5646,-0.0401,0.8605,0.0285,19.3241,-1.2909
165.282,0.2028,-0.1829,0.1349,-0.3512,0.5646,-0.0401,0.8771,0.0448,19.3241,-1.2909
165.283,0.1851,-0.1829,0.1165,-0.3512,0.5452,-0.0401,0.8771,0.0448,19.3241,-1.2909
165.284,0.1851,-0.1786,0.1351,-0.3512,0.5452,-0.0330,0.8814,0.0448,19.3241,-1.2909
165.362,0.1851,-0.1786,0.1351,-0.3590,0.5540,-0.0282,0.8814,0.0370,19.3340,-1.2912
165.363,0.1935,-0.1619,0.1351,-0.3425,0.5540,-0.0282,0.8981,0.0535,19.3340,-1.2912
165.365,0.1761,-0.1619,0.1167,-0.3425,0.5347,-0.0282,0.8981,0.0535,19.3340,-1.2912
165.366,0.1761,-0.1537,0.1354,-0.3425,0.5347,-0.0176,0.9063,0.0535,19.3340,-1.2912
165.466,0.1761,-0.1537,0.1354,-0.3425,0.5347,-0.0176,0.9063,0.0535,19.3340,-1.2912
165.500,0.1761,-0.1537,0.1354,-0.3502,0.5435,-0.0128,0.9063,0.0458,19.3440,-1.2915
165.501,0.1844,-0.1369,0.1354,-0.3336,0.5435,-0.0128,0.9231,0.0624,19.3440,-1.2915
165.501,0.1671,-0.1369,0.1170,-0.3336,0.5241,-0.0128,0.9231,0.0624,19.3440,-1.2915
165.501,0.1671,-0.1283,0.1338,-0.3336,0.5241,-0.0022,0.9317,0.0624,19.3440,-1.2915
165.576,0.1671,-0.1283,0.1338,-0.3412,0.5330,0.0025,0.9317,0.0548,19.3540,-1.2918
165.576,0.1755,-0.1113,0.1338,-0.3244,0.5330,0.0025,0.9487,0.0716,19.3540,-1.2918
165.577,0.1583,-0.1113,0.1153,-0.3244,0.5137,0.0025,0.9487,0.0716,19.3540,-1.2918
165.578,0.1583,-0.1028,0.1309,-0.3244,0.5137,0.0127,0.9572,0.0716,19.3540,-1.2918
165.655,0.1583,-0.1028,0.1309,-0.3319,0.5225,0.0174,0.9572,0.0641,19.3639,-1.2921
165.655,0.1671,-0.0855,0.1309,-0.3147,0.5225,0.0174,0.9745,0.0813,19.3639,-1.2921
165.656,0.1501,-0.0855,0.1125,-0.3147,0.5033,0.0174,0.9745,0.0813,19.3639,-1.2921
165.656,0.1501,-0.0760,0.1272,-0.3147,0.5033,0.0284,0.9840,0.0813,19.3639,-1.2921
165.732,0.1501,-0.0760,0.1272,-0.3221,0.5122,0.0331,0.9840,0.0739,19.3739,-1.2925
165.733,0.1595,-0.0585,0.1272,-0.3047,0.5122,0.0331,1.0015,0.0913,19.3739,-1.2925
165.734,0.1426,-0.0585,0.1088,-0.3047,0.4930,0.0331,1.0015,0.0913,19.3739,-1.2925
165.734,0.1426,-0.0468,0.1227,-0.3047,0.4930,0.0460,1.0132,0.0913,19.3739,-1.2925
165.814,0.1426,-0.0468,0.1227,-0.3119,0.5019,0.0506,1.0132,0.0841,19.3838,-1.2928
165.815,0.1524,-0.0291,0.1227,-0.2942,0.5019,0.0506,1.0309,0.1018,19.3838,-1.2928
165.816,0.1353,-0.0291,0.1044,-0.2942,0.4824,0.0506,1.0309,0.1018,19.3838,-1.2928
165.818,0.1353,-0.0159,0.1171,-0.2942,0.4824,0.0647,1.0441,0.1018,19.3838,-1.2928
165.918,0.1353,-0.0159,0.1171,-0.2942,0.4824,0.0647,1.0441,0.1018,19.3838,-1.2928
165.922,0.1353,-0.0159,0.1171,-0.3014,0.4913,0.0694,1.0441,0.0946,19.3938,-1.2931
165.923,0.1453,0.0019,0.1171,-0.2835,0.4913,0.0694,1.0619,0.1125,19.3938,-1.2931
165.924,0.1279,0.0019,0.0988,-0.2835,0.4715,0.0694,1.0619,0.1125,19.3938,-1.2931
165.924,0.1279,0.0150,0.1102,-0.2835,0.4715,0.0831,1.0750,0.1125,19.3938,-1.2931
166.012,0.1279,0.0150,0.1102,-0.2906,0.4805,0.0878,1.0750,0.1054,19.4038,-1.2934
166.013,0.1381,0.0330,0.1102,-0.2726,0.4805,0.0878,1.0930,0.1234,19.4038,-1.2934
166.014,0.1206,0.0330,0.0920,-0.2726,0.4605,0.0878,1.0930,0.1234,19.4038,-1.2934
166.015,0.1206,0.0456,0.1024,-0.2726,0.4605,0.1009,1.1056,0.1234,19.4038,-1.2934
166.100,0.1206,0.0456,0.1024,-0.2796,0.4695,0.1057,1.1056,0.1164,19.4137,-1.2937
166.100,0.1312,0.0638,0.1024,-0.2614,0.4695,0.1057,1.1238,0.1346,19.4137,-1.2937
166.100,0.1141,0.0638,0.0847,-0.2614,0.4499,0.1057,1.1238,0.1346,19.4137,-1.2937
166.101,0.1141,0.0764,0.0947,-0.2614,0.4499,0.1187,1.1364,0.1346,19.4137,-1.2937
166.193,0.1141,0.0764,0.0947,-0.2683,0.4589,0.1236,1.1364,0.1277,19.4237,-1.2940
166.194,0.1253,0.0946,0.0947,-0.2498,0.4589,0.1236,1.1546,0.1462,19.4237,-1.2940
166.194,0.1084,0.0946,0.0777,-0.2498,0.4396,0.1236,1.1377,0.1462,19.4237,-1.2940
166.196,0.1084,0.1077,0.0877,-0.2498,0.4396,0.1370,1.1477,0.1462,19.4237,-1.2940
166.276,0.1084,0.1077,0.0877,-0.2566,0.4486,0.1418,1.1477,0.1394,19.4336,-1.2944
166.278,0.1203,0.1261,0.0877,-0.2380,0.4486,0.1418,1.1477,0.1580,19.4336,-1.2944
166.280,0.1034,0.1261,0.0710,-0.2380,0.4293,0.1418,1.1310,0.1580,19.4336,-1.2944
166.281,0.1034,0.1395,0.0813,-0.2380,0.4293,0.1556,1.1413,0.1580,19.4336,-1.2944
166.365,0.1034,0.1395,0.0813,-0.2447,0.4384,0.1605,1.1413,0.1513,19.4436,-1.2947
166.367,0.1159,0.1581,0.0813,-0.2259,0.4384,0.1605,1.1413,0.1701,19.4436,-1.2947
166.369,0.0987,0.1581,0.0644,-0.2259,0.4186,0.1605,1.1244,0.1701,19.4436,-1.2947
166.371,0.0987,0.1713,0.0751,-0.2259,0.4186,0.1741,1.1351,0.1701,19.4436,-1.2947
166.449,0.0987,0.1713,0.0751,-0.2325,0.4277,0.1791,1.1351,0.1635,19.4536,-1.2950
166.450,0.1115,0.1900,0.0751,-0.2135,0.4277,0.1791,1.1351,0.1825,19.4536,-1.2950
166.451,0.0941,0.1900,0.0578,-0.2135,0.4074,0.1791,1.1178,0.1825,19.4536,-1.2950
166.453,0.0941,0.2028,0.0693,-0.2135,0.4074,0.1922,1.1293,0.1825,19.4536,-1.2950
166.528,0.0941,0.2028,0.0693,-0.2201,0.4165,0.1972,1.1293,0.1759,19.4635,-1.2953
166.529,0.1070,0.2216,0.0693,-0.2011,0.4165,0.1972,1.1293,0.1949,19.4635,-1.2953
166.531,0.0895,0.2216,0.0522,-0.2011,0.3961,0.1972,1.1122,0.1949,19.4635,-1.2953
166.533,0.0895,0.2341,0.0643,-0.2011,0.3961,0.2102,1.1243,0.1949,19.4635,-1.2953
166.606,0.0895,0.2341,0.0643,-0.2076,0.4053,0.2152,1.1243,0.1884,19.4735,-1.2956
166.607,0.1027,0.2529,0.0643,-0.1886,0.4053,0.2152,1.1243,0.2074,19.4735,-1.2956
166.608,0.0855,0.2529,0.0481,-0.1886,0.3853,0.2152,1.1081,0.2074,19.4735,-1.2956
166.610,0.0855,0.2656,0.0604,-0.1886,0.3853,0.2283,1.1204,0.2074,19.4735,-1.2956
166.688,0.0855,0.2656,0.0604,-0.1949,0.3945,0.2334,1.1204,0.2011,19.4835,-1.2959
166.688,0.0990,0.2845,0.0604,-0.1758,0.3945,0.2334,1.1204,0.2202,19.4835,-1.2959
166.689,0.0823,0.2845,0.0453,-0.1758,0.3752,0.2334,1.1053,0.2202,19.4835,-1.2959
166.691,0.0823,0.2972,0.0576,-0.1758,0.3752,0.2465,1.1176,0.2202,19.4835,-1.2959
166.762,0.0823,0.2972,0.0576,-0.1821,0.3844,0.2516,1.1176,0.2139,19.4934,-1.2962
166.763,0.0962,0.3162,0.0576,-0.1629,0.3844,0.2516,1.1176,0.2331,19.4934,-1.2962
166.764,0.0797,0.3162,0.0428,-0.1629,0.3652,0.2516,1.1028,0.2331,19.4934,-1.2962
166.766,0.0797,0.3287,0.0560,-0.1629,0.3652,0.2645,1.1160,0.2331,19.4934,-1.2962
166.857,0.0797,0.3287,0.0560,-0.1692,0.3744,0.2696,1.1160,0.2268,19.5034,-1.2966
166.859,0.0939,0.3478,0.0560,-0.1499,0.3744,0.2696,1.1160,0.2461,19.5034,-1.2966
166.860,0.0773,0.3478,0.0404,-0.1499,0.3547,0.2696,1.1004,0.2461,19.5034,-1.2966
166.861,0.0773,0.3604,0.0546,-0.1499,0.3547,0.2826,1.1146,0.2461,19.5034,-1.2966
166.941,0.0773,0.3604,0.0546,-0.1561,0.3639,0.2877,1.1146,0.2399,19.5133,-1.2969
166.943,0.0916,0.3796,0.0546,-0.1367,0.3639,0.2877,1.1146,0.2593,19.5133,-1.2969
166.945,0.0752,0.3796,0.0381,-0.1367,0.3437,0.2877,1.0981,0.2593,19.5133,-1.2969
166.946,0.0752,0.3923,0.0532,-0.1367,0.3437,0.3009,1.1132,0.2593,19.5133,-1.2969
167.024,0.0752,0.3923,0.0532,-0.1428,0.3529,0.3060,1.1132,0.2532,19.5233,-1.2972
167.027,0.0896,0.4116,0.0532,-0.1233,0.3529,0.3060,1.1132,0.2727,19.5233,-1.2972
167.028,0.0736,0.4116,0.0364,-0.1233,0.3327,0.3060,1.0964,0.2727,19.5233,-1.2972
167.029,0.0736,0.4241,0.0526,-0.1233,0.3327,0.3190,1.1126,0.2727,19.5233,-1.2972
167.107,0.0736,0.4241,0.0526,-0.1294,0.3420,0.3241,1.1126,0.2666,19.5333,-1.2975
167.108,0.0883,0.4435,0.0526,-0.1098,0.3420,0.3241,1.1126,0.2862,19.5333,-1.2975
167.110,0.0731,0.4435,0.0365,-0.1098,0.3226,0.3241,1.0965,0.2862,19.5333,-1.2975
167.113,0.0731,0.4553,0.0536,-0.1098,0.3226,0.3364,1.1136,0.2862,19.5333,-1.2975
167.213,0.0731,0.4553,0.0536,-0.1098,0.3226,0.3364,1.1136,0.2862,19.5333,-1.2975
167.217,0.0731,0.4553,0.0536,-0.1158,0.3319,0.3415,1.1136,0.2802,19.5432,-1.2978
167.218,0.0882,0.4748,0.0536,-0.0961,0.3319,0.3415,1.1136,0.2999,19.5432,-1.2978
167.219,0.0737,0.4748,0.0384,-0.0961,0.3133,0.3415,1.0984,0.2999,19.5432,-1.2978
167.221,0.0737,0.4857,0.0554,-0.0961,0.3133,0.3530,1.1154,0.2999,19.5432,-1.2978
167.299,0.0737,0.4857,0.0554,-0.1021,0.3226,0.3580,1.1154,0.2939,19.5532,-1.2981
167.300,0.0891,0.5054,0.0554,-0.0822,0.3226,0.3580,1.1154,0.3138,19.5532,-1.2981
167.301,0.0750,0.5054,0.0404,-0.0822,0.3041,0.3580,1.1004,0.3138,19.5532,-1.2981
167.304,0.0750,0.5154,0.0569,-0.0822,0.3041,0.3686,1.1169,0.3138,19.5532,-1.2981
167.380,0.0750,0.5154,0.0569,-0.0881,0.3134,0.3736,1.1169,0.3079,19.5631,-1.2984
167.382,0.0907,0.5351,0.0569,-0.0682,0.3134,0.3736,1.1169,0.3278,19.5631,-1.2984
167.384,0.0766,0.5351,0.0412,-0.0682,0.2944,0.3736,1.1012,0.3278,19.5631,-1.2984
167.385,0.0766,0.5442,0.0579,-0.0682,0.2944,0.3832,1.1179,0.3278,19.5631,-1.2984
167.468,0.0766,0.5442,0.0579,-0.0740,0.3038,0.3882,1.1179,0.3220,19.5731,-1.2987
167.469,0.0925,0.5641,0.0579,-0.0539,0.3038,0.3882,1.1179,0.3421,19.5731,-1.2987
167.470,0.0783,0.5641,0.0414,-0.0539,0.2842,0.3882,1.1014,0.3421,19.5731,-1.2987
167.472,0.0783,0.5725,0.0590,-0.0539,0.2842,0.3973,1.1190,0.3421,19.5731,-1.2987
167.550,0.0783,0.5725,0.0590,-0.0597,0.2935,0.4022,1.1190,0.3363,19.5831,-1.2991
167.551,0.0944,0.5924,0.0590,-0.0396,0.2935,0.4022,1.1190,0.3564,19.5831,-1.2991
167.554,0.0800,0.5924,0.0427,-0.0396,0.2737,0.4022,1.1027,0.3564,19.5831,-1.2991
167.556,0.0800,0.6005,0.0608,-0.0396,0.2737,0.4110,1.1208,0.3564,19.5831,-1.2991
167.640,0.0800,0.6005,0.0608,-0.0453,0.2831,0.4159,1.1208,0.3507,19.5930,-1.2994
167.642,0.0963,0.6204,0.0608,-0.0253,0.2831,0.4159,1.1208,0.3707,19.5930,-1.2994
167.644,0.0821,0.6204,0.0454,-0.0253,0.2637,0.4159,1.1054,0.3707,19.5930,-1.2994
167.646,0.0821,0.6275,0.0632,-0.0253,0.2637,0.4236,1.1232,0.3707,19.5930,-1.2994
167.729,0.0821,0.6275,0.0632,-0.0309,0.2731,0.4284,1.1232,0.3651,19.6030,-1.2997
167.731,0.0986,0.6472,0.0632,-0.0110,0.2731,0.4284,1.1232,0.3850,19.6030,-1.2997
167.733,0.0846,0.6472,0.0494,-0.0110,0.2545,0.4284,1.1094,0.3850,19.6030,-1.2997
167.734,0.0846,0.6518,0.0656,-0.0110,0.2545,0.4338,1.1256,0.3850,19.6030,-1.2997
167.814,0.0846,0.6518,0.0656,-0.0166,0.2640,0.4385,1.1256,0.3794,19.6129,-1.3000
167.815,0.1011,0.6709,0.0656,0.0028,0.2640,0.4385,1.1256,0.3988,19.6129,-1.3000
167.817,0.0866,0.6709,0.0544,0.0028,0.2461,0.4385,1.1144,0.3988,19.6129,-1.3000
167.820,0.0866,0.6731,0.0695,0.0028,0.2461,0.4414,1.1295,0.3988,19.6129,-1.3000
167.901,0.0866,0.6731,0.0695,-0.0028,0.2556,0.4461,1.1295,0.3932,19.6229,-1.3003
167.902,0.1035,0.6911,0.0695,0.0155,0.2556,0.4461,1.1295,0.4115,19.6229,-1.3003
167.905,0.0883,0.6911,0.0609,0.0155,0.2384,0.4461,1.1209,0.4115,19.6229,-1.3003
167.905,0.0883,0.6927,0.0761,0.0155,0.2384,0.4485,1.1361,0.4115,19.6229,-1.3003
167.969,0.0883,0.6927,0.0761,0.0100,0.2479,0.4531,1.1361,0.4060,19.6329,-1.3006
167.970,0.1059,0.7096,0.0761,0.0274,0.2479,0.4531,1.1361,0.4234,19.6329,-1.3006
167.970,0.0900,0.7096,0.0696,0.0274,0.2312,0.4531,1.1296,0.4234,19.6329,-1.3006
167.970,0.0900,0.7116,0.0852,0.0274,0.2312,0.4560,1.1452,0.4234,19.6329,-1.3006
168.032,0.0900,0.7116,0.0852,0.0219,0.2407,0.4606,1.1452,0.4179,19.6428,-1.3009
168.032,0.1082,0.7279,0.0852,0.0388,0.2407,0.4606,1.1452,0.4348,19.6428,-1.3009
168.032,0.0922,0.7279,0.0798,0.0388,0.2244,0.4606,1.1398,0.4348,19.6428,-1.3009
168.032,0.0922,0.7302,0.0951,0.0388,0.2244,0.4638,1.1522,0.4348,19.6428,-1.3009
168.093,0.0922,0.7302,0.0951,0.0332,0.2339,0.4683,1.1522,0.4292,19.6528,-1.3013
168.094,0.1102,0.7457,0.0951,0.0493,0.2339,0.4683,1.1551,0.4453,19.6528,-1.3013
168.094,0.0942,0.7457,0.0903,0.0493,0.2180,0.4683,1.1503,0.4453,19.6528,-1.3013
168.094,0.0942,0.7477,0.1051,0.0493,0.2180,0.4714,1.1542,0.4453,19.6528,-1.3013
168.195,0.0942,0.7477,0.1051,0.0493,0.2180,0.4714,1.1542,0.4453,19.6528,-1.3013
168.210,0.0942,0.7477,0.1051,0.0438,0.2275,0.4758,1.1542,0.4398,19.6628,-1.3016
168.210,0.1117,0.7620,0.1051,0.0588,0.2275,0.4758,1.1651,0.4548,19.6628,-1.3016
168.211,0.0957,0.7620,0.1013,0.0588,0.2121,0.4758,1.1557,0.4548,19.6628,-1.3016
168.211,0.0957,0.7627,0.1152,0.0588,0.2121,0.4776,1.1557,0.4548,19.6628,-1.3016
168.311,0.0957,0.7627,0.1152,0.0588,0.2121,0.4776,1.1557,0.4548,19.6628,-1.3016
168.343,0.0957,0.7627,0.1152,0.0533,0.2215,0.4819,1.1557,0.4493,19.6727,-1.3019
168.343,0.1131,0.7754,0.1152,0.0669,0.2215,0.4819,1.1731,0.4629,19.6727,-1.3019
168.344,0.0968,0.7754,0.1142,0.0669,0.2075,0.4819,1.1568,0.4629,19.6727,-1.3019
168.345,0.0968,0.7743,0.1269,0.0669,0.2075,0.4819,1.1568,0.4629,19.6727,-1.3019
168.446,0.0968,0.7743,0.1269,0.0669,0.2075,0.4819,1.1568,0.4629,19.6727,-1.3019
168.481,0.0968,0.7743,0.1269,0.0613,0.2169,0.4862,1.1568,0.4573,19.6827,-1.3022
168.482,0.1155,0.7852,0.1269,0.0736,0.2169,0.4862,1.1755,0.4696,19.6827,-1.3022
168.482,0.0994,0.7852,0.1295,0.0736,0.2051,0.4862,1.1594,0.4696,19.6827,-1.3022
168.483,0.0994,0.7828,0.1408,0.0736,0.2051,0.4850,1.1594,0.4696,19.6827,-1.3022
168.583,0.0994,0.7828,0.1408,0.0736,0.2051,0.4850,1.1594,0.4696,19.6827,-1.3022
168.588,0.0994,0.7828,0.1408,0.0680,0.2145,0.4893,1.1594,0.4640,19.6926,-1.3025
168.589,0.1190,0.7924,0.1408,0.0792,0.2145,0.4893,1.1790,0.4752,19.6926,-1.3025
168.590,0.1035,0.7924,0.1451,0.0792,0.2042,0.4893,1.1635,0.4752,19.6926,-1.3025
168.591,0.1035,0.7899,0.1555,0.0792,0.2042,0.4881,1.1635,0.4752,19.6926,-1.3025
168.691,0.1035,0.7899,0.1555,0.0792,0.2042,0.4881,1.1635,0.4752,19.6926,-1.3025
168.695,0.1035,0.7899,0.1555,0.0735,0.2136,0.4922,1.1635,0.4695,19.7026,-1.3028
168.697,0.1219,0.7984,0.1555,0.0838,0.2136,0.4922,1.1819,0.4798,19.7026,-1.3028
168.698,0.1068,0.7984,0.1598,0.0838,0.2036,0.4922,1.1668,0.4798,19.7026,-1.3028
168.699,0.1068,0.7970,0.1708,0.0838,0.2036,0.4922,1.1668,0.4798,19.7026,-1.3028
168.799,0.1068,0.7970,0.1708,0.0838,0.2036,0.4922,1.1668,0.4798,19.7026,-1.3028
168.805,0.1068,0.7970,0.1708,0.0781,0.2130,0.4963,1.1668,0.4741,19.7126,-1.3031
168.808,0.1235,0.8043,0.1708,0.0871,0.2130,0.4963,1.1835,0.4831,19.7126,-1.3031
168.809,0.1083,0.8043,0.1745,0.0871,0.2028,0.4963,1.1683,0.4831,19.7126,-1.3031
168.811,0.1083,0.8041,0.1867,0.0871,0.2028,0.4975,1.1683,0.4831,19.7126,-1.3031
168.912,0.1083,0.8041,0.1867,0.0871,0.2028,0.4975,1.1683,0.4831,19.7126,-1.3031
168.938,0.1083,0.8041,0.1867,0.0813,0.2121,0.5016,1.1683,0.4773,19.7225,-1.3034
168.941,0.1243,0.8099,0.1867,0.0891,0.2121,0.5016,1.1843,0.4851,19.7225,-1.3034
168.943,0.1093,0.8099,0.1906,0.0891,0.2022,0.5016,1.1693,0.4851,19.7225,-1.3034
168.944,0.1093,0.8093,0.2027,0.0891,0.2022,0.5026,1.1693,0.4851,19.7225,-1.3034
169.017,0.1093,0.8093,0.2027,0.0832,0.2115,0.5066,1.1693,0.4792,19.7325,-1.3037
169.018,0.1260,0.8137,0.2027,0.0900,0.2115,0.5066,1.1860,0.4860,19.7325,-1.3037
169.018,0.1116,0.8137,0.2075,0.0900,0.2026,0.5066,1.1716,0.4860,19.7325,-1.3037
169.020,0.1116,0.8105,0.2172,0.0900,0.2026,0.5052,1.1716,0.4860,19.7325,-1.3037
169.104,0.1116,0.8105,0.2172,0.0840,0.2119,0.5091,1.1716,0.4800,19.7424,-1.3040
169.104,0.1288,0.8137,0.2172,0.0900,0.2119,0.5091,1.1888,0.4860,19.7424,-1.3040
169.104,0.1152,0.8137,0.2229,0.0900,0.2042,0.5091,1.1752,0.4860,19.7424,-1.3040
169.105,0.1152,0.8069,0.2284,0.0900,0.2042,0.5039,1.1752,0.4860,19.7424,-1.3040
169.183,0.1152,0.8069,0.2284,0.0839,0.2135,0.5078,1.1752,0.4799,19.7524,-1.3043
169.184,0.1316,0.8093,0.2284,0.0893,0.2135,0.5078,1.1916,0.4853,19.7524,-1.3043
169.185,0.1183,0.8093,0.2341,0.0893,0.2061,0.5078,1.1783,0.4853,19.7524,-1.3043
169.188,0.1183,0.8010,0.2373,0.0893,0.2061,0.5010,1.1783,0.4853,19.7524,-1.3043
169.267,0.1183,0.8010,0.2373,0.0831,0.2153,0.5049,1.1783,0.4791,19.7624,-1.3047
169.297,0.1332,0.8029,0.2373,0.0879,0.2153,0.5049,1.1932,0.4839,19.7624,-1.3047
169.298,0.1197,0.8029,0.2426,0.0879,0.2077,0.5049,1.1797,0.4839,19.7624,-1.3047
169.299,0.1197,0.7949,0.2459,0.0879,0.2077,0.4983,1.1797,0.4839,19.7624,-1.3047
169.374,0.1197,0.7949,0.2459,0.0816,0.2168,0.5022,1.1797,0.4776,19.7723,-1.3050
169.374,0.1331,0.7963,0.2459,0.0858,0.2168,0.5022,1.1931,0.4818,19.7723,-1.3050
169.375,0.1190,0.7963,0.2509,0.0858,0.2086,0.5022,1.1790,0.4818,19.7723,-1.3050
169.376,0.1190,0.7887,0.2553,0.0858,0.2086,0.4963,1.1790,0.4818,19.7723,-1.3050
169.434,0.1190,0.7887,0.2553,0.0795,0.2177,0.5001,1.1790,0.4755,19.7823,-1.3053
169.435,0.1321,0.7897,0.2553,0.0833,0.2177,0.5001,1.1921,0.4793,19.7823,-1.3053
169.436,0.1174,0.7897,0.2607,0.0833,0.2094,0.5001,1.1774,0.4793,19.7823,-1.3053
169.437,0.1174,0.7807,0.2643,0.0833,0.2094,0.4929,1.1774,0.4793,19.7823,-1.3053
169.526,0.1174,0.7807,0.2643,0.0769,0.2185,0.4967,1.1774,0.4729,19.7923,-1.3056
169.527,0.1311,0.7810,0.2643,0.0804,0.2185,0.4967,1.1911,0.4764,19.7923,-1.3056
169.529,0.1165,0.7810,0.2705,0.0804,0.2107,0.4967,1.1765,0.4764,19.7923,-1.3056
169.531,0.1165,0.7693,0.2708,0.0804,0.2107,0.4867,1.1765,0.4764,19.7923,-1.3056
169.616,0.1165,0.7693,0.2708,0.0739,0.2198,0.4905,1.1765,0.4699,19.8022,-1.3059
169.617,0.1309,0.7690,0.2708,0.0772,0.2198,0.4905,1.1909,0.4732,19.8022,-1.3059
169.619,0.1167,0.7690,0.2776,0.0772,0.2127,0.4905,1.1767,0.4732,19.8022,-1.3059
169.621,0.1167,0.7557,0.2746,0.0772,0.2127,0.4786,1.1767,0.4732,19.8022,-1.3059
169.694,0.1167,0.7557,0.2746,0.0706,0.2217,0.4823,1.1767,0.4666,19.8122,-1.3062
169.694,0.1310,0.7549,0.2746,0.0735,0.2217,0.4823,1.1910,0.4695,19.8122,-1.3062
169.695,0.1169,0.7549,0.2815,0.0735,0.2148,0.4823,1.1769,0.4695,19.8122,-1.3062
169.696,0.1169,0.7415,0.2771,0.0735,0.2148,0.4700,1.1769,0.4695,19.8122,-1.3062
169.796,0.1169,0.7415,0.2771,0.0735,0.2148,0.4700,1.1769,0.4695,19.8122,-1.3062
169.818,0.1169,0.7415,0.2771,0.0669,0.2238,0.4738,1.1769,0.4629,19.8221,-1.3065
169.819,0.1304,0.7404,0.2771,0.0695,0.2238,0.4738,1.1904,0.4655,19.8221,-1.3065
169.820,0.1161,0.7404,0.2840,0.0695,0.2168,0.4738,1.1761,0.4655,19.8221,-1.3065
169.820,0.1161,0.7274,0.2799,0.0695,0.2168,0.4619,1.1761,0.4655,19.8221,-1.3065
169.921,0.1161,0.7274,0.2799,0.0695,0.2168,0.4619,1.1761,0.4655,19.8221,-1.3065
169.953,0.1161,0.7274,0.2799,0.0628,0.2257,0.4657,1.1761,0.4588,19.8321,-1.3068
169.959,0.1289,0.7263,0.2799,0.0652,0.2257,0.4657,1.1889,0.4612,19.8321,-1.3068
169.960,0.1144,0.7263,0.2868,0.0652,0.2186,0.4657,1.1744,0.4612,19.8321,-1.3068
169.961,0.1144,0.7134,0.2833,0.0652,0.2186,0.4541,1.1744,0.4612,19.8321,-1.3068
170.061,0.1144,0.7134,0.2833,0.0652,0.2186,0.4541,1.1744,0.4612,19.8321,-1.3068
170.091,0.1144,0.7134,0.2833,0.0585,0.2275,0.4578,1.1744,0.4545,19.8421,-1.3071
170.092,0.1278,0.7123,0.2833,0.0612,0.2275,0.4578,1.1878,0.4572,19.8421,-1.3071
170.095,0.1133,0.7123,0.2905,0.0612,0.2207,0.4578,1.1733,0.4572,19.8421,-1.3071
170.096,0.1133,0.6987,0.2867,0.0612,0.2207,0.4456,1.1733,0.4572,19.8421,-1.3071
170.176,0.1133,0.6987,0.2867,0.0543,0.2295,0.4493,1.1733,0.4503,19.8520,-1.3074
170.177,0.1280,0.6975,0.2867,0.0575,0.2295,0.4493,1.1880,0.4535,19.8520,-1.3074
170.178,0.1138,0.6975,0.2942,0.0575,0.2232,0.4493,1.1738,0.4535,19.8520,-1.3074
170.178,0.1138,0.6833,0.2891,0.0575,0.2232,0.4363,1.1738,0.4535,19.8520,-1.3074
170.249,0.1138,0.6833,0.2891,0.0505,0.2320,0.4400,1.1738,0.4465,19.8620,-1.3077
170.249,0.1294,0.6820,0.2891,0.0539,0.2320,0.4400,1.1894,0.4499,19.8620,-1.3077
170.250,0.1156,0.6820,0.2966,0.0539,0.2259,0.4400,1.1756,0.4499,19.8620,-1.3077
170.250,0.1156,0.6675,0.2905,0.0539,0.2259,0.4266,1.1756,0.4499,19.8620,-1.3077
170.321,0.1156,0.6675,0.2905,0.0468,0.2347,0.4304,1.1756,0.4428,19.8720,-1.3080
170.337,0.1307,0.6659,0.2905,0.0499,0.2347,0.4304,1.1907,0.4459,19.8720,-1.3080
170.338,0.1169,0.6659,0.2979,0.0499,0.2287,0.4304,1.1769,0.4459,19.8720,-1.3080
170.338,0.1169,0.6518,0.2917,0.0499,0.2287,0.4173,1.1769,0.4459,19.8720,-1.3080
170.414,0.1169,0.6518,0.2917,0.0428,0.2374,0.4211,1.1769,0.4388,19.8819,-1.3083
170.414,0.1312,0.6500,0.2917,0.0456,0.2374,0.4211,1.1912,0.4416,19.8819,-1.3083
170.415,0.1175,0.6500,0.2990,0.0456,0.2314,0.4211,1.1775,0.4416,19.8819,-1.3083
170.415,0.1175,0.6360,0.2927,0.0456,0.2314,0.4080,1.1775,0.4416,19.8819,-1.3083
170.489,0.1175,0.6360,0.2927,0.0384,0.2400,0.4117,1.1775,0.4344,19.8919,-1.3087
170.489,0.1314,0.6341,0.2927,0.0411,0.2400,0.4117,1.1914,0.4371,19.8919,-1.3087
170.490,0.1176,0.6341,0.3000,0.0411,0.2341,0.4117,1.1776,0.4371,19.8919,-1.3087
170.490,0.1176,0.6195,0.2932,0.0411,0.2341,0.3981,1.1776,0.4371,19.8919,-1.3087
170.590,0.1176,0.6195,0.2932,0.0411,0.2341,0.3981,1.1776,0.4371,19.8919,-1.3087
170.616,0.1176,0.6195,0.2932,0.0338,0.2427,0.4019,1.1776,0.4298,19.9018,-1.3090
170.616,0.1320,0.6177,0.2932,0.0369,0.2427,0.4019,1.1920,0.4329,19.9018,-1.3090
170.617,0.1183,0.6177,0.3008,0.0369,0.2370,0.4019,1.1783,0.4329,19.9018,-1.3090
170.618,0.1183,0.6022,0.2931,0.0369,0.2370,0.3873,1.1783,0.4329,19.9018,-1.3090
170.706,0.1183,0.6022,0.2931,0.0295,0.2455,0.3912,1.1783,0.4255,19.9118,-1.3093
170.707,0.1336,0.6006,0.2931,0.0330,0.2455,0.3912,1.1936,0.4290,19.9118,-1.3093
170.708,0.1201,0.6006,0.3010,0.0330,0.2401,0.3912,1.1801,0.4290,19.9118,-1.3093
170.709,0.1201,0.5846,0.2927,0.0330,0.2401,0.3760,1.1801,0.4290,19.9118,-1.3093
170.794,0.1201,0.5846,0.2927,0.0255,0.2486,0.3799,1.1801,0.4215,19.9218,-1.3096
170.794,0.1358,0.5830,0.2927,0.0293,0.2486,0.3799,1.1958,0.4253,19.9218,-1.3096
170.796,0.1225,0.5830,0.3008,0.0293,0.2435,0.3799,1.1825,0.4253,19.9218,-1.3096
170.796,0.1225,0.5666,0.2917,0.0293,0.2435,0.3643,1.1825,0.4253,19.9218,-1.3096
170.892,0.1225,0.5666,0.2917,0.0216,0.2519,0.3681,1.1825,0.4176,19.9317,-1.3098
170.893,0.1379,0.5648,0.2917,0.0253,0.2519,0.3681,1.1979,0.4213,19.9317,-1.3098
170.893,0.1247,0.5648,0.2999,0.0253,0.2470,0.3681,1.1847,0.4213,19.9317,-1.3098
170.893,0.1247,0.5482,0.2899,0.0253,0.2470,0.3521,1.1847,0.4213,19.9317,-1.3098
170.994,0.1247,0.5482,0.2899,0.0253,0.2470,0.3521,1.1847,0.4213,19.9317,-1.3098
171.007,0.1247,0.5482,0.2899,0.0176,0.2553,0.3560,1.1847,0.4136,19.9417,-1.3102
171.007,0.1395,0.5464,0.2899,0.0211,0.2553,0.3560,1.1995,0.4171,19.9417,-1.3102
171.008,0.1263,0.5464,0.2982,0.0211,0.2506,0.3560,1.1863,0.4171,19.9417,-1.3102
171.008,0.1263,0.5296,0.2875,0.0211,0.2506,0.3397,1.1863,0.4171,19.9417,-1.3102
171.090,0.1263,0.5296,0.2875,0.0133,0.2589,0.3436,1.1863,0.4093,19.9517,-1.3105
171.091,0.1409,0.5277,0.2875,0.0167,0.2589,0.3436,1.2009,0.4127,19.9517,-1.3105
171.092,0.1278,0.5277,0.2959,0.0167,0.2543,0.3436,1.1878,0.4127,19.9517,-1.3105
171.093,0.1278,0.5108,0.2847,0.0167,0.2543,0.3270,1.1878,0.4127,19.9517,-1.3105
171.185,0.1278,0.5108,0.2847,0.0088,0.2625,0.3310,1.1878,0.4048,19.9616,-1.3108
171.186,0.1426,0.5088,0.2847,0.0123,0.2625,0.3310,1.2026,0.4083,19.9616,-1.3108
171.186,0.1296,0.5088,0.2932,0.0123,0.2581,0.3310,1.1896,0.4083,19.9616,-1.3108
171.186,0.1296,0.4918,0.2818,0.0123,0.2581,0.3142,1.1896,0.4083,19.9616,-1.3108
171.287,0.1296,0.4918,0.2818,0.0123,0.2581,0.3142,1.1896,0.4083,19.9616,-1.3108
171.293,0.1296,0.4918,0.2818,0.0043,0.2663,0.3183,1.1896,0.4003,19.9716,-1.3110
171.295,0.1450,0.4899,0.2818,0.0081,0.2663,0.3183,1.2050,0.4041,19.9716,-1.3110
171.298,0.1323,0.4899,0.2905,0.0081,0.2622,0.3183,1.1923,0.4041,19.9716,-1.3110
171.300,0.1323,0.4729,0.2791,0.0081,0.2622,0.3015,1.1923,0.4041,19.9716,-1.3110
171.401,0.1323,0.4729,0.2791,0.0081,0.2622,0.3015,1.1923,0.4041,19.9716,-1.3110
171.407,0.1323,0.4729,0.2791,0.0000,0.2703,0.3056,1.1923,0.3960,19.9815,-1.3113
171.410,0.1481,0.4711,0.2791,0.0041,0.2703,0.3056,1.2081,0.4001,19.9815,-1.3113
171.414,0.1357,0.4711,0.2879,0.0041,0.2665,0.3056,1.1957,0.4001,19.9815,-1.3113
171.414,0.1357,0.4542,0.2767,0.0041,0.2665,0.2890,1.1957,0.4001,19.9815,-1.3113
171.488,0.1357,0.4542,0.2767,-0.0040,0.2745,0.2931,1.1957,0.3920,19.9915,-1.3116
171.489,0.1515,0.4524,0.2767,0.0002,0.2745,0.2931,1.2115,0.3962,19.9915,-1.3116
171.489,0.1393,0.4524,0.2856,0.0002,0.2710,0.2931,1.1993,0.3962,19.9915,-1.3116
171.489,0.1393,0.4355,0.2746,0.0002,0.2710,0.2765,1.1993,0.3962,19.9915,-1.3116
171.591,0.1393,0.4355,0.2746,-0.0081,0.2790,0.2806,1.1993,0.3879,20.0015,-1.3119
171.591,0.1549,0.4337,0.2746,-0.0038,0.2790,0.2806,1.2149,0.3922,20.0015,-1.3119
171.592,0.1430,0.4337,0.2836,-0.0038,0.2757,0.2806,1.2030,0.3922,20.0015,-1.3119
171.592,0.1430,0.4167,0.2725,-0.0038,0.2757,0.2639,1.2030,0.3922,20.0015,-1.3119
171.592,0.1430,0.4167,0.2725,-0.0038,0.2757,0.2639,1.2030,0.3922,20.0015,-1.3119
171.693,0.1430,0.4167,0.2725,-0.0038,0.2757,0.2639,1.2030,0.3922,20.0015,-1.3119
171.703,0.1430,0.4167,0.2725,-0.0121,0.2836,0.2681,1.2030,0.3839,20.0114,-1.3122
171.704,0.1584,0.4150,0.2725,-0.0078,0.2836,0.2681,1.2184,0.3882,20.0114,-1.3122
171.707,0.1467,0.4150,0.2817,-0.0078,0.2805,0.2681,1.2067,0.3882,20.0114,-1.3122
171.708,0.1467,0.3979,0.2707,-0.0078,0.2805,0.2514,1.2067,0.3882,20.0114,-1.3122
171.786,0.1467,0.3979,0.2707,-0.0162,0.2884,0.2557,1.2067,0.3798,20.0214,-1.3125
171.787,0.1622,0.3962,0.2707,-0.0119,0.2884,0.2557,1.2222,0.3841,20.0214,-1.3125
171.788,0.1508,0.3962,0.2799,-0.0119,0.2856,0.2557,1.2108,0.3841,20.0214,-1.3125
171.789,0.1508,0.3791,0.2691,-0.0119,0.2856,0.2389,1.2108,0.3841,20.0214,-1.3125
171.889,0.1508,0.3791,0.2691,-0.0204,0.2934,0.2432,1.2108,0.3756,20.0314,-1.3128
171.893,0.1664,0.3773,0.2691,-0.0159,0.2934,0.2432,1.2264,0.3801,20.0314,-1.3128
171.894,0.1554,0.3773,0.2786,-0.0159,0.2910,0.2432,1.2154,0.3801,20.0314,-1.3128
171.896,0.1554,0.3600,0.2682,-0.0159,0.2910,0.2264,1.2154,0.3801,20.0314,-1.3128
171.988,0.1554,0.3600,0.2682,-0.0245,0.2987,0.2308,1.2154,0.3715,20.0413,-1.3131
171.990,0.1713,0.3584,0.2682,-0.0197,0.2987,0.2308,1.2313,0.3763,20.0413,-1.3131
171.993,0.1606,0.3584,0.2779,-0.0197,0.2967,0.2308,1.2206,0.3763,20.0413,-1.3131
172.001,0.1606,0.3408,0.2678,-0.0197,0.2967,0.2138,1.2206,0.3763,20.0413,-1.3131
172.090,0.1606,0.3408,0.2678,-0.0284,0.3044,0.2182,1.2206,0.3676,20.0513,-1.3134
172.094,0.1767,0.3394,0.2678,-0.0233,0.3044,0.2182,1.2367,0.3727,20.0513,-1.3134
172.096,0.1663,0.3394,0.2776,-0.0233,0.3027,0.2182,1.2263,0.3727,20.0513,-1.3134
172.098,0.1663,0.3214,0.2677,-0.0233,0.3027,0.2010,1.2263,0.3727,20.0513,-1.3134
172.198,0.1663,0.3214,0.2677,-0.0320,0.3102,0.2054,1.2263,0.3640,20.0613,-1.3137
172.199,0.1824,0.3204,0.2677,-0.0265,0.3102,0.2054,1.2424,0.3695,20.0613,-1.3137
172.199,0.1723,0.3204,0.2776,-0.0265,0.3088,0.2054,1.2323,0.3695,20.0613,-1.3137
172.199,0.1723,0.3021,0.2678,-0.0265,0.3088,0.1879,1.2323,0.3695,20.0613,-1.3137
172.288,0.1723,0.3021,0.2678,-0.0353,0.3163,0.1924,1.2323,0.3607,20.0712,-1.3140
172.289,0.1884,0.3014,0.2678,-0.0295,0.3163,0.1924,1.2484,0.3665,20.0712,-1.3140
172.290,0.1783,0.3014,0.2777,-0.0295,0.3149,0.1924,1.2383,0.3665,20.0712,-1.3140
172.290,0.1783,0.2833,0.2680,-0.0295,0.3149,0.1751,1.2383,0.3665,20.0712,-1.3140
172.393,0.1783,0.2833,0.2680,-0.0295,0.3149,0.1751,1.2383,0.3665,20.0712,-1.3140
172.400,0.1783,0.2833,0.2680,-0.0383,0.3224,0.1795,1.2383,0.3577,20.0812,-1.3143
172.401,0.1946,0.2827,0.2680,-0.0323,0.3224,0.1795,1.2546,0.3637,20.0812,-1.3143
172.401,0.1846,0.2827,0.2778,-0.0323,0.3210,0.1795,1.2446,0.3637,20.0812,-1.3143
172.402,0.1846,0.2653,0.2685,-0.0323,0.3210,0.1629,1.2446,0.3637,20.0812,-1.3143
172.502,0.1846,0.2653,0.2685,-0.0323,0.3210,0.1629,1.2446,0.3637,20.0812,-1.3143
172.528,0.1846,0.2653,0.2685,-0.0412,0.3284,0.1674,1.2446,0.3548,20.0912,-1.3146
172.528,0.2011,0.2648,0.2685,-0.0349,0.3284,0.1674,1.2611,0.3611,20.0912,-1.3146
172.529,0.1913,0.2648,0.2783,-0.0349,0.3272,0.1674,1.2513,0.3611,20.0912,-1.3146
172.534,0.1913,0.2475,0.2690,-0.0349,0.3272,0.1509,1.2513,0.3611,20.0912,-1.3146
172.609,0.1913,0.2475,0.2690,-0.0440,0.3345,0.1554,1.2513,0.3520,20.1011,-1.3149
172.609,0.2078,0.2470,0.2690,-0.0375,0.3345,0.1554,1.2678,0.3585,20.1011,-1.3149
172.610,0.1981,0.2470,0.2788,-0.0375,0.3333,0.1554,1.2581,0.3585,20.1011,-1.3149
172.610,0.1981,0.2288,0.2688,-0.0375,0.3333,0.1379,1.2581,0.3585,20.1011,-1.3149
172.703,0.1981,0.2288,0.2688,-0.0466,0.3406,0.1425,1.2581,0.3494,20.1111,-1.3152
172.705,0.2148,0.2286,0.2688,-0.0399,0.3406,0.1425,1.2748,0.3561,20.1111,-1.3152
172.707,0.2049,0.2286,0.2779,-0.0399,0.3390,0.1425,1.2649,0.3561,20.1111,-1.3152
172.710,0.2049,0.2098,0.2674,-0.0399,0.3390,0.1244,1.2649,0.3561,20.1111,-1.3152
172.793,0.2049,0.2098,0.2674,-0.0491,0.3462,0.1290,1.2649,0.3469,20.1210,-1.3155
172.794,0.2217,0.2099,0.2674,-0.0420,0.3462,0.1290,1.2699,0.3540,20.1210,-1.3155
172.794,0.2109,0.2099,0.2749,-0.0420,0.3432,0.1290,1.2699,0.3540,20.1210,-1.3155
172.794,0.2109,0.1919,0.2648,-0.0420,0.3432,0.1117,1.2519,0.3540,20.1210,-1.3155
172.880,0.2109,0.1919,0.2648,-0.0513,0.3503,0.1163,1.2519,0.3447,20.1310,-1.3158
172.881,0.2278,0.1923,0.2648,-0.0438,0.3503,0.1163,1.2523,0.3522,20.1310,-1.3158
172.881,0.2155,0.1923,0.2701,-0.0438,0.3453,0.1163,1.2523,0.3522,20.1310,-1.3158
172.882,0.2155,0.1754,0.2606,-0.0438,0.3453,0.1000,1.2354,0.3522,20.1310,-1.3158
172.982,0.2155,0.1754,0.2606,-0.0438,0.3453,0.1000,1.2354,0.3522,20.1310,-1.3158
172.992,0.2155,0.1754,0.2606,-0.0531,0.3524,0.1047,1.2354,0.3429,20.1410,-1.3161
172.994,0.2326,0.1760,0.2606,-0.0454,0.3524,0.1047,1.2360,0.3506,20.1410,-1.3161
172.995,0.2191,0.1760,0.2641,-0.0454,0.3457,0.1047,1.2360,0.3506,20.1410,-1.3161
172.996,0.2191,0.1592,0.2545,-0.0454,0.3457,0.0884,1.2192,0.3506,20.1410,-1.3161
173.087,0.2191,0.1592,0.2545,-0.0548,0.3527,0.0931,1.2192,0.3412,20.1509,-1.3163
173.089,0.2361,0.1596,0.2545,-0.0471,0.3527,0.0931,1.2196,0.3489,20.1509,-1.3163
173.092,0.2219,0.1596,0.2564,-0.0471,0.3448,0.0931,1.2196,0.3489,20.1509,-1.3163
173.094,0.2219,0.1421,0.2460,-0.0471,0.3448,0.0760,1.2021,0.3489,20.1509,-1.3163
173.185,0.2219,0.1421,0.2460,-0.0566,0.3517,0.0808,1.2021,0.3394,20.1609,-1.3166
173.187,0.2386,0.1421,0.2460,-0.0492,0.3517,0.0808,1.2021,0.3468,20.1609,-1.3166
173.188,0.2232,0.1421,0.2457,-0.0492,0.3419,0.0808,1.2021,0.3468,20.1609,-1.3166
173.190,0.2232,0.1244,0.2349,-0.0492,0.3419,0.0632,1.1844,0.3468,20.1609,-1.3166
173.284,0.2232,0.1244,0.2349,-0.0587,0.3488,0.0680,1.1844,0.3373,20.1709,-1.3169
173.287,0.2397,0.1242,0.2349,-0.0515,0.3488,0.0680,1.1842,0.3445,20.1709,-1.3169
173.288,0.2233,0.1242,0.2329,-0.0515,0.3376,0.0680,1.1842,0.3445,20.1709,-1.3169
173.289,0.2233,0.1065,0.2223,-0.0515,0.3376,0.0505,1.1665,0.3445,20.1709,-1.3169
173.390,0.2233,0.1065,0.2223,-0.0515,0.3376,0.0505,1.1665,0.3445,20.1709,-1.3169
173.398,0.2233,0.1065,0.2223,-0.0610,0.3445,0.0554,1.1665,0.3350,20.1808,-1.3172
173.398,0.2397,0.1063,0.2223,-0.0538,0.3445,0.0554,1.1663,0.3422,20.1808,-1.3172
173.399,0.2224,0.1063,0.2186,-0.0538,0.3319,0.0554,1.1663,0.3422,20.1808,-1.3172
173.399,0.2224,0.0889,0.2082,-0.0538,0.3319,0.0382,1.1489,0.3422,20.1808,-1.3172
173.492,0.2224,0.0889,0.2082,-0.0634,0.3386,0.0431,1.1489,0.3326,20.1908,-1.3175
173.493,0.2386,0.0887,0.2082,-0.0561,0.3386,0.0431,1.1487,0.3399,20.1908,-1.3175
173.493,0.2197,0.0887,0.2023,-0.0561,0.3239,0.0431,1.1487,0.3399,20.1908,-1.3175
173.495,0.2197,0.0708,0.1918,-0.0561,0.3239,0.0255,1.1308,0.3399,20.1908,-1.3175
173.584,0.2197,0.0708,0.1918,-0.0657,0.3307,0.0305,1.1308,0.3303,20.2008,-1.3178
173.585,0.2353,0.0709,0.1918,-0.0585,0.3307,0.0305,1.1309,0.3375,20.2008,-1.3178
173.587,0.2146,0.0709,0.1832,-0.0585,0.3135,0.0305,1.1309,0.3375,20.2008,-1.3178
173.588,0.2146,0.0524,0.1734,-0.0585,0.3135,0.0126,1.1124,0.3375,20.2008,-1.3178
173.689,0.2146,0.0524,0.1734,-0.0585,0.3135,0.0126,1.1124,0.3375,20.2008,-1.3178
173.699,0.2146,0.0524,0.1734,-0.0682,0.3202,0.0176,1.1124,0.3278,20.2107,-1.3181
173.700,0.2300,0.0523,0.1734,-0.0610,0.3202,0.0176,1.1123,0.3350,20.2107,-1.3181
173.703,0.2090,0.0523,0.1635,-0.0610,0.3022,0.0176,1.1123,0.3350,20.2107,-1.3181
173.703,0.2090,0.0347,0.1556,-0.0610,0.3022,0.0012,1.0947,0.3350,20.2107,-1.3181
173.796,0.2090,0.0347,0.1556,-0.0707,0.3089,0.0062,1.0947,0.3253,20.2207,-1.3184
173.797,0.2242,0.0341,0.1556,-0.0640,0.3089,0.0062,1.0941,0.3320,20.2207,-1.3184
173.798,0.2036,0.0341,0.1453,-0.0640,0.2909,0.0062,1.0941,0.3320,20.2207,-1.3184
173.798,0.2036,0.0178,0.1394,-0.0640,0.2909,-0.0084,1.0778,0.3320,20.2207,-1.3184
173.895,0.2036,0.0178,0.1394,-0.0737,0.2976,-0.0033,1.0778,0.3223,20.2306,-1.3187
173.896,0.2182,0.0164,0.1394,-0.0676,0.2976,-0.0033,1.0764,0.3284,20.2306,-1.3187
173.897,0.1977,0.0164,0.1282,-0.0676,0.2792,-0.0033,1.0764,0.3284,20.2306,-1.3187
173.899,0.1977,0.0009,0.1244,-0.0676,0.2792,-0.0164,1.0609,0.3284,20.2306,-1.3187
173.988,0.1977,0.0009,0.1244,-0.0774,0.2859,-0.0114,1.0609,0.3186,20.2406,-1.3190
173.990,0.2114,-0.0012,0.1244,-0.0720,0.2859,-0.0114,1.0588,0.3240,20.2406,-1.3190
173.992,0.1907,-0.0012,0.1124,-0.0720,0.2670,-0.0114,1.0588,0.3240,20.2406,-1.3190
173.993,0.1907,-0.0168,0.1101,-0.0720,0.2670,-0.0238,1.0432,0.3240,20.2406,-1.3190
174.087,0.1907,-0.0168,0.1101,-0.0818,0.2736,-0.0188,1.0432,0.3142,20.2506,-1.3193
174.089,0.2040,-0.0191,0.1101,-0.0766,0.2736,-0.0188,1.0409,0.3194,20.2506,-1.3193
174.091,0.1834,-0.0191,0.0977,-0.0766,0.2546,-0.0188,1.0409,0.3194,20.2506,-1.3193
174.094,0.1834,-0.0349,0.0967,-0.0766,0.2546,-0.0308,1.0251,0.3194,20.2506,-1.3193
174.194,0.1834,-0.0349,0.0967,-0.0766,0.2546,-0.0308,1.0251,0.3194,20.2506,-1.3193
174.195,0.1834,-0.0349,0.0967,-0.0865,0.2613,-0.0258,1.0251,0.3095,20.2605,-1.3196
174.205,0.1968,-0.0371,0.0967,-0.0810,0.2613,-0.0258,1.0229,0.3150,20.2605,-1.3196
174.205,0.1771,-0.0371,0.0849,-0.0810,0.2431,-0.0258,1.0229,0.3150,20.2605,-1.3196
174.206,0.1771,-0.0529,0.0854,-0.0810,0.2431,-0.0369,1.0071,0.3150,20.2605,-1.3196
174.298,0.1771,-0.0529,0.0854,-0.0908,0.2497,-0.0320,1.0071,0.3052,20.2705,-1.3199
174.299,0.1908,-0.0547,0.0854,-0.0848,0.2497,-0.0320,1.0053,0.3112,20.2705,-1.3199
174.299,0.1722,-0.0547,0.0744,-0.0848,0.2327,-0.0320,1.0053,0.3112,20.2705,-1.3199
174.299,0.1722,-0.0702,0.0773,-0.0848,0.2327,-0.0417,0.9898,0.3112,20.2705,-1.3199
174.388,0.1722,-0.0702,0.0773,-0.0946,0.2393,-0.0368,0.9898,0.3014,20.2805,-1.3202
174.390,0.1860,-0.0720,0.0773,-0.0883,0.2393,-0.0368,0.9880,0.3077,20.2805,-1.3202
174.393,0.1683,-0.0720,0.0667,-0.0883,0.2231,-0.0368,0.9880,0.3077,20.2805,-1.3202
174.395,0.1683,-0.0864,0.0729,-0.0883,0.2231,-0.0439,0.9736,0.3077,20.2805,-1.3202
174.490,0.1683,-0.0864,0.0729,-0.0982,0.2297,-0.0392,0.9736,0.2978,20.2904,-1.3205
174.490,0.1823,-0.0882,0.0729,-0.0916,0.2297,-0.0392,0.9718,0.3044,20.2904,-1.3205
174.491,0.1645,-0.0882,0.0618,-0.0916,0.2132,-0.0392,0.9718,0.3044,20.2904,-1.3205
174.492,0.1645,-0.1004,0.0716,-0.0916,0.2132,-0.0427,0.9596,0.3044,20.2904,-1.3205
174.592,0.1645,-0.1004,0.0716,-0.0916,0.2132,-0.0427,0.9596,0.3044,20.2904,-1.3205
174.605,0.1645,-0.1004,0.0716,-0.1015,0.2198,-0.0381,0.9596,0.2945,20.3004,-1.3207
174.606,0.1789,-0.1015,0.0716,-0.0939,0.2198,-0.0381,0.9585,0.3021,20.3004,-1.3207
174.607,0.1601,-0.1015,0.0591,-0.0939,0.2020,-0.0381,0.9585,0.3021,20.3004,-1.3207
174.608,0.1601,-0.1110,0.0714,-0.0939,0.2020,-0.0384,0.9490,0.3021,20.3004,-1.3207
174.699,0.1601,-0.1110,0.0714,-0.1039,0.2086,-0.0338,0.9490,0.2921,20.3104,-1.3210
174.701,0.1751,-0.1100,0.0714,-0.0945,0.2086,-0.0338,0.9500,0.3015,20.3104,-1.3210
174.704,0.1556,-0.1100,0.0581,-0.0945,0.1900,-0.0338,0.9500,0.3015,20.3104,-1.3210
174.705,0.1556,-0.1176,0.0710,-0.0945,0.1900,-0.0322,0.9424,0.3015,20.3104,-1.3210
174.792,0.1556,-0.1176,0.0710,-0.1045,0.1967,-0.0277,0.9424,0.2915,20.3203,-1.3213
174.793,0.1731,-0.1120,0.0710,-0.0908,0.1967,-0.0277,0.9480,0.3052,20.3203,-1.3213
174.799,0.1539,-0.1120,0.0578,-0.0908,0.1782,-0.0277,0.9480,0.3052,20.3203,-1.3213
174.800,0.1539,-0.1187,0.0702,-0.0908,0.1782,-0.0256,0.9413,0.3052,20.3203,-1.3213
174.905,0.1539,-0.1187,0.0702,-0.1007,0.1849,-0.0212,0.9413,0.2953,20.3303,-1.3216
174.906,0.1739,-0.1081,0.0702,-0.0826,0.1849,-0.0212,0.9519,0.3134,20.3303,-1.3216
174.906,0.1554,-0.1081,0.0575,-0.0826,0.1671,-0.0212,0.9519,0.3134,20.3303,-1.3216
174.906,0.1554,-0.1140,0.0703,-0.0826,0.1671,-0.0182,0.9460,0.3134,20.3303,-1.3216
174.994,0.1554,-0.1140,0.0703,-0.0926,0.1738,-0.0139,0.9460,0.3034,20.3402,-1.3219
175.003,0.1749,-0.1020,0.0703,-0.0740,0.1738,-0.0139,0.9580,0.3220,20.3402,-1.3219
175.003,0.1565,-0.1020,0.0577,-0.0740,0.1561,-0.0139,0.9580,0.3220,20.3402,-1.3219
175.004,0.1565,-0.1060,0.0722,-0.0740,0.1561,-0.0085,0.9540,0.3220,20.3402,-1.3219
175.101,0.1565,-0.1060,0.0722,-0.0839,0.1628,-0.0043,0.9540,0.3121,20.3502,-1.3222
175.105,0.1740,-0.0965,0.0722,-0.0679,0.1628,-0.0043,0.9635,0.3281,20.3502,-1.3222
175.105,0.1549,-0.0965,0.0593,-0.0679,0.1446,-0.0043,0.9635,0.3281,20.3502,-1.3222
175.105,0.1549,-0.0967,0.0760,-0.0679,0.1446,0.0049,0.9633,0.3281,20.3502,-1.3222
175.189,0.1549,-0.0967,0.0760,-0.0778,0.1513,0.0090,0.9633,0.3182,20.3602,-1.3225
175.190,0.1722,-0.0879,0.0760,-0.0622,0.1513,0.0090,0.9721,0.3338,20.3602,-1.3225
175.191,0.1522,-0.0879,0.0625,-0.0622,0.1321,0.0090,0.9721,0.3338,20.3602,-1.3225
175.192,0.1522,-0.0845,0.0798,-0.0622,0.1321,0.0209,0.9755,0.3338,20.3602,-1.3225
175.284,0.1522,-0.0845,0.0798,-0.0721,0.1389,0.0250,0.9755,0.3239,20.3701,-1.3228
175.285,0.1704,-0.0724,0.0798,-0.0541,0.1389,0.0250,0.9876,0.3419,20.3701,-1.3228
175.285,0.1501,-0.0724,0.0663,-0.0541,0.1194,0.0250,0.9876,0.3419,20.3701,-1.3228
175.288,0.1501,-0.0670,0.0821,-0.0541,0.1194,0.0373,0.9930,0.3419,20.3701,-1.3228
175.389,0.1501,-0.0670,0.0821,-0.0541,0.1194,0.0373,0.9930,0.3419,20.3701,-1.3228
175.399,0.1501,-0.0670,0.0821,-0.0641,0.1262,0.0413,0.9930,0.3319,20.3801,-1.3231
175.401,0.1672,-0.0511,0.0821,-0.0449,0.1262,0.0413,1.0089,0.3511,20.3801,-1.3231
175.404,0.1475,-0.0511,0.0697,-0.0449,0.1075,0.0413,1.0089,0.3511,20.3801,-1.3231
175.404,0.1475,-0.0449,0.0834,-0.0449,0.1075,0.0530,1.0151,0.3511,20.3801,-1.3231
175.496,0.1475,-0.0449,0.0834,-0.0549,0.1143,0.0571,1.0151,0.3411,20.3901,-1.3234
175.496,0.1623,-0.0275,0.0834,-0.0365,0.1143,0.0571,1.0325,0.3595,20.3901,-1.3234
175.497,0.1437,-0.0275,0.0730,-0.0365,0.0972,0.0571,1.0325,0.3595,20.3901,-1.3234
175.497,0.1437,-0.0201,0.0856,-0.0365,0.0972,0.0688,1.0399,0.3595,20.3901,-1.3234
175.597,0.1437,-0.0201,0.0856,-0.0365,0.0972,0.0688,1.0399,0.3595,20.3901,-1.3234
175.599,0.1437,-0.0201,0.0856,-0.0464,0.1040,0.0729,1.0399,0.3496,20.4000,-1.3236
175.599,0.1576,-0.0025,0.0856,-0.0286,0.1040,0.0729,1.0575,0.3674,20.4000,-1.3236
175.600,0.1398,-0.0025,0.0781,-0.0286,0.0887,0.0729,1.0575,0.3674,20.4000,-1.3236
175.600,0.1398,0.0071,0.0901,-0.0286,0.0887,0.0857,1.0671,0.3674,20.4000,-1.3236
175.701,0.1398,0.0071,0.0901,-0.0286,0.0887,0.0857,1.0671,0.3674,20.4000,-1.3236
175.719,0.1398,0.0071,0.0901,-0.0386,0.0954,0.0899,1.0671,0.3574,20.4100,-1.3239
175.722,0.1538,0.0235,0.0901,-0.0213,0.0954,0.0899,1.0835,0.3747,20.4100,-1.3239
175.724,0.1364,0.0235,0.0856,-0.0213,0.0817,0.0899,1.0835,0.3747,20.4100,-1.3239
175.726,0.1364,0.0355,0.0961,-0.0213,0.0817,0.1031,1.0955,0.3747,20.4100,-1.3239
175.811,0.1364,0.0355,0.0961,-0.0313,0.0884,0.1074,1.0955,0.3647,20.4200,-1.3242
175.811,0.1501,0.0507,0.0961,-0.0147,0.0884,0.1074,1.1107,0.3813,20.4200,-1.3242
175.812,0.1334,0.0507,0.0942,-0.0147,0.0763,0.1074,1.1107,0.3813,20.4200,-1.3242
175.813,0.1334,0.0637,0.1018,-0.0147,0.0763,0.1196,1.1237,0.3813,20.4200,-1.3242
175.894,0.1334,0.0637,0.1018,-0.0247,0.0829,0.1240,1.1237,0.3713,20.4299,-1.3245
175.894,0.1455,0.0784,0.1018,-0.0095,0.0829,0.1240,1.1384,0.3865,20.4299,-1.3245
175.894,0.1296,0.0784,0.1011,-0.0095,0.0719,0.1240,1.1384,0.3865,20.4299,-1.3245
175.895,0.1296,0.0910,0.1062,-0.0095,0.0719,0.1346,1.1510,0.3865,20.4299,-1.3245
175.987,0.1296,0.0910,0.1062,-0.0194,0.0785,0.1391,1.1510,0.3766,20.4399,-1.3248
175.988,0.1396,0.1056,0.1062,-0.0056,0.0785,0.1391,1.1656,0.3904,20.4399,-1.3248
175.990,0.1242,0.1056,0.1066,-0.0056,0.0682,0.1391,1.1656,0.3904,20.4399,-1.3248
175.991,0.1242,0.1175,0.1107,-0.0056,0.0682,0.1487,1.1707,0.3904,20.4399,-1.3248
176.084,0.1242,0.1175,0.1107,-0.0155,0.0748,0.1534,1.1707,0.3805,20.4498,-1.3251
176.086,0.1330,0.1323,0.1107,-0.0024,0.0748,0.1534,1.1707,0.3936,20.4498,-1.3251
176.087,0.1183,0.1323,0.1130,-0.0024,0.0659,0.1534,1.1730,0.3936,20.4498,-1.3251
176.088,0.1183,0.1433,0.1171,-0.0024,0.0659,0.1624,1.1771,0.3936,20.4498,-1.3251
176.188,0.1183,0.1433,0.1171,-0.0024,0.0659,0.1624,1.1771,0.3936,20.4498,-1.3251
176.196,0.1183,0.1433,0.1171,-0.0123,0.0724,0.1672,1.1771,0.3837,20.4598,-1.3254
176.199,0.1271,0.1583,0.1171,0.0011,0.0724,0.1672,1.1771,0.3971,20.4598,-1.3254
176.200,0.1135,0.1583,0.1219,0.0011,0.0654,0.1672,1.1735,0.3971,20.4598,-1.3254
176.201,0.1135,0.1686,0.1258,0.0011,0.0654,0.1757,1.1735,0.3971,20.4598,-1.3254
176.300,0.1135,0.1686,0.1258,-0.0089,0.0718,0.1806,1.1735,0.3871,20.4698,-1.3257
176.301,0.1214,0.1831,0.1258,0.0037,0.0718,0.1806,1.1814,0.3997,20.4698,-1.3257
176.306,0.1091,0.1831,0.1329,0.0037,0.0670,0.1806,1.1691,0.3997,20.4698,-1.3257
176.307,0.1091,0.1938,0.1350,0.0037,0.0670,0.1884,1.1691,0.3997,20.4698,-1.3257
176.408,0.1091,0.1938,0.1350,0.0037,0.0670,0.1884,1.1691,0.3997,20.4698,-1.3257
176.424,0.1091,0.1938,0.1350,-0.0063,0.0733,0.1935,1.1691,0.3897,20.4797,-1.3259
176.425,0.1152,0.2079,0.1350,0.0052,0.0733,0.1935,1.1752,0.4012,20.4797,-1.3259
176.426,0.1042,0.2079,0.1438,0.0052,0.0701,0.1935,1.1642,0.4012,20.4797,-1.3259
176.427,0.1042,0.2196,0.1432,0.0052,0.0701,0.2006,1.1642,0.4012,20.4797,-1.3259
176.508,0.1042,0.2196,0.1432,-0.0048,0.0764,0.2058,1.1642,0.3912,20.4897,-1.3262
176.509,0.1092,0.2340,0.1432,0.0062,0.0764,0.2058,1.1692,0.4022,20.4897,-1.3262
176.510,0.0992,0.2340,0.1529,0.0062,0.0744,0.2058,1.1592,0.4022,20.4897,-1.3262
176.510,0.0992,0.2455,0.1508,0.0062,0.0744,0.2122,1.1592,0.4022,20.4897,-1.3262
176.595,0.0992,0.2455,0.1508,-0.0037,0.0805,0.2176,1.1592,0.3923,20.4997,-1.3265
176.603,0.1050,0.2607,0.1508,0.0083,0.0805,0.2176,1.1650,0.4043,20.4997,-1.3265
176.604,0.0959,0.2607,0.1606,0.0083,0.0793,0.2176,1.1559,0.4043,20.4997,-1.3265
176.604,0.0959,0.2708,0.1582,0.0083,0.0793,0.2231,1.1559,0.4043,20.4997,-1.3265
176.692,0.0959,0.2708,0.1582,-0.0016,0.0853,0.2287,1.1559,0.3944,20.5096,-1.3268
176.693,0.1033,0.2870,0.1582,0.0121,0.0853,0.2287,1.1633,0.4081,20.5096,-1.3268
176.694,0.0948,0.2870,0.1676,0.0121,0.0843,0.2287,1.1548,0.4081,20.5096,-1.3268
176.694,0.0948,0.2955,0.1655,0.0121,0.0843,0.2333,1.1548,0.4081,20.5096,-1.3268
176.795,0.0948,0.2955,0.1655,0.0021,0.0903,0.2391,1.1548,0.3981,20.5196,-1.3271
176.796,0.1023,0.3122,0.1655,0.0162,0.0903,0.2391,1.1623,0.4122,20.5196,-1.3271
176.796,0.0938,0.3122,0.1751,0.0162,0.0894,0.2391,1.1538,0.4122,20.5196,-1.3271
176.800,0.0938,0.3195,0.1726,0.0162,0.0894,0.2428,1.1538,0.4122,20.5196,-1.3271
176.890,0.0938,0.3195,0.1726,0.0063,0.0953,0.2487,1.1538,0.4023,20.5296,-1.3274
176.892,0.0997,0.3359,0.1726,0.0195,0.0953,0.2487,1.1597,0.4155,20.5296,-1.3274
176.894,0.0909,0.3359,0.1833,0.0195,0.0949,0.2487,1.1509,0.4155,20.5296,-1.3274
176.896,0.0909,0.3426,0.1790,0.0195,0.0949,0.2513,1.1509,0.4155,20.5296,-1.3274
176.996,0.0909,0.3426,0.1790,0.0195,0.0949,0.2513,1.1509,0.4155,20.5296,-1.3274
177.001,0.0909,0.3426,0.1790,0.0096,0.1007,0.2574,1.1509,0.4056,20.5395,-1.3277
177.001,0.0944,0.3578,0.1790,0.0210,0.1007,0.2574,1.1544,0.4170,20.5395,-1.3277
177.001,0.0860,0.3578,0.1898,0.0210,0.1006,0.2574,1.1460,0.4170,20.5395,-1.3277
177.015,0.0860,0.3640,0.1824,0.0210,0.1006,0.2585,1.1460,0.4170,20.5395,-1.3277
177.115,0.0860,0.3640,0.1824,0.0210,0.1006,0.2585,1.1460,0.4170,20.5395,-1.3277
177.127,0.0860,0.3640,0.1824,0.0111,0.1064,0.2647,1.1460,0.4071,20.5495,-1.3280
177.127,0.0885,0.3778,0.1824,0.0212,0.1064,0.2647,1.1485,0.4172,20.5495,-1.3280
177.128,0.0810,0.3778,0.1924,0.0212,0.1065,0.2647,1.1410,0.4172,20.5495,-1.3280
177.128,0.0810,0.3826,0.1825,0.0212,0.1065,0.2640,1.1410,0.4172,20.5495,-1.3280
177.228,0.0810,0.3826,0.1825,0.0212,0.1065,0.2640,1.1410,0.4172,20.5495,-1.3280
177.243,0.0810,0.3826,0.1825,0.0114,0.1122,0.2704,1.1410,0.4074,20.5595,-1.3283
177.243,0.0845,0.3961,0.1825,0.0219,0.1122,0.2704,1.1445,0.4179,20.5595,-1.3283
177.243,0.0773,0.3961,0.1924,0.0219,0.1125,0.2704,1.1373,0.4179,20.5595,-1.3283
177.244,0.0773,0.3986,0.1821,0.0219,0.1125,0.2682,1.1373,0.4179,20.5595,-1.3283
177.344,0.0773,0.3986,0.1821,0.0219,0.1125,0.2682,1.1373,0.4179,20.5595,-1.3283
177.347,0.0773,0.3986,0.1821,0.0120,0.1182,0.2747,1.1373,0.4080,20.5694,-1.3285
177.348,0.0813,0.4111,0.1821,0.0223,0.1182,0.2747,1.1413,0.4183,20.5694,-1.3285
177.348,0.0733,0.4111,0.1937,0.0223,0.1189,0.2747,1.1333,0.4183,20.5694,-1.3285
177.348,0.0733,0.4122,0.1841,0.0223,0.1189,0.2719,1.1333,0.4183,20.5694,-1.3285
177.427,0.0733,0.4122,0.1841,0.0125,0.1245,0.2785,1.1333,0.4085,20.5794,-1.3288
177.428,0.0764,0.4231,0.1841,0.0213,0.1245,0.2785,1.1364,0.4173,20.5794,-1.3288
177.429,0.0676,0.4231,0.1972,0.0213,0.1255,0.2785,1.1276,0.4173,20.5794,-1.3288
177.429,0.0676,0.4232,0.1868,0.0213,0.1255,0.2749,1.1276,0.4173,20.5794,-1.3288
177.513,0.0676,0.4232,0.1868,0.0115,0.1309,0.2816,1.1276,0.4075,20.5893,-1.3291
177.513,0.0695,0.4325,0.1868,0.0188,0.1309,0.2816,1.1295,0.4148,20.5893,-1.3291
177.514,0.0606,0.4325,0.1990,0.0188,0.1314,0.2816,1.1206,0.4148,20.5893,-1.3291
177.516,0.0606,0.4317,0.1859,0.0188,0.1314,0.2765,1.1206,0.4148,20.5893,-1.3291
177.601,0.0606,0.4317,0.1859,0.0090,0.1369,0.2834,1.1206,0.4050,20.5993,-1.3294
177.603,0.0626,0.4397,0.1859,0.0155,0.1369,0.2834,1.1226,0.4115,20.5993,-1.3294
177.604,0.0536,0.4397,0.1959,0.0155,0.1362,0.2834,1.1136,0.4115,20.5993,-1.3294
177.604,0.0536,0.4381,0.1801,0.0155,0.1362,0.2769,1.1136,0.4115,20.5993,-1.3294
177.704,0.0536,0.4381,0.1801,0.0155,0.1362,0.2769,1.1136,0.4115,20.5993,-1.3294
177.724,0.0536,0.4381,0.1801,0.0057,0.1415,0.2840,1.1136,0.4017,20.6093,-1.3297
177.725,0.0563,0.4442,0.1801,0.0112,0.1415,0.2840,1.1163,0.4072,20.6093,-1.3297
177.725,0.0464,0.4442,0.1905,0.0112,0.1403,0.2840,1.1064,0.4072,20.6093,-1.3297
177.726,0.0464,0.4425,0.1745,0.0112,0.1403,0.2777,1.1064,0.4072,20.6093,-1.3297
177.798,0.0464,0.4425,0.1745,0.0015,0.1456,0.2849,1.1064,0.3975,20.6192,-1.3300
177.799,0.0498,0.4455,0.1745,0.0049,0.1456,0.2849,1.1098,0.4009,20.6192,-1.3300
177.800,0.0394,0.4455,0.1870,0.0049,0.1452,0.2849,1.0994,0.4009,20.6192,-1.3300
177.800,0.0394,0.4433,0.1722,0.0049,0.1452,0.2786,1.0994,0.4009,20.6192,-1.3300
177.891,0.0394,0.4433,0.1722,-0.0049,0.1504,0.2860,1.0994,0.3911,20.6292,-1.3303
177.892,0.0416,0.4412,0.1722,-0.0056,0.1504,0.2860,1.1016,0.3904,20.6292,-1.3303
177.892,0.0319,0.4412,0.1855,-0.0056,0.1509,0.2860,1.0919,0.3904,20.6292,-1.3303
177.893,0.0319,0.4379,0.1718,-0.0056,0.1509,0.2793,1.0919,0.3904,20.6292,-1.3303
177.993,0.0319,0.4379,0.1718,-0.0056,0.1509,0.2793,1.0919,0.3904,20.6292,-1.3303
177.995,0.0319,0.4379,0.1718,-0.0154,0.1560,0.2868,1.0919,0.3806,20.6392,-1.3306
177.995,0.0311,0.4306,0.1718,-0.0211,0.1560,0.2868,1.0911,0.3749,20.6392,-1.3306
177.995,0.0221,0.4306,0.1843,-0.0211,0.1564,0.2868,1.0821,0.3749,20.6392,-1.3306
177.995,0.0221,0.4258,0.1707,-0.0211,0.1564,0.2790,1.0821,0.3749,20.6392,-1.3306
178.096,0.0221,0.4258,0.1707,-0.0211,0.1564,0.2790,1.0821,0.3749,20.6392,-1.3306
178.115,0.0221,0.4258,0.1707,-0.0309,0.1614,0.2866,1.0821,0.3651,20.6491,-1.3308
178.122,0.0192,0.4165,0.1707,-0.0390,0.1614,0.2866,1.0792,0.3570,20.6491,-1.3308
178.123,0.0101,0.4165,0.1821,-0.0390,0.1612,0.2866,1.0701,0.3570,20.6491,-1.3308
178.123,0.0101,0.4097,0.1676,-0.0390,0.1612,0.2772,1.0701,0.3570,20.6491,-1.3308
178.223,0.0101,0.4097,0.1676,-0.0390,0.1612,0.2772,1.0701,0.3570,20.6491,-1.3308
178.237,0.0101,0.4097,0.1676,-0.0488,0.1661,0.2849,1.0701,0.3472,20.6591,-1.3311
178.241,0.0080,0.4023,0.1676,-0.0553,0.1661,0.2849,1.0680,0.3407,20.6591,-1.3311
178.241,-0.0017,0.4023,0.1786,-0.0553,0.1651,0.2849,1.0583,0.3407,20.6591,-1.3311
178.241,-0.0017,0.3942,0.1629,-0.0553,0.1651,0.2742,1.0583,0.3407,20.6591,-1.3311
178.342,-0.0017,0.3942,0.1629,-0.0553,0.1651,0.2742,1.0583,0.3407,20.6591,-1.3311
178.351,-0.0017,0.3942,0.1629,-0.0650,0.1700,0.2820,1.0583,0.3310,20.6691,-1.3314
178.360,-0.0011,0.3889,0.1629,-0.0690,0.1700,0.2820,1.0589,0.3270,20.6691,-1.3314
178.360,-0.0112,0.3889,0.1743,-0.0690,0.1689,0.2820,1.0488,0.3270,20.6691,-1.3314
178.360,-0.0112,0.3804,0.1583,-0.0690,0.1689,0.2709,1.0488,0.3270,20.6691,-1.3314
178.446,-0.0112,0.3804,0.1583,-0.0788,0.1737,0.2788,1.0488,0.3172,20.6790,-1.3317
178.446,-0.0086,0.3735,0.1583,-0.0833,0.1737,0.2788,1.0514,0.3127,20.6790,-1.3317
178.446,-0.0186,0.3735,0.1710,-0.0833,0.1732,0.2788,1.0414,0.3127,20.6790,-1.3317
178.446,-0.0186,0.3647,0.1550,-0.0833,0.1732,0.2676,1.0414,0.3127,20.6790,-1.3317
178.513,-0.0186,0.3647,0.1550,-0.0932,0.1779,0.2756,1.0414,0.3028,20.6890,-1.3320
178.514,-0.0149,0.3539,0.1550,-0.1004,0.1779,0.2756,1.0451,0.2956,20.6890,-1.3320
178.514,-0.0243,0.3539,0.1682,-0.1004,0.1780,0.2756,1.0357,0.2956,20.6890,-1.3320
178.514,-0.0243,0.3445,0.1524,-0.1004,0.1780,0.2639,1.0357,0.2956,20.6890,-1.3320
178.614,-0.0243,0.3445,0.1524,-0.1004,0.1780,0.2639,1.0357,0.2956,20.6890,-1.3320
178.615,-0.0243,0.3445,0.1524,-0.1103,0.1826,0.2720,1.0357,0.2857,20.6989,-1.3322
178.615,-0.0209,0.3316,0.1524,-0.1192,0.1826,0.2720,1.0391,0.2768,20.6989,-1.3322
178.615,-0.0297,0.3316,0.1645,-0.1192,0.1824,0.2720,1.0303,0.2768,20.6989,-1.3322
178.616,-0.0297,0.3211,0.1485,-0.1192,0.1824,0.2593,1.0303,0.2768,20.6989,-1.3322
178.710,-0.0297,0.3211,0.1485,-0.1291,0.1869,0.2675,1.0303,0.2669,20.7089,-1.3325
178.711,-0.0277,0.3091,0.1485,-0.1378,0.1869,0.2675,1.0323,0.2582,20.7089,-1.3325
178.711,-0.0373,0.3091,0.1589,-0.1378,0.1851,0.2675,1.0227,0.2582,20.7089,-1.3325
178.711,-0.0373,0.2972,0.1423,-0.1378,0.1851,0.2536,1.0227,0.2582,20.7089,-1.3325
178.792,-0.0373,0.2972,0.1423,-0.1477,0.1896,0.2618,1.0227,0.2483,20.7189,-1.3328
178.793,-0.0357,0.2869,0.1423,-0.1552,0.1896,0.2618,1.0243,0.2408,20.7189,-1.3328
178.794,-0.0475,0.2869,0.1511,-0.1552,0.1854,0.2618,1.0125,0.2408,20.7189,-1.3328
178.795,-0.0475,0.2738,0.1341,-0.1552,0.1854,0.2468,1.0125,0.2408,20.7189,-1.3328
178.894,-0.0475,0.2738,0.1341,-0.1651,0.1897,0.2551,1.0125,0.2309,20.7288,-1.3331
178.895,-0.0425,0.2667,0.1341,-0.1691,0.1897,0.2551,1.0175,0.2269,20.7288,-1.3331
178.897,-0.0560,0.2667,0.1419,-0.1691,0.1837,0.2551,1.0040,0.2269,20.7288,-1.3331
178.899,-0.0560,0.2531,0.1250,-0.1691,0.1837,0.2398,1.0040,0.2269,20.7288,-1.3331
178.999,-0.0560,0.2531,0.1250,-0.1691,0.1837,0.2398,1.0040,0.2269,20.7288,-1.3331
179.015,-0.0560,0.2531,0.1250,-0.1790,0.1880,0.2482,1.0040,0.2170,20.7388,-1.3334
179.017,-0.0449,0.2499,0.1250,-0.1777,0.1880,0.2482,1.0151,0.2183,20.7388,-1.3334
179.021,-0.0581,0.2499,0.1327,-0.1777,0.1821,0.2482,1.0019,0.2183,20.7388,-1.3334
179.024,-0.0581,0.2365,0.1161,-0.1777,0.1821,0.2331,1.0019,0.2183,20.7388,-1.3334
179.124,-0.0581,0.2365,0.1161,-0.1777,0.1821,0.2331,1.0019,0.2183,20.7388,-1.3334
179.127,-0.0581,0.2365,0.1161,-0.1876,0.1863,0.2415,1.0019,0.2084,20.7488,-1.3337
179.129,-0.0435,0.2361,0.1161,-0.1828,0.1863,0.2415,1.0165,0.2132,20.7488,-1.3337
179.131,-0.0567,0.2361,0.1227,-0.1828,0.1798,0.2415,1.0033,0.2132,20.7488,-1.3337
179.134,-0.0567,0.2229,0.1064,-0.1828,0.1798,0.2266,1.0033,0.2132,20.7488,-1.3337
179.222,-0.0567,0.2229,0.1064,-0.1928,0.1839,0.2351,1.0033,0.2032,20.7587,-1.3339
179.223,-0.0433,0.2228,0.1064,-0.1881,0.1839,0.2351,1.0167,0.2079,20.7587,-1.3339
179.224,-0.0584,0.2228,0.1107,-0.1881,0.1750,0.2351,1.0016,0.2079,20.7587,-1.3339
179.225,-0.0584,0.2096,0.0945,-0.1881,0.1750,0.2201,1.0016,0.2079,20.7587,-1.3339
179.300,-0.0584,0.2096,0.0945,-0.1980,0.1791,0.2287,1.0016,0.1980,20.7687,-1.3342
179.301,-0.0471,0.2093,0.0945,-0.1942,0.1791,0.2287,1.0129,0.2018,20.7687,-1.3342
179.304,-0.0647,0.2093,0.0966,-0.1942,0.1671,0.2287,0.9953,0.2018,20.7687,-1.3342
179.306,-0.0647,0.1959,0.0805,-0.1942,0.1671,0.2136,0.9953,0.2018,20.7687,-1.3342
179.390,-0.0647,0.1959,0.0805,-0.2041,0.1712,0.2222,0.9953,0.1919,20.7787,-1.3345
179.390,-0.0529,0.1965,0.0805,-0.1993,0.1712,0.2222,1.0071,0.1967,20.7787,-1.3345
179.402,-0.0722,0.1965,0.0809,-0.1993,0.1572,0.2222,0.9878,0.1967,20.7787,-1.3345
179.402,-0.0722,0.1830,0.0650,-0.1993,0.1572,0.2070,0.9878,0.1967,20.7787,-1.3345
179.493,-0.0722,0.1830,0.0650,-0.2092,0.1611,0.2156,0.9878,0.1868,20.7886,-1.3348
179.493,-0.0572,0.1862,0.0650,-0.2012,0.1611,0.2156,1.0028,0.1948,20.7886,-1.3348
179.494,-0.0769,0.1862,0.0644,-0.2012,0.1463,0.2156,0.9831,0.1948,20.7886,-1.3348
179.494,-0.0769,0.1726,0.0487,-0.2012,0.1463,0.2004,0.9831,0.1948,20.7886,-1.3348
179.588,-0.0769,0.1726,0.0487,-0.2111,0.1503,0.2091,0.9831,0.1849,20.7986,-1.3351
179.590,-0.0583,0.1792,0.0487,-0.1990,0.1503,0.2091,1.0017,0.1970,20.7986,-1.3351
179.591,-0.0772,0.1792,0.0479,-0.1990,0.1359,0.2091,0.9828,0.1970,20.7986,-1.3351
179.593,-0.0772,0.1655,0.0322,-0.1990,0.1359,0.1938,0.9828,0.1970,20.7986,-1.3351
179.693,-0.0772,0.1655,0.0322,-0.2090,0.1398,0.2026,0.9828,0.1870,20.8086,-1.3353
179.693,-0.0577,0.1746,0.0322,-0.1946,0.1398,0.2026,1.0023,0.2014,20.8086,-1.3353
179.694,-0.0766,0.1746,0.0306,-0.1946,0.1249,0.2026,0.9834,0.2014,20.8086,-1.3353
179.696,-0.0766,0.1606,0.0146,-0.1946,0.1249,0.1869,0.9834,0.2014,20.8086,-1.3353
179.786,-0.0766,0.1606,0.0146,-0.2045,0.1288,0.1957,0.9834,0.1915,20.8185,-1.3356
179.788,-0.0591,0.1696,0.0146,-0.1910,0.1288,0.1957,1.0009,0.2050,20.8185,-1.3356
179.790,-0.0796,0.1696,0.0110,-0.1910,0.1119,0.1957,0.9804,0.2050,20.8185,-1.3356
179.791,-0.0796,0.1553,-0.0054,-0.1910,0.1119,0.1797,0.9804,0.2050,20.8185,-1.3356
179.893,-0.0796,0.1553,-0.0054,-0.1910,0.1119,0.1797,0.9804,0.2050,20.8185,-1.3356
179.897,-0.0796,0.1553,-0.0054,-0.2010,0.1158,0.1885,0.9804,0.1950,20.8285,-1.3359
179.906,-0.0637,0.1642,-0.0054,-0.1881,0.1158,0.1885,0.9963,0.2079,20.8285,-1.3359
179.906,-0.0848,0.1642,-0.0110,-0.1881,0.0973,0.1885,0.9752,0.2079,20.8285,-1.3359
179.907,-0.0848,0.1497,-0.0278,-0.1881,0.0973,0.1721,0.9752,0.2079,20.8285,-1.3359
179.993,-0.0848,0.1497,-0.0278,-0.1980,0.1012,0.1810,0.9752,0.1980,20.8385,-1.3362
179.994,-0.0681,0.1604,-0.0278,-0.1835,0.1012,0.1810,0.9919,0.2125,20.8385,-1.3362
179.996,-0.0881,0.1604,-0.0336,-0.1835,0.0835,0.1810,0.9719,0.2125,20.8385,-1.3362
179.996,-0.0881,0.1458,-0.0506,-0.1835,0.0835,0.1645,0.9719,0.2125,20.8385,-1.3362
180.083,-0.0881,0.1458,-0.0506,-0.1934,0.0873,0.1735,0.9719,0.2026,20.8484,-1.3365
