t,e0,e1,e2,e3,e4,e5,min_surf_gg,min_surf_pg,Lx,Ly
0.041,0.4329,0.0573,0.4456,-0.0296,0.5100,0.0490,1.1173,0.3664,2.8484,0.0184
0.119,0.4329,0.0573,0.4456,-0.0395,0.5158,0.0540,1.1173,0.3565,2.8583,0.0183
0.121,0.4493,0.0570,0.4456,-0.0310,0.5158,0.0540,1.1170,0.3650,2.8583,0.0183
0.121,0.4397,0.0570,0.4507,-0.0310,0.5127,0.0540,1.1170,0.3650,2.8583,0.0183
0.121,0.4397,0.0687,0.4641,-0.0310,0.5127,0.0687,1.1287,0.3650,2.8583,0.0183
0.200,0.4397,0.0687,0.4641,-0.0409,0.5184,0.0737,1.1287,0.3551,2.8683,0.0182
0.201,0.4556,0.0671,0.4641,-0.0335,0.5184,0.0737,1.1271,0.3625,2.8683,0.0182
0.202,0.4452,0.0671,0.4685,-0.0335,0.5144,0.0737,1.1271,0.3625,2.8683,0.0182
0.203,0.4452,0.0786,0.4813,-0.0335,0.5144,0.0879,1.1386,0.3625,2.8683,0.0182
0.289,0.4452,0.0786,0.4813,-0.0434,0.5200,0.0930,1.1386,0.3526,2.8782,0.0180
0.290,0.4602,0.0761,0.4813,-0.0368,0.5200,0.0930,1.1361,0.3592,2.8782,0.0180
0.292,0.4497,0.0761,0.4855,-0.0368,0.5158,0.0930,1.1361,0.3592,2.8782,0.0180
0.294,0.4497,0.0871,0.4975,-0.0368,0.5158,0.1064,1.1471,0.3592,2.8782,0.0180
0.371,0.4497,0.0871,0.4975,-0.0467,0.5214,0.1115,1.1471,0.3493,2.8881,0.0178
0.372,0.4642,0.0840,0.4975,-0.0406,0.5214,0.1115,1.1440,0.3554,2.8881,0.0178
0.374,0.4537,0.0840,0.5016,-0.0406,0.5170,0.1115,1.1440,0.3554,2.8881,0.0178
0.376,0.4537,0.0945,0.5125,-0.0406,0.5170,0.1241,1.1545,0.3554,2.8881,0.0178
0.454,0.4537,0.0945,0.5125,-0.0505,0.5225,0.1292,1.1545,0.3455,2.8980,0.0176
0.455,0.4675,0.0909,0.5125,-0.0449,0.5225,0.1292,1.1509,0.3511,2.8980,0.0176
0.457,0.4569,0.0909,0.5162,-0.0449,0.5177,0.1292,1.1509,0.3511,2.8980,0.0176
0.459,0.4569,0.1013,0.5259,-0.0449,0.5177,0.1411,1.1613,0.3511,2.8980,0.0176
0.560,0.4569,0.1013,0.5259,-0.0449,0.5177,0.1411,1.1613,0.3511,2.8980,0.0176
0.561,0.4569,0.1013,0.5259,-0.0548,0.5232,0.1464,1.1613,0.3412,2.9079,0.0175
0.562,0.4697,0.0975,0.5259,-0.0498,0.5232,0.1464,1.1575,0.3462,2.9079,0.0175
0.564,0.4588,0.0975,0.5294,-0.0498,0.5181,0.1464,1.1575,0.3462,2.9079,0.0175
0.565,0.4588,0.1084,0.5376,-0.0498,0.5181,0.1578,1.1684,0.3462,2.9079,0.0175
0.666,0.4588,0.1084,0.5376,-0.0598,0.5234,0.1632,1.1684,0.3362,2.9178,0.0173
0.666,0.4588,0.1084,0.5376,-0.0598,0.5234,0.1632,1.1684,0.3362,2.9178,0.0173
0.667,0.4708,0.1042,0.5376,-0.0553,0.5234,0.1632,1.1642,0.3407,2.9178,0.0173
0.669,0.4597,0.1042,0.5407,-0.0553,0.5179,0.1632,1.1642,0.3407,2.9178,0.0173
0.671,0.4597,0.1152,0.5477,-0.0553,0.5179,0.1742,1.1752,0.3407,2.9178,0.0173
0.771,0.4597,0.1152,0.5477,-0.0553,0.5179,0.1742,1.1752,0.3407,2.9178,0.0173
0.778,0.4597,0.1152,0.5477,-0.0652,0.5232,0.1796,1.1752,0.3308,2.9277,0.0172
0.778,0.4707,0.1110,0.5477,-0.0613,0.5232,0.1796,1.1710,0.3347,2.9277,0.0172
0.779,0.4593,0.1110,0.5503,-0.0613,0.5172,0.1796,1.1710,0.3347,2.9277,0.0172
0.780,0.4593,0.1208,0.5572,-0.0613,0.5172,0.1897,1.1808,0.3347,2.9277,0.0172
0.862,0.4593,0.1208,0.5572,-0.0712,0.5225,0.1952,1.1808,0.3248,2.9376,0.0170
0.862,0.4692,0.1166,0.5572,-0.0678,0.5225,0.1952,1.1766,0.3282,2.9376,0.0170
0.862,0.4574,0.1166,0.5591,-0.0678,0.5158,0.1952,1.1766,0.3282,2.9376,0.0170
0.863,0.4574,0.1249,0.5661,-0.0678,0.5158,0.2042,1.1849,0.3282,2.9376,0.0170
0.964,0.4574,0.1249,0.5661,-0.0678,0.5158,0.2042,1.1849,0.3282,2.9376,0.0170
0.982,0.4574,0.1249,0.5661,-0.0777,0.5210,0.2097,1.1849,0.3183,2.9475,0.0168
0.983,0.4666,0.1208,0.5661,-0.0745,0.5210,0.2097,1.1808,0.3215,2.9475,0.0168
0.984,0.4543,0.1208,0.5674,-0.0745,0.5136,0.2097,1.1808,0.3215,2.9475,0.0168
0.985,0.4543,0.1278,0.5738,-0.0745,0.5136,0.2176,1.1878,0.3215,2.9475,0.0168
1.074,0.4543,0.1278,0.5738,-0.0844,0.5188,0.2232,1.1878,0.3116,2.9574,0.0167
1.075,0.4639,0.1248,0.5738,-0.0803,0.5188,0.2232,1.1848,0.3157,2.9574,0.0167
1.075,0.4509,0.1248,0.5741,-0.0803,0.5105,0.2232,1.1848,0.3157,2.9574,0.0167
1.075,0.4509,0.1310,0.5792,-0.0803,0.5105,0.2299,1.1910,0.3157,2.9574,0.0167
1.156,0.4509,0.1310,0.5792,-0.0901,0.5156,0.2356,1.1910,0.3059,2.9673,0.0165
1.158,0.4620,0.1308,0.5792,-0.0833,0.5156,0.2356,1.1908,0.3127,2.9673,0.0165
1.160,0.4482,0.1308,0.5785,-0.0833,0.5062,0.2356,1.1908,0.3127,2.9673,0.0165
1.160,0.4482,0.1364,0.5819,-0.0833,0.5062,0.2411,1.1964,0.3127,2.9673,0.0165
1.261,0.4482,0.1364,0.5819,-0.0833,0.5062,0.2411,1.1964,0.3127,2.9673,0.0165
1.265,0.4482,0.1364,0.5819,-0.0932,0.5113,0.2469,1.1964,0.3028,2.9773,0.0164
1.265,0.4611,0.1398,0.5819,-0.0830,0.5113,0.2469,1.1998,0.3130,2.9773,0.0164
1.266,0.4468,0.1398,0.5804,-0.0830,0.5012,0.2469,1.1998,0.3130,2.9773,0.0164
1.266,0.4468,0.1441,0.5819,-0.0830,0.5012,0.2506,1.2041,0.3130,2.9773,0.0164
1.361,0.4468,0.1441,0.5819,-0.0929,0.5062,0.2564,1.2041,0.3031,2.9872,0.0162
1.361,0.4597,0.1493,0.5819,-0.0816,0.5062,0.2564,1.2093,0.3144,2.9872,0.0162
1.361,0.4449,0.1493,0.5797,-0.0816,0.4955,0.2564,1.2093,0.3144,2.9872,0.0162
1.362,0.4449,0.1509,0.5783,-0.0816,0.4955,0.2568,1.2109,0.3144,2.9872,0.0162
1.455,0.4449,0.1509,0.5783,-0.0914,0.5005,0.2627,1.2109,0.3046,2.9971,0.0160
1.456,0.4562,0.1567,0.5783,-0.0809,0.5005,0.2627,1.2167,0.3151,2.9971,0.0160
1.457,0.4409,0.1567,0.5753,-0.0809,0.4890,0.2627,1.2167,0.3151,2.9971,0.0160
1.458,0.4409,0.1544,0.5715,-0.0809,0.4890,0.2593,1.2144,0.3151,2.9971,0.0160
1.558,0.4409,0.1544,0.5715,-0.0809,0.4890,0.2593,1.2144,0.3151,2.9971,0.0160
1.563,0.4409,0.1544,0.5715,-0.0907,0.4940,0.2653,1.2144,0.3053,3.0070,0.0158
1.563,0.4516,0.1625,0.5715,-0.0792,0.4940,0.2653,1.2225,0.3168,3.0070,0.0158
1.564,0.4355,0.1625,0.5675,-0.0792,0.4816,0.2653,1.2225,0.3168,3.0070,0.0158
1.565,0.4355,0.1578,0.5633,-0.0792,0.4816,0.2601,1.2178,0.3168,3.0070,0.0158
1.659,0.4355,0.1578,0.5633,-0.0890,0.4866,0.2661,1.2178,0.3070,3.0169,0.0157
1.660,0.4481,0.1705,0.5633,-0.0736,0.4866,0.2661,1.2305,0.3224,3.0169,0.0157
1.660,0.4313,0.1705,0.5582,-0.0736,0.4731,0.2661,1.2305,0.3224,3.0169,0.0157
1.662,0.4313,0.1660,0.5551,-0.0736,0.4731,0.2616,1.2260,0.3224,3.0169,0.0157
1.763,0.4313,0.1660,0.5551,-0.0736,0.4731,0.2616,1.2260,0.3224,3.0169,0.0157
1.784,0.4313,0.1660,0.5551,-0.0835,0.4781,0.2677,1.2260,0.3125,3.0268,0.0155
1.784,0.4455,0.1810,0.5551,-0.0658,0.4781,0.2677,1.2410,0.3302,3.0268,0.0155
1.785,0.4281,0.1810,0.5491,-0.0658,0.4638,0.2677,1.2410,0.3302,3.0268,0.0155
1.786,0.4281,0.1768,0.5461,-0.0658,0.4638,0.2634,1.2368,0.3302,3.0268,0.0155
1.879,0.4281,0.1768,0.5461,-0.0756,0.4688,0.2696,1.2368,0.3204,3.0367,0.0154
1.880,0.4421,0.1909,0.5461,-0.0587,0.4688,0.2696,1.2509,0.3373,3.0367,0.0154
1.880,0.4242,0.1909,0.5391,-0.0587,0.4538,0.2696,1.2509,0.3373,3.0367,0.0154
1.881,0.4242,0.1852,0.5333,-0.0587,0.4538,0.2629,1.2452,0.3373,3.0367,0.0154
1.959,0.4242,0.1852,0.5333,-0.0685,0.4587,0.2691,1.2452,0.3275,3.0466,0.0152
1.960,0.4380,0.1993,0.5333,-0.0517,0.4587,0.2691,1.2593,0.3443,3.0466,0.0152
1.962,0.4195,0.1993,0.5252,-0.0517,0.4428,0.2691,1.2593,0.3443,3.0466,0.0152
1.964,0.4195,0.1910,0.5158,-0.0517,0.4428,0.2590,1.2510,0.3443,3.0466,0.0152
2.065,0.4195,0.1910,0.5158,-0.0517,0.4428,0.2590,1.2510,0.3443,3.0466,0.0152
2.067,0.4195,0.1910,0.5158,-0.0615,0.4477,0.2653,1.2510,0.3345,3.0565,0.0150
2.083,0.4334,0.2068,0.5158,-0.0437,0.4477,0.2653,1.2668,0.3523,3.0565,0.0150
2.085,0.4146,0.2068,0.5068,-0.0437,0.4312,0.2653,1.2668,0.3523,3.0565,0.0150
2.087,0.4146,0.1971,0.4959,-0.0437,0.4312,0.2534,1.2571,0.3523,3.0565,0.0150
2.166,0.4146,0.1971,0.4959,-0.0535,0.4361,0.2597,1.2571,0.3425,3.0664,0.0149
2.166,0.4279,0.2144,0.4959,-0.0353,0.4361,0.2597,1.2744,0.3607,3.0664,0.0149
2.167,0.4089,0.2144,0.4863,-0.0353,0.4192,0.2597,1.2744,0.3607,3.0664,0.0149
2.168,0.4089,0.2049,0.4763,-0.0353,0.4192,0.2485,1.2649,0.3607,3.0664,0.0149
2.264,0.4089,0.2049,0.4763,-0.0451,0.4241,0.2549,1.2649,0.3509,3.0763,0.0147
2.281,0.4210,0.2222,0.4763,-0.0276,0.4241,0.2549,1.2822,0.3684,3.0763,0.0147
2.281,0.4021,0.2222,0.4662,-0.0276,0.4070,0.2549,1.2822,0.3684,3.0763,0.0147
2.284,0.4021,0.2130,0.4571,-0.0276,0.4070,0.2443,1.2730,0.3684,3.0763,0.0147
2.359,0.4021,0.2130,0.4571,-0.0375,0.4118,0.2508,1.2730,0.3585,3.0863,0.0146
2.359,0.4132,0.2294,0.4571,-0.0212,0.4118,0.2508,1.2894,0.3748,3.0863,0.0146
2.360,0.3946,0.2294,0.4466,-0.0212,0.3947,0.2508,1.2894,0.3748,3.0863,0.0146
2.360,0.3946,0.2201,0.4368,-0.0212,0.3947,0.2398,1.2801,0.3748,3.0863,0.0146
2.455,0.3946,0.2201,0.4368,-0.0311,0.3996,0.2463,1.2801,0.3649,3.0962,0.0144
2.473,0.4047,0.2354,0.4368,-0.0161,0.3996,0.2463,1.2954,0.3799,3.0962,0.0144
2.474,0.3864,0.2354,0.4260,-0.0161,0.3825,0.2463,1.2954,0.3799,3.0962,0.0144
2.474,0.3864,0.2259,0.4135,-0.0161,0.3825,0.2339,1.2859,0.3799,3.0962,0.0144
2.562,0.3864,0.2259,0.4135,-0.0259,0.3874,0.2405,1.2859,0.3701,3.1061,0.0143
2.563,0.3956,0.2402,0.4135,-0.0120,0.3874,0.2405,1.3002,0.3840,3.1061,0.0143
2.564,0.3773,0.2402,0.4024,-0.0120,0.3701,0.2405,1.3002,0.3840,3.1061,0.0143
2.565,0.3773,0.2312,0.3882,-0.0120,0.3701,0.2277,1.2912,0.3840,3.1061,0.0143
2.656,0.3773,0.2312,0.3882,-0.0218,0.3751,0.2344,1.2912,0.3742,3.1160,0.0141
2.675,0.3856,0.2452,0.3882,-0.0088,0.3751,0.2344,1.3052,0.3872,3.1160,0.0141
2.676,0.3674,0.2452,0.3766,-0.0088,0.3576,0.2344,1.3052,0.3872,3.1160,0.0141
2.677,0.3674,0.2366,0.3628,-0.0088,0.3576,0.2221,1.2966,0.3872,3.1160,0.0141
2.768,0.3674,0.2366,0.3628,-0.0186,0.3626,0.2289,1.2966,0.3774,3.1259,0.0139
2.783,0.3749,0.2509,0.3628,-0.0059,0.3626,0.2289,1.3109,0.3901,3.1259,0.0139
2.784,0.3571,0.2509,0.3510,-0.0059,0.3452,0.2289,1.3109,0.3901,3.1259,0.0139
2.785,0.3571,0.2419,0.3385,-0.0059,0.3452,0.2169,1.3019,0.3901,3.1259,0.0139
2.879,0.3571,0.2419,0.3385,-0.0157,0.3501,0.2238,1.3019,0.3803,3.1358,0.0138
2.880,0.3640,0.2566,0.3385,-0.0030,0.3501,0.2238,1.3166,0.3930,3.1358,0.0138
2.881,0.3468,0.2566,0.3266,-0.0030,0.3330,0.2238,1.3166,0.3930,3.1358,0.0138
2.883,0.3468,0.2463,0.3140,-0.0030,0.3330,0.2109,1.3063,0.3930,3.1358,0.0138
2.966,0.3468,0.2463,0.3140,-0.0129,0.3380,0.2179,1.3063,0.3831,3.1457,0.0136
2.967,0.3531,0.2612,0.3140,-0.0004,0.3380,0.2179,1.3212,0.3956,3.1457,0.0136
2.968,0.3364,0.2612,0.3019,-0.0004,0.3212,0.2179,1.3212,0.3956,3.1457,0.0136
2.969,0.3364,0.2499,0.2878,-0.0004,0.3212,0.2036,1.3099,0.3956,3.1457,0.0136
3.050,0.3364,0.2499,0.2878,-0.0103,0.3263,0.2106,1.3099,0.3857,3.1556,0.0134
3.051,0.3420,0.2650,0.2878,0.0019,0.3263,0.2106,1.3250,0.3979,3.1556,0.0134
3.052,0.3257,0.2650,0.2755,0.0019,0.3095,0.2106,1.3250,0.3979,3.1556,0.0134
3.052,0.3257,0.2536,0.2599,0.0019,0.3095,0.1956,1.3136,0.3979,3.1556,0.0134
3.152,0.3257,0.2536,0.2599,0.0019,0.3095,0.1956,1.3136,0.3979,3.1556,0.0134
3.157,0.3257,0.2536,0.2599,-0.0080,0.3146,0.2027,1.3136,0.3880,3.1655,0.0133
3.159,0.3306,0.2690,0.2599,0.0041,0.3146,0.2027,1.3199,0.4001,3.1655,0.0133
3.159,0.3146,0.2690,0.2474,0.0041,0.2979,0.2027,1.3074,0.4001,3.1655,0.0133
3.160,0.3146,0.2580,0.2309,0.0041,0.2979,0.1878,1.2909,0.4001,3.1655,0.0133
3.256,0.3146,0.2580,0.2309,-0.0058,0.3031,0.1949,1.2909,0.3902,3.1754,0.0131
3.269,0.3184,0.2735,0.2309,0.0058,0.3031,0.1949,1.2909,0.4018,3.1754,0.0131
3.270,0.3026,0.2735,0.2182,0.0058,0.2863,0.1949,1.2782,0.4018,3.1754,0.0131
3.270,0.3026,0.2624,0.2018,0.0058,0.2863,0.1800,1.2618,0.4018,3.1754,0.0131
3.364,0.3026,0.2624,0.2018,-0.0041,0.2915,0.1873,1.2618,0.3919,3.1853,0.0129
3.376,0.3052,0.2778,0.2018,0.0069,0.2915,0.1873,1.2618,0.4029,3.1853,0.0129
3.377,0.2897,0.2778,0.1888,0.0069,0.2748,0.1873,1.2488,0.4029,3.1853,0.0129
3.383,0.2897,0.2654,0.1729,0.0069,0.2748,0.1717,1.2329,0.4029,3.1853,0.0129
3.462,0.2897,0.2654,0.1729,-0.0030,0.2800,0.1791,1.2329,0.3930,3.1953,0.0128
3.465,0.2914,0.2805,0.1729,0.0074,0.2800,0.1791,1.2329,0.4034,3.1953,0.0128
3.466,0.2762,0.2805,0.1597,0.0074,0.2633,0.1791,1.2197,0.4034,3.1953,0.0128
3.466,0.2762,0.2665,0.1445,0.0074,0.2633,0.1626,1.2045,0.4034,3.1953,0.0128
3.562,0.2762,0.2665,0.1445,-0.0025,0.2686,0.1701,1.2045,0.3935,3.2052,0.0126
3.563,0.2776,0.2809,0.1445,0.0074,0.2686,0.1701,1.2045,0.4034,3.2052,0.0126
3.565,0.2625,0.2809,0.1311,0.0074,0.2519,0.1701,1.1911,0.4034,3.2052,0.0126
3.566,0.2625,0.2661,0.1165,0.0074,0.2519,0.1531,1.1765,0.4034,3.2052,0.0126
3.662,0.2625,0.2661,0.1165,-0.0025,0.2573,0.1606,1.1765,0.3935,3.2151,0.0125
3.664,0.2634,0.2801,0.1165,0.0070,0.2573,0.1606,1.1765,0.4030,3.2151,0.0125
3.666,0.2485,0.2801,0.1029,0.0070,0.2405,0.1606,1.1629,0.4030,3.2151,0.0125
3.667,0.2485,0.2652,0.0887,0.0070,0.2405,0.1438,1.1487,0.4030,3.2151,0.0125
3.752,0.2485,0.2652,0.0887,-0.0029,0.2459,0.1514,1.1487,0.3931,3.2250,0.0123
3.753,0.2485,0.2785,0.0887,0.0059,0.2459,0.1514,1.1487,0.4019,3.2250,0.0123
3.754,0.2336,0.2785,0.0750,0.0059,0.2290,0.1514,1.1350,0.4019,3.2250,0.0123
3.755,0.2336,0.2639,0.0610,0.0059,0.2290,0.1350,1.1210,0.4019,3.2250,0.0123
3.855,0.2336,0.2639,0.0610,0.0059,0.2290,0.1350,1.1210,0.4019,3.2250,0.0123
3.858,0.2336,0.2639,0.0610,-0.0040,0.2345,0.1426,1.1210,0.3920,3.2349,0.0121
3.859,0.2327,0.2759,0.0610,0.0036,0.2345,0.1426,1.1210,0.3996,3.2349,0.0121
3.860,0.2178,0.2759,0.0473,0.0036,0.2175,0.1426,1.1073,0.3996,3.2349,0.0121
3.862,0.2178,0.2614,0.0335,0.0036,0.2175,0.1263,1.0935,0.3996,3.2349,0.0121
3.954,0.2178,0.2614,0.0335,-0.0063,0.2231,0.1340,1.0935,0.3897,3.2448,0.0120
3.955,0.2161,0.2714,0.0335,-0.0002,0.2231,0.1340,1.0935,0.3958,3.2448,0.0120
3.956,0.2011,0.2714,0.0198,-0.0002,0.2060,0.1340,1.0798,0.3958,3.2448,0.0120
3.957,0.2011,0.2565,0.0063,-0.0002,0.2060,0.1176,1.0663,0.3958,3.2448,0.0120
4.069,0.2011,0.2565,0.0063,-0.0002,0.2060,0.1176,1.0663,0.3958,3.2448,0.0120
4.079,0.2011,0.2565,0.0063,-0.0101,0.2117,0.1253,1.0663,0.3859,3.2547,0.0118
4.080,0.1985,0.2651,0.0063,-0.0054,0.2117,0.1253,1.0663,0.3906,3.2547,0.0118
4.083,0.1834,0.2651,-0.0074,-0.0054,0.1944,0.1253,1.0526,0.3906,3.2547,0.0118
4.084,0.1834,0.2495,-0.0204,-0.0054,0.1944,0.1086,1.0396,0.3906,3.2547,0.0118
4.160,0.1834,0.2495,-0.0204,-0.0153,0.2002,0.1164,1.0396,0.3807,3.2646,0.0117
4.163,0.1804,0.2577,-0.0204,-0.0109,0.2002,0.1164,1.0396,0.3851,3.2646,0.0117
4.166,0.1652,0.2577,-0.0339,-0.0109,0.1828,0.1164,1.0261,0.3851,3.2646,0.0117
4.171,0.1652,0.2415,-0.0464,-0.0109,0.1828,0.0994,1.0136,0.3851,3.2646,0.0117
4.259,0.1652,0.2415,-0.0464,-0.0208,0.1886,0.1072,1.0136,0.3752,3.2745,0.0115
4.261,0.1626,0.2495,-0.0464,-0.0162,0.1886,0.1072,1.0136,0.3798,3.2745,0.0115
4.263,0.1471,0.2495,-0.0598,-0.0162,0.1711,0.1072,1.0002,0.3798,3.2745,0.0115
4.265,0.1471,0.2332,-0.0719,-0.0162,0.1711,0.0901,0.9881,0.3798,3.2745,0.0115
4.358,0.1471,0.2332,-0.0719,-0.0260,0.1770,0.0980,0.9881,0.3700,3.2844,0.0113
4.359,0.1456,0.2407,-0.0719,-0.0214,0.1770,0.0980,0.9881,0.3746,3.2844,0.0113
4.360,0.1298,0.2407,-0.0851,-0.0214,0.1593,0.0980,0.9749,0.3746,3.2844,0.0113
4.361,0.1298,0.2242,-0.0971,-0.0214,0.1593,0.0809,0.9629,0.3746,3.2844,0.0113
4.461,0.1298,0.2242,-0.0971,-0.0214,0.1593,0.0809,0.9629,0.3746,3.2844,0.0113
4.467,0.1298,0.2242,-0.0971,-0.0312,0.1653,0.0888,0.9629,0.3648,3.2943,0.0112
4.468,0.1290,0.2308,-0.0971,-0.0268,0.1653,0.0888,0.9629,0.3692,3.2943,0.0112
4.469,0.1127,0.2308,-0.1098,-0.0268,0.1473,0.0888,0.9502,0.3692,3.2943,0.0112
4.473,0.1127,0.2142,-0.1217,-0.0268,0.1473,0.0716,0.9383,0.3692,3.2943,0.0112
4.552,0.1127,0.2142,-0.1217,-0.0367,0.1533,0.0796,0.9383,0.3593,3.3043,0.0110
4.552,0.1122,0.2198,-0.1217,-0.0328,0.1533,0.0796,0.9383,0.3632,3.3043,0.0110
4.552,0.0954,0.2198,-0.1338,-0.0328,0.1353,0.0796,0.9262,0.3632,3.3043,0.0110
4.553,0.0954,0.2031,-0.1455,-0.0328,0.1353,0.0623,0.9145,0.3632,3.3043,0.0110
4.652,0.0954,0.2031,-0.1455,-0.0426,0.1413,0.0703,0.9145,0.3534,3.3142,0.0109
4.653,0.0947,0.2080,-0.1455,-0.0393,0.1413,0.0703,0.9145,0.3567,3.3142,0.0109
4.653,0.0774,0.2080,-0.1569,-0.0393,0.1232,0.0703,0.9031,0.3567,3.3142,0.0109
4.654,0.0774,0.1910,-0.1681,-0.0393,0.1232,0.0530,0.8919,0.3567,3.3142,0.0109
4.754,0.0774,0.1910,-0.1681,-0.0491,0.1293,0.0610,0.8919,0.3469,3.3241,0.0107
4.755,0.0766,0.1955,-0.1681,-0.0461,0.1293,0.0610,0.8919,0.3499,3.3241,0.0107
4.756,0.0587,0.1955,-0.1786,-0.0461,0.1111,0.0610,0.8814,0.3499,3.3241,0.0107
4.757,0.0587,0.1782,-0.1893,-0.0461,0.1111,0.0436,0.8707,0.3499,3.3241,0.0107
4.857,0.0587,0.1782,-0.1893,-0.0560,0.1172,0.0516,0.8707,0.3400,3.3340,0.0105
4.858,0.0586,0.1824,-0.1893,-0.0529,0.1172,0.0516,0.8707,0.3431,3.3340,0.0105
4.859,0.0401,0.1824,-0.1987,-0.0529,0.0990,0.0516,0.8613,0.3431,3.3340,0.0105
4.860,0.0401,0.1650,-0.2090,-0.0529,0.0990,0.0342,0.8510,0.3431,3.3340,0.0105
4.960,0.0401,0.1650,-0.2090,-0.0627,0.1051,0.0423,0.8510,0.3333,3.3439,0.0104
4.962,0.0421,0.1691,-0.2090,-0.0590,0.1051,0.0423,0.8510,0.3370,3.3439,0.0104
4.966,0.0229,0.1691,-0.2172,-0.0590,0.0869,0.0423,0.8428,0.3370,3.3439,0.0104
4.968,0.0229,0.1517,-0.2272,-0.0590,0.0869,0.0249,0.8328,0.3370,3.3439,0.0104
5.068,0.0229,0.1517,-0.2272,-0.0590,0.0869,0.0249,0.8328,0.3370,3.3439,0.0104
5.074,0.0229,0.1517,-0.2272,-0.0688,0.0931,0.0330,0.8328,0.3272,3.3538,0.0102
5.077,0.0287,0.1564,-0.2272,-0.0633,0.0931,0.0330,0.8328,0.3327,3.3538,0.0102
5.078,0.0090,0.1564,-0.2342,-0.0633,0.0751,0.0330,0.8258,0.3327,3.3538,0.0102
5.080,0.0090,0.1390,-0.2438,-0.0633,0.0751,0.0157,0.8162,0.3327,3.3538,0.0102
5.156,0.0090,0.1390,-0.2438,-0.0732,0.0812,0.0239,0.8162,0.3228,3.3637,0.0101
5.156,0.0190,0.1452,-0.2438,-0.0652,0.0812,0.0239,0.8162,0.3308,3.3637,0.0101
5.157,-0.0006,0.1452,-0.2498,-0.0652,0.0638,0.0239,0.8102,0.3308,3.3637,0.0101
5.157,-0.0006,0.1279,-0.2585,-0.0652,0.0638,0.0069,0.8015,0.3308,3.3637,0.0101
5.264,-0.0006,0.1279,-0.2585,-0.0652,0.0638,0.0069,0.8015,0.3308,3.3637,0.0101
5.266,-0.0006,0.1279,-0.2585,-0.0750,0.0699,0.0150,0.8015,0.3210,3.3737,0.0099
5.267,0.0108,0.1355,-0.2585,-0.0656,0.0699,0.0150,0.8015,0.3304,3.3737,0.0099
5.267,-0.0082,0.1355,-0.2632,-0.0656,0.0535,0.0150,0.7968,0.3304,3.3737,0.0099
5.267,-0.0082,0.1182,-0.2707,-0.0656,0.0535,-0.0016,0.7893,0.3304,3.3737,0.0099
5.362,-0.0082,0.1182,-0.2707,-0.0754,0.0596,0.0065,0.7893,0.3206,3.3836,0.0097
5.363,0.0021,0.1256,-0.2707,-0.0664,0.0596,0.0065,0.7893,0.3296,3.3836,0.0097
5.363,-0.0164,0.1256,-0.2736,-0.0664,0.0444,0.0065,0.7864,0.3296,3.3836,0.0097
5.365,-0.0164,0.1085,-0.2793,-0.0664,0.0444,-0.0094,0.7807,0.3296,3.3836,0.0097
5.454,-0.0164,0.1085,-0.2793,-0.0762,0.0505,-0.0013,0.7807,0.3198,3.3935,0.0096
5.455,-0.0057,0.1153,-0.2793,-0.0676,0.0505,-0.0013,0.7807,0.3284,3.3935,0.0096
5.455,-0.0240,0.1153,-0.2805,-0.0676,0.0364,-0.0013,0.7795,0.3284,3.3935,0.0096
5.457,-0.0240,0.0985,-0.2841,-0.0676,0.0364,-0.0165,0.7759,0.3284,3.3935,0.0096
5.557,-0.0240,0.0985,-0.2841,-0.0676,0.0364,-0.0165,0.7759,0.3284,3.3935,0.0096
5.561,-0.0240,0.0985,-0.2841,-0.0774,0.0424,-0.0084,0.7759,0.3186,3.4034,0.0094
5.562,-0.0100,0.1054,-0.2841,-0.0676,0.0424,-0.0084,0.7759,0.3284,3.4034,0.0094
5.563,-0.0279,0.1054,-0.2841,-0.0676,0.0293,-0.0084,0.7759,0.3284,3.4034,0.0094
5.564,-0.0279,0.0890,-0.2862,-0.0676,0.0293,-0.0227,0.7738,0.3284,3.4034,0.0094
5.660,-0.0279,0.0890,-0.2862,-0.0774,0.0353,-0.0146,0.7738,0.3186,3.4133,0.0092
5.662,-0.0103,0.0970,-0.2862,-0.0654,0.0353,-0.0146,0.7738,0.3306,3.4133,0.0092
5.663,-0.0278,0.0970,-0.2853,-0.0654,0.0228,-0.0146,0.7747,0.3306,3.4133,0.0092
5.665,-0.0278,0.0811,-0.2864,-0.0654,0.0228,-0.0282,0.7736,0.3306,3.4133,0.0092
5.762,-0.0278,0.0811,-0.2864,-0.0752,0.0288,-0.0201,0.7736,0.3208,3.4232,0.0091
5.763,-0.0090,0.0905,-0.2864,-0.0616,0.0288,-0.0201,0.7736,0.3344,3.4232,0.0091
5.765,-0.0258,0.0905,-0.2848,-0.0616,0.0172,-0.0201,0.7752,0.3344,3.4232,0.0091
5.766,-0.0258,0.0749,-0.2849,-0.0616,0.0172,-0.0330,0.7751,0.3344,3.4232,0.0091
5.860,-0.0258,0.0749,-0.2849,-0.0715,0.0231,-0.0250,0.7751,0.3245,3.4331,0.0089
5.861,-0.0079,0.0849,-0.2849,-0.0577,0.0231,-0.0250,0.7751,0.3383,3.4331,0.0089
5.861,-0.0238,0.0849,-0.2825,-0.0577,0.0127,-0.0250,0.7775,0.3383,3.4331,0.0089
5.862,-0.0238,0.0696,-0.2811,-0.0577,0.0127,-0.0370,0.7789,0.3383,3.4331,0.0089
5.957,-0.0238,0.0696,-0.2811,-0.0675,0.0185,-0.0291,0.7789,0.3285,3.4430,0.0088
5.958,-0.0066,0.0793,-0.2811,-0.0541,0.0185,-0.0291,0.7789,0.3419,3.4430,0.0088
5.958,-0.0215,0.0793,-0.2777,-0.0541,0.0094,-0.0291,0.7823,0.3419,3.4430,0.0088
5.958,-0.0215,0.0643,-0.2743,-0.0541,0.0094,-0.0401,0.7857,0.3419,3.4430,0.0088
6.056,-0.0215,0.0643,-0.2743,-0.0640,0.0152,-0.0322,0.7857,0.3320,3.4529,0.0086
6.058,-0.0043,0.0734,-0.2743,-0.0508,0.0152,-0.0322,0.7857,0.3452,3.4529,0.0086
6.060,-0.0181,0.0734,-0.2697,-0.0508,0.0075,-0.0322,0.7903,0.3452,3.4529,0.0086
6.061,-0.0181,0.0586,-0.2643,-0.0508,0.0075,-0.0421,0.7957,0.3452,3.4529,0.0086
6.161,-0.0181,0.0586,-0.2643,-0.0508,0.0075,-0.0421,0.7957,0.3452,3.4529,0.0086
6.177,-0.0181,0.0586,-0.2643,-0.0607,0.0132,-0.0343,0.7957,0.3353,3.4628,0.0084
6.189,-0.0007,0.0673,-0.2643,-0.0476,0.0132,-0.0343,0.7957,0.3484,3.4628,0.0084
6.190,-0.0138,0.0673,-0.2592,-0.0476,0.0062,-0.0343,0.8008,0.3484,3.4628,0.0084
6.191,-0.0138,0.0532,-0.2524,-0.0476,0.0062,-0.0430,0.8076,0.3484,3.4628,0.0084
6.291,-0.0138,0.0532,-0.2524,-0.0476,0.0062,-0.0430,0.8076,0.3484,3.4628,0.0084
6.305,-0.0138,0.0532,-0.2524,-0.0575,0.0118,-0.0353,0.8076,0.3385,3.4727,0.0083
6.311,0.0037,0.0621,-0.2524,-0.0440,0.0118,-0.0353,0.8076,0.3520,3.4727,0.0083
6.312,-0.0090,0.0621,-0.2467,-0.0440,0.0056,-0.0353,0.8133,0.3520,3.4727,0.0083
6.312,-0.0090,0.0489,-0.2395,-0.0440,0.0056,-0.0428,0.8205,0.3520,3.4727,0.0083
6.413,-0.0090,0.0489,-0.2395,-0.0539,0.0112,-0.0351,0.8205,0.3421,3.4827,0.0081
6.413,-0.0090,0.0489,-0.2395,-0.0539,0.0112,-0.0351,0.8205,0.3421,3.4827,0.0081
6.414,0.0085,0.0587,-0.2395,-0.0397,0.0112,-0.0351,0.8205,0.3563,3.4827,0.0081
6.421,-0.0034,0.0587,-0.2328,-0.0397,0.0061,-0.0351,0.8272,0.3563,3.4827,0.0081
6.422,-0.0034,0.0466,-0.2254,-0.0397,0.0061,-0.0416,0.8346,0.3545,3.4827,0.0081
6.523,-0.0034,0.0466,-0.2254,-0.0397,0.0061,-0.0416,0.8346,0.3545,3.4827,0.0081
6.571,-0.0034,0.0466,-0.2254,-0.0497,0.0116,-0.0340,0.8346,0.3463,3.4926,0.0080
6.572,0.0140,0.0574,-0.2254,-0.0347,0.0116,-0.0340,0.8346,0.3613,3.4926,0.0080
6.573,0.0030,0.0574,-0.2181,-0.0347,0.0075,-0.0340,0.8419,0.3613,3.4926,0.0080
6.575,0.0030,0.0461,-0.2100,-0.0347,0.0075,-0.0393,0.8500,0.3567,3.4926,0.0080
6.675,0.0030,0.0461,-0.2100,-0.0347,0.0075,-0.0393,0.8500,0.3567,3.4926,0.0080
6.701,0.0030,0.0461,-0.2100,-0.0446,0.0130,-0.0319,0.8500,0.3514,3.5025,0.0078
6.703,0.0197,0.0570,-0.2100,-0.0300,0.0130,-0.0319,0.8500,0.3641,3.5025,0.0078
6.703,0.0094,0.0570,-0.2025,-0.0300,0.0095,-0.0319,0.8575,0.3641,3.5025,0.0078
6.705,0.0094,0.0463,-0.1934,-0.0300,0.0095,-0.0360,0.8666,0.3600,3.5025,0.0078
6.805,0.0094,0.0463,-0.1934,-0.0300,0.0095,-0.0360,0.8666,0.3600,3.5025,0.0078
6.829,0.0094,0.0463,-0.1934,-0.0399,0.0149,-0.0287,0.8666,0.3561,3.5124,0.0076
6.829,0.0251,0.0565,-0.1934,-0.0259,0.0149,-0.0287,0.8666,0.3673,3.5124,0.0076
6.829,0.0148,0.0565,-0.1853,-0.0259,0.0118,-0.0287,0.8747,0.3673,3.5124,0.0076
6.829,0.0148,0.0464,-0.1754,-0.0259,0.0118,-0.0320,0.8846,0.3641,3.5124,0.0076
6.930,0.0148,0.0464,-0.1754,-0.0259,0.0118,-0.0320,0.8846,0.3641,3.5124,0.0076
6.948,0.0148,0.0464,-0.1754,-0.0358,0.0171,-0.0247,0.8846,0.3602,3.5223,0.0075
6.949,0.0304,0.0566,-0.1754,-0.0219,0.0171,-0.0247,0.8846,0.3713,3.5223,0.0075
6.949,0.0202,0.0566,-0.1669,-0.0219,0.0144,-0.0247,0.8931,0.3713,3.5223,0.0075
6.949,0.0202,0.0469,-0.1568,-0.0219,0.0144,-0.0273,0.9032,0.3687,3.5223,0.0075
7.050,0.0202,0.0469,-0.1568,-0.0219,0.0144,-0.0273,0.9032,0.3687,3.5223,0.0075
7.066,0.0202,0.0469,-0.1568,-0.0318,0.0196,-0.0201,0.9032,0.3642,3.5322,0.0073
7.067,0.0367,0.0583,-0.1568,-0.0166,0.0196,-0.0201,0.9032,0.3759,3.5322,0.0073
7.067,0.0269,0.0583,-0.1480,-0.0166,0.0174,-0.0201,0.9120,0.3759,3.5322,0.0073
7.067,0.0269,0.0492,-0.1381,-0.0166,0.0174,-0.0221,0.9219,0.3739,3.5322,0.0073
7.168,0.0269,0.0492,-0.1381,-0.0166,0.0174,-0.0221,0.9219,0.3739,3.5322,0.0073
7.187,0.0269,0.0492,-0.1381,-0.0265,0.0225,-0.0151,0.9219,0.3695,3.5421,0.0072
7.187,0.0440,0.0619,-0.1381,-0.0101,0.0225,-0.0151,0.9219,0.3810,3.5421,0.0072
7.188,0.0350,0.0619,-0.1290,-0.0101,0.0211,-0.0151,0.9310,0.3810,3.5421,0.0072
7.191,0.0350,0.0536,-0.1191,-0.0101,0.0211,-0.0164,0.9409,0.3797,3.5421,0.0072
7.288,0.0350,0.0536,-0.1191,-0.0200,0.0262,-0.0094,0.9409,0.3760,3.5520,0.0070
7.306,0.0517,0.0668,-0.1191,-0.0035,0.0262,-0.0094,0.9409,0.3866,3.5520,0.0070
7.307,0.0439,0.0668,-0.1096,-0.0035,0.0259,-0.0094,0.9504,0.3866,3.5520,0.0070
7.308,0.0439,0.0593,-0.0991,-0.0035,0.0259,-0.0096,0.9609,0.3864,3.5520,0.0070
7.401,0.0439,0.0593,-0.0991,-0.0134,0.0308,-0.0028,0.9609,0.3826,3.5619,0.0069
7.417,0.0599,0.0727,-0.0991,0.0029,0.0308,-0.0028,0.9609,0.3932,3.5619,0.0069
7.418,0.0529,0.0727,-0.0888,0.0029,0.0315,-0.0028,0.9712,0.3932,3.5619,0.0069
7.419,0.0529,0.0661,-0.0773,0.0029,0.0315,-0.0018,0.9827,0.3943,3.5619,0.0069
7.519,0.0529,0.0661,-0.0773,0.0029,0.0315,-0.0018,0.9827,0.3943,3.5619,0.0069
7.521,0.0529,0.0661,-0.0773,-0.0069,0.0364,0.0050,0.9827,0.3891,3.5718,0.0067
7.541,0.0687,0.0803,-0.0773,0.0098,0.0364,0.0050,0.9827,0.4010,3.5718,0.0067
7.542,0.0622,0.0803,-0.0664,0.0098,0.0379,0.0050,0.9936,0.4010,3.5718,0.0067
7.542,0.0622,0.0745,-0.0541,0.0098,0.0379,0.0072,1.0059,0.4032,3.5718,0.0067
7.635,0.0622,0.0745,-0.0541,-0.0001,0.0428,0.0139,1.0059,0.3959,3.5818,0.0065
7.649,0.0772,0.0898,-0.0541,0.0170,0.0428,0.0139,1.0059,0.4099,3.5818,0.0065
7.650,0.0716,0.0898,-0.0431,0.0170,0.0449,0.0139,1.0169,0.4099,3.5818,0.0065
7.651,0.0716,0.0847,-0.0304,0.0170,0.0449,0.0167,1.0296,0.4128,3.5818,0.0065
7.743,0.0716,0.0847,-0.0304,0.0071,0.0497,0.0234,1.0296,0.4031,3.5917,0.0064
7.744,0.0829,0.0993,-0.0304,0.0219,0.0497,0.0234,1.0296,0.4179,3.5917,0.0064
7.746,0.0781,0.0993,-0.0196,0.0219,0.0523,0.0234,1.0404,0.4179,3.5917,0.0064
7.748,0.0781,0.0944,-0.0069,0.0219,0.0523,0.0265,1.0531,0.4179,3.5917,0.0064
7.830,0.0781,0.0944,-0.0069,0.0120,0.0570,0.0330,1.0531,0.4080,3.6016,0.0062
7.831,0.0846,0.1079,-0.0069,0.0235,0.0570,0.0330,1.0531,0.4195,3.6016,0.0062
7.833,0.0808,0.1079,0.0036,0.0235,0.0603,0.0330,1.0636,0.4195,3.6016,0.0062
7.834,0.0808,0.1029,0.0163,0.0235,0.0603,0.0361,1.0763,0.4195,3.6016,0.0062
7.919,0.0808,0.1029,0.0163,0.0137,0.0650,0.0425,1.0763,0.4097,3.6115,0.0061
7.921,0.0850,0.1162,0.0163,0.0238,0.0650,0.0425,1.0763,0.4198,3.6115,0.0061
7.922,0.0823,0.1162,0.0265,0.0238,0.0688,0.0425,1.0865,0.4198,3.6115,0.0061
7.923,0.0823,0.1110,0.0393,0.0238,0.0688,0.0457,1.0993,0.4198,3.6115,0.0061
8.004,0.0823,0.1110,0.0393,0.0139,0.0734,0.0520,1.0993,0.4099,3.6214,0.0059
8.005,0.0875,0.1246,0.0393,0.0250,0.0734,0.0520,1.0993,0.4210,3.6214,0.0059
8.006,0.0855,0.1246,0.0489,0.0250,0.0774,0.0520,1.1089,0.4210,3.6214,0.0059
8.007,0.0855,0.1196,0.0620,0.0250,0.0774,0.0554,1.1220,0.4210,3.6214,0.0059
8.080,0.0855,0.1196,0.0620,0.0151,0.0820,0.0616,1.1220,0.4111,3.6313,0.0057
8.081,0.0913,0.1336,0.0620,0.0267,0.0820,0.0616,1.1220,0.4227,3.6313,0.0057
8.082,0.0896,0.1336,0.0707,0.0267,0.0858,0.0616,1.1307,0.4227,3.6313,0.0057
8.083,0.0896,0.1288,0.0839,0.0267,0.0858,0.0653,1.1439,0.4227,3.6313,0.0057
8.148,0.0896,0.1288,0.0839,0.0168,0.0903,0.0715,1.1439,0.4128,3.6412,0.0056
8.149,0.0931,0.1425,0.0839,0.0271,0.0903,0.0715,1.1439,0.4231,3.6412,0.0056
8.150,0.0916,0.1425,0.0918,0.0271,0.0938,0.0715,1.1516,0.4231,3.6412,0.0056
8.150,0.0916,0.1377,0.1047,0.0271,0.0938,0.0750,1.1516,0.4231,3.6412,0.0056
8.220,0.0916,0.1377,0.1047,0.0172,0.0984,0.0811,1.1516,0.4132,3.6511,0.0054
8.221,0.0906,0.1504,0.1047,0.0245,0.0984,0.0811,1.1506,0.4205,3.6511,0.0054
8.222,0.0895,0.1504,0.1121,0.0245,0.1018,0.0811,1.1495,0.4205,3.6511,0.0054
8.224,0.0895,0.1452,0.1244,0.0245,0.1018,0.0840,1.1495,0.4205,3.6511,0.0054
8.290,0.0895,0.1452,0.1244,0.0146,0.1064,0.0900,1.1495,0.4106,3.6611,0.0053
8.291,0.0845,0.1569,0.1244,0.0194,0.1064,0.0900,1.1445,0.4154,3.6611,0.0053
8.291,0.0838,0.1569,0.1313,0.0194,0.1098,0.0900,1.1438,0.4154,3.6611,0.0053
8.293,0.0838,0.1506,0.1427,0.0194,0.1098,0.0917,1.1438,0.4154,3.6611,0.0053
8.364,0.0838,0.1506,0.1427,0.0095,0.1144,0.0976,1.1438,0.4055,3.6710,0.0051
8.365,0.0781,0.1616,0.1427,0.0135,0.1144,0.0976,1.1381,0.4095,3.6710,0.0051
8.366,0.0780,0.1616,0.1487,0.0135,0.1177,0.0976,1.1380,0.4095,3.6710,0.0051
8.367,0.0780,0.1537,0.1592,0.0135,0.1177,0.0978,1.1380,0.4095,3.6710,0.0051
8.439,0.0780,0.1537,0.1592,0.0036,0.1223,0.1036,1.1380,0.3996,3.6809,0.0049
8.440,0.0736,0.1643,0.1592,0.0081,0.1223,0.1036,1.1336,0.4041,3.6809,0.0049
8.442,0.0741,0.1643,0.1641,0.0081,0.1254,0.1036,1.1341,0.4041,3.6809,0.0049
8.443,0.0741,0.1558,0.1742,0.0081,0.1254,0.1031,1.1341,0.4041,3.6809,0.0049
8.511,0.0741,0.1558,0.1742,-0.0018,0.1300,0.1089,1.1341,0.3942,3.6908,0.0048
8.512,0.0710,0.1663,0.1742,0.0034,0.1300,0.1089,1.1310,0.3994,3.6908,0.0048
8.513,0.0717,0.1663,0.1781,0.0034,0.1327,0.1089,1.1317,0.3994,3.6908,0.0048
8.513,0.0717,0.1577,0.1876,0.0034,0.1327,0.1081,1.1317,0.3994,3.6908,0.0048
8.585,0.0717,0.1577,0.1876,-0.0065,0.1374,0.1138,1.1317,0.3895,3.7007,0.0046
8.585,0.0685,0.1681,0.1876,-0.0014,0.1374,0.1138,1.1285,0.3946,3.7007,0.0046
8.585,0.0692,0.1681,0.1907,-0.0014,0.1396,0.1138,1.1292,0.3946,3.7007,0.0046
8.586,0.0692,0.1594,0.1992,-0.0014,0.1396,0.1124,1.1292,0.3946,3.7007,0.0046
8.671,0.0692,0.1594,0.1992,-0.0113,0.1443,0.1180,1.1292,0.3847,3.7106,0.0045
8.672,0.0649,0.1698,0.1992,-0.0066,0.1443,0.1180,1.1249,0.3894,3.7106,0.0045
8.673,0.0653,0.1698,0.2017,-0.0066,0.1460,0.1180,1.1253,0.3894,3.7106,0.0045
8.674,0.0653,0.1599,0.2083,-0.0066,0.1460,0.1149,1.1253,0.3894,3.7106,0.0045
8.756,0.0653,0.1599,0.2083,-0.0165,0.1508,0.1204,1.1253,0.3795,3.7205,0.0043
8.757,0.0602,0.1701,0.2083,-0.0122,0.1508,0.1204,1.1202,0.3838,3.7205,0.0043
8.758,0.0607,0.1701,0.2105,-0.0122,0.1523,0.1204,1.1207,0.3838,3.7205,0.0043
8.759,0.0607,0.1584,0.2149,-0.0122,0.1523,0.1149,1.1207,0.3838,3.7205,0.0043
8.859,0.0607,0.1584,0.2149,-0.0122,0.1523,0.1149,1.1207,0.3838,3.7205,0.0043
8.877,0.0607,0.1584,0.2149,-0.0221,0.1571,0.1203,1.1207,0.3739,3.7304,0.0041
8.878,0.0556,0.1681,0.2149,-0.0181,0.1571,0.1203,1.1156,0.3779,3.7304,0.0041
8.879,0.0566,0.1681,0.2172,-0.0181,0.1591,0.1203,1.1166,0.3779,3.7304,0.0041
8.881,0.0566,0.1546,0.2193,-0.0181,0.1591,0.1127,1.1166,0.3779,3.7304,0.0041
8.982,0.0566,0.1546,0.2193,-0.0181,0.1591,0.1127,1.1166,0.3779,3.7304,0.0041
9.012,0.0566,0.1546,0.2193,-0.0280,0.1640,0.1180,1.1166,0.3680,3.7403,0.0040
9.013,0.0526,0.1630,0.2193,-0.0243,0.1640,0.1180,1.1126,0.3717,3.7403,0.0040
9.029,0.0548,0.1630,0.2220,-0.0243,0.1668,0.1180,1.1148,0.3717,3.7403,0.0040
9.045,0.0548,0.1489,0.2227,-0.0243,0.1668,0.1092,1.1148,0.3717,3.7403,0.0040
9.117,0.0548,0.1489,0.2227,-0.0341,0.1718,0.1145,1.1148,0.3619,3.7502,0.0038
9.137,0.0520,0.1558,0.2227,-0.0307,0.1718,0.1145,1.1120,0.3653,3.7502,0.0038
9.138,0.0554,0.1558,0.2248,-0.0307,0.1749,0.1145,1.1154,0.3653,3.7502,0.0038
9.139,0.0554,0.1416,0.2244,-0.0307,0.1749,0.1051,1.1154,0.3653,3.7502,0.0038
9.205,0.0554,0.1416,0.2244,-0.0405,0.1800,0.1103,1.1154,0.3555,3.7602,0.0037
9.206,0.0533,0.1478,0.2244,-0.0373,0.1800,0.1103,1.1133,0.3587,3.7602,0.0037
9.208,0.0586,0.1478,0.2242,-0.0373,0.1829,0.1103,1.1186,0.3587,3.7602,0.0037
9.210,0.0586,0.1328,0.2221,-0.0373,0.1829,0.0994,1.1186,0.3587,3.7602,0.0037
9.283,0.0586,0.1328,0.2221,-0.0471,0.1881,0.1046,1.1186,0.3489,3.7701,0.0035
9.285,0.0564,0.1387,0.2221,-0.0441,0.1881,0.1046,1.1164,0.3519,3.7701,0.0035
9.287,0.0638,0.1387,0.2189,-0.0441,0.1906,0.1046,1.1238,0.3519,3.7701,0.0035
9.289,0.0638,0.1230,0.2152,-0.0441,0.1906,0.0924,1.1238,0.3519,3.7701,0.0035
9.375,0.0638,0.1230,0.2152,-0.0538,0.1960,0.0975,1.1238,0.3422,3.7800,0.0033
9.377,0.0609,0.1290,0.2152,-0.0511,0.1960,0.0975,1.1209,0.3449,3.7800,0.0033
9.379,0.0686,0.1290,0.2116,-0.0511,0.1985,0.0975,1.1286,0.3449,3.7800,0.0033
9.381,0.0686,0.1130,0.2065,-0.0511,0.1985,0.0844,1.1286,0.3449,3.7800,0.0033
9.470,0.0686,0.1130,0.2065,-0.0608,0.2040,0.0895,1.1286,0.3352,3.7899,0.0032
9.484,0.0656,0.1187,0.2065,-0.0582,0.2040,0.0895,1.1256,0.3378,3.7899,0.0032
9.486,0.0729,0.1187,0.2043,-0.0582,0.2071,0.0895,1.1329,0.3378,3.7899,0.0032
9.488,0.0729,0.1029,0.1983,-0.0582,0.2071,0.0760,1.1329,0.3378,3.7899,0.0032
9.580,0.0729,0.1029,0.1983,-0.0679,0.2127,0.0811,1.1329,0.3281,3.7998,0.0030
9.582,0.0709,0.1077,0.1983,-0.0655,0.2127,0.0811,1.1309,0.3305,3.7998,0.0030
9.585,0.0779,0.1077,0.1972,-0.0655,0.2164,0.0811,1.1379,0.3305,3.7998,0.0030
9.586,0.0779,0.0916,0.1900,-0.0655,0.2164,0.0668,1.1379,0.3305,3.7998,0.0030
9.664,0.0779,0.0916,0.1900,-0.0752,0.2221,0.0719,1.1379,0.3208,3.8097,0.0029
9.665,0.0783,0.0951,0.1900,-0.0726,0.2221,0.0719,1.1383,0.3234,3.8097,0.0029
9.666,0.0860,0.0951,0.1879,-0.0726,0.2256,0.0719,1.1460,0.3234,3.8097,0.0029
9.666,0.0860,0.0788,0.1795,-0.0726,0.2256,0.0568,1.1388,0.3234,3.8097,0.0029
9.758,0.0860,0.0788,0.1795,-0.0822,0.2315,0.0620,1.1388,0.3138,3.8196,0.0027
9.759,0.0892,0.0815,0.1795,-0.0789,0.2315,0.0620,1.1415,0.3171,3.8196,0.0027
9.760,0.0978,0.0815,0.1743,-0.0789,0.2339,0.0620,1.1415,0.3171,3.8196,0.0027
9.761,0.0978,0.0653,0.1653,-0.0789,0.2339,0.0467,1.1253,0.3171,3.8196,0.0027
9.855,0.0978,0.0653,0.1653,-0.0886,0.2400,0.0519,1.1253,0.3074,3.8295,0.0025
9.858,0.1032,0.0676,0.1653,-0.0844,0.2400,0.0519,1.1276,0.3116,3.8295,0.0025
9.861,0.1108,0.0676,0.1573,-0.0844,0.2405,0.0519,1.1276,0.3116,3.8295,0.0025
9.862,0.1108,0.0518,0.1482,-0.0844,0.2405,0.0365,1.1118,0.3116,3.8295,0.0025
9.955,0.1108,0.0518,0.1482,-0.0940,0.2467,0.0418,1.1118,0.3020,3.8394,0.0024
9.958,0.1168,0.0544,0.1482,-0.0894,0.2467,0.0418,1.1144,0.3066,3.8394,0.0024
9.960,0.1223,0.0544,0.1393,-0.0894,0.2456,0.0418,1.1144,0.3066,3.8394,0.0024
9.960,0.1223,0.0390,0.1302,-0.0894,0.2456,0.0267,1.0990,0.3066,3.8394,0.0024
10.061,0.1223,0.0390,0.1302,-0.0991,0.2520,0.0320,1.0990,0.2969,3.8493,0.0022
10.062,0.1273,0.0417,0.1302,-0.0949,0.2520,0.0320,1.1017,0.3011,3.8493,0.0022
10.064,0.1314,0.0417,0.1216,-0.0949,0.2503,0.0320,1.1017,0.3011,3.8493,0.0022
10.066,0.1314,0.0271,0.1128,-0.0949,0.2503,0.0175,1.0871,0.3011,3.8493,0.0022
10.159,0.1314,0.0271,0.1128,-0.1046,0.2568,0.0228,1.0871,0.2914,3.8592,0.0021
10.166,0.1356,0.0294,0.1128,-0.1010,0.2568,0.0228,1.0894,0.2950,3.8592,0.0021
10.166,0.1388,0.0294,0.1041,-0.1010,0.2546,0.0228,1.0894,0.2950,3.8592,0.0021
10.166,0.1388,0.0160,0.0955,-0.1010,0.2546,0.0092,1.0760,0.2950,3.8592,0.0021
10.262,0.1388,0.0160,0.0955,-0.1107,0.2613,0.0146,1.0760,0.2853,3.8692,0.0019
10.266,0.1441,0.0171,0.0955,-0.1075,0.2613,0.0146,1.0771,0.2885,3.8692,0.0019
10.268,0.1457,0.0171,0.0857,-0.1075,0.2576,0.0146,1.0771,0.2885,3.8692,0.0019
10.269,0.1457,0.0055,0.0775,-0.1075,0.2576,0.0026,1.0655,0.2885,3.8692,0.0019
10.370,0.1457,0.0055,0.0775,-0.1075,0.2576,0.0026,1.0655,0.2885,3.8692,0.0019
10.374,0.1457,0.0055,0.0775,-0.1172,0.2644,0.0080,1.0655,0.2788,3.8791,0.0018
10.375,0.1532,0.0053,0.0775,-0.1138,0.2644,0.0080,1.0653,0.2822,3.8791,0.0018
10.375,0.1527,0.0053,0.0664,-0.1138,0.2589,0.0080,1.0653,0.2822,3.8791,0.0018
10.376,0.1527,-0.0047,0.0580,-0.1138,0.2589,-0.0030,1.0553,0.2822,3.8791,0.0018
10.476,0.1527,-0.0047,0.0580,-0.1138,0.2589,-0.0030,1.0553,0.2822,3.8791,0.0018
10.479,0.1527,-0.0047,0.0580,-0.1235,0.2658,0.0025,1.0553,0.2725,3.8890,0.0016
10.479,0.1618,-0.0055,0.0580,-0.1197,0.2658,0.0025,1.0545,0.2763,3.8890,0.0016
10.480,0.1596,-0.0055,0.0461,-0.1197,0.2589,0.0025,1.0545,0.2763,3.8890,0.0016
10.481,0.1596,-0.0151,0.0375,-0.1197,0.2589,-0.0083,1.0449,0.2763,3.8890,0.0016
10.565,0.1596,-0.0151,0.0375,-0.1294,0.2659,-0.0027,1.0449,0.2666,3.8989,0.0014
10.566,0.1683,-0.0161,0.0375,-0.1259,0.2659,-0.0027,1.0439,0.2701,3.8989,0.0014
10.568,0.1652,-0.0161,0.0253,-0.1259,0.2584,-0.0027,1.0439,0.2701,3.8989,0.0014
10.570,0.1652,-0.0263,0.0167,-0.1259,0.2584,-0.0140,1.0337,0.2701,3.8989,0.0014
10.662,0.1652,-0.0263,0.0167,-0.1357,0.2655,-0.0083,1.0337,0.2603,3.9088,0.0013
10.664,0.1717,-0.0293,0.0167,-0.1344,0.2655,-0.0083,1.0307,0.2616,3.9088,0.0013
10.666,0.1679,-0.0293,0.0042,-0.1344,0.2574,-0.0083,1.0307,0.2616,3.9088,0.0013
10.667,0.1679,-0.0400,-0.0042,-0.1344,0.2574,-0.0200,1.0200,0.2616,3.9088,0.0013
10.767,0.1679,-0.0400,-0.0042,-0.1344,0.2574,-0.0200,1.0200,0.2616,3.9088,0.0013
10.772,0.1679,-0.0400,-0.0042,-0.1442,0.2646,-0.0142,1.0200,0.2518,3.9187,0.0011
10.773,0.1724,-0.0457,-0.0042,-0.1457,0.2646,-0.0142,1.0143,0.2503,3.9187,0.0011
10.773,0.1679,-0.0457,-0.0173,-0.1457,0.2561,-0.0142,1.0143,0.2503,3.9187,0.0011
10.776,0.1679,-0.0567,-0.0261,-0.1457,0.2561,-0.0263,1.0033,0.2503,3.9187,0.0011
10.873,0.1679,-0.0567,-0.0261,-0.1555,0.2634,-0.0204,1.0033,0.2405,3.9286,0.0010
10.875,0.1727,-0.0633,-0.0261,-0.1573,0.2634,-0.0204,0.9967,0.2387,3.9286,0.0010
10.876,0.1677,-0.0633,-0.0397,-0.1573,0.2544,-0.0204,0.9967,0.2387,3.9286,0.0010
10.876,0.1677,-0.0740,-0.0488,-0.1573,0.2544,-0.0325,0.9860,0.2387,3.9286,0.0010
10.976,0.1677,-0.0740,-0.0488,-0.1573,0.2544,-0.0325,0.9860,0.2387,3.9286,0.0010
10.978,0.1677,-0.0740,-0.0488,-0.1671,0.2618,-0.0266,0.9860,0.2289,3.9385,0.0008
10.979,0.1745,-0.0795,-0.0488,-0.1671,0.2618,-0.0266,0.9805,0.2289,3.9385,0.0008
10.980,0.1690,-0.0795,-0.0627,-0.1671,0.2525,-0.0266,0.9805,0.2289,3.9385,0.0008
10.982,0.1690,-0.0898,-0.0724,-0.1671,0.2525,-0.0386,0.9702,0.2289,3.9385,0.0008
11.075,0.1690,-0.0898,-0.0724,-0.1769,0.2600,-0.0325,0.9702,0.2191,3.9484,0.0006
11.077,0.1772,-0.0944,-0.0724,-0.1755,0.2600,-0.0325,0.9656,0.2205,3.9484,0.0006
11.079,0.1713,-0.0944,-0.0865,-0.1755,0.2504,-0.0325,0.9656,0.2205,3.9484,0.0006
11.081,0.1713,-0.1055,-0.0967,-0.1755,0.2504,-0.0454,0.9545,0.2205,3.9484,0.0006
11.181,0.1713,-0.1055,-0.0967,-0.1755,0.2504,-0.0454,0.9545,0.2205,3.9484,0.0006
11.200,0.1713,-0.1055,-0.0967,-0.1853,0.2581,-0.0393,0.9545,0.2107,3.9583,0.0005
11.209,0.1792,-0.1106,-0.0967,-0.1842,0.2581,-0.0393,0.9494,0.2118,3.9583,0.0005
11.211,0.1731,-0.1106,-0.1110,-0.1842,0.2484,-0.0393,0.9490,0.2118,3.9583,0.0005
11.213,0.1731,-0.1242,-0.1215,-0.1842,0.2484,-0.0545,0.9358,0.2118,3.9583,0.0005
11.305,0.1731,-0.1242,-0.1215,-0.1941,0.2561,-0.0482,0.9358,0.2019,3.9683,0.0003
11.306,0.1797,-0.1307,-0.1215,-0.1943,0.2561,-0.0482,0.9293,0.2017,3.9683,0.0003
11.306,0.1733,-0.1307,-0.1361,-0.1943,0.2463,-0.0482,0.9239,0.2017,3.9683,0.0003
11.307,0.1733,-0.1459,-0.1451,-0.1943,0.2463,-0.0643,0.9141,0.2017,3.9683,0.0003
11.368,0.1733,-0.1459,-0.1451,-0.2042,0.2541,-0.0580,0.9141,0.1918,3.9782,0.0002
11.369,0.1794,-0.1530,-0.1451,-0.2047,0.2541,-0.0580,0.9070,0.1913,3.9782,0.0002
11.369,0.1725,-0.1530,-0.1602,-0.2047,0.2440,-0.0580,0.8998,0.1913,3.9782,0.0002
11.370,0.1725,-0.1692,-0.1679,-0.2047,0.2440,-0.0747,0.8908,0.1913,3.9782,0.0002
11.470,0.1725,-0.1692,-0.1679,-0.2047,0.2440,-0.0747,0.8908,0.1913,3.9782,0.0002
11.482,0.1725,-0.1692,-0.1679,-0.2146,0.2519,-0.0683,0.8908,0.1814,3.9881,0.0000
11.483,0.1799,-0.1751,-0.1679,-0.2136,0.2519,-0.0683,0.8849,0.1824,3.9881,0.0000
11.484,0.1723,-0.1751,-0.1836,-0.2136,0.2412,-0.0683,0.8764,0.1824,3.9881,0.0000
11.484,0.1723,-0.1912,-0.1907,-0.2136,0.2412,-0.0848,0.8688,0.1824,3.9881,0.0000
11.585,0.1723,-0.1912,-0.1907,-0.2235,0.2492,-0.0783,0.8688,0.1725,3.9980,-0.0001
11.586,0.1825,-0.1941,-0.1907,-0.2189,0.2492,-0.0783,0.8659,0.1771,3.9980,-0.0001
11.586,0.1743,-0.1941,-0.2068,-0.2189,0.2380,-0.0783,0.8532,0.1771,3.9980,-0.0001
11.588,0.1743,-0.2102,-0.2138,-0.2189,0.2380,-0.0949,0.8462,0.1771,3.9980,-0.0001
11.666,0.1743,-0.2102,-0.2138,-0.2288,0.2461,-0.0885,0.8462,0.1672,4.0079,-0.0003
11.667,0.1867,-0.2101,-0.2138,-0.2213,0.2461,-0.0885,0.8462,0.1747,4.0079,-0.0003
11.667,0.1774,-0.2101,-0.2303,-0.2213,0.2341,-0.0885,0.8297,0.1747,4.0079,-0.0003
11.667,0.1774,-0.2271,-0.2373,-0.2213,0.2341,-0.1060,0.8227,0.1747,4.0079,-0.0003
11.761,0.1774,-0.2271,-0.2373,-0.2312,0.2423,-0.0994,0.8227,0.1648,4.0178,-0.0005
11.762,0.1904,-0.2255,-0.2373,-0.2224,0.2423,-0.0994,0.8227,0.1736,4.0178,-0.0005
11.762,0.1802,-0.2255,-0.2542,-0.2224,0.2295,-0.0994,0.8058,0.1736,4.0178,-0.0005
11.763,0.1802,-0.2436,-0.2597,-0.2224,0.2295,-0.1175,0.8003,0.1736,4.0178,-0.0005
11.852,0.1802,-0.2436,-0.2597,-0.2323,0.2378,-0.1109,0.8003,0.1637,4.0277,-0.0006
11.853,0.1930,-0.2412,-0.2597,-0.2230,0.2378,-0.1109,0.8003,0.1730,4.0277,-0.0006
11.853,0.1823,-0.2412,-0.2768,-0.2230,0.2248,-0.1109,0.7832,0.1730,4.0277,-0.0006
11.854,0.1823,-0.2600,-0.2800,-0.2230,0.2248,-0.1288,0.7800,0.1730,4.0277,-0.0006
11.954,0.1823,-0.2600,-0.2800,-0.2230,0.2248,-0.1288,0.7800,0.1730,4.0277,-0.0006
11.960,0.1823,-0.2600,-0.2800,-0.2329,0.2332,-0.1222,0.7800,0.1631,4.0376,-0.0008
11.961,0.1955,-0.2564,-0.2800,-0.2227,0.2332,-0.1222,0.7800,0.1733,4.0376,-0.0008
11.961,0.1847,-0.2564,-0.2969,-0.2227,0.2202,-0.1222,0.7631,0.1733,4.0376,-0.0008
11.961,0.1847,-0.2752,-0.2984,-0.2227,0.2202,-0.1395,0.7616,0.1733,4.0376,-0.0008
12.053,0.1847,-0.2752,-0.2984,-0.2326,0.2287,-0.1329,0.7616,0.1634,4.0476,-0.0009
12.053,0.1994,-0.2695,-0.2984,-0.2204,0.2287,-0.1329,0.7616,0.1756,4.0476,-0.0009
12.054,0.1884,-0.2695,-0.3152,-0.2204,0.2157,-0.1329,0.7448,0.1756,4.0476,-0.0009
12.055,0.1884,-0.2879,-0.3164,-0.2204,0.2157,-0.1499,0.7436,0.1756,4.0476,-0.0009
12.155,0.1884,-0.2879,-0.3164,-0.2204,0.2157,-0.1499,0.7436,0.1756,4.0476,-0.0009
12.158,0.1884,-0.2879,-0.3164,-0.2303,0.2242,-0.1433,0.7436,0.1657,4.0575,-0.0011
12.158,0.2053,-0.2795,-0.3164,-0.2154,0.2242,-0.1433,0.7436,0.1806,4.0575,-0.0011
12.159,0.1939,-0.2795,-0.3334,-0.2154,0.2110,-0.1433,0.7266,0.1806,4.0575,-0.0011
12.159,0.1939,-0.2973,-0.3358,-0.2154,0.2110,-0.1605,0.7242,0.1806,4.0575,-0.0011
12.254,0.1939,-0.2973,-0.3358,-0.2252,0.2196,-0.1538,0.7242,0.1708,4.0674,-0.0013
12.254,0.2122,-0.2869,-0.3358,-0.2085,0.2196,-0.1538,0.7242,0.1875,4.0674,-0.0013
12.255,0.2002,-0.2869,-0.3531,-0.2085,0.2059,-0.1538,0.7069,0.1875,4.0674,-0.0013
12.255,0.2002,-0.3044,-0.3561,-0.2085,0.2059,-0.1712,0.7039,0.1875,4.0674,-0.0013
12.356,0.2002,-0.3044,-0.3561,-0.2085,0.2059,-0.1712,0.7039,0.1875,4.0674,-0.0013
12.361,0.2002,-0.3044,-0.3561,-0.2183,0.2145,-0.1646,0.7039,0.1777,4.0773,-0.0014
12.362,0.2177,-0.2940,-0.3561,-0.2022,0.2145,-0.1646,0.7039,0.1938,4.0773,-0.0014
12.362,0.2053,-0.2940,-0.3735,-0.2022,0.2006,-0.1646,0.6865,0.1938,4.0773,-0.0014
12.362,0.2053,-0.3117,-0.3750,-0.2022,0.2006,-0.1816,0.6850,0.1938,4.0773,-0.0014
12.463,0.2053,-0.3117,-0.3750,-0.2120,0.2093,-0.1749,0.6850,0.1840,4.0872,-0.0016
12.464,0.2215,-0.3021,-0.3750,-0.1970,0.2093,-0.1749,0.6850,0.1990,4.0872,-0.0016
12.465,0.2087,-0.3021,-0.3925,-0.1970,0.1952,-0.1749,0.6675,0.1990,4.0872,-0.0016
12.466,0.2087,-0.3203,-0.3916,-0.1970,0.1952,-0.1914,0.6684,0.1990,4.0872,-0.0016
12.567,0.2087,-0.3203,-0.3916,-0.1970,0.1952,-0.1914,0.6684,0.1990,4.0872,-0.0016
12.567,0.2087,-0.3203,-0.3916,-0.2068,0.2040,-0.1847,0.6684,0.1892,4.0971,-0.0017
12.568,0.2250,-0.3105,-0.3916,-0.1916,0.2040,-0.1847,0.6684,0.2044,4.0971,-0.0017
12.568,0.2119,-0.3105,-0.4093,-0.1916,0.1895,-0.1847,0.6507,0.2044,4.0971,-0.0017
12.568,0.2119,-0.3289,-0.4067,-0.1916,0.1895,-0.2009,0.6533,0.1951,4.0971,-0.0017
12.668,0.2119,-0.3289,-0.4067,-0.2014,0.1984,-0.1942,0.6533,0.1946,4.1070,-0.0019
12.668,0.2294,-0.3175,-0.4067,-0.1847,0.1984,-0.1942,0.6533,0.2018,4.1070,-0.0019
12.668,0.2155,-0.3175,-0.4246,-0.1847,0.1834,-0.1942,0.6354,0.2018,4.1070,-0.0019
12.669,0.2155,-0.3357,-0.4220,-0.1847,0.1834,-0.2102,0.6380,0.1858,4.1070,-0.0019
12.760,0.2155,-0.3357,-0.4220,-0.1944,0.1923,-0.2036,0.6380,0.1924,4.1169,-0.0020
12.761,0.2339,-0.3230,-0.4220,-0.1768,0.1923,-0.2036,0.6380,0.1924,4.1169,-0.0020
12.761,0.2192,-0.3230,-0.4402,-0.1768,0.1766,-0.2036,0.6198,0.1924,4.1169,-0.0020
12.762,0.2192,-0.3405,-0.4380,-0.1768,0.1766,-0.2193,0.6220,0.1767,4.1169,-0.0020
12.862,0.2192,-0.3405,-0.4380,-0.1768,0.1766,-0.2193,0.6220,0.1767,4.1169,-0.0020
12.863,0.2192,-0.3405,-0.4380,-0.1865,0.1855,-0.2127,0.6220,0.1833,4.1268,-0.0022
12.864,0.2370,-0.3277,-0.4380,-0.1692,0.1855,-0.2127,0.6220,0.1833,4.1268,-0.0022
12.866,0.2218,-0.3277,-0.4564,-0.1692,0.1694,-0.2127,0.6036,0.1833,4.1268,-0.0022
12.867,0.2218,-0.3451,-0.4532,-0.1692,0.1694,-0.2278,0.6068,0.1682,4.1268,-0.0022
12.962,0.2218,-0.3451,-0.4532,-0.1789,0.1784,-0.2212,0.6068,0.1748,4.1367,-0.0024
12.963,0.2386,-0.3328,-0.4532,-0.1625,0.1784,-0.2212,0.6068,0.1748,4.1367,-0.0024
12.963,0.2232,-0.3328,-0.4715,-0.1625,0.1622,-0.2212,0.5885,0.1748,4.1367,-0.0024
12.963,0.2232,-0.3509,-0.4652,-0.1625,0.1622,-0.2355,0.5948,0.1605,4.1367,-0.0024
13.060,0.2232,-0.3509,-0.4652,-0.1721,0.1713,-0.2289,0.5948,0.1671,4.1467,-0.0025
13.061,0.2396,-0.3387,-0.4652,-0.1560,0.1713,-0.2289,0.5948,0.1671,4.1467,-0.0025
13.062,0.2240,-0.3387,-0.4836,-0.1560,0.1549,-0.2289,0.5764,0.1671,4.1467,-0.0025
13.063,0.2240,-0.3578,-0.4737,-0.1560,0.1549,-0.2422,0.5863,0.1538,4.1467,-0.0025
13.162,0.2240,-0.3578,-0.4737,-0.1657,0.1640,-0.2357,0.5863,0.1603,4.1566,-0.0027
13.162,0.2407,-0.3450,-0.4737,-0.1492,0.1640,-0.2357,0.5863,0.1603,4.1566,-0.0027
13.162,0.2247,-0.3450,-0.4921,-0.1492,0.1474,-0.2357,0.5679,0.1603,4.1566,-0.0027
13.162,0.2247,-0.3641,-0.4806,-0.1492,0.1474,-0.2479,0.5794,0.1481,4.1566,-0.0027
13.259,0.2247,-0.3641,-0.4806,-0.1589,0.1565,-0.2415,0.5794,0.1545,4.1665,-0.0028
13.260,0.2418,-0.3503,-0.4806,-0.1419,0.1565,-0.2415,0.5794,0.1545,4.1665,-0.0028
13.261,0.2254,-0.3503,-0.4991,-0.1419,0.1396,-0.2415,0.5609,0.1545,4.1665,-0.0028
13.262,0.2254,-0.3682,-0.4879,-0.1419,0.1396,-0.2526,0.5721,0.1434,4.1665,-0.0028
13.366,0.2254,-0.3682,-0.4879,-0.1515,0.1488,-0.2464,0.5721,0.1497,4.1764,-0.0030
13.367,0.2426,-0.3539,-0.4879,-0.1344,0.1488,-0.2464,0.5721,0.1497,4.1764,-0.0030
13.367,0.2258,-0.3539,-0.5063,-0.1344,0.1316,-0.2464,0.5537,0.1497,4.1764,-0.0030
13.367,0.2258,-0.3708,-0.4950,-0.1344,0.1316,-0.2563,0.5650,0.1397,4.1764,-0.0030
13.468,0.2258,-0.3708,-0.4950,-0.1344,0.1316,-0.2563,0.5650,0.1397,4.1764,-0.0030
13.472,0.2258,-0.3708,-0.4950,-0.1440,0.1408,-0.2501,0.5650,0.1459,4.1863,-0.0032
13.472,0.2428,-0.3562,-0.4950,-0.1270,0.1408,-0.2501,0.5650,0.1459,4.1863,-0.0032
13.473,0.2258,-0.3562,-0.5131,-0.1270,0.1235,-0.2501,0.5469,0.1459,4.1863,-0.0032
13.473,0.2258,-0.3733,-0.4994,-0.1270,0.1235,-0.2586,0.5606,0.1375,4.1863,-0.0032
13.566,0.2258,-0.3733,-0.4994,-0.1366,0.1328,-0.2525,0.5606,0.1435,4.1962,-0.0033
13.567,0.2427,-0.3585,-0.4994,-0.1196,0.1328,-0.2525,0.5606,0.1435,4.1962,-0.0033
13.567,0.2256,-0.3585,-0.5171,-0.1196,0.1153,-0.2525,0.5429,0.1435,4.1962,-0.0033
13.569,0.2256,-0.3763,-0.4998,-0.1196,0.1153,-0.2592,0.5602,0.1368,4.1962,-0.0033
13.669,0.2256,-0.3763,-0.4998,-0.1196,0.1153,-0.2592,0.5602,0.1368,4.1962,-0.0033
13.674,0.2256,-0.3763,-0.4998,-0.1292,0.1246,-0.2533,0.5602,0.1428,4.2061,-0.0035
13.674,0.2429,-0.3610,-0.4998,-0.1119,0.1246,-0.2533,0.5602,0.1428,4.2061,-0.0035
13.675,0.2255,-0.3610,-0.5172,-0.1119,0.1070,-0.2533,0.5428,0.1428,4.2061,-0.0035
13.675,0.2255,-0.3786,-0.4980,-0.1119,0.1070,-0.2581,0.5620,0.1379,4.2061,-0.0035
13.781,0.2255,-0.3786,-0.4980,-0.1215,0.1164,-0.2524,0.5620,0.1436,4.2160,-0.0036
13.781,0.2428,-0.3630,-0.4980,-0.1041,0.1164,-0.2524,0.5620,0.1436,4.2160,-0.0036
13.781,0.2251,-0.3630,-0.5152,-0.1041,0.0986,-0.2524,0.5448,0.1436,4.2160,-0.0036
13.782,0.2251,-0.3793,-0.4964,-0.1041,0.0986,-0.2559,0.5636,0.1401,4.2160,-0.0036
13.782,0.2251,-0.3793,-0.4964,-0.1041,0.0986,-0.2559,0.5636,0.1401,4.2160,-0.0036
13.865,0.2251,-0.3793,-0.4964,-0.1137,0.1079,-0.2504,0.5636,0.1457,4.2259,-0.0038
13.866,0.2414,-0.3636,-0.4964,-0.0973,0.1079,-0.2504,0.5636,0.1457,4.2259,-0.0038
13.868,0.2237,-0.3636,-0.5131,-0.0973,0.0901,-0.2504,0.5469,0.1457,4.2259,-0.0038
13.869,0.2237,-0.3781,-0.4962,-0.0973,0.0901,-0.2531,0.5638,0.1430,4.2259,-0.0038
13.969,0.2237,-0.3781,-0.4962,-0.1069,0.0995,-0.2477,0.5638,0.1484,4.2358,-0.0040
13.971,0.2388,-0.3623,-0.4962,-0.0917,0.0995,-0.2477,0.5638,0.1484,4.2358,-0.0040
13.973,0.2213,-0.3623,-0.5119,-0.0917,0.0820,-0.2477,0.5481,0.1484,4.2358,-0.0040
13.977,0.2213,-0.3757,-0.4960,-0.0917,0.0820,-0.2497,0.5640,0.1463,4.2358,-0.0040
14.059,0.2213,-0.3757,-0.4960,-0.1012,0.0914,-0.2445,0.5640,0.1516,4.2458,-0.0041
14.069,0.2355,-0.3598,-0.4960,-0.0868,0.0914,-0.2445,0.5640,0.1516,4.2458,-0.0041
14.069,0.2183,-0.3598,-0.5106,-0.0868,0.0741,-0.2445,0.5494,0.1516,4.2458,-0.0041
14.070,0.2183,-0.3728,-0.4941,-0.0868,0.0741,-0.2455,0.5659,0.1505,4.2458,-0.0041
14.167,0.2183,-0.3728,-0.4941,-0.0964,0.0835,-0.2404,0.5659,0.1556,4.2557,-0.0043
14.169,0.2322,-0.3569,-0.4941,-0.0822,0.0835,-0.2404,0.5659,0.1556,4.2557,-0.0043
14.170,0.2150,-0.3569,-0.5078,-0.0822,0.0663,-0.2404,0.5522,0.1556,4.2557,-0.0043
14.172,0.2150,-0.3692,-0.4899,-0.0822,0.0663,-0.2397,0.5701,0.1563,4.2557,-0.0043
14.267,0.2150,-0.3692,-0.4899,-0.0918,0.0757,-0.2347,0.5701,0.1613,4.2656,-0.0044
14.268,0.2287,-0.3535,-0.4899,-0.0778,0.0757,-0.2347,0.5701,0.1613,4.2656,-0.0044
14.268,0.2115,-0.3535,-0.5026,-0.0778,0.0586,-0.2347,0.5574,0.1613,4.2656,-0.0044
14.270,0.2115,-0.3629,-0.4845,-0.0778,0.0586,-0.2311,0.5755,0.1650,4.2656,-0.0044
14.370,0.2115,-0.3629,-0.4845,-0.0874,0.0680,-0.2262,0.5755,0.1698,4.2755,-0.0046
14.372,0.2246,-0.3474,-0.4845,-0.0740,0.0680,-0.2262,0.5755,0.1698,4.2755,-0.0046
14.374,0.2080,-0.3474,-0.4954,-0.0740,0.0515,-0.2262,0.5646,0.1698,4.2755,-0.0046
14.376,0.2080,-0.3518,-0.4788,-0.0740,0.0515,-0.2189,0.5812,0.1771,4.2755,-0.0046
14.468,0.2080,-0.3518,-0.4788,-0.0837,0.0609,-0.2142,0.5812,0.1819,4.2854,-0.0047
14.469,0.2196,-0.3366,-0.4788,-0.0717,0.0609,-0.2142,0.5812,0.1819,4.2854,-0.0047
14.470,0.2042,-0.3366,-0.4873,-0.0717,0.0458,-0.2142,0.5727,0.1819,4.2854,-0.0047
14.471,0.2042,-0.3363,-0.4730,-0.0717,0.0458,-0.2043,0.5870,0.1917,4.2854,-0.0047
14.576,0.2042,-0.3363,-0.4730,-0.0717,0.0458,-0.2043,0.5870,0.1917,4.2854,-0.0047
14.587,0.2042,-0.3363,-0.4730,-0.0813,0.0552,-0.1996,0.5870,0.1964,4.2953,-0.0049
14.589,0.2142,-0.3214,-0.4730,-0.0707,0.0552,-0.1996,0.5870,0.1964,4.2953,-0.0049
14.591,0.2002,-0.3214,-0.4791,-0.0707,0.0415,-0.1996,0.5809,0.1964,4.2953,-0.0049
14.593,0.2002,-0.3192,-0.4665,-0.0707,0.0415,-0.1894,0.5935,0.2066,4.2953,-0.0049
14.681,0.2002,-0.3192,-0.4665,-0.0804,0.0509,-0.1846,0.5935,0.2114,4.3052,-0.0051
14.684,0.2097,-0.3043,-0.4665,-0.0702,0.0509,-0.1846,0.5935,0.2114,4.3052,-0.0051
14.686,0.1965,-0.3043,-0.4711,-0.0702,0.0382,-0.1846,0.5889,0.2114,4.3052,-0.0051
14.688,0.1965,-0.3028,-0.4586,-0.0702,0.0382,-0.1753,0.6014,0.2207,4.3052,-0.0051
14.770,0.1965,-0.3028,-0.4586,-0.0799,0.0476,-0.1706,0.6014,0.2255,4.3151,-0.0052
14.773,0.2064,-0.2877,-0.4586,-0.0692,0.0476,-0.1706,0.6014,0.2255,4.3151,-0.0052
14.774,0.1937,-0.2877,-0.4620,-0.0692,0.0355,-0.1706,0.5980,0.2255,4.3151,-0.0052
14.777,0.1937,-0.2856,-0.4486,-0.0692,0.0355,-0.1604,0.6114,0.2356,4.3151,-0.0052
14.877,0.1937,-0.2856,-0.4486,-0.0692,0.0355,-0.1604,0.6114,0.2356,4.3151,-0.0052
14.895,0.1937,-0.2856,-0.4486,-0.0790,0.0449,-0.1557,0.6114,0.2404,4.3251,-0.0054
14.896,0.2042,-0.2701,-0.4486,-0.0676,0.0449,-0.1557,0.6114,0.2404,4.3251,-0.0054
14.898,0.1921,-0.2701,-0.4505,-0.0676,0.0335,-0.1557,0.6095,0.2404,4.3251,-0.0054
14.899,0.1921,-0.2641,-0.4368,-0.0676,0.0335,-0.1422,0.6232,0.2538,4.3251,-0.0054
14.999,0.1921,-0.2641,-0.4368,-0.0676,0.0335,-0.1422,0.6232,0.2538,4.3251,-0.0054
15.027,0.1921,-0.2641,-0.4368,-0.0774,0.0429,-0.1375,0.6232,0.2585,4.3350,-0.0055
15.029,0.2025,-0.2484,-0.4368,-0.0659,0.0429,-0.1375,0.6232,0.2585,4.3350,-0.0055
15.029,0.1913,-0.2484,-0.4370,-0.0659,0.0326,-0.1375,0.6230,0.2585,4.3350,-0.0055
15.031,0.1913,-0.2378,-0.4242,-0.0659,0.0326,-0.1210,0.6358,0.2750,4.3350,-0.0055
15.131,0.1913,-0.2378,-0.4242,-0.0659,0.0326,-0.1210,0.6358,0.2750,4.3350,-0.0055
15.164,0.1913,-0.2378,-0.4242,-0.0757,0.0419,-0.1162,0.6358,0.2798,4.3449,-0.0057
15.165,0.2009,-0.2223,-0.4242,-0.0649,0.0419,-0.1162,0.6358,0.2798,4.3449,-0.0057
15.166,0.1908,-0.2223,-0.4225,-0.0649,0.0329,-0.1162,0.6375,0.2798,4.3449,-0.0057
15.167,0.1908,-0.2093,-0.4113,-0.0649,0.0329,-0.0990,0.6487,0.2970,4.3449,-0.0057
15.266,0.1908,-0.2093,-0.4113,-0.0747,0.0422,-0.0942,0.6487,0.3019,4.3548,-0.0059
15.267,0.1994,-0.1940,-0.4113,-0.0646,0.0422,-0.0942,0.6487,0.3019,4.3548,-0.0059
15.268,0.1899,-0.1940,-0.4085,-0.0646,0.0340,-0.0942,0.6515,0.3019,4.3548,-0.0059
15.268,0.1899,-0.1818,-0.3989,-0.0646,0.0340,-0.0788,0.6611,0.3172,4.3548,-0.0059
15.369,0.1899,-0.1818,-0.3989,-0.0646,0.0340,-0.0788,0.6611,0.3172,4.3548,-0.0059
15.384,0.1899,-0.1818,-0.3989,-0.0744,0.0432,-0.0739,0.6611,0.3216,4.3647,-0.0060
15.388,0.1983,-0.1664,-0.3989,-0.0644,0.0432,-0.0739,0.6611,0.3221,4.3647,-0.0060
15.388,0.1889,-0.1664,-0.3955,-0.0644,0.0353,-0.0739,0.6645,0.3221,4.3647,-0.0060
15.389,0.1889,-0.1552,-0.3865,-0.0644,0.0353,-0.0599,0.6735,0.3316,4.3647,-0.0060
15.490,0.1889,-0.1552,-0.3865,-0.0644,0.0353,-0.0599,0.6735,0.3316,4.3647,-0.0060
15.493,0.1889,-0.1552,-0.3865,-0.0742,0.0445,-0.0549,0.6735,0.3218,4.3746,-0.0062
15.494,0.1978,-0.1394,-0.3865,-0.0635,0.0445,-0.0549,0.6735,0.3325,4.3746,-0.0062
15.495,0.1885,-0.1394,-0.3826,-0.0635,0.0368,-0.0549,0.6774,0.3325,4.3746,-0.0062
15.497,0.1885,-0.1278,-0.3733,-0.0635,0.0368,-0.0406,0.6867,0.3325,4.3746,-0.0062
15.585,0.1885,-0.1278,-0.3733,-0.0734,0.0460,-0.0355,0.6867,0.3226,4.3845,-0.0063
15.587,0.1977,-0.1116,-0.3733,-0.0621,0.0460,-0.0355,0.6867,0.3339,4.3845,-0.0063
15.591,0.1889,-0.1116,-0.3683,-0.0621,0.0389,-0.0355,0.6917,0.3339,4.3845,-0.0063
15.593,0.1889,-0.0988,-0.3582,-0.0621,0.0389,-0.0201,0.7018,0.3339,4.3845,-0.0063
15.679,0.1889,-0.0988,-0.3582,-0.0720,0.0481,-0.0150,0.7018,0.3240,4.3944,-0.0065
15.680,0.1979,-0.0825,-0.3582,-0.0607,0.0481,-0.0150,0.7018,0.3353,4.3944,-0.0065
15.680,0.1896,-0.0825,-0.3521,-0.0607,0.0419,-0.0150,0.7079,0.3353,4.3944,-0.0065
15.681,0.1896,-0.0693,-0.3418,-0.0607,0.0419,0.0007,0.7182,0.3353,4.3944,-0.0065
15.776,0.1896,-0.0693,-0.3418,-0.0706,0.0510,0.0060,0.7182,0.3254,4.4043,-0.0067
15.777,0.1978,-0.0531,-0.3418,-0.0598,0.0510,0.0060,0.7182,0.3362,4.4043,-0.0067
15.778,0.1898,-0.0531,-0.3353,-0.0598,0.0452,0.0060,0.7247,0.3362,4.4043,-0.0067
15.778,0.1898,-0.0404,-0.3254,-0.0598,0.0452,0.0208,0.7346,0.3362,4.4043,-0.0067
15.844,0.1898,-0.0404,-0.3254,-0.0697,0.0542,0.0261,0.7346,0.3263,4.4142,-0.0068
15.845,0.1973,-0.0243,-0.3254,-0.0593,0.0542,0.0261,0.7346,0.3367,4.4142,-0.0068
15.847,0.1890,-0.0243,-0.3188,-0.0593,0.0483,0.0261,0.7412,0.3367,4.4142,-0.0068
15.848,0.1890,-0.0120,-0.3092,-0.0593,0.0483,0.0402,0.7508,0.3367,4.4142,-0.0068
15.922,0.1890,-0.0120,-0.3092,-0.0692,0.0573,0.0457,0.7508,0.3268,4.4242,-0.0070
15.924,0.1961,0.0040,-0.3092,-0.0589,0.0573,0.0457,0.7508,0.3371,4.4242,-0.0070
15.926,0.1878,0.0040,-0.3019,-0.0589,0.0517,0.0457,0.7581,0.3371,4.4242,-0.0070
15.927,0.1878,0.0166,-0.2921,-0.0589,0.0517,0.0600,0.7679,0.3371,4.4242,-0.0070
16.022,0.1878,0.0166,-0.2921,-0.0688,0.0606,0.0655,0.7679,0.3272,4.4341,-0.0071
16.026,0.1946,0.0327,-0.2921,-0.0586,0.0606,0.0655,0.7679,0.3374,4.4341,-0.0071
16.027,0.1868,0.0327,-0.2836,-0.0586,0.0558,0.0655,0.7764,0.3374,4.4341,-0.0071
16.029,0.1868,0.0459,-0.2731,-0.0586,0.0558,0.0805,0.7869,0.3374,4.4341,-0.0071
16.120,0.1868,0.0459,-0.2731,-0.0685,0.0648,0.0861,0.7869,0.3275,4.4440,-0.0073
16.124,0.1934,0.0620,-0.2731,-0.0582,0.0648,0.0861,0.7869,0.3378,4.4440,-0.0073
16.127,0.1864,0.0620,-0.2635,-0.0582,0.0611,0.0861,0.7965,0.3378,4.4440,-0.0073
16.129,0.1864,0.0757,-0.2523,-0.0582,0.0611,0.1016,0.8077,0.3378,4.4440,-0.0073
16.213,0.1864,0.0757,-0.2523,-0.0681,0.0699,0.1072,0.8077,0.3279,4.4539,-0.0074
16.214,0.1927,0.0918,-0.2523,-0.0578,0.0699,0.1072,0.8077,0.3382,4.4539,-0.0074
16.216,0.1864,0.0918,-0.2419,-0.0578,0.0671,0.1072,0.8181,0.3382,4.4539,-0.0074
16.218,0.1864,0.1056,-0.2305,-0.0578,0.0671,0.1228,0.8295,0.3382,4.4539,-0.0074
16.318,0.1864,0.1056,-0.2305,-0.0578,0.0671,0.1228,0.8295,0.3382,4.4539,-0.0074
16.333,0.1864,0.1056,-0.2305,-0.0677,0.0759,0.1285,0.8295,0.3283,4.4638,-0.0076
16.335,0.1925,0.1217,-0.2305,-0.0573,0.0759,0.1285,0.8295,0.3387,4.4638,-0.0076
16.338,0.1864,0.1217,-0.2195,-0.0573,0.0737,0.1285,0.8405,0.3387,4.4638,-0.0076
16.343,0.1864,0.1353,-0.2080,-0.0573,0.0737,0.1439,0.8520,0.3387,4.4638,-0.0076
16.429,0.1864,0.1353,-0.2080,-0.0672,0.0824,0.1496,0.8520,0.3288,4.4737,-0.0077
16.431,0.1924,0.1511,-0.2080,-0.0567,0.0824,0.1496,0.8520,0.3393,4.4737,-0.0077
16.434,0.1864,0.1511,-0.1964,-0.0567,0.0805,0.1496,0.8636,0.3393,4.4737,-0.0077
16.438,0.1864,0.1653,-0.1844,-0.0567,0.0805,0.1654,0.8756,0.3393,4.4737,-0.0077
16.534,0.1864,0.1653,-0.1844,-0.0666,0.0892,0.1712,0.8756,0.3294,4.4836,-0.0079
16.537,0.1924,0.1803,-0.1844,-0.0563,0.0892,0.1712,0.8756,0.3397,4.4836,-0.0079
16.539,0.1865,0.1803,-0.1724,-0.0563,0.0877,0.1712,0.8876,0.3397,4.4836,-0.0079
16.543,0.1865,0.1951,-0.1596,-0.0563,0.0877,0.1878,0.9004,0.3397,4.4836,-0.0079
16.630,0.1865,0.1951,-0.1596,-0.0662,0.0963,0.1936,0.9004,0.3298,4.4935,-0.0080
16.633,0.1928,0.2092,-0.1596,-0.0559,0.0963,0.1936,0.9004,0.3401,4.4935,-0.0080
16.635,0.1869,0.2092,-0.1473,-0.0559,0.0949,0.1936,0.9127,0.3401,4.4935,-0.0080
16.638,0.1869,0.2241,-0.1338,-0.0559,0.0949,0.2103,0.9262,0.3401,4.4935,-0.0080
16.737,0.1869,0.2241,-0.1338,-0.0658,0.1035,0.2162,0.9262,0.3302,4.5035,-0.0082
16.741,0.1941,0.2381,-0.1338,-0.0548,0.1035,0.2162,0.9262,0.3412,4.5035,-0.0082
16.743,0.1879,0.2381,-0.1215,-0.0548,0.1021,0.2162,0.9385,0.3412,4.5035,-0.0082
16.745,0.1879,0.2523,-0.1076,-0.0548,0.1021,0.2325,0.9524,0.3412,4.5035,-0.0082
16.838,0.1879,0.2523,-0.1076,-0.0646,0.1107,0.2384,0.9524,0.3314,4.5134,-0.0083
16.841,0.1966,0.2666,-0.1076,-0.0525,0.1107,0.2384,0.9524,0.3435,4.5134,-0.0083
16.843,0.1899,0.2666,-0.0955,-0.0525,0.1088,0.2384,0.9645,0.3435,4.5134,-0.0083
16.845,0.1899,0.2800,-0.0809,-0.0525,0.1088,0.2542,0.9791,0.3435,4.5134,-0.0083
16.924,0.1899,0.2800,-0.0809,-0.0623,0.1173,0.2601,0.9791,0.3337,4.5233,-0.0085
16.926,0.2006,0.2946,-0.0809,-0.0487,0.1173,0.2601,0.9791,0.3473,4.5233,-0.0085
16.927,0.1931,0.2946,-0.0691,-0.0487,0.1148,0.2601,0.9909,0.3473,4.5233,-0.0085
16.928,0.1931,0.3072,-0.0539,-0.0487,0.1148,0.2754,1.0061,0.3473,4.5233,-0.0085
17.008,0.1931,0.3072,-0.0539,-0.0586,0.1232,0.2814,1.0061,0.3374,4.5332,-0.0086
17.009,0.2055,0.3221,-0.0539,-0.0438,0.1232,0.2814,1.0061,0.3522,4.5332,-0.0086
17.009,0.1971,0.3221,-0.0423,-0.0438,0.1200,0.2814,1.0177,0.3522,4.5332,-0.0086
17.009,0.1971,0.3344,-0.0268,-0.0438,0.1200,0.2965,1.0332,0.3522,4.5332,-0.0086
17.082,0.1971,0.3344,-0.0268,-0.0536,0.1284,0.3025,1.0332,0.3424,4.5431,-0.0088
17.082,0.2103,0.3491,-0.0268,-0.0384,0.1284,0.3025,1.0332,0.3576,4.5431,-0.0088
17.082,0.2017,0.3491,-0.0152,-0.0384,0.1251,0.3025,1.0448,0.3576,4.5431,-0.0088
17.082,0.2017,0.3614,0.0001,-0.0384,0.1251,0.3175,1.0601,0.3576,4.5431,-0.0088
17.162,0.2017,0.3614,0.0001,-0.0482,0.1333,0.3234,1.0601,0.3478,4.5530,-0.0089
17.163,0.2160,0.3761,0.0001,-0.0322,0.1333,0.3234,1.0601,0.3638,4.5530,-0.0089
17.173,0.2070,0.3761,0.0116,-0.0322,0.1298,0.3234,1.0716,0.3638,4.5530,-0.0089
17.174,0.2070,0.3874,0.0267,-0.0322,0.1298,0.3375,1.0867,0.3638,4.5530,-0.0089
17.274,0.2070,0.3874,0.0267,-0.0322,0.1298,0.3375,1.0867,0.3638,4.5530,-0.0089
17.288,0.2070,0.3874,0.0267,-0.0420,0.1380,0.3435,1.0867,0.3540,4.5629,-0.0091
17.288,0.2232,0.4025,0.0267,-0.0248,0.1380,0.3435,1.0867,0.3712,4.5629,-0.0091
17.289,0.2137,0.4025,0.0380,-0.0248,0.1341,0.3435,1.0980,0.3712,4.5629,-0.0091
17.289,0.2137,0.4116,0.0530,-0.0248,0.1341,0.3559,1.1130,0.3712,4.5629,-0.0091
17.389,0.2137,0.4116,0.0530,-0.0248,0.1341,0.3559,1.1130,0.3712,4.5629,-0.0091
17.399,0.2137,0.4116,0.0530,-0.0346,0.1422,0.3619,1.1130,0.3614,4.5728,-0.0093
17.399,0.2325,0.4272,0.0530,-0.0156,0.1422,0.3619,1.1130,0.3804,4.5728,-0.0093
17.399,0.2223,0.4272,0.0640,-0.0156,0.1377,0.3619,1.1240,0.3804,4.5728,-0.0093
17.400,0.2223,0.4338,0.0791,-0.0156,0.1377,0.3724,1.1391,0.3804,4.5728,-0.0093
17.460,0.2223,0.4338,0.0791,-0.0254,0.1458,0.3784,1.1391,0.3706,4.5827,-0.0094
17.461,0.2429,0.4488,0.0791,-0.0055,0.1458,0.3784,1.1391,0.3905,4.5827,-0.0094
17.461,0.2319,0.4488,0.0896,-0.0055,0.1405,0.3784,1.1496,0.3905,4.5827,-0.0094
17.461,0.2319,0.4538,0.1049,-0.0055,0.1405,0.3879,1.1649,0.3905,4.5827,-0.0094
17.551,0.2319,0.4538,0.1049,-0.0153,0.1485,0.3938,1.1649,0.3807,4.5927,-0.0096
17.553,0.2525,0.4671,0.1049,0.0037,0.1485,0.3938,1.1649,0.3997,4.5927,-0.0096
17.555,0.2411,0.4671,0.1152,0.0037,0.1428,0.3938,1.1752,0.3997,4.5927,-0.0096
17.556,0.2411,0.4711,0.1306,0.0037,0.1428,0.4026,1.1906,0.3997,4.5927,-0.0096
17.657,0.2411,0.4711,0.1306,0.0037,0.1428,0.4026,1.1906,0.3997,4.5927,-0.0096
17.657,0.2411,0.4711,0.1306,-0.0061,0.1507,0.4085,1.1906,0.3899,4.6026,-0.0097
17.657,0.2606,0.4830,0.1306,0.0116,0.1507,0.4085,1.1906,0.4076,4.6026,-0.0097
17.657,0.2493,0.4830,0.1410,0.0116,0.1452,0.4085,1.2010,0.4076,4.6026,-0.0097
17.658,0.2493,0.4866,0.1557,0.0116,0.1452,0.4168,1.2157,0.4076,4.6026,-0.0097
17.760,0.2493,0.4866,0.1557,0.0116,0.1452,0.4168,1.2157,0.4076,4.6026,-0.0097
17.762,0.2493,0.4866,0.1557,0.0018,0.1531,0.4227,1.2157,0.3978,4.6125,-0.0099
17.763,0.2683,0.4981,0.1557,0.0190,0.1531,0.4227,1.2157,0.4150,4.6125,-0.0099
17.763,0.2571,0.4981,0.1662,0.0190,0.1478,0.4227,1.2262,0.4150,4.6125,-0.0099
17.764,0.2571,0.5010,0.1798,0.0190,0.1478,0.4301,1.2398,0.4150,4.6125,-0.0099
17.863,0.2571,0.5010,0.1798,0.0092,0.1556,0.4360,1.2398,0.4052,4.6224,-0.0101
17.875,0.2767,0.5127,0.1798,0.0269,0.1556,0.4360,1.2398,0.4229,4.6224,-0.0101
17.876,0.2652,0.5127,0.1899,0.0269,0.1500,0.4360,1.2499,0.4229,4.6224,-0.0101
17.877,0.2652,0.5137,0.2030,0.0269,0.1500,0.4419,1.2630,0.4229,4.6224,-0.0101
17.957,0.2652,0.5137,0.2030,0.0171,0.1577,0.4477,1.2630,0.4131,4.6323,-0.0102
17.957,0.2857,0.5248,0.2030,0.0353,0.1577,0.4477,1.2630,0.4313,4.6323,-0.0102
17.958,0.2736,0.5248,0.2125,0.0353,0.1514,0.4477,1.2725,0.4313,4.6323,-0.0102
17.958,0.2736,0.5232,0.2257,0.0353,0.1514,0.4519,1.2857,0.4313,4.6323,-0.0102
18.058,0.2736,0.5232,0.2257,0.0353,0.1514,0.4519,1.2857,0.4313,4.6323,-0.0102
18.060,0.2736,0.5232,0.2257,0.0254,0.1591,0.4577,1.2857,0.4214,4.6422,-0.0104
18.070,0.2948,0.5326,0.2257,0.0432,0.1591,0.4577,1.2857,0.4392,4.6422,-0.0104
18.070,0.2822,0.5326,0.2348,0.0432,0.1524,0.4577,1.2948,0.4392,4.6422,-0.0104
18.071,0.2822,0.5289,0.2478,0.0432,0.1524,0.4604,1.3078,0.4392,4.6422,-0.0104
18.162,0.2822,0.5289,0.2478,0.0333,0.1600,0.4661,1.3078,0.4293,4.6521,-0.0105
18.178,0.3027,0.5357,0.2478,0.0495,0.1600,0.4661,1.3078,0.4455,4.6521,-0.0105
18.180,0.2901,0.5357,0.2567,0.0495,0.1532,0.4661,1.3167,0.4455,4.6521,-0.0105
18.181,0.2901,0.5309,0.2688,0.0495,0.1532,0.4680,1.3288,0.4455,4.6521,-0.0105
18.268,0.2901,0.5309,0.2688,0.0396,0.1607,0.4736,1.3288,0.4356,4.6620,-0.0107
18.269,0.3077,0.5355,0.2688,0.0531,0.1607,0.4736,1.3288,0.4491,4.6620,-0.0107
18.270,0.2952,0.5355,0.2775,0.0531,0.1540,0.4736,1.3375,0.4491,4.6620,-0.0107
18.270,0.2952,0.5308,0.2887,0.0531,0.1540,0.4751,1.3487,0.4491,4.6620,-0.0107
18.362,0.2952,0.5308,0.2887,0.0432,0.1614,0.4807,1.3487,0.4392,4.6719,-0.0108
18.363,0.3097,0.5331,0.2887,0.0537,0.1614,0.4807,1.3487,0.4497,4.6719,-0.0108
18.364,0.2971,0.5331,0.2971,0.0537,0.1545,0.4807,1.3571,0.4497,4.6719,-0.0108
18.364,0.2971,0.5286,0.3080,0.0537,0.1545,0.4825,1.3571,0.4497,4.6719,-0.0108
18.465,0.2971,0.5286,0.3080,0.0537,0.1545,0.4825,1.3571,0.4497,4.6719,-0.0108
18.477,0.2971,0.5286,0.3080,0.0438,0.1619,0.4880,1.3571,0.4398,4.6819,-0.0110
18.498,0.3094,0.5285,0.3080,0.0517,0.1619,0.4880,1.3680,0.4477,4.6819,-0.0110
18.500,0.2965,0.5285,0.3159,0.0517,0.1547,0.4880,1.3565,0.4477,4.6819,-0.0110
18.502,0.2965,0.5240,0.3274,0.0517,0.1547,0.4902,1.3565,0.4477,4.6819,-0.0110
18.603,0.2965,0.5240,0.3274,0.0517,0.1547,0.4902,1.3565,0.4477,4.6819,-0.0110
18.618,0.2965,0.5240,0.3274,0.0418,0.1620,0.4956,1.3565,0.4378,4.6918,-0.0112
18.634,0.3084,0.5220,0.3274,0.0488,0.1620,0.4956,1.3684,0.4448,4.6918,-0.0112
18.637,0.2952,0.5220,0.3348,0.0488,0.1543,0.4956,1.3552,0.4448,4.6918,-0.0112
18.639,0.2952,0.5169,0.3473,0.0488,0.1543,0.4979,1.3552,0.4448,4.6918,-0.0112
18.724,0.2952,0.5169,0.3473,0.0389,0.1615,0.5033,1.3552,0.4349,4.7017,-0.0113
18.726,0.3070,0.5137,0.3473,0.0453,0.1615,0.5033,1.3670,0.4413,4.7017,-0.0113
18.728,0.2933,0.5137,0.3541,0.0453,0.1532,0.5033,1.3533,0.4413,4.7017,-0.0113
18.730,0.2933,0.5079,0.3667,0.0453,0.1532,0.5054,1.3533,0.4413,4.7017,-0.0113
18.808,0.2933,0.5079,0.3667,0.0354,0.1604,0.5108,1.3533,0.4314,4.7116,-0.0115
18.809,0.3046,0.5043,0.3667,0.0415,0.1604,0.5108,1.3646,0.4375,4.7116,-0.0115
18.809,0.2906,0.5043,0.3729,0.0415,0.1517,0.5108,1.3506,0.4375,4.7116,-0.0115
18.809,0.2906,0.4981,0.3848,0.0415,0.1517,0.5124,1.3506,0.4375,4.7116,-0.0115
18.882,0.2906,0.4981,0.3848,0.0316,0.1588,0.5177,1.3506,0.4276,4.7215,-0.0116
18.883,0.2998,0.4932,0.3848,0.0358,0.1588,0.5177,1.3598,0.4318,4.7215,-0.0116
18.883,0.2860,0.4932,0.3909,0.0358,0.1501,0.5177,1.3460,0.4318,4.7215,-0.0116
18.883,0.2860,0.4869,0.4019,0.0358,0.1501,0.5190,1.3460,0.4318,4.7215,-0.0116
18.967,0.2860,0.4869,0.4019,0.0259,0.1572,0.5241,1.3460,0.4219,4.7314,-0.0118
18.968,0.2924,0.4796,0.4019,0.0272,0.1572,0.5241,1.3524,0.4232,4.7314,-0.0118
18.971,0.2786,0.4796,0.4078,0.0272,0.1486,0.5241,1.3386,0.4232,4.7314,-0.0118
18.973,0.2786,0.4735,0.4184,0.0272,0.1486,0.5255,1.3386,0.4232,4.7314,-0.0118
19.065,0.2786,0.4735,0.4184,0.0173,0.1555,0.5306,1.3386,0.4133,4.7413,-0.0119
19.065,0.2827,0.4640,0.4184,0.0161,0.1555,0.5306,1.3427,0.4121,4.7413,-0.0119
19.067,0.2687,0.4640,0.4239,0.0161,0.1466,0.5306,1.3287,0.4121,4.7413,-0.0119
19.068,0.2687,0.4581,0.4349,0.0161,0.1466,0.5323,1.3287,0.4121,4.7413,-0.0119
19.155,0.2687,0.4581,0.4349,0.0062,0.1535,0.5373,1.3287,0.4022,4.7512,-0.0121
19.160,0.2706,0.4472,0.4349,0.0029,0.1535,0.5373,1.3306,0.3989,4.7512,-0.0121
19.162,0.2563,0.4472,0.4399,0.0029,0.1442,0.5373,1.3163,0.3989,4.7512,-0.0121
19.165,0.2563,0.4416,0.4512,0.0029,0.1442,0.5396,1.3163,0.3989,4.7512,-0.0121
19.265,0.2563,0.4416,0.4512,0.0029,0.1442,0.5396,1.3163,0.3989,4.7512,-0.0121
19.276,0.2563,0.4416,0.4512,-0.0070,0.1510,0.5445,1.3163,0.3890,4.7611,-0.0123
19.292,0.2558,0.4296,0.4512,-0.0125,0.1510,0.5445,1.3158,0.3835,4.7611,-0.0123
19.293,0.2413,0.4296,0.4558,-0.0125,0.1414,0.5445,1.3013,0.3835,4.7611,-0.0123
19.307,0.2413,0.4239,0.4665,-0.0125,0.1414,0.5465,1.3013,0.3835,4.7611,-0.0123
19.401,0.2413,0.4239,0.4665,-0.0224,0.1481,0.5514,1.3013,0.3736,4.7711,-0.0124
19.409,0.2379,0.4104,0.4665,-0.0306,0.1481,0.5514,1.2979,0.3654,4.7711,-0.0124
19.409,0.2234,0.4104,0.4708,-0.0306,0.1384,0.5514,1.2834,0.3654,4.7711,-0.0124
19.410,0.2234,0.4027,0.4785,-0.0306,0.1384,0.5506,1.2834,0.3654,4.7711,-0.0124
19.510,0.2234,0.4027,0.4785,-0.0306,0.1384,0.5506,1.2834,0.3654,4.7711,-0.0124
19.514,0.2234,0.4027,0.4785,-0.0404,0.1451,0.5555,1.2834,0.3556,4.7810,-0.0126
19.516,0.2180,0.3881,0.4785,-0.0505,0.1451,0.5555,1.2780,0.3455,4.7810,-0.0126
19.518,0.2037,0.3881,0.4824,-0.0505,0.1353,0.5555,1.2637,0.3455,4.7810,-0.0126
19.521,0.2037,0.3768,0.4852,-0.0505,0.1353,0.5500,1.2637,0.3455,4.7810,-0.0126
19.619,0.2037,0.3768,0.4852,-0.0604,0.1419,0.5548,1.2637,0.3356,4.7909,-0.0127
19.620,0.1980,0.3628,0.4852,-0.0705,0.1419,0.5548,1.2580,0.3255,4.7909,-0.0127
19.620,0.1836,0.3628,0.4888,-0.0705,0.1320,0.5548,1.2436,0.3255,4.7909,-0.0127
19.621,0.1836,0.3503,0.4887,-0.0705,0.1320,0.5473,1.2436,0.3255,4.7909,-0.0127
19.699,0.1836,0.3503,0.4887,-0.0803,0.1386,0.5521,1.2436,0.3157,4.8008,-0.0129
19.700,0.1774,0.3377,0.4887,-0.0903,0.1386,0.5521,1.2374,0.3057,4.8008,-0.0129
19.700,0.1630,0.3377,0.4920,-0.0903,0.1285,0.5521,1.2230,0.3057,4.8008,-0.0129
19.707,0.1630,0.3266,0.4927,-0.0903,0.1285,0.5458,1.2230,0.3057,4.8008,-0.0129
19.796,0.1630,0.3266,0.4927,-0.1001,0.1350,0.5505,1.2230,0.2959,4.8107,-0.0130
19.797,0.1550,0.3152,0.4927,-0.1110,0.1350,0.5505,1.2150,0.2850,4.8107,-0.0130
19.799,0.1405,0.3152,0.4956,-0.1110,0.1247,0.5505,1.2005,0.2850,4.8107,-0.0130
19.801,0.1405,0.3045,0.4971,-0.1110,0.1247,0.5449,1.2005,0.2850,4.8107,-0.0130
19.901,0.1405,0.3045,0.4971,-0.1208,0.1312,0.5496,1.2005,0.2752,4.8206,-0.0132
19.903,0.1299,0.2938,0.4971,-0.1335,0.1312,0.5496,1.1899,0.2625,4.8206,-0.0132
19.905,0.1153,0.2938,0.4997,-0.1335,0.1207,0.5496,1.1753,0.2625,4.8206,-0.0132
19.909,0.1153,0.2811,0.4992,-0.1335,0.1207,0.5418,1.1753,0.2625,4.8206,-0.0132
19.993,0.1153,0.2811,0.4992,-0.1433,0.1270,0.5465,1.1753,0.2527,4.8305,-0.0133
20.002,0.1026,0.2708,0.4992,-0.1576,0.1270,0.5465,1.1626,0.2384,4.8305,-0.0133
20.003,0.0878,0.2708,0.5014,-0.1576,0.1163,0.5465,1.1478,0.2384,4.8305,-0.0133
20.003,0.0878,0.2551,0.4962,-0.1576,0.1163,0.5344,1.1478,0.2384,4.8305,-0.0133
20.074,0.0878,0.2551,0.4962,-0.1674,0.1226,0.5391,1.1478,0.2286,4.8404,-0.0135
20.075,0.0742,0.2454,0.4962,-0.1823,0.1226,0.5391,1.1342,0.2137,4.8404,-0.0135
20.077,0.0593,0.2454,0.4980,-0.1823,0.1116,0.5391,1.1193,0.2137,4.8404,-0.0135
20.078,0.0593,0.2285,0.4893,-0.1823,0.1116,0.5247,1.1193,0.2137,4.8404,-0.0135
20.166,0.0593,0.2285,0.4893,-0.1920,0.1179,0.5294,1.1193,0.2040,4.8503,-0.0137
20.167,0.0457,0.2202,0.4893,-0.2064,0.1179,0.5294,1.1057,0.1896,4.8503,-0.0137
20.168,0.0304,0.2202,0.4907,-0.2064,0.1066,0.5294,1.0904,0.1896,4.8503,-0.0137
20.169,0.0304,0.2044,0.4814,-0.2064,0.1066,0.5152,1.0904,0.1896,4.8503,-0.0137
20.259,0.0304,0.2044,0.4814,-0.2161,0.1127,0.5199,1.0904,0.1799,4.8603,-0.0138
20.260,0.0165,0.1984,0.4814,-0.2298,0.1127,0.5199,1.0765,0.1662,4.8603,-0.0138
20.261,0.0011,0.1984,0.4824,-0.2298,0.1012,0.5199,1.0611,0.1662,4.8603,-0.0138
20.262,0.0011,0.1842,0.4742,-0.2298,0.1012,0.5073,1.0611,0.1662,4.8603,-0.0138
20.363,0.0011,0.1842,0.4742,-0.2298,0.1012,0.5073,1.0611,0.1662,4.8603,-0.0138
20.364,0.0011,0.1842,0.4742,-0.2396,0.1073,0.5120,1.0611,0.1564,4.8702,-0.0140
20.365,-0.0141,0.1813,0.4742,-0.2531,0.1073,0.5120,1.0459,0.1429,4.8702,-0.0140
20.366,-0.0298,0.1813,0.4748,-0.2531,0.0954,0.5120,1.0302,0.1429,4.8702,-0.0140
20.366,-0.0298,0.1671,0.4669,-0.2531,0.0954,0.4996,1.0302,0.1429,4.8702,-0.0140
20.454,-0.0298,0.1671,0.4669,-0.2628,0.1015,0.5043,1.0302,0.1332,4.8801,-0.0141
20.455,-0.0451,0.1672,0.4669,-0.2750,0.1015,0.5043,1.0149,0.1210,4.8801,-0.0141
20.457,-0.0612,0.1672,0.4668,-0.2750,0.0892,0.5043,0.9988,0.1210,4.8801,-0.0141
20.458,-0.0612,0.1521,0.4581,-0.2750,0.0892,0.4909,0.9988,0.1210,4.8801,-0.0141
20.558,-0.0612,0.1521,0.4581,-0.2750,0.0892,0.4909,0.9988,0.1210,4.8801,-0.0141
20.561,-0.0612,0.1521,0.4581,-0.2848,0.0952,0.4956,0.9988,0.1112,4.8900,-0.0143
20.563,-0.0754,0.1534,0.4581,-0.2954,0.0952,0.4956,0.9846,0.1006,4.8900,-0.0143
20.563,-0.0917,0.1534,0.4572,-0.2954,0.0824,0.4956,0.9683,0.1006,4.8900,-0.0143
20.564,-0.0917,0.1379,0.4474,-0.2954,0.0824,0.4815,0.9683,0.1006,4.8900,-0.0143
20.664,-0.0917,0.1379,0.4474,-0.2954,0.0824,0.4815,0.9683,0.1006,4.8900,-0.0143
20.669,-0.0917,0.1379,0.4474,-0.3052,0.0884,0.4862,0.9683,0.0908,4.8999,-0.0144
20.670,-0.1056,0.1394,0.4474,-0.3153,0.0884,0.4862,0.9544,0.0807,4.8999,-0.0144
20.672,-0.1221,0.1394,0.4459,-0.3153,0.0752,0.4862,0.9379,0.0807,4.8999,-0.0144
20.677,-0.1221,0.1245,0.4355,-0.3153,0.0752,0.4723,0.9379,0.0807,4.8999,-0.0144
20.778,-0.1221,0.1245,0.4355,-0.3153,0.0752,0.4723,0.9379,0.0807,4.8999,-0.0144
20.783,-0.1221,0.1245,0.4355,-0.3252,0.0811,0.4770,0.9379,0.0708,4.9098,-0.0146
20.785,-0.1368,0.1265,0.4355,-0.3355,0.0811,0.4770,0.9232,0.0605,4.9098,-0.0146
20.787,-0.1538,0.1265,0.4333,-0.3355,0.0674,0.4770,0.9062,0.0605,4.9098,-0.0146
20.792,-0.1538,0.1127,0.4231,-0.3355,0.0674,0.4638,0.9062,0.0605,4.9098,-0.0146
20.893,-0.1538,0.1127,0.4231,-0.3454,0.0732,0.4686,0.9062,0.0506,4.9197,-0.0147
20.893,-0.1538,0.1127,0.4231,-0.3454,0.0732,0.4686,0.9062,0.0506,4.9197,-0.0147
20.894,-0.1694,0.1161,0.4231,-0.3556,0.0732,0.4686,0.8906,0.0404,4.9197,-0.0147
20.895,-0.1870,0.1161,0.4202,-0.3556,0.0589,0.4686,0.8730,0.0404,4.9197,-0.0147
20.895,-0.1870,0.1025,0.4098,-0.3556,0.0589,0.4554,0.8730,0.0404,4.9197,-0.0147
20.971,-0.1870,0.1025,0.4098,-0.3655,0.0647,0.4602,0.8730,0.0305,4.9296,-0.0149
20.973,-0.2025,0.1073,0.4098,-0.3744,0.0647,0.4602,0.8575,0.0216,4.9296,-0.0149
20.975,-0.2204,0.1073,0.4063,-0.3744,0.0499,0.4602,0.8396,0.0216,4.9296,-0.0149
20.976,-0.2204,0.0932,0.3955,-0.3744,0.0499,0.4465,0.8396,0.0216,4.9296,-0.0149
21.070,-0.2204,0.0932,0.3955,-0.3844,0.0557,0.4514,0.8396,0.0116,4.9396,-0.0150
21.073,-0.2348,0.0993,0.3955,-0.3914,0.0557,0.4514,0.8252,0.0046,4.9396,-0.0150
21.076,-0.2531,0.0993,0.3911,-0.3914,0.0402,0.4514,0.8069,0.0046,4.9396,-0.0150
21.078,-0.2531,0.0846,0.3797,-0.3914,0.0402,0.4370,0.8069,0.0046,4.9396,-0.0150
21.176,-0.2531,0.0846,0.3797,-0.4013,0.0460,0.4419,0.8069,-0.0053,4.9495,-0.0152
21.176,-0.2658,0.0914,0.3797,-0.4064,0.0460,0.4419,0.7942,-0.0104,4.9495,-0.0152
21.178,-0.2841,0.0914,0.3753,-0.4064,0.0307,0.4419,0.7759,-0.0104,4.9495,-0.0152
21.180,-0.2841,0.0764,0.3636,-0.4064,0.0307,0.4273,0.7759,-0.0104,4.9495,-0.0152
21.259,-0.2841,0.0764,0.3636,-0.4163,0.0364,0.4322,0.7759,-0.0203,4.9594,-0.0153
21.261,-0.2956,0.0839,0.3636,-0.4198,0.0364,0.4322,0.7644,-0.0238,4.9594,-0.0153
21.263,-0.3141,0.0839,0.3586,-0.4198,0.0206,0.4322,0.7459,-0.0238,4.9594,-0.0153
21.264,-0.3141,0.0687,0.3463,-0.4198,0.0206,0.4173,0.7459,-0.0238,4.9594,-0.0153
21.364,-0.3141,0.0687,0.3463,-0.4297,0.0263,0.4223,0.7459,-0.0337,4.9693,-0.0155
21.364,-0.3252,0.0772,0.3463,-0.4318,0.0263,0.4223,0.7348,-0.0358,4.9693,-0.0155
21.365,-0.3444,0.0772,0.3403,-0.4318,0.0097,0.4223,0.7156,-0.0358,4.9693,-0.0155
21.366,-0.3444,0.0615,0.3272,-0.4318,0.0097,0.4067,0.7156,-0.0358,4.9693,-0.0155
21.461,-0.3444,0.0615,0.3272,-0.4417,0.0154,0.4117,0.7156,-0.0457,4.9792,-0.0157
21.462,-0.3552,0.0708,0.3272,-0.4425,0.0154,0.4117,0.7048,-0.0465,4.9792,-0.0157
21.463,-0.3745,0.0708,0.3211,-0.4425,-0.0013,0.4117,0.6855,-0.0465,4.9792,-0.0157
21.464,-0.3745,0.0547,0.3071,-0.4425,-0.0013,0.3955,0.6855,-0.0465,4.9792,-0.0157
21.565,-0.3745,0.0547,0.3071,-0.4425,-0.0013,0.3955,0.6855,-0.0465,4.9792,-0.0157
21.571,-0.3745,0.0547,0.3071,-0.4524,0.0044,0.4005,0.6855,-0.0564,4.9891,-0.0158
21.578,-0.3847,0.0646,0.3071,-0.4519,0.0044,0.4005,0.6753,-0.0559,4.9891,-0.0158
21.580,-0.4035,0.0646,0.3014,-0.4519,-0.0118,0.4005,0.6565,-0.0559,4.9891,-0.0158
21.581,-0.4035,0.0482,0.2870,-0.4519,-0.0118,0.3840,0.6565,-0.0559,4.9891,-0.0158
21.675,-0.4035,0.0482,0.2870,-0.4617,-0.0062,0.3891,0.6565,-0.0657,4.9990,-0.0160
21.677,-0.4129,0.0587,0.2870,-0.4599,-0.0062,0.3891,0.6471,-0.0639,4.9990,-0.0160
21.679,-0.4315,0.0587,0.2817,-0.4599,-0.0221,0.3891,0.6285,-0.0639,4.9990,-0.0160
21.681,-0.4315,0.0423,0.2672,-0.4599,-0.0221,0.3726,0.6285,-0.0639,4.9990,-0.0160
21.774,-0.4315,0.0423,0.2672,-0.4696,-0.0165,0.3777,0.6285,-0.0736,5.0089,-0.0161
21.775,-0.4398,0.0535,0.2672,-0.4661,-0.0165,0.3777,0.6202,-0.0701,5.0089,-0.0161
21.777,-0.4589,0.0535,0.2614,-0.4661,-0.0329,0.3777,0.6011,-0.0701,5.0089,-0.0161
21.779,-0.4589,0.0371,0.2469,-0.4661,-0.0329,0.3612,0.6011,-0.0701,5.0089,-0.0161
21.864,-0.4589,0.0371,0.2469,-0.4757,-0.0273,0.3664,0.6011,-0.0797,5.0188,-0.0163
21.865,-0.4663,0.0493,0.2469,-0.4704,-0.0273,0.3664,0.5937,-0.0744,5.0188,-0.0163
21.866,-0.4854,0.0493,0.2409,-0.4704,-0.0439,0.3664,0.5746,-0.0744,5.0188,-0.0163
21.869,-0.4854,0.0329,0.2263,-0.4704,-0.0439,0.3499,0.5746,-0.0744,5.0188,-0.0163
21.969,-0.4854,0.0329,0.2263,-0.4704,-0.0439,0.3499,0.5746,-0.0744,5.0188,-0.0163
21.976,-0.4854,0.0329,0.2263,-0.4799,-0.0383,0.3552,0.5746,-0.0839,5.0288,-0.0164
21.978,-0.4918,0.0459,0.2263,-0.4729,-0.0383,0.3552,0.5682,-0.0769,5.0288,-0.0164
21.980,-0.5097,0.0459,0.2217,-0.4729,-0.0534,0.3552,0.5503,-0.0769,5.0288,-0.0164
21.983,-0.5097,0.0295,0.2070,-0.4729,-0.0534,0.3386,0.5503,-0.0769,5.0288,-0.0164
22.084,-0.5097,0.0295,0.2070,-0.4729,-0.0534,0.3386,0.5503,-0.0769,5.0288,-0.0164
22.098,-0.5097,0.0295,0.2070,-0.4823,-0.0479,0.3440,0.5503,-0.0863,5.0387,-0.0166
22.099,-0.5150,0.0431,0.2070,-0.4738,-0.0479,0.3440,0.5450,-0.0778,5.0387,-0.0166
22.100,-0.5311,0.0431,0.2042,-0.4738,-0.0607,0.3440,0.5289,-0.0778,5.0387,-0.0166
22.102,-0.5311,0.0268,0.1894,-0.4738,-0.0607,0.3275,0.5289,-0.0778,5.0387,-0.0166
22.198,-0.5311,0.0268,0.1894,-0.4831,-0.0552,0.3329,0.5289,-0.0871,5.0486,-0.0167
22.199,-0.5352,0.0410,0.1894,-0.4731,-0.0552,0.3329,0.5248,-0.0771,5.0486,-0.0167
22.199,-0.5499,0.0410,0.1882,-0.4731,-0.0664,0.3329,0.5101,-0.0771,5.0486,-0.0167
22.201,-0.5499,0.0246,0.1734,-0.4731,-0.0664,0.3163,0.5101,-0.0771,5.0486,-0.0167
22.281,-0.5499,0.0246,0.1734,-0.4822,-0.0610,0.3218,0.5101,-0.0862,5.0585,-0.0169
22.282,-0.5524,0.0395,0.1734,-0.4707,-0.0610,0.3218,0.5076,-0.0747,5.0585,-0.0169
22.283,-0.5668,0.0395,0.1728,-0.4707,-0.0715,0.3218,0.4932,-0.0747,5.0585,-0.0169
22.284,-0.5668,0.0229,0.1579,-0.4707,-0.0715,0.3051,0.4932,-0.0747,5.0585,-0.0169
22.365,-0.5668,0.0229,0.1579,-0.4796,-0.0661,0.3106,0.4932,-0.0836,5.0684,-0.0170
22.366,-0.5680,0.0382,0.1579,-0.4669,-0.0661,0.3106,0.4920,-0.0709,5.0684,-0.0170
22.366,-0.5826,0.0382,0.1578,-0.4669,-0.0765,0.3106,0.4774,-0.0709,5.0684,-0.0170
22.367,-0.5826,0.0214,0.1427,-0.4669,-0.0765,0.2937,0.4774,-0.0709,5.0684,-0.0170
22.469,-0.5826,0.0214,0.1427,-0.4669,-0.0765,0.2937,0.4774,-0.0709,5.0684,-0.0170
22.487,-0.5826,0.0214,0.1427,-0.4757,-0.0711,0.2992,0.4774,-0.0797,5.0783,-0.0172
22.487,-0.5834,0.0369,0.1427,-0.4624,-0.0711,0.2992,0.4766,-0.0664,5.0783,-0.0172
22.488,-0.5979,0.0369,0.1431,-0.4624,-0.0813,0.2992,0.4621,-0.0664,5.0783,-0.0172
22.489,-0.5979,0.0199,0.1278,-0.4624,-0.0813,0.2821,0.4621,-0.0664,5.0783,-0.0172
22.581,-0.5979,0.0199,0.1278,-0.4710,-0.0759,0.2877,0.4621,-0.0750,5.0882,-0.0174
22.583,-0.5979,0.0354,0.1278,-0.4571,-0.0759,0.2877,0.4621,-0.0611,5.0882,-0.0174
22.585,-0.6119,0.0354,0.1294,-0.4571,-0.0849,0.2877,0.4481,-0.0611,5.0882,-0.0174
22.588,-0.6119,0.0181,0.1139,-0.4571,-0.0849,0.2703,0.4481,-0.0611,5.0882,-0.0174
22.677,-0.6119,0.0181,0.1139,-0.4656,-0.0796,0.2759,0.4481,-0.0696,5.0981,-0.0175
22.678,-0.6106,0.0339,0.1139,-0.4510,-0.0796,0.2759,0.4494,-0.0550,5.0981,-0.0175
22.680,-0.6233,0.0339,0.1180,-0.4510,-0.0864,0.2759,0.4367,-0.0550,5.0981,-0.0175
22.681,-0.6233,0.0163,0.1024,-0.4510,-0.0864,0.2583,0.4367,-0.0550,5.0981,-0.0175
22.767,-0.6233,0.0163,0.1024,-0.4593,-0.0812,0.2640,0.4367,-0.0633,5.1081,-0.0177
22.769,-0.6208,0.0323,0.1024,-0.4441,-0.0812,0.2640,0.4392,-0.0481,5.1081,-0.0177
22.771,-0.6317,0.0323,0.1094,-0.4441,-0.0852,0.2640,0.4283,-0.0481,5.1081,-0.0177
22.773,-0.6317,0.0145,0.0938,-0.4441,-0.0852,0.2462,0.4283,-0.0481,5.1081,-0.0177
22.862,-0.6317,0.0145,0.0938,-0.4522,-0.0800,0.2520,0.4283,-0.0562,5.1180,-0.0178
22.864,-0.6283,0.0306,0.0938,-0.4366,-0.0800,0.2520,0.4317,-0.0406,5.1180,-0.0178
22.865,-0.6377,0.0306,0.1022,-0.4366,-0.0820,0.2520,0.4223,-0.0406,5.1180,-0.0178
22.867,-0.6377,0.0126,0.0866,-0.4366,-0.0820,0.2340,0.4223,-0.0406,5.1180,-0.0178
22.968,-0.6377,0.0126,0.0866,-0.4366,-0.0820,0.2340,0.4223,-0.0406,5.1180,-0.0178
22.986,-0.6377,0.0126,0.0866,-0.4447,-0.0769,0.2398,0.4223,-0.0487,5.1279,-0.0180
22.986,-0.6336,0.0287,0.0866,-0.4288,-0.0769,0.2398,0.4264,-0.0328,5.1279,-0.0180
22.987,-0.6414,0.0287,0.0960,-0.4288,-0.0771,0.2398,0.4186,-0.0328,5.1279,-0.0180
22.987,-0.6414,0.0107,0.0805,-0.4288,-0.0771,0.2218,0.4186,-0.0328,5.1279,-0.0180
23.065,-0.6414,0.0107,0.0805,-0.4367,-0.0721,0.2277,0.4186,-0.0407,5.1378,-0.0181
23.065,-0.6369,0.0269,0.0805,-0.4206,-0.0721,0.2277,0.4231,-0.0246,5.1378,-0.0181
23.067,-0.6433,0.0269,0.0914,-0.4206,-0.0705,0.2277,0.4167,-0.0246,5.1378,-0.0181
23.067,-0.6433,0.0088,0.0761,-0.4206,-0.0705,0.2097,0.4167,-0.0246,5.1378,-0.0181
23.159,-0.6433,0.0088,0.0761,-0.4284,-0.0655,0.2156,0.4167,-0.0324,5.1477,-0.0183
23.161,-0.6381,0.0250,0.0761,-0.4121,-0.0655,0.2156,0.4219,-0.0161,5.1477,-0.0183
23.163,-0.6429,0.0250,0.0890,-0.4121,-0.0615,0.2156,0.4171,-0.0161,5.1477,-0.0183
23.166,-0.6429,0.0071,0.0740,-0.4121,-0.0615,0.1977,0.4171,-0.0161,5.1477,-0.0183
23.262,-0.6429,0.0071,0.0740,-0.4199,-0.0567,0.2037,0.4171,-0.0239,5.1576,-0.0184
23.264,-0.6368,0.0234,0.0740,-0.4033,-0.0567,0.2037,0.4232,-0.0073,5.1576,-0.0184
23.266,-0.6400,0.0234,0.0878,-0.4033,-0.0510,0.2037,0.4200,-0.0073,5.1576,-0.0184
23.268,-0.6400,0.0055,0.0730,-0.4033,-0.0510,0.1858,0.4200,-0.0073,5.1576,-0.0184
23.365,-0.6400,0.0055,0.0730,-0.4109,-0.0462,0.1918,0.4200,-0.0149,5.1675,-0.0186
23.366,-0.6329,0.0220,0.0730,-0.3941,-0.0462,0.1918,0.4271,0.0019,5.1675,-0.0186
23.369,-0.6345,0.0220,0.0871,-0.3941,-0.0392,0.1918,0.4255,0.0019,5.1675,-0.0186
23.369,-0.6345,0.0040,0.0725,-0.3941,-0.0392,0.1740,0.4255,0.0019,5.1675,-0.0186
23.463,-0.6345,0.0040,0.0725,-0.4016,-0.0345,0.1800,0.4255,-0.0056,5.1774,-0.0187
23.463,-0.6263,0.0206,0.0725,-0.3845,-0.0345,0.1800,0.4337,0.0115,5.1774,-0.0187
23.464,-0.6262,0.0206,0.0871,-0.3845,-0.0260,0.1800,0.4338,0.0115,5.1774,-0.0187
23.464,-0.6262,0.0026,0.0726,-0.3845,-0.0260,0.1621,0.4338,0.0115,5.1774,-0.0187
23.564,-0.6262,0.0026,0.0726,-0.3845,-0.0260,0.1621,0.4338,0.0115,5.1774,-0.0187
23.569,-0.6262,0.0026,0.0726,-0.3920,-0.0213,0.1682,0.4338,0.0040,5.1873,-0.0189
23.569,-0.6171,0.0192,0.0726,-0.3748,-0.0213,0.1682,0.4429,0.0212,5.1873,-0.0189
23.570,-0.6150,0.0192,0.0882,-0.3748,-0.0109,0.1682,0.4450,0.0212,5.1873,-0.0189
23.573,-0.6150,0.0011,0.0737,-0.3748,-0.0109,0.1502,0.4450,0.0212,5.1873,-0.0189
23.669,-0.6150,0.0011,0.0737,-0.3822,-0.0062,0.1563,0.4450,0.0138,5.1973,-0.0190
23.670,-0.6053,0.0177,0.0737,-0.3650,-0.0062,0.1563,0.4547,0.0310,5.1973,-0.0190
23.672,-0.6014,0.0177,0.0899,-0.3650,0.0056,0.1563,0.4586,0.0310,5.1973,-0.0190
23.674,-0.6014,-0.0006,0.0755,-0.3650,0.0056,0.1382,0.4586,0.0310,5.1973,-0.0190
23.766,-0.6014,-0.0006,0.0755,-0.3724,0.0103,0.1443,0.4586,0.0236,5.2072,-0.0192
23.767,-0.5909,0.0160,0.0755,-0.3552,0.0103,0.1443,0.4691,0.0408,5.2072,-0.0192
23.770,-0.5851,0.0160,0.0918,-0.3552,0.0234,0.1443,0.4749,0.0408,5.2072,-0.0192
23.772,-0.5851,-0.0023,0.0775,-0.3552,0.0234,0.1261,0.4749,0.0408,5.2072,-0.0192
23.871,-0.5851,-0.0023,0.0775,-0.3626,0.0281,0.1323,0.4749,0.0334,5.2171,-0.0193
23.877,-0.5740,0.0144,0.0775,-0.3451,0.0281,0.1323,0.4860,0.0509,5.2171,-0.0193
23.879,-0.5664,0.0144,0.0937,-0.3451,0.0422,0.1323,0.4936,0.0509,5.2171,-0.0193
23.880,-0.5664,-0.0040,0.0795,-0.3451,0.0422,0.1140,0.4936,0.0509,5.2171,-0.0193
23.969,-0.5664,-0.0040,0.0795,-0.3525,0.0469,0.1203,0.4936,0.0435,5.2270,-0.0195
23.970,-0.5547,0.0129,0.0795,-0.3349,0.0469,0.1203,0.5053,0.0611,5.2270,-0.0195
23.973,-0.5459,0.0129,0.0953,-0.3349,0.0616,0.1203,0.5141,0.0611,5.2270,-0.0195
23.975,-0.5459,-0.0057,0.0815,-0.3349,0.0616,0.1019,0.5141,0.0611,5.2270,-0.0195
24.065,-0.5459,-0.0057,0.0815,-0.3423,0.0663,0.1081,0.5141,0.0537,5.2369,-0.0197
24.066,-0.5338,0.0113,0.0815,-0.3246,0.0663,0.1081,0.5262,0.0714,5.2369,-0.0197
24.068,-0.5242,0.0113,0.0968,-0.3246,0.0812,0.1081,0.5358,0.0714,5.2369,-0.0197
24.069,-0.5242,-0.0074,0.0833,-0.3246,0.0812,0.0896,0.5358,0.0714,5.2369,-0.0197
24.157,-0.5242,-0.0074,0.0833,-0.3320,0.0859,0.0960,0.5358,0.0640,5.2468,-0.0198
24.158,-0.5118,0.0098,0.0833,-0.3141,0.0859,0.0960,0.5482,0.0819,5.2468,-0.0198
24.159,-0.5016,0.0098,0.0983,-0.3141,0.1009,0.0960,0.5584,0.0819,5.2468,-0.0198
24.159,-0.5016,-0.0090,0.0853,-0.3141,0.1009,0.0774,0.5584,0.0819,5.2468,-0.0198
24.252,-0.5016,-0.0090,0.0853,-0.3215,0.1057,0.0837,0.5584,0.0745,5.2567,-0.0200
24.254,-0.4888,0.0084,0.0853,-0.3034,0.1057,0.0837,0.5712,0.0926,5.2567,-0.0200
24.254,-0.4781,0.0084,0.1000,-0.3034,0.1209,0.0837,0.5819,0.0926,5.2567,-0.0200
24.256,-0.4781,-0.0102,0.0880,-0.3034,0.1209,0.0654,0.5819,0.0926,5.2567,-0.0200
24.357,-0.4781,-0.0102,0.0880,-0.3034,0.1209,0.0654,0.5819,0.0926,5.2567,-0.0200
24.364,-0.4781,-0.0102,0.0880,-0.3108,0.1257,0.0718,0.5819,0.0852,5.2666,-0.0201
24.366,-0.4652,0.0074,0.0880,-0.2925,0.1257,0.0718,0.5948,0.1035,5.2666,-0.0201
24.368,-0.4540,0.0074,0.1025,-0.2925,0.1410,0.0718,0.6060,0.1035,5.2666,-0.0201
24.370,-0.4540,-0.0107,0.0922,-0.2925,0.1410,0.0541,0.6060,0.1035,5.2666,-0.0201
24.465,-0.4540,-0.0107,0.0922,-0.3000,0.1459,0.0605,0.6060,0.0960,5.2766,-0.0203
24.466,-0.4412,0.0071,0.0922,-0.2815,0.1459,0.0605,0.6188,0.1145,5.2766,-0.0203
24.469,-0.4296,0.0071,0.1064,-0.2815,0.1612,0.0605,0.6304,0.1145,5.2766,-0.0203
24.470,-0.4296,-0.0104,0.0982,-0.2815,0.1612,0.0435,0.6304,0.1145,5.2766,-0.0203
24.559,-0.4296,-0.0104,0.0982,-0.2889,0.1661,0.0499,0.6304,0.1071,5.2865,-0.0204
24.560,-0.4170,0.0076,0.0982,-0.2703,0.1661,0.0499,0.6430,0.1257,5.2865,-0.0204
24.561,-0.4050,0.0076,0.1118,-0.2703,0.1813,0.0499,0.6550,0.1257,5.2865,-0.0204
24.563,-0.4050,-0.0092,0.1053,-0.2703,0.1813,0.0337,0.6550,0.1257,5.2865,-0.0204
24.663,-0.4050,-0.0092,0.1053,-0.2777,0.1862,0.0401,0.6550,0.1183,5.2964,-0.0206
24.665,-0.3926,0.0090,0.1053,-0.2590,0.1862,0.0401,0.6674,0.1370,5.2964,-0.0206
24.667,-0.3800,0.0090,0.1181,-0.2590,0.2012,0.0401,0.6800,0.1370,5.2964,-0.0206
24.668,-0.3800,-0.0071,0.1131,-0.2590,0.2012,0.0247,0.6800,0.1370,5.2964,-0.0206
24.763,-0.3800,-0.0071,0.1131,-0.2664,0.2062,0.0310,0.6800,0.1296,5.3063,-0.0207
24.764,-0.3678,0.0113,0.1131,-0.2474,0.2062,0.0310,0.6922,0.1486,5.3063,-0.0207
24.765,-0.3544,0.0113,0.1245,-0.2474,0.2208,0.0310,0.7056,0.1486,5.3063,-0.0207
24.766,-0.3544,-0.0038,0.1214,-0.2474,0.2208,0.0167,0.7056,0.1486,5.3063,-0.0207
24.857,-0.3544,-0.0038,0.1214,-0.2548,0.2259,0.0229,0.7056,0.1412,5.3162,-0.0209
24.859,-0.3423,0.0146,0.1214,-0.2358,0.2259,0.0229,0.7177,0.1602,5.3162,-0.0209
24.861,-0.3282,0.0146,0.1310,-0.2358,0.2397,0.0229,0.7318,0.1602,5.3162,-0.0209
24.862,-0.3282,0.0005,0.1303,-0.2358,0.2397,0.0098,0.7318,0.1602,5.3162,-0.0209
24.963,-0.3282,0.0005,0.1303,-0.2358,0.2397,0.0098,0.7318,0.1602,5.3162,-0.0209
24.965,-0.3282,0.0005,0.1303,-0.2432,0.2449,0.0160,0.7318,0.1528,5.3261,-0.0210
24.966,-0.3163,0.0189,0.1303,-0.2242,0.2449,0.0160,0.7437,0.1718,5.3261,-0.0210
24.968,-0.3015,0.0189,0.1385,-0.2242,0.2583,0.0160,0.7585,0.1718,5.3261,-0.0210
24.969,-0.3015,0.0058,0.1404,-0.2242,0.2583,0.0041,0.7585,0.1718,5.3261,-0.0210
25.067,-0.3015,0.0058,0.1404,-0.2316,0.2636,0.0103,0.7585,0.1644,5.3360,-0.0212
25.068,-0.2899,0.0239,0.1404,-0.2129,0.2636,0.0103,0.7701,0.1831,5.3360,-0.0212
25.070,-0.2745,0.0239,0.1476,-0.2129,0.2766,0.0103,0.7855,0.1831,5.3360,-0.0212
25.072,-0.2745,0.0120,0.1513,-0.2129,0.2766,-0.0003,0.7855,0.1831,5.3360,-0.0212
25.155,-0.2745,0.0120,0.1513,-0.2202,0.2820,0.0057,0.7855,0.1758,5.3459,-0.0213
25.157,-0.2626,0.0295,0.1513,-0.2021,0.2820,0.0057,0.7974,0.1939,5.3459,-0.0213
25.159,-0.2474,0.0295,0.1576,-0.2021,0.2944,0.0057,0.8126,0.1939,5.3459,-0.0213
25.161,-0.2474,0.0188,0.1625,-0.2021,0.2944,-0.0036,0.8126,0.1939,5.3459,-0.0213
25.254,-0.2474,0.0188,0.1625,-0.2095,0.3000,0.0024,0.8126,0.1865,5.3559,-0.0215
25.256,-0.2343,0.0352,0.1625,-0.1922,0.3000,0.0024,0.8257,0.2038,5.3559,-0.0215
25.257,-0.2196,0.0352,0.1674,-0.1922,0.3113,0.0024,0.8404,0.2038,5.3559,-0.0215
25.259,-0.2196,0.0256,0.1736,-0.1922,0.3113,-0.0057,0.8404,0.2038,5.3559,-0.0215
25.359,-0.2196,0.0256,0.1736,-0.1922,0.3113,-0.0057,0.8404,0.2038,5.3559,-0.0215
25.360,-0.2196,0.0256,0.1736,-0.1995,0.3169,0.0002,0.8404,0.1965,5.3658,-0.0216
25.362,-0.2049,0.0409,0.1736,-0.1831,0.3169,0.0002,0.8551,0.2129,5.3658,-0.0216
25.364,-0.1913,0.0409,0.1757,-0.1831,0.3258,0.0002,0.8687,0.2129,5.3658,-0.0216
25.366,-0.1913,0.0325,0.1838,-0.1831,0.3258,-0.0064,0.8687,0.2129,5.3658,-0.0216
25.461,-0.1913,0.0325,0.1838,-0.1905,0.3316,-0.0007,0.8687,0.2055,5.3757,-0.0218
25.463,-0.1753,0.0468,0.1838,-0.1748,0.3316,-0.0007,0.8847,0.2212,5.3757,-0.0218
25.465,-0.1637,0.0468,0.1824,-0.1748,0.3373,-0.0007,0.8963,0.2212,5.3757,-0.0218
25.467,-0.1637,0.0396,0.1925,-0.1748,0.3373,-0.0057,0.8963,0.2212,5.3757,-0.0218
25.565,-0.1637,0.0396,0.1925,-0.1822,0.3432,-0.0001,0.8963,0.2138,5.3856,-0.0219
25.567,-0.1476,0.0530,0.1925,-0.1674,0.3432,-0.0001,0.9124,0.2286,5.3856,-0.0219
25.569,-0.1378,0.0530,0.1886,-0.1674,0.3464,-0.0001,0.9222,0.2286,5.3856,-0.0219
25.571,-0.1378,0.0473,0.1998,-0.1674,0.3464,-0.0035,0.9222,0.2286,5.3856,-0.0219
25.667,-0.1378,0.0473,0.1998,-0.1748,0.3525,0.0020,0.9222,0.2212,5.3955,-0.0221
25.669,-0.1218,0.0596,0.1998,-0.1608,0.3525,0.0020,0.9382,0.2352,5.3955,-0.0221
25.670,-0.1131,0.0596,0.1950,-0.1608,0.3546,0.0020,0.9469,0.2352,5.3955,-0.0221
25.672,-0.1131,0.0559,0.2067,-0.1608,0.3546,0.0006,0.9469,0.2352,5.3955,-0.0221
25.752,-0.1131,0.0559,0.2067,-0.1683,0.3608,0.0060,0.9469,0.2277,5.4054,-0.0222
25.754,-0.0964,0.0672,0.2067,-0.1551,0.3608,0.0060,0.9636,0.2409,5.4054,-0.0222
25.755,-0.0885,0.0672,0.2012,-0.1551,0.3620,0.0060,0.9715,0.2409,5.4054,-0.0222
25.756,-0.0885,0.0657,0.2132,-0.1551,0.3620,0.0067,0.9715,0.2409,5.4054,-0.0222
25.857,-0.0885,0.0657,0.2132,-0.1551,0.3620,0.0067,0.9715,0.2409,5.4054,-0.0222
25.858,-0.0885,0.0657,0.2132,-0.1626,0.3684,0.0120,0.9715,0.2334,5.4153,-0.0224
25.859,-0.0701,0.0756,0.2132,-0.1502,0.3684,0.0120,0.9899,0.2458,5.4153,-0.0224
25.860,-0.0639,0.0756,0.2062,-0.1502,0.3678,0.0120,0.9961,0.2458,5.4153,-0.0224
25.862,-0.0639,0.0766,0.2188,-0.1502,0.3678,0.0152,0.9961,0.2458,5.4153,-0.0224
25.953,-0.0639,0.0766,0.2188,-0.1578,0.3743,0.0205,0.9961,0.2382,5.4252,-0.0225
25.954,-0.0440,0.0853,0.2188,-0.1461,0.3743,0.0205,1.0160,0.2499,5.4252,-0.0225
25.954,-0.0402,0.0853,0.2099,-0.1461,0.3714,0.0205,1.0198,0.2499,5.4252,-0.0225
25.955,-0.0402,0.0891,0.2235,-0.1461,0.3714,0.0263,1.0198,0.2499,5.4252,-0.0225
26.055,-0.0402,0.0891,0.2235,-0.1461,0.3714,0.0263,1.0198,0.2499,5.4252,-0.0225
26.063,-0.0402,0.0891,0.2235,-0.1538,0.3780,0.0316,1.0198,0.2422,5.4352,-0.0227
26.064,-0.0204,0.0966,0.2235,-0.1430,0.3780,0.0316,1.0396,0.2530,5.4352,-0.0227
26.068,-0.0186,0.0966,0.2132,-0.1430,0.3732,0.0316,1.0414,0.2530,5.4352,-0.0227
26.068,-0.0186,0.1022,0.2274,-0.1430,0.3732,0.0392,1.0414,0.2530,5.4352,-0.0227
26.163,-0.0186,0.1022,0.2274,-0.1508,0.3799,0.0444,1.0414,0.2452,5.4451,-0.0228
26.164,0.0006,0.1087,0.2274,-0.1409,0.3799,0.0444,1.0606,0.2551,5.4451,-0.0228
26.166,0.0008,0.1087,0.2167,-0.1409,0.3740,0.0444,1.0608,0.2551,5.4451,-0.0228
26.167,0.0008,0.1152,0.2311,-0.1409,0.3740,0.0529,1.0608,0.2551,5.4451,-0.0228
26.253,0.0008,0.1152,0.2311,-0.1487,0.3808,0.0581,1.0608,0.2473,5.4550,-0.0230
26.254,0.0198,0.1210,0.2311,-0.1393,0.3808,0.0581,1.0798,0.2567,5.4550,-0.0230
26.255,0.0189,0.1210,0.2200,-0.1393,0.3742,0.0581,1.0789,0.2567,5.4550,-0.0230
26.256,0.0189,0.1284,0.2346,-0.1393,0.3742,0.0676,1.0789,0.2567,5.4550,-0.0230
26.356,0.0189,0.1284,0.2346,-0.1393,0.3742,0.0676,1.0789,0.2567,5.4550,-0.0230
26.361,0.0189,0.1284,0.2346,-0.1472,0.3811,0.0727,1.0789,0.2488,5.4649,-0.0231
26.386,0.0383,0.1338,0.2346,-0.1379,0.3811,0.0727,1.0983,0.2581,5.4649,-0.0231
26.386,0.0364,0.1338,0.2228,-0.1379,0.3736,0.0727,1.0964,0.2581,5.4649,-0.0231
26.386,0.0364,0.1426,0.2371,-0.1379,0.3736,0.0834,1.0964,0.2581,5.4649,-0.0231
26.456,0.0364,0.1426,0.2371,-0.1459,0.3806,0.0885,1.0964,0.2501,5.4748,-0.0233
26.457,0.0562,0.1476,0.2371,-0.1366,0.3806,0.0885,1.1162,0.2594,5.4748,-0.0233
26.457,0.0536,0.1476,0.2247,-0.1366,0.3724,0.0885,1.1136,0.2594,5.4748,-0.0233
26.457,0.0536,0.1577,0.2380,-0.1366,0.3724,0.1001,1.1136,0.2594,5.4748,-0.0233
26.558,0.0536,0.1577,0.2380,-0.1366,0.3724,0.1001,1.1136,0.2594,5.4748,-0.0233
26.578,0.0536,0.1577,0.2380,-0.1448,0.3795,0.1052,1.1136,0.2512,5.4847,-0.0235
26.578,0.0732,0.1622,0.2380,-0.1357,0.3795,0.1052,1.1332,0.2603,5.4847,-0.0235
26.579,0.0707,0.1622,0.2252,-0.1357,0.3712,0.1052,1.1307,0.2603,5.4847,-0.0235
26.579,0.0707,0.1734,0.2377,-0.1357,0.3712,0.1176,1.1307,0.2603,5.4847,-0.0235
26.679,0.0707,0.1734,0.2377,-0.1357,0.3712,0.1176,1.1307,0.2603,5.4847,-0.0235
26.693,0.0707,0.1734,0.2377,-0.1439,0.3784,0.1228,1.1307,0.2521,5.4946,-0.0236
26.694,0.0894,0.1775,0.2377,-0.1353,0.3784,0.1228,1.1494,0.2607,5.4946,-0.0236
26.695,0.0872,0.1775,0.2251,-0.1353,0.3706,0.1228,1.1472,0.2607,5.4946,-0.0236
26.696,0.0872,0.1889,0.2367,-0.1353,0.3706,0.1351,1.1472,0.2607,5.4946,-0.0236
26.796,0.0872,0.1889,0.2367,-0.1353,0.3706,0.1351,1.1472,0.2607,5.4946,-0.0236
26.814,0.0872,0.1889,0.2367,-0.1436,0.3779,0.1403,1.1472,0.2524,5.5045,-0.0238
26.815,0.1050,0.1926,0.2367,-0.1354,0.3779,0.1403,1.1650,0.2606,5.5045,-0.0238
26.816,0.1030,0.1926,0.2241,-0.1354,0.3703,0.1403,1.1630,0.2606,5.5045,-0.0238
26.816,0.1030,0.2026,0.2344,-0.1354,0.3703,0.1512,1.1630,0.2606,5.5045,-0.0238
26.917,0.1030,0.2026,0.2344,-0.1354,0.3703,0.1512,1.1630,0.2606,5.5045,-0.0238
26.935,0.1030,0.2026,0.2344,-0.1438,0.3777,0.1564,1.1630,0.2522,5.5145,-0.0239
26.936,0.1201,0.2057,0.2344,-0.1361,0.3777,0.1564,1.1801,0.2599,5.5145,-0.0239
26.937,0.1180,0.2057,0.2214,-0.1361,0.3699,0.1564,1.1780,0.2599,5.5145,-0.0239
26.939,0.1180,0.2144,0.2307,-0.1361,0.3699,0.1660,1.1780,0.2599,5.5145,-0.0239
27.030,0.1180,0.2144,0.2307,-0.1446,0.3774,0.1713,1.1780,0.2514,5.5244,-0.0241
27.031,0.1352,0.2170,0.2307,-0.1371,0.3774,0.1713,1.1952,0.2589,5.5244,-0.0241
27.032,0.1325,0.2170,0.2170,-0.1371,0.3691,0.1713,1.1925,0.2589,5.5244,-0.0241
27.032,0.1325,0.2248,0.2254,-0.1371,0.3691,0.1799,1.1925,0.2589,5.5244,-0.0241
27.133,0.1325,0.2248,0.2254,-0.1371,0.3691,0.1799,1.1925,0.2589,5.5244,-0.0241
27.140,0.1325,0.2248,0.2254,-0.1457,0.3767,0.1852,1.1925,0.2503,5.5343,-0.0242
27.169,0.1498,0.2268,0.2254,-0.1386,0.3767,0.1852,1.2098,0.2574,5.5343,-0.0242
27.170,0.1467,0.2268,0.2111,-0.1386,0.3679,0.1852,1.2067,0.2574,5.5343,-0.0242
27.170,0.1467,0.2334,0.2182,-0.1386,0.3679,0.1925,1.2067,0.2574,5.5343,-0.0242
27.236,0.1467,0.2334,0.2182,-0.1472,0.3756,0.1979,1.2067,0.2488,5.5442,-0.0244
27.245,0.1637,0.2349,0.2182,-0.1404,0.3756,0.1979,1.2237,0.2556,5.5442,-0.0244
27.245,0.1603,0.2349,0.2038,-0.1404,0.3666,0.1979,1.2203,0.2556,5.5442,-0.0244
27.245,0.1603,0.2397,0.2092,-0.1404,0.3666,0.2032,1.2203,0.2556,5.5442,-0.0244
27.297,0.1603,0.2397,0.2092,-0.1491,0.3744,0.2086,1.2203,0.2469,5.5541,-0.0245
27.297,0.1768,0.2409,0.2092,-0.1425,0.3744,0.2086,1.2368,0.2535,5.5541,-0.0245
27.297,0.1727,0.2409,0.1945,-0.1425,0.3650,0.2086,1.2327,0.2535,5.5541,-0.0245
27.297,0.1727,0.2441,0.1990,-0.1425,0.3650,0.2125,1.2327,0.2535,5.5541,-0.0245
27.365,0.1727,0.2441,0.1990,-0.1513,0.3728,0.2179,1.2327,0.2447,5.5640,-0.0247
27.365,0.1889,0.2451,0.1990,-0.1447,0.3728,0.2179,1.2489,0.2513,5.5640,-0.0247
27.365,0.1838,0.2451,0.1836,-0.1447,0.3625,0.2179,1.2436,0.2513,5.5640,-0.0247
27.366,0.1838,0.2474,0.1888,-0.1447,0.3625,0.2211,1.2438,0.2513,5.5640,-0.0247
27.465,0.1838,0.2474,0.1888,-0.1536,0.3704,0.2266,1.2438,0.2424,5.5739,-0.0248
27.478,0.2000,0.2483,0.1888,-0.1469,0.3704,0.2266,1.2488,0.2491,5.5739,-0.0248
27.478,0.1938,0.2483,0.1727,-0.1469,0.3591,0.2266,1.2327,0.2491,5.5739,-0.0248
27.480,0.1938,0.2497,0.1794,-0.1469,0.3591,0.2295,1.2394,0.2491,5.5739,-0.0248
27.580,0.1938,0.2497,0.1794,-0.1469,0.3591,0.2295,1.2394,0.2491,5.5739,-0.0248
27.593,0.1938,0.2497,0.1794,-0.1559,0.3672,0.2350,1.2394,0.2401,5.5838,-0.0250
27.596,0.2101,0.2504,0.1794,-0.1491,0.3672,0.2350,1.2394,0.2469,5.5838,-0.0250
27.598,0.2034,0.2504,0.1632,-0.1491,0.3556,0.2350,1.2232,0.2469,5.5838,-0.0250
27.600,0.2034,0.2508,0.1707,-0.1491,0.3556,0.2372,1.2307,0.2469,5.5838,-0.0250
27.693,0.2034,0.2508,0.1707,-0.1581,0.3637,0.2427,1.2307,0.2379,5.5937,-0.0251
27.695,0.2196,0.2512,0.1707,-0.1513,0.3637,0.2427,1.2307,0.2447,5.5937,-0.0251
27.697,0.2123,0.2512,0.1544,-0.1513,0.3518,0.2427,1.2144,0.2447,5.5937,-0.0251
27.699,0.2123,0.2505,0.1616,-0.1513,0.3518,0.2440,1.2216,0.2447,5.5937,-0.0251
27.801,0.2123,0.2505,0.1616,-0.1513,0.3518,0.2440,1.2216,0.2447,5.5937,-0.0251
27.827,0.2123,0.2505,0.1616,-0.1605,0.3599,0.2495,1.2216,0.2355,5.6037,-0.0253
27.829,0.2282,0.2506,0.1616,-0.1538,0.3599,0.2495,1.2216,0.2422,5.6037,-0.0253
27.831,0.2199,0.2506,0.1451,-0.1538,0.3472,0.2495,1.2051,0.2422,5.6037,-0.0253
27.834,0.2199,0.2487,0.1517,-0.1538,0.3472,0.2497,1.2117,0.2422,5.6037,-0.0253
27.922,0.2199,0.2487,0.1517,-0.1630,0.3555,0.2552,1.2117,0.2330,5.6136,-0.0254
27.927,0.2353,0.2486,0.1517,-0.1563,0.3555,0.2552,1.2117,0.2397,5.6136,-0.0254
27.929,0.2258,0.2486,0.1348,-0.1563,0.3418,0.2552,1.1948,0.2397,5.6136,-0.0254
27.930,0.2258,0.2458,0.1415,-0.1563,0.3418,0.2546,1.2015,0.2397,5.6136,-0.0254
28.018,0.2258,0.2458,0.1415,-0.1655,0.3502,0.2601,1.2015,0.2305,5.6235,-0.0256
28.020,0.2412,0.2456,0.1415,-0.1587,0.3502,0.2601,1.2015,0.2373,5.6235,-0.0256
28.022,0.2309,0.2456,0.1246,-0.1587,0.3360,0.2601,1.1846,0.2373,5.6235,-0.0256
28.024,0.2309,0.2423,0.1327,-0.1587,0.3360,0.2595,1.1927,0.2373,5.6235,-0.0256
28.111,0.2309,0.2423,0.1327,-0.1680,0.3444,0.2650,1.1927,0.2280,5.6334,-0.0258
28.113,0.2462,0.2420,0.1327,-0.1609,0.3444,0.2650,1.1927,0.2351,5.6334,-0.0258
28.114,0.2354,0.2420,0.1158,-0.1609,0.3299,0.2650,1.1758,0.2351,5.6334,-0.0258
28.114,0.2354,0.2382,0.1257,-0.1609,0.3299,0.2646,1.1857,0.2351,5.6334,-0.0258
28.207,0.2354,0.2382,0.1257,-0.1703,0.3384,0.2700,1.1857,0.2257,5.6433,-0.0259
28.208,0.2506,0.2379,0.1257,-0.1630,0.3384,0.2700,1.1857,0.2330,5.6433,-0.0259
28.210,0.2392,0.2379,0.1088,-0.1630,0.3236,0.2700,1.1688,0.2330,5.6433,-0.0259
28.211,0.2392,0.2335,0.1200,-0.1630,0.3236,0.2697,1.1800,0.2330,5.6433,-0.0259
28.312,0.2392,0.2335,0.1200,-0.1630,0.3236,0.2697,1.1800,0.2330,5.6433,-0.0259
28.327,0.2392,0.2335,0.1200,-0.1724,0.3321,0.2750,1.1800,0.2236,5.6532,-0.0261
28.328,0.2543,0.2331,0.1200,-0.1649,0.3321,0.2750,1.1800,0.2311,5.6532,-0.0261
28.330,0.2424,0.2331,0.1031,-0.1649,0.3170,0.2750,1.1631,0.2311,5.6532,-0.0261
28.331,0.2424,0.2285,0.1140,-0.1649,0.3170,0.2745,1.1740,0.2311,5.6532,-0.0261
28.415,0.2424,0.2285,0.1140,-0.1744,0.3256,0.2798,1.1740,0.2216,5.6631,-0.0262
28.416,0.2574,0.2281,0.1140,-0.1666,0.3256,0.2798,1.1740,0.2294,5.6631,-0.0262
28.418,0.2451,0.2281,0.0971,-0.1666,0.3102,0.2798,1.1571,0.2294,5.6631,-0.0262
28.419,0.2451,0.2232,0.1069,-0.1666,0.3102,0.2788,1.1669,0.2294,5.6631,-0.0262
28.488,0.2451,0.2232,0.1069,-0.1762,0.3189,0.2841,1.1669,0.2198,5.6731,-0.0264
28.489,0.2603,0.2233,0.1069,-0.1677,0.3189,0.2841,1.1669,0.2283,5.6731,-0.0264
28.490,0.2475,0.2233,0.0901,-0.1677,0.3032,0.2841,1.1501,0.2283,5.6731,-0.0264
28.491,0.2475,0.2188,0.0996,-0.1677,0.3032,0.2834,1.1596,0.2283,5.6731,-0.0264
28.583,0.2475,0.2188,0.0996,-0.1773,0.3119,0.2886,1.1596,0.2187,5.6830,-0.0265
28.585,0.2631,0.2195,0.0996,-0.1679,0.3119,0.2886,1.1596,0.2281,5.6830,-0.0265
28.586,0.2497,0.2195,0.0827,-0.1679,0.2958,0.2886,1.1427,0.2281,5.6830,-0.0265
28.587,0.2497,0.2164,0.0939,-0.1679,0.2958,0.2897,1.1539,0.2281,5.6830,-0.0265
28.661,0.2497,0.2164,0.0939,-0.1776,0.3046,0.2948,1.1539,0.2184,5.6929,-0.0267
28.661,0.2658,0.2178,0.0939,-0.1672,0.3046,0.2948,1.1539,0.2288,5.6929,-0.0267
28.663,0.2517,0.2178,0.0768,-0.1672,0.2880,0.2948,1.1368,0.2288,5.6929,-0.0267
28.664,0.2517,0.2168,0.0908,-0.1672,0.2880,0.2987,1.1508,0.2288,5.6929,-0.0267
28.764,0.2517,0.2168,0.0908,-0.1672,0.2880,0.2987,1.1508,0.2288,5.6929,-0.0267
28.783,0.2517,0.2168,0.0908,-0.1769,0.2968,0.3038,1.1508,0.2191,5.7028,-0.0268
28.784,0.2681,0.2188,0.0908,-0.1658,0.2968,0.3038,1.1508,0.2302,5.7028,-0.0268
28.785,0.2536,0.2188,0.0737,-0.1658,0.2798,0.3038,1.1337,0.2302,5.7028,-0.0268
28.787,0.2536,0.2196,0.0895,-0.1658,0.2798,0.3099,1.1495,0.2302,5.7028,-0.0268
28.888,0.2536,0.2196,0.0895,-0.1658,0.2798,0.3099,1.1495,0.2302,5.7028,-0.0268
28.914,0.2536,0.2196,0.0895,-0.1755,0.2887,0.3149,1.1495,0.2205,5.7127,-0.0270
28.916,0.2702,0.2221,0.0895,-0.1637,0.2887,0.3149,1.1495,0.2323,5.7127,-0.0270
28.917,0.2555,0.2221,0.0725,-0.1637,0.2717,0.3149,1.1325,0.2323,5.7127,-0.0270
28.919,0.2555,0.2223,0.0875,-0.1637,0.2717,0.3202,1.1475,0.2323,5.7127,-0.0270
29.015,0.2555,0.2223,0.0875,-0.1735,0.2806,0.3252,1.1475,0.2225,5.7226,-0.0271
29.016,0.2721,0.2256,0.0875,-0.1611,0.2806,0.3252,1.1475,0.2349,5.7226,-0.0271
29.018,0.2572,0.2256,0.0708,-0.1611,0.2635,0.3252,1.1308,0.2349,5.7226,-0.0271
29.020,0.2572,0.2232,0.0839,-0.1611,0.2635,0.3281,1.1439,0.2349,5.7226,-0.0271
29.112,0.2572,0.2232,0.0839,-0.1709,0.2725,0.3330,1.1439,0.2251,5.7325,-0.0273
29.114,0.2740,0.2274,0.0839,-0.1577,0.2725,0.3330,1.1439,0.2383,5.7325,-0.0273
29.116,0.2587,0.2274,0.0672,-0.1577,0.2552,0.3330,1.1272,0.2383,5.7325,-0.0273
29.118,0.2587,0.2237,0.0803,-0.1577,0.2552,0.3348,1.1403,0.2383,5.7325,-0.0273
29.218,0.2587,0.2237,0.0803,-0.1577,0.2552,0.3348,1.1403,0.2383,5.7325,-0.0273
29.228,0.2587,0.2237,0.0803,-0.1675,0.2641,0.3397,1.1403,0.2285,5.7424,-0.0274
29.230,0.2757,0.2288,0.0803,-0.1536,0.2641,0.3397,1.1403,0.2424,5.7424,-0.0274
29.233,0.2599,0.2288,0.0635,-0.1536,0.2465,0.3397,1.1235,0.2424,5.7424,-0.0274
29.234,0.2599,0.2256,0.0780,-0.1536,0.2465,0.3425,1.1380,0.2424,5.7424,-0.0274
29.309,0.2599,0.2256,0.0780,-0.1635,0.2555,0.3473,1.1380,0.2325,5.7523,-0.0276
29.310,0.2773,0.2314,0.0780,-0.1489,0.2555,0.3473,1.1380,0.2471,5.7523,-0.0276
29.311,0.2612,0.2314,0.0614,-0.1489,0.2377,0.3473,1.1214,0.2471,5.7523,-0.0276
29.312,0.2612,0.2301,0.0773,-0.1489,0.2377,0.3524,1.1373,0.2471,5.7523,-0.0276
29.380,0.2612,0.2301,0.0773,-0.1587,0.2468,0.3571,1.1373,0.2373,5.7623,-0.0277
29.382,0.2789,0.2366,0.0773,-0.1435,0.2468,0.3571,1.1373,0.2525,5.7623,-0.0277
29.382,0.2628,0.2366,0.0609,-0.1435,0.2290,0.3571,1.1209,0.2525,5.7623,-0.0277
29.383,0.2628,0.2356,0.0760,-0.1435,0.2290,0.3622,1.1360,0.2525,5.7623,-0.0277
29.455,0.2628,0.2356,0.0760,-0.1533,0.2381,0.3669,1.1360,0.2427,5.7722,-0.0279
29.456,0.2806,0.2426,0.0760,-0.1376,0.2381,0.3669,1.1360,0.2584,5.7722,-0.0279
29.458,0.2645,0.2426,0.0600,-0.1376,0.2204,0.3669,1.1200,0.2584,5.7722,-0.0279
29.459,0.2645,0.2378,0.0722,-0.1376,0.2204,0.3680,1.1322,0.2584,5.7722,-0.0279
29.554,0.2645,0.2378,0.0722,-0.1475,0.2295,0.3726,1.1322,0.2485,5.7821,-0.0280
29.555,0.2821,0.2454,0.0722,-0.1317,0.2295,0.3726,1.1322,0.2643,5.7821,-0.0280
29.557,0.2658,0.2454,0.0566,-0.1317,0.2118,0.3726,1.1166,0.2643,5.7821,-0.0280
29.560,0.2658,0.2336,0.0640,-0.1317,0.2118,0.3666,1.1240,0.2643,5.7821,-0.0280
29.661,0.2658,0.2336,0.0640,-0.1317,0.2118,0.3666,1.1240,0.2643,5.7821,-0.0280
29.663,0.2658,0.2336,0.0640,-0.1415,0.2210,0.3713,1.1240,0.2545,5.7920,-0.0282
29.664,0.2833,0.2418,0.0640,-0.1255,0.2210,0.3713,1.1240,0.2705,5.7920,-0.0282
29.665,0.2668,0.2418,0.0488,-0.1255,0.2032,0.3713,1.1088,0.2705,5.7920,-0.0282
29.666,0.2668,0.2269,0.0524,-0.1255,0.2032,0.3614,1.1124,0.2705,5.7920,-0.0282
29.758,0.2668,0.2269,0.0524,-0.1354,0.2124,0.3660,1.1124,0.2606,5.8019,-0.0284
29.759,0.2843,0.2356,0.0524,-0.1191,0.2124,0.3660,1.1124,0.2769,5.8019,-0.0284
29.760,0.2675,0.2356,0.0376,-0.1191,0.1945,0.3660,1.0976,0.2769,5.8019,-0.0284
29.760,0.2675,0.2232,0.0422,-0.1191,0.1945,0.3584,1.1022,0.2769,5.8019,-0.0284
29.861,0.2675,0.2232,0.0422,-0.1191,0.1945,0.3584,1.1022,0.2769,5.8019,-0.0284
29.894,0.2675,0.2232,0.0422,-0.1290,0.2037,0.3629,1.1022,0.2670,5.8118,-0.0285
29.895,0.2852,0.2325,0.0422,-0.1124,0.2037,0.3629,1.1022,0.2836,5.8118,-0.0285
29.895,0.2681,0.2325,0.0279,-0.1124,0.1857,0.3629,1.0879,0.2836,5.8118,-0.0285
29.895,0.2681,0.2221,0.0344,-0.1124,0.1857,0.3578,1.0944,0.2836,5.8118,-0.0285
29.996,0.2681,0.2221,0.0344,-0.1124,0.1857,0.3578,1.0944,0.2836,5.8118,-0.0285
29.998,0.2681,0.2221,0.0344,-0.1223,0.1949,0.3623,1.0944,0.2737,5.8217,-0.0287
29.998,0.2861,0.2323,0.0344,-0.1051,0.1949,0.3623,1.0944,0.2909,5.8217,-0.0287
30.000,0.2689,0.2323,0.0210,-0.1051,0.1770,0.3623,1.0810,0.2909,5.8217,-0.0287
30.001,0.2689,0.2199,0.0257,-0.1051,0.1770,0.3549,1.0857,0.2909,5.8217,-0.0287
30.085,0.2689,0.2199,0.0257,-0.1150,0.1863,0.3594,1.0857,0.2810,5.8316,-0.0288
30.086,0.2870,0.2314,0.0257,-0.0972,0.1863,0.3594,1.0857,0.2988,5.8316,-0.0288
30.087,0.2700,0.2314,0.0133,-0.0972,0.1686,0.3594,1.0733,0.2988,5.8316,-0.0288
30.089,0.2700,0.2142,0.0117,-0.0972,0.1686,0.3458,1.0717,0.2988,5.8316,-0.0288
30.186,0.2700,0.2142,0.0117,-0.1072,0.1779,0.3502,1.0717,0.2888,5.8416,-0.0290
30.188,0.2882,0.2267,0.0117,-0.0891,0.1779,0.3502,1.0717,0.3069,5.8416,-0.0290
30.192,0.2712,0.2267,-0.0000,-0.0891,0.1605,0.3502,1.0600,0.3069,5.8416,-0.0290
30.195,0.2712,0.2079,-0.0062,-0.0891,0.1605,0.3335,1.0538,0.3069,5.8416,-0.0290
30.304,0.2712,0.2079,-0.0062,-0.0891,0.1605,0.3335,1.0538,0.3069,5.8416,-0.0290
30.309,0.2712,0.2079,-0.0062,-0.0990,0.1698,0.3379,1.0538,0.2970,5.8515,-0.0291
30.309,0.2888,0.2204,-0.0062,-0.0815,0.1698,0.3379,1.0538,0.3145,5.8515,-0.0291
30.309,0.2715,0.2204,-0.0176,-0.0815,0.1521,0.3379,1.0424,0.3145,5.8515,-0.0291
30.310,0.2715,0.2047,-0.0228,-0.0815,0.1521,0.3240,1.0372,0.3145,5.8515,-0.0291
30.369,0.2715,0.2047,-0.0228,-0.0914,0.1614,0.3284,1.0372,0.3046,5.8614,-0.0293
30.370,0.2876,0.2161,-0.0228,-0.0754,0.1614,0.3284,1.0372,0.3206,5.8614,-0.0293
30.370,0.2698,0.2161,-0.0339,-0.0754,0.1434,0.3284,1.0261,0.3206,5.8614,-0.0293
30.371,0.2698,0.2022,-0.0373,-0.0754,0.1434,0.3166,1.0227,0.3206,5.8614,-0.0293
30.455,0.2698,0.2022,-0.0373,-0.0853,0.1527,0.3210,1.0227,0.3107,5.8713,-0.0294
30.460,0.2848,0.2133,-0.0373,-0.0703,0.1527,0.3210,1.0227,0.3257,5.8713,-0.0294
30.460,0.2669,0.2133,-0.0475,-0.0703,0.1347,0.3210,1.0125,0.3257,5.8713,-0.0294
30.460,0.2669,0.1993,-0.0503,-0.0703,0.1347,0.3094,1.0097,0.3257,5.8713,-0.0294
30.560,0.2669,0.1993,-0.0503,-0.0703,0.1347,0.3094,1.0097,0.3257,5.8713,-0.0294
30.583,0.2669,0.1993,-0.0503,-0.0802,0.1440,0.3138,1.0097,0.3158,5.8812,-0.0295
30.585,0.2821,0.2122,-0.0503,-0.0645,0.1440,0.3138,1.0097,0.3315,5.8812,-0.0295
30.587,0.2645,0.2122,-0.0592,-0.0645,0.1265,0.3138,1.0008,0.3315,5.8812,-0.0295
30.588,0.2645,0.1970,-0.0631,-0.0645,0.1265,0.3008,0.9969,0.3315,5.8812,-0.0295
30.663,0.2645,0.1970,-0.0631,-0.0744,0.1359,0.3053,0.9969,0.3216,5.8911,-0.0297
30.665,0.2801,0.2118,-0.0631,-0.0580,0.1359,0.3053,0.9969,0.3380,5.8911,-0.0297
30.667,0.2631,0.2118,-0.0705,-0.0580,0.1192,0.3053,0.9895,0.3380,5.8911,-0.0297
30.669,0.2631,0.1963,-0.0761,-0.0580,0.1192,0.2913,0.9839,0.3380,5.8911,-0.0297
30.760,0.2631,0.1963,-0.0761,-0.0679,0.1285,0.2958,0.9839,0.3281,5.9010,-0.0298
30.761,0.2783,0.2116,-0.0761,-0.0516,0.1285,0.2958,0.9839,0.3444,5.9010,-0.0298
30.762,0.2619,0.2116,-0.0818,-0.0516,0.1126,0.2958,0.9782,0.3444,5.9010,-0.0298
30.763,0.2619,0.1970,-0.0882,-0.0516,0.1126,0.2821,0.9718,0.3444,5.9010,-0.0298
30.857,0.2619,0.1970,-0.0882,-0.0615,0.1219,0.2866,0.9718,0.3345,5.9109,-0.0300
30.859,0.2762,0.2121,-0.0882,-0.0459,0.1219,0.2866,0.9718,0.3501,5.9109,-0.0300
30.861,0.2600,0.2121,-0.0930,-0.0459,0.1064,0.2866,0.9670,0.3501,5.9109,-0.0300
30.862,0.2600,0.1983,-0.0995,-0.0459,0.1064,0.2734,0.9605,0.3501,5.9109,-0.0300
30.958,0.2600,0.1983,-0.0995,-0.0558,0.1157,0.2779,0.9605,0.3402,5.9209,-0.0302
30.959,0.2738,0.2133,-0.0995,-0.0407,0.1157,0.2779,0.9605,0.3553,5.9209,-0.0302
30.960,0.2576,0.2133,-0.1036,-0.0407,0.1004,0.2779,0.9564,0.3553,5.9209,-0.0302
30.962,0.2576,0.1992,-0.1102,-0.0407,0.1004,0.2645,0.9498,0.3553,5.9209,-0.0302
31.062,0.2576,0.1992,-0.1102,-0.0407,0.1004,0.2645,0.9498,0.3553,5.9209,-0.0302
31.069,0.2576,0.1992,-0.1102,-0.0506,0.1097,0.2691,0.9498,0.3454,5.9308,-0.0303
31.086,0.2711,0.2147,-0.1102,-0.0356,0.1097,0.2691,0.9498,0.3604,5.9308,-0.0303
31.086,0.2555,0.2147,-0.1130,-0.0356,0.0951,0.2691,0.9470,0.3604,5.9308,-0.0303
31.087,0.2555,0.1995,-0.1204,-0.0356,0.0951,0.2545,0.9396,0.3604,5.9308,-0.0303
31.185,0.2555,0.1995,-0.1204,-0.0455,0.1044,0.2591,0.9396,0.3505,5.9407,-0.0304
31.205,0.2689,0.2156,-0.1204,-0.0303,0.1044,0.2591,0.9396,0.3657,5.9407,-0.0304
31.206,0.2542,0.2156,-0.1213,-0.0303,0.0911,0.2591,0.9387,0.3657,5.9407,-0.0304
31.206,0.2542,0.1997,-0.1296,-0.0303,0.0911,0.2436,0.9304,0.3657,5.9407,-0.0304
31.307,0.2542,0.1997,-0.1296,-0.0303,0.0911,0.2436,0.9304,0.3657,5.9407,-0.0304
31.311,0.2542,0.1997,-0.1296,-0.0402,0.1004,0.2482,0.9304,0.3558,5.9506,-0.0306
31.330,0.2669,0.2160,-0.1296,-0.0255,0.1004,0.2482,0.9304,0.3705,5.9506,-0.0306
31.331,0.2534,0.2160,-0.1284,-0.0255,0.0886,0.2482,0.9316,0.3705,5.9506,-0.0306
31.331,0.2534,0.1999,-0.1373,-0.0255,0.0886,0.2323,0.9227,0.3705,5.9506,-0.0306
31.432,0.2534,0.1999,-0.1373,-0.0354,0.0979,0.2369,0.9227,0.3606,5.9605,-0.0307
31.438,0.2651,0.2154,-0.1373,-0.0216,0.0979,0.2369,0.9227,0.3744,5.9605,-0.0307
31.438,0.2522,0.2154,-0.1350,-0.0216,0.0870,0.2369,0.9250,0.3744,5.9605,-0.0307
31.438,0.2522,0.1992,-0.1445,-0.0216,0.0870,0.2205,0.9155,0.3744,5.9605,-0.0307
31.529,0.2522,0.1992,-0.1445,-0.0315,0.0963,0.2252,0.9155,0.3645,5.9704,-0.0309
31.530,0.2631,0.2130,-0.1445,-0.0188,0.0963,0.2252,0.9155,0.3772,5.9704,-0.0309
31.530,0.2503,0.2130,-0.1419,-0.0188,0.0857,0.2252,0.9181,0.3772,5.9704,-0.0309
31.531,0.2503,0.1967,-0.1522,-0.0188,0.0857,0.2084,0.9078,0.3772,5.9704,-0.0309
31.604,0.2503,0.1967,-0.1522,-0.0287,0.0949,0.2131,0.9078,0.3673,5.9803,-0.0310
31.607,0.2614,0.2102,-0.1522,-0.0160,0.0949,0.2131,0.9078,0.3800,5.9803,-0.0310
31.609,0.2489,0.2102,-0.1486,-0.0160,0.0849,0.2131,0.9114,0.3800,5.9803,-0.0310
31.611,0.2489,0.1938,-0.1597,-0.0160,0.0849,0.1959,0.9003,0.3800,5.9803,-0.0310
31.683,0.2489,0.1938,-0.1597,-0.0259,0.0941,0.2007,0.9003,0.3701,5.9902,-0.0312
31.685,0.2610,0.2082,-0.1597,-0.0121,0.0941,0.2007,0.9003,0.3839,5.9902,-0.0312
31.688,0.2494,0.2082,-0.1547,-0.0121,0.0853,0.2007,0.9053,0.3839,5.9902,-0.0312
31.691,0.2494,0.1919,-0.1664,-0.0121,0.0853,0.1833,0.8936,0.3839,5.9902,-0.0312
31.774,0.2494,0.1919,-0.1664,-0.0219,0.0944,0.1882,0.8936,0.3741,6.0002,-0.0313
31.775,0.2619,0.2065,-0.1664,-0.0077,0.0944,0.1882,0.8936,0.3883,6.0002,-0.0313
31.775,0.2512,0.2065,-0.1600,-0.0077,0.0869,0.1882,0.9000,0.3883,6.0002,-0.0313
31.776,0.2512,0.1905,-0.1719,-0.0077,0.0869,0.1709,0.8881,0.3883,6.0002,-0.0313
31.849,0.2512,0.1905,-0.1719,-0.0176,0.0960,0.1758,0.8881,0.3784,6.0101,-0.0315
31.850,0.2629,0.2042,-0.1719,-0.0042,0.0960,0.1758,0.8881,0.3918,6.0101,-0.0315
31.851,0.2529,0.2042,-0.1648,-0.0042,0.0894,0.1758,0.8952,0.3918,6.0101,-0.0315
31.852,0.2529,0.1885,-0.1766,-0.0042,0.0894,0.1588,0.8834,0.3918,6.0101,-0.0315
31.953,0.2529,0.1885,-0.1766,-0.0042,0.0894,0.1588,0.8834,0.3918,6.0101,-0.0315
31.987,0.2529,0.1885,-0.1766,-0.0141,0.0984,0.1638,0.8834,0.3819,6.0200,-0.0316
32.009,0.2637,0.2008,-0.1766,-0.0019,0.0984,0.1638,0.8834,0.3941,6.0200,-0.0316
32.010,0.2537,0.2008,-0.1698,-0.0019,0.0918,0.1638,0.8902,0.3941,6.0200,-0.0316
32.011,0.2537,0.1855,-0.1815,-0.0019,0.0918,0.1470,0.8785,0.3941,6.0200,-0.0316
32.106,0.2537,0.1855,-0.1815,-0.0117,0.1009,0.1520,0.8785,0.3843,6.0299,-0.0318
32.124,0.2639,0.1959,-0.1815,-0.0006,0.1009,0.1520,0.8785,0.3954,6.0299,-0.0318
32.124,0.2538,0.1959,-0.1748,-0.0006,0.0942,0.1520,0.8852,0.3954,6.0299,-0.0318
32.126,0.2538,0.1807,-0.1865,-0.0006,0.0942,0.1353,0.8735,0.3954,6.0299,-0.0318
32.209,0.2538,0.1807,-0.1865,-0.0104,0.1032,0.1404,0.8735,0.3856,6.0398,-0.0319
32.224,0.2644,0.1886,-0.1865,-0.0001,0.1032,0.1404,0.8735,0.3959,6.0398,-0.0319
32.226,0.2543,0.1886,-0.1794,-0.0001,0.0968,0.1404,0.8806,0.3959,6.0398,-0.0319
32.227,0.2543,0.1733,-0.1911,-0.0001,0.0968,0.1236,0.8689,0.3959,6.0398,-0.0319
32.328,0.2543,0.1733,-0.1911,-0.0001,0.0968,0.1236,0.8689,0.3959,6.0398,-0.0319
32.339,0.2543,0.1733,-0.1911,-0.0099,0.1058,0.1288,0.8689,0.3861,6.0497,-0.0321
32.340,0.2662,0.1793,-0.1911,0.0004,0.1058,0.1288,0.8689,0.3964,6.0497,-0.0321
32.342,0.2566,0.1793,-0.1835,0.0004,0.1000,0.1288,0.8765,0.3964,6.0497,-0.0321
32.343,0.2566,0.1641,-0.1949,0.0004,0.1000,0.1122,0.8651,0.3964,6.0497,-0.0321
32.417,0.2566,0.1641,-0.1949,-0.0094,0.1089,0.1175,0.8651,0.3866,6.0596,-0.0322
32.419,0.2701,0.1693,-0.1949,0.0016,0.1089,0.1175,0.8651,0.3976,6.0596,-0.0322
32.421,0.2607,0.1693,-0.1872,0.0016,0.1033,0.1175,0.8728,0.3976,6.0596,-0.0322
32.423,0.2607,0.1538,-0.1982,0.0016,0.1033,0.1007,0.8618,0.3976,6.0596,-0.0322
32.502,0.2607,0.1538,-0.1982,-0.0083,0.1121,0.1061,0.8618,0.3877,6.0696,-0.0324
32.503,0.2749,0.1580,-0.1982,0.0027,0.1121,0.1061,0.8618,0.3987,6.0696,-0.0324
32.503,0.2654,0.1580,-0.1908,0.0027,0.1064,0.1061,0.8692,0.3987,6.0696,-0.0324
32.505,0.2654,0.1423,-0.2014,0.0027,0.1064,0.0893,0.8586,0.3987,6.0696,-0.0324
32.574,0.2654,0.1423,-0.2014,-0.0071,0.1152,0.0947,0.8586,0.3889,6.0795,-0.0325
32.576,0.2782,0.1455,-0.2014,0.0026,0.1152,0.0947,0.8586,0.3986,6.0795,-0.0325
32.577,0.2683,0.1455,-0.1944,0.0026,0.1091,0.0947,0.8656,0.3986,6.0795,-0.0325
32.578,0.2683,0.1304,-0.2037,0.0026,0.1091,0.0788,0.8563,0.3986,6.0795,-0.0325
32.654,0.2683,0.1304,-0.2037,-0.0073,0.1179,0.0843,0.8563,0.3887,6.0894,-0.0327
32.655,0.2796,0.1323,-0.2037,0.0008,0.1179,0.0843,0.8563,0.3968,6.0894,-0.0327
32.656,0.2692,0.1323,-0.1970,0.0008,0.1113,0.0843,0.8630,0.3968,6.0894,-0.0327
32.658,0.2692,0.1179,-0.2048,0.0008,0.1113,0.0696,0.8552,0.3968,6.0894,-0.0327
32.751,0.2692,0.1179,-0.2048,-0.0091,0.1200,0.0751,0.8552,0.3869,6.0993,-0.0328
32.753,0.2803,0.1185,-0.2048,-0.0016,0.1200,0.0751,0.8552,0.3944,6.0993,-0.0328
32.755,0.2697,0.1185,-0.1981,-0.0016,0.1133,0.0751,0.8619,0.3944,6.0993,-0.0328
32.756,0.2697,0.1038,-0.2051,-0.0016,0.1133,0.0606,0.8549,0.3944,6.0993,-0.0328
32.856,0.2697,0.1038,-0.2051,-0.0016,0.1133,0.0606,0.8549,0.3944,6.0993,-0.0328
32.858,0.2697,0.1038,-0.2051,-0.0115,0.1220,0.0662,0.8549,0.3845,6.1092,-0.0330
32.859,0.2817,0.1029,-0.2051,-0.0039,0.1220,0.0662,0.8549,0.3921,6.1092,-0.0330
32.860,0.2712,0.1029,-0.1983,-0.0039,0.1153,0.0662,0.8617,0.3921,6.1092,-0.0330
32.861,0.2712,0.0863,-0.2062,-0.0039,0.1153,0.0496,0.8538,0.3921,6.1092,-0.0330
32.961,0.2712,0.0863,-0.2062,-0.0039,0.1153,0.0496,0.8538,0.3921,6.1092,-0.0330
32.972,0.2712,0.0863,-0.2062,-0.0138,0.1239,0.0552,0.8538,0.3822,6.1191,-0.0331
32.973,0.2840,0.0843,-0.2062,-0.0062,0.1239,0.0552,0.8538,0.3898,6.1191,-0.0331
32.974,0.2733,0.0843,-0.1997,-0.0062,0.1170,0.0552,0.8603,0.3898,6.1191,-0.0331
32.974,0.2733,0.0656,-0.2078,-0.0062,0.1170,0.0369,0.8522,0.3898,6.1191,-0.0331
33.074,0.2733,0.0656,-0.2078,-0.0062,0.1170,0.0369,0.8522,0.3898,6.1191,-0.0331
33.077,0.2733,0.0656,-0.2078,-0.0161,0.1256,0.0426,0.8522,0.3799,6.1290,-0.0333
33.077,0.2856,0.0636,-0.2078,-0.0087,0.1256,0.0426,0.8522,0.3873,6.1290,-0.0333
33.078,0.2744,0.0636,-0.2019,-0.0087,0.1181,0.0426,0.8581,0.3873,6.1290,-0.0333
33.078,0.2744,0.0448,-0.2067,-0.0087,0.1181,0.0256,0.8533,0.3873,6.1290,-0.0333
33.171,0.2744,0.0448,-0.2067,-0.0186,0.1266,0.0312,0.8533,0.3774,6.1389,-0.0334
33.172,0.2854,0.0433,-0.2067,-0.0117,0.1266,0.0312,0.8533,0.3843,6.1389,-0.0334
33.173,0.2738,0.0433,-0.2013,-0.0117,0.1186,0.0312,0.8587,0.3843,6.1389,-0.0334
33.173,0.2738,0.0254,-0.2008,-0.0117,0.1186,0.0176,0.8592,0.3843,6.1389,-0.0334
33.255,0.2738,0.0254,-0.2008,-0.0216,0.1271,0.0232,0.8592,0.3744,6.1489,-0.0336
33.258,0.2835,0.0237,-0.2008,-0.0157,0.1271,0.0232,0.8592,0.3803,6.1489,-0.0336
33.259,0.2716,0.0237,-0.1958,-0.0157,0.1188,0.0232,0.8642,0.3803,6.1489,-0.0336
33.259,0.2716,0.0064,-0.1915,-0.0157,0.1188,0.0120,0.8685,0.3803,6.1489,-0.0336
33.356,0.2716,0.0064,-0.1915,-0.0256,0.1271,0.0175,0.8685,0.3704,6.1588,-0.0337
33.375,0.2801,0.0036,-0.1915,-0.0207,0.1271,0.0175,0.8685,0.3753,6.1588,-0.0337
33.376,0.2682,0.0036,-0.1866,-0.0207,0.1189,0.0175,0.8734,0.3753,6.1588,-0.0337
33.377,0.2682,-0.0130,-0.1823,-0.0207,0.1189,0.0070,0.8777,0.3753,6.1588,-0.0337
33.477,0.2682,-0.0130,-0.1823,-0.0207,0.1189,0.0070,0.8777,0.3753,6.1588,-0.0337
33.493,0.2682,-0.0130,-0.1823,-0.0306,0.1272,0.0124,0.8777,0.3654,6.1687,-0.0339
33.494,0.2757,-0.0167,-0.1823,-0.0268,0.1272,0.0124,0.8777,0.3692,6.1687,-0.0339
33.494,0.2639,-0.0167,-0.1776,-0.0268,0.1189,0.0124,0.8824,0.3692,6.1687,-0.0339
33.494,0.2639,-0.0327,-0.1750,-0.0268,0.1189,0.0016,0.8850,0.3692,6.1687,-0.0339
33.587,0.2639,-0.0327,-0.1750,-0.0366,0.1272,0.0070,0.8850,0.3594,6.1786,-0.0340
33.613,0.2703,-0.0360,-0.1750,-0.0333,0.1272,0.0070,0.8850,0.3627,6.1786,-0.0340
33.625,0.2583,-0.0360,-0.1708,-0.0333,0.1187,0.0070,0.8892,0.3627,6.1786,-0.0340
33.626,0.2583,-0.0523,-0.1679,-0.0333,0.1187,-0.0038,0.8921,0.3627,6.1786,-0.0340
33.715,0.2583,-0.0523,-0.1679,-0.0432,0.1269,0.0016,0.8921,0.3528,6.1885,-0.0342
33.726,0.2639,-0.0543,-0.1679,-0.0399,0.1269,0.0016,0.8921,0.3561,6.1885,-0.0342
33.728,0.2516,-0.0543,-0.1641,-0.0399,0.1180,0.0016,0.8959,0.3561,6.1885,-0.0342
33.729,0.2516,-0.0719,-0.1581,-0.0399,0.1180,-0.0084,0.9019,0.3561,6.1885,-0.0342
33.830,0.2516,-0.0719,-0.1581,-0.0399,0.1180,-0.0084,0.9019,0.3561,6.1885,-0.0342
33.860,0.2516,-0.0719,-0.1581,-0.0498,0.1261,-0.0032,0.9019,0.3462,6.1984,-0.0343
33.862,0.2571,-0.0725,-0.1581,-0.0460,0.1261,-0.0032,0.9019,0.3500,6.1984,-0.0343
33.864,0.2446,-0.0725,-0.1546,-0.0460,0.1171,-0.0032,0.9054,0.3500,6.1984,-0.0343
33.876,0.2446,-0.0897,-0.1451,-0.0460,0.1171,-0.0109,0.9149,0.3500,6.1984,-0.0343
33.976,0.2446,-0.0897,-0.1451,-0.0460,0.1171,-0.0109,0.9149,0.3500,6.1984,-0.0343
33.997,0.2446,-0.0897,-0.1451,-0.0559,0.1251,-0.0057,0.9149,0.3401,6.2083,-0.0345
34.008,0.2502,-0.0894,-0.1451,-0.0517,0.1251,-0.0057,0.9149,0.3443,6.2083,-0.0345
34.008,0.2379,-0.0894,-0.1416,-0.0517,0.1163,-0.0057,0.9184,0.3443,6.2083,-0.0345
34.008,0.2379,-0.1033,-0.1296,-0.0517,0.1163,-0.0094,0.9304,0.3443,6.2083,-0.0345
34.072,0.2379,-0.1033,-0.1296,-0.0616,0.1243,-0.0044,0.9304,0.3344,6.2182,-0.0346
34.074,0.2432,-0.1030,-0.1296,-0.0575,0.1243,-0.0044,0.9304,0.3385,6.2182,-0.0346
34.076,0.2309,-0.1030,-0.1262,-0.0575,0.1155,-0.0044,0.9338,0.3385,6.2182,-0.0346
34.077,0.2309,-0.1122,-0.1121,-0.0575,0.1155,-0.0034,0.9478,0.3385,6.2182,-0.0346
34.165,0.2309,-0.1122,-0.1121,-0.0674,0.1235,0.0016,0.9478,0.3286,6.2282,-0.0348
34.167,0.2363,-0.1116,-0.1121,-0.0632,0.1235,0.0016,0.9479,0.3328,6.2282,-0.0348
34.168,0.2240,-0.1116,-0.1088,-0.0632,0.1147,0.0016,0.9484,0.3328,6.2282,-0.0348
34.168,0.2240,-0.1161,-0.0940,-0.0632,0.1147,0.0065,0.9439,0.3328,6.2282,-0.0348
34.238,0.2240,-0.1161,-0.0940,-0.0730,0.1226,0.0114,0.9439,0.3230,6.2381,-0.0349
34.258,0.2300,-0.1146,-0.0940,-0.0680,0.1226,0.0114,0.9454,0.3280,6.2381,-0.0349
34.258,0.2177,-0.1146,-0.0906,-0.0680,0.1138,0.0114,0.9454,0.3280,6.2381,-0.0349
34.259,0.2177,-0.1189,-0.0777,-0.0680,0.1138,0.0155,0.9411,0.3280,6.2381,-0.0349
34.350,0.2177,-0.1189,-0.0777,-0.0778,0.1216,0.0203,0.9411,0.3182,6.2480,-0.0351
34.369,0.2247,-0.1159,-0.0777,-0.0715,0.1216,0.0203,0.9441,0.3245,6.2480,-0.0351
34.370,0.2125,-0.1159,-0.0743,-0.0715,0.1130,0.0203,0.9441,0.3245,6.2480,-0.0351
34.371,0.2125,-0.1222,-0.0628,-0.0715,0.1130,0.0224,0.9378,0.3245,6.2480,-0.0351
34.467,0.2125,-0.1222,-0.0628,-0.0813,0.1207,0.0271,0.9378,0.3147,6.2579,-0.0352
34.483,0.2201,-0.1175,-0.0628,-0.0739,0.1207,0.0271,0.9425,0.3221,6.2579,-0.0352
34.485,0.2077,-0.1175,-0.0594,-0.0739,0.1120,0.0271,0.9425,0.3221,6.2579,-0.0352
34.486,0.2077,-0.1241,-0.0467,-0.0739,0.1120,0.0297,0.9359,0.3221,6.2579,-0.0352
34.587,0.2077,-0.1241,-0.0467,-0.0739,0.1120,0.0297,0.9359,0.3221,6.2579,-0.0352
34.628,0.2077,-0.1241,-0.0467,-0.0837,0.1196,0.0344,0.9359,0.3123,6.2678,-0.0354
34.649,0.2150,-0.1183,-0.0467,-0.0762,0.1196,0.0344,0.9417,0.3198,6.2678,-0.0354
34.650,0.2024,-0.1183,-0.0436,-0.0762,0.1107,0.0344,0.9417,0.3198,6.2678,-0.0354
34.650,0.2024,-0.1211,-0.0282,-0.0762,0.1107,0.0413,0.9389,0.3198,6.2678,-0.0354
34.751,0.2024,-0.1211,-0.0282,-0.0762,0.1107,0.0413,0.9389,0.3198,6.2678,-0.0354
34.770,0.2024,-0.1211,-0.0282,-0.0860,0.1183,0.0459,0.9389,0.3100,6.2777,-0.0355
34.789,0.2095,-0.1144,-0.0282,-0.0782,0.1183,0.0459,0.9456,0.3178,6.2777,-0.0355
34.790,0.1965,-0.1144,-0.0253,-0.0782,0.1091,0.0459,0.9456,0.3178,6.2777,-0.0355
34.791,0.1965,-0.1116,-0.0088,-0.0782,0.1091,0.0571,0.9484,0.3178,6.2777,-0.0355
34.873,0.1965,-0.1116,-0.0088,-0.0880,0.1166,0.0616,0.9484,0.3080,6.2876,-0.0357
34.882,0.2048,-0.1035,-0.0088,-0.0788,0.1166,0.0616,0.9565,0.3172,6.2876,-0.0357
34.882,0.1914,-0.1035,-0.0061,-0.0788,0.1072,0.0616,0.9565,0.3172,6.2876,-0.0357
34.883,0.1914,-0.0974,0.0096,-0.0788,0.1072,0.0745,0.9626,0.3172,6.2876,-0.0357
34.980,0.1914,-0.0974,0.0096,-0.0886,0.1146,0.0791,0.9626,0.3074,6.2975,-0.0358
34.980,0.2015,-0.0871,0.0096,-0.0772,0.1146,0.0791,0.9729,0.3188,6.2975,-0.0358
34.980,0.1881,-0.0871,0.0123,-0.0772,0.1051,0.0791,0.9729,0.3188,6.2975,-0.0358
34.980,0.1881,-0.0825,0.0265,-0.0772,0.1051,0.0900,0.9775,0.3188,6.2975,-0.0358
35.038,0.1881,-0.0825,0.0265,-0.0870,0.1125,0.0946,0.9775,0.3090,6.3075,-0.0360
35.038,0.1995,-0.0697,0.0265,-0.0737,0.1125,0.0946,0.9903,0.3223,6.3075,-0.0360
35.038,0.1860,-0.0697,0.0294,-0.0737,0.1032,0.0946,0.9903,0.3223,6.3075,-0.0360
35.038,0.1860,-0.0674,0.0433,-0.0737,0.1032,0.1039,0.9926,0.3223,6.3075,-0.0360
35.096,0.1860,-0.0674,0.0433,-0.0835,0.1105,0.1084,0.9926,0.3125,6.3174,-0.0362
35.096,0.1974,-0.0528,0.0433,-0.0695,0.1105,0.1084,1.0072,0.3265,6.3174,-0.0362
35.097,0.1840,-0.0528,0.0464,-0.0695,0.1013,0.1084,1.0072,0.3265,6.3174,-0.0362
35.097,0.1840,-0.0516,0.0603,-0.0695,0.1013,0.1169,1.0084,0.3265,6.3174,-0.0362
35.156,0.1840,-0.0516,0.0603,-0.0793,0.1086,0.1215,1.0084,0.3167,6.3273,-0.0363
35.157,0.1943,-0.0364,0.0603,-0.0658,0.1086,0.1215,1.0236,0.3302,6.3273,-0.0363
35.157,0.1808,-0.0364,0.0634,-0.0658,0.0994,0.1215,1.0236,0.3302,6.3273,-0.0363
35.157,0.1808,-0.0344,0.0764,-0.0658,0.0994,0.1300,1.0256,0.3302,6.3273,-0.0363
35.229,0.1808,-0.0344,0.0764,-0.0756,0.1066,0.1345,1.0256,0.3204,6.3372,-0.0365
35.230,0.1900,-0.0198,0.0764,-0.0630,0.1066,0.1345,1.0402,0.3330,6.3372,-0.0365
35.231,0.1763,-0.0198,0.0795,-0.0630,0.0973,0.1345,1.0402,0.3330,6.3372,-0.0365
35.233,0.1763,-0.0166,0.0911,-0.0630,0.0973,0.1430,1.0434,0.3330,6.3372,-0.0365
35.325,0.1763,-0.0166,0.0911,-0.0728,0.1044,0.1476,1.0434,0.3232,6.3471,-0.0366
35.326,0.1857,-0.0021,0.0911,-0.0601,0.1044,0.1476,1.0579,0.3359,6.3471,-0.0366
35.326,0.1719,-0.0021,0.0943,-0.0601,0.0952,0.1476,1.0579,0.3359,6.3471,-0.0366
35.327,0.1719,0.0019,0.1046,-0.0601,0.0952,0.1559,1.0619,0.3359,6.3471,-0.0366
35.413,0.1719,0.0019,0.1046,-0.0699,0.1022,0.1604,1.0619,0.3261,6.3570,-0.0368
35.414,0.1821,0.0173,0.1046,-0.0562,0.1022,0.1604,1.0773,0.3398,6.3570,-0.0368
35.415,0.1684,0.0173,0.1081,-0.0562,0.0933,0.1604,1.0773,0.3398,6.3570,-0.0368
35.417,0.1684,0.0211,0.1175,-0.0562,0.0933,0.1680,1.0811,0.3398,6.3570,-0.0368
35.508,0.1684,0.0211,0.1175,-0.0660,0.1003,0.1725,1.0811,0.3300,6.3669,-0.0369
35.509,0.1780,0.0375,0.1175,-0.0522,0.1003,0.1725,1.0975,0.3438,6.3669,-0.0369
35.511,0.1642,0.0375,0.1211,-0.0522,0.0914,0.1725,1.0975,0.3438,6.3669,-0.0369
35.512,0.1642,0.0404,0.1299,-0.0522,0.0914,0.1792,1.1004,0.3438,6.3669,-0.0369
35.613,0.1642,0.0404,0.1299,-0.0522,0.0914,0.1792,1.1004,0.3438,6.3669,-0.0369
35.641,0.1642,0.0404,0.1299,-0.0621,0.0983,0.1838,1.1004,0.3339,6.3768,-0.0371
35.642,0.1723,0.0569,0.1299,-0.0492,0.0983,0.1838,1.1169,0.3468,6.3768,-0.0371
35.644,0.1583,0.0569,0.1334,-0.0492,0.0894,0.1838,1.1169,0.3468,6.3768,-0.0371
35.645,0.1583,0.0586,0.1416,-0.0492,0.0894,0.1893,1.1186,0.3468,6.3768,-0.0371
35.746,0.1583,0.0586,0.1416,-0.0492,0.0894,0.1893,1.1186,0.3468,6.3768,-0.0371
35.748,0.1583,0.0586,0.1416,-0.0591,0.0962,0.1940,1.1186,0.3369,6.3868,-0.0372
35.750,0.1650,0.0746,0.1416,-0.0473,0.0962,0.1940,1.1346,0.3487,6.3868,-0.0372
35.753,0.1505,0.0746,0.1449,-0.0473,0.0869,0.1940,1.1346,0.3487,6.3868,-0.0372
35.755,0.1505,0.0755,0.1525,-0.0473,0.0869,0.1987,1.1355,0.3487,6.3868,-0.0372
35.843,0.1505,0.0755,0.1525,-0.0572,0.0936,0.2033,1.1355,0.3388,6.3967,-0.0374
35.845,0.1564,0.0911,0.1525,-0.0460,0.0936,0.2033,1.1511,0.3500,6.3967,-0.0374
35.847,0.1416,0.0911,0.1556,-0.0460,0.0842,0.2033,1.1511,0.3500,6.3967,-0.0374
35.849,0.1416,0.0919,0.1623,-0.0460,0.0842,0.2074,1.1519,0.3500,6.3967,-0.0374
35.933,0.1416,0.0919,0.1623,-0.0559,0.0908,0.2121,1.1519,0.3401,6.4066,-0.0375
35.935,0.1475,0.1073,0.1623,-0.0448,0.0908,0.2121,1.1673,0.3512,6.4066,-0.0375
35.937,0.1326,0.1073,0.1654,-0.0448,0.0815,0.2121,1.1673,0.3512,6.4066,-0.0375
35.939,0.1326,0.1084,0.1712,-0.0448,0.0815,0.2159,1.1684,0.3512,6.4066,-0.0375
36.024,0.1326,0.1084,0.1712,-0.0547,0.0880,0.2206,1.1684,0.3413,6.4165,-0.0377
36.026,0.1384,0.1239,0.1712,-0.0434,0.0880,0.2206,1.1839,0.3526,6.4165,-0.0377
36.028,0.1235,0.1239,0.1744,-0.0434,0.0788,0.2206,1.1835,0.3526,6.4165,-0.0377
36.031,0.1235,0.1257,0.1793,-0.0434,0.0788,0.2244,1.1835,0.3526,6.4165,-0.0377
36.115,0.1235,0.1257,0.1793,-0.0533,0.0853,0.2291,1.1835,0.3427,6.4264,-0.0378
36.117,0.1290,0.1413,0.1793,-0.0421,0.0853,0.2291,1.1890,0.3539,6.4264,-0.0378
36.119,0.1142,0.1413,0.1827,-0.0421,0.0762,0.2291,1.1742,0.3539,6.4264,-0.0378
36.121,0.1142,0.1438,0.1874,-0.0421,0.0762,0.2332,1.1742,0.3539,6.4264,-0.0378
36.203,0.1142,0.1438,0.1874,-0.0520,0.0827,0.2380,1.1742,0.3440,6.4363,-0.0380
36.205,0.1191,0.1593,0.1874,-0.0411,0.0827,0.2380,1.1791,0.3549,6.4363,-0.0380
36.207,0.1041,0.1593,0.1909,-0.0411,0.0737,0.2380,1.1641,0.3549,6.4363,-0.0380
36.208,0.1041,0.1632,0.1968,-0.0411,0.0737,0.2435,1.1641,0.3549,6.4363,-0.0380
36.294,0.1041,0.1632,0.1968,-0.0510,0.0800,0.2483,1.1641,0.3450,6.4462,-0.0381
36.296,0.1087,0.1787,0.1968,-0.0401,0.0800,0.2483,1.1687,0.3559,6.4462,-0.0381
36.298,0.0937,0.1787,0.2002,-0.0401,0.0711,0.2483,1.1537,0.3559,6.4462,-0.0381
36.299,0.0937,0.1847,0.2084,-0.0401,0.0711,0.2562,1.1537,0.3559,6.4462,-0.0381
36.384,0.0937,0.1847,0.2084,-0.0501,0.0773,0.2611,1.1537,0.3459,6.4561,-0.0383
36.387,0.0982,0.2003,0.2084,-0.0391,0.0773,0.2611,1.1582,0.3569,6.4561,-0.0383
36.388,0.0832,0.2003,0.2117,-0.0391,0.0684,0.2611,1.1432,0.3569,6.4561,-0.0383
36.390,0.0832,0.2081,0.2218,-0.0391,0.0684,0.2711,1.1432,0.3569,6.4561,-0.0383
36.474,0.0832,0.2081,0.2218,-0.0490,0.0746,0.2760,1.1432,0.3470,6.4661,-0.0384
36.476,0.0881,0.2240,0.2218,-0.0375,0.0746,0.2760,1.1481,0.3585,6.4661,-0.0384
36.478,0.0733,0.2240,0.2248,-0.0375,0.0657,0.2760,1.1333,0.3585,6.4661,-0.0384
36.480,0.0733,0.2323,0.2352,-0.0375,0.0657,0.2864,1.1333,0.3585,6.4661,-0.0384
36.570,0.0733,0.2323,0.2352,-0.0474,0.0719,0.2914,1.1333,0.3486,6.4760,-0.0386
36.572,0.0790,0.2490,0.2352,-0.0348,0.0719,0.2914,1.1390,0.3612,6.4760,-0.0386
36.574,0.0641,0.2490,0.2382,-0.0348,0.0630,0.2914,1.1241,0.3612,6.4760,-0.0386
36.576,0.0641,0.2574,0.2474,-0.0348,0.0630,0.3012,1.1241,0.3612,6.4760,-0.0386
36.662,0.0641,0.2574,0.2474,-0.0447,0.0690,0.3062,1.1241,0.3513,6.4859,-0.0387
36.664,0.0710,0.2745,0.2474,-0.0311,0.0690,0.3062,1.1310,0.3649,6.4859,-0.0387
36.666,0.0557,0.2745,0.2505,-0.0311,0.0600,0.3062,1.1157,0.3649,6.4859,-0.0387
36.668,0.0557,0.2848,0.2595,-0.0311,0.0600,0.3170,1.1157,0.3649,6.4859,-0.0387
36.759,0.0557,0.2848,0.2595,-0.0410,0.0660,0.3221,1.1157,0.3550,6.4958,-0.0389
36.761,0.0636,0.3017,0.2595,-0.0267,0.0660,0.3221,1.1236,0.3693,6.4958,-0.0389
36.763,0.0477,0.3017,0.2623,-0.0267,0.0564,0.3221,1.1077,0.3693,6.4958,-0.0389
36.766,0.0477,0.3149,0.2723,-0.0267,0.0564,0.3351,1.1077,0.3693,6.4958,-0.0389
36.858,0.0477,0.3149,0.2723,-0.0366,0.0623,0.3403,1.1077,0.3594,6.5057,-0.0390
36.860,0.0561,0.3322,0.2723,-0.0218,0.0623,0.3403,1.1161,0.3742,6.5057,-0.0390
36.861,0.0396,0.3322,0.2742,-0.0218,0.0519,0.3403,1.0996,0.3742,6.5057,-0.0390
36.863,0.0396,0.3466,0.2847,-0.0218,0.0519,0.3543,1.0996,0.3742,6.5057,-0.0390
36.964,0.0396,0.3466,0.2847,-0.0218,0.0519,0.3543,1.0996,0.3742,6.5057,-0.0390
36.980,0.0396,0.3466,0.2847,-0.0317,0.0578,0.3596,1.0996,0.3643,6.5156,-0.0392
36.982,0.0485,0.3637,0.2847,-0.0166,0.0578,0.3596,1.1085,0.3794,6.5156,-0.0392
36.982,0.0314,0.3637,0.2857,-0.0166,0.0465,0.3596,1.0914,0.3794,6.5156,-0.0392
36.983,0.0314,0.3775,0.2957,-0.0166,0.0465,0.3730,1.0914,0.3794,6.5156,-0.0392
37.065,0.0314,0.3775,0.2957,-0.0264,0.0523,0.3783,1.0914,0.3696,6.5255,-0.0393
37.067,0.0413,0.3940,0.2957,-0.0110,0.0523,0.3783,1.1013,0.3850,6.5255,-0.0393
37.068,0.0237,0.3940,0.2959,-0.0110,0.0402,0.3783,1.0837,0.3850,6.5255,-0.0393
37.069,0.0237,0.4076,0.3052,-0.0110,0.0402,0.3911,1.0837,0.3850,6.5255,-0.0393
37.169,0.0237,0.4076,0.3052,-0.0110,0.0402,0.3911,1.0837,0.3850,6.5255,-0.0393
37.190,0.0237,0.4076,0.3052,-0.0209,0.0459,0.3965,1.0837,0.3751,6.5354,-0.0395
37.190,0.0351,0.4240,0.3052,-0.0047,0.0459,0.3965,1.0951,0.3913,6.5354,-0.0395
37.191,0.0169,0.4240,0.3049,-0.0047,0.0332,0.3965,1.0769,0.3913,6.5354,-0.0395
37.194,0.0169,0.4383,0.3134,-0.0047,0.0332,0.4094,1.0769,0.3913,6.5354,-0.0395
37.284,0.0169,0.4383,0.3134,-0.0145,0.0389,0.4149,1.0769,0.3815,6.5454,-0.0396
37.284,0.0292,0.4545,0.3134,0.0021,0.0389,0.4149,1.0892,0.3981,6.5454,-0.0396
37.284,0.0108,0.4545,0.3128,0.0021,0.0258,0.4149,1.0708,0.3981,6.5454,-0.0396
37.285,0.0108,0.4695,0.3204,0.0021,0.0258,0.4278,1.0708,0.3981,6.5454,-0.0396
37.365,0.0108,0.4695,0.3204,-0.0078,0.0314,0.4335,1.0708,0.3882,6.5553,-0.0398
37.366,0.0230,0.4845,0.3204,0.0080,0.0314,0.4335,1.0830,0.4040,6.5553,-0.0398
37.367,0.0043,0.4845,0.3193,0.0080,0.0177,0.4335,1.0643,0.4040,6.5553,-0.0398
37.369,0.0043,0.4994,0.3259,0.0080,0.0177,0.4458,1.0643,0.4040,6.5553,-0.0398
37.454,0.0043,0.4994,0.3259,-0.0018,0.0232,0.4516,1.0643,0.3942,6.5652,-0.0399
37.475,0.0170,0.5127,0.3259,0.0133,0.0232,0.4516,1.0770,0.4093,6.5652,-0.0399
37.478,-0.0023,0.5127,0.3242,0.0133,0.0087,0.4516,1.0577,0.4047,6.5652,-0.0399
37.480,-0.0023,0.5270,0.3294,0.0133,0.0087,0.4629,1.0577,0.4047,6.5652,-0.0399
37.580,-0.0023,0.5270,0.3294,0.0133,0.0087,0.4629,1.0577,0.4047,6.5652,-0.0399
37.594,-0.0023,0.5270,0.3294,0.0034,0.0142,0.4688,1.0577,0.3994,6.5751,-0.0401
37.610,0.0123,0.5390,0.3294,0.0188,0.0142,0.4688,1.0723,0.4102,6.5751,-0.0401
37.610,-0.0074,0.5390,0.3278,0.0188,-0.0007,0.4688,1.0526,0.3953,6.5751,-0.0401
37.611,-0.0074,0.5527,0.3315,0.0188,-0.0007,0.4790,1.0526,0.3953,6.5751,-0.0401
37.711,-0.0074,0.5527,0.3315,0.0188,-0.0007,0.4790,1.0526,0.3953,6.5751,-0.0401
37.718,-0.0074,0.5527,0.3315,0.0089,0.0048,0.4850,1.0526,0.4008,6.5850,-0.0403
37.735,0.0095,0.5631,0.3315,0.0245,0.0048,0.4850,1.0695,0.4008,6.5850,-0.0403
37.736,-0.0102,0.5631,0.3311,0.0245,-0.0095,0.4850,1.0498,0.3865,6.5850,-0.0403
37.736,-0.0102,0.5763,0.3334,0.0245,-0.0095,0.4943,1.0498,0.3865,6.5850,-0.0403
37.830,-0.0102,0.5763,0.3334,0.0147,-0.0041,0.5004,1.0498,0.3919,6.5949,-0.0404
37.834,0.0079,0.5837,0.3334,0.0291,-0.0041,0.5004,1.0679,0.3919,6.5949,-0.0404
37.834,-0.0108,0.5837,0.3354,0.0291,-0.0166,0.5004,1.0492,0.3794,6.5949,-0.0404
37.834,-0.0108,0.5962,0.3366,0.0291,-0.0166,0.5088,1.0492,0.3794,6.5949,-0.0404
37.935,-0.0108,0.5962,0.3366,0.0291,-0.0166,0.5088,1.0492,0.3794,6.5949,-0.0404
37.946,-0.0108,0.5962,0.3366,0.0193,-0.0113,0.5150,1.0492,0.3847,6.6048,-0.0406
37.948,0.0065,0.6015,0.3366,0.0320,-0.0113,0.5150,1.0665,0.3847,6.6048,-0.0406
37.951,-0.0110,0.6015,0.3399,0.0320,-0.0222,0.5150,1.0490,0.3738,6.6048,-0.0406
37.953,-0.0110,0.6132,0.3403,0.0320,-0.0222,0.5225,1.0490,0.3738,6.6048,-0.0406
38.045,-0.0110,0.6132,0.3403,0.0221,-0.0170,0.5288,1.0490,0.3791,6.6147,-0.0407
38.047,0.0043,0.6183,0.3403,0.0337,-0.0170,0.5288,1.0643,0.3791,6.6147,-0.0407
38.049,-0.0124,0.6183,0.3437,0.0337,-0.0274,0.5288,1.0476,0.3686,6.6147,-0.0407
38.051,-0.0124,0.6293,0.3432,0.0337,-0.0274,0.5355,1.0476,0.3686,6.6147,-0.0407
38.142,-0.0124,0.6293,0.3432,0.0238,-0.0222,0.5420,1.0476,0.3738,6.6247,-0.0409
38.144,0.0023,0.6341,0.3432,0.0348,-0.0222,0.5420,1.0623,0.3738,6.6247,-0.0409
38.147,-0.0142,0.6341,0.3465,0.0348,-0.0327,0.5420,1.0458,0.3633,6.6247,-0.0409
38.150,-0.0142,0.6446,0.3453,0.0348,-0.0327,0.5481,1.0458,0.3633,6.6247,-0.0409
38.243,-0.0142,0.6446,0.3453,0.0249,-0.0276,0.5547,1.0458,0.3684,6.6346,-0.0410
38.245,0.0012,0.6470,0.3453,0.0349,-0.0276,0.5547,1.0612,0.3684,6.6346,-0.0410
38.247,-0.0145,0.6470,0.3490,0.0349,-0.0373,0.5547,1.0455,0.3587,6.6346,-0.0410
38.248,-0.0145,0.6572,0.3472,0.0349,-0.0373,0.5603,1.0455,0.3587,6.6346,-0.0410
38.334,-0.0145,0.6572,0.3472,0.0250,-0.0323,0.5670,1.0455,0.3638,6.6445,-0.0412
38.335,0.0008,0.6559,0.3472,0.0329,-0.0323,0.5670,1.0608,0.3638,6.6445,-0.0412
38.336,-0.0134,0.6559,0.3518,0.0329,-0.0405,0.5670,1.0466,0.3556,6.6445,-0.0412
38.338,-0.0134,0.6659,0.3495,0.0329,-0.0405,0.5723,1.0466,0.3556,6.6445,-0.0412
38.435,-0.0134,0.6659,0.3495,0.0230,-0.0354,0.5791,1.0466,0.3606,6.6544,-0.0413
38.437,0.0003,0.6630,0.3495,0.0291,-0.0354,0.5791,1.0603,0.3606,6.6544,-0.0413
38.437,-0.0116,0.6630,0.3551,0.0291,-0.0416,0.5791,1.0484,0.3544,6.6544,-0.0413
38.438,-0.0116,0.6727,0.3524,0.0291,-0.0416,0.5841,1.0484,0.3544,6.6544,-0.0413
38.508,-0.0116,0.6727,0.3524,0.0192,-0.0366,0.5911,1.0484,0.3594,6.6643,-0.0415
38.508,0.0004,0.6703,0.3524,0.0247,-0.0366,0.5911,1.0604,0.3594,6.6643,-0.0415
38.509,-0.0092,0.6703,0.3587,0.0247,-0.0407,0.5911,1.0508,0.3553,6.6643,-0.0415
38.510,-0.0092,0.6796,0.3557,0.0247,-0.0407,0.5956,1.0508,0.3553,6.6643,-0.0415
38.591,-0.0092,0.6796,0.3557,0.0148,-0.0358,0.6027,1.0508,0.3603,6.6742,-0.0416
38.593,0.0023,0.6776,0.3557,0.0202,-0.0358,0.6027,1.0623,0.3603,6.6742,-0.0416
38.595,-0.0057,0.6776,0.3626,0.0202,-0.0384,0.6027,1.0543,0.3576,6.6742,-0.0416
38.597,-0.0057,0.6861,0.3589,0.0202,-0.0384,0.6066,1.0543,0.3576,6.6742,-0.0416
38.688,-0.0057,0.6861,0.3589,0.0103,-0.0335,0.6137,1.0543,0.3625,6.6841,-0.0418
38.690,0.0055,0.6837,0.3589,0.0154,-0.0335,0.6137,1.0655,0.3625,6.6841,-0.0418
38.691,-0.0017,0.6837,0.3657,0.0154,-0.0357,0.6137,1.0583,0.3604,6.6841,-0.0418
38.692,-0.0017,0.6914,0.3611,0.0154,-0.0357,0.6167,1.0583,0.3604,6.6841,-0.0418
38.758,-0.0017,0.6914,0.3611,0.0055,-0.0308,0.6240,1.0583,0.3653,6.6940,-0.0419
38.759,0.0084,0.6877,0.3611,0.0093,-0.0308,0.6240,1.0684,0.3653,6.6940,-0.0419
38.760,0.0020,0.6877,0.3671,0.0093,-0.0329,0.6240,1.0620,0.3632,6.6940,-0.0419
38.761,0.0020,0.6947,0.3617,0.0093,-0.0329,0.6262,1.0620,0.3632,6.6940,-0.0419
38.861,0.0020,0.6947,0.3617,0.0093,-0.0329,0.6262,1.0620,0.3632,6.6940,-0.0419
38.865,0.0020,0.6947,0.3617,-0.0006,-0.0280,0.6336,1.0620,0.3680,6.7040,-0.0421
38.881,0.0100,0.6894,0.3617,0.0012,-0.0280,0.6336,1.0700,0.3680,6.7040,-0.0421
38.882,0.0050,0.6894,0.3661,0.0012,-0.0298,0.6336,1.0650,0.3662,6.7040,-0.0421
38.883,0.0050,0.6958,0.3602,0.0012,-0.0298,0.6353,1.0650,0.3662,6.7040,-0.0421
38.983,0.0050,0.6958,0.3602,0.0012,-0.0298,0.6353,1.0650,0.3662,6.7040,-0.0421
38.985,0.0050,0.6958,0.3602,-0.0087,-0.0249,0.6428,1.0650,0.3711,6.7139,-0.0422
38.999,0.0108,0.6896,0.3602,-0.0086,-0.0249,0.6428,1.0708,0.3711,6.7139,-0.0422
39.000,0.0090,0.6896,0.3640,-0.0086,-0.0246,0.6428,1.0690,0.3714,6.7139,-0.0422
39.001,0.0090,0.6953,0.3574,-0.0086,-0.0246,0.6438,1.0690,0.3714,6.7139,-0.0422
39.098,0.0090,0.6953,0.3574,-0.0185,-0.0196,0.6514,1.0690,0.3764,6.7238,-0.0424
39.114,0.0127,0.6891,0.3574,-0.0196,-0.0196,0.6514,1.0727,0.3764,6.7238,-0.0424
39.115,0.0176,0.6891,0.3630,-0.0196,-0.0131,0.6514,1.0776,0.3764,6.7238,-0.0424
39.115,0.0176,0.6936,0.3552,-0.0196,-0.0131,0.6511,1.0776,0.3764,6.7238,-0.0424
39.195,0.0176,0.6936,0.3552,-0.0295,-0.0081,0.6588,1.0776,0.3665,6.7337,-0.0425
39.207,0.0194,0.6875,0.3552,-0.0317,-0.0081,0.6588,1.0794,0.3643,6.7337,-0.0425
39.207,0.0302,0.6875,0.3635,-0.0317,0.0045,0.6588,1.0902,0.3643,6.7337,-0.0425
39.207,0.0302,0.6903,0.3539,-0.0317,0.0045,0.6568,1.0902,0.3643,6.7337,-0.0425
39.270,0.0302,0.6903,0.3539,-0.0415,0.0096,0.6646,1.0902,0.3545,6.7436,-0.0427
39.270,0.0308,0.6837,0.3539,-0.0447,0.0096,0.6646,1.0908,0.3513,6.7436,-0.0427
39.271,0.0412,0.6837,0.3619,-0.0447,0.0217,0.6646,1.1012,0.3513,6.7436,-0.0427
39.271,0.0412,0.6851,0.3511,-0.0447,0.0217,0.6614,1.1012,0.3513,6.7436,-0.0427
39.364,0.0412,0.6851,0.3511,-0.0545,0.0268,0.6693,1.1012,0.3415,6.7535,-0.0428
39.368,0.0410,0.6777,0.3511,-0.0586,0.0268,0.6693,1.1010,0.3374,6.7535,-0.0428
39.370,0.0483,0.6777,0.3570,-0.0586,0.0354,0.6693,1.1083,0.3374,6.7535,-0.0428
39.370,0.0483,0.6784,0.3457,-0.0586,0.0354,0.6655,1.1083,0.3374,6.7535,-0.0428
39.466,0.0483,0.6784,0.3457,-0.0685,0.0407,0.6735,1.1083,0.3275,6.7634,-0.0430
39.490,0.0480,0.6706,0.3457,-0.0728,0.0407,0.6735,1.1080,0.3232,6.7634,-0.0430
39.491,0.0549,0.6706,0.3503,-0.0728,0.0483,0.6735,1.1149,0.3232,6.7634,-0.0430
39.491,0.0549,0.6713,0.3388,-0.0728,0.0483,0.6697,1.1149,0.3232,6.7634,-0.0430
39.557,0.0549,0.6713,0.3388,-0.0826,0.0536,0.6778,1.1149,0.3134,6.7733,-0.0431
39.561,0.0543,0.6636,0.3388,-0.0870,0.0536,0.6778,1.1143,0.3090,6.7733,-0.0431
39.562,0.0658,0.6636,0.3443,-0.0870,0.0655,0.6778,1.1258,0.3090,6.7733,-0.0431
39.562,0.0658,0.6638,0.3324,-0.0870,0.0655,0.6737,1.1258,0.3090,6.7733,-0.0431
39.653,0.0658,0.6638,0.3324,-0.0968,0.0708,0.6818,1.1258,0.2992,6.7833,-0.0433
39.654,0.0638,0.6566,0.3324,-0.1018,0.0708,0.6818,1.1238,0.2942,6.7833,-0.0433
39.654,0.0820,0.6566,0.3398,-0.1018,0.0892,0.6818,1.1420,0.2942,6.7833,-0.0433
39.667,0.0820,0.6554,0.3270,-0.1018,0.0892,0.6765,1.1420,0.2942,6.7833,-0.0433
39.759,0.0820,0.6554,0.3270,-0.1116,0.0947,0.6847,1.1420,0.2844,6.7932,-0.0434
39.761,0.0773,0.6487,0.3270,-0.1179,0.0947,0.6847,1.1373,0.2781,6.7932,-0.0434
39.762,0.0969,0.6487,0.3352,-0.1179,0.1145,0.6847,1.1569,0.2781,6.7932,-0.0434
39.763,0.0969,0.6458,0.3217,-0.1179,0.1145,0.6781,1.1569,0.2781,6.7932,-0.0434
39.860,0.0969,0.6458,0.3217,-0.1277,0.1201,0.6864,1.1569,0.2683,6.8031,-0.0436
39.876,0.0886,0.6395,0.3217,-0.1360,0.1201,0.6864,1.1486,0.2600,6.8031,-0.0436
39.877,0.1053,0.6395,0.3285,-0.1360,0.1369,0.6864,1.1653,0.2600,6.8031,-0.0436
39.877,0.1053,0.6356,0.3149,-0.1360,0.1369,0.6791,1.1653,0.2600,6.8031,-0.0436
39.978,0.1053,0.6356,0.3149,-0.1458,0.1425,0.6875,1.1653,0.2502,6.8130,-0.0437
39.988,0.0949,0.6293,0.3149,-0.1554,0.1425,0.6875,1.1549,0.2406,6.8130,-0.0437
39.988,0.1098,0.6293,0.3197,-0.1554,0.1571,0.6875,1.1698,0.2406,6.8130,-0.0437
39.988,0.1098,0.6251,0.3064,-0.1554,0.1571,0.6802,1.1698,0.2406,6.8130,-0.0437
40.073,0.1098,0.6251,0.3064,-0.1652,0.1629,0.6886,1.1698,0.2308,6.8229,-0.0439
40.078,0.0995,0.6189,0.3064,-0.1746,0.1629,0.6886,1.1595,0.2214,6.8229,-0.0439
40.078,0.1136,0.6189,0.3092,-0.1746,0.1762,0.6886,1.1736,0.2214,6.8229,-0.0439
40.079,0.1136,0.6143,0.2958,-0.1746,0.1762,0.6811,1.1736,0.2214,6.8229,-0.0439
40.148,0.1136,0.6143,0.2958,-0.1844,0.1821,0.6895,1.1736,0.2116,6.8328,-0.0440
40.149,0.1038,0.6089,0.2958,-0.1931,0.1821,0.6895,1.1638,0.2029,6.8328,-0.0440
40.149,0.1164,0.6089,0.2965,-0.1931,0.1934,0.6895,1.1764,0.2029,6.8328,-0.0440
40.150,0.1164,0.6031,0.2826,-0.1931,0.1934,0.6811,1.1764,0.2029,6.8328,-0.0440
40.250,0.1164,0.6031,0.2826,-0.1931,0.1934,0.6811,1.1764,0.2029,6.8328,-0.0440
40.254,0.1164,0.6031,0.2826,-0.2029,0.1994,0.6896,1.1764,0.1931,6.8427,-0.0442
40.256,0.1061,0.5995,0.2826,-0.2108,0.1994,0.6896,1.1661,0.1852,6.8427,-0.0442
40.257,0.1150,0.5995,0.2815,-0.2108,0.2070,0.6896,1.1750,0.1852,6.8427,-0.0442
40.259,0.1150,0.5919,0.2668,-0.2108,0.2070,0.6796,1.1750,0.1852,6.8427,-0.0442
40.359,0.1150,0.5919,0.2668,-0.2108,0.2070,0.6796,1.1750,0.1852,6.8427,-0.0442
40.362,0.1150,0.5919,0.2668,-0.2206,0.2130,0.6881,1.1750,0.1754,6.8527,-0.0443
40.364,0.1033,0.5906,0.2668,-0.2280,0.2130,0.6881,1.1633,0.1680,6.8527,-0.0443
40.365,0.1072,0.5906,0.2634,-0.2280,0.2155,0.6881,1.1672,0.1680,6.8527,-0.0443
40.366,0.1072,0.5813,0.2478,-0.2280,0.2155,0.6766,1.1672,0.1680,6.8527,-0.0443
40.467,0.1072,0.5813,0.2478,-0.2280,0.2155,0.6766,1.1672,0.1680,6.8527,-0.0443
40.468,0.1072,0.5813,0.2478,-0.2378,0.2217,0.6852,1.1672,0.1582,6.8626,-0.0445
40.473,0.0946,0.5813,0.2478,-0.2448,0.2217,0.6852,1.1546,0.1512,6.8626,-0.0445
40.473,0.0944,0.5813,0.2425,-0.2448,0.2200,0.6852,1.1544,0.1512,6.8626,-0.0445
40.474,0.0944,0.5707,0.2262,-0.2448,0.2200,0.6726,1.1544,0.1512,6.8626,-0.0445
40.560,0.0944,0.5707,0.2262,-0.2546,0.2262,0.6813,1.1544,0.1414,6.8725,-0.0446
40.562,0.0816,0.5707,0.2262,-0.2615,0.2262,0.6813,1.1416,0.1345,6.8725,-0.0446
40.563,0.0794,0.5707,0.2192,-0.2615,0.2223,0.6813,1.1394,0.1345,6.8725,-0.0446
40.565,0.0794,0.5594,0.2025,-0.2615,0.2223,0.6681,1.1394,0.1345,6.8725,-0.0446
40.665,0.0794,0.5594,0.2025,-0.2713,0.2286,0.6768,1.1394,0.1247,6.8824,-0.0448
40.666,0.0794,0.5594,0.2025,-0.2713,0.2286,0.6768,1.1394,0.1247,6.8824,-0.0448
40.667,0.0669,0.5588,0.2025,-0.2782,0.2286,0.6768,1.1269,0.1178,6.8824,-0.0448
40.669,0.0645,0.5588,0.1947,-0.2782,0.2243,0.6768,1.1245,0.1178,6.8824,-0.0448
40.671,0.0645,0.5469,0.1778,-0.2782,0.2243,0.6632,1.1245,0.1178,6.8824,-0.0448
40.758,0.0645,0.5469,0.1778,-0.2881,0.2307,0.6720,1.1245,0.1079,6.8923,-0.0449
40.761,0.0523,0.5464,0.1778,-0.2945,0.2307,0.6720,1.1123,0.1015,6.8923,-0.0449
40.763,0.0485,0.5464,0.1688,-0.2945,0.2249,0.6720,1.1085,0.1015,6.8923,-0.0449
40.764,0.0485,0.5341,0.1518,-0.2945,0.2249,0.6580,1.1085,0.1015,6.8923,-0.0449
40.857,0.0485,0.5341,0.1518,-0.3044,0.2314,0.6668,1.1085,0.0916,6.9022,-0.0451
40.858,0.0369,0.5352,0.1518,-0.3092,0.2314,0.6668,1.0969,0.0868,6.9022,-0.0451
40.859,0.0294,0.5352,0.1408,-0.3092,0.2216,0.6668,1.0894,0.0868,6.9022,-0.0451
40.861,0.0294,0.5222,0.1238,-0.3092,0.2216,0.6524,1.0894,0.0868,6.9022,-0.0451
40.961,0.0294,0.5222,0.1238,-0.3092,0.2216,0.6524,1.0894,0.0868,6.9022,-0.0451
40.975,0.0294,0.5222,0.1238,-0.3191,0.2282,0.6613,1.0894,0.0769,6.9121,-0.0452
40.977,0.0196,0.5277,0.1238,-0.3200,0.2282,0.6613,1.0796,0.0760,6.9121,-0.0452
40.978,0.0074,0.5277,0.1111,-0.3200,0.2136,0.6613,1.0674,0.0760,6.9121,-0.0452
40.979,0.0074,0.5143,0.0945,-0.3200,0.2136,0.6467,1.0674,0.0760,6.9121,-0.0452
41.060,0.0074,0.5143,0.0945,-0.3299,0.2203,0.6556,1.0674,0.0661,6.9220,-0.0454
41.061,0.0009,0.5244,0.0945,-0.3257,0.2203,0.6556,1.0609,0.0703,6.9220,-0.0454
41.062,-0.0134,0.5244,0.0819,-0.3257,0.2037,0.6556,1.0466,0.0703,6.9220,-0.0454
41.063,-0.0134,0.5112,0.0660,-0.3257,0.2037,0.6414,1.0466,0.0703,6.9220,-0.0454
41.163,-0.0134,0.5112,0.0660,-0.3257,0.2037,0.6414,1.0466,0.0703,6.9220,-0.0454
41.167,-0.0134,0.5112,0.0660,-0.3356,0.2106,0.6504,1.0466,0.0604,6.9320,-0.0455
41.168,-0.0170,0.5230,0.0660,-0.3288,0.2106,0.6504,1.0430,0.0672,6.9320,-0.0455
41.169,-0.0301,0.5230,0.0549,-0.3288,0.1952,0.6504,1.0299,0.0672,6.9320,-0.0455
41.170,-0.0301,0.5105,0.0398,-0.3288,0.1952,0.6371,1.0299,0.0672,6.9320,-0.0455
41.261,-0.0301,0.5105,0.0398,-0.3387,0.2021,0.6460,1.0299,0.0573,6.9419,-0.0457
41.262,-0.0326,0.5217,0.0398,-0.3314,0.2021,0.6460,1.0274,0.0646,6.9419,-0.0457
41.263,-0.0443,0.5217,0.0298,-0.3314,0.1884,0.6460,1.0157,0.0646,6.9419,-0.0457
41.265,-0.0443,0.5098,0.0154,-0.3314,0.1884,0.6334,1.0157,0.0646,6.9419,-0.0457
41.353,-0.0443,0.5098,0.0154,-0.3413,0.1954,0.6424,1.0157,0.0547,6.9518,-0.0458
41.353,-0.0476,0.5210,0.0154,-0.3339,0.1954,0.6424,1.0124,0.0621,6.9518,-0.0458
41.354,-0.0587,0.5210,0.0052,-0.3339,0.1821,0.6424,1.0013,0.0621,6.9518,-0.0458
41.354,-0.0587,0.5090,-0.0091,-0.3339,0.1821,0.6298,1.0013,0.0621,6.9518,-0.0458
41.445,-0.0587,0.5090,-0.0091,-0.3437,0.1892,0.6388,1.0013,0.0523,6.9617,-0.0460
41.446,-0.0630,0.5229,-0.0091,-0.3340,0.1892,0.6388,0.9970,0.0620,6.9617,-0.0460
41.446,-0.0740,0.5229,-0.0203,-0.3340,0.1755,0.6388,0.9860,0.0620,6.9617,-0.0460
41.447,-0.0740,0.5101,-0.0349,-0.3340,0.1755,0.6254,0.9860,0.0620,6.9617,-0.0460
41.547,-0.0740,0.5101,-0.0349,-0.3340,0.1755,0.6254,0.9860,0.0620,6.9617,-0.0460
41.556,-0.0740,0.5101,-0.0349,-0.3438,0.1826,0.6345,0.9860,0.0522,6.9716,-0.0461
41.558,-0.0774,0.5280,-0.0349,-0.3298,0.1826,0.6345,0.9826,0.0662,6.9716,-0.0461
41.559,-0.0879,0.5280,-0.0466,-0.3298,0.1691,0.6345,0.9721,0.0662,6.9716,-0.0461
41.561,-0.0879,0.5140,-0.0617,-0.3298,0.1691,0.6201,0.9721,0.0662,6.9716,-0.0461
41.659,-0.0879,0.5140,-0.0617,-0.3395,0.1763,0.6291,0.9721,0.0565,6.9815,-0.0463
41.661,-0.0955,0.5263,-0.0617,-0.3303,0.1763,0.6291,0.9645,0.0657,6.9815,-0.0463
41.663,-0.1050,0.5263,-0.0728,-0.3303,0.1637,0.6291,0.9550,0.0657,6.9815,-0.0463
41.664,-0.1050,0.5112,-0.0882,-0.3303,0.1637,0.6139,0.9550,0.0657,6.9815,-0.0463
41.759,-0.1050,0.5112,-0.0882,-0.3399,0.1711,0.6230,0.9550,0.0561,6.9914,-0.0464
41.760,-0.1209,0.5095,-0.0882,-0.3435,0.1711,0.6230,0.9391,0.0525,6.9914,-0.0464
41.762,-0.1298,0.5095,-0.0982,-0.3435,0.1593,0.6230,0.9302,0.0525,6.9914,-0.0464
41.764,-0.1298,0.4938,-0.1137,-0.3435,0.1593,0.6072,0.9302,0.0525,6.9914,-0.0464
41.864,-0.1298,0.4938,-0.1137,-0.3435,0.1593,0.6072,0.9302,0.0525,6.9914,-0.0464
41.865,-0.1298,0.4938,-0.1137,-0.3526,0.1666,0.6160,0.9302,0.0434,7.0010,-0.0467
41.867,-0.1444,0.4894,-0.1137,-0.3580,0.1666,0.6160,0.9156,0.0380,7.0010,-0.0467
41.869,-0.1537,0.4894,-0.1230,-0.3580,0.1546,0.6160,0.9063,0.0380,7.0010,-0.0467
41.870,-0.1537,0.4734,-0.1384,-0.3580,0.1546,0.5999,0.9063,0.0380,7.0010,-0.0467
41.971,-0.1537,0.4734,-0.1384,-0.3580,0.1546,0.5999,0.9063,0.0380,7.0010,-0.0467
41.997,-0.1537,0.4734,-0.1384,-0.3657,0.1614,0.6074,0.9063,0.0303,7.0095,-0.0474
41.998,-0.1597,0.4783,-0.1384,-0.3612,0.1614,0.6074,0.9003,0.0348,7.0095,-0.0474
41.998,-0.1696,0.4783,-0.1480,-0.3612,0.1486,0.6074,0.8904,0.0348,7.0095,-0.0474
41.998,-0.1696,0.4618,-0.1634,-0.3612,0.1486,0.5909,0.8904,0.0348,7.0095,-0.0474
42.092,-0.1696,0.4618,-0.1634,-0.3679,0.1550,0.5977,0.8904,0.0281,7.0171,-0.0483
42.094,-0.1746,0.4661,-0.1634,-0.3636,0.1550,0.5977,0.8854,0.0324,7.0171,-0.0483
42.095,-0.1849,0.4661,-0.1738,-0.3636,0.1415,0.5977,0.8751,0.0324,7.0171,-0.0483
42.097,-0.1849,0.4491,-0.1893,-0.3636,0.1415,0.5808,0.8707,0.0324,7.0171,-0.0483
42.186,-0.1849,0.4491,-0.1893,-0.3685,0.1468,0.5858,0.8707,0.0275,7.0230,-0.0496
42.188,-0.1881,0.4538,-0.1893,-0.3635,0.1468,0.5858,0.8707,0.0325,7.0230,-0.0496
42.189,-0.1983,0.4538,-0.2002,-0.3635,0.1330,0.5858,0.8598,0.0325,7.0230,-0.0496
42.192,-0.1983,0.4366,-0.2155,-0.3635,0.1330,0.5686,0.8445,0.0325,7.0230,-0.0496
42.293,-0.1983,0.4366,-0.2155,-0.3635,0.1330,0.5686,0.8445,0.0325,7.0230,-0.0496
42.312,-0.1983,0.4366,-0.2155,-0.3674,0.1378,0.5727,0.8445,0.0286,7.0279,-0.0511
42.313,-0.2002,0.4416,-0.2155,-0.3618,0.1378,0.5727,0.8445,0.0342,7.0279,-0.0511
42.313,-0.2104,0.4416,-0.2266,-0.3618,0.1238,0.5727,0.8334,0.0342,7.0279,-0.0511
42.313,-0.2104,0.4246,-0.2415,-0.3618,0.1238,0.5557,0.8185,0.0342,7.0279,-0.0511
42.414,-0.2104,0.4246,-0.2415,-0.3618,0.1238,0.5557,0.8185,0.0342,7.0279,-0.0511
42.453,-0.2104,0.4246,-0.2415,-0.3662,0.1289,0.5603,0.8185,0.0298,7.0334,-0.0525
42.453,-0.2111,0.4307,-0.2415,-0.3595,0.1289,0.5603,0.8185,0.0365,7.0334,-0.0525
42.453,-0.2217,0.4307,-0.2526,-0.3595,0.1144,0.5603,0.8074,0.0365,7.0334,-0.0525
42.454,-0.2217,0.4141,-0.2669,-0.3595,0.1144,0.5439,0.7931,0.0365,7.0334,-0.0525
42.554,-0.2217,0.4141,-0.2669,-0.3595,0.1144,0.5439,0.7931,0.0365,7.0334,-0.0525
42.580,-0.2217,0.4141,-0.2669,-0.3657,0.1207,0.5505,0.7931,0.0303,7.0408,-0.0533
42.583,-0.2178,0.4244,-0.2669,-0.3549,0.1207,0.5505,0.7931,0.0411,7.0408,-0.0533
42.584,-0.2296,0.4244,-0.2777,-0.3549,0.1049,0.5505,0.7823,0.0411,7.0408,-0.0533
42.584,-0.2296,0.4082,-0.2914,-0.3549,0.1049,0.5345,0.7686,0.0411,7.0408,-0.0533
42.684,-0.2296,0.4082,-0.2914,-0.3549,0.1049,0.5345,0.7686,0.0411,7.0408,-0.0533
42.704,-0.2296,0.4082,-0.2914,-0.3631,0.1125,0.5432,0.7686,0.0329,7.0502,-0.0535
42.711,-0.2192,0.4242,-0.2914,-0.3468,0.1125,0.5432,0.7686,0.0492,7.0502,-0.0535
42.712,-0.2325,0.4242,-0.3014,-0.3468,0.0953,0.5432,0.7586,0.0492,7.0502,-0.0535
42.712,-0.2325,0.4083,-0.3148,-0.3468,0.0953,0.5273,0.7452,0.0492,7.0502,-0.0535
42.812,-0.2325,0.4083,-0.3148,-0.3468,0.0953,0.5273,0.7452,0.0492,7.0502,-0.0535
42.833,-0.2325,0.4083,-0.3148,-0.3562,0.1038,0.5374,0.7452,0.0398,7.0609,-0.0535
42.834,-0.2196,0.4264,-0.3148,-0.3380,0.1038,0.5374,0.7452,0.0580,7.0609,-0.0535
42.835,-0.2340,0.4264,-0.3236,-0.3380,0.0857,0.5374,0.7364,0.0580,7.0609,-0.0535
42.837,-0.2340,0.4106,-0.3364,-0.3380,0.0857,0.5217,0.7236,0.0580,7.0609,-0.0535
42.903,-0.2340,0.4106,-0.3364,-0.3475,0.0945,0.5320,0.7236,0.0485,7.0718,-0.0534
42.908,-0.2214,0.4285,-0.3364,-0.3293,0.0945,0.5320,0.7236,0.0667,7.0718,-0.0534
42.908,-0.2358,0.4285,-0.3440,-0.3293,0.0767,0.5320,0.7160,0.0667,7.0718,-0.0534
42.909,-0.2358,0.4133,-0.3552,-0.3293,0.0767,0.5168,0.7048,0.0667,7.0718,-0.0534
42.994,-0.2358,0.4133,-0.3552,-0.3383,0.0853,0.5266,0.7048,0.0577,7.0822,-0.0536
42.995,-0.2242,0.4305,-0.3552,-0.3207,0.0853,0.5266,0.7048,0.0753,7.0822,-0.0536
42.996,-0.2382,0.4305,-0.3619,-0.3207,0.0681,0.5266,0.6981,0.0753,7.0822,-0.0536
42.997,-0.2382,0.4157,-0.3713,-0.3207,0.0681,0.5117,0.6887,0.0753,7.0822,-0.0536
43.082,-0.2382,0.4157,-0.3713,-0.3291,0.0765,0.5210,0.6887,0.0669,7.0922,-0.0539
43.083,-0.2279,0.4318,-0.3713,-0.3124,0.0765,0.5210,0.6887,0.0836,7.0922,-0.0539
43.085,-0.2417,0.4318,-0.3775,-0.3124,0.0595,0.5210,0.6825,0.0836,7.0922,-0.0539
43.087,-0.2417,0.4171,-0.3859,-0.3124,0.0595,0.5060,0.6741,0.0836,7.0922,-0.0539
43.170,-0.2417,0.4171,-0.3859,-0.3208,0.0679,0.5154,0.6741,0.0752,7.1022,-0.0541
43.170,-0.2327,0.4315,-0.3859,-0.3057,0.0679,0.5154,0.6741,0.0903,7.1022,-0.0541
43.171,-0.2468,0.4315,-0.3915,-0.3057,0.0507,0.5154,0.6685,0.0903,7.1022,-0.0541
43.172,-0.2468,0.4168,-0.3997,-0.3057,0.0507,0.5003,0.6603,0.0903,7.1022,-0.0541
43.253,-0.2468,0.4168,-0.3997,-0.3143,0.0592,0.5099,0.6603,0.0817,7.1124,-0.0541
43.253,-0.2388,0.4295,-0.3997,-0.3008,0.0592,0.5099,0.6603,0.0952,7.1124,-0.0541
43.255,-0.2536,0.4295,-0.4042,-0.3008,0.0416,0.5099,0.6558,0.0952,7.1124,-0.0541
43.255,-0.2536,0.4149,-0.4127,-0.3008,0.0416,0.4950,0.6473,0.0952,7.1124,-0.0541
43.338,-0.2536,0.4149,-0.4127,-0.3094,0.0503,0.5047,0.6473,0.0866,7.1228,-0.0542
43.339,-0.2461,0.4265,-0.4127,-0.2973,0.0503,0.5047,0.6473,0.0987,7.1228,-0.0542
43.340,-0.2615,0.4265,-0.4159,-0.2973,0.0323,0.5047,0.6441,0.0987,7.1228,-0.0542
43.341,-0.2615,0.4124,-0.4234,-0.2973,0.0323,0.4902,0.6366,0.0987,7.1228,-0.0542
43.418,-0.2615,0.4124,-0.4234,-0.3054,0.0409,0.4995,0.6366,0.0906,7.1328,-0.0545
43.419,-0.2537,0.4236,-0.4234,-0.2937,0.0409,0.4995,0.6366,0.1023,7.1328,-0.0545
43.420,-0.2697,0.4236,-0.4252,-0.2937,0.0229,0.4995,0.6348,0.1023,7.1328,-0.0545
43.421,-0.2697,0.4100,-0.4307,-0.2937,0.0229,0.4853,0.6293,0.1023,7.1328,-0.0545
43.495,-0.2697,0.4100,-0.4307,-0.3012,0.0312,0.4941,0.6293,0.0948,7.1423,-0.0550
43.496,-0.2611,0.4218,-0.4307,-0.2891,0.0312,0.4941,0.6293,0.1069,7.1423,-0.0550
43.496,-0.2773,0.4218,-0.4315,-0.2891,0.0132,0.4941,0.6285,0.1069,7.1423,-0.0550
43.497,-0.2773,0.4086,-0.4354,-0.2891,0.0132,0.4799,0.6246,0.1069,7.1423,-0.0550
43.566,-0.2773,0.4086,-0.4354,-0.2964,0.0214,0.4886,0.6246,0.0996,7.1517,-0.0555
43.567,-0.2677,0.4218,-0.4354,-0.2829,0.0214,0.4886,0.6246,0.1131,7.1517,-0.0555
43.568,-0.2840,0.4218,-0.4359,-0.2829,0.0033,0.4886,0.6241,0.1131,7.1517,-0.0555
43.568,-0.2840,0.4089,-0.4388,-0.2829,0.0033,0.4747,0.6212,0.1131,7.1517,-0.0555
43.668,-0.2840,0.4089,-0.4388,-0.2829,0.0033,0.4747,0.6212,0.1131,7.1517,-0.0555
43.677,-0.2840,0.4089,-0.4388,-0.2905,0.0118,0.4837,0.6212,0.1055,7.1615,-0.0558
43.677,-0.2733,0.4233,-0.4388,-0.2758,0.0118,0.4837,0.6212,0.1202,7.1615,-0.0558
43.678,-0.2897,0.4233,-0.4392,-0.2758,-0.0064,0.4837,0.6208,0.1202,7.1615,-0.0558
43.678,-0.2897,0.4111,-0.4418,-0.2758,-0.0064,0.4705,0.6182,0.1202,7.1615,-0.0558
43.762,-0.2897,0.4111,-0.4418,-0.2837,0.0023,0.4799,0.6182,0.1123,7.1716,-0.0561
43.763,-0.2786,0.4258,-0.4418,-0.2687,0.0023,0.4799,0.6182,0.1273,7.1716,-0.0561
43.764,-0.2953,0.4258,-0.4415,-0.2687,-0.0160,0.4799,0.6185,0.1273,7.1716,-0.0561
43.765,-0.2953,0.4144,-0.4441,-0.2687,-0.0160,0.4675,0.6159,0.1273,7.1716,-0.0561
43.865,-0.2953,0.4144,-0.4441,-0.2687,-0.0160,0.4675,0.6159,0.1273,7.1716,-0.0561
43.876,-0.2953,0.4144,-0.4441,-0.2766,-0.0071,0.4770,0.6159,0.1194,7.1818,-0.0563
43.876,-0.2836,0.4298,-0.4441,-0.2610,-0.0071,0.4770,0.6159,0.1350,7.1818,-0.0563
43.878,-0.3007,0.4298,-0.4417,-0.2610,-0.0251,0.4770,0.6183,0.1350,7.1818,-0.0563
43.878,-0.3007,0.4189,-0.4440,-0.2610,-0.0251,0.4651,0.6160,0.1350,7.1818,-0.0563
43.980,-0.3007,0.4189,-0.4440,-0.2610,-0.0251,0.4651,0.6160,0.1350,7.1818,-0.0563
43.991,-0.3007,0.4189,-0.4440,-0.2684,-0.0164,0.4741,0.6160,0.1276,7.1917,-0.0568
43.992,-0.2876,0.4357,-0.4440,-0.2514,-0.0164,0.4741,0.6160,0.1446,7.1917,-0.0568
43.993,-0.3048,0.4357,-0.4388,-0.2514,-0.0330,0.4741,0.6212,0.1446,7.1917,-0.0568
43.994,-0.3048,0.4252,-0.4404,-0.2514,-0.0330,0.4624,0.6196,0.1446,7.1917,-0.0568
44.084,-0.3048,0.4252,-0.4404,-0.2585,-0.0246,0.4710,0.6196,0.1375,7.2012,-0.0573
44.085,-0.2903,0.4430,-0.4404,-0.2406,-0.0246,0.4710,0.6196,0.1554,7.2012,-0.0573
44.086,-0.3071,0.4430,-0.4331,-0.2406,-0.0396,0.4710,0.6269,0.1554,7.2012,-0.0573
44.086,-0.3071,0.4325,-0.4339,-0.2406,-0.0396,0.4592,0.6261,0.1554,7.2012,-0.0573
44.155,-0.3071,0.4325,-0.4339,-0.2477,-0.0312,0.4679,0.6261,0.1483,7.2107,-0.0578
44.157,-0.2918,0.4503,-0.4339,-0.2301,-0.0312,0.4679,0.6261,0.1659,7.2107,-0.0578
44.158,-0.3082,0.4503,-0.4255,-0.2301,-0.0451,0.4679,0.6345,0.1659,7.2107,-0.0578
44.159,-0.3082,0.4400,-0.4260,-0.2301,-0.0451,0.4562,0.6340,0.1659,7.2107,-0.0578
44.259,-0.3082,0.4400,-0.4260,-0.2301,-0.0451,0.4562,0.6340,0.1659,7.2107,-0.0578
44.295,-0.3082,0.4400,-0.4260,-0.2375,-0.0365,0.4652,0.6340,0.1585,7.2205,-0.0581
44.298,-0.2927,0.4568,-0.4260,-0.2214,-0.0365,0.4652,0.6340,0.1746,7.2205,-0.0581
44.298,-0.3089,0.4568,-0.4174,-0.2214,-0.0500,0.4652,0.6426,0.1746,7.2205,-0.0581
44.299,-0.3089,0.4468,-0.4182,-0.2214,-0.0500,0.4539,0.6418,0.1746,7.2205,-0.0581
44.399,-0.3089,0.4468,-0.4182,-0.2214,-0.0500,0.4539,0.6418,0.1746,7.2205,-0.0581
44.414,-0.3089,0.4468,-0.4182,-0.2291,-0.0413,0.4631,0.6418,0.1669,7.2307,-0.0583
44.419,-0.2932,0.4626,-0.4182,-0.2145,-0.0413,0.4631,0.6418,0.1815,7.2307,-0.0583
44.419,-0.3094,0.4626,-0.4094,-0.2145,-0.0545,0.4631,0.6506,0.1815,7.2307,-0.0583
44.420,-0.3094,0.4531,-0.4104,-0.2145,-0.0545,0.4525,0.6496,0.1815,7.2307,-0.0583
44.520,-0.3094,0.4531,-0.4104,-0.2145,-0.0545,0.4525,0.6496,0.1815,7.2307,-0.0583
44.542,-0.3094,0.4531,-0.4104,-0.2221,-0.0458,0.4616,0.6496,0.1739,7.2407,-0.0585
44.542,-0.2935,0.4677,-0.4104,-0.2090,-0.0458,0.4616,0.6496,0.1870,7.2407,-0.0585
44.543,-0.3095,0.4677,-0.3999,-0.2090,-0.0578,0.4616,0.6601,0.1870,7.2407,-0.0585
44.543,-0.3095,0.4587,-0.4005,-0.2090,-0.0578,0.4515,0.6595,0.1870,7.2407,-0.0585
44.643,-0.3095,0.4587,-0.4005,-0.2090,-0.0578,0.4515,0.6595,0.1870,7.2407,-0.0585
44.668,-0.3095,0.4587,-0.4005,-0.2162,-0.0494,0.4602,0.6595,0.1798,7.2504,-0.0589
44.669,-0.2935,0.4725,-0.4005,-0.2042,-0.0494,0.4602,0.6595,0.1918,7.2504,-0.0589
44.669,-0.3085,0.4725,-0.3879,-0.2042,-0.0588,0.4602,0.6721,0.1918,7.2504,-0.0589
44.669,-0.3085,0.4639,-0.3872,-0.2042,-0.0588,0.4504,0.6728,0.1918,7.2504,-0.0589
44.770,-0.3085,0.4639,-0.3872,-0.2042,-0.0588,0.4504,0.6728,0.1918,7.2504,-0.0589
44.784,-0.3085,0.4639,-0.3872,-0.2112,-0.0506,0.4588,0.6728,0.1848,7.2599,-0.0594
44.791,-0.2926,0.4772,-0.3872,-0.1996,-0.0506,0.4588,0.6728,0.1964,7.2599,-0.0594
44.791,-0.3062,0.4772,-0.3733,-0.1996,-0.0576,0.4588,0.6867,0.1964,7.2599,-0.0594
44.792,-0.3062,0.4687,-0.3713,-0.1996,-0.0576,0.4490,0.6887,0.1964,7.2599,-0.0594
44.892,-0.3062,0.4687,-0.3713,-0.1996,-0.0576,0.4490,0.6887,0.1964,7.2599,-0.0594
44.918,-0.3062,0.4687,-0.3713,-0.2070,-0.0494,0.4577,0.6887,0.1890,7.2696,-0.0597
44.918,-0.2899,0.4825,-0.3713,-0.1949,-0.0494,0.4577,0.6887,0.2011,7.2696,-0.0597
44.918,-0.3027,0.4825,-0.3574,-0.1949,-0.0554,0.4577,0.7026,0.2011,7.2696,-0.0597
44.919,-0.3027,0.4741,-0.3550,-0.1949,-0.0554,0.4480,0.7050,0.2011,7.2696,-0.0597
45.019,-0.3027,0.4741,-0.3550,-0.1949,-0.0554,0.4480,0.7050,0.2011,7.2696,-0.0597
45.039,-0.3027,0.4741,-0.3550,-0.2027,-0.0470,0.4571,0.7050,0.1933,7.2796,-0.0598
45.039,-0.2854,0.4884,-0.3550,-0.1900,-0.0470,0.4571,0.7050,0.2060,7.2796,-0.0598
45.040,-0.2983,0.4884,-0.3413,-0.1900,-0.0530,0.4571,0.7187,0.2060,7.2796,-0.0598
45.040,-0.2983,0.4799,-0.3398,-0.1900,-0.0530,0.4475,0.7202,0.2060,7.2796,-0.0598
45.141,-0.2983,0.4799,-0.3398,-0.1900,-0.0530,0.4475,0.7202,0.2060,7.2796,-0.0598
45.159,-0.2983,0.4799,-0.3398,-0.1981,-0.0446,0.4567,0.7202,0.1979,7.2899,-0.0599
45.160,-0.2796,0.4946,-0.3398,-0.1852,-0.0446,0.4567,0.7202,0.2108,7.2899,-0.0599
45.160,-0.2928,0.4946,-0.3260,-0.1852,-0.0509,0.4567,0.7340,0.2108,7.2899,-0.0599
45.160,-0.2928,0.4860,-0.3253,-0.1852,-0.0509,0.4472,0.7347,0.2108,7.2899,-0.0599
45.228,-0.2928,0.4860,-0.3253,-0.1930,-0.0426,0.4561,0.7347,0.2030,7.2999,-0.0601
45.229,-0.2729,0.5005,-0.3253,-0.1804,-0.0426,0.4561,0.7347,0.2156,7.2999,-0.0601
45.229,-0.2859,0.5005,-0.3113,-0.1804,-0.0485,0.4561,0.7487,0.2156,7.2999,-0.0601
45.230,-0.2859,0.4918,-0.3104,-0.1804,-0.0485,0.4466,0.7496,0.2156,7.2999,-0.0601
45.308,-0.2859,0.4918,-0.3104,-0.1880,-0.0406,0.4551,0.7496,0.2080,7.3096,-0.0604
45.308,-0.2656,0.5059,-0.3104,-0.1758,-0.0406,0.4551,0.7496,0.2202,7.3096,-0.0604
45.309,-0.2778,0.5059,-0.2964,-0.1758,-0.0454,0.4551,0.7636,0.2202,7.3096,-0.0604
45.309,-0.2778,0.4969,-0.2945,-0.1758,-0.0454,0.4453,0.7655,0.2202,7.3096,-0.0604
45.377,-0.2778,0.4969,-0.2945,-0.1834,-0.0376,0.4537,0.7655,0.2126,7.3191,-0.0607
45.378,-0.2581,0.5107,-0.2945,-0.1710,-0.0376,0.4537,0.7655,0.2250,7.3191,-0.0607
45.378,-0.2695,0.5107,-0.2807,-0.1710,-0.0416,0.4537,0.7793,0.2250,7.3191,-0.0607
45.379,-0.2695,0.5013,-0.2782,-0.1710,-0.0416,0.4435,0.7818,0.2250,7.3191,-0.0607
45.465,-0.2695,0.5013,-0.2782,-0.1790,-0.0337,0.4522,0.7818,0.2170,7.3290,-0.0608
45.466,-0.2506,0.5153,-0.2782,-0.1662,-0.0337,0.4522,0.7818,0.2298,7.3290,-0.0608
45.466,-0.2616,0.5153,-0.2644,-0.1662,-0.0373,0.4522,0.7956,0.2298,7.3290,-0.0608
45.466,-0.2616,0.5054,-0.2621,-0.1662,-0.0373,0.4417,0.7979,0.2298,7.3290,-0.0608
45.559,-0.2616,0.5054,-0.2621,-0.1746,-0.0293,0.4507,0.7979,0.2214,7.3391,-0.0608
45.560,-0.2430,0.5196,-0.2621,-0.1612,-0.0293,0.4507,0.7979,0.2348,7.3391,-0.0608
45.560,-0.2542,0.5196,-0.2481,-0.1612,-0.0328,0.4507,0.8058,0.2348,7.3391,-0.0608
45.561,-0.2542,0.5095,-0.2469,-0.1612,-0.0328,0.4402,0.8058,0.2348,7.3391,-0.0608
45.651,-0.2542,0.5095,-0.2469,-0.1697,-0.0249,0.4491,0.8058,0.2263,7.3493,-0.0608
45.651,-0.2354,0.5237,-0.2469,-0.1563,-0.0249,0.4491,0.8131,0.2397,7.3493,-0.0608
45.653,-0.2467,0.5237,-0.2326,-0.1563,-0.0282,0.4491,0.8133,0.2397,7.3493,-0.0608
45.654,-0.2467,0.5131,-0.2329,-0.1563,-0.0282,0.4382,0.8133,0.2397,7.3493,-0.0608
45.754,-0.2467,0.5131,-0.2329,-0.1563,-0.0282,0.4382,0.8133,0.2397,7.3493,-0.0608
45.757,-0.2467,0.5131,-0.2329,-0.1646,-0.0205,0.4469,0.8133,0.2314,7.3592,-0.0610
45.757,-0.2269,0.5267,-0.2329,-0.1516,-0.0205,0.4469,0.8271,0.2444,7.3592,-0.0610
45.757,-0.2380,0.5267,-0.2181,-0.1516,-0.0233,0.4469,0.8220,0.2444,7.3592,-0.0610
45.758,-0.2380,0.5153,-0.2195,-0.1516,-0.0233,0.4353,0.8220,0.2444,7.3592,-0.0610
45.858,-0.2380,0.5153,-0.2195,-0.1516,-0.0233,0.4353,0.8220,0.2444,7.3592,-0.0610
45.877,-0.2380,0.5153,-0.2195,-0.1597,-0.0158,0.4436,0.8220,0.2363,7.3689,-0.0612
45.878,-0.2174,0.5280,-0.2195,-0.1474,-0.0158,0.4436,0.8405,0.2486,7.3689,-0.0612
45.879,-0.2280,0.5280,-0.2043,-0.1474,-0.0178,0.4436,0.8320,0.2486,7.3689,-0.0612
45.880,-0.2280,0.5157,-0.2060,-0.1474,-0.0178,0.4312,0.8320,0.2486,7.3689,-0.0612
45.951,-0.2280,0.5157,-0.2060,-0.1557,-0.0104,0.4396,0.8320,0.2403,7.3786,-0.0614
45.952,-0.2082,0.5273,-0.2060,-0.1443,-0.0104,0.4396,0.8518,0.2517,7.3786,-0.0614
45.953,-0.2182,0.5273,-0.1906,-0.1443,-0.0117,0.4396,0.8418,0.2517,7.3786,-0.0614
45.954,-0.2182,0.5144,-0.1918,-0.1443,-0.0117,0.4268,0.8418,0.2517,7.3786,-0.0614
46.024,-0.2182,0.5144,-0.1918,-0.1530,-0.0042,0.4355,0.8418,0.2430,7.3886,-0.0614
46.026,-0.2005,0.5247,-0.1918,-0.1427,-0.0042,0.4355,0.8595,0.2533,7.3886,-0.0614
46.028,-0.2099,0.5247,-0.1760,-0.1427,-0.0047,0.4355,0.8501,0.2533,7.3886,-0.0614
46.029,-0.2099,0.5119,-0.1770,-0.1427,-0.0047,0.4228,0.8501,0.2533,7.3886,-0.0614
46.102,-0.2099,0.5119,-0.1770,-0.1517,0.0028,0.4316,0.8501,0.2443,7.3988,-0.0613
46.105,-0.1934,0.5209,-0.1770,-0.1424,0.0028,0.4316,0.8666,0.2536,7.3988,-0.0613
46.107,-0.2024,0.5209,-0.1610,-0.1424,0.0029,0.4316,0.8576,0.2536,7.3988,-0.0613
46.108,-0.2024,0.5082,-0.1623,-0.1424,0.0029,0.4192,0.8576,0.2536,7.3988,-0.0613
46.180,-0.2024,0.5082,-0.1623,-0.1513,0.0103,0.4279,0.8576,0.2447,7.4089,-0.0613
46.183,-0.1853,0.5162,-0.1623,-0.1428,0.0103,0.4279,0.8747,0.2532,7.4089,-0.0613
46.185,-0.1939,0.5162,-0.1462,-0.1428,0.0107,0.4279,0.8661,0.2532,7.4089,-0.0613
46.186,-0.1939,0.5036,-0.1484,-0.1428,0.0107,0.4155,0.8661,0.2532,7.4089,-0.0613
46.259,-0.1939,0.5036,-0.1484,-0.1515,0.0179,0.4239,0.8661,0.2445,7.4187,-0.0615
46.260,-0.1762,0.5107,-0.1484,-0.1435,0.0179,0.4239,0.8838,0.2525,7.4187,-0.0615
46.262,-0.1846,0.5107,-0.1323,-0.1435,0.0184,0.4239,0.8754,0.2525,7.4187,-0.0615
46.264,-0.1846,0.4979,-0.1352,-0.1435,0.0184,0.4115,0.8754,0.2525,7.4187,-0.0615
46.357,-0.1846,0.4979,-0.1352,-0.1521,0.0254,0.4196,0.8754,0.2439,7.4283,-0.0616
46.359,-0.1669,0.5046,-0.1352,-0.1443,0.0254,0.4196,0.8931,0.2517,7.4283,-0.0616
46.360,-0.1753,0.5046,-0.1193,-0.1443,0.0260,0.4196,0.8847,0.2517,7.4283,-0.0616
46.362,-0.1753,0.4914,-0.1222,-0.1443,0.0260,0.4068,0.8847,0.2517,7.4283,-0.0616
46.462,-0.1753,0.4914,-0.1222,-0.1443,0.0260,0.4068,0.8847,0.2517,7.4283,-0.0616
46.465,-0.1753,0.4914,-0.1222,-0.1531,0.0329,0.4151,0.8847,0.2429,7.4381,-0.0617
46.466,-0.1579,0.4980,-0.1222,-0.1451,0.0329,0.4151,0.9021,0.2509,7.4381,-0.0617
46.468,-0.1662,0.4980,-0.1065,-0.1451,0.0333,0.4151,0.8938,0.2509,7.4381,-0.0617
46.470,-0.1662,0.4843,-0.1089,-0.1451,0.0333,0.4020,0.8938,0.2509,7.4381,-0.0617
46.562,-0.1662,0.4843,-0.1089,-0.1543,0.0404,0.4106,0.8938,0.2417,7.4482,-0.0617
46.564,-0.1490,0.4909,-0.1089,-0.1460,0.0404,0.4106,0.9110,0.2500,7.4482,-0.0617
46.566,-0.1575,0.4909,-0.0935,-0.1460,0.0405,0.4106,0.9025,0.2500,7.4482,-0.0617
46.568,-0.1575,0.4769,-0.0957,-0.1460,0.0405,0.3973,0.9025,0.2500,7.4482,-0.0617
46.655,-0.1575,0.4769,-0.0957,-0.1555,0.0475,0.4060,0.9025,0.2405,7.4584,-0.0617
46.659,-0.1403,0.4832,-0.0957,-0.1473,0.0475,0.4060,0.9197,0.2487,7.4584,-0.0617
46.661,-0.1492,0.4832,-0.0806,-0.1473,0.0471,0.4060,0.9108,0.2487,7.4584,-0.0617
46.662,-0.1492,0.4692,-0.0831,-0.1473,0.0471,0.3927,0.9108,0.2487,7.4584,-0.0617
46.761,-0.1492,0.4692,-0.0831,-0.1566,0.0540,0.4012,0.9108,0.2394,7.4684,-0.0617
46.783,-0.1325,0.4747,-0.0831,-0.1489,0.0540,0.4012,0.9275,0.2471,7.4684,-0.0617
46.785,-0.1419,0.4747,-0.0684,-0.1489,0.0529,0.4012,0.9181,0.2471,7.4684,-0.0617
46.788,-0.1419,0.4606,-0.0715,-0.1489,0.0529,0.3879,0.9181,0.2471,7.4684,-0.0617
46.881,-0.1419,0.4606,-0.0715,-0.1579,0.0596,0.3960,0.9181,0.2381,7.4781,-0.0619
46.882,-0.1257,0.4654,-0.0715,-0.1507,0.0596,0.3960,0.9343,0.2453,7.4781,-0.0619
46.884,-0.1358,0.4654,-0.0573,-0.1507,0.0577,0.3960,0.9242,0.2453,7.4781,-0.0619
46.886,-0.1358,0.4509,-0.0609,-0.1507,0.0577,0.3823,0.9242,0.2453,7.4781,-0.0619
46.986,-0.1358,0.4509,-0.0609,-0.1507,0.0577,0.3823,0.9242,0.2453,7.4781,-0.0619
46.988,-0.1358,0.4509,-0.0609,-0.1598,0.0643,0.3904,0.9242,0.2362,7.4878,-0.0621
46.990,-0.1199,0.4554,-0.0609,-0.1527,0.0643,0.3904,0.9401,0.2433,7.4878,-0.0621
46.992,-0.1308,0.4554,-0.0472,-0.1527,0.0615,0.3904,0.9292,0.2433,7.4878,-0.0621
46.993,-0.1308,0.4403,-0.0510,-0.1527,0.0615,0.3762,0.9292,0.2433,7.4878,-0.0621
47.093,-0.1308,0.4403,-0.0510,-0.1621,0.0680,0.3845,0.9292,0.2339,7.4977,-0.0621
47.094,-0.1148,0.4448,-0.0510,-0.1547,0.0680,0.3845,0.9452,0.2413,7.4977,-0.0621
47.095,-0.1264,0.4448,-0.0378,-0.1547,0.0644,0.3845,0.9336,0.2413,7.4977,-0.0621
47.095,-0.1264,0.4292,-0.0415,-0.1547,0.0644,0.3700,0.9336,0.2413,7.4977,-0.0621
47.178,-0.1264,0.4292,-0.0415,-0.1644,0.0710,0.3785,0.9336,0.2316,7.5079,-0.0621
47.180,-0.1100,0.4340,-0.0415,-0.1565,0.0710,0.3785,0.9500,0.2395,7.5079,-0.0621
47.181,-0.1219,0.4340,-0.0287,-0.1565,0.0670,0.3785,0.9381,0.2395,7.5079,-0.0621
47.182,-0.1219,0.4181,-0.0326,-0.1565,0.0670,0.3639,0.9381,0.2395,7.5079,-0.0621
47.265,-0.1219,0.4181,-0.0326,-0.1663,0.0735,0.3724,0.9381,0.2297,7.5181,-0.0621
47.267,-0.1051,0.4232,-0.0326,-0.1579,0.0735,0.3724,0.9549,0.2381,7.5181,-0.0621
47.269,-0.1171,0.4232,-0.0199,-0.1579,0.0693,0.3724,0.9429,0.2381,7.5181,-0.0621
47.270,-0.1171,0.4073,-0.0241,-0.1579,0.0693,0.3578,0.9429,0.2381,7.5181,-0.0621
47.357,-0.1171,0.4073,-0.0241,-0.1674,0.0757,0.3659,0.9429,0.2286,7.5280,-0.0622
47.358,-0.1001,0.4125,-0.0241,-0.1586,0.0757,0.3659,0.9599,0.2374,7.5280,-0.0622
47.359,-0.1122,0.4125,-0.0116,-0.1586,0.0714,0.3659,0.9478,0.2374,7.5280,-0.0622
47.360,-0.1122,0.3968,-0.0159,-0.1586,0.0714,0.3516,0.9478,0.2374,7.5280,-0.0622
47.461,-0.1122,0.3968,-0.0159,-0.1586,0.0714,0.3516,0.9478,0.2374,7.5280,-0.0622
47.467,-0.1122,0.3968,-0.0159,-0.1679,0.0776,0.3594,0.9478,0.2281,7.5376,-0.0624
47.469,-0.0950,0.4020,-0.0159,-0.1588,0.0776,0.3594,0.9650,0.2372,7.5376,-0.0624
47.470,-0.1075,0.4020,-0.0038,-0.1588,0.0729,0.3594,0.9525,0.2372,7.5376,-0.0624
47.471,-0.1075,0.3863,-0.0082,-0.1588,0.0729,0.3451,0.9525,0.2372,7.5376,-0.0624
47.557,-0.1075,0.3863,-0.0082,-0.1683,0.0790,0.3530,0.9525,0.2277,7.5474,-0.0626
47.559,-0.0900,0.3918,-0.0082,-0.1586,0.0790,0.3530,0.9700,0.2374,7.5474,-0.0626
47.561,-0.1031,0.3918,0.0032,-0.1586,0.0735,0.3530,0.9569,0.2374,7.5474,-0.0626
47.563,-0.1031,0.3759,-0.0010,-0.1586,0.0735,0.3386,0.9569,0.2374,7.5474,-0.0626
47.663,-0.1031,0.3759,-0.0010,-0.1586,0.0735,0.3386,0.9569,0.2374,7.5474,-0.0626
47.674,-0.1031,0.3759,-0.0010,-0.1684,0.0796,0.3468,0.9569,0.2276,7.5574,-0.0626
47.685,-0.0851,0.3820,-0.0010,-0.1579,0.0796,0.3468,0.9749,0.2381,7.5574,-0.0626
47.687,-0.0988,0.3820,0.0096,-0.1579,0.0732,0.3468,0.9612,0.2381,7.5574,-0.0626
47.688,-0.0988,0.3660,0.0054,-0.1579,0.0732,0.3324,0.9612,0.2381,7.5574,-0.0626
47.777,-0.0988,0.3660,0.0054,-0.1679,0.0793,0.3407,0.9612,0.2281,7.5675,-0.0627
47.793,-0.0802,0.3729,0.0054,-0.1563,0.0793,0.3407,0.9798,0.2397,7.5675,-0.0627
47.794,-0.0945,0.3729,0.0152,-0.1563,0.0722,0.3407,0.9655,0.2397,7.5675,-0.0627
47.794,-0.0945,0.3569,0.0112,-0.1563,0.0722,0.3264,0.9655,0.2397,7.5675,-0.0627
47.894,-0.0945,0.3569,0.0112,-0.1563,0.0722,0.3264,0.9655,0.2397,7.5675,-0.0627
47.912,-0.0945,0.3569,0.0112,-0.1662,0.0782,0.3346,0.9655,0.2298,7.5776,-0.0628
47.918,-0.0753,0.3649,0.0112,-0.1534,0.0782,0.3346,0.9847,0.2426,7.5776,-0.0628
47.918,-0.0902,0.3649,0.0197,-0.1534,0.0700,0.3346,0.9698,0.2426,7.5776,-0.0628
47.919,-0.0902,0.3490,0.0158,-0.1534,0.0700,0.3205,0.9698,0.2426,7.5776,-0.0628
48.019,-0.0902,0.3490,0.0158,-0.1534,0.0700,0.3205,0.9698,0.2426,7.5776,-0.0628
48.023,-0.0902,0.3490,0.0158,-0.1630,0.0759,0.3283,0.9698,0.2330,7.5874,-0.0630
48.023,-0.0706,0.3581,0.0158,-0.1491,0.0759,0.3283,0.9894,0.2469,7.5874,-0.0630
48.024,-0.0861,0.3581,0.0233,-0.1491,0.0669,0.3283,0.9739,0.2469,7.5874,-0.0630
48.025,-0.0861,0.3422,0.0195,-0.1491,0.0669,0.3143,0.9739,0.2469,7.5874,-0.0630
48.105,-0.0861,0.3422,0.0195,-0.1586,0.0727,0.3220,0.9739,0.2374,7.5970,-0.0633
48.112,-0.0667,0.3520,0.0195,-0.1441,0.0727,0.3220,0.9933,0.2519,7.5970,-0.0633
48.113,-0.0825,0.3520,0.0262,-0.1441,0.0632,0.3220,0.9775,0.2519,7.5970,-0.0633
48.113,-0.0825,0.3359,0.0225,-0.1441,0.0632,0.3080,0.9775,0.2519,7.5970,-0.0633
48.184,-0.0825,0.3359,0.0225,-0.1538,0.0689,0.3158,0.9775,0.2422,7.6068,-0.0634
48.185,-0.0638,0.3460,0.0225,-0.1393,0.0689,0.3158,0.9962,0.2567,7.6068,-0.0634
48.186,-0.0797,0.3460,0.0285,-0.1393,0.0590,0.3158,0.9803,0.2567,7.6068,-0.0634
48.188,-0.0797,0.3297,0.0249,-0.1393,0.0590,0.3018,0.9803,0.2567,7.6068,-0.0634
48.288,-0.0797,0.3297,0.0249,-0.1393,0.0590,0.3018,0.9803,0.2567,7.6068,-0.0634
48.295,-0.0797,0.3297,0.0249,-0.1493,0.0647,0.3098,0.9803,0.2467,7.6169,-0.0635
48.296,-0.0614,0.3402,0.0249,-0.1344,0.0647,0.3098,0.9986,0.2616,7.6169,-0.0635
48.297,-0.0777,0.3402,0.0299,-0.1344,0.0542,0.3098,0.9823,0.2616,7.6169,-0.0635
48.299,-0.0777,0.3238,0.0264,-0.1344,0.0542,0.2958,0.9823,0.2616,7.6169,-0.0635
48.399,-0.0777,0.3238,0.0264,-0.1344,0.0542,0.2958,0.9823,0.2616,7.6169,-0.0635
48.407,-0.0777,0.3238,0.0264,-0.1446,0.0598,0.3039,0.9823,0.2514,7.6270,-0.0636
48.408,-0.0591,0.3351,0.0264,-0.1290,0.0598,0.3039,1.0009,0.2670,7.6270,-0.0636
48.408,-0.0761,0.3351,0.0306,-0.1290,0.0485,0.3039,0.9839,0.2670,7.6270,-0.0636
48.408,-0.0761,0.3187,0.0272,-0.1290,0.0485,0.2900,0.9839,0.2670,7.6270,-0.0636
48.492,-0.0761,0.3187,0.0272,-0.1389,0.0541,0.2979,0.9839,0.2571,7.6371,-0.0637
48.492,-0.0572,0.3311,0.0272,-0.1223,0.0541,0.2979,1.0028,0.2737,7.6371,-0.0637
48.494,-0.0747,0.3311,0.0306,-0.1223,0.0420,0.2979,0.9853,0.2737,7.6371,-0.0637
48.495,-0.0747,0.3146,0.0271,-0.1223,0.0420,0.2840,0.9853,0.2737,7.6371,-0.0637
48.596,-0.0747,0.3146,0.0271,-0.1223,0.0420,0.2840,0.9853,0.2737,7.6371,-0.0637
48.605,-0.0747,0.3146,0.0271,-0.1321,0.0475,0.2916,0.9853,0.2639,7.6468,-0.0640
48.605,-0.0561,0.3279,0.0271,-0.1149,0.0475,0.2916,1.0039,0.2811,7.6468,-0.0640
48.606,-0.0743,0.3279,0.0294,-0.1149,0.0344,0.2916,0.9857,0.2811,7.6468,-0.0640
48.606,-0.0743,0.3112,0.0259,-0.1149,0.0344,0.2776,0.9857,0.2811,7.6468,-0.0640
48.689,-0.0743,0.3112,0.0259,-0.1245,0.0398,0.2851,0.9857,0.2715,7.6565,-0.0642
48.689,-0.0563,0.3249,0.0259,-0.1073,0.0398,0.2851,1.0037,0.2887,7.6565,-0.0642
48.689,-0.0751,0.3249,0.0268,-0.1073,0.0257,0.2851,0.9849,0.2887,7.6565,-0.0642
48.690,-0.0751,0.3080,0.0233,-0.1073,0.0257,0.2711,0.9849,0.2887,7.6565,-0.0642
48.762,-0.0751,0.3080,0.0233,-0.1172,0.0311,0.2788,0.9849,0.2788,7.6664,-0.0644
48.763,-0.0578,0.3220,0.0233,-0.1000,0.0311,0.2788,1.0022,0.2960,7.6664,-0.0644
48.765,-0.0771,0.3220,0.0229,-0.1000,0.0161,0.2788,0.9829,0.2960,7.6664,-0.0644
48.767,-0.0771,0.3051,0.0193,-0.1000,0.0161,0.2648,0.9829,0.2960,7.6664,-0.0644
48.852,-0.0771,0.3051,0.0193,-0.1101,0.0214,0.2726,0.9829,0.2859,7.6765,-0.0645
48.853,-0.0601,0.3194,0.0193,-0.0929,0.0214,0.2726,0.9999,0.3031,7.6765,-0.0645
48.855,-0.0799,0.3194,0.0178,-0.0929,0.0056,0.2726,0.9801,0.3031,7.6765,-0.0645
48.858,-0.0799,0.3024,0.0142,-0.0929,0.0056,0.2587,0.9801,0.3031,7.6765,-0.0645
48.959,-0.0799,0.3024,0.0142,-0.0929,0.0056,0.2587,0.9801,0.3031,7.6765,-0.0645
48.981,-0.0799,0.3024,0.0142,-0.1030,0.0110,0.2665,0.9801,0.2930,7.6866,-0.0646
48.981,-0.0629,0.3171,0.0142,-0.0855,0.0110,0.2665,0.9971,0.3105,7.6866,-0.0646
48.982,-0.0826,0.3171,0.0123,-0.0855,-0.0050,0.2665,0.9774,0.3105,7.6866,-0.0646
48.982,-0.0826,0.3001,0.0086,-0.0855,-0.0050,0.2526,0.9774,0.3105,7.6866,-0.0646
49.082,-0.0826,0.3001,0.0086,-0.0855,-0.0050,0.2526,0.9774,0.3105,7.6866,-0.0646
49.100,-0.0826,0.3001,0.0086,-0.0953,0.0003,0.2600,0.9774,0.3007,7.6965,-0.0648
49.100,-0.0654,0.3149,0.0086,-0.0776,0.0003,0.2600,0.9946,0.3184,7.6965,-0.0648
49.101,-0.0850,0.3149,0.0063,-0.0776,-0.0158,0.2600,0.9750,0.3184,7.6965,-0.0648
49.101,-0.0850,0.2979,0.0025,-0.0776,-0.0158,0.2462,0.9750,0.3184,7.6965,-0.0648
49.201,-0.0850,0.2979,0.0025,-0.0776,-0.0158,0.2462,0.9750,0.3184,7.6965,-0.0648
49.202,-0.0850,0.2979,0.0025,-0.0873,-0.0105,0.2535,0.9750,0.3087,7.7061,-0.0651
49.203,-0.0678,0.3131,0.0025,-0.0693,-0.0105,0.2535,0.9922,0.3267,7.7061,-0.0651
49.204,-0.0878,0.3131,-0.0009,-0.0693,-0.0273,0.2535,0.9722,0.3267,7.7061,-0.0651
49.205,-0.0878,0.2961,-0.0047,-0.0693,-0.0273,0.2397,0.9722,0.3267,7.7061,-0.0651
49.286,-0.0878,0.2961,-0.0047,-0.0790,-0.0221,0.2470,0.9722,0.3170,7.7158,-0.0653
49.287,-0.0711,0.3118,-0.0047,-0.0610,-0.0221,0.2470,0.9889,0.3350,7.7158,-0.0653
49.288,-0.0912,0.3118,-0.0089,-0.0610,-0.0394,0.2470,0.9688,0.3350,7.7158,-0.0653
49.290,-0.0912,0.2948,-0.0128,-0.0610,-0.0394,0.2333,0.9688,0.3350,7.7158,-0.0653
49.363,-0.0912,0.2948,-0.0128,-0.0710,-0.0342,0.2408,0.9688,0.3250,7.7258,-0.0655
49.364,-0.0753,0.3108,-0.0128,-0.0531,-0.0342,0.2408,0.9847,0.3429,7.7258,-0.0655
49.365,-0.0948,0.3108,-0.0174,-0.0531,-0.0513,0.2408,0.9652,0.3429,7.7258,-0.0655
49.367,-0.0948,0.2938,-0.0212,-0.0531,-0.0513,0.2272,0.9652,0.3429,7.7258,-0.0655
49.458,-0.0948,0.2938,-0.0212,-0.0632,-0.0461,0.2348,0.9652,0.3328,7.7359,-0.0656
49.460,-0.0790,0.3100,-0.0212,-0.0454,-0.0461,0.2348,0.9810,0.3500,7.7359,-0.0656
49.462,-0.0974,0.3100,-0.0260,-0.0454,-0.0624,0.2348,0.9626,0.3337,7.7359,-0.0656
49.464,-0.0974,0.2930,-0.0298,-0.0454,-0.0624,0.2214,0.9626,0.3337,7.7359,-0.0656
49.565,-0.0974,0.2930,-0.0298,-0.0454,-0.0624,0.2214,0.9626,0.3337,7.7359,-0.0656
49.572,-0.0974,0.2930,-0.0298,-0.0554,-0.0571,0.2289,0.9626,0.3389,7.7459,-0.0657
49.576,-0.0813,0.3094,-0.0298,-0.0373,-0.0571,0.2289,0.9787,0.3389,7.7459,-0.0657
49.578,-0.0988,0.3094,-0.0349,-0.0373,-0.0729,0.2289,0.9612,0.3232,7.7459,-0.0657
49.579,-0.0988,0.2924,-0.0387,-0.0373,-0.0729,0.2155,0.9612,0.3232,7.7459,-0.0657
49.664,-0.0988,0.2924,-0.0387,-0.0471,-0.0676,0.2227,0.9612,0.3284,7.7557,-0.0659
49.664,-0.0825,0.3089,-0.0387,-0.0289,-0.0676,0.2227,0.9775,0.3284,7.7557,-0.0659
49.672,-0.0990,0.3089,-0.0438,-0.0289,-0.0827,0.2227,0.9610,0.3133,7.7557,-0.0659
49.674,-0.0990,0.2920,-0.0475,-0.0289,-0.0827,0.2095,0.9610,0.3133,7.7557,-0.0659
49.772,-0.0990,0.2920,-0.0475,-0.0386,-0.0775,0.2165,0.9610,0.3185,7.7654,-0.0662
49.795,-0.0827,0.3087,-0.0475,-0.0202,-0.0775,0.2165,0.9773,0.3185,7.7654,-0.0662
49.797,-0.0983,0.3087,-0.0527,-0.0202,-0.0919,0.2165,0.9617,0.3041,7.7654,-0.0662
49.799,-0.0983,0.2918,-0.0562,-0.0202,-0.0919,0.2034,0.9617,0.3041,7.7654,-0.0662
49.889,-0.0983,0.2918,-0.0562,-0.0300,-0.0867,0.2106,0.9617,0.3093,7.7753,-0.0664
49.892,-0.0817,0.3091,-0.0562,-0.0112,-0.0867,0.2106,0.9783,0.3093,7.7753,-0.0664
49.895,-0.0957,0.3091,-0.0613,-0.0112,-0.0999,0.2106,0.9643,0.2961,7.7753,-0.0664
49.897,-0.0957,0.2921,-0.0648,-0.0112,-0.0999,0.1976,0.9643,0.2961,7.7753,-0.0664
49.985,-0.0957,0.2921,-0.0648,-0.0212,-0.0946,0.2049,0.9643,0.3014,7.7853,-0.0664
49.987,-0.0793,0.3096,-0.0648,-0.0024,-0.0946,0.2049,0.9807,0.3014,7.7853,-0.0664
49.989,-0.0896,0.3096,-0.0681,-0.0024,-0.1041,0.2049,0.9704,0.2919,7.7853,-0.0664
49.991,-0.0896,0.2927,-0.0715,-0.0024,-0.1041,0.1920,0.9704,0.2919,7.7853,-0.0664
50.072,-0.0896,0.2927,-0.0715,-0.0125,-0.0987,0.1993,0.9704,0.2973,7.7955,-0.0665
50.074,-0.0734,0.3100,-0.0715,0.0061,-0.0987,0.1993,0.9866,0.2973,7.7955,-0.0665
50.076,-0.0781,0.3100,-0.0710,0.0061,-0.1020,0.1993,0.9819,0.2940,7.7955,-0.0665
50.078,-0.0781,0.2931,-0.0742,0.0061,-0.1020,0.1865,0.9819,0.2940,7.7955,-0.0665
50.163,-0.0781,0.2931,-0.0742,-0.0039,-0.0966,0.1936,0.9819,0.2994,7.8055,-0.0667
50.165,-0.0618,0.3108,-0.0742,0.0151,-0.0966,0.1936,0.9858,0.2994,7.8055,-0.0667
50.167,-0.0620,0.3108,-0.0708,0.0151,-0.0950,0.1936,0.9892,0.3011,7.8055,-0.0667
50.169,-0.0620,0.2939,-0.0737,0.0151,-0.0950,0.1809,0.9863,0.3011,7.8055,-0.0667
50.258,-0.0620,0.2939,-0.0737,0.0053,-0.0895,0.1878,0.9863,0.3065,7.8152,-0.0669
50.260,-0.0454,0.3119,-0.0737,0.0244,-0.0895,0.1878,0.9863,0.3065,7.8152,-0.0669
50.262,-0.0472,0.3119,-0.0718,0.0244,-0.0899,0.1878,0.9882,0.3062,7.8152,-0.0669
50.263,-0.0472,0.2950,-0.0744,0.0244,-0.0899,0.1752,0.9856,0.3062,7.8152,-0.0669
50.355,-0.0472,0.2950,-0.0744,0.0147,-0.0844,0.1820,0.9856,0.3116,7.8250,-0.0671
50.358,-0.0311,0.3123,-0.0744,0.0332,-0.0844,0.1820,0.9856,0.3116,7.8250,-0.0671
50.360,-0.0340,0.3123,-0.0734,0.0332,-0.0860,0.1820,0.9866,0.3100,7.8250,-0.0671
50.362,-0.0340,0.2954,-0.0757,0.0332,-0.0860,0.1696,0.9843,0.3100,7.8250,-0.0671
50.462,-0.0340,0.2954,-0.0757,0.0332,-0.0860,0.1696,0.9843,0.3100,7.8250,-0.0671
50.474,-0.0340,0.2954,-0.0757,0.0233,-0.0805,0.1766,0.9843,0.3155,7.8349,-0.0672
50.476,-0.0183,0.3122,-0.0757,0.0413,-0.0805,0.1766,0.9843,0.3155,7.8349,-0.0672
50.476,-0.0167,0.3122,-0.0710,0.0413,-0.0769,0.1766,0.9890,0.3192,7.8349,-0.0672
50.478,-0.0167,0.2953,-0.0731,0.0413,-0.0769,0.1643,0.9869,0.3192,7.8349,-0.0672
50.578,-0.0167,0.2953,-0.0731,0.0413,-0.0769,0.1643,0.9869,0.3192,7.8349,-0.0672
50.597,-0.0167,0.2953,-0.0731,0.0312,-0.0712,0.1713,0.9869,0.3248,7.8450,-0.0673
50.618,-0.0014,0.3116,-0.0731,0.0487,-0.0712,0.1713,0.9869,0.3248,7.8450,-0.0673
50.620,0.0090,0.3116,-0.0612,0.0487,-0.0574,0.1713,0.9988,0.3386,7.8450,-0.0673
50.621,0.0090,0.2947,-0.0629,0.0487,-0.0574,0.1591,0.9971,0.3386,7.8450,-0.0673
50.722,0.0090,0.2947,-0.0629,0.0487,-0.0574,0.1591,0.9971,0.3386,7.8450,-0.0673
50.724,0.0090,0.2947,-0.0629,0.0386,-0.0517,0.1660,0.9971,0.3443,7.8551,-0.0673
50.749,0.0227,0.3092,-0.0629,0.0542,-0.0517,0.1660,0.9971,0.3443,7.8551,-0.0673
50.750,0.0389,0.3092,-0.0466,0.0542,-0.0314,0.1660,1.0134,0.3646,7.8551,-0.0673
50.751,0.0389,0.2924,-0.0479,0.0542,-0.0314,0.1539,1.0121,0.3646,7.8551,-0.0673
50.836,0.0389,0.2924,-0.0479,0.0443,-0.0257,0.1606,1.0121,0.3703,7.8650,-0.0675
50.853,0.0504,0.3049,-0.0479,0.0577,-0.0257,0.1606,1.0121,0.3703,7.8650,-0.0675
50.855,0.0629,0.3049,-0.0358,0.0577,-0.0104,0.1606,1.0242,0.3856,7.8650,-0.0675
50.856,0.0629,0.2880,-0.0368,0.0577,-0.0104,0.1485,1.0232,0.3856,7.8650,-0.0675
50.956,0.0629,0.2880,-0.0368,0.0577,-0.0104,0.1485,1.0232,0.3856,7.8650,-0.0675
50.963,0.0629,0.2880,-0.0368,0.0480,-0.0047,0.1550,1.0232,0.3913,7.8747,-0.0678
50.979,0.0731,0.2994,-0.0368,0.0600,-0.0047,0.1550,1.0232,0.3913,7.8747,-0.0678
50.981,0.0818,0.2994,-0.0281,0.0600,0.0061,0.1550,1.0319,0.4021,7.8747,-0.0678
50.983,0.0818,0.2825,-0.0288,0.0600,0.0061,0.1430,1.0312,0.4021,7.8747,-0.0678
51.049,0.0818,0.2825,-0.0288,0.0502,0.0118,0.1495,1.0312,0.4079,7.8845,-0.0679
51.050,0.0916,0.2934,-0.0288,0.0618,0.0118,0.1495,1.0312,0.4079,7.8845,-0.0679
51.052,0.1017,0.2934,-0.0180,0.0618,0.0245,0.1495,1.0420,0.4205,7.8845,-0.0679
51.060,0.1017,0.2765,-0.0185,0.0618,0.0245,0.1376,1.0415,0.4205,7.8845,-0.0679
51.151,0.1017,0.2765,-0.0185,0.0518,0.0304,0.1442,1.0415,0.4264,7.8945,-0.0680
51.154,0.1108,0.2867,-0.0185,0.0625,0.0304,0.1442,1.0415,0.4264,7.8945,-0.0680
51.155,0.1249,0.2867,-0.0029,0.0625,0.0482,0.1442,1.0571,0.4443,7.8945,-0.0680
51.156,0.1249,0.2697,-0.0030,0.0625,0.0482,0.1323,1.0570,0.4443,7.8945,-0.0680
51.213,0.1249,0.2697,-0.0030,0.0524,0.0542,0.1390,1.0570,0.4484,7.9046,-0.0680
51.214,0.1318,0.2776,-0.0030,0.0607,0.0542,0.1390,1.0570,0.4502,7.9046,-0.0680
51.214,0.1471,0.2776,0.0142,0.0607,0.0735,0.1390,1.0742,0.4567,7.9046,-0.0680
51.215,0.1471,0.2607,0.0143,0.0607,0.0735,0.1272,1.0743,0.4567,7.9046,-0.0680
51.279,0.1471,0.2607,0.0143,0.0507,0.0795,0.1337,1.0743,0.4467,7.9146,-0.0681
51.280,0.1502,0.2652,0.0143,0.0550,0.0795,0.1337,1.0743,0.4510,7.9146,-0.0681
51.281,0.1642,0.2652,0.0302,0.0550,0.0971,0.1337,1.0902,0.4510,7.9146,-0.0681
51.281,0.1642,0.2482,0.0306,0.0550,0.0971,0.1219,1.0906,0.4510,7.9146,-0.0681
51.354,0.1642,0.2482,0.0306,0.0452,0.1031,0.1282,1.0906,0.4412,7.9244,-0.0683
51.355,0.1644,0.2498,0.0306,0.0463,0.1031,0.1282,1.0906,0.4423,7.9244,-0.0683
51.356,0.1766,0.2498,0.0444,0.0463,0.1183,0.1282,1.1044,0.4423,7.9244,-0.0683
51.356,0.1766,0.2328,0.0450,0.0463,0.1183,0.1164,1.1050,0.4423,7.9244,-0.0683
51.457,0.1766,0.2328,0.0450,0.0365,0.1243,0.1225,1.1050,0.4325,7.9342,-0.0686
51.457,0.1766,0.2328,0.0450,0.0365,0.1243,0.1225,1.1050,0.4325,7.9342,-0.0686
51.459,0.1757,0.2333,0.0450,0.0364,0.1243,0.1225,1.1050,0.4324,7.9342,-0.0686
51.461,0.1865,0.2333,0.0577,0.0364,0.1380,0.1225,1.1177,0.4324,7.9342,-0.0686
51.464,0.1865,0.2163,0.0586,0.0364,0.1380,0.1108,1.1186,0.4324,7.9342,-0.0686
51.564,0.1865,0.2163,0.0586,0.0364,0.1380,0.1108,1.1186,0.4324,7.9342,-0.0686
51.579,0.1865,0.2163,0.0586,0.0266,0.1440,0.1170,1.1186,0.4226,7.9440,-0.0687
51.581,0.1844,0.2155,0.0586,0.0250,0.1440,0.1170,1.1186,0.4210,7.9440,-0.0687
51.583,0.1943,0.2155,0.0714,0.0250,0.1570,0.1170,1.1314,0.4210,7.9440,-0.0687
51.584,0.1943,0.1985,0.0725,0.0250,0.1570,0.1053,1.1325,0.4210,7.9440,-0.0687
51.659,0.1943,0.1985,0.0725,0.0150,0.1631,0.1116,1.1325,0.4110,7.9540,-0.0688
51.661,0.1894,0.1948,0.0725,0.0101,0.1631,0.1116,1.1325,0.4061,7.9540,-0.0688
51.662,0.1985,0.1948,0.0865,0.0101,0.1760,0.1116,1.1465,0.4061,7.9540,-0.0688
51.663,0.1985,0.1779,0.0878,0.0101,0.1760,0.1000,1.1478,0.4061,7.9540,-0.0688
51.760,0.1985,0.1779,0.0878,0.0001,0.1822,0.1063,1.1478,0.3961,7.9641,-0.0688
51.762,0.1907,0.1699,0.0878,-0.0089,0.1822,0.1063,1.1478,0.3871,7.9641,-0.0688
51.763,0.1986,0.1699,0.1028,-0.0089,0.1947,0.1063,1.1628,0.3871,7.9641,-0.0688
51.764,0.1986,0.1531,0.1042,-0.0089,0.1947,0.0948,1.1642,0.3871,7.9641,-0.0688
51.864,0.1986,0.1531,0.1042,-0.0089,0.1947,0.0948,1.1642,0.3871,7.9641,-0.0688
51.891,0.1986,0.1531,0.1042,-0.0189,0.2008,0.1009,1.1642,0.3771,7.9741,-0.0689
51.892,0.1910,0.1431,0.1042,-0.0290,0.2008,0.1009,1.1642,0.3670,7.9741,-0.0689
51.894,0.1973,0.1431,0.1185,-0.0290,0.2118,0.1009,1.1785,0.3670,7.9741,-0.0689
51.896,0.1973,0.1264,0.1201,-0.0290,0.2118,0.0895,1.1801,0.3670,7.9741,-0.0689
51.965,0.1973,0.1264,0.1201,-0.0387,0.2179,0.0954,1.1801,0.3573,7.9839,-0.0692
51.967,0.1925,0.1177,0.1201,-0.0466,0.2179,0.0954,1.1777,0.3494,7.9839,-0.0692
51.969,0.1971,0.1177,0.1330,-0.0466,0.2271,0.0954,1.1777,0.3494,7.9839,-0.0692
51.971,0.1971,0.1011,0.1347,-0.0466,0.2271,0.0841,1.1611,0.3494,7.9839,-0.0692
52.059,0.1971,0.1011,0.1347,-0.0564,0.2331,0.0899,1.1611,0.3396,7.9936,-0.0693
52.061,0.1937,0.0929,0.1347,-0.0633,0.2331,0.0899,1.1529,0.3327,7.9936,-0.0693
52.062,0.1966,0.0929,0.1470,-0.0633,0.2408,0.0899,1.1529,0.3327,7.9936,-0.0693
52.063,0.1966,0.0763,0.1487,-0.0633,0.2408,0.0787,1.1363,0.3327,7.9936,-0.0693
52.164,0.1966,0.0763,0.1487,-0.0633,0.2408,0.0787,1.1363,0.3327,7.9936,-0.0693
52.172,0.1966,0.0763,0.1487,-0.0732,0.2468,0.0845,1.1363,0.3228,8.0035,-0.0694
52.173,0.1915,0.0663,0.1487,-0.0821,0.2468,0.0845,1.1263,0.3139,8.0035,-0.0694
52.174,0.1930,0.0663,0.1614,-0.0821,0.2536,0.0845,1.1263,0.3139,8.0035,-0.0694
52.175,0.1930,0.0498,0.1631,-0.0821,0.2536,0.0734,1.1098,0.3139,8.0035,-0.0694
52.275,0.1930,0.0498,0.1631,-0.0821,0.2536,0.0734,1.1098,0.3139,8.0035,-0.0694
52.295,0.1930,0.0498,0.1631,-0.0921,0.2596,0.0793,1.1098,0.3039,8.0136,-0.0695
52.296,0.1855,0.0370,0.1631,-0.1042,0.2596,0.0793,1.0970,0.2918,8.0136,-0.0695
52.297,0.1859,0.0370,0.1765,-0.1042,0.2659,0.0793,1.0970,0.2918,8.0136,-0.0695
52.298,0.1859,0.0205,0.1781,-0.1042,0.2659,0.0682,1.0805,0.2918,8.0136,-0.0695
52.389,0.1859,0.0205,0.1781,-0.1142,0.2720,0.0741,1.0805,0.2818,8.0236,-0.0696
52.390,0.1783,0.0063,0.1781,-0.1272,0.2720,0.0741,1.0663,0.2688,8.0236,-0.0696
52.390,0.1776,0.0063,0.1911,-0.1272,0.2773,0.0741,1.0663,0.2688,8.0236,-0.0696
52.390,0.1776,-0.0100,0.1926,-0.1272,0.2773,0.0630,1.0500,0.2688,8.0236,-0.0696
52.465,0.1776,-0.0100,0.1926,-0.1371,0.2833,0.0686,1.0500,0.2589,8.0335,-0.0697
52.466,0.1728,-0.0242,0.1926,-0.1486,0.2833,0.0686,1.0358,0.2474,8.0335,-0.0697
52.466,0.1703,-0.0242,0.2040,-0.1486,0.2867,0.0686,1.0358,0.2474,8.0335,-0.0697
52.466,0.1703,-0.0404,0.2051,-0.1486,0.2867,0.0575,1.0196,0.2474,8.0335,-0.0697
52.567,0.1703,-0.0404,0.2051,-0.1486,0.2867,0.0575,1.0196,0.2474,8.0335,-0.0697
52.568,0.1703,-0.0404,0.2051,-0.1584,0.2926,0.0629,1.0196,0.2376,8.0433,-0.0700
52.569,0.1693,-0.0535,0.2051,-0.1671,0.2926,0.0629,1.0065,0.2289,8.0433,-0.0700
52.570,0.1650,-0.0535,0.2145,-0.1671,0.2939,0.0629,1.0065,0.2289,8.0433,-0.0700
52.571,0.1650,-0.0697,0.2154,-0.1671,0.2939,0.0518,0.9903,0.2289,8.0433,-0.0700
52.664,0.1650,-0.0697,0.2154,-0.1769,0.2996,0.0572,0.9903,0.2191,8.0531,-0.0701
52.665,0.1662,-0.0812,0.2154,-0.1832,0.2996,0.0572,0.9788,0.2128,8.0531,-0.0701
52.667,0.1610,-0.0812,0.2237,-0.1832,0.2998,0.0572,0.9788,0.2128,8.0531,-0.0701
52.667,0.1610,-0.0973,0.2246,-0.1832,0.2998,0.0462,0.9627,0.2128,8.0531,-0.0701
52.762,0.1610,-0.0973,0.2246,-0.1932,0.3056,0.0518,0.9627,0.2028,8.0631,-0.0702
52.764,0.1622,-0.1071,0.2246,-0.1985,0.3056,0.0518,0.9529,0.1975,8.0631,-0.0702
52.766,0.1574,-0.1071,0.2334,-0.1985,0.3062,0.0518,0.9529,0.1975,8.0631,-0.0702
52.767,0.1574,-0.1221,0.2342,-0.1985,0.3062,0.0416,0.9379,0.1975,8.0631,-0.0702
52.867,0.1574,-0.1221,0.2342,-0.1985,0.3062,0.0416,0.9379,0.1975,8.0631,-0.0702
52.899,0.1574,-0.1221,0.2342,-0.2085,0.3119,0.0472,0.9379,0.1875,8.0731,-0.0703
52.900,0.1582,-0.1312,0.2342,-0.2136,0.3119,0.0472,0.9288,0.1824,8.0731,-0.0703
52.901,0.1538,-0.1312,0.2433,-0.2136,0.3128,0.0472,0.9288,0.1824,8.0731,-0.0703
52.902,0.1538,-0.1444,0.2437,-0.2136,0.3128,0.0381,0.9156,0.1824,8.0731,-0.0703
53.002,0.1538,-0.1444,0.2437,-0.2136,0.3128,0.0381,0.9156,0.1824,8.0731,-0.0703
53.005,0.1538,-0.1444,0.2437,-0.2236,0.3185,0.0435,0.9156,0.1724,8.0831,-0.0704
53.006,0.1551,-0.1531,0.2437,-0.2280,0.3185,0.0435,0.9069,0.1680,8.0831,-0.0704
53.008,0.1503,-0.1531,0.2523,-0.2280,0.3190,0.0435,0.9069,0.1680,8.0831,-0.0704
53.009,0.1503,-0.1652,0.2524,-0.2280,0.3190,0.0351,0.8948,0.1680,8.0831,-0.0704
53.110,0.1503,-0.1652,0.2524,-0.2280,0.3190,0.0351,0.8948,0.1680,8.0831,-0.0704
53.135,0.1503,-0.1652,0.2524,-0.2378,0.3246,0.0403,0.8948,0.1582,8.0929,-0.0706
53.136,0.1538,-0.1723,0.2524,-0.2399,0.3246,0.0403,0.8877,0.1561,8.0929,-0.0706
53.137,0.1485,-0.1723,0.2602,-0.2399,0.3243,0.0403,0.8877,0.1561,8.0929,-0.0706
53.137,0.1485,-0.1842,0.2601,-0.2399,0.3243,0.0320,0.8758,0.1561,8.0929,-0.0706
53.238,0.1485,-0.1842,0.2601,-0.2399,0.3243,0.0320,0.8758,0.1561,8.0929,-0.0706
53.252,0.1485,-0.1842,0.2601,-0.2496,0.3298,0.0372,0.8758,0.1464,8.1027,-0.0708
53.252,0.1557,-0.1880,0.2601,-0.2473,0.3298,0.0372,0.8720,0.1487,8.1027,-0.0708
53.253,0.1500,-0.1880,0.2671,-0.2473,0.3289,0.0372,0.8720,0.1487,8.1027,-0.0708
53.254,0.1500,-0.1998,0.2668,-0.2473,0.3289,0.0288,0.8602,0.1487,8.1027,-0.0708
53.355,0.1500,-0.1998,0.2668,-0.2473,0.3289,0.0288,0.8602,0.1487,8.1027,-0.0708
53.381,0.1500,-0.1998,0.2668,-0.2572,0.3343,0.0341,0.8602,0.1388,8.1126,-0.0710
53.383,0.1612,-0.1995,0.2668,-0.2496,0.3343,0.0341,0.8605,0.1464,8.1126,-0.0710
53.383,0.1557,-0.1995,0.2736,-0.2496,0.3334,0.0341,0.8605,0.1464,8.1126,-0.0710
53.384,0.1557,-0.2103,0.2732,-0.2496,0.3334,0.0264,0.8497,0.1464,8.1126,-0.0710
53.471,0.1557,-0.2103,0.2732,-0.2596,0.3388,0.0318,0.8497,0.1364,8.1226,-0.0711
53.471,0.1680,-0.2087,0.2732,-0.2506,0.3388,0.0318,0.8513,0.1454,8.1226,-0.0711
53.472,0.1630,-0.2087,0.2804,-0.2506,0.3385,0.0318,0.8513,0.1454,8.1226,-0.0711
53.472,0.1630,-0.2180,0.2802,-0.2506,0.3385,0.0254,0.8420,0.1454,8.1226,-0.0711
53.550,0.1630,-0.2180,0.2802,-0.2605,0.3439,0.0308,0.8420,0.1355,8.1326,-0.0711
53.551,0.1731,-0.2183,0.2802,-0.2540,0.3439,0.0308,0.8417,0.1420,8.1326,-0.0711
53.551,0.1688,-0.2183,0.2881,-0.2540,0.3442,0.0308,0.8417,0.1420,8.1326,-0.0711
53.551,0.1688,-0.2260,0.2882,-0.2540,0.3442,0.0255,0.8340,0.1420,8.1326,-0.0711
53.634,0.1688,-0.2260,0.2882,-0.2639,0.3496,0.0308,0.8340,0.1321,8.1425,-0.0713
53.635,0.1779,-0.2273,0.2882,-0.2585,0.3496,0.0308,0.8327,0.1375,8.1425,-0.0713
53.637,0.1742,-0.2273,0.2966,-0.2585,0.3505,0.0308,0.8327,0.1375,8.1425,-0.0713
53.639,0.1742,-0.2340,0.2966,-0.2585,0.3505,0.0263,0.8260,0.1375,8.1425,-0.0713
53.736,0.1742,-0.2340,0.2966,-0.2682,0.3557,0.0316,0.8260,0.1278,8.1523,-0.0715
53.739,0.1860,-0.2337,0.2966,-0.2601,0.3557,0.0316,0.8263,0.1359,8.1523,-0.0715
53.742,0.1824,-0.2337,0.3052,-0.2601,0.3568,0.0316,0.8263,0.1359,8.1523,-0.0715
53.743,0.1824,-0.2394,0.3050,-0.2601,0.3568,0.0276,0.8206,0.1359,8.1523,-0.0715
53.841,0.1824,-0.2394,0.3050,-0.2698,0.3620,0.0328,0.8206,0.1262,8.1621,-0.0717
53.842,0.2002,-0.2353,0.3050,-0.2553,0.3620,0.0328,0.8247,0.1407,8.1621,-0.0717
53.844,0.1962,-0.2353,0.3132,-0.2553,0.3626,0.0328,0.8247,0.1407,8.1621,-0.0717
53.846,0.1962,-0.2404,0.3128,-0.2553,0.3626,0.0292,0.8196,0.1407,8.1621,-0.0717
53.946,0.1962,-0.2404,0.3128,-0.2553,0.3626,0.0292,0.8196,0.1407,8.1621,-0.0717
53.961,0.1962,-0.2404,0.3128,-0.2650,0.3677,0.0346,0.8196,0.1310,8.1720,-0.0718
53.961,0.2177,-0.2338,0.3128,-0.2466,0.3677,0.0346,0.8262,0.1494,8.1720,-0.0718
53.961,0.2126,-0.2338,0.3201,-0.2466,0.3672,0.0346,0.8262,0.1494,8.1720,-0.0718
53.962,0.2126,-0.2383,0.3196,-0.2466,0.3672,0.0314,0.8217,0.1494,8.1720,-0.0718
54.062,0.2126,-0.2383,0.3196,-0.2466,0.3672,0.0314,0.8217,0.1494,8.1720,-0.0718
54.073,0.2126,-0.2383,0.3196,-0.2564,0.3722,0.0370,0.8217,0.1396,8.1821,-0.0719
54.073,0.2332,-0.2324,0.3196,-0.2389,0.3722,0.0370,0.8276,0.1571,8.1821,-0.0719
54.074,0.2269,-0.2324,0.3256,-0.2389,0.3704,0.0370,0.8276,0.1571,8.1821,-0.0719
54.074,0.2269,-0.2364,0.3250,-0.2389,0.3704,0.0340,0.8236,0.1571,8.1821,-0.0719
54.161,0.2269,-0.2364,0.3250,-0.2486,0.3754,0.0396,0.8236,0.1474,8.1921,-0.0720
54.162,0.2436,-0.2331,0.3250,-0.2352,0.3754,0.0396,0.8269,0.1608,8.1921,-0.0720
54.163,0.2364,-0.2331,0.3299,-0.2352,0.3725,0.0396,0.8269,0.1608,8.1921,-0.0720
54.164,0.2364,-0.2366,0.3293,-0.2352,0.3725,0.0370,0.8234,0.1608,8.1921,-0.0720
54.265,0.2364,-0.2366,0.3293,-0.2352,0.3725,0.0370,0.8234,0.1608,8.1921,-0.0720
54.278,0.2364,-0.2366,0.3293,-0.2448,0.3774,0.0425,0.8234,0.1512,8.2019,-0.0722
54.283,0.2510,-0.2352,0.3293,-0.2336,0.3774,0.0425,0.8248,0.1624,8.2019,-0.0722
54.283,0.2428,-0.2352,0.3329,-0.2336,0.3733,0.0425,0.8248,0.1624,8.2019,-0.0722
54.284,0.2428,-0.2378,0.3324,-0.2336,0.3733,0.0405,0.8222,0.1624,8.2019,-0.0722
54.356,0.2428,-0.2378,0.3324,-0.2431,0.3781,0.0460,0.8222,0.1529,8.2117,-0.0724
54.357,0.2588,-0.2362,0.3324,-0.2308,0.3781,0.0460,0.8238,0.1652,8.2117,-0.0724
54.357,0.2490,-0.2362,0.3341,-0.2308,0.3721,0.0460,0.8238,0.1652,8.2117,-0.0724
54.358,0.2490,-0.2375,0.3341,-0.2308,0.3721,0.0452,0.8225,0.1652,8.2117,-0.0724
54.449,0.2490,-0.2375,0.3341,-0.2402,0.3769,0.0508,0.8225,0.1558,8.2215,-0.0726
54.450,0.2682,-0.2337,0.3341,-0.2244,0.3769,0.0508,0.8263,0.1716,8.2215,-0.0726
54.451,0.2562,-0.2337,0.3333,-0.2244,0.3684,0.0508,0.8263,0.1716,8.2215,-0.0726
54.453,0.2562,-0.2326,0.3340,-0.2244,0.3684,0.0519,0.8274,0.1716,8.2215,-0.0726
54.553,0.2562,-0.2326,0.3340,-0.2244,0.3684,0.0519,0.8274,0.1716,8.2215,-0.0726
54.567,0.2562,-0.2326,0.3340,-0.2339,0.3732,0.0577,0.8274,0.1621,8.2315,-0.0727
54.567,0.2773,-0.2266,0.3340,-0.2156,0.3732,0.0577,0.8334,0.1804,8.2315,-0.0727
54.569,0.2642,-0.2266,0.3319,-0.2156,0.3634,0.0577,0.8334,0.1804,8.2315,-0.0727
54.571,0.2642,-0.2236,0.3325,-0.2156,0.3634,0.0600,0.8364,0.1804,8.2315,-0.0727
54.650,0.2642,-0.2236,0.3325,-0.2250,0.3681,0.0660,0.8364,0.1710,8.2415,-0.0728
54.651,0.2839,-0.2176,0.3325,-0.2076,0.3681,0.0660,0.8424,0.1884,8.2415,-0.0728
54.652,0.2705,-0.2176,0.3297,-0.2076,0.3578,0.0660,0.8424,0.1884,8.2415,-0.0728
54.653,0.2705,-0.2147,0.3301,-0.2076,0.3578,0.0681,0.8453,0.1884,8.2415,-0.0728
54.719,0.2705,-0.2147,0.3301,-0.2170,0.3625,0.0741,0.8453,0.1790,8.2515,-0.0730
54.720,0.2874,-0.2099,0.3301,-0.2022,0.3625,0.0741,0.8501,0.1938,8.2515,-0.0730
54.721,0.2730,-0.2099,0.3260,-0.2022,0.3510,0.0741,0.8501,0.1938,8.2515,-0.0730
54.722,0.2730,-0.2081,0.3267,-0.2022,0.3510,0.0756,0.8519,0.1938,8.2515,-0.0730
54.804,0.2730,-0.2081,0.3267,-0.2114,0.3557,0.0815,0.8519,0.1846,8.2613,-0.0732
54.807,0.2877,-0.2043,0.3267,-0.1986,0.3557,0.0815,0.8557,0.1974,8.2613,-0.0732
54.809,0.2714,-0.2043,0.3204,-0.1986,0.3419,0.0815,0.8557,0.1974,8.2613,-0.0732
54.810,0.2714,-0.2028,0.3220,-0.1986,0.3419,0.0833,0.8572,0.1974,8.2613,-0.0732
54.889,0.2714,-0.2028,0.3220,-0.2077,0.3466,0.0893,0.8572,0.1883,8.2711,-0.0734
54.890,0.2865,-0.1976,0.3220,-0.1939,0.3466,0.0893,0.8624,0.2021,8.2711,-0.0734
54.892,0.2680,-0.1976,0.3136,-0.1939,0.3304,0.0893,0.8624,0.2021,8.2711,-0.0734
54.894,0.2680,-0.1950,0.3170,-0.1939,0.3304,0.0928,0.8650,0.2021,8.2711,-0.0734
54.975,0.2680,-0.1950,0.3170,-0.2030,0.3351,0.0989,0.8650,0.1930,8.2810,-0.0735
54.977,0.2862,-0.1861,0.3170,-0.1853,0.3351,0.0989,0.8739,0.2107,8.2810,-0.0735
54.979,0.2665,-0.1861,0.3074,-0.1853,0.3176,0.0989,0.8739,0.2107,8.2810,-0.0735
54.981,0.2665,-0.1823,0.3137,-0.1853,0.3176,0.1048,0.8777,0.2107,8.2810,-0.0735
55.061,0.2665,-0.1823,0.3137,-0.1944,0.3222,0.1111,0.8777,0.2016,8.2910,-0.0736
55.063,0.2868,-0.1702,0.3137,-0.1737,0.3222,0.1111,0.8898,0.2223,8.2910,-0.0736
55.065,0.2676,-0.1702,0.3043,-0.1737,0.3051,0.1111,0.8898,0.2223,8.2910,-0.0736
55.066,0.2676,-0.1673,0.3134,-0.1737,0.3051,0.1180,0.8927,0.2223,8.2910,-0.0736
55.166,0.2676,-0.1673,0.3134,-0.1737,0.3051,0.1180,0.8927,0.2223,8.2910,-0.0736
55.177,0.2676,-0.1673,0.3134,-0.1828,0.3097,0.1243,0.8927,0.2132,8.3010,-0.0737
55.178,0.2865,-0.1554,0.3134,-0.1632,0.3097,0.1243,0.9046,0.2328,8.3010,-0.0737
55.179,0.2685,-0.1554,0.3048,-0.1632,0.2937,0.1243,0.9046,0.2328,8.3010,-0.0737
55.180,0.2685,-0.1555,0.3157,-0.1632,0.2937,0.1304,0.9045,0.2328,8.3010,-0.0737
55.264,0.2685,-0.1555,0.3157,-0.1722,0.2983,0.1366,0.9045,0.2238,8.3109,-0.0739
55.265,0.2845,-0.1459,0.3157,-0.1558,0.2983,0.1366,0.9141,0.2402,8.3109,-0.0739
55.267,0.2673,-0.1459,0.3074,-0.1558,0.2830,0.1366,0.9141,0.2402,8.3109,-0.0739
55.268,0.2673,-0.1486,0.3192,-0.1558,0.2830,0.1415,0.9114,0.2402,8.3109,-0.0739
55.369,0.2673,-0.1486,0.3192,-0.1558,0.2830,0.1415,0.9114,0.2402,8.3109,-0.0739
55.376,0.2673,-0.1486,0.3192,-0.1647,0.2876,0.1475,0.9114,0.2313,8.3208,-0.0741
55.376,0.2821,-0.1399,0.3192,-0.1496,0.2876,0.1475,0.9201,0.2464,8.3208,-0.0741
55.376,0.2645,-0.1399,0.3103,-0.1496,0.2718,0.1475,0.9201,0.2464,8.3208,-0.0741
55.377,0.2645,-0.1420,0.3215,-0.1496,0.2718,0.1525,0.9180,0.2464,8.3208,-0.0741
55.468,0.2645,-0.1420,0.3215,-0.1585,0.2764,0.1585,0.9180,0.2375,8.3306,-0.0743
55.469,0.2810,-0.1312,0.3215,-0.1412,0.2764,0.1585,0.9288,0.2548,8.3306,-0.0743
55.470,0.2625,-0.1312,0.3114,-0.1412,0.2595,0.1585,0.9288,0.2548,8.3306,-0.0743
55.471,0.2625,-0.1306,0.3222,-0.1412,0.2595,0.1650,0.9294,0.2548,8.3306,-0.0743
55.569,0.2625,-0.1306,0.3222,-0.1501,0.2641,0.1711,0.9294,0.2459,8.3405,-0.0744
55.570,0.2816,-0.1164,0.3222,-0.1294,0.2641,0.1711,0.9436,0.2666,8.3405,-0.0744
55.570,0.2629,-0.1164,0.3116,-0.1294,0.2468,0.1711,0.9436,0.2666,8.3405,-0.0744
55.571,0.2629,-0.1145,0.3239,-0.1294,0.2468,0.1793,0.9455,0.2666,8.3405,-0.0744
55.661,0.2629,-0.1145,0.3239,-0.1383,0.2514,0.1855,0.9455,0.2577,8.3505,-0.0745
55.663,0.2820,-0.0995,0.3239,-0.1173,0.2514,0.1855,0.9605,0.2787,8.3505,-0.0745
55.665,0.2640,-0.0995,0.3137,-0.1173,0.2347,0.1855,0.9605,0.2787,8.3505,-0.0745
55.668,0.2640,-0.0996,0.3290,-0.1173,0.2347,0.1943,0.9604,0.2787,8.3505,-0.0745
55.768,0.2640,-0.0996,0.3290,-0.1173,0.2347,0.1943,0.9604,0.2787,8.3505,-0.0745
55.769,0.2640,-0.0996,0.3290,-0.1261,0.2393,0.2004,0.9604,0.2699,8.3605,-0.0746
55.771,0.2809,-0.0864,0.3290,-0.1076,0.2393,0.2004,0.9736,0.2884,8.3605,-0.0746
55.776,0.2637,-0.0864,0.3190,-0.1076,0.2233,0.2004,0.9736,0.2884,8.3605,-0.0746
55.778,0.2637,-0.0897,0.3363,-0.1076,0.2233,0.2085,0.9703,0.2884,8.3605,-0.0746
55.877,0.2637,-0.0897,0.3363,-0.1164,0.2279,0.2143,0.9703,0.2796,8.3704,-0.0747
55.878,0.2789,-0.0778,0.3363,-0.0997,0.2279,0.2143,0.9822,0.2963,8.3704,-0.0747
55.881,0.2622,-0.0778,0.3259,-0.0997,0.2120,0.2143,0.9822,0.2963,8.3704,-0.0747
55.884,0.2622,-0.0820,0.3423,-0.0997,0.2120,0.2216,0.9780,0.2963,8.3704,-0.0747
55.984,0.2622,-0.0820,0.3423,-0.0997,0.2120,0.2216,0.9780,0.2963,8.3704,-0.0747
55.985,0.2622,-0.0820,0.3423,-0.1084,0.2167,0.2273,0.9780,0.2876,8.3802,-0.0749
55.987,0.2774,-0.0696,0.3423,-0.0914,0.2167,0.2273,0.9904,0.3046,8.3802,-0.0749
55.989,0.2607,-0.0696,0.3309,-0.0914,0.2005,0.2273,0.9904,0.3046,8.3802,-0.0749
55.994,0.2607,-0.0723,0.3456,-0.0914,0.2005,0.2345,0.9877,0.3046,8.3802,-0.0749
56.068,0.2607,-0.0723,0.3456,-0.1001,0.2051,0.2402,0.9877,0.2959,8.3901,-0.0751
56.069,0.2763,-0.0584,0.3456,-0.0824,0.2051,0.2402,1.0016,0.3136,8.3901,-0.0751
56.070,0.2596,-0.0584,0.3332,-0.0824,0.1886,0.2402,1.0016,0.3136,8.3901,-0.0751
56.071,0.2596,-0.0592,0.3468,-0.0824,0.1886,0.2479,1.0008,0.3136,8.3901,-0.0751
56.172,0.2596,-0.0592,0.3468,-0.0912,0.1933,0.2537,1.0008,0.3048,8.4000,-0.0752
56.174,0.2747,-0.0445,0.3468,-0.0736,0.1933,0.2537,1.0155,0.3224,8.4000,-0.0752
56.176,0.2581,-0.0445,0.3337,-0.0736,0.1766,0.2537,1.0155,0.3224,8.4000,-0.0752
56.178,0.2581,-0.0443,0.3467,-0.0736,0.1766,0.2617,1.0157,0.3224,8.4000,-0.0752
56.266,0.2581,-0.0443,0.3467,-0.0824,0.1813,0.2675,1.0157,0.3136,8.4100,-0.0753
56.268,0.2714,-0.0300,0.3467,-0.0665,0.1813,0.2675,1.0300,0.3295,8.4100,-0.0753
56.270,0.2550,-0.0300,0.3336,-0.0665,0.1648,0.2675,1.0300,0.3295,8.4100,-0.0753
56.272,0.2550,-0.0303,0.3467,-0.0665,0.1648,0.2752,1.0297,0.3295,8.4100,-0.0753
56.359,0.2550,-0.0303,0.3467,-0.0753,0.1696,0.2809,1.0297,0.3207,8.4200,-0.0754
56.360,0.2665,-0.0163,0.3467,-0.0610,0.1696,0.2809,1.0437,0.3350,8.4200,-0.0754
56.361,0.2503,-0.0163,0.3335,-0.0610,0.1530,0.2809,1.0437,0.3350,8.4200,-0.0754
56.363,0.2503,-0.0185,0.3473,-0.0610,0.1530,0.2881,1.0415,0.3350,8.4200,-0.0754
56.451,0.2503,-0.0185,0.3473,-0.0697,0.1580,0.2936,1.0415,0.3263,8.4298,-0.0756
56.465,0.2606,-0.0040,0.3473,-0.0563,0.1580,0.2936,1.0560,0.3397,8.4298,-0.0756
56.467,0.2445,-0.0040,0.3337,-0.0563,0.1413,0.2936,1.0560,0.3397,8.4298,-0.0756
56.468,0.2445,-0.0080,0.3479,-0.0563,0.1413,0.3001,1.0520,0.3397,8.4298,-0.0756
56.567,0.2445,-0.0080,0.3479,-0.0651,0.1463,0.3055,1.0520,0.3309,8.4396,-0.0758
56.568,0.2541,0.0074,0.3479,-0.0520,0.1463,0.3055,1.0674,0.3440,8.4396,-0.0758
56.569,0.2384,0.0074,0.3338,-0.0520,0.1298,0.3055,1.0674,0.3440,8.4396,-0.0758
56.569,0.2384,0.0028,0.3473,-0.0520,0.1298,0.3113,1.0628,0.3440,8.4396,-0.0758
56.664,0.2384,0.0028,0.3473,-0.0608,0.1348,0.3167,1.0628,0.3352,8.4495,-0.0759
56.666,0.2474,0.0187,0.3473,-0.0480,0.1348,0.3167,1.0787,0.3480,8.4495,-0.0759
56.668,0.2322,0.0187,0.3328,-0.0480,0.1185,0.3167,1.0787,0.3480,8.4495,-0.0759
56.670,0.2322,0.0146,0.3450,-0.0480,0.1185,0.3220,1.0746,0.3480,8.4495,-0.0759
56.765,0.2322,0.0146,0.3450,-0.0569,0.1237,0.3275,1.0746,0.3391,8.4595,-0.0760
56.765,0.2403,0.0305,0.3450,-0.0450,0.1237,0.3275,1.0905,0.3510,8.4595,-0.0760
56.766,0.2255,0.0305,0.3304,-0.0450,0.1076,0.3275,1.0905,0.3510,8.4595,-0.0760
56.767,0.2255,0.0264,0.3422,-0.0450,0.1076,0.3324,1.0864,0.3510,8.4595,-0.0760
56.863,0.2255,0.0264,0.3422,-0.0539,0.1128,0.3379,1.0864,0.3421,8.4695,-0.0761
56.863,0.2323,0.0422,0.3422,-0.0431,0.1128,0.3379,1.1022,0.3529,8.4695,-0.0761
56.863,0.2176,0.0422,0.3275,-0.0431,0.0968,0.3379,1.1022,0.3529,8.4695,-0.0761
56.863,0.2176,0.0368,0.3405,-0.0431,0.0968,0.3428,1.0968,0.3529,8.4695,-0.0761
56.957,0.2176,0.0368,0.3405,-0.0521,0.1022,0.3481,1.0968,0.3439,8.4794,-0.0763
56.959,0.2231,0.0528,0.3405,-0.0424,0.1022,0.3481,1.1128,0.3536,8.4794,-0.0763
56.959,0.2083,0.0528,0.3258,-0.0424,0.0861,0.3481,1.1128,0.3536,8.4794,-0.0763
56.960,0.2083,0.0460,0.3399,-0.0424,0.0861,0.3531,1.1060,0.3536,8.4794,-0.0763
57.056,0.2083,0.0460,0.3399,-0.0513,0.0916,0.3582,1.1060,0.3447,8.4893,-0.0765
57.066,0.2127,0.0620,0.3399,-0.0426,0.0916,0.3582,1.1220,0.3534,8.4893,-0.0765
57.066,0.1979,0.0620,0.3251,-0.0426,0.0754,0.3582,1.1220,0.3534,8.4893,-0.0765
57.067,0.1979,0.0548,0.3393,-0.0426,0.0754,0.3629,1.1148,0.3534,8.4893,-0.0765
57.167,0.1979,0.0548,0.3393,-0.0515,0.0809,0.3680,1.1148,0.3445,8.4991,-0.0766
57.168,0.2016,0.0708,0.3393,-0.0434,0.0809,0.3680,1.1308,0.3526,8.4991,-0.0766
57.169,0.1868,0.0708,0.3243,-0.0434,0.0646,0.3680,1.1308,0.3526,8.4991,-0.0766
57.170,0.1868,0.0640,0.3371,-0.0434,0.0646,0.3721,1.1240,0.3526,8.4991,-0.0766
57.256,0.1868,0.0640,0.3371,-0.0524,0.0702,0.3772,1.1240,0.3436,8.5090,-0.0768
57.258,0.1899,0.0799,0.3371,-0.0449,0.0702,0.3772,1.1399,0.3511,8.5090,-0.0768
57.259,0.1753,0.0799,0.3222,-0.0449,0.0541,0.3772,1.1399,0.3511,8.5090,-0.0768
57.261,0.1753,0.0734,0.3336,-0.0449,0.0541,0.3806,1.1334,0.3511,8.5090,-0.0768
57.363,0.1753,0.0734,0.3336,-0.0449,0.0541,0.3806,1.1334,0.3511,8.5090,-0.0768
57.366,0.1753,0.0734,0.3336,-0.0540,0.0599,0.3857,1.1334,0.3420,8.5190,-0.0768
57.367,0.1776,0.0891,0.3336,-0.0472,0.0599,0.3857,1.1491,0.3488,8.5190,-0.0768
57.368,0.1634,0.0891,0.3191,-0.0472,0.0442,0.3857,1.1491,0.3488,8.5190,-0.0768
57.368,0.1634,0.0822,0.3299,-0.0472,0.0442,0.3886,1.1422,0.3488,8.5190,-0.0768
57.463,0.1634,0.0822,0.3299,-0.0564,0.0501,0.3936,1.1422,0.3396,8.5290,-0.0769
57.464,0.1650,0.0977,0.3299,-0.0503,0.0501,0.3936,1.1577,0.3457,8.5290,-0.0769
57.465,0.1514,0.0977,0.3166,-0.0503,0.0353,0.3936,1.1577,0.3457,8.5290,-0.0769
57.465,0.1514,0.0901,0.3273,-0.0503,0.0353,0.3959,1.1501,0.3457,8.5290,-0.0769
57.561,0.1514,0.0901,0.3273,-0.0595,0.0412,0.4007,1.1501,0.3365,8.5389,-0.0771
57.562,0.1525,0.1053,0.3273,-0.0539,0.0412,0.4007,1.1653,0.3421,8.5389,-0.0771
57.563,0.1393,0.1053,0.3159,-0.0539,0.0273,0.4007,1.1653,0.3421,8.5389,-0.0771
57.563,0.1393,0.0969,0.3265,-0.0539,0.0273,0.4026,1.1569,0.3421,8.5389,-0.0771
57.656,0.1393,0.0969,0.3265,-0.0631,0.0333,0.4073,1.1569,0.3329,8.5488,-0.0773
57.657,0.1402,0.1120,0.3265,-0.0577,0.0333,0.4073,1.1720,0.3383,8.5488,-0.0773
57.658,0.1265,0.1120,0.3170,-0.0577,0.0195,0.4073,1.1720,0.3383,8.5488,-0.0773
57.659,0.1265,0.1032,0.3269,-0.0577,0.0195,0.4085,1.1632,0.3383,8.5488,-0.0773
57.755,0.1265,0.1032,0.3269,-0.0670,0.0256,0.4132,1.1632,0.3290,8.5586,-0.0775
57.758,0.1273,0.1182,0.3269,-0.0615,0.0256,0.4132,1.1782,0.3345,8.5586,-0.0775
57.760,0.1117,0.1182,0.3193,-0.0615,0.0108,0.4132,1.1717,0.3345,8.5586,-0.0775
57.762,0.1117,0.1095,0.3275,-0.0615,0.0108,0.4135,1.1695,0.3345,8.5586,-0.0775
57.861,0.1117,0.1095,0.3275,-0.0709,0.0169,0.4182,1.1695,0.3251,8.5686,-0.0776
57.862,0.1124,0.1246,0.3275,-0.0654,0.0169,0.4182,1.1724,0.3306,8.5686,-0.0776
57.864,0.0955,0.1246,0.3219,-0.0654,0.0019,0.4182,1.1555,0.3306,8.5686,-0.0776
57.867,0.0955,0.1159,0.3284,-0.0654,0.0019,0.4175,1.1555,0.3306,8.5686,-0.0776
57.967,0.0955,0.1159,0.3284,-0.0749,0.0080,0.4222,1.1555,0.3211,8.5786,-0.0776
57.967,0.0958,0.1310,0.3284,-0.0697,0.0080,0.4222,1.1558,0.3263,8.5786,-0.0776
57.968,0.0803,0.1310,0.3247,-0.0697,-0.0052,0.4222,1.1403,0.3263,8.5786,-0.0776
57.968,0.0803,0.1217,0.3303,-0.0697,-0.0052,0.4207,1.1403,0.3263,8.5786,-0.0776
58.055,0.0803,0.1217,0.3303,-0.0792,0.0009,0.4252,1.1403,0.3168,8.5885,-0.0778
58.055,0.0801,0.1368,0.3303,-0.0743,0.0009,0.4252,1.1401,0.3217,8.5885,-0.0778
58.056,0.0665,0.1368,0.3279,-0.0743,-0.0104,0.4252,1.1265,0.3217,8.5885,-0.0778
58.058,0.0665,0.1263,0.3335,-0.0743,-0.0104,0.4231,1.1265,0.3217,8.5885,-0.0778
58.162,0.0665,0.1263,0.3335,-0.0743,-0.0104,0.4231,1.1265,0.3217,8.5885,-0.0778
58.166,0.0665,0.1263,0.3335,-0.0838,-0.0043,0.4275,1.1265,0.3122,8.5984,-0.0780
58.167,0.0657,0.1414,0.3335,-0.0792,-0.0043,0.4275,1.1257,0.3168,8.5984,-0.0780
58.168,0.0528,0.1414,0.3329,-0.0792,-0.0143,0.4275,1.1128,0.3168,8.5984,-0.0780
58.168,0.0528,0.1299,0.3381,-0.0792,-0.0143,0.4246,1.1128,0.3168,8.5984,-0.0780
58.270,0.0528,0.1299,0.3381,-0.0792,-0.0143,0.4246,1.1128,0.3168,8.5984,-0.0780
58.283,0.0528,0.1299,0.3381,-0.0887,-0.0083,0.4289,1.1128,0.3073,8.6082,-0.0782
58.287,0.0519,0.1451,0.3381,-0.0840,-0.0083,0.4289,1.1119,0.3120,8.6082,-0.0782
58.287,0.0389,0.1451,0.3406,-0.0840,-0.0172,0.4289,1.0989,0.3120,8.6082,-0.0782
58.288,0.0389,0.1329,0.3442,-0.0840,-0.0172,0.4247,1.0989,0.3120,8.6082,-0.0782
58.383,0.0389,0.1329,0.3442,-0.0936,-0.0113,0.4291,1.0989,0.3024,8.6181,-0.0783
58.384,0.0380,0.1484,0.3442,-0.0886,-0.0113,0.4291,1.0980,0.3074,8.6181,-0.0783
58.384,0.0253,0.1484,0.3491,-0.0886,-0.0188,0.4291,1.0853,0.3074,8.6181,-0.0783
58.384,0.0253,0.1359,0.3502,-0.0886,-0.0188,0.4233,1.0853,0.3074,8.6181,-0.0783
58.466,0.0253,0.1359,0.3502,-0.0983,-0.0130,0.4276,1.0853,0.2977,8.6281,-0.0784
58.467,0.0246,0.1516,0.3502,-0.0928,-0.0130,0.4276,1.0846,0.3032,8.6281,-0.0784
58.468,0.0127,0.1516,0.3561,-0.0928,-0.0193,0.4276,1.0727,0.3032,8.6281,-0.0784
58.469,0.0127,0.1387,0.3551,-0.0928,-0.0193,0.4203,1.0727,0.3032,8.6281,-0.0784
58.555,0.0127,0.1387,0.3551,-0.1026,-0.0135,0.4247,1.0727,0.2934,8.6381,-0.0785
58.555,0.0121,0.1547,0.3551,-0.0967,-0.0135,0.4247,1.0721,0.2993,8.6381,-0.0785
58.556,0.0011,0.1547,0.3613,-0.0967,-0.0188,0.4247,1.0611,0.2993,8.6381,-0.0785
58.557,0.0011,0.1411,0.3591,-0.0967,-0.0188,0.4164,1.0611,0.2993,8.6381,-0.0785
58.657,0.0011,0.1411,0.3591,-0.0967,-0.0188,0.4164,1.0611,0.2993,8.6381,-0.0785
58.661,0.0011,0.1411,0.3591,-0.1064,-0.0131,0.4206,1.0611,0.2896,8.6480,-0.0786
58.663,0.0005,0.1573,0.3591,-0.1003,-0.0131,0.4206,1.0605,0.2957,8.6480,-0.0786
58.664,-0.0098,0.1573,0.3655,-0.1003,-0.0177,0.4206,1.0502,0.2957,8.6480,-0.0786
58.666,-0.0098,0.1431,0.3625,-0.1003,-0.0177,0.4116,1.0502,0.2957,8.6480,-0.0786
58.761,-0.0098,0.1431,0.3625,-0.1100,-0.0120,0.4157,1.0502,0.2860,8.6578,-0.0788
58.761,-0.0104,0.1594,0.3625,-0.1035,-0.0120,0.4157,1.0496,0.2925,8.6578,-0.0788
58.762,-0.0197,0.1594,0.3695,-0.1035,-0.0154,0.4157,1.0403,0.2925,8.6578,-0.0788
58.762,-0.0197,0.1446,0.3655,-0.1035,-0.0154,0.4058,1.0403,0.2925,8.6578,-0.0788
58.852,-0.0197,0.1446,0.3655,-0.1132,-0.0099,0.4099,1.0403,0.2828,8.6677,-0.0790
58.852,-0.0203,0.1610,0.3655,-0.1065,-0.0099,0.4099,1.0397,0.2895,8.6677,-0.0790
58.853,-0.0281,0.1610,0.3732,-0.1065,-0.0118,0.4099,1.0319,0.2895,8.6677,-0.0790
58.853,-0.0281,0.1459,0.3677,-0.1065,-0.0118,0.3989,1.0319,0.2895,8.6677,-0.0790
58.955,-0.0281,0.1459,0.3677,-0.1163,-0.0063,0.4031,1.0319,0.2797,8.6776,-0.0791
58.955,-0.0288,0.1625,0.3677,-0.1093,-0.0063,0.4031,1.0312,0.2867,8.6776,-0.0791
58.956,-0.0348,0.1625,0.3761,-0.1093,-0.0065,0.4031,1.0252,0.2867,8.6776,-0.0791
58.956,-0.0348,0.1472,0.3689,-0.1093,-0.0065,0.3910,1.0252,0.2867,8.6776,-0.0791
58.956,-0.0348,0.1472,0.3689,-0.1093,-0.0065,0.3910,1.0252,0.2867,8.6776,-0.0791
59.066,-0.0348,0.1472,0.3689,-0.1192,-0.0011,0.3952,1.0252,0.2768,8.6876,-0.0792
59.066,-0.0356,0.1638,0.3689,-0.1119,-0.0011,0.3952,1.0244,0.2841,8.6876,-0.0792
59.066,-0.0405,0.1638,0.3777,-0.1119,-0.0003,0.3952,1.0195,0.2841,8.6876,-0.0792
59.066,-0.0405,0.1484,0.3690,-0.1119,-0.0003,0.3822,1.0195,0.2841,8.6876,-0.0792
59.067,-0.0405,0.1484,0.3690,-0.1119,-0.0003,0.3822,1.0195,0.2841,8.6876,-0.0792
59.160,-0.0405,0.1484,0.3690,-0.1218,0.0051,0.3864,1.0195,0.2742,8.6976,-0.0793
59.162,-0.0412,0.1651,0.3690,-0.1142,0.0051,0.3864,1.0188,0.2818,8.6976,-0.0793
59.163,-0.0460,0.1651,0.3777,-0.1142,0.0060,0.3864,1.0140,0.2818,8.6976,-0.0793
59.165,-0.0460,0.1496,0.3680,-0.1142,0.0060,0.3728,1.0140,0.2818,8.6976,-0.0793
59.257,-0.0460,0.1496,0.3680,-0.1240,0.0113,0.3769,1.0140,0.2720,8.7075,-0.0795
59.259,-0.0464,0.1664,0.3680,-0.1159,0.0113,0.3769,1.0136,0.2801,8.7075,-0.0795
59.260,-0.0516,0.1664,0.3765,-0.1159,0.0121,0.3769,1.0084,0.2801,8.7075,-0.0795
59.261,-0.0516,0.1507,0.3664,-0.1159,0.0121,0.3629,1.0084,0.2801,8.7075,-0.0795
59.362,-0.0516,0.1507,0.3664,-0.1159,0.0121,0.3629,1.0084,0.2801,8.7075,-0.0795
59.369,-0.0516,0.1507,0.3664,-0.1257,0.0174,0.3670,1.0084,0.2703,8.7173,-0.0796
59.370,-0.0515,0.1674,0.3664,-0.1170,0.0174,0.3670,1.0085,0.2790,8.7173,-0.0796
59.370,-0.0569,0.1674,0.3750,-0.1170,0.0182,0.3670,1.0031,0.2790,8.7173,-0.0796
59.372,-0.0569,0.1516,0.3644,-0.1170,0.0182,0.3526,1.0031,0.2790,8.7173,-0.0796
59.458,-0.0569,0.1516,0.3644,-0.1268,0.0234,0.3567,1.0031,0.2692,8.7272,-0.0798
59.460,-0.0562,0.1685,0.3644,-0.1173,0.0234,0.3567,1.0038,0.2787,8.7272,-0.0798
59.463,-0.0616,0.1685,0.3736,-0.1173,0.0246,0.3567,0.9984,0.2787,8.7272,-0.0798
59.475,-0.0616,0.1526,0.3623,-0.1173,0.0246,0.3419,0.9984,0.2787,8.7272,-0.0798
59.576,-0.0616,0.1526,0.3623,-0.1173,0.0246,0.3419,0.9984,0.2787,8.7272,-0.0798
59.597,-0.0616,0.1526,0.3623,-0.1273,0.0297,0.3462,0.9984,0.2687,8.7372,-0.0799
59.600,-0.0599,0.1700,0.3623,-0.1166,0.0297,0.3462,1.0001,0.2794,8.7372,-0.0799
59.600,-0.0652,0.1700,0.3723,-0.1166,0.0315,0.3462,0.9948,0.2794,8.7372,-0.0799
59.601,-0.0652,0.1543,0.3604,-0.1166,0.0315,0.3312,0.9948,0.2794,8.7372,-0.0799
59.701,-0.0652,0.1543,0.3604,-0.1166,0.0315,0.3312,0.9948,0.2794,8.7372,-0.0799
59.710,-0.0652,0.1543,0.3604,-0.1266,0.0366,0.3355,0.9948,0.2694,8.7472,-0.0800
59.710,-0.0619,0.1720,0.3604,-0.1143,0.0366,0.3355,0.9981,0.2817,8.7472,-0.0800
59.711,-0.0673,0.1720,0.3709,-0.1143,0.0388,0.3355,0.9927,0.2817,8.7472,-0.0800
59.711,-0.0673,0.1566,0.3586,-0.1143,0.0388,0.3204,0.9927,0.2817,8.7472,-0.0800
59.812,-0.0673,0.1566,0.3586,-0.1143,0.0388,0.3204,0.9927,0.2817,8.7472,-0.0800
59.821,-0.0673,0.1566,0.3586,-0.1242,0.0438,0.3246,0.9927,0.2718,8.7571,-0.0801
59.822,-0.0618,0.1746,0.3586,-0.1102,0.0438,0.3246,0.9982,0.2858,8.7571,-0.0801
59.824,-0.0674,0.1746,0.3692,-0.1102,0.0460,0.3246,0.9926,0.2858,8.7571,-0.0801
59.825,-0.0674,0.1594,0.3567,-0.1102,0.0460,0.3095,0.9926,0.2858,8.7571,-0.0801
59.926,-0.0674,0.1594,0.3567,-0.1102,0.0460,0.3095,0.9926,0.2858,8.7571,-0.0801
59.935,-0.0674,0.1594,0.3567,-0.1200,0.0509,0.3137,0.9926,0.2760,8.7670,-0.0803
59.936,-0.0600,0.1773,0.3567,-0.1047,0.0509,0.3137,1.0000,0.2913,8.7670,-0.0803
59.937,-0.0659,0.1773,0.3671,-0.1047,0.0530,0.3137,0.9941,0.2913,8.7670,-0.0803
59.938,-0.0659,0.1621,0.3543,-0.1047,0.0530,0.2985,0.9941,0.2913,8.7670,-0.0803
60.032,-0.0659,0.1621,0.3543,-0.1145,0.0578,0.3028,0.9941,0.2815,8.7768,-0.0805
60.033,-0.0572,0.1798,0.3543,-0.0983,0.0578,0.3028,1.0028,0.2977,8.7768,-0.0805
60.035,-0.0634,0.1798,0.3645,-0.0983,0.0598,0.3028,0.9966,0.2977,8.7768,-0.0805
60.036,-0.0634,0.1647,0.3513,-0.0983,0.0598,0.2873,0.9966,0.2977,8.7768,-0.0805
60.129,-0.0634,0.1647,0.3513,-0.1082,0.0645,0.2917,0.9966,0.2878,8.7867,-0.0806
60.130,-0.0535,0.1824,0.3513,-0.0912,0.0645,0.2917,1.0065,0.3048,8.7867,-0.0806
60.131,-0.0597,0.1824,0.3609,-0.0912,0.0663,0.2917,1.0003,0.3048,8.7867,-0.0806
60.131,-0.0597,0.1674,0.3471,-0.0912,0.0663,0.2758,1.0003,0.3048,8.7867,-0.0806
60.202,-0.0597,0.1674,0.3471,-0.1012,0.0710,0.2804,1.0003,0.2948,8.7967,-0.0807
60.203,-0.0488,0.1853,0.3471,-0.0834,0.0710,0.2804,1.0112,0.3126,8.7967,-0.0807
60.204,-0.0547,0.1853,0.3560,-0.0834,0.0726,0.2804,1.0053,0.3126,8.7967,-0.0807
60.205,-0.0547,0.1703,0.3416,-0.0834,0.0726,0.2643,1.0053,0.3126,8.7967,-0.0807
60.271,-0.0547,0.1703,0.3416,-0.0933,0.0772,0.2689,1.0053,0.3027,8.8067,-0.0808
60.272,-0.0424,0.1884,0.3416,-0.0745,0.0772,0.2689,1.0176,0.3215,8.8067,-0.0808
60.273,-0.0484,0.1884,0.3497,-0.0745,0.0783,0.2689,1.0116,0.3215,8.8067,-0.0808
60.275,-0.0484,0.1734,0.3349,-0.0745,0.0783,0.2526,1.0116,0.3215,8.8067,-0.0808
60.361,-0.0484,0.1734,0.3349,-0.0844,0.0829,0.2572,1.0116,0.3116,8.8166,-0.0810
60.363,-0.0345,0.1917,0.3349,-0.0646,0.0829,0.2572,1.0255,0.3314,8.8166,-0.0810
60.366,-0.0409,0.1917,0.3418,-0.0646,0.0832,0.2572,1.0191,0.3314,8.8166,-0.0810
60.368,-0.0409,0.1767,0.3267,-0.0646,0.0832,0.2407,1.0191,0.3314,8.8166,-0.0810
60.468,-0.0409,0.1767,0.3267,-0.0646,0.0832,0.2407,1.0191,0.3314,8.8166,-0.0810
60.479,-0.0409,0.1767,0.3267,-0.0744,0.0877,0.2453,1.0191,0.3216,8.8264,-0.0812
60.481,-0.0261,0.1946,0.3267,-0.0544,0.0877,0.2453,1.0339,0.3416,8.8264,-0.0812
60.484,-0.0330,0.1946,0.3319,-0.0544,0.0868,0.2453,1.0270,0.3416,8.8264,-0.0812
60.487,-0.0330,0.1797,0.3166,-0.0544,0.0868,0.2287,1.0270,0.3416,8.8264,-0.0812
60.588,-0.0330,0.1797,0.3166,-0.0544,0.0868,0.2287,1.0270,0.3416,8.8264,-0.0812
60.592,-0.0330,0.1797,0.3166,-0.0642,0.0913,0.2334,1.0270,0.3318,8.8363,-0.0813
60.594,-0.0177,0.1968,0.3166,-0.0444,0.0913,0.2334,1.0423,0.3516,8.8363,-0.0813
60.596,-0.0257,0.1968,0.3196,-0.0444,0.0885,0.2334,1.0343,0.3516,8.8363,-0.0813
60.598,-0.0257,0.1819,0.3040,-0.0444,0.0885,0.2167,1.0343,0.3516,8.8363,-0.0813
60.698,-0.0257,0.1819,0.3040,-0.0444,0.0885,0.2167,1.0343,0.3516,8.8363,-0.0813
60.705,-0.0257,0.1819,0.3040,-0.0543,0.0930,0.2215,1.0343,0.3417,8.8463,-0.0815
60.706,-0.0100,0.1985,0.3040,-0.0347,0.0930,0.2215,1.0500,0.3613,8.8463,-0.0815
60.709,-0.0198,0.1985,0.3044,-0.0347,0.0876,0.2215,1.0402,0.3613,8.8463,-0.0815
60.711,-0.0198,0.1835,0.2885,-0.0347,0.0876,0.2045,1.0402,0.3613,8.8463,-0.0815
60.806,-0.0198,0.1835,0.2885,-0.0447,0.0920,0.2095,1.0402,0.3513,8.8562,-0.0815
60.809,-0.0041,0.1997,0.2885,-0.0255,0.0920,0.2095,1.0559,0.3705,8.8562,-0.0815
60.811,-0.0154,0.1997,0.2867,-0.0255,0.0846,0.2095,1.0446,0.3705,8.8562,-0.0815
60.813,-0.0154,0.1846,0.2705,-0.0255,0.0846,0.1922,1.0446,0.3705,8.8562,-0.0815
60.909,-0.0154,0.1846,0.2705,-0.0354,0.0890,0.1972,1.0446,0.3606,8.8662,-0.0817
60.911,0.0000,0.2003,0.2705,-0.0167,0.0890,0.1972,1.0600,0.3793,8.8662,-0.0817
60.913,-0.0115,0.2003,0.2677,-0.0167,0.0808,0.1972,1.0485,0.3793,8.8662,-0.0817
60.915,-0.0115,0.1852,0.2513,-0.0167,0.0808,0.1798,1.0485,0.3793,8.8662,-0.0817
61.013,-0.0115,0.1852,0.2513,-0.0265,0.0853,0.1848,1.0485,0.3695,8.8761,-0.0818
61.015,0.0039,0.2000,0.2513,-0.0085,0.0853,0.1848,1.0639,0.3875,8.8761,-0.0818
61.017,-0.0075,0.2000,0.2471,-0.0085,0.0763,0.1848,1.0525,0.3875,8.8761,-0.0818
61.018,-0.0075,0.1848,0.2306,-0.0085,0.0763,0.1672,1.0525,0.3875,8.8761,-0.0818
61.115,-0.0075,0.1848,0.2306,-0.0183,0.0808,0.1723,1.0525,0.3777,8.8859,-0.0820
61.117,0.0085,0.1984,0.2306,-0.0010,0.0808,0.1723,1.0685,0.3950,8.8859,-0.0820
61.119,-0.0028,0.1984,0.2227,-0.0010,0.0695,0.1723,1.0572,0.3950,8.8859,-0.0820
61.121,-0.0028,0.1831,0.2061,-0.0010,0.0695,0.1546,1.0572,0.3950,8.8859,-0.0820
61.217,-0.0028,0.1831,0.2061,-0.0108,0.0741,0.1598,1.0572,0.3852,8.8958,-0.0821
61.220,0.0140,0.1953,0.2061,0.0060,0.0741,0.1598,1.0740,0.4020,8.8958,-0.0821
61.222,0.0038,0.1953,0.1941,0.0060,0.0611,0.1598,1.0638,0.4020,8.8958,-0.0821
61.227,0.0038,0.1798,0.1775,0.0060,0.0611,0.1419,1.0638,0.4020,8.8958,-0.0821
61.317,0.0038,0.1798,0.1775,-0.0039,0.0657,0.1473,1.0638,0.3921,8.9058,-0.0822
61.319,0.0212,0.1906,0.1775,0.0123,0.0657,0.1473,1.0812,0.4083,8.9058,-0.0822
61.321,0.0125,0.1906,0.1649,0.0123,0.0532,0.1473,1.0725,0.4083,8.9058,-0.0822
61.323,0.0125,0.1749,0.1482,0.0123,0.0532,0.1292,1.0725,0.4083,8.9058,-0.0822
61.408,0.0125,0.1749,0.1482,0.0023,0.0579,0.1347,1.0725,0.3983,8.9158,-0.0823
61.410,0.0299,0.1846,0.1482,0.0178,0.0579,0.1347,1.0899,0.4138,8.9158,-0.0823
61.412,0.0213,0.1846,0.1366,0.0178,0.0460,0.1347,1.0813,0.4138,8.9158,-0.0823
61.413,0.0213,0.1686,0.1201,0.0178,0.0460,0.1165,1.0813,0.4138,8.9158,-0.0823
61.498,0.0213,0.1686,0.1201,0.0078,0.0509,0.1220,1.0813,0.4038,8.9257,-0.0825
61.500,0.0387,0.1771,0.1201,0.0225,0.0509,0.1220,1.0987,0.4185,8.9257,-0.0825
61.502,0.0299,0.1771,0.1083,0.0225,0.0388,0.1220,1.0899,0.4185,8.9257,-0.0825
61.504,0.0299,0.1610,0.0920,0.0225,0.0388,0.1037,1.0899,0.4185,8.9257,-0.0825
61.601,0.0299,0.1610,0.0920,0.0127,0.0438,0.1092,1.0899,0.4087,8.9356,-0.0827
61.602,0.0475,0.1682,0.0920,0.0266,0.0438,0.1092,1.1075,0.4226,8.9356,-0.0827
61.604,0.0402,0.1682,0.0786,0.0266,0.0317,0.1092,1.1002,0.4226,8.9356,-0.0827
61.606,0.0402,0.1520,0.0628,0.0266,0.0317,0.0910,1.1002,0.4226,8.9356,-0.0827
61.702,0.0402,0.1520,0.0628,0.0168,0.0368,0.0966,1.1002,0.4128,8.9454,-0.0829
61.703,0.0574,0.1576,0.0628,0.0295,0.0368,0.0966,1.1174,0.4255,8.9454,-0.0829
61.705,0.0527,0.1576,0.0482,0.0295,0.0258,0.0966,1.1082,0.4219,8.9454,-0.0829
61.709,0.0527,0.1411,0.0332,0.0295,0.0258,0.0786,1.0932,0.4219,8.9454,-0.0829
61.809,0.0527,0.1411,0.0332,0.0295,0.0258,0.0786,1.0932,0.4219,8.9454,-0.0829
61.827,0.0527,0.1411,0.0332,0.0196,0.0311,0.0843,1.0932,0.4156,8.9553,-0.0830
61.833,0.0690,0.1454,0.0332,0.0311,0.0311,0.0843,1.0932,0.4271,8.9553,-0.0830
61.834,0.0659,0.1454,0.0191,0.0311,0.0216,0.0843,1.0791,0.4176,8.9553,-0.0830
61.835,0.0659,0.1287,0.0054,0.0311,0.0216,0.0666,1.0654,0.4176,8.9553,-0.0830
61.935,0.0659,0.1287,0.0054,0.0311,0.0216,0.0666,1.0654,0.4176,8.9553,-0.0830
61.953,0.0659,0.1287,0.0054,0.0211,0.0271,0.0724,1.0654,0.4171,8.9653,-0.0831
61.955,0.0814,0.1318,0.0054,0.0316,0.0271,0.0724,1.0654,0.4231,8.9653,-0.0831
61.958,0.0790,0.1318,-0.0076,0.0316,0.0187,0.0724,1.0524,0.4147,8.9653,-0.0831
61.959,0.0790,0.1146,-0.0193,0.0316,0.0187,0.0553,1.0407,0.4147,8.9653,-0.0831
62.060,0.0790,0.1146,-0.0193,0.0316,0.0187,0.0553,1.0407,0.4147,8.9653,-0.0831
62.076,0.0790,0.1146,-0.0193,0.0217,0.0244,0.0612,1.0407,0.4177,8.9752,-0.0832
62.077,0.0931,0.1159,-0.0193,0.0304,0.0244,0.0612,1.0407,0.4204,8.9752,-0.0832
62.079,0.0909,0.1159,-0.0317,0.0304,0.0166,0.0612,1.0283,0.4126,8.9752,-0.0832
62.081,0.0909,0.0983,-0.0404,0.0304,0.0166,0.0453,1.0196,0.4126,8.9752,-0.0832
62.176,0.0909,0.0983,-0.0404,0.0205,0.0224,0.0511,1.0196,0.4165,8.9852,-0.0834
62.178,0.1027,0.0968,-0.0404,0.0266,0.0224,0.0511,1.0196,0.4184,8.9852,-0.0834
62.180,0.1007,0.0968,-0.0528,0.0266,0.0150,0.0511,1.0072,0.4110,8.9852,-0.0834
62.183,0.1007,0.0791,-0.0585,0.0266,0.0150,0.0366,1.0015,0.4110,8.9852,-0.0834
62.264,0.1007,0.0791,-0.0585,0.0167,0.0209,0.0424,1.0015,0.4127,8.9950,-0.0835
62.266,0.1101,0.0753,-0.0585,0.0204,0.0209,0.0424,1.0015,0.4164,8.9950,-0.0835
62.268,0.1077,0.0753,-0.0710,0.0204,0.0134,0.0424,0.9890,0.4094,8.9950,-0.0835
62.270,0.1077,0.0580,-0.0750,0.0204,0.0134,0.0289,0.9850,0.4094,8.9950,-0.0835
62.355,0.1077,0.0580,-0.0750,0.0105,0.0195,0.0346,0.9850,0.4065,9.0049,-0.0837
62.356,0.1152,0.0528,-0.0750,0.0125,0.0195,0.0346,0.9850,0.4085,9.0049,-0.0837
62.358,0.1117,0.0528,-0.0879,0.0125,0.0112,0.0346,0.9721,0.4072,9.0049,-0.0837
62.360,0.1117,0.0360,-0.0908,0.0125,0.0112,0.0220,0.9692,0.4072,9.0049,-0.0837
62.438,0.1117,0.0360,-0.0908,0.0026,0.0175,0.0277,0.9692,0.3986,9.0148,-0.0838
62.439,0.1169,0.0294,-0.0908,0.0026,0.0175,0.0277,0.9692,0.3986,9.0148,-0.0838
62.441,0.1113,0.0294,-0.1044,0.0026,0.0076,0.0277,0.9556,0.3986,9.0148,-0.0838
62.442,0.1113,0.0124,-0.1056,0.0026,0.0076,0.0159,0.9544,0.3986,9.0148,-0.0838
62.515,0.1113,0.0124,-0.1056,-0.0073,0.0140,0.0217,0.9544,0.3887,9.0248,-0.0839
62.517,0.1130,0.0036,-0.1056,-0.0104,0.0140,0.0217,0.9544,0.3856,9.0248,-0.0839
62.519,0.1049,0.0036,-0.1200,-0.0104,0.0021,0.0217,0.9400,0.3856,9.0248,-0.0839
62.520,0.1049,-0.0138,-0.1188,-0.0104,0.0021,0.0108,0.9412,0.3856,9.0248,-0.0839
62.595,0.1049,-0.0138,-0.1188,-0.0203,0.0087,0.0164,0.9412,0.3757,9.0347,-0.0840
62.597,0.1033,-0.0246,-0.1188,-0.0263,0.0087,0.0164,0.9412,0.3697,9.0347,-0.0840
62.599,0.0928,-0.0246,-0.1334,-0.0263,-0.0049,0.0164,0.9266,0.3697,9.0347,-0.0840
62.601,0.0928,-0.0418,-0.1301,-0.0263,-0.0049,0.0070,0.9299,0.3697,9.0347,-0.0840
62.690,0.0928,-0.0418,-0.1301,-0.0361,0.0018,0.0125,0.9299,0.3599,9.0446,-0.0842
62.692,0.0904,-0.0524,-0.1301,-0.0424,0.0018,0.0125,0.9299,0.3536,9.0446,-0.0842
62.694,0.0793,-0.0524,-0.1430,-0.0424,-0.0114,0.0125,0.9170,0.3536,9.0446,-0.0842
62.695,0.0793,-0.0688,-0.1378,-0.0424,-0.0114,0.0045,0.9222,0.3536,9.0446,-0.0842
62.768,0.0793,-0.0688,-0.1378,-0.0521,-0.0046,0.0099,0.9222,0.3439,9.0545,-0.0844
62.769,0.0768,-0.0787,-0.1378,-0.0580,-0.0046,0.0099,0.9222,0.3380,9.0545,-0.0844
62.769,0.0652,-0.0787,-0.1490,-0.0580,-0.0175,0.0099,0.9110,0.3380,9.0545,-0.0844
62.771,0.0652,-0.0942,-0.1424,-0.0580,-0.0175,0.0035,0.9176,0.3380,9.0545,-0.0844
62.871,0.0652,-0.0942,-0.1424,-0.0580,-0.0175,0.0035,0.9176,0.3380,9.0545,-0.0844
62.887,0.0652,-0.0942,-0.1424,-0.0678,-0.0106,0.0088,0.9176,0.3282,9.0644,-0.0845
62.888,0.0620,-0.1043,-0.1424,-0.0743,-0.0106,0.0088,0.9176,0.3217,9.0644,-0.0845
62.889,0.0487,-0.1043,-0.1531,-0.0743,-0.0245,0.0088,0.9069,0.3217,9.0644,-0.0845
62.890,0.0487,-0.1186,-0.1456,-0.0743,-0.0245,0.0037,0.9144,0.3217,9.0644,-0.0845
62.971,0.0487,-0.1186,-0.1456,-0.0841,-0.0176,0.0089,0.9144,0.3119,9.0743,-0.0846
62.972,0.0435,-0.1298,-0.1456,-0.0923,-0.0176,0.0089,0.9144,0.3037,9.0743,-0.0846
62.972,0.0277,-0.1298,-0.1571,-0.0923,-0.0337,0.0089,0.9029,0.3037,9.0743,-0.0846
62.972,0.0277,-0.1431,-0.1494,-0.0923,-0.0337,0.0048,0.9106,0.3037,9.0743,-0.0846
63.067,0.0277,-0.1431,-0.1494,-0.1021,-0.0267,0.0099,0.9106,0.2939,9.0843,-0.0847
63.068,0.0207,-0.1547,-0.1494,-0.1116,-0.0267,0.0099,0.9053,0.2844,9.0843,-0.0847
63.068,0.0024,-0.1547,-0.1607,-0.1116,-0.0446,0.0099,0.8993,0.2844,9.0843,-0.0847
63.068,0.0024,-0.1672,-0.1529,-0.1116,-0.0446,0.0064,0.8928,0.2844,9.0843,-0.0847
63.169,0.0024,-0.1672,-0.1529,-0.1116,-0.0446,0.0064,0.8928,0.2844,9.0843,-0.0847
63.178,0.0024,-0.1672,-0.1529,-0.1214,-0.0375,0.0114,0.8928,0.2746,9.0942,-0.0849
63.179,-0.0056,-0.1776,-0.1529,-0.1313,-0.0375,0.0114,0.8824,0.2647,9.0942,-0.0849
63.179,-0.0245,-0.1776,-0.1628,-0.1313,-0.0554,0.0114,0.8824,0.2647,9.0942,-0.0849
63.179,-0.0245,-0.1896,-0.1551,-0.1313,-0.0554,0.0082,0.8704,0.2647,9.0942,-0.0849
63.255,-0.0245,-0.1896,-0.1551,-0.1410,-0.0484,0.0131,0.8704,0.2550,9.1041,-0.0851
63.259,-0.0330,-0.1983,-0.1551,-0.1506,-0.0484,0.0131,0.8617,0.2454,9.1041,-0.0851
63.261,-0.0504,-0.1983,-0.1627,-0.1506,-0.0644,0.0131,0.8617,0.2454,9.1041,-0.0851
63.263,-0.0504,-0.2093,-0.1546,-0.1506,-0.0644,0.0108,0.8507,0.2454,9.1041,-0.0851
63.360,-0.0504,-0.2093,-0.1546,-0.1603,-0.0574,0.0156,0.8507,0.2357,9.1140,-0.0852
63.361,-0.0588,-0.2164,-0.1546,-0.1692,-0.0574,0.0156,0.8436,0.2268,9.1140,-0.0852
63.362,-0.0743,-0.2164,-0.1597,-0.1692,-0.0711,0.0156,0.8436,0.2268,9.1140,-0.0852
63.362,-0.0743,-0.2255,-0.1502,-0.1692,-0.0711,0.0153,0.8345,0.2268,9.1140,-0.0852
63.454,-0.0743,-0.2255,-0.1502,-0.1789,-0.0641,0.0201,0.8345,0.2171,9.1239,-0.0854
63.454,-0.0818,-0.2315,-0.1502,-0.1868,-0.0641,0.0201,0.8285,0.2092,9.1239,-0.0854
63.455,-0.0962,-0.2315,-0.1527,-0.1868,-0.0761,0.0201,0.8285,0.2092,9.1239,-0.0854
63.456,-0.0962,-0.2382,-0.1415,-0.1868,-0.0761,0.0223,0.8218,0.2092,9.1239,-0.0854
63.556,-0.0962,-0.2382,-0.1415,-0.1868,-0.0761,0.0223,0.8218,0.2092,9.1239,-0.0854
63.568,-0.0962,-0.2382,-0.1415,-0.1966,-0.0692,0.0270,0.8218,0.1994,9.1338,-0.0855
63.569,-0.1029,-0.2433,-0.1415,-0.2035,-0.0692,0.0270,0.8167,0.1925,9.1338,-0.0855
63.570,-0.1170,-0.2433,-0.1419,-0.2035,-0.0802,0.0270,0.8167,0.1925,9.1338,-0.0855
63.570,-0.1170,-0.2478,-0.1299,-0.2035,-0.0802,0.0310,0.8122,0.1925,9.1338,-0.0855
63.653,-0.1170,-0.2478,-0.1299,-0.2133,-0.0733,0.0356,0.8122,0.1827,9.1438,-0.0856
63.654,-0.1239,-0.2521,-0.1299,-0.2202,-0.0733,0.0356,0.8079,0.1758,9.1438,-0.0856
63.656,-0.1383,-0.2521,-0.1299,-0.2202,-0.0844,0.0356,0.8079,0.1758,9.1438,-0.0856
63.656,-0.1383,-0.2557,-0.1181,-0.2202,-0.0844,0.0401,0.8043,0.1758,9.1438,-0.0856
63.757,-0.1383,-0.2557,-0.1181,-0.2202,-0.0844,0.0401,0.8043,0.1758,9.1438,-0.0856
63.796,-0.1383,-0.2557,-0.1181,-0.2299,-0.0776,0.0446,0.8043,0.1661,9.1537,-0.0857
63.797,-0.1474,-0.2590,-0.1181,-0.2382,-0.0776,0.0446,0.8010,0.1578,9.1537,-0.0857
63.798,-0.1625,-0.2590,-0.1193,-0.2382,-0.0896,0.0446,0.8010,0.1578,9.1537,-0.0857
63.799,-0.1625,-0.2628,-0.1076,-0.2382,-0.0896,0.0489,0.7972,0.1578,9.1537,-0.0857
63.899,-0.1625,-0.2628,-0.1076,-0.2382,-0.0896,0.0489,0.7972,0.1578,9.1537,-0.0857
63.911,-0.1625,-0.2628,-0.1076,-0.2479,-0.0828,0.0533,0.7972,0.1481,9.1636,-0.0859
63.911,-0.1741,-0.2645,-0.1076,-0.2577,-0.0828,0.0533,0.7955,0.1383,9.1636,-0.0859
63.912,-0.1895,-0.2645,-0.1098,-0.2577,-0.0954,0.0533,0.7955,0.1383,9.1636,-0.0859
63.912,-0.1895,-0.2681,-0.0972,-0.2577,-0.0954,0.0581,0.7919,0.1383,9.1636,-0.0859
63.974,-0.1895,-0.2681,-0.0972,-0.2674,-0.0886,0.0624,0.7919,0.1286,9.1734,-0.0861
63.975,-0.2022,-0.2684,-0.0972,-0.2774,-0.0886,0.0624,0.7916,0.1186,9.1734,-0.0861
63.976,-0.2168,-0.2684,-0.0991,-0.2774,-0.1004,0.0624,0.7916,0.1186,9.1734,-0.0861
63.977,-0.2168,-0.2702,-0.0852,-0.2774,-0.1004,0.0689,0.7898,0.1186,9.1734,-0.0861
64.057,-0.2168,-0.2702,-0.0852,-0.2872,-0.0937,0.0732,0.7898,0.1088,9.1834,-0.0862
64.059,-0.2290,-0.2697,-0.0852,-0.2966,-0.0937,0.0732,0.7903,0.0994,9.1834,-0.0862
64.060,-0.2417,-0.2697,-0.0860,-0.2966,-0.1037,0.0732,0.7903,0.0994,9.1834,-0.0862
64.063,-0.2417,-0.2683,-0.0710,-0.2966,-0.1037,0.0821,0.7917,0.0994,9.1834,-0.0862
64.163,-0.2417,-0.2683,-0.0710,-0.2966,-0.1037,0.0821,0.7917,0.0994,9.1834,-0.0862
64.193,-0.2417,-0.2683,-0.0710,-0.3064,-0.0970,0.0865,0.7917,0.0896,9.1933,-0.0863
64.194,-0.2531,-0.2677,-0.0710,-0.3151,-0.0970,0.0865,0.7923,0.0809,9.1933,-0.0863
64.195,-0.2647,-0.2677,-0.0711,-0.3151,-0.1059,0.0865,0.7923,0.0809,9.1933,-0.0863
64.195,-0.2647,-0.2641,-0.0563,-0.3151,-0.1059,0.0963,0.7953,0.0809,9.1933,-0.0863
64.296,-0.2647,-0.2641,-0.0563,-0.3151,-0.1059,0.0963,0.7953,0.0809,9.1933,-0.0863
64.321,-0.2647,-0.2641,-0.0563,-0.3250,-0.0992,0.1006,0.7953,0.0710,9.2033,-0.0864
64.322,-0.2765,-0.2626,-0.0563,-0.3336,-0.0992,0.1006,0.7835,0.0624,9.2033,-0.0864
64.323,-0.2879,-0.2626,-0.0561,-0.3336,-0.1078,0.1006,0.7721,0.0624,9.2033,-0.0864
64.323,-0.2879,-0.2595,-0.0430,-0.3336,-0.1078,0.1092,0.7721,0.0624,9.2033,-0.0864
64.423,-0.2879,-0.2595,-0.0430,-0.3336,-0.1078,0.1092,0.7721,0.0624,9.2033,-0.0864
64.428,-0.2879,-0.2595,-0.0430,-0.3434,-0.1012,0.1134,0.7721,0.0526,9.2132,-0.0866
64.429,-0.3005,-0.2559,-0.0430,-0.3517,-0.1012,0.1134,0.7595,0.0443,9.2132,-0.0866
64.430,-0.3121,-0.2559,-0.0420,-0.3517,-0.1096,0.1134,0.7479,0.0443,9.2132,-0.0866
64.430,-0.3121,-0.2537,-0.0302,-0.3517,-0.1096,0.1206,0.7479,0.0443,9.2132,-0.0866
64.499,-0.3121,-0.2537,-0.0302,-0.3615,-0.1031,0.1248,0.7479,0.0345,9.2230,-0.0868
64.500,-0.3250,-0.2483,-0.0302,-0.3691,-0.1031,0.1248,0.7350,0.0269,9.2230,-0.0868
64.501,-0.3366,-0.2483,-0.0283,-0.3691,-0.1111,0.1248,0.7234,0.0269,9.2230,-0.0868
64.501,-0.3366,-0.2468,-0.0173,-0.3691,-0.1111,0.1311,0.7234,0.0269,9.2230,-0.0868
64.574,-0.3366,-0.2468,-0.0173,-0.3789,-0.1047,0.1352,0.7234,0.0171,9.2329,-0.0869
64.576,-0.3490,-0.2406,-0.0173,-0.3855,-0.1047,0.1352,0.7110,0.0105,9.2329,-0.0869
64.577,-0.3607,-0.2406,-0.0151,-0.3855,-0.1126,0.1352,0.6993,0.0105,9.2329,-0.0869
64.577,-0.3607,-0.2393,-0.0047,-0.3855,-0.1126,0.1410,0.6993,0.0105,9.2329,-0.0869
64.678,-0.3607,-0.2393,-0.0047,-0.3855,-0.1126,0.1410,0.6993,0.0105,9.2329,-0.0869
64.712,-0.3607,-0.2393,-0.0047,-0.3954,-0.1062,0.1452,0.6993,0.0006,9.2429,-0.0870
64.714,-0.3726,-0.2323,-0.0047,-0.4010,-0.1062,0.1452,0.6874,-0.0050,9.2429,-0.0870
64.715,-0.3846,-0.2323,-0.0023,-0.4010,-0.1141,0.1452,0.6754,-0.0050,9.2429,-0.0870
64.717,-0.3846,-0.2307,0.0073,-0.4010,-0.1141,0.1507,0.6754,-0.0050,9.2429,-0.0870
64.817,-0.3846,-0.2307,0.0073,-0.4010,-0.1141,0.1507,0.6754,-0.0050,9.2429,-0.0870
64.838,-0.3846,-0.2307,0.0073,-0.4110,-0.1078,0.1548,0.6754,-0.0150,9.2528,-0.0871
64.839,-0.3961,-0.2229,0.0073,-0.4155,-0.1078,0.1548,0.6639,-0.0195,9.2528,-0.0871
64.841,-0.4078,-0.2229,0.0106,-0.4155,-0.1152,0.1548,0.6522,-0.0195,9.2528,-0.0871
64.842,-0.4078,-0.2209,0.0180,-0.4155,-0.1152,0.1594,0.6522,-0.0195,9.2528,-0.0871
64.943,-0.4078,-0.2209,0.0180,-0.4155,-0.1152,0.1594,0.6522,-0.0195,9.2528,-0.0871
64.954,-0.4078,-0.2209,0.0180,-0.4254,-0.1089,0.1636,0.6522,-0.0294,9.2627,-0.0873
64.954,-0.4188,-0.2117,0.0180,-0.4284,-0.1089,0.1636,0.6412,-0.0324,9.2627,-0.0873
64.954,-0.4298,-0.2117,0.0230,-0.4284,-0.1149,0.1636,0.6302,-0.0324,9.2627,-0.0873
64.955,-0.4298,-0.2107,0.0263,-0.4284,-0.1149,0.1656,0.6302,-0.0324,9.2627,-0.0873
65.055,-0.4298,-0.2107,0.0263,-0.4284,-0.1149,0.1656,0.6302,-0.0324,9.2627,-0.0873
65.106,-0.4298,-0.2107,0.0263,-0.4382,-0.1087,0.1698,0.6302,-0.0422,9.2726,-0.0875
65.107,-0.4402,-0.2003,0.0263,-0.4396,-0.1087,0.1698,0.6198,-0.0436,9.2726,-0.0875
65.109,-0.4498,-0.2003,0.0335,-0.4396,-0.1128,0.1698,0.6102,-0.0436,9.2726,-0.0875
65.110,-0.4498,-0.2024,0.0316,-0.4396,-0.1128,0.1676,0.6102,-0.0436,9.2726,-0.0875
65.204,-0.4498,-0.2024,0.0316,-0.4494,-0.1067,0.1718,0.6102,-0.0534,9.2825,-0.0876
65.206,-0.4595,-0.1912,0.0316,-0.4492,-0.1067,0.1718,0.6005,-0.0532,9.2825,-0.0876
65.208,-0.4671,-0.1912,0.0406,-0.4492,-0.1084,0.1718,0.5929,-0.0532,9.2825,-0.0876
65.210,-0.4671,-0.1970,0.0338,-0.4492,-0.1084,0.1652,0.5929,-0.0532,9.2825,-0.0876
65.289,-0.4671,-0.1970,0.0338,-0.4590,-0.1025,0.1696,0.5929,-0.0630,9.2924,-0.0878
65.289,-0.4757,-0.1855,0.0338,-0.4572,-0.1025,0.1696,0.5843,-0.0612,9.2924,-0.0878
65.290,-0.4812,-0.1855,0.0439,-0.4572,-0.1022,0.1696,0.5788,-0.0612,9.2924,-0.0878
65.291,-0.4812,-0.1938,0.0348,-0.4572,-0.1022,0.1604,0.5788,-0.0612,9.2924,-0.0878
65.374,-0.4812,-0.1938,0.0348,-0.4670,-0.0962,0.1649,0.5788,-0.0710,9.3023,-0.0879
65.375,-0.4888,-0.1817,0.0348,-0.4636,-0.0962,0.1649,0.5712,-0.0676,9.3023,-0.0879
65.376,-0.4929,-0.1817,0.0457,-0.4636,-0.0945,0.1649,0.5671,-0.0676,9.3023,-0.0879
65.377,-0.4929,-0.1907,0.0359,-0.4636,-0.0945,0.1552,0.5671,-0.0676,9.3023,-0.0879
65.459,-0.4929,-0.1907,0.0359,-0.4734,-0.0886,0.1598,0.5671,-0.0774,9.3123,-0.0880
65.461,-0.4995,-0.1779,0.0359,-0.4682,-0.0886,0.1598,0.5605,-0.0722,9.3123,-0.0880
65.462,-0.5028,-0.1779,0.0473,-0.4682,-0.0860,0.1598,0.5572,-0.0722,9.3123,-0.0880
65.463,-0.5028,-0.1862,0.0371,-0.4682,-0.0860,0.1503,0.5572,-0.0722,9.3123,-0.0880
65.539,-0.5028,-0.1862,0.0371,-0.4778,-0.0803,0.1550,0.5572,-0.0818,9.3222,-0.0881
65.540,-0.5088,-0.1727,0.0371,-0.4711,-0.0803,0.1550,0.5512,-0.0751,9.3222,-0.0881
65.542,-0.5116,-0.1727,0.0487,-0.4711,-0.0771,0.1550,0.5484,-0.0751,9.3222,-0.0881
65.543,-0.5116,-0.1819,0.0361,-0.4711,-0.0771,0.1441,0.5484,-0.0751,9.3222,-0.0881
65.623,-0.5116,-0.1819,0.0361,-0.4806,-0.0714,0.1489,0.5484,-0.0846,9.3321,-0.0883
65.625,-0.5168,-0.1678,0.0361,-0.4725,-0.0714,0.1489,0.5432,-0.0765,9.3321,-0.0883
65.627,-0.5185,-0.1678,0.0478,-0.4725,-0.0673,0.1489,0.5415,-0.0765,9.3321,-0.0883
65.628,-0.5185,-0.1791,0.0318,-0.4725,-0.0673,0.1356,0.5415,-0.0765,9.3321,-0.0883
65.718,-0.5185,-0.1791,0.0318,-0.4818,-0.0617,0.1405,0.5415,-0.0858,9.3420,-0.0884
65.719,-0.5228,-0.1646,0.0318,-0.4724,-0.0617,0.1405,0.5372,-0.0764,9.3420,-0.0884
65.721,-0.5228,-0.1646,0.0440,-0.4724,-0.0562,0.1405,0.5372,-0.0764,9.3420,-0.0884
65.723,-0.5228,-0.1769,0.0260,-0.4724,-0.0562,0.1260,0.5372,-0.0764,9.3420,-0.0884
65.822,-0.5228,-0.1769,0.0260,-0.4816,-0.0506,0.1311,0.5372,-0.0856,9.3519,-0.0886
65.826,-0.5262,-0.1623,0.0260,-0.4711,-0.0506,0.1311,0.5338,-0.0751,9.3519,-0.0886
65.829,-0.5249,-0.1623,0.0387,-0.4711,-0.0439,0.1311,0.5351,-0.0751,9.3519,-0.0886
65.832,-0.5249,-0.1735,0.0217,-0.4711,-0.0439,0.1178,0.5351,-0.0751,9.3519,-0.0886
65.933,-0.5249,-0.1735,0.0217,-0.4711,-0.0439,0.1178,0.5351,-0.0751,9.3519,-0.0886
65.938,-0.5249,-0.1735,0.0217,-0.4802,-0.0383,0.1231,0.5351,-0.0842,9.3619,-0.0887
65.940,-0.5273,-0.1585,0.0217,-0.4685,-0.0383,0.1231,0.5327,-0.0725,9.3619,-0.0887
65.945,-0.5251,-0.1585,0.0348,-0.4685,-0.0308,0.1231,0.5349,-0.0725,9.3619,-0.0887
65.945,-0.5251,-0.1686,0.0189,-0.4685,-0.0308,0.1111,0.5349,-0.0725,9.3619,-0.0887
66.028,-0.5251,-0.1686,0.0189,-0.4775,-0.0253,0.1166,0.5349,-0.0815,9.3718,-0.0888
66.030,-0.5264,-0.1532,0.0189,-0.4646,-0.0253,0.1166,0.5336,-0.0686,9.3718,-0.0888
66.032,-0.5234,-0.1532,0.0323,-0.4646,-0.0170,0.1166,0.5366,-0.0686,9.3718,-0.0888
66.033,-0.5234,-0.1627,0.0169,-0.4646,-0.0170,0.1054,0.5366,-0.0686,9.3718,-0.0888
66.114,-0.5234,-0.1627,0.0169,-0.4734,-0.0115,0.1109,0.5366,-0.0774,9.3817,-0.0890
66.115,-0.5235,-0.1469,0.0169,-0.4594,-0.0115,0.1109,0.5365,-0.0634,9.3817,-0.0890
66.117,-0.5197,-0.1469,0.0308,-0.4594,-0.0024,0.1109,0.5403,-0.0634,9.3817,-0.0890
66.119,-0.5197,-0.1559,0.0158,-0.4594,-0.0024,0.1003,0.5403,-0.0634,9.3817,-0.0890
66.206,-0.5197,-0.1559,0.0158,-0.4680,0.0031,0.1060,0.5403,-0.0720,9.3916,-0.0891
66.209,-0.5191,-0.1400,0.0158,-0.4535,0.0031,0.1060,0.5409,-0.0575,9.3916,-0.0891
66.211,-0.5147,-0.1400,0.0301,-0.4535,0.0129,0.1060,0.5453,-0.0575,9.3916,-0.0891
66.213,-0.5147,-0.1487,0.0161,-0.4535,0.0129,0.0960,0.5453,-0.0575,9.3916,-0.0891
66.314,-0.5147,-0.1487,0.0161,-0.4535,0.0129,0.0960,0.5453,-0.0575,9.3916,-0.0891
66.318,-0.5147,-0.1487,0.0161,-0.4620,0.0183,0.1019,0.5453,-0.0660,9.4015,-0.0893
66.320,-0.5135,-0.1327,0.0161,-0.4471,0.0183,0.1019,0.5465,-0.0511,9.4015,-0.0893
66.321,-0.5086,-0.1327,0.0307,-0.4471,0.0287,0.1019,0.5514,-0.0511,9.4015,-0.0893
66.323,-0.5086,-0.1412,0.0174,-0.4471,0.0287,0.0923,0.5514,-0.0511,9.4015,-0.0893
66.390,-0.5086,-0.1412,0.0174,-0.4555,0.0341,0.0984,0.5514,-0.0595,9.4114,-0.0894
66.391,-0.5067,-0.1251,0.0174,-0.4401,0.0341,0.0984,0.5533,-0.0441,9.4114,-0.0894
66.391,-0.5009,-0.1251,0.0325,-0.4401,0.0453,0.0984,0.5591,-0.0441,9.4114,-0.0894
66.391,-0.5009,-0.1344,0.0190,-0.4401,0.0453,0.0881,0.5591,-0.0441,9.4114,-0.0894
66.470,-0.5009,-0.1344,0.0190,-0.4483,0.0507,0.0943,0.5591,-0.0523,9.4213,-0.0895
66.471,-0.4982,-0.1180,0.0190,-0.4324,0.0507,0.0943,0.5618,-0.0364,9.4213,-0.0895
66.471,-0.4916,-0.1180,0.0344,-0.4324,0.0627,0.0943,0.5684,-0.0364,9.4213,-0.0895
66.472,-0.4916,-0.1285,0.0202,-0.4324,0.0627,0.0831,0.5684,-0.0364,9.4213,-0.0895
66.570,-0.4916,-0.1285,0.0202,-0.4405,0.0680,0.0894,0.5684,-0.0445,9.4313,-0.0896
66.572,-0.4881,-0.1118,0.0202,-0.4241,0.0680,0.0894,0.5719,-0.0281,9.4313,-0.0896
66.590,-0.4807,-0.1118,0.0360,-0.4241,0.0808,0.0894,0.5793,-0.0281,9.4313,-0.0896
66.591,-0.4807,-0.1234,0.0208,-0.4241,0.0808,0.0771,0.5793,-0.0281,9.4313,-0.0896
66.691,-0.4807,-0.1234,0.0208,-0.4241,0.0808,0.0771,0.5793,-0.0281,9.4313,-0.0896
66.697,-0.4807,-0.1234,0.0208,-0.4321,0.0861,0.0835,0.5793,-0.0361,9.4412,-0.0898
66.697,-0.4769,-0.1066,0.0208,-0.4154,0.0861,0.0835,0.5831,-0.0194,9.4412,-0.0898
66.698,-0.4694,-0.1066,0.0366,-0.4154,0.0990,0.0835,0.5906,-0.0194,9.4412,-0.0898
66.698,-0.4694,-0.1190,0.0207,-0.4154,0.0990,0.0705,0.5906,-0.0194,9.4412,-0.0898
66.770,-0.4694,-0.1190,0.0207,-0.4233,0.1043,0.0771,0.5906,-0.0273,9.4510,-0.0900
66.770,-0.4654,-0.1020,0.0207,-0.4065,0.1043,0.0771,0.5946,-0.0105,9.4510,-0.0900
66.770,-0.4576,-0.1020,0.0359,-0.4065,0.1171,0.0771,0.6024,-0.0105,9.4510,-0.0900
66.771,-0.4576,-0.1150,0.0195,-0.4065,0.1171,0.0636,0.6024,-0.0105,9.4510,-0.0900
66.860,-0.4576,-0.1150,0.0195,-0.4142,0.1224,0.0703,0.6024,-0.0182,9.4610,-0.0901
66.861,-0.4533,-0.0978,0.0195,-0.3971,0.1224,0.0703,0.6067,-0.0011,9.4610,-0.0901
66.861,-0.4453,-0.0978,0.0343,-0.3971,0.1351,0.0703,0.6147,-0.0011,9.4610,-0.0901
66.862,-0.4453,-0.1120,0.0170,-0.3971,0.1351,0.0557,0.6147,-0.0011,9.4610,-0.0901
66.962,-0.4453,-0.1120,0.0170,-0.3971,0.1351,0.0557,0.6147,-0.0011,9.4610,-0.0901
66.967,-0.4453,-0.1120,0.0170,-0.4048,0.1405,0.0626,0.6147,-0.0088,9.4709,-0.0902
66.968,-0.4405,-0.0946,0.0170,-0.3875,0.1405,0.0626,0.6195,0.0085,9.4709,-0.0902
66.968,-0.4319,-0.0946,0.0324,-0.3875,0.1539,0.0626,0.6281,0.0085,9.4709,-0.0902
66.968,-0.4319,-0.1102,0.0144,-0.3875,0.1539,0.0466,0.6281,0.0085,9.4709,-0.0902
67.068,-0.4319,-0.1102,0.0144,-0.3875,0.1539,0.0466,0.6281,0.0085,9.4709,-0.0902
67.074,-0.4319,-0.1102,0.0144,-0.3951,0.1592,0.0537,0.6281,0.0009,9.4809,-0.0903
67.075,-0.4265,-0.0926,0.0144,-0.3774,0.1592,0.0537,0.6335,0.0186,9.4809,-0.0903
67.075,-0.4168,-0.0926,0.0304,-0.3774,0.1737,0.0537,0.6432,0.0186,9.4809,-0.0903
67.075,-0.4168,-0.1094,0.0123,-0.3774,0.1737,0.0367,0.6432,0.0186,9.4809,-0.0903
67.175,-0.4168,-0.1094,0.0123,-0.3774,0.1737,0.0367,0.6432,0.0186,9.4809,-0.0903
67.178,-0.4168,-0.1094,0.0123,-0.3848,0.1791,0.0437,0.6432,0.0112,9.4908,-0.0904
67.178,-0.4108,-0.0915,0.0123,-0.3669,0.1791,0.0437,0.6492,0.0291,9.4908,-0.0904
67.179,-0.4009,-0.0915,0.0280,-0.3669,0.1935,0.0437,0.6591,0.0291,9.4908,-0.0904
67.180,-0.4009,-0.1088,0.0104,-0.3669,0.1935,0.0263,0.6591,0.0291,9.4908,-0.0904
67.267,-0.4009,-0.1088,0.0104,-0.3742,0.1989,0.0335,0.6591,0.0218,9.5006,-0.0906
67.267,-0.3944,-0.0907,0.0104,-0.3562,0.1989,0.0335,0.6656,0.0398,9.5006,-0.0906
67.268,-0.3848,-0.0907,0.0248,-0.3562,0.2125,0.0335,0.6752,0.0398,9.5006,-0.0906
67.268,-0.3848,-0.1081,0.0078,-0.3562,0.2125,0.0161,0.6752,0.0398,9.5006,-0.0906
67.368,-0.3848,-0.1081,0.0078,-0.3562,0.2125,0.0161,0.6752,0.0398,9.5006,-0.0906
67.379,-0.3848,-0.1081,0.0078,-0.3635,0.2179,0.0234,0.6752,0.0325,9.5105,-0.0907
67.380,-0.3778,-0.0899,0.0078,-0.3453,0.2179,0.0234,0.6822,0.0507,9.5105,-0.0907
67.380,-0.3685,-0.0899,0.0213,-0.3453,0.2309,0.0234,0.6915,0.0507,9.5105,-0.0907
67.380,-0.3685,-0.1070,0.0047,-0.3453,0.2309,0.0063,0.6915,0.0507,9.5105,-0.0907
67.463,-0.3685,-0.1070,0.0047,-0.3526,0.2363,0.0138,0.6915,0.0434,9.5205,-0.0909
67.464,-0.3609,-0.0888,0.0047,-0.3344,0.2363,0.0138,0.6991,0.0616,9.5205,-0.0909
67.465,-0.3519,-0.0888,0.0183,-0.3344,0.2492,0.0138,0.7081,0.0616,9.5205,-0.0909
67.466,-0.3519,-0.1054,0.0021,-0.3344,0.2492,-0.0028,0.7081,0.0616,9.5205,-0.0909
67.564,-0.3519,-0.1054,0.0021,-0.3416,0.2546,0.0047,0.7081,0.0544,9.5304,-0.0910
67.565,-0.3432,-0.0871,0.0021,-0.3234,0.2546,0.0047,0.7168,0.0726,9.5304,-0.0910
67.567,-0.3343,-0.0871,0.0165,-0.3234,0.2678,0.0047,0.7257,0.0726,9.5304,-0.0910
67.569,-0.3343,-0.1035,0.0007,-0.3234,0.2678,-0.0115,0.7257,0.0726,9.5304,-0.0910
67.658,-0.3343,-0.1035,0.0007,-0.3305,0.2732,-0.0039,0.7257,0.0655,9.5404,-0.0911
67.659,-0.3246,-0.0849,0.0007,-0.3122,0.2732,-0.0039,0.7354,0.0838,9.5404,-0.0911
67.660,-0.3166,-0.0849,0.0143,-0.3122,0.2855,-0.0039,0.7434,0.0838,9.5404,-0.0911
67.661,-0.3166,-0.1011,-0.0006,-0.3122,0.2855,-0.0199,0.7434,0.0838,9.5404,-0.0911
67.762,-0.3166,-0.1011,-0.0006,-0.3122,0.2855,-0.0199,0.7434,0.0838,9.5404,-0.0911
67.780,-0.3166,-0.1011,-0.0006,-0.3193,0.2910,-0.0123,0.7434,0.0767,9.5503,-0.0912
67.781,-0.3062,-0.0825,-0.0006,-0.3010,0.2910,-0.0123,0.7538,0.0950,9.5503,-0.0912
67.781,-0.2989,-0.0825,0.0111,-0.3010,0.3018,-0.0123,0.7611,0.0950,9.5503,-0.0912
67.783,-0.2989,-0.0988,-0.0027,-0.3010,0.3018,-0.0284,0.7611,0.0950,9.5503,-0.0912
67.863,-0.2989,-0.0988,-0.0027,-0.3080,0.3073,-0.0207,0.7611,0.0880,9.5601,-0.0914
67.866,-0.2880,-0.0802,-0.0027,-0.2898,0.3073,-0.0207,0.7720,0.1062,9.5601,-0.0914
67.868,-0.2808,-0.0802,0.0076,-0.2898,0.3174,-0.0207,0.7792,0.1062,9.5601,-0.0914
67.870,-0.2808,-0.0967,-0.0052,-0.2898,0.3174,-0.0371,0.7792,0.1062,9.5601,-0.0914
67.970,-0.2808,-0.0967,-0.0052,-0.2898,0.3174,-0.0371,0.7792,0.1062,9.5601,-0.0914
67.997,-0.2808,-0.0967,-0.0052,-0.2968,0.3229,-0.0292,0.7792,0.0992,9.5700,-0.0915
67.999,-0.2697,-0.0782,-0.0052,-0.2787,0.3229,-0.0292,0.7903,0.1173,9.5700,-0.0915
67.999,-0.2630,-0.0782,0.0043,-0.2787,0.3322,-0.0292,0.7970,0.1173,9.5700,-0.0915
67.999,-0.2630,-0.0951,-0.0076,-0.2787,0.3322,-0.0460,0.7970,0.1173,9.5700,-0.0915
68.062,-0.2630,-0.0951,-0.0076,-0.2858,0.3377,-0.0381,0.7970,0.1102,9.5800,-0.0917
68.063,-0.2515,-0.0764,-0.0076,-0.2676,0.3377,-0.0381,0.8085,0.1284,9.5800,-0.0917
68.064,-0.2461,-0.0764,0.0015,-0.2676,0.3459,-0.0381,0.8139,0.1284,9.5800,-0.0917
68.066,-0.2461,-0.0938,-0.0109,-0.2676,0.3459,-0.0553,0.8139,0.1284,9.5800,-0.0917
68.159,-0.2461,-0.0938,-0.0109,-0.2747,0.3515,-0.0473,0.8139,0.1213,9.5899,-0.0918
68.159,-0.2340,-0.0749,-0.0109,-0.2563,0.3515,-0.0473,0.8260,0.1397,9.5899,-0.0918
68.160,-0.2307,-0.0749,-0.0028,-0.2563,0.3580,-0.0473,0.8293,0.1397,9.5899,-0.0918
68.161,-0.2307,-0.0928,-0.0155,-0.2563,0.3580,-0.0650,0.8293,0.1397,9.5899,-0.0918
68.273,-0.2307,-0.0928,-0.0155,-0.2563,0.3580,-0.0650,0.8293,0.1397,9.5899,-0.0918
68.277,-0.2307,-0.0928,-0.0155,-0.2634,0.3636,-0.0569,0.8293,0.1326,9.5998,-0.0919
68.279,-0.2179,-0.0736,-0.0155,-0.2449,0.3636,-0.0569,0.8421,0.1511,9.5998,-0.0919
68.281,-0.2177,-0.0736,-0.0100,-0.2449,0.3668,-0.0569,0.8423,0.1511,9.5998,-0.0919
68.283,-0.2177,-0.0918,-0.0224,-0.2449,0.3668,-0.0749,0.8423,0.1511,9.5998,-0.0919
68.358,-0.2177,-0.0918,-0.0224,-0.2519,0.3724,-0.0669,0.8423,0.1441,9.6097,-0.0921
68.360,-0.2046,-0.0726,-0.0224,-0.2333,0.3724,-0.0669,0.8554,0.1627,9.6097,-0.0921
68.362,-0.2081,-0.0726,-0.0211,-0.2333,0.3710,-0.0669,0.8519,0.1627,9.6097,-0.0921
68.363,-0.2081,-0.0910,-0.0326,-0.2333,0.3710,-0.0852,0.8519,0.1627,9.6097,-0.0921
68.455,-0.2081,-0.0910,-0.0326,-0.2403,0.3766,-0.0771,0.8519,0.1557,9.6196,-0.0922
68.455,-0.1950,-0.0719,-0.0326,-0.2219,0.3766,-0.0771,0.8650,0.1741,9.6196,-0.0922
68.457,-0.2016,-0.0719,-0.0351,-0.2219,0.3712,-0.0771,0.8584,0.1741,9.6196,-0.0922
68.459,-0.2016,-0.0905,-0.0456,-0.2219,0.3712,-0.0956,0.8584,0.1741,9.6196,-0.0922
68.559,-0.2016,-0.0905,-0.0456,-0.2219,0.3712,-0.0956,0.8584,0.1741,9.6196,-0.0922
68.568,-0.2016,-0.0905,-0.0456,-0.2290,0.3769,-0.0874,0.8584,0.1670,9.6295,-0.0924
68.569,-0.1887,-0.0715,-0.0456,-0.2106,0.3769,-0.0874,0.8713,0.1854,9.6295,-0.0924
68.571,-0.1966,-0.0715,-0.0496,-0.2106,0.3699,-0.0874,0.8634,0.1854,9.6295,-0.0924
68.577,-0.1966,-0.0902,-0.0593,-0.2106,0.3699,-0.1062,0.8634,0.1854,9.6295,-0.0924
68.676,-0.1966,-0.0902,-0.0593,-0.2177,0.3756,-0.0979,0.8634,0.1783,9.6395,-0.0925
68.678,-0.1838,-0.0712,-0.0593,-0.1993,0.3756,-0.0979,0.8762,0.1967,9.6395,-0.0925
68.680,-0.1917,-0.0712,-0.0628,-0.1993,0.3689,-0.0979,0.8683,0.1967,9.6395,-0.0925
68.684,-0.1917,-0.0898,-0.0722,-0.1993,0.3689,-0.1166,0.8683,0.1967,9.6395,-0.0925
68.760,-0.1917,-0.0898,-0.0722,-0.2064,0.3746,-0.1083,0.8683,0.1896,9.6494,-0.0926
68.763,-0.1790,-0.0707,-0.0722,-0.1879,0.3746,-0.1083,0.8810,0.2081,9.6494,-0.0926
68.764,-0.1873,-0.0707,-0.0751,-0.1879,0.3680,-0.1083,0.8727,0.2081,9.6494,-0.0926
68.768,-0.1873,-0.0891,-0.0844,-0.1879,0.3680,-0.1267,0.8727,0.2081,9.6494,-0.0926
68.869,-0.1873,-0.0891,-0.0844,-0.1879,0.3680,-0.1267,0.8727,0.2081,9.6494,-0.0926
68.883,-0.1873,-0.0891,-0.0844,-0.1949,0.3738,-0.1184,0.8727,0.2011,9.6593,-0.0927
68.884,-0.1745,-0.0700,-0.0844,-0.1764,0.3738,-0.1184,0.8855,0.2196,9.6593,-0.0927
68.884,-0.1849,-0.0700,-0.0889,-0.1764,0.3650,-0.1184,0.8751,0.2196,9.6593,-0.0927
68.885,-0.1849,-0.0881,-0.0978,-0.1764,0.3650,-0.1367,0.8751,0.2196,9.6593,-0.0927
68.986,-0.1849,-0.0881,-0.0978,-0.1764,0.3650,-0.1367,0.8751,0.2196,9.6593,-0.0927
68.989,-0.1849,-0.0881,-0.0978,-0.1834,0.3708,-0.1284,0.8751,0.2126,9.6692,-0.0929
68.990,-0.1718,-0.0695,-0.0978,-0.1654,0.3708,-0.1284,0.8882,0.2306,9.6692,-0.0929
68.991,-0.1859,-0.0695,-0.1059,-0.1654,0.3577,-0.1284,0.8741,0.2306,9.6692,-0.0929
68.992,-0.1859,-0.0875,-0.1141,-0.1654,0.3577,-0.1466,0.8741,0.2306,9.6692,-0.0929
69.093,-0.1859,-0.0875,-0.1141,-0.1654,0.3577,-0.1466,0.8741,0.2306,9.6692,-0.0929
69.098,-0.1859,-0.0875,-0.1141,-0.1724,0.3635,-0.1382,0.8741,0.2236,9.6791,-0.0930
69.100,-0.1716,-0.0696,-0.1141,-0.1554,0.3635,-0.1382,0.8884,0.2406,9.6791,-0.0930
69.101,-0.1884,-0.0696,-0.1257,-0.1554,0.3467,-0.1382,0.8716,0.2406,9.6791,-0.0930
69.102,-0.1884,-0.0877,-0.1333,-0.1554,0.3467,-0.1564,0.8716,0.2396,9.6791,-0.0930
69.202,-0.1884,-0.0877,-0.1333,-0.1625,0.3525,-0.1480,0.8716,0.2335,9.6890,-0.0932
69.204,-0.1719,-0.0706,-0.1333,-0.1465,0.3525,-0.1480,0.8881,0.2480,9.6890,-0.0932
69.205,-0.1882,-0.0706,-0.1451,-0.1465,0.3360,-0.1480,0.8718,0.2480,9.6890,-0.0932
69.207,-0.1882,-0.0886,-0.1525,-0.1465,0.3360,-0.1663,0.8718,0.2297,9.6890,-0.0932
69.291,-0.1882,-0.0886,-0.1525,-0.1536,0.3418,-0.1578,0.8718,0.2382,9.6990,-0.0933
69.292,-0.1695,-0.0719,-0.1525,-0.1383,0.3418,-0.1578,0.8905,0.2382,9.6990,-0.0933
69.295,-0.1837,-0.0719,-0.1623,-0.1383,0.3276,-0.1578,0.8763,0.2382,9.6990,-0.0933
69.297,-0.1837,-0.0900,-0.1696,-0.1383,0.3276,-0.1761,0.8763,0.2199,9.6990,-0.0933
69.376,-0.1837,-0.0900,-0.1696,-0.1455,0.3335,-0.1676,0.8763,0.2284,9.7089,-0.0934
69.378,-0.1646,-0.0737,-0.1696,-0.1306,0.3335,-0.1676,0.8904,0.2284,9.7089,-0.0934
69.381,-0.1776,-0.0737,-0.1777,-0.1306,0.3211,-0.1676,0.8823,0.2284,9.7089,-0.0934
69.381,-0.1776,-0.0918,-0.1850,-0.1306,0.3211,-0.1859,0.8750,0.2101,9.7089,-0.0934
69.466,-0.1776,-0.0918,-0.1850,-0.1378,0.3269,-0.1774,0.8750,0.2186,9.7188,-0.0936
69.468,-0.1600,-0.0762,-0.1850,-0.1234,0.3269,-0.1774,0.8750,0.2186,9.7188,-0.0936
69.470,-0.1726,-0.0762,-0.1923,-0.1234,0.3152,-0.1774,0.8677,0.2186,9.7188,-0.0936
69.471,-0.1726,-0.0944,-0.1995,-0.1234,0.3152,-0.1957,0.8605,0.2003,9.7188,-0.0936
69.564,-0.1726,-0.0944,-0.1995,-0.1307,0.3211,-0.1872,0.8605,0.2088,9.7287,-0.0937
69.566,-0.1556,-0.0795,-0.1995,-0.1170,0.3211,-0.1872,0.8605,0.2088,9.7287,-0.0937
69.568,-0.1680,-0.0795,-0.2068,-0.1170,0.3096,-0.1872,0.8532,0.2088,9.7287,-0.0937
69.570,-0.1680,-0.0978,-0.2137,-0.1170,0.3096,-0.2057,0.8463,0.1903,9.7287,-0.0937
69.665,-0.1680,-0.0978,-0.2137,-0.1244,0.3155,-0.1971,0.8463,0.1989,9.7386,-0.0938
69.667,-0.1490,-0.0836,-0.2137,-0.1115,0.3155,-0.1971,0.8463,0.1989,9.7386,-0.0938
69.668,-0.1612,-0.0836,-0.2214,-0.1115,0.3038,-0.1971,0.8386,0.1989,9.7386,-0.0938
69.670,-0.1612,-0.1020,-0.2278,-0.1115,0.3038,-0.2158,0.8322,0.1802,9.7386,-0.0938
69.761,-0.1612,-0.1020,-0.2278,-0.1189,0.3097,-0.2072,0.8322,0.1888,9.7485,-0.0940
69.762,-0.1392,-0.0883,-0.2278,-0.1069,0.3097,-0.2072,0.8322,0.1888,9.7485,-0.0940
69.764,-0.1507,-0.0883,-0.2357,-0.1069,0.2983,-0.2072,0.8243,0.1888,9.7485,-0.0940
69.765,-0.1507,-0.1067,-0.2413,-0.1069,0.2983,-0.2259,0.8187,0.1701,9.7485,-0.0940
69.862,-0.1507,-0.1067,-0.2413,-0.1145,0.3043,-0.2173,0.8187,0.1788,9.7585,-0.0941
69.864,-0.1282,-0.0942,-0.2413,-0.1036,0.3043,-0.2173,0.8187,0.1788,9.7585,-0.0941
69.866,-0.1382,-0.0942,-0.2488,-0.1036,0.2940,-0.2173,0.8112,0.1788,9.7585,-0.0941
69.868,-0.1382,-0.1125,-0.2536,-0.1036,0.2940,-0.2358,0.8064,0.1602,9.7585,-0.0941
69.960,-0.1382,-0.1125,-0.2536,-0.1113,0.3000,-0.2272,0.8064,0.1688,9.7684,-0.0942
69.962,-0.1170,-0.1011,-0.2536,-0.1014,0.3000,-0.2272,0.8064,0.1688,9.7684,-0.0942
69.963,-0.1248,-0.1011,-0.2602,-0.1014,0.2915,-0.2272,0.7998,0.1688,9.7684,-0.0942
69.964,-0.1248,-0.1191,-0.2642,-0.1014,0.2915,-0.2455,0.7958,0.1505,9.7684,-0.0942
70.063,-0.1248,-0.1191,-0.2642,-0.1091,0.2976,-0.2369,0.7958,0.1591,9.7783,-0.0944
70.065,-0.1052,-0.1085,-0.2642,-0.0998,0.2976,-0.2369,0.7958,0.1591,9.7783,-0.0944
70.067,-0.1111,-0.1085,-0.2702,-0.0998,0.2906,-0.2369,0.7898,0.1591,9.7783,-0.0944
70.069,-0.1111,-0.1263,-0.2732,-0.0998,0.2906,-0.2550,0.7868,0.1410,9.7783,-0.0944
70.160,-0.1111,-0.1263,-0.2732,-0.1076,0.2966,-0.2464,0.7868,0.1496,9.7882,-0.0945
70.162,-0.0919,-0.1158,-0.2732,-0.0982,0.2966,-0.2464,0.7868,0.1496,9.7882,-0.0945
70.165,-0.0982,-0.1158,-0.2796,-0.0982,0.2891,-0.2464,0.7804,0.1496,9.7882,-0.0945
70.166,-0.0982,-0.1332,-0.2815,-0.0982,0.2891,-0.2642,0.7785,0.1318,9.7882,-0.0945
70.257,-0.0982,-0.1332,-0.2815,-0.1061,0.2953,-0.2555,0.7785,0.1405,9.7981,-0.0947
70.259,-0.0788,-0.1226,-0.2815,-0.0965,0.2953,-0.2555,0.7785,0.1405,9.7981,-0.0947
70.261,-0.0884,-0.1226,-0.2910,-0.0965,0.2841,-0.2555,0.7690,0.1405,9.7981,-0.0947
70.262,-0.0884,-0.1396,-0.2915,-0.0965,0.2841,-0.2730,0.7685,0.1231,9.7981,-0.0947
70.354,-0.0884,-0.1396,-0.2915,-0.1046,0.2903,-0.2643,0.7685,0.1318,9.8080,-0.0948
70.356,-0.0688,-0.1294,-0.2915,-0.0953,0.2903,-0.2643,0.7685,0.1318,9.8080,-0.0948
70.358,-0.0810,-0.1294,-0.3040,-0.0953,0.2758,-0.2643,0.7560,0.1318,9.8080,-0.0948
70.360,-0.0810,-0.1459,-0.3031,-0.0953,0.2758,-0.2811,0.7569,0.1149,9.8080,-0.0948
70.461,-0.0810,-0.1459,-0.3031,-0.0953,0.2758,-0.2811,0.7569,0.1149,9.8080,-0.0948
70.463,-0.0810,-0.1459,-0.3031,-0.1034,0.2821,-0.2725,0.7569,0.1236,9.8180,-0.0949
70.465,-0.0621,-0.1367,-0.3031,-0.0950,0.2821,-0.2725,0.7569,0.1236,9.8180,-0.0949
70.466,-0.0731,-0.1367,-0.3151,-0.0950,0.2687,-0.2725,0.7449,0.1236,9.8180,-0.0949
70.468,-0.0731,-0.1525,-0.3126,-0.0950,0.2687,-0.2886,0.7474,0.1074,9.8180,-0.0949
70.558,-0.0731,-0.1525,-0.3126,-0.1031,0.2750,-0.2800,0.7474,0.1160,9.8279,-0.0951
70.560,-0.0552,-0.1447,-0.3126,-0.0960,0.2750,-0.2800,0.7474,0.1160,9.8279,-0.0951
70.562,-0.0632,-0.1447,-0.3225,-0.0960,0.2646,-0.2800,0.7375,0.1160,9.8279,-0.0951
70.564,-0.0632,-0.1599,-0.3186,-0.0960,0.2646,-0.2955,0.7414,0.1005,9.8279,-0.0951
70.665,-0.0632,-0.1599,-0.3186,-0.1042,0.2710,-0.2870,0.7414,0.1091,9.8378,-0.0952
70.667,-0.0461,-0.1532,-0.3186,-0.0979,0.2710,-0.2870,0.7414,0.1091,9.8378,-0.0952
70.669,-0.0532,-0.1532,-0.3283,-0.0979,0.2612,-0.2870,0.7317,0.1091,9.8378,-0.0952
70.671,-0.0532,-0.1676,-0.3230,-0.0979,0.2612,-0.3016,0.7370,0.0944,9.8378,-0.0952
70.763,-0.0532,-0.1676,-0.3230,-0.1062,0.2676,-0.2931,0.7370,0.1029,9.8477,-0.0954
70.764,-0.0363,-0.1614,-0.3230,-0.1003,0.2676,-0.2931,0.7370,0.1029,9.8477,-0.0954
70.765,-0.0462,-0.1614,-0.3354,-0.1003,0.2547,-0.2931,0.7246,0.1029,9.8477,-0.0954
70.767,-0.0462,-0.1751,-0.3286,-0.1003,0.2547,-0.3068,0.7314,0.0892,9.8477,-0.0954
70.868,-0.0462,-0.1751,-0.3286,-0.1003,0.2547,-0.3068,0.7314,0.0892,9.8477,-0.0954
70.873,-0.0462,-0.1751,-0.3286,-0.1087,0.2612,-0.2984,0.7314,0.0977,9.8576,-0.0955
70.878,-0.0290,-0.1691,-0.3286,-0.1027,0.2612,-0.2984,0.7314,0.0977,9.8576,-0.0955
70.880,-0.0432,-0.1691,-0.3434,-0.1027,0.2445,-0.2984,0.7166,0.0977,9.8576,-0.0955
70.883,-0.0432,-0.1819,-0.3349,-0.1027,0.2445,-0.3110,0.7251,0.0850,9.8576,-0.0955
70.981,-0.0432,-0.1819,-0.3349,-0.1113,0.2510,-0.3026,0.7251,0.0934,9.8675,-0.0956
70.986,-0.0260,-0.1762,-0.3349,-0.1054,0.2510,-0.3026,0.7251,0.0934,9.8675,-0.0956
70.986,-0.0417,-0.1762,-0.3496,-0.1054,0.2335,-0.3026,0.7104,0.0934,9.8675,-0.0956
70.987,-0.0417,-0.1883,-0.3395,-0.1054,0.2335,-0.3142,0.7205,0.0818,9.8675,-0.0956
71.059,-0.0417,-0.1883,-0.3395,-0.1140,0.2401,-0.3059,0.7205,0.0901,9.8774,-0.0957
71.059,-0.0247,-0.1834,-0.3395,-0.1086,0.2401,-0.3059,0.7205,0.0901,9.8774,-0.0957
71.062,-0.0395,-0.1834,-0.3528,-0.1086,0.2241,-0.3059,0.7072,0.0901,9.8774,-0.0957
71.063,-0.0395,-0.1946,-0.3415,-0.1086,0.2241,-0.3164,0.7185,0.0796,9.8774,-0.0957
71.163,-0.0395,-0.1946,-0.3415,-0.1086,0.2241,-0.3164,0.7185,0.0796,9.8774,-0.0957
71.169,-0.0395,-0.1946,-0.3415,-0.1172,0.2307,-0.3082,0.7185,0.0878,9.8873,-0.0959
71.171,-0.0230,-0.1907,-0.3415,-0.1125,0.2307,-0.3082,0.7185,0.0878,9.8873,-0.0959
71.172,-0.0372,-0.1907,-0.3538,-0.1125,0.2155,-0.3082,0.7062,0.0878,9.8873,-0.0959
71.174,-0.0372,-0.2011,-0.3414,-0.1125,0.2155,-0.3174,0.7186,0.0786,9.8873,-0.0959
71.258,-0.0372,-0.2011,-0.3414,-0.1213,0.2222,-0.3094,0.7186,0.0866,9.8972,-0.0960
71.259,-0.0212,-0.1982,-0.3414,-0.1173,0.2222,-0.3094,0.7186,0.0866,9.8972,-0.0960
71.260,-0.0360,-0.1982,-0.3537,-0.1173,0.2067,-0.3094,0.7063,0.0866,9.8972,-0.0960
71.261,-0.0360,-0.2076,-0.3399,-0.1173,0.2067,-0.3171,0.7201,0.0789,9.8972,-0.0960
71.361,-0.0360,-0.2076,-0.3399,-0.1173,0.2067,-0.3171,0.7201,0.0789,9.8972,-0.0960
71.364,-0.0360,-0.2076,-0.3399,-0.1261,0.2134,-0.3092,0.7201,0.0868,9.9071,-0.0962
71.367,-0.0204,-0.2054,-0.3399,-0.1225,0.2134,-0.3092,0.7201,0.0868,9.9071,-0.0962
71.368,-0.0368,-0.2054,-0.3524,-0.1225,0.1969,-0.3092,0.7076,0.0868,9.9071,-0.0962
71.371,-0.0368,-0.2136,-0.3374,-0.1225,0.1969,-0.3152,0.7226,0.0808,9.9071,-0.0962
71.457,-0.0368,-0.2136,-0.3374,-0.1314,0.2037,-0.3074,0.7226,0.0886,9.9171,-0.0963
71.458,-0.0212,-0.2116,-0.3374,-0.1276,0.2037,-0.3074,0.7226,0.0886,9.9171,-0.0963
71.458,-0.0393,-0.2116,-0.3494,-0.1276,0.1865,-0.3074,0.7106,0.0886,9.9171,-0.0963
71.460,-0.0393,-0.2184,-0.3341,-0.1276,0.1865,-0.3116,0.7259,0.0844,9.9171,-0.0963
71.561,-0.0393,-0.2184,-0.3341,-0.1276,0.1865,-0.3116,0.7259,0.0844,9.9171,-0.0963
71.566,-0.0393,-0.2184,-0.3341,-0.1366,0.1932,-0.3039,0.7259,0.0921,9.9270,-0.0964
71.568,-0.0234,-0.2164,-0.3341,-0.1324,0.1932,-0.3039,0.7259,0.0921,9.9270,-0.0964
71.570,-0.0418,-0.2164,-0.3446,-0.1324,0.1767,-0.3039,0.7154,0.0921,9.9270,-0.0964
71.572,-0.0418,-0.2212,-0.3296,-0.1324,0.1767,-0.3059,0.7304,0.0902,9.9270,-0.0964
71.658,-0.0418,-0.2212,-0.3296,-0.1415,0.1834,-0.2983,0.7304,0.0977,9.9369,-0.0965
71.661,-0.0261,-0.2193,-0.3296,-0.1371,0.1834,-0.2983,0.7304,0.0977,9.9369,-0.0965
71.663,-0.0426,-0.2193,-0.3381,-0.1371,0.1691,-0.2983,0.7219,0.0977,9.9369,-0.0965
71.664,-0.0426,-0.2214,-0.3232,-0.1371,0.1691,-0.2974,0.7368,0.0986,9.9369,-0.0965
71.763,-0.0426,-0.2214,-0.3232,-0.1463,0.1758,-0.2900,0.7368,0.1060,9.9468,-0.0967
71.765,-0.0274,-0.2201,-0.3232,-0.1422,0.1758,-0.2900,0.7368,0.1060,9.9468,-0.0967
71.767,-0.0425,-0.2201,-0.3308,-0.1422,0.1628,-0.2900,0.7292,0.1060,9.9468,-0.0967
71.769,-0.0425,-0.2193,-0.3156,-0.1422,0.1628,-0.2861,0.7444,0.1100,9.9468,-0.0967
71.853,-0.0425,-0.2193,-0.3156,-0.1514,0.1695,-0.2788,0.7444,0.1172,9.9567,-0.0969
71.854,-0.0280,-0.2187,-0.3156,-0.1477,0.1695,-0.2788,0.7444,0.1172,9.9567,-0.0969
71.855,-0.0437,-0.2187,-0.3239,-0.1477,0.1556,-0.2788,0.7361,0.1172,9.9567,-0.0969
71.855,-0.0437,-0.2162,-0.3084,-0.1477,0.1556,-0.2730,0.7516,0.1230,9.9567,-0.0969
71.956,-0.0437,-0.2162,-0.3084,-0.1477,0.1556,-0.2730,0.7516,0.1230,9.9567,-0.0969
71.957,-0.0437,-0.2162,-0.3084,-0.1570,0.1623,-0.2657,0.7516,0.1303,9.9666,-0.0970
71.958,-0.0294,-0.2161,-0.3084,-0.1535,0.1623,-0.2657,0.7516,0.1303,9.9666,-0.0970
71.961,-0.0474,-0.2161,-0.3180,-0.1535,0.1463,-0.2657,0.7420,0.1303,9.9666,-0.0970
71.962,-0.0474,-0.2131,-0.3024,-0.1535,0.1463,-0.2593,0.7576,0.1367,9.9666,-0.0970
72.062,-0.0474,-0.2131,-0.3024,-0.1535,0.1463,-0.2593,0.7576,0.1367,9.9666,-0.0970
72.066,-0.0474,-0.2131,-0.3024,-0.1629,0.1531,-0.2521,0.7576,0.1439,9.9766,-0.0971
72.067,-0.0328,-0.2129,-0.3024,-0.1589,0.1531,-0.2521,0.7576,0.1439,9.9766,-0.0971
72.068,-0.0524,-0.2129,-0.3121,-0.1589,0.1359,-0.2521,0.7479,0.1439,9.9766,-0.0971
72.068,-0.0524,-0.2096,-0.2968,-0.1589,0.1359,-0.2452,0.7632,0.1508,9.9766,-0.0971
72.163,-0.0524,-0.2096,-0.2968,-0.1684,0.1426,-0.2381,0.7632,0.1579,9.9865,-0.0972
72.164,-0.0370,-0.2089,-0.2968,-0.1635,0.1426,-0.2381,0.7632,0.1579,9.9865,-0.0972
72.164,-0.0558,-0.2089,-0.3048,-0.1635,0.1268,-0.2381,0.7552,0.1579,9.9865,-0.0972
72.165,-0.0558,-0.2040,-0.2902,-0.1635,0.1268,-0.2298,0.7698,0.1663,9.9865,-0.0972
72.261,-0.0558,-0.2040,-0.2902,-0.1730,0.1335,-0.2228,0.7698,0.1733,9.9964,-0.0974
72.262,-0.0397,-0.2025,-0.2902,-0.1669,0.1335,-0.2228,0.7698,0.1733,9.9964,-0.0974
72.263,-0.0562,-0.2025,-0.2961,-0.1669,0.1201,-0.2228,0.7639,0.1733,9.9964,-0.0974
72.265,-0.0562,-0.1950,-0.2822,-0.1669,0.1201,-0.2123,0.7778,0.1838,9.9964,-0.0974
72.361,-0.0562,-0.1950,-0.2822,-0.1764,0.1268,-0.2053,0.7778,0.1907,10.0063,-0.0975
72.364,-0.0398,-0.1928,-0.2822,-0.1695,0.1268,-0.2053,0.7778,0.1907,10.0063,-0.0975
72.365,-0.0549,-0.1928,-0.2872,-0.1695,0.1146,-0.2053,0.7728,0.1907,10.0063,-0.0975
72.367,-0.0549,-0.1832,-0.2737,-0.1695,0.1146,-0.1931,0.7863,0.2029,10.0063,-0.0975
72.466,-0.0549,-0.1832,-0.2737,-0.1791,0.1212,-0.1861,0.7863,0.2099,10.0162,-0.0977
72.467,-0.0386,-0.1807,-0.2737,-0.1716,0.1212,-0.1861,0.7863,0.2099,10.0162,-0.0977
72.469,-0.0547,-0.1807,-0.2793,-0.1716,0.1080,-0.1861,0.7807,0.2099,10.0162,-0.0977
72.470,-0.0547,-0.1708,-0.2658,-0.1716,0.1080,-0.1736,0.7942,0.2224,10.0162,-0.0977
72.558,-0.0547,-0.1708,-0.2658,-0.1813,0.1146,-0.1666,0.7942,0.2147,10.0262,-0.0978
72.558,-0.0386,-0.1683,-0.2658,-0.1737,0.1146,-0.1666,0.7942,0.2223,10.0262,-0.0978
72.560,-0.0568,-0.1683,-0.2721,-0.1737,0.0996,-0.1666,0.7879,0.2223,10.0262,-0.0978
72.561,-0.0568,-0.1594,-0.2576,-0.1737,0.0996,-0.1546,0.8024,0.2223,10.0262,-0.0978
72.660,-0.0568,-0.1594,-0.2576,-0.1834,0.1062,-0.1476,0.8024,0.2126,10.0361,-0.0979
72.661,-0.0405,-0.1567,-0.2576,-0.1753,0.1062,-0.1476,0.8024,0.2207,10.0361,-0.0979
72.661,-0.0592,-0.1567,-0.2628,-0.1753,0.0912,-0.1476,0.7972,0.2207,10.0361,-0.0979
72.661,-0.0592,-0.1485,-0.2474,-0.1753,0.0912,-0.1359,0.8126,0.2207,10.0361,-0.0979
72.753,-0.0592,-0.1485,-0.2474,-0.1850,0.0978,-0.1289,0.8126,0.2110,10.0460,-0.0980
72.754,-0.0422,-0.1450,-0.2474,-0.1758,0.0978,-0.1289,0.8126,0.2202,10.0460,-0.0980
72.754,-0.0590,-0.1450,-0.2501,-0.1758,0.0851,-0.1289,0.8099,0.2202,10.0460,-0.0980
72.756,-0.0590,-0.1369,-0.2346,-0.1758,0.0851,-0.1171,0.8254,0.2202,10.0460,-0.0980
72.857,-0.0590,-0.1369,-0.2346,-0.1855,0.0916,-0.1102,0.8254,0.2105,10.0559,-0.0982
72.857,-0.0590,-0.1369,-0.2346,-0.1855,0.0916,-0.1102,0.8254,0.2105,10.0559,-0.0982
72.858,-0.0410,-0.1319,-0.2346,-0.1745,0.0916,-0.1102,0.8254,0.2215,10.0559,-0.0982
72.858,-0.0552,-0.1319,-0.2352,-0.1745,0.0815,-0.1102,0.8248,0.2215,10.0559,-0.0982
72.859,-0.0552,-0.1231,-0.2203,-0.1745,0.0815,-0.0980,0.8397,0.2215,10.0559,-0.0982
72.959,-0.0552,-0.1231,-0.2203,-0.1745,0.0815,-0.0980,0.8397,0.2215,10.0559,-0.0982
72.966,-0.0552,-0.1231,-0.2203,-0.1843,0.0880,-0.0911,0.8397,0.2117,10.0658,-0.0983
72.969,-0.0363,-0.1165,-0.2203,-0.1716,0.0880,-0.0911,0.8397,0.2244,10.0658,-0.0983
72.971,-0.0495,-0.1165,-0.2200,-0.1716,0.0789,-0.0911,0.8400,0.2244,10.0658,-0.0983
72.973,-0.0495,-0.1071,-0.2055,-0.1716,0.0789,-0.0785,0.8545,0.2244,10.0658,-0.0983
73.074,-0.0495,-0.1071,-0.2055,-0.1716,0.0789,-0.0785,0.8545,0.2244,10.0658,-0.0983
73.091,-0.0495,-0.1071,-0.2055,-0.1814,0.0854,-0.0717,0.8545,0.2146,10.0757,-0.0985
73.092,-0.0308,-0.0994,-0.2055,-0.1679,0.0854,-0.0717,0.8545,0.2281,10.0757,-0.0985
73.092,-0.0450,-0.0994,-0.2052,-0.1679,0.0756,-0.0717,0.8548,0.2281,10.0757,-0.0985
73.092,-0.0450,-0.0903,-0.1900,-0.1679,0.0756,-0.0590,0.8700,0.2281,10.0757,-0.0985
73.193,-0.0450,-0.0903,-0.1900,-0.1679,0.0756,-0.0590,0.8700,0.2281,10.0757,-0.0985
73.223,-0.0450,-0.0903,-0.1900,-0.1777,0.0820,-0.0521,0.8700,0.2183,10.0857,-0.0986
73.224,-0.0273,-0.0826,-0.1900,-0.1645,0.0820,-0.0521,0.8700,0.2315,10.0857,-0.0986
73.225,-0.0430,-0.0826,-0.1895,-0.1645,0.0712,-0.0521,0.8705,0.2315,10.0857,-0.0986
73.226,-0.0430,-0.0743,-0.1729,-0.1645,0.0712,-0.0396,0.8871,0.2315,10.0857,-0.0986
73.326,-0.0430,-0.0743,-0.1729,-0.1645,0.0712,-0.0396,0.8871,0.2315,10.0857,-0.0986
73.335,-0.0430,-0.0743,-0.1729,-0.1744,0.0775,-0.0327,0.8871,0.2216,10.0956,-0.0987
73.336,-0.0257,-0.0663,-0.1729,-0.1609,0.0775,-0.0327,0.8871,0.2351,10.0956,-0.0987
73.337,-0.0412,-0.0663,-0.1713,-0.1609,0.0672,-0.0327,0.8887,0.2351,10.0956,-0.0987
73.337,-0.0412,-0.0589,-0.1538,-0.1609,0.0672,-0.0204,0.9062,0.2351,10.0956,-0.0987
73.415,-0.0412,-0.0589,-0.1538,-0.1708,0.0735,-0.0137,0.9062,0.2252,10.1055,-0.0988
73.415,-0.0233,-0.0495,-0.1538,-0.1560,0.0735,-0.0137,0.9062,0.2400,10.1055,-0.0988
73.416,-0.0369,-0.0495,-0.1508,-0.1560,0.0651,-0.0137,0.9092,0.2400,10.1055,-0.0988
73.418,-0.0369,-0.0424,-0.1334,-0.1560,0.0651,-0.0015,0.9266,0.2400,10.1055,-0.0988
73.497,-0.0369,-0.0424,-0.1334,-0.1659,0.0713,0.0052,0.9266,0.2301,10.1154,-0.0990
73.499,-0.0183,-0.0315,-0.1334,-0.1497,0.0713,0.0052,0.9266,0.2463,10.1154,-0.0990
73.501,-0.0303,-0.0315,-0.1293,-0.1497,0.0645,0.0052,0.9307,0.2463,10.1154,-0.0990
73.503,-0.0303,-0.0240,-0.1125,-0.1497,0.0645,0.0174,0.9475,0.2463,10.1154,-0.0990
73.583,-0.0303,-0.0240,-0.1125,-0.1596,0.0706,0.0241,0.9475,0.2364,10.1253,-0.0991
73.585,-0.0119,-0.0123,-0.1125,-0.1429,0.0706,0.0241,0.9475,0.2531,10.1253,-0.0991
73.587,-0.0241,-0.0123,-0.1083,-0.1429,0.0638,0.0241,0.9517,0.2531,10.1253,-0.0991
73.588,-0.0241,-0.0045,-0.0915,-0.1429,0.0638,0.0366,0.9685,0.2531,10.1253,-0.0991
73.668,-0.0241,-0.0045,-0.0915,-0.1528,0.0699,0.0433,0.9685,0.2432,10.1352,-0.0993
73.669,-0.0062,0.0074,-0.0915,-0.1362,0.0699,0.0433,0.9685,0.2598,10.1352,-0.0993
73.671,-0.0196,0.0074,-0.0875,-0.1362,0.0621,0.0433,0.9725,0.2598,10.1352,-0.0993
73.672,-0.0196,0.0150,-0.0703,-0.1362,0.0621,0.0559,0.9897,0.2598,10.1352,-0.0993
73.757,-0.0196,0.0150,-0.0703,-0.1461,0.0681,0.0625,0.9897,0.2499,10.1452,-0.0994
73.758,-0.0022,0.0271,-0.0703,-0.1295,0.0681,0.0625,0.9897,0.2665,10.1452,-0.0994
73.760,-0.0163,0.0271,-0.0663,-0.1295,0.0598,0.0625,0.9937,0.2665,10.1452,-0.0994
73.761,-0.0163,0.0339,-0.0483,-0.1295,0.0598,0.0749,1.0117,0.2665,10.1452,-0.0994
73.861,-0.0163,0.0339,-0.0483,-0.1295,0.0598,0.0749,1.0117,0.2665,10.1452,-0.0994
73.889,-0.0163,0.0339,-0.0483,-0.1395,0.0657,0.0815,1.0117,0.2565,10.1551,-0.0995
73.893,0.0010,0.0467,-0.0483,-0.1225,0.0657,0.0815,1.0117,0.2735,10.1551,-0.0995
73.895,-0.0123,0.0467,-0.0438,-0.1225,0.0582,0.0815,1.0162,0.2735,10.1551,-0.0995
73.896,-0.0123,0.0528,-0.0256,-0.1225,0.0582,0.0935,1.0344,0.2735,10.1551,-0.0995
73.996,-0.0123,0.0528,-0.0256,-0.1225,0.0582,0.0935,1.0344,0.2735,10.1551,-0.0995
74.043,-0.0123,0.0528,-0.0256,-0.1324,0.0641,0.1000,1.0344,0.2636,10.1650,-0.0997
74.045,0.0049,0.0666,-0.0256,-0.1147,0.0641,0.1000,1.0344,0.2813,10.1650,-0.0997
74.047,-0.0074,0.0666,-0.0204,-0.1147,0.0576,0.1000,1.0396,0.2813,10.1650,-0.0997
74.048,-0.0074,0.0719,-0.0024,-0.1147,0.0576,0.1114,1.0526,0.2813,10.1650,-0.0997
74.148,-0.0074,0.0719,-0.0024,-0.1147,0.0576,0.1114,1.0526,0.2813,10.1650,-0.0997
74.195,-0.0074,0.0719,-0.0024,-0.1246,0.0634,0.1178,1.0526,0.2714,10.1749,-0.0998
74.204,0.0097,0.0866,-0.0024,-0.1064,0.0634,0.1178,1.0576,0.2896,10.1749,-0.0998
74.205,-0.0021,0.0866,0.0036,-0.1064,0.0578,0.1178,1.0579,0.2896,10.1749,-0.0998
74.207,-0.0021,0.0907,0.0212,-0.1064,0.0578,0.1283,1.0579,0.2896,10.1749,-0.0998
74.307,-0.0021,0.0907,0.0212,-0.1064,0.0578,0.1283,1.0579,0.2896,10.1749,-0.0998
74.339,-0.0021,0.0907,0.0212,-0.1164,0.0635,0.1347,1.0579,0.2796,10.1848,-0.1000
74.340,0.0146,0.1060,0.0212,-0.0980,0.0635,0.1347,1.0746,0.2980,10.1848,-0.1000
74.341,0.0029,0.1060,0.0275,-0.0980,0.0582,0.1347,1.0629,0.2980,10.1848,-0.1000
74.343,0.0029,0.1090,0.0452,-0.0980,0.0582,0.1445,1.0629,0.2980,10.1848,-0.1000
74.444,0.0029,0.1090,0.0452,-0.0980,0.0582,0.1445,1.0629,0.2980,10.1848,-0.1000
74.453,0.0029,0.1090,0.0452,-0.1079,0.0638,0.1509,1.0629,0.2881,10.1947,-0.1001
74.454,0.0193,0.1245,0.0452,-0.0896,0.0638,0.1509,1.0793,0.3064,10.1947,-0.1001
74.455,0.0074,0.1245,0.0517,-0.0896,0.0584,0.1509,1.0674,0.3064,10.1947,-0.1001
74.457,0.0074,0.1263,0.0690,-0.0896,0.0584,0.1598,1.0674,0.3064,10.1947,-0.1001
74.540,0.0074,0.1263,0.0690,-0.0995,0.0640,0.1661,1.0674,0.2965,10.2047,-0.1002
74.542,0.0239,0.1419,0.0690,-0.0810,0.0640,0.1661,1.0839,0.3150,10.2047,-0.1002
74.544,0.0117,0.1419,0.0757,-0.0810,0.0587,0.1661,1.0717,0.3150,10.2047,-0.1002
74.546,0.0117,0.1419,0.0915,-0.0810,0.0587,0.1733,1.0717,0.3150,10.2047,-0.1002
74.619,0.0117,0.1419,0.0915,-0.0909,0.0642,0.1794,1.0717,0.3051,10.2146,-0.1003
74.620,0.0278,0.1576,0.0915,-0.0726,0.0642,0.1794,1.0878,0.3234,10.2146,-0.1003
74.621,0.0158,0.1576,0.0983,-0.0726,0.0592,0.1794,1.0758,0.3234,10.2146,-0.1003
74.622,0.0158,0.1553,0.1127,-0.0726,0.0592,0.1845,1.0758,0.3234,10.2146,-0.1003
74.696,0.0158,0.1553,0.1127,-0.0825,0.0646,0.1906,1.0758,0.3135,10.2245,-0.1005
74.698,0.0305,0.1710,0.1127,-0.0649,0.0646,0.1906,1.0905,0.3311,10.2245,-0.1005
74.699,0.0190,0.1710,0.1197,-0.0649,0.0601,0.1906,1.0790,0.3311,10.2245,-0.1005
74.701,0.0190,0.1674,0.1337,-0.0649,0.0601,0.1948,1.0790,0.3311,10.2245,-0.1005
74.776,0.0190,0.1674,0.1337,-0.0748,0.0654,0.2008,1.0790,0.3212,10.2344,-0.1006
74.777,0.0326,0.1835,0.1337,-0.0575,0.0654,0.2008,1.0926,0.3385,10.2344,-0.1006
74.779,0.0213,0.1835,0.1402,-0.0575,0.0609,0.2008,1.0813,0.3385,10.2344,-0.1006
74.780,0.0213,0.1804,0.1549,-0.0575,0.0609,0.2058,1.0813,0.3385,10.2344,-0.1006
74.858,0.0213,0.1804,0.1549,-0.0674,0.0662,0.2118,1.0813,0.3286,10.2443,-0.1008
74.859,0.0344,0.1969,0.1549,-0.0502,0.0662,0.2118,1.0944,0.3458,10.2443,-0.1008
74.861,0.0230,0.1969,0.1614,-0.0502,0.0618,0.2118,1.0830,0.3458,10.2443,-0.1008
74.862,0.0230,0.1943,0.1762,-0.0502,0.0618,0.2172,1.0830,0.3458,10.2443,-0.1008
74.943,0.0230,0.1943,0.1762,-0.0601,0.0670,0.2231,1.0830,0.3359,10.2542,-0.1009
74.944,0.0358,0.2108,0.1762,-0.0430,0.0670,0.2231,1.0958,0.3530,10.2542,-0.1009
74.945,0.0243,0.2108,0.1828,-0.0430,0.0627,0.2231,1.0843,0.3530,10.2542,-0.1009
74.947,0.0243,0.2075,0.1965,-0.0430,0.0627,0.2277,1.0843,0.3530,10.2542,-0.1009
75.025,0.0243,0.2075,0.1965,-0.0529,0.0678,0.2335,1.0843,0.3431,10.2642,-0.1010
75.027,0.0368,0.2239,0.1965,-0.0360,0.0678,0.2335,1.0968,0.3600,10.2642,-0.1010
75.029,0.0248,0.2239,0.2024,-0.0360,0.0629,0.2335,1.0848,0.3600,10.2642,-0.1010
75.031,0.0248,0.2186,0.2146,-0.0360,0.0629,0.2361,1.0848,0.3600,10.2642,-0.1010
75.128,0.0248,0.2186,0.2146,-0.0459,0.0680,0.2418,1.0848,0.3501,10.2741,-0.1012
75.130,0.0361,0.2348,0.2146,-0.0297,0.0680,0.2418,1.0961,0.3663,10.2741,-0.1012
75.130,0.0233,0.2348,0.2194,-0.0297,0.0622,0.2418,1.0833,0.3663,10.2741,-0.1012
75.131,0.0233,0.2273,0.2301,-0.0297,0.0622,0.2425,1.0833,0.3663,10.2741,-0.1012
75.196,0.0233,0.2273,0.2301,-0.0396,0.0672,0.2481,1.0833,0.3564,10.2840,-0.1013
75.196,0.0328,0.2435,0.2301,-0.0245,0.0672,0.2481,1.0928,0.3715,10.2840,-0.1013
75.196,0.0194,0.2435,0.2338,-0.0245,0.0606,0.2481,1.0794,0.3715,10.2840,-0.1013
75.197,0.0194,0.2352,0.2436,-0.0245,0.0606,0.2481,1.0794,0.3715,10.2840,-0.1013
75.263,0.0194,0.2352,0.2436,-0.0344,0.0655,0.2535,1.0794,0.3616,10.2939,-0.1014
75.263,0.0262,0.2512,0.2436,-0.0209,0.0655,0.2535,1.0862,0.3751,10.2939,-0.1014
75.263,0.0125,0.2512,0.2457,-0.0209,0.0579,0.2535,1.0725,0.3751,10.2939,-0.1014
75.264,0.0125,0.2439,0.2553,-0.0209,0.0579,0.2540,1.0725,0.3751,10.2939,-0.1014
75.360,0.0125,0.2439,0.2553,-0.0308,0.0628,0.2594,1.0725,0.3652,10.3038,-0.1016
75.362,0.0170,0.2597,0.2553,-0.0187,0.0628,0.2594,1.0770,0.3773,10.3038,-0.1016
75.363,0.0027,0.2597,0.2557,-0.0187,0.0540,0.2594,1.0627,0.3773,10.3038,-0.1016
75.366,0.0027,0.2538,0.2653,-0.0187,0.0540,0.2608,1.0627,0.3773,10.3038,-0.1016
75.466,0.0027,0.2538,0.2653,-0.0187,0.0540,0.2608,1.0627,0.3773,10.3038,-0.1016
75.471,0.0027,0.2538,0.2653,-0.0286,0.0588,0.2661,1.0627,0.3674,10.3137,-0.1017
75.472,0.0064,0.2693,0.2653,-0.0171,0.0588,0.2661,1.0664,0.3789,10.3137,-0.1017
75.473,-0.0081,0.2693,0.2643,-0.0171,0.0493,0.2661,1.0519,0.3789,10.3137,-0.1017
75.477,-0.0081,0.2638,0.2738,-0.0171,0.0493,0.2677,1.0519,0.3789,10.3137,-0.1017
75.560,-0.0081,0.2638,0.2738,-0.0270,0.0540,0.2730,1.0519,0.3690,10.3237,-0.1018
75.561,-0.0049,0.2787,0.2738,-0.0160,0.0540,0.2730,1.0551,0.3800,10.3237,-0.1018
75.563,-0.0196,0.2787,0.2719,-0.0160,0.0439,0.2730,1.0404,0.3800,10.3237,-0.1018
75.564,-0.0196,0.2717,0.2802,-0.0160,0.0439,0.2731,1.0404,0.3800,10.3237,-0.1018
75.665,-0.0196,0.2717,0.2802,-0.0259,0.0487,0.2783,1.0404,0.3701,10.3336,-0.1020
75.666,-0.0170,0.2862,0.2802,-0.0155,0.0487,0.2783,1.0430,0.3805,10.3336,-0.1020
75.669,-0.0322,0.2862,0.2770,-0.0155,0.0375,0.2783,1.0278,0.3805,10.3336,-0.1020
75.671,-0.0322,0.2759,0.2820,-0.0155,0.0375,0.2749,1.0278,0.3805,10.3336,-0.1020
75.771,-0.0322,0.2759,0.2820,-0.0155,0.0375,0.2749,1.0278,0.3805,10.3336,-0.1020
75.779,-0.0322,0.2759,0.2820,-0.0254,0.0423,0.2801,1.0278,0.3706,10.3435,-0.1021
75.780,-0.0307,0.2902,0.2820,-0.0156,0.0423,0.2801,1.0293,0.3804,10.3435,-0.1021
75.782,-0.0466,0.2902,0.2759,-0.0156,0.0290,0.2801,1.0134,0.3804,10.3435,-0.1021
75.782,-0.0466,0.2780,0.2774,-0.0156,0.0290,0.2737,1.0134,0.3804,10.3435,-0.1021
75.869,-0.0466,0.2780,0.2774,-0.0255,0.0337,0.2788,1.0134,0.3705,10.3534,-0.1023
75.870,-0.0467,0.2919,0.2774,-0.0168,0.0337,0.2788,1.0133,0.3792,10.3534,-0.1023
75.872,-0.0632,0.2919,0.2670,-0.0168,0.0175,0.2788,0.9968,0.3792,10.3534,-0.1023
75.877,-0.0632,0.2802,0.2675,-0.0168,0.0175,0.2723,0.9968,0.3792,10.3534,-0.1023
75.960,-0.0632,0.2802,0.2675,-0.0267,0.0223,0.2773,0.9968,0.3693,10.3633,-0.1024
75.960,-0.0644,0.2928,0.2675,-0.0194,0.0223,0.2773,0.9956,0.3766,10.3633,-0.1024
75.962,-0.0799,0.2928,0.2549,-0.0194,0.0054,0.2773,0.9801,0.3766,10.3633,-0.1024
75.963,-0.0799,0.2820,0.2562,-0.0194,0.0054,0.2717,0.9801,0.3766,10.3633,-0.1024
76.063,-0.0799,0.2820,0.2562,-0.0194,0.0054,0.2717,0.9801,0.3766,10.3633,-0.1024
76.068,-0.0799,0.2820,0.2562,-0.0293,0.0103,0.2767,0.9801,0.3667,10.3732,-0.1025
76.070,-0.0814,0.2929,0.2562,-0.0232,0.0103,0.2767,0.9786,0.3728,10.3732,-0.1025
76.072,-0.0956,0.2929,0.2440,-0.0232,-0.0056,0.2767,0.9644,0.3728,10.3732,-0.1025
76.077,-0.0956,0.2813,0.2450,-0.0232,-0.0056,0.2704,0.9644,0.3728,10.3732,-0.1025
76.178,-0.0956,0.2813,0.2450,-0.0232,-0.0056,0.2704,0.9644,0.3728,10.3732,-0.1025
76.192,-0.0956,0.2813,0.2450,-0.0331,-0.0007,0.2753,0.9644,0.3629,10.3832,-0.1026
76.209,-0.0971,0.2911,0.2450,-0.0277,-0.0007,0.2753,0.9629,0.3683,10.3832,-0.1026
76.209,-0.1103,0.2911,0.2332,-0.0277,-0.0159,0.2753,0.9497,0.3683,10.3832,-0.1026
76.209,-0.1103,0.2777,0.2321,-0.0277,-0.0159,0.2670,0.9497,0.3683,10.3832,-0.1026
76.310,-0.1103,0.2777,0.2321,-0.0277,-0.0159,0.2670,0.9497,0.3683,10.3832,-0.1026
76.317,-0.1103,0.2777,0.2321,-0.0375,-0.0109,0.2718,0.9497,0.3585,10.3931,-0.1028
76.334,-0.1115,0.2867,0.2321,-0.0324,-0.0109,0.2718,0.9485,0.3636,10.3931,-0.1028
76.335,-0.1228,0.2867,0.2189,-0.0324,-0.0257,0.2718,0.9372,0.3636,10.3931,-0.1028
76.337,-0.1228,0.2722,0.2151,-0.0324,-0.0257,0.2614,0.9372,0.3636,10.3931,-0.1028
76.437,-0.1228,0.2722,0.2151,-0.0324,-0.0257,0.2614,0.9372,0.3636,10.3931,-0.1028
76.441,-0.1228,0.2722,0.2151,-0.0422,-0.0206,0.2662,0.9372,0.3538,10.4030,-0.1029
76.442,-0.1240,0.2806,0.2151,-0.0375,-0.0206,0.2662,0.9360,0.3585,10.4030,-0.1029
76.442,-0.1315,0.2806,0.1999,-0.0375,-0.0344,0.2662,0.9285,0.3585,10.4030,-0.1029
76.453,-0.1315,0.2656,0.1940,-0.0375,-0.0344,0.2545,0.9285,0.3585,10.4030,-0.1029
76.543,-0.1315,0.2656,0.1940,-0.0472,-0.0292,0.2593,0.9285,0.3488,10.4129,-0.1031
76.545,-0.1317,0.2737,0.1940,-0.0422,-0.0292,0.2593,0.9283,0.3538,10.4129,-0.1031
76.561,-0.1352,0.2737,0.1778,-0.0422,-0.0410,0.2593,0.9248,0.3538,10.4129,-0.1031
76.563,-0.1352,0.2590,0.1716,-0.0422,-0.0410,0.2474,0.9248,0.3538,10.4129,-0.1031
76.659,-0.1352,0.2590,0.1716,-0.0519,-0.0356,0.2522,0.9248,0.3441,10.4228,-0.1032
76.660,-0.1322,0.2676,0.1716,-0.0449,-0.0356,0.2522,0.9278,0.3511,10.4228,-0.1032
76.674,-0.1339,0.2676,0.1561,-0.0449,-0.0457,0.2522,0.9261,0.3503,10.4228,-0.1032
76.676,-0.1339,0.2529,0.1500,-0.0449,-0.0457,0.2403,0.9261,0.3503,10.4228,-0.1032
76.776,-0.1339,0.2529,0.1500,-0.0449,-0.0457,0.2403,0.9261,0.3503,10.4228,-0.1032
76.800,-0.1339,0.2529,0.1500,-0.0546,-0.0401,0.2451,0.9261,0.3414,10.4327,-0.1033
76.802,-0.1252,0.2628,0.1500,-0.0437,-0.0401,0.2451,0.9348,0.3523,10.4327,-0.1033
76.802,-0.1272,0.2628,0.1358,-0.0437,-0.0497,0.2451,0.9328,0.3464,10.4327,-0.1033
76.803,-0.1272,0.2477,0.1296,-0.0437,-0.0497,0.2329,0.9328,0.3464,10.4327,-0.1033
76.872,-0.1272,0.2477,0.1296,-0.0534,-0.0438,0.2377,0.9328,0.3426,10.4426,-0.1034
76.874,-0.1130,0.2585,0.1296,-0.0390,-0.0438,0.2377,0.9470,0.3522,10.4426,-0.1034
76.875,-0.1149,0.2585,0.1164,-0.0390,-0.0526,0.2377,0.9451,0.3434,10.4426,-0.1034
76.876,-0.1149,0.2431,0.1094,-0.0390,-0.0526,0.2248,0.9451,0.3434,10.4426,-0.1034
76.945,-0.1149,0.2431,0.1094,-0.0487,-0.0466,0.2296,0.9451,0.3473,10.4525,-0.1036
76.946,-0.0971,0.2538,0.1094,-0.0325,-0.0466,0.2296,0.9629,0.3494,10.4525,-0.1036
76.946,-0.0969,0.2538,0.0974,-0.0325,-0.0532,0.2296,0.9631,0.3429,10.4525,-0.1036
76.948,-0.0969,0.2384,0.0893,-0.0325,-0.0532,0.2162,0.9631,0.3429,10.4525,-0.1036
77.036,-0.0969,0.2384,0.0893,-0.0422,-0.0470,0.2209,0.9631,0.3490,10.4624,-0.1037
77.037,-0.0801,0.2481,0.0893,-0.0270,-0.0470,0.2209,0.9799,0.3490,10.4624,-0.1037
77.037,-0.0759,0.2481,0.0792,-0.0270,-0.0498,0.2209,0.9841,0.3462,10.4624,-0.1037
77.038,-0.0759,0.2329,0.0707,-0.0270,-0.0498,0.2073,0.9841,0.3462,10.4624,-0.1037
77.110,-0.0759,0.2329,0.0707,-0.0368,-0.0435,0.2121,0.9841,0.3526,10.4724,-0.1038
77.111,-0.0621,0.2425,0.0707,-0.0234,-0.0435,0.2121,0.9979,0.3526,10.4724,-0.1038
77.111,-0.0548,0.2425,0.0631,-0.0234,-0.0426,0.2121,1.0052,0.3535,10.4724,-0.1038
77.112,-0.0548,0.2275,0.0545,-0.0234,-0.0426,0.1986,1.0052,0.3535,10.4724,-0.1038
77.188,-0.0548,0.2275,0.0545,-0.0331,-0.0360,0.2034,1.0052,0.3600,10.4823,-0.1040
77.188,-0.0412,0.2388,0.0545,-0.0190,-0.0360,0.2034,1.0188,0.3600,10.4823,-0.1040
77.189,-0.0324,0.2388,0.0495,-0.0190,-0.0326,0.2034,1.0276,0.3634,10.4823,-0.1040
77.189,-0.0324,0.2235,0.0408,-0.0190,-0.0326,0.1895,1.0276,0.3634,10.4823,-0.1040
77.268,-0.0324,0.2235,0.0408,-0.0287,-0.0259,0.1943,1.0276,0.3673,10.4922,-0.1041
77.270,-0.0143,0.2377,0.0408,-0.0104,-0.0259,0.1943,1.0457,0.3702,10.4922,-0.1041
77.272,-0.0059,0.2377,0.0375,-0.0104,-0.0217,0.1943,1.0541,0.3743,10.4922,-0.1041
77.274,-0.0059,0.2219,0.0282,-0.0104,-0.0217,0.1797,1.0541,0.3743,10.4922,-0.1041
77.367,-0.0059,0.2219,0.0282,-0.0202,-0.0148,0.1846,1.0541,0.3758,10.5021,-0.1042
77.369,0.0177,0.2373,0.0282,0.0019,-0.0148,0.1846,1.0777,0.3812,10.5021,-0.1042
77.371,0.0242,0.2373,0.0252,0.0019,-0.0118,0.1846,1.0842,0.3842,10.5021,-0.1042
77.372,0.0242,0.2211,0.0152,0.0019,-0.0118,0.1693,1.0752,0.3842,10.5021,-0.1042
77.466,0.0242,0.2211,0.0152,-0.0078,-0.0048,0.1742,1.0752,0.3882,10.5120,-0.1043
77.467,0.0487,0.2339,0.0152,0.0133,-0.0048,0.1742,1.0752,0.3912,10.5120,-0.1043
77.473,0.0541,0.2339,0.0130,0.0133,-0.0021,0.1742,1.0730,0.3940,10.5120,-0.1043
77.479,0.0541,0.2178,0.0025,0.0133,-0.0021,0.1585,1.0625,0.3940,10.5120,-0.1043
77.555,0.0541,0.2178,0.0025,0.0035,0.0050,0.1634,1.0625,0.3995,10.5220,-0.1045
77.556,0.0772,0.2282,0.0025,0.0224,0.0050,0.1634,1.0625,0.4010,10.5220,-0.1045
77.558,0.0829,0.2282,0.0025,0.0224,0.0092,0.1634,1.0625,0.4052,10.5220,-0.1045
77.560,0.0829,0.2121,-0.0085,0.0224,0.0092,0.1475,1.0515,0.4052,10.5220,-0.1045
77.656,0.0829,0.2121,-0.0085,0.0126,0.0164,0.1525,1.0515,0.4086,10.5319,-0.1046
77.658,0.1029,0.2218,-0.0085,0.0293,0.0164,0.1525,1.0515,0.4124,10.5319,-0.1046
77.660,0.1107,0.2218,-0.0048,0.0293,0.0238,0.1525,1.0552,0.4198,10.5319,-0.1046
77.662,0.1107,0.2057,-0.0161,0.0293,0.0238,0.1363,1.0439,0.4198,10.5319,-0.1046
77.758,0.1107,0.2057,-0.0161,0.0195,0.0310,0.1413,1.0439,0.4155,10.5418,-0.1047
77.760,0.1269,0.2157,-0.0161,0.0342,0.0310,0.1413,1.0439,0.4270,10.5418,-0.1047
77.762,0.1372,0.2157,-0.0089,0.0342,0.0418,0.1413,1.0511,0.4302,10.5418,-0.1047
77.764,0.1372,0.1997,-0.0203,0.0342,0.0418,0.1250,1.0397,0.4302,10.5418,-0.1047
77.861,0.1372,0.1997,-0.0203,0.0244,0.0491,0.1300,1.0397,0.4204,10.5517,-0.1048
77.863,0.1507,0.2097,-0.0203,0.0376,0.0491,0.1300,1.0397,0.4336,10.5517,-0.1048
77.865,0.1612,0.2097,-0.0118,0.0376,0.0605,0.1300,1.0482,0.4336,10.5517,-0.1048
77.867,0.1612,0.1936,-0.0234,0.0376,0.0605,0.1135,1.0366,0.4336,10.5517,-0.1048
77.968,0.1612,0.1936,-0.0234,0.0376,0.0605,0.1135,1.0366,0.4336,10.5517,-0.1048
77.971,0.1612,0.1936,-0.0234,0.0278,0.0679,0.1186,1.0366,0.4238,10.5616,-0.1050
77.976,0.1754,0.2023,-0.0234,0.0406,0.0679,0.1186,1.0366,0.4366,10.5616,-0.1050
77.977,0.1840,0.2023,-0.0156,0.0406,0.0777,0.1186,1.0444,0.4366,10.5616,-0.1050
77.977,0.1840,0.1864,-0.0270,0.0406,0.0777,0.1021,1.0330,0.4366,10.5616,-0.1050
78.065,0.1840,0.1864,-0.0270,0.0308,0.0851,0.1072,1.0330,0.4268,10.5716,-0.1051
78.067,0.2020,0.1919,-0.0270,0.0441,0.0851,0.1072,1.0330,0.4401,10.5716,-0.1051
78.069,0.2091,0.1919,-0.0194,0.0441,0.0935,0.1072,1.0406,0.4401,10.5716,-0.1051
78.071,0.2091,0.1769,-0.0300,0.0441,0.0935,0.0917,1.0300,0.4401,10.5716,-0.1051
78.154,0.2091,0.1769,-0.0300,0.0342,0.1009,0.0969,1.0300,0.4302,10.5815,-0.1052
78.156,0.2272,0.1796,-0.0300,0.0462,0.1009,0.0969,1.0300,0.4422,10.5815,-0.1052
78.158,0.2346,0.1796,-0.0203,0.0462,0.1105,0.0969,1.0397,0.4422,10.5815,-0.1052
78.159,0.2346,0.1665,-0.0292,0.0462,0.1105,0.0833,1.0308,0.4422,10.5815,-0.1052
78.256,0.2346,0.1665,-0.0292,0.0363,0.1180,0.0886,1.0308,0.4323,10.5914,-0.1054
78.260,0.2492,0.1690,-0.0292,0.0461,0.1180,0.0886,1.0308,0.4421,10.5914,-0.1054
78.262,0.2586,0.1690,-0.0160,0.0461,0.1305,0.0886,1.0440,0.4421,10.5914,-0.1054
78.264,0.2586,0.1574,-0.0235,0.0461,0.1305,0.0768,1.0365,0.4421,10.5914,-0.1054
78.361,0.2586,0.1574,-0.0235,0.0362,0.1379,0.0821,1.0365,0.4322,10.6013,-0.1055
78.363,0.2706,0.1606,-0.0235,0.0449,0.1379,0.0821,1.0365,0.4409,10.6013,-0.1055
78.365,0.2816,0.1606,-0.0081,0.0449,0.1523,0.0821,1.0519,0.4409,10.6013,-0.1055
78.367,0.2816,0.1497,-0.0146,0.0449,0.1523,0.0711,1.0454,0.4409,10.6013,-0.1055
78.464,0.2816,0.1497,-0.0146,0.0350,0.1598,0.0765,1.0454,0.4310,10.6112,-0.1056
78.465,0.2942,0.1527,-0.0146,0.0440,0.1598,0.0765,1.0454,0.4400,10.6112,-0.1056
78.467,0.3047,0.1527,0.0008,0.0440,0.1738,0.0765,1.0608,0.4400,10.6112,-0.1056
78.468,0.3047,0.1420,-0.0050,0.0440,0.1738,0.0659,1.0550,0.4400,10.6112,-0.1056
78.560,0.3047,0.1420,-0.0050,0.0341,0.1812,0.0713,1.0550,0.4301,10.6211,-0.1058
78.561,0.3195,0.1429,-0.0050,0.0433,0.1812,0.0713,1.0550,0.4393,10.6211,-0.1058
78.563,0.3285,0.1429,0.0095,0.0433,0.1936,0.0713,1.0695,0.4393,10.6211,-0.1058
78.564,0.3285,0.1324,0.0046,0.0433,0.1936,0.0613,1.0646,0.4393,10.6211,-0.1058
78.665,0.3285,0.1324,0.0046,0.0433,0.1936,0.0613,1.0646,0.4393,10.6211,-0.1058
78.666,0.3285,0.1324,0.0046,0.0334,0.2011,0.0667,1.0646,0.4294,10.6311,-0.1059
78.668,0.3432,0.1311,0.0046,0.0416,0.2011,0.0667,1.0646,0.4376,10.6311,-0.1059
78.670,0.3508,0.1311,0.0185,0.0416,0.2121,0.0667,1.0785,0.4376,10.6311,-0.1059
78.672,0.3508,0.1211,0.0153,0.0416,0.2121,0.0577,1.0753,0.4376,10.6311,-0.1059
78.771,0.3508,0.1211,0.0153,0.0317,0.2195,0.0632,1.0753,0.4277,10.6410,-0.1060
78.773,0.3634,0.1192,0.0153,0.0384,0.2195,0.0632,1.0753,0.4344,10.6410,-0.1060
78.778,0.3706,0.1192,0.0293,0.0384,0.2302,0.0632,1.0893,0.4344,10.6410,-0.1060
78.780,0.3706,0.1100,0.0290,0.0384,0.2302,0.0562,1.0890,0.4344,10.6410,-0.1060
78.880,0.3706,0.1100,0.0290,0.0284,0.2377,0.0618,1.0890,0.4244,10.6509,-0.1061
78.883,0.3814,0.1079,0.0290,0.0340,0.2377,0.0618,1.0890,0.4300,10.6509,-0.1061
78.885,0.3890,0.1079,0.0437,0.0340,0.2488,0.0618,1.1037,0.4300,10.6509,-0.1061
78.888,0.3890,0.1000,0.0470,0.0340,0.2488,0.0575,1.1070,0.4300,10.6509,-0.1061
78.985,0.3890,0.1000,0.0470,0.0241,0.2562,0.0630,1.1070,0.4201,10.6608,-0.1062
78.988,0.3983,0.0972,0.0470,0.0285,0.2562,0.0630,1.1070,0.4245,10.6608,-0.1062
78.990,0.4059,0.0972,0.0620,0.0285,0.2675,0.0630,1.1220,0.4245,10.6608,-0.1062
78.995,0.4059,0.0903,0.0689,0.0285,0.2675,0.0612,1.1289,0.4245,10.6608,-0.1062
79.089,0.4059,0.0903,0.0689,0.0186,0.2749,0.0667,1.1289,0.4146,10.6707,-0.1064
79.089,0.4131,0.0859,0.0689,0.0211,0.2749,0.0667,1.1289,0.4171,10.6707,-0.1064
79.098,0.4201,0.0859,0.0837,0.0211,0.2854,0.0667,1.1437,0.4171,10.6707,-0.1064
79.099,0.4201,0.0799,0.0940,0.0211,0.2854,0.0674,1.1399,0.4171,10.6707,-0.1064
79.182,0.4201,0.0799,0.0940,0.0112,0.2928,0.0728,1.1399,0.4072,10.6806,-0.1065
79.186,0.4251,0.0739,0.0940,0.0115,0.2928,0.0728,1.1339,0.4075,10.6806,-0.1065
79.186,0.4310,0.0739,0.1082,0.0115,0.3023,0.0728,1.1339,0.4075,10.6806,-0.1065
79.187,0.4310,0.0683,0.1212,0.0115,0.3023,0.0752,1.1283,0.4075,10.6806,-0.1065
79.262,0.4310,0.0683,0.1212,0.0016,0.3096,0.0806,1.1283,0.3976,10.6906,-0.1066
79.263,0.4344,0.0615,0.1212,0.0008,0.3096,0.0806,1.1215,0.3968,10.6906,-0.1066
79.263,0.4397,0.0615,0.1350,0.0008,0.3183,0.0806,1.1215,0.3968,10.6906,-0.1066
79.264,0.4397,0.0556,0.1482,0.0008,0.3183,0.0830,1.1156,0.3968,10.6906,-0.1066
79.365,0.4397,0.0556,0.1482,0.0008,0.3183,0.0830,1.1156,0.3968,10.6906,-0.1066
79.367,0.4397,0.0556,0.1482,-0.0091,0.3257,0.0883,1.1156,0.3869,10.7005,-0.1068
79.369,0.4420,0.0483,0.1482,-0.0109,0.3257,0.0883,1.1083,0.3851,10.7005,-0.1068
79.370,0.4471,0.0483,0.1619,-0.0109,0.3342,0.0883,1.1083,0.3851,10.7005,-0.1068
79.370,0.4471,0.0422,0.1740,-0.0109,0.3342,0.0899,1.1022,0.3851,10.7005,-0.1068
79.455,0.4471,0.0422,0.1740,-0.0208,0.3415,0.0952,1.1022,0.3752,10.7104,-0.1069
79.455,0.4473,0.0336,0.1740,-0.0246,0.3415,0.0952,1.0936,0.3714,10.7104,-0.1069
79.456,0.4525,0.0336,0.1880,-0.0246,0.3503,0.0952,1.0936,0.3714,10.7104,-0.1069
79.458,0.4525,0.0279,0.2008,-0.0246,0.3503,0.0976,1.0879,0.3714,10.7104,-0.1069
79.558,0.4525,0.0279,0.2008,-0.0246,0.3503,0.0976,1.0879,0.3714,10.7104,-0.1069
79.560,0.4525,0.0279,0.2008,-0.0345,0.3575,0.1028,1.0879,0.3615,10.7203,-0.1070
79.561,0.4496,0.0182,0.2008,-0.0409,0.3575,0.1028,1.0782,0.3551,10.7203,-0.1070
79.563,0.4546,0.0182,0.2149,-0.0409,0.3661,0.1028,1.0782,0.3551,10.7203,-0.1070
79.565,0.4546,0.0130,0.2306,-0.0409,0.3661,0.1071,1.0730,0.3551,10.7203,-0.1070
79.662,0.4546,0.0130,0.2306,-0.0507,0.3733,0.1121,1.0730,0.3453,10.7302,-0.1072
79.663,0.4482,0.0026,0.2306,-0.0598,0.3733,0.1121,1.0626,0.3362,10.7302,-0.1072
79.664,0.4526,0.0026,0.2446,-0.0598,0.3813,0.1121,1.0626,0.3362,10.7302,-0.1072
79.665,0.4526,-0.0030,0.2630,-0.0598,0.3813,0.1175,1.0570,0.3362,10.7302,-0.1072
79.763,0.4526,-0.0030,0.2630,-0.0696,0.3884,0.1225,1.0570,0.3264,10.7401,-0.1073
79.765,0.4431,-0.0135,0.2630,-0.0810,0.3884,0.1225,1.0465,0.3150,10.7401,-0.1073
79.767,0.4467,-0.0135,0.2766,-0.0810,0.3957,0.1225,1.0465,0.3150,10.7401,-0.1073
79.768,0.4467,-0.0192,0.2958,-0.0810,0.3957,0.1282,1.0408,0.3150,10.7401,-0.1073
79.869,0.4467,-0.0192,0.2958,-0.0810,0.3957,0.1282,1.0408,0.3150,10.7401,-0.1073
79.885,0.4467,-0.0192,0.2958,-0.0909,0.4028,0.1331,1.0408,0.3051,10.7501,-0.1074
79.902,0.4354,-0.0290,0.2958,-0.1032,0.4028,0.1331,1.0310,0.2928,10.7501,-0.1074
79.904,0.4385,-0.0290,0.3092,-0.1032,0.4095,0.1331,1.0310,0.2928,10.7501,-0.1074
79.905,0.4385,-0.0352,0.3259,-0.1032,0.4095,0.1372,1.0248,0.2928,10.7501,-0.1074
80.005,0.4385,-0.0352,0.3259,-0.1032,0.4095,0.1372,1.0248,0.2928,10.7501,-0.1074
80.015,0.4385,-0.0352,0.3259,-0.1131,0.4167,0.1420,1.0248,0.2829,10.7600,-0.1076
80.017,0.4264,-0.0439,0.3259,-0.1257,0.4167,0.1420,1.0161,0.2703,10.7600,-0.1076
80.019,0.4292,-0.0439,0.3392,-0.1257,0.4231,0.1420,1.0161,0.2703,10.7600,-0.1076
80.021,0.4292,-0.0544,0.3497,-0.1257,0.4231,0.1398,1.0056,0.2703,10.7600,-0.1076
80.110,0.4292,-0.0544,0.3497,-0.1355,0.4302,0.1445,1.0056,0.2605,10.7699,-0.1077
80.112,0.4163,-0.0628,0.3497,-0.1486,0.4302,0.1445,0.9972,0.2474,10.7699,-0.1077
80.113,0.4186,-0.0628,0.3628,-0.1486,0.4362,0.1445,0.9972,0.2474,10.7699,-0.1077
80.115,0.4186,-0.0783,0.3653,-0.1486,0.4362,0.1346,0.9817,0.2474,10.7699,-0.1077
80.200,0.4186,-0.0783,0.3653,-0.1585,0.4432,0.1393,0.9817,0.2375,10.7798,-0.1078
80.202,0.4049,-0.0869,0.3653,-0.1724,0.4432,0.1393,0.9731,0.2236,10.7798,-0.1078
80.204,0.4068,-0.0869,0.3781,-0.1724,0.4488,0.1393,0.9731,0.2236,10.7798,-0.1078
80.206,0.4068,-0.1016,0.3786,-0.1724,0.4488,0.1291,0.9584,0.2236,10.7798,-0.1078
80.294,0.4068,-0.1016,0.3786,-0.1822,0.4558,0.1337,0.9584,0.2138,10.7897,-0.1080
80.322,0.3916,-0.1093,0.3786,-0.1968,0.4558,0.1337,0.9507,0.1992,10.7897,-0.1080
80.322,0.3930,-0.1093,0.3911,-0.1968,0.4608,0.1337,0.9507,0.1992,10.7897,-0.1080
80.324,0.3930,-0.1208,0.3951,-0.1968,0.4608,0.1274,0.9392,0.1992,10.7897,-0.1080
80.411,0.3930,-0.1208,0.3951,-0.2066,0.4677,0.1319,0.9392,0.1894,10.7996,-0.1081
80.425,0.3760,-0.1261,0.3951,-0.2214,0.4677,0.1319,0.9339,0.1746,10.7996,-0.1081
80.427,0.3768,-0.1261,0.4072,-0.2214,0.4723,0.1319,0.9339,0.1746,10.7996,-0.1081
80.428,0.3768,-0.1378,0.4135,-0.2214,0.4723,0.1265,0.9222,0.1746,10.7996,-0.1081
80.510,0.3768,-0.1378,0.4135,-0.2313,0.4792,0.1310,0.9222,0.1647,10.8096,-0.1082
80.526,0.3597,-0.1399,0.4135,-0.2447,0.4792,0.1310,0.9201,0.1513,10.8096,-0.1082
80.527,0.3600,-0.1399,0.4252,-0.2447,0.4832,0.1310,0.9201,0.1513,10.8096,-0.1082
80.528,0.3600,-0.1567,0.4264,-0.2447,0.4832,0.1195,0.9033,0.1513,10.8096,-0.1082
80.612,0.3600,-0.1567,0.4264,-0.2545,0.4901,0.1240,0.9033,0.1415,10.8195,-0.1084
80.613,0.3446,-0.1572,0.4264,-0.2658,0.4901,0.1240,0.9028,0.1302,10.8195,-0.1084
80.613,0.3444,-0.1572,0.4376,-0.2658,0.4937,0.1240,0.9028,0.1302,10.8195,-0.1084
80.613,0.3444,-0.1775,0.4316,-0.2658,0.4937,0.1065,0.8825,0.1302,10.8195,-0.1084
80.682,0.3444,-0.1775,0.4316,-0.2757,0.5005,0.1109,0.8825,0.1203,10.8294,-0.1085
80.698,0.3301,-0.1775,0.4316,-0.2858,0.5005,0.1109,0.8825,0.1102,10.8294,-0.1085
80.698,0.3296,-0.1775,0.4425,-0.2858,0.5037,0.1109,0.8825,0.1102,10.8294,-0.1085
80.699,0.3296,-0.1964,0.4343,-0.2858,0.5037,0.0935,0.8636,0.1102,10.8294,-0.1085
80.791,0.3296,-0.1964,0.4343,-0.2957,0.5105,0.0979,0.8636,0.1003,10.8393,-0.1086
80.792,0.3154,-0.1960,0.4343,-0.3054,0.5105,0.0979,0.8640,0.0906,10.8393,-0.1086
80.794,0.3146,-0.1960,0.4449,-0.3054,0.5135,0.0979,0.8640,0.0906,10.8393,-0.1086
80.795,0.3146,-0.2132,0.4371,-0.3054,0.5135,0.0819,0.8468,0.0906,10.8393,-0.1086
80.870,0.3146,-0.2132,0.4371,-0.3153,0.5201,0.0864,0.8468,0.0807,10.8492,-0.1088
80.870,0.3000,-0.2116,0.4371,-0.3244,0.5201,0.0864,0.8484,0.0716,10.8492,-0.1088
80.871,0.2989,-0.2116,0.4474,-0.3244,0.5229,0.0864,0.8484,0.0716,10.8492,-0.1088
80.872,0.2989,-0.2277,0.4405,-0.3244,0.5229,0.0716,0.8323,0.0716,10.8492,-0.1088
80.972,0.2989,-0.2277,0.4405,-0.3244,0.5229,0.0716,0.8323,0.0716,10.8492,-0.1088
80.987,0.2989,-0.2277,0.4405,-0.3343,0.5295,0.0761,0.8323,0.0617,10.8591,-0.1089
80.990,0.2844,-0.2242,0.4405,-0.3420,0.5295,0.0761,0.8358,0.0540,10.8591,-0.1089
80.992,0.2829,-0.2242,0.4505,-0.3420,0.5320,0.0761,0.8358,0.0540,10.8591,-0.1089
80.994,0.2829,-0.2401,0.4439,-0.3420,0.5320,0.0615,0.8199,0.0540,10.8591,-0.1089
81.095,0.2829,-0.2401,0.4439,-0.3420,0.5320,0.0615,0.8199,0.0540,10.8591,-0.1089
81.133,0.2829,-0.2401,0.4439,-0.3520,0.5385,0.0660,0.8199,0.0440,10.8691,-0.1090
81.134,0.2694,-0.2349,0.4439,-0.3577,0.5385,0.0660,0.8251,0.0383,10.8691,-0.1090
81.141,0.2676,-0.2349,0.4534,-0.3577,0.5407,0.0660,0.8251,0.0383,10.8691,-0.1090
81.144,0.2676,-0.2508,0.4461,-0.3577,0.5407,0.0511,0.8092,0.0383,10.8691,-0.1090
81.245,0.2676,-0.2508,0.4461,-0.3577,0.5407,0.0511,0.8092,0.0383,10.8691,-0.1090
81.260,0.2676,-0.2508,0.4461,-0.3676,0.5472,0.0557,0.8092,0.0284,10.8790,-0.1091
81.262,0.2556,-0.2447,0.4461,-0.3714,0.5472,0.0557,0.8153,0.0246,10.8790,-0.1091
81.264,0.2533,-0.2447,0.4552,-0.3714,0.5489,0.0557,0.8153,0.0246,10.8790,-0.1091
81.273,0.2533,-0.2595,0.4462,-0.3714,0.5489,0.0410,0.8005,0.0246,10.8790,-0.1091
81.374,0.2533,-0.2595,0.4462,-0.3714,0.5489,0.0410,0.8005,0.0246,10.8790,-0.1091
81.392,0.2533,-0.2595,0.4462,-0.3813,0.5553,0.0456,0.8005,0.0147,10.8889,-0.1093
81.414,0.2426,-0.2524,0.4462,-0.3832,0.5553,0.0456,0.8076,0.0128,10.8889,-0.1093
81.416,0.2397,-0.2524,0.4546,-0.3832,0.5563,0.0456,0.8076,0.0128,10.8889,-0.1093
81.418,0.2397,-0.2643,0.4434,-0.3832,0.5563,0.0323,0.7957,0.0128,10.8889,-0.1093
81.518,0.2397,-0.2643,0.4434,-0.3832,0.5563,0.0323,0.7957,0.0128,10.8889,-0.1093
81.531,0.2397,-0.2643,0.4434,-0.3930,0.5627,0.0370,0.7957,0.0030,10.8988,-0.1094
81.533,0.2298,-0.2555,0.4434,-0.3928,0.5627,0.0370,0.8045,0.0032,10.8988,-0.1094
81.534,0.2261,-0.2555,0.4512,-0.3928,0.5630,0.0370,0.8045,0.0032,10.8988,-0.1094
81.536,0.2261,-0.2644,0.4384,-0.3928,0.5630,0.0256,0.7956,0.0032,10.8988,-0.1094
81.619,0.2261,-0.2644,0.4384,-0.4026,0.5694,0.0304,0.7956,-0.0066,10.9087,-0.1096
81.621,0.2169,-0.2542,0.4384,-0.4005,0.5694,0.0304,0.8058,-0.0045,10.9087,-0.1096
81.623,0.2124,-0.2542,0.4454,-0.4005,0.5690,0.0304,0.8058,-0.0045,10.9087,-0.1096
81.627,0.2124,-0.2628,0.4333,-0.4005,0.5690,0.0196,0.7972,-0.0045,10.9087,-0.1096
81.718,0.2124,-0.2628,0.4333,-0.4103,0.5753,0.0246,0.7972,-0.0143,10.9186,-0.1097
81.720,0.2037,-0.2518,0.4333,-0.4067,0.5753,0.0246,0.8082,-0.0107,10.9186,-0.1097
81.723,0.1984,-0.2518,0.4396,-0.4067,0.5741,0.0246,0.8082,-0.0107,10.9186,-0.1097
81.725,0.1984,-0.2619,0.4299,-0.4067,0.5741,0.0134,0.7981,-0.0107,10.9186,-0.1097
81.817,0.1984,-0.2619,0.4299,-0.4164,0.5804,0.0185,0.7981,-0.0204,10.9286,-0.1098
81.820,0.1902,-0.2502,0.4299,-0.4116,0.5804,0.0185,0.8098,-0.0156,10.9286,-0.1098
81.822,0.1845,-0.2502,0.4357,-0.4116,0.5788,0.0185,0.8098,-0.0156,10.9286,-0.1098
81.825,0.1845,-0.2604,0.4273,-0.4116,0.5788,0.0076,0.7996,-0.0156,10.9286,-0.1098
81.913,0.1845,-0.2604,0.4273,-0.4212,0.5850,0.0128,0.7996,-0.0252,10.9385,-0.1099
81.922,0.1770,-0.2479,0.4273,-0.4147,0.5850,0.0128,0.8121,-0.0187,10.9385,-0.1099
81.924,0.1701,-0.2479,0.4319,-0.4147,0.5822,0.0128,0.8121,-0.0187,10.9385,-0.1099
81.925,0.1701,-0.2562,0.4227,-0.4147,0.5822,0.0034,0.8038,-0.0187,10.9385,-0.1099
82.026,0.1701,-0.2562,0.4227,-0.4147,0.5822,0.0034,0.8038,-0.0187,10.9385,-0.1099
82.054,0.1701,-0.2562,0.4227,-0.4242,0.5884,0.0087,0.8038,-0.0282,10.9484,-0.1101
82.056,0.1638,-0.2427,0.4227,-0.4160,0.5884,0.0087,0.8173,-0.0200,10.9484,-0.1101
82.058,0.1548,-0.2427,0.4249,-0.4160,0.5833,0.0087,0.8173,-0.0200,10.9484,-0.1101
82.061,0.1548,-0.2491,0.4138,-0.4160,0.5833,0.0004,0.8109,-0.0200,10.9484,-0.1101
82.161,0.1548,-0.2491,0.4138,-0.4160,0.5833,0.0004,0.8109,-0.0200,10.9484,-0.1101
82.213,0.1548,-0.2491,0.4138,-0.4254,0.5895,0.0058,0.8109,-0.0294,10.9583,-0.1102
82.215,0.1498,-0.2348,0.4138,-0.4153,0.5895,0.0058,0.8252,-0.0193,10.9583,-0.1102
82.230,0.1384,-0.2348,0.4133,-0.4153,0.5817,0.0058,0.8252,-0.0193,10.9583,-0.1102
82.232,0.1384,-0.2404,0.4014,-0.4153,0.5817,-0.0019,0.8196,-0.0193,10.9583,-0.1102
82.332,0.1384,-0.2404,0.4014,-0.4153,0.5817,-0.0019,0.8196,-0.0193,10.9583,-0.1102
82.361,0.1384,-0.2404,0.4014,-0.4246,0.5878,0.0037,0.8196,-0.0286,10.9682,-0.1103
82.373,0.1349,-0.2255,0.4014,-0.4130,0.5878,0.0037,0.8345,-0.0170,10.9682,-0.1103
82.375,0.1216,-0.2255,0.3986,-0.4130,0.5779,0.0037,0.8345,-0.0170,10.9682,-0.1103
82.377,0.1216,-0.2310,0.3875,-0.4130,0.5779,-0.0035,0.8290,-0.0170,10.9682,-0.1103
82.478,0.1216,-0.2310,0.3875,-0.4130,0.5779,-0.0035,0.8290,-0.0170,10.9682,-0.1103
82.526,0.1216,-0.2310,0.3875,-0.4222,0.5839,0.0023,0.8290,-0.0262,10.9781,-0.1105
82.527,0.1193,-0.2157,0.3875,-0.4095,0.5839,0.0023,0.8443,-0.0135,10.9781,-0.1105
82.528,0.1049,-0.2157,0.3833,-0.4095,0.5727,0.0023,0.8443,-0.0135,10.9781,-0.1105
82.529,0.1049,-0.2211,0.3751,-0.4095,0.5727,-0.0042,0.8389,-0.0135,10.9781,-0.1105
82.629,0.1049,-0.2211,0.3751,-0.4095,0.5727,-0.0042,0.8389,-0.0135,10.9781,-0.1105
82.693,0.1049,-0.2211,0.3751,-0.4186,0.5788,0.0018,0.8389,-0.0226,10.9881,-0.1106
82.694,0.1036,-0.2055,0.3751,-0.4050,0.5788,0.0018,0.8545,-0.0090,10.9881,-0.1106
82.696,0.0883,-0.2055,0.3698,-0.4050,0.5665,0.0018,0.8545,-0.0090,10.9881,-0.1106
82.698,0.0883,-0.2106,0.3672,-0.4050,0.5665,-0.0032,0.8494,-0.0090,10.9881,-0.1106
82.798,0.0883,-0.2106,0.3672,-0.4050,0.5665,-0.0032,0.8494,-0.0090,10.9881,-0.1106
82.804,0.0883,-0.2106,0.3672,-0.4140,0.5725,0.0027,0.8494,-0.0180,10.9980,-0.1107
82.805,0.0880,-0.1947,0.3672,-0.3997,0.5725,0.0027,0.8653,-0.0037,10.9980,-0.1107
82.807,0.0712,-0.1947,0.3602,-0.3997,0.5586,0.0027,0.8653,-0.0037,10.9980,-0.1107
82.809,0.0712,-0.1990,0.3656,-0.3997,0.5586,-0.0001,0.8610,-0.0037,10.9980,-0.1107
82.903,0.0712,-0.1990,0.3656,-0.4084,0.5646,0.0058,0.8610,-0.0124,11.0079,-0.1108
82.903,0.0721,-0.1827,0.3656,-0.3933,0.5646,0.0058,0.8773,0.0027,11.0079,-0.1108
82.904,0.0535,-0.1827,0.3565,-0.3933,0.5487,0.0058,0.8773,0.0027,11.0079,-0.1108
82.904,0.0535,-0.1856,0.3693,-0.3933,0.5487,0.0056,0.8744,0.0027,11.0079,-0.1108
82.969,0.0535,-0.1856,0.3693,-0.4020,0.5547,0.0114,0.8744,-0.0060,11.0178,-0.1110
82.969,0.0554,-0.1689,0.3693,-0.3861,0.5547,0.0114,0.8911,0.0099,11.0178,-0.1110
82.970,0.0356,-0.1689,0.3585,-0.3861,0.5373,0.0114,0.8911,0.0099,11.0178,-0.1110
82.970,0.0356,-0.1702,0.3697,-0.3861,0.5373,0.0123,0.8898,0.0099,11.0178,-0.1110
83.037,0.0356,-0.1702,0.3697,-0.3947,0.5432,0.0181,0.8898,0.0013,11.0277,-0.1111
83.037,0.0382,-0.1532,0.3697,-0.3782,0.5432,0.0181,0.9068,0.0178,11.0277,-0.1111
83.037,0.0177,-0.1532,0.3574,-0.3782,0.5247,0.0181,0.9068,0.0178,11.0277,-0.1111
83.037,0.0177,-0.1542,0.3623,-0.3782,0.5247,0.0180,0.9058,0.0178,11.0277,-0.1111
83.099,0.0177,-0.1542,0.3623,-0.3867,0.5306,0.0239,0.9058,0.0093,11.0376,-0.1112
83.099,0.0209,-0.1369,0.3623,-0.3699,0.5306,0.0239,0.9231,0.0261,11.0376,-0.1112
83.099,0.0004,-0.1369,0.3493,-0.3699,0.5118,0.0239,0.9231,0.0261,11.0376,-0.1112
83.100,0.0004,-0.1395,0.3519,-0.3699,0.5118,0.0220,0.9205,0.0261,11.0376,-0.1112
83.165,0.0004,-0.1395,0.3519,-0.3782,0.5177,0.0279,0.9205,0.0178,11.0476,-0.1114
83.166,0.0041,-0.1220,0.3519,-0.3611,0.5177,0.0279,0.9380,0.0349,11.0476,-0.1114
83.166,-0.0159,-0.1220,0.3386,-0.3611,0.4990,0.0279,0.9380,0.0349,11.0476,-0.1114
83.166,-0.0159,-0.1269,0.3497,-0.3611,0.4990,0.0254,0.9331,0.0349,11.0476,-0.1114
83.234,-0.0159,-0.1269,0.3497,-0.3693,0.5049,0.0311,0.9331,0.0267,11.0575,-0.1115
83.235,-0.0118,-0.1092,0.3497,-0.3519,0.5049,0.0311,0.9508,0.0441,11.0575,-0.1115
83.235,-0.0311,-0.1092,0.3364,-0.3519,0.4866,0.0311,0.9508,0.0441,11.0575,-0.1115
83.236,-0.0311,-0.1139,0.3581,-0.3519,0.4866,0.0307,0.9461,0.0441,11.0575,-0.1115
83.303,-0.0311,-0.1139,0.3581,-0.3600,0.4926,0.0362,0.9461,0.0360,11.0674,-0.1116
83.304,-0.0265,-0.0961,0.3581,-0.3424,0.4926,0.0362,0.9639,0.0536,11.0674,-0.1116
83.304,-0.0456,-0.0961,0.3448,-0.3424,0.4744,0.0362,0.9639,0.0536,11.0674,-0.1116
83.305,-0.0456,-0.0969,0.3670,-0.3424,0.4744,0.0396,0.9631,0.0536,11.0674,-0.1116
83.379,-0.0456,-0.0969,0.3670,-0.3505,0.4804,0.0449,0.9631,0.0455,11.0773,-0.1118
83.381,-0.0406,-0.0792,0.3670,-0.3327,0.4804,0.0449,0.9808,0.0633,11.0773,-0.1118
83.382,-0.0597,-0.0792,0.3536,-0.3327,0.4623,0.0449,0.9808,0.0633,11.0773,-0.1118
83.384,-0.0597,-0.0773,0.3700,-0.3327,0.4623,0.0496,0.9827,0.0633,11.0773,-0.1118
83.462,-0.0597,-0.0773,0.3700,-0.3408,0.4682,0.0548,0.9827,0.0552,11.0872,-0.1119
83.463,-0.0543,-0.0597,0.3700,-0.3230,0.4682,0.0548,1.0003,0.0730,11.0872,-0.1119
83.465,-0.0733,-0.0597,0.3566,-0.3230,0.4501,0.0548,0.9867,0.0730,11.0872,-0.1119
83.467,-0.0733,-0.0580,0.3690,-0.3230,0.4501,0.0586,0.9867,0.0730,11.0872,-0.1119
83.549,-0.0733,-0.0580,0.3690,-0.3309,0.4561,0.0637,0.9867,0.0651,11.0972,-0.1120
83.551,-0.0672,-0.0405,0.3690,-0.3131,0.4561,0.0637,0.9928,0.0829,11.0972,-0.1120
83.552,-0.0856,-0.0405,0.3557,-0.3131,0.4383,0.0637,0.9744,0.0829,11.0972,-0.1120
83.554,-0.0856,-0.0407,0.3676,-0.3131,0.4383,0.0657,0.9744,0.0829,11.0972,-0.1120
83.633,-0.0856,-0.0407,0.3676,-0.3210,0.4443,0.0709,0.9744,0.0750,11.1071,-0.1122
83.634,-0.0784,-0.0233,0.3676,-0.3029,0.4443,0.0709,0.9816,0.0931,11.1071,-0.1122
83.636,-0.0960,-0.0233,0.3544,-0.3029,0.4269,0.0709,0.9640,0.0931,11.1071,-0.1122
83.638,-0.0960,-0.0255,0.3679,-0.3029,0.4269,0.0714,0.9640,0.0931,11.1071,-0.1122
83.711,-0.0960,-0.0255,0.3679,-0.3107,0.4330,0.0764,0.9640,0.0853,11.1170,-0.1123
83.712,-0.0876,-0.0082,0.3679,-0.2926,0.4330,0.0764,0.9724,0.1034,11.1170,-0.1123
83.713,-0.1045,-0.0082,0.3546,-0.2926,0.4160,0.0764,0.9555,0.1034,11.1170,-0.1123
83.714,-0.1045,-0.0112,0.3693,-0.2926,0.4160,0.0767,0.9555,0.1034,11.1170,-0.1123
83.787,-0.1045,-0.0112,0.3693,-0.3003,0.4221,0.0816,0.9555,0.0957,11.1269,-0.1124
83.788,-0.0952,0.0060,0.3693,-0.2822,0.4221,0.0816,0.9648,0.1138,11.1269,-0.1124
83.789,-0.1118,0.0060,0.3557,-0.2822,0.4052,0.0816,0.9482,0.1138,11.1269,-0.1124
83.789,-0.1118,0.0045,0.3692,-0.2822,0.4052,0.0831,0.9482,0.1138,11.1269,-0.1124
83.858,-0.1118,0.0045,0.3692,-0.2898,0.4112,0.0878,0.9482,0.1062,11.1368,-0.1126
83.859,-0.1019,0.0215,0.3692,-0.2717,0.4112,0.0878,0.9581,0.1243,11.1368,-0.1126
83.860,-0.1186,0.0215,0.3550,-0.2717,0.3939,0.0878,0.9414,0.1243,11.1368,-0.1126
83.862,-0.1186,0.0224,0.3665,-0.2717,0.3939,0.0909,0.9414,0.1243,11.1368,-0.1126
83.936,-0.1186,0.0224,0.3665,-0.2794,0.4000,0.0956,0.9414,0.1166,11.1467,-0.1127
83.937,-0.1079,0.0391,0.3665,-0.2613,0.4000,0.0956,0.9521,0.1347,11.1467,-0.1127
83.939,-0.1249,0.0391,0.3518,-0.2613,0.3821,0.0956,0.9351,0.1347,11.1467,-0.1127
83.943,-0.1249,0.0412,0.3616,-0.2613,0.3821,0.0995,0.9351,0.1347,11.1467,-0.1127
84.023,-0.1249,0.0412,0.3616,-0.2690,0.3883,0.1042,0.9351,0.1270,11.1567,-0.1128
84.027,-0.1125,0.0572,0.3616,-0.2513,0.3883,0.1042,0.9475,0.1447,11.1567,-0.1128
84.028,-0.1295,0.0572,0.3467,-0.2513,0.3702,0.1042,0.9305,0.1447,11.1567,-0.1128
84.029,-0.1295,0.0590,0.3568,-0.2513,0.3702,0.1078,0.9305,0.1447,11.1567,-0.1128
84.119,-0.1295,0.0590,0.3568,-0.2589,0.3764,0.1124,0.9305,0.1371,11.1666,-0.1130
84.121,-0.1151,0.0738,0.3568,-0.2418,0.3764,0.1124,0.9449,0.1542,11.1666,-0.1130
84.123,-0.1318,0.0738,0.3419,-0.2418,0.3585,0.1124,0.9282,0.1542,11.1666,-0.1130
84.127,-0.1318,0.0741,0.3550,-0.2418,0.3585,0.1155,0.9282,0.1542,11.1666,-0.1130
84.216,-0.1318,0.0741,0.3550,-0.2494,0.3647,0.1200,0.9282,0.1466,11.1765,-0.1131
84.218,-0.1163,0.0880,0.3550,-0.2328,0.3647,0.1200,0.9437,0.1632,11.1765,-0.1131
84.220,-0.1327,0.0880,0.3401,-0.2328,0.3470,0.1200,0.9273,0.1632,11.1765,-0.1131
84.222,-0.1327,0.0872,0.3546,-0.2328,0.3470,0.1226,0.9273,0.1632,11.1765,-0.1131
84.306,-0.1327,0.0872,0.3546,-0.2405,0.3533,0.1270,0.9273,0.1555,11.1864,-0.1132
84.310,-0.1171,0.1011,0.3546,-0.2239,0.3533,0.1270,0.9429,0.1721,11.1864,-0.1132
84.311,-0.1332,0.1011,0.3396,-0.2239,0.3355,0.1270,0.9268,0.1721,11.1864,-0.1132
84.313,-0.1332,0.1000,0.3523,-0.2239,0.3355,0.1291,0.9268,0.1721,11.1864,-0.1132
84.400,-0.1332,0.1000,0.3523,-0.2315,0.3418,0.1335,0.9268,0.1645,11.1963,-0.1134
84.402,-0.1181,0.1141,0.3523,-0.2148,0.3418,0.1335,0.9419,0.1812,11.1963,-0.1134
84.403,-0.1340,0.1141,0.3369,-0.2148,0.3239,0.1335,0.9260,0.1812,11.1963,-0.1134
84.410,-0.1340,0.1134,0.3476,-0.2148,0.3239,0.1355,0.9260,0.1812,11.1963,-0.1134
84.492,-0.1340,0.1134,0.3476,-0.2225,0.3303,0.1398,0.9260,0.1735,11.2062,-0.1135
84.495,-0.1189,0.1272,0.3476,-0.2060,0.3303,0.1398,0.9411,0.1900,11.2062,-0.1135
84.497,-0.1348,0.1272,0.3321,-0.2060,0.3123,0.1398,0.9252,0.1900,11.2062,-0.1135
84.498,-0.1348,0.1275,0.3429,-0.2060,0.3123,0.1427,0.9252,0.1900,11.2062,-0.1135
84.572,-0.1348,0.1275,0.3429,-0.2138,0.3187,0.1469,0.9252,0.1822,11.2162,-0.1136
84.574,-0.1191,0.1404,0.3429,-0.1979,0.3187,0.1469,0.9409,0.1981,11.2162,-0.1136
84.576,-0.1349,0.1404,0.3275,-0.1979,0.3007,0.1469,0.9251,0.1981,11.2162,-0.1136
84.579,-0.1349,0.1413,0.3408,-0.1979,0.3007,0.1510,0.9251,0.1981,11.2162,-0.1136
84.655,-0.1349,0.1413,0.3408,-0.2057,0.3071,0.1553,0.9251,0.1903,11.2261,-0.1137
84.656,-0.1184,0.1530,0.3408,-0.1906,0.3071,0.1553,0.9416,0.2054,11.2261,-0.1137
84.657,-0.1341,0.1530,0.3257,-0.1906,0.2893,0.1553,0.9259,0.2054,11.2261,-0.1137
84.658,-0.1341,0.1540,0.3412,-0.1906,0.2893,0.1601,0.9259,0.2054,11.2261,-0.1137
84.758,-0.1341,0.1540,0.3412,-0.1906,0.2893,0.1601,0.9259,0.2054,11.2261,-0.1137
84.773,-0.1341,0.1540,0.3412,-0.1984,0.2958,0.1642,0.9259,0.1976,11.2360,-0.1139
84.778,-0.1172,0.1648,0.3412,-0.1839,0.2958,0.1642,0.9428,0.2121,11.2360,-0.1139
84.779,-0.1330,0.1648,0.3263,-0.1839,0.2781,0.1642,0.9270,0.2121,11.2360,-0.1139
84.779,-0.1330,0.1649,0.3400,-0.1839,0.2781,0.1680,0.9270,0.2121,11.2360,-0.1139
84.870,-0.1330,0.1649,0.3400,-0.1918,0.2846,0.1721,0.9270,0.2042,11.2459,-0.1140
84.870,-0.1164,0.1752,0.3400,-0.1777,0.2846,0.1721,0.9436,0.2183,11.2459,-0.1140
84.871,-0.1321,0.1752,0.3252,-0.1777,0.2669,0.1721,0.9279,0.2183,11.2459,-0.1140
84.872,-0.1321,0.1739,0.3360,-0.1777,0.2669,0.1740,0.9279,0.2183,11.2459,-0.1140
84.972,-0.1321,0.1739,0.3360,-0.1856,0.2735,0.1779,0.9279,0.2104,11.2558,-0.1141
84.974,-0.1162,0.1841,0.3360,-0.1718,0.2735,0.1779,0.9438,0.2242,11.2558,-0.1141
84.976,-0.1320,0.1841,0.3214,-0.1718,0.2558,0.1779,0.9280,0.2242,11.2558,-0.1141
84.978,-0.1320,0.1812,0.3299,-0.1718,0.2558,0.1781,0.9280,0.2242,11.2558,-0.1141
85.077,-0.1320,0.1812,0.3299,-0.1797,0.2624,0.1820,0.9280,0.2163,11.2658,-0.1142
85.078,-0.1163,0.1916,0.3299,-0.1658,0.2624,0.1820,0.9437,0.2302,11.2658,-0.1142
85.079,-0.1323,0.1916,0.3154,-0.1658,0.2446,0.1820,0.9277,0.2302,11.2658,-0.1142
85.079,-0.1323,0.1877,0.3226,-0.1658,0.2446,0.1811,0.9277,0.2302,11.2658,-0.1142
85.178,-0.1323,0.1877,0.3226,-0.1737,0.2513,0.1850,0.9277,0.2223,11.2757,-0.1144
85.179,-0.1160,0.1982,0.3226,-0.1594,0.2513,0.1850,0.9440,0.2366,11.2757,-0.1144
85.181,-0.1322,0.1982,0.3084,-0.1594,0.2335,0.1850,0.9278,0.2366,11.2757,-0.1144
85.182,-0.1322,0.1945,0.3152,-0.1594,0.2335,0.1841,0.9278,0.2366,11.2757,-0.1144
85.265,-0.1322,0.1945,0.3152,-0.1674,0.2402,0.1880,0.9278,0.2286,11.2856,-0.1145
85.267,-0.1150,0.2050,0.3152,-0.1528,0.2402,0.1880,0.9450,0.2432,11.2856,-0.1145
85.268,-0.1316,0.2050,0.3013,-0.1528,0.2223,0.1880,0.9284,0.2432,11.2856,-0.1145
85.269,-0.1316,0.2008,0.3074,-0.1528,0.2223,0.1867,0.9284,0.2432,11.2856,-0.1145
85.360,-0.1316,0.2008,0.3074,-0.1608,0.2290,0.1905,0.9284,0.2352,11.2955,-0.1146
85.361,-0.1139,0.2111,0.3074,-0.1462,0.2290,0.1905,0.9461,0.2498,11.2955,-0.1146
85.362,-0.1309,0.2111,0.2938,-0.1462,0.2110,0.1905,0.9291,0.2498,11.2955,-0.1146
85.364,-0.1309,0.2048,0.2973,-0.1462,0.2110,0.1868,0.9291,0.2498,11.2955,-0.1146
85.464,-0.1309,0.2048,0.2973,-0.1462,0.2110,0.1868,0.9291,0.2498,11.2955,-0.1146
85.473,-0.1309,0.2048,0.2973,-0.1542,0.2178,0.1905,0.9291,0.2418,11.3054,-0.1148
85.474,-0.1130,0.2148,0.2973,-0.1398,0.2178,0.1905,0.9470,0.2562,11.3054,-0.1148
85.475,-0.1303,0.2148,0.2840,-0.1398,0.1997,0.1905,0.9297,0.2562,11.3054,-0.1148
85.476,-0.1303,0.2054,0.2831,-0.1398,0.1997,0.1832,0.9297,0.2562,11.3054,-0.1148
85.570,-0.1303,0.2054,0.2831,-0.1479,0.2065,0.1870,0.9297,0.2481,11.3153,-0.1149
85.571,-0.1123,0.2147,0.2831,-0.1340,0.2065,0.1870,0.9477,0.2620,11.3153,-0.1149
85.573,-0.1299,0.2147,0.2702,-0.1340,0.1884,0.1870,0.9301,0.2620,11.3153,-0.1149
85.575,-0.1299,0.2031,0.2658,-0.1340,0.1884,0.1769,0.9301,0.2620,11.3153,-0.1149
85.675,-0.1299,0.2031,0.2658,-0.1340,0.1884,0.1769,0.9301,0.2620,11.3153,-0.1149
85.680,-0.1299,0.2031,0.2658,-0.1421,0.1953,0.1807,0.9301,0.2539,11.3253,-0.1150
85.682,-0.1113,0.2116,0.2658,-0.1286,0.1953,0.1807,0.9487,0.2674,11.3253,-0.1150
85.684,-0.1292,0.2116,0.2534,-0.1286,0.1772,0.1807,0.9308,0.2674,11.3253,-0.1150
85.686,-0.1292,0.1994,0.2475,-0.1286,0.1772,0.1697,0.9308,0.2674,11.3253,-0.1150
85.777,-0.1292,0.1994,0.2475,-0.1368,0.1841,0.1735,0.9308,0.2592,11.3352,-0.1151
85.778,-0.1103,0.2071,0.2475,-0.1238,0.1841,0.1735,0.9497,0.2722,11.3352,-0.1151
85.780,-0.1287,0.2071,0.2357,-0.1238,0.1660,0.1735,0.9313,0.2722,11.3352,-0.1151
85.783,-0.1287,0.1947,0.2293,-0.1238,0.1660,0.1621,0.9313,0.2722,11.3352,-0.1151
85.878,-0.1287,0.1947,0.2293,-0.1320,0.1729,0.1660,0.9313,0.2640,11.3451,-0.1153
85.879,-0.1098,0.2018,0.2293,-0.1194,0.1729,0.1660,0.9502,0.2766,11.3451,-0.1153
85.881,-0.1287,0.2018,0.2185,-0.1194,0.1551,0.1660,0.9313,0.2766,11.3451,-0.1153
85.884,-0.1287,0.1884,0.2114,-0.1194,0.1551,0.1537,0.9313,0.2766,11.3451,-0.1153
85.966,-0.1287,0.1884,0.2114,-0.1277,0.1619,0.1575,0.9313,0.2683,11.3550,-0.1154
85.968,-0.1099,0.1950,0.2114,-0.1155,0.1619,0.1575,0.9501,0.2805,11.3550,-0.1154
85.970,-0.1286,0.1950,0.2018,-0.1155,0.1450,0.1575,0.9314,0.2805,11.3550,-0.1154
85.972,-0.1286,0.1804,0.1932,-0.1155,0.1450,0.1438,0.9314,0.2805,11.3550,-0.1154
86.060,-0.1286,0.1804,0.1932,-0.1239,0.1518,0.1477,0.9314,0.2721,11.3649,-0.1155
86.061,-0.1098,0.1863,0.1932,-0.1122,0.1518,0.1477,0.9502,0.2838,11.3649,-0.1155
86.063,-0.1281,0.1863,0.1847,-0.1122,0.1357,0.1477,0.9319,0.2838,11.3649,-0.1155
86.064,-0.1281,0.1708,0.1745,-0.1122,0.1357,0.1328,0.9319,0.2838,11.3649,-0.1155
86.164,-0.1281,0.1708,0.1745,-0.1122,0.1357,0.1328,0.9319,0.2838,11.3649,-0.1155
86.183,-0.1281,0.1708,0.1745,-0.1207,0.1426,0.1368,0.9319,0.2753,11.3748,-0.1156
86.184,-0.1089,0.1759,0.1745,-0.1094,0.1426,0.1368,0.9511,0.2866,11.3748,-0.1156
86.185,-0.1272,0.1759,0.1670,-0.1094,0.1271,0.1368,0.9328,0.2866,11.3748,-0.1156
86.187,-0.1272,0.1600,0.1556,-0.1094,0.1271,0.1211,0.9328,0.2866,11.3748,-0.1156
86.270,-0.1272,0.1600,0.1556,-0.1180,0.1339,0.1251,0.9328,0.2780,11.3848,-0.1158
86.271,-0.1078,0.1642,0.1556,-0.1073,0.1339,0.1251,0.9522,0.2887,11.3848,-0.1158
86.273,-0.1262,0.1642,0.1494,-0.1073,0.1192,0.1251,0.9338,0.2887,11.3848,-0.1158
86.275,-0.1262,0.1484,0.1375,-0.1073,0.1192,0.1093,0.9338,0.2887,11.3848,-0.1158
86.369,-0.1262,0.1484,0.1375,-0.1159,0.1259,0.1134,0.9338,0.2801,11.3947,-0.1159
86.371,-0.1068,0.1516,0.1375,-0.1059,0.1259,0.1134,0.9532,0.2901,11.3947,-0.1159
86.373,-0.1249,0.1516,0.1328,-0.1059,0.1122,0.1134,0.9351,0.2901,11.3947,-0.1159
86.377,-0.1249,0.1361,0.1207,-0.1059,0.1122,0.0978,0.9351,0.2901,11.3947,-0.1159
86.468,-0.1249,0.1361,0.1207,-0.1146,0.1189,0.1019,0.9351,0.2814,11.4046,-0.1160
86.470,-0.1061,0.1386,0.1207,-0.1053,0.1189,0.1019,0.9539,0.2907,11.4046,-0.1160
86.472,-0.1237,0.1386,0.1168,-0.1053,0.1060,0.1019,0.9363,0.2907,11.4046,-0.1160
86.476,-0.1237,0.1233,0.1047,-0.1053,0.1060,0.0864,0.9363,0.2907,11.4046,-0.1160
86.570,-0.1237,0.1233,0.1047,-0.1141,0.1126,0.0906,0.9363,0.2819,11.4145,-0.1162
86.571,-0.1055,0.1253,0.1047,-0.1053,0.1126,0.0906,0.9545,0.2907,11.4145,-0.1162
86.573,-0.1228,0.1253,0.1012,-0.1053,0.1001,0.0906,0.9372,0.2907,11.4145,-0.1162
86.578,-0.1228,0.1102,0.0893,-0.1053,0.1001,0.0753,0.9372,0.2907,11.4145,-0.1162
86.670,-0.1228,0.1102,0.0893,-0.1142,0.1067,0.0796,0.9372,0.2818,11.4244,-0.1163
86.671,-0.1048,0.1118,0.0893,-0.1057,0.1067,0.0796,0.9552,0.2903,11.4244,-0.1163
86.676,-0.1219,0.1118,0.0869,-0.1057,0.0949,0.0796,0.9381,0.2903,11.4244,-0.1163
86.678,-0.1219,0.0969,0.0752,-0.1057,0.0949,0.0644,0.9381,0.2903,11.4244,-0.1163
86.769,-0.1219,0.0969,0.0752,-0.1146,0.1015,0.0688,0.9381,0.2814,11.4344,-0.1164
86.771,-0.1040,0.0983,0.0752,-0.1063,0.1015,0.0688,0.9560,0.2897,11.4344,-0.1164
86.773,-0.1205,0.0983,0.0740,-0.1063,0.0908,0.0688,0.9395,0.2897,11.4344,-0.1164
86.777,-0.1205,0.0837,0.0625,-0.1063,0.0908,0.0539,0.9395,0.2897,11.4344,-0.1164
86.860,-0.1205,0.0837,0.0625,-0.1153,0.0974,0.0584,0.9395,0.2807,11.4443,-0.1165
86.861,-0.1027,0.0848,0.0625,-0.1072,0.0974,0.0584,0.9573,0.2888,11.4443,-0.1165
86.863,-0.1185,0.0848,0.0622,-0.1072,0.0876,0.0584,0.9415,0.2888,11.4443,-0.1165
86.864,-0.1185,0.0708,0.0510,-0.1072,0.0876,0.0441,0.9415,0.2888,11.4443,-0.1165
86.961,-0.1185,0.0708,0.0510,-0.1163,0.0941,0.0486,0.9415,0.2797,11.4542,-0.1167
86.962,-0.1012,0.0714,0.0510,-0.1086,0.0941,0.0486,0.9588,0.2874,11.4542,-0.1167
86.964,-0.1168,0.0714,0.0510,-0.1086,0.0846,0.0486,0.9432,0.2874,11.4542,-0.1167
86.965,-0.1168,0.0581,0.0402,-0.1086,0.0846,0.0348,0.9432,0.2874,11.4542,-0.1167
87.061,-0.1168,0.0581,0.0402,-0.1178,0.0911,0.0394,0.9432,0.2782,11.4641,-0.1168
87.063,-0.1001,0.0583,0.0402,-0.1106,0.0911,0.0394,0.9599,0.2854,11.4641,-0.1168
87.065,-0.1157,0.0583,0.0402,-0.1106,0.0816,0.0394,0.9443,0.2854,11.4641,-0.1168
87.066,-0.1157,0.0456,0.0298,-0.1106,0.0816,0.0262,0.9443,0.2854,11.4641,-0.1168
87.166,-0.1157,0.0456,0.0298,-0.1106,0.0816,0.0262,0.9443,0.2854,11.4641,-0.1168
87.177,-0.1157,0.0456,0.0298,-0.1198,0.0880,0.0309,0.9443,0.2762,11.4740,-0.1169
87.178,-0.0995,0.0453,0.0298,-0.1131,0.0880,0.0309,0.9605,0.2829,11.4740,-0.1169
87.179,-0.1152,0.0453,0.0300,-0.1131,0.0786,0.0309,0.9448,0.2829,11.4740,-0.1169
87.180,-0.1152,0.0336,0.0203,-0.1131,0.0786,0.0186,0.9448,0.2829,11.4740,-0.1169
87.272,-0.1152,0.0336,0.0203,-0.1224,0.0849,0.0234,0.9448,0.2736,11.4839,-0.1170
87.272,-0.0993,0.0330,0.0203,-0.1160,0.0849,0.0234,0.9607,0.2800,11.4839,-0.1170
87.273,-0.1146,0.0330,0.0209,-0.1160,0.0760,0.0234,0.9454,0.2800,11.4839,-0.1170
87.274,-0.1146,0.0218,0.0117,-0.1160,0.0760,0.0117,0.9454,0.2800,11.4839,-0.1170
87.355,-0.1146,0.0218,0.0117,-0.1253,0.0822,0.0165,0.9454,0.2707,11.4939,-0.1172
87.356,-0.0988,0.0209,0.0117,-0.1191,0.0822,0.0165,0.9612,0.2769,11.4939,-0.1172
87.356,-0.1139,0.0209,0.0127,-0.1191,0.0737,0.0165,0.9461,0.2769,11.4939,-0.1172
87.356,-0.1139,0.0095,0.0034,-0.1191,0.0737,0.0046,0.9461,0.2769,11.4939,-0.1172
87.457,-0.1139,0.0095,0.0034,-0.1191,0.0737,0.0046,0.9461,0.2769,11.4939,-0.1172
87.465,-0.1139,0.0095,0.0034,-0.1285,0.0799,0.0095,0.9461,0.2675,11.5038,-0.1173
87.465,-0.0982,0.0085,0.0034,-0.1223,0.0799,0.0095,0.9618,0.2737,11.5038,-0.1173
87.466,-0.1132,0.0085,0.0046,-0.1223,0.0714,0.0095,0.9468,0.2737,11.5038,-0.1173
87.466,-0.1132,-0.0026,-0.0039,-0.1223,0.0714,-0.0019,0.9468,0.2737,11.5038,-0.1173
87.555,-0.1132,-0.0026,-0.0039,-0.1317,0.0776,0.0030,0.9468,0.2643,11.5137,-0.1174
87.557,-0.0976,-0.0039,-0.0039,-0.1257,0.0776,0.0030,0.9624,0.2703,11.5137,-0.1174
87.558,-0.1127,-0.0039,-0.0027,-0.1257,0.0691,0.0030,0.9473,0.2703,11.5137,-0.1174
87.558,-0.1127,-0.0143,-0.0095,-0.1257,0.0691,-0.0072,0.9473,0.2703,11.5137,-0.1174
87.659,-0.1127,-0.0143,-0.0095,-0.1257,0.0691,-0.0072,0.9473,0.2703,11.5137,-0.1174
87.661,-0.1127,-0.0143,-0.0095,-0.1352,0.0751,-0.0022,0.9473,0.2608,11.5236,-0.1176
87.662,-0.0973,-0.0158,-0.0095,-0.1292,0.0751,-0.0022,0.9627,0.2668,11.5236,-0.1176
87.664,-0.1126,-0.0158,-0.0082,-0.1292,0.0665,-0.0022,0.9474,0.2668,11.5236,-0.1176
87.666,-0.1126,-0.0260,-0.0126,-0.1292,0.0665,-0.0112,0.9474,0.2668,11.5236,-0.1176
87.759,-0.1126,-0.0260,-0.0126,-0.1388,0.0725,-0.0061,0.9474,0.2572,11.5335,-0.1177
87.760,-0.0973,-0.0277,-0.0126,-0.1329,0.0725,-0.0061,0.9627,0.2631,11.5335,-0.1177
87.761,-0.1126,-0.0277,-0.0112,-0.1329,0.0640,-0.0061,0.9474,0.2631,11.5335,-0.1177
87.763,-0.1126,-0.0379,-0.0137,-0.1329,0.0640,-0.0143,0.9474,0.2631,11.5335,-0.1177
87.853,-0.1126,-0.0379,-0.0137,-0.1426,0.0700,-0.0092,0.9474,0.2534,11.5434,-0.1178
87.854,-0.0972,-0.0396,-0.0137,-0.1365,0.0700,-0.0092,0.9628,0.2595,11.5434,-0.1178
87.856,-0.1121,-0.0396,-0.0120,-0.1365,0.0618,-0.0092,0.9479,0.2595,11.5434,-0.1178
87.857,-0.1121,-0.0491,-0.0131,-0.1365,0.0618,-0.0163,0.9479,0.2595,11.5434,-0.1178
87.957,-0.1121,-0.0491,-0.0131,-0.1365,0.0618,-0.0163,0.9479,0.2595,11.5434,-0.1178
87.961,-0.1121,-0.0491,-0.0131,-0.1462,0.0677,-0.0112,0.9479,0.2498,11.5534,-0.1179
87.963,-0.0963,-0.0505,-0.0131,-0.1395,0.0677,-0.0112,0.9637,0.2565,11.5534,-0.1179
87.965,-0.1105,-0.0505,-0.0113,-0.1395,0.0600,-0.0112,0.9495,0.2565,11.5534,-0.1179
87.969,-0.1105,-0.0593,-0.0112,-0.1395,0.0600,-0.0171,0.9495,0.2565,11.5534,-0.1179
88.069,-0.1105,-0.0593,-0.0112,-0.1395,0.0600,-0.0171,0.9495,0.2565,11.5534,-0.1179
88.077,-0.1105,-0.0593,-0.0112,-0.1492,0.0658,-0.0121,0.9495,0.2468,11.5633,-0.1181
88.078,-0.0942,-0.0600,-0.0112,-0.1417,0.0658,-0.0121,0.9658,0.2543,11.5633,-0.1181
88.081,-0.1083,-0.0600,-0.0094,-0.1417,0.0582,-0.0121,0.9517,0.2543,11.5633,-0.1181
88.083,-0.1083,-0.0693,-0.0078,-0.1417,0.0582,-0.0176,0.9517,0.2543,11.5633,-0.1181
88.176,-0.1083,-0.0693,-0.0078,-0.1514,0.0639,-0.0126,0.9517,0.2446,11.5732,-0.1182
88.178,-0.0915,-0.0691,-0.0078,-0.1428,0.0639,-0.0126,0.9685,0.2532,11.5732,-0.1182
88.180,-0.1057,-0.0691,-0.0065,-0.1428,0.0560,-0.0126,0.9543,0.2532,11.5732,-0.1182
88.183,-0.1057,-0.0798,-0.0029,-0.1428,0.0560,-0.0181,0.9543,0.2532,11.5732,-0.1182
88.278,-0.1057,-0.0798,-0.0029,-0.1526,0.0617,-0.0131,0.9543,0.2434,11.5831,-0.1183
88.280,-0.0885,-0.0789,-0.0029,-0.1431,0.0617,-0.0131,0.9715,0.2529,11.5831,-0.1183
88.283,-0.1029,-0.0789,-0.0019,-0.1431,0.0535,-0.0131,0.9571,0.2529,11.5831,-0.1183
88.284,-0.1029,-0.0897,0.0033,-0.1431,0.0535,-0.0178,0.9571,0.2529,11.5831,-0.1183
88.378,-0.1029,-0.0897,0.0033,-0.1529,0.0591,-0.0129,0.9571,0.2431,11.5930,-0.1185
88.378,-0.0854,-0.0880,0.0033,-0.1425,0.0591,-0.0129,0.9720,0.2535,11.5930,-0.1185
88.381,-0.0998,-0.0880,0.0040,-0.1425,0.0509,-0.0129,0.9602,0.2535,11.5930,-0.1185
88.382,-0.0998,-0.0972,0.0104,-0.1425,0.0509,-0.0156,0.9602,0.2535,11.5930,-0.1185
88.460,-0.0998,-0.0972,0.0104,-0.1524,0.0564,-0.0108,0.9602,0.2436,11.6029,-0.1186
88.461,-0.0819,-0.0945,0.0104,-0.1409,0.0564,-0.0108,0.9655,0.2551,11.6029,-0.1186
88.461,-0.0962,-0.0945,0.0110,-0.1409,0.0482,-0.0108,0.9638,0.2551,11.6029,-0.1186
88.461,-0.0962,-0.1017,0.0191,-0.1409,0.0482,-0.0113,0.9583,0.2551,11.6029,-0.1186
88.562,-0.0962,-0.1017,0.0191,-0.1409,0.0482,-0.0113,0.9583,0.2551,11.6029,-0.1186
88.577,-0.0962,-0.1017,0.0191,-0.1508,0.0537,-0.0065,0.9583,0.2452,11.6129,-0.1187
88.579,-0.0777,-0.0978,0.0191,-0.1381,0.0537,-0.0065,0.9622,0.2579,11.6129,-0.1187
88.581,-0.0918,-0.0978,0.0195,-0.1381,0.0455,-0.0065,0.9622,0.2579,11.6129,-0.1187
88.583,-0.0918,-0.1036,0.0295,-0.1381,0.0455,-0.0050,0.9564,0.2579,11.6129,-0.1187
88.684,-0.0918,-0.1036,0.0295,-0.1381,0.0455,-0.0050,0.9564,0.2579,11.6129,-0.1187
88.702,-0.0918,-0.1036,0.0295,-0.1480,0.0509,-0.0003,0.9564,0.2480,11.6228,-0.1189
88.702,-0.0730,-0.0984,0.0295,-0.1340,0.0509,-0.0003,0.9616,0.2620,11.6228,-0.1189
88.703,-0.0871,-0.0984,0.0296,-0.1340,0.0425,-0.0003,0.9616,0.2620,11.6228,-0.1189
88.703,-0.0871,-0.1035,0.0409,-0.1340,0.0425,0.0025,0.9565,0.2620,11.6228,-0.1189
88.804,-0.0871,-0.1035,0.0409,-0.1340,0.0425,0.0025,0.9565,0.2620,11.6228,-0.1189
88.811,-0.0871,-0.1035,0.0409,-0.1438,0.0479,0.0071,0.9565,0.2522,11.6327,-0.1190
88.812,-0.0687,-0.0971,0.0409,-0.1292,0.0479,0.0071,0.9629,0.2668,11.6327,-0.1190
88.813,-0.0831,-0.0971,0.0402,-0.1292,0.0390,0.0071,0.9629,0.2668,11.6327,-0.1190
88.813,-0.0831,-0.1020,0.0518,-0.1292,0.0390,0.0104,0.9580,0.2668,11.6327,-0.1190
88.876,-0.0831,-0.1020,0.0518,-0.1391,0.0443,0.0149,0.9580,0.2569,11.6426,-0.1191
88.877,-0.0651,-0.0943,0.0518,-0.1237,0.0443,0.0149,0.9657,0.2723,11.6426,-0.1191
88.877,-0.0797,-0.0943,0.0500,-0.1237,0.0348,0.0149,0.9657,0.2723,11.6426,-0.1191
88.878,-0.0797,-0.0978,0.0624,-0.1237,0.0348,0.0196,0.9622,0.2723,11.6426,-0.1191
88.973,-0.0797,-0.0978,0.0624,-0.1337,0.0400,0.0240,0.9622,0.2623,11.6525,-0.1192
88.973,-0.0619,-0.0891,0.0624,-0.1178,0.0400,0.0240,0.9709,0.2782,11.6525,-0.1192
88.974,-0.0767,-0.0891,0.0597,-0.1178,0.0299,0.0240,0.9709,0.2782,11.6525,-0.1192
88.974,-0.0767,-0.0896,0.0733,-0.1178,0.0299,0.0313,0.9704,0.2782,11.6525,-0.1192
89.055,-0.0767,-0.0896,0.0733,-0.1277,0.0351,0.0357,0.9704,0.2683,11.6625,-0.1194
89.056,-0.0585,-0.0804,0.0733,-0.1112,0.0351,0.0357,0.9796,0.2848,11.6625,-0.1194
89.058,-0.0733,-0.0804,0.0709,-0.1112,0.0251,0.0357,0.9796,0.2848,11.6625,-0.1194
89.059,-0.0733,-0.0780,0.0850,-0.1112,0.0251,0.0451,0.9820,0.2848,11.6625,-0.1194
89.159,-0.0733,-0.0780,0.0850,-0.1112,0.0251,0.0451,0.9820,0.2848,11.6625,-0.1194
89.191,-0.0733,-0.0780,0.0850,-0.1211,0.0303,0.0494,0.9820,0.2749,11.6724,-0.1195
89.191,-0.0548,-0.0681,0.0850,-0.1038,0.0303,0.0494,0.9919,0.2922,11.6724,-0.1195
89.191,-0.0696,-0.0681,0.0828,-0.1038,0.0204,0.0494,0.9904,0.2922,11.6724,-0.1195
89.191,-0.0696,-0.0653,0.0961,-0.1038,0.0204,0.0585,0.9904,0.2922,11.6724,-0.1195
89.266,-0.0696,-0.0653,0.0961,-0.1137,0.0255,0.0628,0.9904,0.2823,11.6823,-0.1196
89.268,-0.0514,-0.0543,0.0961,-0.0960,0.0255,0.0628,1.0057,0.3000,11.6823,-0.1196
89.270,-0.0666,-0.0543,0.0934,-0.0960,0.0151,0.0628,0.9934,0.3000,11.6823,-0.1196
89.271,-0.0666,-0.0531,0.1056,-0.0960,0.0151,0.0705,0.9934,0.3000,11.6823,-0.1196
89.371,-0.0666,-0.0531,0.1056,-0.0960,0.0151,0.0705,0.9934,0.3000,11.6823,-0.1196
89.383,-0.0666,-0.0531,0.1056,-0.1059,0.0202,0.0748,0.9934,0.2901,11.6922,-0.1198
89.385,-0.0493,-0.0411,0.1056,-0.0881,0.0202,0.0748,1.0107,0.3079,11.6922,-0.1198
89.385,-0.0655,-0.0411,0.1014,-0.0881,0.0085,0.0748,0.9945,0.3079,11.6922,-0.1198
89.387,-0.0655,-0.0404,0.1138,-0.0881,0.0085,0.0825,0.9945,0.3079,11.6922,-0.1198
89.487,-0.0655,-0.0404,0.1138,-0.0881,0.0085,0.0825,0.9945,0.3079,11.6922,-0.1198
89.492,-0.0655,-0.0404,0.1138,-0.0981,0.0135,0.0867,0.9945,0.2979,11.7021,-0.1199
89.510,-0.0492,-0.0278,0.1138,-0.0806,0.0135,0.0867,1.0108,0.3154,11.7021,-0.1199
89.512,-0.0662,-0.0278,0.1080,-0.0806,0.0003,0.0867,0.9938,0.3154,11.7021,-0.1199
89.517,-0.0662,-0.0256,0.1201,-0.0806,0.0003,0.0950,0.9938,0.3154,11.7021,-0.1199
89.605,-0.0662,-0.0256,0.1201,-0.0905,0.0054,0.0992,0.9938,0.3055,11.7120,-0.1200
89.606,-0.0503,-0.0125,0.1201,-0.0729,0.0054,0.0992,1.0097,0.3231,11.7120,-0.1200
89.606,-0.0670,-0.0125,0.1137,-0.0729,-0.0080,0.0992,0.9930,0.3231,11.7120,-0.1200
89.606,-0.0670,-0.0086,0.1245,-0.0729,-0.0080,0.1077,0.9930,0.3231,11.7120,-0.1200
89.676,-0.0670,-0.0086,0.1245,-0.0829,-0.0030,0.1119,0.9930,0.3131,11.7220,-0.1201
89.678,-0.0510,0.0051,0.1245,-0.0650,-0.0030,0.1119,1.0090,0.3310,11.7220,-0.1201
89.680,-0.0657,0.0051,0.1191,-0.0650,-0.0146,0.1119,0.9943,0.3310,11.7220,-0.1201
89.683,-0.0657,0.0093,0.1283,-0.0650,-0.0146,0.1196,0.9943,0.3310,11.7220,-0.1201
89.765,-0.0657,0.0093,0.1283,-0.0749,-0.0096,0.1239,0.9943,0.3211,11.7319,-0.1203
89.766,-0.0497,0.0234,0.1283,-0.0568,-0.0096,0.1239,1.0103,0.3392,11.7319,-0.1203
89.768,-0.0624,0.0234,0.1241,-0.0568,-0.0195,0.1239,0.9976,0.3392,11.7319,-0.1203
89.770,-0.0624,0.0264,0.1318,-0.0568,-0.0195,0.1300,0.9976,0.3392,11.7319,-0.1203
89.858,-0.0624,0.0264,0.1318,-0.0667,-0.0145,0.1343,0.9976,0.3293,11.7418,-0.1204
89.860,-0.0466,0.0405,0.1318,-0.0488,-0.0145,0.1343,1.0134,0.3472,11.7418,-0.1204
89.862,-0.0589,0.0405,0.1277,-0.0488,-0.0240,0.1343,1.0011,0.3472,11.7418,-0.1204
89.864,-0.0589,0.0411,0.1339,-0.0488,-0.0240,0.1384,1.0011,0.3472,11.7418,-0.1204
89.960,-0.0589,0.0411,0.1339,-0.0587,-0.0190,0.1427,1.0011,0.3373,11.7517,-0.1205
89.962,-0.0434,0.0555,0.1339,-0.0409,-0.0190,0.1427,1.0166,0.3551,11.7517,-0.1205
89.964,-0.0562,0.0555,0.1287,-0.0409,-0.0295,0.1427,1.0038,0.3551,11.7517,-0.1205
89.966,-0.0562,0.0540,0.1335,-0.0409,-0.0295,0.1448,1.0038,0.3551,11.7517,-0.1205
90.055,-0.0562,0.0540,0.1335,-0.0508,-0.0245,0.1491,1.0038,0.3452,11.7616,-0.1206
90.057,-0.0413,0.0688,0.1335,-0.0331,-0.0245,0.1491,1.0187,0.3629,11.7616,-0.1206
90.058,-0.0544,0.0688,0.1264,-0.0331,-0.0363,0.1491,1.0056,0.3597,11.7616,-0.1206
90.060,-0.0544,0.0667,0.1300,-0.0331,-0.0363,0.1501,1.0056,0.3597,11.7616,-0.1206
90.152,-0.0544,0.0667,0.1300,-0.0431,-0.0313,0.1545,1.0056,0.3529,11.7716,-0.1208
90.154,-0.0401,0.0821,0.1300,-0.0255,-0.0313,0.1545,1.0199,0.3647,11.7716,-0.1208
90.156,-0.0517,0.0821,0.1211,-0.0255,-0.0432,0.1545,1.0083,0.3528,11.7716,-0.1208
90.158,-0.0517,0.0811,0.1230,-0.0255,-0.0432,0.1551,1.0083,0.3528,11.7716,-0.1208
90.258,-0.0517,0.0811,0.1230,-0.0354,-0.0381,0.1595,1.0083,0.3579,11.7815,-0.1209
90.274,-0.0380,0.0968,0.1230,-0.0182,-0.0381,0.1595,1.0220,0.3579,11.7815,-0.1209
90.275,-0.0455,0.0968,0.1144,-0.0182,-0.0475,0.1595,1.0145,0.3486,11.7815,-0.1209
90.276,-0.0455,0.0978,0.1145,-0.0182,-0.0475,0.1601,1.0145,0.3486,11.7815,-0.1209
90.372,-0.0455,0.0978,0.1145,-0.0281,-0.0422,0.1646,1.0145,0.3538,11.7914,-0.1210
90.373,-0.0329,0.1135,0.1145,-0.0117,-0.0422,0.1646,1.0271,0.3538,11.7914,-0.1210
90.375,-0.0355,0.1135,0.1091,-0.0117,-0.0469,0.1646,1.0245,0.3491,11.7914,-0.1210
90.376,-0.0355,0.1144,0.1071,-0.0117,-0.0469,0.1640,1.0245,0.3491,11.7914,-0.1210
90.476,-0.0355,0.1144,0.1071,-0.0216,-0.0415,0.1686,1.0245,0.3545,11.8013,-0.1211
90.477,-0.0247,0.1299,0.1071,-0.0065,-0.0415,0.1686,1.0353,0.3545,11.8013,-0.1211
90.478,-0.0233,0.1299,0.1061,-0.0065,-0.0412,0.1686,1.0367,0.3548,11.8013,-0.1211
90.479,-0.0233,0.1269,0.1016,-0.0065,-0.0412,0.1643,1.0367,0.3548,11.8013,-0.1211
90.561,-0.0233,0.1269,0.1016,-0.0164,-0.0358,0.1691,1.0367,0.3602,11.8112,-0.1213
90.562,-0.0137,0.1427,0.1016,-0.0019,-0.0358,0.1691,1.0463,0.3602,11.8112,-0.1213
90.564,-0.0093,0.1427,0.1028,-0.0019,-0.0324,0.1691,1.0507,0.3636,11.8112,-0.1213
90.565,-0.0093,0.1366,0.0968,-0.0019,-0.0324,0.1623,1.0507,0.3636,11.8112,-0.1213
90.665,-0.0093,0.1366,0.0968,-0.0019,-0.0324,0.1623,1.0507,0.3636,11.8112,-0.1213
90.676,-0.0093,0.1366,0.0968,-0.0118,-0.0269,0.1671,1.0507,0.3692,11.8211,-0.1214
90.677,-0.0004,0.1527,0.0968,0.0024,-0.0269,0.1671,1.0596,0.3692,11.8211,-0.1214
90.680,0.0063,0.1527,0.0970,0.0024,-0.0225,0.1671,1.0663,0.3736,11.8211,-0.1214
90.682,0.0063,0.1479,0.0901,0.0024,-0.0225,0.1605,1.0663,0.3736,11.8211,-0.1214
90.783,0.0063,0.1479,0.0901,0.0024,-0.0225,0.1605,1.0663,0.3736,11.8211,-0.1214
90.785,0.0063,0.1479,0.0901,-0.0075,-0.0168,0.1654,1.0663,0.3792,11.8311,-0.1215
90.785,0.0147,0.1640,0.0901,0.0063,-0.0168,0.1654,1.0747,0.3792,11.8311,-0.1215
90.786,0.0225,0.1640,0.0894,0.0063,-0.0121,0.1654,1.0825,0.3839,11.8311,-0.1215
90.786,0.0225,0.1626,0.0796,0.0063,-0.0121,0.1593,1.0825,0.3839,11.8311,-0.1215
90.850,0.0225,0.1626,0.0796,-0.0036,-0.0063,0.1643,1.0825,0.3898,11.8410,-0.1216
90.851,0.0296,0.1785,0.0796,0.0094,-0.0063,0.1643,1.0896,0.3898,11.8410,-0.1216
90.851,0.0393,0.1785,0.0812,0.0094,0.0010,0.1643,1.0993,0.3970,11.8410,-0.1216
90.851,0.0393,0.1780,0.0683,0.0094,0.0010,0.1573,1.0993,0.3970,11.8410,-0.1216
90.952,0.0393,0.1780,0.0683,0.0094,0.0010,0.1573,1.0993,0.3970,11.8410,-0.1216
90.955,0.0393,0.1780,0.0683,-0.0005,0.0070,0.1625,1.0993,0.3955,11.8509,-0.1217
90.956,0.0450,0.1937,0.0683,0.0115,0.0070,0.1625,1.1050,0.4030,11.8509,-0.1217
90.958,0.0589,0.1937,0.0742,0.0115,0.0194,0.1625,1.1189,0.4075,11.8509,-0.1217
90.959,0.0589,0.1908,0.0605,0.0115,0.0194,0.1537,1.1189,0.4075,11.8509,-0.1217
91.058,0.0589,0.1908,0.0605,0.0016,0.0255,0.1591,1.1189,0.3976,11.8608,-0.1219
91.059,0.0635,0.2061,0.0605,0.0128,0.0255,0.1591,1.1205,0.4088,11.8608,-0.1219
91.061,0.0817,0.2061,0.0704,0.0128,0.0428,0.1591,1.1304,0.4088,11.8608,-0.1219
91.063,0.0817,0.2005,0.0577,0.0128,0.0428,0.1493,1.1177,0.4088,11.8608,-0.1219
91.163,0.0817,0.2005,0.0577,0.0128,0.0428,0.1493,1.1177,0.4088,11.8608,-0.1219
91.171,0.0817,0.2005,0.0577,0.0029,0.0490,0.1548,1.1177,0.3989,11.8707,-0.1220
91.202,0.0860,0.2156,0.0577,0.0140,0.0490,0.1548,1.1177,0.4100,11.8707,-0.1220
91.202,0.1048,0.2156,0.0683,0.0140,0.0672,0.1548,1.1283,0.4100,11.8707,-0.1220
91.203,0.1048,0.2098,0.0560,0.0140,0.0672,0.1450,1.1160,0.4100,11.8707,-0.1220
91.304,0.1048,0.2098,0.0560,0.0140,0.0672,0.1450,1.1160,0.4100,11.8707,-0.1220
91.306,0.1048,0.2098,0.0560,0.0041,0.0735,0.1507,1.1160,0.4001,11.8807,-0.1221
91.307,0.1098,0.2249,0.0560,0.0157,0.0735,0.1507,1.1160,0.4117,11.8807,-0.1221
91.310,0.1266,0.2249,0.0662,0.0157,0.0902,0.1507,1.1262,0.4117,11.8807,-0.1221
91.310,0.1266,0.2207,0.0517,0.0157,0.0902,0.1413,1.1117,0.4117,11.8807,-0.1221
91.392,0.1266,0.2207,0.0517,0.0058,0.0966,0.1471,1.1117,0.4018,11.8906,-0.1222
91.394,0.1326,0.2355,0.0517,0.0178,0.0966,0.1471,1.1117,0.4138,11.8906,-0.1222
91.396,0.1461,0.2355,0.0638,0.0178,0.1119,0.1471,1.1238,0.4138,11.8906,-0.1222
91.397,0.1461,0.2325,0.0460,0.0178,0.1119,0.1372,1.1060,0.4138,11.8906,-0.1222
91.478,0.1461,0.2325,0.0460,0.0080,0.1183,0.1432,1.1060,0.4040,11.9005,-0.1224
91.479,0.1526,0.2467,0.0460,0.0199,0.1183,0.1432,1.1060,0.4159,11.9005,-0.1224
91.480,0.1617,0.2467,0.0617,0.0199,0.1324,0.1432,1.1217,0.4159,11.9005,-0.1224
91.483,0.1617,0.2421,0.0429,0.0199,0.1324,0.1321,1.1029,0.4159,11.9005,-0.1224
91.560,0.1617,0.2421,0.0429,0.0101,0.1388,0.1382,1.1029,0.4061,11.9104,-0.1225
91.561,0.1683,0.2557,0.0429,0.0218,0.1388,0.1382,1.1029,0.4178,11.9104,-0.1225
91.562,0.1757,0.2557,0.0598,0.0218,0.1522,0.1382,1.1198,0.4178,11.9104,-0.1225
91.564,0.1757,0.2487,0.0424,0.0218,0.1522,0.1261,1.1024,0.4178,11.9104,-0.1225
91.664,0.1757,0.2487,0.0424,0.0218,0.1522,0.1261,1.1024,0.4178,11.9104,-0.1225
91.693,0.1757,0.2487,0.0424,0.0120,0.1587,0.1324,1.1024,0.4080,11.9203,-0.1226
91.710,0.1819,0.2617,0.0424,0.0232,0.1587,0.1324,1.1024,0.4192,11.9203,-0.1226
91.712,0.1917,0.2617,0.0576,0.0232,0.1729,0.1324,1.1176,0.4192,11.9203,-0.1226
91.712,0.1917,0.2537,0.0420,0.0232,0.1729,0.1204,1.1020,0.4192,11.9203,-0.1226
91.813,0.1917,0.2537,0.0420,0.0232,0.1729,0.1204,1.1020,0.4192,11.9203,-0.1226
91.845,0.1917,0.2537,0.0420,0.0134,0.1793,0.1268,1.1020,0.4094,11.9302,-0.1227
91.847,0.1977,0.2655,0.0420,0.0239,0.1793,0.1268,1.1020,0.4199,11.9302,-0.1227
91.848,0.2079,0.2655,0.0566,0.0239,0.1935,0.1268,1.1166,0.4199,11.9302,-0.1227
91.850,0.2079,0.2572,0.0417,0.0239,0.1935,0.1149,1.1017,0.4199,11.9302,-0.1227
91.929,0.2079,0.2572,0.0417,0.0140,0.2000,0.1215,1.1017,0.4100,11.9402,-0.1229
91.930,0.2146,0.2669,0.0417,0.0235,0.2000,0.1215,1.1017,0.4195,11.9402,-0.1229
91.932,0.2191,0.2669,0.0573,0.0235,0.2106,0.1215,1.1173,0.4195,11.9402,-0.1229
91.934,0.2191,0.2575,0.0417,0.0235,0.2106,0.1085,1.1017,0.4195,11.9402,-0.1229
92.010,0.2191,0.2575,0.0417,0.0137,0.2171,0.1152,1.1017,0.4097,11.9501,-0.1230
92.012,0.2282,0.2652,0.0417,0.0229,0.2171,0.1152,1.1017,0.4189,11.9501,-0.1230
92.015,0.2262,0.2652,0.0568,0.0229,0.2230,0.1152,1.1168,0.4189,11.9501,-0.1230
92.017,0.2262,0.2543,0.0403,0.0229,0.2230,0.1009,1.1003,0.4189,11.9501,-0.1230
92.106,0.2262,0.2543,0.0403,0.0131,0.2293,0.1077,1.1003,0.4091,11.9600,-0.1231
92.110,0.2380,0.2614,0.0403,0.0230,0.2293,0.1077,1.1003,0.4190,11.9600,-0.1231
92.112,0.2347,0.2614,0.0530,0.0230,0.2331,0.1077,1.1130,0.4190,11.9600,-0.1231
92.114,0.2347,0.2495,0.0370,0.0230,0.2331,0.0927,1.0970,0.4190,11.9600,-0.1231
92.213,0.2347,0.2495,0.0370,0.0131,0.2395,0.0996,1.0970,0.4091,11.9699,-0.1232
92.216,0.2480,0.2570,0.0370,0.0239,0.2395,0.0996,1.0970,0.4199,11.9699,-0.1232
92.218,0.2449,0.2570,0.0485,0.0239,0.2429,0.0996,1.1085,0.4199,11.9699,-0.1232
92.220,0.2449,0.2442,0.0334,0.0239,0.2429,0.0841,1.0934,0.4199,11.9699,-0.1232
92.320,0.2449,0.2442,0.0334,0.0239,0.2429,0.0841,1.0934,0.4199,11.9699,-0.1232
92.326,0.2449,0.2442,0.0334,0.0141,0.2492,0.0912,1.0934,0.4101,11.9798,-0.1234
92.327,0.2586,0.2519,0.0334,0.0252,0.2492,0.0912,1.0934,0.4212,11.9798,-0.1234
92.327,0.2557,0.2519,0.0455,0.0252,0.2530,0.0912,1.1055,0.4212,11.9798,-0.1234
92.327,0.2557,0.2380,0.0309,0.0252,0.2530,0.0750,1.0909,0.4212,11.9798,-0.1234
92.394,0.2557,0.2380,0.0309,0.0153,0.2592,0.0822,1.0909,0.4113,11.9898,-0.1235
92.395,0.2701,0.2450,0.0309,0.0261,0.2592,0.0822,1.0909,0.4221,11.9898,-0.1235
92.395,0.2668,0.2450,0.0438,0.0261,0.2632,0.0822,1.1038,0.4221,11.9898,-0.1235
92.395,0.2668,0.2303,0.0290,0.0261,0.2632,0.0653,1.0890,0.4221,11.9898,-0.1235
92.466,0.2668,0.2303,0.0290,0.0162,0.2694,0.0725,1.0890,0.4122,11.9997,-0.1236
92.466,0.2818,0.2358,0.0290,0.0262,0.2694,0.0725,1.0890,0.4222,11.9997,-0.1236
92.467,0.2782,0.2358,0.0418,0.0262,0.2730,0.0725,1.1018,0.4222,11.9997,-0.1236
92.470,0.2782,0.2208,0.0268,0.0262,0.2730,0.0552,1.0868,0.4222,11.9997,-0.1236
92.550,0.2782,0.2208,0.0268,0.0163,0.2791,0.0625,1.0868,0.4123,12.0096,-0.1237
92.550,0.2934,0.2252,0.0268,0.0256,0.2791,0.0625,1.0868,0.4216,12.0096,-0.1237
92.552,0.2897,0.2252,0.0389,0.0256,0.2824,0.0625,1.0989,0.4216,12.0096,-0.1237
92.554,0.2897,0.2101,0.0246,0.0256,0.2824,0.0453,1.0846,0.4216,12.0096,-0.1237
92.660,0.2897,0.2101,0.0246,0.0157,0.2884,0.0527,1.0846,0.4117,12.0195,-0.1239
92.660,0.3055,0.2153,0.0246,0.0258,0.2884,0.0527,1.0846,0.4218,12.0195,-0.1239
92.660,0.3023,0.2153,0.0360,0.0258,0.2917,0.0527,1.0960,0.4218,12.0195,-0.1239
92.661,0.3023,0.2003,0.0228,0.0258,0.2917,0.0359,1.0828,0.4218,12.0195,-0.1239
92.661,0.3023,0.2003,0.0228,0.0258,0.2917,0.0359,1.0828,0.4218,12.0195,-0.1239
92.761,0.3023,0.2003,0.0228,0.0258,0.2917,0.0359,1.0828,0.4218,12.0195,-0.1239
92.767,0.3023,0.2003,0.0228,0.0159,0.2977,0.0433,1.0828,0.4119,12.0294,-0.1240
92.769,0.3200,0.2078,0.0228,0.0284,0.2977,0.0433,1.0828,0.4244,12.0294,-0.1240
92.771,0.3176,0.2078,0.0342,0.0284,0.3014,0.0433,1.0942,0.4244,12.0294,-0.1240
92.773,0.3176,0.1928,0.0224,0.0284,0.3014,0.0269,1.0824,0.4229,12.0294,-0.1240
92.873,0.3176,0.1928,0.0224,0.0185,0.3074,0.0344,1.0824,0.4145,12.0393,-0.1241
92.877,0.3369,0.2014,0.0224,0.0324,0.3074,0.0344,1.0824,0.4284,12.0393,-0.1241
92.880,0.3347,0.2014,0.0343,0.0324,0.3115,0.0344,1.0943,0.4284,12.0393,-0.1241
92.882,0.3347,0.1862,0.0230,0.0324,0.3115,0.0180,1.0830,0.4140,12.0393,-0.1241
92.982,0.3347,0.1862,0.0230,0.0225,0.3175,0.0255,1.0830,0.4185,12.0493,-0.1243
92.984,0.3532,0.1930,0.0230,0.0348,0.3175,0.0255,1.0830,0.4215,12.0493,-0.1243
92.985,0.3509,0.1930,0.0353,0.0348,0.3216,0.0255,1.0953,0.4215,12.0493,-0.1243
92.988,0.3509,0.1777,0.0238,0.0348,0.3216,0.0089,1.0838,0.4049,12.0493,-0.1243
93.076,0.3509,0.1777,0.0238,0.0249,0.3275,0.0165,1.0838,0.4125,12.0592,-0.1244
93.077,0.3672,0.1826,0.0238,0.0351,0.3275,0.0165,1.0838,0.4125,12.0592,-0.1244
93.079,0.3647,0.1826,0.0361,0.0351,0.3315,0.0165,1.0961,0.4125,12.0592,-0.1244
93.081,0.3647,0.1673,0.0244,0.0351,0.3315,-0.0003,1.0844,0.3957,12.0592,-0.1244
93.165,0.3647,0.1673,0.0244,0.0252,0.3373,0.0073,1.0844,0.4034,12.0691,-0.1245
93.167,0.3798,0.1720,0.0244,0.0347,0.3373,0.0073,1.0844,0.4034,12.0691,-0.1245
93.169,0.3772,0.1720,0.0367,0.0347,0.3413,0.0073,1.0967,0.4034,12.0691,-0.1245
93.171,0.3772,0.1566,0.0250,0.0347,0.3413,-0.0096,1.0850,0.3864,12.0691,-0.1245
93.254,0.3772,0.1566,0.0250,0.0248,0.3470,-0.0019,1.0850,0.3941,12.0790,-0.1246
93.256,0.3924,0.1623,0.0250,0.0351,0.3470,-0.0019,1.0850,0.3941,12.0790,-0.1246
93.258,0.3899,0.1623,0.0375,0.0351,0.3511,-0.0019,1.0975,0.3941,12.0790,-0.1246
93.261,0.3899,0.1465,0.0260,0.0351,0.3511,-0.0191,1.0860,0.3769,12.0790,-0.1246
93.353,0.3899,0.1465,0.0260,0.0252,0.3568,-0.0113,1.0860,0.3847,12.0889,-0.1248
93.356,0.4056,0.1531,0.0260,0.0363,0.3568,-0.0113,1.0860,0.3847,12.0889,-0.1248
93.356,0.4032,0.1531,0.0386,0.0363,0.3610,-0.0113,1.0986,0.3847,12.0889,-0.1248
93.356,0.4032,0.1368,0.0274,0.0363,0.3610,-0.0290,1.0874,0.3670,12.0889,-0.1248
93.457,0.4032,0.1368,0.0274,0.0264,0.3667,-0.0212,1.0874,0.3748,12.0989,-0.1249
93.460,0.4188,0.1429,0.0274,0.0371,0.3667,-0.0212,1.0874,0.3748,12.0989,-0.1249
93.462,0.4161,0.1429,0.0401,0.0371,0.3707,-0.0212,1.1001,0.3748,12.0989,-0.1249
93.462,0.4161,0.1262,0.0290,0.0371,0.3707,-0.0392,1.0890,0.3568,12.0989,-0.1249
93.559,0.4161,0.1262,0.0290,0.0272,0.3763,-0.0313,1.0890,0.3647,12.1088,-0.1250
93.574,0.4301,0.1309,0.0290,0.0363,0.3763,-0.0313,1.0890,0.3647,12.1088,-0.1250
93.574,0.4271,0.1309,0.0416,0.0363,0.3801,-0.0313,1.1016,0.3647,12.1088,-0.1250
93.575,0.4271,0.1140,0.0307,0.0363,0.3801,-0.0495,1.0907,0.3465,12.1088,-0.1250
93.675,0.4271,0.1140,0.0307,0.0363,0.3801,-0.0495,1.0907,0.3465,12.1088,-0.1250
93.677,0.4271,0.1140,0.0307,0.0264,0.3856,-0.0416,1.0907,0.3544,12.1187,-0.1252
93.683,0.4382,0.1169,0.0307,0.0331,0.3856,-0.0416,1.0907,0.3544,12.1187,-0.1252
93.685,0.4349,0.1169,0.0429,0.0331,0.3890,-0.0416,1.1029,0.3544,12.1187,-0.1252
93.685,0.4349,0.1001,0.0325,0.0331,0.3890,-0.0597,1.0925,0.3363,12.1187,-0.1252
93.765,0.4349,0.1001,0.0325,0.0232,0.3945,-0.0518,1.0925,0.3443,12.1286,-0.1253
93.766,0.4437,0.1018,0.0325,0.0282,0.3945,-0.0518,1.0925,0.3443,12.1286,-0.1253
93.767,0.4401,0.1018,0.0443,0.0282,0.3975,-0.0518,1.1043,0.3443,12.1286,-0.1253
93.768,0.4401,0.0849,0.0343,0.0282,0.3975,-0.0698,1.0943,0.3263,12.1286,-0.1253
93.866,0.4401,0.0849,0.0343,0.0183,0.4029,-0.0618,1.0943,0.3342,12.1385,-0.1254
93.868,0.4483,0.0863,0.0343,0.0228,0.4029,-0.0618,1.0943,0.3342,12.1385,-0.1254
93.868,0.4444,0.0863,0.0456,0.0228,0.4055,-0.0618,1.1056,0.3342,12.1385,-0.1254
93.869,0.4444,0.0693,0.0363,0.0228,0.4055,-0.0797,1.0963,0.3163,12.1385,-0.1254
93.969,0.4444,0.0693,0.0363,0.0129,0.4109,-0.0717,1.0963,0.3243,12.1484,-0.1255
93.983,0.4532,0.0710,0.0363,0.0178,0.4109,-0.0717,1.0963,0.3243,12.1484,-0.1255
93.984,0.4490,0.0710,0.0470,0.0178,0.4130,-0.0717,1.1070,0.3243,12.1484,-0.1255
93.984,0.4490,0.0539,0.0383,0.0178,0.4130,-0.0895,1.0983,0.3065,12.1484,-0.1255
94.080,0.4490,0.0539,0.0383,0.0080,0.4183,-0.0814,1.0983,0.3146,12.1584,-0.1257
94.082,0.4590,0.0567,0.0383,0.0141,0.4183,-0.0814,1.0983,0.3146,12.1584,-0.1257
94.083,0.4541,0.0567,0.0483,0.0141,0.4196,-0.0814,1.1083,0.3146,12.1584,-0.1257
94.085,0.4541,0.0396,0.0405,0.0141,0.4196,-0.0989,1.0996,0.2971,12.1584,-0.1257
94.172,0.4541,0.0396,0.0405,0.0043,0.4249,-0.0908,1.0996,0.3052,12.1683,-0.1258
94.174,0.4637,0.0432,0.0405,0.0108,0.4249,-0.0908,1.1005,0.3052,12.1683,-0.1258
94.176,0.4580,0.0432,0.0493,0.0108,0.4251,-0.0908,1.1032,0.3052,12.1683,-0.1258
94.178,0.4580,0.0260,0.0427,0.0108,0.4251,-0.1079,1.0860,0.2881,12.1683,-0.1258
94.258,0.4580,0.0260,0.0427,0.0010,0.4303,-0.0998,1.0860,0.2962,12.1782,-0.1259
94.260,0.4645,0.0298,0.0427,0.0063,0.4303,-0.0998,1.0898,0.2962,12.1782,-0.1259
94.262,0.4578,0.0298,0.0503,0.0063,0.4294,-0.0998,1.0898,0.2962,12.1782,-0.1259
94.263,0.4578,0.0126,0.0453,0.0063,0.4294,-0.1164,1.0726,0.2796,12.1782,-0.1259
94.356,0.4578,0.0126,0.0453,-0.0035,0.4346,-0.1083,1.0726,0.2877,12.1881,-0.1261
94.358,0.4586,0.0158,0.0453,-0.0010,0.4346,-0.1083,1.0758,0.2877,12.1881,-0.1261
94.359,0.4512,0.0158,0.0521,-0.0010,0.4329,-0.1083,1.0758,0.2877,12.1881,-0.1261
94.360,0.4512,-0.0016,0.0488,-0.0010,0.4329,-0.1245,1.0584,0.2716,12.1881,-0.1261
94.452,0.4512,-0.0016,0.0488,-0.0108,0.4380,-0.1164,1.0584,0.2797,12.1980,-0.1262
94.465,0.4466,0.0003,0.0488,-0.0115,0.4380,-0.1164,1.0603,0.2797,12.1980,-0.1262
94.466,0.4387,0.0003,0.0550,-0.0115,0.4358,-0.1164,1.0603,0.2797,12.1980,-0.1262
94.466,0.4387,-0.0174,0.0534,-0.0115,0.4358,-0.1320,1.0426,0.2641,12.1980,-0.1262
94.558,0.4387,-0.0174,0.0534,-0.0213,0.4408,-0.1239,1.0426,0.2721,12.2079,-0.1263
94.576,0.4330,-0.0163,0.0534,-0.0230,0.4408,-0.1239,1.0437,0.2721,12.2079,-0.1263
94.578,0.4245,-0.0163,0.0591,-0.0230,0.4382,-0.1239,1.0437,0.2721,12.2079,-0.1263
94.580,0.4245,-0.0339,0.0591,-0.0230,0.4382,-0.1388,1.0261,0.2572,12.2079,-0.1263
94.674,0.4245,-0.0339,0.0591,-0.0329,0.4431,-0.1307,1.0261,0.2653,12.2179,-0.1264
94.694,0.4207,-0.0328,0.0591,-0.0337,0.4431,-0.1307,1.0272,0.2653,12.2179,-0.1264
94.696,0.4115,-0.0328,0.0640,-0.0337,0.4397,-0.1307,1.0272,0.2653,12.2179,-0.1264
94.697,0.4115,-0.0502,0.0657,-0.0337,0.4397,-0.1448,1.0098,0.2512,12.2179,-0.1264
94.798,0.4115,-0.0502,0.0657,-0.0337,0.4397,-0.1448,1.0098,0.2512,12.2179,-0.1264
94.801,0.4115,-0.0502,0.0657,-0.0436,0.4446,-0.1368,1.0098,0.2593,12.2278,-0.1266
94.803,0.4078,-0.0480,0.0657,-0.0436,0.4446,-0.1368,1.0120,0.2593,12.2278,-0.1266
94.805,0.3972,-0.0480,0.0690,-0.0436,0.4396,-0.1368,1.0120,0.2593,12.2278,-0.1266
94.807,0.3972,-0.0650,0.0722,-0.0436,0.4396,-0.1499,0.9950,0.2461,12.2278,-0.1266
94.909,0.3972,-0.0650,0.0722,-0.0436,0.4396,-0.1499,0.9950,0.2461,12.2278,-0.1266
94.917,0.3972,-0.0650,0.0722,-0.0535,0.4445,-0.1419,0.9950,0.2541,12.2377,-0.1267
94.917,0.3896,-0.0613,0.0722,-0.0541,0.4445,-0.1419,0.9987,0.2541,12.2377,-0.1267
94.918,0.3771,-0.0613,0.0729,-0.0541,0.4372,-0.1419,0.9987,0.2541,12.2377,-0.1267
94.918,0.3771,-0.0780,0.0777,-0.0541,0.4372,-0.1541,0.9820,0.2420,12.2377,-0.1267
95.018,0.3771,-0.0780,0.0777,-0.0541,0.4372,-0.1541,0.9820,0.2420,12.2377,-0.1267
95.037,0.3771,-0.0780,0.0777,-0.0639,0.4420,-0.1462,0.9820,0.2498,12.2476,-0.1268
95.037,0.3656,-0.0744,0.0777,-0.0660,0.4420,-0.1462,0.9856,0.2498,12.2476,-0.1268
95.038,0.3513,-0.0744,0.0762,-0.0660,0.4326,-0.1462,0.9856,0.2498,12.2476,-0.1268
95.039,0.3513,-0.0907,0.0826,-0.0660,0.4326,-0.1574,0.9693,0.2387,12.2476,-0.1268
95.139,0.3513,-0.0907,0.0826,-0.0660,0.4326,-0.1574,0.9693,0.2387,12.2476,-0.1268
95.152,0.3513,-0.0907,0.0826,-0.0759,0.4373,-0.1496,0.9693,0.2464,12.2575,-0.1270
95.153,0.3391,-0.0888,0.0826,-0.0794,0.4373,-0.1496,0.9712,0.2464,12.2575,-0.1270
95.155,0.3242,-0.0888,0.0801,-0.0794,0.4272,-0.1496,0.9712,0.2464,12.2575,-0.1270
95.157,0.3242,-0.1045,0.0875,-0.0794,0.4272,-0.1598,0.9555,0.2363,12.2575,-0.1270
95.258,0.3242,-0.1045,0.0875,-0.0794,0.4272,-0.1598,0.9555,0.2363,12.2575,-0.1270
95.264,0.3242,-0.1045,0.0875,-0.0894,0.4319,-0.1521,0.9555,0.2440,12.2675,-0.1271
95.264,0.3123,-0.1035,0.0875,-0.0934,0.4319,-0.1521,0.9565,0.2440,12.2675,-0.1271
95.265,0.2974,-0.1035,0.0845,-0.0934,0.4215,-0.1521,0.9565,0.2440,12.2675,-0.1271
95.266,0.2974,-0.1182,0.0927,-0.0934,0.4215,-0.1611,0.9418,0.2349,12.2675,-0.1271
95.367,0.2974,-0.1182,0.0927,-0.0934,0.4215,-0.1611,0.9418,0.2349,12.2675,-0.1271
95.369,0.2974,-0.1182,0.0927,-0.1033,0.4262,-0.1535,0.9418,0.2426,12.2774,-0.1272
95.369,0.2858,-0.1162,0.0927,-0.1064,0.4262,-0.1535,0.9438,0.2426,12.2774,-0.1272
95.371,0.2707,-0.1162,0.0891,-0.1064,0.4155,-0.1535,0.9438,0.2426,12.2774,-0.1272
95.372,0.2707,-0.1298,0.0986,-0.1064,0.4155,-0.1610,0.9302,0.2350,12.2774,-0.1272
95.467,0.2707,-0.1298,0.0986,-0.1163,0.4201,-0.1535,0.9302,0.2425,12.2873,-0.1273
95.467,0.2592,-0.1263,0.0986,-0.1182,0.4201,-0.1535,0.9337,0.2425,12.2873,-0.1273
95.467,0.2430,-0.1263,0.0935,-0.1182,0.4081,-0.1535,0.9337,0.2425,12.2873,-0.1273
95.468,0.2430,-0.1386,0.1043,-0.1182,0.4081,-0.1595,0.9214,0.2365,12.2873,-0.1273
95.534,0.2430,-0.1386,0.1043,-0.1281,0.4127,-0.1522,0.9214,0.2439,12.2972,-0.1275
95.535,0.2324,-0.1335,0.1043,-0.1284,0.4127,-0.1522,0.9265,0.2439,12.2972,-0.1275
95.535,0.2145,-0.1335,0.0971,-0.1284,0.3986,-0.1522,0.9265,0.2439,12.2972,-0.1275
95.535,0.2145,-0.1442,0.1085,-0.1284,0.3986,-0.1566,0.9158,0.2394,12.2972,-0.1275
95.608,0.2145,-0.1442,0.1085,-0.1383,0.4032,-0.1493,0.9158,0.2467,12.3071,-0.1276
95.609,0.2053,-0.1386,0.1085,-0.1375,0.4032,-0.1493,0.9214,0.2467,12.3071,-0.1276
95.609,0.1859,-0.1386,0.0993,-0.1375,0.3873,-0.1493,0.9214,0.2467,12.3071,-0.1276
95.610,0.1859,-0.1477,0.1108,-0.1375,0.3873,-0.1524,0.9123,0.2436,12.3071,-0.1276
95.687,0.1859,-0.1477,0.1108,-0.1474,0.3919,-0.1453,0.9123,0.2486,12.3170,-0.1277
95.687,0.1779,-0.1419,0.1108,-0.1460,0.3919,-0.1453,0.9181,0.2500,12.3170,-0.1277
95.687,0.1577,-0.1419,0.1000,-0.1460,0.3747,-0.1453,0.9181,0.2500,12.3170,-0.1277
95.688,0.1577,-0.1497,0.1117,-0.1460,0.3747,-0.1472,0.9103,0.2488,12.3170,-0.1277
95.767,0.1577,-0.1497,0.1117,-0.1559,0.3792,-0.1401,0.9103,0.2401,12.3270,-0.1278
95.768,0.1511,-0.1432,0.1117,-0.1534,0.3792,-0.1401,0.9168,0.2426,12.3270,-0.1278
95.770,0.1316,-0.1432,0.1006,-0.1534,0.3622,-0.1401,0.9168,0.2426,12.3270,-0.1278
95.773,0.1316,-0.1498,0.1126,-0.1534,0.3622,-0.1410,0.9102,0.2426,12.3270,-0.1278
95.873,0.1316,-0.1498,0.1126,-0.1534,0.3622,-0.1410,0.9102,0.2426,12.3270,-0.1278
95.879,0.1316,-0.1498,0.1126,-0.1632,0.3668,-0.1340,0.9102,0.2328,12.3369,-0.1280
95.880,0.1273,-0.1413,0.1126,-0.1582,0.3668,-0.1340,0.9187,0.2378,12.3369,-0.1280
95.881,0.1088,-0.1413,0.1016,-0.1582,0.3504,-0.1340,0.9187,0.2378,12.3369,-0.1280
95.882,0.1088,-0.1468,0.1142,-0.1582,0.3504,-0.1338,0.9132,0.2378,12.3369,-0.1280
95.968,0.1088,-0.1468,0.1142,-0.1681,0.3550,-0.1269,0.9132,0.2279,12.3468,-0.1281
95.970,0.1076,-0.1360,0.1142,-0.1601,0.3550,-0.1269,0.9240,0.2359,12.3468,-0.1281
95.972,0.0892,-0.1360,0.1028,-0.1601,0.3385,-0.1269,0.9240,0.2359,12.3468,-0.1281
95.977,0.0892,-0.1400,0.1159,-0.1601,0.3385,-0.1253,0.9200,0.2359,12.3468,-0.1281
96.078,0.0892,-0.1400,0.1159,-0.1601,0.3385,-0.1253,0.9200,0.2359,12.3468,-0.1281
96.083,0.0892,-0.1400,0.1159,-0.1699,0.3430,-0.1185,0.9200,0.2261,12.3567,-0.1282
96.085,0.0911,-0.1272,0.1159,-0.1592,0.3430,-0.1185,0.9328,0.2368,12.3567,-0.1282
96.085,0.0722,-0.1272,0.1037,-0.1592,0.3258,-0.1185,0.9328,0.2368,12.3567,-0.1282
96.086,0.0722,-0.1295,0.1171,-0.1592,0.3258,-0.1154,0.9305,0.2368,12.3567,-0.1282
96.161,0.0722,-0.1295,0.1171,-0.1690,0.3303,-0.1087,0.9305,0.2270,12.3666,-0.1284
96.162,0.0768,-0.1151,0.1171,-0.1560,0.3303,-0.1087,0.9449,0.2400,12.3666,-0.1284
96.163,0.0577,-0.1151,0.1041,-0.1560,0.3125,-0.1087,0.9449,0.2400,12.3666,-0.1284
96.165,0.0577,-0.1157,0.1179,-0.1560,0.3125,-0.1042,0.9443,0.2400,12.3666,-0.1284
96.256,0.0577,-0.1157,0.1179,-0.1658,0.3170,-0.0976,0.9443,0.2302,12.3766,-0.1285
96.260,0.0638,-0.1003,0.1179,-0.1513,0.3170,-0.0976,0.9597,0.2447,12.3766,-0.1285
96.262,0.0453,-0.1003,0.1047,-0.1513,0.2993,-0.0976,0.9597,0.2447,12.3766,-0.1285
96.264,0.0453,-0.0996,0.1189,-0.1513,0.2993,-0.0918,0.9604,0.2447,12.3766,-0.1285
96.365,0.0453,-0.0996,0.1189,-0.1513,0.2993,-0.0918,0.9604,0.2447,12.3766,-0.1285
96.367,0.0453,-0.0996,0.1189,-0.1611,0.3039,-0.0852,0.9604,0.2349,12.3865,-0.1286
96.369,0.0528,-0.0835,0.1189,-0.1456,0.3039,-0.0852,0.9765,0.2504,12.3865,-0.1286
96.369,0.0356,-0.0835,0.1059,-0.1456,0.2869,-0.0852,0.9765,0.2504,12.3865,-0.1286
96.370,0.0356,-0.0818,0.1207,-0.1456,0.2869,-0.0784,0.9782,0.2504,12.3865,-0.1286
96.460,0.0356,-0.0818,0.1207,-0.1554,0.2916,-0.0720,0.9782,0.2406,12.3964,-0.1287
96.461,0.0447,-0.0652,0.1207,-0.1390,0.2916,-0.0720,0.9948,0.2570,12.3964,-0.1287
96.464,0.0286,-0.0652,0.1080,-0.1390,0.2754,-0.0720,0.9948,0.2570,12.3964,-0.1287
96.467,0.0286,-0.0626,0.1232,-0.1390,0.2754,-0.0643,0.9974,0.2570,12.3964,-0.1287
96.551,0.0286,-0.0626,0.1232,-0.1487,0.2801,-0.0579,0.9974,0.2473,12.4063,-0.1289
96.552,0.0396,-0.0455,0.1232,-0.1312,0.2801,-0.0579,1.0145,0.2648,12.4063,-0.1289
96.554,0.0242,-0.0455,0.1103,-0.1312,0.2641,-0.0579,1.0145,0.2648,12.4063,-0.1289
96.555,0.0242,-0.0421,0.1258,-0.1312,0.2641,-0.0496,1.0179,0.2648,12.4063,-0.1289
96.656,0.0242,-0.0421,0.1258,-0.1312,0.2641,-0.0496,1.0179,0.2648,12.4063,-0.1289
96.667,0.0242,-0.0421,0.1258,-0.1409,0.2688,-0.0432,1.0179,0.2551,12.4162,-0.1290
96.669,0.0371,-0.0247,0.1258,-0.1224,0.2688,-0.0432,1.0353,0.2736,12.4162,-0.1290
96.671,0.0218,-0.0247,0.1123,-0.1224,0.2526,-0.0432,1.0353,0.2736,12.4162,-0.1290
96.672,0.0218,-0.0206,0.1281,-0.1224,0.2526,-0.0343,1.0394,0.2736,12.4162,-0.1290
96.769,0.0218,-0.0206,0.1281,-0.1322,0.2573,-0.0280,1.0394,0.2638,12.4261,-0.1291
96.769,0.0359,-0.0035,0.1281,-0.1135,0.2573,-0.0280,1.0565,0.2825,12.4261,-0.1291
96.769,0.0210,-0.0035,0.1142,-0.1135,0.2410,-0.0280,1.0565,0.2825,12.4261,-0.1291
96.770,0.0210,0.0009,0.1301,-0.1135,0.2410,-0.0186,1.0609,0.2825,12.4261,-0.1291
96.862,0.0210,0.0009,0.1301,-0.1232,0.2458,-0.0124,1.0609,0.2728,12.4361,-0.1292
96.862,0.0354,0.0173,0.1301,-0.1049,0.2458,-0.0124,1.0773,0.2911,12.4361,-0.1292
96.863,0.0211,0.0173,0.1160,-0.1049,0.2296,-0.0124,1.0773,0.2911,12.4361,-0.1292
96.863,0.0211,0.0217,0.1322,-0.1049,0.2296,-0.0029,1.0811,0.2911,12.4361,-0.1292
96.951,0.0211,0.0217,0.1322,-0.1147,0.2345,0.0033,1.0811,0.2813,12.4460,-0.1293
96.952,0.0357,0.0375,0.1322,-0.0968,0.2345,0.0033,1.0957,0.2992,12.4460,-0.1293
96.952,0.0219,0.0375,0.1180,-0.0968,0.2185,0.0033,1.0819,0.2992,12.4460,-0.1293
96.952,0.0219,0.0418,0.1342,-0.0968,0.2185,0.0128,1.0819,0.2992,12.4460,-0.1293
97.053,0.0219,0.0418,0.1342,-0.0968,0.2185,0.0128,1.0819,0.2992,12.4460,-0.1293
97.063,0.0219,0.0418,0.1342,-0.1065,0.2235,0.0189,1.0819,0.2895,12.4559,-0.1295
97.068,0.0366,0.0574,0.1342,-0.0888,0.2235,0.0189,1.0966,0.3072,12.4559,-0.1295
97.068,0.0232,0.0574,0.1198,-0.0888,0.2075,0.0189,1.0832,0.3072,12.4559,-0.1295
97.068,0.0232,0.0614,0.1358,-0.0888,0.2075,0.0282,1.0832,0.3072,12.4559,-0.1295
97.162,0.0232,0.0614,0.1358,-0.0986,0.2125,0.0342,1.0832,0.2974,12.4658,-0.1296
97.162,0.0377,0.0769,0.1358,-0.0810,0.2125,0.0342,1.0977,0.3150,12.4658,-0.1296
97.163,0.0243,0.0769,0.1209,-0.0810,0.1963,0.0342,1.0843,0.3150,12.4658,-0.1296
97.163,0.0243,0.0807,0.1369,-0.0810,0.1963,0.0433,1.0843,0.3150,12.4658,-0.1296
97.254,0.0243,0.0807,0.1369,-0.0908,0.2014,0.0493,1.0843,0.3052,12.4757,-0.1297
97.254,0.0385,0.0960,0.1369,-0.0735,0.2014,0.0493,1.0985,0.3225,12.4757,-0.1297
97.255,0.0250,0.0960,0.1215,-0.0735,0.1847,0.0493,1.0850,0.3225,12.4757,-0.1297
97.255,0.0250,0.0995,0.1377,-0.0735,0.1847,0.0583,1.0850,0.3225,12.4757,-0.1297
97.355,0.0250,0.0995,0.1377,-0.0735,0.1847,0.0583,1.0850,0.3225,12.4757,-0.1297
97.376,0.0250,0.0995,0.1377,-0.0832,0.1899,0.0643,1.0850,0.3128,12.4857,-0.1299
97.376,0.0393,0.1144,0.1377,-0.0662,0.1899,0.0643,1.0993,0.3298,12.4857,-0.1299
97.376,0.0258,0.1144,0.1221,-0.0662,0.1731,0.0643,1.0858,0.3298,12.4857,-0.1299
97.377,0.0258,0.1174,0.1387,-0.0662,0.1731,0.0732,1.0858,0.3298,12.4857,-0.1299
97.477,0.0258,0.1174,0.1387,-0.0662,0.1731,0.0732,1.0858,0.3298,12.4857,-0.1299
97.478,0.0258,0.1174,0.1387,-0.0759,0.1784,0.0790,1.0858,0.3201,12.4956,-0.1300
97.478,0.0404,0.1320,0.1387,-0.0590,0.1784,0.0790,1.1004,0.3370,12.4956,-0.1300
97.478,0.0270,0.1320,0.1231,-0.0590,0.1615,0.0790,1.0870,0.3370,12.4956,-0.1300
97.479,0.0270,0.1342,0.1393,-0.0590,0.1615,0.0872,1.0870,0.3370,12.4956,-0.1300
97.559,0.0270,0.1342,0.1393,-0.0688,0.1669,0.0930,1.0870,0.3272,12.5055,-0.1301
97.559,0.0419,0.1484,0.1393,-0.0520,0.1669,0.0930,1.1019,0.3440,12.5055,-0.1301
97.559,0.0287,0.1484,0.1236,-0.0520,0.1500,0.0930,1.0887,0.3440,12.5055,-0.1301
97.562,0.0287,0.1491,0.1388,-0.0520,0.1500,0.0998,1.0887,0.3440,12.5055,-0.1301
97.652,0.0287,0.1491,0.1388,-0.0618,0.1555,0.1055,1.0887,0.3342,12.5154,-0.1302
97.653,0.0439,0.1626,0.1388,-0.0453,0.1555,0.1055,1.1039,0.3507,12.5154,-0.1302
97.653,0.0307,0.1626,0.1229,-0.0453,0.1386,0.1055,1.0907,0.3507,12.5154,-0.1302
97.653,0.0307,0.1614,0.1373,-0.0453,0.1386,0.1107,1.0907,0.3507,12.5154,-0.1302
97.753,0.0307,0.1614,0.1373,-0.0453,0.1386,0.1107,1.0907,0.3507,12.5154,-0.1302
97.763,0.0307,0.1614,0.1373,-0.0551,0.1442,0.1164,1.0907,0.3409,12.5253,-0.1304
97.768,0.0463,0.1741,0.1373,-0.0390,0.1442,0.1164,1.1063,0.3570,12.5253,-0.1304
97.768,0.0333,0.1741,0.1216,-0.0390,0.1274,0.1164,1.0933,0.3570,12.5253,-0.1304
97.769,0.0333,0.1709,0.1354,-0.0390,0.1274,0.1201,1.0933,0.3570,12.5253,-0.1304
97.857,0.0333,0.1709,0.1354,-0.0487,0.1331,0.1256,1.0933,0.3473,12.5352,-0.1305
97.857,0.0498,0.1827,0.1354,-0.0329,0.1331,0.1256,1.1098,0.3631,12.5352,-0.1305
97.857,0.0369,0.1827,0.1200,-0.0329,0.1165,0.1256,1.0969,0.3631,12.5352,-0.1305
97.858,0.0369,0.1776,0.1327,-0.0329,0.1165,0.1277,1.0969,0.3631,12.5352,-0.1305
97.958,0.0369,0.1776,0.1327,-0.0329,0.1165,0.1277,1.0969,0.3631,12.5352,-0.1305
97.965,0.0369,0.1776,0.1327,-0.0427,0.1223,0.1332,1.0969,0.3533,12.5452,-0.1306
97.965,0.0541,0.1883,0.1327,-0.0271,0.1223,0.1332,1.1141,0.3689,12.5452,-0.1306
97.965,0.0410,0.1883,0.1176,-0.0271,0.1057,0.1332,1.1010,0.3689,12.5452,-0.1306
97.966,0.0410,0.1810,0.1278,-0.0271,0.1057,0.1327,1.1010,0.3689,12.5452,-0.1306
98.062,0.0410,0.1810,0.1278,-0.0369,0.1116,0.1381,1.1010,0.3591,12.5551,-0.1307
98.063,0.0588,0.1900,0.1278,-0.0220,0.1116,0.1381,1.1188,0.3740,12.5551,-0.1307
98.064,0.0451,0.1900,0.1132,-0.0220,0.0950,0.1381,1.1051,0.3740,12.5551,-0.1307
98.066,0.0451,0.1803,0.1196,-0.0220,0.0950,0.1345,1.1051,0.3740,12.5551,-0.1307
98.167,0.0451,0.1803,0.1196,-0.0220,0.0950,0.1345,1.1051,0.3740,12.5551,-0.1307
98.168,0.0451,0.1803,0.1196,-0.0318,0.1009,0.1398,1.1051,0.3642,12.5650,-0.1308
98.170,0.0634,0.1876,0.1196,-0.0177,0.1009,0.1398,1.1234,0.3783,12.5650,-0.1308
98.172,0.0488,0.1876,0.1058,-0.0177,0.0841,0.1398,1.1088,0.3783,12.5650,-0.1308
98.174,0.0488,0.1759,0.1090,-0.0177,0.0841,0.1335,1.1088,0.3783,12.5650,-0.1308
98.262,0.0488,0.1759,0.1090,-0.0275,0.0901,0.1388,1.1088,0.3685,12.5749,-0.1310
98.263,0.0670,0.1820,0.1090,-0.0140,0.0901,0.1388,1.1270,0.3820,12.5749,-0.1310
98.265,0.0513,0.1820,0.0963,-0.0140,0.0731,0.1388,1.1113,0.3820,12.5749,-0.1310
98.266,0.0513,0.1693,0.0982,-0.0140,0.0731,0.1313,1.1113,0.3820,12.5749,-0.1310
98.366,0.0513,0.1693,0.0982,-0.0140,0.0731,0.1313,1.1113,0.3820,12.5749,-0.1310
98.387,0.0513,0.1693,0.0982,-0.0239,0.0792,0.1365,1.1113,0.3721,12.5848,-0.1311
98.387,0.0685,0.1746,0.0982,-0.0113,0.0792,0.1365,1.1285,0.3847,12.5848,-0.1311
98.387,0.0518,0.1746,0.0870,-0.0113,0.0623,0.1365,1.1118,0.3847,12.5848,-0.1311
98.388,0.0518,0.1610,0.0889,-0.0113,0.0623,0.1285,1.1118,0.3847,12.5848,-0.1311
98.469,0.0518,0.1610,0.0889,-0.0211,0.0684,0.1337,1.1118,0.3749,12.5948,-0.1312
98.469,0.0684,0.1651,0.0889,-0.0095,0.0684,0.1337,1.1284,0.3865,12.5948,-0.1312
98.469,0.0505,0.1651,0.0797,-0.0095,0.0519,0.1337,1.1105,0.3865,12.5948,-0.1312
98.469,0.0505,0.1502,0.0803,-0.0095,0.0519,0.1244,1.1105,0.3865,12.5948,-0.1312
98.559,0.0505,0.1502,0.0803,-0.0194,0.0580,0.1295,1.1105,0.3766,12.6047,-0.1313
98.574,0.0665,0.1523,0.0803,-0.0091,0.0580,0.1295,1.1265,0.3869,12.6047,-0.1313
98.577,0.0481,0.1523,0.0739,-0.0091,0.0427,0.1295,1.1081,0.3869,12.6047,-0.1313
98.578,0.0481,0.1362,0.0717,-0.0091,0.0427,0.1181,1.1081,0.3869,12.6047,-0.1313
98.665,0.0481,0.1362,0.0717,-0.0190,0.0487,0.1232,1.1081,0.3770,12.6146,-0.1314
98.667,0.0635,0.1364,0.0717,-0.0100,0.0487,0.1232,1.1235,0.3860,12.6146,-0.1314
98.669,0.0465,0.1364,0.0670,-0.0100,0.0351,0.1232,1.1065,0.3860,12.6146,-0.1314
98.671,0.0465,0.1197,0.0619,-0.0100,0.0351,0.1101,1.1065,0.3860,12.6146,-0.1314
98.756,0.0465,0.1197,0.0619,-0.0199,0.0412,0.1151,1.1065,0.3761,12.6245,-0.1316
98.756,0.0612,0.1190,0.0619,-0.0117,0.0412,0.1151,1.1212,0.3843,12.6245,-0.1316
98.756,0.0449,0.1190,0.0575,-0.0117,0.0282,0.1151,1.1049,0.3843,12.6245,-0.1316
98.757,0.0449,0.1029,0.0508,-0.0117,0.0282,0.1016,1.1049,0.3843,12.6245,-0.1316
98.852,0.0449,0.1029,0.0508,-0.0217,0.0342,0.1066,1.1049,0.3743,12.6344,-0.1317
98.854,0.0590,0.1018,0.0508,-0.0138,0.0342,0.1066,1.1108,0.3822,12.6344,-0.1317
98.855,0.0417,0.1018,0.0477,-0.0138,0.0212,0.1066,1.1017,0.3822,12.6344,-0.1317
98.856,0.0417,0.0866,0.0404,-0.0138,0.0212,0.0933,1.1004,0.3822,12.6344,-0.1317
98.956,0.0417,0.0866,0.0404,-0.0237,0.0272,0.0983,1.1004,0.3723,12.6444,-0.1318
98.957,0.0552,0.0855,0.0404,-0.0162,0.0272,0.0983,1.1004,0.3798,12.6444,-0.1318
98.958,0.0372,0.0855,0.0397,-0.0162,0.0150,0.0983,1.0972,0.3798,12.6444,-0.1318
98.960,0.0372,0.0708,0.0325,-0.0162,0.0150,0.0855,1.0925,0.3798,12.6444,-0.1318
99.061,0.0372,0.0708,0.0325,-0.0162,0.0150,0.0855,1.0925,0.3798,12.6444,-0.1318
99.079,0.0372,0.0708,0.0325,-0.0261,0.0209,0.0905,1.0925,0.3699,12.6543,-0.1319
99.080,0.0498,0.0697,0.0325,-0.0191,0.0209,0.0905,1.0925,0.3769,12.6543,-0.1319
99.080,0.0328,0.0697,0.0344,-0.0191,0.0107,0.0905,1.0928,0.3769,12.6543,-0.1319
99.081,0.0328,0.0551,0.0273,-0.0191,0.0107,0.0778,1.0873,0.3769,12.6543,-0.1319
99.160,0.0328,0.0551,0.0273,-0.0290,0.0166,0.0829,1.0873,0.3670,12.6642,-0.1320
99.161,0.0447,0.0534,0.0273,-0.0226,0.0166,0.0829,1.0873,0.3734,12.6642,-0.1320
99.170,0.0304,0.0534,0.0309,-0.0226,0.0090,0.0829,1.0904,0.3734,12.6642,-0.1320
99.171,0.0304,0.0387,0.0235,-0.0226,0.0090,0.0699,1.0835,0.3734,12.6642,-0.1320
99.268,0.0304,0.0387,0.0235,-0.0325,0.0148,0.0750,1.0835,0.3635,12.6741,-0.1321
99.269,0.0416,0.0364,0.0235,-0.0268,0.0148,0.0750,1.0835,0.3692,12.6741,-0.1321
99.269,0.0297,0.0364,0.0280,-0.0268,0.0093,0.0750,1.0880,0.3692,12.6741,-0.1321
99.269,0.0297,0.0218,0.0196,-0.0268,0.0093,0.0616,1.0796,0.3692,12.6741,-0.1321
99.359,0.0297,0.0218,0.0196,-0.0367,0.0149,0.0667,1.0796,0.3593,12.6840,-0.1323
99.359,0.0401,0.0193,0.0196,-0.0316,0.0149,0.0667,1.0793,0.3644,12.6840,-0.1323
99.360,0.0295,0.0193,0.0247,-0.0316,0.0106,0.0667,1.0793,0.3644,12.6840,-0.1323
99.360,0.0295,0.0050,0.0153,-0.0316,0.0106,0.0529,1.0650,0.3644,12.6840,-0.1323
99.454,0.0295,0.0050,0.0153,-0.0415,0.0162,0.0580,1.0650,0.3545,12.6940,-0.1324
99.455,0.0391,0.0031,0.0153,-0.0365,0.0162,0.0580,1.0631,0.3595,12.6940,-0.1324
99.457,0.0291,0.0031,0.0210,-0.0365,0.0126,0.0580,1.0631,0.3595,12.6940,-0.1324
99.459,0.0291,-0.0111,0.0110,-0.0365,0.0126,0.0439,1.0489,0.3595,12.6940,-0.1324
99.558,0.0291,-0.0111,0.0110,-0.0464,0.0181,0.0490,1.0489,0.3496,12.7039,-0.1325
99.560,0.0384,-0.0122,0.0110,-0.0411,0.0181,0.0490,1.0478,0.3549,12.7039,-0.1325
99.562,0.0292,-0.0122,0.0174,-0.0411,0.0154,0.0490,1.0478,0.3549,12.7039,-0.1325
99.565,0.0292,-0.0265,0.0072,-0.0411,0.0154,0.0347,1.0335,0.3549,12.7039,-0.1325
99.665,0.0292,-0.0265,0.0072,-0.0411,0.0154,0.0347,1.0335,0.3549,12.7039,-0.1325
99.673,0.0292,-0.0265,0.0072,-0.0510,0.0208,0.0399,1.0335,0.3450,12.7138,-0.1326
99.675,0.0386,-0.0267,0.0072,-0.0452,0.0208,0.0399,1.0333,0.3508,12.7138,-0.1326
99.677,0.0306,-0.0267,0.0141,-0.0452,0.0192,0.0399,1.0333,0.3508,12.7138,-0.1326
99.679,0.0306,-0.0417,0.0037,-0.0452,0.0192,0.0250,1.0183,0.3508,12.7138,-0.1326
99.769,0.0306,-0.0417,0.0037,-0.0551,0.0246,0.0303,1.0183,0.3409,12.7237,-0.1327
99.771,0.0406,-0.0409,0.0037,-0.0484,0.0246,0.0303,1.0191,0.3476,12.7237,-0.1327
99.773,0.0341,-0.0409,0.0109,-0.0484,0.0240,0.0303,1.0191,0.3476,12.7237,-0.1327
99.776,0.0341,-0.0562,0.0002,-0.0484,0.0240,0.0150,1.0038,0.3476,12.7237,-0.1327
99.866,0.0341,-0.0562,0.0002,-0.0583,0.0293,0.0203,1.0038,0.3377,12.7336,-0.1329
99.867,0.0455,-0.0538,0.0002,-0.0498,0.0293,0.0203,1.0062,0.3462,12.7336,-0.1329
99.870,0.0400,-0.0538,0.0079,-0.0498,0.0296,0.0203,1.0062,0.3462,12.7336,-0.1329
99.872,0.0400,-0.0693,-0.0036,-0.0498,0.0296,0.0044,0.9907,0.3462,12.7336,-0.1329
99.972,0.0400,-0.0693,-0.0036,-0.0498,0.0296,0.0044,0.9907,0.3462,12.7336,-0.1329
99.979,0.0400,-0.0693,-0.0036,-0.0597,0.0349,0.0097,0.9907,0.3363,12.7436,-0.1330
99.981,0.0528,-0.0645,-0.0036,-0.0490,0.0349,0.0097,0.9955,0.3470,12.7436,-0.1330
99.982,0.0477,-0.0645,0.0047,-0.0490,0.0357,0.0097,0.9955,0.3470,12.7436,-0.1330
99.984,0.0477,-0.0801,-0.0077,-0.0490,0.0357,-0.0068,0.9799,0.3470,12.7436,-0.1330
100.064,0.0477,-0.0801,-0.0077,-0.0589,0.0410,-0.0014,0.9799,0.3371,12.7535,-0.1331
100.065,0.0598,-0.0725,-0.0077,-0.0473,0.0410,-0.0014,0.9875,0.3487,12.7535,-0.1331
100.066,0.0545,-0.0725,0.0012,-0.0473,0.0420,-0.0014,0.9875,0.3487,12.7535,-0.1331
100.068,0.0545,-0.0874,-0.0112,-0.0473,0.0420,-0.0175,0.9726,0.3487,12.7535,-0.1331
100.158,0.0545,-0.0874,-0.0112,-0.0572,0.0472,-0.0121,0.9726,0.3388,12.7634,-0.1332
100.159,0.0632,-0.0775,-0.0112,-0.0465,0.0472,-0.0121,0.9825,0.3495,12.7634,-0.1332
100.159,0.0580,-0.0775,-0.0019,-0.0465,0.0486,-0.0121,0.9825,0.3495,12.7634,-0.1332
100.160,0.0580,-0.0915,-0.0135,-0.0465,0.0486,-0.0273,0.9685,0.3495,12.7634,-0.1332
100.257,0.0580,-0.0915,-0.0135,-0.0564,0.0537,-0.0218,0.9685,0.3396,12.7733,-0.1333
100.258,0.0652,-0.0790,-0.0135,-0.0453,0.0537,-0.0218,0.9810,0.3507,12.7733,-0.1333
100.259,0.0605,-0.0790,-0.0041,-0.0453,0.0555,-0.0218,0.9810,0.3507,12.7733,-0.1333
100.259,0.0605,-0.0928,-0.0151,-0.0453,0.0555,-0.0365,0.9672,0.3507,12.7733,-0.1333
100.357,0.0605,-0.0928,-0.0151,-0.0551,0.0605,-0.0309,0.9672,0.3409,12.7832,-0.1335
100.365,0.0702,-0.0785,-0.0151,-0.0414,0.0605,-0.0309,0.9815,0.3546,12.7832,-0.1335
100.373,0.0659,-0.0785,-0.0054,-0.0414,0.0628,-0.0309,0.9815,0.3546,12.7832,-0.1335
100.380,0.0659,-0.0926,-0.0157,-0.0414,0.0628,-0.0455,0.9674,0.3505,12.7832,-0.1335
100.458,0.0659,-0.0926,-0.0157,-0.0513,0.0678,-0.0399,0.9674,0.3447,12.7932,-0.1336
100.459,0.0784,-0.0775,-0.0157,-0.0355,0.0678,-0.0399,0.9825,0.3561,12.7932,-0.1336
100.460,0.0743,-0.0775,-0.0056,-0.0355,0.0705,-0.0399,0.9825,0.3561,12.7932,-0.1336
100.462,0.0743,-0.0913,-0.0145,-0.0355,0.0705,-0.0535,0.9687,0.3426,12.7932,-0.1336
100.557,0.0743,-0.0913,-0.0145,-0.0453,0.0754,-0.0478,0.9687,0.3482,12.8031,-0.1337
100.559,0.0864,-0.0761,-0.0145,-0.0297,0.0754,-0.0478,0.9839,0.3482,12.8031,-0.1337
100.562,0.0820,-0.0761,-0.0046,-0.0297,0.0779,-0.0478,0.9839,0.3482,12.8031,-0.1337
100.563,0.0820,-0.0891,-0.0113,-0.0297,0.0779,-0.0596,0.9709,0.3364,12.8031,-0.1337
100.664,0.0820,-0.0891,-0.0113,-0.0297,0.0779,-0.0596,0.9709,0.3364,12.8031,-0.1337
100.683,0.0820,-0.0891,-0.0113,-0.0395,0.0828,-0.0539,0.9709,0.3421,12.8130,-0.1338
100.684,0.0910,-0.0732,-0.0113,-0.0254,0.0828,-0.0539,0.9868,0.3421,12.8130,-0.1338
100.685,0.0865,-0.0732,-0.0022,-0.0254,0.0849,-0.0539,0.9868,0.3421,12.8130,-0.1338
100.685,0.0865,-0.0856,-0.0068,-0.0254,0.0849,-0.0642,0.9744,0.3318,12.8130,-0.1338
100.777,0.0865,-0.0856,-0.0068,-0.0352,0.0897,-0.0585,0.9744,0.3375,12.8229,-0.1339
100.778,0.0926,-0.0689,-0.0068,-0.0222,0.0897,-0.0585,0.9911,0.3375,12.8229,-0.1339
100.779,0.0887,-0.0689,0.0012,-0.0222,0.0917,-0.0585,0.9911,0.3375,12.8229,-0.1339
100.779,0.0887,-0.0812,-0.0019,-0.0222,0.0917,-0.0680,0.9788,0.3280,12.8229,-0.1339
100.860,0.0887,-0.0812,-0.0019,-0.0321,0.0964,-0.0623,0.9788,0.3337,12.8328,-0.1341
100.862,0.0948,-0.0642,-0.0019,-0.0187,0.0964,-0.0623,0.9958,0.3337,12.8328,-0.1341
100.864,0.0914,-0.0642,0.0048,-0.0187,0.0981,-0.0623,0.9958,0.3337,12.8328,-0.1341
100.866,0.0914,-0.0770,0.0029,-0.0187,0.0981,-0.0714,0.9830,0.3246,12.8328,-0.1341
100.966,0.0914,-0.0770,0.0029,-0.0187,0.0981,-0.0714,0.9830,0.3246,12.8328,-0.1341
100.973,0.0914,-0.0770,0.0029,-0.0286,0.1028,-0.0657,0.9830,0.3303,12.8428,-0.1342
100.975,0.0989,-0.0600,0.0029,-0.0143,0.1028,-0.0657,1.0000,0.3303,12.8428,-0.1342
100.976,0.0951,-0.0600,0.0085,-0.0143,0.1037,-0.0657,1.0000,0.3303,12.8428,-0.1342
100.976,0.0951,-0.0737,0.0085,-0.0143,0.1037,-0.0744,0.9863,0.3216,12.8428,-0.1342
101.057,0.0951,-0.0737,0.0085,-0.0242,0.1084,-0.0687,0.9863,0.3273,12.8527,-0.1343
101.059,0.1030,-0.0573,0.0085,-0.0099,0.1084,-0.0687,1.0027,0.3273,12.8527,-0.1343
101.061,0.0978,-0.0573,0.0123,-0.0099,0.1075,-0.0687,1.0027,0.3273,12.8527,-0.1343
101.063,0.0978,-0.0724,0.0151,-0.0099,0.1075,-0.0767,0.9876,0.3193,12.8527,-0.1343
101.159,0.0978,-0.0724,0.0151,-0.0198,0.1122,-0.0711,0.9876,0.3249,12.8626,-0.1344
101.160,0.1043,-0.0572,0.0151,-0.0071,0.1122,-0.0711,1.0028,0.3249,12.8626,-0.1344
101.162,0.0966,-0.0572,0.0162,-0.0071,0.1084,-0.0711,1.0028,0.3249,12.8626,-0.1344
101.164,0.0966,-0.0731,0.0214,-0.0071,0.1084,-0.0780,0.9869,0.3180,12.8626,-0.1344
101.259,0.0966,-0.0731,0.0214,-0.0170,0.1131,-0.0726,0.9869,0.3235,12.8725,-0.1345
101.259,0.1011,-0.0590,0.0214,-0.0060,0.1131,-0.0726,1.0010,0.3235,12.8725,-0.1345
101.260,0.0909,-0.0590,0.0195,-0.0060,0.1063,-0.0726,1.0010,0.3235,12.8725,-0.1345
101.262,0.0909,-0.0734,0.0252,-0.0060,0.1063,-0.0782,0.9866,0.3178,12.8725,-0.1345
101.362,0.0909,-0.0734,0.0252,-0.0060,0.1063,-0.0782,0.9866,0.3178,12.8725,-0.1345
101.391,0.0909,-0.0734,0.0252,-0.0159,0.1110,-0.0729,0.9866,0.3231,12.8824,-0.1347
101.402,0.0940,-0.0598,0.0252,-0.0059,0.1110,-0.0729,1.0002,0.3231,12.8824,-0.1347
101.403,0.0826,-0.0598,0.0213,-0.0059,0.1024,-0.0729,1.0002,0.3231,12.8824,-0.1347
101.403,0.0826,-0.0726,0.0267,-0.0059,0.1024,-0.0776,0.9874,0.3184,12.8824,-0.1347
101.480,0.0826,-0.0726,0.0267,-0.0158,0.1071,-0.0723,0.9874,0.3237,12.8923,-0.1348
101.480,0.0852,-0.0590,0.0267,-0.0061,0.1071,-0.0723,1.0010,0.3237,12.8923,-0.1348
101.481,0.0723,-0.0590,0.0202,-0.0061,0.0962,-0.0723,1.0010,0.3237,12.8923,-0.1348
101.481,0.0723,-0.0716,0.0264,-0.0061,0.0962,-0.0764,0.9884,0.3196,12.8923,-0.1348
101.556,0.0723,-0.0716,0.0264,-0.0160,0.1009,-0.0712,0.9884,0.3248,12.9023,-0.1349
101.556,0.0744,-0.0578,0.0264,-0.0064,0.1009,-0.0712,1.0022,0.3248,12.9023,-0.1349
101.557,0.0584,-0.0578,0.0159,-0.0064,0.0860,-0.0712,1.0022,0.3248,12.9023,-0.1349
101.557,0.0584,-0.0713,0.0245,-0.0064,0.0860,-0.0744,0.9887,0.3216,12.9023,-0.1349
101.663,0.0584,-0.0713,0.0245,-0.0064,0.0860,-0.0744,0.9887,0.3216,12.9023,-0.1349
101.669,0.0584,-0.0713,0.0245,-0.0163,0.0908,-0.0694,0.9887,0.3266,12.9122,-0.1350
101.689,0.0612,-0.0570,0.0245,-0.0060,0.0908,-0.0694,1.0030,0.3266,12.9122,-0.1350
101.690,0.0446,-0.0570,0.0124,-0.0060,0.0747,-0.0694,1.0030,0.3266,12.9122,-0.1350
101.690,0.0446,-0.0704,0.0230,-0.0060,0.0747,-0.0712,0.9896,0.3248,12.9122,-0.1350
101.789,0.0446,-0.0704,0.0230,-0.0159,0.0795,-0.0664,0.9896,0.3297,12.9221,-0.1351
101.809,0.0482,-0.0555,0.0230,-0.0048,0.0795,-0.0664,1.0045,0.3297,12.9221,-0.1351
101.810,0.0321,-0.0555,0.0115,-0.0048,0.0639,-0.0664,1.0045,0.3297,12.9221,-0.1351
101.810,0.0321,-0.0672,0.0230,-0.0048,0.0639,-0.0664,0.9928,0.3296,12.9221,-0.1351
101.902,0.0321,-0.0672,0.0230,-0.0147,0.0687,-0.0617,0.9928,0.3343,12.9320,-0.1353
101.902,0.0351,-0.0522,0.0230,-0.0038,0.0687,-0.0617,1.0078,0.3343,12.9320,-0.1353
101.903,0.0184,-0.0522,0.0116,-0.0038,0.0529,-0.0617,1.0078,0.3343,12.9320,-0.1353
101.903,0.0184,-0.0608,0.0233,-0.0038,0.0529,-0.0598,0.9992,0.3362,12.9320,-0.1353
101.985,0.0184,-0.0608,0.0233,-0.0137,0.0577,-0.0552,0.9992,0.3408,12.9419,-0.1354
101.986,0.0203,-0.0458,0.0233,-0.0034,0.0577,-0.0552,1.0142,0.3408,12.9419,-0.1354
101.987,0.0014,-0.0458,0.0104,-0.0034,0.0398,-0.0552,1.0142,0.3408,12.9419,-0.1354
101.990,0.0014,-0.0507,0.0226,-0.0034,0.0398,-0.0508,1.0093,0.3452,12.9419,-0.1354
102.065,0.0014,-0.0507,0.0226,-0.0133,0.0447,-0.0463,1.0093,0.3497,12.9519,-0.1355
102.066,0.0029,-0.0356,0.0226,-0.0032,0.0447,-0.0463,1.0244,0.3497,12.9519,-0.1355
102.067,-0.0176,-0.0356,0.0074,-0.0032,0.0245,-0.0463,1.0244,0.3497,12.9519,-0.1355
102.067,-0.0176,-0.0374,0.0201,-0.0032,0.0245,-0.0399,1.0226,0.3561,12.9519,-0.1355
102.156,-0.0176,-0.0374,0.0201,-0.0131,0.0294,-0.0355,1.0226,0.3605,12.9618,-0.1356
102.156,-0.0149,-0.0222,0.0201,-0.0022,0.0294,-0.0355,1.0378,0.3605,12.9618,-0.1356
102.157,-0.0348,-0.0222,0.0039,-0.0022,0.0088,-0.0355,1.0252,0.3605,12.9618,-0.1356
102.157,-0.0348,-0.0229,0.0166,-0.0022,0.0088,-0.0284,1.0252,0.3676,12.9618,-0.1356
102.251,-0.0348,-0.0229,0.0166,-0.0121,0.0137,-0.0241,1.0252,0.3720,12.9717,-0.1357
102.252,-0.0305,-0.0077,0.0166,-0.0004,0.0137,-0.0241,1.0295,0.3720,12.9717,-0.1357
102.252,-0.0482,-0.0077,0.0016,-0.0004,-0.0051,-0.0241,1.0118,0.3720,12.9717,-0.1357
102.254,-0.0482,-0.0080,0.0146,-0.0004,-0.0051,-0.0166,1.0118,0.3794,12.9717,-0.1357
102.354,-0.0482,-0.0080,0.0146,-0.0004,-0.0051,-0.0166,1.0118,0.3794,12.9717,-0.1357
102.363,-0.0482,-0.0080,0.0146,-0.0102,-0.0001,-0.0122,1.0118,0.3838,12.9816,-0.1359
102.386,-0.0431,0.0067,0.0146,0.0016,-0.0001,-0.0122,1.0169,0.3838,12.9816,-0.1359
102.387,-0.0586,0.0067,0.0014,0.0016,-0.0167,-0.0122,1.0014,0.3793,12.9816,-0.1359
102.388,-0.0586,0.0076,0.0151,0.0016,-0.0167,-0.0037,1.0014,0.3793,12.9816,-0.1359
102.472,-0.0586,0.0076,0.0151,-0.0082,-0.0117,0.0006,1.0014,0.3843,12.9915,-0.1360
102.478,-0.0539,0.0213,0.0151,0.0027,-0.0117,0.0006,1.0061,0.3843,12.9915,-0.1360
102.478,-0.0686,0.0213,0.0029,0.0027,-0.0273,0.0006,0.9914,0.3687,12.9915,-0.1360
102.479,-0.0686,0.0257,0.0179,0.0027,-0.0273,0.0117,0.9914,0.3687,12.9915,-0.1360
102.557,-0.0686,0.0257,0.0179,-0.0071,-0.0222,0.0160,0.9914,0.3738,13.0015,-0.1361
102.557,-0.0646,0.0377,0.0179,0.0024,-0.0222,0.0160,0.9954,0.3738,13.0015,-0.1361
102.557,-0.0792,0.0377,0.0058,0.0024,-0.0377,0.0160,0.9808,0.3583,13.0015,-0.1361
102.558,-0.0792,0.0461,0.0215,0.0024,-0.0377,0.0297,0.9808,0.3583,13.0015,-0.1361
102.658,-0.0792,0.0461,0.0215,0.0024,-0.0377,0.0297,0.9808,0.3583,13.0015,-0.1361
102.680,-0.0792,0.0461,0.0215,-0.0074,-0.0326,0.0339,0.9808,0.3634,13.0114,-0.1362
102.680,-0.0752,0.0570,0.0215,0.0014,-0.0326,0.0339,0.9848,0.3634,13.0114,-0.1362
102.681,-0.0895,0.0570,0.0094,0.0014,-0.0481,0.0339,0.9705,0.3479,13.0114,-0.1362
102.681,-0.0895,0.0672,0.0246,0.0014,-0.0481,0.0483,0.9705,0.3479,13.0114,-0.1362
102.753,-0.0895,0.0672,0.0246,-0.0085,-0.0429,0.0526,0.9705,0.3531,13.0213,-0.1363
102.754,-0.0843,0.0778,0.0246,0.0009,-0.0429,0.0526,0.9757,0.3531,13.0213,-0.1363
102.754,-0.0975,0.0778,0.0125,0.0009,-0.0578,0.0526,0.9625,0.3382,13.0213,-0.1363
102.755,-0.0975,0.0880,0.0269,0.0009,-0.0578,0.0663,0.9625,0.3382,13.0213,-0.1363
102.854,-0.0975,0.0880,0.0269,-0.0090,-0.0526,0.0707,0.9625,0.3434,13.0312,-0.1365
102.856,-0.0901,0.0990,0.0269,0.0018,-0.0526,0.0707,0.9699,0.3434,13.0312,-0.1365
102.858,-0.1013,0.0990,0.0163,0.0018,-0.0655,0.0707,0.9587,0.3305,13.0312,-0.1365
102.859,-0.1013,0.1083,0.0294,0.0018,-0.0655,0.0832,0.9587,0.3305,13.0312,-0.1365
102.960,-0.1013,0.1083,0.0294,0.0018,-0.0655,0.0832,0.9587,0.3305,13.0312,-0.1365
102.990,-0.1013,0.1083,0.0294,-0.0080,-0.0602,0.0876,0.9587,0.3358,13.0411,-0.1366
102.992,-0.0917,0.1194,0.0294,0.0040,-0.0602,0.0876,0.9683,0.3358,13.0411,-0.1366
102.994,-0.1009,0.1194,0.0205,0.0040,-0.0711,0.0876,0.9591,0.3250,13.0411,-0.1366
102.996,-0.1009,0.1286,0.0325,0.0040,-0.0711,0.0994,0.9591,0.3250,13.0411,-0.1366
103.081,-0.1009,0.1286,0.0325,-0.0058,-0.0657,0.1039,0.9591,0.3304,13.0511,-0.1367
103.083,-0.0900,0.1387,0.0325,0.0063,-0.0657,0.1039,0.9700,0.3304,13.0511,-0.1367
103.085,-0.0984,0.1387,0.0245,0.0063,-0.0755,0.1039,0.9616,0.3206,13.0511,-0.1367
103.087,-0.0984,0.1499,0.0342,0.0063,-0.0755,0.1154,0.9616,0.3206,13.0511,-0.1367
103.162,-0.0984,0.1499,0.0342,-0.0035,-0.0700,0.1200,0.9616,0.3261,13.0610,-0.1368
103.164,-0.0875,0.1583,0.0342,0.0076,-0.0700,0.1200,0.9725,0.3261,13.0610,-0.1368
103.166,-0.0959,0.1583,0.0264,0.0076,-0.0798,0.1200,0.9641,0.3163,13.0610,-0.1368
103.168,-0.0959,0.1722,0.0325,0.0076,-0.0798,0.1313,0.9641,0.3163,13.0610,-0.1368
103.261,-0.0959,0.1722,0.0325,-0.0022,-0.0742,0.1360,0.9641,0.3219,13.0709,-0.1369
103.263,-0.0855,0.1800,0.0325,0.0082,-0.0742,0.1360,0.9745,0.3219,13.0709,-0.1369
103.265,-0.0942,0.1800,0.0244,0.0082,-0.0844,0.1360,0.9658,0.3117,13.0709,-0.1369
103.267,-0.0942,0.1948,0.0285,0.0082,-0.0844,0.1467,0.9658,0.3117,13.0709,-0.1369
103.354,-0.0942,0.1948,0.0285,-0.0016,-0.0787,0.1516,0.9658,0.3173,13.0808,-0.1371
103.355,-0.0831,0.2030,0.0285,0.0094,-0.0787,0.1516,0.9769,0.3173,13.0808,-0.1371
103.355,-0.0911,0.2030,0.0214,0.0094,-0.0880,0.1516,0.9689,0.3081,13.0808,-0.1371
103.355,-0.0911,0.2156,0.0258,0.0094,-0.0880,0.1614,0.9689,0.3081,13.0808,-0.1371
103.456,-0.0911,0.2156,0.0258,0.0094,-0.0880,0.1614,0.9689,0.3081,13.0808,-0.1371
103.464,-0.0911,0.2156,0.0258,-0.0005,-0.0822,0.1664,0.9689,0.3138,13.0907,-0.1372
103.466,-0.0764,0.2246,0.0258,0.0130,-0.0822,0.1664,0.9836,0.3138,13.0907,-0.1372
103.468,-0.0813,0.2246,0.0223,0.0130,-0.0874,0.1664,0.9787,0.3086,13.0907,-0.1372
103.470,-0.0813,0.2338,0.0278,0.0130,-0.0874,0.1747,0.9787,0.3086,13.0907,-0.1372
103.570,-0.0813,0.2338,0.0278,0.0130,-0.0874,0.1747,0.9787,0.3086,13.0907,-0.1372
103.581,-0.0813,0.2338,0.0278,0.0032,-0.0816,0.1798,0.9787,0.3144,13.1007,-0.1373
103.582,-0.0626,0.2432,0.0278,0.0191,-0.0816,0.1798,0.9974,0.3144,13.1007,-0.1373
103.582,-0.0627,0.2432,0.0298,0.0191,-0.0806,0.1798,0.9973,0.3155,13.1007,-0.1373
103.583,-0.0627,0.2510,0.0335,0.0191,-0.0806,0.1864,0.9973,0.3155,13.1007,-0.1373
103.674,-0.0627,0.2510,0.0335,0.0092,-0.0747,0.1916,0.9973,0.3213,13.1106,-0.1374
103.674,-0.0440,0.2595,0.0335,0.0246,-0.0747,0.1916,1.0160,0.3213,13.1106,-0.1374
103.674,-0.0402,0.2595,0.0396,0.0246,-0.0687,0.1916,1.0198,0.3273,13.1106,-0.1374
103.674,-0.0402,0.2692,0.0374,0.0246,-0.0687,0.1964,1.0198,0.3273,13.1106,-0.1374
103.760,-0.0402,0.2692,0.0374,0.0147,-0.0628,0.2019,1.0198,0.3333,13.1205,-0.1375
103.763,-0.0234,0.2769,0.0374,0.0285,-0.0628,0.2019,1.0366,0.3333,13.1205,-0.1375
103.763,-0.0184,0.2769,0.0446,0.0285,-0.0554,0.2019,1.0416,0.3407,13.1205,-0.1375
103.763,-0.0184,0.2874,0.0360,0.0285,-0.0554,0.2043,1.0416,0.3407,13.1205,-0.1375
103.860,-0.0184,0.2874,0.0360,0.0187,-0.0494,0.2099,1.0416,0.3466,13.1304,-0.1377
103.861,-0.0024,0.2949,0.0360,0.0319,-0.0494,0.2099,1.0576,0.3466,13.1304,-0.1377
103.862,-0.0004,0.2949,0.0401,0.0319,-0.0458,0.2099,1.0596,0.3502,13.1304,-0.1377
103.863,-0.0004,0.3017,0.0284,0.0319,-0.0458,0.2087,1.0596,0.3502,13.1304,-0.1377
103.959,-0.0004,0.3017,0.0284,0.0220,-0.0398,0.2146,1.0596,0.3562,13.1403,-0.1378
103.960,0.0170,0.3096,0.0284,0.0361,-0.0398,0.2146,1.0770,0.3562,13.1403,-0.1378
103.962,0.0176,0.3096,0.0312,0.0361,-0.0378,0.2146,1.0776,0.3582,13.1403,-0.1378
103.963,0.0176,0.3110,0.0193,0.0361,-0.0378,0.2100,1.0776,0.3582,13.1403,-0.1378
104.053,0.0176,0.3110,0.0193,0.0263,-0.0318,0.2160,1.0776,0.3643,13.1503,-0.1379
104.054,0.0374,0.3189,0.0193,0.0417,-0.0318,0.2160,1.0793,0.3643,13.1503,-0.1379
104.055,0.0421,0.3189,0.0269,0.0417,-0.0245,0.2160,1.0869,0.3716,13.1503,-0.1379
104.056,0.0421,0.3173,0.0166,0.0417,-0.0245,0.2103,1.0766,0.3716,13.1503,-0.1379
104.154,0.0421,0.3173,0.0166,0.0318,-0.0183,0.2164,1.0766,0.3777,13.1602,-0.1380
104.155,0.0624,0.3241,0.0166,0.0468,-0.0183,0.2164,1.0766,0.3777,13.1602,-0.1380
104.155,0.0763,0.3241,0.0337,0.0468,0.0003,0.2164,1.0937,0.3963,13.1602,-0.1380
104.156,0.0763,0.3227,0.0251,0.0468,0.0003,0.2116,1.0851,0.3963,13.1602,-0.1380
104.256,0.0763,0.3227,0.0251,0.0468,0.0003,0.2116,1.0851,0.3963,13.1602,-0.1380
104.263,0.0763,0.3227,0.0251,0.0368,0.0064,0.2179,1.0851,0.4025,13.1701,-0.1381
104.274,0.0947,0.3277,0.0251,0.0499,0.0064,0.2179,1.0851,0.4025,13.1701,-0.1381
104.274,0.1128,0.3277,0.0460,0.0499,0.0299,0.2179,1.1060,0.4259,13.1701,-0.1381
104.275,0.1128,0.3271,0.0362,0.0499,0.0299,0.2131,1.0962,0.4259,13.1701,-0.1381
104.356,0.1128,0.3271,0.0362,0.0399,0.0361,0.2195,1.0962,0.4321,13.1800,-0.1383
104.357,0.1291,0.3316,0.0362,0.0514,0.0361,0.2195,1.0962,0.4321,13.1800,-0.1383
104.358,0.1416,0.3316,0.0512,0.0514,0.0524,0.2195,1.1112,0.4474,13.1800,-0.1383
104.360,0.1416,0.3293,0.0366,0.0514,0.0524,0.2115,1.0966,0.4474,13.1800,-0.1383
104.460,0.1416,0.3293,0.0366,0.0514,0.0524,0.2115,1.0966,0.4474,13.1800,-0.1383
104.465,0.1416,0.3293,0.0366,0.0415,0.0586,0.2181,1.0966,0.4375,13.1899,-0.1384
104.484,0.1567,0.3340,0.0366,0.0525,0.0586,0.2181,1.0966,0.4485,13.1899,-0.1384
104.487,0.1637,0.3340,0.0467,0.0525,0.0685,0.2181,1.1067,0.4485,13.1899,-0.1384
104.489,0.1637,0.3282,0.0283,0.0525,0.0685,0.2060,1.0883,0.4485,13.1899,-0.1384
104.590,0.1637,0.3282,0.0283,0.0525,0.0685,0.2060,1.0883,0.4485,13.1899,-0.1384
104.598,0.1637,0.3282,0.0283,0.0425,0.0747,0.2127,1.0883,0.4385,13.1999,-0.1385
104.598,0.1789,0.3328,0.0283,0.0534,0.0747,0.2127,1.0883,0.4494,13.1999,-0.1385
104.599,0.1841,0.3328,0.0385,0.0534,0.0832,0.2127,1.0985,0.4494,13.1999,-0.1385
104.599,0.1841,0.3250,0.0209,0.0534,0.0832,0.1997,1.0809,0.4494,13.1999,-0.1385
104.701,0.1841,0.3250,0.0209,0.0534,0.0832,0.1997,1.0809,0.4494,13.1999,-0.1385
104.702,0.1841,0.3250,0.0209,0.0435,0.0895,0.2065,1.0809,0.4395,13.2098,-0.1386
104.703,0.1995,0.3285,0.0209,0.0539,0.0895,0.2065,1.0809,0.4499,13.2098,-0.1386
104.703,0.2066,0.3285,0.0357,0.0539,0.1014,0.2065,1.0957,0.4499,13.2098,-0.1386
104.704,0.2066,0.3212,0.0212,0.0539,0.1014,0.1951,1.0812,0.4499,13.2098,-0.1386
104.804,0.2066,0.3212,0.0212,0.0539,0.1014,0.1951,1.0812,0.4499,13.2098,-0.1386
104.819,0.2066,0.3212,0.0212,0.0440,0.1076,0.2021,1.0812,0.4400,13.2197,-0.1387
104.819,0.2211,0.3233,0.0212,0.0532,0.1076,0.2021,1.0812,0.4492,13.2197,-0.1387
104.819,0.2299,0.3233,0.0393,0.0532,0.1221,0.2021,1.0993,0.4492,13.2197,-0.1387
104.820,0.2299,0.3162,0.0266,0.0532,0.1221,0.1915,1.0866,0.4492,13.2197,-0.1387
104.893,0.2299,0.3162,0.0266,0.0433,0.1283,0.1985,1.0866,0.4393,13.2296,-0.1389
104.894,0.2427,0.3171,0.0266,0.0508,0.1283,0.1985,1.0866,0.4468,13.2296,-0.1389
104.894,0.2504,0.3171,0.0435,0.0508,0.1413,0.1985,1.1035,0.4468,13.2296,-0.1389
104.894,0.2504,0.3092,0.0300,0.0508,0.1413,0.1871,1.0900,0.4468,13.2296,-0.1389
104.968,0.2504,0.3092,0.0300,0.0409,0.1475,0.1943,1.0900,0.4369,13.2395,-0.1390
104.970,0.2612,0.3090,0.0300,0.0468,0.1475,0.1943,1.0900,0.4428,13.2395,-0.1390
104.972,0.2667,0.3090,0.0449,0.0468,0.1580,0.1943,1.1049,0.4428,13.2395,-0.1390
104.974,0.2667,0.3006,0.0300,0.0468,0.1580,0.1818,1.0900,0.4428,13.2395,-0.1390
105.074,0.2667,0.3006,0.0300,0.0468,0.1580,0.1818,1.0900,0.4428,13.2395,-0.1390
105.093,0.2667,0.3006,0.0300,0.0369,0.1641,0.1890,1.0900,0.4329,13.2495,-0.1391
105.094,0.2761,0.2992,0.0300,0.0413,0.1641,0.1890,1.0900,0.4373,13.2495,-0.1391
105.095,0.2789,0.2992,0.0437,0.0413,0.1719,0.1890,1.1037,0.4373,13.2495,-0.1391
105.095,0.2789,0.2908,0.0280,0.0413,0.1719,0.1762,1.0880,0.4373,13.2495,-0.1391
105.168,0.2789,0.2908,0.0280,0.0314,0.1781,0.1836,1.0880,0.4274,13.2594,-0.1392
105.169,0.2869,0.2883,0.0280,0.0345,0.1781,0.1836,1.0880,0.4305,13.2594,-0.1392
105.169,0.2871,0.2883,0.0418,0.0345,0.1838,0.1836,1.1018,0.4305,13.2594,-0.1392
105.170,0.2871,0.2805,0.0268,0.0345,0.1838,0.1716,1.0868,0.4305,13.2594,-0.1392
105.270,0.2871,0.2805,0.0268,0.0246,0.1899,0.1790,1.0868,0.4206,13.2693,-0.1394
105.271,0.2931,0.2764,0.0268,0.0256,0.1899,0.1790,1.0868,0.4216,13.2693,-0.1394
105.272,0.2912,0.2764,0.0411,0.0256,0.1942,0.1790,1.1011,0.4216,13.2693,-0.1394
105.272,0.2912,0.2689,0.0268,0.0256,0.1942,0.1675,1.0868,0.4216,13.2693,-0.1394
105.373,0.2912,0.2689,0.0268,0.0256,0.1942,0.1675,1.0868,0.4216,13.2693,-0.1394
105.388,0.2912,0.2689,0.0268,0.0158,0.2002,0.1751,1.0868,0.4118,13.2792,-0.1395
105.410,0.2950,0.2634,0.0268,0.0148,0.2002,0.1751,1.0868,0.4108,13.2792,-0.1395
105.410,0.2927,0.2634,0.0405,0.0148,0.2039,0.1751,1.1005,0.4108,13.2792,-0.1395
105.410,0.2927,0.2554,0.0263,0.0148,0.2039,0.1632,1.0863,0.4108,13.2792,-0.1395
105.504,0.2927,0.2554,0.0263,0.0050,0.2099,0.1708,1.0863,0.4010,13.2891,-0.1396
105.505,0.2943,0.2483,0.0263,0.0020,0.2099,0.1708,1.0863,0.3980,13.2891,-0.1396
105.506,0.2920,0.2483,0.0395,0.0020,0.2133,0.1708,1.0995,0.3980,13.2891,-0.1396
105.508,0.2920,0.2393,0.0241,0.0020,0.2133,0.1577,1.0841,0.3980,13.2891,-0.1396
105.587,0.2920,0.2393,0.0241,-0.0079,0.2192,0.1654,1.0841,0.3881,13.2990,-0.1397
105.589,0.2915,0.2305,0.0241,-0.0130,0.2192,0.1654,1.0841,0.3830,13.2990,-0.1397
105.591,0.2889,0.2305,0.0372,-0.0130,0.2222,0.1654,1.0972,0.3830,13.2990,-0.1397
105.594,0.2889,0.2205,0.0207,-0.0130,0.2222,0.1511,1.0807,0.3830,13.2990,-0.1397
105.672,0.2889,0.2205,0.0207,-0.0228,0.2281,0.1589,1.0807,0.3732,13.3090,-0.1399
105.674,0.2863,0.2103,0.0207,-0.0299,0.2281,0.1589,1.0807,0.3661,13.3090,-0.1399
105.676,0.2830,0.2103,0.0338,-0.0299,0.2306,0.1589,1.0938,0.3661,13.3090,-0.1399
105.678,0.2830,0.2001,0.0170,-0.0299,0.2306,0.1444,1.0770,0.3661,13.3090,-0.1399
105.759,0.2830,0.2001,0.0170,-0.0397,0.2364,0.1523,1.0770,0.3563,13.3189,-0.1400
105.761,0.2780,0.1892,0.0170,-0.0486,0.2364,0.1523,1.0770,0.3474,13.3189,-0.1400
105.763,0.2741,0.1892,0.0297,-0.0486,0.2382,0.1523,1.0897,0.3474,13.3189,-0.1400
105.765,0.2741,0.1795,0.0137,-0.0486,0.2382,0.1386,1.0737,0.3474,13.3189,-0.1400
105.866,0.2741,0.1795,0.0137,-0.0486,0.2382,0.1386,1.0737,0.3474,13.3189,-0.1400
105.896,0.2741,0.1795,0.0137,-0.0584,0.2439,0.1466,1.0737,0.3376,13.3288,-0.1401
105.915,0.2663,0.1680,0.0137,-0.0691,0.2439,0.1466,1.0737,0.3269,13.3288,-0.1401
105.917,0.2620,0.1680,0.0256,-0.0691,0.2450,0.1466,1.0856,0.3269,13.3288,-0.1401
105.919,0.2620,0.1587,0.0102,-0.0691,0.2450,0.1334,1.0702,0.3269,13.3288,-0.1401
106.012,0.2620,0.1587,0.0102,-0.0789,0.2507,0.1415,1.0702,0.3171,13.3387,-0.1402
106.013,0.2509,0.1464,0.0102,-0.0920,0.2507,0.1415,1.0702,0.3040,13.3387,-0.1402
106.013,0.2463,0.1464,0.0213,-0.0920,0.2513,0.1415,1.0813,0.3040,13.3387,-0.1402
106.014,0.2463,0.1364,0.0060,-0.0920,0.2513,0.1279,1.0660,0.3040,13.3387,-0.1402
106.093,0.2463,0.1364,0.0060,-0.1017,0.2569,0.1360,1.0660,0.2943,13.3486,-0.1403
106.094,0.2321,0.1237,0.0060,-0.1167,0.2569,0.1360,1.0660,0.2793,13.3486,-0.1403
106.096,0.2273,0.1237,0.0166,-0.1167,0.2569,0.1360,1.0766,0.2793,13.3486,-0.1403
106.097,0.2273,0.1124,0.0009,-0.1167,0.2569,0.1214,1.0609,0.2793,13.3486,-0.1403
106.196,0.2273,0.1124,0.0009,-0.1265,0.2625,0.1296,1.0609,0.2695,13.3586,-0.1405
106.199,0.2113,0.0997,0.0009,-0.1425,0.2625,0.1296,1.0609,0.2535,13.3586,-0.1405
106.202,0.2062,0.0997,0.0114,-0.1425,0.2623,0.1296,1.0714,0.2535,13.3586,-0.1405
106.204,0.2062,0.0876,-0.0045,-0.1425,0.2623,0.1144,1.0555,0.2535,13.3586,-0.1405
106.304,0.2062,0.0876,-0.0045,-0.1425,0.2623,0.1144,1.0555,0.2535,13.3586,-0.1405
106.311,0.2062,0.0876,-0.0045,-0.1522,0.2678,0.1227,1.0555,0.2438,13.3685,-0.1406
106.313,0.1905,0.0752,-0.0045,-0.1679,0.2678,0.1227,1.0555,0.2281,13.3685,-0.1406
106.323,0.1852,0.0752,0.0061,-0.1679,0.2674,0.1227,1.0661,0.2281,13.3685,-0.1406
106.323,0.1852,0.0629,-0.0094,-0.1679,0.2674,0.1075,1.0506,0.2281,13.3685,-0.1406
106.403,0.1852,0.0629,-0.0094,-0.1777,0.2728,0.1159,1.0506,0.2183,13.3784,-0.1407
106.404,0.1700,0.0511,-0.0094,-0.1927,0.2728,0.1159,1.0506,0.2033,13.3784,-0.1407
106.406,0.1645,0.0511,0.0012,-0.1927,0.2723,0.1159,1.0612,0.2033,13.3784,-0.1407
106.407,0.1645,0.0387,-0.0137,-0.1927,0.2723,0.1009,1.0463,0.2033,13.3784,-0.1407
106.481,0.1645,0.0387,-0.0137,-0.2024,0.2777,0.1093,1.0463,0.1936,13.3883,-0.1408
106.485,0.1483,0.0282,-0.0137,-0.2172,0.2777,0.1093,1.0463,0.1788,13.3883,-0.1408
106.486,0.1425,0.0282,-0.0035,-0.2172,0.2768,0.1093,1.0565,0.1788,13.3883,-0.1408
106.487,0.1425,0.0152,-0.0182,-0.2172,0.2768,0.0939,1.0418,0.1788,13.3883,-0.1408
106.557,0.1425,0.0152,-0.0182,-0.2270,0.2821,0.1024,1.0418,0.1690,13.3982,-0.1409
106.559,0.1242,0.0068,-0.0182,-0.2413,0.2821,0.1024,1.0418,0.1547,13.3982,-0.1409
106.561,0.1180,0.0068,-0.0083,-0.2413,0.2807,0.1024,1.0517,0.1547,13.3982,-0.1409
106.562,0.1180,-0.0073,-0.0233,-0.2413,0.2807,0.0862,1.0367,0.1547,13.3982,-0.1409
106.657,0.1180,-0.0073,-0.0233,-0.2511,0.2859,0.0947,1.0367,0.1449,13.4082,-0.1411
106.659,0.0996,-0.0129,-0.0233,-0.2635,0.2859,0.0947,1.0367,0.1325,13.4082,-0.1411
106.661,0.0928,-0.0129,-0.0135,-0.2635,0.2842,0.0947,1.0465,0.1325,13.4082,-0.1411
106.662,0.0928,-0.0281,-0.0288,-0.2635,0.2842,0.0777,1.0312,0.1325,13.4082,-0.1411
106.759,0.0928,-0.0281,-0.0288,-0.2734,0.2894,0.0863,1.0312,0.1226,13.4181,-0.1412
106.761,0.0761,-0.0319,-0.0288,-0.2835,0.2894,0.0863,1.0281,0.1125,13.4181,-0.1412
106.763,0.0691,-0.0319,-0.0191,-0.2835,0.2874,0.0863,1.0281,0.1125,13.4181,-0.1412
106.766,0.0691,-0.0475,-0.0343,-0.2835,0.2874,0.0690,1.0125,0.1125,13.4181,-0.1412
106.866,0.0691,-0.0475,-0.0343,-0.2934,0.2925,0.0776,1.0125,0.1026,13.4280,-0.1413
106.867,0.0691,-0.0475,-0.0343,-0.2934,0.2925,0.0776,1.0125,0.1026,13.4280,-0.1413
106.867,0.0544,-0.0508,-0.0343,-0.3020,0.2925,0.0776,1.0092,0.0940,13.4280,-0.1413
106.868,0.0470,-0.0508,-0.0249,-0.3020,0.2902,0.0776,1.0092,0.0940,13.4280,-0.1413
106.868,0.0470,-0.0663,-0.0396,-0.3020,0.2902,0.0606,0.9937,0.0940,13.4280,-0.1413
106.957,0.0470,-0.0663,-0.0396,-0.3119,0.2953,0.0693,0.9937,0.0841,13.4379,-0.1414
106.960,0.0331,-0.0693,-0.0396,-0.3196,0.2953,0.0693,0.9907,0.0764,13.4379,-0.1414
106.962,0.0253,-0.0693,-0.0307,-0.3196,0.2925,0.0693,0.9907,0.0764,13.4379,-0.1414
106.965,0.0253,-0.0847,-0.0449,-0.3196,0.2925,0.0525,0.9753,0.0764,13.4379,-0.1414
107.068,0.0253,-0.0847,-0.0449,-0.3196,0.2925,0.0525,0.9753,0.0764,13.4379,-0.1414
107.083,0.0253,-0.0847,-0.0449,-0.3295,0.2975,0.0613,0.9753,0.0665,13.4478,-0.1416
107.084,0.0118,-0.0861,-0.0449,-0.3357,0.2975,0.0613,0.9739,0.0603,13.4478,-0.1416
107.085,0.0033,-0.0861,-0.0369,-0.3357,0.2939,0.0613,0.9739,0.0603,13.4478,-0.1416
107.087,0.0033,-0.1017,-0.0508,-0.3357,0.2939,0.0445,0.9583,0.0603,13.4478,-0.1416
107.180,0.0033,-0.1017,-0.0508,-0.3456,0.2988,0.0533,0.9583,0.0504,13.4578,-0.1417
107.199,-0.0093,-0.1001,-0.0508,-0.3488,0.2988,0.0533,0.9599,0.0472,13.4578,-0.1417
107.202,-0.0190,-0.1001,-0.0441,-0.3488,0.2939,0.0533,0.9599,0.0472,13.4578,-0.1417
107.203,-0.0190,-0.1162,-0.0579,-0.3488,0.2939,0.0362,0.9438,0.0472,13.4578,-0.1417
107.303,-0.0190,-0.1162,-0.0579,-0.3488,0.2939,0.0362,0.9438,0.0472,13.4578,-0.1417
107.327,-0.0190,-0.1162,-0.0579,-0.3588,0.2988,0.0451,0.9438,0.0372,13.4677,-0.1418
107.342,-0.0294,-0.1115,-0.0579,-0.3584,0.2988,0.0451,0.9485,0.0376,13.4677,-0.1418
107.345,-0.0409,-0.1115,-0.0532,-0.3584,0.2919,0.0451,0.9485,0.0376,13.4677,-0.1418
107.347,-0.0409,-0.1280,-0.0667,-0.3584,0.2919,0.0278,0.9320,0.0376,13.4677,-0.1418
107.447,-0.0409,-0.1280,-0.0667,-0.3584,0.2919,0.0278,0.9320,0.0376,13.4677,-0.1418
107.499,-0.0409,-0.1280,-0.0667,-0.3683,0.2967,0.0367,0.9320,0.0277,13.4776,-0.1419
107.500,-0.0486,-0.1213,-0.0667,-0.3651,0.2967,0.0367,0.9387,0.0309,13.4776,-0.1419
107.502,-0.0625,-0.1213,-0.0647,-0.3651,0.2871,0.0367,0.9387,0.0309,13.4776,-0.1419
107.503,-0.0625,-0.1379,-0.0777,-0.3651,0.2871,0.0194,0.9221,0.0309,13.4776,-0.1419
107.603,-0.0625,-0.1379,-0.0777,-0.3651,0.2871,0.0194,0.9221,0.0309,13.4776,-0.1419
107.617,-0.0625,-0.1379,-0.0777,-0.3750,0.2918,0.0283,0.9221,0.0210,13.4875,-0.1421
107.618,-0.0685,-0.1305,-0.0777,-0.3705,0.2918,0.0283,0.9295,0.0255,13.4875,-0.1421
107.619,-0.0845,-0.1305,-0.0780,-0.3705,0.2798,0.0283,0.9295,0.0255,13.4875,-0.1421
107.621,-0.0845,-0.1471,-0.0902,-0.3705,0.2798,0.0113,0.9129,0.0255,13.4875,-0.1421
107.701,-0.0845,-0.1471,-0.0902,-0.3803,0.2845,0.0202,0.9129,0.0157,13.4974,-0.1422
107.702,-0.0904,-0.1394,-0.0902,-0.3751,0.2845,0.0202,0.9206,0.0209,13.4974,-0.1422
107.703,-0.1070,-0.1394,-0.0916,-0.3751,0.2716,0.0202,0.9206,0.0209,13.4974,-0.1422
107.705,-0.1070,-0.1561,-0.1032,-0.3751,0.2716,0.0032,0.9039,0.0209,13.4974,-0.1422
107.782,-0.1070,-0.1561,-0.1032,-0.3850,0.2763,0.0122,0.9039,0.0110,13.5073,-0.1423
107.783,-0.1133,-0.1472,-0.1032,-0.3786,0.2763,0.0122,0.9128,0.0174,13.5073,-0.1423
107.784,-0.1292,-0.1472,-0.1046,-0.3786,0.2640,0.0122,0.9128,0.0174,13.5073,-0.1423
107.785,-0.1292,-0.1643,-0.1157,-0.3786,0.2640,-0.0051,0.8957,0.0174,13.5073,-0.1423
107.858,-0.1292,-0.1643,-0.1157,-0.3884,0.2687,0.0039,0.8957,0.0076,13.5173,-0.1424
107.859,-0.1348,-0.1541,-0.1157,-0.3804,0.2687,0.0039,0.9059,0.0156,13.5173,-0.1424
107.861,-0.1511,-0.1541,-0.1180,-0.3804,0.2559,0.0039,0.9059,0.0156,13.5173,-0.1424
107.862,-0.1511,-0.1715,-0.1288,-0.3804,0.2559,-0.0137,0.8885,0.0156,13.5173,-0.1424
107.949,-0.1511,-0.1715,-0.1288,-0.3901,0.2605,-0.0046,0.8885,0.0059,13.5272,-0.1426
107.951,-0.1551,-0.1602,-0.1288,-0.3805,0.2605,-0.0046,0.8998,0.0155,13.5272,-0.1426
107.952,-0.1738,-0.1602,-0.1335,-0.3805,0.2450,-0.0046,0.8862,0.0155,13.5272,-0.1426
107.953,-0.1738,-0.1776,-0.1435,-0.3805,0.2450,-0.0221,0.8824,0.0155,13.5272,-0.1426
108.037,-0.1738,-0.1776,-0.1435,-0.3902,0.2496,-0.0130,0.8824,0.0058,13.5371,-0.1427
108.038,-0.1762,-0.1652,-0.1435,-0.3791,0.2496,-0.0130,0.8838,0.0169,13.5371,-0.1427
108.040,-0.1984,-0.1652,-0.1513,-0.3791,0.2303,-0.0130,0.8616,0.0169,13.5371,-0.1427
108.041,-0.1984,-0.1825,-0.1595,-0.3791,0.2303,-0.0301,0.8616,0.0169,13.5371,-0.1427
108.117,-0.1984,-0.1825,-0.1595,-0.3888,0.2348,-0.0210,0.8616,0.0072,13.5470,-0.1428
108.118,-0.1999,-0.1693,-0.1595,-0.3766,0.2348,-0.0210,0.8601,0.0194,13.5470,-0.1428
108.119,-0.2228,-0.1693,-0.1691,-0.3766,0.2142,-0.0210,0.8372,0.0194,13.5470,-0.1428
108.120,-0.2228,-0.1863,-0.1751,-0.3766,0.2142,-0.0377,0.8372,0.0194,13.5470,-0.1428
108.197,-0.2228,-0.1863,-0.1751,-0.3862,0.2188,-0.0287,0.8372,0.0098,13.5569,-0.1429
108.198,-0.2244,-0.1728,-0.1751,-0.3736,0.2188,-0.0287,0.8356,0.0224,13.5569,-0.1429
108.200,-0.2451,-0.1728,-0.1842,-0.3736,0.1999,-0.0287,0.8149,0.0224,13.5569,-0.1429
108.201,-0.2451,-0.1895,-0.1888,-0.3736,0.1999,-0.0451,0.8149,0.0224,13.5569,-0.1429
108.280,-0.2451,-0.1895,-0.1888,-0.3831,0.2045,-0.0360,0.8149,0.0129,13.5669,-0.1430
108.281,-0.2469,-0.1760,-0.1888,-0.3704,0.2045,-0.0360,0.8131,0.0256,13.5669,-0.1430
108.282,-0.2653,-0.1760,-0.1967,-0.3704,0.1879,-0.0360,0.7947,0.0256,13.5669,-0.1430
108.283,-0.2653,-0.1923,-0.2005,-0.3704,0.1879,-0.0520,0.7947,0.0256,13.5669,-0.1430
108.366,-0.2653,-0.1923,-0.2005,-0.3798,0.1925,-0.0430,0.7947,0.0162,13.5768,-0.1432
108.367,-0.2668,-0.1789,-0.2005,-0.3669,0.1925,-0.0430,0.7932,0.0291,13.5768,-0.1432
108.367,-0.2844,-0.1789,-0.2078,-0.3669,0.1767,-0.0430,0.7756,0.0291,13.5768,-0.1432
108.369,-0.2844,-0.1945,-0.2109,-0.3669,0.1767,-0.0584,0.7756,0.0291,13.5768,-0.1432
108.464,-0.2844,-0.1945,-0.2109,-0.3762,0.1813,-0.0494,0.7756,0.0198,13.5867,-0.1433
108.465,-0.2848,-0.1808,-0.2109,-0.3629,0.1813,-0.0494,0.7752,0.0331,13.5867,-0.1433
108.466,-0.3033,-0.1808,-0.2191,-0.3629,0.1645,-0.0494,0.7567,0.0331,13.5867,-0.1433
108.468,-0.3033,-0.1957,-0.2209,-0.3629,0.1645,-0.0640,0.7567,0.0331,13.5867,-0.1433
108.562,-0.3033,-0.1957,-0.2209,-0.3722,0.1691,-0.0550,0.7567,0.0238,13.5966,-0.1434
108.562,-0.3023,-0.1814,-0.2209,-0.3581,0.1691,-0.0550,0.7577,0.0379,13.5966,-0.1434
108.564,-0.3219,-0.1814,-0.2304,-0.3581,0.1508,-0.0550,0.7381,0.0379,13.5966,-0.1434
108.565,-0.3219,-0.1954,-0.2300,-0.3581,0.1508,-0.0688,0.7381,0.0379,13.5966,-0.1434
108.656,-0.3219,-0.1954,-0.2300,-0.3673,0.1554,-0.0598,0.7381,0.0287,13.6065,-0.1435
108.657,-0.3200,-0.1804,-0.2300,-0.3525,0.1554,-0.0598,0.7400,0.0435,13.6065,-0.1435
108.659,-0.3393,-0.1804,-0.2404,-0.3525,0.1369,-0.0598,0.7207,0.0435,13.6065,-0.1435
108.660,-0.3393,-0.1936,-0.2374,-0.3525,0.1369,-0.0727,0.7207,0.0435,13.6065,-0.1435
108.758,-0.3393,-0.1936,-0.2374,-0.3616,0.1415,-0.0638,0.7207,0.0344,13.6164,-0.1437
108.759,-0.3369,-0.1779,-0.2374,-0.3460,0.1415,-0.0638,0.7231,0.0500,13.6164,-0.1437
108.760,-0.3544,-0.1779,-0.2475,-0.3460,0.1244,-0.0638,0.7056,0.0500,13.6164,-0.1437
108.761,-0.3544,-0.1903,-0.2428,-0.3460,0.1244,-0.0759,0.7056,0.0500,13.6164,-0.1437
108.862,-0.3544,-0.1903,-0.2428,-0.3460,0.1244,-0.0759,0.7056,0.0500,13.6164,-0.1437
108.894,-0.3544,-0.1903,-0.2428,-0.3551,0.1290,-0.0671,0.7056,0.0409,13.6264,-0.1438
108.897,-0.3515,-0.1742,-0.2428,-0.3391,0.1290,-0.0671,0.7085,0.0569,13.6264,-0.1438
108.899,-0.3669,-0.1742,-0.2525,-0.3391,0.1135,-0.0671,0.6931,0.0569,13.6264,-0.1438
108.899,-0.3669,-0.1856,-0.2475,-0.3391,0.1135,-0.0783,0.6931,0.0569,13.6264,-0.1438
108.979,-0.3669,-0.1856,-0.2475,-0.3481,0.1182,-0.0695,0.6931,0.0479,13.6363,-0.1439
108.980,-0.3632,-0.1692,-0.2475,-0.3317,0.1182,-0.0695,0.6968,0.0643,13.6363,-0.1439
108.983,-0.3776,-0.1692,-0.2575,-0.3317,0.1032,-0.0695,0.6824,0.0643,13.6363,-0.1439
108.985,-0.3776,-0.1797,-0.2529,-0.3317,0.1032,-0.0799,0.6824,0.0643,13.6363,-0.1439
109.074,-0.3776,-0.1797,-0.2529,-0.3406,0.1080,-0.0711,0.6824,0.0554,13.6462,-0.1441
109.075,-0.3726,-0.1627,-0.2529,-0.3236,0.1080,-0.0711,0.6874,0.0724,13.6462,-0.1441
109.076,-0.3869,-0.1627,-0.2640,-0.3236,0.0925,-0.0711,0.6731,0.0724,13.6462,-0.1441
109.078,-0.3869,-0.1723,-0.2593,-0.3236,0.0925,-0.0806,0.6731,0.0724,13.6462,-0.1441
109.166,-0.3869,-0.1723,-0.2593,-0.3324,0.0973,-0.0719,0.6731,0.0636,13.6561,-0.1442
109.167,-0.3808,-0.1546,-0.2593,-0.3147,0.0973,-0.0719,0.6792,0.0813,13.6561,-0.1442
109.167,-0.3951,-0.1546,-0.2714,-0.3147,0.0810,-0.0719,0.6649,0.0813,13.6561,-0.1442
109.168,-0.3951,-0.1634,-0.2651,-0.3147,0.0810,-0.0806,0.6649,0.0813,13.6561,-0.1442
109.255,-0.3951,-0.1634,-0.2651,-0.3234,0.0859,-0.0720,0.6649,0.0726,13.6660,-0.1443
109.259,-0.3881,-0.1452,-0.2651,-0.3052,0.0859,-0.0720,0.6719,0.0908,13.6660,-0.1443
109.264,-0.4018,-0.1452,-0.2781,-0.3052,0.0695,-0.0720,0.6582,0.0908,13.6660,-0.1443
109.264,-0.4018,-0.1529,-0.2698,-0.3052,0.0695,-0.0796,0.6582,0.0908,13.6660,-0.1443
109.356,-0.4018,-0.1529,-0.2698,-0.3139,0.0745,-0.0710,0.6582,0.0821,13.6760,-0.1444
109.357,-0.3941,-0.1344,-0.2698,-0.2953,0.0745,-0.0710,0.6659,0.1007,13.6760,-0.1444
109.358,-0.4061,-0.1344,-0.2834,-0.2953,0.0589,-0.0710,0.6539,0.1007,13.6760,-0.1444
109.360,-0.4061,-0.1409,-0.2741,-0.2953,0.0589,-0.0774,0.6539,0.1007,13.6760,-0.1444
109.460,-0.4061,-0.1409,-0.2741,-0.2953,0.0589,-0.0774,0.6539,0.1007,13.6760,-0.1444
109.482,-0.4061,-0.1409,-0.2741,-0.3039,0.0640,-0.0690,0.6539,0.0921,13.6859,-0.1445
109.482,-0.3977,-0.1223,-0.2741,-0.2853,0.0640,-0.0690,0.6623,0.1107,13.6859,-0.1445
109.482,-0.4071,-0.1223,-0.2879,-0.2853,0.0499,-0.0690,0.6529,0.1107,13.6859,-0.1445
109.483,-0.4071,-0.1280,-0.2788,-0.2853,0.0499,-0.0745,0.6529,0.1107,13.6859,-0.1445
109.562,-0.4071,-0.1280,-0.2788,-0.2938,0.0551,-0.0661,0.6529,0.1022,13.6958,-0.1447
109.563,-0.3978,-0.1093,-0.2788,-0.2751,0.0551,-0.0661,0.6622,0.1209,13.6958,-0.1447
109.563,-0.4049,-0.1093,-0.2926,-0.2751,0.0425,-0.0661,0.6551,0.1209,13.6958,-0.1447
109.563,-0.4049,-0.1146,-0.2842,-0.2751,0.0425,-0.0712,0.6551,0.1209,13.6958,-0.1447
109.655,-0.4049,-0.1146,-0.2842,-0.2836,0.0479,-0.0629,0.6551,0.1124,13.7057,-0.1448
109.655,-0.3942,-0.0957,-0.2842,-0.2647,0.0479,-0.0629,0.6658,0.1313,13.7057,-0.1448
109.656,-0.4005,-0.0957,-0.2979,-0.2647,0.0359,-0.0629,0.6595,0.1313,13.7057,-0.1448
109.656,-0.4005,-0.1004,-0.2892,-0.2647,0.0359,-0.0674,0.6595,0.1313,13.7057,-0.1448
109.756,-0.4005,-0.1004,-0.2892,-0.2732,0.0414,-0.0591,0.6595,0.1228,13.7156,-0.1449
109.757,-0.3888,-0.0814,-0.2892,-0.2542,0.0414,-0.0591,0.6712,0.1418,13.7156,-0.1449
109.757,-0.3946,-0.0814,-0.3032,-0.2542,0.0293,-0.0591,0.6654,0.1418,13.7156,-0.1449
109.757,-0.3946,-0.0849,-0.2932,-0.2542,0.0293,-0.0624,0.6654,0.1418,13.7156,-0.1449
109.858,-0.3946,-0.0849,-0.2932,-0.2542,0.0293,-0.0624,0.6654,0.1418,13.7156,-0.1449
109.868,-0.3946,-0.0849,-0.2932,-0.2626,0.0349,-0.0542,0.6654,0.1334,13.7256,-0.1450
109.869,-0.3824,-0.0661,-0.2932,-0.2437,0.0349,-0.0542,0.6776,0.1523,13.7256,-0.1450
109.870,-0.3874,-0.0661,-0.3075,-0.2437,0.0233,-0.0542,0.6726,0.1523,13.7256,-0.1450
109.872,-0.3874,-0.0681,-0.2957,-0.2437,0.0233,-0.0559,0.6726,0.1523,13.7256,-0.1450
109.968,-0.3874,-0.0681,-0.2957,-0.2521,0.0291,-0.0478,0.6726,0.1439,13.7355,-0.1452
109.969,-0.3750,-0.0496,-0.2957,-0.2335,0.0291,-0.0478,0.6850,0.1625,13.7355,-0.1452
109.970,-0.3782,-0.0496,-0.3095,-0.2335,0.0189,-0.0478,0.6818,0.1625,13.7355,-0.1452
109.971,-0.3782,-0.0502,-0.2968,-0.2335,0.0189,-0.0480,0.6818,0.1625,13.7355,-0.1452
110.065,-0.3782,-0.0502,-0.2968,-0.2419,0.0248,-0.0400,0.6818,0.1541,13.7454,-0.1453
110.067,-0.3655,-0.0321,-0.2968,-0.2237,0.0248,-0.0400,0.6945,0.1723,13.7454,-0.1453
110.069,-0.3669,-0.0321,-0.3092,-0.2237,0.0167,-0.0400,0.6931,0.1723,13.7454,-0.1453
110.071,-0.3669,-0.0319,-0.2964,-0.2237,0.0167,-0.0392,0.6931,0.1723,13.7454,-0.1453
110.172,-0.3669,-0.0319,-0.2964,-0.2237,0.0167,-0.0392,0.6931,0.1723,13.7454,-0.1453
110.185,-0.3669,-0.0319,-0.2964,-0.2320,0.0228,-0.0313,0.6931,0.1640,13.7553,-0.1454
110.187,-0.3532,-0.0141,-0.2964,-0.2141,0.0228,-0.0313,0.7068,0.1819,13.7553,-0.1454
110.189,-0.3532,-0.0141,-0.3073,-0.2141,0.0166,-0.0313,0.7068,0.1819,13.7553,-0.1454
110.191,-0.3532,-0.0134,-0.2947,-0.2141,0.0166,-0.0301,0.7068,0.1819,13.7553,-0.1454
110.282,-0.3532,-0.0134,-0.2947,-0.2224,0.0228,-0.0223,0.7068,0.1736,13.7652,-0.1455
110.282,-0.3380,0.0040,-0.2947,-0.2048,0.0228,-0.0223,0.7220,0.1912,13.7652,-0.1455
110.282,-0.3376,0.0040,-0.3044,-0.2048,0.0176,-0.0223,0.7224,0.1912,13.7652,-0.1455
110.283,-0.3376,0.0051,-0.2913,-0.2048,0.0176,-0.0206,0.7224,0.1912,13.7652,-0.1455
110.364,-0.3376,0.0051,-0.2913,-0.2130,0.0239,-0.0128,0.7224,0.1830,13.7751,-0.1457
110.365,-0.3213,0.0219,-0.2913,-0.1959,0.0239,-0.0128,0.7387,0.2001,13.7751,-0.1457
110.367,-0.3211,0.0219,-0.3003,-0.1959,0.0189,-0.0128,0.7389,0.2001,13.7751,-0.1457
110.368,-0.3211,0.0235,-0.2862,-0.1959,0.0189,-0.0104,0.7389,0.2001,13.7751,-0.1457
110.456,-0.3211,0.0235,-0.2862,-0.2042,0.0254,-0.0027,0.7389,0.1918,13.7851,-0.1458
110.458,-0.3044,0.0396,-0.2862,-0.1877,0.0254,-0.0027,0.7556,0.2083,13.7851,-0.1458
110.460,-0.3051,0.0396,-0.2942,-0.1877,0.0203,-0.0027,0.7549,0.2083,13.7851,-0.1458
110.461,-0.3051,0.0418,-0.2795,-0.1877,0.0203,0.0003,0.7549,0.2083,13.7851,-0.1458
110.561,-0.3051,0.0418,-0.2795,-0.1877,0.0203,0.0003,0.7549,0.2083,13.7851,-0.1458
110.577,-0.3051,0.0418,-0.2795,-0.1960,0.0269,0.0080,0.7549,0.2000,13.7950,-0.1459
110.577,-0.2885,0.0572,-0.2795,-0.1801,0.0269,0.0080,0.7715,0.2159,13.7950,-0.1459
110.578,-0.2913,0.0572,-0.2858,-0.1801,0.0213,0.0080,0.7687,0.2159,13.7950,-0.1459
110.578,-0.2913,0.0597,-0.2710,-0.1801,0.0213,0.0114,0.7687,0.2159,13.7950,-0.1459
110.685,-0.2913,0.0597,-0.2710,-0.1884,0.0280,0.0190,0.7687,0.2076,13.8049,-0.1460
110.686,-0.2744,0.0742,-0.2710,-0.1733,0.0280,0.0190,0.7856,0.2227,13.8049,-0.1460
110.686,-0.2803,0.0742,-0.2745,-0.1733,0.0218,0.0190,0.7797,0.2227,13.8049,-0.1460
110.686,-0.2803,0.0742,-0.2745,-0.1733,0.0218,0.0190,0.7797,0.2227,13.8049,-0.1460
110.687,-0.2803,0.0768,-0.2601,-0.1733,0.0218,0.0226,0.7797,0.2227,13.8049,-0.1460
110.776,-0.2803,0.0768,-0.2601,-0.1816,0.0285,0.0301,0.7797,0.2144,13.8148,-0.1462
110.778,-0.2627,0.0902,-0.2601,-0.1672,0.0285,0.0301,0.7973,0.2288,13.8148,-0.1462
110.780,-0.2715,0.0902,-0.2594,-0.1672,0.0225,0.0301,0.7885,0.2288,13.8148,-0.1462
110.783,-0.2715,0.0925,-0.2451,-0.1672,0.0225,0.0335,0.7885,0.2288,13.8148,-0.1462
110.875,-0.2715,0.0925,-0.2451,-0.1756,0.0293,0.0410,0.7885,0.2204,13.8247,-0.1463
110.877,-0.2531,0.1049,-0.2451,-0.1619,0.0293,0.0410,0.8069,0.2341,13.8247,-0.1463
110.879,-0.2620,0.1049,-0.2410,-0.1619,0.0251,0.0410,0.7980,0.2341,13.8247,-0.1463
110.881,-0.2620,0.1067,-0.2266,-0.1619,0.0251,0.0441,0.7980,0.2341,13.8247,-0.1463
110.957,-0.2620,0.1067,-0.2266,-0.1704,0.0318,0.0514,0.7980,0.2256,13.8347,-0.1464
110.958,-0.2432,0.1182,-0.2266,-0.1573,0.0318,0.0514,0.8168,0.2387,13.8347,-0.1464
110.959,-0.2506,0.1182,-0.2219,-0.1573,0.0291,0.0514,0.8094,0.2387,13.8347,-0.1464
110.959,-0.2506,0.1193,-0.2075,-0.1573,0.0291,0.0541,0.8094,0.2387,13.8347,-0.1464
111.059,-0.2506,0.1193,-0.2075,-0.1658,0.0358,0.0614,0.8094,0.2302,13.8446,-0.1465
111.060,-0.2320,0.1299,-0.2075,-0.1534,0.0358,0.0614,0.8280,0.2426,13.8446,-0.1465
111.061,-0.2403,0.1299,-0.2022,-0.1534,0.0327,0.0614,0.8197,0.2426,13.8446,-0.1465
111.063,-0.2403,0.1304,-0.1880,-0.1534,0.0327,0.0637,0.8197,0.2426,13.8446,-0.1465
111.165,-0.2403,0.1304,-0.1880,-0.1534,0.0327,0.0637,0.8197,0.2426,13.8446,-0.1465
111.180,-0.2403,0.1304,-0.1880,-0.1620,0.0394,0.0709,0.8197,0.2340,13.8545,-0.1466
111.182,-0.2218,0.1401,-0.1880,-0.1502,0.0394,0.0709,0.8382,0.2458,13.8545,-0.1466
111.183,-0.2331,0.1401,-0.1816,-0.1502,0.0348,0.0709,0.8269,0.2458,13.8545,-0.1466
111.186,-0.2331,0.1400,-0.1678,-0.1502,0.0348,0.0728,0.8269,0.2458,13.8545,-0.1466
111.271,-0.2331,0.1400,-0.1678,-0.1589,0.0415,0.0799,0.8269,0.2371,13.8644,-0.1468
111.272,-0.2145,0.1488,-0.1678,-0.1476,0.0415,0.0799,0.8455,0.2484,13.8644,-0.1468
111.274,-0.2286,0.1488,-0.1608,-0.1476,0.0352,0.0799,0.8314,0.2484,13.8644,-0.1468
111.276,-0.2286,0.1482,-0.1474,-0.1476,0.0352,0.0815,0.8314,0.2484,13.8644,-0.1468
111.369,-0.2286,0.1482,-0.1474,-0.1563,0.0418,0.0885,0.8314,0.2397,13.8743,-0.1469
111.370,-0.2099,0.1562,-0.1474,-0.1456,0.0418,0.0885,0.8501,0.2504,13.8743,-0.1469
111.372,-0.2251,0.1562,-0.1407,-0.1456,0.0346,0.0885,0.8349,0.2504,13.8743,-0.1469
111.377,-0.2251,0.1551,-0.1274,-0.1456,0.0346,0.0899,0.8349,0.2504,13.8743,-0.1469
111.464,-0.2251,0.1551,-0.1274,-0.1543,0.0411,0.0969,0.8349,0.2417,13.8842,-0.1470
111.466,-0.2067,0.1623,-0.1274,-0.1441,0.0411,0.0969,0.8533,0.2519,13.8842,-0.1470
111.467,-0.2210,0.1623,-0.1216,-0.1441,0.0341,0.0969,0.8390,0.2519,13.8842,-0.1470
111.469,-0.2210,0.1607,-0.1084,-0.1441,0.0341,0.0980,0.8390,0.2519,13.8842,-0.1470
111.561,-0.2210,0.1607,-0.1084,-0.1529,0.0405,0.1048,0.8390,0.2431,13.8942,-0.1471
111.565,-0.2028,0.1674,-0.1084,-0.1428,0.0405,0.1048,0.8572,0.2532,13.8942,-0.1471
111.565,-0.2169,0.1674,-0.1032,-0.1428,0.0333,0.1048,0.8431,0.2532,13.8942,-0.1471
111.565,-0.2169,0.1650,-0.0902,-0.1428,0.0333,0.1055,0.8431,0.2532,13.8942,-0.1471
111.663,-0.2169,0.1650,-0.0902,-0.1518,0.0397,0.1123,0.8431,0.2442,13.9041,-0.1473
111.665,-0.1987,0.1714,-0.0902,-0.1417,0.0397,0.1123,0.8613,0.2543,13.9041,-0.1473
111.667,-0.2137,0.1714,-0.0860,-0.1417,0.0315,0.1123,0.8463,0.2543,13.9041,-0.1473
111.671,-0.2137,0.1684,-0.0734,-0.1417,0.0315,0.1126,0.8463,0.2543,13.9041,-0.1473
111.753,-0.2137,0.1684,-0.0734,-0.1507,0.0378,0.1192,0.8463,0.2453,13.9140,-0.1474
111.754,-0.1955,0.1744,-0.0734,-0.1408,0.0378,0.1192,0.8645,0.2552,13.9140,-0.1474
111.755,-0.2116,0.1744,-0.0712,-0.1408,0.0277,0.1192,0.8484,0.2552,13.9140,-0.1474
111.756,-0.2116,0.1708,-0.0590,-0.1408,0.0277,0.1192,0.8484,0.2552,13.9140,-0.1474
111.856,-0.2116,0.1708,-0.0590,-0.1408,0.0277,0.1192,0.8484,0.2552,13.9140,-0.1474
111.910,-0.2116,0.1708,-0.0590,-0.1498,0.0340,0.1258,0.8484,0.2462,13.9239,-0.1475
111.912,-0.1936,0.1763,-0.0590,-0.1400,0.0340,0.1258,0.8664,0.2560,13.9239,-0.1475
111.913,-0.2107,0.1763,-0.0596,-0.1400,0.0217,0.1258,0.8493,0.2560,13.9239,-0.1475
111.915,-0.2107,0.1725,-0.0476,-0.1400,0.0217,0.1258,0.8493,0.2560,13.9239,-0.1475
112.008,-0.2107,0.1725,-0.0476,-0.1492,0.0279,0.1322,0.8493,0.2468,13.9338,-0.1477
112.009,-0.1932,0.1774,-0.0476,-0.1397,0.0279,0.1322,0.8668,0.2563,13.9338,-0.1477
112.009,-0.2106,0.1774,-0.0508,-0.1397,0.0140,0.1322,0.8494,0.2563,13.9338,-0.1477
112.012,-0.2106,0.1734,-0.0390,-0.1397,0.0140,0.1322,0.8494,0.2563,13.9338,-0.1477
112.085,-0.2106,0.1734,-0.0390,-0.1489,0.0202,0.1386,0.8494,0.2471,13.9438,-0.1478
112.087,-0.1935,0.1776,-0.0390,-0.1399,0.0202,0.1386,0.8665,0.2561,13.9438,-0.1478
112.088,-0.2106,0.1776,-0.0442,-0.1399,0.0054,0.1386,0.8494,0.2561,13.9438,-0.1478
112.089,-0.2106,0.1732,-0.0328,-0.1399,0.0054,0.1384,0.8494,0.2561,13.9438,-0.1478
112.158,-0.2106,0.1732,-0.0328,-0.1491,0.0116,0.1447,0.8494,0.2469,13.9537,-0.1479
112.159,-0.1938,0.1768,-0.0328,-0.1404,0.0116,0.1447,0.8662,0.2556,13.9537,-0.1479
112.161,-0.2108,0.1768,-0.0398,-0.1404,-0.0042,0.1447,0.8492,0.2556,13.9537,-0.1479
112.163,-0.2108,0.1718,-0.0288,-0.1404,-0.0042,0.1441,0.8492,0.2556,13.9537,-0.1479
112.259,-0.2108,0.1718,-0.0288,-0.1497,0.0020,0.1502,0.8492,0.2463,13.9636,-0.1480
112.261,-0.1941,0.1749,-0.0288,-0.1411,0.0020,0.1502,0.8659,0.2549,13.9636,-0.1480
112.263,-0.2111,0.1749,-0.0368,-0.1411,-0.0142,0.1502,0.8489,0.2549,13.9636,-0.1480
112.264,-0.2111,0.1693,-0.0263,-0.1411,-0.0142,0.1493,0.8489,0.2549,13.9636,-0.1480
112.360,-0.2111,0.1693,-0.0263,-0.1505,-0.0080,0.1554,0.8489,0.2455,13.9735,-0.1481
112.361,-0.1945,0.1720,-0.0263,-0.1420,-0.0080,0.1554,0.8655,0.2540,13.9735,-0.1481
112.363,-0.2120,0.1720,-0.0330,-0.1420,-0.0239,0.1554,0.8480,0.2540,13.9735,-0.1481
112.366,-0.2120,0.1660,-0.0232,-0.1420,-0.0239,0.1542,0.8480,0.2540,13.9735,-0.1481
112.464,-0.2120,0.1660,-0.0232,-0.1514,-0.0177,0.1602,0.8480,0.2446,13.9834,-0.1483
112.465,-0.1955,0.1681,-0.0232,-0.1431,-0.0177,0.1602,0.8645,0.2529,13.9834,-0.1483
112.466,-0.2142,0.1681,-0.0269,-0.1431,-0.0329,0.1602,0.8458,0.2529,13.9834,-0.1483
112.468,-0.2142,0.1615,-0.0180,-0.1431,-0.0329,0.1584,0.8458,0.2529,13.9834,-0.1483
112.561,-0.2142,0.1615,-0.0180,-0.1525,-0.0267,0.1643,0.8458,0.2435,13.9934,-0.1484
112.562,-0.1977,0.1632,-0.0180,-0.1442,-0.0267,0.1643,0.8623,0.2518,13.9934,-0.1484
112.564,-0.2166,0.1632,-0.0198,-0.1442,-0.0409,0.1643,0.8434,0.2518,13.9934,-0.1484
112.566,-0.2166,0.1556,-0.0120,-0.1442,-0.0409,0.1616,0.8434,0.2518,13.9934,-0.1484
112.666,-0.2166,0.1556,-0.0120,-0.1442,-0.0409,0.1616,0.8434,0.2518,13.9934,-0.1484
112.667,-0.2166,0.1556,-0.0120,-0.1538,-0.0348,0.1674,0.8434,0.2422,14.0033,-0.1485
112.669,-0.2002,0.1569,-0.0120,-0.1455,-0.0348,0.1674,0.8598,0.2505,14.0033,-0.1485
112.671,-0.2189,0.1569,-0.0146,-0.1455,-0.0492,0.1674,0.8411,0.2505,14.0033,-0.1485
112.672,-0.2189,0.1481,-0.0080,-0.1455,-0.0492,0.1636,0.8411,0.2505,14.0033,-0.1485
112.767,-0.2189,0.1481,-0.0080,-0.1551,-0.0431,0.1694,0.8411,0.2409,14.0132,-0.1486
112.769,-0.2024,0.1490,-0.0080,-0.1468,-0.0431,0.1694,0.8576,0.2492,14.0132,-0.1486
112.771,-0.2214,0.1490,-0.0116,-0.1468,-0.0583,0.1694,0.8386,0.2492,14.0132,-0.1486
112.772,-0.2214,0.1390,-0.0065,-0.1468,-0.0583,0.1644,0.8386,0.2492,14.0132,-0.1486
112.869,-0.2214,0.1390,-0.0065,-0.1564,-0.0522,0.1701,0.8386,0.2396,14.0231,-0.1487
112.870,-0.2049,0.1396,-0.0065,-0.1480,-0.0522,0.1701,0.8551,0.2480,14.0231,-0.1487
112.871,-0.2237,0.1396,-0.0088,-0.1480,-0.0665,0.1701,0.8363,0.2480,14.0231,-0.1487
112.873,-0.2237,0.1286,-0.0051,-0.1480,-0.0665,0.1641,0.8363,0.2480,14.0231,-0.1487
112.973,-0.2237,0.1286,-0.0051,-0.1480,-0.0665,0.1641,0.8363,0.2480,14.0231,-0.1487
112.976,-0.2237,0.1286,-0.0051,-0.1577,-0.0605,0.1696,0.8363,0.2383,14.0330,-0.1489
112.976,-0.2072,0.1291,-0.0051,-0.1491,-0.0605,0.1696,0.8528,0.2469,14.0330,-0.1489
112.977,-0.2242,0.1291,-0.0041,-0.1491,-0.0717,0.1696,0.8358,0.2469,14.0330,-0.1489
112.977,-0.2242,0.1173,-0.0018,-0.1491,-0.0717,0.1627,0.8358,0.2469,14.0330,-0.1489
113.052,-0.2242,0.1173,-0.0018,-0.1588,-0.0658,0.1682,0.8358,0.2372,14.0430,-0.1490
113.053,-0.2076,0.1178,-0.0018,-0.1500,-0.0658,0.1682,0.8524,0.2460,14.0430,-0.1490
113.053,-0.2219,0.1178,0.0028,-0.1500,-0.0732,0.1682,0.8381,0.2460,14.0430,-0.1490
113.055,-0.2219,0.1050,0.0036,-0.1500,-0.0732,0.1601,0.8381,0.2460,14.0430,-0.1490
113.155,-0.2219,0.1050,0.0036,-0.1500,-0.0732,0.1601,0.8381,0.2460,14.0430,-0.1490
113.171,-0.2219,0.1050,0.0036,-0.1597,-0.0673,0.1656,0.8381,0.2363,14.0529,-0.1491
113.172,-0.2052,0.1057,0.0036,-0.1505,-0.0673,0.1656,0.8548,0.2455,14.0529,-0.1491
113.173,-0.2174,0.1057,0.0100,-0.1505,-0.0723,0.1656,0.8426,0.2455,14.0529,-0.1491
113.177,-0.2174,0.0920,0.0092,-0.1505,-0.0723,0.1563,0.8426,0.2455,14.0529,-0.1491
113.278,-0.2174,0.0920,0.0092,-0.1505,-0.0723,0.1563,0.8426,0.2455,14.0529,-0.1491
113.289,-0.2174,0.0920,0.0092,-0.1603,-0.0665,0.1617,0.8426,0.2357,14.0628,-0.1492
113.290,-0.2005,0.0928,0.0092,-0.1506,-0.0665,0.1617,0.8595,0.2454,14.0628,-0.1492
113.292,-0.2123,0.0928,0.0159,-0.1506,-0.0710,0.1617,0.8477,0.2454,14.0628,-0.1492
113.294,-0.2123,0.0785,0.0138,-0.1506,-0.0710,0.1516,0.8477,0.2454,14.0628,-0.1492
113.398,-0.2123,0.0785,0.0138,-0.1506,-0.0710,0.1516,0.8477,0.2454,14.0628,-0.1492
113.411,-0.2123,0.0785,0.0138,-0.1604,-0.0653,0.1569,0.8477,0.2356,14.0727,-0.1493
113.412,-0.1953,0.0794,0.0138,-0.1504,-0.0653,0.1569,0.8647,0.2456,14.0727,-0.1493
113.416,-0.2073,0.0794,0.0202,-0.1504,-0.0701,0.1569,0.8527,0.2456,14.0727,-0.1493
113.416,-0.2073,0.0647,0.0172,-0.1504,-0.0701,0.1462,0.8527,0.2456,14.0727,-0.1493
113.498,-0.2073,0.0647,0.0172,-0.1602,-0.0644,0.1515,0.8527,0.2358,14.0826,-0.1495
113.498,-0.1902,0.0659,0.0172,-0.1498,-0.0644,0.1515,0.8698,0.2462,14.0826,-0.1495
113.499,-0.2019,0.0659,0.0241,-0.1498,-0.0686,0.1515,0.8581,0.2462,14.0826,-0.1495
113.499,-0.2019,0.0505,0.0197,-0.1498,-0.0686,0.1398,0.8581,0.2462,14.0826,-0.1495
113.572,-0.2019,0.0505,0.0197,-0.1596,-0.0631,0.1451,0.8581,0.2364,14.0925,-0.1496
113.574,-0.1845,0.0522,0.0197,-0.1486,-0.0631,0.1451,0.8755,0.2474,14.0925,-0.1496
113.578,-0.1949,0.0522,0.0278,-0.1486,-0.0658,0.1451,0.8651,0.2474,14.0925,-0.1496
113.579,-0.1949,0.0362,0.0218,-0.1486,-0.0658,0.1323,0.8651,0.2474,14.0925,-0.1496
113.657,-0.1949,0.0362,0.0218,-0.1585,-0.0603,0.1376,0.8651,0.2375,14.1025,-0.1497
113.658,-0.1771,0.0388,0.0218,-0.1465,-0.0603,0.1376,0.8829,0.2495,14.1025,-0.1497
113.659,-0.1860,0.0388,0.0306,-0.1465,-0.0616,0.1376,0.8740,0.2495,14.1025,-0.1497
113.660,-0.1860,0.0225,0.0236,-0.1465,-0.0616,0.1241,0.8740,0.2495,14.1025,-0.1497
113.766,-0.1860,0.0225,0.0236,-0.1465,-0.0616,0.1241,0.8740,0.2495,14.1025,-0.1497
113.775,-0.1860,0.0225,0.0236,-0.1564,-0.0562,0.1294,0.8740,0.2396,14.1124,-0.1498
113.776,-0.1677,0.0263,0.0236,-0.1434,-0.0562,0.1294,0.8923,0.2526,14.1124,-0.1498
113.777,-0.1756,0.0263,0.0327,-0.1434,-0.0567,0.1294,0.8844,0.2526,14.1124,-0.1498
113.778,-0.1756,0.0101,0.0254,-0.1434,-0.0567,0.1160,0.8844,0.2526,14.1124,-0.1498
113.854,-0.1756,0.0101,0.0254,-0.1533,-0.0514,0.1212,0.8844,0.2427,14.1223,-0.1500
113.855,-0.1569,0.0152,0.0254,-0.1391,-0.0514,0.1212,0.9031,0.2569,14.1223,-0.1500
113.856,-0.1641,0.0152,0.0347,-0.1391,-0.0512,0.1212,0.8959,0.2569,14.1223,-0.1500
113.857,-0.1641,-0.0010,0.0272,-0.1391,-0.0512,0.1076,0.8959,0.2569,14.1223,-0.1500
113.958,-0.1641,-0.0010,0.0272,-0.1391,-0.0512,0.1076,0.8959,0.2569,14.1223,-0.1500
113.970,-0.1641,-0.0010,0.0272,-0.1490,-0.0460,0.1128,0.8959,0.2470,14.1322,-0.1501
113.971,-0.1458,0.0055,0.0272,-0.1342,-0.0460,0.1128,0.9142,0.2618,14.1322,-0.1501
113.971,-0.1526,0.0055,0.0369,-0.1342,-0.0452,0.1128,0.9074,0.2618,14.1322,-0.1501
113.972,-0.1526,-0.0109,0.0286,-0.1342,-0.0452,0.0987,0.9074,0.2618,14.1322,-0.1501
114.058,-0.1526,-0.0109,0.0286,-0.1441,-0.0401,0.1039,0.9074,0.2519,14.1421,-0.1502
114.059,-0.1349,-0.0030,0.0286,-0.1289,-0.0401,0.1039,0.9251,0.2671,14.1421,-0.1502
114.061,-0.1409,-0.0030,0.0392,-0.1289,-0.0384,0.1039,0.9191,0.2671,14.1421,-0.1502
114.062,-0.1409,-0.0197,0.0298,-0.1289,-0.0384,0.0891,0.9191,0.2671,14.1421,-0.1502
114.159,-0.1409,-0.0197,0.0298,-0.1388,-0.0333,0.0943,0.9191,0.2572,14.1521,-0.1503
114.161,-0.1237,-0.0106,0.0298,-0.1230,-0.0333,0.0943,0.9363,0.2730,14.1521,-0.1503
114.165,-0.1285,-0.0106,0.0411,-0.1230,-0.0304,0.0943,0.9315,0.2730,14.1521,-0.1503
114.167,-0.1285,-0.0273,0.0309,-0.1230,-0.0304,0.0790,0.9315,0.2730,14.1521,-0.1503
114.263,-0.1285,-0.0273,0.0309,-0.1330,-0.0254,0.0843,0.9315,0.2630,14.1620,-0.1505
114.265,-0.1109,-0.0171,0.0309,-0.1164,-0.0254,0.0843,0.9491,0.2796,14.1620,-0.1505
114.267,-0.1141,-0.0171,0.0429,-0.1164,-0.0210,0.0843,0.9459,0.2796,14.1620,-0.1505
114.269,-0.1141,-0.0337,0.0322,-0.1164,-0.0210,0.0688,0.9459,0.2796,14.1620,-0.1505
114.370,-0.1141,-0.0337,0.0322,-0.1164,-0.0210,0.0688,0.9459,0.2796,14.1620,-0.1505
114.381,-0.1141,-0.0337,0.0322,-0.1264,-0.0161,0.0741,0.9459,0.2696,14.1719,-0.1506
114.383,-0.0963,-0.0224,0.0322,-0.1091,-0.0161,0.0741,0.9637,0.2869,14.1719,-0.1506
114.384,-0.0981,-0.0224,0.0448,-0.1091,-0.0105,0.0741,0.9619,0.2869,14.1719,-0.1506
114.386,-0.0981,-0.0388,0.0340,-0.1091,-0.0105,0.0586,0.9619,0.2869,14.1719,-0.1506
114.473,-0.0981,-0.0388,0.0340,-0.1190,-0.0057,0.0639,0.9619,0.2770,14.1818,-0.1507
114.475,-0.0808,-0.0266,0.0340,-0.1015,-0.0057,0.0639,0.9792,0.2945,14.1818,-0.1507
114.478,-0.0818,-0.0266,0.0470,-0.1015,0.0007,0.0639,0.9782,0.2945,14.1818,-0.1507
114.480,-0.0818,-0.0430,0.0358,-0.1015,0.0007,0.0482,0.9782,0.2945,14.1818,-0.1507
114.569,-0.0818,-0.0430,0.0358,-0.1114,0.0055,0.0535,0.9782,0.2846,14.1917,-0.1508
114.571,-0.0654,-0.0298,0.0358,-0.0940,0.0055,0.0535,0.9946,0.3020,14.1917,-0.1508
114.573,-0.0657,-0.0298,0.0492,-0.0940,0.0124,0.0535,0.9943,0.3020,14.1917,-0.1508
114.576,-0.0657,-0.0461,0.0376,-0.0940,0.0124,0.0375,0.9943,0.3020,14.1917,-0.1508
114.665,-0.0657,-0.0461,0.0376,-0.1039,0.0172,0.0429,0.9943,0.2921,14.2017,-0.1509
114.666,-0.0503,-0.0320,0.0376,-0.0865,0.0172,0.0429,1.0097,0.3095,14.2017,-0.1509
114.668,-0.0498,-0.0320,0.0510,-0.0865,0.0248,0.0429,1.0102,0.3095,14.2017,-0.1509
114.670,-0.0498,-0.0481,0.0390,-0.0865,0.0248,0.0268,1.0102,0.3095,14.2017,-0.1509
114.763,-0.0498,-0.0481,0.0390,-0.0964,0.0295,0.0322,1.0102,0.2996,14.2116,-0.1511
114.764,-0.0351,-0.0333,0.0390,-0.0791,0.0295,0.0322,1.0249,0.3169,14.2116,-0.1511
114.766,-0.0335,-0.0333,0.0525,-0.0791,0.0378,0.0322,1.0265,0.3169,14.2116,-0.1511
114.767,-0.0335,-0.0491,0.0401,-0.0791,0.0378,0.0160,1.0109,0.3169,14.2116,-0.1511
114.868,-0.0335,-0.0491,0.0401,-0.0791,0.0378,0.0160,1.0109,0.3169,14.2116,-0.1511
114.905,-0.0335,-0.0491,0.0401,-0.0890,0.0424,0.0214,1.0109,0.3070,14.2215,-0.1512
114.907,-0.0193,-0.0339,0.0401,-0.0717,0.0424,0.0214,1.0261,0.3243,14.2215,-0.1512
114.907,-0.0170,-0.0339,0.0541,-0.0717,0.0514,0.0214,1.0261,0.3243,14.2215,-0.1512
114.908,-0.0170,-0.0494,0.0416,-0.0717,0.0514,0.0052,1.0106,0.3243,14.2215,-0.1512
115.002,-0.0170,-0.0494,0.0416,-0.0816,0.0560,0.0107,1.0106,0.3144,14.2314,-0.1513
115.004,-0.0030,-0.0338,0.0416,-0.0642,0.0560,0.0107,1.0262,0.3318,14.2314,-0.1513
115.005,0.0011,-0.0338,0.0557,-0.0642,0.0662,0.0107,1.0262,0.3318,14.2314,-0.1513
115.006,0.0011,-0.0493,0.0431,-0.0642,0.0662,-0.0055,1.0107,0.3318,14.2314,-0.1513
115.103,0.0011,-0.0493,0.0431,-0.0741,0.0708,0.0000,1.0107,0.3219,14.2413,-0.1514
115.103,0.0150,-0.0334,0.0431,-0.0567,0.0708,0.0000,1.0266,0.3393,14.2413,-0.1514
115.104,0.0213,-0.0334,0.0565,-0.0567,0.0819,0.0000,1.0266,0.3393,14.2413,-0.1514
115.105,0.0213,-0.0490,0.0435,-0.0567,0.0819,-0.0166,1.0110,0.3393,14.2413,-0.1514
115.185,0.0213,-0.0490,0.0435,-0.0666,0.0865,-0.0110,1.0110,0.3294,14.2513,-0.1515
115.186,0.0350,-0.0330,0.0435,-0.0491,0.0865,-0.0110,1.0270,0.3469,14.2513,-0.1515
115.187,0.0419,-0.0330,0.0558,-0.0491,0.0973,-0.0110,1.0270,0.3469,14.2513,-0.1515
115.189,0.0419,-0.0491,0.0423,-0.0491,0.0973,-0.0284,1.0109,0.3469,14.2513,-0.1515
115.264,0.0419,-0.0491,0.0423,-0.0590,0.1019,-0.0227,1.0109,0.3370,14.2612,-0.1517
115.266,0.0552,-0.0328,0.0423,-0.0417,0.1019,-0.0227,1.0272,0.3543,14.2612,-0.1517
115.268,0.0610,-0.0328,0.0533,-0.0417,0.1113,-0.0227,1.0272,0.3543,14.2612,-0.1517
115.269,0.0610,-0.0492,0.0398,-0.0417,0.1113,-0.0403,1.0108,0.3543,14.2612,-0.1517
115.358,0.0610,-0.0492,0.0398,-0.0516,0.1160,-0.0346,1.0108,0.3444,14.2711,-0.1518
115.361,0.0739,-0.0326,0.0398,-0.0344,0.1160,-0.0346,1.0274,0.3615,14.2711,-0.1518
115.363,0.0783,-0.0326,0.0498,-0.0344,0.1241,-0.0346,1.0274,0.3615,14.2711,-0.1518
115.365,0.0783,-0.0486,0.0375,-0.0344,0.1241,-0.0514,1.0114,0.3447,14.2711,-0.1518
115.461,0.0783,-0.0486,0.0375,-0.0443,0.1288,-0.0455,1.0114,0.3505,14.2810,-0.1519
115.463,0.0904,-0.0319,0.0375,-0.0274,0.1288,-0.0455,1.0281,0.3505,14.2810,-0.1519
115.465,0.0943,-0.0319,0.0467,-0.0274,0.1362,-0.0455,1.0281,0.3505,14.2810,-0.1519
115.468,0.0943,-0.0471,0.0362,-0.0274,0.1362,-0.0609,1.0129,0.3351,14.2810,-0.1519
115.564,0.0943,-0.0471,0.0362,-0.0373,0.1409,-0.0551,1.0129,0.3409,14.2909,-0.1520
115.566,0.1057,-0.0302,0.0362,-0.0208,0.1409,-0.0551,1.0298,0.3409,14.2909,-0.1520
115.568,0.1103,-0.0302,0.0443,-0.0208,0.1480,-0.0551,1.0298,0.3409,14.2909,-0.1520
115.570,0.1103,-0.0454,0.0352,-0.0208,0.1480,-0.0699,1.0146,0.3262,14.2909,-0.1520
115.665,0.1103,-0.0454,0.0352,-0.0307,0.1527,-0.0640,1.0146,0.3320,14.3009,-0.1521
115.667,0.1209,-0.0286,0.0352,-0.0145,0.1527,-0.0640,1.0314,0.3320,14.3009,-0.1521
115.669,0.1266,-0.0286,0.0418,-0.0145,0.1597,-0.0640,1.0314,0.3320,14.3009,-0.1521
115.671,0.1266,-0.0448,0.0325,-0.0145,0.1597,-0.0796,1.0152,0.3165,14.3009,-0.1521
115.765,0.1266,-0.0448,0.0325,-0.0245,0.1645,-0.0737,1.0152,0.3224,14.3108,-0.1523
115.767,0.1352,-0.0285,0.0325,-0.0097,0.1645,-0.0737,1.0315,0.3224,14.3108,-0.1523
115.770,0.1415,-0.0285,0.0380,-0.0097,0.1712,-0.0737,1.0315,0.3224,14.3108,-0.1523
115.772,0.1415,-0.0456,0.0285,-0.0097,0.1712,-0.0901,1.0144,0.3059,14.3108,-0.1523
115.867,0.1415,-0.0456,0.0285,-0.0196,0.1761,-0.0841,1.0144,0.3119,14.3207,-0.1524
115.869,0.1472,-0.0300,0.0285,-0.0068,0.1761,-0.0841,1.0300,0.3119,14.3207,-0.1524
115.871,0.1527,-0.0300,0.0321,-0.0068,0.1812,-0.0841,1.0300,0.3119,14.3207,-0.1524
115.873,0.1527,-0.0480,0.0234,-0.0068,0.1812,-0.1009,1.0120,0.2951,14.3207,-0.1524
115.966,0.1527,-0.0480,0.0234,-0.0167,0.1862,-0.0949,1.0120,0.3011,14.3306,-0.1525
115.968,0.1570,-0.0327,0.0234,-0.0046,0.1862,-0.0949,1.0273,0.3011,14.3306,-0.1525
115.970,0.1603,-0.0327,0.0237,-0.0046,0.1882,-0.0949,1.0273,0.3011,14.3306,-0.1525
115.972,0.1603,-0.0513,0.0161,-0.0046,0.1882,-0.1116,1.0087,0.2844,14.3306,-0.1525
116.061,0.1603,-0.0513,0.0161,-0.0146,0.1933,-0.1057,1.0087,0.2904,14.3405,-0.1526
116.062,0.1647,-0.0361,0.0161,-0.0025,0.1933,-0.1057,1.0239,0.2904,14.3405,-0.1526
116.065,0.1657,-0.0361,0.0133,-0.0025,0.1924,-0.1057,1.0239,0.2904,14.3405,-0.1526
116.067,0.1657,-0.0546,0.0081,-0.0025,0.1924,-0.1212,1.0054,0.2748,14.3405,-0.1526
116.156,0.1657,-0.0546,0.0081,-0.0125,0.1975,-0.1153,1.0054,0.2807,14.3505,-0.1527
116.157,0.1697,-0.0395,0.0081,-0.0007,0.1975,-0.1153,1.0205,0.2807,14.3505,-0.1527
116.158,0.1705,-0.0395,0.0044,-0.0007,0.1960,-0.1153,1.0205,0.2807,14.3505,-0.1527
116.158,0.1705,-0.0579,0.0016,-0.0007,0.1960,-0.1296,1.0021,0.2664,14.3505,-0.1527
116.259,0.1705,-0.0579,0.0016,-0.0106,0.2013,-0.1237,1.0021,0.2723,14.3604,-0.1528
116.261,0.1729,-0.0432,0.0016,0.0002,0.2013,-0.1237,1.0168,0.2723,14.3604,-0.1528
116.262,0.1754,-0.0432,-0.0015,0.0002,0.2010,-0.1237,1.0168,0.2723,14.3604,-0.1528
116.263,0.1754,-0.0617,-0.0032,0.0002,0.2010,-0.1377,0.9983,0.2583,14.3604,-0.1528
116.361,0.1754,-0.0617,-0.0032,-0.0097,0.2064,-0.1319,0.9983,0.2641,14.3703,-0.1530
116.362,0.1759,-0.0474,-0.0032,0.0001,0.2064,-0.1319,1.0126,0.2641,14.3703,-0.1530
116.364,0.1799,-0.0474,-0.0071,0.0001,0.2065,-0.1319,1.0126,0.2641,14.3703,-0.1530
116.365,0.1799,-0.0658,-0.0079,0.0001,0.2065,-0.1455,0.9942,0.2505,14.3703,-0.1530
116.460,0.1799,-0.0658,-0.0079,-0.0098,0.2120,-0.1398,0.9942,0.2563,14.3802,-0.1531
116.461,0.1793,-0.0522,-0.0079,-0.0010,0.2120,-0.1398,1.0078,0.2563,14.3802,-0.1531
116.463,0.1828,-0.0522,-0.0146,-0.0010,0.2103,-0.1398,1.0078,0.2563,14.3802,-0.1531
116.463,0.1828,-0.0704,-0.0136,-0.0010,0.2103,-0.1525,0.9896,0.2435,14.3802,-0.1531
116.564,0.1828,-0.0704,-0.0136,-0.0010,0.2103,-0.1525,0.9896,0.2435,14.3802,-0.1531
116.579,0.1828,-0.0704,-0.0136,-0.0108,0.2160,-0.1468,0.9896,0.2492,14.3901,-0.1532
116.581,0.1820,-0.0571,-0.0136,-0.0022,0.2160,-0.1468,1.0029,0.2492,14.3901,-0.1532
116.582,0.1831,-0.0571,-0.0229,-0.0022,0.2115,-0.1468,1.0029,0.2492,14.3901,-0.1532
116.582,0.1831,-0.0753,-0.0197,-0.0022,0.2115,-0.1585,0.9847,0.2375,14.3901,-0.1532
116.663,0.1831,-0.0753,-0.0197,-0.0121,0.2173,-0.1529,0.9847,0.2431,14.4000,-0.1533
116.664,0.1831,-0.0618,-0.0197,-0.0030,0.2173,-0.1529,0.9982,0.2431,14.4000,-0.1533
116.666,0.1822,-0.0618,-0.0300,-0.0030,0.2111,-0.1529,0.9982,0.2431,14.4000,-0.1533
116.668,0.1822,-0.0796,-0.0251,-0.0030,0.2111,-0.1636,0.9804,0.2324,14.4000,-0.1533
116.757,0.1822,-0.0796,-0.0251,-0.0128,0.2171,-0.1581,0.9804,0.2379,14.4100,-0.1534
116.759,0.1836,-0.0660,-0.0251,-0.0030,0.2171,-0.1581,0.9940,0.2379,14.4100,-0.1534
116.761,0.1828,-0.0660,-0.0353,-0.0030,0.2110,-0.1581,0.9940,0.2379,14.4100,-0.1534
116.762,0.1828,-0.0829,-0.0298,-0.0030,0.2110,-0.1679,0.9771,0.2282,14.4100,-0.1534
116.863,0.1828,-0.0829,-0.0298,-0.0030,0.2110,-0.1679,0.9771,0.2282,14.4100,-0.1534
116.871,0.1828,-0.0829,-0.0298,-0.0128,0.2171,-0.1625,0.9771,0.2335,14.4199,-0.1536
116.873,0.1857,-0.0692,-0.0298,-0.0023,0.2171,-0.1625,0.9908,0.2335,14.4199,-0.1536
116.878,0.1869,-0.0692,-0.0390,-0.0023,0.2127,-0.1625,0.9908,0.2335,14.4199,-0.1536
116.878,0.1869,-0.0852,-0.0326,-0.0023,0.2127,-0.1712,0.9748,0.2248,14.4199,-0.1536
116.960,0.1869,-0.0852,-0.0326,-0.0121,0.2189,-0.1660,0.9748,0.2300,14.4298,-0.1537
116.962,0.1904,-0.0723,-0.0326,-0.0018,0.2189,-0.1660,0.9877,0.2300,14.4298,-0.1537
116.964,0.1925,-0.0723,-0.0418,-0.0018,0.2151,-0.1660,0.9877,0.2300,14.4298,-0.1537
116.976,0.1925,-0.0877,-0.0338,-0.0018,0.2151,-0.1735,0.9723,0.2225,14.4298,-0.1537
117.060,0.1925,-0.0877,-0.0338,-0.0116,0.2215,-0.1684,0.9723,0.2276,14.4397,-0.1538
117.062,0.1958,-0.0762,-0.0338,-0.0024,0.2215,-0.1684,0.9838,0.2276,14.4397,-0.1538
117.063,0.1966,-0.0762,-0.0442,-0.0024,0.2163,-0.1684,0.9838,0.2276,14.4397,-0.1538
117.065,0.1966,-0.0909,-0.0342,-0.0024,0.2163,-0.1743,0.9691,0.2217,14.4397,-0.1538
117.164,0.1966,-0.0909,-0.0342,-0.0122,0.2228,-0.1693,0.9691,0.2267,14.4496,-0.1539
117.166,0.2000,-0.0804,-0.0342,-0.0036,0.2228,-0.1693,0.9796,0.2267,14.4496,-0.1539
117.168,0.1989,-0.0804,-0.0460,-0.0036,0.2157,-0.1693,0.9796,0.2267,14.4496,-0.1539
117.169,0.1989,-0.0940,-0.0345,-0.0036,0.2157,-0.1737,0.9660,0.2223,14.4496,-0.1539
117.254,0.1989,-0.0940,-0.0345,-0.0134,0.2224,-0.1689,0.9660,0.2271,14.4596,-0.1540
117.255,0.2037,-0.0833,-0.0345,-0.0041,0.2224,-0.1689,0.9767,0.2271,14.4596,-0.1540
117.257,0.2013,-0.0833,-0.0469,-0.0041,0.2143,-0.1689,0.9767,0.2271,14.4596,-0.1540
117.259,0.2013,-0.0957,-0.0348,-0.0041,0.2143,-0.1720,0.9643,0.2240,14.4596,-0.1540
117.359,0.2013,-0.0957,-0.0348,-0.0041,0.2143,-0.1720,0.9643,0.2240,14.4596,-0.1540
117.364,0.2013,-0.0957,-0.0348,-0.0139,0.2211,-0.1674,0.9643,0.2286,14.4695,-0.1542
117.365,0.2077,-0.0848,-0.0348,-0.0037,0.2211,-0.1674,0.9752,0.2286,14.4695,-0.1542
117.367,0.2048,-0.0848,-0.0471,-0.0037,0.2127,-0.1674,0.9752,0.2286,14.4695,-0.1542
117.369,0.2048,-0.0961,-0.0348,-0.0037,0.2127,-0.1695,0.9639,0.2265,14.4695,-0.1542
117.470,0.2048,-0.0961,-0.0348,-0.0037,0.2127,-0.1695,0.9639,0.2265,14.4695,-0.1542
117.473,0.2048,-0.0961,-0.0348,-0.0134,0.2197,-0.1650,0.9639,0.2310,14.4794,-0.1543
117.474,0.2124,-0.0853,-0.0348,-0.0028,0.2197,-0.1650,0.9747,0.2310,14.4794,-0.1543
117.476,0.2092,-0.0853,-0.0471,-0.0028,0.2113,-0.1650,0.9747,0.2310,14.4794,-0.1543
117.476,0.2092,-0.0957,-0.0345,-0.0028,0.2113,-0.1663,0.9643,0.2297,14.4794,-0.1543
117.557,0.2092,-0.0957,-0.0345,-0.0125,0.2183,-0.1619,0.9643,0.2341,14.4893,-0.1544
117.561,0.2173,-0.0857,-0.0345,-0.0022,0.2183,-0.1619,0.9743,0.2341,14.4893,-0.1544
117.562,0.2135,-0.0857,-0.0472,-0.0022,0.2093,-0.1619,0.9743,0.2341,14.4893,-0.1544
117.564,0.2135,-0.0952,-0.0337,-0.0022,0.2093,-0.1620,0.9648,0.2340,14.4893,-0.1544
117.665,0.2135,-0.0952,-0.0337,-0.0119,0.2165,-0.1578,0.9648,0.2383,14.4992,-0.1545
117.665,0.2218,-0.0860,-0.0337,-0.0020,0.2165,-0.1578,0.9740,0.2383,14.4992,-0.1545
117.665,0.2171,-0.0860,-0.0472,-0.0020,0.2066,-0.1578,0.9740,0.2383,14.4992,-0.1545
117.665,0.2171,-0.0939,-0.0323,-0.0020,0.2066,-0.1559,0.9661,0.2401,14.4992,-0.1545
117.666,0.2171,-0.0939,-0.0323,-0.0020,0.2066,-0.1559,0.9661,0.2401,14.4992,-0.1545
117.747,0.2171,-0.0939,-0.0323,-0.0117,0.2138,-0.1518,0.9661,0.2442,14.5092,-0.1546
117.747,0.2258,-0.0851,-0.0323,-0.0019,0.2138,-0.1518,0.9749,0.2442,14.5092,-0.1546
117.748,0.2201,-0.0851,-0.0466,-0.0019,0.2030,-0.1518,0.9749,0.2442,14.5092,-0.1546
117.748,0.2201,-0.0906,-0.0306,-0.0019,0.2030,-0.1475,0.9694,0.2485,14.5092,-0.1546
117.849,0.2201,-0.0906,-0.0306,-0.0019,0.2030,-0.1475,0.9694,0.2485,14.5092,-0.1546
117.883,0.2201,-0.0906,-0.0306,-0.0116,0.2103,-0.1435,0.9694,0.2526,14.5191,-0.1548
117.893,0.2295,-0.0816,-0.0306,-0.0013,0.2103,-0.1435,0.9784,0.2526,14.5191,-0.1548
117.894,0.2228,-0.0816,-0.0455,-0.0013,0.1987,-0.1435,0.9784,0.2526,14.5191,-0.1548
117.894,0.2228,-0.0838,-0.0293,-0.0013,0.1987,-0.1367,0.9762,0.2593,14.5191,-0.1548
117.969,0.2228,-0.0838,-0.0293,-0.0110,0.2061,-0.1328,0.9762,0.2632,14.5290,-0.1549
117.969,0.2331,-0.0743,-0.0293,0.0001,0.2061,-0.1328,0.9857,0.2632,14.5290,-0.1549
117.970,0.2258,-0.0743,-0.0447,0.0001,0.1939,-0.1328,0.9857,0.2632,14.5290,-0.1549
117.970,0.2258,-0.0735,-0.0288,0.0001,0.1939,-0.1240,0.9865,0.2720,14.5290,-0.1549
118.065,0.2258,-0.0735,-0.0288,-0.0096,0.2014,-0.1202,0.9865,0.2758,14.5389,-0.1550
118.065,0.2369,-0.0634,-0.0288,0.0023,0.2014,-0.1202,0.9966,0.2758,14.5389,-0.1550
118.066,0.2288,-0.0634,-0.0447,0.0023,0.1886,-0.1202,0.9966,0.2758,14.5389,-0.1550
118.067,0.2288,-0.0601,-0.0290,0.0023,0.1886,-0.1097,0.9999,0.2863,14.5389,-0.1550
118.167,0.2288,-0.0601,-0.0290,0.0023,0.1886,-0.1097,0.9999,0.2863,14.5389,-0.1550
118.168,0.2288,-0.0601,-0.0290,-0.0074,0.1962,-0.1059,0.9999,0.2901,14.5488,-0.1551
118.168,0.2403,-0.0498,-0.0290,0.0048,0.1962,-0.1059,1.0102,0.2901,14.5488,-0.1551
118.170,0.2320,-0.0498,-0.0451,0.0048,0.1831,-0.1059,1.0102,0.2901,14.5488,-0.1551
118.172,0.2320,-0.0452,-0.0293,0.0048,0.1831,-0.0944,1.0148,0.3016,14.5488,-0.1551
118.257,0.2320,-0.0452,-0.0293,-0.0049,0.1908,-0.0906,1.0148,0.3054,14.5588,-0.1552
118.258,0.2440,-0.0347,-0.0293,0.0077,0.1908,-0.0906,1.0253,0.3054,14.5588,-0.1552
118.260,0.2356,-0.0347,-0.0457,0.0077,0.1775,-0.0906,1.0143,0.3054,14.5588,-0.1552
118.261,0.2356,-0.0288,-0.0296,0.0077,0.1775,-0.0781,1.0304,0.3179,14.5588,-0.1552
118.361,0.2356,-0.0288,-0.0296,0.0077,0.1775,-0.0781,1.0304,0.3179,14.5588,-0.1552
118.363,0.2356,-0.0288,-0.0296,-0.0020,0.1853,-0.0743,1.0304,0.3217,14.5687,-0.1554
118.365,0.2490,-0.0173,-0.0296,0.0119,0.1853,-0.0743,1.0304,0.3217,14.5687,-0.1554
118.367,0.2402,-0.0173,-0.0463,0.0119,0.1717,-0.0743,1.0137,0.3217,14.5687,-0.1554
118.369,0.2402,-0.0093,-0.0300,0.0119,0.1717,-0.0603,1.0300,0.3357,14.5687,-0.1554
118.457,0.2402,-0.0093,-0.0300,0.0022,0.1796,-0.0565,1.0300,0.3395,14.5786,-0.1555
118.460,0.2558,0.0044,-0.0300,0.0186,0.1796,-0.0565,1.0300,0.3395,14.5786,-0.1555
118.462,0.2466,0.0044,-0.0470,0.0186,0.1657,-0.0565,1.0130,0.3395,14.5786,-0.1555
118.465,0.2466,0.0148,-0.0312,0.0186,0.1657,-0.0410,1.0288,0.3550,14.5786,-0.1555
118.565,0.2466,0.0148,-0.0312,0.0186,0.1657,-0.0410,1.0288,0.3550,14.5786,-0.1555
118.578,0.2466,0.0148,-0.0312,0.0089,0.1737,-0.0372,1.0288,0.3588,14.5885,-0.1556
118.580,0.2637,0.0301,-0.0312,0.0269,0.1737,-0.0372,1.0288,0.3588,14.5885,-0.1556
118.583,0.2542,0.0301,-0.0482,0.0269,0.1597,-0.0372,1.0118,0.3588,14.5885,-0.1556
118.585,0.2542,0.0419,-0.0341,0.0269,0.1597,-0.0216,1.0259,0.3744,14.5885,-0.1556
118.670,0.2542,0.0419,-0.0341,0.0173,0.1678,-0.0178,1.0259,0.3783,14.5984,-0.1557
118.671,0.2709,0.0567,-0.0341,0.0348,0.1678,-0.0178,1.0259,0.3783,14.5984,-0.1557
118.671,0.2613,0.0567,-0.0510,0.0348,0.1536,-0.0178,1.0090,0.3783,14.5984,-0.1557
118.672,0.2613,0.0691,-0.0395,0.0348,0.1536,-0.0031,1.0205,0.3930,14.5984,-0.1557
118.766,0.2613,0.0691,-0.0395,0.0251,0.1618,0.0009,1.0205,0.3969,14.6084,-0.1558
118.766,0.2774,0.0829,-0.0395,0.0417,0.1618,0.0009,1.0205,0.3969,14.6084,-0.1558
118.767,0.2676,0.0829,-0.0562,0.0417,0.1476,0.0009,1.0038,0.3969,14.6084,-0.1558
118.768,0.2676,0.0958,-0.0466,0.0417,0.1476,0.0150,1.0134,0.4110,14.6084,-0.1558
118.868,0.2676,0.0958,-0.0466,0.0417,0.1476,0.0150,1.0134,0.4110,14.6084,-0.1558
118.880,0.2676,0.0958,-0.0466,0.0321,0.1558,0.0191,1.0134,0.4151,14.6183,-0.1560
118.881,0.2841,0.1098,-0.0466,0.0490,0.1558,0.0191,1.0134,0.4151,14.6183,-0.1560
118.881,0.2741,0.1098,-0.0633,0.0490,0.1416,0.0191,0.9967,0.4151,14.6183,-0.1560
118.881,0.2741,0.1230,-0.0553,0.0490,0.1416,0.0326,1.0047,0.4286,14.6183,-0.1560
118.982,0.2741,0.1230,-0.0553,0.0393,0.1499,0.0368,1.0047,0.4328,14.6282,-0.1561
118.983,0.2918,0.1375,-0.0553,0.0571,0.1499,0.0368,1.0047,0.4328,14.6282,-0.1561
118.994,0.2817,0.1375,-0.0720,0.0571,0.1356,0.0368,0.9880,0.4328,14.6282,-0.1561
118.999,0.2817,0.1505,-0.0652,0.0571,0.1356,0.0496,0.9948,0.4456,14.6282,-0.1561
119.073,0.2817,0.1505,-0.0652,0.0474,0.1440,0.0539,0.9948,0.4434,14.6381,-0.1562
119.083,0.3001,0.1643,-0.0652,0.0652,0.1440,0.0539,0.9948,0.4499,14.6381,-0.1562
119.088,0.2897,0.1643,-0.0820,0.0652,0.1295,0.0539,0.9780,0.4499,14.6381,-0.1562
119.089,0.2897,0.1767,-0.0772,0.0652,0.1295,0.0653,0.9828,0.4612,14.6381,-0.1562
119.167,0.2897,0.1767,-0.0772,0.0555,0.1380,0.0698,0.9828,0.4515,14.6480,-0.1563
119.169,0.3083,0.1889,-0.0772,0.0726,0.1380,0.0698,0.9828,0.4658,14.6480,-0.1563
119.170,0.2973,0.1889,-0.0942,0.0726,0.1230,0.0698,0.9658,0.4658,14.6480,-0.1563
119.171,0.2973,0.2010,-0.0922,0.0726,0.1230,0.0797,0.9678,0.4686,14.6480,-0.1563
119.258,0.2973,0.2010,-0.0922,0.0629,0.1316,0.0843,0.9678,0.4589,14.6580,-0.1564
119.260,0.3158,0.2119,-0.0922,0.0792,0.1316,0.0843,0.9678,0.4752,14.6580,-0.1564
119.261,0.3043,0.2119,-0.1093,0.0792,0.1162,0.0843,0.9507,0.4752,14.6580,-0.1564
119.262,0.3043,0.2241,-0.1096,0.0792,0.1162,0.0934,0.9504,0.4752,14.6580,-0.1564
119.363,0.3043,0.2241,-0.1096,0.0792,0.1162,0.0934,0.9504,0.4752,14.6580,-0.1564
119.364,0.3043,0.2241,-0.1096,0.0695,0.1248,0.0981,0.9504,0.4655,14.6679,-0.1565
119.366,0.3226,0.2340,-0.1096,0.0851,0.1248,0.0981,0.9504,0.4811,14.6679,-0.1565
119.367,0.3107,0.2340,-0.1266,0.0851,0.1091,0.0981,0.9334,0.4811,14.6679,-0.1565
119.369,0.3107,0.2462,-0.1287,0.0851,0.1091,0.1065,0.9313,0.4811,14.6679,-0.1565
119.470,0.3107,0.2462,-0.1287,0.0851,0.1091,0.1065,0.9313,0.4811,14.6679,-0.1565
119.479,0.3107,0.2462,-0.1287,0.0754,0.1178,0.1114,0.9313,0.4714,14.6778,-0.1567
119.480,0.3287,0.2550,-0.1287,0.0904,0.1178,0.1114,0.9313,0.4864,14.6778,-0.1567
119.481,0.3163,0.2550,-0.1456,0.0904,0.1018,0.1114,0.9144,0.4864,14.6778,-0.1567
119.481,0.3163,0.2671,-0.1490,0.0904,0.1018,0.1191,0.9110,0.4864,14.6778,-0.1567
119.582,0.3163,0.2671,-0.1490,0.0904,0.1018,0.1191,0.9110,0.4864,14.6778,-0.1567
119.596,0.3163,0.2671,-0.1490,0.0807,0.1106,0.1242,0.9110,0.4767,14.6877,-0.1568
119.597,0.3340,0.2743,-0.1490,0.0948,0.1106,0.1242,0.9110,0.4908,14.6877,-0.1568
119.598,0.3209,0.2743,-0.1659,0.0948,0.0941,0.1242,0.8941,0.4901,14.6877,-0.1568
119.600,0.3209,0.2859,-0.1703,0.0948,0.0941,0.1312,0.8897,0.4901,14.6877,-0.1568
119.700,0.3209,0.2859,-0.1703,0.0948,0.0941,0.1312,0.8897,0.4901,14.6877,-0.1568
119.722,0.3209,0.2859,-0.1703,0.0851,0.1029,0.1365,0.8897,0.4811,14.6976,-0.1569
119.723,0.3374,0.2908,-0.1703,0.0974,0.1029,0.1365,0.8897,0.4934,14.6976,-0.1569
119.725,0.3236,0.2908,-0.1872,0.0974,0.0860,0.1365,0.8728,0.4820,14.6976,-0.1569
119.726,0.3236,0.3013,-0.1933,0.0974,0.0860,0.1420,0.8667,0.4820,14.6976,-0.1569
119.812,0.3236,0.3013,-0.1933,0.0876,0.0948,0.1475,0.8667,0.4836,14.7076,-0.1570
119.813,0.3367,0.3025,-0.1933,0.0962,0.0948,0.1475,0.8667,0.4909,14.7076,-0.1570
119.815,0.3223,0.3025,-0.2098,0.0962,0.0776,0.1475,0.8502,0.4736,14.7076,-0.1570
119.817,0.3223,0.3102,-0.2194,0.0962,0.0776,0.1494,0.8406,0.4736,14.7076,-0.1570
119.886,0.3223,0.3102,-0.2194,0.0864,0.0865,0.1551,0.8406,0.4824,14.7175,-0.1571
119.888,0.3313,0.3081,-0.2194,0.0911,0.0865,0.1551,0.8406,0.4825,14.7175,-0.1571
119.889,0.3166,0.3081,-0.2355,0.0911,0.0691,0.1551,0.8245,0.4651,14.7175,-0.1571
119.891,0.3166,0.3111,-0.2494,0.0911,0.0691,0.1517,0.8106,0.4651,14.7175,-0.1571
119.971,0.3166,0.3111,-0.2494,0.0812,0.0781,0.1575,0.8106,0.4741,14.7274,-0.1572
119.973,0.3234,0.3071,-0.2494,0.0839,0.0781,0.1575,0.8106,0.4741,14.7274,-0.1572
119.975,0.3083,0.3071,-0.2650,0.0839,0.0606,0.1575,0.7950,0.4566,14.7274,-0.1572
119.976,0.3083,0.3070,-0.2798,0.0839,0.0606,0.1513,0.7802,0.4566,14.7274,-0.1572
120.058,0.3083,0.3070,-0.2798,0.0741,0.0696,0.1574,0.7802,0.4656,14.7373,-0.1573
120.060,0.3151,0.3028,-0.2798,0.0767,0.0696,0.1574,0.7802,0.4656,14.7373,-0.1573
120.062,0.2995,0.3028,-0.2949,0.0767,0.0519,0.1574,0.7651,0.4479,14.7373,-0.1573
120.063,0.2995,0.3043,-0.3071,0.0767,0.0519,0.1536,0.7529,0.4479,14.7373,-0.1573
120.164,0.2995,0.3043,-0.3071,0.0767,0.0519,0.1536,0.7529,0.4479,14.7373,-0.1573
120.172,0.2995,0.3043,-0.3071,0.0669,0.0609,0.1598,0.7529,0.4570,14.7472,-0.1574
120.173,0.3067,0.3006,-0.3071,0.0701,0.0609,0.1598,0.7529,0.4570,14.7472,-0.1574
120.173,0.2907,0.3006,-0.3217,0.0701,0.0430,0.1598,0.7383,0.4390,14.7472,-0.1574
120.173,0.2907,0.3029,-0.3340,0.0701,0.0430,0.1567,0.7260,0.4390,14.7472,-0.1574
120.252,0.2907,0.3029,-0.3340,0.0602,0.0521,0.1631,0.7260,0.4481,14.7572,-0.1576
120.253,0.2957,0.2976,-0.3340,0.0615,0.0521,0.1631,0.7260,0.4481,14.7572,-0.1576
120.254,0.2792,0.2976,-0.3479,0.0615,0.0340,0.1631,0.7121,0.4300,14.7572,-0.1576
120.255,0.2792,0.2961,-0.3637,0.0615,0.0340,0.1557,0.6963,0.4300,14.7572,-0.1576
120.355,0.2792,0.2961,-0.3637,0.0615,0.0340,0.1557,0.6963,0.4300,14.7572,-0.1576
120.376,0.2792,0.2961,-0.3637,0.0516,0.0431,0.1622,0.6963,0.4392,14.7671,-0.1577
120.377,0.2790,0.2871,-0.3637,0.0481,0.0431,0.1622,0.6963,0.4392,14.7671,-0.1577
120.377,0.2622,0.2871,-0.3769,0.0481,0.0248,0.1622,0.6831,0.4209,14.7671,-0.1577
120.377,0.2622,0.2790,-0.3955,0.0481,0.0248,0.1485,0.6645,0.4209,14.7671,-0.1577
120.456,0.2622,0.2790,-0.3955,0.0382,0.0340,0.1551,0.6645,0.4300,14.7770,-0.1578
120.456,0.2575,0.2671,-0.3955,0.0308,0.0340,0.1551,0.6645,0.4268,14.7770,-0.1578
120.457,0.2402,0.2671,-0.4080,0.0308,0.0155,0.1551,0.6520,0.4115,14.7770,-0.1578
120.458,0.2402,0.2556,-0.4256,0.0308,0.0155,0.1390,0.6344,0.4115,14.7770,-0.1578
120.549,0.2402,0.2556,-0.4256,0.0209,0.0247,0.1458,0.6344,0.4169,14.7869,-0.1579
120.550,0.2348,0.2439,-0.4256,0.0131,0.0247,0.1458,0.6344,0.4091,14.7869,-0.1579
120.552,0.2172,0.2439,-0.4374,0.0131,0.0060,0.1458,0.6226,0.4020,14.7869,-0.1579
120.554,0.2172,0.2332,-0.4518,0.0131,0.0060,0.1316,0.6082,0.4020,14.7869,-0.1579
120.649,0.2172,0.2332,-0.4518,0.0032,0.0152,0.1385,0.6082,0.3992,14.7968,-0.1580
120.650,0.2122,0.2222,-0.4518,-0.0040,0.0152,0.1385,0.6082,0.3920,14.7968,-0.1580
120.650,0.1946,0.2222,-0.4626,-0.0040,-0.0032,0.1385,0.5974,0.3920,14.7968,-0.1580
120.650,0.1946,0.2122,-0.4761,-0.0040,-0.0032,0.1252,0.5839,0.3920,14.7968,-0.1580
120.751,0.1946,0.2122,-0.4761,-0.0040,-0.0032,0.1252,0.5839,0.3920,14.7968,-0.1580
120.776,0.1946,0.2122,-0.4761,-0.0139,0.0060,0.1322,0.5839,0.3821,14.8068,-0.1581
120.777,0.1889,0.2009,-0.4761,-0.0216,0.0060,0.1322,0.5839,0.3744,14.8068,-0.1581
120.778,0.1713,0.2009,-0.4858,-0.0216,-0.0122,0.1322,0.5742,0.3744,14.8068,-0.1581
120.779,0.1713,0.1901,-0.5000,-0.0216,-0.0122,0.1181,0.5600,0.3744,14.8068,-0.1581
120.857,0.1713,0.1901,-0.5000,-0.0315,-0.0029,0.1252,0.5600,0.3645,14.8167,-0.1582
120.858,0.1636,0.1776,-0.5000,-0.0409,-0.0029,0.1252,0.5600,0.3551,14.8167,-0.1582
120.859,0.1459,0.1776,-0.5085,-0.0409,-0.0210,0.1252,0.5515,0.3551,14.8167,-0.1582
120.861,0.1459,0.1650,-0.5230,-0.0409,-0.0210,0.1096,0.5370,0.3551,14.8167,-0.1582
120.960,0.1459,0.1650,-0.5230,-0.0509,-0.0117,0.1167,0.5370,0.3451,14.8266,-0.1583
120.962,0.1366,0.1517,-0.5230,-0.0618,-0.0117,0.1167,0.5370,0.3342,14.8266,-0.1583
120.964,0.1188,0.1517,-0.5301,-0.0618,-0.0296,0.1167,0.5299,0.3342,14.8266,-0.1583
120.966,0.1188,0.1380,-0.5428,-0.0618,-0.0296,0.1008,0.5172,0.3342,14.8266,-0.1583
121.060,0.1188,0.1380,-0.5428,-0.0717,-0.0203,0.1081,0.5172,0.3243,14.8365,-0.1584
121.060,0.1088,0.1246,-0.5428,-0.0830,-0.0203,0.1081,0.5172,0.3130,14.8365,-0.1584
121.061,0.0911,0.1246,-0.5482,-0.0830,-0.0378,0.1081,0.5118,0.3130,14.8365,-0.1584
121.062,0.0911,0.1109,-0.5585,-0.0830,-0.0378,0.0930,0.5015,0.3130,14.8365,-0.1584
121.155,0.0911,0.1109,-0.5585,-0.0930,-0.0285,0.1003,0.5015,0.3030,14.8465,-0.1585
121.156,0.0810,0.0977,-0.5585,-0.1043,-0.0285,0.1003,0.5015,0.2917,14.8465,-0.1585
121.161,0.0640,0.0977,-0.5617,-0.1043,-0.0451,0.1003,0.4983,0.2917,14.8465,-0.1585
121.162,0.0640,0.0846,-0.5708,-0.1043,-0.0451,0.0863,0.4892,0.2917,14.8465,-0.1585
121.256,0.0640,0.0846,-0.5708,-0.1142,-0.0358,0.0937,0.4892,0.2818,14.8564,-0.1586
121.259,0.0535,0.0712,-0.5708,-0.1259,-0.0358,0.0937,0.4892,0.2701,14.8564,-0.1586
121.260,0.0375,0.0712,-0.5717,-0.1259,-0.0512,0.0937,0.4883,0.2701,14.8564,-0.1586
121.262,0.0375,0.0584,-0.5808,-0.1259,-0.0512,0.0799,0.4792,0.2701,14.8564,-0.1586
121.361,0.0375,0.0584,-0.5808,-0.1359,-0.0419,0.0873,0.4792,0.2601,14.8663,-0.1587
121.363,0.0263,0.0447,-0.5808,-0.1481,-0.0419,0.0873,0.4792,0.2479,14.8663,-0.1587
121.377,0.0112,0.0447,-0.5801,-0.1481,-0.0561,0.0873,0.4799,0.2479,14.8663,-0.1587
121.378,0.0112,0.0313,-0.5901,-0.1481,-0.0561,0.0726,0.4699,0.2479,14.8663,-0.1587
121.479,0.0112,0.0313,-0.5901,-0.1481,-0.0561,0.0726,0.4699,0.2479,14.8663,-0.1587
121.512,0.0112,0.0313,-0.5901,-0.1580,-0.0468,0.0801,0.4699,0.2380,14.8762,-0.1588
121.537,-0.0005,0.0174,-0.5901,-0.1707,-0.0468,0.0801,0.4699,0.2253,14.8762,-0.1588
121.538,-0.0149,0.0174,-0.5881,-0.1707,-0.0603,0.0801,0.4719,0.2253,14.8762,-0.1588
121.540,-0.0149,0.0031,-0.5988,-0.1707,-0.0603,0.0645,0.4612,0.2253,14.8762,-0.1588
121.619,-0.0149,0.0031,-0.5988,-0.1806,-0.0510,0.0720,0.4612,0.2154,14.8861,-0.1590
121.621,-0.0264,-0.0102,-0.5988,-0.1930,-0.0510,0.0720,0.4612,0.2030,14.8861,-0.1590
121.623,-0.0402,-0.0102,-0.5953,-0.1930,-0.0637,0.0720,0.4647,0.2030,14.8861,-0.1590
121.631,-0.0402,-0.0249,-0.6058,-0.1930,-0.0637,0.0561,0.4542,0.2030,14.8861,-0.1590
121.706,-0.0402,-0.0249,-0.6058,-0.2029,-0.0544,0.0636,0.4542,0.1931,14.8961,-0.1591
121.707,-0.0510,-0.0370,-0.6058,-0.2145,-0.0544,0.0636,0.4542,0.1815,14.8961,-0.1591
121.708,-0.0635,-0.0370,-0.6002,-0.2145,-0.0656,0.0636,0.4598,0.1815,14.8961,-0.1591
121.710,-0.0635,-0.0520,-0.6104,-0.2145,-0.0656,0.0476,0.4496,0.1815,14.8961,-0.1591
121.792,-0.0635,-0.0520,-0.6104,-0.2243,-0.0564,0.0552,0.4496,0.1717,14.9060,-0.1592
121.795,-0.0738,-0.0628,-0.6104,-0.2352,-0.0564,0.0552,0.4496,0.1608,14.9060,-0.1592
121.797,-0.0853,-0.0628,-0.6038,-0.2352,-0.0665,0.0552,0.4562,0.1608,14.9060,-0.1592
121.799,-0.0853,-0.0782,-0.6141,-0.2352,-0.0665,0.0388,0.4459,0.1608,14.9060,-0.1592
121.873,-0.0853,-0.0782,-0.6141,-0.2450,-0.0573,0.0465,0.4459,0.1510,14.9159,-0.1593
121.874,-0.0958,-0.0882,-0.6141,-0.2558,-0.0573,0.0465,0.4459,0.1402,14.9159,-0.1593
121.874,-0.1065,-0.0882,-0.6067,-0.2558,-0.0665,0.0465,0.4533,0.1402,14.9159,-0.1593
121.874,-0.1065,-0.1041,-0.6174,-0.2558,-0.0665,0.0295,0.4426,0.1402,14.9159,-0.1593
121.957,-0.1065,-0.1041,-0.6174,-0.2657,-0.0574,0.0372,0.4426,0.1303,14.9258,-0.1594
121.958,-0.1178,-0.1141,-0.6174,-0.2771,-0.0574,0.0372,0.4426,0.1189,14.9258,-0.1594
121.958,-0.1279,-0.1141,-0.6092,-0.2771,-0.0658,0.0372,0.4508,0.1189,14.9258,-0.1594
121.958,-0.1279,-0.1304,-0.6204,-0.2771,-0.0658,0.0199,0.4396,0.1189,14.9258,-0.1594
122.057,-0.1279,-0.1304,-0.6204,-0.2869,-0.0568,0.0276,0.4396,0.1091,14.9357,-0.1595
122.058,-0.1395,-0.1405,-0.6204,-0.2987,-0.0568,0.0276,0.4396,0.0973,14.9357,-0.1595
122.058,-0.1489,-0.1405,-0.6116,-0.2987,-0.0644,0.0276,0.4484,0.0973,14.9357,-0.1595
122.059,-0.1489,-0.1568,-0.6224,-0.2987,-0.0644,0.0103,0.4376,0.0973,14.9357,-0.1595
122.155,-0.1489,-0.1568,-0.6224,-0.3085,-0.0554,0.0181,0.4376,0.0875,14.9457,-0.1596
122.156,-0.1595,-0.1658,-0.6224,-0.3191,-0.0554,0.0181,0.4376,0.0769,14.9457,-0.1596
122.157,-0.1680,-0.1658,-0.6129,-0.3191,-0.0621,0.0181,0.4471,0.0769,14.9457,-0.1596
122.158,-0.1680,-0.1822,-0.6227,-0.3191,-0.0621,0.0011,0.4373,0.0769,14.9457,-0.1596
122.259,-0.1680,-0.1822,-0.6227,-0.3191,-0.0621,0.0011,0.4373,0.0769,14.9457,-0.1596
122.279,-0.1680,-0.1822,-0.6227,-0.3290,-0.0531,0.0089,0.4373,0.0670,14.9556,-0.1597
122.280,-0.1765,-0.1886,-0.6227,-0.3373,-0.0531,0.0089,0.4373,0.0587,14.9556,-0.1597
122.280,-0.1839,-0.1886,-0.6125,-0.3373,-0.0585,0.0089,0.4475,0.0587,14.9556,-0.1597
122.280,-0.1839,-0.2053,-0.6204,-0.3373,-0.0585,-0.0078,0.4396,0.0587,14.9556,-0.1597
122.380,-0.1839,-0.2053,-0.6204,-0.3373,-0.0585,-0.0078,0.4396,0.0587,14.9556,-0.1597
122.400,-0.1839,-0.2053,-0.6204,-0.3472,-0.0496,0.0001,0.4396,0.0488,14.9655,-0.1598
122.400,-0.1904,-0.2086,-0.6204,-0.3530,-0.0496,0.0001,0.4396,0.0430,14.9655,-0.1598
122.405,-0.1968,-0.2086,-0.6097,-0.3530,-0.0540,0.0001,0.4503,0.0430,14.9655,-0.1598
122.405,-0.1968,-0.2256,-0.6148,-0.3530,-0.0540,-0.0162,0.4452,0.0430,14.9655,-0.1598
122.502,-0.1968,-0.2256,-0.6148,-0.3628,-0.0451,-0.0083,0.4452,0.0332,14.9754,-0.1599
122.503,-0.2020,-0.2266,-0.6148,-0.3668,-0.0451,-0.0083,0.4452,0.0292,14.9754,-0.1599
122.505,-0.2078,-0.2266,-0.6038,-0.3668,-0.0488,-0.0083,0.4562,0.0292,14.9754,-0.1599
122.506,-0.2078,-0.2437,-0.6059,-0.3668,-0.0488,-0.0238,0.4541,0.0292,14.9754,-0.1599
122.606,-0.2078,-0.2437,-0.6059,-0.3668,-0.0488,-0.0238,0.4541,0.0292,14.9754,-0.1599
122.613,-0.2078,-0.2437,-0.6059,-0.3767,-0.0400,-0.0160,0.4541,0.0193,14.9854,-0.1600
122.615,-0.2130,-0.2440,-0.6059,-0.3804,-0.0400,-0.0160,0.4541,0.0156,14.9854,-0.1600
122.631,-0.2185,-0.2440,-0.5948,-0.3804,-0.0433,-0.0160,0.4652,0.0156,14.9854,-0.1600
122.632,-0.2185,-0.2609,-0.5941,-0.3804,-0.0433,-0.0306,0.4659,0.0156,14.9854,-0.1600
122.719,-0.2185,-0.2609,-0.5941,-0.3903,-0.0345,-0.0228,0.4659,0.0057,14.9953,-0.1601
122.721,-0.2244,-0.2616,-0.5941,-0.3945,-0.0345,-0.0228,0.4659,0.0015,14.9953,-0.1601
122.723,-0.2296,-0.2616,-0.5826,-0.3945,-0.0374,-0.0228,0.4774,0.0015,14.9953,-0.1601
122.726,-0.2296,-0.2777,-0.5803,-0.3945,-0.0374,-0.0364,0.4797,0.0015,14.9953,-0.1601
122.818,-0.2296,-0.2777,-0.5803,-0.4044,-0.0286,-0.0286,0.4797,-0.0084,15.0052,-0.1602
122.820,-0.2352,-0.2781,-0.5803,-0.4082,-0.0286,-0.0286,0.4797,-0.0122,15.0052,-0.1602
122.822,-0.2400,-0.2781,-0.5684,-0.4082,-0.0309,-0.0286,0.4916,-0.0122,15.0052,-0.1602
122.824,-0.2400,-0.2933,-0.5654,-0.4082,-0.0309,-0.0412,0.4946,-0.0122,15.0052,-0.1602
122.913,-0.2400,-0.2933,-0.5654,-0.4181,-0.0222,-0.0335,0.4946,-0.0221,15.0151,-0.1604
122.915,-0.2440,-0.2919,-0.5654,-0.4201,-0.0222,-0.0335,0.4946,-0.0241,15.0151,-0.1604
122.916,-0.2482,-0.2919,-0.5530,-0.4201,-0.0237,-0.0335,0.5070,-0.0241,15.0151,-0.1604
122.918,-0.2482,-0.3065,-0.5489,-0.4201,-0.0237,-0.0453,0.5111,-0.0241,15.0151,-0.1604
123.025,-0.2482,-0.3065,-0.5489,-0.4201,-0.0237,-0.0453,0.5111,-0.0241,15.0151,-0.1604
123.032,-0.2482,-0.3065,-0.5489,-0.4300,-0.0151,-0.0376,0.5111,-0.0340,15.0251,-0.1605
123.033,-0.2498,-0.3025,-0.5489,-0.4292,-0.0151,-0.0376,0.5111,-0.0332,15.0251,-0.1605
123.034,-0.2534,-0.3025,-0.5359,-0.4292,-0.0158,-0.0376,0.5241,-0.0332,15.0251,-0.1605
123.035,-0.2534,-0.3169,-0.5293,-0.4292,-0.0158,-0.0487,0.5307,-0.0332,15.0251,-0.1605
123.135,-0.2534,-0.3169,-0.5293,-0.4392,-0.0073,-0.0411,0.5307,-0.0432,15.0350,-0.1605
123.136,-0.2533,-0.3108,-0.5293,-0.4362,-0.0073,-0.0411,0.5307,-0.0402,15.0350,-0.1605
123.137,-0.2565,-0.3108,-0.5161,-0.4362,-0.0074,-0.0411,0.5439,-0.0402,15.0350,-0.1605
123.137,-0.2565,-0.3251,-0.5061,-0.4362,-0.0074,-0.0512,0.5539,-0.0402,15.0350,-0.1605
123.212,-0.2565,-0.3251,-0.5061,-0.4461,0.0010,-0.0437,0.5539,-0.0501,15.0449,-0.1606
123.213,-0.2565,-0.3185,-0.5061,-0.4428,0.0010,-0.0437,0.5539,-0.0468,15.0449,-0.1606
123.213,-0.2595,-0.3185,-0.4927,-0.4428,0.0012,-0.0437,0.5673,-0.0468,15.0449,-0.1606
123.215,-0.2595,-0.3319,-0.4805,-0.4428,0.0012,-0.0525,0.5795,-0.0468,15.0449,-0.1606
123.299,-0.2595,-0.3319,-0.4805,-0.4528,0.0095,-0.0451,0.5795,-0.0568,15.0548,-0.1608
123.301,-0.2605,-0.3255,-0.4805,-0.4500,0.0095,-0.0451,0.5795,-0.0540,15.0548,-0.1608
123.302,-0.2636,-0.3255,-0.4671,-0.4500,0.0098,-0.0451,0.5929,-0.0540,15.0548,-0.1608
123.303,-0.2636,-0.3372,-0.4553,-0.4500,0.0098,-0.0524,0.6047,-0.0540,15.0548,-0.1608
123.385,-0.2636,-0.3372,-0.4553,-0.4599,0.0181,-0.0451,0.6047,-0.0639,15.0647,-0.1609
123.387,-0.2653,-0.3308,-0.4553,-0.4574,0.0181,-0.0451,0.6047,-0.0614,15.0647,-0.1609
123.388,-0.2685,-0.3308,-0.4421,-0.4574,0.0184,-0.0451,0.6179,-0.0614,15.0647,-0.1609
123.390,-0.2685,-0.3410,-0.4318,-0.4574,0.0184,-0.0516,0.6282,-0.0614,15.0647,-0.1609
123.476,-0.2685,-0.3410,-0.4318,-0.4673,0.0266,-0.0444,0.6282,-0.0713,15.0747,-0.1610
123.478,-0.2702,-0.3335,-0.4318,-0.4640,0.0266,-0.0444,0.6282,-0.0680,15.0747,-0.1610
123.479,-0.2734,-0.3335,-0.4187,-0.4640,0.0270,-0.0444,0.6413,-0.0680,15.0747,-0.1610
123.481,-0.2734,-0.3428,-0.4090,-0.4640,0.0270,-0.0503,0.6510,-0.0680,15.0747,-0.1610
123.581,-0.2734,-0.3428,-0.4090,-0.4640,0.0270,-0.0503,0.6510,-0.0680,15.0747,-0.1610
123.589,-0.2734,-0.3428,-0.4090,-0.4739,0.0351,-0.0432,0.6510,-0.0779,15.0846,-0.1610
123.590,-0.2744,-0.3333,-0.4090,-0.4687,0.0351,-0.0432,0.6510,-0.0727,15.0846,-0.1610
123.590,-0.2776,-0.3333,-0.3960,-0.4687,0.0357,-0.0432,0.6640,-0.0727,15.0846,-0.1610
123.590,-0.2776,-0.3420,-0.3853,-0.4687,0.0357,-0.0484,0.6747,-0.0727,15.0846,-0.1610
123.691,-0.2776,-0.3420,-0.3853,-0.4687,0.0357,-0.0484,0.6747,-0.0727,15.0846,-0.1610
123.703,-0.2776,-0.3420,-0.3853,-0.4786,0.0437,-0.0414,0.6747,-0.0826,15.0945,-0.1611
123.704,-0.2779,-0.3306,-0.3853,-0.4716,0.0437,-0.0414,0.6747,-0.0756,15.0945,-0.1611
123.705,-0.2811,-0.3306,-0.3723,-0.4716,0.0445,-0.0414,0.6877,-0.0756,15.0945,-0.1611
123.706,-0.2811,-0.3385,-0.3599,-0.4716,0.0445,-0.0456,0.7001,-0.0756,15.0945,-0.1611
123.807,-0.2811,-0.3385,-0.3599,-0.4716,0.0445,-0.0456,0.7001,-0.0756,15.0945,-0.1611
123.839,-0.2811,-0.3385,-0.3599,-0.4814,0.0525,-0.0386,0.7001,-0.0854,15.1044,-0.1613
123.841,-0.2808,-0.3260,-0.3599,-0.4731,0.0525,-0.0386,0.7001,-0.0771,15.1044,-0.1613
123.842,-0.2840,-0.3260,-0.3469,-0.4731,0.0534,-0.0386,0.7131,-0.0771,15.1044,-0.1613
123.845,-0.2840,-0.3327,-0.3337,-0.4731,0.0534,-0.0417,0.7263,-0.0771,15.1044,-0.1613
123.945,-0.2840,-0.3327,-0.3337,-0.4731,0.0534,-0.0417,0.7263,-0.0771,15.1044,-0.1613
123.955,-0.2840,-0.3327,-0.3337,-0.4828,0.0613,-0.0349,0.7263,-0.0868,15.1144,-0.1614
123.957,-0.2832,-0.3202,-0.3337,-0.4740,0.0613,-0.0349,0.7263,-0.0780,15.1144,-0.1614
123.958,-0.2866,-0.3202,-0.3208,-0.4740,0.0623,-0.0349,0.7392,-0.0780,15.1144,-0.1614
123.960,-0.2866,-0.3258,-0.3082,-0.4740,0.0623,-0.0371,0.7342,-0.0780,15.1144,-0.1614
124.061,-0.2866,-0.3258,-0.3082,-0.4740,0.0623,-0.0371,0.7342,-0.0780,15.1144,-0.1614
124.067,-0.2866,-0.3258,-0.3082,-0.4836,0.0702,-0.0304,0.7342,-0.0876,15.1243,-0.1615
124.068,-0.2854,-0.3129,-0.3082,-0.4741,0.0702,-0.0304,0.7471,-0.0781,15.1243,-0.1615
124.069,-0.2890,-0.3129,-0.2953,-0.4741,0.0712,-0.0304,0.7471,-0.0781,15.1243,-0.1615
124.071,-0.2890,-0.3173,-0.2837,-0.4741,0.0712,-0.0319,0.7427,-0.0781,15.1243,-0.1615
124.161,-0.2890,-0.3173,-0.2837,-0.4837,0.0790,-0.0252,0.7427,-0.0877,15.1342,-0.1616
124.163,-0.2874,-0.3033,-0.2837,-0.4728,0.0790,-0.0252,0.7567,-0.0768,15.1342,-0.1616
124.164,-0.2910,-0.3033,-0.2707,-0.4728,0.0801,-0.0252,0.7567,-0.0768,15.1342,-0.1616
124.165,-0.2910,-0.3065,-0.2589,-0.4728,0.0801,-0.0258,0.7535,-0.0768,15.1342,-0.1616
124.260,-0.2910,-0.3065,-0.2589,-0.4823,0.0878,-0.0192,0.7535,-0.0863,15.1441,-0.1617
124.261,-0.2887,-0.2912,-0.2589,-0.4699,0.0878,-0.0192,0.7688,-0.0739,15.1441,-0.1617
124.262,-0.2924,-0.2912,-0.2459,-0.4699,0.0891,-0.0192,0.7676,-0.0739,15.1441,-0.1617
124.264,-0.2924,-0.2934,-0.2329,-0.4699,0.0891,-0.0186,0.7666,-0.0739,15.1441,-0.1617
124.360,-0.2924,-0.2934,-0.2329,-0.4793,0.0967,-0.0121,0.7666,-0.0833,15.1540,-0.1618
124.361,-0.2888,-0.2774,-0.2329,-0.4656,0.0967,-0.0121,0.7712,-0.0696,15.1540,-0.1618
124.363,-0.2928,-0.2774,-0.2198,-0.4656,0.0980,-0.0121,0.7672,-0.0696,15.1540,-0.1618
124.364,-0.2928,-0.2785,-0.2054,-0.4656,0.0980,-0.0104,0.7672,-0.0696,15.1540,-0.1618
124.457,-0.2928,-0.2785,-0.2054,-0.4749,0.1056,-0.0039,0.7672,-0.0789,15.1639,-0.1619
124.460,-0.2879,-0.2625,-0.2054,-0.4605,0.1056,-0.0039,0.7721,-0.0645,15.1639,-0.1619
124.461,-0.2922,-0.2625,-0.1923,-0.4605,0.1068,-0.0039,0.7678,-0.0645,15.1639,-0.1619
124.462,-0.2922,-0.2628,-0.1773,-0.4605,0.1068,-0.0015,0.7678,-0.0645,15.1639,-0.1619
124.550,-0.2922,-0.2628,-0.1773,-0.4696,0.1143,0.0048,0.7678,-0.0736,15.1739,-0.1620
124.553,-0.2861,-0.2468,-0.1773,-0.4546,0.1143,0.0048,0.7739,-0.0586,15.1739,-0.1620
124.555,-0.2907,-0.2468,-0.1644,-0.4546,0.1155,0.0048,0.7693,-0.0586,15.1739,-0.1620
124.556,-0.2907,-0.2465,-0.1497,-0.4546,0.1155,0.0077,0.7693,-0.0586,15.1739,-0.1620
124.657,-0.2907,-0.2465,-0.1497,-0.4546,0.1155,0.0077,0.7693,-0.0586,15.1739,-0.1620
124.729,-0.2907,-0.2465,-0.1497,-0.4637,0.1229,0.0140,0.7693,-0.0677,15.1838,-0.1621
124.731,-0.2835,-0.2305,-0.1497,-0.4482,0.1229,0.0140,0.7765,-0.0522,15.1838,-0.1621
124.733,-0.2884,-0.2305,-0.1369,-0.4482,0.1240,0.0140,0.7716,-0.0522,15.1838,-0.1621
124.735,-0.2884,-0.2295,-0.1223,-0.4482,0.1240,0.0174,0.7716,-0.0522,15.1838,-0.1621
124.835,-0.2884,-0.2295,-0.1223,-0.4482,0.1240,0.0174,0.7716,-0.0522,15.1838,-0.1621
124.844,-0.2884,-0.2295,-0.1223,-0.4572,0.1313,0.0236,0.7716,-0.0612,15.1937,-0.1622
124.846,-0.2804,-0.2134,-0.1223,-0.4413,0.1313,0.0236,0.7796,-0.0453,15.1937,-0.1622
124.848,-0.2855,-0.2134,-0.1096,-0.4413,0.1324,0.0236,0.7745,-0.0453,15.1937,-0.1622
124.849,-0.2855,-0.2115,-0.0945,-0.4413,0.1324,0.0279,0.7745,-0.0453,15.1937,-0.1622
124.934,-0.2855,-0.2115,-0.0945,-0.4502,0.1396,0.0340,0.7745,-0.0542,15.2036,-0.1623
124.937,-0.2766,-0.1953,-0.0945,-0.4338,0.1396,0.0340,0.7834,-0.0378,15.2036,-0.1623
124.939,-0.2820,-0.1953,-0.0819,-0.4338,0.1405,0.0340,0.7780,-0.0378,15.2036,-0.1623
124.941,-0.2820,-0.1926,-0.0659,-0.4338,0.1405,0.0393,0.7780,-0.0378,15.2036,-0.1623
125.024,-0.2820,-0.1926,-0.0659,-0.4426,0.1477,0.0453,0.7780,-0.0466,15.2136,-0.1624
125.026,-0.2722,-0.1763,-0.0659,-0.4259,0.1477,0.0453,0.7878,-0.0299,15.2136,-0.1624
125.027,-0.2779,-0.1763,-0.0536,-0.4259,0.1484,0.0453,0.7821,-0.0299,15.2136,-0.1624
125.027,-0.2779,-0.1729,-0.0372,-0.4259,0.1484,0.0513,0.7821,-0.0299,15.2136,-0.1624
125.100,-0.2779,-0.1729,-0.0372,-0.4346,0.1555,0.0572,0.7821,-0.0386,15.2235,-0.1626
125.101,-0.2678,-0.1566,-0.0372,-0.4177,0.1555,0.0572,0.7922,-0.0217,15.2235,-0.1626
125.102,-0.2737,-0.1566,-0.0250,-0.4177,0.1562,0.0572,0.7863,-0.0217,15.2235,-0.1626
125.104,-0.2737,-0.1528,-0.0090,-0.4177,0.1562,0.0635,0.7863,-0.0217,15.2235,-0.1626
125.183,-0.2737,-0.1528,-0.0090,-0.4264,0.1632,0.0693,0.7863,-0.0304,15.2334,-0.1627
125.184,-0.2635,-0.1364,-0.0090,-0.4092,0.1632,0.0693,0.7965,-0.0132,15.2334,-0.1627
125.186,-0.2696,-0.1364,0.0031,-0.4092,0.1639,0.0693,0.7904,-0.0132,15.2334,-0.1627
125.188,-0.2696,-0.1324,0.0187,-0.4092,0.1639,0.0757,0.7904,-0.0132,15.2334,-0.1627
125.270,-0.2696,-0.1324,0.0187,-0.4179,0.1708,0.0814,0.7904,-0.0219,15.2433,-0.1628
125.271,-0.2594,-0.1158,0.0187,-0.4006,0.1708,0.0814,0.8006,-0.0046,15.2433,-0.1628
125.272,-0.2656,-0.1158,0.0307,-0.4006,0.1715,0.0814,0.7944,-0.0046,15.2433,-0.1628
125.273,-0.2656,-0.1115,0.0463,-0.4006,0.1715,0.0881,0.7944,-0.0046,15.2433,-0.1628
125.343,-0.2656,-0.1115,0.0463,-0.4092,0.1783,0.0938,0.7944,-0.0132,15.2532,-0.1629
125.344,-0.2555,-0.0947,0.0463,-0.3916,0.1783,0.0938,0.8045,0.0044,15.2532,-0.1629
125.345,-0.2620,-0.0947,0.0581,-0.3916,0.1789,0.0938,0.7980,0.0044,15.2532,-0.1629
125.346,-0.2620,-0.0899,0.0742,-0.3916,0.1789,0.1009,0.7980,0.0044,15.2532,-0.1629
125.440,-0.2620,-0.0899,0.0742,-0.4001,0.1856,0.1066,0.7980,-0.0041,15.2632,-0.1630
125.441,-0.2516,-0.0730,0.0742,-0.3823,0.1856,0.1066,0.8084,0.0137,15.2632,-0.1630
125.446,-0.2582,-0.0730,0.0859,-0.3823,0.1862,0.1066,0.8018,0.0137,15.2632,-0.1630
125.446,-0.2582,-0.0677,0.1024,-0.3823,0.1862,0.1143,0.8018,0.0137,15.2632,-0.1630
125.518,-0.2582,-0.0677,0.1024,-0.3908,0.1928,0.1198,0.8018,0.0052,15.2731,-0.1631
125.519,-0.2473,-0.0507,0.1024,-0.3728,0.1928,0.1198,0.8127,0.0232,15.2731,-0.1631
125.520,-0.2542,-0.0507,0.1141,-0.3728,0.1933,0.1198,0.8058,0.0232,15.2731,-0.1631
125.520,-0.2542,-0.0450,0.1306,-0.3728,0.1933,0.1279,0.8058,0.0232,15.2731,-0.1631
125.591,-0.2542,-0.0450,0.1306,-0.3812,0.1999,0.1334,0.8058,0.0148,15.2830,-0.1632
125.592,-0.2429,-0.0280,0.1306,-0.3630,0.1999,0.1334,0.8171,0.0330,15.2830,-0.1632
125.593,-0.2500,-0.0280,0.1421,-0.3630,0.2003,0.1334,0.8100,0.0330,15.2830,-0.1632
125.594,-0.2500,-0.0220,0.1585,-0.3630,0.2003,0.1418,0.8100,0.0330,15.2830,-0.1632
125.673,-0.2500,-0.0220,0.1585,-0.3714,0.2068,0.1472,0.8100,0.0246,15.2929,-0.1633
125.676,-0.2383,-0.0052,0.1585,-0.3532,0.2068,0.1472,0.8217,0.0428,15.2929,-0.1633
125.678,-0.2456,-0.0052,0.1700,-0.3532,0.2073,0.1472,0.8144,0.0428,15.2929,-0.1633
125.680,-0.2456,0.0011,0.1865,-0.3532,0.2073,0.1559,0.8144,0.0428,15.2929,-0.1633
125.780,-0.2456,0.0011,0.1865,-0.3532,0.2073,0.1559,0.8144,0.0428,15.2929,-0.1633
125.797,-0.2456,0.0011,0.1865,-0.3616,0.2137,0.1612,0.8144,0.0344,15.3029,-0.1634
125.797,-0.2335,0.0177,0.1865,-0.3435,0.2137,0.1612,0.8265,0.0525,15.3029,-0.1634
125.797,-0.2409,0.0177,0.1979,-0.3435,0.2142,0.1612,0.8191,0.0525,15.3029,-0.1634
125.797,-0.2409,0.0242,0.2147,-0.3435,0.2142,0.1703,0.8191,0.0525,15.3029,-0.1634
125.898,-0.2409,0.0242,0.2147,-0.3435,0.2142,0.1703,0.8191,0.0525,15.3029,-0.1634
125.906,-0.2409,0.0242,0.2147,-0.3519,0.2205,0.1756,0.8191,0.0441,15.3128,-0.1635
125.906,-0.2283,0.0406,0.2147,-0.3337,0.2205,0.1756,0.8317,0.0623,15.3128,-0.1635
125.907,-0.2359,0.0406,0.2261,-0.3337,0.2209,0.1756,0.8241,0.0623,15.3128,-0.1635
125.907,-0.2359,0.0473,0.2433,-0.3337,0.2209,0.1848,0.8241,0.0623,15.3128,-0.1635
125.979,-0.2359,0.0473,0.2433,-0.3421,0.2272,0.1900,0.8241,0.0539,15.3227,-0.1636
125.979,-0.2227,0.0635,0.2433,-0.3238,0.2272,0.1900,0.8373,0.0722,15.3227,-0.1636
125.980,-0.2307,0.0635,0.2543,-0.3238,0.2273,0.1900,0.8293,0.0722,15.3227,-0.1636
125.980,-0.2307,0.0699,0.2715,-0.3238,0.2273,0.1991,0.8293,0.0722,15.3227,-0.1636
126.071,-0.2307,0.0699,0.2715,-0.3322,0.2335,0.2042,0.8293,0.0638,15.3326,-0.1637
126.071,-0.2168,0.0854,0.2715,-0.3143,0.2335,0.2042,0.8432,0.0817,15.3326,-0.1637
126.072,-0.2251,0.0854,0.2823,-0.3143,0.2335,0.2042,0.8349,0.0817,15.3326,-0.1637
126.077,-0.2251,0.0912,0.2991,-0.3143,0.2335,0.2128,0.8349,0.0817,15.3326,-0.1637
126.157,-0.2251,0.0912,0.2991,-0.3226,0.2396,0.2179,0.8349,0.0734,15.3426,-0.1638
126.157,-0.2104,0.1052,0.2991,-0.3057,0.2396,0.2179,0.8496,0.0903,15.3426,-0.1638
126.161,-0.2188,0.1052,0.3099,-0.3057,0.2396,0.2179,0.8412,0.0903,15.3426,-0.1638
126.162,-0.2188,0.1105,0.3263,-0.3057,0.2396,0.2260,0.8412,0.0903,15.3426,-0.1638
126.255,-0.2188,0.1105,0.3263,-0.3141,0.2456,0.2310,0.8412,0.0819,15.3525,-0.1640
126.256,-0.2029,0.1231,0.3263,-0.2980,0.2456,0.2310,0.8571,0.0980,15.3525,-0.1640
126.257,-0.2113,0.1231,0.3368,-0.2980,0.2456,0.2310,0.8487,0.0980,15.3525,-0.1640
126.259,-0.2113,0.1279,0.3528,-0.2980,0.2456,0.2387,0.8487,0.0980,15.3525,-0.1640
126.359,-0.2113,0.1279,0.3528,-0.2980,0.2456,0.2387,0.8487,0.0980,15.3525,-0.1640
126.383,-0.2113,0.1279,0.3528,-0.3064,0.2515,0.2437,0.8487,0.0896,15.3624,-0.1641
126.384,-0.1944,0.1394,0.3528,-0.2908,0.2515,0.2437,0.8656,0.1052,15.3624,-0.1641
126.385,-0.2030,0.1394,0.3631,-0.2908,0.2512,0.2437,0.8570,0.1052,15.3624,-0.1641
126.385,-0.2030,0.1436,0.3788,-0.2908,0.2512,0.2509,0.8570,0.1052,15.3624,-0.1641
126.466,-0.2030,0.1436,0.3788,-0.2992,0.2571,0.2558,0.8570,0.0968,15.3723,-0.1642
126.467,-0.1857,0.1544,0.3788,-0.2840,0.2571,0.2558,0.8743,0.1120,15.3723,-0.1642
126.469,-0.1947,0.1544,0.3888,-0.2840,0.2566,0.2558,0.8653,0.1120,15.3723,-0.1642
126.470,-0.1947,0.1573,0.4038,-0.2840,0.2566,0.2620,0.8653,0.1120,15.3723,-0.1642
126.570,-0.1947,0.1573,0.4038,-0.2840,0.2566,0.2620,0.8653,0.1120,15.3723,-0.1642
126.574,-0.1947,0.1573,0.4038,-0.2925,0.2624,0.2669,0.8653,0.1035,15.3822,-0.1642
126.575,-0.1778,0.1674,0.4038,-0.2779,0.2624,0.2669,0.8822,0.1181,15.3822,-0.1642
126.576,-0.1870,0.1674,0.4135,-0.2779,0.2616,0.2669,0.8730,0.1181,15.3822,-0.1642
126.576,-0.1870,0.1684,0.4275,-0.2779,0.2616,0.2715,0.8730,0.1181,15.3822,-0.1642
126.677,-0.1870,0.1684,0.4275,-0.2779,0.2616,0.2715,0.8730,0.1181,15.3822,-0.1642
126.693,-0.1870,0.1684,0.4275,-0.2864,0.2673,0.2762,0.8730,0.1096,15.3922,-0.1643
126.697,-0.1702,0.1775,0.4275,-0.2726,0.2673,0.2762,0.8898,0.1234,15.3922,-0.1643
126.698,-0.1796,0.1775,0.4371,-0.2726,0.2665,0.2762,0.8804,0.1234,15.3922,-0.1643
126.698,-0.1796,0.1769,0.4501,-0.2726,0.2665,0.2794,0.8804,0.1234,15.3922,-0.1643
126.798,-0.1796,0.1769,0.4501,-0.2726,0.2665,0.2794,0.8804,0.1234,15.3922,-0.1643
126.812,-0.1796,0.1769,0.4501,-0.2812,0.2721,0.2841,0.8804,0.1148,15.4021,-0.1644
126.813,-0.1618,0.1843,0.4501,-0.2682,0.2721,0.2841,0.8982,0.1278,15.4021,-0.1644
126.813,-0.1712,0.1843,0.4595,-0.2682,0.2713,0.2841,0.8888,0.1278,15.4021,-0.1644
126.814,-0.1712,0.1831,0.4716,-0.2682,0.2713,0.2866,0.8888,0.1278,15.4021,-0.1644
126.914,-0.1712,0.1831,0.4716,-0.2682,0.2713,0.2866,0.8888,0.1278,15.4021,-0.1644
126.931,-0.1712,0.1831,0.4716,-0.2768,0.2768,0.2912,0.8888,0.1192,15.4120,-0.1645
126.932,-0.1520,0.1888,0.4716,-0.2645,0.2768,0.2912,0.9080,0.1315,15.4120,-0.1645
126.932,-0.1616,0.1888,0.4805,-0.2645,0.2757,0.2912,0.8984,0.1315,15.4120,-0.1645
126.932,-0.1616,0.1868,0.4915,-0.2645,0.2757,0.2930,0.8984,0.1315,15.4120,-0.1645
127.029,-0.1616,0.1868,0.4915,-0.2732,0.2811,0.2976,0.8984,0.1228,15.4219,-0.1646
127.031,-0.1419,0.1916,0.4915,-0.2612,0.2811,0.2976,0.9181,0.1348,15.4219,-0.1646
127.032,-0.1521,0.1916,0.4998,-0.2612,0.2794,0.2976,0.9079,0.1348,15.4219,-0.1646
127.034,-0.1521,0.1877,0.5088,-0.2612,0.2794,0.2975,0.9079,0.1348,15.4219,-0.1646
127.135,-0.1521,0.1877,0.5088,-0.2612,0.2794,0.2975,0.9079,0.1348,15.4219,-0.1646
127.166,-0.1521,0.1877,0.5088,-0.2701,0.2848,0.3020,0.9079,0.1259,15.4319,-0.1647
127.167,-0.1332,0.1922,0.5088,-0.2583,0.2848,0.3020,0.9268,0.1377,15.4319,-0.1647
127.168,-0.1439,0.1922,0.5162,-0.2583,0.2823,0.3020,0.9161,0.1377,15.4319,-0.1647
127.169,-0.1439,0.1853,0.5221,-0.2583,0.2823,0.2988,0.9161,0.1377,15.4319,-0.1647
127.264,-0.1439,0.1853,0.5221,-0.2672,0.2876,0.3032,0.9161,0.1288,15.4418,-0.1648
127.266,-0.1258,0.1894,0.5221,-0.2559,0.2876,0.3032,0.9342,0.1401,15.4418,-0.1648
127.266,-0.1372,0.1894,0.5287,-0.2559,0.2843,0.3032,0.9228,0.1401,15.4418,-0.1648
127.267,-0.1372,0.1798,0.5316,-0.2559,0.2843,0.2973,0.9228,0.1401,15.4418,-0.1648
127.367,-0.1372,0.1798,0.5316,-0.2559,0.2843,0.2973,0.9228,0.1401,15.4418,-0.1648
127.376,-0.1372,0.1798,0.5316,-0.2649,0.2896,0.3016,0.9228,0.1311,15.4517,-0.1650
127.377,-0.1190,0.1833,0.5316,-0.2539,0.2896,0.3016,0.9410,0.1421,15.4517,-0.1650
127.379,-0.1308,0.1833,0.5376,-0.2539,0.2859,0.3016,0.9292,0.1421,15.4517,-0.1650
127.380,-0.1308,0.1724,0.5387,-0.2539,0.2859,0.2943,0.9292,0.1421,15.4517,-0.1650
127.464,-0.1308,0.1724,0.5387,-0.2629,0.2910,0.2985,0.9292,0.1331,15.4616,-0.1651
127.465,-0.1120,0.1754,0.5387,-0.2519,0.2910,0.2985,0.9480,0.1441,15.4616,-0.1651
127.466,-0.1240,0.1754,0.5440,-0.2519,0.2869,0.2985,0.9360,0.1441,15.4616,-0.1651
127.466,-0.1240,0.1646,0.5447,-0.2519,0.2869,0.2913,0.9360,0.1441,15.4616,-0.1651
127.529,-0.1240,0.1646,0.5447,-0.2610,0.2920,0.2955,0.9360,0.1350,15.4715,-0.1652
127.530,-0.1047,0.1680,0.5447,-0.2492,0.2920,0.2955,0.9553,0.1468,15.4715,-0.1652
127.533,-0.1173,0.1680,0.5490,-0.2492,0.2870,0.2955,0.9427,0.1468,15.4715,-0.1652
127.534,-0.1173,0.1569,0.5492,-0.2492,0.2870,0.2879,0.9427,0.1468,15.4715,-0.1652
127.609,-0.1173,0.1569,0.5492,-0.2583,0.2920,0.2921,0.9427,0.1377,15.4815,-0.1653
127.610,-0.0977,0.1610,0.5492,-0.2456,0.2920,0.2921,0.9623,0.1504,15.4815,-0.1653
127.611,-0.1109,0.1610,0.5524,-0.2456,0.2862,0.2921,0.9491,0.1504,15.4815,-0.1653
127.612,-0.1109,0.1490,0.5510,-0.2456,0.2862,0.2834,0.9491,0.1504,15.4815,-0.1653
127.686,-0.1109,0.1490,0.5510,-0.2548,0.2911,0.2876,0.9491,0.1412,15.4914,-0.1654
127.687,-0.0916,0.1536,0.5510,-0.2415,0.2911,0.2876,0.9684,0.1545,15.4914,-0.1654
127.688,-0.1054,0.1536,0.5533,-0.2415,0.2845,0.2876,0.9546,0.1545,15.4914,-0.1654
127.691,-0.1054,0.1405,0.5497,-0.2415,0.2845,0.2774,0.9546,0.1545,15.4914,-0.1654
127.767,-0.1054,0.1405,0.5497,-0.2508,0.2894,0.2815,0.9546,0.1452,15.5013,-0.1655
127.768,-0.0866,0.1451,0.5497,-0.2376,0.2894,0.2815,0.9734,0.1584,15.5013,-0.1655
127.768,-0.1009,0.1451,0.5510,-0.2376,0.2820,0.2815,0.9591,0.1584,15.5013,-0.1655
127.769,-0.1009,0.1313,0.5457,-0.2376,0.2820,0.2702,0.9591,0.1584,15.5013,-0.1655
127.869,-0.1009,0.1313,0.5457,-0.2376,0.2820,0.2702,0.9591,0.1584,15.5013,-0.1655
127.874,-0.1009,0.1313,0.5457,-0.2469,0.2868,0.2743,0.9591,0.1491,15.5112,-0.1656
127.876,-0.0827,0.1357,0.5457,-0.2341,0.2868,0.2743,0.9773,0.1619,15.5112,-0.1656
127.878,-0.0977,0.1357,0.5458,-0.2341,0.2784,0.2743,0.9623,0.1619,15.5112,-0.1656
127.880,-0.0977,0.1220,0.5404,-0.2341,0.2784,0.2631,0.9623,0.1619,15.5112,-0.1656
127.957,-0.0977,0.1220,0.5404,-0.2435,0.2831,0.2672,0.9623,0.1525,15.5211,-0.1657
127.959,-0.0797,0.1261,0.5404,-0.2309,0.2831,0.2672,0.9803,0.1651,15.5211,-0.1657
127.962,-0.0951,0.1261,0.5397,-0.2309,0.2742,0.2672,0.9649,0.1651,15.5211,-0.1657
127.964,-0.0951,0.1125,0.5349,-0.2309,0.2742,0.2564,0.9649,0.1651,15.5211,-0.1657
128.055,-0.0951,0.1125,0.5349,-0.2404,0.2788,0.2605,0.9649,0.1556,15.5311,-0.1658
128.058,-0.0769,0.1165,0.5349,-0.2277,0.2788,0.2605,0.9831,0.1683,15.5311,-0.1658
128.060,-0.0926,0.1165,0.5333,-0.2277,0.2692,0.2605,0.9674,0.1683,15.5311,-0.1658
128.062,-0.0926,0.1029,0.5291,-0.2277,0.2692,0.2500,0.9674,0.1683,15.5311,-0.1658
128.163,-0.0926,0.1029,0.5291,-0.2277,0.2692,0.2500,0.9674,0.1683,15.5311,-0.1658
128.180,-0.0926,0.1029,0.5291,-0.2372,0.2738,0.2541,0.9674,0.1588,15.5410,-0.1659
128.183,-0.0742,0.1071,0.5291,-0.2240,0.2738,0.2541,0.9858,0.1720,15.5410,-0.1659
128.185,-0.0906,0.1071,0.5262,-0.2240,0.2632,0.2541,0.9694,0.1720,15.5410,-0.1659
128.188,-0.0906,0.0934,0.5222,-0.2240,0.2632,0.2437,0.9694,0.1720,15.5410,-0.1659
128.274,-0.0906,0.0934,0.5222,-0.2335,0.2677,0.2477,0.9694,0.1625,15.5509,-0.1660
128.275,-0.0720,0.0978,0.5222,-0.2200,0.2677,0.2477,0.9880,0.1760,15.5509,-0.1660
128.275,-0.0893,0.0978,0.5181,-0.2200,0.2560,0.2477,0.9707,0.1760,15.5509,-0.1660
128.275,-0.0893,0.0842,0.5137,-0.2200,0.2560,0.2373,0.9707,0.1760,15.5509,-0.1660
128.363,-0.0893,0.0842,0.5137,-0.2296,0.2605,0.2412,0.9707,0.1664,15.5608,-0.1661
128.364,-0.0708,0.0885,0.5137,-0.2160,0.2605,0.2412,0.9892,0.1800,15.5608,-0.1661
128.366,-0.0888,0.0885,0.5086,-0.2160,0.2478,0.2412,0.9712,0.1800,15.5608,-0.1661
128.368,-0.0888,0.0749,0.5041,-0.2160,0.2478,0.2309,0.9712,0.1800,15.5608,-0.1661
128.462,-0.0888,0.0749,0.5041,-0.2257,0.2523,0.2348,0.9712,0.1703,15.5708,-0.1663
128.463,-0.0704,0.0787,0.5041,-0.2125,0.2523,0.2348,0.9896,0.1835,15.5708,-0.1663
128.465,-0.0883,0.0787,0.4988,-0.2125,0.2396,0.2348,0.9717,0.1835,15.5708,-0.1663
128.467,-0.0883,0.0649,0.4944,-0.2125,0.2396,0.2244,0.9717,0.1835,15.5708,-0.1663
128.562,-0.0883,0.0649,0.4944,-0.2222,0.2440,0.2284,0.9717,0.1738,15.5807,-0.1664
128.564,-0.0700,0.0680,0.4944,-0.2093,0.2440,0.2284,0.9900,0.1867,15.5807,-0.1664
128.578,-0.0875,0.0680,0.4891,-0.2093,0.2315,0.2284,0.9725,0.1867,15.5807,-0.1664
128.580,-0.0875,0.0537,0.4845,-0.2093,0.2315,0.2176,0.9725,0.1867,15.5807,-0.1664
128.680,-0.0875,0.0537,0.4845,-0.2093,0.2315,0.2176,0.9725,0.1867,15.5807,-0.1664
128.686,-0.0875,0.0537,0.4845,-0.2190,0.2359,0.2215,0.9725,0.1770,15.5906,-0.1665
128.694,-0.0690,0.0565,0.4845,-0.2061,0.2359,0.2215,0.9910,0.1899,15.5906,-0.1665
128.694,-0.0868,0.0565,0.4785,-0.2061,0.2229,0.2215,0.9732,0.1899,15.5906,-0.1665
128.696,-0.0868,0.0414,0.4732,-0.2061,0.2229,0.2101,0.9732,0.1899,15.5906,-0.1665
128.796,-0.0868,0.0414,0.4732,-0.2061,0.2229,0.2101,0.9732,0.1899,15.5906,-0.1665
128.800,-0.0868,0.0414,0.4732,-0.2159,0.2272,0.2140,0.9732,0.1801,15.6005,-0.1666
128.801,-0.0678,0.0445,0.4732,-0.2024,0.2272,0.2140,0.9922,0.1936,15.6005,-0.1666
128.802,-0.0865,0.0445,0.4657,-0.2024,0.2129,0.2140,0.9735,0.1936,15.6005,-0.1666
128.804,-0.0865,0.0288,0.4592,-0.2024,0.2129,0.2016,0.9735,0.1936,15.6005,-0.1666
128.889,-0.0865,0.0288,0.4592,-0.2122,0.2172,0.2055,0.9735,0.1838,15.6104,-0.1667
128.890,-0.0671,0.0323,0.4592,-0.1980,0.2172,0.2055,0.9929,0.1980,15.6104,-0.1667
128.895,-0.0866,0.0323,0.4504,-0.1980,0.2018,0.2055,0.9734,0.1980,15.6104,-0.1667
128.896,-0.0866,0.0159,0.4425,-0.1980,0.2018,0.1921,0.9734,0.1980,15.6104,-0.1667
128.987,-0.0866,0.0159,0.4425,-0.2078,0.2061,0.1960,0.9734,0.1882,15.6204,-0.1668
128.989,-0.0670,0.0199,0.4425,-0.1931,0.2061,0.1960,0.9930,0.2029,15.6204,-0.1668
128.990,-0.0865,0.0199,0.4332,-0.1931,0.1904,0.1960,0.9735,0.2029,15.6204,-0.1668
128.995,-0.0865,0.0029,0.4244,-0.1931,0.1904,0.1818,0.9735,0.2029,15.6204,-0.1668
129.088,-0.0865,0.0029,0.4244,-0.2030,0.1947,0.1856,0.9735,0.1930,15.6303,-0.1669
129.089,-0.0669,0.0071,0.4244,-0.1881,0.1947,0.1856,0.9931,0.2079,15.6303,-0.1669
129.093,-0.0855,0.0071,0.4156,-0.1881,0.1798,0.1856,0.9745,0.2079,15.6303,-0.1669
129.093,-0.0855,-0.0102,0.4059,-0.1881,0.1798,0.1709,0.9745,0.2079,15.6303,-0.1669
129.193,-0.0855,-0.0102,0.4059,-0.1881,0.1798,0.1709,0.9745,0.2079,15.6303,-0.1669
129.195,-0.0855,-0.0102,0.4059,-0.1980,0.1840,0.1747,0.9745,0.1980,15.6402,-0.1670
129.195,-0.0663,-0.0060,0.4059,-0.1832,0.1840,0.1747,0.9937,0.2128,15.6402,-0.1670
129.196,-0.0841,-0.0060,0.3976,-0.1832,0.1698,0.1747,0.9759,0.2128,15.6402,-0.1670
129.196,-0.0841,-0.0236,0.3864,-0.1832,0.1698,0.1590,0.9759,0.2128,15.6402,-0.1670
129.269,-0.0841,-0.0236,0.3864,-0.1931,0.1740,0.1629,0.9759,0.2029,15.6501,-0.1671
129.273,-0.0652,-0.0192,0.3864,-0.1784,0.1740,0.1629,0.9948,0.2176,15.6501,-0.1671
129.273,-0.0832,-0.0192,0.3773,-0.1784,0.1593,0.1629,0.9768,0.2176,15.6501,-0.1671
129.273,-0.0832,-0.0369,0.3648,-0.1784,0.1593,0.1464,0.9768,0.2176,15.6501,-0.1671
129.356,-0.0832,-0.0369,0.3648,-0.1882,0.1634,0.1503,0.9768,0.2078,15.6601,-0.1672
129.357,-0.0647,-0.0320,0.3648,-0.1734,0.1634,0.1503,0.9953,0.2226,15.6601,-0.1672
129.360,-0.0842,-0.0320,0.3536,-0.1734,0.1467,0.1503,0.9758,0.2226,15.6601,-0.1672
129.360,-0.0842,-0.0495,0.3399,-0.1734,0.1467,0.1332,0.9758,0.2226,15.6601,-0.1672
129.461,-0.0842,-0.0495,0.3399,-0.1734,0.1467,0.1332,0.9758,0.2226,15.6601,-0.1672
129.461,-0.0842,-0.0495,0.3399,-0.1833,0.1509,0.1371,0.9758,0.2127,15.6700,-0.1673
129.463,-0.0660,-0.0437,0.3399,-0.1680,0.1509,0.1371,0.9940,0.2280,15.6700,-0.1673
129.464,-0.0863,-0.0437,0.3272,-0.1680,0.1328,0.1371,0.9737,0.2280,15.6700,-0.1673
129.476,-0.0863,-0.0606,0.3132,-0.1680,0.1328,0.1201,0.9737,0.2280,15.6700,-0.1673
129.576,-0.0863,-0.0606,0.3132,-0.1680,0.1328,0.1201,0.9737,0.2280,15.6700,-0.1673
129.584,-0.0863,-0.0606,0.3132,-0.1779,0.1370,0.1241,0.9737,0.2181,15.6799,-0.1674
129.586,-0.0684,-0.0539,0.3132,-0.1622,0.1370,0.1241,0.9916,0.2338,15.6799,-0.1674
129.589,-0.0877,-0.0539,0.3006,-0.1622,0.1195,0.1241,0.9723,0.2338,15.6799,-0.1674
129.591,-0.0877,-0.0701,0.2865,-0.1622,0.1195,0.1074,0.9723,0.2338,15.6799,-0.1674
129.679,-0.0877,-0.0701,0.2865,-0.1721,0.1237,0.1114,0.9723,0.2239,15.6898,-0.1676
129.681,-0.0700,-0.0627,0.2865,-0.1562,0.1237,0.1114,0.9900,0.2398,15.6898,-0.1676
129.684,-0.0879,-0.0627,0.2745,-0.1562,0.1072,0.1114,0.9721,0.2398,15.6898,-0.1676
129.687,-0.0879,-0.0785,0.2602,-0.1562,0.1072,0.0948,0.9721,0.2398,15.6898,-0.1676
129.782,-0.0879,-0.0785,0.2602,-0.1661,0.1114,0.0989,0.9721,0.2299,15.6998,-0.1677
129.783,-0.0705,-0.0705,0.2602,-0.1500,0.1114,0.0989,0.9895,0.2460,15.6998,-0.1677
129.783,-0.0880,-0.0705,0.2481,-0.1500,0.0951,0.0989,0.9720,0.2460,15.6998,-0.1677
129.783,-0.0880,-0.0859,0.2334,-0.1500,0.0951,0.0821,0.9720,0.2460,15.6998,-0.1677
129.864,-0.0880,-0.0859,0.2334,-0.1600,0.0993,0.0863,0.9720,0.2360,15.7097,-0.1678
129.866,-0.0710,-0.0771,0.2334,-0.1437,0.0993,0.0863,0.9829,0.2523,15.7097,-0.1678
129.868,-0.0888,-0.0771,0.2204,-0.1437,0.0822,0.0863,0.9712,0.2523,15.7097,-0.1678
129.869,-0.0888,-0.0921,0.2053,-0.1437,0.0822,0.0695,0.9679,0.2523,15.7097,-0.1678
129.954,-0.0888,-0.0921,0.2053,-0.1537,0.0864,0.0738,0.9679,0.2423,15.7196,-0.1678
129.958,-0.0724,-0.0823,0.2053,-0.1373,0.0864,0.0738,0.9777,0.2587,15.7196,-0.1678
129.958,-0.0903,-0.0823,0.1912,-0.1373,0.0686,0.0738,0.9697,0.2587,15.7196,-0.1678
129.958,-0.0903,-0.0967,0.1760,-0.1373,0.0686,0.0572,0.9633,0.2587,15.7196,-0.1678
130.059,-0.0903,-0.0967,0.1760,-0.1373,0.0686,0.0572,0.9633,0.2587,15.7196,-0.1678
130.095,-0.0903,-0.0967,0.1760,-0.1472,0.0729,0.0616,0.9633,0.2488,15.7295,-0.1679
130.095,-0.0745,-0.0859,0.1760,-0.1307,0.0729,0.0616,0.9741,0.2653,15.7295,-0.1679
130.095,-0.0912,-0.0859,0.1618,-0.1307,0.0556,0.0616,0.9688,0.2653,15.7295,-0.1679
130.096,-0.0912,-0.0997,0.1465,-0.1307,0.0556,0.0452,0.9603,0.2653,15.7295,-0.1679
130.197,-0.0912,-0.0997,0.1465,-0.1307,0.0556,0.0452,0.9603,0.2653,15.7295,-0.1679
130.209,-0.0912,-0.0997,0.1465,-0.1406,0.0600,0.0497,0.9603,0.2554,15.7394,-0.1681
130.211,-0.0759,-0.0879,0.1465,-0.1239,0.0600,0.0497,0.9721,0.2721,15.7394,-0.1681
130.211,-0.0906,-0.0879,0.1328,-0.1239,0.0440,0.0497,0.9694,0.2721,15.7394,-0.1681
130.212,-0.0906,-0.1012,0.1173,-0.1239,0.0440,0.0334,0.9588,0.2721,15.7394,-0.1681
130.295,-0.0906,-0.1012,0.1173,-0.1338,0.0485,0.0380,0.9588,0.2622,15.7494,-0.1682
130.296,-0.0755,-0.0883,0.1173,-0.1168,0.0485,0.0380,0.9717,0.2792,15.7494,-0.1682
130.296,-0.0879,-0.0883,0.1040,-0.1168,0.0340,0.0380,0.9717,0.2792,15.7494,-0.1682
130.296,-0.0879,-0.1010,0.0885,-0.1168,0.0340,0.0220,0.9590,0.2792,15.7494,-0.1682
130.393,-0.0879,-0.1010,0.0885,-0.1267,0.0385,0.0267,0.9590,0.2693,15.7593,-0.1683
130.395,-0.0731,-0.0874,0.0885,-0.1096,0.0385,0.0267,0.9726,0.2864,15.7593,-0.1683
130.396,-0.0837,-0.0874,0.0750,-0.1096,0.0249,0.0267,0.9726,0.2864,15.7593,-0.1683
130.398,-0.0837,-0.0991,0.0595,-0.1096,0.0249,0.0113,0.9609,0.2864,15.7593,-0.1683
130.491,-0.0837,-0.0991,0.0595,-0.1195,0.0295,0.0161,0.9609,0.2765,15.7692,-0.1683
130.492,-0.0691,-0.0849,0.0595,-0.1023,0.0295,0.0161,0.9751,0.2937,15.7692,-0.1683
130.492,-0.0784,-0.0849,0.0459,-0.1023,0.0165,0.0161,0.9751,0.2937,15.7692,-0.1683
130.494,-0.0784,-0.0954,0.0307,-0.1023,0.0165,0.0014,0.9646,0.2937,15.7692,-0.1683
130.582,-0.0784,-0.0954,0.0307,-0.1122,0.0213,0.0064,0.9646,0.2838,15.7791,-0.1684
130.584,-0.0642,-0.0806,0.0307,-0.0950,0.0213,0.0064,0.9794,0.3010,15.7791,-0.1684
130.586,-0.0720,-0.0806,0.0174,-0.0950,0.0094,0.0064,0.9794,0.3010,15.7791,-0.1684
130.589,-0.0720,-0.0899,0.0025,-0.0950,0.0094,-0.0073,0.9701,0.3010,15.7791,-0.1684
130.656,-0.0720,-0.0899,0.0025,-0.1049,0.0143,-0.0023,0.9701,0.2911,15.7891,-0.1685
130.658,-0.0580,-0.0745,0.0025,-0.0876,0.0143,-0.0023,0.9855,0.3084,15.7891,-0.1685
130.679,-0.0636,-0.0745,-0.0102,-0.0876,0.0040,-0.0023,0.9855,0.3084,15.7891,-0.1685
130.680,-0.0636,-0.0827,-0.0245,-0.0876,0.0040,-0.0150,0.9773,0.3084,15.7891,-0.1685
130.774,-0.0636,-0.0827,-0.0245,-0.0975,0.0090,-0.0098,0.9773,0.2985,15.7990,-0.1687
130.774,-0.0500,-0.0669,-0.0245,-0.0804,0.0090,-0.0098,0.9931,0.3156,15.7990,-0.1687
130.775,-0.0530,-0.0669,-0.0367,-0.0804,0.0006,-0.0098,0.9931,0.3156,15.7990,-0.1687
130.776,-0.0530,-0.0740,-0.0498,-0.0804,0.0006,-0.0212,0.9860,0.3156,15.7990,-0.1687
130.876,-0.0530,-0.0740,-0.0498,-0.0804,0.0006,-0.0212,0.9860,0.3156,15.7990,-0.1687
130.892,-0.0530,-0.0740,-0.0498,-0.0903,0.0059,-0.0159,0.9860,0.3057,15.8089,-0.1688
130.892,-0.0396,-0.0579,-0.0498,-0.0732,0.0059,-0.0159,1.0021,0.3228,15.8089,-0.1688
130.893,-0.0408,-0.0579,-0.0616,-0.0732,-0.0011,-0.0159,0.9984,0.3228,15.8089,-0.1688
130.893,-0.0408,-0.0642,-0.0737,-0.0732,-0.0011,-0.0263,0.9863,0.3228,15.8089,-0.1688
130.982,-0.0408,-0.0642,-0.0737,-0.0831,0.0043,-0.0208,0.9863,0.3129,15.8188,-0.1689
130.982,-0.0270,-0.0475,-0.0737,-0.0656,0.0043,-0.0208,0.9863,0.3304,15.8188,-0.1689
130.983,-0.0265,-0.0475,-0.0848,-0.0656,-0.0011,-0.0208,0.9752,0.3304,15.8188,-0.1689
130.983,-0.0265,-0.0532,-0.0962,-0.0656,-0.0011,-0.0304,0.9638,0.3304,15.8188,-0.1689
131.057,-0.0265,-0.0532,-0.0962,-0.0755,0.0045,-0.0247,0.9638,0.3205,15.8288,-0.1690
131.057,-0.0128,-0.0364,-0.0962,-0.0581,0.0045,-0.0247,0.9638,0.3379,15.8288,-0.1690
131.057,-0.0097,-0.0364,-0.1063,-0.0581,0.0013,-0.0247,0.9537,0.3379,15.8288,-0.1690
131.058,-0.0097,-0.0410,-0.1173,-0.0581,0.0013,-0.0333,0.9427,0.3379,15.8288,-0.1690
131.158,-0.0097,-0.0410,-0.1173,-0.0581,0.0013,-0.0333,0.9427,0.3379,15.8288,-0.1690
131.174,-0.0097,-0.0410,-0.1173,-0.0680,0.0071,-0.0275,0.9427,0.3280,15.8387,-0.1690
131.175,0.0037,-0.0242,-0.1173,-0.0510,0.0071,-0.0275,0.9427,0.3450,15.8387,-0.1690
131.175,0.0086,-0.0242,-0.1264,-0.0510,0.0059,-0.0275,0.9336,0.3450,15.8387,-0.1690
131.175,0.0086,-0.0272,-0.1372,-0.0510,0.0059,-0.0348,0.9228,0.3450,15.8387,-0.1690
131.257,0.0086,-0.0272,-0.1372,-0.0609,0.0119,-0.0289,0.9228,0.3351,15.8486,-0.1691
131.258,0.0216,-0.0105,-0.1372,-0.0442,0.0119,-0.0289,0.9228,0.3518,15.8486,-0.1691
131.261,0.0269,-0.0105,-0.1451,-0.0442,0.0117,-0.0289,0.9149,0.3518,15.8486,-0.1691
131.262,0.0269,-0.0121,-0.1555,-0.0442,0.0117,-0.0350,0.9045,0.3518,15.8486,-0.1691
131.360,0.0269,-0.0121,-0.1555,-0.0541,0.0179,-0.0289,0.9045,0.3419,15.8585,-0.1692
131.360,0.0394,0.0047,-0.1555,-0.0377,0.0179,-0.0289,0.9045,0.3583,15.8585,-0.1692
131.361,0.0451,0.0047,-0.1618,-0.0377,0.0187,-0.0289,0.8982,0.3583,15.8585,-0.1692
131.364,0.0451,0.0033,-0.1710,-0.0377,0.0187,-0.0341,0.8890,0.3583,15.8585,-0.1692
131.473,0.0451,0.0033,-0.1710,-0.0476,0.0251,-0.0279,0.8890,0.3484,15.8684,-0.1693
131.474,0.0569,0.0201,-0.1710,-0.0317,0.0251,-0.0279,0.8890,0.3643,15.8684,-0.1693
131.474,0.0641,0.0201,-0.1756,-0.0317,0.0280,-0.0279,0.8844,0.3643,15.8684,-0.1693
131.474,0.0641,0.0184,-0.1835,-0.0317,0.0280,-0.0327,0.8765,0.3633,15.8684,-0.1693
131.474,0.0641,0.0184,-0.1835,-0.0317,0.0280,-0.0327,0.8765,0.3633,15.8684,-0.1693
131.561,0.0641,0.0184,-0.1835,-0.0416,0.0346,-0.0263,0.8765,0.3544,15.8784,-0.1694
131.563,0.0751,0.0348,-0.1835,-0.0263,0.0346,-0.0263,0.8765,0.3697,15.8784,-0.1694
131.564,0.0845,0.0348,-0.1864,-0.0263,0.0398,-0.0263,0.8736,0.3697,15.8784,-0.1694
131.565,0.0845,0.0325,-0.1933,-0.0263,0.0398,-0.0310,0.8667,0.3650,15.8784,-0.1694
131.669,0.0845,0.0325,-0.1933,-0.0263,0.0398,-0.0310,0.8667,0.3650,15.8784,-0.1694
131.673,0.0845,0.0325,-0.1933,-0.0363,0.0465,-0.0245,0.8667,0.3597,15.8883,-0.1695
131.674,0.0954,0.0488,-0.1933,-0.0212,0.0465,-0.0245,0.8667,0.3715,15.8883,-0.1695
131.675,0.1056,0.0488,-0.1955,-0.0212,0.0529,-0.0245,0.8645,0.3715,15.8883,-0.1695
131.675,0.1056,0.0461,-0.2018,-0.0212,0.0529,-0.0292,0.8582,0.3668,15.8883,-0.1695
131.767,0.1056,0.0461,-0.2018,-0.0311,0.0597,-0.0226,0.8582,0.3649,15.8982,-0.1696
131.768,0.1168,0.0629,-0.2018,-0.0156,0.0597,-0.0226,0.8582,0.3734,15.8982,-0.1696
131.769,0.1265,0.0629,-0.2036,-0.0156,0.0659,-0.0226,0.8564,0.3734,15.8982,-0.1696
131.769,0.1265,0.0598,-0.2096,-0.0156,0.0659,-0.0274,0.8504,0.3686,15.8982,-0.1696
131.857,0.1265,0.0598,-0.2096,-0.0255,0.0729,-0.0207,0.8504,0.3705,15.9082,-0.1697
131.858,0.1385,0.0774,-0.2096,-0.0092,0.0729,-0.0207,0.8504,0.3753,15.9082,-0.1697
131.858,0.1472,0.0774,-0.2107,-0.0092,0.0787,-0.0207,0.8493,0.3753,15.9082,-0.1697
131.860,0.1472,0.0728,-0.2155,-0.0092,0.0787,-0.0263,0.8445,0.3698,15.9082,-0.1697
131.960,0.1472,0.0728,-0.2155,-0.0092,0.0787,-0.0263,0.8445,0.3698,15.9082,-0.1697
131.980,0.1472,0.0728,-0.2155,-0.0191,0.0858,-0.0195,0.8445,0.3765,15.9181,-0.1698
131.981,0.1585,0.0903,-0.2155,-0.0032,0.0858,-0.0195,0.8445,0.3765,15.9181,-0.1698
131.981,0.1669,0.0903,-0.2150,-0.0032,0.0922,-0.0195,0.8450,0.3765,15.9181,-0.1698
131.982,0.1669,0.0829,-0.2173,-0.0032,0.0922,-0.0263,0.8427,0.3697,15.9181,-0.1698
132.073,0.1669,0.0829,-0.2173,-0.0131,0.0994,-0.0195,0.8427,0.3765,15.9280,-0.1700
132.078,0.1763,0.0996,-0.2173,0.0015,0.0994,-0.0195,0.8427,0.3765,15.9280,-0.1700
132.081,0.1853,0.0996,-0.2145,0.0015,0.1072,-0.0195,0.8455,0.3765,15.9280,-0.1700
132.083,0.1853,0.0897,-0.2133,0.0015,0.1072,-0.0269,0.8467,0.3691,15.9280,-0.1700
132.174,0.1853,0.0897,-0.2133,-0.0084,0.1145,-0.0201,0.8467,0.3759,15.9379,-0.1701
132.177,0.1921,0.1056,-0.2133,0.0043,0.1145,-0.0201,0.8467,0.3759,15.9379,-0.1701
132.179,0.2023,0.1056,-0.2086,0.0043,0.1239,-0.0201,0.8514,0.3759,15.9379,-0.1701
132.180,0.2023,0.0962,-0.2044,0.0043,0.1239,-0.0261,0.8556,0.3699,15.9379,-0.1701
132.264,0.2023,0.0962,-0.2044,-0.0055,0.1312,-0.0194,0.8556,0.3767,15.9478,-0.1702
132.265,0.2073,0.1114,-0.2044,0.0060,0.1312,-0.0194,0.8556,0.3767,15.9478,-0.1702
132.266,0.2173,0.1114,-0.1990,0.0060,0.1409,-0.0194,0.8610,0.3767,15.9478,-0.1702
132.269,0.2173,0.1040,-0.1931,0.0060,0.1409,-0.0232,0.8669,0.3729,15.9478,-0.1702
132.357,0.2173,0.1040,-0.1931,-0.0038,0.1483,-0.0164,0.8669,0.3796,15.9577,-0.1703
132.359,0.2220,0.1188,-0.1931,0.0074,0.1483,-0.0164,0.8669,0.3796,15.9577,-0.1703
132.360,0.2303,0.1188,-0.1872,0.0074,0.1568,-0.0164,0.8728,0.3796,15.9577,-0.1703
132.362,0.2303,0.1124,-0.1804,0.0074,0.1568,-0.0192,0.8796,0.3769,15.9577,-0.1703
132.451,0.2303,0.1124,-0.1804,-0.0025,0.1643,-0.0124,0.8796,0.3836,15.9677,-0.1704
132.452,0.2357,0.1265,-0.1804,0.0088,0.1643,-0.0124,0.8796,0.3836,15.9677,-0.1704
132.453,0.2412,0.1265,-0.1737,0.0088,0.1711,-0.0124,0.8863,0.3836,15.9677,-0.1704
132.453,0.2412,0.1184,-0.1655,0.0088,0.1711,-0.0160,0.8945,0.3800,15.9677,-0.1704
132.556,0.2412,0.1184,-0.1655,0.0088,0.1711,-0.0160,0.8945,0.3800,15.9677,-0.1704
132.566,0.2412,0.1184,-0.1655,-0.0010,0.1786,-0.0094,0.8945,0.3867,15.9776,-0.1705
132.567,0.2471,0.1318,-0.1655,0.0100,0.1786,-0.0094,0.8945,0.3867,15.9776,-0.1705
132.567,0.2504,0.1318,-0.1582,0.0100,0.1841,-0.0094,0.9018,0.3867,15.9776,-0.1705
132.568,0.2504,0.1208,-0.1471,0.0100,0.1841,-0.0144,0.9129,0.3816,15.9776,-0.1705
132.664,0.2504,0.1208,-0.1471,0.0002,0.1916,-0.0078,0.9129,0.3882,15.9875,-0.1706
132.666,0.2560,0.1334,-0.1471,0.0107,0.1916,-0.0078,0.9129,0.3882,15.9875,-0.1706
132.668,0.2591,0.1334,-0.1391,0.0107,0.1973,-0.0078,0.9209,0.3882,15.9875,-0.1706
132.669,0.2591,0.1216,-0.1250,0.0107,0.1973,-0.0123,0.9350,0.3837,15.9875,-0.1706
132.765,0.2591,0.1216,-0.1250,0.0009,0.2047,-0.0058,0.9350,0.3902,15.9974,-0.1707
132.767,0.2634,0.1332,-0.1250,0.0101,0.2047,-0.0058,0.9350,0.3902,15.9974,-0.1707
132.769,0.2680,0.1332,-0.1160,0.0101,0.2120,-0.0058,0.9440,0.3902,15.9974,-0.1707
132.771,0.2680,0.1255,-0.1000,0.0101,0.2120,-0.0062,0.9600,0.3898,15.9974,-0.1707
132.857,0.2680,0.1255,-0.1000,0.0004,0.2194,0.0002,0.9600,0.3962,16.0074,-0.1708
132.857,0.2706,0.1357,-0.1000,0.0080,0.2194,0.0002,0.9600,0.3962,16.0074,-0.1708
132.858,0.2763,0.1357,-0.0898,0.0080,0.2279,0.0002,0.9702,0.3962,16.0074,-0.1708
132.858,0.2763,0.1345,-0.0730,0.0080,0.2279,0.0054,0.9870,0.4014,16.0074,-0.1708
132.959,0.2763,0.1345,-0.0730,0.0080,0.2279,0.0054,0.9870,0.4014,16.0074,-0.1708
132.961,0.2763,0.1345,-0.0730,-0.0017,0.2354,0.0116,0.9870,0.3943,16.0173,-0.1709
132.963,0.2774,0.1432,-0.0730,0.0043,0.2354,0.0116,0.9870,0.4003,16.0173,-0.1709
132.964,0.2817,0.1432,-0.0620,0.0043,0.2433,0.0116,0.9980,0.4003,16.0173,-0.1709
132.965,0.2817,0.1453,-0.0461,0.0043,0.2433,0.0192,1.0139,0.4003,16.0173,-0.1709
133.065,0.2817,0.1453,-0.0461,-0.0054,0.2508,0.0254,1.0139,0.3906,16.0272,-0.1710
133.067,0.2826,0.1526,-0.0461,-0.0003,0.2508,0.0254,1.0139,0.3957,16.0272,-0.1710
133.069,0.2842,0.1526,-0.0352,-0.0003,0.2567,0.0254,1.0248,0.3957,16.0272,-0.1710
133.070,0.2842,0.1531,-0.0213,-0.0003,0.2567,0.0308,1.0387,0.3957,16.0272,-0.1710
133.155,0.2842,0.1531,-0.0213,-0.0100,0.2642,0.0369,1.0387,0.3860,16.0371,-0.1711
133.157,0.2865,0.1584,-0.0213,-0.0055,0.2642,0.0369,1.0387,0.3905,16.0371,-0.1711
133.159,0.2870,0.1584,-0.0108,-0.0055,0.2692,0.0369,1.0492,0.3905,16.0371,-0.1711
133.160,0.2870,0.1558,0.0020,-0.0055,0.2692,0.0394,1.0620,0.3905,16.0371,-0.1711
133.255,0.2870,0.1558,0.0020,-0.0152,0.2766,0.0455,1.0620,0.3808,16.0471,-0.1712
133.257,0.2917,0.1589,0.0020,-0.0110,0.2766,0.0455,1.0620,0.3850,16.0471,-0.1712
133.262,0.2934,0.1589,0.0128,-0.0110,0.2826,0.0455,1.0728,0.3850,16.0471,-0.1712
133.264,0.2934,0.1554,0.0266,-0.0110,0.2826,0.0476,1.0866,0.3850,16.0471,-0.1712
133.362,0.2934,0.1554,0.0266,-0.0208,0.2900,0.0536,1.0866,0.3752,16.0570,-0.1713
133.365,0.3000,0.1572,0.0266,-0.0165,0.2900,0.0536,1.0866,0.3795,16.0570,-0.1713
133.367,0.3039,0.1572,0.0386,-0.0165,0.2980,0.0536,1.0986,0.3795,16.0570,-0.1713
133.369,0.3039,0.1563,0.0533,-0.0165,0.2980,0.0583,1.1133,0.3795,16.0570,-0.1713
133.457,0.3039,0.1563,0.0533,-0.0263,0.3054,0.0642,1.1133,0.3697,16.0669,-0.1714
133.458,0.3101,0.1592,0.0533,-0.0215,0.3054,0.0642,1.1133,0.3745,16.0669,-0.1714
133.461,0.3158,0.1592,0.0667,-0.0215,0.3152,0.0642,1.1267,0.3745,16.0669,-0.1714
133.463,0.3158,0.1620,0.0804,-0.0215,0.3152,0.0715,1.1404,0.3745,16.0669,-0.1714
133.563,0.3158,0.1620,0.0804,-0.0215,0.3152,0.0715,1.1404,0.3745,16.0669,-0.1714
133.566,0.3158,0.1620,0.0804,-0.0312,0.3226,0.0774,1.1404,0.3648,16.0768,-0.1715
133.567,0.3206,0.1663,0.0804,-0.0262,0.3226,0.0774,1.1404,0.3698,16.0768,-0.1715
133.569,0.3268,0.1663,0.0943,-0.0262,0.3330,0.0774,1.1543,0.3698,16.0768,-0.1715
133.570,0.3268,0.1704,0.1068,-0.0262,0.3330,0.0852,1.1668,0.3698,16.0768,-0.1715
133.670,0.3268,0.1704,0.1068,-0.0262,0.3330,0.0852,1.1668,0.3698,16.0768,-0.1715
133.683,0.3268,0.1704,0.1068,-0.0359,0.3404,0.0911,1.1668,0.3601,16.0868,-0.1716
133.685,0.3308,0.1739,0.1068,-0.0317,0.3404,0.0911,1.1668,0.3643,16.0868,-0.1716
133.688,0.3366,0.1739,0.1205,-0.0317,0.3504,0.0911,1.1805,0.3643,16.0868,-0.1716
133.690,0.3366,0.1768,0.1342,-0.0317,0.3504,0.0984,1.1942,0.3643,16.0868,-0.1716
133.790,0.3366,0.1768,0.1342,-0.0317,0.3504,0.0984,1.1942,0.3643,16.0868,-0.1716
133.805,0.3366,0.1768,0.1342,-0.0415,0.3577,0.1042,1.1942,0.3545,16.0967,-0.1717
133.806,0.3417,0.1772,0.1342,-0.0388,0.3577,0.1042,1.1942,0.3572,16.0967,-0.1717
133.807,0.3472,0.1772,0.1474,-0.0388,0.3673,0.1042,1.2074,0.3572,16.0967,-0.1717
133.812,0.3472,0.1772,0.1633,-0.0388,0.3673,0.1100,1.2233,0.3572,16.0967,-0.1717
133.888,0.3472,0.1772,0.1633,-0.0485,0.3746,0.1158,1.2233,0.3475,16.1066,-0.1718
133.889,0.3540,0.1746,0.1633,-0.0469,0.3746,0.1158,1.2233,0.3491,16.1066,-0.1718
133.891,0.3598,0.1746,0.1770,-0.0469,0.3845,0.1158,1.2346,0.3491,16.1066,-0.1718
133.892,0.3598,0.1712,0.1927,-0.0469,0.3845,0.1189,1.2312,0.3491,16.1066,-0.1718
133.970,0.3598,0.1712,0.1927,-0.0567,0.3918,0.1246,1.2312,0.3393,16.1165,-0.1719
133.972,0.3669,0.1684,0.1927,-0.0549,0.3918,0.1246,1.2284,0.3411,16.1165,-0.1719
133.974,0.3731,0.1684,0.2073,-0.0549,0.4022,0.1246,1.2284,0.3411,16.1165,-0.1719
133.975,0.3731,0.1624,0.2212,-0.0549,0.4022,0.1250,1.2224,0.3411,16.1165,-0.1719
134.061,0.3731,0.1624,0.2212,-0.0647,0.4095,0.1306,1.2224,0.3313,16.1265,-0.1720
134.063,0.3792,0.1610,0.2212,-0.0626,0.4095,0.1306,1.2210,0.3334,16.1265,-0.1720
134.065,0.3852,0.1610,0.2365,-0.0626,0.4201,0.1306,1.2210,0.3334,16.1265,-0.1720
134.067,0.3852,0.1549,0.2484,-0.0626,0.4201,0.1303,1.2149,0.3334,16.1265,-0.1720
134.160,0.3852,0.1549,0.2484,-0.0723,0.4274,0.1359,1.2149,0.3237,16.1364,-0.1720
134.161,0.3895,0.1539,0.2484,-0.0708,0.4274,0.1359,1.2139,0.3252,16.1364,-0.1720
134.161,0.3949,0.1539,0.2635,-0.0708,0.4373,0.1359,1.2139,0.3252,16.1364,-0.1720
134.161,0.3949,0.1482,0.2747,-0.0708,0.4373,0.1357,1.2082,0.3252,16.1364,-0.1720
134.251,0.3949,0.1482,0.2747,-0.0806,0.4446,0.1412,1.2082,0.3154,16.1463,-0.1721
134.252,0.3970,0.1452,0.2747,-0.0814,0.4446,0.1412,1.2052,0.3146,16.1463,-0.1721
134.252,0.4015,0.1452,0.2893,-0.0814,0.4537,0.1412,1.2052,0.3146,16.1463,-0.1721
134.252,0.4015,0.1385,0.3009,-0.0814,0.4537,0.1403,1.1985,0.3146,16.1463,-0.1721
134.353,0.4015,0.1385,0.3009,-0.0814,0.4537,0.1403,1.1985,0.3146,16.1463,-0.1721
134.359,0.4015,0.1385,0.3009,-0.0912,0.4609,0.1457,1.1985,0.3048,16.1563,-0.1722
134.361,0.4027,0.1313,0.3009,-0.0950,0.4609,0.1457,1.1913,0.3010,16.1563,-0.1722
134.361,0.4063,0.1313,0.3153,-0.0950,0.4692,0.1457,1.1913,0.3010,16.1563,-0.1722
134.363,0.4063,0.1217,0.3271,-0.0950,0.4692,0.1428,1.1817,0.3010,16.1563,-0.1722
134.461,0.4063,0.1217,0.3271,-0.1048,0.4764,0.1481,1.1817,0.2912,16.1662,-0.1723
134.462,0.4099,0.1118,0.3271,-0.1092,0.4764,0.1481,1.1718,0.2868,16.1662,-0.1723
134.463,0.4126,0.1118,0.3413,-0.1092,0.4840,0.1481,1.1718,0.2868,16.1662,-0.1723
134.464,0.4126,0.0986,0.3508,-0.1092,0.4840,0.1416,1.1586,0.2868,16.1662,-0.1723
134.561,0.4126,0.0986,0.3508,-0.1190,0.4911,0.1468,1.1586,0.2770,16.1761,-0.1724
134.562,0.4198,0.0897,0.3508,-0.1205,0.4911,0.1468,1.1497,0.2755,16.1761,-0.1724
134.564,0.4217,0.0897,0.3646,-0.1205,0.4979,0.1468,1.1497,0.2755,16.1761,-0.1724
134.565,0.4217,0.0745,0.3698,-0.1205,0.4979,0.1371,1.1345,0.2755,16.1761,-0.1724
134.664,0.4217,0.0745,0.3698,-0.1303,0.5050,0.1423,1.1345,0.2657,16.1861,-0.1725
134.665,0.4302,0.0680,0.3698,-0.1295,0.5050,0.1423,1.1280,0.2665,16.1861,-0.1725
134.666,0.4313,0.0680,0.3830,-0.1295,0.5109,0.1423,1.1280,0.2665,16.1861,-0.1725
134.667,0.4313,0.0532,0.3854,-0.1295,0.5109,0.1320,1.1132,0.2665,16.1861,-0.1725
134.754,0.4313,0.0532,0.3854,-0.1394,0.5180,0.1371,1.1132,0.2566,16.1960,-0.1725
134.756,0.4379,0.0474,0.3854,-0.1391,0.5180,0.1371,1.1074,0.2569,16.1960,-0.1725
134.758,0.4384,0.0474,0.3979,-0.1391,0.5231,0.1371,1.1074,0.2569,16.1960,-0.1725
134.759,0.4384,0.0342,0.3998,-0.1391,0.5231,0.1278,1.0942,0.2569,16.1960,-0.1725
134.858,0.4384,0.0342,0.3998,-0.1490,0.5301,0.1329,1.0942,0.2470,16.2059,-0.1726
134.860,0.4433,0.0262,0.3998,-0.1509,0.5301,0.1329,1.0862,0.2451,16.2059,-0.1726
134.860,0.4432,0.0262,0.4118,-0.1509,0.5346,0.1329,1.0862,0.2451,16.2059,-0.1726
134.860,0.4432,0.0131,0.4132,-0.1509,0.5346,0.1234,1.0731,0.2451,16.2059,-0.1726
134.957,0.4432,0.0131,0.4132,-0.1608,0.5416,0.1285,1.0731,0.2352,16.2159,-0.1727
134.967,0.4492,0.0026,0.4132,-0.1634,0.5416,0.1285,1.0626,0.2326,16.2159,-0.1727
134.967,0.4487,0.0026,0.4247,-0.1634,0.5455,0.1285,1.0626,0.2326,16.2159,-0.1727
134.968,0.4487,-0.0126,0.4243,-0.1634,0.5455,0.1167,1.0474,0.2326,16.2159,-0.1727
135.068,0.4487,-0.0126,0.4243,-0.1634,0.5455,0.1167,1.0474,0.2326,16.2159,-0.1727
135.074,0.4487,-0.0126,0.4243,-0.1734,0.5524,0.1218,1.0474,0.2226,16.2258,-0.1728
135.075,0.4581,-0.0227,0.4243,-0.1735,0.5524,0.1218,1.0373,0.2225,16.2258,-0.1728
135.075,0.4572,-0.0227,0.4355,-0.1735,0.5559,0.1218,1.0373,0.2225,16.2258,-0.1728
135.076,0.4572,-0.0398,0.4327,-0.1735,0.5559,0.1076,1.0202,0.2225,16.2258,-0.1728
135.161,0.4572,-0.0398,0.4327,-0.1834,0.5628,0.1127,1.0202,0.2126,16.2358,-0.1729
135.162,0.4705,-0.0448,0.4327,-0.1780,0.5628,0.1127,1.0152,0.2180,16.2358,-0.1729
135.162,0.4693,-0.0448,0.4434,-0.1780,0.5659,0.1127,1.0152,0.2180,16.2358,-0.1729
135.162,0.4693,-0.0618,0.4393,-0.1780,0.5659,0.0980,0.9982,0.2180,16.2358,-0.1729
135.258,0.4693,-0.0618,0.4393,-0.1880,0.5727,0.1031,0.9982,0.2080,16.2457,-0.1730
135.259,0.4857,-0.0611,0.4393,-0.1773,0.5727,0.1031,0.9989,0.2187,16.2457,-0.1730
135.260,0.4844,-0.0611,0.4497,-0.1773,0.5756,0.1031,0.9989,0.2187,16.2457,-0.1730
135.262,0.4844,-0.0764,0.4454,-0.1773,0.5756,0.0896,0.9836,0.2187,16.2457,-0.1730
135.355,0.4844,-0.0764,0.4454,-0.1872,0.5824,0.0947,0.9836,0.2088,16.2556,-0.1730
135.356,0.5019,-0.0734,0.4454,-0.1743,0.5824,0.0947,0.9866,0.2217,16.2556,-0.1730
135.356,0.5004,-0.0734,0.4555,-0.1743,0.5850,0.0947,0.9866,0.2217,16.2556,-0.1730
135.357,0.5004,-0.0874,0.4511,-0.1743,0.5850,0.0821,0.9726,0.2217,16.2556,-0.1730
135.457,0.5004,-0.0874,0.4511,-0.1842,0.5917,0.0872,0.9726,0.2118,16.2656,-0.1731
135.461,0.5159,-0.0862,0.4511,-0.1735,0.5917,0.0872,0.9738,0.2225,16.2656,-0.1731
135.462,0.5142,-0.0862,0.4611,-0.1735,0.5941,0.0872,0.9738,0.2225,16.2656,-0.1731
135.463,0.5142,-0.1003,0.4562,-0.1735,0.5941,0.0743,0.9597,0.2225,16.2656,-0.1731
135.564,0.5142,-0.1003,0.4562,-0.1735,0.5941,0.0743,0.9597,0.2225,16.2656,-0.1731
135.583,0.5142,-0.1003,0.4562,-0.1834,0.6008,0.0794,0.9597,0.2126,16.2755,-0.1732
135.583,0.5277,-0.1004,0.4562,-0.1747,0.6008,0.0794,0.9596,0.2213,16.2755,-0.1732
135.587,0.5259,-0.1004,0.4659,-0.1747,0.6030,0.0794,0.9596,0.2213,16.2755,-0.1732
135.588,0.5259,-0.1152,0.4603,-0.1747,0.6030,0.0656,0.9448,0.2213,16.2755,-0.1732
135.682,0.5259,-0.1152,0.4603,-0.1846,0.6097,0.0708,0.9448,0.2114,16.2854,-0.1733
135.682,0.5414,-0.1116,0.4603,-0.1725,0.6097,0.0708,0.9484,0.2235,16.2854,-0.1733
135.686,0.5394,-0.1116,0.4698,-0.1725,0.6117,0.0708,0.9484,0.2235,16.2854,-0.1733
135.686,0.5394,-0.1267,0.4638,-0.1725,0.6117,0.0566,0.9333,0.2235,16.2854,-0.1733
135.775,0.5394,-0.1267,0.4638,-0.1823,0.6183,0.0618,0.9333,0.2137,16.2954,-0.1734
135.777,0.5592,-0.1166,0.4638,-0.1639,0.6183,0.0618,0.9434,0.2321,16.2954,-0.1734
135.784,0.5569,-0.1166,0.4730,-0.1639,0.6199,0.0618,0.9434,0.2321,16.2954,-0.1734
135.787,0.5569,-0.1315,0.4671,-0.1639,0.6199,0.0478,0.9285,0.2321,16.2954,-0.1734
135.866,0.5569,-0.1315,0.4671,-0.1737,0.6265,0.0530,0.9285,0.2223,16.3053,-0.1735
135.867,0.5761,-0.1197,0.4671,-0.1549,0.6265,0.0530,0.9403,0.2411,16.3053,-0.1735
135.867,0.5734,-0.1197,0.4759,-0.1549,0.6278,0.0530,0.9403,0.2411,16.3053,-0.1735
135.868,0.5734,-0.1345,0.4701,-0.1549,0.6278,0.0391,0.9255,0.2411,16.3053,-0.1735
135.956,0.5734,-0.1345,0.4701,-0.1647,0.6343,0.0443,0.9255,0.2313,16.3152,-0.1736
135.958,0.5897,-0.1246,0.4701,-0.1488,0.6343,0.0443,0.9354,0.2472,16.3152,-0.1736
135.960,0.5866,-0.1246,0.4784,-0.1488,0.6351,0.0443,0.9354,0.2472,16.3152,-0.1736
135.962,0.5866,-0.1391,0.4725,-0.1488,0.6351,0.0305,0.9209,0.2472,16.3152,-0.1736
136.062,0.5866,-0.1391,0.4725,-0.1488,0.6351,0.0305,0.9209,0.2472,16.3152,-0.1736
136.064,0.5866,-0.1391,0.4725,-0.1586,0.6416,0.0357,0.9209,0.2374,16.3251,-0.1737
136.065,0.6016,-0.1304,0.4725,-0.1441,0.6416,0.0357,0.9296,0.2519,16.3251,-0.1737
136.067,0.5980,-0.1304,0.4803,-0.1441,0.6420,0.0357,0.9296,0.2519,16.3251,-0.1737
136.069,0.5980,-0.1444,0.4743,-0.1441,0.6420,0.0222,0.9156,0.2519,16.3251,-0.1737
136.166,0.5980,-0.1444,0.4743,-0.1539,0.6484,0.0275,0.9156,0.2421,16.3351,-0.1738
136.168,0.6138,-0.1347,0.4743,-0.1384,0.6484,0.0275,0.9253,0.2576,16.3351,-0.1738
136.169,0.6099,-0.1347,0.4816,-0.1384,0.6484,0.0275,0.9253,0.2576,16.3351,-0.1738
136.170,0.6099,-0.1490,0.4755,-0.1384,0.6484,0.0137,0.9110,0.2576,16.3351,-0.1738
136.267,0.6099,-0.1490,0.4755,-0.1482,0.6547,0.0190,0.9110,0.2478,16.3450,-0.1739
136.269,0.6266,-0.1369,0.4755,-0.1309,0.6547,0.0190,0.9231,0.2651,16.3450,-0.1739
136.269,0.6221,-0.1369,0.4821,-0.1309,0.6541,0.0190,0.9231,0.2651,16.3450,-0.1739
136.271,0.6221,-0.1509,0.4765,-0.1309,0.6541,0.0057,0.9091,0.2651,16.3450,-0.1739
136.360,0.6221,-0.1509,0.4765,-0.1407,0.6604,0.0110,0.9091,0.2553,16.3549,-0.1740
136.361,0.6383,-0.1379,0.4765,-0.1233,0.6604,0.0110,0.9221,0.2727,16.3549,-0.1740
136.362,0.6330,-0.1379,0.4824,-0.1233,0.6590,0.0110,0.9221,0.2727,16.3549,-0.1740
136.364,0.6330,-0.1514,0.4774,-0.1233,0.6590,-0.0016,0.9086,0.2727,16.3549,-0.1740
136.464,0.6330,-0.1514,0.4774,-0.1331,0.6652,0.0038,0.9086,0.2629,16.3648,-0.1740
136.465,0.6480,-0.1391,0.4774,-0.1169,0.6652,0.0038,0.9209,0.2791,16.3648,-0.1740
136.466,0.6419,-0.1391,0.4825,-0.1169,0.6631,0.0038,0.9209,0.2791,16.3648,-0.1740
136.468,0.6419,-0.1518,0.4782,-0.1169,0.6631,-0.0080,0.9082,0.2791,16.3648,-0.1740
136.563,0.6419,-0.1518,0.4782,-0.1267,0.6693,-0.0026,0.9082,0.2693,16.3748,-0.1741
136.565,0.6561,-0.1399,0.4782,-0.1113,0.6693,-0.0026,0.9201,0.2847,16.3748,-0.1741
136.567,0.6493,-0.1399,0.4824,-0.1113,0.6664,-0.0026,0.9201,0.2847,16.3748,-0.1741
136.569,0.6493,-0.1523,0.4790,-0.1113,0.6664,-0.0136,0.9077,0.2847,16.3748,-0.1741
136.664,0.6493,-0.1523,0.4790,-0.1211,0.6725,-0.0081,0.9077,0.2749,16.3847,-0.1742
136.678,0.6637,-0.1396,0.4790,-0.1050,0.6725,-0.0081,0.9204,0.2910,16.3847,-0.1742
136.680,0.6560,-0.1396,0.4821,-0.1050,0.6685,-0.0081,0.9204,0.2910,16.3847,-0.1742
136.683,0.6560,-0.1524,0.4792,-0.1050,0.6685,-0.0192,0.9076,0.2910,16.3847,-0.1742
136.775,0.6560,-0.1524,0.4792,-0.1148,0.6747,-0.0138,0.9076,0.2812,16.3946,-0.1743
136.776,0.6710,-0.1383,0.4792,-0.0977,0.6747,-0.0138,0.9217,0.2983,16.3946,-0.1743
136.778,0.6622,-0.1383,0.4809,-0.0977,0.6695,-0.0138,0.9217,0.2983,16.3946,-0.1743
136.781,0.6622,-0.1501,0.4788,-0.0977,0.6695,-0.0237,0.9099,0.2983,16.3946,-0.1743
136.869,0.6622,-0.1501,0.4788,-0.1075,0.6756,-0.0183,0.9099,0.2885,16.4046,-0.1744
136.870,0.6771,-0.1352,0.4788,-0.0900,0.6756,-0.0183,0.9248,0.3060,16.4046,-0.1744
136.872,0.6671,-0.1352,0.4792,-0.0900,0.6692,-0.0183,0.9248,0.3060,16.4046,-0.1744
136.874,0.6671,-0.1450,0.4783,-0.0900,0.6692,-0.0260,0.9150,0.3060,16.4046,-0.1744
136.983,0.6671,-0.1450,0.4783,-0.0900,0.6692,-0.0260,0.9150,0.3060,16.4046,-0.1744
136.984,0.6671,-0.1450,0.4783,-0.0998,0.6752,-0.0206,0.9150,0.2962,16.4145,-0.1745
136.984,0.6814,-0.1299,0.4783,-0.0826,0.6752,-0.0206,0.9301,0.3134,16.4145,-0.1745
136.984,0.6703,-0.1299,0.4775,-0.0826,0.6677,-0.0206,0.9301,0.3134,16.4145,-0.1745
136.985,0.6703,-0.1388,0.4785,-0.0826,0.6677,-0.0267,0.9212,0.3134,16.4145,-0.1745
137.085,0.6703,-0.1388,0.4785,-0.0826,0.6677,-0.0267,0.9212,0.3134,16.4145,-0.1745
137.089,0.6703,-0.1388,0.4785,-0.0924,0.6737,-0.0213,0.9212,0.3036,16.4244,-0.1746
137.089,0.6835,-0.1237,0.4785,-0.0759,0.6737,-0.0213,0.9363,0.3201,16.4244,-0.1746
137.089,0.6716,-0.1237,0.4768,-0.0759,0.6653,-0.0213,0.9363,0.3201,16.4244,-0.1746
137.090,0.6716,-0.1334,0.4800,-0.0759,0.6653,-0.0267,0.9266,0.3201,16.4244,-0.1746
137.164,0.6716,-0.1334,0.4800,-0.0857,0.6712,-0.0213,0.9266,0.3103,16.4343,-0.1748
137.165,0.6836,-0.1181,0.4800,-0.0698,0.6712,-0.0213,0.9419,0.3262,16.4343,-0.1748
137.171,0.6707,-0.1181,0.4769,-0.0698,0.6616,-0.0213,0.9419,0.3262,16.4343,-0.1748
137.174,0.6707,-0.1288,0.4818,-0.0698,0.6616,-0.0266,0.9312,0.3262,16.4343,-0.1748
137.274,0.6707,-0.1288,0.4818,-0.0698,0.6616,-0.0266,0.9312,0.3262,16.4343,-0.1748
137.283,0.6707,-0.1288,0.4818,-0.0796,0.6675,-0.0211,0.9312,0.3164,16.4443,-0.1749
137.284,0.6817,-0.1133,0.4818,-0.0642,0.6675,-0.0211,0.9467,0.3318,16.4443,-0.1749
137.284,0.6674,-0.1133,0.4769,-0.0642,0.6563,-0.0211,0.9467,0.3318,16.4443,-0.1749
137.284,0.6674,-0.1242,0.4830,-0.0642,0.6563,-0.0258,0.9358,0.3318,16.4443,-0.1749
137.381,0.6674,-0.1242,0.4830,-0.0740,0.6622,-0.0204,0.9358,0.3220,16.4542,-0.1750
137.382,0.6776,-0.1087,0.4830,-0.0591,0.6622,-0.0204,0.9513,0.3369,16.4542,-0.1750
137.383,0.6618,-0.1087,0.4763,-0.0591,0.6493,-0.0204,0.9513,0.3369,16.4542,-0.1750
137.383,0.6618,-0.1169,0.4833,-0.0591,0.6493,-0.0226,0.9431,0.3369,16.4542,-0.1750
137.484,0.6618,-0.1169,0.4833,-0.0591,0.6493,-0.0226,0.9431,0.3369,16.4542,-0.1750
137.492,0.6618,-0.1169,0.4833,-0.0689,0.6552,-0.0172,0.9431,0.3271,16.4641,-0.1751
137.494,0.6710,-0.1015,0.4833,-0.0547,0.6552,-0.0172,0.9585,0.3413,16.4641,-0.1751
137.494,0.6540,-0.1015,0.4749,-0.0547,0.6409,-0.0172,0.9585,0.3413,16.4641,-0.1751
137.495,0.6540,-0.1059,0.4849,-0.0547,0.6409,-0.0151,0.9541,0.3413,16.4641,-0.1751
137.569,0.6540,-0.1059,0.4849,-0.0645,0.6467,-0.0097,0.9541,0.3315,16.4740,-0.1751
137.569,0.6616,-0.0908,0.4849,-0.0514,0.6467,-0.0097,0.9692,0.3446,16.4740,-0.1751
137.570,0.6440,-0.0908,0.4756,-0.0514,0.6316,-0.0097,0.9692,0.3446,16.4740,-0.1751
137.570,0.6440,-0.0934,0.4890,-0.0514,0.6316,-0.0043,0.9666,0.3446,16.4740,-0.1751
137.651,0.6440,-0.0934,0.4890,-0.0612,0.6375,0.0010,0.9666,0.3348,16.4840,-0.1752
137.652,0.6496,-0.0785,0.4890,-0.0494,0.6375,0.0010,0.9815,0.3466,16.4840,-0.1752
137.653,0.6321,-0.0785,0.4795,-0.0494,0.6223,0.0010,0.9815,0.3466,16.4840,-0.1752
137.654,0.6321,-0.0812,0.4948,-0.0494,0.6223,0.0073,0.9788,0.3466,16.4840,-0.1752
137.751,0.6321,-0.0812,0.4948,-0.0593,0.6282,0.0125,0.9788,0.3367,16.4939,-0.1753
137.751,0.6362,-0.0665,0.4948,-0.0484,0.6282,0.0125,0.9935,0.3476,16.4939,-0.1753
137.751,0.6190,-0.0665,0.4850,-0.0484,0.6131,0.0125,0.9935,0.3476,16.4939,-0.1753
137.752,0.6190,-0.0713,0.4997,-0.0484,0.6131,0.0169,0.9887,0.3476,16.4939,-0.1753
137.853,0.6190,-0.0713,0.4997,-0.0484,0.6131,0.0169,0.9887,0.3476,16.4939,-0.1753
137.860,0.6190,-0.0713,0.4997,-0.0583,0.6189,0.0221,0.9887,0.3377,16.5038,-0.1754
137.862,0.6223,-0.0566,0.4997,-0.0478,0.6189,0.0221,1.0034,0.3482,16.5038,-0.1754
137.862,0.6044,-0.0566,0.4889,-0.0478,0.6030,0.0221,1.0034,0.3482,16.5038,-0.1754
137.863,0.6044,-0.0615,0.5028,-0.0478,0.6030,0.0261,0.9985,0.3482,16.5038,-0.1754
137.957,0.6044,-0.0615,0.5028,-0.0577,0.6088,0.0311,0.9985,0.3383,16.5138,-0.1755
137.959,0.6070,-0.0466,0.5028,-0.0475,0.6088,0.0311,1.0134,0.3485,16.5138,-0.1755
137.961,0.5878,-0.0466,0.4903,-0.0475,0.5912,0.0311,1.0134,0.3485,16.5138,-0.1755
137.962,0.5878,-0.0478,0.5052,-0.0475,0.5912,0.0383,1.0122,0.3485,16.5138,-0.1755
138.058,0.5878,-0.0478,0.5052,-0.0574,0.5971,0.0433,1.0122,0.3386,16.5237,-0.1757
138.062,0.5896,-0.0329,0.5052,-0.0477,0.5971,0.0433,1.0271,0.3483,16.5237,-0.1757
138.064,0.5696,-0.0329,0.4915,-0.0477,0.5785,0.0433,1.0271,0.3483,16.5237,-0.1757
138.066,0.5696,-0.0287,0.5078,-0.0477,0.5785,0.0547,1.0313,0.3483,16.5237,-0.1757
138.166,0.5696,-0.0287,0.5078,-0.0576,0.5844,0.0597,1.0313,0.3384,16.5336,-0.1758
138.168,0.5705,-0.0137,0.5078,-0.0482,0.5844,0.0597,1.0463,0.3478,16.5336,-0.1758
138.170,0.5516,-0.0137,0.4945,-0.0482,0.5666,0.0597,1.0463,0.3478,16.5336,-0.1758
138.172,0.5516,-0.0078,0.5101,-0.0482,0.5666,0.0719,1.0522,0.3478,16.5336,-0.1758
138.273,0.5516,-0.0078,0.5101,-0.0482,0.5666,0.0719,1.0522,0.3478,16.5336,-0.1758
138.280,0.5516,-0.0078,0.5101,-0.0581,0.5725,0.0769,1.0522,0.3379,16.5435,-0.1759
138.280,0.5522,0.0072,0.5101,-0.0488,0.5725,0.0769,1.0672,0.3472,16.5435,-0.1759
138.281,0.5345,0.0072,0.4978,-0.0488,0.5559,0.0769,1.0672,0.3472,16.5435,-0.1759
138.281,0.5345,0.0114,0.5119,-0.0488,0.5559,0.0871,1.0714,0.3472,16.5435,-0.1759
138.362,0.5345,0.0114,0.5119,-0.0587,0.5617,0.0920,1.0714,0.3373,16.5534,-0.1760
138.363,0.5353,0.0263,0.5119,-0.0494,0.5617,0.0920,1.0863,0.3466,16.5534,-0.1760
138.363,0.5179,0.0263,0.4998,-0.0494,0.5454,0.0920,1.0863,0.3466,16.5534,-0.1760
138.363,0.5179,0.0288,0.5136,-0.0494,0.5454,0.1007,1.0888,0.3466,16.5534,-0.1760
138.461,0.5179,0.0288,0.5136,-0.0593,0.5512,0.1056,1.0888,0.3367,16.5634,-0.1761
138.467,0.5186,0.0434,0.5136,-0.0501,0.5512,0.1056,1.1034,0.3459,16.5634,-0.1761
138.468,0.5007,0.0434,0.5008,-0.0501,0.5342,0.1056,1.1034,0.3459,16.5634,-0.1761
138.469,0.5007,0.0450,0.5146,-0.0501,0.5342,0.1137,1.1050,0.3459,16.5634,-0.1761
138.569,0.5007,0.0450,0.5146,-0.0501,0.5342,0.1137,1.1050,0.3459,16.5634,-0.1761
138.574,0.5007,0.0450,0.5146,-0.0600,0.5401,0.1186,1.1050,0.3360,16.5733,-0.1762
138.576,0.5013,0.0596,0.5146,-0.0508,0.5401,0.1186,1.1196,0.3452,16.5733,-0.1762
138.578,0.4829,0.0596,0.5010,-0.0508,0.5224,0.1186,1.1196,0.3452,16.5733,-0.1762
138.581,0.4829,0.0611,0.5141,-0.0508,0.5224,0.1262,1.1211,0.3452,16.5733,-0.1762
138.669,0.4829,0.0611,0.5141,-0.0607,0.5283,0.1310,1.1211,0.3353,16.5832,-0.1763
138.670,0.4834,0.0762,0.5141,-0.0512,0.5283,0.1310,1.1362,0.3448,16.5832,-0.1763
138.672,0.4653,0.0762,0.5003,-0.0512,0.5106,0.1310,1.1362,0.3448,16.5832,-0.1763
138.673,0.4653,0.0775,0.5114,-0.0512,0.5106,0.1374,1.1375,0.3448,16.5832,-0.1763
138.757,0.4653,0.0775,0.5114,-0.0612,0.5165,0.1422,1.1375,0.3348,16.5931,-0.1764
138.759,0.4660,0.0925,0.5114,-0.0515,0.5165,0.1422,1.1525,0.3445,16.5931,-0.1764
138.760,0.4485,0.0925,0.4977,-0.0515,0.4992,0.1422,1.1525,0.3445,16.5931,-0.1764
138.762,0.4485,0.0916,0.5062,-0.0515,0.4992,0.1458,1.1516,0.3445,16.5931,-0.1764
138.855,0.4485,0.0916,0.5062,-0.0614,0.5051,0.1506,1.1516,0.3346,16.6031,-0.1765
138.856,0.4500,0.1067,0.5062,-0.0511,0.5051,0.1506,1.1667,0.3449,16.6031,-0.1765
138.857,0.4330,0.1067,0.4926,-0.0511,0.4881,0.1506,1.1667,0.3449,16.6031,-0.1765
138.859,0.4330,0.1004,0.4985,-0.0511,0.4881,0.1491,1.1604,0.3449,16.6031,-0.1765
138.955,0.4330,0.1004,0.4985,-0.0610,0.4941,0.1540,1.1604,0.3350,16.6130,-0.1766
138.957,0.4356,0.1161,0.4985,-0.0497,0.4941,0.1540,1.1761,0.3463,16.6130,-0.1766
138.958,0.4187,0.1161,0.4848,-0.0497,0.4770,0.1540,1.1761,0.3463,16.6130,-0.1766
138.960,0.4187,0.1038,0.4884,-0.0497,0.4770,0.1472,1.1638,0.3463,16.6130,-0.1766
139.054,0.4187,0.1038,0.4884,-0.0596,0.4830,0.1520,1.1638,0.3364,16.6229,-0.1767
139.070,0.4222,0.1199,0.4884,-0.0474,0.4830,0.1520,1.1799,0.3486,16.6229,-0.1767
139.071,0.4050,0.1199,0.4741,-0.0474,0.4656,0.1520,1.1799,0.3486,16.6229,-0.1767
139.071,0.4050,0.1064,0.4771,-0.0474,0.4656,0.1441,1.1664,0.3486,16.6229,-0.1767
139.175,0.4050,0.1064,0.4771,-0.0474,0.4656,0.1441,1.1664,0.3486,16.6229,-0.1767
139.181,0.4050,0.1064,0.4771,-0.0573,0.4716,0.1489,1.1664,0.3387,16.6328,-0.1768
139.190,0.4090,0.1222,0.4771,-0.0449,0.4716,0.1489,1.1822,0.3511,16.6328,-0.1768
139.191,0.3917,0.1222,0.4626,-0.0449,0.4539,0.1489,1.1822,0.3511,16.6328,-0.1768
139.194,0.3917,0.1114,0.4666,-0.0449,0.4539,0.1432,1.1714,0.3511,16.6328,-0.1768
139.281,0.3917,0.1114,0.4666,-0.0548,0.4600,0.1479,1.1714,0.3412,16.6428,-0.1769
139.283,0.3979,0.1275,0.4666,-0.0410,0.4600,0.1479,1.1875,0.3550,16.6428,-0.1769
139.284,0.3807,0.1275,0.4522,-0.0410,0.4424,0.1479,1.1875,0.3550,16.6428,-0.1769
139.285,0.3807,0.1169,0.4561,-0.0410,0.4424,0.1425,1.1769,0.3550,16.6428,-0.1769
139.361,0.3807,0.1169,0.4561,-0.0509,0.4485,0.1472,1.1769,0.3451,16.6527,-0.1770
139.361,0.3902,0.1341,0.4561,-0.0345,0.4485,0.1472,1.1941,0.3615,16.6527,-0.1770
139.361,0.3733,0.1341,0.4418,-0.0345,0.4311,0.1472,1.1941,0.3615,16.6527,-0.1770
139.362,0.3733,0.1195,0.4426,-0.0345,0.4311,0.1375,1.1795,0.3615,16.6527,-0.1770
139.455,0.3733,0.1195,0.4426,-0.0444,0.4373,0.1421,1.1795,0.3516,16.6626,-0.1772
139.455,0.3848,0.1374,0.4426,-0.0265,0.4373,0.1421,1.1974,0.3695,16.6626,-0.1772
139.459,0.3680,0.1374,0.4285,-0.0265,0.4200,0.1421,1.1974,0.3695,16.6626,-0.1772
139.460,0.3680,0.1192,0.4265,-0.0265,0.4200,0.1286,1.1792,0.3695,16.6626,-0.1772
139.560,0.3680,0.1192,0.4265,-0.0363,0.4262,0.1332,1.1792,0.3597,16.6725,-0.1773
139.562,0.3806,0.1373,0.4265,-0.0178,0.4262,0.1332,1.1973,0.3782,16.6725,-0.1773
139.563,0.3637,0.1373,0.4122,-0.0178,0.4088,0.1332,1.1973,0.3782,16.6725,-0.1773
139.565,0.3637,0.1183,0.4093,-0.0178,0.4088,0.1188,1.1783,0.3782,16.6725,-0.1773
139.665,0.3637,0.1183,0.4093,-0.0178,0.4088,0.1188,1.1783,0.3782,16.6725,-0.1773
139.685,0.3637,0.1183,0.4093,-0.0276,0.4150,0.1233,1.1783,0.3684,16.6824,-0.1773
139.710,0.3772,0.1365,0.4093,-0.0086,0.4150,0.1233,1.1965,0.3874,16.6824,-0.1773
139.711,0.3601,0.1365,0.3949,-0.0086,0.3974,0.1233,1.1965,0.3874,16.6824,-0.1773
139.712,0.3601,0.1189,0.3929,-0.0086,0.3974,0.1104,1.1789,0.3874,16.6824,-0.1773
139.786,0.3601,0.1189,0.3929,-0.0184,0.4036,0.1148,1.1789,0.3776,16.6924,-0.1774
139.788,0.3750,0.1367,0.3929,0.0011,0.4036,0.1148,1.1967,0.3971,16.6924,-0.1774
139.790,0.3576,0.1367,0.3786,0.0011,0.3859,0.1148,1.1967,0.3971,16.6924,-0.1774
139.791,0.3576,0.1204,0.3771,0.0011,0.3859,0.1030,1.1804,0.3971,16.6924,-0.1774
139.863,0.3576,0.1204,0.3771,-0.0088,0.3921,0.1075,1.1804,0.3872,16.7023,-0.1775
139.864,0.3744,0.1378,0.3771,0.0115,0.3921,0.1075,1.1978,0.4075,16.7023,-0.1775
139.864,0.3568,0.1378,0.3630,0.0115,0.3743,0.1075,1.1978,0.4075,16.7023,-0.1775
139.865,0.3568,0.1220,0.3603,0.0115,0.3743,0.0954,1.1820,0.4075,16.7023,-0.1775
139.962,0.3568,0.1220,0.3603,0.0017,0.3806,0.0998,1.1820,0.3977,16.7122,-0.1776
139.964,0.3756,0.1387,0.3603,0.0225,0.3806,0.0998,1.1987,0.4185,16.7122,-0.1776
139.978,0.3577,0.1387,0.3465,0.0225,0.3628,0.0998,1.1987,0.4185,16.7122,-0.1776
139.979,0.3577,0.1232,0.3419,0.0225,0.3628,0.0871,1.1832,0.4185,16.7122,-0.1776
140.064,0.3577,0.1232,0.3419,0.0126,0.3691,0.0915,1.1832,0.4086,16.7222,-0.1777
140.088,0.3769,0.1392,0.3419,0.0331,0.3691,0.0915,1.1992,0.4291,16.7222,-0.1777
140.089,0.3589,0.1392,0.3281,0.0331,0.3512,0.0915,1.1992,0.4291,16.7222,-0.1777
140.090,0.3589,0.1243,0.3224,0.0331,0.3512,0.0786,1.1843,0.4291,16.7222,-0.1777
140.190,0.3589,0.1243,0.3224,0.0331,0.3512,0.0786,1.1843,0.4291,16.7222,-0.1777
140.196,0.3589,0.1243,0.3224,0.0233,0.3575,0.0830,1.1843,0.4193,16.7321,-0.1778
140.196,0.3774,0.1396,0.3224,0.0429,0.3575,0.0830,1.1996,0.4389,16.7321,-0.1778
140.196,0.3593,0.1396,0.3087,0.0429,0.3396,0.0830,1.1996,0.4389,16.7321,-0.1778
140.196,0.3593,0.1253,0.3030,0.0429,0.3396,0.0705,1.1853,0.4389,16.7321,-0.1778
140.259,0.3593,0.1253,0.3030,0.0331,0.3460,0.0749,1.1853,0.4291,16.7420,-0.1779
140.259,0.3775,0.1397,0.3030,0.0519,0.3460,0.0749,1.1997,0.4479,16.7420,-0.1779
140.261,0.3592,0.1397,0.2894,0.0519,0.3279,0.0749,1.1997,0.4479,16.7420,-0.1779
140.262,0.3592,0.1255,0.2835,0.0519,0.3279,0.0623,1.1855,0.4479,16.7420,-0.1779
140.356,0.3592,0.1255,0.2835,0.0420,0.3343,0.0668,1.1855,0.4380,16.7519,-0.1781
140.358,0.3775,0.1387,0.2835,0.0601,0.3343,0.0668,1.1987,0.4561,16.7519,-0.1781
140.360,0.3587,0.1387,0.2700,0.0601,0.3160,0.0668,1.1987,0.4561,16.7519,-0.1781
140.362,0.3587,0.1244,0.2635,0.0601,0.3160,0.0538,1.1844,0.4498,16.7519,-0.1781
140.463,0.3587,0.1244,0.2635,0.0601,0.3160,0.0538,1.1844,0.4498,16.7519,-0.1781
140.466,0.3587,0.1244,0.2635,0.0502,0.3224,0.0582,1.1844,0.4462,16.7619,-0.1782
140.466,0.3773,0.1360,0.2635,0.0675,0.3224,0.0582,1.1960,0.4543,16.7619,-0.1782
140.466,0.3581,0.1360,0.2502,0.0675,0.3039,0.0582,1.1960,0.4543,16.7619,-0.1782
140.467,0.3581,0.1212,0.2426,0.0675,0.3039,0.0444,1.1812,0.4404,16.7619,-0.1782
140.558,0.3581,0.1212,0.2426,0.0577,0.3103,0.0489,1.1812,0.4449,16.7718,-0.1783
140.559,0.3769,0.1314,0.2426,0.0741,0.3103,0.0489,1.1914,0.4449,16.7718,-0.1783
140.559,0.3575,0.1314,0.2294,0.0741,0.2918,0.0489,1.1914,0.4449,16.7718,-0.1783
140.561,0.3575,0.1161,0.2208,0.0741,0.2918,0.0341,1.1761,0.4301,16.7718,-0.1783
140.650,0.3575,0.1161,0.2208,0.0642,0.2982,0.0387,1.1761,0.4347,16.7817,-0.1784
140.651,0.3756,0.1253,0.2208,0.0796,0.2982,0.0387,1.1853,0.4347,16.7817,-0.1784
140.654,0.3563,0.1253,0.2078,0.0796,0.2798,0.0387,1.1853,0.4347,16.7817,-0.1784
140.656,0.3563,0.1100,0.1989,0.0796,0.2798,0.0237,1.1700,0.4197,16.7817,-0.1784
140.757,0.3563,0.1100,0.1989,0.0796,0.2798,0.0237,1.1700,0.4197,16.7817,-0.1784
140.773,0.3563,0.1100,0.1989,0.0697,0.2862,0.0283,1.1700,0.4243,16.7916,-0.1785
140.778,0.3735,0.1180,0.1989,0.0839,0.2862,0.0283,1.1780,0.4243,16.7916,-0.1785
140.779,0.3542,0.1180,0.1860,0.0839,0.2679,0.0283,1.1780,0.4243,16.7916,-0.1785
140.781,0.3542,0.1027,0.1767,0.0839,0.2679,0.0131,1.1627,0.4091,16.7916,-0.1785
140.881,0.3542,0.1027,0.1767,0.0839,0.2679,0.0131,1.1627,0.4091,16.7916,-0.1785
140.887,0.3542,0.1027,0.1767,0.0740,0.2743,0.0177,1.1627,0.4138,16.8016,-0.1786
140.887,0.3711,0.1091,0.1767,0.0871,0.2743,0.0177,1.1691,0.4138,16.8016,-0.1786
140.888,0.3515,0.1091,0.1640,0.0871,0.2559,0.0177,1.1691,0.4138,16.8016,-0.1786
140.888,0.3515,0.0936,0.1535,0.0871,0.2559,0.0016,1.1536,0.3976,16.8016,-0.1786
140.957,0.3515,0.0936,0.1535,0.0771,0.2623,0.0064,1.1536,0.4024,16.8115,-0.1786
140.960,0.3679,0.0981,0.1535,0.0889,0.2623,0.0064,1.1581,0.4024,16.8115,-0.1786
140.961,0.3481,0.0981,0.1409,0.0889,0.2438,0.0064,1.1581,0.4024,16.8115,-0.1786
140.963,0.3481,0.0826,0.1292,0.0889,0.2438,-0.0104,1.1426,0.3856,16.8115,-0.1786
141.053,0.3481,0.0826,0.1292,0.0790,0.2502,-0.0056,1.1426,0.3904,16.8214,-0.1787
141.055,0.3639,0.0854,0.1292,0.0894,0.2502,-0.0056,1.1454,0.3904,16.8214,-0.1787
141.057,0.3438,0.0854,0.1169,0.0894,0.2316,-0.0056,1.1454,0.3904,16.8214,-0.1787
141.058,0.3438,0.0710,0.1044,0.0894,0.2316,-0.0222,1.1310,0.3738,16.8214,-0.1787
141.155,0.3438,0.0710,0.1044,0.0795,0.2380,-0.0173,1.1310,0.3787,16.8314,-0.1788
141.157,0.3592,0.0731,0.1044,0.0893,0.2380,-0.0173,1.1331,0.3787,16.8314,-0.1788
141.158,0.3393,0.0731,0.0924,0.0893,0.2197,-0.0173,1.1331,0.3787,16.8314,-0.1788
141.160,0.3393,0.0605,0.0797,0.0893,0.2197,-0.0329,1.1205,0.3632,16.8314,-0.1788
141.261,0.3393,0.0605,0.0797,0.0893,0.2197,-0.0329,1.1205,0.3632,16.8314,-0.1788
141.264,0.3393,0.0605,0.0797,0.0794,0.2262,-0.0279,1.1205,0.3681,16.8413,-0.1789
141.265,0.3547,0.0625,0.0797,0.0891,0.2262,-0.0279,1.1225,0.3681,16.8413,-0.1789
141.266,0.3352,0.0625,0.0681,0.0891,0.2082,-0.0279,1.1225,0.3681,16.8413,-0.1789
141.267,0.3352,0.0520,0.0557,0.0891,0.2082,-0.0419,1.1120,0.3541,16.8413,-0.1789
141.359,0.3352,0.0520,0.0557,0.0792,0.2147,-0.0368,1.1120,0.3592,16.8512,-0.1790
141.375,0.3502,0.0537,0.0557,0.0887,0.2147,-0.0368,1.1137,0.3592,16.8512,-0.1790
141.376,0.3308,0.0537,0.0445,0.0887,0.1970,-0.0368,1.1045,0.3592,16.8512,-0.1790
141.376,0.3308,0.0455,0.0324,0.0887,0.1970,-0.0492,1.0924,0.3468,16.8512,-0.1790
141.455,0.3308,0.0455,0.0324,0.0788,0.2034,-0.0440,1.0924,0.3520,16.8611,-0.1792
141.457,0.3439,0.0455,0.0324,0.0862,0.2034,-0.0440,1.0924,0.3520,16.8611,-0.1792
141.458,0.3243,0.0455,0.0216,0.0862,0.1857,-0.0440,1.0816,0.3520,16.8611,-0.1792
141.461,0.3243,0.0393,0.0101,0.0862,0.1857,-0.0546,1.0701,0.3414,16.8611,-0.1792
141.561,0.3243,0.0393,0.0101,0.0862,0.1857,-0.0546,1.0701,0.3414,16.8611,-0.1792
141.580,0.3243,0.0393,0.0101,0.0763,0.1922,-0.0493,1.0701,0.3467,16.8711,-0.1793
141.580,0.3340,0.0361,0.0101,0.0802,0.1922,-0.0493,1.0701,0.3467,16.8711,-0.1793
141.580,0.3143,0.0361,-0.0001,0.0802,0.1746,-0.0493,1.0599,0.3467,16.8711,-0.1793
141.581,0.3143,0.0310,-0.0104,0.0802,0.1746,-0.0585,1.0496,0.3375,16.8711,-0.1793
141.679,0.3143,0.0310,-0.0104,0.0703,0.1810,-0.0531,1.0496,0.3430,16.8810,-0.1794
141.679,0.3207,0.0248,-0.0104,0.0706,0.1810,-0.0531,1.0496,0.3430,16.8810,-0.1794
141.679,0.3012,0.0248,-0.0198,0.0706,0.1640,-0.0531,1.0402,0.3430,16.8810,-0.1794
141.680,0.3012,0.0201,-0.0288,0.0706,0.1640,-0.0613,1.0312,0.3347,16.8810,-0.1794
141.753,0.3012,0.0201,-0.0288,0.0607,0.1704,-0.0557,1.0312,0.3404,16.8909,-0.1795
141.754,0.3059,0.0127,-0.0288,0.0595,0.1704,-0.0557,1.0312,0.3404,16.8909,-0.1795
141.756,0.2868,0.0127,-0.0376,0.0595,0.1538,-0.0557,1.0224,0.3404,16.8909,-0.1795
141.756,0.2868,0.0085,-0.0458,0.0595,0.1538,-0.0631,1.0142,0.3329,16.8909,-0.1795
141.855,0.2868,0.0085,-0.0458,0.0496,0.1601,-0.0573,1.0142,0.3387,16.9008,-0.1796
141.877,0.2900,0.0006,-0.0458,0.0473,0.1601,-0.0573,1.0142,0.3387,16.9008,-0.1796
141.878,0.2712,0.0006,-0.0541,0.0473,0.1439,-0.0573,1.0059,0.3387,16.9008,-0.1796
141.879,0.2712,-0.0022,-0.0620,0.0473,0.1439,-0.0636,0.9980,0.3324,16.9008,-0.1796
141.967,0.2712,-0.0022,-0.0620,0.0374,0.1502,-0.0577,0.9980,0.3383,16.9107,-0.1797
141.983,0.2718,-0.0116,-0.0620,0.0329,0.1502,-0.0577,0.9980,0.3383,16.9107,-0.1797
141.984,0.2532,-0.0116,-0.0696,0.0329,0.1343,-0.0577,0.9904,0.3383,16.9107,-0.1797
141.984,0.2532,-0.0122,-0.0770,0.0329,0.1343,-0.0621,0.9830,0.3339,16.9107,-0.1797
142.079,0.2532,-0.0122,-0.0770,0.0230,0.1406,-0.0561,0.9830,0.3399,16.9207,-0.1798
142.109,0.2505,-0.0238,-0.0770,0.0153,0.1406,-0.0561,0.9830,0.3399,16.9207,-0.1798
142.110,0.2321,-0.0238,-0.0836,0.0153,0.1252,-0.0561,0.9764,0.3399,16.9207,-0.1798
142.111,0.2321,-0.0220,-0.0896,0.0153,0.1252,-0.0579,0.9704,0.3381,16.9207,-0.1798
142.186,0.2321,-0.0220,-0.0896,0.0055,0.1316,-0.0518,0.9704,0.3442,16.9306,-0.1798
142.201,0.2267,-0.0355,-0.0896,-0.0047,0.1316,-0.0518,0.9704,0.3442,16.9306,-0.1798
142.202,0.2091,-0.0355,-0.0948,-0.0047,0.1171,-0.0518,0.9652,0.3442,16.9306,-0.1798
142.203,0.2091,-0.0319,-0.0975,-0.0047,0.1171,-0.0505,0.9625,0.3455,16.9306,-0.1798
142.300,0.2091,-0.0319,-0.0975,-0.0145,0.1234,-0.0443,0.9625,0.3517,16.9405,-0.1799
142.326,0.2020,-0.0464,-0.0975,-0.0262,0.1234,-0.0443,0.9625,0.3517,16.9405,-0.1799
142.328,0.1850,-0.0464,-0.1014,-0.0262,0.1099,-0.0443,0.9586,0.3517,16.9405,-0.1799
142.330,0.1850,-0.0425,-0.0988,-0.0262,0.1099,-0.0402,0.9612,0.3558,16.9405,-0.1799
142.421,0.1850,-0.0425,-0.0988,-0.0360,0.1161,-0.0338,0.9612,0.3600,16.9505,-0.1800
142.437,0.1768,-0.0569,-0.0988,-0.0483,0.1161,-0.0338,0.9612,0.3477,16.9505,-0.1800
142.438,0.1604,-0.0569,-0.1019,-0.0483,0.1032,-0.0338,0.9581,0.3477,16.9505,-0.1800
142.439,0.1604,-0.0546,-0.0962,-0.0483,0.1032,-0.0293,0.9638,0.3477,16.9505,-0.1800
142.525,0.1604,-0.0546,-0.0962,-0.0582,0.1094,-0.0229,0.9638,0.3378,16.9604,-0.1802
142.539,0.1509,-0.0681,-0.0962,-0.0707,0.1094,-0.0229,0.9638,0.3253,16.9604,-0.1802
142.540,0.1346,-0.0681,-0.0986,-0.0707,0.0968,-0.0229,0.9614,0.3253,16.9604,-0.1802
142.542,0.1346,-0.0672,-0.0945,-0.0707,0.0968,-0.0202,0.9655,0.3253,16.9604,-0.1802
142.642,0.1346,-0.0672,-0.0945,-0.0707,0.0968,-0.0202,0.9655,0.3253,16.9604,-0.1802
142.648,0.1346,-0.0672,-0.0945,-0.0806,0.1030,-0.0138,0.9655,0.3154,16.9703,-0.1803
142.666,0.1229,-0.0797,-0.0945,-0.0941,0.1030,-0.0138,0.9655,0.3019,16.9703,-0.1803
142.667,0.1070,-0.0797,-0.0958,-0.0941,0.0910,-0.0138,0.9642,0.3019,16.9703,-0.1803
142.668,0.1070,-0.0783,-0.0942,-0.0941,0.0910,-0.0120,0.9658,0.3019,16.9703,-0.1803
142.765,0.1070,-0.0783,-0.0942,-0.1039,0.0971,-0.0055,0.9658,0.2921,16.9802,-0.1804
142.783,0.0928,-0.0902,-0.0942,-0.1188,0.0971,-0.0055,0.9658,0.2772,16.9802,-0.1804
142.785,0.0778,-0.0902,-0.0940,-0.1188,0.0863,-0.0055,0.9660,0.2772,16.9802,-0.1804
142.787,0.0778,-0.0858,-0.0909,-0.1188,0.0863,-0.0008,0.9691,0.2772,16.9802,-0.1804
142.888,0.0778,-0.0858,-0.0909,-0.1188,0.0863,-0.0008,0.9691,0.2772,16.9802,-0.1804
142.914,0.0778,-0.0858,-0.0909,-0.1286,0.0923,0.0057,0.9691,0.2674,16.9901,-0.1805
142.928,0.0626,-0.0975,-0.0909,-0.1441,0.0923,0.0057,0.9625,0.2519,16.9901,-0.1805
142.929,0.0484,-0.0975,-0.0896,-0.1441,0.0825,0.0057,0.9625,0.2519,16.9901,-0.1805
142.929,0.0484,-0.0897,-0.0809,-0.1441,0.0825,0.0154,0.9703,0.2519,16.9901,-0.1805
143.029,0.0484,-0.0897,-0.0809,-0.1441,0.0825,0.0154,0.9703,0.2519,16.9901,-0.1805
143.050,0.0484,-0.0897,-0.0809,-0.1539,0.0885,0.0220,0.9703,0.2421,17.0001,-0.1806
143.051,0.0338,-0.1010,-0.0809,-0.1687,0.0885,0.0220,0.9590,0.2273,17.0001,-0.1806
143.054,0.0199,-0.1010,-0.0792,-0.1687,0.0789,0.0220,0.9590,0.2273,17.0001,-0.1806
143.056,0.0199,-0.0924,-0.0657,-0.1687,0.0789,0.0343,0.9676,0.2273,17.0001,-0.1806
143.156,0.0199,-0.0924,-0.0657,-0.1786,0.0848,0.0409,0.9676,0.2174,17.0100,-0.1807
143.158,0.0045,-0.1017,-0.0657,-0.1931,0.0848,0.0409,0.9583,0.2029,17.0100,-0.1807
143.161,-0.0096,-0.1017,-0.0638,-0.1931,0.0751,0.0409,0.9583,0.2029,17.0100,-0.1807
143.163,-0.0096,-0.0942,-0.0494,-0.1931,0.0751,0.0528,0.9658,0.2029,17.0100,-0.1807
143.250,-0.0096,-0.0942,-0.0494,-0.2029,0.0810,0.0594,0.9658,0.1931,17.0199,-0.1808
143.252,-0.0272,-0.1004,-0.0494,-0.2172,0.0810,0.0594,0.9596,0.1788,17.0199,-0.1808
143.254,-0.0413,-0.1004,-0.0470,-0.2172,0.0714,0.0594,0.9596,0.1788,17.0199,-0.1808
143.255,-0.0413,-0.0940,-0.0343,-0.2172,0.0714,0.0694,0.9660,0.1788,17.0199,-0.1808
143.354,-0.0413,-0.0940,-0.0343,-0.2270,0.0772,0.0760,0.9660,0.1690,17.0298,-0.1809
143.356,-0.0581,-0.0968,-0.0343,-0.2390,0.0772,0.0760,0.9632,0.1570,17.0298,-0.1809
143.360,-0.0720,-0.0968,-0.0313,-0.2390,0.0681,0.0760,0.9632,0.1570,17.0298,-0.1809
143.361,-0.0720,-0.0901,-0.0201,-0.2390,0.0681,0.0856,0.9699,0.1570,17.0298,-0.1809
143.462,-0.0720,-0.0901,-0.0201,-0.2390,0.0681,0.0856,0.9699,0.1570,17.0298,-0.1809
143.463,-0.0720,-0.0901,-0.0201,-0.2489,0.0739,0.0922,0.9699,0.1471,17.0398,-0.1810
143.464,-0.0869,-0.0913,-0.0201,-0.2587,0.0739,0.0922,0.9687,0.1373,17.0398,-0.1810
143.466,-0.1003,-0.0913,-0.0168,-0.2587,0.0652,0.0922,0.9597,0.1373,17.0398,-0.1810
143.468,-0.1003,-0.0833,-0.0052,-0.2587,0.0652,0.1027,0.9597,0.1373,17.0398,-0.1810
143.567,-0.1003,-0.0833,-0.0052,-0.2686,0.0709,0.1094,0.9597,0.1274,17.0497,-0.1811
143.569,-0.1145,-0.0842,-0.0052,-0.2778,0.0709,0.1094,0.9455,0.1182,17.0497,-0.1811
143.570,-0.1279,-0.0842,-0.0018,-0.2778,0.0623,0.1094,0.9321,0.1182,17.0497,-0.1811
143.572,-0.1279,-0.0757,0.0116,-0.2778,0.0623,0.1208,0.9321,0.1182,17.0497,-0.1811
143.673,-0.1279,-0.0757,0.0116,-0.2778,0.0623,0.1208,0.9321,0.1182,17.0497,-0.1811
143.682,-0.1279,-0.0757,0.0116,-0.2877,0.0679,0.1275,0.9321,0.1083,17.0596,-0.1812
143.683,-0.1430,-0.0759,0.0116,-0.2968,0.0679,0.1275,0.9170,0.0992,17.0596,-0.1812
143.684,-0.1562,-0.0759,0.0154,-0.2968,0.0596,0.1275,0.9038,0.0992,17.0596,-0.1812
143.684,-0.1562,-0.0688,0.0302,-0.2968,0.0596,0.1383,0.9038,0.0992,17.0596,-0.1812
143.766,-0.1562,-0.0688,0.0302,-0.3068,0.0651,0.1449,0.9038,0.0892,17.0695,-0.1813
143.768,-0.1720,-0.0674,0.0302,-0.3152,0.0651,0.1449,0.8880,0.0808,17.0695,-0.1813
143.769,-0.1855,-0.0674,0.0341,-0.3152,0.0567,0.1449,0.8745,0.0808,17.0695,-0.1813
143.771,-0.1855,-0.0617,0.0491,-0.3152,0.0567,0.1545,0.8745,0.0808,17.0695,-0.1813
143.850,-0.1855,-0.0617,0.0491,-0.3251,0.0622,0.1611,0.8745,0.0709,17.0795,-0.1815
143.852,-0.2004,-0.0585,0.0491,-0.3317,0.0622,0.1611,0.8596,0.0643,17.0795,-0.1815
143.853,-0.2136,-0.0585,0.0535,-0.3317,0.0542,0.1611,0.8464,0.0643,17.0795,-0.1815
143.854,-0.2136,-0.0532,0.0679,-0.3317,0.0542,0.1702,0.8464,0.0643,17.0795,-0.1815
143.932,-0.2136,-0.0532,0.0679,-0.3416,0.0596,0.1767,0.8464,0.0544,17.0894,-0.1816
143.933,-0.2265,-0.0486,0.0679,-0.3458,0.0596,0.1767,0.8335,0.0502,17.0894,-0.1816
143.935,-0.2396,-0.0486,0.0721,-0.3458,0.0517,0.1767,0.8204,0.0502,17.0894,-0.1816
143.937,-0.2396,-0.0429,0.0860,-0.3458,0.0517,0.1857,0.8204,0.0502,17.0894,-0.1816
144.012,-0.2396,-0.0429,0.0860,-0.3558,0.0571,0.1922,0.8204,0.0402,17.0993,-0.1817
144.012,-0.2506,-0.0373,0.0860,-0.3580,0.0571,0.1922,0.8094,0.0380,17.0993,-0.1817
144.013,-0.2636,-0.0373,0.0898,-0.3580,0.0490,0.1922,0.7964,0.0380,17.0993,-0.1817
144.014,-0.2636,-0.0318,0.1038,-0.3580,0.0490,0.2009,0.7964,0.0380,17.0993,-0.1817
144.088,-0.2636,-0.0318,0.1038,-0.3679,0.0543,0.2074,0.7964,0.0281,17.1092,-0.1818
144.089,-0.2738,-0.0253,0.1038,-0.3687,0.0543,0.2074,0.7862,0.0273,17.1092,-0.1818
144.090,-0.2872,-0.0253,0.1075,-0.3687,0.0461,0.2074,0.7728,0.0273,17.1092,-0.1818
144.091,-0.2872,-0.0209,0.1222,-0.3687,0.0461,0.2155,0.7728,0.0273,17.1092,-0.1818
144.191,-0.2872,-0.0209,0.1222,-0.3687,0.0461,0.2155,0.7728,0.0273,17.1092,-0.1818
144.209,-0.2872,-0.0209,0.1222,-0.3786,0.0513,0.2219,0.7728,0.0174,17.1191,-0.1819
144.209,-0.2969,-0.0134,0.1222,-0.3783,0.0513,0.2219,0.7631,0.0177,17.1191,-0.1819
144.212,-0.3106,-0.0134,0.1262,-0.3783,0.0430,0.2219,0.7494,0.0177,17.1191,-0.1819
144.213,-0.3106,-0.0100,0.1413,-0.3783,0.0430,0.2291,0.7494,0.0177,17.1191,-0.1819
144.302,-0.3106,-0.0100,0.1413,-0.3881,0.0482,0.2355,0.7494,0.0079,17.1291,-0.1820
144.303,-0.3198,-0.0013,0.1413,-0.3863,0.0482,0.2355,0.7402,0.0097,17.1291,-0.1820
144.305,-0.3336,-0.0013,0.1452,-0.3863,0.0399,0.2355,0.7264,0.0097,17.1291,-0.1820
144.306,-0.3336,0.0014,0.1594,-0.3863,0.0399,0.2419,0.7264,0.0097,17.1291,-0.1820
144.380,-0.3336,0.0014,0.1594,-0.3961,0.0449,0.2482,0.7264,-0.0001,17.1390,-0.1821
144.382,-0.3416,0.0114,0.1594,-0.3924,0.0449,0.2482,0.7184,0.0036,17.1390,-0.1821
144.384,-0.3546,0.0114,0.1627,-0.3924,0.0371,0.2482,0.7054,0.0036,17.1390,-0.1821
144.386,-0.3546,0.0135,0.1759,-0.3924,0.0371,0.2537,0.7054,0.0036,17.1390,-0.1821
144.470,-0.3546,0.0135,0.1759,-0.4021,0.0421,0.2599,0.7054,-0.0061,17.1489,-0.1822
144.470,-0.3614,0.0247,0.1759,-0.3966,0.0421,0.2599,0.6986,-0.0006,17.1489,-0.1822
144.471,-0.3735,0.0247,0.1786,-0.3966,0.0348,0.2599,0.6865,-0.0006,17.1489,-0.1822
144.472,-0.3735,0.0263,0.1913,-0.3966,0.0348,0.2648,0.6865,-0.0006,17.1489,-0.1822
144.541,-0.3735,0.0263,0.1913,-0.4063,0.0397,0.2710,0.6865,-0.0103,17.1588,-0.1823
144.542,-0.3795,0.0384,0.1913,-0.3995,0.0397,0.2710,0.6805,-0.0035,17.1588,-0.1823
144.543,-0.3908,0.0384,0.1938,-0.3995,0.0329,0.2710,0.6692,-0.0035,17.1588,-0.1823
144.545,-0.3908,0.0399,0.2067,-0.3995,0.0329,0.2758,0.6692,-0.0035,17.1588,-0.1823
144.618,-0.3908,0.0399,0.2067,-0.4090,0.0378,0.2819,0.6692,-0.0130,17.1688,-0.1824
144.619,-0.3963,0.0530,0.2067,-0.4008,0.0378,0.2819,0.6637,-0.0048,17.1688,-0.1824
144.621,-0.4073,0.0530,0.2093,-0.4008,0.0314,0.2819,0.6527,-0.0048,17.1688,-0.1824
144.623,-0.4073,0.0546,0.2225,-0.4008,0.0314,0.2867,0.6527,-0.0048,17.1688,-0.1824
144.696,-0.4073,0.0546,0.2225,-0.4103,0.0362,0.2927,0.6527,-0.0143,17.1787,-0.1825
144.697,-0.4118,0.0686,0.2225,-0.4006,0.0362,0.2927,0.6482,-0.0046,17.1787,-0.1825
144.698,-0.4227,0.0686,0.2249,-0.4006,0.0299,0.2927,0.6373,-0.0046,17.1787,-0.1825
144.699,-0.4227,0.0704,0.2379,-0.4006,0.0299,0.2976,0.6373,-0.0046,17.1787,-0.1825
144.779,-0.4227,0.0704,0.2379,-0.4100,0.0347,0.3036,0.6373,-0.0140,17.1886,-0.1827
144.780,-0.4261,0.0852,0.2379,-0.3989,0.0347,0.3036,0.6339,-0.0029,17.1886,-0.1827
144.781,-0.4367,0.0852,0.2397,-0.3989,0.0283,0.3036,0.6233,-0.0029,17.1886,-0.1827
144.783,-0.4367,0.0871,0.2521,-0.3989,0.0283,0.3083,0.6233,-0.0029,17.1886,-0.1827
144.866,-0.4367,0.0871,0.2521,-0.4082,0.0331,0.3142,0.6233,-0.0122,17.1985,-0.1828
144.867,-0.4389,0.1025,0.2521,-0.3959,0.0331,0.3142,0.6211,0.0001,17.1985,-0.1828
144.868,-0.4490,0.1025,0.2530,-0.3959,0.0267,0.3142,0.6110,0.0001,17.1985,-0.1828
144.869,-0.4490,0.1044,0.2650,-0.3959,0.0267,0.3188,0.6110,0.0001,17.1985,-0.1828
144.970,-0.4490,0.1044,0.2650,-0.3959,0.0267,0.3188,0.6110,0.0001,17.1985,-0.1828
144.987,-0.4490,0.1044,0.2650,-0.4051,0.0315,0.3247,0.6110,-0.0091,17.2085,-0.1829
144.991,-0.4502,0.1200,0.2650,-0.3921,0.0315,0.3247,0.6098,0.0039,17.2085,-0.1829
144.994,-0.4597,0.1200,0.2652,-0.3921,0.0252,0.3247,0.6003,0.0039,17.2085,-0.1829
144.994,-0.4597,0.1219,0.2772,-0.3921,0.0252,0.3292,0.6003,0.0039,17.2085,-0.1829
145.063,-0.4597,0.1219,0.2772,-0.4011,0.0300,0.3349,0.6003,-0.0051,17.2184,-0.1830
145.064,-0.4599,0.1377,0.2772,-0.3874,0.0300,0.3349,0.6001,0.0086,17.2184,-0.1830
145.066,-0.4685,0.1377,0.2771,-0.3874,0.0241,0.3349,0.5915,0.0086,17.2184,-0.1830
145.068,-0.4685,0.1395,0.2893,-0.3874,0.0241,0.3394,0.5915,0.0086,17.2184,-0.1830
145.173,-0.4685,0.1395,0.2893,-0.3874,0.0241,0.3394,0.5915,0.0086,17.2184,-0.1830
145.189,-0.4685,0.1395,0.2893,-0.3963,0.0289,0.3451,0.5915,-0.0003,17.2283,-0.1831
145.190,-0.4673,0.1556,0.2893,-0.3818,0.0289,0.3451,0.5927,0.0142,17.2283,-0.1831
145.190,-0.4748,0.1556,0.2886,-0.3818,0.0235,0.3451,0.5852,0.0142,17.2283,-0.1831
145.192,-0.4748,0.1574,0.3008,-0.3818,0.0235,0.3495,0.5852,0.0142,17.2283,-0.1831
145.292,-0.4748,0.1574,0.3008,-0.3818,0.0235,0.3495,0.5852,0.0142,17.2283,-0.1831
145.303,-0.4748,0.1574,0.3008,-0.3906,0.0284,0.3551,0.5852,0.0054,17.2382,-0.1832
145.305,-0.4726,0.1737,0.3008,-0.3755,0.0284,0.3551,0.5874,0.0205,17.2382,-0.1832
145.306,-0.4789,0.1737,0.2995,-0.3755,0.0235,0.3551,0.5811,0.0205,17.2382,-0.1832
145.307,-0.4789,0.1756,0.3115,-0.3755,0.0235,0.3595,0.5811,0.0205,17.2382,-0.1832
145.387,-0.4789,0.1756,0.3115,-0.3842,0.0284,0.3651,0.5811,0.0118,17.2482,-0.1833
145.391,-0.4757,0.1919,0.3115,-0.3686,0.0284,0.3651,0.5843,0.0274,17.2482,-0.1833
145.391,-0.4807,0.1919,0.3091,-0.3686,0.0238,0.3651,0.5793,0.0274,17.2482,-0.1833
145.391,-0.4807,0.1937,0.3208,-0.3686,0.0238,0.3693,0.5793,0.0274,17.2482,-0.1833
145.461,-0.4807,0.1937,0.3208,-0.3772,0.0287,0.3748,0.5793,0.0188,17.2581,-0.1834
145.462,-0.4767,0.2102,0.3208,-0.3613,0.0287,0.3748,0.5833,0.0347,17.2581,-0.1834
145.466,-0.4804,0.2102,0.3171,-0.3613,0.0243,0.3748,0.5796,0.0347,17.2581,-0.1834
145.466,-0.4804,0.2117,0.3285,-0.3613,0.0243,0.3787,0.5796,0.0347,17.2581,-0.1834
145.554,-0.4804,0.2117,0.3285,-0.3698,0.0293,0.3841,0.5796,0.0262,17.2680,-0.1835
145.556,-0.4757,0.2283,0.3285,-0.3535,0.0293,0.3841,0.5843,0.0425,17.2680,-0.1835
145.558,-0.4779,0.2283,0.3237,-0.3535,0.0252,0.3841,0.5821,0.0425,17.2680,-0.1835
145.560,-0.4779,0.2295,0.3350,-0.3535,0.0252,0.3877,0.5821,0.0425,17.2680,-0.1835
145.660,-0.4779,0.2295,0.3350,-0.3535,0.0252,0.3877,0.5821,0.0425,17.2680,-0.1835
145.689,-0.4779,0.2295,0.3350,-0.3619,0.0304,0.3931,0.5821,0.0341,17.2779,-0.1836
145.690,-0.4724,0.2462,0.3350,-0.3453,0.0304,0.3931,0.5876,0.0507,17.2779,-0.1836
145.690,-0.4736,0.2462,0.3297,-0.3453,0.0268,0.3931,0.5864,0.0507,17.2779,-0.1836
145.692,-0.4736,0.2469,0.3409,-0.3453,0.0268,0.3962,0.5864,0.0507,17.2779,-0.1836
145.781,-0.4736,0.2469,0.3409,-0.3536,0.0320,0.4015,0.5864,0.0424,17.2878,-0.1837
145.781,-0.4673,0.2638,0.3409,-0.3367,0.0320,0.4015,0.5927,0.0593,17.2878,-0.1837
145.783,-0.4672,0.2638,0.3347,-0.3367,0.0287,0.4015,0.5928,0.0593,17.2878,-0.1837
145.783,-0.4672,0.2641,0.3455,-0.3367,0.0287,0.4042,0.5928,0.0593,17.2878,-0.1837
145.876,-0.4672,0.2641,0.3455,-0.3449,0.0340,0.4094,0.5928,0.0511,17.2978,-0.1838
145.878,-0.4599,0.2812,0.3455,-0.3275,0.0340,0.4094,0.6001,0.0685,17.2978,-0.1838
145.879,-0.4574,0.2812,0.3375,-0.3275,0.0313,0.4094,0.6026,0.0685,17.2978,-0.1838
145.880,-0.4574,0.2810,0.3476,-0.3275,0.0313,0.4115,0.6026,0.0685,17.2978,-0.1838
145.967,-0.4574,0.2810,0.3476,-0.3357,0.0368,0.4166,0.6026,0.0603,17.3077,-0.1840
145.968,-0.4493,0.2981,0.3476,-0.3180,0.0368,0.4166,0.6107,0.0780,17.3077,-0.1840
145.969,-0.4452,0.2981,0.3389,-0.3180,0.0348,0.4166,0.6148,0.0780,17.3077,-0.1840
145.970,-0.4452,0.2972,0.3484,-0.3180,0.0348,0.4180,0.6148,0.0780,17.3077,-0.1840
146.067,-0.4452,0.2972,0.3484,-0.3261,0.0406,0.4231,0.6148,0.0699,17.3176,-0.1841
146.068,-0.4365,0.3144,0.3484,-0.3083,0.0406,0.4231,0.6235,0.0877,17.3176,-0.1841
146.068,-0.4325,0.3144,0.3408,-0.3083,0.0390,0.4231,0.6275,0.0877,17.3176,-0.1841
146.069,-0.4325,0.3127,0.3499,-0.3083,0.0390,0.4237,0.6275,0.0877,17.3176,-0.1841
146.170,-0.4325,0.3127,0.3499,-0.3083,0.0390,0.4237,0.6275,0.0877,17.3176,-0.1841
146.184,-0.4325,0.3127,0.3499,-0.3163,0.0449,0.4287,0.6275,0.0797,17.3275,-0.1842
146.185,-0.4231,0.3300,0.3499,-0.2984,0.0449,0.4287,0.6369,0.0976,17.3275,-0.1842
146.186,-0.4188,0.3300,0.3428,-0.2984,0.0440,0.4287,0.6412,0.0976,17.3275,-0.1842
146.187,-0.4188,0.3273,0.3512,-0.2984,0.0440,0.4284,0.6412,0.0976,17.3275,-0.1842
146.267,-0.4188,0.3273,0.3512,-0.3063,0.0500,0.4333,0.6412,0.0897,17.3374,-0.1843
146.267,-0.4082,0.3444,0.3512,-0.2882,0.0500,0.4333,0.6518,0.1078,17.3374,-0.1843
146.268,-0.4019,0.3444,0.3435,-0.2882,0.0501,0.4333,0.6581,0.1078,17.3374,-0.1843
146.268,-0.4019,0.3402,0.3501,-0.2882,0.0501,0.4313,0.6581,0.1078,17.3374,-0.1843
146.364,-0.4019,0.3402,0.3501,-0.2961,0.0562,0.4362,0.6581,0.0999,17.3474,-0.1844
146.365,-0.3897,0.3572,0.3501,-0.2777,0.0562,0.4362,0.6703,0.1183,17.3474,-0.1844
146.367,-0.3815,0.3572,0.3419,-0.2777,0.0574,0.4362,0.6785,0.1183,17.3474,-0.1844
146.369,-0.3815,0.3506,0.3457,-0.2777,0.0574,0.4317,0.6785,0.1183,17.3474,-0.1844
146.466,-0.3815,0.3506,0.3457,-0.2856,0.0638,0.4365,0.6785,0.1104,17.3573,-0.1845
146.467,-0.3685,0.3674,0.3457,-0.2672,0.0638,0.4365,0.6915,0.1288,17.3573,-0.1845
146.468,-0.3597,0.3674,0.3378,-0.2672,0.0656,0.4365,0.7003,0.1288,17.3573,-0.1845
146.468,-0.3597,0.3589,0.3391,-0.2672,0.0656,0.4299,0.7003,0.1288,17.3573,-0.1845
146.560,-0.3597,0.3589,0.3391,-0.2750,0.0721,0.4346,0.7003,0.1210,17.3672,-0.1847
146.561,-0.3466,0.3749,0.3391,-0.2574,0.0721,0.4346,0.7134,0.1386,17.3672,-0.1847
146.561,-0.3380,0.3749,0.3318,-0.2574,0.0742,0.4346,0.7220,0.1386,17.3672,-0.1847
146.563,-0.3380,0.3655,0.3322,-0.2574,0.0742,0.4271,0.7220,0.1386,17.3672,-0.1847
146.662,-0.3380,0.3655,0.3322,-0.2652,0.0809,0.4319,0.7220,0.1308,17.3771,-0.1848
146.663,-0.3242,0.3801,0.3322,-0.2486,0.0809,0.4319,0.7358,0.1474,17.3771,-0.1848
146.665,-0.3163,0.3801,0.3256,-0.2486,0.0828,0.4319,0.7437,0.1474,17.3771,-0.1848
146.666,-0.3163,0.3704,0.3258,-0.2486,0.0828,0.4239,0.7437,0.1474,17.3771,-0.1848
146.757,-0.3163,0.3704,0.3258,-0.2565,0.0897,0.4287,0.7437,0.1395,17.3870,-0.1849
146.758,-0.3009,0.3834,0.3258,-0.2408,0.0897,0.4287,0.7591,0.1552,17.3870,-0.1849
146.758,-0.2943,0.3834,0.3198,-0.2408,0.0912,0.4287,0.7657,0.1552,17.3870,-0.1849
146.759,-0.2943,0.3726,0.3191,-0.2408,0.0912,0.4197,0.7657,0.1552,17.3870,-0.1849
146.863,-0.2943,0.3726,0.3191,-0.2408,0.0912,0.4197,0.7657,0.1552,17.3870,-0.1849
146.878,-0.2943,0.3726,0.3191,-0.2486,0.0982,0.4244,0.7657,0.1474,17.3970,-0.1850
146.879,-0.2771,0.3843,0.3191,-0.2335,0.0982,0.4244,0.7829,0.1625,17.3970,-0.1850
146.879,-0.2720,0.3843,0.3133,-0.2335,0.0988,0.4244,0.7880,0.1625,17.3970,-0.1850
146.880,-0.2720,0.3719,0.3105,-0.2335,0.0988,0.4136,0.7880,0.1625,17.3970,-0.1850
146.974,-0.2720,0.3719,0.3105,-0.2414,0.1059,0.4183,0.7880,0.1546,17.4069,-0.1851
146.976,-0.2539,0.3829,0.3105,-0.2266,0.1059,0.4183,0.8061,0.1694,17.4069,-0.1851
146.977,-0.2500,0.3829,0.3047,-0.2266,0.1056,0.4183,0.8100,0.1694,17.4069,-0.1851
146.979,-0.2500,0.3693,0.2998,-0.2266,0.1056,0.4061,0.8100,0.1694,17.4069,-0.1851
147.074,-0.2500,0.3693,0.2998,-0.2345,0.1128,0.4107,0.8100,0.1615,17.4168,-0.1852
147.079,-0.2323,0.3797,0.2998,-0.2202,0.1128,0.4107,0.8277,0.1758,17.4168,-0.1852
147.079,-0.2293,0.3797,0.2936,-0.2202,0.1117,0.4107,0.8307,0.1758,17.4168,-0.1852
147.079,-0.2293,0.3658,0.2874,-0.2202,0.1117,0.3980,0.8307,0.1758,17.4168,-0.1852
147.160,-0.2293,0.3658,0.2874,-0.2282,0.1191,0.4026,0.8307,0.1678,17.4267,-0.1853
147.162,-0.2117,0.3752,0.2874,-0.2147,0.1191,0.4026,0.8483,0.1813,17.4267,-0.1853
147.164,-0.2096,0.3752,0.2803,-0.2147,0.1169,0.4026,0.8504,0.1813,17.4267,-0.1853
147.166,-0.2096,0.3613,0.2736,-0.2147,0.1169,0.3897,0.8504,0.1813,17.4267,-0.1853
147.266,-0.2096,0.3613,0.2736,-0.2147,0.1169,0.3897,0.8504,0.1813,17.4267,-0.1853
147.273,-0.2096,0.3613,0.2736,-0.2228,0.1244,0.3944,0.8504,0.1732,17.4367,-0.1854
147.277,-0.1912,0.3694,0.2736,-0.2101,0.1244,0.3944,0.8688,0.1859,17.4367,-0.1854
147.279,-0.1897,0.3694,0.2658,-0.2101,0.1215,0.3944,0.8703,0.1859,17.4367,-0.1854
147.280,-0.1897,0.3553,0.2589,-0.2101,0.1215,0.3812,0.8703,0.1859,17.4367,-0.1854
147.366,-0.1897,0.3553,0.2589,-0.2182,0.1290,0.3859,0.8703,0.1778,17.4466,-0.1855
147.367,-0.1701,0.3619,0.2589,-0.2063,0.1290,0.3859,0.8899,0.1897,17.4466,-0.1855
147.369,-0.1694,0.3619,0.2509,-0.2063,0.1256,0.3859,0.8906,0.1897,17.4466,-0.1855
147.371,-0.1694,0.3476,0.2438,-0.2063,0.1256,0.3726,0.8906,0.1897,17.4466,-0.1855
147.474,-0.1694,0.3476,0.2438,-0.2063,0.1256,0.3726,0.8906,0.1897,17.4466,-0.1855
147.479,-0.1694,0.3476,0.2438,-0.2145,0.1332,0.3773,0.8906,0.1815,17.4565,-0.1856
147.481,-0.1498,0.3532,0.2438,-0.2032,0.1332,0.3773,0.9102,0.1928,17.4565,-0.1856
147.482,-0.1503,0.3532,0.2361,-0.2032,0.1290,0.3773,0.9097,0.1928,17.4565,-0.1856
147.483,-0.1503,0.3389,0.2291,-0.2032,0.1290,0.3640,0.9097,0.1928,17.4565,-0.1856
147.575,-0.1503,0.3389,0.2291,-0.2114,0.1367,0.3687,0.9097,0.1846,17.4664,-0.1857
147.577,-0.1322,0.3437,0.2291,-0.2011,0.1367,0.3687,0.9278,0.1949,17.4664,-0.1857
147.578,-0.1347,0.3437,0.2213,-0.2011,0.1310,0.3687,0.9253,0.1949,17.4664,-0.1857
147.580,-0.1347,0.3296,0.2143,-0.2011,0.1310,0.3555,0.9253,0.1949,17.4664,-0.1857
147.664,-0.1347,0.3296,0.2143,-0.2095,0.1388,0.3602,0.9253,0.1865,17.4763,-0.1859
147.666,-0.1178,0.3338,0.2143,-0.2000,0.1388,0.3602,0.9422,0.1960,17.4763,-0.1859
147.668,-0.1228,0.3338,0.2063,-0.2000,0.1313,0.3602,0.9372,0.1960,17.4763,-0.1859
147.670,-0.1228,0.3198,0.1992,-0.2000,0.1313,0.3471,0.9372,0.1960,17.4763,-0.1859
147.753,-0.1228,0.3198,0.1992,-0.2084,0.1391,0.3518,0.9372,0.1876,17.4863,-0.1860
147.755,-0.1060,0.3235,0.1992,-0.1992,0.1391,0.3518,0.9540,0.1968,17.4863,-0.1860
147.757,-0.1126,0.3235,0.1910,-0.1992,0.1303,0.3518,0.9474,0.1968,17.4863,-0.1860
147.758,-0.1126,0.3092,0.1837,-0.1992,0.1303,0.3384,0.9474,0.1968,17.4863,-0.1860
147.858,-0.1126,0.3092,0.1837,-0.2077,0.1382,0.3431,0.9474,0.1883,17.4962,-0.1861
147.865,-0.0953,0.3126,0.1837,-0.1984,0.1382,0.3431,0.9647,0.1976,17.4962,-0.1861
147.865,-0.1023,0.3126,0.1754,-0.1984,0.1291,0.3431,0.9577,0.1976,17.4962,-0.1861
147.866,-0.1023,0.2979,0.1678,-0.1984,0.1291,0.3293,0.9577,0.1976,17.4962,-0.1861
147.966,-0.1023,0.2979,0.1678,-0.1984,0.1291,0.3293,0.9577,0.1976,17.4962,-0.1861
147.969,-0.1023,0.2979,0.1678,-0.2070,0.1371,0.3340,0.9577,0.1890,17.5061,-0.1862
147.976,-0.0845,0.3013,0.1678,-0.1974,0.1371,0.3340,0.9755,0.1986,17.5061,-0.1862
147.977,-0.0914,0.3013,0.1596,-0.1974,0.1282,0.3340,0.9686,0.1986,17.5061,-0.1862
147.977,-0.0914,0.2859,0.1515,-0.1974,0.1282,0.3196,0.9686,0.1986,17.5061,-0.1862
148.071,-0.0914,0.2859,0.1515,-0.2061,0.1361,0.3244,0.9686,0.1899,17.5160,-0.1863
148.071,-0.0740,0.2894,0.1515,-0.1964,0.1361,0.3244,0.9860,0.1996,17.5160,-0.1863
148.072,-0.0812,0.2894,0.1434,-0.1964,0.1270,0.3244,0.9788,0.1996,17.5160,-0.1863
148.073,-0.0812,0.2735,0.1347,-0.1964,0.1270,0.3093,0.9788,0.1996,17.5160,-0.1863
148.173,-0.0812,0.2735,0.1347,-0.1964,0.1270,0.3093,0.9788,0.1996,17.5160,-0.1863
148.198,-0.0812,0.2735,0.1347,-0.2052,0.1351,0.3141,0.9788,0.1908,17.5260,-0.1864
148.198,-0.0647,0.2769,0.1347,-0.1958,0.1351,0.3141,0.9953,0.2002,17.5260,-0.1864
148.199,-0.0729,0.2769,0.1264,-0.1958,0.1251,0.3141,0.9871,0.2002,17.5260,-0.1864
148.199,-0.0729,0.2607,0.1168,-0.1958,0.1251,0.2986,0.9871,0.2002,17.5260,-0.1864
148.299,-0.0729,0.2607,0.1168,-0.1958,0.1251,0.2986,0.9871,0.2002,17.5260,-0.1864
148.326,-0.0729,0.2607,0.1168,-0.2047,0.1331,0.3034,0.9871,0.1913,17.5359,-0.1865
148.327,-0.0570,0.2638,0.1168,-0.1956,0.1331,0.3034,1.0030,0.2004,17.5359,-0.1865
148.328,-0.0667,0.2638,0.1082,-0.1956,0.1220,0.3034,0.9933,0.2004,17.5359,-0.1865
148.328,-0.0667,0.2473,0.0980,-0.1956,0.1220,0.2873,0.9933,0.2004,17.5359,-0.1865
148.429,-0.0667,0.2473,0.0980,-0.1956,0.1220,0.2873,0.9933,0.2004,17.5359,-0.1865
148.447,-0.0667,0.2473,0.0980,-0.2045,0.1301,0.2922,0.9933,0.1915,17.5458,-0.1866
148.447,-0.0507,0.2500,0.0980,-0.1956,0.1301,0.2922,1.0093,0.2004,17.5458,-0.1866
148.448,-0.0613,0.2500,0.0891,-0.1956,0.1181,0.2922,0.9987,0.2004,17.5458,-0.1866
148.448,-0.0613,0.2332,0.0784,-0.1956,0.1181,0.2757,0.9987,0.2004,17.5458,-0.1866
148.548,-0.0613,0.2332,0.0784,-0.1956,0.1181,0.2757,0.9987,0.2004,17.5458,-0.1866
148.566,-0.0613,0.2332,0.0784,-0.2046,0.1263,0.2806,0.9987,0.1914,17.5557,-0.1867
148.566,-0.0448,0.2356,0.0784,-0.1955,0.1263,0.2806,1.0152,0.2005,17.5557,-0.1867
148.566,-0.0557,0.2356,0.0689,-0.1955,0.1139,0.2806,1.0043,0.2005,17.5557,-0.1867
148.567,-0.0557,0.2186,0.0579,-0.1955,0.1139,0.2639,1.0043,0.2005,17.5557,-0.1867
148.667,-0.0557,0.2186,0.0579,-0.1955,0.1139,0.2639,1.0043,0.2005,17.5557,-0.1867
148.679,-0.0557,0.2186,0.0579,-0.2046,0.1220,0.2689,1.0043,0.1914,17.5657,-0.1868
148.679,-0.0389,0.2207,0.0579,-0.1955,0.1220,0.2689,1.0211,0.2005,17.5657,-0.1868
148.685,-0.0501,0.2207,0.0476,-0.1955,0.1090,0.2689,1.0099,0.2005,17.5657,-0.1868
148.686,-0.0501,0.2037,0.0363,-0.1955,0.1090,0.2520,1.0099,0.2005,17.5657,-0.1868
148.786,-0.0501,0.2037,0.0363,-0.1955,0.1090,0.2520,1.0099,0.2005,17.5657,-0.1868
148.809,-0.0501,0.2037,0.0363,-0.2046,0.1173,0.2570,1.0099,0.1914,17.5756,-0.1869
148.809,-0.0337,0.2055,0.0363,-0.1957,0.1173,0.2570,1.0263,0.2003,17.5756,-0.1869
148.809,-0.0454,0.2055,0.0247,-0.1957,0.1034,0.2570,1.0146,0.2003,17.5756,-0.1869
148.810,-0.0454,0.1885,0.0129,-0.1957,0.1034,0.2400,1.0146,0.2003,17.5756,-0.1869
148.875,-0.0454,0.1885,0.0129,-0.2048,0.1116,0.2451,1.0146,0.1912,17.5855,-0.1870
148.876,-0.0295,0.1901,0.0129,-0.1962,0.1116,0.2451,1.0305,0.1998,17.5855,-0.1870
148.876,-0.0418,0.1901,-0.0005,-0.1962,0.0966,0.2451,1.0182,0.1998,17.5855,-0.1870
148.876,-0.0418,0.1733,-0.0127,-0.1962,0.0966,0.2280,1.0182,0.1998,17.5855,-0.1870
148.976,-0.0418,0.1733,-0.0127,-0.1962,0.0966,0.2280,1.0182,0.1998,17.5855,-0.1870
148.992,-0.0418,0.1733,-0.0127,-0.2055,0.1049,0.2331,1.0182,0.1905,17.5954,-0.1871
148.992,-0.0260,0.1745,-0.0127,-0.1970,0.1049,0.2331,1.0340,0.1990,17.5954,-0.1871
148.992,-0.0382,0.1745,-0.0273,-0.1970,0.0896,0.2331,1.0218,0.1990,17.5954,-0.1871
148.993,-0.0382,0.1579,-0.0400,-0.1970,0.0896,0.2160,1.0200,0.1990,17.5954,-0.1871
149.081,-0.0382,0.1579,-0.0400,-0.2063,0.0980,0.2212,1.0200,0.1897,17.6054,-0.1872
149.083,-0.0221,0.1590,-0.0400,-0.1975,0.0980,0.2212,1.0200,0.1985,17.6054,-0.1872
149.084,-0.0332,0.1590,-0.0544,-0.1975,0.0836,0.2212,1.0056,0.1985,17.6054,-0.1872
149.084,-0.0332,0.1425,-0.0674,-0.1975,0.0836,0.2041,0.9926,0.1985,17.6054,-0.1872
149.168,-0.0332,0.1425,-0.0674,-0.2069,0.0921,0.2093,0.9926,0.1891,17.6153,-0.1874
149.169,-0.0168,0.1435,-0.0674,-0.1979,0.0921,0.2093,0.9926,0.1981,17.6153,-0.1874
149.170,-0.0271,0.1435,-0.0817,-0.1979,0.0784,0.2093,0.9783,0.1981,17.6153,-0.1874
149.170,-0.0271,0.1271,-0.0949,-0.1979,0.0784,0.1922,0.9651,0.1981,17.6153,-0.1874
149.271,-0.0271,0.1271,-0.0949,-0.1979,0.0784,0.1922,0.9651,0.1981,17.6153,-0.1874
149.291,-0.0271,0.1271,-0.0949,-0.2073,0.0870,0.1975,0.9651,0.1887,17.6252,-0.1875
149.291,-0.0110,0.1280,-0.0949,-0.1984,0.0870,0.1975,0.9651,0.1976,17.6252,-0.1875
149.292,-0.0215,0.1280,-0.1100,-0.1984,0.0730,0.1975,0.9500,0.1976,17.6252,-0.1875
149.292,-0.0215,0.1116,-0.1233,-0.1984,0.0730,0.1802,0.9367,0.1976,17.6252,-0.1875
149.392,-0.0215,0.1116,-0.1233,-0.1984,0.0730,0.1802,0.9367,0.1976,17.6252,-0.1875
149.411,-0.0215,0.1116,-0.1233,-0.2079,0.0816,0.1856,0.9367,0.1881,17.6351,-0.1876
149.412,-0.0060,0.1124,-0.1233,-0.1991,0.0816,0.1856,0.9367,0.1969,17.6351,-0.1876
149.413,-0.0178,0.1124,-0.1398,-0.1991,0.0664,0.1856,0.9202,0.1969,17.6351,-0.1876
149.413,-0.0178,0.0958,-0.1532,-0.1991,0.0664,0.1680,0.9068,0.1969,17.6351,-0.1876
149.513,-0.0178,0.0958,-0.1532,-0.1991,0.0664,0.1680,0.9068,0.1969,17.6351,-0.1876
149.538,-0.0178,0.0958,-0.1532,-0.2086,0.0750,0.1735,0.9068,0.1874,17.6450,-0.1877
149.539,-0.0026,0.0968,-0.1532,-0.1997,0.0750,0.1735,0.9068,0.1963,17.6450,-0.1877
149.539,-0.0156,0.0968,-0.1706,-0.1997,0.0585,0.1735,0.8894,0.1963,17.6450,-0.1877
149.540,-0.0156,0.0799,-0.1840,-0.1997,0.0585,0.1556,0.8760,0.1963,17.6450,-0.1877
149.640,-0.0156,0.0799,-0.1840,-0.1997,0.0585,0.1556,0.8760,0.1963,17.6450,-0.1877
149.650,-0.0156,0.0799,-0.1840,-0.2094,0.0672,0.1611,0.8760,0.1866,17.6550,-0.1878
149.650,-0.0003,0.0813,-0.1840,-0.1999,0.0672,0.1611,0.8760,0.1961,17.6550,-0.1878
149.651,-0.0135,0.0813,-0.2013,-0.1999,0.0507,0.1611,0.8587,0.1961,17.6550,-0.1878
149.652,-0.0135,0.0641,-0.2146,-0.1999,0.0507,0.1430,0.8454,0.1961,17.6550,-0.1878
149.726,-0.0135,0.0641,-0.2146,-0.2096,0.0595,0.1486,0.8454,0.1864,17.6649,-0.1879
149.728,0.0024,0.0663,-0.2146,-0.1993,0.0595,0.1486,0.8454,0.1967,17.6649,-0.1879
149.730,-0.0103,0.0663,-0.2315,-0.1993,0.0436,0.1486,0.8285,0.1967,17.6649,-0.1879
149.733,-0.0103,0.0489,-0.2443,-0.1993,0.0436,0.1304,0.8157,0.1967,17.6649,-0.1879
149.814,-0.0103,0.0489,-0.2443,-0.2090,0.0524,0.1361,0.8157,0.1870,17.6748,-0.1880
149.815,0.0059,0.0518,-0.2443,-0.1978,0.0524,0.1361,0.8157,0.1982,17.6748,-0.1880
149.817,-0.0064,0.0518,-0.2610,-0.1978,0.0371,0.1361,0.7990,0.1982,17.6748,-0.1880
149.819,-0.0064,0.0344,-0.2727,-0.1978,0.0371,0.1180,0.7873,0.1982,17.6748,-0.1880
149.903,-0.0064,0.0344,-0.2727,-0.2076,0.0460,0.1238,0.7873,0.1884,17.6847,-0.1881
149.904,0.0097,0.0379,-0.2727,-0.1961,0.0460,0.1238,0.7873,0.1999,17.6847,-0.1881
149.906,-0.0030,0.0379,-0.2897,-0.1961,0.0304,0.1238,0.7703,0.1999,17.6847,-0.1881
149.908,-0.0030,0.0203,-0.3001,-0.1961,0.0304,0.1060,0.7599,0.1999,17.6847,-0.1881
149.992,-0.0030,0.0203,-0.3001,-0.2059,0.0394,0.1118,0.7599,0.1901,17.6947,-0.1882
149.993,0.0126,0.0243,-0.3001,-0.1943,0.0394,0.1118,0.7599,0.2017,17.6947,-0.1882
149.995,-0.0010,0.0243,-0.3174,-0.1943,0.0231,0.1118,0.7426,0.2017,17.6947,-0.1882
149.996,-0.0010,0.0067,-0.3259,-0.1943,0.0231,0.0946,0.7341,0.2017,17.6947,-0.1882
150.071,-0.0010,0.0067,-0.3259,-0.2041,0.0321,0.1004,0.7341,0.1919,17.7046,-0.1883
150.073,0.0144,0.0116,-0.3259,-0.1921,0.0321,0.1004,0.7341,0.2039,17.7046,-0.1883
150.076,-0.0005,0.0116,-0.3430,-0.1921,0.0148,0.1004,0.7170,0.2039,17.7046,-0.1883
150.077,-0.0005,-0.0063,-0.3496,-0.1921,0.0148,0.0836,0.7104,0.2039,17.7046,-0.1883
150.155,-0.0005,-0.0063,-0.3496,-0.2019,0.0239,0.0894,0.7104,0.1941,17.7145,-0.1884
150.157,0.0152,-0.0002,-0.3496,-0.1890,0.0239,0.0894,0.7104,0.2070,17.7145,-0.1884
150.159,-0.0008,-0.0002,-0.3660,-0.1890,0.0058,0.0894,0.6940,0.2070,17.7145,-0.1884
150.160,-0.0008,-0.0185,-0.3706,-0.1890,0.0058,0.0729,0.6894,0.2070,17.7145,-0.1884
150.236,-0.0008,-0.0185,-0.3706,-0.1988,0.0150,0.0787,0.6894,0.1972,17.7244,-0.1885
150.237,0.0157,-0.0110,-0.3706,-0.1848,0.0150,0.0787,0.6894,0.2112,17.7244,-0.1885
150.238,-0.0006,-0.0110,-0.3864,-0.1848,-0.0031,0.0787,0.6736,0.2112,17.7244,-0.1885
150.238,-0.0006,-0.0292,-0.3893,-0.1848,-0.0031,0.0630,0.6707,0.2112,17.7244,-0.1885
150.314,-0.0006,-0.0292,-0.3893,-0.1946,0.0061,0.0688,0.6707,0.2014,17.7344,-0.1886
150.315,0.0164,-0.0205,-0.3893,-0.1797,0.0061,0.0688,0.6707,0.2163,17.7344,-0.1886
150.317,0.0001,-0.0205,-0.4047,-0.1797,-0.0118,0.0688,0.6553,0.2163,17.7344,-0.1886
150.318,0.0001,-0.0382,-0.4059,-0.1797,-0.0118,0.0542,0.6541,0.2163,17.7344,-0.1886
150.391,0.0001,-0.0382,-0.4059,-0.1896,-0.0025,0.0599,0.6541,0.2064,17.7443,-0.1887
150.392,0.0170,-0.0286,-0.4059,-0.1742,-0.0025,0.0599,0.6541,0.2218,17.7443,-0.1887
150.393,0.0005,-0.0286,-0.4213,-0.1742,-0.0206,0.0599,0.6387,0.2218,17.7443,-0.1887
150.395,0.0005,-0.0458,-0.4203,-0.1742,-0.0206,0.0465,0.6397,0.2218,17.7443,-0.1887
150.467,0.0005,-0.0458,-0.4203,-0.1841,-0.0113,0.0523,0.6397,0.2119,17.7542,-0.1888
150.468,0.0170,-0.0358,-0.4203,-0.1689,-0.0113,0.0523,0.6397,0.2271,17.7542,-0.1888
150.470,-0.0001,-0.0358,-0.4361,-0.1689,-0.0300,0.0523,0.6239,0.2271,17.7542,-0.1888
150.471,-0.0001,-0.0527,-0.4325,-0.1689,-0.0300,0.0401,0.6275,0.2271,17.7542,-0.1888
150.560,-0.0001,-0.0527,-0.4325,-0.1788,-0.0207,0.0458,0.6275,0.2172,17.7641,-0.1889
150.561,0.0161,-0.0422,-0.4325,-0.1635,-0.0207,0.0458,0.6275,0.2325,17.7641,-0.1889
150.562,-0.0018,-0.0422,-0.4483,-0.1635,-0.0400,0.0458,0.6117,0.2325,17.7641,-0.1889
150.564,-0.0018,-0.0590,-0.4423,-0.1635,-0.0400,0.0348,0.6177,0.2325,17.7641,-0.1889
150.664,-0.0018,-0.0590,-0.4423,-0.1635,-0.0400,0.0348,0.6177,0.2325,17.7641,-0.1889
150.687,-0.0018,-0.0590,-0.4423,-0.1734,-0.0306,0.0404,0.6177,0.2226,17.7741,-0.1890
150.688,0.0146,-0.0479,-0.4423,-0.1577,-0.0306,0.0404,0.6177,0.2383,17.7741,-0.1890
150.689,-0.0035,-0.0479,-0.4576,-0.1577,-0.0500,0.0404,0.6024,0.2383,17.7741,-0.1890
150.690,-0.0035,-0.0639,-0.4506,-0.1577,-0.0500,0.0306,0.6094,0.2383,17.7741,-0.1890
150.773,-0.0035,-0.0639,-0.4506,-0.1676,-0.0406,0.0361,0.6094,0.2284,17.7840,-0.1891
150.775,0.0132,-0.0519,-0.4506,-0.1514,-0.0406,0.0361,0.6094,0.2446,17.7840,-0.1891
150.777,-0.0047,-0.0519,-0.4644,-0.1514,-0.0595,0.0361,0.5956,0.2446,17.7840,-0.1891
150.778,-0.0047,-0.0670,-0.4572,-0.1514,-0.0595,0.0272,0.6028,0.2446,17.7840,-0.1891
150.879,-0.0047,-0.0670,-0.4572,-0.1514,-0.0595,0.0272,0.6028,0.2446,17.7840,-0.1891
150.883,-0.0047,-0.0670,-0.4572,-0.1613,-0.0500,0.0327,0.6028,0.2347,17.7939,-0.1892
150.885,0.0121,-0.0541,-0.4572,-0.1448,-0.0500,0.0327,0.6028,0.2512,17.7939,-0.1892
150.887,-0.0052,-0.0541,-0.4695,-0.1448,-0.0681,0.0327,0.5905,0.2512,17.7939,-0.1892
150.888,-0.0052,-0.0684,-0.4619,-0.1448,-0.0681,0.0247,0.5981,0.2512,17.7939,-0.1892
150.988,-0.0052,-0.0684,-0.4619,-0.1448,-0.0681,0.0247,0.5981,0.2512,17.7939,-0.1892
151.009,-0.0052,-0.0684,-0.4619,-0.1547,-0.0586,0.0300,0.5981,0.2413,17.8038,-0.1893
151.010,0.0113,-0.0551,-0.4619,-0.1382,-0.0586,0.0300,0.5981,0.2578,17.8038,-0.1893
151.011,-0.0061,-0.0551,-0.4735,-0.1382,-0.0766,0.0300,0.5865,0.2578,17.8038,-0.1893
151.012,-0.0061,-0.0688,-0.4649,-0.1382,-0.0766,0.0231,0.5951,0.2578,17.8038,-0.1893
151.113,-0.0061,-0.0688,-0.4649,-0.1382,-0.0766,0.0231,0.5951,0.2578,17.8038,-0.1893
151.140,-0.0061,-0.0688,-0.4649,-0.1481,-0.0671,0.0283,0.5951,0.2479,17.8138,-0.1894
151.142,0.0104,-0.0548,-0.4649,-0.1315,-0.0671,0.0283,0.5951,0.2645,17.8138,-0.1894
151.145,-0.0072,-0.0548,-0.4759,-0.1315,-0.0852,0.0283,0.5841,0.2645,17.8138,-0.1894
151.148,-0.0072,-0.0674,-0.4659,-0.1315,-0.0852,0.0230,0.5941,0.2645,17.8138,-0.1894
151.248,-0.0072,-0.0674,-0.4659,-0.1315,-0.0852,0.0230,0.5941,0.2645,17.8138,-0.1894
151.302,-0.0072,-0.0674,-0.4659,-0.1414,-0.0757,0.0281,0.5941,0.2546,17.8237,-0.1895
151.303,0.0097,-0.0526,-0.4659,-0.1242,-0.0757,0.0281,0.5941,0.2718,17.8237,-0.1895
151.305,-0.0081,-0.0526,-0.4758,-0.1242,-0.0937,0.0281,0.5842,0.2718,17.8237,-0.1895
151.307,-0.0081,-0.0635,-0.4645,-0.1242,-0.0937,0.0248,0.5955,0.2718,17.8237,-0.1895
151.408,-0.0081,-0.0635,-0.4645,-0.1242,-0.0937,0.0248,0.5955,0.2718,17.8237,-0.1895
151.454,-0.0081,-0.0635,-0.4645,-0.1341,-0.0842,0.0298,0.5955,0.2619,17.8336,-0.1896
151.455,0.0093,-0.0482,-0.4645,-0.1165,-0.0842,0.0298,0.5955,0.2795,17.8336,-0.1896
151.457,-0.0080,-0.0482,-0.4719,-0.1165,-0.1013,0.0298,0.5881,0.2795,17.8336,-0.1896
151.461,-0.0080,-0.0581,-0.4601,-0.1165,-0.1013,0.0277,0.5999,0.2795,17.8336,-0.1896
151.557,-0.0080,-0.0581,-0.4601,-0.1264,-0.0918,0.0327,0.5999,0.2696,17.8435,-0.1897
151.560,0.0096,-0.0425,-0.4601,-0.1084,-0.0918,0.0327,0.5999,0.2876,17.8435,-0.1897
151.562,-0.0065,-0.0425,-0.4639,-0.1084,-0.1072,0.0327,0.5961,0.2876,17.8435,-0.1897
151.564,-0.0065,-0.0512,-0.4523,-0.1084,-0.1072,0.0315,0.6077,0.2876,17.8435,-0.1897
151.661,-0.0065,-0.0512,-0.4523,-0.1183,-0.0977,0.0364,0.6077,0.2777,17.8535,-0.1898
151.662,0.0113,-0.0353,-0.4523,-0.1001,-0.0977,0.0364,0.6077,0.2959,17.8535,-0.1898
151.664,-0.0035,-0.0353,-0.4534,-0.1001,-0.1115,0.0364,0.6066,0.2845,17.8535,-0.1898
151.666,-0.0035,-0.0429,-0.4416,-0.1001,-0.1115,0.0363,0.6184,0.2845,17.8535,-0.1898
151.761,-0.0035,-0.0429,-0.4416,-0.1100,-0.1020,0.0411,0.6184,0.2860,17.8634,-0.1899
151.763,0.0143,-0.0264,-0.4416,-0.0916,-0.1020,0.0411,0.6184,0.2940,17.8634,-0.1899
151.765,-0.0001,-0.0264,-0.4419,-0.0916,-0.1152,0.0411,0.6181,0.2808,17.8634,-0.1899
151.767,-0.0001,-0.0335,-0.4293,-0.0916,-0.1152,0.0418,0.6307,0.2808,17.8634,-0.1899
151.852,-0.0001,-0.0335,-0.4293,-0.1015,-0.1057,0.0465,0.6307,0.2903,17.8733,-0.1900
151.853,0.0179,-0.0166,-0.4293,-0.0828,-0.1057,0.0465,0.6307,0.2903,17.8733,-0.1900
151.854,0.0032,-0.0166,-0.4294,-0.0828,-0.1191,0.0465,0.6306,0.2770,17.8733,-0.1900
151.856,0.0032,-0.0237,-0.4159,-0.0828,-0.1191,0.0479,0.6441,0.2770,17.8733,-0.1900
151.935,0.0032,-0.0237,-0.4159,-0.0927,-0.1096,0.0525,0.6441,0.2864,17.8832,-0.1901
151.936,0.0214,-0.0064,-0.4159,-0.0738,-0.1096,0.0525,0.6441,0.2864,17.8832,-0.1901
151.936,0.0070,-0.0064,-0.4143,-0.0738,-0.1222,0.0525,0.6457,0.2738,17.8832,-0.1901
151.937,0.0070,-0.0127,-0.4000,-0.0738,-0.1222,0.0549,0.6600,0.2738,17.8832,-0.1901
152.000,0.0070,-0.0127,-0.4000,-0.0838,-0.1128,0.0595,0.6600,0.2832,17.8932,-0.1902
152.001,0.0252,0.0046,-0.4000,-0.0648,-0.1128,0.0595,0.6600,0.2832,17.8932,-0.1902
152.001,0.0123,0.0046,-0.3955,-0.0648,-0.1235,0.0595,0.6645,0.2726,17.8932,-0.1902
152.003,0.0123,0.0004,-0.3805,-0.0648,-0.1235,0.0639,0.6795,0.2726,17.8932,-0.1902
152.071,0.0123,0.0004,-0.3805,-0.0747,-0.1141,0.0683,0.6795,0.2819,17.9031,-0.1903
152.072,0.0304,0.0174,-0.3805,-0.0558,-0.1141,0.0683,0.6795,0.2819,17.9031,-0.1903
152.074,0.0192,0.0174,-0.3735,-0.0558,-0.1224,0.0683,0.6865,0.2736,17.9031,-0.1903
152.077,0.0192,0.0150,-0.3584,-0.0558,-0.1224,0.0741,0.7016,0.2736,17.9031,-0.1903
152.155,0.0192,0.0150,-0.3584,-0.0657,-0.1131,0.0785,0.7016,0.2829,17.9130,-0.1904
152.156,0.0369,0.0312,-0.3584,-0.0474,-0.1131,0.0785,0.7016,0.2829,17.9130,-0.1904
152.156,0.0267,0.0312,-0.3507,-0.0474,-0.1202,0.0785,0.7093,0.2758,17.9130,-0.1904
152.157,0.0267,0.0293,-0.3358,-0.0474,-0.1202,0.0846,0.7242,0.2758,17.9130,-0.1904
152.232,0.0267,0.0293,-0.3358,-0.0573,-0.1110,0.0889,0.7242,0.2850,17.9229,-0.1906
152.233,0.0428,0.0439,-0.3358,-0.0407,-0.1110,0.0889,0.7242,0.2850,17.9229,-0.1906
152.233,0.0327,0.0439,-0.3286,-0.0407,-0.1180,0.0889,0.7314,0.2780,17.9229,-0.1906
152.235,0.0327,0.0414,-0.3145,-0.0407,-0.1180,0.0943,0.7455,0.2780,17.9229,-0.1906
152.311,0.0327,0.0414,-0.3145,-0.0505,-0.1088,0.0985,0.7455,0.2872,17.9328,-0.1907
152.312,0.0473,0.0546,-0.3145,-0.0355,-0.1088,0.0985,0.7455,0.2872,17.9328,-0.1907
152.314,0.0376,0.0546,-0.3070,-0.0355,-0.1153,0.0985,0.7530,0.2808,17.9328,-0.1907
152.316,0.0376,0.0517,-0.2938,-0.0355,-0.1153,0.1032,0.7662,0.2808,17.9328,-0.1907
152.394,0.0376,0.0517,-0.2938,-0.0454,-0.1061,0.1074,0.7662,0.2899,17.9428,-0.1908
152.395,0.0513,0.0640,-0.2938,-0.0312,-0.1061,0.1074,0.7662,0.2899,17.9428,-0.1908
152.396,0.0428,0.0640,-0.2850,-0.0312,-0.1111,0.1074,0.7750,0.2849,17.9428,-0.1908
152.398,0.0428,0.0612,-0.2724,-0.0312,-0.1111,0.1119,0.7876,0.2849,17.9428,-0.1908
152.472,0.0428,0.0612,-0.2724,-0.0411,-0.1020,0.1161,0.7876,0.2940,17.9527,-0.1909
152.474,0.0555,0.0725,-0.2724,-0.0279,-0.1020,0.1161,0.7876,0.2940,17.9527,-0.1909
152.477,0.0481,0.0725,-0.2625,-0.0279,-0.1057,0.1161,0.7975,0.2904,17.9527,-0.1909
152.478,0.0481,0.0701,-0.2504,-0.0279,-0.1057,0.1207,0.8096,0.2904,17.9527,-0.1909
152.559,0.0481,0.0701,-0.2504,-0.0378,-0.0966,0.1247,0.8096,0.2994,17.9626,-0.1910
152.571,0.0599,0.0807,-0.2504,-0.0255,-0.0966,0.1247,0.8096,0.2994,17.9626,-0.1910
152.572,0.0531,0.0807,-0.2403,-0.0255,-0.0995,0.1247,0.8197,0.2965,17.9626,-0.1910
152.572,0.0531,0.0785,-0.2290,-0.0255,-0.0995,0.1291,0.8310,0.2965,17.9626,-0.1910
152.668,0.0531,0.0785,-0.2290,-0.0354,-0.0905,0.1331,0.8310,0.3055,17.9725,-0.1911
152.668,0.0642,0.0884,-0.2290,-0.0238,-0.0905,0.1331,0.8310,0.3055,17.9725,-0.1911
152.668,0.0576,0.0884,-0.2193,-0.0238,-0.0933,0.1331,0.8407,0.3027,17.9725,-0.1911
152.669,0.0576,0.0860,-0.2090,-0.0238,-0.0933,0.1368,0.8510,0.3027,17.9725,-0.1911
152.755,0.0576,0.0860,-0.2090,-0.0337,-0.0843,0.1408,0.8510,0.3117,17.9825,-0.1912
152.755,0.0678,0.0953,-0.2090,-0.0230,-0.0843,0.1408,0.8510,0.3117,17.9825,-0.1912
152.755,0.0613,0.0953,-0.1991,-0.0230,-0.0869,0.1408,0.8609,0.3091,17.9825,-0.1912
152.756,0.0613,0.0919,-0.1904,-0.0230,-0.0869,0.1431,0.8696,0.3091,17.9825,-0.1912
152.856,0.0613,0.0919,-0.1904,-0.0230,-0.0869,0.1431,0.8696,0.3091,17.9825,-0.1912
152.862,0.0613,0.0919,-0.1904,-0.0329,-0.0780,0.1471,0.8696,0.3180,17.9924,-0.1913
152.864,0.0703,0.1001,-0.1904,-0.0234,-0.0780,0.1471,0.8696,0.3180,17.9924,-0.1913
152.881,0.0639,0.1001,-0.1799,-0.0234,-0.0801,0.1471,0.8801,0.3159,17.9924,-0.1913
152.884,0.0639,0.0953,-0.1734,-0.0234,-0.0801,0.1473,0.8866,0.3159,17.9924,-0.1913
152.964,0.0639,0.0953,-0.1734,-0.0333,-0.0713,0.1512,0.8866,0.3248,18.0023,-0.1914
152.982,0.0717,0.1024,-0.1734,-0.0250,-0.0713,0.1512,0.8866,0.3248,18.0023,-0.1914
152.983,0.0657,0.1024,-0.1623,-0.0250,-0.0727,0.1512,0.8977,0.3233,18.0023,-0.1914
152.985,0.0657,0.0967,-0.1579,-0.0250,-0.0727,0.1497,0.9021,0.3233,18.0023,-0.1914
153.085,0.0657,0.0967,-0.1579,-0.0250,-0.0727,0.1497,0.9021,0.3233,18.0023,-0.1914
153.087,0.0657,0.0967,-0.1579,-0.0349,-0.0640,0.1537,0.9021,0.3320,18.0122,-0.1915
153.088,0.0731,0.1031,-0.1579,-0.0272,-0.0640,0.1537,0.9021,0.3320,18.0122,-0.1915
153.090,0.0674,0.1031,-0.1464,-0.0272,-0.0650,0.1537,0.9136,0.3310,18.0122,-0.1915
153.092,0.0674,0.0974,-0.1431,-0.0272,-0.0650,0.1516,0.9169,0.3310,18.0122,-0.1915
153.158,0.0674,0.0974,-0.1431,-0.0371,-0.0563,0.1556,0.9169,0.3397,18.0222,-0.1916
153.159,0.0758,0.1038,-0.1431,-0.0286,-0.0563,0.1556,0.9169,0.3397,18.0222,-0.1916
153.161,0.0701,0.1038,-0.1312,-0.0286,-0.0571,0.1556,0.9288,0.3389,18.0222,-0.1916
153.162,0.0701,0.0978,-0.1284,-0.0286,-0.0571,0.1531,0.9316,0.3389,18.0222,-0.1916
153.263,0.0701,0.0978,-0.1284,-0.0286,-0.0571,0.1531,0.9316,0.3389,18.0222,-0.1916
153.307,0.0701,0.0978,-0.1284,-0.0385,-0.0485,0.1571,0.9316,0.3476,18.0321,-0.1917
153.308,0.0801,0.1039,-0.1284,-0.0290,-0.0485,0.1571,0.9316,0.3476,18.0321,-0.1917
153.308,0.0744,0.1039,-0.1164,-0.0290,-0.0491,0.1571,0.9436,0.3469,18.0321,-0.1917
153.310,0.0744,0.0967,-0.1147,-0.0290,-0.0491,0.1532,0.9453,0.3469,18.0321,-0.1917
153.394,0.0744,0.0967,-0.1147,-0.0389,-0.0406,0.1572,0.9453,0.3555,18.0420,-0.1918
153.397,0.0852,0.1015,-0.1147,-0.0293,-0.0406,0.1572,0.9453,0.3555,18.0420,-0.1918
153.398,0.0795,0.1015,-0.1026,-0.0293,-0.0410,0.1572,0.9574,0.3550,18.0420,-0.1918
153.399,0.0795,0.0930,-0.1023,-0.0293,-0.0410,0.1517,0.9577,0.3550,18.0420,-0.1918
153.474,0.0795,0.0930,-0.1023,-0.0392,-0.0326,0.1557,0.9577,0.3568,18.0519,-0.1919
153.476,0.0906,0.0955,-0.1023,-0.0303,-0.0326,0.1557,0.9577,0.3634,18.0519,-0.1919
153.477,0.0851,0.0955,-0.0901,-0.0303,-0.0328,0.1557,0.9699,0.3632,18.0519,-0.1919
153.479,0.0851,0.0865,-0.0908,-0.0303,-0.0328,0.1495,0.9692,0.3632,18.0519,-0.1919
153.558,0.0851,0.0865,-0.0908,-0.0402,-0.0244,0.1535,0.9692,0.3558,18.0619,-0.1920
153.559,0.0957,0.0869,-0.0908,-0.0324,-0.0244,0.1535,0.9692,0.3636,18.0619,-0.1920
153.561,0.0905,0.0869,-0.0784,-0.0324,-0.0242,0.1535,0.9816,0.3636,18.0619,-0.1920
153.562,0.0905,0.0783,-0.0798,-0.0324,-0.0242,0.1471,0.9802,0.3636,18.0619,-0.1920
153.662,0.0905,0.0783,-0.0798,-0.0324,-0.0242,0.1471,0.9802,0.3636,18.0619,-0.1920
153.679,0.0905,0.0783,-0.0798,-0.0424,-0.0159,0.1512,0.9802,0.3536,18.0718,-0.1921
153.680,0.1009,0.0789,-0.0798,-0.0347,-0.0159,0.1512,0.9802,0.3613,18.0718,-0.1921
153.681,0.0960,0.0789,-0.0673,-0.0347,-0.0155,0.1512,0.9927,0.3613,18.0718,-0.1921
153.683,0.0960,0.0710,-0.0689,-0.0347,-0.0155,0.1452,0.9911,0.3613,18.0718,-0.1921
153.783,0.0960,0.0710,-0.0689,-0.0347,-0.0155,0.1452,0.9911,0.3613,18.0718,-0.1921
153.836,0.0960,0.0710,-0.0689,-0.0446,-0.0073,0.1493,0.9911,0.3514,18.0817,-0.1922
153.837,0.1078,0.0721,-0.0689,-0.0357,-0.0073,0.1493,0.9911,0.3603,18.0817,-0.1922
153.838,0.1031,0.0721,-0.0565,-0.0357,-0.0067,0.1493,1.0035,0.3603,18.0817,-0.1922
153.840,0.1031,0.0649,-0.0579,-0.0357,-0.0067,0.1439,1.0021,0.3603,18.0817,-0.1922
153.940,0.1031,0.0649,-0.0579,-0.0357,-0.0067,0.1439,1.0021,0.3603,18.0817,-0.1922
153.969,0.1031,0.0649,-0.0579,-0.0456,0.0014,0.1479,1.0021,0.3504,18.0916,-0.1923
153.970,0.1165,0.0646,-0.0579,-0.0361,0.0014,0.1479,1.0021,0.3599,18.0916,-0.1923
153.971,0.1115,0.0646,-0.0457,-0.0361,0.0017,0.1479,1.0143,0.3599,18.0916,-0.1923
153.973,0.1115,0.0578,-0.0472,-0.0361,0.0017,0.1428,1.0128,0.3599,18.0916,-0.1923
154.073,0.1115,0.0578,-0.0472,-0.0361,0.0017,0.1428,1.0128,0.3599,18.0916,-0.1923
154.106,0.1115,0.0578,-0.0472,-0.0460,0.0098,0.1469,1.0128,0.3500,18.1016,-0.1924
154.107,0.1248,0.0555,-0.0472,-0.0373,0.0098,0.1469,1.0128,0.3587,18.1016,-0.1924
154.108,0.1195,0.0555,-0.0353,-0.0373,0.0097,0.1469,1.0247,0.3587,18.1016,-0.1924
154.110,0.1195,0.0490,-0.0374,-0.0373,0.0097,0.1416,1.0226,0.3587,18.1016,-0.1924
154.210,0.1195,0.0490,-0.0374,-0.0472,0.0177,0.1458,1.0226,0.3488,18.1115,-0.1925
154.211,0.1316,0.0457,-0.0374,-0.0396,0.0177,0.1458,1.0226,0.3564,18.1115,-0.1925
154.211,0.1259,0.0457,-0.0258,-0.0396,0.0172,0.1458,1.0342,0.3564,18.1115,-0.1925
154.211,0.1259,0.0398,-0.0287,-0.0396,0.0172,0.1404,1.0313,0.3564,18.1115,-0.1925
154.282,0.1259,0.0398,-0.0287,-0.0496,0.0252,0.1446,1.0313,0.3464,18.1214,-0.1926
154.284,0.1373,0.0361,-0.0287,-0.0427,0.0252,0.1446,1.0313,0.3533,18.1214,-0.1926
154.285,0.1313,0.0361,-0.0175,-0.0427,0.0243,0.1446,1.0425,0.3533,18.1214,-0.1926
154.288,0.1313,0.0321,-0.0219,-0.0427,0.0243,0.1396,1.0381,0.3533,18.1214,-0.1926
154.373,0.1313,0.0321,-0.0219,-0.0526,0.0321,0.1440,1.0381,0.3434,18.1313,-0.1927
154.375,0.1424,0.0281,-0.0219,-0.0459,0.0321,0.1440,1.0381,0.3501,18.1313,-0.1927
154.377,0.1361,0.0281,-0.0109,-0.0459,0.0309,0.1440,1.0491,0.3501,18.1313,-0.1927
154.379,0.1361,0.0263,-0.0168,-0.0459,0.0309,0.1396,1.0432,0.3501,18.1313,-0.1927
154.467,0.1361,0.0263,-0.0168,-0.0558,0.0387,0.1441,1.0432,0.3402,18.1413,-0.1928
154.468,0.1480,0.0230,-0.0168,-0.0483,0.0387,0.1441,1.0432,0.3477,18.1413,-0.1928
154.470,0.1415,0.0230,-0.0058,-0.0483,0.0372,0.1441,1.0542,0.3477,18.1413,-0.1928
154.472,0.1415,0.0218,-0.0121,-0.0483,0.0372,0.1399,1.0479,0.3477,18.1413,-0.1928
154.556,0.1415,0.0218,-0.0121,-0.0582,0.0449,0.1444,1.0479,0.3378,18.1512,-0.1929
154.557,0.1549,0.0210,-0.0121,-0.0486,0.0449,0.1444,1.0479,0.3474,18.1512,-0.1929
154.558,0.1484,0.0210,-0.0010,-0.0486,0.0435,0.1444,1.0590,0.3474,18.1512,-0.1929
154.559,0.1484,0.0184,-0.0081,-0.0486,0.0435,0.1389,1.0519,0.3474,18.1512,-0.1929
154.627,0.1484,0.0184,-0.0081,-0.0585,0.0511,0.1436,1.0519,0.3375,18.1611,-0.1930
154.639,0.1633,0.0206,-0.0081,-0.0466,0.0511,0.1436,1.0519,0.3494,18.1611,-0.1930
154.640,0.1568,0.0206,0.0030,-0.0466,0.0496,0.1436,1.0630,0.3494,18.1611,-0.1930
154.645,0.1568,0.0158,-0.0064,-0.0466,0.0496,0.1354,1.0536,0.3494,18.1611,-0.1930
154.728,0.1568,0.0158,-0.0064,-0.0565,0.0571,0.1402,1.0536,0.3395,18.1710,-0.1931
154.730,0.1727,0.0202,-0.0064,-0.0431,0.0571,0.1402,1.0536,0.3529,18.1710,-0.1931
154.731,0.1660,0.0202,0.0046,-0.0431,0.0556,0.1402,1.0646,0.3529,18.1710,-0.1931
154.734,0.1660,0.0148,-0.0076,-0.0431,0.0556,0.1300,1.0524,0.3529,18.1710,-0.1931
154.822,0.1660,0.0148,-0.0076,-0.0529,0.0630,0.1350,1.0524,0.3431,18.1810,-0.1932
154.824,0.1830,0.0215,-0.0076,-0.0379,0.0630,0.1350,1.0524,0.3581,18.1810,-0.1932
154.826,0.1763,0.0215,0.0033,-0.0379,0.0613,0.1350,1.0633,0.3581,18.1810,-0.1932
154.829,0.1763,0.0170,-0.0107,-0.0379,0.0613,0.1244,1.0493,0.3581,18.1810,-0.1932
154.914,0.1763,0.0170,-0.0107,-0.0477,0.0687,0.1295,1.0493,0.3483,18.1909,-0.1933
154.916,0.1944,0.0264,-0.0107,-0.0309,0.0687,0.1295,1.0493,0.3651,18.1909,-0.1933
154.918,0.1877,0.0264,0.0002,-0.0309,0.0671,0.1295,1.0602,0.3651,18.1909,-0.1933
154.920,0.1877,0.0227,-0.0142,-0.0309,0.0671,0.1192,1.0458,0.3651,18.1909,-0.1933
155.009,0.1877,0.0227,-0.0142,-0.0407,0.0744,0.1245,1.0458,0.3553,18.2008,-0.1934
155.010,0.2058,0.0346,-0.0142,-0.0230,0.0744,0.1245,1.0458,0.3730,18.2008,-0.1934
155.012,0.1991,0.0346,-0.0033,-0.0230,0.0728,0.1245,1.0567,0.3730,18.2008,-0.1934
155.014,0.1991,0.0298,-0.0184,-0.0230,0.0728,0.1131,1.0416,0.3730,18.2008,-0.1934
155.115,0.1991,0.0298,-0.0184,-0.0328,0.0800,0.1185,1.0416,0.3632,18.2108,-0.1935
155.116,0.2163,0.0432,-0.0184,-0.0152,0.0800,0.1185,1.0416,0.3808,18.2108,-0.1935
155.118,0.2094,0.0432,-0.0077,-0.0152,0.0782,0.1185,1.0523,0.3808,18.2108,-0.1935
155.120,0.2094,0.0360,-0.0244,-0.0152,0.0782,0.1047,1.0356,0.3808,18.2108,-0.1935
155.213,0.2094,0.0360,-0.0244,-0.0250,0.0853,0.1103,1.0356,0.3710,18.2207,-0.1936
155.215,0.2258,0.0504,-0.0244,-0.0076,0.0853,0.1103,1.0356,0.3884,18.2207,-0.1936
155.217,0.2184,0.0504,-0.0141,-0.0076,0.0832,0.1103,1.0459,0.3884,18.2207,-0.1936
155.219,0.2184,0.0418,-0.0320,-0.0076,0.0832,0.0948,1.0280,0.3884,18.2207,-0.1936
155.310,0.2184,0.0418,-0.0320,-0.0174,0.0902,0.1006,1.0280,0.3786,18.2306,-0.1937
155.312,0.2351,0.0574,-0.0320,0.0007,0.0902,0.1006,1.0280,0.3967,18.2306,-0.1937
155.314,0.2272,0.0574,-0.0220,0.0007,0.0876,0.1006,1.0380,0.3967,18.2306,-0.1937
155.316,0.2272,0.0483,-0.0397,0.0007,0.0876,0.0850,1.0203,0.3967,18.2306,-0.1937
155.401,0.2272,0.0483,-0.0397,-0.0091,0.0945,0.0908,1.0203,0.3869,18.2405,-0.1938
155.402,0.2444,0.0653,-0.0397,0.0098,0.0945,0.0908,1.0203,0.4058,18.2405,-0.1938
155.404,0.2360,0.0653,-0.0301,0.0098,0.0916,0.0908,1.0299,0.4058,18.2405,-0.1938
155.406,0.2360,0.0555,-0.0465,0.0098,0.0916,0.0754,1.0135,0.4058,18.2405,-0.1938
155.489,0.2360,0.0555,-0.0465,0.0000,0.0984,0.0814,1.0135,0.3960,18.2505,-0.1939
155.491,0.2524,0.0730,-0.0465,0.0186,0.0984,0.0814,1.0135,0.4146,18.2505,-0.1939
155.493,0.2436,0.0730,-0.0373,0.0186,0.0952,0.0814,1.0227,0.4146,18.2505,-0.1939
155.495,0.2436,0.0617,-0.0523,0.0186,0.0952,0.0656,1.0077,0.4146,18.2505,-0.1939
155.578,0.2436,0.0617,-0.0523,0.0088,0.1020,0.0717,1.0077,0.4048,18.2604,-0.1940
155.580,0.2583,0.0790,-0.0523,0.0261,0.1020,0.0717,1.0077,0.4221,18.2604,-0.1940
155.582,0.2491,0.0790,-0.0434,0.0261,0.0984,0.0717,1.0166,0.4221,18.2604,-0.1940
155.584,0.2491,0.0658,-0.0567,0.0261,0.0984,0.0556,1.0033,0.4221,18.2604,-0.1940
155.665,0.2491,0.0658,-0.0567,0.0163,0.1050,0.0618,1.0033,0.4123,18.2703,-0.1940
155.667,0.2619,0.0823,-0.0567,0.0321,0.1050,0.0618,1.0033,0.4281,18.2703,-0.1940
155.669,0.2523,0.0823,-0.0482,0.0321,0.1012,0.0618,1.0118,0.4281,18.2703,-0.1940
155.671,0.2523,0.0679,-0.0596,0.0321,0.1012,0.0458,1.0004,0.4281,18.2703,-0.1940
155.771,0.2523,0.0679,-0.0596,0.0321,0.1012,0.0458,1.0004,0.4281,18.2703,-0.1940
155.789,0.2523,0.0679,-0.0596,0.0223,0.1078,0.0520,1.0004,0.4183,18.2803,-0.1941
155.791,0.2637,0.0837,-0.0596,0.0369,0.1078,0.0520,1.0004,0.4329,18.2803,-0.1941
155.792,0.2538,0.0837,-0.0515,0.0369,0.1036,0.0520,1.0085,0.4329,18.2803,-0.1941
155.794,0.2538,0.0697,-0.0620,0.0369,0.1036,0.0367,0.9980,0.4327,18.2803,-0.1941
155.878,0.2538,0.0697,-0.0620,0.0270,0.1101,0.0430,0.9980,0.4230,18.2902,-0.1942
155.880,0.2631,0.0847,-0.0620,0.0400,0.1101,0.0430,0.9980,0.4360,18.2902,-0.1942
155.882,0.2525,0.0847,-0.0546,0.0400,0.1054,0.0430,1.0054,0.4360,18.2902,-0.1942
155.884,0.2525,0.0707,-0.0633,0.0400,0.1054,0.0287,0.9967,0.4247,18.2902,-0.1942
155.968,0.2525,0.0707,-0.0633,0.0301,0.1119,0.0350,0.9967,0.4261,18.3001,-0.1943
155.969,0.2598,0.0851,-0.0633,0.0416,0.1119,0.0350,0.9967,0.4310,18.3001,-0.1943
155.972,0.2482,0.0851,-0.0570,0.0416,0.1061,0.0350,1.0030,0.4310,18.3001,-0.1943
155.974,0.2482,0.0701,-0.0629,0.0416,0.1061,0.0214,0.9971,0.4174,18.3001,-0.1943
156.070,0.2482,0.0701,-0.0629,0.0318,0.1124,0.0277,0.9971,0.4237,18.3101,-0.1944
156.071,0.2553,0.0845,-0.0629,0.0432,0.1124,0.0277,0.9971,0.4237,18.3101,-0.1944
156.072,0.2430,0.0845,-0.0574,0.0432,0.1059,0.0277,1.0026,0.4237,18.3101,-0.1944
156.074,0.2430,0.0683,-0.0616,0.0432,0.1059,0.0142,0.9984,0.4102,18.3101,-0.1944
156.157,0.2430,0.0683,-0.0616,0.0333,0.1122,0.0205,0.9984,0.4165,18.3200,-0.1945
156.158,0.2507,0.0832,-0.0616,0.0454,0.1122,0.0205,0.9984,0.4165,18.3200,-0.1945
156.160,0.2379,0.0832,-0.0567,0.0454,0.1052,0.0205,1.0033,0.4165,18.3200,-0.1945
156.162,0.2379,0.0666,-0.0598,0.0454,0.1052,0.0073,1.0002,0.4034,18.3200,-0.1945
156.259,0.2379,0.0666,-0.0598,0.0355,0.1114,0.0136,1.0002,0.4096,18.3299,-0.1946
156.276,0.2455,0.0815,-0.0598,0.0477,0.1114,0.0136,1.0002,0.4096,18.3299,-0.1946
156.277,0.2320,0.0815,-0.0559,0.0477,0.1037,0.0136,1.0041,0.4096,18.3299,-0.1946
156.279,0.2320,0.0651,-0.0578,0.0477,0.1037,0.0012,1.0022,0.3972,18.3299,-0.1946
156.372,0.2320,0.0651,-0.0578,0.0379,0.1099,0.0074,1.0022,0.4035,18.3398,-0.1947
156.395,0.2384,0.0797,-0.0578,0.0492,0.1099,0.0074,1.0022,0.4035,18.3398,-0.1947
156.396,0.2238,0.0797,-0.0553,0.0492,0.1010,0.0074,1.0047,0.4035,18.3398,-0.1947
156.397,0.2238,0.0633,-0.0559,0.0492,0.1010,-0.0042,1.0041,0.3918,18.3398,-0.1947
156.481,0.2238,0.0633,-0.0559,0.0393,0.1070,0.0020,1.0041,0.3980,18.3498,-0.1948
156.502,0.2278,0.0773,-0.0559,0.0490,0.1070,0.0020,1.0041,0.3980,18.3498,-0.1948
156.503,0.2122,0.0773,-0.0547,0.0490,0.0970,0.0020,1.0053,0.3980,18.3498,-0.1948
156.504,0.2122,0.0606,-0.0538,0.0490,0.0970,-0.0091,1.0062,0.3869,18.3498,-0.1948
156.591,0.2122,0.0606,-0.0538,0.0391,0.1030,-0.0029,1.0062,0.3931,18.3597,-0.1949
156.593,0.2141,0.0742,-0.0538,0.0475,0.1030,-0.0029,1.0062,0.3931,18.3597,-0.1949
156.595,0.1978,0.0742,-0.0534,0.0475,0.0921,-0.0029,1.0066,0.3931,18.3597,-0.1949
156.596,0.1978,0.0573,-0.0512,0.0475,0.0921,-0.0133,1.0088,0.3827,18.3597,-0.1949
156.676,0.1978,0.0573,-0.0512,0.0376,0.0981,-0.0073,1.0088,0.3887,18.3696,-0.1950
156.678,0.1990,0.0708,-0.0512,0.0457,0.0981,-0.0073,1.0088,0.3887,18.3696,-0.1950
156.680,0.1823,0.0708,-0.0514,0.0457,0.0869,-0.0073,1.0086,0.3887,18.3696,-0.1950
156.683,0.1823,0.0545,-0.0482,0.0457,0.0869,-0.0167,1.0118,0.3794,18.3696,-0.1950
156.765,0.1823,0.0545,-0.0482,0.0357,0.0927,-0.0107,1.0118,0.3854,18.3795,-0.1951
156.767,0.1839,0.0680,-0.0482,0.0441,0.0927,-0.0107,1.0118,0.3854,18.3795,-0.1951
156.768,0.1667,0.0680,-0.0494,0.0441,0.0809,-0.0107,1.0106,0.3854,18.3795,-0.1951
156.770,0.1667,0.0527,-0.0457,0.0441,0.0809,-0.0190,1.0143,0.3770,18.3795,-0.1951
156.859,0.1667,0.0527,-0.0457,0.0342,0.0867,-0.0131,1.0143,0.3829,18.3895,-0.1952
156.874,0.1683,0.0663,-0.0457,0.0427,0.0867,-0.0131,1.0143,0.3829,18.3895,-0.1952
156.876,0.1503,0.0663,-0.0483,0.0427,0.0738,-0.0131,1.0117,0.3829,18.3895,-0.1952
156.877,0.1503,0.0519,-0.0443,0.0427,0.0738,-0.0206,1.0157,0.3754,18.3895,-0.1952
156.961,0.1503,0.0519,-0.0443,0.0328,0.0795,-0.0148,1.0157,0.3812,18.3994,-0.1953
156.977,0.1503,0.0648,-0.0443,0.0401,0.0795,-0.0148,1.0157,0.3812,18.3994,-0.1953
156.979,0.1313,0.0648,-0.0485,0.0401,0.0653,-0.0148,1.0115,0.3812,18.3994,-0.1953
156.981,0.1313,0.0511,-0.0438,0.0401,0.0653,-0.0214,1.0162,0.3746,18.3994,-0.1953
157.061,0.1313,0.0511,-0.0438,0.0301,0.0710,-0.0157,1.0162,0.3804,18.4093,-0.1954
157.075,0.1283,0.0622,-0.0438,0.0349,0.0710,-0.0157,1.0162,0.3804,18.4093,-0.1954
157.076,0.1089,0.0622,-0.0490,0.0349,0.0560,-0.0157,1.0110,0.3804,18.4093,-0.1954
157.076,0.1089,0.0490,-0.0431,0.0349,0.0560,-0.0213,1.0169,0.3748,18.4093,-0.1954
157.165,0.1089,0.0490,-0.0431,0.0249,0.0616,-0.0156,1.0169,0.3804,18.4192,-0.1954
157.165,0.1033,0.0584,-0.0431,0.0274,0.0616,-0.0156,1.0169,0.3804,18.4192,-0.1954
157.166,0.0842,0.0584,-0.0483,0.0274,0.0468,-0.0156,1.0117,0.3804,18.4192,-0.1954
157.167,0.0842,0.0459,-0.0414,0.0274,0.0468,-0.0201,1.0186,0.3759,18.4192,-0.1954
157.251,0.0842,0.0459,-0.0414,0.0175,0.0524,-0.0145,1.0186,0.3815,18.4292,-0.1955
157.252,0.0775,0.0540,-0.0414,0.0187,0.0524,-0.0145,1.0186,0.3815,18.4292,-0.1955
157.252,0.0588,0.0540,-0.0465,0.0187,0.0381,-0.0145,1.0135,0.3815,18.4292,-0.1955
157.252,0.0588,0.0426,-0.0391,0.0187,0.0381,-0.0181,1.0209,0.3779,18.4292,-0.1955
157.352,0.0588,0.0426,-0.0391,0.0187,0.0381,-0.0181,1.0209,0.3779,18.4292,-0.1955
157.370,0.0588,0.0426,-0.0391,0.0088,0.0437,-0.0126,1.0209,0.3834,18.4391,-0.1956
157.370,0.0517,0.0494,-0.0391,0.0092,0.0437,-0.0126,1.0209,0.3834,18.4391,-0.1956
157.370,0.0329,0.0494,-0.0449,0.0092,0.0289,-0.0126,1.0151,0.3834,18.4391,-0.1956
157.371,0.0329,0.0389,-0.0374,0.0092,0.0289,-0.0155,1.0226,0.3805,18.4391,-0.1956
157.462,0.0329,0.0389,-0.0374,-0.0007,0.0345,-0.0101,1.0226,0.3859,18.4490,-0.1957
157.463,0.0250,0.0440,-0.0374,-0.0018,0.0345,-0.0101,1.0226,0.3859,18.4490,-0.1957
157.463,0.0056,0.0440,-0.0447,-0.0018,0.0186,-0.0101,1.0153,0.3859,18.4490,-0.1957
157.463,0.0056,0.0342,-0.0370,-0.0018,0.0186,-0.0124,1.0230,0.3837,18.4490,-0.1957
157.564,0.0056,0.0342,-0.0370,-0.0018,0.0186,-0.0124,1.0230,0.3837,18.4490,-0.1957
157.576,0.0056,0.0342,-0.0370,-0.0117,0.0241,-0.0071,1.0230,0.3843,18.4590,-0.1958
157.576,-0.0044,0.0366,-0.0370,-0.0155,0.0241,-0.0071,1.0230,0.3805,18.4590,-0.1958
157.576,-0.0247,0.0366,-0.0458,-0.0155,0.0068,-0.0071,1.0142,0.3805,18.4590,-0.1958
157.576,-0.0247,0.0273,-0.0375,-0.0155,0.0068,-0.0087,1.0225,0.3805,18.4590,-0.1958
157.659,-0.0247,0.0273,-0.0375,-0.0254,0.0123,-0.0035,1.0225,0.3706,18.4689,-0.1959
157.660,-0.0373,0.0271,-0.0375,-0.0321,0.0123,-0.0035,1.0225,0.3639,18.4689,-0.1959
157.661,-0.0576,0.0271,-0.0467,-0.0321,-0.0053,-0.0035,1.0024,0.3639,18.4689,-0.1959
157.662,-0.0576,0.0185,-0.0375,-0.0321,-0.0053,-0.0042,1.0024,0.3639,18.4689,-0.1959
157.763,-0.0576,0.0185,-0.0375,-0.0321,-0.0053,-0.0042,1.0024,0.3639,18.4689,-0.1959
157.772,-0.0576,0.0185,-0.0375,-0.0420,0.0002,0.0009,1.0024,0.3540,18.4788,-0.1960
157.773,-0.0711,0.0172,-0.0375,-0.0498,0.0002,0.0009,0.9889,0.3462,18.4788,-0.1960
157.773,-0.0904,0.0172,-0.0458,-0.0498,-0.0162,0.0009,0.9696,0.3462,18.4788,-0.1960
157.775,-0.0904,0.0098,-0.0360,-0.0498,-0.0162,0.0014,0.9696,0.3462,18.4788,-0.1960
157.855,-0.0904,0.0098,-0.0360,-0.0597,-0.0107,0.0064,0.9696,0.3363,18.4888,-0.1961
157.855,-0.1031,0.0080,-0.0360,-0.0674,-0.0107,0.0064,0.9569,0.3286,18.4888,-0.1961
157.856,-0.1214,0.0080,-0.0437,-0.0674,-0.0262,0.0064,0.9386,0.3286,18.4888,-0.1961
157.856,-0.1214,0.0023,-0.0334,-0.0674,-0.0262,0.0081,0.9386,0.3286,18.4888,-0.1961
157.956,-0.1214,0.0023,-0.0334,-0.0674,-0.0262,0.0081,0.9386,0.3286,18.4888,-0.1961
157.963,-0.1214,0.0023,-0.0334,-0.0772,-0.0208,0.0130,0.9386,0.3188,18.4987,-0.1962
157.964,-0.1329,-0.0010,-0.0334,-0.0853,-0.0208,0.0130,0.9271,0.3107,18.4987,-0.1962
157.967,-0.1512,-0.0010,-0.0416,-0.0853,-0.0365,0.0130,0.9088,0.3107,18.4987,-0.1962
157.969,-0.1512,-0.0052,-0.0310,-0.0853,-0.0365,0.0157,0.9088,0.3107,18.4987,-0.1962
158.055,-0.1512,-0.0052,-0.0310,-0.0951,-0.0311,0.0206,0.9088,0.3009,18.5086,-0.1963
158.057,-0.1611,-0.0108,-0.0310,-0.1038,-0.0311,0.0206,0.8989,0.2922,18.5086,-0.1963
158.060,-0.1798,-0.0108,-0.0403,-0.1038,-0.0477,0.0206,0.8802,0.2922,18.5086,-0.1963
158.062,-0.1798,-0.0143,-0.0290,-0.1038,-0.0477,0.0241,0.8802,0.2922,18.5086,-0.1963
158.163,-0.1798,-0.0143,-0.0290,-0.1038,-0.0477,0.0241,0.8802,0.2922,18.5086,-0.1963
158.190,-0.1798,-0.0143,-0.0290,-0.1136,-0.0423,0.0288,0.8802,0.2824,18.5185,-0.1964
158.192,-0.1884,-0.0213,-0.0290,-0.1227,-0.0423,0.0288,0.8716,0.2733,18.5185,-0.1964
158.194,-0.2070,-0.0213,-0.0385,-0.1227,-0.0589,0.0288,0.8530,0.2733,18.5185,-0.1964
158.196,-0.2070,-0.0246,-0.0264,-0.1227,-0.0589,0.0329,0.8530,0.2733,18.5185,-0.1964
158.286,-0.2070,-0.0246,-0.0264,-0.1325,-0.0535,0.0376,0.8530,0.2635,18.5285,-0.1965
158.288,-0.2153,-0.0327,-0.0264,-0.1422,-0.0535,0.0376,0.8447,0.2538,18.5285,-0.1965
158.290,-0.2331,-0.0327,-0.0344,-0.1422,-0.0689,0.0376,0.8269,0.2538,18.5285,-0.1965
158.292,-0.2331,-0.0354,-0.0217,-0.1422,-0.0689,0.0423,0.8269,0.2538,18.5285,-0.1965
158.380,-0.2331,-0.0354,-0.0217,-0.1519,-0.0635,0.0469,0.8269,0.2441,18.5384,-0.1966
158.381,-0.2409,-0.0450,-0.0217,-0.1623,-0.0635,0.0469,0.8191,0.2337,18.5384,-0.1966
158.382,-0.2573,-0.0450,-0.0275,-0.1623,-0.0767,0.0469,0.8027,0.2337,18.5384,-0.1966
158.384,-0.2573,-0.0468,-0.0145,-0.1623,-0.0767,0.0524,0.8027,0.2337,18.5384,-0.1966
158.465,-0.2573,-0.0468,-0.0145,-0.1721,-0.0713,0.0569,0.8027,0.2239,18.5483,-0.1966
158.466,-0.2623,-0.0569,-0.0145,-0.1814,-0.0713,0.0569,0.7977,0.2146,18.5483,-0.1966
158.469,-0.2771,-0.0569,-0.0191,-0.1814,-0.0828,0.0569,0.7829,0.2146,18.5483,-0.1966
158.471,-0.2771,-0.0572,-0.0061,-0.1814,-0.0828,0.0632,0.7829,0.2146,18.5483,-0.1966
158.574,-0.2771,-0.0572,-0.0061,-0.1814,-0.0828,0.0632,0.7829,0.2146,18.5483,-0.1966
158.575,-0.2771,-0.0572,-0.0061,-0.1912,-0.0775,0.0677,0.7829,0.2048,18.5582,-0.1967
158.576,-0.2773,-0.0663,-0.0061,-0.1971,-0.0775,0.0677,0.7827,0.1989,18.5582,-0.1967
158.577,-0.2902,-0.0663,-0.0099,-0.1971,-0.0874,0.0677,0.7698,0.1989,18.5582,-0.1967
158.577,-0.2902,-0.0655,0.0032,-0.1971,-0.0874,0.0748,0.7698,0.1989,18.5582,-0.1967
158.655,-0.2902,-0.0655,0.0032,-0.2069,-0.0820,0.0791,0.7698,0.1891,18.5682,-0.1968
158.656,-0.2858,-0.0739,0.0032,-0.2097,-0.0820,0.0791,0.7742,0.1863,18.5682,-0.1968
158.656,-0.2971,-0.0739,0.0005,-0.2097,-0.0904,0.0791,0.7629,0.1863,18.5682,-0.1968
158.658,-0.2971,-0.0726,0.0141,-0.2097,-0.0904,0.0868,0.7629,0.1863,18.5682,-0.1968
158.761,-0.2971,-0.0726,0.0141,-0.2097,-0.0904,0.0868,0.7629,0.1863,18.5682,-0.1968
158.763,-0.2971,-0.0726,0.0141,-0.2195,-0.0850,0.0911,0.7629,0.1765,18.5781,-0.1969
158.765,-0.2910,-0.0819,0.0141,-0.2217,-0.0850,0.0911,0.7690,0.1743,18.5781,-0.1969
158.769,-0.3006,-0.0819,0.0139,-0.2217,-0.0910,0.0911,0.7594,0.1743,18.5781,-0.1969
158.771,-0.3006,-0.0809,0.0282,-0.2217,-0.0910,0.0990,0.7594,0.1743,18.5781,-0.1969
158.872,-0.3006,-0.0809,0.0282,-0.2315,-0.0856,0.1032,0.7594,0.1645,18.5880,-0.1970
158.872,-0.2952,-0.0911,0.0282,-0.2345,-0.0856,0.1032,0.7648,0.1615,18.5880,-0.1970
158.873,-0.3019,-0.0911,0.0320,-0.2345,-0.0877,0.1032,0.7581,0.1615,18.5880,-0.1970
158.873,-0.3019,-0.0909,0.0467,-0.2345,-0.0877,0.1109,0.7581,0.1615,18.5880,-0.1970
158.873,-0.3019,-0.0909,0.0467,-0.2345,-0.0877,0.1109,0.7581,0.1615,18.5880,-0.1970
158.952,-0.3019,-0.0909,0.0467,-0.2444,-0.0824,0.1151,0.7581,0.1516,18.5980,-0.1971
158.954,-0.2966,-0.1007,0.0467,-0.2470,-0.0824,0.1151,0.7634,0.1490,18.5980,-0.1971
158.955,-0.2987,-0.1007,0.0545,-0.2470,-0.0795,0.1151,0.7613,0.1490,18.5980,-0.1971
158.957,-0.2987,-0.1018,0.0681,-0.2470,-0.0795,0.1215,0.7613,0.1490,18.5980,-0.1971
159.055,-0.2987,-0.1018,0.0681,-0.2569,-0.0741,0.1256,0.7613,0.1391,18.6079,-0.1972
159.057,-0.2927,-0.1117,0.0681,-0.2591,-0.0741,0.1256,0.7673,0.1369,18.6079,-0.1972
159.059,-0.2903,-0.1117,0.0785,-0.2591,-0.0672,0.1256,0.7697,0.1369,18.6079,-0.1972
159.061,-0.2903,-0.1155,0.0892,-0.2591,-0.0672,0.1291,0.7697,0.1369,18.6079,-0.1972
159.162,-0.2903,-0.1155,0.0892,-0.2591,-0.0672,0.1291,0.7697,0.1369,18.6079,-0.1972
159.190,-0.2903,-0.1155,0.0892,-0.2690,-0.0619,0.1331,0.7697,0.1270,18.6178,-0.1973
159.192,-0.2833,-0.1258,0.0892,-0.2705,-0.0619,0.1331,0.7767,0.1255,18.6178,-0.1973
159.192,-0.2792,-0.1258,0.1010,-0.2705,-0.0533,0.1331,0.7808,0.1255,18.6178,-0.1973
159.192,-0.2792,-0.1322,0.1078,-0.2705,-0.0533,0.1331,0.7808,0.1255,18.6178,-0.1973
159.262,-0.2792,-0.1322,0.1078,-0.2804,-0.0480,0.1370,0.7808,0.1156,18.6277,-0.1974
159.264,-0.2718,-0.1430,0.1078,-0.2817,-0.0480,0.1370,0.7882,0.1143,18.6277,-0.1974
159.277,-0.2680,-0.1430,0.1201,-0.2817,-0.0395,0.1370,0.7920,0.1143,18.6277,-0.1974
159.280,-0.2680,-0.1497,0.1250,-0.2817,-0.0395,0.1358,0.7920,0.1143,18.6277,-0.1974
159.380,-0.2680,-0.1497,0.1250,-0.2817,-0.0395,0.1358,0.7920,0.1143,18.6277,-0.1974
159.400,-0.2680,-0.1497,0.1250,-0.2917,-0.0342,0.1397,0.7920,0.1043,18.6377,-0.1975
159.402,-0.2612,-0.1606,0.1250,-0.2933,-0.0342,0.1397,0.7988,0.1027,18.6377,-0.1975
159.404,-0.2567,-0.1606,0.1385,-0.2933,-0.0248,0.1397,0.8033,0.1027,18.6377,-0.1975
159.406,-0.2567,-0.1668,0.1436,-0.2933,-0.0248,0.1389,0.8033,0.1027,18.6377,-0.1975
159.494,-0.2567,-0.1668,0.1436,-0.3032,-0.0195,0.1428,0.8033,0.0928,18.6476,-0.1976
159.496,-0.2510,-0.1775,0.1436,-0.3054,-0.0195,0.1428,0.8090,0.0906,18.6476,-0.1976
159.498,-0.2437,-0.1775,0.1590,-0.3054,-0.0075,0.1428,0.8163,0.0906,18.6476,-0.1976
159.498,-0.2437,-0.1853,0.1632,-0.3054,-0.0075,0.1406,0.8163,0.0906,18.6476,-0.1976
159.599,-0.2437,-0.1853,0.1632,-0.3054,-0.0075,0.1406,0.8163,0.0906,18.6476,-0.1976
159.605,-0.2437,-0.1853,0.1632,-0.3153,-0.0023,0.1444,0.8163,0.0807,18.6575,-0.1977
159.606,-0.2386,-0.1958,0.1632,-0.3176,-0.0023,0.1444,0.8214,0.0784,18.6575,-0.1977
159.608,-0.2288,-0.1958,0.1804,-0.3176,0.0120,0.1444,0.8312,0.0784,18.6575,-0.1977
159.609,-0.2288,-0.2074,0.1811,-0.3176,0.0120,0.1381,0.8312,0.0784,18.6575,-0.1977
159.684,-0.2288,-0.2074,0.1811,-0.3275,0.0173,0.1419,0.8312,0.0685,18.6675,-0.1977
159.685,-0.2235,-0.2181,0.1811,-0.3297,0.0173,0.1419,0.8365,0.0663,18.6675,-0.1977
159.685,-0.2126,-0.2181,0.1989,-0.3297,0.0323,0.1419,0.8419,0.0663,18.6675,-0.1977
159.686,-0.2126,-0.2328,0.1954,-0.3297,0.0323,0.1317,0.8272,0.0663,18.6675,-0.1977
159.786,-0.2126,-0.2328,0.1954,-0.3297,0.0323,0.1317,0.8272,0.0663,18.6675,-0.1977
159.818,-0.2126,-0.2328,0.1954,-0.3396,0.0376,0.1354,0.8272,0.0564,18.6774,-0.1978
159.819,-0.2063,-0.2444,0.1954,-0.3413,0.0376,0.1354,0.8156,0.0547,18.6774,-0.1978
159.819,-0.1963,-0.2444,0.2126,-0.3413,0.0516,0.1354,0.8156,0.0547,18.6774,-0.1978
159.821,-0.1963,-0.2585,0.2080,-0.3413,0.0516,0.1250,0.8015,0.0547,18.6774,-0.1978
159.921,-0.1963,-0.2585,0.2080,-0.3413,0.0516,0.1250,0.8015,0.0547,18.6774,-0.1978
159.958,-0.1963,-0.2585,0.2080,-0.3512,0.0568,0.1287,0.8015,0.0448,18.6873,-0.1979
159.960,-0.1890,-0.2711,0.2080,-0.3525,0.0568,0.1287,0.7889,0.0435,18.6873,-0.1979
159.963,-0.1803,-0.2711,0.2240,-0.3525,0.0693,0.1287,0.7889,0.0435,18.6873,-0.1979
159.966,-0.1803,-0.2829,0.2201,-0.3525,0.0693,0.1198,0.7771,0.0435,18.6873,-0.1979
160.066,-0.1803,-0.2829,0.2201,-0.3525,0.0693,0.1198,0.7771,0.0435,18.6873,-0.1979
160.112,-0.1803,-0.2829,0.2201,-0.3623,0.0745,0.1235,0.7771,0.0337,18.6972,-0.1980
160.115,-0.1725,-0.2955,0.2201,-0.3629,0.0745,0.1235,0.7645,0.0331,18.6972,-0.1980
160.126,-0.1639,-0.2955,0.2355,-0.3629,0.0866,0.1235,0.7645,0.0331,18.6972,-0.1980
160.127,-0.1639,-0.3075,0.2306,-0.3629,0.0866,0.1140,0.7525,0.0331,18.6972,-0.1980
160.227,-0.1639,-0.3075,0.2306,-0.3629,0.0866,0.1140,0.7525,0.0331,18.6972,-0.1980
160.229,-0.1639,-0.3075,0.2306,-0.3727,0.0918,0.1176,0.7525,0.0233,18.7072,-0.1981
160.231,-0.1546,-0.3184,0.2306,-0.3709,0.0918,0.1176,0.7416,0.0251,18.7072,-0.1981
160.232,-0.1456,-0.3184,0.2459,-0.3709,0.1039,0.1176,0.7416,0.0251,18.7072,-0.1981
160.234,-0.1456,-0.3330,0.2378,-0.3709,0.1039,0.1049,0.7270,0.0251,18.7072,-0.1981
160.331,-0.1456,-0.3330,0.2378,-0.3807,0.1091,0.1086,0.7270,0.0153,18.7171,-0.1982
160.334,-0.1336,-0.3419,0.2378,-0.3753,0.1091,0.1086,0.7181,0.0207,18.7171,-0.1982
160.335,-0.1254,-0.3419,0.2525,-0.3753,0.1204,0.1086,0.7181,0.0207,18.7171,-0.1982
160.339,-0.1254,-0.3578,0.2417,-0.3753,0.1204,0.0937,0.7022,0.0207,18.7171,-0.1982
160.438,-0.1254,-0.3578,0.2417,-0.3849,0.1255,0.0975,0.7022,0.0111,18.7270,-0.1983
160.438,-0.1113,-0.3656,0.2417,-0.3770,0.1255,0.0975,0.6944,0.0190,18.7270,-0.1983
160.439,-0.1041,-0.3656,0.2558,-0.3770,0.1357,0.0975,0.6944,0.0190,18.7270,-0.1983
160.441,-0.1041,-0.3795,0.2447,-0.3770,0.1357,0.0835,0.6805,0.0190,18.7270,-0.1983
160.531,-0.1041,-0.3795,0.2447,-0.3866,0.1408,0.0873,0.6805,0.0094,18.7369,-0.1984
160.533,-0.0893,-0.3869,0.2447,-0.3776,0.1408,0.0873,0.6731,0.0184,18.7369,-0.1984
160.534,-0.0828,-0.3869,0.2586,-0.3776,0.1504,0.0873,0.6731,0.0184,18.7369,-0.1984
160.535,-0.0828,-0.3981,0.2480,-0.3776,0.1504,0.0751,0.6619,0.0184,18.7369,-0.1984
160.606,-0.0828,-0.3981,0.2480,-0.3871,0.1555,0.0790,0.6619,0.0089,18.7469,-0.1985
160.607,-0.0675,-0.4048,0.2480,-0.3770,0.1555,0.0790,0.6552,0.0190,18.7469,-0.1985
160.608,-0.0615,-0.4048,0.2620,-0.3770,0.1646,0.0790,0.6552,0.0190,18.7469,-0.1985
160.610,-0.0615,-0.4139,0.2514,-0.3770,0.1646,0.0678,0.6461,0.0190,18.7469,-0.1985
160.677,-0.0615,-0.4139,0.2514,-0.3862,0.1696,0.0717,0.6461,0.0098,18.7566,-0.1987
160.678,-0.0449,-0.4180,0.2514,-0.3737,0.1696,0.0717,0.6420,0.0223,18.7566,-0.1987
160.680,-0.0398,-0.4180,0.2648,-0.3737,0.1778,0.0717,0.6420,0.0223,18.7566,-0.1987
160.682,-0.0398,-0.4261,0.2537,-0.3737,0.1778,0.0609,0.6339,0.0223,18.7566,-0.1987
160.760,-0.0398,-0.4261,0.2537,-0.3827,0.1827,0.0649,0.6339,0.0133,18.7662,-0.1988
160.761,-0.0229,-0.4289,0.2537,-0.3692,0.1827,0.0649,0.6311,0.0268,18.7662,-0.1988
160.762,-0.0186,-0.4289,0.2662,-0.3692,0.1900,0.0649,0.6311,0.0268,18.7662,-0.1988
160.764,-0.0186,-0.4363,0.2544,-0.3692,0.1900,0.0540,0.6237,0.0268,18.7662,-0.1988
160.844,-0.0186,-0.4363,0.2544,-0.3781,0.1948,0.0580,0.6237,0.0179,18.7758,-0.1990
160.847,-0.0019,-0.4383,0.2544,-0.3644,0.1948,0.0580,0.6217,0.0316,18.7758,-0.1990
160.848,0.0017,-0.4383,0.2664,-0.3644,0.2014,0.0580,0.6217,0.0316,18.7758,-0.1990
160.850,0.0017,-0.4454,0.2538,-0.3644,0.2014,0.0468,0.6146,0.0316,18.7758,-0.1990
160.926,0.0017,-0.4454,0.2538,-0.3733,0.2062,0.0510,0.6146,0.0227,18.7855,-0.1991
160.927,0.0182,-0.4460,0.2538,-0.3591,0.2062,0.0510,0.6140,0.0369,18.7855,-0.1991
160.929,0.0213,-0.4460,0.2660,-0.3591,0.2124,0.0510,0.6140,0.0369,18.7855,-0.1991
160.931,0.0213,-0.4528,0.2525,-0.3591,0.2124,0.0395,0.6072,0.0369,18.7855,-0.1991
161.008,0.0213,-0.4528,0.2525,-0.3680,0.2173,0.0440,0.6072,0.0280,18.7954,-0.1993
161.009,0.0382,-0.4515,0.2525,-0.3528,0.2173,0.0440,0.6085,0.0432,18.7954,-0.1993
161.010,0.0407,-0.4515,0.2650,-0.3528,0.2231,0.0440,0.6085,0.0432,18.7954,-0.1993
161.012,0.0407,-0.4575,0.2507,-0.3528,0.2231,0.0323,0.6025,0.0432,18.7954,-0.1993
161.086,0.0407,-0.4575,0.2507,-0.3617,0.2279,0.0370,0.6025,0.0343,18.8054,-0.1994
161.087,0.0582,-0.4545,0.2507,-0.3453,0.2279,0.0370,0.6055,0.0507,18.8054,-0.1994
161.089,0.0592,-0.4545,0.2618,-0.3453,0.2321,0.0370,0.6055,0.0507,18.8054,-0.1994
161.091,0.0592,-0.4594,0.2470,-0.3453,0.2321,0.0257,0.6006,0.0507,18.8054,-0.1994
161.167,0.0592,-0.4594,0.2470,-0.3541,0.2369,0.0306,0.6006,0.0419,18.8154,-0.1995
161.168,0.0770,-0.4554,0.2470,-0.3371,0.2369,0.0306,0.6046,0.0589,18.8154,-0.1995
161.169,0.0753,-0.4554,0.2556,-0.3371,0.2383,0.0306,0.6046,0.0589,18.8154,-0.1995
161.170,0.0753,-0.4593,0.2405,-0.3371,0.2383,0.0197,0.6007,0.0589,18.8154,-0.1995
161.271,0.0753,-0.4593,0.2405,-0.3371,0.2383,0.0197,0.6007,0.0589,18.8154,-0.1995
161.284,0.0753,-0.4593,0.2405,-0.3458,0.2431,0.0248,0.6007,0.0502,18.8254,-0.1996
161.286,0.0927,-0.4551,0.2405,-0.3291,0.2431,0.0248,0.6049,0.0669,18.8254,-0.1996
161.287,0.0887,-0.4551,0.2469,-0.3291,0.2419,0.0248,0.6049,0.0669,18.8254,-0.1996
161.289,0.0887,-0.4585,0.2318,-0.3291,0.2419,0.0140,0.6015,0.0669,18.8254,-0.1996
161.389,0.0887,-0.4585,0.2318,-0.3291,0.2419,0.0140,0.6015,0.0669,18.8254,-0.1996
161.417,0.0887,-0.4585,0.2318,-0.3376,0.2466,0.0192,0.6015,0.0584,18.8352,-0.1997
161.418,0.1055,-0.4543,0.2318,-0.3215,0.2466,0.0192,0.6057,0.0745,18.8352,-0.1997
161.419,0.1010,-0.4543,0.2379,-0.3215,0.2450,0.0192,0.6057,0.0745,18.8352,-0.1997
161.420,0.1010,-0.4575,0.2229,-0.3215,0.2450,0.0087,0.6025,0.0745,18.8352,-0.1997
161.520,0.1010,-0.4575,0.2229,-0.3215,0.2450,0.0087,0.6025,0.0745,18.8352,-0.1997
161.534,0.1010,-0.4575,0.2229,-0.3299,0.2496,0.0141,0.6025,0.0661,18.8451,-0.1998
161.535,0.1180,-0.4527,0.2229,-0.3136,0.2496,0.0141,0.6073,0.0824,18.8451,-0.1998
161.537,0.1137,-0.4527,0.2293,-0.3136,0.2482,0.0141,0.6073,0.0824,18.8451,-0.1998
161.538,0.1137,-0.4556,0.2145,-0.3136,0.2482,0.0038,0.6044,0.0824,18.8451,-0.1998
161.638,0.1137,-0.4556,0.2145,-0.3136,0.2482,0.0038,0.6044,0.0824,18.8451,-0.1998
161.659,0.1137,-0.4556,0.2145,-0.3220,0.2527,0.0094,0.6044,0.0740,18.8551,-0.1999
161.661,0.1314,-0.4495,0.2145,-0.3047,0.2527,0.0094,0.6105,0.0913,18.8551,-0.1999
161.664,0.1266,-0.4495,0.2203,-0.3047,0.2508,0.0094,0.6105,0.0913,18.8551,-0.1999
161.675,0.1266,-0.4518,0.2056,-0.3047,0.2508,-0.0005,0.6082,0.0913,18.8551,-0.1999
161.774,0.1266,-0.4518,0.2056,-0.3130,0.2552,0.0054,0.6082,0.0830,18.8651,-0.1999
161.776,0.1451,-0.4442,0.2056,-0.2945,0.2552,0.0054,0.6158,0.1015,18.8651,-0.1999
161.778,0.1388,-0.4442,0.2100,-0.2945,0.2518,0.0054,0.6158,0.1015,18.8651,-0.1999
161.780,0.1388,-0.4461,0.1955,-0.2945,0.2518,-0.0043,0.6139,0.1015,18.8651,-0.1999
161.880,0.1388,-0.4461,0.1955,-0.2945,0.2518,-0.0043,0.6139,0.1015,18.8651,-0.1999
161.906,0.1388,-0.4461,0.1955,-0.3027,0.2561,0.0017,0.6139,0.0933,18.8751,-0.2000
161.906,0.1575,-0.4374,0.1955,-0.2839,0.2561,0.0017,0.6226,0.1121,18.8751,-0.2000
161.907,0.1507,-0.4374,0.1996,-0.2839,0.2521,0.0017,0.6226,0.1121,18.8751,-0.2000
161.907,0.1507,-0.4392,0.1858,-0.2839,0.2521,-0.0075,0.6208,0.1121,18.8751,-0.2000
162.007,0.1507,-0.4392,0.1858,-0.2839,0.2521,-0.0075,0.6208,0.1121,18.8751,-0.2000
162.008,0.1507,-0.4392,0.1858,-0.2919,0.2564,-0.0014,0.6208,0.1041,18.8850,-0.2001
162.008,0.1688,-0.4299,0.1858,-0.2734,0.2564,-0.0014,0.6301,0.1226,18.8850,-0.2001
162.009,0.1625,-0.4299,0.1908,-0.2734,0.2530,-0.0014,0.6301,0.1226,18.8850,-0.2001
162.010,0.1625,-0.4317,0.1781,-0.2734,0.2530,-0.0099,0.6283,0.1226,18.8850,-0.2001
162.110,0.1625,-0.4317,0.1781,-0.2734,0.2530,-0.0099,0.6283,0.1226,18.8850,-0.2001
162.119,0.1625,-0.4317,0.1781,-0.2813,0.2572,-0.0037,0.6283,0.1147,18.8948,-0.2002
162.120,0.1801,-0.4219,0.1781,-0.2633,0.2572,-0.0037,0.6381,0.1327,18.8948,-0.2002
162.121,0.1740,-0.4219,0.1833,-0.2633,0.2541,-0.0037,0.6381,0.1327,18.8948,-0.2002
162.122,0.1740,-0.4228,0.1702,-0.2633,0.2541,-0.0120,0.6372,0.1327,18.8948,-0.2002
162.211,0.1740,-0.4228,0.1702,-0.2712,0.2582,-0.0056,0.6372,0.1248,18.9047,-0.2003
162.212,0.1914,-0.4120,0.1702,-0.2530,0.2582,-0.0056,0.6480,0.1430,18.9047,-0.2003
162.213,0.1855,-0.4120,0.1753,-0.2530,0.2551,-0.0056,0.6480,0.1430,18.9047,-0.2003
162.213,0.1855,-0.4113,0.1609,-0.2530,0.2551,-0.0137,0.6487,0.1430,18.9047,-0.2003
162.310,0.1855,-0.4113,0.1609,-0.2609,0.2592,-0.0070,0.6487,0.1351,18.9147,-0.2004
162.312,0.2030,-0.3990,0.1609,-0.2422,0.2592,-0.0070,0.6610,0.1538,18.9147,-0.2004
162.314,0.1973,-0.3990,0.1666,-0.2422,0.2565,-0.0070,0.6610,0.1538,18.9147,-0.2004
162.315,0.1973,-0.3978,0.1526,-0.2422,0.2565,-0.0145,0.6622,0.1538,18.9147,-0.2004
162.395,0.1973,-0.3978,0.1526,-0.2501,0.2605,-0.0076,0.6622,0.1459,18.9247,-0.2005
162.397,0.2148,-0.3844,0.1526,-0.2312,0.2605,-0.0076,0.6756,0.1648,18.9247,-0.2005
162.399,0.2098,-0.3844,0.1595,-0.2312,0.2587,-0.0076,0.6756,0.1648,18.9247,-0.2005
162.401,0.2098,-0.3842,0.1478,-0.2312,0.2587,-0.0144,0.6758,0.1648,18.9247,-0.2005
162.481,0.2098,-0.3842,0.1478,-0.2390,0.2626,-0.0074,0.6758,0.1570,18.9347,-0.2006
162.484,0.2269,-0.3701,0.1478,-0.2202,0.2626,-0.0074,0.6899,0.1758,18.9347,-0.2006
162.486,0.2230,-0.3701,0.1562,-0.2202,0.2619,-0.0074,0.6899,0.1758,18.9347,-0.2006
162.488,0.2230,-0.3703,0.1465,-0.2202,0.2619,-0.0132,0.6897,0.1758,18.9347,-0.2006
162.568,0.2230,-0.3703,0.1465,-0.2279,0.2658,-0.0062,0.6897,0.1681,18.9445,-0.2007
162.570,0.2396,-0.3557,0.1465,-0.2094,0.2658,-0.0062,0.7043,0.1866,18.9445,-0.2007
162.572,0.2365,-0.3557,0.1559,-0.2094,0.2661,-0.0062,0.7043,0.1866,18.9445,-0.2007
162.574,0.2365,-0.3557,0.1472,-0.2094,0.2661,-0.0113,0.7043,0.1866,18.9445,-0.2007
162.658,0.2365,-0.3557,0.1472,-0.2171,0.2699,-0.0042,0.7043,0.1789,18.9543,-0.2008
162.659,0.2526,-0.3406,0.1472,-0.1990,0.2699,-0.0042,0.7194,0.1970,18.9543,-0.2008
162.661,0.2499,-0.3406,0.1568,-0.1990,0.2706,-0.0042,0.7194,0.1970,18.9543,-0.2008
162.663,0.2499,-0.3409,0.1483,-0.1990,0.2706,-0.0094,0.7191,0.1970,18.9543,-0.2008
162.750,0.2499,-0.3409,0.1483,-0.2067,0.2744,-0.0021,0.7191,0.1893,18.9643,-0.2009
162.752,0.2652,-0.3255,0.1483,-0.1890,0.2744,-0.0021,0.7345,0.2070,18.9643,-0.2009
162.755,0.2623,-0.3255,0.1578,-0.1890,0.2749,-0.0021,0.7345,0.2070,18.9643,-0.2009
162.757,0.2623,-0.3278,0.1499,-0.1890,0.2749,-0.0083,0.7322,0.2070,18.9643,-0.2009
162.858,0.2623,-0.3278,0.1499,-0.1890,0.2749,-0.0083,0.7322,0.2070,18.9643,-0.2009
162.859,0.2623,-0.3278,0.1499,-0.1967,0.2786,-0.0009,0.7322,0.1993,18.9743,-0.2010
162.859,0.2761,-0.3122,0.1499,-0.1804,0.2786,-0.0009,0.7478,0.2156,18.9743,-0.2010
162.860,0.2723,-0.3122,0.1587,-0.1804,0.2783,-0.0009,0.7478,0.2156,18.9743,-0.2010
162.861,0.2723,-0.3190,0.1523,-0.1804,0.2783,-0.0092,0.7410,0.2156,18.9743,-0.2010
162.938,0.2723,-0.3190,0.1523,-0.1881,0.2819,-0.0016,0.7410,0.2079,18.9842,-0.2010
162.939,0.2833,-0.3034,0.1523,-0.1738,0.2819,-0.0016,0.7566,0.2222,18.9842,-0.2010
162.940,0.2778,-0.3034,0.1595,-0.1738,0.2799,-0.0016,0.7566,0.2222,18.9842,-0.2010
162.941,0.2778,-0.3154,0.1552,-0.1738,0.2799,-0.0122,0.7446,0.2222,18.9842,-0.2010
163.008,0.2778,-0.3154,0.1552,-0.1815,0.2834,-0.0047,0.7446,0.2145,18.9941,-0.2011
163.009,0.2863,-0.3000,0.1552,-0.1693,0.2834,-0.0047,0.7600,0.2267,18.9941,-0.2011
163.009,0.2786,-0.3000,0.1601,-0.1693,0.2792,-0.0047,0.7600,0.2267,18.9941,-0.2011
163.010,0.2786,-0.3142,0.1574,-0.1693,0.2792,-0.0158,0.7458,0.2267,18.9941,-0.2011
163.070,0.2786,-0.3142,0.1574,-0.1770,0.2827,-0.0084,0.7458,0.2190,19.0040,-0.2012
163.071,0.2856,-0.2991,0.1574,-0.1660,0.2827,-0.0084,0.7609,0.2300,19.0040,-0.2012
163.071,0.2763,-0.2991,0.1605,-0.1660,0.2768,-0.0084,0.7609,0.2300,19.0040,-0.2012
163.072,0.2763,-0.3104,0.1580,-0.1660,0.2768,-0.0174,0.7496,0.2300,19.0040,-0.2012
163.161,0.2763,-0.3104,0.1580,-0.1737,0.2802,-0.0100,0.7496,0.2223,19.0139,-0.2013
163.162,0.2834,-0.2954,0.1580,-0.1626,0.2802,-0.0100,0.7646,0.2334,19.0139,-0.2013
163.162,0.2740,-0.2954,0.1607,-0.1626,0.2741,-0.0100,0.7646,0.2334,19.0139,-0.2013
163.163,0.2740,-0.3052,0.1583,-0.1626,0.2741,-0.0179,0.7548,0.2334,19.0139,-0.2013
163.257,0.2740,-0.3052,0.1583,-0.1704,0.2774,-0.0104,0.7548,0.2256,19.0238,-0.2014
163.258,0.2812,-0.2901,0.1583,-0.1591,0.2774,-0.0104,0.7699,0.2369,19.0238,-0.2014
163.259,0.2721,-0.2901,0.1609,-0.1591,0.2716,-0.0104,0.7699,0.2369,19.0238,-0.2014
163.260,0.2721,-0.3031,0.1594,-0.1591,0.2716,-0.0198,0.7569,0.2369,19.0238,-0.2014
163.360,0.2721,-0.3031,0.1594,-0.1591,0.2716,-0.0198,0.7569,0.2369,19.0238,-0.2014
163.379,0.2721,-0.3031,0.1594,-0.1670,0.2749,-0.0123,0.7569,0.2290,19.0338,-0.2015
163.380,0.2773,-0.2879,0.1594,-0.1572,0.2749,-0.0123,0.7721,0.2388,19.0338,-0.2015
163.381,0.2668,-0.2879,0.1603,-0.1572,0.2676,-0.0123,0.7721,0.2388,19.0338,-0.2015
163.381,0.2668,-0.3068,0.1605,-0.1572,0.2676,-0.0246,0.7532,0.2388,19.0338,-0.2015
163.450,0.2668,-0.3068,0.1605,-0.1651,0.2709,-0.0172,0.7532,0.2309,19.0438,-0.2016
163.450,0.2687,-0.2923,0.1605,-0.1579,0.2709,-0.0172,0.7677,0.2381,19.0438,-0.2016
163.450,0.2549,-0.2923,0.1583,-0.1579,0.2603,-0.0172,0.7677,0.2381,19.0438,-0.2016
163.451,0.2549,-0.3135,0.1593,-0.1579,0.2603,-0.0303,0.7465,0.2381,19.0438,-0.2016
163.551,0.2549,-0.3135,0.1593,-0.1579,0.2603,-0.0303,0.7465,0.2381,19.0438,-0.2016
163.567,0.2549,-0.3135,0.1593,-0.1658,0.2635,-0.0231,0.7465,0.2302,19.0537,-0.2017
163.568,0.2549,-0.2996,0.1593,-0.1602,0.2635,-0.0231,0.7604,0.2358,19.0537,-0.2017
163.569,0.2383,-0.2996,0.1545,-0.1602,0.2500,-0.0231,0.7604,0.2358,19.0537,-0.2017
163.571,0.2383,-0.3184,0.1552,-0.1602,0.2500,-0.0347,0.7416,0.2358,19.0537,-0.2017
163.671,0.2383,-0.3184,0.1552,-0.1602,0.2500,-0.0347,0.7416,0.2358,19.0537,-0.2017
163.671,0.2383,-0.3184,0.1552,-0.1681,0.2531,-0.0275,0.7416,0.2279,19.0635,-0.2018
163.672,0.2385,-0.3044,0.1552,-0.1622,0.2531,-0.0275,0.7556,0.2338,19.0635,-0.2018
163.680,0.2210,-0.3044,0.1495,-0.1622,0.2389,-0.0275,0.7556,0.2338,19.0635,-0.2018
163.680,0.2210,-0.3203,0.1500,-0.1622,0.2389,-0.0373,0.7397,0.2338,19.0635,-0.2018
163.755,0.2210,-0.3203,0.1500,-0.1703,0.2420,-0.0301,0.7397,0.2257,19.0734,-0.2019
163.756,0.2221,-0.3056,0.1500,-0.1633,0.2420,-0.0301,0.7544,0.2327,19.0734,-0.2019
163.757,0.2060,-0.3056,0.1450,-0.1633,0.2289,-0.0301,0.7544,0.2327,19.0734,-0.2019
163.759,0.2060,-0.3201,0.1459,-0.1633,0.2289,-0.0386,0.7399,0.2327,19.0734,-0.2019
163.857,0.2060,-0.3201,0.1459,-0.1715,0.2320,-0.0315,0.7399,0.2245,19.0834,-0.2020
163.859,0.2070,-0.3051,0.1459,-0.1643,0.2320,-0.0315,0.7549,0.2317,19.0834,-0.2020
163.861,0.1917,-0.3051,0.1411,-0.1643,0.2197,-0.0315,0.7549,0.2317,19.0834,-0.2020
163.863,0.1917,-0.3195,0.1427,-0.1643,0.2197,-0.0395,0.7405,0.2317,19.0834,-0.2020
163.963,0.1917,-0.3195,0.1427,-0.1643,0.2197,-0.0395,0.7405,0.2317,19.0834,-0.2020
163.972,0.1917,-0.3195,0.1427,-0.1726,0.2227,-0.0324,0.7405,0.2234,19.0934,-0.2021
163.973,0.1917,-0.3049,0.1427,-0.1662,0.2227,-0.0324,0.7551,0.2298,19.0934,-0.2021
163.977,0.1754,-0.3049,0.1370,-0.1662,0.2095,-0.0324,0.7551,0.2298,19.0934,-0.2021
163.979,0.1754,-0.3197,0.1391,-0.1662,0.2095,-0.0402,0.7403,0.2298,19.0934,-0.2021
164.070,0.1754,-0.3197,0.1391,-0.1745,0.2125,-0.0333,0.7403,0.2215,19.1033,-0.2022
164.071,0.1745,-0.3055,0.1391,-0.1689,0.2125,-0.0333,0.7545,0.2271,19.1033,-0.2022
164.073,0.1562,-0.3055,0.1317,-0.1689,0.1974,-0.0333,0.7545,0.2271,19.1033,-0.2022
164.077,0.1562,-0.3201,0.1337,-0.1689,0.1974,-0.0409,0.7399,0.2271,19.1033,-0.2022
164.164,0.1562,-0.3201,0.1337,-0.1772,0.2003,-0.0341,0.7399,0.2188,19.1132,-0.2023
164.165,0.1554,-0.3058,0.1337,-0.1714,0.2003,-0.0341,0.7542,0.2246,19.1132,-0.2023
164.166,0.1361,-0.3058,0.1254,-0.1714,0.1842,-0.0341,0.7542,0.2246,19.1132,-0.2023
164.167,0.1361,-0.3193,0.1267,-0.1714,0.1842,-0.0415,0.7407,0.2246,19.1132,-0.2023
164.264,0.1361,-0.3193,0.1267,-0.1798,0.1871,-0.0347,0.7407,0.2162,19.1230,-0.2024
164.266,0.1359,-0.3044,0.1267,-0.1731,0.1871,-0.0347,0.7556,0.2229,19.1230,-0.2024
164.268,0.1175,-0.3044,0.1187,-0.1731,0.1717,-0.0347,0.7556,0.2229,19.1230,-0.2024
164.269,0.1175,-0.3170,0.1190,-0.1731,0.1717,-0.0420,0.7430,0.2229,19.1230,-0.2024
164.367,0.1175,-0.3170,0.1190,-0.1816,0.1746,-0.0352,0.7430,0.2144,19.1330,-0.2025
164.369,0.1178,-0.3015,0.1190,-0.1742,0.1746,-0.0352,0.7585,0.2218,19.1330,-0.2025
164.370,0.1006,-0.3015,0.1118,-0.1742,0.1604,-0.0352,0.7585,0.2218,19.1330,-0.2025
164.372,0.1006,-0.3139,0.1112,-0.1742,0.1604,-0.0429,0.7461,0.2218,19.1330,-0.2025
164.457,0.1006,-0.3139,0.1112,-0.1828,0.1632,-0.0361,0.7461,0.2132,19.1430,-0.2026
164.459,0.1008,-0.2981,0.1112,-0.1752,0.1632,-0.0361,0.7619,0.2208,19.1430,-0.2026
164.461,0.0841,-0.2981,0.1041,-0.1752,0.1494,-0.0361,0.7619,0.2208,19.1430,-0.2026
164.463,0.0841,-0.3113,0.1030,-0.1752,0.1494,-0.0445,0.7487,0.2208,19.1430,-0.2026
164.557,0.0841,-0.3113,0.1030,-0.1839,0.1522,-0.0377,0.7487,0.2121,19.1529,-0.2027
164.559,0.0839,-0.2954,0.1030,-0.1763,0.1522,-0.0377,0.7646,0.2197,19.1529,-0.2027
164.561,0.0663,-0.2954,0.0949,-0.1763,0.1374,-0.0377,0.7646,0.2197,19.1529,-0.2027
164.561,0.0663,-0.3096,0.0934,-0.1763,0.1374,-0.0470,0.7504,0.2197,19.1529,-0.2027
164.658,0.0663,-0.3096,0.0934,-0.1850,0.1402,-0.0403,0.7504,0.2110,19.1628,-0.2028
164.660,0.0659,-0.2935,0.0934,-0.1775,0.1402,-0.0403,0.7665,0.2185,19.1628,-0.2028
164.662,0.0473,-0.2935,0.0839,-0.1775,0.1242,-0.0403,0.7665,0.2185,19.1628,-0.2028
164.664,0.0473,-0.3087,0.0813,-0.1775,0.1242,-0.0507,0.7513,0.2185,19.1628,-0.2028
164.762,0.0473,-0.3087,0.0813,-0.1862,0.1270,-0.0441,0.7513,0.2098,19.1727,-0.2029
164.764,0.0469,-0.2923,0.0813,-0.1783,0.1270,-0.0441,0.7677,0.2177,19.1727,-0.2029
164.766,0.0282,-0.2923,0.0709,-0.1783,0.1105,-0.0441,0.7677,0.2177,19.1727,-0.2029
164.766,0.0282,-0.3084,0.0665,-0.1783,0.1105,-0.0562,0.7516,0.2177,19.1727,-0.2029
164.867,0.0282,-0.3084,0.0665,-0.1783,0.1105,-0.0562,0.7516,0.2177,19.1727,-0.2029
164.870,0.0282,-0.3084,0.0665,-0.1872,0.1133,-0.0496,0.7516,0.2088,19.1826,-0.2030
164.872,0.0280,-0.2918,0.0665,-0.1790,0.1133,-0.0496,0.7682,0.2170,19.1826,-0.2030
164.874,0.0096,-0.2918,0.0560,-0.1790,0.0971,-0.0496,0.7682,0.2170,19.1826,-0.2030
164.875,0.0096,-0.3078,0.0511,-0.1790,0.0971,-0.0618,0.7522,0.2170,19.1826,-0.2030
164.962,0.0096,-0.3078,0.0511,-0.1879,0.0999,-0.0552,0.7522,0.2081,19.1925,-0.2031
164.965,0.0096,-0.2911,0.0511,-0.1794,0.0999,-0.0552,0.7689,0.2166,19.1925,-0.2031
164.966,-0.0084,-0.2911,0.0403,-0.1794,0.0837,-0.0552,0.7689,0.2166,19.1925,-0.2031
164.967,-0.0084,-0.3060,0.0372,-0.1794,0.0837,-0.0656,0.7540,0.2166,19.1925,-0.2031
165.065,-0.0084,-0.3060,0.0372,-0.1884,0.0865,-0.0590,0.7540,0.2076,19.2025,-0.2032
165.065,-0.0082,-0.2892,0.0372,-0.1796,0.0865,-0.0590,0.7708,0.2164,19.2025,-0.2032
165.066,-0.0264,-0.2892,0.0259,-0.1796,0.0699,-0.0590,0.7708,0.2164,19.2025,-0.2032
165.068,-0.0264,-0.3038,0.0258,-0.1796,0.0699,-0.0675,0.7562,0.2164,19.2025,-0.2032
165.164,-0.0264,-0.3038,0.0258,-0.1887,0.0727,-0.0610,0.7562,0.2073,19.2125,-0.2033
165.165,-0.0258,-0.2868,0.0258,-0.1794,0.0727,-0.0610,0.7732,0.2166,19.2125,-0.2033
165.166,-0.0439,-0.2868,0.0135,-0.1794,0.0558,-0.0610,0.7732,0.2166,19.2125,-0.2033
165.166,-0.0439,-0.3019,0.0151,-0.1794,0.0558,-0.0686,0.7581,0.2166,19.2125,-0.2033
165.258,-0.0439,-0.3019,0.0151,-0.1885,0.0587,-0.0622,0.7581,0.2075,19.2223,-0.2034
165.260,-0.0429,-0.2847,0.0151,-0.1787,0.0587,-0.0622,0.7753,0.2173,19.2223,-0.2034
165.262,-0.0599,-0.2847,0.0021,-0.1787,0.0420,-0.0622,0.7753,0.2173,19.2223,-0.2034
165.263,-0.0599,-0.3001,0.0029,-0.1787,0.0420,-0.0705,0.7599,0.2173,19.2223,-0.2034
165.364,-0.0599,-0.3001,0.0029,-0.1787,0.0420,-0.0705,0.7599,0.2173,19.2223,-0.2034
165.368,-0.0599,-0.3001,0.0029,-0.1879,0.0449,-0.0642,0.7599,0.2081,19.2322,-0.2035
165.370,-0.0583,-0.2827,0.0029,-0.1776,0.0449,-0.0642,0.7773,0.2184,19.2322,-0.2035
165.372,-0.0736,-0.2827,-0.0106,-0.1776,0.0290,-0.0642,0.7773,0.2184,19.2322,-0.2035
165.378,-0.0736,-0.2976,-0.0116,-0.1776,0.0290,-0.0731,0.7624,0.2184,19.2322,-0.2035
165.475,-0.0736,-0.2976,-0.0116,-0.1868,0.0320,-0.0669,0.7624,0.2092,19.2421,-0.2036
165.477,-0.0714,-0.2800,-0.0116,-0.1760,0.0320,-0.0669,0.7800,0.2200,19.2421,-0.2036
165.479,-0.0854,-0.2800,-0.0253,-0.1760,0.0166,-0.0669,0.7800,0.2200,19.2421,-0.2036
165.480,-0.0854,-0.2942,-0.0257,-0.1760,0.0166,-0.0752,0.7658,0.2200,19.2421,-0.2036
165.578,-0.0854,-0.2942,-0.0257,-0.1853,0.0197,-0.0689,0.7658,0.2107,19.2521,-0.2037
165.579,-0.0825,-0.2765,-0.0257,-0.1740,0.0197,-0.0689,0.7835,0.2220,19.2521,-0.2037
165.579,-0.0955,-0.2765,-0.0397,-0.1740,0.0049,-0.0689,0.7835,0.2220,19.2521,-0.2037
165.581,-0.0955,-0.2907,-0.0355,-0.1740,0.0049,-0.0743,0.7693,0.2220,19.2521,-0.2037
165.663,-0.0955,-0.2907,-0.0355,-0.1834,0.0081,-0.0681,0.7693,0.2126,19.2621,-0.2038
165.664,-0.0921,-0.2727,-0.0355,-0.1715,0.0081,-0.0681,0.7873,0.2245,19.2621,-0.2038
165.666,-0.1038,-0.2727,-0.0495,-0.1715,-0.0060,-0.0681,0.7873,0.2245,19.2621,-0.2038
165.667,-0.1038,-0.2857,-0.0398,-0.1715,-0.0060,-0.0696,0.7743,0.2245,19.2621,-0.2038
165.768,-0.1038,-0.2857,-0.0398,-0.1715,-0.0060,-0.0696,0.7743,0.2245,19.2621,-0.2038
165.770,-0.1038,-0.2857,-0.0398,-0.1809,-0.0026,-0.0636,0.7743,0.2151,19.2720,-0.2038
165.771,-0.0997,-0.2674,-0.0398,-0.1686,-0.0026,-0.0636,0.7926,0.2274,19.2720,-0.2038
165.774,-0.1095,-0.2674,-0.0538,-0.1686,-0.0156,-0.0636,0.7926,0.2274,19.2720,-0.2038
165.777,-0.1095,-0.2771,-0.0425,-0.1686,-0.0156,-0.0621,0.7829,0.2274,19.2720,-0.2038
165.875,-0.1095,-0.2771,-0.0425,-0.1780,-0.0121,-0.0563,0.7829,0.2180,19.2819,-0.2040
165.876,-0.1050,-0.2587,-0.0425,-0.1654,-0.0121,-0.0563,0.8013,0.2306,19.2819,-0.2040
165.877,-0.1123,-0.2587,-0.0562,-0.1654,-0.0234,-0.0563,0.8013,0.2306,19.2819,-0.2040
165.877,-0.1123,-0.2658,-0.0459,-0.1654,-0.0234,-0.0540,0.7942,0.2306,19.2819,-0.2040
165.963,-0.1123,-0.2658,-0.0459,-0.1748,-0.0197,-0.0483,0.7942,0.2212,19.2918,-0.2041
165.964,-0.1075,-0.2471,-0.0459,-0.1619,-0.0197,-0.0483,0.8129,0.2341,19.2918,-0.2041
165.966,-0.1126,-0.2471,-0.0590,-0.1619,-0.0295,-0.0483,0.8129,0.2341,19.2918,-0.2041
165.967,-0.1126,-0.2538,-0.0491,-0.1619,-0.0295,-0.0460,0.8062,0.2341,19.2918,-0.2041
166.056,-0.1126,-0.2538,-0.0491,-0.1714,-0.0256,-0.0403,0.8062,0.2246,19.3017,-0.2042
166.057,-0.1074,-0.2350,-0.0491,-0.1582,-0.0256,-0.0403,0.8250,0.2378,19.3017,-0.2042
166.058,-0.1107,-0.2350,-0.0617,-0.1582,-0.0339,-0.0403,0.8250,0.2378,19.3017,-0.2042
166.059,-0.1107,-0.2420,-0.0504,-0.1582,-0.0339,-0.0374,0.8180,0.2378,19.3017,-0.2042
166.181,-0.1107,-0.2420,-0.0504,-0.1679,-0.0298,-0.0318,0.8180,0.2281,19.3117,-0.2042
166.182,-0.1052,-0.2231,-0.0504,-0.1545,-0.0298,-0.0318,0.8369,0.2415,19.3117,-0.2042
166.182,-0.1070,-0.2231,-0.0624,-0.1545,-0.0368,-0.0318,0.8369,0.2415,19.3117,-0.2042
166.182,-0.1070,-0.2296,-0.0489,-0.1545,-0.0368,-0.0275,0.8304,0.2415,19.3117,-0.2042
166.182,-0.1070,-0.2296,-0.0489,-0.1545,-0.0368,-0.0275,0.8304,0.2415,19.3117,-0.2042
166.264,-0.1070,-0.2296,-0.0489,-0.1642,-0.0325,-0.0219,0.8304,0.2318,19.3217,-0.2043
166.265,-0.1012,-0.2107,-0.0489,-0.1506,-0.0325,-0.0219,0.8493,0.2454,19.3217,-0.2043
166.267,-0.1013,-0.2107,-0.0604,-0.1506,-0.0382,-0.0219,0.8493,0.2454,19.3217,-0.2043
166.269,-0.1013,-0.2152,-0.0458,-0.1506,-0.0382,-0.0159,0.8448,0.2454,19.3217,-0.2043
166.371,-0.1013,-0.2152,-0.0458,-0.1603,-0.0336,-0.0105,0.8448,0.2357,19.3316,-0.2045
166.371,-0.0951,-0.1962,-0.0458,-0.1466,-0.0336,-0.0105,0.8638,0.2494,19.3316,-0.2045
166.372,-0.0937,-0.1962,-0.0565,-0.1466,-0.0378,-0.0105,0.8638,0.2494,19.3316,-0.2045
166.372,-0.0937,-0.1980,-0.0423,-0.1466,-0.0378,-0.0031,0.8620,0.2494,19.3316,-0.2045
166.458,-0.0937,-0.1980,-0.0423,-0.1562,-0.0330,0.0021,0.8620,0.2398,19.3414,-0.2046
166.462,-0.0869,-0.1789,-0.0423,-0.1422,-0.0330,0.0021,0.8811,0.2538,19.3414,-0.2046
166.463,-0.0840,-0.1789,-0.0521,-0.1422,-0.0357,0.0021,0.8811,0.2538,19.3414,-0.2046
166.465,-0.0840,-0.1788,-0.0387,-0.1422,-0.0357,0.0101,0.8812,0.2538,19.3414,-0.2046
166.565,-0.0840,-0.1788,-0.0387,-0.1422,-0.0357,0.0101,0.8812,0.2538,19.3414,-0.2046
166.569,-0.0840,-0.1788,-0.0387,-0.1519,-0.0307,0.0153,0.8812,0.2441,19.3513,-0.2047
166.570,-0.0767,-0.1597,-0.0387,-0.1376,-0.0307,0.0153,0.9003,0.2584,19.3513,-0.2047
166.571,-0.0724,-0.1597,-0.0476,-0.1376,-0.0320,0.0153,0.9003,0.2584,19.3513,-0.2047
166.572,-0.0724,-0.1589,-0.0341,-0.1376,-0.0320,0.0236,0.9011,0.2584,19.3513,-0.2047
166.657,-0.0724,-0.1589,-0.0341,-0.1474,-0.0268,0.0288,0.9011,0.2486,19.3613,-0.2048
166.659,-0.0647,-0.1398,-0.0341,-0.1328,-0.0268,0.0288,0.9202,0.2632,19.3613,-0.2048
166.661,-0.0594,-0.1398,-0.0423,-0.1328,-0.0269,0.0288,0.9202,0.2632,19.3613,-0.2048
166.663,-0.0594,-0.1390,-0.0279,-0.1328,-0.0269,0.0375,0.9210,0.2632,19.3613,-0.2048
166.764,-0.0594,-0.1390,-0.0279,-0.1426,-0.0214,0.0427,0.9210,0.2534,19.3712,-0.2049
166.764,-0.0594,-0.1390,-0.0279,-0.1426,-0.0214,0.0427,0.9210,0.2534,19.3712,-0.2049
166.765,-0.0512,-0.1199,-0.0279,-0.1278,-0.0214,0.0427,0.9401,0.2682,19.3712,-0.2049
166.765,-0.0450,-0.1199,-0.0353,-0.1278,-0.0206,0.0427,0.9401,0.2682,19.3712,-0.2049
166.766,-0.0450,-0.1185,-0.0209,-0.1278,-0.0206,0.0517,0.9415,0.2682,19.3712,-0.2049
166.875,-0.0450,-0.1185,-0.0209,-0.1278,-0.0206,0.0517,0.9415,0.2682,19.3712,-0.2049
166.885,-0.0450,-0.1185,-0.0209,-0.1376,-0.0148,0.0568,0.9415,0.2584,19.3812,-0.2050
166.886,-0.0365,-0.0994,-0.0209,-0.1227,-0.0148,0.0568,0.9606,0.2733,19.3812,-0.2050
166.888,-0.0294,-0.0994,-0.0276,-0.1227,-0.0129,0.0568,0.9606,0.2733,19.3812,-0.2050
166.889,-0.0294,-0.0965,-0.0145,-0.1227,-0.0129,0.0658,0.9635,0.2733,19.3812,-0.2050
166.981,-0.0294,-0.0965,-0.0145,-0.1325,-0.0070,0.0710,0.9635,0.2635,19.3911,-0.2051
166.981,-0.0206,-0.0774,-0.0145,-0.1174,-0.0070,0.0710,0.9826,0.2786,19.3911,-0.2051
166.982,-0.0130,-0.0774,-0.0204,-0.1174,-0.0042,0.0710,0.9826,0.2786,19.3911,-0.2051
166.982,-0.0130,-0.0731,-0.0084,-0.1174,-0.0042,0.0802,0.9869,0.2786,19.3911,-0.2051
167.057,-0.0130,-0.0731,-0.0084,-0.1272,0.0019,0.0853,0.9869,0.2688,19.4009,-0.2052
167.058,-0.0038,-0.0540,-0.0084,-0.1119,0.0019,0.0853,1.0060,0.2841,19.4009,-0.2052
167.060,0.0045,-0.0540,-0.0136,-0.1119,0.0056,0.0853,1.0060,0.2841,19.4009,-0.2052
167.065,0.0045,-0.0488,-0.0019,-0.1119,0.0056,0.0948,1.0112,0.2841,19.4009,-0.2052
167.167,0.0045,-0.0488,-0.0019,-0.1119,0.0056,0.0948,1.0112,0.2841,19.4009,-0.2052
167.176,0.0045,-0.0488,-0.0019,-0.1217,0.0119,0.1000,1.0112,0.2743,19.4108,-0.2053
167.176,0.0141,-0.0296,-0.0019,-0.1062,0.0119,0.1000,1.0304,0.2898,19.4108,-0.2053
167.177,0.0233,-0.0296,-0.0066,-0.1062,0.0167,0.1000,1.0304,0.2898,19.4108,-0.2053
167.179,0.0233,-0.0241,0.0051,-0.1062,0.0167,0.1096,1.0359,0.2898,19.4108,-0.2053
167.269,0.0233,-0.0241,0.0051,-0.1161,0.0232,0.1149,1.0359,0.2799,19.4208,-0.2054
167.271,0.0332,-0.0049,0.0051,-0.1005,0.0232,0.1149,1.0551,0.2955,19.4208,-0.2054
167.273,0.0434,-0.0049,0.0010,-0.1005,0.0289,0.1149,1.0551,0.2955,19.4208,-0.2054
167.280,0.0434,0.0011,0.0122,-0.1005,0.0289,0.1244,1.0611,0.2955,19.4208,-0.2054
167.373,0.0434,0.0011,0.0122,-0.1104,0.0356,0.1297,1.0611,0.2856,19.4308,-0.2055
167.378,0.0534,0.0203,0.0122,-0.0947,0.0356,0.1297,1.0722,0.3013,19.4308,-0.2055
167.381,0.0642,0.0203,0.0090,-0.0947,0.0424,0.1297,1.0690,0.3013,19.4308,-0.2055
167.383,0.0642,0.0269,0.0188,-0.0947,0.0424,0.1390,1.0788,0.3013,19.4308,-0.2055
167.485,0.0642,0.0269,0.0188,-0.0947,0.0424,0.1390,1.0788,0.3013,19.4308,-0.2055
167.491,0.0642,0.0269,0.0188,-0.1046,0.0492,0.1442,1.0788,0.2914,19.4407,-0.2056
167.496,0.0742,0.0461,0.0188,-0.0889,0.0492,0.1442,1.0788,0.3071,19.4407,-0.2056
167.498,0.0857,0.0461,0.0169,-0.0889,0.0571,0.1442,1.0769,0.3071,19.4407,-0.2056
167.500,0.0857,0.0534,0.0255,-0.0889,0.0571,0.1534,1.0855,0.3071,19.4407,-0.2056
167.601,0.0857,0.0534,0.0255,-0.0889,0.0571,0.1534,1.0855,0.3071,19.4407,-0.2056
167.608,0.0857,0.0534,0.0255,-0.0987,0.0640,0.1587,1.0855,0.2973,19.4506,-0.2057
167.612,0.0957,0.0726,0.0255,-0.0831,0.0640,0.1587,1.0855,0.3129,19.4506,-0.2057
167.613,0.1077,0.0726,0.0255,-0.0831,0.0731,0.1587,1.0855,0.3129,19.4506,-0.2057
167.615,0.1077,0.0804,0.0327,-0.0831,0.0731,0.1675,1.0927,0.3129,19.4506,-0.2057
167.694,0.1077,0.0804,0.0327,-0.0930,0.0802,0.1729,1.0927,0.3030,19.4605,-0.2058
167.695,0.1180,0.0996,0.0327,-0.0771,0.0802,0.1729,1.0927,0.3189,19.4605,-0.2058
167.695,0.1305,0.0996,0.0353,-0.0771,0.0906,0.1729,1.0953,0.3189,19.4605,-0.2058
167.695,0.1305,0.1072,0.0416,-0.0771,0.0906,0.1811,1.1016,0.3189,19.4605,-0.2058
167.758,0.1305,0.1072,0.0416,-0.0871,0.0979,0.1866,1.1016,0.3089,19.4704,-0.2059
167.758,0.1414,0.1264,0.0416,-0.0708,0.0979,0.1866,1.1016,0.3252,19.4704,-0.2059
167.760,0.1547,0.1264,0.0468,-0.0708,0.1100,0.1866,1.1068,0.3252,19.4704,-0.2059
167.760,0.1547,0.1333,0.0530,-0.0708,0.1100,0.1943,1.1130,0.3252,19.4704,-0.2059
167.861,0.1547,0.1333,0.0530,-0.0708,0.1100,0.1943,1.1130,0.3252,19.4704,-0.2059
167.875,0.1547,0.1333,0.0530,-0.0808,0.1173,0.1998,1.1130,0.3152,19.4804,-0.2060
167.894,0.1661,0.1527,0.0530,-0.0641,0.1173,0.1998,1.1130,0.3319,19.4804,-0.2060
167.894,0.1807,0.1527,0.0605,-0.0641,0.1314,0.1998,1.1205,0.3319,19.4804,-0.2060
167.894,0.1807,0.1592,0.0665,-0.0641,0.1314,0.2072,1.1265,0.3319,19.4804,-0.2060
167.978,0.1807,0.1592,0.0665,-0.0741,0.1388,0.2128,1.1265,0.3219,19.4903,-0.2060
167.979,0.1925,0.1787,0.0665,-0.0570,0.1388,0.2128,1.1265,0.3390,19.4903,-0.2060
167.981,0.2082,0.1787,0.0752,-0.0570,0.1540,0.2128,1.1352,0.3390,19.4903,-0.2060
167.984,0.2082,0.1853,0.0804,-0.0570,0.1540,0.2198,1.1404,0.3390,19.4903,-0.2060
168.073,0.2082,0.1853,0.0804,-0.0670,0.1615,0.2254,1.1404,0.3290,19.5003,-0.2062
168.075,0.2203,0.2049,0.0804,-0.0496,0.1615,0.2254,1.1404,0.3464,19.5003,-0.2062
168.077,0.2363,0.2049,0.0900,-0.0496,0.1774,0.2254,1.1500,0.3464,19.5003,-0.2062
168.079,0.2363,0.2111,0.0939,-0.0496,0.1774,0.2316,1.1539,0.3464,19.5003,-0.2062
168.174,0.2363,0.2111,0.0939,-0.0595,0.1849,0.2372,1.1539,0.3365,19.5101,-0.2063
168.179,0.2490,0.2307,0.0939,-0.0418,0.1849,0.2372,1.1539,0.3542,19.5101,-0.2063
168.181,0.2650,0.2307,0.1049,-0.0418,0.2013,0.2372,1.1649,0.3542,19.5101,-0.2063
168.183,0.2650,0.2348,0.1066,-0.0418,0.2013,0.2410,1.1666,0.3542,19.5101,-0.2063
168.270,0.2650,0.2348,0.1066,-0.0517,0.2088,0.2467,1.1666,0.3443,19.5200,-0.2064
168.271,0.2780,0.2542,0.1066,-0.0338,0.2088,0.2467,1.1666,0.3622,19.5200,-0.2064
168.272,0.2939,0.2542,0.1196,-0.0338,0.2259,0.2467,1.1796,0.3622,19.5200,-0.2064
168.273,0.2939,0.2535,0.1182,-0.0338,0.2259,0.2456,1.1782,0.3622,19.5200,-0.2064
168.373,0.2939,0.2535,0.1182,-0.0338,0.2259,0.2456,1.1782,0.3622,19.5200,-0.2064
168.374,0.2939,0.2535,0.1182,-0.0438,0.2335,0.2515,1.1782,0.3522,19.5300,-0.2065
168.377,0.3069,0.2725,0.1182,-0.0261,0.2335,0.2515,1.1782,0.3699,19.5300,-0.2065
168.379,0.3221,0.2725,0.1331,-0.0261,0.2506,0.2515,1.1931,0.3699,19.5300,-0.2065
168.381,0.3221,0.2668,0.1296,-0.0261,0.2506,0.2457,1.1896,0.3699,19.5300,-0.2065
168.489,0.3221,0.2668,0.1296,-0.0261,0.2506,0.2457,1.1896,0.3699,19.5300,-0.2065
168.533,0.3221,0.2668,0.1296,-0.0361,0.2582,0.2516,1.1896,0.3599,19.5399,-0.2066
168.535,0.3351,0.2857,0.1296,-0.0184,0.2582,0.2516,1.1896,0.3776,19.5399,-0.2066
168.539,0.3491,0.2857,0.1456,-0.0184,0.2749,0.2516,1.2056,0.3776,19.5399,-0.2066
168.541,0.3491,0.2786,0.1433,-0.0184,0.2749,0.2453,1.2033,0.3776,19.5399,-0.2066
168.631,0.3491,0.2786,0.1433,-0.0283,0.2825,0.2512,1.2033,0.3677,19.5499,-0.2066
168.633,0.3622,0.2971,0.1433,-0.0108,0.2825,0.2512,1.2033,0.3852,19.5499,-0.2066
168.635,0.3749,0.2971,0.1599,-0.0108,0.2983,0.2512,1.2199,0.3852,19.5499,-0.2066
168.637,0.3749,0.2907,0.1612,-0.0108,0.2983,0.2468,1.2212,0.3852,19.5499,-0.2066
168.720,0.3749,0.2907,0.1612,-0.0207,0.3059,0.2528,1.2212,0.3753,19.5598,-0.2067
168.722,0.3881,0.3087,0.1612,-0.0033,0.3059,0.2528,1.2212,0.3927,19.5598,-0.2067
168.724,0.3988,0.3087,0.1783,-0.0033,0.3204,0.2528,1.2383,0.3927,19.5598,-0.2067
168.728,0.3988,0.2998,0.1793,-0.0033,0.3204,0.2463,1.2393,0.3927,19.5598,-0.2067
168.814,0.3988,0.2998,0.1793,-0.0132,0.3280,0.2522,1.2393,0.3828,19.5697,-0.2068
168.816,0.4122,0.3175,0.1793,0.0042,0.3280,0.2522,1.2393,0.4002,19.5697,-0.2068
168.818,0.4217,0.3175,0.1963,0.0042,0.3415,0.2522,1.2563,0.4002,19.5697,-0.2068
168.819,0.4217,0.3052,0.1940,0.0042,0.3415,0.2417,1.2540,0.4002,19.5697,-0.2068
168.908,0.4217,0.3052,0.1940,-0.0057,0.3490,0.2477,1.2540,0.3903,19.5796,-0.2069
168.912,0.4354,0.3230,0.1940,0.0120,0.3490,0.2477,1.2540,0.4080,19.5796,-0.2069
168.914,0.4449,0.3230,0.2101,0.0120,0.3622,0.2477,1.2701,0.4080,19.5796,-0.2069
168.915,0.4449,0.3096,0.2061,0.0120,0.3622,0.2357,1.2661,0.4080,19.5796,-0.2069
169.003,0.4449,0.3096,0.2061,0.0021,0.3698,0.2417,1.2661,0.3981,19.5895,-0.2070
169.005,0.4590,0.3278,0.2061,0.0202,0.3698,0.2417,1.2661,0.4162,19.5895,-0.2070
169.006,0.4677,0.3278,0.2215,0.0202,0.3822,0.2417,1.2815,0.4162,19.5895,-0.2070
169.007,0.4677,0.3140,0.2188,0.0202,0.3822,0.2298,1.2788,0.4162,19.5895,-0.2070
169.083,0.4677,0.3140,0.2188,0.0102,0.3897,0.2358,1.2788,0.4062,19.5995,-0.2071
169.084,0.4816,0.3312,0.2188,0.0277,0.3897,0.2358,1.2788,0.4237,19.5995,-0.2071
169.085,0.4876,0.3312,0.2337,0.0277,0.3999,0.2358,1.2937,0.4237,19.5995,-0.2071
169.087,0.4876,0.3160,0.2334,0.0277,0.3999,0.2237,1.2934,0.4237,19.5995,-0.2071
169.153,0.4876,0.3160,0.2334,0.0178,0.4074,0.2297,1.2934,0.4138,19.6094,-0.2072
169.155,0.5010,0.3324,0.2334,0.0346,0.4074,0.2297,1.2934,0.4306,19.6094,-0.2072
169.159,0.5033,0.3324,0.2475,0.0346,0.4146,0.2297,1.3075,0.4306,19.6094,-0.2072
169.159,0.5033,0.3160,0.2483,0.0346,0.4146,0.2171,1.3083,0.4306,19.6094,-0.2072
169.251,0.5033,0.3160,0.2483,0.0248,0.4220,0.2230,1.3083,0.4208,19.6193,-0.2073
169.252,0.5171,0.3323,0.2483,0.0417,0.4220,0.2230,1.3083,0.4377,19.6193,-0.2073
169.253,0.5169,0.3323,0.2615,0.0417,0.4271,0.2230,1.3215,0.4377,19.6193,-0.2073
169.254,0.5169,0.3165,0.2616,0.0417,0.4271,0.2106,1.3216,0.4377,19.6193,-0.2073
169.355,0.5169,0.3165,0.2616,0.0417,0.4271,0.2106,1.3216,0.4377,19.6193,-0.2073
169.364,0.5169,0.3165,0.2616,0.0319,0.4345,0.2164,1.3216,0.4279,19.6292,-0.2074
169.366,0.5309,0.3321,0.2616,0.0485,0.4345,0.2164,1.3216,0.4445,19.6292,-0.2074
169.366,0.5303,0.3321,0.2736,0.0485,0.4389,0.2164,1.3336,0.4445,19.6292,-0.2074
169.367,0.5303,0.3176,0.2735,0.0485,0.4389,0.2050,1.3335,0.4445,19.6292,-0.2074
169.464,0.5303,0.3176,0.2735,0.0386,0.4463,0.2108,1.3335,0.4346,19.6391,-0.2075
169.465,0.5452,0.3321,0.2735,0.0551,0.4463,0.2108,1.3335,0.4511,19.6391,-0.2075
169.466,0.5448,0.3321,0.2849,0.0551,0.4506,0.2108,1.3449,0.4511,19.6391,-0.2075
169.467,0.5448,0.3188,0.2856,0.0551,0.4506,0.2007,1.3456,0.4511,19.6391,-0.2075
169.554,0.5448,0.3188,0.2856,0.0453,0.4580,0.2066,1.3456,0.4413,19.6491,-0.2076
169.555,0.5617,0.3324,0.2856,0.0623,0.4580,0.2066,1.3456,0.4583,19.6491,-0.2076
169.555,0.5610,0.3324,0.2971,0.0623,0.4622,0.2066,1.3571,0.4583,19.6491,-0.2076
169.557,0.5610,0.3200,0.2991,0.0623,0.4622,0.1976,1.3591,0.4583,19.6491,-0.2076
169.657,0.5610,0.3200,0.2991,0.0623,0.4622,0.1976,1.3591,0.4583,19.6491,-0.2076
169.662,0.5610,0.3200,0.2991,0.0524,0.4695,0.2034,1.3591,0.4484,19.6590,-0.2077
169.663,0.5791,0.3324,0.2991,0.0694,0.4695,0.2034,1.3591,0.4654,19.6590,-0.2077
169.666,0.5775,0.3324,0.3109,0.0694,0.4731,0.2034,1.3709,0.4654,19.6590,-0.2077
169.667,0.5775,0.3206,0.3133,0.0694,0.4731,0.1952,1.3733,0.4654,19.6590,-0.2077
169.768,0.5775,0.3206,0.3133,0.0595,0.4804,0.2010,1.3733,0.4555,19.6689,-0.2078
169.768,0.5949,0.3310,0.3133,0.0750,0.4804,0.2010,1.3733,0.4710,19.6689,-0.2078
169.769,0.5927,0.3310,0.3247,0.0750,0.4835,0.2010,1.3847,0.4710,19.6689,-0.2078
169.769,0.5927,0.3193,0.3256,0.0750,0.4835,0.1922,1.3793,0.4710,19.6689,-0.2078
169.769,0.5927,0.3193,0.3256,0.0750,0.4835,0.1922,1.3793,0.4710,19.6689,-0.2078
169.870,0.5927,0.3193,0.3256,0.0750,0.4835,0.1922,1.3793,0.4710,19.6689,-0.2078
169.884,0.5927,0.3193,0.3256,0.0652,0.4908,0.1980,1.3793,0.4612,19.6788,-0.2079
169.885,0.6090,0.3277,0.3256,0.0789,0.4908,0.1980,1.3856,0.4749,19.6788,-0.2079
169.886,0.6067,0.3277,0.3363,0.0789,0.4935,0.1980,1.3877,0.4749,19.6788,-0.2079
169.887,0.6067,0.3146,0.3335,0.0789,0.4935,0.1866,1.3746,0.4749,19.6788,-0.2079
169.968,0.6067,0.3146,0.3335,0.0690,0.5007,0.1924,1.3746,0.4650,19.6887,-0.2080
169.989,0.6235,0.3216,0.3335,0.0821,0.5007,0.1924,1.3816,0.4781,19.6887,-0.2080
169.990,0.6210,0.3216,0.3435,0.0821,0.5030,0.1924,1.3816,0.4781,19.6887,-0.2080
169.990,0.6210,0.3064,0.3367,0.0821,0.5030,0.1777,1.3664,0.4781,19.6887,-0.2080
170.090,0.6210,0.3064,0.3367,0.0821,0.5030,0.1777,1.3664,0.4781,19.6887,-0.2080
170.111,0.6210,0.3064,0.3367,0.0722,0.5102,0.1836,1.3664,0.4682,19.6987,-0.2081
170.129,0.6386,0.3122,0.3367,0.0850,0.5102,0.1836,1.3722,0.4810,19.6987,-0.2081
170.130,0.6358,0.3122,0.3463,0.0850,0.5122,0.1836,1.3722,0.4810,19.6987,-0.2081
170.131,0.6358,0.2966,0.3388,0.0850,0.5122,0.1682,1.3566,0.4810,19.6987,-0.2081
170.206,0.6358,0.2966,0.3388,0.0751,0.5194,0.1741,1.3566,0.4711,19.7086,-0.2082
170.207,0.6526,0.3008,0.3388,0.0867,0.5194,0.1741,1.3608,0.4827,19.7086,-0.2082
170.209,0.6494,0.3008,0.3486,0.0867,0.5211,0.1741,1.3608,0.4827,19.7086,-0.2082
170.210,0.6494,0.2863,0.3439,0.0867,0.5211,0.1607,1.3463,0.4827,19.7086,-0.2082
170.282,0.6494,0.2863,0.3439,0.0768,0.5282,0.1666,1.3463,0.4728,19.7186,-0.2083
170.284,0.6642,0.2880,0.3439,0.0859,0.5282,0.1666,1.3480,0.4819,19.7186,-0.2083
170.285,0.6606,0.2880,0.3538,0.0859,0.5297,0.1666,1.3480,0.4819,19.7186,-0.2083
170.287,0.6606,0.2731,0.3512,0.0859,0.5297,0.1539,1.3331,0.4819,19.7186,-0.2083
170.368,0.6606,0.2731,0.3512,0.0760,0.5368,0.1597,1.3331,0.4720,19.7285,-0.2084
170.370,0.6733,0.2718,0.3512,0.0823,0.5368,0.1597,1.3318,0.4783,19.7285,-0.2084
170.372,0.6694,0.2718,0.3609,0.0823,0.5380,0.1597,1.3318,0.4783,19.7285,-0.2084
170.374,0.6694,0.2556,0.3574,0.0823,0.5380,0.1455,1.3156,0.4783,19.7285,-0.2084
170.475,0.6694,0.2556,0.3574,0.0823,0.5380,0.1455,1.3156,0.4783,19.7285,-0.2084
170.489,0.6694,0.2556,0.3574,0.0724,0.5450,0.1514,1.3156,0.4684,19.7383,-0.2085
170.503,0.6808,0.2527,0.3574,0.0772,0.5450,0.1514,1.3127,0.4732,19.7383,-0.2085
170.503,0.6765,0.2527,0.3665,0.0772,0.5457,0.1514,1.3127,0.4732,19.7383,-0.2085
170.504,0.6765,0.2354,0.3596,0.0772,0.5457,0.1348,1.2954,0.4732,19.7383,-0.2085
170.580,0.6765,0.2354,0.3596,0.0672,0.5526,0.1407,1.2954,0.4632,19.7483,-0.2086
170.589,0.6868,0.2316,0.3596,0.0709,0.5526,0.1407,1.2916,0.4669,19.7483,-0.2086
170.590,0.6820,0.2316,0.3681,0.0709,0.5527,0.1407,1.2916,0.4669,19.7483,-0.2086
170.590,0.6820,0.2144,0.3596,0.0709,0.5527,0.1234,1.2744,0.4669,19.7483,-0.2086
170.684,0.6820,0.2144,0.3596,0.0610,0.5596,0.1294,1.2744,0.4570,19.7582,-0.2087
170.693,0.6896,0.2086,0.3596,0.0621,0.5596,0.1294,1.2686,0.4581,19.7582,-0.2087
170.694,0.6843,0.2086,0.3675,0.0621,0.5590,0.1294,1.2686,0.4581,19.7582,-0.2087
170.694,0.6843,0.1916,0.3606,0.0621,0.5590,0.1129,1.2516,0.4581,19.7582,-0.2087
170.767,0.6843,0.1916,0.3606,0.0522,0.5658,0.1189,1.2516,0.4482,19.7682,-0.2088
170.768,0.6880,0.1830,0.3606,0.0496,0.5658,0.1189,1.2430,0.4456,19.7682,-0.2088
170.768,0.6820,0.1830,0.3680,0.0496,0.5645,0.1189,1.2430,0.4456,19.7682,-0.2088
170.769,0.6820,0.1654,0.3649,0.0496,0.5645,0.1038,1.2254,0.4456,19.7682,-0.2088
170.888,0.6820,0.1654,0.3649,0.0397,0.5713,0.1097,1.2254,0.4357,19.7781,-0.2089
170.889,0.6823,0.1548,0.3649,0.0341,0.5713,0.1097,1.2148,0.4301,19.7781,-0.2089
170.889,0.6757,0.1548,0.3717,0.0341,0.5694,0.1097,1.2148,0.4301,19.7781,-0.2089
170.889,0.6757,0.1366,0.3715,0.0341,0.5694,0.0954,1.1966,0.4301,19.7781,-0.2089
170.889,0.6757,0.1366,0.3715,0.0341,0.5694,0.0954,1.1966,0.4301,19.7781,-0.2089
170.969,0.6757,0.1366,0.3715,0.0242,0.5762,0.1013,1.1966,0.4202,19.7880,-0.2090
170.969,0.6741,0.1253,0.3715,0.0171,0.5762,0.1013,1.1853,0.4131,19.7880,-0.2090
170.969,0.6673,0.1253,0.3777,0.0171,0.5738,0.1013,1.1853,0.4131,19.7880,-0.2090
170.970,0.6673,0.1073,0.3774,0.0171,0.5738,0.0872,1.1673,0.4131,19.7880,-0.2090
171.070,0.6673,0.1073,0.3774,0.0171,0.5738,0.0872,1.1673,0.4131,19.7880,-0.2090
171.074,0.6673,0.1073,0.3774,0.0073,0.5805,0.0931,1.1673,0.4033,19.7979,-0.2091
171.094,0.6650,0.0963,0.3774,-0.0000,0.5805,0.0931,1.1563,0.3960,19.7979,-0.2091
171.095,0.6577,0.0963,0.3828,-0.0000,0.5774,0.0931,1.1563,0.3960,19.7979,-0.2091
171.095,0.6577,0.0795,0.3805,-0.0000,0.5774,0.0789,1.1395,0.3960,19.7979,-0.2091
171.173,0.6577,0.0795,0.3805,-0.0099,0.5841,0.0848,1.1395,0.3861,19.8078,-0.2092
171.191,0.6548,0.0687,0.3805,-0.0174,0.5841,0.0848,1.1287,0.3786,19.8078,-0.2092
171.191,0.6467,0.0687,0.3849,-0.0174,0.5802,0.0848,1.1287,0.3786,19.8078,-0.2092
171.192,0.6467,0.0527,0.3817,-0.0174,0.5802,0.0708,1.1127,0.3786,19.8078,-0.2092
171.273,0.6467,0.0527,0.3817,-0.0273,0.5868,0.0767,1.1127,0.3687,19.8178,-0.2093
171.301,0.6425,0.0412,0.3817,-0.0361,0.5868,0.0767,1.1012,0.3599,19.8178,-0.2093
171.302,0.6333,0.0412,0.3850,-0.0361,0.5817,0.0767,1.1012,0.3599,19.8178,-0.2093
171.303,0.6333,0.0249,0.3833,-0.0361,0.5817,0.0633,1.0849,0.3599,19.8178,-0.2093
171.372,0.6333,0.0249,0.3833,-0.0460,0.5883,0.0692,1.0849,0.3500,19.8277,-0.2094
171.372,0.6274,0.0124,0.3833,-0.0563,0.5883,0.0692,1.0724,0.3397,19.8277,-0.2094
171.373,0.6173,0.0124,0.3855,-0.0563,0.5820,0.0692,1.0724,0.3397,19.8277,-0.2094
171.375,0.6173,-0.0054,0.3874,-0.0563,0.5820,0.0564,1.0546,0.3397,19.8277,-0.2094
171.457,0.6173,-0.0054,0.3874,-0.0662,0.5886,0.0622,1.0546,0.3298,19.8376,-0.2095
171.457,0.6100,-0.0182,0.3874,-0.0775,0.5886,0.0622,1.0418,0.3185,19.8376,-0.2095
171.459,0.5993,-0.0182,0.3888,-0.0775,0.5816,0.0622,1.0418,0.3185,19.8376,-0.2095
171.460,0.5993,-0.0369,0.3931,-0.0775,0.5816,0.0500,1.0231,0.3185,19.8376,-0.2095
171.551,0.5993,-0.0369,0.3931,-0.0874,0.5881,0.0557,1.0231,0.3086,19.8475,-0.2096
171.574,0.5913,-0.0488,0.3931,-0.0987,0.5881,0.0557,1.0112,0.2973,19.8475,-0.2096
171.574,0.5804,-0.0488,0.3938,-0.0987,0.5807,0.0557,1.0112,0.2973,19.8475,-0.2096
171.575,0.5804,-0.0661,0.3969,-0.0987,0.5807,0.0440,0.9939,0.2973,19.8475,-0.2096
171.654,0.5804,-0.0661,0.3969,-0.1085,0.5872,0.0497,0.9939,0.2875,19.8574,-0.2097
171.671,0.5715,-0.0767,0.3969,-0.1199,0.5872,0.0497,0.9833,0.2761,19.8574,-0.2097
171.672,0.5595,-0.0767,0.3960,-0.1199,0.5785,0.0497,0.9833,0.2761,19.8574,-0.2097
171.672,0.5595,-0.0917,0.3967,-0.1199,0.5785,0.0386,0.9683,0.2761,19.8574,-0.2097
171.773,0.5595,-0.0917,0.3967,-0.1199,0.5785,0.0386,0.9683,0.2761,19.8574,-0.2097
171.806,0.5595,-0.0917,0.3967,-0.1297,0.5849,0.0443,0.9683,0.2663,19.8674,-0.2098
171.807,0.5492,-0.1007,0.3967,-0.1411,0.5849,0.0443,0.9593,0.2549,19.8674,-0.2098
171.808,0.5355,-0.1007,0.3936,-0.1411,0.5742,0.0443,0.9593,0.2549,19.8674,-0.2098
171.809,0.5355,-0.1148,0.3944,-0.1411,0.5742,0.0340,0.9452,0.2549,19.8674,-0.2098
171.909,0.5355,-0.1148,0.3944,-0.1411,0.5742,0.0340,0.9452,0.2549,19.8674,-0.2098
171.943,0.5355,-0.1148,0.3944,-0.1510,0.5806,0.0396,0.9452,0.2450,19.8773,-0.2099
171.945,0.5233,-0.1222,0.3944,-0.1628,0.5806,0.0396,0.9378,0.2332,19.8773,-0.2099
171.946,0.5081,-0.1222,0.3895,-0.1628,0.5682,0.0396,0.9378,0.2332,19.8773,-0.2099
171.948,0.5081,-0.1368,0.3933,-0.1628,0.5682,0.0303,0.9232,0.2332,19.8773,-0.2099
172.049,0.5081,-0.1368,0.3933,-0.1628,0.5682,0.0303,0.9232,0.2332,19.8773,-0.2099
172.054,0.5081,-0.1368,0.3933,-0.1727,0.5746,0.0359,0.9232,0.2233,19.8873,-0.2100
172.055,0.4940,-0.1414,0.3933,-0.1843,0.5746,0.0359,0.9186,0.2117,19.8873,-0.2100
172.056,0.4780,-0.1414,0.3871,-0.1843,0.5612,0.0359,0.9186,0.2117,19.8873,-0.2100
172.057,0.4780,-0.1570,0.3943,-0.1843,0.5612,0.0275,0.9030,0.2117,19.8873,-0.2100
172.158,0.4780,-0.1570,0.3943,-0.1843,0.5612,0.0275,0.9030,0.2117,19.8873,-0.2100
172.180,0.4780,-0.1570,0.3943,-0.1942,0.5675,0.0329,0.9030,0.2018,19.8972,-0.2101
172.180,0.4644,-0.1590,0.3943,-0.2041,0.5675,0.0329,0.9010,0.1919,19.8972,-0.2101
172.181,0.4481,-0.1590,0.3875,-0.2041,0.5537,0.0329,0.9010,0.1919,19.8972,-0.2101
172.181,0.4481,-0.1737,0.3955,-0.2041,0.5537,0.0256,0.8863,0.1919,19.8972,-0.2101
172.282,0.4481,-0.1737,0.3955,-0.2041,0.5537,0.0256,0.8863,0.1919,19.8972,-0.2101
172.294,0.4481,-0.1737,0.3955,-0.2139,0.5601,0.0309,0.8863,0.1821,19.9071,-0.2102
172.294,0.4358,-0.1749,0.3955,-0.2226,0.5601,0.0309,0.8851,0.1734,19.9071,-0.2102
172.294,0.4194,-0.1749,0.3881,-0.2226,0.5460,0.0309,0.8851,0.1734,19.9071,-0.2102
172.295,0.4194,-0.1867,0.3951,-0.2226,0.5460,0.0253,0.8733,0.1734,19.9071,-0.2102
172.395,0.4194,-0.1867,0.3951,-0.2226,0.5460,0.0253,0.8733,0.1734,19.9071,-0.2102
172.411,0.4194,-0.1867,0.3951,-0.2325,0.5523,0.0306,0.8733,0.1635,19.9170,-0.2103
172.411,0.4065,-0.1873,0.3951,-0.2412,0.5523,0.0306,0.8727,0.1548,19.9170,-0.2103
172.412,0.3892,-0.1873,0.3862,-0.2412,0.5370,0.0306,0.8727,0.1548,19.9170,-0.2103
172.413,0.3892,-0.1959,0.3942,-0.2412,0.5370,0.0277,0.8641,0.1548,19.9170,-0.2103
172.514,0.3892,-0.1959,0.3942,-0.2412,0.5370,0.0277,0.8641,0.1548,19.9170,-0.2103
172.521,0.3892,-0.1959,0.3942,-0.2511,0.5433,0.0330,0.8641,0.1449,19.9269,-0.2104
172.521,0.3743,-0.1943,0.3942,-0.2597,0.5433,0.0330,0.8657,0.1363,19.9269,-0.2104
172.523,0.3552,-0.1943,0.3833,-0.2597,0.5260,0.0330,0.8657,0.1363,19.9269,-0.2104
172.526,0.3552,-0.1998,0.3951,-0.2597,0.5260,0.0341,0.8602,0.1363,19.9269,-0.2104
172.610,0.3552,-0.1998,0.3951,-0.2696,0.5323,0.0393,0.8602,0.1264,19.9369,-0.2105
172.612,0.3398,-0.1951,0.3951,-0.2767,0.5323,0.0393,0.8649,0.1193,19.9369,-0.2105
172.614,0.3195,-0.1951,0.3825,-0.2767,0.5136,0.0393,0.8649,0.1193,19.9369,-0.2105
172.616,0.3195,-0.1992,0.3969,-0.2767,0.5136,0.0424,0.8608,0.1193,19.9369,-0.2105
172.704,0.3195,-0.1992,0.3969,-0.2866,0.5199,0.0475,0.8608,0.1094,19.9468,-0.2106
172.706,0.3061,-0.1922,0.3969,-0.2908,0.5199,0.0475,0.8678,0.1052,19.9468,-0.2106
172.707,0.2857,-0.1922,0.3834,-0.2908,0.5009,0.0475,0.8678,0.1052,19.9468,-0.2106
172.708,0.2857,-0.1962,0.3967,-0.2908,0.5009,0.0501,0.8638,0.1052,19.9468,-0.2106
172.789,0.2857,-0.1962,0.3967,-0.3007,0.5071,0.0551,0.8638,0.0953,19.9567,-0.2107
172.791,0.2747,-0.1876,0.3967,-0.3022,0.5071,0.0551,0.8724,0.0938,19.9567,-0.2107
172.792,0.2547,-0.1876,0.3829,-0.3022,0.4882,0.0551,0.8724,0.0938,19.9567,-0.2107
172.794,0.2547,-0.1918,0.3940,-0.3022,0.4882,0.0565,0.8682,0.0938,19.9567,-0.2107
172.872,0.2547,-0.1918,0.3940,-0.3121,0.4945,0.0614,0.8682,0.0839,19.9666,-0.2108
172.874,0.2454,-0.1821,0.3940,-0.3116,0.4945,0.0614,0.8779,0.0844,19.9666,-0.2108
172.876,0.2258,-0.1821,0.3801,-0.3116,0.4758,0.0614,0.8779,0.0844,19.9666,-0.2108
172.877,0.2258,-0.1856,0.3907,-0.3116,0.4758,0.0630,0.8744,0.0844,19.9666,-0.2108
172.958,0.2258,-0.1856,0.3907,-0.3215,0.4821,0.0679,0.8744,0.0745,19.9765,-0.2109
172.959,0.2174,-0.1752,0.3907,-0.3198,0.4821,0.0679,0.8848,0.0762,19.9765,-0.2109
172.959,0.1980,-0.1752,0.3768,-0.3198,0.4635,0.0679,0.8848,0.0762,19.9765,-0.2109
172.960,0.1980,-0.1767,0.3886,-0.3198,0.4635,0.0714,0.8833,0.0762,19.9765,-0.2109
173.060,0.1980,-0.1767,0.3886,-0.3198,0.4635,0.0714,0.8833,0.0762,19.9765,-0.2109
173.075,0.1980,-0.1767,0.3886,-0.3297,0.4698,0.0763,0.8833,0.0663,19.9865,-0.2109
173.076,0.1899,-0.1661,0.3886,-0.3273,0.4698,0.0763,0.8939,0.0687,19.9865,-0.2109
173.077,0.1702,-0.1661,0.3745,-0.3273,0.4509,0.0763,0.8939,0.0687,19.9865,-0.2109
173.077,0.1702,-0.1643,0.3880,-0.3273,0.4509,0.0827,0.8957,0.0687,19.9865,-0.2109
173.147,0.1702,-0.1643,0.3880,-0.3372,0.4572,0.0876,0.8957,0.0588,19.9964,-0.2110
173.148,0.1633,-0.1533,0.3880,-0.3336,0.4572,0.0876,0.9067,0.0624,19.9964,-0.2110
173.149,0.1436,-0.1533,0.3738,-0.3336,0.4383,0.0876,0.9067,0.0624,19.9964,-0.2110
173.150,0.1436,-0.1497,0.3876,-0.3336,0.4383,0.0954,0.9103,0.0624,19.9964,-0.2110
173.245,0.1436,-0.1497,0.3876,-0.3435,0.4446,0.1002,0.9103,0.0525,20.0063,-0.2111
173.246,0.1385,-0.1380,0.3876,-0.3381,0.4446,0.1002,0.9220,0.0579,20.0063,-0.2111
173.247,0.1192,-0.1380,0.3735,-0.3381,0.4259,0.1002,0.9220,0.0579,20.0063,-0.2111
173.248,0.1192,-0.1347,0.3859,-0.3381,0.4259,0.1071,0.9253,0.0579,20.0063,-0.2111
173.322,0.1192,-0.1347,0.3859,-0.3478,0.4323,0.1119,0.9253,0.0482,20.0162,-0.2112
173.323,0.1160,-0.1222,0.3859,-0.3407,0.4323,0.1119,0.9378,0.0553,20.0162,-0.2112
173.324,0.0975,-0.1222,0.3721,-0.3407,0.4142,0.1119,0.9378,0.0553,20.0162,-0.2112
173.326,0.0975,-0.1202,0.3828,-0.3407,0.4142,0.1171,0.9398,0.0553,20.0162,-0.2112
173.427,0.0975,-0.1202,0.3828,-0.3407,0.4142,0.1171,0.9398,0.0553,20.0162,-0.2112
173.435,0.0975,-0.1202,0.3828,-0.3504,0.4205,0.1219,0.9398,0.0456,20.0261,-0.2113
173.435,0.0950,-0.1069,0.3828,-0.3421,0.4205,0.1219,0.9531,0.0539,20.0261,-0.2113
173.449,0.0772,-0.1069,0.3691,-0.3421,0.4029,0.1219,0.9531,0.0539,20.0261,-0.2113
173.450,0.0772,-0.1062,0.3781,-0.3421,0.4029,0.1255,0.9538,0.0539,20.0261,-0.2113
173.529,0.0772,-0.1062,0.3781,-0.3518,0.4093,0.1303,0.9538,0.0442,20.0361,-0.2114
173.529,0.0746,-0.0924,0.3781,-0.3430,0.4093,0.1303,0.9676,0.0530,20.0361,-0.2114
173.530,0.0569,-0.0924,0.3641,-0.3430,0.3917,0.1303,0.9676,0.0530,20.0361,-0.2114
173.531,0.0569,-0.0923,0.3720,-0.3430,0.3917,0.1330,0.9677,0.0530,20.0361,-0.2114
173.627,0.0569,-0.0923,0.3720,-0.3526,0.3981,0.1378,0.9677,0.0434,20.0460,-0.2115
173.628,0.0542,-0.0781,0.3720,-0.3433,0.3981,0.1378,0.9819,0.0527,20.0460,-0.2115
173.628,0.0365,-0.0781,0.3578,-0.3433,0.3802,0.1378,0.9819,0.0527,20.0460,-0.2115
173.629,0.0365,-0.0782,0.3650,-0.3433,0.3802,0.1400,0.9818,0.0527,20.0460,-0.2115
173.729,0.0365,-0.0782,0.3650,-0.3433,0.3802,0.1400,0.9818,0.0527,20.0460,-0.2115
173.739,0.0365,-0.0782,0.3650,-0.3529,0.3867,0.1448,0.9818,0.0431,20.0560,-0.2115
173.740,0.0346,-0.0635,0.3650,-0.3427,0.3867,0.1448,0.9965,0.0533,20.0560,-0.2115
173.742,0.0166,-0.0635,0.3507,-0.3427,0.3686,0.1448,0.9965,0.0533,20.0560,-0.2115
173.743,0.0166,-0.0642,0.3571,-0.3427,0.3686,0.1463,0.9958,0.0533,20.0560,-0.2115
173.843,0.0166,-0.0642,0.3571,-0.3427,0.3686,0.1463,0.9958,0.0533,20.0560,-0.2115
173.849,0.0166,-0.0642,0.3571,-0.3521,0.3751,0.1510,0.9958,0.0439,20.0659,-0.2116
173.851,0.0160,-0.0488,0.3571,-0.3405,0.3751,0.1510,1.0112,0.0555,20.0659,-0.2116
173.853,-0.0021,-0.0488,0.3431,-0.3405,0.3570,0.1510,1.0112,0.0555,20.0659,-0.2116
173.855,-0.0021,-0.0519,0.3472,-0.3405,0.3570,0.1499,1.0081,0.0555,20.0659,-0.2116
173.954,-0.0021,-0.0519,0.3472,-0.3498,0.3634,0.1546,1.0081,0.0462,20.0758,-0.2117
173.956,-0.0012,-0.0358,0.3472,-0.3367,0.3634,0.1546,1.0242,0.0593,20.0758,-0.2117
173.957,-0.0194,-0.0358,0.3334,-0.3367,0.3453,0.1546,1.0242,0.0593,20.0758,-0.2117
173.961,-0.0194,-0.0441,0.3328,-0.3367,0.3453,0.1479,1.0159,0.0593,20.0758,-0.2117
174.051,-0.0194,-0.0441,0.3328,-0.3460,0.3518,0.1527,1.0159,0.0500,20.0857,-0.2118
174.053,-0.0176,-0.0274,0.3328,-0.3319,0.3518,0.1527,1.0326,0.0641,20.0857,-0.2118
174.055,-0.0357,-0.0274,0.3190,-0.3319,0.3337,0.1527,1.0243,0.0641,20.0857,-0.2118
174.057,-0.0357,-0.0408,0.3137,-0.3319,0.3337,0.1405,1.0192,0.0641,20.0857,-0.2118
174.147,-0.0357,-0.0408,0.3137,-0.3411,0.3403,0.1453,1.0192,0.0549,20.0957,-0.2119
174.149,-0.0333,-0.0239,0.3137,-0.3266,0.3403,0.1453,1.0267,0.0694,20.0957,-0.2119
174.151,-0.0513,-0.0239,0.2998,-0.3266,0.3222,0.1453,1.0087,0.0694,20.0957,-0.2119
174.153,-0.0513,-0.0373,0.2942,-0.3266,0.3222,0.1330,1.0087,0.0694,20.0957,-0.2119
174.248,-0.0513,-0.0373,0.2942,-0.3357,0.3288,0.1378,1.0087,0.0603,20.1056,-0.2120
174.249,-0.0483,-0.0204,0.2942,-0.3207,0.3288,0.1378,1.0117,0.0753,20.1056,-0.2120
174.251,-0.0663,-0.0204,0.2804,-0.3207,0.3106,0.1378,0.9937,0.0753,20.1056,-0.2120
174.253,-0.0663,-0.0315,0.2767,-0.3207,0.3106,0.1279,0.9937,0.0753,20.1056,-0.2120
174.350,-0.0663,-0.0315,0.2767,-0.3297,0.3173,0.1327,0.9937,0.0663,20.1156,-0.2121
174.351,-0.0620,-0.0145,0.2767,-0.3141,0.3173,0.1327,0.9980,0.0819,20.1156,-0.2121
174.353,-0.0804,-0.0145,0.2632,-0.3141,0.2990,0.1327,0.9796,0.0819,20.1156,-0.2121
174.355,-0.0804,-0.0257,0.2599,-0.3141,0.2990,0.1228,0.9796,0.0819,20.1156,-0.2121
174.442,-0.0804,-0.0257,0.2599,-0.3229,0.3056,0.1276,0.9796,0.0731,20.1255,-0.2122
174.444,-0.0748,-0.0086,0.2599,-0.3066,0.3056,0.1276,0.9852,0.0894,20.1255,-0.2122
174.446,-0.0936,-0.0086,0.2467,-0.3066,0.2871,0.1276,0.9664,0.0894,20.1255,-0.2122
174.447,-0.0936,-0.0239,0.2400,-0.3066,0.2871,0.1134,0.9664,0.0894,20.1255,-0.2122
174.542,-0.0936,-0.0239,0.2400,-0.3155,0.2938,0.1182,0.9664,0.0805,20.1354,-0.2123
174.544,-0.0868,-0.0066,0.2400,-0.2986,0.2938,0.1182,0.9732,0.0974,20.1354,-0.2123
174.546,-0.1060,-0.0066,0.2273,-0.2986,0.2752,0.1182,0.9540,0.0974,20.1354,-0.2123
174.547,-0.1060,-0.0260,0.2163,-0.2986,0.2752,0.0996,0.9540,0.0974,20.1354,-0.2123
174.633,-0.1060,-0.0260,0.2163,-0.3074,0.2819,0.1045,0.9540,0.0886,20.1453,-0.2124
174.636,-0.0986,-0.0087,0.2163,-0.2903,0.2819,0.1045,0.9614,0.1057,20.1453,-0.2124
174.639,-0.1180,-0.0087,0.2040,-0.2903,0.2634,0.1045,0.9420,0.1057,20.1453,-0.2124
174.640,-0.1180,-0.0286,0.1918,-0.2903,0.2634,0.0851,0.9420,0.1057,20.1453,-0.2124
174.726,-0.1180,-0.0286,0.1918,-0.2990,0.2701,0.0900,0.9420,0.0970,20.1552,-0.2125
174.728,-0.1101,-0.0114,0.1918,-0.2818,0.2701,0.0900,0.9499,0.1142,20.1552,-0.2125
174.730,-0.1293,-0.0114,0.1799,-0.2818,0.2519,0.0900,0.9307,0.1142,20.1552,-0.2125
174.732,-0.1293,-0.0291,0.1693,-0.2818,0.2519,0.0728,0.9307,0.1142,20.1552,-0.2125
174.816,-0.1293,-0.0291,0.1693,-0.2905,0.2586,0.0778,0.9307,0.1055,20.1652,-0.2126
174.818,-0.1210,-0.0120,0.1693,-0.2733,0.2586,0.0778,0.9390,0.1227,20.1652,-0.2126
174.821,-0.1399,-0.0120,0.1579,-0.2733,0.2408,0.0778,0.9201,0.1227,20.1652,-0.2126
174.823,-0.1399,-0.0279,0.1492,-0.2733,0.2408,0.0625,0.9201,0.1227,20.1652,-0.2126
174.913,-0.1399,-0.0279,0.1492,-0.2818,0.2475,0.0675,0.9201,0.1142,20.1751,-0.2127
174.915,-0.1309,-0.0108,0.1492,-0.2644,0.2475,0.0675,0.9291,0.1316,20.1751,-0.2127
174.916,-0.1498,-0.0108,0.1382,-0.2644,0.2298,0.0675,0.9102,0.1316,20.1751,-0.2127
174.919,-0.1498,-0.0264,0.1300,-0.2644,0.2298,0.0526,0.9102,0.1316,20.1751,-0.2127
174.998,-0.1498,-0.0264,0.1300,-0.2729,0.2365,0.0576,0.9102,0.1231,20.1850,-0.2128
175.000,-0.1400,-0.0091,0.1300,-0.2552,0.2365,0.0576,0.9200,0.1408,20.1850,-0.2128
175.001,-0.1592,-0.0091,0.1195,-0.2552,0.2190,0.0576,0.9008,0.1408,20.1850,-0.2128
175.002,-0.1592,-0.0247,0.1109,-0.2552,0.2190,0.0426,0.9008,0.1408,20.1850,-0.2128
175.103,-0.1592,-0.0247,0.1109,-0.2552,0.2190,0.0426,0.9008,0.1408,20.1850,-0.2128
175.108,-0.1592,-0.0247,0.1109,-0.2636,0.2256,0.0476,0.9008,0.1324,20.1949,-0.2129
175.110,-0.1487,-0.0072,0.1109,-0.2456,0.2256,0.0476,0.9113,0.1504,20.1949,-0.2129
175.111,-0.1680,-0.0072,0.1010,-0.2456,0.2083,0.0476,0.8920,0.1504,20.1949,-0.2129
175.113,-0.1680,-0.0225,0.0918,-0.2456,0.2083,0.0328,0.8920,0.1504,20.1949,-0.2129
175.191,-0.1680,-0.0225,0.0918,-0.2540,0.2150,0.0379,0.8920,0.1420,20.2048,-0.2130
175.192,-0.1570,-0.0049,0.0918,-0.2358,0.2150,0.0379,0.9030,0.1602,20.2048,-0.2130
175.194,-0.1762,-0.0049,0.0825,-0.2358,0.1981,0.0379,0.8838,0.1602,20.2048,-0.2130
175.196,-0.1762,-0.0196,0.0731,-0.2358,0.1981,0.0234,0.8838,0.1602,20.2048,-0.2130
175.278,-0.1762,-0.0196,0.0731,-0.2441,0.2047,0.0286,0.8838,0.1519,20.2148,-0.2131
175.280,-0.1648,-0.0019,0.0731,-0.2257,0.2047,0.0286,0.8952,0.1703,20.2148,-0.2131
175.282,-0.1838,-0.0019,0.0641,-0.2257,0.1880,0.0286,0.8762,0.1703,20.2148,-0.2131
175.285,-0.1838,-0.0159,0.0551,-0.2257,0.1880,0.0147,0.8762,0.1703,20.2148,-0.2131
175.366,-0.1838,-0.0159,0.0551,-0.2340,0.1947,0.0200,0.8762,0.1620,20.2247,-0.2132
175.367,-0.1719,0.0020,0.0551,-0.2154,0.1947,0.0200,0.8881,0.1806,20.2247,-0.2132
175.367,-0.1908,0.0020,0.0461,-0.2154,0.1780,0.0200,0.8692,0.1806,20.2247,-0.2132
175.368,-0.1908,-0.0114,0.0380,-0.2154,0.1780,0.0069,0.8692,0.1806,20.2247,-0.2132
175.458,-0.1908,-0.0114,0.0380,-0.2236,0.1846,0.0121,0.8692,0.1724,20.2346,-0.2133
175.460,-0.1782,0.0066,0.0380,-0.2047,0.1846,0.0121,0.8818,0.1913,20.2346,-0.2133
175.462,-0.1972,0.0066,0.0292,-0.2047,0.1680,0.0121,0.8628,0.1913,20.2346,-0.2133
175.464,-0.1972,-0.0061,0.0220,-0.2047,0.1680,-0.0002,0.8628,0.1913,20.2346,-0.2133
175.560,-0.1972,-0.0061,0.0220,-0.2129,0.1746,0.0051,0.8628,0.1831,20.2445,-0.2134
175.562,-0.1838,0.0120,0.0220,-0.1938,0.1746,0.0051,0.8762,0.2022,20.2445,-0.2134
175.564,-0.2026,0.0120,0.0137,-0.1938,0.1584,0.0051,0.8574,0.2022,20.2445,-0.2134
175.566,-0.2026,-0.0008,0.0066,-0.1938,0.1584,-0.0073,0.8574,0.2022,20.2445,-0.2134
175.662,-0.2026,-0.0008,0.0066,-0.2020,0.1650,-0.0019,0.8574,0.1940,20.2545,-0.2134
175.663,-0.1887,0.0174,0.0066,-0.1829,0.1650,-0.0019,0.8713,0.2131,20.2545,-0.2134
175.665,-0.2070,0.0174,-0.0008,-0.1829,0.1495,-0.0019,0.8530,0.2131,20.2545,-0.2134
175.667,-0.2070,0.0039,-0.0085,-0.1829,0.1495,-0.0150,0.8530,0.2131,20.2545,-0.2134
175.768,-0.2070,0.0039,-0.0085,-0.1829,0.1495,-0.0150,0.8530,0.2131,20.2545,-0.2134
175.771,-0.2070,0.0039,-0.0085,-0.1911,0.1561,-0.0096,0.8530,0.2049,20.2644,-0.2135
175.772,-0.1927,0.0219,-0.0085,-0.1719,0.1561,-0.0096,0.8673,0.2241,20.2644,-0.2135
175.777,-0.2108,0.0219,-0.0152,-0.1719,0.1412,-0.0096,0.8492,0.2241,20.2644,-0.2135
175.779,-0.2108,0.0087,-0.0225,-0.1719,0.1412,-0.0223,0.8492,0.2241,20.2644,-0.2135
175.877,-0.2108,0.0087,-0.0225,-0.1801,0.1478,-0.0168,0.8492,0.2159,20.2744,-0.2136
175.879,-0.1963,0.0266,-0.0225,-0.1612,0.1478,-0.0168,0.8637,0.2348,20.2744,-0.2136
175.881,-0.2146,0.0266,-0.0289,-0.1612,0.1329,-0.0168,0.8454,0.2348,20.2744,-0.2136
175.884,-0.2146,0.0143,-0.0349,-0.1612,0.1329,-0.0286,0.8454,0.2348,20.2744,-0.2136
175.971,-0.2146,0.0143,-0.0349,-0.1693,0.1395,-0.0231,0.8454,0.2267,20.2843,-0.2137
175.973,-0.2001,0.0320,-0.0349,-0.1506,0.1395,-0.0231,0.8599,0.2454,20.2843,-0.2137
175.975,-0.2185,0.0320,-0.0412,-0.1506,0.1246,-0.0231,0.8415,0.2454,20.2843,-0.2137
175.977,-0.2185,0.0203,-0.0461,-0.1506,0.1246,-0.0340,0.8415,0.2454,20.2843,-0.2137
176.067,-0.2185,0.0203,-0.0461,-0.1587,0.1311,-0.0285,0.8415,0.2373,20.2942,-0.2138
176.068,-0.2041,0.0377,-0.0461,-0.1402,0.1311,-0.0285,0.8559,0.2558,20.2942,-0.2138
176.070,-0.2226,0.0377,-0.0519,-0.1402,0.1164,-0.0285,0.8374,0.2558,20.2942,-0.2138
176.072,-0.2226,0.0269,-0.0560,-0.1402,0.1164,-0.0386,0.8374,0.2558,20.2942,-0.2138
176.159,-0.2226,0.0269,-0.0560,-0.1483,0.1229,-0.0330,0.8374,0.2477,20.3041,-0.2139
176.160,-0.2081,0.0436,-0.0560,-0.1305,0.1229,-0.0330,0.8519,0.2655,20.3041,-0.2139
176.162,-0.2264,0.0436,-0.0611,-0.1305,0.1088,-0.0330,0.8336,0.2655,20.3041,-0.2139
176.164,-0.2264,0.0340,-0.0644,-0.1305,0.1088,-0.0419,0.8336,0.2655,20.3041,-0.2139
176.262,-0.2264,0.0340,-0.0644,-0.1386,0.1153,-0.0363,0.8336,0.2574,20.3140,-0.2140
176.264,-0.2113,0.0495,-0.0644,-0.1218,0.1153,-0.0363,0.8487,0.2742,20.3140,-0.2140
176.266,-0.2293,0.0495,-0.0688,-0.1218,0.1018,-0.0363,0.8307,0.2742,20.3140,-0.2140
176.268,-0.2293,0.0422,-0.0703,-0.1218,0.1018,-0.0428,0.8307,0.2742,20.3140,-0.2140
176.364,-0.2293,0.0422,-0.0703,-0.1299,0.1082,-0.0372,0.8307,0.2661,20.3240,-0.2141
176.364,-0.2131,0.0564,-0.0703,-0.1140,0.1082,-0.0372,0.8469,0.2820,20.3240,-0.2141
176.364,-0.2311,0.0564,-0.0742,-0.1140,0.0951,-0.0372,0.8289,0.2820,20.3240,-0.2141
176.365,-0.2311,0.0528,-0.0721,-0.1140,0.0951,-0.0398,0.8289,0.2820,20.3240,-0.2141
176.455,-0.2311,0.0528,-0.0721,-0.1222,0.1015,-0.0341,0.8289,0.2738,20.3339,-0.2142
176.455,-0.2142,0.0659,-0.0721,-0.1071,0.1015,-0.0341,0.8458,0.2889,20.3339,-0.2142
176.457,-0.2323,0.0659,-0.0755,-0.1071,0.0885,-0.0341,0.8277,0.2889,20.3339,-0.2142
176.457,-0.2323,0.0674,-0.0683,-0.1071,0.0885,-0.0312,0.8277,0.2889,20.3339,-0.2142
176.554,-0.2323,0.0674,-0.0683,-0.1152,0.0949,-0.0256,0.8277,0.2808,20.3438,-0.2143
176.555,-0.2154,0.0796,-0.0683,-0.1009,0.0949,-0.0256,0.8446,0.2951,20.3438,-0.2143
176.556,-0.2335,0.0796,-0.0711,-0.1009,0.0823,-0.0256,0.8265,0.2951,20.3438,-0.2143
176.558,-0.2335,0.0853,-0.0605,-0.1009,0.0823,-0.0184,0.8265,0.2951,20.3438,-0.2143
176.656,-0.2335,0.0853,-0.0605,-0.1091,0.0886,-0.0128,0.8265,0.2869,20.3537,-0.2144
176.657,-0.2169,0.0967,-0.0605,-0.0955,0.0886,-0.0128,0.8431,0.3005,20.3537,-0.2144
176.658,-0.2349,0.0967,-0.0625,-0.0955,0.0765,-0.0128,0.8251,0.3005,20.3537,-0.2144
176.660,-0.2349,0.1035,-0.0517,-0.0955,0.0765,-0.0047,0.8251,0.3005,20.3537,-0.2144
176.761,-0.2349,0.1035,-0.0517,-0.0955,0.0765,-0.0047,0.8251,0.3005,20.3537,-0.2144
176.762,-0.2349,0.1035,-0.0517,-0.1037,0.0827,0.0010,0.8251,0.2923,20.3636,-0.2145
176.764,-0.2178,0.1139,-0.0517,-0.0909,0.0827,0.0010,0.8422,0.3051,20.3636,-0.2145
176.766,-0.2355,0.1139,-0.0529,-0.0909,0.0713,0.0010,0.8245,0.3051,20.3636,-0.2145
176.768,-0.2355,0.1197,-0.0436,-0.0909,0.0713,0.0079,0.8245,0.3051,20.3636,-0.2145
176.865,-0.2355,0.1197,-0.0436,-0.0991,0.0775,0.0136,0.8245,0.2969,20.3736,-0.2146
176.867,-0.2171,0.1289,-0.0436,-0.0870,0.0775,0.0136,0.8429,0.3090,20.3736,-0.2146
176.869,-0.2345,0.1289,-0.0439,-0.0870,0.0668,0.0136,0.8255,0.3090,20.3736,-0.2146
176.871,-0.2345,0.1340,-0.0351,-0.0870,0.0668,0.0199,0.8255,0.3090,20.3736,-0.2146
176.968,-0.2345,0.1340,-0.0351,-0.0953,0.0729,0.0256,0.8255,0.3007,20.3835,-0.2146
176.969,-0.2151,0.1421,-0.0351,-0.0838,0.0729,0.0256,0.8449,0.3122,20.3835,-0.2146
176.969,-0.2323,0.1421,-0.0347,-0.0838,0.0627,0.0256,0.8277,0.3122,20.3835,-0.2146
176.970,-0.2323,0.1488,-0.0234,-0.0838,0.0627,0.0340,0.8277,0.3122,20.3835,-0.2146
177.065,-0.2323,0.1488,-0.0234,-0.0922,0.0688,0.0397,0.8277,0.3038,20.3934,-0.2147
177.066,-0.2128,0.1559,-0.0234,-0.0814,0.0688,0.0397,0.8472,0.3146,20.3934,-0.2147
177.067,-0.2297,0.1559,-0.0223,-0.0814,0.0592,0.0397,0.8303,0.3146,20.3934,-0.2147
177.067,-0.2297,0.1648,-0.0073,-0.0814,0.0592,0.0507,0.8303,0.3146,20.3934,-0.2147
177.159,-0.2297,0.1648,-0.0073,-0.0898,0.0652,0.0564,0.8303,0.3062,20.4034,-0.2148
177.161,-0.2111,0.1708,-0.0073,-0.0799,0.0652,0.0564,0.8489,0.3161,20.4034,-0.2148
177.163,-0.2275,0.1708,-0.0053,-0.0799,0.0563,0.0564,0.8325,0.3161,20.4034,-0.2148
177.164,-0.2275,0.1803,0.0114,-0.0799,0.0563,0.0684,0.8325,0.3161,20.4034,-0.2148
177.256,-0.2275,0.1803,0.0114,-0.0884,0.0623,0.0741,0.8325,0.3076,20.4133,-0.2149
177.285,-0.2098,0.1855,0.0114,-0.0793,0.0623,0.0741,0.8502,0.3167,20.4133,-0.2149
177.286,-0.2256,0.1855,0.0143,-0.0793,0.0544,0.0741,0.8344,0.3167,20.4133,-0.2149
177.287,-0.2256,0.1940,0.0304,-0.0793,0.0544,0.0853,0.8344,0.3167,20.4133,-0.2149
177.354,-0.2256,0.1940,0.0304,-0.0879,0.0603,0.0909,0.8344,0.3081,20.4232,-0.2150
177.355,-0.2079,0.1985,0.0304,-0.0791,0.0603,0.0909,0.8521,0.3169,20.4232,-0.2150
177.355,-0.2233,0.1985,0.0346,-0.0791,0.0534,0.0909,0.8367,0.3169,20.4232,-0.2150
177.356,-0.2233,0.2058,0.0497,-0.0791,0.0534,0.1009,0.8367,0.3169,20.4232,-0.2150
177.455,-0.2233,0.2058,0.0497,-0.0878,0.0592,0.1065,0.8367,0.3082,20.4331,-0.2151
177.456,-0.2051,0.2099,0.0497,-0.0790,0.0592,0.1065,0.8549,0.3170,20.4331,-0.2151
177.457,-0.2201,0.2099,0.0548,-0.0790,0.0532,0.1065,0.8399,0.3170,20.4331,-0.2151
177.457,-0.2201,0.2158,0.0697,-0.0790,0.0532,0.1154,0.8399,0.3170,20.4331,-0.2151
177.558,-0.2201,0.2158,0.0697,-0.0790,0.0532,0.1154,0.8399,0.3170,20.4331,-0.2151
177.574,-0.2201,0.2158,0.0697,-0.0878,0.0590,0.1209,0.8399,0.3082,20.4431,-0.2152
177.575,-0.2017,0.2195,0.0697,-0.0790,0.0590,0.1209,0.8583,0.3170,20.4431,-0.2152
177.576,-0.2161,0.2195,0.0752,-0.0790,0.0536,0.1209,0.8439,0.3170,20.4431,-0.2152
177.577,-0.2161,0.2233,0.0903,-0.0790,0.0536,0.1285,0.8439,0.3170,20.4431,-0.2152
177.665,-0.2161,0.2233,0.0903,-0.0878,0.0592,0.1339,0.8439,0.3082,20.4530,-0.2153
177.666,-0.1983,0.2266,0.0903,-0.0794,0.0592,0.1339,0.8617,0.3166,20.4530,-0.2153
177.666,-0.2123,0.2266,0.0961,-0.0794,0.0543,0.1339,0.8477,0.3166,20.4530,-0.2153
177.667,-0.2123,0.2280,0.1108,-0.0794,0.0543,0.1397,0.8477,0.3166,20.4530,-0.2153
177.767,-0.2123,0.2280,0.1108,-0.0794,0.0543,0.1397,0.8477,0.3166,20.4530,-0.2153
177.767,-0.2123,0.2280,0.1108,-0.0882,0.0599,0.1451,0.8477,0.3078,20.4629,-0.2154
177.768,-0.1956,0.2307,0.1108,-0.0804,0.0599,0.1451,0.8644,0.3156,20.4629,-0.2154
177.768,-0.2092,0.2307,0.1173,-0.0804,0.0557,0.1451,0.8508,0.3156,20.4629,-0.2154
177.768,-0.2092,0.2299,0.1304,-0.0804,0.0557,0.1490,0.8508,0.3156,20.4629,-0.2154
177.868,-0.2092,0.2299,0.1304,-0.0804,0.0557,0.1490,0.8508,0.3156,20.4629,-0.2154
177.870,-0.2092,0.2299,0.1304,-0.0893,0.0612,0.1542,0.8508,0.3067,20.4728,-0.2155
177.871,-0.1934,0.2319,0.1304,-0.0821,0.0612,0.1542,0.8666,0.3139,20.4728,-0.2155
177.871,-0.2062,0.2319,0.1376,-0.0821,0.0580,0.1542,0.8538,0.3139,20.4728,-0.2155
177.871,-0.2062,0.2289,0.1492,-0.0821,0.0580,0.1562,0.8538,0.3139,20.4728,-0.2155
177.971,-0.2062,0.2289,0.1492,-0.0821,0.0580,0.1562,0.8538,0.3139,20.4728,-0.2155
177.981,-0.2062,0.2289,0.1492,-0.0911,0.0634,0.1614,0.8538,0.3049,20.4827,-0.2156
177.981,-0.1906,0.2301,0.1492,-0.0845,0.0634,0.1614,0.8694,0.3115,20.4827,-0.2156
177.981,-0.2029,0.2301,0.1568,-0.0845,0.0609,0.1614,0.8571,0.3115,20.4827,-0.2156
177.981,-0.2029,0.2256,0.1675,-0.0845,0.0609,0.1622,0.8571,0.3115,20.4827,-0.2156
178.082,-0.2029,0.2256,0.1675,-0.0845,0.0609,0.1622,0.8571,0.3115,20.4827,-0.2156
178.086,-0.2029,0.2256,0.1675,-0.0936,0.0662,0.1673,0.8571,0.3024,20.4927,-0.2156
178.087,-0.1871,0.2259,0.1675,-0.0873,0.0662,0.1673,0.8729,0.3087,20.4927,-0.2156
178.087,-0.1995,0.2259,0.1752,-0.0873,0.0637,0.1673,0.8605,0.3087,20.4927,-0.2156
178.088,-0.1995,0.2211,0.1858,-0.0873,0.0637,0.1680,0.8605,0.3087,20.4927,-0.2156
178.188,-0.1995,0.2211,0.1858,-0.0873,0.0637,0.1680,0.8605,0.3087,20.4927,-0.2156
178.208,-0.1995,0.2211,0.1858,-0.0965,0.0690,0.1730,0.8605,0.2995,20.5026,-0.2157
178.208,-0.1835,0.2206,0.1858,-0.0906,0.0690,0.1730,0.8765,0.3054,20.5026,-0.2157
178.209,-0.1961,0.2206,0.1934,-0.0906,0.0664,0.1730,0.8639,0.3054,20.5026,-0.2157
178.209,-0.1961,0.2162,0.2042,-0.0906,0.0664,0.1742,0.8639,0.3054,20.5026,-0.2157
178.309,-0.1961,0.2162,0.2042,-0.0906,0.0664,0.1742,0.8639,0.3054,20.5026,-0.2157
178.328,-0.1961,0.2162,0.2042,-0.0998,0.0716,0.1792,0.8639,0.2962,20.5125,-0.2158
178.329,-0.1802,0.2151,0.2042,-0.0941,0.0716,0.1792,0.8798,0.3019,20.5125,-0.2158
178.329,-0.1921,0.2151,0.2119,-0.0941,0.0695,0.1792,0.8679,0.3019,20.5125,-0.2158
178.329,-0.1921,0.2109,0.2224,-0.0941,0.0695,0.1806,0.8679,0.3019,20.5125,-0.2158
178.429,-0.1921,0.2109,0.2224,-0.0941,0.0695,0.1806,0.8679,0.3019,20.5125,-0.2158
178.448,-0.1921,0.2109,0.2224,-0.1033,0.0746,0.1855,0.8679,0.2927,20.5225,-0.2159
178.448,-0.1765,0.2094,0.2224,-0.0978,0.0746,0.1855,0.8835,0.2982,20.5225,-0.2159
178.448,-0.1876,0.2094,0.2300,-0.0978,0.0729,0.1855,0.8724,0.2982,20.5225,-0.2159
178.448,-0.1876,0.2042,0.2394,-0.0978,0.0729,0.1860,0.8724,0.2982,20.5225,-0.2159
178.508,-0.1876,0.2042,0.2394,-0.1071,0.0779,0.1907,0.8724,0.2889,20.5324,-0.2160
178.509,-0.1719,0.2025,0.2394,-0.1014,0.0779,0.1907,0.8881,0.2946,20.5324,-0.2160
178.509,-0.1833,0.2025,0.2464,-0.1014,0.0758,0.1907,0.8767,0.2946,20.5324,-0.2160
178.510,-0.1833,0.1952,0.2537,-0.1014,0.0758,0.1892,0.8767,0.2946,20.5324,-0.2160
178.583,-0.1833,0.1952,0.2537,-0.1108,0.0807,0.1939,0.8767,0.2852,20.5423,-0.2161
178.585,-0.1673,0.1930,0.2537,-0.1052,0.0807,0.1939,0.8927,0.2908,20.5423,-0.2161
178.587,-0.1798,0.1930,0.2589,-0.1052,0.0769,0.1939,0.8802,0.2908,20.5423,-0.2161
178.588,-0.1798,0.1845,0.2645,-0.1052,0.0769,0.1910,0.8802,0.2908,20.5423,-0.2161
178.663,-0.1798,0.1845,0.2645,-0.1146,0.0818,0.1955,0.8802,0.2814,20.5523,-0.2161
178.664,-0.1636,0.1818,0.2645,-0.1090,0.0818,0.1955,0.8964,0.2870,20.5523,-0.2161
178.665,-0.1772,0.1818,0.2679,-0.1090,0.0763,0.1955,0.8828,0.2870,20.5523,-0.2161
178.666,-0.1772,0.1735,0.2732,-0.1090,0.0763,0.1928,0.8828,0.2870,20.5523,-0.2161
178.766,-0.1772,0.1735,0.2732,-0.1185,0.0811,0.1973,0.8828,0.2775,20.5622,-0.2162
178.766,-0.1772,0.1735,0.2732,-0.1185,0.0811,0.1973,0.8828,0.2775,20.5622,-0.2162
178.774,-0.1612,0.1703,0.2732,-0.1131,0.0811,0.1973,0.8988,0.2829,20.5622,-0.2162
178.774,-0.1758,0.1703,0.2751,-0.1131,0.0741,0.1973,0.8842,0.2829,20.5622,-0.2162
178.777,-0.1758,0.1629,0.2812,-0.1131,0.0741,0.1956,0.8842,0.2829,20.5622,-0.2162
178.860,-0.1758,0.1629,0.2812,-0.1226,0.0789,0.2001,0.8842,0.2734,20.5721,-0.2163
178.861,-0.1600,0.1594,0.2812,-0.1172,0.0789,0.2001,0.9000,0.2788,20.5721,-0.2163
178.862,-0.1753,0.1594,0.2818,-0.1172,0.0707,0.2001,0.8847,0.2788,20.5721,-0.2163
178.862,-0.1753,0.1522,0.2885,-0.1172,0.0707,0.1991,0.8847,0.2788,20.5721,-0.2163
178.963,-0.1753,0.1522,0.2885,-0.1172,0.0707,0.1991,0.8847,0.2788,20.5721,-0.2163
178.971,-0.1753,0.1522,0.2885,-0.1268,0.0754,0.2034,0.8847,0.2692,20.5820,-0.2164
178.972,-0.1596,0.1486,0.2885,-0.1213,0.0754,0.2034,0.9004,0.2747,20.5820,-0.2164
178.973,-0.1756,0.1486,0.2874,-0.1213,0.0659,0.2034,0.8844,0.2747,20.5820,-0.2164
178.974,-0.1756,0.1402,0.2929,-0.1213,0.0659,0.2012,0.8844,0.2747,20.5820,-0.2164
179.074,-0.1756,0.1402,0.2929,-0.1213,0.0659,0.2012,0.8844,0.2747,20.5820,-0.2164
179.104,-0.1756,0.1402,0.2929,-0.1310,0.0705,0.2054,0.8844,0.2650,20.5920,-0.2165
179.105,-0.1598,0.1364,0.2929,-0.1252,0.0705,0.2054,0.9002,0.2708,20.5920,-0.2165
179.105,-0.1775,0.1364,0.2891,-0.1252,0.0585,0.2054,0.8825,0.2708,20.5920,-0.2165
179.105,-0.1775,0.1258,0.2915,-0.1252,0.0585,0.2005,0.8825,0.2708,20.5920,-0.2165
179.205,-0.1775,0.1258,0.2915,-0.1252,0.0585,0.2005,0.8825,0.2708,20.5920,-0.2165
179.224,-0.1775,0.1258,0.2915,-0.1349,0.0631,0.2047,0.8825,0.2611,20.6019,-0.2166
179.225,-0.1614,0.1222,0.2915,-0.1286,0.0631,0.2047,0.8986,0.2674,20.6019,-0.2166
179.226,-0.1813,0.1222,0.2846,-0.1286,0.0480,0.2047,0.8787,0.2674,20.6019,-0.2166
179.226,-0.1813,0.1097,0.2836,-0.1286,0.0480,0.1971,0.8787,0.2674,20.6019,-0.2166
179.316,-0.1813,0.1097,0.2836,-0.1384,0.0525,0.2013,0.8787,0.2576,20.6118,-0.2167
179.317,-0.1650,0.1063,0.2836,-0.1315,0.0525,0.2013,0.8950,0.2645,20.6118,-0.2167
179.318,-0.1864,0.1063,0.2744,-0.1315,0.0353,0.2013,0.8736,0.2645,20.6118,-0.2167
179.320,-0.1864,0.0933,0.2719,-0.1315,0.0353,0.1926,0.8736,0.2645,20.6118,-0.2167
179.420,-0.1864,0.0933,0.2719,-0.1315,0.0353,0.1926,0.8736,0.2645,20.6118,-0.2167
179.423,-0.1864,0.0933,0.2719,-0.1413,0.0397,0.1968,0.8736,0.2547,20.6218,-0.2167
179.424,-0.1699,0.0904,0.2719,-0.1338,0.0397,0.1968,0.8901,0.2622,20.6218,-0.2167
179.425,-0.1907,0.0904,0.2624,-0.1338,0.0227,0.1968,0.8693,0.2622,20.6218,-0.2167
179.426,-0.1907,0.0777,0.2606,-0.1338,0.0227,0.1888,0.8693,0.2622,20.6218,-0.2167
179.526,-0.1907,0.0777,0.2606,-0.1338,0.0227,0.1888,0.8693,0.2622,20.6218,-0.2167
179.543,-0.1907,0.0777,0.2606,-0.1436,0.0271,0.1929,0.8693,0.2524,20.6317,-0.2168
179.543,-0.1741,0.0757,0.2606,-0.1352,0.0271,0.1929,0.8859,0.2608,20.6317,-0.2168
179.544,-0.1943,0.0757,0.2509,-0.1352,0.0103,0.1929,0.8657,0.2608,20.6317,-0.2168
179.545,-0.1943,0.0627,0.2492,-0.1352,0.0103,0.1850,0.8657,0.2608,20.6317,-0.2168
179.641,-0.1943,0.0627,0.2492,-0.1450,0.0147,0.1890,0.8657,0.2510,20.6416,-0.2169
179.642,-0.1770,0.0619,0.2492,-0.1352,0.0147,0.1890,0.8830,0.2608,20.6416,-0.2169
179.643,-0.1977,0.0619,0.2377,-0.1352,-0.0036,0.1890,0.8623,0.2608,20.6416,-0.2169
179.644,-0.1977,0.0473,0.2340,-0.1352,-0.0036,0.1793,0.8623,0.2608,20.6416,-0.2169
179.721,-0.1977,0.0473,0.2340,-0.1451,0.0008,0.1833,0.8623,0.2509,20.6515,-0.2170
179.723,-0.1795,0.0484,0.2340,-0.1333,0.0008,0.1833,0.8805,0.2627,20.6515,-0.2170
179.727,-0.1997,0.0484,0.2197,-0.1333,-0.0188,0.1833,0.8603,0.2627,20.6515,-0.2170
179.727,-0.1997,0.0323,0.2130,-0.1333,-0.0188,0.1711,0.8603,0.2627,20.6515,-0.2170
179.787,-0.1997,0.0323,0.2130,-0.1432,-0.0144,0.1751,0.8603,0.2528,20.6615,-0.2171
179.788,-0.1806,0.0351,0.2130,-0.1296,-0.0144,0.1751,0.8794,0.2664,20.6615,-0.2171
179.788,-0.1987,0.0351,0.1971,-0.1296,-0.0339,0.1751,0.8613,0.2664,20.6615,-0.2171
179.788,-0.1987,0.0185,0.1881,-0.1296,-0.0339,0.1614,0.8613,0.2664,20.6615,-0.2171
179.856,-0.1987,0.0185,0.1881,-0.1395,-0.0294,0.1653,0.8613,0.2565,20.6714,-0.2172
179.856,-0.1798,0.0222,0.1881,-0.1254,-0.0294,0.1653,0.8802,0.2706,20.6714,-0.2172
179.856,-0.1959,0.0222,0.1730,-0.1254,-0.0473,0.1653,0.8641,0.2706,20.6714,-0.2172
179.857,-0.1959,0.0063,0.1637,-0.1254,-0.0473,0.1518,0.8641,0.2706,20.6714,-0.2172
179.956,-0.1959,0.0063,0.1637,-0.1353,-0.0428,0.1557,0.8641,0.2607,20.6813,-0.2173
179.956,-0.1778,0.0106,0.1637,-0.1212,-0.0428,0.1557,0.8822,0.2748,20.6813,-0.2173
179.958,-0.1930,0.0106,0.1498,-0.1212,-0.0595,0.1557,0.8670,0.2748,20.6813,-0.2173
179.959,-0.1930,-0.0050,0.1408,-0.1212,-0.0595,0.1425,0.8670,0.2748,20.6813,-0.2173
180.060,-0.1930,-0.0050,0.1408,-0.1212,-0.0595,0.1425,0.8670,0.2748,20.6813,-0.2173
