t,e0,e1,e2,e3,e4,e5,min_surf_gg,min_surf_pg
0.009,-0.8644,-0.2646,-0.7826,5.3743,5.8419,5.8928,0.1956,5.7703
0.105,-0.8644,-0.2646,-0.7826,5.3842,5.8519,5.9027,0.1956,5.7802
0.105,-0.8642,-0.2648,-0.7826,5.3835,5.8519,5.9027,0.1958,5.7795
0.106,-0.8644,-0.2648,-0.7831,5.3835,5.8513,5.9027,0.1956,5.7795
0.106,-0.8644,-0.2644,-0.7826,5.3835,5.8513,5.9028,0.1956,5.7795
0.202,-0.8644,-0.2644,-0.7826,5.3934,5.8612,5.9127,0.1956,5.7894
0.202,-0.8642,-0.2647,-0.7826,5.3927,5.8612,5.9127,0.1958,5.7887
0.202,-0.8643,-0.2647,-0.7832,5.3927,5.8606,5.9127,0.1957,5.7887
0.202,-0.8643,-0.2642,-0.7828,5.3927,5.8606,5.9128,0.1957,5.7887
0.298,-0.8643,-0.2642,-0.7828,5.4027,5.8705,5.9226,0.1957,5.7987
0.298,-0.8642,-0.2645,-0.7828,5.4020,5.8705,5.9226,0.1958,5.7980
0.298,-0.8643,-0.2645,-0.7833,5.4020,5.8699,5.9226,0.1957,5.7980
0.298,-0.8643,-0.2641,-0.7829,5.4020,5.8699,5.9228,0.1957,5.7980
0.398,-0.8643,-0.2641,-0.7829,5.4020,5.8699,5.9228,0.1957,5.7980
0.404,-0.8643,-0.2641,-0.7829,5.4119,5.8799,5.9327,0.1957,5.8079
0.404,-0.8642,-0.2644,-0.7829,5.4113,5.8799,5.9327,0.1958,5.8073
0.404,-0.8644,-0.2644,-0.7834,5.4113,5.8792,5.9327,0.1956,5.8073
0.404,-0.8644,-0.2639,-0.7830,5.4113,5.8792,5.9328,0.1956,5.8073
0.501,-0.8644,-0.2639,-0.7830,5.4212,5.8892,5.9427,0.1956,5.8172
0.501,-0.8643,-0.2642,-0.7830,5.4205,5.8892,5.9427,0.1957,5.8165
0.501,-0.8644,-0.2642,-0.7836,5.4205,5.8885,5.9427,0.1956,5.8165
0.501,-0.8644,-0.2638,-0.7831,5.4205,5.8885,5.9428,0.1956,5.8165
0.602,-0.8644,-0.2638,-0.7831,5.4205,5.8885,5.9428,0.1956,5.8165
0.603,-0.8644,-0.2638,-0.7831,5.4305,5.8985,5.9527,0.1956,5.8265
0.604,-0.8644,-0.2641,-0.7831,5.4298,5.8985,5.9527,0.1956,5.8258
0.604,-0.8645,-0.2641,-0.7837,5.4298,5.8978,5.9527,0.1955,5.8258
0.604,-0.8645,-0.2637,-0.7832,5.4298,5.8978,5.9529,0.1955,5.8258
0.700,-0.8645,-0.2637,-0.7832,5.4398,5.9077,5.9628,0.1955,5.8358
0.700,-0.8645,-0.2640,-0.7832,5.4391,5.9077,5.9628,0.1955,5.8351
0.700,-0.8646,-0.2640,-0.7838,5.4391,5.9070,5.9628,0.1954,5.8351
0.700,-0.8646,-0.2635,-0.7833,5.4391,5.9070,5.9630,0.1954,5.8351
0.790,-0.8646,-0.2635,-0.7833,5.4491,5.9170,5.9729,0.1954,5.8451
0.791,-0.8645,-0.2638,-0.7833,5.4484,5.9170,5.9729,0.1955,5.8444
0.791,-0.8647,-0.2638,-0.7839,5.4484,5.9163,5.9729,0.1953,5.8444
0.791,-0.8647,-0.2634,-0.7834,5.4484,5.9163,5.9731,0.1953,5.8444
0.891,-0.8647,-0.2634,-0.7834,5.4484,5.9163,5.9731,0.1953,5.8444
0.896,-0.8647,-0.2634,-0.7834,5.4584,5.9263,5.9830,0.1953,5.8544
0.896,-0.8646,-0.2637,-0.7834,5.4577,5.9263,5.9830,0.1954,5.8537
0.897,-0.8648,-0.2637,-0.7840,5.4577,5.9256,5.9830,0.1952,5.8537
0.897,-0.8648,-0.2632,-0.7836,5.4577,5.9256,5.9832,0.1952,5.8537
0.997,-0.8648,-0.2632,-0.7836,5.4577,5.9256,5.9832,0.1952,5.8537
1.000,-0.8648,-0.2632,-0.7836,5.4677,5.9356,5.9931,0.1952,5.8637
1.001,-0.8647,-0.2635,-0.7836,5.4670,5.9356,5.9931,0.1953,5.8630
1.001,-0.8648,-0.2635,-0.7841,5.4670,5.9349,5.9931,0.1952,5.8630
1.001,-0.8648,-0.2630,-0.7837,5.4670,5.9349,5.9934,0.1952,5.8630
1.097,-0.8648,-0.2630,-0.7837,5.4770,5.9448,6.0032,0.1952,5.8730
1.097,-0.8647,-0.2633,-0.7837,5.4763,5.9448,6.0032,0.1953,5.8723
1.097,-0.8649,-0.2633,-0.7842,5.4763,5.9442,6.0032,0.1951,5.8723
1.097,-0.8649,-0.2628,-0.7838,5.4763,5.9442,6.0035,0.1951,5.8723
1.197,-0.8649,-0.2628,-0.7838,5.4763,5.9442,6.0035,0.1951,5.8723
1.203,-0.8649,-0.2628,-0.7838,5.4862,5.9541,6.0134,0.1951,5.8822
1.203,-0.8647,-0.2631,-0.7838,5.4855,5.9541,6.0134,0.1953,5.8815
1.203,-0.8649,-0.2631,-0.7844,5.4855,5.9535,6.0134,0.1951,5.8815
1.203,-0.8649,-0.2626,-0.7840,5.4855,5.9535,6.0137,0.1951,5.8815
1.298,-0.8649,-0.2626,-0.7840,5.4955,5.9634,6.0236,0.1951,5.8915
1.299,-0.8647,-0.2629,-0.7840,5.4948,5.9634,6.0236,0.1953,5.8908
1.299,-0.8648,-0.2629,-0.7845,5.4948,5.9628,6.0236,0.1952,5.8908
1.299,-0.8648,-0.2624,-0.7841,5.4948,5.9628,6.0239,0.1952,5.8908
1.399,-0.8648,-0.2624,-0.7841,5.4948,5.9628,6.0239,0.1952,5.8908
1.401,-0.8648,-0.2624,-0.7841,5.5047,5.9727,6.0338,0.1952,5.9007
1.402,-0.8647,-0.2627,-0.7841,5.5040,5.9727,6.0338,0.1953,5.9000
1.402,-0.8648,-0.2627,-0.7847,5.5040,5.9721,6.0338,0.1952,5.9000
1.402,-0.8648,-0.2622,-0.7843,5.5040,5.9721,6.0341,0.1952,5.9000
1.495,-0.8648,-0.2622,-0.7843,5.5139,5.9820,6.0440,0.1952,5.9099
1.495,-0.8646,-0.2624,-0.7843,5.5132,5.9820,6.0440,0.1954,5.9092
1.495,-0.8648,-0.2624,-0.7848,5.5132,5.9814,6.0440,0.1952,5.9092
1.495,-0.8648,-0.2619,-0.7844,5.5132,5.9814,6.0443,0.1952,5.9092
1.595,-0.8648,-0.2619,-0.7844,5.5132,5.9814,6.0443,0.1952,5.9092
1.600,-0.8648,-0.2619,-0.7844,5.5232,5.9914,6.0542,0.1952,5.9192
1.600,-0.8646,-0.2622,-0.7844,5.5224,5.9914,6.0542,0.1954,5.9184
1.600,-0.8647,-0.2622,-0.7849,5.5224,5.9907,6.0542,0.1953,5.9184
1.600,-0.8647,-0.2617,-0.7845,5.5224,5.9907,6.0545,0.1953,5.9184
1.700,-0.8647,-0.2617,-0.7845,5.5224,5.9907,6.0545,0.1953,5.9184
1.704,-0.8647,-0.2617,-0.7845,5.5324,6.0007,6.0644,0.1953,5.9284
1.704,-0.8646,-0.2619,-0.7845,5.5316,6.0007,6.0644,0.1954,5.9276
1.704,-0.8647,-0.2619,-0.7851,5.5316,6.0000,6.0644,0.1953,5.9276
1.704,-0.8647,-0.2614,-0.7847,5.5316,6.0000,6.0648,0.1953,5.9276
1.801,-0.8647,-0.2614,-0.7847,5.5416,6.0100,6.0747,0.1953,5.9376
1.801,-0.8646,-0.2617,-0.7847,5.5409,6.0100,6.0747,0.1954,5.9369
1.801,-0.8647,-0.2617,-0.7852,5.5409,6.0093,6.0747,0.1953,5.9369
1.802,-0.8647,-0.2612,-0.7848,5.5409,6.0093,6.0750,0.1953,5.9369
1.898,-0.8647,-0.2612,-0.7848,5.5508,6.0193,6.0849,0.1953,5.9468
1.898,-0.8646,-0.2614,-0.7848,5.5501,6.0193,6.0849,0.1954,5.9461
1.898,-0.8647,-0.2614,-0.7854,5.5501,6.0186,6.0849,0.1953,5.9461
1.898,-0.8647,-0.2610,-0.7850,5.5501,6.0186,6.0853,0.1953,5.9461
1.998,-0.8647,-0.2610,-0.7850,5.5501,6.0186,6.0853,0.1953,5.9461
2.004,-0.8647,-0.2610,-0.7850,5.5601,6.0285,6.0952,0.1953,5.9561
2.004,-0.8646,-0.2612,-0.7850,5.5594,6.0285,6.0952,0.1954,5.9554
2.005,-0.8647,-0.2612,-0.7856,5.5594,6.0279,6.0952,0.1953,5.9554
2.005,-0.8647,-0.2607,-0.7852,5.5594,6.0279,6.0956,0.1953,5.9554
2.101,-0.8647,-0.2607,-0.7852,5.5694,6.0378,6.1054,0.1953,5.9654
2.101,-0.8646,-0.2610,-0.7852,5.5687,6.0378,6.1054,0.1954,5.9647
2.101,-0.8647,-0.2610,-0.7858,5.5687,6.0371,6.1054,0.1953,5.9647
2.102,-0.8647,-0.2605,-0.7854,5.5687,6.0371,6.1058,0.1953,5.9647
2.197,-0.8647,-0.2605,-0.7854,5.5786,6.0471,6.1157,0.1953,5.9746
2.197,-0.8647,-0.2609,-0.7854,5.5780,6.0471,6.1157,0.1953,5.9740
2.197,-0.8649,-0.2609,-0.7859,5.5780,6.0464,6.1157,0.1951,5.9740
2.198,-0.8649,-0.2604,-0.7855,5.5780,6.0464,6.1161,0.1951,5.9740
2.298,-0.8649,-0.2604,-0.7855,5.5780,6.0464,6.1161,0.1951,5.9740
2.306,-0.8649,-0.2604,-0.7855,5.5879,6.0564,6.1260,0.1951,5.9839
2.306,-0.8648,-0.2607,-0.7855,5.5873,6.0564,6.1260,0.1952,5.9833
2.306,-0.8650,-0.2607,-0.7860,5.5873,6.0557,6.1260,0.1950,5.9833
2.306,-0.8650,-0.2602,-0.7856,5.5873,6.0557,6.1264,0.1950,5.9833
2.406,-0.8650,-0.2602,-0.7856,5.5873,6.0557,6.1264,0.1950,5.9833
2.409,-0.8650,-0.2602,-0.7856,5.5972,6.0656,6.1363,0.1950,5.9932
2.409,-0.8649,-0.2605,-0.7856,5.5965,6.0656,6.1363,0.1951,5.9925
2.409,-0.8651,-0.2605,-0.7861,5.5965,6.0649,6.1363,0.1949,5.9925
2.409,-0.8651,-0.2600,-0.7857,5.5965,6.0649,6.1367,0.1949,5.9925
2.506,-0.8651,-0.2600,-0.7857,5.6065,6.0749,6.1466,0.1949,6.0025
2.506,-0.8650,-0.2603,-0.7857,5.6058,6.0749,6.1466,0.1950,6.0018
2.506,-0.8652,-0.2603,-0.7862,5.6058,6.0741,6.1466,0.1948,6.0018
2.506,-0.8652,-0.2597,-0.7858,5.6058,6.0741,6.1470,0.1948,6.0018
2.601,-0.8652,-0.2597,-0.7858,5.6158,6.0841,6.1569,0.1948,6.0118
2.601,-0.8651,-0.2600,-0.7858,5.6151,6.0841,6.1569,0.1949,6.0111
2.601,-0.8652,-0.2600,-0.7864,5.6151,6.0834,6.1569,0.1948,6.0111
2.601,-0.8652,-0.2595,-0.7860,5.6151,6.0834,6.1573,0.1948,6.0111
2.697,-0.8652,-0.2595,-0.7860,5.6251,6.0933,6.1672,0.1948,6.0211
2.697,-0.8651,-0.2598,-0.7860,5.6244,6.0933,6.1672,0.1949,6.0204
2.698,-0.8653,-0.2598,-0.7866,5.6244,6.0926,6.1672,0.1947,6.0204
2.698,-0.8653,-0.2593,-0.7861,5.6244,6.0926,6.1676,0.1947,6.0204
2.798,-0.8653,-0.2593,-0.7861,5.6244,6.0926,6.1676,0.1947,6.0204
2.804,-0.8653,-0.2593,-0.7861,5.6343,6.1026,6.1775,0.1947,6.0303
2.805,-0.8652,-0.2596,-0.7861,5.6336,6.1026,6.1775,0.1948,6.0296
2.805,-0.8653,-0.2596,-0.7867,5.6336,6.1019,6.1775,0.1947,6.0296
2.805,-0.8653,-0.2591,-0.7863,5.6336,6.1019,6.1779,0.1947,6.0296
2.901,-0.8653,-0.2591,-0.7863,5.6436,6.1119,6.1878,0.1947,6.0396
2.901,-0.8652,-0.2593,-0.7863,5.6428,6.1119,6.1878,0.1948,6.0388
2.901,-0.8653,-0.2593,-0.7869,5.6428,6.1112,6.1878,0.1947,6.0388
2.902,-0.8653,-0.2588,-0.7865,5.6428,6.1112,6.1882,0.1947,6.0388
2.997,-0.8653,-0.2588,-0.7865,5.6528,6.1211,6.1981,0.1947,6.0488
2.997,-0.8652,-0.2591,-0.7865,5.6521,6.1211,6.1981,0.1948,6.0481
2.997,-0.8653,-0.2591,-0.7870,5.6521,6.1204,6.1981,0.1947,6.0481
2.997,-0.8653,-0.2585,-0.7866,5.6521,6.1204,6.1985,0.1947,6.0481
3.098,-0.8653,-0.2585,-0.7866,5.6521,6.1204,6.1985,0.1947,6.0481
3.103,-0.8653,-0.2585,-0.7866,5.6620,6.1304,6.2084,0.1947,6.0580
3.104,-0.8651,-0.2588,-0.7866,5.6612,6.1304,6.2084,0.1949,6.0572
3.104,-0.8653,-0.2588,-0.7871,5.6612,6.1297,6.2084,0.1947,6.0572
3.104,-0.8653,-0.2583,-0.7867,5.6612,6.1297,6.2088,0.1947,6.0572
3.198,-0.8653,-0.2583,-0.7867,5.6712,6.1397,6.2187,0.1947,6.0672
3.199,-0.8651,-0.2585,-0.7867,5.6704,6.1397,6.2187,0.1949,6.0664
3.199,-0.8652,-0.2585,-0.7873,5.6704,6.1390,6.2187,0.1948,6.0664
3.199,-0.8652,-0.2580,-0.7868,5.6704,6.1390,6.2191,0.1948,6.0664
3.299,-0.8652,-0.2580,-0.7868,5.6704,6.1390,6.2191,0.1948,6.0664
3.305,-0.8652,-0.2580,-0.7868,5.6804,6.1490,6.2290,0.1948,6.0764
3.305,-0.8651,-0.2582,-0.7868,5.6796,6.1490,6.2290,0.1949,6.0756
3.305,-0.8652,-0.2582,-0.7874,5.6796,6.1483,6.2290,0.1948,6.0756
3.305,-0.8652,-0.2577,-0.7870,5.6796,6.1483,6.2293,0.1948,6.0756
3.401,-0.8652,-0.2577,-0.7870,5.6895,6.1583,6.2392,0.1948,6.0855
3.401,-0.8650,-0.2579,-0.7870,5.6888,6.1583,6.2392,0.1950,6.0848
3.401,-0.8652,-0.2579,-0.7875,5.6888,6.1576,6.2392,0.1948,6.0848
3.401,-0.8652,-0.2574,-0.7871,5.6888,6.1576,6.2396,0.1948,6.0848
3.497,-0.8652,-0.2574,-0.7871,5.6987,6.1675,6.2495,0.1948,6.0947
3.497,-0.8650,-0.2577,-0.7871,5.6980,6.1675,6.2495,0.1950,6.0940
3.497,-0.8652,-0.2577,-0.7877,5.6980,6.1668,6.2495,0.1948,6.0940
3.497,-0.8652,-0.2572,-0.7872,5.6980,6.1668,6.2499,0.1948,6.0940
3.597,-0.8652,-0.2572,-0.7872,5.6980,6.1668,6.2499,0.1948,6.0940
3.608,-0.8652,-0.2572,-0.7872,5.7079,6.1768,6.2598,0.1948,6.1039
3.608,-0.8650,-0.2574,-0.7872,5.7072,6.1768,6.2598,0.1950,6.1032
3.608,-0.8652,-0.2574,-0.7878,5.7072,6.1761,6.2598,0.1948,6.1032
3.608,-0.8652,-0.2569,-0.7874,5.7072,6.1761,6.2602,0.1948,6.1032
3.705,-0.8652,-0.2569,-0.7874,5.7172,6.1860,6.2701,0.1948,6.1132
3.705,-0.8650,-0.2572,-0.7874,5.7164,6.1860,6.2701,0.1950,6.1124
3.705,-0.8652,-0.2572,-0.7880,5.7164,6.1853,6.2701,0.1948,6.1124
3.705,-0.8652,-0.2567,-0.7876,5.7164,6.1853,6.2704,0.1948,6.1124
3.801,-0.8652,-0.2567,-0.7876,5.7264,6.1953,6.2803,0.1948,6.1224
3.801,-0.8651,-0.2570,-0.7876,5.7257,6.1953,6.2803,0.1949,6.1217
3.801,-0.8652,-0.2570,-0.7881,5.7257,6.1946,6.2803,0.1948,6.1217
3.801,-0.8652,-0.2565,-0.7877,5.7257,6.1946,6.2807,0.1948,6.1217
3.897,-0.8652,-0.2565,-0.7877,5.7356,6.2045,6.2906,0.1948,6.1316
3.898,-0.8652,-0.2568,-0.7877,5.7349,6.2045,6.2906,0.1948,6.1309
3.898,-0.8654,-0.2568,-0.7882,5.7349,6.2038,6.2906,0.1946,6.1309
3.898,-0.8654,-0.2563,-0.7878,5.7349,6.2038,6.2909,0.1946,6.1309
3.998,-0.8654,-0.2563,-0.7878,5.7349,6.2038,6.2909,0.1946,6.1309
4.004,-0.8654,-0.2563,-0.7878,5.7449,6.2138,6.3008,0.1946,6.1409
4.005,-0.8653,-0.2566,-0.7878,5.7442,6.2138,6.3008,0.1947,6.1402
4.005,-0.8654,-0.2566,-0.7883,5.7442,6.2130,6.3008,0.1946,6.1402
4.005,-0.8654,-0.2561,-0.7879,5.7442,6.2130,6.3011,0.1946,6.1402
4.101,-0.8654,-0.2561,-0.7879,5.7541,6.2230,6.3110,0.1946,6.1501
4.102,-0.8653,-0.2564,-0.7879,5.7534,6.2230,6.3110,0.1947,6.1494
4.102,-0.8655,-0.2564,-0.7884,5.7534,6.2222,6.3110,0.1945,6.1494
4.102,-0.8655,-0.2559,-0.7880,5.7534,6.2222,6.3114,0.1945,6.1494
4.198,-0.8655,-0.2559,-0.7880,5.7633,6.2322,6.3212,0.1945,6.1593
4.198,-0.8654,-0.2562,-0.7880,5.7626,6.2322,6.3212,0.1946,6.1586
4.199,-0.8656,-0.2562,-0.7885,5.7626,6.2315,6.3212,0.1944,6.1586
4.199,-0.8656,-0.2557,-0.7881,5.7626,6.2315,6.3216,0.1944,6.1586
4.299,-0.8656,-0.2557,-0.7881,5.7626,6.2315,6.3216,0.1944,6.1586
4.304,-0.8656,-0.2557,-0.7881,5.7726,6.2414,6.3315,0.1944,6.1686
4.305,-0.8655,-0.2560,-0.7881,5.7718,6.2414,6.3315,0.1945,6.1678
4.305,-0.8657,-0.2560,-0.7886,5.7718,6.2407,6.3315,0.1943,6.1678
4.305,-0.8657,-0.2555,-0.7882,5.7718,6.2407,6.3318,0.1943,6.1678
4.400,-0.8657,-0.2555,-0.7882,5.7818,6.2506,6.3417,0.1943,6.1778
4.400,-0.8655,-0.2558,-0.7882,5.7810,6.2506,6.3417,0.1945,6.1770
4.401,-0.8657,-0.2558,-0.7887,5.7810,6.2499,6.3417,0.1943,6.1770
4.401,-0.8657,-0.2553,-0.7883,5.7810,6.2499,6.3419,0.1943,6.1770
4.491,-0.8657,-0.2553,-0.7883,5.7910,6.2599,6.3518,0.1943,6.1870
4.491,-0.8655,-0.2555,-0.7883,5.7902,6.2599,6.3518,0.1945,6.1862
4.491,-0.8657,-0.2555,-0.7889,5.7902,6.2591,6.3518,0.1943,6.1862
4.491,-0.8657,-0.2551,-0.7884,5.7902,6.2591,6.3521,0.1943,6.1862
4.592,-0.8657,-0.2551,-0.7884,5.7902,6.2591,6.3521,0.1943,6.1862
4.596,-0.8657,-0.2551,-0.7884,5.8001,6.2691,6.3620,0.1943,6.1961
4.596,-0.8655,-0.2553,-0.7884,5.7994,6.2691,6.3620,0.1945,6.1954
4.596,-0.8657,-0.2553,-0.7890,5.7994,6.2684,6.3620,0.1943,6.1954
4.597,-0.8657,-0.2548,-0.7885,5.7994,6.2684,6.3623,0.1943,6.1954
4.697,-0.8657,-0.2548,-0.7885,5.7994,6.2684,6.3623,0.1943,6.1954
4.703,-0.8657,-0.2548,-0.7885,5.8093,6.2784,6.3722,0.1943,6.2053
4.703,-0.8655,-0.2551,-0.7885,5.8085,6.2784,6.3722,0.1945,6.2045
4.703,-0.8656,-0.2551,-0.7891,5.8085,6.2777,6.3722,0.1944,6.2045
4.703,-0.8656,-0.2546,-0.7886,5.8085,6.2777,6.3724,0.1944,6.2045
4.799,-0.8656,-0.2546,-0.7886,5.8185,6.2876,6.3823,0.1944,6.2145
4.799,-0.8654,-0.2548,-0.7886,5.8176,6.2876,6.3823,0.1946,6.2136
4.799,-0.8656,-0.2548,-0.7892,5.8176,6.2869,6.3823,0.1944,6.2136
4.799,-0.8656,-0.2544,-0.7888,5.8176,6.2869,6.3826,0.1944,6.2136
4.900,-0.8656,-0.2544,-0.7888,5.8176,6.2869,6.3826,0.1944,6.2136
4.905,-0.8656,-0.2544,-0.7888,5.8276,6.2969,6.3925,0.1944,6.2236
4.905,-0.8654,-0.2546,-0.7888,5.8268,6.2969,6.3925,0.1946,6.2228
4.906,-0.8655,-0.2546,-0.7893,5.8268,6.2962,6.3925,0.1945,6.2228
4.906,-0.8655,-0.2541,-0.7889,5.8268,6.2962,6.3927,0.1945,6.2228
5.001,-0.8655,-0.2541,-0.7889,5.8367,6.3062,6.4026,0.1945,6.2327
5.001,-0.8653,-0.2543,-0.7889,5.8359,6.3062,6.4026,0.1947,6.2319
5.002,-0.8655,-0.2543,-0.7894,5.8359,6.3054,6.4026,0.1945,6.2319
5.002,-0.8655,-0.2539,-0.7890,5.8359,6.3054,6.4028,0.1945,6.2319
5.097,-0.8655,-0.2539,-0.7890,5.8458,6.3154,6.4127,0.1945,6.2418
5.097,-0.8653,-0.2541,-0.7890,5.8450,6.3154,6.4127,0.1947,6.2410
5.097,-0.8655,-0.2541,-0.7895,5.8450,6.3147,6.4127,0.1945,6.2410
5.097,-0.8655,-0.2537,-0.7891,5.8450,6.3147,6.4129,0.1945,6.2410
5.198,-0.8655,-0.2537,-0.7891,5.8450,6.3147,6.4129,0.1945,6.2410
5.203,-0.8655,-0.2537,-0.7891,5.8549,6.3246,6.4228,0.1945,6.2509
5.204,-0.8653,-0.2539,-0.7891,5.8541,6.3246,6.4228,0.1947,6.2501
5.204,-0.8654,-0.2539,-0.7896,5.8541,6.3239,6.4228,0.1946,6.2501
5.204,-0.8654,-0.2535,-0.7892,5.8541,6.3239,6.4230,0.1946,6.2501
5.299,-0.8654,-0.2535,-0.7892,5.8641,6.3339,6.4329,0.1946,6.2601
5.299,-0.8653,-0.2537,-0.7892,5.8633,6.3339,6.4329,0.1947,6.2593
5.299,-0.8654,-0.2537,-0.7898,5.8633,6.3331,6.4329,0.1946,6.2593
5.300,-0.8654,-0.2533,-0.7893,5.8633,6.3331,6.4331,0.1946,6.2593
5.400,-0.8654,-0.2533,-0.7893,5.8633,6.3331,6.4331,0.1946,6.2593
5.405,-0.8654,-0.2533,-0.7893,5.8732,6.3431,6.4430,0.1946,6.2692
5.405,-0.8653,-0.2535,-0.7893,5.8725,6.3431,6.4430,0.1947,6.2685
5.405,-0.8654,-0.2535,-0.7899,5.8725,6.3424,6.4430,0.1946,6.2685
5.405,-0.8654,-0.2531,-0.7894,5.8725,6.3424,6.4432,0.1946,6.2685
5.501,-0.8654,-0.2531,-0.7894,5.8824,6.3523,6.4531,0.1946,6.2784
5.501,-0.8653,-0.2534,-0.7894,5.8816,6.3523,6.4531,0.1947,6.2776
5.501,-0.8655,-0.2534,-0.7899,5.8816,6.3516,6.4531,0.1945,6.2776
5.502,-0.8655,-0.2530,-0.7895,5.8816,6.3516,6.4532,0.1945,6.2776
5.597,-0.8655,-0.2530,-0.7895,5.8916,6.3616,6.4631,0.1945,6.2876
5.597,-0.8654,-0.2533,-0.7895,5.8908,6.3616,6.4631,0.1946,6.2868
5.597,-0.8656,-0.2533,-0.7900,5.8908,6.3608,6.4631,0.1944,6.2868
5.597,-0.8656,-0.2528,-0.7896,5.8908,6.3608,6.4633,0.1944,6.2868
5.698,-0.8656,-0.2528,-0.7896,5.8908,6.3608,6.4633,0.1944,6.2868
5.703,-0.8656,-0.2528,-0.7896,5.9008,6.3708,6.4732,0.1944,6.2968
5.703,-0.8655,-0.2531,-0.7896,5.9000,6.3708,6.4732,0.1945,6.2960
5.703,-0.8657,-0.2531,-0.7901,5.9000,6.3700,6.4732,0.1943,6.2960
5.703,-0.8657,-0.2527,-0.7896,5.9000,6.3700,6.4733,0.1943,6.2960
5.799,-0.8657,-0.2527,-0.7896,5.9099,6.3800,6.4832,0.1943,6.3059
5.799,-0.8656,-0.2530,-0.7896,5.9091,6.3800,6.4832,0.1944,6.3051
5.799,-0.8657,-0.2530,-0.7902,5.9091,6.3792,6.4832,0.1943,6.3051
5.799,-0.8657,-0.2525,-0.7897,5.9091,6.3792,6.4833,0.1943,6.3051
5.900,-0.8657,-0.2525,-0.7897,5.9091,6.3792,6.4833,0.1943,6.3051
5.904,-0.8657,-0.2525,-0.7897,5.9191,6.3891,6.4932,0.1943,6.3151
5.905,-0.8656,-0.2528,-0.7897,5.9183,6.3891,6.4932,0.1944,6.3143
5.905,-0.8658,-0.2528,-0.7903,5.9183,6.3884,6.4932,0.1942,6.3143
5.905,-0.8658,-0.2524,-0.7898,5.9183,6.3884,6.4933,0.1942,6.3143
6.000,-0.8658,-0.2524,-0.7898,5.9282,6.3983,6.5032,0.1942,6.3242
6.000,-0.8656,-0.2527,-0.7898,5.9274,6.3983,6.5032,0.1944,6.3234
6.000,-0.8658,-0.2527,-0.7904,5.9274,6.3976,6.5032,0.1942,6.3234
6.001,-0.8658,-0.2522,-0.7899,5.9274,6.3976,6.5033,0.1942,6.3234
6.101,-0.8658,-0.2522,-0.7899,5.9274,6.3976,6.5033,0.1942,6.3234
6.102,-0.8658,-0.2522,-0.7899,5.9374,6.4075,6.5132,0.1942,6.3334
6.102,-0.8656,-0.2525,-0.7899,5.9365,6.4075,6.5132,0.1944,6.3325
6.102,-0.8658,-0.2525,-0.7905,5.9365,6.4068,6.5132,0.1942,6.3325
6.102,-0.8658,-0.2521,-0.7900,5.9365,6.4068,6.5133,0.1942,6.3325
6.199,-0.8658,-0.2521,-0.7900,5.9465,6.4168,6.5232,0.1942,6.3425
6.199,-0.8656,-0.2523,-0.7900,5.9456,6.4168,6.5232,0.1944,6.3416
6.199,-0.8658,-0.2523,-0.7905,5.9456,6.4160,6.5232,0.1942,6.3416
6.199,-0.8658,-0.2519,-0.7901,5.9456,6.4160,6.5233,0.1942,6.3416
6.299,-0.8658,-0.2519,-0.7901,5.9456,6.4160,6.5233,0.1942,6.3416
6.305,-0.8658,-0.2519,-0.7901,5.9556,6.4260,6.5332,0.1942,6.3516
6.305,-0.8656,-0.2521,-0.7901,5.9547,6.4260,6.5332,0.1944,6.3507
6.305,-0.8657,-0.2521,-0.7906,5.9547,6.4253,6.5332,0.1943,6.3507
6.305,-0.8657,-0.2517,-0.7902,5.9547,6.4253,6.5332,0.1943,6.3507
6.401,-0.8657,-0.2517,-0.7902,5.9647,6.4352,6.5431,0.1943,6.3607
6.401,-0.8655,-0.2520,-0.7902,5.9638,6.4352,6.5431,0.1945,6.3598
6.401,-0.8657,-0.2520,-0.7907,5.9638,6.4345,6.5431,0.1943,6.3598
6.401,-0.8657,-0.2516,-0.7903,5.9638,6.4345,6.5432,0.1943,6.3598
6.497,-0.8657,-0.2516,-0.7903,5.9737,6.4445,6.5531,0.1943,6.3697
6.497,-0.8655,-0.2518,-0.7903,5.9728,6.4445,6.5531,0.1945,6.3688
6.498,-0.8656,-0.2518,-0.7908,5.9728,6.4438,6.5531,0.1944,6.3688
6.498,-0.8656,-0.2514,-0.7904,5.9728,6.4438,6.5531,0.1944,6.3688
6.598,-0.8656,-0.2514,-0.7904,5.9728,6.4438,6.5531,0.1944,6.3688
6.604,-0.8656,-0.2514,-0.7904,5.9828,6.4537,6.5630,0.1944,6.3788
6.604,-0.8654,-0.2516,-0.7904,5.9819,6.4537,6.5630,0.1946,6.3779
6.604,-0.8656,-0.2516,-0.7909,5.9819,6.4530,6.5630,0.1944,6.3779
6.605,-0.8656,-0.2512,-0.7905,5.9819,6.4530,6.5631,0.1944,6.3779
6.700,-0.8656,-0.2512,-0.7905,5.9918,6.4630,6.5730,0.1944,6.3878
6.700,-0.8654,-0.2514,-0.7905,5.9909,6.4630,6.5730,0.1946,6.3869
6.700,-0.8655,-0.2514,-0.7910,5.9909,6.4622,6.5730,0.1945,6.3869
6.701,-0.8655,-0.2510,-0.7906,5.9909,6.4622,6.5730,0.1945,6.3869
6.801,-0.8655,-0.2510,-0.7906,5.9909,6.4622,6.5730,0.1945,6.3869
6.806,-0.8655,-0.2510,-0.7906,6.0009,6.4722,6.5829,0.1945,6.3969
6.806,-0.8653,-0.2513,-0.7906,6.0000,6.4722,6.5829,0.1947,6.3960
6.806,-0.8655,-0.2513,-0.7911,6.0000,6.4714,6.5829,0.1945,6.3960
6.806,-0.8655,-0.2509,-0.7907,6.0000,6.4714,6.5829,0.1945,6.3960
6.903,-0.8655,-0.2509,-0.7907,6.0100,6.4814,6.5928,0.1945,6.4060
6.903,-0.8653,-0.2511,-0.7907,6.0091,6.4814,6.5928,0.1947,6.4051
6.903,-0.8654,-0.2511,-0.7912,6.0091,6.4806,6.5928,0.1946,6.4051
6.903,-0.8654,-0.2507,-0.7908,6.0091,6.4806,6.5928,0.1946,6.4051
6.999,-0.8654,-0.2507,-0.7908,6.0191,6.4906,6.6027,0.1946,6.4151
6.999,-0.8653,-0.2510,-0.7908,6.0182,6.4906,6.6027,0.1947,6.4142
7.008,-0.8654,-0.2510,-0.7913,6.0182,6.4899,6.6027,0.1946,6.4142
7.008,-0.8654,-0.2506,-0.7909,6.0182,6.4899,6.6027,0.1946,6.4142
7.106,-0.8654,-0.2506,-0.7909,6.0282,6.4998,6.6126,0.1946,6.4242
7.106,-0.8653,-0.2509,-0.7909,6.0273,6.4998,6.6126,0.1947,6.4233
7.106,-0.8655,-0.2509,-0.7914,6.0273,6.4991,6.6126,0.1945,6.4233
7.106,-0.8655,-0.2505,-0.7910,6.0273,6.4991,6.6126,0.1945,6.4233
7.202,-0.8655,-0.2505,-0.7910,6.0373,6.5090,6.6225,0.1945,6.4333
7.203,-0.8654,-0.2508,-0.7910,6.0364,6.5090,6.6225,0.1946,6.4324
7.203,-0.8656,-0.2508,-0.7915,6.0364,6.5083,6.6225,0.1944,6.4324
7.203,-0.8656,-0.2504,-0.7910,6.0364,6.5083,6.6225,0.1944,6.4324
7.298,-0.8656,-0.2504,-0.7910,6.0464,6.5182,6.6324,0.1944,6.4424
7.298,-0.8654,-0.2507,-0.7910,6.0456,6.5182,6.6324,0.1946,6.4416
7.298,-0.8656,-0.2507,-0.7915,6.0456,6.5175,6.6324,0.1944,6.4416
7.298,-0.8656,-0.2504,-0.7911,6.0456,6.5175,6.6324,0.1944,6.4416
7.399,-0.8656,-0.2504,-0.7911,6.0456,6.5175,6.6324,0.1944,6.4416
7.405,-0.8656,-0.2504,-0.7911,6.0555,6.5274,6.6423,0.1944,6.4515
7.405,-0.8655,-0.2507,-0.7911,6.0547,6.5274,6.6423,0.1945,6.4507
7.405,-0.8657,-0.2507,-0.7916,6.0547,6.5266,6.6423,0.1943,6.4507
7.405,-0.8657,-0.2503,-0.7912,6.0547,6.5266,6.6422,0.1943,6.4507
7.500,-0.8657,-0.2503,-0.7912,6.0646,6.5366,6.6521,0.1943,6.4606
7.500,-0.8655,-0.2506,-0.7912,6.0638,6.5366,6.6521,0.1945,6.4598
7.501,-0.8657,-0.2506,-0.7917,6.0638,6.5358,6.6521,0.1943,6.4598
7.501,-0.8657,-0.2502,-0.7912,6.0638,6.5358,6.6521,0.1943,6.4598
7.596,-0.8657,-0.2502,-0.7912,6.0737,6.5458,6.6620,0.1943,6.4697
7.596,-0.8656,-0.2505,-0.7912,6.0729,6.5458,6.6620,0.1944,6.4689
7.596,-0.8657,-0.2505,-0.7918,6.0729,6.5450,6.6620,0.1943,6.4689
7.596,-0.8657,-0.2501,-0.7913,6.0729,6.5450,6.6620,0.1943,6.4689
7.696,-0.8657,-0.2501,-0.7913,6.0729,6.5450,6.6620,0.1943,6.4689
7.702,-0.8657,-0.2501,-0.7913,6.0828,6.5550,6.6719,0.1943,6.4788
7.703,-0.8656,-0.2503,-0.7913,6.0820,6.5550,6.6719,0.1944,6.4780
7.703,-0.8658,-0.2503,-0.7919,6.0820,6.5542,6.6719,0.1942,6.4780
7.703,-0.8658,-0.2499,-0.7914,6.0820,6.5542,6.6718,0.1942,6.4780
7.799,-0.8658,-0.2499,-0.7914,6.0919,6.5641,6.6817,0.1942,6.4879
7.799,-0.8656,-0.2502,-0.7914,6.0910,6.5641,6.6817,0.1944,6.4870
7.799,-0.8657,-0.2502,-0.7920,6.0910,6.5634,6.6817,0.1943,6.4870
7.799,-0.8657,-0.2498,-0.7915,6.0910,6.5634,6.6817,0.1943,6.4870
7.899,-0.8657,-0.2498,-0.7915,6.0910,6.5634,6.6817,0.1943,6.4870
7.902,-0.8657,-0.2498,-0.7915,6.1010,6.5734,6.6916,0.1943,6.4970
7.902,-0.8655,-0.2501,-0.7915,6.1001,6.5734,6.6916,0.1945,6.4961
7.902,-0.8657,-0.2501,-0.7920,6.1001,6.5726,6.6916,0.1943,6.4961
7.902,-0.8657,-0.2497,-0.7916,6.1001,6.5726,6.6916,0.1943,6.4961
7.995,-0.8657,-0.2497,-0.7916,6.1100,6.5826,6.7015,0.1943,6.5060
7.995,-0.8655,-0.2499,-0.7916,6.1091,6.5826,6.7015,0.1945,6.5051
7.995,-0.8656,-0.2499,-0.7921,6.1091,6.5818,6.7015,0.1944,6.5051
7.995,-0.8656,-0.2495,-0.7917,6.1091,6.5818,6.7014,0.1944,6.5051
8.096,-0.8656,-0.2495,-0.7917,6.1091,6.5818,6.7014,0.1944,6.5051
8.102,-0.8656,-0.2495,-0.7917,6.1191,6.5918,6.7113,0.1944,6.5151
8.102,-0.8654,-0.2498,-0.7917,6.1181,6.5918,6.7113,0.1946,6.5141
8.103,-0.8656,-0.2498,-0.7922,6.1181,6.5911,6.7113,0.1944,6.5141
8.103,-0.8656,-0.2494,-0.7918,6.1181,6.5911,6.7113,0.1944,6.5141
8.198,-0.8656,-0.2494,-0.7918,6.1281,6.6010,6.7212,0.1944,6.5241
8.198,-0.8654,-0.2496,-0.7918,6.1271,6.6010,6.7212,0.1946,6.5231
8.198,-0.8655,-0.2496,-0.7923,6.1271,6.6003,6.7212,0.1945,6.5231
8.198,-0.8655,-0.2493,-0.7919,6.1271,6.6003,6.7211,0.1945,6.5231
8.299,-0.8655,-0.2493,-0.7919,6.1271,6.6003,6.7211,0.1945,6.5231
8.304,-0.8655,-0.2493,-0.7919,6.1371,6.6103,6.7310,0.1945,6.5331
8.304,-0.8653,-0.2495,-0.7919,6.1362,6.6103,6.7310,0.1947,6.5322
8.304,-0.8654,-0.2495,-0.7924,6.1362,6.6095,6.7310,0.1946,6.5322
8.304,-0.8654,-0.2491,-0.7919,6.1362,6.6095,6.7310,0.1946,6.5322
8.399,-0.8654,-0.2491,-0.7919,6.1461,6.6195,6.7409,0.1946,6.5421
8.399,-0.8652,-0.2493,-0.7919,6.1452,6.6195,6.7409,0.1948,6.5412
8.400,-0.8654,-0.2493,-0.7925,6.1452,6.6187,6.7409,0.1946,6.5412
8.400,-0.8654,-0.2490,-0.7920,6.1452,6.6187,6.7408,0.1946,6.5412
8.500,-0.8654,-0.2490,-0.7920,6.1452,6.6187,6.7408,0.1946,6.5412
8.506,-0.8654,-0.2490,-0.7920,6.1552,6.6287,6.7507,0.1946,6.5512
8.506,-0.8652,-0.2492,-0.7920,6.1543,6.6287,6.7507,0.1948,6.5503
8.507,-0.8654,-0.2492,-0.7926,6.1543,6.6279,6.7507,0.1946,6.5503
8.507,-0.8654,-0.2488,-0.7921,6.1543,6.6279,6.7507,0.1946,6.5503
8.595,-0.8654,-0.2488,-0.7921,6.1642,6.6379,6.7606,0.1946,6.5602
8.595,-0.8652,-0.2491,-0.7921,6.1634,6.6379,6.7606,0.1948,6.5594
8.595,-0.8653,-0.2491,-0.7927,6.1634,6.6371,6.7606,0.1947,6.5594
8.595,-0.8653,-0.2487,-0.7922,6.1634,6.6371,6.7606,0.1947,6.5594
8.696,-0.8653,-0.2487,-0.7922,6.1634,6.6371,6.7606,0.1947,6.5594
8.701,-0.8653,-0.2487,-0.7922,6.1733,6.6471,6.7705,0.1947,6.5693
8.701,-0.8652,-0.2490,-0.7922,6.1724,6.6471,6.7705,0.1948,6.5684
8.701,-0.8653,-0.2490,-0.7928,6.1724,6.6463,6.7705,0.1947,6.5684
8.701,-0.8653,-0.2486,-0.7923,6.1724,6.6463,6.7704,0.1947,6.5684
8.797,-0.8653,-0.2486,-0.7923,6.1824,6.6563,6.7803,0.1947,6.5784
8.797,-0.8652,-0.2489,-0.7923,6.1815,6.6563,6.7803,0.1948,6.5775
8.797,-0.8654,-0.2489,-0.7928,6.1815,6.6555,6.7803,0.1946,6.5775
8.797,-0.8654,-0.2485,-0.7924,6.1815,6.6555,6.7803,0.1946,6.5775
8.897,-0.8654,-0.2485,-0.7924,6.1815,6.6555,6.7803,0.1946,6.5775
8.903,-0.8654,-0.2485,-0.7924,6.1915,6.6655,6.7902,0.1946,6.5875
8.903,-0.8653,-0.2488,-0.7924,6.1906,6.6655,6.7902,0.1947,6.5866
8.903,-0.8655,-0.2488,-0.7929,6.1906,6.6647,6.7902,0.1945,6.5866
8.903,-0.8655,-0.2485,-0.7925,6.1906,6.6647,6.7902,0.1945,6.5866
8.999,-0.8655,-0.2485,-0.7925,6.2006,6.6746,6.8001,0.1945,6.5966
8.999,-0.8653,-0.2488,-0.7925,6.1997,6.6746,6.8001,0.1947,6.5957
9.000,-0.8655,-0.2488,-0.7930,6.1997,6.6738,6.8001,0.1945,6.5957
9.000,-0.8655,-0.2484,-0.7925,6.1997,6.6738,6.8000,0.1945,6.5957
9.100,-0.8655,-0.2484,-0.7925,6.1997,6.6738,6.8000,0.1945,6.5957
9.103,-0.8655,-0.2484,-0.7925,6.2097,6.6838,6.8099,0.1945,6.6057
9.103,-0.8654,-0.2487,-0.7925,6.2088,6.6838,6.8099,0.1946,6.6048
9.104,-0.8656,-0.2487,-0.7930,6.2088,6.6830,6.8099,0.1944,6.6048
9.104,-0.8656,-0.2483,-0.7926,6.2088,6.6830,6.8099,0.1944,6.6048
9.199,-0.8656,-0.2483,-0.7926,6.2188,6.6930,6.8198,0.1944,6.6148
9.199,-0.8655,-0.2486,-0.7926,6.2179,6.6930,6.8198,0.1945,6.6139
9.199,-0.8657,-0.2486,-0.7931,6.2179,6.6922,6.8198,0.1943,6.6139
9.199,-0.8657,-0.2482,-0.7927,6.2179,6.6922,6.8198,0.1943,6.6139
9.299,-0.8657,-0.2482,-0.7927,6.2179,6.6922,6.8198,0.1943,6.6139
9.305,-0.8657,-0.2482,-0.7927,6.2279,6.7021,6.8297,0.1943,6.6239
9.305,-0.8655,-0.2485,-0.7927,6.2270,6.7021,6.8297,0.1945,6.6230
9.305,-0.8657,-0.2485,-0.7932,6.2270,6.7014,6.8297,0.1943,6.6230
9.305,-0.8657,-0.2481,-0.7928,6.2270,6.7014,6.8297,0.1943,6.6230
9.400,-0.8657,-0.2481,-0.7928,6.2370,6.7113,6.8396,0.1943,6.6330
9.400,-0.8655,-0.2483,-0.7928,6.2361,6.7113,6.8396,0.1945,6.6321
9.400,-0.8657,-0.2483,-0.7933,6.2361,6.7105,6.8396,0.1943,6.6321
9.400,-0.8657,-0.2480,-0.7928,6.2361,6.7105,6.8396,0.1943,6.6321
9.501,-0.8657,-0.2480,-0.7928,6.2361,6.7105,6.8396,0.1943,6.6321
9.507,-0.8657,-0.2480,-0.7928,6.2460,6.7205,6.8495,0.1943,6.6420
9.507,-0.8655,-0.2482,-0.7928,6.2451,6.7205,6.8495,0.1945,6.6411
9.507,-0.8657,-0.2482,-0.7934,6.2451,6.7197,6.8495,0.1943,6.6411
9.507,-0.8657,-0.2478,-0.7929,6.2451,6.7197,6.8495,0.1943,6.6411
9.605,-0.8657,-0.2478,-0.7929,6.2551,6.7297,6.8594,0.1943,6.6511
9.606,-0.8655,-0.2480,-0.7929,6.2542,6.7297,6.8594,0.1945,6.6502
9.606,-0.8656,-0.2480,-0.7935,6.2542,6.7289,6.8594,0.1944,6.6502
9.606,-0.8656,-0.2477,-0.7930,6.2542,6.7289,6.8594,0.1944,6.6502
9.701,-0.8656,-0.2477,-0.7930,6.2641,6.7389,6.8693,0.1944,6.6601
9.701,-0.8654,-0.2479,-0.7930,6.2632,6.7389,6.8693,0.1946,6.6592
9.701,-0.8656,-0.2479,-0.7936,6.2632,6.7381,6.8693,0.1944,6.6592
9.701,-0.8656,-0.2475,-0.7931,6.2632,6.7381,6.8693,0.1944,6.6592
9.798,-0.8656,-0.2475,-0.7931,6.2732,6.7481,6.8792,0.1944,6.6692
9.798,-0.8654,-0.2477,-0.7931,6.2722,6.7481,6.8792,0.1946,6.6682
9.798,-0.8655,-0.2477,-0.7936,6.2722,6.7474,6.8792,0.1945,6.6682
9.798,-0.8655,-0.2473,-0.7932,6.2722,6.7474,6.8792,0.1945,6.6682
9.896,-0.8655,-0.2473,-0.7932,6.2822,6.7573,6.8891,0.1945,6.6782
9.896,-0.8653,-0.2476,-0.7932,6.2813,6.7573,6.8891,0.1947,6.6773
9.896,-0.8655,-0.2476,-0.7937,6.2813,6.7566,6.8891,0.1945,6.6773
9.896,-0.8655,-0.2472,-0.7933,6.2813,6.7566,6.8892,0.1945,6.6773
9.997,-0.8655,-0.2472,-0.7933,6.2813,6.7566,6.8892,0.1945,6.6773
10.003,-0.8655,-0.2472,-0.7933,6.2912,6.7665,6.8991,0.1945,6.6872
10.003,-0.8652,-0.2474,-0.7933,6.2903,6.7665,6.8991,0.1948,6.6863
10.003,-0.8654,-0.2474,-0.7938,6.2903,6.7658,6.8991,0.1946,6.6863
10.004,-0.8654,-0.2470,-0.7934,6.2903,6.7658,6.8991,0.1946,6.6863
10.100,-0.8654,-0.2470,-0.7934,6.3003,6.7757,6.9090,0.1946,6.6963
10.100,-0.8652,-0.2472,-0.7934,6.2994,6.7757,6.9090,0.1948,6.6954
10.100,-0.8654,-0.2472,-0.7939,6.2994,6.7750,6.9090,0.1946,6.6954
10.100,-0.8654,-0.2468,-0.7935,6.2994,6.7750,6.9090,0.1946,6.6954
10.201,-0.8654,-0.2468,-0.7935,6.2994,6.7750,6.9090,0.1946,6.6954
10.206,-0.8654,-0.2468,-0.7935,6.3093,6.7849,6.9189,0.1946,6.7053
10.207,-0.8652,-0.2471,-0.7935,6.3084,6.7849,6.9189,0.1948,6.7044
10.207,-0.8654,-0.2471,-0.7940,6.3084,6.7842,6.9189,0.1946,6.7044
10.207,-0.8654,-0.2467,-0.7936,6.3084,6.7842,6.9190,0.1946,6.7044
10.303,-0.8654,-0.2467,-0.7936,6.3184,6.7941,6.9289,0.1946,6.7144
10.303,-0.8652,-0.2469,-0.7936,6.3175,6.7941,6.9289,0.1948,6.7135
10.303,-0.8654,-0.2469,-0.7941,6.3175,6.7934,6.9289,0.1946,6.7135
10.303,-0.8654,-0.2465,-0.7937,6.3175,6.7934,6.9290,0.1946,6.7135
10.398,-0.8654,-0.2465,-0.7937,6.3275,6.8033,6.9389,0.1946,6.7235
10.398,-0.8652,-0.2468,-0.7937,6.3266,6.8033,6.9389,0.1948,6.7226
10.399,-0.8654,-0.2468,-0.7942,6.3266,6.8025,6.9389,0.1946,6.7226
10.399,-0.8654,-0.2464,-0.7937,6.3266,6.8025,6.9389,0.1946,6.7226
10.499,-0.8654,-0.2464,-0.7937,6.3266,6.8025,6.9389,0.1946,6.7226
10.504,-0.8654,-0.2464,-0.7937,6.3366,6.8125,6.9488,0.1946,6.7326
10.504,-0.8653,-0.2467,-0.7937,6.3357,6.8125,6.9488,0.1947,6.7317
10.505,-0.8655,-0.2467,-0.7943,6.3357,6.8117,6.9488,0.1945,6.7317
10.505,-0.8655,-0.2463,-0.7938,6.3357,6.8117,6.9489,0.1945,6.7317
10.605,-0.8655,-0.2463,-0.7938,6.3357,6.8117,6.9489,0.1945,6.7317
10.606,-0.8655,-0.2463,-0.7938,6.3457,6.8216,6.9588,0.1945,6.7417
10.606,-0.8654,-0.2466,-0.7938,6.3448,6.8216,6.9588,0.1946,6.7408
10.607,-0.8656,-0.2466,-0.7943,6.3448,6.8208,6.9588,0.1944,6.7408
10.607,-0.8656,-0.2461,-0.7939,6.3448,6.8208,6.9589,0.1944,6.7408
10.702,-0.8656,-0.2461,-0.7939,6.3548,6.8308,6.9688,0.1944,6.7508
10.702,-0.8654,-0.2464,-0.7939,6.3539,6.8308,6.9688,0.1946,6.7499
10.702,-0.8656,-0.2464,-0.7944,6.3539,6.8300,6.9688,0.1944,6.7499
10.703,-0.8656,-0.2460,-0.7939,6.3539,6.8300,6.9689,0.1944,6.7499
10.799,-0.8656,-0.2460,-0.7939,6.3639,6.8400,6.9788,0.1944,6.7599
10.799,-0.8655,-0.2463,-0.7939,6.3631,6.8400,6.9788,0.1945,6.7591
10.799,-0.8657,-0.2463,-0.7945,6.3631,6.8392,6.9788,0.1943,6.7591
10.799,-0.8657,-0.2459,-0.7940,6.3631,6.8392,6.9789,0.1943,6.7591
10.900,-0.8657,-0.2459,-0.7940,6.3631,6.8392,6.9789,0.1943,6.7591
10.904,-0.8657,-0.2459,-0.7940,6.3730,6.8491,6.9888,0.1943,6.7690
10.904,-0.8656,-0.2462,-0.7940,6.3722,6.8491,6.9888,0.1944,6.7682
10.904,-0.8658,-0.2462,-0.7945,6.3722,6.8483,6.9888,0.1942,6.7682
10.905,-0.8658,-0.2457,-0.7941,6.3722,6.8483,6.9890,0.1942,6.7682
11.002,-0.8658,-0.2457,-0.7941,6.3821,6.8583,6.9989,0.1942,6.7781
11.002,-0.8656,-0.2460,-0.7941,6.3813,6.8583,6.9989,0.1944,6.7773
11.002,-0.8658,-0.2460,-0.7946,6.3813,6.8575,6.9989,0.1942,6.7773
11.003,-0.8658,-0.2456,-0.7942,6.3813,6.8575,6.9990,0.1942,6.7773
11.100,-0.8658,-0.2456,-0.7942,6.3912,6.8675,7.0089,0.1942,6.7872
11.100,-0.8656,-0.2458,-0.7942,6.3904,6.8675,7.0089,0.1944,6.7864
11.100,-0.8658,-0.2458,-0.7947,6.3904,6.8667,7.0089,0.1942,6.7864
11.100,-0.8658,-0.2454,-0.7943,6.3904,6.8667,7.0090,0.1942,6.7864
11.201,-0.8658,-0.2454,-0.7943,6.3904,6.8667,7.0090,0.1942,6.7864
11.205,-0.8658,-0.2454,-0.7943,6.4003,6.8766,7.0189,0.1942,6.7963
11.205,-0.8656,-0.2456,-0.7943,6.3995,6.8766,7.0189,0.1944,6.7955
11.206,-0.8658,-0.2456,-0.7948,6.3995,6.8759,7.0189,0.1942,6.7955
11.206,-0.8658,-0.2452,-0.7943,6.3995,6.8759,7.0191,0.1942,6.7955
11.293,-0.8658,-0.2452,-0.7943,6.4094,6.8858,7.0290,0.1942,6.8054
11.293,-0.8656,-0.2454,-0.7943,6.4085,6.8858,7.0290,0.1944,6.8045
11.293,-0.8658,-0.2454,-0.7949,6.4085,6.8851,7.0290,0.1942,6.8045
11.294,-0.8658,-0.2450,-0.7944,6.4085,6.8851,7.0291,0.1942,6.8045
11.390,-0.8658,-0.2450,-0.7944,6.4185,6.8950,7.0390,0.1942,6.8145
11.391,-0.8656,-0.2452,-0.7944,6.4175,6.8950,7.0390,0.1944,6.8135
11.391,-0.8657,-0.2452,-0.7950,6.4175,6.8943,7.0390,0.1943,6.8135
11.391,-0.8657,-0.2448,-0.7945,6.4175,6.8943,7.0392,0.1943,6.8135
11.488,-0.8657,-0.2448,-0.7945,6.4275,6.9042,7.0491,0.1943,6.8235
11.488,-0.8655,-0.2450,-0.7945,6.4266,6.9042,7.0491,0.1945,6.8226
11.489,-0.8657,-0.2450,-0.7950,6.4266,6.9035,7.0491,0.1943,6.8226
11.489,-0.8657,-0.2445,-0.7946,6.4266,6.9035,7.0493,0.1943,6.8226
11.590,-0.8657,-0.2445,-0.7946,6.4266,6.9035,7.0493,0.1943,6.8226
11.605,-0.8657,-0.2445,-0.7946,6.4366,6.9134,7.0592,0.1943,6.8326
11.605,-0.8655,-0.2447,-0.7946,6.4356,6.9134,7.0592,0.1945,6.8316
11.606,-0.8656,-0.2447,-0.7951,6.4356,6.9127,7.0592,0.1944,6.8316
11.606,-0.8656,-0.2443,-0.7947,6.4356,6.9127,7.0594,0.1944,6.8316
11.701,-0.8656,-0.2443,-0.7947,6.4456,6.9226,7.0693,0.1944,6.8416
11.701,-0.8654,-0.2445,-0.7947,6.4447,6.9226,7.0693,0.1946,6.8407
11.702,-0.8656,-0.2445,-0.7952,6.4447,6.9219,7.0693,0.1944,6.8407
11.702,-0.8656,-0.2441,-0.7948,6.4447,6.9219,7.0695,0.1944,6.8407
11.801,-0.8656,-0.2441,-0.7948,6.4547,6.9318,7.0794,0.1944,6.8507
11.801,-0.8654,-0.2443,-0.7948,6.4538,6.9318,7.0794,0.1946,6.8498
11.801,-0.8656,-0.2443,-0.7953,6.4538,6.9310,7.0794,0.1944,6.8498
11.801,-0.8656,-0.2439,-0.7949,6.4538,6.9310,7.0796,0.1944,6.8498
11.897,-0.8656,-0.2439,-0.7949,6.4638,6.9410,7.0895,0.1944,6.8598
11.898,-0.8654,-0.2441,-0.7949,6.4629,6.9410,7.0895,0.1946,6.8589
11.898,-0.8656,-0.2441,-0.7954,6.4629,6.9402,7.0895,0.1944,6.8589
11.898,-0.8656,-0.2437,-0.7949,6.4629,6.9402,7.0897,0.1944,6.8589
11.998,-0.8656,-0.2437,-0.7949,6.4629,6.9402,7.0897,0.1944,6.8589
12.004,-0.8656,-0.2437,-0.7949,6.4729,6.9502,7.0996,0.1944,6.8689
12.004,-0.8654,-0.2439,-0.7949,6.4720,6.9502,7.0996,0.1946,6.8680
12.005,-0.8656,-0.2439,-0.7955,6.4720,6.9494,7.0996,0.1944,6.8680
12.005,-0.8656,-0.2435,-0.7950,6.4720,6.9494,7.0998,0.1944,6.8680
12.100,-0.8656,-0.2435,-0.7950,6.4820,6.9594,7.1097,0.1944,6.8780
12.101,-0.8655,-0.2437,-0.7950,6.4811,6.9594,7.1097,0.1945,6.8771
12.101,-0.8657,-0.2437,-0.7955,6.4811,6.9586,7.1097,0.1943,6.8771
12.101,-0.8657,-0.2433,-0.7951,6.4811,6.9586,7.1099,0.1943,6.8771
12.191,-0.8657,-0.2433,-0.7951,6.4911,6.9685,7.1198,0.1943,6.8871
12.191,-0.8656,-0.2436,-0.7951,6.4903,6.9685,7.1198,0.1944,6.8863
12.191,-0.8658,-0.2436,-0.7956,6.4903,6.9677,7.1198,0.1942,6.8863
12.191,-0.8658,-0.2431,-0.7951,6.4903,6.9677,7.1200,0.1942,6.8863
12.292,-0.8658,-0.2431,-0.7951,6.4903,6.9677,7.1200,0.1942,6.8863
12.303,-0.8658,-0.2431,-0.7951,6.5002,6.9777,7.1299,0.1942,6.8962
12.303,-0.8657,-0.2434,-0.7951,6.4994,6.9777,7.1299,0.1943,6.8954
12.304,-0.8659,-0.2434,-0.7956,6.4994,6.9768,7.1299,0.1941,6.8954
12.304,-0.8659,-0.2429,-0.7952,6.4994,6.9768,7.1302,0.1941,6.8954
12.399,-0.8659,-0.2429,-0.7952,6.5093,6.9868,7.1401,0.1941,6.9053
12.399,-0.8658,-0.2432,-0.7952,6.5085,6.9868,7.1401,0.1942,6.9045
12.399,-0.8660,-0.2432,-0.7957,6.5085,6.9860,7.1401,0.1940,6.9045
12.399,-0.8660,-0.2428,-0.7952,6.5085,6.9860,7.1403,0.1940,6.9045
12.500,-0.8660,-0.2428,-0.7952,6.5085,6.9860,7.1403,0.1940,6.9045
12.505,-0.8660,-0.2428,-0.7952,6.5185,6.9959,7.1502,0.1940,6.9145
12.506,-0.8659,-0.2430,-0.7952,6.5177,6.9959,7.1502,0.1941,6.9137
12.506,-0.8661,-0.2430,-0.7958,6.5177,6.9951,7.1502,0.1939,6.9137
12.506,-0.8661,-0.2426,-0.7953,6.5177,6.9951,7.1504,0.1939,6.9137
12.602,-0.8661,-0.2426,-0.7953,6.5276,7.0051,7.1603,0.1939,6.9236
12.602,-0.8659,-0.2428,-0.7953,6.5268,7.0051,7.1603,0.1941,6.9228
12.602,-0.8661,-0.2428,-0.7958,6.5268,7.0043,7.1603,0.1939,6.9228
12.602,-0.8661,-0.2424,-0.7954,6.5268,7.0043,7.1606,0.1939,6.9228
12.699,-0.8661,-0.2424,-0.7954,6.5368,7.0143,7.1705,0.1939,6.9328
12.699,-0.8660,-0.2426,-0.7954,6.5359,7.0143,7.1705,0.1940,6.9319
12.699,-0.8662,-0.2426,-0.7959,6.5359,7.0135,7.1705,0.1938,6.9319
12.699,-0.8662,-0.2422,-0.7954,6.5359,7.0135,7.1707,0.1938,6.9319
12.800,-0.8662,-0.2422,-0.7954,6.5359,7.0135,7.1707,0.1938,6.9319
12.806,-0.8662,-0.2422,-0.7954,6.5459,7.0234,7.1806,0.1938,6.9419
12.806,-0.8660,-0.2424,-0.7954,6.5450,7.0234,7.1806,0.1940,6.9410
12.806,-0.8662,-0.2424,-0.7960,6.5450,7.0226,7.1806,0.1938,6.9410
12.806,-0.8662,-0.2419,-0.7955,6.5450,7.0226,7.1809,0.1938,6.9410
12.901,-0.8662,-0.2419,-0.7955,6.5550,7.0326,7.1908,0.1938,6.9510
12.901,-0.8660,-0.2422,-0.7955,6.5541,7.0326,7.1908,0.1940,6.9501
12.902,-0.8662,-0.2422,-0.7960,6.5541,7.0318,7.1908,0.1938,6.9501
12.902,-0.8662,-0.2417,-0.7956,6.5541,7.0318,7.1910,0.1938,6.9501
12.995,-0.8662,-0.2417,-0.7956,6.5641,7.0418,7.2009,0.1938,6.9601
12.995,-0.8660,-0.2419,-0.7956,6.5632,7.0418,7.2009,0.1940,6.9592
12.996,-0.8661,-0.2419,-0.7961,6.5632,7.0410,7.2009,0.1939,6.9592
12.996,-0.8661,-0.2414,-0.7956,6.5632,7.0410,7.2012,0.1939,6.9592
13.096,-0.8661,-0.2414,-0.7956,6.5632,7.0410,7.2012,0.1939,6.9592
13.102,-0.8661,-0.2414,-0.7956,6.5731,7.0510,7.2111,0.1939,6.9691
13.102,-0.8659,-0.2416,-0.7956,6.5722,7.0510,7.2111,0.1941,6.9682
13.102,-0.8661,-0.2416,-0.7962,6.5722,7.0502,7.2111,0.1939,6.9682
13.102,-0.8661,-0.2412,-0.7957,6.5722,7.0502,7.2113,0.1939,6.9682
13.199,-0.8661,-0.2412,-0.7957,6.5822,7.0602,7.2212,0.1939,6.9782
13.199,-0.8659,-0.2414,-0.7957,6.5813,7.0602,7.2212,0.1941,6.9773
13.199,-0.8661,-0.2414,-0.7962,6.5813,7.0594,7.2212,0.1939,6.9773
13.200,-0.8661,-0.2409,-0.7958,6.5813,7.0594,7.2215,0.1939,6.9773
13.300,-0.8661,-0.2409,-0.7958,6.5813,7.0594,7.2215,0.1939,6.9773
13.305,-0.8661,-0.2409,-0.7958,6.5912,7.0694,7.2314,0.1939,6.9872
13.305,-0.8659,-0.2411,-0.7958,6.5904,7.0694,7.2314,0.1941,6.9864
13.305,-0.8660,-0.2411,-0.7963,6.5904,7.0686,7.2314,0.1940,6.9864
13.305,-0.8660,-0.2406,-0.7958,6.5904,7.0686,7.2317,0.1940,6.9864
13.401,-0.8660,-0.2406,-0.7958,6.6003,7.0786,7.2416,0.1940,6.9963
13.401,-0.8658,-0.2408,-0.7958,6.5994,7.0786,7.2416,0.1942,6.9954
13.401,-0.8660,-0.2408,-0.7963,6.5994,7.0778,7.2416,0.1940,6.9954
13.402,-0.8660,-0.2404,-0.7959,6.5994,7.0778,7.2418,0.1940,6.9954
13.497,-0.8660,-0.2404,-0.7959,6.6094,7.0877,7.2517,0.1940,7.0054
13.497,-0.8658,-0.2406,-0.7959,6.6085,7.0877,7.2517,0.1942,7.0045
13.498,-0.8660,-0.2406,-0.7964,6.6085,7.0870,7.2517,0.1940,7.0045
13.498,-0.8660,-0.2401,-0.7960,6.6085,7.0870,7.2520,0.1940,7.0045
13.598,-0.8660,-0.2401,-0.7960,6.6085,7.0870,7.2520,0.1940,7.0045
13.604,-0.8660,-0.2401,-0.7960,6.6185,7.0969,7.2619,0.1940,7.0145
13.604,-0.8658,-0.2404,-0.7960,6.6176,7.0969,7.2619,0.1942,7.0136
13.604,-0.8660,-0.2404,-0.7965,6.6176,7.0961,7.2619,0.1940,7.0136
13.604,-0.8660,-0.2399,-0.7960,6.6176,7.0961,7.2621,0.1940,7.0136
13.697,-0.8660,-0.2399,-0.7960,6.6276,7.1061,7.2720,0.1940,7.0236
13.698,-0.8659,-0.2401,-0.7960,6.6267,7.1061,7.2720,0.1941,7.0227
13.698,-0.8660,-0.2401,-0.7965,6.6267,7.1053,7.2720,0.1940,7.0227
13.698,-0.8660,-0.2397,-0.7961,6.6267,7.1053,7.2723,0.1940,7.0227
13.799,-0.8660,-0.2397,-0.7961,6.6267,7.1053,7.2723,0.1940,7.0227
13.810,-0.8660,-0.2397,-0.7961,6.6367,7.1153,7.2822,0.1940,7.0327
13.810,-0.8659,-0.2399,-0.7961,6.6359,7.1153,7.2822,0.1941,7.0319
13.810,-0.8661,-0.2399,-0.7966,6.6359,7.1145,7.2822,0.1939,7.0319
13.811,-0.8661,-0.2395,-0.7961,6.6359,7.1145,7.2825,0.1939,7.0319
13.907,-0.8661,-0.2395,-0.7961,6.6458,7.1244,7.2924,0.1939,7.0418
13.907,-0.8660,-0.2398,-0.7961,6.6450,7.1244,7.2924,0.1940,7.0410
13.908,-0.8663,-0.2398,-0.7966,6.6450,7.1236,7.2924,0.1937,7.0410
13.908,-0.8663,-0.2393,-0.7961,6.6450,7.1236,7.2926,0.1937,7.0410
14.003,-0.8663,-0.2393,-0.7961,6.6550,7.1335,7.3025,0.1937,7.0510
14.003,-0.8661,-0.2396,-0.7961,6.6542,7.1335,7.3025,0.1939,7.0502
14.003,-0.8664,-0.2396,-0.7966,6.6542,7.1327,7.3025,0.1936,7.0502
14.004,-0.8664,-0.2391,-0.7962,6.6542,7.1327,7.3028,0.1936,7.0502
14.099,-0.8664,-0.2391,-0.7962,6.6641,7.1427,7.3127,0.1936,7.0601
14.099,-0.8662,-0.2393,-0.7962,6.6633,7.1427,7.3127,0.1938,7.0593
14.099,-0.8664,-0.2393,-0.7967,6.6633,7.1419,7.3127,0.1936,7.0593
14.100,-0.8664,-0.2389,-0.7962,6.6633,7.1419,7.3129,0.1936,7.0593
14.200,-0.8664,-0.2389,-0.7962,6.6633,7.1419,7.3129,0.1936,7.0593
14.202,-0.8664,-0.2389,-0.7962,6.6732,7.1518,7.3228,0.1936,7.0692
14.202,-0.8663,-0.2391,-0.7962,6.6724,7.1518,7.3228,0.1937,7.0684
14.202,-0.8665,-0.2391,-0.7967,6.6724,7.1510,7.3228,0.1935,7.0684
14.202,-0.8665,-0.2387,-0.7962,6.6724,7.1510,7.3231,0.1935,7.0684
14.290,-0.8665,-0.2387,-0.7962,6.6824,7.1610,7.3330,0.1935,7.0784
14.290,-0.8664,-0.2389,-0.7962,6.6815,7.1610,7.3330,0.1936,7.0775
14.290,-0.8666,-0.2389,-0.7967,6.6815,7.1602,7.3330,0.1934,7.0775
14.290,-0.8666,-0.2384,-0.7963,6.6815,7.1602,7.3332,0.1934,7.0775
14.391,-0.8666,-0.2384,-0.7963,6.6815,7.1602,7.3332,0.1934,7.0775
14.408,-0.8666,-0.2384,-0.7963,6.6915,7.1701,7.3431,0.1934,7.0875
14.409,-0.8664,-0.2387,-0.7963,6.6907,7.1701,7.3431,0.1936,7.0867
14.409,-0.8666,-0.2387,-0.7968,6.6907,7.1693,7.3431,0.1934,7.0867
14.409,-0.8666,-0.2382,-0.7963,6.6907,7.1693,7.3434,0.1934,7.0867
14.504,-0.8666,-0.2382,-0.7963,6.7006,7.1793,7.3533,0.1934,7.0966
14.504,-0.8664,-0.2384,-0.7963,6.6997,7.1793,7.3533,0.1936,7.0957
14.505,-0.8666,-0.2384,-0.7968,6.6997,7.1785,7.3533,0.1934,7.0957
14.505,-0.8666,-0.2380,-0.7964,6.6997,7.1785,7.3535,0.1934,7.0957
14.600,-0.8666,-0.2380,-0.7964,6.7097,7.1885,7.3634,0.1934,7.1057
14.600,-0.8664,-0.2382,-0.7964,6.7088,7.1885,7.3634,0.1936,7.1048
14.600,-0.8666,-0.2382,-0.7969,6.7088,7.1877,7.3634,0.1934,7.1048
14.600,-0.8666,-0.2377,-0.7964,6.7088,7.1877,7.3636,0.1934,7.1048
14.691,-0.8666,-0.2377,-0.7964,6.7188,7.1976,7.3735,0.1934,7.1148
14.691,-0.8664,-0.2379,-0.7964,6.7179,7.1976,7.3735,0.1936,7.1139
14.691,-0.8666,-0.2379,-0.7969,6.7179,7.1969,7.3735,0.1934,7.1139
14.691,-0.8666,-0.2375,-0.7965,6.7179,7.1969,7.3738,0.1934,7.1139
14.791,-0.8666,-0.2375,-0.7965,6.7179,7.1969,7.3738,0.1934,7.1139
14.796,-0.8666,-0.2375,-0.7965,6.7278,7.2068,7.3837,0.1934,7.1238
14.796,-0.8663,-0.2376,-0.7965,6.7269,7.2068,7.3837,0.1937,7.1229
14.796,-0.8665,-0.2376,-0.7970,6.7269,7.2060,7.3837,0.1935,7.1229
14.796,-0.8665,-0.2372,-0.7965,6.7269,7.2060,7.3839,0.1935,7.1229
14.896,-0.8665,-0.2372,-0.7965,6.7269,7.2060,7.3839,0.1935,7.1229
14.902,-0.8665,-0.2372,-0.7965,6.7369,7.2160,7.3938,0.1935,7.1329
14.902,-0.8663,-0.2374,-0.7965,6.7360,7.2160,7.3938,0.1937,7.1320
14.902,-0.8665,-0.2374,-0.7970,6.7360,7.2152,7.3938,0.1935,7.1320
14.902,-0.8665,-0.2369,-0.7965,6.7360,7.2152,7.3940,0.1935,7.1320
14.999,-0.8665,-0.2369,-0.7965,6.7459,7.2252,7.4039,0.1935,7.1419
14.999,-0.8663,-0.2371,-0.7965,6.7450,7.2252,7.4039,0.1937,7.1410
14.999,-0.8664,-0.2371,-0.7970,6.7450,7.2244,7.4039,0.1936,7.1410
14.999,-0.8664,-0.2366,-0.7966,6.7450,7.2244,7.4041,0.1936,7.1410
15.100,-0.8664,-0.2366,-0.7966,6.7450,7.2244,7.4041,0.1936,7.1410
15.107,-0.8664,-0.2366,-0.7966,6.7550,7.2344,7.4140,0.1936,7.1510
15.108,-0.8663,-0.2368,-0.7966,6.7541,7.2344,7.4140,0.1937,7.1501
15.108,-0.8664,-0.2368,-0.7971,6.7541,7.2336,7.4140,0.1936,7.1501
15.108,-0.8664,-0.2364,-0.7966,6.7541,7.2336,7.4142,0.1936,7.1501
15.203,-0.8664,-0.2364,-0.7966,6.7640,7.2435,7.4241,0.1936,7.1600
15.203,-0.8663,-0.2366,-0.7966,6.7632,7.2435,7.4241,0.1937,7.1592
15.203,-0.8664,-0.2366,-0.7971,6.7632,7.2428,7.4241,0.1936,7.1592
15.203,-0.8664,-0.2362,-0.7967,6.7632,7.2428,7.4243,0.1936,7.1592
15.299,-0.8664,-0.2362,-0.7967,6.7731,7.2527,7.4342,0.1936,7.1691
15.299,-0.8663,-0.2364,-0.7967,6.7723,7.2527,7.4342,0.1937,7.1683
15.299,-0.8664,-0.2364,-0.7972,6.7723,7.2519,7.4342,0.1936,7.1683
15.299,-0.8664,-0.2359,-0.7967,6.7723,7.2519,7.4344,0.1936,7.1683
15.400,-0.8664,-0.2359,-0.7967,6.7723,7.2519,7.4344,0.1936,7.1683
15.412,-0.8664,-0.2359,-0.7967,6.7822,7.2619,7.4443,0.1936,7.1782
15.412,-0.8663,-0.2362,-0.7967,6.7814,7.2619,7.4443,0.1937,7.1774
15.412,-0.8665,-0.2362,-0.7972,6.7814,7.2611,7.4443,0.1935,7.1774
15.412,-0.8665,-0.2357,-0.7967,6.7814,7.2611,7.4445,0.1935,7.1774
15.498,-0.8665,-0.2357,-0.7967,6.7913,7.2711,7.4544,0.1935,7.1873
15.498,-0.8664,-0.2360,-0.7967,6.7905,7.2711,7.4544,0.1936,7.1865
15.499,-0.8666,-0.2360,-0.7972,6.7905,7.2702,7.4544,0.1934,7.1865
15.499,-0.8666,-0.2356,-0.7967,6.7905,7.2702,7.4546,0.1934,7.1865
15.599,-0.8666,-0.2356,-0.7967,6.7905,7.2702,7.4546,0.1934,7.1865
15.606,-0.8666,-0.2356,-0.7967,6.8005,7.2802,7.4645,0.1934,7.1965
15.606,-0.8665,-0.2358,-0.7967,6.7996,7.2802,7.4645,0.1935,7.1956
15.606,-0.8667,-0.2358,-0.7972,6.7996,7.2793,7.4645,0.1933,7.1956
15.606,-0.8667,-0.2354,-0.7968,6.7996,7.2793,7.4647,0.1933,7.1956
15.702,-0.8667,-0.2354,-0.7968,6.8096,7.2893,7.4746,0.1933,7.2056
15.702,-0.8665,-0.2356,-0.7968,6.8087,7.2893,7.4746,0.1935,7.2047
15.702,-0.8668,-0.2356,-0.7972,6.8087,7.2885,7.4746,0.1932,7.2047
15.702,-0.8668,-0.2352,-0.7968,6.8087,7.2885,7.4748,0.1932,7.2047
15.798,-0.8668,-0.2352,-0.7968,6.8187,7.2984,7.4847,0.1932,7.2147
15.798,-0.8666,-0.2354,-0.7968,6.8178,7.2984,7.4847,0.1934,7.2138
15.798,-0.8668,-0.2354,-0.7972,6.8178,7.2976,7.4847,0.1932,7.2138
15.798,-0.8668,-0.2350,-0.7968,6.8178,7.2976,7.4849,0.1932,7.2138
15.899,-0.8668,-0.2350,-0.7968,6.8178,7.2976,7.4849,0.1932,7.2138
15.903,-0.8668,-0.2350,-0.7968,6.8278,7.3076,7.4948,0.1932,7.2238
15.903,-0.8667,-0.2352,-0.7968,6.8269,7.3076,7.4948,0.1933,7.2229
15.904,-0.8669,-0.2352,-0.7973,6.8269,7.3068,7.4948,0.1931,7.2229
15.904,-0.8669,-0.2348,-0.7968,6.8269,7.3068,7.4949,0.1931,7.2229
16.000,-0.8669,-0.2348,-0.7968,6.8369,7.3167,7.5048,0.1931,7.2329
16.000,-0.8667,-0.2350,-0.7968,6.8360,7.3167,7.5048,0.1933,7.2320
16.000,-0.8669,-0.2350,-0.7973,6.8360,7.3159,7.5048,0.1931,7.2320
16.001,-0.8669,-0.2346,-0.7968,6.8360,7.3159,7.5050,0.1931,7.2320
16.091,-0.8669,-0.2346,-0.7968,6.8460,7.3259,7.5149,0.1931,7.2420
16.091,-0.8668,-0.2348,-0.7968,6.8451,7.3259,7.5149,0.1932,7.2411
16.091,-0.8669,-0.2348,-0.7973,6.8451,7.3251,7.5149,0.1931,7.2411
16.091,-0.8669,-0.2343,-0.7969,6.8451,7.3251,7.5150,0.1931,7.2411
16.191,-0.8669,-0.2343,-0.7969,6.8451,7.3251,7.5150,0.1931,7.2411
16.196,-0.8669,-0.2343,-0.7969,6.8551,7.3350,7.5249,0.1931,7.2511
16.196,-0.8667,-0.2345,-0.7969,6.8542,7.3350,7.5249,0.1933,7.2502
16.196,-0.8669,-0.2345,-0.7973,6.8542,7.3342,7.5249,0.1931,7.2502
16.196,-0.8669,-0.2341,-0.7969,6.8542,7.3342,7.5251,0.1931,7.2502
16.297,-0.8669,-0.2341,-0.7969,6.8542,7.3342,7.5251,0.1931,7.2502
16.303,-0.8669,-0.2341,-0.7969,6.8641,7.3442,7.5350,0.1931,7.2601
16.303,-0.8667,-0.2343,-0.7969,6.8632,7.3442,7.5350,0.1933,7.2592
16.303,-0.8669,-0.2343,-0.7974,6.8632,7.3434,7.5350,0.1931,7.2592
16.303,-0.8669,-0.2339,-0.7969,6.8632,7.3434,7.5351,0.1931,7.2592
16.401,-0.8669,-0.2339,-0.7969,6.8732,7.3534,7.5450,0.1931,7.2692
16.401,-0.8667,-0.2340,-0.7969,6.8722,7.3534,7.5450,0.1933,7.2682
16.401,-0.8668,-0.2340,-0.7974,6.8722,7.3526,7.5450,0.1932,7.2682
16.401,-0.8668,-0.2336,-0.7969,6.8722,7.3526,7.5452,0.1932,7.2682
16.497,-0.8668,-0.2336,-0.7969,6.8822,7.3626,7.5551,0.1932,7.2782
16.497,-0.8666,-0.2338,-0.7969,6.8812,7.3626,7.5551,0.1934,7.2772
16.497,-0.8668,-0.2338,-0.7974,6.8812,7.3618,7.5551,0.1932,7.2772
16.497,-0.8668,-0.2334,-0.7970,6.8812,7.3618,7.5552,0.1932,7.2772
16.597,-0.8668,-0.2334,-0.7970,6.8812,7.3618,7.5552,0.1932,7.2772
16.603,-0.8668,-0.2334,-0.7970,6.8912,7.3717,7.5651,0.1932,7.2872
16.603,-0.8666,-0.2335,-0.7970,6.8903,7.3717,7.5651,0.1934,7.2863
16.603,-0.8667,-0.2335,-0.7974,6.8903,7.3710,7.5651,0.1933,7.2863
16.603,-0.8667,-0.2331,-0.7970,6.8903,7.3710,7.5652,0.1933,7.2863
16.703,-0.8667,-0.2331,-0.7970,6.8903,7.3710,7.5652,0.1933,7.2863
16.705,-0.8667,-0.2331,-0.7970,6.9002,7.3809,7.5751,0.1933,7.2962
16.705,-0.8665,-0.2333,-0.7970,6.8993,7.3809,7.5751,0.1935,7.2953
16.705,-0.8667,-0.2333,-0.7975,6.8993,7.3801,7.5751,0.1933,7.2953
16.705,-0.8667,-0.2329,-0.7970,6.8993,7.3801,7.5752,0.1933,7.2953
16.801,-0.8667,-0.2329,-0.7970,6.9093,7.3901,7.5851,0.1933,7.3053
16.801,-0.8665,-0.2331,-0.7970,6.9084,7.3901,7.5851,0.1935,7.3044
16.801,-0.8667,-0.2331,-0.7975,6.9084,7.3893,7.5851,0.1933,7.3044
16.801,-0.8667,-0.2326,-0.7971,6.9084,7.3893,7.5853,0.1933,7.3044
16.897,-0.8667,-0.2326,-0.7971,6.9183,7.3993,7.5952,0.1933,7.3143
16.897,-0.8665,-0.2328,-0.7971,6.9174,7.3993,7.5952,0.1935,7.3134
16.897,-0.8667,-0.2328,-0.7975,6.9174,7.3985,7.5952,0.1933,7.3134
16.897,-0.8667,-0.2324,-0.7971,6.9174,7.3985,7.5953,0.1933,7.3134
16.997,-0.8667,-0.2324,-0.7971,6.9174,7.3985,7.5953,0.1933,7.3134
17.003,-0.8667,-0.2324,-0.7971,6.9274,7.4084,7.6052,0.1933,7.3234
17.003,-0.8665,-0.2327,-0.7971,6.9265,7.4084,7.6052,0.1935,7.3225
17.003,-0.8667,-0.2327,-0.7976,6.9265,7.4076,7.6052,0.1933,7.3225
17.003,-0.8667,-0.2322,-0.7971,6.9265,7.4076,7.6053,0.1933,7.3225
17.100,-0.8667,-0.2322,-0.7971,6.9365,7.4176,7.6152,0.1933,7.3325
17.100,-0.8665,-0.2325,-0.7971,6.9356,7.4176,7.6152,0.1935,7.3316
17.100,-0.8668,-0.2325,-0.7976,6.9356,7.4168,7.6152,0.1932,7.3316
17.101,-0.8668,-0.2321,-0.7971,6.9356,7.4168,7.6153,0.1932,7.3316
17.201,-0.8668,-0.2321,-0.7971,6.9356,7.4168,7.6153,0.1932,7.3316
17.206,-0.8668,-0.2321,-0.7971,6.9455,7.4267,7.6252,0.1932,7.3415
17.207,-0.8666,-0.2323,-0.7971,6.9447,7.4267,7.6252,0.1934,7.3407
17.207,-0.8669,-0.2323,-0.7976,6.9447,7.4259,7.6252,0.1931,7.3407
17.207,-0.8669,-0.2319,-0.7971,6.9447,7.4259,7.6253,0.1931,7.3407
17.302,-0.8669,-0.2319,-0.7971,6.9546,7.4359,7.6352,0.1931,7.3506
17.303,-0.8667,-0.2322,-0.7971,6.9538,7.4359,7.6352,0.1933,7.3498
17.303,-0.8669,-0.2322,-0.7976,6.9538,7.4350,7.6352,0.1931,7.3498
17.303,-0.8669,-0.2318,-0.7971,6.9538,7.4350,7.6353,0.1931,7.3498
17.398,-0.8669,-0.2318,-0.7971,6.9637,7.4450,7.6452,0.1931,7.3597
17.399,-0.8668,-0.2320,-0.7971,6.9628,7.4450,7.6452,0.1932,7.3588
17.399,-0.8670,-0.2320,-0.7976,6.9628,7.4442,7.6452,0.1930,7.3588
17.399,-0.8670,-0.2316,-0.7971,6.9628,7.4442,7.6452,0.1930,7.3588
17.499,-0.8670,-0.2316,-0.7971,6.9628,7.4442,7.6452,0.1930,7.3588
17.504,-0.8670,-0.2316,-0.7971,6.9728,7.4541,7.6552,0.1930,7.3688
17.504,-0.8669,-0.2318,-0.7971,6.9719,7.4541,7.6552,0.1931,7.3679
17.504,-0.8671,-0.2318,-0.7976,6.9719,7.4533,7.6552,0.1929,7.3679
17.504,-0.8671,-0.2314,-0.7971,6.9719,7.4533,7.6552,0.1929,7.3679
17.599,-0.8671,-0.2314,-0.7971,6.9819,7.4633,7.6651,0.1929,7.3779
17.599,-0.8669,-0.2316,-0.7971,6.9810,7.4633,7.6651,0.1931,7.3770
17.599,-0.8671,-0.2316,-0.7976,6.9810,7.4624,7.6651,0.1929,7.3770
17.599,-0.8671,-0.2312,-0.7971,6.9810,7.4624,7.6652,0.1929,7.3770
17.700,-0.8671,-0.2312,-0.7971,6.9810,7.4624,7.6652,0.1929,7.3770
17.705,-0.8671,-0.2312,-0.7971,6.9910,7.4724,7.6751,0.1929,7.3870
17.706,-0.8669,-0.2314,-0.7971,6.9901,7.4724,7.6751,0.1931,7.3861
17.706,-0.8671,-0.2314,-0.7976,6.9901,7.4716,7.6751,0.1929,7.3861
17.706,-0.8671,-0.2310,-0.7972,6.9901,7.4716,7.6752,0.1929,7.3861
17.799,-0.8671,-0.2310,-0.7972,7.0000,7.4816,7.6851,0.1929,7.3960
17.799,-0.8669,-0.2312,-0.7972,6.9991,7.4816,7.6851,0.1931,7.3951
17.799,-0.8671,-0.2312,-0.7976,6.9991,7.4808,7.6851,0.1929,7.3951
17.799,-0.8671,-0.2308,-0.7972,6.9991,7.4808,7.6852,0.1929,7.3951
17.896,-0.8671,-0.2308,-0.7972,7.0091,7.4907,7.6951,0.1929,7.4051
17.897,-0.8669,-0.2310,-0.7972,7.0082,7.4907,7.6951,0.1931,7.4042
17.897,-0.8671,-0.2310,-0.7976,7.0082,7.4899,7.6951,0.1929,7.4042
17.897,-0.8671,-0.2306,-0.7972,7.0082,7.4899,7.6951,0.1929,7.4042
17.997,-0.8671,-0.2306,-0.7972,7.0082,7.4899,7.6951,0.1929,7.4042
17.998,-0.8671,-0.2306,-0.7972,7.0181,7.4999,7.7050,0.1929,7.4141
17.999,-0.8668,-0.2308,-0.7972,7.0172,7.4999,7.7050,0.1932,7.4132
17.999,-0.8670,-0.2308,-0.7977,7.0172,7.4991,7.7050,0.1930,7.4132
17.999,-0.8670,-0.2304,-0.7972,7.0172,7.4991,7.7051,0.1930,7.4132
18.099,-0.8670,-0.2304,-0.7972,7.0172,7.4991,7.7051,0.1930,7.4132
18.105,-0.8670,-0.2304,-0.7972,7.0271,7.5091,7.7150,0.1930,7.4231
18.105,-0.8668,-0.2305,-0.7972,7.0262,7.5091,7.7150,0.1932,7.4222
18.105,-0.8670,-0.2305,-0.7977,7.0262,7.5083,7.7150,0.1930,7.4222
18.105,-0.8670,-0.2301,-0.7972,7.0262,7.5083,7.7151,0.1930,7.4222
18.206,-0.8670,-0.2301,-0.7972,7.0262,7.5083,7.7151,0.1930,7.4222
18.206,-0.8670,-0.2301,-0.7972,7.0361,7.5182,7.7250,0.1930,7.4321
18.207,-0.8667,-0.2303,-0.7972,7.0352,7.5182,7.7250,0.1933,7.4312
18.207,-0.8669,-0.2303,-0.7977,7.0352,7.5175,7.7250,0.1931,7.4312
18.207,-0.8669,-0.2299,-0.7972,7.0352,7.5175,7.7250,0.1931,7.4312
18.303,-0.8669,-0.2299,-0.7972,7.0451,7.5274,7.7349,0.1931,7.4411
18.303,-0.8667,-0.2301,-0.7972,7.0442,7.5274,7.7349,0.1933,7.4402
18.303,-0.8669,-0.2301,-0.7977,7.0442,7.5266,7.7349,0.1931,7.4402
18.304,-0.8669,-0.2297,-0.7973,7.0442,7.5266,7.7350,0.1931,7.4402
18.399,-0.8669,-0.2297,-0.7973,7.0541,7.5366,7.7449,0.1931,7.4501
18.399,-0.8666,-0.2298,-0.7973,7.0532,7.5366,7.7449,0.1934,7.4492
18.400,-0.8668,-0.2298,-0.7977,7.0532,7.5358,7.7449,0.1932,7.4492
18.400,-0.8668,-0.2294,-0.7973,7.0532,7.5358,7.7450,0.1932,7.4492
18.500,-0.8668,-0.2294,-0.7973,7.0532,7.5358,7.7450,0.1932,7.4492
18.507,-0.8668,-0.2294,-0.7973,7.0632,7.5458,7.7549,0.1932,7.4592
18.507,-0.8666,-0.2296,-0.7973,7.0622,7.5458,7.7549,0.1934,7.4582
18.507,-0.8668,-0.2296,-0.7977,7.0622,7.5450,7.7549,0.1932,7.4582
18.508,-0.8668,-0.2292,-0.7973,7.0622,7.5450,7.7549,0.1932,7.4582
18.601,-0.8668,-0.2292,-0.7973,7.0722,7.5549,7.7648,0.1932,7.4682
18.601,-0.8666,-0.2294,-0.7973,7.0713,7.5549,7.7648,0.1934,7.4673
18.602,-0.8668,-0.2294,-0.7978,7.0713,7.5541,7.7648,0.1932,7.4673
18.602,-0.8668,-0.2290,-0.7973,7.0713,7.5541,7.7649,0.1932,7.4673
18.698,-0.8668,-0.2290,-0.7973,7.0813,7.5641,7.7748,0.1932,7.4773
18.698,-0.8666,-0.2293,-0.7973,7.0804,7.5641,7.7748,0.1934,7.4764
18.699,-0.8668,-0.2293,-0.7978,7.0804,7.5633,7.7748,0.1932,7.4764
18.699,-0.8668,-0.2289,-0.7973,7.0804,7.5633,7.7748,0.1932,7.4764
18.799,-0.8668,-0.2289,-0.7973,7.0804,7.5633,7.7748,0.1932,7.4764
18.801,-0.8668,-0.2289,-0.7973,7.0903,7.5732,7.7847,0.1932,7.4863
18.801,-0.8667,-0.2291,-0.7973,7.0895,7.5732,7.7847,0.1933,7.4855
18.801,-0.8669,-0.2291,-0.7978,7.0895,7.5724,7.7847,0.1931,7.4855
18.802,-0.8669,-0.2287,-0.7973,7.0895,7.5724,7.7848,0.1931,7.4855
18.897,-0.8669,-0.2287,-0.7973,7.0994,7.5824,7.7947,0.1931,7.4954
18.897,-0.8668,-0.2290,-0.7973,7.0985,7.5824,7.7947,0.1932,7.4945
18.898,-0.8670,-0.2290,-0.7977,7.0985,7.5815,7.7947,0.1930,7.4945
18.898,-0.8670,-0.2286,-0.7973,7.0985,7.5815,7.7948,0.1930,7.4945
18.998,-0.8670,-0.2286,-0.7973,7.0985,7.5815,7.7948,0.1930,7.4945
19.002,-0.8670,-0.2286,-0.7973,7.1085,7.5915,7.8047,0.1930,7.5045
19.002,-0.8669,-0.2288,-0.7973,7.1076,7.5915,7.8047,0.1931,7.5036
19.002,-0.8671,-0.2288,-0.7977,7.1076,7.5907,7.8047,0.1929,7.5036
19.002,-0.8671,-0.2284,-0.7973,7.1076,7.5907,7.8047,0.1929,7.5036
19.099,-0.8671,-0.2284,-0.7973,7.1176,7.6006,7.8146,0.1929,7.5136
19.099,-0.8669,-0.2286,-0.7973,7.1167,7.6006,7.8146,0.1931,7.5127
19.099,-0.8672,-0.2286,-0.7977,7.1167,7.5998,7.8146,0.1928,7.5127
19.100,-0.8672,-0.2282,-0.7973,7.1167,7.5998,7.8147,0.1928,7.5127
19.200,-0.8672,-0.2282,-0.7973,7.1167,7.5998,7.8147,0.1928,7.5127
19.206,-0.8672,-0.2282,-0.7973,7.1266,7.6098,7.8246,0.1928,7.5226
19.206,-0.8670,-0.2284,-0.7973,7.1258,7.6098,7.8246,0.1930,7.5218
19.206,-0.8672,-0.2284,-0.7977,7.1258,7.6089,7.8246,0.1928,7.5218
19.206,-0.8672,-0.2281,-0.7973,7.1258,7.6089,7.8246,0.1928,7.5218
19.302,-0.8672,-0.2281,-0.7973,7.1357,7.6189,7.8345,0.1928,7.5317
19.302,-0.8670,-0.2282,-0.7973,7.1348,7.6189,7.8345,0.1930,7.5308
19.302,-0.8672,-0.2282,-0.7977,7.1348,7.6181,7.8345,0.1928,7.5308
19.302,-0.8672,-0.2279,-0.7973,7.1348,7.6181,7.8346,0.1928,7.5308
19.402,-0.8672,-0.2279,-0.7973,7.1448,7.6280,7.8445,0.1928,7.5408
19.402,-0.8670,-0.2280,-0.7973,7.1439,7.6280,7.8445,0.1930,7.5399
19.402,-0.8672,-0.2280,-0.7977,7.1439,7.6272,7.8445,0.1928,7.5399
19.402,-0.8672,-0.2276,-0.7973,7.1439,7.6272,7.8446,0.1928,7.5399
19.498,-0.8672,-0.2276,-0.7973,7.1538,7.6372,7.8545,0.1928,7.5498
19.499,-0.8670,-0.2278,-0.7973,7.1529,7.6372,7.8545,0.1930,7.5489
19.499,-0.8672,-0.2278,-0.7977,7.1529,7.6364,7.8545,0.1928,7.5489
19.499,-0.8672,-0.2274,-0.7973,7.1529,7.6364,7.8545,0.1928,7.5489
19.599,-0.8672,-0.2274,-0.7973,7.1529,7.6364,7.8545,0.1928,7.5489
19.603,-0.8672,-0.2274,-0.7973,7.1629,7.6464,7.8644,0.1928,7.5589
19.604,-0.8670,-0.2276,-0.7973,7.1619,7.6464,7.8644,0.1930,7.5579
19.604,-0.8672,-0.2276,-0.7977,7.1619,7.6456,7.8644,0.1928,7.5579
19.604,-0.8672,-0.2272,-0.7973,7.1619,7.6456,7.8645,0.1928,7.5579
19.701,-0.8672,-0.2272,-0.7973,7.1719,7.6555,7.8744,0.1928,7.5679
19.701,-0.8669,-0.2274,-0.7973,7.1709,7.6555,7.8744,0.1931,7.5669
19.701,-0.8671,-0.2274,-0.7977,7.1709,7.6548,7.8744,0.1929,7.5669
19.701,-0.8671,-0.2270,-0.7973,7.1709,7.6548,7.8745,0.1929,7.5669
19.796,-0.8671,-0.2270,-0.7973,7.1809,7.6647,7.8844,0.1929,7.5769
19.796,-0.8669,-0.2271,-0.7973,7.1799,7.6647,7.8844,0.1931,7.5759
19.796,-0.8670,-0.2271,-0.7978,7.1799,7.6639,7.8844,0.1930,7.5759
19.796,-0.8670,-0.2267,-0.7973,7.1799,7.6639,7.8844,0.1930,7.5759
19.897,-0.8670,-0.2267,-0.7973,7.1799,7.6639,7.8844,0.1930,7.5759
19.902,-0.8670,-0.2267,-0.7973,7.1899,7.6739,7.8943,0.1930,7.5859
19.902,-0.8668,-0.2269,-0.7973,7.1889,7.6739,7.8943,0.1932,7.5849
19.902,-0.8670,-0.2269,-0.7978,7.1889,7.6731,7.8943,0.1930,7.5849
19.902,-0.8670,-0.2265,-0.7973,7.1889,7.6731,7.8944,0.1930,7.5849
19.998,-0.8670,-0.2265,-0.7973,7.1989,7.6831,7.9043,0.1930,7.5949
19.998,-0.8668,-0.2266,-0.7973,7.1980,7.6831,7.9043,0.1932,7.5940
19.998,-0.8670,-0.2266,-0.7977,7.1980,7.6823,7.9043,0.1930,7.5940
19.998,-0.8670,-0.2262,-0.7973,7.1980,7.6823,7.9044,0.1930,7.5940
20.099,-0.8670,-0.2262,-0.7973,7.1980,7.6823,7.9044,0.1930,7.5940
20.104,-0.8670,-0.2262,-0.7973,7.2079,7.6922,7.9143,0.1930,7.6039
20.104,-0.8667,-0.2264,-0.7973,7.2070,7.6922,7.9143,0.1933,7.6030
20.104,-0.8669,-0.2264,-0.7977,7.2070,7.6914,7.9143,0.1931,7.6030
20.104,-0.8669,-0.2260,-0.7973,7.2070,7.6914,7.9144,0.1931,7.6030
20.199,-0.8669,-0.2260,-0.7973,7.2170,7.7014,7.9243,0.1931,7.6130
20.199,-0.8667,-0.2262,-0.7973,7.2161,7.7014,7.9243,0.1933,7.6121
20.199,-0.8669,-0.2262,-0.7978,7.2161,7.7006,7.9243,0.1931,7.6121
20.199,-0.8669,-0.2258,-0.7973,7.2161,7.7006,7.9244,0.1931,7.6121
20.299,-0.8669,-0.2258,-0.7973,7.2161,7.7006,7.9244,0.1931,7.6121
20.305,-0.8669,-0.2258,-0.7973,7.2260,7.7105,7.9343,0.1931,7.6220
20.306,-0.8667,-0.2260,-0.7973,7.2251,7.7105,7.9343,0.1933,7.6211
20.306,-0.8669,-0.2260,-0.7978,7.2251,7.7097,7.9343,0.1931,7.6211
20.306,-0.8669,-0.2256,-0.7973,7.2251,7.7097,7.9343,0.1931,7.6211
20.402,-0.8669,-0.2256,-0.7973,7.2351,7.7197,7.9442,0.1931,7.6311
20.402,-0.8668,-0.2258,-0.7973,7.2342,7.7197,7.9442,0.1932,7.6302
20.403,-0.8670,-0.2258,-0.7977,7.2342,7.7189,7.9442,0.1930,7.6302
20.403,-0.8670,-0.2254,-0.7973,7.2342,7.7189,7.9443,0.1930,7.6302
20.500,-0.8670,-0.2254,-0.7973,7.2442,7.7288,7.9542,0.1930,7.6402
20.500,-0.8669,-0.2256,-0.7973,7.2433,7.7288,7.9542,0.1931,7.6393
20.500,-0.8671,-0.2256,-0.7977,7.2433,7.7280,7.9542,0.1929,7.6393
20.500,-0.8671,-0.2252,-0.7973,7.2433,7.7280,7.9543,0.1929,7.6393
20.601,-0.8671,-0.2252,-0.7973,7.2433,7.7280,7.9543,0.1929,7.6393
20.603,-0.8671,-0.2252,-0.7973,7.2533,7.7380,7.9642,0.1929,7.6493
20.603,-0.8669,-0.2255,-0.7973,7.2524,7.7380,7.9642,0.1931,7.6484
20.603,-0.8672,-0.2255,-0.7977,7.2524,7.7371,7.9642,0.1928,7.6484
20.603,-0.8672,-0.2251,-0.7972,7.2524,7.7371,7.9643,0.1928,7.6484
20.700,-0.8672,-0.2251,-0.7972,7.2623,7.7471,7.9742,0.1928,7.6583
20.700,-0.8670,-0.2253,-0.7972,7.2615,7.7471,7.9742,0.1930,7.6575
20.700,-0.8672,-0.2253,-0.7976,7.2615,7.7463,7.9742,0.1928,7.6575
20.700,-0.8672,-0.2249,-0.7972,7.2615,7.7463,7.9743,0.1928,7.6575
20.801,-0.8672,-0.2249,-0.7972,7.2615,7.7463,7.9743,0.1928,7.6575
20.809,-0.8672,-0.2249,-0.7972,7.2714,7.7562,7.9842,0.1928,7.6674
20.809,-0.8671,-0.2251,-0.7972,7.2706,7.7562,7.9842,0.1929,7.6666
20.809,-0.8673,-0.2251,-0.7976,7.2706,7.7554,7.9842,0.1927,7.6666
20.810,-0.8673,-0.2247,-0.7972,7.2706,7.7554,7.9843,0.1927,7.6666
20.907,-0.8673,-0.2247,-0.7972,7.2805,7.7654,7.9942,0.1927,7.6765
20.908,-0.8671,-0.2248,-0.7972,7.2796,7.7654,7.9942,0.1929,7.6756
20.908,-0.8673,-0.2248,-0.7976,7.2796,7.7645,7.9942,0.1927,7.6756
20.908,-0.8673,-0.2244,-0.7971,7.2796,7.7645,7.9943,0.1927,7.6756
21.003,-0.8673,-0.2244,-0.7971,7.2896,7.7745,8.0042,0.1927,7.6856
21.004,-0.8672,-0.2246,-0.7971,7.2887,7.7745,8.0042,0.1928,7.6847
21.004,-0.8674,-0.2246,-0.7976,7.2887,7.7737,8.0042,0.1926,7.6847
21.004,-0.8674,-0.2242,-0.7971,7.2887,7.7737,8.0044,0.1926,7.6847
21.097,-0.8674,-0.2242,-0.7971,7.2987,7.7837,8.0143,0.1926,7.6947
21.097,-0.8671,-0.2244,-0.7971,7.2978,7.7837,8.0143,0.1929,7.6938
21.097,-0.8673,-0.2244,-0.7976,7.2978,7.7829,8.0143,0.1927,7.6938
21.098,-0.8673,-0.2240,-0.7971,7.2978,7.7829,8.0144,0.1927,7.6938
21.198,-0.8673,-0.2240,-0.7971,7.2978,7.7829,8.0144,0.1927,7.6938
21.204,-0.8673,-0.2240,-0.7971,7.3077,7.7928,8.0243,0.1927,7.7037
21.205,-0.8671,-0.2241,-0.7971,7.3068,7.7928,8.0243,0.1929,7.7028
21.205,-0.8673,-0.2241,-0.7975,7.3068,7.7920,8.0243,0.1927,7.7028
21.205,-0.8673,-0.2237,-0.7971,7.3068,7.7920,8.0244,0.1927,7.7028
21.302,-0.8673,-0.2237,-0.7971,7.3168,7.8020,8.0343,0.1927,7.7128
21.302,-0.8671,-0.2239,-0.7971,7.3158,7.8020,8.0343,0.1929,7.7118
21.302,-0.8673,-0.2239,-0.7975,7.3158,7.8012,8.0343,0.1927,7.7118
21.302,-0.8673,-0.2234,-0.7971,7.3158,7.8012,8.0344,0.1927,7.7118
21.396,-0.8673,-0.2234,-0.7971,7.3258,7.8112,8.0443,0.1927,7.7218
21.396,-0.8670,-0.2236,-0.7971,7.3248,7.8112,8.0443,0.1930,7.7208
21.396,-0.8672,-0.2236,-0.7975,7.3248,7.8104,8.0443,0.1928,7.7208
21.397,-0.8672,-0.2232,-0.7971,7.3248,7.8104,8.0444,0.1928,7.7208
21.497,-0.8672,-0.2232,-0.7971,7.3248,7.8104,8.0444,0.1928,7.7208
21.502,-0.8672,-0.2232,-0.7971,7.3348,7.8203,8.0544,0.1928,7.7308
21.502,-0.8670,-0.2233,-0.7971,7.3338,7.8203,8.0544,0.1930,7.7298
21.502,-0.8672,-0.2233,-0.7975,7.3338,7.8196,8.0544,0.1928,7.7298
21.503,-0.8672,-0.2229,-0.7970,7.3338,7.8196,8.0545,0.1928,7.7298
21.603,-0.8672,-0.2229,-0.7970,7.3338,7.8196,8.0545,0.1928,7.7298
21.604,-0.8672,-0.2229,-0.7970,7.3438,7.8295,8.0644,0.1928,7.7398
21.604,-0.8669,-0.2230,-0.7970,7.3429,7.8295,8.0644,0.1931,7.7389
21.604,-0.8671,-0.2230,-0.7975,7.3429,7.8287,8.0644,0.1929,7.7389
21.604,-0.8671,-0.2226,-0.7970,7.3429,7.8287,8.0645,0.1929,7.7389
21.704,-0.8671,-0.2226,-0.7970,7.3528,7.8387,8.0744,0.1929,7.7488
21.704,-0.8669,-0.2228,-0.7970,7.3519,7.8387,8.0744,0.1931,7.7479
21.704,-0.8671,-0.2228,-0.7974,7.3519,7.8379,8.0744,0.1929,7.7479
21.705,-0.8671,-0.2223,-0.7970,7.3519,7.8379,8.0746,0.1929,7.7479
21.797,-0.8671,-0.2223,-0.7970,7.3619,7.8479,8.0845,0.1929,7.7579
21.797,-0.8669,-0.2225,-0.7970,7.3610,7.8479,8.0845,0.1931,7.7570
21.797,-0.8671,-0.2225,-0.7974,7.3610,7.8471,8.0845,0.1929,7.7570
21.797,-0.8671,-0.2221,-0.7970,7.3610,7.8471,8.0846,0.1929,7.7570
21.897,-0.8671,-0.2221,-0.7970,7.3610,7.8471,8.0846,0.1929,7.7570
21.899,-0.8671,-0.2221,-0.7970,7.3709,7.8570,8.0945,0.1929,7.7669
21.899,-0.8669,-0.2223,-0.7970,7.3701,7.8570,8.0945,0.1931,7.7661
21.900,-0.8671,-0.2223,-0.7974,7.3701,7.8562,8.0945,0.1929,7.7661
21.900,-0.8671,-0.2218,-0.7970,7.3701,7.8562,8.0947,0.1929,7.7661
21.991,-0.8671,-0.2218,-0.7970,7.3800,7.8662,8.1046,0.1929,7.7760
21.991,-0.8670,-0.2220,-0.7970,7.3792,7.8662,8.1046,0.1930,7.7752
21.991,-0.8672,-0.2220,-0.7974,7.3792,7.8654,8.1046,0.1928,7.7752
21.991,-0.8672,-0.2216,-0.7969,7.3792,7.8654,8.1047,0.1928,7.7752
22.092,-0.8672,-0.2216,-0.7969,7.3792,7.8654,8.1047,0.1928,7.7752
22.097,-0.8672,-0.2216,-0.7969,7.3891,7.8753,8.1146,0.1928,7.7851
22.097,-0.8670,-0.2218,-0.7969,7.3883,7.8753,8.1146,0.1930,7.7843
22.097,-0.8673,-0.2218,-0.7973,7.3883,7.8745,8.1146,0.1927,7.7843
22.097,-0.8673,-0.2214,-0.7968,7.3883,7.8745,8.1148,0.1927,7.7843
22.197,-0.8673,-0.2214,-0.7968,7.3883,7.8745,8.1148,0.1927,7.7843
22.203,-0.8673,-0.2214,-0.7968,7.3982,7.8844,8.1247,0.1927,7.7942
22.203,-0.8671,-0.2216,-0.7968,7.3974,7.8844,8.1247,0.1929,7.7934
22.203,-0.8674,-0.2216,-0.7972,7.3974,7.8836,8.1247,0.1926,7.7934
22.203,-0.8674,-0.2212,-0.7968,7.3974,7.8836,8.1248,0.1926,7.7934
22.296,-0.8674,-0.2212,-0.7968,7.4073,7.8936,8.1347,0.1926,7.8033
22.296,-0.8672,-0.2214,-0.7968,7.4065,7.8936,8.1347,0.1928,7.8025
22.297,-0.8674,-0.2214,-0.7972,7.4065,7.8927,8.1347,0.1926,7.8025
22.297,-0.8674,-0.2210,-0.7967,7.4065,7.8927,8.1349,0.1926,7.8025
22.397,-0.8674,-0.2210,-0.7967,7.4065,7.8927,8.1349,0.1926,7.8025
22.402,-0.8674,-0.2210,-0.7967,7.4164,7.9027,8.1448,0.1926,7.8124
22.402,-0.8673,-0.2212,-0.7967,7.4156,7.9027,8.1448,0.1927,7.8116
22.403,-0.8675,-0.2212,-0.7971,7.4156,7.9019,8.1448,0.1925,7.8116
22.403,-0.8675,-0.2207,-0.7967,7.4156,7.9019,8.1450,0.1925,7.8116
22.498,-0.8675,-0.2207,-0.7967,7.4255,7.9118,8.1549,0.1925,7.8215
22.499,-0.8673,-0.2209,-0.7967,7.4247,7.9118,8.1549,0.1927,7.8207
22.499,-0.8676,-0.2209,-0.7971,7.4247,7.9110,8.1549,0.1924,7.8207
22.499,-0.8676,-0.2205,-0.7966,7.4247,7.9110,8.1550,0.1924,7.8207
22.600,-0.8676,-0.2205,-0.7966,7.4247,7.9110,8.1550,0.1924,7.8207
22.605,-0.8676,-0.2205,-0.7966,7.4346,7.9210,8.1649,0.1924,7.8306
22.605,-0.8674,-0.2207,-0.7966,7.4338,7.9210,8.1649,0.1926,7.8298
22.605,-0.8676,-0.2207,-0.7970,7.4338,7.9202,8.1649,0.1924,7.8298
22.605,-0.8676,-0.2202,-0.7966,7.4338,7.9202,8.1651,0.1924,7.8298
22.697,-0.8676,-0.2202,-0.7966,7.4437,7.9301,8.1750,0.1924,7.8397
22.697,-0.8674,-0.2204,-0.7966,7.4428,7.9301,8.1750,0.1926,7.8388
22.697,-0.8676,-0.2204,-0.7970,7.4428,7.9293,8.1750,0.1924,7.8388
22.697,-0.8676,-0.2200,-0.7965,7.4428,7.9293,8.1752,0.1924,7.8388
22.798,-0.8676,-0.2200,-0.7965,7.4428,7.9293,8.1752,0.1924,7.8388
22.801,-0.8676,-0.2200,-0.7965,7.4528,7.9393,8.1851,0.1924,7.8488
22.801,-0.8674,-0.2201,-0.7965,7.4519,7.9393,8.1851,0.1926,7.8479
22.801,-0.8676,-0.2201,-0.7969,7.4519,7.9385,8.1851,0.1924,7.8479
22.801,-0.8676,-0.2197,-0.7965,7.4519,7.9385,8.1853,0.1924,7.8479
22.897,-0.8676,-0.2197,-0.7965,7.4619,7.9484,8.1952,0.1924,7.8579
22.897,-0.8674,-0.2198,-0.7965,7.4609,7.9484,8.1952,0.1926,7.8569
22.897,-0.8675,-0.2198,-0.7969,7.4609,7.9477,8.1952,0.1925,7.8569
22.897,-0.8675,-0.2194,-0.7965,7.4609,7.9477,8.1953,0.1925,7.8569
22.998,-0.8675,-0.2194,-0.7965,7.4609,7.9477,8.1953,0.1925,7.8569
23.004,-0.8675,-0.2194,-0.7965,7.4709,7.9576,8.2053,0.1925,7.8669
23.004,-0.8673,-0.2195,-0.7965,7.4700,7.9576,8.2053,0.1927,7.8660
23.004,-0.8675,-0.2195,-0.7969,7.4700,7.9568,8.2053,0.1925,7.8660
23.004,-0.8675,-0.2191,-0.7964,7.4700,7.9568,8.2054,0.1925,7.8660
23.098,-0.8675,-0.2191,-0.7964,7.4799,7.9668,8.2153,0.1925,7.8759
23.098,-0.8673,-0.2192,-0.7964,7.4790,7.9668,8.2153,0.1927,7.8750
23.098,-0.8674,-0.2192,-0.7968,7.4790,7.9660,8.2153,0.1926,7.8750
23.099,-0.8674,-0.2188,-0.7964,7.4790,7.9660,8.2155,0.1926,7.8750
23.199,-0.8674,-0.2188,-0.7964,7.4790,7.9660,8.2155,0.1926,7.8750
23.205,-0.8674,-0.2188,-0.7964,7.4890,7.9760,8.2254,0.1926,7.8850
23.205,-0.8672,-0.2189,-0.7964,7.4881,7.9760,8.2254,0.1928,7.8841
23.205,-0.8674,-0.2189,-0.7968,7.4881,7.9752,8.2254,0.1926,7.8841
23.205,-0.8674,-0.2185,-0.7963,7.4881,7.9752,8.2256,0.1926,7.8841
23.300,-0.8674,-0.2185,-0.7963,7.4980,7.9851,8.2355,0.1926,7.8940
23.300,-0.8672,-0.2186,-0.7963,7.4971,7.9851,8.2355,0.1928,7.8931
23.300,-0.8674,-0.2186,-0.7967,7.4971,7.9843,8.2355,0.1926,7.8931
23.301,-0.8674,-0.2182,-0.7963,7.4971,7.9843,8.2357,0.1926,7.8931
23.391,-0.8674,-0.2182,-0.7963,7.5071,7.9943,8.2456,0.1926,7.9031
23.391,-0.8672,-0.2183,-0.7963,7.5062,7.9943,8.2456,0.1928,7.9022
23.392,-0.8674,-0.2183,-0.7967,7.5062,7.9935,8.2456,0.1926,7.9022
23.392,-0.8674,-0.2179,-0.7962,7.5062,7.9935,8.2458,0.1926,7.9022
23.492,-0.8674,-0.2179,-0.7962,7.5062,7.9935,8.2458,0.1926,7.9022
23.495,-0.8674,-0.2179,-0.7962,7.5161,8.0035,8.2557,0.1926,7.9121
23.495,-0.8672,-0.2180,-0.7962,7.5153,8.0035,8.2557,0.1928,7.9113
23.496,-0.8674,-0.2180,-0.7966,7.5153,8.0027,8.2557,0.1926,7.9113
23.496,-0.8674,-0.2176,-0.7962,7.5153,8.0027,8.2559,0.1926,7.9113
23.596,-0.8674,-0.2176,-0.7962,7.5153,8.0027,8.2559,0.1926,7.9113
23.602,-0.8674,-0.2176,-0.7962,7.5252,8.0126,8.2658,0.1926,7.9212
23.602,-0.8672,-0.2178,-0.7962,7.5244,8.0126,8.2658,0.1928,7.9204
23.602,-0.8674,-0.2178,-0.7966,7.5244,8.0118,8.2658,0.1926,7.9204
23.602,-0.8674,-0.2173,-0.7961,7.5244,8.0118,8.2660,0.1926,7.9204
23.698,-0.8674,-0.2173,-0.7961,7.5343,8.0218,8.2759,0.1926,7.9303
23.698,-0.8673,-0.2175,-0.7961,7.5335,8.0218,8.2759,0.1927,7.9295
23.707,-0.8675,-0.2175,-0.7965,7.5335,8.0210,8.2759,0.1925,7.9295
23.707,-0.8675,-0.2171,-0.7960,7.5335,8.0210,8.2761,0.1925,7.9295
23.805,-0.8675,-0.2171,-0.7960,7.5434,8.0309,8.2860,0.1925,7.9394
23.805,-0.8674,-0.2173,-0.7960,7.5426,8.0309,8.2860,0.1926,7.9386
23.805,-0.8676,-0.2173,-0.7964,7.5426,8.0301,8.2860,0.1924,7.9386
23.805,-0.8676,-0.2169,-0.7959,7.5426,8.0301,8.2862,0.1924,7.9386
23.905,-0.8676,-0.2169,-0.7959,7.5426,8.0301,8.2862,0.1924,7.9386
23.906,-0.8676,-0.2169,-0.7959,7.5526,8.0400,8.2961,0.1924,7.9486
23.906,-0.8675,-0.2171,-0.7959,7.5517,8.0400,8.2961,0.1925,7.9477
23.906,-0.8677,-0.2171,-0.7963,7.5517,8.0392,8.2961,0.1923,7.9477
23.906,-0.8677,-0.2166,-0.7959,7.5517,8.0392,8.2963,0.1923,7.9477
24.001,-0.8677,-0.2166,-0.7959,7.5617,8.0492,8.3062,0.1923,7.9577
24.001,-0.8676,-0.2168,-0.7959,7.5608,8.0492,8.3062,0.1924,7.9568
24.001,-0.8678,-0.2168,-0.7962,7.5608,8.0483,8.3062,0.1922,7.9568
24.001,-0.8678,-0.2164,-0.7958,7.5608,8.0483,8.3064,0.1922,7.9568
24.098,-0.8678,-0.2164,-0.7958,7.5708,8.0583,8.3163,0.1922,7.9668
24.098,-0.8676,-0.2165,-0.7958,7.5700,8.0583,8.3163,0.1924,7.9660
24.098,-0.8679,-0.2165,-0.7961,7.5700,8.0575,8.3163,0.1921,7.9660
24.098,-0.8679,-0.2161,-0.7957,7.5700,8.0575,8.3165,0.1921,7.9660
24.198,-0.8679,-0.2161,-0.7957,7.5700,8.0575,8.3165,0.1921,7.9660
24.203,-0.8679,-0.2161,-0.7957,7.5799,8.0674,8.3264,0.1921,7.9759
24.204,-0.8677,-0.2163,-0.7957,7.5791,8.0674,8.3264,0.1923,7.9751
24.204,-0.8679,-0.2163,-0.7961,7.5791,8.0666,8.3264,0.1921,7.9751
24.204,-0.8679,-0.2158,-0.7956,7.5791,8.0666,8.3266,0.1921,7.9751
24.299,-0.8679,-0.2158,-0.7956,7.5890,8.0766,8.3365,0.1921,7.9850
24.300,-0.8677,-0.2160,-0.7956,7.5882,8.0766,8.3365,0.1923,7.9842
24.300,-0.8679,-0.2160,-0.7960,7.5882,8.0758,8.3365,0.1921,7.9842
24.300,-0.8679,-0.2155,-0.7955,7.5882,8.0758,8.3366,0.1921,7.9842
24.400,-0.8679,-0.2155,-0.7955,7.5882,8.0758,8.3366,0.1921,7.9842
24.411,-0.8679,-0.2155,-0.7955,7.5981,8.0857,8.3466,0.1921,7.9941
24.411,-0.8677,-0.2157,-0.7955,7.5972,8.0857,8.3466,0.1923,7.9932
24.411,-0.8679,-0.2157,-0.7959,7.5972,8.0849,8.3466,0.1921,7.9932
24.411,-0.8679,-0.2152,-0.7955,7.5972,8.0849,8.3467,0.1921,7.9932
24.502,-0.8679,-0.2152,-0.7955,7.6072,8.0949,8.3567,0.1921,8.0032
24.502,-0.8677,-0.2154,-0.7955,7.6063,8.0949,8.3567,0.1923,8.0023
24.503,-0.8679,-0.2154,-0.7959,7.6063,8.0941,8.3567,0.1921,8.0023
24.503,-0.8679,-0.2149,-0.7954,7.6063,8.0941,8.3568,0.1921,8.0023
24.598,-0.8679,-0.2149,-0.7954,7.6162,8.1041,8.3668,0.1921,8.0122
24.598,-0.8677,-0.2150,-0.7954,7.6153,8.1041,8.3668,0.1923,8.0113
24.599,-0.8678,-0.2150,-0.7958,7.6153,8.1033,8.3668,0.1922,8.0113
24.599,-0.8678,-0.2146,-0.7953,7.6153,8.1033,8.3669,0.1922,8.0113
24.699,-0.8678,-0.2146,-0.7953,7.6153,8.1033,8.3669,0.1922,8.0113
24.711,-0.8678,-0.2146,-0.7953,7.6253,8.1133,8.3769,0.1922,8.0213
24.711,-0.8676,-0.2147,-0.7953,7.6244,8.1133,8.3769,0.1924,8.0204
24.711,-0.8678,-0.2147,-0.7957,7.6244,8.1125,8.3769,0.1922,8.0204
24.711,-0.8678,-0.2143,-0.7953,7.6244,8.1125,8.3770,0.1922,8.0204
24.797,-0.8678,-0.2143,-0.7953,7.6343,8.1224,8.3870,0.1922,8.0303
24.797,-0.8676,-0.2144,-0.7953,7.6334,8.1224,8.3870,0.1924,8.0294
24.797,-0.8678,-0.2144,-0.7957,7.6334,8.1217,8.3870,0.1922,8.0294
24.797,-0.8678,-0.2139,-0.7952,7.6334,8.1217,8.3871,0.1922,8.0294
24.898,-0.8678,-0.2139,-0.7952,7.6334,8.1217,8.3871,0.1922,8.0294
24.901,-0.8678,-0.2139,-0.7952,7.6434,8.1316,8.3970,0.1922,8.0394
24.901,-0.8675,-0.2141,-0.7952,7.6425,8.1316,8.3970,0.1925,8.0385
24.901,-0.8677,-0.2141,-0.7956,7.6425,8.1308,8.3970,0.1923,8.0385
24.901,-0.8677,-0.2136,-0.7951,7.6425,8.1308,8.3972,0.1923,8.0385
24.988,-0.8677,-0.2136,-0.7951,7.6524,8.1408,8.4071,0.1923,8.0484
24.988,-0.8675,-0.2138,-0.7951,7.6516,8.1408,8.4071,0.1925,8.0476
24.988,-0.8677,-0.2138,-0.7955,7.6516,8.1400,8.4071,0.1923,8.0476
24.989,-0.8677,-0.2133,-0.7951,7.6516,8.1400,8.4073,0.1923,8.0476
25.089,-0.8677,-0.2133,-0.7951,7.6516,8.1400,8.4073,0.1923,8.0476
25.104,-0.8677,-0.2133,-0.7951,7.6615,8.1500,8.4172,0.1923,8.0575
25.104,-0.8675,-0.2135,-0.7951,7.6606,8.1500,8.4172,0.1925,8.0566
25.104,-0.8677,-0.2135,-0.7954,7.6606,8.1492,8.4172,0.1923,8.0566
25.104,-0.8677,-0.2130,-0.7950,7.6606,8.1492,8.4174,0.1923,8.0566
25.202,-0.8677,-0.2130,-0.7950,7.6706,8.1591,8.4273,0.1923,8.0666
25.202,-0.8676,-0.2132,-0.7950,7.6697,8.1591,8.4273,0.1924,8.0657
25.202,-0.8678,-0.2132,-0.7954,7.6697,8.1583,8.4273,0.1922,8.0657
25.202,-0.8678,-0.2128,-0.7949,7.6697,8.1583,8.4275,0.1922,8.0657
25.297,-0.8678,-0.2128,-0.7949,7.6797,8.1683,8.4374,0.1922,8.0757
25.298,-0.8676,-0.2129,-0.7949,7.6789,8.1683,8.4374,0.1924,8.0749
25.298,-0.8678,-0.2129,-0.7953,7.6789,8.1675,8.4374,0.1922,8.0749
25.298,-0.8678,-0.2125,-0.7948,7.6789,8.1675,8.4376,0.1922,8.0749
25.398,-0.8678,-0.2125,-0.7948,7.6789,8.1675,8.4376,0.1922,8.0749
25.405,-0.8678,-0.2125,-0.7948,7.6888,8.1774,8.4475,0.1922,8.0848
25.405,-0.8677,-0.2127,-0.7948,7.6880,8.1774,8.4475,0.1923,8.0840
25.405,-0.8679,-0.2127,-0.7951,7.6880,8.1766,8.4475,0.1921,8.0840
25.405,-0.8679,-0.2123,-0.7947,7.6880,8.1766,8.4477,0.1921,8.0840
25.501,-0.8679,-0.2123,-0.7947,7.6980,8.1866,8.4576,0.1921,8.0940
25.501,-0.8678,-0.2125,-0.7947,7.6971,8.1866,8.4576,0.1922,8.0931
25.501,-0.8680,-0.2125,-0.7950,7.6971,8.1857,8.4576,0.1920,8.0931
25.501,-0.8680,-0.2120,-0.7946,7.6971,8.1857,8.4578,0.1920,8.0931
25.598,-0.8680,-0.2120,-0.7946,7.7071,8.1957,8.4677,0.1920,8.1031
25.598,-0.8679,-0.2122,-0.7946,7.7062,8.1957,8.4677,0.1921,8.1022
25.598,-0.8681,-0.2122,-0.7949,7.7062,8.1949,8.4677,0.1919,8.1022
25.598,-0.8681,-0.2118,-0.7945,7.7062,8.1949,8.4678,0.1919,8.1022
25.699,-0.8681,-0.2118,-0.7945,7.7062,8.1949,8.4678,0.1919,8.1022
25.704,-0.8681,-0.2118,-0.7945,7.7162,8.2048,8.4778,0.1919,8.1122
25.704,-0.8680,-0.2119,-0.7945,7.7154,8.2048,8.4778,0.1920,8.1114
25.704,-0.8682,-0.2119,-0.7948,7.7154,8.2040,8.4778,0.1918,8.1114
25.704,-0.8682,-0.2115,-0.7944,7.7154,8.2040,8.4779,0.1918,8.1114
25.799,-0.8682,-0.2115,-0.7944,7.7253,8.2140,8.4878,0.1918,8.1213
25.799,-0.8680,-0.2116,-0.7944,7.7245,8.2140,8.4878,0.1920,8.1205
25.799,-0.8682,-0.2116,-0.7948,7.7245,8.2132,8.4878,0.1918,8.1205
25.799,-0.8682,-0.2112,-0.7943,7.7245,8.2132,8.4880,0.1918,8.1205
25.899,-0.8682,-0.2112,-0.7943,7.7245,8.2132,8.4880,0.1918,8.1205
25.902,-0.8682,-0.2112,-0.7943,7.7344,8.2231,8.4979,0.1918,8.1304
25.902,-0.8680,-0.2114,-0.7943,7.7336,8.2231,8.4979,0.1920,8.1296
25.903,-0.8682,-0.2114,-0.7947,7.7336,8.2223,8.4979,0.1918,8.1296
25.903,-0.8682,-0.2109,-0.7942,7.7336,8.2223,8.4981,0.1918,8.1296
26.002,-0.8682,-0.2109,-0.7942,7.7435,8.2323,8.5080,0.1918,8.1395
26.002,-0.8680,-0.2111,-0.7942,7.7426,8.2323,8.5080,0.1920,8.1386
26.002,-0.8682,-0.2111,-0.7946,7.7426,8.2315,8.5080,0.1918,8.1386
26.002,-0.8682,-0.2106,-0.7941,7.7426,8.2315,8.5081,0.1918,8.1386
26.099,-0.8682,-0.2106,-0.7941,7.7526,8.2414,8.5181,0.1918,8.1486
26.100,-0.8680,-0.2107,-0.7941,7.7517,8.2414,8.5181,0.1920,8.1477
26.100,-0.8682,-0.2107,-0.7945,7.7517,8.2407,8.5181,0.1918,8.1477
26.100,-0.8682,-0.2103,-0.7940,7.7517,8.2407,8.5182,0.1918,8.1477
26.200,-0.8682,-0.2103,-0.7940,7.7517,8.2407,8.5182,0.1918,8.1477
26.205,-0.8682,-0.2103,-0.7940,7.7617,8.2506,8.5281,0.1918,8.1577
26.205,-0.8680,-0.2104,-0.7940,7.7607,8.2506,8.5281,0.1920,8.1567
26.205,-0.8682,-0.2104,-0.7944,7.7607,8.2498,8.5281,0.1918,8.1567
26.206,-0.8682,-0.2100,-0.7940,7.7607,8.2498,8.5283,0.1918,8.1567
26.298,-0.8682,-0.2100,-0.7940,7.7707,8.2598,8.5382,0.1918,8.1667
26.298,-0.8679,-0.2101,-0.7940,7.7698,8.2598,8.5382,0.1921,8.1658
26.298,-0.8681,-0.2101,-0.7943,7.7698,8.2590,8.5382,0.1919,8.1658
26.298,-0.8681,-0.2097,-0.7939,7.7698,8.2590,8.5383,0.1919,8.1658
26.399,-0.8681,-0.2097,-0.7939,7.7698,8.2590,8.5383,0.1919,8.1658
26.405,-0.8681,-0.2097,-0.7939,7.7797,8.2690,8.5483,0.1919,8.1757
26.405,-0.8679,-0.2098,-0.7939,7.7788,8.2690,8.5483,0.1921,8.1748
26.405,-0.8681,-0.2098,-0.7942,7.7788,8.2682,8.5483,0.1919,8.1748
26.406,-0.8681,-0.2094,-0.7938,7.7788,8.2682,8.5484,0.1919,8.1748
26.499,-0.8681,-0.2094,-0.7938,7.7888,8.2782,8.5583,0.1919,8.1848
26.499,-0.8679,-0.2095,-0.7938,7.7879,8.2782,8.5583,0.1921,8.1839
26.499,-0.8681,-0.2095,-0.7941,7.7879,8.2774,8.5583,0.1919,8.1839
26.500,-0.8681,-0.2090,-0.7937,7.7879,8.2774,8.5585,0.1919,8.1839
26.600,-0.8681,-0.2090,-0.7937,7.7879,8.2774,8.5585,0.1919,8.1839
26.605,-0.8681,-0.2090,-0.7937,7.7978,8.2873,8.5684,0.1919,8.1938
26.605,-0.8678,-0.2092,-0.7937,7.7969,8.2873,8.5684,0.1922,8.1929
26.605,-0.8680,-0.2092,-0.7940,7.7969,8.2865,8.5684,0.1920,8.1929
26.605,-0.8680,-0.2087,-0.7936,7.7969,8.2865,8.5685,0.1920,8.1929
26.701,-0.8680,-0.2087,-0.7936,7.8069,8.2965,8.5784,0.1920,8.2029
26.701,-0.8678,-0.2089,-0.7936,7.8060,8.2965,8.5784,0.1922,8.2020
26.701,-0.8680,-0.2089,-0.7940,7.8060,8.2957,8.5784,0.1920,8.2020
26.701,-0.8680,-0.2084,-0.7935,7.8060,8.2957,8.5786,0.1920,8.2020
26.797,-0.8680,-0.2084,-0.7935,7.8160,8.3057,8.5885,0.1920,8.2120
26.797,-0.8679,-0.2086,-0.7935,7.8151,8.3057,8.5885,0.1921,8.2111
26.797,-0.8681,-0.2086,-0.7939,7.8151,8.3049,8.5885,0.1919,8.2111
26.797,-0.8681,-0.2082,-0.7934,7.8151,8.3049,8.5886,0.1919,8.2111
26.897,-0.8681,-0.2082,-0.7934,7.8151,8.3049,8.5886,0.1919,8.2111
26.904,-0.8681,-0.2082,-0.7934,7.8251,8.3148,8.5985,0.1919,8.2211
26.904,-0.8679,-0.2083,-0.7934,7.8242,8.3148,8.5985,0.1921,8.2202
26.904,-0.8681,-0.2083,-0.7938,7.8242,8.3140,8.5985,0.1919,8.2202
26.904,-0.8681,-0.2079,-0.7933,7.8242,8.3140,8.5987,0.1919,8.2202
27.000,-0.8681,-0.2079,-0.7933,7.8342,8.3240,8.6086,0.1919,8.2302
27.000,-0.8680,-0.2081,-0.7933,7.8334,8.3240,8.6086,0.1920,8.2294
27.001,-0.8682,-0.2081,-0.7936,7.8334,8.3232,8.6086,0.1918,8.2294
27.001,-0.8682,-0.2077,-0.7932,7.8334,8.3232,8.6087,0.1918,8.2294
27.096,-0.8682,-0.2077,-0.7932,7.8433,8.3331,8.6186,0.1918,8.2393
27.096,-0.8681,-0.2079,-0.7932,7.8425,8.3331,8.6186,0.1919,8.2385
27.097,-0.8683,-0.2079,-0.7935,7.8425,8.3323,8.6186,0.1917,8.2385
27.097,-0.8683,-0.2075,-0.7931,7.8425,8.3323,8.6187,0.1917,8.2385
27.197,-0.8683,-0.2075,-0.7931,7.8425,8.3323,8.6187,0.1917,8.2385
27.202,-0.8683,-0.2075,-0.7931,7.8524,8.3423,8.6287,0.1917,8.2484
27.202,-0.8681,-0.2076,-0.7931,7.8516,8.3423,8.6287,0.1919,8.2476
27.202,-0.8684,-0.2076,-0.7934,7.8516,8.3414,8.6287,0.1916,8.2476
27.202,-0.8684,-0.2072,-0.7930,7.8516,8.3414,8.6288,0.1916,8.2476
27.298,-0.8684,-0.2072,-0.7930,7.8615,8.3514,8.6387,0.1916,8.2575
27.298,-0.8682,-0.2074,-0.7930,7.8607,8.3514,8.6387,0.1918,8.2567
27.298,-0.8684,-0.2074,-0.7933,7.8607,8.3506,8.6387,0.1916,8.2567
27.298,-0.8684,-0.2069,-0.7929,7.8607,8.3506,8.6388,0.1916,8.2567
27.398,-0.8684,-0.2069,-0.7929,7.8607,8.3506,8.6388,0.1916,8.2567
27.406,-0.8684,-0.2069,-0.7929,7.8707,8.3605,8.6487,0.1916,8.2667
27.406,-0.8683,-0.2071,-0.7929,7.8698,8.3605,8.6487,0.1917,8.2658
27.406,-0.8685,-0.2071,-0.7932,7.8698,8.3597,8.6487,0.1915,8.2658
27.407,-0.8685,-0.2067,-0.7928,7.8698,8.3597,8.6489,0.1915,8.2658
27.501,-0.8685,-0.2067,-0.7928,7.8798,8.3697,8.6588,0.1915,8.2758
27.501,-0.8683,-0.2068,-0.7928,7.8789,8.3697,8.6588,0.1917,8.2749
27.501,-0.8685,-0.2068,-0.7931,7.8789,8.3689,8.6588,0.1915,8.2749
27.501,-0.8685,-0.2064,-0.7927,7.8789,8.3689,8.6589,0.1915,8.2749
27.596,-0.8685,-0.2064,-0.7927,7.8889,8.3788,8.6688,0.1915,8.2849
27.596,-0.8683,-0.2065,-0.7927,7.8880,8.3788,8.6688,0.1917,8.2840
27.596,-0.8685,-0.2065,-0.7930,7.8880,8.3780,8.6688,0.1915,8.2840
27.596,-0.8685,-0.2061,-0.7926,7.8880,8.3780,8.6689,0.1915,8.2840
27.697,-0.8685,-0.2061,-0.7926,7.8880,8.3780,8.6689,0.1915,8.2840
27.699,-0.8685,-0.2061,-0.7926,7.8979,8.3880,8.6788,0.1915,8.2939
27.700,-0.8683,-0.2062,-0.7926,7.8970,8.3880,8.6788,0.1917,8.2930
27.700,-0.8685,-0.2062,-0.7929,7.8970,8.3872,8.6788,0.1915,8.2930
27.700,-0.8685,-0.2058,-0.7925,7.8970,8.3872,8.6789,0.1915,8.2930
27.791,-0.8685,-0.2058,-0.7925,7.9070,8.3972,8.6889,0.1915,8.3030
27.791,-0.8682,-0.2059,-0.7925,7.9061,8.3972,8.6889,0.1918,8.3021
27.791,-0.8684,-0.2059,-0.7928,7.9061,8.3964,8.6889,0.1916,8.3021
27.791,-0.8684,-0.2055,-0.7924,7.9061,8.3964,8.6890,0.1916,8.3021
27.892,-0.8684,-0.2055,-0.7924,7.9061,8.3964,8.6890,0.1916,8.3021
27.897,-0.8684,-0.2055,-0.7924,7.9160,8.4064,8.6989,0.1916,8.3120
27.898,-0.8682,-0.2056,-0.7924,7.9151,8.4064,8.6989,0.1918,8.3111
27.898,-0.8684,-0.2056,-0.7927,7.9151,8.4056,8.6989,0.1916,8.3111
27.898,-0.8684,-0.2052,-0.7923,7.9151,8.4056,8.6990,0.1916,8.3111
27.998,-0.8684,-0.2052,-0.7923,7.9151,8.4056,8.6990,0.1916,8.3111
28.004,-0.8684,-0.2052,-0.7923,7.9251,8.4156,8.7089,0.1916,8.3211
28.004,-0.8681,-0.2053,-0.7923,7.9241,8.4156,8.7089,0.1919,8.3201
28.004,-0.8683,-0.2053,-0.7926,7.9241,8.4148,8.7089,0.1917,8.3201
28.005,-0.8683,-0.2049,-0.7922,7.9241,8.4148,8.7090,0.1917,8.3201
28.098,-0.8683,-0.2049,-0.7922,7.9341,8.4247,8.7189,0.1917,8.3301
28.099,-0.8681,-0.2049,-0.7922,7.9332,8.4247,8.7189,0.1919,8.3292
28.099,-0.8683,-0.2049,-0.7925,7.9332,8.4240,8.7189,0.1917,8.3292
28.099,-0.8683,-0.2046,-0.7921,7.9332,8.4240,8.7190,0.1917,8.3292
28.198,-0.8683,-0.2046,-0.7921,7.9431,8.4339,8.7289,0.1917,8.3391
28.199,-0.8681,-0.2046,-0.7921,7.9422,8.4339,8.7289,0.1919,8.3382
28.199,-0.8683,-0.2046,-0.7924,7.9422,8.4331,8.7289,0.1917,8.3382
28.199,-0.8683,-0.2042,-0.7920,7.9422,8.4331,8.7291,0.1917,8.3382
28.299,-0.8683,-0.2042,-0.7920,7.9422,8.4331,8.7291,0.1917,8.3382
28.305,-0.8683,-0.2042,-0.7920,7.9522,8.4431,8.7390,0.1917,8.3482
28.305,-0.8681,-0.2043,-0.7920,7.9513,8.4431,8.7390,0.1919,8.3473
28.305,-0.8683,-0.2043,-0.7923,7.9513,8.4423,8.7390,0.1917,8.3473
28.306,-0.8683,-0.2040,-0.7919,7.9513,8.4423,8.7391,0.1917,8.3473
28.401,-0.8683,-0.2040,-0.7919,7.9613,8.4523,8.7490,0.1917,8.3573
28.401,-0.8681,-0.2041,-0.7919,7.9604,8.4523,8.7490,0.1919,8.3564
28.402,-0.8683,-0.2041,-0.7922,7.9604,8.4515,8.7490,0.1917,8.3564
28.402,-0.8683,-0.2037,-0.7918,7.9604,8.4515,8.7491,0.1917,8.3564
28.496,-0.8683,-0.2037,-0.7918,7.9704,8.4614,8.7590,0.1917,8.3664
28.497,-0.8681,-0.2038,-0.7918,7.9695,8.4614,8.7590,0.1919,8.3655
28.497,-0.8683,-0.2038,-0.7921,7.9695,8.4606,8.7590,0.1917,8.3655
28.497,-0.8683,-0.2034,-0.7917,7.9695,8.4606,8.7591,0.1917,8.3655
28.597,-0.8683,-0.2034,-0.7917,7.9695,8.4606,8.7591,0.1917,8.3655
28.602,-0.8683,-0.2034,-0.7917,7.9795,8.4706,8.7690,0.1917,8.3755
28.603,-0.8682,-0.2036,-0.7917,7.9786,8.4706,8.7690,0.1918,8.3746
28.603,-0.8684,-0.2036,-0.7920,7.9786,8.4698,8.7690,0.1916,8.3746
28.603,-0.8684,-0.2032,-0.7915,7.9786,8.4698,8.7691,0.1916,8.3746
28.698,-0.8684,-0.2032,-0.7915,7.9886,8.4797,8.7790,0.1916,8.3846
28.699,-0.8683,-0.2034,-0.7915,7.9877,8.4797,8.7790,0.1917,8.3837
28.707,-0.8685,-0.2034,-0.7918,7.9877,8.4789,8.7790,0.1915,8.3837
28.708,-0.8685,-0.2030,-0.7914,7.9877,8.4789,8.7791,0.1915,8.3837
28.805,-0.8685,-0.2030,-0.7914,7.9977,8.4889,8.7890,0.1915,8.3937
28.805,-0.8683,-0.2031,-0.7914,7.9968,8.4889,8.7890,0.1917,8.3928
28.805,-0.8686,-0.2031,-0.7917,7.9968,8.4880,8.7890,0.1914,8.3928
28.805,-0.8686,-0.2027,-0.7913,7.9968,8.4880,8.7891,0.1914,8.3928
28.902,-0.8686,-0.2027,-0.7913,8.0068,8.4980,8.7990,0.1914,8.4028
28.902,-0.8684,-0.2029,-0.7913,8.0059,8.4980,8.7990,0.1916,8.4019
28.902,-0.8686,-0.2029,-0.7916,8.0059,8.4972,8.7990,0.1914,8.4019
28.902,-0.8686,-0.2025,-0.7911,8.0059,8.4972,8.7991,0.1914,8.4019
28.998,-0.8686,-0.2025,-0.7911,8.0159,8.5071,8.8091,0.1914,8.4119
28.998,-0.8684,-0.2026,-0.7911,8.0150,8.5071,8.8091,0.1916,8.4110
28.999,-0.8687,-0.2026,-0.7915,8.0150,8.5063,8.8091,0.1913,8.4110
28.999,-0.8687,-0.2022,-0.7910,8.0150,8.5063,8.8091,0.1913,8.4110
29.099,-0.8687,-0.2022,-0.7910,8.0150,8.5063,8.8091,0.1913,8.4110
29.106,-0.8687,-0.2022,-0.7910,8.0250,8.5163,8.8191,0.1913,8.4210
29.106,-0.8685,-0.2023,-0.7910,8.0241,8.5163,8.8191,0.1915,8.4201
29.106,-0.8687,-0.2023,-0.7913,8.0241,8.5155,8.8191,0.1913,8.4201
29.106,-0.8687,-0.2019,-0.7909,8.0241,8.5155,8.8192,0.1913,8.4201
29.199,-0.8687,-0.2019,-0.7909,8.0341,8.5254,8.8291,0.1913,8.4301
29.199,-0.8685,-0.2020,-0.7909,8.0332,8.5254,8.8291,0.1915,8.4292
29.199,-0.8687,-0.2020,-0.7912,8.0332,8.5246,8.8291,0.1913,8.4292
29.199,-0.8687,-0.2016,-0.7908,8.0332,8.5246,8.8292,0.1913,8.4292
29.300,-0.8687,-0.2016,-0.7908,8.0332,8.5246,8.8292,0.1913,8.4292
29.305,-0.8687,-0.2016,-0.7908,8.0432,8.5346,8.8391,0.1913,8.4392
29.305,-0.8685,-0.2017,-0.7908,8.0422,8.5346,8.8391,0.1915,8.4382
29.305,-0.8687,-0.2017,-0.7911,8.0422,8.5338,8.8391,0.1913,8.4382
29.305,-0.8687,-0.2013,-0.7907,8.0422,8.5338,8.8392,0.1913,8.4382
29.401,-0.8687,-0.2013,-0.7907,8.0522,8.5438,8.8491,0.1913,8.4482
29.401,-0.8684,-0.2014,-0.7907,8.0513,8.5438,8.8491,0.1916,8.4473
29.401,-0.8686,-0.2014,-0.7910,8.0513,8.5430,8.8491,0.1914,8.4473
29.402,-0.8686,-0.2010,-0.7906,8.0513,8.5430,8.8492,0.1914,8.4473
29.500,-0.8686,-0.2010,-0.7906,8.0612,8.5530,8.8591,0.1914,8.4572
29.500,-0.8684,-0.2011,-0.7906,8.0603,8.5530,8.8591,0.1916,8.4563
29.501,-0.8686,-0.2011,-0.7909,8.0603,8.5522,8.8591,0.1914,8.4563
29.501,-0.8686,-0.2007,-0.7905,8.0603,8.5522,8.8592,0.1914,8.4563
29.599,-0.8686,-0.2007,-0.7905,8.0703,8.5622,8.8691,0.1914,8.4663
29.599,-0.8683,-0.2008,-0.7905,8.0693,8.5622,8.8691,0.1917,8.4653
29.599,-0.8685,-0.2008,-0.7908,8.0693,8.5614,8.8691,0.1915,8.4653
29.599,-0.8685,-0.2004,-0.7904,8.0693,8.5614,8.8692,0.1915,8.4653
29.700,-0.8685,-0.2004,-0.7904,8.0693,8.5614,8.8692,0.1915,8.4653
29.706,-0.8685,-0.2004,-0.7904,8.0793,8.5713,8.8791,0.1915,8.4753
29.706,-0.8683,-0.2005,-0.7904,8.0784,8.5713,8.8791,0.1917,8.4744
29.706,-0.8685,-0.2005,-0.7907,8.0784,8.5706,8.8791,0.1915,8.4744
29.706,-0.8685,-0.2001,-0.7902,8.0784,8.5706,8.8792,0.1915,8.4744
29.803,-0.8685,-0.2001,-0.7902,8.0883,8.5805,8.8891,0.1915,8.4843
29.803,-0.8683,-0.2001,-0.7902,8.0874,8.5805,8.8891,0.1917,8.4834
29.803,-0.8685,-0.2001,-0.7906,8.0874,8.5797,8.8891,0.1915,8.4834
29.803,-0.8685,-0.1998,-0.7901,8.0874,8.5797,8.8892,0.1915,8.4834
29.899,-0.8685,-0.1998,-0.7901,8.0974,8.5897,8.8991,0.1915,8.4934
29.899,-0.8682,-0.1998,-0.7901,8.0965,8.5897,8.8991,0.1918,8.4925
29.899,-0.8684,-0.1998,-0.7905,8.0965,8.5889,8.8991,0.1916,8.4925
29.899,-0.8684,-0.1995,-0.7900,8.0965,8.5889,8.8992,0.1916,8.4925
30.000,-0.8684,-0.1995,-0.7900,8.0965,8.5889,8.8992,0.1916,8.4925
30.003,-0.8684,-0.1995,-0.7900,8.1065,8.5989,8.9091,0.1916,8.5025
30.003,-0.8682,-0.1996,-0.7900,8.1056,8.5989,8.9091,0.1918,8.5016
30.003,-0.8684,-0.1996,-0.7903,8.1056,8.5981,8.9091,0.1916,8.5016
30.004,-0.8684,-0.1992,-0.7899,8.1056,8.5981,8.9092,0.1916,8.5016
30.099,-0.8684,-0.1992,-0.7899,8.1156,8.6080,8.9191,0.1916,8.5116
30.100,-0.8683,-0.1993,-0.7899,8.1147,8.6080,8.9191,0.1917,8.5107
30.100,-0.8685,-0.1993,-0.7902,8.1147,8.6072,8.9191,0.1915,8.5107
30.100,-0.8685,-0.1989,-0.7898,8.1147,8.6072,8.9192,0.1915,8.5107
30.200,-0.8685,-0.1989,-0.7898,8.1147,8.6072,8.9192,0.1915,8.5107
30.205,-0.8685,-0.1989,-0.7898,8.1247,8.6172,8.9291,0.1915,8.5207
30.206,-0.8683,-0.1991,-0.7898,8.1238,8.6172,8.9291,0.1917,8.5198
30.206,-0.8686,-0.1991,-0.7901,8.1238,8.6164,8.9291,0.1914,8.5198
30.206,-0.8686,-0.1987,-0.7896,8.1238,8.6164,8.9292,0.1914,8.5198
30.302,-0.8686,-0.1987,-0.7896,8.1338,8.6263,8.9392,0.1914,8.5298
30.302,-0.8684,-0.1988,-0.7896,8.1329,8.6263,8.9392,0.1916,8.5289
30.303,-0.8686,-0.1988,-0.7899,8.1329,8.6255,8.9392,0.1914,8.5289
30.303,-0.8686,-0.1984,-0.7895,8.1329,8.6255,8.9393,0.1914,8.5289
30.398,-0.8686,-0.1984,-0.7895,8.1429,8.6355,8.9492,0.1914,8.5389
30.398,-0.8685,-0.1986,-0.7895,8.1420,8.6355,8.9492,0.1915,8.5380
30.398,-0.8687,-0.1986,-0.7898,8.1420,8.6347,8.9492,0.1913,8.5380
30.399,-0.8687,-0.1982,-0.7893,8.1420,8.6347,8.9493,0.1913,8.5380
30.499,-0.8687,-0.1982,-0.7893,8.1420,8.6347,8.9493,0.1913,8.5380
30.509,-0.8687,-0.1982,-0.7893,8.1520,8.6446,8.9592,0.1913,8.5480
30.509,-0.8685,-0.1983,-0.7893,8.1511,8.6446,8.9592,0.1915,8.5471
30.510,-0.8688,-0.1983,-0.7896,8.1511,8.6438,8.9592,0.1912,8.5471
30.510,-0.8688,-0.1979,-0.7892,8.1511,8.6438,8.9593,0.1912,8.5471
30.606,-0.8688,-0.1979,-0.7892,8.1611,8.6538,8.9692,0.1912,8.5571
30.607,-0.8686,-0.1980,-0.7892,8.1602,8.6538,8.9692,0.1914,8.5562
30.607,-0.8688,-0.1980,-0.7895,8.1602,8.6530,8.9692,0.1912,8.5562
30.607,-0.8688,-0.1976,-0.7891,8.1602,8.6530,8.9693,0.1912,8.5562
30.702,-0.8688,-0.1976,-0.7891,8.1702,8.6629,8.9792,0.1912,8.5662
30.703,-0.8686,-0.1977,-0.7891,8.1693,8.6629,8.9792,0.1914,8.5653
30.703,-0.8688,-0.1977,-0.7894,8.1693,8.6621,8.9792,0.1912,8.5653
30.703,-0.8688,-0.1973,-0.7889,8.1693,8.6621,8.9793,0.1912,8.5653
30.800,-0.8688,-0.1973,-0.7889,8.1793,8.6721,8.9892,0.1912,8.5753
30.800,-0.8686,-0.1974,-0.7889,8.1784,8.6721,8.9892,0.1914,8.5744
30.801,-0.8688,-0.1974,-0.7892,8.1784,8.6713,8.9892,0.1912,8.5744
30.801,-0.8688,-0.1970,-0.7888,8.1784,8.6713,8.9893,0.1912,8.5744
30.890,-0.8688,-0.1970,-0.7888,8.1884,8.6812,8.9992,0.1912,8.5844
30.890,-0.8686,-0.1971,-0.7888,8.1875,8.6812,8.9992,0.1914,8.5835
30.890,-0.8688,-0.1971,-0.7891,8.1875,8.6805,8.9992,0.1912,8.5835
30.890,-0.8688,-0.1967,-0.7887,8.1875,8.6805,8.9993,0.1912,8.5835
30.990,-0.8688,-0.1967,-0.7887,8.1875,8.6805,8.9993,0.1912,8.5835
31.018,-0.8688,-0.1967,-0.7887,8.1974,8.6904,9.0093,0.1912,8.5934
31.018,-0.8686,-0.1968,-0.7887,8.1965,8.6904,9.0093,0.1914,8.5925
31.018,-0.8688,-0.1968,-0.7890,8.1965,8.6896,9.0093,0.1912,8.5925
31.018,-0.8688,-0.1964,-0.7885,8.1965,8.6896,9.0094,0.1912,8.5925
31.104,-0.8688,-0.1964,-0.7885,8.2065,8.6996,9.0193,0.1912,8.6025
31.104,-0.8685,-0.1965,-0.7885,8.2055,8.6996,9.0193,0.1915,8.6015
31.104,-0.8687,-0.1965,-0.7888,8.2055,8.6988,9.0193,0.1913,8.6015
31.104,-0.8687,-0.1961,-0.7884,8.2055,8.6988,9.0194,0.1913,8.6015
31.201,-0.8687,-0.1961,-0.7884,8.2155,8.7088,9.0293,0.1913,8.6115
31.201,-0.8685,-0.1961,-0.7884,8.2146,8.7088,9.0293,0.1915,8.6106
31.201,-0.8687,-0.1961,-0.7887,8.2146,8.7080,9.0293,0.1913,8.6106
31.201,-0.8687,-0.1957,-0.7883,8.2146,8.7080,9.0294,0.1913,8.6106
31.297,-0.8687,-0.1957,-0.7883,8.2245,8.7180,9.0393,0.1913,8.6205
31.297,-0.8685,-0.1958,-0.7883,8.2236,8.7180,9.0393,0.1915,8.6196
31.297,-0.8687,-0.1958,-0.7886,8.2236,8.7172,9.0393,0.1913,8.6196
31.297,-0.8687,-0.1954,-0.7881,8.2236,8.7172,9.0394,0.1913,8.6196
31.397,-0.8687,-0.1954,-0.7881,8.2236,8.7172,9.0394,0.1913,8.6196
31.408,-0.8687,-0.1954,-0.7881,8.2336,8.7272,9.0493,0.1913,8.6296
31.408,-0.8684,-0.1955,-0.7881,8.2327,8.7272,9.0493,0.1916,8.6287
31.408,-0.8686,-0.1955,-0.7884,8.2327,8.7264,9.0493,0.1914,8.6287
31.408,-0.8686,-0.1951,-0.7880,8.2327,8.7264,9.0495,0.1914,8.6287
31.504,-0.8686,-0.1951,-0.7880,8.2426,8.7363,9.0594,0.1914,8.6386
31.504,-0.8684,-0.1951,-0.7880,8.2418,8.7363,9.0594,0.1916,8.6378
31.504,-0.8686,-0.1951,-0.7883,8.2418,8.7356,9.0594,0.1914,8.6378
31.504,-0.8686,-0.1947,-0.7879,8.2418,8.7356,9.0595,0.1914,8.6378
31.591,-0.8686,-0.1947,-0.7879,8.2517,8.7455,9.0694,0.1914,8.6477
31.591,-0.8684,-0.1948,-0.7879,8.2508,8.7455,9.0694,0.1916,8.6468
31.591,-0.8686,-0.1948,-0.7882,8.2508,8.7447,9.0694,0.1914,8.6468
31.591,-0.8686,-0.1944,-0.7877,8.2508,8.7447,9.0695,0.1914,8.6468
31.692,-0.8686,-0.1944,-0.7877,8.2508,8.7447,9.0695,0.1914,8.6468
31.698,-0.8686,-0.1944,-0.7877,8.2608,8.7547,9.0794,0.1914,8.6568
31.698,-0.8684,-0.1945,-0.7877,8.2599,8.7547,9.0794,0.1916,8.6559
31.698,-0.8686,-0.1945,-0.7880,8.2599,8.7539,9.0794,0.1914,8.6559
31.698,-0.8686,-0.1941,-0.7876,8.2599,8.7539,9.0795,0.1914,8.6559
31.799,-0.8686,-0.1941,-0.7876,8.2599,8.7539,9.0795,0.1914,8.6559
31.802,-0.8686,-0.1941,-0.7876,8.2699,8.7638,9.0895,0.1914,8.6659
31.802,-0.8685,-0.1943,-0.7876,8.2691,8.7638,9.0895,0.1915,8.6651
31.802,-0.8687,-0.1943,-0.7878,8.2691,8.7630,9.0895,0.1913,8.6651
31.802,-0.8687,-0.1939,-0.7874,8.2691,8.7630,9.0896,0.1913,8.6651
31.902,-0.8687,-0.1939,-0.7874,8.2790,8.7730,9.0995,0.1913,8.6750
31.902,-0.8686,-0.1940,-0.7874,8.2782,8.7730,9.0995,0.1914,8.6742
31.903,-0.8688,-0.1940,-0.7877,8.2782,8.7722,9.0995,0.1912,8.6742
31.903,-0.8688,-0.1936,-0.7872,8.2782,8.7722,9.0996,0.1912,8.6742
31.903,-0.8688,-0.1936,-0.7872,8.2782,8.7722,9.0996,0.1912,8.6742
31.997,-0.8688,-0.1936,-0.7872,8.2881,8.7821,9.1095,0.1912,8.6841
31.997,-0.8687,-0.1937,-0.7872,8.2873,8.7821,9.1095,0.1913,8.6833
31.997,-0.8689,-0.1937,-0.7875,8.2873,8.7813,9.1095,0.1911,8.6833
31.997,-0.8689,-0.1933,-0.7871,8.2873,8.7813,9.1096,0.1911,8.6833
32.098,-0.8689,-0.1933,-0.7871,8.2873,8.7813,9.1096,0.1911,8.6833
32.103,-0.8689,-0.1933,-0.7871,8.2973,8.7913,9.1196,0.1911,8.6933
32.103,-0.8687,-0.1935,-0.7871,8.2964,8.7913,9.1196,0.1913,8.6924
32.103,-0.8690,-0.1935,-0.7873,8.2964,8.7905,9.1196,0.1910,8.6924
32.103,-0.8690,-0.1931,-0.7869,8.2964,8.7905,9.1197,0.1910,8.6924
32.197,-0.8690,-0.1931,-0.7869,8.3064,8.8004,9.1296,0.1910,8.7024
32.198,-0.8688,-0.1932,-0.7869,8.3055,8.8004,9.1296,0.1912,8.7015
32.198,-0.8690,-0.1932,-0.7872,8.3055,8.7996,9.1296,0.1910,8.7015
32.198,-0.8690,-0.1928,-0.7867,8.3055,8.7996,9.1297,0.1910,8.7015
32.298,-0.8690,-0.1928,-0.7867,8.3055,8.7996,9.1297,0.1910,8.7015
32.305,-0.8690,-0.1928,-0.7867,8.3155,8.8096,9.1396,0.1910,8.7115
32.305,-0.8688,-0.1929,-0.7867,8.3146,8.8096,9.1396,0.1912,8.7106
32.306,-0.8690,-0.1929,-0.7870,8.3146,8.8088,9.1396,0.1910,8.7106
32.306,-0.8690,-0.1925,-0.7866,8.3146,8.8088,9.1398,0.1910,8.7106
32.400,-0.8690,-0.1925,-0.7866,8.3246,8.8187,9.1497,0.1910,8.7206
32.400,-0.8688,-0.1925,-0.7866,8.3237,8.8187,9.1497,0.1912,8.7197
32.400,-0.8690,-0.1925,-0.7869,8.3237,8.8179,9.1497,0.1910,8.7197
32.400,-0.8690,-0.1921,-0.7864,8.3237,8.8179,9.1498,0.1910,8.7197
32.500,-0.8690,-0.1921,-0.7864,8.3237,8.8179,9.1498,0.1910,8.7197
32.511,-0.8690,-0.1921,-0.7864,8.3337,8.8279,9.1597,0.1910,8.7297
32.511,-0.8688,-0.1922,-0.7864,8.3328,8.8279,9.1597,0.1912,8.7288
32.511,-0.8690,-0.1922,-0.7867,8.3328,8.8271,9.1597,0.1910,8.7288
32.511,-0.8690,-0.1918,-0.7863,8.3328,8.8271,9.1599,0.1910,8.7288
32.590,-0.8690,-0.1918,-0.7863,8.3428,8.8371,9.1698,0.1910,8.7388
32.590,-0.8688,-0.1919,-0.7863,8.3419,8.8371,9.1698,0.1912,8.7379
32.590,-0.8690,-0.1919,-0.7865,8.3419,8.8363,9.1698,0.1910,8.7379
32.590,-0.8690,-0.1914,-0.7861,8.3419,8.8363,9.1699,0.1910,8.7379
32.691,-0.8690,-0.1914,-0.7861,8.3419,8.8363,9.1699,0.1910,8.7379
32.713,-0.8690,-0.1914,-0.7861,8.3518,8.8463,9.1798,0.1910,8.7478
32.713,-0.8687,-0.1915,-0.7861,8.3509,8.8463,9.1798,0.1913,8.7469
32.713,-0.8689,-0.1915,-0.7864,8.3509,8.8455,9.1798,0.1911,8.7469
32.713,-0.8689,-0.1911,-0.7859,8.3509,8.8455,9.1800,0.1911,8.7469
32.798,-0.8689,-0.1911,-0.7859,8.3609,8.8555,9.1899,0.1911,8.7569
32.798,-0.8687,-0.1911,-0.7859,8.3600,8.8555,9.1899,0.1913,8.7560
32.798,-0.8689,-0.1911,-0.7862,8.3600,8.8547,9.1899,0.1911,8.7560
32.798,-0.8689,-0.1907,-0.7858,8.3600,8.8547,9.1900,0.1911,8.7560
32.899,-0.8689,-0.1907,-0.7858,8.3600,8.8547,9.1900,0.1911,8.7560
32.904,-0.8689,-0.1907,-0.7858,8.3699,8.8647,9.1999,0.1911,8.7659
32.904,-0.8687,-0.1908,-0.7858,8.3690,8.8647,9.1999,0.1913,8.7650
32.904,-0.8689,-0.1908,-0.7861,8.3690,8.8639,9.1999,0.1911,8.7650
32.905,-0.8689,-0.1904,-0.7856,8.3690,8.8639,9.2001,0.1911,8.7650
33.000,-0.8689,-0.1904,-0.7856,8.3790,8.8738,9.2100,0.1911,8.7750
33.000,-0.8686,-0.1904,-0.7856,8.3781,8.8738,9.2100,0.1914,8.7741
33.000,-0.8688,-0.1904,-0.7859,8.3781,8.8731,9.2100,0.1912,8.7741
33.000,-0.8688,-0.1900,-0.7855,8.3781,8.8731,9.2101,0.1912,8.7741
33.090,-0.8688,-0.1900,-0.7855,8.3880,8.8830,9.2200,0.1912,8.7840
33.090,-0.8686,-0.1901,-0.7855,8.3872,8.8830,9.2200,0.1914,8.7832
33.090,-0.8688,-0.1901,-0.7857,8.3872,8.8823,9.2200,0.1912,8.7832
33.091,-0.8688,-0.1897,-0.7853,8.3872,8.8823,9.2202,0.1912,8.7832
33.190,-0.8688,-0.1897,-0.7853,8.3971,8.8922,9.2301,0.1912,8.7931
33.190,-0.8686,-0.1898,-0.7853,8.3963,8.8922,9.2301,0.1914,8.7923
33.190,-0.8688,-0.1898,-0.7856,8.3963,8.8914,9.2301,0.1912,8.7923
33.190,-0.8688,-0.1893,-0.7851,8.3963,8.8914,9.2302,0.1912,8.7923
33.289,-0.8688,-0.1893,-0.7851,8.4062,8.9014,9.2401,0.1912,8.8022
33.289,-0.8686,-0.1894,-0.7851,8.4054,8.9014,9.2401,0.1914,8.8014
33.289,-0.8688,-0.1894,-0.7854,8.4054,8.9006,9.2401,0.1912,8.8014
33.289,-0.8688,-0.1890,-0.7850,8.4054,8.9006,9.2403,0.1912,8.8014
33.390,-0.8688,-0.1890,-0.7850,8.4054,8.9006,9.2403,0.1912,8.8014
33.405,-0.8688,-0.1890,-0.7850,8.4153,8.9106,9.2502,0.1912,8.8113
33.405,-0.8687,-0.1892,-0.7850,8.4145,8.9106,9.2502,0.1913,8.8105
33.405,-0.8689,-0.1892,-0.7852,8.4145,8.9098,9.2502,0.1911,8.8105
33.405,-0.8689,-0.1888,-0.7848,8.4145,8.9098,9.2504,0.1911,8.8105
33.501,-0.8689,-0.1888,-0.7848,8.4245,8.9197,9.2603,0.1911,8.8205
33.501,-0.8688,-0.1889,-0.7848,8.4237,8.9197,9.2603,0.1912,8.8197
33.501,-0.8690,-0.1889,-0.7850,8.4237,8.9189,9.2603,0.1910,8.8197
33.501,-0.8690,-0.1885,-0.7846,8.4237,8.9189,9.2604,0.1910,8.8197
33.598,-0.8690,-0.1885,-0.7846,8.4336,8.9289,9.2703,0.1910,8.8296
33.598,-0.8689,-0.1886,-0.7846,8.4328,8.9289,9.2703,0.1911,8.8288
33.598,-0.8691,-0.1886,-0.7848,8.4328,8.9280,9.2703,0.1909,8.8288
33.598,-0.8691,-0.1882,-0.7844,8.4328,8.9280,9.2705,0.1909,8.8288
33.699,-0.8691,-0.1882,-0.7844,8.4328,8.9280,9.2705,0.1909,8.8288
33.705,-0.8691,-0.1882,-0.7844,8.4427,8.9380,9.2804,0.1909,8.8387
33.705,-0.8689,-0.1883,-0.7844,8.4419,8.9380,9.2804,0.1911,8.8379
33.705,-0.8692,-0.1883,-0.7846,8.4419,8.9372,9.2804,0.1908,8.8379
33.705,-0.8692,-0.1879,-0.7842,8.4419,8.9372,9.2806,0.1908,8.8379
33.805,-0.8692,-0.1879,-0.7842,8.4419,8.9372,9.2806,0.1908,8.8379
33.807,-0.8692,-0.1879,-0.7842,8.4519,8.9472,9.2905,0.1908,8.8479
33.807,-0.8690,-0.1880,-0.7842,8.4511,8.9472,9.2905,0.1910,8.8471
33.807,-0.8692,-0.1880,-0.7844,8.4511,8.9464,9.2905,0.1908,8.8471
33.807,-0.8692,-0.1876,-0.7840,8.4511,8.9464,9.2906,0.1908,8.8471
33.903,-0.8692,-0.1876,-0.7840,8.4610,8.9563,9.3005,0.1908,8.8570
33.903,-0.8690,-0.1876,-0.7840,8.4602,8.9563,9.3005,0.1910,8.8562
33.903,-0.8693,-0.1876,-0.7843,8.4602,8.9555,9.3005,0.1907,8.8562
33.903,-0.8693,-0.1872,-0.7838,8.4602,8.9555,9.3007,0.1907,8.8562
33.992,-0.8693,-0.1872,-0.7838,8.4701,8.9655,9.3106,0.1907,8.8661
33.992,-0.8691,-0.1873,-0.7838,8.4693,8.9655,9.3106,0.1909,8.8653
33.992,-0.8693,-0.1873,-0.7841,8.4693,8.9647,9.3106,0.1907,8.8653
33.992,-0.8693,-0.1869,-0.7836,8.4693,8.9647,9.3108,0.1907,8.8653
34.089,-0.8693,-0.1869,-0.7836,8.4793,8.9747,9.3207,0.1907,8.8753
34.089,-0.8691,-0.1869,-0.7836,8.4784,8.9747,9.3207,0.1909,8.8744
34.089,-0.8693,-0.1869,-0.7839,8.4784,8.9739,9.3207,0.1907,8.8744
34.090,-0.8693,-0.1865,-0.7835,8.4784,8.9739,9.3208,0.1907,8.8744
34.190,-0.8693,-0.1865,-0.7835,8.4784,8.9739,9.3208,0.1907,8.8744
34.205,-0.8693,-0.1865,-0.7835,8.4883,8.9838,9.3307,0.1907,8.8843
34.206,-0.8690,-0.1866,-0.7835,8.4874,8.9838,9.3307,0.1910,8.8834
34.206,-0.8692,-0.1866,-0.7837,8.4874,8.9831,9.3307,0.1908,8.8834
34.206,-0.8692,-0.1862,-0.7833,8.4874,8.9831,9.3309,0.1908,8.8834
34.301,-0.8692,-0.1862,-0.7833,8.4974,8.9930,9.3408,0.1908,8.8934
34.302,-0.8690,-0.1862,-0.7833,8.4965,8.9930,9.3408,0.1910,8.8925
34.302,-0.8692,-0.1862,-0.7835,8.4965,8.9923,9.3408,0.1908,8.8925
34.302,-0.8692,-0.1858,-0.7831,8.4965,8.9923,9.3410,0.1908,8.8925
34.396,-0.8692,-0.1858,-0.7831,8.5065,9.0022,9.3509,0.1908,8.9025
34.396,-0.8690,-0.1858,-0.7831,8.5056,9.0022,9.3509,0.1910,8.9016
34.396,-0.8691,-0.1858,-0.7834,8.5056,9.0015,9.3509,0.1909,8.9016
34.396,-0.8691,-0.1854,-0.7829,8.5056,9.0015,9.3510,0.1909,8.9016
34.496,-0.8691,-0.1854,-0.7829,8.5056,9.0015,9.3510,0.1909,8.9016
34.502,-0.8691,-0.1854,-0.7829,8.5155,9.0114,9.3610,0.1909,8.9115
34.502,-0.8689,-0.1855,-0.7829,8.5146,9.0114,9.3610,0.1911,8.9106
34.502,-0.8691,-0.1855,-0.7832,8.5146,9.0107,9.3610,0.1909,8.9106
34.503,-0.8691,-0.1850,-0.7827,8.5146,9.0107,9.3611,0.1909,8.9106
34.603,-0.8691,-0.1850,-0.7827,8.5146,9.0107,9.3611,0.1909,8.9106
34.604,-0.8691,-0.1850,-0.7827,8.5246,9.0206,9.3710,0.1909,8.9206
34.605,-0.8689,-0.1851,-0.7827,8.5237,9.0206,9.3710,0.1911,8.9197
34.605,-0.8691,-0.1851,-0.7830,8.5237,9.0199,9.3710,0.1909,8.9197
34.605,-0.8691,-0.1847,-0.7825,8.5237,9.0199,9.3712,0.1909,8.9197
34.700,-0.8691,-0.1847,-0.7825,8.5337,9.0298,9.3811,0.1909,8.9297
34.700,-0.8689,-0.1847,-0.7825,8.5328,9.0298,9.3811,0.1911,8.9288
34.700,-0.8691,-0.1847,-0.7828,8.5328,9.0290,9.3811,0.1909,8.9288
34.700,-0.8691,-0.1843,-0.7824,8.5328,9.0290,9.3812,0.1909,8.9288
34.793,-0.8691,-0.1843,-0.7824,8.5428,9.0390,9.3912,0.1909,8.9388
34.793,-0.8689,-0.1844,-0.7824,8.5419,9.0390,9.3912,0.1911,8.9379
34.793,-0.8691,-0.1844,-0.7826,8.5419,9.0382,9.3912,0.1909,8.9379
34.793,-0.8691,-0.1840,-0.7822,8.5419,9.0382,9.3913,0.1909,8.9379
34.893,-0.8691,-0.1840,-0.7822,8.5419,9.0382,9.3913,0.1909,8.9379
34.898,-0.8691,-0.1840,-0.7822,8.5519,9.0482,9.4012,0.1909,8.9479
34.898,-0.8689,-0.1841,-0.7822,8.5511,9.0482,9.4012,0.1911,8.9471
34.899,-0.8691,-0.1841,-0.7824,8.5511,9.0474,9.4012,0.1909,8.9471
34.899,-0.8691,-0.1836,-0.7820,8.5511,9.0474,9.4014,0.1909,8.9471
34.999,-0.8691,-0.1836,-0.7820,8.5511,9.0474,9.4014,0.1909,8.9471
35.007,-0.8691,-0.1836,-0.7820,8.5610,9.0574,9.4113,0.1909,8.9570
35.007,-0.8690,-0.1838,-0.7820,8.5602,9.0574,9.4113,0.1910,8.9562
35.008,-0.8692,-0.1838,-0.7822,8.5602,9.0566,9.4113,0.1908,8.9562
35.008,-0.8692,-0.1833,-0.7818,8.5602,9.0566,9.4115,0.1908,8.9562
35.095,-0.8692,-0.1833,-0.7818,8.5702,9.0665,9.4214,0.1908,8.9662
35.095,-0.8691,-0.1835,-0.7818,8.5693,9.0665,9.4214,0.1909,8.9653
35.095,-0.8693,-0.1835,-0.7820,8.5693,9.0657,9.4214,0.1907,8.9653
35.095,-0.8693,-0.1831,-0.7816,8.5693,9.0657,9.4215,0.1907,8.9653
35.196,-0.8693,-0.1831,-0.7816,8.5693,9.0657,9.4215,0.1907,8.9653
35.200,-0.8693,-0.1831,-0.7816,8.5793,9.0757,9.4314,0.1907,8.9753
35.201,-0.8691,-0.1832,-0.7816,8.5785,9.0757,9.4314,0.1909,8.9745
35.201,-0.8694,-0.1832,-0.7818,8.5785,9.0749,9.4314,0.1906,8.9745
35.201,-0.8694,-0.1827,-0.7813,8.5785,9.0749,9.4316,0.1906,8.9745
35.290,-0.8694,-0.1827,-0.7813,8.5884,9.0848,9.4415,0.1906,8.9844
35.290,-0.8692,-0.1828,-0.7813,8.5876,9.0848,9.4415,0.1908,8.9836
35.291,-0.8694,-0.1828,-0.7816,8.5876,9.0840,9.4415,0.1906,8.9836
35.291,-0.8694,-0.1824,-0.7811,8.5876,9.0840,9.4417,0.1906,8.9836
35.391,-0.8694,-0.1824,-0.7811,8.5976,9.0940,9.4516,0.1906,8.9936
35.391,-0.8693,-0.1825,-0.7811,8.5968,9.0940,9.4516,0.1907,8.9928
35.391,-0.8695,-0.1825,-0.7814,8.5968,9.0932,9.4516,0.1905,8.9928
35.391,-0.8695,-0.1821,-0.7809,8.5968,9.0932,9.4517,0.1905,8.9928
35.491,-0.8695,-0.1821,-0.7809,8.5968,9.0932,9.4517,0.1905,8.9928
35.497,-0.8695,-0.1821,-0.7809,8.6067,9.1031,9.4617,0.1905,9.0027
35.497,-0.8693,-0.1822,-0.7809,8.6059,9.1031,9.4617,0.1907,9.0019
35.498,-0.8695,-0.1822,-0.7812,8.6059,9.1023,9.4617,0.1905,9.0019
35.498,-0.8695,-0.1818,-0.7807,8.6059,9.1023,9.4618,0.1905,9.0019
35.598,-0.8695,-0.1818,-0.7807,8.6059,9.1023,9.4618,0.1905,9.0019
35.603,-0.8695,-0.1818,-0.7807,8.6159,9.1123,9.4717,0.1905,9.0119
35.604,-0.8693,-0.1818,-0.7807,8.6150,9.1123,9.4717,0.1907,9.0110
35.604,-0.8695,-0.1818,-0.7810,8.6150,9.1115,9.4717,0.1905,9.0110
35.604,-0.8695,-0.1814,-0.7805,8.6150,9.1115,9.4719,0.1905,9.0110
35.699,-0.8695,-0.1814,-0.7805,8.6250,9.1215,9.4818,0.1905,9.0210
35.700,-0.8693,-0.1815,-0.7805,8.6241,9.1215,9.4818,0.1907,9.0201
35.700,-0.8695,-0.1815,-0.7808,8.6241,9.1207,9.4818,0.1905,9.0201
35.700,-0.8695,-0.1811,-0.7803,8.6241,9.1207,9.4819,0.1905,9.0201
35.800,-0.8695,-0.1811,-0.7803,8.6241,9.1207,9.4819,0.1905,9.0201
35.803,-0.8695,-0.1811,-0.7803,8.6341,9.1307,9.4919,0.1905,9.0301
35.804,-0.8693,-0.1811,-0.7803,8.6332,9.1307,9.4919,0.1907,9.0292
35.804,-0.8695,-0.1811,-0.7806,8.6332,9.1299,9.4919,0.1905,9.0292
35.804,-0.8695,-0.1807,-0.7801,8.6332,9.1299,9.4920,0.1905,9.0292
35.899,-0.8695,-0.1807,-0.7801,8.6432,9.1399,9.5019,0.1905,9.0392
35.900,-0.8693,-0.1807,-0.7801,8.6423,9.1399,9.5019,0.1907,9.0383
35.900,-0.8695,-0.1807,-0.7804,8.6423,9.1391,9.5019,0.1905,9.0383
35.900,-0.8695,-0.1803,-0.7799,8.6423,9.1391,9.5021,0.1905,9.0383
36.000,-0.8695,-0.1803,-0.7799,8.6423,9.1391,9.5021,0.1905,9.0383
36.011,-0.8695,-0.1803,-0.7799,8.6522,9.1491,9.5120,0.1905,9.0482
36.011,-0.8692,-0.1803,-0.7799,8.6513,9.1491,9.5120,0.1908,9.0473
36.011,-0.8694,-0.1803,-0.7802,8.6513,9.1483,9.5120,0.1906,9.0473
36.012,-0.8694,-0.1799,-0.7797,8.6513,9.1483,9.5121,0.1906,9.0473
36.096,-0.8694,-0.1799,-0.7797,8.6613,9.1583,9.5221,0.1906,9.0573
36.096,-0.8692,-0.1800,-0.7797,8.6604,9.1583,9.5221,0.1908,9.0564
36.097,-0.8694,-0.1800,-0.7800,8.6604,9.1575,9.5221,0.1906,9.0564
36.097,-0.8694,-0.1795,-0.7795,8.6604,9.1575,9.5222,0.1906,9.0564
36.197,-0.8694,-0.1795,-0.7795,8.6604,9.1575,9.5222,0.1906,9.0564
36.199,-0.8694,-0.1795,-0.7795,8.6704,9.1675,9.5321,0.1906,9.0664
36.199,-0.8692,-0.1796,-0.7795,8.6695,9.1675,9.5321,0.1908,9.0655
36.199,-0.8694,-0.1796,-0.7798,8.6695,9.1667,9.5321,0.1906,9.0655
36.199,-0.8694,-0.1792,-0.7793,8.6695,9.1667,9.5323,0.1906,9.0655
36.299,-0.8694,-0.1792,-0.7793,8.6695,9.1667,9.5323,0.1906,9.0655
36.306,-0.8694,-0.1792,-0.7793,8.6795,9.1767,9.5422,0.1906,9.0755
36.306,-0.8692,-0.1792,-0.7793,8.6786,9.1767,9.5422,0.1908,9.0746
36.306,-0.8694,-0.1792,-0.7796,8.6786,9.1759,9.5422,0.1906,9.0746
36.307,-0.8694,-0.1788,-0.7791,8.6786,9.1759,9.5423,0.1906,9.0746
36.403,-0.8694,-0.1788,-0.7791,8.6886,9.1859,9.5523,0.1906,9.0846
36.403,-0.8692,-0.1789,-0.7791,8.6877,9.1859,9.5523,0.1908,9.0837
36.403,-0.8694,-0.1789,-0.7794,8.6877,9.1851,9.5523,0.1906,9.0837
36.403,-0.8694,-0.1785,-0.7789,8.6877,9.1851,9.5524,0.1906,9.0837
36.503,-0.8694,-0.1785,-0.7789,8.6877,9.1851,9.5524,0.1906,9.0837
36.503,-0.8694,-0.1785,-0.7789,8.6977,9.1951,9.5623,0.1906,9.0937
36.504,-0.8692,-0.1785,-0.7789,8.6969,9.1951,9.5623,0.1908,9.0929
36.504,-0.8694,-0.1785,-0.7792,8.6969,9.1943,9.5623,0.1906,9.0929
36.504,-0.8694,-0.1781,-0.7787,8.6969,9.1943,9.5625,0.1906,9.0929
36.604,-0.8694,-0.1781,-0.7787,8.6969,9.1943,9.5625,0.1906,9.0929
36.604,-0.8694,-0.1781,-0.7787,8.7068,9.2042,9.5724,0.1906,9.1028
36.604,-0.8692,-0.1782,-0.7787,8.7060,9.2042,9.5724,0.1908,9.1020
36.605,-0.8695,-0.1782,-0.7789,8.7060,9.2034,9.5724,0.1905,9.1020
36.605,-0.8695,-0.1778,-0.7785,8.7060,9.2034,9.5725,0.1905,9.1020
36.701,-0.8695,-0.1778,-0.7785,8.7160,9.2134,9.5824,0.1905,9.1120
36.701,-0.8693,-0.1779,-0.7785,8.7152,9.2134,9.5824,0.1907,9.1112
36.701,-0.8696,-0.1779,-0.7787,8.7152,9.2126,9.5824,0.1904,9.1112
36.701,-0.8696,-0.1775,-0.7783,8.7152,9.2126,9.5826,0.1904,9.1112
36.795,-0.8696,-0.1775,-0.7783,8.7251,9.2226,9.5925,0.1904,9.1211
36.796,-0.8694,-0.1776,-0.7783,8.7243,9.2226,9.5925,0.1906,9.1203
36.796,-0.8696,-0.1776,-0.7785,8.7243,9.2218,9.5925,0.1904,9.1203
36.796,-0.8696,-0.1772,-0.7780,8.7243,9.2218,9.5926,0.1904,9.1203
36.896,-0.8696,-0.1772,-0.7780,8.7243,9.2218,9.5926,0.1904,9.1203
36.902,-0.8696,-0.1772,-0.7780,8.7343,9.2317,9.6026,0.1904,9.1303
36.902,-0.8695,-0.1773,-0.7780,8.7335,9.2317,9.6026,0.1905,9.1295
36.902,-0.8697,-0.1773,-0.7782,8.7335,9.2309,9.6026,0.1903,9.1295
36.903,-0.8697,-0.1769,-0.7778,8.7335,9.2309,9.6027,0.1903,9.1295
36.998,-0.8697,-0.1769,-0.7778,8.7434,9.2409,9.6126,0.1903,9.1394
36.998,-0.8695,-0.1770,-0.7778,8.7426,9.2409,9.6126,0.1905,9.1386
36.998,-0.8698,-0.1770,-0.7780,8.7426,9.2401,9.6126,0.1902,9.1386
36.999,-0.8698,-0.1766,-0.7776,8.7426,9.2401,9.6127,0.1902,9.1386
37.099,-0.8698,-0.1766,-0.7776,8.7426,9.2401,9.6127,0.1902,9.1386
37.103,-0.8698,-0.1766,-0.7776,8.7526,9.2500,9.6227,0.1902,9.1486
37.103,-0.8696,-0.1766,-0.7776,8.7517,9.2500,9.6227,0.1904,9.1477
37.103,-0.8698,-0.1766,-0.7778,8.7517,9.2493,9.6227,0.1902,9.1477
37.103,-0.8698,-0.1762,-0.7774,8.7517,9.2493,9.6228,0.1902,9.1477
37.202,-0.8698,-0.1762,-0.7774,8.7617,9.2592,9.6327,0.1902,9.1577
37.202,-0.8696,-0.1763,-0.7774,8.7609,9.2592,9.6327,0.1904,9.1569
37.202,-0.8698,-0.1763,-0.7776,8.7609,9.2584,9.6327,0.1902,9.1569
37.202,-0.8698,-0.1759,-0.7771,8.7609,9.2584,9.6329,0.1902,9.1569
37.299,-0.8698,-0.1759,-0.7771,8.7708,9.2684,9.6428,0.1902,9.1668
37.299,-0.8696,-0.1759,-0.7771,8.7700,9.2684,9.6428,0.1904,9.1660
37.299,-0.8698,-0.1759,-0.7774,8.7700,9.2676,9.6428,0.1902,9.1660
37.299,-0.8698,-0.1755,-0.7769,8.7700,9.2676,9.6429,0.1902,9.1660
37.400,-0.8698,-0.1755,-0.7769,8.7700,9.2676,9.6429,0.1902,9.1660
37.405,-0.8698,-0.1755,-0.7769,8.7799,9.2776,9.6528,0.1902,9.1759
37.405,-0.8696,-0.1755,-0.7769,8.7790,9.2776,9.6528,0.1904,9.1750
37.405,-0.8698,-0.1755,-0.7772,8.7790,9.2768,9.6528,0.1902,9.1750
37.405,-0.8698,-0.1751,-0.7767,8.7790,9.2768,9.6530,0.1902,9.1750
37.501,-0.8698,-0.1751,-0.7767,8.7890,9.2868,9.6629,0.1902,9.1850
37.501,-0.8695,-0.1752,-0.7767,8.7881,9.2868,9.6629,0.1905,9.1841
37.501,-0.8697,-0.1752,-0.7769,8.7881,9.2861,9.6629,0.1903,9.1841
37.502,-0.8697,-0.1748,-0.7765,8.7881,9.2861,9.6630,0.1903,9.1841
37.598,-0.8697,-0.1748,-0.7765,8.7981,9.2960,9.6729,0.1903,9.1941
37.598,-0.8695,-0.1748,-0.7765,8.7972,9.2960,9.6729,0.1905,9.1932
37.598,-0.8697,-0.1748,-0.7767,8.7972,9.2953,9.6729,0.1903,9.1932
37.598,-0.8697,-0.1744,-0.7763,8.7972,9.2953,9.6731,0.1903,9.1932
37.699,-0.8697,-0.1744,-0.7763,8.7972,9.2953,9.6731,0.1903,9.1932
37.706,-0.8697,-0.1744,-0.7763,8.8071,9.3052,9.6830,0.1903,9.2031
37.706,-0.8694,-0.1744,-0.7763,8.8063,9.3052,9.6830,0.1906,9.2023
37.706,-0.8696,-0.1744,-0.7765,8.8063,9.3045,9.6830,0.1904,9.2023
37.706,-0.8696,-0.1740,-0.7761,8.8063,9.3045,9.6831,0.1904,9.2023
37.804,-0.8696,-0.1740,-0.7761,8.8162,9.3144,9.6930,0.1904,9.2122
37.804,-0.8694,-0.1740,-0.7761,8.8153,9.3144,9.6930,0.1906,9.2113
37.804,-0.8696,-0.1740,-0.7763,8.8153,9.3137,9.6930,0.1904,9.2113
37.804,-0.8696,-0.1736,-0.7759,8.8153,9.3137,9.6931,0.1904,9.2113
37.899,-0.8696,-0.1736,-0.7759,8.8253,9.3236,9.7031,0.1904,9.2213
37.899,-0.8694,-0.1737,-0.7759,8.8245,9.3236,9.7031,0.1906,9.2205
37.899,-0.8696,-0.1737,-0.7761,8.8245,9.3229,9.7031,0.1904,9.2205
37.899,-0.8696,-0.1733,-0.7757,8.8245,9.3229,9.7032,0.1904,9.2205
38.000,-0.8696,-0.1733,-0.7757,8.8245,9.3229,9.7032,0.1904,9.2205
38.004,-0.8696,-0.1733,-0.7757,8.8344,9.3328,9.7131,0.1904,9.2304
38.004,-0.8694,-0.1733,-0.7757,8.8336,9.3328,9.7131,0.1906,9.2296
38.004,-0.8696,-0.1733,-0.7759,8.8336,9.3320,9.7131,0.1904,9.2296
38.004,-0.8696,-0.1729,-0.7755,8.8336,9.3320,9.7132,0.1904,9.2296
38.099,-0.8696,-0.1729,-0.7755,8.8435,9.3420,9.7232,0.1904,9.2395
38.099,-0.8694,-0.1730,-0.7755,8.8427,9.3420,9.7232,0.1906,9.2387
38.099,-0.8696,-0.1730,-0.7757,8.8427,9.3412,9.7232,0.1904,9.2387
38.099,-0.8696,-0.1726,-0.7752,8.8427,9.3412,9.7233,0.1904,9.2387
38.200,-0.8696,-0.1726,-0.7752,8.8427,9.3412,9.7233,0.1904,9.2387
38.204,-0.8696,-0.1726,-0.7752,8.8527,9.3512,9.7332,0.1904,9.2487
38.204,-0.8695,-0.1727,-0.7752,8.8519,9.3512,9.7332,0.1905,9.2479
38.204,-0.8697,-0.1727,-0.7754,8.8519,9.3504,9.7332,0.1903,9.2479
38.204,-0.8697,-0.1723,-0.7750,8.8519,9.3504,9.7333,0.1903,9.2479
38.301,-0.8697,-0.1723,-0.7750,8.8618,9.3604,9.7432,0.1903,9.2578
38.301,-0.8696,-0.1724,-0.7750,8.8610,9.3604,9.7432,0.1904,9.2570
38.301,-0.8698,-0.1724,-0.7752,8.8610,9.3596,9.7432,0.1902,9.2570
38.301,-0.8698,-0.1720,-0.7748,8.8610,9.3596,9.7433,0.1902,9.2570
38.399,-0.8698,-0.1720,-0.7748,8.8710,9.3695,9.7533,0.1902,9.2670
38.399,-0.8697,-0.1721,-0.7748,8.8702,9.3695,9.7533,0.1903,9.2662
38.399,-0.8699,-0.1721,-0.7749,8.8702,9.3687,9.7533,0.1901,9.2662
38.399,-0.8699,-0.1717,-0.7745,8.8702,9.3687,9.7534,0.1901,9.2662
38.500,-0.8699,-0.1717,-0.7745,8.8702,9.3687,9.7534,0.1901,9.2662
38.510,-0.8699,-0.1717,-0.7745,8.8801,9.3787,9.7633,0.1901,9.2761
38.510,-0.8697,-0.1718,-0.7745,8.8793,9.3787,9.7633,0.1903,9.2753
38.510,-0.8700,-0.1718,-0.7747,8.8793,9.3779,9.7633,0.1900,9.2753
38.510,-0.8700,-0.1714,-0.7743,8.8793,9.3779,9.7634,0.1900,9.2753
38.591,-0.8700,-0.1714,-0.7743,8.8893,9.3878,9.7733,0.1900,9.2853
38.591,-0.8698,-0.1714,-0.7743,8.8885,9.3878,9.7733,0.1902,9.2845
38.591,-0.8700,-0.1714,-0.7745,8.8885,9.3871,9.7733,0.1900,9.2845
38.591,-0.8700,-0.1710,-0.7740,8.8885,9.3871,9.7735,0.1900,9.2845
38.691,-0.8700,-0.1710,-0.7740,8.8885,9.3871,9.7735,0.1900,9.2845
38.698,-0.8700,-0.1710,-0.7740,8.8984,9.3970,9.7834,0.1900,9.2944
38.698,-0.8698,-0.1711,-0.7740,8.8976,9.3970,9.7834,0.1902,9.2936
38.698,-0.8700,-0.1711,-0.7742,8.8976,9.3962,9.7834,0.1900,9.2936
38.698,-0.8700,-0.1707,-0.7738,8.8976,9.3962,9.7835,0.1900,9.2936
38.799,-0.8700,-0.1707,-0.7738,8.8976,9.3962,9.7835,0.1900,9.2936
38.810,-0.8700,-0.1707,-0.7738,8.9076,9.4062,9.7934,0.1900,9.3036
38.811,-0.8698,-0.1707,-0.7738,8.9067,9.4062,9.7934,0.1902,9.3027
38.811,-0.8700,-0.1707,-0.7740,8.9067,9.4054,9.7934,0.1900,9.3027
38.811,-0.8700,-0.1703,-0.7736,8.9067,9.4054,9.7935,0.1900,9.3027
38.896,-0.8700,-0.1703,-0.7736,8.9167,9.4154,9.8035,0.1900,9.3127
38.896,-0.8698,-0.1704,-0.7736,8.9158,9.4154,9.8035,0.1902,9.3118
38.896,-0.8700,-0.1704,-0.7738,8.9158,9.4146,9.8035,0.1900,9.3118
38.896,-0.8700,-0.1700,-0.7734,8.9158,9.4146,9.8036,0.1900,9.3118
38.997,-0.8700,-0.1700,-0.7734,8.9158,9.4146,9.8036,0.1900,9.3118
39.002,-0.8700,-0.1700,-0.7734,8.9258,9.4246,9.8135,0.1900,9.3218
39.002,-0.8698,-0.1700,-0.7734,8.9249,9.4246,9.8135,0.1902,9.3209
39.002,-0.8700,-0.1700,-0.7736,8.9249,9.4238,9.8135,0.1900,9.3209
39.002,-0.8700,-0.1696,-0.7732,8.9249,9.4238,9.8136,0.1900,9.3209
39.098,-0.8700,-0.1696,-0.7732,8.9348,9.4338,9.8235,0.1900,9.3308
39.098,-0.8697,-0.1696,-0.7732,8.9340,9.4338,9.8235,0.1903,9.3300
39.098,-0.8699,-0.1696,-0.7734,8.9340,9.4331,9.8235,0.1901,9.3300
39.098,-0.8699,-0.1692,-0.7729,8.9340,9.4331,9.8236,0.1901,9.3300
39.199,-0.8699,-0.1692,-0.7729,8.9340,9.4331,9.8236,0.1901,9.3300
39.210,-0.8699,-0.1692,-0.7729,8.9439,9.4430,9.8336,0.1901,9.3399
39.210,-0.8697,-0.1692,-0.7729,8.9430,9.4430,9.8336,0.1903,9.3390
39.210,-0.8699,-0.1692,-0.7731,8.9430,9.4423,9.8336,0.1901,9.3390
39.210,-0.8699,-0.1688,-0.7727,8.9430,9.4423,9.8337,0.1901,9.3390
39.306,-0.8699,-0.1688,-0.7727,8.9530,9.4522,9.8436,0.1901,9.3490
39.306,-0.8697,-0.1688,-0.7727,8.9521,9.4522,9.8436,0.1903,9.3481
39.306,-0.8699,-0.1688,-0.7729,8.9521,9.4515,9.8436,0.1901,9.3481
39.306,-0.8699,-0.1684,-0.7725,8.9521,9.4515,9.8437,0.1901,9.3481
39.403,-0.8699,-0.1684,-0.7725,8.9621,9.4614,9.8536,0.1901,9.3581
39.403,-0.8696,-0.1685,-0.7725,8.9612,9.4614,9.8536,0.1904,9.3572
39.403,-0.8698,-0.1685,-0.7727,8.9612,9.4607,9.8536,0.1902,9.3572
39.403,-0.8698,-0.1681,-0.7723,8.9612,9.4607,9.8537,0.1902,9.3572
39.501,-0.8698,-0.1681,-0.7723,8.9712,9.4706,9.8636,0.1902,9.3672
39.501,-0.8696,-0.1681,-0.7723,8.9703,9.4706,9.8636,0.1904,9.3663
39.510,-0.8698,-0.1681,-0.7725,8.9703,9.4699,9.8636,0.1902,9.3663
39.510,-0.8698,-0.1677,-0.7720,8.9703,9.4699,9.8638,0.1902,9.3663
39.597,-0.8698,-0.1677,-0.7720,8.9803,9.4798,9.8737,0.1902,9.3763
39.597,-0.8696,-0.1677,-0.7720,8.9794,9.4798,9.8737,0.1904,9.3754
39.597,-0.8698,-0.1677,-0.7722,8.9794,9.4790,9.8737,0.1902,9.3754
39.597,-0.8698,-0.1674,-0.7718,8.9794,9.4790,9.8738,0.1902,9.3754
39.697,-0.8698,-0.1674,-0.7718,8.9794,9.4790,9.8738,0.1902,9.3754
39.703,-0.8698,-0.1674,-0.7718,8.9894,9.4890,9.8837,0.1902,9.3854
39.703,-0.8697,-0.1674,-0.7718,8.9886,9.4890,9.8837,0.1903,9.3846
39.703,-0.8699,-0.1674,-0.7720,8.9886,9.4882,9.8837,0.1901,9.3846
39.703,-0.8699,-0.1670,-0.7716,8.9886,9.4882,9.8838,0.1901,9.3846
39.803,-0.8699,-0.1670,-0.7716,8.9985,9.4982,9.8937,0.1901,9.3945
39.804,-0.8697,-0.1671,-0.7716,8.9977,9.4982,9.8937,0.1903,9.3937
39.804,-0.8700,-0.1671,-0.7718,8.9977,9.4974,9.8937,0.1900,9.3937
39.804,-0.8700,-0.1667,-0.7713,8.9977,9.4974,9.8938,0.1900,9.3937
39.804,-0.8700,-0.1667,-0.7713,8.9977,9.4974,9.8938,0.1900,9.3937
39.901,-0.8700,-0.1667,-0.7713,9.0077,9.5074,9.9038,0.1900,9.4037
39.901,-0.8698,-0.1668,-0.7713,9.0069,9.5074,9.9038,0.1902,9.4029
39.901,-0.8700,-0.1668,-0.7715,9.0069,9.5066,9.9038,0.1900,9.4029
39.901,-0.8700,-0.1664,-0.7711,9.0069,9.5066,9.9039,0.1900,9.4029
39.999,-0.8700,-0.1664,-0.7711,9.0168,9.5165,9.9138,0.1900,9.4128
39.999,-0.8699,-0.1665,-0.7711,9.0160,9.5165,9.9138,0.1901,9.4120
39.999,-0.8701,-0.1665,-0.7712,9.0160,9.5157,9.9138,0.1899,9.4120
39.999,-0.8701,-0.1661,-0.7708,9.0160,9.5157,9.9139,0.1899,9.4120
40.100,-0.8701,-0.1661,-0.7708,9.0160,9.5157,9.9139,0.1899,9.4120
40.106,-0.8701,-0.1661,-0.7708,9.0260,9.5257,9.9238,0.1899,9.4220
40.107,-0.8699,-0.1662,-0.7708,9.0252,9.5257,9.9238,0.1901,9.4212
40.107,-0.8702,-0.1662,-0.7710,9.0252,9.5249,9.9238,0.1898,9.4212
40.107,-0.8702,-0.1658,-0.7706,9.0252,9.5249,9.9239,0.1898,9.4212
40.207,-0.8702,-0.1658,-0.7706,9.0252,9.5249,9.9239,0.1898,9.4212
40.207,-0.8702,-0.1658,-0.7706,9.0351,9.5349,9.9338,0.1898,9.4311
40.208,-0.8700,-0.1658,-0.7706,9.0343,9.5349,9.9338,0.1900,9.4303
40.208,-0.8702,-0.1658,-0.7708,9.0343,9.5341,9.9338,0.1898,9.4303
40.208,-0.8702,-0.1654,-0.7703,9.0343,9.5341,9.9340,0.1898,9.4303
40.304,-0.8702,-0.1654,-0.7703,9.0443,9.5440,9.9439,0.1898,9.4403
40.304,-0.8700,-0.1655,-0.7703,9.0435,9.5440,9.9439,0.1900,9.4395
40.304,-0.8702,-0.1655,-0.7705,9.0435,9.5433,9.9439,0.1898,9.4395
40.304,-0.8702,-0.1651,-0.7701,9.0435,9.5433,9.9440,0.1898,9.4395
40.400,-0.8702,-0.1651,-0.7701,9.0534,9.5532,9.9539,0.1898,9.4494
40.400,-0.8700,-0.1651,-0.7701,9.0526,9.5532,9.9539,0.1900,9.4486
40.400,-0.8702,-0.1651,-0.7703,9.0526,9.5525,9.9539,0.1898,9.4486
40.400,-0.8702,-0.1647,-0.7699,9.0526,9.5525,9.9540,0.1898,9.4486
40.495,-0.8702,-0.1647,-0.7699,9.0625,9.5624,9.9639,0.1898,9.4585
40.496,-0.8700,-0.1647,-0.7699,9.0617,9.5624,9.9639,0.1900,9.4577
40.496,-0.8702,-0.1647,-0.7700,9.0617,9.5617,9.9639,0.1898,9.4577
40.496,-0.8702,-0.1644,-0.7696,9.0617,9.5617,9.9641,0.1898,9.4577
40.596,-0.8702,-0.1644,-0.7696,9.0617,9.5617,9.9641,0.1898,9.4577
40.603,-0.8702,-0.1644,-0.7696,9.0716,9.5716,9.9740,0.1898,9.4676
40.603,-0.8700,-0.1644,-0.7696,9.0708,9.5716,9.9740,0.1900,9.4668
40.603,-0.8702,-0.1644,-0.7698,9.0708,9.5709,9.9740,0.1898,9.4668
40.603,-0.8702,-0.1640,-0.7694,9.0708,9.5709,9.9741,0.1898,9.4668
40.699,-0.8702,-0.1640,-0.7694,9.0807,9.5809,9.9840,0.1898,9.4767
40.699,-0.8699,-0.1640,-0.7694,9.0798,9.5809,9.9840,0.1901,9.4758
40.699,-0.8701,-0.1640,-0.7696,9.0798,9.5801,9.9840,0.1899,9.4758
40.700,-0.8701,-0.1636,-0.7691,9.0798,9.5801,9.9841,0.1899,9.4758
40.800,-0.8701,-0.1636,-0.7691,9.0798,9.5801,9.9841,0.1899,9.4758
40.805,-0.8701,-0.1636,-0.7691,9.0898,9.5901,9.9940,0.1899,9.4858
40.805,-0.8699,-0.1636,-0.7691,9.0889,9.5901,9.9940,0.1901,9.4849
40.805,-0.8701,-0.1636,-0.7693,9.0889,9.5893,9.9940,0.1899,9.4849
40.805,-0.8701,-0.1632,-0.7689,9.0889,9.5893,9.9942,0.1899,9.4849
40.902,-0.8701,-0.1632,-0.7689,9.0989,9.5993,10.0041,0.1899,9.4949
40.902,-0.8699,-0.1632,-0.7689,9.0980,9.5993,10.0041,0.1901,9.4940
40.902,-0.8701,-0.1632,-0.7691,9.0980,9.5985,10.0041,0.1899,9.4940
40.902,-0.8701,-0.1628,-0.7687,9.0980,9.5985,10.0042,0.1899,9.4940
40.999,-0.8701,-0.1628,-0.7687,9.1079,9.6085,10.0141,0.1899,9.5039
40.999,-0.8698,-0.1628,-0.7687,9.1071,9.6085,10.0141,0.1902,9.5031
40.999,-0.8700,-0.1628,-0.7689,9.1071,9.6077,10.0141,0.1900,9.5031
40.999,-0.8700,-0.1624,-0.7684,9.1071,9.6077,10.0142,0.1900,9.5031
41.099,-0.8700,-0.1624,-0.7684,9.1071,9.6077,10.0142,0.1900,9.5031
41.105,-0.8700,-0.1624,-0.7684,9.1170,9.6177,10.0241,0.1900,9.5130
41.105,-0.8698,-0.1624,-0.7684,9.1162,9.6177,10.0241,0.1902,9.5122
41.106,-0.8700,-0.1624,-0.7686,9.1162,9.6169,10.0241,0.1900,9.5122
41.106,-0.8700,-0.1621,-0.7682,9.1162,9.6169,10.0243,0.1900,9.5122
41.201,-0.8700,-0.1621,-0.7682,9.1262,9.6269,10.0342,0.1900,9.5222
41.201,-0.8698,-0.1621,-0.7682,9.1253,9.6269,10.0342,0.1902,9.5213
41.202,-0.8700,-0.1621,-0.7684,9.1253,9.6261,10.0342,0.1900,9.5213
41.202,-0.8700,-0.1617,-0.7680,9.1253,9.6261,10.0343,0.1900,9.5213
41.298,-0.8700,-0.1617,-0.7680,9.1353,9.6361,10.0442,0.1900,9.5313
41.298,-0.8699,-0.1617,-0.7680,9.1345,9.6361,10.0442,0.1901,9.5305
41.298,-0.8701,-0.1617,-0.7681,9.1345,9.6353,10.0442,0.1899,9.5305
41.299,-0.8701,-0.1614,-0.7677,9.1345,9.6353,10.0443,0.1899,9.5305
41.399,-0.8701,-0.1614,-0.7677,9.1345,9.6353,10.0443,0.1899,9.5305
41.405,-0.8701,-0.1614,-0.7677,9.1444,9.6453,10.0542,0.1899,9.5404
41.405,-0.8699,-0.1614,-0.7677,9.1436,9.6453,10.0542,0.1901,9.5396
41.406,-0.8702,-0.1614,-0.7679,9.1436,9.6445,10.0542,0.1898,9.5396
41.406,-0.8702,-0.1610,-0.7674,9.1436,9.6445,10.0544,0.1898,9.5396
41.502,-0.8702,-0.1610,-0.7674,9.1536,9.6545,10.0643,0.1898,9.5496
41.502,-0.8700,-0.1611,-0.7674,9.1528,9.6545,10.0643,0.1900,9.5488
41.502,-0.8702,-0.1611,-0.7676,9.1528,9.6537,10.0643,0.1898,9.5488
41.502,-0.8702,-0.1607,-0.7672,9.1528,9.6537,10.0644,0.1898,9.5488
41.603,-0.8702,-0.1607,-0.7672,9.1528,9.6537,10.0644,0.1898,9.5488
41.603,-0.8702,-0.1607,-0.7672,9.1628,9.6636,10.0743,0.1898,9.5588
41.603,-0.8701,-0.1608,-0.7672,9.1619,9.6636,10.0743,0.1899,9.5579
41.604,-0.8703,-0.1608,-0.7673,9.1619,9.6628,10.0743,0.1897,9.5579
41.604,-0.8703,-0.1604,-0.7669,9.1619,9.6628,10.0744,0.1897,9.5579
41.700,-0.8703,-0.1604,-0.7669,9.1719,9.6728,10.0843,0.1897,9.5679
41.700,-0.8701,-0.1604,-0.7669,9.1711,9.6728,10.0843,0.1899,9.5671
41.700,-0.8704,-0.1604,-0.7670,9.1711,9.6720,10.0843,0.1896,9.5671
41.700,-0.8704,-0.1601,-0.7666,9.1711,9.6720,10.0845,0.1896,9.5671
41.801,-0.8704,-0.1601,-0.7666,9.1711,9.6720,10.0845,0.1896,9.5671
41.806,-0.8704,-0.1601,-0.7666,9.1811,9.6820,10.0944,0.1896,9.5771
41.806,-0.8702,-0.1601,-0.7666,9.1802,9.6820,10.0944,0.1898,9.5762
41.807,-0.8704,-0.1601,-0.7668,9.1802,9.6812,10.0944,0.1896,9.5762
41.807,-0.8704,-0.1597,-0.7664,9.1802,9.6812,10.0945,0.1896,9.5762
41.902,-0.8704,-0.1597,-0.7664,9.1902,9.6912,10.1044,0.1896,9.5862
41.902,-0.8702,-0.1597,-0.7664,9.1894,9.6912,10.1044,0.1898,9.5854
41.903,-0.8704,-0.1597,-0.7665,9.1894,9.6904,10.1044,0.1896,9.5854
41.903,-0.8704,-0.1593,-0.7661,9.1894,9.6904,10.1045,0.1896,9.5854
41.999,-0.8704,-0.1593,-0.7661,9.1993,9.7003,10.1145,0.1896,9.5953
41.999,-0.8702,-0.1594,-0.7661,9.1985,9.7003,10.1145,0.1898,9.5945
41.999,-0.8704,-0.1594,-0.7663,9.1985,9.6996,10.1145,0.1896,9.5945
41.999,-0.8704,-0.1590,-0.7658,9.1985,9.6996,10.1146,0.1896,9.5945
42.100,-0.8704,-0.1590,-0.7658,9.1985,9.6996,10.1146,0.1896,9.5945
42.106,-0.8704,-0.1590,-0.7658,9.2085,9.7096,10.1245,0.1896,9.6045
42.106,-0.8702,-0.1590,-0.7658,9.2076,9.7096,10.1245,0.1898,9.6036
42.106,-0.8704,-0.1590,-0.7660,9.2076,9.7088,10.1245,0.1896,9.6036
42.106,-0.8704,-0.1586,-0.7656,9.2076,9.7088,10.1246,0.1896,9.6036
42.207,-0.8704,-0.1586,-0.7656,9.2076,9.7088,10.1246,0.1896,9.6036
42.207,-0.8704,-0.1586,-0.7656,9.2176,9.7188,10.1345,0.1896,9.6136
42.208,-0.8702,-0.1586,-0.7656,9.2167,9.7188,10.1345,0.1898,9.6127
42.208,-0.8704,-0.1586,-0.7658,9.2167,9.7180,10.1345,0.1896,9.6127
42.208,-0.8704,-0.1582,-0.7653,9.2167,9.7180,10.1347,0.1896,9.6127
42.304,-0.8704,-0.1582,-0.7653,9.2266,9.7280,10.1446,0.1896,9.6226
42.304,-0.8701,-0.1582,-0.7653,9.2258,9.7280,10.1446,0.1899,9.6218
42.304,-0.8703,-0.1582,-0.7655,9.2258,9.7272,10.1446,0.1897,9.6218
42.304,-0.8703,-0.1578,-0.7651,9.2258,9.7272,10.1447,0.1897,9.6218
42.400,-0.8703,-0.1578,-0.7651,9.2357,9.7372,10.1546,0.1897,9.6317
42.400,-0.8701,-0.1578,-0.7651,9.2348,9.7372,10.1546,0.1899,9.6308
42.401,-0.8703,-0.1578,-0.7653,9.2348,9.7365,10.1546,0.1897,9.6308
42.401,-0.8703,-0.1574,-0.7648,9.2348,9.7365,10.1547,0.1897,9.6308
42.496,-0.8703,-0.1574,-0.7648,9.2448,9.7464,10.1647,0.1897,9.6408
42.496,-0.8700,-0.1574,-0.7648,9.2439,9.7464,10.1647,0.1900,9.6399
42.497,-0.8702,-0.1574,-0.7650,9.2439,9.7457,10.1647,0.1898,9.6399
42.497,-0.8702,-0.1570,-0.7646,9.2439,9.7457,10.1648,0.1898,9.6399
42.597,-0.8702,-0.1570,-0.7646,9.2439,9.7457,10.1648,0.1898,9.6399
42.601,-0.8702,-0.1570,-0.7646,9.2539,9.7556,10.1747,0.1898,9.6499
42.602,-0.8700,-0.1570,-0.7646,9.2531,9.7556,10.1747,0.1900,9.6491
42.602,-0.8702,-0.1570,-0.7647,9.2531,9.7549,10.1747,0.1898,9.6491
42.602,-0.8702,-0.1566,-0.7643,9.2531,9.7549,10.1748,0.1898,9.6491
42.698,-0.8702,-0.1566,-0.7643,9.2630,9.7649,10.1848,0.1898,9.6590
42.698,-0.8700,-0.1566,-0.7643,9.2622,9.7649,10.1848,0.1900,9.6582
42.699,-0.8702,-0.1566,-0.7645,9.2622,9.7641,10.1848,0.1898,9.6582
42.699,-0.8702,-0.1562,-0.7641,9.2622,9.7641,10.1849,0.1898,9.6582
42.799,-0.8702,-0.1562,-0.7641,9.2622,9.7641,10.1849,0.1898,9.6582
42.805,-0.8702,-0.1562,-0.7641,9.2721,9.7741,10.1948,0.1898,9.6681
42.805,-0.8700,-0.1562,-0.7641,9.2713,9.7741,10.1948,0.1900,9.6673
42.805,-0.8702,-0.1562,-0.7642,9.2713,9.7733,10.1948,0.1898,9.6673
42.805,-0.8702,-0.1558,-0.7638,9.2713,9.7733,10.1949,0.1898,9.6673
42.902,-0.8702,-0.1558,-0.7638,9.2813,9.7833,10.2048,0.1898,9.6773
42.903,-0.8701,-0.1559,-0.7638,9.2805,9.7833,10.2048,0.1899,9.6765
42.903,-0.8703,-0.1559,-0.7640,9.2805,9.7825,10.2048,0.1897,9.6765
42.903,-0.8703,-0.1555,-0.7635,9.2805,9.7825,10.2050,0.1897,9.6765
42.998,-0.8703,-0.1555,-0.7635,9.2904,9.7925,10.2149,0.1897,9.6864
42.999,-0.8701,-0.1555,-0.7635,9.2896,9.7925,10.2149,0.1899,9.6856
42.999,-0.8704,-0.1555,-0.7637,9.2896,9.7917,10.2149,0.1896,9.6856
42.999,-0.8704,-0.1552,-0.7632,9.2896,9.7917,10.2150,0.1896,9.6856
43.100,-0.8704,-0.1552,-0.7632,9.2896,9.7917,10.2150,0.1896,9.6856
43.104,-0.8704,-0.1552,-0.7632,9.2996,9.8016,10.2249,0.1896,9.6956
43.104,-0.8702,-0.1552,-0.7632,9.2988,9.8016,10.2249,0.1898,9.6948
43.104,-0.8704,-0.1552,-0.7634,9.2988,9.8009,10.2249,0.1896,9.6948
43.105,-0.8704,-0.1548,-0.7629,9.2988,9.8009,10.2251,0.1896,9.6948
43.200,-0.8704,-0.1548,-0.7629,9.3088,9.8108,10.2350,0.1896,9.7048
43.200,-0.8703,-0.1549,-0.7629,9.3080,9.8108,10.2350,0.1897,9.7040
43.201,-0.8705,-0.1549,-0.7631,9.3080,9.8100,10.2350,0.1895,9.7040
43.201,-0.8705,-0.1545,-0.7627,9.3080,9.8100,10.2351,0.1895,9.7040
43.297,-0.8705,-0.1545,-0.7627,9.3179,9.8200,10.2450,0.1895,9.7139
43.298,-0.8703,-0.1545,-0.7627,9.3171,9.8200,10.2450,0.1897,9.7131
43.298,-0.8706,-0.1545,-0.7628,9.3171,9.8192,10.2450,0.1894,9.7131
43.298,-0.8706,-0.1541,-0.7624,9.3171,9.8192,10.2452,0.1894,9.7131
43.396,-0.8706,-0.1541,-0.7624,9.3271,9.8292,10.2551,0.1894,9.7231
43.397,-0.8704,-0.1542,-0.7624,9.3263,9.8292,10.2551,0.1896,9.7223
43.397,-0.8706,-0.1542,-0.7625,9.3263,9.8284,10.2551,0.1894,9.7223
43.397,-0.8706,-0.1538,-0.7621,9.3263,9.8284,10.2552,0.1894,9.7223
43.497,-0.8706,-0.1538,-0.7621,9.3263,9.8284,10.2552,0.1894,9.7223
43.502,-0.8706,-0.1538,-0.7621,9.3363,9.8384,10.2652,0.1894,9.7323
43.503,-0.8704,-0.1538,-0.7621,9.3354,9.8384,10.2652,0.1896,9.7314
43.503,-0.8706,-0.1538,-0.7622,9.3354,9.8376,10.2652,0.1894,9.7314
43.503,-0.8706,-0.1534,-0.7618,9.3354,9.8376,10.2653,0.1894,9.7314
43.603,-0.8706,-0.1534,-0.7618,9.3454,9.8476,10.2752,0.1894,9.7414
43.603,-0.8704,-0.1534,-0.7618,9.3446,9.8476,10.2752,0.1896,9.7406
43.604,-0.8706,-0.1534,-0.7620,9.3446,9.8468,10.2752,0.1894,9.7406
43.604,-0.8706,-0.1530,-0.7615,9.3446,9.8468,10.2753,0.1894,9.7406
43.701,-0.8706,-0.1530,-0.7615,9.3545,9.8568,10.2853,0.1894,9.7505
43.702,-0.8704,-0.1530,-0.7615,9.3537,9.8568,10.2853,0.1896,9.7497
43.702,-0.8706,-0.1530,-0.7617,9.3537,9.8560,10.2853,0.1894,9.7497
43.702,-0.8706,-0.1526,-0.7613,9.3537,9.8560,10.2854,0.1894,9.7497
43.799,-0.8706,-0.1526,-0.7613,9.3636,9.8660,10.2953,0.1894,9.7596
43.799,-0.8704,-0.1526,-0.7613,9.3628,9.8660,10.2953,0.1896,9.7588
43.799,-0.8706,-0.1526,-0.7614,9.3628,9.8653,10.2953,0.1894,9.7588
43.799,-0.8706,-0.1522,-0.7610,9.3628,9.8653,10.2954,0.1894,9.7588
43.900,-0.8706,-0.1522,-0.7610,9.3628,9.8653,10.2954,0.1894,9.7588
43.903,-0.8706,-0.1522,-0.7610,9.3727,9.8752,10.3054,0.1894,9.7687
43.903,-0.8703,-0.1521,-0.7610,9.3719,9.8752,10.3054,0.1897,9.7679
43.903,-0.8705,-0.1521,-0.7611,9.3719,9.8745,10.3054,0.1895,9.7679
43.903,-0.8705,-0.1518,-0.7607,9.3719,9.8745,10.3055,0.1895,9.7679
43.999,-0.8705,-0.1518,-0.7607,9.3818,9.8844,10.3154,0.1895,9.7778
43.999,-0.8703,-0.1517,-0.7607,9.3809,9.8844,10.3154,0.1897,9.7769
44.000,-0.8705,-0.1517,-0.7609,9.3809,9.8837,10.3154,0.1895,9.7769
44.000,-0.8705,-0.1513,-0.7604,9.3809,9.8837,10.3156,0.1895,9.7769
44.100,-0.8705,-0.1513,-0.7604,9.3809,9.8837,10.3156,0.1895,9.7769
44.111,-0.8705,-0.1513,-0.7604,9.3909,9.8937,10.3255,0.1895,9.7869
44.111,-0.8702,-0.1513,-0.7604,9.3900,9.8937,10.3255,0.1898,9.7860
44.111,-0.8704,-0.1513,-0.7606,9.3900,9.8929,10.3255,0.1896,9.7860
44.111,-0.8704,-0.1509,-0.7602,9.3900,9.8929,10.3256,0.1896,9.7860
44.197,-0.8704,-0.1509,-0.7602,9.4000,9.9029,10.3355,0.1896,9.7960
44.197,-0.8702,-0.1509,-0.7602,9.3992,9.9029,10.3355,0.1898,9.7952
44.197,-0.8704,-0.1509,-0.7603,9.3992,9.9021,10.3355,0.1896,9.7952
44.197,-0.8704,-0.1505,-0.7599,9.3992,9.9021,10.3357,0.1896,9.7952
44.297,-0.8704,-0.1505,-0.7599,9.3992,9.9021,10.3357,0.1896,9.7952
44.303,-0.8704,-0.1505,-0.7599,9.4091,9.9121,10.3456,0.1896,9.8051
44.303,-0.8702,-0.1505,-0.7599,9.4083,9.9121,10.3456,0.1898,9.8043
44.304,-0.8704,-0.1505,-0.7600,9.4083,9.9113,10.3456,0.1896,9.8043
44.304,-0.8704,-0.1501,-0.7596,9.4083,9.9113,10.3457,0.1896,9.8043
44.397,-0.8704,-0.1501,-0.7596,9.4183,9.9213,10.3556,0.1896,9.8143
44.398,-0.8702,-0.1501,-0.7596,9.4175,9.9213,10.3556,0.1898,9.8135
44.398,-0.8704,-0.1501,-0.7597,9.4175,9.9206,10.3556,0.1896,9.8135
44.398,-0.8704,-0.1497,-0.7593,9.4175,9.9206,10.3558,0.1896,9.8135
44.498,-0.8704,-0.1497,-0.7593,9.4175,9.9206,10.3558,0.1896,9.8135
44.504,-0.8704,-0.1497,-0.7593,9.4274,9.9305,10.3657,0.1896,9.8234
44.504,-0.8703,-0.1498,-0.7593,9.4266,9.9305,10.3657,0.1897,9.8226
44.504,-0.8705,-0.1498,-0.7594,9.4266,9.9297,10.3657,0.1895,9.8226
44.504,-0.8705,-0.1494,-0.7590,9.4266,9.9297,10.3658,0.1895,9.8226
44.601,-0.8705,-0.1494,-0.7590,9.4366,9.9397,10.3758,0.1895,9.8326
44.601,-0.8704,-0.1494,-0.7590,9.4358,9.9397,10.3758,0.1896,9.8318
44.601,-0.8706,-0.1494,-0.7591,9.4358,9.9389,10.3758,0.1894,9.8318
44.601,-0.8706,-0.1491,-0.7587,9.4358,9.9389,10.3759,0.1894,9.8318
44.696,-0.8706,-0.1491,-0.7587,9.4458,9.9489,10.3858,0.1894,9.8418
44.697,-0.8704,-0.1491,-0.7587,9.4450,9.9489,10.3858,0.1896,9.8410
44.697,-0.8707,-0.1491,-0.7588,9.4450,9.9481,10.3858,0.1893,9.8410
44.697,-0.8707,-0.1487,-0.7584,9.4450,9.9481,10.3860,0.1893,9.8410
44.798,-0.8707,-0.1487,-0.7584,9.4450,9.9481,10.3860,0.1893,9.8410
44.810,-0.8707,-0.1487,-0.7584,9.4549,9.9581,10.3959,0.1893,9.8509
44.810,-0.8705,-0.1487,-0.7584,9.4541,9.9581,10.3959,0.1895,9.8501
44.810,-0.8707,-0.1487,-0.7585,9.4541,9.9573,10.3959,0.1893,9.8501
44.810,-0.8707,-0.1483,-0.7581,9.4541,9.9573,10.3960,0.1893,9.8501
44.906,-0.8707,-0.1483,-0.7581,9.4641,9.9672,10.4059,0.1893,9.8601
44.907,-0.8706,-0.1484,-0.7581,9.4633,9.9672,10.4059,0.1894,9.8593
44.907,-0.8708,-0.1484,-0.7582,9.4633,9.9665,10.4059,0.1892,9.8593
44.907,-0.8708,-0.1480,-0.7578,9.4633,9.9665,10.4061,0.1892,9.8593
45.004,-0.8708,-0.1480,-0.7578,9.4733,9.9764,10.4160,0.1892,9.8693
45.004,-0.8706,-0.1480,-0.7578,9.4725,9.9764,10.4160,0.1894,9.8685
45.005,-0.8708,-0.1480,-0.7579,9.4725,9.9757,10.4160,0.1892,9.8685
45.005,-0.8708,-0.1476,-0.7575,9.4725,9.9757,10.4161,0.1892,9.8685
45.100,-0.8708,-0.1476,-0.7575,9.4824,9.9856,10.4260,0.1892,9.8784
45.100,-0.8706,-0.1476,-0.7575,9.4816,9.9856,10.4260,0.1894,9.8776
45.101,-0.8708,-0.1476,-0.7576,9.4816,9.9849,10.4260,0.1892,9.8776
45.101,-0.8708,-0.1472,-0.7572,9.4816,9.9849,10.4262,0.1892,9.8776
45.196,-0.8708,-0.1472,-0.7572,9.4916,9.9948,10.4361,0.1892,9.8876
45.197,-0.8706,-0.1472,-0.7572,9.4907,9.9948,10.4361,0.1894,9.8867
45.197,-0.8708,-0.1472,-0.7573,9.4907,9.9941,10.4361,0.1892,9.8867
45.197,-0.8708,-0.1468,-0.7569,9.4907,9.9941,10.4362,0.1892,9.8867
45.297,-0.8708,-0.1468,-0.7569,9.4907,9.9941,10.4362,0.1892,9.8867
45.303,-0.8708,-0.1468,-0.7569,9.5007,10.0040,10.4462,0.1892,9.8967
45.303,-0.8706,-0.1468,-0.7569,9.4999,10.0040,10.4462,0.1894,9.8959
45.303,-0.8708,-0.1468,-0.7570,9.4999,10.0033,10.4462,0.1892,9.8959
45.303,-0.8708,-0.1464,-0.7566,9.4999,10.0033,10.4463,0.1892,9.8959
45.400,-0.8708,-0.1464,-0.7566,9.5098,10.0133,10.4562,0.1892,9.9058
45.400,-0.8706,-0.1463,-0.7566,9.5090,10.0133,10.4562,0.1894,9.9050
45.400,-0.8708,-0.1463,-0.7567,9.5090,10.0125,10.4562,0.1892,9.9050
45.400,-0.8708,-0.1460,-0.7563,9.5090,10.0125,10.4564,0.1892,9.9050
45.500,-0.8708,-0.1460,-0.7563,9.5090,10.0125,10.4564,0.1892,9.9050
45.506,-0.8708,-0.1460,-0.7563,9.5189,10.0225,10.4663,0.1892,9.9149
45.506,-0.8705,-0.1459,-0.7563,9.5181,10.0225,10.4663,0.1895,9.9141
45.506,-0.8707,-0.1459,-0.7565,9.5181,10.0218,10.4663,0.1893,9.9141
45.506,-0.8707,-0.1455,-0.7560,9.5181,10.0218,10.4664,0.1893,9.9141
45.604,-0.8707,-0.1455,-0.7560,9.5280,10.0317,10.4763,0.1893,9.9240
45.604,-0.8705,-0.1455,-0.7560,9.5272,10.0317,10.4763,0.1895,9.9232
45.604,-0.8707,-0.1455,-0.7562,9.5272,10.0310,10.4763,0.1893,9.9232
45.604,-0.8707,-0.1451,-0.7557,9.5272,10.0310,10.4765,0.1893,9.9232
45.700,-0.8707,-0.1451,-0.7557,9.5371,10.0410,10.4864,0.1893,9.9331
45.700,-0.8705,-0.1451,-0.7557,9.5363,10.0410,10.4864,0.1895,9.9323
45.700,-0.8707,-0.1451,-0.7559,9.5363,10.0402,10.4864,0.1893,9.9323
45.700,-0.8707,-0.1447,-0.7555,9.5363,10.0402,10.4865,0.1893,9.9323
45.794,-0.8707,-0.1447,-0.7555,9.5462,10.0502,10.4965,0.1893,9.9422
45.794,-0.8705,-0.1447,-0.7555,9.5454,10.0502,10.4965,0.1895,9.9414
45.794,-0.8707,-0.1447,-0.7556,9.5454,10.0494,10.4965,0.1893,9.9414
45.795,-0.8707,-0.1443,-0.7552,9.5454,10.0494,10.4966,0.1893,9.9414
45.895,-0.8707,-0.1443,-0.7552,9.5454,10.0494,10.4966,0.1893,9.9414
45.897,-0.8707,-0.1443,-0.7552,9.5554,10.0594,10.5065,0.1893,9.9514
45.897,-0.8705,-0.1443,-0.7552,9.5546,10.0594,10.5065,0.1895,9.9506
45.897,-0.8707,-0.1443,-0.7553,9.5546,10.0587,10.5065,0.1893,9.9506
45.897,-0.8707,-0.1439,-0.7549,9.5546,10.0587,10.5067,0.1893,9.9506
45.998,-0.8707,-0.1439,-0.7549,9.5546,10.0587,10.5067,0.1893,9.9506
46.006,-0.8707,-0.1439,-0.7549,9.5645,10.0686,10.5166,0.1893,9.9605
46.006,-0.8705,-0.1439,-0.7549,9.5637,10.0686,10.5166,0.1895,9.9597
46.006,-0.8707,-0.1439,-0.7550,9.5637,10.0679,10.5166,0.1893,9.9597
46.007,-0.8707,-0.1435,-0.7546,9.5637,10.0679,10.5167,0.1893,9.9597
46.107,-0.8707,-0.1435,-0.7546,9.5737,10.0778,10.5266,0.1893,9.9697
46.107,-0.8705,-0.1435,-0.7546,9.5729,10.0778,10.5266,0.1895,9.9689
46.107,-0.8708,-0.1435,-0.7547,9.5729,10.0771,10.5266,0.1892,9.9689
46.107,-0.8708,-0.1431,-0.7543,9.5729,10.0771,10.5268,0.1892,9.9689
46.203,-0.8708,-0.1431,-0.7543,9.5829,10.0870,10.5367,0.1892,9.9789
46.203,-0.8706,-0.1432,-0.7543,9.5821,10.0870,10.5367,0.1894,9.9781
46.204,-0.8708,-0.1432,-0.7543,9.5821,10.0862,10.5367,0.1892,9.9781
46.204,-0.8708,-0.1428,-0.7539,9.5821,10.0862,10.5368,0.1892,9.9781
46.291,-0.8708,-0.1428,-0.7539,9.5920,10.0962,10.5468,0.1892,9.9880
46.291,-0.8707,-0.1428,-0.7539,9.5913,10.0962,10.5468,0.1893,9.9873
46.291,-0.8709,-0.1428,-0.7540,9.5913,10.0954,10.5468,0.1891,9.9873
46.291,-0.8709,-0.1424,-0.7536,9.5913,10.0954,10.5469,0.1891,9.9873
46.392,-0.8709,-0.1424,-0.7536,9.5913,10.0954,10.5469,0.1891,9.9873
46.393,-0.8709,-0.1424,-0.7536,9.6012,10.1054,10.5568,0.1891,9.9972
46.393,-0.8708,-0.1425,-0.7536,9.6004,10.1054,10.5568,0.1892,9.9964
46.393,-0.8710,-0.1425,-0.7537,9.6004,10.1046,10.5568,0.1890,9.9964
46.393,-0.8710,-0.1421,-0.7533,9.6004,10.1046,10.5569,0.1890,9.9964
46.493,-0.8710,-0.1421,-0.7533,9.6104,10.1146,10.5669,0.1890,10.0064
46.494,-0.8708,-0.1421,-0.7533,9.6096,10.1146,10.5669,0.1892,10.0056
46.494,-0.8710,-0.1421,-0.7534,9.6096,10.1138,10.5669,0.1890,10.0056
46.494,-0.8710,-0.1417,-0.7530,9.6096,10.1138,10.5670,0.1890,10.0056
46.595,-0.8710,-0.1417,-0.7530,9.6096,10.1138,10.5670,0.1890,10.0056
46.598,-0.8710,-0.1417,-0.7530,9.6196,10.1238,10.5769,0.1890,10.0156
46.598,-0.8708,-0.1417,-0.7530,9.6188,10.1238,10.5769,0.1892,10.0148
46.598,-0.8711,-0.1417,-0.7531,9.6188,10.1230,10.5769,0.1889,10.0148
46.599,-0.8711,-0.1413,-0.7527,9.6188,10.1230,10.5771,0.1889,10.0148
46.699,-0.8711,-0.1413,-0.7527,9.6188,10.1230,10.5771,0.1889,10.0148
46.704,-0.8711,-0.1413,-0.7527,9.6288,10.1330,10.5870,0.1889,10.0248
46.704,-0.8709,-0.1413,-0.7527,9.6279,10.1330,10.5870,0.1891,10.0239
46.704,-0.8711,-0.1413,-0.7528,9.6279,10.1322,10.5870,0.1889,10.0239
46.705,-0.8711,-0.1409,-0.7523,9.6279,10.1322,10.5871,0.1889,10.0239
46.800,-0.8711,-0.1409,-0.7523,9.6379,10.1422,10.5970,0.1889,10.0339
46.800,-0.8709,-0.1409,-0.7523,9.6371,10.1422,10.5970,0.1891,10.0331
46.800,-0.8711,-0.1409,-0.7525,9.6371,10.1415,10.5970,0.1889,10.0331
46.801,-0.8711,-0.1405,-0.7520,9.6371,10.1415,10.5972,0.1889,10.0331
46.898,-0.8711,-0.1405,-0.7520,9.6470,10.1514,10.6071,0.1889,10.0430
46.898,-0.8708,-0.1404,-0.7520,9.6462,10.1514,10.6071,0.1892,10.0422
46.898,-0.8710,-0.1404,-0.7522,9.6462,10.1507,10.6071,0.1890,10.0422
46.898,-0.8710,-0.1401,-0.7517,9.6462,10.1507,10.6072,0.1890,10.0422
46.999,-0.8710,-0.1401,-0.7517,9.6462,10.1507,10.6072,0.1890,10.0422
47.003,-0.8710,-0.1401,-0.7517,9.6562,10.1606,10.6172,0.1890,10.0522
47.004,-0.8708,-0.1400,-0.7517,9.6553,10.1606,10.6172,0.1892,10.0513
47.004,-0.8710,-0.1400,-0.7519,9.6553,10.1599,10.6172,0.1890,10.0513
47.004,-0.8710,-0.1396,-0.7514,9.6553,10.1599,10.6173,0.1890,10.0513
47.097,-0.8710,-0.1396,-0.7514,9.6653,10.1699,10.6272,0.1890,10.0613
47.098,-0.8707,-0.1396,-0.7514,9.6644,10.1699,10.6272,0.1893,10.0604
47.098,-0.8709,-0.1396,-0.7516,9.6644,10.1692,10.6272,0.1891,10.0604
47.098,-0.8709,-0.1392,-0.7511,9.6644,10.1692,10.6273,0.1891,10.0604
47.199,-0.8709,-0.1392,-0.7511,9.6644,10.1692,10.6273,0.1891,10.0604
47.209,-0.8709,-0.1392,-0.7511,9.6744,10.1791,10.6373,0.1891,10.0704
47.210,-0.8707,-0.1392,-0.7511,9.6735,10.1791,10.6373,0.1893,10.0695
47.210,-0.8709,-0.1392,-0.7513,9.6735,10.1784,10.6373,0.1891,10.0695
47.210,-0.8709,-0.1388,-0.7508,9.6735,10.1784,10.6374,0.1891,10.0695
47.305,-0.8709,-0.1388,-0.7508,9.6835,10.1883,10.6473,0.1891,10.0795
47.305,-0.8707,-0.1387,-0.7508,9.6826,10.1883,10.6473,0.1893,10.0786
47.306,-0.8709,-0.1387,-0.7509,9.6826,10.1876,10.6473,0.1891,10.0786
47.306,-0.8709,-0.1384,-0.7505,9.6826,10.1876,10.6475,0.1891,10.0786
47.401,-0.8709,-0.1384,-0.7505,9.6926,10.1976,10.6574,0.1891,10.0886
47.401,-0.8707,-0.1383,-0.7505,9.6918,10.1976,10.6574,0.1893,10.0878
47.401,-0.8709,-0.1383,-0.7506,9.6918,10.1968,10.6574,0.1891,10.0878
47.401,-0.8709,-0.1379,-0.7502,9.6918,10.1968,10.6575,0.1891,10.0878
47.498,-0.8709,-0.1379,-0.7502,9.7018,10.2068,10.6674,0.1891,10.0978
47.498,-0.8707,-0.1379,-0.7502,9.7010,10.2068,10.6674,0.1893,10.0970
47.498,-0.8709,-0.1379,-0.7503,9.7010,10.2060,10.6674,0.1891,10.0970
47.499,-0.8709,-0.1375,-0.7499,9.7010,10.2060,10.6676,0.1891,10.0970
47.599,-0.8709,-0.1375,-0.7499,9.7010,10.2060,10.6676,0.1891,10.0970
47.606,-0.8709,-0.1375,-0.7499,9.7109,10.2160,10.6775,0.1891,10.1069
47.606,-0.8707,-0.1375,-0.7499,9.7101,10.2160,10.6775,0.1893,10.1061
47.607,-0.8709,-0.1375,-0.7500,9.7101,10.2153,10.6775,0.1891,10.1061
47.607,-0.8709,-0.1372,-0.7496,9.7101,10.2153,10.6776,0.1891,10.1061
47.704,-0.8709,-0.1372,-0.7496,9.7201,10.2252,10.6875,0.1891,10.1161
47.704,-0.8708,-0.1372,-0.7496,9.7193,10.2252,10.6875,0.1892,10.1153
47.704,-0.8710,-0.1372,-0.7497,9.7193,10.2245,10.6875,0.1890,10.1153
47.704,-0.8710,-0.1368,-0.7493,9.7193,10.2245,10.6877,0.1890,10.1153
47.799,-0.8710,-0.1368,-0.7493,9.7293,10.2344,10.6976,0.1890,10.1253
47.800,-0.8709,-0.1368,-0.7493,9.7285,10.2344,10.6976,0.1891,10.1245
47.800,-0.8711,-0.1368,-0.7494,9.7285,10.2337,10.6976,0.1889,10.1245
47.800,-0.8711,-0.1365,-0.7489,9.7285,10.2337,10.6977,0.1889,10.1245
47.901,-0.8711,-0.1365,-0.7489,9.7285,10.2337,10.6977,0.1889,10.1245
47.905,-0.8711,-0.1365,-0.7489,9.7385,10.2436,10.7076,0.1889,10.1345
47.906,-0.8709,-0.1365,-0.7489,9.7377,10.2436,10.7076,0.1891,10.1337
47.906,-0.8712,-0.1365,-0.7490,9.7377,10.2428,10.7076,0.1888,10.1337
47.906,-0.8712,-0.1361,-0.7486,9.7377,10.2428,10.7078,0.1888,10.1337
48.002,-0.8712,-0.1361,-0.7486,9.7477,10.2528,10.7177,0.1888,10.1437
48.002,-0.8710,-0.1361,-0.7486,9.7469,10.2528,10.7177,0.1890,10.1429
48.002,-0.8712,-0.1361,-0.7487,9.7469,10.2520,10.7177,0.1888,10.1429
48.002,-0.8712,-0.1357,-0.7483,9.7469,10.2520,10.7178,0.1888,10.1429
48.098,-0.8712,-0.1357,-0.7483,9.7568,10.2620,10.7277,0.1888,10.1528
48.098,-0.8711,-0.1357,-0.7483,9.7561,10.2620,10.7277,0.1889,10.1521
48.098,-0.8713,-0.1357,-0.7484,9.7561,10.2612,10.7277,0.1887,10.1521
48.098,-0.8713,-0.1353,-0.7480,9.7561,10.2612,10.7279,0.1887,10.1521
48.198,-0.8713,-0.1353,-0.7480,9.7561,10.2612,10.7279,0.1887,10.1521
48.204,-0.8713,-0.1353,-0.7480,9.7660,10.2712,10.7378,0.1887,10.1620
48.204,-0.8711,-0.1353,-0.7480,9.7652,10.2712,10.7378,0.1889,10.1612
48.204,-0.8713,-0.1353,-0.7481,9.7652,10.2705,10.7378,0.1887,10.1612
48.204,-0.8713,-0.1350,-0.7476,9.7652,10.2705,10.7379,0.1887,10.1612
48.301,-0.8713,-0.1350,-0.7476,9.7752,10.2804,10.7478,0.1887,10.1712
48.301,-0.8711,-0.1349,-0.7476,9.7744,10.2804,10.7478,0.1889,10.1704
48.301,-0.8713,-0.1349,-0.7477,9.7744,10.2797,10.7478,0.1887,10.1704
48.301,-0.8713,-0.1345,-0.7473,9.7744,10.2797,10.7480,0.1887,10.1704
48.397,-0.8713,-0.1345,-0.7473,9.7843,10.2896,10.7579,0.1887,10.1803
48.397,-0.8711,-0.1345,-0.7473,9.7835,10.2896,10.7579,0.1889,10.1795
48.397,-0.8713,-0.1345,-0.7474,9.7835,10.2889,10.7579,0.1887,10.1795
48.398,-0.8713,-0.1341,-0.7470,9.7835,10.2889,10.7580,0.1887,10.1795
48.498,-0.8713,-0.1341,-0.7470,9.7835,10.2889,10.7580,0.1887,10.1795
48.504,-0.8713,-0.1341,-0.7470,9.7935,10.2989,10.7679,0.1887,10.1895
48.504,-0.8710,-0.1341,-0.7470,9.7926,10.2989,10.7679,0.1890,10.1886
48.505,-0.8712,-0.1341,-0.7471,9.7926,10.2982,10.7679,0.1888,10.1886
48.505,-0.8712,-0.1337,-0.7467,9.7926,10.2982,10.7681,0.1888,10.1886
48.596,-0.8712,-0.1337,-0.7467,9.8026,10.3081,10.7780,0.1888,10.1986
48.596,-0.8710,-0.1336,-0.7467,9.8017,10.3081,10.7780,0.1890,10.1977
48.597,-0.8712,-0.1336,-0.7468,9.8017,10.3074,10.7780,0.1888,10.1977
48.597,-0.8712,-0.1333,-0.7464,9.8017,10.3074,10.7781,0.1888,10.1977
48.697,-0.8712,-0.1333,-0.7464,9.8017,10.3074,10.7781,0.1888,10.1977
48.702,-0.8712,-0.1333,-0.7464,9.8117,10.3174,10.7880,0.1888,10.2077
48.703,-0.8710,-0.1332,-0.7464,9.8108,10.3174,10.7880,0.1890,10.2068
48.703,-0.8712,-0.1332,-0.7465,9.8108,10.3166,10.7880,0.1888,10.2068
48.703,-0.8712,-0.1328,-0.7461,9.8108,10.3166,10.7882,0.1888,10.2068
48.797,-0.8712,-0.1328,-0.7461,9.8208,10.3266,10.7981,0.1888,10.2168
48.797,-0.8709,-0.1328,-0.7461,9.8200,10.3266,10.7981,0.1891,10.2160
48.797,-0.8711,-0.1328,-0.7462,9.8200,10.3259,10.7981,0.1889,10.2160
48.797,-0.8711,-0.1324,-0.7458,9.8200,10.3259,10.7982,0.1889,10.2160
48.898,-0.8711,-0.1324,-0.7458,9.8200,10.3259,10.7982,0.1889,10.2160
48.904,-0.8711,-0.1324,-0.7458,9.8299,10.3358,10.8081,0.1889,10.2259
48.904,-0.8709,-0.1324,-0.7458,9.8291,10.3358,10.8081,0.1891,10.2251
48.904,-0.8711,-0.1324,-0.7459,9.8291,10.3351,10.8081,0.1889,10.2251
48.904,-0.8711,-0.1320,-0.7454,9.8291,10.3351,10.8083,0.1889,10.2251
48.999,-0.8711,-0.1320,-0.7454,9.8391,10.3450,10.8182,0.1889,10.2351
49.000,-0.8709,-0.1319,-0.7454,9.8383,10.3450,10.8182,0.1891,10.2343
49.000,-0.8711,-0.1319,-0.7455,9.8383,10.3443,10.8182,0.1889,10.2343
49.000,-0.8711,-0.1316,-0.7451,9.8383,10.3443,10.8183,0.1889,10.2343
49.100,-0.8711,-0.1316,-0.7451,9.8383,10.3443,10.8183,0.1889,10.2343
49.106,-0.8711,-0.1316,-0.7451,9.8482,10.3543,10.8282,0.1889,10.2442
49.106,-0.8709,-0.1316,-0.7451,9.8474,10.3543,10.8282,0.1891,10.2434
49.106,-0.8711,-0.1316,-0.7452,9.8474,10.3535,10.8282,0.1889,10.2434
49.106,-0.8711,-0.1312,-0.7448,9.8474,10.3535,10.8283,0.1889,10.2434
49.193,-0.8711,-0.1312,-0.7448,9.8574,10.3635,10.8383,0.1889,10.2534
49.193,-0.8710,-0.1312,-0.7448,9.8566,10.3635,10.8383,0.1890,10.2526
49.193,-0.8712,-0.1312,-0.7449,9.8566,10.3627,10.8383,0.1888,10.2526
49.194,-0.8712,-0.1308,-0.7445,9.8566,10.3627,10.8384,0.1888,10.2526
49.294,-0.8712,-0.1308,-0.7445,9.8566,10.3627,10.8384,0.1888,10.2526
49.298,-0.8712,-0.1308,-0.7445,9.8666,10.3727,10.8483,0.1888,10.2626
49.298,-0.8710,-0.1308,-0.7445,9.8658,10.3727,10.8483,0.1890,10.2618
49.299,-0.8713,-0.1308,-0.7446,9.8658,10.3719,10.8483,0.1887,10.2618
49.299,-0.8713,-0.1305,-0.7441,9.8658,10.3719,10.8484,0.1887,10.2618
49.399,-0.8713,-0.1305,-0.7441,9.8658,10.3719,10.8484,0.1887,10.2618
49.408,-0.8713,-0.1305,-0.7441,9.8758,10.3819,10.8584,0.1887,10.2718
49.408,-0.8711,-0.1305,-0.7441,9.8750,10.3819,10.8584,0.1889,10.2710
49.408,-0.8713,-0.1305,-0.7442,9.8750,10.3811,10.8584,0.1887,10.2710
49.409,-0.8713,-0.1301,-0.7438,9.8750,10.3811,10.8585,0.1887,10.2710
49.504,-0.8713,-0.1301,-0.7438,9.8850,10.3911,10.8684,0.1887,10.2810
49.504,-0.8712,-0.1301,-0.7438,9.8842,10.3911,10.8684,0.1888,10.2802
49.504,-0.8714,-0.1301,-0.7439,9.8842,10.3903,10.8684,0.1886,10.2802
49.504,-0.8714,-0.1297,-0.7435,9.8842,10.3903,10.8685,0.1886,10.2802
49.600,-0.8714,-0.1297,-0.7435,9.8941,10.4003,10.8784,0.1886,10.2901
49.600,-0.8712,-0.1297,-0.7435,9.8934,10.4003,10.8784,0.1888,10.2894
49.600,-0.8715,-0.1297,-0.7435,9.8934,10.3995,10.8784,0.1885,10.2894
49.600,-0.8715,-0.1294,-0.7431,9.8934,10.3995,10.8786,0.1885,10.2894
49.700,-0.8715,-0.1294,-0.7431,9.8934,10.3995,10.8786,0.1885,10.2894
49.706,-0.8715,-0.1294,-0.7431,9.9033,10.4095,10.8885,0.1885,10.2993
49.707,-0.8713,-0.1293,-0.7431,9.9025,10.4095,10.8885,0.1887,10.2985
49.707,-0.8715,-0.1293,-0.7432,9.9025,10.4087,10.8885,0.1885,10.2985
49.707,-0.8715,-0.1290,-0.7428,9.9025,10.4087,10.8886,0.1885,10.2985
49.803,-0.8715,-0.1290,-0.7428,9.9125,10.4187,10.8985,0.1885,10.3085
49.804,-0.8713,-0.1289,-0.7428,9.9117,10.4187,10.8985,0.1887,10.3077
49.804,-0.8715,-0.1289,-0.7429,9.9117,10.4180,10.8985,0.1885,10.3077
49.804,-0.8715,-0.1286,-0.7425,9.9117,10.4180,10.8986,0.1885,10.3077
49.899,-0.8715,-0.1286,-0.7425,9.9217,10.4279,10.9086,0.1885,10.3177
49.899,-0.8713,-0.1285,-0.7425,9.9209,10.4279,10.9086,0.1887,10.3169
49.899,-0.8715,-0.1285,-0.7425,9.9209,10.4272,10.9086,0.1885,10.3169
49.899,-0.8715,-0.1281,-0.7421,9.9209,10.4272,10.9087,0.1885,10.3169
50.000,-0.8715,-0.1281,-0.7421,9.9209,10.4272,10.9087,0.1885,10.3169
50.004,-0.8715,-0.1281,-0.7421,9.9308,10.4372,10.9186,0.1885,10.3268
50.004,-0.8713,-0.1281,-0.7421,9.9300,10.4372,10.9186,0.1887,10.3260
50.004,-0.8715,-0.1281,-0.7422,9.9300,10.4364,10.9186,0.1885,10.3260
50.004,-0.8715,-0.1277,-0.7418,9.9300,10.4364,10.9187,0.1885,10.3260
50.101,-0.8715,-0.1277,-0.7418,9.9400,10.4464,10.9286,0.1885,10.3360
50.101,-0.8712,-0.1277,-0.7418,9.9391,10.4464,10.9286,0.1888,10.3351
50.101,-0.8714,-0.1277,-0.7419,9.9391,10.4457,10.9286,0.1886,10.3351
50.101,-0.8714,-0.1273,-0.7415,9.9391,10.4457,10.9288,0.1886,10.3351
50.196,-0.8714,-0.1273,-0.7415,9.9491,10.4556,10.9387,0.1886,10.3451
50.197,-0.8712,-0.1272,-0.7415,9.9482,10.4556,10.9387,0.1888,10.3442
50.197,-0.8714,-0.1272,-0.7416,9.9482,10.4549,10.9387,0.1886,10.3442
50.197,-0.8714,-0.1268,-0.7412,9.9482,10.4549,10.9388,0.1886,10.3442
50.298,-0.8714,-0.1268,-0.7412,9.9482,10.4549,10.9388,0.1886,10.3442
50.303,-0.8714,-0.1268,-0.7412,9.9582,10.4649,10.9487,0.1886,10.3542
50.303,-0.8712,-0.1268,-0.7412,9.9573,10.4649,10.9487,0.1888,10.3533
50.303,-0.8714,-0.1268,-0.7413,9.9573,10.4642,10.9487,0.1886,10.3533
50.303,-0.8714,-0.1264,-0.7409,9.9573,10.4642,10.9489,0.1886,10.3533
50.399,-0.8714,-0.1264,-0.7409,9.9673,10.4741,10.9588,0.1886,10.3633
50.399,-0.8711,-0.1263,-0.7409,9.9665,10.4741,10.9588,0.1889,10.3625
50.399,-0.8713,-0.1263,-0.7409,9.9665,10.4734,10.9588,0.1887,10.3625
50.399,-0.8713,-0.1260,-0.7405,9.9665,10.4734,10.9589,0.1887,10.3625
50.500,-0.8713,-0.1260,-0.7405,9.9665,10.4734,10.9589,0.1887,10.3625
50.504,-0.8713,-0.1260,-0.7405,9.9764,10.4834,10.9688,0.1887,10.3724
50.505,-0.8711,-0.1259,-0.7405,9.9756,10.4834,10.9688,0.1889,10.3716
50.505,-0.8713,-0.1259,-0.7406,9.9756,10.4826,10.9688,0.1887,10.3716
50.505,-0.8713,-0.1256,-0.7402,9.9756,10.4826,10.9689,0.1887,10.3716
50.600,-0.8713,-0.1256,-0.7402,9.9856,10.4926,10.9789,0.1887,10.3816
50.600,-0.8711,-0.1255,-0.7402,9.9848,10.4926,10.9789,0.1889,10.3808
50.600,-0.8713,-0.1255,-0.7403,9.9848,10.4919,10.9789,0.1887,10.3808
50.600,-0.8713,-0.1251,-0.7399,9.9848,10.4919,10.9790,0.1887,10.3808
50.701,-0.8713,-0.1251,-0.7399,9.9848,10.4919,10.9790,0.1887,10.3808
50.708,-0.8713,-0.1251,-0.7399,9.9948,10.5018,10.9889,0.1887,10.3908
50.708,-0.8711,-0.1251,-0.7399,9.9940,10.5018,10.9889,0.1889,10.3900
50.708,-0.8713,-0.1251,-0.7400,9.9940,10.5011,10.9889,0.1887,10.3900
50.708,-0.8713,-0.1247,-0.7396,9.9940,10.5011,10.9890,0.1887,10.3900
50.806,-0.8713,-0.1247,-0.7396,10.0039,10.5110,10.9989,0.1887,10.3999
50.807,-0.8712,-0.1248,-0.7396,10.0032,10.5110,10.9989,0.1888,10.3992
50.807,-0.8714,-0.1248,-0.7396,10.0032,10.5103,10.9989,0.1886,10.3992
50.807,-0.8714,-0.1244,-0.7392,10.0032,10.5103,10.9991,0.1886,10.3992
50.902,-0.8714,-0.1244,-0.7392,10.0131,10.5203,11.0090,0.1886,10.4091
50.902,-0.8713,-0.1244,-0.7392,10.0124,10.5203,11.0090,0.1887,10.4084
50.902,-0.8715,-0.1244,-0.7393,10.0124,10.5195,11.0090,0.1885,10.4084
50.902,-0.8715,-0.1240,-0.7389,10.0124,10.5195,11.0091,0.1885,10.4084
50.997,-0.8715,-0.1240,-0.7389,10.0223,10.5295,11.0190,0.1885,10.4183
50.997,-0.8713,-0.1240,-0.7389,10.0215,10.5295,11.0190,0.1887,10.4175
50.997,-0.8716,-0.1240,-0.7389,10.0215,10.5287,11.0190,0.1884,10.4175
50.997,-0.8716,-0.1237,-0.7385,10.0215,10.5287,11.0191,0.1884,10.4175
51.098,-0.8716,-0.1237,-0.7385,10.0215,10.5287,11.0191,0.1884,10.4175
51.103,-0.8716,-0.1237,-0.7385,10.0315,10.5387,11.0291,0.1884,10.4275
51.103,-0.8714,-0.1237,-0.7385,10.0307,10.5387,11.0291,0.1886,10.4267
51.103,-0.8716,-0.1237,-0.7386,10.0307,10.5379,11.0291,0.1884,10.4267
51.103,-0.8716,-0.1233,-0.7382,10.0307,10.5379,11.0292,0.1884,10.4267
51.199,-0.8716,-0.1233,-0.7382,10.0407,10.5479,11.0391,0.1884,10.4367
51.199,-0.8715,-0.1233,-0.7382,10.0399,10.5479,11.0391,0.1885,10.4359
51.199,-0.8717,-0.1233,-0.7382,10.0399,10.5471,11.0391,0.1883,10.4359
51.199,-0.8717,-0.1229,-0.7378,10.0399,10.5471,11.0392,0.1883,10.4359
51.300,-0.8717,-0.1229,-0.7378,10.0399,10.5471,11.0392,0.1883,10.4359
51.302,-0.8717,-0.1229,-0.7378,10.0499,10.5571,11.0492,0.1883,10.4459
51.303,-0.8715,-0.1229,-0.7378,10.0491,10.5571,11.0492,0.1885,10.4451
51.303,-0.8717,-0.1229,-0.7379,10.0491,10.5563,11.0492,0.1883,10.4451
51.303,-0.8717,-0.1225,-0.7375,10.0491,10.5563,11.0493,0.1883,10.4451
51.398,-0.8717,-0.1225,-0.7375,10.0591,10.5663,11.0592,0.1883,10.4551
51.399,-0.8715,-0.1224,-0.7375,10.0583,10.5663,11.0592,0.1885,10.4543
51.399,-0.8717,-0.1224,-0.7375,10.0583,10.5656,11.0592,0.1883,10.4543
51.399,-0.8717,-0.1221,-0.7371,10.0583,10.5656,11.0593,0.1883,10.4543
51.499,-0.8717,-0.1221,-0.7371,10.0583,10.5656,11.0593,0.1883,10.4543
51.504,-0.8717,-0.1221,-0.7371,10.0682,10.5755,11.0692,0.1883,10.4642
51.505,-0.8715,-0.1220,-0.7371,10.0674,10.5755,11.0692,0.1885,10.4634
51.505,-0.8717,-0.1220,-0.7372,10.0674,10.5748,11.0692,0.1883,10.4634
51.505,-0.8717,-0.1216,-0.7368,10.0674,10.5748,11.0694,0.1883,10.4634
51.599,-0.8717,-0.1216,-0.7368,10.0774,10.5848,11.0793,0.1883,10.4734
51.599,-0.8715,-0.1216,-0.7368,10.0765,10.5848,11.0793,0.1885,10.4725
51.600,-0.8717,-0.1216,-0.7369,10.0765,10.5841,11.0793,0.1883,10.4725
51.600,-0.8717,-0.1212,-0.7365,10.0765,10.5841,11.0794,0.1883,10.4725
51.700,-0.8717,-0.1212,-0.7365,10.0765,10.5841,11.0794,0.1883,10.4725
51.705,-0.8717,-0.1212,-0.7365,10.0865,10.5940,11.0893,0.1883,10.4825
51.705,-0.8714,-0.1211,-0.7365,10.0857,10.5940,11.0893,0.1886,10.4817
51.706,-0.8716,-0.1211,-0.7365,10.0857,10.5933,11.0893,0.1884,10.4817
51.706,-0.8716,-0.1208,-0.7361,10.0857,10.5933,11.0894,0.1884,10.4817
51.805,-0.8716,-0.1208,-0.7361,10.0956,10.6033,11.0994,0.1884,10.4916
51.805,-0.8714,-0.1207,-0.7361,10.0948,10.6033,11.0994,0.1886,10.4908
51.805,-0.8716,-0.1207,-0.7362,10.0948,10.6026,11.0994,0.1884,10.4908
51.805,-0.8716,-0.1203,-0.7358,10.0948,10.6026,11.0995,0.1884,10.4908
51.900,-0.8716,-0.1203,-0.7358,10.1047,10.6125,11.1094,0.1884,10.5007
51.900,-0.8714,-0.1203,-0.7358,10.1039,10.6125,11.1094,0.1886,10.4999
51.900,-0.8716,-0.1203,-0.7359,10.1039,10.6118,11.1094,0.1884,10.4999
51.900,-0.8716,-0.1199,-0.7355,10.1039,10.6118,11.1095,0.1884,10.4999
51.989,-0.8716,-0.1199,-0.7355,10.1139,10.6217,11.1195,0.1884,10.5099
51.990,-0.8713,-0.1198,-0.7355,10.1130,10.6217,11.1195,0.1887,10.5090
51.990,-0.8715,-0.1198,-0.7355,10.1130,10.6210,11.1195,0.1885,10.5090
51.990,-0.8715,-0.1195,-0.7351,10.1130,10.6210,11.1196,0.1885,10.5090
52.090,-0.8715,-0.1195,-0.7351,10.1130,10.6210,11.1196,0.1885,10.5090
52.111,-0.8715,-0.1195,-0.7351,10.1230,10.6310,11.1295,0.1885,10.5190
52.112,-0.8713,-0.1194,-0.7351,10.1222,10.6310,11.1295,0.1887,10.5182
52.112,-0.8715,-0.1194,-0.7352,10.1222,10.6303,11.1295,0.1885,10.5182
52.112,-0.8715,-0.1190,-0.7348,10.1222,10.6303,11.1296,0.1885,10.5182
52.197,-0.8715,-0.1190,-0.7348,10.1322,10.6402,11.1395,0.1885,10.5282
52.197,-0.8713,-0.1190,-0.7348,10.1314,10.6402,11.1395,0.1887,10.5274
52.197,-0.8715,-0.1190,-0.7348,10.1314,10.6395,11.1395,0.1885,10.5274
52.197,-0.8715,-0.1186,-0.7344,10.1314,10.6395,11.1397,0.1885,10.5274
52.297,-0.8715,-0.1186,-0.7344,10.1314,10.6395,11.1397,0.1885,10.5274
52.303,-0.8715,-0.1186,-0.7344,10.1414,10.6494,11.1496,0.1885,10.5374
52.303,-0.8714,-0.1186,-0.7344,10.1406,10.6494,11.1496,0.1886,10.5366
52.303,-0.8716,-0.1186,-0.7345,10.1406,10.6487,11.1496,0.1884,10.5366
52.303,-0.8716,-0.1182,-0.7341,10.1406,10.6487,11.1497,0.1884,10.5366
52.399,-0.8716,-0.1182,-0.7341,10.1505,10.6587,11.1596,0.1884,10.5465
52.399,-0.8714,-0.1182,-0.7341,10.1498,10.6587,11.1596,0.1886,10.5458
52.399,-0.8717,-0.1182,-0.7341,10.1498,10.6579,11.1596,0.1883,10.5458
52.399,-0.8717,-0.1179,-0.7337,10.1498,10.6579,11.1598,0.1883,10.5458
52.500,-0.8717,-0.1179,-0.7337,10.1498,10.6579,11.1598,0.1883,10.5458
52.504,-0.8717,-0.1179,-0.7337,10.1597,10.6679,11.1697,0.1883,10.5557
52.505,-0.8715,-0.1179,-0.7337,10.1590,10.6679,11.1697,0.1885,10.5550
52.505,-0.8717,-0.1179,-0.7338,10.1590,10.6671,11.1697,0.1883,10.5550
52.505,-0.8717,-0.1175,-0.7334,10.1590,10.6671,11.1698,0.1883,10.5550
52.603,-0.8717,-0.1175,-0.7334,10.1689,10.6771,11.1797,0.1883,10.5649
52.604,-0.8716,-0.1175,-0.7334,10.1682,10.6771,11.1797,0.1884,10.5642
52.604,-0.8718,-0.1175,-0.7334,10.1682,10.6763,11.1797,0.1882,10.5642
52.604,-0.8718,-0.1171,-0.7330,10.1682,10.6763,11.1798,0.1882,10.5642
52.690,-0.8718,-0.1171,-0.7330,10.1781,10.6863,11.1898,0.1882,10.5741
52.691,-0.8716,-0.1171,-0.7330,10.1774,10.6863,11.1898,0.1884,10.5734
52.691,-0.8719,-0.1171,-0.7330,10.1774,10.6856,11.1898,0.1881,10.5734
52.691,-0.8719,-0.1167,-0.7326,10.1774,10.6856,11.1899,0.1881,10.5734
52.791,-0.8719,-0.1167,-0.7326,10.1774,10.6856,11.1899,0.1881,10.5734
52.800,-0.8719,-0.1167,-0.7326,10.1873,10.6955,11.1998,0.1881,10.5833
52.800,-0.8717,-0.1167,-0.7326,10.1866,10.6955,11.1998,0.1883,10.5826
52.800,-0.8719,-0.1167,-0.7327,10.1866,10.6948,11.1998,0.1881,10.5826
52.801,-0.8719,-0.1163,-0.7323,10.1866,10.6948,11.1999,0.1881,10.5826
52.901,-0.8719,-0.1163,-0.7323,10.1866,10.6948,11.1999,0.1881,10.5826
52.911,-0.8719,-0.1163,-0.7323,10.1965,10.7047,11.2099,0.1881,10.5925
52.911,-0.8717,-0.1163,-0.7323,10.1957,10.7047,11.2099,0.1883,10.5917
52.911,-0.8719,-0.1163,-0.7323,10.1957,10.7040,11.2099,0.1881,10.5917
52.911,-0.8719,-0.1159,-0.7319,10.1957,10.7040,11.2100,0.1881,10.5917
52.995,-0.8719,-0.1159,-0.7319,10.2057,10.7139,11.2199,0.1881,10.6017
52.995,-0.8717,-0.1158,-0.7319,10.2049,10.7139,11.2199,0.1883,10.6009
52.995,-0.8719,-0.1158,-0.7320,10.2049,10.7132,11.2199,0.1881,10.6009
52.995,-0.8719,-0.1155,-0.7316,10.2049,10.7132,11.2200,0.1881,10.6009
53.095,-0.8719,-0.1155,-0.7316,10.2049,10.7132,11.2200,0.1881,10.6009
53.101,-0.8719,-0.1155,-0.7316,10.2149,10.7232,11.2300,0.1881,10.6109
53.101,-0.8717,-0.1154,-0.7316,10.2140,10.7232,11.2300,0.1883,10.6100
53.101,-0.8719,-0.1154,-0.7316,10.2140,10.7225,11.2300,0.1881,10.6100
53.101,-0.8719,-0.1150,-0.7312,10.2140,10.7225,11.2301,0.1881,10.6100
53.197,-0.8719,-0.1150,-0.7312,10.2240,10.7324,11.2400,0.1881,10.6200
53.198,-0.8716,-0.1149,-0.7312,10.2232,10.7324,11.2400,0.1884,10.6192
53.198,-0.8718,-0.1149,-0.7313,10.2232,10.7317,11.2400,0.1882,10.6192
53.198,-0.8718,-0.1146,-0.7309,10.2232,10.7317,11.2401,0.1882,10.6192
53.298,-0.8718,-0.1146,-0.7309,10.2232,10.7317,11.2401,0.1882,10.6192
53.303,-0.8718,-0.1146,-0.7309,10.2331,10.7417,11.2501,0.1882,10.6291
53.304,-0.8716,-0.1145,-0.7309,10.2323,10.7417,11.2501,0.1884,10.6283
53.304,-0.8718,-0.1145,-0.7309,10.2323,10.7410,11.2501,0.1882,10.6283
53.304,-0.8718,-0.1141,-0.7305,10.2323,10.7410,11.2502,0.1882,10.6283
53.400,-0.8718,-0.1141,-0.7305,10.2423,10.7510,11.2601,0.1882,10.6383
53.400,-0.8716,-0.1140,-0.7305,10.2414,10.7510,11.2601,0.1884,10.6374
53.401,-0.8718,-0.1140,-0.7306,10.2414,10.7502,11.2601,0.1882,10.6374
53.401,-0.8718,-0.1137,-0.7302,10.2414,10.7502,11.2602,0.1882,10.6374
53.490,-0.8718,-0.1137,-0.7302,10.2514,10.7602,11.2702,0.1882,10.6474
53.490,-0.8715,-0.1136,-0.7302,10.2506,10.7602,11.2702,0.1885,10.6466
53.490,-0.8717,-0.1136,-0.7302,10.2506,10.7595,11.2702,0.1883,10.6466
53.490,-0.8717,-0.1132,-0.7298,10.2506,10.7595,11.2703,0.1883,10.6466
53.591,-0.8717,-0.1132,-0.7298,10.2506,10.7595,11.2703,0.1883,10.6466
53.596,-0.8717,-0.1132,-0.7298,10.2605,10.7694,11.2802,0.1883,10.6565
53.596,-0.8715,-0.1132,-0.7298,10.2597,10.7694,11.2802,0.1885,10.6557
53.597,-0.8717,-0.1132,-0.7299,10.2597,10.7687,11.2802,0.1883,10.6557
53.597,-0.8717,-0.1128,-0.7295,10.2597,10.7687,11.2803,0.1883,10.6557
53.697,-0.8717,-0.1128,-0.7295,10.2597,10.7687,11.2803,0.1883,10.6557
53.709,-0.8717,-0.1128,-0.7295,10.2697,10.7787,11.2903,0.1883,10.6657
53.709,-0.8715,-0.1127,-0.7295,10.2689,10.7787,11.2903,0.1885,10.6649
53.709,-0.8717,-0.1127,-0.7295,10.2689,10.7780,11.2903,0.1883,10.6649
53.709,-0.8717,-0.1124,-0.7291,10.2689,10.7780,11.2904,0.1883,10.6649
53.805,-0.8717,-0.1124,-0.7291,10.2789,10.7879,11.3003,0.1883,10.6749
53.806,-0.8715,-0.1123,-0.7291,10.2781,10.7879,11.3003,0.1885,10.6741
53.806,-0.8717,-0.1123,-0.7292,10.2781,10.7872,11.3003,0.1883,10.6741
53.806,-0.8717,-0.1119,-0.7288,10.2781,10.7872,11.3004,0.1883,10.6741
53.906,-0.8717,-0.1119,-0.7288,10.2781,10.7872,11.3004,0.1883,10.6741
53.908,-0.8717,-0.1119,-0.7288,10.2880,10.7972,11.3104,0.1883,10.6840
53.908,-0.8716,-0.1119,-0.7288,10.2873,10.7972,11.3104,0.1884,10.6833
53.909,-0.8718,-0.1119,-0.7288,10.2873,10.7964,11.3104,0.1882,10.6833
53.909,-0.8718,-0.1116,-0.7284,10.2873,10.7964,11.3105,0.1882,10.6833
54.003,-0.8718,-0.1116,-0.7284,10.2972,10.8064,11.3204,0.1882,10.6932
54.003,-0.8716,-0.1116,-0.7284,10.2965,10.8064,11.3204,0.1884,10.6925
54.004,-0.8719,-0.1116,-0.7284,10.2965,10.8056,11.3204,0.1881,10.6925
54.004,-0.8719,-0.1112,-0.7280,10.2965,10.8056,11.3205,0.1881,10.6925
54.099,-0.8719,-0.1112,-0.7280,10.3065,10.8156,11.3305,0.1881,10.7025
54.099,-0.8717,-0.1112,-0.7280,10.3057,10.8156,11.3305,0.1883,10.7017
54.100,-0.8720,-0.1112,-0.7280,10.3057,10.8149,11.3305,0.1880,10.7017
54.100,-0.8720,-0.1108,-0.7276,10.3057,10.8149,11.3306,0.1880,10.7017
54.200,-0.8720,-0.1108,-0.7276,10.3057,10.8149,11.3306,0.1880,10.7017
54.206,-0.8720,-0.1108,-0.7276,10.3157,10.8248,11.3405,0.1880,10.7117
54.206,-0.8718,-0.1108,-0.7276,10.3149,10.8248,11.3405,0.1882,10.7109
54.206,-0.8720,-0.1108,-0.7277,10.3149,10.8241,11.3405,0.1880,10.7109
54.206,-0.8720,-0.1104,-0.7273,10.3149,10.8241,11.3406,0.1880,10.7109
54.302,-0.8720,-0.1104,-0.7273,10.3249,10.8340,11.3506,0.1880,10.7209
54.302,-0.8718,-0.1104,-0.7273,10.3241,10.8340,11.3506,0.1882,10.7201
54.302,-0.8721,-0.1104,-0.7273,10.3241,10.8333,11.3506,0.1879,10.7201
54.302,-0.8721,-0.1100,-0.7269,10.3241,10.8333,11.3507,0.1879,10.7201
54.399,-0.8721,-0.1100,-0.7269,10.3341,10.8432,11.3606,0.1879,10.7301
54.399,-0.8719,-0.1100,-0.7269,10.3333,10.8432,11.3606,0.1881,10.7293
54.399,-0.8721,-0.1100,-0.7269,10.3333,10.8425,11.3606,0.1879,10.7293
54.400,-0.8721,-0.1096,-0.7265,10.3333,10.8425,11.3607,0.1879,10.7293
54.500,-0.8721,-0.1096,-0.7265,10.3333,10.8425,11.3607,0.1879,10.7293
54.504,-0.8721,-0.1096,-0.7265,10.3433,10.8525,11.3707,0.1879,10.7393
54.504,-0.8719,-0.1095,-0.7265,10.3425,10.8525,11.3707,0.1881,10.7385
54.504,-0.8721,-0.1095,-0.7266,10.3425,10.8518,11.3707,0.1879,10.7385
54.504,-0.8721,-0.1091,-0.7262,10.3425,10.8518,11.3708,0.1879,10.7385
54.600,-0.8721,-0.1091,-0.7262,10.3524,10.8617,11.3807,0.1879,10.7484
54.600,-0.8719,-0.1091,-0.7262,10.3516,10.8617,11.3807,0.1881,10.7476
54.600,-0.8721,-0.1091,-0.7262,10.3516,10.8610,11.3807,0.1879,10.7476
54.600,-0.8721,-0.1087,-0.7258,10.3516,10.8610,11.3809,0.1879,10.7476
54.690,-0.8721,-0.1087,-0.7258,10.3616,10.8710,11.3908,0.1879,10.7576
54.690,-0.8719,-0.1086,-0.7258,10.3608,10.8710,11.3908,0.1881,10.7568
54.699,-0.8721,-0.1086,-0.7258,10.3608,10.8703,11.3908,0.1879,10.7568
54.699,-0.8721,-0.1083,-0.7254,10.3608,10.8703,11.3909,0.1879,10.7568
54.790,-0.8721,-0.1083,-0.7254,10.3707,10.8802,11.4008,0.1879,10.7667
54.791,-0.8718,-0.1082,-0.7254,10.3699,10.8802,11.4008,0.1882,10.7659
54.791,-0.8720,-0.1082,-0.7255,10.3699,10.8795,11.4008,0.1880,10.7659
54.791,-0.8720,-0.1078,-0.7251,10.3699,10.8795,11.4010,0.1880,10.7659
54.891,-0.8720,-0.1078,-0.7251,10.3699,10.8795,11.4010,0.1880,10.7659
54.900,-0.8720,-0.1078,-0.7251,10.3799,10.8895,11.4109,0.1880,10.7759
54.900,-0.8718,-0.1077,-0.7251,10.3790,10.8895,11.4109,0.1882,10.7750
54.900,-0.8720,-0.1077,-0.7251,10.3790,10.8888,11.4109,0.1880,10.7750
54.901,-0.8720,-0.1073,-0.7247,10.3790,10.8888,11.4110,0.1880,10.7750
54.996,-0.8720,-0.1073,-0.7247,10.3890,10.8987,11.4209,0.1880,10.7850
54.996,-0.8717,-0.1072,-0.7247,10.3882,10.8987,11.4209,0.1883,10.7842
54.997,-0.8719,-0.1072,-0.7247,10.3882,10.8980,11.4209,0.1881,10.7842
54.997,-0.8719,-0.1069,-0.7243,10.3882,10.8980,11.4211,0.1881,10.7842
55.097,-0.8719,-0.1069,-0.7243,10.3882,10.8980,11.4211,0.1881,10.7842
55.103,-0.8719,-0.1069,-0.7243,10.3981,10.9080,11.4310,0.1881,10.7941
55.103,-0.8717,-0.1068,-0.7243,10.3973,10.9080,11.4310,0.1883,10.7933
55.103,-0.8719,-0.1068,-0.7244,10.3973,10.9073,11.4310,0.1881,10.7933
55.103,-0.8719,-0.1064,-0.7240,10.3973,10.9073,11.4311,0.1881,10.7933
55.201,-0.8719,-0.1064,-0.7240,10.4073,10.9172,11.4410,0.1881,10.8033
55.201,-0.8717,-0.1064,-0.7240,10.4065,10.9172,11.4410,0.1883,10.8025
55.201,-0.8719,-0.1064,-0.7240,10.4065,10.9165,11.4410,0.1881,10.8025
55.201,-0.8719,-0.1060,-0.7236,10.4065,10.9165,11.4412,0.1881,10.8025
55.295,-0.8719,-0.1060,-0.7236,10.4165,10.9265,11.4511,0.1881,10.8125
55.295,-0.8717,-0.1059,-0.7236,10.4157,10.9265,11.4511,0.1883,10.8117
55.295,-0.8719,-0.1059,-0.7237,10.4157,10.9258,11.4511,0.1881,10.8117
55.295,-0.8719,-0.1055,-0.7233,10.4157,10.9258,11.4512,0.1881,10.8117
55.395,-0.8719,-0.1055,-0.7233,10.4157,10.9258,11.4512,0.1881,10.8117
55.402,-0.8719,-0.1055,-0.7233,10.4256,10.9357,11.4612,0.1881,10.8216
55.402,-0.8717,-0.1055,-0.7233,10.4249,10.9357,11.4612,0.1883,10.8209
55.402,-0.8720,-0.1055,-0.7233,10.4249,10.9350,11.4612,0.1880,10.8209
55.402,-0.8720,-0.1051,-0.7229,10.4249,10.9350,11.4613,0.1880,10.8209
55.498,-0.8720,-0.1051,-0.7229,10.4348,10.9449,11.4712,0.1880,10.8308
55.498,-0.8718,-0.1051,-0.7229,10.4341,10.9449,11.4712,0.1882,10.8301
55.498,-0.8720,-0.1051,-0.7229,10.4341,10.9442,11.4712,0.1880,10.8301
55.498,-0.8720,-0.1048,-0.7225,10.4341,10.9442,11.4713,0.1880,10.8301
55.599,-0.8720,-0.1048,-0.7225,10.4341,10.9442,11.4713,0.1880,10.8301
55.600,-0.8720,-0.1048,-0.7225,10.4441,10.9542,11.4813,0.1880,10.8401
55.600,-0.8719,-0.1047,-0.7225,10.4433,10.9542,11.4813,0.1881,10.8393
55.600,-0.8721,-0.1047,-0.7225,10.4433,10.9534,11.4813,0.1879,10.8393
55.600,-0.8721,-0.1044,-0.7221,10.4433,10.9534,11.4814,0.1879,10.8393
55.690,-0.8721,-0.1044,-0.7221,10.4533,10.9634,11.4913,0.1879,10.8493
55.690,-0.8720,-0.1043,-0.7221,10.4525,10.9634,11.4913,0.1880,10.8485
55.690,-0.8722,-0.1043,-0.7221,10.4525,10.9627,11.4913,0.1878,10.8485
55.690,-0.8722,-0.1040,-0.7217,10.4525,10.9627,11.4915,0.1878,10.8485
55.790,-0.8722,-0.1040,-0.7217,10.4525,10.9627,11.4915,0.1878,10.8485
55.807,-0.8722,-0.1040,-0.7217,10.4625,10.9726,11.5014,0.1878,10.8585
55.807,-0.8720,-0.1039,-0.7217,10.4617,10.9726,11.5014,0.1880,10.8577
55.807,-0.8722,-0.1039,-0.7217,10.4617,10.9719,11.5014,0.1878,10.8577
55.807,-0.8722,-0.1036,-0.7213,10.4617,10.9719,11.5015,0.1878,10.8577
55.903,-0.8722,-0.1036,-0.7213,10.4717,10.9818,11.5114,0.1878,10.8677
55.903,-0.8721,-0.1035,-0.7213,10.4709,10.9818,11.5114,0.1879,10.8669
55.903,-0.8723,-0.1035,-0.7213,10.4709,10.9811,11.5114,0.1877,10.8669
55.903,-0.8723,-0.1031,-0.7209,10.4709,10.9811,11.5116,0.1877,10.8669
55.999,-0.8723,-0.1031,-0.7209,10.4809,10.9911,11.5215,0.1877,10.8769
55.999,-0.8721,-0.1031,-0.7209,10.4801,10.9911,11.5215,0.1879,10.8761
55.999,-0.8723,-0.1031,-0.7209,10.4801,10.9903,11.5215,0.1877,10.8761
55.999,-0.8723,-0.1027,-0.7205,10.4801,10.9903,11.5216,0.1877,10.8761
56.100,-0.8723,-0.1027,-0.7205,10.4801,10.9903,11.5216,0.1877,10.8761
56.104,-0.8723,-0.1027,-0.7205,10.4901,11.0003,11.5316,0.1877,10.8861
56.104,-0.8721,-0.1026,-0.7205,10.4893,11.0003,11.5316,0.1879,10.8853
56.104,-0.8723,-0.1026,-0.7206,10.4893,10.9996,11.5316,0.1877,10.8853
56.104,-0.8723,-0.1023,-0.7202,10.4893,10.9996,11.5317,0.1877,10.8853
56.199,-0.8723,-0.1023,-0.7202,10.4993,11.0096,11.5416,0.1877,10.8953
56.200,-0.8721,-0.1022,-0.7202,10.4985,11.0096,11.5416,0.1879,10.8945
56.200,-0.8723,-0.1022,-0.7202,10.4985,11.0089,11.5416,0.1877,10.8945
56.200,-0.8723,-0.1018,-0.7198,10.4985,11.0089,11.5417,0.1877,10.8945
56.300,-0.8723,-0.1018,-0.7198,10.4985,11.0089,11.5417,0.1877,10.8945
56.306,-0.8723,-0.1018,-0.7198,10.5084,11.0188,11.5517,0.1877,10.9044
56.306,-0.8720,-0.1017,-0.7198,10.5076,11.0188,11.5517,0.1880,10.9036
56.306,-0.8722,-0.1017,-0.7198,10.5076,11.0181,11.5517,0.1878,10.9036
56.306,-0.8722,-0.1013,-0.7194,10.5076,11.0181,11.5518,0.1878,10.9036
56.402,-0.8722,-0.1013,-0.7194,10.5176,11.0281,11.5617,0.1878,10.9136
56.402,-0.8720,-0.1013,-0.7194,10.5168,11.0281,11.5617,0.1880,10.9128
56.402,-0.8722,-0.1013,-0.7194,10.5168,11.0274,11.5617,0.1878,10.9128
56.402,-0.8722,-0.1009,-0.7190,10.5168,11.0274,11.5619,0.1878,10.9128
56.498,-0.8722,-0.1009,-0.7190,10.5267,11.0373,11.5718,0.1878,10.9227
56.498,-0.8720,-0.1008,-0.7190,10.5259,11.0373,11.5718,0.1880,10.9219
56.498,-0.8722,-0.1008,-0.7191,10.5259,11.0366,11.5718,0.1878,10.9219
56.498,-0.8722,-0.1004,-0.7187,10.5259,11.0366,11.5719,0.1878,10.9219
56.599,-0.8722,-0.1004,-0.7187,10.5259,11.0366,11.5719,0.1878,10.9219
56.604,-0.8722,-0.1004,-0.7187,10.5359,11.0466,11.5818,0.1878,10.9319
56.604,-0.8719,-0.1003,-0.7187,10.5351,11.0466,11.5818,0.1881,10.9311
56.604,-0.8721,-0.1003,-0.7187,10.5351,11.0459,11.5818,0.1879,10.9311
56.604,-0.8721,-0.1000,-0.7183,10.5351,11.0459,11.5820,0.1879,10.9311
56.700,-0.8721,-0.1000,-0.7183,10.5450,11.0559,11.5919,0.1879,10.9410
56.701,-0.8719,-0.0999,-0.7183,10.5442,11.0559,11.5919,0.1881,10.9402
56.701,-0.8721,-0.0999,-0.7183,10.5442,11.0552,11.5919,0.1879,10.9402
56.701,-0.8721,-0.0995,-0.7179,10.5442,11.0552,11.5920,0.1879,10.9402
56.796,-0.8721,-0.0995,-0.7179,10.5542,11.0651,11.6020,0.1879,10.9502
56.796,-0.8719,-0.0994,-0.7179,10.5534,11.0651,11.6020,0.1881,10.9494
56.796,-0.8721,-0.0994,-0.7180,10.5534,11.0644,11.6020,0.1879,10.9494
56.796,-0.8721,-0.0991,-0.7176,10.5534,11.0644,11.6021,0.1879,10.9494
56.897,-0.8721,-0.0991,-0.7176,10.5534,11.0644,11.6021,0.1879,10.9494
56.902,-0.8721,-0.0991,-0.7176,10.5634,11.0744,11.6120,0.1879,10.9594
56.902,-0.8719,-0.0990,-0.7176,10.5626,11.0744,11.6120,0.1881,10.9586
56.902,-0.8721,-0.0990,-0.7176,10.5626,11.0736,11.6120,0.1879,10.9586
56.903,-0.8721,-0.0986,-0.7172,10.5626,11.0736,11.6122,0.1879,10.9586
56.999,-0.8721,-0.0986,-0.7172,10.5726,11.0836,11.6221,0.1879,10.9686
56.999,-0.8720,-0.0986,-0.7172,10.5718,11.0836,11.6221,0.1880,10.9678
56.999,-0.8722,-0.0986,-0.7172,10.5718,11.0829,11.6221,0.1878,10.9678
56.999,-0.8722,-0.0982,-0.7168,10.5718,11.0829,11.6222,0.1878,10.9678
57.099,-0.8722,-0.0982,-0.7168,10.5718,11.0829,11.6222,0.1878,10.9678
57.105,-0.8722,-0.0982,-0.7168,10.5818,11.0928,11.6321,0.1878,10.9778
57.105,-0.8720,-0.0982,-0.7168,10.5811,11.0928,11.6321,0.1880,10.9771
57.106,-0.8723,-0.0982,-0.7168,10.5811,11.0921,11.6321,0.1877,10.9771
57.106,-0.8723,-0.0978,-0.7164,10.5811,11.0921,11.6323,0.1877,10.9771
57.201,-0.8723,-0.0978,-0.7164,10.5910,11.1021,11.6422,0.1877,10.9870
57.201,-0.8721,-0.0978,-0.7164,10.5903,11.1021,11.6422,0.1879,10.9863
57.201,-0.8724,-0.0978,-0.7164,10.5903,11.1013,11.6422,0.1876,10.9863
57.201,-0.8724,-0.0974,-0.7160,10.5903,11.1013,11.6423,0.1876,10.9863
57.297,-0.8724,-0.0974,-0.7160,10.6002,11.1113,11.6522,0.1876,10.9962
57.297,-0.8722,-0.0974,-0.7160,10.5995,11.1113,11.6522,0.1878,10.9955
57.297,-0.8724,-0.0974,-0.7160,10.5995,11.1106,11.6522,0.1876,10.9955
57.297,-0.8724,-0.0970,-0.7156,10.5995,11.1106,11.6524,0.1876,10.9955
57.398,-0.8724,-0.0970,-0.7156,10.5995,11.1106,11.6524,0.1876,10.9955
57.403,-0.8724,-0.0970,-0.7156,10.6095,11.1205,11.6623,0.1876,11.0055
57.403,-0.8722,-0.0970,-0.7156,10.6087,11.1205,11.6623,0.1878,11.0047
57.403,-0.8725,-0.0970,-0.7156,10.6087,11.1198,11.6623,0.1875,11.0047
57.403,-0.8725,-0.0966,-0.7152,10.6087,11.1198,11.6624,0.1875,11.0047
57.500,-0.8725,-0.0966,-0.7152,10.6187,11.1297,11.6724,0.1875,11.0147
57.500,-0.8723,-0.0966,-0.7152,10.6179,11.1297,11.6724,0.1877,11.0139
57.500,-0.8725,-0.0966,-0.7152,10.6179,11.1290,11.6724,0.1875,11.0139
57.500,-0.8725,-0.0962,-0.7148,10.6179,11.1290,11.6725,0.1875,11.0139
57.590,-0.8725,-0.0962,-0.7148,10.6279,11.1390,11.6824,0.1875,11.0239
57.591,-0.8723,-0.0961,-0.7148,10.6271,11.1390,11.6824,0.1877,11.0231
57.591,-0.8725,-0.0961,-0.7148,10.6271,11.1383,11.6824,0.1875,11.0231
57.591,-0.8725,-0.0958,-0.7144,10.6271,11.1383,11.6825,0.1875,11.0231
57.691,-0.8725,-0.0958,-0.7144,10.6271,11.1383,11.6825,0.1875,11.0231
57.695,-0.8725,-0.0958,-0.7144,10.6371,11.1482,11.6925,0.1875,11.0331
57.695,-0.8723,-0.0957,-0.7144,10.6363,11.1482,11.6925,0.1877,11.0323
57.695,-0.8725,-0.0957,-0.7144,10.6363,11.1475,11.6925,0.1875,11.0323
57.695,-0.8725,-0.0953,-0.7140,10.6363,11.1475,11.6926,0.1875,11.0323
57.796,-0.8725,-0.0953,-0.7140,10.6363,11.1475,11.6926,0.1875,11.0323
57.800,-0.8725,-0.0953,-0.7140,10.6462,11.1575,11.7025,0.1875,11.0422
57.800,-0.8723,-0.0952,-0.7140,10.6454,11.1575,11.7025,0.1877,11.0414
57.800,-0.8725,-0.0952,-0.7140,10.6454,11.1568,11.7025,0.1875,11.0414
57.801,-0.8725,-0.0948,-0.7136,10.6454,11.1568,11.7026,0.1875,11.0414
57.897,-0.8725,-0.0948,-0.7136,10.6554,11.1668,11.7126,0.1875,11.0514
57.897,-0.8722,-0.0947,-0.7136,10.6546,11.1668,11.7126,0.1878,11.0506
57.897,-0.8724,-0.0947,-0.7136,10.6546,11.1661,11.7126,0.1876,11.0506
57.897,-0.8724,-0.0944,-0.7133,10.6546,11.1661,11.7127,0.1876,11.0506
57.997,-0.8724,-0.0944,-0.7133,10.6546,11.1661,11.7127,0.1876,11.0506
58.002,-0.8724,-0.0944,-0.7133,10.6645,11.1760,11.7226,0.1876,11.0605
58.002,-0.8722,-0.0943,-0.7133,10.6637,11.1760,11.7226,0.1878,11.0597
58.002,-0.8724,-0.0943,-0.7133,10.6637,11.1753,11.7226,0.1876,11.0597
58.003,-0.8724,-0.0939,-0.7129,10.6637,11.1753,11.7228,0.1876,11.0597
58.099,-0.8724,-0.0939,-0.7129,10.6737,11.1853,11.7327,0.1876,11.0697
58.099,-0.8722,-0.0938,-0.7129,10.6729,11.1853,11.7327,0.1878,11.0689
58.099,-0.8724,-0.0938,-0.7129,10.6729,11.1846,11.7327,0.1876,11.0689
58.099,-0.8724,-0.0934,-0.7125,10.6729,11.1846,11.7328,0.1876,11.0689
58.199,-0.8724,-0.0934,-0.7125,10.6729,11.1846,11.7328,0.1876,11.0689
58.205,-0.8724,-0.0934,-0.7125,10.6828,11.1946,11.7427,0.1876,11.0788
58.205,-0.8721,-0.0933,-0.7125,10.6820,11.1946,11.7427,0.1879,11.0780
58.205,-0.8723,-0.0933,-0.7125,10.6820,11.1939,11.7427,0.1877,11.0780
58.205,-0.8723,-0.0930,-0.7121,10.6820,11.1939,11.7429,0.1877,11.0780
58.302,-0.8723,-0.0930,-0.7121,10.6920,11.2038,11.7528,0.1877,11.0880
58.302,-0.8721,-0.0929,-0.7121,10.6912,11.2038,11.7528,0.1879,11.0872
58.302,-0.8723,-0.0929,-0.7121,10.6912,11.2031,11.7528,0.1877,11.0872
58.302,-0.8723,-0.0925,-0.7117,10.6912,11.2031,11.7529,0.1877,11.0872
58.399,-0.8723,-0.0925,-0.7117,10.7012,11.2131,11.7629,0.1877,11.0972
58.400,-0.8721,-0.0925,-0.7117,10.7004,11.2131,11.7629,0.1879,11.0964
58.400,-0.8723,-0.0925,-0.7117,10.7004,11.2124,11.7629,0.1877,11.0964
58.400,-0.8723,-0.0921,-0.7114,10.7004,11.2124,11.7630,0.1877,11.0964
58.500,-0.8723,-0.0921,-0.7114,10.7004,11.2124,11.7630,0.1877,11.0964
58.505,-0.8723,-0.0921,-0.7114,10.7104,11.2223,11.7729,0.1877,11.1064
58.505,-0.8722,-0.0920,-0.7114,10.7097,11.2223,11.7729,0.1878,11.1057
58.505,-0.8724,-0.0920,-0.7114,10.7097,11.2216,11.7729,0.1876,11.1057
58.505,-0.8724,-0.0917,-0.7110,10.7097,11.2216,11.7730,0.1876,11.1057
58.601,-0.8724,-0.0917,-0.7110,10.7196,11.2316,11.7830,0.1876,11.1156
58.601,-0.8722,-0.0916,-0.7110,10.7189,11.2316,11.7830,0.1878,11.1149
58.601,-0.8725,-0.0916,-0.7109,10.7189,11.2308,11.7830,0.1875,11.1149
58.601,-0.8725,-0.0913,-0.7105,10.7189,11.2308,11.7831,0.1875,11.1149
58.698,-0.8725,-0.0913,-0.7105,10.7289,11.2408,11.7930,0.1875,11.1249
58.699,-0.8723,-0.0912,-0.7105,10.7281,11.2408,11.7930,0.1877,11.1241
58.699,-0.8725,-0.0912,-0.7105,10.7281,11.2401,11.7930,0.1875,11.1241
58.699,-0.8725,-0.0909,-0.7101,10.7281,11.2401,11.7931,0.1875,11.1241
58.799,-0.8725,-0.0909,-0.7101,10.7281,11.2401,11.7931,0.1875,11.1241
58.804,-0.8725,-0.0909,-0.7101,10.7381,11.2500,11.8031,0.1875,11.1341
58.804,-0.8724,-0.0908,-0.7101,10.7373,11.2500,11.8031,0.1876,11.1333
58.804,-0.8726,-0.0908,-0.7101,10.7373,11.2493,11.8031,0.1874,11.1333
58.804,-0.8726,-0.0905,-0.7097,10.7373,11.2493,11.8032,0.1874,11.1333
58.902,-0.8726,-0.0905,-0.7097,10.7473,11.2593,11.8131,0.1874,11.1433
58.902,-0.8724,-0.0904,-0.7097,10.7466,11.2593,11.8131,0.1876,11.1426
58.902,-0.8727,-0.0904,-0.7097,10.7466,11.2585,11.8131,0.1873,11.1426
58.902,-0.8727,-0.0901,-0.7093,10.7466,11.2585,11.8132,0.1873,11.1426
59.003,-0.8727,-0.0901,-0.7093,10.7565,11.2685,11.8232,0.1873,11.1525
59.003,-0.8725,-0.0900,-0.7093,10.7558,11.2685,11.8232,0.1875,11.1518
59.003,-0.8727,-0.0900,-0.7093,10.7558,11.2678,11.8232,0.1873,11.1518
59.003,-0.8727,-0.0896,-0.7089,10.7558,11.2678,11.8233,0.1873,11.1518
59.099,-0.8727,-0.0896,-0.7089,10.7657,11.2777,11.8332,0.1873,11.1617
59.100,-0.8725,-0.0896,-0.7089,10.7650,11.2777,11.8332,0.1875,11.1610
59.100,-0.8727,-0.0896,-0.7089,10.7650,11.2770,11.8332,0.1873,11.1610
59.100,-0.8727,-0.0892,-0.7085,10.7650,11.2770,11.8333,0.1873,11.1610
59.200,-0.8727,-0.0892,-0.7085,10.7650,11.2770,11.8333,0.1873,11.1610
59.206,-0.8727,-0.0892,-0.7085,10.7749,11.2870,11.8433,0.1873,11.1709
59.206,-0.8725,-0.0891,-0.7085,10.7742,11.2870,11.8433,0.1875,11.1702
59.206,-0.8727,-0.0891,-0.7085,10.7742,11.2863,11.8433,0.1873,11.1702
59.206,-0.8727,-0.0888,-0.7081,10.7742,11.2863,11.8434,0.1873,11.1702
59.302,-0.8727,-0.0888,-0.7081,10.7841,11.2962,11.8533,0.1873,11.1801
59.302,-0.8725,-0.0887,-0.7081,10.7833,11.2962,11.8533,0.1875,11.1793
59.302,-0.8727,-0.0887,-0.7081,10.7833,11.2955,11.8533,0.1873,11.1793
59.302,-0.8727,-0.0883,-0.7077,10.7833,11.2955,11.8534,0.1873,11.1793
59.389,-0.8727,-0.0883,-0.7077,10.7933,11.3055,11.8634,0.1873,11.1893
59.390,-0.8725,-0.0882,-0.7077,10.7925,11.3055,11.8634,0.1875,11.1885
59.390,-0.8727,-0.0882,-0.7077,10.7925,11.3048,11.8634,0.1873,11.1885
59.390,-0.8727,-0.0878,-0.7073,10.7925,11.3048,11.8635,0.1873,11.1885
59.490,-0.8727,-0.0878,-0.7073,10.7925,11.3048,11.8635,0.1873,11.1885
59.497,-0.8727,-0.0878,-0.7073,10.8024,11.3148,11.8734,0.1873,11.1984
59.497,-0.8724,-0.0877,-0.7073,10.8016,11.3148,11.8734,0.1876,11.1976
59.497,-0.8726,-0.0877,-0.7073,10.8016,11.3141,11.8734,0.1874,11.1976
59.497,-0.8726,-0.0873,-0.7070,10.8016,11.3141,11.8735,0.1874,11.1976
59.598,-0.8726,-0.0873,-0.7070,10.8016,11.3141,11.8735,0.1874,11.1976
59.601,-0.8726,-0.0873,-0.7070,10.8116,11.3240,11.8835,0.1874,11.2076
59.601,-0.8724,-0.0872,-0.7070,10.8108,11.3240,11.8835,0.1876,11.2068
59.601,-0.8726,-0.0872,-0.7070,10.8108,11.3234,11.8835,0.1874,11.2068
59.601,-0.8726,-0.0869,-0.7066,10.8108,11.3234,11.8836,0.1874,11.2068
59.696,-0.8726,-0.0869,-0.7066,10.8207,11.3333,11.8935,0.1874,11.2167
59.696,-0.8724,-0.0868,-0.7066,10.8199,11.3333,11.8935,0.1876,11.2159
59.696,-0.8726,-0.0868,-0.7066,10.8199,11.3326,11.8935,0.1874,11.2159
59.696,-0.8726,-0.0864,-0.7062,10.8199,11.3326,11.8936,0.1874,11.2159
59.797,-0.8726,-0.0864,-0.7062,10.8199,11.3326,11.8936,0.1874,11.2159
59.800,-0.8726,-0.0864,-0.7062,10.8299,11.3426,11.9036,0.1874,11.2259
59.800,-0.8723,-0.0863,-0.7062,10.8291,11.3426,11.9036,0.1877,11.2251
59.800,-0.8725,-0.0863,-0.7062,10.8291,11.3419,11.9036,0.1875,11.2251
59.800,-0.8725,-0.0860,-0.7058,10.8291,11.3419,11.9037,0.1875,11.2251
59.895,-0.8725,-0.0860,-0.7058,10.8391,11.3518,11.9136,0.1875,11.2351
59.895,-0.8723,-0.0859,-0.7058,10.8383,11.3518,11.9136,0.1877,11.2343
59.895,-0.8725,-0.0859,-0.7058,10.8383,11.3511,11.9136,0.1875,11.2343
59.896,-0.8725,-0.0855,-0.7054,10.8383,11.3511,11.9137,0.1875,11.2343
59.996,-0.8725,-0.0855,-0.7054,10.8383,11.3511,11.9137,0.1875,11.2343
60.002,-0.8725,-0.0855,-0.7054,10.8483,11.3611,11.9237,0.1875,11.2443
60.002,-0.8724,-0.0854,-0.7054,10.8475,11.3611,11.9237,0.1876,11.2435
60.002,-0.8726,-0.0854,-0.7054,10.8475,11.3604,11.9237,0.1874,11.2435
60.002,-0.8726,-0.0851,-0.7050,10.8475,11.3604,11.9238,0.1874,11.2435
60.098,-0.8726,-0.0851,-0.7050,10.8575,11.3703,11.9337,0.1874,11.2535
60.098,-0.8724,-0.0850,-0.7050,10.8568,11.3703,11.9337,0.1876,11.2528
60.099,-0.8726,-0.0850,-0.7050,10.8568,11.3696,11.9337,0.1874,11.2528
60.099,-0.8726,-0.0847,-0.7046,10.8568,11.3696,11.9338,0.1874,11.2528
60.198,-0.8726,-0.0847,-0.7046,10.8667,11.3796,11.9438,0.1874,11.2627
60.198,-0.8725,-0.0846,-0.7046,10.8660,11.3796,11.9438,0.1875,11.2620
60.198,-0.8727,-0.0846,-0.7046,10.8660,11.3789,11.9438,0.1873,11.2620
60.198,-0.8727,-0.0843,-0.7042,10.8660,11.3789,11.9439,0.1873,11.2620
60.298,-0.8727,-0.0843,-0.7042,10.8660,11.3789,11.9439,0.1873,11.2620
60.307,-0.8727,-0.0843,-0.7042,10.8760,11.3888,11.9538,0.1873,11.2720
60.307,-0.8725,-0.0842,-0.7042,10.8752,11.3888,11.9538,0.1875,11.2712
60.307,-0.8728,-0.0842,-0.7042,10.8752,11.3881,11.9538,0.1872,11.2712
60.307,-0.8728,-0.0839,-0.7038,10.8752,11.3881,11.9539,0.1872,11.2712
60.403,-0.8728,-0.0839,-0.7038,10.8852,11.3981,11.9639,0.1872,11.2812
60.403,-0.8726,-0.0838,-0.7038,10.8845,11.3981,11.9639,0.1874,11.2805
60.403,-0.8728,-0.0838,-0.7037,10.8845,11.3973,11.9639,0.1872,11.2805
60.403,-0.8728,-0.0835,-0.7034,10.8845,11.3973,11.9640,0.1872,11.2805
60.503,-0.8728,-0.0835,-0.7034,10.8944,11.4073,11.9739,0.1872,11.2904
60.503,-0.8727,-0.0834,-0.7034,10.8937,11.4073,11.9739,0.1873,11.2897
60.503,-0.8729,-0.0834,-0.7033,10.8937,11.4066,11.9739,0.1871,11.2897
60.503,-0.8729,-0.0830,-0.7029,10.8937,11.4066,11.9740,0.1871,11.2897
60.601,-0.8729,-0.0830,-0.7029,10.9036,11.4165,11.9840,0.1871,11.2996
60.601,-0.8727,-0.0830,-0.7029,10.9029,11.4165,11.9840,0.1873,11.2989
60.601,-0.8729,-0.0830,-0.7029,10.9029,11.4158,11.9840,0.1871,11.2989
60.601,-0.8729,-0.0826,-0.7025,10.9029,11.4158,11.9841,0.1871,11.2989
60.696,-0.8729,-0.0826,-0.7025,10.9129,11.4258,11.9940,0.1871,11.3089
60.696,-0.8727,-0.0825,-0.7025,10.9121,11.4258,11.9940,0.1873,11.3081
60.697,-0.8729,-0.0825,-0.7025,10.9121,11.4251,11.9940,0.1871,11.3081
60.697,-0.8729,-0.0822,-0.7021,10.9121,11.4251,11.9941,0.1871,11.3081
60.797,-0.8729,-0.0822,-0.7021,10.9121,11.4251,11.9941,0.1871,11.3081
60.802,-0.8729,-0.0822,-0.7021,10.9221,11.4350,12.0041,0.1871,11.3181
60.802,-0.8727,-0.0820,-0.7021,10.9213,11.4350,12.0041,0.1873,11.3173
60.802,-0.8729,-0.0820,-0.7021,10.9213,11.4343,12.0041,0.1871,11.3173
60.802,-0.8729,-0.0817,-0.7017,10.9213,11.4343,12.0042,0.1871,11.3173
60.900,-0.8729,-0.0817,-0.7017,10.9312,11.4443,12.0141,0.1871,11.3272
60.900,-0.8727,-0.0816,-0.7017,10.9304,11.4443,12.0141,0.1873,11.3264
60.900,-0.8729,-0.0816,-0.7017,10.9304,11.4436,12.0141,0.1871,11.3264
60.901,-0.8729,-0.0812,-0.7013,10.9304,11.4436,12.0142,0.1871,11.3264
61.001,-0.8729,-0.0812,-0.7013,10.9304,11.4436,12.0142,0.1871,11.3264
61.001,-0.8729,-0.0812,-0.7013,10.9404,11.4536,12.0242,0.1871,11.3364
61.002,-0.8726,-0.0811,-0.7013,10.9396,11.4536,12.0242,0.1874,11.3356
61.002,-0.8728,-0.0811,-0.7013,10.9396,11.4529,12.0242,0.1872,11.3356
61.002,-0.8728,-0.0807,-0.7009,10.9396,11.4529,12.0243,0.1872,11.3356
61.098,-0.8728,-0.0807,-0.7009,10.9496,11.4629,12.0342,0.1872,11.3456
61.098,-0.8726,-0.0806,-0.7009,10.9488,11.4629,12.0342,0.1874,11.3448
61.098,-0.8728,-0.0806,-0.7009,10.9488,11.4622,12.0342,0.1872,11.3448
61.099,-0.8728,-0.0803,-0.7005,10.9488,11.4622,12.0343,0.1872,11.3448
61.199,-0.8728,-0.0803,-0.7005,10.9488,11.4622,12.0343,0.1872,11.3448
61.204,-0.8728,-0.0803,-0.7005,10.9587,11.4721,12.0443,0.1872,11.3547
61.204,-0.8726,-0.0802,-0.7005,10.9579,11.4721,12.0443,0.1874,11.3539
61.204,-0.8728,-0.0802,-0.7005,10.9579,11.4715,12.0443,0.1872,11.3539
61.204,-0.8728,-0.0798,-0.7002,10.9579,11.4715,12.0444,0.1872,11.3539
61.299,-0.8728,-0.0798,-0.7002,10.9679,11.4814,12.0543,0.1872,11.3639
61.299,-0.8725,-0.0797,-0.7002,10.9671,11.4814,12.0543,0.1875,11.3631
61.299,-0.8727,-0.0797,-0.7001,10.9671,11.4807,12.0543,0.1873,11.3631
61.299,-0.8727,-0.0793,-0.6998,10.9671,11.4807,12.0544,0.1873,11.3631
61.399,-0.8727,-0.0793,-0.6998,10.9671,11.4807,12.0544,0.1873,11.3631
61.407,-0.8727,-0.0793,-0.6998,10.9771,11.4907,12.0644,0.1873,11.3731
61.407,-0.8725,-0.0792,-0.6998,10.9763,11.4907,12.0644,0.1875,11.3723
61.407,-0.8727,-0.0792,-0.6997,10.9763,11.4900,12.0644,0.1873,11.3723
61.407,-0.8727,-0.0789,-0.6994,10.9763,11.4900,12.0645,0.1873,11.3723
61.502,-0.8727,-0.0789,-0.6994,10.9863,11.4999,12.0744,0.1873,11.3823
61.503,-0.8725,-0.0788,-0.6994,10.9855,11.4999,12.0744,0.1875,11.3815
61.503,-0.8728,-0.0788,-0.6993,10.9855,11.4992,12.0744,0.1872,11.3815
61.503,-0.8728,-0.0784,-0.6990,10.9855,11.4992,12.0745,0.1872,11.3815
61.596,-0.8728,-0.0784,-0.6990,10.9955,11.5092,12.0845,0.1872,11.3915
61.596,-0.8726,-0.0784,-0.6990,10.9947,11.5092,12.0845,0.1874,11.3907
61.597,-0.8728,-0.0784,-0.6989,10.9947,11.5085,12.0845,0.1872,11.3907
61.597,-0.8728,-0.0780,-0.6985,10.9947,11.5085,12.0846,0.1872,11.3907
61.697,-0.8728,-0.0780,-0.6985,10.9947,11.5085,12.0846,0.1872,11.3907
61.702,-0.8728,-0.0780,-0.6985,11.0047,11.5184,12.0945,0.1872,11.4007
61.702,-0.8726,-0.0780,-0.6985,11.0040,11.5184,12.0945,0.1874,11.4000
61.702,-0.8729,-0.0780,-0.6985,11.0040,11.5177,12.0945,0.1871,11.4000
61.703,-0.8729,-0.0776,-0.6981,11.0040,11.5177,12.0946,0.1871,11.4000
61.797,-0.8729,-0.0776,-0.6981,11.0139,11.5277,12.1046,0.1871,11.4099
61.797,-0.8727,-0.0776,-0.6981,11.0132,11.5277,12.1046,0.1873,11.4092
61.797,-0.8729,-0.0776,-0.6981,11.0132,11.5270,12.1046,0.1871,11.4092
61.798,-0.8729,-0.0772,-0.6977,11.0132,11.5270,12.1047,0.1871,11.4092
61.898,-0.8729,-0.0772,-0.6977,11.0132,11.5270,12.1047,0.1871,11.4092
61.900,-0.8729,-0.0772,-0.6977,11.0232,11.5369,12.1146,0.1871,11.4192
61.901,-0.8728,-0.0772,-0.6977,11.0224,11.5369,12.1146,0.1872,11.4184
61.901,-0.8730,-0.0772,-0.6976,11.0224,11.5362,12.1146,0.1870,11.4184
61.901,-0.8730,-0.0768,-0.6973,11.0224,11.5362,12.1147,0.1870,11.4184
62.001,-0.8730,-0.0768,-0.6973,11.0224,11.5362,12.1147,0.1870,11.4184
62.002,-0.8730,-0.0768,-0.6973,11.0324,11.5462,12.1246,0.1870,11.4284
62.002,-0.8728,-0.0767,-0.6973,11.0317,11.5462,12.1246,0.1872,11.4277
62.002,-0.8731,-0.0767,-0.6972,11.0317,11.5454,12.1246,0.1869,11.4277
62.002,-0.8731,-0.0764,-0.6968,11.0317,11.5454,12.1248,0.1869,11.4277
62.102,-0.8731,-0.0764,-0.6968,11.0317,11.5454,12.1248,0.1869,11.4277
62.104,-0.8731,-0.0764,-0.6968,11.0416,11.5554,12.1347,0.1869,11.4376
62.104,-0.8729,-0.0763,-0.6968,11.0409,11.5554,12.1347,0.1871,11.4369
62.104,-0.8731,-0.0763,-0.6968,11.0409,11.5547,12.1347,0.1869,11.4369
62.105,-0.8731,-0.0759,-0.6964,11.0409,11.5547,12.1348,0.1869,11.4369
62.200,-0.8731,-0.0759,-0.6964,11.0508,11.5646,12.1447,0.1869,11.4468
62.200,-0.8729,-0.0758,-0.6964,11.0501,11.5646,12.1447,0.1871,11.4461
62.200,-0.8731,-0.0758,-0.6964,11.0501,11.5639,12.1447,0.1869,11.4461
62.200,-0.8731,-0.0755,-0.6960,11.0501,11.5639,12.1449,0.1869,11.4461
62.301,-0.8731,-0.0755,-0.6960,11.0501,11.5639,12.1449,0.1869,11.4461
62.306,-0.8731,-0.0755,-0.6960,11.0601,11.5739,12.1548,0.1869,11.4561
62.306,-0.8729,-0.0754,-0.6960,11.0593,11.5739,12.1548,0.1871,11.4553
62.306,-0.8731,-0.0754,-0.6960,11.0593,11.5732,12.1548,0.1869,11.4553
62.306,-0.8731,-0.0750,-0.6956,11.0593,11.5732,12.1549,0.1869,11.4553
62.404,-0.8731,-0.0750,-0.6956,11.0692,11.5832,12.1648,0.1869,11.4652
62.405,-0.8729,-0.0749,-0.6956,11.0685,11.5832,12.1648,0.1871,11.4645
62.405,-0.8731,-0.0749,-0.6956,11.0685,11.5825,12.1648,0.1869,11.4645
62.405,-0.8731,-0.0745,-0.6952,11.0685,11.5825,12.1650,0.1869,11.4645
62.500,-0.8731,-0.0745,-0.6952,11.0784,11.5924,12.1749,0.1869,11.4744
62.501,-0.8728,-0.0744,-0.6952,11.0776,11.5924,12.1749,0.1872,11.4736
62.501,-0.8730,-0.0744,-0.6952,11.0776,11.5918,12.1749,0.1870,11.4736
62.501,-0.8730,-0.0741,-0.6948,11.0776,11.5918,12.1750,0.1870,11.4736
62.596,-0.8730,-0.0741,-0.6948,11.0876,11.6017,12.1849,0.1870,11.4836
62.596,-0.8728,-0.0739,-0.6948,11.0868,11.6017,12.1849,0.1872,11.4828
62.605,-0.8730,-0.0739,-0.6948,11.0868,11.6011,12.1849,0.1870,11.4828
62.605,-0.8730,-0.0736,-0.6944,11.0868,11.6011,12.1850,0.1870,11.4828
62.702,-0.8730,-0.0736,-0.6944,11.0967,11.6110,12.1950,0.1870,11.4927
62.702,-0.8728,-0.0735,-0.6944,11.0959,11.6110,12.1950,0.1872,11.4919
62.702,-0.8730,-0.0735,-0.6944,11.0959,11.6103,12.1950,0.1870,11.4919
62.702,-0.8730,-0.0731,-0.6940,11.0959,11.6103,12.1951,0.1870,11.4919
62.803,-0.8730,-0.0731,-0.6940,11.0959,11.6103,12.1951,0.1870,11.4919
62.811,-0.8730,-0.0731,-0.6940,11.1059,11.6203,12.2050,0.1870,11.5019
62.811,-0.8727,-0.0730,-0.6940,11.1051,11.6203,12.2050,0.1873,11.5011
62.811,-0.8729,-0.0730,-0.6940,11.1051,11.6196,12.2050,0.1871,11.5011
62.811,-0.8729,-0.0726,-0.6936,11.1051,11.6196,12.2051,0.1871,11.5011
62.892,-0.8729,-0.0726,-0.6936,11.1151,11.6296,12.2151,0.1871,11.5111
62.892,-0.8727,-0.0725,-0.6936,11.1143,11.6296,12.2151,0.1873,11.5103
62.892,-0.8729,-0.0725,-0.6936,11.1143,11.6289,12.2151,0.1871,11.5103
62.892,-0.8729,-0.0722,-0.6932,11.1143,11.6289,12.2152,0.1871,11.5103
62.993,-0.8729,-0.0722,-0.6932,11.1143,11.6289,12.2152,0.1871,11.5103
62.998,-0.8729,-0.0722,-0.6932,11.1243,11.6388,12.2251,0.1871,11.5203
62.998,-0.8727,-0.0721,-0.6932,11.1235,11.6388,12.2251,0.1873,11.5195
62.999,-0.8729,-0.0721,-0.6932,11.1235,11.6381,12.2251,0.1871,11.5195
62.999,-0.8729,-0.0717,-0.6928,11.1235,11.6381,12.2252,0.1871,11.5195
63.099,-0.8729,-0.0717,-0.6928,11.1235,11.6381,12.2252,0.1871,11.5195
63.110,-0.8729,-0.0717,-0.6928,11.1335,11.6481,12.2352,0.1871,11.5295
63.110,-0.8728,-0.0716,-0.6928,11.1328,11.6481,12.2352,0.1872,11.5288
63.110,-0.8730,-0.0716,-0.6927,11.1328,11.6474,12.2352,0.1870,11.5288
63.110,-0.8730,-0.0713,-0.6924,11.1328,11.6474,12.2353,0.1870,11.5288
63.202,-0.8730,-0.0713,-0.6924,11.1427,11.6573,12.2452,0.1870,11.5387
63.202,-0.8728,-0.0712,-0.6924,11.1420,11.6573,12.2452,0.1872,11.5380
63.202,-0.8731,-0.0712,-0.6923,11.1420,11.6566,12.2452,0.1869,11.5380
63.202,-0.8731,-0.0709,-0.6919,11.1420,11.6566,12.2453,0.1869,11.5380
63.295,-0.8731,-0.0709,-0.6919,11.1520,11.6666,12.2553,0.1869,11.5480
63.295,-0.8729,-0.0708,-0.6919,11.1512,11.6666,12.2553,0.1871,11.5472
63.295,-0.8731,-0.0708,-0.6919,11.1512,11.6659,12.2553,0.1869,11.5472
63.295,-0.8731,-0.0705,-0.6915,11.1512,11.6659,12.2554,0.1869,11.5472
63.396,-0.8731,-0.0705,-0.6915,11.1512,11.6659,12.2554,0.1869,11.5472
63.401,-0.8731,-0.0705,-0.6915,11.1612,11.6758,12.2653,0.1869,11.5572
63.401,-0.8730,-0.0704,-0.6915,11.1605,11.6758,12.2653,0.1870,11.5565
63.401,-0.8732,-0.0704,-0.6914,11.1605,11.6751,12.2653,0.1868,11.5565
63.401,-0.8732,-0.0700,-0.6911,11.1605,11.6751,12.2654,0.1868,11.5565
63.496,-0.8732,-0.0700,-0.6911,11.1704,11.6851,12.2754,0.1868,11.5664
63.496,-0.8730,-0.0700,-0.6911,11.1697,11.6851,12.2754,0.1870,11.5657
63.496,-0.8732,-0.0700,-0.6910,11.1697,11.6844,12.2754,0.1868,11.5657
63.497,-0.8732,-0.0696,-0.6906,11.1697,11.6844,12.2755,0.1868,11.5657
63.597,-0.8732,-0.0696,-0.6906,11.1697,11.6844,12.2755,0.1868,11.5657
63.602,-0.8732,-0.0696,-0.6906,11.1797,11.6943,12.2854,0.1868,11.5757
63.602,-0.8731,-0.0695,-0.6906,11.1789,11.6943,12.2854,0.1869,11.5749
63.602,-0.8733,-0.0695,-0.6906,11.1789,11.6936,12.2854,0.1867,11.5749
63.602,-0.8733,-0.0692,-0.6902,11.1789,11.6936,12.2855,0.1867,11.5749
63.690,-0.8733,-0.0692,-0.6902,11.1889,11.7036,12.2955,0.1867,11.5849
63.690,-0.8731,-0.0691,-0.6902,11.1881,11.7036,12.2955,0.1869,11.5841
63.691,-0.8733,-0.0691,-0.6902,11.1881,11.7029,12.2955,0.1867,11.5841
63.691,-0.8733,-0.0687,-0.6898,11.1881,11.7029,12.2956,0.1867,11.5841
63.791,-0.8733,-0.0687,-0.6898,11.1881,11.7029,12.2956,0.1867,11.5841
63.797,-0.8733,-0.0687,-0.6898,11.1981,11.7128,12.3055,0.1867,11.5941
63.797,-0.8731,-0.0686,-0.6898,11.1973,11.7128,12.3055,0.1869,11.5933
63.797,-0.8733,-0.0686,-0.6897,11.1973,11.7121,12.3055,0.1867,11.5933
63.798,-0.8733,-0.0683,-0.6894,11.1973,11.7121,12.3056,0.1867,11.5933
63.896,-0.8733,-0.0683,-0.6894,11.2073,11.7221,12.3156,0.1867,11.6033
63.896,-0.8731,-0.0682,-0.6894,11.2065,11.7221,12.3156,0.1869,11.6025
63.896,-0.8733,-0.0682,-0.6893,11.2065,11.7214,12.3156,0.1867,11.6025
63.896,-0.8733,-0.0678,-0.6889,11.2065,11.7214,12.3157,0.1867,11.6025
63.997,-0.8733,-0.0678,-0.6889,11.2065,11.7214,12.3157,0.1867,11.6025
64.001,-0.8733,-0.0678,-0.6889,11.2165,11.7314,12.3256,0.1867,11.6125
64.001,-0.8730,-0.0677,-0.6889,11.2157,11.7314,12.3256,0.1870,11.6117
64.001,-0.8732,-0.0677,-0.6889,11.2157,11.7307,12.3256,0.1868,11.6117
64.001,-0.8732,-0.0673,-0.6885,11.2157,11.7307,12.3258,0.1868,11.6117
64.097,-0.8732,-0.0673,-0.6885,11.2257,11.7407,12.3357,0.1868,11.6217
64.098,-0.8730,-0.0672,-0.6885,11.2249,11.7407,12.3357,0.1870,11.6209
64.098,-0.8732,-0.0672,-0.6885,11.2249,11.7400,12.3357,0.1868,11.6209
64.098,-0.8732,-0.0668,-0.6881,11.2249,11.7400,12.3358,0.1868,11.6209
64.198,-0.8732,-0.0668,-0.6881,11.2249,11.7400,12.3358,0.1868,11.6209
64.204,-0.8732,-0.0668,-0.6881,11.2348,11.7500,12.3457,0.1868,11.6308
64.204,-0.8730,-0.0667,-0.6881,11.2340,11.7500,12.3457,0.1870,11.6300
64.204,-0.8732,-0.0667,-0.6881,11.2340,11.7493,12.3457,0.1868,11.6300
64.204,-0.8732,-0.0663,-0.6877,11.2340,11.7493,12.3459,0.1868,11.6300
64.300,-0.8732,-0.0663,-0.6877,11.2440,11.7592,12.3558,0.1868,11.6400
64.300,-0.8729,-0.0662,-0.6877,11.2432,11.7592,12.3558,0.1871,11.6392
64.300,-0.8731,-0.0662,-0.6877,11.2432,11.7586,12.3558,0.1869,11.6392
64.300,-0.8731,-0.0659,-0.6873,11.2432,11.7586,12.3559,0.1869,11.6392
64.395,-0.8731,-0.0659,-0.6873,11.2532,11.7685,12.3658,0.1869,11.6492
64.395,-0.8729,-0.0657,-0.6873,11.2524,11.7685,12.3658,0.1871,11.6484
64.395,-0.8731,-0.0657,-0.6872,11.2524,11.7678,12.3658,0.1869,11.6484
64.395,-0.8731,-0.0654,-0.6869,11.2524,11.7678,12.3660,0.1869,11.6484
64.496,-0.8731,-0.0654,-0.6869,11.2524,11.7678,12.3660,0.1869,11.6484
64.501,-0.8731,-0.0654,-0.6869,11.2624,11.7778,12.3759,0.1869,11.6584
64.502,-0.8729,-0.0653,-0.6869,11.2616,11.7778,12.3759,0.1871,11.6576
64.502,-0.8731,-0.0653,-0.6868,11.2616,11.7771,12.3759,0.1869,11.6576
64.502,-0.8731,-0.0649,-0.6864,11.2616,11.7771,12.3760,0.1869,11.6576
64.598,-0.8731,-0.0649,-0.6864,11.2716,11.7871,12.3860,0.1869,11.6676
64.598,-0.8729,-0.0648,-0.6864,11.2709,11.7871,12.3860,0.1871,11.6669
64.598,-0.8731,-0.0648,-0.6864,11.2709,11.7864,12.3860,0.1869,11.6669
64.598,-0.8731,-0.0645,-0.6860,11.2709,11.7864,12.3861,0.1869,11.6669
64.698,-0.8731,-0.0645,-0.6860,11.2709,11.7864,12.3861,0.1869,11.6669
64.706,-0.8731,-0.0645,-0.6860,11.2808,11.7963,12.3960,0.1869,11.6768
64.706,-0.8730,-0.0644,-0.6860,11.2801,11.7963,12.3960,0.1870,11.6761
64.707,-0.8732,-0.0644,-0.6860,11.2801,11.7956,12.3960,0.1868,11.6761
64.707,-0.8732,-0.0640,-0.6856,11.2801,11.7956,12.3961,0.1868,11.6761
64.803,-0.8732,-0.0640,-0.6856,11.2901,11.8056,12.4061,0.1868,11.6861
64.803,-0.8731,-0.0640,-0.6856,11.2894,11.8056,12.4061,0.1869,11.6854
64.803,-0.8733,-0.0640,-0.6855,11.2894,11.8049,12.4061,0.1867,11.6854
64.803,-0.8733,-0.0636,-0.6851,11.2894,11.8049,12.4062,0.1867,11.6854
64.900,-0.8733,-0.0636,-0.6851,11.2993,11.8148,12.4161,0.1867,11.6953
64.900,-0.8731,-0.0636,-0.6851,11.2986,11.8148,12.4161,0.1869,11.6946
64.900,-0.8733,-0.0636,-0.6851,11.2986,11.8141,12.4161,0.1867,11.6946
64.900,-0.8733,-0.0632,-0.6847,11.2986,11.8141,12.4163,0.1867,11.6946
65.001,-0.8733,-0.0632,-0.6847,11.2986,11.8141,12.4163,0.1867,11.6946
65.003,-0.8733,-0.0632,-0.6847,11.3086,11.8241,12.4262,0.1867,11.7046
65.003,-0.8732,-0.0631,-0.6847,11.3078,11.8241,12.4262,0.1868,11.7038
65.003,-0.8734,-0.0631,-0.6846,11.3078,11.8234,12.4262,0.1866,11.7038
65.003,-0.8734,-0.0628,-0.6843,11.3078,11.8234,12.4263,0.1866,11.7038
65.100,-0.8734,-0.0628,-0.6843,11.3178,11.8333,12.4362,0.1866,11.7138
65.100,-0.8732,-0.0627,-0.6843,11.3171,11.8333,12.4362,0.1868,11.7131
65.100,-0.8735,-0.0627,-0.6842,11.3171,11.8326,12.4362,0.1865,11.7131
65.100,-0.8735,-0.0623,-0.6838,11.3171,11.8326,12.4364,0.1865,11.7131
65.200,-0.8735,-0.0623,-0.6838,11.3171,11.8326,12.4364,0.1865,11.7131
65.205,-0.8735,-0.0623,-0.6838,11.3270,11.8426,12.4463,0.1865,11.7230
65.205,-0.8733,-0.0623,-0.6838,11.3263,11.8426,12.4463,0.1867,11.7223
65.205,-0.8735,-0.0623,-0.6838,11.3263,11.8419,12.4463,0.1865,11.7223
65.205,-0.8735,-0.0619,-0.6834,11.3263,11.8419,12.4464,0.1865,11.7223
65.302,-0.8735,-0.0619,-0.6834,11.3363,11.8519,12.4564,0.1865,11.7323
65.302,-0.8733,-0.0618,-0.6834,11.3355,11.8519,12.4564,0.1867,11.7315
65.302,-0.8735,-0.0618,-0.6833,11.3355,11.8512,12.4564,0.1865,11.7315
65.302,-0.8735,-0.0614,-0.6830,11.3355,11.8512,12.4565,0.1865,11.7315
65.398,-0.8735,-0.0614,-0.6830,11.3455,11.8611,12.4664,0.1865,11.7415
65.398,-0.8733,-0.0613,-0.6830,11.3447,11.8611,12.4664,0.1867,11.7407
65.398,-0.8735,-0.0613,-0.6829,11.3447,11.8605,12.4664,0.1865,11.7407
65.398,-0.8735,-0.0609,-0.6825,11.3447,11.8605,12.4665,0.1865,11.7407
65.499,-0.8735,-0.0609,-0.6825,11.3447,11.8605,12.4665,0.1865,11.7407
65.504,-0.8735,-0.0609,-0.6825,11.3547,11.8704,12.4765,0.1865,11.7507
65.504,-0.8732,-0.0608,-0.6825,11.3539,11.8704,12.4765,0.1868,11.7499
65.504,-0.8734,-0.0608,-0.6825,11.3539,11.8697,12.4765,0.1866,11.7499
65.504,-0.8734,-0.0605,-0.6821,11.3539,11.8697,12.4766,0.1866,11.7499
65.602,-0.8734,-0.0605,-0.6821,11.3639,11.8797,12.4865,0.1866,11.7599
65.602,-0.8732,-0.0603,-0.6821,11.3631,11.8797,12.4865,0.1868,11.7591
65.603,-0.8734,-0.0603,-0.6821,11.3631,11.8790,12.4865,0.1866,11.7591
65.603,-0.8734,-0.0600,-0.6817,11.3631,11.8790,12.4866,0.1866,11.7591
65.699,-0.8734,-0.0600,-0.6817,11.3730,11.8890,12.4966,0.1866,11.7690
65.699,-0.8732,-0.0598,-0.6817,11.3722,11.8890,12.4966,0.1868,11.7682
65.699,-0.8734,-0.0598,-0.6816,11.3722,11.8883,12.4966,0.1866,11.7682
65.699,-0.8734,-0.0595,-0.6813,11.3722,11.8883,12.4967,0.1866,11.7682
65.800,-0.8734,-0.0595,-0.6813,11.3722,11.8883,12.4967,0.1866,11.7682
65.806,-0.8734,-0.0595,-0.6813,11.3822,11.8983,12.5066,0.1866,11.7782
65.806,-0.8731,-0.0593,-0.6813,11.3814,11.8983,12.5066,0.1869,11.7774
65.806,-0.8733,-0.0593,-0.6812,11.3814,11.8976,12.5066,0.1867,11.7774
65.806,-0.8733,-0.0590,-0.6808,11.3814,11.8976,12.5068,0.1867,11.7774
65.901,-0.8733,-0.0590,-0.6808,11.3914,11.9076,12.5167,0.1867,11.7874
65.901,-0.8731,-0.0589,-0.6808,11.3906,11.9076,12.5167,0.1869,11.7866
65.901,-0.8733,-0.0589,-0.6808,11.3906,11.9069,12.5167,0.1867,11.7866
65.902,-0.8733,-0.0585,-0.6804,11.3906,11.9069,12.5168,0.1867,11.7866
65.998,-0.8733,-0.0585,-0.6804,11.4006,11.9168,12.5267,0.1867,11.7966
65.998,-0.8731,-0.0584,-0.6804,11.3998,11.9168,12.5267,0.1869,11.7958
65.999,-0.8733,-0.0584,-0.6804,11.3998,11.9162,12.5267,0.1867,11.7958
65.999,-0.8733,-0.0580,-0.6800,11.3998,11.9162,12.5269,0.1867,11.7958
66.099,-0.8733,-0.0580,-0.6800,11.3998,11.9162,12.5269,0.1867,11.7958
66.107,-0.8733,-0.0580,-0.6800,11.4098,11.9261,12.5368,0.1867,11.8058
66.107,-0.8731,-0.0579,-0.6800,11.4091,11.9261,12.5368,0.1869,11.8051
66.108,-0.8733,-0.0579,-0.6799,11.4091,11.9254,12.5368,0.1867,11.8051
66.108,-0.8733,-0.0576,-0.6796,11.4091,11.9254,12.5369,0.1867,11.8051
66.204,-0.8733,-0.0576,-0.6796,11.4190,11.9354,12.5469,0.1867,11.8150
66.204,-0.8732,-0.0575,-0.6796,11.4183,11.9354,12.5469,0.1868,11.8143
66.204,-0.8734,-0.0575,-0.6795,11.4183,11.9347,12.5469,0.1866,11.8143
66.204,-0.8734,-0.0571,-0.6791,11.4183,11.9347,12.5470,0.1866,11.8143
66.299,-0.8734,-0.0571,-0.6791,11.4283,11.9447,12.5569,0.1866,11.8243
66.299,-0.8732,-0.0571,-0.6791,11.4276,11.9447,12.5569,0.1868,11.8236
66.300,-0.8735,-0.0571,-0.6790,11.4276,11.9440,12.5569,0.1865,11.8236
66.300,-0.8735,-0.0567,-0.6787,11.4276,11.9440,12.5570,0.1865,11.8236
66.400,-0.8735,-0.0567,-0.6787,11.4276,11.9440,12.5570,0.1865,11.8236
66.409,-0.8735,-0.0567,-0.6787,11.4375,11.9539,12.5670,0.1865,11.8335
66.409,-0.8733,-0.0567,-0.6787,11.4368,11.9539,12.5670,0.1867,11.8328
66.409,-0.8735,-0.0567,-0.6786,11.4368,11.9532,12.5670,0.1865,11.8328
66.409,-0.8735,-0.0563,-0.6782,11.4368,11.9532,12.5671,0.1865,11.8328
66.498,-0.8735,-0.0563,-0.6782,11.4468,11.9632,12.5770,0.1865,11.8428
66.498,-0.8734,-0.0562,-0.6782,11.4461,11.9632,12.5770,0.1866,11.8421
66.498,-0.8736,-0.0562,-0.6781,11.4461,11.9625,12.5770,0.1864,11.8421
66.499,-0.8736,-0.0559,-0.6778,11.4461,11.9625,12.5771,0.1864,11.8421
66.599,-0.8736,-0.0559,-0.6778,11.4461,11.9625,12.5771,0.1864,11.8421
66.603,-0.8736,-0.0559,-0.6778,11.4560,11.9724,12.5871,0.1864,11.8520
66.604,-0.8734,-0.0558,-0.6778,11.4553,11.9724,12.5871,0.1866,11.8513
66.604,-0.8736,-0.0558,-0.6777,11.4553,11.9717,12.5871,0.1864,11.8513
66.604,-0.8736,-0.0554,-0.6773,11.4553,11.9717,12.5872,0.1864,11.8513
66.691,-0.8736,-0.0554,-0.6773,11.4653,11.9817,12.5971,0.1864,11.8613
66.691,-0.8734,-0.0553,-0.6773,11.4645,11.9817,12.5971,0.1866,11.8605
66.691,-0.8737,-0.0553,-0.6772,11.4645,11.9810,12.5971,0.1863,11.8605
66.691,-0.8737,-0.0550,-0.6769,11.4645,11.9810,12.5973,0.1863,11.8605
66.792,-0.8737,-0.0550,-0.6769,11.4645,11.9810,12.5973,0.1863,11.8605
66.795,-0.8737,-0.0550,-0.6769,11.4745,11.9909,12.6072,0.1863,11.8705
66.796,-0.8735,-0.0549,-0.6769,11.4738,11.9909,12.6072,0.1865,11.8698
66.796,-0.8737,-0.0549,-0.6768,11.4738,11.9903,12.6072,0.1863,11.8698
66.796,-0.8737,-0.0545,-0.6764,11.4738,11.9903,12.6073,0.1863,11.8698
66.896,-0.8737,-0.0545,-0.6764,11.4738,11.9903,12.6073,0.1863,11.8698
66.902,-0.8737,-0.0545,-0.6764,11.4837,12.0002,12.6172,0.1863,11.8797
66.902,-0.8735,-0.0544,-0.6764,11.4830,12.0002,12.6172,0.1865,11.8790
66.902,-0.8737,-0.0544,-0.6764,11.4830,11.9995,12.6172,0.1863,11.8790
66.902,-0.8737,-0.0540,-0.6760,11.4830,11.9995,12.6174,0.1863,11.8790
66.998,-0.8737,-0.0540,-0.6760,11.4929,12.0095,12.6273,0.1863,11.8889
66.998,-0.8734,-0.0539,-0.6760,11.4922,12.0095,12.6273,0.1866,11.8882
66.998,-0.8736,-0.0539,-0.6759,11.4922,12.0088,12.6273,0.1864,11.8882
66.998,-0.8736,-0.0535,-0.6756,11.4922,12.0088,12.6274,0.1864,11.8882
67.098,-0.8736,-0.0535,-0.6756,11.4922,12.0088,12.6274,0.1864,11.8882
67.103,-0.8736,-0.0535,-0.6756,11.5021,12.0188,12.6374,0.1864,11.8981
67.103,-0.8734,-0.0534,-0.6756,11.5013,12.0188,12.6374,0.1866,11.8973
67.103,-0.8736,-0.0534,-0.6755,11.5013,12.0181,12.6374,0.1864,11.8973
67.104,-0.8736,-0.0530,-0.6751,11.5013,12.0181,12.6375,0.1864,11.8973
67.199,-0.8736,-0.0530,-0.6751,11.5113,12.0281,12.6474,0.1864,11.9073
67.199,-0.8734,-0.0529,-0.6751,11.5105,12.0281,12.6474,0.1866,11.9065
67.199,-0.8736,-0.0529,-0.6751,11.5105,12.0274,12.6474,0.1864,11.9065
67.199,-0.8736,-0.0525,-0.6747,11.5105,12.0274,12.6475,0.1864,11.9065
67.300,-0.8736,-0.0525,-0.6747,11.5105,12.0274,12.6475,0.1864,11.9065
67.308,-0.8736,-0.0525,-0.6747,11.5205,12.0374,12.6575,0.1864,11.9165
67.308,-0.8733,-0.0524,-0.6747,11.5197,12.0374,12.6575,0.1867,11.9157
67.308,-0.8735,-0.0524,-0.6746,11.5197,12.0367,12.6575,0.1865,11.9157
67.308,-0.8735,-0.0520,-0.6743,11.5197,12.0367,12.6576,0.1865,11.9157
67.406,-0.8735,-0.0520,-0.6743,11.5297,12.0467,12.6675,0.1865,11.9257
67.406,-0.8733,-0.0519,-0.6743,11.5289,12.0467,12.6675,0.1867,11.9249
67.406,-0.8735,-0.0519,-0.6742,11.5289,12.0460,12.6675,0.1865,11.9249
67.406,-0.8735,-0.0516,-0.6738,11.5289,12.0460,12.6677,0.1865,11.9249
67.502,-0.8735,-0.0516,-0.6738,11.5389,12.0560,12.6776,0.1865,11.9349
67.503,-0.8733,-0.0514,-0.6738,11.5381,12.0560,12.6776,0.1867,11.9341
67.503,-0.8735,-0.0514,-0.6738,11.5381,12.0553,12.6776,0.1865,11.9341
67.503,-0.8735,-0.0511,-0.6734,11.5381,12.0553,12.6777,0.1865,11.9341
67.595,-0.8735,-0.0511,-0.6734,11.5481,12.0652,12.6876,0.1865,11.9441
67.595,-0.8733,-0.0510,-0.6734,11.5473,12.0652,12.6876,0.1867,11.9433
67.596,-0.8735,-0.0510,-0.6733,11.5473,12.0646,12.6876,0.1865,11.9433
67.596,-0.8735,-0.0506,-0.6730,11.5473,12.0646,12.6878,0.1865,11.9433
67.696,-0.8735,-0.0506,-0.6730,11.5473,12.0646,12.6878,0.1865,11.9433
67.699,-0.8735,-0.0506,-0.6730,11.5573,12.0745,12.6977,0.1865,11.9533
67.699,-0.8733,-0.0505,-0.6730,11.5566,12.0745,12.6977,0.1867,11.9526
67.700,-0.8735,-0.0505,-0.6729,11.5566,12.0738,12.6977,0.1865,11.9526
67.700,-0.8735,-0.0502,-0.6725,11.5566,12.0738,12.6978,0.1865,11.9526
67.800,-0.8735,-0.0502,-0.6725,11.5566,12.0738,12.6978,0.1865,11.9526
67.805,-0.8735,-0.0502,-0.6725,11.5666,12.0838,12.7077,0.1865,11.9626
67.805,-0.8734,-0.0501,-0.6725,11.5659,12.0838,12.7077,0.1866,11.9619
67.805,-0.8736,-0.0501,-0.6724,11.5659,12.0831,12.7077,0.1864,11.9619
67.805,-0.8736,-0.0498,-0.6721,11.5659,12.0831,12.7079,0.1864,11.9619
67.900,-0.8736,-0.0498,-0.6721,11.5758,12.0930,12.7178,0.1864,11.9718
67.900,-0.8735,-0.0497,-0.6721,11.5751,12.0930,12.7178,0.1865,11.9711
67.900,-0.8737,-0.0497,-0.6720,11.5751,12.0924,12.7178,0.1863,11.9711
67.900,-0.8737,-0.0493,-0.6716,11.5751,12.0924,12.7179,0.1863,11.9711
68.001,-0.8737,-0.0493,-0.6716,11.5751,12.0924,12.7179,0.1863,11.9711
68.010,-0.8737,-0.0493,-0.6716,11.5851,12.1023,12.7279,0.1863,11.9811
68.010,-0.8735,-0.0493,-0.6716,11.5844,12.1023,12.7279,0.1865,11.9804
68.010,-0.8738,-0.0493,-0.6715,11.5844,12.1016,12.7279,0.1862,11.9804
68.011,-0.8738,-0.0489,-0.6711,11.5844,12.1016,12.7280,0.1862,11.9804
68.091,-0.8738,-0.0489,-0.6711,11.5943,12.1116,12.7379,0.1862,11.9903
68.091,-0.8736,-0.0488,-0.6711,11.5936,12.1116,12.7379,0.1864,11.9896
68.091,-0.8738,-0.0488,-0.6711,11.5936,12.1109,12.7379,0.1862,11.9896
68.091,-0.8738,-0.0485,-0.6707,11.5936,12.1109,12.7380,0.1862,11.9896
68.191,-0.8738,-0.0485,-0.6707,11.5936,12.1109,12.7380,0.1862,11.9896
68.196,-0.8738,-0.0485,-0.6707,11.6036,12.1208,12.7480,0.1862,11.9996
68.197,-0.8736,-0.0484,-0.6707,11.6028,12.1208,12.7480,0.1864,11.9988
68.197,-0.8738,-0.0484,-0.6706,11.6028,12.1201,12.7480,0.1862,11.9988
68.197,-0.8738,-0.0480,-0.6702,11.6028,12.1201,12.7481,0.1862,11.9988
68.297,-0.8738,-0.0480,-0.6702,11.6028,12.1201,12.7481,0.1862,11.9988
68.303,-0.8738,-0.0480,-0.6702,11.6128,12.1301,12.7580,0.1862,12.0088
68.303,-0.8736,-0.0479,-0.6702,11.6121,12.1301,12.7580,0.1864,12.0081
68.303,-0.8739,-0.0479,-0.6702,11.6121,12.1294,12.7580,0.1861,12.0081
68.303,-0.8739,-0.0475,-0.6698,11.6121,12.1294,12.7581,0.1861,12.0081
68.398,-0.8739,-0.0475,-0.6698,11.6220,12.1394,12.7681,0.1861,12.0180
68.398,-0.8736,-0.0474,-0.6698,11.6213,12.1394,12.7681,0.1864,12.0173
68.398,-0.8739,-0.0474,-0.6697,11.6213,12.1387,12.7681,0.1861,12.0173
68.398,-0.8739,-0.0471,-0.6694,11.6213,12.1387,12.7682,0.1861,12.0173
68.499,-0.8739,-0.0471,-0.6694,11.6213,12.1387,12.7682,0.1861,12.0173
68.504,-0.8739,-0.0471,-0.6694,11.6312,12.1486,12.7781,0.1861,12.0272
68.504,-0.8736,-0.0469,-0.6694,11.6305,12.1486,12.7781,0.1864,12.0265
68.504,-0.8738,-0.0469,-0.6693,11.6305,12.1480,12.7781,0.1862,12.0265
68.504,-0.8738,-0.0466,-0.6689,11.6305,12.1480,12.7782,0.1862,12.0265
68.598,-0.8738,-0.0466,-0.6689,11.6404,12.1579,12.7882,0.1862,12.0364
68.598,-0.8736,-0.0464,-0.6689,11.6397,12.1579,12.7882,0.1864,12.0357
68.598,-0.8738,-0.0464,-0.6688,11.6397,12.1573,12.7882,0.1862,12.0357
68.598,-0.8738,-0.0461,-0.6685,11.6397,12.1573,12.7883,0.1862,12.0357
68.699,-0.8738,-0.0461,-0.6685,11.6397,12.1573,12.7883,0.1862,12.0357
68.704,-0.8738,-0.0461,-0.6685,11.6496,12.1672,12.7982,0.1862,12.0456
68.704,-0.8736,-0.0459,-0.6685,11.6488,12.1672,12.7982,0.1864,12.0448
68.704,-0.8738,-0.0459,-0.6684,11.6488,12.1666,12.7982,0.1862,12.0448
68.704,-0.8738,-0.0456,-0.6680,11.6488,12.1666,12.7983,0.1862,12.0448
68.800,-0.8738,-0.0456,-0.6680,11.6588,12.1765,12.8083,0.1862,12.0548
68.800,-0.8735,-0.0454,-0.6680,11.6580,12.1765,12.8083,0.1865,12.0540
68.800,-0.8737,-0.0454,-0.6680,11.6580,12.1759,12.8083,0.1863,12.0540
68.800,-0.8737,-0.0451,-0.6676,11.6580,12.1759,12.8084,0.1863,12.0540
68.900,-0.8737,-0.0451,-0.6676,11.6580,12.1759,12.8084,0.1863,12.0540
68.906,-0.8737,-0.0451,-0.6676,11.6680,12.1858,12.8183,0.1863,12.0640
68.906,-0.8735,-0.0449,-0.6676,11.6672,12.1858,12.8183,0.1865,12.0632
68.906,-0.8737,-0.0449,-0.6675,11.6672,12.1851,12.8183,0.1863,12.0632
68.906,-0.8737,-0.0446,-0.6672,11.6672,12.1851,12.8184,0.1863,12.0632
69.004,-0.8737,-0.0446,-0.6672,11.6772,12.1951,12.8284,0.1863,12.0732
69.004,-0.8735,-0.0444,-0.6672,11.6764,12.1951,12.8284,0.1865,12.0724
69.004,-0.8737,-0.0444,-0.6671,11.6764,12.1944,12.8284,0.1863,12.0724
69.004,-0.8737,-0.0441,-0.6667,11.6764,12.1944,12.8285,0.1863,12.0724
69.100,-0.8737,-0.0441,-0.6667,11.6864,12.2044,12.8384,0.1863,12.0824
69.100,-0.8735,-0.0440,-0.6667,11.6857,12.2044,12.8384,0.1865,12.0817
69.100,-0.8737,-0.0440,-0.6667,11.6857,12.2037,12.8384,0.1863,12.0817
69.100,-0.8737,-0.0436,-0.6663,11.6857,12.2037,12.8386,0.1863,12.0817
69.190,-0.8737,-0.0436,-0.6663,11.6956,12.2137,12.8485,0.1863,12.0916
69.191,-0.8735,-0.0435,-0.6663,11.6949,12.2137,12.8485,0.1865,12.0909
69.191,-0.8737,-0.0435,-0.6662,11.6949,12.2130,12.8485,0.1863,12.0909
69.191,-0.8737,-0.0432,-0.6659,11.6949,12.2130,12.8486,0.1863,12.0909
69.291,-0.8737,-0.0432,-0.6659,11.6949,12.2130,12.8486,0.1863,12.0909
69.294,-0.8737,-0.0432,-0.6659,11.7049,12.2229,12.8585,0.1863,12.1009
69.294,-0.8736,-0.0431,-0.6659,11.7042,12.2229,12.8585,0.1864,12.1002
69.294,-0.8738,-0.0431,-0.6657,11.7042,12.2222,12.8585,0.1862,12.1002
69.294,-0.8738,-0.0428,-0.6654,11.7042,12.2222,12.8587,0.1862,12.1002
69.394,-0.8738,-0.0428,-0.6654,11.7042,12.2222,12.8587,0.1862,12.1002
69.399,-0.8738,-0.0428,-0.6654,11.7141,12.2322,12.8686,0.1862,12.1101
69.399,-0.8736,-0.0427,-0.6654,11.7134,12.2322,12.8686,0.1864,12.1094
69.399,-0.8739,-0.0427,-0.6653,11.7134,12.2315,12.8686,0.1861,12.1094
69.399,-0.8739,-0.0423,-0.6649,11.7134,12.2315,12.8687,0.1861,12.1094
69.500,-0.8739,-0.0423,-0.6649,11.7134,12.2315,12.8687,0.1861,12.1094
69.510,-0.8739,-0.0423,-0.6649,11.7234,12.2415,12.8786,0.1861,12.1194
69.510,-0.8737,-0.0422,-0.6649,11.7227,12.2415,12.8786,0.1863,12.1187
69.510,-0.8739,-0.0422,-0.6648,11.7227,12.2408,12.8786,0.1861,12.1187
69.511,-0.8739,-0.0419,-0.6645,11.7227,12.2408,12.8788,0.1861,12.1187
69.605,-0.8739,-0.0419,-0.6645,11.7327,12.2507,12.8887,0.1861,12.1287
69.605,-0.8738,-0.0418,-0.6645,11.7319,12.2507,12.8887,0.1862,12.1279
69.606,-0.8740,-0.0418,-0.6644,11.7319,12.2500,12.8887,0.1860,12.1279
69.606,-0.8740,-0.0414,-0.6640,11.7319,12.2500,12.8888,0.1860,12.1279
69.702,-0.8740,-0.0414,-0.6640,11.7419,12.2600,12.8987,0.1860,12.1379
69.702,-0.8738,-0.0413,-0.6640,11.7412,12.2600,12.8987,0.1862,12.1372
69.702,-0.8740,-0.0413,-0.6639,11.7412,12.2593,12.8987,0.1860,12.1372
69.703,-0.8740,-0.0410,-0.6635,11.7412,12.2593,12.8989,0.1860,12.1372
69.798,-0.8740,-0.0410,-0.6635,11.7512,12.2692,12.9088,0.1860,12.1472
69.798,-0.8738,-0.0409,-0.6635,11.7504,12.2692,12.9088,0.1862,12.1464
69.798,-0.8740,-0.0409,-0.6635,11.7504,12.2686,12.9088,0.1860,12.1464
69.799,-0.8740,-0.0405,-0.6631,11.7504,12.2686,12.9089,0.1860,12.1464
69.899,-0.8740,-0.0405,-0.6631,11.7504,12.2686,12.9089,0.1860,12.1464
69.903,-0.8740,-0.0405,-0.6631,11.7604,12.2785,12.9188,0.1860,12.1564
69.904,-0.8738,-0.0404,-0.6631,11.7596,12.2785,12.9188,0.1862,12.1556
69.904,-0.8740,-0.0404,-0.6630,11.7596,12.2779,12.9188,0.1860,12.1556
69.904,-0.8740,-0.0400,-0.6626,11.7596,12.2779,12.9190,0.1860,12.1556
69.999,-0.8740,-0.0400,-0.6626,11.7696,12.2878,12.9289,0.1860,12.1656
69.999,-0.8738,-0.0399,-0.6626,11.7688,12.2878,12.9289,0.1862,12.1648
70.000,-0.8740,-0.0399,-0.6626,11.7688,12.2871,12.9289,0.1860,12.1648
70.000,-0.8740,-0.0396,-0.6622,11.7688,12.2871,12.9290,0.1860,12.1648
70.100,-0.8740,-0.0396,-0.6622,11.7688,12.2871,12.9290,0.1860,12.1648
70.111,-0.8740,-0.0396,-0.6622,11.7788,12.2971,12.9389,0.1860,12.1748
70.112,-0.8738,-0.0394,-0.6622,11.7780,12.2971,12.9389,0.1862,12.1740
70.112,-0.8740,-0.0394,-0.6621,11.7780,12.2964,12.9389,0.1860,12.1740
70.112,-0.8740,-0.0391,-0.6617,11.7780,12.2964,12.9391,0.1860,12.1740
70.197,-0.8740,-0.0391,-0.6617,11.7880,12.3064,12.9490,0.1860,12.1840
70.197,-0.8738,-0.0389,-0.6617,11.7872,12.3064,12.9490,0.1862,12.1832
70.197,-0.8740,-0.0389,-0.6617,11.7872,12.3058,12.9490,0.1860,12.1832
70.197,-0.8740,-0.0385,-0.6613,11.7872,12.3058,12.9491,0.1860,12.1832
70.298,-0.8740,-0.0385,-0.6613,11.7872,12.3058,12.9491,0.1860,12.1832
70.303,-0.8740,-0.0385,-0.6613,11.7972,12.3157,12.9590,0.1860,12.1932
70.303,-0.8737,-0.0384,-0.6613,11.7964,12.3157,12.9590,0.1863,12.1924
70.304,-0.8739,-0.0384,-0.6612,11.7964,12.3151,12.9590,0.1861,12.1924
70.304,-0.8739,-0.0380,-0.6609,11.7964,12.3151,12.9592,0.1861,12.1924
70.398,-0.8739,-0.0380,-0.6609,11.8064,12.3250,12.9691,0.1861,12.2024
70.398,-0.8737,-0.0379,-0.6609,11.8056,12.3250,12.9691,0.1863,12.2016
70.398,-0.8739,-0.0379,-0.6608,11.8056,12.3243,12.9691,0.1861,12.2016
70.398,-0.8739,-0.0376,-0.6604,11.8056,12.3243,12.9692,0.1861,12.2016
70.499,-0.8739,-0.0376,-0.6604,11.8056,12.3243,12.9692,0.1861,12.2016
70.503,-0.8739,-0.0376,-0.6604,11.8156,12.3343,12.9792,0.1861,12.2116
70.503,-0.8737,-0.0374,-0.6604,11.8148,12.3343,12.9792,0.1863,12.2108
70.503,-0.8739,-0.0374,-0.6603,11.8148,12.3336,12.9792,0.1861,12.2108
70.504,-0.8739,-0.0371,-0.6600,11.8148,12.3336,12.9793,0.1861,12.2108
70.599,-0.8739,-0.0371,-0.6600,11.8248,12.3436,12.9892,0.1861,12.2208
70.599,-0.8737,-0.0369,-0.6600,11.8241,12.3436,12.9892,0.1863,12.2201
70.599,-0.8739,-0.0369,-0.6599,11.8241,12.3429,12.9892,0.1861,12.2201
70.599,-0.8739,-0.0366,-0.6595,11.8241,12.3429,12.9893,0.1861,12.2201
70.699,-0.8739,-0.0366,-0.6595,11.8241,12.3429,12.9893,0.1861,12.2201
70.704,-0.8739,-0.0366,-0.6595,11.8340,12.3529,12.9993,0.1861,12.2300
70.704,-0.8737,-0.0365,-0.6595,11.8333,12.3529,12.9993,0.1863,12.2293
70.704,-0.8739,-0.0365,-0.6595,11.8333,12.3522,12.9993,0.1861,12.2293
70.704,-0.8739,-0.0361,-0.6591,11.8333,12.3522,12.9994,0.1861,12.2293
70.800,-0.8739,-0.0361,-0.6591,11.8433,12.3622,13.0093,0.1861,12.2393
70.800,-0.8738,-0.0361,-0.6591,11.8426,12.3622,13.0093,0.1862,12.2386
70.801,-0.8740,-0.0361,-0.6590,11.8426,12.3615,13.0093,0.1860,12.2386
70.801,-0.8740,-0.0357,-0.6586,11.8426,12.3615,13.0094,0.1860,12.2386
70.890,-0.8740,-0.0357,-0.6586,11.8526,12.3714,13.0194,0.1860,12.2486
70.890,-0.8738,-0.0356,-0.6586,11.8519,12.3714,13.0194,0.1862,12.2479
70.890,-0.8740,-0.0356,-0.6585,11.8519,12.3707,13.0194,0.1860,12.2479
70.891,-0.8740,-0.0353,-0.6581,11.8519,12.3707,13.0195,0.1860,12.2479
70.991,-0.8740,-0.0353,-0.6581,11.8519,12.3707,13.0195,0.1860,12.2479
70.996,-0.8740,-0.0353,-0.6581,11.8618,12.3807,13.0294,0.1860,12.2578
70.996,-0.8739,-0.0352,-0.6581,11.8611,12.3807,13.0294,0.1861,12.2571
70.996,-0.8741,-0.0352,-0.6580,11.8611,12.3800,13.0294,0.1859,12.2571
70.996,-0.8741,-0.0348,-0.6577,11.8611,12.3800,13.0295,0.1859,12.2571
71.097,-0.8741,-0.0348,-0.6577,11.8611,12.3800,13.0295,0.1859,12.2571
71.103,-0.8741,-0.0348,-0.6577,11.8711,12.3900,13.0395,0.1859,12.2671
71.103,-0.8739,-0.0347,-0.6577,11.8704,12.3900,13.0395,0.1861,12.2664
71.103,-0.8742,-0.0347,-0.6576,11.8704,12.3893,13.0395,0.1858,12.2664
71.103,-0.8742,-0.0344,-0.6572,11.8704,12.3893,13.0396,0.1858,12.2664
71.198,-0.8742,-0.0344,-0.6572,11.8803,12.3992,13.0495,0.1858,12.2763
71.198,-0.8740,-0.0343,-0.6572,11.8796,12.3992,13.0495,0.1860,12.2756
71.198,-0.8742,-0.0343,-0.6571,11.8796,12.3985,13.0495,0.1858,12.2756
71.198,-0.8742,-0.0339,-0.6567,11.8796,12.3985,13.0496,0.1858,12.2756
71.298,-0.8742,-0.0339,-0.6567,11.8796,12.3985,13.0496,0.1858,12.2756
71.304,-0.8742,-0.0339,-0.6567,11.8896,12.4085,13.0596,0.1858,12.2856
71.304,-0.8740,-0.0338,-0.6567,11.8889,12.4085,13.0596,0.1860,12.2849
71.304,-0.8742,-0.0338,-0.6567,11.8889,12.4078,13.0596,0.1858,12.2849
71.304,-0.8742,-0.0335,-0.6563,11.8889,12.4078,13.0597,0.1858,12.2849
71.401,-0.8742,-0.0335,-0.6563,11.8988,12.4178,13.0696,0.1858,12.2948
71.401,-0.8740,-0.0333,-0.6563,11.8981,12.4178,13.0696,0.1860,12.2941
71.401,-0.8742,-0.0333,-0.6562,11.8981,12.4171,13.0696,0.1858,12.2941
71.401,-0.8742,-0.0330,-0.6558,11.8981,12.4171,13.0697,0.1858,12.2941
71.497,-0.8742,-0.0330,-0.6558,11.9081,12.4271,13.0797,0.1858,12.3041
71.497,-0.8740,-0.0328,-0.6558,11.9073,12.4271,13.0797,0.1860,12.3033
71.497,-0.8742,-0.0328,-0.6557,11.9073,12.4264,13.0797,0.1858,12.3033
71.498,-0.8742,-0.0325,-0.6554,11.9073,12.4264,13.0798,0.1858,12.3033
71.598,-0.8742,-0.0325,-0.6554,11.9073,12.4264,13.0798,0.1858,12.3033
71.603,-0.8742,-0.0325,-0.6554,11.9173,12.4364,13.0897,0.1858,12.3133
71.603,-0.8740,-0.0323,-0.6554,11.9165,12.4364,13.0897,0.1860,12.3125
71.603,-0.8742,-0.0323,-0.6553,11.9165,12.4357,13.0897,0.1858,12.3125
71.603,-0.8742,-0.0320,-0.6549,11.9165,12.4357,13.0898,0.1858,12.3125
71.699,-0.8742,-0.0320,-0.6549,11.9265,12.4457,13.0998,0.1858,12.3225
71.699,-0.8740,-0.0318,-0.6549,11.9257,12.4457,13.0998,0.1860,12.3217
71.700,-0.8742,-0.0318,-0.6548,11.9257,12.4450,13.0998,0.1858,12.3217
71.700,-0.8742,-0.0315,-0.6545,11.9257,12.4450,13.0999,0.1858,12.3217
71.800,-0.8742,-0.0315,-0.6545,11.9257,12.4450,13.0999,0.1858,12.3217
71.806,-0.8742,-0.0315,-0.6545,11.9357,12.4550,13.1098,0.1858,12.3317
71.807,-0.8739,-0.0313,-0.6545,11.9349,12.4550,13.1098,0.1861,12.3309
71.807,-0.8741,-0.0313,-0.6544,11.9349,12.4543,13.1098,0.1859,12.3309
71.807,-0.8741,-0.0310,-0.6540,11.9349,12.4543,13.1099,0.1859,12.3309
71.902,-0.8741,-0.0310,-0.6540,11.9449,12.4643,13.1199,0.1859,12.3409
71.902,-0.8739,-0.0308,-0.6540,11.9441,12.4643,13.1199,0.1861,12.3401
71.902,-0.8741,-0.0308,-0.6540,11.9441,12.4636,13.1199,0.1859,12.3401
71.903,-0.8741,-0.0305,-0.6536,11.9441,12.4636,13.1200,0.1859,12.3401
71.997,-0.8741,-0.0305,-0.6536,11.9541,12.4736,13.1299,0.1859,12.3501
71.997,-0.8739,-0.0303,-0.6536,11.9533,12.4736,13.1299,0.1861,12.3493
71.997,-0.8741,-0.0303,-0.6535,11.9533,12.4729,13.1299,0.1859,12.3493
71.997,-0.8741,-0.0300,-0.6531,11.9533,12.4729,13.1301,0.1859,12.3493
72.097,-0.8741,-0.0300,-0.6531,11.9533,12.4729,13.1301,0.1859,12.3493
72.102,-0.8741,-0.0300,-0.6531,11.9633,12.4829,13.1400,0.1859,12.3593
72.103,-0.8739,-0.0299,-0.6531,11.9626,12.4829,13.1400,0.1861,12.3586
72.103,-0.8741,-0.0299,-0.6531,11.9626,12.4822,13.1400,0.1859,12.3586
72.103,-0.8741,-0.0295,-0.6527,11.9626,12.4822,13.1401,0.1859,12.3586
72.200,-0.8741,-0.0295,-0.6527,11.9725,12.4922,13.1500,0.1859,12.3685
72.200,-0.8739,-0.0294,-0.6527,11.9718,12.4922,13.1500,0.1861,12.3678
72.200,-0.8741,-0.0294,-0.6526,11.9718,12.4915,13.1500,0.1859,12.3678
72.201,-0.8741,-0.0291,-0.6522,11.9718,12.4915,13.1502,0.1859,12.3678
72.301,-0.8741,-0.0291,-0.6522,11.9718,12.4915,13.1502,0.1859,12.3678
72.310,-0.8741,-0.0291,-0.6522,11.9818,12.5014,13.1601,0.1859,12.3778
72.311,-0.8739,-0.0290,-0.6522,11.9811,12.5014,13.1601,0.1861,12.3771
72.311,-0.8742,-0.0290,-0.6521,11.9811,12.5008,13.1601,0.1858,12.3771
72.311,-0.8742,-0.0286,-0.6518,11.9811,12.5008,13.1602,0.1858,12.3771
72.391,-0.8742,-0.0286,-0.6518,11.9910,12.5107,13.1701,0.1858,12.3870
72.391,-0.8740,-0.0285,-0.6518,11.9904,12.5107,13.1701,0.1860,12.3864
72.391,-0.8742,-0.0285,-0.6517,11.9904,12.5100,13.1701,0.1858,12.3864
72.392,-0.8742,-0.0282,-0.6513,11.9904,12.5100,13.1703,0.1858,12.3864
72.492,-0.8742,-0.0282,-0.6513,11.9904,12.5100,13.1703,0.1858,12.3864
72.497,-0.8742,-0.0282,-0.6513,12.0003,12.5200,13.1802,0.1858,12.3963
72.497,-0.8741,-0.0281,-0.6513,11.9996,12.5200,13.1802,0.1859,12.3956
72.497,-0.8743,-0.0281,-0.6512,11.9996,12.5193,13.1802,0.1857,12.3956
72.497,-0.8743,-0.0277,-0.6508,11.9996,12.5193,13.1803,0.1857,12.3956
72.598,-0.8743,-0.0277,-0.6508,11.9996,12.5193,13.1803,0.1857,12.3956
72.603,-0.8743,-0.0277,-0.6508,12.0096,12.5293,13.1902,0.1857,12.4056
72.604,-0.8741,-0.0276,-0.6508,12.0089,12.5293,13.1902,0.1859,12.4049
72.604,-0.8743,-0.0276,-0.6507,12.0089,12.5286,13.1902,0.1857,12.4049
72.604,-0.8743,-0.0273,-0.6503,12.0089,12.5286,13.1904,0.1857,12.4049
72.699,-0.8743,-0.0273,-0.6503,12.0188,12.5385,13.2003,0.1857,12.4148
72.700,-0.8742,-0.0272,-0.6503,12.0181,12.5385,13.2003,0.1858,12.4141
72.700,-0.8744,-0.0272,-0.6502,12.0181,12.5379,13.2003,0.1856,12.4141
72.700,-0.8744,-0.0268,-0.6499,12.0181,12.5379,13.2004,0.1856,12.4141
72.800,-0.8744,-0.0268,-0.6499,12.0181,12.5379,13.2004,0.1856,12.4141
72.805,-0.8744,-0.0268,-0.6499,12.0281,12.5478,13.2103,0.1856,12.4241
72.805,-0.8742,-0.0267,-0.6499,12.0274,12.5478,13.2103,0.1858,12.4234
72.805,-0.8744,-0.0267,-0.6498,12.0274,12.5471,13.2103,0.1856,12.4234
72.805,-0.8744,-0.0264,-0.6494,12.0274,12.5471,13.2105,0.1856,12.4234
72.901,-0.8744,-0.0264,-0.6494,12.0373,12.5571,13.2204,0.1856,12.4333
72.901,-0.8742,-0.0262,-0.6494,12.0366,12.5571,13.2204,0.1858,12.4326
72.901,-0.8744,-0.0262,-0.6493,12.0366,12.5564,13.2204,0.1856,12.4326
72.901,-0.8744,-0.0259,-0.6489,12.0366,12.5564,13.2205,0.1856,12.4326
73.001,-0.8744,-0.0259,-0.6489,12.0466,12.5664,13.2304,0.1856,12.4426
73.001,-0.8742,-0.0257,-0.6489,12.0458,12.5664,13.2304,0.1858,12.4418
73.001,-0.8744,-0.0257,-0.6488,12.0458,12.5657,13.2304,0.1856,12.4418
73.001,-0.8744,-0.0254,-0.6485,12.0458,12.5657,13.2306,0.1856,12.4418
73.097,-0.8744,-0.0254,-0.6485,12.0558,12.5757,13.2405,0.1856,12.4518
73.097,-0.8742,-0.0252,-0.6485,12.0550,12.5757,13.2405,0.1858,12.4510
73.097,-0.8744,-0.0252,-0.6484,12.0550,12.5750,13.2405,0.1856,12.4510
73.097,-0.8744,-0.0249,-0.6480,12.0550,12.5750,13.2406,0.1856,12.4510
73.198,-0.8744,-0.0249,-0.6480,12.0550,12.5750,13.2406,0.1856,12.4510
73.202,-0.8744,-0.0249,-0.6480,12.0650,12.5850,13.2505,0.1856,12.4610
73.202,-0.8741,-0.0247,-0.6480,12.0642,12.5850,13.2505,0.1859,12.4602
73.202,-0.8743,-0.0247,-0.6479,12.0642,12.5844,13.2505,0.1857,12.4602
73.202,-0.8743,-0.0244,-0.6476,12.0642,12.5844,13.2507,0.1857,12.4602
73.297,-0.8743,-0.0244,-0.6476,12.0742,12.5943,13.2606,0.1857,12.4702
73.297,-0.8741,-0.0242,-0.6476,12.0734,12.5943,13.2606,0.1859,12.4694
73.297,-0.8743,-0.0242,-0.6475,12.0734,12.5937,13.2606,0.1857,12.4694
73.297,-0.8743,-0.0239,-0.6471,12.0734,12.5937,13.2607,0.1857,12.4694
73.398,-0.8743,-0.0239,-0.6471,12.0734,12.5937,13.2607,0.1857,12.4694
73.402,-0.8743,-0.0239,-0.6471,12.0834,12.6036,13.2706,0.1857,12.4794
73.403,-0.8741,-0.0237,-0.6471,12.0826,12.6036,13.2706,0.1859,12.4786
73.403,-0.8743,-0.0237,-0.6470,12.0826,12.6030,13.2706,0.1857,12.4786
73.403,-0.8743,-0.0234,-0.6467,12.0826,12.6030,13.2708,0.1857,12.4786
73.498,-0.8743,-0.0234,-0.6467,12.0926,12.6129,13.2807,0.1857,12.4886
73.498,-0.8741,-0.0232,-0.6467,12.0919,12.6129,13.2807,0.1859,12.4879
73.498,-0.8743,-0.0232,-0.6466,12.0919,12.6123,13.2807,0.1857,12.4879
73.498,-0.8743,-0.0229,-0.6462,12.0919,12.6123,13.2808,0.1857,12.4879
73.598,-0.8743,-0.0229,-0.6462,12.0919,12.6123,13.2808,0.1857,12.4879
73.603,-0.8743,-0.0229,-0.6462,12.1018,12.6222,13.2907,0.1857,12.4978
73.603,-0.8741,-0.0227,-0.6462,12.1011,12.6222,13.2907,0.1859,12.4971
73.604,-0.8743,-0.0227,-0.6461,12.1011,12.6215,13.2907,0.1857,12.4971
73.604,-0.8743,-0.0224,-0.6458,12.1011,12.6215,13.2909,0.1857,12.4971
73.704,-0.8743,-0.0224,-0.6458,12.1011,12.6215,13.2909,0.1857,12.4971
73.713,-0.8743,-0.0224,-0.6458,12.1111,12.6315,13.3008,0.1857,12.5071
73.714,-0.8741,-0.0223,-0.6458,12.1104,12.6315,13.3008,0.1859,12.5064
73.714,-0.8743,-0.0223,-0.6457,12.1104,12.6308,13.3008,0.1857,12.5064
73.714,-0.8743,-0.0219,-0.6453,12.1104,12.6308,13.3009,0.1857,12.5064
73.801,-0.8743,-0.0219,-0.6453,12.1203,12.6408,13.3108,0.1857,12.5163
73.801,-0.8741,-0.0218,-0.6453,12.1196,12.6408,13.3108,0.1859,12.5156
73.801,-0.8743,-0.0218,-0.6452,12.1196,12.6401,13.3108,0.1857,12.5156
73.801,-0.8743,-0.0215,-0.6448,12.1196,12.6401,13.3110,0.1857,12.5156
73.897,-0.8743,-0.0215,-0.6448,12.1296,12.6501,13.3209,0.1857,12.5256
73.897,-0.8742,-0.0214,-0.6448,12.1289,12.6501,13.3209,0.1858,12.5249
73.897,-0.8744,-0.0214,-0.6447,12.1289,12.6494,13.3209,0.1856,12.5249
73.897,-0.8744,-0.0210,-0.6443,12.1289,12.6494,13.3210,0.1856,12.5249
73.997,-0.8744,-0.0210,-0.6443,12.1289,12.6494,13.3210,0.1856,12.5249
74.005,-0.8744,-0.0210,-0.6443,12.1389,12.6593,13.3310,0.1856,12.5349
74.005,-0.8742,-0.0209,-0.6443,12.1382,12.6593,13.3310,0.1858,12.5342
74.005,-0.8745,-0.0209,-0.6442,12.1382,12.6587,13.3310,0.1855,12.5342
74.005,-0.8745,-0.0206,-0.6439,12.1382,12.6587,13.3311,0.1855,12.5342
74.099,-0.8745,-0.0206,-0.6439,12.1481,12.6686,13.3410,0.1855,12.5441
74.099,-0.8743,-0.0205,-0.6439,12.1474,12.6686,13.3410,0.1857,12.5434
74.099,-0.8745,-0.0205,-0.6437,12.1474,12.6679,13.3410,0.1855,12.5434
74.099,-0.8745,-0.0201,-0.6434,12.1474,12.6679,13.3411,0.1855,12.5434
74.192,-0.8745,-0.0201,-0.6434,12.1574,12.6779,13.3511,0.1855,12.5534
74.192,-0.8743,-0.0200,-0.6434,12.1567,12.6779,13.3511,0.1857,12.5527
74.192,-0.8746,-0.0200,-0.6433,12.1567,12.6772,13.3511,0.1854,12.5527
74.192,-0.8746,-0.0197,-0.6429,12.1567,12.6772,13.3512,0.1854,12.5527
74.293,-0.8746,-0.0197,-0.6429,12.1567,12.6772,13.3512,0.1854,12.5527
74.298,-0.8746,-0.0197,-0.6429,12.1667,12.6872,13.3611,0.1854,12.5627
74.298,-0.8744,-0.0196,-0.6429,12.1659,12.6872,13.3611,0.1856,12.5619
74.298,-0.8746,-0.0196,-0.6428,12.1659,12.6865,13.3611,0.1854,12.5619
74.299,-0.8746,-0.0192,-0.6424,12.1659,12.6865,13.3612,0.1854,12.5619
74.399,-0.8746,-0.0192,-0.6424,12.1659,12.6865,13.3612,0.1854,12.5619
74.405,-0.8746,-0.0192,-0.6424,12.1759,12.6964,13.3712,0.1854,12.5719
74.406,-0.8744,-0.0191,-0.6424,12.1752,12.6964,13.3712,0.1856,12.5712
74.406,-0.8746,-0.0191,-0.6423,12.1752,12.6958,13.3712,0.1854,12.5712
74.406,-0.8746,-0.0187,-0.6420,12.1752,12.6958,13.3713,0.1854,12.5712
74.498,-0.8746,-0.0187,-0.6420,12.1851,12.7057,13.3812,0.1854,12.5811
74.498,-0.8744,-0.0186,-0.6420,12.1844,12.7057,13.3812,0.1856,12.5804
74.499,-0.8746,-0.0186,-0.6419,12.1844,12.7051,13.3812,0.1854,12.5804
74.499,-0.8746,-0.0182,-0.6415,12.1844,12.7051,13.3813,0.1854,12.5804
74.599,-0.8746,-0.0182,-0.6415,12.1844,12.7051,13.3813,0.1854,12.5804
74.604,-0.8746,-0.0182,-0.6415,12.1944,12.7150,13.3913,0.1854,12.5904
74.605,-0.8744,-0.0181,-0.6415,12.1936,12.7150,13.3913,0.1856,12.5896
74.605,-0.8746,-0.0181,-0.6414,12.1936,12.7144,13.3913,0.1854,12.5896
74.605,-0.8746,-0.0177,-0.6410,12.1936,12.7144,13.3914,0.1854,12.5896
74.700,-0.8746,-0.0177,-0.6410,12.2036,12.7244,13.4013,0.1854,12.5996
74.700,-0.8743,-0.0176,-0.6410,12.2028,12.7244,13.4013,0.1857,12.5988
74.701,-0.8745,-0.0176,-0.6409,12.2028,12.7237,13.4013,0.1855,12.5988
74.701,-0.8745,-0.0172,-0.6406,12.2028,12.7237,13.4014,0.1855,12.5988
74.790,-0.8745,-0.0172,-0.6406,12.2128,12.7337,13.4114,0.1855,12.6088
74.790,-0.8743,-0.0170,-0.6406,12.2120,12.7337,13.4114,0.1857,12.6080
74.790,-0.8745,-0.0170,-0.6405,12.2120,12.7330,13.4114,0.1855,12.6080
74.790,-0.8745,-0.0167,-0.6401,12.2120,12.7330,13.4115,0.1855,12.6080
74.890,-0.8745,-0.0167,-0.6401,12.2220,12.7430,13.4214,0.1855,12.6180
74.890,-0.8743,-0.0165,-0.6401,12.2212,12.7430,13.4214,0.1857,12.6172
74.890,-0.8745,-0.0165,-0.6400,12.2212,12.7423,13.4214,0.1855,12.6172
74.890,-0.8745,-0.0162,-0.6397,12.2212,12.7423,13.4215,0.1855,12.6172
74.990,-0.8745,-0.0162,-0.6397,12.2312,12.7523,13.4315,0.1855,12.6272
74.990,-0.8743,-0.0160,-0.6397,12.2305,12.7523,13.4315,0.1857,12.6265
74.990,-0.8745,-0.0160,-0.6396,12.2305,12.7516,13.4315,0.1855,12.6265
74.990,-0.8745,-0.0157,-0.6392,12.2305,12.7516,13.4316,0.1855,12.6265
75.090,-0.8745,-0.0157,-0.6392,12.2404,12.7616,13.4415,0.1855,12.6364
75.090,-0.8743,-0.0156,-0.6392,12.2397,12.7616,13.4415,0.1857,12.6357
75.090,-0.8745,-0.0156,-0.6391,12.2397,12.7609,13.4415,0.1855,12.6357
75.091,-0.8745,-0.0152,-0.6387,12.2397,12.7609,13.4416,0.1855,12.6357
75.191,-0.8745,-0.0152,-0.6387,12.2397,12.7609,13.4416,0.1855,12.6357
75.195,-0.8745,-0.0152,-0.6387,12.2497,12.7709,13.4516,0.1855,12.6457
75.196,-0.8743,-0.0151,-0.6387,12.2490,12.7709,13.4516,0.1857,12.6450
75.196,-0.8745,-0.0151,-0.6386,12.2490,12.7702,13.4516,0.1855,12.6450
75.196,-0.8745,-0.0147,-0.6383,12.2490,12.7702,13.4517,0.1855,12.6450
75.296,-0.8745,-0.0147,-0.6383,12.2589,12.7802,13.4616,0.1855,12.6549
75.296,-0.8743,-0.0146,-0.6383,12.2582,12.7802,13.4616,0.1857,12.6542
75.296,-0.8745,-0.0146,-0.6382,12.2582,12.7795,13.4616,0.1855,12.6542
75.297,-0.8745,-0.0143,-0.6378,12.2582,12.7795,13.4617,0.1855,12.6542
75.397,-0.8745,-0.0143,-0.6378,12.2582,12.7795,13.4617,0.1855,12.6542
75.402,-0.8745,-0.0143,-0.6378,12.2682,12.7895,13.4717,0.1855,12.6642
75.402,-0.8744,-0.0142,-0.6378,12.2675,12.7895,13.4717,0.1856,12.6635
75.402,-0.8746,-0.0142,-0.6377,12.2675,12.7888,13.4717,0.1854,12.6635
75.402,-0.8746,-0.0138,-0.6373,12.2675,12.7888,13.4718,0.1854,12.6635
75.496,-0.8746,-0.0138,-0.6373,12.2775,12.7987,13.4817,0.1854,12.6735
75.496,-0.8744,-0.0137,-0.6373,12.2768,12.7987,13.4817,0.1856,12.6728
75.496,-0.8746,-0.0137,-0.6372,12.2768,12.7981,13.4817,0.1854,12.6728
75.496,-0.8746,-0.0134,-0.6368,12.2768,12.7981,13.4818,0.1854,12.6728
75.597,-0.8746,-0.0134,-0.6368,12.2768,12.7981,13.4818,0.1854,12.6728
75.601,-0.8746,-0.0134,-0.6368,12.2867,12.8080,13.4918,0.1854,12.6827
75.602,-0.8745,-0.0133,-0.6368,12.2860,12.8080,13.4918,0.1855,12.6820
75.602,-0.8747,-0.0133,-0.6367,12.2860,12.8073,13.4918,0.1853,12.6820
75.602,-0.8747,-0.0129,-0.6363,12.2860,12.8073,13.4919,0.1853,12.6820
75.697,-0.8747,-0.0129,-0.6363,12.2960,12.8173,13.5018,0.1853,12.6920
75.697,-0.8745,-0.0128,-0.6363,12.2953,12.8173,13.5018,0.1855,12.6913
75.697,-0.8747,-0.0128,-0.6362,12.2953,12.8166,13.5018,0.1853,12.6913
75.697,-0.8747,-0.0125,-0.6358,12.2953,12.8166,13.5020,0.1853,12.6913
75.798,-0.8747,-0.0125,-0.6358,12.2953,12.8166,13.5020,0.1853,12.6913
75.806,-0.8747,-0.0125,-0.6358,12.3053,12.8266,13.5119,0.1853,12.7013
75.806,-0.8746,-0.0123,-0.6358,12.3046,12.8266,13.5119,0.1854,12.7006
75.806,-0.8748,-0.0123,-0.6357,12.3046,12.8259,13.5119,0.1852,12.7006
75.806,-0.8748,-0.0120,-0.6354,12.3046,12.8259,13.5120,0.1852,12.7006
75.906,-0.8748,-0.0120,-0.6354,12.3145,12.8359,13.5219,0.1852,12.7105
75.907,-0.8746,-0.0119,-0.6354,12.3138,12.8359,13.5219,0.1854,12.7098
75.907,-0.8748,-0.0119,-0.6353,12.3138,12.8352,13.5219,0.1852,12.7098
75.907,-0.8748,-0.0115,-0.6349,12.3138,12.8352,13.5221,0.1852,12.7098
76.001,-0.8748,-0.0115,-0.6349,12.3238,12.8451,13.5320,0.1852,12.7198
76.001,-0.8746,-0.0114,-0.6349,12.3230,12.8451,13.5320,0.1854,12.7190
76.001,-0.8748,-0.0114,-0.6348,12.3230,12.8445,13.5320,0.1852,12.7190
76.001,-0.8748,-0.0110,-0.6344,12.3230,12.8445,13.5321,0.1852,12.7190
76.096,-0.8748,-0.0110,-0.6344,12.3330,12.8545,13.5420,0.1852,12.7290
76.096,-0.8745,-0.0108,-0.6344,12.3322,12.8545,13.5420,0.1855,12.7282
76.096,-0.8747,-0.0108,-0.6343,12.3322,12.8538,13.5420,0.1853,12.7282
76.097,-0.8747,-0.0105,-0.6340,12.3322,12.8538,13.5422,0.1853,12.7282
76.197,-0.8747,-0.0105,-0.6340,12.3322,12.8538,13.5422,0.1853,12.7282
76.208,-0.8747,-0.0105,-0.6340,12.3422,12.8638,13.5521,0.1853,12.7382
76.208,-0.8745,-0.0103,-0.6340,12.3414,12.8638,13.5521,0.1855,12.7374
76.208,-0.8747,-0.0103,-0.6338,12.3414,12.8631,13.5521,0.1853,12.7374
76.208,-0.8747,-0.0100,-0.6335,12.3414,12.8631,13.5522,0.1853,12.7374
76.304,-0.8747,-0.0100,-0.6335,12.3514,12.8731,13.5621,0.1853,12.7474
76.305,-0.8745,-0.0098,-0.6335,12.3507,12.8731,13.5621,0.1855,12.7467
76.305,-0.8747,-0.0098,-0.6334,12.3507,12.8725,13.5621,0.1853,12.7467
76.305,-0.8747,-0.0095,-0.6330,12.3507,12.8725,13.5623,0.1853,12.7467
76.403,-0.8747,-0.0095,-0.6330,12.3606,12.8824,13.5722,0.1853,12.7566
76.403,-0.8745,-0.0093,-0.6330,12.3599,12.8824,13.5722,0.1855,12.7559
76.403,-0.8747,-0.0093,-0.6329,12.3599,12.8818,13.5722,0.1853,12.7559
76.403,-0.8747,-0.0090,-0.6326,12.3599,12.8818,13.5723,0.1853,12.7559
76.497,-0.8747,-0.0090,-0.6326,12.3698,12.8917,13.5822,0.1853,12.7658
76.497,-0.8744,-0.0088,-0.6326,12.3691,12.8917,13.5822,0.1856,12.7651
76.497,-0.8746,-0.0088,-0.6324,12.3691,12.8911,13.5822,0.1854,12.7651
76.497,-0.8746,-0.0085,-0.6321,12.3691,12.8911,13.5824,0.1854,12.7651
76.598,-0.8746,-0.0085,-0.6321,12.3691,12.8911,13.5824,0.1854,12.7651
76.602,-0.8746,-0.0085,-0.6321,12.3791,12.9010,13.5923,0.1854,12.7751
76.602,-0.8744,-0.0083,-0.6321,12.3783,12.9010,13.5923,0.1856,12.7743
76.602,-0.8746,-0.0083,-0.6320,12.3783,12.9004,13.5923,0.1854,12.7743
76.602,-0.8746,-0.0080,-0.6316,12.3783,12.9004,13.5924,0.1854,12.7743
76.696,-0.8746,-0.0080,-0.6316,12.3883,12.9103,13.6024,0.1854,12.7843
76.697,-0.8744,-0.0078,-0.6316,12.3876,12.9103,13.6024,0.1856,12.7836
76.697,-0.8746,-0.0078,-0.6315,12.3876,12.9097,13.6024,0.1854,12.7836
76.697,-0.8746,-0.0075,-0.6312,12.3876,12.9097,13.6025,0.1854,12.7836
76.797,-0.8746,-0.0075,-0.6312,12.3876,12.9097,13.6025,0.1854,12.7836
76.802,-0.8746,-0.0075,-0.6312,12.3976,12.9196,13.6124,0.1854,12.7936
76.802,-0.8745,-0.0074,-0.6312,12.3969,12.9196,13.6124,0.1855,12.7929
76.803,-0.8747,-0.0074,-0.6310,12.3969,12.9190,13.6124,0.1853,12.7929
76.803,-0.8747,-0.0070,-0.6307,12.3969,12.9190,13.6125,0.1853,12.7929
76.900,-0.8747,-0.0070,-0.6307,12.4068,12.9289,13.6225,0.1853,12.8028
76.900,-0.8745,-0.0069,-0.6307,12.4062,12.9289,13.6225,0.1855,12.8022
76.900,-0.8748,-0.0069,-0.6305,12.4062,12.9282,13.6225,0.1852,12.8022
76.900,-0.8748,-0.0066,-0.6302,12.4062,12.9282,13.6226,0.1852,12.8022
76.990,-0.8748,-0.0066,-0.6302,12.4161,12.9382,13.6325,0.1852,12.8121
76.990,-0.8746,-0.0065,-0.6302,12.4154,12.9382,13.6325,0.1854,12.8114
76.990,-0.8748,-0.0065,-0.6300,12.4154,12.9375,13.6325,0.1852,12.8114
76.990,-0.8748,-0.0061,-0.6297,12.4154,12.9375,13.6326,0.1852,12.8114
77.090,-0.8748,-0.0061,-0.6297,12.4254,12.9475,13.6426,0.1852,12.8214
77.090,-0.8747,-0.0060,-0.6297,12.4247,12.9475,13.6426,0.1853,12.8207
77.091,-0.8749,-0.0060,-0.6295,12.4247,12.9468,13.6426,0.1851,12.8207
77.091,-0.8749,-0.0057,-0.6292,12.4247,12.9468,13.6427,0.1851,12.8207
77.191,-0.8749,-0.0057,-0.6292,12.4247,12.9468,13.6427,0.1851,12.8207
77.195,-0.8749,-0.0057,-0.6292,12.4347,12.9568,13.6526,0.1851,12.8307
77.196,-0.8747,-0.0056,-0.6292,12.4340,12.9568,13.6526,0.1853,12.8300
77.196,-0.8749,-0.0056,-0.6291,12.4340,12.9561,13.6526,0.1851,12.8300
77.196,-0.8749,-0.0052,-0.6287,12.4340,12.9561,13.6527,0.1851,12.8300
77.297,-0.8749,-0.0052,-0.6287,12.4340,12.9561,13.6527,0.1851,12.8300
77.301,-0.8749,-0.0052,-0.6287,12.4440,12.9660,13.6627,0.1851,12.8400
77.301,-0.8747,-0.0051,-0.6287,12.4433,12.9660,13.6627,0.1853,12.8393
77.302,-0.8750,-0.0051,-0.6286,12.4433,12.9654,13.6627,0.1850,12.8393
77.302,-0.8750,-0.0047,-0.6282,12.4433,12.9654,13.6628,0.1850,12.8393
77.394,-0.8750,-0.0047,-0.6282,12.4532,12.9753,13.6727,0.1850,12.8492
77.394,-0.8748,-0.0046,-0.6282,12.4525,12.9753,13.6727,0.1852,12.8485
77.395,-0.8750,-0.0046,-0.6281,12.4525,12.9747,13.6727,0.1850,12.8485
77.395,-0.8750,-0.0042,-0.6277,12.4525,12.9747,13.6729,0.1850,12.8485
77.495,-0.8750,-0.0042,-0.6277,12.4525,12.9747,13.6729,0.1850,12.8485
77.500,-0.8750,-0.0042,-0.6277,12.4625,12.9846,13.6828,0.1850,12.8585
77.500,-0.8747,-0.0041,-0.6277,12.4617,12.9846,13.6828,0.1853,12.8577
77.500,-0.8750,-0.0041,-0.6276,12.4617,12.9840,13.6828,0.1850,12.8577
77.501,-0.8750,-0.0037,-0.6273,12.4617,12.9840,13.6829,0.1850,12.8577
77.601,-0.8750,-0.0037,-0.6273,12.4617,12.9840,13.6829,0.1850,12.8577
77.606,-0.8750,-0.0037,-0.6273,12.4717,12.9940,13.6928,0.1850,12.8677
77.607,-0.8747,-0.0036,-0.6273,12.4710,12.9940,13.6928,0.1853,12.8670
77.607,-0.8749,-0.0036,-0.6271,12.4710,12.9933,13.6928,0.1851,12.8670
77.607,-0.8749,-0.0032,-0.6268,12.4710,12.9933,13.6930,0.1851,12.8670
77.702,-0.8749,-0.0032,-0.6268,12.4809,13.0033,13.7029,0.1851,12.8769
77.702,-0.8747,-0.0031,-0.6268,12.4802,13.0033,13.7029,0.1853,12.8762
77.702,-0.8749,-0.0031,-0.6267,12.4802,13.0026,13.7029,0.1851,12.8762
77.702,-0.8749,-0.0027,-0.6263,12.4802,13.0026,13.7030,0.1851,12.8762
77.798,-0.8749,-0.0027,-0.6263,12.4901,13.0126,13.7130,0.1851,12.8861
77.798,-0.8747,-0.0025,-0.6263,12.4894,13.0126,13.7130,0.1853,12.8854
77.798,-0.8749,-0.0025,-0.6262,12.4894,13.0120,13.7130,0.1851,12.8854
77.798,-0.8749,-0.0022,-0.6258,12.4894,13.0120,13.7131,0.1851,12.8854
77.898,-0.8749,-0.0022,-0.6258,12.4894,13.0120,13.7131,0.1851,12.8854
77.903,-0.8749,-0.0022,-0.6258,12.4994,13.0219,13.7230,0.1851,12.8954
77.904,-0.8746,-0.0020,-0.6258,12.4986,13.0219,13.7230,0.1854,12.8946
77.904,-0.8748,-0.0020,-0.6257,12.4986,13.0213,13.7230,0.1852,12.8946
77.904,-0.8748,-0.0017,-0.6254,12.4986,13.0213,13.7231,0.1852,12.8946
78.000,-0.8748,-0.0017,-0.6254,12.5086,13.0312,13.7331,0.1852,12.9046
78.000,-0.8746,-0.0015,-0.6254,12.5078,13.0312,13.7331,0.1854,12.9038
78.001,-0.8748,-0.0015,-0.6253,12.5078,13.0306,13.7331,0.1852,12.9038
78.001,-0.8748,-0.0012,-0.6249,12.5078,13.0306,13.7332,0.1852,12.9038
78.101,-0.8748,-0.0012,-0.6249,12.5078,13.0306,13.7332,0.1852,12.9038
78.106,-0.8748,-0.0012,-0.6249,12.5178,13.0405,13.7431,0.1852,12.9138
78.106,-0.8746,-0.0010,-0.6249,12.5171,13.0405,13.7431,0.1854,12.9131
78.106,-0.8748,-0.0010,-0.6248,12.5171,13.0399,13.7431,0.1852,12.9131
78.106,-0.8748,-0.0007,-0.6244,12.5171,13.0399,13.7432,0.1852,12.9131
78.202,-0.8748,-0.0007,-0.6244,12.5271,13.0498,13.7532,0.1852,12.9231
78.202,-0.8746,-0.0005,-0.6244,12.5264,13.0498,13.7532,0.1854,12.9224
78.202,-0.8748,-0.0005,-0.6243,12.5264,13.0492,13.7532,0.1852,12.9224
78.202,-0.8748,-0.0002,-0.6240,12.5264,13.0492,13.7533,0.1852,12.9224
78.299,-0.8748,-0.0002,-0.6240,12.5363,13.0591,13.7632,0.1852,12.9323
78.299,-0.8747,-0.0001,-0.6240,12.5356,13.0591,13.7632,0.1853,12.9316
78.299,-0.8749,-0.0001,-0.6238,12.5356,13.0585,13.7632,0.1851,12.9316
78.299,-0.8749,0.0003,-0.6235,12.5356,13.0585,13.7634,0.1851,12.9316
78.400,-0.8749,0.0003,-0.6235,12.5356,13.0585,13.7634,0.1851,12.9316
78.405,-0.8749,0.0003,-0.6235,12.5456,13.0684,13.7733,0.1851,12.9416
78.405,-0.8747,0.0004,-0.6235,12.5449,13.0684,13.7733,0.1853,12.9409
78.406,-0.8749,0.0004,-0.6233,12.5449,13.0678,13.7733,0.1851,12.9409
78.406,-0.8749,0.0007,-0.6230,12.5449,13.0678,13.7734,0.1851,12.9409
78.502,-0.8749,0.0007,-0.6230,12.5549,13.0777,13.7833,0.1851,12.9509
78.502,-0.8748,0.0008,-0.6230,12.5542,13.0777,13.7833,0.1852,12.9502
78.502,-0.8750,0.0008,-0.6228,12.5542,13.0771,13.7833,0.1850,12.9502
78.502,-0.8750,0.0012,-0.6225,12.5542,13.0771,13.7835,0.1850,12.9502
78.603,-0.8750,0.0012,-0.6225,12.5542,13.0771,13.7835,0.1850,12.9502
78.608,-0.8750,0.0012,-0.6225,12.5642,13.0870,13.7934,0.1850,12.9602
78.608,-0.8748,0.0013,-0.6225,12.5635,13.0870,13.7934,0.1852,12.9595
78.608,-0.8751,0.0013,-0.6223,12.5635,13.0864,13.7934,0.1849,12.9595
78.608,-0.8751,0.0016,-0.6220,12.5635,13.0864,13.7935,0.1849,12.9595
78.703,-0.8751,0.0016,-0.6220,12.5735,13.0963,13.8035,0.1849,12.9695
78.704,-0.8749,0.0018,-0.6220,12.5728,13.0963,13.8035,0.1851,12.9688
78.704,-0.8751,0.0018,-0.6218,12.5728,13.0956,13.8035,0.1849,12.9688
78.704,-0.8751,0.0021,-0.6215,12.5728,13.0956,13.8036,0.1849,12.9688
78.803,-0.8751,0.0021,-0.6215,12.5827,13.1056,13.8135,0.1849,12.9787
78.803,-0.8749,0.0022,-0.6215,12.5820,13.1056,13.8135,0.1851,12.9780
78.812,-0.8751,0.0022,-0.6213,12.5820,13.1049,13.8135,0.1849,12.9780
78.812,-0.8751,0.0026,-0.6210,12.5820,13.1049,13.8136,0.1849,12.9780
78.898,-0.8751,0.0026,-0.6210,12.5920,13.1149,13.8236,0.1849,12.9880
78.899,-0.8749,0.0027,-0.6210,12.5913,13.1149,13.8236,0.1851,12.9873
78.899,-0.8751,0.0027,-0.6209,12.5913,13.1142,13.8236,0.1849,12.9873
78.899,-0.8751,0.0031,-0.6205,12.5913,13.1142,13.8237,0.1849,12.9873
78.999,-0.8751,0.0031,-0.6205,12.5913,13.1142,13.8237,0.1849,12.9873
79.004,-0.8751,0.0031,-0.6205,12.6013,13.1242,13.8336,0.1849,12.9973
79.005,-0.8749,0.0032,-0.6205,12.6005,13.1242,13.8336,0.1851,12.9965
79.005,-0.8751,0.0032,-0.6204,12.6005,13.1236,13.8336,0.1849,12.9965
79.005,-0.8751,0.0036,-0.6200,12.6005,13.1236,13.8337,0.1849,12.9965
79.101,-0.8751,0.0036,-0.6200,12.6105,13.1335,13.8437,0.1849,13.0065
79.101,-0.8749,0.0037,-0.6200,12.6098,13.1335,13.8437,0.1851,13.0058
79.101,-0.8751,0.0037,-0.6199,12.6098,13.1329,13.8437,0.1849,13.0058
79.101,-0.8751,0.0041,-0.6196,12.6098,13.1329,13.8438,0.1849,13.0058
79.197,-0.8751,0.0041,-0.6196,12.6197,13.1428,13.8537,0.1849,13.0157
79.197,-0.8749,0.0043,-0.6196,12.6190,13.1428,13.8537,0.1851,13.0150
79.197,-0.8751,0.0043,-0.6194,12.6190,13.1422,13.8537,0.1849,13.0150
79.198,-0.8751,0.0046,-0.6191,12.6190,13.1422,13.8538,0.1849,13.0150
79.298,-0.8751,0.0046,-0.6191,12.6190,13.1422,13.8538,0.1849,13.0150
79.303,-0.8751,0.0046,-0.6191,12.6289,13.1522,13.8638,0.1849,13.0249
79.304,-0.8748,0.0048,-0.6191,12.6282,13.1522,13.8638,0.1852,13.0242
79.304,-0.8750,0.0048,-0.6189,12.6282,13.1515,13.8638,0.1850,13.0242
79.304,-0.8750,0.0051,-0.6186,12.6282,13.1515,13.8639,0.1850,13.0242
79.397,-0.8750,0.0051,-0.6186,12.6381,13.1615,13.8738,0.1850,13.0341
79.398,-0.8748,0.0053,-0.6186,12.6374,13.1615,13.8738,0.1852,13.0334
79.398,-0.8750,0.0053,-0.6185,12.6374,13.1608,13.8738,0.1850,13.0334
79.398,-0.8750,0.0056,-0.6181,12.6374,13.1608,13.8739,0.1850,13.0334
79.498,-0.8750,0.0056,-0.6181,12.6374,13.1608,13.8739,0.1850,13.0334
79.503,-0.8750,0.0056,-0.6181,12.6474,13.1708,13.8839,0.1850,13.0434
79.504,-0.8748,0.0058,-0.6181,12.6466,13.1708,13.8839,0.1852,13.0426
79.504,-0.8750,0.0058,-0.6180,12.6466,13.1702,13.8839,0.1850,13.0426
79.504,-0.8750,0.0062,-0.6176,12.6466,13.1702,13.8840,0.1850,13.0426
79.600,-0.8750,0.0062,-0.6176,12.6566,13.1801,13.8939,0.1850,13.0526
79.601,-0.8748,0.0063,-0.6176,12.6559,13.1801,13.8939,0.1852,13.0519
79.601,-0.8750,0.0063,-0.6175,12.6559,13.1795,13.8939,0.1850,13.0519
79.601,-0.8750,0.0066,-0.6172,12.6559,13.1795,13.8941,0.1850,13.0519
79.694,-0.8750,0.0066,-0.6172,12.6659,13.1894,13.9040,0.1850,13.0619
79.694,-0.8748,0.0068,-0.6172,12.6652,13.1894,13.9040,0.1852,13.0612
79.694,-0.8750,0.0068,-0.6170,12.6652,13.1888,13.9040,0.1850,13.0612
79.694,-0.8750,0.0071,-0.6167,12.6652,13.1888,13.9041,0.1850,13.0612
79.791,-0.8750,0.0071,-0.6167,12.6751,13.1987,13.9140,0.1850,13.0711
79.791,-0.8748,0.0073,-0.6167,12.6745,13.1987,13.9140,0.1852,13.0705
79.791,-0.8751,0.0073,-0.6165,12.6745,13.1981,13.9140,0.1849,13.0705
79.792,-0.8751,0.0076,-0.6162,12.6745,13.1981,13.9142,0.1849,13.0705
79.892,-0.8751,0.0076,-0.6162,12.6745,13.1981,13.9142,0.1849,13.0705
79.900,-0.8751,0.0076,-0.6162,12.6844,13.2080,13.9241,0.1849,13.0804
79.900,-0.8749,0.0077,-0.6162,12.6838,13.2080,13.9241,0.1851,13.0798
79.900,-0.8751,0.0077,-0.6160,12.6838,13.2074,13.9241,0.1849,13.0798
79.900,-0.8751,0.0080,-0.6157,12.6838,13.2074,13.9242,0.1849,13.0798
80.001,-0.8751,0.0080,-0.6157,12.6838,13.2074,13.9242,0.1849,13.0798
80.006,-0.8751,0.0080,-0.6157,12.6937,13.2173,13.9342,0.1849,13.0897
80.006,-0.8750,0.0082,-0.6157,12.6930,13.2173,13.9342,0.1850,13.0890
80.006,-0.8752,0.0082,-0.6155,12.6930,13.2167,13.9342,0.1848,13.0890
80.007,-0.8752,0.0085,-0.6152,12.6930,13.2167,13.9343,0.1848,13.0890
80.102,-0.8752,0.0085,-0.6152,12.7030,13.2266,13.9442,0.1848,13.0990
80.103,-0.8750,0.0086,-0.6152,12.7023,13.2266,13.9442,0.1850,13.0983
80.103,-0.8752,0.0086,-0.6150,12.7023,13.2260,13.9442,0.1848,13.0983
80.103,-0.8752,0.0090,-0.6147,12.7023,13.2260,13.9443,0.1848,13.0983
80.198,-0.8752,0.0090,-0.6147,12.7123,13.2359,13.9543,0.1848,13.1083
80.198,-0.8751,0.0091,-0.6147,12.7116,13.2359,13.9543,0.1849,13.1076
80.199,-0.8753,0.0091,-0.6145,12.7116,13.2352,13.9543,0.1847,13.1076
80.199,-0.8753,0.0094,-0.6142,12.7116,13.2352,13.9544,0.1847,13.1076
80.299,-0.8753,0.0094,-0.6142,12.7116,13.2352,13.9544,0.1847,13.1076
80.306,-0.8753,0.0094,-0.6142,12.7216,13.2452,13.9643,0.1847,13.1176
80.306,-0.8751,0.0096,-0.6142,12.7209,13.2452,13.9643,0.1849,13.1169
80.307,-0.8753,0.0096,-0.6141,12.7209,13.2445,13.9643,0.1847,13.1169
80.307,-0.8753,0.0099,-0.6137,12.7209,13.2445,13.9644,0.1847,13.1169
80.407,-0.8753,0.0099,-0.6137,12.7209,13.2445,13.9644,0.1847,13.1169
80.408,-0.8753,0.0099,-0.6137,12.7308,13.2545,13.9744,0.1847,13.1268
80.408,-0.8751,0.0101,-0.6137,12.7301,13.2545,13.9744,0.1849,13.1261
80.408,-0.8753,0.0101,-0.6136,12.7301,13.2538,13.9744,0.1847,13.1261
80.409,-0.8753,0.0104,-0.6132,12.7301,13.2538,13.9745,0.1847,13.1261
80.504,-0.8753,0.0104,-0.6132,12.7401,13.2638,13.9844,0.1847,13.1361
80.504,-0.8751,0.0106,-0.6132,12.7394,13.2638,13.9844,0.1849,13.1354
80.505,-0.8753,0.0106,-0.6131,12.7394,13.2632,13.9844,0.1847,13.1354
80.505,-0.8753,0.0109,-0.6127,12.7394,13.2632,13.9845,0.1847,13.1354
80.593,-0.8753,0.0109,-0.6127,12.7493,13.2731,13.9945,0.1847,13.1453
80.593,-0.8751,0.0111,-0.6127,12.7486,13.2731,13.9945,0.1849,13.1446
80.593,-0.8753,0.0111,-0.6126,12.7486,13.2725,13.9945,0.1847,13.1446
80.593,-0.8753,0.0114,-0.6123,12.7486,13.2725,13.9946,0.1847,13.1446
80.690,-0.8753,0.0114,-0.6123,12.7586,13.2824,14.0045,0.1847,13.1546
80.690,-0.8751,0.0116,-0.6123,12.7578,13.2824,14.0045,0.1849,13.1538
80.690,-0.8753,0.0116,-0.6121,12.7578,13.2818,14.0045,0.1847,13.1538
80.691,-0.8753,0.0120,-0.6118,12.7578,13.2818,14.0046,0.1847,13.1538
80.790,-0.8753,0.0120,-0.6118,12.7678,13.2918,14.0146,0.1847,13.1638
80.790,-0.8750,0.0121,-0.6118,12.7671,13.2918,14.0146,0.1850,13.1631
80.790,-0.8752,0.0121,-0.6116,12.7671,13.2912,14.0146,0.1848,13.1631
80.791,-0.8752,0.0125,-0.6113,12.7671,13.2912,14.0147,0.1848,13.1631
80.890,-0.8752,0.0125,-0.6113,12.7770,13.3011,14.0246,0.1848,13.1730
80.890,-0.8750,0.0127,-0.6113,12.7763,13.3011,14.0246,0.1850,13.1723
80.890,-0.8752,0.0127,-0.6112,12.7763,13.3005,14.0246,0.1848,13.1723
80.891,-0.8752,0.0130,-0.6108,12.7763,13.3005,14.0248,0.1848,13.1723
80.990,-0.8752,0.0130,-0.6108,12.7862,13.3104,14.0347,0.1848,13.1822
80.990,-0.8750,0.0132,-0.6108,12.7855,13.3104,14.0347,0.1850,13.1815
80.990,-0.8752,0.0132,-0.6107,12.7855,13.3098,14.0347,0.1848,13.1815
80.991,-0.8752,0.0135,-0.6103,12.7855,13.3098,14.0348,0.1848,13.1815
81.091,-0.8752,0.0135,-0.6103,12.7855,13.3098,14.0348,0.1848,13.1815
81.094,-0.8752,0.0135,-0.6103,12.7955,13.3197,14.0447,0.1848,13.1915
81.094,-0.8750,0.0137,-0.6103,12.7948,13.3197,14.0447,0.1850,13.1908
81.094,-0.8752,0.0137,-0.6102,12.7948,13.3191,14.0447,0.1848,13.1908
81.095,-0.8752,0.0140,-0.6099,12.7948,13.3191,14.0449,0.1848,13.1908
81.195,-0.8752,0.0140,-0.6099,12.7948,13.3191,14.0449,0.1848,13.1908
81.201,-0.8752,0.0140,-0.6099,12.8048,13.3291,14.0548,0.1848,13.2008
81.201,-0.8750,0.0142,-0.6099,12.8041,13.3291,14.0548,0.1850,13.2001
81.201,-0.8752,0.0142,-0.6097,12.8041,13.3284,14.0548,0.1848,13.2001
81.201,-0.8752,0.0145,-0.6094,12.8041,13.3284,14.0549,0.1848,13.2001
81.297,-0.8752,0.0145,-0.6094,12.8140,13.3384,14.0648,0.1848,13.2100
81.297,-0.8750,0.0146,-0.6094,12.8134,13.3384,14.0648,0.1850,13.2094
81.297,-0.8752,0.0146,-0.6092,12.8134,13.3377,14.0648,0.1848,13.2094
81.297,-0.8752,0.0150,-0.6089,12.8134,13.3377,14.0650,0.1848,13.2094
81.398,-0.8752,0.0150,-0.6089,12.8134,13.3377,14.0650,0.1848,13.2094
81.405,-0.8752,0.0150,-0.6089,12.8233,13.3477,14.0749,0.1848,13.2193
81.405,-0.8751,0.0151,-0.6089,12.8226,13.3477,14.0749,0.1849,13.2186
81.405,-0.8753,0.0151,-0.6087,12.8226,13.3470,14.0749,0.1847,13.2186
81.405,-0.8753,0.0154,-0.6084,12.8226,13.3470,14.0750,0.1847,13.2186
81.501,-0.8753,0.0154,-0.6084,12.8326,13.3570,14.0849,0.1847,13.2286
81.501,-0.8751,0.0155,-0.6084,12.8319,13.3570,14.0849,0.1849,13.2279
81.501,-0.8754,0.0155,-0.6082,12.8319,13.3563,14.0849,0.1846,13.2279
81.502,-0.8754,0.0159,-0.6079,12.8319,13.3563,14.0851,0.1846,13.2279
81.598,-0.8754,0.0159,-0.6079,12.8419,13.3663,14.0950,0.1846,13.2379
81.598,-0.8752,0.0160,-0.6079,12.8412,13.3663,14.0950,0.1848,13.2372
81.598,-0.8754,0.0160,-0.6077,12.8412,13.3656,14.0950,0.1846,13.2372
81.598,-0.8754,0.0163,-0.6074,12.8412,13.3656,14.0951,0.1846,13.2372
81.699,-0.8754,0.0163,-0.6074,12.8412,13.3656,14.0951,0.1846,13.2372
81.704,-0.8754,0.0163,-0.6074,12.8512,13.3755,14.1050,0.1846,13.2472
81.704,-0.8752,0.0165,-0.6074,12.8505,13.3755,14.1050,0.1848,13.2465
81.704,-0.8755,0.0165,-0.6072,12.8505,13.3749,14.1050,0.1845,13.2465
81.705,-0.8755,0.0168,-0.6069,12.8505,13.3749,14.1052,0.1845,13.2465
81.796,-0.8755,0.0168,-0.6069,12.8605,13.3848,14.1151,0.1845,13.2565
81.796,-0.8753,0.0169,-0.6069,12.8598,13.3848,14.1151,0.1847,13.2558
81.796,-0.8755,0.0169,-0.6067,12.8598,13.3842,14.1151,0.1845,13.2558
81.797,-0.8755,0.0173,-0.6064,12.8598,13.3842,14.1152,0.1845,13.2558
81.897,-0.8755,0.0173,-0.6064,12.8598,13.3842,14.1152,0.1845,13.2558
81.902,-0.8755,0.0173,-0.6064,12.8697,13.3941,14.1252,0.1845,13.2657
81.902,-0.8753,0.0174,-0.6064,12.8690,13.3941,14.1252,0.1847,13.2650
81.902,-0.8755,0.0174,-0.6062,12.8690,13.3935,14.1252,0.1845,13.2650
81.902,-0.8755,0.0178,-0.6059,12.8690,13.3935,14.1253,0.1845,13.2650
82.000,-0.8755,0.0178,-0.6059,12.8790,13.4035,14.1352,0.1845,13.2750
82.000,-0.8753,0.0180,-0.6059,12.8783,13.4035,14.1352,0.1847,13.2743
82.000,-0.8755,0.0180,-0.6057,12.8783,13.4028,14.1352,0.1845,13.2743
82.000,-0.8755,0.0183,-0.6054,12.8783,13.4028,14.1353,0.1845,13.2743
82.101,-0.8755,0.0183,-0.6054,12.8783,13.4028,14.1353,0.1845,13.2743
82.107,-0.8755,0.0183,-0.6054,12.8883,13.4128,14.1453,0.1845,13.2843
82.107,-0.8753,0.0185,-0.6054,12.8875,13.4128,14.1453,0.1847,13.2835
82.108,-0.8755,0.0185,-0.6052,12.8875,13.4122,14.1453,0.1845,13.2835
82.108,-0.8755,0.0188,-0.6049,12.8875,13.4122,14.1454,0.1845,13.2835
82.204,-0.8755,0.0188,-0.6049,12.8975,13.4221,14.1553,0.1845,13.2935
82.204,-0.8752,0.0190,-0.6049,12.8968,13.4221,14.1553,0.1848,13.2928
82.205,-0.8754,0.0190,-0.6048,12.8968,13.4215,14.1553,0.1846,13.2928
82.205,-0.8754,0.0193,-0.6044,12.8968,13.4215,14.1554,0.1846,13.2928
82.299,-0.8754,0.0193,-0.6044,12.9067,13.4315,14.1654,0.1846,13.3027
82.300,-0.8752,0.0195,-0.6044,12.9060,13.4315,14.1654,0.1848,13.3020
82.300,-0.8754,0.0195,-0.6043,12.9060,13.4308,14.1654,0.1846,13.3020
82.300,-0.8754,0.0199,-0.6039,12.9060,13.4308,14.1655,0.1846,13.3020
82.400,-0.8754,0.0199,-0.6039,12.9060,13.4308,14.1655,0.1846,13.3020
82.406,-0.8754,0.0199,-0.6039,12.9159,13.4408,14.1754,0.1846,13.3119
82.406,-0.8752,0.0200,-0.6039,12.9152,13.4408,14.1754,0.1848,13.3112
82.406,-0.8754,0.0200,-0.6038,12.9152,13.4402,14.1754,0.1846,13.3112
82.406,-0.8754,0.0204,-0.6034,12.9152,13.4402,14.1756,0.1846,13.3112
82.502,-0.8754,0.0204,-0.6034,12.9252,13.4501,14.1855,0.1846,13.3212
82.502,-0.8752,0.0206,-0.6034,12.9245,13.4501,14.1855,0.1848,13.3205
82.503,-0.8754,0.0206,-0.6033,12.9245,13.4495,14.1855,0.1846,13.3205
82.503,-0.8754,0.0209,-0.6030,12.9245,13.4495,14.1856,0.1846,13.3205
82.603,-0.8754,0.0209,-0.6030,12.9245,13.4495,14.1856,0.1846,13.3205
82.605,-0.8754,0.0209,-0.6030,12.9344,13.4594,14.1955,0.1846,13.3304
82.606,-0.8752,0.0211,-0.6030,12.9337,13.4594,14.1955,0.1848,13.3297
82.606,-0.8754,0.0211,-0.6028,12.9337,13.4588,14.1955,0.1846,13.3297
82.606,-0.8754,0.0214,-0.6025,12.9337,13.4588,14.1957,0.1846,13.3297
82.706,-0.8754,0.0214,-0.6025,12.9337,13.4588,14.1957,0.1846,13.3297
82.707,-0.8754,0.0214,-0.6025,12.9437,13.4687,14.2056,0.1846,13.3397
82.708,-0.8752,0.0215,-0.6025,12.9430,13.4687,14.2056,0.1848,13.3390
82.708,-0.8754,0.0215,-0.6023,12.9430,13.4681,14.2056,0.1846,13.3390
82.708,-0.8754,0.0219,-0.6020,12.9430,13.4681,14.2057,0.1846,13.3390
82.804,-0.8754,0.0219,-0.6020,12.9530,13.4780,14.2156,0.1846,13.3490
82.804,-0.8752,0.0220,-0.6020,12.9523,13.4780,14.2156,0.1848,13.3483
82.804,-0.8754,0.0220,-0.6018,12.9523,13.4774,14.2156,0.1846,13.3483
82.804,-0.8754,0.0223,-0.6015,12.9523,13.4774,14.2158,0.1846,13.3483
82.900,-0.8754,0.0223,-0.6015,12.9623,13.4873,14.2257,0.1846,13.3583
82.900,-0.8753,0.0225,-0.6015,12.9616,13.4873,14.2257,0.1847,13.3576
82.901,-0.8755,0.0225,-0.6013,12.9616,13.4867,14.2257,0.1845,13.3576
82.901,-0.8755,0.0228,-0.6010,12.9616,13.4867,14.2258,0.1845,13.3576
82.994,-0.8755,0.0228,-0.6010,12.9715,13.4966,14.2357,0.1845,13.3675
82.994,-0.8753,0.0229,-0.6010,12.9709,13.4966,14.2357,0.1847,13.3669
82.994,-0.8755,0.0229,-0.6008,12.9709,13.4960,14.2357,0.1845,13.3669
82.994,-0.8755,0.0233,-0.6005,12.9709,13.4960,14.2359,0.1845,13.3669
83.095,-0.8755,0.0233,-0.6005,12.9709,13.4960,14.2359,0.1845,13.3669
83.101,-0.8755,0.0233,-0.6005,12.9808,13.5059,14.2458,0.1845,13.3768
83.101,-0.8754,0.0234,-0.6005,12.9802,13.5059,14.2458,0.1846,13.3762
83.101,-0.8756,0.0234,-0.6003,12.9802,13.5053,14.2458,0.1844,13.3762
83.101,-0.8756,0.0237,-0.6000,12.9802,13.5053,14.2459,0.1844,13.3762
83.196,-0.8756,0.0237,-0.6000,12.9901,13.5152,14.2558,0.1844,13.3861
83.196,-0.8754,0.0239,-0.6000,12.9895,13.5152,14.2558,0.1846,13.3855
83.197,-0.8756,0.0239,-0.5998,12.9895,13.5146,14.2558,0.1844,13.3855
83.197,-0.8756,0.0242,-0.5995,12.9895,13.5146,14.2560,0.1844,13.3855
83.297,-0.8756,0.0242,-0.5995,12.9895,13.5146,14.2560,0.1844,13.3855
83.312,-0.8756,0.0242,-0.5995,12.9994,13.5245,14.2659,0.1844,13.3954
83.312,-0.8755,0.0244,-0.5995,12.9987,13.5245,14.2659,0.1845,13.3947
83.313,-0.8757,0.0244,-0.5993,12.9987,13.5239,14.2659,0.1843,13.3947
83.313,-0.8757,0.0247,-0.5990,12.9987,13.5239,14.2660,0.1843,13.3947
83.398,-0.8757,0.0247,-0.5990,13.0087,13.5338,14.2759,0.1843,13.4047
83.398,-0.8755,0.0249,-0.5990,13.0080,13.5338,14.2759,0.1845,13.4040
83.399,-0.8757,0.0249,-0.5988,13.0080,13.5332,14.2759,0.1843,13.4040
83.399,-0.8757,0.0252,-0.5985,13.0080,13.5332,14.2761,0.1843,13.4040
83.499,-0.8757,0.0252,-0.5985,13.0080,13.5332,14.2761,0.1843,13.4040
83.504,-0.8757,0.0252,-0.5985,13.0180,13.5432,14.2860,0.1843,13.4140
83.504,-0.8755,0.0254,-0.5985,13.0172,13.5432,14.2860,0.1845,13.4132
83.504,-0.8757,0.0254,-0.5983,13.0172,13.5425,14.2860,0.1843,13.4132
83.504,-0.8757,0.0257,-0.5980,13.0172,13.5425,14.2861,0.1843,13.4132
83.598,-0.8757,0.0257,-0.5980,13.0272,13.5525,14.2960,0.1843,13.4232
83.598,-0.8754,0.0259,-0.5980,13.0265,13.5525,14.2960,0.1846,13.4225
83.599,-0.8756,0.0259,-0.5978,13.0265,13.5519,14.2960,0.1844,13.4225
83.599,-0.8756,0.0262,-0.5975,13.0265,13.5519,14.2962,0.1844,13.4225
83.699,-0.8756,0.0262,-0.5975,13.0265,13.5519,14.2962,0.1844,13.4225
83.705,-0.8756,0.0262,-0.5975,13.0364,13.5618,14.3061,0.1844,13.4324
83.705,-0.8754,0.0264,-0.5975,13.0357,13.5618,14.3061,0.1846,13.4317
83.705,-0.8756,0.0264,-0.5973,13.0357,13.5612,14.3061,0.1844,13.4317
83.705,-0.8756,0.0268,-0.5970,13.0357,13.5612,14.3062,0.1844,13.4317
83.798,-0.8756,0.0268,-0.5970,13.0457,13.5711,14.3161,0.1844,13.4417
83.799,-0.8754,0.0269,-0.5970,13.0449,13.5711,14.3161,0.1846,13.4409
83.799,-0.8756,0.0269,-0.5968,13.0449,13.5705,14.3161,0.1844,13.4409
83.799,-0.8756,0.0273,-0.5965,13.0449,13.5705,14.3163,0.1844,13.4409
83.899,-0.8756,0.0273,-0.5965,13.0449,13.5705,14.3163,0.1844,13.4409
83.905,-0.8756,0.0273,-0.5965,13.0549,13.5805,14.3262,0.1844,13.4509
83.905,-0.8754,0.0275,-0.5965,13.0542,13.5805,14.3262,0.1846,13.4502
83.905,-0.8756,0.0275,-0.5964,13.0542,13.5799,14.3262,0.1844,13.4502
83.905,-0.8756,0.0278,-0.5960,13.0542,13.5799,14.3263,0.1844,13.4502
84.000,-0.8756,0.0278,-0.5960,13.0641,13.5898,14.3362,0.1844,13.4601
84.001,-0.8753,0.0280,-0.5960,13.0634,13.5898,14.3362,0.1847,13.4594
84.001,-0.8755,0.0280,-0.5959,13.0634,13.5892,14.3362,0.1845,13.4594
84.001,-0.8755,0.0283,-0.5955,13.0634,13.5892,14.3364,0.1845,13.4594
84.090,-0.8755,0.0283,-0.5955,13.0734,13.5991,14.3463,0.1845,13.4694
84.090,-0.8753,0.0285,-0.5955,13.0727,13.5991,14.3463,0.1847,13.4687
84.090,-0.8755,0.0285,-0.5954,13.0727,13.5985,14.3463,0.1845,13.4687
84.090,-0.8755,0.0288,-0.5950,13.0727,13.5985,14.3464,0.1845,13.4687
84.191,-0.8755,0.0288,-0.5950,13.0727,13.5985,14.3464,0.1845,13.4687
84.197,-0.8755,0.0288,-0.5950,13.0827,13.6084,14.3563,0.1845,13.4787
84.197,-0.8754,0.0290,-0.5950,13.0820,13.6084,14.3563,0.1846,13.4780
84.197,-0.8756,0.0290,-0.5949,13.0820,13.6078,14.3563,0.1844,13.4780
84.198,-0.8756,0.0293,-0.5945,13.0820,13.6078,14.3565,0.1844,13.4780
84.298,-0.8756,0.0293,-0.5945,13.0820,13.6078,14.3565,0.1844,13.4780
84.303,-0.8756,0.0293,-0.5945,13.0919,13.6178,14.3664,0.1844,13.4879
84.303,-0.8754,0.0294,-0.5945,13.0913,13.6178,14.3664,0.1846,13.4873
84.303,-0.8756,0.0294,-0.5944,13.0913,13.6171,14.3664,0.1844,13.4873
84.303,-0.8756,0.0298,-0.5940,13.0913,13.6171,14.3665,0.1844,13.4873
84.399,-0.8756,0.0298,-0.5940,13.1012,13.6271,14.3764,0.1844,13.4972
84.399,-0.8754,0.0299,-0.5940,13.1006,13.6271,14.3764,0.1846,13.4966
84.399,-0.8757,0.0299,-0.5939,13.1006,13.6264,14.3764,0.1843,13.4966
84.400,-0.8757,0.0302,-0.5935,13.1006,13.6264,14.3766,0.1843,13.4966
84.500,-0.8757,0.0302,-0.5935,13.1006,13.6264,14.3766,0.1843,13.4966
84.508,-0.8757,0.0302,-0.5935,13.1105,13.6364,14.3865,0.1843,13.5065
84.508,-0.8755,0.0304,-0.5935,13.1099,13.6364,14.3865,0.1845,13.5059
84.508,-0.8757,0.0304,-0.5934,13.1099,13.6357,14.3865,0.1843,13.5059
84.508,-0.8757,0.0307,-0.5930,13.1099,13.6357,14.3866,0.1843,13.5059
84.605,-0.8757,0.0307,-0.5930,13.1198,13.6457,14.3965,0.1843,13.5158
84.605,-0.8756,0.0308,-0.5930,13.1192,13.6457,14.3965,0.1844,13.5152
84.605,-0.8758,0.0308,-0.5928,13.1192,13.6450,14.3965,0.1842,13.5152
84.605,-0.8758,0.0312,-0.5925,13.1192,13.6450,14.3967,0.1842,13.5152
84.702,-0.8758,0.0312,-0.5925,13.1291,13.6550,14.4066,0.1842,13.5251
84.702,-0.8756,0.0313,-0.5925,13.1285,13.6550,14.4066,0.1844,13.5245
84.702,-0.8758,0.0313,-0.5923,13.1285,13.6543,14.4066,0.1842,13.5245
84.702,-0.8758,0.0316,-0.5920,13.1285,13.6543,14.4067,0.1842,13.5245
84.798,-0.8758,0.0316,-0.5920,13.1384,13.6643,14.4167,0.1842,13.5344
84.798,-0.8756,0.0318,-0.5920,13.1377,13.6643,14.4167,0.1844,13.5337
84.798,-0.8758,0.0318,-0.5918,13.1377,13.6636,14.4167,0.1842,13.5337
84.799,-0.8758,0.0321,-0.5915,13.1377,13.6636,14.4168,0.1842,13.5337
84.899,-0.8758,0.0321,-0.5915,13.1377,13.6636,14.4168,0.1842,13.5337
84.903,-0.8758,0.0321,-0.5915,13.1477,13.6736,14.4267,0.1842,13.5437
84.904,-0.8756,0.0323,-0.5915,13.1470,13.6736,14.4267,0.1844,13.5430
84.904,-0.8759,0.0323,-0.5913,13.1470,13.6729,14.4267,0.1841,13.5430
84.904,-0.8759,0.0326,-0.5910,13.1470,13.6729,14.4268,0.1841,13.5430
85.000,-0.8759,0.0326,-0.5910,13.1570,13.6829,14.4368,0.1841,13.5530
85.000,-0.8756,0.0328,-0.5910,13.1563,13.6829,14.4368,0.1844,13.5523
85.000,-0.8758,0.0328,-0.5908,13.1563,13.6823,14.4368,0.1842,13.5523
85.000,-0.8758,0.0332,-0.5905,13.1563,13.6823,14.4369,0.1842,13.5523
85.101,-0.8758,0.0332,-0.5905,13.1563,13.6823,14.4369,0.1842,13.5523
85.105,-0.8758,0.0332,-0.5905,13.1662,13.6922,14.4468,0.1842,13.5622
85.105,-0.8756,0.0333,-0.5905,13.1655,13.6922,14.4468,0.1844,13.5615
85.105,-0.8758,0.0333,-0.5903,13.1655,13.6916,14.4468,0.1842,13.5615
85.105,-0.8758,0.0337,-0.5900,13.1655,13.6916,14.4469,0.1842,13.5615
85.202,-0.8758,0.0337,-0.5900,13.1754,13.7016,14.4569,0.1842,13.5714
85.202,-0.8756,0.0339,-0.5900,13.1747,13.7016,14.4569,0.1844,13.5707
85.202,-0.8758,0.0339,-0.5898,13.1747,13.7010,14.4569,0.1842,13.5707
85.203,-0.8758,0.0342,-0.5895,13.1747,13.7010,14.4570,0.1842,13.5707
85.296,-0.8758,0.0342,-0.5895,13.1847,13.7109,14.4669,0.1842,13.5807
85.296,-0.8755,0.0344,-0.5895,13.1840,13.7109,14.4669,0.1845,13.5800
85.296,-0.8757,0.0344,-0.5894,13.1840,13.7103,14.4669,0.1843,13.5800
85.297,-0.8757,0.0347,-0.5890,13.1840,13.7103,14.4670,0.1843,13.5800
85.397,-0.8757,0.0347,-0.5890,13.1840,13.7103,14.4670,0.1843,13.5800
85.400,-0.8757,0.0347,-0.5890,13.1939,13.7202,14.4770,0.1843,13.5899
85.400,-0.8755,0.0349,-0.5890,13.1932,13.7202,14.4770,0.1845,13.5892
85.400,-0.8757,0.0349,-0.5889,13.1932,13.7196,14.4770,0.1843,13.5892
85.401,-0.8757,0.0353,-0.5885,13.1932,13.7196,14.4771,0.1843,13.5892
85.501,-0.8757,0.0353,-0.5885,13.1932,13.7196,14.4771,0.1843,13.5892
85.504,-0.8757,0.0353,-0.5885,13.2032,13.7296,14.4870,0.1843,13.5992
85.505,-0.8755,0.0354,-0.5885,13.2025,13.7296,14.4870,0.1845,13.5985
85.505,-0.8757,0.0354,-0.5884,13.2025,13.7289,14.4870,0.1843,13.5985
85.505,-0.8757,0.0358,-0.5880,13.2025,13.7289,14.4871,0.1843,13.5985
85.603,-0.8757,0.0358,-0.5880,13.2124,13.7389,14.4971,0.1843,13.6084
85.604,-0.8755,0.0359,-0.5880,13.2117,13.7389,14.4971,0.1845,13.6077
85.604,-0.8757,0.0359,-0.5879,13.2117,13.7383,14.4971,0.1843,13.6077
85.604,-0.8757,0.0363,-0.5875,13.2117,13.7383,14.4972,0.1843,13.6077
85.691,-0.8757,0.0363,-0.5875,13.2217,13.7482,14.5071,0.1843,13.6177
85.691,-0.8755,0.0364,-0.5875,13.2210,13.7482,14.5071,0.1845,13.6170
85.691,-0.8757,0.0364,-0.5874,13.2210,13.7476,14.5071,0.1843,13.6170
85.692,-0.8757,0.0368,-0.5870,13.2210,13.7476,14.5073,0.1843,13.6170
85.792,-0.8757,0.0368,-0.5870,13.2210,13.7476,14.5073,0.1843,13.6170
85.802,-0.8757,0.0368,-0.5870,13.2310,13.7575,14.5172,0.1843,13.6270
85.802,-0.8756,0.0369,-0.5870,13.2303,13.7575,14.5172,0.1844,13.6263
85.802,-0.8758,0.0369,-0.5869,13.2303,13.7569,14.5172,0.1842,13.6263
85.802,-0.8758,0.0372,-0.5865,13.2303,13.7569,14.5173,0.1842,13.6263
85.897,-0.8758,0.0372,-0.5865,13.2403,13.7669,14.5272,0.1842,13.6363
85.897,-0.8756,0.0374,-0.5865,13.2396,13.7669,14.5272,0.1844,13.6356
85.898,-0.8759,0.0374,-0.5863,13.2396,13.7662,14.5272,0.1841,13.6356
85.898,-0.8759,0.0377,-0.5860,13.2396,13.7662,14.5274,0.1841,13.6356
85.998,-0.8759,0.0377,-0.5860,13.2396,13.7662,14.5274,0.1841,13.6356
86.001,-0.8759,0.0377,-0.5860,13.2496,13.7762,14.5373,0.1841,13.6456
86.001,-0.8757,0.0378,-0.5860,13.2489,13.7762,14.5373,0.1843,13.6449
86.001,-0.8759,0.0378,-0.5858,13.2489,13.7755,14.5373,0.1841,13.6449
86.001,-0.8759,0.0382,-0.5855,13.2489,13.7755,14.5374,0.1841,13.6449
86.097,-0.8759,0.0382,-0.5855,13.2589,13.7855,14.5474,0.1841,13.6549
86.097,-0.8757,0.0383,-0.5855,13.2582,13.7855,14.5474,0.1843,13.6542
86.097,-0.8760,0.0383,-0.5853,13.2582,13.7848,14.5474,0.1840,13.6542
86.098,-0.8760,0.0386,-0.5850,13.2582,13.7848,14.5475,0.1840,13.6542
86.198,-0.8760,0.0386,-0.5850,13.2582,13.7848,14.5475,0.1840,13.6542
86.202,-0.8760,0.0386,-0.5850,13.2682,13.7948,14.5574,0.1840,13.6642
86.202,-0.8758,0.0388,-0.5850,13.2675,13.7948,14.5574,0.1842,13.6635
86.203,-0.8760,0.0388,-0.5848,13.2675,13.7941,14.5574,0.1840,13.6635
86.203,-0.8760,0.0391,-0.5845,13.2675,13.7941,14.5575,0.1840,13.6635
86.300,-0.8760,0.0391,-0.5845,13.2775,13.8041,14.5675,0.1840,13.6735
86.300,-0.8758,0.0393,-0.5845,13.2768,13.8041,14.5675,0.1842,13.6728
86.300,-0.8760,0.0393,-0.5843,13.2768,13.8034,14.5675,0.1840,13.6728
86.301,-0.8760,0.0396,-0.5840,13.2768,13.8034,14.5676,0.1840,13.6728
86.401,-0.8760,0.0396,-0.5840,13.2768,13.8034,14.5676,0.1840,13.6728
86.406,-0.8760,0.0396,-0.5840,13.2868,13.8134,14.5775,0.1840,13.6828
86.406,-0.8758,0.0398,-0.5840,13.2861,13.8134,14.5775,0.1842,13.6821
86.407,-0.8760,0.0398,-0.5838,13.2861,13.8128,14.5775,0.1840,13.6821
86.407,-0.8760,0.0401,-0.5835,13.2861,13.8128,14.5776,0.1840,13.6821
86.503,-0.8760,0.0401,-0.5835,13.2961,13.8227,14.5876,0.1840,13.6921
86.503,-0.8758,0.0403,-0.5835,13.2953,13.8227,14.5876,0.1842,13.6913
86.503,-0.8760,0.0403,-0.5833,13.2953,13.8221,14.5876,0.1840,13.6913
86.504,-0.8760,0.0406,-0.5830,13.2953,13.8221,14.5877,0.1840,13.6913
86.604,-0.8760,0.0406,-0.5830,13.2953,13.8221,14.5877,0.1840,13.6913
86.605,-0.8760,0.0406,-0.5830,13.3053,13.8321,14.5976,0.1840,13.7013
86.605,-0.8758,0.0408,-0.5830,13.3046,13.8321,14.5976,0.1842,13.7006
86.605,-0.8760,0.0408,-0.5828,13.3046,13.8315,14.5976,0.1840,13.7006
86.605,-0.8760,0.0412,-0.5825,13.3046,13.8315,14.5977,0.1840,13.7006
86.698,-0.8760,0.0412,-0.5825,13.3145,13.8414,14.6077,0.1840,13.7105
86.699,-0.8757,0.0414,-0.5825,13.3138,13.8414,14.6077,0.1843,13.7098
86.699,-0.8759,0.0414,-0.5823,13.3138,13.8408,14.6077,0.1841,13.7098
86.699,-0.8759,0.0417,-0.5820,13.3138,13.8408,14.6078,0.1841,13.7098
86.799,-0.8759,0.0417,-0.5820,13.3138,13.8408,14.6078,0.1841,13.7098
86.812,-0.8759,0.0417,-0.5820,13.3238,13.8508,14.6177,0.1841,13.7198
86.812,-0.8757,0.0419,-0.5820,13.3231,13.8508,14.6177,0.1843,13.7191
86.812,-0.8759,0.0419,-0.5818,13.3231,13.8501,14.6177,0.1841,13.7191
86.812,-0.8759,0.0422,-0.5815,13.3231,13.8501,14.6179,0.1841,13.7191
86.898,-0.8759,0.0422,-0.5815,13.3330,13.8601,14.6278,0.1841,13.7290
86.898,-0.8757,0.0424,-0.5815,13.3323,13.8601,14.6278,0.1843,13.7283
86.898,-0.8759,0.0424,-0.5813,13.3323,13.8595,14.6278,0.1841,13.7283
86.898,-0.8759,0.0428,-0.5810,13.3323,13.8595,14.6279,0.1841,13.7283
86.999,-0.8759,0.0428,-0.5810,13.3323,13.8595,14.6279,0.1841,13.7283
87.003,-0.8759,0.0428,-0.5810,13.3423,13.8694,14.6378,0.1841,13.7383
87.003,-0.8757,0.0429,-0.5810,13.3416,13.8694,14.6378,0.1843,13.7376
87.003,-0.8759,0.0429,-0.5808,13.3416,13.8688,14.6378,0.1841,13.7376
87.003,-0.8759,0.0433,-0.5805,13.3416,13.8688,14.6380,0.1841,13.7376
87.099,-0.8759,0.0433,-0.5805,13.3515,13.8788,14.6479,0.1841,13.7475
87.100,-0.8757,0.0434,-0.5805,13.3509,13.8788,14.6479,0.1843,13.7469
87.100,-0.8759,0.0434,-0.5803,13.3509,13.8781,14.6479,0.1841,13.7469
87.100,-0.8759,0.0438,-0.5800,13.3509,13.8781,14.6480,0.1841,13.7469
87.200,-0.8759,0.0438,-0.5800,13.3509,13.8781,14.6480,0.1841,13.7469
87.206,-0.8759,0.0438,-0.5800,13.3608,13.8881,14.6580,0.1841,13.7568
87.206,-0.8757,0.0439,-0.5800,13.3602,13.8881,14.6580,0.1843,13.7562
87.206,-0.8759,0.0439,-0.5798,13.3602,13.8874,14.6580,0.1841,13.7562
87.206,-0.8759,0.0443,-0.5795,13.3602,13.8874,14.6581,0.1841,13.7562
87.302,-0.8759,0.0443,-0.5795,13.3701,13.8974,14.6680,0.1841,13.7661
87.302,-0.8758,0.0444,-0.5795,13.3695,13.8974,14.6680,0.1842,13.7655
87.302,-0.8760,0.0444,-0.5793,13.3695,13.8968,14.6680,0.1840,13.7655
87.302,-0.8760,0.0447,-0.5790,13.3695,13.8968,14.6681,0.1840,13.7655
87.398,-0.8760,0.0447,-0.5790,13.3794,13.9067,14.6781,0.1840,13.7754
87.398,-0.8758,0.0449,-0.5790,13.3788,13.9067,14.6781,0.1842,13.7748
87.398,-0.8760,0.0449,-0.5788,13.3788,13.9061,14.6781,0.1840,13.7748
87.398,-0.8760,0.0452,-0.5784,13.3788,13.9061,14.6782,0.1840,13.7748
87.499,-0.8760,0.0452,-0.5784,13.3788,13.9061,14.6782,0.1840,13.7748
87.503,-0.8760,0.0452,-0.5784,13.3887,13.9160,14.6881,0.1840,13.7847
87.504,-0.8759,0.0453,-0.5784,13.3881,13.9160,14.6881,0.1841,13.7841
87.504,-0.8761,0.0453,-0.5783,13.3881,13.9154,14.6881,0.1839,13.7841
87.504,-0.8761,0.0457,-0.5779,13.3881,13.9154,14.6882,0.1839,13.7841
87.596,-0.8761,0.0457,-0.5779,13.3980,13.9253,14.6982,0.1839,13.7940
87.596,-0.8759,0.0458,-0.5779,13.3974,13.9253,14.6982,0.1841,13.7934
87.596,-0.8761,0.0458,-0.5777,13.3974,13.9247,14.6982,0.1839,13.7934
87.596,-0.8761,0.0461,-0.5774,13.3974,13.9247,14.6983,0.1839,13.7934
87.697,-0.8761,0.0461,-0.5774,13.3974,13.9247,14.6983,0.1839,13.7934
87.702,-0.8761,0.0461,-0.5774,13.4073,13.9346,14.7082,0.1839,13.8033
87.702,-0.8760,0.0463,-0.5774,13.4067,13.9346,14.7082,0.1840,13.8027
87.702,-0.8762,0.0463,-0.5772,13.4067,13.9340,14.7082,0.1838,13.8027
87.702,-0.8762,0.0466,-0.5769,13.4067,13.9340,14.7083,0.1838,13.8027
87.798,-0.8762,0.0466,-0.5769,13.4166,13.9439,14.7183,0.1838,13.8126
87.799,-0.8760,0.0468,-0.5769,13.4160,13.9439,14.7183,0.1840,13.8120
87.799,-0.8762,0.0468,-0.5767,13.4160,13.9433,14.7183,0.1838,13.8120
87.799,-0.8762,0.0471,-0.5764,13.4160,13.9433,14.7184,0.1838,13.8120
87.899,-0.8762,0.0471,-0.5764,13.4160,13.9433,14.7184,0.1838,13.8120
87.904,-0.8762,0.0471,-0.5764,13.4259,13.9533,14.7283,0.1838,13.8219
87.904,-0.8760,0.0473,-0.5764,13.4252,13.9533,14.7283,0.1840,13.8212
87.904,-0.8762,0.0473,-0.5762,13.4252,13.9526,14.7283,0.1838,13.8212
87.904,-0.8762,0.0476,-0.5759,13.4252,13.9526,14.7284,0.1838,13.8212
87.999,-0.8762,0.0476,-0.5759,13.4352,13.9626,14.7384,0.1838,13.8312
87.999,-0.8760,0.0478,-0.5759,13.4345,13.9626,14.7384,0.1840,13.8305
87.999,-0.8762,0.0478,-0.5757,13.4345,13.9620,14.7384,0.1838,13.8305
88.000,-0.8762,0.0482,-0.5754,13.4345,13.9620,14.7385,0.1838,13.8305
88.100,-0.8762,0.0482,-0.5754,13.4345,13.9620,14.7385,0.1838,13.8305
88.106,-0.8762,0.0482,-0.5754,13.4444,13.9719,14.7484,0.1838,13.8404
88.106,-0.8759,0.0484,-0.5754,13.4437,13.9719,14.7484,0.1841,13.8397
88.106,-0.8761,0.0484,-0.5752,13.4437,13.9713,14.7484,0.1839,13.8397
88.106,-0.8761,0.0487,-0.5749,13.4437,13.9713,14.7486,0.1839,13.8397
88.199,-0.8761,0.0487,-0.5749,13.4537,13.9813,14.7585,0.1839,13.8497
88.199,-0.8759,0.0489,-0.5749,13.4530,13.9813,14.7585,0.1841,13.8490
88.199,-0.8761,0.0489,-0.5747,13.4530,13.9807,14.7585,0.1839,13.8490
88.199,-0.8761,0.0492,-0.5744,13.4530,13.9807,14.7586,0.1839,13.8490
88.300,-0.8761,0.0492,-0.5744,13.4530,13.9807,14.7586,0.1839,13.8490
88.308,-0.8761,0.0492,-0.5744,13.4629,13.9906,14.7685,0.1839,13.8589
88.308,-0.8759,0.0494,-0.5744,13.4622,13.9906,14.7685,0.1841,13.8582
88.308,-0.8761,0.0494,-0.5742,13.4622,13.9900,14.7685,0.1839,13.8582
88.308,-0.8761,0.0498,-0.5739,13.4622,13.9900,14.7687,0.1839,13.8582
88.409,-0.8761,0.0498,-0.5739,13.4622,13.9900,14.7687,0.1839,13.8582
88.409,-0.8761,0.0498,-0.5739,13.4722,14.0000,14.7786,0.1839,13.8682
88.409,-0.8759,0.0500,-0.5739,13.4715,14.0000,14.7786,0.1841,13.8675
88.409,-0.8761,0.0500,-0.5737,13.4715,13.9994,14.7786,0.1839,13.8675
88.410,-0.8761,0.0503,-0.5734,13.4715,13.9994,14.7787,0.1839,13.8675
88.505,-0.8761,0.0503,-0.5734,13.4814,14.0093,14.7886,0.1839,13.8774
88.506,-0.8759,0.0505,-0.5734,13.4807,14.0093,14.7886,0.1841,13.8767
88.506,-0.8761,0.0505,-0.5732,13.4807,14.0087,14.7886,0.1839,13.8767
88.506,-0.8761,0.0508,-0.5729,13.4807,14.0087,14.7888,0.1839,13.8767
88.601,-0.8761,0.0508,-0.5729,13.4907,14.0186,14.7987,0.1839,13.8867
88.601,-0.8759,0.0510,-0.5729,13.4900,14.0186,14.7987,0.1841,13.8860
88.601,-0.8761,0.0510,-0.5727,13.4900,14.0180,14.7987,0.1839,13.8860
88.601,-0.8761,0.0513,-0.5724,13.4900,14.0180,14.7988,0.1839,13.8860
88.700,-0.8761,0.0513,-0.5724,13.5000,14.0280,14.8088,0.1839,13.8960
88.700,-0.8759,0.0515,-0.5724,13.4993,14.0280,14.8088,0.1841,13.8953
88.700,-0.8761,0.0515,-0.5722,13.4993,14.0273,14.8088,0.1839,13.8953
88.701,-0.8761,0.0518,-0.5719,13.4993,14.0273,14.8089,0.1839,13.8953
88.790,-0.8761,0.0518,-0.5719,13.5093,14.0373,14.8188,0.1839,13.9053
88.790,-0.8759,0.0519,-0.5719,13.5086,14.0373,14.8188,0.1841,13.9046
88.790,-0.8762,0.0519,-0.5717,13.5086,14.0366,14.8188,0.1838,13.9046
88.790,-0.8762,0.0523,-0.5713,13.5086,14.0366,14.8189,0.1838,13.9046
88.890,-0.8762,0.0523,-0.5713,13.5186,14.0466,14.8289,0.1838,13.9146
88.890,-0.8760,0.0524,-0.5713,13.5180,14.0466,14.8289,0.1840,13.9140
88.895,-0.8762,0.0524,-0.5712,13.5180,14.0460,14.8289,0.1838,13.9140
88.895,-0.8762,0.0527,-0.5708,13.5180,14.0460,14.8290,0.1838,13.9140
88.995,-0.8762,0.0527,-0.5708,13.5180,14.0460,14.8290,0.1838,13.9140
88.996,-0.8762,0.0527,-0.5708,13.5279,14.0559,14.8389,0.1838,13.9239
88.997,-0.8761,0.0529,-0.5708,13.5273,14.0559,14.8389,0.1839,13.9233
88.997,-0.8763,0.0529,-0.5706,13.5273,14.0553,14.8389,0.1837,13.9233
88.997,-0.8763,0.0532,-0.5703,13.5273,14.0553,14.8390,0.1837,13.9233
89.097,-0.8763,0.0532,-0.5703,13.5273,14.0553,14.8390,0.1837,13.9233
89.103,-0.8763,0.0532,-0.5703,13.5372,14.0652,14.8490,0.1837,13.9332
89.103,-0.8761,0.0534,-0.5703,13.5366,14.0652,14.8490,0.1839,13.9326
89.103,-0.8763,0.0534,-0.5701,13.5366,14.0646,14.8490,0.1837,13.9326
89.103,-0.8763,0.0537,-0.5698,13.5366,14.0646,14.8491,0.1837,13.9326
89.199,-0.8763,0.0537,-0.5698,13.5465,14.0745,14.8590,0.1837,13.9425
89.199,-0.8761,0.0539,-0.5698,13.5459,14.0745,14.8590,0.1839,13.9419
89.199,-0.8764,0.0539,-0.5696,13.5459,14.0739,14.8590,0.1836,13.9419
89.199,-0.8764,0.0542,-0.5693,13.5459,14.0739,14.8592,0.1836,13.9419
89.300,-0.8764,0.0542,-0.5693,13.5459,14.0739,14.8592,0.1836,13.9419
89.305,-0.8764,0.0542,-0.5693,13.5558,14.0839,14.8691,0.1836,13.9518
89.305,-0.8762,0.0544,-0.5693,13.5552,14.0839,14.8691,0.1838,13.9512
89.305,-0.8764,0.0544,-0.5691,13.5552,14.0832,14.8691,0.1836,13.9512
89.305,-0.8764,0.0547,-0.5687,13.5552,14.0832,14.8692,0.1836,13.9512
89.401,-0.8764,0.0547,-0.5687,13.5651,14.0932,14.8791,0.1836,13.9611
89.401,-0.8762,0.0549,-0.5687,13.5644,14.0932,14.8791,0.1838,13.9604
89.401,-0.8764,0.0549,-0.5686,13.5644,14.0926,14.8791,0.1836,13.9604
89.401,-0.8764,0.0552,-0.5682,13.5644,14.0926,14.8793,0.1836,13.9604
89.498,-0.8764,0.0552,-0.5682,13.5744,14.1025,14.8892,0.1836,13.9704
89.499,-0.8761,0.0554,-0.5682,13.5737,14.1025,14.8892,0.1839,13.9697
89.499,-0.8763,0.0554,-0.5681,13.5737,14.1019,14.8892,0.1837,13.9697
89.499,-0.8763,0.0557,-0.5677,13.5737,14.1019,14.8893,0.1837,13.9697
89.599,-0.8763,0.0557,-0.5677,13.5737,14.1019,14.8893,0.1837,13.9697
89.603,-0.8763,0.0557,-0.5677,13.5836,14.1119,14.8993,0.1837,13.9796
89.603,-0.8761,0.0559,-0.5677,13.5829,14.1119,14.8993,0.1839,13.9789
89.604,-0.8763,0.0559,-0.5676,13.5829,14.1113,14.8993,0.1837,13.9789
89.604,-0.8763,0.0563,-0.5672,13.5829,14.1113,14.8994,0.1837,13.9789
89.700,-0.8763,0.0563,-0.5672,13.5929,14.1212,14.9093,0.1837,13.9889
89.700,-0.8761,0.0565,-0.5672,13.5922,14.1212,14.9093,0.1839,13.9882
89.700,-0.8763,0.0565,-0.5671,13.5922,14.1206,14.9093,0.1837,13.9882
89.700,-0.8763,0.0568,-0.5667,13.5922,14.1206,14.9094,0.1837,13.9882
89.801,-0.8763,0.0568,-0.5667,13.5922,14.1206,14.9094,0.1837,13.9882
89.807,-0.8763,0.0568,-0.5667,13.6021,14.1306,14.9194,0.1837,13.9981
89.807,-0.8761,0.0570,-0.5667,13.6014,14.1306,14.9194,0.1839,13.9974
89.807,-0.8763,0.0570,-0.5666,13.6014,14.1300,14.9194,0.1837,13.9974
89.807,-0.8763,0.0573,-0.5662,13.6014,14.1300,14.9195,0.1837,13.9974
89.902,-0.8763,0.0573,-0.5662,13.6114,14.1399,14.9294,0.1837,14.0074
89.902,-0.8760,0.0575,-0.5662,13.6107,14.1399,14.9294,0.1840,14.0067
89.903,-0.8762,0.0575,-0.5661,13.6107,14.1393,14.9294,0.1838,14.0067
89.903,-0.8762,0.0579,-0.5657,13.6107,14.1393,14.9295,0.1838,14.0067
90.003,-0.8762,0.0579,-0.5657,13.6207,14.1493,14.9395,0.1838,14.0167
90.003,-0.8760,0.0580,-0.5657,13.6200,14.1493,14.9395,0.1840,14.0160
90.003,-0.8762,0.0580,-0.5655,13.6200,14.1486,14.9395,0.1838,14.0160
90.003,-0.8762,0.0584,-0.5652,13.6200,14.1486,14.9396,0.1838,14.0160
90.098,-0.8762,0.0584,-0.5652,13.6300,14.1586,14.9495,0.1838,14.0260
90.098,-0.8760,0.0585,-0.5652,13.6293,14.1586,14.9495,0.1840,14.0253
90.098,-0.8763,0.0585,-0.5650,13.6293,14.1580,14.9495,0.1837,14.0253
90.099,-0.8763,0.0589,-0.5647,13.6293,14.1580,14.9497,0.1837,14.0253
90.199,-0.8763,0.0589,-0.5647,13.6293,14.1580,14.9497,0.1837,14.0253
90.208,-0.8763,0.0589,-0.5647,13.6393,14.1679,14.9596,0.1837,14.0353
90.209,-0.8761,0.0590,-0.5647,13.6386,14.1679,14.9596,0.1839,14.0346
90.209,-0.8763,0.0590,-0.5645,13.6386,14.1673,14.9596,0.1837,14.0346
90.209,-0.8763,0.0593,-0.5642,13.6386,14.1673,14.9597,0.1837,14.0346
90.301,-0.8763,0.0593,-0.5642,13.6486,14.1773,14.9697,0.1837,14.0446
90.302,-0.8761,0.0595,-0.5642,13.6479,14.1773,14.9697,0.1839,14.0439
90.302,-0.8764,0.0595,-0.5640,13.6479,14.1766,14.9697,0.1836,14.0439
90.302,-0.8764,0.0598,-0.5637,13.6479,14.1766,14.9698,0.1836,14.0439
90.398,-0.8764,0.0598,-0.5637,13.6579,14.1866,14.9797,0.1836,14.0539
90.398,-0.8762,0.0600,-0.5637,13.6572,14.1866,14.9797,0.1838,14.0532
90.399,-0.8764,0.0600,-0.5635,13.6572,14.1859,14.9797,0.1836,14.0532
90.399,-0.8764,0.0603,-0.5632,13.6572,14.1859,14.9798,0.1836,14.0532
90.499,-0.8764,0.0603,-0.5632,13.6572,14.1859,14.9798,0.1836,14.0532
90.512,-0.8764,0.0603,-0.5632,13.6672,14.1959,14.9898,0.1836,14.0632
90.512,-0.8762,0.0604,-0.5632,13.6665,14.1959,14.9898,0.1838,14.0625
90.512,-0.8765,0.0604,-0.5630,13.6665,14.1953,14.9898,0.1835,14.0625
90.512,-0.8765,0.0608,-0.5626,13.6665,14.1953,14.9899,0.1835,14.0625
90.598,-0.8765,0.0608,-0.5626,13.6765,14.2052,14.9998,0.1835,14.0725
90.598,-0.8763,0.0609,-0.5626,13.6759,14.2052,14.9998,0.1837,14.0719
90.598,-0.8765,0.0609,-0.5624,13.6759,14.2046,14.9998,0.1835,14.0719
90.598,-0.8765,0.0612,-0.5621,13.6759,14.2046,14.9999,0.1835,14.0719
90.699,-0.8765,0.0612,-0.5621,13.6759,14.2046,14.9999,0.1835,14.0719
90.704,-0.8765,0.0612,-0.5621,13.6858,14.2145,15.0099,0.1835,14.0818
90.704,-0.8763,0.0614,-0.5621,13.6852,14.2145,15.0099,0.1837,14.0812
90.704,-0.8765,0.0614,-0.5619,13.6852,14.2139,15.0099,0.1835,14.0812
90.704,-0.8765,0.0617,-0.5616,13.6852,14.2139,15.0100,0.1835,14.0812
90.800,-0.8765,0.0617,-0.5616,13.6951,14.2239,15.0199,0.1835,14.0911
90.800,-0.8763,0.0619,-0.5616,13.6944,14.2239,15.0199,0.1837,14.0904
90.800,-0.8765,0.0619,-0.5614,13.6944,14.2232,15.0199,0.1835,14.0904
90.800,-0.8765,0.0623,-0.5611,13.6944,14.2232,15.0200,0.1835,14.0904
90.901,-0.8765,0.0623,-0.5611,13.6944,14.2232,15.0200,0.1835,14.0904
90.906,-0.8765,0.0623,-0.5611,13.7044,14.2332,15.0300,0.1835,14.1004
90.907,-0.8763,0.0625,-0.5611,13.7037,14.2332,15.0300,0.1837,14.0997
90.907,-0.8765,0.0625,-0.5609,13.7037,14.2326,15.0300,0.1835,14.0997
90.907,-0.8765,0.0628,-0.5606,13.7037,14.2326,15.0301,0.1835,14.0997
91.002,-0.8765,0.0628,-0.5606,13.7137,14.2425,15.0400,0.1835,14.1097
91.002,-0.8763,0.0630,-0.5606,13.7130,14.2425,15.0400,0.1837,14.1090
91.003,-0.8765,0.0630,-0.5604,13.7130,14.2419,15.0400,0.1835,14.1090
91.003,-0.8765,0.0633,-0.5601,13.7130,14.2419,15.0402,0.1835,14.1090
91.103,-0.8765,0.0633,-0.5601,13.7130,14.2419,15.0402,0.1835,14.1090
91.104,-0.8765,0.0633,-0.5601,13.7229,14.2519,15.0501,0.1835,14.1189
91.104,-0.8763,0.0635,-0.5601,13.7222,14.2519,15.0501,0.1837,14.1182
91.105,-0.8765,0.0635,-0.5599,13.7222,14.2513,15.0501,0.1835,14.1182
91.105,-0.8765,0.0638,-0.5596,13.7222,14.2513,15.0502,0.1835,14.1182
91.200,-0.8765,0.0638,-0.5596,13.7322,14.2612,15.0602,0.1835,14.1282
91.201,-0.8762,0.0641,-0.5596,13.7315,14.2612,15.0602,0.1838,14.1275
91.201,-0.8764,0.0641,-0.5594,13.7315,14.2606,15.0602,0.1836,14.1275
91.201,-0.8764,0.0644,-0.5590,13.7315,14.2606,15.0603,0.1836,14.1275
91.296,-0.8764,0.0644,-0.5590,13.7414,14.2706,15.0702,0.1836,14.1374
91.296,-0.8762,0.0646,-0.5590,13.7407,14.2706,15.0702,0.1838,14.1367
91.296,-0.8764,0.0646,-0.5589,13.7407,14.2700,15.0702,0.1836,14.1367
91.297,-0.8764,0.0649,-0.5585,13.7407,14.2700,15.0703,0.1836,14.1367
91.397,-0.8764,0.0649,-0.5585,13.7407,14.2700,15.0703,0.1836,14.1367
91.402,-0.8764,0.0649,-0.5585,13.7507,14.2800,15.0803,0.1836,14.1467
91.402,-0.8762,0.0651,-0.5585,13.7500,14.2800,15.0803,0.1838,14.1460
91.402,-0.8764,0.0651,-0.5584,13.7500,14.2793,15.0803,0.1836,14.1460
91.402,-0.8764,0.0654,-0.5580,13.7500,14.2793,15.0804,0.1836,14.1460
91.498,-0.8764,0.0654,-0.5580,13.7600,14.2893,15.0903,0.1836,14.1560
91.498,-0.8762,0.0656,-0.5580,13.7593,14.2893,15.0903,0.1838,14.1553
91.498,-0.8764,0.0656,-0.5579,13.7593,14.2887,15.0903,0.1836,14.1553
91.498,-0.8764,0.0659,-0.5575,13.7593,14.2887,15.0905,0.1836,14.1553
91.595,-0.8764,0.0659,-0.5575,13.7693,14.2986,15.1004,0.1836,14.1653
91.595,-0.8762,0.0661,-0.5575,13.7686,14.2986,15.1004,0.1838,14.1646
91.595,-0.8764,0.0661,-0.5573,13.7686,14.2980,15.1004,0.1836,14.1646
91.595,-0.8764,0.0664,-0.5570,13.7686,14.2980,15.1005,0.1836,14.1646
91.695,-0.8764,0.0664,-0.5570,13.7686,14.2980,15.1005,0.1836,14.1646
91.697,-0.8764,0.0664,-0.5570,13.7786,14.3080,15.1104,0.1836,14.1746
91.697,-0.8763,0.0666,-0.5570,13.7779,14.3080,15.1104,0.1837,14.1739
91.697,-0.8765,0.0666,-0.5568,13.7779,14.3073,15.1104,0.1835,14.1739
91.697,-0.8765,0.0669,-0.5565,13.7779,14.3073,15.1106,0.1835,14.1739
91.798,-0.8765,0.0669,-0.5565,13.7779,14.3073,15.1106,0.1835,14.1739
91.803,-0.8765,0.0669,-0.5565,13.7879,14.3173,15.1205,0.1835,14.1839
91.804,-0.8763,0.0671,-0.5565,13.7873,14.3173,15.1205,0.1837,14.1833
91.804,-0.8765,0.0671,-0.5563,13.7873,14.3167,15.1205,0.1835,14.1833
91.804,-0.8765,0.0674,-0.5560,13.7873,14.3167,15.1206,0.1835,14.1833
91.899,-0.8765,0.0674,-0.5560,13.7972,14.3266,15.1306,0.1835,14.1932
91.899,-0.8764,0.0675,-0.5560,13.7966,14.3266,15.1306,0.1836,14.1926
91.899,-0.8766,0.0675,-0.5558,13.7966,14.3260,15.1306,0.1834,14.1926
91.899,-0.8766,0.0679,-0.5554,13.7966,14.3260,15.1307,0.1834,14.1926
92.000,-0.8766,0.0679,-0.5554,13.7966,14.3260,15.1307,0.1834,14.1926
92.004,-0.8766,0.0679,-0.5554,13.8065,14.3359,15.1406,0.1834,14.2025
92.004,-0.8764,0.0680,-0.5554,13.8059,14.3359,15.1406,0.1836,14.2019
92.004,-0.8766,0.0680,-0.5552,13.8059,14.3353,15.1406,0.1834,14.2019
92.004,-0.8766,0.0683,-0.5549,13.8059,14.3353,15.1407,0.1834,14.2019
92.100,-0.8766,0.0683,-0.5549,13.8159,14.3453,15.1507,0.1834,14.2119
92.100,-0.8765,0.0685,-0.5549,13.8152,14.3453,15.1507,0.1835,14.2112
92.101,-0.8767,0.0685,-0.5547,13.8152,14.3446,15.1507,0.1833,14.2112
92.101,-0.8767,0.0688,-0.5544,13.8152,14.3446,15.1508,0.1833,14.2112
92.201,-0.8767,0.0688,-0.5544,13.8152,14.3446,15.1508,0.1833,14.2112
92.211,-0.8767,0.0688,-0.5544,13.8252,14.3546,15.1607,0.1833,14.2212
92.211,-0.8765,0.0690,-0.5544,13.8245,14.3546,15.1607,0.1835,14.2205
92.211,-0.8767,0.0690,-0.5542,13.8245,14.3540,15.1607,0.1833,14.2205
92.211,-0.8767,0.0693,-0.5539,13.8245,14.3540,15.1608,0.1833,14.2205
92.302,-0.8767,0.0693,-0.5539,13.8345,14.3639,15.1708,0.1833,14.2305
92.302,-0.8765,0.0695,-0.5539,13.8338,14.3639,15.1708,0.1835,14.2298
92.302,-0.8767,0.0695,-0.5537,13.8338,14.3633,15.1708,0.1833,14.2298
92.302,-0.8767,0.0699,-0.5534,13.8338,14.3633,15.1709,0.1833,14.2298
92.397,-0.8767,0.0699,-0.5534,13.8438,14.3733,15.1808,0.1833,14.2398
92.397,-0.8765,0.0701,-0.5534,13.8431,14.3733,15.1808,0.1835,14.2391
92.397,-0.8767,0.0701,-0.5532,13.8431,14.3727,15.1808,0.1833,14.2391
92.398,-0.8767,0.0704,-0.5528,13.8431,14.3727,15.1810,0.1833,14.2391
92.498,-0.8767,0.0704,-0.5528,13.8431,14.3727,15.1810,0.1833,14.2391
92.503,-0.8767,0.0704,-0.5528,13.8530,14.3826,15.1909,0.1833,14.2490
92.503,-0.8765,0.0706,-0.5528,13.8523,14.3826,15.1909,0.1835,14.2483
92.504,-0.8767,0.0706,-0.5527,13.8523,14.3820,15.1909,0.1833,14.2483
92.504,-0.8767,0.0709,-0.5523,13.8523,14.3820,15.1910,0.1833,14.2483
92.600,-0.8767,0.0709,-0.5523,13.8623,14.3920,15.2010,0.1833,14.2583
92.600,-0.8764,0.0711,-0.5523,13.8616,14.3920,15.2010,0.1836,14.2576
92.601,-0.8766,0.0711,-0.5522,13.8616,14.3914,15.2010,0.1834,14.2576
92.601,-0.8766,0.0715,-0.5518,13.8616,14.3914,15.2011,0.1834,14.2576
92.691,-0.8766,0.0715,-0.5518,13.8715,14.4013,15.2110,0.1834,14.2675
92.691,-0.8764,0.0717,-0.5518,13.8708,14.4013,15.2110,0.1836,14.2668
92.691,-0.8766,0.0717,-0.5516,13.8708,14.4007,15.2110,0.1834,14.2668
92.691,-0.8766,0.0720,-0.5513,13.8708,14.4007,15.2111,0.1834,14.2668
92.792,-0.8766,0.0720,-0.5513,13.8708,14.4007,15.2111,0.1834,14.2668
92.798,-0.8766,0.0720,-0.5513,13.8808,14.4107,15.2211,0.1834,14.2768
92.798,-0.8764,0.0722,-0.5513,13.8801,14.4107,15.2211,0.1836,14.2761
92.798,-0.8766,0.0722,-0.5511,13.8801,14.4101,15.2211,0.1834,14.2761
92.798,-0.8766,0.0725,-0.5508,13.8801,14.4101,15.2212,0.1834,14.2761
92.899,-0.8766,0.0725,-0.5508,13.8801,14.4101,15.2212,0.1834,14.2761
92.904,-0.8766,0.0725,-0.5508,13.8901,14.4200,15.2311,0.1834,14.2861
92.904,-0.8764,0.0727,-0.5508,13.8894,14.4200,15.2311,0.1836,14.2854
92.904,-0.8766,0.0727,-0.5506,13.8894,14.4194,15.2311,0.1834,14.2854
92.904,-0.8766,0.0730,-0.5503,13.8894,14.4194,15.2312,0.1834,14.2854
93.005,-0.8766,0.0730,-0.5503,13.8894,14.4194,15.2312,0.1834,14.2854
93.006,-0.8766,0.0730,-0.5503,13.8994,14.4294,15.2412,0.1834,14.2954
93.006,-0.8764,0.0732,-0.5503,13.8987,14.4294,15.2412,0.1836,14.2947
93.006,-0.8766,0.0732,-0.5501,13.8987,14.4287,15.2412,0.1834,14.2947
93.007,-0.8766,0.0736,-0.5498,13.8987,14.4287,15.2413,0.1834,14.2947
93.102,-0.8766,0.0736,-0.5498,13.9087,14.4387,15.2512,0.1834,14.3047
93.102,-0.8764,0.0737,-0.5498,13.9080,14.4387,15.2512,0.1836,14.3040
93.103,-0.8766,0.0737,-0.5496,13.9080,14.4381,15.2512,0.1834,14.3040
93.103,-0.8766,0.0740,-0.5493,13.9080,14.4381,15.2513,0.1834,14.3040
93.198,-0.8766,0.0740,-0.5493,13.9180,14.4480,15.2613,0.1834,14.3140
93.198,-0.8765,0.0742,-0.5493,13.9173,14.4480,15.2613,0.1835,14.3133
93.198,-0.8767,0.0742,-0.5491,13.9173,14.4474,15.2613,0.1833,14.3133
93.199,-0.8767,0.0745,-0.5488,13.9173,14.4474,15.2614,0.1833,14.3133
93.299,-0.8767,0.0745,-0.5488,13.9173,14.4474,15.2614,0.1833,14.3133
93.305,-0.8767,0.0745,-0.5488,13.9273,14.4574,15.2713,0.1833,14.3233
93.306,-0.8765,0.0747,-0.5488,13.9267,14.4574,15.2713,0.1835,14.3227
93.306,-0.8767,0.0747,-0.5486,13.9267,14.4567,15.2713,0.1833,14.3227
93.306,-0.8767,0.0750,-0.5482,13.9267,14.4567,15.2715,0.1833,14.3227
93.402,-0.8767,0.0750,-0.5482,13.9366,14.4667,15.2814,0.1833,14.3326
93.402,-0.8766,0.0752,-0.5482,13.9360,14.4667,15.2814,0.1834,14.3320
93.402,-0.8768,0.0752,-0.5480,13.9360,14.4661,15.2814,0.1832,14.3320
93.402,-0.8768,0.0755,-0.5477,13.9360,14.4661,15.2815,0.1832,14.3320
93.498,-0.8768,0.0755,-0.5477,13.9459,14.4760,15.2915,0.1832,14.3419
93.499,-0.8766,0.0756,-0.5477,13.9453,14.4760,15.2915,0.1834,14.3413
93.499,-0.8768,0.0756,-0.5475,13.9453,14.4754,15.2915,0.1832,14.3413
93.499,-0.8768,0.0760,-0.5472,13.9453,14.4754,15.2916,0.1832,14.3413
93.600,-0.8768,0.0760,-0.5472,13.9453,14.4754,15.2916,0.1832,14.3413
93.604,-0.8768,0.0760,-0.5472,13.9553,14.4854,15.3015,0.1832,14.3513
93.604,-0.8766,0.0761,-0.5472,13.9546,14.4854,15.3015,0.1834,14.3506
93.604,-0.8769,0.0761,-0.5470,13.9546,14.4847,15.3015,0.1831,14.3506
93.604,-0.8769,0.0764,-0.5466,13.9546,14.4847,15.3016,0.1831,14.3506
93.700,-0.8769,0.0764,-0.5466,13.9646,14.4947,15.3116,0.1831,14.3606
93.700,-0.8767,0.0766,-0.5466,13.9639,14.4947,15.3116,0.1833,14.3599
93.700,-0.8769,0.0766,-0.5464,13.9639,14.4941,15.3116,0.1831,14.3599
93.700,-0.8769,0.0770,-0.5461,13.9639,14.4941,15.3117,0.1831,14.3599
93.794,-0.8769,0.0770,-0.5461,13.9739,14.5040,15.3216,0.1831,14.3699
93.794,-0.8767,0.0772,-0.5461,13.9732,14.5040,15.3216,0.1833,14.3692
93.794,-0.8769,0.0772,-0.5459,13.9732,14.5034,15.3216,0.1831,14.3692
93.795,-0.8769,0.0775,-0.5456,13.9732,14.5034,15.3217,0.1831,14.3692
93.895,-0.8769,0.0775,-0.5456,13.9732,14.5034,15.3217,0.1831,14.3692
93.900,-0.8769,0.0775,-0.5456,13.9832,14.5134,15.3317,0.1831,14.3792
93.900,-0.8767,0.0777,-0.5456,13.9825,14.5134,15.3317,0.1833,14.3785
93.900,-0.8769,0.0777,-0.5454,13.9825,14.5128,15.3317,0.1831,14.3785
93.900,-0.8769,0.0780,-0.5451,13.9825,14.5128,15.3318,0.1831,14.3785
93.993,-0.8769,0.0780,-0.5451,13.9924,14.5227,15.3417,0.1831,14.3884
93.994,-0.8766,0.0782,-0.5451,13.9917,14.5227,15.3417,0.1834,14.3877
93.994,-0.8768,0.0782,-0.5449,13.9917,14.5221,15.3417,0.1832,14.3877
93.994,-0.8768,0.0785,-0.5446,13.9917,14.5221,15.3418,0.1832,14.3877
94.094,-0.8768,0.0785,-0.5446,13.9917,14.5221,15.3418,0.1832,14.3877
94.099,-0.8768,0.0785,-0.5446,14.0017,14.5321,15.3518,0.1832,14.3977
94.100,-0.8766,0.0788,-0.5446,14.0010,14.5321,15.3518,0.1834,14.3970
94.100,-0.8768,0.0788,-0.5444,14.0010,14.5315,15.3518,0.1832,14.3970
94.100,-0.8768,0.0791,-0.5441,14.0010,14.5315,15.3519,0.1832,14.3970
94.200,-0.8768,0.0791,-0.5441,14.0010,14.5315,15.3519,0.1832,14.3970
94.206,-0.8768,0.0791,-0.5441,14.0109,14.5414,15.3618,0.1832,14.4069
94.206,-0.8766,0.0793,-0.5441,14.0102,14.5414,15.3618,0.1834,14.4062
94.206,-0.8768,0.0793,-0.5439,14.0102,14.5408,15.3618,0.1832,14.4062
94.207,-0.8768,0.0796,-0.5436,14.0102,14.5408,15.3620,0.1832,14.4062
94.302,-0.8768,0.0796,-0.5436,14.0202,14.5508,15.3719,0.1832,14.4162
94.302,-0.8766,0.0798,-0.5436,14.0195,14.5508,15.3719,0.1834,14.4155
94.303,-0.8768,0.0798,-0.5434,14.0195,14.5502,15.3719,0.1832,14.4155
94.303,-0.8768,0.0802,-0.5431,14.0195,14.5502,15.3720,0.1832,14.4155
94.398,-0.8768,0.0802,-0.5431,14.0295,14.5601,15.3820,0.1832,14.4255
94.398,-0.8766,0.0804,-0.5431,14.0288,14.5601,15.3820,0.1834,14.4248
94.398,-0.8768,0.0804,-0.5429,14.0288,14.5595,15.3820,0.1832,14.4248
94.399,-0.8768,0.0807,-0.5425,14.0288,14.5595,15.3821,0.1832,14.4248
94.499,-0.8768,0.0807,-0.5425,14.0288,14.5595,15.3821,0.1832,14.4248
94.504,-0.8768,0.0807,-0.5425,14.0388,14.5695,15.3920,0.1832,14.4348
94.504,-0.8766,0.0809,-0.5425,14.0381,14.5695,15.3920,0.1834,14.4341
94.504,-0.8768,0.0809,-0.5423,14.0381,14.5689,15.3920,0.1832,14.4341
94.504,-0.8768,0.0812,-0.5420,14.0381,14.5689,15.3921,0.1832,14.4341
94.600,-0.8768,0.0812,-0.5420,14.0481,14.5788,15.4021,0.1832,14.4441
94.600,-0.8766,0.0813,-0.5420,14.0475,14.5788,15.4021,0.1834,14.4435
94.600,-0.8768,0.0813,-0.5418,14.0475,14.5782,15.4021,0.1832,14.4435
94.600,-0.8768,0.0817,-0.5415,14.0475,14.5782,15.4022,0.1832,14.4435
94.700,-0.8768,0.0817,-0.5415,14.0475,14.5782,15.4022,0.1832,14.4435
94.707,-0.8768,0.0817,-0.5415,14.0574,14.5882,15.4121,0.1832,14.4534
94.707,-0.8766,0.0818,-0.5415,14.0568,14.5882,15.4121,0.1834,14.4528
94.707,-0.8769,0.0818,-0.5413,14.0568,14.5875,15.4121,0.1831,14.4528
94.707,-0.8769,0.0821,-0.5410,14.0568,14.5875,15.4122,0.1831,14.4528
94.803,-0.8769,0.0821,-0.5410,14.0667,14.5975,15.4222,0.1831,14.4627
94.803,-0.8767,0.0823,-0.5410,14.0661,14.5975,15.4222,0.1833,14.4621
94.804,-0.8769,0.0823,-0.5408,14.0661,14.5969,15.4222,0.1831,14.4621
94.804,-0.8769,0.0826,-0.5404,14.0661,14.5969,15.4223,0.1831,14.4621
94.904,-0.8769,0.0826,-0.5404,14.0761,14.6068,15.4322,0.1831,14.4721
94.904,-0.8767,0.0828,-0.5404,14.0754,14.6068,15.4322,0.1833,14.4714
94.904,-0.8770,0.0828,-0.5402,14.0754,14.6062,15.4322,0.1830,14.4714
94.904,-0.8770,0.0831,-0.5399,14.0754,14.6062,15.4324,0.1830,14.4714
95.000,-0.8770,0.0831,-0.5399,14.0854,14.6162,15.4423,0.1830,14.4814
95.000,-0.8768,0.0833,-0.5399,14.0847,14.6162,15.4423,0.1832,14.4807
95.000,-0.8770,0.0833,-0.5397,14.0847,14.6155,15.4423,0.1830,14.4807
95.000,-0.8770,0.0836,-0.5394,14.0847,14.6155,15.4424,0.1830,14.4807
95.091,-0.8770,0.0836,-0.5394,14.0947,14.6255,15.4523,0.1830,14.4907
95.091,-0.8768,0.0838,-0.5394,14.0941,14.6255,15.4523,0.1832,14.4901
95.091,-0.8770,0.0838,-0.5392,14.0941,14.6249,15.4523,0.1830,14.4901
95.091,-0.8770,0.0841,-0.5389,14.0941,14.6249,15.4525,0.1830,14.4901
95.191,-0.8770,0.0841,-0.5389,14.0941,14.6249,15.4525,0.1830,14.4901
95.198,-0.8770,0.0841,-0.5389,14.1040,14.6348,15.4624,0.1830,14.5000
95.198,-0.8768,0.0843,-0.5389,14.1034,14.6348,15.4624,0.1832,14.4994
95.198,-0.8771,0.0843,-0.5386,14.1034,14.6342,15.4624,0.1829,14.4994
95.198,-0.8771,0.0846,-0.5383,14.1034,14.6342,15.4625,0.1829,14.4994
95.298,-0.8771,0.0846,-0.5383,14.1034,14.6342,15.4625,0.1829,14.4994
95.304,-0.8771,0.0846,-0.5383,14.1133,14.6441,15.4724,0.1829,14.5093
95.304,-0.8768,0.0848,-0.5383,14.1126,14.6441,15.4724,0.1832,14.5086
95.304,-0.8770,0.0848,-0.5381,14.1126,14.6435,15.4724,0.1830,14.5086
95.304,-0.8770,0.0851,-0.5378,14.1126,14.6435,15.4726,0.1830,14.5086
95.399,-0.8770,0.0851,-0.5378,14.1226,14.6535,15.4825,0.1830,14.5186
95.400,-0.8768,0.0853,-0.5378,14.1219,14.6535,15.4825,0.1832,14.5179
95.400,-0.8770,0.0853,-0.5376,14.1219,14.6529,15.4825,0.1830,14.5179
95.400,-0.8770,0.0857,-0.5373,14.1219,14.6529,15.4826,0.1830,14.5179
95.500,-0.8770,0.0857,-0.5373,14.1219,14.6529,15.4826,0.1830,14.5179
95.510,-0.8770,0.0857,-0.5373,14.1319,14.6629,15.4926,0.1830,14.5279
95.511,-0.8768,0.0859,-0.5373,14.1312,14.6629,15.4926,0.1832,14.5272
95.511,-0.8770,0.0859,-0.5371,14.1312,14.6623,15.4926,0.1830,14.5272
95.511,-0.8770,0.0862,-0.5368,14.1312,14.6623,15.4927,0.1830,14.5272
95.590,-0.8770,0.0862,-0.5368,14.1411,14.6722,15.5026,0.1830,14.5371
95.590,-0.8768,0.0864,-0.5368,14.1404,14.6722,15.5026,0.1832,14.5364
95.591,-0.8770,0.0864,-0.5366,14.1404,14.6716,15.5026,0.1830,14.5364
95.591,-0.8770,0.0867,-0.5363,14.1404,14.6716,15.5027,0.1830,14.5364
95.691,-0.8770,0.0867,-0.5363,14.1404,14.6716,15.5027,0.1830,14.5364
95.693,-0.8770,0.0867,-0.5363,14.1504,14.6816,15.5127,0.1830,14.5464
95.693,-0.8767,0.0870,-0.5363,14.1497,14.6816,15.5127,0.1833,14.5457
95.693,-0.8769,0.0870,-0.5361,14.1497,14.6810,15.5127,0.1831,14.5457
95.694,-0.8769,0.0873,-0.5358,14.1497,14.6810,15.5128,0.1831,14.5457
95.794,-0.8769,0.0873,-0.5358,14.1497,14.6810,15.5128,0.1831,14.5457
95.799,-0.8769,0.0873,-0.5358,14.1597,14.6910,15.5227,0.1831,14.5557
95.799,-0.8767,0.0875,-0.5358,14.1590,14.6910,15.5227,0.1833,14.5550
95.800,-0.8769,0.0875,-0.5356,14.1590,14.6903,15.5227,0.1831,14.5550
95.800,-0.8769,0.0878,-0.5352,14.1590,14.6903,15.5229,0.1831,14.5550
95.900,-0.8769,0.0878,-0.5352,14.1590,14.6903,15.5229,0.1831,14.5550
95.907,-0.8769,0.0878,-0.5352,14.1690,14.7003,15.5328,0.1831,14.5650
95.907,-0.8767,0.0880,-0.5352,14.1683,14.7003,15.5328,0.1833,14.5643
95.907,-0.8769,0.0880,-0.5350,14.1683,14.6997,15.5328,0.1831,14.5643
95.907,-0.8769,0.0883,-0.5347,14.1683,14.6997,15.5329,0.1831,14.5643
96.003,-0.8769,0.0883,-0.5347,14.1783,14.7096,15.5429,0.1831,14.5743
96.003,-0.8767,0.0885,-0.5347,14.1776,14.7096,15.5429,0.1833,14.5736
96.003,-0.8770,0.0885,-0.5345,14.1776,14.7090,15.5429,0.1830,14.5736
96.003,-0.8770,0.0888,-0.5342,14.1776,14.7090,15.5430,0.1830,14.5736
96.099,-0.8770,0.0888,-0.5342,14.1876,14.7190,15.5529,0.1830,14.5836
96.099,-0.8768,0.0890,-0.5342,14.1870,14.7190,15.5529,0.1832,14.5830
96.099,-0.8770,0.0890,-0.5340,14.1870,14.7184,15.5529,0.1830,14.5830
96.099,-0.8770,0.0893,-0.5337,14.1870,14.7184,15.5530,0.1830,14.5830
96.200,-0.8770,0.0893,-0.5337,14.1870,14.7184,15.5530,0.1830,14.5830
96.205,-0.8770,0.0893,-0.5337,14.1969,14.7283,15.5630,0.1830,14.5929
96.205,-0.8768,0.0895,-0.5337,14.1963,14.7283,15.5630,0.1832,14.5923
96.205,-0.8771,0.0895,-0.5335,14.1963,14.7277,15.5630,0.1829,14.5923
96.205,-0.8771,0.0898,-0.5332,14.1963,14.7277,15.5631,0.1829,14.5923
96.299,-0.8771,0.0898,-0.5332,14.2062,14.7377,15.5730,0.1829,14.6022
96.299,-0.8769,0.0900,-0.5332,14.2056,14.7377,15.5730,0.1831,14.6016
96.299,-0.8771,0.0900,-0.5329,14.2056,14.7370,15.5730,0.1829,14.6016
96.299,-0.8771,0.0903,-0.5326,14.2056,14.7370,15.5731,0.1829,14.6016
96.400,-0.8771,0.0903,-0.5326,14.2056,14.7370,15.5731,0.1829,14.6016
96.405,-0.8771,0.0903,-0.5326,14.2156,14.7470,15.5831,0.1829,14.6116
96.405,-0.8769,0.0904,-0.5326,14.2149,14.7470,15.5831,0.1831,14.6109
96.405,-0.8772,0.0904,-0.5324,14.2149,14.7464,15.5831,0.1828,14.6109
96.405,-0.8772,0.0908,-0.5321,14.2149,14.7464,15.5832,0.1828,14.6109
96.501,-0.8772,0.0908,-0.5321,14.2249,14.7563,15.5931,0.1828,14.6209
96.501,-0.8770,0.0909,-0.5321,14.2243,14.7563,15.5931,0.1830,14.6203
96.502,-0.8772,0.0909,-0.5319,14.2243,14.7557,15.5931,0.1828,14.6203
96.502,-0.8772,0.0912,-0.5316,14.2243,14.7557,15.5933,0.1828,14.6203
96.597,-0.8772,0.0912,-0.5316,14.2342,14.7657,15.6032,0.1828,14.6302
96.597,-0.8770,0.0914,-0.5316,14.2336,14.7657,15.6032,0.1830,14.6296
96.598,-0.8772,0.0914,-0.5313,14.2336,14.7651,15.6032,0.1828,14.6296
96.598,-0.8772,0.0918,-0.5310,14.2336,14.7651,15.6033,0.1828,14.6296
96.698,-0.8772,0.0918,-0.5310,14.2336,14.7651,15.6033,0.1828,14.6296
96.704,-0.8772,0.0918,-0.5310,14.2435,14.7750,15.6132,0.1828,14.6395
96.704,-0.8770,0.0920,-0.5310,14.2429,14.7750,15.6132,0.1830,14.6389
96.704,-0.8772,0.0920,-0.5308,14.2429,14.7744,15.6132,0.1828,14.6389
96.704,-0.8772,0.0923,-0.5305,14.2429,14.7744,15.6134,0.1828,14.6389
96.800,-0.8772,0.0923,-0.5305,14.2528,14.7844,15.6233,0.1828,14.6488
96.800,-0.8770,0.0925,-0.5305,14.2521,14.7844,15.6233,0.1830,14.6481
96.800,-0.8772,0.0925,-0.5303,14.2521,14.7838,15.6233,0.1828,14.6481
96.801,-0.8772,0.0928,-0.5300,14.2521,14.7838,15.6234,0.1828,14.6481
96.890,-0.8772,0.0928,-0.5300,14.2621,14.7937,15.6334,0.1828,14.6581
96.890,-0.8770,0.0930,-0.5300,14.2614,14.7937,15.6334,0.1830,14.6574
96.890,-0.8772,0.0930,-0.5298,14.2614,14.7931,15.6334,0.1828,14.6574
96.890,-0.8772,0.0933,-0.5295,14.2614,14.7931,15.6335,0.1828,14.6574
96.991,-0.8772,0.0933,-0.5295,14.2614,14.7931,15.6335,0.1828,14.6574
97.006,-0.8772,0.0933,-0.5295,14.2714,14.8031,15.6434,0.1828,14.6674
97.006,-0.8770,0.0936,-0.5295,14.2707,14.8031,15.6434,0.1830,14.6667
97.006,-0.8772,0.0936,-0.5293,14.2707,14.8025,15.6434,0.1828,14.6667
97.006,-0.8772,0.0939,-0.5289,14.2707,14.8025,15.6435,0.1828,14.6667
97.102,-0.8772,0.0939,-0.5289,14.2807,14.8125,15.6535,0.1828,14.6767
97.102,-0.8769,0.0941,-0.5289,14.2800,14.8125,15.6535,0.1831,14.6760
97.102,-0.8771,0.0941,-0.5288,14.2800,14.8119,15.6535,0.1829,14.6760
97.102,-0.8771,0.0944,-0.5284,14.2800,14.8119,15.6536,0.1829,14.6760
97.198,-0.8771,0.0944,-0.5284,14.2899,14.8218,15.6635,0.1829,14.6859
97.198,-0.8769,0.0947,-0.5284,14.2892,14.8218,15.6635,0.1831,14.6852
97.199,-0.8771,0.0947,-0.5282,14.2892,14.8212,15.6635,0.1829,14.6852
97.199,-0.8771,0.0950,-0.5279,14.2892,14.8212,15.6637,0.1829,14.6852
97.299,-0.8771,0.0950,-0.5279,14.2892,14.8212,15.6637,0.1829,14.6852
97.305,-0.8771,0.0950,-0.5279,14.2992,14.8312,15.6736,0.1829,14.6952
97.305,-0.8769,0.0952,-0.5279,14.2985,14.8312,15.6736,0.1831,14.6945
97.305,-0.8771,0.0952,-0.5277,14.2985,14.8306,15.6736,0.1829,14.6945
97.305,-0.8771,0.0955,-0.5274,14.2985,14.8306,15.6737,0.1829,14.6945
97.401,-0.8771,0.0955,-0.5274,14.3085,14.8405,15.6836,0.1829,14.7045
97.401,-0.8769,0.0957,-0.5274,14.3078,14.8405,15.6836,0.1831,14.7038
97.401,-0.8771,0.0957,-0.5272,14.3078,14.8399,15.6836,0.1829,14.7038
97.401,-0.8771,0.0960,-0.5269,14.3078,14.8399,15.6838,0.1829,14.7038
97.498,-0.8771,0.0960,-0.5269,14.3178,14.8499,15.6937,0.1829,14.7138
97.498,-0.8769,0.0962,-0.5269,14.3172,14.8499,15.6937,0.1831,14.7132
97.498,-0.8771,0.0962,-0.5267,14.3172,14.8493,15.6937,0.1829,14.7132
97.498,-0.8771,0.0965,-0.5264,14.3172,14.8493,15.6938,0.1829,14.7132
97.599,-0.8771,0.0965,-0.5264,14.3172,14.8493,15.6938,0.1829,14.7132
97.608,-0.8771,0.0965,-0.5264,14.3271,14.8592,15.7038,0.1829,14.7231
97.608,-0.8770,0.0967,-0.5264,14.3265,14.8592,15.7038,0.1830,14.7225
97.608,-0.8772,0.0967,-0.5261,14.3265,14.8586,15.7038,0.1828,14.7225
97.608,-0.8772,0.0970,-0.5258,14.3265,14.8586,15.7039,0.1828,14.7225
97.704,-0.8772,0.0970,-0.5258,14.3365,14.8686,15.7138,0.1828,14.7325
97.704,-0.8770,0.0971,-0.5258,14.3358,14.8686,15.7138,0.1830,14.7318
97.704,-0.8772,0.0971,-0.5256,14.3358,14.8679,15.7138,0.1828,14.7318
97.705,-0.8772,0.0975,-0.5253,14.3358,14.8679,15.7139,0.1828,14.7318
97.800,-0.8772,0.0975,-0.5253,14.3458,14.8779,15.7239,0.1828,14.7418
97.800,-0.8771,0.0976,-0.5253,14.3452,14.8779,15.7239,0.1829,14.7412
97.800,-0.8773,0.0976,-0.5251,14.3452,14.8773,15.7239,0.1827,14.7412
97.800,-0.8773,0.0979,-0.5248,14.3452,14.8773,15.7240,0.1827,14.7412
97.900,-0.8773,0.0979,-0.5248,14.3452,14.8773,15.7240,0.1827,14.7412
97.911,-0.8773,0.0979,-0.5248,14.3551,14.8873,15.7340,0.1827,14.7511
97.911,-0.8771,0.0981,-0.5248,14.3545,14.8873,15.7340,0.1829,14.7505
97.911,-0.8773,0.0981,-0.5245,14.3545,14.8866,15.7340,0.1827,14.7505
97.912,-0.8773,0.0984,-0.5242,14.3545,14.8866,15.7341,0.1827,14.7505
98.000,-0.8773,0.0984,-0.5242,14.3645,14.8966,15.7440,0.1827,14.7605
98.000,-0.8772,0.0986,-0.5242,14.3638,14.8966,15.7440,0.1828,14.7598
98.000,-0.8774,0.0986,-0.5240,14.3638,14.8960,15.7440,0.1826,14.7598
98.000,-0.8774,0.0989,-0.5237,14.3638,14.8960,15.7441,0.1826,14.7598
98.100,-0.8774,0.0989,-0.5237,14.3638,14.8960,15.7441,0.1826,14.7598
98.105,-0.8774,0.0989,-0.5237,14.3738,14.9059,15.7541,0.1826,14.7698
98.105,-0.8772,0.0991,-0.5237,14.3732,14.9059,15.7541,0.1828,14.7692
98.105,-0.8774,0.0991,-0.5235,14.3732,14.9053,15.7541,0.1826,14.7692
98.106,-0.8774,0.0994,-0.5232,14.3732,14.9053,15.7542,0.1826,14.7692
98.200,-0.8774,0.0994,-0.5232,14.3831,14.9153,15.7641,0.1826,14.7791
98.200,-0.8772,0.0997,-0.5232,14.3825,14.9153,15.7641,0.1828,14.7785
98.200,-0.8774,0.0997,-0.5229,14.3825,14.9147,15.7641,0.1826,14.7785
98.200,-0.8774,0.1000,-0.5226,14.3825,14.9147,15.7643,0.1826,14.7785
98.301,-0.8774,0.1000,-0.5226,14.3825,14.9147,15.7643,0.1826,14.7785
98.312,-0.8774,0.1000,-0.5226,14.3924,14.9246,15.7742,0.1826,14.7884
98.312,-0.8772,0.1002,-0.5226,14.3917,14.9246,15.7742,0.1828,14.7877
98.312,-0.8774,0.1002,-0.5224,14.3917,14.9240,15.7742,0.1826,14.7877
98.312,-0.8774,0.1005,-0.5221,14.3917,14.9240,15.7743,0.1826,14.7877
98.399,-0.8774,0.1005,-0.5221,14.4017,14.9340,15.7843,0.1826,14.7977
98.400,-0.8771,0.1007,-0.5221,14.4010,14.9340,15.7843,0.1829,14.7970
98.400,-0.8773,0.1007,-0.5219,14.4010,14.9334,15.7843,0.1827,14.7970
98.400,-0.8773,0.1011,-0.5216,14.4010,14.9334,15.7844,0.1827,14.7970
98.500,-0.8773,0.1011,-0.5216,14.4010,14.9334,15.7844,0.1827,14.7970
98.505,-0.8773,0.1011,-0.5216,14.4110,14.9434,15.7943,0.1827,14.8070
98.505,-0.8771,0.1013,-0.5216,14.4103,14.9434,15.7943,0.1829,14.8063
98.506,-0.8773,0.1013,-0.5214,14.4103,14.9428,15.7943,0.1827,14.8063
98.506,-0.8773,0.1016,-0.5211,14.4103,14.9428,15.7944,0.1827,14.8063
98.602,-0.8773,0.1016,-0.5211,14.4202,14.9527,15.8044,0.1827,14.8162
98.602,-0.8771,0.1018,-0.5211,14.4196,14.9527,15.8044,0.1829,14.8156
98.602,-0.8773,0.1018,-0.5209,14.4196,14.9522,15.8044,0.1827,14.8156
98.603,-0.8773,0.1021,-0.5206,14.4196,14.9522,15.8045,0.1827,14.8156
98.698,-0.8773,0.1021,-0.5206,14.4295,14.9621,15.8144,0.1827,14.8255
98.698,-0.8771,0.1024,-0.5206,14.4289,14.9621,15.8144,0.1829,14.8249
98.698,-0.8773,0.1024,-0.5204,14.4289,14.9615,15.8144,0.1827,14.8249
98.699,-0.8773,0.1027,-0.5200,14.4289,14.9615,15.8146,0.1827,14.8249
98.799,-0.8773,0.1027,-0.5200,14.4289,14.9615,15.8146,0.1827,14.8249
98.804,-0.8773,0.1027,-0.5200,14.4388,14.9715,15.8245,0.1827,14.8348
98.804,-0.8771,0.1029,-0.5200,14.4382,14.9715,15.8245,0.1829,14.8342
98.804,-0.8773,0.1029,-0.5198,14.4382,14.9709,15.8245,0.1827,14.8342
98.804,-0.8773,0.1032,-0.5195,14.4382,14.9709,15.8246,0.1827,14.8342
98.899,-0.8773,0.1032,-0.5195,14.4481,14.9808,15.8346,0.1827,14.8441
98.899,-0.8771,0.1034,-0.5195,14.4475,14.9808,15.8346,0.1829,14.8435
98.904,-0.8773,0.1034,-0.5193,14.4475,14.9802,15.8346,0.1827,14.8435
98.904,-0.8773,0.1037,-0.5190,14.4475,14.9802,15.8347,0.1827,14.8435
99.005,-0.8773,0.1037,-0.5190,14.4475,14.9802,15.8347,0.1827,14.8435
99.005,-0.8773,0.1037,-0.5190,14.4575,14.9902,15.8446,0.1827,14.8535
99.005,-0.8771,0.1039,-0.5190,14.4569,14.9902,15.8446,0.1829,14.8529
99.005,-0.8773,0.1039,-0.5188,14.4569,14.9896,15.8446,0.1827,14.8529
99.005,-0.8773,0.1042,-0.5185,14.4569,14.9896,15.8448,0.1827,14.8529
99.104,-0.8773,0.1042,-0.5185,14.4668,14.9996,15.8547,0.1827,14.8628
99.104,-0.8772,0.1044,-0.5185,14.4662,14.9996,15.8547,0.1828,14.8622
99.104,-0.8774,0.1044,-0.5183,14.4662,14.9990,15.8547,0.1826,14.8622
99.104,-0.8774,0.1047,-0.5179,14.4662,14.9990,15.8548,0.1826,14.8622
99.200,-0.8774,0.1047,-0.5179,14.4762,15.0089,15.8648,0.1826,14.8722
99.200,-0.8772,0.1048,-0.5179,14.4756,15.0089,15.8648,0.1828,14.8716
99.200,-0.8774,0.1048,-0.5177,14.4756,15.0083,15.8648,0.1826,14.8716
99.201,-0.8774,0.1052,-0.5174,14.4756,15.0083,15.8649,0.1826,14.8716
99.290,-0.8774,0.1052,-0.5174,14.4855,15.0183,15.8749,0.1826,14.8815
99.290,-0.8773,0.1053,-0.5174,14.4849,15.0183,15.8749,0.1827,14.8809
99.290,-0.8775,0.1053,-0.5172,14.4849,15.0177,15.8749,0.1825,14.8809
99.291,-0.8775,0.1056,-0.5169,14.4849,15.0177,15.8750,0.1825,14.8809
99.390,-0.8775,0.1056,-0.5169,14.4949,15.0276,15.8849,0.1825,14.8909
99.390,-0.8773,0.1058,-0.5169,14.4942,15.0276,15.8849,0.1827,14.8902
99.390,-0.8775,0.1058,-0.5166,14.4942,15.0270,15.8849,0.1825,14.8902
99.390,-0.8775,0.1061,-0.5163,14.4942,15.0270,15.8850,0.1825,14.8902
99.491,-0.8775,0.1061,-0.5163,14.4942,15.0270,15.8850,0.1825,14.8902
99.496,-0.8775,0.1061,-0.5163,14.5042,15.0369,15.8950,0.1825,14.9002
99.496,-0.8773,0.1063,-0.5163,14.5035,15.0369,15.8950,0.1827,14.8995
99.496,-0.8775,0.1063,-0.5161,14.5035,15.0363,15.8950,0.1825,14.8995
99.497,-0.8775,0.1066,-0.5158,14.5035,15.0363,15.8951,0.1825,14.8995
99.597,-0.8775,0.1066,-0.5158,14.5035,15.0363,15.8951,0.1825,14.8995
99.602,-0.8775,0.1066,-0.5158,14.5135,15.0463,15.9050,0.1825,14.9095
99.602,-0.8773,0.1069,-0.5158,14.5128,15.0463,15.9050,0.1827,14.9088
99.602,-0.8776,0.1069,-0.5156,14.5128,15.0457,15.9050,0.1824,14.9088
99.602,-0.8776,0.1072,-0.5153,14.5128,15.0457,15.9051,0.1824,14.9088
99.698,-0.8776,0.1072,-0.5153,14.5228,15.0556,15.9150,0.1824,14.9188
99.698,-0.8773,0.1074,-0.5153,14.5221,15.0556,15.9150,0.1827,14.9181
99.699,-0.8775,0.1074,-0.5151,14.5221,15.0550,15.9150,0.1825,14.9181
99.699,-0.8775,0.1077,-0.5147,14.5221,15.0550,15.9152,0.1825,14.9181
99.799,-0.8775,0.1077,-0.5147,14.5221,15.0550,15.9152,0.1825,14.9181
99.804,-0.8775,0.1077,-0.5147,14.5321,15.0650,15.9251,0.1825,14.9281
99.804,-0.8773,0.1079,-0.5147,14.5314,15.0650,15.9251,0.1827,14.9274
99.805,-0.8775,0.1079,-0.5145,14.5314,15.0644,15.9251,0.1825,14.9274
99.805,-0.8775,0.1082,-0.5142,14.5314,15.0644,15.9252,0.1825,14.9274
99.903,-0.8775,0.1082,-0.5142,14.5414,15.0744,15.9352,0.1825,14.9374
99.903,-0.8773,0.1085,-0.5142,14.5407,15.0744,15.9352,0.1827,14.9367
99.904,-0.8775,0.1085,-0.5140,14.5407,15.0738,15.9352,0.1825,14.9367
99.904,-0.8775,0.1088,-0.5137,14.5407,15.0738,15.9353,0.1825,14.9367
100.003,-0.8775,0.1088,-0.5137,14.5507,15.0838,15.9453,0.1825,14.9467
100.003,-0.8773,0.1090,-0.5137,14.5500,15.0838,15.9453,0.1827,14.9460
100.003,-0.8775,0.1090,-0.5135,14.5500,15.0832,15.9453,0.1825,14.9460
100.003,-0.8775,0.1093,-0.5132,14.5500,15.0832,15.9454,0.1825,14.9460
100.099,-0.8775,0.1093,-0.5132,14.5600,15.0932,15.9553,0.1825,14.9560
100.099,-0.8772,0.1096,-0.5132,14.5593,15.0932,15.9553,0.1828,14.9553
100.099,-0.8774,0.1096,-0.5130,14.5593,15.0926,15.9553,0.1826,14.9553
100.100,-0.8774,0.1099,-0.5127,14.5593,15.0926,15.9554,0.1826,14.9553
100.200,-0.8774,0.1099,-0.5127,14.5593,15.0926,15.9554,0.1826,14.9553
100.203,-0.8774,0.1099,-0.5127,14.5693,15.1025,15.9654,0.1826,14.9653
100.204,-0.8772,0.1101,-0.5127,14.5686,15.1025,15.9654,0.1828,14.9646
100.204,-0.8774,0.1101,-0.5125,14.5686,15.1019,15.9654,0.1826,14.9646
100.204,-0.8774,0.1104,-0.5121,14.5686,15.1019,15.9655,0.1826,14.9646
100.300,-0.8774,0.1104,-0.5121,14.5786,15.1119,15.9755,0.1826,14.9746
100.300,-0.8772,0.1106,-0.5121,14.5779,15.1119,15.9755,0.1828,14.9739
100.300,-0.8774,0.1106,-0.5119,14.5779,15.1113,15.9755,0.1826,14.9739
100.300,-0.8774,0.1109,-0.5116,14.5779,15.1113,15.9756,0.1826,14.9739
100.400,-0.8774,0.1109,-0.5116,14.5779,15.1113,15.9756,0.1826,14.9739
100.406,-0.8774,0.1109,-0.5116,14.5879,15.1212,15.9855,0.1826,14.9839
100.407,-0.8773,0.1111,-0.5116,14.5872,15.1212,15.9855,0.1827,14.9832
100.407,-0.8775,0.1111,-0.5114,14.5872,15.1206,15.9855,0.1825,14.9832
100.407,-0.8775,0.1114,-0.5111,14.5872,15.1206,15.9856,0.1825,14.9832
100.503,-0.8775,0.1114,-0.5111,14.5972,15.1306,15.9956,0.1825,14.9932
100.503,-0.8773,0.1116,-0.5111,14.5966,15.1306,15.9956,0.1827,14.9926
100.503,-0.8775,0.1116,-0.5109,14.5966,15.1300,15.9956,0.1825,14.9926
100.504,-0.8775,0.1119,-0.5106,14.5966,15.1300,15.9957,0.1825,14.9926
100.591,-0.8775,0.1119,-0.5106,14.6065,15.1399,16.0056,0.1825,15.0025
100.591,-0.8773,0.1121,-0.5106,14.6059,15.1399,16.0056,0.1827,15.0019
100.592,-0.8776,0.1121,-0.5103,14.6059,15.1393,16.0056,0.1824,15.0019
100.592,-0.8776,0.1124,-0.5100,14.6059,15.1393,16.0057,0.1824,15.0019
100.692,-0.8776,0.1124,-0.5100,14.6059,15.1393,16.0057,0.1824,15.0019
100.699,-0.8776,0.1124,-0.5100,14.6159,15.1493,16.0157,0.1824,15.0119
100.699,-0.8774,0.1126,-0.5100,14.6152,15.1493,16.0157,0.1826,15.0112
100.700,-0.8776,0.1126,-0.5098,14.6152,15.1487,16.0157,0.1824,15.0112
100.700,-0.8776,0.1129,-0.5095,14.6152,15.1487,16.0158,0.1824,15.0112
100.800,-0.8776,0.1129,-0.5095,14.6152,15.1487,16.0158,0.1824,15.0112
100.801,-0.8776,0.1129,-0.5095,14.6252,15.1586,16.0257,0.1824,15.0212
100.801,-0.8774,0.1131,-0.5095,14.6246,15.1586,16.0257,0.1826,15.0206
100.802,-0.8777,0.1131,-0.5093,14.6246,15.1580,16.0257,0.1823,15.0206
100.802,-0.8777,0.1134,-0.5089,14.6246,15.1580,16.0258,0.1823,15.0206
100.898,-0.8777,0.1134,-0.5089,14.6345,15.1680,16.0358,0.1823,15.0305
100.898,-0.8775,0.1136,-0.5089,14.6339,15.1680,16.0358,0.1825,15.0299
100.899,-0.8777,0.1136,-0.5087,14.6339,15.1674,16.0358,0.1823,15.0299
100.899,-0.8777,0.1139,-0.5084,14.6339,15.1674,16.0359,0.1823,15.0299
100.999,-0.8777,0.1139,-0.5084,14.6339,15.1674,16.0359,0.1823,15.0299
101.003,-0.8777,0.1139,-0.5084,14.6439,15.1773,16.0459,0.1823,15.0399
101.003,-0.8775,0.1141,-0.5084,14.6433,15.1773,16.0459,0.1825,15.0393
101.004,-0.8777,0.1141,-0.5082,14.6433,15.1767,16.0459,0.1823,15.0393
101.004,-0.8777,0.1144,-0.5079,14.6433,15.1767,16.0460,0.1823,15.0393
101.099,-0.8777,0.1144,-0.5079,14.6532,15.1867,16.0559,0.1823,15.0492
101.100,-0.8775,0.1146,-0.5079,14.6526,15.1867,16.0559,0.1825,15.0486
101.100,-0.8777,0.1146,-0.5077,14.6526,15.1861,16.0559,0.1823,15.0486
101.100,-0.8777,0.1149,-0.5073,14.6526,15.1861,16.0561,0.1823,15.0486
101.200,-0.8777,0.1149,-0.5073,14.6526,15.1861,16.0561,0.1823,15.0486
101.205,-0.8777,0.1149,-0.5073,14.6626,15.1961,16.0660,0.1823,15.0586
101.206,-0.8775,0.1151,-0.5073,14.6619,15.1961,16.0660,0.1825,15.0579
101.206,-0.8777,0.1151,-0.5071,14.6619,15.1955,16.0660,0.1823,15.0579
101.206,-0.8777,0.1154,-0.5068,14.6619,15.1955,16.0661,0.1823,15.0579
101.301,-0.8777,0.1154,-0.5068,14.6719,15.2055,16.0761,0.1823,15.0679
101.301,-0.8775,0.1157,-0.5068,14.6712,15.2055,16.0761,0.1825,15.0672
101.301,-0.8777,0.1157,-0.5066,14.6712,15.2049,16.0761,0.1823,15.0672
101.301,-0.8777,0.1160,-0.5063,14.6712,15.2049,16.0762,0.1823,15.0672
101.396,-0.8777,0.1160,-0.5063,14.6812,15.2149,16.0862,0.1823,15.0772
101.396,-0.8774,0.1162,-0.5063,14.6805,15.2149,16.0862,0.1826,15.0765
101.396,-0.8776,0.1162,-0.5061,14.6805,15.2143,16.0862,0.1824,15.0765
101.397,-0.8776,0.1165,-0.5058,14.6805,15.2143,16.0863,0.1824,15.0765
101.497,-0.8776,0.1165,-0.5058,14.6805,15.2143,16.0863,0.1824,15.0765
101.502,-0.8776,0.1165,-0.5058,14.6905,15.2243,16.0962,0.1824,15.0865
101.503,-0.8774,0.1168,-0.5058,14.6898,15.2243,16.0962,0.1826,15.0858
101.503,-0.8776,0.1168,-0.5056,14.6898,15.2237,16.0962,0.1824,15.0858
101.503,-0.8776,0.1171,-0.5053,14.6898,15.2237,16.0964,0.1824,15.0858
101.603,-0.8776,0.1171,-0.5053,14.6898,15.2237,16.0964,0.1824,15.0858
101.604,-0.8776,0.1171,-0.5053,14.6998,15.2336,16.1063,0.1824,15.0958
101.604,-0.8774,0.1173,-0.5053,14.6991,15.2336,16.1063,0.1826,15.0951
101.604,-0.8776,0.1173,-0.5050,14.6991,15.2331,16.1063,0.1824,15.0951
101.605,-0.8776,0.1176,-0.5047,14.6991,15.2331,16.1064,0.1824,15.0951
101.703,-0.8776,0.1176,-0.5047,14.7091,15.2430,16.1164,0.1824,15.1051
101.704,-0.8774,0.1178,-0.5047,14.7084,15.2430,16.1164,0.1826,15.1044
101.704,-0.8776,0.1178,-0.5045,14.7084,15.2424,16.1164,0.1824,15.1044
101.704,-0.8776,0.1181,-0.5042,14.7084,15.2424,16.1165,0.1824,15.1044
101.798,-0.8776,0.1181,-0.5042,14.7184,15.2524,16.1265,0.1824,15.1144
101.799,-0.8774,0.1183,-0.5042,14.7178,15.2524,16.1265,0.1826,15.1138
101.799,-0.8776,0.1183,-0.5040,14.7178,15.2518,16.1265,0.1824,15.1138
101.799,-0.8776,0.1186,-0.5037,14.7178,15.2518,16.1266,0.1824,15.1138
101.900,-0.8776,0.1186,-0.5037,14.7178,15.2518,16.1266,0.1824,15.1138
101.911,-0.8776,0.1186,-0.5037,14.7277,15.2617,16.1365,0.1824,15.1237
101.911,-0.8774,0.1188,-0.5037,14.7271,15.2617,16.1365,0.1826,15.1231
101.911,-0.8777,0.1188,-0.5035,14.7271,15.2611,16.1365,0.1823,15.1231
101.911,-0.8777,0.1191,-0.5032,14.7271,15.2611,16.1366,0.1823,15.1231
101.997,-0.8777,0.1191,-0.5032,14.7370,15.2711,16.1466,0.1823,15.1330
101.997,-0.8775,0.1193,-0.5032,14.7364,15.2711,16.1466,0.1825,15.1324
101.998,-0.8777,0.1193,-0.5029,14.7364,15.2705,16.1466,0.1823,15.1324
101.998,-0.8777,0.1196,-0.5026,14.7364,15.2705,16.1467,0.1823,15.1324
102.098,-0.8777,0.1196,-0.5026,14.7364,15.2705,16.1467,0.1823,15.1324
102.103,-0.8777,0.1196,-0.5026,14.7464,15.2804,16.1566,0.1823,15.1424
102.103,-0.8775,0.1198,-0.5026,14.7457,15.2804,16.1566,0.1825,15.1417
102.103,-0.8778,0.1198,-0.5024,14.7457,15.2798,16.1566,0.1822,15.1417
102.103,-0.8778,0.1201,-0.5021,14.7457,15.2798,16.1567,0.1822,15.1417
102.199,-0.8778,0.1201,-0.5021,14.7557,15.2898,16.1666,0.1822,15.1517
102.199,-0.8776,0.1203,-0.5021,14.7551,15.2898,16.1666,0.1824,15.1511
102.199,-0.8778,0.1203,-0.5018,14.7551,15.2891,16.1666,0.1822,15.1511
102.199,-0.8778,0.1206,-0.5015,14.7551,15.2891,16.1668,0.1822,15.1511
102.300,-0.8778,0.1206,-0.5015,14.7551,15.2891,16.1668,0.1822,15.1511
102.305,-0.8778,0.1206,-0.5015,14.7650,15.2991,16.1767,0.1822,15.1610
102.305,-0.8776,0.1208,-0.5015,14.7644,15.2991,16.1767,0.1824,15.1604
102.305,-0.8778,0.1208,-0.5013,14.7644,15.2985,16.1767,0.1822,15.1604
102.305,-0.8778,0.1211,-0.5010,14.7644,15.2985,16.1768,0.1822,15.1604
102.401,-0.8778,0.1211,-0.5010,14.7744,15.3084,16.1867,0.1822,15.1704
102.401,-0.8776,0.1213,-0.5010,14.7737,15.3084,16.1867,0.1824,15.1697
102.401,-0.8778,0.1213,-0.5008,14.7737,15.3078,16.1867,0.1822,15.1697
102.401,-0.8778,0.1216,-0.5005,14.7737,15.3078,16.1869,0.1822,15.1697
102.502,-0.8778,0.1216,-0.5005,14.7737,15.3078,16.1869,0.1822,15.1697
102.503,-0.8778,0.1216,-0.5005,14.7837,15.3178,16.1968,0.1822,15.1797
102.504,-0.8776,0.1218,-0.5005,14.7830,15.3178,16.1968,0.1824,15.1790
102.504,-0.8778,0.1218,-0.5002,14.7830,15.3172,16.1968,0.1822,15.1790
102.504,-0.8778,0.1221,-0.4999,14.7830,15.3172,16.1969,0.1822,15.1790
102.600,-0.8778,0.1221,-0.4999,14.7930,15.3272,16.2069,0.1822,15.1890
102.600,-0.8776,0.1224,-0.4999,14.7923,15.3272,16.2069,0.1824,15.1883
102.600,-0.8778,0.1224,-0.4997,14.7923,15.3266,16.2069,0.1822,15.1883
102.600,-0.8778,0.1227,-0.4994,14.7923,15.3266,16.2070,0.1822,15.1883
102.692,-0.8778,0.1227,-0.4994,14.8023,15.3366,16.2170,0.1822,15.1983
102.692,-0.8776,0.1229,-0.4994,14.8016,15.3366,16.2170,0.1824,15.1976
102.692,-0.8778,0.1229,-0.4992,14.8016,15.3360,16.2170,0.1822,15.1976
102.692,-0.8778,0.1232,-0.4989,14.8016,15.3360,16.2171,0.1822,15.1976
102.793,-0.8778,0.1232,-0.4989,14.8016,15.3360,16.2171,0.1822,15.1976
102.799,-0.8778,0.1232,-0.4989,14.8116,15.3459,16.2270,0.1822,15.2076
102.799,-0.8776,0.1235,-0.4989,14.8109,15.3459,16.2270,0.1824,15.2069
102.799,-0.8778,0.1235,-0.4987,14.8109,15.3454,16.2270,0.1822,15.2069
102.799,-0.8778,0.1238,-0.4984,14.8109,15.3454,16.2272,0.1822,15.2069
102.900,-0.8778,0.1238,-0.4984,14.8109,15.3454,16.2272,0.1822,15.2069
102.907,-0.8778,0.1238,-0.4984,14.8209,15.3553,16.2371,0.1822,15.2169
102.907,-0.8775,0.1240,-0.4984,14.8202,15.3553,16.2371,0.1825,15.2162
102.907,-0.8777,0.1240,-0.4982,14.8202,15.3548,16.2371,0.1823,15.2162
102.907,-0.8777,0.1243,-0.4978,14.8202,15.3548,16.2372,0.1823,15.2162
103.000,-0.8777,0.1243,-0.4978,14.8302,15.3647,16.2472,0.1823,15.2262
103.001,-0.8775,0.1246,-0.4978,14.8295,15.3647,16.2472,0.1825,15.2255
103.001,-0.8777,0.1246,-0.4976,14.8295,15.3641,16.2472,0.1823,15.2255
103.001,-0.8777,0.1249,-0.4973,14.8295,15.3641,16.2473,0.1823,15.2255
103.101,-0.8777,0.1249,-0.4973,14.8295,15.3641,16.2473,0.1823,15.2255
103.103,-0.8777,0.1249,-0.4973,14.8395,15.3741,16.2573,0.1823,15.2355
103.103,-0.8775,0.1251,-0.4973,14.8388,15.3741,16.2573,0.1825,15.2348
103.103,-0.8777,0.1251,-0.4971,14.8388,15.3735,16.2573,0.1823,15.2348
103.103,-0.8777,0.1254,-0.4968,14.8388,15.3735,16.2574,0.1823,15.2348
103.198,-0.8777,0.1254,-0.4968,14.8488,15.3835,16.2673,0.1823,15.2448
103.198,-0.8775,0.1256,-0.4968,14.8482,15.3835,16.2673,0.1825,15.2442
103.198,-0.8777,0.1256,-0.4966,14.8482,15.3829,16.2673,0.1823,15.2442
103.198,-0.8777,0.1259,-0.4963,14.8482,15.3829,16.2675,0.1823,15.2442
103.298,-0.8777,0.1259,-0.4963,14.8482,15.3829,16.2675,0.1823,15.2442
103.304,-0.8777,0.1259,-0.4963,14.8582,15.3929,16.2774,0.1823,15.2542
103.304,-0.8775,0.1261,-0.4963,14.8575,15.3929,16.2774,0.1825,15.2535
103.304,-0.8777,0.1261,-0.4961,14.8575,15.3923,16.2774,0.1823,15.2535
103.304,-0.8777,0.1264,-0.4957,14.8575,15.3923,16.2775,0.1823,15.2535
103.400,-0.8777,0.1264,-0.4957,14.8675,15.4022,16.2875,0.1823,15.2635
103.400,-0.8776,0.1266,-0.4957,14.8669,15.4022,16.2875,0.1824,15.2629
103.400,-0.8778,0.1266,-0.4955,14.8669,15.4016,16.2875,0.1822,15.2629
103.400,-0.8778,0.1269,-0.4952,14.8669,15.4016,16.2876,0.1822,15.2629
103.500,-0.8778,0.1269,-0.4952,14.8669,15.4016,16.2876,0.1822,15.2629
103.506,-0.8778,0.1269,-0.4952,14.8769,15.4116,16.2976,0.1822,15.2729
103.506,-0.8776,0.1271,-0.4952,14.8762,15.4116,16.2976,0.1824,15.2722
103.506,-0.8778,0.1271,-0.4950,14.8762,15.4110,16.2976,0.1822,15.2722
103.506,-0.8778,0.1274,-0.4947,14.8762,15.4110,16.2977,0.1822,15.2722
103.602,-0.8778,0.1274,-0.4947,14.8862,15.4210,16.3077,0.1822,15.2822
103.602,-0.8776,0.1276,-0.4947,14.8856,15.4210,16.3077,0.1824,15.2816
103.603,-0.8778,0.1276,-0.4944,14.8856,15.4204,16.3077,0.1822,15.2816
103.603,-0.8778,0.1279,-0.4941,14.8856,15.4204,16.3078,0.1822,15.2816
103.697,-0.8778,0.1279,-0.4941,14.8956,15.4304,16.3177,0.1822,15.2916
103.698,-0.8777,0.1281,-0.4941,14.8949,15.4304,16.3177,0.1823,15.2909
103.698,-0.8779,0.1281,-0.4939,14.8949,15.4297,16.3177,0.1821,15.2909
103.698,-0.8779,0.1284,-0.4936,14.8949,15.4297,16.3179,0.1821,15.2909
103.798,-0.8779,0.1284,-0.4936,14.8949,15.4297,16.3179,0.1821,15.2909
103.803,-0.8779,0.1284,-0.4936,14.9049,15.4397,16.3278,0.1821,15.3009
103.803,-0.8777,0.1287,-0.4936,14.9043,15.4397,16.3278,0.1823,15.3003
103.803,-0.8779,0.1287,-0.4934,14.9043,15.4391,16.3278,0.1821,15.3003
103.803,-0.8779,0.1290,-0.4931,14.9043,15.4391,16.3279,0.1821,15.3003
103.898,-0.8779,0.1290,-0.4931,14.9143,15.4491,16.3379,0.1821,15.3103
103.898,-0.8777,0.1292,-0.4931,14.9136,15.4491,16.3379,0.1823,15.3096
103.898,-0.8779,0.1292,-0.4928,14.9136,15.4485,16.3379,0.1821,15.3096
103.899,-0.8779,0.1295,-0.4925,14.9136,15.4485,16.3380,0.1821,15.3096
103.999,-0.8779,0.1295,-0.4925,14.9136,15.4485,16.3380,0.1821,15.3096
104.004,-0.8779,0.1295,-0.4925,14.9236,15.4585,16.3480,0.1821,15.3196
104.004,-0.8777,0.1297,-0.4925,14.9229,15.4585,16.3480,0.1823,15.3189
104.005,-0.8779,0.1297,-0.4923,14.9229,15.4579,16.3480,0.1821,15.3189
104.005,-0.8779,0.1300,-0.4920,14.9229,15.4579,16.3481,0.1821,15.3189
104.100,-0.8779,0.1300,-0.4920,14.9329,15.4679,16.3581,0.1821,15.3289
104.100,-0.8776,0.1303,-0.4920,14.9322,15.4679,16.3581,0.1824,15.3282
104.101,-0.8778,0.1303,-0.4918,14.9322,15.4673,16.3581,0.1822,15.3282
104.101,-0.8778,0.1306,-0.4915,14.9322,15.4673,16.3582,0.1822,15.3282
104.195,-0.8778,0.1306,-0.4915,14.9422,15.4773,16.3681,0.1822,15.3382
104.196,-0.8776,0.1308,-0.4915,14.9415,15.4773,16.3681,0.1824,15.3375
104.196,-0.8778,0.1308,-0.4912,14.9415,15.4767,16.3681,0.1822,15.3375
104.196,-0.8778,0.1311,-0.4909,14.9415,15.4767,16.3682,0.1822,15.3375
104.296,-0.8778,0.1311,-0.4909,14.9415,15.4767,16.3682,0.1822,15.3375
104.302,-0.8778,0.1311,-0.4909,14.9515,15.4867,16.3782,0.1822,15.3475
104.302,-0.8776,0.1314,-0.4909,14.9508,15.4867,16.3782,0.1824,15.3468
104.302,-0.8778,0.1314,-0.4907,14.9508,15.4861,16.3782,0.1822,15.3468
104.302,-0.8778,0.1317,-0.4904,14.9508,15.4861,16.3783,0.1822,15.3468
104.399,-0.8778,0.1317,-0.4904,14.9608,15.4960,16.3883,0.1822,15.3568
104.399,-0.8775,0.1319,-0.4904,14.9601,15.4960,16.3883,0.1825,15.3561
104.399,-0.8777,0.1319,-0.4902,14.9601,15.4955,16.3883,0.1823,15.3561
104.399,-0.8777,0.1322,-0.4899,14.9601,15.4955,16.3884,0.1823,15.3561
104.500,-0.8777,0.1322,-0.4899,14.9601,15.4955,16.3884,0.1823,15.3561
104.505,-0.8777,0.1322,-0.4899,14.9701,15.5054,16.3983,0.1823,15.3661
104.505,-0.8775,0.1325,-0.4899,14.9694,15.5054,16.3983,0.1825,15.3654
104.505,-0.8777,0.1325,-0.4897,14.9694,15.5048,16.3983,0.1823,15.3654
104.505,-0.8777,0.1328,-0.4894,14.9694,15.5048,16.3985,0.1823,15.3654
104.600,-0.8777,0.1328,-0.4894,14.9794,15.5148,16.4084,0.1823,15.3754
104.600,-0.8775,0.1330,-0.4894,14.9787,15.5148,16.4084,0.1825,15.3747
104.601,-0.8777,0.1330,-0.4892,14.9787,15.5142,16.4084,0.1823,15.3747
104.601,-0.8777,0.1333,-0.4889,14.9787,15.5142,16.4085,0.1823,15.3747
104.701,-0.8777,0.1333,-0.4889,14.9787,15.5142,16.4085,0.1823,15.3747
104.706,-0.8777,0.1333,-0.4889,14.9887,15.5241,16.4184,0.1823,15.3847
104.706,-0.8775,0.1335,-0.4889,14.9880,15.5241,16.4184,0.1825,15.3840
104.706,-0.8777,0.1335,-0.4886,14.9880,15.5235,16.4184,0.1823,15.3840
104.707,-0.8777,0.1338,-0.4883,14.9880,15.5235,16.4185,0.1823,15.3840
104.803,-0.8777,0.1338,-0.4883,14.9980,15.5334,16.4285,0.1823,15.3940
104.803,-0.8776,0.1340,-0.4883,14.9974,15.5334,16.4285,0.1824,15.3934
104.803,-0.8778,0.1340,-0.4881,14.9974,15.5328,16.4285,0.1822,15.3934
104.803,-0.8778,0.1343,-0.4878,14.9974,15.5328,16.4286,0.1822,15.3934
104.899,-0.8778,0.1343,-0.4878,15.0073,15.5428,16.4385,0.1822,15.4033
104.899,-0.8776,0.1345,-0.4878,15.0067,15.5428,16.4385,0.1824,15.4027
104.899,-0.8778,0.1345,-0.4875,15.0067,15.5422,16.4385,0.1822,15.4027
104.900,-0.8778,0.1348,-0.4872,15.0067,15.5422,16.4386,0.1822,15.4027
105.000,-0.8778,0.1348,-0.4872,15.0067,15.5422,16.4386,0.1822,15.4027
105.006,-0.8778,0.1348,-0.4872,15.0167,15.5521,16.4486,0.1822,15.4127
105.006,-0.8776,0.1350,-0.4872,15.0160,15.5521,16.4486,0.1824,15.4120
105.006,-0.8778,0.1350,-0.4870,15.0160,15.5515,16.4486,0.1822,15.4120
105.006,-0.8778,0.1353,-0.4867,15.0160,15.5515,16.4487,0.1822,15.4120
105.102,-0.8778,0.1353,-0.4867,15.0260,15.5615,16.4586,0.1822,15.4220
105.102,-0.8777,0.1355,-0.4867,15.0254,15.5615,16.4586,0.1823,15.4214
105.103,-0.8779,0.1355,-0.4865,15.0254,15.5609,16.4586,0.1821,15.4214
105.103,-0.8779,0.1358,-0.4862,15.0254,15.5609,16.4588,0.1821,15.4214
105.203,-0.8779,0.1358,-0.4862,15.0254,15.5609,16.4588,0.1821,15.4214
105.204,-0.8779,0.1358,-0.4862,15.0354,15.5709,16.4687,0.1821,15.4314
105.204,-0.8777,0.1360,-0.4862,15.0347,15.5709,16.4687,0.1823,15.4307
105.204,-0.8779,0.1360,-0.4859,15.0347,15.5703,16.4687,0.1821,15.4307
105.204,-0.8779,0.1363,-0.4856,15.0347,15.5703,16.4688,0.1821,15.4307
105.300,-0.8779,0.1363,-0.4856,15.0447,15.5802,16.4788,0.1821,15.4407
105.300,-0.8777,0.1366,-0.4856,15.0440,15.5802,16.4788,0.1823,15.4400
105.300,-0.8779,0.1366,-0.4854,15.0440,15.5796,16.4788,0.1821,15.4400
105.301,-0.8779,0.1369,-0.4851,15.0440,15.5796,16.4789,0.1821,15.4400
105.390,-0.8779,0.1369,-0.4851,15.0540,15.5896,16.4888,0.1821,15.4500
105.391,-0.8777,0.1371,-0.4851,15.0533,15.5896,16.4888,0.1823,15.4493
105.391,-0.8779,0.1371,-0.4849,15.0533,15.5890,16.4888,0.1821,15.4493
105.391,-0.8779,0.1374,-0.4846,15.0533,15.5890,16.4890,0.1821,15.4493
105.491,-0.8779,0.1374,-0.4846,15.0533,15.5890,16.4890,0.1821,15.4493
105.497,-0.8779,0.1374,-0.4846,15.0633,15.5990,16.4989,0.1821,15.4593
105.497,-0.8776,0.1377,-0.4846,15.0626,15.5990,16.4989,0.1824,15.4586
105.497,-0.8778,0.1377,-0.4843,15.0626,15.5984,16.4989,0.1822,15.4586
105.497,-0.8778,0.1380,-0.4840,15.0626,15.5984,16.4990,0.1822,15.4586
105.598,-0.8778,0.1380,-0.4840,15.0626,15.5984,16.4990,0.1822,15.4586
105.604,-0.8778,0.1380,-0.4840,15.0726,15.6083,16.5090,0.1822,15.4686
105.605,-0.8776,0.1382,-0.4840,15.0719,15.6083,16.5090,0.1824,15.4679
105.605,-0.8778,0.1382,-0.4838,15.0719,15.6078,16.5090,0.1822,15.4679
105.605,-0.8778,0.1385,-0.4835,15.0719,15.6078,16.5091,0.1822,15.4679
105.702,-0.8778,0.1385,-0.4835,15.0819,15.6177,16.5190,0.1822,15.4779
105.702,-0.8776,0.1388,-0.4835,15.0812,15.6177,16.5190,0.1824,15.4772
105.702,-0.8778,0.1388,-0.4833,15.0812,15.6171,16.5190,0.1822,15.4772
105.702,-0.8778,0.1391,-0.4830,15.0812,15.6171,16.5191,0.1822,15.4772
105.798,-0.8778,0.1391,-0.4830,15.0912,15.6271,16.5291,0.1822,15.4872
105.798,-0.8775,0.1393,-0.4830,15.0905,15.6271,16.5291,0.1825,15.4865
105.798,-0.8777,0.1393,-0.4828,15.0905,15.6265,16.5291,0.1823,15.4865
105.798,-0.8777,0.1396,-0.4825,15.0905,15.6265,16.5292,0.1823,15.4865
105.899,-0.8777,0.1396,-0.4825,15.0905,15.6265,16.5292,0.1823,15.4865
105.908,-0.8777,0.1396,-0.4825,15.1005,15.6365,16.5392,0.1823,15.4965
105.908,-0.8775,0.1399,-0.4825,15.0998,15.6365,16.5392,0.1825,15.4958
105.908,-0.8777,0.1399,-0.4822,15.0998,15.6359,16.5392,0.1823,15.4958
105.908,-0.8777,0.1402,-0.4819,15.0998,15.6359,16.5393,0.1823,15.4958
106.004,-0.8777,0.1402,-0.4819,15.1098,15.6459,16.5492,0.1823,15.5058
106.004,-0.8775,0.1404,-0.4819,15.1092,15.6459,16.5492,0.1825,15.5052
106.004,-0.8777,0.1404,-0.4817,15.1092,15.6453,16.5492,0.1823,15.5052
106.004,-0.8777,0.1407,-0.4814,15.1092,15.6453,16.5494,0.1823,15.5052
106.098,-0.8777,0.1407,-0.4814,15.1191,15.6552,16.5593,0.1823,15.5151
106.098,-0.8775,0.1409,-0.4814,15.1185,15.6552,16.5593,0.1825,15.5145
106.098,-0.8777,0.1409,-0.4812,15.1185,15.6546,16.5593,0.1823,15.5145
106.098,-0.8777,0.1412,-0.4809,15.1185,15.6546,16.5594,0.1823,15.5145
106.199,-0.8777,0.1412,-0.4809,15.1185,15.6546,16.5594,0.1823,15.5145
106.203,-0.8777,0.1412,-0.4809,15.1285,15.6646,16.5694,0.1823,15.5245
106.203,-0.8776,0.1414,-0.4809,15.1279,15.6646,16.5694,0.1824,15.5239
106.204,-0.8778,0.1414,-0.4807,15.1279,15.6640,16.5694,0.1822,15.5239
106.204,-0.8778,0.1417,-0.4804,15.1279,15.6640,16.5695,0.1822,15.5239
106.299,-0.8778,0.1417,-0.4804,15.1379,15.6740,16.5795,0.1822,15.5339
106.299,-0.8776,0.1419,-0.4804,15.1373,15.6740,16.5795,0.1824,15.5333
106.300,-0.8778,0.1419,-0.4801,15.1373,15.6734,16.5795,0.1822,15.5333
106.300,-0.8778,0.1422,-0.4798,15.1373,15.6734,16.5796,0.1822,15.5333
106.400,-0.8778,0.1422,-0.4798,15.1373,15.6734,16.5796,0.1822,15.5333
106.405,-0.8778,0.1422,-0.4798,15.1472,15.6834,16.5895,0.1822,15.5432
106.405,-0.8776,0.1424,-0.4798,15.1466,15.6834,16.5895,0.1824,15.5426
106.405,-0.8779,0.1424,-0.4796,15.1466,15.6828,16.5895,0.1821,15.5426
106.405,-0.8779,0.1427,-0.4793,15.1466,15.6828,16.5897,0.1821,15.5426
106.503,-0.8779,0.1427,-0.4793,15.1566,15.6927,16.5996,0.1821,15.5526
106.503,-0.8777,0.1429,-0.4793,15.1560,15.6927,16.5996,0.1823,15.5520
106.503,-0.8779,0.1429,-0.4790,15.1560,15.6921,16.5996,0.1821,15.5520
106.503,-0.8779,0.1432,-0.4787,15.1560,15.6921,16.5997,0.1821,15.5520
106.599,-0.8779,0.1432,-0.4787,15.1659,15.7021,16.6096,0.1821,15.5619
106.599,-0.8777,0.1434,-0.4787,15.1653,15.7021,16.6096,0.1823,15.5613
106.600,-0.8779,0.1434,-0.4785,15.1653,15.7015,16.6096,0.1821,15.5613
106.600,-0.8779,0.1437,-0.4782,15.1653,15.7015,16.6098,0.1821,15.5613
106.698,-0.8779,0.1437,-0.4782,15.1752,15.7114,16.6197,0.1821,15.5712
106.698,-0.8777,0.1439,-0.4782,15.1746,15.7114,16.6197,0.1823,15.5706
106.698,-0.8779,0.1439,-0.4780,15.1746,15.7108,16.6197,0.1821,15.5706
106.698,-0.8779,0.1442,-0.4777,15.1746,15.7108,16.6198,0.1821,15.5706
106.799,-0.8779,0.1442,-0.4777,15.1746,15.7108,16.6198,0.1821,15.5706
106.808,-0.8779,0.1442,-0.4777,15.1846,15.7208,16.6297,0.1821,15.5806
106.808,-0.8777,0.1445,-0.4777,15.1839,15.7208,16.6297,0.1823,15.5799
106.809,-0.8779,0.1445,-0.4774,15.1839,15.7202,16.6297,0.1821,15.5799
106.809,-0.8779,0.1448,-0.4771,15.1839,15.7202,16.6298,0.1821,15.5799
106.902,-0.8779,0.1448,-0.4771,15.1938,15.7301,16.6398,0.1821,15.5898
106.902,-0.8777,0.1450,-0.4771,15.1932,15.7301,16.6398,0.1823,15.5892
106.903,-0.8779,0.1450,-0.4769,15.1932,15.7295,16.6398,0.1821,15.5892
106.903,-0.8779,0.1453,-0.4766,15.1932,15.7295,16.6399,0.1821,15.5892
106.999,-0.8779,0.1453,-0.4766,15.2031,15.7395,16.6498,0.1821,15.5991
106.999,-0.8776,0.1456,-0.4766,15.2025,15.7395,16.6498,0.1824,15.5985
106.999,-0.8778,0.1456,-0.4764,15.2025,15.7389,16.6498,0.1822,15.5985
106.999,-0.8778,0.1459,-0.4761,15.2025,15.7389,16.6499,0.1822,15.5985
107.100,-0.8778,0.1459,-0.4761,15.2025,15.7389,16.6499,0.1822,15.5985
107.104,-0.8778,0.1459,-0.4761,15.2124,15.7489,16.6599,0.1822,15.6084
107.104,-0.8776,0.1461,-0.4761,15.2118,15.7489,16.6599,0.1824,15.6078
107.104,-0.8778,0.1461,-0.4759,15.2118,15.7483,16.6599,0.1822,15.6078
107.104,-0.8778,0.1464,-0.4756,15.2118,15.7483,16.6600,0.1822,15.6078
107.200,-0.8778,0.1464,-0.4756,15.2217,15.7583,16.6699,0.1822,15.6177
107.200,-0.8776,0.1467,-0.4756,15.2211,15.7583,16.6699,0.1824,15.6171
107.200,-0.8778,0.1467,-0.4753,15.2211,15.7577,16.6699,0.1822,15.6171
107.200,-0.8778,0.1470,-0.4750,15.2211,15.7577,16.6701,0.1822,15.6171
107.300,-0.8778,0.1470,-0.4750,15.2211,15.7577,16.6701,0.1822,15.6171
107.303,-0.8778,0.1470,-0.4750,15.2311,15.7676,16.6800,0.1822,15.6271
107.303,-0.8776,0.1472,-0.4750,15.2304,15.7676,16.6800,0.1824,15.6264
107.303,-0.8778,0.1472,-0.4748,15.2304,15.7671,16.6800,0.1822,15.6264
107.303,-0.8778,0.1475,-0.4745,15.2304,15.7671,16.6801,0.1822,15.6264
107.398,-0.8778,0.1475,-0.4745,15.2404,15.7770,16.6901,0.1822,15.6364
107.398,-0.8776,0.1477,-0.4745,15.2398,15.7770,16.6901,0.1824,15.6358
107.398,-0.8778,0.1477,-0.4743,15.2398,15.7764,16.6901,0.1822,15.6358
107.398,-0.8778,0.1480,-0.4740,15.2398,15.7764,16.6902,0.1822,15.6358
107.498,-0.8778,0.1480,-0.4740,15.2398,15.7764,16.6902,0.1822,15.6358
107.504,-0.8778,0.1480,-0.4740,15.2497,15.7864,16.7002,0.1822,15.6457
107.504,-0.8776,0.1482,-0.4740,15.2491,15.7864,16.7002,0.1824,15.6451
107.504,-0.8778,0.1482,-0.4737,15.2491,15.7858,16.7002,0.1822,15.6451
107.505,-0.8778,0.1485,-0.4734,15.2491,15.7858,16.7003,0.1822,15.6451
107.600,-0.8778,0.1485,-0.4734,15.2591,15.7958,16.7102,0.1822,15.6551
107.600,-0.8776,0.1487,-0.4734,15.2585,15.7958,16.7102,0.1824,15.6545
107.600,-0.8778,0.1487,-0.4732,15.2585,15.7952,16.7102,0.1822,15.6545
107.601,-0.8778,0.1490,-0.4729,15.2585,15.7952,16.7103,0.1822,15.6545
107.691,-0.8778,0.1490,-0.4729,15.2685,15.8051,16.7203,0.1822,15.6645
107.691,-0.8777,0.1492,-0.4729,15.2679,15.8051,16.7203,0.1823,15.6639
107.691,-0.8779,0.1492,-0.4727,15.2679,15.8046,16.7203,0.1821,15.6639
107.691,-0.8779,0.1495,-0.4724,15.2679,15.8046,16.7204,0.1821,15.6639
107.792,-0.8779,0.1495,-0.4724,15.2679,15.8046,16.7204,0.1821,15.6639
107.798,-0.8779,0.1495,-0.4724,15.2779,15.8145,16.7304,0.1821,15.6739
107.798,-0.8777,0.1497,-0.4724,15.2773,15.8145,16.7304,0.1823,15.6733
107.798,-0.8779,0.1497,-0.4721,15.2773,15.8139,16.7304,0.1821,15.6733
107.798,-0.8779,0.1500,-0.4718,15.2773,15.8139,16.7305,0.1821,15.6733
107.898,-0.8779,0.1500,-0.4718,15.2773,15.8139,16.7305,0.1821,15.6733
107.904,-0.8779,0.1500,-0.4718,15.2872,15.8239,16.7404,0.1821,15.6832
107.905,-0.8777,0.1502,-0.4718,15.2866,15.8239,16.7404,0.1823,15.6826
107.905,-0.8780,0.1502,-0.4716,15.2866,15.8233,16.7404,0.1820,15.6826
107.905,-0.8780,0.1505,-0.4713,15.2866,15.8233,16.7406,0.1820,15.6826
107.999,-0.8780,0.1505,-0.4713,15.2966,15.8333,16.7505,0.1820,15.6926
107.999,-0.8778,0.1507,-0.4713,15.2960,15.8333,16.7505,0.1822,15.6920
107.999,-0.8780,0.1507,-0.4711,15.2960,15.8327,16.7505,0.1820,15.6920
107.999,-0.8780,0.1510,-0.4708,15.2960,15.8327,16.7506,0.1820,15.6920
108.100,-0.8780,0.1510,-0.4708,15.2960,15.8327,16.7506,0.1820,15.6920
108.105,-0.8780,0.1510,-0.4708,15.3060,15.8426,16.7606,0.1820,15.7020
108.105,-0.8778,0.1512,-0.4708,15.3053,15.8426,16.7606,0.1822,15.7013
108.105,-0.8780,0.1512,-0.4705,15.3053,15.8420,16.7606,0.1820,15.7013
108.105,-0.8780,0.1515,-0.4702,15.3053,15.8420,16.7607,0.1820,15.7013
108.206,-0.8780,0.1515,-0.4702,15.3053,15.8420,16.7607,0.1820,15.7013
108.207,-0.8780,0.1515,-0.4702,15.3153,15.8520,16.7707,0.1820,15.7113
108.207,-0.8778,0.1518,-0.4702,15.3147,15.8520,16.7707,0.1822,15.7107
108.207,-0.8780,0.1518,-0.4700,15.3147,15.8514,16.7707,0.1820,15.7107
108.207,-0.8780,0.1521,-0.4697,15.3147,15.8514,16.7708,0.1820,15.7107
108.302,-0.8780,0.1521,-0.4697,15.3246,15.8614,16.7807,0.1820,15.7206
108.302,-0.8777,0.1523,-0.4697,15.3240,15.8614,16.7807,0.1823,15.7200
108.302,-0.8779,0.1523,-0.4695,15.3240,15.8608,16.7807,0.1821,15.7200
108.302,-0.8779,0.1526,-0.4692,15.3240,15.8608,16.7808,0.1821,15.7200
108.401,-0.8779,0.1526,-0.4692,15.3340,15.8708,16.7908,0.1821,15.7300
108.401,-0.8777,0.1529,-0.4692,15.3333,15.8708,16.7908,0.1823,15.7293
108.401,-0.8779,0.1529,-0.4689,15.3333,15.8702,16.7908,0.1821,15.7293
108.402,-0.8779,0.1532,-0.4686,15.3333,15.8702,16.7909,0.1821,15.7293
108.497,-0.8779,0.1532,-0.4686,15.3433,15.8802,16.8009,0.1821,15.7393
108.497,-0.8777,0.1534,-0.4686,15.3426,15.8802,16.8009,0.1823,15.7386
108.497,-0.8779,0.1534,-0.4684,15.3426,15.8796,16.8009,0.1821,15.7386
108.498,-0.8779,0.1537,-0.4681,15.3426,15.8796,16.8010,0.1821,15.7386
108.598,-0.8779,0.1537,-0.4681,15.3426,15.8796,16.8010,0.1821,15.7386
108.603,-0.8779,0.1537,-0.4681,15.3526,15.8896,16.8109,0.1821,15.7486
108.603,-0.8777,0.1539,-0.4681,15.3520,15.8896,16.8109,0.1823,15.7480
108.603,-0.8779,0.1539,-0.4679,15.3520,15.8890,16.8109,0.1821,15.7480
108.603,-0.8779,0.1542,-0.4676,15.3520,15.8890,16.8111,0.1821,15.7480
108.704,-0.8779,0.1542,-0.4676,15.3520,15.8890,16.8111,0.1821,15.7480
108.704,-0.8779,0.1542,-0.4676,15.3619,15.8990,16.8210,0.1821,15.7579
108.705,-0.8777,0.1545,-0.4676,15.3613,15.8990,16.8210,0.1823,15.7573
108.705,-0.8779,0.1545,-0.4674,15.3613,15.8984,16.8210,0.1821,15.7573
108.705,-0.8779,0.1548,-0.4671,15.3613,15.8984,16.8211,0.1821,15.7573
108.802,-0.8779,0.1548,-0.4671,15.3712,15.9083,16.8311,0.1821,15.7672
108.803,-0.8777,0.1550,-0.4671,15.3706,15.9083,16.8311,0.1823,15.7666
108.803,-0.8779,0.1550,-0.4668,15.3706,15.9077,16.8311,0.1821,15.7666
108.803,-0.8779,0.1553,-0.4665,15.3706,15.9077,16.8312,0.1821,15.7666
108.896,-0.8779,0.1553,-0.4665,15.3806,15.9177,16.8411,0.1821,15.7766
108.896,-0.8777,0.1555,-0.4665,15.3800,15.9177,16.8411,0.1823,15.7760
108.896,-0.8779,0.1555,-0.4663,15.3800,15.9171,16.8411,0.1821,15.7760
108.896,-0.8779,0.1558,-0.4660,15.3800,15.9171,16.8412,0.1821,15.7760
108.997,-0.8779,0.1558,-0.4660,15.3800,15.9171,16.8412,0.1821,15.7760
109.003,-0.8779,0.1558,-0.4660,15.3899,15.9270,16.8511,0.1821,15.7859
109.003,-0.8777,0.1560,-0.4660,15.3893,15.9270,16.8511,0.1823,15.7853
109.003,-0.8779,0.1560,-0.4658,15.3893,15.9264,16.8511,0.1821,15.7853
109.003,-0.8779,0.1563,-0.4655,15.3893,15.9264,16.8513,0.1821,15.7853
109.099,-0.8779,0.1563,-0.4655,15.3993,15.9364,16.8612,0.1821,15.7953
109.099,-0.8778,0.1565,-0.4655,15.3987,15.9364,16.8612,0.1822,15.7947
109.099,-0.8780,0.1565,-0.4652,15.3987,15.9358,16.8612,0.1820,15.7947
109.099,-0.8780,0.1568,-0.4649,15.3987,15.9358,16.8613,0.1820,15.7947
109.200,-0.8780,0.1568,-0.4649,15.3987,15.9358,16.8613,0.1820,15.7947
109.204,-0.8780,0.1568,-0.4649,15.4087,15.9458,16.8712,0.1820,15.8047
109.204,-0.8778,0.1569,-0.4649,15.4081,15.9458,16.8712,0.1822,15.8041
109.204,-0.8780,0.1569,-0.4647,15.4081,15.9452,16.8712,0.1820,15.8041
109.204,-0.8780,0.1572,-0.4644,15.4081,15.9452,16.8714,0.1820,15.8041
109.301,-0.8780,0.1572,-0.4644,15.4180,15.9551,16.8813,0.1820,15.8140
109.302,-0.8778,0.1574,-0.4644,15.4174,15.9551,16.8813,0.1822,15.8134
109.302,-0.8781,0.1574,-0.4641,15.4174,15.9545,16.8813,0.1819,15.8134
109.302,-0.8781,0.1577,-0.4638,15.4174,15.9545,16.8814,0.1819,15.8134
109.397,-0.8781,0.1577,-0.4638,15.4274,15.9645,16.8914,0.1819,15.8234
109.398,-0.8779,0.1580,-0.4638,15.4268,15.9645,16.8914,0.1821,15.8228
109.398,-0.8781,0.1580,-0.4636,15.4268,15.9639,16.8914,0.1819,15.8228
109.398,-0.8781,0.1583,-0.4633,15.4268,15.9639,16.8915,0.1819,15.8228
109.498,-0.8781,0.1583,-0.4633,15.4268,15.9639,16.8915,0.1819,15.8228
109.504,-0.8781,0.1583,-0.4633,15.4368,15.9739,16.9015,0.1819,15.8328
109.504,-0.8779,0.1585,-0.4633,15.4362,15.9739,16.9015,0.1821,15.8322
109.504,-0.8781,0.1585,-0.4631,15.4362,15.9733,16.9015,0.1819,15.8322
109.504,-0.8781,0.1588,-0.4628,15.4362,15.9733,16.9016,0.1819,15.8322
109.597,-0.8781,0.1588,-0.4628,15.4461,15.9833,16.9115,0.1819,15.8421
109.598,-0.8779,0.1590,-0.4628,15.4455,15.9833,16.9115,0.1821,15.8415
109.598,-0.8781,0.1590,-0.4625,15.4455,15.9827,16.9115,0.1819,15.8415
109.598,-0.8781,0.1593,-0.4622,15.4455,15.9827,16.9116,0.1819,15.8415
109.698,-0.8781,0.1593,-0.4622,15.4455,15.9827,16.9116,0.1819,15.8415
109.703,-0.8781,0.1593,-0.4622,15.4555,15.9927,16.9216,0.1819,15.8515
109.703,-0.8778,0.1596,-0.4622,15.4548,15.9927,16.9216,0.1822,15.8508
109.703,-0.8780,0.1596,-0.4620,15.4548,15.9921,16.9216,0.1820,15.8508
109.704,-0.8780,0.1599,-0.4617,15.4548,15.9921,16.9217,0.1820,15.8508
109.799,-0.8780,0.1599,-0.4617,15.4648,16.0020,16.9317,0.1820,15.8608
109.799,-0.8778,0.1601,-0.4617,15.4641,16.0020,16.9317,0.1822,15.8601
109.799,-0.8780,0.1601,-0.4615,15.4641,16.0015,16.9317,0.1820,15.8601
109.799,-0.8780,0.1604,-0.4612,15.4641,16.0015,16.9318,0.1820,15.8601
109.900,-0.8780,0.1604,-0.4612,15.4641,16.0015,16.9318,0.1820,15.8601
109.904,-0.8780,0.1604,-0.4612,15.4741,16.0114,16.9417,0.1820,15.8701
109.904,-0.8778,0.1607,-0.4612,15.4735,16.0114,16.9417,0.1822,15.8695
109.904,-0.8780,0.1607,-0.4610,15.4735,16.0109,16.9417,0.1820,15.8695
109.904,-0.8780,0.1610,-0.4607,15.4735,16.0109,16.9418,0.1820,15.8695
109.998,-0.8780,0.1610,-0.4607,15.4834,16.0208,16.9518,0.1820,15.8794
109.998,-0.8778,0.1612,-0.4607,15.4828,16.0208,16.9518,0.1822,15.8788
109.998,-0.8780,0.1612,-0.4604,15.4828,16.0202,16.9518,0.1820,15.8788
109.999,-0.8780,0.1615,-0.4601,15.4828,16.0202,16.9519,0.1820,15.8788
110.099,-0.8780,0.1615,-0.4601,15.4828,16.0202,16.9519,0.1820,15.8788
110.105,-0.8780,0.1615,-0.4601,15.4927,16.0302,16.9618,0.1820,15.8887
110.105,-0.8778,0.1617,-0.4601,15.4921,16.0302,16.9618,0.1822,15.8881
110.105,-0.8780,0.1617,-0.4599,15.4921,16.0296,16.9618,0.1820,15.8881
110.105,-0.8780,0.1620,-0.4596,15.4921,16.0296,16.9619,0.1820,15.8881
110.201,-0.8780,0.1620,-0.4596,15.5021,16.0396,16.9719,0.1820,15.8981
110.201,-0.8778,0.1622,-0.4596,15.5015,16.0396,16.9719,0.1822,15.8975
110.201,-0.8780,0.1622,-0.4594,15.5015,16.0390,16.9719,0.1820,15.8975
110.202,-0.8780,0.1625,-0.4591,15.5015,16.0390,16.9720,0.1820,15.8975
110.297,-0.8780,0.1625,-0.4591,15.5115,16.0489,16.9820,0.1820,15.9075
110.297,-0.8778,0.1627,-0.4591,15.5109,16.0489,16.9820,0.1822,15.9069
110.297,-0.8780,0.1627,-0.4588,15.5109,16.0484,16.9820,0.1820,15.9069
110.297,-0.8780,0.1630,-0.4585,15.5109,16.0484,16.9821,0.1820,15.9069
110.398,-0.8780,0.1630,-0.4585,15.5109,16.0484,16.9821,0.1820,15.9069
110.403,-0.8780,0.1630,-0.4585,15.5208,16.0583,16.9920,0.1820,15.9168
110.403,-0.8779,0.1632,-0.4585,15.5203,16.0583,16.9920,0.1821,15.9163
110.403,-0.8781,0.1632,-0.4583,15.5203,16.0577,16.9920,0.1819,15.9163
110.404,-0.8781,0.1635,-0.4580,15.5203,16.0577,16.9922,0.1819,15.9163
110.499,-0.8781,0.1635,-0.4580,15.5302,16.0677,17.0021,0.1819,15.9262
110.500,-0.8779,0.1637,-0.4580,15.5297,16.0677,17.0021,0.1821,15.9257
110.500,-0.8781,0.1637,-0.4578,15.5297,16.0671,17.0021,0.1819,15.9257
110.500,-0.8781,0.1640,-0.4575,15.5297,16.0671,17.0022,0.1819,15.9257
110.600,-0.8781,0.1640,-0.4575,15.5297,16.0671,17.0022,0.1819,15.9257
110.605,-0.8781,0.1640,-0.4575,15.5396,16.0771,17.0122,0.1819,15.9356
110.605,-0.8779,0.1642,-0.4575,15.5390,16.0771,17.0122,0.1821,15.9350
110.605,-0.8781,0.1642,-0.4572,15.5390,16.0765,17.0122,0.1819,15.9350
110.605,-0.8781,0.1645,-0.4569,15.5390,16.0765,17.0123,0.1819,15.9350
110.703,-0.8781,0.1645,-0.4569,15.5490,16.0865,17.0223,0.1819,15.9450
110.703,-0.8780,0.1647,-0.4569,15.5484,16.0865,17.0223,0.1820,15.9444
110.703,-0.8782,0.1647,-0.4567,15.5484,16.0859,17.0223,0.1818,15.9444
110.703,-0.8782,0.1650,-0.4564,15.5484,16.0859,17.0224,0.1818,15.9444
110.800,-0.8782,0.1650,-0.4564,15.5584,16.0958,17.0323,0.1818,15.9544
110.800,-0.8780,0.1652,-0.4564,15.5578,16.0958,17.0323,0.1820,15.9538
110.800,-0.8782,0.1652,-0.4561,15.5578,16.0952,17.0323,0.1818,15.9538
110.800,-0.8782,0.1655,-0.4558,15.5578,16.0952,17.0324,0.1818,15.9538
110.901,-0.8782,0.1655,-0.4558,15.5578,16.0952,17.0324,0.1818,15.9538
110.905,-0.8782,0.1655,-0.4558,15.5677,16.1052,17.0424,0.1818,15.9637
110.905,-0.8780,0.1657,-0.4558,15.5671,16.1052,17.0424,0.1820,15.9631
110.906,-0.8782,0.1657,-0.4556,15.5671,16.1046,17.0424,0.1818,15.9631
110.906,-0.8782,0.1660,-0.4553,15.5671,16.1046,17.0425,0.1818,15.9631
111.002,-0.8782,0.1660,-0.4553,15.5771,16.1146,17.0524,0.1818,15.9731
111.002,-0.8780,0.1663,-0.4553,15.5764,16.1146,17.0524,0.1820,15.9724
111.002,-0.8782,0.1663,-0.4551,15.5764,16.1140,17.0524,0.1818,15.9724
111.002,-0.8782,0.1666,-0.4548,15.5764,16.1140,17.0525,0.1818,15.9724
111.098,-0.8782,0.1666,-0.4548,15.5864,16.1239,17.0624,0.1818,15.9824
111.098,-0.8780,0.1668,-0.4548,15.5857,16.1239,17.0624,0.1820,15.9817
111.098,-0.8782,0.1668,-0.4545,15.5857,16.1234,17.0624,0.1818,15.9817
111.099,-0.8782,0.1671,-0.4542,15.5857,16.1234,17.0626,0.1818,15.9817
111.199,-0.8782,0.1671,-0.4542,15.5857,16.1234,17.0626,0.1818,15.9817
111.203,-0.8782,0.1671,-0.4542,15.5957,16.1333,17.0725,0.1818,15.9917
111.203,-0.8779,0.1674,-0.4542,15.5950,16.1333,17.0725,0.1821,15.9910
111.203,-0.8781,0.1674,-0.4540,15.5950,16.1327,17.0725,0.1819,15.9910
111.203,-0.8781,0.1677,-0.4537,15.5950,16.1327,17.0726,0.1819,15.9910
111.299,-0.8781,0.1677,-0.4537,15.6050,16.1427,17.0825,0.1819,16.0010
111.299,-0.8779,0.1679,-0.4537,15.6043,16.1427,17.0825,0.1821,16.0003
111.299,-0.8781,0.1679,-0.4535,15.6043,16.1421,17.0825,0.1819,16.0003
111.299,-0.8781,0.1682,-0.4532,15.6043,16.1421,17.0826,0.1819,16.0003
111.399,-0.8781,0.1682,-0.4532,15.6043,16.1421,17.0826,0.1819,16.0003
111.407,-0.8781,0.1682,-0.4532,15.6143,16.1521,17.0926,0.1819,16.0103
111.408,-0.8779,0.1685,-0.4532,15.6137,16.1521,17.0926,0.1821,16.0097
111.408,-0.8781,0.1685,-0.4530,15.6137,16.1515,17.0926,0.1819,16.0097
111.408,-0.8781,0.1688,-0.4527,15.6137,16.1515,17.0927,0.1819,16.0097
111.501,-0.8781,0.1688,-0.4527,15.6236,16.1614,17.1027,0.1819,16.0196
111.501,-0.8779,0.1690,-0.4527,15.6230,16.1614,17.1027,0.1821,16.0190
111.501,-0.8781,0.1690,-0.4524,15.6230,16.1609,17.1027,0.1819,16.0190
111.501,-0.8781,0.1693,-0.4521,15.6230,16.1609,17.1028,0.1819,16.0190
111.597,-0.8781,0.1693,-0.4521,15.6330,16.1708,17.1127,0.1819,16.0290
111.597,-0.8779,0.1695,-0.4521,15.6324,16.1708,17.1127,0.1821,16.0284
111.597,-0.8781,0.1695,-0.4519,15.6324,16.1702,17.1127,0.1819,16.0284
111.597,-0.8781,0.1698,-0.4516,15.6324,16.1702,17.1128,0.1819,16.0284
111.698,-0.8781,0.1698,-0.4516,15.6324,16.1702,17.1128,0.1819,16.0284
111.704,-0.8781,0.1698,-0.4516,15.6424,16.1802,17.1228,0.1819,16.0384
111.704,-0.8779,0.1700,-0.4516,15.6418,16.1802,17.1228,0.1821,16.0378
111.704,-0.8781,0.1700,-0.4514,15.6418,16.1796,17.1228,0.1819,16.0378
111.704,-0.8781,0.1703,-0.4511,15.6418,16.1796,17.1229,0.1819,16.0378
111.800,-0.8781,0.1703,-0.4511,15.6517,16.1896,17.1329,0.1819,16.0477
111.800,-0.8780,0.1705,-0.4511,15.6512,16.1896,17.1329,0.1820,16.0472
111.800,-0.8782,0.1705,-0.4508,15.6512,16.1890,17.1329,0.1818,16.0472
111.800,-0.8782,0.1708,-0.4505,15.6512,16.1890,17.1330,0.1818,16.0472
111.890,-0.8782,0.1708,-0.4505,15.6611,16.1990,17.1429,0.1818,16.0571
111.890,-0.8780,0.1710,-0.4505,15.6605,16.1990,17.1429,0.1820,16.0565
111.890,-0.8782,0.1710,-0.4503,15.6605,16.1984,17.1429,0.1818,16.0565
111.890,-0.8782,0.1713,-0.4500,15.6605,16.1984,17.1430,0.1818,16.0565
111.991,-0.8782,0.1713,-0.4500,15.6605,16.1984,17.1430,0.1818,16.0565
111.996,-0.8782,0.1713,-0.4500,15.6705,16.2083,17.1530,0.1818,16.0665
111.996,-0.8781,0.1715,-0.4500,15.6699,16.2083,17.1530,0.1819,16.0659
111.996,-0.8783,0.1715,-0.4497,15.6699,16.2077,17.1530,0.1817,16.0659
111.996,-0.8783,0.1718,-0.4494,15.6699,16.2077,17.1531,0.1817,16.0659
112.097,-0.8783,0.1718,-0.4494,15.6699,16.2077,17.1531,0.1817,16.0659
112.108,-0.8783,0.1718,-0.4494,15.6799,16.2177,17.1630,0.1817,16.0759
112.108,-0.8781,0.1720,-0.4494,15.6793,16.2177,17.1630,0.1819,16.0753
112.108,-0.8783,0.1720,-0.4492,15.6793,16.2171,17.1630,0.1817,16.0753
112.108,-0.8783,0.1723,-0.4489,15.6793,16.2171,17.1632,0.1817,16.0753
112.204,-0.8783,0.1723,-0.4489,15.6892,16.2271,17.1731,0.1817,16.0852
112.204,-0.8781,0.1725,-0.4489,15.6886,16.2271,17.1731,0.1819,16.0846
112.204,-0.8783,0.1725,-0.4486,15.6886,16.2265,17.1731,0.1817,16.0846
112.205,-0.8783,0.1728,-0.4484,15.6886,16.2265,17.1732,0.1817,16.0846
112.299,-0.8783,0.1728,-0.4484,15.6986,16.2365,17.1832,0.1817,16.0946
112.299,-0.8781,0.1730,-0.4484,15.6980,16.2365,17.1832,0.1819,16.0940
112.299,-0.8783,0.1730,-0.4481,15.6980,16.2359,17.1832,0.1817,16.0940
112.299,-0.8783,0.1733,-0.4478,15.6980,16.2359,17.1833,0.1817,16.0940
112.400,-0.8783,0.1733,-0.4478,15.6980,16.2359,17.1833,0.1817,16.0940
112.405,-0.8783,0.1733,-0.4478,15.7080,16.2458,17.1932,0.1817,16.1040
112.405,-0.8781,0.1736,-0.4478,15.7073,16.2458,17.1932,0.1819,16.1033
112.405,-0.8783,0.1736,-0.4476,15.7073,16.2453,17.1932,0.1817,16.1033
112.405,-0.8783,0.1739,-0.4473,15.7073,16.2453,17.1934,0.1817,16.1033
112.500,-0.8783,0.1739,-0.4473,15.7173,16.2552,17.2033,0.1817,16.1133
112.500,-0.8781,0.1741,-0.4473,15.7166,16.2552,17.2033,0.1819,16.1126
112.509,-0.8783,0.1741,-0.4470,15.7166,16.2547,17.2033,0.1817,16.1126
112.509,-0.8783,0.1744,-0.4468,15.7166,16.2547,17.2034,0.1817,16.1126
112.596,-0.8783,0.1744,-0.4468,15.7266,16.2646,17.2134,0.1817,16.1226
112.596,-0.8780,0.1747,-0.4468,15.7260,16.2646,17.2134,0.1820,16.1220
112.597,-0.8782,0.1747,-0.4465,15.7260,16.2641,17.2134,0.1818,16.1220
112.597,-0.8782,0.1750,-0.4462,15.7260,16.2641,17.2135,0.1818,16.1220
112.697,-0.8782,0.1750,-0.4462,15.7260,16.2641,17.2135,0.1818,16.1220
112.703,-0.8782,0.1750,-0.4462,15.7359,16.2740,17.2235,0.1818,16.1319
112.703,-0.8780,0.1752,-0.4462,15.7353,16.2740,17.2235,0.1820,16.1313
112.703,-0.8782,0.1752,-0.4460,15.7353,16.2735,17.2235,0.1818,16.1313
112.703,-0.8782,0.1755,-0.4457,15.7353,16.2735,17.2236,0.1818,16.1313
112.803,-0.8782,0.1755,-0.4457,15.7453,16.2834,17.2335,0.1818,16.1413
112.803,-0.8780,0.1758,-0.4457,15.7446,16.2834,17.2335,0.1820,16.1406
112.803,-0.8782,0.1758,-0.4455,15.7446,16.2829,17.2335,0.1818,16.1406
112.803,-0.8782,0.1761,-0.4452,15.7446,16.2829,17.2337,0.1818,16.1406
112.899,-0.8782,0.1761,-0.4452,15.7546,16.2928,17.2436,0.1818,16.1506
112.899,-0.8780,0.1763,-0.4452,15.7540,16.2928,17.2436,0.1820,16.1500
112.899,-0.8782,0.1763,-0.4449,15.7540,16.2923,17.2436,0.1818,16.1500
112.899,-0.8782,0.1766,-0.4446,15.7540,16.2923,17.2437,0.1818,16.1500
112.999,-0.8782,0.1766,-0.4446,15.7540,16.2923,17.2437,0.1818,16.1500
113.010,-0.8782,0.1766,-0.4446,15.7640,16.3022,17.2537,0.1818,16.1600
113.010,-0.8780,0.1768,-0.4446,15.7634,16.3022,17.2537,0.1820,16.1594
113.010,-0.8782,0.1768,-0.4444,15.7634,16.3017,17.2537,0.1818,16.1594
113.010,-0.8782,0.1771,-0.4441,15.7634,16.3017,17.2538,0.1818,16.1594
113.106,-0.8782,0.1771,-0.4441,15.7734,16.3116,17.2638,0.1818,16.1694
113.106,-0.8780,0.1773,-0.4441,15.7728,16.3116,17.2638,0.1820,16.1688
113.106,-0.8782,0.1773,-0.4438,15.7728,16.3110,17.2638,0.1818,16.1688
113.106,-0.8782,0.1776,-0.4436,15.7728,16.3110,17.2639,0.1818,16.1688
113.202,-0.8782,0.1776,-0.4436,15.7827,16.3210,17.2738,0.1818,16.1787
113.202,-0.8781,0.1778,-0.4436,15.7821,16.3210,17.2738,0.1819,16.1781
113.202,-0.8783,0.1778,-0.4433,15.7821,16.3204,17.2738,0.1817,16.1781
113.202,-0.8783,0.1781,-0.4430,15.7821,16.3204,17.2739,0.1817,16.1781
113.297,-0.8783,0.1781,-0.4430,15.7921,16.3304,17.2839,0.1817,16.1881
113.297,-0.8781,0.1783,-0.4430,15.7915,16.3304,17.2839,0.1819,16.1875
113.298,-0.8783,0.1783,-0.4428,15.7915,16.3298,17.2839,0.1817,16.1875
113.298,-0.8783,0.1786,-0.4425,15.7915,16.3298,17.2840,0.1817,16.1875
113.398,-0.8783,0.1786,-0.4425,15.7915,16.3298,17.2840,0.1817,16.1875
113.403,-0.8783,0.1786,-0.4425,15.8015,16.3397,17.2939,0.1817,16.1975
113.403,-0.8781,0.1788,-0.4425,15.8009,16.3397,17.2939,0.1819,16.1969
113.403,-0.8784,0.1788,-0.4422,15.8009,16.3391,17.2939,0.1816,16.1969
113.403,-0.8784,0.1791,-0.4419,15.8009,16.3391,17.2940,0.1816,16.1969
113.503,-0.8784,0.1791,-0.4419,15.8108,16.3491,17.3040,0.1816,16.2068
113.504,-0.8782,0.1793,-0.4419,15.8102,16.3491,17.3040,0.1818,16.2062
113.504,-0.8784,0.1793,-0.4417,15.8102,16.3485,17.3040,0.1816,16.2062
113.504,-0.8784,0.1796,-0.4414,15.8102,16.3485,17.3041,0.1816,16.2062
113.604,-0.8784,0.1796,-0.4414,15.8102,16.3485,17.3041,0.1816,16.2062
113.605,-0.8784,0.1796,-0.4414,15.8202,16.3584,17.3140,0.1816,16.2162
113.605,-0.8782,0.1798,-0.4414,15.8195,16.3584,17.3140,0.1818,16.2155
113.605,-0.8784,0.1798,-0.4411,15.8195,16.3578,17.3140,0.1816,16.2155
113.605,-0.8784,0.1801,-0.4408,15.8195,16.3578,17.3141,0.1816,16.2155
113.701,-0.8784,0.1801,-0.4408,15.8295,16.3678,17.3241,0.1816,16.2255
113.701,-0.8782,0.1804,-0.4408,15.8289,16.3678,17.3241,0.1818,16.2249
113.701,-0.8784,0.1804,-0.4406,15.8289,16.3672,17.3241,0.1816,16.2249
113.701,-0.8784,0.1807,-0.4403,15.8289,16.3672,17.3242,0.1816,16.2249
113.797,-0.8784,0.1807,-0.4403,15.8388,16.3772,17.3341,0.1816,16.2348
113.797,-0.8782,0.1809,-0.4403,15.8382,16.3772,17.3341,0.1818,16.2342
113.798,-0.8784,0.1809,-0.4400,15.8382,16.3766,17.3341,0.1816,16.2342
113.798,-0.8784,0.1812,-0.4398,15.8382,16.3766,17.3342,0.1816,16.2342
113.898,-0.8784,0.1812,-0.4398,15.8382,16.3766,17.3342,0.1816,16.2342
113.903,-0.8784,0.1812,-0.4398,15.8482,16.3866,17.3442,0.1816,16.2442
113.904,-0.8781,0.1815,-0.4398,15.8475,16.3866,17.3442,0.1819,16.2435
113.904,-0.8783,0.1815,-0.4395,15.8475,16.3860,17.3442,0.1817,16.2435
113.904,-0.8783,0.1818,-0.4392,15.8475,16.3860,17.3443,0.1817,16.2435
114.000,-0.8783,0.1818,-0.4392,15.8575,16.3960,17.3543,0.1817,16.2535
114.000,-0.8781,0.1820,-0.4392,15.8568,16.3960,17.3543,0.1819,16.2528
114.000,-0.8783,0.1820,-0.4390,15.8568,16.3954,17.3543,0.1817,16.2528
114.000,-0.8783,0.1823,-0.4387,15.8568,16.3954,17.3544,0.1817,16.2528
114.100,-0.8783,0.1823,-0.4387,15.8568,16.3954,17.3544,0.1817,16.2528
114.109,-0.8783,0.1823,-0.4387,15.8668,16.4054,17.3643,0.1817,16.2628
114.109,-0.8781,0.1826,-0.4387,15.8662,16.4054,17.3643,0.1819,16.2622
114.109,-0.8783,0.1826,-0.4385,15.8662,16.4048,17.3643,0.1817,16.2622
114.109,-0.8783,0.1829,-0.4382,15.8662,16.4048,17.3645,0.1817,16.2622
114.205,-0.8783,0.1829,-0.4382,15.8761,16.4148,17.3744,0.1817,16.2721
114.205,-0.8781,0.1831,-0.4382,15.8755,16.4148,17.3744,0.1819,16.2715
114.205,-0.8783,0.1831,-0.4379,15.8755,16.4142,17.3744,0.1817,16.2715
114.206,-0.8783,0.1834,-0.4376,15.8755,16.4142,17.3745,0.1817,16.2715
114.302,-0.8783,0.1834,-0.4376,15.8855,16.4242,17.3844,0.1817,16.2815
114.302,-0.8781,0.1837,-0.4376,15.8848,16.4242,17.3844,0.1819,16.2808
114.302,-0.8783,0.1837,-0.4374,15.8848,16.4236,17.3844,0.1817,16.2808
114.303,-0.8783,0.1840,-0.4371,15.8848,16.4236,17.3846,0.1817,16.2808
114.397,-0.8783,0.1840,-0.4371,15.8948,16.4335,17.3945,0.1817,16.2908
114.397,-0.8781,0.1842,-0.4371,15.8942,16.4335,17.3945,0.1819,16.2902
114.397,-0.8783,0.1842,-0.4368,15.8942,16.4329,17.3945,0.1817,16.2902
114.397,-0.8783,0.1845,-0.4366,15.8942,16.4329,17.3946,0.1817,16.2902
114.498,-0.8783,0.1845,-0.4366,15.8942,16.4329,17.3946,0.1817,16.2902
114.502,-0.8783,0.1845,-0.4366,15.9041,16.4429,17.4045,0.1817,16.3001
114.502,-0.8781,0.1847,-0.4366,15.9035,16.4429,17.4045,0.1819,16.2995
114.503,-0.8783,0.1847,-0.4363,15.9035,16.4423,17.4045,0.1817,16.2995
114.503,-0.8783,0.1850,-0.4360,15.9035,16.4423,17.4047,0.1817,16.2995
114.598,-0.8783,0.1850,-0.4360,15.9135,16.4522,17.4146,0.1817,16.3095
114.598,-0.8781,0.1852,-0.4360,15.9129,16.4522,17.4146,0.1819,16.3089
114.599,-0.8783,0.1852,-0.4358,15.9129,16.4517,17.4146,0.1817,16.3089
114.599,-0.8783,0.1855,-0.4355,15.9129,16.4517,17.4147,0.1817,16.3089
114.699,-0.8783,0.1855,-0.4355,15.9129,16.4517,17.4147,0.1817,16.3089
114.706,-0.8783,0.1855,-0.4355,15.9229,16.4616,17.4246,0.1817,16.3189
114.706,-0.8782,0.1857,-0.4355,15.9223,16.4616,17.4246,0.1818,16.3183
114.706,-0.8784,0.1857,-0.4352,15.9223,16.4610,17.4246,0.1816,16.3183
114.706,-0.8784,0.1860,-0.4349,15.9223,16.4610,17.4248,0.1816,16.3183
114.802,-0.8784,0.1860,-0.4349,15.9322,16.4710,17.4347,0.1816,16.3282
114.802,-0.8782,0.1862,-0.4349,15.9316,16.4710,17.4347,0.1818,16.3276
114.802,-0.8784,0.1862,-0.4347,15.9316,16.4704,17.4347,0.1816,16.3276
114.802,-0.8784,0.1865,-0.4344,15.9316,16.4704,17.4348,0.1816,16.3276
114.898,-0.8784,0.1865,-0.4344,15.9416,16.4804,17.4448,0.1816,16.3376
114.898,-0.8782,0.1867,-0.4344,15.9410,16.4804,17.4448,0.1818,16.3370
114.898,-0.8784,0.1867,-0.4341,15.9410,16.4798,17.4448,0.1816,16.3370
114.898,-0.8784,0.1870,-0.4338,15.9410,16.4798,17.4449,0.1816,16.3370
114.999,-0.8784,0.1870,-0.4338,15.9410,16.4798,17.4449,0.1816,16.3370
115.010,-0.8784,0.1870,-0.4338,15.9510,16.4898,17.4548,0.1816,16.3470
115.010,-0.8782,0.1872,-0.4338,15.9504,16.4898,17.4548,0.1818,16.3464
115.011,-0.8784,0.1872,-0.4336,15.9504,16.4892,17.4548,0.1816,16.3464
115.011,-0.8784,0.1875,-0.4333,15.9504,16.4892,17.4550,0.1816,16.3464
115.090,-0.8784,0.1875,-0.4333,15.9603,16.4991,17.4649,0.1816,16.3563
115.090,-0.8782,0.1878,-0.4333,15.9597,16.4991,17.4649,0.1818,16.3557
115.091,-0.8784,0.1878,-0.4330,15.9597,16.4986,17.4649,0.1816,16.3557
115.091,-0.8784,0.1881,-0.4327,15.9597,16.4986,17.4650,0.1816,16.3557
115.191,-0.8784,0.1881,-0.4327,15.9597,16.4986,17.4650,0.1816,16.3557
115.196,-0.8784,0.1881,-0.4327,15.9697,16.5085,17.4750,0.1816,16.3657
115.196,-0.8782,0.1883,-0.4327,15.9690,16.5085,17.4750,0.1818,16.3650
115.196,-0.8784,0.1883,-0.4325,15.9690,16.5080,17.4750,0.1816,16.3650
115.196,-0.8784,0.1886,-0.4322,15.9690,16.5080,17.4751,0.1816,16.3650
115.297,-0.8784,0.1886,-0.4322,15.9690,16.5080,17.4751,0.1816,16.3650
115.308,-0.8784,0.1886,-0.4322,15.9790,16.5179,17.4850,0.1816,16.3750
115.308,-0.8782,0.1889,-0.4322,15.9783,16.5179,17.4850,0.1818,16.3743
115.308,-0.8784,0.1889,-0.4320,15.9783,16.5174,17.4850,0.1816,16.3743
115.308,-0.8784,0.1892,-0.4317,15.9783,16.5174,17.4851,0.1816,16.3743
115.404,-0.8784,0.1892,-0.4317,15.9883,16.5273,17.4951,0.1816,16.3843
115.404,-0.8782,0.1894,-0.4317,15.9876,16.5273,17.4951,0.1818,16.3836
115.404,-0.8784,0.1894,-0.4314,15.9876,16.5268,17.4951,0.1816,16.3836
115.405,-0.8784,0.1897,-0.4311,15.9876,16.5268,17.4952,0.1816,16.3836
115.502,-0.8784,0.1897,-0.4311,15.9976,16.5367,17.5051,0.1816,16.3936
115.502,-0.8781,0.1900,-0.4311,15.9970,16.5367,17.5051,0.1819,16.3930
115.502,-0.8783,0.1900,-0.4309,15.9970,16.5361,17.5051,0.1817,16.3930
115.502,-0.8783,0.1903,-0.4306,15.9970,16.5361,17.5053,0.1817,16.3930
115.600,-0.8783,0.1903,-0.4306,16.0069,16.5461,17.5152,0.1817,16.4029
115.600,-0.8781,0.1905,-0.4306,16.0063,16.5461,17.5152,0.1819,16.4023
115.600,-0.8783,0.1905,-0.4304,16.0063,16.5455,17.5152,0.1817,16.4023
115.600,-0.8783,0.1908,-0.4301,16.0063,16.5455,17.5153,0.1817,16.4023
115.693,-0.8783,0.1908,-0.4301,16.0163,16.5555,17.5253,0.1817,16.4123
115.694,-0.8781,0.1911,-0.4301,16.0157,16.5555,17.5253,0.1819,16.4117
115.694,-0.8783,0.1911,-0.4298,16.0157,16.5549,17.5253,0.1817,16.4117
115.694,-0.8783,0.1914,-0.4295,16.0157,16.5549,17.5254,0.1817,16.4117
115.794,-0.8783,0.1914,-0.4295,16.0157,16.5549,17.5254,0.1817,16.4117
115.800,-0.8783,0.1914,-0.4295,16.0256,16.5649,17.5354,0.1817,16.4216
115.800,-0.8781,0.1916,-0.4295,16.0250,16.5649,17.5354,0.1819,16.4210
115.800,-0.8783,0.1916,-0.4293,16.0250,16.5643,17.5354,0.1817,16.4210
115.800,-0.8783,0.1919,-0.4290,16.0250,16.5643,17.5355,0.1817,16.4210
115.900,-0.8783,0.1919,-0.4290,16.0250,16.5643,17.5355,0.1817,16.4210
115.906,-0.8783,0.1919,-0.4290,16.0350,16.5743,17.5454,0.1817,16.4310
115.906,-0.8781,0.1921,-0.4290,16.0344,16.5743,17.5454,0.1819,16.4304
115.906,-0.8784,0.1921,-0.4287,16.0344,16.5737,17.5454,0.1816,16.4304
115.907,-0.8784,0.1924,-0.4285,16.0344,16.5737,17.5456,0.1816,16.4304
116.002,-0.8784,0.1924,-0.4285,16.0444,16.5837,17.5555,0.1816,16.4404
116.002,-0.8782,0.1926,-0.4285,16.0438,16.5837,17.5555,0.1818,16.4398
116.002,-0.8784,0.1926,-0.4282,16.0438,16.5831,17.5555,0.1816,16.4398
116.002,-0.8784,0.1929,-0.4279,16.0438,16.5831,17.5556,0.1816,16.4398
116.098,-0.8784,0.1929,-0.4279,16.0538,16.5931,17.5656,0.1816,16.4498
116.098,-0.8782,0.1931,-0.4279,16.0532,16.5931,17.5656,0.1818,16.4492
116.098,-0.8784,0.1931,-0.4276,16.0532,16.5925,17.5656,0.1816,16.4492
116.098,-0.8784,0.1934,-0.4274,16.0532,16.5925,17.5657,0.1816,16.4492
116.199,-0.8784,0.1934,-0.4274,16.0532,16.5925,17.5657,0.1816,16.4492
116.202,-0.8784,0.1934,-0.4274,16.0632,16.6025,17.5757,0.1816,16.4592
116.202,-0.8782,0.1936,-0.4274,16.0626,16.6025,17.5757,0.1818,16.4586
116.202,-0.8785,0.1936,-0.4271,16.0626,16.6019,17.5757,0.1815,16.4586
116.202,-0.8785,0.1939,-0.4268,16.0626,16.6019,17.5758,0.1815,16.4586
116.298,-0.8785,0.1939,-0.4268,16.0726,16.6119,17.5858,0.1815,16.4686
116.298,-0.8783,0.1941,-0.4268,16.0720,16.6119,17.5858,0.1817,16.4680
116.298,-0.8785,0.1941,-0.4265,16.0720,16.6113,17.5858,0.1815,16.4680
116.299,-0.8785,0.1944,-0.4263,16.0720,16.6113,17.5859,0.1815,16.4680
116.399,-0.8785,0.1944,-0.4263,16.0720,16.6113,17.5859,0.1815,16.4680
116.404,-0.8785,0.1944,-0.4263,16.0820,16.6213,17.5959,0.1815,16.4780
116.404,-0.8783,0.1947,-0.4263,16.0814,16.6213,17.5959,0.1817,16.4774
116.404,-0.8785,0.1947,-0.4260,16.0814,16.6207,17.5959,0.1815,16.4774
116.404,-0.8785,0.1949,-0.4257,16.0814,16.6207,17.5960,0.1815,16.4774
116.499,-0.8785,0.1949,-0.4257,16.0913,16.6306,17.6059,0.1815,16.4873
116.500,-0.8783,0.1952,-0.4257,16.0907,16.6306,17.6059,0.1817,16.4867
116.500,-0.8785,0.1952,-0.4255,16.0907,16.6301,17.6059,0.1815,16.4867
116.500,-0.8785,0.1955,-0.4252,16.0907,16.6301,17.6060,0.1815,16.4867
116.601,-0.8785,0.1955,-0.4252,16.0907,16.6301,17.6060,0.1815,16.4867
116.605,-0.8785,0.1955,-0.4252,16.1006,16.6400,17.6160,0.1815,16.4966
116.605,-0.8783,0.1958,-0.4252,16.1000,16.6400,17.6160,0.1817,16.4960
116.605,-0.8785,0.1958,-0.4249,16.1000,16.6395,17.6160,0.1815,16.4960
116.606,-0.8785,0.1960,-0.4246,16.1000,16.6395,17.6161,0.1815,16.4960
116.701,-0.8785,0.1960,-0.4246,16.1099,16.6494,17.6260,0.1815,16.5059
116.701,-0.8782,0.1963,-0.4246,16.1093,16.6494,17.6260,0.1818,16.5053
116.701,-0.8784,0.1963,-0.4244,16.1093,16.6488,17.6260,0.1816,16.5053
116.702,-0.8784,0.1966,-0.4241,16.1093,16.6488,17.6261,0.1816,16.5053
116.792,-0.8784,0.1966,-0.4241,16.1192,16.6588,17.6360,0.1816,16.5152
116.792,-0.8782,0.1969,-0.4241,16.1186,16.6588,17.6360,0.1818,16.5146
116.792,-0.8784,0.1969,-0.4239,16.1186,16.6582,17.6360,0.1816,16.5146
116.792,-0.8784,0.1972,-0.4236,16.1186,16.6582,17.6362,0.1816,16.5146
116.893,-0.8784,0.1972,-0.4236,16.1186,16.6582,17.6362,0.1816,16.5146
116.898,-0.8784,0.1972,-0.4236,16.1285,16.6682,17.6461,0.1816,16.5245
116.898,-0.8782,0.1974,-0.4236,16.1279,16.6682,17.6461,0.1818,16.5239
116.898,-0.8784,0.1974,-0.4233,16.1279,16.6676,17.6461,0.1816,16.5239
116.899,-0.8784,0.1977,-0.4230,16.1279,16.6676,17.6462,0.1816,16.5239
116.999,-0.8784,0.1977,-0.4230,16.1279,16.6676,17.6462,0.1816,16.5239
117.004,-0.8784,0.1977,-0.4230,16.1379,16.6776,17.6562,0.1816,16.5339
117.005,-0.8782,0.1980,-0.4230,16.1372,16.6776,17.6562,0.1818,16.5332
117.005,-0.8784,0.1980,-0.4228,16.1372,16.6770,17.6562,0.1816,16.5332
117.005,-0.8784,0.1983,-0.4225,16.1372,16.6770,17.6563,0.1816,16.5332
117.099,-0.8784,0.1983,-0.4225,16.1472,16.6870,17.6662,0.1816,16.5432
117.099,-0.8782,0.1985,-0.4225,16.1466,16.6870,17.6662,0.1818,16.5426
117.100,-0.8784,0.1985,-0.4222,16.1466,16.6864,17.6662,0.1816,16.5426
117.100,-0.8784,0.1988,-0.4220,16.1466,16.6864,17.6663,0.1816,16.5426
117.200,-0.8784,0.1988,-0.4220,16.1466,16.6864,17.6663,0.1816,16.5426
117.206,-0.8784,0.1988,-0.4220,16.1566,16.6963,17.6763,0.1816,16.5526
117.206,-0.8782,0.1990,-0.4220,16.1560,16.6963,17.6763,0.1818,16.5520
117.206,-0.8784,0.1990,-0.4217,16.1560,16.6958,17.6763,0.1816,16.5520
117.206,-0.8784,0.1993,-0.4214,16.1560,16.6958,17.6764,0.1816,16.5520
117.300,-0.8784,0.1993,-0.4214,16.1659,16.7057,17.6863,0.1816,16.5619
117.301,-0.8782,0.1995,-0.4214,16.1653,16.7057,17.6863,0.1818,16.5613
117.301,-0.8784,0.1995,-0.4212,16.1653,16.7051,17.6863,0.1816,16.5613
117.301,-0.8784,0.1998,-0.4209,16.1653,16.7051,17.6865,0.1816,16.5613
117.396,-0.8784,0.1998,-0.4209,16.1753,16.7151,17.6964,0.1816,16.5713
117.396,-0.8782,0.2000,-0.4209,16.1747,16.7151,17.6964,0.1818,16.5707
117.396,-0.8784,0.2000,-0.4206,16.1747,16.7145,17.6964,0.1816,16.5707
117.396,-0.8784,0.2003,-0.4203,16.1747,16.7145,17.6965,0.1816,16.5707
117.497,-0.8784,0.2003,-0.4203,16.1747,16.7145,17.6965,0.1816,16.5707
117.499,-0.8784,0.2003,-0.4203,16.1847,16.7245,17.7065,0.1816,16.5807
117.499,-0.8783,0.2005,-0.4203,16.1841,16.7245,17.7065,0.1817,16.5801
117.499,-0.8785,0.2005,-0.4201,16.1841,16.7239,17.7065,0.1815,16.5801
117.499,-0.8785,0.2008,-0.4198,16.1841,16.7239,17.7066,0.1815,16.5801
117.599,-0.8785,0.2008,-0.4198,16.1841,16.7239,17.7066,0.1815,16.5801
117.605,-0.8785,0.2008,-0.4198,16.1940,16.7338,17.7165,0.1815,16.5900
117.608,-0.8783,0.2010,-0.4198,16.1935,16.7338,17.7165,0.1817,16.5895
117.608,-0.8785,0.2010,-0.4195,16.1935,16.7333,17.7165,0.1815,16.5895
117.608,-0.8785,0.2013,-0.4192,16.1935,16.7333,17.7166,0.1815,16.5895
117.701,-0.8785,0.2013,-0.4192,16.2034,16.7432,17.7266,0.1815,16.5994
117.701,-0.8783,0.2016,-0.4192,16.2028,16.7432,17.7266,0.1817,16.5988
117.701,-0.8785,0.2016,-0.4190,16.2028,16.7426,17.7266,0.1815,16.5988
117.702,-0.8785,0.2018,-0.4187,16.2028,16.7426,17.7267,0.1815,16.5988
117.798,-0.8785,0.2018,-0.4187,16.2128,16.7526,17.7367,0.1815,16.6088
117.798,-0.8783,0.2021,-0.4187,16.2122,16.7526,17.7367,0.1817,16.6082
117.799,-0.8785,0.2021,-0.4184,16.2122,16.7520,17.7367,0.1815,16.6082
117.799,-0.8785,0.2024,-0.4181,16.2122,16.7520,17.7368,0.1815,16.6082
117.899,-0.8785,0.2024,-0.4181,16.2122,16.7520,17.7368,0.1815,16.6082
117.902,-0.8785,0.2024,-0.4181,16.2222,16.7620,17.7467,0.1815,16.6182
117.902,-0.8783,0.2026,-0.4181,16.2215,16.7620,17.7467,0.1817,16.6175
117.902,-0.8785,0.2026,-0.4179,16.2215,16.7614,17.7467,0.1815,16.6175
117.902,-0.8785,0.2029,-0.4176,16.2215,16.7614,17.7469,0.1815,16.6175
117.998,-0.8785,0.2029,-0.4176,16.2315,16.7714,17.7568,0.1815,16.6275
117.998,-0.8783,0.2032,-0.4176,16.2309,16.7714,17.7568,0.1817,16.6269
117.998,-0.8785,0.2032,-0.4173,16.2309,16.7709,17.7568,0.1815,16.6269
117.998,-0.8785,0.2035,-0.4171,16.2309,16.7709,17.7569,0.1815,16.6269
118.099,-0.8785,0.2035,-0.4171,16.2309,16.7709,17.7569,0.1815,16.6269
118.104,-0.8785,0.2035,-0.4171,16.2408,16.7808,17.7669,0.1815,16.6368
118.104,-0.8783,0.2037,-0.4171,16.2402,16.7808,17.7669,0.1817,16.6362
118.104,-0.8785,0.2037,-0.4168,16.2402,16.7803,17.7669,0.1815,16.6362
118.104,-0.8785,0.2040,-0.4165,16.2402,16.7803,17.7670,0.1815,16.6362
118.198,-0.8785,0.2040,-0.4165,16.2501,16.7902,17.7769,0.1815,16.6461
118.198,-0.8782,0.2043,-0.4165,16.2495,16.7902,17.7769,0.1818,16.6455
118.198,-0.8784,0.2043,-0.4163,16.2495,16.7896,17.7769,0.1816,16.6455
118.198,-0.8784,0.2046,-0.4160,16.2495,16.7896,17.7770,0.1816,16.6455
118.298,-0.8784,0.2046,-0.4160,16.2495,16.7896,17.7770,0.1816,16.6455
118.303,-0.8784,0.2046,-0.4160,16.2595,16.7996,17.7870,0.1816,16.6555
118.303,-0.8782,0.2049,-0.4160,16.2588,16.7996,17.7870,0.1818,16.6548
118.303,-0.8784,0.2049,-0.4157,16.2588,16.7990,17.7870,0.1816,16.6548
118.303,-0.8784,0.2051,-0.4154,16.2588,16.7990,17.7871,0.1816,16.6548
118.398,-0.8784,0.2051,-0.4154,16.2688,16.8090,17.7970,0.1816,16.6648
118.399,-0.8782,0.2054,-0.4154,16.2682,16.8090,17.7970,0.1818,16.6642
118.399,-0.8784,0.2054,-0.4152,16.2682,16.8084,17.7970,0.1816,16.6642
118.399,-0.8784,0.2057,-0.4149,16.2682,16.8084,17.7972,0.1816,16.6642
118.499,-0.8784,0.2057,-0.4149,16.2682,16.8084,17.7972,0.1816,16.6642
118.504,-0.8784,0.2057,-0.4149,16.2781,16.8184,17.8071,0.1816,16.6741
118.504,-0.8782,0.2059,-0.4149,16.2775,16.8184,17.8071,0.1818,16.6735
118.504,-0.8784,0.2059,-0.4146,16.2775,16.8178,17.8071,0.1816,16.6735
118.504,-0.8784,0.2062,-0.4144,16.2775,16.8178,17.8072,0.1816,16.6735
118.599,-0.8784,0.2062,-0.4144,16.2875,16.8278,17.8172,0.1816,16.6835
118.599,-0.8782,0.2064,-0.4144,16.2869,16.8278,17.8172,0.1818,16.6829
118.600,-0.8784,0.2064,-0.4141,16.2869,16.8272,17.8172,0.1816,16.6829
118.600,-0.8784,0.2067,-0.4138,16.2869,16.8272,17.8173,0.1816,16.6829
118.700,-0.8784,0.2067,-0.4138,16.2869,16.8272,17.8173,0.1816,16.6829
118.706,-0.8784,0.2067,-0.4138,16.2969,16.8372,17.8273,0.1816,16.6929
118.706,-0.8783,0.2069,-0.4138,16.2963,16.8372,17.8273,0.1817,16.6923
118.706,-0.8785,0.2069,-0.4136,16.2963,16.8366,17.8273,0.1815,16.6923
118.706,-0.8785,0.2072,-0.4133,16.2963,16.8366,17.8274,0.1815,16.6923
118.802,-0.8785,0.2072,-0.4133,16.3063,16.8466,17.8373,0.1815,16.7023
118.802,-0.8783,0.2074,-0.4133,16.3057,16.8466,17.8373,0.1817,16.7017
118.802,-0.8785,0.2074,-0.4130,16.3057,16.8460,17.8373,0.1815,16.7017
118.802,-0.8785,0.2077,-0.4127,16.3057,16.8460,17.8375,0.1815,16.7017
118.897,-0.8785,0.2077,-0.4127,16.3157,16.8560,17.8474,0.1815,16.7117
118.898,-0.8783,0.2079,-0.4127,16.3151,16.8560,17.8474,0.1817,16.7111
118.898,-0.8785,0.2079,-0.4125,16.3151,16.8554,17.8474,0.1815,16.7111
118.898,-0.8785,0.2082,-0.4122,16.3151,16.8554,17.8475,0.1815,16.7111
118.998,-0.8785,0.2082,-0.4122,16.3151,16.8554,17.8475,0.1815,16.7111
119.009,-0.8785,0.2082,-0.4122,16.3251,16.8654,17.8575,0.1815,16.7211
119.010,-0.8784,0.2085,-0.4122,16.3245,16.8654,17.8575,0.1816,16.7205
119.010,-0.8786,0.2085,-0.4119,16.3245,16.8648,17.8575,0.1814,16.7205
119.010,-0.8786,0.2087,-0.4116,16.3245,16.8648,17.8576,0.1814,16.7205
119.110,-0.8786,0.2087,-0.4116,16.3245,16.8648,17.8576,0.1814,16.7205
119.112,-0.8786,0.2087,-0.4116,16.3345,16.8748,17.8676,0.1814,16.7305
119.112,-0.8784,0.2090,-0.4116,16.3339,16.8748,17.8676,0.1816,16.7299
119.112,-0.8786,0.2090,-0.4114,16.3339,16.8742,17.8676,0.1814,16.7299
119.112,-0.8786,0.2093,-0.4111,16.3339,16.8742,17.8677,0.1814,16.7299
119.197,-0.8786,0.2093,-0.4111,16.3439,16.8842,17.8777,0.1814,16.7399
119.197,-0.8784,0.2095,-0.4111,16.3433,16.8842,17.8777,0.1816,16.7393
119.197,-0.8786,0.2095,-0.4108,16.3433,16.8836,17.8777,0.1814,16.7393
119.197,-0.8786,0.2098,-0.4105,16.3433,16.8836,17.8778,0.1814,16.7393
119.298,-0.8786,0.2098,-0.4105,16.3433,16.8836,17.8778,0.1814,16.7393
119.302,-0.8786,0.2098,-0.4105,16.3532,16.8936,17.8877,0.1814,16.7492
119.303,-0.8784,0.2101,-0.4105,16.3526,16.8936,17.8877,0.1816,16.7486
119.303,-0.8786,0.2101,-0.4103,16.3526,16.8930,17.8877,0.1814,16.7486
119.303,-0.8786,0.2103,-0.4100,16.3526,16.8930,17.8878,0.1814,16.7486
119.397,-0.8786,0.2103,-0.4100,16.3626,16.9029,17.8978,0.1814,16.7586
119.398,-0.8784,0.2106,-0.4100,16.3619,16.9029,17.8978,0.1816,16.7579
119.398,-0.8786,0.2106,-0.4097,16.3619,16.9024,17.8978,0.1814,16.7579
119.398,-0.8786,0.2109,-0.4094,16.3619,16.9024,17.8979,0.1814,16.7579
119.498,-0.8786,0.2109,-0.4094,16.3619,16.9024,17.8979,0.1814,16.7579
119.503,-0.8786,0.2109,-0.4094,16.3719,16.9123,17.9078,0.1814,16.7679
119.503,-0.8783,0.2112,-0.4094,16.3712,16.9123,17.9078,0.1817,16.7672
119.503,-0.8785,0.2112,-0.4092,16.3712,16.9118,17.9078,0.1815,16.7672
119.503,-0.8785,0.2115,-0.4089,16.3712,16.9118,17.9079,0.1815,16.7672
119.600,-0.8785,0.2115,-0.4089,16.3812,16.9217,17.9178,0.1815,16.7772
119.600,-0.8783,0.2117,-0.4089,16.3805,16.9217,17.9178,0.1817,16.7765
119.600,-0.8785,0.2117,-0.4087,16.3805,16.9212,17.9178,0.1815,16.7765
119.600,-0.8785,0.2120,-0.4084,16.3805,16.9212,17.9180,0.1815,16.7765
119.700,-0.8785,0.2120,-0.4084,16.3805,16.9212,17.9180,0.1815,16.7765
119.706,-0.8785,0.2120,-0.4084,16.3905,16.9311,17.9279,0.1815,16.7865
119.706,-0.8783,0.2123,-0.4084,16.3899,16.9311,17.9279,0.1817,16.7859
119.706,-0.8785,0.2123,-0.4081,16.3899,16.9305,17.9279,0.1815,16.7859
119.706,-0.8785,0.2126,-0.4078,16.3899,16.9305,17.9280,0.1815,16.7859
119.801,-0.8785,0.2126,-0.4078,16.3998,16.9405,17.9380,0.1815,16.7958
119.802,-0.8783,0.2128,-0.4078,16.3992,16.9405,17.9380,0.1817,16.7952
119.802,-0.8785,0.2128,-0.4076,16.3992,16.9399,17.9380,0.1815,16.7952
119.802,-0.8785,0.2131,-0.4073,16.3992,16.9399,17.9381,0.1815,16.7952
119.898,-0.8785,0.2131,-0.4073,16.4092,16.9499,17.9480,0.1815,16.8052
119.898,-0.8783,0.2133,-0.4073,16.4086,16.9499,17.9480,0.1817,16.8046
119.898,-0.8785,0.2133,-0.4070,16.4086,16.9493,17.9480,0.1815,16.8046
119.898,-0.8785,0.2136,-0.4068,16.4086,16.9493,17.9481,0.1815,16.8046
119.999,-0.8785,0.2136,-0.4068,16.4086,16.9493,17.9481,0.1815,16.8046
120.011,-0.8785,0.2136,-0.4068,16.4185,16.9593,17.9581,0.1815,16.8145
120.011,-0.8783,0.2138,-0.4068,16.4180,16.9593,17.9581,0.1817,16.8140
120.012,-0.8785,0.2138,-0.4065,16.4180,16.9587,17.9581,0.1815,16.8140
120.012,-0.8785,0.2141,-0.4062,16.4180,16.9587,17.9582,0.1815,16.8140
120.096,-0.8785,0.2141,-0.4062,16.4279,16.9687,17.9682,0.1815,16.8239
120.096,-0.8783,0.2143,-0.4062,16.4274,16.9687,17.9682,0.1817,16.8234
120.096,-0.8786,0.2143,-0.4059,16.4274,16.9681,17.9682,0.1814,16.8234
120.097,-0.8786,0.2146,-0.4057,16.4274,16.9681,17.9683,0.1814,16.8234
120.197,-0.8786,0.2146,-0.4057,16.4274,16.9681,17.9683,0.1814,16.8234
120.202,-0.8786,0.2146,-0.4057,16.4373,16.9781,17.9782,0.1814,16.8333
120.202,-0.8784,0.2148,-0.4057,16.4368,16.9781,17.9782,0.1816,16.8328
120.202,-0.8786,0.2148,-0.4054,16.4368,16.9775,17.9782,0.1814,16.8328
120.202,-0.8786,0.2151,-0.4051,16.4368,16.9775,17.9784,0.1814,16.8328
120.297,-0.8786,0.2151,-0.4051,16.4467,16.9875,17.9883,0.1814,16.8427
120.298,-0.8784,0.2153,-0.4051,16.4462,16.9875,17.9883,0.1816,16.8422
120.298,-0.8786,0.2153,-0.4048,16.4462,16.9869,17.9883,0.1814,16.8422
120.298,-0.8786,0.2156,-0.4046,16.4462,16.9869,17.9884,0.1814,16.8422
120.398,-0.8786,0.2156,-0.4046,16.4462,16.9869,17.9884,0.1814,16.8422
120.405,-0.8786,0.2156,-0.4046,16.4561,16.9969,17.9984,0.1814,16.8521
120.406,-0.8784,0.2159,-0.4046,16.4556,16.9969,17.9984,0.1816,16.8516
120.406,-0.8787,0.2159,-0.4043,16.4556,16.9963,17.9984,0.1813,16.8516
120.406,-0.8787,0.2161,-0.4040,16.4556,16.9963,17.9985,0.1813,16.8516
120.501,-0.8787,0.2161,-0.4040,16.4655,17.0063,18.0085,0.1813,16.8615
120.501,-0.8785,0.2164,-0.4040,16.4649,17.0063,18.0085,0.1815,16.8609
120.501,-0.8787,0.2164,-0.4037,16.4649,17.0057,18.0085,0.1813,16.8609
120.501,-0.8787,0.2167,-0.4035,16.4649,17.0057,18.0086,0.1813,16.8609
120.596,-0.8787,0.2167,-0.4035,16.4749,17.0157,18.0185,0.1813,16.8709
120.597,-0.8785,0.2169,-0.4035,16.4743,17.0157,18.0185,0.1815,16.8703
120.597,-0.8787,0.2169,-0.4032,16.4743,17.0151,18.0185,0.1813,16.8703
120.597,-0.8787,0.2172,-0.4029,16.4743,17.0151,18.0187,0.1813,16.8703
120.697,-0.8787,0.2172,-0.4029,16.4743,17.0151,18.0187,0.1813,16.8703
120.709,-0.8787,0.2172,-0.4029,16.4843,17.0250,18.0286,0.1813,16.8803
120.709,-0.8785,0.2175,-0.4029,16.4836,17.0250,18.0286,0.1815,16.8796
120.709,-0.8787,0.2175,-0.4026,16.4836,17.0245,18.0286,0.1813,16.8796
120.709,-0.8787,0.2178,-0.4024,16.4836,17.0245,18.0287,0.1813,16.8796
120.805,-0.8787,0.2178,-0.4024,16.4936,17.0344,18.0387,0.1813,16.8896
120.805,-0.8784,0.2180,-0.4024,16.4930,17.0344,18.0387,0.1816,16.8890
120.805,-0.8786,0.2180,-0.4021,16.4930,17.0339,18.0387,0.1814,16.8890
120.805,-0.8786,0.2183,-0.4018,16.4930,17.0339,18.0388,0.1814,16.8890
120.902,-0.8786,0.2183,-0.4018,16.5029,17.0438,18.0487,0.1814,16.8989
120.902,-0.8784,0.2186,-0.4018,16.5023,17.0438,18.0487,0.1816,16.8983
120.902,-0.8786,0.2186,-0.4016,16.5023,17.0433,18.0487,0.1814,16.8983
120.902,-0.8786,0.2189,-0.4013,16.5023,17.0433,18.0488,0.1814,16.8983
120.999,-0.8786,0.2189,-0.4013,16.5122,17.0532,18.0587,0.1814,16.9082
120.999,-0.8784,0.2191,-0.4013,16.5116,17.0532,18.0587,0.1816,16.9076
120.999,-0.8786,0.2191,-0.4010,16.5116,17.0527,18.0587,0.1814,16.9076
120.999,-0.8786,0.2194,-0.4008,16.5116,17.0527,18.0589,0.1814,16.9076
121.099,-0.8786,0.2194,-0.4008,16.5116,17.0527,18.0589,0.1814,16.9076
121.105,-0.8786,0.2194,-0.4008,16.5215,17.0626,18.0688,0.1814,16.9175
121.105,-0.8784,0.2197,-0.4008,16.5209,17.0626,18.0688,0.1816,16.9169
121.105,-0.8786,0.2197,-0.4005,16.5209,17.0621,18.0688,0.1814,16.9169
121.105,-0.8786,0.2200,-0.4002,16.5209,17.0621,18.0689,0.1814,16.9169
121.201,-0.8786,0.2200,-0.4002,16.5309,17.0720,18.0789,0.1814,16.9269
121.202,-0.8784,0.2202,-0.4002,16.5303,17.0720,18.0789,0.1816,16.9263
121.202,-0.8786,0.2202,-0.3999,16.5303,17.0714,18.0789,0.1814,16.9263
121.202,-0.8786,0.2205,-0.3997,16.5303,17.0714,18.0790,0.1814,16.9263
121.296,-0.8786,0.2205,-0.3997,16.5403,17.0814,18.0889,0.1814,16.9363
121.296,-0.8784,0.2207,-0.3997,16.5397,17.0814,18.0889,0.1816,16.9357
121.296,-0.8786,0.2207,-0.3994,16.5397,17.0808,18.0889,0.1814,16.9357
121.296,-0.8786,0.2210,-0.3991,16.5397,17.0808,18.0891,0.1814,16.9357
121.396,-0.8786,0.2210,-0.3991,16.5397,17.0808,18.0891,0.1814,16.9357
121.401,-0.8786,0.2210,-0.3991,16.5497,17.0908,18.0990,0.1814,16.9457
121.401,-0.8784,0.2212,-0.3991,16.5491,17.0908,18.0990,0.1816,16.9451
121.401,-0.8786,0.2212,-0.3989,16.5491,17.0902,18.0990,0.1814,16.9451
121.401,-0.8786,0.2215,-0.3986,16.5491,17.0902,18.0991,0.1814,16.9451
121.497,-0.8786,0.2215,-0.3986,16.5591,17.1002,18.1091,0.1814,16.9551
121.497,-0.8784,0.2217,-0.3986,16.5585,17.1002,18.1091,0.1816,16.9545
121.497,-0.8786,0.2217,-0.3983,16.5585,17.0997,18.1091,0.1814,16.9545
121.497,-0.8786,0.2220,-0.3980,16.5585,17.0997,18.1092,0.1814,16.9545
121.598,-0.8786,0.2220,-0.3980,16.5585,17.0997,18.1092,0.1814,16.9545
121.601,-0.8786,0.2220,-0.3980,16.5685,17.1096,18.1192,0.1814,16.9645
121.601,-0.8785,0.2222,-0.3980,16.5679,17.1096,18.1192,0.1815,16.9639
121.601,-0.8787,0.2222,-0.3978,16.5679,17.1091,18.1192,0.1813,16.9639
121.601,-0.8787,0.2225,-0.3975,16.5679,17.1091,18.1193,0.1813,16.9639
121.697,-0.8787,0.2225,-0.3975,16.5779,17.1190,18.1293,0.1813,16.9739
121.697,-0.8785,0.2228,-0.3975,16.5773,17.1190,18.1293,0.1815,16.9733
121.697,-0.8787,0.2228,-0.3972,16.5773,17.1185,18.1293,0.1813,16.9733
121.697,-0.8787,0.2230,-0.3969,16.5773,17.1185,18.1294,0.1813,16.9733
121.797,-0.8787,0.2230,-0.3969,16.5773,17.1185,18.1294,0.1813,16.9733
121.803,-0.8787,0.2230,-0.3969,16.5873,17.1284,18.1394,0.1813,16.9833
121.803,-0.8785,0.2233,-0.3969,16.5867,17.1284,18.1394,0.1815,16.9827
121.803,-0.8787,0.2233,-0.3966,16.5867,17.1279,18.1394,0.1813,16.9827
121.803,-0.8787,0.2236,-0.3964,16.5867,17.1279,18.1395,0.1813,16.9827
121.899,-0.8787,0.2236,-0.3964,16.5967,17.1378,18.1494,0.1813,16.9927
121.899,-0.8786,0.2238,-0.3964,16.5961,17.1378,18.1494,0.1814,16.9921
121.900,-0.8788,0.2238,-0.3961,16.5961,17.1373,18.1494,0.1812,16.9921
121.900,-0.8788,0.2241,-0.3958,16.5961,17.1373,18.1495,0.1812,16.9921
122.000,-0.8788,0.2241,-0.3958,16.5961,17.1373,18.1495,0.1812,16.9921
122.006,-0.8788,0.2241,-0.3958,16.6061,17.1472,18.1595,0.1812,17.0021
122.006,-0.8786,0.2243,-0.3958,16.6054,17.1472,18.1595,0.1814,17.0014
122.006,-0.8788,0.2243,-0.3956,16.6054,17.1467,18.1595,0.1812,17.0014
122.006,-0.8788,0.2246,-0.3953,16.6054,17.1467,18.1596,0.1812,17.0014
122.102,-0.8788,0.2246,-0.3953,16.6154,17.1566,18.1695,0.1812,17.0114
122.102,-0.8785,0.2249,-0.3953,16.6148,17.1566,18.1695,0.1815,17.0108
122.103,-0.8787,0.2249,-0.3950,16.6148,17.1560,18.1695,0.1813,17.0108
122.103,-0.8787,0.2252,-0.3947,16.6148,17.1560,18.1697,0.1813,17.0108
122.198,-0.8787,0.2252,-0.3947,16.6247,17.1660,18.1796,0.1813,17.0207
122.198,-0.8785,0.2254,-0.3947,16.6241,17.1660,18.1796,0.1815,17.0201
122.198,-0.8787,0.2254,-0.3945,16.6241,17.1654,18.1796,0.1813,17.0201
122.198,-0.8787,0.2257,-0.3942,16.6241,17.1654,18.1797,0.1813,17.0201
122.298,-0.8787,0.2257,-0.3942,16.6241,17.1654,18.1797,0.1813,17.0201
122.305,-0.8787,0.2257,-0.3942,16.6340,17.1754,18.1896,0.1813,17.0300
122.305,-0.8785,0.2260,-0.3942,16.6334,17.1754,18.1896,0.1815,17.0294
122.305,-0.8787,0.2260,-0.3939,16.6334,17.1748,18.1896,0.1813,17.0294
122.305,-0.8787,0.2263,-0.3937,16.6334,17.1748,18.1897,0.1813,17.0294
122.398,-0.8787,0.2263,-0.3937,16.6433,17.1848,18.1997,0.1813,17.0393
122.398,-0.8785,0.2266,-0.3937,16.6427,17.1848,18.1997,0.1815,17.0387
122.399,-0.8787,0.2266,-0.3934,16.6427,17.1842,18.1997,0.1813,17.0387
122.399,-0.8787,0.2268,-0.3931,16.6427,17.1842,18.1998,0.1813,17.0387
122.499,-0.8787,0.2268,-0.3931,16.6427,17.1842,18.1998,0.1813,17.0387
122.504,-0.8787,0.2268,-0.3931,16.6527,17.1942,18.2097,0.1813,17.0487
122.504,-0.8785,0.2271,-0.3931,16.6521,17.1942,18.2097,0.1815,17.0481
122.504,-0.8787,0.2271,-0.3929,16.6521,17.1936,18.2097,0.1813,17.0481
122.504,-0.8787,0.2274,-0.3926,16.6521,17.1936,18.2099,0.1813,17.0481
122.599,-0.8787,0.2274,-0.3926,16.6620,17.2036,18.2198,0.1813,17.0580
122.599,-0.8785,0.2276,-0.3926,16.6614,17.2036,18.2198,0.1815,17.0574
122.599,-0.8787,0.2276,-0.3923,16.6614,17.2030,18.2198,0.1813,17.0574
122.599,-0.8787,0.2279,-0.3920,16.6614,17.2030,18.2199,0.1813,17.0574
122.700,-0.8787,0.2279,-0.3920,16.6614,17.2030,18.2199,0.1813,17.0574
122.704,-0.8787,0.2279,-0.3920,16.6714,17.2130,18.2299,0.1813,17.0674
122.709,-0.8785,0.2282,-0.3920,16.6708,17.2130,18.2299,0.1815,17.0668
122.709,-0.8787,0.2282,-0.3918,16.6708,17.2124,18.2299,0.1813,17.0668
122.709,-0.8787,0.2284,-0.3915,16.6708,17.2124,18.2300,0.1813,17.0668
122.801,-0.8787,0.2284,-0.3915,16.6808,17.2224,18.2399,0.1813,17.0768
122.801,-0.8785,0.2287,-0.3915,16.6802,17.2224,18.2399,0.1815,17.0762
122.801,-0.8787,0.2287,-0.3912,16.6802,17.2218,18.2399,0.1813,17.0762
122.801,-0.8787,0.2289,-0.3909,16.6802,17.2218,18.2401,0.1813,17.0762
122.897,-0.8787,0.2289,-0.3909,16.6902,17.2318,18.2500,0.1813,17.0862
122.897,-0.8785,0.2292,-0.3909,16.6896,17.2318,18.2500,0.1815,17.0856
122.897,-0.8787,0.2292,-0.3907,16.6896,17.2312,18.2500,0.1813,17.0856
122.897,-0.8787,0.2294,-0.3904,16.6896,17.2312,18.2501,0.1813,17.0856
122.998,-0.8787,0.2294,-0.3904,16.6896,17.2312,18.2501,0.1813,17.0856
123.003,-0.8787,0.2294,-0.3904,16.6996,17.2411,18.2601,0.1813,17.0956
123.003,-0.8786,0.2297,-0.3904,16.6990,17.2411,18.2601,0.1814,17.0950
123.003,-0.8788,0.2297,-0.3901,16.6990,17.2406,18.2601,0.1812,17.0950
123.003,-0.8788,0.2300,-0.3898,16.6990,17.2406,18.2602,0.1812,17.0950
123.098,-0.8788,0.2300,-0.3898,16.7090,17.2505,18.2701,0.1812,17.1050
123.098,-0.8786,0.2302,-0.3898,16.7084,17.2505,18.2701,0.1814,17.1044
123.098,-0.8788,0.2302,-0.3896,16.7084,17.2500,18.2701,0.1812,17.1044
123.099,-0.8788,0.2305,-0.3893,16.7084,17.2500,18.2703,0.1812,17.1044
123.199,-0.8788,0.2305,-0.3893,16.7084,17.2500,18.2703,0.1812,17.1044
123.203,-0.8788,0.2305,-0.3893,16.7184,17.2599,18.2802,0.1812,17.1144
123.203,-0.8786,0.2307,-0.3893,16.7178,17.2599,18.2802,0.1814,17.1138
123.203,-0.8788,0.2307,-0.3890,16.7178,17.2593,18.2802,0.1812,17.1138
123.204,-0.8788,0.2310,-0.3887,16.7178,17.2593,18.2803,0.1812,17.1138
123.300,-0.8788,0.2310,-0.3887,16.7278,17.2693,18.2903,0.1812,17.1238
123.300,-0.8786,0.2312,-0.3887,16.7271,17.2693,18.2903,0.1814,17.1231
123.300,-0.8788,0.2312,-0.3884,16.7271,17.2687,18.2903,0.1812,17.1231
123.300,-0.8788,0.2315,-0.3882,16.7271,17.2687,18.2904,0.1812,17.1231
123.389,-0.8788,0.2315,-0.3882,16.7371,17.2787,18.3004,0.1812,17.1331
123.389,-0.8786,0.2318,-0.3882,16.7365,17.2787,18.3004,0.1814,17.1325
123.389,-0.8788,0.2318,-0.3879,16.7365,17.2782,18.3004,0.1812,17.1325
123.389,-0.8788,0.2321,-0.3876,16.7365,17.2782,18.3005,0.1812,17.1325
123.490,-0.8788,0.2321,-0.3876,16.7365,17.2782,18.3005,0.1812,17.1325
123.505,-0.8788,0.2321,-0.3876,16.7465,17.2881,18.3104,0.1812,17.1425
123.505,-0.8786,0.2323,-0.3876,16.7459,17.2881,18.3104,0.1814,17.1419
123.505,-0.8788,0.2323,-0.3874,16.7459,17.2876,18.3104,0.1812,17.1419
123.505,-0.8788,0.2326,-0.3871,16.7459,17.2876,18.3105,0.1812,17.1419
123.606,-0.8788,0.2326,-0.3871,16.7558,17.2975,18.3205,0.1812,17.1518
123.606,-0.8786,0.2329,-0.3871,16.7552,17.2975,18.3205,0.1814,17.1512
123.606,-0.8788,0.2329,-0.3868,16.7552,17.2970,18.3205,0.1812,17.1512
123.606,-0.8788,0.2332,-0.3865,16.7552,17.2970,18.3206,0.1812,17.1512
123.606,-0.8788,0.2332,-0.3865,16.7552,17.2970,18.3206,0.1812,17.1512
123.702,-0.8788,0.2332,-0.3865,16.7652,17.3070,18.3306,0.1812,17.1612
123.702,-0.8786,0.2335,-0.3865,16.7645,17.3070,18.3306,0.1814,17.1605
123.702,-0.8788,0.2335,-0.3863,16.7645,17.3064,18.3306,0.1812,17.1605
123.702,-0.8788,0.2337,-0.3860,16.7645,17.3064,18.3307,0.1812,17.1605
123.794,-0.8788,0.2337,-0.3860,16.7745,17.3164,18.3406,0.1812,17.1705
123.794,-0.8785,0.2340,-0.3860,16.7739,17.3164,18.3406,0.1815,17.1699
123.794,-0.8788,0.2340,-0.3857,16.7739,17.3158,18.3406,0.1812,17.1699
123.794,-0.8788,0.2343,-0.3855,16.7739,17.3158,18.3407,0.1812,17.1699
123.895,-0.8788,0.2343,-0.3855,16.7739,17.3158,18.3407,0.1812,17.1699
123.899,-0.8788,0.2343,-0.3855,16.7838,17.3258,18.3507,0.1812,17.1798
123.899,-0.8785,0.2345,-0.3855,16.7832,17.3258,18.3507,0.1815,17.1792
123.899,-0.8787,0.2345,-0.3852,16.7832,17.3252,18.3507,0.1813,17.1792
123.899,-0.8787,0.2348,-0.3849,16.7832,17.3252,18.3508,0.1813,17.1792
123.999,-0.8787,0.2348,-0.3849,16.7832,17.3252,18.3508,0.1813,17.1792
124.005,-0.8787,0.2348,-0.3849,16.7932,17.3352,18.3608,0.1813,17.1892
124.005,-0.8785,0.2351,-0.3849,16.7926,17.3352,18.3608,0.1815,17.1886
124.006,-0.8787,0.2351,-0.3846,16.7926,17.3346,18.3608,0.1813,17.1886
124.006,-0.8787,0.2354,-0.3844,16.7926,17.3346,18.3609,0.1813,17.1886
124.102,-0.8787,0.2354,-0.3844,16.8026,17.3446,18.3708,0.1813,17.1986
124.102,-0.8786,0.2356,-0.3844,16.8020,17.3446,18.3708,0.1814,17.1980
124.102,-0.8788,0.2356,-0.3841,16.8020,17.3440,18.3708,0.1812,17.1980
124.102,-0.8788,0.2359,-0.3838,16.8020,17.3440,18.3709,0.1812,17.1980
124.200,-0.8788,0.2359,-0.3838,16.8120,17.3540,18.3809,0.1812,17.2080
124.201,-0.8786,0.2361,-0.3838,16.8114,17.3540,18.3809,0.1814,17.2074
124.201,-0.8788,0.2361,-0.3835,16.8114,17.3534,18.3809,0.1812,17.2074
124.201,-0.8788,0.2364,-0.3833,16.8114,17.3534,18.3810,0.1812,17.2074
124.291,-0.8788,0.2364,-0.3833,16.8214,17.3634,18.3910,0.1812,17.2174
124.291,-0.8786,0.2366,-0.3833,16.8208,17.3634,18.3910,0.1814,17.2168
124.291,-0.8788,0.2366,-0.3830,16.8208,17.3628,18.3910,0.1812,17.2168
124.291,-0.8788,0.2369,-0.3827,16.8208,17.3628,18.3911,0.1812,17.2168
124.392,-0.8788,0.2369,-0.3827,16.8208,17.3628,18.3911,0.1812,17.2168
124.398,-0.8788,0.2369,-0.3827,16.8308,17.3728,18.4011,0.1812,17.2268
124.398,-0.8787,0.2371,-0.3827,16.8302,17.3728,18.4011,0.1813,17.2262
124.398,-0.8789,0.2371,-0.3824,16.8302,17.3722,18.4011,0.1811,17.2262
124.399,-0.8789,0.2374,-0.3822,16.8302,17.3722,18.4012,0.1811,17.2262
124.499,-0.8789,0.2374,-0.3822,16.8302,17.3722,18.4012,0.1811,17.2262
124.504,-0.8789,0.2374,-0.3822,16.8402,17.3822,18.4111,0.1811,17.2362
124.505,-0.8787,0.2376,-0.3822,16.8396,17.3822,18.4111,0.1813,17.2356
124.505,-0.8789,0.2376,-0.3819,16.8396,17.3816,18.4111,0.1811,17.2356
124.505,-0.8789,0.2379,-0.3816,16.8396,17.3816,18.4113,0.1811,17.2356
124.600,-0.8789,0.2379,-0.3816,16.8496,17.3916,18.4212,0.1811,17.2456
124.600,-0.8787,0.2382,-0.3816,16.8490,17.3916,18.4212,0.1813,17.2450
124.600,-0.8789,0.2382,-0.3813,16.8490,17.3910,18.4212,0.1811,17.2450
124.600,-0.8789,0.2384,-0.3811,16.8490,17.3910,18.4213,0.1811,17.2450
124.701,-0.8789,0.2384,-0.3811,16.8490,17.3910,18.4213,0.1811,17.2450
124.707,-0.8789,0.2384,-0.3811,16.8590,17.4010,18.4313,0.1811,17.2550
124.707,-0.8787,0.2387,-0.3811,16.8584,17.4010,18.4313,0.1813,17.2544
124.707,-0.8789,0.2387,-0.3808,16.8584,17.4004,18.4313,0.1811,17.2544
124.707,-0.8789,0.2390,-0.3805,16.8584,17.4004,18.4314,0.1811,17.2544
124.803,-0.8789,0.2390,-0.3805,16.8684,17.4104,18.4414,0.1811,17.2644
124.803,-0.8787,0.2392,-0.3805,16.8677,17.4104,18.4414,0.1813,17.2637
124.803,-0.8789,0.2392,-0.3802,16.8677,17.4099,18.4414,0.1811,17.2637
124.803,-0.8789,0.2395,-0.3800,16.8677,17.4099,18.4415,0.1811,17.2637
124.900,-0.8789,0.2395,-0.3800,16.8777,17.4198,18.4515,0.1811,17.2737
124.900,-0.8787,0.2398,-0.3800,16.8771,17.4198,18.4515,0.1813,17.2731
124.900,-0.8789,0.2398,-0.3797,16.8771,17.4193,18.4515,0.1811,17.2731
124.900,-0.8789,0.2401,-0.3794,16.8771,17.4193,18.4516,0.1811,17.2731
125.000,-0.8789,0.2401,-0.3794,16.8771,17.4193,18.4516,0.1811,17.2731
125.005,-0.8789,0.2401,-0.3794,16.8871,17.4292,18.4615,0.1811,17.2831
125.005,-0.8787,0.2404,-0.3794,16.8864,17.4292,18.4615,0.1813,17.2824
125.005,-0.8789,0.2404,-0.3791,16.8864,17.4287,18.4615,0.1811,17.2824
125.005,-0.8789,0.2406,-0.3789,16.8864,17.4287,18.4617,0.1811,17.2824
125.100,-0.8789,0.2406,-0.3789,16.8964,17.4387,18.4716,0.1811,17.2924
125.101,-0.8786,0.2409,-0.3789,16.8958,17.4387,18.4716,0.1814,17.2918
125.101,-0.8788,0.2409,-0.3786,16.8958,17.4381,18.4716,0.1812,17.2918
125.101,-0.8788,0.2412,-0.3783,16.8958,17.4381,18.4717,0.1812,17.2918
125.196,-0.8788,0.2412,-0.3783,16.9057,17.4480,18.4816,0.1812,17.3017
125.196,-0.8786,0.2415,-0.3783,16.9051,17.4480,18.4816,0.1814,17.3011
125.196,-0.8788,0.2415,-0.3781,16.9051,17.4475,18.4816,0.1812,17.3011
125.197,-0.8788,0.2418,-0.3778,16.9051,17.4475,18.4818,0.1812,17.3011
125.297,-0.8788,0.2418,-0.3778,16.9051,17.4475,18.4818,0.1812,17.3011
125.302,-0.8788,0.2418,-0.3778,16.9150,17.4574,18.4917,0.1812,17.3110
125.303,-0.8786,0.2420,-0.3778,16.9144,17.4574,18.4917,0.1814,17.3104
125.303,-0.8788,0.2420,-0.3775,16.9144,17.4569,18.4917,0.1812,17.3104
125.303,-0.8788,0.2423,-0.3772,16.9144,17.4569,18.4918,0.1812,17.3104
125.400,-0.8788,0.2423,-0.3772,16.9244,17.4668,18.5017,0.1812,17.3204
125.400,-0.8786,0.2425,-0.3772,16.9238,17.4668,18.5017,0.1814,17.3198
125.400,-0.8788,0.2425,-0.3770,16.9238,17.4662,18.5017,0.1812,17.3198
125.400,-0.8788,0.2428,-0.3767,16.9238,17.4662,18.5018,0.1812,17.3198
125.500,-0.8788,0.2428,-0.3767,16.9238,17.4662,18.5018,0.1812,17.3198
125.506,-0.8788,0.2428,-0.3767,16.9337,17.4762,18.5118,0.1812,17.3297
125.506,-0.8786,0.2431,-0.3767,16.9332,17.4762,18.5118,0.1814,17.3292
125.506,-0.8789,0.2431,-0.3764,16.9332,17.4756,18.5118,0.1811,17.3292
125.506,-0.8789,0.2433,-0.3761,16.9332,17.4756,18.5119,0.1811,17.3292
125.600,-0.8789,0.2433,-0.3761,16.9431,17.4856,18.5218,0.1811,17.3391
125.600,-0.8787,0.2436,-0.3761,16.9426,17.4856,18.5218,0.1813,17.3386
125.600,-0.8789,0.2436,-0.3759,16.9426,17.4850,18.5218,0.1811,17.3386
125.600,-0.8789,0.2438,-0.3756,16.9426,17.4850,18.5219,0.1811,17.3386
125.694,-0.8789,0.2438,-0.3756,16.9525,17.4950,18.5319,0.1811,17.3485
125.694,-0.8787,0.2441,-0.3756,16.9519,17.4950,18.5319,0.1813,17.3479
125.694,-0.8789,0.2441,-0.3753,16.9519,17.4944,18.5319,0.1811,17.3479
125.694,-0.8789,0.2444,-0.3750,16.9519,17.4944,18.5320,0.1811,17.3479
125.794,-0.8789,0.2444,-0.3750,16.9519,17.4944,18.5320,0.1811,17.3479
125.800,-0.8789,0.2444,-0.3750,16.9619,17.5044,18.5420,0.1811,17.3579
125.800,-0.8787,0.2446,-0.3750,16.9613,17.5044,18.5420,0.1813,17.3573
125.800,-0.8790,0.2446,-0.3748,16.9613,17.5038,18.5420,0.1810,17.3573
125.800,-0.8790,0.2449,-0.3745,16.9613,17.5038,18.5421,0.1810,17.3573
125.900,-0.8790,0.2449,-0.3745,16.9613,17.5038,18.5421,0.1810,17.3573
125.909,-0.8790,0.2449,-0.3745,16.9713,17.5138,18.5520,0.1810,17.3673
125.909,-0.8788,0.2451,-0.3745,16.9707,17.5138,18.5520,0.1812,17.3667
125.909,-0.8790,0.2451,-0.3742,16.9707,17.5132,18.5520,0.1810,17.3667
125.909,-0.8790,0.2454,-0.3739,16.9707,17.5132,18.5522,0.1810,17.3667
126.003,-0.8790,0.2454,-0.3739,16.9807,17.5232,18.5621,0.1810,17.3767
126.003,-0.8788,0.2456,-0.3739,16.9801,17.5232,18.5621,0.1812,17.3761
126.003,-0.8790,0.2456,-0.3736,16.9801,17.5226,18.5621,0.1810,17.3761
126.003,-0.8790,0.2459,-0.3734,16.9801,17.5226,18.5622,0.1810,17.3761
126.099,-0.8790,0.2459,-0.3734,16.9901,17.5326,18.5722,0.1810,17.3861
126.099,-0.8788,0.2462,-0.3734,16.9895,17.5326,18.5722,0.1812,17.3855
126.099,-0.8790,0.2462,-0.3731,16.9895,17.5320,18.5722,0.1810,17.3855
126.099,-0.8790,0.2465,-0.3728,16.9895,17.5320,18.5723,0.1810,17.3855
126.200,-0.8790,0.2465,-0.3728,16.9895,17.5320,18.5723,0.1810,17.3855
126.204,-0.8790,0.2465,-0.3728,16.9995,17.5420,18.5823,0.1810,17.3955
126.204,-0.8788,0.2467,-0.3728,16.9988,17.5420,18.5823,0.1812,17.3948
126.204,-0.8790,0.2467,-0.3725,16.9988,17.5414,18.5823,0.1810,17.3948
126.205,-0.8790,0.2470,-0.3723,16.9988,17.5414,18.5824,0.1810,17.3948
126.302,-0.8790,0.2470,-0.3723,17.0088,17.5514,18.5924,0.1810,17.4048
126.302,-0.8787,0.2473,-0.3723,17.0082,17.5514,18.5924,0.1813,17.4042
126.303,-0.8790,0.2473,-0.3720,17.0082,17.5509,18.5924,0.1810,17.4042
126.303,-0.8790,0.2476,-0.3717,17.0082,17.5509,18.5925,0.1810,17.4042
126.398,-0.8790,0.2476,-0.3717,17.0182,17.5608,18.6024,0.1810,17.4142
126.398,-0.8787,0.2479,-0.3717,17.0175,17.5608,18.6024,0.1813,17.4135
126.399,-0.8789,0.2479,-0.3715,17.0175,17.5603,18.6024,0.1811,17.4135
126.399,-0.8789,0.2481,-0.3712,17.0175,17.5603,18.6026,0.1811,17.4135
126.499,-0.8789,0.2481,-0.3712,17.0175,17.5603,18.6026,0.1811,17.4135
126.504,-0.8789,0.2481,-0.3712,17.0275,17.5703,18.6125,0.1811,17.4235
126.505,-0.8787,0.2484,-0.3712,17.0269,17.5703,18.6125,0.1813,17.4229
126.505,-0.8789,0.2484,-0.3709,17.0269,17.5697,18.6125,0.1811,17.4229
126.505,-0.8789,0.2487,-0.3706,17.0269,17.5697,18.6126,0.1811,17.4229
126.600,-0.8789,0.2487,-0.3706,17.0368,17.5797,18.6226,0.1811,17.4328
126.600,-0.8787,0.2490,-0.3706,17.0362,17.5797,18.6226,0.1813,17.4322
126.600,-0.8789,0.2490,-0.3704,17.0362,17.5791,18.6226,0.1811,17.4322
126.601,-0.8789,0.2492,-0.3701,17.0362,17.5791,18.6227,0.1811,17.4322
126.693,-0.8789,0.2492,-0.3701,17.0462,17.5890,18.6326,0.1811,17.4422
126.693,-0.8787,0.2495,-0.3701,17.0456,17.5890,18.6326,0.1813,17.4416
126.693,-0.8789,0.2495,-0.3698,17.0456,17.5885,18.6326,0.1811,17.4416
126.693,-0.8789,0.2498,-0.3695,17.0456,17.5885,18.6327,0.1811,17.4416
126.794,-0.8789,0.2498,-0.3695,17.0456,17.5885,18.6327,0.1811,17.4416
126.799,-0.8789,0.2498,-0.3695,17.0555,17.5984,18.6427,0.1811,17.4515
126.799,-0.8787,0.2500,-0.3695,17.0550,17.5984,18.6427,0.1813,17.4510
126.800,-0.8789,0.2500,-0.3693,17.0550,17.5979,18.6427,0.1811,17.4510
126.800,-0.8789,0.2503,-0.3690,17.0550,17.5979,18.6428,0.1811,17.4510
126.900,-0.8789,0.2503,-0.3690,17.0550,17.5979,18.6428,0.1811,17.4510
126.907,-0.8789,0.2503,-0.3690,17.0649,17.6078,18.6527,0.1811,17.4609
126.907,-0.8787,0.2505,-0.3690,17.0643,17.6078,18.6527,0.1813,17.4603
126.907,-0.8789,0.2505,-0.3687,17.0643,17.6072,18.6527,0.1811,17.4603
126.907,-0.8789,0.2508,-0.3684,17.0643,17.6072,18.6528,0.1811,17.4603
127.003,-0.8789,0.2508,-0.3684,17.0743,17.6172,18.6628,0.1811,17.4703
127.003,-0.8787,0.2510,-0.3684,17.0737,17.6172,18.6628,0.1813,17.4697
127.003,-0.8790,0.2510,-0.3682,17.0737,17.6166,18.6628,0.1810,17.4697
127.003,-0.8790,0.2513,-0.3679,17.0737,17.6166,18.6629,0.1810,17.4697
127.099,-0.8790,0.2513,-0.3679,17.0837,17.6266,18.6728,0.1810,17.4797
127.099,-0.8788,0.2516,-0.3679,17.0831,17.6266,18.6728,0.1812,17.4791
127.099,-0.8790,0.2516,-0.3676,17.0831,17.6260,18.6728,0.1810,17.4791
127.099,-0.8790,0.2518,-0.3673,17.0831,17.6260,18.6730,0.1810,17.4791
127.199,-0.8790,0.2518,-0.3673,17.0831,17.6260,18.6730,0.1810,17.4791
127.204,-0.8790,0.2518,-0.3673,17.0931,17.6360,18.6829,0.1810,17.4891
127.204,-0.8788,0.2521,-0.3673,17.0925,17.6360,18.6829,0.1812,17.4885
127.204,-0.8790,0.2521,-0.3670,17.0925,17.6354,18.6829,0.1810,17.4885
127.205,-0.8790,0.2524,-0.3668,17.0925,17.6354,18.6830,0.1810,17.4885
127.299,-0.8790,0.2524,-0.3668,17.1025,17.6454,18.6930,0.1810,17.4985
127.299,-0.8788,0.2526,-0.3668,17.1019,17.6454,18.6930,0.1812,17.4979
127.299,-0.8790,0.2526,-0.3665,17.1019,17.6448,18.6930,0.1810,17.4979
127.300,-0.8790,0.2529,-0.3662,17.1019,17.6448,18.6931,0.1810,17.4979
127.400,-0.8790,0.2529,-0.3662,17.1019,17.6448,18.6931,0.1810,17.4979
127.405,-0.8790,0.2529,-0.3662,17.1119,17.6548,18.7031,0.1810,17.5079
127.406,-0.8788,0.2531,-0.3662,17.1113,17.6548,18.7031,0.1812,17.5073
127.406,-0.8791,0.2531,-0.3659,17.1113,17.6543,18.7031,0.1809,17.5073
127.406,-0.8791,0.2534,-0.3657,17.1113,17.6543,18.7032,0.1809,17.5073
127.502,-0.8791,0.2534,-0.3657,17.1213,17.6642,18.7132,0.1809,17.5173
127.502,-0.8788,0.2537,-0.3657,17.1207,17.6642,18.7132,0.1812,17.5167
127.502,-0.8791,0.2537,-0.3654,17.1207,17.6637,18.7132,0.1809,17.5167
127.502,-0.8791,0.2540,-0.3651,17.1207,17.6637,18.7133,0.1809,17.5167
127.600,-0.8791,0.2540,-0.3651,17.1307,17.6737,18.7232,0.1809,17.5267
127.601,-0.8788,0.2542,-0.3651,17.1300,17.6737,18.7232,0.1812,17.5260
127.601,-0.8790,0.2542,-0.3648,17.1300,17.6731,18.7232,0.1810,17.5260
127.601,-0.8790,0.2545,-0.3646,17.1300,17.6731,18.7234,0.1810,17.5260
127.690,-0.8790,0.2545,-0.3646,17.1400,17.6831,18.7333,0.1810,17.5360
127.690,-0.8788,0.2548,-0.3646,17.1394,17.6831,18.7333,0.1812,17.5354
127.691,-0.8790,0.2548,-0.3643,17.1394,17.6825,18.7333,0.1810,17.5354
127.691,-0.8790,0.2551,-0.3640,17.1394,17.6825,18.7334,0.1810,17.5354
127.791,-0.8790,0.2551,-0.3640,17.1394,17.6825,18.7334,0.1810,17.5354
127.796,-0.8790,0.2551,-0.3640,17.1494,17.6925,18.7434,0.1810,17.5454
127.800,-0.8788,0.2554,-0.3640,17.1487,17.6925,18.7434,0.1812,17.5447
127.800,-0.8790,0.2554,-0.3637,17.1487,17.6920,18.7434,0.1810,17.5447
127.800,-0.8790,0.2556,-0.3635,17.1487,17.6920,18.7435,0.1810,17.5447
127.900,-0.8790,0.2556,-0.3635,17.1487,17.6920,18.7435,0.1810,17.5447
127.902,-0.8790,0.2556,-0.3635,17.1587,17.7019,18.7535,0.1810,17.5547
127.902,-0.8788,0.2559,-0.3635,17.1581,17.7019,18.7535,0.1812,17.5541
127.902,-0.8790,0.2559,-0.3632,17.1581,17.7014,18.7535,0.1810,17.5541
127.902,-0.8790,0.2562,-0.3629,17.1581,17.7014,18.7536,0.1810,17.5541
127.998,-0.8790,0.2562,-0.3629,17.1680,17.7113,18.7635,0.1810,17.5640
127.999,-0.8787,0.2565,-0.3629,17.1674,17.7113,18.7635,0.1813,17.5634
127.999,-0.8789,0.2565,-0.3627,17.1674,17.7108,18.7635,0.1811,17.5634
127.999,-0.8789,0.2568,-0.3624,17.1674,17.7108,18.7636,0.1811,17.5634
128.099,-0.8789,0.2568,-0.3624,17.1674,17.7108,18.7636,0.1811,17.5634
128.105,-0.8789,0.2568,-0.3624,17.1774,17.7207,18.7736,0.1811,17.5734
128.105,-0.8787,0.2570,-0.3624,17.1768,17.7207,18.7736,0.1813,17.5728
128.105,-0.8789,0.2570,-0.3621,17.1768,17.7201,18.7736,0.1811,17.5728
128.105,-0.8789,0.2573,-0.3618,17.1768,17.7201,18.7737,0.1811,17.5728
128.197,-0.8789,0.2573,-0.3618,17.1867,17.7301,18.7836,0.1811,17.5827
128.197,-0.8788,0.2575,-0.3618,17.1861,17.7301,18.7836,0.1812,17.5821
128.197,-0.8790,0.2575,-0.3616,17.1861,17.7295,18.7836,0.1810,17.5821
128.197,-0.8790,0.2578,-0.3613,17.1861,17.7295,18.7837,0.1810,17.5821
128.298,-0.8790,0.2578,-0.3613,17.1861,17.7295,18.7837,0.1810,17.5821
128.303,-0.8790,0.2578,-0.3613,17.1961,17.7394,18.7936,0.1810,17.5921
128.303,-0.8788,0.2580,-0.3613,17.1955,17.7394,18.7936,0.1812,17.5915
128.303,-0.8790,0.2580,-0.3610,17.1955,17.7389,18.7936,0.1810,17.5915
128.303,-0.8790,0.2583,-0.3607,17.1955,17.7389,18.7938,0.1810,17.5915
128.398,-0.8790,0.2583,-0.3607,17.2055,17.7488,18.8037,0.1810,17.6015
128.398,-0.8788,0.2585,-0.3607,17.2049,17.7488,18.8037,0.1812,17.6009
128.398,-0.8790,0.2585,-0.3604,17.2049,17.7483,18.8037,0.1810,17.6009
128.398,-0.8790,0.2588,-0.3602,17.2049,17.7483,18.8038,0.1810,17.6009
128.498,-0.8790,0.2588,-0.3602,17.2049,17.7483,18.8038,0.1810,17.6009
128.505,-0.8790,0.2588,-0.3602,17.2149,17.7582,18.8138,0.1810,17.6109
128.505,-0.8789,0.2591,-0.3602,17.2143,17.7582,18.8138,0.1811,17.6103
128.505,-0.8791,0.2591,-0.3599,17.2143,17.7577,18.8138,0.1809,17.6103
128.505,-0.8791,0.2593,-0.3596,17.2143,17.7577,18.8139,0.1809,17.6103
128.595,-0.8791,0.2593,-0.3596,17.2243,17.7676,18.8238,0.1809,17.6203
128.595,-0.8789,0.2596,-0.3596,17.2237,17.7676,18.8238,0.1811,17.6197
128.596,-0.8791,0.2596,-0.3593,17.2237,17.7671,18.8238,0.1809,17.6197
128.596,-0.8791,0.2599,-0.3591,17.2237,17.7671,18.8240,0.1809,17.6197
128.696,-0.8791,0.2599,-0.3591,17.2237,17.7671,18.8240,0.1809,17.6197
128.701,-0.8791,0.2599,-0.3591,17.2337,17.7770,18.8339,0.1809,17.6297
128.701,-0.8789,0.2601,-0.3591,17.2331,17.7770,18.8339,0.1811,17.6291
128.701,-0.8791,0.2601,-0.3588,17.2331,17.7765,18.8339,0.1809,17.6291
128.701,-0.8791,0.2604,-0.3585,17.2331,17.7765,18.8340,0.1809,17.6291
128.798,-0.8791,0.2604,-0.3585,17.2431,17.7864,18.8440,0.1809,17.6391
128.798,-0.8789,0.2607,-0.3585,17.2425,17.7864,18.8440,0.1811,17.6385
128.798,-0.8791,0.2607,-0.3582,17.2425,17.7859,18.8440,0.1809,17.6385
128.798,-0.8791,0.2609,-0.3579,17.2425,17.7859,18.8441,0.1809,17.6385
128.898,-0.8791,0.2609,-0.3579,17.2425,17.7859,18.8441,0.1809,17.6385
128.903,-0.8791,0.2609,-0.3579,17.2524,17.7958,18.8541,0.1809,17.6484
128.903,-0.8789,0.2612,-0.3579,17.2518,17.7958,18.8541,0.1811,17.6478
128.903,-0.8791,0.2612,-0.3577,17.2518,17.7953,18.8541,0.1809,17.6478
128.903,-0.8791,0.2615,-0.3574,17.2518,17.7953,18.8542,0.1809,17.6478
128.999,-0.8791,0.2615,-0.3574,17.2618,17.8053,18.8641,0.1809,17.6578
128.999,-0.8789,0.2618,-0.3574,17.2612,17.8053,18.8641,0.1811,17.6572
128.999,-0.8791,0.2618,-0.3571,17.2612,17.8047,18.8641,0.1809,17.6572
128.999,-0.8791,0.2620,-0.3569,17.2612,17.8047,18.8643,0.1809,17.6572
129.100,-0.8791,0.2620,-0.3569,17.2612,17.8047,18.8643,0.1809,17.6572
129.107,-0.8791,0.2620,-0.3569,17.2711,17.8147,18.8742,0.1809,17.6671
129.107,-0.8789,0.2623,-0.3569,17.2705,17.8147,18.8742,0.1811,17.6665
129.107,-0.8791,0.2623,-0.3566,17.2705,17.8141,18.8742,0.1809,17.6665
129.107,-0.8791,0.2626,-0.3563,17.2705,17.8141,18.8743,0.1809,17.6665
129.200,-0.8791,0.2626,-0.3563,17.2805,17.8241,18.8843,0.1809,17.6765
129.200,-0.8788,0.2629,-0.3563,17.2799,17.8241,18.8843,0.1812,17.6759
129.200,-0.8790,0.2629,-0.3560,17.2799,17.8236,18.8843,0.1810,17.6759
129.200,-0.8790,0.2632,-0.3558,17.2799,17.8236,18.8844,0.1810,17.6759
129.290,-0.8790,0.2632,-0.3558,17.2898,17.8335,18.8944,0.1810,17.6858
129.290,-0.8788,0.2634,-0.3558,17.2892,17.8335,18.8944,0.1812,17.6852
129.290,-0.8790,0.2634,-0.3555,17.2892,17.8330,18.8944,0.1810,17.6852
129.290,-0.8790,0.2637,-0.3552,17.2892,17.8330,18.8945,0.1810,17.6852
129.391,-0.8790,0.2637,-0.3552,17.2892,17.8330,18.8945,0.1810,17.6852
129.396,-0.8790,0.2637,-0.3552,17.2992,17.8430,18.9044,0.1810,17.6952
129.396,-0.8788,0.2640,-0.3552,17.2986,17.8430,18.9044,0.1812,17.6946
129.397,-0.8790,0.2640,-0.3549,17.2986,17.8424,18.9044,0.1810,17.6946
129.397,-0.8790,0.2643,-0.3547,17.2986,17.8424,18.9046,0.1810,17.6946
129.496,-0.8790,0.2643,-0.3547,17.3086,17.8524,18.9145,0.1810,17.7046
129.496,-0.8788,0.2645,-0.3547,17.3080,17.8524,18.9145,0.1812,17.7040
129.496,-0.8790,0.2645,-0.3544,17.3080,17.8518,18.9145,0.1810,17.7040
129.496,-0.8790,0.2648,-0.3541,17.3080,17.8518,18.9146,0.1810,17.7040
129.597,-0.8790,0.2648,-0.3541,17.3080,17.8518,18.9146,0.1810,17.7040
129.608,-0.8790,0.2648,-0.3541,17.3179,17.8618,18.9246,0.1810,17.7139
129.608,-0.8788,0.2650,-0.3541,17.3174,17.8618,18.9246,0.1812,17.7134
129.608,-0.8790,0.2650,-0.3538,17.3174,17.8612,18.9246,0.1810,17.7134
129.608,-0.8790,0.2653,-0.3536,17.3174,17.8612,18.9247,0.1810,17.7134
129.704,-0.8790,0.2653,-0.3536,17.3273,17.8711,18.9346,0.1810,17.7233
129.704,-0.8789,0.2656,-0.3536,17.3267,17.8711,18.9346,0.1811,17.7227
129.704,-0.8791,0.2656,-0.3533,17.3267,17.8706,18.9346,0.1809,17.7227
129.705,-0.8791,0.2658,-0.3530,17.3267,17.8706,18.9347,0.1809,17.7227
129.801,-0.8791,0.2658,-0.3530,17.3367,17.8805,18.9447,0.1809,17.7327
129.801,-0.8789,0.2661,-0.3530,17.3361,17.8805,18.9447,0.1811,17.7321
129.801,-0.8791,0.2661,-0.3527,17.3361,17.8800,18.9447,0.1809,17.7321
129.801,-0.8791,0.2663,-0.3525,17.3361,17.8800,18.9448,0.1809,17.7321
129.889,-0.8791,0.2663,-0.3525,17.3461,17.8899,18.9547,0.1809,17.7421
129.889,-0.8789,0.2666,-0.3525,17.3455,17.8899,18.9547,0.1811,17.7415
129.889,-0.8791,0.2666,-0.3522,17.3455,17.8894,18.9547,0.1809,17.7415
129.889,-0.8791,0.2669,-0.3519,17.3455,17.8894,18.9549,0.1809,17.7415
129.990,-0.8791,0.2669,-0.3519,17.3455,17.8894,18.9549,0.1809,17.7415
130.005,-0.8791,0.2669,-0.3519,17.3555,17.8993,18.9648,0.1809,17.7515
130.005,-0.8790,0.2671,-0.3519,17.3549,17.8993,18.9648,0.1810,17.7509
130.005,-0.8792,0.2671,-0.3516,17.3549,17.8988,18.9648,0.1808,17.7509
130.005,-0.8792,0.2674,-0.3513,17.3549,17.8988,18.9649,0.1808,17.7509
130.101,-0.8792,0.2674,-0.3513,17.3649,17.9087,18.9749,0.1808,17.7609
130.101,-0.8790,0.2676,-0.3513,17.3643,17.9087,18.9749,0.1810,17.7603
130.101,-0.8792,0.2676,-0.3510,17.3643,17.9082,18.9749,0.1808,17.7603
130.102,-0.8792,0.2679,-0.3508,17.3643,17.9082,18.9750,0.1808,17.7603
130.197,-0.8792,0.2679,-0.3508,17.3743,17.9181,18.9850,0.1808,17.7703
130.197,-0.8790,0.2682,-0.3508,17.3737,17.9181,18.9850,0.1810,17.7697
130.197,-0.8792,0.2682,-0.3505,17.3737,17.9176,18.9850,0.1808,17.7697
130.197,-0.8792,0.2685,-0.3502,17.3737,17.9176,18.9851,0.1808,17.7697
130.297,-0.8792,0.2685,-0.3502,17.3737,17.9176,18.9851,0.1808,17.7697
130.301,-0.8792,0.2685,-0.3502,17.3837,17.9276,18.9951,0.1808,17.7797
130.301,-0.8790,0.2687,-0.3502,17.3831,17.9276,18.9951,0.1810,17.7791
130.301,-0.8792,0.2687,-0.3499,17.3831,17.9270,18.9951,0.1808,17.7791
130.302,-0.8792,0.2690,-0.3497,17.3831,17.9270,18.9952,0.1808,17.7791
130.397,-0.8792,0.2690,-0.3497,17.3930,17.9370,19.0051,0.1808,17.7890
130.397,-0.8789,0.2693,-0.3497,17.3924,17.9370,19.0051,0.1811,17.7884
130.398,-0.8791,0.2693,-0.3494,17.3924,17.9365,19.0051,0.1809,17.7884
130.398,-0.8791,0.2696,-0.3491,17.3924,17.9365,19.0052,0.1809,17.7884
130.498,-0.8791,0.2696,-0.3491,17.3924,17.9365,19.0052,0.1809,17.7884
130.503,-0.8791,0.2696,-0.3491,17.4024,17.9464,19.0152,0.1809,17.7984
130.504,-0.8789,0.2699,-0.3491,17.4018,17.9464,19.0152,0.1811,17.7978
130.504,-0.8791,0.2699,-0.3488,17.4018,17.9459,19.0152,0.1809,17.7978
130.504,-0.8791,0.2701,-0.3486,17.4018,17.9459,19.0153,0.1809,17.7978
130.600,-0.8791,0.2701,-0.3486,17.4117,17.9558,19.0252,0.1809,17.8077
130.600,-0.8789,0.2704,-0.3486,17.4111,17.9558,19.0252,0.1811,17.8071
130.600,-0.8791,0.2704,-0.3483,17.4111,17.9553,19.0252,0.1809,17.8071
130.601,-0.8791,0.2707,-0.3480,17.4111,17.9553,19.0254,0.1809,17.8071
130.697,-0.8791,0.2707,-0.3480,17.4210,17.9652,19.0353,0.1809,17.8170
130.697,-0.8789,0.2710,-0.3480,17.4204,17.9652,19.0353,0.1811,17.8164
130.698,-0.8791,0.2710,-0.3477,17.4204,17.9647,19.0353,0.1809,17.8164
130.698,-0.8791,0.2713,-0.3475,17.4204,17.9647,19.0354,0.1809,17.8164
130.798,-0.8791,0.2713,-0.3475,17.4204,17.9647,19.0354,0.1809,17.8164
130.804,-0.8791,0.2713,-0.3475,17.4304,17.9746,19.0453,0.1809,17.8264
130.804,-0.8789,0.2715,-0.3475,17.4298,17.9746,19.0453,0.1811,17.8258
130.805,-0.8791,0.2715,-0.3472,17.4298,17.9740,19.0453,0.1809,17.8258
130.805,-0.8791,0.2718,-0.3469,17.4298,17.9740,19.0455,0.1809,17.8258
130.897,-0.8791,0.2718,-0.3469,17.4397,17.9840,19.0554,0.1809,17.8357
130.897,-0.8789,0.2720,-0.3469,17.4392,17.9840,19.0554,0.1811,17.8352
130.897,-0.8791,0.2720,-0.3466,17.4392,17.9834,19.0554,0.1809,17.8352
130.897,-0.8791,0.2723,-0.3464,17.4392,17.9834,19.0555,0.1809,17.8352
130.998,-0.8791,0.2723,-0.3464,17.4392,17.9834,19.0555,0.1809,17.8352
131.004,-0.8791,0.2723,-0.3464,17.4491,17.9934,19.0654,0.1809,17.8451
131.004,-0.8789,0.2726,-0.3464,17.4486,17.9934,19.0654,0.1811,17.8446
131.004,-0.8791,0.2726,-0.3461,17.4486,17.9928,19.0654,0.1809,17.8446
131.005,-0.8791,0.2728,-0.3458,17.4486,17.9928,19.0656,0.1809,17.8446
131.100,-0.8791,0.2728,-0.3458,17.4585,18.0028,19.0755,0.1809,17.8545
131.100,-0.8789,0.2731,-0.3458,17.4579,18.0028,19.0755,0.1811,17.8539
131.101,-0.8792,0.2731,-0.3455,17.4579,18.0022,19.0755,0.1808,17.8539
131.101,-0.8792,0.2733,-0.3453,17.4579,18.0022,19.0756,0.1808,17.8539
131.190,-0.8792,0.2733,-0.3453,17.4679,18.0122,19.0856,0.1808,17.8639
131.190,-0.8790,0.2736,-0.3453,17.4674,18.0122,19.0856,0.1810,17.8634
131.190,-0.8792,0.2736,-0.3450,17.4674,18.0116,19.0856,0.1808,17.8634
131.191,-0.8792,0.2739,-0.3447,17.4674,18.0116,19.0857,0.1808,17.8634
131.291,-0.8792,0.2739,-0.3447,17.4674,18.0116,19.0857,0.1808,17.8634
131.296,-0.8792,0.2739,-0.3447,17.4773,18.0216,19.0957,0.1808,17.8733
131.297,-0.8790,0.2741,-0.3447,17.4768,18.0216,19.0957,0.1810,17.8728
131.297,-0.8792,0.2741,-0.3444,17.4768,18.0210,19.0957,0.1808,17.8728
131.297,-0.8792,0.2744,-0.3441,17.4768,18.0210,19.0958,0.1808,17.8728
131.397,-0.8792,0.2744,-0.3441,17.4768,18.0210,19.0958,0.1808,17.8728
131.403,-0.8792,0.2744,-0.3441,17.4867,18.0310,19.1057,0.1808,17.8827
131.403,-0.8790,0.2746,-0.3441,17.4862,18.0310,19.1057,0.1810,17.8822
131.403,-0.8792,0.2746,-0.3439,17.4862,18.0304,19.1057,0.1808,17.8822
131.403,-0.8792,0.2749,-0.3436,17.4862,18.0304,19.1059,0.1808,17.8822
131.498,-0.8792,0.2749,-0.3436,17.4962,18.0404,19.1158,0.1808,17.8922
131.499,-0.8790,0.2752,-0.3436,17.4956,18.0404,19.1158,0.1810,17.8916
131.499,-0.8793,0.2752,-0.3433,17.4956,18.0399,19.1158,0.1807,17.8916
131.499,-0.8793,0.2754,-0.3430,17.4956,18.0399,19.1159,0.1807,17.8916
131.600,-0.8793,0.2754,-0.3430,17.4956,18.0399,19.1159,0.1807,17.8916
131.603,-0.8793,0.2754,-0.3430,17.5055,18.0498,19.1259,0.1807,17.9015
131.603,-0.8790,0.2757,-0.3430,17.5049,18.0498,19.1259,0.1810,17.9009
131.604,-0.8793,0.2757,-0.3427,17.5049,18.0493,19.1259,0.1807,17.9009
131.604,-0.8793,0.2760,-0.3425,17.5049,18.0493,19.1260,0.1807,17.9009
131.700,-0.8793,0.2760,-0.3425,17.5149,18.0593,19.1360,0.1807,17.9109
131.700,-0.8790,0.2763,-0.3425,17.5143,18.0593,19.1360,0.1810,17.9103
131.700,-0.8792,0.2763,-0.3422,17.5143,18.0587,19.1360,0.1808,17.9103
131.700,-0.8792,0.2765,-0.3419,17.5143,18.0587,19.1361,0.1808,17.9103
131.801,-0.8792,0.2765,-0.3419,17.5143,18.0587,19.1361,0.1808,17.9103
131.806,-0.8792,0.2765,-0.3419,17.5243,18.0687,19.1461,0.1808,17.9203
131.807,-0.8790,0.2768,-0.3419,17.5237,18.0687,19.1461,0.1810,17.9197
131.807,-0.8792,0.2768,-0.3416,17.5237,18.0682,19.1461,0.1808,17.9197
131.807,-0.8792,0.2771,-0.3414,17.5237,18.0682,19.1462,0.1808,17.9197
131.901,-0.8792,0.2771,-0.3414,17.5336,18.0781,19.1561,0.1808,17.9296
131.901,-0.8790,0.2774,-0.3414,17.5330,18.0781,19.1561,0.1810,17.9290
131.901,-0.8792,0.2774,-0.3411,17.5330,18.0776,19.1561,0.1808,17.9290
131.901,-0.8792,0.2777,-0.3408,17.5330,18.0776,19.1563,0.1808,17.9290
131.996,-0.8792,0.2777,-0.3408,17.5430,18.0875,19.1662,0.1808,17.9390
131.997,-0.8790,0.2779,-0.3408,17.5424,18.0875,19.1662,0.1810,17.9384
131.997,-0.8792,0.2779,-0.3405,17.5424,18.0870,19.1662,0.1808,17.9384
131.997,-0.8792,0.2782,-0.3403,17.5424,18.0870,19.1663,0.1808,17.9384
132.097,-0.8792,0.2782,-0.3403,17.5424,18.0870,19.1663,0.1808,17.9384
132.107,-0.8792,0.2782,-0.3403,17.5523,18.0969,19.1762,0.1808,17.9483
132.107,-0.8790,0.2785,-0.3403,17.5517,18.0969,19.1762,0.1810,17.9477
132.108,-0.8792,0.2785,-0.3400,17.5517,18.0964,19.1762,0.1808,17.9477
132.108,-0.8792,0.2788,-0.3397,17.5517,18.0964,19.1764,0.1808,17.9477
132.204,-0.8792,0.2788,-0.3397,17.5617,18.1063,19.1863,0.1808,17.9577
132.204,-0.8790,0.2790,-0.3397,17.5611,18.1063,19.1863,0.1810,17.9571
132.204,-0.8792,0.2790,-0.3394,17.5611,18.1058,19.1863,0.1808,17.9571
132.205,-0.8792,0.2793,-0.3392,17.5611,18.1058,19.1864,0.1808,17.9571
132.305,-0.8792,0.2793,-0.3392,17.5611,18.1058,19.1864,0.1808,17.9571
132.306,-0.8792,0.2793,-0.3392,17.5710,18.1157,19.1963,0.1808,17.9670
132.306,-0.8790,0.2796,-0.3392,17.5705,18.1157,19.1963,0.1810,17.9665
132.306,-0.8792,0.2796,-0.3389,17.5705,18.1151,19.1963,0.1808,17.9665
132.306,-0.8792,0.2798,-0.3386,17.5705,18.1151,19.1965,0.1808,17.9665
132.401,-0.8792,0.2798,-0.3386,17.5804,18.1251,19.2064,0.1808,17.9764
132.402,-0.8790,0.2801,-0.3386,17.5798,18.1251,19.2064,0.1810,17.9758
132.402,-0.8792,0.2801,-0.3383,17.5798,18.1245,19.2064,0.1808,17.9758
132.402,-0.8792,0.2803,-0.3381,17.5798,18.1245,19.2065,0.1808,17.9758
132.498,-0.8792,0.2803,-0.3381,17.5898,18.1345,19.2165,0.1808,17.9858
132.498,-0.8790,0.2806,-0.3381,17.5892,18.1345,19.2165,0.1810,17.9852
132.498,-0.8792,0.2806,-0.3378,17.5892,18.1339,19.2165,0.1808,17.9852
132.498,-0.8792,0.2809,-0.3375,17.5892,18.1339,19.2166,0.1808,17.9852
132.599,-0.8792,0.2809,-0.3375,17.5892,18.1339,19.2166,0.1808,17.9852
132.607,-0.8792,0.2809,-0.3375,17.5992,18.1439,19.2265,0.1808,17.9952
132.607,-0.8791,0.2811,-0.3375,17.5986,18.1439,19.2265,0.1809,17.9946
132.607,-0.8793,0.2811,-0.3372,17.5986,18.1433,19.2265,0.1807,17.9946
132.607,-0.8793,0.2814,-0.3370,17.5986,18.1433,19.2266,0.1807,17.9946
132.702,-0.8793,0.2814,-0.3370,17.6086,18.1533,19.2366,0.1807,18.0046
132.703,-0.8791,0.2816,-0.3370,17.6080,18.1533,19.2366,0.1809,18.0040
132.703,-0.8793,0.2816,-0.3367,17.6080,18.1527,19.2366,0.1807,18.0040
132.703,-0.8793,0.2819,-0.3364,17.6080,18.1527,19.2367,0.1807,18.0040
132.794,-0.8793,0.2819,-0.3364,17.6180,18.1627,19.2467,0.1807,18.0140
132.794,-0.8791,0.2821,-0.3364,17.6174,18.1627,19.2467,0.1809,18.0134
132.795,-0.8793,0.2821,-0.3361,17.6174,18.1621,19.2467,0.1807,18.0134
132.795,-0.8793,0.2824,-0.3358,17.6174,18.1621,19.2468,0.1807,18.0134
132.895,-0.8793,0.2824,-0.3358,17.6174,18.1621,19.2468,0.1807,18.0134
132.903,-0.8793,0.2824,-0.3358,17.6274,18.1721,19.2567,0.1807,18.0234
132.904,-0.8791,0.2827,-0.3358,17.6268,18.1721,19.2567,0.1809,18.0228
132.904,-0.8793,0.2827,-0.3355,17.6268,18.1716,19.2567,0.1807,18.0228
132.904,-0.8793,0.2830,-0.3353,17.6268,18.1716,19.2569,0.1807,18.0228
132.998,-0.8793,0.2830,-0.3353,17.6368,18.1815,19.2668,0.1807,18.0328
132.999,-0.8791,0.2832,-0.3353,17.6362,18.1815,19.2668,0.1809,18.0322
132.999,-0.8793,0.2832,-0.3350,17.6362,18.1810,19.2668,0.1807,18.0322
132.999,-0.8793,0.2835,-0.3347,17.6362,18.1810,19.2669,0.1807,18.0322
133.099,-0.8793,0.2835,-0.3347,17.6362,18.1810,19.2669,0.1807,18.0322
133.104,-0.8793,0.2835,-0.3347,17.6462,18.1910,19.2769,0.1807,18.0422
133.104,-0.8791,0.2838,-0.3347,17.6455,18.1910,19.2769,0.1809,18.0415
133.104,-0.8793,0.2838,-0.3344,17.6455,18.1904,19.2769,0.1807,18.0415
133.104,-0.8793,0.2841,-0.3342,17.6455,18.1904,19.2770,0.1807,18.0415
133.199,-0.8793,0.2841,-0.3342,17.6555,18.2004,19.2870,0.1807,18.0515
133.200,-0.8791,0.2844,-0.3342,17.6549,18.2004,19.2870,0.1809,18.0509
133.200,-0.8793,0.2844,-0.3339,17.6549,18.1999,19.2870,0.1807,18.0509
133.200,-0.8793,0.2846,-0.3336,17.6549,18.1999,19.2871,0.1807,18.0509
133.300,-0.8793,0.2846,-0.3336,17.6549,18.1999,19.2871,0.1807,18.0509
133.313,-0.8793,0.2846,-0.3336,17.6649,18.2098,19.2970,0.1807,18.0609
133.313,-0.8791,0.2849,-0.3336,17.6643,18.2098,19.2970,0.1809,18.0603
133.313,-0.8793,0.2849,-0.3333,17.6643,18.2093,19.2970,0.1807,18.0603
133.313,-0.8793,0.2852,-0.3331,17.6643,18.2093,19.2972,0.1807,18.0603
133.398,-0.8793,0.2852,-0.3331,17.6742,18.2193,19.3071,0.1807,18.0702
133.398,-0.8790,0.2855,-0.3331,17.6736,18.2193,19.3071,0.1810,18.0696
133.398,-0.8792,0.2855,-0.3328,17.6736,18.2187,19.3071,0.1808,18.0696
133.399,-0.8792,0.2858,-0.3325,17.6736,18.2187,19.3072,0.1808,18.0696
133.499,-0.8792,0.2858,-0.3325,17.6736,18.2187,19.3072,0.1808,18.0696
133.504,-0.8792,0.2858,-0.3325,17.6836,18.2287,19.3172,0.1808,18.0796
133.504,-0.8790,0.2860,-0.3325,17.6830,18.2287,19.3172,0.1810,18.0790
133.505,-0.8792,0.2860,-0.3322,17.6830,18.2281,19.3172,0.1808,18.0790
133.505,-0.8792,0.2863,-0.3320,17.6830,18.2281,19.3173,0.1808,18.0790
133.599,-0.8792,0.2863,-0.3320,17.6930,18.2381,19.3273,0.1808,18.0890
133.600,-0.8790,0.2866,-0.3320,17.6924,18.2381,19.3273,0.1810,18.0884
133.600,-0.8792,0.2866,-0.3317,17.6924,18.2376,19.3273,0.1808,18.0884
133.600,-0.8792,0.2868,-0.3314,17.6924,18.2376,19.3274,0.1808,18.0884
133.699,-0.8792,0.2868,-0.3314,17.7024,18.2475,19.3374,0.1808,18.0984
133.699,-0.8791,0.2871,-0.3314,17.7019,18.2475,19.3374,0.1809,18.0979
133.699,-0.8793,0.2871,-0.3311,17.7019,18.2470,19.3374,0.1807,18.0979
133.699,-0.8793,0.2873,-0.3309,17.7019,18.2470,19.3375,0.1807,18.0979
133.799,-0.8793,0.2873,-0.3309,17.7019,18.2470,19.3375,0.1807,18.0979
133.805,-0.8793,0.2873,-0.3309,17.7118,18.2570,19.3475,0.1807,18.1078
133.805,-0.8791,0.2876,-0.3309,17.7113,18.2570,19.3475,0.1809,18.1073
133.805,-0.8793,0.2876,-0.3306,17.7113,18.2564,19.3475,0.1807,18.1073
133.805,-0.8793,0.2879,-0.3303,17.7113,18.2564,19.3476,0.1807,18.1073
133.906,-0.8793,0.2879,-0.3303,17.7113,18.2564,19.3476,0.1807,18.1073
133.907,-0.8793,0.2879,-0.3303,17.7213,18.2664,19.3575,0.1807,18.1173
133.907,-0.8791,0.2881,-0.3303,17.7207,18.2664,19.3575,0.1809,18.1167
133.908,-0.8793,0.2881,-0.3300,17.7207,18.2658,19.3575,0.1807,18.1167
133.908,-0.8793,0.2884,-0.3298,17.7207,18.2658,19.3577,0.1807,18.1167
134.002,-0.8793,0.2884,-0.3298,17.7307,18.2758,19.3676,0.1807,18.1267
134.002,-0.8792,0.2886,-0.3298,17.7301,18.2758,19.3676,0.1808,18.1261
134.003,-0.8794,0.2886,-0.3295,17.7301,18.2752,19.3676,0.1806,18.1261
134.003,-0.8794,0.2889,-0.3292,17.7301,18.2752,19.3677,0.1806,18.1261
134.098,-0.8794,0.2889,-0.3292,17.7401,18.2852,19.3777,0.1806,18.1361
134.099,-0.8792,0.2891,-0.3292,17.7395,18.2852,19.3777,0.1808,18.1355
134.099,-0.8794,0.2891,-0.3289,17.7395,18.2846,19.3777,0.1806,18.1355
134.099,-0.8794,0.2894,-0.3286,17.7395,18.2846,19.3778,0.1806,18.1355
134.199,-0.8794,0.2894,-0.3286,17.7395,18.2846,19.3778,0.1806,18.1355
134.206,-0.8794,0.2894,-0.3286,17.7494,18.2946,19.3877,0.1806,18.1454
134.206,-0.8792,0.2897,-0.3286,17.7489,18.2946,19.3877,0.1808,18.1449
134.206,-0.8794,0.2897,-0.3283,17.7489,18.2940,19.3877,0.1806,18.1449
134.207,-0.8794,0.2900,-0.3281,17.7489,18.2940,19.3878,0.1806,18.1449
134.302,-0.8794,0.2900,-0.3281,17.7588,18.3039,19.3978,0.1806,18.1548
134.302,-0.8792,0.2902,-0.3281,17.7582,18.3039,19.3978,0.1808,18.1542
134.302,-0.8794,0.2902,-0.3278,17.7582,18.3034,19.3978,0.1806,18.1542
134.303,-0.8794,0.2905,-0.3275,17.7582,18.3034,19.3979,0.1806,18.1542
134.402,-0.8794,0.2905,-0.3275,17.7681,18.3133,19.4078,0.1806,18.1641
134.402,-0.8792,0.2908,-0.3275,17.7675,18.3133,19.4078,0.1808,18.1635
134.402,-0.8794,0.2908,-0.3272,17.7675,18.3128,19.4078,0.1806,18.1635
134.402,-0.8794,0.2911,-0.3270,17.7675,18.3128,19.4079,0.1806,18.1635
134.501,-0.8794,0.2911,-0.3270,17.7775,18.3227,19.4178,0.1806,18.1735
134.501,-0.8792,0.2913,-0.3270,17.7769,18.3227,19.4178,0.1808,18.1729
134.501,-0.8794,0.2913,-0.3267,17.7769,18.3222,19.4178,0.1806,18.1729
134.501,-0.8794,0.2916,-0.3264,17.7769,18.3222,19.4180,0.1806,18.1729
134.598,-0.8794,0.2916,-0.3264,17.7868,18.3321,19.4279,0.1806,18.1828
134.598,-0.8791,0.2919,-0.3264,17.7862,18.3321,19.4279,0.1809,18.1822
134.598,-0.8794,0.2919,-0.3261,17.7862,18.3316,19.4279,0.1806,18.1822
134.598,-0.8794,0.2922,-0.3259,17.7862,18.3316,19.4280,0.1806,18.1822
134.699,-0.8794,0.2922,-0.3259,17.7862,18.3316,19.4280,0.1806,18.1822
134.704,-0.8794,0.2922,-0.3259,17.7962,18.3416,19.4380,0.1806,18.1922
134.705,-0.8791,0.2925,-0.3259,17.7956,18.3416,19.4380,0.1809,18.1916
134.705,-0.8793,0.2925,-0.3256,17.7956,18.3410,19.4380,0.1807,18.1916
134.705,-0.8793,0.2927,-0.3253,17.7956,18.3410,19.4381,0.1807,18.1916
134.800,-0.8793,0.2927,-0.3253,17.8055,18.3510,19.4480,0.1807,18.2015
134.800,-0.8791,0.2930,-0.3253,17.8049,18.3510,19.4480,0.1809,18.2009
134.801,-0.8793,0.2930,-0.3250,17.8049,18.3504,19.4480,0.1807,18.2009
134.801,-0.8793,0.2933,-0.3248,17.8049,18.3504,19.4482,0.1807,18.2009
134.899,-0.8793,0.2933,-0.3248,17.8149,18.3604,19.4581,0.1807,18.2109
134.899,-0.8791,0.2936,-0.3248,17.8143,18.3604,19.4581,0.1809,18.2103
134.900,-0.8793,0.2936,-0.3245,17.8143,18.3598,19.4581,0.1807,18.2103
134.900,-0.8793,0.2938,-0.3242,17.8143,18.3598,19.4582,0.1807,18.2103
135.000,-0.8793,0.2938,-0.3242,17.8143,18.3598,19.4582,0.1807,18.2103
135.006,-0.8793,0.2938,-0.3242,17.8243,18.3698,19.4682,0.1807,18.2203
135.006,-0.8791,0.2941,-0.3242,17.8237,18.3698,19.4682,0.1809,18.2197
135.006,-0.8793,0.2941,-0.3239,17.8237,18.3693,19.4682,0.1807,18.2197
135.006,-0.8793,0.2944,-0.3237,17.8237,18.3693,19.4683,0.1807,18.2197
135.103,-0.8793,0.2944,-0.3237,17.8337,18.3792,19.4783,0.1807,18.2297
135.104,-0.8792,0.2946,-0.3237,17.8331,18.3792,19.4783,0.1808,18.2291
135.104,-0.8794,0.2946,-0.3234,17.8331,18.3787,19.4783,0.1806,18.2291
135.104,-0.8794,0.2949,-0.3231,17.8331,18.3787,19.4784,0.1806,18.2291
135.199,-0.8794,0.2949,-0.3231,17.8431,18.3887,19.4884,0.1806,18.2391
135.199,-0.8792,0.2951,-0.3231,17.8426,18.3887,19.4884,0.1808,18.2386
135.199,-0.8794,0.2951,-0.3228,17.8426,18.3881,19.4884,0.1806,18.2386
135.199,-0.8794,0.2954,-0.3225,17.8426,18.3881,19.4885,0.1806,18.2386
135.300,-0.8794,0.2954,-0.3225,17.8426,18.3881,19.4885,0.1806,18.2386
135.306,-0.8794,0.2954,-0.3225,17.8525,18.3981,19.4984,0.1806,18.2485
135.306,-0.8792,0.2956,-0.3225,17.8520,18.3981,19.4984,0.1808,18.2480
135.306,-0.8794,0.2956,-0.3222,17.8520,18.3975,19.4984,0.1806,18.2480
135.306,-0.8794,0.2959,-0.3220,17.8520,18.3975,19.4986,0.1806,18.2480
135.403,-0.8794,0.2959,-0.3220,17.8620,18.4075,19.5085,0.1806,18.2580
135.403,-0.8793,0.2962,-0.3220,17.8614,18.4075,19.5085,0.1807,18.2574
135.403,-0.8795,0.2962,-0.3217,17.8614,18.4069,19.5085,0.1805,18.2574
135.403,-0.8795,0.2964,-0.3214,17.8614,18.4069,19.5086,0.1805,18.2574
135.503,-0.8795,0.2964,-0.3214,17.8614,18.4069,19.5086,0.1805,18.2574
135.504,-0.8795,0.2964,-0.3214,17.8714,18.4169,19.5186,0.1805,18.2674
135.504,-0.8793,0.2967,-0.3214,17.8708,18.4169,19.5186,0.1807,18.2668
135.504,-0.8795,0.2967,-0.3211,17.8708,18.4163,19.5186,0.1805,18.2668
135.504,-0.8795,0.2970,-0.3209,17.8708,18.4163,19.5187,0.1805,18.2668
135.600,-0.8795,0.2970,-0.3209,17.8807,18.4263,19.5286,0.1805,18.2767
135.600,-0.8793,0.2972,-0.3209,17.8801,18.4263,19.5286,0.1807,18.2761
135.600,-0.8795,0.2972,-0.3206,17.8801,18.4257,19.5286,0.1805,18.2761
135.600,-0.8795,0.2975,-0.3203,17.8801,18.4257,19.5288,0.1805,18.2761
135.700,-0.8795,0.2975,-0.3203,17.8801,18.4257,19.5288,0.1805,18.2761
135.706,-0.8795,0.2975,-0.3203,17.8901,18.4357,19.5387,0.1805,18.2861
135.706,-0.8793,0.2978,-0.3203,17.8895,18.4357,19.5387,0.1807,18.2855
135.706,-0.8795,0.2978,-0.3200,17.8895,18.4351,19.5387,0.1805,18.2855
135.706,-0.8795,0.2981,-0.3197,17.8895,18.4351,19.5388,0.1805,18.2855
135.802,-0.8795,0.2981,-0.3197,17.8994,18.4451,19.5487,0.1805,18.2954
135.802,-0.8793,0.2983,-0.3197,17.8988,18.4451,19.5487,0.1807,18.2948
135.802,-0.8795,0.2983,-0.3194,17.8988,18.4445,19.5487,0.1805,18.2948
135.802,-0.8795,0.2986,-0.3192,17.8988,18.4445,19.5488,0.1805,18.2948
135.900,-0.8795,0.2986,-0.3192,17.9088,18.4545,19.5588,0.1805,18.3048
135.901,-0.8792,0.2989,-0.3192,17.9082,18.4545,19.5588,0.1808,18.3042
135.901,-0.8794,0.2989,-0.3189,17.9082,18.4539,19.5588,0.1806,18.3042
135.901,-0.8794,0.2992,-0.3186,17.9082,18.4539,19.5589,0.1806,18.3042
135.997,-0.8794,0.2992,-0.3186,17.9181,18.4639,19.5688,0.1806,18.3141
135.997,-0.8792,0.2995,-0.3186,17.9175,18.4639,19.5688,0.1808,18.3135
135.997,-0.8794,0.2995,-0.3183,17.9175,18.4634,19.5688,0.1806,18.3135
135.997,-0.8794,0.2997,-0.3181,17.9175,18.4634,19.5690,0.1806,18.3135
136.097,-0.8794,0.2997,-0.3181,17.9175,18.4634,19.5690,0.1806,18.3135
136.102,-0.8794,0.2997,-0.3181,17.9275,18.4733,19.5789,0.1806,18.3235
136.102,-0.8792,0.3000,-0.3181,17.9269,18.4733,19.5789,0.1808,18.3229
136.102,-0.8794,0.3000,-0.3178,17.9269,18.4728,19.5789,0.1806,18.3229
136.102,-0.8794,0.3003,-0.3175,17.9269,18.4728,19.5790,0.1806,18.3229
136.202,-0.8794,0.3003,-0.3175,17.9368,18.4827,19.5890,0.1806,18.3328
136.203,-0.8792,0.3006,-0.3175,17.9363,18.4827,19.5890,0.1808,18.3323
136.203,-0.8794,0.3006,-0.3172,17.9363,18.4822,19.5890,0.1806,18.3323
136.203,-0.8794,0.3009,-0.3170,17.9363,18.4822,19.5891,0.1806,18.3323
136.298,-0.8794,0.3009,-0.3170,17.9462,18.4922,19.5991,0.1806,18.3422
136.298,-0.8792,0.3011,-0.3170,17.9457,18.4922,19.5991,0.1808,18.3417
136.299,-0.8794,0.3011,-0.3167,17.9457,18.4916,19.5991,0.1806,18.3417
136.299,-0.8794,0.3014,-0.3164,17.9457,18.4916,19.5992,0.1806,18.3417
136.399,-0.8794,0.3014,-0.3164,17.9457,18.4916,19.5992,0.1806,18.3417
136.405,-0.8794,0.3014,-0.3164,17.9556,18.5016,19.6091,0.1806,18.3516
136.405,-0.8792,0.3016,-0.3164,17.9551,18.5016,19.6091,0.1808,18.3511
136.405,-0.8794,0.3016,-0.3161,17.9551,18.5010,19.6091,0.1806,18.3511
136.405,-0.8794,0.3019,-0.3159,17.9551,18.5010,19.6093,0.1806,18.3511
136.501,-0.8794,0.3019,-0.3159,17.9650,18.5110,19.6192,0.1806,18.3610
136.501,-0.8792,0.3022,-0.3159,17.9645,18.5110,19.6192,0.1808,18.3605
136.501,-0.8795,0.3022,-0.3156,17.9645,18.5104,19.6192,0.1805,18.3605
136.501,-0.8795,0.3024,-0.3153,17.9645,18.5104,19.6193,0.1805,18.3605
136.597,-0.8795,0.3024,-0.3153,17.9745,18.5204,19.6293,0.1805,18.3705
136.598,-0.8793,0.3027,-0.3153,17.9739,18.5204,19.6293,0.1807,18.3699
136.598,-0.8795,0.3027,-0.3150,17.9739,18.5199,19.6293,0.1805,18.3699
136.598,-0.8795,0.3029,-0.3148,17.9739,18.5199,19.6294,0.1805,18.3699
136.698,-0.8795,0.3029,-0.3148,17.9739,18.5199,19.6294,0.1805,18.3699
136.704,-0.8795,0.3029,-0.3148,17.9839,18.5298,19.6394,0.1805,18.3799
136.704,-0.8793,0.3032,-0.3148,17.9833,18.5298,19.6394,0.1807,18.3793
136.704,-0.8795,0.3032,-0.3145,17.9833,18.5293,19.6394,0.1805,18.3793
136.705,-0.8795,0.3035,-0.3142,17.9833,18.5293,19.6395,0.1805,18.3793
136.801,-0.8795,0.3035,-0.3142,17.9933,18.5393,19.6495,0.1805,18.3893
136.801,-0.8793,0.3037,-0.3142,17.9927,18.5393,19.6495,0.1807,18.3887
136.801,-0.8796,0.3037,-0.3139,17.9927,18.5387,19.6495,0.1804,18.3887
136.801,-0.8796,0.3040,-0.3136,17.9927,18.5387,19.6496,0.1804,18.3887
136.897,-0.8796,0.3040,-0.3136,18.0027,18.5487,19.6595,0.1804,18.3987
136.897,-0.8794,0.3042,-0.3136,18.0021,18.5487,19.6595,0.1806,18.3981
136.897,-0.8796,0.3042,-0.3133,18.0021,18.5481,19.6595,0.1804,18.3981
136.897,-0.8796,0.3045,-0.3131,18.0021,18.5481,19.6596,0.1804,18.3981
136.998,-0.8796,0.3045,-0.3131,18.0021,18.5481,19.6596,0.1804,18.3981
137.008,-0.8796,0.3045,-0.3131,18.0121,18.5581,19.6696,0.1804,18.4081
137.008,-0.8794,0.3048,-0.3131,18.0115,18.5581,19.6696,0.1806,18.4075
137.008,-0.8796,0.3048,-0.3128,18.0115,18.5575,19.6696,0.1804,18.4075
137.008,-0.8796,0.3051,-0.3125,18.0115,18.5575,19.6697,0.1804,18.4075
137.101,-0.8796,0.3051,-0.3125,18.0214,18.5675,19.6796,0.1804,18.4174
137.102,-0.8793,0.3054,-0.3125,18.0208,18.5675,19.6796,0.1807,18.4168
137.102,-0.8796,0.3054,-0.3122,18.0208,18.5669,19.6796,0.1804,18.4168
137.102,-0.8796,0.3056,-0.3120,18.0208,18.5669,19.6798,0.1804,18.4168
137.197,-0.8796,0.3056,-0.3120,18.0308,18.5769,19.6897,0.1804,18.4268
137.197,-0.8793,0.3059,-0.3120,18.0302,18.5769,19.6897,0.1807,18.4262
137.197,-0.8795,0.3059,-0.3117,18.0302,18.5763,19.6897,0.1805,18.4262
137.197,-0.8795,0.3062,-0.3114,18.0302,18.5763,19.6898,0.1805,18.4262
137.298,-0.8795,0.3062,-0.3114,18.0302,18.5763,19.6898,0.1805,18.4262
137.303,-0.8795,0.3062,-0.3114,18.0401,18.5863,19.6997,0.1805,18.4361
137.303,-0.8793,0.3065,-0.3114,18.0395,18.5863,19.6997,0.1807,18.4355
137.303,-0.8795,0.3065,-0.3111,18.0395,18.5857,19.6997,0.1805,18.4355
137.303,-0.8795,0.3068,-0.3109,18.0395,18.5857,19.6999,0.1805,18.4355
137.399,-0.8795,0.3068,-0.3109,18.0494,18.5957,19.7098,0.1805,18.4454
137.400,-0.8793,0.3070,-0.3109,18.0488,18.5957,19.7098,0.1807,18.4448
137.400,-0.8795,0.3070,-0.3106,18.0488,18.5951,19.7098,0.1805,18.4448
137.400,-0.8795,0.3073,-0.3103,18.0488,18.5951,19.7099,0.1805,18.4448
137.500,-0.8795,0.3073,-0.3103,18.0488,18.5951,19.7099,0.1805,18.4448
137.504,-0.8795,0.3073,-0.3103,18.0588,18.6051,19.7198,0.1805,18.4548
137.505,-0.8793,0.3076,-0.3103,18.0582,18.6051,19.7198,0.1807,18.4542
137.505,-0.8795,0.3076,-0.3100,18.0582,18.6045,19.7198,0.1805,18.4542
137.505,-0.8795,0.3079,-0.3098,18.0582,18.6045,19.7200,0.1805,18.4542
137.600,-0.8795,0.3079,-0.3098,18.0682,18.6145,19.7299,0.1805,18.4642
137.600,-0.8793,0.3081,-0.3098,18.0676,18.6145,19.7299,0.1807,18.4636
137.600,-0.8795,0.3081,-0.3095,18.0676,18.6140,19.7299,0.1805,18.4636
137.600,-0.8795,0.3084,-0.3092,18.0676,18.6140,19.7300,0.1805,18.4636
137.700,-0.8795,0.3084,-0.3092,18.0676,18.6140,19.7300,0.1805,18.4636
137.706,-0.8795,0.3084,-0.3092,18.0776,18.6239,19.7400,0.1805,18.4736
137.706,-0.8793,0.3087,-0.3092,18.0770,18.6239,19.7400,0.1807,18.4730
137.706,-0.8795,0.3087,-0.3089,18.0770,18.6234,19.7400,0.1805,18.4730
137.706,-0.8795,0.3089,-0.3086,18.0770,18.6234,19.7401,0.1805,18.4730
137.802,-0.8795,0.3089,-0.3086,18.0870,18.6333,19.7501,0.1805,18.4830
137.802,-0.8793,0.3092,-0.3086,18.0864,18.6333,19.7501,0.1807,18.4824
137.802,-0.8795,0.3092,-0.3083,18.0864,18.6328,19.7501,0.1805,18.4824
137.802,-0.8795,0.3095,-0.3081,18.0864,18.6328,19.7502,0.1805,18.4824
137.899,-0.8795,0.3095,-0.3081,18.0964,18.6428,19.7601,0.1805,18.4924
137.899,-0.8793,0.3097,-0.3081,18.0958,18.6428,19.7601,0.1807,18.4918
137.899,-0.8795,0.3097,-0.3078,18.0958,18.6422,19.7601,0.1805,18.4918
137.899,-0.8795,0.3100,-0.3075,18.0958,18.6422,19.7603,0.1805,18.4918
138.000,-0.8795,0.3100,-0.3075,18.0958,18.6422,19.7603,0.1805,18.4918
138.005,-0.8795,0.3100,-0.3075,18.1058,18.6522,19.7702,0.1805,18.5018
138.005,-0.8794,0.3102,-0.3075,18.1052,18.6522,19.7702,0.1806,18.5012
138.005,-0.8796,0.3102,-0.3072,18.1052,18.6516,19.7702,0.1804,18.5012
138.005,-0.8796,0.3105,-0.3070,18.1052,18.6516,19.7703,0.1804,18.5012
138.101,-0.8796,0.3105,-0.3070,18.1152,18.6616,19.7802,0.1804,18.5112
138.101,-0.8794,0.3108,-0.3070,18.1146,18.6616,19.7802,0.1806,18.5106
138.101,-0.8796,0.3108,-0.3067,18.1146,18.6610,19.7802,0.1804,18.5106
138.101,-0.8796,0.3110,-0.3064,18.1146,18.6610,19.7804,0.1804,18.5106
138.197,-0.8796,0.3110,-0.3064,18.1245,18.6709,19.7903,0.1804,18.5205
138.198,-0.8794,0.3113,-0.3064,18.1240,18.6709,19.7903,0.1806,18.5200
138.198,-0.8796,0.3113,-0.3061,18.1240,18.6704,19.7903,0.1804,18.5200
138.198,-0.8796,0.3116,-0.3058,18.1240,18.6704,19.7904,0.1804,18.5200
138.298,-0.8796,0.3116,-0.3058,18.1240,18.6704,19.7904,0.1804,18.5200
138.304,-0.8796,0.3116,-0.3058,18.1339,18.6803,19.8004,0.1804,18.5299
138.304,-0.8794,0.3118,-0.3058,18.1334,18.6803,19.8004,0.1806,18.5294
138.304,-0.8796,0.3118,-0.3055,18.1334,18.6798,19.8004,0.1804,18.5294
138.305,-0.8796,0.3121,-0.3053,18.1334,18.6798,19.8005,0.1804,18.5294
138.400,-0.8796,0.3121,-0.3053,18.1433,18.6897,19.8104,0.1804,18.5393
138.400,-0.8794,0.3124,-0.3053,18.1427,18.6897,19.8104,0.1806,18.5387
138.400,-0.8796,0.3124,-0.3050,18.1427,18.6892,19.8104,0.1804,18.5387
138.400,-0.8796,0.3126,-0.3047,18.1427,18.6892,19.8105,0.1804,18.5387
138.496,-0.8796,0.3126,-0.3047,18.1527,18.6992,19.8205,0.1804,18.5487
138.496,-0.8794,0.3129,-0.3047,18.1521,18.6992,19.8205,0.1806,18.5481
138.496,-0.8796,0.3129,-0.3044,18.1521,18.6986,19.8205,0.1804,18.5481
138.496,-0.8796,0.3132,-0.3042,18.1521,18.6986,19.8206,0.1804,18.5481
138.597,-0.8796,0.3132,-0.3042,18.1521,18.6986,19.8206,0.1804,18.5481
138.600,-0.8796,0.3132,-0.3042,18.1620,18.7086,19.8306,0.1804,18.5580
138.600,-0.8794,0.3135,-0.3042,18.1614,18.7086,19.8306,0.1806,18.5574
138.600,-0.8796,0.3135,-0.3039,18.1614,18.7081,19.8306,0.1804,18.5574
138.600,-0.8796,0.3138,-0.3036,18.1614,18.7081,19.8307,0.1804,18.5574
138.693,-0.8796,0.3138,-0.3036,18.1714,18.7180,19.8406,0.1804,18.5674
138.694,-0.8794,0.3141,-0.3036,18.1708,18.7180,19.8406,0.1806,18.5668
138.694,-0.8796,0.3141,-0.3033,18.1708,18.7175,19.8406,0.1804,18.5668
138.694,-0.8796,0.3143,-0.3031,18.1708,18.7175,19.8407,0.1804,18.5668
138.794,-0.8796,0.3143,-0.3031,18.1708,18.7175,19.8407,0.1804,18.5668
138.800,-0.8796,0.3143,-0.3031,18.1808,18.7275,19.8507,0.1804,18.5768
138.800,-0.8793,0.3146,-0.3031,18.1802,18.7275,19.8507,0.1807,18.5762
138.800,-0.8796,0.3146,-0.3028,18.1802,18.7269,19.8507,0.1804,18.5762
138.800,-0.8796,0.3149,-0.3025,18.1802,18.7269,19.8508,0.1804,18.5762
138.900,-0.8796,0.3149,-0.3025,18.1802,18.7269,19.8508,0.1804,18.5762
138.906,-0.8796,0.3149,-0.3025,18.1901,18.7369,19.8608,0.1804,18.5861
138.906,-0.8793,0.3152,-0.3025,18.1895,18.7369,19.8608,0.1807,18.5855
138.906,-0.8795,0.3152,-0.3022,18.1895,18.7363,19.8608,0.1805,18.5855
138.906,-0.8795,0.3155,-0.3020,18.1895,18.7363,19.8609,0.1805,18.5855
139.000,-0.8795,0.3155,-0.3020,18.1995,18.7463,19.8708,0.1805,18.5955
139.000,-0.8793,0.3157,-0.3020,18.1989,18.7463,19.8708,0.1807,18.5949
139.000,-0.8796,0.3157,-0.3016,18.1989,18.7457,19.8708,0.1804,18.5949
139.001,-0.8796,0.3160,-0.3014,18.1989,18.7457,19.8710,0.1804,18.5949
139.101,-0.8796,0.3160,-0.3014,18.1989,18.7457,19.8710,0.1804,18.5949
139.107,-0.8796,0.3160,-0.3014,18.2089,18.7557,19.8809,0.1804,18.6049
139.107,-0.8794,0.3162,-0.3014,18.2083,18.7557,19.8809,0.1806,18.6043
139.107,-0.8796,0.3162,-0.3011,18.2083,18.7552,19.8809,0.1804,18.6043
139.107,-0.8796,0.3165,-0.3008,18.2083,18.7552,19.8810,0.1804,18.6043
139.203,-0.8796,0.3165,-0.3008,18.2183,18.7651,19.8910,0.1804,18.6143
139.203,-0.8794,0.3168,-0.3008,18.2178,18.7651,19.8910,0.1806,18.6138
139.203,-0.8796,0.3168,-0.3005,18.2178,18.7646,19.8910,0.1804,18.6138
139.204,-0.8796,0.3170,-0.3003,18.2178,18.7646,19.8911,0.1804,18.6138
139.299,-0.8796,0.3170,-0.3003,18.2277,18.7746,19.9011,0.1804,18.6237
139.299,-0.8794,0.3173,-0.3003,18.2272,18.7746,19.9011,0.1806,18.6232
139.299,-0.8796,0.3173,-0.3000,18.2272,18.7740,19.9011,0.1804,18.6232
139.299,-0.8796,0.3176,-0.2997,18.2272,18.7740,19.9012,0.1804,18.6232
139.399,-0.8796,0.3176,-0.2997,18.2272,18.7740,19.9012,0.1804,18.6232
139.405,-0.8796,0.3176,-0.2997,18.2372,18.7840,19.9111,0.1804,18.6332
139.405,-0.8794,0.3178,-0.2997,18.2366,18.7840,19.9111,0.1806,18.6326
139.405,-0.8797,0.3178,-0.2994,18.2366,18.7834,19.9111,0.1803,18.6326
139.405,-0.8797,0.3181,-0.2992,18.2366,18.7834,19.9113,0.1803,18.6326
139.500,-0.8797,0.3181,-0.2992,18.2466,18.7934,19.9212,0.1803,18.6426
139.501,-0.8795,0.3183,-0.2992,18.2460,18.7934,19.9212,0.1805,18.6420
139.501,-0.8797,0.3183,-0.2988,18.2460,18.7928,19.9212,0.1803,18.6420
139.501,-0.8797,0.3186,-0.2986,18.2460,18.7928,19.9213,0.1803,18.6420
139.597,-0.8797,0.3186,-0.2986,18.2560,18.8028,19.9313,0.1803,18.6520
139.597,-0.8795,0.3189,-0.2986,18.2554,18.8028,19.9313,0.1805,18.6514
139.597,-0.8797,0.3189,-0.2983,18.2554,18.8023,19.9313,0.1803,18.6514
139.597,-0.8797,0.3191,-0.2980,18.2554,18.8023,19.9314,0.1803,18.6514
139.697,-0.8797,0.3191,-0.2980,18.2554,18.8023,19.9314,0.1803,18.6514
139.708,-0.8797,0.3191,-0.2980,18.2654,18.8123,19.9414,0.1803,18.6614
139.708,-0.8795,0.3194,-0.2980,18.2648,18.8123,19.9414,0.1805,18.6608
139.708,-0.8797,0.3194,-0.2977,18.2648,18.8117,19.9414,0.1803,18.6608
139.708,-0.8797,0.3197,-0.2975,18.2648,18.8117,19.9415,0.1803,18.6608
139.804,-0.8797,0.3197,-0.2975,18.2748,18.8217,19.9515,0.1803,18.6708
139.804,-0.8795,0.3200,-0.2975,18.2742,18.8217,19.9515,0.1805,18.6702
139.804,-0.8797,0.3200,-0.2972,18.2742,18.8211,19.9515,0.1803,18.6702
139.805,-0.8797,0.3202,-0.2969,18.2742,18.8211,19.9516,0.1803,18.6702
139.900,-0.8797,0.3202,-0.2969,18.2842,18.8311,19.9616,0.1803,18.6802
139.901,-0.8795,0.3205,-0.2969,18.2836,18.8311,19.9616,0.1805,18.6796
139.901,-0.8797,0.3205,-0.2966,18.2836,18.8306,19.9616,0.1803,18.6796
139.901,-0.8797,0.3208,-0.2964,18.2836,18.8306,19.9617,0.1803,18.6796
139.996,-0.8797,0.3208,-0.2964,18.2935,18.8406,19.9716,0.1803,18.6895
139.996,-0.8794,0.3211,-0.2964,18.2929,18.8406,19.9716,0.1806,18.6889
139.996,-0.8797,0.3211,-0.2961,18.2929,18.8400,19.9716,0.1803,18.6889
139.996,-0.8797,0.3214,-0.2958,18.2929,18.8400,19.9718,0.1803,18.6889
140.097,-0.8797,0.3214,-0.2958,18.2929,18.8400,19.9718,0.1803,18.6889
140.102,-0.8797,0.3214,-0.2958,18.3029,18.8500,19.9817,0.1803,18.6989
140.102,-0.8794,0.3217,-0.2958,18.3023,18.8500,19.9817,0.1806,18.6983
140.102,-0.8796,0.3217,-0.2955,18.3023,18.8494,19.9817,0.1804,18.6983
140.102,-0.8796,0.3219,-0.2953,18.3023,18.8494,19.9818,0.1804,18.6983
140.197,-0.8796,0.3219,-0.2953,18.3122,18.8594,19.9917,0.1804,18.7082
140.197,-0.8794,0.3222,-0.2953,18.3116,18.8594,19.9917,0.1806,18.7076
140.198,-0.8796,0.3222,-0.2950,18.3116,18.8588,19.9917,0.1804,18.7076
140.198,-0.8796,0.3225,-0.2947,18.3116,18.8588,19.9919,0.1804,18.7076
140.298,-0.8796,0.3225,-0.2947,18.3116,18.8588,19.9919,0.1804,18.7076
140.304,-0.8796,0.3225,-0.2947,18.3216,18.8688,20.0018,0.1804,18.7176
140.304,-0.8794,0.3228,-0.2947,18.3210,18.8688,20.0018,0.1806,18.7170
140.304,-0.8796,0.3228,-0.2944,18.3210,18.8682,20.0018,0.1804,18.7170
140.304,-0.8796,0.3230,-0.2941,18.3210,18.8682,20.0019,0.1804,18.7170
140.400,-0.8796,0.3230,-0.2941,18.3309,18.8782,20.0118,0.1804,18.7269
140.400,-0.8794,0.3233,-0.2941,18.3304,18.8782,20.0118,0.1806,18.7264
140.400,-0.8796,0.3233,-0.2938,18.3304,18.8776,20.0118,0.1804,18.7264
140.400,-0.8796,0.3236,-0.2936,18.3304,18.8776,20.0119,0.1804,18.7264
140.500,-0.8796,0.3236,-0.2936,18.3304,18.8776,20.0119,0.1804,18.7264
140.505,-0.8796,0.3236,-0.2936,18.3403,18.8876,20.0219,0.1804,18.7363
140.505,-0.8794,0.3238,-0.2936,18.3397,18.8876,20.0219,0.1806,18.7357
140.506,-0.8797,0.3238,-0.2933,18.3397,18.8870,20.0219,0.1803,18.7357
140.506,-0.8797,0.3241,-0.2930,18.3397,18.8870,20.0220,0.1803,18.7357
140.600,-0.8797,0.3241,-0.2930,18.3497,18.8970,20.0319,0.1803,18.7457
140.600,-0.8795,0.3243,-0.2930,18.3491,18.8970,20.0319,0.1805,18.7451
140.601,-0.8797,0.3243,-0.2927,18.3491,18.8964,20.0319,0.1803,18.7451
140.601,-0.8797,0.3246,-0.2925,18.3491,18.8964,20.0320,0.1803,18.7451
140.701,-0.8797,0.3246,-0.2925,18.3491,18.8964,20.0320,0.1803,18.7451
140.702,-0.8797,0.3246,-0.2925,18.3591,18.9064,20.0420,0.1803,18.7551
140.702,-0.8795,0.3249,-0.2925,18.3586,18.9064,20.0420,0.1805,18.7546
140.702,-0.8797,0.3249,-0.2922,18.3586,18.9058,20.0420,0.1803,18.7546
140.702,-0.8797,0.3251,-0.2919,18.3586,18.9058,20.0421,0.1803,18.7546
140.800,-0.8797,0.3251,-0.2919,18.3685,18.9158,20.0521,0.1803,18.7645
140.800,-0.8795,0.3254,-0.2919,18.3680,18.9158,20.0521,0.1805,18.7640
140.800,-0.8797,0.3254,-0.2916,18.3680,18.9152,20.0521,0.1803,18.7640
140.800,-0.8797,0.3257,-0.2913,18.3680,18.9152,20.0522,0.1803,18.7640
140.901,-0.8797,0.3257,-0.2913,18.3680,18.9152,20.0522,0.1803,18.7640
140.906,-0.8797,0.3257,-0.2913,18.3779,18.9252,20.0621,0.1803,18.7739
140.906,-0.8796,0.3259,-0.2913,18.3774,18.9252,20.0621,0.1804,18.7734
140.906,-0.8798,0.3259,-0.2910,18.3774,18.9246,20.0621,0.1802,18.7734
140.906,-0.8798,0.3262,-0.2908,18.3774,18.9246,20.0623,0.1802,18.7734
141.002,-0.8798,0.3262,-0.2908,18.3873,18.9346,20.0722,0.1802,18.7833
141.002,-0.8796,0.3265,-0.2908,18.3868,18.9346,20.0722,0.1804,18.7828
141.002,-0.8798,0.3265,-0.2905,18.3868,18.9341,20.0722,0.1802,18.7828
141.002,-0.8798,0.3267,-0.2902,18.3868,18.9341,20.0723,0.1802,18.7828
141.098,-0.8798,0.3267,-0.2902,18.3967,18.9440,20.0823,0.1802,18.7927
141.098,-0.8796,0.3270,-0.2902,18.3961,18.9440,20.0823,0.1804,18.7921
141.099,-0.8798,0.3270,-0.2899,18.3961,18.9435,20.0823,0.1802,18.7921
141.099,-0.8798,0.3273,-0.2897,18.3961,18.9435,20.0824,0.1802,18.7921
141.199,-0.8798,0.3273,-0.2897,18.3961,18.9435,20.0824,0.1802,18.7921
141.205,-0.8798,0.3273,-0.2897,18.4061,18.9534,20.0923,0.1802,18.8021
141.205,-0.8796,0.3276,-0.2897,18.4055,18.9534,20.0923,0.1804,18.8015
141.205,-0.8798,0.3276,-0.2893,18.4055,18.9529,20.0923,0.1802,18.8015
141.205,-0.8798,0.3278,-0.2891,18.4055,18.9529,20.0925,0.1802,18.8015
141.301,-0.8798,0.3278,-0.2891,18.4155,18.9629,20.1024,0.1802,18.8115
141.301,-0.8795,0.3281,-0.2891,18.4149,18.9629,20.1024,0.1805,18.8109
141.301,-0.8797,0.3281,-0.2888,18.4149,18.9623,20.1024,0.1803,18.8109
141.301,-0.8797,0.3284,-0.2885,18.4149,18.9623,20.1025,0.1803,18.8109
141.396,-0.8797,0.3284,-0.2885,18.4248,18.9723,20.1125,0.1803,18.8208
141.396,-0.8795,0.3287,-0.2885,18.4242,18.9723,20.1125,0.1805,18.8202
141.396,-0.8797,0.3287,-0.2882,18.4242,18.9718,20.1125,0.1803,18.8202
141.396,-0.8797,0.3290,-0.2880,18.4242,18.9718,20.1126,0.1803,18.8202
141.497,-0.8797,0.3290,-0.2880,18.4242,18.9718,20.1126,0.1803,18.8202
141.502,-0.8797,0.3290,-0.2880,18.4342,18.9817,20.1226,0.1803,18.8302
141.502,-0.8795,0.3293,-0.2880,18.4336,18.9817,20.1226,0.1805,18.8296
141.502,-0.8797,0.3293,-0.2877,18.4336,18.9812,20.1226,0.1803,18.8296
141.502,-0.8797,0.3295,-0.2874,18.4336,18.9812,20.1227,0.1803,18.8296
141.602,-0.8797,0.3295,-0.2874,18.4436,18.9912,20.1326,0.1803,18.8396
141.602,-0.8795,0.3298,-0.2874,18.4430,18.9912,20.1326,0.1805,18.8390
141.602,-0.8797,0.3298,-0.2871,18.4430,18.9906,20.1326,0.1803,18.8390
141.602,-0.8797,0.3301,-0.2869,18.4430,18.9906,20.1328,0.1803,18.8390
141.698,-0.8797,0.3301,-0.2869,18.4530,19.0006,20.1427,0.1803,18.8490
141.698,-0.8795,0.3304,-0.2869,18.4524,19.0006,20.1427,0.1805,18.8484
141.698,-0.8797,0.3304,-0.2866,18.4524,19.0000,20.1427,0.1803,18.8484
141.699,-0.8797,0.3306,-0.2863,18.4524,19.0000,20.1428,0.1803,18.8484
141.799,-0.8797,0.3306,-0.2863,18.4524,19.0000,20.1428,0.1803,18.8484
141.805,-0.8797,0.3306,-0.2863,18.4624,19.0100,20.1528,0.1803,18.8584
141.805,-0.8795,0.3309,-0.2863,18.4618,19.0100,20.1528,0.1805,18.8578
141.806,-0.8797,0.3309,-0.2860,18.4618,19.0095,20.1528,0.1803,18.8578
141.806,-0.8797,0.3312,-0.2858,18.4618,19.0095,20.1529,0.1803,18.8578
141.906,-0.8797,0.3312,-0.2858,18.4618,19.0095,20.1529,0.1803,18.8578
141.907,-0.8797,0.3312,-0.2858,18.4718,19.0194,20.1629,0.1803,18.8678
141.907,-0.8795,0.3314,-0.2858,18.4712,19.0194,20.1629,0.1805,18.8672
141.907,-0.8797,0.3314,-0.2855,18.4712,19.0189,20.1629,0.1803,18.8672
141.908,-0.8797,0.3317,-0.2852,18.4712,19.0189,20.1630,0.1803,18.8672
141.995,-0.8797,0.3317,-0.2852,18.4812,19.0289,20.1729,0.1803,18.8772
141.995,-0.8796,0.3319,-0.2852,18.4806,19.0289,20.1729,0.1804,18.8766
141.995,-0.8798,0.3319,-0.2849,18.4806,19.0283,20.1729,0.1802,18.8766
141.995,-0.8798,0.3322,-0.2846,18.4806,19.0283,20.1731,0.1802,18.8766
142.096,-0.8798,0.3322,-0.2846,18.4806,19.0283,20.1731,0.1802,18.8766
142.101,-0.8798,0.3322,-0.2846,18.4906,19.0383,20.1830,0.1802,18.8866
142.102,-0.8796,0.3324,-0.2846,18.4901,19.0383,20.1830,0.1804,18.8861
142.102,-0.8798,0.3324,-0.2843,18.4901,19.0377,20.1830,0.1802,18.8861
142.102,-0.8798,0.3327,-0.2841,18.4901,19.0377,20.1831,0.1802,18.8861
142.198,-0.8798,0.3327,-0.2841,18.5000,19.0477,20.1931,0.1802,18.8960
142.198,-0.8796,0.3330,-0.2841,18.4995,19.0477,20.1931,0.1804,18.8955
142.198,-0.8798,0.3330,-0.2838,18.4995,19.0472,20.1931,0.1802,18.8955
142.198,-0.8798,0.3332,-0.2835,18.4995,19.0472,20.1932,0.1802,18.8955
142.298,-0.8798,0.3332,-0.2835,18.4995,19.0472,20.1932,0.1802,18.8955
142.305,-0.8798,0.3332,-0.2835,18.5095,19.0571,20.2032,0.1802,18.9055
142.305,-0.8796,0.3335,-0.2835,18.5089,19.0571,20.2032,0.1804,18.9049
142.305,-0.8799,0.3335,-0.2832,18.5089,19.0566,20.2032,0.1801,18.9049
142.305,-0.8799,0.3338,-0.2830,18.5089,19.0566,20.2033,0.1801,18.9049
142.402,-0.8799,0.3338,-0.2830,18.5189,19.0666,20.2133,0.1801,18.9149
142.402,-0.8796,0.3341,-0.2830,18.5183,19.0666,20.2133,0.1804,18.9143
142.402,-0.8799,0.3341,-0.2826,18.5183,19.0660,20.2133,0.1801,18.9143
142.402,-0.8799,0.3343,-0.2824,18.5183,19.0660,20.2134,0.1801,18.9143
142.502,-0.8799,0.3343,-0.2824,18.5283,19.0760,20.2233,0.1801,18.9243
142.502,-0.8796,0.3346,-0.2824,18.5277,19.0760,20.2233,0.1804,18.9237
142.502,-0.8798,0.3346,-0.2821,18.5277,19.0755,20.2233,0.1802,18.9237
142.502,-0.8798,0.3349,-0.2818,18.5277,19.0755,20.2235,0.1802,18.9237
142.597,-0.8798,0.3349,-0.2818,18.5376,19.0854,20.2334,0.1802,18.9336
142.597,-0.8796,0.3352,-0.2818,18.5370,19.0854,20.2334,0.1804,18.9330
142.598,-0.8798,0.3352,-0.2815,18.5370,19.0849,20.2334,0.1802,18.9330
142.598,-0.8798,0.3354,-0.2813,18.5370,19.0849,20.2335,0.1802,18.9330
142.698,-0.8798,0.3354,-0.2813,18.5370,19.0849,20.2335,0.1802,18.9330
142.703,-0.8798,0.3354,-0.2813,18.5470,19.0949,20.2435,0.1802,18.9430
142.703,-0.8796,0.3357,-0.2813,18.5464,19.0949,20.2435,0.1804,18.9424
142.704,-0.8798,0.3357,-0.2810,18.5464,19.0943,20.2435,0.1802,18.9424
142.704,-0.8798,0.3360,-0.2807,18.5464,19.0943,20.2436,0.1802,18.9424
142.799,-0.8798,0.3360,-0.2807,18.5563,19.1043,20.2535,0.1802,18.9523
142.799,-0.8796,0.3363,-0.2807,18.5557,19.1043,20.2535,0.1804,18.9517
142.800,-0.8798,0.3363,-0.2804,18.5557,19.1037,20.2535,0.1802,18.9517
142.800,-0.8798,0.3366,-0.2802,18.5557,19.1037,20.2537,0.1802,18.9517
142.900,-0.8798,0.3366,-0.2802,18.5557,19.1037,20.2537,0.1802,18.9517
142.905,-0.8798,0.3366,-0.2802,18.5657,19.1137,20.2636,0.1802,18.9617
142.909,-0.8796,0.3369,-0.2802,18.5651,19.1137,20.2636,0.1804,18.9611
142.909,-0.8798,0.3369,-0.2799,18.5651,19.1131,20.2636,0.1802,18.9611
142.909,-0.8798,0.3371,-0.2796,18.5651,19.1131,20.2637,0.1802,18.9611
143.006,-0.8798,0.3371,-0.2796,18.5750,19.1231,20.2736,0.1802,18.9710
143.007,-0.8796,0.3374,-0.2796,18.5745,19.1231,20.2736,0.1804,18.9705
143.007,-0.8798,0.3374,-0.2793,18.5745,19.1225,20.2736,0.1802,18.9705
143.007,-0.8798,0.3377,-0.2791,18.5745,19.1225,20.2738,0.1802,18.9705
143.102,-0.8798,0.3377,-0.2791,18.5844,19.1325,20.2837,0.1802,18.9804
143.103,-0.8796,0.3380,-0.2791,18.5838,19.1325,20.2837,0.1804,18.9798
143.103,-0.8798,0.3380,-0.2788,18.5838,19.1319,20.2837,0.1802,18.9798
143.103,-0.8798,0.3382,-0.2785,18.5838,19.1319,20.2838,0.1802,18.9798
143.199,-0.8798,0.3382,-0.2785,18.5938,19.1419,20.2937,0.1802,18.9898
143.199,-0.8796,0.3385,-0.2785,18.5932,19.1419,20.2937,0.1804,18.9892
143.199,-0.8798,0.3385,-0.2782,18.5932,19.1413,20.2937,0.1802,18.9892
143.200,-0.8798,0.3387,-0.2779,18.5932,19.1413,20.2939,0.1802,18.9892
143.300,-0.8798,0.3387,-0.2779,18.5932,19.1413,20.2939,0.1802,18.9892
143.305,-0.8798,0.3387,-0.2779,18.6032,19.1513,20.3038,0.1802,18.9992
143.305,-0.8796,0.3390,-0.2779,18.6027,19.1513,20.3038,0.1804,18.9987
143.306,-0.8798,0.3390,-0.2776,18.6027,19.1508,20.3038,0.1802,18.9987
143.306,-0.8798,0.3393,-0.2774,18.6027,19.1508,20.3039,0.1802,18.9987
143.401,-0.8798,0.3393,-0.2774,18.6126,19.1607,20.3139,0.1802,19.0086
143.401,-0.8797,0.3395,-0.2774,18.6121,19.1607,20.3139,0.1803,19.0081
143.401,-0.8799,0.3395,-0.2771,18.6121,19.1602,20.3139,0.1801,19.0081
143.402,-0.8799,0.3398,-0.2768,18.6121,19.1602,20.3140,0.1801,19.0081
143.497,-0.8799,0.3398,-0.2768,18.6221,19.1701,20.3240,0.1801,19.0181
143.498,-0.8797,0.3400,-0.2768,18.6215,19.1701,20.3240,0.1803,19.0175
143.498,-0.8799,0.3400,-0.2765,18.6215,19.1696,20.3240,0.1801,19.0175
143.498,-0.8799,0.3403,-0.2763,18.6215,19.1696,20.3241,0.1801,19.0175
143.598,-0.8799,0.3403,-0.2763,18.6215,19.1696,20.3241,0.1801,19.0175
143.609,-0.8799,0.3403,-0.2763,18.6315,19.1796,20.3340,0.1801,19.0275
143.610,-0.8797,0.3406,-0.2763,18.6309,19.1796,20.3340,0.1803,19.0269
143.610,-0.8799,0.3406,-0.2759,18.6309,19.1790,20.3340,0.1801,19.0269
143.610,-0.8799,0.3408,-0.2757,18.6309,19.1790,20.3342,0.1801,19.0269
143.705,-0.8799,0.3408,-0.2757,18.6409,19.1890,20.3441,0.1801,19.0369
143.705,-0.8797,0.3411,-0.2757,18.6403,19.1890,20.3441,0.1803,19.0363
143.705,-0.8799,0.3411,-0.2754,18.6403,19.1885,20.3441,0.1801,19.0363
143.705,-0.8799,0.3414,-0.2751,18.6403,19.1885,20.3442,0.1801,19.0363
143.801,-0.8799,0.3414,-0.2751,18.6503,19.1984,20.3542,0.1801,19.0463
143.801,-0.8797,0.3417,-0.2751,18.6497,19.1984,20.3542,0.1803,19.0457
143.801,-0.8799,0.3417,-0.2748,18.6497,19.1979,20.3542,0.1801,19.0457
143.801,-0.8799,0.3419,-0.2746,18.6497,19.1979,20.3543,0.1801,19.0457
143.894,-0.8799,0.3419,-0.2746,18.6597,19.2079,20.3643,0.1801,19.0557
143.894,-0.8797,0.3422,-0.2746,18.6591,19.2079,20.3643,0.1803,19.0551
143.895,-0.8799,0.3422,-0.2743,18.6591,19.2073,20.3643,0.1801,19.0551
143.895,-0.8799,0.3425,-0.2740,18.6591,19.2073,20.3644,0.1801,19.0551
143.995,-0.8799,0.3425,-0.2740,18.6591,19.2073,20.3644,0.1801,19.0551
144.001,-0.8799,0.3425,-0.2740,18.6691,19.2173,20.3744,0.1801,19.0651
144.001,-0.8797,0.3428,-0.2740,18.6685,19.2173,20.3744,0.1803,19.0645
144.001,-0.8799,0.3428,-0.2737,18.6685,19.2168,20.3744,0.1801,19.0645
144.001,-0.8799,0.3431,-0.2735,18.6685,19.2168,20.3745,0.1801,19.0645
144.097,-0.8799,0.3431,-0.2735,18.6784,19.2267,20.3844,0.1801,19.0744
144.097,-0.8797,0.3434,-0.2735,18.6778,19.2267,20.3844,0.1803,19.0738
144.097,-0.8799,0.3434,-0.2731,18.6778,19.2262,20.3844,0.1801,19.0738
144.097,-0.8799,0.3436,-0.2729,18.6778,19.2262,20.3846,0.1801,19.0738
144.197,-0.8799,0.3436,-0.2729,18.6778,19.2262,20.3846,0.1801,19.0738
144.205,-0.8799,0.3436,-0.2729,18.6878,19.2362,20.3945,0.1801,19.0838
144.205,-0.8797,0.3439,-0.2729,18.6872,19.2362,20.3945,0.1803,19.0832
144.205,-0.8799,0.3439,-0.2726,18.6872,19.2356,20.3945,0.1801,19.0832
144.205,-0.8799,0.3442,-0.2723,18.6872,19.2356,20.3946,0.1801,19.0832
144.299,-0.8799,0.3442,-0.2723,18.6971,19.2456,20.4045,0.1801,19.0931
144.299,-0.8796,0.3445,-0.2723,18.6966,19.2456,20.4045,0.1804,19.0926
144.299,-0.8799,0.3445,-0.2720,18.6966,19.2450,20.4045,0.1801,19.0926
144.299,-0.8799,0.3447,-0.2718,18.6966,19.2450,20.4047,0.1801,19.0926
144.400,-0.8799,0.3447,-0.2718,18.6966,19.2450,20.4047,0.1801,19.0926
144.405,-0.8799,0.3447,-0.2718,18.7065,19.2550,20.4146,0.1801,19.1025
144.405,-0.8796,0.3450,-0.2718,18.7059,19.2550,20.4146,0.1804,19.1019
144.406,-0.8799,0.3450,-0.2715,18.7059,19.2544,20.4146,0.1801,19.1019
144.406,-0.8799,0.3453,-0.2712,18.7059,19.2544,20.4147,0.1801,19.1019
144.501,-0.8799,0.3453,-0.2712,18.7159,19.2644,20.4246,0.1801,19.1119
144.502,-0.8797,0.3455,-0.2712,18.7153,19.2644,20.4246,0.1803,19.1113
144.502,-0.8799,0.3455,-0.2709,18.7153,19.2638,20.4246,0.1801,19.1113
144.502,-0.8799,0.3458,-0.2707,18.7153,19.2638,20.4248,0.1801,19.1113
144.596,-0.8799,0.3458,-0.2707,18.7253,19.2738,20.4347,0.1801,19.1213
144.596,-0.8797,0.3461,-0.2707,18.7247,19.2738,20.4347,0.1803,19.1207
144.597,-0.8799,0.3461,-0.2704,18.7247,19.2732,20.4347,0.1801,19.1207
144.597,-0.8799,0.3463,-0.2701,18.7247,19.2732,20.4348,0.1801,19.1207
144.697,-0.8799,0.3463,-0.2701,18.7247,19.2732,20.4348,0.1801,19.1207
144.702,-0.8799,0.3463,-0.2701,18.7347,19.2832,20.4448,0.1801,19.1307
144.702,-0.8797,0.3466,-0.2701,18.7342,19.2832,20.4448,0.1803,19.1302
144.703,-0.8799,0.3466,-0.2698,18.7342,19.2827,20.4448,0.1801,19.1302
144.703,-0.8799,0.3468,-0.2695,18.7342,19.2827,20.4449,0.1801,19.1302
144.799,-0.8799,0.3468,-0.2695,18.7441,19.2926,20.4549,0.1801,19.1401
144.799,-0.8797,0.3471,-0.2695,18.7436,19.2926,20.4549,0.1803,19.1396
144.799,-0.8800,0.3471,-0.2692,18.7436,19.2921,20.4549,0.1800,19.1396
144.799,-0.8800,0.3474,-0.2690,18.7436,19.2921,20.4550,0.1800,19.1396
144.900,-0.8800,0.3474,-0.2690,18.7436,19.2921,20.4550,0.1800,19.1396
144.908,-0.8800,0.3474,-0.2690,18.7536,19.3021,20.4649,0.1800,19.1496
144.908,-0.8798,0.3476,-0.2690,18.7530,19.3021,20.4649,0.1802,19.1490
144.908,-0.8800,0.3476,-0.2687,18.7530,19.3015,20.4649,0.1800,19.1490
144.908,-0.8800,0.3479,-0.2684,18.7530,19.3015,20.4651,0.1800,19.1490
145.004,-0.8800,0.3479,-0.2684,18.7630,19.3115,20.4750,0.1800,19.1590
145.004,-0.8798,0.3482,-0.2684,18.7624,19.3115,20.4750,0.1802,19.1584
145.004,-0.8800,0.3482,-0.2681,18.7624,19.3109,20.4750,0.1800,19.1584
145.004,-0.8800,0.3484,-0.2679,18.7624,19.3109,20.4751,0.1800,19.1584
145.099,-0.8800,0.3484,-0.2679,18.7724,19.3209,20.4851,0.1800,19.1684
145.100,-0.8798,0.3487,-0.2679,18.7718,19.3209,20.4851,0.1802,19.1678
145.100,-0.8800,0.3487,-0.2675,18.7718,19.3204,20.4851,0.1800,19.1678
145.100,-0.8800,0.3490,-0.2673,18.7718,19.3204,20.4852,0.1800,19.1678
145.201,-0.8800,0.3490,-0.2673,18.7718,19.3204,20.4852,0.1800,19.1678
145.206,-0.8800,0.3490,-0.2673,18.7818,19.3303,20.4952,0.1800,19.1778
145.206,-0.8798,0.3493,-0.2673,18.7812,19.3303,20.4952,0.1802,19.1772
145.206,-0.8800,0.3493,-0.2670,18.7812,19.3298,20.4952,0.1800,19.1772
145.206,-0.8800,0.3495,-0.2667,18.7812,19.3298,20.4953,0.1800,19.1772
145.301,-0.8800,0.3495,-0.2667,18.7912,19.3398,20.5052,0.1800,19.1872
145.301,-0.8798,0.3498,-0.2667,18.7906,19.3398,20.5052,0.1802,19.1866
145.302,-0.8800,0.3498,-0.2664,18.7906,19.3392,20.5052,0.1800,19.1866
145.302,-0.8800,0.3501,-0.2662,18.7906,19.3392,20.5054,0.1800,19.1866
145.397,-0.8800,0.3501,-0.2662,18.8005,19.3492,20.5153,0.1800,19.1965
145.398,-0.8798,0.3504,-0.2662,18.7999,19.3492,20.5153,0.1802,19.1959
145.398,-0.8800,0.3504,-0.2659,18.7999,19.3487,20.5153,0.1800,19.1959
145.398,-0.8800,0.3507,-0.2656,18.7999,19.3487,20.5154,0.1800,19.1959
145.498,-0.8800,0.3507,-0.2656,18.7999,19.3487,20.5154,0.1800,19.1959
145.503,-0.8800,0.3507,-0.2656,18.8099,19.3587,20.5254,0.1800,19.2059
145.503,-0.8797,0.3510,-0.2656,18.8093,19.3587,20.5254,0.1803,19.2053
145.504,-0.8799,0.3510,-0.2653,18.8093,19.3581,20.5254,0.1801,19.2053
145.504,-0.8799,0.3512,-0.2651,18.8093,19.3581,20.5255,0.1801,19.2053
145.599,-0.8799,0.3512,-0.2651,18.8193,19.3681,20.5355,0.1801,19.2153
145.599,-0.8797,0.3515,-0.2651,18.8187,19.3681,20.5355,0.1803,19.2147
145.599,-0.8799,0.3515,-0.2648,18.8187,19.3676,20.5355,0.1801,19.2147
145.599,-0.8799,0.3518,-0.2645,18.8187,19.3676,20.5356,0.1801,19.2147
145.700,-0.8799,0.3518,-0.2645,18.8187,19.3676,20.5356,0.1801,19.2147
145.705,-0.8799,0.3518,-0.2645,18.8287,19.3775,20.5456,0.1801,19.2247
145.705,-0.8797,0.3521,-0.2645,18.8281,19.3775,20.5456,0.1803,19.2241
145.705,-0.8799,0.3521,-0.2642,18.8281,19.3770,20.5456,0.1801,19.2241
145.705,-0.8799,0.3523,-0.2640,18.8281,19.3770,20.5457,0.1801,19.2241
145.795,-0.8799,0.3523,-0.2640,18.8381,19.3870,20.5557,0.1801,19.2341
145.795,-0.8797,0.3526,-0.2640,18.8375,19.3870,20.5557,0.1803,19.2335
145.795,-0.8799,0.3526,-0.2636,18.8375,19.3864,20.5557,0.1801,19.2335
145.795,-0.8799,0.3529,-0.2634,18.8375,19.3864,20.5558,0.1801,19.2335
145.896,-0.8799,0.3529,-0.2634,18.8375,19.3864,20.5558,0.1801,19.2335
145.901,-0.8799,0.3529,-0.2634,18.8475,19.3964,20.5657,0.1801,19.2435
145.901,-0.8798,0.3531,-0.2634,18.8470,19.3964,20.5657,0.1802,19.2430
145.902,-0.8800,0.3531,-0.2631,18.8470,19.3959,20.5657,0.1800,19.2430
145.902,-0.8800,0.3534,-0.2628,18.8470,19.3959,20.5659,0.1800,19.2430
146.000,-0.8800,0.3534,-0.2628,18.8569,19.4058,20.5758,0.1800,19.2529
146.000,-0.8798,0.3537,-0.2628,18.8564,19.4058,20.5758,0.1802,19.2524
146.000,-0.8800,0.3537,-0.2625,18.8564,19.4053,20.5758,0.1800,19.2524
146.001,-0.8800,0.3539,-0.2623,18.8564,19.4053,20.5759,0.1800,19.2524
146.090,-0.8800,0.3539,-0.2623,18.8664,19.4153,20.5859,0.1800,19.2624
146.091,-0.8798,0.3542,-0.2623,18.8658,19.4153,20.5859,0.1802,19.2618
146.091,-0.8800,0.3542,-0.2620,18.8658,19.4147,20.5859,0.1800,19.2618
146.091,-0.8800,0.3544,-0.2617,18.8658,19.4147,20.5860,0.1800,19.2618
146.191,-0.8800,0.3544,-0.2617,18.8658,19.4147,20.5860,0.1800,19.2618
146.195,-0.8800,0.3544,-0.2617,18.8758,19.4247,20.5960,0.1800,19.2718
146.196,-0.8798,0.3547,-0.2617,18.8752,19.4247,20.5960,0.1802,19.2712
146.196,-0.8801,0.3547,-0.2614,18.8752,19.4242,20.5960,0.1799,19.2712
146.196,-0.8801,0.3550,-0.2611,18.8752,19.4242,20.5961,0.1799,19.2712
146.296,-0.8801,0.3550,-0.2611,18.8752,19.4242,20.5961,0.1799,19.2712
146.302,-0.8801,0.3550,-0.2611,18.8852,19.4341,20.6061,0.1799,19.2812
146.302,-0.8799,0.3552,-0.2611,18.8847,19.4341,20.6061,0.1801,19.2807
146.302,-0.8801,0.3552,-0.2608,18.8847,19.4336,20.6061,0.1799,19.2807
146.302,-0.8801,0.3555,-0.2606,18.8847,19.4336,20.6062,0.1799,19.2807
146.398,-0.8801,0.3555,-0.2606,18.8946,19.4435,20.6161,0.1799,19.2906
146.398,-0.8799,0.3558,-0.2606,18.8941,19.4435,20.6161,0.1801,19.2901
146.398,-0.8801,0.3558,-0.2603,18.8941,19.4430,20.6161,0.1799,19.2901
146.399,-0.8801,0.3560,-0.2600,18.8941,19.4430,20.6162,0.1799,19.2901
146.499,-0.8801,0.3560,-0.2600,18.8941,19.4430,20.6162,0.1799,19.2901
146.509,-0.8801,0.3560,-0.2600,18.9040,19.4529,20.6262,0.1799,19.3000
146.510,-0.8799,0.3563,-0.2600,18.9034,19.4529,20.6262,0.1801,19.2994
146.510,-0.8801,0.3563,-0.2597,18.9034,19.4524,20.6262,0.1799,19.2994
146.510,-0.8801,0.3566,-0.2595,18.9034,19.4524,20.6263,0.1799,19.2994
146.606,-0.8801,0.3566,-0.2595,18.9134,19.4623,20.6362,0.1799,19.3094
146.606,-0.8799,0.3569,-0.2595,18.9128,19.4623,20.6362,0.1801,19.3088
146.606,-0.8801,0.3569,-0.2591,18.9128,19.4618,20.6362,0.1799,19.3088
146.607,-0.8801,0.3572,-0.2589,18.9128,19.4618,20.6363,0.1799,19.3088
146.707,-0.8801,0.3572,-0.2589,18.9227,19.4718,20.6463,0.1799,19.3187
146.707,-0.8798,0.3575,-0.2589,18.9221,19.4718,20.6463,0.1802,19.3181
146.707,-0.8801,0.3575,-0.2586,18.9221,19.4712,20.6463,0.1799,19.3181
146.707,-0.8801,0.3577,-0.2583,18.9221,19.4712,20.6464,0.1799,19.3181
146.805,-0.8801,0.3577,-0.2583,18.9321,19.4812,20.6563,0.1799,19.3281
146.805,-0.8798,0.3580,-0.2583,18.9315,19.4812,20.6563,0.1802,19.3275
146.806,-0.8800,0.3580,-0.2580,18.9315,19.4806,20.6563,0.1800,19.3275
146.806,-0.8800,0.3583,-0.2578,18.9315,19.4806,20.6564,0.1800,19.3275
146.900,-0.8800,0.3583,-0.2578,18.9414,19.4906,20.6664,0.1800,19.3374
146.901,-0.8798,0.3586,-0.2578,18.9408,19.4906,20.6664,0.1802,19.3368
146.901,-0.8800,0.3586,-0.2575,18.9408,19.4901,20.6664,0.1800,19.3368
146.901,-0.8800,0.3589,-0.2572,18.9408,19.4901,20.6665,0.1800,19.3368
146.994,-0.8800,0.3589,-0.2572,18.9508,19.5000,20.6764,0.1800,19.3468
146.994,-0.8798,0.3591,-0.2572,18.9502,19.5000,20.6764,0.1802,19.3462
146.994,-0.8800,0.3591,-0.2569,18.9502,19.4995,20.6764,0.1800,19.3462
146.994,-0.8800,0.3594,-0.2567,18.9502,19.4995,20.6766,0.1800,19.3462
147.095,-0.8800,0.3594,-0.2567,18.9502,19.4995,20.6766,0.1800,19.3462
147.099,-0.8800,0.3594,-0.2567,18.9602,19.5095,20.6865,0.1800,19.3562
147.099,-0.8798,0.3597,-0.2567,18.9596,19.5095,20.6865,0.1802,19.3556
147.099,-0.8800,0.3597,-0.2564,18.9596,19.5089,20.6865,0.1800,19.3556
147.099,-0.8800,0.3599,-0.2561,18.9596,19.5089,20.6866,0.1800,19.3556
147.200,-0.8800,0.3599,-0.2561,18.9596,19.5089,20.6866,0.1800,19.3556
147.204,-0.8800,0.3599,-0.2561,18.9696,19.5189,20.6966,0.1800,19.3656
147.204,-0.8798,0.3602,-0.2561,18.9690,19.5189,20.6966,0.1802,19.3650
147.204,-0.8800,0.3602,-0.2558,18.9690,19.5183,20.6966,0.1800,19.3650
147.204,-0.8800,0.3605,-0.2556,18.9690,19.5183,20.6967,0.1800,19.3650
147.300,-0.8800,0.3605,-0.2556,18.9790,19.5283,20.7067,0.1800,19.3750
147.300,-0.8799,0.3607,-0.2556,18.9785,19.5283,20.7067,0.1801,19.3745
147.300,-0.8801,0.3607,-0.2552,18.9785,19.5278,20.7067,0.1799,19.3745
147.300,-0.8801,0.3610,-0.2550,18.9785,19.5278,20.7068,0.1799,19.3745
147.400,-0.8801,0.3610,-0.2550,18.9785,19.5278,20.7068,0.1799,19.3745
147.406,-0.8801,0.3610,-0.2550,18.9885,19.5378,20.7168,0.1799,19.3845
147.406,-0.8799,0.3613,-0.2550,18.9879,19.5378,20.7168,0.1801,19.3839
147.406,-0.8801,0.3613,-0.2547,18.9879,19.5372,20.7168,0.1799,19.3839
147.406,-0.8801,0.3615,-0.2544,18.9879,19.5372,20.7169,0.1799,19.3839
147.503,-0.8801,0.3615,-0.2544,18.9979,19.5472,20.7268,0.1799,19.3939
147.503,-0.8799,0.3618,-0.2544,18.9973,19.5472,20.7268,0.1801,19.3933
147.504,-0.8801,0.3618,-0.2541,18.9973,19.5467,20.7268,0.1799,19.3933
147.504,-0.8801,0.3620,-0.2539,18.9973,19.5467,20.7270,0.1799,19.3933
147.599,-0.8801,0.3620,-0.2539,19.0073,19.5566,20.7369,0.1799,19.4033
147.599,-0.8799,0.3623,-0.2539,19.0067,19.5566,20.7369,0.1801,19.4027
147.599,-0.8802,0.3623,-0.2535,19.0067,19.5561,20.7369,0.1798,19.4027
147.600,-0.8802,0.3626,-0.2533,19.0067,19.5561,20.7370,0.1798,19.4027
147.700,-0.8802,0.3626,-0.2533,19.0067,19.5561,20.7370,0.1798,19.4027
147.701,-0.8802,0.3626,-0.2533,19.0167,19.5660,20.7470,0.1798,19.4127
147.702,-0.8800,0.3629,-0.2533,19.0161,19.5660,20.7470,0.1800,19.4121
147.702,-0.8802,0.3629,-0.2530,19.0161,19.5655,20.7470,0.1798,19.4121
147.702,-0.8802,0.3631,-0.2527,19.0161,19.5655,20.7471,0.1798,19.4121
147.796,-0.8802,0.3631,-0.2527,19.0261,19.5754,20.7570,0.1798,19.4221
147.796,-0.8800,0.3634,-0.2527,19.0255,19.5754,20.7570,0.1800,19.4215
147.797,-0.8802,0.3634,-0.2524,19.0255,19.5749,20.7570,0.1798,19.4215
147.797,-0.8802,0.3637,-0.2522,19.0255,19.5749,20.7571,0.1798,19.4215
147.897,-0.8802,0.3637,-0.2522,19.0255,19.5749,20.7571,0.1798,19.4215
147.902,-0.8802,0.3637,-0.2522,19.0355,19.5848,20.7671,0.1798,19.4315
147.902,-0.8800,0.3640,-0.2522,19.0349,19.5848,20.7671,0.1800,19.4309
147.902,-0.8802,0.3640,-0.2519,19.0349,19.5843,20.7671,0.1798,19.4309
147.902,-0.8802,0.3642,-0.2516,19.0349,19.5843,20.7672,0.1798,19.4309
147.997,-0.8802,0.3642,-0.2516,19.0448,19.5942,20.7771,0.1798,19.4408
147.997,-0.8799,0.3645,-0.2516,19.0442,19.5942,20.7771,0.1801,19.4402
147.997,-0.8801,0.3645,-0.2513,19.0442,19.5937,20.7771,0.1799,19.4402
147.998,-0.8801,0.3648,-0.2511,19.0442,19.5937,20.7772,0.1799,19.4402
148.098,-0.8801,0.3648,-0.2511,19.0442,19.5937,20.7772,0.1799,19.4402
148.103,-0.8801,0.3648,-0.2511,19.0542,19.6036,20.7872,0.1799,19.4502
148.103,-0.8799,0.3651,-0.2511,19.0536,19.6036,20.7872,0.1801,19.4496
148.103,-0.8801,0.3651,-0.2507,19.0536,19.6031,20.7872,0.1799,19.4496
148.103,-0.8801,0.3654,-0.2505,19.0536,19.6031,20.7873,0.1799,19.4496
148.198,-0.8801,0.3654,-0.2505,19.0635,19.6131,20.7972,0.1799,19.4595
148.199,-0.8799,0.3657,-0.2505,19.0629,19.6131,20.7972,0.1801,19.4589
148.199,-0.8801,0.3657,-0.2502,19.0629,19.6125,20.7972,0.1799,19.4589
148.199,-0.8801,0.3659,-0.2499,19.0629,19.6125,20.7973,0.1799,19.4589
148.299,-0.8801,0.3659,-0.2499,19.0629,19.6125,20.7973,0.1799,19.4589
148.304,-0.8801,0.3659,-0.2499,19.0729,19.6225,20.8073,0.1799,19.4689
148.304,-0.8799,0.3662,-0.2499,19.0723,19.6225,20.8073,0.1801,19.4683
148.304,-0.8801,0.3662,-0.2496,19.0723,19.6220,20.8073,0.1799,19.4683
148.305,-0.8801,0.3665,-0.2494,19.0723,19.6220,20.8074,0.1799,19.4683
148.400,-0.8801,0.3665,-0.2494,19.0823,19.6319,20.8173,0.1799,19.4783
148.400,-0.8799,0.3668,-0.2494,19.0817,19.6319,20.8173,0.1801,19.4777
148.400,-0.8801,0.3668,-0.2491,19.0817,19.6314,20.8173,0.1799,19.4777
148.400,-0.8801,0.3670,-0.2488,19.0817,19.6314,20.8175,0.1799,19.4777
148.500,-0.8801,0.3670,-0.2488,19.0817,19.6314,20.8175,0.1799,19.4777
148.502,-0.8801,0.3670,-0.2488,19.0917,19.6413,20.8274,0.1799,19.4877
148.503,-0.8799,0.3673,-0.2488,19.0911,19.6413,20.8274,0.1801,19.4871
148.503,-0.8801,0.3673,-0.2485,19.0911,19.6408,20.8274,0.1799,19.4871
148.503,-0.8801,0.3676,-0.2483,19.0911,19.6408,20.8275,0.1799,19.4871
148.598,-0.8801,0.3676,-0.2483,19.1011,19.6508,20.8375,0.1799,19.4971
148.598,-0.8799,0.3678,-0.2483,19.1005,19.6508,20.8375,0.1801,19.4965
148.598,-0.8801,0.3678,-0.2479,19.1005,19.6502,20.8375,0.1799,19.4965
148.598,-0.8801,0.3681,-0.2477,19.1005,19.6502,20.8376,0.1799,19.4965
148.699,-0.8801,0.3681,-0.2477,19.1005,19.6502,20.8376,0.1799,19.4965
148.703,-0.8801,0.3681,-0.2477,19.1105,19.6602,20.8476,0.1799,19.5065
148.703,-0.8799,0.3683,-0.2477,19.1099,19.6602,20.8476,0.1801,19.5059
148.703,-0.8802,0.3683,-0.2474,19.1099,19.6597,20.8476,0.1798,19.5059
148.703,-0.8802,0.3686,-0.2471,19.1099,19.6597,20.8477,0.1798,19.5059
148.800,-0.8802,0.3686,-0.2471,19.1199,19.6696,20.8576,0.1798,19.5159
148.800,-0.8800,0.3689,-0.2471,19.1193,19.6696,20.8576,0.1800,19.5153
148.800,-0.8802,0.3689,-0.2468,19.1193,19.6691,20.8576,0.1798,19.5153
148.800,-0.8802,0.3691,-0.2466,19.1193,19.6691,20.8577,0.1798,19.5153
148.901,-0.8802,0.3691,-0.2466,19.1193,19.6691,20.8577,0.1798,19.5153
148.910,-0.8802,0.3691,-0.2466,19.1293,19.6790,20.8677,0.1798,19.5253
148.911,-0.8800,0.3694,-0.2466,19.1287,19.6790,20.8677,0.1800,19.5247
148.911,-0.8802,0.3694,-0.2463,19.1287,19.6785,20.8677,0.1798,19.5247
148.911,-0.8802,0.3697,-0.2460,19.1287,19.6785,20.8678,0.1798,19.5247
148.991,-0.8802,0.3697,-0.2460,19.1387,19.6884,20.8777,0.1798,19.5347
148.991,-0.8800,0.3699,-0.2460,19.1381,19.6884,20.8777,0.1800,19.5341
148.991,-0.8802,0.3699,-0.2457,19.1381,19.6879,20.8777,0.1798,19.5341
148.991,-0.8802,0.3702,-0.2454,19.1381,19.6879,20.8778,0.1798,19.5341
149.091,-0.8802,0.3702,-0.2454,19.1381,19.6879,20.8778,0.1798,19.5341
149.099,-0.8802,0.3702,-0.2454,19.1481,19.6978,20.8878,0.1798,19.5441
149.099,-0.8800,0.3705,-0.2454,19.1475,19.6978,20.8878,0.1800,19.5435
149.100,-0.8803,0.3705,-0.2451,19.1475,19.6973,20.8878,0.1797,19.5435
149.100,-0.8803,0.3707,-0.2449,19.1475,19.6973,20.8879,0.1797,19.5435
149.200,-0.8803,0.3707,-0.2449,19.1475,19.6973,20.8879,0.1797,19.5435
149.204,-0.8803,0.3707,-0.2449,19.1575,19.7073,20.8979,0.1797,19.5535
149.205,-0.8800,0.3710,-0.2449,19.1569,19.7073,20.8979,0.1800,19.5529
149.205,-0.8802,0.3710,-0.2446,19.1569,19.7067,20.8979,0.1798,19.5529
149.205,-0.8802,0.3713,-0.2443,19.1569,19.7067,20.8980,0.1798,19.5529
149.305,-0.8802,0.3713,-0.2443,19.1569,19.7067,20.8980,0.1798,19.5529
149.306,-0.8802,0.3713,-0.2443,19.1669,19.7167,20.9079,0.1798,19.5629
149.307,-0.8800,0.3716,-0.2443,19.1663,19.7167,20.9079,0.1800,19.5623
149.307,-0.8802,0.3716,-0.2440,19.1663,19.7162,20.9079,0.1798,19.5623
149.307,-0.8802,0.3719,-0.2438,19.1663,19.7162,20.9081,0.1798,19.5623
149.402,-0.8802,0.3719,-0.2438,19.1763,19.7262,20.9180,0.1798,19.5723
149.403,-0.8800,0.3722,-0.2438,19.1757,19.7262,20.9180,0.1800,19.5717
149.403,-0.8802,0.3722,-0.2434,19.1757,19.7256,20.9180,0.1798,19.5717
149.403,-0.8802,0.3724,-0.2432,19.1757,19.7256,20.9181,0.1798,19.5717
149.503,-0.8802,0.3724,-0.2432,19.1857,19.7356,20.9281,0.1798,19.5817
149.503,-0.8800,0.3727,-0.2432,19.1851,19.7356,20.9281,0.1800,19.5811
149.503,-0.8802,0.3727,-0.2429,19.1851,19.7351,20.9281,0.1798,19.5811
149.503,-0.8802,0.3730,-0.2426,19.1851,19.7351,20.9282,0.1798,19.5811
149.599,-0.8802,0.3730,-0.2426,19.1951,19.7451,20.9382,0.1798,19.5911
149.599,-0.8800,0.3733,-0.2426,19.1945,19.7451,20.9382,0.1800,19.5905
149.599,-0.8802,0.3733,-0.2423,19.1945,19.7445,20.9382,0.1798,19.5905
149.599,-0.8802,0.3735,-0.2421,19.1945,19.7445,20.9383,0.1798,19.5905
149.700,-0.8802,0.3735,-0.2421,19.1945,19.7445,20.9383,0.1798,19.5905
149.705,-0.8802,0.3735,-0.2421,19.2045,19.7545,20.9483,0.1798,19.6005
149.706,-0.8800,0.3738,-0.2421,19.2039,19.7545,20.9483,0.1800,19.5999
149.706,-0.8802,0.3738,-0.2418,19.2039,19.7540,20.9483,0.1798,19.5999
149.706,-0.8802,0.3741,-0.2415,19.2039,19.7540,20.9484,0.1798,19.5999
149.800,-0.8802,0.3741,-0.2415,19.2138,19.7639,20.9583,0.1798,19.6098
149.800,-0.8800,0.3744,-0.2415,19.2133,19.7639,20.9583,0.1800,19.6093
149.801,-0.8802,0.3744,-0.2412,19.2133,19.7634,20.9583,0.1798,19.6093
149.801,-0.8802,0.3746,-0.2410,19.2133,19.7634,20.9585,0.1798,19.6093
149.897,-0.8802,0.3746,-0.2410,19.2232,19.7733,20.9684,0.1798,19.6192
149.897,-0.8800,0.3749,-0.2410,19.2227,19.7733,20.9684,0.1800,19.6187
149.897,-0.8802,0.3749,-0.2407,19.2227,19.7728,20.9684,0.1798,19.6187
149.897,-0.8802,0.3752,-0.2404,19.2227,19.7728,20.9685,0.1798,19.6187
149.998,-0.8802,0.3752,-0.2404,19.2227,19.7728,20.9685,0.1798,19.6187
150.002,-0.8802,0.3752,-0.2404,19.2326,19.7827,20.9785,0.1798,19.6286
150.003,-0.8800,0.3754,-0.2404,19.2321,19.7827,20.9785,0.1800,19.6281
150.003,-0.8802,0.3754,-0.2401,19.2321,19.7822,20.9785,0.1798,19.6281
150.003,-0.8802,0.3757,-0.2399,19.2321,19.7822,20.9786,0.1798,19.6281
150.098,-0.8802,0.3757,-0.2399,19.2420,19.7921,20.9885,0.1798,19.6380
150.098,-0.8800,0.3760,-0.2399,19.2415,19.7921,20.9885,0.1800,19.6375
150.098,-0.8803,0.3760,-0.2395,19.2415,19.7916,20.9885,0.1797,19.6375
150.098,-0.8803,0.3762,-0.2393,19.2415,19.7916,20.9886,0.1797,19.6375
150.199,-0.8803,0.3762,-0.2393,19.2415,19.7916,20.9886,0.1797,19.6375
150.203,-0.8803,0.3762,-0.2393,19.2514,19.8015,20.9985,0.1797,19.6474
150.203,-0.8801,0.3765,-0.2393,19.2509,19.8015,20.9985,0.1799,19.6469
150.203,-0.8803,0.3765,-0.2390,19.2509,19.8010,20.9985,0.1797,19.6469
150.204,-0.8803,0.3767,-0.2387,19.2509,19.8010,20.9987,0.1797,19.6469
150.299,-0.8803,0.3767,-0.2387,19.2608,19.8110,21.0086,0.1797,19.6568
150.299,-0.8801,0.3770,-0.2387,19.2603,19.8110,21.0086,0.1799,19.6563
150.299,-0.8803,0.3770,-0.2384,19.2603,19.8104,21.0086,0.1797,19.6563
150.299,-0.8803,0.3773,-0.2382,19.2603,19.8104,21.0087,0.1797,19.6563
150.400,-0.8803,0.3773,-0.2382,19.2603,19.8104,21.0087,0.1797,19.6563
150.405,-0.8803,0.3773,-0.2382,19.2702,19.8204,21.0187,0.1797,19.6662
150.405,-0.8801,0.3776,-0.2382,19.2697,19.8204,21.0187,0.1799,19.6657
150.405,-0.8803,0.3776,-0.2378,19.2697,19.8198,21.0187,0.1797,19.6657
150.405,-0.8803,0.3778,-0.2376,19.2697,19.8198,21.0188,0.1797,19.6657
150.501,-0.8803,0.3778,-0.2376,19.2797,19.8298,21.0287,0.1797,19.6757
150.501,-0.8801,0.3781,-0.2376,19.2791,19.8298,21.0287,0.1799,19.6751
150.502,-0.8803,0.3781,-0.2373,19.2791,19.8293,21.0287,0.1797,19.6751
150.502,-0.8803,0.3784,-0.2370,19.2791,19.8293,21.0288,0.1797,19.6751
150.596,-0.8803,0.3784,-0.2370,19.2891,19.8392,21.0388,0.1797,19.6851
150.597,-0.8801,0.3787,-0.2370,19.2885,19.8392,21.0388,0.1799,19.6845
150.597,-0.8803,0.3787,-0.2367,19.2885,19.8387,21.0388,0.1797,19.6845
150.597,-0.8803,0.3789,-0.2365,19.2885,19.8387,21.0389,0.1797,19.6845
150.697,-0.8803,0.3789,-0.2365,19.2885,19.8387,21.0389,0.1797,19.6845
150.699,-0.8803,0.3789,-0.2365,19.2984,19.8487,21.0489,0.1797,19.6944
150.699,-0.8801,0.3792,-0.2365,19.2978,19.8487,21.0489,0.1799,19.6938
150.699,-0.8803,0.3792,-0.2361,19.2978,19.8481,21.0489,0.1797,19.6938
150.699,-0.8803,0.3795,-0.2359,19.2978,19.8481,21.0490,0.1797,19.6938
150.800,-0.8803,0.3795,-0.2359,19.2978,19.8481,21.0490,0.1797,19.6938
150.807,-0.8803,0.3795,-0.2359,19.3078,19.8581,21.0590,0.1797,19.7038
150.808,-0.8801,0.3798,-0.2359,19.3072,19.8581,21.0590,0.1799,19.7032
150.808,-0.8803,0.3798,-0.2356,19.3072,19.8576,21.0590,0.1797,19.7032
150.808,-0.8803,0.3801,-0.2354,19.3072,19.8576,21.0591,0.1797,19.7032
150.898,-0.8803,0.3801,-0.2354,19.3172,19.8675,21.0690,0.1797,19.7132
150.898,-0.8801,0.3804,-0.2354,19.3166,19.8675,21.0690,0.1799,19.7126
150.898,-0.8803,0.3804,-0.2350,19.3166,19.8670,21.0690,0.1797,19.7126
150.898,-0.8803,0.3806,-0.2348,19.3166,19.8670,21.0691,0.1797,19.7126
150.999,-0.8803,0.3806,-0.2348,19.3166,19.8670,21.0691,0.1797,19.7126
151.009,-0.8803,0.3806,-0.2348,19.3266,19.8770,21.0791,0.1797,19.7226
151.009,-0.8801,0.3809,-0.2348,19.3260,19.8770,21.0791,0.1799,19.7220
151.009,-0.8803,0.3809,-0.2345,19.3260,19.8764,21.0791,0.1797,19.7220
151.009,-0.8803,0.3812,-0.2342,19.3260,19.8764,21.0792,0.1797,19.7220
151.109,-0.8803,0.3812,-0.2342,19.3260,19.8764,21.0792,0.1797,19.7220
151.110,-0.8803,0.3812,-0.2342,19.3359,19.8864,21.0891,0.1797,19.7319
151.111,-0.8801,0.3815,-0.2342,19.3354,19.8864,21.0891,0.1799,19.7314
151.111,-0.8803,0.3815,-0.2339,19.3354,19.8858,21.0891,0.1797,19.7314
151.111,-0.8803,0.3817,-0.2337,19.3354,19.8858,21.0892,0.1797,19.7314
151.206,-0.8803,0.3817,-0.2337,19.3453,19.8958,21.0992,0.1797,19.7413
151.206,-0.8801,0.3820,-0.2337,19.3448,19.8958,21.0992,0.1799,19.7408
151.206,-0.8803,0.3820,-0.2334,19.3448,19.8952,21.0992,0.1797,19.7408
151.207,-0.8803,0.3823,-0.2331,19.3448,19.8952,21.0993,0.1797,19.7408
151.307,-0.8803,0.3823,-0.2331,19.3448,19.8952,21.0993,0.1797,19.7408
151.309,-0.8803,0.3823,-0.2331,19.3547,19.9052,21.1092,0.1797,19.7507
151.309,-0.8801,0.3825,-0.2331,19.3542,19.9052,21.1092,0.1799,19.7502
151.309,-0.8803,0.3825,-0.2328,19.3542,19.9047,21.1092,0.1797,19.7502
151.309,-0.8803,0.3828,-0.2326,19.3542,19.9047,21.1093,0.1797,19.7502
151.405,-0.8803,0.3828,-0.2326,19.3641,19.9146,21.1193,0.1797,19.7601
151.405,-0.8801,0.3831,-0.2326,19.3636,19.9146,21.1193,0.1799,19.7596
151.405,-0.8803,0.3831,-0.2322,19.3636,19.9141,21.1193,0.1797,19.7596
151.405,-0.8803,0.3833,-0.2320,19.3636,19.9141,21.1194,0.1797,19.7596
151.501,-0.8803,0.3833,-0.2320,19.3735,19.9240,21.1294,0.1797,19.7695
151.501,-0.8801,0.3836,-0.2320,19.3730,19.9240,21.1294,0.1799,19.7690
151.501,-0.8804,0.3836,-0.2317,19.3730,19.9235,21.1294,0.1796,19.7690
151.502,-0.8804,0.3838,-0.2314,19.3730,19.9235,21.1295,0.1796,19.7690
151.598,-0.8804,0.3838,-0.2314,19.3830,19.9335,21.1394,0.1796,19.7790
151.598,-0.8802,0.3841,-0.2314,19.3824,19.9335,21.1394,0.1798,19.7784
151.598,-0.8804,0.3841,-0.2311,19.3824,19.9329,21.1394,0.1796,19.7784
151.598,-0.8804,0.3844,-0.2309,19.3824,19.9329,21.1396,0.1796,19.7784
151.699,-0.8804,0.3844,-0.2309,19.3824,19.9329,21.1396,0.1796,19.7784
151.714,-0.8804,0.3844,-0.2309,19.3924,19.9429,21.1495,0.1796,19.7884
151.714,-0.8802,0.3846,-0.2309,19.3918,19.9429,21.1495,0.1798,19.7878
151.714,-0.8804,0.3846,-0.2305,19.3918,19.9424,21.1495,0.1796,19.7878
151.715,-0.8804,0.3849,-0.2303,19.3918,19.9424,21.1496,0.1796,19.7878
151.799,-0.8804,0.3849,-0.2303,19.4018,19.9523,21.1596,0.1796,19.7978
151.800,-0.8802,0.3852,-0.2303,19.4012,19.9523,21.1596,0.1798,19.7972
151.800,-0.8804,0.3852,-0.2300,19.4012,19.9518,21.1596,0.1796,19.7972
151.800,-0.8804,0.3854,-0.2297,19.4012,19.9518,21.1597,0.1796,19.7972
151.900,-0.8804,0.3854,-0.2297,19.4012,19.9518,21.1597,0.1796,19.7972
151.909,-0.8804,0.3854,-0.2297,19.4112,19.9618,21.1697,0.1796,19.8072
151.909,-0.8802,0.3857,-0.2297,19.4106,19.9618,21.1697,0.1798,19.8066
151.909,-0.8804,0.3857,-0.2294,19.4106,19.9612,21.1697,0.1796,19.8066
151.909,-0.8804,0.3860,-0.2292,19.4106,19.9612,21.1698,0.1796,19.8066
152.009,-0.8804,0.3860,-0.2292,19.4206,19.9712,21.1797,0.1796,19.8166
152.009,-0.8802,0.3863,-0.2292,19.4200,19.9712,21.1797,0.1798,19.8160
152.009,-0.8804,0.3863,-0.2288,19.4200,19.9707,21.1797,0.1796,19.8160
152.009,-0.8804,0.3866,-0.2286,19.4200,19.9707,21.1798,0.1796,19.8160
152.105,-0.8804,0.3866,-0.2286,19.4299,19.9806,21.1898,0.1796,19.8259
152.105,-0.8802,0.3869,-0.2286,19.4293,19.9806,21.1898,0.1798,19.8253
152.105,-0.8804,0.3869,-0.2283,19.4293,19.9801,21.1898,0.1796,19.8253
152.105,-0.8804,0.3871,-0.2281,19.4293,19.9801,21.1899,0.1796,19.8253
152.202,-0.8804,0.3871,-0.2281,19.4393,19.9900,21.1998,0.1796,19.8353
152.202,-0.8802,0.3874,-0.2281,19.4387,19.9900,21.1998,0.1798,19.8347
152.202,-0.8804,0.3874,-0.2277,19.4387,19.9895,21.1998,0.1796,19.8347
152.202,-0.8804,0.3877,-0.2275,19.4387,19.9895,21.1999,0.1796,19.8347
152.299,-0.8804,0.3877,-0.2275,19.4487,19.9994,21.2099,0.1796,19.8447
152.299,-0.8801,0.3880,-0.2275,19.4481,19.9994,21.2099,0.1799,19.8441
152.299,-0.8803,0.3880,-0.2272,19.4481,19.9989,21.2099,0.1797,19.8441
152.299,-0.8803,0.3883,-0.2269,19.4481,19.9989,21.2100,0.1797,19.8441
152.399,-0.8803,0.3883,-0.2269,19.4481,19.9989,21.2100,0.1797,19.8441
152.406,-0.8803,0.3883,-0.2269,19.4580,20.0089,21.2199,0.1797,19.8540
152.407,-0.8801,0.3886,-0.2269,19.4575,20.0089,21.2199,0.1799,19.8535
152.407,-0.8803,0.3886,-0.2266,19.4575,20.0083,21.2199,0.1797,19.8535
152.407,-0.8803,0.3888,-0.2264,19.4575,20.0083,21.2201,0.1797,19.8535
152.503,-0.8803,0.3888,-0.2264,19.4674,20.0183,21.2300,0.1797,19.8634
152.503,-0.8801,0.3891,-0.2264,19.4669,20.0183,21.2300,0.1799,19.8629
152.503,-0.8804,0.3891,-0.2261,19.4669,20.0178,21.2300,0.1796,19.8629
152.503,-0.8804,0.3894,-0.2258,19.4669,20.0178,21.2301,0.1796,19.8629
152.596,-0.8804,0.3894,-0.2258,19.4769,20.0277,21.2401,0.1796,19.8729
152.596,-0.8802,0.3896,-0.2258,19.4763,20.0277,21.2401,0.1798,19.8723
152.597,-0.8804,0.3896,-0.2255,19.4763,20.0272,21.2401,0.1796,19.8723
152.597,-0.8804,0.3899,-0.2253,19.4763,20.0272,21.2402,0.1796,19.8723
152.697,-0.8804,0.3899,-0.2253,19.4763,20.0272,21.2402,0.1796,19.8723
152.702,-0.8804,0.3899,-0.2253,19.4863,20.0372,21.2502,0.1796,19.8823
152.703,-0.8802,0.3901,-0.2253,19.4857,20.0372,21.2502,0.1798,19.8817
152.703,-0.8804,0.3901,-0.2249,19.4857,20.0366,21.2502,0.1796,19.8817
152.703,-0.8804,0.3904,-0.2247,19.4857,20.0366,21.2503,0.1796,19.8817
152.799,-0.8804,0.3904,-0.2247,19.4957,20.0466,21.2603,0.1796,19.8917
152.799,-0.8802,0.3907,-0.2247,19.4952,20.0466,21.2603,0.1798,19.8912
152.799,-0.8804,0.3907,-0.2244,19.4952,20.0461,21.2603,0.1796,19.8912
152.799,-0.8804,0.3909,-0.2241,19.4952,20.0461,21.2604,0.1796,19.8912
152.900,-0.8804,0.3909,-0.2241,19.4952,20.0461,21.2604,0.1796,19.8912
152.904,-0.8804,0.3909,-0.2241,19.5051,20.0561,21.2703,0.1796,19.9011
152.904,-0.8802,0.3912,-0.2241,19.5046,20.0561,21.2703,0.1798,19.9006
152.905,-0.8805,0.3912,-0.2238,19.5046,20.0555,21.2703,0.1795,19.9006
152.905,-0.8805,0.3915,-0.2236,19.5046,20.0555,21.2704,0.1795,19.9006
153.000,-0.8805,0.3915,-0.2236,19.5146,20.0655,21.2804,0.1795,19.9106
153.001,-0.8803,0.3917,-0.2236,19.5140,20.0655,21.2804,0.1797,19.9100
153.001,-0.8805,0.3917,-0.2232,19.5140,20.0649,21.2804,0.1795,19.9100
153.001,-0.8805,0.3920,-0.2230,19.5140,20.0649,21.2805,0.1795,19.9100
153.089,-0.8805,0.3920,-0.2230,19.5240,20.0749,21.2904,0.1795,19.9200
153.090,-0.8803,0.3923,-0.2230,19.5234,20.0749,21.2904,0.1797,19.9194
153.090,-0.8805,0.3923,-0.2227,19.5234,20.0743,21.2904,0.1795,19.9194
153.090,-0.8805,0.3925,-0.2224,19.5234,20.0743,21.2906,0.1795,19.9194
153.190,-0.8805,0.3925,-0.2224,19.5333,20.0843,21.3005,0.1795,19.9293
153.190,-0.8803,0.3928,-0.2224,19.5328,20.0843,21.3005,0.1797,19.9288
153.190,-0.8805,0.3928,-0.2221,19.5328,20.0837,21.3005,0.1795,19.9288
153.190,-0.8805,0.3931,-0.2219,19.5328,20.0837,21.3006,0.1795,19.9288
153.291,-0.8805,0.3931,-0.2219,19.5328,20.0837,21.3006,0.1795,19.9288
153.296,-0.8805,0.3931,-0.2219,19.5427,20.0937,21.3105,0.1795,19.9387
153.296,-0.8803,0.3934,-0.2219,19.5421,20.0937,21.3105,0.1797,19.9381
153.297,-0.8805,0.3934,-0.2215,19.5421,20.0932,21.3105,0.1795,19.9381
153.297,-0.8805,0.3936,-0.2213,19.5421,20.0932,21.3106,0.1795,19.9381
153.397,-0.8805,0.3936,-0.2213,19.5421,20.0932,21.3106,0.1795,19.9381
153.403,-0.8805,0.3936,-0.2213,19.5521,20.1031,21.3206,0.1795,19.9481
153.404,-0.8803,0.3940,-0.2213,19.5515,20.1031,21.3206,0.1797,19.9475
153.404,-0.8805,0.3940,-0.2210,19.5515,20.1026,21.3206,0.1795,19.9475
153.404,-0.8805,0.3942,-0.2207,19.5515,20.1026,21.3207,0.1795,19.9475
153.504,-0.8805,0.3942,-0.2207,19.5515,20.1026,21.3207,0.1795,19.9475
153.506,-0.8805,0.3942,-0.2207,19.5614,20.1125,21.3306,0.1795,19.9574
153.506,-0.8802,0.3945,-0.2207,19.5608,20.1125,21.3306,0.1798,19.9568
153.506,-0.8805,0.3945,-0.2204,19.5608,20.1120,21.3306,0.1795,19.9568
153.506,-0.8805,0.3948,-0.2202,19.5608,20.1120,21.3307,0.1795,19.9568
153.596,-0.8805,0.3948,-0.2202,19.5708,20.1219,21.3407,0.1795,19.9668
153.596,-0.8802,0.3951,-0.2202,19.5702,20.1219,21.3407,0.1798,19.9662
153.596,-0.8804,0.3951,-0.2199,19.5702,20.1214,21.3407,0.1796,19.9662
153.596,-0.8804,0.3953,-0.2196,19.5702,20.1214,21.3408,0.1796,19.9662
153.697,-0.8804,0.3953,-0.2196,19.5702,20.1214,21.3408,0.1796,19.9662
153.701,-0.8804,0.3953,-0.2196,19.5802,20.1314,21.3507,0.1796,19.9762
153.706,-0.8802,0.3956,-0.2196,19.5796,20.1314,21.3507,0.1798,19.9756
153.706,-0.8804,0.3956,-0.2193,19.5796,20.1309,21.3507,0.1796,19.9756
153.706,-0.8804,0.3959,-0.2191,19.5796,20.1309,21.3509,0.1796,19.9756
153.797,-0.8804,0.3959,-0.2191,19.5896,20.1408,21.3608,0.1796,19.9856
153.797,-0.8802,0.3962,-0.2191,19.5890,20.1408,21.3608,0.1798,19.9850
153.797,-0.8804,0.3962,-0.2188,19.5890,20.1403,21.3608,0.1796,19.9850
153.798,-0.8804,0.3964,-0.2185,19.5890,20.1403,21.3609,0.1796,19.9850
153.898,-0.8804,0.3964,-0.2185,19.5890,20.1403,21.3609,0.1796,19.9850
153.903,-0.8804,0.3964,-0.2185,19.5990,20.1503,21.3709,0.1796,19.9950
153.903,-0.8802,0.3967,-0.2185,19.5984,20.1503,21.3709,0.1798,19.9944
153.904,-0.8804,0.3967,-0.2182,19.5984,20.1497,21.3709,0.1796,19.9944
153.904,-0.8804,0.3970,-0.2180,19.5984,20.1497,21.3710,0.1796,19.9944
153.999,-0.8804,0.3970,-0.2180,19.6084,20.1597,21.3810,0.1796,20.0044
153.999,-0.8803,0.3972,-0.2180,19.6079,20.1597,21.3810,0.1797,20.0039
153.999,-0.8805,0.3972,-0.2176,19.6079,20.1592,21.3810,0.1795,20.0039
153.999,-0.8805,0.3975,-0.2174,19.6079,20.1592,21.3811,0.1795,20.0039
154.100,-0.8805,0.3975,-0.2174,19.6079,20.1592,21.3811,0.1795,20.0039
154.108,-0.8805,0.3975,-0.2174,19.6178,20.1691,21.3910,0.1795,20.0138
154.108,-0.8803,0.3978,-0.2174,19.6173,20.1691,21.3910,0.1797,20.0133
154.108,-0.8805,0.3978,-0.2171,19.6173,20.1686,21.3910,0.1795,20.0133
154.108,-0.8805,0.3980,-0.2168,19.6173,20.1686,21.3912,0.1795,20.0133
154.203,-0.8805,0.3980,-0.2168,19.6273,20.1786,21.4011,0.1795,20.0233
154.204,-0.8803,0.3983,-0.2168,19.6267,20.1786,21.4011,0.1797,20.0227
154.204,-0.8805,0.3983,-0.2165,19.6267,20.1780,21.4011,0.1795,20.0227
154.204,-0.8805,0.3986,-0.2163,19.6267,20.1780,21.4012,0.1795,20.0227
154.301,-0.8805,0.3986,-0.2163,19.6367,20.1880,21.4112,0.1795,20.0327
154.301,-0.8803,0.3988,-0.2163,19.6361,20.1880,21.4112,0.1797,20.0321
154.301,-0.8806,0.3988,-0.2159,19.6361,20.1874,21.4112,0.1794,20.0321
154.301,-0.8806,0.3991,-0.2157,19.6361,20.1874,21.4113,0.1794,20.0321
154.397,-0.8806,0.3991,-0.2157,19.6461,20.1974,21.4213,0.1794,20.0421
154.397,-0.8804,0.3994,-0.2157,19.6456,20.1974,21.4213,0.1796,20.0416
154.397,-0.8806,0.3994,-0.2154,19.6456,20.1969,21.4213,0.1794,20.0416
154.398,-0.8806,0.3996,-0.2151,19.6456,20.1969,21.4214,0.1794,20.0416
154.498,-0.8806,0.3996,-0.2151,19.6456,20.1969,21.4214,0.1794,20.0416
154.503,-0.8806,0.3996,-0.2151,19.6555,20.2069,21.4314,0.1794,20.0515
154.503,-0.8804,0.3999,-0.2151,19.6550,20.2069,21.4314,0.1796,20.0510
154.503,-0.8806,0.3999,-0.2148,19.6550,20.2063,21.4314,0.1794,20.0510
154.504,-0.8806,0.4002,-0.2146,19.6550,20.2063,21.4315,0.1794,20.0510
154.604,-0.8806,0.4002,-0.2146,19.6650,20.2163,21.4414,0.1794,20.0610
154.604,-0.8804,0.4005,-0.2146,19.6644,20.2163,21.4414,0.1796,20.0604
154.604,-0.8806,0.4005,-0.2142,19.6644,20.2158,21.4414,0.1794,20.0604
154.605,-0.8806,0.4007,-0.2140,19.6644,20.2158,21.4416,0.1794,20.0604
154.605,-0.8806,0.4007,-0.2140,19.6644,20.2158,21.4416,0.1794,20.0604
154.697,-0.8806,0.4007,-0.2140,19.6744,20.2258,21.4515,0.1794,20.0704
154.697,-0.8804,0.4010,-0.2140,19.6738,20.2258,21.4515,0.1796,20.0698
154.697,-0.8806,0.4010,-0.2137,19.6738,20.2252,21.4515,0.1794,20.0698
154.697,-0.8806,0.4013,-0.2134,19.6738,20.2252,21.4516,0.1794,20.0698
154.797,-0.8806,0.4013,-0.2134,19.6738,20.2252,21.4516,0.1794,20.0698
154.802,-0.8806,0.4013,-0.2134,19.6838,20.2352,21.4616,0.1794,20.0798
154.802,-0.8803,0.4016,-0.2134,19.6832,20.2352,21.4616,0.1797,20.0792
154.802,-0.8805,0.4016,-0.2131,19.6832,20.2347,21.4616,0.1795,20.0792
154.803,-0.8805,0.4019,-0.2129,19.6832,20.2347,21.4617,0.1795,20.0792
154.901,-0.8805,0.4019,-0.2129,19.6932,20.2447,21.4717,0.1795,20.0892
154.901,-0.8803,0.4022,-0.2129,19.6926,20.2447,21.4717,0.1797,20.0886
154.901,-0.8805,0.4022,-0.2126,19.6926,20.2441,21.4717,0.1795,20.0886
154.901,-0.8805,0.4024,-0.2123,19.6926,20.2441,21.4718,0.1795,20.0886
154.997,-0.8805,0.4024,-0.2123,19.7026,20.2541,21.4818,0.1795,20.0986
154.997,-0.8803,0.4027,-0.2123,19.7020,20.2541,21.4818,0.1797,20.0980
154.998,-0.8805,0.4027,-0.2120,19.7020,20.2536,21.4818,0.1795,20.0980
154.998,-0.8805,0.4030,-0.2118,19.7020,20.2536,21.4819,0.1795,20.0980
155.098,-0.8805,0.4030,-0.2118,19.7020,20.2536,21.4819,0.1795,20.0980
155.104,-0.8805,0.4030,-0.2118,19.7120,20.2636,21.4919,0.1795,20.1080
155.104,-0.8803,0.4033,-0.2118,19.7114,20.2636,21.4919,0.1797,20.1074
155.104,-0.8805,0.4033,-0.2114,19.7114,20.2630,21.4919,0.1795,20.1074
155.104,-0.8805,0.4035,-0.2112,19.7114,20.2630,21.4920,0.1795,20.1074
155.204,-0.8805,0.4035,-0.2112,19.7213,20.2730,21.5019,0.1795,20.1173
155.204,-0.8803,0.4038,-0.2112,19.7208,20.2730,21.5019,0.1797,20.1168
155.204,-0.8805,0.4038,-0.2109,19.7208,20.2725,21.5019,0.1795,20.1168
155.205,-0.8805,0.4041,-0.2106,19.7208,20.2725,21.5020,0.1795,20.1168
155.300,-0.8805,0.4041,-0.2106,19.7307,20.2824,21.5120,0.1795,20.1267
155.300,-0.8803,0.4043,-0.2106,19.7302,20.2824,21.5120,0.1797,20.1262
155.300,-0.8805,0.4043,-0.2103,19.7302,20.2819,21.5120,0.1795,20.1262
155.300,-0.8805,0.4046,-0.2101,19.7302,20.2819,21.5121,0.1795,20.1262
155.400,-0.8805,0.4046,-0.2101,19.7302,20.2819,21.5121,0.1795,20.1262
155.406,-0.8805,0.4046,-0.2101,19.7401,20.2918,21.5220,0.1795,20.1361
155.406,-0.8804,0.4049,-0.2101,19.7396,20.2918,21.5220,0.1796,20.1356
155.406,-0.8806,0.4049,-0.2098,19.7396,20.2913,21.5220,0.1794,20.1356
155.407,-0.8806,0.4051,-0.2095,19.7396,20.2913,21.5221,0.1794,20.1356
155.503,-0.8806,0.4051,-0.2095,19.7495,20.3012,21.5320,0.1794,20.1455
155.503,-0.8804,0.4054,-0.2095,19.7490,20.3012,21.5320,0.1796,20.1450
155.503,-0.8806,0.4054,-0.2092,19.7490,20.3007,21.5320,0.1794,20.1450
155.503,-0.8806,0.4057,-0.2090,19.7490,20.3007,21.5322,0.1794,20.1450
155.599,-0.8806,0.4057,-0.2090,19.7589,20.3106,21.5421,0.1794,20.1549
155.599,-0.8804,0.4059,-0.2090,19.7584,20.3106,21.5421,0.1796,20.1544
155.599,-0.8806,0.4059,-0.2086,19.7584,20.3101,21.5421,0.1794,20.1544
155.599,-0.8806,0.4062,-0.2084,19.7584,20.3101,21.5422,0.1794,20.1544
155.700,-0.8806,0.4062,-0.2084,19.7584,20.3101,21.5422,0.1794,20.1544
155.705,-0.8806,0.4062,-0.2084,19.7684,20.3200,21.5522,0.1794,20.1644
155.705,-0.8804,0.4065,-0.2084,19.7678,20.3200,21.5522,0.1796,20.1638
155.705,-0.8807,0.4065,-0.2081,19.7678,20.3195,21.5522,0.1793,20.1638
155.705,-0.8807,0.4067,-0.2078,19.7678,20.3195,21.5523,0.1793,20.1638
155.799,-0.8807,0.4067,-0.2078,19.7778,20.3295,21.5622,0.1793,20.1738
155.799,-0.8804,0.4070,-0.2078,19.7772,20.3295,21.5622,0.1796,20.1732
155.799,-0.8807,0.4070,-0.2075,19.7772,20.3289,21.5622,0.1793,20.1732
155.799,-0.8807,0.4073,-0.2073,19.7772,20.3289,21.5624,0.1793,20.1732
155.900,-0.8807,0.4073,-0.2073,19.7772,20.3289,21.5624,0.1793,20.1732
155.905,-0.8807,0.4073,-0.2073,19.7872,20.3389,21.5723,0.1793,20.1832
155.905,-0.8804,0.4076,-0.2073,19.7866,20.3389,21.5723,0.1796,20.1826
155.905,-0.8807,0.4076,-0.2069,19.7866,20.3384,21.5723,0.1793,20.1826
155.905,-0.8807,0.4078,-0.2067,19.7866,20.3384,21.5724,0.1793,20.1826
156.003,-0.8807,0.4078,-0.2067,19.7966,20.3483,21.5824,0.1793,20.1926
156.004,-0.8804,0.4081,-0.2067,19.7960,20.3483,21.5824,0.1796,20.1920
156.004,-0.8807,0.4081,-0.2064,19.7960,20.3478,21.5824,0.1793,20.1920
156.004,-0.8807,0.4084,-0.2061,19.7960,20.3478,21.5825,0.1793,20.1920
156.099,-0.8807,0.4084,-0.2061,19.8060,20.3578,21.5924,0.1793,20.2020
156.099,-0.8804,0.4087,-0.2061,19.8054,20.3578,21.5924,0.1796,20.2014
156.099,-0.8806,0.4087,-0.2058,19.8054,20.3572,21.5924,0.1794,20.2014
156.099,-0.8806,0.4089,-0.2056,19.8054,20.3572,21.5926,0.1794,20.2014
156.200,-0.8806,0.4089,-0.2056,19.8054,20.3572,21.5926,0.1794,20.2014
156.205,-0.8806,0.4089,-0.2056,19.8153,20.3672,21.6025,0.1794,20.2113
156.205,-0.8804,0.4093,-0.2056,19.8148,20.3672,21.6025,0.1796,20.2108
156.206,-0.8806,0.4093,-0.2053,19.8148,20.3667,21.6025,0.1794,20.2108
156.206,-0.8806,0.4095,-0.2050,19.8148,20.3667,21.6026,0.1794,20.2108
156.301,-0.8806,0.4095,-0.2050,19.8247,20.3766,21.6126,0.1794,20.2207
156.301,-0.8804,0.4098,-0.2050,19.8241,20.3766,21.6126,0.1796,20.2201
156.301,-0.8806,0.4098,-0.2047,19.8241,20.3761,21.6126,0.1794,20.2201
156.301,-0.8806,0.4101,-0.2045,19.8241,20.3761,21.6127,0.1794,20.2201
156.397,-0.8806,0.4101,-0.2045,19.8341,20.3861,21.6226,0.1794,20.2301
156.397,-0.8804,0.4104,-0.2045,19.8335,20.3861,21.6226,0.1796,20.2295
156.397,-0.8806,0.4104,-0.2041,19.8335,20.3856,21.6226,0.1794,20.2295
156.397,-0.8806,0.4106,-0.2039,19.8335,20.3856,21.6228,0.1794,20.2295
156.497,-0.8806,0.4106,-0.2039,19.8335,20.3856,21.6228,0.1794,20.2295
156.503,-0.8806,0.4106,-0.2039,19.8435,20.3955,21.6327,0.1794,20.2395
156.503,-0.8804,0.4109,-0.2039,19.8430,20.3955,21.6327,0.1796,20.2390
156.503,-0.8806,0.4109,-0.2036,19.8430,20.3950,21.6327,0.1794,20.2390
156.503,-0.8806,0.4112,-0.2033,19.8430,20.3950,21.6328,0.1794,20.2390
156.598,-0.8806,0.4112,-0.2033,19.8529,20.4050,21.6428,0.1794,20.2489
156.599,-0.8804,0.4114,-0.2033,19.8524,20.4050,21.6428,0.1796,20.2484
156.599,-0.8806,0.4114,-0.2030,19.8524,20.4044,21.6428,0.1794,20.2484
156.599,-0.8806,0.4117,-0.2028,19.8524,20.4044,21.6429,0.1794,20.2484
156.699,-0.8806,0.4117,-0.2028,19.8524,20.4044,21.6429,0.1794,20.2484
156.704,-0.8806,0.4117,-0.2028,19.8624,20.4144,21.6529,0.1794,20.2584
156.705,-0.8804,0.4120,-0.2028,19.8618,20.4144,21.6529,0.1796,20.2578
156.705,-0.8807,0.4120,-0.2025,19.8618,20.4139,21.6529,0.1793,20.2578
156.705,-0.8807,0.4122,-0.2022,19.8618,20.4139,21.6530,0.1793,20.2578
156.801,-0.8807,0.4122,-0.2022,19.8718,20.4238,21.6629,0.1793,20.2678
156.801,-0.8805,0.4125,-0.2022,19.8713,20.4238,21.6629,0.1795,20.2673
156.801,-0.8807,0.4125,-0.2019,19.8713,20.4233,21.6629,0.1793,20.2673
156.801,-0.8807,0.4127,-0.2017,19.8713,20.4233,21.6631,0.1793,20.2673
156.895,-0.8807,0.4127,-0.2017,19.8812,20.4333,21.6730,0.1793,20.2772
156.895,-0.8805,0.4130,-0.2017,19.8807,20.4333,21.6730,0.1795,20.2767
156.895,-0.8807,0.4130,-0.2013,19.8807,20.4328,21.6730,0.1793,20.2767
156.895,-0.8807,0.4133,-0.2011,19.8807,20.4328,21.6731,0.1793,20.2767
156.995,-0.8807,0.4133,-0.2011,19.8807,20.4328,21.6731,0.1793,20.2767
157.001,-0.8807,0.4133,-0.2011,19.8907,20.4427,21.6831,0.1793,20.2867
157.001,-0.8805,0.4136,-0.2011,19.8901,20.4427,21.6831,0.1795,20.2861
157.002,-0.8807,0.4136,-0.2008,19.8901,20.4422,21.6831,0.1793,20.2861
157.002,-0.8807,0.4138,-0.2005,19.8901,20.4422,21.6832,0.1793,20.2861
157.097,-0.8807,0.4138,-0.2005,19.9001,20.4522,21.6932,0.1793,20.2961
157.097,-0.8805,0.4141,-0.2005,19.8995,20.4522,21.6932,0.1795,20.2955
157.097,-0.8807,0.4141,-0.2002,19.8995,20.4516,21.6932,0.1793,20.2955
157.098,-0.8807,0.4144,-0.2000,19.8995,20.4516,21.6933,0.1793,20.2955
157.198,-0.8807,0.4144,-0.2000,19.8995,20.4516,21.6933,0.1793,20.2955
157.203,-0.8807,0.4144,-0.2000,19.9095,20.4616,21.7033,0.1793,20.3055
157.204,-0.8805,0.4146,-0.2000,19.9089,20.4616,21.7033,0.1795,20.3049
157.204,-0.8808,0.4146,-0.1996,19.9089,20.4611,21.7033,0.1792,20.3049
157.204,-0.8808,0.4149,-0.1994,19.9089,20.4611,21.7034,0.1792,20.3049
157.299,-0.8808,0.4149,-0.1994,19.9189,20.4710,21.7133,0.1792,20.3149
157.299,-0.8805,0.4152,-0.1994,19.9183,20.4710,21.7133,0.1795,20.3143
157.300,-0.8807,0.4152,-0.1991,19.9183,20.4705,21.7133,0.1793,20.3143
157.300,-0.8807,0.4155,-0.1988,19.9183,20.4705,21.7134,0.1793,20.3143
157.400,-0.8807,0.4155,-0.1988,19.9183,20.4705,21.7134,0.1793,20.3143
157.409,-0.8807,0.4155,-0.1988,19.9283,20.4804,21.7234,0.1793,20.3243
157.410,-0.8805,0.4158,-0.1988,19.9277,20.4804,21.7234,0.1795,20.3237
157.410,-0.8807,0.4158,-0.1985,19.9277,20.4799,21.7234,0.1793,20.3237
157.410,-0.8807,0.4160,-0.1983,19.9277,20.4799,21.7235,0.1793,20.3237
157.506,-0.8807,0.4160,-0.1983,19.9376,20.4899,21.7334,0.1793,20.3336
157.506,-0.8805,0.4163,-0.1983,19.9371,20.4899,21.7334,0.1795,20.3331
157.507,-0.8807,0.4163,-0.1979,19.9371,20.4893,21.7334,0.1793,20.3331
157.507,-0.8807,0.4166,-0.1977,19.9371,20.4893,21.7335,0.1793,20.3331
157.603,-0.8807,0.4166,-0.1977,19.9470,20.4993,21.7435,0.1793,20.3430
157.603,-0.8805,0.4169,-0.1977,19.9464,20.4993,21.7435,0.1795,20.3424
157.603,-0.8807,0.4169,-0.1974,19.9464,20.4988,21.7435,0.1793,20.3424
157.603,-0.8807,0.4172,-0.1972,19.9464,20.4988,21.7436,0.1793,20.3424
157.700,-0.8807,0.4172,-0.1972,19.9564,20.5087,21.7535,0.1793,20.3524
157.700,-0.8805,0.4175,-0.1972,19.9558,20.5087,21.7535,0.1795,20.3518
157.701,-0.8807,0.4175,-0.1968,19.9558,20.5082,21.7535,0.1793,20.3518
157.701,-0.8807,0.4177,-0.1966,19.9558,20.5082,21.7537,0.1793,20.3518
157.790,-0.8807,0.4177,-0.1966,19.9658,20.5182,21.7636,0.1793,20.3618
157.790,-0.8805,0.4180,-0.1966,19.9652,20.5182,21.7636,0.1795,20.3612
157.791,-0.8807,0.4180,-0.1963,19.9652,20.5176,21.7636,0.1793,20.3612
157.791,-0.8807,0.4183,-0.1960,19.9652,20.5176,21.7637,0.1793,20.3612
157.891,-0.8807,0.4183,-0.1960,19.9652,20.5176,21.7637,0.1793,20.3612
157.899,-0.8807,0.4183,-0.1960,19.9752,20.5276,21.7737,0.1793,20.3712
157.899,-0.8805,0.4185,-0.1960,19.9747,20.5276,21.7737,0.1795,20.3707
157.899,-0.8807,0.4185,-0.1957,19.9747,20.5271,21.7737,0.1793,20.3707
157.899,-0.8807,0.4188,-0.1955,19.9747,20.5271,21.7738,0.1793,20.3707
158.000,-0.8807,0.4188,-0.1955,19.9747,20.5271,21.7738,0.1793,20.3707
158.005,-0.8807,0.4188,-0.1955,19.9846,20.5370,21.7837,0.1793,20.3806
158.005,-0.8805,0.4191,-0.1955,19.9841,20.5370,21.7837,0.1795,20.3801
158.005,-0.8807,0.4191,-0.1951,19.9841,20.5365,21.7837,0.1793,20.3801
158.005,-0.8807,0.4193,-0.1949,19.9841,20.5365,21.7839,0.1793,20.3801
158.100,-0.8807,0.4193,-0.1949,19.9940,20.5464,21.7938,0.1793,20.3900
158.101,-0.8805,0.4196,-0.1949,19.9935,20.5464,21.7938,0.1795,20.3895
158.101,-0.8808,0.4196,-0.1946,19.9935,20.5459,21.7938,0.1792,20.3895
158.101,-0.8808,0.4198,-0.1943,19.9935,20.5459,21.7939,0.1792,20.3895
158.197,-0.8808,0.4198,-0.1943,20.0035,20.5559,21.8039,0.1792,20.3995
158.197,-0.8806,0.4201,-0.1943,20.0029,20.5559,21.8039,0.1794,20.3989
158.197,-0.8808,0.4201,-0.1940,20.0029,20.5553,21.8039,0.1792,20.3989
158.198,-0.8808,0.4204,-0.1938,20.0029,20.5553,21.8040,0.1792,20.3989
158.298,-0.8808,0.4204,-0.1938,20.0029,20.5553,21.8040,0.1792,20.3989
158.303,-0.8808,0.4204,-0.1938,20.0129,20.5653,21.8139,0.1792,20.4089
158.303,-0.8806,0.4207,-0.1938,20.0123,20.5653,21.8139,0.1794,20.4083
158.303,-0.8808,0.4207,-0.1935,20.0123,20.5648,21.8139,0.1792,20.4083
158.304,-0.8808,0.4209,-0.1932,20.0123,20.5648,21.8141,0.1792,20.4083
158.399,-0.8808,0.4209,-0.1932,20.0223,20.5747,21.8240,0.1792,20.4183
158.400,-0.8806,0.4212,-0.1932,20.0218,20.5747,21.8240,0.1794,20.4178
158.400,-0.8808,0.4212,-0.1929,20.0218,20.5742,21.8240,0.1792,20.4178
158.400,-0.8808,0.4214,-0.1926,20.0218,20.5742,21.8241,0.1792,20.4178
158.500,-0.8808,0.4214,-0.1926,20.0218,20.5742,21.8241,0.1792,20.4178
158.505,-0.8808,0.4214,-0.1926,20.0317,20.5842,21.8341,0.1792,20.4277
158.505,-0.8806,0.4217,-0.1926,20.0312,20.5842,21.8341,0.1794,20.4272
158.506,-0.8808,0.4217,-0.1923,20.0312,20.5836,21.8341,0.1792,20.4272
158.506,-0.8808,0.4220,-0.1921,20.0312,20.5836,21.8342,0.1792,20.4272
158.601,-0.8808,0.4220,-0.1921,20.0412,20.5936,21.8442,0.1792,20.4372
158.602,-0.8806,0.4223,-0.1921,20.0406,20.5936,21.8442,0.1794,20.4366
158.602,-0.8808,0.4223,-0.1918,20.0406,20.5931,21.8442,0.1792,20.4366
158.602,-0.8808,0.4225,-0.1915,20.0406,20.5931,21.8443,0.1792,20.4366
158.697,-0.8808,0.4225,-0.1915,20.0506,20.6031,21.8542,0.1792,20.4466
158.698,-0.8806,0.4229,-0.1915,20.0500,20.6031,21.8542,0.1794,20.4460
158.698,-0.8808,0.4229,-0.1912,20.0500,20.6025,21.8542,0.1792,20.4460
158.698,-0.8808,0.4231,-0.1910,20.0500,20.6025,21.8544,0.1792,20.4460
158.798,-0.8808,0.4231,-0.1910,20.0500,20.6025,21.8544,0.1792,20.4460
158.808,-0.8808,0.4231,-0.1910,20.0599,20.6125,21.8643,0.1792,20.4559
158.809,-0.8806,0.4234,-0.1910,20.0594,20.6125,21.8643,0.1794,20.4554
158.809,-0.8808,0.4234,-0.1906,20.0594,20.6120,21.8643,0.1792,20.4554
158.809,-0.8808,0.4237,-0.1904,20.0594,20.6120,21.8644,0.1792,20.4554
158.904,-0.8808,0.4237,-0.1904,20.0693,20.6219,21.8744,0.1792,20.4653
158.904,-0.8806,0.4240,-0.1904,20.0687,20.6219,21.8744,0.1794,20.4647
158.904,-0.8808,0.4240,-0.1901,20.0687,20.6214,21.8744,0.1792,20.4647
158.905,-0.8808,0.4242,-0.1898,20.0687,20.6214,21.8745,0.1792,20.4647
158.997,-0.8808,0.4242,-0.1898,20.0787,20.6314,21.8844,0.1792,20.4747
158.998,-0.8806,0.4245,-0.1898,20.0781,20.6314,21.8844,0.1794,20.4741
158.998,-0.8808,0.4245,-0.1895,20.0781,20.6308,21.8844,0.1792,20.4741
158.998,-0.8808,0.4248,-0.1893,20.0781,20.6308,21.8845,0.1792,20.4741
159.098,-0.8808,0.4248,-0.1893,20.0781,20.6308,21.8845,0.1792,20.4741
159.103,-0.8808,0.4248,-0.1893,20.0881,20.6408,21.8944,0.1792,20.4841
159.103,-0.8806,0.4251,-0.1893,20.0875,20.6408,21.8944,0.1794,20.4835
159.104,-0.8808,0.4251,-0.1890,20.0875,20.6402,21.8944,0.1792,20.4835
159.104,-0.8808,0.4253,-0.1887,20.0875,20.6402,21.8946,0.1792,20.4835
159.200,-0.8808,0.4253,-0.1887,20.0974,20.6502,21.9045,0.1792,20.4934
159.200,-0.8806,0.4256,-0.1887,20.0969,20.6502,21.9045,0.1794,20.4929
159.200,-0.8808,0.4256,-0.1884,20.0969,20.6497,21.9045,0.1792,20.4929
159.200,-0.8808,0.4259,-0.1882,20.0969,20.6497,21.9046,0.1792,20.4929
159.301,-0.8808,0.4259,-0.1882,20.0969,20.6497,21.9046,0.1792,20.4929
159.306,-0.8808,0.4259,-0.1882,20.1068,20.6596,21.9145,0.1792,20.5028
159.307,-0.8806,0.4262,-0.1882,20.1063,20.6596,21.9145,0.1794,20.5023
159.307,-0.8808,0.4262,-0.1878,20.1063,20.6591,21.9145,0.1792,20.5023
159.307,-0.8808,0.4264,-0.1876,20.1063,20.6591,21.9147,0.1792,20.5023
159.401,-0.8808,0.4264,-0.1876,20.1163,20.6690,21.9246,0.1792,20.5123
159.401,-0.8806,0.4267,-0.1876,20.1157,20.6690,21.9246,0.1794,20.5117
159.402,-0.8808,0.4267,-0.1873,20.1157,20.6685,21.9246,0.1792,20.5117
159.402,-0.8808,0.4269,-0.1870,20.1157,20.6685,21.9247,0.1792,20.5117
159.497,-0.8808,0.4269,-0.1870,20.1257,20.6785,21.9347,0.1792,20.5217
159.497,-0.8806,0.4272,-0.1870,20.1251,20.6785,21.9347,0.1794,20.5211
159.497,-0.8809,0.4272,-0.1867,20.1251,20.6779,21.9347,0.1791,20.5211
159.497,-0.8809,0.4275,-0.1865,20.1251,20.6779,21.9348,0.1791,20.5211
159.598,-0.8809,0.4275,-0.1865,20.1251,20.6779,21.9348,0.1791,20.5211
159.602,-0.8809,0.4275,-0.1865,20.1351,20.6879,21.9448,0.1791,20.5311
159.602,-0.8807,0.4278,-0.1865,20.1346,20.6879,21.9448,0.1793,20.5306
159.602,-0.8809,0.4278,-0.1861,20.1346,20.6874,21.9448,0.1791,20.5306
159.603,-0.8809,0.4280,-0.1859,20.1346,20.6874,21.9449,0.1791,20.5306
159.701,-0.8809,0.4280,-0.1859,20.1445,20.6973,21.9548,0.1791,20.5405
159.701,-0.8807,0.4283,-0.1859,20.1440,20.6973,21.9548,0.1793,20.5400
159.701,-0.8809,0.4283,-0.1856,20.1440,20.6968,21.9548,0.1791,20.5400
159.701,-0.8809,0.4285,-0.1853,20.1440,20.6968,21.9549,0.1791,20.5400
159.796,-0.8809,0.4285,-0.1853,20.1540,20.7068,21.9649,0.1791,20.5500
159.796,-0.8807,0.4288,-0.1853,20.1534,20.7068,21.9649,0.1793,20.5494
159.796,-0.8809,0.4288,-0.1850,20.1534,20.7062,21.9649,0.1791,20.5494
159.797,-0.8809,0.4291,-0.1848,20.1534,20.7062,21.9650,0.1791,20.5494
159.897,-0.8809,0.4291,-0.1848,20.1534,20.7062,21.9650,0.1791,20.5494
159.904,-0.8809,0.4291,-0.1848,20.1634,20.7162,21.9749,0.1791,20.5594
159.904,-0.8807,0.4294,-0.1848,20.1628,20.7162,21.9749,0.1793,20.5588
159.904,-0.8809,0.4294,-0.1844,20.1628,20.7157,21.9749,0.1791,20.5588
159.904,-0.8809,0.4296,-0.1842,20.1628,20.7157,21.9751,0.1791,20.5588
160.002,-0.8809,0.4296,-0.1842,20.1728,20.7256,21.9850,0.1791,20.5688
160.002,-0.8807,0.4299,-0.1842,20.1722,20.7256,21.9850,0.1793,20.5682
160.002,-0.8809,0.4299,-0.1839,20.1722,20.7251,21.9850,0.1791,20.5682
160.002,-0.8809,0.4302,-0.1836,20.1722,20.7251,21.9851,0.1791,20.5682
160.097,-0.8809,0.4302,-0.1836,20.1821,20.7350,21.9951,0.1791,20.5781
160.097,-0.8807,0.4305,-0.1836,20.1816,20.7350,21.9951,0.1793,20.5776
160.097,-0.8809,0.4305,-0.1833,20.1816,20.7345,21.9951,0.1791,20.5776
160.097,-0.8809,0.4308,-0.1831,20.1816,20.7345,21.9952,0.1791,20.5776
160.198,-0.8809,0.4308,-0.1831,20.1816,20.7345,21.9952,0.1791,20.5776
160.202,-0.8809,0.4308,-0.1831,20.1915,20.7445,22.0051,0.1791,20.5875
160.202,-0.8807,0.4311,-0.1831,20.1910,20.7445,22.0051,0.1793,20.5870
160.202,-0.8809,0.4311,-0.1828,20.1910,20.7440,22.0051,0.1791,20.5870
160.202,-0.8809,0.4313,-0.1825,20.1910,20.7440,22.0053,0.1791,20.5870
160.298,-0.8809,0.4313,-0.1825,20.2009,20.7539,22.0152,0.1791,20.5969
160.298,-0.8807,0.4316,-0.1825,20.2004,20.7539,22.0152,0.1793,20.5964
160.299,-0.8809,0.4316,-0.1822,20.2004,20.7534,22.0152,0.1791,20.5964
160.299,-0.8809,0.4319,-0.1820,20.2004,20.7534,22.0153,0.1791,20.5964
160.399,-0.8809,0.4319,-0.1820,20.2004,20.7534,22.0153,0.1791,20.5964
160.404,-0.8809,0.4319,-0.1820,20.2103,20.7634,22.0253,0.1791,20.6063
160.404,-0.8807,0.4322,-0.1820,20.2098,20.7634,22.0253,0.1793,20.6058
160.404,-0.8809,0.4322,-0.1817,20.2098,20.7629,22.0253,0.1791,20.6058
160.404,-0.8809,0.4324,-0.1814,20.2098,20.7629,22.0254,0.1791,20.6058
160.500,-0.8809,0.4324,-0.1814,20.2197,20.7728,22.0354,0.1791,20.6157
160.500,-0.8807,0.4327,-0.1814,20.2192,20.7728,22.0354,0.1793,20.6152
160.500,-0.8809,0.4327,-0.1811,20.2192,20.7723,22.0354,0.1791,20.6152
160.500,-0.8809,0.4330,-0.1809,20.2192,20.7723,22.0355,0.1791,20.6152
160.590,-0.8809,0.4330,-0.1809,20.2292,20.7823,22.0455,0.1791,20.6252
160.590,-0.8807,0.4333,-0.1809,20.2286,20.7823,22.0455,0.1793,20.6246
160.590,-0.8809,0.4333,-0.1805,20.2286,20.7818,22.0455,0.1791,20.6246
160.591,-0.8809,0.4335,-0.1803,20.2286,20.7818,22.0456,0.1791,20.6246
160.691,-0.8809,0.4335,-0.1803,20.2286,20.7818,22.0456,0.1791,20.6246
160.706,-0.8809,0.4335,-0.1803,20.2386,20.7917,22.0555,0.1791,20.6346
160.707,-0.8807,0.4338,-0.1803,20.2381,20.7917,22.0555,0.1793,20.6341
160.707,-0.8809,0.4338,-0.1800,20.2381,20.7912,22.0555,0.1791,20.6341
160.707,-0.8809,0.4340,-0.1797,20.2381,20.7912,22.0557,0.1791,20.6341
160.800,-0.8809,0.4340,-0.1797,20.2480,20.8012,22.0656,0.1791,20.6440
160.800,-0.8807,0.4343,-0.1797,20.2475,20.8012,22.0656,0.1793,20.6435
160.800,-0.8809,0.4343,-0.1794,20.2475,20.8007,22.0656,0.1791,20.6435
160.800,-0.8809,0.4346,-0.1792,20.2475,20.8007,22.0657,0.1791,20.6435
160.901,-0.8809,0.4346,-0.1792,20.2475,20.8007,22.0657,0.1791,20.6435
160.905,-0.8809,0.4346,-0.1792,20.2575,20.8106,22.0757,0.1791,20.6535
160.905,-0.8808,0.4349,-0.1792,20.2569,20.8106,22.0757,0.1792,20.6529
160.905,-0.8810,0.4349,-0.1788,20.2569,20.8101,22.0757,0.1790,20.6529
160.905,-0.8810,0.4351,-0.1786,20.2569,20.8101,22.0758,0.1790,20.6529
161.001,-0.8810,0.4351,-0.1786,20.2669,20.8201,22.0858,0.1790,20.6629
161.001,-0.8808,0.4354,-0.1786,20.2664,20.8201,22.0858,0.1792,20.6624
161.001,-0.8810,0.4354,-0.1783,20.2664,20.8196,22.0858,0.1790,20.6624
161.001,-0.8810,0.4356,-0.1780,20.2664,20.8196,22.0859,0.1790,20.6624
161.099,-0.8810,0.4356,-0.1780,20.2764,20.8295,22.0959,0.1790,20.6724
161.099,-0.8808,0.4359,-0.1780,20.2758,20.8295,22.0959,0.1792,20.6718
161.099,-0.8810,0.4359,-0.1777,20.2758,20.8290,22.0959,0.1790,20.6718
161.099,-0.8810,0.4362,-0.1775,20.2758,20.8290,22.0960,0.1790,20.6718
161.199,-0.8810,0.4362,-0.1775,20.2758,20.8290,22.0960,0.1790,20.6718
161.204,-0.8810,0.4362,-0.1775,20.2858,20.8389,22.1059,0.1790,20.6818
161.204,-0.8808,0.4365,-0.1775,20.2852,20.8389,22.1059,0.1792,20.6812
161.204,-0.8810,0.4365,-0.1771,20.2852,20.8384,22.1059,0.1790,20.6812
161.204,-0.8810,0.4367,-0.1769,20.2852,20.8384,22.1060,0.1790,20.6812
161.300,-0.8810,0.4367,-0.1769,20.2952,20.8484,22.1160,0.1790,20.6912
161.300,-0.8808,0.4370,-0.1769,20.2946,20.8484,22.1160,0.1792,20.6906
161.301,-0.8810,0.4370,-0.1766,20.2946,20.8478,22.1160,0.1790,20.6906
161.301,-0.8810,0.4373,-0.1763,20.2946,20.8478,22.1161,0.1790,20.6906
161.395,-0.8810,0.4373,-0.1763,20.3045,20.8578,22.1260,0.1790,20.7005
161.396,-0.8808,0.4376,-0.1763,20.3040,20.8578,22.1260,0.1792,20.7000
161.396,-0.8810,0.4376,-0.1760,20.3040,20.8573,22.1260,0.1790,20.7000
161.396,-0.8810,0.4378,-0.1758,20.3040,20.8573,22.1261,0.1790,20.7000
161.496,-0.8810,0.4378,-0.1758,20.3040,20.8573,22.1261,0.1790,20.7000
161.501,-0.8810,0.4378,-0.1758,20.3139,20.8672,22.1361,0.1790,20.7099
161.501,-0.8808,0.4382,-0.1758,20.3133,20.8672,22.1361,0.1792,20.7093
161.501,-0.8810,0.4382,-0.1755,20.3133,20.8667,22.1361,0.1790,20.7093
161.501,-0.8810,0.4384,-0.1752,20.3133,20.8667,22.1362,0.1790,20.7093
161.597,-0.8810,0.4384,-0.1752,20.3233,20.8766,22.1461,0.1790,20.7193
161.597,-0.8808,0.4387,-0.1752,20.3227,20.8766,22.1461,0.1792,20.7187
161.597,-0.8810,0.4387,-0.1749,20.3227,20.8761,22.1461,0.1790,20.7187
161.597,-0.8810,0.4390,-0.1747,20.3227,20.8761,22.1462,0.1790,20.7187
161.698,-0.8810,0.4390,-0.1747,20.3227,20.8761,22.1462,0.1790,20.7187
161.703,-0.8810,0.4390,-0.1747,20.3327,20.8861,22.1562,0.1790,20.7287
161.704,-0.8808,0.4393,-0.1747,20.3321,20.8861,22.1562,0.1792,20.7281
161.704,-0.8810,0.4393,-0.1743,20.3321,20.8855,22.1562,0.1790,20.7281
161.704,-0.8810,0.4395,-0.1741,20.3321,20.8855,22.1563,0.1790,20.7281
161.799,-0.8810,0.4395,-0.1741,20.3421,20.8955,22.1662,0.1790,20.7381
161.799,-0.8808,0.4398,-0.1741,20.3415,20.8955,22.1662,0.1792,20.7375
161.799,-0.8810,0.4398,-0.1738,20.3415,20.8950,22.1662,0.1790,20.7375
161.800,-0.8810,0.4401,-0.1735,20.3415,20.8950,22.1663,0.1790,20.7375
161.900,-0.8810,0.4401,-0.1735,20.3415,20.8950,22.1663,0.1790,20.7375
161.904,-0.8810,0.4401,-0.1735,20.3515,20.9049,22.1763,0.1790,20.7475
161.904,-0.8808,0.4404,-0.1735,20.3509,20.9049,22.1763,0.1792,20.7469
161.904,-0.8810,0.4404,-0.1732,20.3509,20.9044,22.1763,0.1790,20.7469
161.904,-0.8810,0.4406,-0.1730,20.3509,20.9044,22.1764,0.1790,20.7469
162.000,-0.8810,0.4406,-0.1730,20.3609,20.9144,22.1864,0.1790,20.7569
162.000,-0.8808,0.4409,-0.1730,20.3604,20.9144,22.1864,0.1792,20.7564
162.000,-0.8810,0.4409,-0.1727,20.3604,20.9139,22.1864,0.1790,20.7564
162.001,-0.8810,0.4411,-0.1724,20.3604,20.9139,22.1865,0.1790,20.7564
162.096,-0.8810,0.4411,-0.1724,20.3703,20.9238,22.1964,0.1790,20.7663
162.097,-0.8808,0.4414,-0.1724,20.3698,20.9238,22.1964,0.1792,20.7658
162.097,-0.8810,0.4414,-0.1721,20.3698,20.9233,22.1964,0.1790,20.7658
162.097,-0.8810,0.4417,-0.1719,20.3698,20.9233,22.1966,0.1790,20.7658
162.198,-0.8810,0.4417,-0.1719,20.3698,20.9233,22.1966,0.1790,20.7658
162.201,-0.8810,0.4417,-0.1719,20.3797,20.9332,22.2065,0.1790,20.7757
162.201,-0.8808,0.4419,-0.1719,20.3792,20.9332,22.2065,0.1792,20.7752
162.201,-0.8811,0.4419,-0.1715,20.3792,20.9327,22.2065,0.1789,20.7752
162.202,-0.8811,0.4422,-0.1713,20.3792,20.9327,22.2066,0.1789,20.7752
162.298,-0.8811,0.4422,-0.1713,20.3892,20.9427,22.2166,0.1789,20.7852
162.298,-0.8809,0.4425,-0.1713,20.3886,20.9427,22.2166,0.1791,20.7846
162.298,-0.8811,0.4425,-0.1710,20.3886,20.9421,22.2166,0.1789,20.7846
162.299,-0.8811,0.4427,-0.1707,20.3886,20.9421,22.2167,0.1789,20.7846
162.399,-0.8811,0.4427,-0.1707,20.3886,20.9421,22.2167,0.1789,20.7846
162.403,-0.8811,0.4427,-0.1707,20.3986,20.9521,22.2266,0.1789,20.7946
162.404,-0.8809,0.4430,-0.1707,20.3980,20.9521,22.2266,0.1791,20.7940
162.404,-0.8811,0.4430,-0.1704,20.3980,20.9516,22.2266,0.1789,20.7940
162.404,-0.8811,0.4433,-0.1702,20.3980,20.9516,22.2267,0.1789,20.7940
162.500,-0.8811,0.4433,-0.1702,20.4080,20.9615,22.2367,0.1789,20.8040
162.500,-0.8809,0.4436,-0.1702,20.4074,20.9615,22.2367,0.1791,20.8034
162.500,-0.8811,0.4436,-0.1698,20.4074,20.9610,22.2367,0.1789,20.8034
162.500,-0.8811,0.4438,-0.1696,20.4074,20.9610,22.2368,0.1789,20.8034
162.600,-0.8811,0.4438,-0.1696,20.4074,20.9610,22.2368,0.1789,20.8034
162.604,-0.8811,0.4438,-0.1696,20.4174,20.9710,22.2468,0.1789,20.8134
162.604,-0.8809,0.4441,-0.1696,20.4169,20.9710,22.2468,0.1791,20.8129
162.605,-0.8811,0.4441,-0.1693,20.4169,20.9705,22.2468,0.1789,20.8129
162.605,-0.8811,0.4444,-0.1690,20.4169,20.9705,22.2469,0.1789,20.8129
162.702,-0.8811,0.4444,-0.1690,20.4268,20.9804,22.2568,0.1789,20.8228
162.702,-0.8809,0.4447,-0.1690,20.4263,20.9804,22.2568,0.1791,20.8223
162.702,-0.8811,0.4447,-0.1687,20.4263,20.9799,22.2568,0.1789,20.8223
162.702,-0.8811,0.4449,-0.1685,20.4263,20.9799,22.2570,0.1789,20.8223
162.800,-0.8811,0.4449,-0.1685,20.4362,20.9899,22.2669,0.1789,20.8322
162.800,-0.8809,0.4452,-0.1685,20.4357,20.9899,22.2669,0.1791,20.8317
162.800,-0.8811,0.4452,-0.1681,20.4357,20.9894,22.2669,0.1789,20.8317
162.800,-0.8811,0.4455,-0.1679,20.4357,20.9894,22.2670,0.1789,20.8317
162.890,-0.8811,0.4455,-0.1679,20.4456,20.9993,22.2770,0.1789,20.8416
162.890,-0.8809,0.4458,-0.1679,20.4451,20.9993,22.2770,0.1791,20.8411
162.890,-0.8811,0.4458,-0.1676,20.4451,20.9988,22.2770,0.1789,20.8411
162.890,-0.8811,0.4461,-0.1674,20.4451,20.9988,22.2771,0.1789,20.8411
162.990,-0.8811,0.4461,-0.1674,20.4550,21.0088,22.2871,0.1789,20.8510
162.990,-0.8809,0.4464,-0.1674,20.4545,21.0088,22.2871,0.1791,20.8505
162.990,-0.8811,0.4464,-0.1670,20.4545,21.0083,22.2871,0.1789,20.8505
162.991,-0.8811,0.4466,-0.1668,20.4545,21.0083,22.2872,0.1789,20.8505
163.091,-0.8811,0.4466,-0.1668,20.4545,21.0083,22.2872,0.1789,20.8505
163.102,-0.8811,0.4466,-0.1668,20.4644,21.0182,22.2971,0.1789,20.8604
163.103,-0.8809,0.4469,-0.1668,20.4639,21.0182,22.2971,0.1791,20.8599
163.103,-0.8811,0.4469,-0.1665,20.4639,21.0177,22.2971,0.1789,20.8599
163.103,-0.8811,0.4472,-0.1662,20.4639,21.0177,22.2972,0.1789,20.8599
163.198,-0.8811,0.4472,-0.1662,20.4738,21.0276,22.3072,0.1789,20.8698
163.198,-0.8809,0.4475,-0.1662,20.4733,21.0276,22.3072,0.1791,20.8693
163.198,-0.8811,0.4475,-0.1659,20.4733,21.0271,22.3072,0.1789,20.8693
163.198,-0.8811,0.4477,-0.1657,20.4733,21.0271,22.3073,0.1789,20.8693
163.299,-0.8811,0.4477,-0.1657,20.4733,21.0271,22.3073,0.1789,20.8693
163.310,-0.8811,0.4477,-0.1657,20.4832,21.0370,22.3172,0.1789,20.8792
163.310,-0.8809,0.4480,-0.1657,20.4827,21.0370,22.3172,0.1791,20.8787
163.310,-0.8811,0.4480,-0.1653,20.4827,21.0365,22.3172,0.1789,20.8787
163.311,-0.8811,0.4482,-0.1651,20.4827,21.0365,22.3173,0.1789,20.8787
163.400,-0.8811,0.4482,-0.1651,20.4926,21.0465,22.3273,0.1789,20.8886
163.400,-0.8809,0.4485,-0.1651,20.4921,21.0465,22.3273,0.1791,20.8881
163.401,-0.8811,0.4485,-0.1648,20.4921,21.0460,22.3273,0.1789,20.8881
163.401,-0.8811,0.4488,-0.1646,20.4921,21.0460,22.3274,0.1789,20.8881
163.490,-0.8811,0.4488,-0.1646,20.5021,21.0559,22.3374,0.1789,20.8981
163.490,-0.8809,0.4490,-0.1646,20.5015,21.0559,22.3374,0.1791,20.8975
163.490,-0.8811,0.4490,-0.1642,20.5015,21.0554,22.3374,0.1789,20.8975
163.490,-0.8811,0.4493,-0.1640,20.5015,21.0554,22.3375,0.1789,20.8975
163.591,-0.8811,0.4493,-0.1640,20.5015,21.0554,22.3375,0.1789,20.8975
163.604,-0.8811,0.4493,-0.1640,20.5115,21.0654,22.3474,0.1789,20.9075
163.604,-0.8809,0.4496,-0.1640,20.5110,21.0654,22.3474,0.1791,20.9070
163.604,-0.8812,0.4496,-0.1637,20.5110,21.0648,22.3474,0.1788,20.9070
163.604,-0.8812,0.4498,-0.1634,20.5110,21.0648,22.3475,0.1788,20.9070
163.703,-0.8812,0.4498,-0.1634,20.5209,21.0748,22.3575,0.1788,20.9169
163.703,-0.8810,0.4501,-0.1634,20.5204,21.0748,22.3575,0.1790,20.9164
163.703,-0.8812,0.4501,-0.1631,20.5204,21.0743,22.3575,0.1788,20.9164
163.703,-0.8812,0.4504,-0.1629,20.5204,21.0743,22.3576,0.1788,20.9164
163.798,-0.8812,0.4504,-0.1629,20.5304,21.0843,22.3676,0.1788,20.9264
163.798,-0.8810,0.4507,-0.1629,20.5298,21.0843,22.3676,0.1790,20.9258
163.798,-0.8812,0.4507,-0.1625,20.5298,21.0837,22.3676,0.1788,20.9258
163.798,-0.8812,0.4509,-0.1623,20.5298,21.0837,22.3677,0.1788,20.9258
163.899,-0.8812,0.4509,-0.1623,20.5298,21.0837,22.3677,0.1788,20.9258
163.904,-0.8812,0.4509,-0.1623,20.5398,21.0937,22.3777,0.1788,20.9358
163.904,-0.8810,0.4512,-0.1623,20.5393,21.0937,22.3777,0.1790,20.9353
163.904,-0.8812,0.4512,-0.1620,20.5393,21.0932,22.3777,0.1788,20.9353
163.904,-0.8812,0.4515,-0.1617,20.5393,21.0932,22.3778,0.1788,20.9353
164.000,-0.8812,0.4515,-0.1617,20.5492,21.1031,22.3877,0.1788,20.9452
164.000,-0.8810,0.4518,-0.1617,20.5487,21.1031,22.3877,0.1790,20.9447
164.001,-0.8812,0.4518,-0.1614,20.5487,21.1026,22.3877,0.1788,20.9447
164.001,-0.8812,0.4520,-0.1612,20.5487,21.1026,22.3879,0.1788,20.9447
164.101,-0.8812,0.4520,-0.1612,20.5487,21.1026,22.3879,0.1788,20.9447
164.106,-0.8812,0.4520,-0.1612,20.5586,21.1126,22.3978,0.1788,20.9546
164.106,-0.8810,0.4523,-0.1612,20.5580,21.1126,22.3978,0.1790,20.9540
164.106,-0.8812,0.4523,-0.1608,20.5580,21.1121,22.3978,0.1788,20.9540
164.106,-0.8812,0.4526,-0.1606,20.5580,21.1121,22.3979,0.1788,20.9540
164.201,-0.8812,0.4526,-0.1606,20.5680,21.1220,22.4078,0.1788,20.9640
164.201,-0.8810,0.4529,-0.1606,20.5674,21.1220,22.4078,0.1790,20.9634
164.201,-0.8812,0.4529,-0.1603,20.5674,21.1215,22.4078,0.1788,20.9634
164.201,-0.8812,0.4531,-0.1600,20.5674,21.1215,22.4080,0.1788,20.9634
164.297,-0.8812,0.4531,-0.1600,20.5774,21.1314,22.4179,0.1788,20.9734
164.297,-0.8810,0.4534,-0.1600,20.5768,21.1314,22.4179,0.1790,20.9728
164.297,-0.8812,0.4534,-0.1597,20.5768,21.1309,22.4179,0.1788,20.9728
164.297,-0.8812,0.4537,-0.1595,20.5768,21.1309,22.4180,0.1788,20.9728
164.398,-0.8812,0.4537,-0.1595,20.5768,21.1309,22.4180,0.1788,20.9728
164.401,-0.8812,0.4537,-0.1595,20.5867,21.1409,22.4279,0.1788,20.9827
164.401,-0.8810,0.4540,-0.1595,20.5862,21.1409,22.4279,0.1790,20.9822
164.401,-0.8812,0.4540,-0.1592,20.5862,21.1403,22.4279,0.1788,20.9822
164.401,-0.8812,0.4542,-0.1589,20.5862,21.1403,22.4281,0.1788,20.9822
164.497,-0.8812,0.4542,-0.1589,20.5961,21.1503,22.4380,0.1788,20.9921
164.497,-0.8810,0.4545,-0.1589,20.5956,21.1503,22.4380,0.1790,20.9916
164.497,-0.8812,0.4545,-0.1586,20.5956,21.1498,22.4380,0.1788,20.9916
164.497,-0.8812,0.4548,-0.1584,20.5956,21.1498,22.4381,0.1788,20.9916
164.598,-0.8812,0.4548,-0.1584,20.5956,21.1498,22.4381,0.1788,20.9916
164.602,-0.8812,0.4548,-0.1584,20.6056,21.1597,22.4481,0.1788,21.0016
164.603,-0.8810,0.4551,-0.1584,20.6050,21.1597,22.4481,0.1790,21.0010
164.603,-0.8812,0.4551,-0.1580,20.6050,21.1592,22.4481,0.1788,21.0010
164.603,-0.8812,0.4553,-0.1578,20.6050,21.1592,22.4482,0.1788,21.0010
164.699,-0.8812,0.4553,-0.1578,20.6150,21.1692,22.4581,0.1788,21.0110
164.699,-0.8810,0.4556,-0.1578,20.6145,21.1692,22.4581,0.1790,21.0105
164.699,-0.8812,0.4556,-0.1575,20.6145,21.1687,22.4581,0.1788,21.0105
164.699,-0.8812,0.4559,-0.1572,20.6145,21.1687,22.4583,0.1788,21.0105
164.800,-0.8812,0.4559,-0.1572,20.6145,21.1687,22.4583,0.1788,21.0105
164.810,-0.8812,0.4559,-0.1572,20.6244,21.1786,22.4682,0.1788,21.0204
164.810,-0.8810,0.4561,-0.1572,20.6239,21.1786,22.4682,0.1790,21.0199
164.810,-0.8812,0.4561,-0.1569,20.6239,21.1781,22.4682,0.1788,21.0199
164.811,-0.8812,0.4564,-0.1567,20.6239,21.1781,22.4683,0.1788,21.0199
164.890,-0.8812,0.4564,-0.1567,20.6339,21.1881,22.4783,0.1788,21.0299
164.890,-0.8810,0.4567,-0.1567,20.6333,21.1881,22.4783,0.1790,21.0293
164.890,-0.8812,0.4567,-0.1563,20.6333,21.1876,22.4783,0.1788,21.0293
164.890,-0.8812,0.4569,-0.1561,20.6333,21.1876,22.4784,0.1788,21.0293
164.991,-0.8812,0.4569,-0.1561,20.6333,21.1876,22.4784,0.1788,21.0293
164.997,-0.8812,0.4569,-0.1561,20.6433,21.1975,22.4884,0.1788,21.0393
164.997,-0.8811,0.4572,-0.1561,20.6428,21.1975,22.4884,0.1789,21.0388
164.997,-0.8813,0.4572,-0.1558,20.6428,21.1970,22.4884,0.1787,21.0388
164.997,-0.8813,0.4575,-0.1555,20.6428,21.1970,22.4885,0.1787,21.0388
165.097,-0.8813,0.4575,-0.1555,20.6428,21.1970,22.4885,0.1787,21.0388
165.109,-0.8813,0.4575,-0.1555,20.6527,21.2069,22.4984,0.1787,21.0487
165.109,-0.8811,0.4577,-0.1555,20.6522,21.2069,22.4984,0.1789,21.0482
165.109,-0.8813,0.4577,-0.1552,20.6522,21.2064,22.4984,0.1787,21.0482
165.109,-0.8813,0.4580,-0.1550,20.6522,21.2064,22.4985,0.1787,21.0482
165.205,-0.8813,0.4580,-0.1550,20.6621,21.2164,22.5085,0.1787,21.0581
165.206,-0.8811,0.4583,-0.1550,20.6616,21.2164,22.5085,0.1789,21.0576
165.206,-0.8813,0.4583,-0.1546,20.6616,21.2158,22.5085,0.1787,21.0576
165.206,-0.8813,0.4585,-0.1544,20.6616,21.2158,22.5086,0.1787,21.0576
165.301,-0.8813,0.4585,-0.1544,20.6715,21.2258,22.5185,0.1787,21.0675
165.301,-0.8811,0.4588,-0.1544,20.6710,21.2258,22.5185,0.1789,21.0670
165.301,-0.8813,0.4588,-0.1541,20.6710,21.2253,22.5185,0.1787,21.0670
165.301,-0.8813,0.4591,-0.1539,20.6710,21.2253,22.5187,0.1787,21.0670
165.397,-0.8813,0.4591,-0.1539,20.6809,21.2352,22.5286,0.1787,21.0769
165.397,-0.8811,0.4594,-0.1539,20.6804,21.2352,22.5286,0.1789,21.0764
165.397,-0.8813,0.4594,-0.1535,20.6804,21.2347,22.5286,0.1787,21.0764
165.397,-0.8813,0.4597,-0.1533,20.6804,21.2347,22.5287,0.1787,21.0764
165.497,-0.8813,0.4597,-0.1533,20.6804,21.2347,22.5287,0.1787,21.0764
165.502,-0.8813,0.4597,-0.1533,20.6903,21.2447,22.5387,0.1787,21.0863
165.502,-0.8811,0.4600,-0.1533,20.6898,21.2447,22.5387,0.1789,21.0858
165.502,-0.8813,0.4600,-0.1530,20.6898,21.2442,22.5387,0.1787,21.0858
165.502,-0.8813,0.4602,-0.1527,20.6898,21.2442,22.5388,0.1787,21.0858
165.598,-0.8813,0.4602,-0.1527,20.6997,21.2541,22.5488,0.1787,21.0957
165.598,-0.8811,0.4605,-0.1527,20.6992,21.2541,22.5488,0.1789,21.0952
165.599,-0.8813,0.4605,-0.1524,20.6992,21.2536,22.5488,0.1787,21.0952
165.599,-0.8813,0.4608,-0.1522,20.6992,21.2536,22.5489,0.1787,21.0952
165.699,-0.8813,0.4608,-0.1522,20.6992,21.2536,22.5489,0.1787,21.0952
165.707,-0.8813,0.4608,-0.1522,20.7092,21.2636,22.5588,0.1787,21.1052
165.707,-0.8811,0.4611,-0.1522,20.7086,21.2636,22.5588,0.1789,21.1046
165.707,-0.8813,0.4611,-0.1519,20.7086,21.2631,22.5588,0.1787,21.1046
165.707,-0.8813,0.4613,-0.1516,20.7086,21.2631,22.5590,0.1787,21.1046
165.806,-0.8813,0.4613,-0.1516,20.7186,21.2731,22.5689,0.1787,21.1146
165.807,-0.8811,0.4616,-0.1516,20.7180,21.2731,22.5689,0.1789,21.1140
165.807,-0.8813,0.4616,-0.1513,20.7180,21.2725,22.5689,0.1787,21.1140
165.807,-0.8813,0.4619,-0.1511,20.7180,21.2725,22.5690,0.1787,21.1140
165.902,-0.8813,0.4619,-0.1511,20.7280,21.2825,22.5790,0.1787,21.1240
165.902,-0.8811,0.4622,-0.1511,20.7275,21.2825,22.5790,0.1789,21.1235
165.902,-0.8813,0.4622,-0.1507,20.7275,21.2820,22.5790,0.1787,21.1235
165.902,-0.8813,0.4624,-0.1505,20.7275,21.2820,22.5791,0.1787,21.1235
165.998,-0.8813,0.4624,-0.1505,20.7374,21.2920,22.5891,0.1787,21.1334
165.999,-0.8811,0.4627,-0.1505,20.7369,21.2920,22.5891,0.1789,21.1329
165.999,-0.8813,0.4627,-0.1502,20.7369,21.2914,22.5891,0.1787,21.1329
165.999,-0.8813,0.4630,-0.1499,20.7369,21.2914,22.5892,0.1787,21.1329
166.099,-0.8813,0.4630,-0.1499,20.7369,21.2914,22.5892,0.1787,21.1329
166.103,-0.8813,0.4630,-0.1499,20.7469,21.3014,22.5992,0.1787,21.1429
166.104,-0.8811,0.4632,-0.1499,20.7464,21.3014,22.5992,0.1789,21.1424
166.104,-0.8813,0.4632,-0.1496,20.7464,21.3009,22.5992,0.1787,21.1424
166.104,-0.8813,0.4635,-0.1494,20.7464,21.3009,22.5993,0.1787,21.1424
166.204,-0.8813,0.4635,-0.1494,20.7464,21.3009,22.5993,0.1787,21.1424
166.205,-0.8813,0.4635,-0.1494,20.7563,21.3109,22.6093,0.1787,21.1523
166.205,-0.8811,0.4638,-0.1494,20.7558,21.3109,22.6093,0.1789,21.1518
166.205,-0.8813,0.4638,-0.1490,20.7558,21.3104,22.6093,0.1787,21.1518
166.205,-0.8813,0.4640,-0.1488,20.7558,21.3104,22.6094,0.1787,21.1518
166.300,-0.8813,0.4640,-0.1488,20.7658,21.3203,22.6193,0.1787,21.1618
166.301,-0.8811,0.4643,-0.1488,20.7652,21.3203,22.6193,0.1789,21.1612
166.301,-0.8814,0.4643,-0.1485,20.7652,21.3198,22.6193,0.1786,21.1612
166.301,-0.8814,0.4645,-0.1482,20.7652,21.3198,22.6195,0.1786,21.1612
166.396,-0.8814,0.4645,-0.1482,20.7752,21.3298,22.6294,0.1786,21.1712
166.396,-0.8812,0.4648,-0.1482,20.7747,21.3298,22.6294,0.1788,21.1707
166.396,-0.8814,0.4648,-0.1479,20.7747,21.3293,22.6294,0.1786,21.1707
166.396,-0.8814,0.4651,-0.1477,20.7747,21.3293,22.6295,0.1786,21.1707
166.497,-0.8814,0.4651,-0.1477,20.7747,21.3293,22.6295,0.1786,21.1707
166.501,-0.8814,0.4651,-0.1477,20.7847,21.3392,22.6395,0.1786,21.1807
166.501,-0.8812,0.4654,-0.1477,20.7841,21.3392,22.6395,0.1788,21.1801
166.501,-0.8814,0.4654,-0.1473,20.7841,21.3387,22.6395,0.1786,21.1801
166.501,-0.8814,0.4656,-0.1471,20.7841,21.3387,22.6396,0.1786,21.1801
166.597,-0.8814,0.4656,-0.1471,20.7941,21.3487,22.6496,0.1786,21.1901
166.597,-0.8812,0.4659,-0.1471,20.7935,21.3487,22.6496,0.1788,21.1895
166.597,-0.8814,0.4659,-0.1468,20.7935,21.3481,22.6496,0.1786,21.1895
166.597,-0.8814,0.4662,-0.1465,20.7935,21.3481,22.6497,0.1786,21.1895
166.697,-0.8814,0.4662,-0.1465,20.7935,21.3481,22.6497,0.1786,21.1895
166.703,-0.8814,0.4662,-0.1465,20.8035,21.3581,22.6596,0.1786,21.1995
166.703,-0.8812,0.4665,-0.1465,20.8029,21.3581,22.6596,0.1788,21.1989
166.703,-0.8814,0.4665,-0.1462,20.8029,21.3576,22.6596,0.1786,21.1989
166.703,-0.8814,0.4667,-0.1460,20.8029,21.3576,22.6597,0.1786,21.1989
166.798,-0.8814,0.4667,-0.1460,20.8128,21.3675,22.6696,0.1786,21.2088
166.798,-0.8812,0.4670,-0.1460,20.8123,21.3675,22.6696,0.1788,21.2083
166.799,-0.8814,0.4670,-0.1457,20.8123,21.3670,22.6696,0.1786,21.2083
166.799,-0.8814,0.4673,-0.1454,20.8123,21.3670,22.6698,0.1786,21.2083
166.899,-0.8814,0.4673,-0.1454,20.8123,21.3670,22.6698,0.1786,21.2083
166.909,-0.8814,0.4673,-0.1454,20.8222,21.3769,22.6797,0.1786,21.2182
166.910,-0.8812,0.4676,-0.1454,20.8217,21.3769,22.6797,0.1788,21.2177
166.910,-0.8814,0.4676,-0.1451,20.8217,21.3764,22.6797,0.1786,21.2177
166.910,-0.8814,0.4679,-0.1449,20.8217,21.3764,22.6798,0.1786,21.2177
167.007,-0.8814,0.4679,-0.1449,20.8316,21.3864,22.6897,0.1786,21.2276
167.007,-0.8812,0.4682,-0.1449,20.8311,21.3864,22.6897,0.1788,21.2271
167.007,-0.8814,0.4682,-0.1445,20.8311,21.3859,22.6897,0.1786,21.2271
167.007,-0.8814,0.4684,-0.1443,20.8311,21.3859,22.6899,0.1786,21.2271
167.103,-0.8814,0.4684,-0.1443,20.8410,21.3958,22.6998,0.1786,21.2370
167.103,-0.8812,0.4687,-0.1443,20.8405,21.3958,22.6998,0.1788,21.2365
167.103,-0.8814,0.4687,-0.1440,20.8405,21.3953,22.6998,0.1786,21.2365
167.103,-0.8814,0.4690,-0.1438,20.8405,21.3953,22.6999,0.1786,21.2365
167.197,-0.8814,0.4690,-0.1438,20.8504,21.4053,22.7099,0.1786,21.2464
167.197,-0.8812,0.4693,-0.1438,20.8499,21.4053,22.7099,0.1788,21.2459
167.198,-0.8814,0.4693,-0.1434,20.8499,21.4047,22.7099,0.1786,21.2459
167.198,-0.8814,0.4695,-0.1432,20.8499,21.4047,22.7100,0.1786,21.2459
167.298,-0.8814,0.4695,-0.1432,20.8499,21.4047,22.7100,0.1786,21.2459
167.304,-0.8814,0.4695,-0.1432,20.8599,21.4147,22.7200,0.1786,21.2559
167.304,-0.8812,0.4698,-0.1432,20.8593,21.4147,22.7200,0.1788,21.2553
167.304,-0.8814,0.4698,-0.1429,20.8593,21.4142,22.7200,0.1786,21.2553
167.305,-0.8814,0.4700,-0.1426,20.8593,21.4142,22.7201,0.1786,21.2553
167.399,-0.8814,0.4700,-0.1426,20.8693,21.4242,22.7300,0.1786,21.2653
167.399,-0.8812,0.4703,-0.1426,20.8688,21.4242,22.7300,0.1788,21.2648
167.399,-0.8814,0.4703,-0.1423,20.8688,21.4236,22.7300,0.1786,21.2648
167.400,-0.8814,0.4706,-0.1421,20.8688,21.4236,22.7302,0.1786,21.2648
167.500,-0.8814,0.4706,-0.1421,20.8688,21.4236,22.7302,0.1786,21.2648
167.506,-0.8814,0.4706,-0.1421,20.8787,21.4336,22.7401,0.1786,21.2747
167.506,-0.8812,0.4709,-0.1421,20.8782,21.4336,22.7401,0.1788,21.2742
167.506,-0.8814,0.4709,-0.1417,20.8782,21.4331,22.7401,0.1786,21.2742
167.506,-0.8814,0.4711,-0.1415,20.8782,21.4331,22.7402,0.1786,21.2742
167.601,-0.8814,0.4711,-0.1415,20.8882,21.4431,22.7502,0.1786,21.2842
167.601,-0.8812,0.4714,-0.1415,20.8876,21.4431,22.7502,0.1788,21.2836
167.601,-0.8815,0.4714,-0.1412,20.8876,21.4425,22.7502,0.1785,21.2836
167.601,-0.8815,0.4716,-0.1409,20.8876,21.4425,22.7503,0.1785,21.2836
167.699,-0.8815,0.4716,-0.1409,20.8976,21.4525,22.7603,0.1785,21.2936
167.699,-0.8813,0.4719,-0.1409,20.8971,21.4525,22.7603,0.1787,21.2931
167.700,-0.8815,0.4719,-0.1406,20.8971,21.4520,22.7603,0.1785,21.2931
167.700,-0.8815,0.4722,-0.1404,20.8971,21.4520,22.7604,0.1785,21.2931
167.800,-0.8815,0.4722,-0.1404,20.8971,21.4520,22.7604,0.1785,21.2931
167.805,-0.8815,0.4722,-0.1404,20.9071,21.4620,22.7703,0.1785,21.3031
167.805,-0.8813,0.4725,-0.1404,20.9065,21.4620,22.7703,0.1787,21.3025
167.805,-0.8815,0.4725,-0.1400,20.9065,21.4614,22.7703,0.1785,21.3025
167.805,-0.8815,0.4727,-0.1398,20.9065,21.4614,22.7705,0.1785,21.3025
167.901,-0.8815,0.4727,-0.1398,20.9165,21.4714,22.7804,0.1785,21.3125
167.901,-0.8813,0.4730,-0.1398,20.9159,21.4714,22.7804,0.1787,21.3119
167.901,-0.8815,0.4730,-0.1395,20.9159,21.4709,22.7804,0.1785,21.3119
167.901,-0.8815,0.4733,-0.1392,20.9159,21.4709,22.7805,0.1785,21.3119
167.997,-0.8815,0.4733,-0.1392,20.9259,21.4809,22.7905,0.1785,21.3219
167.997,-0.8813,0.4736,-0.1392,20.9254,21.4809,22.7905,0.1787,21.3214
167.997,-0.8815,0.4736,-0.1389,20.9254,21.4803,22.7905,0.1785,21.3214
167.997,-0.8815,0.4738,-0.1387,20.9254,21.4803,22.7906,0.1785,21.3214
168.097,-0.8815,0.4738,-0.1387,20.9254,21.4803,22.7906,0.1785,21.3214
168.103,-0.8815,0.4738,-0.1387,20.9353,21.4903,22.8006,0.1785,21.3313
168.103,-0.8813,0.4741,-0.1387,20.9348,21.4903,22.8006,0.1787,21.3308
168.103,-0.8815,0.4741,-0.1384,20.9348,21.4898,22.8006,0.1785,21.3308
168.104,-0.8815,0.4744,-0.1381,20.9348,21.4898,22.8007,0.1785,21.3308
168.200,-0.8815,0.4744,-0.1381,20.9447,21.4997,22.8106,0.1785,21.3407
168.200,-0.8813,0.4747,-0.1381,20.9441,21.4997,22.8106,0.1787,21.3401
168.200,-0.8815,0.4747,-0.1378,20.9441,21.4992,22.8106,0.1785,21.3401
168.200,-0.8815,0.4749,-0.1376,20.9441,21.4992,22.8107,0.1785,21.3401
168.300,-0.8815,0.4749,-0.1376,20.9441,21.4992,22.8107,0.1785,21.3401
168.305,-0.8815,0.4749,-0.1376,20.9541,21.5092,22.8207,0.1785,21.3501
168.305,-0.8813,0.4752,-0.1376,20.9535,21.5092,22.8207,0.1787,21.3495
168.306,-0.8815,0.4752,-0.1372,20.9535,21.5087,22.8207,0.1785,21.3495
168.306,-0.8815,0.4755,-0.1370,20.9535,21.5087,22.8208,0.1785,21.3495
168.402,-0.8815,0.4755,-0.1370,20.9635,21.5186,22.8307,0.1785,21.3595
168.402,-0.8813,0.4758,-0.1370,20.9629,21.5186,22.8307,0.1787,21.3589
168.402,-0.8815,0.4758,-0.1367,20.9629,21.5181,22.8307,0.1785,21.3589
168.402,-0.8815,0.4760,-0.1365,20.9629,21.5181,22.8308,0.1785,21.3589
168.498,-0.8815,0.4760,-0.1365,20.9729,21.5280,22.8408,0.1785,21.3689
168.498,-0.8813,0.4763,-0.1365,20.9723,21.5280,22.8408,0.1787,21.3683
168.499,-0.8815,0.4763,-0.1361,20.9723,21.5275,22.8408,0.1785,21.3683
168.499,-0.8815,0.4766,-0.1359,20.9723,21.5275,22.8409,0.1785,21.3683
168.599,-0.8815,0.4766,-0.1359,20.9723,21.5275,22.8409,0.1785,21.3683
168.599,-0.8815,0.4766,-0.1359,20.9823,21.5375,22.8508,0.1785,21.3783
168.599,-0.8813,0.4769,-0.1359,20.9818,21.5375,22.8508,0.1787,21.3778
168.600,-0.8815,0.4769,-0.1356,20.9818,21.5370,22.8508,0.1785,21.3778
168.600,-0.8815,0.4771,-0.1353,20.9818,21.5370,22.8510,0.1785,21.3778
168.700,-0.8815,0.4771,-0.1353,20.9818,21.5370,22.8510,0.1785,21.3778
168.705,-0.8815,0.4771,-0.1353,20.9917,21.5469,22.8609,0.1785,21.3877
168.705,-0.8813,0.4774,-0.1353,20.9912,21.5469,22.8609,0.1787,21.3872
168.705,-0.8815,0.4774,-0.1350,20.9912,21.5464,22.8609,0.1785,21.3872
168.705,-0.8815,0.4777,-0.1348,20.9912,21.5464,22.8610,0.1785,21.3872
168.800,-0.8815,0.4777,-0.1348,21.0012,21.5564,22.8710,0.1785,21.3972
168.800,-0.8813,0.4780,-0.1348,21.0006,21.5564,22.8710,0.1787,21.3966
168.809,-0.8815,0.4780,-0.1344,21.0006,21.5559,22.8710,0.1785,21.3966
168.809,-0.8815,0.4782,-0.1342,21.0006,21.5559,22.8711,0.1785,21.3966
168.898,-0.8815,0.4782,-0.1342,21.0106,21.5658,22.8811,0.1785,21.4066
168.898,-0.8813,0.4785,-0.1342,21.0101,21.5658,22.8811,0.1787,21.4061
168.898,-0.8815,0.4785,-0.1339,21.0101,21.5653,22.8811,0.1785,21.4061
168.898,-0.8815,0.4787,-0.1336,21.0101,21.5653,22.8812,0.1785,21.4061
168.998,-0.8815,0.4787,-0.1336,21.0101,21.5653,22.8812,0.1785,21.4061
169.006,-0.8815,0.4787,-0.1336,21.0200,21.5753,22.8911,0.1785,21.4160
169.006,-0.8814,0.4790,-0.1336,21.0195,21.5753,22.8911,0.1786,21.4155
169.006,-0.8816,0.4790,-0.1333,21.0195,21.5747,22.8911,0.1784,21.4155
169.006,-0.8816,0.4793,-0.1331,21.0195,21.5747,22.8912,0.1784,21.4155
169.101,-0.8816,0.4793,-0.1331,21.0295,21.5847,22.9012,0.1784,21.4255
169.101,-0.8814,0.4796,-0.1331,21.0289,21.5847,22.9012,0.1786,21.4249
169.101,-0.8816,0.4796,-0.1327,21.0289,21.5842,22.9012,0.1784,21.4249
169.101,-0.8816,0.4798,-0.1325,21.0289,21.5842,22.9013,0.1784,21.4249
169.188,-0.8816,0.4798,-0.1325,21.0389,21.5941,22.9112,0.1784,21.4349
169.188,-0.8814,0.4801,-0.1325,21.0383,21.5941,22.9112,0.1786,21.4343
169.188,-0.8816,0.4801,-0.1322,21.0383,21.5936,22.9112,0.1784,21.4343
169.188,-0.8816,0.4803,-0.1319,21.0383,21.5936,22.9114,0.1784,21.4343
169.289,-0.8816,0.4803,-0.1319,21.0383,21.5936,22.9114,0.1784,21.4343
169.304,-0.8816,0.4803,-0.1319,21.0483,21.6036,22.9213,0.1784,21.4443
169.305,-0.8814,0.4806,-0.1319,21.0477,21.6036,22.9213,0.1786,21.4437
169.305,-0.8816,0.4806,-0.1316,21.0477,21.6030,22.9213,0.1784,21.4437
169.305,-0.8816,0.4809,-0.1314,21.0477,21.6030,22.9214,0.1784,21.4437
169.398,-0.8816,0.4809,-0.1314,21.0577,21.6130,22.9314,0.1784,21.4537
169.399,-0.8814,0.4812,-0.1314,21.0571,21.6130,22.9314,0.1786,21.4531
169.399,-0.8816,0.4812,-0.1310,21.0571,21.6125,22.9314,0.1784,21.4531
169.399,-0.8816,0.4815,-0.1308,21.0571,21.6125,22.9315,0.1784,21.4531
169.500,-0.8816,0.4815,-0.1308,21.0571,21.6125,22.9315,0.1784,21.4531
169.507,-0.8816,0.4815,-0.1308,21.0671,21.6224,22.9414,0.1784,21.4631
169.508,-0.8814,0.4818,-0.1308,21.0665,21.6224,22.9414,0.1786,21.4625
169.508,-0.8816,0.4818,-0.1305,21.0665,21.6219,22.9414,0.1784,21.4625
169.508,-0.8816,0.4820,-0.1303,21.0665,21.6219,22.9416,0.1784,21.4625
169.602,-0.8816,0.4820,-0.1303,21.0765,21.6319,22.9515,0.1784,21.4725
169.602,-0.8814,0.4823,-0.1303,21.0760,21.6319,22.9515,0.1786,21.4720
169.602,-0.8816,0.4823,-0.1299,21.0760,21.6314,22.9515,0.1784,21.4720
169.602,-0.8816,0.4826,-0.1297,21.0760,21.6314,22.9516,0.1784,21.4720
169.700,-0.8816,0.4826,-0.1297,21.0859,21.6414,22.9616,0.1784,21.4819
169.700,-0.8814,0.4829,-0.1297,21.0854,21.6414,22.9616,0.1786,21.4814
169.701,-0.8816,0.4829,-0.1294,21.0854,21.6409,22.9616,0.1784,21.4814
169.701,-0.8816,0.4831,-0.1291,21.0854,21.6409,22.9617,0.1784,21.4814
169.790,-0.8816,0.4831,-0.1291,21.0954,21.6508,22.9717,0.1784,21.4914
169.790,-0.8814,0.4834,-0.1291,21.0948,21.6508,22.9717,0.1786,21.4908
169.790,-0.8816,0.4834,-0.1288,21.0948,21.6503,22.9717,0.1784,21.4908
169.791,-0.8816,0.4837,-0.1286,21.0948,21.6503,22.9718,0.1784,21.4908
169.891,-0.8816,0.4837,-0.1286,21.0948,21.6503,22.9718,0.1784,21.4908
169.896,-0.8816,0.4837,-0.1286,21.1048,21.6603,22.9818,0.1784,21.5008
169.896,-0.8814,0.4840,-0.1286,21.1043,21.6603,22.9818,0.1786,21.5003
169.897,-0.8816,0.4840,-0.1282,21.1043,21.6598,22.9818,0.1784,21.5003
169.897,-0.8816,0.4842,-0.1280,21.1043,21.6598,22.9819,0.1784,21.5003
169.997,-0.8816,0.4842,-0.1280,21.1043,21.6598,22.9819,0.1784,21.5003
170.003,-0.8816,0.4842,-0.1280,21.1143,21.6698,22.9919,0.1784,21.5103
170.003,-0.8814,0.4845,-0.1280,21.1137,21.6698,22.9919,0.1786,21.5097
170.003,-0.8816,0.4845,-0.1277,21.1137,21.6692,22.9919,0.1784,21.5097
170.003,-0.8816,0.4847,-0.1275,21.1137,21.6692,22.9920,0.1784,21.5097
170.099,-0.8816,0.4847,-0.1275,21.1237,21.6792,23.0019,0.1784,21.5197
170.099,-0.8814,0.4850,-0.1275,21.1232,21.6792,23.0019,0.1786,21.5192
170.099,-0.8816,0.4850,-0.1271,21.1232,21.6787,23.0019,0.1784,21.5192
170.099,-0.8816,0.4853,-0.1269,21.1232,21.6787,23.0021,0.1784,21.5192
170.200,-0.8816,0.4853,-0.1269,21.1232,21.6787,23.0021,0.1784,21.5192
170.204,-0.8816,0.4853,-0.1269,21.1331,21.6887,23.0120,0.1784,21.5291
170.204,-0.8814,0.4856,-0.1269,21.1326,21.6887,23.0120,0.1786,21.5286
170.204,-0.8816,0.4856,-0.1266,21.1326,21.6882,23.0120,0.1784,21.5286
170.204,-0.8816,0.4858,-0.1263,21.1326,21.6882,23.0121,0.1784,21.5286
170.300,-0.8816,0.4858,-0.1263,21.1426,21.6981,23.0221,0.1784,21.5386
170.300,-0.8814,0.4861,-0.1263,21.1420,21.6981,23.0221,0.1786,21.5380
170.300,-0.8817,0.4861,-0.1260,21.1420,21.6976,23.0221,0.1783,21.5380
170.300,-0.8817,0.4863,-0.1258,21.1420,21.6976,23.0222,0.1783,21.5380
170.395,-0.8817,0.4863,-0.1258,21.1520,21.7075,23.0321,0.1783,21.5480
170.395,-0.8815,0.4866,-0.1258,21.1515,21.7075,23.0321,0.1785,21.5475
170.395,-0.8817,0.4866,-0.1254,21.1515,21.7070,23.0321,0.1783,21.5475
170.396,-0.8817,0.4869,-0.1252,21.1515,21.7070,23.0322,0.1783,21.5475
170.496,-0.8817,0.4869,-0.1252,21.1515,21.7070,23.0322,0.1783,21.5475
170.501,-0.8817,0.4869,-0.1252,21.1614,21.7170,23.0422,0.1783,21.5574
170.501,-0.8815,0.4872,-0.1252,21.1609,21.7170,23.0422,0.1785,21.5569
170.502,-0.8817,0.4872,-0.1249,21.1609,21.7164,23.0422,0.1783,21.5569
170.502,-0.8817,0.4874,-0.1246,21.1609,21.7164,23.0423,0.1783,21.5569
170.597,-0.8817,0.4874,-0.1246,21.1708,21.7264,23.0522,0.1783,21.5668
170.597,-0.8815,0.4877,-0.1246,21.1703,21.7264,23.0522,0.1785,21.5663
170.597,-0.8817,0.4877,-0.1243,21.1703,21.7259,23.0522,0.1783,21.5663
170.598,-0.8817,0.4880,-0.1241,21.1703,21.7259,23.0523,0.1783,21.5663
170.698,-0.8817,0.4880,-0.1241,21.1703,21.7259,23.0523,0.1783,21.5663
170.702,-0.8817,0.4880,-0.1241,21.1802,21.7358,23.0623,0.1783,21.5762
170.702,-0.8815,0.4883,-0.1241,21.1797,21.7358,23.0623,0.1785,21.5757
170.702,-0.8817,0.4883,-0.1237,21.1797,21.7353,23.0623,0.1783,21.5757
170.703,-0.8817,0.4885,-0.1235,21.1797,21.7353,23.0624,0.1783,21.5757
170.803,-0.8817,0.4885,-0.1235,21.1797,21.7353,23.0624,0.1783,21.5757
170.803,-0.8817,0.4885,-0.1235,21.1896,21.7453,23.0723,0.1783,21.5856
170.803,-0.8815,0.4888,-0.1235,21.1891,21.7453,23.0723,0.1785,21.5851
170.803,-0.8817,0.4888,-0.1232,21.1891,21.7448,23.0723,0.1783,21.5851
170.803,-0.8817,0.4891,-0.1230,21.1891,21.7448,23.0725,0.1783,21.5851
170.900,-0.8817,0.4891,-0.1230,21.1990,21.7547,23.0824,0.1783,21.5950
170.900,-0.8815,0.4894,-0.1230,21.1985,21.7547,23.0824,0.1785,21.5945
170.900,-0.8817,0.4894,-0.1226,21.1985,21.7542,23.0824,0.1783,21.5945
170.900,-0.8817,0.4896,-0.1224,21.1985,21.7542,23.0825,0.1783,21.5945
171.000,-0.8817,0.4896,-0.1224,21.1985,21.7542,23.0825,0.1783,21.5945
171.006,-0.8817,0.4896,-0.1224,21.2085,21.7642,23.0925,0.1783,21.6045
171.006,-0.8815,0.4900,-0.1224,21.2079,21.7642,23.0925,0.1785,21.6039
171.006,-0.8817,0.4900,-0.1221,21.2079,21.7637,23.0925,0.1783,21.6039
171.006,-0.8817,0.4902,-0.1218,21.2079,21.7637,23.0926,0.1783,21.6039
171.102,-0.8817,0.4902,-0.1218,21.2179,21.7737,23.1026,0.1783,21.6139
171.102,-0.8815,0.4905,-0.1218,21.2173,21.7737,23.1026,0.1785,21.6133
171.102,-0.8817,0.4905,-0.1215,21.2173,21.7731,23.1026,0.1783,21.6133
171.102,-0.8817,0.4907,-0.1213,21.2173,21.7731,23.1027,0.1783,21.6133
171.199,-0.8817,0.4907,-0.1213,21.2273,21.7831,23.1127,0.1783,21.6233
171.199,-0.8815,0.4910,-0.1213,21.2268,21.7831,23.1127,0.1785,21.6228
171.199,-0.8817,0.4910,-0.1209,21.2268,21.7826,23.1127,0.1783,21.6228
171.199,-0.8817,0.4913,-0.1207,21.2268,21.7826,23.1128,0.1783,21.6228
171.299,-0.8817,0.4913,-0.1207,21.2268,21.7826,23.1128,0.1783,21.6228
171.309,-0.8817,0.4913,-0.1207,21.2367,21.7926,23.1227,0.1783,21.6327
171.310,-0.8815,0.4916,-0.1207,21.2362,21.7926,23.1227,0.1785,21.6322
171.310,-0.8817,0.4916,-0.1204,21.2362,21.7920,23.1227,0.1783,21.6322
171.310,-0.8817,0.4918,-0.1202,21.2362,21.7920,23.1228,0.1783,21.6322
171.409,-0.8817,0.4918,-0.1202,21.2462,21.8020,23.1328,0.1783,21.6422
171.409,-0.8815,0.4921,-0.1202,21.2456,21.8020,23.1328,0.1785,21.6416
171.410,-0.8817,0.4921,-0.1198,21.2456,21.8015,23.1328,0.1783,21.6416
171.410,-0.8817,0.4924,-0.1196,21.2456,21.8015,23.1329,0.1783,21.6416
171.506,-0.8817,0.4924,-0.1196,21.2556,21.8115,23.1429,0.1783,21.6516
171.506,-0.8815,0.4927,-0.1196,21.2551,21.8115,23.1429,0.1785,21.6511
171.506,-0.8817,0.4927,-0.1193,21.2551,21.8109,23.1429,0.1783,21.6511
171.506,-0.8817,0.4929,-0.1190,21.2551,21.8109,23.1430,0.1783,21.6511
171.593,-0.8817,0.4929,-0.1190,21.2651,21.8209,23.1530,0.1783,21.6611
171.593,-0.8815,0.4932,-0.1190,21.2645,21.8209,23.1530,0.1785,21.6605
171.593,-0.8818,0.4932,-0.1187,21.2645,21.8204,23.1530,0.1782,21.6605
171.594,-0.8818,0.4934,-0.1185,21.2645,21.8204,23.1531,0.1782,21.6605
171.694,-0.8818,0.4934,-0.1185,21.2645,21.8204,23.1531,0.1782,21.6605
171.699,-0.8818,0.4934,-0.1185,21.2745,21.8304,23.1630,0.1782,21.6705
171.700,-0.8816,0.4937,-0.1185,21.2740,21.8304,23.1630,0.1784,21.6700
171.700,-0.8818,0.4937,-0.1181,21.2740,21.8299,23.1630,0.1782,21.6700
171.700,-0.8818,0.4940,-0.1179,21.2740,21.8299,23.1632,0.1782,21.6700
171.800,-0.8818,0.4940,-0.1179,21.2740,21.8299,23.1632,0.1782,21.6700
171.801,-0.8818,0.4940,-0.1179,21.2840,21.8398,23.1731,0.1782,21.6800
171.801,-0.8816,0.4943,-0.1179,21.2834,21.8398,23.1731,0.1784,21.6794
171.802,-0.8818,0.4943,-0.1176,21.2834,21.8393,23.1731,0.1782,21.6794
171.802,-0.8818,0.4945,-0.1173,21.2834,21.8393,23.1732,0.1782,21.6794
171.897,-0.8818,0.4945,-0.1173,21.2934,21.8493,23.1832,0.1782,21.6894
171.898,-0.8816,0.4948,-0.1173,21.2929,21.8493,23.1832,0.1784,21.6889
171.898,-0.8818,0.4948,-0.1170,21.2929,21.8488,23.1832,0.1782,21.6889
171.898,-0.8818,0.4950,-0.1168,21.2929,21.8488,23.1833,0.1782,21.6889
171.999,-0.8818,0.4950,-0.1168,21.2929,21.8488,23.1833,0.1782,21.6889
172.010,-0.8818,0.4950,-0.1168,21.3028,21.8587,23.1933,0.1782,21.6988
172.010,-0.8816,0.4954,-0.1168,21.3023,21.8587,23.1933,0.1784,21.6983
172.010,-0.8818,0.4954,-0.1164,21.3023,21.8582,23.1933,0.1782,21.6983
172.010,-0.8818,0.4956,-0.1162,21.3023,21.8582,23.1934,0.1782,21.6983
172.107,-0.8818,0.4956,-0.1162,21.3123,21.8682,23.2034,0.1782,21.7083
172.107,-0.8816,0.4959,-0.1162,21.3117,21.8682,23.2034,0.1784,21.7077
172.107,-0.8818,0.4959,-0.1159,21.3117,21.8677,23.2034,0.1782,21.7077
172.107,-0.8818,0.4962,-0.1157,21.3117,21.8677,23.2035,0.1782,21.7077
172.199,-0.8818,0.4962,-0.1157,21.3217,21.8777,23.2134,0.1782,21.7177
172.200,-0.8816,0.4965,-0.1157,21.3211,21.8777,23.2134,0.1784,21.7171
172.200,-0.8818,0.4965,-0.1153,21.3211,21.8772,23.2134,0.1782,21.7171
172.200,-0.8818,0.4967,-0.1151,21.3211,21.8772,23.2136,0.1782,21.7171
172.300,-0.8818,0.4967,-0.1151,21.3211,21.8772,23.2136,0.1782,21.7171
172.303,-0.8818,0.4967,-0.1151,21.3311,21.8871,23.2235,0.1782,21.7271
172.303,-0.8816,0.4970,-0.1151,21.3305,21.8871,23.2235,0.1784,21.7265
172.303,-0.8818,0.4970,-0.1148,21.3305,21.8866,23.2235,0.1782,21.7265
172.303,-0.8818,0.4973,-0.1145,21.3305,21.8866,23.2236,0.1782,21.7265
172.398,-0.8818,0.4973,-0.1145,21.3405,21.8965,23.2335,0.1782,21.7365
172.398,-0.8816,0.4976,-0.1145,21.3399,21.8965,23.2335,0.1784,21.7359
172.398,-0.8818,0.4976,-0.1142,21.3399,21.8960,23.2335,0.1782,21.7359
172.399,-0.8818,0.4978,-0.1140,21.3399,21.8960,23.2337,0.1782,21.7359
172.499,-0.8818,0.4978,-0.1140,21.3399,21.8960,23.2337,0.1782,21.7359
172.504,-0.8818,0.4978,-0.1140,21.3499,21.9060,23.2436,0.1782,21.7459
172.504,-0.8816,0.4981,-0.1140,21.3493,21.9060,23.2436,0.1784,21.7453
172.504,-0.8818,0.4981,-0.1136,21.3493,21.9055,23.2436,0.1782,21.7453
172.504,-0.8818,0.4984,-0.1134,21.3493,21.9055,23.2437,0.1782,21.7453
172.599,-0.8818,0.4984,-0.1134,21.3593,21.9154,23.2536,0.1782,21.7553
172.599,-0.8816,0.4987,-0.1134,21.3587,21.9154,23.2536,0.1784,21.7547
172.599,-0.8818,0.4987,-0.1131,21.3587,21.9149,23.2536,0.1782,21.7547
172.600,-0.8818,0.4989,-0.1129,21.3587,21.9149,23.2538,0.1782,21.7547
172.698,-0.8818,0.4989,-0.1129,21.3687,21.9248,23.2637,0.1782,21.7647
172.699,-0.8816,0.4992,-0.1129,21.3682,21.9248,23.2637,0.1784,21.7642
172.699,-0.8818,0.4992,-0.1125,21.3682,21.9243,23.2637,0.1782,21.7642
172.699,-0.8818,0.4994,-0.1123,21.3682,21.9243,23.2638,0.1782,21.7642
172.800,-0.8818,0.4994,-0.1123,21.3682,21.9243,23.2638,0.1782,21.7642
172.802,-0.8818,0.4994,-0.1123,21.3781,21.9343,23.2738,0.1782,21.7741
172.802,-0.8816,0.4997,-0.1123,21.3776,21.9343,23.2738,0.1784,21.7736
172.802,-0.8818,0.4997,-0.1120,21.3776,21.9338,23.2738,0.1782,21.7736
172.802,-0.8818,0.5000,-0.1117,21.3776,21.9338,23.2739,0.1782,21.7736
172.897,-0.8818,0.5000,-0.1117,21.3876,21.9437,23.2838,0.1782,21.7836
172.898,-0.8816,0.5003,-0.1117,21.3870,21.9437,23.2838,0.1784,21.7830
172.898,-0.8819,0.5003,-0.1114,21.3870,21.9432,23.2838,0.1781,21.7830
172.898,-0.8819,0.5005,-0.1112,21.3870,21.9432,23.2840,0.1781,21.7830
172.998,-0.8819,0.5005,-0.1112,21.3870,21.9432,23.2840,0.1781,21.7830
173.005,-0.8819,0.5005,-0.1112,21.3970,21.9532,23.2939,0.1781,21.7930
173.005,-0.8817,0.5008,-0.1112,21.3965,21.9532,23.2939,0.1783,21.7925
173.005,-0.8819,0.5008,-0.1108,21.3965,21.9527,23.2939,0.1781,21.7925
173.005,-0.8819,0.5010,-0.1106,21.3965,21.9527,23.2940,0.1781,21.7925
173.101,-0.8819,0.5010,-0.1106,21.4065,21.9626,23.3040,0.1781,21.8025
173.101,-0.8817,0.5013,-0.1106,21.4059,21.9626,23.3040,0.1783,21.8019
173.101,-0.8819,0.5013,-0.1103,21.4059,21.9621,23.3040,0.1781,21.8019
173.101,-0.8819,0.5016,-0.1100,21.4059,21.9621,23.3041,0.1781,21.8019
173.194,-0.8819,0.5016,-0.1100,21.4159,21.9721,23.3141,0.1781,21.8119
173.194,-0.8817,0.5019,-0.1100,21.4154,21.9721,23.3141,0.1783,21.8114
173.194,-0.8819,0.5019,-0.1097,21.4154,21.9716,23.3141,0.1781,21.8114
173.195,-0.8819,0.5021,-0.1095,21.4154,21.9716,23.3142,0.1781,21.8114
173.295,-0.8819,0.5021,-0.1095,21.4154,21.9716,23.3142,0.1781,21.8114
173.300,-0.8819,0.5021,-0.1095,21.4253,21.9815,23.3241,0.1781,21.8213
173.300,-0.8817,0.5024,-0.1095,21.4248,21.9815,23.3241,0.1783,21.8208
173.300,-0.8819,0.5024,-0.1091,21.4248,21.9810,23.3241,0.1781,21.8208
173.300,-0.8819,0.5027,-0.1089,21.4248,21.9810,23.3242,0.1781,21.8208
173.400,-0.8819,0.5027,-0.1089,21.4248,21.9810,23.3242,0.1781,21.8208
173.406,-0.8819,0.5027,-0.1089,21.4347,21.9910,23.3342,0.1781,21.8307
173.406,-0.8817,0.5030,-0.1089,21.4342,21.9910,23.3342,0.1783,21.8302
173.406,-0.8819,0.5030,-0.1086,21.4342,21.9905,23.3342,0.1781,21.8302
173.406,-0.8819,0.5032,-0.1084,21.4342,21.9905,23.3343,0.1781,21.8302
173.501,-0.8819,0.5032,-0.1084,21.4441,22.0004,23.3442,0.1781,21.8401
173.501,-0.8817,0.5035,-0.1084,21.4436,22.0004,23.3442,0.1783,21.8396
173.502,-0.8819,0.5035,-0.1080,21.4436,21.9999,23.3442,0.1781,21.8396
173.502,-0.8819,0.5038,-0.1078,21.4436,21.9999,23.3444,0.1781,21.8396
173.597,-0.8819,0.5038,-0.1078,21.4535,22.0099,23.3543,0.1781,21.8495
173.598,-0.8817,0.5041,-0.1078,21.4530,22.0099,23.3543,0.1783,21.8490
173.598,-0.8819,0.5041,-0.1075,21.4530,22.0094,23.3543,0.1781,21.8490
173.598,-0.8819,0.5043,-0.1072,21.4530,22.0094,23.3544,0.1781,21.8490
173.698,-0.8819,0.5043,-0.1072,21.4530,22.0094,23.3544,0.1781,21.8490
173.704,-0.8819,0.5043,-0.1072,21.4630,22.0193,23.3644,0.1781,21.8590
173.704,-0.8817,0.5046,-0.1072,21.4624,22.0193,23.3644,0.1783,21.8584
173.704,-0.8819,0.5046,-0.1069,21.4624,22.0188,23.3644,0.1781,21.8584
173.704,-0.8819,0.5049,-0.1067,21.4624,22.0188,23.3645,0.1781,21.8584
173.799,-0.8819,0.5049,-0.1067,21.4724,22.0288,23.3745,0.1781,21.8684
173.799,-0.8817,0.5052,-0.1067,21.4718,22.0288,23.3745,0.1783,21.8678
173.800,-0.8819,0.5052,-0.1064,21.4718,22.0283,23.3745,0.1781,21.8678
173.800,-0.8819,0.5054,-0.1061,21.4718,22.0283,23.3746,0.1781,21.8678
173.900,-0.8819,0.5054,-0.1061,21.4718,22.0283,23.3746,0.1781,21.8678
173.907,-0.8819,0.5054,-0.1061,21.4818,22.0382,23.3845,0.1781,21.8778
173.907,-0.8817,0.5057,-0.1061,21.4813,22.0382,23.3845,0.1783,21.8773
173.907,-0.8819,0.5057,-0.1058,21.4813,22.0377,23.3845,0.1781,21.8773
173.907,-0.8819,0.5060,-0.1056,21.4813,22.0377,23.3847,0.1781,21.8773
174.003,-0.8819,0.5060,-0.1056,21.4913,22.0477,23.3946,0.1781,21.8873
174.003,-0.8817,0.5063,-0.1056,21.4907,22.0477,23.3946,0.1783,21.8867
174.003,-0.8819,0.5063,-0.1052,21.4907,22.0472,23.3946,0.1781,21.8867
174.003,-0.8819,0.5065,-0.1050,21.4907,22.0472,23.3947,0.1781,21.8867
174.099,-0.8819,0.5065,-0.1050,21.5007,22.0572,23.4047,0.1781,21.8967
174.099,-0.8817,0.5068,-0.1050,21.5002,22.0572,23.4047,0.1783,21.8962
174.100,-0.8819,0.5068,-0.1047,21.5002,22.0567,23.4047,0.1781,21.8962
174.100,-0.8819,0.5070,-0.1044,21.5002,22.0567,23.4048,0.1781,21.8962
174.200,-0.8819,0.5070,-0.1044,21.5002,22.0567,23.4048,0.1781,21.8962
174.205,-0.8819,0.5070,-0.1044,21.5102,22.0666,23.4148,0.1781,21.9062
174.205,-0.8817,0.5073,-0.1044,21.5096,22.0666,23.4148,0.1783,21.9056
174.205,-0.8820,0.5073,-0.1041,21.5096,22.0661,23.4148,0.1780,21.9056
174.206,-0.8820,0.5076,-0.1039,21.5096,22.0661,23.4149,0.1780,21.9056
174.302,-0.8820,0.5076,-0.1039,21.5196,22.0761,23.4249,0.1780,21.9156
174.302,-0.8818,0.5079,-0.1039,21.5191,22.0761,23.4249,0.1782,21.9151
174.302,-0.8820,0.5079,-0.1035,21.5191,22.0756,23.4249,0.1780,21.9151
174.302,-0.8820,0.5081,-0.1033,21.5191,22.0756,23.4250,0.1780,21.9151
174.391,-0.8820,0.5081,-0.1033,21.5290,22.0855,23.4349,0.1780,21.9250
174.391,-0.8818,0.5084,-0.1033,21.5285,22.0855,23.4349,0.1782,21.9245
174.391,-0.8820,0.5084,-0.1030,21.5285,22.0850,23.4349,0.1780,21.9245
174.391,-0.8820,0.5086,-0.1028,21.5285,22.0850,23.4350,0.1780,21.9245
174.492,-0.8820,0.5086,-0.1028,21.5285,22.0850,23.4350,0.1780,21.9245
174.495,-0.8820,0.5086,-0.1028,21.5385,22.0950,23.4450,0.1780,21.9345
174.495,-0.8818,0.5089,-0.1028,21.5379,22.0950,23.4450,0.1782,21.9339
174.495,-0.8820,0.5089,-0.1024,21.5379,22.0945,23.4450,0.1780,21.9339
174.495,-0.8820,0.5092,-0.1022,21.5379,22.0945,23.4451,0.1780,21.9339
174.596,-0.8820,0.5092,-0.1022,21.5379,22.0945,23.4451,0.1780,21.9339
174.601,-0.8820,0.5092,-0.1022,21.5479,22.1044,23.4550,0.1780,21.9439
174.601,-0.8818,0.5095,-0.1022,21.5473,22.1044,23.4550,0.1782,21.9433
174.601,-0.8820,0.5095,-0.1018,21.5473,22.1039,23.4550,0.1780,21.9433
174.601,-0.8820,0.5097,-0.1016,21.5473,22.1039,23.4552,0.1780,21.9433
174.698,-0.8820,0.5097,-0.1016,21.5573,22.1138,23.4651,0.1780,21.9533
174.699,-0.8818,0.5100,-0.1016,21.5568,22.1138,23.4651,0.1782,21.9528
174.699,-0.8820,0.5100,-0.1013,21.5568,22.1133,23.4651,0.1780,21.9528
174.699,-0.8820,0.5103,-0.1011,21.5568,22.1133,23.4652,0.1780,21.9528
174.800,-0.8820,0.5103,-0.1011,21.5568,22.1133,23.4652,0.1780,21.9528
174.804,-0.8820,0.5103,-0.1011,21.5667,22.1233,23.4752,0.1780,21.9627
174.804,-0.8818,0.5106,-0.1011,21.5662,22.1233,23.4752,0.1782,21.9622
174.804,-0.8820,0.5106,-0.1007,21.5662,22.1228,23.4752,0.1780,21.9622
174.804,-0.8820,0.5108,-0.1005,21.5662,22.1228,23.4753,0.1780,21.9622
174.899,-0.8820,0.5108,-0.1005,21.5761,22.1327,23.4852,0.1780,21.9721
174.900,-0.8818,0.5112,-0.1005,21.5756,22.1327,23.4852,0.1782,21.9716
174.900,-0.8820,0.5112,-0.1002,21.5756,22.1322,23.4852,0.1780,21.9716
174.900,-0.8820,0.5114,-0.1000,21.5756,22.1322,23.4853,0.1780,21.9716
175.000,-0.8820,0.5114,-0.1000,21.5756,22.1322,23.4853,0.1780,21.9716
175.005,-0.8820,0.5114,-0.1000,21.5856,22.1422,23.4953,0.1780,21.9816
175.006,-0.8818,0.5117,-0.1000,21.5850,22.1422,23.4953,0.1782,21.9810
175.006,-0.8820,0.5117,-0.0996,21.5850,22.1417,23.4953,0.1780,21.9810
175.006,-0.8820,0.5119,-0.0994,21.5850,22.1417,23.4954,0.1780,21.9810
175.102,-0.8820,0.5119,-0.0994,21.5950,22.1517,23.5054,0.1780,21.9910
175.102,-0.8818,0.5123,-0.0994,21.5945,22.1517,23.5054,0.1782,21.9905
175.102,-0.8820,0.5123,-0.0991,21.5945,22.1512,23.5054,0.1780,21.9905
175.102,-0.8820,0.5125,-0.0988,21.5945,22.1512,23.5055,0.1780,21.9905
175.198,-0.8820,0.5125,-0.0988,21.6044,22.1611,23.5155,0.1780,22.0004
175.198,-0.8818,0.5128,-0.0988,21.6039,22.1611,23.5155,0.1782,21.9999
175.198,-0.8820,0.5128,-0.0985,21.6039,22.1606,23.5155,0.1780,21.9999
175.198,-0.8820,0.5130,-0.0983,21.6039,22.1606,23.5156,0.1780,21.9999
175.299,-0.8820,0.5130,-0.0983,21.6039,22.1606,23.5156,0.1780,21.9999
175.304,-0.8820,0.5130,-0.0983,21.6139,22.1706,23.5256,0.1780,22.0099
175.304,-0.8818,0.5133,-0.0983,21.6134,22.1706,23.5256,0.1782,22.0094
175.304,-0.8820,0.5133,-0.0979,21.6134,22.1701,23.5256,0.1780,22.0094
175.305,-0.8820,0.5136,-0.0977,21.6134,22.1701,23.5257,0.1780,22.0094
175.400,-0.8820,0.5136,-0.0977,21.6233,22.1801,23.5357,0.1780,22.0193
175.401,-0.8818,0.5139,-0.0977,21.6228,22.1801,23.5357,0.1782,22.0188
175.401,-0.8821,0.5139,-0.0974,21.6228,22.1796,23.5357,0.1779,22.0188
175.401,-0.8821,0.5141,-0.0972,21.6228,22.1796,23.5358,0.1779,22.0188
175.496,-0.8821,0.5141,-0.0972,21.6328,22.1896,23.5457,0.1779,22.0288
175.496,-0.8819,0.5144,-0.0972,21.6323,22.1896,23.5457,0.1781,22.0283
175.496,-0.8821,0.5144,-0.0968,21.6323,22.1891,23.5457,0.1779,22.0283
175.497,-0.8821,0.5146,-0.0966,21.6323,22.1891,23.5459,0.1779,22.0283
175.597,-0.8821,0.5146,-0.0966,21.6323,22.1891,23.5459,0.1779,22.0283
175.599,-0.8821,0.5146,-0.0966,21.6422,22.1990,23.5558,0.1779,22.0382
175.600,-0.8819,0.5149,-0.0966,21.6417,22.1990,23.5558,0.1781,22.0377
175.600,-0.8821,0.5149,-0.0963,21.6417,22.1985,23.5558,0.1779,22.0377
175.600,-0.8821,0.5152,-0.0960,21.6417,22.1985,23.5559,0.1779,22.0377
175.700,-0.8821,0.5152,-0.0960,21.6417,22.1985,23.5559,0.1779,22.0377
175.705,-0.8821,0.5152,-0.0960,21.6517,22.2085,23.5659,0.1779,22.0477
175.705,-0.8819,0.5155,-0.0960,21.6512,22.2085,23.5659,0.1781,22.0472
175.705,-0.8821,0.5155,-0.0957,21.6512,22.2079,23.5659,0.1779,22.0472
175.705,-0.8821,0.5157,-0.0955,21.6512,22.2079,23.5660,0.1779,22.0472
175.800,-0.8821,0.5157,-0.0955,21.6611,22.2179,23.5759,0.1779,22.0571
175.801,-0.8819,0.5160,-0.0955,21.6606,22.2179,23.5759,0.1781,22.0566
175.801,-0.8821,0.5160,-0.0951,21.6606,22.2174,23.5759,0.1779,22.0566
175.801,-0.8821,0.5163,-0.0949,21.6606,22.2174,23.5761,0.1779,22.0566
175.890,-0.8821,0.5163,-0.0949,21.6705,22.2273,23.5860,0.1779,22.0665
175.890,-0.8819,0.5166,-0.0949,21.6700,22.2273,23.5860,0.1781,22.0660
175.890,-0.8821,0.5166,-0.0946,21.6700,22.2268,23.5860,0.1779,22.0660
175.890,-0.8821,0.5168,-0.0943,21.6700,22.2268,23.5861,0.1779,22.0660
175.991,-0.8821,0.5168,-0.0943,21.6700,22.2268,23.5861,0.1779,22.0660
175.998,-0.8821,0.5168,-0.0943,21.6799,22.2367,23.5960,0.1779,22.0759
175.998,-0.8819,0.5171,-0.0943,21.6794,22.2367,23.5960,0.1781,22.0754
175.998,-0.8821,0.5171,-0.0940,21.6794,22.2362,23.5960,0.1779,22.0754
175.998,-0.8821,0.5173,-0.0938,21.6794,22.2362,23.5961,0.1779,22.0754
176.099,-0.8821,0.5173,-0.0938,21.6794,22.2362,23.5961,0.1779,22.0754
176.103,-0.8821,0.5173,-0.0938,21.6893,22.2462,23.6061,0.1779,22.0853
176.103,-0.8819,0.5177,-0.0938,21.6888,22.2462,23.6061,0.1781,22.0848
176.103,-0.8821,0.5177,-0.0934,21.6888,22.2457,23.6061,0.1779,22.0848
176.104,-0.8821,0.5179,-0.0932,21.6888,22.2457,23.6062,0.1779,22.0848
176.204,-0.8821,0.5179,-0.0932,21.6987,22.2556,23.6162,0.1779,22.0947
176.204,-0.8819,0.5182,-0.0932,21.6982,22.2556,23.6162,0.1781,22.0942
176.204,-0.8821,0.5182,-0.0929,21.6982,22.2551,23.6162,0.1779,22.0942
176.205,-0.8821,0.5184,-0.0927,21.6982,22.2551,23.6163,0.1779,22.0942
176.300,-0.8821,0.5184,-0.0927,21.7082,22.2651,23.6262,0.1779,22.1042
176.300,-0.8819,0.5188,-0.0927,21.7076,22.2651,23.6262,0.1781,22.1036
176.300,-0.8821,0.5188,-0.0923,21.7076,22.2646,23.6262,0.1779,22.1036
176.300,-0.8821,0.5190,-0.0921,21.7076,22.2646,23.6263,0.1779,22.1036
176.401,-0.8821,0.5190,-0.0921,21.7076,22.2646,23.6263,0.1779,22.1036
176.405,-0.8821,0.5190,-0.0921,21.7176,22.2746,23.6363,0.1779,22.1136
176.405,-0.8819,0.5193,-0.0921,21.7171,22.2746,23.6363,0.1781,22.1131
176.405,-0.8821,0.5193,-0.0918,21.7171,22.2741,23.6363,0.1779,22.1131
176.405,-0.8821,0.5196,-0.0915,21.7171,22.2741,23.6364,0.1779,22.1131
176.500,-0.8821,0.5196,-0.0915,21.7270,22.2840,23.6464,0.1779,22.1230
176.500,-0.8819,0.5199,-0.0915,21.7265,22.2840,23.6464,0.1781,22.1225
176.500,-0.8821,0.5199,-0.0912,21.7265,22.2835,23.6464,0.1779,22.1225
176.500,-0.8821,0.5201,-0.0910,21.7265,22.2835,23.6465,0.1779,22.1225
176.601,-0.8821,0.5201,-0.0910,21.7265,22.2835,23.6465,0.1779,22.1225
176.601,-0.8821,0.5201,-0.0910,21.7365,22.2935,23.6564,0.1779,22.1325
176.602,-0.8819,0.5204,-0.0910,21.7359,22.2935,23.6564,0.1781,22.1319
176.602,-0.8821,0.5204,-0.0906,21.7359,22.2930,23.6564,0.1779,22.1319
176.602,-0.8821,0.5206,-0.0904,21.7359,22.2930,23.6565,0.1779,22.1319
176.698,-0.8821,0.5206,-0.0904,21.7459,22.3029,23.6665,0.1779,22.1419
176.698,-0.8819,0.5209,-0.0904,21.7453,22.3029,23.6665,0.1781,22.1413
176.699,-0.8822,0.5209,-0.0901,21.7453,22.3024,23.6665,0.1778,22.1413
176.699,-0.8822,0.5212,-0.0899,21.7453,22.3024,23.6666,0.1778,22.1413
176.799,-0.8822,0.5212,-0.0899,21.7453,22.3024,23.6666,0.1778,22.1413
176.804,-0.8822,0.5212,-0.0899,21.7553,22.3124,23.6766,0.1778,22.1513
176.804,-0.8820,0.5215,-0.0899,21.7548,22.3124,23.6766,0.1780,22.1508
176.804,-0.8822,0.5215,-0.0895,21.7548,22.3119,23.6766,0.1778,22.1508
176.804,-0.8822,0.5217,-0.0893,21.7548,22.3119,23.6767,0.1778,22.1508
176.899,-0.8822,0.5217,-0.0893,21.7647,22.3218,23.6866,0.1778,22.1607
176.899,-0.8820,0.5220,-0.0893,21.7642,22.3218,23.6866,0.1780,22.1602
176.899,-0.8822,0.5220,-0.0890,21.7642,22.3213,23.6866,0.1778,22.1602
176.900,-0.8822,0.5222,-0.0887,21.7642,22.3213,23.6867,0.1778,22.1602
177.000,-0.8822,0.5222,-0.0887,21.7642,22.3213,23.6867,0.1778,22.1602
177.005,-0.8822,0.5222,-0.0887,21.7742,22.3313,23.6967,0.1778,22.1702
177.006,-0.8820,0.5225,-0.0887,21.7737,22.3313,23.6967,0.1780,22.1697
177.006,-0.8822,0.5225,-0.0884,21.7737,22.3308,23.6967,0.1778,22.1697
177.006,-0.8822,0.5228,-0.0882,21.7737,22.3308,23.6968,0.1778,22.1697
177.102,-0.8822,0.5228,-0.0882,21.7836,22.3407,23.7068,0.1778,22.1796
177.102,-0.8820,0.5231,-0.0882,21.7831,22.3407,23.7068,0.1780,22.1791
177.102,-0.8822,0.5231,-0.0878,21.7831,22.3402,23.7068,0.1778,22.1791
177.102,-0.8822,0.5233,-0.0876,21.7831,22.3402,23.7069,0.1778,22.1791
177.189,-0.8822,0.5233,-0.0876,21.7931,22.3502,23.7169,0.1778,22.1891
177.190,-0.8820,0.5236,-0.0876,21.7926,22.3502,23.7169,0.1780,22.1886
177.190,-0.8823,0.5236,-0.0873,21.7926,22.3497,23.7169,0.1777,22.1886
177.190,-0.8823,0.5239,-0.0871,21.7926,22.3497,23.7170,0.1777,22.1886
177.290,-0.8823,0.5239,-0.0871,21.7926,22.3497,23.7170,0.1777,22.1886
177.304,-0.8823,0.5239,-0.0871,21.8025,22.3596,23.7269,0.1777,22.1985
177.304,-0.8820,0.5242,-0.0871,21.8020,22.3596,23.7269,0.1780,22.1980
177.304,-0.8823,0.5242,-0.0867,21.8020,22.3591,23.7269,0.1777,22.1980
177.305,-0.8823,0.5244,-0.0865,21.8020,22.3591,23.7271,0.1777,22.1980
177.400,-0.8823,0.5244,-0.0865,21.8120,22.3691,23.7370,0.1777,22.2080
177.400,-0.8820,0.5247,-0.0865,21.8114,22.3691,23.7370,0.1780,22.2074
177.400,-0.8823,0.5247,-0.0862,21.8114,22.3686,23.7370,0.1777,22.2074
177.401,-0.8823,0.5249,-0.0859,21.8114,22.3686,23.7371,0.1777,22.2074
177.501,-0.8823,0.5249,-0.0859,21.8114,22.3686,23.7371,0.1777,22.2074
177.515,-0.8823,0.5249,-0.0859,21.8214,22.3785,23.7471,0.1777,22.2174
177.516,-0.8820,0.5253,-0.0859,21.8208,22.3785,23.7471,0.1780,22.2168
177.516,-0.8823,0.5253,-0.0856,21.8208,22.3780,23.7471,0.1777,22.2168
177.516,-0.8823,0.5255,-0.0854,21.8208,22.3780,23.7472,0.1777,22.2168
177.601,-0.8823,0.5255,-0.0854,21.8308,22.3880,23.7571,0.1777,22.2268
177.601,-0.8820,0.5258,-0.0854,21.8302,22.3880,23.7571,0.1780,22.2262
177.601,-0.8823,0.5258,-0.0850,21.8302,22.3875,23.7571,0.1777,22.2262
177.602,-0.8823,0.5261,-0.0848,21.8302,22.3875,23.7572,0.1777,22.2262
177.697,-0.8823,0.5261,-0.0848,21.8402,22.3974,23.7672,0.1777,22.2362
177.697,-0.8820,0.5264,-0.0848,21.8397,22.3974,23.7672,0.1780,22.2357
177.697,-0.8823,0.5264,-0.0845,21.8397,22.3969,23.7672,0.1777,22.2357
177.697,-0.8823,0.5266,-0.0843,21.8397,22.3969,23.7673,0.1777,22.2357
177.798,-0.8823,0.5266,-0.0843,21.8397,22.3969,23.7673,0.1777,22.2357
177.803,-0.8823,0.5266,-0.0843,21.8496,22.4069,23.7772,0.1777,22.2456
177.803,-0.8820,0.5269,-0.0843,21.8491,22.4069,23.7772,0.1780,22.2451
177.803,-0.8823,0.5269,-0.0839,21.8491,22.4064,23.7772,0.1777,22.2451
177.803,-0.8823,0.5272,-0.0837,21.8491,22.4064,23.7773,0.1777,22.2451
177.899,-0.8823,0.5272,-0.0837,21.8590,22.4163,23.7873,0.1777,22.2550
177.900,-0.8820,0.5275,-0.0837,21.8585,22.4163,23.7873,0.1780,22.2545
177.900,-0.8823,0.5275,-0.0834,21.8585,22.4158,23.7873,0.1777,22.2545
177.900,-0.8823,0.5277,-0.0831,21.8585,22.4158,23.7874,0.1777,22.2545
178.000,-0.8823,0.5277,-0.0831,21.8585,22.4158,23.7874,0.1777,22.2545
178.005,-0.8823,0.5277,-0.0831,21.8685,22.4258,23.7974,0.1777,22.2645
178.006,-0.8821,0.5280,-0.0831,21.8679,22.4258,23.7974,0.1779,22.2639
178.006,-0.8823,0.5280,-0.0828,21.8679,22.4253,23.7974,0.1777,22.2639
178.006,-0.8823,0.5282,-0.0826,21.8679,22.4253,23.7975,0.1777,22.2639
178.101,-0.8823,0.5282,-0.0826,21.8779,22.4353,23.8074,0.1777,22.2739
178.101,-0.8821,0.5285,-0.0826,21.8774,22.4353,23.8074,0.1779,22.2734
178.101,-0.8823,0.5285,-0.0822,21.8774,22.4347,23.8074,0.1777,22.2734
178.101,-0.8823,0.5288,-0.0820,21.8774,22.4347,23.8076,0.1777,22.2734
178.197,-0.8823,0.5288,-0.0820,21.8874,22.4447,23.8175,0.1777,22.2834
178.197,-0.8821,0.5291,-0.0820,21.8868,22.4447,23.8175,0.1779,22.2828
178.197,-0.8823,0.5291,-0.0817,21.8868,22.4442,23.8175,0.1777,22.2828
178.197,-0.8823,0.5293,-0.0815,21.8868,22.4442,23.8176,0.1777,22.2828
178.298,-0.8823,0.5293,-0.0815,21.8868,22.4442,23.8176,0.1777,22.2828
178.303,-0.8823,0.5293,-0.0815,21.8968,22.4542,23.8276,0.1777,22.2928
178.303,-0.8821,0.5296,-0.0815,21.8963,22.4542,23.8276,0.1779,22.2923
178.303,-0.8823,0.5296,-0.0811,21.8963,22.4537,23.8276,0.1777,22.2923
178.303,-0.8823,0.5298,-0.0809,21.8963,22.4537,23.8277,0.1777,22.2923
178.398,-0.8823,0.5298,-0.0809,21.9063,22.4636,23.8377,0.1777,22.3023
178.398,-0.8821,0.5301,-0.0809,21.9058,22.4636,23.8377,0.1779,22.3018
178.398,-0.8823,0.5301,-0.0806,21.9058,22.4631,23.8377,0.1777,22.3018
178.399,-0.8823,0.5304,-0.0803,21.9058,22.4631,23.8378,0.1777,22.3018
178.499,-0.8823,0.5304,-0.0803,21.9058,22.4631,23.8378,0.1777,22.3018
178.505,-0.8823,0.5304,-0.0803,21.9157,22.4731,23.8478,0.1777,22.3117
178.505,-0.8821,0.5307,-0.0803,21.9152,22.4731,23.8478,0.1779,22.3112
178.505,-0.8824,0.5307,-0.0800,21.9152,22.4726,23.8478,0.1776,22.3112
178.505,-0.8824,0.5309,-0.0798,21.9152,22.4726,23.8479,0.1776,22.3112
178.601,-0.8824,0.5309,-0.0798,21.9252,22.4826,23.8578,0.1776,22.3212
178.602,-0.8822,0.5312,-0.0798,21.9246,22.4826,23.8578,0.1778,22.3206
178.602,-0.8824,0.5312,-0.0794,21.9246,22.4820,23.8578,0.1776,22.3206
178.602,-0.8824,0.5315,-0.0792,21.9246,22.4820,23.8580,0.1776,22.3206
178.698,-0.8824,0.5315,-0.0792,21.9346,22.4920,23.8679,0.1776,22.3306
178.698,-0.8822,0.5318,-0.0792,21.9341,22.4920,23.8679,0.1778,22.3301
178.698,-0.8824,0.5318,-0.0789,21.9341,22.4915,23.8679,0.1776,22.3301
178.698,-0.8824,0.5320,-0.0787,21.9341,22.4915,23.8680,0.1776,22.3301
178.799,-0.8824,0.5320,-0.0787,21.9341,22.4915,23.8680,0.1776,22.3301
178.804,-0.8824,0.5320,-0.0787,21.9440,22.5015,23.8780,0.1776,22.3400
178.804,-0.8822,0.5323,-0.0787,21.9435,22.5015,23.8780,0.1778,22.3395
178.804,-0.8824,0.5323,-0.0783,21.9435,22.5010,23.8780,0.1776,22.3395
178.804,-0.8824,0.5325,-0.0781,21.9435,22.5010,23.8781,0.1776,22.3395
178.900,-0.8824,0.5325,-0.0781,21.9535,22.5110,23.8881,0.1776,22.3495
178.900,-0.8822,0.5329,-0.0781,21.9529,22.5110,23.8881,0.1778,22.3489
178.900,-0.8824,0.5329,-0.0778,21.9529,22.5105,23.8881,0.1776,22.3489
178.900,-0.8824,0.5331,-0.0775,21.9529,22.5105,23.8882,0.1776,22.3489
179.000,-0.8824,0.5331,-0.0775,21.9529,22.5105,23.8882,0.1776,22.3489
179.005,-0.8824,0.5331,-0.0775,21.9629,22.5204,23.8982,0.1776,22.3589
179.005,-0.8822,0.5334,-0.0775,21.9624,22.5204,23.8982,0.1778,22.3584
179.005,-0.8824,0.5334,-0.0772,21.9624,22.5199,23.8982,0.1776,22.3584
179.005,-0.8824,0.5336,-0.0770,21.9624,22.5199,23.8983,0.1776,22.3584
179.100,-0.8824,0.5336,-0.0770,21.9724,22.5299,23.9083,0.1776,22.3684
179.101,-0.8822,0.5340,-0.0770,21.9718,22.5299,23.9083,0.1778,22.3678
179.101,-0.8824,0.5340,-0.0766,21.9718,22.5294,23.9083,0.1776,22.3678
179.101,-0.8824,0.5342,-0.0764,21.9718,22.5294,23.9084,0.1776,22.3678
179.190,-0.8824,0.5342,-0.0764,21.9818,22.5394,23.9183,0.1776,22.3778
179.190,-0.8822,0.5345,-0.0764,21.9813,22.5394,23.9183,0.1778,22.3773
179.190,-0.8824,0.5345,-0.0761,21.9813,22.5389,23.9183,0.1776,22.3773
179.191,-0.8824,0.5347,-0.0759,21.9813,22.5389,23.9185,0.1776,22.3773
179.290,-0.8824,0.5347,-0.0759,21.9913,22.5488,23.9284,0.1776,22.3873
179.290,-0.8822,0.5350,-0.0759,21.9907,22.5488,23.9284,0.1778,22.3867
179.290,-0.8824,0.5350,-0.0755,21.9907,22.5483,23.9284,0.1776,22.3867
179.290,-0.8824,0.5353,-0.0753,21.9907,22.5483,23.9285,0.1776,22.3867
179.390,-0.8824,0.5353,-0.0753,21.9907,22.5483,23.9285,0.1776,22.3867
179.397,-0.8824,0.5353,-0.0753,22.0007,22.5583,23.9385,0.1776,22.3967
179.397,-0.8822,0.5356,-0.0753,22.0002,22.5583,23.9385,0.1778,22.3962
179.397,-0.8824,0.5356,-0.0750,22.0002,22.5578,23.9385,0.1776,22.3962
179.398,-0.8824,0.5358,-0.0748,22.0002,22.5578,23.9386,0.1776,22.3962
179.498,-0.8824,0.5358,-0.0748,22.0002,22.5578,23.9386,0.1776,22.3962
179.503,-0.8824,0.5358,-0.0748,22.0101,22.5677,23.9485,0.1776,22.4061
179.504,-0.8822,0.5361,-0.0748,22.0096,22.5677,23.9485,0.1778,22.4056
179.504,-0.8824,0.5361,-0.0744,22.0096,22.5672,23.9485,0.1776,22.4056
179.504,-0.8824,0.5364,-0.0742,22.0096,22.5672,23.9486,0.1776,22.4056
179.599,-0.8824,0.5364,-0.0742,22.0195,22.5772,23.9586,0.1776,22.4155
179.599,-0.8822,0.5366,-0.0742,22.0190,22.5772,23.9586,0.1778,22.4150
179.600,-0.8824,0.5366,-0.0738,22.0190,22.5767,23.9586,0.1776,22.4150
179.600,-0.8824,0.5369,-0.0736,22.0190,22.5767,23.9587,0.1776,22.4150
179.700,-0.8824,0.5369,-0.0736,22.0190,22.5767,23.9587,0.1776,22.4150
179.703,-0.8824,0.5369,-0.0736,22.0290,22.5866,23.9686,0.1776,22.4250
179.704,-0.8822,0.5372,-0.0736,22.0284,22.5866,23.9686,0.1778,22.4244
179.704,-0.8825,0.5372,-0.0733,22.0284,22.5861,23.9686,0.1775,22.4244
179.704,-0.8825,0.5374,-0.0731,22.0284,22.5861,23.9687,0.1775,22.4244
179.799,-0.8825,0.5374,-0.0731,22.0384,22.5960,23.9787,0.1775,22.4344
179.799,-0.8823,0.5377,-0.0731,22.0379,22.5960,23.9787,0.1777,22.4339
179.799,-0.8825,0.5377,-0.0727,22.0379,22.5955,23.9787,0.1775,22.4339
179.799,-0.8825,0.5380,-0.0725,22.0379,22.5955,23.9788,0.1775,22.4339
179.900,-0.8825,0.5380,-0.0725,22.0379,22.5955,23.9788,0.1775,22.4339
179.904,-0.8825,0.5380,-0.0725,22.0478,22.6055,23.9887,0.1775,22.4438
179.904,-0.8823,0.5383,-0.0725,22.0473,22.6055,23.9887,0.1777,22.4433
179.904,-0.8825,0.5383,-0.0722,22.0473,22.6050,23.9887,0.1775,22.4433
179.904,-0.8825,0.5385,-0.0719,22.0473,22.6050,23.9889,0.1775,22.4433
180.001,-0.8825,0.5385,-0.0719,22.0573,22.6149,23.9988,0.1775,22.4533
