t,x0,x1,x2,x3,x4,x5,x6,x7,x8,x9,x10,x11,u0,u1,u2,u3,u4,u5,pub,v0,v1,v2,g0,g1,g2,g3,g4,g5,g6,g7,g8,g9,g10,g11
1786060499.3045,0.7470,0.0903,-0.4243,0.7506,-0.4300,-0.7863,0.0000,0.0000,0.0000,0.0000,0.0000,0.0000,0.0584,0.3145,0.1597,0.3584,-0.0468,-0.3594,1.0000,1.0000,1.0000,1.0000,1.4993,0.0005,-0.7507,1.3005,-0.7507,-1.2995,-0.0130,0.0098,-0.0130,0.0098,-0.0130,0.0098
1786060499.3546,0.7470,0.0903,-0.4243,0.7506,-0.4300,-0.7863,0.0000,0.0000,0.0000,0.0000,0.0000,0.0000,0.1135,0.1526,0.2889,0.3102,-0.0920,-0.3141,1.0000,1.0000,1.0000,1.0000,1.4993,0.0005,-0.7507,1.3005,-0.7507,-1.2995,-0.0130,0.0098,-0.0130,0.0098,-0.0130,0.0098
1786060499.4045,1.4775,0.0090,-0.7416,1.2868,-0.7404,-1.2846,0.0000,0.0000,0.0000,0.0000,0.0000,0.0000,0.1624,-0.0585,0.3632,0.2345,-0.1340,-0.2426,1.0000,1.0000,1.0000,1.0000,1.4979,0.0017,-0.7521,1.3017,-0.7521,-1.2983,-0.0189,0.0152,-0.0185,0.0151,-0.0189,0.0152
1786060499.4546,0.7510,0.0895,-0.4263,0.7475,-0.4314,-0.7798,0.0315,-0.0068,-0.0158,-0.0254,-0.0116,0.0522,0.2023,-0.2508,0.3684,0.1380,-0.1711,-0.1511,1.0000,1.0000,1.0000,1.0000,1.4979,0.0017,-0.7521,1.3017,-0.7521,-1.2983,-0.0189,0.0152,-0.0185,0.0151,-0.0189,0.0152
1786060499.5045,0.7562,0.0890,-0.4299,0.7445,-0.4337,-0.7715,0.0440,-0.0057,-0.0279,-0.0279,-0.0186,0.0708,0.2310,-0.3622,0.3034,0.0294,-0.2023,-0.0470,1.0000,1.0000,1.0000,1.0000,1.4965,0.0029,-0.7531,1.3030,-0.7534,-1.2972,-0.0137,0.0130,-0.0046,0.0155,-0.0131,0.0101
1786060499.5546,0.7563,0.0890,-0.4300,0.7445,-0.4338,-0.7713,0.0428,-0.0055,-0.0272,-0.0271,-0.0181,0.0687,0.2469,-0.3567,0.1807,-0.0818,-0.2262,0.0610,1.0000,1.0000,1.0000,1.0000,1.4965,0.0029,-0.7531,1.3030,-0.7534,-1.2972,-0.0137,0.0130,-0.0046,0.0155,-0.0131,0.0101
1786060499.6045,1.4832,0.0139,-0.7491,1.2976,-0.7521,-1.2803,0.0130,0.0182,-0.0246,0.0389,-0.0411,0.0152,0.2492,-0.2362,0.0235,-0.1858,-0.2421,0.1639,1.0000,1.0000,1.0000,1.0000,1.4962,0.0037,-0.7511,1.3045,-0.7537,-1.2976,-0.0004,0.0077,0.0378,0.0199,0.0014,-0.0144
1786060499.6572,0.7627,0.0867,-0.4349,0.7405,-0.4362,-0.7631,0.0517,-0.0129,-0.0366,-0.0326,-0.0207,0.0745,0.2378,-0.0395,-0.1380,-0.2734,-0.2495,0.2532,1.0000,1.0000,1.0000,1.0000,1.4962,0.0037,-0.7511,1.3045,-0.7537,-1.2976,-0.0004,0.0077,0.0378,0.0199,0.0014,-0.0144
1786060499.7047,1.4823,0.0143,-0.7498,1.2999,-0.7529,-1.2800,0.0044,0.0130,-0.0194,0.0348,-0.0289,0.0105,0.2132,0.1699,-0.2734,-0.3368,-0.2480,0.3216,1.0000,1.0000,1.0000,1.0000,1.4970,0.0040,-0.7444,1.3067,-0.7528,-1.3008,0.0158,-0.0018,0.0903,0.0231,0.0144,-0.0438
1786060499.7546,0.7695,0.0840,-0.4393,0.7360,-0.4386,-0.7546,0.0562,-0.0174,-0.0377,-0.0354,-0.0209,0.0751,0.1768,0.3246,-0.3566,-0.3704,-0.2378,0.3632,1.0000,1.0000,1.0000,1.0000,1.4970,0.0040,-0.7444,1.3067,-0.7528,-1.3008,0.0158,-0.0018,0.0903,0.0231,0.0144,-0.0438
1786060499.8045,1.4825,0.0146,-0.7501,1.3012,-0.7529,-1.2802,0.0037,0.0094,-0.0140,0.0276,-0.0183,0.0061,0.1306,0.3745,-0.3720,-0.3713,-0.2191,0.3747,1.0000,1.0000,1.0000,1.0000,1.4997,0.0028,-0.7334,1.3083,-0.7511,-1.3054,0.0320,-0.0175,0.1189,0.0117,0.0127,-0.0393
1786060499.8600,1.4825,0.0146,-0.7501,1.3012,-0.7529,-1.2802,0.0037,0.0094,-0.0140,0.0276,-0.0183,0.0061,0.0773,0.3037,-0.3166,-0.3393,-0.1926,0.3552,1.0000,1.0000,1.0000,1.0000,1.4997,0.0028,-0.7334,1.3083,-0.7511,-1.3054,0.0320,-0.0175,0.1189,0.0117,0.0127,-0.0393
1786060499.9046,0.7762,0.0751,-0.4442,0.7272,-0.4436,-0.7405,0.0436,-0.0325,-0.0316,-0.0403,-0.0233,0.0726,0.0196,0.1349,-0.2009,-0.2774,-0.1594,0.3061,1.0000,1.0000,1.0000,1.0000,1.5025,0.0014,-0.7231,1.3092,-0.7519,-1.3078,0.0246,-0.0085,0.0825,0.0046,-0.0269,-0.0115
1786060499.9546,0.7762,0.0751,-0.4442,0.7272,-0.4436,-0.7406,0.0436,-0.0325,-0.0316,-0.0403,-0.0234,0.0732,-0.0391,-0.0774,-0.0470,-0.1909,-0.1204,0.2317,1.0000,1.0000,1.0000,1.0000,1.5025,0.0014,-0.7231,1.3092,-0.7519,-1.3078,0.0246,-0.0085,0.0825,0.0046,-0.0269,-0.0115
1786060500.0045,0.7794,0.0688,-0.4469,0.7254,-0.4464,-0.7346,0.0399,-0.0419,-0.0300,-0.0335,-0.0249,0.0693,-0.0957,-0.2647,0.1159,-0.0875,-0.0773,0.1380,1.0000,1.0000,1.0000,1.0000,1.5044,0.0016,-0.7174,1.3093,-0.7571,-1.3079,0.0145,0.0099,0.0373,-0.0013,-0.0637,0.0052
1786060500.0546,0.7794,0.0688,-0.4469,0.7254,-0.4464,-0.7346,0.0399,-0.0419,-0.0300,-0.0335,-0.0249,0.0693,-0.1469,-0.3667,0.2567,0.0235,-0.0313,0.0329,1.0000,1.0000,1.0000,1.0000,1.5044,0.0016,-0.7174,1.3093,-0.7571,-1.3079,0.0145,0.0099,0.0373,-0.0013,-0.0637,0.0052
1786060500.1046,0.7845,0.0594,-0.4465,0.7220,-0.4488,-0.7280,0.0441,-0.0584,-0.0198,-0.0341,-0.0251,0.0692,-0.1901,-0.3503,0.3487,0.1326,0.0157,-0.0749,1.0000,1.0000,1.0000,1.0000,1.5059,0.0034,-0.7150,1.3092,-0.7644,-1.3072,0.0158,0.0241,0.0229,-0.0022,-0.0749,0.0061
1786060500.1546,0.7845,0.0594,-0.4465,0.7220,-0.4488,-0.7280,0.0441,-0.0584,-0.0198,-0.0341,-0.0251,0.0692,-0.2228,-0.2210,0.3743,0.2298,0.0622,-0.1765,1.0000,1.0000,1.0000,1.0000,1.5059,0.0034,-0.7150,1.3092,-0.7644,-1.3072,0.0158,0.0241,0.0229,-0.0022,-0.0749,0.0061
1786060500.2045,1.4855,0.0112,-0.7375,1.3021,-0.7531,-1.2859,0.0073,-0.0036,0.0193,0.0080,-0.0040,-0.0083,-0.2431,-0.0204,0.3286,0.3068,0.1064,-0.2635,1.0000,1.0000,1.0000,1.0000,1.5082,0.0061,-0.7115,1.3086,-0.7718,-1.3069,0.0314,0.0258,0.0540,-0.0101,-0.0714,0.0001
1786060500.2617,1.4855,0.0112,-0.7375,1.3021,-0.7531,-1.2859,0.0073,-0.0036,0.0193,0.0080,-0.0040,-0.0083,-0.2500,0.1868,0.2204,0.3566,0.1469,-0.3286,1.0000,1.0000,1.0000,1.0000,1.5082,0.0061,-0.7115,1.3086,-0.7718,-1.3069,0.0314,0.0258,0.0540,-0.0101,-0.0714,0.0001
1786060500.3268,1.4855,0.0112,-0.7375,1.3021,-0.7531,-1.2859,0.0073,-0.0036,0.0193,0.0080,-0.0040,-0.0083,-0.2431,0.3338,0.0703,0.3750,0.1822,-0.3665,1.0000,1.0000,1.0000,1.0000,1.5082,0.0061,-0.7115,1.3086,-0.7718,-1.3069,0.0314,0.0258,0.0540,-0.0101,-0.0714,0.0001
1786060500.3735,1.4855,0.0112,-0.7375,1.3021,-0.7531,-1.2859,0.0073,-0.0036,0.0193,0.0080,-0.0040,-0.0083,-0.2228,0.3730,-0.0933,0.3601,0.2111,-0.3739,1.0000,0.0000,0.0000,0.0000,1.5119,0.0079,-0.7034,1.3071,-0.7788,-1.3072,0.0376,0.0100,0.1010,-0.0189,-0.0705,-0.0073
1786060500.4062,1.4862,0.0114,-0.7386,1.3040,-0.7551,-1.2860,0.0074,-0.0021,0.0103,0.0117,-0.0092,-0.0063,-0.1901,0.2920,-0.2390,0.3134,0.2324,-0.3504,1.0000,1.0000,1.0000,1.0000,1.5120,0.0080,-0.7033,1.3072,-0.7787,-1.3072,0.0379,0.0099,0.1013,-0.0190,-0.0701,-0.0074
1786060500.4641,1.4862,0.0114,-0.7386,1.3040,-0.7551,-1.2860,0.0074,-0.0021,0.0103,0.0117,-0.0092,-0.0063,-0.1469,0.1168,-0.3393,0.2390,0.2456,-0.2977,1.0000,1.0000,1.0000,1.0000,1.5120,0.0080,-0.7033,1.3072,-0.7787,-1.3072,0.0379,0.0099,0.1013,-0.0190,-0.0701,-0.0074
1786060500.5045,1.4896,0.0122,-0.7363,1.3051,-0.7599,-1.2862,0.0150,0.0013,0.0137,0.0103,-0.0206,-0.0042,-0.0957,-0.0961,-0.3750,0.1435,0.2500,-0.2204,1.0000,1.0000,1.0000,1.0000,1.5151,0.0074,-0.6917,1.3051,-0.7862,-1.3084,0.0278,-0.0178,0.1208,-0.0218,-0.0778,-0.0147
1786060500.5545,1.4919,0.0128,-0.7272,1.3060,-0.7665,-1.2890,0.0172,0.0026,0.0375,0.0098,-0.0342,-0.0118,-0.0391,-0.2780,-0.3393,0.0353,0.2456,-0.1248,1.0000,0.0000,0.0000,0.0000,1.5174,0.0051,-0.6805,1.3028,-0.7946,-1.3103,0.0197,-0.0223,0.0994,-0.0230,-0.0894,-0.0214
1786060500.6049,1.4919,0.0128,-0.7272,1.3060,-0.7665,-1.2890,0.0172,0.0026,0.0375,0.0098,-0.0342,-0.0118,0.0196,-0.3702,-0.2390,-0.0760,0.2324,-0.0188,1.0000,0.0000,0.0000,0.0000,1.5176,0.0052,-0.6803,1.3029,-0.7944,-1.3102,0.0197,-0.0222,0.0995,-0.0229,-0.0894,-0.0213
1786060500.6546,1.4939,0.0128,-0.7157,1.3061,-0.7717,-1.2909,0.0181,0.0020,0.0616,0.0069,-0.0398,-0.0139,0.0773,-0.3430,-0.0933,-0.1807,0.2111,0.0887,1.0000,0.0000,0.0000,0.0000,1.5196,0.0035,-0.6732,1.3005,-0.8039,-1.3124,0.0242,-0.0095,0.0488,-0.0209,-0.0953,-0.0181
1786060500.7046,1.4939,0.0128,-0.7157,1.3061,-0.7717,-1.2909,0.0181,0.0020,0.0616,0.0069,-0.0398,-0.0139,0.1306,-0.2052,0.0703,-0.2693,0.1822,0.1889,1.0000,0.0000,0.0000,0.0000,1.5198,0.0036,-0.6731,1.3006,-0.8037,-1.3123,0.0242,-0.0096,0.0487,-0.0210,-0.0954,-0.0183
1786060500.7546,1.4967,0.0124,-0.7083,1.3050,-0.7750,-1.2924,0.0221,-0.0000,0.0693,0.0019,-0.0401,-0.0150,0.1768,-0.0012,0.2204,-0.3341,0.1469,0.2734,1.0000,0.0000,0.0000,0.0000,1.5228,0.0035,-0.6717,1.2990,-0.8134,-1.3135,0.0372,0.0076,-0.0090,-0.0088,-0.0957,-0.0056
1786060500.8045,1.4967,0.0124,-0.7083,1.3050,-0.7750,-1.2924,0.0221,-0.0000,0.0693,0.0019,-0.0401,-0.0150,0.2132,0.2032,0.3286,-0.3694,0.1064,0.3352,1.0000,0.0000,0.0000,0.0000,1.5230,0.0036,-0.6715,1.2990,-0.8133,-1.3135,0.0376,0.0073,-0.0086,-0.0091,-0.0954,-0.0059
1786060500.8546,1.4987,0.0121,-0.7003,1.3036,-0.7832,-1.2949,0.0205,-0.0008,0.0696,-0.0032,-0.0516,-0.0174,0.2378,0.3421,0.3743,-0.3720,0.0622,0.3692,1.0000,1.0000,1.0000,1.0000,1.5273,0.0047,-0.6745,1.2986,-0.8231,-1.3134,0.0470,0.0126,-0.0340,-0.0032,-0.0979,0.0063
1786060500.9053,1.4987,0.0121,-0.7003,1.3036,-0.7832,-1.2949,0.0205,-0.0008,0.0696,-0.0032,-0.0516,-0.0174,0.2492,0.3706,0.3487,-0.3418,0.0157,0.3726,1.0000,0.0000,0.0000,0.0000,1.5275,0.0047,-0.6743,1.2986,-0.8229,-1.3134,0.0471,0.0125,-0.0339,-0.0032,-0.0978,0.0063
1786060500.9546,1.5012,0.0120,-0.6963,1.3025,-0.7941,-1.2963,0.0224,-0.0009,0.0623,-0.0057,-0.0709,-0.0169,0.2469,0.2796,0.2567,-0.2813,-0.0313,0.3451,1.0000,1.0000,1.0000,1.0000,1.5320,0.0056,-0.6763,1.2974,-0.8328,-1.3124,0.0456,0.0046,0.0015,-0.0227,-0.0936,0.0113
1786060501.0045,1.5012,0.0120,-0.6963,1.3025,-0.7941,-1.2963,0.0224,-0.0009,0.0623,-0.0057,-0.0709,-0.0169,0.2310,0.0984,0.1159,-0.1959,-0.0773,0.2889,1.0000,0.0000,0.0000,0.0000,1.5322,0.0056,-0.6761,1.2974,-0.8326,-1.3124,0.0457,0.0047,0.0016,-0.0226,-0.0935,0.0114
1786060501.0545,1.5012,0.0120,-0.6963,1.3025,-0.7941,-1.2963,0.0224,-0.0009,0.0623,-0.0057,-0.0709,-0.0169,0.2023,-0.1145,-0.0470,-0.0933,-0.1204,0.2088,1.0000,0.0000,0.0000,0.0000,1.5322,0.0056,-0.6761,1.2974,-0.8326,-1.3124,0.0457,0.0047,0.0016,-0.0226,-0.0935,0.0114
1786060501.1045,1.5049,0.0128,-0.6921,1.3013,-0.8042,-1.2972,0.0266,0.0020,0.0542,-0.0075,-0.0787,-0.0141,0.1624,-0.2905,-0.2009,0.0177,-0.1594,0.1114,1.0000,0.0000,0.0000,0.0000,1.5363,0.0054,-0.6728,1.2939,-0.8410,-1.3114,0.0378,-0.0079,0.0570,-0.0457,-0.0756,0.0075
1786060501.1546,1.5086,0.0124,-0.6875,1.3013,-0.8104,-1.2975,0.0306,0.0001,0.0536,-0.0054,-0.0761,-0.0110,0.1135,-0.3728,-0.3166,0.1270,-0.1926,0.0047,1.0000,1.0000,1.0000,1.0000,1.5394,0.0042,-0.6654,1.2888,-0.8475,-1.3111,0.0301,-0.0127,0.0866,-0.0522,-0.0505,-0.0015
1786060501.2046,1.5086,0.0124,-0.6875,1.3013,-0.8104,-1.2975,0.0306,0.0001,0.0536,-0.0054,-0.0761,-0.0110,0.0584,-0.3348,-0.3720,0.2252,-0.2191,-0.1024,1.0000,1.0000,1.0000,1.0000,1.5397,0.0043,-0.6652,1.2888,-0.8472,-1.3111,0.0301,-0.0126,0.0865,-0.0522,-0.0505,-0.0014
1786060501.2548,1.5123,0.0123,-0.6801,1.2994,-0.8165,-1.2971,0.0308,-0.0003,0.0565,-0.0093,-0.0666,-0.0057,0.0000,-0.1889,-0.3566,0.3034,-0.2378,-0.2009,1.0000,1.0000,1.0000,1.0000,1.5420,0.0032,-0.6571,1.2842,-0.8516,-1.3117,0.0229,-0.0066,0.0740,-0.0382,-0.0375,-0.0085
1786060501.3047,1.5123,0.0123,-0.6801,1.2994,-0.8165,-1.2971,0.0308,-0.0003,0.0565,-0.0093,-0.0666,-0.0057,-0.0584,0.0180,-0.2734,0.3548,-0.2480,-0.2828,1.0000,1.0000,1.0000,1.0000,1.5420,0.0032,-0.6571,1.2842,-0.8516,-1.3117,0.0229,-0.0066,0.0740,-0.0382,-0.0375,-0.0085
1786060501.3552,1.5152,0.0113,-0.6721,1.2960,-0.8221,-1.2972,0.0307,-0.0032,0.0649,-0.0172,-0.0642,-0.0043,-0.1135,0.2191,-0.1380,0.3748,-0.2495,-0.3413,1.0000,0.0000,0.0000,0.0000,1.5446,0.0032,-0.6518,1.2819,-0.8554,-1.3123,0.0320,0.0034,0.0332,-0.0110,-0.0409,-0.0015
1786060501.4046,1.5152,0.0113,-0.6721,1.2960,-0.8221,-1.2972,0.0307,-0.0032,0.0649,-0.0172,-0.0642,-0.0043,-0.1624,0.3495,0.0235,0.3617,-0.2421,-0.3714,1.0000,0.0000,0.0000,0.0000,1.5446,0.0032,-0.6518,1.2819,-0.8554,-1.3123,0.0320,0.0034,0.0332,-0.0110,-0.0409,-0.0015
1786060501.4595,1.5152,0.0113,-0.6721,1.2960,-0.8221,-1.2972,0.0307,-0.0032,0.0649,-0.0172,-0.0642,-0.0043,-0.2023,0.3672,0.1807,0.3166,-0.2262,-0.3707,1.0000,0.0000,0.0000,0.0000,1.5446,0.0032,-0.6518,1.2819,-0.8554,-1.3123,0.0320,0.0034,0.0332,-0.0110,-0.0409,-0.0015
1786060501.5063,1.5177,0.0107,-0.6625,1.2920,-0.8258,-1.2972,0.0296,-0.0041,0.0758,-0.0248,-0.0570,-0.0031,-0.2310,0.2664,0.3034,0.2435,-0.2023,-0.3393,1.0000,0.0000,0.0000,0.0000,1.5553,0.0047,-0.6521,1.2840,-0.8643,-1.3098,0.0713,0.0062,-0.0183,0.0191,-0.0450,0.0187
1786060501.5546,1.5200,0.0095,-0.6560,1.2893,-0.8326,-1.2966,0.0289,-0.0070,0.0762,-0.0266,-0.0634,-0.0003,-0.2469,0.0797,0.3684,0.1489,-0.1711,-0.2797,1.0000,1.0000,1.0000,1.0000,1.5553,0.0047,-0.6521,1.2840,-0.8643,-1.3098,0.0713,0.0062,-0.0183,0.0191,-0.0450,0.0187
1786060501.6046,1.5200,0.0095,-0.6560,1.2893,-0.8326,-1.2966,0.0289,-0.0070,0.0762,-0.0266,-0.0634,-0.0003,-0.2492,-0.1327,0.3632,0.0412,-0.1340,-0.1969,1.0000,0.0000,0.0000,0.0000,1.5628,0.0050,-0.6533,1.2852,-0.8688,-1.3085,0.0746,0.0018,-0.0013,0.0027,-0.0458,0.0084
1786060501.6546,1.5236,0.0084,-0.6517,1.2864,-0.8395,-1.2960,0.0312,-0.0083,0.0661,-0.0276,-0.0654,0.0016,-0.2378,-0.3023,0.2889,-0.0703,-0.0920,-0.0978,1.0000,1.0000,1.0000,1.0000,1.5628,0.0050,-0.6533,1.2852,-0.8688,-1.3085,0.0746,0.0018,-0.0013,0.0027,-0.0458,0.0084
1786060501.7045,1.5273,0.0086,-0.6490,1.2838,-0.8431,-1.2956,0.0341,-0.0052,0.0563,-0.0279,-0.0584,0.0024,-0.2132,-0.3744,0.1597,-0.1755,-0.0468,0.0094,1.0000,1.0000,1.0000,1.0000,1.5697,0.0052,-0.6515,1.2841,-0.8737,-1.3082,0.0642,0.0035,0.0342,-0.0191,-0.0522,-0.0005
1786060501.7546,1.5273,0.0086,-0.6490,1.2838,-0.8431,-1.2956,0.0341,-0.0052,0.0563,-0.0279,-0.0584,0.0024,-0.1768,-0.3257,-0.0000,-0.2652,-0.0000,0.1159,1.0000,1.0000,1.0000,1.0000,1.5697,0.0052,-0.6515,1.2841,-0.8737,-1.3082,0.0642,0.0035,0.0342,-0.0191,-0.0522,-0.0005
1786060501.8047,1.5331,0.0077,-0.6471,1.2812,-0.8487,-1.2945,0.0424,-0.0065,0.0458,-0.0281,-0.0589,0.0053,-0.1306,-0.1720,-0.1597,-0.3314,0.0468,0.2127,1.0000,1.0000,1.0000,1.0000,1.5756,0.0059,-0.6460,1.2817,-0.8797,-1.3086,0.0555,0.0086,0.0687,-0.0218,-0.0694,-0.0068
1786060501.8546,1.5331,0.0077,-0.6471,1.2812,-0.8487,-1.2945,0.0424,-0.0065,0.0458,-0.0281,-0.0589,0.0053,-0.0773,0.0372,-0.2889,-0.3684,0.0920,0.2919,1.0000,1.0000,1.0000,1.0000,1.5756,0.0059,-0.6460,1.2817,-0.8797,-1.3086,0.0555,0.0086,0.0687,-0.0218,-0.0694,-0.0068
1786060501.9046,1.5383,0.0080,-0.6464,1.2797,-0.8545,-1.2935,0.0455,-0.0036,0.0336,-0.0240,-0.0588,0.0067,-0.0196,0.2344,-0.3632,-0.3727,0.1340,0.3469,1.0000,1.0000,1.0000,1.0000,1.5812,0.0068,-0.6385,1.2807,-0.8879,-1.3095,0.0572,0.0093,0.0728,0.0020,-0.0923,-0.0099
1786060501.9547,1.5383,0.0080,-0.6464,1.2797,-0.8545,-1.2935,0.0455,-0.0036,0.0336,-0.0240,-0.0588,0.0067,0.0391,0.3560,-0.3684,-0.3442,0.1711,0.3731,1.0000,1.0000,1.0000,1.0000,1.5812,0.0068,-0.6385,1.2807,-0.8879,-1.3095,0.0572,0.0093,0.0728,0.0020,-0.0923,-0.0099
1786060502.0045,1.5383,0.0080,-0.6464,1.2797,-0.8545,-1.2935,0.0455,-0.0036,0.0336,-0.0240,-0.0588,0.0067,0.0957,0.3628,-0.3034,-0.2852,0.2023,0.3684,1.0000,1.0000,1.0000,1.0000,1.5873,0.0075,-0.6330,1.2821,-0.8980,-1.3102,0.0635,0.0029,0.0372,0.0229,-0.1058,-0.0031
1786060502.0545,1.5442,0.0066,-0.6468,1.2802,-0.8629,-1.2937,0.0477,-0.0066,0.0222,-0.0089,-0.0639,0.0038,0.1469,0.2526,-0.1807,-0.2009,0.2262,0.3331,1.0000,0.0000,1.0000,0.0000,1.5873,0.0075,-0.6330,1.2821,-0.8980,-1.3102,0.0635,0.0029,0.0372,0.0229,-0.1058,-0.0031
1786060502.1046,1.5499,0.0071,-0.6381,1.2767,-0.8717,-1.2943,0.0517,-0.0032,0.0393,-0.0194,-0.0732,0.0008,0.1901,0.0609,-0.0235,-0.0990,0.2421,0.2701,1.0000,0.0000,1.0000,1.0000,1.5938,0.0073,-0.6316,1.2845,-0.9085,-1.3096,0.0646,-0.0048,-0.0026,0.0224,-0.1039,0.0139
1786060502.1546,1.5499,0.0071,-0.6385,1.2777,-0.8717,-1.2943,0.0517,-0.0032,0.0443,-0.0150,-0.0732,0.0008,0.2228,-0.1504,0.1380,0.0118,0.2495,0.1848,1.0000,0.0000,1.0000,0.0000,1.5938,0.0073,-0.6316,1.2845,-0.9085,-1.3096,0.0646,-0.0048,-0.0026,0.0224,-0.1039,0.0139
1786060502.2095,1.5499,0.0071,-0.6385,1.2777,-0.8717,-1.2943,0.0517,-0.0032,0.0443,-0.0150,-0.0732,0.0008,0.2431,-0.3132,0.2734,0.1215,0.2480,0.0841,1.0000,0.0000,1.0000,0.0000,1.5940,0.0073,-0.6315,1.2846,-0.9084,-1.3095,0.0649,-0.0048,-0.0024,0.0224,-0.1036,0.0139
1786060502.2547,1.5550,0.0073,-0.6344,1.2773,-0.8831,-1.2950,0.0493,-0.0016,0.0424,-0.0112,-0.0825,-0.0018,0.2500,-0.3750,0.3566,0.2204,0.2378,-0.0235,1.0000,1.0000,1.0000,0.0000,1.6000,0.0067,-0.6331,1.2867,-0.9184,-1.3075,0.0592,-0.0060,-0.0211,0.0208,-0.0957,0.0242
1786060502.3174,1.5550,0.0073,-0.6344,1.2773,-0.8831,-1.2950,0.0493,-0.0016,0.0424,-0.0112,-0.0825,-0.0018,0.2431,-0.3158,0.3720,0.2999,0.2191,-0.1292,1.0000,1.0000,1.0000,0.0000,1.6002,0.0067,-0.6329,1.2867,-0.9182,-1.3074,0.0594,-0.0060,-0.0209,0.0208,-0.0955,0.0242
1786060502.3673,1.5550,0.0073,-0.6319,1.2769,-0.8831,-1.2950,0.0493,-0.0016,0.0365,-0.0085,-0.0825,-0.0018,0.2228,-0.1547,0.3166,0.3528,0.1926,-0.2242,1.0000,0.0000,1.0000,0.0000,1.6056,0.0063,-0.6349,1.2888,-0.9278,-1.3055,0.0537,-0.0005,-0.0105,0.0210,-0.0931,0.0143
1786060502.4045,1.5593,0.0077,-0.6292,1.2768,-0.8911,-1.2957,0.0463,0.0003,0.0333,-0.0064,-0.0803,-0.0034,0.1901,0.0562,0.2009,0.3746,0.1594,-0.3006,1.0000,0.0000,1.0000,0.0000,1.6058,0.0064,-0.6347,1.2889,-0.9276,-1.3054,0.0537,-0.0005,-0.0105,0.0211,-0.0932,0.0144
1786060502.4546,1.5632,0.0082,-0.6295,1.2764,-0.8979,-1.2954,0.0437,0.0016,0.0296,-0.0061,-0.0756,-0.0013,0.1469,0.2491,0.0470,0.3632,0.1204,-0.3520,1.0000,1.0000,1.0000,1.0000,1.6107,0.0066,-0.6341,1.2907,-0.9373,-1.3051,0.0498,0.0039,0.0256,0.0172,-0.0989,-0.0050
1786060502.5258,1.5632,0.0082,-0.6295,1.2764,-0.8979,-1.2954,0.0437,0.0016,0.0296,-0.0061,-0.0756,-0.0013,0.0957,0.3616,-0.1159,0.3197,0.0773,-0.3743,1.0000,1.0000,1.0000,1.0000,1.6109,0.0067,-0.6339,1.2908,-0.9372,-1.3050,0.0495,0.0040,0.0253,0.0172,-0.0992,-0.0050
1786060502.5546,1.5708,0.0089,-0.6294,1.2788,-0.9062,-1.2956,0.0528,0.0033,0.0197,0.0036,-0.0763,-0.0016,0.0391,0.3574,-0.2567,0.2480,0.0313,-0.3654,1.0000,1.0000,1.0000,1.0000,1.6155,0.0069,-0.6293,1.2925,-0.9477,-1.3064,0.0472,-0.0003,0.0644,0.0195,-0.1064,-0.0184
1786060502.6045,1.5708,0.0089,-0.6260,1.2798,-0.9062,-1.2956,0.0528,0.0033,0.0263,0.0043,-0.0763,-0.0016,-0.0196,0.2380,-0.3487,0.1543,-0.0157,-0.3263,1.0000,0.0000,1.0000,0.0000,1.6200,0.0061,-0.6218,1.2949,-0.9581,-1.3083,0.0418,-0.0144,0.0783,0.0288,-0.0998,-0.0195
1786060502.6546,1.5746,0.0092,-0.6264,1.2796,-0.9112,-1.2960,0.0528,0.0037,0.0248,0.0053,-0.0749,-0.0025,-0.0773,0.0419,-0.3743,0.0470,-0.0622,-0.2601,1.0000,1.0000,1.0000,1.0000,1.6200,0.0061,-0.6218,1.2949,-0.9581,-1.3083,0.0418,-0.0144,0.0783,0.0288,-0.0998,-0.0195
1786060502.7046,1.5746,0.0092,-0.6198,1.2796,-0.9112,-1.2960,0.0528,0.0037,0.0373,0.0025,-0.0749,-0.0025,-0.1306,-0.1678,-0.3286,-0.0645,-0.1064,-0.1723,1.0000,0.0000,1.0000,0.0000,1.6239,0.0041,-0.6150,1.2980,-0.9668,-1.3099,0.0385,-0.0219,0.0551,0.0310,-0.0745,-0.0125
1786060502.7546,1.5817,0.0088,-0.6193,1.2796,-0.9181,-1.2964,0.0526,0.0007,0.0366,0.0031,-0.0648,-0.0028,-0.1768,-0.3234,-0.2204,-0.1702,-0.1469,-0.0703,1.0000,1.0000,1.0000,1.0000,1.6239,0.0041,-0.6150,1.2980,-0.9668,-1.3099,0.0385,-0.0219,0.0551,0.0310,-0.0745,-0.0125
1786060502.8059,1.5817,0.0088,-0.6193,1.2796,-0.9181,-1.2964,0.0526,0.0007,0.0366,0.0031,-0.0648,-0.0028,-0.2132,-0.3746,-0.0703,-0.2610,-0.1822,0.0376,1.0000,1.0000,1.0000,1.0000,1.6239,0.0041,-0.6150,1.2980,-0.9668,-1.3099,0.0385,-0.0219,0.0551,0.0310,-0.0745,-0.0125
1786060502.8545,1.5856,0.0091,-0.6144,1.2810,-0.9237,-1.2963,0.0535,0.0016,0.0442,0.0069,-0.0681,-0.0017,-0.2378,-0.3050,0.0933,-0.3286,-0.2111,0.1424,1.0000,1.0000,1.0000,1.0000,1.6280,0.0022,-0.6118,1.3010,-0.9725,-1.3107,0.0454,-0.0164,0.0140,0.0295,-0.0427,-0.0032
1786060502.9046,1.5888,0.0092,-0.6101,1.2834,-0.9313,-1.2956,0.0481,0.0013,0.0436,0.0117,-0.0729,0.0010,-0.2492,-0.1371,0.2390,-0.3672,-0.2324,0.2354,1.0000,0.0000,1.0000,0.0000,1.6333,0.0009,-0.6121,1.3040,-0.9756,-1.3104,0.0596,-0.0101,-0.0146,0.0313,-0.0233,0.0084
1786060502.9546,1.5888,0.0092,-0.6101,1.2834,-0.9313,-1.2956,0.0481,0.0013,0.0436,0.0117,-0.0729,0.0010,-0.2469,0.0751,0.3393,-0.3733,-0.2456,0.3088,1.0000,0.0000,1.0000,0.0000,1.6333,0.0009,-0.6121,1.3040,-0.9756,-1.3104,0.0596,-0.0101,-0.0146,0.0313,-0.0233,0.0084
1786060503.0046,1.5941,0.0101,-0.6083,1.2845,-0.9374,-1.2946,0.0494,0.0037,0.0353,0.0114,-0.0682,0.0040,-0.2310,0.2631,0.3750,-0.3465,-0.2500,0.3566,1.0000,1.0000,1.0000,0.0000,1.6396,0.0001,-0.6137,1.3071,-0.9779,-1.3094,0.0630,-0.0074,-0.0123,0.0278,-0.0255,0.0082
1786060503.0554,1.5941,0.0101,-0.6083,1.2845,-0.9374,-1.2946,0.0494,0.0037,0.0353,0.0114,-0.0682,0.0040,-0.2023,0.3662,0.3393,-0.2889,-0.2456,0.3749,1.0000,1.0000,1.0000,0.0000,1.6396,0.0001,-0.6137,1.3071,-0.9779,-1.3094,0.0630,-0.0074,-0.0123,0.0278,-0.0255,0.0082
1786060503.1047,1.5972,0.0104,-0.6078,1.2878,-0.9461,-1.2935,0.0440,0.0035,0.0260,0.0182,-0.0748,0.0061,-0.1624,0.3512,0.2390,-0.2059,-0.2324,0.3620,1.0000,0.0000,1.0000,0.0000,1.6455,-0.0008,-0.6133,1.3094,-0.9811,-1.3092,0.0542,-0.0107,0.0211,0.0182,-0.0365,-0.0039
1786060503.1546,1.5972,0.0104,-0.6078,1.2878,-0.9461,-1.2935,0.0440,0.0035,0.0260,0.0182,-0.0748,0.0061,-0.1135,0.2229,0.0933,-0.1046,-0.2111,0.3191,1.0000,0.0000,1.0000,0.0000,1.6455,-0.0008,-0.6133,1.3094,-0.9811,-1.3092,0.0542,-0.0107,0.0211,0.0182,-0.0365,-0.0039
1786060503.2252,1.5972,0.0104,-0.6078,1.2878,-0.9461,-1.2935,0.0440,0.0035,0.0260,0.0182,-0.0748,0.0061,-0.0584,0.0227,-0.0703,0.0059,-0.1822,0.2498,1.0000,0.0000,1.0000,0.0000,1.6455,-0.0008,-0.6133,1.3094,-0.9811,-1.3092,0.0542,-0.0107,0.0211,0.0182,-0.0365,-0.0039
1786060503.2941,1.5972,0.0104,-0.6079,1.2916,-0.9461,-1.2935,0.0440,0.0035,0.0172,0.0243,-0.0748,0.0061,-0.0000,-0.1848,-0.2204,0.1159,-0.1469,0.1597,1.0000,0.0000,1.0000,0.0000,1.6505,-0.0023,-0.6089,1.3109,-0.9848,-1.3102,0.0477,-0.0192,0.0628,0.0153,-0.0372,-0.0135
1786060503.3459,1.6027,0.0113,-0.6077,1.2918,-0.9545,-1.2930,0.0459,0.0051,0.0179,0.0246,-0.0751,0.0055,0.0584,-0.3327,-0.3286,0.2156,-0.1064,0.0563,1.0000,1.0000,1.0000,1.0000,1.6505,-0.0023,-0.6089,1.3109,-0.9848,-1.3102,0.0477,-0.0192,0.0628,0.0153,-0.0372,-0.0135
1786060503.3749,1.6027,0.0113,-0.6078,1.2917,-0.9545,-1.2930,0.0459,0.0051,0.0172,0.0243,-0.0751,0.0055,0.1135,-0.3733,-0.3743,0.2963,-0.0622,-0.0517,1.0000,0.0000,1.0000,0.0000,1.6550,-0.0044,-0.6012,1.3126,-0.9885,-1.3114,0.0410,-0.0208,0.0844,0.0169,-0.0368,-0.0100
1786060503.4046,1.6097,0.0102,-0.6070,1.2972,-0.9619,-1.2931,0.0494,-0.0002,0.0099,0.0255,-0.0682,0.0030,0.1624,-0.2935,-0.3487,0.3508,-0.0157,-0.1554,1.0000,0.0000,1.0000,0.0000,1.6551,-0.0043,-0.6010,1.3126,-0.9883,-1.3113,0.0413,-0.0207,0.0846,0.0169,-0.0366,-0.0100
1786060503.4545,1.6168,0.0086,-0.6069,1.2973,-0.9721,-1.2944,0.0592,-0.0053,0.0099,0.0251,-0.0827,-0.0019,0.2023,-0.1190,-0.2567,0.3743,0.0313,-0.2462,1.0000,1.0000,1.0000,1.0000,1.6585,-0.0061,-0.5931,1.3141,-0.9927,-1.3120,0.0314,-0.0134,0.0724,0.0138,-0.0504,-0.0013
1786060503.5045,1.6168,0.0086,-0.6016,1.2988,-0.9721,-1.2944,0.0592,-0.0053,0.0235,0.0221,-0.0827,-0.0019,0.2310,0.0938,-0.1159,0.3646,0.0773,-0.3166,1.0000,0.0000,1.0000,0.0000,1.6587,-0.0061,-0.5929,1.3142,-0.9926,-1.3120,0.0314,-0.0133,0.0725,0.0138,-0.0503,-0.0012
1786060503.5545,1.6256,0.0044,-0.6015,1.2989,-0.9813,-1.2957,0.0673,-0.0169,0.0235,0.0217,-0.0846,-0.0054,0.2469,0.2764,0.0470,0.3228,0.1204,-0.3608,1.0000,1.0000,1.0000,1.0000,1.6611,-0.0068,-0.5878,1.3154,-0.9994,-1.3110,0.0222,-0.0015,0.0363,0.0128,-0.0808,0.0212
1786060503.6045,1.6256,0.0044,-0.5965,1.3011,-0.9813,-1.2957,0.0673,-0.0169,0.0323,0.0225,-0.0846,-0.0054,0.2492,0.3698,0.2009,0.2524,0.1594,-0.3750,1.0000,0.0000,1.0000,0.0000,1.6613,-0.0067,-0.5876,1.3154,-0.9992,-1.3109,0.0220,-0.0015,0.0361,0.0128,-0.0810,0.0212
1786060503.6584,1.6322,0.0026,-0.5964,1.3011,-0.9883,-1.2968,0.0671,-0.0172,0.0323,0.0222,-0.0803,-0.0069,0.2378,0.3440,0.3166,0.1597,0.1926,-0.3581,1.0000,1.0000,1.0000,1.0000,1.6632,-0.0068,-0.5861,1.3172,-1.0088,-1.3080,0.0221,-0.0004,0.0034,0.0248,-0.1002,0.0320
1786060503.7073,1.6322,0.0026,-0.5921,1.3041,-0.9883,-1.2968,0.0671,-0.0172,0.0362,0.0250,-0.0803,-0.0069,0.2132,0.2072,0.3720,0.0528,0.2191,-0.3115,1.0000,0.0000,1.0000,0.0000,1.6634,-0.0067,-0.5859,1.3173,-1.0086,-1.3079,0.0219,-0.0004,0.0032,0.0248,-0.1004,0.0320
1786060503.7546,1.6391,-0.0009,-0.5920,1.3041,-0.9951,-1.2969,0.0683,-0.0228,0.0361,0.0247,-0.0769,-0.0051,0.1768,0.0035,0.3566,-0.0587,0.2378,-0.2390,1.0000,1.0000,1.0000,1.0000,1.6659,-0.0071,-0.5866,1.3205,-1.0186,-1.3056,0.0298,-0.0070,-0.0088,0.0377,-0.0942,0.0148
1786060503.8045,1.6391,-0.0009,-0.5920,1.3041,-0.9951,-1.2969,0.0683,-0.0228,0.0361,0.0247,-0.0769,-0.0051,0.1306,-0.2012,0.2734,-0.1650,0.2480,-0.1468,1.0000,1.0000,1.0000,1.0000,1.6659,-0.0071,-0.5866,1.3205,-1.0186,-1.3056,0.0298,-0.0070,-0.0088,0.0377,-0.0942,0.0148
1786060503.8582,1.6391,-0.0009,-0.5920,1.3041,-0.9951,-1.2969,0.0683,-0.0228,0.0361,0.0247,-0.0769,-0.0051,0.0773,-0.3411,0.1380,-0.2567,0.2495,-0.0423,1.0000,1.0000,1.0000,1.0000,1.6659,-0.0071,-0.5866,1.3205,-1.0186,-1.3056,0.0298,-0.0070,-0.0088,0.0377,-0.0942,0.0148
1786060503.9045,1.6458,-0.0022,-0.5895,1.3079,-1.0007,-1.2960,0.0662,-0.0191,0.0312,0.0278,-0.0689,-0.0008,0.0196,-0.3709,-0.0235,-0.3257,0.2421,0.0656,1.0000,0.0000,1.0000,0.0000,1.6691,-0.0081,-0.5866,1.3242,-1.0271,-1.3056,0.0327,-0.0096,0.0137,0.0333,-0.0773,-0.0115
1786060503.9545,1.6499,-0.0031,-0.5874,1.3122,-1.0059,-1.2958,0.0580,-0.0161,0.0268,0.0315,-0.0631,0.0001,-0.0391,-0.2811,-0.1807,-0.3660,0.2262,0.1681,1.0000,0.0000,1.0000,0.0000,1.6720,-0.0084,-0.5823,1.3268,-1.0344,-1.3073,0.0241,0.0047,0.0710,0.0196,-0.0703,-0.0191
1786060504.0046,1.6534,-0.0033,-0.5851,1.3143,-1.0110,-1.2955,0.0551,-0.0126,0.0286,0.0317,-0.0636,0.0011,-0.0957,-0.1007,-0.3034,-0.3738,0.2023,0.2567,1.0000,1.0000,1.0000,1.0000,1.6735,-0.0066,-0.5719,1.3281,-1.0420,-1.3085,0.0086,0.0299,0.1258,0.0106,-0.0845,-0.0044
1786060504.0621,1.6534,-0.0033,-0.5851,1.3143,-1.0110,-1.2955,0.0551,-0.0126,0.0286,0.0317,-0.0636,0.0011,-0.1469,0.1123,-0.3684,-0.3487,0.1711,0.3240,1.0000,1.0000,1.0000,1.0000,1.6735,-0.0066,-0.5719,1.3281,-1.0420,-1.3085,0.0086,0.0299,0.1258,0.0106,-0.0845,-0.0044
1786060504.1045,1.6553,-0.0021,-0.5777,1.3157,-1.0166,-1.2956,0.0438,-0.0051,0.0426,0.0255,-0.0613,0.0006,-0.1901,0.2890,-0.3632,-0.2927,0.1340,0.3644,1.0000,0.0000,1.0000,0.0000,1.6737,-0.0029,-0.5591,1.3287,-1.0517,-1.3077,-0.0026,0.0386,0.1207,0.0045,-0.1066,0.0199
1786060504.1546,1.6553,-0.0021,-0.5777,1.3157,-1.0166,-1.2956,0.0438,-0.0051,0.0426,0.0255,-0.0613,0.0006,-0.2228,0.3725,-0.2889,-0.2108,0.0920,0.3745,1.0000,0.0000,1.0000,0.0000,1.6737,-0.0029,-0.5591,1.3287,-1.0517,-1.3077,-0.0026,0.0386,0.1207,0.0045,-0.1066,0.0199
1786060504.2045,1.6570,-0.0004,-0.5686,1.3168,-1.0236,-1.2963,0.0358,0.0018,0.0596,0.0217,-0.0649,-0.0019,-0.2431,0.3359,-0.1597,-0.1103,0.0468,0.3536,1.0000,0.0000,1.0000,0.0000,1.6735,0.0002,-0.5500,1.3287,-1.0632,-1.3046,0.0014,0.0213,0.0638,-0.0015,-0.1186,0.0376
1786060504.2559,1.6570,-0.0004,-0.5686,1.3168,-1.0236,-1.2963,0.0358,0.0018,0.0596,0.0217,-0.0649,-0.0019,-0.2500,0.1909,0.0000,-0.0000,0.0000,0.3034,1.0000,0.0000,1.0000,0.0000,1.6735,0.0002,-0.5500,1.3287,-1.0632,-1.3046,0.0014,0.0213,0.0638,-0.0015,-0.1186,0.0376
1786060504.3045,1.6564,0.0025,-0.5610,1.3159,-1.0334,-1.2963,0.0222,0.0104,0.0629,0.0118,-0.0746,-0.0013,-0.2431,-0.0157,0.1597,0.1103,-0.0468,0.2280,1.0000,1.0000,1.0000,1.0000,1.6745,0.0012,-0.5465,1.3285,-1.0750,-1.3006,0.0182,0.0024,0.0143,-0.0021,-0.1129,0.0384
1786060504.3546,1.6564,0.0025,-0.5610,1.3159,-1.0334,-1.2963,0.0222,0.0104,0.0629,0.0118,-0.0746,-0.0013,-0.2228,-0.2172,0.2889,0.2108,-0.0920,0.1337,1.0000,1.0000,1.0000,1.0000,1.6745,0.0012,-0.5465,1.3285,-1.0750,-1.3006,0.0182,0.0024,0.0143,-0.0021,-0.1129,0.0384
1786060504.4127,1.6564,0.0025,-0.5610,1.3159,-1.0334,-1.2963,0.0222,0.0104,0.0629,0.0118,-0.0746,-0.0013,-0.1901,-0.3486,0.3632,0.2927,-0.1340,0.0282,1.0000,1.0000,1.0000,1.0000,1.6745,0.0012,-0.5465,1.3285,-1.0750,-1.3006,0.0182,0.0024,0.0143,-0.0021,-0.1129,0.0384
1786060504.4546,1.6584,0.0045,-0.5559,1.3164,-1.0442,-1.2951,0.0214,0.0133,0.0586,0.0094,-0.0841,0.0029,-0.1469,-0.3676,0.3684,0.3487,-0.1711,-0.0795,1.0000,1.0000,1.0000,1.0000,1.6770,0.0014,-0.5460,1.3285,-1.0845,-1.2974,0.0287,0.0075,0.0035,0.0018,-0.0774,0.0251
1786060504.5045,1.6592,0.0059,-0.5525,1.3173,-1.0512,-1.2944,0.0179,0.0138,0.0520,0.0094,-0.0828,0.0043,-0.0957,-0.2681,0.3034,0.3738,-0.2023,-0.1807,1.0000,1.0000,1.0000,0.0000,1.6797,0.0040,-0.5442,1.3288,-1.0897,-1.2960,0.0242,0.0430,0.0374,0.0034,-0.0304,0.0048
1786060504.5547,1.6592,0.0059,-0.5525,1.3173,-1.0512,-1.2944,0.0179,0.0138,0.0520,0.0094,-0.0828,0.0043,-0.0391,-0.0820,0.1807,0.3660,-0.2262,-0.2668,1.0000,1.0000,1.0000,0.0000,1.6797,0.0040,-0.5442,1.3288,-1.0897,-1.2960,0.0242,0.0430,0.0374,0.0034,-0.0304,0.0048
1786060504.6056,1.6592,0.0059,-0.5499,1.3185,-1.0512,-1.2944,0.0179,0.0138,0.0442,0.0102,-0.0828,0.0043,0.0196,0.1305,0.0235,0.3257,-0.2421,-0.3309,1.0000,0.0000,1.0000,0.0000,1.6799,0.0040,-0.5440,1.3288,-1.0895,-1.2960,0.0243,0.0430,0.0375,0.0034,-0.0303,0.0048
1786060504.6545,1.6622,0.0069,-0.5497,1.3185,-1.0587,-1.2925,0.0208,0.0122,0.0427,0.0099,-0.0764,0.0086,0.0773,0.3009,-0.1380,0.2567,-0.2495,-0.3674,1.0000,1.0000,1.0000,1.0000,1.6816,0.0097,-0.5373,1.3292,-1.0910,-1.2963,0.0126,0.0625,0.0933,0.0057,-0.0063,-0.0070
1786060504.7095,1.6622,0.0069,-0.5497,1.3185,-1.0587,-1.2925,0.0208,0.0122,0.0427,0.0099,-0.0764,0.0086,0.1306,0.3742,-0.2734,0.1650,-0.2480,-0.3736,1.0000,1.0000,1.0000,1.0000,1.6816,0.0097,-0.5373,1.3292,-1.0910,-1.2963,0.0126,0.0625,0.0933,0.0057,-0.0063,-0.0070
1786060504.7616,1.6622,0.0069,-0.5464,1.3211,-1.0587,-1.2925,0.0208,0.0122,0.0406,0.0152,-0.0764,0.0086,0.1768,0.3269,-0.3566,0.0587,-0.2378,-0.3487,1.0000,0.0000,1.0000,0.0000,1.6822,0.0155,-0.5257,1.3304,-1.0922,-1.2966,0.0018,0.0519,0.1290,0.0186,-0.0192,0.0046
1786060504.8108,1.6622,0.0069,-0.5465,1.3211,-1.0624,-1.2919,0.0208,0.0122,0.0392,0.0150,-0.0638,0.0078,0.2132,0.1741,-0.3720,-0.0528,-0.2191,-0.2949,1.0000,0.0000,1.0000,1.0000,1.6822,0.0155,-0.5257,1.3304,-1.0922,-1.2966,0.0018,0.0519,0.1290,0.0186,-0.0192,0.0046
1786060504.8546,1.6642,0.0103,-0.5431,1.3247,-1.0665,-1.2919,0.0160,0.0152,0.0375,0.0214,-0.0591,0.0056,0.2378,-0.0348,-0.3166,-0.1597,-0.1926,-0.2166,1.0000,1.0000,1.0000,0.0000,1.6822,0.0197,-0.5130,1.3328,-1.0953,-1.2949,-0.0006,0.0340,0.1189,0.0262,-0.0411,0.0255
1786060504.9046,1.6648,0.0134,-0.5370,1.3251,-1.0738,-1.2907,0.0129,0.0198,0.0459,0.0166,-0.0632,0.0077,0.2492,-0.2325,-0.2009,-0.2524,-0.1594,-0.1204,1.0000,0.0000,1.0000,0.0000,1.6824,0.0224,-0.5033,1.3347,-1.1008,-1.2920,0.0051,0.0224,0.0784,0.0119,-0.0656,0.0301
1786060504.9546,1.6648,0.0134,-0.5370,1.3251,-1.0738,-1.2907,0.0129,0.0198,0.0459,0.0166,-0.0632,0.0077,0.2469,-0.3552,-0.0470,-0.3228,-0.1204,-0.0141,1.0000,0.0000,1.0000,0.0000,1.6824,0.0224,-0.5033,1.3347,-1.1008,-1.2920,0.0051,0.0224,0.0784,0.0119,-0.0656,0.0301
1786060505.0046,1.6657,0.0164,-0.5276,1.3261,-1.0791,-1.2886,0.0115,0.0233,0.0616,0.0147,-0.0606,0.0118,0.2310,-0.3634,0.1159,-0.3646,-0.0773,0.0933,1.0000,0.0000,1.0000,0.0000,1.6833,0.0249,-0.4977,1.3347,-1.1082,-1.2894,0.0118,0.0308,0.0409,-0.0110,-0.0777,0.0224
1786060505.0546,1.6657,0.0164,-0.5276,1.3261,-1.0791,-1.2886,0.0115,0.0233,0.0616,0.0147,-0.0606,0.0118,0.2023,-0.2543,0.2567,-0.3743,-0.0313,0.1929,1.0000,0.0000,1.0000,0.0000,1.6833,0.0249,-0.4977,1.3347,-1.1082,-1.2894,0.0118,0.0308,0.0409,-0.0110,-0.0777,0.0224
1786060505.1046,1.6651,0.0195,-0.5186,1.3270,-1.0852,-1.2864,0.0061,0.0257,0.0697,0.0129,-0.0604,0.0151,0.1624,-0.0632,0.3487,-0.3508,0.0157,0.2766,1.0000,1.0000,1.0000,1.0000,1.6846,0.0293,-0.4945,1.3328,-1.1158,-1.2878,0.0131,0.0564,0.0273,-0.0245,-0.0727,0.0085
1786060505.1546,1.6651,0.0195,-0.5186,1.3270,-1.0852,-1.2864,0.0061,0.0257,0.0697,0.0129,-0.0604,0.0151,0.1135,0.1483,0.3743,-0.2963,0.0622,0.3373,1.0000,1.0000,1.0000,1.0000,1.6846,0.0293,-0.4945,1.3328,-1.1158,-1.2878,0.0131,0.0564,0.0273,-0.0245,-0.0727,0.0085
1786060505.2045,1.6651,0.0195,-0.5134,1.3286,-1.0852,-1.2864,0.0061,0.0257,0.0623,0.0132,-0.0604,0.0151,0.0584,0.3119,0.3286,-0.2156,0.1064,0.3700,1.0000,0.0000,1.0000,0.0000,1.6848,0.0294,-0.4943,1.3328,-1.1156,-1.2878,0.0131,0.0564,0.0273,-0.0244,-0.0727,0.0085
1786060505.2553,1.6665,0.0222,-0.5132,1.3285,-1.0963,-1.2834,0.0082,0.0245,0.0611,0.0128,-0.0730,0.0187,0.0000,0.3750,0.2204,-0.1159,0.1469,0.3720,1.0000,1.0000,1.0000,1.0000,1.6855,0.0356,-0.4909,1.3305,-1.1227,-1.2878,0.0053,0.0640,0.0492,-0.0204,-0.0657,-0.0047
1786060505.3046,1.6666,0.0242,-0.5089,1.3275,-1.1056,-1.2805,0.0066,0.0244,0.0584,0.0062,-0.0826,0.0231,-0.0584,0.3171,0.0703,-0.0059,0.1822,0.3432,1.0000,1.0000,1.0000,1.0000,1.6857,0.0412,-0.4833,1.3295,-1.1297,-1.2881,-0.0004,0.0477,0.0997,0.0020,-0.0770,0.0023
1786060505.3547,1.6666,0.0242,-0.5089,1.3275,-1.1056,-1.2805,0.0066,0.0244,0.0584,0.0062,-0.0826,0.0231,-0.1135,0.1569,-0.0933,0.1046,0.2111,0.2859,1.0000,1.0000,1.0000,1.0000,1.6857,0.0412,-0.4833,1.3295,-1.1297,-1.2881,-0.0004,0.0477,0.0997,0.0020,-0.0770,0.0023
1786060505.4045,1.6668,0.0279,-0.5027,1.3260,-1.1144,-1.2785,0.0049,0.0279,0.0588,-0.0004,-0.0829,0.0216,-0.1624,-0.0539,-0.2390,0.2059,0.2324,0.2049,1.0000,1.0000,1.0000,1.0000,1.6859,0.0450,-0.4719,1.3308,-1.1389,-1.2868,0.0063,0.0326,0.1178,0.0177,-0.1054,0.0214
1786060505.4546,1.6668,0.0279,-0.5027,1.3260,-1.1144,-1.2785,0.0049,0.0279,0.0588,-0.0004,-0.0829,0.0216,-0.2023,-0.2473,-0.3393,0.2889,0.2456,0.1069,1.0000,1.0000,1.0000,1.0000,1.6859,0.0450,-0.4719,1.3308,-1.1389,-1.2868,0.0063,0.0326,0.1178,0.0177,-0.1054,0.0214
1786060505.5046,1.6684,0.0318,-0.4913,1.3220,-1.1217,-1.2770,0.0083,0.0318,0.0768,-0.0130,-0.0810,0.0197,-0.2310,-0.3609,-0.3750,0.3465,0.2500,0.0000,1.0000,1.0000,1.0000,1.0000,1.6872,0.0484,-0.4607,1.3322,-1.1506,-1.2840,0.0184,0.0383,0.1039,0.0078,-0.1248,0.0304
1786060505.5545,1.6684,0.0318,-0.4913,1.3220,-1.1217,-1.2770,0.0083,0.0318,0.0768,-0.0130,-0.0810,0.0197,-0.2469,-0.3581,-0.3393,0.3733,0.2456,-0.1069,1.0000,1.0000,1.0000,1.0000,1.6872,0.0484,-0.4607,1.3322,-1.1506,-1.2840,0.0184,0.0383,0.1039,0.0078,-0.1248,0.0304
1786060505.6046,1.6684,0.0318,-0.4788,1.3203,-1.1217,-1.2770,0.0083,0.0318,0.0894,-0.0140,-0.0810,0.0197,-0.2492,-0.2399,-0.2390,0.3672,0.2324,-0.2049,1.0000,0.0000,1.0000,0.0000,1.6893,0.0535,-0.4515,1.3322,-1.1628,-1.2810,0.0203,0.0603,0.0820,-0.0049,-0.1182,0.0280
1786060505.6546,1.6702,0.0372,-0.4787,1.3202,-1.1300,-1.2751,0.0111,0.0371,0.0886,-0.0140,-0.0780,0.0187,-0.2378,-0.0442,-0.0933,0.3286,0.2111,-0.2859,1.0000,1.0000,1.0000,1.0000,1.6893,0.0535,-0.4515,1.3322,-1.1628,-1.2810,0.0203,0.0603,0.0820,-0.0049,-0.1182,0.0280
1786060505.7046,1.6702,0.0372,-0.4717,1.3193,-1.1300,-1.2751,0.0111,0.0371,0.0808,-0.0122,-0.0780,0.0187,-0.2132,0.1657,0.0703,0.2610,0.1822,-0.3432,1.0000,0.0000,1.0000,0.0000,1.6895,0.0535,-0.4513,1.3322,-1.1626,-1.2810,0.0204,0.0603,0.0821,-0.0048,-0.1180,0.0281
1786060505.7546,1.6713,0.0401,-0.4718,1.3192,-1.1338,-1.2742,0.0107,0.0337,0.0800,-0.0122,-0.0634,0.0151,-0.1768,0.3222,0.2204,0.1702,0.1469,-0.3720,1.0000,1.0000,1.0000,1.0000,1.6907,0.0598,-0.4446,1.3317,-1.1738,-1.2787,0.0087,0.0614,0.0598,-0.0025,-0.1051,0.0196
1786060505.8046,1.6713,0.0401,-0.4718,1.3192,-1.1338,-1.2742,0.0107,0.0337,0.0800,-0.0122,-0.0634,0.0151,-0.1306,0.3747,0.3286,0.0645,0.1064,-0.3700,1.0000,1.0000,1.0000,1.0000,1.6909,0.0599,-0.4444,1.3318,-1.1736,-1.2786,0.0086,0.0615,0.0597,-0.0024,-0.1052,0.0197
1786060505.8546,1.6729,0.0426,-0.4654,1.3203,-1.1393,-1.2728,0.0119,0.0293,0.0713,-0.0046,-0.0577,0.0142,-0.0773,0.3064,0.3743,-0.0470,0.0622,-0.3373,1.0000,1.0000,1.0000,1.0000,1.6910,0.0651,-0.4392,1.3318,-1.1843,-1.2774,0.0006,0.0446,0.0514,0.0041,-0.1048,0.0066
1786060505.9046,1.6729,0.0426,-0.4654,1.3203,-1.1393,-1.2728,0.0119,0.0293,0.0713,-0.0046,-0.0577,0.0142,-0.0196,0.1393,0.3487,-0.1543,0.0157,-0.2766,1.0000,1.0000,1.0000,1.0000,1.6910,0.0651,-0.4392,1.3318,-1.1843,-1.2774,0.0006,0.0446,0.0514,0.0041,-0.1048,0.0066
1786060505.9545,1.6756,0.0439,-0.4615,1.3242,-1.1445,-1.2711,0.0163,0.0234,0.0591,0.0092,-0.0540,0.0145,0.0391,-0.0728,0.2567,-0.2480,-0.0313,-0.1929,1.0000,1.0000,1.0000,1.0000,1.6912,0.0689,-0.4335,1.3328,-1.1947,-1.2775,0.0048,0.0340,0.0668,0.0134,-0.1029,-0.0063
1786060506.0048,1.6756,0.0439,-0.4615,1.3242,-1.1445,-1.2711,0.0163,0.0234,0.0591,0.0092,-0.0540,0.0145,0.0957,-0.2614,0.1159,-0.3197,-0.0773,-0.0933,1.0000,1.0000,1.0000,1.0000,1.6924,0.0724,-0.4250,1.3345,-1.2043,-1.2784,0.0185,0.0399,0.1001,0.0205,-0.0889,-0.0084
1786060506.0546,1.6781,0.0449,-0.4601,1.3267,-1.1499,-1.2706,0.0205,0.0215,0.0508,0.0152,-0.0596,0.0131,0.1469,-0.3657,-0.0470,-0.3632,-0.1204,0.0141,1.0000,1.0000,1.0000,1.0000,1.6924,0.0724,-0.4250,1.3345,-1.2043,-1.2784,0.0185,0.0399,0.1001,0.0205,-0.0889,-0.0084
1786060506.1045,1.6811,0.0459,-0.4561,1.3264,-1.1584,-1.2695,0.0241,0.0185,0.0489,0.0100,-0.0694,0.0127,0.1901,-0.3520,-0.2009,-0.3746,-0.1594,0.1204,1.0000,1.0000,1.0000,1.0000,1.6949,0.0775,-0.4133,1.3365,-1.2120,-1.2786,0.0286,0.0602,0.1274,0.0188,-0.0689,0.0035
1786060506.1546,1.6811,0.0459,-0.4561,1.3264,-1.1584,-1.2695,0.0241,0.0185,0.0489,0.0100,-0.0694,0.0127,0.2228,-0.2248,-0.3166,-0.3528,-0.1926,0.2166,1.0000,1.0000,1.0000,1.0000,1.6949,0.0775,-0.4133,1.3365,-1.2120,-1.2786,0.0286,0.0602,0.1274,0.0188,-0.0689,0.0035
1786060506.2046,1.6846,0.0474,-0.4484,1.3237,-1.1639,-1.2689,0.0281,0.0178,0.0584,-0.0018,-0.0656,0.0107,0.2431,-0.0251,-0.3720,-0.2999,-0.2191,0.2949,1.0000,1.0000,1.0000,1.0000,1.6978,0.0841,-0.4009,1.3378,-1.2180,-1.2774,0.0267,0.0680,0.1154,0.0070,-0.0543,0.0194
1786060506.2547,1.6846,0.0474,-0.4484,1.3237,-1.1639,-1.2689,0.0281,0.0178,0.0584,-0.0018,-0.0656,0.0107,0.2500,0.1827,-0.3566,-0.2204,-0.2378,0.3487,1.0000,1.0000,1.0000,1.0000,1.6978,0.0841,-0.4009,1.3378,-1.2180,-1.2774,0.0267,0.0680,0.1154,0.0070,-0.0543,0.0194
1786060506.3047,1.6904,0.0492,-0.4395,1.3221,-1.1688,-1.2679,0.0376,0.0178,0.0682,-0.0061,-0.0607,0.0107,0.2431,0.3316,-0.2734,-0.1215,-0.2480,0.3736,1.0000,0.0000,1.0000,1.0000,1.7000,0.0901,-0.3912,1.3377,-1.2232,-1.2749,0.0183,0.0511,0.0804,-0.0047,-0.0497,0.0277
1786060506.3546,1.6904,0.0492,-0.4392,1.3221,-1.1688,-1.2679,0.0376,0.0178,0.0675,-0.0063,-0.0607,0.0107,0.2228,0.3735,-0.1380,-0.0118,-0.2495,0.3674,1.0000,0.0000,1.0000,0.0000,1.7000,0.0901,-0.3912,1.3377,-1.2232,-1.2749,0.0183,0.0511,0.0804,-0.0047,-0.0497,0.0277
1786060506.4045,1.6904,0.0492,-0.4285,1.3245,-1.1688,-1.2679,0.0376,0.0178,0.0792,0.0033,-0.0607,0.0107,0.1901,0.2949,0.0235,0.0990,-0.2421,0.3309,1.0000,0.0000,1.0000,0.0000,1.7013,0.0940,-0.3848,1.3371,-1.2280,-1.2722,0.0092,0.0306,0.0548,-0.0067,-0.0470,0.0239
1786060506.4557,1.6950,0.0511,-0.4284,1.3245,-1.1763,-1.2664,0.0392,0.0176,0.0798,0.0034,-0.0636,0.0116,0.1469,0.1212,0.1807,0.2009,-0.2262,0.2668,1.0000,1.0000,1.0000,1.0000,1.7013,0.0940,-0.3848,1.3371,-1.2280,-1.2722,0.0092,0.0306,0.0548,-0.0067,-0.0470,0.0239
1786060506.5047,1.6895,0.0632,-0.4165,1.3266,-1.1833,-1.2645,0.0122,0.0513,0.0941,0.0087,-0.0700,0.0147,0.0957,-0.0915,0.3034,0.2852,-0.2023,0.1807,1.0000,0.0000,1.0000,0.0000,1.7019,0.0967,-0.3797,1.3368,-1.2322,-1.2704,0.0041,0.0259,0.0510,0.0012,-0.0368,0.0136
1786060506.5546,1.6895,0.0632,-0.4165,1.3266,-1.1833,-1.2645,0.0122,0.0513,0.0941,0.0087,-0.0700,0.0147,0.0391,-0.2748,0.3684,0.3442,-0.1711,0.0795,1.0000,0.0000,1.0000,0.0000,1.7019,0.0967,-0.3797,1.3368,-1.2322,-1.2704,0.0041,0.0259,0.0510,0.0012,-0.0368,0.0136
1786060506.6049,1.6794,0.0802,-0.4056,1.3297,-1.1911,-1.2629,-0.0236,0.0879,0.1006,0.0161,-0.0715,0.0151,-0.0196,-0.3694,0.3632,0.3727,-0.1340,-0.0282,1.0000,0.0000,1.0000,0.0000,1.7027,0.1001,-0.3738,1.3375,-1.2355,-1.2697,0.0148,0.0456,0.0678,0.0119,-0.0318,0.0025
1786060506.6546,1.6794,0.0802,-0.4056,1.3297,-1.1911,-1.2629,-0.0236,0.0879,0.1006,0.0161,-0.0715,0.0151,-0.0773,-0.3449,0.2889,0.3684,-0.0920,-0.1337,1.0000,0.0000,1.0000,0.0000,1.7027,0.1001,-0.3738,1.3375,-1.2355,-1.2697,0.0148,0.0456,0.0678,0.0119,-0.0318,0.0025
1786060506.7099,1.6794,0.0802,-0.4056,1.3297,-1.1911,-1.2629,-0.0236,0.0879,0.1006,0.0161,-0.0715,0.0151,-0.1306,-0.2091,0.1597,0.3314,-0.0468,-0.2280,1.0000,0.0000,1.0000,0.0000,1.7029,0.1002,-0.3736,1.3376,-1.2353,-1.2696,0.0150,0.0456,0.0681,0.0119,-0.0316,0.0024
1786060506.7546,1.6742,0.0935,-0.3942,1.3311,-1.2015,-1.2612,-0.0316,0.0996,0.0986,0.0144,-0.0798,0.0151,-0.1768,-0.0059,-0.0000,0.2652,-0.0000,-0.3034,1.0000,1.0000,1.0000,0.0000,1.7055,0.1063,-0.3658,1.3390,-1.2396,-1.2697,0.0390,0.0708,0.0898,0.0166,-0.0537,0.0005
1786060506.8045,1.6742,0.0935,-0.3942,1.3311,-1.2015,-1.2612,-0.0316,0.0996,0.0986,0.0144,-0.0798,0.0151,-0.2132,0.1992,-0.1597,0.1755,0.0468,-0.3536,1.0000,1.0000,1.0000,0.0000,1.7105,0.1132,-0.3559,1.3407,-1.2476,-1.2688,0.0571,0.0642,0.1024,0.0165,-0.1019,0.0186
1786060506.8551,1.6742,0.0935,-0.3942,1.3311,-1.2015,-1.2612,-0.0316,0.0996,0.0986,0.0144,-0.0798,0.0151,-0.2378,0.3401,-0.2889,0.0703,0.0920,-0.3745,1.0000,1.0000,1.0000,0.0000,1.7105,0.1132,-0.3559,1.3407,-1.2476,-1.2688,0.0571,0.0642,0.1024,0.0165,-0.1019,0.0186
1786060506.9045,1.6741,0.1061,-0.3754,1.3346,-1.2164,-1.2606,-0.0132,0.0773,0.0958,0.0167,-0.0748,0.0080,-0.2492,0.3713,-0.3632,-0.0412,0.1340,-0.3644,1.0000,0.0000,1.0000,1.0000,1.7162,0.1185,-0.3455,1.3423,-1.2598,-1.2657,0.0535,0.0434,0.1043,0.0157,-0.1353,0.0377
1786060506.9545,1.6741,0.1061,-0.3756,1.3346,-1.2164,-1.2606,-0.0132,0.0773,0.0966,0.0168,-0.0748,0.0080,-0.2469,0.2827,-0.3684,-0.1489,0.1711,-0.3240,1.0000,0.0000,1.0000,0.0000,1.7162,0.1185,-0.3455,1.3423,-1.2598,-1.2657,0.0535,0.0434,0.1043,0.0157,-0.1353,0.0377
1786060507.0045,1.6741,0.1061,-0.3688,1.3361,-1.2164,-1.2606,-0.0132,0.0773,0.0910,0.0168,-0.0748,0.0080,-0.2310,0.1029,-0.3034,-0.2435,0.2023,-0.2567,1.0000,0.0000,1.0000,0.0000,1.7207,0.1219,-0.3355,1.3435,-1.2729,-1.2620,0.0378,0.0289,0.0953,0.0088,-0.1208,0.0327
1786060507.0546,1.6771,0.1088,-0.3684,1.3362,-1.2245,-1.2593,0.0002,0.0625,0.0892,0.0166,-0.0778,0.0100,-0.2023,-0.1100,-0.1807,-0.3166,0.2262,-0.1681,1.0000,1.0000,1.0000,1.0000,1.7207,0.1219,-0.3355,1.3435,-1.2729,-1.2620,0.0378,0.0289,0.0953,0.0088,-0.1208,0.0327
1786060507.1045,1.6810,0.1103,-0.3591,1.3358,-1.2371,-1.2563,0.0123,0.0485,0.0918,0.0104,-0.0942,0.0163,-0.1624,-0.2875,-0.0235,-0.3617,0.2421,-0.0656,1.0000,1.0000,1.0000,1.0000,1.7238,0.1246,-0.3274,1.3438,-1.2828,-1.2597,0.0283,0.0281,0.0684,-0.0023,-0.0816,0.0155
1786060507.1546,1.6810,0.1103,-0.3591,1.3358,-1.2371,-1.2563,0.0123,0.0485,0.0918,0.0104,-0.0942,0.0163,-0.1135,-0.3722,0.1380,-0.3748,0.2495,0.0423,1.0000,1.0000,1.0000,1.0000,1.7238,0.1246,-0.3274,1.3438,-1.2828,-1.2597,0.0283,0.0281,0.0684,-0.0023,-0.0816,0.0155
1786060507.2047,1.6810,0.1103,-0.3491,1.3324,-1.2371,-1.2563,0.0123,0.0485,0.0926,-0.0035,-0.0942,0.0163,-0.0584,-0.3369,0.2734,-0.3548,0.2480,0.1468,1.0000,0.0000,1.0000,0.0000,1.7268,0.1281,-0.3221,1.3430,-1.2898,-1.2588,0.0340,0.0409,0.0411,-0.0112,-0.0660,0.0059
1786060507.2546,1.6862,0.1116,-0.3494,1.3325,-1.2490,-1.2548,0.0246,0.0364,0.0924,-0.0032,-0.1003,0.0156,-0.0000,-0.1929,0.3566,-0.3034,0.2378,0.2390,1.0000,0.0000,1.0000,1.0000,1.7268,0.1281,-0.3221,1.3430,-1.2898,-1.2588,0.0340,0.0409,0.0411,-0.0112,-0.0660,0.0059
1786060507.3045,1.6914,0.1121,-0.3413,1.3309,-1.2579,-1.2531,0.0337,0.0275,0.0901,-0.0074,-0.0986,0.0164,0.0584,0.0133,0.3720,-0.2252,0.2191,0.3115,1.0000,1.0000,1.0000,1.0000,1.7311,0.1329,-0.3184,1.3418,-1.2974,-1.2583,0.0493,0.0526,0.0372,-0.0135,-0.0882,0.0055
1786060507.3547,1.6914,0.1121,-0.3413,1.3309,-1.2579,-1.2531,0.0337,0.0275,0.0901,-0.0074,-0.0986,0.0164,0.1135,0.2152,0.3166,-0.1270,0.1926,0.3581,1.0000,1.0000,1.0000,1.0000,1.7311,0.1329,-0.3184,1.3418,-1.2974,-1.2583,0.0493,0.0526,0.0372,-0.0135,-0.0882,0.0055
1786060507.4046,1.6914,0.1121,-0.3413,1.3309,-1.2579,-1.2531,0.0337,0.0275,0.0901,-0.0074,-0.0986,0.0164,0.1624,0.3477,0.2009,-0.0177,0.1594,0.3750,1.0000,1.0000,1.0000,1.0000,1.7367,0.1380,-0.3135,1.3407,-1.3081,-1.2573,0.0591,0.0463,0.0630,-0.0064,-0.1226,0.0152
1786060507.4547,1.6939,0.1182,-0.3352,1.3300,-1.2678,-1.2518,0.0308,0.0378,0.0743,-0.0071,-0.0985,0.0153,0.2023,0.3681,0.0470,0.0933,0.1204,0.3608,1.0000,0.0000,1.0000,0.0000,1.7367,0.1380,-0.3135,1.3407,-1.3081,-1.2573,0.0591,0.0463,0.0630,-0.0064,-0.1226,0.0152
1786060507.5045,1.6939,0.1182,-0.3304,1.3310,-1.2678,-1.2518,0.0308,0.0378,0.0691,-0.0021,-0.0985,0.0153,0.2310,0.2697,-0.1159,0.1959,0.0773,0.3166,1.0000,0.0000,1.0000,0.0000,1.7369,0.1380,-0.3133,1.3408,-1.3080,-1.2572,0.0590,0.0464,0.0629,-0.0064,-0.1227,0.0152
1786060507.5546,1.6954,0.1278,-0.3295,1.3311,-1.2797,-1.2513,0.0244,0.0540,0.0702,-0.0018,-0.0999,0.0112,0.2469,0.0843,-0.2567,0.2813,0.0313,0.2462,1.0000,1.0000,1.0000,1.0000,1.7423,0.1418,-0.3050,1.3409,-1.3215,-1.2550,0.0521,0.0323,0.1025,0.0077,-0.1377,0.0281
1786060507.6051,1.6985,0.1348,-0.3247,1.3330,-1.2896,-1.2492,0.0282,0.0630,0.0666,0.0047,-0.1068,0.0150,0.2492,-0.1282,-0.3487,0.3418,-0.0157,0.1554,1.0000,0.0000,1.0000,0.0000,1.7467,0.1444,-0.2931,1.3419,-1.3349,-1.2517,0.0355,0.0220,0.1284,0.0100,-0.1258,0.0352
1786060507.6546,1.6985,0.1348,-0.3247,1.3330,-1.2896,-1.2492,0.0282,0.0630,0.0666,0.0047,-0.1068,0.0150,0.2378,-0.2995,-0.3743,0.3720,-0.0622,0.0517,1.0000,0.0000,1.0000,0.0000,1.7467,0.1444,-0.2931,1.3419,-1.3349,-1.2517,0.0355,0.0220,0.1284,0.0100,-0.1258,0.0352
1786060507.7048,1.7028,0.1411,-0.3158,1.3328,-1.3032,-1.2470,0.0323,0.0614,0.0733,0.0024,-0.1135,0.0170,0.2132,-0.3741,-0.3286,0.3694,-0.1064,-0.0563,1.0000,1.0000,1.0000,1.0000,1.7468,0.1445,-0.2930,1.3420,-1.3347,-1.2516,0.0354,0.0220,0.1284,0.0100,-0.1259,0.0352
1786060507.7546,1.7028,0.1411,-0.3158,1.3328,-1.3032,-1.2470,0.0323,0.0614,0.0733,0.0024,-0.1135,0.0170,0.1768,-0.3280,-0.2204,0.3341,-0.1469,-0.1597,1.0000,1.0000,1.0000,1.0000,1.7494,0.1464,-0.2806,1.3425,-1.3451,-1.2484,0.0221,0.0199,0.1172,0.0012,-0.0783,0.0300
1786060507.8045,1.7057,0.1447,-0.3048,1.3335,-1.3108,-1.2457,0.0302,0.0518,0.0827,0.0039,-0.0985,0.0153,0.1306,-0.1762,-0.0703,0.2693,-0.1822,-0.2498,1.0000,1.0000,1.0000,1.0000,1.7496,0.1465,-0.2804,1.3425,-1.3449,-1.2484,0.0223,0.0198,0.1173,0.0011,-0.0782,0.0300
1786060507.8546,1.7057,0.1447,-0.3048,1.3335,-1.3108,-1.2457,0.0302,0.0518,0.0827,0.0039,-0.0985,0.0153,0.0773,0.0325,0.0933,0.1807,-0.2111,-0.3191,1.0000,1.0000,1.0000,1.0000,1.7514,0.1488,-0.2712,1.3424,-1.3495,-1.2457,0.0202,0.0284,0.0731,0.0005,-0.0198,0.0253
1786060507.9046,1.7057,0.1447,-0.3048,1.3335,-1.3108,-1.2457,0.0302,0.0518,0.0827,0.0039,-0.0985,0.0153,0.0196,0.2307,0.2390,0.0760,-0.2324,-0.3620,1.0000,1.0000,1.0000,1.0000,1.7514,0.1488,-0.2712,1.3424,-1.3495,-1.2457,0.0202,0.0284,0.0731,0.0005,-0.0198,0.0253
1786060507.9546,1.7096,0.1474,-0.2941,1.3344,-1.3173,-1.2426,0.0303,0.0392,0.0825,0.0051,-0.0786,0.0188,-0.0391,0.3545,0.3393,-0.0353,-0.2456,-0.3749,1.0000,1.0000,1.0000,1.0000,1.7536,0.1520,-0.2659,1.3427,-1.3503,-1.2434,0.0246,0.0326,0.0406,0.0048,-0.0076,0.0229
1786060508.0046,1.7096,0.1474,-0.2941,1.3344,-1.3173,-1.2426,0.0303,0.0392,0.0825,0.0051,-0.0786,0.0188,-0.0957,0.3639,0.3750,-0.1435,-0.2500,-0.3566,1.0000,1.0000,1.0000,1.0000,1.7536,0.1520,-0.2659,1.3427,-1.3503,-1.2434,0.0246,0.0326,0.0406,0.0048,-0.0076,0.0229
1786060508.0545,1.7143,0.1499,-0.2856,1.3366,-1.3207,-1.2407,0.0334,0.0323,0.0783,0.0101,-0.0599,0.0176,-0.1469,0.2560,0.3393,-0.2390,-0.2456,-0.3088,1.0000,1.0000,1.0000,1.0000,1.7569,0.1551,-0.2621,1.3438,-1.3501,-1.2433,0.0407,0.0286,0.0413,0.0154,-0.0076,0.0229
1786060508.1046,1.7143,0.1499,-0.2856,1.3366,-1.3207,-1.2407,0.0334,0.0323,0.0783,0.0101,-0.0599,0.0176,-0.1901,0.0655,0.2390,-0.3134,-0.2324,-0.2354,1.0000,1.0000,1.0000,1.0000,1.7569,0.1551,-0.2621,1.3438,-1.3522,-1.2414,0.0407,0.0286,0.0413,0.0154,-0.0293,0.0167
1786060508.1547,1.7177,0.1513,-0.2811,1.3378,-1.3207,-1.2407,0.0336,0.0265,0.0673,0.0105,-0.0599,0.0176,-0.2228,-0.1461,0.0933,-0.3601,-0.2111,-0.1424,1.0000,1.0000,1.0000,0.0000,1.7571,0.1551,-0.2620,1.3438,-1.3520,-1.2413,0.0405,0.0286,0.0411,0.0154,-0.0295,0.0167
1786060508.2046,1.7177,0.1513,-0.2811,1.3378,-1.3251,-1.2388,0.0336,0.0265,0.0673,0.0105,-0.0546,0.0181,-0.2431,-0.3106,-0.0703,-0.3750,-0.1822,-0.0376,1.0000,1.0000,1.0000,1.0000,1.7619,0.1577,-0.2558,1.3459,-1.3566,-1.2403,0.0558,0.0247,0.0884,0.0244,-0.0551,0.0052
1786060508.2545,1.7177,0.1513,-0.2757,1.3363,-1.3251,-1.2388,0.0336,0.0265,0.0628,0.0024,-0.0546,0.0181,-0.2500,-0.3749,-0.2204,-0.3566,-0.1469,0.0703,1.0000,0.0000,1.0000,0.0000,1.7621,0.1577,-0.2556,1.3460,-1.3564,-1.2402,0.0556,0.0247,0.0882,0.0245,-0.0553,0.0052
1786060508.3046,1.7219,0.1532,-0.2758,1.3362,-1.3309,-1.2354,0.0359,0.0236,0.0621,0.0023,-0.0550,0.0228,-0.2431,-0.3183,-0.3286,-0.3068,-0.1064,0.1723,1.0000,1.0000,1.0000,1.0000,1.7674,0.1603,-0.2432,1.3482,-1.3630,-1.2400,0.0517,0.0281,0.1526,0.0210,-0.0674,0.0027
1786060508.3545,1.7219,0.1532,-0.2715,1.3354,-1.3309,-1.2354,0.0359,0.0236,0.0555,-0.0009,-0.0550,0.0228,-0.2228,-0.1590,-0.3743,-0.2298,-0.0622,0.2601,1.0000,0.0000,1.0000,0.0000,1.7676,0.1603,-0.2430,1.3483,-1.3628,-1.2400,0.0518,0.0281,0.1526,0.0210,-0.0674,0.0027
1786060508.4046,1.7268,0.1551,-0.2716,1.3354,-1.3369,-1.2340,0.0395,0.0221,0.0552,-0.0009,-0.0562,0.0198,-0.1901,0.0516,-0.3487,-0.1326,-0.0157,0.3263,1.0000,1.0000,1.0000,1.0000,1.7716,0.1634,-0.2273,1.3494,-1.3697,-1.2392,0.0333,0.0329,0.1527,0.0058,-0.0652,0.0153
1786060508.4545,1.7268,0.1551,-0.2643,1.3332,-1.3369,-1.2340,0.0395,0.0221,0.0604,-0.0076,-0.0562,0.0198,-0.1469,0.2455,-0.2567,-0.0235,0.0313,0.3654,1.0000,0.0000,1.0000,0.0000,1.7718,0.1635,-0.2271,1.3495,-1.3695,-1.2391,0.0335,0.0328,0.1529,0.0058,-0.0650,0.0152
1786060508.5046,1.7312,0.1575,-0.2644,1.3332,-1.3431,-1.2319,0.0410,0.0225,0.0604,-0.0076,-0.0580,0.0202,-0.0957,0.3603,-0.1159,0.0875,0.0773,0.3743,1.0000,1.0000,1.0000,1.0000,1.7742,0.1665,-0.2151,1.3491,-1.3760,-1.2367,0.0224,0.0280,0.0959,-0.0090,-0.0628,0.0318
1786060508.5545,1.7312,0.1575,-0.2532,1.3339,-1.3431,-1.2319,0.0410,0.0225,0.0759,-0.0029,-0.0580,0.0202,-0.0391,0.3588,0.0470,0.1909,0.1204,0.3520,1.0000,0.0000,1.0000,0.0000,1.7744,0.1665,-0.2149,1.3491,-1.3758,-1.2367,0.0226,0.0280,0.0961,-0.0090,-0.0626,0.0318
1786060508.6045,1.7356,0.1598,-0.2533,1.3339,-1.3522,-1.2288,0.0417,0.0229,0.0761,-0.0029,-0.0681,0.0235,0.0196,0.2417,0.2009,0.2774,0.1594,0.3006,1.0000,1.0000,1.0000,1.0000,1.7766,0.1689,-0.2081,1.3481,-1.3827,-1.2328,0.0282,0.0206,0.0519,-0.0088,-0.0730,0.0428
1786060508.6545,1.7356,0.1598,-0.2417,1.3361,-1.3522,-1.2288,0.0417,0.0229,0.0887,0.0048,-0.0681,0.0235,0.0773,0.0465,0.3166,0.3393,0.1926,0.2242,1.0000,0.0000,1.0000,0.0000,1.7768,0.1689,-0.2079,1.3481,-1.3825,-1.2328,0.0281,0.0206,0.0518,-0.0087,-0.0731,0.0429
1786060508.7046,1.7389,0.1624,-0.2418,1.3361,-1.3611,-1.2265,0.0395,0.0238,0.0889,0.0048,-0.0752,0.0235,0.1306,-0.1636,0.3720,0.3713,0.2191,0.1292,1.0000,1.0000,1.0000,1.0000,1.7802,0.1708,-0.2038,1.3479,-1.3909,-1.2285,0.0424,0.0195,0.0411,0.0062,-0.0886,0.0419
1786060508.7545,1.7389,0.1624,-0.2418,1.3361,-1.3611,-1.2265,0.0395,0.0238,0.0889,0.0048,-0.0752,0.0235,0.1768,-0.3210,0.3566,0.3704,0.2378,0.0235,1.0000,1.0000,1.0000,1.0000,1.7804,0.1708,-0.2036,1.3480,-1.3907,-1.2285,0.0421,0.0195,0.0409,0.0062,-0.0888,0.0419
1786060508.8045,1.7431,0.1652,-0.2301,1.3400,-1.3695,-1.2229,0.0388,0.0244,0.0944,0.0152,-0.0753,0.0266,0.2132,-0.3748,0.2734,0.3368,0.2480,-0.0841,1.0000,1.0000,1.0000,1.0000,1.7850,0.1733,-0.1988,1.3495,-1.4001,-1.2250,0.0501,0.0325,0.0619,0.0236,-0.0933,0.0280
1786060508.8545,1.7431,0.1652,-0.2301,1.3400,-1.3695,-1.2229,0.0388,0.0244,0.0944,0.0152,-0.0753,0.0266,0.2378,-0.3078,0.1380,0.2734,0.2495,-0.1848,1.0000,1.0000,1.0000,1.0000,1.7852,0.1734,-0.1986,1.3496,-1.3999,-1.2250,0.0500,0.0325,0.0618,0.0237,-0.0934,0.0280
1786060508.9045,1.7431,0.1652,-0.2229,1.3439,-1.3765,-1.2202,0.0388,0.0244,0.0864,0.0226,-0.0728,0.0264,0.2492,-0.1414,-0.0235,0.1858,0.2421,-0.2701,1.0000,0.0000,1.0000,1.0000,1.7897,0.1776,-0.1904,1.3525,-1.4091,-1.2229,0.0416,0.0503,0.1032,0.0332,-0.0878,0.0165
1786060508.9545,1.7431,0.1652,-0.2229,1.3439,-1.3765,-1.2202,0.0388,0.0244,0.0864,0.0226,-0.0728,0.0264,0.2469,0.0705,-0.1807,0.0818,0.2262,-0.3331,1.0000,0.0000,1.0000,1.0000,1.7898,0.1777,-0.1902,1.3526,-1.4090,-1.2229,0.0417,0.0503,0.1034,0.0332,-0.0877,0.0164
1786060509.0045,1.7431,0.1652,-0.2168,1.3458,-1.3838,-1.2182,0.0388,0.0244,0.0788,0.0213,-0.0731,0.0243,0.2310,0.2597,-0.3034,-0.0294,0.2023,-0.3684,1.0000,0.0000,1.0000,1.0000,1.7931,0.1827,-0.1781,1.3557,-1.4177,-1.2212,0.0289,0.0472,0.1324,0.0292,-0.0851,0.0214
1786060509.0549,1.7431,0.1652,-0.2168,1.3458,-1.3838,-1.2182,0.0388,0.0244,0.0788,0.0213,-0.0731,0.0243,0.2023,0.3651,-0.3684,-0.1380,0.1711,-0.3731,1.0000,0.0000,1.0000,1.0000,1.7933,0.1828,-0.1779,1.3558,-1.4175,-1.2211,0.0291,0.0472,0.1326,0.0292,-0.0849,0.0214
1786060509.1046,1.7431,0.1652,-0.2099,1.3495,-1.3899,-1.2167,0.0388,0.0244,0.0771,0.0268,-0.0705,0.0219,0.1624,0.3528,-0.3632,-0.2345,0.1340,-0.3469,1.0000,0.0000,1.0000,1.0000,1.7956,0.1865,-0.1651,1.3578,-1.4265,-1.2183,0.0232,0.0301,0.1220,0.0143,-0.0935,0.0351
1786060509.1545,1.7431,0.1652,-0.2099,1.3495,-1.3899,-1.2167,0.0388,0.0244,0.0771,0.0268,-0.0705,0.0219,0.1135,0.2267,-0.2889,-0.3102,0.0920,-0.2919,1.0000,0.0000,1.0000,1.0000,1.7978,0.1888,-0.1550,1.3585,-1.4367,-1.2145,0.0197,0.0194,0.0832,0.0033,-0.1074,0.0377
1786060509.2045,1.7431,0.1652,-0.2063,1.3518,-1.3981,-1.2153,0.0388,0.0244,0.0659,0.0261,-0.0756,0.0198,0.0584,0.0274,-0.1597,-0.3584,0.0468,-0.2127,1.0000,0.0000,1.0000,1.0000,1.7978,0.1888,-0.1550,1.3585,-1.4367,-1.2145,0.0197,0.0194,0.0832,0.0033,-0.1074,0.0377
1786060509.2545,1.7431,0.1652,-0.1963,1.3504,-1.4025,-1.2143,0.0388,0.0244,0.0803,0.0150,-0.0744,0.0192,0.0000,-0.1807,0.0000,-0.3750,0.0000,-0.1159,1.0000,0.0000,1.0000,0.0000,1.7996,0.1910,-0.1488,1.3588,-1.4476,-1.2112,0.0180,0.0271,0.0449,0.0043,-0.1081,0.0278
1786060509.3045,1.7431,0.1652,-0.1905,1.3492,-1.4053,-1.2116,0.0388,0.0244,0.0819,0.0084,-0.0670,0.0236,-0.0584,-0.3305,0.1597,-0.3584,-0.0468,-0.0094,1.0000,0.0000,1.0000,0.0000,1.8016,0.1951,-0.1455,1.3596,-1.4574,-1.2088,0.0233,0.0546,0.0288,0.0100,-0.0856,0.0230
1786060509.3546,1.7431,0.1652,-0.1905,1.3492,-1.4053,-1.2116,0.0388,0.0244,0.0819,0.0084,-0.0670,0.0236,-0.1135,-0.3737,0.2889,-0.3102,-0.0920,0.0978,1.0000,0.0000,1.0000,0.0000,1.8016,0.1951,-0.1455,1.3596,-1.4574,-1.2088,0.0233,0.0546,0.0288,0.0100,-0.0856,0.0230
1786060509.4045,1.7702,0.1953,-0.1801,1.3477,-1.4103,-1.2077,0.0468,0.0636,0.0923,0.0016,-0.0624,0.0288,-0.1624,-0.2964,0.3632,-0.2345,-0.1340,0.1969,1.0000,1.0000,1.0000,1.0000,1.8045,0.2022,-0.1419,1.3608,-1.4640,-1.2064,0.0335,0.0821,0.0460,0.0125,-0.0510,0.0259
1786060509.4545,1.7702,0.1953,-0.1801,1.3477,-1.4103,-1.2077,0.0468,0.0636,0.0923,0.0016,-0.0624,0.0288,-0.2023,-0.1235,0.3684,-0.1380,-0.1711,0.2797,1.0000,1.0000,1.0000,1.0000,1.8045,0.2022,-0.1419,1.3608,-1.4640,-1.2064,0.0335,0.0821,0.0460,0.0125,-0.0510,0.0259
1786060509.5045,1.7737,0.1993,-0.1705,1.3502,-1.4189,-1.2038,0.0438,0.0570,0.0935,0.0085,-0.0704,0.0320,-0.2310,0.0893,0.3034,-0.0294,-0.2023,0.3393,1.0000,0.0000,1.0000,0.0000,1.8083,0.2102,-0.1354,1.3621,-1.4677,-1.2035,0.0392,0.0724,0.0800,0.0129,-0.0275,0.0315
1786060509.5545,1.7737,0.1993,-0.1705,1.3503,-1.4189,-1.2038,0.0438,0.0570,0.0940,0.0090,-0.0704,0.0320,-0.2469,0.2732,0.1807,0.0818,-0.2262,0.3707,1.0000,0.0000,1.0000,0.0000,1.8083,0.2102,-0.1354,1.3621,-1.4677,-1.2035,0.0392,0.0724,0.0800,0.0129,-0.0275,0.0315
1786060509.6045,1.7806,0.2032,-0.1585,1.3527,-1.4266,-1.2007,0.0525,0.0517,0.1033,0.0140,-0.0731,0.0320,-0.2492,0.3690,0.0235,0.1858,-0.2421,0.3714,1.0000,0.0000,1.0000,0.0000,1.8120,0.2156,-0.1259,1.3633,-1.4702,-1.2001,0.0345,0.0387,0.1042,0.0111,-0.0258,0.0348
1786060509.6545,1.7806,0.2032,-0.1585,1.3527,-1.4266,-1.2007,0.0525,0.0517,0.1033,0.0140,-0.0731,0.0320,-0.2378,0.3458,-0.1380,0.2734,-0.2495,0.3413,1.0000,0.0000,1.0000,0.0000,1.8120,0.2156,-0.1259,1.3633,-1.4702,-1.2001,0.0345,0.0387,0.1042,0.0111,-0.0258,0.0348
1786060509.7045,1.7859,0.2059,-0.1440,1.3558,-1.4375,-1.1981,0.0518,0.0425,0.1141,0.0190,-0.0832,0.0298,-0.2132,0.2111,-0.2734,0.3368,-0.2480,0.2828,1.0000,0.0000,1.0000,0.0000,1.8149,0.2183,-0.1151,1.3640,-1.4733,-1.1965,0.0255,0.0209,0.1078,0.0026,-0.0356,0.0365
1786060509.7545,1.7859,0.2059,-0.1440,1.3558,-1.4375,-1.1981,0.0518,0.0425,0.1141,0.0190,-0.0832,0.0298,-0.1768,0.0082,-0.3566,0.3704,-0.2378,0.2009,1.0000,0.0000,1.0000,0.0000,1.8149,0.2183,-0.1151,1.3640,-1.4733,-1.1965,0.0255,0.0209,0.1078,0.0026,-0.0356,0.0365
1786060509.8046,1.7891,0.2081,-0.1339,1.3584,-1.4472,-1.1953,0.0458,0.0365,0.1115,0.0211,-0.0887,0.0296,-0.1306,-0.1972,-0.3720,0.3713,-0.2191,0.1024,1.0000,1.0000,1.0000,1.0000,1.8171,0.2208,-0.1050,1.3639,-1.4774,-1.1929,0.0196,0.0330,0.0938,-0.0010,-0.0446,0.0344
1786060509.8546,1.7891,0.2081,-0.1339,1.3584,-1.4472,-1.1953,0.0458,0.0365,0.1115,0.0211,-0.0887,0.0296,-0.0773,-0.3391,-0.3166,0.3393,-0.1926,-0.0047,1.0000,1.0000,1.0000,1.0000,1.8171,0.2208,-0.1050,1.3639,-1.4774,-1.1929,0.0196,0.0330,0.0938,-0.0010,-0.0446,0.0344
1786060509.9048,1.7891,0.2081,-0.1220,1.3568,-1.4472,-1.1953,0.0458,0.0365,0.1138,0.0099,-0.0887,0.0296,-0.0196,-0.3716,-0.2009,0.2774,-0.1594,-0.1114,1.0000,0.0000,1.0000,0.0000,1.8173,0.2209,-0.1048,1.3640,-1.4772,-1.1929,0.0195,0.0331,0.0937,-0.0010,-0.0447,0.0344
1786060509.9547,1.7916,0.2098,-0.1213,1.3568,-1.4582,-1.1919,0.0374,0.0287,0.1114,0.0089,-0.0915,0.0296,0.0391,-0.2842,-0.0470,0.1909,-0.1204,-0.2088,1.0000,1.0000,1.0000,1.0000,1.8192,0.2260,-0.0969,1.3642,-1.4823,-1.1899,0.0237,0.0687,0.0700,0.0070,-0.0523,0.0269
1786060510.0060,1.7950,0.2121,-0.1118,1.3527,-1.4653,-1.1901,0.0379,0.0279,0.1096,-0.0063,-0.0886,0.0273,0.0957,-0.1052,0.1159,0.0875,-0.0773,-0.2889,1.0000,0.0000,1.0000,0.0000,1.8219,0.2341,-0.0913,1.3653,-1.4880,-1.1872,0.0292,0.0846,0.0463,0.0136,-0.0620,0.0295
1786060510.0547,1.7950,0.2121,-0.1118,1.3527,-1.4653,-1.1901,0.0379,0.0279,0.1096,-0.0063,-0.0886,0.0273,0.1469,0.1078,0.2567,-0.0235,-0.0313,-0.3451,1.0000,0.0000,1.0000,0.0000,1.8219,0.2341,-0.0913,1.3653,-1.4880,-1.1872,0.0292,0.0846,0.0463,0.0136,-0.0620,0.0295
1786060510.1046,1.7953,0.2158,-0.1046,1.3508,-1.4712,-1.1879,0.0281,0.0319,0.0997,-0.0104,-0.0820,0.0262,0.1901,0.2860,0.3487,-0.1326,0.0157,-0.3726,1.0000,0.0000,1.0000,0.0000,1.8249,0.2417,-0.0871,1.3669,-1.4950,-1.1835,0.0288,0.0652,0.0429,0.0163,-0.0774,0.0437
1786060510.1546,1.7953,0.2158,-0.1046,1.3508,-1.4712,-1.1879,0.0281,0.0319,0.0997,-0.0104,-0.0820,0.0262,0.2228,0.3720,0.3743,-0.2298,0.0622,-0.3692,1.0000,0.0000,1.0000,0.0000,1.8249,0.2417,-0.0871,1.3669,-1.4950,-1.1835,0.0288,0.0652,0.0429,0.0163,-0.0774,0.0437
1786060510.2045,1.7953,0.2158,-0.1046,1.3508,-1.4712,-1.1879,0.0281,0.0319,0.0997,-0.0104,-0.0820,0.0262,0.2431,0.3379,0.3286,-0.3068,0.1064,-0.3352,1.0000,0.0000,1.0000,0.0000,1.8276,0.2469,-0.0817,1.3687,-1.5037,-1.1788,0.0248,0.0425,0.0657,0.0181,-0.0940,0.0476
1786060510.2546,1.7992,0.2216,-0.0957,1.3480,-1.4791,-1.1844,0.0285,0.0368,0.0897,-0.0150,-0.0729,0.0265,0.2500,0.1949,0.2204,-0.3566,0.1469,-0.2734,1.0000,1.0000,1.0000,1.0000,1.8276,0.2469,-0.0817,1.3687,-1.5037,-1.1788,0.0248,0.0425,0.0657,0.0181,-0.0940,0.0476
1786060510.3045,1.8004,0.2263,-0.0926,1.3476,-1.4833,-1.1826,0.0245,0.0415,0.0735,-0.0121,-0.0658,0.0247,0.2431,-0.0110,0.0703,-0.3750,0.1822,-0.1889,1.0000,1.0000,1.0000,1.0000,1.8298,0.2503,-0.0730,1.3704,-1.5135,-1.1747,0.0200,0.0295,0.1066,0.0157,-0.1005,0.0326
1786060510.3546,1.8004,0.2263,-0.0922,1.3476,-1.4833,-1.1826,0.0245,0.0415,0.0716,-0.0113,-0.0658,0.0247,0.2228,-0.2133,-0.0933,-0.3601,0.2111,-0.0887,1.0000,0.0000,1.0000,0.0000,1.8298,0.2503,-0.0730,1.3704,-1.5135,-1.1747,0.0200,0.0295,0.1066,0.0157,-0.1005,0.0326
1786060510.4065,1.8004,0.2263,-0.0922,1.3476,-1.4833,-1.1826,0.0245,0.0415,0.0716,-0.0113,-0.0658,0.0247,0.1901,-0.3469,-0.2390,-0.3134,0.2324,0.0188,1.0000,0.0000,1.0000,0.0000,1.8298,0.2503,-0.0730,1.3704,-1.5135,-1.1747,0.0200,0.0295,0.1066,0.0157,-0.1005,0.0326
1786060510.4548,1.8017,0.2317,-0.0854,1.3494,-1.4877,-1.1799,0.0206,0.0452,0.0691,-0.0022,-0.0588,0.0255,0.1469,-0.3685,-0.3393,-0.2390,0.2456,0.1248,1.0000,0.0000,1.0000,0.0000,1.8316,0.2534,-0.0601,1.3714,-1.5234,-1.1722,0.0153,0.0362,0.1427,0.0052,-0.0941,0.0214
1786060510.5045,1.8032,0.2369,-0.0802,1.3534,-1.4930,-1.1762,0.0193,0.0479,0.0675,0.0111,-0.0578,0.0294,0.0957,-0.2713,-0.3750,-0.1435,0.2500,0.2204,1.0000,1.0000,1.0000,1.0000,1.8328,0.2586,-0.0459,1.3714,-1.5325,-1.1701,0.0102,0.0670,0.1358,-0.0015,-0.0894,0.0229
1786060510.5546,1.8032,0.2369,-0.0802,1.3534,-1.4930,-1.1762,0.0193,0.0479,0.0675,0.0111,-0.0578,0.0294,0.0391,-0.0866,-0.3393,-0.0353,0.2456,0.2977,1.0000,1.0000,1.0000,1.0000,1.8328,0.2586,-0.0459,1.3714,-1.5325,-1.1701,0.0102,0.0670,0.1358,-0.0015,-0.0894,0.0229
1786060510.6051,1.8032,0.2369,-0.0757,1.3590,-1.4930,-1.1762,0.0193,0.0479,0.0612,0.0251,-0.0578,0.0294,-0.0196,0.1260,-0.2390,0.0760,0.2324,0.3504,1.0000,0.0000,1.0000,0.0000,1.8337,0.2666,-0.0345,1.3714,-1.5418,-1.1673,0.0093,0.0837,0.0936,0.0035,-0.0982,0.0318
1786060510.6546,1.8045,0.2419,-0.0756,1.3591,-1.4987,-1.1725,0.0171,0.0482,0.0603,0.0253,-0.0570,0.0314,-0.0773,0.2980,-0.0933,0.1807,0.2111,0.3739,1.0000,1.0000,1.0000,1.0000,1.8337,0.2666,-0.0345,1.3714,-1.5418,-1.1673,0.0093,0.0837,0.0936,0.0035,-0.0982,0.0318
1786060510.7054,1.8045,0.2419,-0.0680,1.3617,-1.4987,-1.1725,0.0171,0.0482,0.0654,0.0251,-0.0570,0.0314,-0.1306,0.3739,0.0703,0.2693,0.1822,0.3665,1.0000,0.0000,1.0000,0.0000,1.8352,0.2738,-0.0276,1.3723,-1.5525,-1.1636,0.0213,0.0596,0.0529,0.0147,-0.1134,0.0408
1786060510.7546,1.8090,0.2468,-0.0680,1.3616,-1.5049,-1.1685,0.0258,0.0480,0.0646,0.0252,-0.0580,0.0338,-0.1768,0.3292,0.2204,0.3341,0.1469,0.3286,1.0000,1.0000,1.0000,1.0000,1.8352,0.2738,-0.0276,1.3723,-1.5525,-1.1636,0.0213,0.0596,0.0529,0.0147,-0.1134,0.0408
1786060510.8055,1.8072,0.2547,-0.0600,1.3647,-1.5049,-1.1685,0.0124,0.0583,0.0699,0.0271,-0.0580,0.0338,-0.2132,0.1783,0.3286,0.3694,0.1064,0.2635,1.0000,1.0000,1.0000,0.0000,1.8386,0.2780,-0.0231,1.3742,-1.5644,-1.1592,0.0444,0.0293,0.0414,0.0214,-0.1221,0.0464
1786060510.8547,1.8072,0.2547,-0.0600,1.3647,-1.5118,-1.1641,0.0124,0.0583,0.0699,0.0271,-0.0621,0.0373,-0.2378,-0.0301,0.3743,0.3720,0.0622,0.1765,1.0000,1.0000,1.0000,1.0000,1.8386,0.2780,-0.0231,1.3742,-1.5644,-1.1592,0.0444,0.0293,0.0414,0.0214,-0.1221,0.0464
1786060510.9046,1.8113,0.2622,-0.0502,1.3679,-1.5195,-1.1609,0.0214,0.0636,0.0788,0.0287,-0.0669,0.0356,-0.2492,-0.2288,0.3487,0.3418,0.0157,0.0749,1.0000,1.0000,1.0000,1.0000,1.8439,0.2803,-0.0181,1.3764,-1.5766,-1.1546,0.0571,0.0210,0.0626,0.0205,-0.1187,0.0421
1786060510.9546,1.8113,0.2622,-0.0502,1.3679,-1.5195,-1.1609,0.0214,0.0636,0.0788,0.0287,-0.0669,0.0356,-0.2469,-0.3537,0.2567,0.2813,-0.0313,-0.0329,1.0000,1.0000,1.0000,1.0000,1.8439,0.2803,-0.0181,1.3764,-1.5766,-1.1546,0.0571,0.0210,0.0626,0.0205,-0.1187,0.0421
1786060511.0060,1.8166,0.2669,-0.0437,1.3684,-1.5271,-1.1571,0.0317,0.0599,0.0766,0.0221,-0.0714,0.0376,-0.2310,-0.3645,0.1159,0.1959,-0.0773,-0.1380,1.0000,0.0000,1.0000,1.0000,1.8489,0.2835,-0.0096,1.3783,-1.5871,-1.1512,0.0411,0.0465,0.1059,0.0176,-0.0908,0.0283
1786060511.0546,1.8166,0.2669,-0.0433,1.3686,-1.5271,-1.1571,0.0317,0.0599,0.0751,0.0212,-0.0714,0.0376,-0.2023,-0.2577,-0.0470,0.0933,-0.1204,-0.2317,1.0000,0.0000,1.0000,0.0000,1.8489,0.2835,-0.0096,1.3783,-1.5871,-1.1512,0.0411,0.0465,0.1059,0.0176,-0.0908,0.0283
1786060511.1054,1.8166,0.2669,-0.0353,1.3679,-1.5271,-1.1571,0.0317,0.0599,0.0764,0.0126,-0.0714,0.0376,-0.1624,-0.0678,-0.2009,-0.0177,-0.1594,-0.3061,1.0000,0.0000,1.0000,0.0000,1.8516,0.2905,0.0033,1.3798,-1.5939,-1.1489,0.0162,0.0888,0.1418,0.0126,-0.0487,0.0209
1786060511.1545,1.8221,0.2719,-0.0350,1.3679,-1.5396,-1.1511,0.0376,0.0543,0.0767,0.0125,-0.0854,0.0431,-0.1135,0.1439,-0.3166,-0.1270,-0.1926,-0.3552,1.0000,1.0000,1.0000,1.0000,1.8516,0.2905,0.0033,1.3798,-1.5939,-1.1489,0.0162,0.0888,0.1418,0.0126,-0.0487,0.0209
1786060511.2045,1.8258,0.2767,-0.0280,1.3626,-1.5486,-1.1474,0.0382,0.0535,0.0763,-0.0078,-0.0885,0.0420,-0.0584,0.3093,-0.3720,-0.2252,-0.2191,-0.3747,1.0000,1.0000,1.0000,1.0000,1.8527,0.3001,0.0175,1.3805,-1.5971,-1.1465,0.0096,0.0934,0.1377,0.0042,-0.0208,0.0292
1786060511.2546,1.8258,0.2767,-0.0280,1.3626,-1.5486,-1.1474,0.0382,0.0535,0.0763,-0.0078,-0.0885,0.0420,-0.0000,0.3749,-0.3566,-0.3034,-0.2378,-0.3632,1.0000,1.0000,1.0000,1.0000,1.8527,0.3001,0.0175,1.3805,-1.5971,-1.1465,0.0096,0.0934,0.1377,0.0042,-0.0208,0.0292
1786060511.3046,1.8280,0.2821,-0.0230,1.3598,-1.5566,-1.1441,0.0332,0.0535,0.0680,-0.0140,-0.0856,0.0390,0.0584,0.3196,-0.2734,-0.3548,-0.2480,-0.3216,1.0000,1.0000,1.0000,1.0000,1.8543,0.3076,0.0293,1.3807,-1.5990,-1.1428,0.0245,0.0589,0.0983,0.0028,-0.0238,0.0416
1786060511.3546,1.8280,0.2821,-0.0230,1.3598,-1.5566,-1.1441,0.0332,0.0535,0.0680,-0.0140,-0.0856,0.0390,0.1135,0.1612,-0.1380,-0.3748,-0.2495,-0.2532,1.0000,1.0000,1.0000,1.0000,1.8543,0.3076,0.0293,1.3807,-1.5990,-1.1428,0.0245,0.0589,0.0983,0.0028,-0.0238,0.0416
1786060511.4059,1.8317,0.2861,-0.0130,1.3607,-1.5657,-1.1406,0.0344,0.0497,0.0783,-0.0067,-0.0877,0.0379,0.1624,-0.0492,0.0235,-0.3617,-0.2421,-0.1639,1.0000,1.0000,1.0000,1.0000,1.8580,0.3117,0.0365,1.3813,-1.6026,-1.1388,0.0474,0.0294,0.0516,0.0076,-0.0455,0.0362
1786060511.4546,1.8317,0.2861,-0.0130,1.3607,-1.5657,-1.1406,0.0344,0.0497,0.0783,-0.0067,-0.0877,0.0379,0.2023,-0.2437,0.1807,-0.3166,-0.2262,-0.0610,1.0000,1.0000,1.0000,1.0000,1.8580,0.3117,0.0365,1.3813,-1.6026,-1.1388,0.0474,0.0294,0.0516,0.0076,-0.0455,0.0362
1786060511.5045,1.8313,0.2922,-0.0130,1.3607,-1.5657,-1.1406,0.0217,0.0518,0.0783,-0.0067,-0.0877,0.0379,0.2310,-0.3596,0.3034,-0.2435,-0.2023,0.0470,1.0000,1.0000,1.0000,1.0000,1.8636,0.3142,0.0402,1.3821,-1.6080,-1.1359,0.0602,0.0260,0.0295,0.0065,-0.0585,0.0247
1786060511.5632,1.8313,0.2922,-0.0130,1.3607,-1.5657,-1.1406,0.0217,0.0518,0.0783,-0.0067,-0.0877,0.0379,0.2469,-0.3595,0.3684,-0.1489,-0.1711,0.1511,1.0000,1.0000,1.0000,1.0000,1.8636,0.3142,0.0402,1.3821,-1.6080,-1.1359,0.0602,0.0260,0.0295,0.0065,-0.0585,0.0247
1786060511.6050,1.8313,0.2922,0.0029,1.3668,-1.5713,-1.1376,0.0217,0.0518,0.0772,0.0138,-0.0754,0.0343,0.2492,-0.2435,0.3632,-0.0412,-0.1340,0.2426,1.0000,0.0000,1.0000,0.0000,1.8691,0.3185,0.0436,1.3824,-1.6139,-1.1336,0.0483,0.0617,0.0443,0.0005,-0.0560,0.0215
1786060511.6563,1.8330,0.2976,0.0029,1.3668,-1.5713,-1.1376,0.0197,0.0516,0.0772,0.0138,-0.0754,0.0343,0.2378,-0.0489,0.2889,0.0703,-0.0920,0.3141,1.0000,1.0000,1.0000,0.0000,1.8691,0.3185,0.0436,1.3824,-1.6139,-1.1336,0.0483,0.0617,0.0443,0.0005,-0.0560,0.0215
1786060511.7145,1.8330,0.2976,0.0030,1.3667,-1.5773,-1.1339,0.0197,0.0516,0.0773,0.0138,-0.0691,0.0346,0.2132,0.1615,0.1597,0.1755,-0.0468,0.3594,1.0000,1.0000,1.0000,1.0000,1.8726,0.3268,0.0504,1.3824,-1.6192,-1.1313,0.0231,0.0955,0.0912,-0.0023,-0.0515,0.0262
1786060511.7545,1.8370,0.3012,0.0098,1.3708,-1.5863,-1.1307,0.0258,0.0457,0.0730,0.0218,-0.0746,0.0333,0.1768,0.3197,0.0000,0.2652,-0.0000,0.3750,1.0000,1.0000,1.0000,1.0000,1.8726,0.3268,0.0504,1.3824,-1.6192,-1.1313,0.0231,0.0955,0.0912,-0.0023,-0.0515,0.0262
1786060511.8046,1.8423,0.3045,0.0189,1.3736,-1.5917,-1.1296,0.0361,0.0452,0.0829,0.0251,-0.0737,0.0288,0.1306,0.3749,-0.1597,0.3314,0.0468,0.3594,1.0000,0.0000,1.0000,1.0000,1.8739,0.3360,0.0624,1.3819,-1.6247,-1.1280,0.0066,0.0848,0.1392,-0.0068,-0.0603,0.0390
1786060511.8546,1.8423,0.3045,0.0189,1.3736,-1.5917,-1.1296,0.0361,0.0452,0.0829,0.0251,-0.0737,0.0288,0.0773,0.3091,-0.2889,0.3684,0.0920,0.3141,1.0000,0.0000,1.0000,1.0000,1.8739,0.3360,0.0624,1.3819,-1.6247,-1.1280,0.0066,0.0848,0.1392,-0.0068,-0.0603,0.0390
1786060511.9046,1.8440,0.3106,0.0357,1.3763,-1.5985,-1.1266,0.0289,0.0488,0.1080,0.0253,-0.0695,0.0281,0.0196,0.1436,-0.3632,0.3727,0.1340,0.2426,1.0000,1.0000,1.0000,1.0000,1.8742,0.3430,0.0771,1.3810,-1.6320,-1.1234,0.0024,0.0567,0.1454,-0.0087,-0.0853,0.0508
1786060511.9546,1.8440,0.3106,0.0357,1.3763,-1.5985,-1.1266,0.0289,0.0488,0.1080,0.0253,-0.0695,0.0281,-0.0391,-0.0682,-0.3684,0.3442,0.1711,0.1511,1.0000,1.0000,1.0000,1.0000,1.8742,0.3430,0.0771,1.3810,-1.6320,-1.1234,0.0024,0.0567,0.1454,-0.0087,-0.0853,0.0508
1786060512.0069,1.8440,0.3106,0.0458,1.3777,-1.5985,-1.1266,0.0289,0.0488,0.1035,0.0210,-0.0695,0.0281,-0.0957,-0.2580,-0.3034,0.2852,0.2023,0.0470,1.0000,0.0000,1.0000,0.0000,1.8744,0.3430,0.0773,1.3811,-1.6318,-1.1234,0.0022,0.0568,0.1453,-0.0087,-0.0855,0.0508
1786060512.0625,1.8440,0.3106,0.0458,1.3777,-1.5985,-1.1266,0.0289,0.0488,0.1035,0.0210,-0.0695,0.0281,-0.1469,-0.3646,-0.1807,0.2009,0.2262,-0.0610,1.0000,0.0000,1.0000,0.0000,1.8744,0.3430,0.0773,1.3811,-1.6318,-1.1234,0.0022,0.0568,0.1453,-0.0087,-0.0855,0.0508
1786060512.1046,1.8491,0.3169,0.0462,1.3778,-1.6096,-1.1238,0.0348,0.0512,0.1030,0.0209,-0.0798,0.0272,-0.1901,-0.3536,-0.0235,0.0990,0.2421,-0.1639,1.0000,1.0000,1.0000,1.0000,1.8755,0.3478,0.0895,1.3807,-1.6418,-1.1181,0.0208,0.0437,0.1000,0.0009,-0.1111,0.0514
1786060512.1546,1.8522,0.3230,0.0609,1.3772,-1.6182,-1.1203,0.0323,0.0526,0.1128,0.0117,-0.0787,0.0284,-0.2228,-0.2285,0.1380,-0.0118,0.2495,-0.2532,1.0000,1.0000,1.0000,1.0000,1.8791,0.3529,0.0965,1.3814,-1.6532,-1.1137,0.0517,0.0625,0.0493,0.0118,-0.1103,0.0377
1786060512.2046,1.8522,0.3230,0.0677,1.3763,-1.6182,-1.1203,0.0323,0.0526,0.1037,0.0059,-0.0787,0.0284,-0.2431,-0.0298,0.2734,-0.1215,0.2480,-0.3216,1.0000,0.0000,1.0000,0.0000,1.8793,0.3529,0.0967,1.3814,-1.6531,-1.1137,0.0517,0.0625,0.0493,0.0118,-0.1104,0.0378
1786060512.2546,1.8553,0.3290,0.0678,1.3763,-1.6274,-1.1164,0.0329,0.0564,0.1027,0.0058,-0.0854,0.0329,-0.2500,0.1786,0.3566,-0.2204,0.2378,-0.3632,1.0000,1.0000,1.0000,1.0000,1.8850,0.3608,0.1000,1.3827,-1.6633,-1.1107,0.0597,0.0903,0.0274,0.0121,-0.0935,0.0256
1786060512.3046,1.8629,0.3346,0.0739,1.3771,-1.6356,-1.1131,0.0491,0.0606,0.0972,0.0067,-0.0906,0.0352,-0.2431,0.3294,0.3720,-0.2999,0.2191,-0.3747,1.0000,1.0000,1.0000,1.0000,1.8899,0.3698,0.1032,1.3836,-1.6721,-1.1083,0.0398,0.0867,0.0430,0.0045,-0.0872,0.0239
1786060512.3546,1.8629,0.3346,0.0739,1.3771,-1.6356,-1.1131,0.0491,0.0606,0.0972,0.0067,-0.0906,0.0352,-0.2228,0.3739,0.3166,-0.3528,0.1926,-0.3552,1.0000,1.0000,1.0000,1.0000,1.8899,0.3698,0.1032,1.3836,-1.6721,-1.1083,0.0398,0.0867,0.0430,0.0045,-0.0872,0.0239
1786060512.4046,1.8664,0.3420,0.0820,1.3787,-1.6436,-1.1095,0.0447,0.0649,0.0916,0.0096,-0.0878,0.0357,-0.1901,0.2978,0.2009,-0.3746,0.1594,-0.3061,1.0000,0.0000,1.0000,0.0000,1.8928,0.3775,0.1099,1.3834,-1.6814,-1.1057,0.0206,0.0672,0.0888,-0.0077,-0.0996,0.0288
1786060512.4546,1.8664,0.3420,0.0820,1.3787,-1.6436,-1.1095,0.0447,0.0649,0.0916,0.0096,-0.0878,0.0357,-0.1469,0.1257,0.0470,-0.3632,0.1204,-0.2317,1.0000,0.0000,1.0000,0.0000,1.8928,0.3775,0.1099,1.3834,-1.6814,-1.1057,0.0206,0.0672,0.0888,-0.0077,-0.0996,0.0288
1786060512.5046,1.8741,0.3493,0.0861,1.3797,-1.6501,-1.1067,0.0543,0.0666,0.0746,0.0098,-0.0796,0.0327,-0.0957,-0.0870,-0.1159,-0.3197,0.0773,-0.1380,1.0000,1.0000,1.0000,0.0000,1.8945,0.3834,0.1215,1.3819,-1.6924,-1.1026,0.0164,0.0555,0.1354,-0.0185,-0.1182,0.0306
1786060512.5546,1.8741,0.3493,0.0861,1.3797,-1.6501,-1.1067,0.0543,0.0666,0.0746,0.0098,-0.0796,0.0327,-0.0391,-0.2716,-0.2567,-0.2480,0.0313,-0.0329,1.0000,1.0000,1.0000,0.0000,1.8945,0.3834,0.1215,1.3819,-1.6924,-1.1026,0.0164,0.0555,0.1354,-0.0185,-0.1182,0.0306
1786060512.6045,1.8738,0.3587,0.0980,1.3816,-1.6556,-1.1045,0.0339,0.0723,0.0858,0.0123,-0.0684,0.0279,0.0196,-0.3686,-0.3487,-0.1543,-0.0157,0.0749,1.0000,1.0000,1.0000,1.0000,1.8966,0.3894,0.1358,1.3798,-1.7046,-1.0997,0.0274,0.0669,0.1423,-0.0214,-0.1215,0.0285
1786060512.6546,1.8738,0.3587,0.0980,1.3816,-1.6556,-1.1045,0.0339,0.0723,0.0858,0.0123,-0.0684,0.0279,0.0773,-0.3467,-0.3743,-0.0470,-0.0622,0.1765,1.0000,1.0000,1.0000,1.0000,1.8966,0.3894,0.1358,1.3798,-1.7046,-1.0997,0.0274,0.0669,0.1423,-0.0214,-0.1215,0.0285
1786060512.7045,1.8774,0.3662,0.1049,1.3838,-1.6556,-1.1045,0.0356,0.0752,0.0811,0.0153,-0.0684,0.0279,0.1306,-0.2130,-0.3286,0.0645,-0.1064,0.2635,1.0000,1.0000,1.0000,0.0000,1.9002,0.3976,0.1480,1.3779,-1.7155,-1.0968,0.0420,0.0954,0.1010,-0.0145,-0.0938,0.0298
1786060512.7545,1.8774,0.3662,0.1047,1.3837,-1.6609,-1.1015,0.0356,0.0752,0.0821,0.0154,-0.0653,0.0293,0.1768,-0.0106,-0.2204,0.1702,-0.1469,0.3286,1.0000,1.0000,1.0000,1.0000,1.9002,0.3976,0.1480,1.3779,-1.7155,-1.0968,0.0420,0.0954,0.1010,-0.0145,-0.0938,0.0298
1786060512.8045,1.8842,0.3731,0.1170,1.3813,-1.6695,-1.0974,0.0459,0.0736,0.0956,0.0032,-0.0723,0.0333,0.2132,0.1952,-0.0703,0.2610,-0.1822,0.3665,1.0000,1.0000,1.0000,1.0000,1.9047,0.4076,0.1552,1.3771,-1.7223,-1.0938,0.0459,0.0991,0.0490,-0.0025,-0.0454,0.0304
1786060512.8545,1.8842,0.3731,0.1170,1.3813,-1.6695,-1.0974,0.0459,0.0736,0.0956,0.0032,-0.0723,0.0333,0.2378,0.3381,0.0933,0.3286,-0.2111,0.3739,1.0000,1.0000,1.0000,1.0000,1.9047,0.4076,0.1552,1.3771,-1.7223,-1.0938,0.0459,0.0991,0.0490,-0.0025,-0.0454,0.0304
1786060512.9045,1.8839,0.3823,0.1276,1.3828,-1.6790,-1.0939,0.0302,0.0785,0.0977,0.0067,-0.0787,0.0336,0.2492,0.3719,0.2390,0.3672,-0.2324,0.3504,1.0000,1.0000,1.0000,1.0000,1.9090,0.4163,0.1583,1.3773,-1.7246,-1.0906,0.0380,0.0740,0.0205,0.0044,-0.0097,0.0314
1786060512.9545,1.8839,0.3823,0.1276,1.3828,-1.6790,-1.0939,0.0302,0.0785,0.0977,0.0067,-0.0787,0.0336,0.2469,0.2858,0.3393,0.3733,-0.2456,0.2977,1.0000,1.0000,1.0000,1.0000,1.9090,0.4163,0.1583,1.3773,-1.7246,-1.0906,0.0380,0.0740,0.0205,0.0044,-0.0097,0.0314
1786060513.0045,1.8877,0.3894,0.1358,1.3814,-1.6790,-1.0939,0.0337,0.0793,0.0968,0.0004,-0.0787,0.0336,0.2310,0.1074,0.3750,0.3465,-0.2500,0.2204,1.0000,1.0000,1.0000,0.0000,1.9121,0.4223,0.1605,1.3777,-1.7256,-1.0875,0.0250,0.0511,0.0301,0.0028,-0.0137,0.0308
1786060513.0545,1.8877,0.3894,0.1358,1.3814,-1.6882,-1.0906,0.0337,0.0793,0.0968,0.0004,-0.0859,0.0345,0.2023,-0.1055,0.3393,0.2889,-0.2456,0.1248,1.0000,1.0000,1.0000,1.0000,1.9121,0.4223,0.1605,1.3777,-1.7256,-1.0875,0.0250,0.0511,0.0301,0.0028,-0.0137,0.0308
1786060513.1045,1.8857,0.3988,0.1450,1.3795,-1.6953,-1.0876,0.0171,0.0837,0.0953,-0.0055,-0.0811,0.0330,0.1624,-0.2845,0.2390,0.2059,-0.2324,0.0188,1.0000,1.0000,1.0000,1.0000,1.9140,0.4273,0.1658,1.3778,-1.7281,-1.0845,0.0158,0.0534,0.0759,-0.0020,-0.0351,0.0300
1786060513.1545,1.8857,0.3988,0.1450,1.3795,-1.6953,-1.0876,0.0171,0.0837,0.0953,-0.0055,-0.0811,0.0330,0.1135,-0.3716,0.0933,0.1046,-0.2111,-0.0887,1.0000,1.0000,1.0000,1.0000,1.9140,0.4273,0.1658,1.3778,-1.7281,-1.0845,0.0158,0.0534,0.0759,-0.0020,-0.0351,0.0300
1786060513.2045,1.8857,0.3988,0.1506,1.3781,-1.6953,-1.0876,0.0171,0.0837,0.0795,-0.0078,-0.0811,0.0330,0.0584,-0.3390,-0.0703,-0.0059,-0.1822,-0.1889,1.0000,0.0000,1.0000,0.0000,1.9142,0.4273,0.1660,1.3778,-1.7279,-1.0844,0.0156,0.0535,0.0757,-0.0019,-0.0353,0.0301
1786060513.2545,1.8876,0.4073,0.1505,1.3781,-1.7032,-1.0852,0.0169,0.0803,0.0784,-0.0079,-0.0765,0.0288,-0.0000,-0.1969,-0.2204,-0.1159,-0.1469,-0.2734,1.0000,1.0000,1.0000,1.0000,1.9153,0.4345,0.1766,1.3772,-1.7327,-1.0815,0.0111,0.0898,0.1308,-0.0096,-0.0540,0.0297
1786060513.3045,1.8893,0.4118,0.1594,1.3744,-1.7032,-1.0852,0.0167,0.0696,0.0818,-0.0169,-0.0765,0.0288,-0.0584,0.0086,-0.3286,-0.2156,-0.1064,-0.3352,1.0000,1.0000,1.0000,0.0000,1.9167,0.4451,0.1909,1.3759,-1.7388,-1.0782,0.0196,0.1148,0.1467,-0.0130,-0.0646,0.0374
1786060513.3545,1.8893,0.4118,0.1594,1.3744,-1.7107,-1.0826,0.0167,0.0696,0.0818,-0.0169,-0.0765,0.0278,-0.1135,0.2114,-0.3743,-0.2963,-0.0622,-0.3692,1.0000,1.0000,1.0000,1.0000,1.9167,0.4451,0.1909,1.3759,-1.7388,-1.0782,0.0196,0.1148,0.1467,-0.0130,-0.0646,0.0374
1786060513.4045,1.8858,0.4181,0.1639,1.3722,-1.7183,-1.0799,0.0012,0.0699,0.0731,-0.0193,-0.0789,0.0286,-0.1624,0.3460,-0.3487,-0.3508,-0.0157,-0.3726,1.0000,1.0000,1.0000,1.0000,1.9199,0.4556,0.2036,1.3750,-1.7453,-1.0739,0.0413,0.0916,0.1047,-0.0027,-0.0649,0.0467
1786060513.4546,1.8858,0.4181,0.1639,1.3722,-1.7183,-1.0799,0.0012,0.0699,0.0731,-0.0193,-0.0789,0.0286,-0.2023,0.3690,-0.2567,-0.3743,0.0313,-0.3451,1.0000,1.0000,1.0000,1.0000,1.9199,0.4556,0.2036,1.3750,-1.7453,-1.0739,0.0413,0.0916,0.1047,-0.0027,-0.0649,0.0467
1786060513.5045,1.8886,0.4261,0.1741,1.3680,-1.7270,-1.0766,0.0095,0.0711,0.0799,-0.0259,-0.0792,0.0292,-0.2310,0.2730,-0.1159,-0.3646,0.0773,-0.2889,1.0000,1.0000,1.0000,1.0000,1.9249,0.4628,0.2110,1.3753,-1.7517,-1.0695,0.0544,0.0582,0.0517,0.0061,-0.0639,0.0406
1786060513.5546,1.8886,0.4261,0.1741,1.3680,-1.7270,-1.0766,0.0095,0.0711,0.0799,-0.0259,-0.0792,0.0292,-0.2469,0.0889,0.0470,-0.3228,0.1204,-0.2088,1.0000,1.0000,1.0000,1.0000,1.9249,0.4628,0.2110,1.3753,-1.7517,-1.0695,0.0544,0.0582,0.0517,0.0061,-0.0639,0.0406
1786060513.6047,1.8886,0.4261,0.1741,1.3680,-1.7270,-1.0766,0.0095,0.0711,0.0799,-0.0259,-0.0792,0.0292,-0.2492,-0.1238,0.2009,-0.2524,0.1594,-0.1114,1.0000,1.0000,1.0000,1.0000,1.9301,0.4678,0.2145,1.3758,-1.7585,-1.0664,0.0471,0.0480,0.0249,-0.0006,-0.0710,0.0211
1786060513.6546,1.8871,0.4351,0.1798,1.3655,-1.7330,-1.0742,0.0017,0.0768,0.0710,-0.0249,-0.0729,0.0275,-0.2378,-0.2966,0.3166,-0.1597,0.1926,-0.0047,1.0000,1.0000,1.0000,1.0000,1.9301,0.4678,0.2145,1.3758,-1.7585,-1.0664,0.0471,0.0480,0.0249,-0.0006,-0.0710,0.0211
1786060513.7045,1.8916,0.4435,0.1862,1.3633,-1.7374,-1.0725,0.0156,0.0826,0.0676,-0.0237,-0.0673,0.0254,-0.2132,-0.3737,0.3720,-0.0528,0.2191,0.1024,1.0000,0.0000,1.0000,0.0000,1.9338,0.4739,0.2173,1.3750,-1.7665,-1.0649,0.0295,0.0776,0.0372,-0.0127,-0.0883,0.0128
1786060513.7546,1.8916,0.4435,0.1862,1.3633,-1.7374,-1.0725,0.0156,0.0826,0.0676,-0.0237,-0.0673,0.0254,-0.1768,-0.3303,0.3566,0.0587,0.2378,0.2009,1.0000,0.0000,1.0000,0.0000,1.9338,0.4739,0.2173,1.3750,-1.7665,-1.0649,0.0295,0.0776,0.0372,-0.0127,-0.0883,0.0128
1786060513.8046,1.8965,0.4515,0.1926,1.3612,-1.7453,-1.0700,0.0260,0.0815,0.0712,-0.0243,-0.0707,0.0254,-0.1306,-0.1803,0.2734,0.1650,0.2480,0.2828,1.0000,1.0000,1.0000,1.0000,1.9361,0.4843,0.2235,1.3735,-1.7765,-1.0634,0.0193,0.1226,0.0845,-0.0176,-0.1074,0.0196
1786060513.8546,1.8965,0.4515,0.1926,1.3612,-1.7453,-1.0700,0.0260,0.0815,0.0712,-0.0243,-0.0707,0.0254,-0.0773,0.0278,0.1380,0.2567,0.2495,0.3413,1.0000,1.0000,1.0000,1.0000,1.9361,0.4843,0.2235,1.3735,-1.7765,-1.0634,0.0193,0.1226,0.0845,-0.0176,-0.1074,0.0196
1786060513.9053,1.8965,0.4515,0.1976,1.3614,-1.7453,-1.0700,0.0260,0.0815,0.0622,-0.0154,-0.0707,0.0254,-0.0196,0.2269,-0.0235,0.3257,0.2421,0.3714,1.0000,0.0000,1.0000,0.0000,1.9383,0.4967,0.2349,1.3717,-1.7877,-1.0606,0.0258,0.1150,0.1356,-0.0161,-0.1142,0.0341
1786060513.9546,1.8966,0.4596,0.1979,1.3613,-1.7535,-1.0670,0.0168,0.0775,0.0617,-0.0151,-0.0708,0.0256,0.0391,0.3529,-0.1807,0.3660,0.2262,0.3707,1.0000,0.0000,1.0000,0.0000,1.9383,0.4967,0.2349,1.3717,-1.7877,-1.0606,0.0258,0.1150,0.1356,-0.0161,-0.1142,0.0341
1786060514.0046,1.9017,0.4668,0.2085,1.3611,-1.7608,-1.0636,0.0285,0.0791,0.0775,-0.0115,-0.0746,0.0294,0.0957,0.3650,-0.3034,0.3738,0.2023,0.3393,1.0000,0.0000,1.0000,0.0000,1.9417,0.5057,0.2494,1.3705,-1.7990,-1.0565,0.0403,0.0705,0.1460,-0.0079,-0.1106,0.0469
1786060514.0546,1.9017,0.4668,0.2085,1.3611,-1.7608,-1.0636,0.0285,0.0791,0.0775,-0.0115,-0.0746,0.0294,0.1469,0.2594,-0.3684,0.3487,0.1711,0.2797,1.0000,0.0000,1.0000,0.0000,1.9417,0.5057,0.2494,1.3705,-1.7990,-1.0565,0.0403,0.0705,0.1460,-0.0079,-0.1106,0.0469
1786060514.1046,1.9019,0.4746,0.2151,1.3611,-1.7692,-1.0610,0.0203,0.0795,0.0757,-0.0082,-0.0783,0.0285,0.1901,0.0702,-0.3632,0.2927,0.1340,0.1969,1.0000,1.0000,1.0000,1.0000,1.9462,0.5111,0.2622,1.3704,-1.8100,-1.0515,0.0493,0.0438,0.1090,0.0044,-0.1104,0.0507
1786060514.1547,1.9019,0.4746,0.2151,1.3611,-1.7692,-1.0610,0.0203,0.0795,0.0757,-0.0082,-0.0783,0.0285,0.2228,-0.1418,-0.2889,0.2108,0.0920,0.0978,1.0000,1.0000,1.0000,1.0000,1.9462,0.5111,0.2622,1.3704,-1.8100,-1.0515,0.0493,0.0438,0.1090,0.0044,-0.1104,0.0507
1786060514.2046,1.9095,0.4843,0.2279,1.3640,-1.7775,-1.0585,0.0374,0.0838,0.0908,0.0037,-0.0786,0.0269,0.2431,-0.3080,-0.1597,0.1103,0.0468,-0.0094,1.0000,1.0000,1.0000,0.0000,1.9509,0.5157,0.2704,1.3714,-1.8212,-1.0469,0.0423,0.0551,0.0614,0.0112,-0.1132,0.0393
1786060514.2546,1.9095,0.4843,0.2279,1.3640,-1.7775,-1.0585,0.0374,0.0838,0.0908,0.0037,-0.0786,0.0269,0.2500,-0.3748,0.0000,0.0000,0.0000,-0.1159,1.0000,1.0000,1.0000,0.0000,1.9509,0.5157,0.2704,1.3714,-1.8212,-1.0469,0.0423,0.0551,0.0614,0.0112,-0.1132,0.0393
1786060514.3061,1.9134,0.4909,0.2376,1.3639,-1.7874,-1.0559,0.0378,0.0775,0.0920,0.0020,-0.0842,0.0265,0.2431,-0.3208,0.1597,-0.1103,-0.0468,-0.2127,1.0000,1.0000,1.0000,1.0000,1.9542,0.5238,0.2750,1.3724,-1.8319,-1.0440,0.0252,0.1045,0.0374,0.0072,-0.0988,0.0219
1786060514.3546,1.9134,0.4909,0.2376,1.3639,-1.7874,-1.0559,0.0378,0.0775,0.0920,0.0020,-0.0842,0.0265,0.2228,-0.1633,0.2889,-0.2108,-0.0920,-0.2919,1.0000,1.0000,1.0000,1.0000,1.9542,0.5238,0.2750,1.3724,-1.8319,-1.0440,0.0252,0.1045,0.0374,0.0072,-0.0988,0.0219
1786060514.4045,1.9134,0.4909,0.2472,1.3647,-1.7874,-1.0559,0.0378,0.0775,0.0913,0.0039,-0.0842,0.0265,0.1901,0.0469,0.3632,-0.2927,-0.1340,-0.3469,1.0000,0.0000,1.0000,0.0000,1.9560,0.5360,0.2790,1.3727,-1.8403,-1.0422,0.0137,0.1287,0.0473,0.0000,-0.0699,0.0167
1786060514.4546,1.9147,0.4955,0.2473,1.3647,-1.7978,-1.0504,0.0283,0.0642,0.0898,0.0038,-0.0865,0.0341,0.1469,0.2419,0.3684,-0.3487,-0.1711,-0.3731,1.0000,0.0000,1.0000,1.0000,1.9560,0.5360,0.2790,1.3727,-1.8403,-1.0422,0.0137,0.1287,0.0473,0.0000,-0.0699,0.0167
1786060514.5056,1.9233,0.5017,0.2563,1.3651,-1.8056,-1.0466,0.0475,0.0659,0.0930,0.0040,-0.0875,0.0366,0.0957,0.3589,0.3034,-0.3738,-0.2023,-0.3684,1.0000,1.0000,1.0000,1.0000,1.9572,0.5474,0.2857,1.3724,-1.8457,-1.0400,0.0102,0.0963,0.0862,-0.0075,-0.0437,0.0289
1786060514.5547,1.9233,0.5017,0.2563,1.3651,-1.8056,-1.0466,0.0475,0.0659,0.0930,0.0040,-0.0875,0.0366,0.0391,0.3602,0.1807,-0.3660,-0.2262,-0.3331,1.0000,1.0000,1.0000,1.0000,1.9572,0.5474,0.2857,1.3724,-1.8457,-1.0400,0.0102,0.0963,0.0862,-0.0075,-0.0437,0.0289
1786060514.6049,1.9251,0.5093,0.2619,1.3653,-1.8148,-1.0421,0.0393,0.0707,0.0825,0.0035,-0.0909,0.0401,-0.0196,0.2452,0.0235,-0.3257,-0.2421,-0.2701,1.0000,0.0000,1.0000,0.0000,1.9584,0.5547,0.2965,1.3712,-1.8497,-1.0363,0.0149,0.0568,0.1211,-0.0134,-0.0388,0.0412
1786060514.6547,1.9251,0.5093,0.2619,1.3653,-1.8148,-1.0421,0.0393,0.0707,0.0825,0.0035,-0.0909,0.0401,-0.0773,0.0512,-0.1380,-0.2567,-0.2495,-0.1848,1.0000,0.0000,1.0000,0.0000,1.9584,0.5547,0.2965,1.3712,-1.8497,-1.0363,0.0149,0.0568,0.1211,-0.0134,-0.0388,0.0412
1786060514.7057,1.9334,0.5189,0.2742,1.3673,-1.8207,-1.0371,0.0508,0.0749,0.0917,0.0086,-0.0759,0.0410,-0.1306,-0.1593,-0.2734,-0.1650,-0.2480,-0.0841,1.0000,1.0000,1.0000,1.0000,1.9586,0.5547,0.2967,1.3712,-1.8495,-1.0363,0.0151,0.0567,0.1212,-0.0135,-0.0386,0.0412
1786060514.7546,1.9334,0.5189,0.2742,1.3673,-1.8207,-1.0371,0.0508,0.0749,0.0917,0.0086,-0.0759,0.0410,-0.1768,-0.3185,-0.3566,-0.0587,-0.2378,0.0235,1.0000,1.0000,1.0000,1.0000,1.9607,0.5594,0.3092,1.3696,-1.8541,-1.0323,0.0325,0.0441,0.1280,-0.0167,-0.0482,0.0368
1786060514.8046,1.9339,0.5273,0.2819,1.3706,-1.8252,-1.0320,0.0380,0.0802,0.0901,0.0165,-0.0686,0.0457,-0.2132,-0.3749,-0.3720,0.0528,-0.2191,0.1292,1.0000,1.0000,1.0000,1.0000,1.9650,0.5651,0.3212,1.3680,-1.8591,-1.0291,0.0495,0.0732,0.1102,-0.0143,-0.0488,0.0289
1786060514.8546,1.9339,0.5273,0.2819,1.3706,-1.8252,-1.0320,0.0380,0.0802,0.0901,0.0165,-0.0686,0.0457,-0.2378,-0.3104,-0.3166,0.1597,-0.1926,0.2242,1.0000,1.0000,1.0000,1.0000,1.9650,0.5651,0.3212,1.3680,-1.8591,-1.0291,0.0495,0.0732,0.1102,-0.0143,-0.0488,0.0289
1786060514.9047,1.9330,0.5339,0.2933,1.3716,-1.8306,-1.0280,0.0236,0.0764,0.0986,0.0146,-0.0647,0.0443,-0.2492,-0.1458,-0.2009,0.2524,-0.1594,0.3006,1.0000,1.0000,1.0000,1.0000,1.9699,0.5747,0.3305,1.3671,-1.8634,-1.0266,0.0457,0.1122,0.0801,-0.0048,-0.0380,0.0234
1786060514.9546,1.9330,0.5339,0.2933,1.3716,-1.8306,-1.0280,0.0236,0.0764,0.0986,0.0146,-0.0647,0.0443,-0.2469,0.0659,-0.0470,0.3228,-0.1204,0.3520,1.0000,1.0000,1.0000,1.0000,1.9699,0.5747,0.3305,1.3671,-1.8634,-1.0266,0.0457,0.1122,0.0801,-0.0048,-0.0380,0.0234
1786060515.0049,1.9402,0.5421,0.3057,1.3719,-1.8374,-1.0246,0.0389,0.0777,0.1059,0.0107,-0.0656,0.0409,-0.2310,0.2563,0.1159,0.3646,-0.0773,0.3743,1.0000,1.0000,1.0000,1.0000,1.9735,0.5860,0.3371,1.3670,-1.8668,-1.0242,0.0267,0.1073,0.0558,0.0016,-0.0328,0.0243
1786060515.0546,1.9402,0.5421,0.3057,1.3719,-1.8374,-1.0246,0.0389,0.0777,0.1059,0.0107,-0.0656,0.0409,-0.2023,0.3640,0.2567,0.3743,-0.0313,0.3654,1.0000,1.0000,1.0000,1.0000,1.9735,0.5860,0.3371,1.3670,-1.8668,-1.0242,0.0267,0.1073,0.0558,0.0016,-0.0328,0.0243
1786060515.1049,1.9402,0.5519,0.3138,1.3729,-1.8453,-1.0212,0.0261,0.0830,0.0967,0.0106,-0.0688,0.0379,-0.1624,0.3544,0.3487,0.3508,0.0157,0.3263,1.0000,1.0000,1.0000,1.0000,1.9752,0.5949,0.3424,1.3673,-1.8710,-1.0212,0.0129,0.0728,0.0533,0.0033,-0.0528,0.0361
1786060515.1546,1.9402,0.5519,0.3138,1.3729,-1.8453,-1.0212,0.0261,0.0830,0.0967,0.0106,-0.0688,0.0379,-0.1135,0.2304,0.3743,0.2963,0.0622,0.2601,1.0000,1.0000,1.0000,1.0000,1.9752,0.5949,0.3424,1.3673,-1.8710,-1.0212,0.0129,0.0728,0.0533,0.0033,-0.0528,0.0361
1786060515.2046,1.9482,0.5619,0.3246,1.3724,-1.8505,-1.0190,0.0431,0.0888,0.1008,0.0057,-0.0638,0.0333,-0.0584,0.0321,0.3286,0.2156,0.1064,0.1723,1.0000,1.0000,1.0000,1.0000,1.9765,0.6008,0.3487,1.3676,-1.8785,-1.0169,0.0160,0.0518,0.0754,0.0020,-0.0932,0.0482
1786060515.2547,1.9482,0.5619,0.3246,1.3724,-1.8505,-1.0190,0.0431,0.0888,0.1008,0.0057,-0.0638,0.0333,-0.0000,-0.1765,0.2204,0.1159,0.1469,0.0703,1.0000,1.0000,1.0000,1.0000,1.9765,0.6008,0.3487,1.3676,-1.8785,-1.0169,0.0160,0.0518,0.0754,0.0020,-0.0932,0.0482
1786060515.3046,1.9481,0.5725,0.3311,1.3706,-1.8558,-1.0172,0.0300,0.0956,0.0912,-0.0017,-0.0615,0.0289,0.0584,-0.3282,0.0703,0.0059,0.1822,-0.0376,1.0000,1.0000,1.0000,1.0000,1.9789,0.6062,0.3581,1.3673,-1.8893,-1.0121,0.0319,0.0594,0.1077,-0.0068,-0.1172,0.0455
1786060515.3546,1.9481,0.5725,0.3311,1.3706,-1.8558,-1.0172,0.0300,0.0956,0.0912,-0.0017,-0.0615,0.0289,0.1135,-0.3741,-0.0933,-0.1046,0.2111,-0.1424,1.0000,1.0000,1.0000,1.0000,1.9789,0.6062,0.3581,1.3673,-1.8893,-1.0121,0.0319,0.0594,0.1077,-0.0068,-0.1172,0.0455
1786060515.4046,1.9474,0.5786,0.3406,1.3673,-1.8649,-1.0150,0.0189,0.0862,0.0939,-0.0115,-0.0718,0.0273,0.1624,-0.2992,-0.2390,-0.2059,0.2324,-0.2354,1.0000,1.0000,1.0000,1.0000,1.9830,0.6138,0.3701,1.3664,-1.9004,-1.0080,0.0456,0.0918,0.1257,-0.0088,-0.1020,0.0367
1786060515.4558,1.9474,0.5786,0.3406,1.3673,-1.8649,-1.0150,0.0189,0.0862,0.0939,-0.0115,-0.0718,0.0273,0.2023,-0.1279,-0.3393,-0.2889,0.2456,-0.3088,1.0000,1.0000,1.0000,1.0000,1.9830,0.6138,0.3701,1.3664,-1.9004,-1.0080,0.0456,0.0918,0.1257,-0.0088,-0.1020,0.0367
1786060515.5052,1.9525,0.5879,0.3491,1.3650,-1.8727,-1.0133,0.0285,0.0871,0.0876,-0.0148,-0.0726,0.0236,0.2310,0.0847,-0.3750,-0.3465,0.2500,-0.3566,1.0000,0.0000,1.0000,0.0000,1.9875,0.6239,0.3825,1.3660,-1.9090,-1.0047,0.0431,0.1037,0.1186,0.0010,-0.0751,0.0319
1786060515.5546,1.9525,0.5879,0.3491,1.3650,-1.8727,-1.0133,0.0285,0.0871,0.0876,-0.0148,-0.0726,0.0236,0.2469,0.2700,-0.3393,-0.3733,0.2456,-0.3749,1.0000,0.0000,1.0000,0.0000,1.9875,0.6239,0.3825,1.3660,-1.9090,-1.0047,0.0431,0.1037,0.1186,0.0010,-0.0751,0.0319
1786060515.6046,1.9518,0.5968,0.3575,1.3626,-1.8821,-1.0108,0.0171,0.0868,0.0871,-0.0176,-0.0784,0.0238,0.2492,0.3682,-0.2390,-0.3672,0.2324,-0.3620,1.0000,1.0000,1.0000,1.0000,1.9912,0.6333,0.3929,1.3664,-1.9161,-1.0016,0.0296,0.0818,0.0912,0.0044,-0.0709,0.0306
1786060515.6560,1.9518,0.5968,0.3575,1.3626,-1.8821,-1.0108,0.0171,0.0868,0.0871,-0.0176,-0.0784,0.0238,0.2378,0.3476,-0.0933,-0.3286,0.2111,-0.3191,1.0000,1.0000,1.0000,1.0000,1.9912,0.6333,0.3929,1.3664,-1.9161,-1.0016,0.0296,0.0818,0.0912,0.0044,-0.0709,0.0306
1786060515.7052,1.9603,0.6063,0.3661,1.3608,-1.8884,-1.0077,0.0381,0.0880,0.0854,-0.0177,-0.0727,0.0257,0.2132,0.2150,0.0703,-0.2610,0.1822,-0.2498,1.0000,1.0000,1.0000,1.0000,1.9934,0.6399,0.4003,1.3663,-1.9241,-0.9987,0.0178,0.0557,0.0622,-0.0071,-0.0908,0.0254
1786060515.7552,1.9603,0.6063,0.3662,1.3607,-1.8884,-1.0077,0.0381,0.0880,0.0845,-0.0176,-0.0727,0.0257,0.1768,0.0130,0.2204,-0.1702,0.1469,-0.1597,1.0000,0.0000,1.0000,0.0000,1.9934,0.6399,0.4003,1.3663,-1.9241,-0.9987,0.0178,0.0557,0.0622,-0.0071,-0.0908,0.0254
1786060515.8075,1.9603,0.6063,0.3721,1.3616,-1.8884,-1.0077,0.0381,0.0880,0.0762,-0.0094,-0.0727,0.0257,0.1306,-0.1932,0.3286,-0.0645,0.1064,-0.0563,1.0000,0.0000,1.0000,0.0000,1.9937,0.6399,0.4006,1.3663,-1.9239,-0.9987,0.0180,0.0556,0.0624,-0.0072,-0.0907,0.0253
1786060515.8726,1.9615,0.6160,0.3723,1.3616,-1.8954,-1.0044,0.0294,0.0893,0.0765,-0.0093,-0.0704,0.0275,0.0773,-0.3371,0.3743,0.0470,0.0622,0.0517,1.0000,1.0000,1.0000,1.0000,1.9948,0.6449,0.4058,1.3650,-1.9345,-0.9965,0.0103,0.0486,0.0522,-0.0160,-0.1134,0.0202
1786060515.9046,1.9615,0.6160,0.3723,1.3616,-1.8954,-1.0044,0.0294,0.0893,0.0765,-0.0093,-0.0704,0.0275,0.0196,-0.3722,0.3487,0.1543,0.0157,0.1554,1.0000,1.0000,1.0000,1.0000,1.9950,0.6449,0.4061,1.3650,-1.9342,-0.9965,0.0102,0.0486,0.0521,-0.0160,-0.1135,0.0202
1786060515.9545,1.9641,0.6232,0.3821,1.3586,-1.9062,-0.9991,0.0252,0.0748,0.0755,-0.0146,-0.0749,0.0327,-0.0391,-0.2873,0.2567,0.2480,-0.0313,0.2462,1.0000,1.0000,1.0000,1.0000,1.9957,0.6508,0.4116,1.3634,-1.9464,-0.9944,0.0104,0.0710,0.0665,-0.0148,-0.1201,0.0236
1786060516.0045,1.9641,0.6232,0.3821,1.3586,-1.9062,-0.9991,0.0252,0.0748,0.0755,-0.0146,-0.0749,0.0327,-0.0957,-0.1097,0.1159,0.3197,-0.0773,0.3166,1.0000,1.0000,1.0000,1.0000,1.9959,0.6508,0.4119,1.3634,-1.9461,-0.9944,0.0101,0.0711,0.0662,-0.0147,-0.1203,0.0237
1786060516.0564,1.9713,0.6302,0.3875,1.3566,-1.9102,-0.9969,0.0409,0.0765,0.0721,-0.0169,-0.0672,0.0307,-0.1469,0.1033,-0.0470,0.3632,-0.1204,0.3608,1.0000,1.0000,1.0000,1.0000,1.9976,0.6596,0.4202,1.3621,-1.9573,-0.9916,0.0289,0.1001,0.1035,-0.0114,-0.0952,0.0311
1786060516.1045,1.9713,0.6302,0.3934,1.3576,-1.9102,-0.9969,0.0409,0.0765,0.0686,-0.0087,-0.0672,0.0307,-0.1901,0.2829,-0.2009,0.3746,-0.1594,0.3750,1.0000,0.0000,1.0000,0.0000,1.9978,0.6597,0.4204,1.3622,-1.9571,-0.9916,0.0287,0.1001,0.1033,-0.0113,-0.0954,0.0312
1786060516.1545,1.9749,0.6358,0.3931,1.3576,-1.9184,-0.9931,0.0402,0.0716,0.0683,-0.0089,-0.0731,0.0337,-0.2228,0.3713,-0.3166,0.3528,-0.1926,0.3581,1.0000,1.0000,1.0000,1.0000,2.0019,0.6695,0.4328,1.3611,-1.9642,-0.9881,0.0533,0.0922,0.1417,-0.0095,-0.0473,0.0371
1786060516.2058,1.9822,0.6412,0.4004,1.3565,-1.9242,-0.9896,0.0528,0.0701,0.0726,-0.0098,-0.0726,0.0358,-0.2431,0.3400,-0.3720,0.2999,-0.2191,0.3115,1.0000,0.0000,1.0000,1.0000,2.0078,0.6770,0.4475,1.3604,-1.9665,-0.9842,0.0607,0.0603,0.1474,-0.0067,-0.0054,0.0388
1786060516.2545,1.9822,0.6412,0.4004,1.3565,-1.9242,-0.9896,0.0528,0.0701,0.0726,-0.0098,-0.0726,0.0358,-0.2500,0.1989,-0.3566,0.2204,-0.2378,0.2390,1.0000,0.0000,1.0000,0.0000,2.0078,0.6770,0.4475,1.3604,-1.9665,-0.9842,0.0607,0.0603,0.1474,-0.0067,-0.0054,0.0388
1786060516.3045,1.9859,0.6462,0.4050,1.3562,-1.9278,-0.9875,0.0496,0.0658,0.0675,-0.0080,-0.0633,0.0325,-0.2431,-0.0062,-0.2734,0.1215,-0.2480,0.1468,1.0000,0.0000,1.0000,1.0000,2.0131,0.6818,0.4604,1.3599,-1.9667,-0.9806,0.0442,0.0413,0.1096,-0.0028,-0.0055,0.0330
1786060516.3545,1.9859,0.6462,0.4052,1.3562,-1.9278,-0.9875,0.0496,0.0658,0.0667,-0.0079,-0.0633,0.0325,-0.2228,-0.2094,-0.1380,0.0118,-0.2495,0.0423,1.0000,0.0000,1.0000,0.0000,2.0131,0.6818,0.4604,1.3599,-1.9667,-0.9806,0.0442,0.0413,0.1096,-0.0028,-0.0055,0.0330
1786060516.4046,1.9906,0.6503,0.4139,1.3543,-1.9357,-0.9839,0.0474,0.0564,0.0725,-0.0114,-0.0667,0.0326,-0.1901,-0.3450,0.0235,-0.0990,-0.2421,-0.0656,1.0000,1.0000,1.0000,1.0000,2.0164,0.6861,0.4686,1.3597,-1.9685,-0.9778,0.0251,0.0493,0.0601,-0.0028,-0.0277,0.0245
1786060516.4552,1.9906,0.6503,0.4139,1.3543,-1.9357,-0.9839,0.0474,0.0564,0.0725,-0.0114,-0.0667,0.0326,-0.1469,-0.3694,0.1807,-0.2009,-0.2262,-0.1681,1.0000,1.0000,1.0000,1.0000,2.0164,0.6861,0.4686,1.3597,-1.9685,-0.9778,0.0251,0.0493,0.0601,-0.0028,-0.0277,0.0245
1786060516.5045,1.9900,0.6588,0.4211,1.3549,-1.9385,-0.9815,0.0297,0.0644,0.0712,-0.0057,-0.0534,0.0295,-0.0957,-0.2746,0.3034,-0.2852,-0.2023,-0.2567,1.0000,1.0000,1.0000,1.0000,2.0184,0.6931,0.4733,1.3592,-1.9725,-0.9756,0.0189,0.0899,0.0400,-0.0093,-0.0494,0.0218
1786060516.5546,1.9900,0.6588,0.4211,1.3549,-1.9385,-0.9815,0.0297,0.0644,0.0712,-0.0057,-0.0534,0.0295,-0.0391,-0.0912,0.3684,-0.3442,-0.1711,-0.3240,1.0000,1.0000,1.0000,1.0000,2.0184,0.6931,0.4733,1.3592,-1.9725,-0.9756,0.0189,0.0899,0.0400,-0.0093,-0.0494,0.0218
1786060516.6045,1.9880,0.6647,0.4332,1.3521,-1.9437,-0.9793,0.0148,0.0633,0.0875,-0.0128,-0.0533,0.0273,0.0196,0.1216,0.3632,-0.3727,-0.1340,-0.3644,1.0000,1.0000,1.0000,1.0000,2.0208,0.7037,0.4781,1.3578,-1.9782,-0.9730,0.0297,0.1123,0.0620,-0.0191,-0.0612,0.0314
1786060516.6546,1.9880,0.6647,0.4332,1.3521,-1.9437,-0.9793,0.0148,0.0633,0.0875,-0.0128,-0.0533,0.0273,0.0773,0.2951,0.2889,-0.3684,-0.0920,-0.3745,1.0000,1.0000,1.0000,1.0000,2.0208,0.7037,0.4781,1.3578,-1.9782,-0.9730,0.0297,0.1123,0.0620,-0.0191,-0.0612,0.0314
1786060516.7046,1.9908,0.6726,0.4429,1.3483,-1.9542,-0.9755,0.0191,0.0697,0.0923,-0.0210,-0.0707,0.0312,0.1306,0.3735,0.1597,-0.3314,-0.0468,-0.3536,1.0000,1.0000,1.0000,1.0000,2.0248,0.7136,0.4873,1.3552,-1.9844,-0.9692,0.0466,0.0841,0.1196,-0.0313,-0.0615,0.0417
1786060516.7561,1.9908,0.6726,0.4429,1.3483,-1.9542,-0.9755,0.0191,0.0697,0.0923,-0.0210,-0.0707,0.0312,0.1768,0.3314,-0.0000,-0.2652,0.0000,-0.3034,1.0000,1.0000,1.0000,1.0000,2.0248,0.7136,0.4873,1.3552,-1.9844,-0.9692,0.0466,0.0841,0.1196,-0.0313,-0.0615,0.0417
1786060516.8047,1.9926,0.6774,0.4485,1.3458,-1.9610,-0.9732,0.0189,0.0635,0.0823,-0.0225,-0.0704,0.0290,0.2132,0.1824,-0.1597,-0.1755,0.0468,-0.2280,1.0000,1.0000,1.0000,0.0000,2.0301,0.7200,0.5021,1.3516,-1.9904,-0.9652,0.0561,0.0485,0.1627,-0.0381,-0.0596,0.0366
1786060516.8547,1.9926,0.6774,0.4485,1.3458,-1.9610,-0.9732,0.0189,0.0635,0.0823,-0.0225,-0.0704,0.0290,0.2378,-0.0254,-0.2889,-0.0703,0.0920,-0.1337,1.0000,1.0000,1.0000,0.0000,2.0301,0.7200,0.5021,1.3516,-1.9904,-0.9652,0.0561,0.0485,0.1627,-0.0381,-0.0596,0.0366
1786060516.9046,1.9937,0.6854,0.4654,1.3463,-1.9681,-0.9711,0.0165,0.0691,0.1070,-0.0133,-0.0712,0.0266,0.2492,-0.2251,-0.3632,0.0412,0.1340,-0.0282,1.0000,0.0000,1.0000,0.0000,2.0354,0.7240,0.5183,1.3479,-1.9967,-0.9623,0.0499,0.0409,0.1534,-0.0328,-0.0668,0.0236
1786060516.9547,1.9937,0.6854,0.4654,1.3463,-1.9681,-0.9711,0.0165,0.0691,0.1070,-0.0133,-0.0712,0.0266,0.2469,-0.3521,-0.3684,0.1489,0.1711,0.0795,1.0000,0.0000,1.0000,0.0000,2.0354,0.7240,0.5183,1.3479,-1.9967,-0.9623,0.0499,0.0409,0.1534,-0.0328,-0.0668,0.0236
1786060517.0045,1.9975,0.6926,0.4858,1.3460,-1.9750,-0.9675,0.0231,0.0686,0.1377,-0.0101,-0.0691,0.0291,0.2310,-0.3656,-0.3034,0.2435,0.2023,0.1807,1.0000,1.0000,1.0000,1.0000,2.0394,0.7300,0.5314,1.3454,-2.0045,-0.9603,0.0308,0.0808,0.1124,-0.0201,-0.0872,0.0170
1786060517.0546,1.9975,0.6926,0.4858,1.3460,-1.9750,-0.9675,0.0231,0.0686,0.1377,-0.0101,-0.0691,0.0291,0.2023,-0.2611,-0.1807,0.3166,0.2262,0.2668,1.0000,1.0000,1.0000,1.0000,2.0394,0.7300,0.5314,1.3454,-2.0045,-0.9603,0.0308,0.0808,0.1124,-0.0201,-0.0872,0.0170
1786060517.1045,2.0050,0.7032,0.5024,1.3475,-1.9801,-0.9651,0.0386,0.0788,0.1434,-0.0021,-0.0619,0.0269,0.1624,-0.0725,-0.0235,0.3617,0.2421,0.3309,1.0000,1.0000,1.0000,1.0000,2.0416,0.7406,0.5404,1.3436,-2.0144,-0.9587,0.0150,0.1215,0.0750,-0.0174,-0.1063,0.0165
1786060517.1546,2.0050,0.7032,0.5024,1.3475,-1.9801,-0.9651,0.0386,0.0788,0.1434,-0.0021,-0.0619,0.0269,0.1135,0.1396,0.1380,0.3748,0.2495,0.3674,1.0000,1.0000,1.0000,1.0000,2.0416,0.7406,0.5404,1.3436,-2.0144,-0.9587,0.0150,0.1215,0.0750,-0.0174,-0.1063,0.0165
1786060517.2068,2.0050,0.7032,0.5171,1.3452,-1.9801,-0.9651,0.0386,0.0788,0.1426,-0.0087,-0.0619,0.0269,0.0584,0.3066,0.2734,0.3548,0.2480,0.3736,1.0000,0.0000,1.0000,0.0000,2.0418,0.7406,0.5406,1.3436,-2.0142,-0.9587,0.0147,0.1216,0.0747,-0.0173,-0.1065,0.0166
1786060517.2668,2.0107,0.7149,0.5172,1.3452,-1.9862,-0.9624,0.0436,0.0892,0.1422,-0.0087,-0.0604,0.0265,0.0000,0.3747,0.3566,0.3034,0.2378,0.3487,1.0000,1.0000,1.0000,1.0000,2.0426,0.7522,0.5467,1.3417,-2.0253,-0.9566,0.0075,0.1039,0.0552,-0.0215,-0.1075,0.0254
1786060517.3045,2.0107,0.7149,0.5265,1.3434,-1.9862,-0.9624,0.0436,0.0892,0.1252,-0.0113,-0.0604,0.0265,-0.0584,0.3220,0.3720,0.2252,0.2191,0.2949,1.0000,0.0000,1.0000,1.0000,2.0439,0.7603,0.5526,1.3394,-2.0357,-0.9533,0.0215,0.0637,0.0660,-0.0236,-0.1018,0.0400
1786060517.3547,2.0161,0.7228,0.5267,1.3434,-1.9835,-0.9604,0.0466,0.0852,0.1229,-0.0113,-0.0325,0.0241,-0.1135,0.1654,0.3166,0.1270,0.1926,0.2166,1.0000,1.0000,1.0000,1.0000,2.0439,0.7603,0.5526,1.3394,-2.0357,-0.9533,0.0215,0.0637,0.0660,-0.0236,-0.1018,0.0400
1786060517.4088,2.0161,0.7228,0.5267,1.3434,-1.9835,-0.9604,0.0466,0.0852,0.1229,-0.0113,-0.0325,0.0241,-0.1624,-0.0445,0.2009,0.0177,0.1594,0.1204,1.0000,1.0000,1.0000,1.0000,2.0439,0.7603,0.5526,1.3394,-2.0357,-0.9533,0.0215,0.0637,0.0660,-0.0236,-0.1018,0.0400
1786060517.4546,2.0201,0.7295,0.5319,1.3411,-1.9910,-0.9571,0.0473,0.0848,0.1112,-0.0160,-0.0478,0.0283,-0.2023,-0.2401,0.0470,-0.0933,0.1204,0.0141,1.0000,1.0000,1.0000,1.0000,2.0478,0.7653,0.5613,1.3368,-2.0460,-0.9488,0.0550,0.0428,0.1074,-0.0297,-0.1065,0.0462
1786060517.5046,2.0272,0.7364,0.5418,1.3376,-1.9995,-0.9527,0.0554,0.0806,0.1089,-0.0221,-0.0600,0.0335,-0.2310,-0.3582,-0.1159,-0.1959,0.0773,-0.0933,1.0000,1.0000,1.0000,0.0000,2.0547,0.7699,0.5743,1.3335,-2.0572,-0.9447,0.0763,0.0548,0.1431,-0.0320,-0.1150,0.0362
1786060517.5546,2.0272,0.7364,0.5418,1.3376,-1.9995,-0.9527,0.0554,0.0806,0.1089,-0.0221,-0.0600,0.0335,-0.2469,-0.3608,-0.2567,-0.2813,0.0313,-0.1929,1.0000,1.0000,1.0000,0.0000,2.0547,0.7699,0.5743,1.3335,-2.0572,-0.9447,0.0763,0.0548,0.1431,-0.0320,-0.1150,0.0362
1786060517.6175,2.0272,0.7364,0.5418,1.3376,-1.9995,-0.9527,0.0554,0.0806,0.1089,-0.0221,-0.0600,0.0335,-0.2492,-0.2470,-0.3487,-0.3418,-0.0157,-0.2766,1.0000,1.0000,1.0000,0.0000,2.0547,0.7699,0.5743,1.3335,-2.0572,-0.9447,0.0763,0.0548,0.1431,-0.0320,-0.1150,0.0362
1786060517.6545,2.0335,0.7455,0.5511,1.3348,-2.0048,-0.9501,0.0585,0.0852,0.1019,-0.0237,-0.0588,0.0319,-0.2378,-0.0535,-0.3743,-0.3720,-0.0622,-0.3373,1.0000,0.0000,1.0000,0.0000,2.0616,0.7775,0.5890,1.3308,-2.0684,-0.9419,0.0568,0.0934,0.1447,-0.0206,-0.1058,0.0222
1786060517.7050,2.0373,0.7511,0.5621,1.3320,-2.0153,-0.9450,0.0514,0.0749,0.1052,-0.0251,-0.0725,0.0374,-0.2132,0.1572,-0.3286,-0.3694,-0.1064,-0.3700,1.0000,0.0000,1.0000,0.0000,2.0655,0.7879,0.6020,1.3293,-2.0774,-0.9400,0.0270,0.1048,0.1164,-0.0130,-0.0749,0.0173
1786060517.7546,2.0373,0.7511,0.5621,1.3320,-2.0153,-0.9450,0.0514,0.0749,0.1052,-0.0251,-0.0725,0.0374,-0.1768,0.3173,-0.2204,-0.3341,-0.1469,-0.3720,1.0000,0.0000,1.0000,0.0000,2.0655,0.7879,0.6020,1.3293,-2.0774,-0.9400,0.0270,0.1048,0.1164,-0.0130,-0.0749,0.0173
1786060517.8046,2.0410,0.7555,0.5679,1.3305,-2.0265,-0.9408,0.0471,0.0655,0.0916,-0.0223,-0.0853,0.0390,-0.1306,0.3750,-0.0703,-0.2693,-0.1822,-0.3432,1.0000,1.0000,1.0000,0.0000,2.0675,0.7971,0.6118,1.3276,-2.0829,-0.9381,0.0189,0.0797,0.0854,-0.0218,-0.0404,0.0216
1786060517.8546,2.0410,0.7555,0.5679,1.3305,-2.0265,-0.9408,0.0471,0.0655,0.0916,-0.0223,-0.0853,0.0390,-0.0773,0.3117,0.0933,-0.1807,-0.2111,-0.2859,1.0000,1.0000,1.0000,0.0000,2.0675,0.7971,0.6118,1.3276,-2.0829,-0.9381,0.0189,0.0797,0.0854,-0.0218,-0.0404,0.0216
1786060517.9053,2.0440,0.7663,0.5759,1.3278,-2.0393,-0.9352,0.0415,0.0787,0.0870,-0.0233,-0.0983,0.0440,-0.0196,0.1480,0.2390,-0.0760,-0.2324,-0.2049,1.0000,0.0000,1.0000,0.0000,2.0701,0.8036,0.6194,1.3246,-2.0861,-0.9357,0.0332,0.0538,0.0713,-0.0366,-0.0277,0.0248
1786060517.9546,2.0440,0.7663,0.5759,1.3278,-2.0393,-0.9352,0.0415,0.0787,0.0870,-0.0233,-0.0983,0.0440,0.0391,-0.0635,0.3393,0.0353,-0.2456,-0.1069,1.0000,0.0000,1.0000,0.0000,2.0701,0.8036,0.6194,1.3246,-2.0861,-0.9357,0.0332,0.0538,0.0713,-0.0366,-0.0277,0.0248
1786060518.0046,2.0453,0.7728,0.5825,1.3283,-2.0468,-0.9320,0.0322,0.0739,0.0796,-0.0143,-0.0904,0.0401,0.0957,-0.2546,0.3750,0.1435,-0.2500,-0.0000,1.0000,1.0000,1.0000,0.0000,2.0746,0.8084,0.6270,1.3206,-2.0894,-0.9333,0.0546,0.0493,0.0830,-0.0415,-0.0390,0.0235
1786060518.0546,2.0453,0.7728,0.5825,1.3283,-2.0468,-0.9320,0.0322,0.0739,0.0796,-0.0143,-0.0904,0.0401,0.1469,-0.3635,0.3393,0.2390,-0.2456,0.1069,1.0000,1.0000,1.0000,0.0000,2.0746,0.8084,0.6270,1.3206,-2.0894,-0.9333,0.0546,0.0493,0.0830,-0.0415,-0.0390,0.0235
1786060518.1046,2.0453,0.7728,0.5874,1.3295,-2.0468,-0.9320,0.0322,0.0739,0.0712,-0.0064,-0.0904,0.0401,0.1901,-0.3551,0.2390,0.3134,-0.2324,0.2049,1.0000,0.0000,1.0000,0.0000,2.0808,0.8146,0.6369,1.3167,-2.0939,-0.9308,0.0661,0.0732,0.1134,-0.0355,-0.0480,0.0268
1786060518.1546,2.0493,0.7816,0.5877,1.3296,-2.0596,-0.9289,0.0336,0.0758,0.0686,-0.0055,-0.0988,0.0358,0.2228,-0.2323,0.0933,0.3601,-0.2111,0.2859,1.0000,1.0000,1.0000,1.0000,2.0808,0.8146,0.6369,1.3167,-2.0939,-0.9308,0.0661,0.0732,0.1134,-0.0355,-0.0480,0.0268
1786060518.2046,2.0541,0.7892,0.5952,1.3278,-2.0658,-0.9279,0.0389,0.0776,0.0719,-0.0096,-0.0897,0.0288,0.2431,-0.0345,-0.0703,0.3750,-0.1822,0.3432,1.0000,1.0000,1.0000,0.0000,2.0871,0.8229,0.6499,1.3138,-2.0986,-0.9278,0.0575,0.0871,0.1405,-0.0239,-0.0450,0.0324
1786060518.2546,2.0541,0.7892,0.5952,1.3278,-2.0658,-0.9279,0.0389,0.0776,0.0719,-0.0096,-0.0897,0.0288,0.2500,0.1744,-0.2204,0.3566,-0.1469,0.3720,1.0000,1.0000,1.0000,0.0000,2.0871,0.8229,0.6499,1.3138,-2.0986,-0.9278,0.0575,0.0871,0.1405,-0.0239,-0.0450,0.0324
1786060518.3045,2.0607,0.7962,0.6076,1.3227,-2.0690,-0.9275,0.0473,0.0750,0.0876,-0.0224,-0.0716,0.0208,0.2431,0.3271,-0.3286,0.3068,-0.1064,0.3700,1.0000,1.0000,1.0000,0.0000,2.0919,0.8308,0.6643,1.3119,-2.1028,-0.9242,0.0400,0.0711,0.1423,-0.0153,-0.0398,0.0384
1786060518.3546,2.0607,0.7962,0.6076,1.3227,-2.0690,-0.9275,0.0473,0.0750,0.0876,-0.0224,-0.0716,0.0208,0.2228,0.3742,-0.3743,0.2298,-0.0622,0.3373,1.0000,1.0000,1.0000,0.0000,2.0919,0.8308,0.6643,1.3119,-2.1028,-0.9242,0.0400,0.0711,0.1423,-0.0153,-0.0398,0.0384
1786060518.4046,2.0659,0.8033,0.6234,1.3170,-2.0784,-0.9239,0.0490,0.0738,0.1106,-0.0335,-0.0786,0.0255,0.1901,0.3007,-0.3487,0.1326,-0.0157,0.2766,1.0000,1.0000,1.0000,0.0000,2.0951,0.8368,0.6775,1.3105,-2.1069,-0.9201,0.0253,0.0520,0.1225,-0.0150,-0.0462,0.0419
1786060518.4546,2.0659,0.8033,0.6234,1.3170,-2.0784,-0.9239,0.0490,0.0738,0.1106,-0.0335,-0.0786,0.0255,0.1469,0.1301,-0.2567,0.0235,0.0313,0.1929,1.0000,1.0000,1.0000,0.0000,2.0951,0.8368,0.6775,1.3105,-2.1069,-0.9201,0.0253,0.0520,0.1225,-0.0150,-0.0462,0.0419
1786060518.5045,2.0706,0.8076,0.6404,1.3117,-2.0836,-0.9219,0.0491,0.0656,0.1311,-0.0400,-0.0716,0.0245,0.0957,-0.0824,-0.1159,-0.0875,0.0773,0.0933,1.0000,1.0000,1.0000,1.0000,2.0971,0.8417,0.6883,1.3089,-2.1130,-0.9161,0.0176,0.0504,0.0956,-0.0170,-0.0757,0.0389
1786060518.5546,2.0706,0.8076,0.6404,1.3117,-2.0836,-0.9219,0.0491,0.0656,0.1311,-0.0400,-0.0716,0.0245,0.0391,-0.2683,0.0470,-0.1909,0.1204,-0.0141,1.0000,1.0000,1.0000,1.0000,2.0971,0.8417,0.6883,1.3089,-2.1130,-0.9161,0.0176,0.0504,0.0956,-0.0170,-0.0757,0.0389
1786060518.6045,2.0702,0.8184,0.6570,1.3062,-2.0862,-0.9207,0.0328,0.0792,0.1399,-0.0440,-0.0577,0.0205,-0.0196,-0.3677,0.2009,-0.2774,0.1594,-0.1204,1.0000,0.0000,1.0000,0.0000,2.0993,0.8480,0.6969,1.3072,-2.1224,-0.9125,0.0294,0.0764,0.0816,-0.0181,-0.1064,0.0337
1786060518.6545,2.0702,0.8184,0.6570,1.3062,-2.0862,-0.9207,0.0328,0.0792,0.1399,-0.0440,-0.0577,0.0205,-0.0773,-0.3485,0.3166,-0.3393,0.1926,-0.2166,1.0000,0.0000,1.0000,0.0000,2.0993,0.8480,0.6969,1.3072,-2.1224,-0.9125,0.0294,0.0764,0.0816,-0.0181,-0.1064,0.0337
1786060518.7045,2.0691,0.8253,0.6698,1.3035,-2.0952,-0.9165,0.0185,0.0744,0.1358,-0.0387,-0.0669,0.0271,-0.1306,-0.2169,0.3720,-0.3713,0.2191,-0.2949,1.0000,0.0000,1.0000,0.0000,2.1039,0.8576,0.7054,1.3053,-2.1334,-0.9088,0.0607,0.1082,0.0891,-0.0204,-0.1096,0.0411
1786060518.7545,2.0691,0.8253,0.6698,1.3035,-2.0952,-0.9165,0.0185,0.0744,0.1358,-0.0387,-0.0669,0.0271,-0.1768,-0.0153,0.3566,-0.3704,0.2378,-0.3487,1.0000,0.0000,1.0000,0.0000,2.1039,0.8576,0.7054,1.3053,-2.1334,-0.9088,0.0607,0.1082,0.0891,-0.0204,-0.1096,0.0411
1786060518.8045,2.0709,0.8333,0.6770,1.3022,-2.1006,-0.9138,0.0178,0.0736,0.1113,-0.0294,-0.0607,0.0261,-0.2132,0.1912,0.2734,-0.3368,0.2480,-0.3736,1.0000,1.0000,1.0000,1.0000,2.1114,0.8682,0.7154,1.3030,-2.1433,-0.9038,0.0853,0.0994,0.1097,-0.0268,-0.0915,0.0589
1786060518.8546,2.0709,0.8333,0.6770,1.3022,-2.1006,-0.9138,0.0178,0.0736,0.1113,-0.0294,-0.0607,0.0261,-0.2378,0.3360,0.1380,-0.2734,0.2495,-0.3674,1.0000,1.0000,1.0000,1.0000,2.1114,0.8682,0.7154,1.3030,-2.1433,-0.9038,0.0853,0.0994,0.1097,-0.0268,-0.0915,0.0589
1786060518.9045,2.0709,0.8333,0.6836,1.2989,-2.1006,-0.9138,0.0178,0.0736,0.0996,-0.0312,-0.0607,0.0261,-0.2492,0.3725,-0.0235,-0.1858,0.2421,-0.3309,1.0000,0.0000,1.0000,0.0000,2.1116,0.8682,0.7156,1.3030,-2.1431,-0.9038,0.0851,0.0996,0.1095,-0.0267,-0.0917,0.0590
1786060518.9546,2.0749,0.8411,0.6836,1.2989,-2.1114,-0.9080,0.0242,0.0734,0.0947,-0.0299,-0.0739,0.0355,-0.2469,0.2888,-0.1807,-0.0818,0.2262,-0.2668,1.0000,1.0000,1.0000,1.0000,2.1200,0.8760,0.7279,1.2996,-2.1518,-0.8974,0.0810,0.0603,0.1386,-0.0400,-0.0807,0.0631
1786060519.0045,2.0749,0.8411,0.6884,1.2982,-2.1114,-0.9080,0.0242,0.0734,0.0791,-0.0222,-0.0739,0.0355,-0.2310,0.1120,-0.3034,0.0294,0.2023,-0.1807,1.0000,0.0000,1.0000,0.0000,2.1202,0.8761,0.7281,1.2996,-2.1515,-0.8974,0.0812,0.0603,0.1388,-0.0401,-0.0805,0.0631
1786060519.0562,2.0820,0.8495,0.6881,1.2983,-2.1178,-0.9044,0.0380,0.0735,0.0752,-0.0212,-0.0677,0.0341,-0.2023,-0.1010,-0.3684,0.1380,0.1711,-0.0795,1.0000,1.0000,1.0000,1.0000,2.1266,0.8808,0.7431,1.2948,-2.1601,-0.8922,0.0531,0.0421,0.1609,-0.0515,-0.0886,0.0411
1786060519.1046,2.0820,0.8495,0.6881,1.2983,-2.1178,-0.9044,0.0380,0.0735,0.0752,-0.0212,-0.0677,0.0341,-0.1624,-0.2814,-0.3632,0.2345,0.1340,0.0282,1.0000,1.0000,1.0000,1.0000,2.1266,0.8808,0.7431,1.2948,-2.1601,-0.8922,0.0531,0.0421,0.1609,-0.0515,-0.0886,0.0411
1786060519.1545,2.0888,0.8577,0.6890,1.2985,-2.1265,-0.8978,0.0467,0.0754,0.0536,-0.0135,-0.0729,0.0436,-0.1135,-0.3710,-0.2889,0.3102,0.0920,0.1337,1.0000,1.0000,1.0000,1.0000,2.1307,0.8862,0.7586,1.2901,-2.1698,-0.8892,0.0337,0.0716,0.1439,-0.0405,-0.1044,0.0240
1786060519.2046,2.0888,0.8577,0.6890,1.2985,-2.1265,-0.8978,0.0467,0.0754,0.0536,-0.0135,-0.0729,0.0436,-0.0584,-0.3409,-0.1597,0.3584,0.0468,0.2280,1.0000,1.0000,1.0000,1.0000,2.1307,0.8862,0.7586,1.2901,-2.1698,-0.8892,0.0337,0.0716,0.1439,-0.0405,-0.1044,0.0240
1786060519.2545,2.0959,0.8638,0.6989,1.2976,-2.1314,-0.8938,0.0530,0.0686,0.0661,-0.0118,-0.0632,0.0410,-0.0000,-0.2009,0.0000,0.3750,0.0000,0.3034,1.0000,1.0000,1.0000,1.0000,2.1341,0.8960,0.7706,1.2875,-2.1809,-0.8869,0.0378,0.1148,0.0994,-0.0129,-0.1144,0.0250
1786060519.3046,2.0959,0.8638,0.6989,1.2976,-2.1314,-0.8938,0.0530,0.0686,0.0661,-0.0118,-0.0632,0.0410,0.0584,0.0039,0.1597,0.3584,-0.0468,0.3536,1.0000,1.0000,1.0000,1.0000,2.1341,0.8960,0.7706,1.2875,-2.1809,-0.8869,0.0378,0.1148,0.0994,-0.0129,-0.1144,0.0250
1786060519.3545,2.1027,0.8762,0.7132,1.3005,-2.1331,-0.8921,0.0581,0.0865,0.0909,0.0009,-0.0495,0.0339,0.1135,0.2075,0.2889,0.3102,-0.0920,0.3745,1.0000,1.0000,1.0000,1.0000,2.1388,0.9077,0.7786,1.2874,-2.1918,-0.8836,0.0557,0.1125,0.0675,0.0053,-0.1006,0.0412
1786060519.4045,2.1027,0.8762,0.7280,1.3005,-2.1331,-0.8921,0.0581,0.0865,0.1134,0.0008,-0.0495,0.0339,0.1624,0.3441,0.3632,0.2345,-0.1340,0.3644,1.0000,0.0000,1.0000,0.0000,2.1391,0.9077,0.7788,1.2874,-2.1915,-0.8836,0.0554,0.1126,0.0671,0.0054,-0.1010,0.0414
1786060519.4545,2.1060,0.8827,0.7276,1.3005,-2.1447,-0.8877,0.0545,0.0860,0.1139,0.0007,-0.0739,0.0395,0.2023,0.3698,0.3684,0.1380,-0.1711,0.3240,1.0000,0.0000,1.0000,1.0000,2.1454,0.9170,0.7852,1.2879,-2.2000,-0.8782,0.0719,0.0753,0.0700,0.0016,-0.0653,0.0648
1786060519.5045,2.1143,0.8931,0.7420,1.3039,-2.1527,-0.8848,0.0656,0.0949,0.1277,0.0112,-0.0787,0.0380,0.2310,0.2762,0.3034,0.0294,-0.2023,0.2567,1.0000,1.0000,1.0000,1.0000,2.1529,0.9229,0.7940,1.2869,-2.2044,-0.8710,0.0763,0.0505,0.1060,-0.0221,-0.0294,0.0718
1786060519.5546,2.1143,0.8931,0.7420,1.3039,-2.1527,-0.8848,0.0656,0.0949,0.1277,0.0112,-0.0787,0.0380,0.2469,0.0935,0.1807,-0.0818,-0.2262,0.1681,1.0000,1.0000,1.0000,1.0000,2.1529,0.9229,0.7940,1.2869,-2.2044,-0.8710,0.0763,0.0505,0.1060,-0.0221,-0.0294,0.0718
1786060519.6045,2.1202,0.9002,0.7519,1.3066,-2.1582,-0.8829,0.0623,0.0858,0.1166,0.0159,-0.0697,0.0313,0.2492,-0.1193,0.0235,-0.1858,-0.2421,0.0656,1.0000,1.0000,1.0000,1.0000,2.1599,0.9280,0.8072,1.2834,-2.2065,-0.8646,0.0633,0.0564,0.1536,-0.0431,-0.0192,0.0551
1786060519.6546,2.1202,0.9002,0.7519,1.3066,-2.1582,-0.8829,0.0623,0.0858,0.1166,0.0159,-0.0697,0.0313,0.2378,-0.2937,-0.1380,-0.2734,-0.2495,-0.0423,1.0000,1.0000,1.0000,1.0000,2.1599,0.9280,0.8072,1.2834,-2.2065,-0.8646,0.0633,0.0564,0.1536,-0.0431,-0.0192,0.0551
1786060519.7045,2.1202,0.9002,0.7622,1.3055,-2.1582,-0.8829,0.0623,0.0858,0.1114,0.0074,-0.0697,0.0313,0.2132,-0.3733,-0.2734,-0.3368,-0.2480,-0.1468,1.0000,0.0000,1.0000,0.0000,2.1602,0.9280,0.8075,1.2834,-2.2063,-0.8647,0.0636,0.0562,0.1539,-0.0432,-0.0189,0.0549
1786060519.7553,2.1266,0.9087,0.7626,1.3055,-2.1664,-0.8785,0.0607,0.0825,0.1094,0.0069,-0.0712,0.0343,0.1768,-0.3325,-0.3566,-0.3704,-0.2378,-0.2390,1.0000,1.0000,1.0000,1.0000,2.1651,0.9357,0.8239,1.2791,-2.2089,-0.8604,0.0415,0.0961,0.1712,-0.0375,-0.0288,0.0348
1786060519.8049,2.1266,0.9087,0.7672,1.3044,-2.1664,-0.8785,0.0607,0.0825,0.0912,0.0016,-0.0712,0.0343,0.1306,-0.1845,-0.3720,-0.3713,-0.2191,-0.3115,1.0000,0.0000,1.0000,0.0000,2.1654,0.9357,0.8242,1.2790,-2.2086,-0.8604,0.0415,0.0960,0.1713,-0.0376,-0.0288,0.0347
1786060519.8546,2.1294,0.9123,0.7670,1.3044,-2.1703,-0.8762,0.0515,0.0694,0.0906,0.0015,-0.0622,0.0311,0.0773,0.0231,-0.3166,-0.3393,-0.1926,-0.3581,1.0000,1.0000,1.0000,1.0000,2.1681,0.9469,0.8394,1.2765,-2.2123,-0.8572,0.0230,0.1171,0.1373,-0.0155,-0.0384,0.0324
1786060519.9046,2.1333,0.9143,0.7809,1.3013,-2.1779,-0.8716,0.0514,0.0591,0.1079,-0.0085,-0.0714,0.0381,0.0196,0.2232,-0.2009,-0.2774,-0.1594,-0.3750,1.0000,0.0000,1.0000,0.0000,2.1703,0.9573,0.8502,1.2754,-2.2166,-0.8533,0.0244,0.0896,0.0848,-0.0107,-0.0455,0.0460
1786060519.9546,2.1333,0.9143,0.7809,1.3013,-2.1779,-0.8716,0.0514,0.0591,0.1079,-0.0085,-0.0714,0.0381,-0.0391,0.3513,-0.0470,-0.1909,-0.1204,-0.3608,1.0000,0.0000,1.0000,0.0000,2.1703,0.9573,0.8502,1.2754,-2.2166,-0.8533,0.0244,0.0896,0.0848,-0.0107,-0.0455,0.0460
1786060520.0054,2.1355,0.9229,0.7964,1.2949,-2.1875,-0.8667,0.0402,0.0653,0.1235,-0.0259,-0.0765,0.0404,-0.0957,0.3661,0.1159,-0.0875,-0.0773,-0.3166,1.0000,1.0000,1.0000,1.0000,2.1743,0.9642,0.8571,1.2738,-2.2215,-0.8482,0.0551,0.0529,0.0622,-0.0224,-0.0516,0.0508
1786060520.0545,2.1355,0.9229,0.7964,1.2949,-2.1875,-0.8667,0.0402,0.0653,0.1235,-0.0259,-0.0765,0.0404,-0.1469,0.2628,0.2567,0.0235,-0.0313,-0.2462,1.0000,1.0000,1.0000,1.0000,2.1743,0.9642,0.8571,1.2738,-2.2215,-0.8482,0.0551,0.0529,0.0622,-0.0224,-0.0516,0.0508
1786060520.1046,2.1385,0.9285,0.8082,1.2805,-2.1965,-0.8607,0.0370,0.0623,0.1214,-0.0629,-0.0804,0.0463,-0.1901,0.0748,0.3487,0.1326,0.0157,-0.1554,1.0000,1.0000,1.0000,1.0000,2.1818,0.9685,0.8643,1.2706,-2.2272,-0.8435,0.0902,0.0391,0.0854,-0.0399,-0.0627,0.0430
1786060520.1546,2.1385,0.9285,0.8082,1.2805,-2.1965,-0.8607,0.0370,0.0623,0.1214,-0.0629,-0.0804,0.0463,-0.2228,-0.1374,0.3743,0.2298,0.0622,-0.0517,1.0000,1.0000,1.0000,1.0000,2.1818,0.9685,0.8643,1.2706,-2.2272,-0.8435,0.0902,0.0391,0.0854,-0.0399,-0.0627,0.0430
1786060520.2048,2.1385,0.9285,0.8195,1.2698,-2.1965,-0.8607,0.0370,0.0623,0.1164,-0.0750,-0.0804,0.0463,-0.2431,-0.3052,0.3286,0.3068,0.1064,0.0563,1.0000,0.0000,1.0000,0.0000,2.1911,0.9736,0.8755,1.2657,-2.2343,-0.8396,0.0886,0.0661,0.1351,-0.0558,-0.0759,0.0377
1786060520.2546,2.1396,0.9358,0.8194,1.2698,-2.2039,-0.8538,0.0281,0.0647,0.1160,-0.0754,-0.0771,0.0525,-0.2500,-0.3746,0.2204,0.3566,0.1469,0.1597,1.0000,1.0000,1.0000,0.0000,2.1911,0.9736,0.8755,1.2657,-2.2343,-0.8396,0.0886,0.0661,0.1351,-0.0558,-0.0759,0.0377
1786060520.3045,2.1416,0.9394,0.8271,1.2617,-2.2058,-0.8489,0.0279,0.0610,0.1138,-0.0838,-0.0654,0.0559,-0.2431,-0.3232,0.0703,0.3750,0.1822,0.2498,1.0000,1.0000,1.0000,1.0000,2.1981,0.9827,0.8905,1.2602,-2.2425,-0.8358,0.0529,0.1116,0.1538,-0.0492,-0.0862,0.0389
1786060520.3547,2.1416,0.9394,0.8271,1.2617,-2.2058,-0.8489,0.0279,0.0610,0.1138,-0.0838,-0.0654,0.0559,-0.2228,-0.1675,-0.0933,0.3601,0.2111,0.3191,1.0000,1.0000,1.0000,1.0000,2.1981,0.9827,0.8905,1.2602,-2.2425,-0.8358,0.0529,0.1116,0.1538,-0.0492,-0.0862,0.0389
1786060520.4045,2.1416,0.9394,0.8416,1.2514,-2.2058,-0.8489,0.0279,0.0610,0.1167,-0.0847,-0.0654,0.0559,-0.1901,0.0422,-0.2390,0.3134,0.2324,0.3620,1.0000,0.0000,1.0000,0.0000,2.2019,0.9944,0.9050,1.2564,-2.2515,-0.8317,0.0308,0.1101,0.1350,-0.0294,-0.0917,0.0430
1786060520.4545,2.1507,0.9496,0.8420,1.2511,-2.2261,-0.8448,0.0458,0.0695,0.1170,-0.0849,-0.1042,0.0472,-0.1469,0.2383,-0.3393,0.2390,0.2456,0.3749,1.0000,1.0000,1.0000,1.0000,2.2019,0.9944,0.9050,1.2564,-2.2515,-0.8317,0.0308,0.1101,0.1350,-0.0294,-0.0917,0.0430
1786060520.5059,2.1585,0.9574,0.8530,1.2464,-2.2374,-0.8439,0.0571,0.0740,0.1169,-0.0747,-0.1095,0.0366,-0.0957,0.3575,-0.3750,0.1435,0.2500,0.3566,1.0000,0.0000,1.0000,0.0000,2.2050,1.0032,0.9171,1.2545,-2.2608,-0.8271,0.0360,0.0695,0.1090,-0.0113,-0.0932,0.0491
1786060520.5547,2.1585,0.9574,0.8530,1.2464,-2.2374,-0.8439,0.0571,0.0740,0.1169,-0.0747,-0.1095,0.0366,-0.0391,0.3615,-0.3393,0.0353,0.2456,0.3088,1.0000,0.0000,1.0000,0.0000,2.2050,1.0032,0.9171,1.2545,-2.2608,-0.8271,0.0360,0.0695,0.1090,-0.0113,-0.0932,0.0491
1786060520.6085,2.1585,0.9574,0.8678,1.2424,-2.2374,-0.8439,0.0571,0.0740,0.1268,-0.0638,-0.1095,0.0366,0.0196,0.2488,-0.2390,-0.0760,0.2324,0.2354,1.0000,0.0000,1.0000,0.0000,2.2097,1.0086,0.9272,1.2540,-2.2701,-0.8218,0.0581,0.0456,0.0978,-0.0029,-0.0955,0.0544
1786060520.6596,2.1655,0.9656,0.8683,1.2422,-2.2509,-0.8393,0.0593,0.0739,0.1264,-0.0634,-0.1137,0.0382,0.0773,0.0559,-0.0933,-0.1807,0.2111,0.1424,1.0000,1.0000,1.0000,0.0000,2.2097,1.0086,0.9272,1.2540,-2.2701,-0.8218,0.0581,0.0456,0.0978,-0.0029,-0.0955,0.0544
1786060520.7046,2.1709,0.9727,0.8837,1.2428,-2.2597,-0.8359,0.0608,0.0771,0.1405,-0.0439,-0.1118,0.0389,0.1306,-0.1551,0.0703,-0.2693,0.1822,0.0376,1.0000,1.0000,1.0000,0.0000,2.2167,1.0135,0.9371,1.2535,-2.2800,-0.8165,0.0775,0.0574,0.0999,-0.0077,-0.1017,0.0497
1786060520.7560,2.1709,0.9727,0.8837,1.2428,-2.2597,-0.8359,0.0608,0.0771,0.1405,-0.0439,-0.1118,0.0389,0.1768,-0.3160,0.2204,-0.3341,0.1469,-0.0703,1.0000,1.0000,1.0000,0.0000,2.2167,1.0135,0.9371,1.2535,-2.2800,-0.8165,0.0775,0.0574,0.0999,-0.0077,-0.1017,0.0497
1786060520.8045,2.1786,0.9852,0.8947,1.2435,-2.2698,-0.8325,0.0639,0.0895,0.1257,-0.0264,-0.1048,0.0360,0.2132,-0.3750,0.3286,-0.3694,0.1064,-0.1723,1.0000,0.0000,1.0000,0.0000,2.2245,1.0216,0.9475,1.2521,-2.2906,-0.8121,0.0744,0.1040,0.1076,-0.0223,-0.1093,0.0411
1786060520.8546,2.1786,0.9852,0.8947,1.2435,-2.2698,-0.8325,0.0639,0.0895,0.1257,-0.0264,-0.1048,0.0360,0.2378,-0.3130,0.3743,-0.3720,0.0622,-0.2601,1.0000,0.0000,1.0000,0.0000,2.2245,1.0216,0.9475,1.2521,-2.2906,-0.8121,0.0744,0.1040,0.1076,-0.0223,-0.1093,0.0411
1786060520.9046,2.1831,0.9952,0.9042,1.2446,-2.2784,-0.8277,0.0597,0.0952,0.1198,-0.0157,-0.1015,0.0407,0.2492,-0.1501,0.3487,-0.3418,0.0157,-0.3263,1.0000,1.0000,1.0000,1.0000,2.2307,1.0343,0.9587,1.2489,-2.3014,-0.8080,0.0490,0.1391,0.1154,-0.0373,-0.1029,0.0425
1786060520.9550,2.1831,0.9952,0.9042,1.2446,-2.2784,-0.8277,0.0597,0.0952,0.1198,-0.0157,-0.1015,0.0407,0.2469,0.0612,0.2567,-0.2813,-0.0313,-0.3654,1.0000,1.0000,1.0000,1.0000,2.2307,1.0343,0.9587,1.2489,-2.3014,-0.8080,0.0490,0.1391,0.1154,-0.0373,-0.1029,0.0425
1786060521.0046,2.1863,1.0031,0.9162,1.2442,-2.2891,-0.8224,0.0495,0.0877,0.1169,-0.0117,-0.1010,0.0436,0.2310,0.2528,0.1159,-0.1959,-0.0773,-0.3743,1.0000,1.0000,1.0000,1.0000,2.2343,1.0468,0.9706,1.2449,-2.3103,-0.8032,0.0283,0.1048,0.1214,-0.0392,-0.0766,0.0530
1786060521.0546,2.1863,1.0031,0.9162,1.2442,-2.2891,-0.8224,0.0495,0.0877,0.1169,-0.0117,-0.1010,0.0436,0.2023,0.3629,-0.0470,-0.0933,-0.1204,-0.3520,1.0000,1.0000,1.0000,1.0000,2.2343,1.0468,0.9706,1.2449,-2.3103,-0.8032,0.0283,0.1048,0.1214,-0.0392,-0.0766,0.0530
1786060521.1085,2.1863,1.0031,0.9162,1.2442,-2.2891,-0.8224,0.0495,0.0877,0.1169,-0.0117,-0.1010,0.0436,0.1624,0.3559,-0.2009,0.0177,-0.1594,-0.3006,1.0000,1.0000,1.0000,1.0000,2.2345,1.0468,0.9708,1.2449,-2.3101,-0.8033,0.0280,0.1050,0.1211,-0.0390,-0.0769,0.0532
1786060521.1615,2.1937,1.0144,0.9262,1.2426,-2.2944,-0.8196,0.0570,0.0952,0.1090,-0.0125,-0.0854,0.0386,0.1135,0.2341,-0.3166,0.1270,-0.1926,-0.2242,1.0000,0.0000,1.0000,0.0000,2.2366,1.0546,0.9831,1.2414,-2.3160,-0.7976,0.0189,0.0593,0.1284,-0.0316,-0.0390,0.0555
1786060521.2125,2.1937,1.0144,0.9262,1.2426,-2.2944,-0.8196,0.0570,0.0952,0.1090,-0.0125,-0.0854,0.0386,0.0584,0.0368,-0.3720,0.2252,-0.2191,-0.1292,1.0000,0.0000,1.0000,0.0000,2.2366,1.0546,0.9831,1.2414,-2.3160,-0.7976,0.0189,0.0593,0.1284,-0.0316,-0.0390,0.0555
1786060521.2546,2.1981,1.0208,0.9394,1.2400,-2.3068,-0.8164,0.0522,0.0845,0.1168,-0.0168,-0.0965,0.0360,0.0000,-0.1723,-0.3566,0.3034,-0.2378,-0.0235,1.0000,1.0000,1.0000,1.0000,2.2385,1.0595,0.9964,1.2386,-2.3183,-0.7929,0.0242,0.0464,0.1370,-0.0256,-0.0131,0.0392
1786060521.3046,2.2058,1.0300,0.9511,1.2366,-2.3068,-0.8164,0.0596,0.0862,0.1191,-0.0227,-0.0965,0.0360,-0.0584,-0.3259,-0.2734,0.3548,-0.2480,0.0841,1.0000,1.0000,1.0000,0.0000,2.2423,1.0657,0.9966,1.2386,-2.3181,-0.7929,0.0503,0.0834,0.1375,-0.0257,-0.0127,0.0391
1786060521.3545,2.2058,1.0300,0.9518,1.2364,-2.3138,-0.8149,0.0596,0.0862,0.1182,-0.0228,-0.0876,0.0293,-0.1135,-0.3744,-0.1380,0.3748,-0.2495,0.1848,1.0000,1.0000,1.0000,1.0000,2.2423,1.0657,1.0102,1.2362,-2.3197,-0.7897,0.0503,0.0834,0.1377,-0.0239,-0.0194,0.0295
1786060521.4178,2.2058,1.0300,0.9518,1.2364,-2.3138,-0.8149,0.0596,0.0862,0.1182,-0.0228,-0.0876,0.0293,-0.1624,-0.3021,0.0235,0.3617,-0.2421,0.2701,1.0000,1.0000,1.0000,1.0000,2.2425,1.0657,1.0105,1.2362,-2.3194,-0.7897,0.0505,0.0831,0.1380,-0.0241,-0.0192,0.0293
1786060521.4677,2.2058,1.0300,0.9631,1.2340,-2.3138,-0.8149,0.0596,0.0862,0.1106,-0.0221,-0.0876,0.0293,-0.2023,-0.1323,0.1807,0.3166,-0.2262,0.3331,1.0000,0.0000,1.0000,0.0000,2.2425,1.0657,1.0105,1.2362,-2.3194,-0.7897,0.0505,0.0831,0.1380,-0.0241,-0.0192,0.0293
1786060521.5046,2.2124,1.0389,0.9636,1.2338,-2.3137,-0.8060,0.0568,0.0799,0.1085,-0.0218,-0.0527,0.0456,-0.2310,0.0801,0.3034,0.2435,-0.2023,0.3684,1.0000,1.0000,1.0000,1.0000,2.2488,1.0775,1.0232,1.2340,-2.3229,-0.7864,0.0738,0.1406,0.1206,-0.0183,-0.0414,0.0370
1786060521.5546,2.2214,1.0442,0.9746,1.2305,-2.3112,-0.8011,0.0663,0.0708,0.1074,-0.0251,-0.0277,0.0459,-0.2469,0.2667,0.3684,0.1489,-0.1711,0.3731,1.0000,1.0000,1.0000,1.0000,2.2561,1.0917,1.0336,1.2327,-2.3275,-0.7819,0.0695,0.1316,0.0900,-0.0091,-0.0482,0.0525
1786060521.6056,2.2214,1.0442,0.9746,1.2305,-2.3112,-0.8011,0.0663,0.0708,0.1074,-0.0251,-0.0277,0.0459,-0.2492,0.3672,0.3632,0.0412,-0.1340,0.3469,1.0000,1.0000,1.0000,1.0000,2.2564,1.0917,1.0339,1.2327,-2.3273,-0.7819,0.0691,0.1318,0.0897,-0.0090,-0.0486,0.0526
1786060521.6546,2.2270,1.0543,0.9822,1.2300,-2.3056,-0.7933,0.0681,0.0855,0.1059,-0.0206,-0.0035,0.0595,-0.2378,0.3494,0.2889,-0.0703,-0.0920,0.2919,1.0000,1.0000,1.0000,1.0000,2.2621,1.1021,1.0418,1.2318,-2.3319,-0.7759,0.0525,0.0819,0.0774,-0.0130,-0.0377,0.0642
1786060521.7102,2.2270,1.0543,0.9949,1.2278,-2.3056,-0.7933,0.0681,0.0855,0.1122,-0.0211,-0.0035,0.0595,-0.2132,0.2188,0.1597,-0.1755,-0.0468,0.2127,1.0000,0.0000,1.0000,0.0000,2.2623,1.1021,1.0420,1.2318,-2.3317,-0.7759,0.0523,0.0821,0.0772,-0.0128,-0.0379,0.0644
1786060521.7545,2.2311,1.0617,0.9949,1.2278,-2.3052,-0.7843,0.0590,0.0812,0.1117,-0.0210,-0.0011,0.0685,-0.1768,0.0177,-0.0000,-0.2652,-0.0000,0.1159,1.0000,1.0000,1.0000,1.0000,2.2667,1.1084,1.0503,1.2295,-2.3348,-0.7695,0.0418,0.0514,0.0963,-0.0325,-0.0231,0.0627
1786060521.8046,2.2320,1.0717,1.0051,1.2286,-2.3049,-0.7796,0.0458,0.0906,0.1133,-0.0128,0.0002,0.0650,-0.1306,-0.1892,-0.1597,-0.3314,0.0468,0.0094,1.0000,1.0000,1.0000,1.0000,2.2708,1.1136,1.0624,1.2253,-2.3372,-0.7639,0.0424,0.0578,0.1456,-0.0480,-0.0323,0.0499
1786060521.8573,2.2320,1.0717,1.0051,1.2286,-2.3049,-0.7796,0.0458,0.0906,0.1133,-0.0128,0.0002,0.0650,-0.0773,-0.3350,-0.2889,-0.3684,0.0920,-0.0978,1.0000,1.0000,1.0000,1.0000,2.2708,1.1136,1.0624,1.2253,-2.3372,-0.7639,0.0424,0.0578,0.1456,-0.0480,-0.0323,0.0499
1786060521.9047,2.2315,1.0797,1.0157,1.2273,-2.3148,-0.7691,0.0297,0.0868,0.1103,-0.0127,-0.0310,0.0770,-0.0196,-0.3727,-0.3632,-0.3727,0.1340,-0.1969,1.0000,1.0000,1.0000,1.0000,2.2755,1.1219,1.0794,1.2208,-2.3429,-0.7595,0.0523,0.1104,0.1805,-0.0378,-0.0818,0.0398
1786060521.9547,2.2315,1.0797,1.0157,1.2273,-2.3148,-0.7691,0.0297,0.0868,0.1103,-0.0127,-0.0310,0.0770,0.0391,-0.2903,-0.3684,-0.3442,0.1711,-0.2797,1.0000,1.0000,1.0000,1.0000,2.2755,1.1219,1.0794,1.2208,-2.3429,-0.7595,0.0523,0.1104,0.1805,-0.0378,-0.0818,0.0398
1786060522.0046,2.2348,1.0880,1.0260,1.2258,-2.3239,-0.7624,0.0316,0.0877,0.1068,-0.0134,-0.0504,0.0759,0.0957,-0.1142,-0.3034,-0.2852,0.2023,-0.3393,1.0000,0.0000,1.0000,0.0000,2.2813,1.1358,1.0966,1.2180,-2.3538,-0.7557,0.0605,0.1545,0.1578,-0.0198,-0.1264,0.0384
1786060522.0547,2.2348,1.0880,1.0260,1.2258,-2.3239,-0.7624,0.0316,0.0877,0.1068,-0.0134,-0.0504,0.0759,0.1469,0.0987,-0.1807,-0.2009,0.2262,-0.3707,1.0000,0.0000,1.0000,0.0000,2.2813,1.1358,1.0966,1.2180,-2.3538,-0.7557,0.0605,0.1545,0.1578,-0.0198,-0.1264,0.0384
1786060522.1045,2.2415,1.1046,1.0368,1.2243,-2.3324,-0.7580,0.0424,0.1121,0.1087,-0.0139,-0.0612,0.0658,0.1901,0.2798,-0.0235,-0.0990,0.2421,-0.3714,1.0000,1.0000,1.0000,0.0000,2.2876,1.1501,1.1095,1.2160,-2.3663,-0.7514,0.0621,0.1257,0.1069,-0.0235,-0.1177,0.0484
1786060522.1547,2.2415,1.1046,1.0368,1.2243,-2.3324,-0.7580,0.0424,0.1121,0.1087,-0.0139,-0.0612,0.0658,0.2228,0.3706,0.1380,0.0118,0.2495,-0.3413,1.0000,1.0000,1.0000,0.0000,2.2876,1.1501,1.1095,1.2160,-2.3663,-0.7514,0.0621,0.1257,0.1069,-0.0235,-0.1177,0.0484
1786060522.2047,2.2458,1.1151,1.0557,1.2212,-2.3442,-0.7537,0.0420,0.1085,0.1336,-0.0192,-0.0784,0.0578,0.2431,0.3419,0.2734,0.1215,0.2480,-0.2828,1.0000,1.0000,1.0000,1.0000,2.2936,1.1595,1.1184,1.2131,-2.3760,-0.7460,0.0582,0.0696,0.0810,-0.0334,-0.0796,0.0556
1786060522.2550,2.2458,1.1151,1.0557,1.2212,-2.3442,-0.7537,0.0420,0.1085,0.1336,-0.0192,-0.0784,0.0578,0.2500,0.2029,0.3566,0.2204,0.2378,-0.2009,1.0000,1.0000,1.0000,1.0000,2.2936,1.1595,1.1184,1.2131,-2.3760,-0.7460,0.0582,0.0696,0.0810,-0.0334,-0.0796,0.0556
1786060522.3047,2.2492,1.1294,1.0729,1.2205,-2.3514,-0.7520,0.0396,0.1189,0.1450,-0.0154,-0.0758,0.0449,0.2431,-0.0015,0.3720,0.2999,0.2191,-0.1024,1.0000,1.0000,1.0000,1.0000,2.2990,1.1649,1.1270,1.2091,-2.3828,-0.7408,0.0495,0.0486,0.0932,-0.0459,-0.0641,0.0488
1786060522.3551,2.2492,1.1294,1.0729,1.2205,-2.3514,-0.7520,0.0396,0.1189,0.1450,-0.0154,-0.0758,0.0449,0.2228,-0.2055,0.3166,0.3528,0.1926,0.0047,1.0000,1.0000,1.0000,1.0000,2.2990,1.1649,1.1270,1.2091,-2.3828,-0.7408,0.0495,0.0486,0.0932,-0.0459,-0.0641,0.0488
1786060522.4163,2.2492,1.1294,1.0729,1.2205,-2.3514,-0.7520,0.0396,0.1189,0.1450,-0.0154,-0.0758,0.0449,0.1901,-0.3432,0.2009,0.3746,0.1594,0.1114,1.0000,1.0000,1.0000,1.0000,2.2992,1.1649,1.1272,1.2091,-2.3826,-0.7408,0.0498,0.0485,0.0935,-0.0460,-0.0638,0.0487
1786060522.4773,2.2492,1.1294,1.0729,1.2205,-2.3514,-0.7520,0.0396,0.1189,0.1450,-0.0154,-0.0758,0.0449,0.1469,-0.3702,0.0470,0.3632,0.1204,0.2088,1.0000,0.0000,1.0000,1.0000,2.3032,1.1716,1.1385,1.2039,-2.3900,-0.7364,0.0360,0.0916,0.1362,-0.0561,-0.0826,0.0400
1786060522.5058,2.2492,1.1294,1.0835,1.2203,-2.3514,-0.7520,0.0396,0.1189,0.1253,-0.0106,-0.0758,0.0449,0.0957,-0.2778,-0.1159,0.3197,0.0773,0.2889,1.0000,0.0000,1.0000,0.0000,2.3032,1.1716,1.1385,1.2039,-2.3900,-0.7364,0.0360,0.0916,0.1362,-0.0561,-0.0826,0.0400
1786060522.5548,2.2631,1.1507,1.0910,1.2139,-2.3675,-0.7481,0.0598,0.1125,0.1131,-0.0274,-0.0752,0.0298,0.0391,-0.0958,-0.2567,0.2480,0.0313,0.3451,1.0000,1.0000,1.0000,1.0000,2.3062,1.1851,1.1543,1.1982,-2.3999,-0.7327,0.0270,0.1645,0.1715,-0.0560,-0.1128,0.0342
1786060522.6054,2.2697,1.1602,1.1021,1.2040,-2.3703,-0.7439,0.0618,0.1075,0.1128,-0.0500,-0.0605,0.0337,-0.0196,0.1171,-0.3487,0.1543,-0.0157,0.3726,1.0000,1.0000,1.0000,1.0000,2.3093,1.2019,1.1715,1.1938,-2.4118,-0.7294,0.0380,0.1607,0.1669,-0.0323,-0.1174,0.0346
1786060522.6546,2.2697,1.1602,1.1024,1.2038,-2.3703,-0.7439,0.0618,0.1075,0.1124,-0.0503,-0.0605,0.0337,-0.0773,0.2922,-0.3743,0.0470,-0.0622,0.3692,1.0000,0.0000,1.0000,0.0000,2.3093,1.2019,1.1715,1.1938,-2.4118,-0.7294,0.0380,0.1607,0.1669,-0.0323,-0.1174,0.0346
1786060522.7046,2.2733,1.1650,1.1246,1.1900,-2.3764,-0.7395,0.0542,0.0898,0.1491,-0.0786,-0.0611,0.0374,-0.1306,0.3731,-0.3286,-0.0645,-0.1064,0.3352,1.0000,1.0000,1.0000,1.0000,2.3147,1.2147,1.1864,1.1921,-2.4219,-0.7255,0.0677,0.0991,0.1325,-0.0064,-0.0837,0.0435
1786060522.7547,2.2733,1.1650,1.1246,1.1900,-2.3764,-0.7395,0.0542,0.0898,0.1491,-0.0786,-0.0611,0.0374,-0.1768,0.3336,-0.2204,-0.1702,-0.1469,0.2734,1.0000,1.0000,1.0000,1.0000,2.3147,1.2147,1.1864,1.1921,-2.4219,-0.7255,0.0677,0.0991,0.1325,-0.0064,-0.0837,0.0435
1786060522.8046,2.2732,1.1689,1.1456,1.1832,-2.3804,-0.7363,0.0378,0.0754,0.1704,-0.0767,-0.0556,0.0360,-0.2132,0.1865,-0.0703,-0.2610,-0.1822,0.1889,1.0000,1.0000,1.0000,1.0000,2.3230,1.2221,1.1979,1.1918,-2.4274,-0.7204,0.0932,0.0589,0.1022,-0.0066,-0.0280,0.0554
1786060522.8547,2.2732,1.1689,1.1456,1.1832,-2.3804,-0.7363,0.0378,0.0754,0.1704,-0.0767,-0.0556,0.0360,-0.2378,-0.0207,0.0933,-0.3286,-0.2111,0.0887,1.0000,1.0000,1.0000,1.0000,2.3230,1.2221,1.1979,1.1918,-2.4274,-0.7204,0.0932,0.0589,0.1022,-0.0066,-0.0280,0.0554
1786060522.9046,2.2797,1.1732,1.1636,1.1798,-2.3911,-0.7311,0.0463,0.0653,0.1737,-0.0634,-0.0719,0.0414,-0.2492,-0.2213,0.2390,-0.3672,-0.2324,-0.0188,1.0000,1.0000,1.0000,1.0000,2.3324,1.2280,1.2077,1.1898,-2.4275,-0.7151,0.0887,0.0679,0.0974,-0.0342,0.0158,0.0496
1786060522.9546,2.2797,1.1732,1.1636,1.1798,-2.3911,-0.7311,0.0463,0.0653,0.1737,-0.0634,-0.0719,0.0414,-0.2469,-0.3505,0.3393,-0.3733,-0.2456,-0.1248,1.0000,1.0000,1.0000,1.0000,2.3324,1.2280,1.2077,1.1898,-2.4275,-0.7151,0.0887,0.0679,0.0974,-0.0342,0.0158,0.0496
1786060523.0047,2.2834,1.1748,1.1729,1.1789,-2.3975,-0.7281,0.0448,0.0515,0.1530,-0.0481,-0.0712,0.0388,-0.2310,-0.3666,0.3750,-0.3465,-0.2500,-0.2204,1.0000,1.0000,1.0000,1.0000,2.3396,1.2381,1.2183,1.1846,-2.4260,-0.7107,0.0573,0.1357,0.1169,-0.0662,0.0072,0.0398
1786060523.0554,2.2834,1.1748,1.1729,1.1789,-2.3975,-0.7281,0.0448,0.0515,0.1530,-0.0481,-0.0712,0.0388,-0.2023,-0.2645,0.3393,-0.2889,-0.2456,-0.2977,1.0000,1.0000,1.0000,1.0000,2.3396,1.2381,1.2183,1.1846,-2.4260,-0.7107,0.0573,0.1357,0.1169,-0.0662,0.0072,0.0398
1786060523.1048,2.2900,1.1804,1.1775,1.1790,-2.3996,-0.7232,0.0513,0.0531,0.1195,-0.0327,-0.0556,0.0418,-0.1624,-0.0771,0.2390,-0.2059,-0.2324,-0.3504,1.0000,1.0000,1.0000,1.0000,2.3439,1.2553,1.2315,1.1771,-2.4268,-0.7069,0.0354,0.1909,0.1433,-0.0763,-0.0187,0.0390
1786060523.1546,2.2900,1.1804,1.1775,1.1790,-2.3996,-0.7232,0.0513,0.0531,0.1195,-0.0327,-0.0556,0.0418,-0.1135,0.1352,0.0933,-0.1046,-0.2111,-0.3739,1.0000,1.0000,1.0000,1.0000,2.3439,1.2553,1.2315,1.1771,-2.4268,-0.7069,0.0354,0.1909,0.1433,-0.0763,-0.0187,0.0390
1786060523.2055,2.2900,1.1804,1.1781,1.1801,-2.3996,-0.7232,0.0513,0.0531,0.0791,-0.0179,-0.0556,0.0418,-0.0584,0.3039,-0.0703,0.0059,-0.1822,-0.3665,1.0000,0.0000,1.0000,0.0000,2.3442,1.2552,1.2318,1.1770,-2.4265,-0.7069,0.0353,0.1908,0.1431,-0.0764,-0.0188,0.0389
1786060523.2546,2.3029,1.1870,1.1785,1.1799,-2.4026,-0.7153,0.0725,0.0541,0.0783,-0.0178,-0.0444,0.0512,-0.0000,0.3745,-0.2204,0.1159,-0.1469,-0.3286,1.0000,1.0000,1.0000,1.0000,2.3477,1.2726,1.2467,1.1703,-2.4297,-0.7027,0.0413,0.1482,0.1559,-0.0565,-0.0374,0.0445
1786060523.3060,2.3029,1.1870,1.1785,1.1799,-2.4026,-0.7153,0.0725,0.0541,0.0783,-0.0178,-0.0444,0.0512,0.0584,0.3244,-0.3286,0.2156,-0.1064,-0.2635,1.0000,1.0000,1.0000,1.0000,2.3479,1.2726,1.2470,1.1703,-2.4295,-0.7028,0.0408,0.1484,0.1554,-0.0562,-0.0380,0.0447
1786060523.3561,2.3029,1.1870,1.1826,1.1794,-2.4026,-0.7153,0.0725,0.0541,0.0662,-0.0141,-0.0444,0.0512,0.1135,0.1696,-0.3743,0.2963,-0.0622,-0.1765,1.0000,0.0000,1.0000,0.0000,2.3479,1.2726,1.2470,1.1703,-2.4295,-0.7028,0.0408,0.1484,0.1554,-0.0562,-0.0380,0.0447
1786060523.4045,2.3001,1.2088,1.1987,1.1772,-2.4056,-0.7087,0.0381,0.1029,0.0968,-0.0166,-0.0380,0.0536,0.1624,-0.0399,-0.3487,0.3508,-0.0157,-0.0749,1.0000,0.0000,1.0000,0.0000,2.3606,1.2890,1.2767,1.1639,-2.4384,-0.6951,0.0860,0.0519,0.1379,-0.0203,-0.0408,0.0275
1786060523.4545,2.2881,1.2261,1.1984,1.1771,-2.4096,-0.7046,-0.0100,0.1284,0.0952,-0.0162,-0.0398,0.0515,0.2023,-0.2365,-0.2567,0.3743,0.0313,0.0329,1.0000,1.0000,1.0000,1.0000,2.3606,1.2890,1.2767,1.1639,-2.4384,-0.6951,0.0860,0.0519,0.1379,-0.0203,-0.0408,0.0275
1786060523.5045,2.2800,1.2361,1.2128,1.1718,-2.4171,-0.7007,-0.0330,0.1264,0.1157,-0.0287,-0.0531,0.0502,0.2310,-0.3568,-0.1159,0.3646,0.0773,0.1380,1.0000,1.0000,1.0000,1.0000,2.3693,1.2963,1.2896,1.1619,-2.4424,-0.6925,0.0837,0.0974,0.1206,-0.0213,-0.0398,0.0260
1786060523.5547,2.2800,1.2361,1.2128,1.1718,-2.4171,-0.7007,-0.0330,0.1264,0.1157,-0.0287,-0.0531,0.0502,0.2469,-0.3621,0.0470,0.3228,0.1204,0.2317,1.0000,1.0000,1.0000,1.0000,2.3693,1.2963,1.2896,1.1619,-2.4424,-0.6925,0.0837,0.0974,0.1206,-0.0213,-0.0398,0.0260
1786060523.6045,2.2833,1.2566,1.2259,1.1658,-2.4249,-0.6974,-0.0118,0.1494,0.1189,-0.0383,-0.0601,0.0444,0.2492,-0.2505,0.2009,0.2524,0.1594,0.3061,1.0000,1.0000,1.0000,1.0000,2.3763,1.3094,1.3010,1.1593,-2.4473,-0.6895,0.0564,0.1518,0.1100,-0.0294,-0.0585,0.0354
1786060523.6547,2.2833,1.2566,1.2259,1.1658,-2.4249,-0.6974,-0.0118,0.1494,0.1189,-0.0383,-0.0601,0.0444,0.2378,-0.0582,0.3166,0.1597,0.1926,0.3552,1.0000,1.0000,1.0000,1.0000,2.3763,1.3094,1.3010,1.1593,-2.4473,-0.6895,0.0564,0.1518,0.1100,-0.0294,-0.0585,0.0354
1786060523.7104,2.2833,1.2566,1.2259,1.1658,-2.4249,-0.6974,-0.0118,0.1494,0.1189,-0.0383,-0.0601,0.0444,0.2132,0.1529,0.3720,0.0528,0.2191,0.3747,1.0000,1.0000,1.0000,1.0000,2.3804,1.3249,1.3117,1.1559,-2.4549,-0.6853,0.0306,0.1492,0.1056,-0.0379,-0.0896,0.0471
1786060523.7546,2.2970,1.2772,1.2468,1.1597,-2.4323,-0.6938,0.0349,0.1661,0.1470,-0.0456,-0.0640,0.0414,0.1768,0.3147,0.3566,-0.0587,0.2378,0.3632,1.0000,1.0000,1.0000,0.0000,2.3804,1.3249,1.3117,1.1559,-2.4549,-0.6853,0.0306,0.1492,0.1056,-0.0379,-0.0896,0.0471
1786060523.8046,2.3068,1.2889,1.2661,1.1534,-2.4390,-0.6914,0.0547,0.1503,0.1602,-0.0504,-0.0647,0.0358,0.1306,0.3750,0.2734,-0.1650,0.2480,0.3216,1.0000,1.0000,1.0000,1.0000,2.3827,1.3374,1.3227,1.1518,-2.4649,-0.6801,0.0169,0.1044,0.1153,-0.0416,-0.1049,0.0543
1786060523.8631,2.3068,1.2889,1.2661,1.1534,-2.4390,-0.6914,0.0547,0.1503,0.1602,-0.0504,-0.0647,0.0358,0.0773,0.3143,0.1380,-0.2567,0.2495,0.2532,1.0000,1.0000,1.0000,1.0000,2.3827,1.3374,1.3227,1.1518,-2.4649,-0.6801,0.0169,0.1044,0.1153,-0.0416,-0.1049,0.0543
1786060523.9046,2.3068,1.2889,1.2808,1.1500,-2.4390,-0.6914,0.0547,0.1503,0.1583,-0.0464,-0.0647,0.0358,0.0196,0.1523,-0.0235,-0.3257,0.2421,0.1639,1.0000,0.0000,1.0000,0.0000,2.3847,1.3459,1.3358,1.1482,-2.4750,-0.6747,0.0291,0.0737,0.1459,-0.0294,-0.0978,0.0530
1786060523.9560,2.3193,1.2977,1.2815,1.1497,-2.4441,-0.6879,0.0760,0.1291,0.1566,-0.0458,-0.0599,0.0351,-0.0391,-0.0589,-0.1807,-0.3660,0.2262,0.0610,1.0000,1.0000,1.0000,1.0000,2.3847,1.3459,1.3358,1.1482,-2.4750,-0.6747,0.0291,0.0737,0.1459,-0.0294,-0.0978,0.0530
1786060524.0047,2.3193,1.2977,1.2815,1.1497,-2.4441,-0.6879,0.0760,0.1291,0.1566,-0.0458,-0.0599,0.0351,-0.0957,-0.2511,-0.3034,-0.3738,0.2023,-0.0470,1.0000,1.0000,1.0000,1.0000,2.3847,1.3459,1.3358,1.1482,-2.4750,-0.6747,0.0291,0.0737,0.1459,-0.0294,-0.0978,0.0530
1786060524.0545,2.3422,1.3125,1.3054,1.1438,-2.4514,-0.6831,0.1173,0.1238,0.1688,-0.0458,-0.0587,0.0362,-0.1469,-0.3623,-0.3684,-0.3487,0.1711,-0.1511,1.0000,1.0000,1.0000,1.0000,2.3898,1.3533,1.3518,1.1463,-2.4844,-0.6699,0.0701,0.0813,0.1675,-0.0132,-0.0929,0.0432
1786060524.1054,2.3422,1.3125,1.3054,1.1438,-2.4514,-0.6831,0.1173,0.1238,0.1688,-0.0458,-0.0587,0.0362,-0.1901,-0.3566,-0.3632,-0.2927,0.1340,-0.2426,1.0000,1.0000,1.0000,1.0000,2.3985,1.3637,1.3685,1.1448,-2.4942,-0.6659,0.0934,0.1221,0.1629,-0.0189,-0.1026,0.0391
1786060524.1555,2.3617,1.3190,1.3187,1.1436,-2.4584,-0.6804,0.1498,0.1139,0.1693,-0.0352,-0.0664,0.0358,-0.2228,-0.2359,-0.2889,-0.2108,0.0920,-0.3141,1.0000,1.0000,1.0000,1.0000,2.3985,1.3637,1.3685,1.1448,-2.4942,-0.6659,0.0934,0.1221,0.1629,-0.0189,-0.1026,0.0391
1786060524.2047,2.3698,1.3293,1.3272,1.1439,-2.4584,-0.6804,0.1321,0.1136,0.1470,-0.0245,-0.0664,0.0358,-0.2431,-0.0392,-0.1597,-0.1103,0.0468,-0.3594,1.0000,1.0000,1.0000,0.0000,2.4070,1.3772,1.3834,1.1414,-2.5049,-0.6617,0.0750,0.1395,0.1397,-0.0474,-0.1100,0.0462
1786060524.2581,2.3698,1.3293,1.3272,1.1439,-2.4584,-0.6804,0.1321,0.1136,0.1470,-0.0245,-0.0664,0.0358,-0.2500,0.1702,-0.0000,-0.0000,0.0000,-0.3750,1.0000,1.0000,1.0000,0.0000,2.4070,1.3772,1.3834,1.1414,-2.5049,-0.6617,0.0750,0.1395,0.1397,-0.0474,-0.1100,0.0462
1786060524.3046,2.3698,1.3293,1.3275,1.1439,-2.4639,-0.6786,0.1321,0.1136,0.1448,-0.0238,-0.0645,0.0311,-0.2431,0.3247,0.1597,0.1103,-0.0468,-0.3594,1.0000,0.0000,1.0000,0.0000,2.4070,1.3772,1.3834,1.1414,-2.5049,-0.6617,0.0750,0.1395,0.1397,-0.0474,-0.1100,0.0462
1786060524.3561,2.3698,1.3293,1.3275,1.1439,-2.4639,-0.6786,0.1321,0.1136,0.1448,-0.0238,-0.0645,0.0311,-0.2228,0.3745,0.2889,0.2108,-0.0920,-0.3141,1.0000,0.0000,1.0000,0.0000,2.4070,1.3772,1.3834,1.1414,-2.5049,-0.6617,0.0750,0.1395,0.1397,-0.0474,-0.1100,0.0462
1786060524.4046,2.3804,1.3430,1.3324,1.1441,-2.4651,-0.6760,0.1130,0.1118,0.1051,-0.0137,-0.0428,0.0269,-0.1901,0.3035,0.3632,0.2927,-0.1340,-0.2426,1.0000,1.0000,1.0000,1.0000,2.4128,1.3896,1.3963,1.1354,-2.5154,-0.6567,0.0463,0.1088,0.1217,-0.0667,-0.0964,0.0524
1786060524.4610,2.3804,1.3430,1.3324,1.1441,-2.4651,-0.6760,0.1130,0.1118,0.1051,-0.0137,-0.0428,0.0269,-0.1469,0.1345,0.3684,0.3487,-0.1711,-0.1511,1.0000,1.0000,1.0000,1.0000,2.4128,1.3896,1.3963,1.1354,-2.5154,-0.6567,0.0463,0.1088,0.1217,-0.0667,-0.0964,0.0524
1786060524.5055,2.3857,1.3551,1.3412,1.1405,-2.4626,-0.6725,0.0903,0.1105,0.0957,-0.0200,-0.0200,0.0284,-0.0957,-0.0778,0.3034,0.3738,-0.2023,-0.0470,1.0000,1.0000,1.0000,1.0000,2.4167,1.3984,1.4080,1.1290,-2.5232,-0.6517,0.0369,0.0735,0.1161,-0.0563,-0.0616,0.0447
1786060524.5546,2.3866,1.3600,1.3531,1.1335,-2.4696,-0.6661,0.0685,0.0960,0.1072,-0.0368,-0.0367,0.0408,-0.0391,-0.2650,0.1807,0.3660,-0.2262,0.0610,1.0000,1.0000,1.0000,1.0000,2.4209,1.4056,1.4199,1.1249,-2.5273,-0.6480,0.0495,0.0778,0.1215,-0.0277,-0.0248,0.0333
1786060524.6056,2.3866,1.3600,1.3531,1.1335,-2.4696,-0.6661,0.0685,0.0960,0.1072,-0.0368,-0.0367,0.0408,0.0196,-0.3667,0.0235,0.3257,-0.2421,0.1639,1.0000,1.0000,1.0000,1.0000,2.4209,1.4056,1.4199,1.1249,-2.5273,-0.6480,0.0495,0.0778,0.1215,-0.0277,-0.0248,0.0333
1786060524.6547,2.3905,1.3650,1.3608,1.1286,-2.4828,-0.6583,0.0592,0.0812,0.0974,-0.0404,-0.0664,0.0525,0.0773,-0.3502,-0.1380,0.2567,-0.2495,0.2532,1.0000,1.0000,1.0000,1.0000,2.4268,1.4156,1.4328,1.1233,-2.5288,-0.6448,0.0666,0.1210,0.1364,-0.0096,-0.0113,0.0313
1786060524.7046,2.3905,1.3650,1.3608,1.1286,-2.4828,-0.6583,0.0592,0.0812,0.0974,-0.0404,-0.0664,0.0525,0.1306,-0.2207,-0.2734,0.1650,-0.2480,0.3216,1.0000,1.0000,1.0000,1.0000,2.4271,1.4155,1.4330,1.1233,-2.5286,-0.6448,0.0670,0.1208,0.1368,-0.0098,-0.0108,0.0310
1786060524.7569,2.3905,1.3650,1.3608,1.1286,-2.4828,-0.6583,0.0592,0.0812,0.0974,-0.0404,-0.0664,0.0525,0.1768,-0.0200,-0.3566,0.0587,-0.2378,0.3632,1.0000,1.0000,1.0000,1.0000,2.4271,1.4155,1.4330,1.1233,-2.5286,-0.6448,0.0670,0.1208,0.1368,-0.0098,-0.0108,0.0310
1786060524.8046,2.3844,1.3836,1.3845,1.1216,-2.5024,-0.6446,0.0141,0.0916,0.1156,-0.0390,-0.0902,0.0653,0.2132,0.1871,-0.3720,-0.0528,-0.2191,0.3747,1.0000,1.0000,1.0000,1.0000,2.4410,1.4419,1.4634,1.1204,-2.5335,-0.6371,0.0670,0.1131,0.1614,-0.0253,-0.0329,0.0486
1786060524.8547,2.3844,1.3836,1.3845,1.1216,-2.5024,-0.6446,0.0141,0.0916,0.1156,-0.0390,-0.0902,0.0653,0.2378,0.3339,-0.3166,-0.1597,-0.1926,0.3552,1.0000,1.0000,1.0000,1.0000,2.4410,1.4419,1.4634,1.1204,-2.5335,-0.6371,0.0670,0.1131,0.1614,-0.0253,-0.0329,0.0486
1786060524.9048,2.3844,1.3836,1.3988,1.1163,-2.5024,-0.6446,0.0141,0.0916,0.1231,-0.0439,-0.0902,0.0653,0.2492,0.3730,-0.2009,-0.2524,-0.1594,0.3061,1.0000,0.0000,1.0000,0.0000,2.4470,1.4512,1.4790,1.1174,-2.5367,-0.6317,0.0535,0.0781,0.1499,-0.0332,-0.0293,0.0564
1786060524.9547,2.3844,1.3836,1.3988,1.1163,-2.5024,-0.6446,0.0141,0.0916,0.1231,-0.0439,-0.0902,0.0653,0.2469,0.2918,-0.0470,-0.3228,-0.1204,0.2317,1.0000,0.0000,1.0000,0.0000,2.4470,1.4512,1.4790,1.1174,-2.5367,-0.6317,0.0535,0.0781,0.1499,-0.0332,-0.0293,0.0564
1786060525.0055,2.3928,1.3994,1.4174,1.1101,-2.5140,-0.6383,0.0359,0.1102,0.1432,-0.0497,-0.0957,0.0630,0.2310,0.1164,0.1159,-0.3646,-0.0773,0.1380,1.0000,0.0000,1.0000,0.0000,2.4473,1.4511,1.4793,1.1173,-2.5364,-0.6318,0.0530,0.0784,0.1494,-0.0329,-0.0298,0.0567
1786060525.0570,2.3985,1.4086,1.4177,1.1097,-2.5213,-0.6337,0.0424,0.1041,0.1422,-0.0492,-0.0884,0.0574,0.2023,-0.0965,0.2567,-0.3743,-0.0313,0.0329,1.0000,1.0000,1.0000,1.0000,2.4515,1.4582,1.4926,1.1136,-2.5392,-0.6261,0.0389,0.0685,0.1246,-0.0420,-0.0234,0.0531
1786060525.1149,2.3985,1.4086,1.4177,1.1097,-2.5213,-0.6337,0.0424,0.1041,0.1422,-0.0492,-0.0884,0.0574,0.1624,-0.2782,0.3487,-0.3508,0.0157,-0.0749,1.0000,1.0000,1.0000,1.0000,2.4517,1.4582,1.4928,1.1136,-2.5390,-0.6262,0.0387,0.0688,0.1243,-0.0417,-0.0237,0.0534
1786060525.1546,2.4107,1.4219,1.4371,1.1088,-2.5314,-0.6293,0.0681,0.1154,0.1611,-0.0377,-0.0941,0.0543,0.1135,-0.3703,0.3743,-0.2963,0.0622,-0.1765,1.0000,1.0000,1.0000,1.0000,2.4547,1.4664,1.5040,1.1088,-2.5419,-0.6215,0.0266,0.1001,0.1075,-0.0536,-0.0360,0.0413
1786060525.2074,2.4107,1.4219,1.4486,1.1091,-2.5314,-0.6293,0.0681,0.1154,0.1498,-0.0262,-0.0941,0.0543,0.0584,-0.3429,0.3286,-0.2156,0.1064,-0.2635,1.0000,0.0000,1.0000,1.0000,2.4572,1.4794,1.5148,1.1033,-2.5475,-0.6177,0.0259,0.1523,0.1117,-0.0519,-0.0734,0.0360
1786060525.2547,2.4166,1.4333,1.4489,1.1091,-2.5367,-0.6250,0.0657,0.1159,0.1490,-0.0262,-0.0821,0.0512,0.0000,-0.2049,0.2204,-0.1159,0.1469,-0.3286,1.0000,0.0000,1.0000,0.0000,2.4572,1.4794,1.5148,1.1033,-2.5475,-0.6177,0.0259,0.1523,0.1117,-0.0519,-0.0734,0.0360
1786060525.3084,2.4195,1.4394,1.4627,1.1118,-2.5420,-0.6216,0.0556,0.1007,0.1481,-0.0090,-0.0744,0.0468,-0.0584,-0.0008,0.0703,-0.0059,0.1822,-0.3665,1.0000,1.0000,1.0000,1.0000,2.4606,1.4952,1.5269,1.0989,-2.5566,-0.6140,0.0434,0.1538,0.1297,-0.0364,-0.1025,0.0401
1786060525.3546,2.4195,1.4394,1.4627,1.1118,-2.5420,-0.6216,0.0556,0.1007,0.1481,-0.0090,-0.0744,0.0468,-0.1135,0.2035,-0.0933,0.1046,0.2111,-0.3739,1.0000,1.0000,1.0000,1.0000,2.4606,1.4952,1.5269,1.0989,-2.5566,-0.6140,0.0434,0.1538,0.1297,-0.0364,-0.1025,0.0401
1786060525.4094,2.4195,1.4394,1.4820,1.1104,-2.5420,-0.6216,0.0556,0.1007,0.1558,-0.0109,-0.0744,0.0468,-0.1624,0.3422,-0.2390,0.2059,0.2324,-0.3504,1.0000,0.0000,1.0000,0.0000,2.4667,1.5077,1.5272,1.0989,-2.5563,-0.6140,0.0749,0.0970,0.1298,-0.0366,-0.1024,0.0398
1786060525.4635,2.4258,1.4576,1.4819,1.1102,-2.5468,-0.6189,0.0558,0.1222,0.1562,-0.0109,-0.0634,0.0388,-0.2023,0.3705,-0.3393,0.2889,0.2456,-0.2977,1.0000,1.0000,1.0000,1.0000,2.4667,1.5077,1.5411,1.0957,-2.5668,-0.6095,0.0749,0.0970,0.1529,-0.0327,-0.0966,0.0468
1786060525.5092,2.4258,1.4576,1.4819,1.1102,-2.5468,-0.6189,0.0558,0.1222,0.1562,-0.0109,-0.0634,0.0388,-0.2310,0.2793,-0.3750,0.3465,0.2500,-0.2204,1.0000,0.0000,1.0000,1.0000,2.4669,1.5076,1.5414,1.0957,-2.5665,-0.6096,0.0745,0.0971,0.1525,-0.0325,-0.0970,0.0470
1786060525.5665,2.4258,1.4576,1.4819,1.1102,-2.5468,-0.6189,0.0558,0.1222,0.1562,-0.0109,-0.0634,0.0388,-0.2469,0.0980,-0.3393,0.3733,0.2456,-0.1248,1.0000,0.0000,1.0000,1.0000,2.4669,1.5076,1.5414,1.0957,-2.5665,-0.6096,0.0745,0.0971,0.1525,-0.0325,-0.0970,0.0470
1786060525.6051,2.4290,1.4679,1.5040,1.1048,-2.5468,-0.6189,0.0469,0.1137,0.1701,-0.0248,-0.0634,0.0388,-0.2492,-0.1149,-0.2390,0.3672,0.2324,-0.0188,1.0000,1.0000,1.0000,0.0000,2.4837,1.5201,1.5745,1.0861,-2.5816,-0.6012,0.0728,0.0620,0.1636,-0.0580,-0.0630,0.0343
1786060525.6547,2.4376,1.4778,1.5182,1.1020,-2.5589,-0.6144,0.0599,0.1109,0.1668,-0.0258,-0.0622,0.0302,-0.2378,-0.2907,-0.0933,0.3286,0.2111,0.0887,1.0000,1.0000,1.0000,1.0000,2.4837,1.5201,1.5745,1.0861,-2.5816,-0.6012,0.0728,0.0620,0.1636,-0.0580,-0.0630,0.0343
1786060525.7046,2.4376,1.4778,1.5350,1.0991,-2.5589,-0.6144,0.0599,0.1109,0.1679,-0.0275,-0.0622,0.0302,-0.2132,-0.3728,0.0703,0.2610,0.1822,0.1889,1.0000,0.0000,1.0000,0.0000,2.4838,1.5201,1.5747,1.0861,-2.5814,-0.6012,0.0728,0.0622,0.1636,-0.0579,-0.0630,0.0345
1786060525.7551,2.4421,1.4857,1.5352,1.0991,-2.5641,-0.6119,0.0550,0.1003,0.1670,-0.0268,-0.0589,0.0285,-0.1768,-0.3347,0.2204,0.1702,0.1469,0.2734,1.0000,1.0000,1.0000,1.0000,2.4893,1.5294,1.5890,1.0810,-2.5887,-0.5978,0.0436,0.1260,0.1261,-0.0422,-0.0810,0.0343
1786060525.8049,2.4421,1.4857,1.5352,1.0991,-2.5641,-0.6119,0.0550,0.1003,0.1670,-0.0268,-0.0589,0.0285,-0.1306,-0.1886,0.3286,0.0645,0.1064,0.3352,1.0000,1.0000,1.0000,1.0000,2.4928,1.5453,1.5994,1.0782,-2.5983,-0.5942,0.0324,0.1733,0.0891,-0.0177,-0.1087,0.0379
1786060525.8547,2.4460,1.4951,1.5534,1.0932,-2.5719,-0.6096,0.0489,0.0966,0.1667,-0.0362,-0.0637,0.0262,-0.0773,0.0184,0.3743,-0.0470,0.0622,0.3692,1.0000,1.0000,1.0000,0.0000,2.4928,1.5453,1.5994,1.0782,-2.5983,-0.5942,0.0324,0.1733,0.0891,-0.0177,-0.1087,0.0379
1786060525.9045,2.4460,1.4951,1.5534,1.0932,-2.5719,-0.6096,0.0489,0.0966,0.1667,-0.0362,-0.0637,0.0262,-0.0196,0.2194,0.3487,-0.1543,0.0157,0.3726,1.0000,0.0000,1.0000,0.0000,2.4967,1.5608,1.6080,1.0770,-2.6100,-0.5901,0.0462,0.1330,0.0894,-0.0096,-0.1180,0.0428
1786060525.9546,2.4523,1.5058,1.5616,1.0895,-2.5764,-0.6068,0.0565,0.1057,0.1482,-0.0383,-0.0617,0.0283,0.0391,0.3496,0.2567,-0.2480,-0.0313,0.3451,1.0000,0.0000,1.0000,0.0000,2.4967,1.5608,1.6080,1.0770,-2.6100,-0.5901,0.0462,0.1330,0.0894,-0.0096,-0.1180,0.0428
1786060526.0046,2.4569,1.5134,1.5748,1.0863,-2.5837,-0.6033,0.0524,0.0952,0.1425,-0.0362,-0.0646,0.0300,0.0957,0.3671,0.1159,-0.3197,-0.0773,0.2889,1.0000,1.0000,1.0000,0.0000,2.5026,1.5707,1.6190,1.0760,-2.6204,-0.5855,0.0693,0.0734,0.1312,-0.0134,-0.0883,0.0492
1786060526.0547,2.4569,1.5134,1.5748,1.0863,-2.5837,-0.6033,0.0524,0.0952,0.1425,-0.0362,-0.0646,0.0300,0.1469,0.2662,-0.0470,-0.3632,-0.1204,0.2088,1.0000,1.0000,1.0000,0.0000,2.5026,1.5707,1.6190,1.0760,-2.6204,-0.5855,0.0693,0.0734,0.1312,-0.0134,-0.0883,0.0492
1786060526.1046,2.4569,1.5134,1.5874,1.0856,-2.5837,-0.6033,0.0524,0.0952,0.1359,-0.0267,-0.0646,0.0300,0.1901,0.0794,-0.2009,-0.3746,-0.1594,0.1114,1.0000,0.0000,1.0000,0.0000,2.5104,1.5764,1.6352,1.0742,-2.6264,-0.5803,0.0833,0.0506,0.1851,-0.0217,-0.0362,0.0517
1786060526.1546,2.4569,1.5134,1.5874,1.0856,-2.5837,-0.6033,0.0524,0.0952,0.1359,-0.0267,-0.0646,0.0300,0.2228,-0.1330,-0.3166,-0.3528,-0.1926,0.0047,1.0000,0.0000,1.0000,0.0000,2.5104,1.5764,1.6352,1.0742,-2.6264,-0.5803,0.0833,0.0506,0.1851,-0.0217,-0.0362,0.0517
1786060526.2047,2.4691,1.5356,1.5931,1.0872,-2.5926,-0.5955,0.0596,0.1041,0.1160,-0.0142,-0.0557,0.0353,0.2431,-0.3025,-0.3720,-0.2999,-0.2191,-0.1024,1.0000,1.0000,1.0000,0.0000,2.5184,1.5826,1.6546,1.0713,-2.6275,-0.5756,0.0759,0.0785,0.1924,-0.0344,0.0072,0.0417
1786060526.2546,2.4691,1.5356,1.5931,1.0872,-2.5926,-0.5955,0.0596,0.1041,0.1160,-0.0142,-0.0557,0.0353,0.2500,-0.3744,-0.3566,-0.2204,-0.2378,-0.2009,1.0000,1.0000,1.0000,0.0000,2.5184,1.5826,1.6546,1.0713,-2.6275,-0.5756,0.0759,0.0785,0.1924,-0.0344,0.0072,0.0417
1786060526.3046,2.4741,1.5411,1.5951,1.0787,-2.5979,-0.5927,0.0551,0.0863,0.0827,-0.0360,-0.0534,0.0320,0.2431,-0.3256,-0.2734,-0.1215,-0.2480,-0.2828,1.0000,1.0000,1.0000,1.0000,2.5247,1.5938,1.6716,1.0669,-2.6264,-0.5720,0.0502,0.1403,0.1501,-0.0482,0.0069,0.0345
1786060526.3547,2.4741,1.5411,1.5951,1.0787,-2.5979,-0.5927,0.0551,0.0863,0.0827,-0.0360,-0.0534,0.0320,0.2228,-0.1717,-0.1380,-0.0118,-0.2495,-0.3413,1.0000,1.0000,1.0000,1.0000,2.5247,1.5938,1.6716,1.0669,-2.6264,-0.5720,0.0502,0.1403,0.1501,-0.0482,0.0069,0.0345
1786060526.4045,2.4815,1.5451,1.6083,1.0706,-2.6000,-0.5906,0.0608,0.0717,0.0982,-0.0502,-0.0433,0.0286,0.1901,0.0375,0.0235,0.0990,-0.2421,-0.3714,1.0000,1.0000,1.0000,1.0000,2.5284,1.6093,1.6842,1.0620,-2.6272,-0.5683,0.0266,0.1580,0.1108,-0.0479,-0.0193,0.0401
1786060526.4554,2.4815,1.5451,1.6083,1.0706,-2.6000,-0.5906,0.0608,0.0717,0.0982,-0.0502,-0.0433,0.0286,0.1469,0.2346,0.1807,0.2009,-0.2262,-0.3707,1.0000,1.0000,1.0000,1.0000,2.5284,1.6093,1.6842,1.0620,-2.6272,-0.5683,0.0266,0.1580,0.1108,-0.0479,-0.0193,0.0401
1786060526.5047,2.4815,1.5451,1.6083,1.0706,-2.6000,-0.5906,0.0608,0.0717,0.0982,-0.0502,-0.0433,0.0286,0.0957,0.3561,0.3034,0.2852,-0.2023,-0.3393,1.0000,1.0000,1.0000,1.0000,2.5284,1.6093,1.6842,1.0620,-2.6272,-0.5683,0.0266,0.1580,0.1108,-0.0479,-0.0193,0.0401
1786060526.5572,2.4939,1.5672,1.6316,1.0664,-2.6066,-0.5869,0.0751,0.1115,0.1312,-0.0429,-0.0463,0.0286,0.0391,0.3627,0.3684,0.3442,-0.1711,-0.2797,1.0000,1.0000,1.0000,1.0000,2.5303,1.6226,1.6941,1.0581,-2.6303,-0.5639,0.0179,0.1068,0.0927,-0.0279,-0.0386,0.0453
1786060526.6047,2.4939,1.5672,1.6316,1.0664,-2.6066,-0.5869,0.0751,0.1115,0.1312,-0.0429,-0.0463,0.0286,-0.0196,0.2523,0.3632,0.3727,-0.1340,-0.1969,1.0000,1.0000,1.0000,1.0000,2.5303,1.6226,1.6941,1.0581,-2.6303,-0.5639,0.0179,0.1068,0.0927,-0.0279,-0.0386,0.0453
1786060526.6545,2.5003,1.5795,1.6469,1.0620,-2.6075,-0.5806,0.0683,0.1105,0.1313,-0.0411,-0.0327,0.0381,-0.0773,0.0605,0.2889,0.3684,-0.0920,-0.0978,1.0000,0.0000,1.0000,0.0000,2.5334,1.6304,1.7037,1.0566,-2.6348,-0.5598,0.0483,0.0598,0.1036,-0.0075,-0.0507,0.0365
1786060526.7313,2.5003,1.5795,1.6477,1.0618,-2.6075,-0.5806,0.0683,0.1105,0.1283,-0.0401,-0.0327,0.0381,-0.1306,-0.1508,0.1597,0.3314,-0.0468,0.0094,1.0000,0.0000,1.0000,0.0000,2.5336,1.6304,1.7039,1.0565,-2.6346,-0.5599,0.0477,0.0601,0.1031,-0.0071,-0.0512,0.0369
1786060526.7729,2.5003,1.5795,1.6578,1.0618,-2.6075,-0.5806,0.0683,0.1105,0.1345,-0.0320,-0.0327,0.0381,-0.1768,-0.3134,-0.0000,0.2652,-0.0000,0.1159,1.0000,0.0000,1.0000,0.0000,2.5411,1.6356,1.7158,1.0560,-2.6401,-0.5567,0.1010,0.0501,0.1372,-0.0065,-0.0508,0.0284
1786060526.8167,2.5003,1.5795,1.6579,1.0617,-2.6169,-0.5734,0.0683,0.1105,0.1341,-0.0319,-0.0539,0.0512,-0.2132,-0.3750,-0.1597,0.1755,0.0468,0.2127,1.0000,0.0000,1.0000,1.0000,2.5411,1.6356,1.7158,1.0560,-2.6401,-0.5567,0.1010,0.0501,0.1372,-0.0065,-0.0508,0.0284
1786060526.8576,2.5144,1.6105,1.6760,1.0632,-2.6252,-0.5625,0.0679,0.1336,0.1359,-0.0139,-0.0585,0.0647,-0.2378,-0.3156,-0.2889,0.0703,0.0920,0.2919,1.0000,1.0000,1.0000,0.0000,2.5520,1.6425,1.7313,1.0550,-2.6450,-0.5538,0.1006,0.0933,0.1652,-0.0120,-0.0460,0.0304
1786060526.9046,2.5144,1.6105,1.6760,1.0632,-2.6252,-0.5625,0.0679,0.1336,0.1359,-0.0139,-0.0585,0.0647,-0.2492,-0.1544,-0.3632,-0.0412,0.1340,0.3469,1.0000,1.0000,1.0000,0.0000,2.5520,1.6425,1.7313,1.0550,-2.6450,-0.5538,0.1006,0.0933,0.1652,-0.0120,-0.0460,0.0304
1786060526.9545,2.5144,1.6105,1.6895,1.0575,-2.6252,-0.5625,0.0679,0.1336,0.1331,-0.0275,-0.0585,0.0647,-0.2469,0.0566,-0.3684,-0.1489,0.1711,0.3731,1.0000,0.0000,1.0000,0.0000,2.5522,1.6425,1.7315,1.0550,-2.6447,-0.5538,0.1011,0.0932,0.1657,-0.0122,-0.0455,0.0303
1786060527.0046,2.5240,1.6249,1.6898,1.0574,-2.6316,-0.5560,0.0745,0.1326,0.1328,-0.0277,-0.0583,0.0628,-0.2310,0.2493,-0.3034,-0.2435,0.2023,0.3684,1.0000,1.0000,1.0000,1.0000,2.5596,1.6548,1.7480,1.0539,-2.6499,-0.5503,0.0567,0.1401,0.1633,-0.0091,-0.0545,0.0394
1786060527.0606,2.5240,1.6249,1.6898,1.0574,-2.6316,-0.5560,0.0745,0.1326,0.1328,-0.0277,-0.0583,0.0628,-0.2023,0.3616,-0.1807,-0.3166,0.2262,0.3331,1.0000,1.0000,1.0000,1.0000,2.5599,1.6547,1.7483,1.0538,-2.6496,-0.5504,0.0571,0.1396,0.1637,-0.0095,-0.0541,0.0390
1786060527.1046,2.5287,1.6313,1.7063,1.0565,-2.6388,-0.5515,0.0669,0.1132,0.1398,-0.0211,-0.0636,0.0584,-0.1624,0.3573,-0.0235,-0.3617,0.2421,0.2701,1.0000,0.0000,1.0000,0.0000,2.5635,1.6682,1.7628,1.0529,-2.6567,-0.5457,0.0303,0.1220,0.1331,-0.0135,-0.0790,0.0519
1786060527.1545,2.5287,1.6313,1.7152,1.0550,-2.6388,-0.5515,0.0669,0.1132,0.1312,-0.0202,-0.0636,0.0584,-0.1135,0.2378,0.1380,-0.3748,0.2495,0.1848,1.0000,0.0000,1.0000,0.0000,2.5668,1.6780,1.7743,1.0505,-2.6657,-0.5400,0.0394,0.0802,0.1015,-0.0356,-0.0970,0.0587
1786060527.2046,2.5309,1.6340,1.7158,1.0548,-2.6460,-0.5474,0.0533,0.0868,0.1311,-0.0206,-0.0664,0.0532,-0.0584,0.0415,0.2734,-0.3548,0.2480,0.0841,1.0000,1.0000,1.0000,1.0000,2.5668,1.6780,1.7743,1.0505,-2.6657,-0.5400,0.0394,0.0802,0.1015,-0.0356,-0.0970,0.0587
1786060527.2546,2.5336,1.6413,1.7270,1.0520,-2.6536,-0.5437,0.0467,0.0856,0.1296,-0.0238,-0.0719,0.0498,0.0000,-0.1681,0.3566,-0.3034,0.2378,-0.0235,1.0000,1.0000,1.0000,1.0000,2.5723,1.6849,1.7838,1.0455,-2.6755,-0.5344,0.0688,0.0631,0.0932,-0.0612,-0.0983,0.0516
1786060527.3046,2.5336,1.6413,1.7270,1.0520,-2.6536,-0.5437,0.0467,0.0856,0.1296,-0.0238,-0.0719,0.0498,0.0584,-0.3236,0.3720,-0.2252,0.2191,-0.1292,1.0000,1.0000,1.0000,1.0000,2.5723,1.6849,1.7838,1.0455,-2.6755,-0.5344,0.0688,0.0631,0.0932,-0.0612,-0.0983,0.0516
1786060527.3549,2.5349,1.6456,1.7337,1.0474,-2.6569,-0.5392,0.0368,0.0733,0.1111,-0.0310,-0.0606,0.0489,0.1135,-0.3746,0.3166,-0.1270,0.1926,-0.2242,1.0000,1.0000,1.0000,0.0000,2.5804,1.6922,1.7941,1.0387,-2.6851,-0.5300,0.0889,0.0867,0.1160,-0.0674,-0.0954,0.0389
1786060527.4046,2.5349,1.6456,1.7337,1.0474,-2.6569,-0.5392,0.0368,0.0733,0.1111,-0.0310,-0.0606,0.0489,0.1624,-0.3048,0.2009,-0.0177,0.1594,-0.3006,1.0000,1.0000,1.0000,0.0000,2.5804,1.6922,1.7941,1.0387,-2.6851,-0.5300,0.0889,0.0867,0.1160,-0.0674,-0.0954,0.0389
1786060527.4546,2.5393,1.6542,1.7424,1.0447,-2.6612,-0.5349,0.0391,0.0772,0.1041,-0.0298,-0.0552,0.0472,0.2023,-0.1367,0.0470,0.0933,0.1204,-0.3520,1.0000,1.0000,1.0000,0.0000,2.5892,1.7028,1.8077,1.0329,-2.6950,-0.5266,0.0825,0.1171,0.1515,-0.0481,-0.1020,0.0313
1786060527.5047,2.5393,1.6542,1.7424,1.0447,-2.6612,-0.5349,0.0391,0.0772,0.1041,-0.0298,-0.0552,0.0472,0.2310,0.0755,-0.1159,0.1959,0.0773,-0.3743,1.0000,1.0000,1.0000,0.0000,2.5892,1.7028,1.8077,1.0329,-2.6950,-0.5266,0.0825,0.1171,0.1515,-0.0481,-0.1020,0.0313
1786060527.5547,2.5451,1.6638,1.7576,1.0436,-2.6627,-0.5318,0.0461,0.0850,0.1216,-0.0246,-0.0437,0.0432,0.2469,0.2633,-0.2567,0.2813,0.0313,-0.3654,1.0000,1.0000,1.0000,1.0000,2.5964,1.7144,1.8241,1.0293,-2.7055,-0.5235,0.0640,0.1098,0.1694,-0.0296,-0.1066,0.0312
1786060527.6045,2.5567,1.6723,1.7726,1.0379,-2.6660,-0.5290,0.0719,0.0927,0.1413,-0.0370,-0.0442,0.0422,0.2492,0.3662,-0.3487,0.3418,-0.0157,-0.3263,1.0000,1.0000,1.0000,1.0000,2.6018,1.7238,1.8406,1.0265,-2.7157,-0.5201,0.0459,0.0814,0.1605,-0.0291,-0.0956,0.0359
1786060527.6546,2.5567,1.6723,1.7726,1.0379,-2.6660,-0.5290,0.0719,0.0927,0.1413,-0.0370,-0.0442,0.0422,0.2378,0.3510,-0.3743,0.3720,-0.0622,-0.2601,1.0000,1.0000,1.0000,1.0000,2.6018,1.7238,1.8406,1.0265,-2.7157,-0.5201,0.0459,0.0814,0.1605,-0.0291,-0.0956,0.0359
1786060527.7047,2.5692,1.6835,1.7895,1.0354,-2.6711,-0.5255,0.0915,0.1022,0.1556,-0.0347,-0.0482,0.0416,0.2132,0.2226,-0.3286,0.3694,-0.1064,-0.1723,1.0000,1.0000,1.0000,1.0000,2.6057,1.7309,1.8557,1.0231,-2.7238,-0.5164,0.0338,0.0659,0.1415,-0.0392,-0.0666,0.0376
1786060527.7547,2.5692,1.6835,1.7895,1.0354,-2.6711,-0.5255,0.0915,0.1022,0.1556,-0.0347,-0.0482,0.0416,0.1768,0.0224,-0.2204,0.3341,-0.1469,-0.0703,1.0000,1.0000,1.0000,1.0000,2.6057,1.7309,1.8557,1.0231,-2.7238,-0.5164,0.0338,0.0659,0.1415,-0.0392,-0.0666,0.0376
1786060527.8046,2.5809,1.6922,1.8076,1.0322,-2.6760,-0.5214,0.0980,0.0958,0.1636,-0.0338,-0.0476,0.0407,0.1306,-0.1851,-0.0703,0.2693,-0.1822,0.0376,1.0000,1.0000,1.0000,1.0000,2.6091,1.7380,1.8688,1.0191,-2.7286,-0.5126,0.0387,0.0788,0.1221,-0.0360,-0.0332,0.0396
1786060527.8547,2.5809,1.6922,1.8076,1.0322,-2.6760,-0.5214,0.0980,0.0958,0.1636,-0.0338,-0.0476,0.0407,0.0773,-0.3328,0.0933,0.1807,-0.2111,0.1424,1.0000,1.0000,1.0000,1.0000,2.6091,1.7380,1.8688,1.0191,-2.7286,-0.5126,0.0387,0.0788,0.1221,-0.0360,-0.0332,0.0396
1786060527.9068,2.5809,1.6922,1.8076,1.0322,-2.6760,-0.5214,0.0980,0.0958,0.1636,-0.0338,-0.0476,0.0407,0.0196,-0.3732,0.2390,0.0760,-0.2324,0.2354,1.0000,1.0000,1.0000,1.0000,2.6091,1.7380,1.8688,1.0191,-2.7286,-0.5126,0.0387,0.0788,0.1221,-0.0360,-0.0332,0.0396
1786060527.9548,2.5869,1.7031,1.8268,1.0307,-2.6822,-0.5185,0.0896,0.1034,0.1713,-0.0276,-0.0537,0.0384,-0.0391,-0.2932,0.3393,-0.0353,-0.2456,0.3088,1.0000,0.0000,1.0000,0.0000,2.6143,1.7479,1.8804,1.0162,-2.7307,-0.5086,0.0653,0.1173,0.1129,-0.0238,-0.0142,0.0390
1786060528.0046,2.5869,1.7031,1.8268,1.0307,-2.6822,-0.5185,0.0896,0.1034,0.1713,-0.0276,-0.0537,0.0384,-0.0957,-0.1187,0.3750,-0.1435,-0.2500,0.3566,1.0000,0.0000,1.0000,0.0000,2.6145,1.7479,1.8806,1.0162,-2.7305,-0.5086,0.0656,0.1173,0.1132,-0.0238,-0.0139,0.0389
1786060528.0546,2.5960,1.7113,1.8431,1.0295,-2.6856,-0.5154,0.0878,0.0940,0.1620,-0.0217,-0.0463,0.0352,-0.1469,0.0942,0.3393,-0.2390,-0.2456,0.3749,1.0000,1.0000,1.0000,1.0000,2.6227,1.7611,1.8920,1.0142,-2.7323,-0.5052,0.0975,0.1388,0.1216,-0.0193,-0.0202,0.0294
1786060528.1047,2.5960,1.7113,1.8508,1.0291,-2.6856,-0.5154,0.0878,0.0940,0.1316,-0.0155,-0.0463,0.0352,-0.1901,0.2766,0.2390,-0.3134,-0.2324,0.3620,1.0000,0.0000,1.0000,0.0000,2.6334,1.7737,1.8923,1.0142,-2.7320,-0.5052,0.1126,0.1112,0.1222,-0.0197,-0.0196,0.0289
1786060528.1546,2.6008,1.7151,1.8508,1.0292,-2.6870,-0.5139,0.0716,0.0724,0.1334,-0.0157,-0.0341,0.0273,-0.2228,0.3699,0.0933,-0.3601,-0.2111,0.3191,1.0000,1.0000,1.0000,1.0000,2.6334,1.7737,1.9054,1.0121,-2.7351,-0.5028,0.1126,0.1112,0.1459,-0.0243,-0.0343,0.0206
1786060528.2046,2.5975,1.7181,1.8516,1.0255,-2.6901,-0.5118,0.0431,0.0634,0.1020,-0.0234,-0.0353,0.0271,-0.2431,0.3438,-0.0703,-0.3750,-0.1822,0.2498,1.0000,1.0000,1.0000,1.0000,2.6442,1.7824,1.9215,1.0095,-2.7388,-0.5007,0.1008,0.0675,0.1709,-0.0244,-0.0375,0.0234
1786060528.2546,2.5975,1.7181,1.8516,1.0255,-2.6901,-0.5118,0.0431,0.0634,0.1020,-0.0234,-0.0353,0.0271,-0.2500,0.2069,-0.2204,-0.3566,-0.1469,0.1597,1.0000,1.0000,1.0000,1.0000,2.6442,1.7824,1.9215,1.0095,-2.7388,-0.5007,0.1008,0.0675,0.1709,-0.0244,-0.0375,0.0234
1786060528.3130,2.5904,1.7245,1.8655,1.0204,-2.6971,-0.5083,0.0048,0.0605,0.1086,-0.0307,-0.0445,0.0280,-0.2431,0.0032,-0.3286,-0.3068,-0.1064,0.0563,1.0000,1.0000,1.0000,1.0000,2.6532,1.7881,1.9389,1.0075,-2.7424,-0.4978,0.0802,0.0548,0.1732,-0.0166,-0.0354,0.0320
1786060528.3553,2.5904,1.7245,1.8655,1.0204,-2.6971,-0.5083,0.0048,0.0605,0.1086,-0.0307,-0.0445,0.0280,-0.2228,-0.2015,-0.3743,-0.2298,-0.0622,-0.0517,1.0000,1.0000,1.0000,1.0000,2.6532,1.7881,1.9389,1.0075,-2.7424,-0.4978,0.0802,0.0548,0.1732,-0.0166,-0.0354,0.0320
1786060528.4078,2.5904,1.7245,1.8655,1.0204,-2.6971,-0.5083,0.0048,0.0605,0.1086,-0.0307,-0.0445,0.0280,-0.1901,-0.3412,-0.3487,-0.1326,-0.0157,-0.1554,1.0000,1.0000,1.0000,1.0000,2.6532,1.7881,1.9389,1.0075,-2.7424,-0.4978,0.0802,0.0548,0.1732,-0.0166,-0.0354,0.0320
1786060528.4546,2.5702,1.7330,1.8806,1.0157,-2.7036,-0.5049,-0.0598,0.0687,0.1227,-0.0361,-0.0512,0.0304,-0.1469,-0.3709,-0.2567,-0.0235,0.0313,-0.2462,1.0000,1.0000,1.0000,1.0000,2.6604,1.7953,1.9549,1.0060,-2.7460,-0.4943,0.0675,0.0938,0.1466,-0.0137,-0.0400,0.0381
1786060528.5101,2.5702,1.7330,1.8806,1.0157,-2.7036,-0.5049,-0.0598,0.0687,0.1227,-0.0361,-0.0512,0.0304,-0.0957,-0.2809,-0.1159,0.0875,0.0773,-0.3166,1.0000,1.0000,1.0000,1.0000,2.6605,1.7953,1.9551,1.0060,-2.7459,-0.4943,0.0674,0.0940,0.1466,-0.0134,-0.0401,0.0384
1786060528.5546,2.5525,1.7488,1.8899,1.0126,-2.7132,-0.5013,-0.0949,0.0948,0.1098,-0.0331,-0.0637,0.0311,-0.0391,-0.1003,0.0470,0.1909,0.1204,-0.3608,1.0000,1.0000,1.0000,0.0000,2.6672,1.8085,1.9678,1.0043,-2.7512,-0.4901,0.0714,0.1614,0.1154,-0.0217,-0.0639,0.0458
1786060528.6046,2.5525,1.7488,1.8899,1.0126,-2.7132,-0.5013,-0.0949,0.0948,0.1098,-0.0331,-0.0637,0.0311,0.0196,0.1126,0.2009,0.2774,0.1594,-0.3750,1.0000,1.0000,1.0000,0.0000,2.6672,1.8085,1.9678,1.0043,-2.7512,-0.4901,0.0714,0.1614,0.1154,-0.0217,-0.0639,0.0458
1786060528.6595,2.5525,1.7488,1.8899,1.0126,-2.7132,-0.5013,-0.0949,0.0948,0.1098,-0.0331,-0.0637,0.0311,0.0773,0.2892,0.3166,0.3393,0.1926,-0.3581,1.0000,1.0000,1.0000,0.0000,2.6674,1.8084,1.9679,1.0042,-2.7510,-0.4901,0.0720,0.1612,0.1160,-0.0220,-0.0633,0.0455
1786060528.7047,2.5416,1.7582,1.9032,1.0105,-2.7219,-0.4985,-0.0981,0.0933,0.1152,-0.0294,-0.0703,0.0299,0.1306,0.3726,0.3720,0.3713,0.2191,-0.3115,1.0000,0.0000,1.0000,0.0000,2.6752,1.8252,1.9783,1.0014,-2.7593,-0.4855,0.0849,0.1597,0.1019,-0.0352,-0.0949,0.0445
1786060528.7545,2.5685,1.7794,1.9221,1.0063,-2.7313,-0.4958,0.0175,0.1294,0.1370,-0.0327,-0.0769,0.0285,0.1768,0.3357,0.3566,0.3704,0.2378,-0.2390,1.0000,0.0000,1.0000,0.0000,2.6844,1.8376,1.9888,0.9976,-2.7695,-0.4820,0.0969,0.0949,0.1101,-0.0386,-0.1025,0.0254
1786060528.8047,2.5685,1.7794,1.9221,1.0063,-2.7313,-0.4958,0.0175,0.1294,0.1370,-0.0327,-0.0769,0.0285,0.2132,0.1906,0.2734,0.3368,0.2480,-0.1468,1.0000,0.0000,1.0000,0.0000,2.6844,1.8376,1.9888,0.9976,-2.7695,-0.4820,0.0969,0.0949,0.1101,-0.0386,-0.1025,0.0254
1786060528.8546,2.5892,1.7929,1.9336,1.0039,-2.7404,-0.4931,0.0759,0.1264,0.1254,-0.0289,-0.0784,0.0271,0.2378,-0.0160,0.1380,0.2734,0.2495,-0.0423,1.0000,1.0000,1.0000,1.0000,2.6943,1.8446,2.0007,0.9944,-2.7788,-0.4806,0.1007,0.0549,0.1268,-0.0233,-0.0822,0.0053
1786060528.9085,2.5892,1.7929,1.9336,1.0039,-2.7404,-0.4931,0.0759,0.1264,0.1254,-0.0289,-0.0784,0.0271,0.2492,-0.2175,-0.0235,0.1858,0.2421,0.0656,1.0000,1.0000,1.0000,1.0000,2.6943,1.8446,2.0007,0.9944,-2.7788,-0.4806,0.1007,0.0549,0.1268,-0.0233,-0.0822,0.0053
1786060528.9546,2.6235,1.8136,1.9522,0.9991,-2.7499,-0.4890,0.1571,0.1481,0.1413,-0.0342,-0.0816,0.0307,0.2469,-0.3488,-0.1807,0.0818,0.2262,0.1681,1.0000,1.0000,1.0000,1.0000,2.7037,1.8505,2.0145,0.9937,-2.7860,-0.4802,0.0872,0.0711,0.1453,0.0067,-0.0658,0.0048
1786060529.0047,2.6235,1.8136,1.9522,0.9991,-2.7499,-0.4890,0.1571,0.1481,0.1413,-0.0342,-0.0816,0.0307,0.2310,-0.3676,-0.3034,-0.0294,0.2023,0.2567,1.0000,1.0000,1.0000,1.0000,2.7037,1.8505,2.0145,0.9937,-2.7860,-0.4802,0.0872,0.0711,0.1453,0.0067,-0.0658,0.0048
1786060529.0553,2.6235,1.8136,1.9630,0.9963,-2.7499,-0.4890,0.1571,0.1481,0.1243,-0.0309,-0.0816,0.0307,0.2023,-0.2678,-0.3684,-0.1380,0.1711,0.3240,1.0000,0.0000,1.0000,0.0000,2.7039,1.8504,2.0146,0.9936,-2.7858,-0.4803,0.0868,0.0717,0.1450,0.0073,-0.0662,0.0053
1786060529.1046,2.6461,1.8258,1.9630,0.9962,-2.7564,-0.4842,0.1702,0.1320,0.1234,-0.0303,-0.0720,0.0344,0.1624,-0.0817,-0.3632,-0.2345,0.1340,0.3644,1.0000,1.0000,1.0000,0.0000,2.7109,1.8614,2.0298,0.9954,-2.7928,-0.4790,0.0579,0.1449,0.1564,0.0215,-0.0748,0.0216
1786060529.1547,2.6461,1.8258,1.9630,0.9962,-2.7564,-0.4842,0.1702,0.1320,0.1234,-0.0303,-0.0720,0.0344,0.1135,0.1308,-0.2889,-0.3102,0.0920,0.3745,1.0000,1.0000,1.0000,0.0000,2.7109,1.8614,2.0298,0.9954,-2.7928,-0.4790,0.0579,0.1449,0.1564,0.0215,-0.0748,0.0216
1786060529.2045,2.6800,1.8345,1.9829,0.9920,-2.7592,-0.4814,0.2023,0.1024,0.1321,-0.0308,-0.0500,0.0282,0.0584,0.3011,-0.1597,-0.3584,0.0468,0.3536,1.0000,1.0000,1.0000,1.0000,2.7152,1.8784,2.0451,0.9969,-2.8017,-0.4756,0.0328,0.1776,0.1466,0.0047,-0.1020,0.0434
1786060529.2547,2.6800,1.8345,1.9829,0.9920,-2.7592,-0.4814,0.2023,0.1024,0.1321,-0.0308,-0.0500,0.0282,0.0000,0.3743,0.0000,-0.3750,0.0000,0.3034,1.0000,1.0000,1.0000,1.0000,2.7152,1.8784,2.0451,0.9969,-2.8017,-0.4756,0.0328,0.1776,0.1466,0.0047,-0.1020,0.0434
1786060529.7056,2.7257,1.8536,2.0476,0.9729,-2.8135,-0.4582,0.1027,0.0452,0.1433,-0.0395,-0.0944,0.0438,0.0146,0.0166,0.0003,-0.0281,0.0033,0.0288,1.0000,0.0000,1.0000,0.0000,2.7736,1.9463,2.1112,0.9697,-2.8274,-0.4508,0.0585,0.1656,0.1122,-0.0022,0.0135,0.0748
1786060529.7546,2.7257,1.8536,2.0476,0.9729,-2.8135,-0.4582,0.1027,0.0452,0.1433,-0.0395,-0.0944,0.0438,0.0253,-0.0022,0.0099,-0.0212,-0.0079,0.0225,1.0000,0.0000,1.0000,0.0000,2.7736,1.9463,2.1112,0.9697,-2.8274,-0.4508,0.0585,0.1656,0.1122,-0.0022,0.0135,0.0748
1786060529.8045,2.7205,1.8789,2.0577,0.9710,-2.8138,-0.4554,0.0588,0.1142,0.1368,-0.0346,-0.0706,0.0412,0.0019,0.0240,0.0114,-0.0198,-0.0010,0.0297,1.0000,1.0000,1.0000,1.0000,2.7799,1.9621,2.1224,0.9668,-2.8283,-0.4381,0.0728,0.1510,0.1123,-0.0644,-0.0213,0.1682
1786060529.8547,2.7205,1.8789,2.0577,0.9710,-2.8138,-0.4554,0.0588,0.1142,0.1368,-0.0346,-0.0706,0.0412,-0.0001,0.0245,0.0114,-0.0197,0.0002,0.0306,1.0000,1.0000,1.0000,1.0000,2.7799,1.9621,2.1224,0.9668,-2.8283,-0.4381,0.0728,0.1510,0.1123,-0.0644,-0.0213,0.1682
1786060529.9046,2.7158,1.8975,2.0640,0.9700,-2.8134,-0.4536,0.0254,0.1368,0.1131,-0.0269,-0.0470,0.0338,-0.0140,0.0239,0.0115,-0.0212,0.0162,0.0436,1.0000,0.0000,1.0000,0.0000,2.7898,1.9757,2.1333,0.9543,-2.8305,-0.4197,0.1219,0.1229,0.1006,-0.1677,-0.0179,0.1904
1786060529.9546,2.7158,1.8975,2.0640,0.9700,-2.8134,-0.4536,0.0254,0.1368,0.1131,-0.0269,-0.0470,0.0338,-0.0148,0.0237,0.0114,-0.0213,0.0213,0.0456,1.0000,0.0000,1.0000,0.0000,2.7898,1.9757,2.1333,0.9543,-2.8305,-0.4197,0.1219,0.1229,0.1006,-0.1677,-0.0179,0.1904
1786060530.0045,2.7158,1.8975,2.0832,0.9695,-2.8134,-0.4536,0.0254,0.1368,0.1319,-0.0186,-0.0470,0.0338,-0.0146,0.0243,0.0137,-0.0155,0.0227,0.0462,1.0000,0.0000,1.0000,0.0000,2.7901,1.9755,2.1336,0.9542,-2.8303,-0.4198,0.1214,0.1231,0.1001,-0.1674,-0.0185,0.1906
1786060530.0547,2.7326,1.9183,2.0844,0.9694,-2.8208,-0.4475,0.0677,0.1457,0.1307,-0.0177,-0.0506,0.0392,-0.0014,0.0223,0.0146,-0.0137,0.0213,0.0436,1.0000,1.0000,1.0000,1.0000,2.8042,1.9872,2.1412,0.9358,-2.8309,-0.4034,0.1549,0.1144,0.0625,-0.1879,0.0090,0.1344
1786060530.1047,2.7326,1.9183,2.0844,0.9694,-2.8208,-0.4475,0.0677,0.1457,0.1307,-0.0177,-0.0506,0.0392,-0.0008,0.0222,0.0147,-0.0136,0.0207,0.0435,1.0000,1.0000,1.0000,1.0000,2.8044,1.9871,2.1414,0.9357,-2.8308,-0.4035,0.1545,0.1150,0.0621,-0.1874,0.0086,0.1350
1786060530.1546,2.7419,1.9264,2.0984,0.9621,-2.8188,-0.4381,0.0780,0.1308,0.1370,-0.0356,-0.0303,0.0576,0.0033,0.0210,0.0126,-0.0180,0.0508,0.0384,1.0000,0.0000,1.0000,0.0000,2.8190,1.9999,2.1460,0.9201,-2.8284,-0.3928,0.1381,0.1385,0.0391,-0.1289,0.0405,0.0883
1786060530.2046,2.7611,1.9486,2.1122,0.9521,-2.8210,-0.4291,0.1156,0.1624,0.1401,-0.0566,-0.0284,0.0691,0.0057,0.0150,0.0096,-0.0215,0.0529,0.0311,1.0000,0.0000,1.0000,0.0000,2.8307,2.0155,2.1501,0.9099,-2.8235,-0.3830,0.0988,0.1704,0.0470,-0.0833,0.0556,0.1162
1786060530.2546,2.7611,1.9486,2.1122,0.9521,-2.8210,-0.4291,0.1156,0.1624,0.1401,-0.0566,-0.0284,0.0691,0.0058,0.0150,0.0094,-0.0217,0.0538,0.0313,1.0000,0.0000,1.0000,0.0000,2.8307,2.0155,2.1501,0.9099,-2.8235,-0.3830,0.0988,0.1704,0.0470,-0.0833,0.0556,0.1162
1786060530.3046,2.7736,1.9626,2.1233,0.9412,-2.8268,-0.4210,0.1196,0.1566,0.1322,-0.0735,-0.0379,0.0736,0.0068,0.0142,0.0055,-0.0252,0.0433,0.0338,1.0000,0.0000,1.0000,0.0000,2.8387,2.0333,2.1563,0.9010,-2.8183,-0.3671,0.0669,0.1816,0.0753,-0.1041,0.0460,0.1941
1786060530.3546,2.7736,1.9626,2.1233,0.9412,-2.8268,-0.4210,0.1196,0.1566,0.1322,-0.0735,-0.0379,0.0736,0.0069,0.0142,0.0053,-0.0253,0.0417,0.0342,1.0000,0.0000,1.0000,0.0000,2.8387,2.0333,2.1563,0.9010,-2.8183,-0.3671,0.0669,0.1816,0.0753,-0.1041,0.0460,0.1941
1786060530.4045,2.7806,1.9698,2.1290,0.9344,-2.8304,-0.4163,0.1049,0.1315,0.1097,-0.0723,-0.0378,0.0657,0.0085,0.0156,0.0010,-0.0299,0.0437,0.0368,1.0000,0.0000,1.0000,0.0000,2.8444,2.0509,2.1652,0.8865,-2.8150,-0.3452,0.0528,0.1691,0.0958,-0.1829,0.0222,0.2274
1786060530.4550,2.7806,1.9698,2.1290,0.9344,-2.8304,-0.4163,0.1049,0.1315,0.1097,-0.0723,-0.0378,0.0657,0.0085,0.0156,0.0006,-0.0301,0.0439,0.0366,1.0000,0.0000,1.0000,0.0000,2.8444,2.0509,2.1652,0.8865,-2.8150,-0.3452,0.0528,0.1691,0.0958,-0.1829,0.0222,0.2274
1786060530.5051,2.7760,1.9846,2.1313,0.9305,-2.8357,-0.4079,0.0541,0.1319,0.0794,-0.0599,-0.0411,0.0691,-0.0045,0.0217,-0.0080,-0.0374,0.0397,0.0361,1.0000,1.0000,1.0000,1.0000,2.8447,2.0508,2.1655,0.8863,-2.8148,-0.3454,0.0526,0.1690,0.0955,-0.1830,0.0219,0.2273
1786060530.5556,2.7760,1.9846,2.1312,0.9305,-2.8357,-0.4079,0.0541,0.1319,0.0784,-0.0594,-0.0411,0.0691,-0.0053,0.0218,-0.0095,-0.0381,0.0391,0.0363,1.0000,0.0000,1.0000,0.0000,2.8499,2.0668,2.1736,0.8659,-2.8139,-0.3243,0.0602,0.1514,0.0674,-0.2077,0.0044,0.1886
1786060530.6180,2.7760,1.9846,2.1312,0.9305,-2.8357,-0.4079,0.0541,0.1319,0.0785,-0.0595,-0.0411,0.0691,-0.0053,0.0218,-0.0097,-0.0381,0.0390,0.0363,1.0000,0.0000,1.0000,0.0000,2.8502,2.0667,2.1738,0.8658,-2.8137,-0.3245,0.0596,0.1519,0.0668,-0.2072,0.0038,0.1891
1786060530.6638,2.7760,1.9846,2.1355,0.9243,-2.8357,-0.4079,0.0541,0.1319,0.0685,-0.0609,-0.0411,0.0691,-0.0053,0.0218,-0.0164,-0.0407,0.0390,0.0363,1.0000,0.0000,1.0000,0.0000,2.8571,2.0816,2.1780,0.8465,-2.8139,-0.3079,0.0808,0.1469,0.0263,-0.1823,-0.0020,0.1468
1786060530.7223,2.7760,1.9846,2.1357,0.9242,-2.8500,-0.3914,0.0541,0.1319,0.0688,-0.0611,-0.0730,0.0994,-0.0053,0.0218,-0.0171,-0.0408,0.0160,0.0312,1.0000,0.0000,1.0000,1.0000,2.8571,2.0816,2.1780,0.8465,-2.8139,-0.3079,0.0808,0.1469,0.0263,-0.1823,-0.0020,0.1468
1786060530.7545,2.7738,2.0074,2.1403,0.9079,-2.8418,-0.3790,0.0242,0.1276,0.0624,-0.0938,-0.0249,0.1072,-0.0169,0.0215,-0.0239,-0.0351,0.0368,0.0253,1.0000,1.0000,1.0000,0.0000,2.8659,2.0967,2.1794,0.8300,-2.8140,-0.2943,0.0914,0.1566,0.0091,-0.1511,0.0007,0.1310
1786060530.8045,2.7757,2.0164,2.1426,0.8972,-2.8430,-0.3665,0.0230,0.1178,0.0501,-0.0978,-0.0213,0.1145,-0.0192,0.0215,-0.0307,-0.0333,0.0375,0.0227,1.0000,0.0000,1.0000,0.0000,2.8747,2.1132,2.1808,0.8157,-2.8134,-0.2809,0.0830,0.1702,0.0213,-0.1411,0.0117,0.1396
1786060530.8546,2.7757,2.0164,2.1426,0.8972,-2.8430,-0.3665,0.0230,0.1178,0.0501,-0.0978,-0.0213,0.1145,-0.0194,0.0215,-0.0313,-0.0332,0.0377,0.0227,1.0000,0.0000,1.0000,0.0000,2.8747,2.1132,2.1808,0.8157,-2.8134,-0.2809,0.0830,0.1702,0.0213,-0.1411,0.0117,0.1396
1786060530.9074,2.7757,2.0164,2.1426,0.8972,-2.8430,-0.3665,0.0230,0.1178,0.0501,-0.0978,-0.0213,0.1145,-0.0194,0.0215,-0.0313,-0.0332,0.0377,0.0227,1.0000,0.0000,1.0000,0.0000,2.8747,2.1132,2.1808,0.8157,-2.8134,-0.2809,0.0830,0.1702,0.0213,-0.1411,0.0117,0.1396
1786060530.9546,2.7760,2.0323,2.1461,0.8825,-2.8221,-0.3404,0.0167,0.1296,0.0454,-0.1131,0.0508,0.1593,-0.0205,0.0202,-0.0308,-0.0295,0.0327,0.0063,1.0000,1.0000,1.0000,1.0000,2.8822,2.1305,2.1844,0.8007,-2.8115,-0.2659,0.0691,0.1730,0.0493,-0.1599,0.0231,0.1576
1786060531.0111,2.7760,2.0323,2.1461,0.8825,-2.8221,-0.3404,0.0167,0.1296,0.0454,-0.1131,0.0508,0.1593,-0.0206,0.0202,-0.0309,-0.0296,0.0332,0.0062,1.0000,0.0000,1.0000,1.0000,2.8824,2.1303,2.1847,0.8005,-2.8112,-0.2661,0.0693,0.1725,0.0494,-0.1605,0.0233,0.1570
1786060531.0546,2.7759,2.0415,2.1479,0.8735,-2.8068,-0.3238,0.0107,0.1156,0.0355,-0.1029,0.0819,0.1585,-0.0254,0.0195,-0.0372,-0.0291,0.0309,0.0015,1.0000,0.0000,1.0000,0.0000,2.8889,2.1472,2.1906,0.7836,-2.8089,-0.2498,0.0676,0.1623,0.0694,-0.1787,0.0265,0.1617
1786060531.1061,2.7759,2.0415,2.1519,0.8568,-2.8068,-0.3238,0.0107,0.1156,0.0370,-0.1226,0.0819,0.1585,-0.0258,0.0193,-0.0323,-0.0264,0.0310,0.0015,1.0000,0.0000,1.0000,0.0000,2.8891,2.1471,2.1908,0.7834,-2.8087,-0.2499,0.0670,0.1625,0.0689,-0.1785,0.0260,0.1618
1786060531.1727,2.7758,2.0537,2.1520,0.8565,-2.7970,-0.3153,0.0069,0.1153,0.0370,-0.1227,0.0853,0.1329,-0.0274,0.0185,-0.0321,-0.0265,0.0335,-0.0019,1.0000,1.0000,1.0000,1.0000,2.8891,2.1471,2.1908,0.7834,-2.8087,-0.2499,0.0670,0.1625,0.0689,-0.1785,0.0260,0.1618
1786060531.2086,2.7758,2.0537,2.1520,0.8565,-2.7970,-0.3153,0.0069,0.1153,0.0370,-0.1227,0.0853,0.1329,-0.0275,0.0184,-0.0321,-0.0265,0.0335,-0.0020,1.0000,1.0000,1.0000,1.0000,2.8963,2.1627,2.1975,0.7658,-2.8064,-0.2344,0.0823,0.1486,0.0663,-0.1734,0.0217,0.1467
1786060531.2568,2.7853,2.0719,2.1641,0.8312,-2.8040,-0.2980,0.0339,0.1265,0.0599,-0.1531,0.0299,0.1341,-0.0143,0.0215,-0.0215,-0.0255,0.0396,0.0080,1.0000,1.0000,1.0000,1.0000,2.9055,2.1773,2.2029,0.7497,-2.8046,-0.2204,0.0987,0.1468,0.0432,-0.1505,0.0167,0.1382
1786060531.3046,2.7853,2.0719,2.1641,0.8312,-2.8040,-0.2980,0.0339,0.1265,0.0599,-0.1531,0.0299,0.1341,-0.0134,0.0216,-0.0212,-0.0256,0.0391,0.0079,1.0000,1.0000,1.0000,1.0000,2.9055,2.1773,2.2029,0.7497,-2.8046,-0.2204,0.0987,0.1468,0.0432,-0.1505,0.0167,0.1382
1786060531.3580,2.7908,2.0795,2.1702,0.8195,-2.8105,-0.2914,0.0413,0.1142,0.0620,-0.1457,0.0009,0.1163,-0.0101,0.0221,-0.0210,-0.0267,0.0432,0.0151,1.0000,1.0000,1.0000,1.0000,2.9156,2.1927,2.2061,0.7352,-2.8029,-0.2063,0.1005,0.1603,0.0254,-0.1442,0.0172,0.1453
1786060531.4046,2.7908,2.0795,2.1702,0.8195,-2.8105,-0.2914,0.0413,0.1142,0.0620,-0.1457,0.0009,0.1163,-0.0098,0.0221,-0.0210,-0.0267,0.0429,0.0149,1.0000,1.0000,1.0000,1.0000,2.9156,2.1927,2.2061,0.7352,-2.8029,-0.2063,0.1005,0.1603,0.0254,-0.1442,0.0172,0.1453
1786060531.4567,2.8222,2.1079,2.1808,0.7965,-2.8082,-0.2818,0.1267,0.1671,0.0752,-0.1709,0.0079,0.1097,0.0056,0.0122,-0.0169,-0.0236,0.0462,0.0117,1.0000,0.0000,1.0000,0.0000,2.9252,2.2094,2.2087,0.7200,-2.8009,-0.1908,0.0901,0.1703,0.0283,-0.1619,0.0241,0.1626
1786060531.5047,2.8222,2.1079,2.1808,0.7965,-2.8082,-0.2818,0.1267,0.1671,0.0752,-0.1709,0.0079,0.1097,0.0061,0.0119,-0.0168,-0.0237,0.0464,0.0114,1.0000,0.0000,1.0000,0.0000,2.9252,2.2094,2.2087,0.7200,-2.8009,-0.1908,0.0901,0.1703,0.0283,-0.1619,0.0241,0.1626
1786060531.5547,2.8781,2.1369,2.1887,0.7755,-2.8093,-0.2587,0.2606,0.2036,0.0760,-0.1822,0.0019,0.1462,-0.0032,-0.0054,-0.0163,-0.0219,0.0345,0.0154,1.0000,1.0000,1.0000,1.0000,2.9336,2.2264,2.2124,0.7025,-2.7981,-0.1742,0.0806,0.1692,0.0439,-0.1832,0.0317,0.1660
1786060531.6045,2.8781,2.1369,2.1887,0.7755,-2.8093,-0.2587,0.2606,0.2036,0.0760,-0.1822,0.0019,0.1462,-0.0028,-0.0052,-0.0163,-0.0219,0.0341,0.0159,1.0000,1.0000,1.0000,1.0000,2.9339,2.2263,2.2126,0.7023,-2.7978,-0.1744,0.0804,0.1689,0.0436,-0.1835,0.0315,0.1656
1786060531.6545,2.9170,2.1519,2.1960,0.7538,-2.8101,-0.2461,0.3127,0.1960,0.0785,-0.2014,-0.0013,0.1466,-0.0077,-0.0089,-0.0157,-0.0190,0.0335,0.0166,1.0000,1.0000,1.0000,1.0000,2.9415,2.2431,2.2173,0.6838,-2.7945,-0.1576,0.0782,0.1664,0.0516,-0.1861,0.0381,0.1661
1786060531.7046,2.9170,2.1519,2.1960,0.7538,-2.8101,-0.2461,0.3127,0.1960,0.0785,-0.2014,-0.0013,0.1466,-0.0076,-0.0088,-0.0157,-0.0190,0.0335,0.0166,1.0000,1.0000,1.0000,1.0000,2.9417,2.2430,2.2175,0.6837,-2.7943,-0.1578,0.0775,0.1669,0.0508,-0.1857,0.0373,0.1665
1786060531.7545,2.9425,2.1608,2.2007,0.7394,-2.8107,-0.2384,0.2990,0.1653,0.0688,-0.1838,-0.0028,0.1270,-0.0041,-0.0073,-0.0173,-0.0215,0.0383,0.0170,1.0000,1.0000,1.0000,0.0000,2.9493,2.2598,2.2223,0.6657,-2.7906,-0.1409,0.0786,0.1680,0.0460,-0.1769,0.0399,0.1681
1786060531.8046,2.9484,2.1694,2.2038,0.7277,-2.8136,-0.2223,0.2468,0.1534,0.0624,-0.1779,-0.0110,0.1473,0.0035,-0.0030,-0.0187,-0.0220,0.0317,0.0186,1.0000,1.0000,1.0000,0.0000,2.9571,2.2769,2.2261,0.6484,-2.7866,-0.1239,0.0776,0.1730,0.0324,-0.1700,0.0396,0.1714
1786060531.8547,2.9484,2.1694,2.2038,0.7277,-2.8136,-0.2223,0.2468,0.1534,0.0624,-0.1779,-0.0110,0.1473,0.0033,-0.0031,-0.0187,-0.0220,0.0315,0.0188,1.0000,1.0000,1.0000,0.0000,2.9571,2.2769,2.2261,0.6484,-2.7866,-0.1239,0.0776,0.1730,0.0324,-0.1700,0.0396,0.1714
1786060531.9046,2.9424,2.1868,2.2075,0.7113,-2.8072,-0.1993,0.1456,0.1566,0.0537,-0.1708,0.0125,0.1706,0.0086,0.0093,-0.0207,-0.0225,0.0300,0.0136,1.0000,1.0000,1.0000,1.0000,2.9647,2.2944,2.2287,0.6314,-2.7826,-0.1067,0.0743,0.1768,0.0215,-0.1725,0.0412,0.1722
1786060531.9546,2.9424,2.1868,2.2075,0.7113,-2.8072,-0.1993,0.1456,0.1566,0.0537,-0.1708,0.0125,0.1706,0.0084,0.0092,-0.0207,-0.0224,0.0302,0.0136,1.0000,1.0000,1.0000,1.0000,2.9647,2.2944,2.2287,0.6314,-2.7826,-0.1067,0.0743,0.1768,0.0215,-0.1725,0.0412,0.1722
1786060532.0045,2.9323,2.1960,2.2088,0.7034,-2.8023,-0.1857,0.0672,0.1351,0.0406,-0.1408,0.0239,0.1583,-0.0006,0.0194,-0.0268,-0.0248,0.0333,0.0114,1.0000,1.0000,1.0000,1.0000,2.9719,2.3121,2.2307,0.6137,-2.7782,-0.0897,0.0707,0.1765,0.0194,-0.1792,0.0457,0.1680
1786060532.0546,2.9323,2.1960,2.2088,0.7034,-2.8023,-0.1857,0.0672,0.1351,0.0406,-0.1408,0.0239,0.1583,-0.0012,0.0196,-0.0270,-0.0246,0.0334,0.0113,1.0000,1.0000,1.0000,1.0000,2.9719,2.3121,2.2307,0.6137,-2.7782,-0.0897,0.0707,0.1765,0.0194,-0.1792,0.0457,0.1680
1786060532.1045,2.9130,2.2201,2.2110,0.6922,-2.7965,-0.1702,-0.0145,0.1679,0.0346,-0.1314,0.0348,0.1568,-0.0229,0.0144,-0.0302,-0.0247,0.0340,0.0090,1.0000,1.0000,1.0000,1.0000,2.9789,2.3296,2.2326,0.5956,-2.7734,-0.0732,0.0699,0.1735,0.0191,-0.1822,0.0510,0.1616
1786060532.1546,2.9130,2.2201,2.2110,0.6922,-2.7965,-0.1702,-0.0145,0.1679,0.0346,-0.1314,0.0348,0.1568,-0.0237,0.0139,-0.0303,-0.0246,0.0340,0.0090,1.0000,1.0000,1.0000,1.0000,2.9789,2.3296,2.2326,0.5956,-2.7734,-0.0732,0.0699,0.1735,0.0191,-0.1822,0.0510,0.1616
1786060532.2045,2.8985,2.2344,2.2137,0.6798,-2.8027,-0.1486,-0.0556,0.1615,0.0325,-0.1301,0.0045,0.1766,-0.0296,0.0065,-0.0312,-0.0243,0.0285,0.0147,1.0000,1.0000,1.0000,1.0000,2.9860,2.3469,2.2344,0.5776,-2.7681,-0.0573,0.0721,0.1720,0.0155,-0.1779,0.0545,0.1574
1786060532.2546,2.8985,2.2344,2.2137,0.6798,-2.8027,-0.1486,-0.0556,0.1615,0.0325,-0.1301,0.0045,0.1766,-0.0299,0.0063,-0.0312,-0.0242,0.0282,0.0148,1.0000,1.0000,1.0000,1.0000,2.9860,2.3469,2.2344,0.5776,-2.7681,-0.0573,0.0721,0.1720,0.0155,-0.1779,0.0545,0.1574
1786060532.3095,2.9350,2.2502,2.2156,0.6648,-2.7863,-0.1275,0.0754,0.1618,0.0279,-0.1347,0.0547,0.1887,-0.0021,0.0182,-0.0315,-0.0228,0.0283,0.0065,1.0000,0.0000,1.0000,0.0000,2.9933,2.3641,2.2356,0.5602,-2.7625,-0.0417,0.0737,0.1731,0.0091,-0.1707,0.0561,0.1563
1786060532.3581,2.9350,2.2502,2.2156,0.6648,-2.7863,-0.1275,0.0754,0.1618,0.0279,-0.1347,0.0547,0.1887,-0.0013,0.0177,-0.0315,-0.0228,0.0285,0.0065,1.0000,0.0000,1.0000,0.0000,2.9933,2.3641,2.2356,0.5602,-2.7625,-0.0417,0.0737,0.1731,0.0091,-0.1707,0.0561,0.1563
1786060532.4055,2.9350,2.2502,2.2159,0.6497,-2.7863,-0.1275,0.0754,0.1618,0.0193,-0.1364,0.0547,0.1887,-0.0012,0.0177,-0.0331,-0.0208,0.0285,0.0065,1.0000,0.0000,1.0000,0.0000,2.9935,2.3640,2.2357,0.5601,-2.7623,-0.0418,0.0737,0.1737,0.0090,-0.1702,0.0560,0.1568
1786060532.4546,2.9630,2.2597,2.2158,0.6498,-2.7782,-0.1089,0.1364,0.1345,0.0193,-0.1366,0.0605,0.1806,0.0110,0.0097,-0.0332,-0.0208,0.0296,0.0055,1.0000,1.0000,1.0000,1.0000,3.0007,2.3815,2.2362,0.5433,-2.7568,-0.0260,0.0735,0.1750,0.0049,-0.1690,0.0573,0.1568
1786060532.5045,2.9760,2.2683,2.2161,0.6363,-2.7782,-0.1089,0.1349,0.1198,0.0141,-0.1356,0.0605,0.1806,0.0134,0.0082,-0.0344,-0.0196,0.0297,0.0055,1.0000,1.0000,1.0000,0.0000,3.0080,2.3991,2.2366,0.5261,-2.7510,-0.0103,0.0727,0.1757,0.0041,-0.1740,0.0597,0.1574
1786060532.5546,2.9760,2.2683,2.2162,0.6364,-2.7852,-0.0867,0.1349,0.1198,0.0143,-0.1362,0.0199,0.1940,0.0134,0.0081,-0.0343,-0.0195,0.0269,0.0116,1.0000,1.0000,1.0000,1.0000,3.0080,2.3991,2.2366,0.5261,-2.7510,-0.0103,0.0727,0.1757,0.0041,-0.1740,0.0597,0.1574
1786060532.6046,2.9760,2.2683,2.2162,0.6364,-2.7852,-0.0867,0.1349,0.1198,0.0143,-0.1362,0.0199,0.1940,0.0134,0.0081,-0.0343,-0.0195,0.0267,0.0116,1.0000,1.0000,1.0000,1.0000,3.0080,2.3991,2.2366,0.5261,-2.7510,-0.0103,0.0727,0.1757,0.0041,-0.1740,0.0597,0.1574
1786060532.6546,2.9845,2.3035,2.2196,0.6136,-2.7930,-0.0728,0.1181,0.1912,0.0204,-0.1637,-0.0109,0.1750,0.0024,0.0113,-0.0278,-0.0190,0.0262,0.0173,1.0000,1.0000,1.0000,1.0000,3.0153,2.4166,2.2370,0.5084,-2.7448,0.0054,0.0730,0.1749,0.0044,-0.1802,0.0633,0.1574
1786060532.7062,2.9845,2.3035,2.2196,0.6136,-2.7930,-0.0728,0.1181,0.1912,0.0204,-0.1637,-0.0109,0.1750,0.0022,0.0115,-0.0277,-0.0191,0.0261,0.0173,1.0000,1.0000,1.0000,1.0000,3.0153,2.4166,2.2370,0.5084,-2.7448,0.0054,0.0730,0.1749,0.0044,-0.1802,0.0633,0.1574
1786060532.7546,2.9885,2.3274,2.2238,0.5802,-2.7941,-0.0558,0.0869,0.1950,0.0260,-0.2073,-0.0103,0.1632,-0.0017,0.0142,-0.0217,-0.0151,0.0279,0.0180,1.0000,1.0000,1.0000,1.0000,3.0227,2.4340,2.2375,0.4902,-2.7383,0.0212,0.0749,0.1737,0.0039,-0.1821,0.0665,0.1579
1786060532.8051,2.9885,2.3274,2.2258,0.5646,-2.7941,-0.0558,0.0869,0.1950,0.0255,-0.2032,-0.0103,0.1632,-0.0018,0.0142,-0.0220,-0.0158,0.0279,0.0179,1.0000,0.0000,1.0000,0.0000,3.0229,2.4339,2.2377,0.4900,-2.7380,0.0210,0.0743,0.1740,0.0033,-0.1818,0.0659,0.1582
1786060532.8546,2.9962,2.3598,2.2258,0.5645,-2.7827,-0.0426,0.0884,0.2464,0.0254,-0.2028,0.0282,0.1624,-0.0050,0.0075,-0.0221,-0.0158,0.0323,0.0108,1.0000,1.0000,1.0000,1.0000,3.0303,2.4514,2.2377,0.4721,-2.7315,0.0371,0.0763,0.1744,0.0012,-0.1802,0.0695,0.1604
1786060532.9046,2.9962,2.3598,2.2258,0.5645,-2.7827,-0.0426,0.0884,0.2464,0.0254,-0.2028,0.0282,0.1624,-0.0050,0.0077,-0.0221,-0.0158,0.0326,0.0106,1.0000,1.0000,1.0000,1.0000,3.0305,2.4513,2.2379,0.4720,-2.7313,0.0370,0.0758,0.1752,0.0008,-0.1794,0.0690,0.1611
1786060532.9549,3.0020,2.3851,2.2273,0.5526,-2.7736,-0.0326,0.0715,0.2275,0.0200,-0.1592,0.0456,0.1293,-0.0056,0.0113,-0.0282,-0.0195,0.0397,0.0036,1.0000,1.0000,1.0000,0.0000,3.0379,2.4690,2.2377,0.4542,-2.7244,0.0533,0.0753,0.1772,-0.0023,-0.1792,0.0711,0.1631
1786060533.0227,3.0020,2.3851,2.2273,0.5526,-2.7736,-0.0326,0.0715,0.2275,0.0200,-0.1592,0.0456,0.1293,-0.0057,0.0112,-0.0283,-0.0193,0.0399,0.0032,1.0000,1.0000,1.0000,0.0000,3.0379,2.4690,2.2377,0.4542,-2.7244,0.0533,0.0753,0.1772,-0.0023,-0.1792,0.0711,0.1631
1786060533.0724,3.0020,2.3851,2.2273,0.5526,-2.7736,-0.0326,0.0715,0.2275,0.0200,-0.1592,0.0456,0.1293,-0.0057,0.0112,-0.0283,-0.0193,0.0399,0.0032,1.0000,1.0000,1.0000,0.0000,3.0379,2.4690,2.2377,0.4542,-2.7244,0.0533,0.0753,0.1772,-0.0023,-0.1792,0.0711,0.1631
1786060533.1502,3.0020,2.3851,2.2305,0.5316,-2.7736,-0.0326,0.0715,0.2275,0.0218,-0.1588,0.0456,0.1293,-0.0057,0.0112,-0.0280,-0.0196,0.0399,0.0032,1.0000,0.0000,1.0000,0.0000,3.0380,2.4690,2.2378,0.4541,-2.7243,0.0533,0.0755,0.1776,-0.0022,-0.1788,0.0712,0.1636
1786060533.2252,3.0020,2.3851,2.2306,0.5307,-2.7736,-0.0326,0.0715,0.2275,0.0210,-0.1521,0.0456,0.1293,-0.0057,0.0112,-0.0293,-0.0200,0.0399,0.0032,1.0000,0.0000,1.0000,0.0000,3.0453,2.4869,2.2373,0.4361,-2.7172,0.0697,0.0728,0.1805,-0.0047,-0.1816,0.0728,0.1650
1786060533.2996,3.0066,2.4000,2.2306,0.5307,-2.7610,-0.0141,0.0519,0.1655,0.0210,-0.1520,0.0633,0.1253,-0.0068,0.0186,-0.0293,-0.0200,0.0386,-0.0011,1.0000,1.0000,1.0000,1.0000,3.0524,2.5051,2.2367,0.4178,-2.7097,0.0862,0.0706,0.1820,-0.0072,-0.1844,0.0769,0.1643
1786060533.3292,3.0066,2.4000,2.2308,0.5056,-2.7610,-0.0141,0.0519,0.1655,0.0139,-0.1743,0.0633,0.1253,-0.0069,0.0185,-0.0268,-0.0171,0.0388,-0.0012,1.0000,0.0000,1.0000,0.0000,3.0524,2.5051,2.2367,0.4178,-2.7097,0.0862,0.0706,0.1820,-0.0072,-0.1844,0.0769,0.1643
1786060533.3672,3.0066,2.4000,2.2308,0.5062,-2.7610,-0.0141,0.0519,0.1655,0.0134,-0.1701,0.0633,0.1253,-0.0069,0.0185,-0.0275,-0.0175,0.0388,-0.0012,1.0000,0.0000,1.0000,0.0000,3.0527,2.5050,2.2369,0.4177,-2.7095,0.0861,0.0710,0.1813,-0.0068,-0.1852,0.0773,0.1636
1786060533.4046,2.9934,2.4066,2.2305,0.4936,-2.7385,0.0127,-0.0129,0.0728,0.0069,-0.1387,0.0742,0.1057,-0.0534,0.0061,-0.0347,-0.0178,0.0394,-0.0076,1.0000,1.0000,1.0000,1.0000,3.0594,2.5232,2.2357,0.3993,-2.7018,0.1025,0.0696,0.1811,-0.0120,-0.1854,0.0817,0.1618
1786060533.4662,2.9934,2.4066,2.2299,0.4903,-2.7385,0.0127,-0.0129,0.0728,0.0030,-0.0999,0.0742,0.1057,-0.0576,-0.0004,-0.0489,-0.0156,0.0395,-0.0079,1.0000,0.0000,1.0000,0.0000,3.0597,2.5231,2.2360,0.3991,-2.7015,0.1023,0.0693,0.1808,-0.0123,-0.1856,0.0814,0.1616
1786060533.5045,2.9937,2.4253,2.2299,0.4905,-2.7331,0.0262,-0.0075,0.1063,0.0028,-0.0994,0.0656,0.1117,-0.0382,0.0111,-0.0496,-0.0143,0.0407,-0.0052,1.0000,0.0000,1.0000,0.0000,3.0664,2.5413,2.2342,0.3808,-2.6934,0.1186,0.0691,0.1805,-0.0176,-0.1842,0.0857,0.1594
1786060533.5548,2.9941,2.4351,2.2310,0.4715,-2.7153,0.0503,-0.0041,0.1058,0.0055,-0.1312,0.1022,0.1544,-0.0353,0.0136,-0.0375,-0.0165,0.0301,-0.0022,1.0000,0.0000,1.0000,1.0000,3.0732,2.5594,2.2321,0.3625,-2.6847,0.1344,0.0680,0.1817,-0.0244,-0.1822,0.0879,0.1582
1786060533.6047,2.9941,2.4351,2.2310,0.4714,-2.7153,0.0503,-0.0041,0.1058,0.0054,-0.1300,0.1022,0.1544,-0.0349,0.0138,-0.0375,-0.0170,0.0303,-0.0019,1.0000,0.0000,1.0000,0.0000,3.0732,2.5594,2.2321,0.3625,-2.6847,0.1344,0.0680,0.1817,-0.0244,-0.1822,0.0879,0.1582
1786060533.6595,2.9941,2.4351,2.2341,0.4458,-2.7153,0.0503,-0.0041,0.1058,0.0131,-0.1636,0.1022,0.1544,-0.0349,0.0138,-0.0288,-0.0176,0.0303,-0.0019,1.0000,0.0000,1.0000,0.0000,3.0734,2.5593,2.2322,0.3624,-2.6845,0.1343,0.0676,0.1825,-0.0247,-0.1814,0.0875,0.1590
1786060533.7046,3.0256,2.4722,2.2340,0.4459,-2.7036,0.0659,0.0960,0.1852,0.0130,-0.1662,0.1037,0.1502,0.0000,0.0144,-0.0281,-0.0176,0.0305,-0.0025,1.0000,1.0000,1.0000,0.0000,3.0799,2.5777,2.2293,0.3443,-2.6758,0.1502,0.0653,0.1836,-0.0304,-0.1807,0.0897,0.1571
1786060533.7582,3.0451,2.4926,2.2358,0.4330,-2.7036,0.0659,0.1313,0.1998,0.0150,-0.1621,0.1037,0.1502,0.0025,0.0090,-0.0285,-0.0183,0.0305,-0.0026,1.0000,1.0000,1.0000,0.0000,3.0862,2.5961,2.2261,0.3263,-2.6667,0.1658,0.0626,0.1849,-0.0336,-0.1806,0.0927,0.1552
1786060533.8046,3.0451,2.4926,2.2358,0.4330,-2.6985,0.0723,0.1313,0.1998,0.0150,-0.1621,0.0917,0.1297,0.0026,0.0090,-0.0284,-0.0182,0.0343,-0.0041,1.0000,1.0000,1.0000,1.0000,3.0862,2.5961,2.2261,0.3263,-2.6667,0.1658,0.0626,0.1849,-0.0336,-0.1806,0.0927,0.1552
1786060533.8597,3.0451,2.4926,2.2358,0.4330,-2.6985,0.0723,0.1313,0.1998,0.0150,-0.1621,0.0917,0.1297,0.0026,0.0090,-0.0284,-0.0182,0.0342,-0.0042,1.0000,1.0000,1.0000,1.0000,3.0862,2.5961,2.2261,0.3263,-2.6667,0.1658,0.0626,0.1849,-0.0336,-0.1806,0.0927,0.1552
1786060533.9048,3.0451,2.4926,2.2369,0.4251,-2.6985,0.0723,0.1313,0.1998,0.0138,-0.1345,0.0917,0.1297,0.0026,0.0090,-0.0342,-0.0195,0.0342,-0.0042,1.0000,0.0000,1.0000,0.0000,3.0924,2.6146,2.2227,0.3081,-2.6572,0.1812,0.0609,0.1849,-0.0336,-0.1820,0.0969,0.1521
1786060533.9545,3.0571,2.5127,2.2369,0.4249,-2.6997,0.0863,0.1270,0.1987,0.0138,-0.1357,0.0588,0.1324,0.0025,0.0096,-0.0341,-0.0193,0.0384,0.0009,1.0000,1.0000,1.0000,1.0000,3.0985,2.6331,2.2193,0.2899,-2.6472,0.1962,0.0607,0.1844,-0.0341,-0.1831,0.1007,0.1495
1786060534.0049,3.0571,2.5127,2.2319,0.4075,-2.6928,0.1091,0.1270,0.1987,-0.0069,-0.1426,0.0600,0.1575,0.0025,0.0096,-0.0354,-0.0141,0.0336,0.0041,1.0000,0.0000,1.0000,1.0000,3.0985,2.6331,2.2193,0.2899,-2.6472,0.1962,0.0607,0.1844,-0.0341,-0.1831,0.1007,0.1495
1786060534.0549,3.0636,2.5238,2.2318,0.4073,-2.6928,0.1091,0.1032,0.1645,-0.0072,-0.1420,0.0600,0.1575,0.0042,0.0141,-0.0358,-0.0140,0.0335,0.0042,1.0000,1.0000,1.0000,0.0000,3.0985,2.6331,2.2193,0.2899,-2.6472,0.1962,0.0607,0.1844,-0.0341,-0.1831,0.1007,0.1495
1786060534.1090,3.0571,2.5337,2.2262,0.3815,-2.6895,0.1210,0.0523,0.1465,-0.0226,-0.1817,0.0522,0.1481,-0.0052,0.0195,-0.0289,-0.0109,0.0356,0.0047,1.0000,1.0000,1.0000,1.0000,3.1046,2.6515,2.2157,0.2716,-2.6370,0.2111,0.0610,0.1842,-0.0380,-0.1823,0.1029,0.1490
1786060534.1559,3.0571,2.5337,2.2262,0.3815,-2.6895,0.1210,0.0523,0.1465,-0.0226,-0.1817,0.0522,0.1481,-0.0057,0.0195,-0.0289,-0.0111,0.0356,0.0047,1.0000,1.0000,1.0000,1.0000,3.1046,2.6515,2.2157,0.2716,-2.6370,0.2111,0.0610,0.1842,-0.0380,-0.1823,0.1029,0.1490
1786060534.2061,3.0433,2.5476,2.2161,0.3495,-2.6901,0.1317,-0.0115,0.1326,-0.0453,-0.2105,0.0300,0.1234,-0.0279,0.0147,-0.0251,-0.0065,0.0421,0.0064,1.0000,1.0000,1.0000,1.0000,3.1107,2.6699,2.2116,0.2535,-2.6267,0.2260,0.0607,0.1850,-0.0427,-0.1802,0.1045,0.1497
1786060534.2546,3.0433,2.5476,2.2161,0.3495,-2.6901,0.1317,-0.0115,0.1326,-0.0453,-0.2105,0.0300,0.1234,-0.0291,0.0139,-0.0252,-0.0066,0.0420,0.0062,1.0000,1.0000,1.0000,1.0000,3.1107,2.6699,2.2116,0.2535,-2.6267,0.2260,0.0607,0.1850,-0.0427,-0.1802,0.1045,0.1497
1786060534.3084,3.0450,2.5631,2.2103,0.3345,-2.6803,0.1536,-0.0026,0.1400,-0.0492,-0.1923,0.0513,0.1536,-0.0251,0.0159,-0.0277,-0.0068,0.0345,0.0052,1.0000,1.0000,1.0000,1.0000,3.1167,2.6885,2.2073,0.2355,-2.6161,0.2410,0.0593,0.1867,-0.0438,-0.1795,0.1072,0.1499
1786060534.3546,3.0450,2.5631,2.2103,0.3345,-2.6803,0.1536,-0.0026,0.1400,-0.0492,-0.1923,0.0513,0.1536,-0.0248,0.0160,-0.0277,-0.0068,0.0345,0.0055,1.0000,1.0000,1.0000,1.0000,3.1167,2.6885,2.2073,0.2355,-2.6161,0.2410,0.0593,0.1867,-0.0438,-0.1795,0.1072,0.1499
1786060534.4046,3.0586,2.5988,2.1981,0.3070,-2.6742,0.1664,0.0409,0.2081,-0.0721,-0.2182,0.0544,0.1458,-0.0094,0.0143,-0.0236,-0.0027,0.0359,0.0040,1.0000,1.0000,1.0000,1.0000,3.1225,2.7073,2.2030,0.2175,-2.6051,0.2560,0.0574,0.1881,-0.0404,-0.1811,0.1110,0.1487
1786060534.4545,3.0586,2.5988,2.1981,0.3070,-2.6742,0.1664,0.0409,0.2081,-0.0721,-0.2182,0.0544,0.1458,-0.0090,0.0144,-0.0237,-0.0028,0.0359,0.0040,1.0000,1.0000,1.0000,1.0000,3.1225,2.7073,2.2030,0.2175,-2.6051,0.2560,0.0574,0.1881,-0.0404,-0.1811,0.1110,0.1487
1786060534.5048,3.0586,2.5988,2.1923,0.2743,-2.6612,0.1859,0.0409,0.2081,-0.0613,-0.2327,0.0733,0.1481,-0.0090,0.0144,-0.0224,-0.0030,0.0342,0.0009,1.0000,0.0000,1.0000,1.0000,3.1281,2.7261,2.1992,0.1992,-2.5939,0.2708,0.0554,0.1886,-0.0360,-0.1832,0.1138,0.1472
1786060534.5589,3.0690,2.6241,2.1921,0.2730,-2.6612,0.1859,0.0569,0.2033,-0.0602,-0.2315,0.0733,0.1481,-0.0062,0.0148,-0.0225,-0.0033,0.0343,0.0009,1.0000,1.0000,1.0000,0.0000,3.1281,2.7261,2.1992,0.1992,-2.5939,0.2708,0.0554,0.1886,-0.0360,-0.1832,0.1138,0.1472
1786060534.6055,3.0490,2.6432,2.1909,0.2611,-2.6414,0.2056,-0.0220,0.2050,-0.0480,-0.2071,0.1143,0.1672,-0.0187,0.0112,-0.0258,-0.0066,0.0277,-0.0026,1.0000,1.0000,1.0000,1.0000,3.1335,2.7450,2.1958,0.1809,-2.5824,0.2854,0.0533,0.1890,-0.0345,-0.1828,0.1151,0.1464
1786060534.6587,3.0490,2.6432,2.1909,0.2611,-2.6414,0.2056,-0.0220,0.2050,-0.0480,-0.2071,0.1143,0.1672,-0.0190,0.0110,-0.0257,-0.0065,0.0279,-0.0025,1.0000,1.0000,1.0000,1.0000,3.1335,2.7450,2.1958,0.1809,-2.5824,0.2854,0.0533,0.1890,-0.0345,-0.1828,0.1151,0.1464
1786060534.7048,3.0490,2.6432,2.1909,0.2611,-2.6414,0.2056,-0.0220,0.2050,-0.0480,-0.2071,0.1143,0.1672,-0.0190,0.0110,-0.0257,-0.0065,0.0278,-0.0025,1.0000,1.0000,1.0000,1.0000,3.1337,2.7448,2.1959,0.1807,-2.5822,0.2852,0.0525,0.1895,-0.0353,-0.1823,0.1143,0.1469
1786060534.7571,3.0490,2.6432,2.1909,0.2611,-2.6414,0.2056,-0.0220,0.2050,-0.0480,-0.2071,0.1143,0.1672,-0.0190,0.0110,-0.0257,-0.0065,0.0278,-0.0025,1.0000,1.0000,1.0000,1.0000,3.1337,2.7448,2.1959,0.1807,-2.5822,0.2852,0.0525,0.1895,-0.0353,-0.1823,0.1143,0.1469
1786060534.8046,3.0335,2.6576,2.1817,0.2254,-2.6124,0.2313,-0.0622,0.1710,-0.0451,-0.1826,0.1608,0.1832,-0.0276,0.0061,-0.0294,-0.0076,0.0205,-0.0066,1.0000,0.0000,1.0000,0.0000,3.1389,2.7638,2.1923,0.1627,-2.5708,0.3000,0.0515,0.1907,-0.0370,-0.1790,0.1151,0.1473
1786060534.8546,3.0312,2.6732,2.1816,0.2256,-2.5978,0.2425,-0.0512,0.1696,-0.0454,-0.1827,0.1595,0.1648,-0.0274,0.0077,-0.0293,-0.0075,0.0224,-0.0067,1.0000,1.0000,1.0000,1.0000,3.1440,2.7830,2.1883,0.1450,-2.5593,0.3147,0.0518,0.1905,-0.0414,-0.1769,0.1170,0.1461
1786060534.9046,3.0644,2.7030,2.1788,0.2087,-2.5768,0.2660,0.0670,0.2175,-0.0420,-0.1866,0.1824,0.1939,-0.0052,0.0129,-0.0287,-0.0080,0.0167,-0.0085,1.0000,1.0000,1.0000,1.0000,3.1491,2.8020,2.1839,0.1273,-2.5474,0.3292,0.0520,0.1908,-0.0456,-0.1764,0.1199,0.1446
1786060534.9547,3.0644,2.7030,2.1788,0.2087,-2.5768,0.2660,0.0670,0.2175,-0.0420,-0.1866,0.1824,0.1939,-0.0048,0.0126,-0.0287,-0.0080,0.0169,-0.0085,1.0000,1.0000,1.0000,1.0000,3.1491,2.8020,2.1839,0.1273,-2.5474,0.3292,0.0520,0.1908,-0.0456,-0.1764,0.1199,0.1446
1786060535.0062,3.0879,2.7221,2.1807,0.1859,-2.5672,0.2895,0.1220,0.2159,-0.0243,-0.2052,0.1610,0.2127,0.0009,0.0086,-0.0256,-0.0099,0.0181,-0.0070,1.0000,1.0000,1.0000,1.0000,3.1543,2.8211,2.1792,0.1096,-2.5352,0.3436,0.0512,0.1910,-0.0478,-0.1781,0.1231,0.1421
1786060535.0546,3.0879,2.7221,2.1807,0.1859,-2.5672,0.2895,0.1220,0.2159,-0.0243,-0.2052,0.1610,0.2127,0.0010,0.0086,-0.0255,-0.0099,0.0180,-0.0070,1.0000,1.0000,1.0000,1.0000,3.1543,2.8211,2.1792,0.1096,-2.5352,0.3436,0.0512,0.1910,-0.0478,-0.1781,0.1231,0.1421
1786060535.1052,3.0879,2.7221,2.1827,0.1653,-2.5672,0.2895,0.1220,0.2159,-0.0112,-0.2116,0.1610,0.2127,0.0010,0.0086,-0.0240,-0.0111,0.0180,-0.0070,1.0000,0.0000,1.0000,0.0000,3.1593,2.8402,2.1744,0.0917,-2.5228,0.3576,0.0492,0.1911,-0.0492,-0.1792,0.1251,0.1398
1786060535.1545,3.1030,2.7482,2.1804,0.1494,-2.5628,0.3035,0.1348,0.2369,-0.0154,-0.2075,0.1292,0.1966,-0.0006,0.0050,-0.0247,-0.0110,0.0234,-0.0033,1.0000,0.0000,1.0000,0.0000,3.1596,2.8400,2.1746,0.0915,-2.5226,0.3574,0.0486,0.1910,-0.0497,-0.1793,0.1246,0.1397
1786060535.2046,3.1179,2.7678,2.1804,0.1495,-2.5581,0.3148,0.1475,0.2380,-0.0153,-0.2077,0.1112,0.1821,-0.0004,0.0037,-0.0247,-0.0110,0.0267,-0.0015,1.0000,1.0000,1.0000,1.0000,3.1641,2.8594,2.1692,0.0738,-2.5102,0.3715,0.0472,0.1910,-0.0539,-0.1786,0.1261,0.1386
1786060535.2546,3.1267,2.7786,2.1756,0.1334,-2.5490,0.3299,0.1404,0.2160,-0.0269,-0.2072,0.1136,0.1869,0.0019,0.0067,-0.0253,-0.0095,0.0258,-0.0017,1.0000,0.0000,1.0000,0.0000,3.1688,2.8785,2.1634,0.0560,-2.4976,0.3854,0.0459,0.1912,-0.0627,-0.1769,0.1264,0.1385
1786060535.3046,3.1646,2.7979,2.1753,0.1150,-2.5440,0.3384,0.2308,0.2324,-0.0221,-0.2223,0.1060,0.1750,-0.0026,-0.0048,-0.0232,-0.0088,0.0280,-0.0012,1.0000,0.0000,1.0000,0.0000,3.1733,2.8976,2.1566,0.0384,-2.4849,0.3992,0.0456,0.1918,-0.0709,-0.1754,0.1273,0.1387
1786060535.3555,3.1646,2.7979,2.1753,0.1150,-2.5440,0.3384,0.2308,0.2324,-0.0221,-0.2223,0.1060,0.1750,-0.0024,-0.0046,-0.0232,-0.0089,0.0279,-0.0012,1.0000,0.0000,1.0000,0.0000,3.1735,2.8976,2.1568,0.0384,-2.4847,0.3992,0.0462,0.1917,-0.0703,-0.1755,0.1279,0.1386
1786060535.4052,3.1912,2.8106,2.1745,0.0956,-2.5367,0.3494,0.2675,0.2249,-0.0202,-0.2371,0.1074,0.1739,-0.0047,-0.0075,-0.0215,-0.0074,0.0280,-0.0015,1.0000,0.0000,1.0000,0.0000,3.1779,2.9168,2.1493,0.0209,-2.4721,0.4131,0.0456,0.1921,-0.0741,-0.1758,0.1294,0.1379
1786060535.4563,3.1912,2.8106,2.1745,0.0956,-2.5367,0.3494,0.2675,0.2249,-0.0202,-0.2371,0.1074,0.1739,-0.0047,-0.0074,-0.0215,-0.0075,0.0280,-0.0015,1.0000,0.0000,1.0000,0.0000,3.1779,2.9168,2.1493,0.0209,-2.4721,0.4131,0.0456,0.1921,-0.0741,-0.1758,0.1294,0.1379
1786060535.5085,3.1978,2.8454,2.1703,0.0789,-2.5123,0.3687,0.2296,0.2852,-0.0292,-0.2401,0.1608,0.1966,-0.0068,-0.0084,-0.0215,-0.0062,0.0195,-0.0069,1.0000,1.0000,1.0000,1.0000,3.1827,2.9358,2.1421,0.0031,-2.4587,0.4266,0.0453,0.1915,-0.0750,-0.1781,0.1315,0.1357
1786060535.5562,3.1978,2.8454,2.1658,0.0636,-2.5123,0.3687,0.2296,0.2852,-0.0366,-0.2337,0.1608,0.1966,-0.0068,-0.0083,-0.0224,-0.0061,0.0197,-0.0067,1.0000,0.0000,1.0000,0.0000,3.1870,2.9552,2.1344,-0.0146,-2.4458,0.4404,0.0446,0.1919,-0.0745,-0.1793,0.1325,0.1354
1786060535.6046,3.2019,2.8915,2.1582,0.0438,-2.4858,0.3971,0.1465,0.2944,-0.0514,-0.2365,0.1666,0.1928,-0.0051,-0.0030,-0.0221,-0.0041,0.0193,-0.0073,1.0000,0.0000,1.0000,0.0000,3.1914,2.9744,2.1269,-0.0326,-2.4325,0.4539,0.0436,0.1916,-0.0756,-0.1796,0.1328,0.1353
1786060535.6551,3.2019,2.8915,2.1582,0.0438,-2.4858,0.3971,0.1465,0.2944,-0.0514,-0.2365,0.1666,0.1928,-0.0052,-0.0031,-0.0222,-0.0042,0.0194,-0.0073,1.0000,0.0000,1.0000,0.0000,3.1914,2.9744,2.1269,-0.0326,-2.4325,0.4539,0.0436,0.1916,-0.0756,-0.1796,0.1328,0.1353
1786060535.7080,3.1958,2.9136,2.1492,0.0219,-2.4643,0.4159,0.0782,0.2656,-0.0630,-0.2299,0.1786,0.1876,-0.0055,0.0056,-0.0228,-0.0034,0.0182,-0.0084,1.0000,1.0000,1.0000,1.0000,3.1957,2.9936,2.1192,-0.0504,-2.4192,0.4674,0.0430,0.1917,-0.0770,-0.1773,0.1331,0.1359
1786060535.7547,3.1958,2.9136,2.1492,0.0219,-2.4643,0.4159,0.0782,0.2656,-0.0630,-0.2299,0.1786,0.1876,-0.0056,0.0054,-0.0228,-0.0034,0.0182,-0.0084,1.0000,1.0000,1.0000,1.0000,3.1957,2.9936,2.1192,-0.0504,-2.4192,0.4674,0.0430,0.1917,-0.0770,-0.1773,0.1331,0.1359
1786060535.8046,3.1868,2.9236,2.1429,0.0032,-2.4545,0.4336,0.0227,0.2056,-0.0613,-0.2095,0.1477,0.1788,-0.0114,0.0149,-0.0255,-0.0049,0.0233,-0.0056,1.0000,1.0000,1.0000,1.0000,3.2000,3.0127,2.1115,-0.0680,-2.4058,0.4810,0.0433,0.1919,-0.0768,-0.1749,0.1345,0.1357
1786060535.8569,3.1868,2.9236,2.1429,0.0032,-2.4545,0.4336,0.0227,0.2056,-0.0613,-0.2095,0.1477,0.1788,-0.0115,0.0146,-0.0255,-0.0049,0.0231,-0.0057,1.0000,1.0000,1.0000,1.0000,3.2000,3.0127,2.1115,-0.0680,-2.4058,0.4810,0.0433,0.1919,-0.0768,-0.1749,0.1345,0.1357
1786060535.9186,3.1868,2.9236,2.1429,0.0032,-2.4545,0.4336,0.0227,0.2056,-0.0613,-0.2095,0.1477,0.1788,-0.0115,0.0147,-0.0255,-0.0049,0.0231,-0.0057,1.0000,1.0000,1.0000,1.0000,3.2002,3.0127,2.1117,-0.0681,-2.4057,0.4810,0.0440,0.1914,-0.0761,-0.1753,0.1352,0.1353
1786060535.9612,3.1868,2.9236,2.1407,-0.0096,-2.4516,0.4422,0.0227,0.2056,-0.0469,-0.1774,0.1058,0.1442,-0.0115,0.0147,-0.0304,-0.0076,0.0319,-0.0040,1.0000,0.0000,1.0000,1.0000,3.2044,3.0319,2.1040,-0.0855,-2.3922,0.4945,0.0438,0.1917,-0.0747,-0.1750,0.1372,0.1341
1786060536.0105,3.1800,2.9458,2.1286,-0.0231,-2.4516,0.4422,-0.0064,0.2043,-0.0714,-0.1688,0.1058,0.1442,-0.0162,0.0130,-0.0309,-0.0033,0.0317,-0.0041,1.0000,0.0000,1.0000,0.0000,3.2088,3.0511,2.1042,-0.0856,-2.3920,0.4944,0.0438,0.1918,-0.0743,-0.1760,0.1376,0.1331
1786060536.0566,3.1800,2.9458,2.1286,-0.0231,-2.4516,0.4422,-0.0064,0.2043,-0.0714,-0.1688,0.1058,0.1442,-0.0163,0.0130,-0.0310,-0.0032,0.0317,-0.0041,1.0000,0.0000,1.0000,0.0000,3.2088,3.0511,2.0966,-0.1031,-2.3784,0.5078,0.0438,0.1918,-0.0725,-0.1769,0.1398,0.1316
1786060536.1046,3.1750,2.9561,2.1284,-0.0235,-2.4416,0.4524,-0.0204,0.1747,-0.0714,-0.1671,0.1051,0.1326,-0.0219,0.0134,-0.0312,-0.0031,0.0329,-0.0058,1.0000,1.0000,1.0000,1.0000,3.2090,3.0509,2.0968,-0.1033,-2.3781,0.5076,0.0434,0.1914,-0.0728,-0.1773,0.1395,0.1312
1786060536.1649,3.1750,2.9561,2.1284,-0.0235,-2.4416,0.4524,-0.0204,0.1747,-0.0714,-0.1671,0.1051,0.1326,-0.0220,0.0133,-0.0312,-0.0031,0.0329,-0.0058,1.0000,1.0000,1.0000,1.0000,3.2090,3.0509,2.0968,-0.1033,-2.3781,0.5076,0.0434,0.1914,-0.0728,-0.1773,0.1395,0.1312
1786060536.2046,3.1598,2.9781,2.1220,-0.0445,-2.4369,0.4651,-0.0605,0.1807,-0.0660,-0.1743,0.0821,0.1244,-0.0254,0.0070,-0.0305,-0.0043,0.0372,-0.0048,1.0000,1.0000,1.0000,0.0000,3.2131,3.0703,2.0894,-0.1208,-2.3643,0.5208,0.0427,0.1927,-0.0720,-0.1774,0.1410,0.1299
1786060536.2548,3.1373,2.9946,2.1208,-0.0588,-2.4357,0.4741,-0.1080,0.1647,-0.0448,-0.1529,0.0551,0.1061,-0.0278,-0.0013,-0.0349,-0.0067,0.0446,-0.0053,1.0000,1.0000,1.0000,1.0000,3.2173,3.0897,2.0821,-0.1385,-2.3502,0.5338,0.0410,0.1936,-0.0737,-0.1754,0.1415,0.1293
1786060536.3051,3.1373,2.9946,2.1208,-0.0588,-2.4357,0.4741,-0.1080,0.1647,-0.0448,-0.1529,0.0551,0.1061,-0.0279,-0.0015,-0.0348,-0.0066,0.0444,-0.0056,1.0000,1.0000,1.0000,1.0000,3.2173,3.0897,2.0821,-0.1385,-2.3502,0.5338,0.0410,0.1936,-0.0737,-0.1754,0.1415,0.1293
1786060536.3558,3.1466,3.0102,2.1257,-0.0697,-2.4174,0.4860,-0.0496,0.1691,-0.0174,-0.1457,0.0978,0.1147,-0.0269,0.0084,-0.0356,-0.0121,0.0353,-0.0089,1.0000,1.0000,1.0000,1.0000,3.2213,3.1090,2.0746,-0.1559,-2.3359,0.5467,0.0394,0.1942,-0.0775,-0.1728,0.1437,0.1281
1786060536.4045,3.1466,3.0102,2.1081,-0.0889,-2.4174,0.4860,-0.0496,0.1691,-0.0687,-0.1691,0.0978,0.1147,-0.0266,0.0085,-0.0309,-0.0036,0.0356,-0.0089,1.0000,0.0000,1.0000,0.0000,3.2252,3.1285,2.0665,-0.1731,-2.3214,0.5594,0.0385,0.1942,-0.0832,-0.1715,0.1467,0.1263
1786060536.4546,3.1639,3.0246,2.1082,-0.0886,-2.3869,0.5033,0.0176,0.1714,-0.0681,-0.1683,0.1690,0.1399,-0.0143,0.0176,-0.0313,-0.0037,0.0228,-0.0094,1.0000,1.0000,1.0000,1.0000,3.2252,3.1285,2.0665,-0.1731,-2.3214,0.5594,0.0385,0.1942,-0.0832,-0.1715,0.1467,0.1263
1786060536.5046,3.1767,3.0336,2.0949,-0.1117,-2.3666,0.5203,0.0529,0.1518,-0.0907,-0.1940,0.1857,0.1544,-0.0043,0.0193,-0.0263,-0.0012,0.0197,-0.0096,1.0000,1.0000,1.0000,1.0000,3.2290,3.1479,2.0579,-0.1902,-2.3066,0.5719,0.0379,0.1939,-0.0892,-0.1720,0.1495,0.1238
1786060536.5546,3.1767,3.0336,2.0949,-0.1117,-2.3666,0.5203,0.0529,0.1518,-0.0907,-0.1940,0.1857,0.1544,-0.0038,0.0192,-0.0264,-0.0013,0.0198,-0.0096,1.0000,1.0000,1.0000,1.0000,3.2290,3.1479,2.0579,-0.1902,-2.3066,0.5719,0.0379,0.1939,-0.0892,-0.1720,0.1495,0.1238
1786060536.6046,3.1924,3.0653,2.0889,-0.1308,-2.3535,0.5313,0.0860,0.2050,-0.0820,-0.1943,0.1699,0.1417,-0.0008,0.0129,-0.0269,-0.0025,0.0231,-0.0093,1.0000,1.0000,1.0000,1.0000,3.2327,3.1673,2.0488,-0.2075,-2.2915,0.5841,0.0365,0.1943,-0.0913,-0.1731,0.1516,0.1211
1786060536.6565,3.1924,3.0653,2.0889,-0.1308,-2.3535,0.5313,0.0860,0.2050,-0.0820,-0.1943,0.1699,0.1417,-0.0007,0.0130,-0.0269,-0.0025,0.0230,-0.0093,1.0000,1.0000,1.0000,1.0000,3.2327,3.1673,2.0488,-0.2075,-2.2915,0.5841,0.0365,0.1943,-0.0913,-0.1731,0.1516,0.1211
1786060536.7045,3.2037,3.0874,2.0917,-0.1457,-2.3268,0.5446,0.0911,0.2020,-0.0443,-0.1727,0.1937,0.1335,0.0002,0.0129,-0.0312,-0.0080,0.0195,-0.0109,1.0000,1.0000,1.0000,1.0000,3.2362,3.1868,2.0396,-0.2248,-2.2763,0.5961,0.0342,0.1958,-0.0920,-0.1729,0.1528,0.1194
1786060536.7592,3.2037,3.0874,2.0917,-0.1457,-2.3268,0.5446,0.0911,0.2020,-0.0443,-0.1727,0.1937,0.1335,0.0003,0.0128,-0.0310,-0.0079,0.0196,-0.0109,1.0000,1.0000,1.0000,1.0000,3.2362,3.1868,2.0396,-0.2248,-2.2763,0.5961,0.0342,0.1958,-0.0920,-0.1729,0.1528,0.1194
1786060536.8046,3.2037,3.0874,2.0917,-0.1457,-2.3268,0.5446,0.0911,0.2020,-0.0443,-0.1727,0.1937,0.1335,0.0003,0.0128,-0.0310,-0.0079,0.0196,-0.0109,1.0000,1.0000,1.0000,1.0000,3.2362,3.1868,2.0396,-0.2248,-2.2763,0.5961,0.0342,0.1958,-0.0920,-0.1729,0.1528,0.1194
1786060536.8548,3.1854,3.1172,2.0739,-0.1657,-2.3133,0.5595,-0.0041,0.2107,-0.0814,-0.1631,0.1552,0.1245,-0.0146,0.0128,-0.0311,-0.0014,0.0263,-0.0101,1.0000,1.0000,1.0000,1.0000,3.2395,3.2064,2.0302,-0.2420,-2.2609,0.6080,0.0321,0.1968,-0.0961,-0.1702,0.1534,0.1191
1786060536.9083,3.1854,3.1172,2.0739,-0.1657,-2.3133,0.5595,-0.0041,0.2107,-0.0814,-0.1631,0.1552,0.1245,-0.0149,0.0127,-0.0313,-0.0013,0.0261,-0.0102,1.0000,1.0000,1.0000,1.0000,3.2395,3.2064,2.0302,-0.2420,-2.2609,0.6080,0.0321,0.1968,-0.0961,-0.1702,0.1534,0.1191
1786060536.9548,3.1854,3.1172,2.0462,-0.1920,-2.3133,0.5595,-0.0041,0.2107,-0.1377,-0.1845,0.1552,0.1245,-0.0149,0.0127,-0.0230,0.0043,0.0261,-0.0102,1.0000,0.0000,1.0000,0.0000,3.2396,3.2064,2.0303,-0.2420,-2.2609,0.6080,0.0322,0.1976,-0.0961,-0.1694,0.1534,0.1199
1786060537.0045,3.1491,3.1329,2.0461,-0.1921,-2.3101,0.5685,-0.1158,0.1805,-0.1376,-0.1843,0.1067,0.1057,-0.0249,-0.0011,-0.0233,0.0041,0.0350,-0.0117,1.0000,1.0000,1.0000,1.0000,3.2427,3.2261,2.0203,-0.2588,-2.2455,0.6199,0.0311,0.1970,-0.1005,-0.1673,0.1555,0.1181
1786060537.0545,3.1491,3.1329,2.0461,-0.1921,-2.3101,0.5685,-0.1158,0.1805,-0.1376,-0.1843,0.1067,0.1057,-0.0251,-0.0014,-0.0232,0.0041,0.0347,-0.0118,1.0000,1.0000,1.0000,1.0000,3.2428,3.2261,2.0205,-0.2589,-2.2454,0.6199,0.0318,0.1967,-0.0997,-0.1676,0.1563,0.1178
1786060537.1047,3.1664,3.1519,2.0371,-0.2140,-2.2929,0.5786,-0.0186,0.1725,-0.1143,-0.1838,0.1204,0.0975,-0.0218,0.0138,-0.0260,0.0017,0.0323,-0.0138,1.0000,1.0000,1.0000,1.0000,3.2458,3.2458,2.0102,-0.2755,-2.2298,0.6316,0.0307,0.1969,-0.1015,-0.1657,0.1581,0.1161
1786060537.1554,3.1664,3.1519,2.0371,-0.2140,-2.2929,0.5786,-0.0186,0.1725,-0.1143,-0.1838,0.1204,0.0975,-0.0213,0.0138,-0.0259,0.0017,0.0323,-0.0139,1.0000,1.0000,1.0000,1.0000,3.2458,3.2458,2.0102,-0.2755,-2.2298,0.6316,0.0307,0.1969,-0.1015,-0.1657,0.1581,0.1161
1786060537.2108,3.1664,3.1519,2.0365,-0.2273,-2.2884,0.5913,-0.0186,0.1725,-0.0784,-0.1637,0.0960,0.1060,-0.0213,0.0138,-0.0316,-0.0019,0.0370,-0.0113,1.0000,0.0000,1.0000,0.0000,3.2488,3.2655,2.0002,-0.2921,-2.2138,0.6430,0.0299,0.1965,-0.0973,-0.1668,0.1608,0.1129
1786060537.2697,3.1664,3.1519,2.0365,-0.2273,-2.2884,0.5913,-0.0186,0.1725,-0.0784,-0.1637,0.0960,0.1060,-0.0213,0.0138,-0.0315,-0.0018,0.0368,-0.0112,1.0000,0.0000,1.0000,0.0000,3.2488,3.2655,2.0002,-0.2921,-2.2138,0.6430,0.0299,0.1965,-0.0973,-0.1668,0.1608,0.1129
1786060537.3045,3.1664,3.1519,2.0419,-0.2340,-2.2891,0.6006,-0.0186,0.1725,-0.0446,-0.1497,0.0716,0.1111,-0.0213,0.0138,-0.0355,-0.0064,0.0409,-0.0072,1.0000,0.0000,1.0000,1.0000,3.2517,3.2852,1.9908,-0.3088,-2.1977,0.6542,0.0280,0.1963,-0.0928,-0.1683,0.1622,0.1104
1786060537.3550,3.2019,3.2194,2.0282,-0.2487,-2.2699,0.6113,0.1075,0.2442,-0.0751,-0.1544,0.1136,0.1156,-0.0017,0.0066,-0.0330,-0.0014,0.0330,-0.0099,1.0000,0.0000,1.0000,0.0000,3.2544,3.3048,1.9816,-0.3256,-2.1814,0.6651,0.0257,0.1967,-0.0923,-0.1675,0.1622,0.1096
1786060537.4047,3.2019,3.2194,2.0282,-0.2487,-2.2699,0.6113,0.1075,0.2442,-0.0751,-0.1544,0.1136,0.1156,-0.0015,0.0065,-0.0332,-0.0014,0.0332,-0.0100,1.0000,0.0000,1.0000,0.0000,3.2544,3.3048,1.9816,-0.3256,-2.1814,0.6651,0.0257,0.1967,-0.0923,-0.1675,0.1622,0.1096
1786060537.4575,3.2019,3.2194,2.0282,-0.2487,-2.2699,0.6113,0.1075,0.2442,-0.0751,-0.1544,0.1136,0.1156,-0.0015,0.0065,-0.0332,-0.0014,0.0332,-0.0100,1.0000,0.0000,1.0000,0.0000,3.2544,3.3048,1.9816,-0.3256,-2.1814,0.6651,0.0257,0.1967,-0.0923,-0.1675,0.1622,0.1096
1786060537.5047,3.2150,3.2343,2.0150,-0.2693,-2.2395,0.6242,0.1163,0.2162,-0.0946,-0.1744,0.1751,0.1213,0.0017,0.0090,-0.0288,-0.0002,0.0229,-0.0113,1.0000,1.0000,1.0000,1.0000,3.2569,3.3245,1.9722,-0.3423,-2.1652,0.6761,0.0242,0.1975,-0.0957,-0.1650,0.1624,0.1095
1786060537.5551,3.2150,3.2343,2.0093,-0.2844,-2.2395,0.6242,0.1163,0.2162,-0.0849,-0.1711,0.1751,0.1213,0.0017,0.0089,-0.0301,-0.0014,0.0232,-0.0113,1.0000,0.0000,1.0000,0.0000,3.2593,3.3443,1.9624,-0.3586,-2.1489,0.6870,0.0240,0.1977,-0.0993,-0.1628,0.1645,0.1080
1786060537.6046,3.1694,3.2640,2.0076,-0.2906,-2.2110,0.6460,-0.0739,0.2072,-0.0736,-0.1569,0.1807,0.1318,-0.0214,0.0054,-0.0329,-0.0019,0.0220,-0.0108,1.0000,1.0000,1.0000,0.0000,3.2617,3.3640,1.9523,-0.3749,-2.1323,0.6976,0.0244,0.1970,-0.1014,-0.1621,0.1673,0.1054
1786060537.6547,3.1694,3.2640,2.0076,-0.2906,-2.2110,0.6460,-0.0739,0.2072,-0.0736,-0.1569,0.1807,0.1318,-0.0216,0.0049,-0.0329,-0.0019,0.0220,-0.0108,1.0000,1.0000,1.0000,0.0000,3.2617,3.3640,1.9523,-0.3749,-2.1323,0.6976,0.0244,0.1970,-0.1014,-0.1621,0.1673,0.1054
1786060537.7055,3.1454,3.2743,1.9988,-0.3077,-2.2110,0.6460,-0.1228,0.1585,-0.0764,-0.1572,0.1807,0.1318,-0.0273,-0.0035,-0.0327,-0.0015,0.0220,-0.0108,1.0000,1.0000,1.0000,0.0000,3.2641,3.3837,1.9421,-0.3911,-2.1320,0.6975,0.0243,0.1963,-0.1025,-0.1632,0.1675,0.1043
1786060537.7547,3.1454,3.2743,1.9982,-0.3086,-2.1867,0.6627,-0.1228,0.1585,-0.0762,-0.1562,0.1883,0.1338,-0.0274,-0.0038,-0.0328,-0.0014,0.0207,-0.0111,1.0000,1.0000,1.0000,1.0000,3.2641,3.3837,1.9421,-0.3911,-2.1154,0.7080,0.0243,0.1963,-0.1025,-0.1632,0.1692,0.1025
1786060537.8084,3.1454,3.2743,1.9775,-0.3292,-2.1867,0.6627,-0.1228,0.1585,-0.1171,-0.1707,0.1883,0.1338,-0.0274,-0.0038,-0.0270,0.0027,0.0207,-0.0111,1.0000,0.0000,1.0000,0.0000,3.2643,3.3834,1.9423,-0.3914,-2.1152,0.7078,0.0237,0.1960,-0.1031,-0.1634,0.1686,0.1022
1786060537.8552,3.1454,3.2743,1.9775,-0.3292,-2.1867,0.6627,-0.1228,0.1585,-0.1171,-0.1707,0.1883,0.1338,-0.0274,-0.0038,-0.0272,0.0026,0.0207,-0.0111,1.0000,0.0000,1.0000,0.0000,3.2665,3.4033,1.9317,-0.4075,-2.0985,0.7181,0.0229,0.1963,-0.1056,-0.1632,0.1696,0.1006
1786060537.9074,3.1790,3.2857,1.9773,-0.3294,-2.1761,0.6734,0.0258,0.1411,-0.1170,-0.1696,0.1584,0.1228,-0.0128,0.0198,-0.0273,0.0027,0.0261,-0.0108,1.0000,1.0000,1.0000,1.0000,3.2665,3.4033,1.9317,-0.4075,-2.0985,0.7181,0.0229,0.1963,-0.1056,-0.1632,0.1696,0.1006
1786060537.9558,3.2020,3.2895,1.9633,-0.3506,-2.1705,0.6813,0.0918,0.1160,-0.1303,-0.1916,0.1342,0.1151,0.0113,0.0134,-0.0235,0.0036,0.0301,-0.0111,1.0000,1.0000,1.0000,1.0000,3.2687,3.4230,1.9209,-0.4237,-2.0815,0.7282,0.0206,0.1973,-0.1106,-0.1605,0.1696,0.1000
1786060538.0047,3.2020,3.2895,1.9621,-0.3526,-2.1705,0.6813,0.0918,0.1160,-0.1282,-0.1899,0.1342,0.1151,0.0122,0.0126,-0.0240,0.0033,0.0300,-0.0111,1.0000,0.0000,1.0000,0.0000,3.2688,3.4229,1.9210,-0.4237,-2.0814,0.7281,0.0206,0.1982,-0.1107,-0.1595,0.1696,0.1010
1786060538.0590,3.2239,3.3184,1.9551,-0.3688,-2.1705,0.6813,0.1299,0.1680,-0.1122,-0.1849,0.1342,0.1151,0.0087,0.0096,-0.0262,0.0015,0.0300,-0.0111,1.0000,1.0000,1.0000,0.0000,3.2706,3.4428,1.9096,-0.4395,-2.0645,0.7381,0.0189,0.1981,-0.1142,-0.1569,0.1708,0.0994
1786060538.1045,3.2367,3.3355,1.9520,-0.3776,-2.1230,0.7050,0.1318,0.1719,-0.0874,-0.1556,0.2004,0.1181,0.0083,0.0094,-0.0322,0.0002,0.0190,-0.0125,1.0000,0.0000,1.0000,0.0000,3.2725,3.4626,1.8981,-0.4551,-2.0473,0.7480,0.0184,0.1985,-0.1156,-0.1549,0.1730,0.0978
1786060538.1596,3.2367,3.3355,1.9520,-0.3776,-2.1230,0.7050,0.1318,0.1719,-0.0874,-0.1556,0.2004,0.1181,0.0083,0.0094,-0.0320,0.0003,0.0193,-0.0125,1.0000,0.0000,1.0000,0.0000,3.2725,3.4626,1.8981,-0.4551,-2.0473,0.7480,0.0184,0.1985,-0.1156,-0.1549,0.1730,0.0978
1786060538.2047,3.2652,3.3634,1.9366,-0.3944,-2.0996,0.7153,0.1781,0.2033,-0.1082,-0.1592,0.2085,0.1121,0.0044,0.0023,-0.0294,0.0026,0.0180,-0.0130,1.0000,1.0000,1.0000,1.0000,3.2743,3.4824,1.8865,-0.4706,-2.0299,0.7576,0.0187,0.1981,-0.1164,-0.1555,0.1751,0.0951
1786060538.2547,3.2652,3.3634,1.9366,-0.3944,-2.0996,0.7153,0.1781,0.2033,-0.1082,-0.1592,0.2085,0.1121,0.0046,0.0024,-0.0295,0.0025,0.0181,-0.0130,1.0000,1.0000,1.0000,1.0000,3.2743,3.4824,1.8865,-0.4706,-2.0299,0.7576,0.0187,0.1981,-0.1164,-0.1555,0.1751,0.0951
1786060538.3045,3.2652,3.3634,1.9141,-0.4194,-2.0996,0.7153,0.1781,0.2033,-0.1439,-0.1866,0.2085,0.1121,0.0046,0.0024,-0.0225,0.0051,0.0181,-0.0130,1.0000,0.0000,1.0000,0.0000,3.2762,3.5022,1.8747,-0.4862,-2.0123,0.7670,0.0186,0.1975,-0.1192,-0.1558,0.1759,0.0927
1786060538.3546,3.2695,3.3939,1.9143,-0.4190,-2.0858,0.7225,0.1352,0.2342,-0.1435,-0.1856,0.1855,0.0990,0.0010,0.0050,-0.0228,0.0050,0.0221,-0.0138,1.0000,1.0000,1.0000,1.0000,3.2762,3.5022,1.8747,-0.4862,-2.0123,0.7670,0.0186,0.1975,-0.1192,-0.1558,0.1759,0.0927
1786060538.4046,3.2695,3.3939,1.9143,-0.4190,-2.0858,0.7225,0.1352,0.2342,-0.1435,-0.1856,0.1855,0.0990,0.0009,0.0050,-0.0228,0.0050,0.0220,-0.0138,1.0000,0.0000,1.0000,1.0000,3.2780,3.5219,1.8626,-0.5017,-1.9947,0.7762,0.0178,0.1973,-0.1225,-0.1542,0.1759,0.0915
1786060538.4545,3.2695,3.4119,1.9043,-0.4420,-2.0576,0.7350,0.0917,0.2150,-0.1284,-0.1971,0.2140,0.1064,0.0000,0.0114,-0.0233,0.0033,0.0171,-0.0135,1.0000,1.0000,1.0000,0.0000,3.2780,3.5219,1.8626,-0.5017,-1.9947,0.7762,0.0178,0.1973,-0.1225,-0.1542,0.1759,0.0915
1786060538.5059,3.2695,3.4119,1.9000,-0.4543,-2.0376,0.7461,0.0917,0.2150,-0.1028,-0.1759,0.2114,0.1084,-0.0001,0.0113,-0.0282,0.0007,0.0177,-0.0134,1.0000,0.0000,1.0000,1.0000,3.2781,3.5218,1.8627,-0.5018,-1.9946,0.7760,0.0173,0.1984,-0.1231,-0.1531,0.1753,0.0926
1786060538.5545,3.2695,3.4119,1.9000,-0.4543,-2.0376,0.7461,0.0917,0.2150,-0.1028,-0.1759,0.2114,0.1084,-0.0001,0.0113,-0.0281,0.0008,0.0177,-0.0134,1.0000,0.0000,1.0000,1.0000,3.2797,3.5417,1.8503,-0.5169,-1.9771,0.7853,0.0168,0.1981,-0.1237,-0.1513,0.1761,0.0912
1786060538.6045,3.2695,3.4119,1.8987,-0.4603,-2.0376,0.7461,0.0917,0.2150,-0.0728,-0.1363,0.2114,0.1084,-0.0001,0.0113,-0.0365,0.0007,0.0177,-0.0134,1.0000,0.0000,1.0000,0.0000,3.2798,3.5417,1.8504,-0.5170,-1.9770,0.7853,0.0170,0.1989,-0.1235,-0.1505,0.1763,0.0920
1786060538.6560,3.2695,3.4119,1.8987,-0.4605,-2.0259,0.7526,0.0917,0.2150,-0.0713,-0.1344,0.1746,0.0915,-0.0001,0.0113,-0.0368,0.0010,0.0239,-0.0148,1.0000,0.0000,1.0000,1.0000,3.2814,3.5616,1.8379,-0.5319,-1.9594,0.7944,0.0162,0.1989,-0.1230,-0.1490,0.1776,0.0904
1786060538.7091,3.2695,3.4119,1.8987,-0.4605,-2.0259,0.7526,0.0917,0.2150,-0.0713,-0.1344,0.1746,0.0915,-0.0001,0.0113,-0.0368,0.0011,0.0238,-0.0148,1.0000,0.0000,1.0000,1.0000,3.2815,3.5615,1.8381,-0.5319,-1.9593,0.7944,0.0170,0.1985,-0.1223,-0.1494,0.1783,0.0900
1786060538.7545,3.2695,3.4119,1.8958,-0.4663,-2.0173,0.7595,0.0917,0.2150,-0.0592,-0.1125,0.1517,0.0868,-0.0001,0.0113,-0.0424,0.0040,0.0274,-0.0161,1.0000,0.0000,1.0000,0.0000,3.2830,3.5815,1.8256,-0.5468,-1.9415,0.8033,0.0162,0.1989,-0.1236,-0.1483,0.1797,0.0881
1786060538.8122,3.2695,3.4119,1.8744,-0.4811,-1.9952,0.7692,0.0917,0.2150,-0.1110,-0.1300,0.1798,0.0937,-0.0001,0.0113,-0.0318,0.0066,0.0229,-0.0146,1.0000,0.0000,1.0000,1.0000,3.2846,3.6013,1.8131,-0.5616,-1.9235,0.8120,0.0161,0.1980,-0.1263,-0.1486,0.1814,0.0851
1786060538.8545,3.2695,3.4119,1.8744,-0.4811,-1.9952,0.7692,0.0917,0.2150,-0.1110,-0.1300,0.1798,0.0937,-0.0001,0.0113,-0.0321,0.0065,0.0230,-0.0146,1.0000,0.0000,1.0000,1.0000,3.2846,3.6013,1.8131,-0.5616,-1.9235,0.8120,0.0161,0.1980,-0.1263,-0.1486,0.1814,0.0851
1786060538.9046,3.2872,3.5161,1.8434,-0.5054,-1.9792,0.7761,0.0097,0.2061,-0.1691,-0.1602,0.1664,0.0821,-0.0120,0.0143,-0.0214,0.0080,0.0249,-0.0163,1.0000,1.0000,1.0000,1.0000,3.2862,3.6211,1.8003,-0.5765,-1.9053,0.8203,0.0157,0.1972,-0.1287,-0.1484,0.1821,0.0826
1786060538.9545,3.2872,3.5161,1.8434,-0.5054,-1.9792,0.7761,0.0097,0.2061,-0.1691,-0.1602,0.1664,0.0821,-0.0123,0.0141,-0.0217,0.0079,0.0249,-0.0163,1.0000,1.0000,1.0000,1.0000,3.2862,3.6211,1.8003,-0.5765,-1.9053,0.8203,0.0157,0.1972,-0.1287,-0.1484,0.1821,0.0826
1786060539.0098,3.2872,3.5161,1.8434,-0.5054,-1.9792,0.7761,0.0097,0.2061,-0.1691,-0.1602,0.1664,0.0821,-0.0123,0.0141,-0.0217,0.0079,0.0249,-0.0163,1.0000,0.0000,1.0000,1.0000,3.2877,3.6408,1.7874,-0.5912,-1.8871,0.8285,0.0150,0.1975,-0.1296,-0.1464,0.1822,0.0814
1786060539.0546,3.2860,3.5231,1.8260,-0.5179,-1.9732,0.7783,0.0029,0.1690,-0.1772,-0.1557,0.1380,0.0656,-0.0162,0.0168,-0.0207,0.0087,0.0283,-0.0206,1.0000,1.0000,1.0000,0.0000,3.2877,3.6408,1.7874,-0.5912,-1.8871,0.8285,0.0150,0.1975,-0.1296,-0.1464,0.1822,0.0814
1786060539.1045,3.2853,3.5272,1.8160,-0.5302,-1.9691,0.7882,-0.0002,0.1192,-0.1442,-0.1377,0.1019,0.0734,-0.0243,0.0172,-0.0270,0.0078,0.0362,-0.0225,1.0000,1.0000,1.0000,1.0000,3.2892,3.6606,1.7745,-0.6057,-1.8688,0.8366,0.0148,0.1987,-0.1279,-0.1447,0.1829,0.0807
1786060539.1546,3.2853,3.5272,1.8160,-0.5301,-1.9691,0.7882,-0.0002,0.1192,-0.1428,-0.1363,0.1019,0.0734,-0.0248,0.0169,-0.0271,0.0079,0.0359,-0.0225,1.0000,0.0000,1.0000,0.0000,3.2892,3.6606,1.7745,-0.6057,-1.8688,0.8366,0.0148,0.1987,-0.1279,-0.1447,0.1829,0.0807
1786060539.2047,3.2853,3.5272,1.8160,-0.5301,-1.9691,0.7882,-0.0002,0.1192,-0.1428,-0.1363,0.1019,0.0734,-0.0248,0.0169,-0.0271,0.0079,0.0359,-0.0225,1.0000,0.0000,1.0000,0.0000,3.2892,3.6606,1.7745,-0.6057,-1.8688,0.8366,0.0148,0.1987,-0.1279,-0.1447,0.1829,0.0807
1786060539.2613,3.2853,3.5272,1.8160,-0.5301,-1.9691,0.7882,-0.0002,0.1192,-0.1428,-0.1363,0.1019,0.0734,-0.0248,0.0169,-0.0271,0.0079,0.0359,-0.0225,1.0000,0.0000,1.0000,0.0000,3.2892,3.6606,1.7745,-0.6057,-1.8688,0.8366,0.0148,0.1987,-0.1279,-0.1447,0.1829,0.0807
1786060539.3047,3.2669,3.5421,1.8073,-0.5420,-1.9607,0.7991,-0.0600,0.1225,-0.1140,-0.1199,0.0913,0.0807,-0.0358,0.0016,-0.0326,0.0085,0.0390,-0.0205,1.0000,0.0000,1.0000,0.0000,3.2907,3.6805,1.7619,-0.6202,-1.8504,0.8446,0.0150,0.1994,-0.1241,-0.1447,0.1847,0.0791
1786060539.3547,3.2558,3.5489,1.7996,-0.5516,-1.9424,0.8070,-0.0739,0.1009,-0.1015,-0.1118,0.1165,0.0776,-0.0401,-0.0089,-0.0351,0.0096,0.0329,-0.0201,1.0000,1.0000,1.0000,0.0000,3.2922,3.7004,1.7497,-0.6347,-1.8318,0.8523,0.0151,0.1988,-0.1220,-0.1451,0.1868,0.0760
1786060539.4047,3.2558,3.5489,1.7996,-0.5516,-1.9424,0.8070,-0.0739,0.1009,-0.1015,-0.1118,0.1165,0.0776,-0.0403,-0.0096,-0.0350,0.0096,0.0331,-0.0201,1.0000,1.0000,1.0000,0.0000,3.2922,3.7004,1.7497,-0.6347,-1.8318,0.8523,0.0151,0.1988,-0.1220,-0.1451,0.1868,0.0760
1786060539.4595,3.2558,3.5489,1.7996,-0.5516,-1.9424,0.8070,-0.0739,0.1009,-0.1015,-0.1118,0.1165,0.0776,-0.0403,-0.0097,-0.0350,0.0096,0.0331,-0.0201,1.0000,1.0000,1.0000,0.0000,3.2922,3.7004,1.7497,-0.6347,-1.8318,0.8523,0.0151,0.1988,-0.1220,-0.1451,0.1868,0.0760
1786060539.5046,3.2558,3.5489,1.7850,-0.5701,-1.9307,0.8126,-0.0739,0.1009,-0.1139,-0.1326,0.1168,0.0707,-0.0403,-0.0097,-0.0316,0.0067,0.0325,-0.0220,1.0000,0.0000,1.0000,0.0000,3.2950,3.7400,1.7248,-0.6635,-1.7942,0.8667,0.0127,0.1973,-0.1283,-0.1418,0.1892,0.0692
1786060539.5547,3.2558,3.5489,1.7723,-0.5847,-1.9204,0.8195,-0.0739,0.1009,-0.1248,-0.1448,0.1219,0.0758,-0.0403,-0.0097,-0.0292,0.0059,0.0319,-0.0204,1.0000,0.0000,1.0000,1.0000,3.2950,3.7400,1.7248,-0.6635,-1.7942,0.8667,0.0127,0.1973,-0.1283,-0.1418,0.1892,0.0692
1786060539.6045,3.2558,3.5489,1.7655,-0.5981,-1.9204,0.8195,-0.0739,0.1009,-0.1101,-0.1447,0.1219,0.0758,-0.0403,-0.0097,-0.0312,0.0045,0.0320,-0.0203,1.0000,0.0000,1.0000,0.0000,3.2962,3.7597,1.7117,-0.6775,-1.7752,0.8736,0.0113,0.1978,-0.1338,-0.1378,0.1893,0.0680
1786060539.6547,3.2995,3.6252,1.7655,-0.5980,-1.9054,0.8298,0.1276,0.2499,-0.1096,-0.1442,0.1274,0.0826,-0.0005,0.0047,-0.0312,0.0045,0.0314,-0.0184,1.0000,1.0000,1.0000,1.0000,3.2962,3.7597,1.7117,-0.6775,-1.7752,0.8736,0.0113,0.1978,-0.1338,-0.1378,0.1893,0.0680
1786060539.7048,3.2995,3.6252,1.7655,-0.5980,-1.9054,0.8298,0.1276,0.2499,-0.1096,-0.1442,0.1274,0.0826,-0.0005,0.0038,-0.0312,0.0045,0.0314,-0.0184,1.0000,1.0000,1.0000,1.0000,3.2963,3.7597,1.7117,-0.6775,-1.7752,0.8735,0.0114,0.1988,-0.1337,-0.1368,0.1894,0.0690
1786060539.7546,3.3136,3.6486,1.7602,-0.6123,-1.8876,0.8362,0.1355,0.2521,-0.0934,-0.1457,0.1471,0.0791,-0.0005,0.0028,-0.0330,0.0025,0.0278,-0.0180,1.0000,1.0000,1.0000,0.0000,3.2973,3.7795,1.6981,-0.6910,-1.7563,0.8803,0.0108,0.1980,-0.1369,-0.1346,0.1896,0.0674
1786060539.8046,3.2811,3.6895,1.7442,-0.6256,-1.8618,0.8467,-0.0105,0.3176,-0.1183,-0.1481,0.1891,0.0910,-0.0088,-0.0035,-0.0297,0.0050,0.0215,-0.0152,1.0000,1.0000,1.0000,1.0000,3.2984,3.7993,1.6844,-0.7044,-1.7373,0.8870,0.0111,0.1973,-0.1377,-0.1337,0.1910,0.0652
1786060539.8549,3.2811,3.6895,1.7442,-0.6256,-1.8618,0.8467,-0.0105,0.3176,-0.1183,-0.1481,0.1891,0.0910,-0.0089,-0.0034,-0.0298,0.0050,0.0217,-0.0152,1.0000,1.0000,1.0000,1.0000,3.2984,3.7993,1.6844,-0.7044,-1.7373,0.8870,0.0111,0.1973,-0.1377,-0.1337,0.1910,0.0652
1786060539.9046,3.2588,3.7159,1.7241,-0.6466,-1.8263,0.8593,-0.0799,0.2944,-0.1421,-0.1652,0.2381,0.1005,-0.0115,-0.0041,-0.0251,0.0059,0.0131,-0.0146,1.0000,1.0000,1.0000,1.0000,3.2995,3.8190,1.6705,-0.7178,-1.7181,0.8933,0.0113,0.1961,-0.1396,-0.1333,0.1930,0.0616
1786060539.9547,3.2588,3.7159,1.7241,-0.6466,-1.8263,0.8593,-0.0799,0.2944,-0.1421,-0.1652,0.2381,0.1005,-0.0115,-0.0042,-0.0252,0.0058,0.0134,-0.0146,1.0000,1.0000,1.0000,1.0000,3.2995,3.8190,1.6705,-0.7178,-1.7181,0.8933,0.0113,0.1961,-0.1396,-0.1333,0.1930,0.0616
1786060540.0056,3.2588,3.7159,1.7088,-0.6685,-1.8263,0.8593,-0.0799,0.2944,-0.1450,-0.1810,0.2381,0.1005,-0.0115,-0.0042,-0.0233,0.0055,0.0134,-0.0146,1.0000,0.0000,1.0000,0.0000,3.3006,3.8385,1.6563,-0.7310,-1.6987,0.8993,0.0102,0.1957,-0.1434,-0.1316,0.1944,0.0578
1786060540.0547,3.2588,3.7159,1.7085,-0.6689,-1.8019,0.8679,-0.0799,0.2944,-0.1449,-0.1815,0.2347,0.0936,-0.0115,-0.0042,-0.0233,0.0055,0.0140,-0.0149,1.0000,0.0000,1.0000,0.0000,3.3006,3.8385,1.6563,-0.7310,-1.6987,0.8993,0.0102,0.1957,-0.1434,-0.1316,0.1944,0.0578
1786060540.1057,3.2588,3.7159,1.7085,-0.6689,-1.8019,0.8679,-0.0799,0.2944,-0.1449,-0.1815,0.2347,0.0936,-0.0115,-0.0042,-0.0233,0.0055,0.0140,-0.0149,1.0000,0.0000,1.0000,0.0000,3.3007,3.8383,1.6565,-0.7313,-1.6985,0.8990,0.0093,0.1961,-0.1443,-0.1312,0.1935,0.0583
1786060540.1636,3.2588,3.7159,1.7001,-0.6816,-1.8019,0.8679,-0.0799,0.2944,-0.1223,-0.1597,0.2347,0.0936,-0.0115,-0.0042,-0.0283,0.0042,0.0140,-0.0149,1.0000,0.0000,1.0000,0.0000,3.3015,3.8581,1.6417,-0.7440,-1.6792,0.9049,0.0085,0.1960,-0.1479,-0.1285,0.1946,0.0556
1786060540.2065,3.2588,3.7159,1.6998,-0.6819,-1.8019,0.8679,-0.0799,0.2944,-0.1207,-0.1575,0.2347,0.0936,-0.0115,-0.0042,-0.0286,0.0043,0.0140,-0.0149,1.0000,0.0000,1.0000,0.0000,3.3015,3.8581,1.6417,-0.7440,-1.6792,0.9049,0.0085,0.1960,-0.1479,-0.1285,0.1946,0.0556
1786060540.2546,3.2588,3.7159,1.6971,-0.6926,-1.7701,0.8784,-0.0799,0.2944,-0.0966,-0.1487,0.2001,0.0739,-0.0115,-0.0042,-0.0323,0.0025,0.0197,-0.0166,1.0000,0.0000,1.0000,1.0000,3.3023,3.8777,1.6267,-0.7566,-1.6598,0.9104,0.0070,0.1963,-0.1525,-0.1241,0.1940,0.0551
1786060540.3045,3.2588,3.7159,1.6839,-0.7077,-1.7701,0.8784,-0.0799,0.2944,-0.1062,-0.1470,0.2001,0.0739,-0.0115,-0.0042,-0.0314,0.0039,0.0196,-0.0166,1.0000,0.0000,1.0000,0.0000,3.3030,3.8973,1.6113,-0.7689,-1.6404,0.9159,0.0067,0.1959,-0.1555,-0.1212,0.1941,0.0546
1786060540.3545,3.2576,3.8164,1.6840,-0.7076,-1.7353,0.8883,0.0163,0.2306,-0.1043,-0.1444,0.2412,0.0798,-0.0096,0.0117,-0.0319,0.0040,0.0126,-0.0155,1.0000,1.0000,1.0000,0.0000,3.3030,3.8973,1.6113,-0.7689,-1.6404,0.9159,0.0067,0.1959,-0.1555,-0.1212,0.1941,0.0546
1786060540.4045,3.2576,3.8164,1.6840,-0.7076,-1.7353,0.8883,0.0163,0.2306,-0.1043,-0.1444,0.2412,0.0798,-0.0095,0.0113,-0.0319,0.0040,0.0128,-0.0155,1.0000,0.0000,1.0000,0.0000,3.3036,3.9169,1.5956,-0.7809,-1.6209,0.9213,0.0068,0.1949,-0.1568,-0.1204,0.1955,0.0524
1786060540.4546,3.2610,3.8229,1.6619,-0.7199,-1.7142,0.8947,0.0224,0.1805,-0.1441,-0.1421,0.2355,0.0762,-0.0098,0.0171,-0.0268,0.0078,0.0138,-0.0158,1.0000,0.0000,1.0000,0.0000,3.3036,3.9169,1.5956,-0.7809,-1.6209,0.9213,0.0068,0.1949,-0.1568,-0.1204,0.1955,0.0524
1786060540.5045,3.2610,3.8229,1.6619,-0.7199,-1.7142,0.8947,0.0224,0.1805,-0.1441,-0.1421,0.2355,0.0762,-0.0098,0.0170,-0.0269,0.0078,0.0138,-0.0158,1.0000,0.0000,1.0000,0.0000,3.3043,3.9363,1.5800,-0.7930,-1.6012,0.9263,0.0065,0.1942,-0.1558,-0.1216,0.1971,0.0492
1786060540.5545,3.2610,3.8229,1.6440,-0.7375,-1.7024,0.8982,0.0224,0.1805,-0.1528,-0.1502,0.1971,0.0627,-0.0098,0.0170,-0.0251,0.0078,0.0198,-0.0178,1.0000,0.0000,1.0000,1.0000,3.3043,3.9363,1.5800,-0.7930,-1.6012,0.9263,0.0065,0.1942,-0.1558,-0.1216,0.1971,0.0492
1786060540.6045,3.2610,3.8229,1.6361,-0.7486,-1.7024,0.8982,0.0224,0.1805,-0.1328,-0.1412,0.1971,0.0627,-0.0098,0.0170,-0.0287,0.0071,0.0196,-0.0178,1.0000,0.0000,1.0000,0.0000,3.3049,3.9558,1.5645,-0.8052,-1.5815,0.9311,0.0053,0.1951,-0.1547,-0.1217,0.1976,0.0467
1786060540.6546,3.2610,3.8229,1.6356,-0.7490,-1.6811,0.9051,0.0224,0.1805,-0.1317,-0.1395,0.2025,0.0648,-0.0098,0.0170,-0.0289,0.0073,0.0189,-0.0175,1.0000,0.0000,1.0000,1.0000,3.3049,3.9558,1.5645,-0.8052,-1.5815,0.9311,0.0053,0.1951,-0.1547,-0.1217,0.1976,0.0467
1786060540.7119,3.2610,3.8229,1.6320,-0.7547,-1.6811,0.9051,0.0224,0.1805,-0.1021,-0.1143,0.2025,0.0648,-0.0098,0.0170,-0.0353,0.0094,0.0189,-0.0175,1.0000,0.0000,1.0000,0.0000,3.3050,3.9556,1.5646,-0.8054,-1.5814,0.9309,0.0045,0.1959,-0.1555,-0.1208,0.1968,0.0476
1786060540.7566,3.2610,3.8229,1.6320,-0.7548,-1.6623,0.9120,0.0224,0.1805,-0.0997,-0.1119,0.1948,0.0653,-0.0098,0.0170,-0.0358,0.0099,0.0202,-0.0179,1.0000,0.0000,1.0000,1.0000,3.3053,3.9754,1.5490,-0.8172,-1.5618,0.9357,0.0037,0.1971,-0.1557,-0.1187,0.1967,0.0459
1786060540.8226,3.2610,3.8229,1.6321,-0.7547,-1.6623,0.9120,0.0224,0.1805,-0.1007,-0.1132,0.1948,0.0653,-0.0098,0.0170,-0.0355,0.0097,0.0202,-0.0179,1.0000,0.0000,1.0000,0.0000,3.3054,3.9753,1.5490,-0.8173,-1.5617,0.9356,0.0037,0.1983,-0.1557,-0.1175,0.1967,0.0471
1786060540.8721,3.2610,3.8229,1.6175,-0.7672,-1.6623,0.9120,0.0224,0.1805,-0.1128,-0.1144,0.1948,0.0653,-0.0098,0.0170,-0.0333,0.0102,0.0202,-0.0179,1.0000,0.0000,1.0000,0.0000,3.3056,3.9952,1.5332,-0.8289,-1.5421,0.9403,0.0027,0.1981,-0.1589,-0.1142,0.1963,0.0457
1786060540.9124,3.2610,3.8229,1.6181,-0.7667,-1.6623,0.9120,0.0224,0.1805,-0.1127,-0.1148,0.1948,0.0653,-0.0098,0.0170,-0.0334,0.0101,0.0202,-0.0179,1.0000,0.0000,1.0000,0.0000,3.3056,3.9952,1.5332,-0.8289,-1.5421,0.9403,0.0027,0.1981,-0.1589,-0.1142,0.1963,0.0457
1786060540.9545,3.2610,3.8229,1.5982,-0.7786,-1.6321,0.9209,0.0224,0.1805,-0.1451,-0.1219,0.1848,0.0576,-0.0098,0.0170,-0.0278,0.0103,0.0212,-0.0193,1.0000,0.0000,1.0000,1.0000,3.3059,4.0150,1.5171,-0.8401,-1.5225,0.9448,0.0023,0.1973,-0.1622,-0.1112,0.1974,0.0446
1786060541.0068,3.2610,3.8229,1.5762,-0.7898,-1.6064,0.9271,0.0224,0.1805,-0.1738,-0.1230,0.2139,0.0610,-0.0098,0.0170,-0.0233,0.0112,0.0169,-0.0175,1.0000,0.0000,1.0000,1.0000,3.3061,4.0346,1.5009,-0.8512,-1.5026,0.9491,0.0018,0.1961,-0.1627,-0.1118,0.1990,0.0419
1786060541.0546,3.2610,3.8229,1.5762,-0.7898,-1.6064,0.9271,0.0224,0.1805,-0.1738,-0.1230,0.2139,0.0610,-0.0098,0.0170,-0.0234,0.0112,0.0171,-0.0175,1.0000,0.0000,1.0000,1.0000,3.3061,4.0346,1.5009,-0.8512,-1.5026,0.9491,0.0018,0.1961,-0.1627,-0.1118,0.1990,0.0419
1786060541.1046,3.2610,3.8229,1.5628,-0.8060,-1.5824,0.9340,0.0224,0.1805,-0.1528,-0.1291,0.2114,0.0606,-0.0098,0.0170,-0.0266,0.0099,0.0175,-0.0177,1.0000,0.0000,1.0000,1.0000,3.3062,4.0542,1.4847,-0.8625,-1.4827,0.9531,0.0006,0.1960,-0.1608,-0.1134,0.1999,0.0388
1786060541.1547,3.2610,3.8229,1.5628,-0.8060,-1.5824,0.9340,0.0224,0.1805,-0.1528,-0.1291,0.2114,0.0606,-0.0098,0.0170,-0.0265,0.0099,0.0174,-0.0177,1.0000,0.0000,1.0000,1.0000,3.3062,4.0542,1.4847,-0.8625,-1.4827,0.9531,0.0006,0.1960,-0.1608,-0.1134,0.1999,0.0388
1786060541.2047,3.2610,3.8229,1.5485,-0.8207,-1.5569,0.9389,0.0224,0.1805,-0.1534,-0.1379,0.2274,0.0574,-0.0098,0.0170,-0.0260,0.0091,0.0147,-0.0173,1.0000,0.0000,1.0000,0.0000,3.3062,4.0739,1.4687,-0.8738,-1.4627,0.9569,-0.0013,0.1970,-0.1597,-0.1121,0.1995,0.0369
1786060541.2551,3.2610,3.8229,1.5485,-0.8207,-1.5569,0.9389,0.0224,0.1805,-0.1534,-0.1379,0.2274,0.0574,-0.0098,0.0170,-0.0260,0.0090,0.0148,-0.0173,1.0000,0.0000,1.0000,0.0000,3.3062,4.0739,1.4687,-0.8738,-1.4627,0.9569,-0.0013,0.1970,-0.1597,-0.1121,0.1995,0.0369
1786060541.3073,3.2610,3.8229,1.5485,-0.8207,-1.5569,0.9389,0.0224,0.1805,-0.1534,-0.1379,0.2274,0.0574,-0.0098,0.0170,-0.0260,0.0090,0.0148,-0.0173,1.0000,0.0000,1.0000,0.0000,3.3063,4.0737,1.4688,-0.8740,-1.4626,0.9567,-0.0019,0.1982,-0.1602,-0.1109,0.1989,0.0381
1786060541.3562,3.2610,3.8229,1.5274,-0.8332,-1.5223,0.9457,0.0224,0.1805,-0.1683,-0.1311,0.2611,0.0600,-0.0098,0.0170,-0.0240,0.0104,0.0089,-0.0162,1.0000,0.0000,1.0000,0.0000,3.3059,4.0936,1.4526,-0.8848,-1.4428,0.9605,-0.0032,0.1982,-0.1613,-0.1079,0.1988,0.0363
1786060541.4046,3.2610,3.8229,1.5274,-0.8332,-1.5223,0.9457,0.0224,0.1805,-0.1683,-0.1311,0.2611,0.0600,-0.0098,0.0170,-0.0241,0.0104,0.0091,-0.0163,1.0000,0.0000,1.0000,0.0000,3.3056,4.1135,1.4363,-0.8954,-1.4229,0.9641,-0.0042,0.1984,-0.1646,-0.1053,0.1993,0.0356
1786060541.4575,3.2610,3.8229,1.4985,-0.8455,-1.5008,0.9507,0.0224,0.1805,-0.1992,-0.1232,0.2371,0.0547,-0.0098,0.0170,-0.0192,0.0121,0.0132,-0.0172,0.6667,0.0000,1.0000,0.0000,3.3056,4.1135,1.4363,-0.8954,-1.4229,0.9641,-0.0042,0.1984,-0.1646,-0.1053,0.1993,0.0356
1786060541.5047,3.2610,3.8229,1.4795,-0.8572,-1.5008,0.9507,0.0224,0.1805,-0.2053,-0.1271,0.2371,0.0547,-0.0095,0.0173,-0.0182,0.0122,0.0131,-0.0172,0.6667,0.0000,1.0000,0.0000,3.3051,4.1333,1.4197,-0.9058,-1.4029,0.9676,-0.0047,0.1975,-0.1678,-0.1037,0.2007,0.0336
1786060541.5547,3.2610,3.8229,1.4799,-0.8569,-1.4902,0.9539,0.0224,0.1805,-0.2058,-0.1269,0.2032,0.0492,-0.0095,0.0173,-0.0182,0.0122,0.0183,-0.0193,0.6667,0.0000,1.0000,0.0000,3.3051,4.1333,1.4197,-0.9058,-1.4029,0.9676,-0.0047,0.1975,-0.1678,-0.1037,0.2007,0.0336
1786060541.6047,3.2610,3.8229,1.4654,-0.8697,-1.4752,0.9567,0.0224,0.1805,-0.1919,-0.1303,0.1991,0.0455,-0.0095,0.0173,-0.0205,0.0116,0.0185,-0.0198,0.6667,0.0000,1.0000,0.0000,3.3046,4.1529,1.4029,-0.9162,-1.3827,0.9708,-0.0055,0.1963,-0.1680,-0.1037,0.2019,0.0304
1786060541.6546,3.2610,3.8229,1.4654,-0.8697,-1.4752,0.9567,0.0224,0.1805,-0.1919,-0.1303,0.1991,0.0455,-0.0095,0.0173,-0.0204,0.0116,0.0185,-0.0198,0.6667,0.0000,1.0000,0.0000,3.3046,4.1529,1.4029,-0.9162,-1.3827,0.9708,-0.0055,0.1963,-0.1680,-0.1037,0.2019,0.0304
1786060541.7046,3.2610,3.8229,1.4582,-0.8807,-1.4439,0.9608,0.0224,0.1805,-0.1602,-0.1280,0.2411,0.0456,-0.0095,0.0173,-0.0257,0.0105,0.0119,-0.0175,0.6667,0.0000,1.0000,0.0000,3.3040,4.1725,1.3862,-0.9266,-1.3625,0.9737,-0.0070,0.1957,-0.1667,-0.1039,0.2017,0.0277
1786060541.7546,3.2610,3.8229,1.4582,-0.8807,-1.4439,0.9608,0.0224,0.1805,-0.1602,-0.1280,0.2411,0.0456,-0.0095,0.0173,-0.0256,0.0105,0.0121,-0.0175,0.6667,0.0000,1.0000,0.0000,3.3040,4.1725,1.3862,-0.9266,-1.3625,0.9737,-0.0070,0.1957,-0.1667,-0.1039,0.2017,0.0277
1786060541.8046,3.2610,3.8229,1.4449,-0.8928,-1.4182,0.9650,0.0224,0.1805,-0.1539,-0.1275,0.2464,0.0445,-0.0095,0.0173,-0.0266,0.0103,0.0111,-0.0174,0.6667,0.0000,1.0000,1.0000,3.3032,4.1921,1.3695,-0.9369,-1.3424,0.9764,-0.0088,0.1963,-0.1667,-0.1024,0.2007,0.0268
1786060541.8546,3.2610,3.8229,1.4449,-0.8928,-1.4182,0.9650,0.0224,0.1805,-0.1539,-0.1275,0.2464,0.0445,-0.0095,0.0173,-0.0266,0.0103,0.0112,-0.0174,0.6667,0.0000,1.0000,1.0000,3.3032,4.1921,1.3695,-0.9369,-1.3424,0.9764,-0.0088,0.1963,-0.1667,-0.1024,0.2007,0.0268
1786060541.9047,3.2610,3.8229,1.4306,-0.9029,-1.4070,0.9684,0.0224,0.1805,-0.1488,-0.1176,0.2049,0.0414,-0.0095,0.0173,-0.0278,0.0114,0.0176,-0.0200,0.6667,0.0000,1.0000,0.0000,3.3022,4.2118,1.3527,-0.9470,-1.3224,0.9790,-0.0103,0.1972,-0.1688,-0.0993,0.2004,0.0267
1786060541.9546,3.2610,3.8229,1.4306,-0.9029,-1.4070,0.9684,0.0224,0.1805,-0.1488,-0.1176,0.2049,0.0414,-0.0095,0.0173,-0.0278,0.0114,0.0174,-0.0199,0.6667,0.0000,1.0000,0.0000,3.3022,4.2118,1.3527,-0.9470,-1.3224,0.9790,-0.0103,0.1972,-0.1688,-0.0993,0.2004,0.0267
1786060542.0047,3.2610,3.8229,1.4087,-0.9126,-1.3956,0.9714,0.0224,0.1805,-0.1711,-0.1118,0.1766,0.0378,-0.0095,0.0173,-0.0243,0.0126,0.0208,-0.0229,0.6667,0.0000,1.0000,1.0000,3.3012,4.2316,1.3357,-0.9567,-1.3023,0.9817,-0.0109,0.1975,-0.1721,-0.0960,0.2014,0.0257
1786060542.0546,3.2610,3.8229,1.4087,-0.9126,-1.3956,0.9714,0.0224,0.1805,-0.1711,-0.1118,0.1766,0.0378,-0.0095,0.0173,-0.0244,0.0126,0.0207,-0.0228,0.6667,0.0000,1.0000,1.0000,3.3012,4.2316,1.3357,-0.9567,-1.3023,0.9817,-0.0109,0.1975,-0.1721,-0.0960,0.2014,0.0257
1786060542.1048,3.2610,3.8229,1.3925,-0.9255,-1.3726,0.9737,0.0224,0.1805,-0.1681,-0.1170,0.1935,0.0331,-0.0095,0.0173,-0.0248,0.0121,0.0181,-0.0216,0.6667,0.0000,1.0000,0.0000,3.3001,4.2505,1.3183,-0.9662,-1.2821,0.9841,-0.0093,0.1712,-0.1744,-0.0942,0.2026,0.0231
1786060542.1546,3.2610,3.8229,1.3925,-0.9255,-1.3726,0.9737,0.0224,0.1805,-0.1681,-0.1170,0.1935,0.0331,-0.0095,0.0173,-0.0248,0.0121,0.0182,-0.0216,0.6667,0.0000,1.0000,0.0000,3.3001,4.2505,1.3183,-0.9662,-1.2821,0.9841,-0.0093,0.1712,-0.1744,-0.0942,0.2026,0.0231
1786060542.2047,3.2610,3.8229,1.3746,-0.9367,-1.3505,0.9761,0.0224,0.1805,-0.1724,-0.1160,0.2021,0.0302,-0.0095,0.0173,-0.0242,0.0123,0.0169,-0.0211,0.6667,0.0000,1.0000,1.0000,3.2994,4.2649,1.3008,-0.9756,-1.2618,0.9862,-0.0059,0.1259,-0.1748,-0.0938,0.2028,0.0199
1786060542.2547,3.2610,3.8229,1.3746,-0.9367,-1.3505,0.9761,0.0224,0.1805,-0.1724,-0.1160,0.2021,0.0302,-0.0095,0.0173,-0.0242,0.0123,0.0169,-0.0211,0.6667,0.0000,1.0000,1.0000,3.2994,4.2649,1.3008,-0.9756,-1.2618,0.9862,-0.0059,0.1259,-0.1748,-0.0938,0.2028,0.0199
1786060542.3046,3.2610,3.8229,1.3589,-0.9452,-1.3357,0.9785,0.0224,0.1805,-0.1681,-0.1068,0.1859,0.0284,-0.0095,0.0173,-0.0250,0.0132,0.0187,-0.0228,0.6667,0.0000,1.0000,1.0000,3.2988,4.2765,1.2834,-0.9849,-1.2415,0.9881,-0.0055,0.1140,-0.1746,-0.0932,0.2020,0.0180
1786060542.3547,3.2610,3.8229,1.3589,-0.9452,-1.3357,0.9785,0.0224,0.1805,-0.1681,-0.1068,0.1859,0.0284,-0.0095,0.0173,-0.0250,0.0133,0.0186,-0.0228,0.6667,0.0000,1.0000,1.0000,3.2988,4.2765,1.2834,-0.9849,-1.2415,0.9881,-0.0055,0.1140,-0.1746,-0.0932,0.2020,0.0180
1786060542.4046,3.2610,3.8229,1.3423,-0.9541,-1.3197,0.9806,0.0224,0.1805,-0.1623,-0.0977,0.1720,0.0253,-0.0095,0.0173,-0.0260,0.0144,0.0197,-0.0248,0.6667,0.0000,1.0000,1.0000,3.2982,4.2882,1.2659,-0.9942,-1.2214,0.9898,-0.0068,0.1212,-0.1753,-0.0911,0.2012,0.0177
1786060542.4546,3.2610,3.8229,1.3423,-0.9541,-1.3197,0.9806,0.0224,0.1805,-0.1623,-0.0977,0.1720,0.0253,-0.0095,0.0173,-0.0260,0.0144,0.0197,-0.0248,0.6667,0.0000,1.0000,1.0000,3.2982,4.2882,1.2659,-0.9942,-1.2214,0.9898,-0.0068,0.1212,-0.1753,-0.0911,0.2012,0.0177
1786060542.5046,3.2610,3.8229,1.3254,-0.9619,-1.3068,0.9812,0.0224,0.1805,-0.1696,-0.0949,0.1641,0.0202,-0.0095,0.0173,-0.0248,0.0147,0.0197,-0.0264,0.6667,0.0000,1.0000,1.0000,3.2974,4.3007,1.2483,-1.0031,-1.2012,0.9916,-0.0074,0.1259,-0.1764,-0.0881,0.2016,0.0174
1786060542.5546,3.2610,3.8229,1.3254,-0.9619,-1.3068,0.9812,0.0224,0.1805,-0.1696,-0.0949,0.1641,0.0202,-0.0095,0.0173,-0.0248,0.0147,0.0196,-0.0264,0.6667,0.0000,1.0000,1.0000,3.2974,4.3007,1.2483,-1.0031,-1.2012,0.9916,-0.0074,0.1259,-0.1764,-0.0881,0.2016,0.0174
1786060542.6046,3.2610,3.8229,1.3075,-0.9732,-1.2925,0.9817,0.0224,0.1805,-0.1722,-0.1003,0.1576,0.0154,-0.0095,0.0173,-0.0244,0.0141,0.0193,-0.0279,0.6667,0.0000,1.0000,1.0000,3.2968,4.3130,1.2306,-1.0118,-1.1810,0.9933,-0.0062,0.1164,-0.1770,-0.0860,0.2027,0.0157
1786060542.6546,3.2610,3.8229,1.3075,-0.9732,-1.2925,0.9817,0.0224,0.1805,-0.1722,-0.1003,0.1576,0.0154,-0.0095,0.0173,-0.0244,0.0141,0.0193,-0.0279,0.6667,0.0000,1.0000,1.0000,3.2968,4.3130,1.2306,-1.0118,-1.1810,0.9933,-0.0062,0.1164,-0.1770,-0.0860,0.2027,0.0157
1786060542.7046,3.2610,3.8229,1.2931,-0.9862,-1.2667,0.9835,0.0224,0.1805,-0.1619,-0.1087,0.1872,0.0159,-0.0095,0.0173,-0.0262,0.0132,0.0170,-0.0237,0.6667,0.0000,1.0000,1.0000,3.2963,4.3234,1.2129,-1.0203,-1.1607,0.9947,-0.0042,0.0941,-0.1774,-0.0852,0.2034,0.0126
1786060542.7546,3.2610,3.8229,1.2931,-0.9862,-1.2667,0.9835,0.0224,0.1805,-0.1619,-0.1087,0.1872,0.0159,-0.0095,0.0173,-0.0261,0.0131,0.0171,-0.0238,0.6667,0.0000,1.0000,1.0000,3.2963,4.3234,1.2129,-1.0203,-1.1607,0.9947,-0.0042,0.0941,-0.1774,-0.0852,0.2034,0.0126
1786060542.8046,3.2610,3.8229,1.2803,-0.9982,-1.2356,0.9865,0.0224,0.1805,-0.1510,-0.1120,0.2258,0.0204,-0.0095,0.0173,-0.0279,0.0125,0.0129,-0.0200,0.6667,0.0000,1.0000,1.0000,3.2960,4.3314,1.1951,-1.0288,-1.1404,0.9958,-0.0025,0.0674,-0.1788,-0.0842,0.2030,0.0098
1786060542.8546,3.2610,3.8229,1.2803,-0.9982,-1.2356,0.9865,0.0224,0.1805,-0.1510,-0.1120,0.2258,0.0204,-0.0095,0.0173,-0.0278,0.0125,0.0130,-0.0200,0.6667,0.0000,1.0000,1.0000,3.2960,4.3314,1.1951,-1.0288,-1.1404,0.9958,-0.0025,0.0674,-0.1788,-0.0842,0.2030,0.0098
1786060542.9046,3.2610,3.8229,1.2687,-1.0047,-1.2015,0.9893,0.0224,0.1805,-0.1401,-0.0974,0.2617,0.0229,-0.0095,0.0173,-0.0298,0.0148,0.0075,-0.0178,0.6667,0.0000,1.0000,1.0000,3.2958,4.3368,1.1771,-1.0371,-1.1201,0.9966,-0.0011,0.0449,-0.1813,-0.0816,0.2022,0.0083
1786060542.9546,3.2610,3.8229,1.2687,-1.0047,-1.2015,0.9893,0.0224,0.1805,-0.1401,-0.0974,0.2617,0.0229,-0.0095,0.0173,-0.0297,0.0149,0.0077,-0.0178,0.6667,0.0000,1.0000,1.0000,3.2958,4.3368,1.1771,-1.0371,-1.1201,0.9966,-0.0011,0.0449,-0.1813,-0.0816,0.2022,0.0083
1786060543.0046,3.2610,3.8229,1.2458,-1.0073,-1.1815,0.9910,0.0224,0.1805,-0.1676,-0.0748,0.2424,0.0209,-0.0095,0.0173,-0.0245,0.0173,0.0107,-0.0191,0.6667,0.0000,1.0000,1.0000,3.2958,4.3405,1.1588,-1.0450,-1.0999,0.9974,0.0003,0.0318,-0.1837,-0.0777,0.2018,0.0081
1786060543.0546,3.2610,3.8229,1.2458,-1.0073,-1.1815,0.9910,0.0224,0.1805,-0.1676,-0.0748,0.2424,0.0209,-0.0095,0.0173,-0.0246,0.0174,0.0106,-0.0191,0.6667,0.0000,1.0000,1.0000,3.2958,4.3405,1.1588,-1.0450,-1.0999,0.9974,0.0003,0.0318,-0.1837,-0.0777,0.2018,0.0081
1786060543.1046,3.2610,3.8229,1.2174,-1.0107,-1.1716,0.9919,0.0224,0.1805,-0.2039,-0.0621,0.1974,0.0172,-0.0095,0.0173,-0.0183,0.0167,0.0164,-0.0231,0.6667,0.0000,1.0000,1.0000,3.2959,4.3435,1.1404,-1.0526,-1.0797,0.9982,0.0018,0.0295,-0.1844,-0.0746,0.2024,0.0074
1786060543.1546,3.2610,3.8229,1.2174,-1.0107,-1.1716,0.9919,0.0224,0.1805,-0.2039,-0.0621,0.1974,0.0172,-0.0095,0.0173,-0.0185,0.0167,0.0163,-0.0230,0.6667,0.0000,1.0000,1.0000,3.2959,4.3435,1.1404,-1.0526,-1.0797,0.9982,0.0018,0.0295,-0.1844,-0.0746,0.2024,0.0074
1786060543.2046,3.2610,3.8229,1.1933,-1.0183,-1.1516,0.9930,0.0224,0.1805,-0.2156,-0.0665,0.1980,0.0151,-0.0095,0.0173,-0.0168,0.0161,0.0160,-0.0231,0.6667,0.0000,1.0000,1.0000,3.2961,4.3466,1.1220,-1.0600,-1.0594,0.9989,0.0026,0.0341,-0.1832,-0.0740,0.2033,0.0053
1786060543.2546,3.2610,3.8229,1.1933,-1.0183,-1.1516,0.9930,0.0224,0.1805,-0.2156,-0.0665,0.1980,0.0151,-0.0095,0.0173,-0.0168,0.0161,0.0160,-0.0231,0.6667,0.0000,1.0000,1.0000,3.2961,4.3466,1.1220,-1.0600,-1.0594,0.9989,0.0026,0.0341,-0.1832,-0.0740,0.2033,0.0053
1786060543.3046,3.2610,3.8229,1.1722,-1.0288,-1.1222,0.9942,0.0224,0.1805,-0.2136,-0.0785,0.2279,0.0142,-0.0095,0.0173,-0.0176,0.0157,0.0122,-0.0205,0.6667,0.0000,1.0000,1.0000,3.2963,4.3504,1.1038,-1.0675,-1.0391,0.9992,0.0023,0.0394,-0.1815,-0.0753,0.2034,0.0025
1786060543.3546,3.2610,3.8229,1.1722,-1.0288,-1.1222,0.9942,0.0224,0.1805,-0.2136,-0.0785,0.2279,0.0142,-0.0095,0.0173,-0.0176,0.0157,0.0123,-0.0205,0.6667,0.0000,1.0000,1.0000,3.2963,4.3504,1.1038,-1.0675,-1.0391,0.9992,0.0023,0.0394,-0.1815,-0.0753,0.2034,0.0025
1786060543.4046,3.2610,3.8229,1.1614,-1.0410,-1.1021,0.9949,0.0224,0.1805,-0.1806,-0.0921,0.2194,0.0119,-0.0095,0.0173,-0.0234,0.0154,0.0132,-0.0214,0.6667,0.0000,1.0000,0.0000,3.2965,4.3544,1.0856,-1.0751,-1.0188,0.9993,0.0012,0.0412,-0.1812,-0.0757,0.2025,0.0005
1786060543.4546,3.2610,3.8229,1.1614,-1.0410,-1.1021,0.9949,0.0224,0.1805,-0.1806,-0.0921,0.2194,0.0119,-0.0095,0.0173,-0.0232,0.0154,0.0132,-0.0214,0.6667,0.0000,1.0000,0.0000,3.2965,4.3544,1.0856,-1.0751,-1.0188,0.9993,0.0012,0.0412,-0.1812,-0.0757,0.2025,0.0005
1786060543.5046,3.2610,3.8229,1.1530,-1.0557,-1.0888,0.9953,0.0224,0.1805,-0.1508,-0.1094,0.1927,0.0096,-0.0095,0.0173,-0.0282,0.0132,0.0160,-0.0243,0.6667,0.0000,1.0000,1.0000,3.2966,4.3584,1.0675,-1.0825,-0.9986,0.9994,0.0006,0.0377,-0.1827,-0.0734,0.2016,0.0001
1786060543.5546,3.2610,3.8229,1.1530,-1.0557,-1.0888,0.9953,0.0224,0.1805,-0.1508,-0.1094,0.1927,0.0096,-0.0095,0.0173,-0.0280,0.0132,0.0159,-0.0243,0.6667,0.0000,1.0000,1.0000,3.2966,4.3584,1.0675,-1.0825,-0.9986,0.9994,0.0006,0.0377,-0.1827,-0.0734,0.2016,0.0001
1786060543.6046,3.2610,3.8229,1.1464,-1.0668,-1.0722,0.9963,0.0224,0.1805,-0.1240,-0.1096,0.1840,0.0095,-0.0095,0.0173,-0.0324,0.0123,0.0167,-0.0254,0.6667,0.0000,1.0000,0.0000,3.2967,4.3618,1.0490,-1.0896,-0.9784,0.9994,0.0015,0.0301,-0.1853,-0.0687,0.2015,0.0003
1786060543.6547,3.2610,3.8229,1.1464,-1.0668,-1.0722,0.9963,0.0224,0.1805,-0.1240,-0.1096,0.1840,0.0095,-0.0095,0.0173,-0.0323,0.0123,0.0166,-0.0254,0.6667,0.0000,1.0000,0.0000,3.2967,4.3618,1.0490,-1.0896,-0.9784,0.9994,0.0015,0.0301,-0.1853,-0.0687,0.2015,0.0003
1786060543.7046,3.2610,3.8229,1.1301,-1.0724,-1.0511,0.9968,0.0224,0.1805,-0.1363,-0.0927,0.1923,0.0083,-0.0095,0.0173,-0.0304,0.0161,0.0157,-0.0245,0.6667,0.0000,1.0000,1.0000,3.2970,4.3643,1.0304,-1.0962,-0.9583,0.9994,0.0035,0.0213,-0.1882,-0.0641,0.2021,-0.0003
1786060543.7546,3.2610,3.8229,1.1301,-1.0724,-1.0511,0.9968,0.0224,0.1805,-0.1363,-0.0927,0.1923,0.0083,-0.0095,0.0173,-0.0305,0.0162,0.0158,-0.0245,0.6667,0.0000,1.0000,1.0000,3.2970,4.3643,1.0304,-1.0962,-0.9583,0.9994,0.0035,0.0213,-0.1882,-0.0641,0.2021,-0.0003
1786060543.8048,3.2610,3.8229,1.1033,-1.0710,-1.0234,0.9969,0.0224,0.1805,-0.1776,-0.0597,0.2190,0.0059,-0.0095,0.0173,-0.0222,0.0189,0.0126,-0.0219,0.6667,0.0000,1.0000,1.0000,3.2974,4.3660,1.0114,-1.1025,-0.9380,0.9993,0.0053,0.0140,-0.1903,-0.0615,0.2026,-0.0022
1786060543.8546,3.2610,3.8229,1.1033,-1.0710,-1.0234,0.9969,0.0224,0.1805,-0.1776,-0.0597,0.2190,0.0059,-0.0095,0.0173,-0.0224,0.0191,0.0127,-0.0219,0.6667,0.0000,1.0000,1.0000,3.2974,4.3660,1.0114,-1.1025,-0.9380,0.9993,0.0053,0.0140,-0.1903,-0.0615,0.2026,-0.0022
1786060543.9047,3.2610,3.8229,1.0720,-1.0723,-1.0033,0.9965,0.0224,0.1805,-0.2200,-0.0452,0.2136,0.0029,-0.0095,0.0173,-0.0152,0.0173,0.0131,-0.0226,0.6667,0.0000,1.0000,1.0000,3.2980,4.3672,0.9923,-1.1086,-0.9178,0.9989,0.0056,0.0115,-0.1906,-0.0609,0.2020,-0.0042
1786060543.9546,3.2610,3.8229,1.0720,-1.0723,-1.0033,0.9965,0.0224,0.1805,-0.2200,-0.0452,0.2136,0.0029,-0.0095,0.0173,-0.0154,0.0174,0.0131,-0.0226,0.6667,0.0000,1.0000,1.0000,3.2980,4.3672,0.9923,-1.1086,-0.9178,0.9989,0.0056,0.0115,-0.1906,-0.0609,0.2020,-0.0042
1786060544.0046,3.2610,3.8229,1.0404,-1.0764,-0.9893,0.9960,0.0224,0.1805,-0.2498,-0.0438,0.1906,0.0003,-0.0095,0.0173,-0.0104,0.0162,0.0150,-0.0254,0.6667,0.0000,1.0000,1.0000,3.2985,4.3685,0.9733,-1.1147,-0.8976,0.9984,0.0049,0.0146,-0.1897,-0.0607,0.2009,-0.0052
1786060544.0547,3.2610,3.8229,1.0404,-1.0764,-0.9893,0.9960,0.0224,0.1805,-0.2498,-0.0438,0.1906,0.0003,-0.0095,0.0173,-0.0106,0.0162,0.0149,-0.0254,0.6667,0.0000,1.0000,1.0000,3.2985,4.3685,0.9733,-1.1147,-0.8976,0.9984,0.0049,0.0146,-0.1897,-0.0607,0.2009,-0.0052
1786060544.1047,3.2610,3.8229,1.0167,-1.0847,-0.9714,0.9956,0.0224,0.1805,-0.2459,-0.0561,0.1870,-0.0009,-0.0095,0.0173,-0.0117,0.0163,0.0151,-0.0260,0.6667,0.0000,1.0000,0.0000,3.2989,4.3703,0.9544,-1.1207,-0.8776,0.9979,0.0041,0.0201,-0.1886,-0.0599,0.2001,-0.0050
1786060544.1546,3.2610,3.8229,1.0167,-1.0847,-0.9714,0.9956,0.0224,0.1805,-0.2459,-0.0561,0.1870,-0.0009,-0.0095,0.0173,-0.0117,0.0163,0.0151,-0.0260,0.6667,0.0000,1.0000,0.0000,3.2989,4.3703,0.9544,-1.1207,-0.8776,0.9979,0.0041,0.0201,-0.1886,-0.0599,0.2001,-0.0050
1786060544.2046,3.2610,3.8229,1.0036,-1.0958,-0.9505,0.9950,0.0224,0.1805,-0.2100,-0.0733,0.1941,-0.0024,-0.0095,0.0173,-0.0184,0.0168,0.0143,-0.0252,0.6667,0.0000,1.0000,0.0000,3.2994,4.3725,0.9356,-1.1266,-0.8576,0.9974,0.0043,0.0231,-0.1874,-0.0590,0.2002,-0.0050
1786060544.2546,3.2610,3.8229,1.0036,-1.0958,-0.9505,0.9950,0.0224,0.1805,-0.2100,-0.0733,0.1941,-0.0024,-0.0095,0.0173,-0.0182,0.0167,0.0143,-0.0252,0.6667,0.0000,1.0000,0.0000,3.2994,4.3725,0.9356,-1.1266,-0.8576,0.9974,0.0043,0.0231,-0.1874,-0.0590,0.2002,-0.0050
1786060544.3047,3.2610,3.8229,0.9974,-1.1077,-0.9164,0.9934,0.0224,0.1805,-0.1638,-0.0874,0.2395,-0.0067,-0.0095,0.0173,-0.0262,0.0168,0.0088,-0.0206,0.6667,0.0000,1.0000,0.0000,3.2999,4.3747,0.9170,-1.1325,-0.8375,0.9968,0.0053,0.0207,-0.1862,-0.0586,0.2008,-0.0066
1786060544.3546,3.2610,3.8229,0.9974,-1.1077,-0.9164,0.9934,0.0224,0.1805,-0.1638,-0.0874,0.2395,-0.0067,-0.0095,0.0173,-0.0260,0.0168,0.0090,-0.0207,0.6667,0.0000,1.0000,0.0000,3.2999,4.3747,0.9170,-1.1325,-0.8375,0.9968,0.0053,0.0207,-0.1862,-0.0586,0.2008,-0.0066
1786060544.4047,3.2610,3.8229,0.9946,-1.1185,-0.8945,0.9922,0.0224,0.1805,-0.1215,-0.0940,0.2338,-0.0086,-0.0095,0.0173,-0.0333,0.0162,0.0096,-0.0213,0.6667,0.0000,1.0000,0.0000,3.3004,4.3764,0.8983,-1.1383,-0.8175,0.9960,0.0061,0.0140,-0.1865,-0.0578,0.2007,-0.0093
1786060544.4546,3.2610,3.8229,0.9946,-1.1185,-0.8945,0.9922,0.0224,0.1805,-0.1215,-0.0940,0.2338,-0.0086,-0.0095,0.0173,-0.0331,0.0162,0.0096,-0.0213,0.6667,0.0000,1.0000,0.0000,3.3004,4.3764,0.8983,-1.1383,-0.8175,0.9960,0.0061,0.0140,-0.1865,-0.0578,0.2007,-0.0093
1786060544.5046,3.2610,3.8229,0.9836,-1.1302,-0.8769,0.9920,0.0224,0.1805,-0.1180,-0.1012,0.2156,-0.0063,-0.0095,0.0173,-0.0336,0.0143,0.0119,-0.0232,0.6667,0.0000,1.0000,1.0000,3.3011,4.3774,0.8795,-1.1439,-0.7974,0.9950,0.0061,0.0073,-0.1898,-0.0545,0.1998,-0.0117
1786060544.5546,3.2610,3.8229,0.9836,-1.1302,-0.8769,0.9920,0.0224,0.1805,-0.1180,-0.1012,0.2156,-0.0063,-0.0095,0.0173,-0.0336,0.0142,0.0119,-0.0231,0.6667,0.0000,1.0000,1.0000,3.3011,4.3774,0.8795,-1.1439,-0.7974,0.9950,0.0061,0.0073,-0.1898,-0.0545,0.1998,-0.0117
1786060544.6046,3.2610,3.8229,0.9650,-1.1364,-0.8577,0.9922,0.0224,0.1805,-0.1391,-0.0890,0.2083,-0.0039,-0.0095,0.0173,-0.0300,0.0171,0.0129,-0.0240,0.6667,0.0000,1.0000,0.0000,3.3016,4.3780,0.8602,-1.1491,-0.7775,0.9937,0.0059,0.0045,-0.1956,-0.0481,0.1985,-0.0128
1786060544.6546,3.2610,3.8229,0.9650,-1.1364,-0.8577,0.9922,0.0224,0.1805,-0.1391,-0.0890,0.2083,-0.0039,-0.0095,0.0173,-0.0301,0.0172,0.0129,-0.0239,0.6667,0.0000,1.0000,0.0000,3.3016,4.3780,0.8602,-1.1491,-0.7775,0.9937,0.0059,0.0045,-0.1956,-0.0481,0.1985,-0.0128
1786060544.7046,3.2610,3.8229,0.9361,-1.1337,-0.8396,0.9927,0.0224,0.1805,-0.1861,-0.0528,0.2001,-0.0010,-0.0095,0.0173,-0.0207,0.0197,0.0140,-0.0249,0.6667,0.0000,1.0000,0.0000,3.3022,4.3785,0.8404,-1.1535,-0.7577,0.9924,0.0063,0.0060,-0.2003,-0.0407,0.1980,-0.0132
1786060544.7546,3.2610,3.8229,0.9361,-1.1337,-0.8396,0.9927,0.0224,0.1805,-0.1861,-0.0528,0.2001,-0.0010,-0.0095,0.0173,-0.0209,0.0198,0.0140,-0.0249,0.6667,0.0000,1.0000,0.0000,3.3022,4.3785,0.8404,-1.1535,-0.7577,0.9924,0.0063,0.0060,-0.2003,-0.0407,0.1980,-0.0132
1786060544.8047,3.2610,3.8229,0.9047,-1.1267,-0.8182,0.9921,0.0224,0.1805,-0.2260,-0.0143,0.2041,-0.0027,-0.0095,0.0173,-0.0124,0.0185,0.0134,-0.0245,0.6667,0.0000,1.0000,1.0000,3.3029,4.3793,0.8203,-1.1572,-0.7379,0.9910,0.0073,0.0093,-0.2007,-0.0363,0.1985,-0.0148
1786060544.8546,3.2610,3.8229,0.9047,-1.1267,-0.8182,0.9921,0.0224,0.1805,-0.2260,-0.0143,0.2041,-0.0027,-0.0095,0.0173,-0.0126,0.0186,0.0134,-0.0246,0.6667,0.0000,1.0000,1.0000,3.3029,4.3793,0.8203,-1.1572,-0.7379,0.9910,0.0073,0.0093,-0.2007,-0.0363,0.1985,-0.0148
1786060544.9046,3.2610,3.8229,0.8732,-1.1247,-0.8040,0.9912,0.0224,0.1805,-0.2534,-0.0038,0.1845,-0.0047,-0.0095,0.0173,-0.0079,0.0168,0.0147,-0.0273,0.6667,0.0000,1.0000,0.0000,3.3037,4.3803,0.8004,-1.1609,-0.7180,0.9894,0.0080,0.0112,-0.1978,-0.0367,0.1989,-0.0181
1786060544.9546,3.2610,3.8229,0.8732,-1.1247,-0.8040,0.9912,0.0224,0.1805,-0.2534,-0.0038,0.1845,-0.0047,-0.0095,0.0173,-0.0080,0.0169,0.0147,-0.0272,0.6667,0.0000,1.0000,0.0000,3.3037,4.3803,0.8004,-1.1609,-0.7180,0.9894,0.0080,0.0112,-0.1978,-0.0367,0.1989,-0.0181
1786060545.0046,3.2610,3.8229,0.8422,-1.1257,-0.7953,0.9902,0.0224,0.1805,-0.2716,-0.0058,0.1543,-0.0062,-0.0095,0.0173,-0.0051,0.0160,0.0155,-0.0325,0.6667,0.0000,1.0000,0.0000,3.3045,4.3814,0.7808,-1.1647,-0.6981,0.9873,0.0076,0.0106,-0.1951,-0.0402,0.1985,-0.0221
1786060545.0546,3.2610,3.8229,0.8422,-1.1257,-0.7953,0.9902,0.0224,0.1805,-0.2716,-0.0058,0.1543,-0.0062,-0.0095,0.0173,-0.0052,0.0160,0.0154,-0.0325,0.6667,0.0000,1.0000,0.0000,3.3045,4.3814,0.7808,-1.1647,-0.6981,0.9873,0.0076,0.0106,-0.1951,-0.0402,0.1985,-0.0221
1786060545.1046,3.2610,3.8229,0.8188,-1.1320,-0.7839,0.9898,0.0224,0.1805,-0.2599,-0.0236,0.1419,-0.0056,-0.0095,0.0173,-0.0082,0.0169,0.0154,-0.0352,0.6667,0.0000,1.0000,1.0000,3.3052,4.3824,0.7613,-1.1689,-0.6783,0.9849,0.0063,0.0083,-0.1940,-0.0434,0.1972,-0.0251
1786060545.1546,3.2610,3.8229,0.8188,-1.1320,-0.7839,0.9898,0.0224,0.1805,-0.2599,-0.0236,0.1419,-0.0056,-0.0095,0.0173,-0.0081,0.0169,0.0153,-0.0352,0.6667,0.0000,1.0000,1.0000,3.3052,4.3824,0.7613,-1.1689,-0.6783,0.9849,0.0063,0.0083,-0.1940,-0.0434,0.1972,-0.0251
1786060545.2046,3.2610,3.8229,0.8027,-1.1414,-0.7726,0.9895,0.0224,0.1805,-0.2284,-0.0455,0.1323,-0.0047,-0.0095,0.0173,-0.0145,0.0182,0.0153,-0.0376,0.6667,0.0000,1.0000,0.0000,3.3058,4.3830,0.7420,-1.1734,-0.6587,0.9823,0.0058,0.0056,-0.1926,-0.0447,0.1961,-0.0268
1786060545.2546,3.2610,3.8229,0.8027,-1.1414,-0.7726,0.9895,0.0224,0.1805,-0.2284,-0.0455,0.1323,-0.0047,-0.0095,0.0173,-0.0143,0.0181,0.0152,-0.0376,0.6667,0.0000,1.0000,0.0000,3.3058,4.3830,0.7420,-1.1734,-0.6587,0.9823,0.0058,0.0056,-0.1926,-0.0447,0.1961,-0.0268
1786060545.3046,3.2610,3.8229,0.7926,-1.1525,-0.7592,0.9892,0.0224,0.1805,-0.1880,-0.0659,0.1326,-0.0041,-0.0095,0.0173,-0.0217,0.0190,0.0153,-0.0376,0.6667,0.0000,1.0000,0.0000,3.3064,4.3835,0.7229,-1.1778,-0.6391,0.9796,0.0066,0.0032,-0.1896,-0.0444,0.1959,-0.0286
1786060545.3546,3.2610,3.8229,0.7926,-1.1525,-0.7592,0.9892,0.0224,0.1805,-0.1880,-0.0659,0.1326,-0.0041,-0.0095,0.0173,-0.0216,0.0190,0.0154,-0.0376,0.6667,0.0000,1.0000,0.0000,3.3064,4.3835,0.7229,-1.1778,-0.6391,0.9796,0.0066,0.0032,-0.1896,-0.0444,0.1959,-0.0286
1786060545.4047,3.2610,3.8229,0.7858,-1.1639,-0.7357,0.9879,0.0224,0.1805,-0.1505,-0.0808,0.1645,-0.0070,-0.0095,0.0173,-0.0282,0.0188,0.0149,-0.0309,0.6667,0.0000,1.0000,0.0000,3.3071,4.3837,0.7041,-1.1822,-0.6195,0.9765,0.0081,0.0014,-0.1868,-0.0436,0.1963,-0.0318
1786060545.4546,3.2610,3.8229,0.7858,-1.1639,-0.7357,0.9879,0.0224,0.1805,-0.1505,-0.0808,0.1645,-0.0070,-0.0095,0.0173,-0.0281,0.0188,0.0151,-0.0308,0.6667,0.0000,1.0000,0.0000,3.3071,4.3837,0.7041,-1.1822,-0.6195,0.9765,0.0081,0.0014,-0.1868,-0.0436,0.1963,-0.0318
1786060545.5047,3.2610,3.8229,0.7763,-1.1741,-0.7001,0.9844,0.0224,0.1805,-0.1330,-0.0875,0.2244,-0.0157,-0.0095,0.0173,-0.0312,0.0180,0.0097,-0.0230,0.6667,0.0000,1.0000,1.0000,3.3080,4.3838,0.6854,-1.1865,-0.5998,0.9731,0.0090,0.0007,-0.1873,-0.0422,0.1963,-0.0365
1786060545.5546,3.2610,3.8229,0.7763,-1.1741,-0.7001,0.9844,0.0224,0.1805,-0.1330,-0.0875,0.2244,-0.0157,-0.0095,0.0173,-0.0311,0.0179,0.0099,-0.0230,0.6667,0.0000,1.0000,1.0000,3.3080,4.3838,0.6854,-1.1865,-0.5998,0.9731,0.0090,0.0007,-0.1873,-0.0422,0.1963,-0.0365
1786060545.6046,3.2610,3.8229,0.7635,-1.1805,-0.6717,0.9793,0.0224,0.1805,-0.1321,-0.0800,0.2434,-0.0268,-0.0095,0.0173,-0.0311,0.0198,0.0065,-0.0212,0.6667,0.0000,1.0000,0.0000,3.3089,4.3839,0.6665,-1.1905,-0.5802,0.9692,0.0085,0.0016,-0.1915,-0.0386,0.1953,-0.0409
1786060545.6546,3.2610,3.8229,0.7635,-1.1805,-0.6717,0.9793,0.0224,0.1805,-0.1321,-0.0800,0.2434,-0.0268,-0.0095,0.0173,-0.0310,0.0198,0.0066,-0.0213,0.6667,0.0000,1.0000,0.0000,3.3089,4.3839,0.6665,-1.1905,-0.5802,0.9692,0.0085,0.0016,-0.1915,-0.0386,0.1953,-0.0409
1786060545.7046,3.2610,3.8229,0.7499,-1.1845,-0.6547,0.9745,0.0224,0.1805,-0.1325,-0.0675,0.2199,-0.0333,-0.0095,0.0173,-0.0301,0.0229,0.0085,-0.0238,0.6667,0.0000,1.0000,1.0000,3.3096,4.3841,0.6470,-1.1940,-0.5608,0.9649,0.0072,0.0038,-0.1975,-0.0317,0.1938,-0.0436
1786060545.7546,3.2610,3.8229,0.7499,-1.1845,-0.6547,0.9745,0.0224,0.1805,-0.1325,-0.0675,0.2199,-0.0333,-0.0095,0.0173,-0.0301,0.0230,0.0084,-0.0238,0.6667,0.0000,1.0000,1.0000,3.3096,4.3841,0.6470,-1.1940,-0.5608,0.9649,0.0072,0.0038,-0.1975,-0.0317,0.1938,-0.0436
1786060545.8046,3.2610,3.8229,0.7377,-1.1871,-0.6329,0.9694,0.0224,0.1805,-0.1300,-0.0547,0.2194,-0.0389,-0.0095,0.0173,-0.0290,0.0263,0.0078,-0.0238,0.6667,0.0000,1.0000,0.0000,3.3103,4.3846,0.6270,-1.1968,-0.5415,0.9605,0.0064,0.0054,-0.2022,-0.0233,0.1930,-0.0450
1786060545.8547,3.2610,3.8229,0.7377,-1.1871,-0.6329,0.9694,0.0224,0.1805,-0.1300,-0.0547,0.2194,-0.0389,-0.0095,0.0173,-0.0290,0.0265,0.0078,-0.0239,0.6667,0.0000,1.0000,0.0000,3.3103,4.3846,0.6270,-1.1968,-0.5415,0.9605,0.0064,0.0054,-0.2022,-0.0233,0.1930,-0.0450
1786060545.9046,3.2610,3.8229,0.7203,-1.1940,-0.6104,0.9643,0.0224,0.1805,-0.1422,-0.0585,0.2187,-0.0422,-0.0095,0.0173,-0.0276,0.0241,0.0074,-0.0240,0.6667,0.0000,1.0000,0.0000,3.3110,4.3851,0.6066,-1.1987,-0.5221,0.9559,0.0067,0.0046,-0.2043,-0.0161,0.1932,-0.0469
1786060545.9546,3.2610,3.8229,0.7203,-1.1940,-0.6104,0.9643,0.0224,0.1805,-0.1422,-0.0585,0.2187,-0.0422,-0.0095,0.0173,-0.0276,0.0241,0.0074,-0.0240,0.6667,0.0000,1.0000,0.0000,3.3110,4.3851,0.6066,-1.1987,-0.5221,0.9559,0.0067,0.0046,-0.2043,-0.0161,0.1932,-0.0469
1786060546.0046,3.2610,3.8229,0.6936,-1.1985,-0.5910,0.9597,0.0224,0.1805,-0.1813,-0.0542,0.2114,-0.0433,-0.0095,0.0173,-0.0217,0.0210,0.0078,-0.0249,0.6667,0.0000,1.0000,0.0000,3.3117,4.3854,0.5861,-1.2000,-0.5028,0.9510,0.0076,0.0013,-0.2051,-0.0115,0.1936,-0.0506
1786060546.0546,3.2610,3.8229,0.6936,-1.1985,-0.5910,0.9597,0.0224,0.1805,-0.1813,-0.0542,0.2114,-0.0433,-0.0095,0.0173,-0.0218,0.0210,0.0078,-0.0249,0.6667,0.0000,1.0000,0.0000,3.3117,4.3854,0.5861,-1.2000,-0.5028,0.9510,0.0076,0.0013,-0.2051,-0.0115,0.1936,-0.0506
1786060546.1046,3.2610,3.8229,0.6598,-1.1966,-0.5721,0.9552,0.0224,0.1805,-0.2300,-0.0314,0.2040,-0.0439,-0.0095,0.0173,-0.0130,0.0191,0.0082,-0.0259,0.6667,0.0000,1.0000,0.0000,3.3125,4.3853,0.5656,-1.2010,-0.4835,0.9457,0.0080,-0.0025,-0.2062,-0.0089,0.1932,-0.0553
1786060546.1546,3.2610,3.8229,0.6598,-1.1966,-0.5721,0.9552,0.0224,0.1805,-0.2300,-0.0314,0.2040,-0.0439,-0.0095,0.0173,-0.0133,0.0192,0.0082,-0.0259,0.6667,0.0000,1.0000,0.0000,3.3125,4.3853,0.5656,-1.2010,-0.4835,0.9457,0.0080,-0.0025,-0.2062,-0.0089,0.1932,-0.0553
1786060546.2046,3.2610,3.8229,0.6245,-1.1934,-0.5541,0.9514,0.0224,0.1805,-0.2684,-0.0116,0.1962,-0.0421,-0.0095,0.0173,-0.0058,0.0172,0.0087,-0.0270,0.6667,0.0000,1.0000,0.0000,3.3132,4.3850,0.5449,-1.2018,-0.4642,0.9399,0.0074,-0.0041,-0.2074,-0.0069,0.1918,-0.0589
1786060546.2546,3.2610,3.8229,0.6245,-1.1934,-0.5541,0.9514,0.0224,0.1805,-0.2684,-0.0116,0.1962,-0.0421,-0.0095,0.0173,-0.0061,0.0173,0.0087,-0.0270,0.6667,0.0000,1.0000,0.0000,3.3132,4.3850,0.5449,-1.2018,-0.4642,0.9399,0.0074,-0.0041,-0.2074,-0.0069,0.1918,-0.0589
1786060546.3046,3.2610,3.8229,0.5922,-1.1873,-0.5339,0.9470,0.0224,0.1805,-0.2817,0.0114,0.1953,-0.0422,-0.0095,0.0173,-0.0024,0.0162,0.0087,-0.0272,0.6667,0.0000,1.0000,0.0000,3.3139,4.3846,0.5241,-1.2024,-0.4451,0.9339,0.0068,-0.0025,-0.2067,-0.0059,0.1904,-0.0606
1786060546.3546,3.2610,3.8229,0.5922,-1.1873,-0.5339,0.9470,0.0224,0.1805,-0.2817,0.0114,0.1953,-0.0422,-0.0095,0.0173,-0.0026,0.0163,0.0087,-0.0272,0.6667,0.0000,1.0000,0.0000,3.3139,4.3846,0.5241,-1.2024,-0.4451,0.9339,0.0068,-0.0025,-0.2067,-0.0059,0.1904,-0.0606
1786060546.4046,3.2610,3.8229,0.5675,-1.1813,-0.5150,0.9421,0.0224,0.1805,-0.2795,0.0269,0.1994,-0.0456,-0.0095,0.0173,-0.0019,0.0160,0.0081,-0.0267,0.6667,0.0000,1.0000,0.0000,3.3146,4.3846,0.5037,-1.2030,-0.4261,0.9278,0.0067,0.0006,-0.2029,-0.0069,0.1897,-0.0622
1786060546.4546,3.2610,3.8229,0.5675,-1.1813,-0.5150,0.9421,0.0224,0.1805,-0.2795,0.0269,0.1994,-0.0456,-0.0095,0.0173,-0.0019,0.0160,0.0081,-0.0267,0.6667,0.0000,1.0000,0.0000,3.3146,4.3846,0.5037,-1.2030,-0.4261,0.9278,0.0067,0.0006,-0.2029,-0.0069,0.1897,-0.0622
1786060546.5046,3.2610,3.8229,0.5485,-1.1779,-0.4987,0.9375,0.0224,0.1805,-0.2508,0.0289,0.1878,-0.0455,-0.0095,0.0173,-0.0060,0.0182,0.0084,-0.0283,0.6667,0.0000,1.0000,0.0000,3.3153,4.3847,0.4837,-1.2039,-0.4071,0.9215,0.0072,0.0023,-0.1974,-0.0111,0.1903,-0.0644
1786060546.5546,3.2610,3.8229,0.5485,-1.1779,-0.4987,0.9375,0.0224,0.1805,-0.2508,0.0289,0.1878,-0.0455,-0.0095,0.0173,-0.0059,0.0181,0.0084,-0.0283,0.6667,0.0000,1.0000,0.0000,3.3153,4.3847,0.4837,-1.2039,-0.4071,0.9215,0.0072,0.0023,-0.1974,-0.0111,0.1903,-0.0644
1786060546.6046,3.2610,3.8229,0.5366,-1.1768,-0.4812,0.9327,0.0224,0.1805,-0.2089,0.0233,0.1828,-0.0460,-0.0095,0.0173,-0.0111,0.0221,0.0084,-0.0291,0.6667,0.0000,1.0000,0.0000,3.3160,4.3849,0.4642,-1.2054,-0.3881,0.9149,0.0072,0.0012,-0.1924,-0.0177,0.1906,-0.0674
1786060546.6546,3.2610,3.8229,0.5366,-1.1768,-0.4812,0.9327,0.0224,0.1805,-0.2089,0.0233,0.1828,-0.0460,-0.0095,0.0173,-0.0110,0.0220,0.0083,-0.0291,0.6667,0.0000,1.0000,0.0000,3.3160,4.3849,0.4642,-1.2054,-0.3881,0.9149,0.0072,0.0012,-0.1924,-0.0177,0.1906,-0.0674
1786060546.7047,3.2610,3.8229,0.5292,-1.1836,-0.4616,0.9278,0.0224,0.1805,-0.1669,-0.0052,0.1875,-0.0471,-0.0095,0.0173,-0.0174,0.0274,0.0081,-0.0285,0.6667,0.0000,1.0000,0.0000,3.3167,4.3849,0.4451,-1.2075,-0.3690,0.9079,0.0063,-0.0015,-0.1900,-0.0235,0.1895,-0.0709
1786060546.7546,3.2610,3.8229,0.5292,-1.1836,-0.4616,0.9278,0.0224,0.1805,-0.1669,-0.0052,0.1875,-0.0471,-0.0095,0.0173,-0.0173,0.0273,0.0081,-0.0285,0.6667,0.0000,1.0000,0.0000,3.3167,4.3849,0.4451,-1.2075,-0.3690,0.9079,0.0063,-0.0015,-0.1900,-0.0235,0.1895,-0.0709
1786060546.8047,3.2610,3.8229,0.5241,-1.1890,-0.4396,0.9225,0.0224,0.1805,-0.1309,-0.0205,0.1977,-0.0489,-0.0095,0.0173,-0.0222,0.0335,0.0076,-0.0271,0.6667,0.0000,1.0000,0.0000,3.3173,4.3846,0.4261,-1.2100,-0.3502,0.9007,0.0049,-0.0035,-0.1898,-0.0254,0.1876,-0.0738
1786060546.8546,3.2610,3.8229,0.5241,-1.1890,-0.4396,0.9225,0.0224,0.1805,-0.1309,-0.0205,0.1977,-0.0489,-0.0095,0.0173,-0.0219,0.0335,0.0076,-0.0271,0.6667,0.0000,1.0000,0.0000,3.3173,4.3846,0.4261,-1.2100,-0.3502,0.9007,0.0049,-0.0035,-0.1898,-0.0254,0.1876,-0.0738
1786060546.9046,3.2610,3.8229,0.5149,-1.1978,-0.4175,0.9170,0.0224,0.1805,-0.1185,-0.0415,0.2047,-0.0509,-0.0095,0.0173,-0.0284,0.0329,0.0070,-0.0262,0.6667,0.0000,1.0000,0.0000,3.3177,4.3842,0.4071,-1.2124,-0.3315,0.8932,0.0045,-0.0038,-0.1906,-0.0231,0.1864,-0.0757
1786060546.9546,3.2610,3.8229,0.5149,-1.1978,-0.4175,0.9170,0.0224,0.1805,-0.1185,-0.0415,0.2047,-0.0509,-0.0095,0.0173,-0.0283,0.0326,0.0070,-0.0262,0.6667,0.0000,1.0000,0.0000,3.3177,4.3842,0.4071,-1.2124,-0.3315,0.8932,0.0045,-0.0038,-0.1906,-0.0231,0.1864,-0.0757
1786060547.0046,3.2610,3.8229,0.5020,-1.2021,-0.3956,0.9112,0.0224,0.1805,-0.1218,-0.0419,0.2087,-0.0530,-0.0095,0.0173,-0.0279,0.0319,0.0065,-0.0257,0.6667,0.0000,1.0000,1.0000,3.3182,4.3839,0.3880,-1.2145,-0.3129,0.8855,0.0052,-0.0029,-0.1914,-0.0189,0.1864,-0.0774
1786060547.0546,3.2610,3.8229,0.5020,-1.2021,-0.3956,0.9112,0.0224,0.1805,-0.1218,-0.0419,0.2087,-0.0530,-0.0095,0.0173,-0.0279,0.0319,0.0065,-0.0258,0.6667,0.0000,1.0000,1.0000,3.3182,4.3839,0.3880,-1.2145,-0.3129,0.8855,0.0052,-0.0029,-0.1914,-0.0189,0.1864,-0.0774
1786060547.1046,3.2610,3.8229,0.4865,-1.2281,-0.3773,0.9056,0.0224,0.1805,-0.1318,-0.1099,0.2006,-0.0537,-0.0095,0.0173,-0.0307,0.0130,0.0068,-0.0268,0.6667,0.0000,1.0000,0.0000,3.3188,4.3837,0.3688,-1.2162,-0.2942,0.8776,0.0063,-0.0023,-0.1922,-0.0150,0.1865,-0.0798
1786060547.1546,3.2610,3.8229,0.4865,-1.2281,-0.3773,0.9056,0.0224,0.1805,-0.1318,-0.1099,0.2006,-0.0537,-0.0095,0.0173,-0.0305,0.0123,0.0068,-0.0268,0.6667,0.0000,1.0000,0.0000,3.3188,4.3837,0.3688,-1.2162,-0.2942,0.8776,0.0063,-0.0023,-0.1922,-0.0150,0.1865,-0.0798
1786060547.2047,3.2610,3.8229,0.4688,-1.2537,-0.3569,0.8988,0.0224,0.1805,-0.1460,-0.1557,0.2016,-0.0585,-0.0095,0.0173,-0.0246,0.0065,0.0061,-0.0266,0.6667,0.0000,1.0000,0.0000,3.3194,4.3834,0.3495,-1.2175,-0.2756,0.8695,0.0063,-0.0023,-0.1939,-0.0117,0.1859,-0.0832
1786060547.2546,3.2610,3.8229,0.4688,-1.2537,-0.3569,0.8988,0.0224,0.1805,-0.1460,-0.1557,0.2016,-0.0585,-0.0095,0.0173,-0.0246,0.0064,0.0061,-0.0266,0.6667,0.0000,1.0000,0.0000,3.3194,4.3834,0.3495,-1.2175,-0.2756,0.8695,0.0063,-0.0023,-0.1939,-0.0117,0.1859,-0.0832
1786060547.3047,3.2610,3.8229,0.4441,-1.2664,-0.3358,0.8911,0.0224,0.1805,-0.1776,-0.1467,0.2045,-0.0640,-0.0095,0.0173,-0.0215,0.0101,0.0052,-0.0261,0.6667,0.0000,1.0000,0.0000,3.3200,4.3832,0.3299,-1.2183,-0.2571,0.8609,0.0048,-0.0025,-0.1985,-0.0049,0.1842,-0.0865
1786060547.3546,3.2610,3.8229,0.4441,-1.2664,-0.3358,0.8911,0.0224,0.1805,-0.1776,-0.1467,0.2045,-0.0640,-0.0095,0.0173,-0.0216,0.0101,0.0052,-0.0261,0.6667,0.0000,1.0000,0.0000,3.3200,4.3832,0.3299,-1.2183,-0.2571,0.8609,0.0048,-0.0025,-0.1985,-0.0049,0.1842,-0.0865
1786060547.4046,3.2610,3.8229,0.4166,-1.2696,-0.3169,0.8832,0.0224,0.1805,-0.2076,-0.1105,0.1991,-0.0687,-0.0095,0.0173,-0.0188,0.0147,0.0048,-0.0267,0.6667,0.0000,1.0000,0.0000,3.3204,4.3830,0.3096,-1.2181,-0.2388,0.8522,0.0029,-0.0021,-0.2070,0.0085,0.1825,-0.0887
1786060547.4546,3.2610,3.8229,0.4166,-1.2696,-0.3169,0.8832,0.0224,0.1805,-0.2076,-0.1105,0.1991,-0.0687,-0.0095,0.0173,-0.0189,0.0148,0.0048,-0.0267,0.6667,0.0000,1.0000,0.0000,3.3204,4.3830,0.3096,-1.2181,-0.2388,0.8522,0.0029,-0.0021,-0.2070,0.0085,0.1825,-0.0887
1786060547.5046,3.2610,3.8229,0.3883,-1.2656,-0.2978,0.8743,0.0224,0.1805,-0.2305,-0.0633,0.1964,-0.0747,-0.0095,0.0173,-0.0147,0.0183,0.0040,-0.0267,0.6667,0.0000,1.0000,0.0000,3.3206,4.3828,0.2884,-1.2163,-0.2206,0.8432,0.0021,-0.0017,-0.2155,0.0250,0.1818,-0.0901
1786060547.5546,3.2610,3.8229,0.3883,-1.2656,-0.2978,0.8743,0.0224,0.1805,-0.2305,-0.0633,0.1964,-0.0747,-0.0095,0.0173,-0.0148,0.0183,0.0040,-0.0268,0.6667,0.0000,1.0000,0.0000,3.3206,4.3828,0.2884,-1.2163,-0.2206,0.8432,0.0021,-0.0017,-0.2155,0.0250,0.1818,-0.0901
1786060547.6046,3.2610,3.8229,0.3622,-1.2592,-0.2804,0.8658,0.0224,0.1805,-0.2399,-0.0235,0.1891,-0.0780,-0.0095,0.0173,-0.0111,0.0198,0.0036,-0.0275,0.6667,0.0000,1.0000,1.0000,3.3208,4.3826,0.2667,-1.2131,-0.2024,0.8341,0.0027,-0.0023,-0.2179,0.0373,0.1818,-0.0918
1786060547.6546,3.2610,3.8229,0.3622,-1.2592,-0.2804,0.8658,0.0224,0.1805,-0.2399,-0.0235,0.1891,-0.0780,-0.0095,0.0173,-0.0112,0.0198,0.0036,-0.0275,0.6667,0.0000,1.0000,1.0000,3.3208,4.3826,0.2667,-1.2131,-0.2024,0.8341,0.0027,-0.0023,-0.2179,0.0373,0.1818,-0.0918
1786060547.7046,3.2610,3.8229,0.3375,-1.2508,-0.2624,0.8565,0.0224,0.1805,-0.2414,0.0103,0.1857,-0.0823,-0.0095,0.0173,-0.0084,0.0202,0.0030,-0.0277,0.6667,0.0000,1.0000,1.0000,3.3212,4.3823,0.2450,-1.2090,-0.1842,0.8248,0.0036,-0.0039,-0.2149,0.0428,0.1817,-0.0947
1786060547.7546,3.2610,3.8229,0.3375,-1.2508,-0.2624,0.8565,0.0224,0.1805,-0.2414,0.0103,0.1857,-0.0823,-0.0095,0.0173,-0.0084,0.0202,0.0030,-0.0277,0.6667,0.0000,1.0000,1.0000,3.3212,4.3823,0.2450,-1.2090,-0.1842,0.8248,0.0036,-0.0039,-0.2149,0.0428,0.1817,-0.0947
1786060547.8047,3.2610,3.8229,0.3148,-1.2424,-0.2449,0.8472,0.0224,0.1805,-0.2362,0.0334,0.1815,-0.0853,-0.0095,0.0173,-0.0070,0.0204,0.0025,-0.0281,0.6667,0.0000,1.0000,1.0000,3.3215,4.3818,0.2237,-1.2047,-0.1661,0.8151,0.0036,-0.0054,-0.2116,0.0442,0.1805,-0.0982
1786060547.8546,3.2610,3.8229,0.3148,-1.2424,-0.2449,0.8472,0.0224,0.1805,-0.2362,0.0334,0.1815,-0.0853,-0.0095,0.0173,-0.0070,0.0204,0.0025,-0.0281,0.6667,0.0000,1.0000,1.0000,3.3215,4.3818,0.2237,-1.2047,-0.1661,0.8151,0.0036,-0.0054,-0.2116,0.0442,0.1805,-0.0982
1786060547.9045,3.2610,3.8229,0.2940,-1.2339,-0.2291,0.8384,0.0224,0.1805,-0.2264,0.0492,0.1736,-0.0859,-0.0095,0.0173,-0.0065,0.0209,0.0022,-0.0290,0.6667,0.0000,1.0000,0.0000,3.3218,4.3813,0.2026,-1.2002,-0.1482,0.8051,0.0025,-0.0051,-0.2110,0.0446,0.1786,-0.1009
1786060547.9546,3.2610,3.8229,0.2940,-1.2339,-0.2291,0.8384,0.0224,0.1805,-0.2264,0.0492,0.1736,-0.0859,-0.0095,0.0173,-0.0065,0.0209,0.0021,-0.0290,0.6667,0.0000,1.0000,0.0000,3.3218,4.3813,0.2026,-1.2002,-0.1482,0.8051,0.0025,-0.0051,-0.2110,0.0446,0.1786,-0.1009
1786060548.0047,3.2610,3.8229,0.2756,-1.2265,-0.2142,0.8296,0.0224,0.1805,-0.2201,0.0585,0.1711,-0.0891,-0.0095,0.0173,-0.0061,0.0211,0.0016,-0.0291,0.6667,0.0000,1.0000,1.0000,3.3220,4.3808,0.1815,-1.1957,-0.1304,0.7949,0.0013,-0.0031,-0.2104,0.0444,0.1768,-0.1030
1786060548.0546,3.2610,3.8229,0.2756,-1.2265,-0.2142,0.8296,0.0224,0.1805,-0.2201,0.0585,0.1711,-0.0891,-0.0095,0.0173,-0.0061,0.0211,0.0016,-0.0291,0.6667,0.0000,1.0000,1.0000,3.3220,4.3808,0.1815,-1.1957,-0.1304,0.7949,0.0013,-0.0031,-0.2104,0.0444,0.1768,-0.1030
1786060548.1046,3.2610,3.8229,0.2546,-1.2196,-0.1975,0.8189,0.0224,0.1805,-0.2141,0.0610,0.1678,-0.0937,-0.0095,0.0173,-0.0062,0.0217,0.0009,-0.0291,0.6667,0.0000,1.0000,0.0000,3.3221,4.3806,0.1607,-1.1914,-0.1127,0.7845,0.0008,-0.0012,-0.2066,0.0415,0.1764,-0.1044
1786060548.1547,3.2610,3.8229,0.2546,-1.2196,-0.1975,0.8189,0.0224,0.1805,-0.2141,0.0610,0.1678,-0.0937,-0.0095,0.0173,-0.0062,0.0217,0.0009,-0.0291,0.6667,0.0000,1.0000,0.0000,3.3221,4.3806,0.1607,-1.1914,-0.1127,0.7845,0.0008,-0.0012,-0.2066,0.0415,0.1764,-0.1044
1786060548.2046,3.2610,3.8229,0.2377,-1.2176,-0.1827,0.8079,0.0224,0.1805,-0.1965,0.0472,0.1587,-0.0973,-0.0095,0.0173,-0.0087,0.0244,-0.0001,-0.0297,0.6667,0.0000,1.0000,1.0000,3.3222,4.3805,0.1404,-1.1876,-0.0951,0.7740,0.0008,-0.0012,-0.1998,0.0342,0.1765,-0.1061
1786060548.2546,3.2610,3.8229,0.2377,-1.2176,-0.1827,0.8079,0.0224,0.1805,-0.1965,0.0472,0.1587,-0.0973,-0.0095,0.0173,-0.0086,0.0243,-0.0002,-0.0297,0.6667,0.0000,1.0000,1.0000,3.3222,4.3805,0.1404,-1.1876,-0.0951,0.7740,0.0008,-0.0012,-0.1998,0.0342,0.1765,-0.1061
1786060548.3046,3.2610,3.8229,0.2240,-1.2169,-0.1687,0.7978,0.0224,0.1805,-0.1832,0.0359,0.1575,-0.1011,-0.0095,0.0173,-0.0105,0.0265,-0.0007,-0.0294,0.6667,0.0000,1.0000,0.0000,3.3223,4.3803,0.1207,-1.1848,-0.0775,0.7632,0.0007,-0.0031,-0.1935,0.0239,0.1757,-0.1089
1786060548.3546,3.2610,3.8229,0.2240,-1.2169,-0.1687,0.7978,0.0224,0.1805,-0.1832,0.0359,0.1575,-0.1011,-0.0095,0.0173,-0.0104,0.0265,-0.0007,-0.0294,0.6667,0.0000,1.0000,0.0000,3.3223,4.3803,0.1207,-1.1848,-0.0775,0.7632,0.0007,-0.0031,-0.1935,0.0239,0.1757,-0.1089
1786060548.4047,3.2610,3.8229,0.2096,-1.2133,-0.1491,0.7869,0.0224,0.1805,-0.1695,0.0358,0.1680,-0.1028,-0.0095,0.0173,-0.0106,0.0284,-0.0003,-0.0282,0.6667,0.0000,1.0000,0.0000,3.3223,4.3799,0.1016,-1.1829,-0.0600,0.7522,-0.0001,-0.0052,-0.1907,0.0154,0.1737,-0.1124
1786060548.4546,3.2610,3.8229,0.2096,-1.2133,-0.1491,0.7869,0.0224,0.1805,-0.1695,0.0358,0.1680,-0.1028,-0.0095,0.0173,-0.0105,0.0284,-0.0003,-0.0283,0.6667,0.0000,1.0000,0.0000,3.3223,4.3799,0.1016,-1.1829,-0.0600,0.7522,-0.0001,-0.0052,-0.1907,0.0154,0.1737,-0.1124
1786060548.5045,3.2610,3.8229,0.1937,-1.2106,-0.1313,0.7767,0.0224,0.1805,-0.1637,0.0325,0.1688,-0.1009,-0.0095,0.0173,-0.0109,0.0295,-0.0002,-0.0284,0.6667,0.0000,1.0000,1.0000,3.3222,4.3793,0.0825,-1.1815,-0.0428,0.7407,-0.0010,-0.0056,-0.1921,0.0135,0.1717,-0.1153
1786060548.5546,3.2610,3.8229,0.1937,-1.2106,-0.1313,0.7767,0.0224,0.1805,-0.1637,0.0325,0.1688,-0.1009,-0.0095,0.0173,-0.0109,0.0295,-0.0002,-0.0284,0.6667,0.0000,1.0000,1.0000,3.3222,4.3793,0.0825,-1.1815,-0.0428,0.7407,-0.0010,-0.0056,-0.1921,0.0135,0.1717,-0.1153
1786060548.6046,3.2610,3.8229,0.1725,-1.2061,-0.1126,0.7658,0.0224,0.1805,-0.1784,0.0362,0.1739,-0.1032,-0.0095,0.0173,-0.0103,0.0273,-0.0003,-0.0277,0.6667,0.0000,1.0000,1.0000,3.3221,4.3788,0.0631,-1.1799,-0.0257,0.7291,-0.0012,-0.0042,-0.1950,0.0191,0.1705,-0.1170
1786060548.6546,3.2610,3.8229,0.1725,-1.2061,-0.1126,0.7658,0.0224,0.1805,-0.1784,0.0362,0.1739,-0.1032,-0.0095,0.0173,-0.0104,0.0273,-0.0003,-0.0277,0.6667,0.0000,1.0000,1.0000,3.3221,4.3788,0.0631,-1.1799,-0.0257,0.7291,-0.0012,-0.0042,-0.1950,0.0191,0.1705,-0.1170
1786060548.7047,3.2610,3.8229,0.1494,-1.2012,-0.0972,0.7552,0.0224,0.1805,-0.1941,0.0401,0.1671,-0.1038,-0.0095,0.0173,-0.0093,0.0253,-0.0007,-0.0283,0.6667,0.0000,1.0000,0.0000,3.3220,4.3785,0.0435,-1.1775,-0.0086,0.7173,-0.0005,-0.0026,-0.1966,0.0274,0.1701,-0.1182
1786060548.7546,3.2610,3.8229,0.1494,-1.2012,-0.0972,0.7552,0.0224,0.1805,-0.1941,0.0401,0.1671,-0.1038,-0.0095,0.0173,-0.0094,0.0253,-0.0007,-0.0283,0.6667,0.0000,1.0000,0.0000,3.3220,4.3785,0.0435,-1.1775,-0.0086,0.7173,-0.0005,-0.0026,-0.1966,0.0274,0.1701,-0.1182
1786060548.8046,3.2610,3.8229,0.1249,-1.1939,-0.0807,0.7454,0.0224,0.1805,-0.2158,0.0517,0.1714,-0.1052,-0.0095,0.0173,-0.0067,0.0225,-0.0007,-0.0277,0.6667,0.0000,1.0000,0.0000,3.3220,4.3783,0.0238,-1.1744,0.0084,0.7054,-0.0001,-0.0023,-0.1965,0.0329,0.1695,-0.1208
1786060548.8546,3.2610,3.8229,0.1249,-1.1939,-0.0807,0.7454,0.0224,0.1805,-0.2158,0.0517,0.1714,-0.1052,-0.0095,0.0173,-0.0068,0.0225,-0.0007,-0.0277,0.6667,0.0000,1.0000,0.0000,3.3220,4.3783,0.0238,-1.1744,0.0084,0.7054,-0.0001,-0.0023,-0.1965,0.0329,0.1695,-0.1208
1786060548.9047,3.2610,3.8229,0.0975,-1.1838,-0.0640,0.7341,0.0224,0.1805,-0.2307,0.0663,0.1690,-0.1067,-0.0095,0.0173,-0.0040,0.0204,-0.0010,-0.0278,0.6667,0.0000,1.0000,0.0000,3.3220,4.3780,0.0042,-1.1711,0.0252,0.6931,-0.0008,-0.0033,-0.1963,0.0341,0.1682,-0.1242
1786060548.9546,3.2610,3.8229,0.0975,-1.1838,-0.0640,0.7341,0.0224,0.1805,-0.2307,0.0663,0.1690,-0.1067,-0.0095,0.0173,-0.0040,0.0204,-0.0010,-0.0278,0.6667,0.0000,1.0000,0.0000,3.3220,4.3780,0.0042,-1.1711,0.0252,0.6931,-0.0008,-0.0033,-0.1963,0.0341,0.1682,-0.1242
1786060549.0046,3.2610,3.8229,0.0688,-1.1693,-0.0501,0.7235,0.0224,0.1805,-0.2483,0.0909,0.1582,-0.1057,-0.0095,0.0173,0.0001,0.0172,-0.0016,-0.0290,0.6667,0.0000,1.0000,0.0000,3.3218,4.3776,-0.0155,-1.1677,0.0420,0.6805,-0.0026,-0.0042,-0.1974,0.0335,0.1663,-0.1270
1786060549.0546,3.2610,3.8229,0.0688,-1.1693,-0.0501,0.7235,0.0224,0.1805,-0.2483,0.0909,0.1582,-0.1057,-0.0095,0.0173,0.0000,0.0173,-0.0017,-0.0290,0.6667,0.0000,1.0000,0.0000,3.3218,4.3776,-0.0155,-1.1677,0.0420,0.6805,-0.0026,-0.0042,-0.1974,0.0335,0.1663,-0.1270
1786060549.1046,3.2610,3.8229,0.0361,-1.1509,-0.0332,0.7124,0.0224,0.1805,-0.2688,0.1182,0.1591,-0.1057,-0.0095,0.0173,0.0048,0.0134,-0.0017,-0.0288,0.6667,0.0000,1.0000,0.0000,3.3214,4.3772,-0.0354,-1.1643,0.0585,0.6677,-0.0039,-0.0040,-0.1994,0.0343,0.1639,-0.1281
1786060549.1547,3.2610,3.8229,0.0361,-1.1509,-0.0332,0.7124,0.0224,0.1805,-0.2688,0.1182,0.1591,-0.1057,-0.0095,0.0173,0.0046,0.0135,-0.0017,-0.0288,0.6667,0.0000,1.0000,0.0000,3.3214,4.3772,-0.0354,-1.1643,0.0585,0.6677,-0.0039,-0.0040,-0.1994,0.0343,0.1639,-0.1281
1786060549.2046,3.2610,3.8229,0.0109,-1.1427,-0.0149,0.7004,0.0224,0.1805,-0.2707,0.1103,0.1708,-0.1129,-0.0095,0.0173,0.0043,0.0141,-0.0018,-0.0267,0.6667,0.0000,1.0000,0.0000,3.3210,4.3768,-0.0554,-1.1608,0.0747,0.6549,-0.0038,-0.0033,-0.2007,0.0362,0.1608,-0.1284
1786060549.2546,3.2610,3.8229,0.0109,-1.1427,-0.0149,0.7004,0.0224,0.1805,-0.2707,0.1103,0.1708,-0.1129,-0.0095,0.0173,0.0043,0.0141,-0.0017,-0.0268,0.6667,0.0000,1.0000,0.0000,3.3210,4.3768,-0.0554,-1.1608,0.0747,0.6549,-0.0038,-0.0033,-0.2007,0.0362,0.1608,-0.1284
1786060549.3046,3.2610,3.8229,0.0109,-1.1427,-0.0149,0.7004,0.0224,0.1805,-0.2707,0.1103,0.1708,-0.1129,-0.0095,0.0173,0.0043,0.0141,-0.0017,-0.0268,0.6667,0.0000,1.0000,0.0000,3.3207,4.3765,-0.0755,-1.1571,0.0906,0.6420,-0.0025,-0.0031,-0.2003,0.0362,0.1585,-0.1291
1786060549.3546,3.2610,3.8229,-0.0130,-1.1392,0.0044,0.6870,0.0224,0.1805,-0.2362,0.0767,0.1624,-0.1096,-0.0095,0.0173,-0.0025,0.0199,-0.0019,-0.0279,0.6667,0.0000,1.0000,0.0000,3.3207,4.3765,-0.0755,-1.1571,0.0906,0.6420,-0.0025,-0.0031,-0.2003,0.0362,0.1585,-0.1291
1786060549.4046,3.2610,3.8229,-0.0238,-1.1426,0.0175,0.6763,0.0224,0.1805,-0.2131,0.0475,0.1643,-0.1164,-0.0095,0.0173,-0.0073,0.0236,-0.0025,-0.0268,0.6667,0.0000,1.0000,0.0000,3.3205,4.3762,-0.0954,-1.1537,0.1064,0.6290,-0.0017,-0.0039,-0.1986,0.0328,0.1569,-0.1315
1786060549.4546,3.2610,3.8229,-0.0242,-1.1424,0.0175,0.6763,0.0224,0.1805,-0.2139,0.0480,0.1643,-0.1164,-0.0095,0.0173,-0.0071,0.0234,-0.0025,-0.0268,0.6667,0.0000,1.0000,0.0000,3.3205,4.3762,-0.0954,-1.1537,0.1064,0.6290,-0.0017,-0.0039,-0.1986,0.0328,0.1569,-0.1315
1786060549.5046,3.2610,3.8229,-0.0387,-1.1454,0.0175,0.6763,0.0224,0.1805,-0.1899,0.0231,0.1643,-0.1164,-0.0095,0.0173,-0.0116,0.0270,-0.0025,-0.0268,0.6667,0.0000,1.0000,0.0000,3.3203,4.3757,-0.1152,-1.1507,0.1220,0.6157,-0.0021,-0.0048,-0.1972,0.0280,0.1556,-0.1342
1786060549.5546,3.2610,3.8229,-0.0385,-1.1454,0.0297,0.6663,0.0224,0.1805,-0.1895,0.0228,0.1490,-0.1101,-0.0095,0.0173,-0.0116,0.0270,-0.0031,-0.0290,0.6667,0.0000,1.0000,1.0000,3.3203,4.3757,-0.1152,-1.1507,0.1220,0.6157,-0.0021,-0.0048,-0.1972,0.0280,0.1556,-0.1342
1786060549.6046,3.2610,3.8229,-0.0511,-1.1439,0.0469,0.6550,0.0224,0.1805,-0.1749,0.0210,0.1604,-0.1141,-0.0095,0.0173,-0.0123,0.0292,-0.0026,-0.0273,0.6667,0.0000,1.0000,0.0000,3.3201,4.3752,-0.1349,-1.1480,0.1375,0.6022,-0.0036,-0.0046,-0.1968,0.0257,0.1535,-0.1359
1786060549.6547,3.2610,3.8229,-0.0511,-1.1439,0.0469,0.6550,0.0224,0.1805,-0.1749,0.0210,0.1604,-0.1141,-0.0095,0.0173,-0.0123,0.0291,-0.0025,-0.0273,0.6667,0.0000,1.0000,0.0000,3.3201,4.3752,-0.1349,-1.1480,0.1375,0.6022,-0.0036,-0.0046,-0.1968,0.0257,0.1535,-0.1359
1786060549.7046,3.2610,3.8229,-0.0672,-1.1518,0.0675,0.6425,0.0224,0.1805,-0.1696,-0.0102,0.1735,-0.1168,-0.0095,0.0173,-0.0176,0.0288,-0.0021,-0.0255,0.6667,0.0000,1.0000,0.0000,3.3196,4.3748,-0.1546,-1.1453,0.1527,0.5886,-0.0048,-0.0032,-0.1972,0.0289,0.1506,-0.1358
1786060549.7546,3.2610,3.8229,-0.0672,-1.1518,0.0675,0.6425,0.0224,0.1805,-0.1696,-0.0102,0.1735,-0.1168,-0.0095,0.0173,-0.0175,0.0287,-0.0021,-0.0256,0.6667,0.0000,1.0000,0.0000,3.3196,4.3748,-0.1546,-1.1453,0.1527,0.5886,-0.0048,-0.0032,-0.1972,0.0289,0.1506,-0.1358
1786060549.8044,3.2610,3.8229,-0.0807,-1.1546,0.0855,0.6295,0.0224,0.1805,-0.1575,-0.0158,0.1745,-0.1202,-0.0095,0.0173,-0.0193,0.0302,-0.0024,-0.0249,0.6667,0.0000,1.0000,1.0000,3.3191,4.3746,-0.1743,-1.1420,0.1676,0.5750,-0.0048,-0.0021,-0.1975,0.0362,0.1475,-0.1351
1786060549.8547,3.2610,3.8229,-0.0807,-1.1546,0.0855,0.6295,0.0224,0.1805,-0.1576,-0.0158,0.1745,-0.1202,-0.0095,0.0173,-0.0192,0.0302,-0.0023,-0.0249,0.6667,0.0000,1.0000,0.0000,3.3191,4.3746,-0.1743,-1.1420,0.1676,0.5750,-0.0048,-0.0021,-0.1975,0.0362,0.1475,-0.1351
1786060549.9045,3.2610,3.8229,-0.0939,-1.1595,0.1002,0.6164,0.0224,0.1805,-0.1480,-0.0259,0.1644,-0.1223,-0.0095,0.0173,-0.0218,0.0306,-0.0030,-0.0255,0.6667,0.0000,1.0000,1.0000,3.3186,4.3744,-0.1941,-1.1380,0.1821,0.5615,-0.0069,-0.0027,-0.1999,0.0438,0.1421,-0.1358
1786060549.9547,3.2610,3.8229,-0.0939,-1.1595,0.1002,0.6164,0.0224,0.1805,-0.1480,-0.0259,0.1644,-0.1223,-0.0095,0.0173,-0.0218,0.0305,-0.0030,-0.0255,0.6667,0.0000,1.0000,1.0000,3.3186,4.3744,-0.1941,-1.1380,0.1821,0.5615,-0.0069,-0.0027,-0.1999,0.0438,0.1421,-0.1358
1786060550.0046,3.2610,3.8229,-0.1116,-1.1599,0.1002,0.6164,0.0224,0.1805,-0.1592,-0.0197,0.1644,-0.1223,-0.0095,0.0173,-0.0198,0.0294,-0.0030,-0.0255,0.6667,0.0000,1.0000,0.0000,3.3168,4.3740,-0.2152,-1.1333,0.1950,0.5478,-0.0321,-0.0052,-0.2246,0.0488,0.1148,-0.1388
1786060550.0546,3.2610,3.8229,-0.1117,-1.1599,0.1188,0.6022,0.0224,0.1805,-0.1594,-0.0196,0.1734,-0.1302,-0.0095,0.0173,-0.0198,0.0294,-0.0033,-0.0235,0.6667,0.0000,1.0000,0.0000,3.3168,4.3740,-0.2152,-1.1333,0.1950,0.5478,-0.0321,-0.0052,-0.2246,0.0488,0.1148,-0.1388
1786060550.1047,3.2610,3.8229,-0.1117,-1.1599,0.1188,0.6022,0.0224,0.1805,-0.1594,-0.0196,0.1734,-0.1302,-0.0095,0.0173,-0.0198,0.0294,-0.0033,-0.0235,0.6667,0.0000,1.0000,0.0000,3.3112,4.3733,-0.2400,-1.1282,0.2041,0.5337,-0.0754,-0.0077,-0.2669,0.0525,0.0701,-0.1423
1786060550.1546,3.2610,3.8229,-0.1356,-1.1552,0.1314,0.5891,0.0224,0.1805,-0.1830,0.0014,0.1571,-0.1294,-0.0095,0.0173,-0.0148,0.0275,-0.0040,-0.0250,0.6667,0.0000,1.0000,0.0000,3.3112,4.3733,-0.2400,-1.1282,0.2041,0.5337,-0.0754,-0.0077,-0.2669,0.0525,0.0701,-0.1423
1786060550.2046,3.2610,3.8229,-0.1356,-1.1552,0.1314,0.5891,0.0224,0.1805,-0.1830,0.0014,0.1571,-0.1294,-0.0095,0.0173,-0.0149,0.0276,-0.0040,-0.0249,0.6667,0.0000,1.0000,0.0000,3.3015,4.3730,-0.2688,-1.1223,0.2100,0.5230,-0.1133,0.0010,-0.3040,0.0667,0.0515,-0.0778
1786060550.2546,3.2610,3.8229,-0.1645,-1.1533,0.1468,0.5767,0.0224,0.1805,-0.2146,0.0069,0.1550,-0.1268,-0.0095,0.0173,-0.0114,0.0238,-0.0038,-0.0254,0.6667,0.0000,1.0000,1.0000,3.3015,4.3730,-0.2688,-1.1223,0.2100,0.5230,-0.1133,0.0010,-0.3040,0.0667,0.0515,-0.0778
1786060550.3047,3.2610,3.8229,-0.1645,-1.1533,0.1468,0.5767,0.0224,0.1805,-0.2146,0.0069,0.1550,-0.1268,-0.0095,0.0173,-0.0116,0.0239,-0.0038,-0.0254,0.6667,0.0000,1.0000,1.0000,3.2888,4.3736,-0.3005,-1.1147,0.2139,0.5159,-0.1334,0.0126,-0.3236,0.0839,0.0337,-0.0603
1786060550.3546,3.2610,3.8229,-0.1882,-1.1517,0.1606,0.5671,0.0224,0.1805,-0.2267,0.0097,0.1532,-0.1199,-0.0095,0.0173,-0.0099,0.0227,-0.0033,-0.0264,0.6667,0.0000,1.0000,0.0000,3.2888,4.3736,-0.3005,-1.1147,0.2139,0.5159,-0.1334,0.0126,-0.3236,0.0839,0.0337,-0.0603
1786060550.4046,3.2610,3.8229,-0.1882,-1.1517,0.1606,0.5671,0.0224,0.1805,-0.2267,0.0097,0.1532,-0.1199,-0.0095,0.0173,-0.0099,0.0227,-0.0033,-0.0264,0.6667,0.0000,1.0000,0.0000,3.2756,4.3759,-0.3328,-1.1050,0.2175,0.5104,-0.1290,0.0332,-0.3186,0.1094,0.0433,-0.0486
1786060550.4546,3.2610,3.8229,-0.2145,-1.1378,0.1718,0.5588,0.0224,0.1805,-0.2351,0.0503,0.1384,-0.1070,-0.0095,0.0173,-0.0047,0.0217,-0.0038,-0.0295,0.6667,0.0000,1.0000,0.0000,3.2756,4.3759,-0.3328,-1.1050,0.2175,0.5104,-0.1290,0.0332,-0.3186,0.1094,0.0433,-0.0486
1786060550.5046,3.2610,3.8229,-0.2145,-1.1378,0.1718,0.5588,0.0224,0.1805,-0.2351,0.0503,0.1384,-0.1070,-0.0095,0.0173,-0.0048,0.0218,-0.0038,-0.0294,0.6667,0.0000,1.0000,0.0000,3.2637,4.3805,-0.3636,-1.0926,0.2235,0.5059,-0.1091,0.0561,-0.2975,0.1359,0.0738,-0.0418
1786060550.5546,3.2610,3.8229,-0.2461,-1.1249,0.1833,0.5476,0.0224,0.1805,-0.2560,0.0739,0.1287,-0.1065,-0.0095,0.0173,-0.0000,0.0187,-0.0051,-0.0302,0.6667,0.0000,1.0000,0.0000,3.2637,4.3805,-0.3636,-1.0926,0.2235,0.5059,-0.1091,0.0561,-0.2975,0.1359,0.0738,-0.0418
1786060550.6046,3.2610,3.8229,-0.2461,-1.1249,0.1833,0.5476,0.0224,0.1805,-0.2560,0.0739,0.1287,-0.1065,-0.0095,0.0173,-0.0002,0.0188,-0.0052,-0.0302,0.6667,0.0000,1.0000,0.0000,3.2540,4.3873,-0.3920,-1.0777,0.2326,0.5021,-0.0878,0.0761,-0.2744,0.1577,0.1026,-0.0338
1786060550.6545,3.2610,3.8229,-0.2765,-1.1048,0.1941,0.5386,0.0224,0.1805,-0.2761,0.1150,0.1245,-0.1035,-0.0095,0.0173,0.0061,0.0141,-0.0056,-0.0310,0.6667,0.0000,1.0000,1.0000,3.2540,4.3873,-0.3920,-1.0777,0.2326,0.5021,-0.0878,0.0761,-0.2744,0.1577,0.1026,-0.0338
1786060550.7047,3.2610,3.8229,-0.2765,-1.1048,0.1941,0.5386,0.0224,0.1805,-0.2761,0.1150,0.1245,-0.1035,-0.0095,0.0173,0.0059,0.0143,-0.0056,-0.0310,0.6667,0.0000,1.0000,1.0000,3.2460,4.3957,-0.4186,-1.0612,0.2438,0.4990,-0.0757,0.0890,-0.2610,0.1695,0.1167,-0.0285
1786060550.7546,3.2610,3.8229,-0.3101,-1.0912,0.2049,0.5303,0.0224,0.1805,-0.2867,0.1183,0.1157,-0.0940,-0.0095,0.0173,0.0075,0.0132,-0.0066,-0.0333,0.6667,0.0000,1.0000,0.0000,3.2460,4.3957,-0.4186,-1.0612,0.2438,0.4990,-0.0757,0.0890,-0.2610,0.1695,0.1167,-0.0285
1786060550.8047,3.2610,3.8229,-0.3101,-1.0912,0.2049,0.5303,0.0224,0.1805,-0.2867,0.1183,0.1157,-0.0940,-0.0095,0.0173,0.0074,0.0132,-0.0067,-0.0332,0.6667,0.0000,1.0000,0.0000,3.2385,4.4050,-0.4446,-1.0440,0.2553,0.4967,-0.0764,0.0950,-0.2614,0.1725,0.1111,-0.0207
1786060550.8547,3.2610,3.8229,-0.3355,-1.0854,0.2138,0.5244,0.0224,0.1805,-0.2825,0.1019,0.1100,-0.0852,-0.0095,0.0173,0.0055,0.0150,-0.0073,-0.0354,0.6667,0.0000,1.0000,0.0000,3.2385,4.4050,-0.4446,-1.0440,0.2553,0.4967,-0.0764,0.0950,-0.2614,0.1725,0.1111,-0.0207
1786060550.9046,3.2610,3.8229,-0.3355,-1.0854,0.2138,0.5244,0.0224,0.1805,-0.2825,0.1019,0.1100,-0.0852,-0.0095,0.0173,0.0056,0.0149,-0.0074,-0.0354,0.6667,0.0000,1.0000,0.0000,3.2304,4.4143,-0.4712,-1.0271,0.2654,0.4942,-0.0834,0.0916,-0.2690,0.1653,0.0967,-0.0243
1786060550.9546,3.2610,3.8229,-0.3604,-1.0851,0.2222,0.5191,0.0224,0.1805,-0.2692,0.0699,0.1007,-0.0740,-0.0095,0.0173,0.0010,0.0181,-0.0090,-0.0388,0.6667,0.0000,1.0000,0.0000,3.2304,4.4143,-0.4712,-1.0271,0.2654,0.4942,-0.0834,0.0916,-0.2690,0.1653,0.0967,-0.0243
1786060551.0046,3.2610,3.8229,-0.3604,-1.0851,0.2222,0.5191,0.0224,0.1805,-0.2692,0.0699,0.1007,-0.0740,-0.0095,0.0173,0.0012,0.0181,-0.0092,-0.0387,0.6667,0.0000,1.0000,0.0000,3.2218,4.4229,-0.4983,-1.0113,0.2751,0.4914,-0.0876,0.0798,-0.2735,0.1510,0.0961,-0.0365
1786060551.0546,3.2610,3.8229,-0.3831,-1.0823,0.2222,0.5191,0.0224,0.1805,-0.2613,0.0583,0.1007,-0.0740,-0.0095,0.0173,-0.0009,0.0194,-0.0092,-0.0387,0.6667,0.0000,1.0000,0.0000,3.2218,4.4229,-0.4983,-1.0113,0.2751,0.4914,-0.0876,0.0798,-0.2735,0.1510,0.0961,-0.0365
1786060551.1046,3.2610,3.8229,-0.3831,-1.0823,0.2297,0.5148,0.0224,0.1805,-0.2612,0.0582,0.0944,-0.0657,-0.0095,0.0173,-0.0009,0.0193,-0.0105,-0.0417,0.6667,0.0000,1.0000,0.0000,3.2131,4.4300,-0.5257,-0.9971,0.2848,0.4865,-0.0871,0.0647,-0.2727,0.1360,0.0985,-0.0594
1786060551.1546,3.2610,3.8229,-0.4081,-1.0728,0.2382,0.5104,0.0224,0.1805,-0.2540,0.0690,0.0905,-0.0582,-0.0095,0.0173,-0.0007,0.0197,-0.0112,-0.0444,0.6667,0.0000,1.0000,0.0000,3.2131,4.4300,-0.5257,-0.9971,0.2848,0.4865,-0.0871,0.0647,-0.2727,0.1360,0.0985,-0.0594
1786060551.2047,3.2610,3.8229,-0.4081,-1.0728,0.2382,0.5104,0.0224,0.1805,-0.2540,0.0690,0.0905,-0.0582,-0.0095,0.0173,-0.0007,0.0197,-0.0113,-0.0443,0.6667,0.0000,1.0000,0.0000,3.2045,4.4359,-0.5528,-0.9839,0.2946,0.4796,-0.0854,0.0551,-0.2701,0.1300,0.0962,-0.0747
1786060551.2546,3.2610,3.8229,-0.4315,-1.0662,0.2468,0.5064,0.0224,0.1805,-0.2531,0.0693,0.0907,-0.0536,-0.0095,0.0173,-0.0007,0.0198,-0.0104,-0.0458,0.6667,0.0000,1.0000,0.0000,3.2045,4.4359,-0.5528,-0.9839,0.2946,0.4796,-0.0854,0.0551,-0.2701,0.1300,0.0962,-0.0747
1786060551.3048,3.2610,3.8229,-0.4315,-1.0662,0.2468,0.5064,0.0224,0.1805,-0.2531,0.0693,0.0907,-0.0536,-0.0095,0.0173,-0.0007,0.0198,-0.0104,-0.0457,0.6667,0.0000,1.0000,0.0000,3.1959,4.4414,-0.5798,-0.9706,0.3036,0.4721,-0.0862,0.0567,-0.2700,0.1375,0.0848,-0.0718
1786060551.3546,3.2610,3.8229,-0.4566,-1.0590,0.2563,0.5020,0.0224,0.1805,-0.2477,0.0687,0.0903,-0.0496,-0.0095,0.0173,-0.0013,0.0205,-0.0097,-0.0470,0.6667,0.0000,1.0000,1.0000,3.1959,4.4414,-0.5798,-0.9706,0.3036,0.4721,-0.0862,0.0567,-0.2700,0.1375,0.0848,-0.0718
1786060551.4047,3.2610,3.8229,-0.4566,-1.0590,0.2563,0.5020,0.0224,0.1805,-0.2477,0.0687,0.0903,-0.0496,-0.0095,0.0173,-0.0013,0.0205,-0.0096,-0.0469,0.6667,0.0000,1.0000,1.0000,3.1872,4.4476,-0.6068,-0.9559,0.3114,0.4656,-0.0870,0.0689,-0.2699,0.1562,0.0739,-0.0568
1786060551.4545,3.2610,3.8229,-0.4809,-1.0465,0.2649,0.4979,0.0224,0.1805,-0.2514,0.0878,0.0908,-0.0481,-0.0095,0.0173,0.0011,0.0191,-0.0090,-0.0473,0.6667,0.0000,1.0000,0.0000,3.1872,4.4476,-0.6068,-0.9559,0.3114,0.4656,-0.0870,0.0689,-0.2699,0.1562,0.0739,-0.0568
1786060551.5047,3.2610,3.8229,-0.4809,-1.0465,0.2649,0.4979,0.0224,0.1805,-0.2514,0.0878,0.0908,-0.0481,-0.0095,0.0173,0.0011,0.0192,-0.0090,-0.0473,0.6667,0.0000,1.0000,0.0000,3.1787,4.4553,-0.6336,-0.9392,0.3188,0.4603,-0.0830,0.0826,-0.2647,0.1757,0.0742,-0.0498
1786060551.5546,3.2610,3.8229,-0.5099,-1.0323,0.2741,0.4931,0.0224,0.1805,-0.2604,0.1038,0.0901,-0.0475,-0.0095,0.0173,0.0037,0.0173,-0.0092,-0.0477,0.6667,0.0000,1.0000,0.0000,3.1787,4.4553,-0.6336,-0.9392,0.3188,0.4603,-0.0830,0.0826,-0.2647,0.1757,0.0742,-0.0498
1786060551.6046,3.2610,3.8229,-0.5099,-1.0323,0.2741,0.4931,0.0224,0.1805,-0.2604,0.1038,0.0901,-0.0475,-0.0095,0.0173,0.0036,0.0173,-0.0092,-0.0477,0.6667,0.0000,1.0000,0.0000,3.1708,4.4640,-0.6595,-0.9209,0.3265,0.4551,-0.0742,0.0882,-0.2544,0.1866,0.0790,-0.0531
1786060551.6545,3.2610,3.8229,-0.5346,-1.0216,0.2830,0.4878,0.0224,0.1805,-0.2539,0.1039,0.0890,-0.0488,-0.0095,0.0173,0.0030,0.0181,-0.0100,-0.0476,0.6667,0.0000,1.0000,0.0000,3.1708,4.4640,-0.6595,-0.9209,0.3265,0.4551,-0.0742,0.0882,-0.2544,0.1866,0.0790,-0.0531
1786060551.7047,3.2610,3.8229,-0.5346,-1.0216,0.2830,0.4878,0.0224,0.1805,-0.2539,0.1039,0.0890,-0.0488,-0.0095,0.0173,0.0030,0.0180,-0.0101,-0.0476,0.6667,0.0000,1.0000,0.0000,3.1639,4.4727,-0.6843,-0.9021,0.3344,0.4493,-0.0656,0.0852,-0.2442,0.1889,0.0783,-0.0563
1786060551.7545,3.2610,3.8229,-0.5547,-1.0099,0.2907,0.4826,0.0224,0.1805,-0.2435,0.1106,0.0877,-0.0508,-0.0095,0.0173,0.0028,0.0186,-0.0111,-0.0473,0.6667,0.0000,1.0000,0.0000,3.1639,4.4727,-0.6843,-0.9021,0.3344,0.4493,-0.0656,0.0852,-0.2442,0.1889,0.0783,-0.0563
1786060551.8047,3.2610,3.8229,-0.5547,-1.0099,0.2907,0.4826,0.0224,0.1805,-0.2435,0.1106,0.0877,-0.0508,-0.0095,0.0173,0.0028,0.0186,-0.0112,-0.0474,0.6667,0.0000,1.0000,0.0000,3.1574,4.4808,-0.7086,-0.8833,0.3417,0.4436,-0.0650,0.0775,-0.2425,0.1861,0.0687,-0.0594
1786060551.8546,3.2610,3.8229,-0.5803,-0.9843,0.2995,0.4768,0.0224,0.1805,-0.2445,0.1546,0.0866,-0.0524,-0.0095,0.0173,0.0072,0.0142,-0.0121,-0.0471,0.6667,0.0000,1.0000,1.0000,3.1574,4.4808,-0.7086,-0.8833,0.3417,0.4436,-0.0650,0.0775,-0.2425,0.1861,0.0687,-0.0594
1786060551.9047,3.2610,3.8229,-0.5803,-0.9843,0.2995,0.4768,0.0224,0.1805,-0.2445,0.1546,0.0866,-0.0524,-0.0095,0.0173,0.0071,0.0144,-0.0122,-0.0471,0.6667,0.0000,1.0000,1.0000,3.1507,4.4883,-0.7331,-0.8647,0.3478,0.4378,-0.0708,0.0750,-0.2472,0.1878,0.0548,-0.0572
1786060551.9547,3.2610,3.8229,-0.6116,-0.9570,0.2995,0.4768,0.0224,0.1805,-0.2635,0.1899,0.0866,-0.0524,-0.0095,0.0173,0.0117,0.0087,-0.0122,-0.0471,0.6667,0.0000,1.0000,0.0000,3.1507,4.4883,-0.7331,-0.8647,0.3478,0.4378,-0.0708,0.0750,-0.2472,0.1878,0.0548,-0.0572
1786060552.0046,3.2610,3.8229,-0.6116,-0.9570,0.3080,0.4714,0.0224,0.1805,-0.2634,0.1899,0.0852,-0.0524,-0.0095,0.0173,0.0116,0.0089,-0.0128,-0.0475,0.6667,0.0000,1.0000,1.0000,3.1432,4.4961,-0.7582,-0.8455,0.3526,0.4326,-0.0778,0.0796,-0.2527,0.1950,0.0430,-0.0486
1786060552.0545,3.2610,3.8229,-0.6430,-0.9281,0.3165,0.4669,0.0224,0.1805,-0.2802,0.2216,0.0853,-0.0505,-0.0095,0.0173,0.0152,0.0041,-0.0124,-0.0481,0.6667,0.0000,1.0000,0.0000,3.1432,4.4961,-0.7582,-0.8455,0.3526,0.4326,-0.0778,0.0796,-0.2527,0.1950,0.0430,-0.0486
1786060552.1047,3.2610,3.8229,-0.6430,-0.9281,0.3165,0.4669,0.0224,0.1805,-0.2802,0.2216,0.0853,-0.0505,-0.0095,0.0173,0.0151,0.0042,-0.0124,-0.0481,0.6667,0.0000,1.0000,0.0000,3.1353,4.5044,-0.7834,-0.8256,0.3569,0.4281,-0.0777,0.0872,-0.2506,0.2031,0.0456,-0.0430
1786060552.1547,3.2610,3.8229,-0.6750,-0.8998,0.3253,0.4625,0.0224,0.1805,-0.2893,0.2380,0.0851,-0.0478,-0.0095,0.0173,0.0167,0.0019,-0.0119,-0.0492,0.6667,0.0000,1.0000,1.0000,3.1353,4.5044,-0.7834,-0.8256,0.3569,0.4281,-0.0777,0.0872,-0.2506,0.2031,0.0456,-0.0430
1786060552.2046,3.2610,3.8229,-0.6750,-0.8998,0.3253,0.4625,0.0224,0.1805,-0.2893,0.2380,0.0851,-0.0478,-0.0095,0.0173,0.0166,0.0020,-0.0119,-0.0491,0.6667,0.0000,1.0000,1.0000,3.1279,4.5135,-0.8080,-0.8050,0.3620,0.4237,-0.0705,0.0917,-0.2420,0.2061,0.0569,-0.0454
1786060552.2546,3.2610,3.8229,-0.7003,-0.8810,0.3331,0.4588,0.0224,0.1805,-0.2788,0.2230,0.0833,-0.0443,-0.0095,0.0173,0.0152,0.0044,-0.0119,-0.0508,0.6667,0.0000,1.0000,0.0000,3.1279,4.5135,-0.8080,-0.8050,0.3620,0.4237,-0.0705,0.0917,-0.2420,0.2061,0.0569,-0.0454
1786060552.3046,3.2610,3.8229,-0.7003,-0.8810,0.3331,0.4588,0.0224,0.1805,-0.2788,0.2230,0.0833,-0.0443,-0.0095,0.0173,0.0152,0.0043,-0.0120,-0.0507,0.6667,0.0000,1.0000,0.0000,3.1213,4.5227,-0.8317,-0.7845,0.3685,0.4187,-0.0616,0.0926,-0.2326,0.2047,0.0706,-0.0532
1786060552.3546,3.2610,3.8229,-0.7208,-0.8643,0.3404,0.4552,0.0224,0.1805,-0.2596,0.2090,0.0812,-0.0424,-0.0095,0.0173,0.0130,0.0073,-0.0127,-0.0521,0.6667,0.0000,1.0000,1.0000,3.1213,4.5227,-0.8317,-0.7845,0.3685,0.4187,-0.0616,0.0926,-0.2326,0.2047,0.0706,-0.0532
1786060552.4047,3.2610,3.8229,-0.7208,-0.8643,0.3404,0.4552,0.0224,0.1805,-0.2596,0.2090,0.0812,-0.0424,-0.0095,0.0173,0.0130,0.0072,-0.0128,-0.0520,0.6667,0.0000,1.0000,1.0000,3.1155,4.5319,-0.8547,-0.7642,0.3757,0.4132,-0.0576,0.0920,-0.2292,0.2019,0.0696,-0.0542
1786060552.4546,0.3470,0.4507,-0.7481,-0.8402,0.3480,0.4508,0.0000,0.0000,-0.2608,0.2164,0.0786,-0.0426,0.3000,-0.3000,0.0139,0.0065,-0.0056,-0.0580,1.0000,0.0000,1.0000,1.0000,3.1155,4.5319,-0.8547,-0.7642,0.3757,0.4132,-0.0576,0.0920,-0.2292,0.2019,0.0696,-0.0542
1786060552.5046,0.3470,0.4507,-0.7481,-0.8402,0.3480,0.4508,0.0000,0.0000,-0.2608,0.2164,0.0786,-0.0426,0.0070,-0.0022,0.0139,0.0065,-0.0044,-0.0555,1.0000,0.0000,1.0000,1.0000,3.1096,4.5411,-0.8777,-0.7440,0.3819,0.4079,-0.0596,0.0922,-0.2319,0.2009,0.0557,-0.0497
1786060552.5546,0.3470,0.4507,-0.7481,-0.8402,0.3480,0.4508,0.0000,0.0000,-0.2608,0.2164,0.0786,-0.0426,-0.3000,-0.3000,0.0139,0.0065,-0.0050,-0.0574,1.0000,0.0000,1.0000,1.0000,3.1096,4.5411,-0.8777,-0.7440,0.3819,0.4079,-0.0596,0.0922,-0.2319,0.2009,0.0557,-0.0497
1786060552.6313,0.3470,0.4507,-0.7481,-0.8402,0.3480,0.4508,0.0000,0.0000,-0.2608,0.2164,0.0786,-0.0426,0.0324,-0.0592,0.0139,0.0065,-0.0038,-0.0538,1.0000,0.0000,1.0000,1.0000,3.1096,4.5411,-0.8777,-0.7440,0.3819,0.4079,-0.0596,0.0922,-0.2319,0.2009,0.0557,-0.0497
1786060552.6925,0.3543,0.4483,-0.7786,-0.8156,0.3480,0.4508,0.0602,-0.0200,-0.2787,0.2291,0.0786,-0.0426,0.0163,-0.0182,0.0161,0.0040,-0.0222,-0.0580,1.0000,1.0000,1.0000,0.0000,3.1035,4.5503,-0.9011,-0.7239,0.3865,0.4031,-0.0628,0.0920,-0.2355,0.2010,0.0391,-0.0464
1786060552.7081,0.3543,0.4483,-0.7786,-0.8156,0.3556,0.4472,0.0602,-0.0200,-0.2787,0.2290,0.0792,-0.0411,0.0011,-0.0212,0.0160,0.0041,-0.0090,-0.0617,1.0000,0.0000,1.0000,1.0000,3.1035,4.5503,-0.9011,-0.7239,0.3865,0.4031,-0.0628,0.0920,-0.2355,0.2010,0.0391,-0.0464
1786060552.7552,0.3630,0.4437,-0.8106,-0.7957,0.3556,0.4472,0.0613,-0.0286,-0.2556,0.1902,0.0792,-0.0411,0.0179,-0.0215,0.0118,0.0105,-0.0240,-0.0525,1.0000,1.0000,1.0000,0.0000,3.0973,4.5594,-0.9246,-0.7038,0.3900,0.3983,-0.0591,0.0904,-0.2330,0.2028,0.0342,-0.0448
1786060552.8046,0.3630,0.4437,-0.8104,-0.7958,0.3648,0.4425,0.0613,-0.0286,-0.2560,0.1906,0.0730,-0.0378,0.0011,-0.0142,0.0120,0.0103,-0.0113,-0.0651,1.0000,0.0000,1.0000,1.0000,3.0973,4.5594,-0.9246,-0.7038,0.3900,0.3983,-0.0591,0.0904,-0.2330,0.2028,0.0342,-0.0448
1786060552.8552,0.3630,0.4437,-0.8104,-0.7958,0.3648,0.4425,0.0613,-0.0286,-0.2560,0.1906,0.0730,-0.0378,0.0004,-0.0149,0.0120,0.0103,-0.0102,-0.0632,1.0000,0.0000,1.0000,1.0000,3.0973,4.5594,-0.9246,-0.7038,0.3900,0.3983,-0.0591,0.0904,-0.2330,0.2028,0.0342,-0.0448
1786060552.9046,0.3696,0.4398,-0.8322,-0.7902,0.3648,0.4425,0.0590,-0.0309,-0.2297,0.1377,0.0730,-0.0378,0.0179,-0.0215,0.0053,0.0189,-0.0272,-0.0544,1.0000,1.0000,1.0000,0.0000,3.0919,4.5681,-0.9475,-0.6835,0.3936,0.3934,-0.0509,0.0838,-0.2244,0.2039,0.0404,-0.0496
1786060552.9545,0.3696,0.4398,-0.8322,-0.7902,0.3648,0.4425,0.0590,-0.0309,-0.2297,0.1377,0.0730,-0.0378,0.0181,-0.0221,0.0055,0.0187,-0.0286,-0.0553,1.0000,1.0000,1.0000,0.0000,3.0919,4.5681,-0.9475,-0.6835,0.3936,0.3934,-0.0509,0.0838,-0.2244,0.2039,0.0404,-0.0496
1786060553.0045,0.3696,0.4398,-0.8350,-0.7893,0.3720,0.4384,0.0590,-0.0309,-0.2096,0.1193,0.0605,-0.0324,0.0020,-0.0116,0.0025,0.0227,-0.0223,-0.0738,1.0000,0.0000,1.0000,1.0000,3.0871,4.5760,-0.9694,-0.6630,0.3979,0.3879,-0.0455,0.0760,-0.2155,0.2056,0.0478,-0.0546
1786060553.0620,0.3696,0.4398,-0.8350,-0.7893,0.3720,0.4384,0.0590,-0.0309,-0.2096,0.1193,0.0605,-0.0324,0.0014,-0.0123,0.0026,0.0226,-0.0221,-0.0710,1.0000,0.0000,1.0000,1.0000,3.0871,4.5760,-0.9694,-0.6630,0.3979,0.3879,-0.0455,0.0760,-0.2155,0.2056,0.0478,-0.0546
1786060553.1046,0.3752,0.4363,-0.8523,-0.7784,0.3720,0.4384,0.0514,-0.0287,-0.1946,0.1151,0.0605,-0.0324,0.0169,-0.0207,0.0019,0.0247,-0.0384,-0.0626,1.0000,1.0000,1.0000,0.0000,3.0871,4.5760,-0.9694,-0.6630,0.3979,0.3879,-0.0455,0.0760,-0.2155,0.2056,0.0478,-0.0546
1786060553.1547,0.3819,0.4323,-0.8649,-0.7508,0.3720,0.4384,0.0457,-0.0262,-0.1332,0.1407,0.0605,-0.0324,0.0154,-0.0247,0.0067,0.0264,-0.0397,-0.0605,1.0000,1.0000,1.0000,0.0000,3.0827,4.5858,-0.9738,-0.6533,0.3935,0.3976,-0.0421,0.0791,-0.2120,0.2086,0.0512,-0.0515
1786060553.2269,0.3819,0.4323,-0.8649,-0.7508,0.3720,0.4384,0.0457,-0.0262,-0.1332,0.1407,0.0605,-0.0324,0.0157,-0.0240,0.0068,0.0264,-0.0398,-0.0607,1.0000,1.0000,1.0000,0.0000,3.0827,4.5858,-0.9738,-0.6533,0.3935,0.3976,-0.0421,0.0791,-0.2120,0.2086,0.0512,-0.0515
1786060553.2959,0.3819,0.4323,-0.8569,-0.7755,0.3779,0.4346,0.0457,-0.0262,-0.1409,0.0840,0.0394,-0.0231,0.0162,-0.0228,0.0017,0.0343,-0.0725,-0.0802,1.0000,0.0000,1.0000,1.0000,3.0826,4.5835,-0.9907,-0.6422,0.4026,0.3822,-0.0445,0.0741,-0.2102,0.2110,0.0484,-0.0555
1786060553.3517,0.3822,0.4321,-0.8647,-0.7486,0.3779,0.4346,0.0421,-0.0244,-0.1137,0.1369,0.0394,-0.0231,0.0157,-0.0225,0.0083,0.0272,-0.0828,-0.0715,1.0000,1.0000,1.0000,0.0000,3.0826,4.5835,-0.9907,-0.6422,0.4026,0.3822,-0.0445,0.0741,-0.2102,0.2110,0.0484,-0.0555
1786060553.4171,0.3867,0.4289,-0.8800,-0.7269,0.3779,0.4346,0.0427,-0.0265,-0.1278,0.1597,0.0394,-0.0231,0.0161,-0.0223,0.0079,0.0237,-0.0867,-0.0715,1.0000,1.0000,1.0000,0.0000,3.0781,4.5912,-1.0116,-0.6205,0.4074,0.3770,-0.0446,0.0802,-0.2086,0.2217,0.0467,-0.0481
1786060553.4545,0.3874,0.4283,-0.8813,-0.7220,0.3779,0.4346,0.0330,-0.0215,-0.0967,0.1367,0.0394,-0.0231,0.0148,-0.0222,0.0103,0.0275,-0.0880,-0.0708,1.0000,0.0000,1.0000,0.0000,3.0781,4.5912,-1.0116,-0.6205,0.4074,0.3770,-0.0446,0.0802,-0.2086,0.2217,0.0467,-0.0481
1786060553.5053,0.3874,0.4283,-0.8617,-0.7463,0.3828,0.4314,0.0330,-0.0215,-0.0587,0.1145,0.0272,-0.0169,0.0152,-0.0212,0.0158,0.0277,-0.1283,-0.0650,1.0000,0.0000,1.0000,1.0000,3.0738,4.5995,-1.0324,-0.5977,0.4119,0.3726,-0.0412,0.0853,-0.2070,0.2319,0.0445,-0.0417
1786060553.5545,0.3874,0.4283,-0.8617,-0.7463,0.3828,0.4314,0.0330,-0.0215,-0.0587,0.1145,0.0272,-0.0169,0.0151,-0.0214,0.0159,0.0275,-0.1345,-0.0390,1.0000,0.0000,1.0000,1.0000,3.0738,4.5995,-1.0324,-0.5977,0.4119,0.3726,-0.0412,0.0853,-0.2070,0.2319,0.0445,-0.0417
1786060553.6045,0.3929,0.4247,-0.9046,-0.6987,0.3828,0.4314,0.0310,-0.0203,-0.1127,0.1303,0.0272,-0.0169,0.0142,-0.0228,0.0090,0.0289,-0.1574,-0.0434,1.0000,1.0000,1.0000,0.0000,3.0701,4.6080,-1.0529,-0.5742,0.4164,0.3683,-0.0347,0.0821,-0.2042,0.2372,0.0432,-0.0443
1786060553.6546,0.3980,0.4212,-0.9276,-0.6837,0.3828,0.4314,0.0371,-0.0247,-0.1451,0.1376,0.0272,-0.0169,0.0160,-0.0213,0.0063,0.0267,-0.1391,-0.0172,1.0000,1.0000,1.0000,0.0000,3.0701,4.6080,-1.0529,-0.5742,0.4164,0.3683,-0.0347,0.0821,-0.2042,0.2372,0.0432,-0.0443
1786060553.7045,0.4027,0.4173,-0.9458,-0.6837,0.3828,0.4314,0.0389,-0.0283,-0.1512,0.0893,0.0272,-0.0169,0.0174,-0.0195,0.0014,0.0328,-0.1844,-0.0500,1.0000,0.0000,1.0000,0.0000,3.0701,4.6080,-1.0529,-0.5742,0.4164,0.3683,-0.0347,0.0821,-0.2042,0.2372,0.0432,-0.0443
1786060553.7587,0.4027,0.4173,-0.8802,-0.7177,0.3877,0.4275,0.0389,-0.0283,-0.0645,0.1035,0.0191,-0.0143,0.0176,-0.0192,0.0169,0.0309,-0.0447,0.0098,1.0000,0.0000,1.0000,1.0000,3.0670,4.6156,-1.0731,-0.5505,0.4204,0.3633,-0.0261,0.0704,-0.1987,0.2371,0.0409,-0.0536
1786060553.8045,0.3974,0.4215,-0.9253,-0.6848,0.3877,0.4275,0.0321,-0.0218,-0.1301,0.1193,0.0191,-0.0143,0.0143,-0.0230,0.0068,0.0303,-0.2035,-0.1943,1.0000,1.0000,1.0000,0.0000,3.0670,4.6156,-1.0731,-0.5505,0.4204,0.3633,-0.0261,0.0704,-0.1987,0.2371,0.0409,-0.0536
1786060553.8545,0.4087,0.4128,-0.9660,-0.6828,0.3877,0.4275,0.0415,-0.0306,-0.1511,0.0549,0.0191,-0.0143,0.0190,-0.0175,-0.0038,0.0357,-0.0440,0.0019,1.0000,1.0000,1.0000,0.0000,3.0650,4.6220,-1.0925,-0.5267,0.4246,0.3575,-0.0172,0.0608,-0.1899,0.2384,0.0437,-0.0607
1786060553.9165,0.4087,0.4128,-0.9660,-0.6828,0.3877,0.4275,0.0415,-0.0306,-0.1511,0.0549,0.0191,-0.0143,0.0173,-0.0202,-0.0038,0.0354,-0.1979,-0.1735,1.0000,1.0000,1.0000,0.0000,3.0650,4.6220,-1.0925,-0.5267,0.4246,0.3575,-0.0172,0.0608,-0.1899,0.2384,0.0437,-0.0607
1786060553.9545,0.4036,0.4163,-0.9485,-0.6847,0.3940,0.4232,0.0322,-0.0246,-0.1243,0.0488,0.0242,-0.0170,0.0184,-0.0162,-0.0010,0.0413,-0.0581,-0.0012,1.0000,1.0000,1.0000,0.0000,3.0636,4.6279,-1.1110,-0.5026,0.4290,0.3513,-0.0103,0.0583,-0.1813,0.2434,0.0428,-0.0620
1786060554.0045,0.4136,0.4068,-0.9854,-0.6614,0.3940,0.4232,0.0400,-0.0371,-0.1506,0.0993,0.0242,-0.0170,0.0217,-0.0149,0.0029,0.0314,-0.1595,-0.1416,1.0000,1.0000,1.0000,0.0000,3.0636,4.6279,-1.1110,-0.5026,0.4290,0.3513,-0.0103,0.0583,-0.1813,0.2434,0.0428,-0.0620
1786060554.0546,0.4136,0.4068,-0.9854,-0.6614,0.3940,0.4232,0.0400,-0.0371,-0.1506,0.0993,0.0242,-0.0170,0.0220,-0.0144,0.0028,0.0316,-0.0770,-0.0041,1.0000,1.0000,1.0000,0.0000,3.0629,4.6339,-1.1287,-0.4778,0.4329,0.3453,-0.0046,0.0614,-0.1743,0.2523,0.0354,-0.0564
1786060554.1045,0.4185,0.4017,-1.0109,-0.6378,0.4005,0.4183,0.0406,-0.0394,-0.1750,0.1365,0.0276,-0.0206,0.0222,-0.0147,0.0051,0.0247,-0.1460,-0.1078,1.0000,1.0000,1.0000,0.0000,3.0629,4.6339,-1.1287,-0.4778,0.4329,0.3453,-0.0046,0.0614,-0.1743,0.2523,0.0354,-0.0564
1786060554.1545,0.4185,0.4017,-1.0109,-0.6378,0.4005,0.4183,0.0406,-0.0394,-0.1750,0.1365,0.0276,-0.0206,0.0227,-0.0140,0.0050,0.0249,-0.0927,-0.0155,1.0000,1.0000,1.0000,0.0000,3.0628,4.6402,-1.1458,-0.4521,0.4359,0.3400,0.0016,0.0638,-0.1679,0.2616,0.0275,-0.0489
1786060554.2045,0.4185,0.4017,-1.0406,-0.6061,0.4067,0.4127,0.0406,-0.0394,-0.1959,0.1792,0.0356,-0.0293,0.0223,-0.0145,0.0090,0.0173,-0.1020,-0.0705,1.0000,0.0000,1.0000,1.0000,3.0628,4.6402,-1.1458,-0.4521,0.4359,0.3400,0.0016,0.0638,-0.1679,0.2616,0.0275,-0.0489
1786060554.2545,0.4151,0.4048,-0.9848,-0.6625,0.4067,0.4127,0.0358,-0.0361,-0.1212,0.0838,0.0356,-0.0293,0.0236,-0.0126,0.0057,0.0376,-0.0890,-0.0471,1.0000,1.0000,1.0000,0.0000,3.0634,4.6466,-1.1622,-0.4255,0.4384,0.3354,0.0092,0.0627,-0.1599,0.2680,0.0234,-0.0433
1786060554.3045,0.4151,0.4048,-1.0605,-0.5675,0.4067,0.4127,0.0358,-0.0361,-0.1916,0.2389,0.0356,-0.0293,0.0229,-0.0132,0.0135,0.0081,-0.0925,-0.0580,1.0000,0.0000,1.0000,0.0000,3.0634,4.6466,-1.1622,-0.4255,0.4384,0.3354,0.0092,0.0627,-0.1599,0.2680,0.0234,-0.0433
1786060554.3546,0.4210,0.3985,-1.0131,-0.6323,0.4143,0.4064,0.0393,-0.0406,-0.1589,0.1429,0.0449,-0.0373,0.0233,-0.0136,0.0061,0.0259,-0.0688,-0.0498,1.0000,1.0000,1.0000,0.0000,3.0648,4.6526,-1.1776,-0.3985,0.4406,0.3310,0.0176,0.0585,-0.1505,0.2709,0.0231,-0.0423
1786060554.4046,0.4210,0.3985,-1.0131,-0.6323,0.4143,0.4064,0.0393,-0.0406,-0.1589,0.1429,0.0449,-0.0373,0.0230,-0.0139,0.0063,0.0254,-0.0645,-0.0540,1.0000,0.0000,1.0000,0.0000,3.0648,4.6526,-1.1776,-0.3985,0.4406,0.3310,0.0176,0.0585,-0.1505,0.2709,0.0231,-0.0423
1786060554.4550,0.4210,0.3985,-1.0658,-0.5264,0.4143,0.4064,0.0393,-0.0406,-0.1579,0.3049,0.0449,-0.0373,0.0231,-0.0139,0.0149,-0.0011,-0.0632,-0.0533,1.0000,0.0000,1.0000,0.0000,3.0670,4.6582,-1.1922,-0.3713,0.4429,0.3265,0.0257,0.0539,-0.1418,0.2728,0.0231,-0.0442
1786060554.5045,0.4210,0.3985,-1.0658,-0.4782,0.4212,0.3983,0.0393,-0.0406,-0.0982,0.3410,0.0481,-0.0473,0.0148,0.0038,0.0127,-0.0055,-0.0463,-0.0611,1.0000,0.0000,1.0000,0.0000,3.0670,4.6582,-1.1922,-0.3713,0.4429,0.3265,0.0257,0.0539,-0.1418,0.2728,0.0231,-0.0442
1786060554.6133,0.4210,0.3985,-1.0658,-0.4782,0.4212,0.3983,0.0393,-0.0406,-0.0982,0.3410,0.0481,-0.0473,0.0124,0.0029,0.0127,-0.0054,-0.0419,-0.0608,1.0000,0.0000,1.0000,0.0000,3.0670,4.6582,-1.1922,-0.3713,0.4429,0.3265,0.0257,0.0539,-0.1418,0.2728,0.0231,-0.0442
1786060554.6569,0.4210,0.3985,-1.0725,-0.4400,0.4212,0.3983,0.0393,-0.0406,-0.0893,0.3568,0.0481,-0.0473,0.0123,0.0031,0.0124,-0.0078,-0.0409,-0.0609,1.0000,0.0000,1.0000,0.0000,3.0699,4.6635,-1.2059,-0.3438,0.4450,0.3220,0.0318,0.0528,-0.1342,0.2774,0.0206,-0.0448
1786060554.7046,0.4210,0.3985,-1.0881,-0.4163,0.4212,0.3983,0.0393,-0.0406,-0.1160,0.3418,0.0481,-0.0473,0.0122,0.0030,0.0139,-0.0054,-0.0407,-0.0610,1.0000,0.0000,1.0000,0.0000,3.0733,4.6690,-1.2189,-0.3157,0.4468,0.3176,0.0353,0.0565,-0.1267,0.2828,0.0157,-0.0414
1786060554.7561,0.4210,0.3985,-1.0725,-0.4976,0.4212,0.3983,0.0393,-0.0406,-0.1313,0.3231,0.0481,-0.0473,0.0122,0.0030,0.0141,-0.0027,-0.0406,-0.0610,1.0000,0.0000,1.0000,0.0000,3.0733,4.6690,-1.2189,-0.3157,0.4468,0.3176,0.0353,0.0565,-0.1267,0.2828,0.0157,-0.0414
1786060554.8046,0.4210,0.3985,-1.0684,-0.5726,0.4212,0.3983,0.0393,-0.0406,-0.2050,0.2408,0.0481,-0.0473,0.0121,0.0030,0.0137,0.0081,-0.0407,-0.0610,1.0000,0.0000,1.0000,0.0000,3.0733,4.6690,-1.2189,-0.3157,0.4468,0.3176,0.0353,0.0565,-0.1267,0.2828,0.0157,-0.0414
1786060554.8584,0.4210,0.3985,-1.0668,-0.4489,0.4212,0.3983,0.0393,-0.0406,-0.0594,0.3403,0.0481,-0.0473,0.0122,0.0031,0.0109,-0.0058,-0.0406,-0.0610,1.0000,0.0000,1.0000,0.0000,3.0771,4.6749,-1.2312,-0.2873,0.4481,0.3137,0.0391,0.0608,-0.1195,0.2845,0.0119,-0.0361
1786060554.9076,0.4210,0.3985,-1.0668,-0.4489,0.4212,0.3983,0.0393,-0.0406,-0.0594,0.3403,0.0481,-0.0473,0.0122,0.0030,0.0110,-0.0054,-0.0406,-0.0610,1.0000,0.0000,1.0000,0.0000,3.0771,4.6749,-1.2312,-0.2873,0.4481,0.3137,0.0391,0.0608,-0.1195,0.2845,0.0119,-0.0361
1786060554.9613,0.4210,0.3985,-1.0668,-0.4489,0.4212,0.3983,0.0393,-0.0406,-0.0594,0.3403,0.0481,-0.0473,0.0122,0.0030,0.0110,-0.0054,-0.0406,-0.0610,1.0000,0.0000,1.0000,0.0000,3.0771,4.6749,-1.2312,-0.2873,0.4481,0.3137,0.0391,0.0608,-0.1195,0.2845,0.0119,-0.0361
1786060555.0045,0.4210,0.3985,-1.0740,-0.4074,0.4212,0.3983,0.0393,-0.0406,-0.0586,0.3363,0.0481,-0.0473,0.0122,0.0031,0.0112,-0.0048,-0.0406,-0.0610,1.0000,0.0000,1.0000,0.0000,3.0813,4.6811,-1.2429,-0.2590,0.4492,0.3102,0.0448,0.0624,-0.1159,0.2814,0.0121,-0.0326
1786060555.0545,0.4210,0.3985,-1.0754,-0.4588,0.4212,0.3983,0.0393,-0.0406,-0.0693,0.3621,0.0481,-0.0473,0.0122,0.0030,0.0113,-0.0087,-0.0406,-0.0610,1.0000,0.0000,1.0000,0.0000,3.0813,4.6811,-1.2429,-0.2590,0.4492,0.3102,0.0448,0.0624,-0.1159,0.2814,0.0121,-0.0326
1786060555.1046,0.4210,0.3985,-1.0970,-0.3778,0.4212,0.3983,0.0393,-0.0406,-0.1060,0.2921,0.0481,-0.0473,0.0122,0.0031,0.0133,0.0032,-0.0406,-0.0610,1.0000,0.0000,1.0000,0.0000,3.0862,4.6873,-1.2545,-0.2311,0.4505,0.3070,0.0522,0.0607,-0.1183,0.2759,0.0143,-0.0321
1786060555.1545,0.4210,0.3985,-1.0970,-0.3778,0.4212,0.3983,0.0393,-0.0406,-0.1060,0.2921,0.0481,-0.0473,0.0122,0.0031,0.0133,0.0029,-0.0406,-0.0610,1.0000,0.0000,1.0000,0.0000,3.0862,4.6873,-1.2545,-0.2311,0.4505,0.3070,0.0522,0.0607,-0.1183,0.2759,0.0143,-0.0321
1786060555.2045,0.4210,0.3985,-1.2034,-0.3676,0.4212,0.3983,0.0393,-0.0406,-0.2147,0.1102,0.0481,-0.0473,0.0120,0.0030,0.0017,0.0232,-0.0407,-0.0610,1.0000,0.0000,1.0000,0.0000,3.0919,4.6932,-1.2665,-0.2038,0.4521,0.3035,0.0603,0.0586,-0.1205,0.2712,0.0168,-0.0350
1786060555.2545,0.4210,0.3985,-1.1571,-0.3552,0.4212,0.3983,0.0393,-0.0406,-0.2148,0.2069,0.0481,-0.0473,0.0121,0.0030,0.0125,0.0120,-0.0407,-0.0610,1.0000,0.0000,1.0000,0.0000,3.0919,4.6932,-1.2665,-0.2038,0.4521,0.3035,0.0603,0.0586,-0.1205,0.2712,0.0168,-0.0350
1786060555.3046,0.4738,0.3620,-1.2179,-0.3453,0.4212,0.3983,0.0000,0.0000,-0.1810,0.1389,0.0481,-0.0473,0.3000,-0.3000,0.0056,0.0247,-0.0529,-0.0462,1.0000,1.0000,1.0000,0.0000,3.0919,4.6932,-1.2665,-0.2038,0.4521,0.3035,0.0603,0.0586,-0.1205,0.2712,0.0168,-0.0350
1786060555.3613,0.4738,0.3620,-1.2179,-0.3453,0.4212,0.3983,0.0000,0.0000,-0.1810,0.1389,0.0481,-0.0473,0.0239,-0.0140,0.0058,0.0244,-0.0554,-0.0473,1.0000,1.0000,1.0000,0.0000,3.0919,4.6932,-1.2665,-0.2038,0.4521,0.3035,0.0603,0.0586,-0.1205,0.2712,0.0168,-0.0350
1786060555.4056,0.4769,0.3593,-1.2376,-0.3168,0.4212,0.3983,0.0217,-0.0186,-0.1724,0.1738,0.0481,-0.0473,0.0151,-0.0204,0.0094,0.0206,-0.0557,-0.0470,1.0000,1.0000,1.0000,0.0000,3.0983,4.6991,-1.2784,-0.1768,0.4538,0.2997,0.0674,0.0580,-0.1157,0.2690,0.0185,-0.0383
1786060555.4545,0.4769,0.3593,-1.2044,-0.3400,0.4212,0.3983,0.0217,-0.0186,-0.2534,0.1598,0.0481,-0.0473,0.0195,-0.0148,0.0100,0.0143,-0.0558,-0.0470,1.0000,0.0000,1.0000,0.0000,3.1054,4.7049,-1.2893,-0.1499,0.4556,0.2958,0.0723,0.0592,-0.1049,0.2697,0.0188,-0.0371
1786060555.5051,0.4769,0.3593,-1.2044,-0.3400,0.4212,0.3983,0.0217,-0.0186,-0.2534,0.1598,0.0481,-0.0473,0.0164,-0.0186,0.0099,0.0144,-0.0558,-0.0470,0.6667,0.0000,1.0000,0.0000,3.1129,4.7108,-1.2867,-0.1362,0.4582,0.3095,0.0781,0.0567,-0.1024,0.2699,0.0213,-0.0368
1786060555.5545,0.4822,0.3508,-1.2251,-0.3155,0.4212,0.3983,0.0000,0.0000,-0.2274,0.1797,0.0481,-0.0473,0.1190,0.0760,0.0105,0.0149,-0.0472,-0.0558,0.6667,1.0000,1.0000,0.0000,3.1129,4.7108,-1.2992,-0.1227,0.4574,0.2922,0.0781,0.0567,-0.0956,0.2732,0.0172,-0.0335
1786060555.6045,0.4849,0.3485,-1.2459,-0.2876,0.4212,0.3983,0.0203,-0.0170,-0.2139,0.2048,0.0481,-0.0473,0.0152,-0.0799,0.0124,0.0128,-0.0474,-0.0561,0.6667,1.0000,1.0000,0.0000,3.1212,4.7162,-1.3085,-0.0950,0.4589,0.2890,0.0858,0.0512,-0.0903,0.2796,0.0144,-0.0306
1786060555.6546,0.4879,0.3465,-1.2551,-0.2658,0.4212,0.3983,0.0334,-0.0245,-0.2069,0.2393,0.0481,-0.0473,0.0248,-0.0122,0.0148,0.0083,-0.0471,-0.0557,0.6667,1.0000,1.0000,0.0000,3.1302,4.7211,-1.3172,-0.0667,0.4601,0.2859,0.0936,0.0482,-0.0861,0.2849,0.0117,-0.0302
1786060555.7047,0.4911,0.3447,-1.2539,-0.2393,0.4212,0.3983,0.0440,-0.0291,-0.1732,0.2903,0.0481,-0.0473,0.0150,-0.0264,0.0165,0.0019,-0.0473,-0.0559,0.6667,1.0000,1.0000,0.0000,3.1399,4.7259,-1.3255,-0.0381,0.4612,0.2827,0.0989,0.0484,-0.0800,0.2866,0.0112,-0.0318
1786060555.7546,0.4945,0.3423,-1.2389,-0.2658,0.4911,0.3408,0.0520,-0.0354,-0.2654,0.2276,0.0248,-0.0185,0.0195,-0.0189,0.0165,0.0060,-0.0945,-0.1335,1.0000,0.0000,1.0000,1.0000,3.1601,4.7359,-1.3396,0.0191,0.4641,0.2759,0.1016,0.0493,-0.0631,0.2839,0.0194,-0.0336
1786060555.8075,0.4977,0.3401,-1.2503,-0.1848,0.4911,0.3408,0.0577,-0.0389,-0.1191,0.3824,0.0248,-0.0185,0.0200,-0.0187,0.0158,-0.0106,-0.1016,-0.0343,1.0000,1.0000,1.0000,0.0000,3.1705,4.7406,-1.3457,0.0474,0.4661,0.2725,0.1045,0.0455,-0.0601,0.2832,0.0211,-0.0331
1786060555.8546,0.5010,0.3376,-1.2513,-0.1512,0.4945,0.3383,0.0605,-0.0422,-0.1037,0.4339,0.0503,-0.0373,0.0208,-0.0176,0.0144,-0.0146,-0.0700,-0.0655,1.0000,1.0000,1.0000,0.0000,3.1705,4.7406,-1.3457,0.0474,0.4661,0.2725,0.1045,0.0455,-0.0601,0.2832,0.0211,-0.0331
1786060555.9046,0.5046,0.3348,-1.2612,-0.1140,0.4988,0.3355,0.0607,-0.0436,-0.1163,0.4720,0.0601,-0.0413,0.0212,-0.0162,0.0141,-0.0149,-0.0489,-0.0584,1.0000,1.0000,1.0000,0.0000,3.1813,4.7449,-1.3518,0.0758,0.4682,0.2692,0.1105,0.0407,-0.0620,0.2842,0.0200,-0.0321
1786060555.9546,0.5046,0.3348,-1.2704,-0.1695,0.5032,0.3320,0.0607,-0.0436,-0.2205,0.3830,0.0612,-0.0452,0.0167,-0.0077,0.0193,-0.0092,-0.0402,-0.0649,1.0000,0.0000,1.0000,1.0000,3.1813,4.7449,-1.3518,0.0758,0.4682,0.2692,0.1105,0.0407,-0.0620,0.2842,0.0200,-0.0321
1786060556.0046,0.5082,0.3320,-1.2778,-0.0848,0.5032,0.3320,0.0602,-0.0442,-0.1469,0.4735,0.0612,-0.0452,0.0207,-0.0139,0.0151,-0.0139,-0.0429,-0.0579,1.0000,1.0000,1.0000,0.0000,3.1927,4.7488,-1.3582,0.1042,0.4699,0.2659,0.1172,0.0378,-0.0671,0.2837,0.0160,-0.0310
1786060556.0564,0.5089,0.3348,-1.3009,-0.0603,0.5032,0.3320,0.0574,-0.0457,-0.1658,0.4256,0.0612,-0.0452,0.0203,-0.0095,0.0173,-0.0126,-0.0422,-0.0616,1.0000,1.0000,1.0000,0.0000,3.1927,4.7488,-1.3582,0.1042,0.4699,0.2659,0.1172,0.0378,-0.0671,0.2837,0.0160,-0.0310
1786060556.1050,0.5089,0.3348,-1.2831,-0.1343,0.5072,0.3294,0.0574,-0.0457,-0.2142,0.4146,0.0612,-0.0433,0.0147,-0.0053,0.0186,-0.0109,-0.0367,-0.0671,1.0000,0.0000,1.0000,1.0000,3.1927,4.7488,-1.3582,0.1042,0.4699,0.2659,0.1172,0.0378,-0.0671,0.2837,0.0160,-0.0310
1786060556.1657,0.5138,0.3304,-1.3230,-0.0205,0.5109,0.3267,0.0535,-0.0442,-0.1808,0.4093,0.0587,-0.0417,0.0167,-0.0057,0.0182,-0.0115,-0.0404,-0.0668,1.0000,1.0000,1.0000,0.0000,3.2047,4.7526,-1.3652,0.1324,0.4713,0.2628,0.1226,0.0375,-0.0721,0.2794,0.0140,-0.0309
1786060556.2046,0.5164,0.3276,-1.3404,0.0117,0.5139,0.3244,0.0480,-0.0418,-0.1890,0.4049,0.0554,-0.0401,0.0161,-0.0042,0.0186,-0.0111,-0.0435,-0.0689,1.0000,1.0000,1.0000,0.0000,3.2172,4.7564,-1.3724,0.1601,0.4727,0.2596,0.1253,0.0386,-0.0716,0.2741,0.0144,-0.0317
1786060556.2547,0.5164,0.3276,-1.3150,-0.0378,0.5169,0.3220,0.0480,-0.0418,-0.1792,0.4419,0.0530,-0.0388,0.0109,-0.0032,0.0172,-0.0127,-0.0417,-0.0708,1.0000,0.0000,1.0000,1.0000,3.2172,4.7564,-1.3724,0.1601,0.4727,0.2596,0.1253,0.0386,-0.0716,0.2741,0.0144,-0.0317
1786060556.3048,0.5197,0.3240,-1.3248,-0.0032,0.5201,0.3194,0.0413,-0.0380,-0.1667,0.4431,0.0501,-0.0375,0.0101,-0.0017,0.0170,-0.0131,-0.0436,-0.0715,1.0000,0.0000,1.0000,1.0000,3.2298,4.7603,-1.3792,0.1873,0.4741,0.2563,0.1256,0.0394,-0.0654,0.2700,0.0147,-0.0324
1786060556.3546,0.5214,0.3220,-1.3407,0.0820,0.5201,0.3194,0.0378,-0.0362,-0.0911,0.3979,0.0501,-0.0375,0.0122,-0.0004,0.0158,-0.0122,-0.0454,-0.0715,1.0000,1.0000,1.0000,0.0000,3.2298,4.7603,-1.3792,0.1873,0.4741,0.2563,0.1256,0.0394,-0.0654,0.2700,0.0147,-0.0324
1786060556.4047,0.5214,0.3220,-1.3351,0.0297,0.5225,0.3175,0.0378,-0.0362,-0.1640,0.4540,0.0472,-0.0359,0.0092,-0.0013,0.0167,-0.0133,-0.0473,-0.0724,1.0000,0.0000,1.0000,1.0000,3.2424,4.7643,-1.3854,0.2142,0.4755,0.2530,0.1249,0.0395,-0.0597,0.2687,0.0135,-0.0323
1786060556.4555,0.5216,0.3199,-1.3481,0.0406,0.5245,0.3156,0.0326,-0.0289,-0.1485,0.3213,0.0445,-0.0349,0.0045,-0.0042,0.0175,-0.0018,-0.0493,-0.0717,1.0000,1.0000,1.0000,0.0000,3.2424,4.7643,-1.3854,0.2142,0.4755,0.2530,0.1249,0.0395,-0.0597,0.2687,0.0135,-0.0323
1786060556.5143,0.5216,0.3199,-1.3481,0.0406,0.5245,0.3156,0.0326,-0.0289,-0.1485,0.3213,0.0445,-0.0349,0.0056,-0.0028,0.0175,-0.0021,-0.0498,-0.0717,1.0000,1.0000,1.0000,0.0000,3.2424,4.7643,-1.3854,0.2142,0.4755,0.2530,0.1249,0.0395,-0.0597,0.2687,0.0135,-0.0323
1786060556.5578,0.5241,0.3190,-1.3319,0.1192,0.5245,0.3156,0.0353,-0.0352,-0.0363,0.3995,0.0445,-0.0349,0.0119,0.0014,0.0135,-0.0137,-0.0527,-0.0728,1.0000,1.0000,1.0000,0.0000,3.2549,4.7682,-1.3912,0.2411,0.4767,0.2496,0.1261,0.0380,-0.0579,0.2688,0.0127,-0.0319
1786060556.6048,0.5269,0.3156,-1.3229,0.1651,0.5287,0.3117,0.0294,-0.0313,0.0071,0.3773,0.0398,-0.0330,0.0105,0.0018,0.0122,-0.0121,-0.0594,-0.0723,1.0000,1.0000,1.0000,0.0000,3.2678,4.7718,-1.3970,0.2680,0.4779,0.2463,0.1302,0.0355,-0.0591,0.2681,0.0133,-0.0320
1786060556.6546,0.5245,0.3161,-1.3250,0.1671,0.5305,0.3099,0.0249,-0.0254,-0.0316,0.4940,0.0369,-0.0316,0.0068,-0.0002,0.0114,-0.0170,-0.0647,-0.0703,1.0000,0.0000,1.0000,1.0000,3.2678,4.7718,-1.3970,0.2680,0.4779,0.2463,0.1302,0.0355,-0.0591,0.2681,0.0133,-0.0320
1786060556.7136,0.5245,0.3161,-1.3250,0.1671,0.5305,0.3099,0.0249,-0.0254,-0.0316,0.4940,0.0369,-0.0316,0.0083,0.0013,0.0114,-0.0170,-0.0663,-0.0700,1.0000,0.0000,1.0000,1.0000,3.2678,4.7718,-1.3970,0.2680,0.4779,0.2463,0.1302,0.0355,-0.0591,0.2681,0.0133,-0.0320
1786060556.7545,0.5272,0.3130,-1.3245,0.1355,0.5322,0.3080,0.0239,-0.0254,0.0141,0.3222,0.0342,-0.0306,0.0095,0.0024,0.0138,-0.0041,-0.0723,-0.0689,1.0000,1.0000,1.0000,0.0000,3.2811,4.7753,-1.4030,0.2947,0.4792,0.2429,0.1358,0.0335,-0.0608,0.2651,0.0140,-0.0331
1786060556.8207,0.5272,0.3130,-1.3245,0.1355,0.5322,0.3080,0.0239,-0.0254,0.0141,0.3222,0.0342,-0.0306,0.0089,0.0018,0.0137,-0.0044,-0.0741,-0.0681,1.0000,1.0000,1.0000,0.0000,3.2811,4.7753,-1.4030,0.2947,0.4792,0.2429,0.1358,0.0335,-0.0608,0.2651,0.0140,-0.0331
1786060556.8606,0.5272,0.3130,-1.3245,0.1355,0.5322,0.3080,0.0239,-0.0254,0.0141,0.3222,0.0342,-0.0306,0.0092,0.0021,0.0137,-0.0044,-0.0747,-0.0679,1.0000,1.0000,1.0000,0.0000,3.2811,4.7753,-1.4030,0.2947,0.4792,0.2429,0.1358,0.0335,-0.0608,0.2651,0.0140,-0.0331
1786060556.9046,0.5294,0.3104,-1.3145,0.1740,0.5347,0.3053,0.0214,-0.0239,0.0403,0.3187,0.0296,-0.0281,0.0116,0.0046,0.0128,-0.0052,-0.0854,-0.0650,1.0000,1.0000,1.0000,0.0000,3.2951,4.7787,-1.4091,0.3210,0.4805,0.2395,0.1410,0.0335,-0.0617,0.2621,0.0123,-0.0341
1786060556.9546,0.5314,0.3077,-1.3187,0.2058,0.5347,0.3053,0.0197,-0.0230,0.0118,0.2964,0.0296,-0.0281,0.0124,0.0055,0.0155,-0.0000,-0.0887,-0.0625,1.0000,1.0000,1.0000,0.0000,3.2951,4.7787,-1.4091,0.3210,0.4805,0.2395,0.1410,0.0335,-0.0617,0.2621,0.0123,-0.0341
1786060557.0048,0.5332,0.3074,-1.3583,0.2361,0.5367,0.3029,0.0196,-0.0238,-0.0855,0.2148,0.0242,-0.0244,0.0155,0.0073,0.0174,0.0181,-0.1067,-0.0553,1.0000,1.0000,1.0000,0.0000,3.3094,4.7821,-1.4152,0.3472,0.4815,0.2360,0.1438,0.0346,-0.0617,0.2609,0.0091,-0.0338
1786060557.0547,0.5333,0.3054,-1.3335,0.2239,0.5367,0.3029,0.0206,-0.0247,-0.0376,0.2793,0.0242,-0.0244,0.0132,0.0053,0.0172,0.0047,-0.1099,-0.0470,1.0000,1.0000,1.0000,0.0000,3.3239,4.7856,-1.4213,0.3733,0.4876,0.2496,0.1445,0.0351,-0.0605,0.2610,0.0109,-0.0339
1786060557.1103,0.5333,0.3054,-1.3335,0.2239,0.5367,0.3029,0.0206,-0.0247,-0.0376,0.2793,0.0242,-0.0244,0.0146,0.0066,0.0173,0.0051,-0.1145,-0.0469,1.0000,1.0000,1.0000,0.0000,3.3239,4.7856,-1.4213,0.3733,0.4876,0.2496,0.1445,0.0351,-0.0605,0.2610,0.0109,-0.0339
1786060557.1561,0.5333,0.3054,-1.3672,0.2748,0.5383,0.3009,0.0206,-0.0247,-0.0981,0.2694,0.0216,-0.0231,0.0134,0.0057,0.0169,0.0079,-0.1152,-0.0346,1.0000,0.0000,1.0000,1.0000,3.3239,4.7856,-1.4213,0.3733,0.4823,0.2326,0.1445,0.0351,-0.0605,0.2610,0.0075,-0.0325
1786060557.2161,0.5355,0.3046,-1.3701,0.2510,0.5383,0.3009,0.0198,-0.0240,-0.0920,0.1849,0.0216,-0.0231,0.0176,0.0075,0.0170,0.0230,-0.1271,-0.0368,1.0000,1.0000,1.0000,0.0000,3.3239,4.7856,-1.4213,0.3733,0.4823,0.2326,0.1445,0.0351,-0.0605,0.2610,0.0075,-0.0325
1786060557.2600,0.5353,0.3029,-1.3488,0.2403,0.5383,0.3009,0.0225,-0.0271,-0.0781,0.2704,0.0216,-0.0231,0.0180,0.0056,0.0171,0.0071,-0.1219,-0.0278,1.0000,1.0000,1.0000,0.0000,3.3384,4.7891,-1.4271,0.3994,0.4830,0.2293,0.1459,0.0342,-0.0570,0.2603,0.0085,-0.0312
1786060557.3052,0.5387,0.3016,-1.3767,0.2689,0.5406,0.2990,0.0223,-0.0244,-0.0780,0.1713,0.0218,-0.0218,0.0164,0.0005,0.0193,0.0249,-0.1423,-0.0339,1.0000,1.0000,1.0000,0.0000,3.3533,4.7924,-1.4326,0.4254,0.4838,0.2261,0.1509,0.0324,-0.0539,0.2593,0.0085,-0.0299
1786060557.3561,0.5383,0.2993,-1.3617,0.2635,0.5406,0.2990,0.0248,-0.0300,-0.0943,0.2586,0.0218,-0.0218,0.0294,-0.0070,0.0169,0.0094,-0.1294,-0.0042,1.0000,1.0000,1.0000,0.0000,3.3533,4.7924,-1.4326,0.4254,0.4838,0.2261,0.1509,0.0324,-0.0539,0.2593,0.0085,-0.0299
1786060557.4047,0.5442,0.2932,-1.3710,0.3164,0.5448,0.2944,0.0282,-0.0314,-0.0296,0.1774,0.0210,-0.0218,0.0238,-0.0138,0.0253,0.0199,-0.1613,-0.0074,1.0000,1.0000,1.0000,1.0000,3.3689,4.7956,-1.4378,0.4514,0.4844,0.2231,0.1582,0.0313,-0.0527,0.2598,0.0046,-0.0277
1786060557.4545,0.5442,0.2955,-1.3717,0.3104,0.5448,0.2944,0.0226,-0.0252,-0.0166,0.1738,0.0210,-0.0218,0.0279,-0.0042,0.0266,0.0181,-0.1204,0.0105,1.0000,1.0000,1.0000,0.0000,3.3689,4.7956,-1.4378,0.4514,0.4844,0.2231,0.1582,0.0313,-0.0527,0.2598,0.0046,-0.0277
1786060557.5055,0.5442,0.2955,-1.3717,0.3104,0.5448,0.2944,0.0226,-0.0252,-0.0166,0.1738,0.0210,-0.0218,0.0243,-0.0078,0.0267,0.0181,-0.1918,-0.0274,1.0000,1.0000,1.0000,0.0000,3.3689,4.7956,-1.4378,0.4514,0.4844,0.2231,0.1582,0.0313,-0.0527,0.2598,0.0046,-0.0277
1786060557.5546,0.5488,0.2883,-1.3672,0.3400,0.5473,0.2917,0.0302,-0.0330,-0.0295,0.2469,0.0212,-0.0225,0.0249,-0.0130,0.0195,0.0099,-0.0795,0.0178,1.0000,1.0000,1.0000,0.0000,3.3852,4.7988,-1.4429,0.4775,0.4844,0.2205,0.1658,0.0316,-0.0507,0.2623,-0.0021,-0.0236
1786060557.6045,0.5515,0.2857,-1.3669,0.3639,0.5473,0.2917,0.0308,-0.0326,-0.0209,0.2578,0.0212,-0.0225,0.0233,-0.0151,0.0192,0.0078,-0.1982,-0.0887,1.0000,1.0000,1.0000,0.0000,3.3852,4.7988,-1.4429,0.4775,0.4844,0.2205,0.1658,0.0316,-0.0507,0.2623,-0.0021,-0.0236
1786060557.6546,0.5515,0.2857,-1.3681,0.3604,0.5500,0.2889,0.0308,-0.0326,-0.0070,0.1807,0.0212,-0.0220,0.0260,-0.0117,0.0268,0.0165,-0.0707,0.0091,1.0000,0.0000,1.0000,1.0000,3.4021,4.8020,-1.4476,0.5039,0.4837,0.2184,0.1710,0.0319,-0.0448,0.2646,-0.0094,-0.0158
1786060557.7077,0.5515,0.2857,-1.3681,0.3604,0.5500,0.2889,0.0308,-0.0326,-0.0070,0.1807,0.0212,-0.0220,0.0228,-0.0155,0.0266,0.0162,-0.1857,-0.0919,1.0000,0.0000,1.0000,1.0000,3.4021,4.8020,-1.4476,0.5039,0.4837,0.2184,0.1710,0.0319,-0.0448,0.2646,-0.0094,-0.0158
1786060557.7546,0.5545,0.2830,-1.3784,0.3844,0.5525,0.2868,0.0295,-0.0294,-0.0363,0.1866,0.0207,-0.0200,0.0241,-0.0132,0.0240,0.0192,-0.0775,0.0093,1.0000,0.0000,1.0000,1.0000,3.4194,4.8051,-1.4516,0.5304,0.4824,0.2172,0.1739,0.0305,-0.0363,0.2640,-0.0141,-0.0068
1786060557.8125,0.5545,0.2830,-1.3784,0.3844,0.5525,0.2868,0.0295,-0.0294,-0.0363,0.1866,0.0207,-0.0200,0.0215,-0.0165,0.0239,0.0192,-0.2092,-0.0964,1.0000,0.0000,1.0000,1.0000,3.4194,4.8051,-1.4516,0.5304,0.4824,0.2172,0.1739,0.0305,-0.0363,0.2640,-0.0141,-0.0068
1786060557.8546,0.5571,0.2812,-1.3964,0.4233,0.5547,0.2852,0.0274,-0.0250,-0.0918,0.2642,0.0213,-0.0192,0.0217,-0.0148,0.0171,0.0084,-0.0665,0.0105,1.0000,1.0000,1.0000,0.0000,3.4371,4.8081,-1.4546,0.5568,0.4808,0.2167,0.1765,0.0287,-0.0263,0.2626,-0.0155,-0.0016
1786060557.9206,0.5571,0.2812,-1.3964,0.4233,0.5547,0.2852,0.0274,-0.0250,-0.0918,0.2642,0.0213,-0.0192,0.0189,-0.0187,0.0171,0.0087,-0.2012,-0.1254,1.0000,1.0000,1.0000,0.0000,3.4371,4.8081,-1.4546,0.5568,0.4808,0.2167,0.1765,0.0287,-0.0263,0.2626,-0.0155,-0.0016
1786060557.9546,0.5595,0.2800,-1.4298,0.4356,0.5574,0.2835,0.0260,-0.0205,-0.1550,0.2181,0.0226,-0.0180,0.0180,-0.0180,0.0126,0.0144,-0.0739,0.0051,1.0000,0.0000,1.0000,1.0000,3.4371,4.8081,-1.4546,0.5568,0.4808,0.2167,0.1765,0.0287,-0.0263,0.2626,-0.0155,-0.0016
1786060558.0046,0.5575,0.2833,-1.4293,0.4357,0.5574,0.2835,0.0240,-0.0202,-0.1543,0.2289,0.0226,-0.0180,0.0187,-0.0176,0.0134,0.0125,-0.2050,-0.1320,1.0000,1.0000,1.0000,0.0000,3.4551,4.8110,-1.4565,0.5831,0.4792,0.2165,0.1808,0.0285,-0.0171,0.2635,-0.0166,-0.0005
1786060558.0545,0.5617,0.2791,-1.4577,0.4715,0.5600,0.2819,0.0240,-0.0164,-0.1999,0.2393,0.0230,-0.0168,0.0125,-0.0245,0.0137,0.0072,-0.0741,0.0036,1.0000,1.0000,1.0000,0.0000,3.4631,4.8245,-1.4485,0.5966,0.4872,0.2300,0.1823,0.0304,-0.0155,0.2654,-0.0151,0.0014
1786060558.1091,0.5617,0.2791,-1.4577,0.4715,0.5600,0.2819,0.0240,-0.0164,-0.1999,0.2393,0.0230,-0.0168,0.0130,-0.0254,0.0136,0.0073,-0.2053,-0.1437,1.0000,1.0000,1.0000,0.0000,3.4631,4.8245,-1.4485,0.5966,0.4872,0.2300,0.1823,0.0304,-0.0155,0.2654,-0.0151,0.0014
1786060558.1547,0.5638,0.2785,-1.4829,0.4883,0.5625,0.2806,0.0233,-0.0132,-0.2186,0.2198,0.0240,-0.0157,0.0097,-0.0268,0.0122,0.0081,-0.0765,0.0002,1.0000,1.0000,1.0000,0.0000,3.4817,4.8276,-1.4496,0.6233,0.4854,0.2300,0.1873,0.0303,-0.0099,0.2680,-0.0183,0.0023
1786060558.2117,0.5638,0.2785,-1.4829,0.4883,0.5625,0.2806,0.0233,-0.0132,-0.2186,0.2198,0.0240,-0.0157,0.0087,-0.0324,0.0122,0.0080,-0.2017,-0.1546,1.0000,1.0000,1.0000,0.0000,3.4817,4.8276,-1.4496,0.6233,0.4854,0.2300,0.1873,0.0303,-0.0099,0.2680,-0.0183,0.0023
1786060558.2545,0.5653,0.2787,-1.4980,0.5041,0.5645,0.2800,0.0206,-0.0082,-0.1956,0.1987,0.0226,-0.0126,0.0022,-0.0363,0.0095,0.0128,-0.0746,-0.0009,1.0000,1.0000,1.0000,0.0000,3.4925,4.8168,-1.4585,0.6366,0.4752,0.2165,0.1912,0.0286,-0.0053,0.2712,-0.0208,0.0062
1786060558.3046,0.5645,0.2801,-1.4988,0.4975,0.5645,0.2800,0.0235,-0.0134,-0.1982,0.2156,0.0226,-0.0126,0.0142,-0.0229,0.0114,0.0104,-0.2293,-0.1958,1.0000,1.0000,1.0000,0.0000,3.5119,4.8197,-1.4585,0.6640,0.4731,0.2175,0.1944,0.0285,0.0043,0.2761,-0.0204,0.0150
1786060558.3545,0.5672,0.2789,-1.4972,0.5259,0.5668,0.2795,0.0197,-0.0051,-0.1289,0.2016,0.0224,-0.0102,-0.0068,-0.0707,0.0125,0.0183,-0.0579,-0.0036,1.0000,1.0000,1.0000,0.0000,3.5119,4.8197,-1.4585,0.6640,0.4731,0.2175,0.1944,0.0285,0.0043,0.2761,-0.0204,0.0150
1786060558.4045,0.5667,0.2796,-1.4978,0.5228,0.5668,0.2795,0.0231,-0.0106,-0.1321,0.2260,0.0224,-0.0102,0.0214,-0.0148,0.0138,0.0139,-0.1831,-0.2260,1.0000,1.0000,1.0000,0.0000,3.5317,4.8225,-1.4571,0.6918,0.4710,0.2192,0.1966,0.0276,0.0199,0.2773,-0.0203,0.0220
1786060558.4547,0.5687,0.2795,-1.4715,0.5641,0.5668,0.2795,0.0172,-0.0013,-0.0028,0.2492,0.0224,-0.0102,-0.0020,-0.1239,0.0211,0.0078,-0.0697,-0.0124,1.0000,1.0000,1.0000,0.0000,3.5515,4.8252,-1.4485,0.7058,0.4796,0.2332,0.1977,0.0254,0.0215,0.2775,-0.0187,0.0222
1786060558.5045,0.5683,0.2799,-1.4732,0.5605,0.5685,0.2797,0.0210,-0.0064,-0.0152,0.2752,0.0198,-0.0060,0.0331,-0.0065,0.0192,0.0045,-0.2844,-0.3000,1.0000,1.0000,1.0000,0.0000,3.5515,4.8252,-1.4540,0.7194,0.4689,0.2214,0.1977,0.0254,0.0368,0.2737,-0.0222,0.0224
1786060558.5545,0.5700,0.2802,-1.4280,0.6138,0.5701,0.2803,0.0173,0.0013,0.1370,0.3453,0.0190,-0.0021,0.0235,-0.1468,0.0081,-0.0156,-0.0355,-0.0086,1.0000,0.0000,1.0000,1.0000,3.5715,4.8276,-1.4495,0.7465,0.4665,0.2232,0.1991,0.0227,0.0491,0.2682,-0.0239,0.0180
1786060558.6045,0.5699,0.2806,-1.4322,0.6108,0.5701,0.2803,0.0201,-0.0024,0.1174,0.3537,0.0190,-0.0021,0.0226,-0.0139,0.0095,-0.0150,-0.0732,-0.2990,1.0000,1.0000,1.0000,0.0000,3.5715,4.8276,-1.4495,0.7465,0.4665,0.2232,0.1991,0.0227,0.0491,0.2682,-0.0239,0.0180
1786060558.6546,0.5706,0.2816,-1.3915,0.6510,0.5706,0.2813,0.0166,0.0014,0.2120,0.3809,0.0159,0.0015,0.0115,-0.1545,0.0014,-0.0201,-0.0830,-0.0307,1.0000,1.0000,1.0000,0.0000,3.5916,4.8298,-1.4445,0.7732,0.4642,0.2247,0.2018,0.0214,0.0462,0.2659,-0.0223,0.0153
1786060558.7117,0.5706,0.2816,-1.3635,0.6825,0.5716,0.2829,0.0166,0.0014,0.2438,0.3719,0.0144,0.0059,0.0314,-0.0066,-0.0005,-0.0202,0.2175,-0.2276,1.0000,0.0000,1.0000,1.0000,3.6003,4.8441,-1.4358,0.7875,0.4729,0.2390,0.2007,0.0233,0.0451,0.2678,-0.0234,0.0172
1786060558.7654,0.5715,0.2829,-1.3635,0.6825,0.5716,0.2829,0.0132,0.0082,0.2438,0.3719,0.0144,0.0059,0.0923,-0.2032,-0.0005,-0.0202,-0.0246,-0.0869,1.0000,1.0000,1.0000,1.0000,3.6121,4.8320,-1.4408,0.8002,0.4621,0.2262,0.2048,0.0219,0.0244,0.2728,-0.0187,0.0175
1786060558.8255,0.5715,0.2832,-1.3648,0.6810,0.5716,0.2829,0.0148,0.0061,0.2406,0.3654,0.0144,0.0059,0.0172,-0.0204,-0.0003,-0.0200,-0.2260,-0.2988,1.0000,1.0000,1.0000,0.0000,3.6121,4.8320,-1.4408,0.8002,0.4621,0.2262,0.2048,0.0219,0.0244,0.2728,-0.0187,0.0175
1786060558.9069,0.5716,0.2847,-1.3651,0.6825,0.5716,0.2829,0.0100,0.0117,0.2364,0.3746,0.0144,0.0059,0.1936,-0.2490,-0.0000,-0.0202,-0.0378,-0.0073,1.0000,1.0000,1.0000,0.0000,3.6328,4.8344,-1.4398,0.8282,0.4603,0.2279,0.2055,0.0229,-0.0028,0.2845,-0.0184,0.0202
1786060558.9778,0.5716,0.2847,-1.3502,0.7087,0.5716,0.2829,0.0100,0.0117,0.2215,0.3538,0.0144,0.0059,0.0140,-0.0279,0.0015,-0.0194,0.0734,-0.1170,1.0000,0.0000,1.0000,0.0000,3.6533,4.8366,-1.4405,0.8569,0.4582,0.2296,0.2012,0.0210,-0.0089,0.2852,-0.0217,0.0153
1786060559.0280,0.5716,0.2850,-1.3514,0.7063,0.5716,0.2844,0.0111,0.0099,0.2299,0.3674,0.0116,0.0094,0.1289,-0.2802,0.0006,-0.0201,-0.0505,-0.1837,1.0000,1.0000,1.0000,1.0000,3.6730,4.8385,-1.4411,0.8850,0.4559,0.2303,0.1927,0.0156,-0.0062,0.2781,-0.0224,0.0035
1786060559.0851,0.5713,0.2869,-1.3502,0.7097,0.5716,0.2844,0.0063,0.0153,0.2187,0.3582,0.0116,0.0094,0.0250,-0.0002,0.0016,-0.0196,-0.2028,-0.0528,1.0000,1.0000,1.0000,0.0000,3.6730,4.8385,-1.4411,0.8850,0.4559,0.2303,0.1927,0.0156,-0.0062,0.2781,-0.0224,0.0035
1786060559.1459,0.5713,0.2869,-1.3433,0.7358,0.5716,0.2844,0.0073,0.0134,0.1825,0.3421,0.0116,0.0094,0.2329,-0.1644,0.0053,-0.0176,-0.0268,-0.1866,1.0000,1.0000,1.0000,0.0000,3.6922,4.8398,-1.4416,0.9127,0.4546,0.2299,0.1899,0.0111,-0.0089,0.2767,-0.0077,-0.0038
1786060559.1979,0.5708,0.2889,-1.3432,0.7537,0.5716,0.2844,0.0036,0.0187,0.1459,0.3290,0.0116,0.0094,0.0078,-0.0599,0.0093,-0.0145,-0.1943,-0.0907,1.0000,1.0000,1.0000,0.0000,3.7109,4.8408,-1.4437,0.9408,0.4537,0.2295,0.1831,0.0100,-0.0341,0.2831,-0.0117,-0.0017
1786060559.2572,0.5702,0.2916,-1.3472,0.7787,0.5716,0.2844,0.0005,0.0220,0.0941,0.3193,0.0116,0.0094,0.3000,-0.0197,0.0138,-0.0099,0.0206,-0.1377,1.0000,1.0000,1.0000,0.0000,3.7109,4.8408,-1.4437,0.9408,0.4537,0.2295,0.1831,0.0100,-0.0341,0.2831,-0.0117,-0.0017
1786060559.3045,0.5648,0.2993,-1.3799,0.8523,0.5668,0.2950,-0.0134,0.0275,-0.0468,0.3132,-0.0102,0.0182,0.0840,-0.0761,0.0166,-0.0009,0.0791,-0.1832,1.0000,0.0000,1.0000,0.0000,3.7356,4.8568,-1.4422,0.9845,0.4583,0.2442,0.1921,0.0129,-0.0492,0.2945,-0.0123,0.0030
1786060559.3545,0.5648,0.2993,-1.3799,0.8523,0.5668,0.2950,-0.0134,0.0275,-0.0468,0.3132,-0.0102,0.0182,0.2277,0.0236,0.0165,-0.0012,-0.3000,-0.0990,1.0000,0.0000,1.0000,0.0000,3.7478,4.8430,-1.4548,0.9992,0.4517,0.2280,0.1983,0.0125,-0.0527,0.2976,0.0366,-0.0246
1786060559.4046,0.5624,0.3012,-1.3935,0.8825,0.5652,0.2960,-0.0176,0.0262,-0.0772,0.3262,-0.0140,0.0184,0.1311,-0.0515,0.0158,-0.0032,-0.0236,-0.0675,1.0000,1.0000,1.0000,0.0000,3.7684,4.8442,-1.4588,1.0287,0.4564,0.2250,0.2106,0.0102,-0.0311,0.2924,0.0449,-0.0268
1786060559.4545,0.5609,0.2992,-1.4057,0.9187,0.5626,0.2967,-0.0184,0.0146,-0.0935,0.3232,-0.0183,0.0156,0.3000,-0.2267,0.0154,-0.0028,-0.0567,-0.1908,1.0000,1.0000,1.0000,0.0000,3.7684,4.8442,-1.4588,1.0287,0.4564,0.2250,0.2106,0.0102,-0.0311,0.2924,0.0449,-0.0268
1786060559.5045,0.5597,0.3019,-1.4051,0.9109,0.5626,0.2967,-0.0214,0.0214,-0.0932,0.3281,-0.0183,0.0156,-0.0021,-0.0362,0.0155,-0.0036,0.0068,-0.0573,1.0000,1.0000,1.0000,0.0000,3.7898,4.8450,-1.4608,1.0575,0.4602,0.2233,0.2164,0.0084,-0.0118,0.2847,0.0312,-0.0062
1786060559.5556,0.5564,0.3013,-1.4161,0.9462,0.5626,0.2967,-0.0258,0.0138,-0.1024,0.3505,-0.0183,0.0156,-0.0461,-0.0684,0.0154,-0.0073,-0.0896,-0.2354,1.0000,1.0000,1.0000,0.0000,3.7898,4.8450,-1.4608,1.0575,0.4602,0.2233,0.2164,0.0084,-0.0118,0.2847,0.0312,-0.0062
1786060559.6051,0.5564,0.3013,-1.4110,0.9494,0.5594,0.2963,-0.0258,0.0138,-0.1028,0.3869,-0.0237,0.0099,-0.0249,-0.0815,0.0154,-0.0118,0.0031,-0.0332,1.0000,0.0000,1.0000,1.0000,3.8122,4.8449,-1.4609,1.0846,0.4648,0.2182,0.2219,-0.0154,-0.0008,0.2551,0.0330,-0.0891
1786060559.6545,0.5524,0.2986,-1.4212,0.9934,0.5552,0.2939,-0.0312,0.0013,-0.1053,0.4150,-0.0301,-0.0006,0.0170,-0.1082,0.0149,-0.0143,0.0134,-0.1037,1.0000,0.0000,1.0000,1.0000,3.8334,4.8406,-1.4620,1.1072,0.4662,0.2062,0.2064,-0.0673,-0.0179,0.2012,-0.0041,-0.1278
1786060559.7213,0.5524,0.2986,-1.4212,0.9934,0.5552,0.2939,-0.0312,0.0013,-0.1053,0.4150,-0.0301,-0.0006,0.0540,-0.1244,0.0149,-0.0143,0.0154,-0.0489,1.0000,0.0000,1.0000,1.0000,3.8334,4.8406,-1.4620,1.1072,0.4662,0.2062,0.2064,-0.0673,-0.0179,0.2012,-0.0041,-0.1278
1786060559.7603,0.5492,0.2892,-1.4257,1.0294,0.5502,0.2882,-0.0360,-0.0218,-0.0916,0.4178,-0.0378,-0.0183,0.0764,-0.0772,0.0145,-0.0147,0.0004,-0.0135,1.0000,1.0000,1.0000,1.0000,3.8334,4.8406,-1.4620,1.1072,0.4662,0.2062,0.2064,-0.0673,-0.0179,0.2012,-0.0041,-0.1278
1786060559.8077,0.5492,0.2892,-1.4387,1.0220,0.5502,0.2882,-0.0360,-0.0218,-0.1143,0.3885,-0.0378,-0.0183,0.0970,-0.0878,0.0152,-0.0120,-0.0008,-0.0301,1.0000,0.0000,1.0000,0.0000,3.8538,4.8308,-1.4641,1.1244,0.4647,0.1944,0.2084,-0.1181,-0.0166,0.1516,-0.0053,-0.1094
1786060559.8546,0.5425,0.2828,-1.4270,1.0353,0.5451,0.2802,-0.0447,-0.0442,-0.0503,0.3368,-0.0447,-0.0391,0.0515,-0.0431,0.0151,-0.0052,0.0012,-0.0167,1.0000,1.0000,1.0000,0.0000,3.8761,4.8176,-1.4640,1.1382,0.4660,0.1835,0.2313,-0.1318,0.0131,0.1379,0.0203,-0.0797
1786060559.9045,0.5425,0.2828,-1.4122,1.0652,0.5422,0.2695,-0.0447,-0.0442,-0.0177,0.3299,-0.0419,-0.0618,0.0566,-0.0488,0.0153,-0.0051,-0.0183,-0.0160,1.0000,0.0000,1.0000,1.0000,3.9010,4.8055,-1.4603,1.1528,0.4710,0.1708,0.2623,-0.1088,0.0556,0.1567,0.0671,-0.1867
1786060559.9546,0.5399,0.2711,-1.4244,1.0571,0.5422,0.2695,-0.0400,-0.0679,-0.0275,0.3073,-0.0419,-0.0618,0.0427,-0.0461,0.0160,-0.0008,-0.0095,0.0013,1.0000,1.0000,1.0000,0.0000,3.9010,4.8055,-1.4603,1.1528,0.4710,0.1708,0.2623,-0.1088,0.0556,0.1567,0.0671,-0.1867
1786060560.0046,0.5399,0.2711,-1.4170,1.0866,0.5412,0.2584,-0.0400,-0.0679,-0.0282,0.3144,-0.0344,-0.0814,0.0472,-0.0294,0.0155,-0.0022,-0.0223,-0.0165,1.0000,0.0000,1.0000,1.0000,3.9284,4.7973,-1.4532,1.1709,0.4816,0.1489,0.2806,-0.0553,0.0775,0.2055,0.0982,-0.2342
1786060560.0546,0.5388,0.2593,-1.4221,1.0779,0.5412,0.2584,-0.0306,-0.0835,-0.0113,0.2747,-0.0344,-0.0814,0.0408,-0.0218,0.0178,0.0042,-0.0167,-0.0152,1.0000,1.0000,1.0000,0.0000,3.9284,4.7973,-1.4532,1.1709,0.4816,0.1489,0.2806,-0.0553,0.0775,0.2055,0.0982,-0.2342
1786060560.1054,0.5388,0.2593,-1.4221,1.0779,0.5412,0.2584,-0.0306,-0.0835,-0.0113,0.2747,-0.0344,-0.0814,0.0392,-0.0243,0.0178,0.0040,-0.0151,-0.0135,1.0000,1.0000,1.0000,0.0000,3.9284,4.7973,-1.4532,1.1709,0.4816,0.1489,0.2806,-0.0553,0.0775,0.2055,0.0982,-0.2342
1786060560.1545,0.5411,0.2448,-1.4249,1.1152,0.5404,0.2458,-0.0196,-0.0978,-0.0322,0.2930,-0.0277,-0.0993,0.0524,-0.0269,0.0159,0.0016,-0.0346,-0.0066,1.0000,1.0000,1.0000,0.0000,3.9561,4.7941,-1.4463,1.1938,0.4914,0.1342,0.2679,-0.0211,0.0557,0.2399,0.0620,-0.0674
1786060560.2046,0.5411,0.2448,-1.4616,1.1630,0.5346,0.2354,-0.0196,-0.0978,-0.1415,0.3691,-0.0377,-0.1018,0.0505,-0.0170,0.0145,-0.0107,-0.0283,-0.0148,1.0000,0.0000,1.0000,1.0000,3.9816,4.7914,-1.4426,1.2174,0.4953,0.1324,0.2467,-0.0367,0.0229,0.2288,0.0294,-0.0093
1786060560.2545,0.5400,0.2318,-1.4464,1.1548,0.5346,0.2354,-0.0159,-0.1031,-0.0881,0.3109,-0.0377,-0.1018,0.0517,-0.0254,0.0137,-0.0010,-0.0303,-0.0053,1.0000,1.0000,1.0000,0.0000,4.0054,4.7850,-1.4333,1.2245,0.5046,0.1395,0.2295,-0.0895,0.0065,0.1777,0.0130,-0.0604
1786060560.3045,0.5400,0.2318,-1.4658,1.2074,0.5283,0.2253,-0.0159,-0.1031,-0.1112,0.3953,-0.0458,-0.1026,0.0514,-0.0189,0.0140,-0.0133,-0.0279,-0.0113,1.0000,0.0000,1.0000,1.0000,4.0054,4.7850,-1.4415,1.2378,0.4955,0.1233,0.2295,-0.0895,0.0050,0.1793,-0.0096,-0.1898
1786060560.3546,0.5400,0.2318,-1.4658,1.2074,0.5283,0.2253,-0.0159,-0.1031,-0.1112,0.3953,-0.0458,-0.1026,0.0517,-0.0189,0.0140,-0.0131,-0.0280,-0.0115,1.0000,0.0000,1.0000,1.0000,4.0283,4.7727,-1.4404,1.2523,0.4949,0.0941,0.2302,-0.1473,0.0182,0.1198,0.0049,-0.3264
1786060560.4169,0.5400,0.2318,-1.4658,1.2074,0.5283,0.2253,-0.0159,-0.1031,-0.1112,0.3953,-0.0458,-0.1026,0.0517,-0.0189,0.0140,-0.0131,-0.0279,-0.0115,1.0000,0.0000,1.0000,1.0000,4.0283,4.7727,-1.4404,1.2523,0.4949,0.0941,0.2302,-0.1473,0.0182,0.1198,0.0049,-0.3264
1786060560.4545,0.5368,0.2215,-1.4748,1.2465,0.5288,0.2094,-0.0200,-0.0960,-0.1058,0.3981,-0.0304,-0.1211,0.0512,-0.0157,0.0137,-0.0134,-0.0270,-0.0190,1.0000,0.0000,1.0000,1.0000,4.0525,4.7567,-1.4366,1.2628,0.4969,0.0633,0.2558,-0.1624,0.0571,0.1014,0.0629,-0.2690
1786060560.5045,0.5385,0.2093,-1.4550,1.1973,0.5351,0.1875,-0.0075,-0.0995,-0.0622,0.2270,-0.0014,-0.1526,0.0460,-0.0089,0.0142,0.0139,-0.0220,-0.0256,1.0000,1.0000,1.0000,0.0000,4.0791,4.7424,-1.4296,1.2747,0.5028,0.0478,0.2702,-0.1172,0.0732,0.1447,0.0666,-0.0436
1786060560.5546,0.5385,0.2093,-1.4550,1.1973,0.5351,0.1875,-0.0075,-0.0995,-0.0622,0.2270,-0.0014,-0.1526,0.0465,-0.0092,0.0142,0.0132,-0.0218,-0.0257,1.0000,1.0000,1.0000,0.0000,4.0791,4.7424,-1.4296,1.2747,0.5028,0.0478,0.2702,-0.1172,0.0732,0.1447,0.0666,-0.0436
1786060560.6045,0.5385,0.2093,-1.4519,1.2803,0.5456,0.1610,-0.0075,-0.0995,0.0216,0.2601,0.0321,-0.1827,0.0432,-0.0093,0.0189,0.0038,-0.0153,-0.0279,1.0000,0.0000,1.0000,1.0000,4.1064,4.7340,-1.4225,1.2925,0.5078,0.0478,0.2719,-0.0522,0.0655,0.2102,0.0540,0.0207
1786060560.6547,0.5423,0.1955,-1.4464,1.1856,0.5456,0.1610,0.0073,-0.1042,-0.0118,0.1035,0.0321,-0.1827,0.0414,-0.0046,0.0414,0.0202,-0.0159,-0.0280,1.0000,1.0000,1.0000,0.0000,4.1064,4.7340,-1.4225,1.2925,0.5078,0.0478,0.2719,-0.0522,0.0655,0.2102,0.0540,0.0207
1786060560.7046,0.5423,0.1955,-1.4636,1.2991,0.5591,0.1356,0.0073,-0.1042,-0.0226,0.2253,0.0626,-0.1963,0.0398,-0.0050,0.0184,0.0117,-0.0118,-0.0283,1.0000,0.0000,1.0000,1.0000,4.1330,4.7331,-1.4171,1.3180,0.5128,0.0424,0.2595,0.0249,0.0428,0.2892,0.0353,-0.1401
1786060560.7545,0.5513,0.1772,-1.4416,1.1700,0.5591,0.1356,0.0322,-0.1186,0.0080,0.0131,0.0626,-0.1963,0.0338,-0.0007,0.2198,-0.1457,-0.0129,-0.0287,1.0000,1.0000,1.0000,0.0000,4.1330,4.7331,-1.4171,1.3180,0.5128,0.0424,0.2595,0.0249,0.0428,0.2892,0.0353,-0.1401
1786060560.8046,0.5513,0.1772,-1.4129,1.2830,0.5688,0.1184,0.0322,-0.1186,0.1432,0.0994,0.0717,-0.1844,0.0331,-0.0010,0.0232,-0.0139,-0.0120,-0.0308,1.0000,0.0000,1.0000,1.0000,4.1579,4.7374,-1.4141,1.3488,0.5154,0.0198,0.2431,0.0459,0.0245,0.3115,-0.0038,-0.2670
1786060560.8546,0.5513,0.1772,-1.4129,1.2830,0.5688,0.1184,0.0322,-0.1186,0.1432,0.0994,0.0717,-0.1844,0.0331,-0.0011,0.0289,-0.0129,-0.0120,-0.0307,1.0000,0.0000,1.0000,1.0000,4.1579,4.7374,-1.4141,1.3488,0.5154,0.0198,0.2431,0.0459,0.0245,0.3115,-0.0038,-0.2670
1786060560.9045,0.5596,0.1611,-1.4438,1.1654,0.5688,0.1184,0.0449,-0.1201,-0.0022,-0.0065,0.0717,-0.1844,0.0321,0.0009,0.3000,0.1079,-0.0129,-0.0310,1.0000,1.0000,1.0000,0.0000,4.1818,4.7403,-1.4116,1.3781,0.5248,0.0365,0.2367,0.0095,0.0296,0.2709,-0.0026,-0.3066
1786060560.9546,0.5596,0.1611,-1.3834,1.2796,0.5739,0.1062,0.0449,-0.1201,0.1903,0.0577,0.0651,-0.1646,0.0320,0.0009,0.0136,-0.0126,-0.0146,-0.0336,1.0000,0.0000,1.0000,1.0000,4.1818,4.7403,-1.4116,1.3781,0.5169,-0.0002,0.2367,0.0095,0.0296,0.2709,0.0182,-0.1220
1786060561.0089,0.5596,0.1611,-1.3834,1.2796,0.5739,0.1062,0.0449,-0.1201,0.1903,0.0577,0.0651,-0.1646,0.0320,0.0009,0.0202,-0.0143,-0.0146,-0.0335,1.0000,0.0000,1.0000,1.0000,4.1913,4.7497,-1.4020,1.3876,0.5265,0.0093,0.2331,-0.0795,0.0259,0.1819,0.0145,-0.2109
1786060561.0724,0.5596,0.1611,-1.3834,1.2796,0.5739,0.1062,0.0449,-0.1201,0.1903,0.0577,0.0651,-0.1646,0.0320,0.0009,0.0200,-0.0142,-0.0146,-0.0335,1.0000,0.0000,1.0000,1.0000,4.2050,4.7364,-1.4081,1.3998,0.5198,-0.0083,0.2260,-0.0748,0.0363,0.1772,0.0223,-0.0626
1786060561.1092,0.5659,0.1477,-1.4357,1.1626,0.5739,0.1062,0.0458,-0.1101,-0.0388,0.0217,0.0651,-0.1646,0.0345,0.0019,-0.0046,0.0179,-0.0153,-0.0337,1.0000,1.0000,1.0000,0.0000,4.2050,4.7364,-1.4081,1.3998,0.5198,-0.0083,0.2260,-0.0748,0.0363,0.1772,0.0223,-0.0626
1786060561.1545,0.5682,0.1365,-1.4446,1.1684,0.5727,0.0720,0.0342,-0.0991,-0.0503,0.0307,0.0222,-0.1593,0.0423,0.0020,-0.0032,0.0206,-0.0215,-0.0298,1.0000,1.0000,1.0000,0.0000,4.2271,4.7259,-1.4042,1.4144,0.5199,-0.0160,0.2188,-0.1216,0.0408,0.1298,-0.0149,-0.1251
1786060561.2141,0.5682,0.1365,-1.4446,1.1684,0.5727,0.0720,0.0342,-0.0991,-0.0503,0.0307,0.0222,-0.1593,0.0420,0.0023,-0.0027,0.0211,-0.0217,-0.0297,1.0000,1.0000,1.0000,0.0000,4.2271,4.7259,-1.4042,1.4144,0.5199,-0.0160,0.2188,-0.1216,0.0408,0.1298,-0.0149,-0.1251
1786060561.2551,0.5682,0.1365,-1.3552,1.3069,0.5647,0.0529,0.0342,-0.0991,0.0940,0.0961,-0.0099,-0.1667,0.0436,0.0022,0.0395,-0.0125,-0.0219,-0.0247,1.0000,0.0000,1.0000,1.0000,4.2497,4.7134,-1.3997,1.4276,0.5161,-0.0411,0.2342,-0.1203,0.0463,0.1406,-0.0496,-0.3330
1786060561.3076,0.5682,0.1365,-1.3552,1.3069,0.5647,0.0529,0.0342,-0.0991,0.0940,0.0961,-0.0099,-0.1667,0.0435,0.0023,0.0382,-0.0144,-0.0220,-0.0248,1.0000,0.0000,1.0000,1.0000,4.2497,4.7134,-1.3997,1.4276,0.5161,-0.0411,0.2342,-0.1203,0.0463,0.1406,-0.0496,-0.3330
1786060561.3559,0.5679,0.1165,-1.4810,1.2067,0.5647,0.0529,0.0185,-0.1188,-0.1413,0.1361,-0.0099,-0.1667,0.0438,-0.0038,-0.0034,0.0167,-0.0219,-0.0248,1.0000,1.0000,1.0000,0.0000,4.2746,4.7034,-1.3948,1.4444,0.5119,-0.0745,0.2596,-0.0830,0.0507,0.1918,-0.0269,-0.2766
1786060561.4058,0.5679,0.1165,-1.4810,1.2067,0.5647,0.0529,0.0185,-0.1188,-0.1413,0.1361,-0.0099,-0.1667,0.0435,-0.0039,-0.0033,0.0158,-0.0219,-0.0248,1.0000,1.0000,1.0000,0.0000,4.2746,4.7034,-1.3948,1.4444,0.5119,-0.0745,0.2596,-0.0830,0.0507,0.1918,-0.0269,-0.2766
1786060561.4545,0.5639,0.0882,-1.4482,1.2411,0.5565,0.0387,-0.0017,-0.1556,0.0202,0.1844,-0.0319,-0.1504,0.0376,-0.0064,0.0273,0.0122,-0.0238,-0.0219,1.0000,1.0000,1.0000,0.0000,4.3016,4.6973,-1.3894,1.4661,0.5114,-0.0915,0.2743,-0.0507,0.0568,0.2294,0.0099,-0.1199
1786060561.5125,0.5639,0.0882,-1.4482,1.2411,0.5565,0.0387,-0.0017,-0.1556,0.0202,0.1844,-0.0319,-0.1504,0.0374,-0.0065,0.0279,0.0115,-0.0238,-0.0218,1.0000,1.0000,1.0000,0.0000,4.3016,4.6973,-1.3894,1.4661,0.5114,-0.0915,0.2743,-0.0507,0.0568,0.2294,0.0099,-0.1199
1786060561.5633,0.5639,0.0882,-1.3834,1.3580,0.5439,0.0303,-0.0017,-0.1556,-0.0382,0.1687,-0.0592,-0.1208,0.0400,-0.0077,0.0177,0.0194,-0.0241,-0.0173,1.0000,0.0000,1.0000,1.0000,4.3285,4.6921,-1.3835,1.4886,0.5122,-0.1013,0.2603,-0.0534,0.0583,0.2179,0.0071,-0.0962
1786060561.6175,0.5639,0.0882,-1.3834,1.3580,0.5439,0.0303,-0.0017,-0.1556,-0.0382,0.1687,-0.0592,-0.1208,0.0400,-0.0076,0.0173,0.0194,-0.0241,-0.0172,1.0000,0.0000,1.0000,1.0000,4.3285,4.6921,-1.3835,1.4886,0.5122,-0.1013,0.2603,-0.0534,0.0583,0.2179,0.0071,-0.0962
1786060561.6548,0.5494,0.0665,-1.4390,1.2847,0.5439,0.0303,-0.0450,-0.1564,0.0672,0.2475,-0.0592,-0.1208,0.0319,-0.0138,0.0208,0.0006,-0.0218,-0.0184,1.0000,1.0000,1.0000,0.0000,4.3531,4.6867,-1.3776,1.5096,0.5108,-0.1153,0.2316,-0.0581,0.0563,0.1999,-0.0389,-0.1934
1786060561.7051,0.5497,0.0650,-1.4342,1.2904,0.5439,0.0303,-0.0449,-0.1572,0.0542,0.2536,-0.0592,-0.1208,0.0317,-0.0136,0.0204,0.0017,-0.0221,-0.0183,1.0000,1.0000,1.0000,0.0000,4.3531,4.6867,-1.3776,1.5096,0.5108,-0.1153,0.2316,-0.0581,0.0563,0.1999,-0.0389,-0.1934
1786060561.7546,0.5254,0.0564,-1.4352,1.3405,0.5173,0.0192,-0.0990,-0.1119,0.0266,0.2924,-0.0899,-0.0721,0.0154,-0.0221,0.0162,-0.0014,-0.0126,-0.0209,1.0000,1.0000,1.0000,0.0000,4.3749,4.6801,-1.3723,1.5284,0.5036,-0.1405,0.2068,-0.0720,0.0483,0.1792,-0.0982,-0.2756
1786060561.8074,0.5254,0.0564,-1.4352,1.3405,0.5173,0.0192,-0.0990,-0.1119,0.0266,0.2924,-0.0899,-0.0721,0.0147,-0.0215,0.0162,-0.0013,-0.0126,-0.0207,1.0000,1.0000,1.0000,0.0000,4.3749,4.6801,-1.3723,1.5284,0.5036,-0.1405,0.2068,-0.0720,0.0483,0.1792,-0.0982,-0.2756
1786060561.8548,0.5254,0.0564,-1.4352,1.3405,0.5173,0.0192,-0.0990,-0.1119,0.0266,0.2924,-0.0899,-0.0721,0.0146,-0.0215,0.0162,-0.0013,-0.0126,-0.0207,1.0000,1.0000,1.0000,0.0000,4.3949,4.6721,-1.3681,1.5454,0.4932,-0.1654,0.2000,-0.0870,0.0393,0.1637,-0.1015,-0.2096
1786060561.9046,0.4993,0.0494,-1.4276,1.3981,0.5115,0.0045,-0.1325,-0.0803,0.0371,0.3308,-0.0733,-0.0901,-0.0057,-0.0167,0.0133,-0.0080,-0.0100,-0.0170,1.0000,1.0000,1.0000,0.0000,4.4155,4.6628,-1.3641,1.5612,0.4833,-0.1814,0.2134,-0.0982,0.0428,0.1527,-0.0955,-0.1393
1786060561.9546,0.4993,0.0494,-1.4276,1.3981,0.5115,0.0045,-0.1325,-0.0803,0.0371,0.3308,-0.0733,-0.0901,-0.0063,-0.0159,0.0134,-0.0078,-0.0099,-0.0170,1.0000,1.0000,1.0000,0.0000,4.4155,4.6628,-1.3641,1.5612,0.4833,-0.1814,0.2134,-0.0982,0.0428,0.1527,-0.0955,-0.1393
1786060562.0046,0.4993,0.0494,-1.4276,1.3981,0.5115,0.0045,-0.1325,-0.0803,0.0371,0.3308,-0.0733,-0.0901,-0.0064,-0.0159,0.0134,-0.0078,-0.0099,-0.0170,1.0000,1.0000,1.0000,0.0000,4.4365,4.6524,-1.3603,1.5758,0.4671,-0.1952,0.1880,-0.1082,0.0193,0.1398,-0.3044,-0.1340
1786060562.0570,0.4899,0.0304,-1.4533,1.4437,0.5135,-0.0285,-0.0984,-0.1035,-0.0473,0.3249,-0.0350,-0.1528,0.0048,-0.0219,0.0124,-0.0039,-0.0154,-0.0214,1.0000,1.0000,1.0000,0.0000,4.4365,4.6524,-1.3603,1.5758,0.4671,-0.1952,0.1880,-0.1082,0.0193,0.1398,-0.3044,-0.1340
1786060562.1046,0.4857,0.0311,-1.4603,1.4470,0.5135,-0.0285,-0.1086,-0.0967,-0.0817,0.3170,-0.0350,-0.1528,0.0010,-0.0210,0.0115,-0.0028,-0.0148,-0.0211,1.0000,1.0000,1.0000,0.0000,4.4516,4.6403,-1.3612,1.5882,0.4261,-0.2112,0.1174,-0.1319,-0.0356,0.1103,-0.4639,-0.1716
1786060562.1545,0.4857,0.0311,-1.4603,1.4470,0.5135,-0.0285,-0.1086,-0.0967,-0.0817,0.3170,-0.0350,-0.1528,0.0009,-0.0209,0.0115,-0.0028,-0.0148,-0.0211,1.0000,1.0000,1.0000,0.0000,4.4516,4.6403,-1.3612,1.5882,0.4261,-0.2112,0.1174,-0.1319,-0.0356,0.1103,-0.4639,-0.1716
1786060562.2047,0.4857,0.0311,-1.4965,1.5069,0.5146,-0.0664,-0.1086,-0.0967,-0.2190,0.2038,-0.0163,-0.2023,0.0023,-0.0202,0.0020,0.0012,-0.0128,-0.0223,1.0000,0.0000,1.0000,1.0000,4.4588,4.6262,-1.3681,1.5978,0.3817,-0.2266,0.0367,-0.1459,-0.0946,0.0859,-0.4266,-0.1361
1786060562.2545,0.4868,-0.0013,-1.4236,1.5220,0.5146,-0.0664,-0.0500,-0.1470,0.0723,0.3860,-0.0163,-0.2023,0.0217,-0.0169,0.0090,-0.0165,-0.0124,-0.0221,1.0000,1.0000,1.0000,0.0000,4.4588,4.6262,-1.3681,1.5978,0.3817,-0.2266,0.0367,-0.1459,-0.0946,0.0859,-0.4266,-0.1361
1786060562.3183,0.4868,-0.0013,-1.4236,1.5220,0.5146,-0.0664,-0.0500,-0.1470,0.0723,0.3860,-0.0163,-0.2023,0.0227,-0.0168,0.0091,-0.0163,-0.0124,-0.0221,1.0000,1.0000,1.0000,0.0000,4.4588,4.6262,-1.3681,1.5978,0.3817,-0.2266,0.0367,-0.1459,-0.0946,0.0859,-0.4266,-0.1361
1786060562.3546,0.4868,-0.0013,-1.5317,1.5197,0.5149,-0.1009,-0.0500,-0.1470,-0.2217,0.1447,-0.0073,-0.2107,0.0238,-0.0164,-0.0049,0.0022,-0.0134,-0.0228,1.0000,0.0000,1.0000,1.0000,4.4594,4.6115,-1.3798,1.6057,0.3418,-0.2378,-0.0127,-0.1453,-0.1304,0.0752,-0.4009,-0.1018
1786060562.4047,0.4985,-0.0442,-1.4193,1.5642,0.5149,-0.1009,-0.0004,-0.1993,0.0263,0.3313,-0.0073,-0.2107,0.0257,-0.0017,0.0122,-0.0073,-0.0142,-0.0229,1.0000,1.0000,1.0000,0.0000,4.4577,4.5977,-1.3936,1.6136,0.2996,-0.2496,-0.0119,-0.1310,-0.1394,0.0868,-0.4426,-0.1325
1786060562.4546,0.4985,-0.0442,-1.4193,1.5642,0.5149,-0.1009,-0.0004,-0.1993,0.0263,0.3313,-0.0073,-0.2107,0.0261,-0.0021,0.0123,-0.0072,-0.0142,-0.0229,1.0000,1.0000,1.0000,0.0000,4.4577,4.5977,-1.3936,1.6136,0.2996,-0.2496,-0.0119,-0.1310,-0.1394,0.0868,-0.4426,-0.1325
1786060562.5054,0.4968,-0.0667,-1.4484,1.5754,0.5149,-0.1009,0.0077,-0.1902,-0.0508,0.2109,-0.0073,-0.2107,0.0265,-0.0031,0.0113,0.0150,-0.0130,-0.0225,1.0000,1.0000,1.0000,0.0000,4.4582,4.5856,-1.4069,1.6235,0.2533,-0.2665,0.0196,-0.1133,-0.1262,0.1080,-0.4692,-0.1910
1786060562.5569,0.4968,-0.0667,-1.4484,1.5754,0.5149,-0.1009,0.0077,-0.1902,-0.0508,0.2109,-0.0073,-0.2107,0.0265,-0.0031,0.0113,0.0146,-0.0130,-0.0225,1.0000,1.0000,1.0000,0.0000,4.4582,4.5856,-1.4069,1.6235,0.2533,-0.2665,0.0196,-0.1133,-0.1262,0.1080,-0.4692,-0.1910
1786060562.6046,0.5005,-0.0814,-1.4316,1.5799,0.5112,-0.1144,0.0059,-0.2051,-0.0257,0.1998,-0.0148,-0.1401,0.0246,-0.0009,0.0155,0.0153,-0.0226,-0.0251,1.0000,1.0000,1.0000,0.0000,4.4617,4.5748,-1.4182,1.6349,0.2081,-0.2861,0.0472,-0.1052,-0.1007,0.1167,-0.4346,-0.1933
1786060562.6568,0.5005,-0.0814,-1.4316,1.5799,0.5112,-0.1144,0.0059,-0.2051,-0.0257,0.1998,-0.0148,-0.1401,0.0247,-0.0010,0.0156,0.0153,-0.0225,-0.0248,1.0000,1.0000,1.0000,0.0000,4.4617,4.5748,-1.4182,1.6349,0.2081,-0.2861,0.0472,-0.1052,-0.1007,0.1167,-0.4346,-0.1933
1786060562.7049,0.4993,-0.0977,-1.3920,1.6039,0.4956,-0.1199,0.0130,-0.2230,0.2224,0.2121,-0.0553,-0.0861,0.0350,-0.0102,0.0105,-0.0138,-0.0311,-0.0024,1.0000,0.0000,1.0000,1.0000,4.4672,4.5638,-1.4270,1.6460,0.1676,-0.3037,0.0578,-0.1170,-0.0782,0.1029,-0.3871,-0.1712
1786060562.7547,0.4993,-0.0977,-1.3920,1.6039,0.4956,-0.1199,0.0130,-0.2230,0.2224,0.2121,-0.0553,-0.0861,0.0348,-0.0100,0.0110,-0.0136,-0.0303,-0.0019,1.0000,0.0000,1.0000,1.0000,4.4672,4.5638,-1.4270,1.6460,0.1676,-0.3037,0.0578,-0.1170,-0.0782,0.1029,-0.3871,-0.1712
1786060562.8046,0.4888,-0.1325,-1.4918,1.5644,0.4956,-0.1199,-0.0252,-0.2368,-0.1376,0.0445,-0.0553,-0.0861,0.0210,-0.0192,-0.0197,-0.0068,-0.0209,0.0049,1.0000,1.0000,1.0000,0.0000,4.4672,4.5638,-1.4270,1.6460,0.1676,-0.3037,0.0578,-0.1170,-0.0782,0.1029,-0.3871,-0.1712
1786060562.8545,0.4888,-0.1325,-1.3777,1.6068,0.4769,-0.1458,-0.0252,-0.2368,0.1530,0.1129,-0.0843,-0.1214,0.0299,-0.0129,0.0291,-0.0126,-0.0258,-0.0042,1.0000,0.0000,1.0000,1.0000,4.4726,4.5510,-1.4343,1.6550,0.1312,-0.3206,0.0507,-0.1361,-0.0722,0.0801,-0.3487,-0.1712
1786060562.9056,0.4888,-0.1325,-1.3777,1.6068,0.4769,-0.1458,-0.0252,-0.2368,0.1530,0.1129,-0.0843,-0.1214,0.0301,-0.0129,0.0279,-0.0130,-0.0258,-0.0043,1.0000,0.0000,1.0000,1.0000,4.4772,4.5368,-1.4419,1.6623,0.0981,-0.3383,0.0424,-0.1429,-0.0818,0.0689,-0.3184,-0.1837
1786060562.9546,0.4888,-0.1325,-1.3777,1.6068,0.4769,-0.1458,-0.0252,-0.2368,0.1530,0.1129,-0.0843,-0.1214,0.0301,-0.0129,0.0279,-0.0130,-0.0258,-0.0043,1.0000,0.0000,1.0000,1.0000,4.4772,4.5368,-1.4419,1.6623,0.0981,-0.3383,0.0424,-0.1429,-0.0818,0.0689,-0.3184,-0.1837
1786060563.0046,0.4677,-0.1607,-1.3900,1.6061,0.4769,-0.1458,-0.0766,-0.1929,0.2529,0.1487,-0.0843,-0.1214,0.0126,-0.0291,0.0094,-0.0147,-0.0143,0.0016,1.0000,1.0000,1.0000,0.0000,4.4816,4.5230,-1.4510,1.6697,0.0678,-0.3567,0.0493,-0.1316,-0.0976,0.0834,-0.2888,-0.1829
1786060563.0550,0.4677,-0.1607,-1.3674,1.5687,0.4534,-0.1678,-0.0766,-0.1929,0.1066,-0.0611,-0.1131,-0.1271,0.0241,-0.0217,0.0124,-0.0165,-0.0229,-0.0057,1.0000,0.0000,1.0000,1.0000,4.4816,4.5230,-1.4510,1.6697,0.0678,-0.3567,0.0493,-0.1316,-0.0976,0.0834,-0.2888,-0.1829
1786060563.1099,0.4713,-0.1589,-1.4924,1.5592,0.4534,-0.1678,-0.0710,-0.1727,-0.1235,-0.0112,-0.1131,-0.1271,0.0254,-0.0224,-0.0137,-0.0304,-0.0233,-0.0085,1.0000,1.0000,1.0000,0.0000,4.4816,4.5230,-1.4510,1.6697,0.0678,-0.3567,0.0493,-0.1316,-0.0976,0.0834,-0.2888,-0.1829
1786060563.1546,0.4713,-0.1589,-1.4924,1.5592,0.4534,-0.1678,-0.0710,-0.1727,-0.1235,-0.0112,-0.1131,-0.1271,0.0255,-0.0224,-0.0134,-0.0300,-0.0233,-0.0086,1.0000,1.0000,1.0000,0.0000,4.4875,4.5109,-1.4612,1.6796,0.0402,-0.3739,0.0670,-0.1123,-0.1042,0.1113,-0.2651,-0.1616
1786060563.2046,0.4448,-0.1857,-1.4849,1.5751,0.4320,-0.1901,-0.1039,-0.1616,-0.3073,-0.0102,-0.1204,-0.1296,0.0179,-0.0232,0.0030,-0.0107,-0.0226,-0.0075,1.0000,0.0000,1.0000,1.0000,4.4948,4.5004,-1.4713,1.6918,0.0140,-0.3885,0.0762,-0.1018,-0.0987,0.1284,-0.2636,-0.1366
1786060563.2545,0.4475,-0.1788,-1.5080,1.6066,0.4320,-0.1901,-0.0944,-0.1157,-0.0868,0.1379,-0.1204,-0.1296,0.0135,-0.0199,-0.0001,0.0192,-0.0211,-0.0145,1.0000,1.0000,1.0000,0.0000,4.4948,4.5004,-1.4713,1.6918,0.0140,-0.3885,0.0762,-0.1018,-0.0987,0.1284,-0.2636,-0.1366
1786060563.3118,0.4475,-0.1788,-1.5080,1.6066,0.4320,-0.1901,-0.0944,-0.1157,-0.0868,0.1379,-0.1204,-0.1296,0.0132,-0.0197,0.0003,0.0191,-0.0210,-0.0146,1.0000,1.0000,1.0000,0.0000,4.4948,4.5004,-1.4713,1.6918,0.0140,-0.3885,0.0762,-0.1018,-0.0987,0.1284,-0.2636,-0.1366
1786060563.3553,0.4211,-0.2050,-1.3398,1.5618,0.4320,-0.1901,-0.1203,-0.1336,0.0967,-0.0707,-0.1204,-0.1296,-0.0045,-0.0297,0.0125,-0.0153,-0.0070,-0.0003,1.0000,1.0000,1.0000,0.0000,4.5023,4.4897,-1.4808,1.7046,-0.0131,-0.4016,0.0704,-0.1135,-0.0936,0.1234,-0.2785,-0.1297
1786060563.4045,0.4211,-0.2050,-1.5538,1.5763,0.4107,-0.1981,-0.1203,-0.1336,-0.3599,-0.0011,-0.1234,-0.0873,0.0065,-0.0295,0.0103,-0.0086,-0.0168,-0.0026,1.0000,0.0000,1.0000,1.0000,4.5085,4.4772,-1.4904,1.7162,-0.0413,-0.4149,0.0545,-0.1325,-0.1009,0.1104,-0.2854,-0.1364
1786060563.4555,0.4211,-0.2050,-1.5538,1.5763,0.4107,-0.1981,-0.1203,-0.1336,-0.3599,-0.0011,-0.1234,-0.0873,0.0069,-0.0296,0.0104,-0.0085,-0.0169,-0.0028,1.0000,0.0000,1.0000,1.0000,4.5085,4.4772,-1.4904,1.7162,-0.0413,-0.4149,0.0545,-0.1325,-0.1009,0.1104,-0.2854,-0.1364
1786060563.5153,0.4200,-0.2078,-1.2944,1.6428,0.4107,-0.1981,-0.1126,-0.1238,0.6086,0.1527,-0.1234,-0.0873,0.0067,-0.0306,-0.0060,-0.0102,-0.0170,-0.0026,1.0000,1.0000,1.0000,0.0000,4.5085,4.4772,-1.4904,1.7162,-0.0413,-0.4149,0.0545,-0.1325,-0.1009,0.1104,-0.2854,-0.1364
1786060563.5628,0.3920,-0.1983,-1.3625,1.5071,0.4107,-0.1981,-0.1433,-0.0406,-0.0251,-0.1986,-0.1234,-0.0873,-0.0237,-0.0011,0.0204,-0.0179,-0.0018,-0.0150,1.0000,1.0000,1.0000,0.0000,4.5131,4.4635,-1.5013,1.7269,-0.0696,-0.4289,0.0410,-0.1389,-0.1162,0.1070,-0.2828,-0.1420
1786060563.6268,0.3920,-0.1983,-1.6040,1.5753,0.3819,-0.1916,-0.1433,-0.0406,-0.3210,-0.0036,-0.1454,-0.0211,-0.0073,-0.0106,0.0040,-0.0095,-0.0183,-0.0123,1.0000,0.0000,1.0000,1.0000,4.5131,4.4635,-1.5013,1.7269,-0.0696,-0.4289,0.0410,-0.1389,-0.1162,0.1070,-0.2828,-0.1420
1786060563.6696,0.3920,-0.1983,-1.6040,1.5753,0.3819,-0.1916,-0.1433,-0.0406,-0.3210,-0.0036,-0.1454,-0.0211,-0.0071,-0.0111,0.0044,-0.0094,-0.0185,-0.0123,1.0000,0.0000,1.0000,1.0000,4.5171,4.4501,-1.5136,1.7381,-0.0980,-0.4430,0.0427,-0.1278,-0.1257,0.1176,-0.2873,-0.1393
1786060563.7299,0.3656,-0.1934,-1.1967,1.6514,0.3819,-0.1916,-0.2067,-0.0045,0.5277,0.0849,-0.1454,-0.0211,-0.0201,0.0055,-0.0134,-0.0118,-0.0011,-0.0199,1.0000,1.0000,1.0000,0.0000,4.5171,4.4501,-1.5136,1.7381,-0.0980,-0.4430,0.0427,-0.1278,-0.1257,0.1176,-0.2873,-0.1393
1786060563.7751,0.3656,-0.1934,-1.6254,1.5677,0.3463,-0.2039,-0.2067,-0.0045,-0.2178,-0.0248,-0.1777,-0.0475,-0.0040,0.0137,-0.0096,-0.0166,-0.0146,-0.0245,1.0000,0.0000,1.0000,1.0000,4.5221,4.4383,-1.5258,1.7507,-0.1274,-0.4564,0.0560,-0.1097,-0.1185,0.1344,-0.2980,-0.1280
1786060563.8328,0.3465,-0.1904,-1.4101,1.4485,0.3463,-0.2039,-0.2064,0.0049,-0.1570,-0.2725,-0.1777,-0.0475,-0.0118,0.0167,0.0162,-0.0060,-0.0068,-0.0255,1.0000,1.0000,1.0000,0.0000,4.5221,4.4383,-1.5258,1.7507,-0.1274,-0.4564,0.0560,-0.1097,-0.1185,0.1344,-0.2980,-0.1280
1786060563.8787,0.3281,-0.2007,-1.1753,1.6506,0.3463,-0.2039,-0.2020,-0.0241,0.2906,0.0337,-0.1777,-0.0475,-0.0203,0.0054,0.0032,-0.0156,0.0005,-0.0192,1.0000,1.0000,1.0000,0.0000,4.5283,4.4279,-1.5367,1.7646,-0.1574,-0.4685,0.0649,-0.1031,-0.1013,0.1390,-0.3005,-0.1178
1786060563.9167,0.3281,-0.2007,-1.6238,1.5580,0.3185,-0.2348,-0.2020,-0.0241,-0.1021,-0.0418,-0.1723,-0.1178,-0.0100,0.0115,-0.0002,-0.0424,-0.0086,-0.0209,1.0000,0.0000,1.0000,1.0000,4.5283,4.4279,-1.5367,1.7646,-0.1574,-0.4685,0.0649,-0.1031,-0.1013,0.1390,-0.3005,-0.1178
1786060563.9582,0.3224,-0.2201,-1.5400,1.5115,0.3185,-0.2348,-0.1563,-0.0879,-0.4573,0.0812,-0.1723,-0.1178,-0.0062,-0.0034,0.0178,-0.0078,-0.0111,-0.0203,1.0000,1.0000,1.0000,0.0000,4.5347,4.4168,-1.5461,1.7779,-0.1869,-0.4803,0.0617,-0.1191,-0.0902,0.1262,-0.2885,-0.1211
1786060564.0045,0.3224,-0.2201,-1.6163,1.5290,0.2931,-0.2641,-0.1563,-0.0879,-0.0303,-0.1109,-0.1678,-0.1512,-0.0041,-0.0046,0.0365,-0.0277,-0.0128,-0.0174,1.0000,0.0000,1.0000,1.0000,4.5400,4.4037,-1.5551,1.7896,-0.2150,-0.4932,0.0443,-0.1402,-0.0921,0.1103,-0.2773,-0.1369
1786060564.0547,0.3072,-0.2659,-1.6100,1.5255,0.2931,-0.2641,-0.1188,-0.1801,-0.4248,0.0802,-0.1678,-0.1512,0.0152,-0.0229,0.0163,-0.0079,-0.0176,-0.0054,1.0000,1.0000,1.0000,0.0000,4.5400,4.4037,-1.5551,1.7896,-0.2150,-0.4932,0.0443,-0.1402,-0.0921,0.1103,-0.2773,-0.1369
1786060564.1046,0.3072,-0.2659,-1.6100,1.5255,0.2931,-0.2641,-0.1188,-0.1801,-0.4248,0.0802,-0.1678,-0.1512,0.0158,-0.0231,0.0165,-0.0079,-0.0175,-0.0054,1.0000,1.0000,1.0000,0.0000,4.5435,4.3892,-1.5647,1.8004,-0.2426,-0.5077,0.0281,-0.1463,-0.0987,0.1086,-0.2765,-0.1499
1786060564.1546,0.2446,-0.2405,-1.6755,1.5445,0.2211,-0.2681,-0.2622,-0.0737,-0.8988,-0.1953,-0.3156,-0.0970,0.0054,0.0031,0.0017,-0.0040,0.0016,-0.0145,1.0000,1.0000,1.0000,0.0000,4.5435,4.3892,-1.5647,1.8004,-0.2426,-0.5077,0.0281,-0.1463,-0.0987,0.1086,-0.2765,-0.1499
1786060564.2046,0.2470,-0.2640,-1.6581,1.5090,0.2211,-0.2681,-0.2500,-0.0927,-0.3804,-0.0067,-0.3156,-0.0970,0.0071,-0.0035,0.0134,-0.0073,-0.0014,-0.0090,1.0000,1.0000,1.0000,0.0000,4.5463,4.3752,-1.5746,1.8121,-0.2704,-0.5225,0.0312,-0.1333,-0.0976,0.1256,-0.2788,-0.1453
1786060564.2559,0.2470,-0.2640,-1.6581,1.5090,0.2211,-0.2681,-0.2500,-0.0927,-0.3804,-0.0067,-0.3156,-0.0970,0.0072,-0.0037,0.0132,-0.0073,-0.0013,-0.0090,1.0000,1.0000,1.0000,0.0000,4.5463,4.3752,-1.5746,1.8121,-0.2704,-0.5225,0.0312,-0.1333,-0.0976,0.1256,-0.2788,-0.1453
1786060564.3087,0.1744,-0.2764,-1.6315,1.4682,0.1513,-0.2830,-0.3698,-0.0924,-0.0605,-0.1739,-0.4038,-0.1036,0.0229,0.0032,0.0212,-0.0243,0.0081,-0.0086,1.0000,1.0000,1.0000,1.0000,4.5505,4.3628,-1.5838,1.8259,-0.2980,-0.5361,0.0516,-0.1178,-0.0860,0.1479,-0.2725,-0.1291
1786060564.3546,0.1811,-0.2584,-1.7266,1.5343,0.1513,-0.2830,-0.3431,-0.0967,-0.6625,-0.1410,-0.4038,-0.1036,0.0186,0.0045,0.0074,-0.0041,0.0092,-0.0112,1.0000,1.0000,1.0000,0.0000,4.5505,4.3628,-1.5838,1.8259,-0.2980,-0.5361,0.0516,-0.1178,-0.0860,0.1479,-0.2725,-0.1291
1786060564.4046,0.1811,-0.2584,-1.6449,1.4912,0.0881,-0.3057,-0.3431,-0.0967,-0.0773,-0.0319,-0.4351,-0.1318,0.0191,0.0038,0.0049,-0.0523,0.0092,-0.0086,1.0000,0.0000,1.0000,1.0000,4.5566,4.3512,-1.5915,1.8414,-0.3244,-0.5485,0.0662,-0.1162,-0.0715,0.1579,-0.2558,-0.1232
1786060564.4546,0.1218,-0.2850,-1.7366,1.5327,0.0881,-0.3057,-0.3628,-0.1328,-0.3787,-0.0791,-0.4351,-0.1318,0.0220,0.0040,0.0158,-0.0061,0.0090,-0.0081,1.0000,1.0000,1.0000,0.0000,4.5566,4.3512,-1.5915,1.8414,-0.3244,-0.5485,0.0662,-0.1162,-0.0715,0.1579,-0.2558,-0.1232
1786060564.5047,0.1218,-0.2850,-1.6537,1.5132,0.0367,-0.3388,-0.3628,-0.1328,-0.0768,0.0481,-0.4377,-0.1872,0.0211,0.0057,-0.0132,0.0084,0.0086,-0.0064,1.0000,0.0000,1.0000,1.0000,4.5630,4.3389,-1.5983,1.8568,-0.3491,-0.5616,0.0583,-0.1312,-0.0655,0.1473,-0.2421,-0.1398
1786060564.5546,0.0746,-0.3120,-1.6595,1.5434,-0.0033,-0.3681,-0.3682,-0.1647,-0.0719,0.1280,-0.4315,-0.2226,0.0215,0.0072,0.0051,0.0219,0.0076,-0.0050,1.0000,0.0000,1.0000,1.0000,4.5630,4.3389,-1.5983,1.8568,-0.3491,-0.5616,0.0583,-0.1312,-0.0655,0.1473,-0.2421,-0.1398
1786060564.6053,0.0746,-0.3120,-1.6595,1.5434,-0.0033,-0.3681,-0.3682,-0.1647,-0.0719,0.1280,-0.4315,-0.2226,0.0215,0.0072,0.0063,0.0221,0.0076,-0.0050,1.0000,0.0000,1.0000,1.0000,4.5675,4.3249,-1.6050,1.8705,-0.3733,-0.5769,0.0336,-0.1464,-0.0708,0.1299,-0.2447,-0.1643
1786060564.6546,0.0164,-0.3523,-1.6693,1.5868,-0.0455,-0.3971,-0.4211,-0.2328,-0.0844,0.2319,-0.4537,-0.2569,0.0234,0.0094,0.0088,0.0108,0.0036,-0.0053,1.0000,0.0000,1.0000,1.0000,4.5675,4.3249,-1.6050,1.8705,-0.3733,-0.5769,0.0336,-0.1464,-0.0708,0.1299,-0.2447,-0.1643
1786060564.7047,-0.0552,-0.3996,-1.6926,1.5437,-0.0455,-0.3971,-0.5170,-0.2742,-0.1191,0.1747,-0.4537,-0.2569,-0.0004,-0.0010,0.0011,0.0154,0.0218,0.0032,1.0000,1.0000,1.0000,0.0000,4.5699,4.3100,-1.6126,1.8831,-0.3996,-0.5942,0.0213,-0.1473,-0.0799,0.1257,-0.2847,-0.1760
1786060564.7546,-0.0320,-0.3865,-1.8773,1.5184,-0.0918,-0.4299,-0.4460,-0.2700,-0.3544,0.0352,-0.4691,-0.2864,0.0215,0.0095,0.0094,-0.0067,-0.0018,-0.0072,1.0000,1.0000,1.0000,0.0000,4.5699,4.3100,-1.6126,1.8831,-0.3996,-0.5942,0.0213,-0.1473,-0.0799,0.1257,-0.2847,-0.1760
1786060564.8046,-0.0851,-0.4212,-1.7817,1.5667,-0.1350,-0.4579,-0.4813,-0.2995,0.0503,0.1766,-0.5062,-0.3141,0.0190,0.0091,0.0304,0.0070,-0.0074,-0.0098,1.0000,1.0000,1.0000,0.0000,4.5727,4.2960,-1.6208,1.8964,-0.4310,-0.6114,0.0375,-0.1331,-0.0811,0.1392,-0.3354,-0.1673
1786060564.8546,-0.1645,-0.4686,-1.7214,1.6517,-0.1736,-0.4795,-0.5816,-0.3379,-0.1004,0.3720,-0.5291,-0.3209,0.0027,0.0113,0.0117,-0.0115,0.0026,-0.0140,1.0000,1.0000,1.0000,0.0000,4.5727,4.2960,-1.6208,1.8964,-0.4310,-0.6114,0.0375,-0.1331,-0.0811,0.1392,-0.3354,-0.1673
1786060564.9049,-0.1362,-0.4540,-1.6543,1.7142,-0.2064,-0.4961,-0.5400,-0.3391,0.0274,0.3762,-0.5335,-0.3131,0.0153,0.0065,0.0103,-0.0135,-0.0077,-0.0089,1.0000,0.0000,1.0000,1.0000,4.5781,4.2836,-1.6285,1.9110,-0.4650,-0.6272,0.0658,-0.1178,-0.0726,0.1513,-0.3371,-0.1522
1786060564.9546,-0.1822,-0.4802,-1.6450,1.7355,-0.2400,-0.5121,-0.5800,-0.3557,0.0515,0.3692,-0.5340,-0.3017,0.0138,0.0055,0.0100,-0.0136,-0.0073,-0.0086,1.0000,0.0000,1.0000,1.0000,4.5781,4.2836,-1.6285,1.9110,-0.4650,-0.6272,0.0658,-0.1178,-0.0726,0.1513,-0.3371,-0.1522
1786060565.0063,-0.2388,-0.5077,-1.6385,1.7510,-0.2702,-0.5254,-0.5626,-0.3145,0.0635,0.3560,-0.5397,-0.2928,0.0158,0.0077,0.0103,-0.0126,-0.0064,-0.0097,1.0000,0.0000,1.0000,1.0000,4.5854,4.2722,-1.6352,1.9262,-0.4968,-0.6422,0.0751,-0.1143,-0.0627,0.1484,-0.3004,-0.1520
1786060565.0623,-0.2388,-0.5077,-1.6385,1.7510,-0.2702,-0.5254,-0.5626,-0.3145,0.0635,0.3560,-0.5397,-0.2928,0.0158,0.0077,0.0103,-0.0126,-0.0064,-0.0097,1.0000,0.0000,1.0000,1.0000,4.5854,4.2722,-1.6352,1.9262,-0.4968,-0.6422,0.0751,-0.1143,-0.0627,0.1484,-0.3004,-0.1520
1786060565.1168,-0.2549,-0.5159,-1.6204,1.7446,-0.2702,-0.5254,-0.6111,-0.3485,0.3815,0.4907,-0.5397,-0.2928,0.0078,-0.0077,0.0010,-0.0132,-0.0013,0.0042,1.0000,1.0000,1.0000,0.0000,4.5854,4.2722,-1.6352,1.9262,-0.4968,-0.6422,0.0751,-0.1143,-0.0627,0.1484,-0.3004,-0.1520
1786060565.1567,-0.2670,-0.5201,-1.6394,1.7594,-0.2702,-0.5254,-0.5569,-0.3007,0.1561,0.4598,-0.5397,-0.2928,0.0068,0.0139,0.0036,-0.0207,0.0034,-0.0154,1.0000,1.0000,1.0000,0.0000,4.5854,4.2722,-1.6352,1.9262,-0.4968,-0.6422,0.0751,-0.1143,-0.0627,0.1484,-0.3004,-0.1520
1786060565.2045,-0.3775,-0.5695,-1.5832,1.8391,-0.3751,-0.5673,-0.6526,-0.3319,0.3028,0.5148,-0.5582,-0.2666,-0.0057,-0.0043,0.0015,-0.0147,0.0126,-0.0008,1.0000,1.0000,1.0000,0.0000,4.5923,4.2601,-1.6413,1.9403,-0.5254,-0.6584,0.0622,-0.1289,-0.0619,0.1354,-0.2796,-0.1706
1786060565.2546,-0.3785,-0.5671,-1.5993,1.8427,-0.3751,-0.5673,-0.5732,-0.2783,0.1795,0.4524,-0.5582,-0.2666,-0.0024,0.0004,0.0025,-0.0208,0.0138,-0.0034,1.0000,1.0000,1.0000,0.0000,4.5974,4.2462,-1.6480,1.9532,-0.5534,-0.6766,0.0418,-0.1439,-0.0717,0.1255,-0.2813,-0.1902
1786060565.3047,-0.4220,-0.5934,-1.5767,1.8712,-0.4174,-0.5893,-0.6120,-0.3153,0.2383,0.4734,-0.5226,-0.2555,-0.0039,-0.0035,0.0009,-0.0192,0.0126,-0.0007,1.0000,1.0000,1.0000,0.0000,4.5974,4.2462,-1.6480,1.9532,-0.5534,-0.6766,0.0418,-0.1439,-0.0717,0.1255,-0.2813,-0.1902
1786060565.3546,-0.4220,-0.5934,-1.5767,1.8712,-0.4174,-0.5893,-0.6120,-0.3153,0.2383,0.4734,-0.5226,-0.2555,-0.0039,-0.0036,0.0009,-0.0192,0.0125,-0.0007,1.0000,1.0000,1.0000,0.0000,4.6009,4.2318,-1.6558,1.9659,-0.5817,-0.6958,0.0349,-0.1423,-0.0832,0.1296,-0.2833,-0.1914
1786060565.4046,-0.4596,-0.6081,-1.6068,1.8853,-0.4612,-0.6097,-0.5195,-0.2551,0.0523,0.3276,-0.4829,-0.2328,0.0021,0.0012,0.0116,-0.0076,0.0130,-0.0020,1.0000,1.0000,1.0000,1.0000,4.6009,4.2318,-1.6558,1.9659,-0.5817,-0.6958,0.0349,-0.1423,-0.0832,0.1296,-0.2833,-0.1914
1786060565.4556,-0.4596,-0.6081,-1.6068,1.8853,-0.4612,-0.6097,-0.5195,-0.2551,0.0523,0.3276,-0.4829,-0.2328,0.0021,0.0013,0.0114,-0.0080,0.0131,-0.0021,1.0000,1.0000,1.0000,1.0000,4.6052,4.2183,-1.6643,1.9797,-0.6094,-0.7141,0.0499,-0.1261,-0.0849,0.1461,-0.2699,-0.1731
1786060565.5046,-0.5076,-0.6320,-1.6141,1.9139,-0.4975,-0.6254,-0.5006,-0.2425,0.0124,0.3159,-0.4468,-0.2094,0.0042,0.0010,0.0117,-0.0039,0.0123,-0.0010,1.0000,0.0000,1.0000,1.0000,4.6052,4.2183,-1.6643,1.9797,-0.6094,-0.7141,0.0499,-0.1261,-0.0849,0.1461,-0.2699,-0.1731
1786060565.5550,-0.5076,-0.6320,-1.6141,1.9139,-0.4975,-0.6254,-0.5006,-0.2425,0.0124,0.3159,-0.4468,-0.2094,0.0043,0.0010,0.0116,-0.0040,0.0123,-0.0010,1.0000,0.0000,1.0000,1.0000,4.6112,4.2068,-1.6724,1.9952,-0.6349,-0.7303,0.0687,-0.1084,-0.0755,0.1612,-0.2402,-0.1550
1786060565.6046,-0.5250,-0.6389,-1.6265,1.9361,-0.5214,-0.6372,-0.3961,-0.1920,-0.0314,0.2772,-0.3680,-0.1745,0.0067,0.0028,0.0109,0.0042,0.0136,-0.0026,1.0000,0.0000,1.0000,1.0000,4.6112,4.2068,-1.6724,1.9952,-0.6349,-0.7303,0.0687,-0.1084,-0.0755,0.1612,-0.2402,-0.1550
1786060565.6546,-0.5250,-0.6389,-1.6265,1.9361,-0.5214,-0.6372,-0.3961,-0.1920,-0.0314,0.2772,-0.3680,-0.1745,0.0066,0.0028,0.0108,0.0040,0.0137,-0.0027,1.0000,0.0000,1.0000,1.0000,4.6185,4.1962,-1.6793,2.0115,-0.6574,-0.7456,0.0746,-0.1073,-0.0656,0.1622,-0.2147,-0.1541
1786060565.7046,-0.5439,-0.6483,-1.6351,1.9431,-0.5406,-0.6467,-0.3497,-0.1705,-0.0500,0.2237,-0.3281,-0.1569,0.0032,0.0010,0.0093,0.0127,0.0170,-0.0017,1.0000,1.0000,1.0000,0.0000,4.6185,4.1962,-1.6793,2.0115,-0.6574,-0.7456,0.0746,-0.1073,-0.0656,0.1622,-0.2147,-0.1541
1786060565.7549,-0.5590,-0.6588,-1.6401,1.9483,-0.5553,-0.6570,-0.3022,-0.1570,-0.0699,0.1666,-0.2887,-0.1484,-0.0028,-0.0017,0.0041,0.0182,0.0249,0.0014,1.0000,1.0000,1.0000,0.0000,4.6255,4.1845,-1.6858,2.0271,-0.6788,-0.7618,0.0641,-0.1258,-0.0679,0.1496,-0.2175,-0.1700
1786060565.8107,-0.5791,-0.6712,-1.6394,1.9490,-0.5553,-0.6570,-0.2932,-0.1587,-0.0877,0.1647,-0.2887,-0.1484,-0.0031,-0.0033,0.0001,0.0168,0.0247,0.0024,1.0000,1.0000,1.0000,0.0000,4.6310,4.1708,-1.6934,2.0414,-0.7020,-0.7797,0.0461,-0.1448,-0.0827,0.1394,-0.2463,-0.1841
1786060565.8546,-0.5796,-0.6718,-1.6526,1.9437,-0.5787,-0.6714,-0.2849,-0.1519,-0.0726,0.1172,-0.2786,-0.1505,-0.0059,-0.0012,-0.0014,0.0191,0.0327,0.0044,1.0000,0.0000,1.0000,1.0000,4.6310,4.1708,-1.6934,2.0414,-0.7020,-0.7797,0.0461,-0.1448,-0.0827,0.1394,-0.2463,-0.1841
1786060565.9061,-0.5796,-0.6718,-1.6526,1.9437,-0.5787,-0.6714,-0.2849,-0.1519,-0.0726,0.1172,-0.2786,-0.1505,-0.0059,-0.0010,-0.0014,0.0190,0.0330,0.0043,1.0000,0.0000,1.0000,1.0000,4.6310,4.1708,-1.6934,2.0414,-0.7020,-0.7797,0.0461,-0.1448,-0.0827,0.1394,-0.2463,-0.1841
1786060565.9546,-0.6136,-0.6917,-1.6605,1.9479,-0.6100,-0.6899,-0.3059,-0.1688,-0.1032,0.0887,-0.3063,-0.1707,-0.0019,0.0003,-0.0141,0.0099,0.0317,0.0073,1.0000,1.0000,1.0000,0.0000,4.6348,4.1563,-1.7025,2.0554,-0.7282,-0.7981,0.0352,-0.1417,-0.0969,0.1430,-0.2716,-0.1808
1786060566.0047,-0.6536,-0.7150,-1.6677,1.9623,-0.6509,-0.7137,-0.3414,-0.1941,-0.0774,0.1161,-0.3405,-0.1927,0.0035,0.0017,-0.0040,0.0179,0.0299,0.0102,1.0000,0.0000,1.0000,1.0000,4.6387,4.1431,-1.7123,2.0703,-0.7555,-0.8153,0.0461,-0.1214,-0.0974,0.1548,-0.2709,-0.1648
1786060566.0547,-0.6537,-0.7151,-1.6688,1.9632,-0.6509,-0.7137,-0.3335,-0.1879,-0.0959,0.1082,-0.3405,-0.1927,0.0017,0.0029,-0.0093,0.0144,0.0306,0.0084,1.0000,1.0000,1.0000,0.0000,4.6387,4.1431,-1.7123,2.0703,-0.7555,-0.8153,0.0461,-0.1214,-0.0974,0.1548,-0.2709,-0.1648
1786060566.1059,-0.6892,-0.7371,-1.6785,1.9988,-0.6509,-0.7137,-0.3414,-0.1998,-0.0940,0.1858,-0.3405,-0.1927,0.0041,0.0010,0.0005,0.0146,0.0295,0.0110,1.0000,1.0000,1.0000,0.0000,4.6277,4.1434,-1.7234,2.0706,-0.7666,-0.8151,0.0580,-0.1112,-0.0854,0.1651,-0.2590,-0.1545
1786060566.1547,-0.6890,-0.7368,-1.6791,1.9997,-0.6898,-0.7375,-0.3343,-0.1941,-0.0851,0.1911,-0.3388,-0.1974,0.0193,0.0131,0.0025,0.0151,0.0141,-0.0002,1.0000,0.0000,1.0000,1.0000,4.6443,4.1321,-1.7214,2.0862,-0.7817,-0.8311,0.0626,-0.1037,-0.0858,0.1590,-0.2539,-0.1542
1786060566.2046,-0.7125,-0.7543,-1.6875,2.0240,-0.7115,-0.7540,-0.3140,-0.1945,-0.0952,0.2114,-0.3215,-0.1993,0.0161,0.0128,0.0026,0.0121,0.0148,-0.0009,1.0000,1.0000,1.0000,0.0000,4.6510,4.1217,-1.7295,2.1015,-0.8065,-0.8467,0.0680,-0.1065,-0.0782,0.1457,-0.2476,-0.1607
1786060566.2548,-0.7125,-0.7543,-1.6875,2.0240,-0.7115,-0.7540,-0.3140,-0.1945,-0.0952,0.2114,-0.3215,-0.1993,0.0156,0.0131,0.0026,0.0122,0.0153,-0.0012,1.0000,1.0000,1.0000,0.0000,4.6510,4.1217,-1.7295,2.1015,-0.8065,-0.8467,0.0680,-0.1065,-0.0782,0.1457,-0.2476,-0.1607
1786060566.3045,-0.7348,-0.7714,-1.6982,2.0507,-0.7353,-0.7720,-0.2833,-0.1858,-0.0983,0.2274,-0.2902,-0.1903,0.0136,0.0090,0.0034,0.0100,0.0107,-0.0015,1.0000,1.0000,1.0000,0.0000,4.6575,4.1100,-1.7375,2.1149,-0.8318,-0.8636,0.0597,-0.1272,-0.0845,0.1241,-0.2589,-0.1760
1786060566.3546,-0.7348,-0.7714,-1.6982,2.0507,-0.7353,-0.7720,-0.2833,-0.1858,-0.0983,0.2274,-0.2902,-0.1903,0.0140,0.0088,0.0034,0.0100,0.0105,-0.0012,1.0000,1.0000,1.0000,0.0000,4.6575,4.1100,-1.7375,2.1149,-0.8318,-0.8636,0.0597,-0.1272,-0.0845,0.1241,-0.2589,-0.1760
1786060566.4046,-0.7348,-0.7714,-1.6982,2.0507,-0.7353,-0.7720,-0.2833,-0.1858,-0.0983,0.2274,-0.2902,-0.1903,0.0140,0.0087,0.0034,0.0100,0.0105,-0.0011,1.0000,1.0000,1.0000,0.0000,4.6468,4.1082,-1.7482,2.1130,-0.8425,-0.8654,0.0469,-0.1349,-0.0973,0.1163,-0.2717,-0.1837
1786060566.4627,-0.7348,-0.7714,-1.6982,2.0507,-0.7353,-0.7720,-0.2833,-0.1858,-0.0983,0.2274,-0.2902,-0.1903,0.0140,0.0087,0.0034,0.0100,0.0104,-0.0011,1.0000,1.0000,1.0000,0.0000,4.6468,4.1082,-1.7482,2.1130,-0.8425,-0.8654,0.0469,-0.1349,-0.0973,0.1163,-0.2717,-0.1837
1786060566.5046,-0.7651,-0.7936,-1.7078,2.0726,-0.7658,-0.7943,-0.2738,-0.1867,-0.0921,0.2121,-0.2784,-0.1899,0.0128,0.0083,0.0028,0.0124,0.0073,-0.0033,1.0000,1.0000,1.0000,0.0000,4.6508,4.0943,-1.7585,2.1246,-0.8704,-0.8836,0.0366,-0.1386,-0.1075,0.1179,-0.2824,-0.1770
1786060566.5545,-0.7921,-0.8137,-1.7120,2.0789,-0.7926,-0.8143,-0.2728,-0.1912,-0.0764,0.1657,-0.2755,-0.1932,0.0123,0.0092,0.0017,0.0177,0.0063,-0.0048,1.0000,1.0000,1.0000,0.0000,4.6667,4.0817,-1.7570,2.1376,-0.8860,-0.8998,0.0376,-0.1396,-0.1059,0.1148,-0.2722,-0.1753
1786060566.6051,-0.8082,-0.8261,-1.7132,2.0805,-0.7926,-0.8143,-0.2546,-0.1821,-0.0608,0.1290,-0.2755,-0.1932,-0.0049,-0.0072,0.0030,0.0203,0.0209,0.0095,1.0000,0.0000,1.0000,0.0000,4.6547,4.0811,-1.7690,2.1370,-0.8980,-0.9004,0.0425,-0.1256,-0.1009,0.1289,-0.2672,-0.1612
1786060566.6546,-0.8099,-0.8279,-1.7141,2.0799,-0.8102,-0.8279,-0.2463,-0.1771,-0.0596,0.1198,-0.2497,-0.1791,0.0120,0.0017,0.0027,0.0205,-0.0019,-0.0043,1.0000,1.0000,1.0000,0.0000,4.6709,4.0689,-1.7672,2.1497,-0.9121,-0.9164,0.0482,-0.1172,-0.0958,0.1266,-0.2513,-0.1589
1786060566.7069,-0.8186,-0.8360,-1.7167,2.0863,-0.8191,-0.8361,-0.1977,-0.1482,-0.0495,0.1030,-0.2007,-0.1497,0.0047,-0.0044,0.0053,0.0214,-0.0093,-0.0122,1.0000,1.0000,1.0000,0.0000,4.6766,4.0583,-1.7756,2.1627,-0.9358,-0.9317,0.0641,-0.0986,-0.0752,0.1301,-0.2251,-0.1507
1786060566.7546,-0.8186,-0.8360,-1.7167,2.0863,-0.8191,-0.8361,-0.1977,-0.1482,-0.0495,0.1030,-0.2007,-0.1497,0.0048,-0.0041,0.0055,0.0215,-0.0089,-0.0122,1.0000,1.0000,1.0000,0.0000,4.6766,4.0583,-1.7756,2.1627,-0.9358,-0.9317,0.0641,-0.0986,-0.0752,0.1301,-0.2251,-0.1507
1786060566.8172,-0.8186,-0.8360,-1.7167,2.0863,-0.8191,-0.8361,-0.1977,-0.1482,-0.0495,0.1030,-0.2007,-0.1497,0.0047,-0.0040,0.0055,0.0215,-0.0089,-0.0123,1.0000,1.0000,1.0000,0.0000,4.6668,4.0587,-1.7855,2.1631,-0.9457,-0.9313,0.0705,-0.1063,-0.0688,0.1223,-0.2187,-0.1584
1786060566.8546,-0.8274,-0.8459,-1.7175,2.0910,-0.8267,-0.8459,-0.1621,-0.1328,-0.0363,0.0848,-0.1596,-0.1316,-0.0172,-0.0138,0.0118,0.0227,0.0066,-0.0137,1.0000,1.0000,1.0000,1.0000,4.6834,4.0485,-1.7823,2.1752,-0.9573,-0.9470,0.0679,-0.1008,-0.0621,0.1183,-0.2100,-0.1569
1786060566.9046,-0.8385,-0.8546,-1.7244,2.1006,-0.8380,-0.8551,-0.1510,-0.1227,-0.0469,0.0899,-0.1481,-0.1217,-0.0182,-0.0118,0.0059,0.0217,0.0054,-0.0186,1.0000,0.0000,1.0000,1.0000,4.6898,4.0375,-1.7885,2.1861,-0.9784,-0.9633,0.0589,-0.1193,-0.0642,0.1021,-0.2135,-0.1686
1786060566.9546,-0.8385,-0.8546,-1.7244,2.1006,-0.8380,-0.8551,-0.1510,-0.1227,-0.0469,0.0899,-0.1481,-0.1217,-0.0180,-0.0109,0.0053,0.0215,0.0053,-0.0195,1.0000,0.0000,1.0000,1.0000,4.6898,4.0375,-1.7885,2.1861,-0.9784,-0.9633,0.0589,-0.1193,-0.0642,0.1021,-0.2135,-0.1686
1786060567.0046,-0.8687,-0.8765,-1.7310,2.1093,-0.8682,-0.8768,-0.1987,-0.1531,-0.0532,0.0895,-0.1966,-0.1520,-0.0139,-0.0055,0.0015,0.0205,0.0090,-0.0110,1.0000,0.0000,1.0000,1.0000,4.6951,4.0245,-1.7954,2.1959,-1.0005,-0.9806,0.0493,-0.1358,-0.0728,0.0977,-0.2287,-0.1733
1786060567.0585,-0.8687,-0.8765,-1.7310,2.1093,-0.8682,-0.8768,-0.1987,-0.1531,-0.0532,0.0895,-0.1966,-0.1520,-0.0141,-0.0060,0.0012,0.0203,0.0089,-0.0107,1.0000,0.0000,1.0000,1.0000,4.6951,4.0245,-1.7954,2.1959,-1.0005,-0.9806,0.0493,-0.1358,-0.0728,0.0977,-0.2287,-0.1733
1786060567.1047,-0.8973,-0.8977,-1.7394,2.1179,-0.8969,-0.8981,-0.2276,-0.1728,-0.0632,0.0888,-0.2258,-0.1719,-0.0098,-0.0012,-0.0039,0.0182,0.0123,-0.0070,1.0000,0.0000,1.0000,1.0000,4.7000,4.0110,-1.8027,2.2063,-1.0240,-0.9976,0.0504,-0.1329,-0.0729,0.1105,-0.2364,-0.1659
1786060567.1547,-0.8973,-0.8977,-1.7394,2.1179,-0.8969,-0.8981,-0.2276,-0.1728,-0.0632,0.0888,-0.2258,-0.1719,-0.0098,-0.0010,-0.0044,0.0180,0.0121,-0.0074,1.0000,0.0000,1.0000,1.0000,4.7000,4.0110,-1.8027,2.2063,-1.0240,-0.9976,0.0504,-0.1329,-0.0729,0.1105,-0.2364,-0.1659
1786060567.2045,-0.9245,-0.9177,-1.7460,2.1261,-0.9242,-0.9174,-0.2356,-0.1748,-0.0621,0.0840,-0.2343,-0.1740,-0.0089,-0.0051,-0.0050,0.0175,0.0125,-0.0012,1.0000,0.0000,1.0000,1.0000,4.7055,3.9987,-1.8094,2.2183,-1.0473,-1.0135,0.0603,-0.1131,-0.0603,0.1269,-0.2282,-0.1552
1786060567.2547,-0.9245,-0.9177,-1.7460,2.1261,-0.9242,-0.9174,-0.2356,-0.1748,-0.0621,0.0840,-0.2343,-0.1740,-0.0082,-0.0069,-0.0051,0.0175,0.0117,0.0005,1.0000,0.0000,1.0000,1.0000,4.7055,3.9987,-1.8094,2.2183,-1.0473,-1.0135,0.0603,-0.1131,-0.0603,0.1269,-0.2282,-0.1552
1786060567.3047,-0.9519,-0.9364,-1.7552,2.1410,-0.9517,-0.9362,-0.2517,-0.1815,-0.0727,0.1056,-0.2508,-0.1810,-0.0060,-0.0050,-0.0048,0.0179,0.0134,0.0027,1.0000,0.0000,1.0000,1.0000,4.7120,3.9885,-1.8146,2.2315,-1.0694,-1.0288,0.0669,-0.0952,-0.0454,0.1328,-0.2161,-0.1538
1786060567.3582,-0.9519,-0.9364,-1.7552,2.1410,-0.9517,-0.9362,-0.2517,-0.1815,-0.0727,0.1056,-0.2508,-0.1810,-0.0060,-0.0052,-0.0047,0.0179,0.0133,0.0028,1.0000,0.0000,1.0000,1.0000,4.7120,3.9885,-1.8146,2.2315,-1.0694,-1.0288,0.0669,-0.0952,-0.0454,0.1328,-0.2161,-0.1538
1786060567.4046,-0.9763,-0.9541,-1.7669,2.1617,-0.9763,-0.9542,-0.2440,-0.1765,-0.0845,0.1349,-0.2430,-0.1759,-0.0074,-0.0058,-0.0037,0.0175,0.0119,0.0014,1.0000,0.0000,1.0000,1.0000,4.7185,3.9791,-1.8241,2.2319,-1.0789,-1.0285,0.0619,-0.0961,-0.0442,0.1231,-0.2150,-0.1635
1786060567.4547,-0.9763,-0.9541,-1.7669,2.1617,-0.9763,-0.9542,-0.2440,-0.1765,-0.0845,0.1349,-0.2430,-0.1759,-0.0075,-0.0055,-0.0037,0.0175,0.0121,0.0012,1.0000,0.0000,1.0000,1.0000,4.7185,3.9791,-1.8188,2.2444,-1.0909,-1.0448,0.0619,-0.0961,-0.0421,0.1244,-0.2170,-0.1649
1786060567.5045,-0.9946,-0.9707,-1.7737,2.1743,-0.9763,-0.9542,-0.2177,-0.1692,-0.0780,0.1273,-0.2430,-0.1759,-0.0078,-0.0124,-0.0031,0.0182,0.0094,0.0048,1.0000,1.0000,1.0000,0.0000,4.7084,3.9783,-1.8289,2.2436,-1.1010,-1.0455,0.0509,-0.1065,-0.0530,0.1140,-0.2279,-0.1753
1786060567.5554,-0.9946,-0.9709,-1.7737,2.1743,-0.9943,-0.9708,-0.2155,-0.1671,-0.0765,0.1277,-0.2155,-0.1670,-0.0090,-0.0117,-0.0026,0.0184,0.0070,0.0004,1.0000,0.0000,1.0000,1.0000,4.7241,3.9686,-1.8234,2.2562,-1.1133,-1.0619,0.0516,-0.1145,-0.0512,0.1132,-0.2314,-0.1761
1786060567.6045,-1.0313,-0.9971,-1.7817,2.1877,-0.9943,-0.9708,-0.2650,-0.1993,-0.0786,0.1298,-0.2155,-0.1670,-0.0023,-0.0041,-0.0029,0.0182,0.0079,-0.0004,1.0000,1.0000,1.0000,0.0000,4.7289,3.9560,-1.8292,2.2674,-1.1373,-1.0796,0.0459,-0.1322,-0.0619,0.1127,-0.2446,-0.1746
1786060567.6546,-1.0312,-0.9973,-1.7816,2.1879,-1.0295,-0.9960,-0.2628,-0.1973,-0.0771,0.1297,-0.2646,-0.1990,-0.0032,-0.0040,-0.0026,0.0184,0.0153,0.0060,1.0000,1.0000,1.0000,0.0000,4.7289,3.9560,-1.8292,2.2674,-1.1373,-1.0796,0.0459,-0.1322,-0.0619,0.1127,-0.2446,-0.1746
1786060567.7102,-1.0557,-1.0135,-1.7869,2.1985,-1.0562,-1.0140,-0.2711,-0.1970,-0.0735,0.1289,-0.2715,-0.1975,0.0121,0.0105,-0.0017,0.0188,0.0008,-0.0073,1.0000,1.0000,1.0000,1.0000,4.7336,3.9426,-1.8354,2.2792,-1.1618,-1.0964,0.0485,-0.1320,-0.0611,0.1241,-0.2435,-0.1618
1786060567.7547,-1.0557,-1.0135,-1.7869,2.1985,-1.0562,-1.0140,-0.2711,-0.1970,-0.0735,0.1289,-0.2715,-0.1975,0.0128,0.0093,-0.0017,0.0189,0.0001,-0.0061,1.0000,1.0000,1.0000,1.0000,4.7336,3.9426,-1.8354,2.2792,-1.1618,-1.0964,0.0485,-0.1320,-0.0611,0.1241,-0.2435,-0.1618
1786060567.8045,-1.0929,-1.0398,-1.7901,2.2052,-1.0924,-1.0395,-0.2941,-0.2110,-0.0595,0.1075,-0.2954,-0.2122,0.0107,0.0145,0.0004,0.0201,0.0085,-0.0059,1.0000,0.0000,1.0000,1.0000,4.7387,3.9303,-1.8409,2.2923,-1.1854,-1.1118,0.0543,-0.1148,-0.0486,0.1352,-0.2281,-0.1504
1786060567.8547,-1.0929,-1.0398,-1.7901,2.2052,-1.0924,-1.0395,-0.2941,-0.2110,-0.0595,0.1075,-0.2954,-0.2122,0.0050,0.0138,0.0005,0.0202,0.0140,-0.0053,1.0000,0.0000,1.0000,1.0000,4.7387,3.9303,-1.8409,2.2923,-1.1854,-1.1118,0.0543,-0.1148,-0.0486,0.1352,-0.2281,-0.1504
1786060567.9046,-1.1107,-1.0521,-1.8043,2.2346,-1.1093,-1.0512,-0.2704,-0.1935,-0.0890,0.1725,-0.2758,-0.1968,-0.0042,0.0050,-0.0005,0.0161,0.0166,-0.0016,1.0000,1.0000,1.0000,1.0000,4.7445,3.9197,-1.8450,2.3060,-1.2072,-1.1267,0.0595,-0.1013,-0.0360,0.1349,-0.2110,-0.1500
1786060567.9547,-1.1107,-1.0521,-1.8043,2.2346,-1.1093,-1.0512,-0.2704,-0.1935,-0.0890,0.1725,-0.2758,-0.1968,-0.0044,0.0004,-0.0006,0.0161,0.0170,0.0030,1.0000,1.0000,1.0000,1.0000,4.7445,3.9197,-1.8450,2.3060,-1.2072,-1.1267,0.0595,-0.1013,-0.0360,0.1349,-0.2110,-0.1500
1786060568.0065,-1.1107,-1.0521,-1.8043,2.2346,-1.1093,-1.0512,-0.2704,-0.1935,-0.0890,0.1725,-0.2758,-0.1968,-0.0037,-0.0019,-0.0006,0.0161,0.0163,0.0054,1.0000,1.0000,1.0000,1.0000,4.7445,3.9197,-1.8450,2.3060,-1.2072,-1.1267,0.0595,-0.1013,-0.0360,0.1349,-0.2110,-0.1500
1786060568.0547,-1.1214,-1.0595,-1.8157,2.2579,-1.1221,-1.0601,-0.2152,-0.1533,-0.0927,0.1840,-0.2165,-0.1536,0.0049,0.0009,-0.0002,0.0149,-0.0112,-0.0124,1.0000,0.0000,1.0000,1.0000,4.7503,3.9096,-1.8485,2.3189,-1.2279,-1.1422,0.0558,-0.1027,-0.0354,0.1240,-0.2053,-0.1588
1786060568.1046,-1.1333,-1.0687,-1.8217,2.2718,-1.1221,-1.0601,-0.1838,-0.1328,-0.0826,0.1696,-0.2165,-0.1536,-0.0148,-0.0164,0.0001,0.0169,0.0049,0.0015,1.0000,0.0000,1.0000,0.0000,4.7555,3.8987,-1.8525,2.3308,-1.2487,-1.1585,0.0480,-0.1151,-0.0455,0.1159,-0.2106,-0.1650
1786060568.1577,-1.1333,-1.0687,-1.8218,2.2719,-1.1332,-1.0688,-0.1838,-0.1328,-0.0812,0.1670,-0.1794,-0.1298,-0.0156,-0.0146,0.0002,0.0171,0.0010,-0.0047,1.0000,0.0000,1.0000,1.0000,4.7555,3.8987,-1.8525,2.3308,-1.2487,-1.1585,0.0480,-0.1151,-0.0455,0.1159,-0.2106,-0.1650
1786060568.2046,-1.1465,-1.0797,-1.8245,2.2786,-1.1332,-1.0688,-0.1615,-0.1210,-0.0627,0.1321,-0.1794,-0.1298,-0.0164,-0.0182,0.0017,0.0199,0.0002,-0.0035,1.0000,1.0000,1.0000,0.0000,4.7442,3.8977,-1.8639,2.3298,-1.2600,-1.1595,0.0391,-0.1115,-0.0543,0.1194,-0.2194,-0.1614
1786060568.2546,-1.1465,-1.0797,-1.8244,2.2783,-1.1460,-1.0794,-0.1615,-0.1210,-0.0618,0.1305,-0.1589,-0.1191,-0.0172,-0.0172,0.0019,0.0201,-0.0003,-0.0068,1.0000,0.0000,1.0000,1.0000,4.7601,3.8865,-1.8576,2.3425,-1.2701,-1.1748,0.0466,-0.1267,-0.0539,0.1213,-0.2168,-0.1609
1786060568.3045,-1.1699,-1.0970,-1.8265,2.2880,-1.1460,-1.0794,-0.1827,-0.1362,-0.0486,0.1192,-0.1589,-0.1191,-0.0150,-0.0150,0.0059,0.0212,-0.0003,-0.0067,1.0000,1.0000,1.0000,0.0000,4.7485,3.8863,-1.8693,2.3424,-1.2818,-1.1750,0.0488,-0.1153,-0.0518,0.1327,-0.2147,-0.1495
1786060568.3583,-1.1702,-1.0971,-1.8264,2.2879,-1.1700,-1.0970,-0.1824,-0.1358,-0.0474,0.1169,-0.1807,-0.1345,-0.0156,-0.0144,0.0065,0.0214,0.0020,-0.0049,1.0000,0.0000,1.0000,1.0000,4.7651,3.8737,-1.8630,2.3554,-1.2918,-1.1904,0.0516,-0.1262,-0.0518,0.1359,-0.2147,-0.1505
1786060568.4046,-1.1702,-1.0971,-1.8264,2.2879,-1.1700,-1.0970,-0.1824,-0.1358,-0.0474,0.1169,-0.1807,-0.1345,-0.0156,-0.0143,0.0065,0.0214,0.0020,-0.0050,1.0000,0.0000,1.0000,1.0000,4.7705,3.8617,-1.8676,2.3697,-1.3127,-1.2050,0.0565,-0.1145,-0.0415,0.1464,-0.2037,-0.1444
1786060568.4547,-1.1958,-1.1142,-1.8290,2.2987,-1.1942,-1.1132,-0.2058,-0.1471,-0.0411,0.1149,-0.2067,-0.1480,-0.0132,-0.0113,0.0092,0.0217,0.0046,-0.0018,1.0000,1.0000,1.0000,1.0000,4.7705,3.8617,-1.8676,2.3697,-1.3127,-1.2050,0.0565,-0.1145,-0.0415,0.1464,-0.2037,-0.1444
1786060568.5072,-1.2084,-1.1224,-1.8297,2.3033,-1.2081,-1.1222,-0.1950,-0.1367,-0.0333,0.1009,-0.1967,-0.1382,-0.0165,-0.0088,0.0133,0.0222,0.0041,-0.0067,1.0000,0.0000,1.0000,1.0000,4.7763,3.8507,-1.8713,2.3844,-1.3325,-1.2197,0.0594,-0.1077,-0.0340,0.1447,-0.1950,-0.1505
1786060568.5607,-1.2084,-1.1224,-1.8297,2.3033,-1.2081,-1.1222,-0.1950,-0.1367,-0.0333,0.1009,-0.1967,-0.1382,-0.0164,-0.0048,0.0137,0.0222,0.0040,-0.0107,1.0000,0.0000,1.0000,1.0000,4.7763,3.8507,-1.8713,2.3844,-1.3325,-1.2197,0.0594,-0.1077,-0.0340,0.1447,-0.1950,-0.1505
1786060568.6306,-1.2084,-1.1224,-1.8297,2.3033,-1.2081,-1.1222,-0.1950,-0.1367,-0.0333,0.1009,-0.1967,-0.1382,-0.0151,-0.0017,0.0138,0.0222,0.0027,-0.0138,1.0000,0.0000,1.0000,1.0000,4.7763,3.8507,-1.8713,2.3844,-1.3325,-1.2197,0.0594,-0.1077,-0.0340,0.1447,-0.1950,-0.1505
1786060568.6631,-1.2277,-1.1368,-1.8371,2.3188,-1.2081,-1.1222,-0.1932,-0.1380,-0.0458,0.1172,-0.1967,-0.1382,-0.0148,-0.0136,0.0076,0.0215,0.0025,-0.0021,1.0000,1.0000,1.0000,0.0000,4.7821,3.8398,-1.8748,2.3983,-1.3521,-1.2355,0.0546,-0.1102,-0.0379,0.1352,-0.1995,-0.1641
1786060568.7076,-1.2278,-1.1368,-1.8371,2.3187,-1.2081,-1.1222,-0.1925,-0.1375,-0.0458,0.1165,-0.1967,-0.1382,-0.0145,-0.0139,0.0071,0.0214,0.0022,-0.0020,1.0000,1.0000,1.0000,0.0000,4.7821,3.8398,-1.8748,2.3983,-1.3521,-1.2355,0.0546,-0.1102,-0.0379,0.1352,-0.1995,-0.1641
1786060568.7546,-1.2462,-1.1508,-1.8420,2.3280,-1.2465,-1.1511,-0.1877,-0.1370,-0.0458,0.1071,-0.1867,-0.1364,-0.0166,-0.0104,0.0064,0.0215,0.0033,-0.0071,1.0000,0.0000,1.0000,1.0000,4.7870,3.8284,-1.8792,2.4115,-1.3728,-1.2524,0.0452,-0.1168,-0.0485,0.1317,-0.2128,-0.1719
1786060568.8046,-1.2659,-1.1660,-1.8553,2.3490,-1.2465,-1.1511,-0.1862,-0.1385,-0.0724,0.1376,-0.1867,-0.1364,-0.0146,-0.0147,-0.0006,0.0189,0.0015,-0.0030,1.0000,1.0000,1.0000,0.0000,4.7755,3.8277,-1.8907,2.4108,-1.3843,-1.2532,0.0385,-0.1106,-0.0553,0.1379,-0.2195,-0.1657
1786060568.8546,-1.2659,-1.1660,-1.8554,2.3491,-1.2659,-1.1661,-0.1862,-0.1385,-0.0724,0.1373,-0.1851,-0.1377,-0.0152,-0.0137,-0.0010,0.0188,0.0022,-0.0042,1.0000,0.0000,1.0000,1.0000,4.7913,3.8164,-1.8844,2.4251,-1.3946,-1.2694,0.0420,-0.1225,-0.0538,0.1410,-0.2206,-0.1669
1786060568.9131,-1.2659,-1.1660,-1.8554,2.3491,-1.2659,-1.1661,-0.1862,-0.1385,-0.0724,0.1373,-0.1851,-0.1377,-0.0157,-0.0130,-0.0010,0.0188,0.0026,-0.0049,1.0000,0.0000,1.0000,1.0000,4.7956,3.8041,-1.8896,2.4400,-1.4165,-1.2855,0.0452,-0.1225,-0.0485,0.1544,-0.2156,-0.1563
1786060568.9601,-1.2844,-1.1801,-1.8629,2.3671,-1.2836,-1.1795,-0.1850,-0.1381,-0.0744,0.1529,-0.1858,-0.1387,-0.0154,-0.0139,-0.0000,0.0182,0.0023,-0.0041,1.0000,1.0000,1.0000,1.0000,4.7956,3.8041,-1.8896,2.4400,-1.4165,-1.2855,0.0452,-0.1225,-0.0485,0.1544,-0.2156,-0.1563
1786060569.0046,-1.3043,-1.1920,-1.8699,2.3826,-1.3032,-1.1913,-0.1977,-0.1386,-0.0776,0.1631,-0.2004,-0.1409,-0.0153,-0.0114,0.0001,0.0175,0.0036,-0.0030,1.0000,1.0000,1.0000,1.0000,4.8004,3.7921,-1.8939,2.4558,-1.4374,-1.3008,0.0486,-0.1179,-0.0378,0.1586,-0.2035,-0.1523
1786060569.0556,-1.3043,-1.1920,-1.8699,2.3826,-1.3032,-1.1913,-0.1977,-0.1386,-0.0776,0.1631,-0.2004,-0.1409,-0.0155,-0.0111,0.0001,0.0175,0.0037,-0.0033,1.0000,1.0000,1.0000,1.0000,4.8004,3.7921,-1.8939,2.4558,-1.4374,-1.3008,0.0486,-0.1179,-0.0378,0.1586,-0.2035,-0.1523
1786060569.1045,-1.3172,-1.1996,-1.8750,2.3941,-1.3177,-1.2000,-0.1769,-0.1197,-0.0672,0.1432,-0.1772,-0.1197,-0.0028,-0.0009,0.0008,0.0192,-0.0157,-0.0176,1.0000,1.0000,1.0000,1.0000,4.8052,3.7804,-1.8973,2.4713,-1.4573,-1.3164,0.0478,-0.1176,-0.0324,0.1508,-0.1973,-0.1597
1786060569.1547,-1.3172,-1.1996,-1.8750,2.3941,-1.3177,-1.2000,-0.1769,-0.1197,-0.0672,0.1432,-0.1772,-0.1197,-0.0018,-0.0024,0.0009,0.0192,-0.0166,-0.0160,1.0000,1.0000,1.0000,1.0000,4.8052,3.7804,-1.8973,2.4713,-1.4573,-1.3164,0.0478,-0.1176,-0.0324,0.1508,-0.1973,-0.1597
1786060569.2082,-1.3235,-1.2029,-1.8769,2.3986,-1.3177,-1.2000,-0.1357,-0.0888,-0.0506,0.1091,-0.1772,-0.1197,-0.0063,-0.0035,0.0035,0.0209,-0.0155,-0.0172,1.0000,0.0000,1.0000,0.0000,4.7953,3.7801,-1.9072,2.4710,-1.4672,-1.3167,0.0411,-0.1283,-0.0391,0.1401,-0.2040,-0.1704
1786060569.2560,-1.3235,-1.2029,-1.8770,2.3988,-1.3238,-1.2031,-0.1357,-0.0888,-0.0499,0.1076,-0.1339,-0.0875,-0.0074,-0.0026,0.0039,0.0210,-0.0179,-0.0208,1.0000,0.0000,1.0000,1.0000,4.8098,3.7682,-1.9007,2.4858,-1.4773,-1.3330,0.0438,-0.1250,-0.0372,0.1406,-0.2020,-0.1697
1786060569.3045,-1.3396,-1.2171,-1.8758,2.4056,-1.3238,-1.2031,-0.1445,-0.1059,-0.0317,0.0977,-0.1339,-0.0875,-0.0182,-0.0194,0.0131,0.0222,-0.0050,-0.0050,1.0000,1.0000,1.0000,0.0000,4.8139,3.7554,-1.9049,2.4996,-1.4980,-1.3501,0.0378,-0.1307,-0.0455,0.1389,-0.2115,-0.1716
1786060569.3547,-1.3396,-1.2171,-1.8758,2.4056,-1.3396,-1.2172,-0.1445,-0.1059,-0.0307,0.0958,-0.1420,-0.1044,-0.0190,-0.0181,0.0148,0.0222,-0.0022,-0.0073,1.0000,1.0000,1.0000,1.0000,4.8139,3.7554,-1.9049,2.4996,-1.4980,-1.3501,0.0378,-0.1307,-0.0455,0.1389,-0.2115,-0.1716
1786060569.4047,-1.3616,-1.2345,-1.8742,2.4082,-1.3609,-1.2341,-0.1731,-0.1312,-0.0177,0.0790,-0.1720,-0.1306,-0.0165,-0.0150,0.0265,0.0217,0.0010,-0.0055,1.0000,0.0000,1.0000,1.0000,4.8173,3.7423,-1.9097,2.5139,-1.5194,-1.3669,0.0328,-0.1289,-0.0496,0.1475,-0.2151,-0.1633
1786060569.4547,-1.3616,-1.2345,-1.8742,2.4082,-1.3609,-1.2341,-0.1731,-0.1312,-0.0177,0.0790,-0.1720,-0.1306,-0.0167,-0.0149,0.0282,0.0213,0.0011,-0.0057,1.0000,0.0000,1.0000,1.0000,4.8173,3.7423,-1.9097,2.5139,-1.5194,-1.3669,0.0328,-0.1289,-0.0496,0.1475,-0.2151,-0.1633
1786060569.5060,-1.3616,-1.2345,-1.8742,2.4082,-1.3609,-1.2341,-0.1731,-0.1312,-0.0177,0.0790,-0.1720,-0.1306,-0.0167,-0.0148,0.0285,0.0212,0.0011,-0.0058,1.0000,0.0000,1.0000,1.0000,4.8058,3.7427,-1.9213,2.5143,-1.5310,-1.3665,0.0396,-0.1194,-0.0428,0.1570,-0.2083,-0.1538
1786060569.5545,-1.3923,-1.2583,-1.8828,2.4292,-1.3917,-1.2580,-0.2001,-0.1531,-0.0376,0.1130,-0.1995,-0.1530,-0.0135,-0.0107,0.0119,0.0217,0.0051,-0.0033,1.0000,0.0000,1.0000,1.0000,4.8205,3.7297,-1.9144,2.5293,-1.5406,-1.3827,0.0318,-0.1235,-0.0438,0.1579,-0.2076,-0.1541
1786060569.6046,-1.4179,-1.2806,-1.8887,2.4469,-1.3917,-1.2580,-0.2218,-0.1783,-0.0449,0.1349,-0.1995,-0.1530,-0.0074,-0.0103,0.0077,0.0208,0.0033,-0.0006,1.0000,1.0000,1.0000,0.0000,4.8100,3.7306,-1.9250,2.5302,-1.5512,-1.3818,0.0429,-0.1231,-0.0327,0.1583,-0.1965,-0.1537
1786060569.6546,-1.4179,-1.2806,-1.8886,2.4466,-1.4174,-1.2804,-0.2218,-0.1783,-0.0446,0.1345,-0.2212,-0.1780,-0.0085,-0.0091,0.0076,0.0208,0.0084,0.0015,1.0000,0.0000,1.0000,1.0000,4.8238,3.7175,-1.9182,2.5454,-1.5607,-1.3980,0.0331,-0.1218,-0.0326,0.1615,-0.1959,-0.1544
1786060569.7046,-1.4336,-1.2944,-1.8920,2.4582,-1.4174,-1.2804,-0.1977,-0.1628,-0.0412,0.1245,-0.2212,-0.1780,-0.0106,-0.0140,0.0086,0.0212,0.0071,0.0029,1.0000,1.0000,1.0000,0.0000,4.8272,3.7051,-1.9211,2.5613,-1.5705,-1.3977,0.0342,-0.1277,-0.0284,0.1559,-0.1927,-0.1640
1786060569.7546,-1.4336,-1.2944,-1.8921,2.4572,-1.4325,-1.2937,-0.1977,-0.1628,-0.0418,0.1262,-0.2004,-0.1651,-0.0118,-0.0123,0.0085,0.0211,0.0057,-0.0017,1.0000,0.0000,1.0000,1.0000,4.8272,3.7051,-1.9211,2.5613,-1.5800,-1.4140,0.0342,-0.1277,-0.0284,0.1559,-0.1921,-0.1649
1786060569.8064,-1.4396,-1.3001,-1.8936,2.4628,-1.4325,-1.2937,-0.1580,-0.1323,-0.0338,0.1021,-0.2004,-0.1651,0.0025,-0.0103,0.0119,0.0219,-0.0130,-0.0088,1.0000,1.0000,1.0000,0.0000,4.8170,3.7044,-1.9312,2.5606,-1.5901,-1.4147,0.0266,-0.1369,-0.0360,0.1467,-0.1997,-0.1740
1786060569.8546,-1.4398,-1.3004,-1.8939,2.4625,-1.4399,-1.3006,-0.1573,-0.1319,-0.0337,0.1017,-0.1577,-0.1322,0.0019,-0.0086,0.0123,0.0219,-0.0171,-0.0160,1.0000,1.0000,1.0000,0.0000,4.8306,3.6918,-1.9243,2.5765,-1.5995,-1.4311,0.0345,-0.1363,-0.0366,0.1499,-0.1996,-0.1754
1786060569.9044,-1.4645,-1.3204,-1.9093,2.4810,-1.4639,-1.3200,-0.1894,-0.1568,-0.0716,0.1283,-0.1898,-0.1571,-0.0118,-0.0153,-0.0018,0.0188,0.0035,-0.0010,1.0000,1.0000,1.0000,0.0000,4.8340,3.6780,-1.9287,2.5916,-1.6201,-1.4488,0.0330,-0.1385,-0.0492,0.1534,-0.2102,-0.1764
1786060569.9547,-1.4645,-1.3204,-1.9088,2.4810,-1.4639,-1.3200,-0.1894,-0.1568,-0.0715,0.1289,-0.1898,-0.1571,-0.0126,-0.0138,-0.0024,0.0186,0.0040,-0.0026,1.0000,1.0000,1.0000,0.0000,4.8340,3.6780,-1.9287,2.5916,-1.6201,-1.4488,0.0330,-0.1385,-0.0492,0.1534,-0.2102,-0.1764
1786060570.0056,-1.4645,-1.3204,-1.8999,2.4813,-1.4892,-1.3381,-0.1894,-0.1568,-0.0203,0.0909,-0.2077,-0.1631,0.0044,-0.0023,0.0199,0.0218,-0.0115,-0.0117,1.0000,0.0000,1.0000,1.0000,4.8372,3.6644,-1.9339,2.6075,-1.6413,-1.4661,0.0316,-0.1322,-0.0525,0.1647,-0.2121,-0.1692
1786060570.0546,-1.4901,-1.3387,-1.8996,2.4820,-1.4892,-1.3381,-0.2057,-0.1614,-0.0187,0.0887,-0.2077,-0.1631,-0.0133,-0.0081,0.0240,0.0212,0.0074,-0.0037,1.0000,1.0000,1.0000,0.0000,4.8372,3.6644,-1.9339,2.6075,-1.6413,-1.4661,0.0316,-0.1322,-0.0525,0.1647,-0.2121,-0.1692
1786060570.1046,-1.5087,-1.3514,-1.8938,2.4873,-1.5082,-1.3512,-0.2144,-0.1622,0.0038,0.0840,-0.2171,-0.1645,-0.0121,-0.0016,0.0415,0.0131,0.0075,-0.0079,1.0000,1.0000,1.0000,0.0000,4.8403,3.6516,-1.9387,2.6245,-1.6622,-1.4826,0.0293,-0.1250,-0.0441,0.1734,-0.2047,-0.1638
1786060570.1546,-1.5087,-1.3514,-1.8938,2.4873,-1.5082,-1.3512,-0.2144,-0.1622,0.0038,0.0840,-0.2171,-0.1645,-0.0101,0.0021,0.0437,0.0115,0.0055,-0.0117,1.0000,1.0000,1.0000,0.0000,4.8403,3.6516,-1.9387,2.6245,-1.6622,-1.4826,0.0293,-0.1250,-0.0441,0.1734,-0.2047,-0.1638
1786060570.2045,-1.5223,-1.3610,-1.8899,2.4911,-1.5082,-1.3512,-0.1878,-0.1393,0.0154,0.0699,-0.2171,-0.1645,-0.0160,-0.0127,0.0581,-0.0013,0.0071,-0.0001,1.0000,1.0000,1.0000,0.0000,4.8430,3.6392,-1.9426,2.6419,-1.6821,-1.4991,0.0266,-0.1256,-0.0348,0.1716,-0.1963,-0.1679
1786060570.2605,-1.5227,-1.3609,-1.8893,2.4913,-1.5082,-1.3512,-0.1865,-0.1377,0.0167,0.0683,-0.2171,-0.1645,-0.0159,-0.0128,0.0616,-0.0064,0.0068,-0.0002,1.0000,1.0000,1.0000,0.0000,4.8430,3.6392,-1.9426,2.6419,-1.6821,-1.4991,0.0266,-0.1256,-0.0348,0.1716,-0.1963,-0.1679
1786060570.3046,-1.5531,-1.3852,-1.8820,2.4932,-1.5523,-1.3848,-0.2138,-0.1637,0.0346,0.0514,-0.2143,-0.1642,-0.0114,-0.0092,0.0656,-0.0370,0.0067,-0.0006,1.0000,1.0000,1.0000,1.0000,4.8456,3.6262,-1.9460,2.6587,-1.7017,-1.5165,0.0242,-0.1340,-0.0364,0.1649,-0.1966,-0.1786
1786060570.3547,-1.5531,-1.3852,-1.8820,2.4932,-1.5523,-1.3848,-0.2138,-0.1637,0.0346,0.0514,-0.2143,-0.1642,-0.0116,-0.0090,0.0662,-0.0438,0.0068,-0.0009,1.0000,1.0000,1.0000,1.0000,4.8456,3.6262,-1.9460,2.6587,-1.7017,-1.5165,0.0242,-0.1340,-0.0364,0.1649,-0.1966,-0.1786
1786060570.4046,-1.5824,-1.4103,-1.8857,2.5163,-1.5828,-1.4105,-0.2446,-0.1944,0.0127,0.1085,-0.2428,-0.1932,-0.0054,-0.0051,0.0408,0.0084,0.0118,0.0042,1.0000,1.0000,1.0000,1.0000,4.8479,3.6123,-1.9503,2.6750,-1.7218,-1.5348,0.0235,-0.1424,-0.0476,0.1637,-0.2043,-0.1848
1786060570.4547,-1.5830,-1.4105,-1.8854,2.5167,-1.5828,-1.4105,-0.2422,-0.1928,0.0121,0.1078,-0.2428,-0.1932,-0.0070,-0.0025,0.0365,0.0115,0.0128,0.0011,1.0000,1.0000,1.0000,0.0000,4.8479,3.6123,-1.9503,2.6750,-1.7218,-1.5348,0.0235,-0.1424,-0.0476,0.1637,-0.2043,-0.1848
1786060570.5058,-1.5983,-1.4238,-1.8951,2.5421,-1.5828,-1.4105,-0.2318,-0.1872,-0.0201,0.1616,-0.2428,-0.1932,-0.0061,-0.0088,0.0155,0.0184,0.0104,0.0060,1.0000,1.0000,1.0000,0.0000,4.8504,3.5980,-1.9556,2.6918,-1.7426,-1.5531,0.0258,-0.1430,-0.0572,0.1715,-0.2104,-0.1800
1786060570.5547,-1.5982,-1.4236,-1.8952,2.5424,-1.5982,-1.4237,-0.2294,-0.1857,-0.0208,0.1618,-0.2293,-0.1856,-0.0080,-0.0064,0.0143,0.0186,0.0101,0.0015,1.0000,1.0000,1.0000,1.0000,4.8504,3.5980,-1.9556,2.6918,-1.7426,-1.5531,0.0258,-0.1430,-0.0572,0.1715,-0.2104,-0.1800
1786060570.6046,-1.6126,-1.4345,-1.9041,2.5676,-1.6126,-1.4346,-0.1976,-0.1578,-0.0425,0.1866,-0.1976,-0.1575,-0.0135,-0.0107,0.0082,0.0171,0.0051,-0.0034,1.0000,1.0000,1.0000,0.0000,4.8531,3.5840,-1.9613,2.7094,-1.7635,-1.5705,0.0269,-0.1366,-0.0547,0.1806,-0.2074,-0.1692
1786060570.6594,-1.6126,-1.4345,-1.9041,2.5676,-1.6126,-1.4346,-0.1976,-0.1578,-0.0425,0.1866,-0.1976,-0.1575,-0.0135,-0.0103,0.0080,0.0171,0.0053,-0.0036,1.0000,1.0000,1.0000,0.0000,4.8531,3.5840,-1.9613,2.7094,-1.7635,-1.5705,0.0269,-0.1366,-0.0547,0.1806,-0.2074,-0.1692
1786060570.7065,-1.6126,-1.4345,-1.9041,2.5676,-1.6126,-1.4346,-0.1976,-0.1578,-0.0425,0.1866,-0.1976,-0.1575,-0.0137,-0.0100,0.0080,0.0171,0.0054,-0.0040,1.0000,1.0000,1.0000,0.0000,4.8531,3.5840,-1.9613,2.7094,-1.7635,-1.5705,0.0269,-0.1366,-0.0547,0.1806,-0.2074,-0.1692
1786060570.7547,-1.6518,-1.4660,-1.9107,2.5839,-1.6515,-1.4658,-0.2429,-0.1946,-0.0465,0.1648,-0.2433,-0.1946,-0.0055,-0.0053,0.0068,0.0189,0.0119,0.0046,1.0000,1.0000,1.0000,0.0000,4.8556,3.5707,-1.9661,2.7277,-1.7837,-1.5870,0.0230,-0.1310,-0.0428,0.1823,-0.1968,-0.1640
1786060570.8046,-1.6670,-1.4785,-1.9130,2.5874,-1.6674,-1.4786,-0.2395,-0.1921,-0.0434,0.1403,-0.2398,-0.1920,0.0080,-0.0096,0.0072,0.0203,-0.0030,0.0077,1.0000,0.0000,1.0000,1.0000,4.8575,3.5575,-1.9699,2.7455,-1.8029,-1.6037,0.0159,-0.1338,-0.0336,0.1743,-0.1889,-0.1703
1786060570.8551,-1.6670,-1.4785,-1.9130,2.5874,-1.6674,-1.4786,-0.2395,-0.1921,-0.0434,0.1403,-0.2398,-0.1920,0.0121,-0.0050,0.0072,0.0203,-0.0071,0.0031,1.0000,0.0000,1.0000,1.0000,4.8575,3.5575,-1.9699,2.7455,-1.8029,-1.6037,0.0159,-0.1338,-0.0336,0.1743,-0.1889,-0.1703
1786060570.9046,-1.6904,-1.4985,-1.9183,2.6171,-1.6910,-1.4988,-0.2274,-0.1863,-0.0449,0.1844,-0.2261,-0.1850,0.0106,-0.0060,0.0073,0.0172,-0.0091,0.0007,1.0000,1.0000,1.0000,0.0000,4.8588,3.5437,-1.9732,2.7624,-1.8218,-1.6213,0.0106,-0.1421,-0.0350,0.1645,-0.1902,-0.1812
1786060570.9547,-1.6904,-1.4985,-1.9183,2.6171,-1.6910,-1.4988,-0.2274,-0.1863,-0.0449,0.1844,-0.2261,-0.1850,0.0108,-0.0055,0.0073,0.0172,-0.0092,0.0003,1.0000,1.0000,1.0000,0.0000,4.8588,3.5437,-1.9732,2.7624,-1.8218,-1.6213,0.0106,-0.1421,-0.0350,0.1645,-0.1902,-0.1812
1786060571.0046,-1.7043,-1.5105,-1.9330,2.6617,-1.7037,-1.5097,-0.1912,-0.1586,-0.0763,0.2644,-0.1941,-0.1605,0.0021,-0.0160,0.0055,0.0054,-0.0106,0.0009,1.0000,1.0000,1.0000,1.0000,4.8599,3.5291,-1.9771,2.7787,-1.8412,-1.6398,0.0133,-0.1482,-0.0430,0.1626,-0.1975,-0.1850
1786060571.0553,-1.7043,-1.5105,-1.9335,2.6632,-1.7037,-1.5097,-0.1912,-0.1586,-0.0769,0.2648,-0.1941,-0.1605,-0.0007,-0.0175,0.0054,0.0056,-0.0076,0.0026,1.0000,1.0000,1.0000,0.0000,4.8599,3.5291,-1.9771,2.7787,-1.8412,-1.6398,0.0133,-0.1482,-0.0430,0.1626,-0.1975,-0.1850
1786060571.1046,-1.7084,-1.5142,-1.9425,2.6895,-1.7083,-1.5138,-0.1455,-0.1217,-0.0815,0.2661,-0.1519,-0.1266,0.0016,-0.0123,0.0051,0.0052,-0.0191,-0.0132,1.0000,1.0000,1.0000,0.0000,4.8618,3.5143,-1.9817,2.7953,-1.8613,-1.6579,0.0249,-0.1468,-0.0461,0.1696,-0.2017,-0.1782
1786060571.1547,-1.7084,-1.5142,-1.9425,2.6893,-1.7083,-1.5138,-0.1455,-0.1217,-0.0814,0.2658,-0.1519,-0.1266,0.0009,-0.0099,0.0051,0.0052,-0.0183,-0.0154,1.0000,1.0000,1.0000,0.0000,4.8618,3.5143,-1.9817,2.7953,-1.8613,-1.6579,0.0249,-0.1468,-0.0461,0.1696,-0.2017,-0.1782
1786060571.2047,-1.7308,-1.5329,-1.9475,2.7037,-1.7316,-1.5335,-0.1729,-0.1452,-0.0723,0.2298,-0.1744,-0.1464,0.0022,-0.0045,0.0041,0.0111,-0.0147,-0.0151,1.0000,0.0000,1.0000,1.0000,4.8649,3.4999,-1.9860,2.8127,-1.8813,-1.6753,0.0336,-0.1410,-0.0386,0.1764,-0.1981,-0.1695
1786060571.2546,-1.7308,-1.5329,-1.9475,2.7037,-1.7316,-1.5335,-0.1729,-0.1452,-0.0723,0.2298,-0.1744,-0.1464,0.0017,-0.0040,0.0041,0.0110,-0.0143,-0.0158,1.0000,0.0000,1.0000,1.0000,4.8649,3.4999,-1.9860,2.8127,-1.8813,-1.6753,0.0336,-0.1410,-0.0386,0.1764,-0.1981,-0.1695
1786060571.3046,-1.7445,-1.5445,-1.9498,2.7093,-1.7316,-1.5335,-0.1591,-0.1340,-0.0564,0.1746,-0.1744,-0.1464,-0.0155,-0.0186,0.0041,0.0178,0.0015,-0.0028,1.0000,0.0000,1.0000,0.0000,4.8680,3.4860,-1.9892,2.8303,-1.9007,-1.6921,0.0273,-0.1380,-0.0269,0.1743,-0.1917,-0.1697
1786060571.3571,-1.7445,-1.5445,-1.9498,2.7096,-1.7450,-1.5450,-0.1591,-0.1340,-0.0556,0.1721,-0.1586,-0.1336,0.0022,-0.0085,0.0042,0.0179,-0.0179,-0.0147,1.0000,0.0000,1.0000,1.0000,4.8680,3.4860,-1.9892,2.8303,-1.9007,-1.6921,0.0273,-0.1380,-0.0269,0.1743,-0.1917,-0.1697
1786060571.4219,-1.7445,-1.5445,-1.9498,2.7096,-1.7450,-1.5450,-0.1591,-0.1340,-0.0556,0.1721,-0.1586,-0.1336,0.0012,-0.0069,0.0042,0.0179,-0.0168,-0.0163,1.0000,0.0000,1.0000,1.0000,4.8680,3.4860,-1.9892,2.8303,-1.9007,-1.6921,0.0273,-0.1380,-0.0269,0.1743,-0.1917,-0.1697
1786060571.4645,-1.7506,-1.5498,-1.9501,2.7094,-1.7450,-1.5450,-0.1281,-0.1082,-0.0396,0.1196,-0.1586,-0.1336,-0.0008,-0.0094,0.0073,0.0209,-0.0166,-0.0167,1.0000,1.0000,1.0000,0.0000,4.8699,3.4721,-1.9915,2.8472,-1.9198,-1.7096,0.0115,-0.1414,-0.0218,0.1641,-0.1903,-0.1799
1786060571.5046,-1.7837,-1.5799,-1.9506,2.7124,-1.7829,-1.5793,-0.1946,-0.1710,-0.0296,0.0939,-0.1942,-0.1709,-0.0097,-0.0144,0.0124,0.0216,0.0045,0.0009,1.0000,1.0000,1.0000,1.0000,4.8704,3.4576,-1.9939,2.8631,-1.9391,-1.7282,0.0005,-0.1479,-0.0276,0.1566,-0.1961,-0.1896
1786060571.5575,-1.7837,-1.5799,-1.9506,2.7124,-1.7829,-1.5793,-0.1946,-0.1710,-0.0296,0.0939,-0.1942,-0.1709,-0.0101,-0.0136,0.0130,0.0216,0.0046,-0.0002,1.0000,1.0000,1.0000,1.0000,4.8704,3.4576,-1.9939,2.8631,-1.9391,-1.7282,0.0005,-0.1479,-0.0276,0.1566,-0.1961,-0.1896
1786060571.6047,-1.8054,-1.5999,-1.9504,2.7128,-1.8052,-1.5997,-0.2041,-0.1823,-0.0202,0.0676,-0.2041,-0.1822,-0.0081,-0.0122,0.0222,0.0221,0.0062,0.0018,1.0000,1.0000,1.0000,0.0000,4.8706,3.4425,-1.9973,2.8789,-1.9591,-1.7472,0.0072,-0.1519,-0.0379,0.1602,-0.2031,-0.1887
1786060571.6546,-1.8054,-1.5999,-1.9504,2.7128,-1.8052,-1.5997,-0.2041,-0.1823,-0.0202,0.0676,-0.2041,-0.1822,-0.0079,-0.0124,0.0240,0.0220,0.0059,0.0019,1.0000,1.0000,1.0000,0.0000,4.8706,3.4425,-1.9973,2.8789,-1.9591,-1.7472,0.0072,-0.1519,-0.0379,0.1602,-0.2031,-0.1887
1786060571.7046,-1.8324,-1.6259,-1.9553,2.7342,-1.8323,-1.6257,-0.2273,-0.2086,-0.0295,0.1138,-0.2268,-0.2084,-0.0043,-0.0075,0.0134,0.0210,0.0109,0.0053,1.0000,1.0000,1.0000,0.0000,4.8723,3.4274,-2.0013,2.8955,-1.9795,-1.7655,0.0236,-0.1499,-0.0403,0.1712,-0.2038,-0.1787
1786060571.7547,-1.8324,-1.6259,-1.9553,2.7342,-1.8323,-1.6257,-0.2273,-0.2086,-0.0295,0.1138,-0.2268,-0.2084,-0.0047,-0.0072,0.0126,0.0211,0.0111,0.0048,1.0000,1.0000,1.0000,0.0000,4.8723,3.4274,-2.0013,2.8955,-1.9795,-1.7655,0.0236,-0.1499,-0.0403,0.1712,-0.2038,-0.1787
1786060571.8049,-1.8529,-1.6449,-1.9627,2.7678,-1.8529,-1.6449,-0.2133,-0.1964,-0.0425,0.1801,-0.2128,-0.1960,-0.0069,-0.0096,0.0074,0.0175,0.0088,0.0025,1.0000,1.0000,1.0000,1.0000,4.8753,3.4126,-2.0049,2.9131,-1.9996,-1.7829,0.0347,-0.1468,-0.0324,0.1785,-0.1974,-0.1708
1786060571.8546,-1.8529,-1.6449,-1.9627,2.7678,-1.8529,-1.6449,-0.2133,-0.1964,-0.0425,0.1801,-0.2128,-0.1960,-0.0068,-0.0096,0.0072,0.0176,0.0088,0.0027,1.0000,1.0000,1.0000,1.0000,4.8753,3.4126,-2.0049,2.9131,-1.9996,-1.7829,0.0347,-0.1468,-0.0324,0.1785,-0.1974,-0.1708
1786060571.9077,-1.8876,-1.6795,-1.9673,2.7894,-1.8529,-1.6449,-0.2457,-0.2347,-0.0419,0.1836,-0.2128,-0.1960,0.0001,-0.0046,0.0073,0.0172,0.0078,0.0038,1.0000,1.0000,1.0000,0.0000,4.8650,3.4129,-2.0153,2.9134,-2.0100,-1.7826,0.0412,-0.1498,-0.0259,0.1754,-0.1909,-0.1739
1786060571.9546,-1.8876,-1.6795,-1.9673,2.7895,-1.8875,-1.6795,-0.2450,-0.2341,-0.0418,0.1834,-0.2453,-0.2344,-0.0008,-0.0041,0.0073,0.0172,0.0146,0.0091,1.0000,1.0000,1.0000,0.0000,4.8786,3.3979,-2.0077,2.9308,-2.0190,-1.8001,0.0285,-0.1473,-0.0250,0.1760,-0.1911,-0.1737
1786060572.0046,-1.9040,-1.6963,-1.9715,2.8104,-1.9038,-1.6961,-0.2301,-0.2234,-0.0437,0.1995,-0.2304,-0.2236,-0.0027,-0.0065,0.0070,0.0156,0.0122,0.0068,1.0000,1.0000,1.0000,1.0000,4.8805,3.3830,-2.0102,2.9480,-2.0380,-1.8180,0.0110,-0.1513,-0.0265,0.1681,-0.1909,-0.1835
1786060572.0547,-1.9040,-1.6963,-1.9715,2.8104,-1.9038,-1.6961,-0.2301,-0.2234,-0.0437,0.1995,-0.2304,-0.2236,-0.0025,-0.0066,0.0070,0.0156,0.0122,0.0070,1.0000,1.0000,1.0000,1.0000,4.8805,3.3830,-2.0102,2.9480,-2.0380,-1.8180,0.0110,-0.1513,-0.0265,0.1681,-0.1909,-0.1835
1786060572.1046,-1.9134,-1.7060,-1.9741,2.8235,-1.9138,-1.7065,-0.1927,-0.1889,-0.0391,0.1819,-0.1868,-0.1834,-0.0082,-0.0131,0.0078,0.0174,0.0056,-0.0006,1.0000,1.0000,1.0000,0.0000,4.8809,3.3675,-2.0134,2.9645,-2.0574,-1.8367,0.0014,-0.1564,-0.0358,0.1642,-0.1969,-0.1891
1786060572.1547,-1.9134,-1.7060,-1.9741,2.8235,-1.9138,-1.7065,-0.1927,-0.1889,-0.0391,0.1819,-0.1868,-0.1834,-0.0081,-0.0129,0.0078,0.0174,0.0058,-0.0004,1.0000,1.0000,1.0000,0.0000,4.8809,3.3675,-2.0134,2.9645,-2.0574,-1.8367,0.0014,-0.1564,-0.0358,0.1642,-0.1969,-0.1891
1786060572.2057,-1.9240,-1.7156,-1.9832,2.8512,-1.9233,-1.7149,-0.1609,-0.1549,-0.0540,0.2065,-0.1577,-0.1519,-0.0126,-0.0184,0.0053,0.0145,0.0016,-0.0049,1.0000,0.0000,1.0000,1.0000,4.8813,3.3518,-2.0174,2.9812,-2.0774,-1.8554,0.0075,-0.1568,-0.0422,0.1695,-0.2013,-0.1838
1786060572.2547,-1.9240,-1.7156,-1.9832,2.8512,-1.9233,-1.7149,-0.1609,-0.1549,-0.0540,0.2065,-0.1577,-0.1519,-0.0124,-0.0183,0.0052,0.0145,0.0016,-0.0047,1.0000,0.0000,1.0000,1.0000,4.8813,3.3518,-2.0174,2.9812,-2.0774,-1.8554,0.0075,-0.1568,-0.0422,0.1695,-0.2013,-0.1838
1786060572.3045,-1.9240,-1.7156,-1.9832,2.8512,-1.9233,-1.7149,-0.1609,-0.1549,-0.0540,0.2065,-0.1577,-0.1519,-0.0124,-0.0184,0.0052,0.0145,0.0016,-0.0047,1.0000,0.0000,1.0000,1.0000,4.8699,3.3513,-2.0288,2.9807,-2.0888,-1.8559,0.0100,-0.1468,-0.0397,0.1796,-0.1988,-0.1737
1786060572.3546,-1.9399,-1.7303,-1.9913,2.8784,-1.9396,-1.7300,-0.1516,-0.1442,-0.0592,0.2146,-0.1496,-0.1423,-0.0136,-0.0196,0.0046,0.0134,0.0006,-0.0057,1.0000,0.0000,1.0000,1.0000,4.8829,3.3363,-2.0215,2.9987,-2.0974,-1.8732,0.0220,-0.1533,-0.0383,0.1791,-0.1978,-0.1735
1786060572.4046,-1.9399,-1.7303,-1.9913,2.8784,-1.9396,-1.7300,-0.1516,-0.1442,-0.0592,0.2146,-0.1496,-0.1423,-0.0135,-0.0196,0.0046,0.0134,0.0006,-0.0057,1.0000,0.0000,1.0000,1.0000,4.8829,3.3363,-2.0215,2.9987,-2.0974,-1.8732,0.0220,-0.1533,-0.0383,0.1791,-0.1978,-0.1735
1786060572.4546,-1.9445,-1.7335,-1.9985,2.9054,-1.9442,-1.7331,-0.1097,-0.1005,-0.0603,0.2207,-0.1095,-0.1004,-0.0159,-0.0235,0.0046,0.0125,-0.0016,-0.0090,1.0000,1.0000,1.0000,0.0000,4.8855,3.3212,-2.0247,3.0169,-2.1167,-1.8903,0.0270,-0.1499,-0.0282,0.1825,-0.1895,-0.1698
1786060572.5046,-1.9431,-1.7314,-2.0010,2.9147,-1.9442,-1.7331,-0.0818,-0.0728,-0.0548,0.2015,-0.1095,-0.1004,-0.0007,-0.0102,0.0047,0.0151,-0.0159,-0.0235,1.0000,1.0000,1.0000,0.0000,4.8878,3.3061,-2.0271,3.0348,-2.1353,-1.9076,0.0196,-0.1529,-0.0219,0.1753,-0.1845,-0.1770
1786060572.5547,-1.9433,-1.7317,-2.0010,2.9147,-1.9430,-1.7313,-0.0794,-0.0705,-0.0547,0.2012,-0.0816,-0.0725,0.0002,-0.0109,0.0047,0.0151,-0.0157,-0.0241,1.0000,1.0000,1.0000,1.0000,4.8878,3.3061,-2.0271,3.0348,-2.1353,-1.9076,0.0196,-0.1529,-0.0219,0.1753,-0.1845,-0.1770
1786060572.6059,-1.9433,-1.7317,-2.0010,2.9147,-1.9430,-1.7313,-0.0794,-0.0705,-0.0547,0.2012,-0.0816,-0.0725,0.0004,-0.0111,0.0047,0.0151,-0.0158,-0.0239,1.0000,1.0000,1.0000,1.0000,4.8878,3.3061,-2.0271,3.0348,-2.1353,-1.9076,0.0196,-0.1529,-0.0219,0.1753,-0.1845,-0.1770
1786060572.6547,-1.9605,-1.7484,-2.0027,2.9212,-1.9605,-1.7484,-0.1126,-0.1049,-0.0443,0.1635,-0.1147,-0.1068,-0.0004,-0.0099,0.0059,0.0187,-0.0164,-0.0224,1.0000,1.0000,1.0000,0.0000,4.8891,3.2904,-2.0294,3.0517,-2.1539,-1.9258,0.0061,-0.1594,-0.0247,0.1649,-0.1873,-0.1871
1786060572.7052,-1.9731,-1.7608,-2.0035,2.9243,-1.9735,-1.7612,-0.1153,-0.1094,-0.0322,0.1194,-0.1164,-0.1104,-0.0002,-0.0097,0.0096,0.0207,-0.0161,-0.0225,1.0000,0.0000,1.0000,1.0000,4.8892,3.2743,-2.0323,3.0680,-2.1730,-1.9448,-0.0016,-0.1626,-0.0323,0.1623,-0.1949,-0.1901
1786060572.7547,-1.9731,-1.7608,-2.0035,2.9243,-1.9735,-1.7612,-0.1153,-0.1094,-0.0322,0.1194,-0.1164,-0.1104,-0.0003,-0.0097,0.0099,0.0207,-0.0161,-0.0225,1.0000,0.0000,1.0000,1.0000,4.8892,3.2743,-2.0323,3.0680,-2.1730,-1.9448,-0.0016,-0.1626,-0.0323,0.1623,-0.1949,-0.1901
1786060572.8046,-2.0035,-1.7866,-2.0080,2.9347,-1.9735,-1.7612,-0.1800,-0.1613,-0.0373,0.1191,-0.1164,-0.1104,-0.0123,-0.0155,0.0075,0.0206,-0.0006,-0.0091,1.0000,1.0000,1.0000,0.0000,4.8892,3.2581,-2.0358,3.0846,-2.1928,-1.9635,0.0045,-0.1595,-0.0351,0.1701,-0.1987,-0.1836
1786060572.8547,-2.0035,-1.7866,-2.0079,2.9345,-2.0039,-1.7870,-0.1800,-0.1613,-0.0373,0.1194,-0.1809,-0.1621,0.0027,-0.0011,0.0074,0.0206,-0.0117,-0.0158,1.0000,0.0000,1.0000,1.0000,4.8892,3.2581,-2.0358,3.0846,-2.1928,-1.9635,0.0045,-0.1595,-0.0351,0.1701,-0.1987,-0.1836
1786060572.9046,-2.0264,-1.8060,-2.0111,2.9416,-2.0267,-1.8063,-0.1888,-0.1656,-0.0341,0.0996,-0.1890,-0.1657,0.0036,-0.0008,0.0082,0.0209,-0.0114,-0.0139,1.0000,0.0000,1.0000,1.0000,4.8903,3.2425,-2.0390,3.1021,-2.2125,-1.9814,0.0155,-0.1534,-0.0296,0.1790,-0.1945,-0.1750
1786060572.9546,-2.0264,-1.8060,-2.0111,2.9416,-2.0267,-1.8063,-0.1888,-0.1656,-0.0341,0.0996,-0.1890,-0.1657,0.0039,-0.0011,0.0083,0.0209,-0.0117,-0.0136,1.0000,0.0000,1.0000,1.0000,4.8903,3.2425,-2.0390,3.1021,-2.2125,-1.9814,0.0155,-0.1534,-0.0296,0.1790,-0.1945,-0.1750
1786060573.0046,-2.0387,-1.8163,-2.0124,2.9438,-2.0267,-1.8063,-0.1627,-0.1408,-0.0270,0.0730,-0.1890,-0.1657,-0.0156,-0.0172,0.0121,0.0213,0.0044,-0.0009,1.0000,1.0000,1.0000,0.0000,4.8922,3.2273,-2.0415,3.1201,-2.2315,-1.9987,0.0195,-0.1526,-0.0214,0.1789,-0.1869,-0.1743
1786060573.0545,-2.0388,-1.8163,-2.0124,2.9437,-2.0388,-1.8163,-0.1614,-0.1397,-0.0267,0.0722,-0.1614,-0.1396,-0.0150,-0.0176,0.0130,0.0214,-0.0001,-0.0042,1.0000,1.0000,1.0000,0.0000,4.8922,3.2273,-2.0415,3.1201,-2.2315,-1.9987,0.0195,-0.1526,-0.0214,0.1789,-0.1869,-0.1743
1786060573.1045,-2.0791,-1.8818,-2.0128,2.9596,-2.0767,-1.8781,-0.2399,-0.3033,-0.0198,0.1005,-0.2395,-0.2986,0.0066,-0.0006,0.0174,0.0206,0.0161,0.0167,1.0000,1.0000,1.0000,1.0000,4.8938,3.2117,-2.0434,3.1375,-2.2500,-2.0166,0.0121,-0.1584,-0.0188,0.1695,-0.1845,-0.1826
1786060573.1552,-2.0801,-1.8829,-2.0129,2.9600,-2.0767,-1.8781,-0.2406,-0.3047,-0.0198,0.1009,-0.2395,-0.2986,0.0063,-0.0008,0.0178,0.0205,0.0160,0.0162,1.0000,1.0000,1.0000,0.0000,4.8938,3.2117,-2.0434,3.1375,-2.2500,-2.0166,0.0121,-0.1584,-0.0188,0.1695,-0.1845,-0.1826
1786060573.2057,-2.1038,-1.9233,-2.0127,2.9695,-2.1044,-1.9239,-0.2498,-0.3486,-0.0141,0.1015,-0.2476,-0.3440,0.0116,0.0012,0.0212,0.0197,0.0143,0.0212,1.0000,1.0000,1.0000,1.0000,4.8943,3.1955,-2.0456,3.1540,-2.2687,-2.0353,-0.0003,-0.1644,-0.0246,0.1615,-0.1903,-0.1906
1786060573.2547,-2.1048,-1.9250,-2.0127,2.9696,-2.1044,-1.9239,-0.2468,-0.3458,-0.0134,0.1010,-0.2476,-0.3440,0.0114,0.0009,0.0220,0.0195,0.0143,0.0212,1.0000,1.0000,1.0000,0.0000,4.8943,3.1955,-2.0456,3.1540,-2.2687,-2.0353,-0.0003,-0.1644,-0.0246,0.1615,-0.1903,-0.1906
1786060573.3104,-2.1330,-1.9369,-2.0123,2.9747,-2.1317,-1.9354,-0.2627,-0.2816,-0.0088,0.0891,-0.2636,-0.2828,0.0054,-0.0011,0.0276,0.0185,0.0165,0.0161,1.0000,0.0000,1.0000,1.0000,4.8939,3.1790,-2.0485,3.1702,-2.2882,-2.0544,-0.0061,-0.1644,-0.0322,0.1644,-0.1974,-0.1888
1786060573.3546,-2.1308,-1.9352,-2.0123,2.9744,-2.1317,-1.9354,-0.2643,-0.2879,-0.0087,0.0897,-0.2636,-0.2828,0.0157,-0.0014,0.0282,0.0182,0.0067,0.0170,1.0000,1.0000,1.0000,0.0000,4.8939,3.1790,-2.0485,3.1702,-2.2882,-2.0544,-0.0061,-0.1644,-0.0322,0.1644,-0.1974,-0.1888
1786060573.4046,-2.1491,-1.9402,-2.0239,3.0172,-2.1489,-1.9398,-0.2325,-0.2055,-0.0422,0.1940,-0.2342,-0.2075,0.0103,-0.0079,0.0073,0.0160,-0.0048,0.0070,1.0000,1.0000,1.0000,0.0000,4.8936,3.1629,-2.0519,3.1872,-2.3080,-2.0727,0.0010,-0.1587,-0.0337,0.1759,-0.1972,-0.1783
1786060573.4547,-2.1491,-1.9402,-2.0239,3.0172,-2.1489,-1.9398,-0.2325,-0.2055,-0.0422,0.1940,-0.2342,-0.2075,0.0121,-0.0054,0.0066,0.0161,-0.0061,0.0050,1.0000,1.0000,1.0000,0.0000,4.8936,3.1629,-2.0519,3.1872,-2.3080,-2.0727,0.0010,-0.1587,-0.0337,0.1759,-0.1972,-0.1783
1786060573.5067,-2.1570,-1.9386,-2.0322,3.0464,-2.1570,-1.9382,-0.1791,-0.1320,-0.0538,0.2199,-0.1799,-0.1319,-0.0025,-0.0167,0.0051,0.0127,-0.0156,0.0007,1.0000,1.0000,1.0000,1.0000,4.8945,3.1473,-2.0549,3.2054,-2.3273,-2.0900,0.0153,-0.1545,-0.0278,0.1842,-0.1898,-0.1703
1786060573.5546,-2.1570,-1.9386,-2.0322,3.0464,-2.1570,-1.9382,-0.1791,-0.1320,-0.0538,0.2199,-0.1799,-0.1319,-0.0038,-0.0175,0.0051,0.0128,-0.0138,0.0019,1.0000,1.0000,1.0000,1.0000,4.8945,3.1473,-2.0549,3.2054,-2.3273,-2.0900,0.0153,-0.1545,-0.0278,0.1842,-0.1898,-0.1703
1786060573.6061,-2.1573,-1.9328,-2.0369,3.0624,-2.1570,-1.9382,-0.1251,-0.0731,-0.0522,0.2020,-0.1799,-0.1319,-0.0099,0.0002,0.0048,0.0150,-0.0148,-0.0158,1.0000,1.0000,1.0000,0.0000,4.8965,3.1317,-2.0573,3.2237,-2.3459,-2.1071,0.0218,-0.1572,-0.0207,0.1798,-0.1835,-0.1733
1786060573.6549,-2.1577,-1.9329,-2.0371,3.0629,-2.1576,-1.9326,-0.1244,-0.0726,-0.0516,0.1995,-0.1232,-0.0715,-0.0245,-0.0131,0.0048,0.0152,-0.0078,-0.0012,1.0000,1.0000,1.0000,1.0000,4.8965,3.1317,-2.0573,3.2237,-2.3459,-2.1071,0.0218,-0.1572,-0.0207,0.1798,-0.1835,-0.1733
1786060573.7047,-2.1548,-1.9268,-2.0394,3.0698,-2.1547,-1.9265,-0.0795,-0.0323,-0.0431,0.1607,-0.0767,-0.0305,-0.0268,-0.0043,0.0056,0.0188,-0.0127,0.0131,1.0000,0.0000,1.0000,1.0000,4.8983,3.1157,-2.0592,3.2410,-2.3643,-2.1250,0.0143,-0.1637,-0.0193,0.1676,-0.1850,-0.1832
1786060573.7546,-2.1548,-1.9268,-2.0394,3.0698,-2.1547,-1.9265,-0.0795,-0.0323,-0.0431,0.1607,-0.0767,-0.0305,-0.0265,-0.0038,0.0057,0.0187,-0.0137,0.0159,1.0000,0.0000,1.0000,1.0000,4.8983,3.1157,-2.0592,3.2410,-2.3643,-2.1250,0.0143,-0.1637,-0.0193,0.1676,-0.1850,-0.1832
1786060573.8047,-2.1548,-1.9268,-2.0394,3.0698,-2.1547,-1.9265,-0.0795,-0.0323,-0.0431,0.1607,-0.0767,-0.0305,-0.0262,-0.0040,0.0057,0.0187,-0.0140,0.0166,1.0000,0.0000,1.0000,1.0000,4.8878,3.1145,-2.0697,3.2398,-2.3748,-2.1262,0.0080,-0.1686,-0.0256,0.1627,-0.1914,-0.1881
1786060573.8558,-2.1548,-1.9268,-2.0394,3.0698,-2.1547,-1.9265,-0.0795,-0.0323,-0.0431,0.1607,-0.0767,-0.0305,-0.0261,-0.0041,0.0057,0.0187,-0.0141,0.0168,1.0000,0.0000,1.0000,1.0000,4.8878,3.1145,-2.0697,3.2398,-2.3748,-2.1262,0.0080,-0.1686,-0.0256,0.1627,-0.1914,-0.1881
1786060573.9056,-2.1864,-1.9496,-2.0401,3.0706,-2.1749,-1.9408,-0.1139,-0.0713,-0.0207,0.0719,-0.1119,-0.0641,-0.0232,-0.0153,0.0170,0.0213,-0.0098,0.0019,1.0000,1.0000,1.0000,0.0000,4.8878,3.0980,-2.0725,3.2562,-2.3943,-2.1448,-0.0049,-0.1612,-0.0292,0.1661,-0.1979,-0.1832
1786060573.9552,-2.1864,-1.9496,-2.0400,3.0701,-2.1863,-1.9495,-0.1139,-0.0713,-0.0198,0.0685,-0.1122,-0.0710,-0.0236,-0.0150,0.0202,0.0212,-0.0075,-0.0021,1.0000,0.0000,1.0000,1.0000,4.8985,3.0826,-2.0640,3.2735,-2.4028,-2.1623,-0.0067,-0.1625,-0.0274,0.1641,-0.1982,-0.1831
1786060574.0045,-2.1864,-1.9496,-2.0400,3.0701,-2.1863,-1.9495,-0.1139,-0.0713,-0.0198,0.0685,-0.1122,-0.0710,-0.0242,-0.0139,0.0208,0.0212,-0.0067,-0.0034,1.0000,0.0000,1.0000,1.0000,4.8985,3.0826,-2.0640,3.2735,-2.4028,-2.1623,-0.0067,-0.1625,-0.0274,0.1641,-0.1982,-0.1831
1786060574.0547,-2.1917,-1.9539,-2.0474,3.1074,-2.1914,-1.9537,-0.1004,-0.0661,-0.0380,0.1682,-0.0998,-0.0663,-0.0239,-0.0143,0.0076,0.0183,-0.0057,-0.0051,1.0000,1.0000,1.0000,0.0000,4.8981,3.0667,-2.0667,3.2903,-2.4226,-2.1800,-0.0005,-0.1564,-0.0244,0.1721,-0.1962,-0.1719
1786060574.1106,-2.1948,-1.9567,-2.0526,3.1340,-2.1914,-1.9537,-0.0778,-0.0536,-0.0420,0.1973,-0.0998,-0.0663,-0.0049,-0.0170,0.0064,0.0156,-0.0233,-0.0034,1.0000,1.0000,1.0000,0.0000,4.8872,3.0671,-2.0775,3.2908,-2.4334,-2.1796,0.0057,-0.1531,-0.0182,0.1754,-0.1900,-0.1686
1786060574.1587,-2.1948,-1.9567,-2.0527,3.1346,-2.1950,-1.9567,-0.0778,-0.0536,-0.0414,0.1948,-0.0755,-0.0523,-0.0116,-0.0224,0.0064,0.0159,-0.0152,0.0013,1.0000,0.0000,1.0000,1.0000,4.8986,3.0512,-2.0688,3.3078,-2.4418,-2.1969,0.0098,-0.1547,-0.0185,0.1752,-0.1894,-0.1671
1786060574.2077,-2.1953,-1.9569,-2.0530,3.1359,-2.1950,-1.9567,-0.0741,-0.0509,-0.0414,0.1951,-0.0755,-0.0523,-0.0106,-0.0224,0.0064,0.0159,-0.0159,0.0012,1.0000,1.0000,1.0000,0.0000,4.8986,3.0512,-2.0688,3.3078,-2.4418,-2.1969,0.0098,-0.1547,-0.0185,0.1752,-0.1894,-0.1671
1786060574.2564,-2.2050,-1.9682,-2.0467,3.1480,-2.2052,-1.9684,-0.0857,-0.0735,-0.0110,0.1830,-0.0868,-0.0747,0.0013,-0.0168,0.0128,0.0164,-0.0212,-0.0140,1.0000,0.0000,1.0000,1.0000,4.8999,3.0354,-2.0704,3.3250,-2.4605,-2.2139,0.0131,-0.1615,-0.0143,0.1678,-0.1863,-0.1740
1786060574.3047,-2.2050,-1.9682,-2.0467,3.1480,-2.2052,-1.9684,-0.0857,-0.0735,-0.0110,0.1830,-0.0868,-0.0747,0.0007,-0.0125,0.0131,0.0163,-0.0199,-0.0190,1.0000,0.0000,1.0000,1.0000,4.8896,3.0347,-2.0807,3.3243,-2.4708,-2.2145,0.0101,-0.1706,-0.0173,0.1587,-0.1893,-0.1831
1786060574.3571,-2.2398,-2.0032,-2.0377,3.1633,-2.2406,-2.0040,-0.1610,-0.1544,0.0217,0.1558,-0.1621,-0.1556,0.0024,-0.0047,0.0232,0.0139,-0.0135,-0.0167,1.0000,0.0000,1.0000,1.0000,4.9008,3.0188,-2.0719,3.3412,-2.4794,-2.2319,0.0043,-0.1700,-0.0170,0.1574,-0.1912,-0.1843
1786060574.4045,-2.2398,-2.0032,-2.0377,3.1633,-2.2406,-2.0040,-0.1610,-0.1544,0.0217,0.1558,-0.1621,-0.1556,0.0017,-0.0042,0.0236,0.0136,-0.0130,-0.0175,1.0000,0.0000,1.0000,1.0000,4.8899,3.0175,-2.0827,3.3399,-2.4902,-2.2331,-0.0019,-0.1712,-0.0233,0.1562,-0.1974,-0.1855
1786060574.4551,-2.2597,-2.0236,-2.0318,3.1670,-2.2598,-2.0238,-0.1729,-0.1700,0.0338,0.1204,-0.1736,-0.1707,0.0035,-0.0021,0.0339,0.0081,-0.0109,-0.0158,1.0000,0.0000,1.0000,1.0000,4.9005,3.0016,-2.0740,3.3567,-2.4990,-2.2505,-0.0087,-0.1715,-0.0244,0.1569,-0.1998,-0.1864
1786060574.5052,-2.2597,-2.0236,-2.0318,3.1670,-2.2598,-2.0238,-0.1729,-0.1700,0.0338,0.1204,-0.1736,-0.1707,0.0033,-0.0021,0.0345,0.0075,-0.0108,-0.0159,1.0000,0.0000,1.0000,1.0000,4.9005,3.0016,-2.0740,3.3567,-2.4990,-2.2505,-0.0087,-0.1715,-0.0244,0.1569,-0.1998,-0.1864
1786060574.5546,-2.2714,-2.0358,-2.0278,3.1678,-2.2714,-2.0359,-0.1494,-0.1489,0.0344,0.0812,-0.1499,-0.1494,0.0012,-0.0056,0.0496,-0.0052,-0.0134,-0.0193,1.0000,0.0000,1.0000,1.0000,4.8993,2.9848,-2.0768,3.3731,-2.5192,-2.2687,-0.0137,-0.1650,-0.0301,0.1696,-0.2035,-0.1784
1786060574.6049,-2.3046,-2.0666,-2.0312,3.1904,-2.3043,-2.0663,-0.2179,-0.2097,0.0157,0.1337,-0.2186,-0.2105,0.0119,0.0024,0.0281,0.0130,-0.0066,-0.0050,1.0000,0.0000,1.0000,1.0000,4.8981,2.9686,-2.0798,3.3909,-2.5394,-2.2861,-0.0075,-0.1584,-0.0293,0.1843,-0.2000,-0.1702
1786060574.6545,-2.3044,-2.0664,-2.0313,3.1906,-2.3043,-2.0663,-0.2183,-0.2102,0.0156,0.1335,-0.2186,-0.2105,0.0121,0.0013,0.0265,0.0140,-0.0073,-0.0044,1.0000,1.0000,1.0000,0.0000,4.8981,2.9686,-2.0798,3.3909,-2.5394,-2.2861,-0.0075,-0.1584,-0.0293,0.1843,-0.2000,-0.1702
1786060574.7046,-2.3273,-2.0875,-2.0338,3.2064,-2.3272,-2.0874,-0.2299,-0.2186,0.0034,0.1461,-0.2304,-0.2190,0.0137,0.0031,0.0206,0.0165,-0.0057,-0.0025,1.0000,1.0000,1.0000,1.0000,4.8979,2.9528,-2.0824,3.4096,-2.5591,-2.3031,0.0020,-0.1603,-0.0244,0.1880,-0.1940,-0.1709
1786060574.7547,-2.3273,-2.0875,-2.0338,3.2064,-2.3272,-2.0874,-0.2299,-0.2186,0.0034,0.1461,-0.2304,-0.2190,0.0137,0.0030,0.0202,0.0166,-0.0057,-0.0024,1.0000,1.0000,1.0000,1.0000,4.8979,2.9528,-2.0824,3.4096,-2.5591,-2.3031,0.0020,-0.1603,-0.0244,0.1880,-0.1940,-0.1709
1786060574.8047,-2.3423,-2.1013,-2.0359,3.2169,-2.3416,-2.1007,-0.2027,-0.1912,-0.0043,0.1319,-0.2061,-0.1945,0.0090,-0.0014,0.0198,0.0179,-0.0098,-0.0071,1.0000,1.0000,1.0000,1.0000,4.8983,2.9363,-2.0847,3.4280,-2.5784,-2.3206,0.0032,-0.1691,-0.0225,0.1795,-0.1928,-0.1799
1786060574.8546,-2.3423,-2.1013,-2.0359,3.2169,-2.3416,-2.1007,-0.2027,-0.1912,-0.0043,0.1319,-0.2061,-0.1945,0.0090,-0.0010,0.0197,0.0179,-0.0096,-0.0072,1.0000,1.0000,1.0000,1.0000,4.8983,2.9363,-2.0847,3.4280,-2.5784,-2.3206,0.0032,-0.1691,-0.0225,0.1795,-0.1928,-0.1799
1786060574.9045,-2.3779,-2.1325,-2.0369,3.2256,-2.3781,-2.1328,-0.2567,-0.2348,-0.0063,0.1216,-0.2594,-0.2375,0.0155,0.0099,0.0204,0.0182,-0.0003,-0.0014,1.0000,1.0000,1.0000,0.0000,4.8983,2.9190,-2.0872,3.4455,-2.5979,-2.3391,-0.0044,-0.1757,-0.0270,0.1721,-0.1985,-0.1873
1786060574.9546,-2.3779,-2.1325,-2.0369,3.2256,-2.3781,-2.1328,-0.2567,-0.2348,-0.0063,0.1216,-0.2594,-0.2375,0.0148,0.0103,0.0205,0.0182,-0.0000,-0.0022,1.0000,1.0000,1.0000,0.0000,4.8983,2.9190,-2.0872,3.4455,-2.5979,-2.3391,-0.0044,-0.1757,-0.0270,0.1721,-0.1985,-0.1873
1786060575.0046,-2.4033,-2.1547,-2.0376,3.2309,-2.3781,-2.1328,-0.2448,-0.2206,-0.0064,0.0948,-0.2594,-0.2375,-0.0029,-0.0051,0.0257,0.0180,0.0155,0.0112,1.0000,0.0000,1.0000,0.0000,4.8974,2.9014,-2.0902,3.4628,-2.6182,-2.3577,-0.0122,-0.1730,-0.0331,0.1758,-0.2052,-0.1849
1786060575.0546,-2.4033,-2.1547,-2.0376,3.2313,-2.4042,-2.1556,-0.2448,-0.2206,-0.0063,0.0949,-0.2445,-0.2203,0.0129,0.0089,0.0263,0.0177,-0.0029,-0.0052,1.0000,0.0000,1.0000,1.0000,4.8974,2.9014,-2.0902,3.4628,-2.6182,-2.3577,-0.0122,-0.1730,-0.0331,0.1758,-0.2052,-0.1849
1786060575.1045,-2.4033,-2.1547,-2.0376,3.2313,-2.4042,-2.1556,-0.2448,-0.2206,-0.0063,0.0949,-0.2445,-0.2203,0.0126,0.0083,0.0264,0.0177,-0.0025,-0.0046,1.0000,0.0000,1.0000,1.0000,4.8861,2.9010,-2.1015,3.4624,-2.6294,-2.3582,-0.0122,-0.1635,-0.0332,0.1853,-0.2053,-0.1754
1786060575.1545,-2.4158,-2.1653,-2.0381,3.2318,-2.4154,-2.1651,-0.1918,-0.1709,-0.0053,0.0620,-0.1945,-0.1734,0.0038,-0.0002,0.0405,0.0161,-0.0110,-0.0127,1.0000,1.0000,1.0000,0.0000,4.8961,2.8846,-2.0936,3.4810,-2.6388,-2.3757,-0.0104,-0.1640,-0.0326,0.1864,-0.2055,-0.1755
1786060575.2045,-2.4159,-2.1651,-2.0430,3.2518,-2.4163,-2.1655,-0.1507,-0.1332,-0.0197,0.1115,-0.1515,-0.1339,-0.0008,-0.0054,0.0170,0.0197,-0.0164,-0.0179,1.0000,0.0000,1.0000,1.0000,4.8956,2.8686,-2.0964,3.5000,-2.6590,-2.3929,-0.0000,-0.1591,-0.0247,0.1915,-0.1991,-0.1694
1786060575.2546,-2.4159,-2.1651,-2.0430,3.2518,-2.4163,-2.1655,-0.1507,-0.1332,-0.0197,0.1115,-0.1515,-0.1339,-0.0006,-0.0054,0.0149,0.0200,-0.0164,-0.0178,1.0000,0.0000,1.0000,1.0000,4.8956,2.8686,-2.0964,3.5000,-2.6590,-2.3929,-0.0000,-0.1591,-0.0247,0.1915,-0.1991,-0.1694
1786060575.3045,-2.4169,-2.1657,-2.0467,3.2668,-2.4168,-2.1657,-0.1039,-0.0908,-0.0251,0.1228,-0.1044,-0.0914,-0.0028,-0.0082,0.0115,0.0201,-0.0181,-0.0216,1.0000,0.0000,1.0000,1.0000,4.8961,2.8525,-2.0984,3.5188,-2.6786,-2.4100,0.0080,-0.1636,-0.0167,0.1841,-0.1932,-0.1735
1786060575.3546,-2.4169,-2.1657,-2.0467,3.2668,-2.4168,-2.1657,-0.1039,-0.0908,-0.0251,0.1228,-0.1044,-0.0914,-0.0030,-0.0079,0.0112,0.0201,-0.0177,-0.0219,1.0000,0.0000,1.0000,1.0000,4.8961,2.8525,-2.0984,3.5188,-2.6786,-2.4100,0.0080,-0.1636,-0.0167,0.1841,-0.1932,-0.1735
1786060575.4045,-2.4522,-2.2077,-2.0406,3.2724,-2.4524,-2.2079,-0.1835,-0.1955,0.0019,0.1010,-0.1825,-0.1946,0.0065,0.0009,0.0277,0.0164,-0.0076,-0.0134,1.0000,0.0000,1.0000,1.0000,4.8969,2.8356,-2.0999,3.5364,-2.6979,-2.4278,0.0067,-0.1722,-0.0141,0.1697,-0.1944,-0.1831
1786060575.4546,-2.4522,-2.2077,-2.0406,3.2724,-2.4524,-2.2079,-0.1835,-0.1955,0.0019,0.1010,-0.1825,-0.1946,0.0060,0.0009,0.0292,0.0156,-0.0075,-0.0139,1.0000,0.0000,1.0000,1.0000,4.8969,2.8356,-2.0999,3.5364,-2.6979,-2.4278,0.0067,-0.1722,-0.0141,0.1697,-0.1944,-0.1831
1786060575.5045,-2.4756,-2.2360,-2.0359,3.2740,-2.4748,-2.2352,-0.1981,-0.2218,0.0160,0.0750,-0.1985,-0.2221,-0.0035,-0.0112,0.0485,0.0040,0.0091,0.0059,1.0000,1.0000,1.0000,1.0000,4.8972,2.8182,-2.1014,3.5528,-2.7177,-2.4464,-0.0011,-0.1752,-0.0167,0.1613,-0.2007,-0.1868
1786060575.5546,-2.4756,-2.2360,-2.0359,3.2740,-2.4748,-2.2352,-0.1981,-0.2218,0.0160,0.0750,-0.1985,-0.2221,-0.0034,-0.0108,0.0509,0.0011,0.0087,0.0052,1.0000,1.0000,1.0000,1.0000,4.8972,2.8182,-2.1014,3.5528,-2.7177,-2.4464,-0.0011,-0.1752,-0.0167,0.1613,-0.2007,-0.1868
1786060575.6045,-2.5035,-2.2572,-2.0492,3.3295,-2.5042,-2.2580,-0.2266,-0.2227,-0.0301,0.2257,-0.2281,-0.2241,0.0117,0.0076,0.0086,0.0123,-0.0032,-0.0066,1.0000,1.0000,1.0000,0.0000,4.8967,2.8009,-2.1032,3.5691,-2.7379,-2.4647,-0.0066,-0.1686,-0.0187,0.1649,-0.2024,-0.1778
1786060575.6546,-2.5035,-2.2572,-2.0492,3.3295,-2.5042,-2.2580,-0.2266,-0.2227,-0.0301,0.2257,-0.2281,-0.2241,0.0111,0.0073,0.0076,0.0121,-0.0028,-0.0064,1.0000,1.0000,1.0000,0.0000,4.8967,2.8009,-2.1032,3.5691,-2.7379,-2.4647,-0.0066,-0.1686,-0.0187,0.1649,-0.2024,-0.1778
1786060575.7045,-2.5418,-2.2885,-2.0909,3.4130,-2.5424,-2.2889,-0.2721,-0.2469,-0.1504,0.4128,-0.2714,-0.2458,0.0174,0.0118,0.0081,-0.0156,0.0008,0.0002,1.0000,1.0000,1.0000,0.0000,4.8962,2.7846,-2.1050,3.5861,-2.7578,-2.4817,-0.0033,-0.1596,-0.0152,0.1745,-0.1946,-0.1634
1786060575.7546,-2.5418,-2.2885,-2.0909,3.4130,-2.5424,-2.2889,-0.2721,-0.2469,-0.1504,0.4128,-0.2714,-0.2458,0.0178,0.0110,0.0081,-0.0155,0.0003,0.0008,1.0000,1.0000,1.0000,0.0000,4.8962,2.7846,-2.1050,3.5861,-2.7578,-2.4817,-0.0033,-0.1596,-0.0152,0.1745,-0.1946,-0.1634
1786060575.8045,-2.5640,-2.3056,-2.1193,3.4667,-2.5641,-2.3057,-0.2547,-0.2218,-0.1914,0.4493,-0.2534,-0.2203,0.0159,0.0021,0.0084,-0.0158,-0.0047,0.0036,1.0000,1.0000,1.0000,0.0000,4.8964,2.7688,-2.1061,3.6038,-2.7767,-2.4976,0.0058,-0.1585,-0.0083,0.1771,-0.1840,-0.1566
1786060575.8545,-2.5640,-2.3056,-2.1193,3.4667,-2.5641,-2.3057,-0.2547,-0.2218,-0.1914,0.4493,-0.2534,-0.2203,0.0139,-0.0037,0.0084,-0.0158,-0.0025,0.0095,1.0000,1.0000,1.0000,0.0000,4.8964,2.7688,-2.1061,3.6038,-2.7767,-2.4976,0.0058,-0.1585,-0.0083,0.1771,-0.1840,-0.1566
1786060575.9045,-2.5952,-2.3320,-2.1098,3.4933,-2.5951,-2.3319,-0.2716,-0.2345,-0.1005,0.3879,-0.2699,-0.2326,0.0068,-0.0052,0.0071,-0.0132,0.0092,0.0154,1.0000,0.0000,1.0000,1.0000,4.8973,2.7526,-2.1067,3.6211,-2.7948,-2.5135,0.0117,-0.1664,-0.0047,0.1692,-0.1816,-0.1630
1786060575.9545,-2.5962,-2.3329,-2.1097,3.4942,-2.5951,-2.3319,-0.2688,-0.2318,-0.0964,0.3829,-0.2699,-0.2326,0.0020,-0.0036,0.0070,-0.0127,0.0135,0.0133,1.0000,1.0000,1.0000,0.0000,4.8973,2.7526,-2.1067,3.6211,-2.7948,-2.5135,0.0117,-0.1664,-0.0047,0.1692,-0.1816,-0.1630
1786060576.0045,-2.6200,-2.3535,-2.1026,3.5117,-2.6199,-2.3534,-0.2656,-0.2292,-0.0481,0.3303,-0.2671,-0.2305,0.0048,-0.0055,0.0065,-0.0046,0.0099,0.0145,1.0000,0.0000,1.0000,1.0000,4.8984,2.7354,-2.1073,3.6375,-2.8134,-2.5305,0.0089,-0.1744,-0.0074,0.1597,-0.1905,-0.1744
1786060576.0546,-2.6200,-2.3535,-2.1026,3.5117,-2.6199,-2.3534,-0.2656,-0.2292,-0.0481,0.3303,-0.2671,-0.2305,0.0097,-0.0057,0.0066,-0.0049,0.0050,0.0147,1.0000,0.0000,1.0000,1.0000,4.8984,2.7354,-2.1073,3.6375,-2.8134,-2.5305,0.0089,-0.1744,-0.0074,0.1597,-0.1905,-0.1744
1786060576.1045,-2.6333,-2.3650,-2.0962,3.5191,-2.6332,-2.3650,-0.2287,-0.1978,-0.0137,0.2543,-0.2290,-0.1978,0.0031,-0.0114,0.0088,0.0080,-0.0004,0.0094,1.0000,0.0000,1.0000,1.0000,4.8989,2.7179,-2.1083,3.6534,-2.8331,-2.5482,0.0010,-0.1738,-0.0126,0.1600,-0.2009,-0.1783
1786060576.1546,-2.6333,-2.3650,-2.0962,3.5191,-2.6332,-2.3650,-0.2287,-0.1978,-0.0137,0.2543,-0.2290,-0.1978,0.0027,-0.0113,0.0088,0.0077,0.0002,0.0095,1.0000,0.0000,1.0000,1.0000,4.8989,2.7179,-2.1083,3.6534,-2.8331,-2.5482,0.0010,-0.1738,-0.0126,0.1600,-0.2009,-0.1783
1786060576.2045,-2.6395,-2.3704,-2.0913,3.5245,-2.6391,-2.3701,-0.1710,-0.1478,0.0061,0.1855,-0.1731,-0.1496,-0.0042,-0.0195,0.0152,0.0150,-0.0102,0.0013,1.0000,1.0000,1.0000,1.0000,4.8987,2.7010,-2.1097,3.6699,-2.8534,-2.5658,-0.0037,-0.1654,-0.0148,0.1705,-0.2040,-0.1734
1786060576.2546,-2.6395,-2.3704,-2.0913,3.5245,-2.6391,-2.3701,-0.1710,-0.1478,0.0061,0.1855,-0.1731,-0.1496,-0.0024,-0.0188,0.0153,0.0148,-0.0116,0.0009,1.0000,1.0000,1.0000,1.0000,4.8987,2.7010,-2.1097,3.6699,-2.8534,-2.5658,-0.0037,-0.1654,-0.0148,0.1705,-0.2040,-0.1734
1786060576.3046,-2.6885,-2.4133,-2.0878,3.5229,-2.6391,-2.3701,-0.2693,-0.2343,0.0149,0.1211,-0.1731,-0.1496,0.0008,-0.0017,0.0273,0.0141,0.0004,-0.0015,1.0000,1.0000,1.0000,0.0000,4.8984,2.6849,-2.1111,3.6876,-2.8737,-2.5828,-0.0004,-0.1587,-0.0118,0.1810,-0.2007,-0.1692
1786060576.3546,-2.6885,-2.4133,-2.0878,3.5229,-2.6881,-2.4129,-0.2693,-0.2343,0.0149,0.1211,-0.2705,-0.2354,0.0009,-0.0022,0.0279,0.0136,0.0154,0.0127,1.0000,1.0000,1.0000,1.0000,4.8984,2.6849,-2.1111,3.6876,-2.8737,-2.5828,-0.0004,-0.1587,-0.0118,0.1810,-0.2007,-0.1692
1786060576.4045,-2.7178,-2.4389,-2.0858,3.5190,-2.7181,-2.4392,-0.2832,-0.2468,0.0173,0.0741,-0.2836,-0.2473,0.0195,0.0107,0.0486,0.0031,0.0001,0.0029,1.0000,0.0000,1.0000,1.0000,4.8988,2.6689,-2.1119,3.7058,-2.8936,-2.5999,0.0066,-0.1620,-0.0065,0.1810,-0.1984,-0.1739
1786060576.4545,-2.7178,-2.4389,-2.0858,3.5190,-2.7181,-2.4392,-0.2832,-0.2468,0.0173,0.0741,-0.2836,-0.2473,0.0184,0.0119,0.0509,0.0001,0.0012,0.0016,1.0000,0.0000,1.0000,1.0000,4.8988,2.6689,-2.1119,3.7058,-2.8936,-2.5999,0.0066,-0.1620,-0.0065,0.1810,-0.1984,-0.1739
1786060576.5045,-2.7353,-2.4542,-2.0844,3.5142,-2.7355,-2.4544,-0.2501,-0.2182,0.0163,0.0364,-0.2500,-0.2181,0.0134,0.0077,0.0935,-0.0457,-0.0035,-0.0031,1.0000,0.0000,1.0000,1.0000,4.8996,2.6522,-2.1124,3.7234,-2.9135,-2.6179,0.0094,-0.1718,-0.0041,0.1709,-0.2020,-0.1845
1786060576.5545,-2.7353,-2.4542,-2.0844,3.5142,-2.7355,-2.4544,-0.2501,-0.2182,0.0163,0.0364,-0.2500,-0.2181,0.0134,0.0080,0.0883,-0.0743,-0.0032,-0.0031,1.0000,0.0000,1.0000,1.0000,4.8996,2.6522,-2.1124,3.7234,-2.9135,-2.6179,0.0094,-0.1718,-0.0041,0.1709,-0.2020,-0.1845
1786060576.6045,-2.7851,-2.4982,-2.0844,3.5142,-2.7846,-2.4978,-0.3280,-0.2879,0.0163,0.0364,-0.3280,-0.2879,0.0078,0.0020,0.0903,-0.0901,0.0196,0.0191,1.0000,1.0000,0.0000,0.0000,4.9004,2.6346,-2.1129,3.7399,-2.9341,-2.6367,0.0061,-0.1772,-0.0054,0.1620,-0.2078,-0.1903
1786060576.6546,-2.7851,-2.4982,-2.0844,3.5142,-2.7846,-2.4978,-0.3280,-0.2879,0.0163,0.0364,-0.3280,-0.2879,0.0068,0.0028,0.0879,-0.0994,0.0204,0.0181,1.0000,1.0000,0.0000,0.0000,4.9004,2.6346,-2.1129,3.7399,-2.9341,-2.6367,0.0061,-0.1772,-0.0054,0.1620,-0.2078,-0.1903
1786060576.7045,-2.8160,-2.5255,-2.0844,3.5142,-2.8168,-2.5262,-0.3222,-0.2835,0.0163,0.0364,-0.3198,-0.2814,0.0133,-0.0002,0.0876,-0.1055,0.0132,0.0204,1.0000,0.0000,0.0000,1.0000,4.9007,2.6171,-2.1135,3.7561,-2.9550,-2.6556,0.0011,-0.1720,-0.0056,0.1623,-0.2102,-0.1856
1786060576.7546,-2.8160,-2.5255,-2.0844,3.5142,-2.8168,-2.5262,-0.3222,-0.2835,0.0163,0.0364,-0.3198,-0.2814,0.0223,0.0048,0.0865,-0.1093,0.0043,0.0155,1.0000,0.0000,0.0000,1.0000,4.9007,2.6171,-2.1135,3.7561,-2.9550,-2.6556,0.0011,-0.1720,-0.0056,0.1623,-0.2102,-0.1856
1786060576.8045,-2.8405,-2.5484,-2.0844,3.5142,-2.8405,-2.5484,-0.2989,-0.2670,0.0163,0.0364,-0.2964,-0.2648,0.0094,-0.0015,0.0862,-0.1119,0.0138,0.0186,1.0000,1.0000,0.0000,1.0000,4.9008,2.6005,-2.1138,3.7726,-2.9758,-2.6736,0.0004,-0.1615,0.0006,0.1674,-0.2051,-0.1749
1786060576.8546,-2.8405,-2.5484,-2.0844,3.5142,-2.8405,-2.5484,-0.2989,-0.2670,0.0163,0.0364,-0.2964,-0.2648,0.0060,0.0003,0.0857,-0.1136,0.0172,0.0169,1.0000,1.0000,0.0000,1.0000,4.9008,2.6005,-2.1138,3.7726,-2.9758,-2.6736,0.0004,-0.1615,0.0006,0.1674,-0.2051,-0.1749
1786060576.9045,-2.8534,-2.5606,-2.0990,3.6688,-2.8522,-2.5596,-0.2358,-0.2130,-0.0503,0.4770,-0.2411,-0.2177,-0.0027,-0.0075,0.0060,-0.0175,0.0101,0.0095,1.0000,1.0000,1.0000,0.0000,4.9010,2.5847,-2.1131,3.7894,-2.9958,-2.6906,0.0049,-0.1569,0.0112,0.1667,-0.1945,-0.1681
1786060576.9546,-2.8534,-2.5606,-2.0990,3.6688,-2.8522,-2.5596,-0.2358,-0.2130,-0.0503,0.4770,-0.2411,-0.2177,-0.0028,-0.0071,0.0060,-0.0174,0.0106,0.0094,1.0000,1.0000,1.0000,0.0000,4.9010,2.5847,-2.1131,3.7894,-2.9958,-2.6906,0.0049,-0.1569,0.0112,0.1667,-0.1945,-0.1681
1786060577.0047,-2.8557,-2.5632,-2.1031,3.7021,-2.8522,-2.5596,-0.1674,-0.1528,-0.0472,0.4231,-0.2411,-0.2177,0.0015,-0.0034,0.0064,-0.0159,-0.0040,-0.0049,1.0000,0.0000,1.0000,0.0000,4.9018,2.5687,-2.1115,3.8055,-3.0147,-2.7075,0.0100,-0.1631,0.0203,0.1557,-0.1865,-0.1707
1786060577.0546,-2.8563,-2.5638,-2.1033,3.7032,-2.8564,-2.5639,-0.1683,-0.1535,-0.0455,0.4121,-0.1680,-0.1533,0.0033,-0.0064,0.0064,-0.0152,-0.0165,-0.0126,1.0000,1.0000,1.0000,1.0000,4.9018,2.5687,-2.1115,3.8055,-3.0147,-2.7075,0.0100,-0.1631,0.0203,0.1557,-0.1865,-0.1707
1786060577.1046,-2.8695,-2.5750,-2.1047,3.7140,-2.8700,-2.5755,-0.1672,-0.1499,-0.0373,0.3308,-0.1655,-0.1483,0.0026,-0.0059,0.0064,-0.0046,-0.0167,-0.0133,1.0000,0.0000,1.0000,1.0000,4.9029,2.5518,-2.1092,3.8203,-3.0333,-2.7250,0.0107,-0.1733,0.0237,0.1417,-0.1854,-0.1777
1786060577.1579,-2.8695,-2.5750,-2.1047,3.7140,-2.8700,-2.5755,-0.1672,-0.1499,-0.0373,0.3308,-0.1655,-0.1483,0.0024,-0.0055,0.0064,-0.0049,-0.0165,-0.0137,1.0000,0.0000,1.0000,1.0000,4.9029,2.5518,-2.1092,3.8203,-3.0333,-2.7250,0.0107,-0.1733,0.0237,0.1417,-0.1854,-0.1777
1786060577.2164,-2.8695,-2.5750,-2.1047,3.7140,-2.8700,-2.5755,-0.1672,-0.1499,-0.0373,0.3308,-0.1655,-0.1483,0.0023,-0.0052,0.0064,-0.0049,-0.0164,-0.0140,1.0000,0.0000,1.0000,1.0000,4.9029,2.5518,-2.1092,3.8203,-3.0333,-2.7250,0.0107,-0.1733,0.0237,0.1417,-0.1854,-0.1777
1786060577.2546,-2.8800,-2.5839,-2.1101,3.7450,-2.8797,-2.5836,-0.1330,-0.1176,-0.0403,0.3018,-0.1329,-0.1175,-0.0031,-0.0212,0.0061,0.0000,-0.0172,-0.0045,1.0000,1.0000,1.0000,0.0000,4.9038,2.5343,-2.1069,3.8340,-3.0520,-2.7429,0.0067,-0.1762,0.0224,0.1353,-0.1898,-0.1796
1786060577.3053,-2.8807,-2.5842,-2.1120,3.7526,-2.8806,-2.5842,-0.1029,-0.0900,-0.0363,0.2512,-0.1035,-0.0906,-0.0029,-0.0227,0.0059,0.0085,-0.0190,-0.0060,1.0000,1.0000,1.0000,1.0000,4.8928,2.5333,-2.1179,3.8330,-3.0631,-2.7439,0.0030,-0.1695,0.0188,0.1419,-0.1934,-0.1730
1786060577.3547,-2.8807,-2.5842,-2.1120,3.7526,-2.8806,-2.5842,-0.1029,-0.0900,-0.0363,0.2512,-0.1035,-0.0906,-0.0024,-0.0223,0.0059,0.0083,-0.0194,-0.0064,1.0000,1.0000,1.0000,1.0000,4.9042,2.5170,-2.1047,3.8477,-3.0713,-2.7606,0.0028,-0.1687,0.0224,0.1389,-0.1942,-0.1737
1786060577.4056,-2.9351,-2.6311,-2.1132,3.7573,-2.9345,-2.6307,-0.2403,-0.2083,-0.0285,0.1861,-0.2402,-0.2083,0.0009,-0.0087,0.0070,0.0166,0.0065,0.0115,1.0000,1.0000,1.0000,1.0000,4.9045,2.5007,-2.1021,3.8619,-3.0908,-2.7776,0.0039,-0.1593,0.0287,0.1433,-0.1948,-0.1669
1786060577.4564,-2.9347,-2.6309,-2.1133,3.7576,-2.9345,-2.6307,-0.2404,-0.2085,-0.0285,0.1858,-0.2402,-0.2083,-0.0016,-0.0079,0.0070,0.0165,0.0082,0.0099,1.0000,1.0000,1.0000,0.0000,4.9045,2.5007,-2.1021,3.8619,-3.0908,-2.7776,0.0039,-0.1593,0.0287,0.1433,-0.1948,-0.1669
1786060577.5251,-2.9347,-2.6309,-2.1133,3.7576,-2.9345,-2.6307,-0.2404,-0.2085,-0.0285,0.1858,-0.2402,-0.2083,-0.0027,-0.0071,0.0070,0.0165,0.0093,0.0091,1.0000,1.0000,1.0000,0.0000,4.9045,2.5007,-2.1021,3.8619,-3.0908,-2.7776,0.0039,-0.1593,0.0287,0.1433,-0.1948,-0.1669
1786060577.5586,-2.9735,-2.6643,-2.1034,3.7794,-2.9345,-2.6307,-0.2757,-0.2385,0.0123,0.1861,-0.2402,-0.2083,0.0012,-0.0008,0.0153,0.0144,0.0107,0.0078,1.0000,1.0000,1.0000,0.0000,4.9051,2.4849,-2.0987,3.8760,-3.1101,-2.7942,0.0082,-0.1587,0.0391,0.1384,-0.1927,-0.1672
1786060577.6047,-2.9740,-2.6648,-2.1032,3.7802,-2.9748,-2.6656,-0.2749,-0.2380,0.0139,0.1854,-0.2732,-0.2364,0.0166,0.0123,0.0160,0.0142,0.0002,-0.0009,1.0000,0.0000,1.0000,1.0000,4.9051,2.4849,-2.0987,3.8760,-3.1101,-2.7942,0.0082,-0.1587,0.0391,0.1384,-0.1927,-0.1672
1786060577.6546,-3.0057,-2.6944,-2.0955,3.7912,-3.0058,-2.6945,-0.2628,-0.2342,0.0324,0.1455,-0.2604,-0.2321,-0.0001,-0.0029,0.0254,0.0119,0.0143,0.0118,1.0000,0.0000,1.0000,1.0000,4.9061,2.4685,-2.0943,3.8891,-3.1294,-2.8113,0.0102,-0.1678,0.0472,0.1246,-0.1922,-0.1746
1786060577.7047,-3.0057,-2.6944,-2.0955,3.7912,-3.0058,-2.6945,-0.2628,-0.2342,0.0324,0.1455,-0.2604,-0.2321,0.0001,-0.0023,0.0257,0.0116,0.0142,0.0112,1.0000,0.0000,1.0000,1.0000,4.9061,2.4685,-2.0943,3.8891,-3.1294,-2.8113,0.0102,-0.1678,0.0472,0.1246,-0.1922,-0.1746
1786060577.7554,-3.0057,-2.6944,-2.0955,3.7912,-3.0058,-2.6945,-0.2628,-0.2342,0.0324,0.1455,-0.2604,-0.2321,-0.0001,-0.0022,0.0258,0.0116,0.0143,0.0111,1.0000,0.0000,1.0000,1.0000,4.8957,2.4676,-2.1047,3.8882,-3.1398,-2.8122,0.0081,-0.1761,0.0451,0.1164,-0.1943,-0.1828
1786060577.8046,-2.9585,-2.7324,-2.0915,3.8033,-2.9586,-2.7319,-0.0204,-0.2676,0.0334,0.1320,-0.0213,-0.2668,0.0133,-0.0166,0.0289,0.0103,0.0139,0.0035,1.0000,1.0000,1.0000,1.0000,4.9070,2.4512,-2.0895,3.9009,-3.1488,-2.8292,0.0070,-0.1768,0.0477,0.1138,-0.1967,-0.1819
1786060577.8550,-3.0072,-2.7459,-2.1040,3.8400,-3.0059,-2.7451,-0.1696,-0.2454,-0.0142,0.2148,-0.1651,-0.2459,-0.0042,-0.0081,0.0094,0.0131,0.0130,0.0012,1.0000,1.0000,1.0000,0.0000,4.9074,2.4335,-2.0850,3.9123,-3.1689,-2.8475,0.0022,-0.1757,0.0420,0.1158,-0.2049,-0.1823
1786060577.9047,-3.0072,-2.7459,-2.1040,3.8400,-3.0059,-2.7451,-0.1696,-0.2454,-0.0142,0.2148,-0.1651,-0.2459,-0.0049,-0.0068,0.0089,0.0132,0.0136,-0.0000,1.0000,1.0000,1.0000,0.0000,4.9074,2.4335,-2.0850,3.9123,-3.1689,-2.8475,0.0022,-0.1757,0.0420,0.1158,-0.2049,-0.1823
1786060577.9547,-3.0072,-2.7459,-2.1156,3.8728,-3.0059,-2.7451,-0.1696,-0.2454,-0.0465,0.2536,-0.1651,-0.2459,-0.0050,-0.0066,0.0047,0.0076,0.0137,-0.0002,1.0000,0.0000,1.0000,0.0000,4.9075,2.4164,-2.0811,3.9245,-3.1897,-2.8654,0.0008,-0.1663,0.0366,0.1279,-0.2102,-0.1762
1786060578.0047,-3.0072,-2.7459,-2.1156,3.8728,-3.0059,-2.7451,-0.1696,-0.2454,-0.0465,0.2536,-0.1651,-0.2459,-0.0050,-0.0066,0.0047,0.0077,0.0137,-0.0002,1.0000,0.0000,1.0000,0.0000,4.9075,2.4164,-2.0811,3.9245,-3.1897,-2.8654,0.0008,-0.1663,0.0366,0.1279,-0.2102,-0.1762
1786060578.0548,-3.0072,-2.7459,-2.1242,3.8941,-3.0059,-2.7451,-0.1696,-0.2454,-0.0578,0.2355,-0.1651,-0.2459,-0.0050,-0.0065,0.0029,0.0101,0.0137,-0.0002,1.0000,0.0000,1.0000,0.0000,4.9077,2.4002,-2.0775,3.9379,-3.2107,-2.8826,0.0041,-0.1594,0.0370,0.1369,-0.2073,-0.1701
1786060578.1109,-3.0072,-2.7459,-2.1242,3.8941,-3.0059,-2.7451,-0.1696,-0.2454,-0.0578,0.2355,-0.1651,-0.2459,-0.0050,-0.0065,0.0029,0.0100,0.0137,-0.0002,1.0000,0.0000,1.0000,0.0000,4.9077,2.4002,-2.0775,3.9379,-3.2107,-2.8826,0.0041,-0.1594,0.0370,0.1369,-0.2073,-0.1701
1786060578.1593,-3.0072,-2.7459,-2.1242,3.8941,-3.0059,-2.7451,-0.1696,-0.2454,-0.0578,0.2355,-0.1651,-0.2459,-0.0050,-0.0065,0.0029,0.0100,0.0137,-0.0002,1.0000,0.0000,1.0000,0.0000,4.9077,2.4002,-2.0775,3.9379,-3.2107,-2.8826,0.0041,-0.1594,0.0370,0.1369,-0.2073,-0.1701
1786060578.2136,-3.0072,-2.7459,-2.1295,3.9043,-3.0059,-2.7451,-0.1696,-0.2454,-0.0544,0.1870,-0.1651,-0.2459,-0.0050,-0.0065,0.0011,0.0157,0.0137,-0.0002,1.0000,0.0000,1.0000,0.0000,4.9083,2.3842,-2.0735,3.9514,-3.2310,-2.8997,0.0071,-0.1629,0.0432,0.1321,-0.2000,-0.1718
1786060578.2546,-3.0072,-2.7459,-2.1294,3.9044,-3.0059,-2.7451,-0.1696,-0.2454,-0.0540,0.1855,-0.1651,-0.2459,-0.0050,-0.0065,0.0011,0.0158,0.0137,-0.0002,1.0000,0.0000,1.0000,0.0000,4.9090,2.3673,-2.0688,3.9639,-3.2414,-2.9000,0.0055,-0.1729,0.0483,0.1186,-0.1991,-0.1812
1786060578.3102,-3.0072,-2.7459,-2.1294,3.9044,-3.0059,-2.7451,-0.1696,-0.2454,-0.0540,0.1855,-0.1651,-0.2459,-0.0050,-0.0065,0.0011,0.0158,0.0137,-0.0002,1.0000,0.0000,1.0000,0.0000,4.9090,2.3673,-2.0688,3.9639,-3.2414,-2.9000,0.0055,-0.1729,0.0483,0.1186,-0.1991,-0.1812
1786060578.3571,-3.0072,-2.7459,-2.1393,3.9177,-3.0059,-2.7451,-0.1696,-0.2454,-0.0631,0.1534,-0.1651,-0.2459,-0.0050,-0.0065,-0.0033,0.0168,0.0137,-0.0002,1.0000,0.0000,1.0000,0.0000,4.9090,2.3673,-2.0688,3.9639,-3.2507,-2.9172,0.0055,-0.1729,0.0483,0.1186,-0.1960,-0.1795
1786060578.4087,-3.0072,-2.7459,-2.1393,3.9177,-3.0059,-2.7451,-0.1696,-0.2454,-0.0631,0.1534,-0.1651,-0.2459,-0.0050,-0.0065,-0.0034,0.0167,0.0137,-0.0002,1.0000,0.0000,1.0000,0.0000,4.9090,2.3673,-2.0688,3.9639,-3.2507,-2.9172,0.0055,-0.1729,0.0483,0.1186,-0.1960,-0.1795
1786060578.4548,-3.0072,-2.7459,-2.1442,3.9215,-3.0059,-2.7451,-0.1696,-0.2454,-0.0554,0.1095,-0.1651,-0.2459,-0.0050,-0.0065,-0.0068,0.0164,0.0137,-0.0002,1.0000,0.0000,1.0000,0.0000,4.9093,2.3497,-2.0639,3.9751,-3.2704,-2.9355,0.0007,-0.1785,0.0487,0.1084,-0.1974,-0.1834
1786060578.5057,-3.0072,-2.7459,-2.1139,3.9121,-3.0059,-2.7451,-0.1696,-0.2454,0.0543,0.0518,-0.1651,-0.2459,-0.0050,-0.0065,0.0561,-0.0321,0.0137,-0.0002,1.0000,0.0000,1.0000,0.0000,4.9092,2.3320,-2.0592,3.9859,-3.2900,-2.9535,-0.0025,-0.1739,0.0472,0.1083,-0.1931,-0.1743
1786060578.5546,-3.0072,-2.7459,-2.1139,3.9121,-3.0059,-2.7451,-0.1696,-0.2454,0.0543,0.0518,-0.1651,-0.2459,-0.0050,-0.0065,0.0506,-0.0410,0.0137,-0.0002,1.0000,0.0000,1.0000,0.0000,4.9092,2.3320,-2.0592,3.9859,-3.2900,-2.9535,-0.0025,-0.1739,0.0472,0.1083,-0.1931,-0.1743
1786060578.6046,-3.0072,-2.7459,-2.0891,3.9183,-3.0059,-2.7451,-0.1696,-0.2454,0.1145,0.0543,-0.1651,-0.2459,-0.0050,-0.0065,0.0304,-0.0289,0.0137,-0.0002,1.0000,0.0000,1.0000,0.0000,4.9090,2.3151,-2.0544,3.9970,-3.3084,-2.9699,-0.0009,-0.1647,0.0488,0.1129,-0.1749,-0.1561
1786060578.6553,-3.0072,-2.7459,-2.0891,3.9183,-3.0059,-2.7451,-0.1696,-0.2454,0.1145,0.0543,-0.1651,-0.2459,-0.0050,-0.0065,0.0313,-0.0289,0.0137,-0.0002,1.0000,0.0000,1.0000,0.0000,4.9090,2.3151,-2.0544,3.9970,-3.3084,-2.9699,-0.0009,-0.1647,0.0488,0.1129,-0.1749,-0.1561
1786060578.7140,-3.0072,-2.7459,-2.0891,3.9183,-3.0059,-2.7451,-0.1696,-0.2454,0.1145,0.0543,-0.1651,-0.2459,-0.0050,-0.0065,0.0313,-0.0288,0.0137,-0.0002,1.0000,0.0000,1.0000,0.0000,4.9090,2.3151,-2.0544,3.9970,-3.3084,-2.9699,-0.0009,-0.1647,0.0488,0.1129,-0.1749,-0.1561
1786060578.7577,-3.0072,-2.7459,-2.0718,3.9218,-3.0059,-2.7451,-0.1696,-0.2454,0.1258,0.0449,-0.1651,-0.2459,-0.0050,-0.0065,0.0277,-0.0293,0.0137,-0.0002,1.0000,0.0000,1.0000,0.0000,4.9091,2.2989,-2.0493,4.0084,-3.3247,-2.9846,0.0033,-0.1614,0.0519,0.1142,-0.1528,-0.1412
1786060578.8047,-3.0072,-2.7459,-2.0710,3.9437,-3.0059,-2.7451,-0.1696,-0.2454,0.0851,0.0977,-0.1651,-0.2459,-0.0050,-0.0065,0.0387,-0.0126,0.0137,-0.0002,1.0000,0.0000,1.0000,0.0000,4.9096,2.2825,-2.0440,4.0196,-3.3391,-2.9985,0.0051,-0.1679,0.0533,0.1098,-0.1393,-0.1374
1786060578.8546,-3.0072,-2.7459,-2.0710,3.9437,-3.0059,-2.7451,-0.1696,-0.2454,0.0851,0.0977,-0.1651,-0.2459,-0.0050,-0.0065,0.0381,-0.0118,0.0137,-0.0002,0.3333,0.0000,1.0000,0.0000,4.9096,2.2825,-2.0440,4.0196,-3.3391,-2.9985,0.0051,-0.1679,0.0533,0.1098,-0.1393,-0.1374
1786060578.9045,-3.2114,-2.8827,-2.0675,3.9607,-3.2115,-2.8827,0.0000,0.0000,0.0749,0.1269,0.0000,0.0000,0.3000,0.3000,0.0339,-0.0010,0.3000,0.3000,1.0000,0.0000,1.0000,1.0000,4.9100,2.2651,-2.0388,4.0304,-3.3530,-3.0124,0.0022,-0.1771,0.0504,0.1060,-0.1388,-0.1412
1786060578.9545,-3.2055,-2.8910,-2.0675,3.9607,-3.2115,-2.8827,0.0545,-0.0772,0.0749,0.1269,0.0000,0.0000,0.0329,0.0222,0.0336,-0.0005,0.0122,0.0128,1.0000,1.0000,0.0000,0.0000,4.9099,2.2472,-2.0341,4.0410,-3.3672,-3.0266,-0.0028,-0.1790,0.0451,0.1071,-0.1441,-0.1430
1786060579.0046,-3.2055,-2.8910,-2.0675,3.9607,-3.2057,-2.8909,0.0545,-0.0772,0.0749,0.1269,0.0551,-0.0773,0.0619,0.0209,0.0336,-0.0005,0.0425,0.0174,1.0000,1.0000,0.0000,1.0000,4.9099,2.2472,-2.0341,4.0410,-3.3672,-3.0266,-0.0028,-0.1790,0.0451,0.1071,-0.1441,-0.1430
1786060579.0545,-3.1644,-3.0395,-2.0675,3.9607,-3.1649,-3.0378,0.3363,-1.1579,0.0749,0.1269,0.3481,-1.1973,0.0013,0.0111,0.0336,-0.0005,0.0059,-0.0088,1.0000,1.0000,0.0000,0.0000,4.9095,2.2297,-2.0298,4.0521,-3.3828,-3.0411,-0.0049,-0.1719,0.0406,0.1147,-0.1735,-0.1502
1786060579.1046,-3.1523,-3.1082,-2.0409,3.9943,-3.1522,-3.1091,0.2744,-1.1050,0.1101,0.1501,0.2778,-1.1223,0.0020,0.0111,0.0282,-0.0022,0.0055,-0.0091,1.0000,0.0000,1.0000,1.0000,4.9091,2.2130,-2.0258,4.0641,-3.4023,-3.0574,-0.0015,-0.1635,0.0402,0.1238,-0.2068,-0.1747
1786060579.1622,-3.1523,-3.1082,-2.0409,3.9943,-3.1522,-3.1091,0.2744,-1.1050,0.1101,0.1501,0.2778,-1.1223,0.0020,0.0111,0.0283,-0.0021,0.0055,-0.0091,1.0000,0.0000,1.0000,1.0000,4.9091,2.2130,-2.0258,4.0641,-3.4023,-3.0574,-0.0015,-0.1635,0.0402,0.1238,-0.2068,-0.1747
1786060579.2046,-3.1461,-3.1451,-2.0320,4.0039,-3.1462,-3.1450,0.1750,-0.7557,0.1002,0.1278,0.1764,-0.7634,0.0041,0.0132,0.0321,-0.0044,0.0062,-0.0075,1.0000,1.0000,1.0000,0.0000,4.9093,2.1967,-2.0217,4.0766,-3.4237,-3.0761,0.0045,-0.1630,0.0424,0.1253,-0.2200,-0.1957
1786060579.2546,-3.1461,-3.1451,-2.0320,4.0039,-3.1462,-3.1450,0.1750,-0.7557,0.1002,0.1278,0.1764,-0.7634,0.0043,0.0132,0.0321,-0.0045,0.0061,-0.0075,1.0000,1.0000,1.0000,0.0000,4.9093,2.1967,-2.0217,4.0766,-3.4237,-3.0761,0.0045,-0.1630,0.0424,0.1253,-0.2200,-0.1957
1786060579.3063,-3.1460,-3.1513,-2.0286,4.0072,-3.1462,-3.1508,0.1167,-0.5235,0.0801,0.0992,0.1165,-0.5236,0.0147,0.0147,0.0384,-0.0097,-0.0054,0.0194,1.0000,1.0000,1.0000,0.0000,4.9099,2.1800,-2.0173,4.0889,-3.4457,-3.0959,0.0062,-0.1709,0.0435,0.1212,-0.2186,-0.1991
1786060579.3629,-3.1460,-3.1513,-2.0286,4.0072,-3.1462,-3.1508,0.1167,-0.5235,0.0801,0.0992,0.1165,-0.5236,0.0125,0.0106,0.0384,-0.0102,-0.0033,0.0239,1.0000,1.0000,1.0000,0.0000,4.9099,2.1800,-2.0173,4.0889,-3.4457,-3.0959,0.0062,-0.1709,0.0435,0.1212,-0.2186,-0.1991
1786060579.4108,-3.1460,-3.1513,-2.0286,4.0072,-3.1462,-3.1508,0.1167,-0.5235,0.0801,0.0992,0.1165,-0.5236,0.0110,0.0091,0.0384,-0.0102,-0.0018,0.0253,1.0000,1.0000,1.0000,0.0000,4.9099,2.1800,-2.0173,4.0889,-3.4457,-3.0959,0.0062,-0.1709,0.0435,0.1212,-0.2186,-0.1991
1786060579.4592,-3.1460,-3.1513,-2.0189,4.0229,-3.1462,-3.1508,0.1167,-0.5235,0.0843,0.1160,0.1165,-0.5236,0.0103,0.0085,0.0351,-0.0053,-0.0010,0.0259,1.0000,0.0000,1.0000,0.0000,4.9103,2.1625,-2.0131,4.1009,-3.4676,-3.1154,0.0018,-0.1774,0.0404,0.1197,-0.2230,-0.1920
1786060579.5046,-3.1482,-3.1524,-2.0189,4.0230,-3.1483,-3.1524,0.0713,-0.3552,0.0846,0.1165,0.0707,-0.3531,0.0152,0.0034,0.0349,-0.0049,0.0049,0.0204,1.0000,1.0000,1.0000,1.0000,4.8995,2.1613,-2.0240,4.0996,-3.4785,-3.1167,-0.0016,-0.1755,0.0370,0.1215,-0.2264,-0.1901
1786060579.5583,-3.1482,-3.1524,-2.0189,4.0230,-3.1483,-3.1524,0.0713,-0.3552,0.0846,0.1165,0.0707,-0.3531,0.0149,0.0035,0.0349,-0.0049,0.0050,0.0207,1.0000,1.0000,1.0000,1.0000,4.8995,2.1613,-2.0240,4.0996,-3.4785,-3.1167,-0.0016,-0.1755,0.0370,0.1215,-0.2264,-0.1901
1786060579.6051,-3.1482,-3.1524,-2.0121,4.0437,-3.1483,-3.1524,0.0713,-0.3552,0.0564,0.1075,0.0707,-0.3531,0.0148,0.0034,0.0378,-0.0015,0.0051,0.0207,1.0000,0.0000,1.0000,0.0000,4.9098,2.1280,-2.0058,4.1265,-3.5141,-3.1524,-0.0025,-0.1645,0.0356,0.1375,-0.2294,-0.1791
1786060579.6546,-3.1482,-3.1524,-2.0121,4.0437,-3.1483,-3.1524,0.0713,-0.3552,0.0564,0.1075,0.0707,-0.3531,0.0148,0.0034,0.0377,-0.0014,0.0052,0.0207,1.0000,0.0000,1.0000,0.0000,4.9098,2.1280,-2.0058,4.1265,-3.5141,-3.1524,-0.0025,-0.1645,0.0356,0.1375,-0.2294,-0.1791
1786060579.7047,-3.1482,-3.1524,-2.0109,4.0604,-3.1483,-3.1524,0.0713,-0.3552,0.0457,0.1322,0.0707,-0.3531,0.0147,0.0034,0.0304,0.0071,0.0052,0.0208,1.0000,0.0000,1.0000,0.0000,4.9100,2.1119,-2.0020,4.1405,-3.5355,-3.1700,0.0049,-0.1583,0.0398,0.1406,-0.1990,-0.1741
1786060579.7546,-3.1482,-3.1524,-2.0109,4.0604,-3.1483,-3.1524,0.0713,-0.3552,0.0457,0.1322,0.0707,-0.3531,0.0147,0.0034,0.0299,0.0076,0.0052,0.0208,1.0000,0.0000,1.0000,0.0000,4.9100,2.1119,-2.0020,4.1405,-3.5355,-3.1700,0.0049,-0.1583,0.0398,0.1406,-0.1990,-0.1741
1786060579.8047,-3.1482,-3.1524,-2.0104,4.0723,-3.1483,-3.1524,0.0713,-0.3552,0.0328,0.1272,0.0707,-0.3531,0.0147,0.0034,0.0288,0.0101,0.0052,0.0208,1.0000,0.0000,1.0000,0.0000,4.9109,2.0960,-1.9977,4.1542,-3.5532,-3.1871,0.0120,-0.1622,0.0457,0.1328,-0.1583,-0.1684
1786060579.8586,-3.1482,-3.1524,-2.0104,4.0723,-3.1483,-3.1524,0.0713,-0.3552,0.0328,0.1272,0.0707,-0.3531,0.0147,0.0033,0.0286,0.0102,0.0052,0.0208,1.0000,0.0000,1.0000,0.0000,4.9109,2.0960,-1.9977,4.1542,-3.5532,-3.1871,0.0120,-0.1622,0.0457,0.1328,-0.1583,-0.1684
1786060579.9056,-3.1482,-3.1524,-2.0108,4.0789,-3.1483,-3.1524,0.0713,-0.3552,0.0196,0.1022,0.0707,-0.3531,0.0147,0.0033,0.0323,0.0104,0.0052,0.0208,1.0000,0.0000,1.0000,0.0000,4.9122,2.0793,-1.9929,4.1667,-3.5670,-3.2035,0.0131,-0.1709,0.0499,0.1185,-0.1223,-0.1585
1786060579.9546,-3.1482,-3.1524,-2.0108,4.0789,-3.1483,-3.1524,0.0713,-0.3552,0.0196,0.1022,0.0707,-0.3531,0.0147,0.0033,0.0325,0.0101,0.0052,0.0208,1.0000,0.0000,1.0000,0.0000,4.9122,2.0793,-1.9929,4.1667,-3.5670,-3.2035,0.0131,-0.1709,0.0499,0.1185,-0.1223,-0.1585
1786060580.0056,-3.1482,-3.1524,-2.0104,4.0881,-3.1483,-3.1524,0.0713,-0.3552,0.0142,0.0959,0.0707,-0.3531,0.0147,0.0033,0.0327,0.0110,0.0053,0.0208,1.0000,0.0000,1.0000,0.0000,4.9016,2.0781,-2.0035,4.1656,-3.5776,-3.2046,0.0104,-0.1755,0.0473,0.1138,-0.1249,-0.1632
1786060580.0546,-3.1482,-3.1524,-2.0104,4.0880,-3.1483,-3.1524,0.0713,-0.3552,0.0141,0.0957,0.0707,-0.3531,0.0147,0.0033,0.0326,0.0111,0.0053,0.0208,1.0000,0.0000,1.0000,0.0000,4.9133,2.0619,-1.9878,4.1780,-3.5778,-3.2185,0.0092,-0.1739,0.0511,0.1085,-0.0992,-0.1419
1786060580.1055,-3.1482,-3.1524,-2.0106,4.0920,-3.1483,-3.1524,0.0713,-0.3552,0.0093,0.0784,0.0707,-0.3531,0.0147,0.0033,0.0379,0.0099,0.0053,0.0208,1.0000,0.0000,1.0000,0.0000,4.9140,2.0448,-1.9987,4.1769,-3.5887,-3.2195,0.0064,-0.1674,0.0482,0.1139,-0.1020,-0.1365
1786060580.1546,-3.1482,-3.1524,-2.0106,4.0920,-3.1483,-3.1524,0.0713,-0.3552,0.0093,0.0784,0.0707,-0.3531,0.0147,0.0033,0.0386,0.0093,0.0053,0.0208,1.0000,0.0000,1.0000,0.0000,4.9140,2.0448,-1.9827,4.1887,-3.5875,-3.2318,0.0064,-0.1674,0.0516,0.1081,-0.0998,-0.1274
1786060580.2046,-3.4778,-3.1324,-2.0113,4.0982,-3.4779,-3.1323,-0.7867,0.3090,0.0047,0.0787,-0.7852,0.3076,-0.0025,-0.0046,0.0355,0.0117,0.0074,0.0135,1.0000,0.0000,1.0000,1.0000,4.9148,2.0286,-1.9774,4.1997,-3.5985,-3.2440,0.0090,-0.1583,0.0544,0.1118,-0.1193,-0.1195
1786060580.2625,-3.4778,-3.1324,-2.0113,4.0982,-3.4779,-3.1323,-0.7867,0.3090,0.0047,0.0787,-0.7852,0.3076,-0.0075,0.0015,0.0350,0.0120,0.0123,0.0073,1.0000,0.0000,1.0000,1.0000,4.9148,2.0286,-1.9774,4.1997,-3.5985,-3.2440,0.0090,-0.1583,0.0544,0.1118,-0.1193,-0.1195
1786060580.3045,-3.5482,-3.1390,-2.0129,4.1123,-3.4779,-3.1323,-0.7096,0.1801,-0.0021,0.0927,-0.7852,0.3076,-0.0047,-0.0011,0.0248,0.0161,0.0112,0.0098,1.0000,1.0000,1.0000,0.0000,4.9039,2.0290,-1.9882,4.2002,-3.6093,-3.2436,0.0117,-0.1555,0.0572,0.1147,-0.1166,-0.1167
1786060580.3545,-3.5482,-3.1390,-2.0129,4.1123,-3.5483,-3.1390,-0.7096,0.1801,-0.0022,0.0924,-0.7069,0.1782,-0.0058,0.0069,0.0235,0.0166,0.0143,0.0018,1.0000,0.0000,1.0000,1.0000,4.9160,2.0130,-1.9717,4.2109,-3.6111,-3.2558,0.0153,-0.1563,0.0591,0.1106,-0.1304,-0.1176
1786060580.4110,-3.5482,-3.1390,-2.0129,4.1123,-3.5483,-3.1390,-0.7096,0.1801,-0.0022,0.0924,-0.7069,0.1782,-0.0046,0.0096,0.0234,0.0167,0.0131,-0.0010,1.0000,0.0000,1.0000,1.0000,4.9055,2.0131,-1.9823,4.2111,-3.6217,-3.2557,0.0176,-0.1632,0.0614,0.1038,-0.1282,-0.1245
1786060580.4551,-3.5721,-3.1439,-2.0141,4.1192,-3.5717,-3.1441,-0.5573,0.1056,-0.0053,0.0856,-0.5570,0.1047,0.0059,0.0094,0.0228,0.0172,0.0231,-0.0019,1.0000,0.0000,1.0000,1.0000,4.9178,1.9970,-1.9655,4.2215,-3.6246,-3.2681,0.0191,-0.1635,0.0631,0.1010,-0.1391,-0.1317
1786060580.5046,-3.5780,-3.1485,-2.0148,4.1223,-3.5778,-3.1486,-0.4076,0.0580,-0.0062,0.0710,-0.4078,0.0574,0.0093,0.0131,0.0261,0.0169,0.0238,-0.0007,1.0000,0.0000,1.0000,1.0000,4.9196,1.9801,-1.9591,4.2310,-3.6394,-3.2829,0.0163,-0.1717,0.0640,0.0898,-0.1571,-0.1596
1786060580.5558,-3.5780,-3.1485,-2.0148,4.1223,-3.5778,-3.1486,-0.4076,0.0580,-0.0062,0.0710,-0.4078,0.0574,0.0102,0.0139,0.0266,0.0168,0.0229,-0.0016,1.0000,0.0000,1.0000,1.0000,4.9196,1.9801,-1.9591,4.2310,-3.6394,-3.2829,0.0163,-0.1717,0.0640,0.0898,-0.1571,-0.1596
1786060580.6045,-3.5764,-3.1525,-2.0153,4.1236,-3.5764,-3.1526,-0.2735,0.0265,-0.0058,0.0531,-0.2716,0.0257,-0.0107,0.0194,0.0354,0.0159,0.0035,0.0060,1.0000,0.0000,1.0000,1.0000,4.9209,1.9629,-1.9528,4.2397,-3.6565,-3.2997,0.0105,-0.1713,0.0620,0.0870,-0.1838,-0.1732
1786060580.6546,-3.5764,-3.1525,-2.0153,4.1236,-3.5764,-3.1526,-0.2735,0.0265,-0.0058,0.0531,-0.2716,0.0257,-0.0106,0.0187,0.0380,0.0150,0.0045,0.0064,1.0000,0.0000,1.0000,1.0000,4.9209,1.9629,-1.9528,4.2397,-3.6565,-3.2997,0.0105,-0.1713,0.0620,0.0870,-0.1838,-0.1732
1786060580.7046,-3.5764,-3.1525,-2.0153,4.1236,-3.5764,-3.1526,-0.2735,0.0265,-0.0058,0.0531,-0.2716,0.0257,-0.0108,0.0184,0.0388,0.0147,0.0047,0.0067,1.0000,0.0000,1.0000,1.0000,4.9099,1.9621,-1.9638,4.2389,-3.6675,-3.3005,0.0088,-0.1632,0.0603,0.0950,-0.1855,-0.1651
1786060580.7569,-3.5764,-3.1525,-2.0153,4.1236,-3.5764,-3.1526,-0.2735,0.0265,-0.0058,0.0531,-0.2716,0.0257,-0.0109,0.0183,0.0390,0.0146,0.0048,0.0068,1.0000,0.0000,1.0000,1.0000,4.9099,1.9621,-1.9638,4.2389,-3.6675,-3.3005,0.0088,-0.1632,0.0603,0.0950,-0.1855,-0.1651
1786060580.8064,-3.5768,-3.1646,-2.0119,4.1341,-3.5766,-3.1647,-0.1714,-0.0219,0.0071,0.0665,-0.1700,-0.0223,-0.0271,0.0168,0.0440,0.0076,-0.0093,0.0079,1.0000,0.0000,1.0000,1.0000,4.9108,1.9463,-1.9577,4.2488,-3.6872,-3.3165,0.0103,-0.1544,0.0623,0.1018,-0.2028,-0.1543
1786060580.8581,-3.5705,-3.1726,-2.0096,4.1395,-3.5766,-3.1647,-0.1007,-0.0406,0.0123,0.0640,-0.1700,-0.0223,-0.0118,0.0003,0.0511,0.0012,-0.0271,0.0176,1.0000,1.0000,1.0000,0.0000,4.9229,1.9305,-1.9406,4.2586,-3.6970,-3.3318,0.0135,-0.1542,0.0621,0.1016,-0.2082,-0.1445
1786060580.9046,-3.5645,-3.1772,-2.0082,4.1421,-3.5644,-3.1772,-0.0557,-0.0445,0.0135,0.0554,-0.0559,-0.0446,-0.0048,-0.0197,0.0618,-0.0078,-0.0216,0.0017,1.0000,0.0000,1.0000,1.0000,4.9246,1.9151,-1.9342,4.2688,-3.7177,-3.3460,0.0193,-0.1548,0.0647,0.1012,-0.2070,-0.1434
1786060580.9569,-3.5645,-3.1772,-2.0082,4.1421,-3.5644,-3.1772,-0.0557,-0.0445,0.0135,0.0554,-0.0559,-0.0446,-0.0029,-0.0228,0.0640,-0.0111,-0.0195,-0.0003,1.0000,0.0000,1.0000,1.0000,4.9246,1.9151,-1.9342,4.2688,-3.7177,-3.3460,0.0193,-0.1548,0.0647,0.1012,-0.2070,-0.1434
1786060581.0046,-3.5594,-3.1804,-2.0072,4.1436,-3.5593,-3.1804,-0.0219,-0.0402,0.0122,0.0422,-0.0220,-0.0402,0.0410,-0.0423,0.0834,-0.0300,0.0171,-0.0232,1.0000,0.0000,1.0000,1.0000,4.9266,1.8992,-1.9277,4.2785,-3.7381,-3.3610,0.0196,-0.1628,0.0655,0.0932,-0.2003,-0.1554
1786060581.0546,-3.5594,-3.1804,-2.0072,4.1436,-3.5593,-3.1804,-0.0219,-0.0402,0.0122,0.0422,-0.0220,-0.0402,0.0605,-0.0386,0.0864,-0.0418,0.0315,-0.0269,1.0000,0.0000,1.0000,1.0000,4.9266,1.8992,-1.9277,4.2785,-3.7381,-3.3610,0.0196,-0.1628,0.0655,0.0932,-0.2003,-0.1554
1786060581.1050,-3.5547,-3.1817,-2.0068,4.1435,-3.5547,-3.1817,-0.0008,-0.0324,0.0098,0.0292,-0.0009,-0.0323,0.1262,0.0088,0.1097,-0.0960,0.1071,0.0033,1.0000,0.0000,1.0000,1.0000,4.9283,1.8826,-1.9213,4.2874,-3.7574,-3.3770,0.0129,-0.1683,0.0634,0.0868,-0.1865,-0.1621
1786060581.1554,-3.5547,-3.1817,-2.0068,4.1435,-3.5547,-3.1817,-0.0008,-0.0324,0.0098,0.0292,-0.0009,-0.0323,0.1328,0.0640,0.0853,-0.1396,0.1190,0.0476,1.0000,0.0000,1.0000,1.0000,4.9283,1.8826,-1.9213,4.2874,-3.7574,-3.3770,0.0129,-0.1683,0.0634,0.0868,-0.1865,-0.1621
1786060581.2046,-3.5511,-3.1821,-2.0067,4.1428,-3.5511,-3.1821,0.0108,-0.0234,0.0071,0.0179,0.0107,-0.0234,0.0661,0.1159,-0.0268,-0.1873,0.0688,0.1062,1.0000,0.0000,1.0000,1.0000,4.9292,1.8658,-1.9150,4.2961,-3.7750,-3.3928,0.0067,-0.1657,0.0614,0.0887,-0.1668,-0.1536
1786060581.2547,-3.5511,-3.1821,-2.0067,4.1428,-3.5511,-3.1821,0.0108,-0.0234,0.0071,0.0179,0.0107,-0.0234,0.0481,0.1742,0.0825,0.0070,0.0655,0.1593,1.0000,0.0000,1.0000,1.0000,4.9292,1.8658,-1.9150,4.2961,-3.7750,-3.3928,0.0067,-0.1657,0.0614,0.0887,-0.1668,-0.1536
1786060581.3047,-3.5583,-3.1889,-2.0009,4.1595,-3.5583,-3.1889,-0.0150,-0.0373,0.0227,0.0646,-0.0151,-0.0372,0.0788,-0.0760,0.0547,-0.0116,0.1926,-0.0912,1.0000,0.0000,1.0000,1.0000,4.9300,1.8497,-1.9088,4.3053,-3.7904,-3.4073,0.0109,-0.1563,0.0630,0.0948,-0.1421,-0.1369
1786060581.3546,-3.5583,-3.1889,-2.0009,4.1595,-3.5583,-3.1889,-0.0150,-0.0373,0.0227,0.0646,-0.0151,-0.0372,0.0681,-0.0171,0.0568,-0.0108,0.0970,0.0096,1.0000,0.0000,1.0000,1.0000,4.9300,1.8497,-1.9088,4.3053,-3.7904,-3.4073,0.0109,-0.1563,0.0630,0.0948,-0.1421,-0.1369
1786060581.4152,-3.5583,-3.1889,-2.0009,4.1595,-3.5583,-3.1889,-0.0150,-0.0373,0.0227,0.0646,-0.0151,-0.0372,0.0837,-0.0305,0.0567,-0.0109,0.1191,-0.0050,1.0000,0.0000,1.0000,1.0000,4.9191,1.8501,-1.9197,4.3057,-3.8013,-3.4069,0.0133,-0.1510,0.0653,0.1001,-0.1398,-0.1315
1786060581.4825,-3.5639,-3.1937,-1.9967,4.1719,-3.5583,-3.1889,-0.0269,-0.0382,0.0274,0.0792,-0.0151,-0.0372,0.0502,-0.0389,0.0474,-0.0039,0.1205,0.0033,1.0000,1.0000,1.0000,0.0000,4.9319,1.8347,-1.9024,4.3150,-3.8033,-3.4202,0.0269,-0.1454,0.0663,0.0960,-0.1189,-0.1233
1786060581.5163,-3.5639,-3.1937,-1.9967,4.1721,-3.5583,-3.1889,-0.0269,-0.0379,0.0273,0.0789,-0.0151,-0.0372,0.0350,-0.0398,0.0467,-0.0026,0.1252,0.0050,1.0000,1.0000,1.0000,0.0000,4.9319,1.8347,-1.9024,4.3150,-3.8033,-3.4202,0.0269,-0.1454,0.0663,0.0960,-0.1189,-0.1233
1786060581.5545,-3.5676,-3.1986,-1.9942,4.1794,-3.5676,-3.1985,-0.0271,-0.0369,0.0235,0.0684,-0.0272,-0.0369,0.0277,-0.0391,0.0526,-0.0062,0.0936,-0.0259,1.0000,0.0000,1.0000,1.0000,4.9355,1.8203,-1.8955,4.3242,-3.8143,-3.4324,0.0421,-0.1451,0.0701,0.0886,-0.1053,-0.1236
1786060581.6046,-3.5676,-3.1986,-1.9942,4.1794,-3.5676,-3.1985,-0.0271,-0.0369,0.0235,0.0684,-0.0272,-0.0369,0.0238,-0.0363,0.0531,-0.0073,0.0709,-0.0305,1.0000,0.0000,1.0000,1.0000,4.9355,1.8203,-1.8955,4.3242,-3.8143,-3.4324,0.0421,-0.1451,0.0701,0.0886,-0.1053,-0.1236
1786060581.6595,-3.5691,-3.2004,-1.9735,4.2042,-3.5676,-3.1985,-0.0224,-0.0301,0.0801,0.1221,-0.0272,-0.0369,0.0336,-0.0418,0.0337,-0.0029,0.0588,-0.0300,1.0000,1.0000,1.0000,0.0000,4.9250,1.8199,-1.9060,4.3237,-3.8248,-3.4329,0.0418,-0.1545,0.0699,0.0791,-0.1056,-0.1330
1786060581.7046,-3.5691,-3.2003,-1.9738,4.2037,-3.5691,-3.2003,-0.0224,-0.0301,0.0791,0.1211,-0.0225,-0.0301,0.0397,-0.0426,0.0339,-0.0023,0.0698,-0.0328,1.0000,0.0000,1.0000,1.0000,4.9400,1.8054,-1.8884,4.3324,-3.8245,-3.4453,0.0450,-0.1540,0.0715,0.0769,-0.1005,-0.1346
1786060581.7545,-3.5694,-3.2007,-1.9625,4.2165,-3.5694,-3.2007,-0.0177,-0.0234,0.0939,0.1294,-0.0177,-0.0234,0.0659,-0.0458,0.0318,-0.0029,0.1115,-0.0334,1.0000,0.0000,1.0000,1.0000,4.9439,1.7896,-1.8813,4.3397,-3.8346,-3.4593,0.0325,-0.1591,0.0705,0.0701,-0.1025,-0.1431
1786060581.8046,-3.5694,-3.2007,-1.9625,4.2165,-3.5694,-3.2007,-0.0177,-0.0234,0.0939,0.1294,-0.0177,-0.0234,0.0886,-0.0392,0.0318,-0.0028,0.1474,-0.0097,1.0000,0.0000,1.0000,1.0000,4.9439,1.7896,-1.8813,4.3397,-3.8346,-3.4593,0.0325,-0.1591,0.0705,0.0701,-0.1025,-0.1431
1786060581.8547,-3.5696,-3.2009,-1.9547,4.2252,-3.5696,-3.2009,-0.0121,-0.0159,0.0866,0.1127,-0.0122,-0.0159,0.1849,0.0008,0.0349,-0.0057,0.2159,0.1251,1.0000,0.0000,1.0000,1.0000,4.9464,1.7740,-1.8743,4.3467,-3.8452,-3.4736,0.0201,-0.1526,0.0698,0.0726,-0.1084,-0.1413
1786060581.9046,-3.5696,-3.2009,-1.9547,4.2252,-3.5696,-3.2009,-0.0121,-0.0159,0.0866,0.1127,-0.0122,-0.0159,0.1462,0.1360,0.0350,-0.0059,-0.0034,0.1125,1.0000,0.0000,1.0000,1.0000,4.9464,1.7740,-1.8743,4.3467,-3.8452,-3.4736,0.0201,-0.1526,0.0698,0.0726,-0.1084,-0.1413
1786060581.9592,-3.5696,-3.2009,-1.9547,4.2252,-3.5696,-3.2009,-0.0121,-0.0159,0.0866,0.1127,-0.0122,-0.0159,-0.0054,0.0571,0.0350,-0.0060,0.0248,0.2822,1.0000,0.0000,1.0000,1.0000,4.9354,1.7738,-1.8853,4.3466,-3.8562,-3.4737,0.0207,-0.1435,0.0704,0.0818,-0.1078,-0.1321
1786060582.0045,-3.5919,-3.2194,-1.9449,4.2470,-3.5919,-3.2194,-0.0781,-0.0686,0.0889,0.1442,-0.0781,-0.0687,-0.0145,-0.0214,0.0295,0.0005,-0.0210,0.0266,1.0000,0.0000,1.0000,1.0000,4.9485,1.7593,-1.8672,4.3543,-3.8562,-3.4873,0.0259,-0.1411,0.0723,0.0779,-0.1097,-0.1343
1786060582.0583,-3.6066,-3.2315,-1.9399,4.2595,-3.5919,-3.2194,-0.1002,-0.0854,0.0769,0.1386,-0.0781,-0.0687,-0.0191,-0.0208,0.0302,0.0021,-0.0057,-0.0043,1.0000,1.0000,1.0000,0.0000,4.9377,1.7598,-1.8780,4.3548,-3.8670,-3.4869,0.0286,-0.1394,0.0749,0.0796,-0.1071,-0.1326
1786060582.1046,-3.6066,-3.2314,-1.9399,4.2595,-3.6066,-3.2315,-0.1002,-0.0855,0.0773,0.1393,-0.1002,-0.0855,-0.0179,-0.0220,0.0301,0.0022,-0.0061,-0.0047,1.0000,0.0000,1.0000,1.0000,4.9524,1.7456,-1.8597,4.3621,-3.8669,-3.5005,0.0526,-0.1359,0.0771,0.0763,-0.1041,-0.1313
1786060582.1698,-3.6066,-3.2314,-1.9399,4.2595,-3.6066,-3.2315,-0.1002,-0.0855,0.0773,0.1393,-0.1002,-0.0855,-0.0171,-0.0226,0.0301,0.0022,-0.0068,-0.0042,1.0000,0.0000,1.0000,1.0000,4.9524,1.7456,-1.8597,4.3621,-3.8669,-3.5005,0.0526,-0.1359,0.0771,0.0763,-0.1041,-0.1313
1786060582.2045,-3.6160,-3.2391,-1.9376,4.2664,-3.6157,-3.2389,-0.0960,-0.0808,0.0587,0.1144,-0.0967,-0.0815,-0.0172,-0.0225,0.0349,0.0010,-0.0071,-0.0039,1.0000,1.0000,1.0000,0.0000,4.9593,1.7319,-1.8518,4.3692,-3.8770,-3.5136,0.0782,-0.1392,0.0805,0.0661,-0.1002,-0.1309
1786060582.2547,-3.6289,-3.2673,-1.9388,4.2741,-3.6157,-3.2389,-0.1181,-0.1538,0.0436,0.1164,-0.0967,-0.0815,-0.0072,-0.0255,0.0331,0.0053,-0.0089,-0.0029,1.0000,1.0000,1.0000,0.0000,4.9672,1.7177,-1.8438,4.3752,-3.8870,-3.5268,0.0767,-0.1434,0.0801,0.0559,-0.1006,-0.1325
1786060582.3046,-3.6289,-3.2673,-1.9387,4.2743,-3.6291,-3.2676,-0.1181,-0.1538,0.0440,0.1172,-0.1186,-0.1547,0.0070,-0.0145,0.0327,0.0056,-0.0143,-0.0172,1.0000,0.0000,1.0000,1.0000,4.9672,1.7177,-1.8438,4.3752,-3.8870,-3.5268,0.0767,-0.1434,0.0801,0.0559,-0.1006,-0.1325
1786060582.3546,-3.6402,-3.2908,-1.9392,4.2815,-3.6404,-3.2912,-0.1144,-0.1772,0.0276,0.1003,-0.1144,-0.1773,0.0086,-0.0100,0.0347,0.0071,-0.0093,-0.0207,1.0000,0.0000,1.0000,1.0000,4.9738,1.7033,-1.8359,4.3807,-3.8971,-3.5401,0.0551,-0.1444,0.0775,0.0550,-0.0994,-0.1331
1786060582.4046,-3.6402,-3.2908,-1.9392,4.2815,-3.6404,-3.2912,-0.1144,-0.1772,0.0276,0.1003,-0.1144,-0.1773,0.0072,-0.0084,0.0347,0.0070,-0.0077,-0.0224,1.0000,0.0000,1.0000,1.0000,4.9738,1.7033,-1.8359,4.3807,-3.8971,-3.5401,0.0551,-0.1444,0.0775,0.0550,-0.0994,-0.1331
1786060582.4546,-3.6461,-3.3053,-1.9406,4.2841,-3.6461,-3.3054,-0.0938,-0.1620,0.0138,0.0745,-0.0935,-0.1617,0.0085,-0.0112,0.0417,0.0062,-0.0060,-0.0258,1.0000,0.0000,1.0000,1.0000,4.9780,1.6891,-1.8282,4.3865,-3.9067,-3.5532,0.0334,-0.1384,0.0764,0.0623,-0.0920,-0.1278
1786060582.5046,-3.6461,-3.3053,-1.9406,4.2841,-3.6461,-3.3054,-0.0938,-0.1620,0.0138,0.0745,-0.0935,-0.1617,0.0084,-0.0111,0.0424,0.0054,-0.0057,-0.0260,1.0000,0.0000,1.0000,1.0000,4.9780,1.6891,-1.8282,4.3865,-3.9067,-3.5532,0.0334,-0.1384,0.0764,0.0623,-0.0920,-0.1278
1786060582.5548,-3.6478,-3.3119,-1.9423,4.2839,-3.6461,-3.3054,-0.0663,-0.1257,0.0039,0.0478,-0.0935,-0.1617,0.0157,-0.0198,0.0599,0.0018,-0.0089,-0.0212,1.0000,1.0000,1.0000,0.0000,4.9810,1.6757,-1.8205,4.3931,-3.9152,-3.5655,0.0310,-0.1312,0.0788,0.0675,-0.0791,-0.1197
1786060582.6046,-3.6478,-3.3119,-1.9422,4.2839,-3.6479,-3.3121,-0.0663,-0.1257,0.0038,0.0473,-0.0656,-0.1246,0.0165,-0.0246,0.0649,-0.0032,-0.0060,-0.0204,1.0000,0.0000,1.0000,1.0000,4.9810,1.6757,-1.8205,4.3931,-3.9152,-3.5655,0.0310,-0.1312,0.0788,0.0675,-0.0791,-0.1197
1786060582.6546,-3.6407,-3.3756,-1.9062,4.2897,-3.6479,-3.3121,-0.0210,-0.2809,0.1151,0.0497,-0.0656,-0.1246,0.0148,-0.0135,0.0302,-0.0281,0.0025,-0.0120,1.0000,1.0000,1.0000,0.0000,4.9703,1.6761,-1.8312,4.3935,-3.9259,-3.5651,0.0333,-0.1334,0.0811,0.0653,-0.0768,-0.1219
1786060582.7046,-3.6407,-3.3758,-1.9062,4.2898,-3.6407,-3.3755,-0.0204,-0.2802,0.1148,0.0490,-0.0201,-0.2790,0.0161,-0.0136,0.0304,-0.0306,0.0097,0.0058,1.0000,0.0000,1.0000,1.0000,4.9851,1.6626,-1.8124,4.3997,-3.9224,-3.5772,0.0519,-0.1324,0.0823,0.0622,-0.0663,-0.1153
1786060582.7546,-3.6407,-3.3758,-1.9062,4.2898,-3.6407,-3.3755,-0.0204,-0.2802,0.1148,0.0490,-0.0201,-0.2790,0.0136,-0.0140,0.0303,-0.0307,0.0123,0.0058,1.0000,0.0000,1.0000,1.0000,4.9851,1.6626,-1.8124,4.3997,-3.9224,-3.5772,0.0519,-0.1324,0.0823,0.0622,-0.0663,-0.1153
1786060582.8046,-3.6345,-3.4165,-1.8818,4.2928,-3.6345,-3.4162,0.0063,-0.3072,0.1502,0.0411,0.0064,-0.3067,0.0128,-0.0082,0.0239,-0.0264,0.0130,0.0117,1.0000,0.0000,1.0000,1.0000,4.9922,1.6487,-1.8041,4.4052,-3.9285,-3.5888,0.0918,-0.1475,0.0839,0.0495,-0.0576,-0.1166
1786060582.8546,-3.6306,-3.4315,-1.8713,4.2933,-3.6306,-3.4315,0.0171,-0.2910,0.1516,0.0339,0.0173,-0.2904,0.0131,-0.0104,0.0229,-0.0273,0.0151,0.0093,1.0000,0.0000,1.0000,1.0000,5.0051,1.6317,-1.7957,4.4096,-3.9340,-3.6005,0.1552,-0.1884,0.0824,0.0404,-0.0537,-0.1164
1786060582.9046,-3.6306,-3.4315,-1.8713,4.2933,-3.6306,-3.4315,0.0171,-0.2910,0.1516,0.0339,0.0173,-0.2904,0.0124,-0.0103,0.0229,-0.0274,0.0158,0.0093,1.0000,0.0000,1.0000,1.0000,5.0051,1.6317,-1.7957,4.4096,-3.9340,-3.6005,0.1552,-0.1884,0.0824,0.0404,-0.0537,-0.1164
1786060582.9545,-3.6278,-3.4436,-1.8590,4.3005,-3.6278,-3.4435,0.0211,-0.2450,0.1469,0.0471,0.0212,-0.2445,0.0158,-0.0171,0.0255,-0.0260,0.0196,0.0026,1.0000,0.0000,1.0000,1.0000,5.0216,1.6118,-1.7876,4.4137,-3.9393,-3.6118,0.1629,-0.2013,0.0800,0.0433,-0.0531,-0.1114
1786060583.0046,-3.6278,-3.4436,-1.8590,4.3005,-3.6278,-3.4435,0.0211,-0.2450,0.1469,0.0471,0.0212,-0.2445,0.0157,-0.0168,0.0254,-0.0259,0.0196,0.0028,1.0000,0.0000,1.0000,1.0000,5.0216,1.6118,-1.7876,4.4137,-3.9393,-3.6118,0.1629,-0.2013,0.0800,0.0433,-0.0531,-0.1114
1786060583.0546,-3.6259,-3.4485,-1.8518,4.3055,-3.6259,-3.4485,0.0205,-0.1830,0.1230,0.0480,0.0205,-0.1827,0.0227,-0.0228,0.0290,-0.0294,0.0267,-0.0028,1.0000,0.0000,1.0000,1.0000,5.0349,1.5939,-1.7797,4.4187,-3.9447,-3.6227,0.1076,-0.1575,0.0791,0.0574,-0.0541,-0.1065
1786060583.1046,-3.6259,-3.4485,-1.8518,4.3055,-3.6259,-3.4485,0.0205,-0.1830,0.1230,0.0480,0.0205,-0.1827,0.0227,-0.0226,0.0288,-0.0295,0.0268,-0.0026,1.0000,0.0000,1.0000,1.0000,5.0349,1.5939,-1.7797,4.4187,-3.9447,-3.6227,0.1076,-0.1575,0.0791,0.0574,-0.0541,-0.1065
1786060583.1545,-3.6248,-3.4480,-1.8488,4.3086,-3.6248,-3.4479,0.0163,-0.1135,0.0868,0.0398,0.0164,-0.1135,0.0375,-0.0213,0.0344,-0.0416,0.0421,-0.0007,1.0000,0.0000,1.0000,1.0000,5.0436,1.5805,-1.7717,4.4253,-3.9501,-3.6333,0.0783,-0.1218,0.0797,0.0720,-0.0551,-0.1077
1786060583.2046,-3.6248,-3.4480,-1.8488,4.3086,-3.6248,-3.4479,0.0163,-0.1135,0.0868,0.0398,0.0164,-0.1135,0.0378,-0.0204,0.0335,-0.0422,0.0428,0.0002,1.0000,0.0000,1.0000,1.0000,5.0436,1.5805,-1.7717,4.4253,-3.9501,-3.6333,0.0783,-0.1218,0.0797,0.0720,-0.0551,-0.1077
1786060583.2546,-3.6248,-3.4480,-1.8463,4.3082,-3.6248,-3.4479,0.0163,-0.1135,0.0653,0.0250,0.0164,-0.1135,0.0378,-0.0203,0.0327,-0.0619,0.0431,0.0002,1.0000,0.0000,1.0000,0.0000,5.0528,1.5674,-1.7638,4.4329,-3.9556,-3.6445,0.1056,-0.1490,0.0793,0.0778,-0.0547,-0.1166
1786060583.3046,-3.6248,-3.4480,-1.8464,4.3082,-3.6248,-3.4479,0.0163,-0.1135,0.0659,0.0253,0.0164,-0.1135,0.0376,-0.0203,0.0301,-0.0630,0.0432,0.0002,1.0000,0.0000,1.0000,0.0000,5.0528,1.5674,-1.7638,4.4329,-3.9556,-3.6445,0.1056,-0.1490,0.0793,0.0778,-0.0547,-0.1166
1786060583.3545,-3.6248,-3.4480,-1.8463,4.3071,-3.6248,-3.4479,0.0163,-0.1135,0.0450,0.0140,0.0164,-0.1135,0.0375,-0.0203,0.0222,-0.0944,0.0433,0.0002,1.0000,0.0000,1.0000,0.0000,5.0422,1.5667,-1.7743,4.4323,-3.9662,-3.6451,0.1053,-0.1583,0.0790,0.0684,-0.0550,-0.1259
1786060583.4046,-3.6248,-3.4480,-1.8463,4.3072,-3.6248,-3.4479,0.0163,-0.1135,0.0453,0.0142,0.0164,-0.1135,0.0374,-0.0202,0.0128,-0.0949,0.0434,0.0001,1.0000,0.0000,1.0000,0.0000,5.0655,1.5490,-1.7560,4.4406,-3.9611,-3.6568,0.1387,-0.2112,0.0756,0.0759,-0.0554,-0.1270
1786060583.4545,-3.6248,-3.4480,-1.8463,4.3072,-3.6248,-3.4479,0.0163,-0.1135,0.0453,0.0142,0.0164,-0.1135,0.0373,-0.0202,0.0124,-0.0979,0.0435,0.0001,1.0000,0.0000,1.0000,0.0000,5.0548,1.5477,-1.7667,4.4394,-3.9718,-3.6580,0.1363,-0.2137,0.0733,0.0733,-0.0578,-0.1296
1786060583.5046,-3.6248,-3.4480,-1.8473,4.3060,-3.6248,-3.4479,0.0163,-0.1135,0.0260,0.0056,0.0164,-0.1135,0.0372,-0.0202,-0.0303,-0.1232,0.0436,0.0001,1.0000,0.0000,1.0000,0.0000,5.0792,1.5257,-1.7487,4.4482,-3.9668,-3.6697,0.1266,-0.2419,0.0703,0.0764,-0.0591,-0.1306
1786060583.5546,-3.6248,-3.4480,-1.8473,4.3060,-3.6248,-3.4479,0.0163,-0.1135,0.0260,0.0056,0.0164,-0.1135,0.0372,-0.0202,-0.0513,-0.1001,0.0437,0.0001,1.0000,0.0000,1.0000,0.0000,5.0792,1.5257,-1.7487,4.4482,-3.9668,-3.6697,0.1266,-0.2419,0.0703,0.0764,-0.0591,-0.1306
1786060583.6046,-3.6248,-3.4480,-1.8448,4.3159,-3.6248,-3.4479,0.0163,-0.1135,0.0253,0.0344,0.0164,-0.1135,0.0371,-0.0202,0.1406,-0.1131,0.0437,0.0001,1.0000,0.0000,1.0000,0.0000,5.0896,1.5023,-1.7420,4.4562,-3.9731,-3.6825,0.0824,-0.2247,0.0660,0.0853,-0.0649,-0.1249
1786060583.6546,-3.6248,-3.4480,-1.8448,4.3159,-3.6248,-3.4479,0.0163,-0.1135,0.0253,0.0344,0.0164,-0.1135,0.0371,-0.0202,0.0459,-0.0891,0.0438,0.0001,1.0000,0.0000,1.0000,0.0000,5.0896,1.5023,-1.7420,4.4562,-3.9731,-3.6825,0.0824,-0.2247,0.0660,0.0853,-0.0649,-0.1249
1786060583.7045,-3.6248,-3.4480,-1.8438,4.3221,-3.6248,-3.4479,0.0163,-0.1135,0.0203,0.0429,0.0164,-0.1135,0.0370,-0.0201,0.0918,-0.0695,0.0438,0.0001,1.0000,0.0000,1.0000,0.0000,5.0953,1.4818,-1.7355,4.4652,-3.9799,-3.6945,0.0369,-0.1893,0.0637,0.0906,-0.0702,-0.1171
1786060583.7545,-3.6248,-3.4480,-1.8436,4.3251,-3.6248,-3.4479,0.0163,-0.1135,0.0166,0.0432,0.0164,-0.1135,0.0370,-0.0201,0.0828,-0.0610,0.0438,0.0000,1.0000,0.0000,1.0000,0.0000,5.0970,1.4646,-1.7290,4.4739,-3.9871,-3.7061,0.0021,-0.1606,0.0662,0.0822,-0.0747,-0.1162
1786060583.8046,-3.6248,-3.4480,-1.8436,4.3251,-3.6248,-3.4479,0.0163,-0.1135,0.0166,0.0432,0.0164,-0.1135,0.0370,-0.0201,0.0838,-0.0559,0.0439,0.0000,1.0000,0.0000,1.0000,0.0000,5.0970,1.4646,-1.7290,4.4739,-3.9871,-3.7061,0.0021,-0.1606,0.0662,0.0822,-0.0747,-0.1162
1786060583.8545,-3.6248,-3.4480,-1.8266,4.3425,-3.6248,-3.4479,0.0163,-0.1135,0.0654,0.0858,0.0164,-0.1135,0.0369,-0.0201,0.0417,-0.0177,0.0439,0.0000,1.0000,0.0000,1.0000,0.0000,5.0963,1.4498,-1.7221,4.4810,-3.9948,-3.7181,-0.0110,-0.1403,0.0710,0.0618,-0.0791,-0.1229
1786060583.9046,-3.6248,-3.4480,-1.8266,4.3425,-3.6248,-3.4479,0.0163,-0.1135,0.0654,0.0858,0.0164,-0.1135,0.0369,-0.0201,0.0419,-0.0131,0.0439,0.0000,1.0000,0.0000,1.0000,0.0000,5.0963,1.4498,-1.7221,4.4810,-3.9948,-3.7181,-0.0110,-0.1403,0.0710,0.0618,-0.0791,-0.1229
1786060583.9546,-3.6248,-3.4480,-1.8149,4.3541,-3.6248,-3.4479,0.0163,-0.1135,0.0854,0.1001,0.0164,-0.1135,0.0369,-0.0201,0.0366,-0.0099,0.0439,0.0000,1.0000,0.0000,1.0000,0.0000,5.0959,1.4361,-1.7150,4.4861,-4.0029,-3.7307,0.0040,-0.1360,0.0712,0.0441,-0.0822,-0.1290
1786060584.0045,-3.6248,-3.4480,-1.8079,4.3607,-3.6248,-3.4479,0.0163,-0.1135,0.0891,0.0995,0.0164,-0.1135,0.0369,-0.0201,0.0362,-0.0103,0.0439,0.0000,1.0000,0.0000,1.0000,0.0000,5.0975,1.4225,-1.7080,4.4901,-4.0112,-3.7436,0.0262,-0.1351,0.0679,0.0371,-0.0822,-0.1270
1786060584.0546,-3.6248,-3.4480,-1.8079,4.3607,-3.6248,-3.4479,0.0163,-0.1135,0.0891,0.0995,0.0164,-0.1135,0.0369,-0.0201,0.0362,-0.0104,0.0440,0.0000,1.0000,0.0000,1.0000,0.0000,5.0975,1.4225,-1.7080,4.4901,-4.0112,-3.7436,0.0262,-0.1351,0.0679,0.0371,-0.0822,-0.1270
1786060584.1046,-3.6248,-3.4480,-1.7943,4.3945,-3.6248,-3.4479,0.0163,-0.1135,0.1047,0.1756,0.0164,-0.1135,0.0369,-0.0201,0.0237,0.0014,0.0440,0.0000,1.0000,0.0000,1.0000,0.0000,5.1006,1.4096,-1.7013,4.4938,-4.0193,-3.7558,0.0297,-0.1206,0.0669,0.0373,-0.0794,-0.1182
1786060584.1546,-3.6248,-3.4480,-1.7943,4.3945,-3.6248,-3.4479,0.0163,-0.1135,0.1047,0.1756,0.0164,-0.1135,0.0368,-0.0201,0.0235,0.0018,0.0440,0.0000,0.3333,0.0000,1.0000,0.0000,5.1006,1.4096,-1.7013,4.4938,-4.0193,-3.7558,0.0297,-0.1206,0.0669,0.0373,-0.0794,-0.1182
1786060584.2046,-3.6248,-3.4480,-1.7850,4.4201,-3.6248,-3.4479,0.0163,-0.1135,0.0982,0.1959,0.0164,-0.1135,0.0373,-0.0220,0.0204,0.0031,0.0418,-0.0023,0.3333,0.0000,1.0000,0.0000,5.1025,1.3992,-1.6944,4.4973,-4.0270,-3.7672,0.0092,-0.0879,0.0720,0.0322,-0.0762,-0.1110
1786060584.2546,-3.6248,-3.4480,-1.7850,4.4201,-3.6248,-3.4479,0.0163,-0.1135,0.0982,0.1959,0.0164,-0.1135,0.0373,-0.0220,0.0204,0.0032,0.0418,-0.0023,0.3333,0.0000,1.0000,0.0000,5.1025,1.3992,-1.6944,4.4973,-4.0270,-3.7672,0.0092,-0.0879,0.0720,0.0322,-0.0762,-0.1110
1786060584.3046,-3.6248,-3.4480,-1.7817,4.4320,-3.6248,-3.4479,0.0163,-0.1135,0.0848,0.1860,0.0164,-0.1135,0.0373,-0.0220,0.0215,0.0052,0.0418,-0.0023,0.3333,0.0000,1.0000,0.0000,5.1023,1.3923,-1.6866,4.4996,-4.0345,-3.7783,-0.0095,-0.0562,0.0835,0.0117,-0.0744,-0.1123
1786060584.3547,-3.6248,-3.4480,-1.7817,4.4320,-3.6248,-3.4479,0.0163,-0.1135,0.0848,0.1860,0.0164,-0.1135,0.0373,-0.0220,0.0214,0.0052,0.0418,-0.0023,0.3333,0.0000,1.0000,0.0000,5.1023,1.3923,-1.6866,4.4996,-4.0345,-3.7783,-0.0095,-0.0562,0.0835,0.0117,-0.0744,-0.1123
1786060584.4046,-3.6248,-3.4480,-1.7744,4.4325,-3.6248,-3.4479,0.0163,-0.1135,0.0800,0.1273,0.0164,-0.1135,0.0373,-0.0220,0.0314,0.0004,0.0418,-0.0023,0.3333,0.0000,1.0000,0.0000,5.1015,1.3875,-1.6776,4.4993,-4.0420,-3.7899,-0.0036,-0.0460,0.0937,-0.0127,-0.0747,-0.1197
1786060584.4546,-3.6248,-3.4480,-1.7744,4.4325,-3.6248,-3.4479,0.0163,-0.1135,0.0800,0.1273,0.0164,-0.1135,0.0373,-0.0220,0.0315,-0.0001,0.0418,-0.0023,0.3333,0.0000,1.0000,0.0000,5.1015,1.3875,-1.6776,4.4993,-4.0420,-3.7899,-0.0036,-0.0460,0.0937,-0.0127,-0.0747,-0.1197
1786060584.5046,-3.6248,-3.4480,-1.7572,4.4385,-3.6248,-3.4479,0.0163,-0.1135,0.1107,0.1088,0.0164,-0.1135,0.0373,-0.0220,0.0324,-0.0092,0.0418,-0.0023,0.3333,0.0000,1.0000,0.0000,5.1025,1.3823,-1.6681,4.4973,-4.0494,-3.8022,0.0193,-0.0580,0.0942,-0.0231,-0.0741,-0.1242
1786060584.5547,-3.6248,-3.4480,-1.7572,4.4385,-3.6248,-3.4479,0.0163,-0.1135,0.1107,0.1088,0.0164,-0.1135,0.0373,-0.0220,0.0325,-0.0096,0.0418,-0.0023,0.3333,0.0000,1.0000,0.0000,5.1025,1.3823,-1.6681,4.4973,-4.0494,-3.8022,0.0193,-0.0580,0.0942,-0.0231,-0.0741,-0.1242
1786060584.6046,-3.6248,-3.4480,-1.7460,4.4405,-3.6248,-3.4479,0.0163,-0.1135,0.1115,0.0818,0.0164,-0.1135,0.0373,-0.0220,0.0339,-0.0181,0.0418,-0.0023,0.3333,0.0000,1.0000,0.0000,5.1052,1.3759,-1.6590,4.4953,-4.0566,-3.8145,0.0266,-0.0666,0.0892,-0.0168,-0.0690,-0.1205
1786060584.6546,-3.6248,-3.4480,-1.7460,4.4405,-3.6248,-3.4479,0.0163,-0.1135,0.1115,0.0818,0.0164,-0.1135,0.0373,-0.0220,0.0339,-0.0186,0.0418,-0.0023,0.3333,0.0000,1.0000,0.0000,5.1052,1.3759,-1.6590,4.4953,-4.0566,-3.8145,0.0266,-0.0666,0.0892,-0.0168,-0.0690,-0.1205
1786060584.7046,-3.6248,-3.4480,-1.7412,4.4629,-3.6248,-3.4479,0.0163,-0.1135,0.0918,0.1260,0.0164,-0.1135,0.0373,-0.0220,0.0319,-0.0031,0.0418,-0.0023,0.3333,0.0000,1.0000,0.0000,5.1070,1.3696,-1.6502,4.4942,-4.0630,-3.8261,0.0073,-0.0608,0.0874,-0.0056,-0.0592,-0.1132
1786060584.7546,-3.6248,-3.4480,-1.7412,4.4629,-3.6248,-3.4479,0.0163,-0.1135,0.0918,0.1260,0.0164,-0.1135,0.0373,-0.0220,0.0315,-0.0025,0.0418,-0.0023,0.3333,0.0000,1.0000,0.0000,5.1070,1.3696,-1.6502,4.4942,-4.0630,-3.8261,0.0073,-0.0608,0.0874,-0.0056,-0.0592,-0.1132
1786060584.8046,-3.6248,-3.4480,-1.7395,4.4968,-3.6248,-3.4479,0.0163,-0.1135,0.0662,0.1893,0.0164,-0.1135,0.0373,-0.0220,0.0198,0.0078,0.0418,-0.0023,0.3333,0.0000,1.0000,0.0000,5.1057,1.3643,-1.6413,4.4939,-4.0690,-3.8367,-0.0418,-0.0417,0.0915,-0.0033,-0.0677,-0.0975
1786060584.8546,-3.6248,-3.4480,-1.7395,4.4968,-3.6248,-3.4479,0.0163,-0.1135,0.0662,0.1893,0.0164,-0.1135,0.0373,-0.0220,0.0194,0.0081,0.0418,-0.0023,0.3333,0.0000,1.0000,0.0000,5.1057,1.3643,-1.6413,4.4939,-4.0690,-3.8367,-0.0418,-0.0417,0.0915,-0.0033,-0.0677,-0.0975
1786060584.9046,-3.6248,-3.4480,-1.7404,4.5170,-3.6248,-3.4479,0.0163,-0.1135,0.0431,0.1944,0.0164,-0.1135,0.0373,-0.0220,0.0162,0.0110,0.0418,-0.0023,0.3333,0.0000,1.0000,0.0000,5.0978,1.3612,-1.6318,4.4932,-4.0770,-3.8457,-0.1056,-0.0323,0.0972,-0.0120,-0.0872,-0.0854
1786060584.9546,-3.6248,-3.4480,-1.7404,4.5170,-3.6248,-3.4479,0.0163,-0.1135,0.0431,0.1944,0.0164,-0.1135,0.0373,-0.0220,0.0161,0.0110,0.0418,-0.0023,0.3333,0.0000,1.0000,0.0000,5.0978,1.3612,-1.6318,4.4932,-4.0770,-3.8457,-0.1056,-0.0323,0.0972,-0.0120,-0.0872,-0.0854
1786060585.0047,-3.6248,-3.4480,-1.7239,4.5123,-3.6248,-3.4479,0.0163,-0.1135,0.0814,0.1200,0.0164,-0.1135,0.0373,-0.0220,0.0323,-0.0009,0.0418,-0.0023,0.3333,0.0000,1.0000,0.0000,5.0859,1.3564,-1.6219,4.4913,-4.0860,-3.8543,-0.1255,-0.0662,0.0998,-0.0236,-0.0899,-0.0884
1786060585.0547,-3.6248,-3.4480,-1.7239,4.5123,-3.6248,-3.4479,0.0163,-0.1135,0.0814,0.1200,0.0164,-0.1135,0.0373,-0.0220,0.0327,-0.0019,0.0418,-0.0023,0.3333,0.0000,1.0000,0.0000,5.0859,1.3564,-1.6219,4.4913,-4.0860,-3.8543,-0.1255,-0.0662,0.0998,-0.0236,-0.0899,-0.0884
1786060585.1047,-3.6248,-3.4480,-1.7050,4.5090,-3.6248,-3.4479,0.0163,-0.1135,0.1155,0.0731,0.0164,-0.1135,0.0373,-0.0220,0.0331,-0.0205,0.0418,-0.0023,0.3333,0.0000,1.0000,0.0000,5.0743,1.3473,-1.6120,4.4886,-4.0944,-3.8635,-0.1076,-0.1095,0.0983,-0.0270,-0.0776,-0.0937
1786060585.1546,-3.6248,-3.4480,-1.7050,4.5090,-3.6248,-3.4479,0.0163,-0.1135,0.1155,0.0731,0.0164,-0.1135,0.0373,-0.0220,0.0330,-0.0216,0.0418,-0.0023,0.3333,0.0000,1.0000,0.0000,5.0743,1.3473,-1.6120,4.4886,-4.0944,-3.8635,-0.1076,-0.1095,0.0983,-0.0270,-0.0776,-0.0937
1786060585.2046,-3.6248,-3.4480,-1.6930,4.5049,-3.6248,-3.4479,0.0163,-0.1135,0.1174,0.0376,0.0164,-0.1135,0.0373,-0.0220,0.0277,-0.0331,0.0418,-0.0023,0.3333,0.0000,1.0000,0.0000,5.0651,1.3349,-1.6025,4.4863,-4.1012,-3.8728,-0.0793,-0.1325,0.0921,-0.0186,-0.0604,-0.0915
1786060585.2546,-3.6248,-3.4480,-1.6930,4.5049,-3.6248,-3.4479,0.0163,-0.1135,0.1174,0.0376,0.0164,-0.1135,0.0373,-0.0220,0.0274,-0.0338,0.0418,-0.0023,0.3333,0.0000,1.0000,0.0000,5.0651,1.3349,-1.6025,4.4863,-4.1012,-3.8728,-0.0793,-0.1325,0.0921,-0.0186,-0.0604,-0.0915
1786060585.3047,-3.6248,-3.4480,-1.6743,4.4954,-3.6248,-3.4479,0.0163,-0.1135,0.1396,-0.0036,0.0164,-0.1135,0.0373,-0.0220,0.0157,-0.0334,0.0418,-0.0023,0.3333,0.0000,1.0000,0.0000,5.0581,1.3216,-1.5936,4.4850,-4.1066,-3.8815,-0.0657,-0.1323,0.0868,-0.0090,-0.0508,-0.0831
1786060585.3547,-3.6248,-3.4480,-1.6743,4.4954,-3.6248,-3.4479,0.0163,-0.1135,0.1396,-0.0036,0.0164,-0.1135,0.0373,-0.0220,0.0157,-0.0338,0.0418,-0.0023,0.3333,0.0000,1.0000,0.0000,5.0581,1.3216,-1.5936,4.4850,-4.1066,-3.8815,-0.0657,-0.1323,0.0868,-0.0090,-0.0508,-0.0831
1786060585.4046,-3.6248,-3.4480,-1.6597,4.4928,-3.6248,-3.4479,0.0163,-0.1135,0.1384,-0.0105,0.0164,-0.1135,0.0373,-0.0220,0.0141,-0.0341,0.0418,-0.0023,0.3333,0.0000,1.0000,0.0000,5.0509,1.3090,-1.5849,4.4842,-4.1118,-3.8893,-0.0782,-0.1238,0.0872,-0.0109,-0.0554,-0.0750
1786060585.4546,-3.6248,-3.4480,-1.6597,4.4928,-3.6248,-3.4479,0.0163,-0.1135,0.1384,-0.0105,0.0164,-0.1135,0.0373,-0.0220,0.0141,-0.0341,0.0418,-0.0023,0.3333,0.0000,1.0000,0.0000,5.0509,1.3090,-1.5849,4.4842,-4.1118,-3.8893,-0.0782,-0.1238,0.0872,-0.0109,-0.0554,-0.0750
1786060585.5046,-3.6248,-3.4480,-1.6527,4.4911,-3.6248,-3.4479,0.0163,-0.1135,0.1179,-0.0126,0.0164,-0.1135,0.0373,-0.0220,0.0121,-0.0393,0.0418,-0.0023,0.3333,0.0000,1.0000,0.0000,5.0413,1.2971,-1.5761,4.4824,-4.1182,-3.8965,-0.1132,-0.1158,0.0902,-0.0232,-0.0728,-0.0693
1786060585.5547,-3.6248,-3.4480,-1.6527,4.4911,-3.6248,-3.4479,0.0163,-0.1135,0.1179,-0.0126,0.0164,-0.1135,0.0373,-0.0220,0.0119,-0.0393,0.0418,-0.0023,0.3333,0.0000,1.0000,0.0000,5.0413,1.2971,-1.5761,4.4824,-4.1182,-3.8965,-0.1132,-0.1158,0.0902,-0.0232,-0.0728,-0.0693
1786060585.6046,-3.6248,-3.4480,-1.6335,4.4919,-3.6248,-3.4479,0.0163,-0.1135,0.1416,-0.0061,0.0164,-0.1135,0.0373,-0.0220,0.0149,-0.0336,0.0418,-0.0023,0.3333,0.0000,1.0000,0.0000,5.0276,1.2860,-1.5670,4.4795,-4.1268,-3.9030,-0.1560,-0.1082,0.0902,-0.0335,-0.0952,-0.0614
1786060585.6546,-3.6248,-3.4480,-1.6335,4.4919,-3.6248,-3.4479,0.0163,-0.1135,0.1416,-0.0061,0.0164,-0.1135,0.0373,-0.0220,0.0151,-0.0335,0.0418,-0.0023,0.3333,0.0000,1.0000,0.0000,5.0276,1.2860,-1.5670,4.4795,-4.1268,-3.9030,-0.1560,-0.1082,0.0902,-0.0335,-0.0952,-0.0614
1786060585.7046,-3.6248,-3.4480,-1.6213,4.4933,-3.6248,-3.4479,0.0163,-0.1135,0.1364,0.0001,0.0164,-0.1135,0.0373,-0.0220,0.0165,-0.0347,0.0418,-0.0023,0.3333,0.0000,1.0000,0.0000,5.0101,1.2758,-1.5582,4.4761,-4.1372,-3.9085,-0.1866,-0.0971,0.0860,-0.0321,-0.1102,-0.0492
1786060585.7547,-3.6248,-3.4480,-1.6213,4.4933,-3.6248,-3.4479,0.0163,-0.1135,0.1364,0.0001,0.0164,-0.1135,0.0373,-0.0220,0.0165,-0.0347,0.0418,-0.0023,0.3333,0.0000,1.0000,0.0000,5.0101,1.2758,-1.5582,4.4761,-4.1372,-3.9085,-0.1866,-0.0971,0.0860,-0.0321,-0.1102,-0.0492
1786060585.8047,-3.6248,-3.4480,-1.6150,4.4944,-3.6248,-3.4479,0.0163,-0.1135,0.1141,0.0034,0.0164,-0.1135,0.0373,-0.0220,0.0170,-0.0411,0.0418,-0.0023,0.3333,0.0000,1.0000,0.0000,4.9912,1.2667,-1.5498,4.4734,-4.1483,-3.9128,-0.1853,-0.0885,0.0815,-0.0225,-0.1097,-0.0386
1786060585.8546,-3.6248,-3.4480,-1.6150,4.4944,-3.6248,-3.4479,0.0163,-0.1135,0.1141,0.0034,0.0164,-0.1135,0.0373,-0.0220,0.0166,-0.0411,0.0418,-0.0023,0.3333,0.0000,1.0000,0.0000,4.9912,1.2667,-1.5498,4.4734,-4.1483,-3.9128,-0.1853,-0.0885,0.0815,-0.0225,-0.1097,-0.0386
1786060585.9047,-3.6248,-3.4480,-1.5981,4.4856,-3.6248,-3.4479,0.0163,-0.1135,0.1318,-0.0252,0.0164,-0.1135,0.0373,-0.0220,0.0102,-0.0346,0.0418,-0.0023,0.3333,0.0000,1.0000,0.0000,4.9743,1.2579,-1.5418,4.4715,-4.1586,-3.9165,-0.1540,-0.0902,0.0811,-0.0168,-0.0958,-0.0382
1786060585.9546,-3.6248,-3.4480,-1.5981,4.4856,-3.6248,-3.4479,0.0163,-0.1135,0.1318,-0.0252,0.0164,-0.1135,0.0373,-0.0220,0.0103,-0.0350,0.0418,-0.0023,0.3333,0.0000,1.0000,0.0000,4.9743,1.2579,-1.5418,4.4715,-4.1586,-3.9165,-0.1540,-0.0902,0.0811,-0.0168,-0.0958,-0.0382
1786060586.0047,-3.6248,-3.4480,-1.5875,4.4791,-3.6248,-3.4479,0.0163,-0.1135,0.1204,-0.0369,0.0164,-0.1135,0.0373,-0.0220,0.0066,-0.0355,0.0418,-0.0023,0.3333,0.0000,1.0000,0.0000,4.9612,1.2483,-1.5335,4.4696,-4.1672,-3.9209,-0.1118,-0.1023,0.0843,-0.0234,-0.0795,-0.0490
1786060586.0546,-3.6248,-3.4480,-1.5875,4.4791,-3.6248,-3.4479,0.0163,-0.1135,0.1204,-0.0369,0.0164,-0.1135,0.0373,-0.0220,0.0065,-0.0356,0.0418,-0.0023,0.3333,0.0000,1.0000,0.0000,4.9612,1.2483,-1.5335,4.4696,-4.1672,-3.9209,-0.1118,-0.1023,0.0843,-0.0234,-0.0795,-0.0490
1786060586.1048,-3.6248,-3.4480,-1.5831,4.4752,-3.6248,-3.4479,0.0163,-0.1135,0.0971,-0.0377,0.0164,-0.1135,0.0373,-0.0220,0.0018,-0.0395,0.0418,-0.0023,0.3333,0.0000,1.0000,0.0000,4.9517,1.2374,-1.5249,4.4665,-4.1747,-3.9265,-0.0840,-0.1135,0.0872,-0.0370,-0.0719,-0.0609
1786060586.1546,-3.6248,-3.4480,-1.5831,4.4752,-3.6248,-3.4479,0.0163,-0.1135,0.0971,-0.0377,0.0164,-0.1135,0.0373,-0.0220,0.0015,-0.0394,0.0418,-0.0023,0.3333,0.0000,1.0000,0.0000,4.9517,1.2374,-1.5249,4.4665,-4.1747,-3.9265,-0.0840,-0.1135,0.0872,-0.0370,-0.0719,-0.0609
1786060586.2048,-3.6248,-3.4480,-1.5805,4.4756,-3.6248,-3.4479,0.0163,-0.1135,0.0755,-0.0250,0.0164,-0.1135,0.0373,-0.0220,-0.0027,-0.0500,0.0418,-0.0023,0.3333,0.0000,1.0000,0.0000,4.9434,1.2260,-1.5161,4.4623,-4.1821,-3.9327,-0.0846,-0.1111,0.0868,-0.0447,-0.0782,-0.0605
1786060586.2546,-3.6248,-3.4480,-1.5805,4.4756,-3.6248,-3.4479,0.0163,-0.1135,0.0755,-0.0250,0.0164,-0.1135,0.0373,-0.0220,-0.0034,-0.0491,0.0418,-0.0023,0.3333,0.0000,1.0000,0.0000,4.9434,1.2260,-1.5161,4.4623,-4.1821,-3.9327,-0.0846,-0.1111,0.0868,-0.0447,-0.0782,-0.0605
1786060586.3047,-3.6248,-3.4480,-1.5802,4.4764,-3.6248,-3.4479,0.0163,-0.1135,0.0534,-0.0148,0.0164,-0.1135,0.0373,-0.0220,-0.0123,-0.0671,0.0418,-0.0023,0.3333,0.0000,1.0000,0.0000,4.9340,1.2157,-1.5076,4.4579,-4.1907,-3.9380,-0.1031,-0.0951,0.0847,-0.0409,-0.0932,-0.0452
1786060586.3546,-3.6248,-3.4480,-1.5802,4.4764,-3.6248,-3.4479,0.0163,-0.1135,0.0534,-0.0148,0.0164,-0.1135,0.0373,-0.0220,-0.0146,-0.0635,0.0418,-0.0023,0.3333,0.0000,1.0000,0.0000,4.9340,1.2157,-1.5076,4.4579,-4.1907,-3.9380,-0.1031,-0.0951,0.0847,-0.0409,-0.0932,-0.0452
1786060586.4046,-3.6248,-3.4480,-1.5812,4.4774,-3.6248,-3.4479,0.0163,-0.1135,0.0339,-0.0072,0.0164,-0.1135,0.0373,-0.0220,-0.0345,-0.0913,0.0418,-0.0023,0.3333,0.0000,1.0000,0.0000,4.9225,1.2074,-1.4992,4.4543,-4.2009,-3.9414,-0.1250,-0.0734,0.0841,-0.0337,-0.1074,-0.0262
1786060586.4546,-3.6248,-3.4480,-1.5812,4.4774,-3.6248,-3.4479,0.0163,-0.1135,0.0339,-0.0072,0.0164,-0.1135,0.0373,-0.0220,-0.0384,-0.0726,0.0418,-0.0023,0.3333,0.0000,1.0000,0.0000,4.9225,1.2074,-1.4992,4.4543,-4.2009,-3.9414,-0.1250,-0.0734,0.0841,-0.0337,-0.1074,-0.0262
1786060586.5047,-3.6248,-3.4480,-1.5813,4.4781,-3.6248,-3.4479,0.0163,-0.1135,0.0222,-0.0026,0.0164,-0.1135,0.0373,-0.0220,-0.0710,-0.0994,0.0418,-0.0023,0.3333,0.0000,1.0000,0.0000,4.9093,1.2011,-1.4907,4.4509,-4.2120,-3.9435,-0.1333,-0.0572,0.0856,-0.0358,-0.1128,-0.0188
1786060586.5546,-3.6248,-3.4480,-1.5813,4.4781,-3.6248,-3.4479,0.0163,-0.1135,0.0222,-0.0026,0.0164,-0.1135,0.0373,-0.0220,-0.0399,-0.0381,0.0418,-0.0023,0.3333,0.0000,1.0000,0.0000,4.9093,1.2011,-1.4907,4.4509,-4.2120,-3.9435,-0.1333,-0.0572,0.0856,-0.0358,-0.1128,-0.0188
1786060586.6047,-3.6248,-3.4480,-1.5820,4.4787,-3.6248,-3.4479,0.0163,-0.1135,0.0129,0.0001,0.0164,-0.1135,0.0373,-0.0220,-0.1847,-0.2209,0.0418,-0.0023,0.3333,0.0000,1.0000,0.0000,4.8966,1.1957,-1.4820,4.4466,-4.2231,-3.9458,-0.1203,-0.0522,0.0869,-0.0506,-0.1077,-0.0275
1786060586.6547,-3.6248,-3.4480,-1.5820,4.4787,-3.6248,-3.4479,0.0163,-0.1135,0.0129,0.0001,0.0164,-0.1135,0.0373,-0.0220,0.0725,-0.0496,0.0418,-0.0023,0.3333,0.0000,1.0000,0.0000,4.8966,1.1957,-1.4820,4.4466,-4.2231,-3.9458,-0.1203,-0.0522,0.0869,-0.0506,-0.1077,-0.0275
1786060586.7046,-3.6248,-3.4480,-1.5829,4.4792,-3.6248,-3.4479,0.0163,-0.1135,0.0062,0.0016,0.0164,-0.1135,0.0373,-0.0220,-0.0595,-0.2033,0.0418,-0.0023,0.3333,0.0000,1.0000,0.0000,4.8860,1.1905,-1.4734,4.4405,-4.2333,-3.9493,-0.0925,-0.0518,0.0849,-0.0682,-0.0970,-0.0420
1786060586.7547,-3.6248,-3.4480,-1.5829,4.4792,-3.6248,-3.4479,0.0163,-0.1135,0.0062,0.0016,0.0164,-0.1135,0.0373,-0.0220,0.0615,-0.0200,0.0418,-0.0023,0.3333,0.0000,1.0000,0.0000,4.8860,1.1905,-1.4734,4.4405,-4.2333,-3.9493,-0.0925,-0.0518,0.0849,-0.0682,-0.0970,-0.0420
1786060586.8047,-3.6248,-3.4480,-1.5806,4.4794,-3.6248,-3.4479,0.0163,-0.1135,0.0117,0.0019,0.0164,-0.1135,0.0373,-0.0220,-0.0004,-0.2178,0.0418,-0.0023,0.3333,0.0000,1.0000,0.0000,4.8785,1.1857,-1.4653,4.4330,-4.2424,-3.9540,-0.0622,-0.0440,0.0784,-0.0784,-0.0871,-0.0480
1786060586.8546,-3.6248,-3.4480,-1.5806,4.4794,-3.6248,-3.4479,0.0163,-0.1135,0.0117,0.0019,0.0164,-0.1135,0.0373,-0.0220,-0.0010,-0.0149,0.0418,-0.0023,0.3333,0.0000,1.0000,0.0000,4.8785,1.1857,-1.4653,4.4330,-4.2424,-3.9540,-0.0622,-0.0440,0.0784,-0.0784,-0.0871,-0.0480
1786060586.9046,-3.6248,-3.4480,-1.5790,4.4796,-3.6248,-3.4479,0.0163,-0.1135,0.0129,0.0018,0.0164,-0.1135,0.0373,-0.0220,-0.0040,-0.3000,0.0418,-0.0023,0.3333,0.0000,1.0000,0.0000,4.8733,1.1822,-1.4577,4.4250,-4.2508,-3.9585,-0.0448,-0.0255,0.0746,-0.0801,-0.0835,-0.0409
1786060586.9546,-3.6248,-3.4480,-1.5790,4.4796,-3.6248,-3.4479,0.0163,-0.1135,0.0129,0.0018,0.0164,-0.1135,0.0373,-0.0220,0.0077,-0.0131,0.0418,-0.0023,0.3333,0.0000,1.0000,0.0000,4.8733,1.1822,-1.4577,4.4250,-4.2508,-3.9585,-0.0448,-0.0255,0.0746,-0.0801,-0.0835,-0.0409
1786060587.0046,-3.6248,-3.4480,-1.5781,4.4797,-3.6248,-3.4479,0.0163,-0.1135,0.0117,0.0015,0.0164,-0.1135,0.0373,-0.0220,-0.0041,-0.3000,0.0418,-0.0023,0.3333,0.0000,1.0000,0.0000,4.8690,1.1808,-1.4503,4.4171,-4.2593,-3.9619,-0.0448,-0.0062,0.0744,-0.0801,-0.0874,-0.0289
1786060587.0546,-3.6248,-3.4480,-1.5781,4.4797,-3.6248,-3.4479,0.0163,-0.1135,0.0117,0.0015,0.0164,-0.1135,0.0373,-0.0220,0.0099,-0.0127,0.0418,-0.0023,0.3333,0.0000,1.0000,0.0000,4.8690,1.1808,-1.4503,4.4171,-4.2593,-3.9619,-0.0448,-0.0062,0.0744,-0.0801,-0.0874,-0.0289
1786060587.1047,-3.6248,-3.4480,-1.5496,4.4529,-3.6248,-3.4479,0.0163,-0.1135,0.0971,-0.0827,0.0164,-0.1135,0.0373,-0.0220,0.0000,-0.0276,0.0418,-0.0023,0.3333,0.0000,1.0000,0.0000,4.8640,1.1808,-1.4429,4.4087,-4.2686,-3.9644,-0.0552,0.0038,0.0731,-0.0886,-0.0970,-0.0230
1786060587.1546,-3.6248,-3.4480,-1.5496,4.4529,-3.6248,-3.4479,0.0163,-0.1135,0.0971,-0.0827,0.0164,-0.1135,0.0373,-0.0220,-0.0001,-0.0270,0.0418,-0.0023,0.3333,0.0000,1.0000,0.0000,4.8640,1.1808,-1.4429,4.4087,-4.2686,-3.9644,-0.0552,0.0038,0.0731,-0.0886,-0.0970,-0.0230
1786060587.2047,-3.6248,-3.4480,-1.5290,4.4333,-3.6248,-3.4479,0.0163,-0.1135,0.1289,-0.1161,0.0164,-0.1135,0.0373,-0.0220,0.0022,-0.0219,0.0418,-0.0023,0.3333,0.0000,1.0000,0.0000,4.8577,1.1813,-1.4358,4.3989,-4.2789,-3.9668,-0.0677,0.0067,0.0679,-0.1061,-0.1072,-0.0253
1786060587.2546,-3.6248,-3.4480,-1.5290,4.4333,-3.6248,-3.4479,0.0163,-0.1135,0.1289,-0.1161,0.0164,-0.1135,0.0373,-0.0220,0.0022,-0.0220,0.0418,-0.0023,0.3333,0.0000,1.0000,0.0000,4.8577,1.1813,-1.4358,4.3989,-4.2789,-3.9668,-0.0677,0.0067,0.0679,-0.1061,-0.1072,-0.0253
1786060587.3046,-3.6248,-3.4480,-1.5171,4.4217,-3.6248,-3.4479,0.0163,-0.1135,0.1268,-0.1166,0.0164,-0.1135,0.0373,-0.0220,0.0021,-0.0220,0.0418,-0.0023,0.3333,0.0000,1.0000,0.0000,4.8507,1.1823,-1.4294,4.3875,-4.2899,-3.9695,-0.0705,0.0117,0.0621,-0.1175,-0.1122,-0.0288
1786060587.3546,-3.6248,-3.4480,-1.5171,4.4217,-3.6248,-3.4479,0.0163,-0.1135,0.1268,-0.1166,0.0164,-0.1135,0.0373,-0.0220,0.0021,-0.0220,0.0418,-0.0023,0.3333,0.0000,1.0000,0.0000,4.8507,1.1823,-1.4294,4.3875,-4.2899,-3.9695,-0.0705,0.0117,0.0621,-0.1175,-0.1122,-0.0288
1786060587.4048,-3.6248,-3.4480,-1.5104,4.4167,-3.6248,-3.4479,0.0163,-0.1135,0.1085,-0.0964,0.0164,-0.1135,0.0373,-0.0220,0.0011,-0.0250,0.0418,-0.0023,0.3333,0.0000,1.0000,0.0000,4.8442,1.1839,-1.4233,4.3759,-4.3010,-3.9724,-0.0581,0.0213,0.0598,-0.1125,-0.1088,-0.0276
1786060587.4546,-3.6248,-3.4480,-1.5104,4.4167,-3.6248,-3.4479,0.0163,-0.1135,0.1085,-0.0964,0.0164,-0.1135,0.0373,-0.0220,0.0011,-0.0249,0.0418,-0.0023,0.3333,0.0000,1.0000,0.0000,4.8442,1.1839,-1.4233,4.3759,-4.3010,-3.9724,-0.0581,0.0213,0.0598,-0.1125,-0.1088,-0.0276
1786060587.5047,-3.6248,-3.4480,-1.5078,4.4151,-3.6248,-3.4479,0.0163,-0.1135,0.0835,-0.0720,0.0164,-0.1135,0.0373,-0.0220,-0.0025,-0.0292,0.0418,-0.0023,0.3333,0.0000,1.0000,0.0000,4.8396,1.1866,-1.4173,4.3655,-4.3114,-3.9749,-0.0348,0.0307,0.0609,-0.0974,-0.0987,-0.0238
1786060587.5547,-3.6248,-3.4480,-1.5078,4.4151,-3.6248,-3.4479,0.0163,-0.1135,0.0835,-0.0720,0.0164,-0.1135,0.0373,-0.0220,-0.0025,-0.0289,0.0418,-0.0023,0.3333,0.0000,1.0000,0.0000,4.8396,1.1866,-1.4173,4.3655,-4.3114,-3.9749,-0.0348,0.0307,0.0609,-0.0974,-0.0987,-0.0238
1786060587.6049,-3.6248,-3.4480,-1.5078,4.4151,-3.6248,-3.4479,0.0163,-0.1135,0.0835,-0.0720,0.0164,-0.1135,0.0373,-0.0220,-0.0025,-0.0289,0.0418,-0.0023,0.3333,0.0000,0.0000,0.0000,4.8375,1.1899,-1.4112,4.3564,-4.3206,-3.9772,-0.0107,0.0322,0.0611,-0.0874,-0.0880,-0.0236
1786060587.6547,-3.6248,-3.4480,-1.5078,4.4151,-3.6248,-3.4479,0.0163,-0.1135,0.0835,-0.0720,0.0164,-0.1135,0.0373,-0.0220,-0.0025,-0.0289,0.0418,-0.0023,0.3333,0.0000,0.0000,0.0000,4.8375,1.1899,-1.4112,4.3564,-4.3206,-3.9772,-0.0107,0.0322,0.0611,-0.0874,-0.0880,-0.0236
1786060587.7047,-3.6248,-3.4480,-1.5199,4.3467,-3.6248,-3.4479,0.0163,-0.1135,-0.0123,-0.2415,0.0164,-0.1135,0.0373,-0.0220,0.0065,-0.0093,0.0418,-0.0023,0.3333,0.0000,1.0000,0.0000,4.8372,1.1928,-1.4052,4.3475,-4.3292,-3.9799,0.0010,0.0245,0.0588,-0.0926,-0.0840,-0.0293
1786060587.7546,-3.6248,-3.4480,-1.5199,4.3467,-3.6248,-3.4479,0.0163,-0.1135,-0.0123,-0.2415,0.0164,-0.1135,0.0373,-0.0220,0.0065,-0.0097,0.0418,-0.0023,0.3333,0.0000,1.0000,0.0000,4.8372,1.1928,-1.4052,4.3475,-4.3292,-3.9799,0.0010,0.0245,0.0588,-0.0926,-0.0840,-0.0293
1786060587.8047,-3.6248,-3.4480,-1.5294,4.3208,-3.6248,-3.4479,0.0163,-0.1135,-0.0395,-0.2560,0.0164,-0.1135,0.0373,-0.0220,0.0074,-0.0080,0.0418,-0.0023,0.3333,0.0000,1.0000,0.0000,4.8372,1.1947,-1.3995,4.3375,-4.3378,-3.9831,-0.0021,0.0158,0.0550,-0.1062,-0.0893,-0.0345
1786060587.8546,-3.6248,-3.4480,-1.5294,4.3208,-3.6248,-3.4479,0.0163,-0.1135,-0.0395,-0.2560,0.0164,-0.1135,0.0373,-0.0220,0.0074,-0.0080,0.0418,-0.0023,0.3333,0.0000,1.0000,0.0000,4.8372,1.1947,-1.3995,4.3375,-4.3378,-3.9831,-0.0021,0.0158,0.0550,-0.1062,-0.0893,-0.0345
1786060587.9047,-3.6248,-3.4480,-1.4866,4.3291,-3.6248,-3.4479,0.0163,-0.1135,0.1118,-0.1460,0.0164,-0.1135,0.0373,-0.0220,0.0019,-0.0186,0.0418,-0.0023,0.3333,0.0000,1.0000,0.0000,4.8364,1.1962,-1.3943,4.3265,-4.3473,-3.9865,-0.0136,0.0155,0.0479,-0.1104,-0.1006,-0.0310
1786060587.9546,-3.6248,-3.4480,-1.4866,4.3291,-3.6248,-3.4479,0.0163,-0.1135,0.1118,-0.1460,0.0164,-0.1135,0.0373,-0.0220,0.0019,-0.0184,0.0418,-0.0023,0.3333,0.0000,1.0000,0.0000,4.8364,1.1962,-1.3943,4.3265,-4.3473,-3.9865,-0.0136,0.0155,0.0479,-0.1104,-0.1006,-0.0310
1786060588.0046,-3.6248,-3.4480,-1.4588,4.3379,-3.6248,-3.4479,0.0163,-0.1135,0.1653,-0.0719,0.0164,-0.1135,0.0373,-0.0220,0.0060,-0.0260,0.0418,-0.0023,0.3333,0.0000,1.0000,0.0000,4.8344,1.1982,-1.3898,4.3158,-4.3579,-3.9889,-0.0242,0.0245,0.0455,-0.1028,-0.1103,-0.0185
1786060588.0546,-3.6248,-3.4480,-1.4588,4.3379,-3.6248,-3.4479,0.0163,-0.1135,0.1653,-0.0719,0.0164,-0.1135,0.0373,-0.0220,0.0059,-0.0258,0.0418,-0.0023,0.3333,0.0000,1.0000,0.0000,4.8344,1.1982,-1.3898,4.3158,-4.3579,-3.9889,-0.0242,0.0245,0.0455,-0.1028,-0.1103,-0.0185
1786060588.1047,-3.6248,-3.4480,-1.4420,4.3457,-3.6248,-3.4479,0.0163,-0.1135,0.1670,-0.0250,0.0164,-0.1135,0.0373,-0.0220,0.0120,-0.0292,0.0418,-0.0023,0.3333,0.0000,1.0000,0.0000,4.8318,1.2011,-1.3849,4.3060,-4.3691,-3.9901,-0.0256,0.0310,0.0509,-0.0956,-0.1115,-0.0080
1786060588.1546,-3.6248,-3.4480,-1.4420,4.3457,-3.6248,-3.4479,0.0163,-0.1135,0.1670,-0.0250,0.0164,-0.1135,0.0373,-0.0220,0.0119,-0.0290,0.0418,-0.0023,0.3333,0.0000,1.0000,0.0000,4.8318,1.2011,-1.3849,4.3060,-4.3691,-3.9901,-0.0256,0.0310,0.0509,-0.0956,-0.1115,-0.0080
1786060588.2047,-3.6248,-3.4480,-1.4258,4.3477,-3.6248,-3.4479,0.0163,-0.1135,0.1663,-0.0111,0.0164,-0.1135,0.0373,-0.0220,0.0142,-0.0293,0.0418,-0.0023,0.3333,0.0000,1.0000,0.0000,4.8296,1.2040,-1.3795,4.2962,-4.3799,-3.9909,-0.0173,0.0238,0.0559,-0.1012,-0.1041,-0.0101
1786060588.2546,-3.6248,-3.4480,-1.4258,4.3477,-3.6248,-3.4479,0.0163,-0.1135,0.1663,-0.0111,0.0164,-0.1135,0.0373,-0.0220,0.0142,-0.0293,0.0418,-0.0023,0.3333,0.0000,1.0000,0.0000,4.8296,1.2040,-1.3795,4.2962,-4.3799,-3.9909,-0.0173,0.0238,0.0559,-0.1012,-0.1041,-0.0101
1786060588.3046,-3.6248,-3.4480,-1.4089,4.3493,-3.6248,-3.4479,0.0163,-0.1135,0.1627,-0.0026,0.0164,-0.1135,0.0373,-0.0220,0.0158,-0.0298,0.0418,-0.0023,0.3333,0.0000,1.0000,0.0000,4.8286,1.2054,-1.3741,4.2853,-4.3897,-3.9926,-0.0050,0.0037,0.0521,-0.1171,-0.0937,-0.0236
1786060588.3546,-3.6248,-3.4480,-1.4089,4.3493,-3.6248,-3.4479,0.0163,-0.1135,0.1627,-0.0026,0.0164,-0.1135,0.0373,-0.0220,0.0158,-0.0297,0.0418,-0.0023,0.3333,0.0000,1.0000,0.0000,4.8286,1.2054,-1.3741,4.2853,-4.3897,-3.9926,-0.0050,0.0037,0.0521,-0.1171,-0.0937,-0.0236
1786060588.4046,-3.6248,-3.4480,-1.4011,4.3505,-3.6248,-3.4479,0.0163,-0.1135,0.1375,0.0020,0.0164,-0.1135,0.0373,-0.0220,0.0171,-0.0348,0.0418,-0.0023,0.3333,0.0000,1.0000,0.0000,4.8285,1.2046,-1.3694,4.2728,-4.3987,-3.9957,0.0024,-0.0159,0.0412,-0.1304,-0.0868,-0.0362
1786060588.4546,-3.6248,-3.4480,-1.4011,4.3505,-3.6248,-3.4479,0.0163,-0.1135,0.1375,0.0020,0.0164,-0.1135,0.0373,-0.0220,0.0169,-0.0348,0.0418,-0.0023,0.3333,0.0000,1.0000,0.0000,4.8285,1.2046,-1.3694,4.2728,-4.3987,-3.9957,0.0024,-0.0159,0.0412,-0.1304,-0.0868,-0.0362
1786060588.5047,-3.6248,-3.4480,-1.3981,4.3514,-3.6248,-3.4479,0.0163,-0.1135,0.1046,0.0042,0.0164,-0.1135,0.0373,-0.0220,0.0170,-0.0453,0.0418,-0.0023,0.3333,0.0000,1.0000,0.0000,4.8287,1.2026,-1.3658,4.2595,-4.4073,-3.9994,0.0006,-0.0214,0.0329,-0.1337,-0.0874,-0.0351
1786060588.5547,-3.6248,-3.4480,-1.3981,4.3514,-3.6248,-3.4479,0.0163,-0.1135,0.1046,0.0042,0.0164,-0.1135,0.0373,-0.0220,0.0163,-0.0453,0.0418,-0.0023,0.3333,0.0000,1.0000,0.0000,4.8287,1.2026,-1.3658,4.2595,-4.4073,-3.9994,0.0006,-0.0214,0.0329,-0.1337,-0.0874,-0.0351
1786060588.6046,-3.6248,-3.4480,-1.3982,4.3519,-3.6248,-3.4479,0.0163,-0.1135,0.0722,0.0047,0.0164,-0.1135,0.0373,-0.0220,0.0140,-0.0646,0.0418,-0.0023,0.3333,0.0000,1.0000,0.0000,4.8284,1.2009,-1.3626,4.2462,-4.4164,-4.0023,-0.0077,-0.0129,0.0334,-0.1310,-0.0936,-0.0216
1786060588.6546,-3.6248,-3.4480,-1.3982,4.3519,-3.6248,-3.4479,0.0163,-0.1135,0.0722,0.0047,0.0164,-0.1135,0.0373,-0.0220,0.0114,-0.0645,0.0418,-0.0023,0.3333,0.0000,1.0000,0.0000,4.8284,1.2009,-1.3626,4.2462,-4.4164,-4.0023,-0.0077,-0.0129,0.0334,-0.1310,-0.0936,-0.0216
1786060588.7046,-3.6248,-3.4480,-1.3985,4.3498,-3.6248,-3.4479,0.0163,-0.1135,0.0489,-0.0033,0.0164,-0.1135,0.0373,-0.0220,-0.0071,-0.0837,0.0418,-0.0023,0.3333,0.0000,1.0000,0.0000,4.8271,1.2002,-1.3589,4.2331,-4.4262,-4.0036,-0.0175,-0.0029,0.0392,-0.1314,-0.1014,-0.0079
1786060588.7546,-3.6248,-3.4480,-1.3985,4.3498,-3.6248,-3.4479,0.0163,-0.1135,0.0489,-0.0033,0.0164,-0.1135,0.0373,-0.0220,-0.0131,-0.0822,0.0418,-0.0023,0.3333,0.0000,1.0000,0.0000,4.8271,1.2002,-1.3589,4.2331,-4.4262,-4.0036,-0.0175,-0.0029,0.0392,-0.1314,-0.1014,-0.0079
1786060588.8047,-3.6248,-3.4480,-1.3999,4.3483,-3.6248,-3.4479,0.0163,-0.1135,0.0294,-0.0071,0.0164,-0.1135,0.0373,-0.0220,-0.0436,-0.0816,0.0418,-0.0023,0.3333,0.0000,1.0000,0.0000,4.8249,1.2000,-1.3548,4.2196,-4.4367,-4.0042,-0.0244,-0.0043,0.0410,-0.1392,-0.1063,-0.0058
1786060588.8546,-3.6248,-3.4480,-1.3999,4.3483,-3.6248,-3.4479,0.0163,-0.1135,0.0294,-0.0071,0.0164,-0.1135,0.0373,-0.0220,-0.0506,-0.0762,0.0418,-0.0023,0.3333,0.0000,1.0000,0.0000,4.8249,1.2000,-1.3548,4.2196,-4.4367,-4.0042,-0.0244,-0.0043,0.0410,-0.1392,-0.1063,-0.0058
1786060588.9047,-3.6248,-3.4480,-1.4004,4.3460,-3.6248,-3.4479,0.0163,-0.1135,0.0181,-0.0120,0.0164,-0.1135,0.0373,-0.0220,-0.0180,-0.0216,0.0418,-0.0023,0.3333,0.0000,1.0000,0.0000,4.8223,1.1989,-1.3510,4.2051,-4.4473,-4.0052,-0.0269,-0.0176,0.0347,-0.1505,-0.1057,-0.0152
1786060588.9547,-3.6248,-3.4480,-1.4004,4.3460,-3.6248,-3.4479,0.0163,-0.1135,0.0181,-0.0120,0.0164,-0.1135,0.0373,-0.0220,-0.0721,-0.0889,0.0418,-0.0023,0.3333,0.0000,1.0000,0.0000,4.8223,1.1989,-1.3510,4.2051,-4.4473,-4.0052,-0.0269,-0.0176,0.0347,-0.1505,-0.1057,-0.0152
1786060589.0046,-3.6248,-3.4480,-1.3876,4.3233,-3.6248,-3.4479,0.0163,-0.1135,0.0524,-0.0791,0.0164,-0.1135,0.0373,-0.0220,0.0002,-0.0191,0.0418,-0.0023,0.3333,0.0000,1.0000,0.0000,4.8196,1.1963,-1.3481,4.1896,-4.4576,-4.0073,-0.0259,-0.0323,0.0242,-0.1571,-0.1008,-0.0251
1786060589.0546,-3.6248,-3.4480,-1.3876,4.3233,-3.6248,-3.4479,0.0163,-0.1135,0.0524,-0.0791,0.0164,-0.1135,0.0373,-0.0220,-0.0038,-0.0230,0.0418,-0.0023,0.3333,0.0000,1.0000,0.0000,4.8196,1.1963,-1.3481,4.1896,-4.4576,-4.0073,-0.0259,-0.0323,0.0242,-0.1571,-0.1008,-0.0251
1786060589.1046,-3.6248,-3.4480,-1.3792,4.3080,-3.6248,-3.4479,0.0163,-0.1135,0.0628,-0.1028,0.0164,-0.1135,0.0373,-0.0220,-0.0003,-0.0210,0.0418,-0.0023,0.3333,0.0000,1.0000,0.0000,4.8172,1.1927,-1.3462,4.1739,-4.4673,-4.0100,-0.0240,-0.0387,0.0169,-0.1545,-0.0939,-0.0262
1786060589.1546,-3.6248,-3.4480,-1.3792,4.3080,-3.6248,-3.4479,0.0163,-0.1135,0.0628,-0.1028,0.0164,-0.1135,0.0373,-0.0220,-0.0004,-0.0211,0.0418,-0.0023,0.3333,0.0000,1.0000,0.0000,4.8172,1.1927,-1.3462,4.1739,-4.4673,-4.0100,-0.0240,-0.0387,0.0169,-0.1545,-0.0939,-0.0262
1786060589.2046,-3.6248,-3.4480,-1.3758,4.2992,-3.6248,-3.4479,0.0163,-0.1135,0.0542,-0.0987,0.0164,-0.1135,0.0373,-0.0220,-0.0004,-0.0204,0.0418,-0.0023,0.3333,0.0000,1.0000,0.0000,4.8148,1.1889,-1.3446,4.1589,-4.4764,-4.0123,-0.0238,-0.0369,0.0165,-0.1474,-0.0879,-0.0202
1786060589.2546,-3.6248,-3.4480,-1.3758,4.2992,-3.6248,-3.4479,0.0163,-0.1135,0.0542,-0.0987,0.0164,-0.1135,0.0373,-0.0220,-0.0004,-0.0204,0.0418,-0.0023,0.3333,0.0000,1.0000,0.0000,4.8148,1.1889,-1.3446,4.1589,-4.4764,-4.0123,-0.0238,-0.0369,0.0165,-0.1474,-0.0879,-0.0202
1786060589.3046,-3.6248,-3.4480,-1.3744,4.2947,-3.6248,-3.4479,0.0163,-0.1135,0.0420,-0.0825,0.0164,-0.1135,0.0373,-0.0220,-0.0016,-0.0200,0.0418,-0.0023,0.3333,0.0000,1.0000,0.0000,4.8123,1.1854,-1.3427,4.1444,-4.4850,-4.0140,-0.0274,-0.0346,0.0205,-0.1444,-0.0866,-0.0152
1786060589.3547,-3.6248,-3.4480,-1.3744,4.2947,-3.6248,-3.4479,0.0163,-0.1135,0.0420,-0.0825,0.0164,-0.1135,0.0373,-0.0220,-0.0016,-0.0200,0.0418,-0.0023,0.3333,0.0000,1.0000,0.0000,4.8123,1.1854,-1.3427,4.1444,-4.4850,-4.0140,-0.0274,-0.0346,0.0205,-0.1444,-0.0866,-0.0152
1786060589.4046,-3.6248,-3.4480,-1.3742,4.2929,-3.6248,-3.4479,0.0163,-0.1135,0.0284,-0.0602,0.0164,-0.1135,0.0373,-0.0220,-0.0039,-0.0193,0.0418,-0.0023,0.3333,0.0000,1.0000,0.0000,4.8091,1.1818,-1.3405,4.1297,-4.4939,-4.0155,-0.0355,-0.0368,0.0228,-0.1496,-0.0911,-0.0162
1786060589.4546,-3.6248,-3.4480,-1.3742,4.2929,-3.6248,-3.4479,0.0163,-0.1135,0.0284,-0.0602,0.0164,-0.1135,0.0373,-0.0220,-0.0038,-0.0191,0.0418,-0.0023,0.3333,0.0000,1.0000,0.0000,4.8091,1.1818,-1.3405,4.1297,-4.4939,-4.0155,-0.0355,-0.0368,0.0228,-0.1496,-0.0911,-0.0162
1786060589.5046,-3.6248,-3.4480,-1.3749,4.2935,-3.6248,-3.4479,0.0163,-0.1135,0.0173,-0.0400,0.0164,-0.1135,0.0373,-0.0220,-0.0059,-0.0178,0.0418,-0.0023,0.3333,0.0000,1.0000,0.0000,4.8050,1.1780,-1.3383,4.1143,-4.5035,-4.0173,-0.0466,-0.0399,0.0192,-0.1578,-0.0993,-0.0190
1786060589.5546,-3.6248,-3.4480,-1.3749,4.2935,-3.6248,-3.4479,0.0163,-0.1135,0.0173,-0.0400,0.0164,-0.1135,0.0373,-0.0220,-0.0055,-0.0176,0.0418,-0.0023,0.3333,0.0000,1.0000,0.0000,4.8050,1.1780,-1.3383,4.1143,-4.5035,-4.0173,-0.0466,-0.0399,0.0192,-0.1578,-0.0993,-0.0190
1786060589.6046,-3.6248,-3.4480,-1.3759,4.2948,-3.6248,-3.4479,0.0163,-0.1135,0.0090,-0.0237,0.0164,-0.1135,0.0373,-0.0220,-0.0025,-0.0146,0.0418,-0.0023,0.3333,0.0000,1.0000,0.0000,4.7997,1.1740,-1.3368,4.0983,-4.5138,-4.0192,-0.0576,-0.0376,0.0114,-0.1607,-0.1056,-0.0172
1786060589.6546,-3.6248,-3.4480,-1.3759,4.2948,-3.6248,-3.4479,0.0163,-0.1135,0.0090,-0.0237,0.0164,-0.1135,0.0373,-0.0220,-0.0061,-0.0159,0.0418,-0.0023,0.3333,0.0000,1.0000,0.0000,4.7997,1.1740,-1.3368,4.0983,-4.5138,-4.0192,-0.0576,-0.0376,0.0114,-0.1607,-0.1056,-0.0172
1786060589.7046,-3.6248,-3.4480,-1.3729,4.2738,-3.6248,-3.4479,0.0163,-0.1135,0.0157,-0.0819,0.0164,-0.1135,0.0373,-0.0220,0.0080,-0.0157,0.0418,-0.0023,0.3333,0.0000,1.0000,0.0000,4.7935,1.1707,-1.3361,4.0824,-4.5244,-4.0206,-0.0649,-0.0298,0.0047,-0.1559,-0.1051,-0.0109
1786060589.7546,-3.6248,-3.4480,-1.3729,4.2738,-3.6248,-3.4479,0.0163,-0.1135,0.0157,-0.0819,0.0164,-0.1135,0.0373,-0.0220,0.0069,-0.0159,0.0418,-0.0023,0.3333,0.0000,1.0000,0.0000,4.7935,1.1707,-1.3361,4.0824,-4.5244,-4.0206,-0.0649,-0.0298,0.0047,-0.1559,-0.1051,-0.0109
1786060589.8047,-3.6248,-3.4480,-1.3709,4.2595,-3.6248,-3.4479,0.0163,-0.1135,0.0170,-0.1013,0.0164,-0.1135,0.0373,-0.0220,0.0072,-0.0166,0.0418,-0.0023,0.3333,0.0000,1.0000,0.0000,4.7868,1.1681,-1.3358,4.0671,-4.5345,-4.0214,-0.0680,-0.0240,0.0028,-0.1505,-0.0983,-0.0072
1786060589.8546,-3.6248,-3.4480,-1.3709,4.2595,-3.6248,-3.4479,0.0163,-0.1135,0.0170,-0.1013,0.0164,-0.1135,0.0373,-0.0220,0.0072,-0.0166,0.0418,-0.0023,0.3333,0.0000,1.0000,0.0000,4.7868,1.1681,-1.3358,4.0671,-4.5345,-4.0214,-0.0680,-0.0240,0.0028,-0.1505,-0.0983,-0.0072
1786060589.9047,-3.6248,-3.4480,-1.3698,4.2509,-3.6248,-3.4479,0.0163,-0.1135,0.0153,-0.0974,0.0164,-0.1135,0.0373,-0.0220,0.0077,-0.0165,0.0418,-0.0023,0.3333,0.0000,1.0000,0.0000,4.7800,1.1656,-1.3354,4.0521,-4.5439,-4.0223,-0.0695,-0.0268,0.0054,-0.1526,-0.0895,-0.0128
1786060589.9546,-3.6248,-3.4480,-1.3698,4.2509,-3.6248,-3.4479,0.0163,-0.1135,0.0153,-0.0974,0.0164,-0.1135,0.0373,-0.0220,0.0076,-0.0165,0.0418,-0.0023,0.3333,0.0000,1.0000,0.0000,4.7800,1.1656,-1.3354,4.0521,-4.5439,-4.0223,-0.0695,-0.0268,0.0054,-0.1526,-0.0895,-0.0128
1786060590.0047,-3.6248,-3.4480,-1.3681,4.2436,-3.6248,-3.4479,0.0163,-0.1135,0.0153,-0.0873,0.0164,-0.1135,0.0373,-0.0220,0.0074,-0.0161,0.0418,-0.0023,0.3333,0.0000,1.0000,0.0000,4.7728,1.1625,-1.3347,4.0363,-4.5525,-4.0242,-0.0732,-0.0350,0.0087,-0.1619,-0.0845,-0.0243
1786060590.0546,-3.6248,-3.4480,-1.3681,4.2436,-3.6248,-3.4479,0.0163,-0.1135,0.0153,-0.0873,0.0164,-0.1135,0.0373,-0.0220,0.0074,-0.0161,0.0418,-0.0023,0.3333,0.0000,1.0000,0.0000,4.7728,1.1625,-1.3347,4.0363,-4.5525,-4.0242,-0.0732,-0.0350,0.0087,-0.1619,-0.0845,-0.0243
1786060590.1046,-3.6248,-3.4480,-1.3673,4.2407,-3.6248,-3.4479,0.0163,-0.1135,0.0131,-0.0695,0.0164,-0.1135,0.0373,-0.0220,0.0076,-0.0151,0.0418,-0.0023,0.3333,0.0000,1.0000,0.0000,4.7651,1.1588,-1.3337,4.0196,-4.5610,-4.0271,-0.0811,-0.0371,0.0089,-0.1699,-0.0865,-0.0299
1786060590.1546,-3.6248,-3.4480,-1.3673,4.2407,-3.6248,-3.4479,0.0163,-0.1135,0.0131,-0.0695,0.0164,-0.1135,0.0373,-0.0220,0.0076,-0.0151,0.0418,-0.0023,0.3333,0.0000,1.0000,0.0000,4.7651,1.1588,-1.3337,4.0196,-4.5610,-4.0271,-0.0811,-0.0371,0.0089,-0.1699,-0.0865,-0.0299
1786060590.2047,-3.6248,-3.4480,-1.3500,4.1719,-3.6248,-3.4479,0.0163,-0.1135,0.0632,-0.2632,0.0164,-0.1135,0.0373,-0.0220,0.0015,-0.0045,0.0418,-0.0023,0.3333,0.0000,1.0000,0.0000,4.7564,1.1556,-1.3330,4.0026,-4.5700,-4.0298,-0.0918,-0.0259,0.0061,-0.1689,-0.0937,-0.0223
1786060590.2546,-3.6248,-3.4480,-1.3500,4.1719,-3.6248,-3.4479,0.0163,-0.1135,0.0632,-0.2632,0.0164,-0.1135,0.0373,-0.0220,0.0016,-0.0048,0.0418,-0.0023,0.3333,0.0000,1.0000,0.0000,4.7564,1.1556,-1.3330,4.0026,-4.5700,-4.0298,-0.0918,-0.0259,0.0061,-0.1689,-0.0937,-0.0223
1786060590.3045,-3.6248,-3.4480,-1.3381,4.1250,-3.6248,-3.4479,0.0163,-0.1135,0.0809,-0.3289,0.0164,-0.1135,0.0373,-0.0220,-0.0013,0.0064,0.0418,-0.0023,0.3333,0.0000,1.0000,0.0000,4.7467,1.1540,-1.3326,3.9861,-4.5798,-4.0311,-0.1021,-0.0063,0.0032,-0.1611,-0.1009,-0.0068
1786060590.3546,-3.6248,-3.4480,-1.3381,4.1250,-3.6248,-3.4479,0.0163,-0.1135,0.0809,-0.3289,0.0164,-0.1135,0.0373,-0.0220,-0.0012,0.0061,0.0418,-0.0023,0.3333,0.0000,1.0000,0.0000,4.7467,1.1540,-1.3326,3.9861,-4.5798,-4.0311,-0.1021,-0.0063,0.0032,-0.1611,-0.1009,-0.0068
1786060590.4046,-3.6248,-3.4480,-1.3331,4.0955,-3.6248,-3.4479,0.0163,-0.1135,0.0718,-0.3207,0.0164,-0.1135,0.0373,-0.0220,-0.0004,0.0046,0.0418,-0.0023,0.3333,0.0000,1.0000,0.0000,4.7360,1.1543,-1.3323,3.9704,-4.5901,-4.0312,-0.1100,0.0080,0.0027,-0.1561,-0.1031,0.0022
1786060590.4546,-3.6248,-3.4480,-1.3331,4.0955,-3.6248,-3.4479,0.0163,-0.1135,0.0718,-0.3207,0.0164,-0.1135,0.0373,-0.0220,-0.0004,0.0047,0.0418,-0.0023,0.3333,0.0000,1.0000,0.0000,4.7360,1.1543,-1.3323,3.9704,-4.5901,-4.0312,-0.1100,0.0080,0.0027,-0.1561,-0.1031,0.0022
1786060590.5047,-3.6248,-3.4480,-1.3330,4.0661,-3.6248,-3.4479,0.0163,-0.1135,0.0480,-0.3045,0.0164,-0.1135,0.0373,-0.0220,0.0016,0.0014,0.0418,-0.0023,0.3333,0.0000,1.0000,0.0000,4.7247,1.1552,-1.3319,3.9546,-4.6002,-4.0312,-0.1153,0.0081,0.0044,-0.1603,-0.0996,-0.0040
1786060590.5546,-3.6248,-3.4480,-1.3330,4.0661,-3.6248,-3.4479,0.0163,-0.1135,0.0480,-0.3045,0.0164,-0.1135,0.0373,-0.0220,0.0016,0.0015,0.0418,-0.0023,0.3333,0.0000,1.0000,0.0000,4.7247,1.1552,-1.3319,3.9546,-4.6002,-4.0312,-0.1153,0.0081,0.0044,-0.1603,-0.0996,-0.0040
1786060590.6047,-3.6248,-3.4480,-1.3344,4.0529,-3.6248,-3.4479,0.0163,-0.1135,0.0288,-0.2520,0.0164,-0.1135,0.0373,-0.0220,0.0039,-0.0075,0.0418,-0.0023,0.3333,0.0000,1.0000,0.0000,4.7129,1.1556,-1.3314,3.9381,-4.6099,-4.0324,-0.1196,-0.0009,0.0060,-0.1690,-0.0935,-0.0192
1786060590.6547,-3.6248,-3.4480,-1.3344,4.0529,-3.6248,-3.4479,0.0163,-0.1135,0.0288,-0.2520,0.0164,-0.1135,0.0373,-0.0220,0.0039,-0.0073,0.0418,-0.0023,0.3333,0.0000,1.0000,0.0000,4.7129,1.1556,-1.3314,3.9381,-4.6099,-4.0324,-0.1196,-0.0009,0.0060,-0.1690,-0.0935,-0.0192
1786060590.7047,-3.6248,-3.4480,-1.3336,4.0389,-3.6248,-3.4479,0.0163,-0.1135,0.0226,-0.2187,0.0164,-0.1135,0.0373,-0.0220,0.0050,-0.0120,0.0418,-0.0023,0.3333,0.0000,1.0000,0.0000,4.7007,1.1551,-1.3308,3.9209,-4.6189,-4.0350,-0.1244,-0.0058,0.0058,-0.1724,-0.0886,-0.0293
1786060590.7546,-3.6248,-3.4480,-1.3336,4.0389,-3.6248,-3.4479,0.0163,-0.1135,0.0226,-0.2187,0.0164,-0.1135,0.0373,-0.0220,0.0050,-0.0119,0.0418,-0.0023,0.3333,0.0000,1.0000,0.0000,4.7007,1.1551,-1.3308,3.9209,-4.6189,-4.0350,-0.1244,-0.0058,0.0058,-0.1724,-0.0886,-0.0293
1786060590.8045,-3.6248,-3.4480,-1.3334,4.0331,-3.6248,-3.4479,0.0163,-0.1135,0.0161,-0.1700,0.0164,-0.1135,0.0373,-0.0220,0.0066,-0.0162,0.0418,-0.0023,0.3333,0.0000,1.0000,0.0000,4.6880,1.1548,-1.3303,3.9039,-4.6277,-4.0379,-0.1301,0.0014,0.0043,-0.1662,-0.0869,-0.0257
1786060590.8546,-3.6248,-3.4480,-1.3334,4.0331,-3.6248,-3.4479,0.0163,-0.1135,0.0161,-0.1700,0.0164,-0.1135,0.0373,-0.0220,0.0066,-0.0162,0.0418,-0.0023,0.3333,0.0000,1.0000,0.0000,4.6880,1.1548,-1.3303,3.9039,-4.6277,-4.0379,-0.1301,0.0014,0.0043,-0.1662,-0.0869,-0.0257
1786060590.9046,-3.6248,-3.4480,-1.3316,4.0133,-3.6248,-3.4479,0.0163,-0.1135,0.0170,-0.1796,0.0164,-0.1135,0.0373,-0.0220,0.0063,-0.0156,0.0418,-0.0023,0.3333,0.0000,1.0000,0.0000,4.6746,1.1557,-1.3299,3.8879,-4.6364,-4.0398,-0.1361,0.0154,0.0031,-0.1569,-0.0886,-0.0133
1786060590.9546,-3.6248,-3.4480,-1.3316,4.0133,-3.6248,-3.4479,0.0163,-0.1135,0.0170,-0.1796,0.0164,-0.1135,0.0373,-0.0220,0.0063,-0.0156,0.0418,-0.0023,0.3333,0.0000,1.0000,0.0000,4.6746,1.1557,-1.3299,3.8879,-4.6364,-4.0398,-0.1361,0.0154,0.0031,-0.1569,-0.0886,-0.0133
1786060591.0046,-3.6248,-3.4480,-1.3330,4.0028,-3.6248,-3.4479,0.0163,-0.1135,0.0069,-0.1518,0.0164,-0.1135,0.0373,-0.0220,0.0080,-0.0172,0.0418,-0.0023,0.3333,0.0000,1.0000,0.0000,4.6607,1.1579,-1.3296,3.8724,-4.6455,-4.0405,-0.1424,0.0241,0.0029,-0.1545,-0.0928,-0.0044
1786060591.0546,-3.6248,-3.4480,-1.3330,4.0028,-3.6248,-3.4479,0.0163,-0.1135,0.0069,-0.1518,0.0164,-0.1135,0.0373,-0.0220,0.0080,-0.0172,0.0418,-0.0023,0.3333,0.0000,1.0000,0.0000,4.6607,1.1579,-1.3296,3.8724,-4.6455,-4.0405,-0.1424,0.0241,0.0029,-0.1545,-0.0928,-0.0044
1786060591.1047,-3.6248,-3.4480,-1.3343,3.9995,-3.6248,-3.4479,0.0163,-0.1135,0.0008,-0.1157,0.0164,-0.1135,0.0373,-0.0220,0.0110,-0.0177,0.0418,-0.0023,0.3333,0.0000,1.0000,0.0000,4.6461,1.1602,-1.3293,3.8566,-4.6551,-4.0410,-0.1491,0.0220,0.0034,-0.1620,-0.0974,-0.0059
1786060591.1547,-3.6248,-3.4480,-1.3343,3.9995,-3.6248,-3.4479,0.0163,-0.1135,0.0008,-0.1157,0.0164,-0.1135,0.0373,-0.0220,0.0109,-0.0177,0.0418,-0.0023,0.3333,0.0000,1.0000,0.0000,4.6461,1.1602,-1.3293,3.8566,-4.6551,-4.0410,-0.1491,0.0220,0.0034,-0.1620,-0.0974,-0.0059
1786060591.2047,-3.6248,-3.4480,-1.3353,3.9995,-3.6248,-3.4479,0.0163,-0.1135,-0.0026,-0.0803,0.0164,-0.1135,0.0373,-0.0220,0.0167,-0.0169,0.0418,-0.0023,0.3333,0.0000,1.0000,0.0000,4.6308,1.1620,-1.3290,3.8398,-4.6649,-4.0420,-0.1552,0.0144,0.0039,-0.1721,-0.0998,-0.0135
1786060591.2547,-3.6248,-3.4480,-1.3353,3.9995,-3.6248,-3.4479,0.0163,-0.1135,-0.0026,-0.0803,0.0164,-0.1135,0.0373,-0.0220,0.0162,-0.0167,0.0418,-0.0023,0.3333,0.0000,1.0000,0.0000,4.6308,1.1620,-1.3290,3.8398,-4.6649,-4.0420,-0.1552,0.0144,0.0039,-0.1721,-0.0998,-0.0135
1786060591.3047,-3.6248,-3.4480,-1.3281,3.9634,-3.6248,-3.4479,0.0163,-0.1135,0.0207,-0.1685,0.0164,-0.1135,0.0373,-0.0220,0.0062,-0.0161,0.0418,-0.0023,0.3333,0.0000,1.0000,0.0000,4.6150,1.1632,-1.3286,3.8224,-4.6749,-4.0436,-0.1598,0.0114,0.0040,-0.1747,-0.0985,-0.0178
1786060591.3546,-3.6248,-3.4480,-1.3281,3.9634,-3.6248,-3.4479,0.0163,-0.1135,0.0207,-0.1685,0.0164,-0.1135,0.0373,-0.0220,0.0064,-0.0162,0.0418,-0.0023,0.3333,0.0000,1.0000,0.0000,4.6150,1.1632,-1.3286,3.8224,-4.6749,-4.0436,-0.1598,0.0114,0.0040,-0.1747,-0.0985,-0.0178
1786060591.4046,-3.6248,-3.4480,-1.3220,3.9274,-3.6248,-3.4479,0.0163,-0.1135,0.0333,-0.2289,0.0164,-0.1135,0.0373,-0.0220,0.0043,-0.0102,0.0418,-0.0023,0.3333,0.0000,1.0000,0.0000,4.5990,1.1646,-1.3282,3.8052,-4.6845,-4.0453,-0.1611,0.0154,0.0042,-0.1682,-0.0939,-0.0153
1786060591.4546,-3.6248,-3.4480,-1.3220,3.9274,-3.6248,-3.4479,0.0163,-0.1135,0.0333,-0.2289,0.0164,-0.1135,0.0373,-0.0220,0.0043,-0.0104,0.0418,-0.0023,0.3333,0.0000,1.0000,0.0000,4.5990,1.1646,-1.3282,3.8052,-4.6845,-4.0453,-0.1611,0.0154,0.0042,-0.1682,-0.0939,-0.0153
1786060591.5047,-3.6248,-3.4480,-1.3181,3.9049,-3.6248,-3.4479,0.0163,-0.1135,0.0352,-0.2287,0.0164,-0.1135,0.0373,-0.0220,0.0042,-0.0104,0.0418,-0.0023,0.3333,0.0000,1.0000,0.0000,4.5829,1.1664,-1.3277,3.7888,-4.6936,-4.0466,-0.1606,0.0195,0.0047,-0.1611,-0.0882,-0.0118
1786060591.5547,-3.6248,-3.4480,-1.3181,3.9049,-3.6248,-3.4479,0.0163,-0.1135,0.0352,-0.2287,0.0164,-0.1135,0.0373,-0.0220,0.0042,-0.0104,0.0418,-0.0023,0.3333,0.0000,1.0000,0.0000,4.5829,1.1664,-1.3277,3.7888,-4.6936,-4.0466,-0.1606,0.0195,0.0047,-0.1611,-0.0882,-0.0118
1786060591.6047,-3.6248,-3.4480,-1.4110,3.8546,-3.6248,-3.4479,0.0163,-0.1135,-0.2665,-0.3088,0.0164,-0.1135,0.0373,-0.0220,0.0181,0.0047,0.0418,-0.0023,0.3333,0.0000,1.0000,0.0000,4.5669,1.1682,-1.3272,3.7727,-4.7022,-4.0478,-0.1600,0.0159,0.0051,-0.1628,-0.0852,-0.0137
1786060591.6546,-3.6248,-3.4480,-1.4110,3.8546,-3.6248,-3.4479,0.0163,-0.1135,-0.2665,-0.3088,0.0164,-0.1135,0.0373,-0.0220,0.0180,0.0044,0.0418,-0.0023,0.3333,0.0000,1.0000,0.0000,4.5669,1.1682,-1.3272,3.7727,-4.7022,-4.0478,-0.1600,0.0159,0.0051,-0.1628,-0.0852,-0.0137
1786060591.7047,-3.6248,-3.4480,-1.4746,3.8253,-3.6248,-3.4479,0.0163,-0.1135,-0.3836,-0.3056,0.0164,-0.1135,0.0373,-0.0220,0.0200,0.0033,0.0418,-0.0023,0.3333,0.0000,1.0000,0.0000,4.5508,1.1693,-1.3267,3.7559,-4.7108,-4.0495,-0.1612,0.0059,0.0047,-0.1724,-0.0871,-0.0191
1786060591.7546,-3.6248,-3.4480,-1.4746,3.8253,-3.6248,-3.4479,0.0163,-0.1135,-0.3836,-0.3056,0.0164,-0.1135,0.0373,-0.0220,0.0200,0.0033,0.0418,-0.0023,0.3333,0.0000,1.0000,0.0000,4.5508,1.1693,-1.3267,3.7559,-4.7108,-4.0495,-0.1612,0.0059,0.0047,-0.1724,-0.0871,-0.0191
1786060591.8047,-3.6248,-3.4480,-1.5162,3.8040,-3.6248,-3.4479,0.0163,-0.1135,-0.3957,-0.2783,0.0164,-0.1135,0.0373,-0.0220,0.0204,0.0019,0.0418,-0.0023,0.3333,0.0000,1.0000,0.0000,4.5345,1.1694,-1.3263,3.7382,-4.7198,-4.0516,-0.1647,-0.0012,0.0037,-0.1795,-0.0929,-0.0203
1786060591.8546,-3.6248,-3.4480,-1.5162,3.8040,-3.6248,-3.4479,0.0163,-0.1135,-0.3957,-0.2783,0.0164,-0.1135,0.0373,-0.0220,0.0204,0.0019,0.0418,-0.0023,0.3333,0.0000,1.0000,0.0000,4.5345,1.1694,-1.3263,3.7382,-4.7198,-4.0516,-0.1647,-0.0012,0.0037,-0.1795,-0.0929,-0.0203
1786060591.9046,-3.6248,-3.4480,-1.5391,3.7940,-3.6248,-3.4479,0.0163,-0.1135,-0.3457,-0.2241,0.0164,-0.1135,0.0373,-0.0220,0.0195,-0.0017,0.0418,-0.0023,0.3333,0.0000,1.0000,0.0000,4.5179,1.1694,-1.3260,3.7204,-4.7294,-4.0532,-0.1678,0.0011,0.0030,-0.1759,-0.0987,-0.0128
1786060591.9546,-3.6248,-3.4480,-1.5391,3.7940,-3.6248,-3.4479,0.0163,-0.1135,-0.3457,-0.2241,0.0164,-0.1135,0.0373,-0.0220,0.0196,-0.0017,0.0418,-0.0023,0.3333,0.0000,1.0000,0.0000,4.5179,1.1694,-1.3260,3.7204,-4.7294,-4.0532,-0.1678,0.0011,0.0030,-0.1759,-0.0987,-0.0128
1786060592.0047,-3.6248,-3.4480,-1.5488,3.7914,-3.6248,-3.4479,0.0163,-0.1135,-0.2699,-0.1634,0.0164,-0.1135,0.0373,-0.0220,0.0102,-0.0123,0.0418,-0.0023,0.3333,0.0000,1.0000,0.0000,4.5011,1.1699,-1.3257,3.7033,-4.7394,-4.0540,-0.1675,0.0083,0.0037,-0.1650,-0.0999,-0.0030
1786060592.0546,-3.6248,-3.4480,-1.5488,3.7914,-3.6248,-3.4479,0.0163,-0.1135,-0.2699,-0.1634,0.0164,-0.1135,0.0373,-0.0220,0.0105,-0.0120,0.0418,-0.0023,0.3333,0.0000,1.0000,0.0000,4.5011,1.1699,-1.3257,3.7033,-4.7394,-4.0540,-0.1675,0.0083,0.0037,-0.1650,-0.0999,-0.0030
1786060592.1047,-3.6248,-3.4480,-1.4534,3.7685,-3.6248,-3.4479,0.0163,-0.1135,0.1184,-0.1803,0.0164,-0.1135,0.0373,-0.0220,0.0021,-0.0139,0.0418,-0.0023,0.3333,0.0000,1.0000,0.0000,4.4845,1.1709,-1.3252,3.6874,-4.7492,-4.0541,-0.1642,0.0103,0.0052,-0.1545,-0.0961,-0.0013
1786060592.1546,-3.6248,-3.4480,-1.4534,3.7685,-3.6248,-3.4479,0.0163,-0.1135,0.1184,-0.1803,0.0164,-0.1135,0.0373,-0.0220,0.0021,-0.0139,0.0418,-0.0023,0.3333,0.0000,1.0000,0.0000,4.4845,1.1709,-1.3252,3.6874,-4.7492,-4.0541,-0.1642,0.0103,0.0052,-0.1545,-0.0961,-0.0013
1786060592.2048,-3.6248,-3.4480,-1.3831,3.7563,-3.6248,-3.4479,0.0163,-0.1135,0.3019,-0.1629,0.0164,-0.1135,0.0373,-0.0220,-0.0114,-0.0055,0.0418,-0.0023,0.3333,0.0000,1.0000,0.0000,4.4683,1.1716,-1.3245,3.6726,-4.7585,-4.0547,-0.1598,0.0016,0.0076,-0.1444,-0.0905,-0.0115
1786060592.2546,-3.6248,-3.4480,-1.3831,3.7563,-3.6248,-3.4479,0.0163,-0.1135,0.3019,-0.1629,0.0164,-0.1135,0.0373,-0.0220,-0.0111,-0.0058,0.0418,-0.0023,0.3333,0.0000,1.0000,0.0000,4.4683,1.1716,-1.3245,3.6726,-4.7585,-4.0547,-0.1598,0.0016,0.0076,-0.1444,-0.0905,-0.0115
1786060592.3047,-3.6248,-3.4480,-1.3429,3.7349,-3.6248,-3.4479,0.0163,-0.1135,0.3346,-0.1797,0.0164,-0.1135,0.0373,-0.0220,-0.0153,-0.0026,0.0418,-0.0023,0.3333,0.0000,1.0000,0.0000,4.4525,1.1710,-1.3242,3.6580,-4.7673,-4.0566,-0.1570,-0.0115,-0.0009,-0.1494,-0.0870,-0.0249
1786060592.3546,-3.6248,-3.4480,-1.3429,3.7349,-3.6248,-3.4479,0.0163,-0.1135,0.3346,-0.1797,0.0164,-0.1135,0.0373,-0.0220,-0.0152,-0.0027,0.0418,-0.0023,0.3333,0.0000,1.0000,0.0000,4.4525,1.1710,-1.3242,3.6580,-4.7673,-4.0566,-0.1570,-0.0115,-0.0009,-0.1494,-0.0870,-0.0249
1786060592.4047,-3.6248,-3.4480,-1.3165,3.7122,-3.6248,-3.4479,0.0163,-0.1135,0.3146,-0.1956,0.0164,-0.1135,0.0373,-0.0220,-0.0141,-0.0020,0.0418,-0.0023,0.3333,0.0000,1.0000,0.0000,4.4369,1.1694,-1.3245,3.6422,-4.7761,-4.0594,-0.1564,-0.0174,-0.0038,-0.1648,-0.0876,-0.0286
1786060592.4546,-3.6248,-3.4480,-1.3165,3.7122,-3.6248,-3.4479,0.0163,-0.1135,0.3146,-0.1956,0.0164,-0.1135,0.0373,-0.0220,-0.0141,-0.0020,0.0418,-0.0023,0.3333,0.0000,1.0000,0.0000,4.4369,1.1694,-1.3245,3.6422,-4.7761,-4.0594,-0.1564,-0.0174,-0.0038,-0.1648,-0.0876,-0.0286
1786060592.5046,-3.6248,-3.4480,-1.3033,3.6991,-3.6248,-3.4479,0.0163,-0.1135,0.2593,-0.1763,0.0164,-0.1135,0.0373,-0.0220,-0.0075,-0.0075,0.0418,-0.0023,0.3333,0.0000,1.0000,0.0000,4.4212,1.1679,-1.3245,3.6251,-4.7850,-4.0618,-0.1566,-0.0120,0.0035,-0.1756,-0.0913,-0.0182
1786060592.5546,-3.6248,-3.4480,-1.3033,3.6991,-3.6248,-3.4479,0.0163,-0.1135,0.2593,-0.1763,0.0164,-0.1135,0.0373,-0.0220,-0.0077,-0.0073,0.0418,-0.0023,0.3333,0.0000,1.0000,0.0000,4.4212,1.1679,-1.3245,3.6251,-4.7850,-4.0618,-0.1566,-0.0120,0.0035,-0.1756,-0.0913,-0.0182
1786060592.6047,-3.6248,-3.4480,-1.2990,3.6931,-3.6248,-3.4479,0.0163,-0.1135,0.1924,-0.1407,0.0164,-0.1135,0.0373,-0.0220,0.0005,-0.0164,0.0418,-0.0023,0.3333,0.0000,1.0000,0.0000,4.4056,1.1673,-1.3237,3.6076,-4.7944,-4.0628,-0.1563,-0.0029,0.0123,-0.1726,-0.0952,-0.0035
1786060592.6546,-3.6248,-3.4480,-1.2990,3.6931,-3.6248,-3.4479,0.0163,-0.1135,0.1924,-0.1407,0.0164,-0.1135,0.0373,-0.0220,0.0003,-0.0162,0.0418,-0.0023,0.3333,0.0000,1.0000,0.0000,4.4056,1.1673,-1.3237,3.6076,-4.7944,-4.0628,-0.1563,-0.0029,0.0123,-0.1726,-0.0952,-0.0035
1786060592.7046,-3.6248,-3.4480,-1.3000,3.6915,-3.6248,-3.4479,0.0163,-0.1135,0.1241,-0.0982,0.0164,-0.1135,0.0373,-0.0220,0.0022,-0.0249,0.0418,-0.0023,0.3333,0.0000,1.0000,0.0000,4.3900,1.1672,-1.3222,3.5907,-4.8040,-4.0627,-0.1550,-0.0014,0.0161,-0.1664,-0.0974,0.0019
1786060592.7546,-3.6248,-3.4480,-1.3000,3.6915,-3.6248,-3.4479,0.0163,-0.1135,0.1241,-0.0982,0.0164,-0.1135,0.0373,-0.0220,0.0022,-0.0247,0.0418,-0.0023,0.3333,0.0000,1.0000,0.0000,4.3900,1.1672,-1.3222,3.5907,-4.8040,-4.0627,-0.1550,-0.0014,0.0161,-0.1664,-0.0974,0.0019
1786060592.8047,-3.6248,-3.4480,-1.3022,3.6817,-3.6248,-3.4479,0.0163,-0.1135,0.0791,-0.0985,0.0164,-0.1135,0.0373,-0.0220,-0.0002,-0.0229,0.0418,-0.0023,0.3333,0.0000,1.0000,0.0000,4.3746,1.1666,-1.3206,3.5739,-4.8138,-4.0629,-0.1528,-0.0103,0.0161,-0.1716,-0.0972,-0.0065
1786060592.8546,-3.6248,-3.4480,-1.3022,3.6817,-3.6248,-3.4479,0.0163,-0.1135,0.0791,-0.0985,0.0164,-0.1135,0.0373,-0.0220,-0.0002,-0.0229,0.0418,-0.0023,0.3333,0.0000,1.0000,0.0000,4.3746,1.1666,-1.3206,3.5739,-4.8138,-4.0629,-0.1528,-0.0103,0.0161,-0.1716,-0.0972,-0.0065
1786060592.9047,-3.6248,-3.4480,-1.3042,3.6699,-3.6248,-3.4479,0.0163,-0.1135,0.0488,-0.1052,0.0164,-0.1135,0.0373,-0.0220,0.0023,-0.0186,0.0418,-0.0023,0.3333,0.0000,1.0000,0.0000,4.3594,1.1649,-1.3190,3.5560,-4.8234,-4.0642,-0.1507,-0.0209,0.0139,-0.1852,-0.0955,-0.0191
1786060592.9546,-3.6248,-3.4480,-1.3042,3.6699,-3.6248,-3.4479,0.0163,-0.1135,0.0488,-0.1052,0.0164,-0.1135,0.0373,-0.0220,0.0021,-0.0187,0.0418,-0.0023,0.3333,0.0000,1.0000,0.0000,4.3594,1.1649,-1.3190,3.5560,-4.8234,-4.0642,-0.1507,-0.0209,0.0139,-0.1852,-0.0955,-0.0191
1786060593.0046,-3.6248,-3.4480,-1.3059,3.6432,-3.6248,-3.4479,0.0163,-0.1135,0.0286,-0.1563,0.0164,-0.1135,0.0373,-0.0220,0.0066,-0.0165,0.0418,-0.0023,0.3333,0.0000,1.0000,0.0000,4.3445,1.1627,-1.3179,3.5370,-4.8328,-4.0665,-0.1488,-0.0229,0.0100,-0.1916,-0.0934,-0.0238
1786060593.0546,-3.6248,-3.4480,-1.3059,3.6432,-3.6248,-3.4479,0.0163,-0.1135,0.0286,-0.1563,0.0164,-0.1135,0.0373,-0.0220,0.0065,-0.0165,0.0418,-0.0023,0.3333,0.0000,1.0000,0.0000,4.3445,1.1627,-1.3179,3.5370,-4.8328,-4.0665,-0.1488,-0.0229,0.0100,-0.1916,-0.0934,-0.0238
1786060593.1047,-3.6248,-3.4480,-1.3078,3.6262,-3.6248,-3.4479,0.0163,-0.1135,0.0137,-0.1613,0.0164,-0.1135,0.0373,-0.0220,0.0078,-0.0166,0.0418,-0.0023,0.3333,0.0000,1.0000,0.0000,4.3297,1.1607,-1.3171,3.5182,-4.8421,-4.0686,-0.1462,-0.0158,0.0054,-0.1832,-0.0916,-0.0178
1786060593.1546,-3.6248,-3.4480,-1.3078,3.6262,-3.6248,-3.4479,0.0163,-0.1135,0.0137,-0.1613,0.0164,-0.1135,0.0373,-0.0220,0.0078,-0.0166,0.0418,-0.0023,0.3333,0.0000,1.0000,0.0000,4.3297,1.1607,-1.3171,3.5182,-4.8421,-4.0686,-0.1462,-0.0158,0.0054,-0.1832,-0.0916,-0.0178
1786060593.2047,-3.6248,-3.4480,-1.3097,3.6169,-3.6248,-3.4479,0.0163,-0.1135,0.0038,-0.1411,0.0164,-0.1135,0.0373,-0.0220,0.0098,-0.0176,0.0418,-0.0023,0.3333,0.0000,1.0000,0.0000,4.3153,1.1596,-1.3168,3.5007,-4.8512,-4.0699,-0.1428,-0.0089,0.0022,-0.1687,-0.0911,-0.0092
1786060593.2547,-3.6248,-3.4480,-1.3097,3.6169,-3.6248,-3.4479,0.0163,-0.1135,0.0038,-0.1411,0.0164,-0.1135,0.0373,-0.0220,0.0097,-0.0175,0.0418,-0.0023,0.3333,0.0000,1.0000,0.0000,4.3153,1.1596,-1.3168,3.5007,-4.8512,-4.0699,-0.1428,-0.0089,0.0022,-0.1687,-0.0911,-0.0092
1786060593.3047,-3.6248,-3.4480,-1.3112,3.6125,-3.6248,-3.4479,0.0163,-0.1135,-0.0023,-0.1071,0.0164,-0.1135,0.0373,-0.0220,0.0137,-0.0179,0.0418,-0.0023,0.3333,0.0000,1.0000,0.0000,4.3012,1.1587,-1.3166,3.4843,-4.8604,-4.0706,-0.1399,-0.0108,0.0008,-0.1623,-0.0926,-0.0072
1786060593.3546,-3.6248,-3.4480,-1.3112,3.6125,-3.6248,-3.4479,0.0163,-0.1135,-0.0023,-0.1071,0.0164,-0.1135,0.0373,-0.0220,0.0135,-0.0178,0.0418,-0.0023,0.3333,0.0000,1.0000,0.0000,4.3012,1.1587,-1.3166,3.4843,-4.8604,-4.0706,-0.1399,-0.0108,0.0008,-0.1623,-0.0926,-0.0072
1786060593.4047,-3.6248,-3.4480,-1.3123,3.6125,-3.6248,-3.4479,0.0163,-0.1135,-0.0051,-0.0742,0.0164,-0.1135,0.0373,-0.0220,0.0209,-0.0173,0.0418,-0.0023,0.3333,0.0000,1.0000,0.0000,4.2873,1.1571,-1.3166,3.4678,-4.8698,-4.0716,-0.1383,-0.0194,-0.0006,-0.1667,-0.0961,-0.0119
1786060593.4546,-3.6248,-3.4480,-1.3123,3.6125,-3.6248,-3.4479,0.0163,-0.1135,-0.0051,-0.0742,0.0164,-0.1135,0.0373,-0.0220,0.0203,-0.0169,0.0418,-0.0023,0.3333,0.0000,1.0000,0.0000,4.2873,1.1571,-1.3166,3.4678,-4.8698,-4.0716,-0.1383,-0.0194,-0.0006,-0.1667,-0.0961,-0.0119
1786060593.5047,-3.6248,-3.4480,-1.3129,3.5850,-3.6248,-3.4479,0.0163,-0.1135,-0.0053,-0.1371,0.0164,-0.1135,0.0373,-0.0220,0.0110,-0.0181,0.0418,-0.0023,0.3333,0.0000,1.0000,0.0000,4.2735,1.1548,-1.3168,3.4508,-4.8796,-4.0730,-0.1378,-0.0249,-0.0036,-0.1718,-0.0999,-0.0156
1786060593.5546,-3.6248,-3.4480,-1.3129,3.5850,-3.6248,-3.4479,0.0163,-0.1135,-0.0053,-0.1371,0.0164,-0.1135,0.0373,-0.0220,0.0111,-0.0182,0.0418,-0.0023,0.3333,0.0000,1.0000,0.0000,4.2735,1.1548,-1.3168,3.4508,-4.8796,-4.0730,-0.1378,-0.0249,-0.0036,-0.1718,-0.0999,-0.0156
1786060593.6047,-3.6248,-3.4480,-1.3132,3.5671,-3.6248,-3.4479,0.0163,-0.1135,-0.0046,-0.1509,0.0164,-0.1135,0.0373,-0.0220,0.0101,-0.0178,0.0418,-0.0023,0.3333,0.0000,1.0000,0.0000,4.2598,1.1525,-1.3174,3.4338,-4.8897,-4.0745,-0.1364,-0.0206,-0.0075,-0.1681,-0.1015,-0.0129
1786060593.6547,-3.6248,-3.4480,-1.3132,3.5671,-3.6248,-3.4479,0.0163,-0.1135,-0.0046,-0.1509,0.0164,-0.1135,0.0373,-0.0220,0.0101,-0.0179,0.0418,-0.0023,0.3333,0.0000,1.0000,0.0000,4.2598,1.1525,-1.3174,3.4338,-4.8897,-4.0745,-0.1364,-0.0206,-0.0075,-0.1681,-0.1015,-0.0129
1786060593.7047,-3.6248,-3.4480,-1.3136,3.5510,-3.6248,-3.4479,0.0163,-0.1135,-0.0046,-0.1552,0.0164,-0.1135,0.0373,-0.0220,0.0099,-0.0177,0.0418,-0.0023,0.3333,0.0000,1.0000,0.0000,4.2463,1.1510,-1.3183,3.4175,-4.8998,-4.0755,-0.1328,-0.0111,-0.0095,-0.1586,-0.0997,-0.0069
1786060593.7546,-3.6248,-3.4480,-1.3136,3.5510,-3.6248,-3.4479,0.0163,-0.1135,-0.0046,-0.1552,0.0164,-0.1135,0.0373,-0.0220,0.0099,-0.0177,0.0418,-0.0023,0.3333,0.0000,1.0000,0.0000,4.2463,1.1510,-1.3183,3.4175,-4.8998,-4.0755,-0.1328,-0.0111,-0.0095,-0.1586,-0.0997,-0.0069
1786060593.8047,-3.6248,-3.4480,-1.3139,3.5414,-3.6248,-3.4479,0.0163,-0.1135,-0.0039,-0.1325,0.0164,-0.1135,0.0373,-0.0220,0.0116,-0.0182,0.0418,-0.0023,0.3333,0.0000,1.0000,0.0000,4.2333,1.1502,-1.3192,3.4019,-4.9096,-4.0760,-0.1276,-0.0066,-0.0079,-0.1552,-0.0963,-0.0062
1786060593.8546,-3.6248,-3.4480,-1.3139,3.5414,-3.6248,-3.4479,0.0163,-0.1135,-0.0039,-0.1325,0.0164,-0.1135,0.0373,-0.0220,0.0115,-0.0182,0.0418,-0.0023,0.3333,0.0000,1.0000,0.0000,4.2333,1.1502,-1.3192,3.4019,-4.9096,-4.0760,-0.1276,-0.0066,-0.0079,-0.1552,-0.0963,-0.0062
1786060593.9046,-3.6248,-3.4480,-1.3139,3.5414,-3.6248,-3.4479,0.0163,-0.1135,-0.0039,-0.1325,0.0164,-0.1135,0.0373,-0.0220,0.0115,-0.0182,0.0418,-0.0023,0.3333,0.0000,0.0000,0.0000,4.2208,1.1493,-1.3198,3.3860,-4.9191,-4.0770,-0.1225,-0.0120,-0.0039,-0.1635,-0.0942,-0.0135
1786060593.9546,-3.6248,-3.4480,-1.3139,3.5414,-3.6248,-3.4479,0.0163,-0.1135,-0.0039,-0.1325,0.0164,-0.1135,0.0373,-0.0220,0.0115,-0.0182,0.0418,-0.0023,0.3333,0.0000,0.0000,0.0000,4.2208,1.1493,-1.3198,3.3860,-4.9191,-4.0770,-0.1225,-0.0120,-0.0039,-0.1635,-0.0942,-0.0135
1786060594.0047,-3.6248,-3.4480,-1.3139,3.5414,-3.6248,-3.4479,0.0163,-0.1135,-0.0039,-0.1325,0.0164,-0.1135,0.0373,-0.0220,0.0115,-0.0182,0.0418,-0.0023,0.3333,0.0000,0.0000,0.0000,4.2088,1.1476,-1.3200,3.3689,-4.9285,-4.0788,-0.1193,-0.0205,-0.0008,-0.1762,-0.0953,-0.0215
1786060594.0547,-3.6248,-3.4480,-1.3139,3.5414,-3.6248,-3.4479,0.0163,-0.1135,-0.0039,-0.1325,0.0164,-0.1135,0.0373,-0.0220,0.0115,-0.0182,0.0418,-0.0023,0.3333,0.0000,0.0000,0.0000,4.2088,1.1476,-1.3200,3.3689,-4.9285,-4.0788,-0.1193,-0.0205,-0.0008,-0.1762,-0.0953,-0.0215
1786060594.1046,-3.6248,-3.4480,-1.3139,3.5414,-3.6248,-3.4479,0.0163,-0.1135,-0.0039,-0.1325,0.0164,-0.1135,0.0373,-0.0220,0.0115,-0.0182,0.0418,-0.0023,0.3333,0.0000,0.0000,0.0000,4.1969,1.1454,-1.3200,3.3509,-4.9383,-4.0810,-0.1177,-0.0213,-0.0003,-0.1814,-0.0993,-0.0204
1786060594.1546,-3.6248,-3.4480,-1.3139,3.5414,-3.6248,-3.4479,0.0163,-0.1135,-0.0039,-0.1325,0.0164,-0.1135,0.0373,-0.0220,0.0115,-0.0182,0.0418,-0.0023,0.3333,0.0000,0.0000,0.0000,4.1969,1.1454,-1.3200,3.3509,-4.9383,-4.0810,-0.1177,-0.0213,-0.0003,-0.1814,-0.0993,-0.0204
1786060594.2047,-3.6248,-3.4480,-1.3139,3.5414,-3.6248,-3.4479,0.0163,-0.1135,-0.0039,-0.1325,0.0164,-0.1135,0.0373,-0.0220,0.0115,-0.0182,0.0418,-0.0023,0.3333,0.0000,0.0000,0.0000,4.1852,1.1437,-1.3201,3.3330,-4.9484,-4.0825,-0.1163,-0.0120,-0.0009,-0.1756,-0.1034,-0.0093
1786060594.2547,-3.6248,-3.4480,-1.3139,3.5414,-3.6248,-3.4479,0.0163,-0.1135,-0.0039,-0.1325,0.0164,-0.1135,0.0373,-0.0220,0.0115,-0.0182,0.0418,-0.0023,0.3333,0.0000,0.0000,0.0000,4.1852,1.1437,-1.3201,3.3330,-4.9484,-4.0825,-0.1163,-0.0120,-0.0009,-0.1756,-0.1034,-0.0093
1786060594.3048,-3.6248,-3.4480,-1.3139,3.5414,-3.6248,-3.4479,0.0163,-0.1135,-0.0039,-0.1325,0.0164,-0.1135,0.0373,-0.0220,0.0115,-0.0182,0.0418,-0.0023,0.3333,0.0000,0.0000,0.0000,4.1738,1.1432,-1.3202,3.3159,-4.9589,-4.0828,-0.1132,-0.0010,-0.0006,-0.1673,-0.1050,0.0013
1786060594.3546,-3.6248,-3.4480,-1.3139,3.5414,-3.6248,-3.4479,0.0163,-0.1135,-0.0039,-0.1325,0.0164,-0.1135,0.0373,-0.0220,0.0115,-0.0182,0.0418,-0.0023,0.3333,0.0000,0.0000,0.0000,4.1738,1.1432,-1.3202,3.3159,-4.9589,-4.0828,-0.1132,-0.0010,-0.0006,-0.1673,-0.1050,0.0013
1786060594.4047,-3.6248,-3.4480,-1.3463,3.4404,-3.6248,-3.4479,0.0163,-0.1135,-0.0843,-0.1914,0.0164,-0.1135,0.0373,-0.0220,0.0095,-0.0188,0.0418,-0.0023,0.3333,0.0000,1.0000,0.0000,4.1627,1.1433,-1.3202,3.2994,-4.9693,-4.0826,-0.1089,0.0011,0.0005,-0.1646,-0.1041,0.0007
1786060594.4546,-3.6248,-3.4480,-1.3463,3.4404,-3.6248,-3.4479,0.0163,-0.1135,-0.0843,-0.1914,0.0164,-0.1135,0.0373,-0.0220,0.0095,-0.0188,0.0418,-0.0023,0.3333,0.0000,1.0000,0.0000,4.1627,1.1433,-1.3202,3.2994,-4.9693,-4.0826,-0.1089,0.0011,0.0005,-0.1646,-0.1041,0.0007
1786060594.5046,-3.6248,-3.4480,-1.3503,3.4327,-3.6248,-3.4479,0.0163,-0.1135,-0.0715,-0.1577,0.0164,-0.1135,0.0373,-0.0220,0.0113,-0.0230,0.0418,-0.0023,0.3333,0.0000,1.0000,0.0000,4.1520,1.1430,-1.3199,3.2832,-4.9797,-4.0831,-0.1046,-0.0064,0.0021,-0.1607,-0.1023,-0.0109
1786060594.5546,-3.6248,-3.4480,-1.3503,3.4327,-3.6248,-3.4479,0.0163,-0.1135,-0.0715,-0.1577,0.0164,-0.1135,0.0373,-0.0220,0.0113,-0.0229,0.0418,-0.0023,0.3333,0.0000,1.0000,0.0000,4.1520,1.1430,-1.3199,3.2832,-4.9797,-4.0831,-0.1046,-0.0064,0.0021,-0.1607,-0.1023,-0.0109
1786060594.6046,-3.6248,-3.4480,-1.3432,3.3983,-3.6248,-3.4479,0.0163,-0.1135,-0.0248,-0.2198,0.0164,-0.1135,0.0373,-0.0220,0.0083,-0.0129,0.0418,-0.0023,0.3333,0.0000,1.0000,0.0000,4.1418,1.1419,-1.3201,3.2669,-4.9898,-4.0848,-0.1012,-0.0139,-0.0038,-0.1658,-0.1016,-0.0219
1786060594.6546,-3.6248,-3.4480,-1.3432,3.3983,-3.6248,-3.4479,0.0163,-0.1135,-0.0248,-0.2198,0.0164,-0.1135,0.0373,-0.0220,0.0084,-0.0131,0.0418,-0.0023,0.3333,0.0000,1.0000,0.0000,4.1418,1.1419,-1.3201,3.2669,-4.9898,-4.0848,-0.1012,-0.0139,-0.0038,-0.1658,-0.1016,-0.0219
1786060594.7046,-3.6248,-3.4480,-1.3384,3.3797,-3.6248,-3.4479,0.0163,-0.1135,-0.0005,-0.2098,0.0164,-0.1135,0.0373,-0.0220,0.0078,-0.0135,0.0418,-0.0023,0.3333,0.0000,1.0000,0.0000,4.1318,1.1406,-1.3204,3.2496,-5.0000,-4.0871,-0.0985,-0.0117,-0.0007,-0.1781,-0.1025,-0.0215
1786060594.7546,-3.6248,-3.4480,-1.3384,3.3797,-3.6248,-3.4479,0.0163,-0.1135,-0.0005,-0.2098,0.0164,-0.1135,0.0373,-0.0220,0.0078,-0.0135,0.0418,-0.0023,0.3333,0.0000,1.0000,0.0000,4.1318,1.1406,-1.3204,3.2496,-5.0000,-4.0871,-0.0985,-0.0117,-0.0007,-0.1781,-0.1025,-0.0215
1786060594.8046,-3.6248,-3.4480,-1.3290,3.3517,-3.6248,-3.4479,0.0163,-0.1135,0.0299,-0.2268,0.0164,-0.1135,0.0373,-0.0220,0.0058,-0.0105,0.0418,-0.0023,0.3333,0.0000,1.0000,0.0000,4.1221,1.1400,-1.3199,3.2313,-5.0104,-4.0887,-0.0955,-0.0011,0.0084,-0.1848,-0.1040,-0.0105
1786060594.8546,-3.6248,-3.4480,-1.3290,3.3517,-3.6248,-3.4479,0.0163,-0.1135,0.0299,-0.2268,0.0164,-0.1135,0.0373,-0.0220,0.0058,-0.0106,0.0418,-0.0023,0.3333,0.0000,1.0000,0.0000,4.1221,1.1400,-1.3199,3.2313,-5.0104,-4.0887,-0.0955,-0.0011,0.0084,-0.1848,-0.1040,-0.0105
1786060594.9046,-3.6248,-3.4480,-1.3231,3.3380,-3.6248,-3.4479,0.0163,-0.1135,0.0392,-0.1999,0.0164,-0.1135,0.0373,-0.0220,0.0061,-0.0133,0.0418,-0.0023,0.3333,0.0000,1.0000,0.0000,4.1127,1.1404,-1.3188,3.2130,-5.0208,-4.0891,-0.0919,0.0076,0.0117,-0.1804,-0.1054,-0.0001
1786060594.9546,-3.6248,-3.4480,-1.3231,3.3380,-3.6248,-3.4479,0.0163,-0.1135,0.0392,-0.1999,0.0164,-0.1135,0.0373,-0.0220,0.0060,-0.0132,0.0418,-0.0023,0.3333,0.0000,1.0000,0.0000,4.1127,1.1404,-1.3188,3.2130,-5.0208,-4.0891,-0.0919,0.0076,0.0117,-0.1804,-0.1054,-0.0001
1786060595.0046,-3.6248,-3.4480,-1.3197,3.3319,-3.6248,-3.4479,0.0163,-0.1135,0.0380,-0.1573,0.0164,-0.1135,0.0373,-0.0220,0.0068,-0.0161,0.0418,-0.0023,0.3333,0.0000,1.0000,0.0000,4.1037,1.1412,-1.3178,3.1953,-5.0315,-4.0890,-0.0887,0.0062,0.0082,-0.1761,-0.1070,-0.0002
1786060595.0546,-3.6248,-3.4480,-1.3197,3.3319,-3.6248,-3.4479,0.0163,-0.1135,0.0380,-0.1573,0.0164,-0.1135,0.0373,-0.0220,0.0068,-0.0161,0.0418,-0.0023,0.3333,0.0000,1.0000,0.0000,4.1037,1.1412,-1.3178,3.1953,-5.0315,-4.0890,-0.0887,0.0062,0.0082,-0.1761,-0.1070,-0.0002
1786060595.1046,-3.6248,-3.4480,-1.3179,3.3307,-3.6248,-3.4479,0.0163,-0.1135,0.0319,-0.1128,0.0164,-0.1135,0.0373,-0.0220,0.0070,-0.0167,0.0418,-0.0023,0.3333,0.0000,1.0000,0.0000,4.0950,1.1413,-1.3173,3.1775,-5.0423,-4.0895,-0.0867,-0.0023,0.0045,-0.1812,-0.1086,-0.0090
1786060595.1546,-3.6248,-3.4480,-1.3179,3.3307,-3.6248,-3.4479,0.0163,-0.1135,0.0319,-0.1128,0.0164,-0.1135,0.0373,-0.0220,0.0070,-0.0167,0.0418,-0.0023,0.3333,0.0000,1.0000,0.0000,4.0950,1.1413,-1.3173,3.1775,-5.0423,-4.0895,-0.0867,-0.0023,0.0045,-0.1812,-0.1086,-0.0090
1786060595.2046,-3.6248,-3.4480,-1.3172,3.3323,-3.6248,-3.4479,0.0163,-0.1135,0.0241,-0.0734,0.0164,-0.1135,0.0373,-0.0220,0.0058,-0.0156,0.0418,-0.0023,0.3333,0.0000,1.0000,0.0000,4.0864,1.1408,-1.3169,3.1589,-5.0532,-4.0909,-0.0857,-0.0074,0.0038,-0.1903,-0.1100,-0.0160
1786060595.2546,-3.6248,-3.4480,-1.3172,3.3323,-3.6248,-3.4479,0.0163,-0.1135,0.0241,-0.0734,0.0164,-0.1135,0.0373,-0.0220,0.0059,-0.0156,0.0418,-0.0023,0.3333,0.0000,1.0000,0.0000,4.0864,1.1408,-1.3169,3.1589,-5.0532,-4.0909,-0.0857,-0.0074,0.0038,-0.1903,-0.1100,-0.0160
1786060595.3046,-3.6248,-3.4480,-1.3168,3.3207,-3.6248,-3.4479,0.0163,-0.1135,0.0181,-0.0869,0.0164,-0.1135,0.0373,-0.0220,0.0101,-0.0154,0.0418,-0.0023,0.3333,0.0000,1.0000,0.0000,4.0779,1.1402,-1.3165,3.1397,-5.0642,-4.0924,-0.0842,-0.0028,0.0041,-0.1908,-0.1101,-0.0138
1786060595.3546,-3.6248,-3.4480,-1.3168,3.3207,-3.6248,-3.4479,0.0163,-0.1135,0.0181,-0.0869,0.0164,-0.1135,0.0373,-0.0220,0.0098,-0.0154,0.0418,-0.0023,0.3333,0.0000,1.0000,0.0000,4.0779,1.1402,-1.3165,3.1397,-5.0642,-4.0924,-0.0842,-0.0028,0.0041,-0.1908,-0.1101,-0.0138
1786060595.4046,-3.6248,-3.4480,-1.3165,3.3074,-3.6248,-3.4479,0.0163,-0.1135,0.0130,-0.0991,0.0164,-0.1135,0.0373,-0.0220,0.0117,-0.0161,0.0418,-0.0023,0.3333,0.0000,1.0000,0.0000,4.0696,1.1404,-1.3161,3.1212,-5.0752,-4.0934,-0.0813,0.0064,0.0024,-0.1789,-0.1088,-0.0061
1786060595.4545,-3.6248,-3.4480,-1.3165,3.3074,-3.6248,-3.4479,0.0163,-0.1135,0.0130,-0.0991,0.0164,-0.1135,0.0373,-0.0220,0.0116,-0.0161,0.0418,-0.0023,0.3333,0.0000,1.0000,0.0000,4.0696,1.1404,-1.3161,3.1212,-5.0752,-4.0934,-0.0813,0.0064,0.0024,-0.1789,-0.1088,-0.0061
1786060595.5046,-3.6248,-3.4480,-1.3122,3.2539,-3.6248,-3.4479,0.0163,-0.1135,0.0225,-0.2358,0.0164,-0.1135,0.0373,-0.0220,0.0060,-0.0094,0.0418,-0.0023,0.3333,0.0000,1.0000,0.0000,4.0617,1.1414,-1.3161,3.1040,-5.0860,-4.0937,-0.0777,0.0098,-0.0012,-0.1662,-0.1076,-0.0026
1786060595.5546,-3.6248,-3.4480,-1.3122,3.2539,-3.6248,-3.4479,0.0163,-0.1135,0.0225,-0.2358,0.0164,-0.1135,0.0373,-0.0220,0.0061,-0.0096,0.0418,-0.0023,0.3333,0.0000,1.0000,0.0000,4.0617,1.1414,-1.3161,3.1040,-5.0860,-4.0937,-0.0777,0.0098,-0.0012,-0.1662,-0.1076,-0.0026
1786060595.6047,-3.6248,-3.4480,-1.3094,3.2185,-3.6248,-3.4479,0.0163,-0.1135,0.0243,-0.2736,0.0164,-0.1135,0.0373,-0.0220,0.0050,-0.0038,0.0418,-0.0023,0.3333,0.0000,1.0000,0.0000,4.0540,1.1420,-1.3164,3.0876,-5.0967,-4.0942,-0.0752,0.0033,-0.0052,-0.1637,-0.1078,-0.0073
1786060595.6546,-3.6248,-3.4480,-1.3094,3.2185,-3.6248,-3.4479,0.0163,-0.1135,0.0243,-0.2736,0.0164,-0.1135,0.0373,-0.0220,0.0050,-0.0039,0.0418,-0.0023,0.3333,0.0000,1.0000,0.0000,4.0540,1.1420,-1.3164,3.0876,-5.0967,-4.0942,-0.0752,0.0033,-0.0052,-0.1637,-0.1078,-0.0073
1786060595.7047,-3.6248,-3.4480,-1.3074,3.1901,-3.6248,-3.4479,0.0163,-0.1135,0.0229,-0.2786,0.0164,-0.1135,0.0373,-0.0220,0.0050,-0.0031,0.0418,-0.0023,0.3333,0.0000,1.0000,0.0000,4.0466,1.1419,-1.3171,3.0710,-5.1076,-4.0953,-0.0745,-0.0057,-0.0086,-0.1692,-0.1103,-0.0139
1786060595.7546,-3.6248,-3.4480,-1.3074,3.1901,-3.6248,-3.4479,0.0163,-0.1135,0.0229,-0.2786,0.0164,-0.1135,0.0373,-0.0220,0.0050,-0.0032,0.0418,-0.0023,0.3333,0.0000,1.0000,0.0000,4.0466,1.1419,-1.3171,3.0710,-5.1076,-4.0953,-0.0745,-0.0057,-0.0086,-0.1692,-0.1103,-0.0139
1786060595.8045,-3.6248,-3.4480,-1.3065,3.1745,-3.6248,-3.4479,0.0163,-0.1135,0.0189,-0.2415,0.0164,-0.1135,0.0373,-0.0220,0.0063,-0.0091,0.0418,-0.0023,0.3333,0.0000,1.0000,0.0000,4.0391,1.1411,-1.3181,3.0539,-5.1188,-4.0968,-0.0753,-0.0073,-0.0111,-0.1717,-0.1135,-0.0136
1786060595.8546,-3.6248,-3.4480,-1.3065,3.1745,-3.6248,-3.4479,0.0163,-0.1135,0.0189,-0.2415,0.0164,-0.1135,0.0373,-0.0220,0.0063,-0.0089,0.0418,-0.0023,0.3333,0.0000,1.0000,0.0000,4.0391,1.1411,-1.3181,3.0539,-5.1188,-4.0968,-0.0753,-0.0073,-0.0111,-0.1717,-0.1135,-0.0136
1786060595.9046,-3.6248,-3.4480,-1.3075,3.1397,-3.6248,-3.4479,0.0163,-0.1135,0.0098,-0.2755,0.0164,-0.1135,0.0373,-0.0220,0.0059,-0.0039,0.0418,-0.0023,0.3333,0.0000,1.0000,0.0000,4.0315,1.1407,-1.3193,3.0370,-5.1303,-4.0977,-0.0757,0.0002,-0.0118,-0.1654,-0.1153,-0.0055
1786060595.9546,-3.6248,-3.4480,-1.3075,3.1397,-3.6248,-3.4479,0.0163,-0.1135,0.0098,-0.2755,0.0164,-0.1135,0.0373,-0.0220,0.0059,-0.0040,0.0418,-0.0023,0.3333,0.0000,1.0000,0.0000,4.0315,1.1407,-1.3193,3.0370,-5.1303,-4.0977,-0.0757,0.0002,-0.0118,-0.1654,-0.1153,-0.0055
1786060596.0046,-3.6248,-3.4480,-1.3086,3.1182,-3.6248,-3.4479,0.0163,-0.1135,0.0031,-0.2497,0.0164,-0.1135,0.0373,-0.0220,0.0070,-0.0083,0.0418,-0.0023,0.3333,0.0000,1.0000,0.0000,4.0240,1.1412,-1.3204,3.0209,-5.1418,-4.0978,-0.0747,0.0080,-0.0102,-0.1566,-0.1144,0.0016
1786060596.0547,-3.6248,-3.4480,-1.3086,3.1182,-3.6248,-3.4479,0.0163,-0.1135,0.0031,-0.2497,0.0164,-0.1135,0.0373,-0.0220,0.0069,-0.0082,0.0418,-0.0023,0.3333,0.0000,1.0000,0.0000,4.0240,1.1412,-1.3204,3.0209,-5.1418,-4.0978,-0.0747,0.0080,-0.0102,-0.1566,-0.1144,0.0016
1786060596.1046,-3.6248,-3.4480,-1.3095,3.1094,-3.6248,-3.4479,0.0163,-0.1135,-0.0007,-0.2006,0.0164,-0.1135,0.0373,-0.0220,0.0088,-0.0145,0.0418,-0.0023,0.3333,0.0000,1.0000,0.0000,4.0166,1.1421,-1.3213,3.0054,-5.1531,-4.0977,-0.0729,0.0064,-0.0074,-0.1562,-0.1123,-0.0009
1786060596.1546,-3.6248,-3.4480,-1.3095,3.1094,-3.6248,-3.4479,0.0163,-0.1135,-0.0007,-0.2006,0.0164,-0.1135,0.0373,-0.0220,0.0088,-0.0144,0.0418,-0.0023,0.3333,0.0000,1.0000,0.0000,4.0166,1.1421,-1.3213,3.0054,-5.1531,-4.0977,-0.0729,0.0064,-0.0074,-0.1562,-0.1123,-0.0009
1786060596.2047,-3.6248,-3.4480,-1.3396,3.1120,-3.6248,-3.4479,0.0163,-0.1135,-0.0944,-0.1290,0.0164,-0.1135,0.0373,-0.0220,0.0114,-0.0293,0.0418,-0.0023,0.3333,0.0000,1.0000,0.0000,4.0094,1.1422,-1.3219,2.9893,-5.1643,-4.0983,-0.0718,-0.0038,-0.0047,-0.1665,-0.1111,-0.0111
1786060596.2546,-3.6248,-3.4480,-1.3396,3.1120,-3.6248,-3.4479,0.0163,-0.1135,-0.0944,-0.1290,0.0164,-0.1135,0.0373,-0.0220,0.0113,-0.0288,0.0418,-0.0023,0.3333,0.0000,1.0000,0.0000,4.0094,1.1422,-1.3219,2.9893,-5.1643,-4.0983,-0.0718,-0.0038,-0.0047,-0.1665,-0.1111,-0.0111
1786060596.3047,-3.6248,-3.4480,-1.3603,3.1172,-3.6248,-3.4479,0.0163,-0.1135,-0.1300,-0.0728,0.0164,-0.1135,0.0373,-0.0220,0.0021,-0.0375,0.0418,-0.0023,0.3333,0.0000,1.0000,0.0000,4.0022,1.1413,-1.3223,2.9720,-5.1754,-4.0999,-0.0720,-0.0124,-0.0037,-0.1776,-0.1119,-0.0186
1786060596.3546,-3.6248,-3.4480,-1.3603,3.1172,-3.6248,-3.4479,0.0163,-0.1135,-0.1300,-0.0728,0.0164,-0.1135,0.0373,-0.0220,0.0020,-0.0371,0.0418,-0.0023,0.3333,0.0000,1.0000,0.0000,4.0022,1.1413,-1.3223,2.9720,-5.1754,-4.0999,-0.0720,-0.0124,-0.0037,-0.1776,-0.1119,-0.0186
1786060596.4047,-3.6248,-3.4480,-1.3539,3.1019,-3.6248,-3.4479,0.0163,-0.1135,-0.0701,-0.0983,0.0164,-0.1135,0.0373,-0.0220,0.0175,-0.0333,0.0418,-0.0023,0.3333,0.0000,1.0000,0.0000,3.9950,1.1400,-1.3226,2.9540,-5.1867,-4.1017,-0.0730,-0.0108,-0.0039,-0.1787,-0.1138,-0.0147
1786060596.4546,-3.6248,-3.4480,-1.3539,3.1019,-3.6248,-3.4479,0.0163,-0.1135,-0.0701,-0.0983,0.0164,-0.1135,0.0373,-0.0220,0.0181,-0.0331,0.0418,-0.0023,0.3333,0.0000,1.0000,0.0000,3.9950,1.1400,-1.3226,2.9540,-5.1867,-4.1017,-0.0730,-0.0108,-0.0039,-0.1787,-0.1138,-0.0147
1786060596.5047,-3.6248,-3.4480,-1.3474,3.0924,-3.6248,-3.4479,0.0163,-0.1135,-0.0282,-0.0979,0.0164,-0.1135,0.0373,-0.0220,0.0224,-0.0236,0.0418,-0.0023,0.3333,0.0000,1.0000,0.0000,3.9877,1.1394,-1.3231,2.9366,-5.1982,-4.1025,-0.0732,-0.0016,-0.0039,-0.1712,-0.1153,-0.0032
1786060596.5546,-3.6248,-3.4480,-1.3474,3.0924,-3.6248,-3.4479,0.0163,-0.1135,-0.0282,-0.0979,0.0164,-0.1135,0.0373,-0.0220,0.0228,-0.0236,0.0418,-0.0023,0.3333,0.0000,1.0000,0.0000,3.9877,1.1394,-1.3231,2.9366,-5.1982,-4.1025,-0.0732,-0.0016,-0.0039,-0.1712,-0.1153,-0.0032
1786060596.6046,-3.6248,-3.4480,-1.3352,3.0576,-3.6248,-3.4479,0.0163,-0.1135,0.0187,-0.1764,0.0164,-0.1135,0.0373,-0.0220,0.0089,-0.0153,0.0418,-0.0023,0.3333,0.0000,1.0000,0.0000,3.9804,1.1397,-1.3234,2.9197,-5.2097,-4.1024,-0.0728,0.0043,-0.0021,-0.1671,-0.1156,0.0043
1786060596.6546,-3.6248,-3.4480,-1.3352,3.0576,-3.6248,-3.4479,0.0163,-0.1135,0.0187,-0.1764,0.0164,-0.1135,0.0373,-0.0220,0.0091,-0.0155,0.0418,-0.0023,0.3333,0.0000,1.0000,0.0000,3.9804,1.1397,-1.3234,2.9197,-5.2097,-4.1024,-0.0728,0.0043,-0.0021,-0.1671,-0.1156,0.0043
1786060596.7046,-3.6248,-3.4480,-1.3262,3.0348,-3.6248,-3.4479,0.0163,-0.1135,0.0411,-0.1933,0.0164,-0.1135,0.0373,-0.0220,0.0071,-0.0135,0.0418,-0.0023,0.3333,0.0000,1.0000,0.0000,3.9731,1.1399,-1.3234,2.9027,-5.2213,-4.1021,-0.0725,-0.0003,0.0011,-0.1746,-0.1151,0.0000
1786060596.7547,-3.6248,-3.4480,-1.3262,3.0348,-3.6248,-3.4479,0.0163,-0.1135,0.0411,-0.1933,0.0164,-0.1135,0.0373,-0.0220,0.0071,-0.0136,0.0418,-0.0023,0.3333,0.0000,1.0000,0.0000,3.9731,1.1399,-1.3234,2.9027,-5.2213,-4.1021,-0.0725,-0.0003,0.0011,-0.1746,-0.1151,0.0000
1786060596.8047,-3.6248,-3.4480,-1.3225,3.0085,-3.6248,-3.4479,0.0163,-0.1135,0.0397,-0.2142,0.0164,-0.1135,0.0373,-0.0220,0.0066,-0.0115,0.0418,-0.0023,0.3333,0.0000,1.0000,0.0000,3.9658,1.1393,-1.3232,2.8846,-5.2328,-4.1027,-0.0732,-0.0110,0.0025,-0.1864,-0.1148,-0.0112
1786060596.8547,-3.6248,-3.4480,-1.3225,3.0085,-3.6248,-3.4479,0.0163,-0.1135,0.0397,-0.2142,0.0164,-0.1135,0.0373,-0.0220,0.0066,-0.0116,0.0418,-0.0023,0.3333,0.0000,1.0000,0.0000,3.9658,1.1393,-1.3232,2.8846,-5.2328,-4.1027,-0.0732,-0.0110,0.0025,-0.1864,-0.1148,-0.0112
1786060596.9047,-3.6248,-3.4480,-1.3206,2.9937,-3.6248,-3.4479,0.0163,-0.1135,0.0332,-0.1947,0.0164,-0.1135,0.0373,-0.0220,0.0077,-0.0137,0.0418,-0.0023,0.3333,0.0000,1.0000,0.0000,3.9584,1.1378,-1.3230,2.8656,-5.2443,-4.1042,-0.0746,-0.0168,0.0005,-0.1898,-0.1150,-0.0174
1786060596.9546,-3.6248,-3.4480,-1.3206,2.9937,-3.6248,-3.4479,0.0163,-0.1135,0.0332,-0.1947,0.0164,-0.1135,0.0373,-0.0220,0.0077,-0.0136,0.0418,-0.0023,0.3333,0.0000,1.0000,0.0000,3.9584,1.1378,-1.3230,2.8656,-5.2443,-4.1042,-0.0746,-0.0168,0.0005,-0.1898,-0.1150,-0.0174
1786060597.0047,-3.6248,-3.4480,-1.3153,2.9604,-3.6248,-3.4479,0.0163,-0.1135,0.0396,-0.2389,0.0164,-0.1135,0.0373,-0.0220,0.0059,-0.0084,0.0418,-0.0023,0.3333,0.0000,1.0000,0.0000,3.9509,1.1363,-1.3232,2.8470,-5.2558,-4.1058,-0.0753,-0.0122,-0.0027,-0.1813,-0.1150,-0.0126
1786060597.0547,-3.6248,-3.4480,-1.3153,2.9604,-3.6248,-3.4479,0.0163,-0.1135,0.0396,-0.2389,0.0164,-0.1135,0.0373,-0.0220,0.0060,-0.0085,0.0418,-0.0023,0.3333,0.0000,1.0000,0.0000,3.9509,1.1363,-1.3232,2.8470,-5.2558,-4.1058,-0.0753,-0.0122,-0.0027,-0.1813,-0.1150,-0.0126
1786060597.1047,-3.6248,-3.4480,-1.3120,2.9391,-3.6248,-3.4479,0.0163,-0.1135,0.0367,-0.2246,0.0164,-0.1135,0.0373,-0.0220,0.0067,-0.0105,0.0418,-0.0023,0.3333,0.0000,1.0000,0.0000,3.9434,1.1356,-1.3235,2.8296,-5.2672,-4.1065,-0.0748,-0.0036,-0.0043,-0.1698,-0.1143,-0.0027
1786060597.1547,-3.6248,-3.4480,-1.3120,2.9391,-3.6248,-3.4479,0.0163,-0.1135,0.0367,-0.2246,0.0164,-0.1135,0.0373,-0.0220,0.0066,-0.0105,0.0418,-0.0023,0.3333,0.0000,1.0000,0.0000,3.9434,1.1356,-1.3235,2.8296,-5.2672,-4.1065,-0.0748,-0.0036,-0.0043,-0.1698,-0.1143,-0.0027
1786060597.2047,-3.6248,-3.4480,-1.3111,2.9114,-3.6248,-3.4479,0.0163,-0.1135,0.0282,-0.2418,0.0164,-0.1135,0.0373,-0.0220,0.0066,-0.0085,0.0418,-0.0023,0.3333,0.0000,1.0000,0.0000,3.9360,1.1354,-1.3240,2.8129,-5.2786,-4.1064,-0.0739,-0.0015,-0.0045,-0.1656,-0.1136,0.0013
1786060597.2546,-3.6248,-3.4480,-1.3111,2.9114,-3.6248,-3.4479,0.0163,-0.1135,0.0282,-0.2418,0.0164,-0.1135,0.0373,-0.0220,0.0066,-0.0085,0.0418,-0.0023,0.3333,0.0000,1.0000,0.0000,3.9360,1.1354,-1.3240,2.8129,-5.2786,-4.1064,-0.0739,-0.0015,-0.0045,-0.1656,-0.1136,0.0013
1786060597.3046,-3.6248,-3.4480,-1.3110,2.8958,-3.6248,-3.4479,0.0163,-0.1135,0.0197,-0.2160,0.0164,-0.1135,0.0373,-0.0220,0.0080,-0.0121,0.0418,-0.0023,0.3333,0.0000,1.0000,0.0000,3.9286,1.1349,-1.3244,2.7961,-5.2900,-4.1066,-0.0738,-0.0090,-0.0046,-0.1704,-0.1138,-0.0045
1786060597.3546,-3.6248,-3.4480,-1.3110,2.8958,-3.6248,-3.4479,0.0163,-0.1135,0.0197,-0.2160,0.0164,-0.1135,0.0373,-0.0220,0.0080,-0.0120,0.0418,-0.0023,0.3333,0.0000,1.0000,0.0000,3.9286,1.1349,-1.3244,2.7961,-5.2900,-4.1066,-0.0738,-0.0090,-0.0046,-0.1704,-0.1138,-0.0045
1786060597.4047,-3.6248,-3.4480,-1.3118,2.8791,-3.6248,-3.4479,0.0163,-0.1135,0.0112,-0.2019,0.0164,-0.1135,0.0373,-0.0220,0.0090,-0.0138,0.0418,-0.0023,0.3333,0.0000,1.0000,0.0000,3.9212,1.1335,-1.3249,2.7787,-5.3014,-4.1075,-0.0754,-0.0182,-0.0059,-0.1759,-0.1152,-0.0128
1786060597.4546,-3.6248,-3.4480,-1.3118,2.8791,-3.6248,-3.4479,0.0163,-0.1135,0.0112,-0.2019,0.0164,-0.1135,0.0373,-0.0220,0.0090,-0.0138,0.0418,-0.0023,0.3333,0.0000,1.0000,0.0000,3.9212,1.1335,-1.3249,2.7787,-5.3014,-4.1075,-0.0754,-0.0182,-0.0059,-0.1759,-0.1152,-0.0128
1786060597.5046,-3.6248,-3.4480,-1.3143,2.8720,-3.6248,-3.4479,0.0163,-0.1135,-0.0001,-0.1618,0.0164,-0.1135,0.0373,-0.0220,0.0118,-0.0172,0.0418,-0.0023,0.3333,0.0000,1.0000,0.0000,3.9135,1.1315,-1.3257,2.7612,-5.3130,-4.1089,-0.0780,-0.0192,-0.0079,-0.1730,-0.1167,-0.0139
1786060597.5547,-3.6248,-3.4480,-1.3143,2.8720,-3.6248,-3.4479,0.0163,-0.1135,-0.0001,-0.1618,0.0164,-0.1135,0.0373,-0.0220,0.0118,-0.0171,0.0418,-0.0023,0.3333,0.0000,1.0000,0.0000,3.9135,1.1315,-1.3257,2.7612,-5.3130,-4.1089,-0.0780,-0.0192,-0.0079,-0.1730,-0.1167,-0.0139
1786060597.6047,-3.6248,-3.4480,-1.3191,2.8644,-3.6248,-3.4479,0.0163,-0.1135,-0.0150,-0.1359,0.0164,-0.1135,0.0373,-0.0220,0.0155,-0.0195,0.0418,-0.0023,0.3333,0.0000,1.0000,0.0000,3.9056,1.1300,-1.3265,2.7444,-5.3247,-4.1100,-0.0797,-0.0113,-0.0092,-0.1625,-0.1166,-0.0067
1786060597.6546,-3.6248,-3.4480,-1.3191,2.8644,-3.6248,-3.4479,0.0163,-0.1135,-0.0150,-0.1359,0.0164,-0.1135,0.0373,-0.0220,0.0154,-0.0194,0.0418,-0.0023,0.3333,0.0000,1.0000,0.0000,3.9056,1.1300,-1.3265,2.7444,-5.3247,-4.1100,-0.0797,-0.0113,-0.0092,-0.1625,-0.1166,-0.0067
1786060597.7047,-3.6248,-3.4480,-1.3251,2.8492,-3.6248,-3.4479,0.0163,-0.1135,-0.0286,-0.1375,0.0164,-0.1135,0.0373,-0.0220,0.0161,-0.0212,0.0418,-0.0023,0.3333,0.0000,1.0000,0.0000,3.8976,1.1293,-1.3274,2.7287,-5.3363,-4.1102,-0.0798,-0.0040,-0.0088,-0.1540,-0.1146,0.0001
1786060597.7546,-3.6248,-3.4480,-1.3251,2.8492,-3.6248,-3.4479,0.0163,-0.1135,-0.0286,-0.1375,0.0164,-0.1135,0.0373,-0.0220,0.0160,-0.0211,0.0418,-0.0023,0.3333,0.0000,1.0000,0.0000,3.8976,1.1293,-1.3274,2.7287,-5.3363,-4.1102,-0.0798,-0.0040,-0.0088,-0.1540,-0.1146,0.0001
1786060597.8046,-3.6248,-3.4480,-1.3286,2.8293,-3.6248,-3.4479,0.0163,-0.1135,-0.0310,-0.1575,0.0164,-0.1135,0.0373,-0.0220,0.0139,-0.0200,0.0418,-0.0023,0.3333,0.0000,1.0000,0.0000,3.8896,1.1289,-1.3282,2.7133,-5.3476,-4.1102,-0.0796,-0.0060,-0.0074,-0.1565,-0.1126,-0.0018
1786060597.8546,-3.6248,-3.4480,-1.3286,2.8293,-3.6248,-3.4479,0.0163,-0.1135,-0.0310,-0.1575,0.0164,-0.1135,0.0373,-0.0220,0.0139,-0.0200,0.0418,-0.0023,0.3333,0.0000,1.0000,0.0000,3.8896,1.1289,-1.3282,2.7133,-5.3476,-4.1102,-0.0796,-0.0060,-0.0074,-0.1565,-0.1126,-0.0018
1786060597.9046,-3.6248,-3.4480,-1.3317,2.7872,-3.6248,-3.4479,0.0163,-0.1135,-0.0311,-0.2403,0.0164,-0.1135,0.0373,-0.0220,0.0095,-0.0103,0.0418,-0.0023,0.3333,0.0000,1.0000,0.0000,3.8816,1.1278,-1.3289,2.6971,-5.3588,-4.1109,-0.0803,-0.0157,-0.0059,-0.1678,-0.1119,-0.0107
1786060597.9546,-3.6248,-3.4480,-1.3317,2.7872,-3.6248,-3.4479,0.0163,-0.1135,-0.0311,-0.2403,0.0164,-0.1135,0.0373,-0.0220,0.0096,-0.0106,0.0418,-0.0023,0.3333,0.0000,1.0000,0.0000,3.8816,1.1278,-1.3289,2.6971,-5.3588,-4.1109,-0.0803,-0.0157,-0.0059,-0.1678,-0.1119,-0.0107
1786060598.0046,-3.6248,-3.4480,-1.3334,2.7605,-3.6248,-3.4479,0.0163,-0.1135,-0.0268,-0.2499,0.0164,-0.1135,0.0373,-0.0220,0.0093,-0.0090,0.0418,-0.0023,0.3333,0.0000,1.0000,0.0000,3.8735,1.1258,-1.3294,2.6797,-5.3701,-4.1123,-0.0826,-0.0226,-0.0050,-0.1773,-0.1131,-0.0165
1786060598.0546,-3.6248,-3.4480,-1.3334,2.7605,-3.6248,-3.4479,0.0163,-0.1135,-0.0268,-0.2499,0.0164,-0.1135,0.0373,-0.0220,0.0093,-0.0090,0.0418,-0.0023,0.3333,0.0000,1.0000,0.0000,3.8735,1.1258,-1.3294,2.6797,-5.3701,-4.1123,-0.0826,-0.0226,-0.0050,-0.1773,-0.1131,-0.0165
1786060598.1046,-3.6248,-3.4480,-1.3307,2.7328,-3.6248,-3.4479,0.0163,-0.1135,-0.0101,-0.2598,0.0164,-0.1135,0.0373,-0.0220,0.0085,-0.0069,0.0418,-0.0023,0.3333,0.0000,1.0000,0.0000,3.8651,1.1237,-1.3299,2.6619,-5.3815,-4.1138,-0.0855,-0.0189,-0.0038,-0.1776,-0.1148,-0.0122
1786060598.1546,-3.6248,-3.4480,-1.3307,2.7328,-3.6248,-3.4479,0.0163,-0.1135,-0.0101,-0.2598,0.0164,-0.1135,0.0373,-0.0220,0.0085,-0.0070,0.0418,-0.0023,0.3333,0.0000,1.0000,0.0000,3.8651,1.1237,-1.3299,2.6619,-5.3815,-4.1138,-0.0855,-0.0189,-0.0038,-0.1776,-0.1148,-0.0122
1786060598.2045,-3.6248,-3.4480,-1.3283,2.7174,-3.6248,-3.4479,0.0163,-0.1135,0.0004,-0.2280,0.0164,-0.1135,0.0373,-0.0220,0.0092,-0.0113,0.0418,-0.0023,0.3333,0.0000,1.0000,0.0000,3.8564,1.1223,-1.3301,2.6444,-5.3930,-4.1145,-0.0875,-0.0087,-0.0016,-0.1721,-0.1152,-0.0020
1786060598.2546,-3.6248,-3.4480,-1.3283,2.7174,-3.6248,-3.4479,0.0163,-0.1135,0.0004,-0.2280,0.0164,-0.1135,0.0373,-0.0220,0.0092,-0.0112,0.0418,-0.0023,0.3333,0.0000,1.0000,0.0000,3.8564,1.1223,-1.3301,2.6444,-5.3930,-4.1145,-0.0875,-0.0087,-0.0016,-0.1721,-0.1152,-0.0020
1786060598.3046,-3.6248,-3.4480,-1.3295,2.7026,-3.6248,-3.4479,0.0163,-0.1135,-0.0033,-0.2037,0.0164,-0.1135,0.0373,-0.0220,0.0105,-0.0143,0.0418,-0.0023,0.3333,0.0000,1.0000,0.0000,3.8476,1.1218,-1.3302,2.6274,-5.4045,-4.1143,-0.0886,-0.0028,0.0004,-0.1694,-0.1140,0.0029
1786060598.3546,-3.6248,-3.4480,-1.3295,2.7026,-3.6248,-3.4479,0.0163,-0.1135,-0.0033,-0.2037,0.0164,-0.1135,0.0373,-0.0220,0.0105,-0.0142,0.0418,-0.0023,0.3333,0.0000,1.0000,0.0000,3.8476,1.1218,-1.3302,2.6274,-5.4045,-4.1143,-0.0886,-0.0028,0.0004,-0.1694,-0.1140,0.0029
1786060598.4047,-3.6248,-3.4480,-1.3303,2.6953,-3.6248,-3.4479,0.0163,-0.1135,-0.0047,-0.1570,0.0164,-0.1135,0.0373,-0.0220,0.0136,-0.0177,0.0418,-0.0023,0.3333,0.0000,1.0000,0.0000,3.8387,1.1214,-1.3301,2.6102,-5.4158,-4.1143,-0.0899,-0.0076,0.0010,-0.1750,-0.1125,-0.0032
1786060598.4546,-3.6248,-3.4480,-1.3303,2.6953,-3.6248,-3.4479,0.0163,-0.1135,-0.0047,-0.1570,0.0164,-0.1135,0.0373,-0.0220,0.0136,-0.0177,0.0418,-0.0023,0.3333,0.0000,1.0000,0.0000,3.8387,1.1214,-1.3301,2.6102,-5.4158,-4.1143,-0.0899,-0.0076,0.0010,-0.1750,-0.1125,-0.0032
1786060598.5047,-3.6248,-3.4480,-1.3282,2.6817,-3.6248,-3.4479,0.0163,-0.1135,0.0034,-0.1512,0.0164,-0.1135,0.0373,-0.0220,0.0135,-0.0172,0.0418,-0.0023,0.3333,0.0000,1.0000,0.0000,3.8296,1.1201,-1.3300,2.5922,-5.4270,-4.1152,-0.0922,-0.0172,0.0003,-0.1842,-0.1117,-0.0140
1786060598.5547,-3.6248,-3.4480,-1.3282,2.6817,-3.6248,-3.4479,0.0163,-0.1135,0.0034,-0.1512,0.0164,-0.1135,0.0373,-0.0220,0.0135,-0.0172,0.0418,-0.0023,0.3333,0.0000,1.0000,0.0000,3.8296,1.1201,-1.3300,2.5922,-5.4270,-4.1152,-0.0922,-0.0172,0.0003,-0.1842,-0.1117,-0.0140
1786060598.6046,-3.6248,-3.4480,-1.3264,2.6731,-3.6248,-3.4479,0.0163,-0.1135,0.0079,-0.1319,0.0164,-0.1135,0.0373,-0.0220,0.0146,-0.0170,0.0418,-0.0023,0.3333,0.0000,1.0000,0.0000,3.8202,1.1181,-1.3301,2.5735,-5.4381,-4.1169,-0.0953,-0.0206,-0.0009,-0.1871,-0.1120,-0.0179
1786060598.6547,-3.6248,-3.4480,-1.3264,2.6731,-3.6248,-3.4479,0.0163,-0.1135,0.0079,-0.1319,0.0164,-0.1135,0.0373,-0.0220,0.0146,-0.0169,0.0418,-0.0023,0.3333,0.0000,1.0000,0.0000,3.8202,1.1181,-1.3301,2.5735,-5.4381,-4.1169,-0.0953,-0.0206,-0.0009,-0.1871,-0.1120,-0.0179
1786060598.7046,-3.6248,-3.4480,-1.3225,2.6455,-3.6248,-3.4479,0.0163,-0.1135,0.0175,-0.1773,0.0164,-0.1135,0.0373,-0.0220,0.0109,-0.0152,0.0418,-0.0023,0.3333,0.0000,1.0000,0.0000,3.8105,1.1164,-1.3302,2.5552,-5.4494,-4.1184,-0.0981,-0.0134,-0.0017,-0.1790,-0.1122,-0.0109
1786060598.7546,-3.6248,-3.4480,-1.3225,2.6455,-3.6248,-3.4479,0.0163,-0.1135,0.0175,-0.1773,0.0164,-0.1135,0.0373,-0.0220,0.0109,-0.0152,0.0418,-0.0023,0.3333,0.0000,1.0000,0.0000,3.8105,1.1164,-1.3302,2.5552,-5.4494,-4.1184,-0.0981,-0.0134,-0.0017,-0.1790,-0.1122,-0.0109
1786060598.8047,-3.6248,-3.4480,-1.3200,2.6284,-3.6248,-3.4479,0.0163,-0.1135,0.0201,-0.1762,0.0164,-0.1135,0.0373,-0.0220,0.0109,-0.0152,0.0418,-0.0023,0.3333,0.0000,1.0000,0.0000,3.8006,1.1156,-1.3304,2.5379,-5.4606,-4.1189,-0.0998,-0.0031,-0.0019,-0.1668,-0.1117,-0.0006
1786060598.8547,-3.6248,-3.4480,-1.3200,2.6284,-3.6248,-3.4479,0.0163,-0.1135,0.0201,-0.1762,0.0164,-0.1135,0.0373,-0.0220,0.0109,-0.0152,0.0418,-0.0023,0.3333,0.0000,1.0000,0.0000,3.8006,1.1156,-1.3304,2.5379,-5.4606,-4.1189,-0.0998,-0.0031,-0.0019,-0.1668,-0.1117,-0.0006
1786060598.9046,-3.6248,-3.4480,-1.3187,2.6094,-3.6248,-3.4479,0.0163,-0.1135,0.0179,-0.1810,0.0164,-0.1135,0.0373,-0.0220,0.0109,-0.0150,0.0418,-0.0023,0.3333,0.0000,1.0000,0.0000,3.7905,1.1155,-1.3306,2.5216,-5.4717,-4.1187,-0.1010,-0.0003,-0.0021,-0.1614,-0.1109,0.0019
1786060598.9547,-3.6248,-3.4480,-1.3187,2.6094,-3.6248,-3.4479,0.0163,-0.1135,0.0179,-0.1810,0.0164,-0.1135,0.0373,-0.0220,0.0109,-0.0150,0.0418,-0.0023,0.3333,0.0000,1.0000,0.0000,3.7905,1.1155,-1.3306,2.5216,-5.4717,-4.1187,-0.1010,-0.0003,-0.0021,-0.1614,-0.1109,0.0019
1786060599.0047,-3.6248,-3.4480,-1.3181,2.5990,-3.6248,-3.4479,0.0163,-0.1135,0.0142,-0.1579,0.0164,-0.1135,0.0373,-0.0220,0.0125,-0.0162,0.0418,-0.0023,0.3333,0.0000,1.0000,0.0000,3.7803,1.1152,-1.3309,2.5053,-5.4828,-4.1189,-0.1031,-0.0071,-0.0030,-0.1661,-0.1107,-0.0058
1786060599.0547,-3.6248,-3.4480,-1.3181,2.5990,-3.6248,-3.4479,0.0163,-0.1135,0.0142,-0.1579,0.0164,-0.1135,0.0373,-0.0220,0.0124,-0.0162,0.0418,-0.0023,0.3333,0.0000,1.0000,0.0000,3.7803,1.1152,-1.3309,2.5053,-5.4828,-4.1189,-0.1031,-0.0071,-0.0030,-0.1661,-0.1107,-0.0058
1786060599.1046,-3.6248,-3.4480,-1.3178,2.5883,-3.6248,-3.4479,0.0163,-0.1135,0.0105,-0.1376,0.0164,-0.1135,0.0373,-0.0220,0.0143,-0.0167,0.0418,-0.0023,0.3333,0.0000,1.0000,0.0000,3.7698,1.1140,-1.3312,2.4883,-5.4939,-4.1200,-0.1064,-0.0148,-0.0045,-0.1732,-0.1113,-0.0149
1786060599.1546,-3.6248,-3.4480,-1.3178,2.5883,-3.6248,-3.4479,0.0163,-0.1135,0.0105,-0.1376,0.0164,-0.1135,0.0373,-0.0220,0.0143,-0.0167,0.0418,-0.0023,0.3333,0.0000,1.0000,0.0000,3.7698,1.1140,-1.3312,2.4883,-5.4939,-4.1200,-0.1064,-0.0148,-0.0045,-0.1732,-0.1113,-0.0149
1786060599.2046,-3.6248,-3.4480,-1.3151,2.5466,-3.6248,-3.4479,0.0163,-0.1135,0.0154,-0.2253,0.0164,-0.1135,0.0373,-0.0220,0.0092,-0.0108,0.0418,-0.0023,0.3333,0.0000,1.0000,0.0000,3.7590,1.1125,-1.3318,2.4709,-5.5050,-4.1216,-0.1100,-0.0137,-0.0057,-0.1729,-0.1118,-0.0154
1786060599.2546,-3.6248,-3.4480,-1.3151,2.5466,-3.6248,-3.4479,0.0163,-0.1135,0.0154,-0.2253,0.0164,-0.1135,0.0373,-0.0220,0.0093,-0.0109,0.0418,-0.0023,0.3333,0.0000,1.0000,0.0000,3.7590,1.1125,-1.3318,2.4709,-5.5050,-4.1216,-0.1100,-0.0137,-0.0057,-0.1729,-0.1118,-0.0154
1786060599.3046,-3.6248,-3.4480,-1.3135,2.5202,-3.6248,-3.4479,0.0163,-0.1135,0.0158,-0.2388,0.0164,-0.1135,0.0373,-0.0220,0.0088,-0.0091,0.0418,-0.0023,0.3333,0.0000,1.0000,0.0000,3.7478,1.1116,-1.3323,2.4540,-5.5162,-4.1228,-0.1124,-0.0042,-0.0054,-0.1645,-0.1111,-0.0072
1786060599.3546,-3.6248,-3.4480,-1.3135,2.5202,-3.6248,-3.4479,0.0163,-0.1135,0.0158,-0.2388,0.0164,-0.1135,0.0373,-0.0220,0.0088,-0.0092,0.0418,-0.0023,0.3333,0.0000,1.0000,0.0000,3.7478,1.1116,-1.3323,2.4540,-5.5162,-4.1228,-0.1124,-0.0042,-0.0054,-0.1645,-0.1111,-0.0072
1786060599.4046,-3.6248,-3.4480,-1.3146,2.4953,-3.6248,-3.4479,0.0163,-0.1135,0.0076,-0.2431,0.0164,-0.1135,0.0373,-0.0220,0.0092,-0.0089,0.0418,-0.0023,0.3333,0.0000,1.0000,0.0000,3.7365,1.1117,-1.3328,2.4380,-5.5272,-4.1230,-0.1135,0.0039,-0.0036,-0.1576,-0.1093,0.0002
1786060599.4547,-3.6248,-3.4480,-1.3146,2.4953,-3.6248,-3.4479,0.0163,-0.1135,0.0076,-0.2431,0.0164,-0.1135,0.0373,-0.0220,0.0092,-0.0089,0.0418,-0.0023,0.3333,0.0000,1.0000,0.0000,3.7365,1.1117,-1.3328,2.4380,-5.5272,-4.1230,-0.1135,0.0039,-0.0036,-0.1576,-0.1093,0.0002
1786060599.5047,-3.6248,-3.4480,-1.3128,2.4481,-3.6248,-3.4479,0.0163,-0.1135,0.0107,-0.3156,0.0164,-0.1135,0.0373,-0.0220,0.0069,0.0031,0.0418,-0.0023,0.3333,0.0000,1.0000,0.0000,3.7251,1.1121,-1.3330,2.4221,-5.5380,-4.1230,-0.1145,0.0023,-0.0012,-0.1614,-0.1078,-0.0018
1786060599.5546,-3.6248,-3.4480,-1.3128,2.4481,-3.6248,-3.4479,0.0163,-0.1135,0.0107,-0.3156,0.0164,-0.1135,0.0373,-0.0220,0.0070,0.0028,0.0418,-0.0023,0.3333,0.0000,1.0000,0.0000,3.7251,1.1121,-1.3330,2.4221,-5.5380,-4.1230,-0.1145,0.0023,-0.0012,-0.1614,-0.1078,-0.0018
1786060599.6047,-3.6248,-3.4480,-1.3167,2.4223,-3.6248,-3.4479,0.0163,-0.1135,-0.0047,-0.2985,0.0164,-0.1135,0.0373,-0.0220,0.0084,-0.0005,0.0418,-0.0023,0.3333,0.0000,1.0000,0.0000,3.7136,1.1119,-1.3330,2.4054,-5.5488,-4.1237,-0.1164,-0.0065,0.0004,-0.1735,-0.1077,-0.0106
1786060599.6547,-3.6248,-3.4480,-1.3167,2.4223,-3.6248,-3.4479,0.0163,-0.1135,-0.0047,-0.2985,0.0164,-0.1135,0.0373,-0.0220,0.0083,-0.0004,0.0418,-0.0023,0.3333,0.0000,1.0000,0.0000,3.7136,1.1119,-1.3330,2.4054,-5.5488,-4.1237,-0.1164,-0.0065,0.0004,-0.1735,-0.1077,-0.0106
1786060599.7047,-3.6248,-3.4480,-1.3196,2.4095,-3.6248,-3.4479,0.0163,-0.1135,-0.0123,-0.2470,0.0164,-0.1135,0.0373,-0.0220,0.0103,-0.0093,0.0418,-0.0023,0.3333,0.0000,1.0000,0.0000,3.7018,1.1109,-1.3330,2.3875,-5.5596,-4.1251,-0.1195,-0.0118,0.0006,-0.1817,-0.1090,-0.0161
1786060599.7546,-3.6248,-3.4480,-1.3196,2.4095,-3.6248,-3.4479,0.0163,-0.1135,-0.0123,-0.2470,0.0164,-0.1135,0.0373,-0.0220,0.0102,-0.0091,0.0418,-0.0023,0.3333,0.0000,1.0000,0.0000,3.7018,1.1109,-1.3330,2.3875,-5.5596,-4.1251,-0.1195,-0.0118,0.0006,-0.1817,-0.1090,-0.0161
1786060599.8046,-3.6248,-3.4480,-1.3226,2.4045,-3.6248,-3.4479,0.0163,-0.1135,-0.0176,-0.1795,0.0164,-0.1135,0.0373,-0.0220,0.0140,-0.0175,0.0418,-0.0023,0.3333,0.0000,1.0000,0.0000,3.6897,1.1099,-1.3329,2.3694,-5.5706,-4.1266,-0.1224,-0.0069,0.0004,-0.1786,-0.1103,-0.0118
1786060599.8546,-3.6248,-3.4480,-1.3226,2.4045,-3.6248,-3.4479,0.0163,-0.1135,-0.0176,-0.1795,0.0164,-0.1135,0.0373,-0.0220,0.0139,-0.0174,0.0418,-0.0023,0.3333,0.0000,1.0000,0.0000,3.6897,1.1099,-1.3329,2.3694,-5.5706,-4.1266,-0.1224,-0.0069,0.0004,-0.1786,-0.1103,-0.0118
1786060599.9046,-3.6248,-3.4480,-1.3244,2.4063,-3.6248,-3.4479,0.0163,-0.1135,-0.0177,-0.1186,0.0164,-0.1135,0.0373,-0.0220,0.0217,-0.0209,0.0418,-0.0023,0.3333,0.0000,1.0000,0.0000,3.6773,1.1097,-1.3328,2.3520,-5.5816,-4.1272,-0.1239,0.0033,0.0014,-0.1695,-0.1099,-0.0024
1786060599.9546,-3.6248,-3.4480,-1.3244,2.4063,-3.6248,-3.4479,0.0163,-0.1135,-0.0177,-0.1186,0.0164,-0.1135,0.0373,-0.0220,0.0215,-0.0206,0.0418,-0.0023,0.3333,0.0000,1.0000,0.0000,3.6773,1.1097,-1.3328,2.3520,-5.5816,-4.1272,-0.1239,0.0033,0.0014,-0.1695,-0.1099,-0.0024
1786060600.0046,-3.6248,-3.4480,-1.3372,2.4292,-3.6248,-3.4479,0.0163,-0.1135,-0.0522,-0.0105,0.0164,-0.1135,0.0373,-0.0220,0.0121,-0.0968,0.0418,-0.0023,0.3333,0.0000,1.0000,0.0000,3.6649,1.1104,-1.3326,2.3353,-5.5925,-4.1272,-0.1243,0.0080,0.0033,-0.1657,-0.1081,0.0014
1786060600.0546,-3.6248,-3.4480,-1.3372,2.4292,-3.6248,-3.4479,0.0163,-0.1135,-0.0522,-0.0105,0.0164,-0.1135,0.0373,-0.0220,0.0273,-0.0856,0.0418,-0.0023,0.3333,0.0000,1.0000,0.0000,3.6649,1.1104,-1.3326,2.3353,-5.5925,-4.1272,-0.1243,0.0080,0.0033,-0.1657,-0.1081,0.0014
1786060600.1047,-3.6248,-3.4480,-1.3457,2.4470,-3.6248,-3.4479,0.0163,-0.1135,-0.0629,0.0483,0.0164,-0.1135,0.0373,-0.0220,-0.0327,-0.0245,0.0418,-0.0023,0.3333,0.0000,1.0000,0.0000,3.6525,1.1110,-1.3322,2.3185,-5.6032,-4.1273,-0.1248,0.0020,0.0049,-0.1721,-0.1065,-0.0051
1786060600.1547,-3.6248,-3.4480,-1.3457,2.4470,-3.6248,-3.4479,0.0163,-0.1135,-0.0629,0.0483,0.0164,-0.1135,0.0373,-0.0220,-0.0297,-0.0156,0.0418,-0.0023,0.3333,0.0000,1.0000,0.0000,3.6525,1.1110,-1.3322,2.3185,-5.6032,-4.1273,-0.1248,0.0020,0.0049,-0.1721,-0.1065,-0.0051
1786060600.2045,-3.6248,-3.4480,-1.3513,2.4468,-3.6248,-3.4479,0.0163,-0.1135,-0.0608,0.0329,0.0164,-0.1135,0.0373,-0.0220,-0.0318,-0.0307,0.0418,-0.0023,0.3333,0.0000,1.0000,0.0000,3.6399,1.1106,-1.3316,2.3007,-5.6139,-4.1284,-0.1263,-0.0077,0.0056,-0.1831,-0.1061,-0.0148
1786060600.2546,-3.6248,-3.4480,-1.3513,2.4468,-3.6248,-3.4479,0.0163,-0.1135,-0.0608,0.0329,0.0164,-0.1135,0.0373,-0.0220,-0.0316,-0.0337,0.0418,-0.0023,0.3333,0.0000,1.0000,0.0000,3.6399,1.1106,-1.3316,2.3007,-5.6139,-4.1284,-0.1263,-0.0077,0.0056,-0.1831,-0.1061,-0.0148
1786060600.3047,-3.6248,-3.4480,-1.3537,2.4445,-3.6248,-3.4479,0.0163,-0.1135,-0.0495,0.0155,0.0164,-0.1135,0.0373,-0.0220,-0.0274,-0.0659,0.0418,-0.0023,0.3333,0.0000,1.0000,0.0000,3.6272,1.1096,-1.3311,2.2820,-5.6245,-4.1301,-0.1284,-0.0104,0.0056,-0.1882,-0.1070,-0.0171
1786060600.3546,-3.6248,-3.4480,-1.3537,2.4445,-3.6248,-3.4479,0.0163,-0.1135,-0.0495,0.0155,0.0164,-0.1135,0.0373,-0.0220,-0.0218,-0.0750,0.0418,-0.0023,0.3333,0.0000,1.0000,0.0000,3.6272,1.1096,-1.3311,2.2820,-5.6245,-4.1301,-0.1284,-0.0104,0.0056,-0.1882,-0.1070,-0.0171
1786060600.4046,-3.6248,-3.4480,-1.3449,2.4120,-3.6248,-3.4479,0.0163,-0.1135,-0.0067,-0.0907,0.0164,-0.1135,0.0373,-0.0220,0.0259,-0.0202,0.0418,-0.0023,0.3333,0.0000,1.0000,0.0000,3.6142,1.1089,-1.3305,2.2634,-5.6352,-4.1314,-0.1299,-0.0030,0.0053,-0.1827,-0.1076,-0.0091
1786060600.4546,-3.6248,-3.4480,-1.3449,2.4120,-3.6248,-3.4479,0.0163,-0.1135,-0.0067,-0.0907,0.0164,-0.1135,0.0373,-0.0220,0.0267,-0.0180,0.0418,-0.0023,0.3333,0.0000,1.0000,0.0000,3.6142,1.1089,-1.3305,2.2634,-5.6352,-4.1314,-0.1299,-0.0030,0.0053,-0.1827,-0.1076,-0.0091
1786060600.5046,-3.6248,-3.4480,-1.3376,2.3881,-3.6248,-3.4479,0.0163,-0.1135,0.0181,-0.1348,0.0164,-0.1135,0.0373,-0.0220,0.0151,-0.0157,0.0418,-0.0023,0.3333,0.0000,1.0000,0.0000,3.6012,1.1091,-1.3301,2.2457,-5.6460,-4.1318,-0.1299,0.0061,0.0045,-0.1733,-0.1070,0.0004
1786060600.5546,-3.6248,-3.4480,-1.3376,2.3881,-3.6248,-3.4479,0.0163,-0.1135,0.0181,-0.1348,0.0164,-0.1135,0.0373,-0.0220,0.0153,-0.0159,0.0418,-0.0023,0.3333,0.0000,1.0000,0.0000,3.6012,1.1091,-1.3301,2.2457,-5.6460,-4.1318,-0.1299,0.0061,0.0045,-0.1733,-0.1070,0.0004
1786060600.6047,-3.6248,-3.4480,-1.3330,2.3518,-3.6248,-3.4479,0.0163,-0.1135,0.0269,-0.2065,0.0164,-0.1135,0.0373,-0.0220,0.0107,-0.0122,0.0418,-0.0023,0.3333,0.0000,1.0000,0.0000,3.5883,1.1099,-1.3297,2.2286,-5.6566,-4.1316,-0.1293,0.0066,0.0034,-0.1706,-0.1061,0.0012
1786060600.6546,-3.6248,-3.4480,-1.3330,2.3518,-3.6248,-3.4479,0.0163,-0.1135,0.0269,-0.2065,0.0164,-0.1135,0.0373,-0.0220,0.0108,-0.0123,0.0418,-0.0023,0.3333,0.0000,1.0000,0.0000,3.5883,1.1099,-1.3297,2.2286,-5.6566,-4.1316,-0.1293,0.0066,0.0034,-0.1706,-0.1061,0.0012
1786060600.7046,-3.6248,-3.4480,-1.3301,2.3289,-3.6248,-3.4479,0.0163,-0.1135,0.0277,-0.2144,0.0164,-0.1135,0.0373,-0.0220,0.0105,-0.0115,0.0418,-0.0023,0.3333,0.0000,1.0000,0.0000,3.5753,1.1101,-1.3294,2.2112,-5.6672,-4.1319,-0.1293,-0.0022,0.0025,-0.1773,-0.1056,-0.0077
1786060600.7546,-3.6248,-3.4480,-1.3301,2.3289,-3.6248,-3.4479,0.0163,-0.1135,0.0277,-0.2144,0.0164,-0.1135,0.0373,-0.0220,0.0105,-0.0115,0.0418,-0.0023,0.3333,0.0000,1.0000,0.0000,3.5753,1.1101,-1.3294,2.2112,-5.6672,-4.1319,-0.1293,-0.0022,0.0025,-0.1773,-0.1056,-0.0077
1786060600.8047,-3.6248,-3.4480,-1.3322,2.3155,-3.6248,-3.4479,0.0163,-0.1135,0.0126,-0.1899,0.0164,-0.1135,0.0373,-0.0220,0.0127,-0.0145,0.0418,-0.0023,0.3333,0.0000,1.0000,0.0000,3.5624,1.1094,-1.3292,2.1930,-5.6778,-4.1332,-0.1304,-0.0108,0.0011,-0.1842,-0.1059,-0.0164
1786060600.8547,-3.6248,-3.4480,-1.3322,2.3155,-3.6248,-3.4479,0.0163,-0.1135,0.0126,-0.1899,0.0164,-0.1135,0.0373,-0.0220,0.0126,-0.0145,0.0418,-0.0023,0.3333,0.0000,1.0000,0.0000,3.5624,1.1094,-1.3292,2.1930,-5.6778,-4.1332,-0.1304,-0.0108,0.0011,-0.1842,-0.1059,-0.0164
1786060600.9048,-3.6248,-3.4480,-1.3341,2.3096,-3.6248,-3.4479,0.0163,-0.1135,0.0027,-0.1498,0.0164,-0.1135,0.0373,-0.0220,0.0164,-0.0172,0.0418,-0.0023,0.3333,0.0000,1.0000,0.0000,3.5492,1.1083,-1.3292,2.1746,-5.6884,-4.1349,-0.1316,-0.0099,-0.0013,-0.1813,-0.1063,-0.0155
1786060600.9547,-3.6248,-3.4480,-1.3341,2.3096,-3.6248,-3.4479,0.0163,-0.1135,0.0027,-0.1498,0.0164,-0.1135,0.0373,-0.0220,0.0163,-0.0171,0.0418,-0.0023,0.3333,0.0000,1.0000,0.0000,3.5492,1.1083,-1.3292,2.1746,-5.6884,-4.1349,-0.1316,-0.0099,-0.0013,-0.1813,-0.1063,-0.0155
1786060601.0047,-3.6248,-3.4480,-1.3331,2.2919,-3.6248,-3.4479,0.0163,-0.1135,0.0053,-0.1592,0.0164,-0.1135,0.0373,-0.0220,0.0154,-0.0166,0.0418,-0.0023,0.3333,0.0000,1.0000,0.0000,3.5361,1.1077,-1.3295,2.1571,-5.6990,-4.1360,-0.1315,-0.0011,-0.0040,-0.1697,-0.1057,-0.0062
1786060601.0547,-3.6248,-3.4480,-1.3331,2.2919,-3.6248,-3.4479,0.0163,-0.1135,0.0053,-0.1592,0.0164,-0.1135,0.0373,-0.0220,0.0154,-0.0166,0.0418,-0.0023,0.3333,0.0000,1.0000,0.0000,3.5361,1.1077,-1.3295,2.1571,-5.6990,-4.1360,-0.1315,-0.0011,-0.0040,-0.1697,-0.1057,-0.0062
1786060601.1047,-3.6248,-3.4480,-1.3234,2.2566,-3.6248,-3.4479,0.0163,-0.1135,0.0339,-0.2202,0.0164,-0.1135,0.0373,-0.0220,0.0101,-0.0103,0.0418,-0.0023,0.3333,0.0000,1.0000,0.0000,3.5230,1.1080,-1.3300,2.1407,-5.7095,-4.1361,-0.1302,0.0055,-0.0061,-0.1604,-0.1044,0.0010
1786060601.1547,-3.6248,-3.4480,-1.3234,2.2566,-3.6248,-3.4479,0.0163,-0.1135,0.0339,-0.2202,0.0164,-0.1135,0.0373,-0.0220,0.0102,-0.0105,0.0418,-0.0023,0.3333,0.0000,1.0000,0.0000,3.5230,1.1080,-1.3300,2.1407,-5.7095,-4.1361,-0.1302,0.0055,-0.0061,-0.1604,-0.1044,0.0010
1786060601.2047,-3.6248,-3.4480,-1.3299,2.2428,-3.6248,-3.4479,0.0163,-0.1135,0.0030,-0.1948,0.0164,-0.1135,0.0373,-0.0220,0.0133,-0.0147,0.0418,-0.0023,0.3333,0.0000,1.0000,0.0000,3.5100,1.1085,-1.3307,2.1246,-5.7199,-4.1361,-0.1290,0.0018,-0.0070,-0.1635,-0.1034,-0.0018
1786060601.2546,-3.6248,-3.4480,-1.3299,2.2428,-3.6248,-3.4479,0.0163,-0.1135,0.0030,-0.1948,0.0164,-0.1135,0.0373,-0.0220,0.0132,-0.0146,0.0418,-0.0023,0.3333,0.0000,1.0000,0.0000,3.5100,1.1085,-1.3307,2.1246,-5.7199,-4.1361,-0.1290,0.0018,-0.0070,-0.1635,-0.1034,-0.0018
1786060601.3047,-3.6248,-3.4480,-1.3352,2.2363,-3.6248,-3.4479,0.0163,-0.1135,-0.0145,-0.1492,0.0164,-0.1135,0.0373,-0.0220,0.0182,-0.0192,0.0418,-0.0023,0.3333,0.0000,1.0000,0.0000,3.4972,1.1081,-1.3314,2.1077,-5.7302,-4.1368,-0.1288,-0.0082,-0.0068,-0.1752,-0.1037,-0.0112
1786060601.3547,-3.6248,-3.4480,-1.3352,2.2363,-3.6248,-3.4479,0.0163,-0.1135,-0.0145,-0.1492,0.0164,-0.1135,0.0373,-0.0220,0.0181,-0.0191,0.0418,-0.0023,0.3333,0.0000,1.0000,0.0000,3.4972,1.1081,-1.3314,2.1077,-5.7302,-4.1368,-0.1288,-0.0082,-0.0068,-0.1752,-0.1037,-0.0112
1786060601.4047,-3.6248,-3.4480,-1.3438,2.2357,-3.6248,-3.4479,0.0163,-0.1135,-0.0370,-0.1050,0.0164,-0.1135,0.0373,-0.0220,0.0269,-0.0271,0.0418,-0.0023,0.3333,0.0000,1.0000,0.0000,3.4842,1.1069,-1.3320,2.0896,-5.7407,-4.1383,-0.1296,-0.0138,-0.0057,-0.1838,-0.1051,-0.0165
1786060601.4547,-3.6248,-3.4480,-1.3438,2.2357,-3.6248,-3.4479,0.0163,-0.1135,-0.0370,-0.1050,0.0164,-0.1135,0.0373,-0.0220,0.0266,-0.0265,0.0418,-0.0023,0.3333,0.0000,1.0000,0.0000,3.4842,1.1069,-1.3320,2.0896,-5.7407,-4.1383,-0.1296,-0.0138,-0.0057,-0.1838,-0.1051,-0.0165
1786060601.5047,-3.6248,-3.4480,-1.3450,2.2163,-3.6248,-3.4479,0.0163,-0.1135,-0.0294,-0.1333,0.0164,-0.1135,0.0373,-0.0220,0.0209,-0.0220,0.0418,-0.0023,0.3333,0.0000,1.0000,0.0000,3.4713,1.1057,-1.3324,2.0712,-5.7512,-4.1397,-0.1300,-0.0091,-0.0032,-0.1821,-0.1058,-0.0117
1786060601.5547,-3.6248,-3.4480,-1.3450,2.2163,-3.6248,-3.4479,0.0163,-0.1135,-0.0294,-0.1333,0.0164,-0.1135,0.0373,-0.0220,0.0210,-0.0222,0.0418,-0.0023,0.3333,0.0000,1.0000,0.0000,3.4713,1.1057,-1.3324,2.0712,-5.7512,-4.1397,-0.1300,-0.0091,-0.0032,-0.1821,-0.1058,-0.0117
1786060601.6047,-3.6248,-3.4480,-1.3518,2.2047,-3.6248,-3.4479,0.0163,-0.1135,-0.0414,-0.1282,0.0164,-0.1135,0.0373,-0.0220,0.0217,-0.0249,0.0418,-0.0023,0.3333,0.0000,1.0000,0.0000,3.4583,1.1053,-1.3326,2.0534,-5.7618,-4.1404,-0.1290,0.0003,0.0006,-0.1755,-0.1049,-0.0024
1786060601.6546,-3.6248,-3.4480,-1.3518,2.2047,-3.6248,-3.4479,0.0163,-0.1135,-0.0414,-0.1282,0.0164,-0.1135,0.0373,-0.0220,0.0216,-0.0248,0.0418,-0.0023,0.3333,0.0000,1.0000,0.0000,3.4583,1.1053,-1.3326,2.0534,-5.7618,-4.1404,-0.1290,0.0003,0.0006,-0.1755,-0.1049,-0.0024
1786060601.7047,-3.6248,-3.4480,-1.3560,2.1988,-3.6248,-3.4479,0.0163,-0.1135,-0.0418,-0.1071,0.0164,-0.1135,0.0373,-0.0220,0.0261,-0.0279,0.0418,-0.0023,0.3333,0.0000,1.0000,0.0000,3.4455,1.1056,-1.3323,2.0359,-5.7722,-4.1403,-0.1272,0.0034,0.0046,-0.1751,-0.1031,0.0008
1786060601.7546,-3.6248,-3.4480,-1.3560,2.1988,-3.6248,-3.4479,0.0163,-0.1135,-0.0418,-0.1071,0.0164,-0.1135,0.0373,-0.0220,0.0261,-0.0276,0.0418,-0.0023,0.3333,0.0000,1.0000,0.0000,3.4455,1.1056,-1.3323,2.0359,-5.7722,-4.1403,-0.1272,0.0034,0.0046,-0.1751,-0.1031,0.0008
1786060601.8046,-3.6248,-3.4480,-1.3631,2.1917,-3.6248,-3.4479,0.0163,-0.1135,-0.0510,-0.0959,0.0164,-0.1135,0.0373,-0.0220,0.0276,-0.0324,0.0418,-0.0023,0.3333,0.0000,1.0000,0.0000,3.4329,1.1056,-1.3316,2.0179,-5.7824,-4.1406,-0.1259,-0.0037,0.0074,-0.1853,-0.1019,-0.0059
1786060601.8546,-3.6248,-3.4480,-1.3631,2.1917,-3.6248,-3.4479,0.0163,-0.1135,-0.0510,-0.0959,0.0164,-0.1135,0.0373,-0.0220,0.0274,-0.0321,0.0418,-0.0023,0.3333,0.0000,1.0000,0.0000,3.4329,1.1056,-1.3316,2.0179,-5.7824,-4.1406,-0.1259,-0.0037,0.0074,-0.1853,-0.1019,-0.0059
1786060601.9047,-3.6248,-3.4480,-1.3520,2.1583,-3.6248,-3.4479,0.0163,-0.1135,-0.0006,-0.1710,0.0164,-0.1135,0.0373,-0.0220,0.0158,-0.0162,0.0418,-0.0023,0.3333,0.0000,1.0000,0.0000,3.4203,1.1047,-1.3309,1.9987,-5.7926,-4.1417,-0.1258,-0.0134,0.0080,-0.1977,-0.1023,-0.0151
1786060601.9547,-3.6248,-3.4480,-1.3520,2.1583,-3.6248,-3.4479,0.0163,-0.1135,-0.0006,-0.1710,0.0164,-0.1135,0.0373,-0.0220,0.0161,-0.0166,0.0418,-0.0023,0.3333,0.0000,1.0000,0.0000,3.4203,1.1047,-1.3309,1.9987,-5.7926,-4.1417,-0.1258,-0.0134,0.0080,-0.1977,-0.1023,-0.0151
1786060602.0047,-3.6248,-3.4480,-1.3452,2.1278,-3.6248,-3.4479,0.0163,-0.1135,0.0208,-0.2133,0.0164,-0.1135,0.0373,-0.0220,0.0123,-0.0116,0.0418,-0.0023,0.3333,0.0000,1.0000,0.0000,3.4077,1.1032,-1.3301,1.9786,-5.8029,-4.1434,-0.1264,-0.0152,0.0063,-0.2002,-0.1037,-0.0163
1786060602.0547,-3.6248,-3.4480,-1.3452,2.1278,-3.6248,-3.4479,0.0163,-0.1135,0.0208,-0.2133,0.0164,-0.1135,0.0373,-0.0220,0.0123,-0.0117,0.0418,-0.0023,0.3333,0.0000,1.0000,0.0000,3.4077,1.1032,-1.3301,1.9786,-5.8029,-4.1434,-0.1264,-0.0152,0.0063,-0.2002,-0.1037,-0.0163
1786060602.1047,-3.6248,-3.4480,-1.3319,2.0722,-3.6248,-3.4479,0.0163,-0.1135,0.0558,-0.3210,0.0164,-0.1135,0.0373,-0.0220,0.0056,0.0058,0.0418,-0.0023,0.3333,0.0000,1.0000,0.0000,3.3950,1.1020,-1.3297,1.9591,-5.8133,-4.1446,-0.1263,-0.0074,0.0029,-0.1895,-0.1044,-0.0080
1786060602.1547,-3.6248,-3.4480,-1.3319,2.0722,-3.6248,-3.4479,0.0163,-0.1135,0.0558,-0.3210,0.0164,-0.1135,0.0373,-0.0220,0.0058,0.0053,0.0418,-0.0023,0.3333,0.0000,1.0000,0.0000,3.3950,1.1020,-1.3297,1.9591,-5.8133,-4.1446,-0.1263,-0.0074,0.0029,-0.1895,-0.1044,-0.0080
1786060602.2046,-3.6248,-3.4480,-1.3263,2.0294,-3.6248,-3.4479,0.0163,-0.1135,0.0545,-0.3467,0.0164,-0.1135,0.0373,-0.0220,0.0052,0.0092,0.0418,-0.0023,0.3333,0.0000,1.0000,0.0000,3.3825,1.1018,-1.3296,1.9410,-5.8238,-4.1449,-0.1248,0.0011,0.0003,-0.1753,-0.1037,0.0007
1786060602.2546,-3.6248,-3.4480,-1.3263,2.0294,-3.6248,-3.4479,0.0163,-0.1135,0.0545,-0.3467,0.0164,-0.1135,0.0373,-0.0220,0.0052,0.0091,0.0418,-0.0023,0.3333,0.0000,1.0000,0.0000,3.3825,1.1018,-1.3296,1.9410,-5.8238,-4.1449,-0.1248,0.0011,0.0003,-0.1753,-0.1037,0.0007
1786060602.3046,-3.6248,-3.4480,-1.3218,2.0001,-3.6248,-3.4479,0.0163,-0.1135,0.0518,-0.3317,0.0164,-0.1135,0.0373,-0.0220,0.0060,0.0068,0.0418,-0.0023,0.3333,0.0000,1.0000,0.0000,3.3701,1.1020,-1.3296,1.9239,-5.8341,-4.1447,-0.1231,0.0005,-0.0010,-0.1694,-0.1025,0.0000
1786060602.3546,-3.6248,-3.4480,-1.3218,2.0001,-3.6248,-3.4479,0.0163,-0.1135,0.0518,-0.3317,0.0164,-0.1135,0.0373,-0.0220,0.0060,0.0068,0.0418,-0.0023,0.3333,0.0000,1.0000,0.0000,3.3701,1.1020,-1.3296,1.9239,-5.8341,-4.1447,-0.1231,0.0005,-0.0010,-0.1694,-0.1025,0.0000
1786060602.4047,-3.6248,-3.4480,-1.3158,1.9700,-3.6248,-3.4479,0.0163,-0.1135,0.0540,-0.3203,0.0164,-0.1135,0.0373,-0.0220,0.0064,0.0052,0.0418,-0.0023,0.3333,0.0000,1.0000,0.0000,3.3579,1.1016,-1.3298,1.9068,-5.8443,-4.1452,-0.1222,-0.0087,-0.0027,-0.1718,-0.1019,-0.0094
1786060602.4546,-3.6248,-3.4480,-1.3158,1.9700,-3.6248,-3.4479,0.0163,-0.1135,0.0540,-0.3203,0.0164,-0.1135,0.0373,-0.0220,0.0064,0.0052,0.0418,-0.0023,0.3333,0.0000,1.0000,0.0000,3.3579,1.1016,-1.3298,1.9068,-5.8443,-4.1452,-0.1222,-0.0087,-0.0027,-0.1718,-0.1019,-0.0094
1786060602.5046,-3.6248,-3.4480,-1.3125,1.9473,-3.6248,-3.4479,0.0163,-0.1135,0.0479,-0.2924,0.0164,-0.1135,0.0373,-0.0220,0.0080,0.0005,0.0418,-0.0023,0.3333,0.0000,1.0000,0.0000,3.3456,1.1002,-1.3303,1.8895,-5.8545,-4.1467,-0.1225,-0.0165,-0.0065,-0.1727,-0.1025,-0.0172
1786060602.5546,-3.6248,-3.4480,-1.3125,1.9473,-3.6248,-3.4479,0.0163,-0.1135,0.0479,-0.2924,0.0164,-0.1135,0.0373,-0.0220,0.0080,0.0006,0.0418,-0.0023,0.3333,0.0000,1.0000,0.0000,3.3456,1.1002,-1.3303,1.8895,-5.8545,-4.1467,-0.1225,-0.0165,-0.0065,-0.1727,-0.1025,-0.0172
1786060602.6046,-3.6248,-3.4480,-1.3139,1.9369,-3.6248,-3.4479,0.0163,-0.1135,0.0282,-0.2327,0.0164,-0.1135,0.0373,-0.0220,0.0121,-0.0092,0.0418,-0.0023,0.3333,0.0000,1.0000,0.0000,3.3333,1.0986,-1.3312,1.8726,-5.8648,-4.1483,-0.1229,-0.0143,-0.0116,-0.1650,-0.1034,-0.0148
1786060602.6546,-3.6248,-3.4480,-1.3139,1.9369,-3.6248,-3.4479,0.0163,-0.1135,0.0282,-0.2327,0.0164,-0.1135,0.0373,-0.0220,0.0120,-0.0090,0.0418,-0.0023,0.3333,0.0000,1.0000,0.0000,3.3333,1.0986,-1.3312,1.8726,-5.8648,-4.1483,-0.1229,-0.0143,-0.0116,-0.1650,-0.1034,-0.0148
1786060602.7047,-3.6248,-3.4480,-1.3128,1.9221,-3.6248,-3.4479,0.0163,-0.1135,0.0232,-0.2074,0.0164,-0.1135,0.0373,-0.0220,0.0139,-0.0121,0.0418,-0.0023,0.3333,0.0000,1.0000,0.0000,3.3211,1.0977,-1.3326,1.8568,-5.8751,-4.1493,-0.1222,-0.0048,-0.0147,-0.1533,-0.1033,-0.0050
1786060602.7547,-3.6248,-3.4480,-1.3128,1.9221,-3.6248,-3.4479,0.0163,-0.1135,0.0232,-0.2074,0.0164,-0.1135,0.0373,-0.0220,0.0138,-0.0120,0.0418,-0.0023,0.3333,0.0000,1.0000,0.0000,3.3211,1.0977,-1.3326,1.8568,-5.8751,-4.1493,-0.1222,-0.0048,-0.0147,-0.1533,-0.1033,-0.0050
1786060602.8047,-3.6248,-3.4480,-1.3124,1.9154,-3.6248,-3.4479,0.0163,-0.1135,0.0172,-0.1644,0.0164,-0.1135,0.0373,-0.0220,0.0174,-0.0151,0.0418,-0.0023,0.3333,0.0000,1.0000,0.0000,3.3089,1.0976,-1.3340,1.8418,-5.8854,-4.1494,-0.1205,0.0013,-0.0137,-0.1488,-0.1023,0.0015
1786060602.8547,-3.6248,-3.4480,-1.3124,1.9154,-3.6248,-3.4479,0.0163,-0.1135,0.0172,-0.1644,0.0164,-0.1135,0.0373,-0.0220,0.0173,-0.0151,0.0418,-0.0023,0.3333,0.0000,1.0000,0.0000,3.3089,1.0976,-1.3340,1.8418,-5.8854,-4.1494,-0.1205,0.0013,-0.0137,-0.1488,-0.1023,0.0015
1786060602.9047,-3.6248,-3.4480,-1.3204,1.9098,-3.6248,-3.4479,0.0163,-0.1135,-0.0130,-0.1313,0.0164,-0.1135,0.0373,-0.0220,0.0239,-0.0198,0.0418,-0.0023,0.3333,0.0000,1.0000,0.0000,3.2970,1.0976,-1.3352,1.8266,-5.8956,-4.1494,-0.1190,-0.0030,-0.0098,-0.1568,-0.1016,-0.0026
1786060602.9546,-3.6248,-3.4480,-1.3204,1.9098,-3.6248,-3.4479,0.0163,-0.1135,-0.0130,-0.1313,0.0164,-0.1135,0.0373,-0.0220,0.0237,-0.0196,0.0418,-0.0023,0.3333,0.0000,1.0000,0.0000,3.2970,1.0976,-1.3352,1.8266,-5.8956,-4.1494,-0.1190,-0.0030,-0.0098,-0.1568,-0.1016,-0.0026
1786060603.0046,-3.6248,-3.4480,-1.3238,1.8955,-3.6248,-3.4479,0.0163,-0.1135,-0.0196,-0.1343,0.0164,-0.1135,0.0373,-0.0220,0.0236,-0.0207,0.0418,-0.0023,0.3333,0.0000,1.0000,0.0000,3.2851,1.0967,-1.3359,1.8101,-5.9058,-4.1502,-0.1185,-0.0129,-0.0054,-0.1702,-0.1020,-0.0124
1786060603.0546,-3.6248,-3.4480,-1.3238,1.8955,-3.6248,-3.4479,0.0163,-0.1135,-0.0196,-0.1343,0.0164,-0.1135,0.0373,-0.0220,0.0236,-0.0207,0.0418,-0.0023,0.3333,0.0000,1.0000,0.0000,3.2851,1.0967,-1.3359,1.8101,-5.9058,-4.1502,-0.1185,-0.0129,-0.0054,-0.1702,-0.1020,-0.0124
1786060603.1047,-3.6248,-3.4480,-1.3325,1.8870,-3.6248,-3.4479,0.0163,-0.1135,-0.0408,-0.1196,0.0164,-0.1135,0.0373,-0.0220,0.0259,-0.0265,0.0418,-0.0023,0.3333,0.0000,1.0000,0.0000,3.2732,1.0951,-1.3362,1.7926,-5.9160,-4.1517,-0.1191,-0.0174,-0.0021,-0.1781,-0.1032,-0.0171
1786060603.1546,-3.6248,-3.4480,-1.3325,1.8870,-3.6248,-3.4479,0.0163,-0.1135,-0.0408,-0.1196,0.0164,-0.1135,0.0373,-0.0220,0.0257,-0.0263,0.0418,-0.0023,0.3333,0.0000,1.0000,0.0000,3.2732,1.0951,-1.3362,1.7926,-5.9160,-4.1517,-0.1191,-0.0174,-0.0021,-0.1781,-0.1032,-0.0171
1786060603.2046,-3.6248,-3.4480,-1.3376,1.8807,-3.6248,-3.4479,0.0163,-0.1135,-0.0441,-0.1021,0.0164,-0.1135,0.0373,-0.0220,0.0296,-0.0301,0.0418,-0.0023,0.3333,0.0000,1.0000,0.0000,3.2613,1.0936,-1.3363,1.7748,-5.9264,-4.1532,-0.1192,-0.0115,0.0006,-0.1759,-0.1039,-0.0115
1786060603.2547,-3.6248,-3.4480,-1.3376,1.8807,-3.6248,-3.4479,0.0163,-0.1135,-0.0441,-0.1021,0.0164,-0.1135,0.0373,-0.0220,0.0296,-0.0298,0.0418,-0.0023,0.3333,0.0000,1.0000,0.0000,3.2613,1.0936,-1.3363,1.7748,-5.9264,-4.1532,-0.1192,-0.0115,0.0006,-0.1759,-0.1039,-0.0115
1786060603.3047,-3.6248,-3.4480,-1.3482,1.8733,-3.6248,-3.4479,0.0163,-0.1135,-0.0634,-0.0939,0.0164,-0.1135,0.0373,-0.0220,0.0264,-0.0363,0.0418,-0.0023,0.3333,0.0000,1.0000,0.0000,3.2495,1.0930,-1.3361,1.7575,-5.9368,-4.1538,-0.1180,-0.0019,0.0039,-0.1707,-0.1032,-0.0020
1786060603.3547,-3.6248,-3.4480,-1.3482,1.8733,-3.6248,-3.4479,0.0163,-0.1135,-0.0634,-0.0939,0.0164,-0.1135,0.0373,-0.0220,0.0261,-0.0361,0.0418,-0.0023,0.3333,0.0000,1.0000,0.0000,3.2495,1.0930,-1.3361,1.7575,-5.9368,-4.1538,-0.1180,-0.0019,0.0039,-0.1707,-0.1032,-0.0020
1786060603.4047,-3.6248,-3.4480,-1.3466,1.8509,-3.6248,-3.4479,0.0163,-0.1135,-0.0388,-0.1347,0.0164,-0.1135,0.0373,-0.0220,0.0232,-0.0240,0.0418,-0.0023,0.3333,0.0000,1.0000,0.0000,3.2378,1.0931,-1.3355,1.7405,-5.9470,-4.1538,-0.1161,0.0007,0.0073,-0.1721,-0.1020,0.0006
1786060603.4546,-3.6248,-3.4480,-1.3466,1.8509,-3.6248,-3.4479,0.0163,-0.1135,-0.0388,-0.1347,0.0164,-0.1135,0.0373,-0.0220,0.0235,-0.0243,0.0418,-0.0023,0.3333,0.0000,1.0000,0.0000,3.2378,1.0931,-1.3355,1.7405,-5.9470,-4.1538,-0.1161,0.0007,0.0073,-0.1721,-0.1020,0.0006
1786060603.5046,-3.6248,-3.4480,-1.3495,1.8360,-3.6248,-3.4479,0.0163,-0.1135,-0.0348,-0.1358,0.0164,-0.1135,0.0373,-0.0220,0.0238,-0.0235,0.0418,-0.0023,0.3333,0.0000,1.0000,0.0000,3.2262,1.0928,-1.3346,1.7228,-5.9572,-4.1541,-0.1148,-0.0067,0.0101,-0.1824,-0.1015,-0.0066
1786060603.5546,-3.6248,-3.4480,-1.3495,1.8360,-3.6248,-3.4479,0.0163,-0.1135,-0.0348,-0.1358,0.0164,-0.1135,0.0373,-0.0220,0.0238,-0.0235,0.0418,-0.0023,0.3333,0.0000,1.0000,0.0000,3.2262,1.0928,-1.3346,1.7228,-5.9572,-4.1541,-0.1148,-0.0067,0.0101,-0.1824,-0.1015,-0.0066
1786060603.6047,-3.6248,-3.4480,-1.3446,1.8120,-3.6248,-3.4479,0.0163,-0.1135,-0.0087,-0.1685,0.0164,-0.1135,0.0373,-0.0220,0.0195,-0.0173,0.0418,-0.0023,0.3333,0.0000,1.0000,0.0000,3.2148,1.0916,-1.3335,1.7039,-5.9674,-4.1552,-0.1148,-0.0158,0.0109,-0.1918,-0.1025,-0.0154
1786060603.6547,-3.6248,-3.4480,-1.3446,1.8120,-3.6248,-3.4479,0.0163,-0.1135,-0.0087,-0.1685,0.0164,-0.1135,0.0373,-0.0220,0.0197,-0.0175,0.0418,-0.0023,0.3333,0.0000,1.0000,0.0000,3.2148,1.0916,-1.3335,1.7039,-5.9674,-4.1552,-0.1148,-0.0158,0.0109,-0.1918,-0.1025,-0.0154
1786060603.7047,-3.6248,-3.4480,-1.3390,1.7803,-3.6248,-3.4479,0.0163,-0.1135,0.0115,-0.2140,0.0164,-0.1135,0.0373,-0.0220,0.0153,-0.0118,0.0418,-0.0023,0.3333,0.0000,1.0000,0.0000,3.2033,1.0899,-1.3325,1.6847,-5.9777,-4.1569,-0.1153,-0.0163,0.0099,-0.1902,-0.1040,-0.0158
1786060603.7546,-3.6248,-3.4480,-1.3390,1.7803,-3.6248,-3.4479,0.0163,-0.1135,0.0115,-0.2140,0.0164,-0.1135,0.0373,-0.0220,0.0154,-0.0120,0.0418,-0.0023,0.3333,0.0000,1.0000,0.0000,3.2033,1.0899,-1.3325,1.6847,-5.9777,-4.1569,-0.1153,-0.0163,0.0099,-0.1902,-0.1040,-0.0158
1786060603.8047,-3.6248,-3.4480,-1.3322,1.7467,-3.6248,-3.4479,0.0163,-0.1135,0.0290,-0.2522,0.0164,-0.1135,0.0373,-0.0220,0.0125,-0.0059,0.0418,-0.0023,0.3333,0.0000,1.0000,0.0000,3.1918,1.0887,-1.3316,1.6663,-5.9881,-4.1581,-0.1148,-0.0076,0.0084,-0.1776,-0.1046,-0.0073
1786060603.8546,-3.6248,-3.4480,-1.3322,1.7467,-3.6248,-3.4479,0.0163,-0.1135,0.0290,-0.2522,0.0164,-0.1135,0.0373,-0.0220,0.0126,-0.0061,0.0418,-0.0023,0.3333,0.0000,1.0000,0.0000,3.1918,1.0887,-1.3316,1.6663,-5.9881,-4.1581,-0.1148,-0.0076,0.0084,-0.1776,-0.1046,-0.0073
1786060603.9047,-3.6248,-3.4480,-1.3279,1.7207,-3.6248,-3.4479,0.0163,-0.1135,0.0336,-0.2560,0.0164,-0.1135,0.0373,-0.0220,0.0123,-0.0053,0.0418,-0.0023,0.3333,0.0000,1.0000,0.0000,3.1804,1.0884,-1.3308,1.6493,-5.9986,-4.1583,-0.1131,0.0006,0.0075,-0.1647,-0.1037,0.0007
1786060603.9546,-3.6248,-3.4480,-1.3279,1.7207,-3.6248,-3.4479,0.0163,-0.1135,0.0336,-0.2560,0.0164,-0.1135,0.0373,-0.0220,0.0123,-0.0053,0.0418,-0.0023,0.3333,0.0000,1.0000,0.0000,3.1804,1.0884,-1.3308,1.6493,-5.9986,-4.1583,-0.1131,0.0006,0.0075,-0.1647,-0.1037,0.0007
1786060604.0047,-3.6248,-3.4480,-1.3265,1.6988,-3.6248,-3.4479,0.0163,-0.1135,0.0273,-0.2428,0.0164,-0.1135,0.0373,-0.0220,0.0136,-0.0075,0.0418,-0.0023,0.3333,0.0000,1.0000,0.0000,3.1692,1.0885,-1.3301,1.6331,-6.0089,-4.1582,-0.1113,-0.0008,0.0065,-0.1616,-0.1026,-0.0009
1786060604.0546,-3.6248,-3.4480,-1.3265,1.6988,-3.6248,-3.4479,0.0163,-0.1135,0.0273,-0.2428,0.0164,-0.1135,0.0373,-0.0220,0.0136,-0.0074,0.0418,-0.0023,0.3333,0.0000,1.0000,0.0000,3.1692,1.0885,-1.3301,1.6331,-6.0089,-4.1582,-0.1113,-0.0008,0.0065,-0.1616,-0.1026,-0.0009
1786060604.1047,-3.6248,-3.4480,-1.3233,1.6745,-3.6248,-3.4479,0.0163,-0.1135,0.0289,-0.2438,0.0164,-0.1135,0.0373,-0.0220,0.0136,-0.0072,0.0418,-0.0023,0.3333,0.0000,1.0000,0.0000,3.1581,1.0879,-1.3295,1.6167,-6.0191,-4.1588,-0.1104,-0.0101,0.0048,-0.1673,-0.1026,-0.0104
1786060604.1546,-3.6248,-3.4480,-1.3233,1.6745,-3.6248,-3.4479,0.0163,-0.1135,0.0289,-0.2438,0.0164,-0.1135,0.0373,-0.0220,0.0136,-0.0072,0.0418,-0.0023,0.3333,0.0000,1.0000,0.0000,3.1581,1.0879,-1.3295,1.6167,-6.0191,-4.1588,-0.1104,-0.0101,0.0048,-0.1673,-0.1026,-0.0104
1786060604.2046,-3.6248,-3.4480,-1.3276,1.6676,-3.6248,-3.4479,0.0163,-0.1135,0.0064,-0.1903,0.0164,-0.1135,0.0373,-0.0220,0.0186,-0.0146,0.0418,-0.0023,0.3333,0.0000,1.0000,0.0000,3.1470,1.0865,-1.3292,1.5996,-6.0294,-4.1603,-0.1107,-0.0169,0.0024,-0.1719,-0.1038,-0.0172
1786060604.2546,-3.6248,-3.4480,-1.3276,1.6676,-3.6248,-3.4479,0.0163,-0.1135,0.0064,-0.1903,0.0164,-0.1135,0.0373,-0.0220,0.0184,-0.0144,0.0418,-0.0023,0.3333,0.0000,1.0000,0.0000,3.1470,1.0865,-1.3292,1.5996,-6.0294,-4.1603,-0.1107,-0.0169,0.0024,-0.1719,-0.1038,-0.0172
1786060604.3046,-3.6248,-3.4480,-1.3266,1.6547,-3.6248,-3.4479,0.0163,-0.1135,0.0076,-0.1720,0.0164,-0.1135,0.0373,-0.0220,0.0204,-0.0154,0.0418,-0.0023,0.3333,0.0000,1.0000,0.0000,3.1359,1.0849,-1.3291,1.5826,-6.0399,-4.1619,-0.1109,-0.0134,0.0007,-0.1676,-0.1051,-0.0136
1786060604.3546,-3.6248,-3.4480,-1.3266,1.6547,-3.6248,-3.4479,0.0163,-0.1135,0.0076,-0.1720,0.0164,-0.1135,0.0373,-0.0220,0.0203,-0.0154,0.0418,-0.0023,0.3333,0.0000,1.0000,0.0000,3.1359,1.0849,-1.3291,1.5826,-6.0399,-4.1619,-0.1109,-0.0134,0.0007,-0.1676,-0.1051,-0.0136
1786060604.4046,-3.6248,-3.4480,-1.3276,1.6440,-3.6248,-3.4479,0.0163,-0.1135,0.0023,-0.1504,0.0164,-0.1135,0.0373,-0.0220,0.0234,-0.0167,0.0418,-0.0023,0.3333,0.0000,1.0000,0.0000,3.1249,1.0841,-1.3290,1.5664,-6.0504,-4.1627,-0.1100,-0.0035,0.0013,-0.1581,-0.1053,-0.0036
1786060604.4546,-3.6248,-3.4480,-1.3276,1.6440,-3.6248,-3.4479,0.0163,-0.1135,0.0023,-0.1504,0.0164,-0.1135,0.0373,-0.0220,0.0234,-0.0167,0.0418,-0.0023,0.3333,0.0000,1.0000,0.0000,3.1249,1.0841,-1.3290,1.5664,-6.0504,-4.1627,-0.1100,-0.0035,0.0013,-0.1581,-0.1053,-0.0036
1786060604.5046,-3.6248,-3.4480,-1.3257,1.6272,-3.6248,-3.4479,0.0163,-0.1135,0.0073,-0.1562,0.0164,-0.1135,0.0373,-0.0220,0.0225,-0.0158,0.0418,-0.0023,0.3333,0.0000,1.0000,0.0000,3.1140,1.0841,-1.3287,1.5509,-6.0609,-4.1627,-0.1081,0.0020,0.0040,-0.1542,-0.1044,0.0019
1786060604.5546,-3.6248,-3.4480,-1.3257,1.6272,-3.6248,-3.4479,0.0163,-0.1135,0.0073,-0.1562,0.0164,-0.1135,0.0373,-0.0220,0.0226,-0.0159,0.0418,-0.0023,0.3333,0.0000,1.0000,0.0000,3.1140,1.0841,-1.3287,1.5509,-6.0609,-4.1627,-0.1081,0.0020,0.0040,-0.1542,-0.1044,0.0019
1786060604.6046,-3.6248,-3.4480,-1.3296,1.6195,-3.6248,-3.4479,0.0163,-0.1135,-0.0072,-0.1306,0.0164,-0.1135,0.0373,-0.0220,0.0277,-0.0186,0.0418,-0.0023,0.3333,0.0000,1.0000,0.0000,3.1033,1.0841,-1.3281,1.5351,-6.0713,-4.1627,-0.1065,-0.0031,0.0072,-0.1613,-0.1039,-0.0033
1786060604.6546,-3.6248,-3.4480,-1.3296,1.6195,-3.6248,-3.4479,0.0163,-0.1135,-0.0072,-0.1306,0.0164,-0.1135,0.0373,-0.0220,0.0276,-0.0185,0.0418,-0.0023,0.3333,0.0000,1.0000,0.0000,3.1033,1.0841,-1.3281,1.5351,-6.0713,-4.1627,-0.1065,-0.0031,0.0072,-0.1613,-0.1039,-0.0033
1786060604.7046,-3.6248,-3.4480,-1.3259,1.5948,-3.6248,-3.4479,0.0163,-0.1135,0.0066,-0.1677,0.0164,-0.1135,0.0373,-0.0220,0.0215,-0.0155,0.0418,-0.0023,0.3333,0.0000,1.0000,0.0000,3.0927,1.0833,-1.3273,1.5183,-6.0817,-4.1636,-0.1061,-0.0128,0.0092,-0.1729,-0.1045,-0.0132
1786060604.7546,-3.6248,-3.4480,-1.3259,1.5948,-3.6248,-3.4479,0.0163,-0.1135,0.0066,-0.1677,0.0164,-0.1135,0.0373,-0.0220,0.0216,-0.0156,0.0418,-0.0023,0.3333,0.0000,1.0000,0.0000,3.0927,1.0833,-1.3273,1.5183,-6.0817,-4.1636,-0.1061,-0.0128,0.0092,-0.1729,-0.1045,-0.0132
1786060604.8046,-3.6248,-3.4480,-1.3227,1.5747,-3.6248,-3.4479,0.0163,-0.1135,0.0147,-0.1782,0.0164,-0.1135,0.0373,-0.0220,0.0203,-0.0142,0.0418,-0.0023,0.3333,0.0000,1.0000,0.0000,3.0820,1.0817,-1.3263,1.5007,-6.0923,-4.1652,-0.1067,-0.0163,0.0103,-0.1782,-0.1059,-0.0169
1786060604.8546,-3.6248,-3.4480,-1.3227,1.5747,-3.6248,-3.4479,0.0163,-0.1135,0.0147,-0.1782,0.0164,-0.1135,0.0373,-0.0220,0.0203,-0.0142,0.0418,-0.0023,0.3333,0.0000,1.0000,0.0000,3.0820,1.0817,-1.3263,1.5007,-6.0923,-4.1652,-0.1067,-0.0163,0.0103,-0.1782,-0.1059,-0.0169
1786060604.9046,-3.6248,-3.4480,-1.3206,1.5577,-3.6248,-3.4479,0.0163,-0.1135,0.0166,-0.1762,0.0164,-0.1135,0.0373,-0.0220,0.0207,-0.0141,0.0418,-0.0023,0.3333,0.0000,1.0000,0.0000,3.0714,1.0804,-1.3252,1.4831,-6.1029,-4.1666,-0.1066,-0.0095,0.0116,-0.1731,-0.1068,-0.0102
1786060604.9546,-3.6248,-3.4480,-1.3206,1.5577,-3.6248,-3.4479,0.0163,-0.1135,0.0166,-0.1762,0.0164,-0.1135,0.0373,-0.0220,0.0207,-0.0141,0.0418,-0.0023,0.3333,0.0000,1.0000,0.0000,3.0714,1.0804,-1.3252,1.4831,-6.1029,-4.1666,-0.1066,-0.0095,0.0116,-0.1731,-0.1068,-0.0102
1786060605.0046,-3.6248,-3.4480,-1.3191,1.5384,-3.6248,-3.4479,0.0163,-0.1135,0.0160,-0.1823,0.0164,-0.1135,0.0373,-0.0220,0.0203,-0.0138,0.0418,-0.0023,0.3333,0.0000,1.0000,0.0000,3.0608,1.0800,-1.3240,1.4662,-6.1136,-4.1671,-0.1052,0.0001,0.0135,-0.1644,-0.1063,-0.0006
1786060605.0547,-3.6248,-3.4480,-1.3191,1.5384,-3.6248,-3.4479,0.0163,-0.1135,0.0160,-0.1823,0.0164,-0.1135,0.0373,-0.0220,0.0203,-0.0138,0.0418,-0.0023,0.3333,0.0000,1.0000,0.0000,3.0608,1.0800,-1.3240,1.4662,-6.1136,-4.1671,-0.1052,0.0001,0.0135,-0.1644,-0.1063,-0.0006
1786060605.1046,-3.6248,-3.4480,-1.3268,1.5341,-3.6248,-3.4479,0.0163,-0.1135,-0.0128,-0.1383,0.0164,-0.1135,0.0373,-0.0220,0.0275,-0.0197,0.0418,-0.0023,0.3333,0.0000,1.0000,0.0000,3.0503,1.0802,-1.3225,1.4500,-6.1242,-4.1670,-0.1033,0.0018,0.0153,-0.1624,-0.1055,0.0012
1786060605.1546,-3.6248,-3.4480,-1.3268,1.5341,-3.6248,-3.4479,0.0163,-0.1135,-0.0128,-0.1383,0.0164,-0.1135,0.0373,-0.0220,0.0273,-0.0194,0.0418,-0.0023,0.3333,0.0000,1.0000,0.0000,3.0503,1.0802,-1.3225,1.4500,-6.1242,-4.1670,-0.1033,0.0018,0.0153,-0.1624,-0.1055,0.0012
1786060605.2047,-3.6248,-3.4480,-1.3240,1.5117,-3.6248,-3.4479,0.0163,-0.1135,-0.0002,-0.1653,0.0164,-0.1135,0.0373,-0.0220,0.0231,-0.0164,0.0418,-0.0023,0.3333,0.0000,1.0000,0.0000,3.0401,1.0800,-1.3209,1.4334,-6.1347,-4.1672,-0.1023,-0.0062,0.0160,-0.1693,-0.1054,-0.0067
1786060605.2546,-3.6248,-3.4480,-1.3240,1.5117,-3.6248,-3.4479,0.0163,-0.1135,-0.0002,-0.1653,0.0164,-0.1135,0.0373,-0.0220,0.0232,-0.0165,0.0418,-0.0023,0.3333,0.0000,1.0000,0.0000,3.0401,1.0800,-1.3209,1.4334,-6.1347,-4.1672,-0.1023,-0.0062,0.0160,-0.1693,-0.1054,-0.0067
1786060605.3047,-3.6248,-3.4480,-1.3272,1.5032,-3.6248,-3.4479,0.0163,-0.1135,-0.0101,-0.1407,0.0164,-0.1135,0.0373,-0.0220,0.0274,-0.0190,0.0418,-0.0023,0.3333,0.0000,1.0000,0.0000,3.0299,1.0788,-1.3194,1.4160,-6.1453,-4.1684,-0.1025,-0.0148,0.0156,-0.1766,-0.1066,-0.0153
1786060605.3546,-3.6248,-3.4480,-1.3272,1.5032,-3.6248,-3.4479,0.0163,-0.1135,-0.0101,-0.1407,0.0164,-0.1135,0.0373,-0.0220,0.0273,-0.0189,0.0418,-0.0023,0.3333,0.0000,1.0000,0.0000,3.0299,1.0788,-1.3194,1.4160,-6.1453,-4.1684,-0.1025,-0.0148,0.0156,-0.1766,-0.1066,-0.0153
1786060605.4047,-3.6248,-3.4480,-1.3210,1.4807,-3.6248,-3.4479,0.0163,-0.1135,0.0124,-0.1674,0.0164,-0.1135,0.0373,-0.0220,0.0228,-0.0146,0.0418,-0.0023,0.3333,0.0000,1.0000,0.0000,3.0196,1.0773,-1.3178,1.3984,-6.1560,-4.1700,-0.1031,-0.0143,0.0149,-0.1749,-0.1081,-0.0149
1786060605.4546,-3.6248,-3.4480,-1.3210,1.4807,-3.6248,-3.4479,0.0163,-0.1135,0.0124,-0.1674,0.0164,-0.1135,0.0373,-0.0220,0.0229,-0.0147,0.0418,-0.0023,0.3333,0.0000,1.0000,0.0000,3.0196,1.0773,-1.3178,1.3984,-6.1560,-4.1700,-0.1031,-0.0143,0.0149,-0.1749,-0.1081,-0.0149
1786060605.5046,-3.6248,-3.4480,-1.3178,1.4616,-3.6248,-3.4479,0.0163,-0.1135,0.0186,-0.1761,0.0164,-0.1135,0.0373,-0.0220,0.0218,-0.0137,0.0418,-0.0023,0.3333,0.0000,1.0000,0.0000,3.0093,1.0763,-1.3164,1.3814,-6.1669,-4.1710,-0.1027,-0.0053,0.0151,-0.1645,-0.1086,-0.0060
1786060605.5547,-3.6248,-3.4480,-1.3178,1.4616,-3.6248,-3.4479,0.0163,-0.1135,0.0186,-0.1761,0.0164,-0.1135,0.0373,-0.0220,0.0218,-0.0137,0.0418,-0.0023,0.3333,0.0000,1.0000,0.0000,3.0093,1.0763,-1.3164,1.3814,-6.1669,-4.1710,-0.1027,-0.0053,0.0151,-0.1645,-0.1086,-0.0060
1786060605.6047,-3.6248,-3.4480,-1.3136,1.4421,-3.6248,-3.4479,0.0163,-0.1135,0.0253,-0.1776,0.0164,-0.1135,0.0373,-0.0220,0.0216,-0.0129,0.0418,-0.0023,0.3333,0.0000,1.0000,0.0000,2.9991,1.0763,-1.3148,1.3655,-6.1777,-4.1711,-0.1011,0.0023,0.0161,-0.1553,-0.1078,0.0016
1786060605.6546,-3.6248,-3.4480,-1.3136,1.4421,-3.6248,-3.4479,0.0163,-0.1135,0.0253,-0.1776,0.0164,-0.1135,0.0373,-0.0220,0.0216,-0.0129,0.0418,-0.0023,0.3333,0.0000,1.0000,0.0000,2.9991,1.0763,-1.3148,1.3655,-6.1777,-4.1711,-0.1011,0.0023,0.0161,-0.1553,-0.1078,0.0016
1786060605.7046,-3.6248,-3.4480,-1.3102,1.4264,-3.6248,-3.4479,0.0163,-0.1135,0.0282,-0.1710,0.0164,-0.1135,0.0373,-0.0220,0.0223,-0.0127,0.0418,-0.0023,0.3333,0.0000,1.0000,0.0000,2.9891,1.0765,-1.3131,1.3501,-6.1884,-4.1710,-0.0996,-0.0000,0.0167,-0.1558,-0.1070,-0.0008
1786060605.7546,-3.6248,-3.4480,-1.3102,1.4264,-3.6248,-3.4479,0.0163,-0.1135,0.0282,-0.1710,0.0164,-0.1135,0.0373,-0.0220,0.0223,-0.0127,0.0418,-0.0023,0.3333,0.0000,1.0000,0.0000,2.9891,1.0765,-1.3131,1.3501,-6.1884,-4.1710,-0.0996,-0.0000,0.0167,-0.1558,-0.1070,-0.0008
1786060605.8046,-3.6248,-3.4480,-1.3124,1.4097,-3.6248,-3.4479,0.0163,-0.1135,0.0126,-0.1702,0.0164,-0.1135,0.0373,-0.0220,0.0235,-0.0145,0.0418,-0.0023,0.3333,0.0000,1.0000,0.0000,2.9791,1.0760,-1.3115,1.3340,-6.1991,-4.1716,-0.0991,-0.0097,0.0166,-0.1640,-0.1073,-0.0103
1786060605.8546,-3.6248,-3.4480,-1.3124,1.4097,-3.6248,-3.4479,0.0163,-0.1135,0.0126,-0.1702,0.0164,-0.1135,0.0373,-0.0220,0.0234,-0.0145,0.0418,-0.0023,0.3333,0.0000,1.0000,0.0000,2.9791,1.0760,-1.3115,1.3340,-6.1991,-4.1716,-0.0991,-0.0097,0.0166,-0.1640,-0.1073,-0.0103
1786060605.9047,-3.6248,-3.4480,-1.3112,1.3885,-3.6248,-3.4479,0.0163,-0.1135,0.0122,-0.1838,0.0164,-0.1135,0.0373,-0.0220,0.0221,-0.0139,0.0418,-0.0023,0.3333,0.0000,1.0000,0.0000,2.9692,1.0746,-1.3098,1.3173,-6.2099,-4.1731,-0.0998,-0.0158,0.0160,-0.1695,-0.1087,-0.0163
1786060605.9546,-3.6248,-3.4480,-1.3112,1.3885,-3.6248,-3.4479,0.0163,-0.1135,0.0122,-0.1838,0.0164,-0.1135,0.0373,-0.0220,0.0221,-0.0139,0.0418,-0.0023,0.3333,0.0000,1.0000,0.0000,2.9692,1.0746,-1.3098,1.3173,-6.2099,-4.1731,-0.0998,-0.0158,0.0160,-0.1695,-0.1087,-0.0163
1786060606.0046,-3.6248,-3.4480,-1.3099,1.3701,-3.6248,-3.4479,0.0163,-0.1135,0.0125,-0.1846,0.0164,-0.1135,0.0373,-0.0220,0.0223,-0.0138,0.0418,-0.0023,0.3333,0.0000,1.0000,0.0000,2.9592,1.0731,-1.3083,1.3005,-6.2209,-4.1745,-0.1003,-0.0115,0.0161,-0.1651,-0.1100,-0.0119
1786060606.0546,-3.6248,-3.4480,-1.3099,1.3701,-3.6248,-3.4479,0.0163,-0.1135,0.0125,-0.1846,0.0164,-0.1135,0.0373,-0.0220,0.0223,-0.0138,0.0418,-0.0023,0.3333,0.0000,1.0000,0.0000,2.9592,1.0731,-1.3083,1.3005,-6.2209,-4.1745,-0.1003,-0.0115,0.0161,-0.1651,-0.1100,-0.0119
1786060606.1047,-3.6248,-3.4480,-1.3088,1.3514,-3.6248,-3.4479,0.0163,-0.1135,0.0124,-0.1860,0.0164,-0.1135,0.0373,-0.0220,0.0223,-0.0137,0.0418,-0.0023,0.3333,0.0000,1.0000,0.0000,2.9492,1.0725,-1.3066,1.2845,-6.2319,-4.1752,-0.0995,-0.0016,0.0174,-0.1549,-0.1099,-0.0020
1786060606.1546,-3.6248,-3.4480,-1.3088,1.3514,-3.6248,-3.4479,0.0163,-0.1135,0.0124,-0.1860,0.0164,-0.1135,0.0373,-0.0220,0.0223,-0.0137,0.0418,-0.0023,0.3333,0.0000,1.0000,0.0000,2.9492,1.0725,-1.3066,1.2845,-6.2319,-4.1752,-0.0995,-0.0016,0.0174,-0.1549,-0.1099,-0.0020
1786060606.2047,-3.6248,-3.4480,-1.3122,1.3419,-3.6248,-3.4479,0.0163,-0.1135,-0.0022,-0.1582,0.0164,-0.1135,0.0373,-0.0220,0.0265,-0.0170,0.0418,-0.0023,0.3333,0.0000,1.0000,0.0000,2.9393,1.0727,-1.3047,1.2694,-6.2428,-4.1750,-0.0980,0.0028,0.0193,-0.1499,-0.1090,0.0025
1786060606.2547,-3.6248,-3.4480,-1.3122,1.3419,-3.6248,-3.4479,0.0163,-0.1135,-0.0022,-0.1582,0.0164,-0.1135,0.0373,-0.0220,0.0264,-0.0169,0.0418,-0.0023,0.3333,0.0000,1.0000,0.0000,2.9393,1.0727,-1.3047,1.2694,-6.2428,-4.1750,-0.0980,0.0028,0.0193,-0.1499,-0.1090,0.0025
1786060606.3046,-3.6248,-3.4480,-1.3139,1.3286,-3.6248,-3.4479,0.0163,-0.1135,-0.0067,-0.1510,0.0164,-0.1135,0.0373,-0.0220,0.0278,-0.0179,0.0418,-0.0023,0.3333,0.0000,1.0000,0.0000,2.9296,1.0727,-1.3027,1.2541,-6.2537,-4.1750,-0.0969,-0.0032,0.0212,-0.1560,-0.1084,-0.0035
1786060606.3546,-3.6248,-3.4480,-1.3139,1.3286,-3.6248,-3.4479,0.0163,-0.1135,-0.0067,-0.1510,0.0164,-0.1135,0.0373,-0.0220,0.0278,-0.0179,0.0418,-0.0023,0.3333,0.0000,1.0000,0.0000,2.9296,1.0727,-1.3027,1.2541,-6.2537,-4.1750,-0.0969,-0.0032,0.0212,-0.1560,-0.1084,-0.0035
1786060606.4047,-3.6248,-3.4480,-1.3138,1.3181,-3.6248,-3.4479,0.0163,-0.1135,-0.0041,-0.1323,0.0164,-0.1135,0.0373,-0.0220,0.0317,-0.0177,0.0418,-0.0023,0.3333,0.0000,1.0000,0.0000,2.9199,1.0719,-1.3005,1.2379,-6.2646,-4.1760,-0.0970,-0.0129,0.0227,-0.1667,-0.1091,-0.0133
1786060606.4546,-3.6248,-3.4480,-1.3138,1.3181,-3.6248,-3.4479,0.0163,-0.1135,-0.0041,-0.1323,0.0164,-0.1135,0.0373,-0.0220,0.0317,-0.0176,0.0418,-0.0023,0.3333,0.0000,1.0000,0.0000,2.9199,1.0719,-1.3005,1.2379,-6.2646,-4.1760,-0.0970,-0.0129,0.0227,-0.1667,-0.1091,-0.0133
1786060606.5047,-3.6248,-3.4480,-1.3061,1.2984,-3.6248,-3.4479,0.0163,-0.1135,0.0210,-0.1527,0.0164,-0.1135,0.0373,-0.0220,0.0269,-0.0131,0.0418,-0.0023,0.3333,0.0000,1.0000,0.0000,2.9101,1.0703,-1.2982,1.2209,-6.2755,-4.1775,-0.0980,-0.0156,0.0241,-0.1709,-0.1106,-0.0158
1786060606.5546,-3.6248,-3.4480,-1.3061,1.2984,-3.6248,-3.4479,0.0163,-0.1135,0.0210,-0.1527,0.0164,-0.1135,0.0373,-0.0220,0.0270,-0.0132,0.0418,-0.0023,0.3333,0.0000,1.0000,0.0000,2.9101,1.0703,-1.2982,1.2209,-6.2755,-4.1775,-0.0980,-0.0156,0.0241,-0.1709,-0.1106,-0.0158
1786060606.6047,-3.6248,-3.4480,-1.2990,1.2789,-3.6248,-3.4479,0.0163,-0.1135,0.0367,-0.1663,0.0164,-0.1135,0.0373,-0.0220,0.0244,-0.0112,0.0418,-0.0023,0.3333,0.0000,1.0000,0.0000,2.9003,1.0691,-1.2957,1.2041,-6.2867,-4.1787,-0.0983,-0.0082,0.0259,-0.1643,-0.1114,-0.0083
1786060606.6546,-3.6248,-3.4480,-1.2990,1.2789,-3.6248,-3.4479,0.0163,-0.1135,0.0367,-0.1663,0.0164,-0.1135,0.0373,-0.0220,0.0244,-0.0113,0.0418,-0.0023,0.3333,0.0000,1.0000,0.0000,2.9003,1.0691,-1.2957,1.2041,-6.2867,-4.1787,-0.0983,-0.0082,0.0259,-0.1643,-0.1114,-0.0083
1786060606.7047,-3.6248,-3.4480,-1.2964,1.2636,-3.6248,-3.4479,0.0163,-0.1135,0.0336,-0.1628,0.0164,-0.1135,0.0373,-0.0220,0.0253,-0.0116,0.0418,-0.0023,0.3333,0.0000,1.0000,0.0000,2.8905,1.0688,-1.2930,1.1883,-6.2978,-4.1790,-0.0972,0.0009,0.0278,-0.1546,-0.1107,0.0010
1786060606.7546,-3.6248,-3.4480,-1.2964,1.2636,-3.6248,-3.4479,0.0163,-0.1135,0.0336,-0.1628,0.0164,-0.1135,0.0373,-0.0220,0.0253,-0.0115,0.0418,-0.0023,0.3333,0.0000,1.0000,0.0000,2.8905,1.0688,-1.2930,1.1883,-6.2978,-4.1790,-0.0972,0.0009,0.0278,-0.1546,-0.1107,0.0010
1786060606.8046,-3.6248,-3.4480,-1.2928,1.2471,-3.6248,-3.4479,0.0163,-0.1135,0.0344,-0.1641,0.0164,-0.1135,0.0373,-0.0220,0.0253,-0.0114,0.0418,-0.0023,0.3333,0.0000,1.0000,0.0000,2.8809,1.0691,-1.2901,1.1730,-6.3088,-4.1788,-0.0958,0.0015,0.0290,-0.1526,-0.1098,0.0017
1786060606.8546,-3.6248,-3.4480,-1.2928,1.2471,-3.6248,-3.4479,0.0163,-0.1135,0.0344,-0.1641,0.0164,-0.1135,0.0373,-0.0220,0.0253,-0.0114,0.0418,-0.0023,0.3333,0.0000,1.0000,0.0000,2.8809,1.0691,-1.2901,1.1730,-6.3088,-4.1788,-0.0958,0.0015,0.0290,-0.1526,-0.1098,0.0017
1786060606.9046,-3.6248,-3.4480,-1.2936,1.2363,-3.6248,-3.4479,0.0163,-0.1135,0.0211,-0.1468,0.0164,-0.1135,0.0373,-0.0220,0.0290,-0.0129,0.0418,-0.0023,0.3333,0.0000,1.0000,0.0000,2.8714,1.0688,-1.2872,1.1574,-6.3198,-4.1791,-0.0953,-0.0072,0.0294,-0.1599,-0.1097,-0.0069
1786060606.9546,-3.6248,-3.4480,-1.2936,1.2363,-3.6248,-3.4479,0.0163,-0.1135,0.0211,-0.1468,0.0164,-0.1135,0.0373,-0.0220,0.0289,-0.0128,0.0418,-0.0023,0.3333,0.0000,1.0000,0.0000,2.8714,1.0688,-1.2872,1.1574,-6.3198,-4.1791,-0.0953,-0.0072,0.0294,-0.1599,-0.1097,-0.0069
1786060607.0047,-3.6248,-3.4480,-1.2885,1.2174,-3.6248,-3.4479,0.0163,-0.1135,0.0308,-0.1605,0.0164,-0.1135,0.0373,-0.0220,0.0265,-0.0116,0.0418,-0.0023,0.3333,0.0000,1.0000,0.0000,2.8618,1.0675,-1.2843,1.1409,-6.3308,-4.1803,-0.0960,-0.0155,0.0290,-0.1672,-0.1108,-0.0152
1786060607.0547,-3.6248,-3.4480,-1.2885,1.2174,-3.6248,-3.4479,0.0163,-0.1135,0.0308,-0.1605,0.0164,-0.1135,0.0373,-0.0220,0.0265,-0.0117,0.0418,-0.0023,0.3333,0.0000,1.0000,0.0000,2.8618,1.0675,-1.2843,1.1409,-6.3308,-4.1803,-0.0960,-0.0155,0.0290,-0.1672,-0.1108,-0.0152
1786060607.1046,-3.6248,-3.4480,-1.2858,1.2038,-3.6248,-3.4479,0.0163,-0.1135,0.0297,-0.1534,0.0164,-0.1135,0.0373,-0.0220,0.0278,-0.0117,0.0418,-0.0023,0.3333,0.0000,1.0000,0.0000,2.8521,1.0660,-1.2814,1.1242,-6.3419,-4.1818,-0.0970,-0.0142,0.0285,-0.1650,-0.1121,-0.0138
1786060607.1547,-3.6248,-3.4480,-1.2858,1.2038,-3.6248,-3.4479,0.0163,-0.1135,0.0297,-0.1534,0.0164,-0.1135,0.0373,-0.0220,0.0278,-0.0116,0.0418,-0.0023,0.3333,0.0000,1.0000,0.0000,2.8521,1.0660,-1.2814,1.1242,-6.3419,-4.1818,-0.0970,-0.0142,0.0285,-0.1650,-0.1121,-0.0138
1786060607.2048,-3.6248,-3.4480,-1.2818,1.1851,-3.6248,-3.4479,0.0163,-0.1135,0.0330,-0.1645,0.0164,-0.1135,0.0373,-0.0220,0.0263,-0.0113,0.0418,-0.0023,0.3333,0.0000,1.0000,0.0000,2.8424,1.0650,-1.2785,1.1083,-6.3532,-4.1827,-0.0968,-0.0049,0.0287,-0.1545,-0.1122,-0.0045
1786060607.2547,-3.6248,-3.4480,-1.2818,1.1851,-3.6248,-3.4479,0.0163,-0.1135,0.0330,-0.1645,0.0164,-0.1135,0.0373,-0.0220,0.0264,-0.0113,0.0418,-0.0023,0.3333,0.0000,1.0000,0.0000,2.8424,1.0650,-1.2785,1.1083,-6.3532,-4.1827,-0.0968,-0.0049,0.0287,-0.1545,-0.1122,-0.0045
1786060607.3047,-3.6248,-3.4480,-1.2752,1.1638,-3.6248,-3.4479,0.0163,-0.1135,0.0433,-0.1799,0.0164,-0.1135,0.0373,-0.0220,0.0241,-0.0099,0.0418,-0.0023,0.3333,0.0000,1.0000,0.0000,2.8328,1.0650,-1.2756,1.0934,-6.3643,-4.1827,-0.0955,0.0020,0.0297,-0.1459,-0.1111,0.0025
1786060607.3546,-3.6248,-3.4480,-1.2752,1.1638,-3.6248,-3.4479,0.0163,-0.1135,0.0433,-0.1799,0.0164,-0.1135,0.0373,-0.0220,0.0242,-0.0099,0.0418,-0.0023,0.3333,0.0000,1.0000,0.0000,2.8328,1.0650,-1.2756,1.0934,-6.3643,-4.1827,-0.0955,0.0020,0.0297,-0.1459,-0.1111,0.0025
1786060607.4047,-3.6248,-3.4480,-1.2738,1.1476,-3.6248,-3.4479,0.0163,-0.1135,0.0342,-0.1746,0.0164,-0.1135,0.0373,-0.0220,0.0256,-0.0110,0.0418,-0.0023,0.3333,0.0000,1.0000,0.0000,2.8234,1.0651,-1.2726,1.0788,-6.3754,-4.1825,-0.0943,-0.0015,0.0306,-0.1479,-0.1102,-0.0008
1786060607.4547,-3.6248,-3.4480,-1.2738,1.1476,-3.6248,-3.4479,0.0163,-0.1135,0.0342,-0.1746,0.0164,-0.1135,0.0373,-0.0220,0.0256,-0.0110,0.0418,-0.0023,0.3333,0.0000,1.0000,0.0000,2.8234,1.0651,-1.2726,1.0788,-6.3754,-4.1825,-0.0943,-0.0015,0.0306,-0.1479,-0.1102,-0.0008
1786060607.5047,-3.6248,-3.4480,-1.2698,1.1299,-3.6248,-3.4479,0.0163,-0.1135,0.0359,-0.1759,0.0164,-0.1135,0.0373,-0.0220,0.0256,-0.0107,0.0418,-0.0023,0.3333,0.0000,1.0000,0.0000,2.8139,1.0644,-1.2695,1.0635,-6.3864,-4.1831,-0.0943,-0.0114,0.0308,-0.1568,-0.1105,-0.0105
1786060607.5546,-3.6248,-3.4480,-1.2698,1.1299,-3.6248,-3.4479,0.0163,-0.1135,0.0359,-0.1759,0.0164,-0.1135,0.0373,-0.0220,0.0256,-0.0107,0.0418,-0.0023,0.3333,0.0000,1.0000,0.0000,2.8139,1.0644,-1.2695,1.0635,-6.3864,-4.1831,-0.0943,-0.0114,0.0308,-0.1568,-0.1105,-0.0105
1786060607.6047,-3.6248,-3.4480,-1.2695,1.1181,-3.6248,-3.4479,0.0163,-0.1135,0.0247,-0.1532,0.0164,-0.1135,0.0373,-0.0220,0.0296,-0.0121,0.0418,-0.0023,0.3333,0.0000,1.0000,0.0000,2.8045,1.0629,-1.2665,1.0475,-6.3975,-4.1846,-0.0953,-0.0169,0.0304,-0.1617,-0.1118,-0.0159
1786060607.6547,-3.6248,-3.4480,-1.2695,1.1181,-3.6248,-3.4479,0.0163,-0.1135,0.0247,-0.1532,0.0164,-0.1135,0.0373,-0.0220,0.0295,-0.0120,0.0418,-0.0023,0.3333,0.0000,1.0000,0.0000,2.8045,1.0629,-1.2665,1.0475,-6.3975,-4.1846,-0.0953,-0.0169,0.0304,-0.1617,-0.1118,-0.0159
1786060607.7047,-3.6248,-3.4480,-1.2653,1.1024,-3.6248,-3.4479,0.0163,-0.1135,0.0302,-0.1545,0.0164,-0.1135,0.0373,-0.0220,0.0292,-0.0112,0.0418,-0.0023,0.3333,0.0000,1.0000,0.0000,2.7949,1.0614,-1.2634,1.0315,-6.4087,-4.1859,-0.0961,-0.0118,0.0302,-0.1560,-0.1127,-0.0108
1786060607.7546,-3.6248,-3.4480,-1.2653,1.1024,-3.6248,-3.4479,0.0163,-0.1135,0.0302,-0.1545,0.0164,-0.1135,0.0373,-0.0220,0.0292,-0.0112,0.0418,-0.0023,0.3333,0.0000,1.0000,0.0000,2.7949,1.0614,-1.2634,1.0315,-6.4087,-4.1859,-0.0961,-0.0118,0.0302,-0.1560,-0.1127,-0.0108
1786060607.8047,-3.6248,-3.4480,-1.2617,1.0870,-3.6248,-3.4479,0.0163,-0.1135,0.0321,-0.1550,0.0164,-0.1135,0.0373,-0.0220,0.0293,-0.0108,0.0418,-0.0023,0.3333,0.0000,1.0000,0.0000,2.7853,1.0608,-1.2604,1.0165,-6.4200,-4.1865,-0.0954,-0.0021,0.0313,-0.1454,-0.1122,-0.0010
1786060607.8547,-3.6248,-3.4480,-1.2617,1.0870,-3.6248,-3.4479,0.0163,-0.1135,0.0321,-0.1550,0.0164,-0.1135,0.0373,-0.0220,0.0293,-0.0108,0.0418,-0.0023,0.3333,0.0000,1.0000,0.0000,2.7853,1.0608,-1.2604,1.0165,-6.4200,-4.1865,-0.0954,-0.0021,0.0313,-0.1454,-0.1122,-0.0010
1786060607.9047,-3.6248,-3.4480,-1.2687,1.0806,-3.6248,-3.4479,0.0163,-0.1135,0.0003,-0.1270,0.0164,-0.1135,0.0373,-0.0220,0.0367,-0.0164,0.0418,-0.0023,0.3333,0.0000,1.0000,0.0000,2.7758,1.0608,-1.2571,1.0023,-6.4312,-4.1863,-0.0941,0.0014,0.0333,-0.1413,-0.1110,0.0026
1786060607.9546,-3.6248,-3.4480,-1.2687,1.0806,-3.6248,-3.4479,0.0163,-0.1135,0.0003,-0.1270,0.0164,-0.1135,0.0373,-0.0220,0.0365,-0.0161,0.0418,-0.0023,0.3333,0.0000,1.0000,0.0000,2.7758,1.0608,-1.2571,1.0023,-6.4312,-4.1863,-0.0941,0.0014,0.0333,-0.1413,-0.1110,0.0026
1786060608.0046,-3.6248,-3.4480,-1.2678,1.0687,-3.6248,-3.4479,0.0163,-0.1135,0.0032,-0.1252,0.0164,-0.1135,0.0373,-0.0220,0.0371,-0.0152,0.0418,-0.0023,0.3333,0.0000,1.0000,0.0000,2.7665,1.0607,-1.2537,0.9879,-6.4422,-4.1863,-0.0934,-0.0055,0.0350,-0.1478,-0.1103,-0.0042
1786060608.0546,-3.6248,-3.4480,-1.2678,1.0687,-3.6248,-3.4479,0.0163,-0.1135,0.0032,-0.1252,0.0164,-0.1135,0.0373,-0.0220,0.0372,-0.0152,0.0418,-0.0023,0.3333,0.0000,1.0000,0.0000,2.7665,1.0607,-1.2537,0.9879,-6.4422,-4.1863,-0.0934,-0.0055,0.0350,-0.1478,-0.1103,-0.0042
1786060608.1046,-3.6248,-3.4480,-1.2644,1.0501,-3.6248,-3.4479,0.0163,-0.1135,0.0128,-0.1443,0.0164,-0.1135,0.0373,-0.0220,0.0327,-0.0136,0.0418,-0.0023,0.3333,0.0000,1.0000,0.0000,2.7571,1.0596,-1.2501,0.9725,-6.4533,-4.1873,-0.0940,-0.0151,0.0360,-0.1575,-0.1110,-0.0137
1786060608.1546,-3.6248,-3.4480,-1.2644,1.0501,-3.6248,-3.4479,0.0163,-0.1135,0.0128,-0.1443,0.0164,-0.1135,0.0373,-0.0220,0.0327,-0.0137,0.0418,-0.0023,0.3333,0.0000,1.0000,0.0000,2.7571,1.0596,-1.2501,0.9725,-6.4533,-4.1873,-0.0940,-0.0151,0.0360,-0.1575,-0.1110,-0.0137
1786060608.2046,-3.6248,-3.4480,-1.2568,1.0296,-3.6248,-3.4479,0.0163,-0.1135,0.0325,-0.1634,0.0164,-0.1135,0.0373,-0.0220,0.0288,-0.0106,0.0418,-0.0023,0.3333,0.0000,1.0000,0.0000,2.7476,1.0579,-1.2465,0.9565,-6.4644,-4.1889,-0.0952,-0.0169,0.0367,-0.1597,-0.1122,-0.0153
1786060608.2546,-3.6248,-3.4480,-1.2568,1.0296,-3.6248,-3.4479,0.0163,-0.1135,0.0325,-0.1634,0.0164,-0.1135,0.0373,-0.0220,0.0289,-0.0107,0.0418,-0.0023,0.3333,0.0000,1.0000,0.0000,2.7476,1.0579,-1.2465,0.9565,-6.4644,-4.1889,-0.0952,-0.0169,0.0367,-0.1597,-0.1122,-0.0153
1786060608.3050,-3.6248,-3.4480,-1.2501,1.0126,-3.6248,-3.4479,0.0163,-0.1135,0.0434,-0.1663,0.0164,-0.1135,0.0373,-0.0220,0.0281,-0.0091,0.0418,-0.0023,0.3333,0.0000,1.0000,0.0000,2.7381,1.0565,-1.2428,0.9410,-6.4757,-4.1900,-0.0956,-0.0089,0.0379,-0.1516,-0.1126,-0.0073
1786060608.3546,-3.6248,-3.4480,-1.2501,1.0126,-3.6248,-3.4479,0.0163,-0.1135,0.0434,-0.1663,0.0164,-0.1135,0.0373,-0.0220,0.0281,-0.0092,0.0418,-0.0023,0.3333,0.0000,1.0000,0.0000,2.7381,1.0565,-1.2428,0.9410,-6.4757,-4.1900,-0.0956,-0.0089,0.0379,-0.1516,-0.1126,-0.0073
1786060608.4046,-3.6248,-3.4480,-1.2483,0.9989,-3.6248,-3.4479,0.0163,-0.1135,0.0357,-0.1578,0.0164,-0.1135,0.0373,-0.0220,0.0301,-0.0100,0.0418,-0.0023,0.3333,0.0000,1.0000,0.0000,2.7285,1.0562,-1.2389,0.9264,-6.4869,-4.1902,-0.0947,-0.0002,0.0396,-0.1421,-0.1117,0.0015
1786060608.4546,-3.6248,-3.4480,-1.2483,0.9989,-3.6248,-3.4479,0.0163,-0.1135,0.0357,-0.1578,0.0164,-0.1135,0.0373,-0.0220,0.0301,-0.0100,0.0418,-0.0023,0.3333,0.0000,1.0000,0.0000,2.7285,1.0562,-1.2389,0.9264,-6.4869,-4.1902,-0.0947,-0.0002,0.0396,-0.1421,-0.1117,0.0015
1786060608.5047,-3.6248,-3.4480,-1.2428,0.9822,-3.6248,-3.4479,0.0163,-0.1135,0.0417,-0.1609,0.0164,-0.1135,0.0373,-0.0220,0.0294,-0.0091,0.0418,-0.0023,0.3333,0.0000,1.0000,0.0000,2.7191,1.0562,-1.2348,0.9123,-6.4980,-4.1900,-0.0937,-0.0007,0.0409,-0.1412,-0.1104,0.0011
1786060608.5546,-3.6248,-3.4480,-1.2428,0.9822,-3.6248,-3.4479,0.0163,-0.1135,0.0417,-0.1609,0.0164,-0.1135,0.0373,-0.0220,0.0295,-0.0091,0.0418,-0.0023,0.3333,0.0000,1.0000,0.0000,2.7191,1.0562,-1.2348,0.9123,-6.4980,-4.1900,-0.0937,-0.0007,0.0409,-0.1412,-0.1104,0.0011
1786060608.6046,-3.6248,-3.4480,-1.2408,0.9664,-3.6248,-3.4479,0.0163,-0.1135,0.0349,-0.1601,0.0164,-0.1135,0.0373,-0.0220,0.0303,-0.0100,0.0418,-0.0023,0.3333,0.0000,1.0000,0.0000,2.7098,1.0557,-1.2307,0.8978,-6.5090,-4.1903,-0.0936,-0.0099,0.0413,-0.1491,-0.1101,-0.0080
1786060608.6546,-3.6248,-3.4480,-1.2408,0.9664,-3.6248,-3.4479,0.0163,-0.1135,0.0349,-0.1601,0.0164,-0.1135,0.0373,-0.0220,0.0302,-0.0100,0.0418,-0.0023,0.3333,0.0000,1.0000,0.0000,2.7098,1.0557,-1.2307,0.8978,-6.5090,-4.1903,-0.0936,-0.0099,0.0413,-0.1491,-0.1101,-0.0080
1786060608.7046,-3.6248,-3.4480,-1.2363,0.9501,-3.6248,-3.4479,0.0163,-0.1135,0.0370,-0.1566,0.0164,-0.1135,0.0373,-0.0220,0.0309,-0.0095,0.0418,-0.0023,0.3333,0.0000,1.0000,0.0000,2.7004,1.0542,-1.2266,0.8824,-6.5201,-4.1916,-0.0947,-0.0176,0.0407,-0.1556,-0.1111,-0.0157
1786060608.7546,-3.6248,-3.4480,-1.2363,0.9501,-3.6248,-3.4479,0.0163,-0.1135,0.0370,-0.1566,0.0164,-0.1135,0.0373,-0.0220,0.0309,-0.0095,0.0418,-0.0023,0.3333,0.0000,1.0000,0.0000,2.7004,1.0542,-1.2266,0.8824,-6.5201,-4.1916,-0.0947,-0.0176,0.0407,-0.1556,-0.1111,-0.0157
1786060608.8046,-3.6248,-3.4480,-1.2298,0.9299,-3.6248,-3.4479,0.0163,-0.1135,0.0462,-0.1714,0.0164,-0.1135,0.0373,-0.0220,0.0284,-0.0084,0.0418,-0.0023,0.3333,0.0000,1.0000,0.0000,2.6908,1.0525,-1.2226,0.8670,-6.5312,-4.1931,-0.0960,-0.0153,0.0398,-0.1519,-0.1121,-0.0134
1786060608.8546,-3.6248,-3.4480,-1.2298,0.9299,-3.6248,-3.4479,0.0163,-0.1135,0.0462,-0.1714,0.0164,-0.1135,0.0373,-0.0220,0.0285,-0.0085,0.0418,-0.0023,0.3333,0.0000,1.0000,0.0000,2.6908,1.0525,-1.2226,0.8670,-6.5312,-4.1931,-0.0960,-0.0153,0.0398,-0.1519,-0.1121,-0.0134
1786060608.9046,-3.6248,-3.4480,-1.2248,0.9145,-3.6248,-3.4479,0.0163,-0.1135,0.0472,-0.1657,0.0164,-0.1135,0.0373,-0.0220,0.0294,-0.0081,0.0418,-0.0023,0.3333,0.0000,1.0000,0.0000,2.6812,1.0515,-1.2186,0.8524,-6.5425,-4.1940,-0.0962,-0.0058,0.0397,-0.1404,-0.1119,-0.0037
1786060608.9547,-3.6248,-3.4480,-1.2248,0.9145,-3.6248,-3.4479,0.0163,-0.1135,0.0472,-0.1657,0.0164,-0.1135,0.0373,-0.0220,0.0294,-0.0081,0.0418,-0.0023,0.3333,0.0000,1.0000,0.0000,2.6812,1.0515,-1.2186,0.8524,-6.5425,-4.1940,-0.0962,-0.0058,0.0397,-0.1404,-0.1119,-0.0037
1786060609.0047,-3.6248,-3.4480,-1.2189,0.8993,-3.6248,-3.4479,0.0163,-0.1135,0.0512,-0.1623,0.0164,-0.1135,0.0373,-0.0220,0.0298,-0.0074,0.0418,-0.0023,0.3333,0.0000,1.0000,0.0000,2.6716,1.0513,-1.2146,0.8389,-6.5536,-4.1939,-0.0953,0.0004,0.0403,-0.1322,-0.1106,0.0025
1786060609.0546,-3.6248,-3.4480,-1.2189,0.8993,-3.6248,-3.4479,0.0163,-0.1135,0.0512,-0.1623,0.0164,-0.1135,0.0373,-0.0220,0.0298,-0.0073,0.0418,-0.0023,0.3333,0.0000,1.0000,0.0000,2.6716,1.0513,-1.2146,0.8389,-6.5536,-4.1939,-0.0953,0.0004,0.0403,-0.1322,-0.1106,0.0025
1786060609.1047,-3.6248,-3.4480,-1.2172,0.8847,-3.6248,-3.4479,0.0163,-0.1135,0.0400,-0.1560,0.0164,-0.1135,0.0373,-0.0220,0.0318,-0.0087,0.0418,-0.0023,0.3333,0.0000,1.0000,0.0000,2.6622,1.0512,-1.2106,0.8256,-6.5646,-4.1938,-0.0947,-0.0039,0.0410,-0.1347,-0.1096,-0.0017
1786060609.1546,-3.6248,-3.4480,-1.2172,0.8847,-3.6248,-3.4479,0.0163,-0.1135,0.0400,-0.1560,0.0164,-0.1135,0.0373,-0.0220,0.0318,-0.0087,0.0418,-0.0023,0.3333,0.0000,1.0000,0.0000,2.6622,1.0512,-1.2106,0.8256,-6.5646,-4.1938,-0.0947,-0.0039,0.0410,-0.1347,-0.1096,-0.0017
1786060609.2047,-3.6248,-3.4480,-1.2142,0.8720,-3.6248,-3.4479,0.0163,-0.1135,0.0367,-0.1465,0.0164,-0.1135,0.0373,-0.0220,0.0338,-0.0086,0.0418,-0.0023,0.3333,0.0000,1.0000,0.0000,2.6527,1.0503,-1.2064,0.8116,-6.5755,-4.1945,-0.0954,-0.0138,0.0412,-0.1436,-0.1097,-0.0116
1786060609.2547,-3.6248,-3.4480,-1.2142,0.8720,-3.6248,-3.4479,0.0163,-0.1135,0.0367,-0.1465,0.0164,-0.1135,0.0373,-0.0220,0.0338,-0.0085,0.0418,-0.0023,0.3333,0.0000,1.0000,0.0000,2.6527,1.0503,-1.2064,0.8116,-6.5755,-4.1945,-0.0954,-0.0138,0.0412,-0.1436,-0.1097,-0.0116
1786060609.3048,-3.6248,-3.4480,-1.2115,0.8583,-3.6248,-3.4479,0.0163,-0.1135,0.0340,-0.1440,0.0164,-0.1135,0.0373,-0.0220,0.0346,-0.0088,0.0418,-0.0023,0.3333,0.0000,1.0000,0.0000,2.6430,1.0485,-1.2023,0.7970,-6.5866,-4.1960,-0.0971,-0.0183,0.0411,-0.1477,-0.1109,-0.0162
1786060609.3546,-3.6248,-3.4480,-1.2115,0.8583,-3.6248,-3.4479,0.0163,-0.1135,0.0340,-0.1440,0.0164,-0.1135,0.0373,-0.0220,0.0346,-0.0088,0.0418,-0.0023,0.3333,0.0000,1.0000,0.0000,2.6430,1.0485,-1.2023,0.7970,-6.5866,-4.1960,-0.0971,-0.0183,0.0411,-0.1477,-0.1109,-0.0162
1786060609.4046,-3.6248,-3.4480,-1.2075,0.8454,-3.6248,-3.4479,0.0163,-0.1135,0.0360,-0.1398,0.0164,-0.1135,0.0373,-0.0220,0.0355,-0.0079,0.0418,-0.0023,0.3333,0.0000,1.0000,0.0000,2.6332,1.0470,-1.1982,0.7825,-6.5977,-4.1974,-0.0983,-0.0124,0.0418,-0.1414,-0.1115,-0.0103
1786060609.4546,-3.6248,-3.4480,-1.2075,0.8454,-3.6248,-3.4479,0.0163,-0.1135,0.0360,-0.1398,0.0164,-0.1135,0.0373,-0.0220,0.0355,-0.0079,0.0418,-0.0023,0.3333,0.0000,1.0000,0.0000,2.6332,1.0470,-1.1982,0.7825,-6.5977,-4.1974,-0.0983,-0.0124,0.0418,-0.1414,-0.1115,-0.0103
1786060609.5047,-3.6248,-3.4480,-1.2028,0.8325,-3.6248,-3.4479,0.0163,-0.1135,0.0396,-0.1370,0.0164,-0.1135,0.0373,-0.0220,0.0359,-0.0068,0.0418,-0.0023,0.3333,0.0000,1.0000,0.0000,2.6234,1.0463,-1.1939,0.7689,-6.6088,-4.1979,-0.0982,-0.0026,0.0440,-0.1312,-0.1107,-0.0006
1786060609.5546,-3.6248,-3.4480,-1.2028,0.8325,-3.6248,-3.4479,0.0163,-0.1135,0.0396,-0.1370,0.0164,-0.1135,0.0373,-0.0220,0.0359,-0.0068,0.0418,-0.0023,0.3333,0.0000,1.0000,0.0000,2.6234,1.0463,-1.1939,0.7689,-6.6088,-4.1979,-0.0982,-0.0026,0.0440,-0.1312,-0.1107,-0.0006
1786060609.6046,-3.6248,-3.4480,-1.2002,0.8183,-3.6248,-3.4479,0.0163,-0.1135,0.0354,-0.1392,0.0164,-0.1135,0.0373,-0.0220,0.0361,-0.0078,0.0418,-0.0023,0.3333,0.0000,1.0000,0.0000,2.6136,1.0463,-1.1894,0.7561,-6.6198,-4.1977,-0.0975,0.0001,0.0468,-0.1281,-0.1093,0.0020
1786060609.6547,-3.6248,-3.4480,-1.2002,0.8183,-3.6248,-3.4479,0.0163,-0.1135,0.0354,-0.1392,0.0164,-0.1135,0.0373,-0.0220,0.0360,-0.0078,0.0418,-0.0023,0.3333,0.0000,1.0000,0.0000,2.6136,1.0463,-1.1894,0.7561,-6.6198,-4.1977,-0.0975,0.0001,0.0468,-0.1281,-0.1093,0.0020
1786060609.7047,-3.6248,-3.4480,-1.2007,0.8072,-3.6248,-3.4479,0.0163,-0.1135,0.0226,-0.1303,0.0164,-0.1135,0.0373,-0.0220,0.0390,-0.0098,0.0418,-0.0023,0.3333,0.0000,1.0000,0.0000,2.6039,1.0459,-1.1845,0.7429,-6.6307,-4.1979,-0.0975,-0.0073,0.0491,-0.1351,-0.1086,-0.0054
1786060609.7547,-3.6248,-3.4480,-1.2007,0.8072,-3.6248,-3.4479,0.0163,-0.1135,0.0226,-0.1303,0.0164,-0.1135,0.0373,-0.0220,0.0389,-0.0097,0.0418,-0.0023,0.3333,0.0000,1.0000,0.0000,2.6039,1.0459,-1.1845,0.7429,-6.6307,-4.1979,-0.0975,-0.0073,0.0491,-0.1351,-0.1086,-0.0054
1786060609.8046,-3.6248,-3.4480,-1.1969,0.7915,-3.6248,-3.4479,0.0163,-0.1135,0.0277,-0.1390,0.0164,-0.1135,0.0373,-0.0220,0.0368,-0.0093,0.0418,-0.0023,0.3333,0.0000,1.0000,0.0000,2.5941,1.0447,-1.1796,0.7289,-6.6416,-4.1989,-0.0989,-0.0164,0.0502,-0.1439,-0.1092,-0.0146
1786060609.8547,-3.6248,-3.4480,-1.1969,0.7915,-3.6248,-3.4479,0.0163,-0.1135,0.0277,-0.1390,0.0164,-0.1135,0.0373,-0.0220,0.0368,-0.0094,0.0418,-0.0023,0.3333,0.0000,1.0000,0.0000,2.5941,1.0447,-1.1796,0.7289,-6.6416,-4.1989,-0.0989,-0.0164,0.0502,-0.1439,-0.1092,-0.0146
1786060609.9046,-3.6248,-3.4480,-1.1920,0.7783,-3.6248,-3.4479,0.0163,-0.1135,0.0345,-0.1372,0.0164,-0.1135,0.0373,-0.0220,0.0370,-0.0076,0.0418,-0.0023,0.3333,0.0000,1.0000,0.0000,2.5841,1.0429,-1.1745,0.7144,-6.6526,-4.2005,-0.1009,-0.0170,0.0510,-0.1444,-0.1104,-0.0153
1786060609.9547,-3.6248,-3.4480,-1.1920,0.7783,-3.6248,-3.4479,0.0163,-0.1135,0.0345,-0.1372,0.0164,-0.1135,0.0373,-0.0220,0.0370,-0.0076,0.0418,-0.0023,0.3333,0.0000,1.0000,0.0000,2.5841,1.0429,-1.1745,0.7144,-6.6526,-4.2005,-0.1009,-0.0170,0.0510,-0.1444,-0.1104,-0.0153
1786060610.0046,-3.6248,-3.4480,-1.1867,0.7651,-3.6248,-3.4479,0.0163,-0.1135,0.0402,-0.1359,0.0164,-0.1135,0.0373,-0.0220,0.0370,-0.0062,0.0418,-0.0023,0.3333,0.0000,1.0000,0.0000,2.5739,1.0416,-1.1693,0.7004,-6.6636,-4.2016,-0.1019,-0.0083,0.0525,-0.1355,-0.1106,-0.0067
1786060610.0546,-3.6248,-3.4480,-1.1867,0.7651,-3.6248,-3.4479,0.0163,-0.1135,0.0402,-0.1359,0.0164,-0.1135,0.0373,-0.0220,0.0370,-0.0062,0.0418,-0.0023,0.3333,0.0000,1.0000,0.0000,2.5739,1.0416,-1.1693,0.7004,-6.6636,-4.2016,-0.1019,-0.0083,0.0525,-0.1355,-0.1106,-0.0067
1786060610.1047,-3.6248,-3.4480,-1.1845,0.7535,-3.6248,-3.4479,0.0163,-0.1135,0.0346,-0.1300,0.0164,-0.1135,0.0373,-0.0220,0.0390,-0.0065,0.0418,-0.0023,0.3333,0.0000,1.0000,0.0000,2.5637,1.0413,-1.1639,0.6874,-6.6746,-4.2018,-0.1017,0.0001,0.0547,-0.1262,-0.1094,0.0015
1786060610.1546,-3.6248,-3.4480,-1.1845,0.7535,-3.6248,-3.4479,0.0163,-0.1135,0.0346,-0.1300,0.0164,-0.1135,0.0373,-0.0220,0.0389,-0.0065,0.0418,-0.0023,0.3333,0.0000,1.0000,0.0000,2.5637,1.0413,-1.1639,0.6874,-6.6746,-4.2018,-0.1017,0.0001,0.0547,-0.1262,-0.1094,0.0015
1786060610.2046,-3.6248,-3.4480,-1.1798,0.7424,-3.6248,-3.4479,0.0163,-0.1135,0.0387,-0.1243,0.0164,-0.1135,0.0373,-0.0220,0.0399,-0.0046,0.0418,-0.0023,0.3333,0.0000,1.0000,0.0000,2.5536,1.0414,-1.1584,0.6749,-6.6855,-4.2016,-0.1013,-0.0011,0.0564,-0.1260,-0.1081,0.0001
1786060610.2547,-3.6248,-3.4480,-1.1798,0.7424,-3.6248,-3.4479,0.0163,-0.1135,0.0387,-0.1243,0.0164,-0.1135,0.0373,-0.0220,0.0400,-0.0045,0.0418,-0.0023,0.3333,0.0000,1.0000,0.0000,2.5536,1.0414,-1.1584,0.6749,-6.6855,-4.2016,-0.1013,-0.0011,0.0564,-0.1260,-0.1081,0.0001
1786060610.3046,-3.6248,-3.4480,-1.1740,0.7289,-3.6248,-3.4479,0.0163,-0.1135,0.0446,-0.1277,0.0164,-0.1135,0.0373,-0.0220,0.0387,-0.0038,0.0418,-0.0023,0.3333,0.0000,1.0000,0.0000,2.5434,1.0408,-1.1527,0.6619,-6.6963,-4.2021,-0.1020,-0.0103,0.0571,-0.1338,-0.1078,-0.0093
1786060610.3546,-3.6248,-3.4480,-1.1740,0.7289,-3.6248,-3.4479,0.0163,-0.1135,0.0446,-0.1277,0.0164,-0.1135,0.0373,-0.0220,0.0387,-0.0038,0.0418,-0.0023,0.3333,0.0000,1.0000,0.0000,2.5434,1.0408,-1.1527,0.6619,-6.6963,-4.2021,-0.1020,-0.0103,0.0571,-0.1338,-0.1078,-0.0093
1786060610.4047,-3.6248,-3.4480,-1.1717,0.7186,-3.6248,-3.4479,0.0163,-0.1135,0.0380,-0.1206,0.0164,-0.1135,0.0373,-0.0220,0.0413,-0.0039,0.0418,-0.0023,0.3333,0.0000,1.0000,0.0000,2.5331,1.0393,-1.1470,0.6481,-6.7071,-4.2035,-0.1039,-0.0172,0.0570,-0.1395,-0.1087,-0.0163
1786060610.4546,-3.6248,-3.4480,-1.1717,0.7186,-3.6248,-3.4479,0.0163,-0.1135,0.0380,-0.1206,0.0164,-0.1135,0.0373,-0.0220,0.0412,-0.0038,0.0418,-0.0023,0.3333,0.0000,1.0000,0.0000,2.5331,1.0393,-1.1470,0.6481,-6.7071,-4.2035,-0.1039,-0.0172,0.0570,-0.1395,-0.1087,-0.0163
1786060610.5047,-3.6248,-3.4480,-1.1647,0.7040,-3.6248,-3.4479,0.0163,-0.1135,0.0470,-0.1248,0.0164,-0.1135,0.0373,-0.0220,0.0393,-0.0026,0.0418,-0.0023,0.3333,0.0000,1.0000,0.0000,2.5226,1.0377,-1.1413,0.6343,-6.7180,-4.2050,-0.1058,-0.0137,0.0569,-0.1349,-0.1096,-0.0130
1786060610.5547,-3.6248,-3.4480,-1.1647,0.7040,-3.6248,-3.4479,0.0163,-0.1135,0.0470,-0.1248,0.0164,-0.1135,0.0373,-0.0220,0.0393,-0.0026,0.0418,-0.0023,0.3333,0.0000,1.0000,0.0000,2.5226,1.0377,-1.1413,0.6343,-6.7180,-4.2050,-0.1058,-0.0137,0.0569,-0.1349,-0.1096,-0.0130
1786060610.6046,-3.6248,-3.4480,-1.1605,0.6928,-3.6248,-3.4479,0.0163,-0.1135,0.0455,-0.1211,0.0164,-0.1135,0.0373,-0.0220,0.0405,-0.0021,0.0418,-0.0023,0.3333,0.0000,1.0000,0.0000,2.5120,1.0369,-1.1356,0.6214,-6.7290,-4.2058,-0.1063,-0.0036,0.0579,-0.1235,-0.1092,-0.0032
1786060610.6547,-3.6248,-3.4480,-1.1605,0.6928,-3.6248,-3.4479,0.0163,-0.1135,0.0455,-0.1211,0.0164,-0.1135,0.0373,-0.0220,0.0405,-0.0021,0.0418,-0.0023,0.3333,0.0000,1.0000,0.0000,2.5120,1.0369,-1.1356,0.6214,-6.7290,-4.2058,-0.1063,-0.0036,0.0579,-0.1235,-0.1092,-0.0032
1786060610.7047,-3.6248,-3.4480,-1.1531,0.6797,-3.6248,-3.4479,0.0163,-0.1135,0.0546,-0.1243,0.0164,-0.1135,0.0373,-0.0220,0.0386,-0.0009,0.0418,-0.0023,0.3333,0.0000,1.0000,0.0000,2.5014,1.0369,-1.1297,0.6095,-6.7398,-4.2057,-0.1059,0.0020,0.0594,-0.1164,-0.1079,0.0023
1786060610.7547,-3.6248,-3.4480,-1.1531,0.6797,-3.6248,-3.4479,0.0163,-0.1135,0.0546,-0.1243,0.0164,-0.1135,0.0373,-0.0220,0.0387,-0.0009,0.0418,-0.0023,0.3333,0.0000,1.0000,0.0000,2.5014,1.0369,-1.1297,0.6095,-6.7398,-4.2057,-0.1059,0.0020,0.0594,-0.1164,-0.1079,0.0023
1786060610.8047,-3.6248,-3.4480,-1.1452,0.6643,-3.6248,-3.4479,0.0163,-0.1135,0.0624,-0.1344,0.0164,-0.1135,0.0373,-0.0220,0.0362,-0.0012,0.0418,-0.0023,0.3333,0.0000,1.0000,0.0000,2.4908,1.0369,-1.1237,0.5978,-6.7505,-4.2057,-0.1059,-0.0029,0.0608,-0.1199,-0.1069,-0.0029
1786060610.8547,-3.6248,-3.4480,-1.1452,0.6643,-3.6248,-3.4479,0.0163,-0.1135,0.0624,-0.1344,0.0164,-0.1135,0.0373,-0.0220,0.0362,-0.0013,0.0418,-0.0023,0.3333,0.0000,1.0000,0.0000,2.4908,1.0369,-1.1237,0.5978,-6.7505,-4.2057,-0.1059,-0.0029,0.0608,-0.1199,-0.1069,-0.0029
1786060610.9046,-3.6248,-3.4480,-1.1384,0.6476,-3.6248,-3.4479,0.0163,-0.1135,0.0641,-0.1445,0.0164,-0.1135,0.0373,-0.0220,0.0346,-0.0024,0.0418,-0.0023,0.3333,0.0000,1.0000,0.0000,2.4802,1.0361,-1.1175,0.5853,-6.7612,-4.2066,-0.1072,-0.0126,0.0614,-0.1285,-0.1071,-0.0128
1786060610.9546,-3.6248,-3.4480,-1.1384,0.6476,-3.6248,-3.4479,0.0163,-0.1135,0.0641,-0.1445,0.0164,-0.1135,0.0373,-0.0220,0.0346,-0.0024,0.0418,-0.0023,0.3333,0.0000,1.0000,0.0000,2.4802,1.0361,-1.1175,0.5853,-6.7612,-4.2066,-0.1072,-0.0126,0.0614,-0.1285,-0.1071,-0.0128
1786060611.0047,-3.6248,-3.4480,-1.1292,0.6297,-3.6248,-3.4479,0.0163,-0.1135,0.0723,-0.1541,0.0164,-0.1135,0.0373,-0.0220,0.0326,-0.0021,0.0418,-0.0023,0.3333,0.0000,1.0000,0.0000,2.4693,1.0345,-1.1114,0.5722,-6.7720,-4.2081,-0.1093,-0.0161,0.0614,-0.1310,-0.1083,-0.0165
1786060611.0547,-3.6248,-3.4480,-1.1292,0.6297,-3.6248,-3.4479,0.0163,-0.1135,0.0723,-0.1541,0.0164,-0.1135,0.0373,-0.0220,0.0326,-0.0022,0.0418,-0.0023,0.3333,0.0000,1.0000,0.0000,2.4693,1.0345,-1.1114,0.5722,-6.7720,-4.2081,-0.1093,-0.0161,0.0614,-0.1310,-0.1083,-0.0165
1786060611.1047,-3.6248,-3.4480,-1.1223,0.6148,-3.6248,-3.4479,0.0163,-0.1135,0.0715,-0.1530,0.0164,-0.1135,0.0373,-0.0220,0.0330,-0.0021,0.0418,-0.0023,0.3333,0.0000,1.0000,0.0000,2.4583,1.0332,-1.1052,0.5595,-6.7829,-4.2095,-0.1107,-0.0092,0.0618,-0.1229,-0.1088,-0.0098
1786060611.1546,-3.6248,-3.4480,-1.1223,0.6148,-3.6248,-3.4479,0.0163,-0.1135,0.0715,-0.1530,0.0164,-0.1135,0.0373,-0.0220,0.0330,-0.0021,0.0418,-0.0023,0.3333,0.0000,1.0000,0.0000,2.4583,1.0332,-1.1052,0.5595,-6.7829,-4.2095,-0.1107,-0.0092,0.0618,-0.1229,-0.1088,-0.0098
1786060611.2048,-3.6248,-3.4480,-1.1151,0.6022,-3.6248,-3.4479,0.0163,-0.1135,0.0719,-0.1450,0.0164,-0.1135,0.0373,-0.0220,0.0342,-0.0011,0.0418,-0.0023,0.3333,0.0000,1.0000,0.0000,2.4472,1.0329,-1.0990,0.5479,-6.7937,-4.2099,-0.1107,0.0005,0.0632,-0.1117,-0.1079,-0.0003
1786060611.2547,-3.6248,-3.4480,-1.1151,0.6022,-3.6248,-3.4479,0.0163,-0.1135,0.0719,-0.1450,0.0164,-0.1135,0.0373,-0.0220,0.0342,-0.0010,0.0418,-0.0023,0.3333,0.0000,1.0000,0.0000,2.4472,1.0329,-1.0990,0.5479,-6.7937,-4.2099,-0.1107,0.0005,0.0632,-0.1117,-0.1079,-0.0003
1786060611.3048,-3.6248,-3.4480,-1.1080,0.5888,-3.6248,-3.4479,0.0163,-0.1135,0.0717,-0.1417,0.0164,-0.1135,0.0373,-0.0220,0.0349,-0.0006,0.0418,-0.0023,0.3333,0.0000,1.0000,0.0000,2.4362,1.0331,-1.0926,0.5370,-6.8044,-4.2097,-0.1102,0.0024,0.0644,-0.1079,-0.1065,0.0014
1786060611.3547,-3.6248,-3.4480,-1.1080,0.5888,-3.6248,-3.4479,0.0163,-0.1135,0.0717,-0.1417,0.0164,-0.1135,0.0373,-0.0220,0.0349,-0.0005,0.0418,-0.0023,0.3333,0.0000,1.0000,0.0000,2.4362,1.0331,-1.0926,0.5370,-6.8044,-4.2097,-0.1102,0.0024,0.0644,-0.1079,-0.1065,0.0014
1786060611.4046,-3.6248,-3.4480,-1.1044,0.5784,-3.6248,-3.4479,0.0163,-0.1135,0.0608,-0.1302,0.0164,-0.1135,0.0373,-0.0220,0.0381,-0.0004,0.0418,-0.0023,0.3333,0.0000,1.0000,0.0000,2.4252,1.0330,-1.0861,0.5259,-6.8151,-4.2100,-0.1105,-0.0055,0.0645,-0.1138,-0.1060,-0.0066
1786060611.4546,-3.6248,-3.4480,-1.1044,0.5784,-3.6248,-3.4479,0.0163,-0.1135,0.0608,-0.1302,0.0164,-0.1135,0.0373,-0.0220,0.0380,-0.0003,0.0418,-0.0023,0.3333,0.0000,1.0000,0.0000,2.4252,1.0330,-1.0861,0.5259,-6.8151,-4.2100,-0.1105,-0.0055,0.0645,-0.1138,-0.1060,-0.0066
1786060611.5047,-3.6248,-3.4480,-1.0973,0.5658,-3.6248,-3.4479,0.0163,-0.1135,0.0638,-0.1290,0.0164,-0.1135,0.0373,-0.0220,0.0380,0.0005,0.0418,-0.0023,0.3333,0.0000,1.0000,0.0000,2.4140,1.0319,-1.0797,0.5141,-6.8257,-4.2112,-0.1121,-0.0141,0.0638,-0.1206,-0.1067,-0.0154
1786060611.5547,-3.6248,-3.4480,-1.0973,0.5658,-3.6248,-3.4479,0.0163,-0.1135,0.0638,-0.1290,0.0164,-0.1135,0.0373,-0.0220,0.0380,0.0005,0.0418,-0.0023,0.3333,0.0000,1.0000,0.0000,2.4140,1.0319,-1.0797,0.5141,-6.8257,-4.2112,-0.1121,-0.0141,0.0638,-0.1206,-0.1067,-0.0154
1786060611.6047,-3.6248,-3.4480,-1.0921,0.5546,-3.6248,-3.4479,0.0163,-0.1135,0.0605,-0.1240,0.0164,-0.1135,0.0373,-0.0220,0.0394,0.0010,0.0418,-0.0023,0.3333,0.0000,1.0000,0.0000,2.4027,1.0304,-1.0734,0.5021,-6.8364,-4.2128,-0.1140,-0.0137,0.0633,-0.1187,-0.1079,-0.0151
1786060611.6547,-3.6248,-3.4480,-1.0921,0.5546,-3.6248,-3.4479,0.0163,-0.1135,0.0605,-0.1240,0.0164,-0.1135,0.0373,-0.0220,0.0394,0.0010,0.0418,-0.0023,0.3333,0.0000,1.0000,0.0000,2.4027,1.0304,-1.0734,0.5021,-6.8364,-4.2128,-0.1140,-0.0137,0.0633,-0.1187,-0.1079,-0.0151
1786060611.7047,-3.6248,-3.4480,-1.0865,0.5444,-3.6248,-3.4479,0.0163,-0.1135,0.0592,-0.1176,0.0164,-0.1135,0.0373,-0.0220,0.0408,0.0023,0.0418,-0.0023,0.3333,0.0000,1.0000,0.0000,2.3913,1.0295,-1.0670,0.4907,-6.8472,-4.2139,-0.1147,-0.0046,0.0639,-0.1080,-0.1079,-0.0061
1786060611.7546,-3.6248,-3.4480,-1.0865,0.5444,-3.6248,-3.4479,0.0163,-0.1135,0.0592,-0.1176,0.0164,-0.1135,0.0373,-0.0220,0.0408,0.0024,0.0418,-0.0023,0.3333,0.0000,1.0000,0.0000,2.3913,1.0295,-1.0670,0.4907,-6.8472,-4.2139,-0.1147,-0.0046,0.0639,-0.1080,-0.1079,-0.0061
1786060611.8047,-3.6248,-3.4480,-1.0802,0.5330,-3.6248,-3.4479,0.0163,-0.1135,0.0597,-0.1152,0.0164,-0.1135,0.0373,-0.0220,0.0413,0.0032,0.0418,-0.0023,0.3333,0.0000,1.0000,0.0000,2.3798,1.0295,-1.0606,0.4805,-6.8579,-4.2140,-0.1141,0.0033,0.0654,-0.0984,-0.1066,0.0016
1786060611.8546,-3.6248,-3.4480,-1.0802,0.5330,-3.6248,-3.4479,0.0163,-0.1135,0.0597,-0.1152,0.0164,-0.1135,0.0373,-0.0220,0.0413,0.0032,0.0418,-0.0023,0.3333,0.0000,1.0000,0.0000,2.3798,1.0295,-1.0606,0.4805,-6.8579,-4.2140,-0.1141,0.0033,0.0654,-0.0984,-0.1066,0.0016
1786060611.9046,-3.6248,-3.4480,-1.0757,0.5230,-3.6248,-3.4479,0.0163,-0.1135,0.0551,-0.1106,0.0164,-0.1135,0.0373,-0.0220,0.0431,0.0037,0.0418,-0.0023,0.3333,0.0000,1.0000,0.0000,2.3684,1.0298,-1.0540,0.4708,-6.8685,-4.2139,-0.1136,0.0010,0.0665,-0.0986,-0.1055,-0.0007
1786060611.9546,-3.6248,-3.4480,-1.0757,0.5230,-3.6248,-3.4479,0.0163,-0.1135,0.0551,-0.1106,0.0164,-0.1135,0.0373,-0.0220,0.0430,0.0038,0.0418,-0.0023,0.3333,0.0000,1.0000,0.0000,2.3684,1.0298,-1.0540,0.4708,-6.8685,-4.2139,-0.1136,0.0010,0.0665,-0.0986,-0.1055,-0.0007
1786060612.0047,-3.6248,-3.4480,-1.0690,0.5117,-3.6248,-3.4479,0.0163,-0.1135,0.0590,-0.1116,0.0164,-0.1135,0.0373,-0.0220,0.0422,0.0043,0.0418,-0.0023,0.3333,0.0000,1.0000,0.0000,2.3571,1.0294,-1.0473,0.4605,-6.8791,-4.2144,-0.1141,-0.0086,0.0668,-0.1063,-0.1054,-0.0104
1786060612.0546,-3.6248,-3.4480,-1.0690,0.5117,-3.6248,-3.4479,0.0163,-0.1135,0.0590,-0.1116,0.0164,-0.1135,0.0373,-0.0220,0.0422,0.0043,0.0418,-0.0023,0.3333,0.0000,1.0000,0.0000,2.3571,1.0294,-1.0473,0.4605,-6.8791,-4.2144,-0.1141,-0.0086,0.0668,-0.1063,-0.1054,-0.0104
1786060612.1047,-3.6248,-3.4480,-1.0625,0.5004,-3.6248,-3.4479,0.0163,-0.1135,0.0613,-0.1125,0.0164,-0.1135,0.0373,-0.0220,0.0417,0.0045,0.0418,-0.0023,0.3333,0.0000,1.0000,0.0000,2.3456,1.0282,-1.0406,0.4496,-6.8897,-4.2159,-0.1157,-0.0149,0.0665,-0.1109,-0.1065,-0.0167
1786060612.1547,-3.6248,-3.4480,-1.0625,0.5004,-3.6248,-3.4479,0.0163,-0.1135,0.0613,-0.1125,0.0164,-0.1135,0.0373,-0.0220,0.0417,0.0045,0.0418,-0.0023,0.3333,0.0000,1.0000,0.0000,2.3456,1.0282,-1.0406,0.4496,-6.8897,-4.2159,-0.1157,-0.0149,0.0665,-0.1109,-0.1065,-0.0167
1786060612.2047,-3.6248,-3.4480,-1.0553,0.4900,-3.6248,-3.4479,0.0163,-0.1135,0.0641,-0.1087,0.0164,-0.1135,0.0373,-0.0220,0.0419,0.0061,0.0418,-0.0023,0.3333,0.0000,1.0000,0.0000,2.3339,1.0268,-1.0340,0.4387,-6.9004,-4.2174,-0.1171,-0.0106,0.0667,-0.1052,-0.1074,-0.0125
1786060612.2546,-3.6248,-3.4480,-1.0553,0.4900,-3.6248,-3.4479,0.0163,-0.1135,0.0641,-0.1087,0.0164,-0.1135,0.0373,-0.0220,0.0420,0.0062,0.0418,-0.0023,0.3333,0.0000,1.0000,0.0000,2.3339,1.0268,-1.0340,0.4387,-6.9004,-4.2174,-0.1171,-0.0106,0.0667,-0.1052,-0.1074,-0.0125
1786060612.3047,-3.6248,-3.4480,-1.0486,0.4795,-3.6248,-3.4479,0.0163,-0.1135,0.0649,-0.1077,0.0164,-0.1135,0.0373,-0.0220,0.0420,0.0067,0.0418,-0.0023,0.3333,0.0000,1.0000,0.0000,2.3222,1.0263,-1.0272,0.4288,-6.9111,-4.2182,-0.1170,-0.0007,0.0680,-0.0935,-0.1069,-0.0026
1786060612.3546,-3.6248,-3.4480,-1.0486,0.4795,-3.6248,-3.4479,0.0163,-0.1135,0.0649,-0.1077,0.0164,-0.1135,0.0373,-0.0220,0.0420,0.0067,0.0418,-0.0023,0.3333,0.0000,1.0000,0.0000,2.3222,1.0263,-1.0272,0.4288,-6.9111,-4.2182,-0.1170,-0.0007,0.0680,-0.0935,-0.1069,-0.0026
1786060612.4047,-3.6248,-3.4480,-1.0425,0.4682,-3.6248,-3.4479,0.0163,-0.1135,0.0642,-0.1100,0.0164,-0.1135,0.0373,-0.0220,0.0419,0.0060,0.0418,-0.0023,0.3333,0.0000,1.0000,0.0000,2.3106,1.0266,-1.0203,0.4199,-6.9217,-4.2181,-0.1160,0.0039,0.0698,-0.0868,-0.1056,0.0020
1786060612.4546,-3.6248,-3.4480,-1.0425,0.4682,-3.6248,-3.4479,0.0163,-0.1135,0.0642,-0.1100,0.0164,-0.1135,0.0373,-0.0220,0.0419,0.0059,0.0418,-0.0023,0.3333,0.0000,1.0000,0.0000,2.3106,1.0266,-1.0203,0.4199,-6.9217,-4.2181,-0.1160,0.0039,0.0698,-0.0868,-0.1056,0.0020
1786060612.5047,-3.6248,-3.4480,-1.0364,0.4590,-3.6248,-3.4479,0.0163,-0.1135,0.0631,-0.1046,0.0164,-0.1135,0.0373,-0.0220,0.0430,0.0075,0.0418,-0.0023,0.3333,0.0000,1.0000,0.0000,2.2990,1.0267,-1.0133,0.4111,-6.9322,-4.2181,-0.1154,-0.0020,0.0710,-0.0906,-0.1048,-0.0040
1786060612.5547,-3.6248,-3.4480,-1.0364,0.4590,-3.6248,-3.4479,0.0163,-0.1135,0.0631,-0.1046,0.0164,-0.1135,0.0373,-0.0220,0.0430,0.0076,0.0418,-0.0023,0.3333,0.0000,1.0000,0.0000,2.2990,1.0267,-1.0133,0.4111,-6.9322,-4.2181,-0.1154,-0.0020,0.0710,-0.0906,-0.1048,-0.0040
1786060612.6047,-3.6248,-3.4480,-1.0298,0.4493,-3.6248,-3.4479,0.0163,-0.1135,0.0641,-0.1019,0.0164,-0.1135,0.0373,-0.0220,0.0433,0.0087,0.0418,-0.0023,0.3333,0.0000,1.0000,0.0000,2.2874,1.0260,-1.0062,0.4016,-6.9427,-4.2191,-0.1161,-0.0118,0.0711,-0.0984,-0.1052,-0.0138
1786060612.6546,-3.6248,-3.4480,-1.0298,0.4493,-3.6248,-3.4479,0.0163,-0.1135,0.0641,-0.1019,0.0164,-0.1135,0.0373,-0.0220,0.0434,0.0088,0.0418,-0.0023,0.3333,0.0000,1.0000,0.0000,2.2874,1.0260,-1.0062,0.4016,-6.9427,-4.2191,-0.1161,-0.0118,0.0711,-0.0984,-0.1052,-0.0138
1786060612.7047,-3.6248,-3.4480,-1.0222,0.4385,-3.6248,-3.4479,0.0163,-0.1135,0.0677,-0.1040,0.0164,-0.1135,0.0373,-0.0220,0.0423,0.0087,0.0418,-0.0023,0.3333,0.0000,1.0000,0.0000,2.2757,1.0245,-0.9991,0.3916,-6.9533,-4.2207,-0.1176,-0.0146,0.0706,-0.0992,-0.1065,-0.0165
1786060612.7546,-3.6248,-3.4480,-1.0222,0.4385,-3.6248,-3.4479,0.0163,-0.1135,0.0677,-0.1040,0.0164,-0.1135,0.0373,-0.0220,0.0423,0.0086,0.0418,-0.0023,0.3333,0.0000,1.0000,0.0000,2.2757,1.0245,-0.9991,0.3916,-6.9533,-4.2207,-0.1176,-0.0146,0.0706,-0.0992,-0.1065,-0.0165
1786060612.8047,-3.6248,-3.4480,-1.0149,0.4273,-3.6248,-3.4479,0.0163,-0.1135,0.0698,-0.1068,0.0164,-0.1135,0.0373,-0.0220,0.0415,0.0081,0.0418,-0.0023,0.3333,0.0000,1.0000,0.0000,2.2639,1.0234,-0.9920,0.3821,-6.9640,-4.2220,-0.1183,-0.0073,0.0707,-0.0897,-0.1070,-0.0091
1786060612.8547,-3.6248,-3.4480,-1.0149,0.4273,-3.6248,-3.4479,0.0163,-0.1135,0.0698,-0.1068,0.0164,-0.1135,0.0373,-0.0220,0.0415,0.0080,0.0418,-0.0023,0.3333,0.0000,1.0000,0.0000,2.2639,1.0234,-0.9920,0.3821,-6.9640,-4.2220,-0.1183,-0.0073,0.0707,-0.0897,-0.1070,-0.0091
1786060612.9047,-3.6248,-3.4480,-1.0079,0.4183,-3.6248,-3.4479,0.0163,-0.1135,0.0695,-0.1010,0.0164,-0.1135,0.0373,-0.0220,0.0425,0.0099,0.0418,-0.0023,0.3333,0.0000,1.0000,0.0000,2.2521,1.0232,-0.9849,0.3738,-6.9747,-4.2224,-0.1174,0.0019,0.0719,-0.0782,-0.1061,0.0002
1786060612.9546,-3.6248,-3.4480,-1.0079,0.4183,-3.6248,-3.4479,0.0163,-0.1135,0.0695,-0.1010,0.0164,-0.1135,0.0373,-0.0220,0.0425,0.0101,0.0418,-0.0023,0.3333,0.0000,1.0000,0.0000,2.2521,1.0232,-0.9849,0.3738,-6.9747,-4.2224,-0.1174,0.0019,0.0719,-0.0782,-0.1061,0.0002
1786060613.0046,-3.6248,-3.4480,-1.0003,0.4097,-3.6248,-3.4479,0.0163,-0.1135,0.0710,-0.0959,0.0164,-0.1135,0.0373,-0.0220,0.0428,0.0122,0.0418,-0.0023,0.3333,0.0000,1.0000,0.0000,2.2405,1.0236,-0.9776,0.3663,-6.9852,-4.2222,-0.1162,0.0026,0.0735,-0.0751,-0.1049,0.0009
1786060613.0546,-3.6248,-3.4480,-1.0003,0.4097,-3.6248,-3.4479,0.0163,-0.1135,0.0710,-0.0959,0.0164,-0.1135,0.0373,-0.0220,0.0428,0.0123,0.0418,-0.0023,0.3333,0.0000,1.0000,0.0000,2.2405,1.0236,-0.9776,0.3663,-6.9852,-4.2222,-0.1162,0.0026,0.0735,-0.0751,-0.1049,0.0009
1786060613.1047,-3.6248,-3.4480,-0.9937,0.4010,-3.6248,-3.4479,0.0163,-0.1135,0.0690,-0.0928,0.0164,-0.1135,0.0373,-0.0220,0.0437,0.0133,0.0418,-0.0023,0.3333,0.0000,1.0000,0.0000,2.2289,1.0234,-0.9702,0.3584,-6.9957,-4.2225,-0.1158,-0.0060,0.0745,-0.0817,-0.1045,-0.0077
1786060613.1546,-3.6248,-3.4480,-0.9937,0.4010,-3.6248,-3.4479,0.0163,-0.1135,0.0690,-0.0928,0.0164,-0.1135,0.0373,-0.0220,0.0437,0.0134,0.0418,-0.0023,0.3333,0.0000,1.0000,0.0000,2.2289,1.0234,-0.9702,0.3584,-6.9957,-4.2225,-0.1158,-0.0060,0.0745,-0.0817,-0.1045,-0.0077
1786060613.2046,-3.6248,-3.4480,-0.9868,0.3915,-3.6248,-3.4479,0.0163,-0.1135,0.0694,-0.0936,0.0164,-0.1135,0.0373,-0.0220,0.0436,0.0132,0.0418,-0.0023,0.3333,0.0000,1.0000,0.0000,2.2173,1.0223,-0.9627,0.3499,-7.0062,-4.2238,-0.1167,-0.0144,0.0745,-0.0881,-0.1055,-0.0160
1786060613.2546,-3.6248,-3.4480,-0.9868,0.3915,-3.6248,-3.4479,0.0163,-0.1135,0.0694,-0.0936,0.0164,-0.1135,0.0373,-0.0220,0.0436,0.0132,0.0418,-0.0023,0.3333,0.0000,1.0000,0.0000,2.2173,1.0223,-0.9627,0.3499,-7.0062,-4.2238,-0.1167,-0.0144,0.0745,-0.0881,-0.1055,-0.0160
1786060613.3048,-3.6248,-3.4480,-0.9804,0.3821,-3.6248,-3.4479,0.0163,-0.1135,0.0676,-0.0939,0.0164,-0.1135,0.0373,-0.0220,0.0440,0.0129,0.0418,-0.0023,0.3333,0.0000,1.0000,0.0000,2.2055,1.0208,-0.9553,0.3411,-7.0168,-4.2254,-0.1179,-0.0132,0.0740,-0.0847,-0.1067,-0.0147
1786060613.3546,-3.6248,-3.4480,-0.9804,0.3821,-3.6248,-3.4479,0.0163,-0.1135,0.0676,-0.0939,0.0164,-0.1135,0.0373,-0.0220,0.0440,0.0129,0.0418,-0.0023,0.3333,0.0000,1.0000,0.0000,2.2055,1.0208,-0.9553,0.3411,-7.0168,-4.2254,-0.1179,-0.0132,0.0740,-0.0847,-0.1067,-0.0147
1786060613.4046,-3.6248,-3.4480,-0.9729,0.3739,-3.6248,-3.4479,0.0163,-0.1135,0.0695,-0.0894,0.0164,-0.1135,0.0373,-0.0220,0.0441,0.0150,0.0418,-0.0023,0.3333,0.0000,1.0000,0.0000,2.1937,1.0200,-0.9479,0.3333,-7.0275,-4.2264,-0.1177,-0.0039,0.0746,-0.0729,-0.1067,-0.0054
1786060613.4546,-3.6248,-3.4480,-0.9729,0.3739,-3.6248,-3.4479,0.0163,-0.1135,0.0695,-0.0894,0.0164,-0.1135,0.0373,-0.0220,0.0441,0.0151,0.0418,-0.0023,0.3333,0.0000,1.0000,0.0000,2.1937,1.0200,-0.9479,0.3333,-7.0275,-4.2264,-0.1177,-0.0039,0.0746,-0.0729,-0.1067,-0.0054
1786060613.5047,-3.6248,-3.4480,-0.9654,0.3662,-3.6248,-3.4479,0.0163,-0.1135,0.0712,-0.0857,0.0164,-0.1135,0.0373,-0.0220,0.0440,0.0170,0.0418,-0.0023,0.3333,0.0000,1.0000,0.0000,2.1820,1.0200,-0.9403,0.3266,-7.0381,-4.2265,-0.1164,0.0031,0.0764,-0.0635,-0.1056,0.0017
1786060613.5546,-3.6248,-3.4480,-0.9654,0.3662,-3.6248,-3.4479,0.0163,-0.1135,0.0712,-0.0857,0.0164,-0.1135,0.0373,-0.0220,0.0440,0.0171,0.0418,-0.0023,0.3333,0.0000,1.0000,0.0000,2.1820,1.0200,-0.9403,0.3266,-7.0381,-4.2265,-0.1164,0.0031,0.0764,-0.0635,-0.1056,0.0017
1786060613.6046,-3.6248,-3.4480,-0.9583,0.3574,-3.6248,-3.4479,0.0163,-0.1135,0.0708,-0.0856,0.0164,-0.1135,0.0373,-0.0220,0.0442,0.0172,0.0418,-0.0023,0.3333,0.0000,1.0000,0.0000,2.1705,1.0203,-0.9326,0.3203,-7.0486,-4.2264,-0.1151,-0.0002,0.0782,-0.0646,-0.1045,-0.0015
1786060613.6546,-3.6248,-3.4480,-0.9583,0.3574,-3.6248,-3.4479,0.0163,-0.1135,0.0708,-0.0856,0.0164,-0.1135,0.0373,-0.0220,0.0442,0.0172,0.0418,-0.0023,0.3333,0.0000,1.0000,0.0000,2.1705,1.0203,-0.9326,0.3203,-7.0486,-4.2264,-0.1151,-0.0002,0.0782,-0.0646,-0.1045,-0.0015
1786060613.7047,-3.6248,-3.4480,-0.9514,0.3487,-3.6248,-3.4479,0.0163,-0.1135,0.0726,-0.0889,0.0164,-0.1135,0.0373,-0.0220,0.0434,0.0159,0.0418,-0.0023,0.3333,0.0000,1.0000,0.0000,2.1590,1.0197,-0.9247,0.3134,-7.0590,-4.2271,-0.1151,-0.0101,0.0788,-0.0723,-0.1047,-0.0114
1786060613.7546,-3.6248,-3.4480,-0.9514,0.3487,-3.6248,-3.4479,0.0163,-0.1135,0.0726,-0.0889,0.0164,-0.1135,0.0373,-0.0220,0.0434,0.0158,0.0418,-0.0023,0.3333,0.0000,1.0000,0.0000,2.1590,1.0197,-0.9247,0.3134,-7.0590,-4.2271,-0.1151,-0.0101,0.0788,-0.0723,-0.1047,-0.0114
1786060613.8047,-3.6248,-3.4480,-0.9434,0.3399,-3.6248,-3.4479,0.0163,-0.1135,0.0751,-0.0890,0.0164,-0.1135,0.0373,-0.0220,0.0427,0.0160,0.0418,-0.0023,0.3333,0.0000,1.0000,0.0000,2.1474,1.0183,-0.9169,0.3059,-7.0696,-4.2286,-0.1161,-0.0157,0.0781,-0.0755,-0.1060,-0.0169
1786060613.8546,-3.6248,-3.4480,-0.9434,0.3399,-3.6248,-3.4479,0.0163,-0.1135,0.0751,-0.0890,0.0164,-0.1135,0.0373,-0.0220,0.0428,0.0160,0.0418,-0.0023,0.3333,0.0000,1.0000,0.0000,2.1474,1.0183,-0.9169,0.3059,-7.0696,-4.2286,-0.1161,-0.0157,0.0781,-0.0755,-0.1060,-0.0169
1786060613.9046,-3.6248,-3.4480,-0.9353,0.3321,-3.6248,-3.4479,0.0163,-0.1135,0.0768,-0.0856,0.0164,-0.1135,0.0373,-0.0220,0.0425,0.0176,0.0418,-0.0023,0.3333,0.0000,1.0000,0.0000,2.1357,1.0169,-0.9091,0.2987,-7.0802,-4.2301,-0.1168,-0.0107,0.0776,-0.0680,-0.1070,-0.0118
1786060613.9546,-3.6248,-3.4480,-0.9353,0.3321,-3.6248,-3.4479,0.0163,-0.1135,0.0768,-0.0856,0.0164,-0.1135,0.0373,-0.0220,0.0426,0.0177,0.0418,-0.0023,0.3333,0.0000,1.0000,0.0000,2.1357,1.0169,-0.9091,0.2987,-7.0802,-4.2301,-0.1168,-0.0107,0.0776,-0.0680,-0.1070,-0.0118
1786060614.0047,-3.6248,-3.4480,-0.9277,0.3254,-3.6248,-3.4479,0.0163,-0.1135,0.0766,-0.0799,0.0164,-0.1135,0.0373,-0.0220,0.0429,0.0203,0.0418,-0.0023,0.3333,0.0000,1.0000,0.0000,2.1241,1.0164,-0.9013,0.2925,-7.0909,-4.2308,-0.1160,-0.0009,0.0784,-0.0556,-0.1066,-0.0019
1786060614.0546,-3.6248,-3.4480,-0.9277,0.3254,-3.6248,-3.4479,0.0163,-0.1135,0.0766,-0.0799,0.0164,-0.1135,0.0373,-0.0220,0.0429,0.0204,0.0418,-0.0023,0.3333,0.0000,1.0000,0.0000,2.1241,1.0164,-0.9013,0.2925,-7.0909,-4.2308,-0.1160,-0.0009,0.0784,-0.0556,-0.1066,-0.0019
1786060614.1047,-3.6248,-3.4480,-0.9196,0.3192,-3.6248,-3.4479,0.0163,-0.1135,0.0758,-0.0720,0.0164,-0.1135,0.0373,-0.0220,0.0431,0.0243,0.0418,-0.0023,0.3333,0.0000,1.0000,0.0000,2.1126,1.0166,-0.8934,0.2874,-7.1015,-4.2306,-0.1144,0.0028,0.0800,-0.0493,-0.1053,0.0019
1786060614.1546,-3.6248,-3.4480,-0.9196,0.3192,-3.6248,-3.4479,0.0163,-0.1135,0.0758,-0.0720,0.0164,-0.1135,0.0373,-0.0220,0.0431,0.0246,0.0418,-0.0023,0.3333,0.0000,1.0000,0.0000,2.1126,1.0166,-0.8934,0.2874,-7.1015,-4.2306,-0.1144,0.0028,0.0800,-0.0493,-0.1053,0.0019
1786060614.2047,-3.6248,-3.4480,-0.9121,0.3126,-3.6248,-3.4479,0.0163,-0.1135,0.0756,-0.0701,0.0164,-0.1135,0.0373,-0.0220,0.0431,0.0257,0.0418,-0.0023,0.3333,0.0000,1.0000,0.0000,2.1012,1.0166,-0.8853,0.2823,-7.1120,-4.2308,-0.1134,-0.0040,0.0808,-0.0534,-0.1047,-0.0048
1786060614.2546,-3.6248,-3.4480,-0.9121,0.3126,-3.6248,-3.4479,0.0163,-0.1135,0.0756,-0.0701,0.0164,-0.1135,0.0373,-0.0220,0.0431,0.0258,0.0418,-0.0023,0.3333,0.0000,1.0000,0.0000,2.1012,1.0166,-0.8853,0.2823,-7.1120,-4.2308,-0.1134,-0.0040,0.0808,-0.0534,-0.1047,-0.0048
1786060614.3047,-3.6248,-3.4480,-0.9043,0.3067,-3.6248,-3.4479,0.0163,-0.1135,0.0762,-0.0664,0.0164,-0.1135,0.0373,-0.0220,0.0427,0.0277,0.0418,-0.0023,0.3333,0.0000,1.0000,0.0000,2.0899,1.0156,-0.8772,0.2766,-7.1225,-4.2318,-0.1137,-0.0136,0.0803,-0.0603,-0.1054,-0.0144
1786060614.3546,-3.6248,-3.4480,-0.9043,0.3067,-3.6248,-3.4479,0.0163,-0.1135,0.0762,-0.0664,0.0164,-0.1135,0.0373,-0.0220,0.0427,0.0279,0.0418,-0.0023,0.3333,0.0000,1.0000,0.0000,2.0899,1.0156,-0.8772,0.2766,-7.1225,-4.2318,-0.1137,-0.0136,0.0803,-0.0603,-0.1054,-0.0144
1786060614.4046,-3.6248,-3.4480,-0.8971,0.3007,-3.6248,-3.4479,0.0163,-0.1135,0.0751,-0.0645,0.0164,-0.1135,0.0373,-0.0220,0.0430,0.0291,0.0418,-0.0023,0.3333,0.0000,1.0000,0.0000,2.0784,1.0141,-0.8693,0.2705,-7.1331,-4.2334,-0.1148,-0.0155,0.0791,-0.0591,-0.1069,-0.0162
1786060614.4546,-3.6248,-3.4480,-0.8971,0.3007,-3.6248,-3.4479,0.0163,-0.1135,0.0751,-0.0645,0.0164,-0.1135,0.0373,-0.0220,0.0429,0.0292,0.0418,-0.0023,0.3333,0.0000,1.0000,0.0000,2.0784,1.0141,-0.8693,0.2705,-7.1331,-4.2334,-0.1148,-0.0155,0.0791,-0.0591,-0.1069,-0.0162
1786060614.5047,-3.6248,-3.4480,-0.8896,0.2951,-3.6248,-3.4479,0.0163,-0.1135,0.0743,-0.0614,0.0164,-0.1135,0.0373,-0.0220,0.0429,0.0311,0.0418,-0.0023,0.3333,0.0000,1.0000,0.0000,2.0669,1.0129,-0.8614,0.2651,-7.1438,-4.2347,-0.1149,-0.0075,0.0790,-0.0482,-0.1074,-0.0082
1786060614.5546,-3.6248,-3.4480,-0.8896,0.2951,-3.6248,-3.4479,0.0163,-0.1135,0.0743,-0.0614,0.0164,-0.1135,0.0373,-0.0220,0.0429,0.0312,0.0418,-0.0023,0.3333,0.0000,1.0000,0.0000,2.0669,1.0129,-0.8614,0.2651,-7.1438,-4.2347,-0.1149,-0.0075,0.0790,-0.0482,-0.1074,-0.0082
1786060614.6047,-3.6248,-3.4480,-0.8822,0.2907,-3.6248,-3.4479,0.0163,-0.1135,0.0759,-0.0571,0.0164,-0.1135,0.0373,-0.0220,0.0415,0.0334,0.0418,-0.0023,0.3333,0.0000,1.0000,0.0000,2.0555,1.0127,-0.8534,0.2610,-7.1545,-4.2349,-0.1136,0.0013,0.0804,-0.0364,-0.1065,0.0007
1786060614.6546,-3.6248,-3.4480,-0.8822,0.2907,-3.6248,-3.4479,0.0163,-0.1135,0.0759,-0.0571,0.0164,-0.1135,0.0373,-0.0220,0.0416,0.0336,0.0418,-0.0023,0.3333,0.0000,1.0000,0.0000,2.0555,1.0127,-0.8534,0.2610,-7.1545,-4.2349,-0.1136,0.0013,0.0804,-0.0364,-0.1065,0.0007
1786060614.7047,-3.6248,-3.4480,-0.8739,0.2857,-3.6248,-3.4479,0.0163,-0.1135,0.0780,-0.0547,0.0164,-0.1135,0.0373,-0.0220,0.0402,0.0346,0.0418,-0.0023,0.3333,0.0000,1.0000,0.0000,2.0442,1.0129,-0.8453,0.2576,-7.1651,-4.2348,-0.1120,0.0011,0.0822,-0.0338,-0.1054,0.0005
1786060614.7546,-3.6248,-3.4480,-0.8739,0.2857,-3.6248,-3.4479,0.0163,-0.1135,0.0780,-0.0547,0.0164,-0.1135,0.0373,-0.0220,0.0403,0.0347,0.0418,-0.0023,0.3333,0.0000,1.0000,0.0000,2.0442,1.0129,-0.8453,0.2576,-7.1651,-4.2348,-0.1120,0.0011,0.0822,-0.0338,-0.1054,0.0005
1786060614.8047,-3.6248,-3.4480,-0.8656,0.2805,-3.6248,-3.4479,0.0163,-0.1135,0.0796,-0.0540,0.0164,-0.1135,0.0373,-0.0220,0.0396,0.0348,0.0418,-0.0023,0.3333,0.0000,1.0000,0.0000,2.0331,1.0125,-0.8370,0.2539,-7.1757,-4.2352,-0.1114,-0.0080,0.0829,-0.0399,-0.1053,-0.0085
1786060614.8546,-3.6248,-3.4480,-0.8656,0.2805,-3.6248,-3.4479,0.0163,-0.1135,0.0796,-0.0540,0.0164,-0.1135,0.0373,-0.0220,0.0396,0.0349,0.0418,-0.0023,0.3333,0.0000,1.0000,0.0000,2.0331,1.0125,-0.8370,0.2539,-7.1757,-4.2352,-0.1114,-0.0080,0.0829,-0.0399,-0.1053,-0.0085
1786060614.9046,-3.6248,-3.4480,-0.8573,0.2753,-3.6248,-3.4479,0.0163,-0.1135,0.0805,-0.0533,0.0164,-0.1135,0.0373,-0.0220,0.0391,0.0351,0.0418,-0.0023,0.3333,0.0000,1.0000,0.0000,2.0219,1.0112,-0.8287,0.2496,-7.1862,-4.2365,-0.1122,-0.0158,0.0822,-0.0445,-0.1065,-0.0163
1786060614.9546,-3.6248,-3.4480,-0.8573,0.2753,-3.6248,-3.4479,0.0163,-0.1135,0.0805,-0.0533,0.0164,-0.1135,0.0373,-0.0220,0.0392,0.0351,0.0418,-0.0023,0.3333,0.0000,1.0000,0.0000,2.0219,1.0112,-0.8287,0.2496,-7.1862,-4.2365,-0.1122,-0.0158,0.0822,-0.0445,-0.1065,-0.0163
1786060615.0046,-3.6248,-3.4480,-0.8489,0.2702,-3.6248,-3.4479,0.0163,-0.1135,0.0815,-0.0526,0.0164,-0.1135,0.0373,-0.0220,0.0387,0.0354,0.0418,-0.0023,0.3333,0.0000,1.0000,0.0000,2.0106,1.0097,-0.8206,0.2454,-7.1970,-4.2381,-0.1130,-0.0137,0.0814,-0.0389,-0.1078,-0.0140
1786060615.0546,-3.6248,-3.4480,-0.8489,0.2702,-3.6248,-3.4479,0.0163,-0.1135,0.0815,-0.0526,0.0164,-0.1135,0.0373,-0.0220,0.0387,0.0354,0.0418,-0.0023,0.3333,0.0000,1.0000,0.0000,2.0106,1.0097,-0.8206,0.2454,-7.1970,-4.2381,-0.1130,-0.0137,0.0814,-0.0389,-0.1078,-0.0140
1786060615.1047,-3.6248,-3.4480,-0.8406,0.2650,-3.6248,-3.4479,0.0163,-0.1135,0.0820,-0.0523,0.0164,-0.1135,0.0373,-0.0220,0.0385,0.0356,0.0418,-0.0023,0.3333,0.0000,1.0000,0.0000,1.9993,1.0088,-0.8124,0.2422,-7.2077,-4.2390,-0.1125,-0.0040,0.0818,-0.0257,-0.1078,-0.0043
1786060615.1546,-3.6248,-3.4480,-0.8406,0.2650,-3.6248,-3.4479,0.0163,-0.1135,0.0820,-0.0523,0.0164,-0.1135,0.0373,-0.0220,0.0385,0.0356,0.0418,-0.0023,0.3333,0.0000,1.0000,0.0000,1.9993,1.0088,-0.8124,0.2422,-7.2077,-4.2390,-0.1125,-0.0040,0.0818,-0.0257,-0.1078,-0.0043
1786060615.2046,-3.6248,-3.4480,-0.8318,0.2610,-3.6248,-3.4479,0.0163,-0.1135,0.0838,-0.0483,0.0164,-0.1135,0.0373,-0.0220,0.0368,0.0370,0.0418,-0.0023,0.3333,0.0000,1.0000,0.0000,1.9882,1.0088,-0.8042,0.2402,-7.2185,-4.2390,-0.1109,0.0023,0.0834,-0.0159,-0.1066,0.0021
1786060615.2547,-3.6248,-3.4480,-0.8318,0.2610,-3.6248,-3.4479,0.0163,-0.1135,0.0838,-0.0483,0.0164,-0.1135,0.0373,-0.0220,0.0368,0.0372,0.0418,-0.0023,0.3333,0.0000,1.0000,0.0000,1.9882,1.0088,-0.8042,0.2402,-7.2185,-4.2390,-0.1109,0.0023,0.0834,-0.0159,-0.1066,0.0021
1786060615.3047,-3.6248,-3.4480,-0.8229,0.2567,-3.6248,-3.4479,0.0163,-0.1135,0.0857,-0.0468,0.0164,-0.1135,0.0373,-0.0220,0.0358,0.0375,0.0418,-0.0023,0.3333,0.0000,1.0000,0.0000,1.9772,1.0089,-0.7957,0.2387,-7.2291,-4.2390,-0.1096,-0.0018,0.0846,-0.0168,-0.1058,-0.0020
1786060615.3546,-3.6248,-3.4480,-0.8229,0.2567,-3.6248,-3.4479,0.0163,-0.1135,0.0857,-0.0468,0.0164,-0.1135,0.0373,-0.0220,0.0359,0.0375,0.0418,-0.0023,0.3333,0.0000,1.0000,0.0000,1.9772,1.0089,-0.7957,0.2387,-7.2291,-4.2390,-0.1096,-0.0018,0.0846,-0.0168,-0.1058,-0.0020
1786060615.4047,-3.6248,-3.4480,-0.8133,0.2526,-3.6248,-3.4479,0.0163,-0.1135,0.0888,-0.0450,0.0164,-0.1135,0.0373,-0.0220,0.0344,0.0374,0.0418,-0.0023,0.3333,0.0000,1.0000,0.0000,1.9662,1.0082,-0.7873,0.2367,-7.2397,-4.2397,-0.1095,-0.0118,0.0844,-0.0233,-0.1062,-0.0120
1786060615.4546,-3.6248,-3.4480,-0.8133,0.2526,-3.6248,-3.4479,0.0163,-0.1135,0.0888,-0.0450,0.0164,-0.1135,0.0373,-0.0220,0.0345,0.0375,0.0418,-0.0023,0.3333,0.0000,1.0000,0.0000,1.9662,1.0082,-0.7873,0.2367,-7.2397,-4.2397,-0.1095,-0.0118,0.0844,-0.0233,-0.1062,-0.0120
1786060615.5046,-3.6248,-3.4480,-0.8050,0.2491,-3.6248,-3.4479,0.0163,-0.1135,0.0867,-0.0420,0.0164,-0.1135,0.0373,-0.0220,0.0341,0.0395,0.0418,-0.0023,0.3333,0.0000,1.0000,0.0000,1.9552,1.0067,-0.7789,0.2342,-7.2504,-4.2412,-0.1105,-0.0165,0.0829,-0.0244,-0.1077,-0.0167
1786060615.5547,-3.6248,-3.4480,-0.8050,0.2491,-3.6248,-3.4479,0.0163,-0.1135,0.0867,-0.0420,0.0164,-0.1135,0.0373,-0.0220,0.0340,0.0397,0.0418,-0.0023,0.3333,0.0000,1.0000,0.0000,1.9552,1.0067,-0.7789,0.2342,-7.2504,-4.2412,-0.1105,-0.0165,0.0829,-0.0244,-0.1077,-0.0167
1786060615.6046,-3.6248,-3.4480,-0.7976,0.2464,-3.6248,-3.4479,0.0163,-0.1135,0.0829,-0.0372,0.0164,-0.1135,0.0373,-0.0220,0.0333,0.0432,0.0418,-0.0023,0.3333,0.0000,1.0000,0.0000,1.9441,1.0053,-0.7707,0.2322,-7.2612,-4.2427,-0.1110,-0.0107,0.0817,-0.0149,-0.1086,-0.0108
1786060615.6546,-3.6248,-3.4480,-0.7976,0.2464,-3.6248,-3.4479,0.0163,-0.1135,0.0829,-0.0372,0.0164,-0.1135,0.0373,-0.0220,0.0331,0.0435,0.0418,-0.0023,0.3333,0.0000,1.0000,0.0000,1.9441,1.0053,-0.7707,0.2322,-7.2612,-4.2427,-0.1110,-0.0107,0.0817,-0.0149,-0.1086,-0.0108
1786060615.7046,-3.6248,-3.4480,-0.7902,0.2444,-3.6248,-3.4479,0.0163,-0.1135,0.0801,-0.0319,0.0164,-0.1135,0.0373,-0.0220,0.0314,0.0469,0.0418,-0.0023,0.3333,0.0000,1.0000,0.0000,1.9331,1.0047,-0.7625,0.2314,-7.2720,-4.2432,-0.1100,-0.0009,0.0820,-0.0015,-0.1081,-0.0009
1786060615.7546,-3.6248,-3.4480,-0.7902,0.2444,-3.6248,-3.4479,0.0163,-0.1135,0.0801,-0.0319,0.0164,-0.1135,0.0373,-0.0220,0.0312,0.0472,0.0418,-0.0023,0.3333,0.0000,1.0000,0.0000,1.9331,1.0047,-0.7625,0.2314,-7.2720,-4.2432,-0.1100,-0.0009,0.0820,-0.0015,-0.1081,-0.0009
1786060615.8047,-3.6248,-3.4480,-0.7827,0.2426,-3.6248,-3.4479,0.0163,-0.1135,0.0785,-0.0274,0.0164,-0.1135,0.0373,-0.0220,0.0291,0.0496,0.0418,-0.0023,0.3333,0.0000,1.0000,0.0000,1.9221,1.0049,-0.7543,0.2317,-7.2828,-4.2430,-0.1084,0.0019,0.0831,0.0048,-0.1069,0.0019
1786060615.8547,-3.6248,-3.4480,-0.7827,0.2426,-3.6248,-3.4479,0.0163,-0.1135,0.0785,-0.0274,0.0164,-0.1135,0.0373,-0.0220,0.0290,0.0499,0.0418,-0.0023,0.3333,0.0000,1.0000,0.0000,1.9221,1.0049,-0.7543,0.2317,-7.2828,-4.2430,-0.1084,0.0019,0.0831,0.0048,-0.1069,0.0019
1786060615.9047,-3.6248,-3.4480,-0.7751,0.2411,-3.6248,-3.4479,0.0163,-0.1135,0.0775,-0.0237,0.0164,-0.1135,0.0373,-0.0220,0.0269,0.0516,0.0418,-0.0023,0.3333,0.0000,1.0000,0.0000,1.9114,1.0047,-0.7459,0.2321,-7.2934,-4.2432,-0.1074,-0.0055,0.0833,0.0011,-0.1064,-0.0054
1786060615.9546,-3.6248,-3.4480,-0.7751,0.2411,-3.6248,-3.4479,0.0163,-0.1135,0.0775,-0.0237,0.0164,-0.1135,0.0373,-0.0220,0.0268,0.0519,0.0418,-0.0023,0.3333,0.0000,1.0000,0.0000,1.9114,1.0047,-0.7459,0.2321,-7.2934,-4.2432,-0.1074,-0.0055,0.0833,0.0011,-0.1064,-0.0054
1786060616.0047,-3.6248,-3.4480,-0.7667,0.2389,-3.6248,-3.4479,0.0163,-0.1135,0.0795,-0.0229,0.0164,-0.1135,0.0373,-0.0220,0.0260,0.0511,0.0418,-0.0023,0.3333,0.0000,1.0000,0.0000,1.9006,1.0037,-0.7377,0.2318,-7.3041,-4.2443,-0.1079,-0.0148,0.0820,-0.0043,-0.1074,-0.0147
1786060616.0546,-3.6248,-3.4480,-0.7667,0.2389,-3.6248,-3.4479,0.0163,-0.1135,0.0795,-0.0229,0.0164,-0.1135,0.0373,-0.0220,0.0261,0.0511,0.0418,-0.0023,0.3333,0.0000,1.0000,0.0000,1.9006,1.0037,-0.7377,0.2318,-7.3041,-4.2443,-0.1079,-0.0148,0.0820,-0.0043,-0.1074,-0.0147
1786060616.1046,-3.6248,-3.4480,-0.7580,0.2377,-3.6248,-3.4479,0.0163,-0.1135,0.0819,-0.0195,0.0164,-0.1135,0.0373,-0.0220,0.0237,0.0504,0.0418,-0.0023,0.3333,0.0000,1.0000,0.0000,1.8898,1.0020,-0.7296,0.2315,-7.3149,-4.2459,-0.1089,-0.0157,0.0799,-0.0010,-0.1088,-0.0155
1786060616.1546,-3.6248,-3.4480,-0.7580,0.2377,-3.6248,-3.4479,0.0163,-0.1135,0.0819,-0.0195,0.0164,-0.1135,0.0373,-0.0220,0.0239,0.0506,0.0418,-0.0023,0.3333,0.0000,1.0000,0.0000,1.8898,1.0020,-0.7296,0.2315,-7.3149,-4.2459,-0.1089,-0.0157,0.0799,-0.0010,-0.1088,-0.0155
1786060616.2047,-3.6248,-3.4480,-0.7504,0.2370,-3.6248,-3.4479,0.0163,-0.1135,0.0799,-0.0156,0.0164,-0.1135,0.0373,-0.0220,0.0215,0.0523,0.0418,-0.0023,0.3333,0.0000,1.0000,0.0000,1.8789,1.0009,-0.7217,0.2320,-7.3259,-4.2470,-0.1089,-0.0072,0.0789,0.0116,-0.1093,-0.0070
1786060616.2547,-3.6248,-3.4480,-0.7504,0.2370,-3.6248,-3.4479,0.0163,-0.1135,0.0799,-0.0156,0.0164,-0.1135,0.0373,-0.0220,0.0214,0.0526,0.0418,-0.0023,0.3333,0.0000,1.0000,0.0000,1.8789,1.0009,-0.7217,0.2320,-7.3259,-4.2470,-0.1089,-0.0072,0.0789,0.0116,-0.1093,-0.0070
1786060616.3047,-3.6248,-3.4480,-0.7427,0.2370,-3.6248,-3.4479,0.0163,-0.1135,0.0788,-0.0109,0.0164,-0.1135,0.0373,-0.0220,0.0183,0.0533,0.0418,-0.0023,0.3333,0.0000,1.0000,0.0000,1.8680,1.0007,-0.7137,0.2339,-7.3368,-4.2472,-0.1075,0.0013,0.0793,0.0239,-0.1084,0.0015
1786060616.3547,-3.6248,-3.4480,-0.7427,0.2370,-3.6248,-3.4479,0.0163,-0.1135,0.0788,-0.0109,0.0164,-0.1135,0.0373,-0.0220,0.0183,0.0536,0.0418,-0.0023,0.3333,0.0000,1.0000,0.0000,1.8680,1.0007,-0.7137,0.2339,-7.3368,-4.2472,-0.1075,0.0013,0.0793,0.0239,-0.1084,0.0015
1786060616.4046,-3.6248,-3.4480,-0.7351,0.2372,-3.6248,-3.4479,0.0163,-0.1135,0.0778,-0.0067,0.0164,-0.1135,0.0373,-0.0220,0.0154,0.0540,0.0418,-0.0023,0.3333,0.0000,1.0000,0.0000,1.8574,1.0008,-0.7058,0.2366,-7.3475,-4.2470,-0.1060,0.0001,0.0800,0.0266,-0.1073,0.0003
1786060616.4546,-3.6248,-3.4480,-0.7351,0.2372,-3.6248,-3.4479,0.0163,-0.1135,0.0778,-0.0067,0.0164,-0.1135,0.0373,-0.0220,0.0154,0.0542,0.0418,-0.0023,0.3333,0.0000,1.0000,0.0000,1.8574,1.0008,-0.7058,0.2366,-7.3475,-4.2470,-0.1060,0.0001,0.0800,0.0266,-0.1073,0.0003
1786060616.5046,-3.6248,-3.4480,-0.7270,0.2374,-3.6248,-3.4479,0.0163,-0.1135,0.0788,-0.0041,0.0164,-0.1135,0.0373,-0.0220,0.0138,0.0534,0.0418,-0.0023,0.3333,0.0000,1.0000,0.0000,1.8468,1.0004,-0.6978,0.2390,-7.3582,-4.2475,-0.1056,-0.0093,0.0794,0.0214,-0.1073,-0.0091
1786060616.5547,-3.6248,-3.4480,-0.7270,0.2374,-3.6248,-3.4479,0.0163,-0.1135,0.0788,-0.0041,0.0164,-0.1135,0.0373,-0.0220,0.0138,0.0536,0.0418,-0.0023,0.3333,0.0000,1.0000,0.0000,1.8468,1.0004,-0.6978,0.2390,-7.3582,-4.2475,-0.1056,-0.0093,0.0794,0.0214,-0.1073,-0.0091
1786060616.6046,-3.6248,-3.4480,-0.7197,0.2377,-3.6248,-3.4479,0.0163,-0.1135,0.0770,-0.0019,0.0164,-0.1135,0.0373,-0.0220,0.0121,0.0544,0.0418,-0.0023,0.3333,0.0000,1.0000,0.0000,1.8362,0.9990,-0.6900,0.2409,-7.3690,-4.2488,-0.1065,-0.0165,0.0772,0.0187,-0.1086,-0.0162
1786060616.6546,-3.6248,-3.4480,-0.7197,0.2377,-3.6248,-3.4479,0.0163,-0.1135,0.0770,-0.0019,0.0164,-0.1135,0.0373,-0.0220,0.0120,0.0545,0.0418,-0.0023,0.3333,0.0000,1.0000,0.0000,1.8362,0.9990,-0.6900,0.2409,-7.3690,-4.2488,-0.1065,-0.0165,0.0772,0.0187,-0.1086,-0.0162
1786060616.7046,-3.6248,-3.4480,-0.7135,0.2387,-3.6248,-3.4479,0.0163,-0.1135,0.0725,0.0019,0.0164,-0.1135,0.0373,-0.0220,0.0086,0.0561,0.0418,-0.0023,0.3333,0.0000,1.0000,0.0000,1.8255,0.9974,-0.6824,0.2431,-7.3800,-4.2504,-0.1073,-0.0134,0.0751,0.0263,-0.1098,-0.0131
1786060616.7546,-3.6248,-3.4480,-0.7135,0.2387,-3.6248,-3.4479,0.0163,-0.1135,0.0725,0.0019,0.0164,-0.1135,0.0373,-0.0220,0.0083,0.0563,0.0418,-0.0023,0.3333,0.0000,1.0000,0.0000,1.8255,0.9974,-0.6824,0.2431,-7.3800,-4.2504,-0.1073,-0.0134,0.0751,0.0263,-0.1098,-0.0131
1786060616.8045,-3.6248,-3.4480,-0.7070,0.2407,-3.6248,-3.4479,0.0163,-0.1135,0.0700,0.0076,0.0164,-0.1135,0.0373,-0.0220,0.0040,0.0548,0.0418,-0.0023,0.3333,0.0000,1.0000,0.0000,1.8148,0.9966,-0.6749,0.2465,-7.3910,-4.2511,-0.1068,-0.0036,0.0743,0.0405,-0.1097,-0.0032
1786060616.8546,-3.6248,-3.4480,-0.7070,0.2407,-3.6248,-3.4479,0.0163,-0.1135,0.0700,0.0076,0.0164,-0.1135,0.0373,-0.0220,0.0039,0.0553,0.0418,-0.0023,0.3333,0.0000,1.0000,0.0000,1.8148,0.9966,-0.6749,0.2465,-7.3910,-4.2511,-0.1068,-0.0036,0.0743,0.0405,-0.1097,-0.0032
1786060616.9047,-3.6248,-3.4480,-0.6990,0.2430,-3.6248,-3.4479,0.0163,-0.1135,0.0732,0.0123,0.0164,-0.1135,0.0373,-0.0220,0.0026,0.0511,0.0418,-0.0023,0.3333,0.0000,1.0000,0.0000,1.8042,0.9966,-0.6675,0.2511,-7.4019,-4.2511,-0.1052,0.0021,0.0747,0.0502,-0.1085,0.0025
1786060616.9546,-3.6248,-3.4480,-0.6990,0.2430,-3.6248,-3.4479,0.0163,-0.1135,0.0732,0.0123,0.0164,-0.1135,0.0373,-0.0220,0.0028,0.0516,0.0418,-0.0023,0.3333,0.0000,1.0000,0.0000,1.8042,0.9966,-0.6675,0.2511,-7.4019,-4.2511,-0.1052,0.0021,0.0747,0.0502,-0.1085,0.0025
1786060617.0047,-3.6248,-3.4480,-0.6905,0.2457,-3.6248,-3.4479,0.0163,-0.1135,0.0771,0.0168,0.0164,-0.1135,0.0373,-0.0220,0.0022,0.0477,0.0418,-0.0023,0.3333,0.0000,1.0000,0.0000,1.7937,0.9966,-0.6600,0.2562,-7.4127,-4.2510,-0.1041,-0.0029,0.0744,0.0495,-0.1077,-0.0025
1786060617.0547,-3.6248,-3.4480,-0.6905,0.2457,-3.6248,-3.4479,0.0163,-0.1135,0.0771,0.0168,0.0164,-0.1135,0.0373,-0.0220,0.0024,0.0481,0.0418,-0.0023,0.3333,0.0000,1.0000,0.0000,1.7937,0.9966,-0.6600,0.2562,-7.4127,-4.2510,-0.1041,-0.0029,0.0744,0.0495,-0.1077,-0.0025
1786060617.1047,-3.6248,-3.4480,-0.6813,0.2483,-3.6248,-3.4479,0.0163,-0.1135,0.0813,0.0200,0.0164,-0.1135,0.0373,-0.0220,0.0026,0.0456,0.0418,-0.0023,0.3333,0.0000,1.0000,0.0000,1.7833,0.9958,-0.6527,0.2608,-7.4234,-4.2518,-0.1042,-0.0129,0.0725,0.0438,-0.1082,-0.0124
1786060617.1547,-3.6248,-3.4480,-0.6813,0.2483,-3.6248,-3.4479,0.0163,-0.1135,0.0813,0.0200,0.0164,-0.1135,0.0373,-0.0220,0.0027,0.0458,0.0418,-0.0023,0.3333,0.0000,1.0000,0.0000,1.7833,0.9958,-0.6527,0.2608,-7.4234,-4.2518,-0.1042,-0.0129,0.0725,0.0438,-0.1082,-0.0124
1786060617.2048,-3.6248,-3.4480,-0.6731,0.2512,-3.6248,-3.4479,0.0163,-0.1135,0.0817,0.0227,0.0164,-0.1135,0.0373,-0.0220,0.0019,0.0447,0.0418,-0.0023,0.3333,0.0000,1.0000,0.0000,1.7729,0.9942,-0.6456,0.2651,-7.4343,-4.2534,-0.1053,-0.0168,0.0694,0.0441,-0.1096,-0.0163
1786060617.2546,-3.6248,-3.4480,-0.6731,0.2512,-3.6248,-3.4479,0.0163,-0.1135,0.0817,0.0227,0.0164,-0.1135,0.0373,-0.0220,0.0019,0.0448,0.0418,-0.0023,0.3333,0.0000,1.0000,0.0000,1.7729,0.9942,-0.6456,0.2651,-7.4343,-4.2534,-0.1053,-0.0168,0.0694,0.0441,-0.1096,-0.0163
1786060617.3047,-3.6248,-3.4480,-0.6661,0.2542,-3.6248,-3.4479,0.0163,-0.1135,0.0781,0.0248,0.0164,-0.1135,0.0373,-0.0220,0.0001,0.0449,0.0418,-0.0023,0.3333,0.0000,1.0000,0.0000,1.7623,0.9928,-0.6388,0.2701,-7.4454,-4.2547,-0.1058,-0.0102,0.0672,0.0544,-0.1105,-0.0097
1786060617.3546,-3.6248,-3.4480,-0.6661,0.2542,-3.6248,-3.4479,0.0163,-0.1135,0.0781,0.0248,0.0164,-0.1135,0.0373,-0.0220,0.0000,0.0449,0.0418,-0.0023,0.3333,0.0000,1.0000,0.0000,1.7623,0.9928,-0.6388,0.2701,-7.4454,-4.2547,-0.1058,-0.0102,0.0672,0.0544,-0.1105,-0.0097
1786060617.4047,-3.6248,-3.4480,-0.6601,0.2581,-3.6248,-3.4479,0.0163,-0.1135,0.0717,0.0290,0.0164,-0.1135,0.0373,-0.0220,-0.0030,0.0435,0.0418,-0.0023,0.3333,0.0000,1.0000,0.0000,1.7517,0.9923,-0.6321,0.2762,-7.4564,-4.2551,-0.1048,-0.0006,0.0668,0.0675,-0.1098,-0.0000
1786060617.4546,-3.6248,-3.4480,-0.6601,0.2581,-3.6248,-3.4479,0.0163,-0.1135,0.0717,0.0290,0.0164,-0.1135,0.0373,-0.0220,-0.0032,0.0437,0.0418,-0.0023,0.3333,0.0000,1.0000,0.0000,1.7517,0.9923,-0.6321,0.2762,-7.4564,-4.2551,-0.1048,-0.0006,0.0668,0.0675,-0.1098,-0.0000
1786060617.5046,-3.6248,-3.4480,-0.6537,0.2625,-3.6248,-3.4479,0.0163,-0.1135,0.0712,0.0346,0.0164,-0.1135,0.0373,-0.0220,-0.0039,0.0402,0.0418,-0.0023,0.3333,0.0000,1.0000,0.0000,1.7414,0.9925,-0.6254,0.2834,-7.4673,-4.2549,-0.1032,0.0013,0.0670,0.0730,-0.1085,0.0019
1786060617.5546,-3.6248,-3.4480,-0.6537,0.2625,-3.6248,-3.4479,0.0163,-0.1135,0.0712,0.0346,0.0164,-0.1135,0.0373,-0.0220,-0.0039,0.0406,0.0418,-0.0023,0.3333,0.0000,1.0000,0.0000,1.7414,0.9925,-0.6254,0.2834,-7.4673,-4.2549,-0.1032,0.0013,0.0670,0.0730,-0.1085,0.0019
1786060617.6047,-3.6248,-3.4480,-0.6466,0.2676,-3.6248,-3.4479,0.0163,-0.1135,0.0710,0.0398,0.0164,-0.1135,0.0373,-0.0220,-0.0041,0.0377,0.0418,-0.0023,0.3333,0.0000,1.0000,0.0000,1.7311,0.9922,-0.6187,0.2905,-7.4781,-4.2551,-0.1025,-0.0067,0.0660,0.0687,-0.1081,-0.0061
1786060617.6546,-3.6248,-3.4480,-0.6466,0.2676,-3.6248,-3.4479,0.0163,-0.1135,0.0710,0.0398,0.0164,-0.1135,0.0373,-0.0220,-0.0041,0.0380,0.0418,-0.0023,0.3333,0.0000,1.0000,0.0000,1.7311,0.9922,-0.6187,0.2905,-7.4781,-4.2551,-0.1025,-0.0067,0.0660,0.0687,-0.1081,-0.0061
1786060617.7047,-3.6248,-3.4480,-0.6401,0.2728,-3.6248,-3.4479,0.0163,-0.1135,0.0692,0.0435,0.0164,-0.1135,0.0373,-0.0220,-0.0045,0.0359,0.0418,-0.0023,0.3333,0.0000,1.0000,0.0000,1.7208,0.9910,-0.6123,0.2970,-7.4889,-4.2562,-0.1032,-0.0156,0.0636,0.0633,-0.1090,-0.0150
1786060617.7547,-3.6248,-3.4480,-0.6401,0.2728,-3.6248,-3.4479,0.0163,-0.1135,0.0692,0.0435,0.0164,-0.1135,0.0373,-0.0220,-0.0046,0.0361,0.0418,-0.0023,0.3333,0.0000,1.0000,0.0000,1.7208,0.9910,-0.6123,0.2970,-7.4889,-4.2562,-0.1032,-0.0156,0.0636,0.0633,-0.1090,-0.0150
1786060617.8046,-3.6248,-3.4480,-0.6339,0.2777,-3.6248,-3.4479,0.0163,-0.1135,0.0663,0.0446,0.0164,-0.1135,0.0373,-0.0220,-0.0053,0.0354,0.0418,-0.0023,0.3333,0.0000,1.0000,0.0000,1.7104,0.9894,-0.6060,0.3035,-7.4999,-4.2578,-0.1043,-0.0155,0.0609,0.0666,-0.1104,-0.0149
1786060617.8547,-3.6248,-3.4480,-0.6339,0.2777,-3.6248,-3.4479,0.0163,-0.1135,0.0663,0.0446,0.0164,-0.1135,0.0373,-0.0220,-0.0053,0.0355,0.0418,-0.0023,0.3333,0.0000,1.0000,0.0000,1.7104,0.9894,-0.6060,0.3035,-7.4999,-4.2578,-0.1043,-0.0155,0.0609,0.0666,-0.1104,-0.0149
1786060617.9046,-3.6248,-3.4480,-0.6252,0.2825,-3.6248,-3.4479,0.0163,-0.1135,0.0727,0.0458,0.0164,-0.1135,0.0373,-0.0220,-0.0041,0.0361,0.0418,-0.0023,0.3333,0.0000,1.0000,0.0000,1.7000,0.9883,-0.6000,0.3107,-7.5110,-4.2589,-0.1044,-0.0066,0.0598,0.0783,-0.1106,-0.0059
1786060617.9546,-3.6248,-3.4480,-0.6252,0.2825,-3.6248,-3.4479,0.0163,-0.1135,0.0727,0.0458,0.0164,-0.1135,0.0373,-0.0220,-0.0041,0.0361,0.0418,-0.0023,0.3333,0.0000,1.0000,0.0000,1.7000,0.9883,-0.6000,0.3107,-7.5110,-4.2589,-0.1044,-0.0066,0.0598,0.0783,-0.1106,-0.0059
1786060618.0046,-3.6248,-3.4480,-0.6171,0.2881,-3.6248,-3.4479,0.0163,-0.1135,0.0751,0.0489,0.0164,-0.1135,0.0373,-0.0220,-0.0036,0.0352,0.0418,-0.0023,0.3333,0.0000,1.0000,0.0000,1.6896,0.9881,-0.5940,0.3192,-7.5220,-4.2590,-0.1030,0.0013,0.0599,0.0890,-0.1095,0.0020
1786060618.0546,-3.6248,-3.4480,-0.6171,0.2881,-3.6248,-3.4479,0.0163,-0.1135,0.0751,0.0489,0.0164,-0.1135,0.0373,-0.0220,-0.0036,0.0353,0.0418,-0.0023,0.3333,0.0000,1.0000,0.0000,1.6896,0.9881,-0.5940,0.3192,-7.5220,-4.2590,-0.1030,0.0013,0.0599,0.0890,-0.1095,0.0020
1786060618.1047,-3.6248,-3.4480,-0.6097,0.2947,-3.6248,-3.4479,0.0163,-0.1135,0.0748,0.0542,0.0164,-0.1135,0.0373,-0.0220,-0.0034,0.0333,0.0418,-0.0023,0.3333,0.0000,1.0000,0.0000,1.6794,0.9882,-0.5881,0.3283,-7.5329,-4.2588,-0.1018,-0.0008,0.0595,0.0901,-0.1084,-0.0001
1786060618.1546,-3.6248,-3.4480,-0.6097,0.2947,-3.6248,-3.4479,0.0163,-0.1135,0.0748,0.0542,0.0164,-0.1135,0.0373,-0.0220,-0.0034,0.0334,0.0418,-0.0023,0.3333,0.0000,1.0000,0.0000,1.6794,0.9882,-0.5881,0.3283,-7.5329,-4.2588,-0.1018,-0.0008,0.0595,0.0901,-0.1084,-0.0001
1786060618.2047,-3.6248,-3.4480,-0.6027,0.3014,-3.6248,-3.4479,0.0163,-0.1135,0.0732,0.0584,0.0164,-0.1135,0.0373,-0.0220,-0.0034,0.0319,0.0418,-0.0023,0.3333,0.0000,1.0000,0.0000,1.6692,0.9876,-0.5822,0.3369,-7.5437,-4.2593,-0.1016,-0.0105,0.0574,0.0837,-0.1085,-0.0098
1786060618.2546,-3.6248,-3.4480,-0.6027,0.3014,-3.6248,-3.4479,0.0163,-0.1135,0.0732,0.0584,0.0164,-0.1135,0.0373,-0.0220,-0.0034,0.0320,0.0418,-0.0023,0.3333,0.0000,1.0000,0.0000,1.6692,0.9876,-0.5822,0.3369,-7.5437,-4.2593,-0.1016,-0.0105,0.0574,0.0837,-0.1085,-0.0098
1786060618.3046,-3.6248,-3.4480,-0.5965,0.3087,-3.6248,-3.4479,0.0163,-0.1135,0.0697,0.0626,0.0164,-0.1135,0.0373,-0.0220,-0.0034,0.0301,0.0418,-0.0023,0.3333,0.0000,1.0000,0.0000,1.6590,0.9861,-0.5766,0.3451,-7.5546,-4.2607,-0.1027,-0.0170,0.0543,0.0803,-0.1097,-0.0163
1786060618.3546,-3.6248,-3.4480,-0.5965,0.3087,-3.6248,-3.4479,0.0163,-0.1135,0.0697,0.0626,0.0164,-0.1135,0.0373,-0.0220,-0.0034,0.0302,0.0418,-0.0023,0.3333,0.0000,1.0000,0.0000,1.6590,0.9861,-0.5766,0.3451,-7.5546,-4.2607,-0.1027,-0.0170,0.0543,0.0803,-0.1097,-0.0163
1786060618.4046,-3.6248,-3.4480,-0.5901,0.3169,-3.6248,-3.4479,0.0163,-0.1135,0.0675,0.0685,0.0164,-0.1135,0.0373,-0.0220,-0.0027,0.0282,0.0418,-0.0023,0.3333,0.0000,1.0000,0.0000,1.6487,0.9846,-0.5714,0.3534,-7.5657,-4.2622,-0.1037,-0.0131,0.0518,0.0871,-0.1108,-0.0123
1786060618.4546,-3.6248,-3.4480,-0.5901,0.3169,-3.6248,-3.4479,0.0163,-0.1135,0.0675,0.0685,0.0164,-0.1135,0.0373,-0.0220,-0.0028,0.0283,0.0418,-0.0023,0.3333,0.0000,1.0000,0.0000,1.6487,0.9846,-0.5714,0.3534,-7.5657,-4.2622,-0.1037,-0.0131,0.0518,0.0871,-0.1108,-0.0123
1786060618.5047,-3.6248,-3.4480,-0.5839,0.3258,-3.6248,-3.4479,0.0163,-0.1135,0.0658,0.0748,0.0164,-0.1135,0.0373,-0.0220,-0.0018,0.0266,0.0418,-0.0023,0.3333,0.0000,1.0000,0.0000,1.6383,0.9838,-0.5662,0.3628,-7.5768,-4.2629,-0.1032,-0.0031,0.0512,0.0995,-0.1105,-0.0023
1786060618.5547,-3.6248,-3.4480,-0.5839,0.3258,-3.6248,-3.4479,0.0163,-0.1135,0.0658,0.0748,0.0164,-0.1135,0.0373,-0.0220,-0.0019,0.0267,0.0418,-0.0023,0.3333,0.0000,1.0000,0.0000,1.6383,0.9838,-0.5662,0.3628,-7.5768,-4.2629,-0.1032,-0.0031,0.0512,0.0995,-0.1105,-0.0023
1786060618.6046,-3.6248,-3.4480,-0.5757,0.3360,-3.6248,-3.4479,0.0163,-0.1135,0.0708,0.0832,0.0164,-0.1135,0.0373,-0.0220,-0.0007,0.0261,0.0418,-0.0023,0.3333,0.0000,1.0000,0.0000,1.6281,0.9838,-0.5611,0.3732,-7.5877,-4.2628,-0.1018,0.0017,0.0515,0.1069,-0.1091,0.0025
1786060618.6547,-3.6248,-3.4480,-0.5757,0.3360,-3.6248,-3.4479,0.0163,-0.1135,0.0708,0.0832,0.0164,-0.1135,0.0373,-0.0220,-0.0007,0.0261,0.0418,-0.0023,0.3333,0.0000,1.0000,0.0000,1.6281,0.9838,-0.5611,0.3732,-7.5877,-4.2628,-0.1018,0.0017,0.0515,0.1069,-0.1091,0.0025
1786060618.7046,-3.6248,-3.4480,-0.5698,0.3461,-3.6248,-3.4479,0.0163,-0.1135,0.0667,0.0887,0.0164,-0.1135,0.0373,-0.0220,0.0001,0.0249,0.0418,-0.0023,0.3333,0.0000,1.0000,0.0000,1.6179,0.9838,-0.5560,0.3838,-7.5986,-4.2628,-0.1009,-0.0041,0.0512,0.1035,-0.1083,-0.0033
1786060618.7546,-3.6248,-3.4480,-0.5698,0.3461,-3.6248,-3.4479,0.0163,-0.1135,0.0667,0.0887,0.0164,-0.1135,0.0373,-0.0220,0.0000,0.0249,0.0418,-0.0023,0.3333,0.0000,1.0000,0.0000,1.6179,0.9838,-0.5560,0.3838,-7.5986,-4.2628,-0.1009,-0.0041,0.0512,0.1035,-0.1083,-0.0033
1786060618.8046,-3.6248,-3.4480,-0.5636,0.3543,-3.6248,-3.4479,0.0163,-0.1135,0.0674,0.0891,0.0164,-0.1135,0.0373,-0.0220,-0.0001,0.0254,0.0418,-0.0023,0.3333,0.0000,1.0000,0.0000,1.6078,0.9828,-0.5509,0.3937,-7.6094,-4.2636,-0.1014,-0.0140,0.0497,0.0960,-0.1088,-0.0131
1786060618.8547,-3.6248,-3.4480,-0.5636,0.3543,-3.6248,-3.4479,0.0163,-0.1135,0.0674,0.0891,0.0164,-0.1135,0.0373,-0.0220,-0.0001,0.0253,0.0418,-0.0023,0.3333,0.0000,1.0000,0.0000,1.6078,0.9828,-0.5509,0.3937,-7.6094,-4.2636,-0.1014,-0.0140,0.0497,0.0960,-0.1088,-0.0131
1786060618.9047,-3.6248,-3.4480,-0.5585,0.3631,-3.6248,-3.4479,0.0163,-0.1135,0.0621,0.0884,0.0164,-0.1135,0.0373,-0.0220,-0.0000,0.0251,0.0418,-0.0023,0.3333,0.0000,1.0000,0.0000,1.5976,0.9811,-0.5461,0.4032,-7.6204,-4.2652,-0.1027,-0.0170,0.0475,0.0950,-0.1102,-0.0161
1786060618.9546,-3.6248,-3.4480,-0.5585,0.3631,-3.6248,-3.4479,0.0163,-0.1135,0.0621,0.0884,0.0164,-0.1135,0.0373,-0.0220,-0.0000,0.0251,0.0418,-0.0023,0.3333,0.0000,1.0000,0.0000,1.5976,0.9811,-0.5461,0.4032,-7.6204,-4.2652,-0.1027,-0.0170,0.0475,0.0950,-0.1102,-0.0161
1786060619.0047,-3.6248,-3.4480,-0.5541,0.3716,-3.6248,-3.4479,0.0163,-0.1135,0.0557,0.0864,0.0164,-0.1135,0.0373,-0.0220,0.0001,0.0247,0.0418,-0.0023,0.3333,0.0000,1.0000,0.0000,1.5873,0.9798,-0.5414,0.4131,-7.6314,-4.2665,-0.1034,-0.0097,0.0462,0.1042,-0.1108,-0.0088
1786060619.0546,-3.6248,-3.4480,-0.5541,0.3716,-3.6248,-3.4479,0.0163,-0.1135,0.0557,0.0864,0.0164,-0.1135,0.0373,-0.0220,0.0001,0.0247,0.0418,-0.0023,0.3333,0.0000,1.0000,0.0000,1.5873,0.9798,-0.5414,0.4131,-7.6314,-4.2665,-0.1034,-0.0097,0.0462,0.1042,-0.1108,-0.0088
1786060619.1046,-3.6248,-3.4480,-0.5505,0.3807,-3.6248,-3.4479,0.0163,-0.1135,0.0489,0.0872,0.0164,-0.1135,0.0373,-0.0220,0.0011,0.0237,0.0418,-0.0023,0.3333,0.0000,1.0000,0.0000,1.5770,0.9793,-0.5368,0.4242,-7.6425,-4.2668,-0.1025,-0.0004,0.0465,0.1155,-0.1099,0.0005
1786060619.1546,-3.6248,-3.4480,-0.5505,0.3807,-3.6248,-3.4479,0.0163,-0.1135,0.0489,0.0872,0.0164,-0.1135,0.0373,-0.0220,0.0011,0.0238,0.0418,-0.0023,0.3333,0.0000,1.0000,0.0000,1.5770,0.9793,-0.5368,0.4242,-7.6425,-4.2668,-0.1025,-0.0004,0.0465,0.1155,-0.1099,0.0005
1786060619.2047,-3.6248,-3.4480,-0.5480,0.3892,-3.6248,-3.4479,0.0163,-0.1135,0.0413,0.0863,0.0164,-0.1135,0.0373,-0.0220,0.0025,0.0228,0.0418,-0.0023,0.3333,0.0000,1.0000,0.0000,1.5668,0.9795,-0.5321,0.4360,-7.6534,-4.2666,-0.1013,0.0006,0.0471,0.1184,-0.1086,0.0015
1786060619.2547,-3.6248,-3.4480,-0.5480,0.3892,-3.6248,-3.4479,0.0163,-0.1135,0.0413,0.0863,0.0164,-0.1135,0.0373,-0.0220,0.0024,0.0228,0.0418,-0.0023,0.3333,0.0000,1.0000,0.0000,1.5668,0.9795,-0.5321,0.4360,-7.6534,-4.2666,-0.1013,0.0006,0.0471,0.1184,-0.1086,0.0015
1786060619.3046,-3.6248,-3.4480,-0.5464,0.3978,-3.6248,-3.4479,0.0163,-0.1135,0.0336,0.0858,0.0164,-0.1135,0.0373,-0.0220,0.0046,0.0218,0.0418,-0.0023,0.3333,0.0000,1.0000,0.0000,1.5567,0.9791,-0.5274,0.4475,-7.6642,-4.2669,-0.1009,-0.0079,0.0469,0.1115,-0.1081,-0.0070
1786060619.3546,-3.6248,-3.4480,-0.5464,0.3978,-3.6248,-3.4479,0.0163,-0.1135,0.0336,0.0858,0.0164,-0.1135,0.0373,-0.0220,0.0044,0.0219,0.0418,-0.0023,0.3333,0.0000,1.0000,0.0000,1.5567,0.9791,-0.5274,0.4475,-7.6642,-4.2669,-0.1009,-0.0079,0.0469,0.1115,-0.1081,-0.0070
1786060619.4046,-3.6248,-3.4480,-0.5417,0.4063,-3.6248,-3.4479,0.0163,-0.1135,0.0387,0.0884,0.0164,-0.1135,0.0373,-0.0220,0.0035,0.0231,0.0418,-0.0023,0.3333,0.0000,1.0000,0.0000,1.5466,0.9778,-0.5228,0.4582,-7.6751,-4.2681,-0.1020,-0.0164,0.0455,0.1045,-0.1091,-0.0155
1786060619.4546,-3.6248,-3.4480,-0.5417,0.4063,-3.6248,-3.4479,0.0163,-0.1135,0.0387,0.0884,0.0164,-0.1135,0.0373,-0.0220,0.0035,0.0230,0.0418,-0.0023,0.3333,0.0000,1.0000,0.0000,1.5466,0.9778,-0.5228,0.4582,-7.6751,-4.2681,-0.1020,-0.0164,0.0455,0.1045,-0.1091,-0.0155
1786060619.5046,-3.6248,-3.4480,-0.5369,0.4160,-3.6248,-3.4479,0.0163,-0.1135,0.0414,0.0910,0.0164,-0.1135,0.0373,-0.0220,0.0034,0.0238,0.0418,-0.0023,0.3333,0.0000,1.0000,0.0000,1.5363,0.9761,-0.5183,0.4687,-7.6861,-4.2697,-0.1033,-0.0154,0.0442,0.1067,-0.1103,-0.0145
1786060619.5546,-3.6248,-3.4480,-0.5369,0.4160,-3.6248,-3.4479,0.0163,-0.1135,0.0414,0.0910,0.0164,-0.1135,0.0373,-0.0220,0.0034,0.0238,0.0418,-0.0023,0.3333,0.0000,1.0000,0.0000,1.5363,0.9761,-0.5183,0.4687,-7.6861,-4.2697,-0.1033,-0.0154,0.0442,0.1067,-0.1103,-0.0145
1786060619.6047,-3.6248,-3.4480,-0.5313,0.4264,-3.6248,-3.4479,0.0163,-0.1135,0.0461,0.0948,0.0164,-0.1135,0.0373,-0.0220,0.0030,0.0247,0.0418,-0.0023,0.3333,0.0000,1.0000,0.0000,1.5260,0.9751,-0.5139,0.4799,-7.6971,-4.2707,-0.1035,-0.0060,0.0440,0.1171,-0.1104,-0.0051
1786060619.6546,-3.6248,-3.4480,-0.5313,0.4264,-3.6248,-3.4479,0.0163,-0.1135,0.0461,0.0948,0.0164,-0.1135,0.0373,-0.0220,0.0030,0.0247,0.0418,-0.0023,0.3333,0.0000,1.0000,0.0000,1.5260,0.9751,-0.5139,0.4799,-7.6971,-4.2707,-0.1035,-0.0060,0.0440,0.1171,-0.1104,-0.0051
1786060619.7046,-3.6248,-3.4480,-0.5264,0.4371,-3.6248,-3.4479,0.0163,-0.1135,0.0468,0.0986,0.0164,-0.1135,0.0373,-0.0220,0.0034,0.0250,0.0418,-0.0023,0.3333,0.0000,1.0000,0.0000,1.5157,0.9749,-0.5094,0.4922,-7.7081,-4.2707,-0.1024,0.0013,0.0448,0.1258,-0.1091,0.0022
1786060619.7546,-3.6248,-3.4480,-0.5264,0.4371,-3.6248,-3.4479,0.0163,-0.1135,0.0468,0.0986,0.0164,-0.1135,0.0373,-0.0220,0.0034,0.0250,0.0418,-0.0023,0.3333,0.0000,1.0000,0.0000,1.5157,0.9749,-0.5094,0.4922,-7.7081,-4.2707,-0.1024,0.0013,0.0448,0.1258,-0.1091,0.0022
1786060619.8047,-3.6248,-3.4480,-0.5200,0.4478,-3.6248,-3.4479,0.0163,-0.1135,0.0522,0.1011,0.0164,-0.1135,0.0373,-0.0220,0.0028,0.0258,0.0418,-0.0023,0.3333,0.0000,1.0000,0.0000,1.5055,0.9750,-0.5049,0.5048,-7.7189,-4.2706,-0.1014,-0.0017,0.0451,0.1244,-0.1079,-0.0008
1786060619.8546,-3.6248,-3.4480,-0.5200,0.4478,-3.6248,-3.4479,0.0163,-0.1135,0.0522,0.1011,0.0164,-0.1135,0.0373,-0.0220,0.0028,0.0258,0.0418,-0.0023,0.3333,0.0000,1.0000,0.0000,1.5055,0.9750,-0.5049,0.5048,-7.7189,-4.2706,-0.1014,-0.0017,0.0451,0.1244,-0.1079,-0.0008
1786060619.9046,-3.6248,-3.4480,-0.5136,0.4582,-3.6248,-3.4479,0.0163,-0.1135,0.0557,0.1016,0.0164,-0.1135,0.0373,-0.0220,0.0022,0.0266,0.0418,-0.0023,0.3333,0.0000,1.0000,0.0000,1.4953,0.9743,-0.5005,0.5168,-7.7297,-4.2712,-0.1017,-0.0115,0.0442,0.1161,-0.1080,-0.0107
1786060619.9547,-3.6248,-3.4480,-0.5136,0.4582,-3.6248,-3.4479,0.0163,-0.1135,0.0557,0.1016,0.0164,-0.1135,0.0373,-0.0220,0.0022,0.0265,0.0418,-0.0023,0.3333,0.0000,1.0000,0.0000,1.4953,0.9743,-0.5005,0.5168,-7.7297,-4.2712,-0.1017,-0.0115,0.0442,0.1161,-0.1080,-0.0107
1786060620.0047,-3.6248,-3.4480,-0.5070,0.4687,-3.6248,-3.4479,0.0163,-0.1135,0.0591,0.1025,0.0164,-0.1135,0.0373,-0.0220,0.0016,0.0270,0.0418,-0.0023,0.3333,0.0000,1.0000,0.0000,1.4851,0.9727,-0.4962,0.5281,-7.7406,-4.2726,-0.1032,-0.0173,0.0422,0.1118,-0.1092,-0.0165
1786060620.0546,-3.6248,-3.4480,-0.5070,0.4687,-3.6248,-3.4479,0.0163,-0.1135,0.0591,0.1025,0.0164,-0.1135,0.0373,-0.0220,0.0016,0.0270,0.0418,-0.0023,0.3333,0.0000,1.0000,0.0000,1.4851,0.9727,-0.4962,0.5281,-7.7406,-4.2726,-0.1032,-0.0173,0.0422,0.1118,-0.1092,-0.0165
1786060620.1047,-3.6248,-3.4480,-0.5023,0.4804,-3.6248,-3.4479,0.0163,-0.1135,0.0551,0.1071,0.0164,-0.1135,0.0373,-0.0220,0.0019,0.0258,0.0418,-0.0023,0.3333,0.0000,1.0000,0.0000,1.4747,0.9712,-0.4920,0.5395,-7.7515,-4.2741,-0.1044,-0.0124,0.0403,0.1181,-0.1102,-0.0116
1786060620.1547,-3.6248,-3.4480,-0.5023,0.4804,-3.6248,-3.4479,0.0163,-0.1135,0.0551,0.1071,0.0164,-0.1135,0.0373,-0.0220,0.0019,0.0259,0.0418,-0.0023,0.3333,0.0000,1.0000,0.0000,1.4747,0.9712,-0.4920,0.5395,-7.7515,-4.2741,-0.1044,-0.0124,0.0403,0.1181,-0.1102,-0.0116
1786060620.2047,-3.6248,-3.4480,-0.4992,0.4935,-3.6248,-3.4479,0.0163,-0.1135,0.0475,0.1144,0.0164,-0.1135,0.0373,-0.0220,0.0027,0.0230,0.0418,-0.0023,0.3333,0.0000,1.0000,0.0000,1.4643,0.9705,-0.4880,0.5520,-7.7625,-4.2747,-0.1042,-0.0024,0.0398,0.1296,-0.1096,-0.0017
1786060620.2547,-3.6248,-3.4480,-0.4992,0.4935,-3.6248,-3.4479,0.0163,-0.1135,0.0475,0.1144,0.0164,-0.1135,0.0373,-0.0220,0.0027,0.0232,0.0418,-0.0023,0.3333,0.0000,1.0000,0.0000,1.4643,0.9705,-0.4880,0.5520,-7.7625,-4.2747,-0.1042,-0.0024,0.0398,0.1296,-0.1096,-0.0017
1786060620.3046,-3.6248,-3.4480,-0.4985,0.5078,-3.6248,-3.4479,0.0163,-0.1135,0.0348,0.1233,0.0164,-0.1135,0.0373,-0.0220,0.0046,0.0184,0.0418,-0.0023,0.3333,0.0000,1.0000,0.0000,1.4539,0.9706,-0.4840,0.5653,-7.7734,-4.2746,-0.1031,0.0016,0.0401,0.1352,-0.1082,0.0023
1786060620.3548,-3.6248,-3.4480,-0.4985,0.5078,-3.6248,-3.4479,0.0163,-0.1135,0.0348,0.1233,0.0164,-0.1135,0.0373,-0.0220,0.0046,0.0187,0.0418,-0.0023,0.3333,0.0000,1.0000,0.0000,1.4539,0.9706,-0.4840,0.5653,-7.7734,-4.2746,-0.1031,0.0016,0.0401,0.1352,-0.1082,0.0023
1786060620.4047,-3.6248,-3.4480,-0.4951,0.5214,-3.6248,-3.4479,0.0163,-0.1135,0.0345,0.1269,0.0164,-0.1135,0.0373,-0.0220,0.0035,0.0136,0.0418,-0.0023,0.3333,0.0000,1.0000,0.0000,1.4436,0.9704,-0.4800,0.5786,-7.7842,-4.2746,-0.1026,-0.0049,0.0402,0.1300,-0.1074,-0.0042
1786060620.4546,-3.6248,-3.4480,-0.4951,0.5214,-3.6248,-3.4479,0.0163,-0.1135,0.0345,0.1269,0.0164,-0.1135,0.0373,-0.0220,0.0036,0.0141,0.0418,-0.0023,0.3333,0.0000,1.0000,0.0000,1.4436,0.9704,-0.4800,0.5786,-7.7842,-4.2746,-0.1026,-0.0049,0.0402,0.1300,-0.1074,-0.0042
1786060620.5047,-3.6248,-3.4480,-0.4918,0.5342,-3.6248,-3.4479,0.0163,-0.1135,0.0340,0.1270,0.0164,-0.1135,0.0373,-0.0220,0.0025,0.0093,0.0418,-0.0023,0.3333,0.0000,1.0000,0.0000,1.4333,0.9694,-0.4760,0.5911,-7.7950,-4.2756,-0.1035,-0.0145,0.0396,0.1209,-0.1080,-0.0139
1786060620.5547,-3.6248,-3.4480,-0.4918,0.5342,-3.6248,-3.4479,0.0163,-0.1135,0.0340,0.1270,0.0164,-0.1135,0.0373,-0.0220,0.0027,0.0099,0.0418,-0.0023,0.3333,0.0000,1.0000,0.0000,1.4333,0.9694,-0.4760,0.5911,-7.7950,-4.2756,-0.1035,-0.0145,0.0396,0.1209,-0.1080,-0.0139
1786060620.6046,-3.6248,-3.4480,-0.4875,0.5450,-3.6248,-3.4479,0.0163,-0.1135,0.0367,0.1210,0.0164,-0.1135,0.0373,-0.0220,0.0010,0.0092,0.0418,-0.0023,0.3333,0.0000,1.0000,0.0000,1.4229,0.9677,-0.4721,0.6030,-7.8058,-4.2772,-0.1051,-0.0166,0.0390,0.1187,-0.1093,-0.0160
1786060620.6546,-3.6248,-3.4480,-0.4875,0.5450,-3.6248,-3.4479,0.0163,-0.1135,0.0367,0.1210,0.0164,-0.1135,0.0373,-0.0220,0.0011,0.0094,0.0418,-0.0023,0.3333,0.0000,1.0000,0.0000,1.4229,0.9677,-0.4721,0.6030,-7.8058,-4.2772,-0.1051,-0.0166,0.0390,0.1187,-0.1093,-0.0160
1786060620.7046,-3.6248,-3.4480,-0.4834,0.5566,-3.6248,-3.4479,0.0163,-0.1135,0.0377,0.1181,0.0164,-0.1135,0.0373,-0.0220,-0.0010,0.0052,0.0418,-0.0023,0.3333,0.0000,1.0000,0.0000,1.4123,0.9665,-0.4682,0.6152,-7.8168,-4.2784,-0.1059,-0.0086,0.0395,0.1262,-0.1097,-0.0081
1786060620.7546,-3.6248,-3.4480,-0.4834,0.5566,-3.6248,-3.4479,0.0163,-0.1135,0.0377,0.1181,0.0164,-0.1135,0.0373,-0.0220,-0.0008,0.0059,0.0418,-0.0023,0.3333,0.0000,1.0000,0.0000,1.4123,0.9665,-0.4682,0.6152,-7.8168,-4.2784,-0.1059,-0.0086,0.0395,0.1262,-0.1097,-0.0081
1786060620.8045,-3.6248,-3.4480,-0.4816,0.5702,-3.6248,-3.4479,0.0163,-0.1135,0.0314,0.1235,0.0164,-0.1135,0.0373,-0.0220,-0.0015,-0.0090,0.0418,-0.0023,0.3333,0.0000,1.0000,0.0000,1.4018,0.9661,-0.4641,0.6284,-7.8277,-4.2787,-0.1052,0.0004,0.0413,0.1348,-0.1087,0.0009
1786060620.8546,-3.6248,-3.4480,-0.4816,0.5702,-3.6248,-3.4479,0.0163,-0.1135,0.0314,0.1235,0.0164,-0.1135,0.0373,-0.0220,-0.0010,-0.0062,0.0418,-0.0023,0.3333,0.0000,1.0000,0.0000,1.4018,0.9661,-0.4641,0.6284,-7.8277,-4.2787,-0.1052,0.0004,0.0413,0.1348,-0.1087,0.0009
1786060620.9046,-3.6248,-3.4480,-0.4762,0.5826,-3.6248,-3.4479,0.0163,-0.1135,0.0386,0.1235,0.0164,-0.1135,0.0373,-0.0220,-0.0092,-0.0207,0.0418,-0.0023,0.3333,0.0000,1.0000,0.0000,1.3913,0.9663,-0.4599,0.6419,-7.8385,-4.2785,-0.1043,0.0005,0.0432,0.1345,-0.1074,0.0010
1786060620.9546,-3.6248,-3.4480,-0.4762,0.5826,-3.6248,-3.4479,0.0163,-0.1135,0.0386,0.1235,0.0164,-0.1135,0.0373,-0.0220,-0.0079,-0.0175,0.0418,-0.0023,0.3333,0.0000,1.0000,0.0000,1.3913,0.9663,-0.4599,0.6419,-7.8385,-4.2785,-0.1043,0.0005,0.0432,0.1345,-0.1074,0.0010
1786060621.0046,-3.6248,-3.4480,-0.4679,0.5935,-3.6248,-3.4479,0.0163,-0.1135,0.0525,0.1192,0.0164,-0.1135,0.0373,-0.0220,-0.0225,-0.0281,0.0418,-0.0023,0.3333,0.0000,1.0000,0.0000,1.3809,0.9659,-0.4555,0.6549,-7.8492,-4.2789,-0.1044,-0.0084,0.0442,0.1247,-0.1070,-0.0080
1786060621.0546,-3.6248,-3.4480,-0.4679,0.5935,-3.6248,-3.4479,0.0163,-0.1135,0.0525,0.1192,0.0164,-0.1135,0.0373,-0.0220,-0.0206,-0.0255,0.0418,-0.0023,0.3333,0.0000,1.0000,0.0000,1.3809,0.9659,-0.4555,0.6549,-7.8492,-4.2789,-0.1044,-0.0084,0.0442,0.1247,-0.1070,-0.0080
1786060621.1046,-3.6248,-3.4480,-0.4625,0.6056,-3.6248,-3.4479,0.0163,-0.1135,0.0528,0.1197,0.0164,-0.1135,0.0373,-0.0220,-0.0281,-0.0406,0.0418,-0.0023,0.3333,0.0000,1.0000,0.0000,1.3704,0.9646,-0.4511,0.6668,-7.8600,-4.2802,-0.1058,-0.0163,0.0434,0.1151,-0.1080,-0.0160
1786060621.1546,-3.6248,-3.4480,-0.4625,0.6056,-3.6248,-3.4479,0.0163,-0.1135,0.0528,0.1197,0.0164,-0.1135,0.0373,-0.0220,-0.0270,-0.0376,0.0418,-0.0023,0.3333,0.0000,1.0000,0.0000,1.3704,0.9646,-0.4511,0.6668,-7.8600,-4.2802,-0.1058,-0.0163,0.0434,0.1151,-0.1080,-0.0160
1786060621.2047,-3.6248,-3.4480,-0.4584,0.6185,-3.6248,-3.4479,0.0163,-0.1135,0.0490,0.1225,0.0164,-0.1135,0.0373,-0.0220,-0.0304,-0.0547,0.0418,-0.0023,0.3333,0.0000,1.0000,0.0000,1.3597,0.9629,-0.4469,0.6782,-7.8708,-4.2817,-0.1073,-0.0143,0.0414,0.1148,-0.1092,-0.0140
1786060621.2547,-3.6248,-3.4480,-0.4584,0.6185,-3.6248,-3.4479,0.0163,-0.1135,0.0490,0.1225,0.0164,-0.1135,0.0373,-0.0220,-0.0302,-0.0526,0.0418,-0.0023,0.3333,0.0000,1.0000,0.0000,1.3597,0.9629,-0.4469,0.6782,-7.8708,-4.2817,-0.1073,-0.0143,0.0414,0.1148,-0.1092,-0.0140
1786060621.3046,-3.6248,-3.4480,-0.4560,0.6320,-3.6248,-3.4479,0.0163,-0.1135,0.0408,0.1253,0.0164,-0.1135,0.0373,-0.0220,-0.0263,-0.0662,0.0418,-0.0023,0.3333,0.0000,1.0000,0.0000,1.3489,0.9620,-0.4428,0.6900,-7.8818,-4.2826,-0.1076,-0.0046,0.0399,0.1219,-0.1091,-0.0044
1786060621.3546,-3.6248,-3.4480,-0.4560,0.6320,-3.6248,-3.4479,0.0163,-0.1135,0.0408,0.1253,0.0164,-0.1135,0.0373,-0.0220,-0.0275,-0.0656,0.0418,-0.0023,0.3333,0.0000,1.0000,0.0000,1.3489,0.9620,-0.4428,0.6900,-7.8818,-4.2826,-0.1076,-0.0046,0.0399,0.1219,-0.1091,-0.0044
1786060621.4046,-3.6248,-3.4480,-0.4550,0.6457,-3.6248,-3.4479,0.0163,-0.1135,0.0327,0.1331,0.0164,-0.1135,0.0373,-0.0220,-0.0161,-0.0645,0.0418,-0.0023,0.3333,0.0000,1.0000,0.0000,1.3382,0.9620,-0.4389,0.7025,-7.8926,-4.2826,-0.1067,0.0021,0.0390,0.1258,-0.1077,0.0022
1786060621.4547,-3.6248,-3.4480,-0.4550,0.6457,-3.6248,-3.4479,0.0163,-0.1135,0.0327,0.1331,0.0164,-0.1135,0.0373,-0.0220,-0.0174,-0.0632,0.0418,-0.0023,0.3333,0.0000,1.0000,0.0000,1.3382,0.9620,-0.4389,0.7025,-7.8926,-4.2826,-0.1067,0.0021,0.0390,0.1258,-0.1077,0.0022
1786060621.5047,-3.6248,-3.4480,-0.4511,0.6582,-3.6248,-3.4479,0.0163,-0.1135,0.0345,0.1300,0.0164,-0.1135,0.0373,-0.0220,-0.0179,-0.0535,0.0418,-0.0023,0.3333,0.0000,1.0000,0.0000,1.3276,0.9621,-0.4351,0.7148,-7.9033,-4.2825,-0.1060,-0.0017,0.0376,0.1186,-0.1066,-0.0017
1786060621.5546,-3.6248,-3.4480,-0.4511,0.6582,-3.6248,-3.4479,0.0163,-0.1135,0.0345,0.1300,0.0164,-0.1135,0.0373,-0.0220,-0.0168,-0.0507,0.0418,-0.0023,0.3333,0.0000,1.0000,0.0000,1.3276,0.9621,-0.4351,0.7148,-7.9033,-4.2825,-0.1060,-0.0017,0.0376,0.1186,-0.1066,-0.0017
1786060621.6046,-3.6248,-3.4480,-0.4466,0.6679,-3.6248,-3.4479,0.0163,-0.1135,0.0375,0.1191,0.0164,-0.1135,0.0373,-0.0220,-0.0263,-0.0548,0.0418,-0.0023,0.3333,0.0000,1.0000,0.0000,1.3170,0.9614,-0.4314,0.7259,-7.9140,-4.2833,-0.1065,-0.0116,0.0354,0.1049,-0.1068,-0.0117
1786060621.6546,-3.6248,-3.4480,-0.4466,0.6679,-3.6248,-3.4479,0.0163,-0.1135,0.0375,0.1191,0.0164,-0.1135,0.0373,-0.0220,-0.0259,-0.0575,0.0418,-0.0023,0.3333,0.0000,1.0000,0.0000,1.3170,0.9614,-0.4314,0.7259,-7.9140,-4.2833,-0.1065,-0.0116,0.0354,0.1049,-0.1068,-0.0117
1786060621.7046,-3.6248,-3.4480,-0.4434,0.6772,-3.6248,-3.4479,0.0163,-0.1135,0.0356,0.1097,0.0164,-0.1135,0.0373,-0.0220,-0.0335,-0.0692,0.0418,-0.0023,0.3333,0.0000,1.0000,0.0000,1.3062,0.9599,-0.4280,0.7358,-7.9247,-4.2848,-0.1082,-0.0165,0.0327,0.0958,-0.1081,-0.0166
1786060621.7546,-3.6248,-3.4480,-0.4434,0.6772,-3.6248,-3.4479,0.0163,-0.1135,0.0356,0.1097,0.0164,-0.1135,0.0373,-0.0220,-0.0345,-0.0748,0.0418,-0.0023,0.3333,0.0000,1.0000,0.0000,1.3062,0.9599,-0.4280,0.7358,-7.9247,-4.2848,-0.1082,-0.0165,0.0327,0.0958,-0.1081,-0.0166
1786060621.8047,-3.6248,-3.4480,-0.4417,0.6886,-3.6248,-3.4479,0.0163,-0.1135,0.0298,0.1112,0.0164,-0.1135,0.0373,-0.0220,-0.0243,-0.0650,0.0418,-0.0023,0.3333,0.0000,1.0000,0.0000,1.2953,0.9585,-0.4249,0.7454,-7.9356,-4.2862,-0.1094,-0.0108,0.0304,0.0970,-0.1089,-0.0110
1786060621.8546,-3.6248,-3.4480,-0.4417,0.6886,-3.6248,-3.4479,0.0163,-0.1135,0.0298,0.1112,0.0164,-0.1135,0.0373,-0.0220,-0.0241,-0.0583,0.0418,-0.0023,0.3333,0.0000,1.0000,0.0000,1.2953,0.9585,-0.4249,0.7454,-7.9356,-4.2862,-0.1094,-0.0108,0.0304,0.0970,-0.1089,-0.0110
1786060621.9046,-3.6248,-3.4480,-0.4367,0.6988,-3.6248,-3.4479,0.0163,-0.1135,0.0361,0.1084,0.0164,-0.1135,0.0373,-0.0220,-0.0343,-0.0368,0.0418,-0.0023,0.3333,0.0000,1.0000,0.0000,1.2844,0.9579,-0.4220,0.7553,-7.9465,-4.2868,-0.1092,-0.0009,0.0284,0.1016,-0.1083,-0.0011
1786060621.9547,-3.6248,-3.4480,-0.4367,0.6988,-3.6248,-3.4479,0.0163,-0.1135,0.0361,0.1084,0.0164,-0.1135,0.0373,-0.0220,-0.0292,-0.0297,0.0418,-0.0023,0.3333,0.0000,1.0000,0.0000,1.2844,0.9579,-0.4220,0.7553,-7.9465,-4.2868,-0.1092,-0.0009,0.0284,0.1016,-0.1083,-0.0011
1786060622.0047,-3.6248,-3.4480,-0.4289,0.7083,-3.6248,-3.4479,0.0163,-0.1135,0.0492,0.1041,0.0164,-0.1135,0.0373,-0.0220,-0.0490,-0.0092,0.0418,-0.0023,0.3333,0.0000,1.0000,0.0000,1.2735,0.9581,-0.4193,0.7655,-7.9572,-4.2866,-0.1082,0.0023,0.0263,0.0990,-0.1069,0.0020
1786060622.0546,-3.6248,-3.4480,-0.4289,0.7083,-3.6248,-3.4479,0.0163,-0.1135,0.0492,0.1041,0.0164,-0.1135,0.0373,-0.0220,-0.0457,-0.0076,0.0418,-0.0023,0.3333,0.0000,1.0000,0.0000,1.2735,0.9581,-0.4193,0.7655,-7.9572,-4.2866,-0.1082,0.0023,0.0263,0.0990,-0.1069,0.0020
1786060622.1046,-3.6248,-3.4480,-0.4236,0.7191,-3.6248,-3.4479,0.0163,-0.1135,0.0501,0.1053,0.0164,-0.1135,0.0373,-0.0220,-0.0489,-0.0019,0.0418,-0.0023,0.3333,0.0000,1.0000,0.0000,1.2628,0.9580,-0.4168,0.7748,-7.9678,-4.2867,-0.1078,-0.0049,0.0240,0.0872,-0.1062,-0.0052
1786060622.1547,-3.6248,-3.4480,-0.4236,0.7191,-3.6248,-3.4479,0.0163,-0.1135,0.0501,0.1053,0.0164,-0.1135,0.0373,-0.0220,-0.0484,-0.0015,0.0418,-0.0023,0.3333,0.0000,1.0000,0.0000,1.2628,0.9580,-0.4168,0.7748,-7.9678,-4.2867,-0.1078,-0.0049,0.0240,0.0872,-0.1062,-0.0052
1786060622.2046,-3.6248,-3.4480,-0.4201,0.7307,-3.6248,-3.4479,0.0163,-0.1135,0.0456,0.1088,0.0164,-0.1135,0.0373,-0.0220,-0.0390,-0.0036,0.0418,-0.0023,0.3333,0.0000,1.0000,0.0000,1.2519,0.9570,-0.4145,0.7828,-7.9785,-4.2878,-0.1089,-0.0142,0.0207,0.0750,-0.1069,-0.0146
1786060622.2546,-3.6248,-3.4480,-0.4201,0.7307,-3.6248,-3.4479,0.0163,-0.1135,0.0456,0.1088,0.0164,-0.1135,0.0373,-0.0220,-0.0387,-0.0030,0.0418,-0.0023,0.3333,0.0000,1.0000,0.0000,1.2519,0.9570,-0.4145,0.7828,-7.9785,-4.2878,-0.1089,-0.0142,0.0207,0.0750,-0.1069,-0.0146
1786060622.3046,-3.6248,-3.4480,-0.4182,0.7416,-3.6248,-3.4479,0.0163,-0.1135,0.0373,0.1088,0.0164,-0.1135,0.0373,-0.0220,-0.0311,-0.0128,0.0418,-0.0023,0.3333,0.0000,1.0000,0.0000,1.2409,0.9554,-0.4127,0.7900,-7.9893,-4.2894,-0.1106,-0.0153,0.0161,0.0726,-0.1082,-0.0158
1786060622.3546,-3.6248,-3.4480,-0.4182,0.7416,-3.6248,-3.4479,0.0163,-0.1135,0.0373,0.1088,0.0164,-0.1135,0.0373,-0.0220,-0.0320,-0.0142,0.0418,-0.0023,0.3333,0.0000,1.0000,0.0000,1.2409,0.9554,-0.4127,0.7900,-7.9893,-4.2894,-0.1106,-0.0153,0.0161,0.0726,-0.1082,-0.0158
1786060622.4046,-3.6248,-3.4480,-0.4176,0.7548,-3.6248,-3.4479,0.0163,-0.1135,0.0273,0.1160,0.0164,-0.1135,0.0373,-0.0220,-0.0206,-0.0211,0.0418,-0.0023,0.3333,0.0000,1.0000,0.0000,1.2298,0.9543,-0.4114,0.7976,-8.0001,-4.2906,-0.1112,-0.0069,0.0115,0.0804,-0.1086,-0.0074
1786060622.4546,-3.6248,-3.4480,-0.4176,0.7548,-3.6248,-3.4479,0.0163,-0.1135,0.0273,0.1160,0.0164,-0.1135,0.0373,-0.0220,-0.0210,-0.0221,0.0418,-0.0023,0.3333,0.0000,1.0000,0.0000,1.2298,0.9543,-0.4114,0.7976,-8.0001,-4.2906,-0.1112,-0.0069,0.0115,0.0804,-0.1086,-0.0074
1786060622.5047,-3.6248,-3.4480,-0.4166,0.7661,-3.6248,-3.4479,0.0163,-0.1135,0.0219,0.1150,0.0164,-0.1135,0.0373,-0.0220,-0.0196,-0.0420,0.0418,-0.0023,0.3333,0.0000,1.0000,0.0000,1.2188,0.9541,-0.4104,0.8062,-8.0109,-4.2908,-0.1104,0.0018,0.0084,0.0882,-0.1075,0.0012
1786060622.5546,-3.6248,-3.4480,-0.4166,0.7661,-3.6248,-3.4479,0.0163,-0.1135,0.0219,0.1150,0.0164,-0.1135,0.0373,-0.0220,-0.0214,-0.0489,0.0418,-0.0023,0.3333,0.0000,1.0000,0.0000,1.2188,0.9541,-0.4104,0.8062,-8.0109,-4.2908,-0.1104,0.0018,0.0084,0.0882,-0.1075,0.0012
1786060622.6046,-3.6248,-3.4480,-0.4155,0.7760,-3.6248,-3.4479,0.0163,-0.1135,0.0185,0.1100,0.0164,-0.1135,0.0373,-0.0220,-0.0231,-0.0769,0.0418,-0.0023,0.3333,0.0000,1.0000,0.0000,1.2078,0.9544,-0.4097,0.8150,-8.0216,-4.2906,-0.1094,0.0009,0.0066,0.0862,-0.1062,0.0003
1786060622.6546,-3.6248,-3.4480,-0.4155,0.7760,-3.6248,-3.4479,0.0163,-0.1135,0.0185,0.1100,0.0164,-0.1135,0.0373,-0.0220,-0.0254,-0.0862,0.0418,-0.0023,0.3333,0.0000,1.0000,0.0000,1.2078,0.9544,-0.4097,0.8150,-8.0216,-4.2906,-0.1094,0.0009,0.0066,0.0862,-0.1062,0.0003
1786060622.7046,-3.6248,-3.4480,-0.4146,0.7858,-3.6248,-3.4479,0.0163,-0.1135,0.0156,0.1061,0.0164,-0.1135,0.0373,-0.0220,-0.0233,-0.0922,0.0418,-0.0023,0.3333,0.0000,1.0000,0.0000,1.1968,0.9540,-0.4091,0.8230,-8.0322,-4.2911,-0.1095,-0.0084,0.0048,0.0750,-0.1060,-0.0090
1786060622.7546,-3.6248,-3.4480,-0.4146,0.7858,-3.6248,-3.4479,0.0163,-0.1135,0.0156,0.1061,0.0164,-0.1135,0.0373,-0.0220,-0.0238,-0.0924,0.0418,-0.0023,0.3333,0.0000,1.0000,0.0000,1.1968,0.9540,-0.4091,0.8230,-8.0322,-4.2911,-0.1095,-0.0084,0.0048,0.0750,-0.1060,-0.0090
1786060622.8047,-3.6248,-3.4480,-0.4144,0.7951,-3.6248,-3.4479,0.0163,-0.1135,0.0114,0.1020,0.0164,-0.1135,0.0373,-0.0220,-0.0187,-0.0786,0.0418,-0.0023,0.3333,0.0000,1.0000,0.0000,1.1858,0.9527,-0.4088,0.8299,-8.0428,-4.2925,-0.1109,-0.0157,0.0012,0.0647,-0.1071,-0.0164
1786060622.8547,-3.6248,-3.4480,-0.4144,0.7951,-3.6248,-3.4479,0.0163,-0.1135,0.0114,0.1020,0.0164,-0.1135,0.0373,-0.0220,-0.0188,-0.0806,0.0418,-0.0023,0.3333,0.0000,1.0000,0.0000,1.1858,0.9527,-0.4088,0.8299,-8.0428,-4.2925,-0.1109,-0.0157,0.0012,0.0647,-0.1071,-0.0164
1786060622.9047,-3.6248,-3.4480,-0.4143,0.8036,-3.6248,-3.4479,0.0163,-0.1135,0.0079,0.0962,0.0164,-0.1135,0.0373,-0.0220,-0.0154,-0.0561,0.0418,-0.0023,0.3333,0.0000,1.0000,0.0000,1.1747,0.9512,-0.4089,0.8362,-8.0536,-4.2940,-0.1123,-0.0128,-0.0036,0.0638,-0.1083,-0.0135
1786060622.9546,-3.6248,-3.4480,-0.4143,0.8036,-3.6248,-3.4479,0.0163,-0.1135,0.0079,0.0962,0.0164,-0.1135,0.0373,-0.0220,-0.0152,-0.0631,0.0418,-0.0023,0.3333,0.0000,1.0000,0.0000,1.1747,0.9512,-0.4089,0.8362,-8.0536,-4.2940,-0.1123,-0.0128,-0.0036,0.0638,-0.1083,-0.0135
1786060623.0047,-3.6248,-3.4480,-0.4145,0.8117,-3.6248,-3.4479,0.0163,-0.1135,0.0050,0.0915,0.0164,-0.1135,0.0373,-0.0220,-0.0133,-0.0357,0.0418,-0.0023,0.3333,0.0000,1.0000,0.0000,1.1634,0.9504,-0.4095,0.8429,-8.0645,-4.2949,-0.1123,-0.0030,-0.0072,0.0702,-0.1081,-0.0037
1786060623.0546,-3.6248,-3.4480,-0.4145,0.8117,-3.6248,-3.4479,0.0163,-0.1135,0.0050,0.0915,0.0164,-0.1135,0.0373,-0.0220,-0.0128,-0.0452,0.0418,-0.0023,0.3333,0.0000,1.0000,0.0000,1.1634,0.9504,-0.4095,0.8429,-8.0645,-4.2949,-0.1123,-0.0030,-0.0072,0.0702,-0.1081,-0.0037
1786060623.1047,-3.6248,-3.4480,-0.4129,0.8193,-3.6248,-3.4479,0.0163,-0.1135,0.0083,0.0870,0.0164,-0.1135,0.0373,-0.0220,-0.0113,-0.0164,0.0418,-0.0023,0.3333,0.0000,1.0000,0.0000,1.1522,0.9505,-0.4103,0.8502,-8.0752,-4.2948,-0.1111,0.0029,-0.0089,0.0737,-0.1067,0.0022
1786060623.1546,-3.6248,-3.4480,-0.4129,0.8193,-3.6248,-3.4479,0.0163,-0.1135,0.0083,0.0870,0.0164,-0.1135,0.0373,-0.0220,-0.0115,-0.0270,0.0418,-0.0023,0.3333,0.0000,1.0000,0.0000,1.1522,0.9505,-0.4103,0.8502,-8.0752,-4.2948,-0.1111,0.0029,-0.0089,0.0737,-0.1067,0.0022
1786060623.2047,-3.6248,-3.4480,-0.4108,0.8255,-3.6248,-3.4479,0.0163,-0.1135,0.0123,0.0790,0.0164,-0.1135,0.0373,-0.0220,-0.0074,0.0049,0.0418,-0.0023,0.3333,0.0000,1.0000,0.0000,1.1412,0.9506,-0.4113,0.8573,-8.0858,-4.2948,-0.1103,-0.0018,-0.0100,0.0671,-0.1058,-0.0026
1786060623.2546,-3.6248,-3.4480,-0.4108,0.8255,-3.6248,-3.4479,0.0163,-0.1135,0.0123,0.0790,0.0164,-0.1135,0.0373,-0.0220,-0.0084,-0.0067,0.0418,-0.0023,0.3333,0.0000,1.0000,0.0000,1.1412,0.9506,-0.4113,0.8573,-8.0858,-4.2948,-0.1103,-0.0018,-0.0100,0.0671,-0.1058,-0.0026
1786060623.3047,-3.6248,-3.4480,-0.4087,0.8303,-3.6248,-3.4479,0.0163,-0.1135,0.0151,0.0691,0.0164,-0.1135,0.0373,-0.0220,-0.0011,0.0234,0.0418,-0.0023,0.3333,0.0000,1.0000,0.0000,1.1301,0.9499,-0.4124,0.8634,-8.0964,-4.2956,-0.1108,-0.0118,-0.0125,0.0549,-0.1061,-0.0126
1786060623.3546,-3.6248,-3.4480,-0.4087,0.8303,-3.6248,-3.4479,0.0163,-0.1135,0.0151,0.0691,0.0164,-0.1135,0.0373,-0.0220,-0.0026,0.0132,0.0418,-0.0023,0.3333,0.0000,1.0000,0.0000,1.1301,0.9499,-0.4124,0.8634,-8.0964,-4.2956,-0.1108,-0.0118,-0.0125,0.0549,-0.1061,-0.0126
1786060623.4046,-3.6248,-3.4480,-0.4072,0.8360,-3.6248,-3.4479,0.0163,-0.1135,0.0151,0.0654,0.0164,-0.1135,0.0373,-0.0220,0.0014,0.0291,0.0418,-0.0023,0.3333,0.0000,1.0000,0.0000,1.1190,0.9484,-0.4139,0.8684,-8.1071,-4.2972,-0.1123,-0.0159,-0.0161,0.0481,-0.1075,-0.0167
1786060623.4546,-3.6248,-3.4480,-0.4072,0.8360,-3.6248,-3.4479,0.0163,-0.1135,0.0151,0.0654,0.0164,-0.1135,0.0373,-0.0220,0.0006,0.0244,0.0418,-0.0023,0.3333,0.0000,1.0000,0.0000,1.1190,0.9484,-0.4139,0.8684,-8.1071,-4.2972,-0.1123,-0.0159,-0.0161,0.0481,-0.1075,-0.0167
1786060623.5047,-3.6248,-3.4480,-0.4061,0.8416,-3.6248,-3.4479,0.0163,-0.1135,0.0138,0.0626,0.0164,-0.1135,0.0373,-0.0220,0.0021,0.0350,0.0418,-0.0023,0.3333,0.0000,1.0000,0.0000,1.1077,0.9471,-0.4156,0.8733,-8.1179,-4.2986,-0.1132,-0.0095,-0.0190,0.0521,-0.1083,-0.0103
1786060623.5546,-3.6248,-3.4480,-0.4061,0.8416,-3.6248,-3.4479,0.0163,-0.1135,0.0138,0.0626,0.0164,-0.1135,0.0373,-0.0220,0.0015,0.0323,0.0418,-0.0023,0.3333,0.0000,1.0000,0.0000,1.1077,0.9471,-0.4156,0.8733,-8.1179,-4.2986,-0.1132,-0.0095,-0.0190,0.0521,-0.1083,-0.0103
1786060623.6047,-3.6248,-3.4480,-0.4065,0.8477,-3.6248,-3.4479,0.0163,-0.1135,0.0083,0.0621,0.0164,-0.1135,0.0373,-0.0220,-0.0041,0.0386,0.0418,-0.0023,0.3333,0.0000,1.0000,0.0000,1.0964,0.9467,-0.4176,0.8790,-8.1287,-4.2990,-0.1125,0.0003,-0.0195,0.0603,-0.1076,-0.0005
1786060623.6546,-3.6248,-3.4480,-0.4065,0.8477,-3.6248,-3.4479,0.0163,-0.1135,0.0083,0.0621,0.0164,-0.1135,0.0373,-0.0220,-0.0057,0.0374,0.0418,-0.0023,0.3333,0.0000,1.0000,0.0000,1.0964,0.9467,-0.4176,0.8790,-8.1287,-4.2990,-0.1125,0.0003,-0.0195,0.0603,-0.1076,-0.0005
1786060623.7046,-3.6248,-3.4480,-0.4079,0.8549,-3.6248,-3.4479,0.0163,-0.1135,0.0011,0.0651,0.0164,-0.1135,0.0373,-0.0220,-0.0141,0.0365,0.0418,-0.0023,0.3333,0.0000,1.0000,0.0000,1.0852,0.9469,-0.4195,0.8852,-8.1394,-4.2989,-0.1112,0.0025,-0.0188,0.0626,-0.1062,0.0017
1786060623.7546,-3.6248,-3.4480,-0.4079,0.8549,-3.6248,-3.4479,0.0163,-0.1135,0.0011,0.0651,0.0164,-0.1135,0.0373,-0.0220,-0.0160,0.0363,0.0418,-0.0023,0.3333,0.0000,1.0000,0.0000,1.0852,0.9469,-0.4195,0.8852,-8.1394,-4.2989,-0.1112,0.0025,-0.0188,0.0626,-0.1062,0.0017
1786060623.8047,-3.6248,-3.4480,-0.4081,0.8609,-3.6248,-3.4479,0.0163,-0.1135,0.0002,0.0637,0.0164,-0.1135,0.0373,-0.0220,-0.0175,0.0393,0.0418,-0.0023,0.3333,0.0000,1.0000,0.0000,1.0741,0.9468,-0.4214,0.8912,-8.1500,-4.2991,-0.1107,-0.0054,-0.0190,0.0562,-0.1057,-0.0061
1786060623.8546,-3.6248,-3.4480,-0.4081,0.8609,-3.6248,-3.4479,0.0163,-0.1135,0.0002,0.0637,0.0164,-0.1135,0.0373,-0.0220,-0.0176,0.0388,0.0418,-0.0023,0.3333,0.0000,1.0000,0.0000,1.0741,0.9468,-0.4214,0.8912,-8.1500,-4.2991,-0.1107,-0.0054,-0.0190,0.0562,-0.1057,-0.0061
1786060623.9047,-3.6248,-3.4480,-0.4087,0.8666,-3.6248,-3.4479,0.0163,-0.1135,-0.0016,0.0616,0.0164,-0.1135,0.0373,-0.0220,-0.0204,0.0410,0.0418,-0.0023,0.3333,0.0000,1.0000,0.0000,1.0630,0.9457,-0.4234,0.8964,-8.1606,-4.3002,-0.1116,-0.0145,-0.0212,0.0495,-0.1066,-0.0152
1786060623.9546,-3.6248,-3.4480,-0.4087,0.8666,-3.6248,-3.4479,0.0163,-0.1135,-0.0016,0.0616,0.0164,-0.1135,0.0373,-0.0220,-0.0210,0.0405,0.0418,-0.0023,0.3333,0.0000,1.0000,0.0000,1.0630,0.9457,-0.4234,0.8964,-8.1606,-4.3002,-0.1116,-0.0145,-0.0212,0.0495,-0.1066,-0.0152
1786060624.0046,-3.6248,-3.4480,-0.4099,0.8726,-3.6248,-3.4479,0.0163,-0.1135,-0.0048,0.0610,0.0164,-0.1135,0.0373,-0.0220,-0.0250,0.0399,0.0418,-0.0023,0.3333,0.0000,1.0000,0.0000,1.0518,0.9442,-0.4257,0.9014,-8.1713,-4.3019,-0.1130,-0.0147,-0.0243,0.0521,-0.1080,-0.0154
1786060624.0546,-3.6248,-3.4480,-0.4099,0.8726,-3.6248,-3.4479,0.0163,-0.1135,-0.0048,0.0610,0.0164,-0.1135,0.0373,-0.0220,-0.0261,0.0396,0.0418,-0.0023,0.3333,0.0000,1.0000,0.0000,1.0518,0.9442,-0.4257,0.9014,-8.1713,-4.3019,-0.1130,-0.0147,-0.0243,0.0521,-0.1080,-0.0154
1786060624.1046,-3.6248,-3.4480,-0.4117,0.8791,-3.6248,-3.4479,0.0163,-0.1135,-0.0091,0.0625,0.0164,-0.1135,0.0373,-0.0220,-0.0298,0.0364,0.0418,-0.0023,0.3333,0.0000,1.0000,0.0000,1.0405,0.9432,-0.4282,0.9072,-8.1821,-4.3029,-0.1132,-0.0058,-0.0260,0.0641,-0.1082,-0.0065
1786060624.1547,-3.6248,-3.4480,-0.4117,0.8791,-3.6248,-3.4479,0.0163,-0.1135,-0.0091,0.0625,0.0164,-0.1135,0.0373,-0.0220,-0.0310,0.0362,0.0418,-0.0023,0.3333,0.0000,1.0000,0.0000,1.0405,0.9432,-0.4282,0.9072,-8.1821,-4.3029,-0.1132,-0.0058,-0.0260,0.0641,-0.1082,-0.0065
1786060624.2047,-3.6248,-3.4480,-0.4137,0.8860,-3.6248,-3.4479,0.0163,-0.1135,-0.0125,0.0644,0.0164,-0.1135,0.0373,-0.0220,-0.0326,0.0332,0.0418,-0.0023,0.3333,0.0000,1.0000,0.0000,1.0292,0.9431,-0.4308,0.9143,-8.1929,-4.3031,-0.1121,0.0023,-0.0259,0.0757,-0.1071,0.0016
1786060624.2547,-3.6248,-3.4480,-0.4137,0.8860,-3.6248,-3.4479,0.0163,-0.1135,-0.0125,0.0644,0.0164,-0.1135,0.0373,-0.0220,-0.0332,0.0332,0.0418,-0.0023,0.3333,0.0000,1.0000,0.0000,1.0292,0.9431,-0.4308,0.9143,-8.1929,-4.3031,-0.1121,0.0023,-0.0259,0.0757,-0.1071,0.0016
1786060624.3046,-3.6248,-3.4480,-0.4157,0.8921,-3.6248,-3.4479,0.0163,-0.1135,-0.0149,0.0633,0.0164,-0.1135,0.0373,-0.0220,-0.0357,0.0316,0.0418,-0.0023,0.3333,0.0000,1.0000,0.0000,1.0181,0.9433,-0.4334,0.9221,-8.2035,-4.3029,-0.1108,0.0004,-0.0261,0.0774,-0.1059,-0.0003
1786060624.3546,-3.6248,-3.4480,-0.4157,0.8921,-3.6248,-3.4479,0.0163,-0.1135,-0.0149,0.0633,0.0164,-0.1135,0.0373,-0.0220,-0.0363,0.0313,0.0418,-0.0023,0.3333,0.0000,1.0000,0.0000,1.0181,0.9433,-0.4334,0.9221,-8.2035,-4.3029,-0.1108,0.0004,-0.0261,0.0774,-0.1059,-0.0003
1786060624.4047,-3.6248,-3.4480,-0.4177,0.8972,-3.6248,-3.4479,0.0163,-0.1135,-0.0164,0.0595,0.0164,-0.1135,0.0373,-0.0220,-0.0404,0.0298,0.0418,-0.0023,0.3333,0.0000,1.0000,0.0000,1.0070,0.9428,-0.4361,0.9295,-8.2141,-4.3035,-0.1107,-0.0092,-0.0283,0.0712,-0.1059,-0.0099
1786060624.4546,-3.6248,-3.4480,-0.4177,0.8972,-3.6248,-3.4479,0.0163,-0.1135,-0.0164,0.0595,0.0164,-0.1135,0.0373,-0.0220,-0.0413,0.0291,0.0418,-0.0023,0.3333,0.0000,1.0000,0.0000,1.0070,0.9428,-0.4361,0.9295,-8.2141,-4.3035,-0.1107,-0.0092,-0.0283,0.0712,-0.1059,-0.0099
1786060624.5047,-3.6248,-3.4480,-0.4204,0.9032,-3.6248,-3.4479,0.0163,-0.1135,-0.0195,0.0593,0.0164,-0.1135,0.0373,-0.0220,-0.0433,0.0259,0.0418,-0.0023,0.3333,0.0000,1.0000,0.0000,0.9959,0.9415,-0.4392,0.9364,-8.2248,-4.3049,-0.1119,-0.0160,-0.0329,0.0675,-0.1072,-0.0166
1786060624.5547,-3.6248,-3.4480,-0.4204,0.9032,-3.6248,-3.4479,0.0163,-0.1135,-0.0195,0.0593,0.0164,-0.1135,0.0373,-0.0220,-0.0441,0.0254,0.0418,-0.0023,0.3333,0.0000,1.0000,0.0000,0.9959,0.9415,-0.4392,0.9364,-8.2248,-4.3049,-0.1119,-0.0160,-0.0329,0.0675,-0.1072,-0.0166
1786060624.6047,-3.6248,-3.4480,-0.4225,0.9080,-3.6248,-3.4479,0.0163,-0.1135,-0.0207,0.0576,0.0164,-0.1135,0.0373,-0.0220,-0.0459,0.0233,0.0418,-0.0023,0.3333,0.0000,1.0000,0.0000,0.9846,0.9400,-0.4428,0.9434,-8.2355,-4.3064,-0.1130,-0.0122,-0.0379,0.0741,-0.1084,-0.0128
1786060624.6546,-3.6248,-3.4480,-0.4225,0.9080,-3.6248,-3.4479,0.0163,-0.1135,-0.0207,0.0576,0.0164,-0.1135,0.0373,-0.0220,-0.0465,0.0229,0.0418,-0.0023,0.3333,0.0000,1.0000,0.0000,0.9846,0.9400,-0.4428,0.9434,-8.2355,-4.3064,-0.1130,-0.0122,-0.0379,0.0741,-0.1084,-0.0128
1786060624.7047,-3.6248,-3.4480,-0.4247,0.9141,-3.6248,-3.4479,0.0163,-0.1135,-0.0212,0.0589,0.0164,-0.1135,0.0373,-0.0220,-0.0446,0.0224,0.0418,-0.0023,0.3333,0.0000,1.0000,0.0000,0.9733,0.9393,-0.4468,0.9515,-8.2464,-4.3072,-0.1125,-0.0023,-0.0416,0.0864,-0.1081,-0.0029
1786060624.7546,-3.6248,-3.4480,-0.4247,0.9141,-3.6248,-3.4479,0.0163,-0.1135,-0.0212,0.0589,0.0164,-0.1135,0.0373,-0.0220,-0.0444,0.0227,0.0418,-0.0023,0.3333,0.0000,1.0000,0.0000,0.9733,0.9393,-0.4468,0.9515,-8.2464,-4.3072,-0.1125,-0.0023,-0.0416,0.0864,-0.1081,-0.0029
1786060624.8046,-3.6248,-3.4480,-0.4285,0.9229,-3.6248,-3.4479,0.0163,-0.1135,-0.0258,0.0661,0.0164,-0.1135,0.0373,-0.0220,-0.0398,0.0211,0.0418,-0.0023,0.3333,0.0000,1.0000,0.0000,0.9622,0.9395,-0.4511,0.9606,-8.2571,-4.3071,-0.1111,0.0028,-0.0446,0.0936,-0.1067,0.0023
1786060624.8546,-3.6248,-3.4480,-0.4285,0.9229,-3.6248,-3.4479,0.0163,-0.1135,-0.0258,0.0661,0.0164,-0.1135,0.0373,-0.0220,-0.0395,0.0216,0.0418,-0.0023,0.3333,0.0000,1.0000,0.0000,0.9622,0.9395,-0.4511,0.9606,-8.2571,-4.3071,-0.1111,0.0028,-0.0446,0.0936,-0.1067,0.0023
1786060624.9047,-3.6248,-3.4480,-0.4318,0.9309,-3.6248,-3.4479,0.0163,-0.1135,-0.0278,0.0704,0.0164,-0.1135,0.0373,-0.0220,-0.0363,0.0210,0.0418,-0.0023,0.3333,0.0000,1.0000,0.0000,0.9511,0.9395,-0.4558,0.9698,-8.2677,-4.3071,-0.1101,-0.0028,-0.0481,0.0897,-0.1059,-0.0033
1786060624.9547,-3.6248,-3.4480,-0.4318,0.9309,-3.6248,-3.4479,0.0163,-0.1135,-0.0278,0.0704,0.0164,-0.1135,0.0373,-0.0220,-0.0361,0.0213,0.0418,-0.0023,0.3333,0.0000,1.0000,0.0000,0.9511,0.9395,-0.4558,0.9698,-8.2677,-4.3071,-0.1101,-0.0028,-0.0481,0.0897,-0.1059,-0.0033
1786060625.0047,-3.6248,-3.4480,-0.4357,0.9386,-3.6248,-3.4479,0.0163,-0.1135,-0.0313,0.0727,0.0164,-0.1135,0.0373,-0.0220,-0.0353,0.0194,0.0418,-0.0023,0.3333,0.0000,1.0000,0.0000,0.9401,0.9387,-0.4608,0.9783,-8.2783,-4.3080,-0.1105,-0.0127,-0.0530,0.0815,-0.1064,-0.0132
1786060625.0546,-3.6248,-3.4480,-0.4357,0.9386,-3.6248,-3.4479,0.0163,-0.1135,-0.0313,0.0727,0.0164,-0.1135,0.0373,-0.0220,-0.0354,0.0194,0.0418,-0.0023,0.3333,0.0000,1.0000,0.0000,0.9401,0.9387,-0.4608,0.9783,-8.2783,-4.3080,-0.1105,-0.0127,-0.0530,0.0815,-0.1064,-0.0132
1786060625.1046,-3.6248,-3.4480,-0.4402,0.9462,-3.6248,-3.4479,0.0163,-0.1135,-0.0358,0.0739,0.0164,-0.1135,0.0373,-0.0220,-0.0355,0.0169,0.0418,-0.0023,0.3333,0.0000,1.0000,0.0000,0.9290,0.9371,-0.4664,0.9863,-8.2891,-4.3096,-0.1117,-0.0160,-0.0585,0.0798,-0.1079,-0.0165
1786060625.1546,-3.6248,-3.4480,-0.4402,0.9462,-3.6248,-3.4479,0.0163,-0.1135,-0.0358,0.0739,0.0164,-0.1135,0.0373,-0.0220,-0.0358,0.0168,0.0418,-0.0023,0.3333,0.0000,1.0000,0.0000,0.9290,0.9371,-0.4664,0.9863,-8.2891,-4.3096,-0.1117,-0.0160,-0.0585,0.0798,-0.1079,-0.0165
1786060625.2046,-3.6248,-3.4480,-0.4442,0.9534,-3.6248,-3.4479,0.0163,-0.1135,-0.0371,0.0732,0.0164,-0.1135,0.0373,-0.0220,-0.0358,0.0156,0.0418,-0.0023,0.3333,0.0000,1.0000,0.0000,0.9178,0.9358,-0.4725,0.9947,-8.2999,-4.3109,-0.1123,-0.0089,-0.0629,0.0885,-0.1087,-0.0094
1786060625.2546,-3.6248,-3.4480,-0.4442,0.9534,-3.6248,-3.4479,0.0163,-0.1135,-0.0371,0.0732,0.0164,-0.1135,0.0373,-0.0220,-0.0359,0.0155,0.0418,-0.0023,0.3333,0.0000,1.0000,0.0000,0.9178,0.9358,-0.4725,0.9947,-8.2999,-4.3109,-0.1123,-0.0089,-0.0629,0.0885,-0.1087,-0.0094
1786060625.3047,-3.6248,-3.4480,-0.4494,0.9635,-3.6248,-3.4479,0.0163,-0.1135,-0.0418,0.0820,0.0164,-0.1135,0.0373,-0.0220,-0.0317,0.0153,0.0418,-0.0023,0.3333,0.0000,1.0000,0.0000,0.9066,0.9355,-0.4790,1.0042,-8.3107,-4.3113,-0.1113,0.0005,-0.0655,0.0996,-0.1079,0.0001
1786060625.3546,-3.6248,-3.4480,-0.4494,0.9635,-3.6248,-3.4479,0.0163,-0.1135,-0.0418,0.0820,0.0164,-0.1135,0.0373,-0.0220,-0.0314,0.0156,0.0418,-0.0023,0.3333,0.0000,1.0000,0.0000,0.9066,0.9355,-0.4790,1.0042,-8.3107,-4.3113,-0.1113,0.0005,-0.0655,0.0996,-0.1079,0.0001
1786060625.4047,-3.6248,-3.4480,-0.4541,0.9720,-3.6248,-3.4479,0.0163,-0.1135,-0.0435,0.0829,0.0164,-0.1135,0.0373,-0.0220,-0.0306,0.0150,0.0418,-0.0023,0.3333,0.0000,1.0000,0.0000,0.8955,0.9357,-0.4856,1.0144,-8.3215,-4.3111,-0.1098,0.0018,-0.0676,0.1024,-0.1066,0.0014
1786060625.4546,-3.6248,-3.4480,-0.4541,0.9720,-3.6248,-3.4479,0.0163,-0.1135,-0.0435,0.0829,0.0164,-0.1135,0.0373,-0.0220,-0.0306,0.0150,0.0418,-0.0023,0.3333,0.0000,1.0000,0.0000,0.8955,0.9357,-0.4856,1.0144,-8.3215,-4.3111,-0.1098,0.0018,-0.0676,0.1024,-0.1066,0.0014
1786060625.5047,-3.6248,-3.4480,-0.4594,0.9805,-3.6248,-3.4479,0.0163,-0.1135,-0.0462,0.0834,0.0164,-0.1135,0.0373,-0.0220,-0.0303,0.0138,0.0418,-0.0023,0.3333,0.0000,1.0000,0.0000,0.8846,0.9355,-0.4925,1.0243,-8.3321,-4.3114,-0.1092,-0.0066,-0.0703,0.0957,-0.1062,-0.0069
1786060625.5547,-3.6248,-3.4480,-0.4594,0.9805,-3.6248,-3.4479,0.0163,-0.1135,-0.0462,0.0834,0.0164,-0.1135,0.0373,-0.0220,-0.0304,0.0138,0.0418,-0.0023,0.3333,0.0000,1.0000,0.0000,0.8846,0.9355,-0.4925,1.0243,-8.3321,-4.3114,-0.1092,-0.0066,-0.0703,0.0957,-0.1062,-0.0069
1786060625.6047,-3.6248,-3.4480,-0.4647,0.9885,-3.6248,-3.4479,0.0163,-0.1135,-0.0484,0.0823,0.0164,-0.1135,0.0373,-0.0220,-0.0306,0.0123,0.0418,-0.0023,0.3333,0.0000,1.0000,0.0000,0.8736,0.9343,-0.4998,1.0335,-8.3427,-4.3126,-0.1100,-0.0153,-0.0741,0.0886,-0.1072,-0.0156
1786060625.6546,-3.6248,-3.4480,-0.4647,0.9885,-3.6248,-3.4479,0.0163,-0.1135,-0.0484,0.0823,0.0164,-0.1135,0.0373,-0.0220,-0.0308,0.0123,0.0418,-0.0023,0.3333,0.0000,1.0000,0.0000,0.8736,0.9343,-0.4998,1.0335,-8.3427,-4.3126,-0.1100,-0.0153,-0.0741,0.0886,-0.1072,-0.0156
1786060625.7046,-3.6248,-3.4480,-0.4705,0.9972,-3.6248,-3.4479,0.0163,-0.1135,-0.0515,0.0839,0.0164,-0.1135,0.0373,-0.0220,-0.0300,0.0113,0.0418,-0.0023,0.3333,0.0000,1.0000,0.0000,0.8626,0.9327,-0.5074,1.0424,-8.3535,-4.3142,-0.1112,-0.0146,-0.0780,0.0910,-0.1086,-0.0149
1786060625.7546,-3.6248,-3.4480,-0.4705,0.9972,-3.6248,-3.4479,0.0163,-0.1135,-0.0515,0.0839,0.0164,-0.1135,0.0373,-0.0220,-0.0300,0.0113,0.0418,-0.0023,0.3333,0.0000,1.0000,0.0000,0.8626,0.9327,-0.5074,1.0424,-8.3535,-4.3142,-0.1112,-0.0146,-0.0780,0.0910,-0.1086,-0.0149
1786060625.8047,-3.6248,-3.4480,-0.4762,1.0054,-3.6248,-3.4479,0.0163,-0.1135,-0.0533,0.0833,0.0164,-0.1135,0.0373,-0.0220,-0.0298,0.0103,0.0418,-0.0023,0.3333,0.0000,1.0000,0.0000,0.8514,0.9317,-0.5154,1.0520,-8.3644,-4.3152,-0.1112,-0.0053,-0.0806,0.1019,-0.1088,-0.0056
1786060625.8546,-3.6248,-3.4480,-0.4762,1.0054,-3.6248,-3.4479,0.0163,-0.1135,-0.0533,0.0833,0.0164,-0.1135,0.0373,-0.0220,-0.0299,0.0103,0.0418,-0.0023,0.3333,0.0000,1.0000,0.0000,0.8514,0.9317,-0.5154,1.0520,-8.3644,-4.3152,-0.1112,-0.0053,-0.0806,0.1019,-0.1088,-0.0056
1786060625.9046,-3.6248,-3.4480,-0.4831,1.0157,-3.6248,-3.4479,0.0163,-0.1135,-0.0578,0.0886,0.0164,-0.1135,0.0373,-0.0220,-0.0279,0.0102,0.0418,-0.0023,0.3333,0.0000,1.0000,0.0000,0.8404,0.9317,-0.5235,1.0628,-8.3753,-4.3153,-0.1098,0.0021,-0.0820,0.1108,-0.1076,0.0020
1786060625.9546,-3.6248,-3.4480,-0.4831,1.0157,-3.6248,-3.4479,0.0163,-0.1135,-0.0578,0.0886,0.0164,-0.1135,0.0373,-0.0220,-0.0279,0.0103,0.0418,-0.0023,0.3333,0.0000,1.0000,0.0000,0.8404,0.9317,-0.5235,1.0628,-8.3753,-4.3153,-0.1098,0.0021,-0.0820,0.1108,-0.1076,0.0020
1786060626.0046,-3.6248,-3.4480,-0.4898,1.0254,-3.6248,-3.4479,0.0163,-0.1135,-0.0622,0.0941,0.0164,-0.1135,0.0373,-0.0220,-0.0261,0.0102,0.0418,-0.0023,0.3333,0.0000,1.0000,0.0000,0.8295,0.9318,-0.5318,1.0739,-8.3859,-4.3152,-0.1084,-0.0006,-0.0836,0.1095,-0.1065,-0.0008
1786060626.0546,-3.6248,-3.4480,-0.4898,1.0254,-3.6248,-3.4479,0.0163,-0.1135,-0.0622,0.0941,0.0164,-0.1135,0.0373,-0.0220,-0.0261,0.0103,0.0418,-0.0023,0.3333,0.0000,1.0000,0.0000,0.8295,0.9318,-0.5318,1.0739,-8.3859,-4.3152,-0.1084,-0.0006,-0.0836,0.1095,-0.1065,-0.0008
1786060626.1047,-3.6248,-3.4480,-0.4969,1.0358,-3.6248,-3.4479,0.0163,-0.1135,-0.0652,0.0976,0.0164,-0.1135,0.0373,-0.0220,-0.0248,0.0101,0.0418,-0.0023,0.3333,0.0000,1.0000,0.0000,0.8187,0.9312,-0.5403,1.0844,-8.3966,-4.3158,-0.1083,-0.0105,-0.0864,0.1009,-0.1067,-0.0106
1786060626.1547,-3.6248,-3.4480,-0.4969,1.0358,-3.6248,-3.4479,0.0163,-0.1135,-0.0652,0.0976,0.0164,-0.1135,0.0373,-0.0220,-0.0248,0.0102,0.0418,-0.0023,0.3333,0.0000,1.0000,0.0000,0.8187,0.9312,-0.5403,1.0844,-8.3966,-4.3158,-0.1083,-0.0105,-0.0864,0.1009,-0.1067,-0.0106
1786060626.2047,-3.6248,-3.4480,-0.5033,1.0446,-3.6248,-3.4479,0.0163,-0.1135,-0.0643,0.0935,0.0164,-0.1135,0.0373,-0.0220,-0.0252,0.0095,0.0418,-0.0023,0.3333,0.0000,1.0000,0.0000,0.8078,0.9298,-0.5491,1.0941,-8.4073,-4.3172,-0.1095,-0.0165,-0.0902,0.0960,-0.1080,-0.0166
1786060626.2546,-3.6248,-3.4480,-0.5033,1.0446,-3.6248,-3.4479,0.0163,-0.1135,-0.0643,0.0935,0.0164,-0.1135,0.0373,-0.0220,-0.0253,0.0094,0.0418,-0.0023,0.3333,0.0000,1.0000,0.0000,0.8078,0.9298,-0.5491,1.0941,-8.4073,-4.3172,-0.1095,-0.0165,-0.0902,0.0960,-0.1080,-0.0166
1786060626.3046,-3.6248,-3.4480,-0.5090,1.0517,-3.6248,-3.4479,0.0163,-0.1135,-0.0616,0.0860,0.0164,-0.1135,0.0373,-0.0220,-0.0266,0.0080,0.0418,-0.0023,0.3333,0.0000,1.0000,0.0000,0.7968,0.9283,-0.5584,1.1040,-8.4182,-4.3187,-0.1104,-0.0119,-0.0938,0.1017,-0.1092,-0.0120
1786060626.3546,-3.6248,-3.4480,-0.5090,1.0517,-3.6248,-3.4479,0.0163,-0.1135,-0.0616,0.0860,0.0164,-0.1135,0.0373,-0.0220,-0.0268,0.0078,0.0418,-0.0023,0.3333,0.0000,1.0000,0.0000,0.7968,0.9283,-0.5584,1.1040,-8.4182,-4.3187,-0.1104,-0.0119,-0.0938,0.1017,-0.1092,-0.0120
1786060626.4047,-3.6248,-3.4480,-0.5151,1.0594,-3.6248,-3.4479,0.0163,-0.1135,-0.0612,0.0829,0.0164,-0.1135,0.0373,-0.0220,-0.0271,0.0068,0.0418,-0.0023,0.3333,0.0000,1.0000,0.0000,0.7858,0.9277,-0.5679,1.1147,-8.4291,-4.3194,-0.1097,-0.0019,-0.0959,0.1128,-0.1088,-0.0020
1786060626.4546,-3.6248,-3.4480,-0.5151,1.0594,-3.6248,-3.4479,0.0163,-0.1135,-0.0612,0.0829,0.0164,-0.1135,0.0373,-0.0220,-0.0272,0.0068,0.0418,-0.0023,0.3333,0.0000,1.0000,0.0000,0.7858,0.9277,-0.5679,1.1147,-8.4291,-4.3194,-0.1097,-0.0019,-0.0959,0.1128,-0.1088,-0.0020
1786060626.5047,-3.6248,-3.4480,-0.5222,1.0685,-3.6248,-3.4479,0.0163,-0.1135,-0.0642,0.0854,0.0164,-0.1135,0.0373,-0.0220,-0.0263,0.0067,0.0418,-0.0023,0.3333,0.0000,1.0000,0.0000,0.7749,0.9278,-0.5775,1.1264,-8.4399,-4.3192,-0.1082,0.0023,-0.0972,0.1181,-0.1075,0.0023
1786060626.5546,-3.6248,-3.4480,-0.5222,1.0685,-3.6248,-3.4479,0.0163,-0.1135,-0.0642,0.0854,0.0164,-0.1135,0.0373,-0.0220,-0.0263,0.0067,0.0418,-0.0023,0.3333,0.0000,1.0000,0.0000,0.7749,0.9278,-0.5775,1.1264,-8.4399,-4.3192,-0.1082,0.0023,-0.0972,0.1181,-0.1075,0.0023
1786060626.6046,-3.6248,-3.4480,-0.5290,1.0769,-3.6248,-3.4479,0.0163,-0.1135,-0.0654,0.0852,0.0164,-0.1135,0.0373,-0.0220,-0.0259,0.0063,0.0418,-0.0023,0.3333,0.0000,1.0000,0.0000,0.7641,0.9278,-0.5874,1.1380,-8.4506,-4.3193,-0.1072,-0.0040,-0.0991,0.1127,-0.1067,-0.0040
1786060626.6546,-3.6248,-3.4480,-0.5290,1.0769,-3.6248,-3.4479,0.0163,-0.1135,-0.0654,0.0852,0.0164,-0.1135,0.0373,-0.0220,-0.0260,0.0063,0.0418,-0.0023,0.3333,0.0000,1.0000,0.0000,0.7641,0.9278,-0.5874,1.1380,-8.4506,-4.3193,-0.1072,-0.0040,-0.0991,0.1127,-0.1067,-0.0040
1786060626.7046,-3.6248,-3.4480,-0.5380,1.0873,-3.6248,-3.4479,0.0163,-0.1135,-0.0734,0.0912,0.0164,-0.1135,0.0373,-0.0220,-0.0248,0.0061,0.0418,-0.0023,0.3333,0.0000,1.0000,0.0000,0.7534,0.9268,-0.5974,1.1488,-8.4613,-4.3202,-0.1076,-0.0138,-0.1025,0.1038,-0.1074,-0.0137
1786060626.7546,-3.6248,-3.4480,-0.5380,1.0873,-3.6248,-3.4479,0.0163,-0.1135,-0.0734,0.0912,0.0164,-0.1135,0.0373,-0.0220,-0.0248,0.0062,0.0418,-0.0023,0.3333,0.0000,1.0000,0.0000,0.7534,0.9268,-0.5974,1.1488,-8.4613,-4.3202,-0.1076,-0.0138,-0.1025,0.1038,-0.1074,-0.0137
1786060626.8047,-3.6248,-3.4480,-0.5486,1.0990,-3.6248,-3.4479,0.0163,-0.1135,-0.0834,0.0993,0.0164,-0.1135,0.0373,-0.0220,-0.0233,0.0062,0.0418,-0.0023,0.3333,0.0000,1.0000,0.0000,0.7426,0.9252,-0.6079,1.1590,-8.4721,-4.3218,-0.1089,-0.0162,-0.1064,0.1023,-0.1089,-0.0161
1786060626.8547,-3.6248,-3.4480,-0.5486,1.0990,-3.6248,-3.4479,0.0163,-0.1135,-0.0834,0.0993,0.0164,-0.1135,0.0373,-0.0220,-0.0233,0.0062,0.0418,-0.0023,0.3333,0.0000,1.0000,0.0000,0.7426,0.9252,-0.6079,1.1590,-8.4721,-4.3218,-0.1089,-0.0162,-0.1064,0.1023,-0.1089,-0.0161
1786060626.9046,-3.6248,-3.4480,-0.5590,1.1099,-3.6248,-3.4479,0.0163,-0.1135,-0.0900,0.1020,0.0164,-0.1135,0.0373,-0.0220,-0.0227,0.0056,0.0418,-0.0023,0.3333,0.0000,1.0000,0.0000,0.7316,0.9239,-0.6187,1.1696,-8.4831,-4.3231,-0.1093,-0.0085,-0.1093,0.1107,-0.1095,-0.0084
1786060626.9546,-3.6248,-3.4480,-0.5590,1.1099,-3.6248,-3.4479,0.0163,-0.1135,-0.0900,0.1020,0.0164,-0.1135,0.0373,-0.0220,-0.0227,0.0056,0.0418,-0.0023,0.3333,0.0000,1.0000,0.0000,0.7316,0.9239,-0.6187,1.1696,-8.4831,-4.3231,-0.1093,-0.0085,-0.1093,0.1107,-0.1095,-0.0084
1786060627.0047,-3.6248,-3.4480,-0.5715,1.1229,-3.6248,-3.4479,0.0163,-0.1135,-0.1009,0.1111,0.0164,-0.1135,0.0373,-0.0220,-0.0211,0.0055,0.0418,-0.0023,0.3333,0.0000,1.0000,0.0000,0.7207,0.9236,-0.6297,1.1813,-8.4940,-4.3234,-0.1082,0.0007,-0.1106,0.1205,-0.1086,0.0008
1786060627.0547,-3.6248,-3.4480,-0.5715,1.1229,-3.6248,-3.4479,0.0163,-0.1135,-0.1009,0.1111,0.0164,-0.1135,0.0373,-0.0220,-0.0211,0.0056,0.0418,-0.0023,0.3333,0.0000,1.0000,0.0000,0.7207,0.9236,-0.6297,1.1813,-8.4940,-4.3234,-0.1082,0.0007,-0.1106,0.1205,-0.1086,0.0008
1786060627.1047,-3.6248,-3.4480,-0.5871,1.1399,-3.6248,-3.4479,0.0163,-0.1135,-0.1182,0.1296,0.0164,-0.1135,0.0373,-0.0220,-0.0180,0.0055,0.0418,-0.0023,0.3333,0.0000,1.0000,0.0000,0.7100,0.9238,-0.6408,1.1935,-8.5048,-4.3232,-0.1067,0.0010,-0.1114,0.1216,-0.1073,0.0012
1786060627.1547,-3.6248,-3.4480,-0.5871,1.1399,-3.6248,-3.4479,0.0163,-0.1135,-0.1182,0.1296,0.0164,-0.1135,0.0373,-0.0220,-0.0180,0.0056,0.0418,-0.0023,0.3333,0.0000,1.0000,0.0000,0.7100,0.9238,-0.6408,1.1935,-8.5048,-4.3232,-0.1067,0.0010,-0.1114,0.1216,-0.1073,0.0012
1786060627.2047,-3.6248,-3.4480,-0.6018,1.1554,-3.6248,-3.4479,0.0163,-0.1135,-0.1264,0.1363,0.0164,-0.1135,0.0373,-0.0220,-0.0168,0.0053,0.0418,-0.0023,0.3333,0.0000,1.0000,0.0000,0.6994,0.9235,-0.6521,1.2052,-8.5155,-4.3235,-0.1062,-0.0078,-0.1134,0.1135,-0.1071,-0.0077
1786060627.2547,-3.6248,-3.4480,-0.6018,1.1554,-3.6248,-3.4479,0.0163,-0.1135,-0.1264,0.1363,0.0164,-0.1135,0.0373,-0.0220,-0.0168,0.0053,0.0418,-0.0023,0.3333,0.0000,1.0000,0.0000,0.6994,0.9235,-0.6521,1.2052,-8.5155,-4.3235,-0.1062,-0.0078,-0.1134,0.1135,-0.1071,-0.0077
1786060627.3047,-3.6248,-3.4480,-0.6150,1.1691,-3.6248,-3.4479,0.0163,-0.1135,-0.1280,0.1367,0.0164,-0.1135,0.0373,-0.0220,-0.0166,0.0054,0.0418,-0.0023,0.3333,0.0000,1.0000,0.0000,0.6887,0.9222,-0.6636,1.2161,-8.5262,-4.3248,-0.1071,-0.0160,-0.1168,0.1062,-0.1082,-0.0158
1786060627.3546,-3.6248,-3.4480,-0.6150,1.1691,-3.6248,-3.4479,0.0163,-0.1135,-0.1280,0.1367,0.0164,-0.1135,0.0373,-0.0220,-0.0165,0.0054,0.0418,-0.0023,0.3333,0.0000,1.0000,0.0000,0.6887,0.9222,-0.6636,1.2161,-8.5262,-4.3248,-0.1071,-0.0160,-0.1168,0.1062,-0.1082,-0.0158
1786060627.4046,-3.6248,-3.4480,-0.6251,1.1797,-3.6248,-3.4479,0.0163,-0.1135,-0.1194,0.1268,0.0164,-0.1135,0.0373,-0.0220,-0.0178,0.0058,0.0418,-0.0023,0.3333,0.0000,1.0000,0.0000,0.6780,0.9206,-0.6755,1.2268,-8.5371,-4.3264,-0.1083,-0.0144,-0.1202,0.1085,-0.1095,-0.0142
1786060627.4546,-3.6248,-3.4480,-0.6251,1.1797,-3.6248,-3.4479,0.0163,-0.1135,-0.1194,0.1268,0.0164,-0.1135,0.0373,-0.0220,-0.0178,0.0058,0.0418,-0.0023,0.3333,0.0000,1.0000,0.0000,0.6780,0.9206,-0.6755,1.2268,-8.5371,-4.3264,-0.1083,-0.0144,-0.1202,0.1085,-0.1095,-0.0142
1786060627.5047,-3.6248,-3.4480,-0.6335,1.1886,-3.6248,-3.4479,0.0163,-0.1135,-0.1088,0.1155,0.0164,-0.1135,0.0373,-0.0220,-0.0190,0.0061,0.0418,-0.0023,0.3333,0.0000,1.0000,0.0000,0.6671,0.9196,-0.6876,1.2382,-8.5481,-4.3273,-0.1081,-0.0048,-0.1223,0.1188,-0.1096,-0.0046
1786060627.5547,-3.6248,-3.4480,-0.6335,1.1886,-3.6248,-3.4479,0.0163,-0.1135,-0.1088,0.1155,0.0164,-0.1135,0.0373,-0.0220,-0.0190,0.0060,0.0418,-0.0023,0.3333,0.0000,1.0000,0.0000,0.6671,0.9196,-0.6876,1.2382,-8.5481,-4.3273,-0.1081,-0.0048,-0.1223,0.1188,-0.1096,-0.0046
1786060627.6047,-3.6248,-3.4480,-0.6428,1.2001,-3.6248,-3.4479,0.0163,-0.1135,-0.1029,0.1140,0.0164,-0.1135,0.0373,-0.0220,-0.0187,0.0069,0.0418,-0.0023,0.3333,0.0000,1.0000,0.0000,0.6564,0.9196,-0.6999,1.2505,-8.5590,-4.3273,-0.1067,0.0020,-0.1230,0.1263,-0.1083,0.0023
1786060627.6546,-3.6248,-3.4480,-0.6428,1.2001,-3.6248,-3.4479,0.0163,-0.1135,-0.1029,0.1140,0.0164,-0.1135,0.0373,-0.0220,-0.0187,0.0069,0.0418,-0.0023,0.3333,0.0000,1.0000,0.0000,0.6564,0.9196,-0.6999,1.2505,-8.5590,-4.3273,-0.1067,0.0020,-0.1230,0.1263,-0.1083,0.0023
1786060627.7046,-3.6248,-3.4480,-0.6499,1.2079,-3.6248,-3.4479,0.0163,-0.1135,-0.0926,0.1030,0.0164,-0.1135,0.0373,-0.0220,-0.0196,0.0067,0.0418,-0.0023,0.3333,0.0000,1.0000,0.0000,0.6458,0.9197,-0.7122,1.2631,-8.5698,-4.3272,-0.1054,-0.0016,-0.1239,0.1235,-0.1073,-0.0013
1786060627.7546,-3.6248,-3.4480,-0.6499,1.2079,-3.6248,-3.4479,0.0163,-0.1135,-0.0926,0.1030,0.0164,-0.1135,0.0373,-0.0220,-0.0196,0.0067,0.0418,-0.0023,0.3333,0.0000,1.0000,0.0000,0.6458,0.9197,-0.7122,1.2631,-8.5698,-4.3272,-0.1054,-0.0016,-0.1239,0.1235,-0.1073,-0.0013
1786060627.8046,-3.6248,-3.4480,-0.6596,1.2184,-3.6248,-3.4479,0.0163,-0.1135,-0.0936,0.1031,0.0164,-0.1135,0.0373,-0.0220,-0.0195,0.0066,0.0418,-0.0023,0.3333,0.0000,1.0000,0.0000,0.6353,0.9190,-0.7247,1.2749,-8.5805,-4.3278,-0.1055,-0.0116,-0.1262,0.1143,-0.1075,-0.0113
1786060627.8546,-3.6248,-3.4480,-0.6596,1.2184,-3.6248,-3.4479,0.0163,-0.1135,-0.0936,0.1031,0.0164,-0.1135,0.0373,-0.0220,-0.0195,0.0067,0.0418,-0.0023,0.3333,0.0000,1.0000,0.0000,0.6353,0.9190,-0.7247,1.2749,-8.5805,-4.3278,-0.1055,-0.0116,-0.1262,0.1143,-0.1075,-0.0113
1786060627.9046,-3.6248,-3.4480,-0.6665,1.2239,-3.6248,-3.4479,0.0163,-0.1135,-0.0891,0.0913,0.0164,-0.1135,0.0373,-0.0220,-0.0212,0.0047,0.0418,-0.0023,0.3333,0.0000,1.0000,0.0000,0.6246,0.9175,-0.7375,1.2860,-8.5913,-4.3293,-0.1068,-0.0168,-0.1296,0.1097,-0.1089,-0.0165
1786060627.9547,-3.6248,-3.4480,-0.6665,1.2239,-3.6248,-3.4479,0.0163,-0.1135,-0.0891,0.0913,0.0164,-0.1135,0.0373,-0.0220,-0.0213,0.0045,0.0418,-0.0023,0.3333,0.0000,1.0000,0.0000,0.6246,0.9175,-0.7375,1.2860,-8.5913,-4.3293,-0.1068,-0.0168,-0.1296,0.1097,-0.1089,-0.0165
1786060628.0047,-3.6248,-3.4480,-0.6766,1.2332,-3.6248,-3.4479,0.0163,-0.1135,-0.0931,0.0920,0.0164,-0.1135,0.0373,-0.0220,-0.0213,0.0041,0.0418,-0.0023,0.3333,0.0000,1.0000,0.0000,0.6139,0.9160,-0.7507,1.2973,-8.6023,-4.3308,-0.1076,-0.0114,-0.1324,0.1157,-0.1099,-0.0111
1786060628.0546,-3.6248,-3.4480,-0.6766,1.2332,-3.6248,-3.4479,0.0163,-0.1135,-0.0931,0.0920,0.0164,-0.1135,0.0373,-0.0220,-0.0213,0.0041,0.0418,-0.0023,0.3333,0.0000,1.0000,0.0000,0.6139,0.9160,-0.7507,1.2973,-8.6023,-4.3308,-0.1076,-0.0114,-0.1324,0.1157,-0.1099,-0.0111
1786060628.1047,-3.6248,-3.4480,-0.6859,1.2402,-3.6248,-3.4479,0.0163,-0.1135,-0.0929,0.0851,0.0164,-0.1135,0.0373,-0.0220,-0.0224,0.0022,0.0418,-0.0023,0.3333,0.0000,1.0000,0.0000,0.6032,0.9154,-0.7640,1.3094,-8.6133,-4.3313,-0.1069,-0.0015,-0.1336,0.1260,-0.1094,-0.0012
1786060628.1547,-3.6248,-3.4480,-0.6859,1.2402,-3.6248,-3.4479,0.0163,-0.1135,-0.0929,0.0851,0.0164,-0.1135,0.0373,-0.0220,-0.0225,0.0021,0.0418,-0.0023,0.3333,0.0000,1.0000,0.0000,0.6032,0.9154,-0.7640,1.3094,-8.6133,-4.3313,-0.1069,-0.0015,-0.1336,0.1260,-0.1094,-0.0012
1786060628.2046,-3.6248,-3.4480,-0.7038,1.2579,-3.6248,-3.4479,0.0163,-0.1135,-0.1195,0.1136,0.0164,-0.1135,0.0373,-0.0220,-0.0187,0.0048,0.0418,-0.0023,0.3333,0.0000,1.0000,0.0000,0.5926,0.9156,-0.7774,1.3223,-8.6241,-4.3312,-0.1054,0.0019,-0.1339,0.1298,-0.1080,0.0023
1786060628.2546,-3.6248,-3.4480,-0.7038,1.2579,-3.6248,-3.4479,0.0163,-0.1135,-0.1195,0.1136,0.0164,-0.1135,0.0373,-0.0220,-0.0186,0.0049,0.0418,-0.0023,0.3333,0.0000,1.0000,0.0000,0.5926,0.9156,-0.7774,1.3223,-8.6241,-4.3312,-0.1054,0.0019,-0.1339,0.1298,-0.1080,0.0023
1786060628.3046,-3.6248,-3.4480,-0.7197,1.2723,-3.6248,-3.4479,0.0163,-0.1135,-0.1320,0.1232,0.0164,-0.1135,0.0373,-0.0220,-0.0173,0.0047,0.0418,-0.0023,0.3333,0.0000,1.0000,0.0000,0.5821,0.9154,-0.7908,1.3350,-8.6349,-4.3313,-0.1046,-0.0051,-0.1352,0.1235,-0.1073,-0.0047
1786060628.3546,-3.6248,-3.4480,-0.7197,1.2723,-3.6248,-3.4479,0.0163,-0.1135,-0.1320,0.1232,0.0164,-0.1135,0.0373,-0.0220,-0.0173,0.0048,0.0418,-0.0023,0.3333,0.0000,1.0000,0.0000,0.5821,0.9154,-0.7908,1.3350,-8.6349,-4.3313,-0.1046,-0.0051,-0.1352,0.1235,-0.1073,-0.0047
1786060628.4047,-3.6248,-3.4480,-0.7364,1.2876,-3.6248,-3.4479,0.0163,-0.1135,-0.1432,0.1327,0.0164,-0.1135,0.0373,-0.0220,-0.0158,0.0045,0.0418,-0.0023,0.3333,0.0000,1.0000,0.0000,0.5716,0.9144,-0.8045,1.3469,-8.6456,-4.3323,-0.1052,-0.0146,-0.1380,0.1148,-0.1080,-0.0143
1786060628.4546,-3.6248,-3.4480,-0.7364,1.2876,-3.6248,-3.4479,0.0163,-0.1135,-0.1432,0.1327,0.0164,-0.1135,0.0373,-0.0220,-0.0158,0.0045,0.0418,-0.0023,0.3333,0.0000,1.0000,0.0000,0.5716,0.9144,-0.8045,1.3469,-8.6456,-4.3323,-0.1052,-0.0146,-0.1380,0.1148,-0.1080,-0.0143
1786060628.5046,-3.6248,-3.4480,-0.7496,1.2974,-3.6248,-3.4479,0.0163,-0.1135,-0.1394,0.1217,0.0164,-0.1135,0.0373,-0.0220,-0.0172,0.0039,0.0418,-0.0023,0.3333,0.0000,1.0000,0.0000,0.5610,0.9127,-0.8185,1.3582,-8.6565,-4.3339,-0.1066,-0.0161,-0.1416,0.1141,-0.1095,-0.0157
1786060628.5546,-3.6248,-3.4480,-0.7496,1.2974,-3.6248,-3.4479,0.0163,-0.1135,-0.1394,0.1217,0.0164,-0.1135,0.0373,-0.0220,-0.0172,0.0039,0.0418,-0.0023,0.3333,0.0000,1.0000,0.0000,0.5610,0.9127,-0.8185,1.3582,-8.6565,-4.3339,-0.1066,-0.0161,-0.1416,0.1141,-0.1095,-0.0157
1786060628.6046,-3.6248,-3.4480,-0.7617,1.3081,-3.6248,-3.4479,0.0163,-0.1135,-0.1338,0.1171,0.0164,-0.1135,0.0373,-0.0220,-0.0177,0.0042,0.0418,-0.0023,0.3333,0.0000,1.0000,0.0000,0.5503,0.9115,-0.8328,1.3701,-8.6675,-4.3351,-0.1070,-0.0078,-0.1440,0.1230,-0.1100,-0.0075
1786060628.6546,-3.6248,-3.4480,-0.7617,1.3081,-3.6248,-3.4479,0.0163,-0.1135,-0.1338,0.1171,0.0164,-0.1135,0.0373,-0.0220,-0.0177,0.0042,0.0418,-0.0023,0.3333,0.0000,1.0000,0.0000,0.5503,0.9115,-0.8328,1.3701,-8.6675,-4.3351,-0.1070,-0.0078,-0.1440,0.1230,-0.1100,-0.0075
1786060628.7046,-3.6248,-3.4480,-0.7776,1.3263,-3.6248,-3.4479,0.0163,-0.1135,-0.1416,0.1375,0.0164,-0.1135,0.0373,-0.0220,-0.0148,0.0055,0.0418,-0.0023,0.3333,0.0000,1.0000,0.0000,0.5397,0.9113,-0.8472,1.3829,-8.6785,-4.3353,-0.1059,0.0009,-0.1448,0.1323,-0.1090,0.0013
1786060628.7547,-3.6248,-3.4480,-0.7776,1.3263,-3.6248,-3.4479,0.0163,-0.1135,-0.1416,0.1375,0.0164,-0.1135,0.0373,-0.0220,-0.0148,0.0056,0.0418,-0.0023,0.3333,0.0000,1.0000,0.0000,0.5397,0.9113,-0.8472,1.3829,-8.6785,-4.3353,-0.1059,0.0009,-0.1448,0.1323,-0.1090,0.0013
1786060628.8046,-3.6248,-3.4480,-0.7946,1.3416,-3.6248,-3.4479,0.0163,-0.1135,-0.1507,0.1422,0.0164,-0.1135,0.0373,-0.0220,-0.0139,0.0048,0.0418,-0.0023,0.3333,0.0000,1.0000,0.0000,0.5292,0.9114,-0.8617,1.3962,-8.6893,-4.3351,-0.1045,0.0003,-0.1454,0.1324,-0.1077,0.0007
1786060628.8547,-3.6248,-3.4480,-0.7946,1.3416,-3.6248,-3.4479,0.0163,-0.1135,-0.1507,0.1422,0.0164,-0.1135,0.0373,-0.0220,-0.0140,0.0049,0.0418,-0.0023,0.3333,0.0000,1.0000,0.0000,0.5292,0.9114,-0.8617,1.3962,-8.6893,-4.3351,-0.1045,0.0003,-0.1454,0.1324,-0.1077,0.0007
1786060628.9046,-3.6248,-3.4480,-0.8069,1.3511,-3.6248,-3.4479,0.0163,-0.1135,-0.1419,0.1273,0.0164,-0.1135,0.0373,-0.0220,-0.0160,0.0049,0.0418,-0.0023,0.3333,0.0000,1.0000,0.0000,0.5187,0.9110,-0.8764,1.4091,-8.7000,-4.3355,-0.1042,-0.0089,-0.1473,0.1239,-0.1075,-0.0085
1786060628.9546,-3.6248,-3.4480,-0.8069,1.3511,-3.6248,-3.4479,0.0163,-0.1135,-0.1419,0.1273,0.0164,-0.1135,0.0373,-0.0220,-0.0160,0.0048,0.0418,-0.0023,0.3333,0.0000,1.0000,0.0000,0.5187,0.9110,-0.8764,1.4091,-8.7000,-4.3355,-0.1042,-0.0089,-0.1473,0.1239,-0.1075,-0.0085
1786060629.0047,-3.6248,-3.4480,-0.8223,1.3617,-3.6248,-3.4479,0.0163,-0.1135,-0.1457,0.1208,0.0164,-0.1135,0.0373,-0.0220,-0.0167,0.0037,0.0418,-0.0023,0.3333,0.0000,1.0000,0.0000,0.5083,0.9096,-0.8913,1.4210,-8.7108,-4.3368,-0.1054,-0.0165,-0.1504,0.1168,-0.1086,-0.0161
1786060629.0547,-3.6248,-3.4480,-0.8223,1.3617,-3.6248,-3.4479,0.0163,-0.1135,-0.1457,0.1208,0.0164,-0.1135,0.0373,-0.0220,-0.0167,0.0037,0.0418,-0.0023,0.3333,0.0000,1.0000,0.0000,0.5083,0.9096,-0.8913,1.4210,-8.7108,-4.3368,-0.1054,-0.0165,-0.1504,0.1168,-0.1086,-0.0161
1786060629.1047,-3.6248,-3.4480,-0.8388,1.3773,-3.6248,-3.4479,0.0163,-0.1135,-0.1516,0.1318,0.0164,-0.1135,0.0373,-0.0220,-0.0150,0.0042,0.0418,-0.0023,0.3333,0.0000,1.0000,0.0000,0.4976,0.9080,-0.9065,1.4327,-8.7218,-4.3384,-0.1066,-0.0140,-0.1533,0.1195,-0.1099,-0.0136
1786060629.1547,-3.6248,-3.4480,-0.8388,1.3773,-3.6248,-3.4479,0.0163,-0.1135,-0.1516,0.1318,0.0164,-0.1135,0.0373,-0.0220,-0.0150,0.0043,0.0418,-0.0023,0.3333,0.0000,1.0000,0.0000,0.4976,0.9080,-0.9065,1.4327,-8.7218,-4.3384,-0.1066,-0.0140,-0.1533,0.1195,-0.1099,-0.0136
1786060629.2046,-3.6248,-3.4480,-0.8505,1.3873,-3.6248,-3.4479,0.0163,-0.1135,-0.1410,0.1221,0.0164,-0.1135,0.0373,-0.0220,-0.0163,0.0047,0.0418,-0.0023,0.3333,0.0000,1.0000,0.0000,0.4870,0.9071,-0.9219,1.4452,-8.7328,-4.3392,-0.1065,-0.0042,-0.1546,0.1293,-0.1098,-0.0038
1786060629.2546,-3.6248,-3.4480,-0.8505,1.3873,-3.6248,-3.4479,0.0163,-0.1135,-0.1410,0.1221,0.0164,-0.1135,0.0373,-0.0220,-0.0163,0.0047,0.0418,-0.0023,0.3333,0.0000,1.0000,0.0000,0.4870,0.9071,-0.9219,1.4452,-8.7328,-4.3392,-0.1065,-0.0042,-0.1546,0.1293,-0.1098,-0.0038
1786060629.3047,-3.6248,-3.4480,-0.8667,1.4052,-3.6248,-3.4479,0.0163,-0.1135,-0.1473,0.1398,0.0164,-0.1135,0.0373,-0.0220,-0.0138,0.0057,0.0418,-0.0023,0.3333,0.0000,1.0000,0.0000,0.4764,0.9071,-0.9374,1.4586,-8.7437,-4.3392,-0.1051,0.0020,-0.1548,0.1358,-0.1085,0.0024
1786060629.3546,-3.6248,-3.4480,-0.8667,1.4052,-3.6248,-3.4479,0.0163,-0.1135,-0.1473,0.1398,0.0164,-0.1135,0.0373,-0.0220,-0.0138,0.0057,0.0418,-0.0023,0.3333,0.0000,1.0000,0.0000,0.4764,0.9071,-0.9374,1.4586,-8.7437,-4.3392,-0.1051,0.0020,-0.1548,0.1358,-0.1085,0.0024
1786060629.4047,-3.6248,-3.4480,-0.8780,1.4141,-3.6248,-3.4479,0.0163,-0.1135,-0.1362,0.1235,0.0164,-0.1135,0.0373,-0.0220,-0.0159,0.0058,0.0418,-0.0023,0.3333,0.0000,1.0000,0.0000,0.4660,0.9072,-0.9529,1.4720,-8.7545,-4.3391,-0.1041,-0.0025,-0.1554,0.1317,-0.1074,-0.0021
1786060629.4546,-3.6248,-3.4480,-0.8780,1.4141,-3.6248,-3.4479,0.0163,-0.1135,-0.1362,0.1235,0.0164,-0.1135,0.0373,-0.0220,-0.0159,0.0058,0.0418,-0.0023,0.3333,0.0000,1.0000,0.0000,0.4660,0.9072,-0.9529,1.4720,-8.7545,-4.3391,-0.1041,-0.0025,-0.1554,0.1317,-0.1074,-0.0021
1786060629.5047,-3.6248,-3.4480,-0.8922,1.4283,-3.6248,-3.4479,0.0163,-0.1135,-0.1381,0.1291,0.0164,-0.1135,0.0373,-0.0220,-0.0150,0.0062,0.0418,-0.0023,0.3333,0.0000,1.0000,0.0000,0.4555,0.9064,-0.9685,1.4847,-8.7652,-4.3398,-0.1044,-0.0125,-0.1574,0.1222,-0.1077,-0.0121
1786060629.5547,-3.6248,-3.4480,-0.8922,1.4283,-3.6248,-3.4479,0.0163,-0.1135,-0.1381,0.1291,0.0164,-0.1135,0.0373,-0.0220,-0.0150,0.0062,0.0418,-0.0023,0.3333,0.0000,1.0000,0.0000,0.4555,0.9064,-0.9685,1.4847,-8.7652,-4.3398,-0.1044,-0.0125,-0.1574,0.1222,-0.1077,-0.0121
1786060629.6046,-3.6248,-3.4480,-0.9019,1.4367,-3.6248,-3.4479,0.0163,-0.1135,-0.1253,0.1154,0.0164,-0.1135,0.0373,-0.0220,-0.0166,0.0065,0.0418,-0.0023,0.3333,0.0000,1.0000,0.0000,0.4450,0.9048,-0.9844,1.4966,-8.7760,-4.3414,-0.1058,-0.0169,-0.1604,0.1182,-0.1091,-0.0165
1786060629.6546,-3.6248,-3.4480,-0.9019,1.4367,-3.6248,-3.4479,0.0163,-0.1135,-0.1253,0.1154,0.0164,-0.1135,0.0373,-0.0220,-0.0166,0.0064,0.0418,-0.0023,0.3333,0.0000,1.0000,0.0000,0.4450,0.9048,-0.9844,1.4966,-8.7760,-4.3414,-0.1058,-0.0169,-0.1604,0.1182,-0.1091,-0.0165
1786060629.7046,-3.6248,-3.4480,-0.9151,1.4475,-3.6248,-3.4479,0.0163,-0.1135,-0.1278,0.1131,0.0164,-0.1135,0.0373,-0.0220,-0.0169,0.0058,0.0418,-0.0023,0.3333,0.0000,1.0000,0.0000,0.4344,0.9033,-1.0006,1.5087,-8.7870,-4.3428,-0.1067,-0.0108,-0.1628,0.1246,-0.1100,-0.0104
1786060629.7546,-3.6248,-3.4480,-0.9151,1.4475,-3.6248,-3.4479,0.0163,-0.1135,-0.1278,0.1131,0.0164,-0.1135,0.0373,-0.0220,-0.0169,0.0058,0.0418,-0.0023,0.3333,0.0000,1.0000,0.0000,0.4344,0.9033,-1.0006,1.5087,-8.7870,-4.3428,-0.1067,-0.0108,-0.1628,0.1246,-0.1100,-0.0104
1786060629.8047,-3.6248,-3.4480,-0.9294,1.4583,-3.6248,-3.4479,0.0163,-0.1135,-0.1325,0.1115,0.0164,-0.1135,0.0373,-0.0220,-0.0172,0.0050,0.0418,-0.0023,0.3333,0.0000,1.0000,0.0000,0.4237,0.9028,-1.0169,1.5217,-8.7980,-4.3433,-0.1061,-0.0010,-0.1637,0.1349,-0.1093,-0.0006
1786060629.8546,-3.6248,-3.4480,-0.9294,1.4583,-3.6248,-3.4479,0.0163,-0.1135,-0.1325,0.1115,0.0164,-0.1135,0.0373,-0.0220,-0.0172,0.0049,0.0418,-0.0023,0.3333,0.0000,1.0000,0.0000,0.4237,0.9028,-1.0169,1.5217,-8.7980,-4.3433,-0.1061,-0.0010,-0.1637,0.1349,-0.1093,-0.0006
1786060629.9046,-3.6248,-3.4480,-0.9490,1.4755,-3.6248,-3.4479,0.0163,-0.1135,-0.1520,0.1302,0.0164,-0.1135,0.0373,-0.0220,-0.0146,0.0047,0.0418,-0.0023,0.3333,0.0000,1.0000,0.0000,0.4132,0.9030,-1.0333,1.5355,-8.8088,-4.3431,-0.1047,0.0016,-0.1641,0.1384,-0.1079,0.0020
1786060629.9547,-3.6248,-3.4480,-0.9490,1.4755,-3.6248,-3.4479,0.0163,-0.1135,-0.1520,0.1302,0.0164,-0.1135,0.0373,-0.0220,-0.0146,0.0048,0.0418,-0.0023,0.3333,0.0000,1.0000,0.0000,0.4132,0.9030,-1.0333,1.5355,-8.8088,-4.3431,-0.1047,0.0016,-0.1641,0.1384,-0.1079,0.0020
1786060630.0047,-3.6248,-3.4480,-0.9673,1.4908,-3.6248,-3.4479,0.0163,-0.1135,-0.1621,0.1378,0.0164,-0.1135,0.0373,-0.0220,-0.0133,0.0042,0.0418,-0.0023,0.3333,0.0000,1.0000,0.0000,0.4028,0.9028,-1.0498,1.5491,-8.8196,-4.3432,-0.1041,-0.0061,-0.1654,0.1319,-0.1072,-0.0057
1786060630.0547,-3.6248,-3.4480,-0.9673,1.4908,-3.6248,-3.4479,0.0163,-0.1135,-0.1621,0.1378,0.0164,-0.1135,0.0373,-0.0220,-0.0134,0.0042,0.0418,-0.0023,0.3333,0.0000,1.0000,0.0000,0.4028,0.9028,-1.0498,1.5491,-8.8196,-4.3432,-0.1041,-0.0061,-0.1654,0.1319,-0.1072,-0.0057
1786060630.1047,-3.6248,-3.4480,-0.9893,1.5090,-3.6248,-3.4479,0.0163,-0.1135,-0.1798,0.1511,0.0164,-0.1135,0.0373,-0.0220,-0.0109,0.0028,0.0418,-0.0023,0.3333,0.0000,1.0000,0.0000,0.3923,0.9016,-1.0665,1.5618,-8.8303,-4.3443,-0.1050,-0.0153,-0.1682,0.1238,-0.1080,-0.0149
1786060630.1546,-3.6248,-3.4480,-0.9893,1.5090,-3.6248,-3.4479,0.0163,-0.1135,-0.1798,0.1511,0.0164,-0.1135,0.0373,-0.0220,-0.0109,0.0028,0.0418,-0.0023,0.3333,0.0000,1.0000,0.0000,0.3923,0.9016,-1.0665,1.5618,-8.8303,-4.3443,-0.1050,-0.0153,-0.1682,0.1238,-0.1080,-0.0149
1786060630.2046,-3.6248,-3.4480,-1.0049,1.5197,-3.6248,-3.4479,0.0163,-0.1135,-0.1724,0.1374,0.0164,-0.1135,0.0373,-0.0220,-0.0129,0.0031,0.0418,-0.0023,0.3333,0.0000,1.0000,0.0000,0.3817,0.9000,-1.0835,1.5741,-8.8412,-4.3460,-0.1065,-0.0158,-0.1715,0.1242,-0.1094,-0.0154
1786060630.2546,-3.6248,-3.4480,-1.0049,1.5197,-3.6248,-3.4479,0.0163,-0.1135,-0.1724,0.1374,0.0164,-0.1135,0.0373,-0.0220,-0.0129,0.0031,0.0418,-0.0023,0.3333,0.0000,1.0000,0.0000,0.3817,0.9000,-1.0835,1.5741,-8.8412,-4.3460,-0.1065,-0.0158,-0.1715,0.1242,-0.1094,-0.0154
1786060630.3046,-3.6248,-3.4480,-1.0173,1.5263,-3.6248,-3.4479,0.0163,-0.1135,-0.1574,0.1152,0.0164,-0.1135,0.0373,-0.0220,-0.0162,0.0029,0.0418,-0.0023,0.3333,0.0000,1.0000,0.0000,0.3711,0.8988,-1.1008,1.5870,-8.8522,-4.3471,-0.1069,-0.0070,-0.1735,0.1336,-0.1098,-0.0067
1786060630.3546,-3.6248,-3.4480,-1.0173,1.5263,-3.6248,-3.4479,0.0163,-0.1135,-0.1574,0.1152,0.0164,-0.1135,0.0373,-0.0220,-0.0161,0.0028,0.0418,-0.0023,0.3333,0.0000,1.0000,0.0000,0.3711,0.8988,-1.1008,1.5870,-8.8522,-4.3471,-0.1069,-0.0070,-0.1735,0.1336,-0.1098,-0.0067
1786060630.4047,-3.6248,-3.4480,-1.0258,1.5294,-3.6248,-3.4479,0.0163,-0.1135,-0.1348,0.0888,0.0164,-0.1135,0.0373,-0.0220,-0.0197,0.0009,0.0418,-0.0023,0.3333,0.0000,1.0000,0.0000,0.3604,0.8986,-1.1181,1.6009,-8.8631,-4.3472,-0.1059,0.0013,-0.1740,0.1424,-0.1086,0.0016
1786060630.4546,-3.6248,-3.4480,-1.0258,1.5294,-3.6248,-3.4479,0.0163,-0.1135,-0.1348,0.0888,0.0164,-0.1135,0.0373,-0.0220,-0.0197,0.0008,0.0418,-0.0023,0.3333,0.0000,1.0000,0.0000,0.3604,0.8986,-1.1181,1.6009,-8.8631,-4.3472,-0.1059,0.0013,-0.1740,0.1424,-0.1086,0.0016
1786060630.5047,-3.6248,-3.4480,-1.0491,1.5499,-3.6248,-3.4479,0.0163,-0.1135,-0.1650,0.1248,0.0164,-0.1135,0.0373,-0.0220,-0.0146,0.0031,0.0418,-0.0023,0.3333,0.0000,1.0000,0.0000,0.3499,0.8988,-1.1356,1.6152,-8.8739,-4.3470,-0.1048,-0.0002,-0.1743,0.1414,-0.1074,0.0001
1786060630.5547,-3.6248,-3.4480,-1.0491,1.5499,-3.6248,-3.4479,0.0163,-0.1135,-0.1650,0.1248,0.0164,-0.1135,0.0373,-0.0220,-0.0146,0.0032,0.0418,-0.0023,0.3333,0.0000,1.0000,0.0000,0.3499,0.8988,-1.1356,1.6152,-8.8739,-4.3470,-0.1048,-0.0002,-0.1743,0.1414,-0.1074,0.0001
1786060630.6046,-3.6248,-3.4480,-1.0658,1.5647,-3.6248,-3.4479,0.0163,-0.1135,-0.1652,0.1320,0.0164,-0.1135,0.0373,-0.0220,-0.0136,0.0039,0.0418,-0.0023,0.3333,0.0000,1.0000,0.0000,0.3394,0.8982,-1.1531,1.6288,-8.8846,-4.3475,-0.1047,-0.0097,-0.1759,0.1323,-0.1072,-0.0094
1786060630.6546,-3.6248,-3.4480,-1.0658,1.5647,-3.6248,-3.4479,0.0163,-0.1135,-0.1652,0.1320,0.0164,-0.1135,0.0373,-0.0220,-0.0136,0.0039,0.0418,-0.0023,0.3333,0.0000,1.0000,0.0000,0.3394,0.8982,-1.1531,1.6288,-8.8846,-4.3475,-0.1047,-0.0097,-0.1759,0.1323,-0.1072,-0.0094
1786060630.7047,-3.6248,-3.4480,-1.0789,1.5736,-3.6248,-3.4479,0.0163,-0.1135,-0.1542,0.1181,0.0164,-0.1135,0.0373,-0.0220,-0.0156,0.0040,0.0418,-0.0023,0.3333,0.0000,1.0000,0.0000,0.3289,0.8968,-1.1708,1.6416,-8.8954,-4.3489,-0.1060,-0.0167,-0.1785,0.1254,-0.1084,-0.0164
1786060630.7546,-3.6248,-3.4480,-1.0789,1.5736,-3.6248,-3.4479,0.0163,-0.1135,-0.1542,0.1181,0.0164,-0.1135,0.0373,-0.0220,-0.0156,0.0040,0.0418,-0.0023,0.3333,0.0000,1.0000,0.0000,0.3289,0.8968,-1.1708,1.6416,-8.8954,-4.3489,-0.1060,-0.0167,-0.1785,0.1254,-0.1084,-0.0164
1786060630.8046,-3.6248,-3.4480,-1.0879,1.5793,-3.6248,-3.4479,0.0163,-0.1135,-0.1345,0.0994,0.0164,-0.1135,0.0373,-0.0220,-0.0180,0.0037,0.0418,-0.0023,0.3333,0.0000,1.0000,0.0000,0.3182,0.8952,-1.1888,1.6542,-8.9063,-4.3505,-0.1073,-0.0132,-0.1807,0.1282,-0.1095,-0.0130
1786060630.8546,-3.6248,-3.4480,-1.0879,1.5793,-3.6248,-3.4479,0.0163,-0.1135,-0.1345,0.0994,0.0164,-0.1135,0.0373,-0.0220,-0.0180,0.0036,0.0418,-0.0023,0.3333,0.0000,1.0000,0.0000,0.3182,0.8952,-1.1888,1.6542,-8.9063,-4.3505,-0.1073,-0.0132,-0.1807,0.1282,-0.1095,-0.0130
1786060630.9046,-3.6248,-3.4480,-1.1040,1.5918,-3.6248,-3.4479,0.0163,-0.1135,-0.1426,0.1073,0.0164,-0.1135,0.0373,-0.0220,-0.0170,0.0040,0.0418,-0.0023,0.3333,0.0000,1.0000,0.0000,0.3075,0.8945,-1.2069,1.6675,-8.9173,-4.3512,-0.1072,-0.0033,-0.1812,0.1373,-0.1093,-0.0030
1786060630.9546,-3.6248,-3.4480,-1.1040,1.5918,-3.6248,-3.4479,0.0163,-0.1135,-0.1426,0.1073,0.0164,-0.1135,0.0373,-0.0220,-0.0170,0.0041,0.0418,-0.0023,0.3333,0.0000,1.0000,0.0000,0.3075,0.8945,-1.2069,1.6675,-8.9173,-4.3512,-0.1072,-0.0033,-0.1812,0.1373,-0.1093,-0.0030
1786060631.0046,-3.6248,-3.4480,-1.1163,1.6022,-3.6248,-3.4479,0.0163,-0.1135,-0.1362,0.1059,0.0164,-0.1135,0.0373,-0.0220,-0.0171,0.0048,0.0418,-0.0023,0.3333,0.0000,1.0000,0.0000,0.2968,0.8945,-1.2250,1.6816,-8.9281,-4.3511,-0.1060,0.0022,-0.1807,0.1422,-0.1079,0.0024
1786060631.0546,-3.6248,-3.4480,-1.1163,1.6022,-3.6248,-3.4479,0.0163,-0.1135,-0.1362,0.1059,0.0164,-0.1135,0.0373,-0.0220,-0.0170,0.0048,0.0418,-0.0023,0.3333,0.0000,1.0000,0.0000,0.2968,0.8945,-1.2250,1.6816,-8.9281,-4.3511,-0.1060,0.0022,-0.1807,0.1422,-0.1079,0.0024
1786060631.1047,-3.6248,-3.4480,-1.1481,1.6271,-3.6248,-3.4479,0.0163,-0.1135,-0.1925,0.1505,0.0164,-0.1135,0.0373,-0.0220,-0.0095,0.0018,0.0418,-0.0023,0.3333,0.0000,1.0000,0.0000,0.2863,0.8945,-1.2431,1.6956,-8.9389,-4.3511,-0.1052,-0.0031,-0.1810,0.1370,-0.1070,-0.0029
1786060631.1547,-3.6248,-3.4480,-1.1481,1.6271,-3.6248,-3.4479,0.0163,-0.1135,-0.1925,0.1505,0.0164,-0.1135,0.0373,-0.0220,-0.0097,0.0020,0.0418,-0.0023,0.3333,0.0000,1.0000,0.0000,0.2863,0.8945,-1.2431,1.6956,-8.9389,-4.3511,-0.1052,-0.0031,-0.1810,0.1370,-0.1070,-0.0029
1786060631.2046,-3.6248,-3.4480,-1.1713,1.6464,-3.6248,-3.4479,0.0163,-0.1135,-0.2047,0.1634,0.0164,-0.1135,0.0373,-0.0220,-0.0071,0.0008,0.0418,-0.0023,0.3333,0.0000,1.0000,0.0000,0.2757,0.8937,-1.2612,1.7088,-8.9496,-4.3520,-0.1057,-0.0131,-0.1830,0.1274,-0.1073,-0.0128
1786060631.2546,-3.6248,-3.4480,-1.1713,1.6464,-3.6248,-3.4479,0.0163,-0.1135,-0.2047,0.1634,0.0164,-0.1135,0.0373,-0.0220,-0.0072,0.0009,0.0418,-0.0023,0.3333,0.0000,1.0000,0.0000,0.2757,0.8937,-1.2612,1.7088,-8.9496,-4.3520,-0.1057,-0.0131,-0.1830,0.1274,-0.1073,-0.0128
1786060631.3047,-3.6248,-3.4480,-1.1903,1.6591,-3.6248,-3.4479,0.0163,-0.1135,-0.1997,0.1519,0.0164,-0.1135,0.0373,-0.0220,-0.0089,0.0013,0.0418,-0.0023,0.3333,0.0000,1.0000,0.0000,0.2651,0.8921,-1.2797,1.7213,-8.9604,-4.3535,-0.1073,-0.0166,-0.1858,0.1241,-0.1087,-0.0164
1786060631.3546,-3.6248,-3.4480,-1.1903,1.6591,-3.6248,-3.4479,0.0163,-0.1135,-0.1997,0.1519,0.0164,-0.1135,0.0373,-0.0220,-0.0089,0.0013,0.0418,-0.0023,0.3333,0.0000,1.0000,0.0000,0.2651,0.8921,-1.2797,1.7213,-8.9604,-4.3535,-0.1073,-0.0166,-0.1858,0.1241,-0.1087,-0.0164
1786060631.4047,-3.6248,-3.4480,-1.2111,1.6787,-3.6248,-3.4479,0.0163,-0.1135,-0.2023,0.1655,0.0164,-0.1135,0.0373,-0.0220,-0.0070,0.0012,0.0418,-0.0023,0.3333,0.0000,1.0000,0.0000,0.2543,0.8907,-1.2984,1.7340,-8.9713,-4.3549,-0.1082,-0.0097,-0.1876,0.1308,-0.1094,-0.0096
1786060631.4546,-3.6248,-3.4480,-1.2111,1.6787,-3.6248,-3.4479,0.0163,-0.1135,-0.2023,0.1655,0.0164,-0.1135,0.0373,-0.0220,-0.0070,0.0013,0.0418,-0.0023,0.3333,0.0000,1.0000,0.0000,0.2543,0.8907,-1.2984,1.7340,-8.9713,-4.3549,-0.1082,-0.0097,-0.1876,0.1308,-0.1094,-0.0096
1786060631.5047,-3.6248,-3.4480,-1.2343,1.6962,-3.6248,-3.4479,0.0163,-0.1135,-0.2115,0.1682,0.0164,-0.1135,0.0373,-0.0220,-0.0059,0.0003,0.0418,-0.0023,0.3333,0.0000,1.0000,0.0000,0.2435,0.8903,-1.3172,1.7476,-8.9822,-4.3553,-0.1075,-0.0001,-0.1880,0.1406,-0.1086,0.0000
1786060631.5546,-3.6248,-3.4480,-1.2343,1.6962,-3.6248,-3.4479,0.0163,-0.1135,-0.2115,0.1682,0.0164,-0.1135,0.0373,-0.0220,-0.0060,0.0003,0.0418,-0.0023,0.3333,0.0000,1.0000,0.0000,0.2435,0.8903,-1.3172,1.7476,-8.9822,-4.3553,-0.1075,-0.0001,-0.1880,0.1406,-0.1086,0.0000
1786060631.6047,-3.6248,-3.4480,-1.2574,1.7135,-3.6248,-3.4479,0.0163,-0.1135,-0.2175,0.1701,0.0164,-0.1135,0.0373,-0.0220,-0.0052,-0.0004,0.0418,-0.0023,0.3333,0.0000,1.0000,0.0000,0.2328,0.8905,-1.3360,1.7619,-8.9930,-4.3551,-0.1063,0.0016,-0.1883,0.1433,-0.1072,0.0016
1786060631.6546,-3.6248,-3.4480,-1.2574,1.7135,-3.6248,-3.4479,0.0163,-0.1135,-0.2175,0.1701,0.0164,-0.1135,0.0373,-0.0220,-0.0052,-0.0004,0.0418,-0.0023,0.3333,0.0000,1.0000,0.0000,0.2328,0.8905,-1.3360,1.7619,-8.9930,-4.3551,-0.1063,0.0016,-0.1883,0.1433,-0.1072,0.0016
1786060631.7046,-3.6248,-3.4480,-1.2802,1.7266,-3.6248,-3.4479,0.0163,-0.1135,-0.2200,0.1572,0.0164,-0.1135,0.0373,-0.0220,-0.0063,-0.0006,0.0418,-0.0023,0.3333,0.0000,1.0000,0.0000,0.2222,0.8902,-1.3549,1.7760,-9.0037,-4.3553,-0.1060,-0.0066,-0.1896,0.1366,-0.1067,-0.0066
1786060631.7546,-3.6248,-3.4480,-1.2802,1.7266,-3.6248,-3.4479,0.0163,-0.1135,-0.2200,0.1572,0.0164,-0.1135,0.0373,-0.0220,-0.0063,-0.0006,0.0418,-0.0023,0.3333,0.0000,1.0000,0.0000,0.2222,0.8902,-1.3549,1.7760,-9.0037,-4.3553,-0.1060,-0.0066,-0.1896,0.1366,-0.1067,-0.0066
1786060631.8047,-3.6248,-3.4480,-1.3008,1.7413,-3.6248,-3.4479,0.0163,-0.1135,-0.2159,0.1540,0.0164,-0.1135,0.0373,-0.0220,-0.0070,-0.0002,0.0418,-0.0023,0.3333,0.0000,1.0000,0.0000,0.2115,0.8890,-1.3740,1.7891,-9.0144,-4.3565,-0.1071,-0.0155,-0.1920,0.1286,-0.1076,-0.0154
1786060631.8546,-3.6248,-3.4480,-1.3008,1.7413,-3.6248,-3.4479,0.0163,-0.1135,-0.2159,0.1540,0.0164,-0.1135,0.0373,-0.0220,-0.0070,-0.0002,0.0418,-0.0023,0.3333,0.0000,1.0000,0.0000,0.2115,0.8890,-1.3740,1.7891,-9.0144,-4.3565,-0.1071,-0.0155,-0.1920,0.1286,-0.1076,-0.0154
1786060631.9047,-3.6248,-3.4480,-1.3145,1.7498,-3.6248,-3.4479,0.0163,-0.1135,-0.1911,0.1327,0.0164,-0.1135,0.0373,-0.0220,-0.0115,0.0019,0.0418,-0.0023,0.3333,0.0000,1.0000,0.0000,0.2007,0.8874,-1.3933,1.8019,-9.0252,-4.3581,-0.1086,-0.0150,-0.1944,0.1292,-0.1090,-0.0150
1786060631.9546,-3.6248,-3.4480,-1.3145,1.7498,-3.6248,-3.4479,0.0163,-0.1135,-0.1911,0.1327,0.0164,-0.1135,0.0373,-0.0220,-0.0114,0.0018,0.0418,-0.0023,0.3333,0.0000,1.0000,0.0000,0.2007,0.8874,-1.3933,1.8019,-9.0252,-4.3581,-0.1086,-0.0150,-0.1944,0.1292,-0.1090,-0.0150
1786060632.0047,-3.6248,-3.4480,-1.3197,1.7514,-3.6248,-3.4479,0.0163,-0.1135,-0.1482,0.0964,0.0164,-0.1135,0.0373,-0.0220,-0.0176,0.0026,0.0418,-0.0023,0.3333,0.0000,1.0000,0.0000,0.1898,0.8864,-1.4128,1.8153,-9.0361,-4.3592,-0.1089,-0.0058,-0.1955,0.1384,-0.1091,-0.0058
1786060632.0546,-3.6248,-3.4480,-1.3197,1.7514,-3.6248,-3.4479,0.0163,-0.1135,-0.1482,0.0964,0.0164,-0.1135,0.0373,-0.0220,-0.0176,0.0025,0.0418,-0.0023,0.3333,0.0000,1.0000,0.0000,0.1898,0.8864,-1.4128,1.8153,-9.0361,-4.3592,-0.1089,-0.0058,-0.1955,0.1384,-0.1091,-0.0058
1786060632.1046,-3.6248,-3.4480,-1.3317,1.7600,-3.6248,-3.4479,0.0163,-0.1135,-0.1394,0.0930,0.0164,-0.1135,0.0373,-0.0220,-0.0180,0.0029,0.0418,-0.0023,0.3333,0.0000,1.0000,0.0000,0.1790,0.8863,-1.4324,1.8297,-9.0470,-4.3592,-0.1079,0.0019,-0.1953,0.1466,-0.1079,0.0019
1786060632.1546,-3.6248,-3.4480,-1.3317,1.7600,-3.6248,-3.4479,0.0163,-0.1135,-0.1394,0.0930,0.0164,-0.1135,0.0373,-0.0220,-0.0180,0.0029,0.0418,-0.0023,0.3333,0.0000,1.0000,0.0000,0.1790,0.8863,-1.4324,1.8297,-9.0470,-4.3592,-0.1079,0.0019,-0.1953,0.1466,-0.1079,0.0019
1786060632.2046,-3.6248,-3.4480,-1.3554,1.7830,-3.6248,-3.4479,0.0163,-0.1135,-0.1695,0.1355,0.0164,-0.1135,0.0373,-0.0220,-0.0121,0.0046,0.0418,-0.0023,0.3333,0.0000,1.0000,0.0000,0.1683,0.8864,-1.4519,1.8444,-9.0577,-4.3591,-0.1068,-0.0005,-0.1954,0.1450,-0.1067,-0.0005
1786060632.2546,-3.6248,-3.4480,-1.3554,1.7830,-3.6248,-3.4479,0.0163,-0.1135,-0.1695,0.1355,0.0164,-0.1135,0.0373,-0.0220,-0.0121,0.0048,0.0418,-0.0023,0.3333,0.0000,1.0000,0.0000,0.1683,0.8864,-1.4519,1.8444,-9.0577,-4.3591,-0.1068,-0.0005,-0.1954,0.1450,-0.1067,-0.0005
1786060632.3046,-3.6248,-3.4480,-1.3736,1.8012,-3.6248,-3.4479,0.0163,-0.1135,-0.1731,0.1500,0.0164,-0.1135,0.0373,-0.0220,-0.0100,0.0051,0.0418,-0.0023,0.3333,0.0000,1.0000,0.0000,0.1576,0.8859,-1.4715,1.8584,-9.0684,-4.3597,-0.1070,-0.0102,-0.1965,0.1357,-0.1067,-0.0103
1786060632.3546,-3.6248,-3.4480,-1.3736,1.8012,-3.6248,-3.4479,0.0163,-0.1135,-0.1731,0.1500,0.0164,-0.1135,0.0373,-0.0220,-0.0100,0.0051,0.0418,-0.0023,0.3333,0.0000,1.0000,0.0000,0.1576,0.8859,-1.4715,1.8584,-9.0684,-4.3597,-0.1070,-0.0102,-0.1965,0.1357,-0.1067,-0.0103
1786060632.4046,-3.6248,-3.4480,-1.3948,1.8186,-3.6248,-3.4479,0.0163,-0.1135,-0.1833,0.1557,0.0164,-0.1135,0.0373,-0.0220,-0.0089,0.0040,0.0418,-0.0023,0.3333,0.0000,1.0000,0.0000,0.1468,0.8844,-1.4912,1.8715,-9.0791,-4.3611,-0.1085,-0.0165,-0.1984,0.1293,-0.1080,-0.0166
1786060632.4546,-3.6248,-3.4480,-1.3948,1.8186,-3.6248,-3.4479,0.0163,-0.1135,-0.1833,0.1557,0.0164,-0.1135,0.0373,-0.0220,-0.0089,0.0040,0.0418,-0.0023,0.3333,0.0000,1.0000,0.0000,0.1468,0.8844,-1.4912,1.8715,-9.0791,-4.3611,-0.1085,-0.0165,-0.1984,0.1293,-0.1080,-0.0166
1786060632.5046,-3.6248,-3.4480,-1.4092,1.8313,-3.6248,-3.4479,0.0163,-0.1135,-0.1771,0.1523,0.0164,-0.1135,0.0373,-0.0220,-0.0096,0.0047,0.0418,-0.0023,0.3333,0.0000,1.0000,0.0000,0.1359,0.8829,-1.5112,1.8846,-9.0900,-4.3626,-0.1097,-0.0122,-0.1997,0.1329,-0.1091,-0.0123
1786060632.5546,-3.6248,-3.4480,-1.4092,1.8313,-3.6248,-3.4479,0.0163,-0.1135,-0.1771,0.1523,0.0164,-0.1135,0.0373,-0.0220,-0.0096,0.0047,0.0418,-0.0023,0.3333,0.0000,1.0000,0.0000,0.1359,0.8829,-1.5112,1.8846,-9.0900,-4.3626,-0.1097,-0.0122,-0.1997,0.1329,-0.1091,-0.0123
1786060632.6046,-3.6248,-3.4480,-1.4305,1.8439,-3.6248,-3.4479,0.0163,-0.1135,-0.1830,0.1392,0.0164,-0.1135,0.0373,-0.0220,-0.0109,0.0035,0.0418,-0.0023,0.3333,0.0000,1.0000,0.0000,0.1249,0.8823,-1.5311,1.8984,-9.1009,-4.3633,-0.1094,-0.0021,-0.1996,0.1424,-0.1086,-0.0023
1786060632.6546,-3.6248,-3.4480,-1.4305,1.8439,-3.6248,-3.4479,0.0163,-0.1135,-0.1830,0.1392,0.0164,-0.1135,0.0373,-0.0220,-0.0109,0.0035,0.0418,-0.0023,0.3333,0.0000,1.0000,0.0000,0.1249,0.8823,-1.5311,1.8984,-9.1009,-4.3633,-0.1094,-0.0021,-0.1996,0.1424,-0.1086,-0.0023
1786060632.7045,-3.6248,-3.4480,-1.4518,1.8617,-3.6248,-3.4479,0.0163,-0.1135,-0.1921,0.1512,0.0164,-0.1135,0.0373,-0.0220,-0.0089,0.0028,0.0418,-0.0023,0.3333,0.0000,1.0000,0.0000,0.1141,0.8824,-1.5510,1.9130,-9.1117,-4.3632,-0.1082,0.0025,-0.1987,0.1470,-0.1072,0.0023
1786060632.7546,-3.6248,-3.4480,-1.4518,1.8617,-3.6248,-3.4479,0.0163,-0.1135,-0.1921,0.1512,0.0164,-0.1135,0.0373,-0.0220,-0.0089,0.0029,0.0418,-0.0023,0.3333,0.0000,1.0000,0.0000,0.1141,0.8824,-1.5510,1.9130,-9.1117,-4.3632,-0.1082,0.0025,-0.1987,0.1470,-0.1072,0.0023
1786060632.8046,-3.6248,-3.4480,-1.4697,1.8711,-3.6248,-3.4479,0.0163,-0.1135,-0.1938,0.1379,0.0164,-0.1135,0.0373,-0.0220,-0.0104,0.0022,0.0418,-0.0023,0.3333,0.0000,1.0000,0.0000,0.1033,0.8824,-1.5709,1.9274,-9.1223,-4.3632,-0.1075,-0.0035,-0.1987,0.1414,-0.1064,-0.0037
1786060632.8546,-3.6248,-3.4480,-1.4697,1.8711,-3.6248,-3.4479,0.0163,-0.1135,-0.1938,0.1379,0.0164,-0.1135,0.0373,-0.0220,-0.0104,0.0022,0.0418,-0.0023,0.3333,0.0000,1.0000,0.0000,0.1033,0.8824,-1.5709,1.9274,-9.1223,-4.3632,-0.1075,-0.0035,-0.1987,0.1414,-0.1064,-0.0037
1786060632.9046,-3.6248,-3.4480,-1.4962,1.8886,-3.6248,-3.4479,0.0163,-0.1135,-0.2159,0.1493,0.0164,-0.1135,0.0373,-0.0220,-0.0072,0.0001,0.0418,-0.0023,0.3333,0.0000,1.0000,0.0000,0.0925,0.8815,-1.5908,1.9410,-9.1330,-4.3642,-0.1082,-0.0134,-0.2001,0.1320,-0.1069,-0.0136
1786060632.9546,-3.6248,-3.4480,-1.4962,1.8886,-3.6248,-3.4479,0.0163,-0.1135,-0.2159,0.1493,0.0164,-0.1135,0.0373,-0.0220,-0.0072,0.0002,0.0418,-0.0023,0.3333,0.0000,1.0000,0.0000,0.0925,0.8815,-1.5908,1.9410,-9.1330,-4.3642,-0.1082,-0.0134,-0.2001,0.1320,-0.1069,-0.0136
1786060633.0047,-3.6248,-3.4480,-1.5185,1.9027,-3.6248,-3.4479,0.0163,-0.1135,-0.2182,0.1468,0.0164,-0.1135,0.0373,-0.0220,-0.0072,-0.0001,0.0418,-0.0023,0.3333,0.0000,1.0000,0.0000,0.0816,0.8799,-1.6110,1.9540,-9.1438,-4.3658,-0.1097,-0.0161,-0.2023,0.1297,-0.1084,-0.0163
1786060633.0546,-3.6248,-3.4480,-1.5185,1.9027,-3.6248,-3.4479,0.0163,-0.1135,-0.2182,0.1468,0.0164,-0.1135,0.0373,-0.0220,-0.0072,-0.0001,0.0418,-0.0023,0.3333,0.0000,1.0000,0.0000,0.0816,0.8799,-1.6110,1.9540,-9.1438,-4.3658,-0.1097,-0.0161,-0.2023,0.1297,-0.1084,-0.0163
1786060633.1047,-3.6248,-3.4480,-1.5387,1.9165,-3.6248,-3.4479,0.0163,-0.1135,-0.2109,0.1426,0.0164,-0.1135,0.0373,-0.0220,-0.0084,0.0006,0.0418,-0.0023,0.3333,0.0000,1.0000,0.0000,0.0706,0.8786,-1.6313,1.9674,-9.1546,-4.3670,-0.1104,-0.0086,-0.2038,0.1381,-0.1090,-0.0088
1786060633.1546,-3.6248,-3.4480,-1.5387,1.9165,-3.6248,-3.4479,0.0163,-0.1135,-0.2109,0.1426,0.0164,-0.1135,0.0373,-0.0220,-0.0084,0.0006,0.0418,-0.0023,0.3333,0.0000,1.0000,0.0000,0.0706,0.8786,-1.6313,1.9674,-9.1546,-4.3670,-0.1104,-0.0086,-0.2038,0.1381,-0.1090,-0.0088
1786060633.2046,-3.6248,-3.4480,-1.5563,1.9244,-3.6248,-3.4479,0.0163,-0.1135,-0.1987,0.1217,0.0164,-0.1135,0.0373,-0.0220,-0.0117,0.0009,0.0418,-0.0023,0.3333,0.0000,1.0000,0.0000,0.0596,0.8783,-1.6517,1.9818,-9.1655,-4.3674,-0.1096,0.0008,-0.2043,0.1489,-0.1081,0.0005
1786060633.2546,-3.6248,-3.4480,-1.5563,1.9244,-3.6248,-3.4479,0.0163,-0.1135,-0.1987,0.1217,0.0164,-0.1135,0.0373,-0.0220,-0.0117,0.0008,0.0418,-0.0023,0.3333,0.0000,1.0000,0.0000,0.0596,0.8783,-1.6517,1.9818,-9.1655,-4.3674,-0.1096,0.0008,-0.2043,0.1489,-0.1081,0.0005
1786060633.3047,-3.6248,-3.4480,-1.5810,1.9410,-3.6248,-3.4479,0.0163,-0.1135,-0.2123,0.1346,0.0164,-0.1135,0.0373,-0.0220,-0.0090,0.0002,0.0418,-0.0023,0.3333,0.0000,1.0000,0.0000,0.0487,0.8786,-1.6722,1.9970,-9.1762,-4.3672,-0.1084,0.0015,-0.2047,0.1515,-0.1067,0.0012
1786060633.3546,-3.6248,-3.4480,-1.5810,1.9410,-3.6248,-3.4479,0.0163,-0.1135,-0.2123,0.1346,0.0164,-0.1135,0.0373,-0.0220,-0.0090,0.0002,0.0418,-0.0023,0.3333,0.0000,1.0000,0.0000,0.0487,0.8786,-1.6722,1.9970,-9.1762,-4.3672,-0.1084,0.0015,-0.2047,0.1515,-0.1067,0.0012
1786060633.4047,-3.6248,-3.4480,-1.5988,1.9511,-3.6248,-3.4479,0.0163,-0.1135,-0.1986,0.1224,0.0164,-0.1135,0.0373,-0.0220,-0.0116,0.0010,0.0418,-0.0023,0.3333,0.0000,1.0000,0.0000,0.0379,0.8783,-1.6927,2.0118,-9.1869,-4.3675,-0.1081,-0.0072,-0.2060,0.1445,-0.1063,-0.0075
1786060633.4547,-3.6248,-3.4480,-1.5988,1.9511,-3.6248,-3.4479,0.0163,-0.1135,-0.1986,0.1224,0.0164,-0.1135,0.0373,-0.0220,-0.0115,0.0010,0.0418,-0.0023,0.3333,0.0000,1.0000,0.0000,0.0379,0.8783,-1.6927,2.0118,-9.1869,-4.3675,-0.1081,-0.0072,-0.2060,0.1445,-0.1063,-0.0075
1786060633.5047,-3.6248,-3.4480,-1.6161,1.9619,-3.6248,-3.4479,0.0163,-0.1135,-0.1960,0.1211,0.0164,-0.1135,0.0373,-0.0220,-0.0119,0.0012,0.0418,-0.0023,0.3333,0.0000,1.0000,0.0000,0.0270,0.8770,-1.7134,2.0258,-9.1975,-4.3688,-0.1092,-0.0156,-0.2082,0.1370,-0.1073,-0.0158
1786060633.5546,-3.6248,-3.4480,-1.6161,1.9619,-3.6248,-3.4479,0.0163,-0.1135,-0.1960,0.1211,0.0164,-0.1135,0.0373,-0.0220,-0.0118,0.0012,0.0418,-0.0023,0.3333,0.0000,1.0000,0.0000,0.0270,0.8770,-1.7134,2.0258,-9.1975,-4.3688,-0.1092,-0.0156,-0.2082,0.1370,-0.1073,-0.0158
1786060633.6046,-3.6248,-3.4480,-1.6310,1.9701,-3.6248,-3.4479,0.0163,-0.1135,-0.1811,0.1089,0.0164,-0.1135,0.0373,-0.0220,-0.0142,0.0017,0.0418,-0.0023,0.3333,0.0000,1.0000,0.0000,0.0160,0.8755,-1.7343,2.0395,-9.2084,-4.3704,-0.1106,-0.0142,-0.2103,0.1386,-0.1087,-0.0145
1786060633.6546,-3.6248,-3.4480,-1.6310,1.9701,-3.6248,-3.4479,0.0163,-0.1135,-0.1811,0.1089,0.0164,-0.1135,0.0373,-0.0220,-0.0142,0.0017,0.0418,-0.0023,0.3333,0.0000,1.0000,0.0000,0.0160,0.8755,-1.7343,2.0395,-9.2084,-4.3704,-0.1106,-0.0142,-0.2103,0.1386,-0.1087,-0.0145
1786060633.7047,-3.6248,-3.4480,-1.6469,1.9831,-3.6248,-3.4479,0.0163,-0.1135,-0.1745,0.1157,0.0164,-0.1135,0.0373,-0.0220,-0.0138,0.0032,0.0418,-0.0023,0.3333,0.0000,1.0000,0.0000,0.0049,0.8745,-1.7554,2.0538,-9.2192,-4.3713,-0.1108,-0.0047,-0.2108,0.1479,-0.1087,-0.0050
1786060633.7546,-3.6248,-3.4480,-1.6469,1.9831,-3.6248,-3.4479,0.0163,-0.1135,-0.1745,0.1157,0.0164,-0.1135,0.0373,-0.0220,-0.0138,0.0032,0.0418,-0.0023,0.3333,0.0000,1.0000,0.0000,0.0049,0.8745,-1.7554,2.0538,-9.2192,-4.3713,-0.1108,-0.0047,-0.2108,0.1479,-0.1087,-0.0050
1786060633.8047,-3.6248,-3.4480,-1.6786,2.0120,-3.6248,-3.4479,0.0163,-0.1135,-0.2188,0.1695,0.0164,-0.1135,0.0373,-0.0220,-0.0042,0.0003,0.0418,-0.0023,0.3333,0.0000,1.0000,0.0000,-0.0061,0.8745,-1.7765,2.0691,-9.2300,-4.3714,-0.1096,0.0024,-0.2101,0.1549,-0.1075,0.0021
1786060633.8547,-3.6248,-3.4480,-1.6786,2.0120,-3.6248,-3.4479,0.0163,-0.1135,-0.2188,0.1695,0.0164,-0.1135,0.0373,-0.0220,-0.0044,0.0004,0.0418,-0.0023,0.3333,0.0000,1.0000,0.0000,-0.0061,0.8745,-1.7765,2.0691,-9.2300,-4.3714,-0.1096,0.0024,-0.2101,0.1549,-0.1075,0.0021
1786060633.9047,-3.6248,-3.4480,-1.7069,2.0332,-3.6248,-3.4479,0.0163,-0.1135,-0.2385,0.1827,0.0164,-0.1135,0.0373,-0.0220,-0.0011,-0.0020,0.0418,-0.0023,0.3333,0.0000,1.0000,0.0000,-0.0170,0.8747,-1.7974,2.0845,-9.2407,-4.3712,-0.1085,-0.0009,-0.2097,0.1515,-0.1063,-0.0012
1786060633.9547,-3.6248,-3.4480,-1.7069,2.0332,-3.6248,-3.4479,0.0163,-0.1135,-0.2385,0.1827,0.0164,-0.1135,0.0373,-0.0220,-0.0012,-0.0019,0.0418,-0.0023,0.3333,0.0000,1.0000,0.0000,-0.0170,0.8747,-1.7974,2.0845,-9.2407,-4.3712,-0.1085,-0.0009,-0.2097,0.1515,-0.1063,-0.0012
1786060634.0046,-3.6248,-3.4480,-1.7372,2.0575,-3.6248,-3.4479,0.0163,-0.1135,-0.2585,0.2013,0.0164,-0.1135,0.0373,-0.0220,0.0027,-0.0045,0.0418,-0.0023,0.3333,0.0000,1.0000,0.0000,-0.0278,0.8741,-1.8184,2.0991,-9.2514,-4.3719,-0.1087,-0.0108,-0.2107,0.1414,-0.1065,-0.0111
1786060634.0546,-3.6248,-3.4480,-1.7372,2.0575,-3.6248,-3.4479,0.0163,-0.1135,-0.2585,0.2013,0.0164,-0.1135,0.0373,-0.0220,0.0026,-0.0044,0.0418,-0.0023,0.3333,0.0000,1.0000,0.0000,-0.0278,0.8741,-1.8184,2.0991,-9.2514,-4.3719,-0.1087,-0.0108,-0.2107,0.1414,-0.1065,-0.0111
1786060634.1047,-3.6248,-3.4480,-1.7572,2.0701,-3.6248,-3.4479,0.0163,-0.1135,-0.2405,0.1780,0.0164,-0.1135,0.0373,-0.0220,-0.0015,-0.0019,0.0418,-0.0023,0.3333,0.0000,1.0000,0.0000,-0.0388,0.8726,-1.8396,2.1128,-9.2621,-4.3734,-0.1101,-0.0164,-0.2127,0.1354,-0.1079,-0.0167
1786060634.1547,-3.6248,-3.4480,-1.7572,2.0701,-3.6248,-3.4479,0.0163,-0.1135,-0.2405,0.1780,0.0164,-0.1135,0.0373,-0.0220,-0.0014,-0.0019,0.0418,-0.0023,0.3333,0.0000,1.0000,0.0000,-0.0388,0.8726,-1.8396,2.1128,-9.2621,-4.3734,-0.1101,-0.0164,-0.2127,0.1354,-0.1079,-0.0167
1786060634.2046,-3.6248,-3.4480,-1.7701,2.0784,-3.6248,-3.4479,0.0163,-0.1135,-0.2054,0.1482,0.0164,-0.1135,0.0373,-0.0220,-0.0080,0.0020,0.0418,-0.0023,0.3333,0.0000,1.0000,0.0000,-0.0498,0.8712,-1.8610,2.1265,-9.2729,-4.3749,-0.1111,-0.0112,-0.2143,0.1398,-0.1089,-0.0116
1786060634.2546,-3.6248,-3.4480,-1.7701,2.0784,-3.6248,-3.4479,0.0163,-0.1135,-0.2054,0.1482,0.0164,-0.1135,0.0373,-0.0220,-0.0078,0.0019,0.0418,-0.0023,0.3333,0.0000,1.0000,0.0000,-0.0498,0.8712,-1.8610,2.1265,-9.2729,-4.3749,-0.1111,-0.0112,-0.2143,0.1398,-0.1089,-0.0116
1786060634.3046,-3.6248,-3.4480,-1.7815,2.0834,-3.6248,-3.4479,0.0163,-0.1135,-0.1771,0.1174,0.0164,-0.1135,0.0373,-0.0220,-0.0133,0.0034,0.0418,-0.0023,0.3333,0.0000,1.0000,0.0000,-0.0609,0.8706,-1.8825,2.1410,-9.2838,-4.3755,-0.1106,-0.0012,-0.2147,0.1495,-0.1083,-0.0016
1786060634.3546,-3.6248,-3.4480,-1.7815,2.0834,-3.6248,-3.4479,0.0163,-0.1135,-0.1771,0.1174,0.0164,-0.1135,0.0373,-0.0220,-0.0133,0.0033,0.0418,-0.0023,0.3333,0.0000,1.0000,0.0000,-0.0609,0.8706,-1.8825,2.1410,-9.2838,-4.3755,-0.1106,-0.0012,-0.2147,0.1495,-0.1083,-0.0016
1786060634.4046,-3.6248,-3.4480,-1.7992,2.0940,-3.6248,-3.4479,0.0163,-0.1135,-0.1768,0.1139,0.0164,-0.1135,0.0373,-0.0220,-0.0137,0.0031,0.0418,-0.0023,0.3333,0.0000,1.0000,0.0000,-0.0719,0.8708,-1.9039,2.1563,-9.2946,-4.3753,-0.1092,0.0025,-0.2148,0.1538,-0.1070,0.0022
1786060634.4546,-3.6248,-3.4480,-1.7992,2.0940,-3.6248,-3.4479,0.0163,-0.1135,-0.1768,0.1139,0.0164,-0.1135,0.0373,-0.0220,-0.0137,0.0031,0.0418,-0.0023,0.3333,0.0000,1.0000,0.0000,-0.0719,0.8708,-1.9039,2.1563,-9.2946,-4.3753,-0.1092,0.0025,-0.2148,0.1538,-0.1070,0.0022
1786060634.5046,-3.6248,-3.4480,-1.8192,2.1075,-3.6248,-3.4479,0.0163,-0.1135,-0.1844,0.1206,0.0164,-0.1135,0.0373,-0.0220,-0.0124,0.0029,0.0418,-0.0023,0.3333,0.0000,1.0000,0.0000,-0.0828,0.8707,-1.9255,2.1714,-9.3052,-4.3754,-0.1085,-0.0042,-0.2158,0.1478,-0.1062,-0.0046
1786060634.5546,-3.6248,-3.4480,-1.8192,2.1075,-3.6248,-3.4479,0.0163,-0.1135,-0.1844,0.1206,0.0164,-0.1135,0.0373,-0.0220,-0.0124,0.0029,0.0418,-0.0023,0.3333,0.0000,1.0000,0.0000,-0.0828,0.8707,-1.9255,2.1714,-9.3052,-4.3754,-0.1085,-0.0042,-0.2158,0.1478,-0.1062,-0.0046
1786060634.6047,-3.6248,-3.4480,-1.8303,2.1150,-3.6248,-3.4479,0.0163,-0.1135,-0.1613,0.1064,0.0164,-0.1135,0.0373,-0.0220,-0.0151,0.0041,0.0418,-0.0023,0.3333,0.0000,1.0000,0.0000,-0.0937,0.8697,-1.9471,2.1857,-9.3158,-4.3764,-0.1092,-0.0139,-0.2180,0.1384,-0.1069,-0.0142
1786060634.6546,-3.6248,-3.4480,-1.8303,2.1150,-3.6248,-3.4479,0.0163,-0.1135,-0.1613,0.1064,0.0164,-0.1135,0.0373,-0.0220,-0.0151,0.0040,0.0418,-0.0023,0.3333,0.0000,1.0000,0.0000,-0.0937,0.8697,-1.9471,2.1857,-9.3158,-4.3764,-0.1092,-0.0139,-0.2180,0.1384,-0.1069,-0.0142
1786060634.7046,-3.6248,-3.4480,-1.8387,2.1207,-3.6248,-3.4479,0.0163,-0.1135,-0.1367,0.0905,0.0164,-0.1135,0.0373,-0.0220,-0.0172,0.0045,0.0418,-0.0023,0.3333,0.0000,1.0000,0.0000,-0.1047,0.8681,-1.9691,2.1993,-9.3266,-4.3780,-0.1106,-0.0157,-0.2205,0.1363,-0.1084,-0.0160
1786060634.7546,-3.6248,-3.4480,-1.8387,2.1207,-3.6248,-3.4479,0.0163,-0.1135,-0.1367,0.0905,0.0164,-0.1135,0.0373,-0.0220,-0.0172,0.0045,0.0418,-0.0023,0.3333,0.0000,1.0000,0.0000,-0.1047,0.8681,-1.9691,2.1993,-9.3266,-4.3780,-0.1106,-0.0157,-0.2205,0.1363,-0.1084,-0.0160
1786060634.8046,-3.6248,-3.4480,-1.8489,2.1256,-3.6248,-3.4479,0.0163,-0.1135,-0.1255,0.0776,0.0164,-0.1135,0.0373,-0.0220,-0.0187,0.0029,0.0418,-0.0023,0.3333,0.0000,1.0000,0.0000,-0.1158,0.8670,-1.9912,2.2133,-9.3375,-4.3793,-0.1111,-0.0076,-0.2220,0.1440,-0.1089,-0.0079
1786060634.8547,-3.6248,-3.4480,-1.8489,2.1256,-3.6248,-3.4479,0.0163,-0.1135,-0.1255,0.0776,0.0164,-0.1135,0.0373,-0.0220,-0.0187,0.0028,0.0418,-0.0023,0.3333,0.0000,1.0000,0.0000,-0.1158,0.8670,-1.9912,2.2133,-9.3375,-4.3793,-0.1111,-0.0076,-0.2220,0.1440,-0.1089,-0.0079
1786060634.9046,-3.6248,-3.4480,-1.8821,2.1531,-3.6248,-3.4479,0.0163,-0.1135,-0.1892,0.1385,0.0164,-0.1135,0.0373,-0.0220,-0.0099,0.0035,0.0418,-0.0023,0.3333,0.0000,1.0000,0.0000,-0.1268,0.8667,-2.0135,2.2283,-9.3483,-4.3795,-0.1101,0.0013,-0.2224,0.1532,-0.1079,0.0010
1786060634.9546,-3.6248,-3.4480,-1.8821,2.1531,-3.6248,-3.4479,0.0163,-0.1135,-0.1892,0.1385,0.0164,-0.1135,0.0373,-0.0220,-0.0099,0.0037,0.0418,-0.0023,0.3333,0.0000,1.0000,0.0000,-0.1268,0.8667,-2.0135,2.2283,-9.3483,-4.3795,-0.1101,0.0013,-0.2224,0.1532,-0.1079,0.0010
1786060635.0046,-3.6248,-3.4480,-1.9208,2.1828,-3.6248,-3.4479,0.0163,-0.1135,-0.2503,0.1877,0.0164,-0.1135,0.0373,-0.0220,0.0010,-0.0031,0.0418,-0.0023,0.3333,0.0000,1.0000,0.0000,-0.1378,0.8670,-2.0357,2.2437,-9.3591,-4.3793,-0.1088,0.0011,-0.2229,0.1537,-0.1066,0.0008
1786060635.0546,-3.6248,-3.4480,-1.9208,2.1828,-3.6248,-3.4479,0.0163,-0.1135,-0.2503,0.1877,0.0164,-0.1135,0.0373,-0.0220,0.0007,-0.0029,0.0418,-0.0023,0.3333,0.0000,1.0000,0.0000,-0.1378,0.8670,-2.0357,2.2437,-9.3591,-4.3793,-0.1088,0.0011,-0.2229,0.1537,-0.1066,0.0008
1786060635.1046,-3.6248,-3.4480,-1.9534,2.2048,-3.6248,-3.4479,0.0163,-0.1135,-0.2742,0.1980,0.0164,-0.1135,0.0373,-0.0220,0.0042,-0.0055,0.0418,-0.0023,0.3333,0.0000,1.0000,0.0000,-0.1486,0.8666,-2.0581,2.2587,-9.3697,-4.3797,-0.1084,-0.0080,-0.2245,0.1452,-0.1064,-0.0083
1786060635.1546,-3.6248,-3.4480,-1.9534,2.2048,-3.6248,-3.4479,0.0163,-0.1135,-0.2742,0.1980,0.0164,-0.1135,0.0373,-0.0220,0.0041,-0.0054,0.0418,-0.0023,0.3333,0.0000,1.0000,0.0000,-0.1486,0.8666,-2.0581,2.2587,-9.3697,-4.3797,-0.1084,-0.0080,-0.2245,0.1452,-0.1064,-0.0083
1786060635.2047,-3.6248,-3.4480,-1.9732,2.2149,-3.6248,-3.4479,0.0163,-0.1135,-0.2507,0.1678,0.0164,-0.1135,0.0373,-0.0220,-0.0013,-0.0025,0.0418,-0.0023,0.3333,0.0000,1.0000,0.0000,-0.1595,0.8653,-2.0807,2.2727,-9.3804,-4.3810,-0.1096,-0.0159,-0.2267,0.1369,-0.1075,-0.0162
1786060635.2547,-3.6248,-3.4480,-1.9732,2.2149,-3.6248,-3.4479,0.0163,-0.1135,-0.2507,0.1678,0.0164,-0.1135,0.0373,-0.0220,-0.0012,-0.0025,0.0418,-0.0023,0.3333,0.0000,1.0000,0.0000,-0.1595,0.8653,-2.0807,2.2727,-9.3804,-4.3810,-0.1096,-0.0159,-0.2267,0.1369,-0.1075,-0.0162
1786060635.3046,-3.6248,-3.4480,-1.9827,2.2188,-3.6248,-3.4479,0.0163,-0.1135,-0.2004,0.1265,0.0164,-0.1135,0.0373,-0.0220,-0.0107,0.0019,0.0418,-0.0023,0.3333,0.0000,1.0000,0.0000,-0.1705,0.8637,-2.1034,2.2863,-9.3912,-4.3826,-0.1108,-0.0137,-0.2279,0.1375,-0.1088,-0.0139
1786060635.3546,-3.6248,-3.4480,-1.9827,2.2188,-3.6248,-3.4479,0.0163,-0.1135,-0.2004,0.1265,0.0164,-0.1135,0.0373,-0.0220,-0.0105,0.0018,0.0418,-0.0023,0.3333,0.0000,1.0000,0.0000,-0.1705,0.8637,-2.1034,2.2863,-9.3912,-4.3826,-0.1108,-0.0137,-0.2279,0.1375,-0.1088,-0.0139
1786060635.4047,-3.6248,-3.4480,-2.0122,2.2368,-3.6248,-3.4479,0.0163,-0.1135,-0.2365,0.1472,0.0164,-0.1135,0.0373,-0.0220,-0.0046,-0.0013,0.0418,-0.0023,0.3333,0.0000,1.0000,0.0000,-0.1816,0.8629,-2.1262,2.3005,-9.4021,-4.3835,-0.1107,-0.0039,-0.2276,0.1455,-0.1088,-0.0042
1786060635.4547,-3.6248,-3.4480,-2.0122,2.2368,-3.6248,-3.4479,0.0163,-0.1135,-0.2365,0.1472,0.0164,-0.1135,0.0373,-0.0220,-0.0048,-0.0012,0.0418,-0.0023,0.3333,0.0000,1.0000,0.0000,-0.1816,0.8629,-2.1262,2.3005,-9.4021,-4.3835,-0.1107,-0.0039,-0.2276,0.1455,-0.1088,-0.0042
1786060635.5047,-3.6248,-3.4480,-2.0314,2.2484,-3.6248,-3.4479,0.0163,-0.1135,-0.2225,0.1374,0.0164,-0.1135,0.0373,-0.0220,-0.0073,0.0001,0.0418,-0.0023,0.3333,0.0000,1.0000,0.0000,-0.1926,0.8629,-2.1489,2.3154,-9.4129,-4.3835,-0.1093,0.0025,-0.2269,0.1514,-0.1075,0.0023
1786060635.5546,-3.6248,-3.4480,-2.0314,2.2484,-3.6248,-3.4479,0.0163,-0.1135,-0.2225,0.1374,0.0164,-0.1135,0.0373,-0.0220,-0.0072,0.0000,0.0418,-0.0023,0.3333,0.0000,1.0000,0.0000,-0.1926,0.8629,-2.1489,2.3154,-9.4129,-4.3835,-0.1093,0.0025,-0.2269,0.1514,-0.1075,0.0023
1786060635.6046,-3.6248,-3.4480,-2.0547,2.2595,-3.6248,-3.4479,0.0163,-0.1135,-0.2255,0.1293,0.0164,-0.1135,0.0373,-0.0220,-0.0077,-0.0006,0.0418,-0.0023,0.3333,0.0000,1.0000,0.0000,-0.2035,0.8630,-2.1716,2.3305,-9.4236,-4.3834,-0.1082,-0.0017,-0.2273,0.1479,-0.1064,-0.0019
1786060635.6546,-3.6248,-3.4480,-2.0547,2.2595,-3.6248,-3.4479,0.0163,-0.1135,-0.2255,0.1293,0.0164,-0.1135,0.0373,-0.0220,-0.0077,-0.0006,0.0418,-0.0023,0.3333,0.0000,1.0000,0.0000,-0.2035,0.8630,-2.1716,2.3305,-9.4236,-4.3834,-0.1082,-0.0017,-0.2273,0.1479,-0.1064,-0.0019
1786060635.7047,-3.6248,-3.4480,-2.0672,2.2650,-3.6248,-3.4479,0.0163,-0.1135,-0.1946,0.1062,0.0164,-0.1135,0.0373,-0.0220,-0.0131,0.0009,0.0418,-0.0023,0.3333,0.0000,1.0000,0.0000,-0.2143,0.8623,-2.1944,2.3447,-9.4343,-4.3841,-0.1084,-0.0117,-0.2289,0.1386,-0.1067,-0.0119
1786060635.7546,-3.6248,-3.4480,-2.0672,2.2650,-3.6248,-3.4479,0.0163,-0.1135,-0.1946,0.1062,0.0164,-0.1135,0.0373,-0.0220,-0.0130,0.0008,0.0418,-0.0023,0.3333,0.0000,1.0000,0.0000,-0.2143,0.8623,-2.1944,2.3447,-9.4343,-4.3841,-0.1084,-0.0117,-0.2289,0.1386,-0.1067,-0.0119
1786060635.8047,-3.6248,-3.4480,-2.0923,2.2754,-3.6248,-3.4479,0.0163,-0.1135,-0.2121,0.1055,0.0164,-0.1135,0.0373,-0.0220,-0.0113,-0.0009,0.0418,-0.0023,0.3333,0.0000,1.0000,0.0000,-0.2252,0.8608,-2.2175,2.3583,-9.4450,-4.3857,-0.1098,-0.0165,-0.2319,0.1345,-0.1082,-0.0167
1786060635.8546,-3.6248,-3.4480,-2.0923,2.2754,-3.6248,-3.4479,0.0163,-0.1135,-0.2121,0.1055,0.0164,-0.1135,0.0373,-0.0220,-0.0114,-0.0009,0.0418,-0.0023,0.3333,0.0000,1.0000,0.0000,-0.2252,0.8608,-2.2175,2.3583,-9.4450,-4.3857,-0.1098,-0.0165,-0.2319,0.1345,-0.1082,-0.0167
1786060635.9047,-3.6248,-3.4480,-2.1159,2.2842,-3.6248,-3.4479,0.0163,-0.1135,-0.2195,0.1000,0.0164,-0.1135,0.0373,-0.0220,-0.0110,-0.0019,0.0418,-0.0023,0.3333,0.0000,1.0000,0.0000,-0.2362,0.8594,-2.2409,2.3721,-9.4559,-4.3871,-0.1106,-0.0106,-0.2356,0.1420,-0.1091,-0.0108
1786060635.9546,-3.6248,-3.4480,-2.1159,2.2842,-3.6248,-3.4479,0.0163,-0.1135,-0.2195,0.1000,0.0164,-0.1135,0.0373,-0.0220,-0.0110,-0.0019,0.0418,-0.0023,0.3333,0.0000,1.0000,0.0000,-0.2362,0.8594,-2.2409,2.3721,-9.4559,-4.3871,-0.1106,-0.0106,-0.2356,0.1420,-0.1091,-0.0108
1786060636.0047,-3.6248,-3.4480,-2.1615,2.2477,-3.6248,-3.4479,0.0163,-0.1135,-0.2937,-0.0452,0.0164,-0.1135,0.0373,-0.0220,0.0019,-0.0125,0.0418,-0.0023,0.3333,0.0000,1.0000,0.0000,-0.2473,0.8589,-2.2647,2.3870,-9.4668,-4.3876,-0.1099,-0.0007,-0.2403,0.1553,-0.1085,-0.0009
1786060636.0546,-3.6248,-3.4480,-2.1615,2.2477,-3.6248,-3.4479,0.0163,-0.1135,-0.2937,-0.0452,0.0164,-0.1135,0.0373,-0.0220,0.0017,-0.0127,0.0418,-0.0023,0.3333,0.0000,1.0000,0.0000,-0.2473,0.8589,-2.2647,2.3870,-9.4668,-4.3876,-0.1099,-0.0007,-0.2403,0.1553,-0.1085,-0.0009
1786060636.1047,-3.6248,-3.4480,-2.1892,2.2899,-3.6248,-3.4479,0.0163,-0.1135,-0.2885,0.1006,0.0164,-0.1135,0.0373,-0.0220,-0.0011,-0.0061,0.0418,-0.0023,0.3333,0.0000,1.0000,0.0000,-0.2582,0.8591,-2.2890,2.4030,-9.4775,-4.3874,-0.1084,0.0022,-0.2455,0.1624,-0.1071,0.0020
1786060636.1546,-3.6248,-3.4480,-2.1892,2.2899,-3.6248,-3.4479,0.0163,-0.1135,-0.2885,0.1006,0.0164,-0.1135,0.0373,-0.0220,-0.0010,-0.0061,0.0418,-0.0023,0.3333,0.0000,1.0000,0.0000,-0.2582,0.8591,-2.2890,2.4030,-9.4775,-4.3874,-0.1084,0.0022,-0.2455,0.1624,-0.1071,0.0020
1786060636.2047,-3.6248,-3.4480,-2.2320,2.3405,-3.6248,-3.4479,0.0163,-0.1135,-0.3319,0.2272,0.0164,-0.1135,0.0373,-0.0220,0.0115,-0.0097,0.0418,-0.0023,0.3333,0.0000,1.0000,0.0000,-0.2690,0.8590,-2.3137,2.4191,-9.4882,-4.3876,-0.1077,-0.0052,-0.2486,0.1568,-0.1065,-0.0054
1786060636.2546,-3.6248,-3.4480,-2.2320,2.3405,-3.6248,-3.4479,0.0163,-0.1135,-0.3319,0.2272,0.0164,-0.1135,0.0373,-0.0220,0.0113,-0.0096,0.0418,-0.0023,0.3333,0.0000,1.0000,0.0000,-0.2690,0.8590,-2.3137,2.4191,-9.4882,-4.3876,-0.1077,-0.0052,-0.2486,0.1568,-0.1065,-0.0054
1786060636.3047,-3.6248,-3.4480,-2.2619,2.3767,-3.6248,-3.4479,0.0163,-0.1135,-0.3211,0.2690,0.0164,-0.1135,0.0373,-0.0220,0.0122,-0.0106,0.0418,-0.0023,0.3333,0.0000,1.0000,0.0000,-0.2798,0.8579,-2.3386,2.4341,-9.4989,-4.3887,-0.1084,-0.0146,-0.2474,0.1452,-0.1073,-0.0147
1786060636.3546,-3.6248,-3.4480,-2.2619,2.3767,-3.6248,-3.4479,0.0163,-0.1135,-0.3211,0.2690,0.0164,-0.1135,0.0373,-0.0220,0.0121,-0.0106,0.0418,-0.0023,0.3333,0.0000,1.0000,0.0000,-0.2798,0.8579,-2.3386,2.4341,-9.4989,-4.3887,-0.1084,-0.0146,-0.2474,0.1452,-0.1073,-0.0147
1786060636.4046,-3.6248,-3.4480,-2.2801,2.3992,-3.6248,-3.4479,0.0163,-0.1135,-0.2781,0.2555,0.0164,-0.1135,0.0373,-0.0220,0.0089,-0.0080,0.0418,-0.0023,0.3333,0.0000,1.0000,0.0000,-0.2907,0.8563,-2.3631,2.4482,-9.5097,-4.3903,-0.1098,-0.0155,-0.2448,0.1402,-0.1088,-0.0156
1786060636.4546,-3.6248,-3.4480,-2.2801,2.3992,-3.6248,-3.4479,0.0163,-0.1135,-0.2781,0.2555,0.0164,-0.1135,0.0373,-0.0220,0.0090,-0.0080,0.0418,-0.0023,0.3333,0.0000,1.0000,0.0000,-0.2907,0.8563,-2.3631,2.4482,-9.5097,-4.3903,-0.1098,-0.0155,-0.2448,0.1402,-0.1088,-0.0156
1786060636.5046,-3.6248,-3.4480,-2.2940,2.4142,-3.6248,-3.4479,0.0163,-0.1135,-0.2356,0.2235,0.0164,-0.1135,0.0373,-0.0220,0.0033,-0.0025,0.0418,-0.0023,0.3333,0.0000,1.0000,0.0000,-0.3017,0.8551,-2.3875,2.4625,-9.5206,-4.3914,-0.1101,-0.0070,-0.2438,0.1451,-0.1092,-0.0070
1786060636.5545,-3.6248,-3.4480,-2.2940,2.4142,-3.6248,-3.4479,0.0163,-0.1135,-0.2356,0.2235,0.0164,-0.1135,0.0373,-0.0220,0.0034,-0.0026,0.0418,-0.0023,0.3333,0.0000,1.0000,0.0000,-0.3017,0.8551,-2.3875,2.4625,-9.5206,-4.3914,-0.1101,-0.0070,-0.2438,0.1451,-0.1092,-0.0070
1786060636.6046,-3.6248,-3.4480,-2.2999,2.4213,-3.6248,-3.4479,0.0163,-0.1135,-0.1732,0.1689,0.0164,-0.1135,0.0373,-0.0220,-0.0062,0.0072,0.0418,-0.0023,0.3333,0.0000,1.0000,0.0000,-0.3127,0.8550,-2.4119,2.4773,-9.5315,-4.3916,-0.1089,0.0015,-0.2436,0.1502,-0.1081,0.0015
1786060636.6547,-3.6248,-3.4480,-2.2999,2.4213,-3.6248,-3.4479,0.0163,-0.1135,-0.1732,0.1689,0.0164,-0.1135,0.0373,-0.0220,-0.0059,0.0070,0.0418,-0.0023,0.3333,0.0000,1.0000,0.0000,-0.3127,0.8550,-2.4119,2.4773,-9.5315,-4.3916,-0.1089,0.0015,-0.2436,0.1502,-0.1081,0.0015
1786060636.7047,-3.6248,-3.4480,-2.3042,2.4256,-3.6248,-3.4479,0.0163,-0.1135,-0.1325,0.1297,0.0164,-0.1135,0.0373,-0.0220,-0.0103,0.0118,0.0418,-0.0023,0.3333,0.0000,1.0000,0.0000,-0.3235,0.8552,-2.4362,2.4922,-9.5422,-4.3914,-0.1075,0.0004,-0.2423,0.1449,-0.1069,0.0003
1786060636.7546,-3.6248,-3.4480,-2.3042,2.4256,-3.6248,-3.4479,0.0163,-0.1135,-0.1325,0.1297,0.0164,-0.1135,0.0373,-0.0220,-0.0102,0.0117,0.0418,-0.0023,0.3333,0.0000,1.0000,0.0000,-0.3235,0.8552,-2.4362,2.4922,-9.5422,-4.3914,-0.1075,0.0004,-0.2423,0.1449,-0.1069,0.0003
1786060636.8046,-3.6248,-3.4480,-2.3125,2.4277,-3.6248,-3.4479,0.0163,-0.1135,-0.1170,0.0956,0.0164,-0.1135,0.0373,-0.0220,-0.0142,0.0100,0.0418,-0.0023,0.3333,0.0000,1.0000,0.0000,-0.3342,0.8547,-2.4603,2.5059,-9.5529,-4.3919,-0.1073,-0.0091,-0.2394,0.1304,-0.1068,-0.0091
1786060636.8546,-3.6248,-3.4480,-2.3125,2.4277,-3.6248,-3.4479,0.0163,-0.1135,-0.1170,0.0956,0.0164,-0.1135,0.0373,-0.0220,-0.0144,0.0099,0.0418,-0.0023,0.3333,0.0000,1.0000,0.0000,-0.3342,0.8547,-2.4603,2.5059,-9.5529,-4.3919,-0.1073,-0.0091,-0.2394,0.1304,-0.1068,-0.0091
1786060636.9046,-3.6248,-3.4480,-2.3328,2.4422,-3.6248,-3.4479,0.0163,-0.1135,-0.1441,0.1114,0.0164,-0.1135,0.0373,-0.0220,-0.0136,0.0081,0.0418,-0.0023,0.3333,0.0000,1.0000,0.0000,-0.3450,0.8533,-2.4841,2.5182,-9.5636,-4.3933,-0.1084,-0.0163,-0.2372,0.1194,-0.1080,-0.0164
1786060636.9546,-3.6248,-3.4480,-2.3328,2.4422,-3.6248,-3.4479,0.0163,-0.1135,-0.1441,0.1114,0.0164,-0.1135,0.0373,-0.0220,-0.0136,0.0081,0.0418,-0.0023,0.3333,0.0000,1.0000,0.0000,-0.3450,0.8533,-2.4841,2.5182,-9.5636,-4.3933,-0.1084,-0.0163,-0.2372,0.1194,-0.1080,-0.0164
1786060637.0046,-3.6248,-3.4480,-2.3505,2.4497,-3.6248,-3.4479,0.0163,-0.1135,-0.1548,0.1002,0.0164,-0.1135,0.0373,-0.0220,-0.0152,0.0051,0.0418,-0.0023,0.3333,0.0000,1.0000,0.0000,-0.3559,0.8518,-2.5078,2.5302,-9.5745,-4.3948,-0.1096,-0.0132,-0.2374,0.1220,-0.1093,-0.0133
1786060637.0546,-3.6248,-3.4480,-2.3505,2.4497,-3.6248,-3.4479,0.0163,-0.1135,-0.1548,0.1002,0.0164,-0.1135,0.0373,-0.0220,-0.0153,0.0050,0.0418,-0.0023,0.3333,0.0000,1.0000,0.0000,-0.3559,0.8518,-2.5078,2.5302,-9.5745,-4.3948,-0.1096,-0.0132,-0.2374,0.1220,-0.1093,-0.0133
1786060637.1046,-3.6248,-3.4480,-2.3780,2.4641,-3.6248,-3.4479,0.0163,-0.1135,-0.1923,0.1139,0.0164,-0.1135,0.0373,-0.0220,-0.0120,0.0023,0.0418,-0.0023,0.3333,0.0000,1.0000,0.0000,-0.3668,0.8510,-2.5316,2.5431,-9.5855,-4.3956,-0.1093,-0.0033,-0.2396,0.1343,-0.1091,-0.0033
1786060637.1546,-3.6248,-3.4480,-2.3780,2.4641,-3.6248,-3.4479,0.0163,-0.1135,-0.1923,0.1139,0.0164,-0.1135,0.0373,-0.0220,-0.0121,0.0023,0.0418,-0.0023,0.3333,0.0000,1.0000,0.0000,-0.3668,0.8510,-2.5316,2.5431,-9.5855,-4.3956,-0.1093,-0.0033,-0.2396,0.1343,-0.1091,-0.0033
1786060637.2046,-3.6248,-3.4480,-2.4389,2.4993,-3.6248,-3.4479,0.0163,-0.1135,-0.3201,0.1869,0.0164,-0.1135,0.0373,-0.0220,0.0088,-0.0080,0.0418,-0.0023,0.3333,0.0000,1.0000,0.0000,-0.3777,0.8510,-2.5557,2.5571,-9.5963,-4.3956,-0.1078,0.0024,-0.2419,0.1427,-0.1077,0.0024
1786060637.2547,-3.6248,-3.4480,-2.4389,2.4993,-3.6248,-3.4479,0.0163,-0.1135,-0.3201,0.1869,0.0164,-0.1135,0.0373,-0.0220,0.0084,-0.0078,0.0418,-0.0023,0.3333,0.0000,1.0000,0.0000,-0.3777,0.8510,-2.5557,2.5571,-9.5963,-4.3956,-0.1078,0.0024,-0.2419,0.1427,-0.1077,0.0024
1786060637.3046,-3.6248,-3.4480,-2.4926,2.5266,-3.6248,-3.4479,0.0163,-0.1135,-0.3982,0.2198,0.0164,-0.1135,0.0373,-0.0220,0.0146,-0.0106,0.0418,-0.0023,0.3333,0.0000,1.0000,0.0000,-0.3884,0.8511,-2.5800,2.5712,-9.6070,-4.3955,-0.1067,-0.0026,-0.2437,0.1390,-0.1068,-0.0026
1786060637.3546,-3.6248,-3.4480,-2.4926,2.5266,-3.6248,-3.4479,0.0163,-0.1135,-0.3982,0.2198,0.0164,-0.1135,0.0373,-0.0220,0.0145,-0.0106,0.0418,-0.0023,0.3333,0.0000,1.0000,0.0000,-0.3884,0.8511,-2.5800,2.5712,-9.6070,-4.3955,-0.1067,-0.0026,-0.2437,0.1390,-0.1068,-0.0026
1786060637.4047,-3.6248,-3.4480,-2.5356,2.5491,-3.6248,-3.4479,0.0163,-0.1135,-0.4084,0.2213,0.0164,-0.1135,0.0373,-0.0220,0.0148,-0.0105,0.0418,-0.0023,0.3333,0.0000,1.0000,0.0000,-0.3991,0.8503,-2.6045,2.5846,-9.6177,-4.3963,-0.1070,-0.0126,-0.2453,0.1287,-0.1072,-0.0126
1786060637.4546,-3.6248,-3.4480,-2.5356,2.5491,-3.6248,-3.4479,0.0163,-0.1135,-0.4084,0.2213,0.0164,-0.1135,0.0373,-0.0220,0.0148,-0.0105,0.0418,-0.0023,0.3333,0.0000,1.0000,0.0000,-0.3991,0.8503,-2.6045,2.5846,-9.6177,-4.3963,-0.1070,-0.0126,-0.2453,0.1287,-0.1072,-0.0126
1786060637.5047,-3.6248,-3.4480,-2.5593,2.5612,-3.6248,-3.4479,0.0163,-0.1135,-0.3551,0.1902,0.0164,-0.1135,0.0373,-0.0220,0.0118,-0.0093,0.0418,-0.0023,0.3333,0.0000,1.0000,0.0000,-0.4099,0.8487,-2.6291,2.5971,-9.6285,-4.3979,-0.1084,-0.0166,-0.2469,0.1242,-0.1086,-0.0165
1786060637.5547,-3.6248,-3.4480,-2.5593,2.5612,-3.6248,-3.4479,0.0163,-0.1135,-0.3551,0.1902,0.0164,-0.1135,0.0373,-0.0220,0.0118,-0.0093,0.0418,-0.0023,0.3333,0.0000,1.0000,0.0000,-0.4099,0.8487,-2.6291,2.5971,-9.6285,-4.3979,-0.1084,-0.0166,-0.2469,0.1242,-0.1086,-0.0165
1786060637.6046,-3.6248,-3.4480,-2.5694,2.5662,-3.6248,-3.4479,0.0163,-0.1135,-0.2722,0.1445,0.0164,-0.1135,0.0373,-0.0220,-0.0006,-0.0036,0.0418,-0.0023,0.3333,0.0000,1.0000,0.0000,-0.4208,0.8473,-2.6539,2.6098,-9.6394,-4.3992,-0.1092,-0.0100,-0.2483,0.1314,-0.1095,-0.0099
1786060637.6546,-3.6248,-3.4480,-2.5694,2.5662,-3.6248,-3.4479,0.0163,-0.1135,-0.2722,0.1445,0.0164,-0.1135,0.0373,-0.0220,-0.0003,-0.0038,0.0418,-0.0023,0.3333,0.0000,1.0000,0.0000,-0.4208,0.8473,-2.6539,2.6098,-9.6394,-4.3992,-0.1092,-0.0100,-0.2483,0.1314,-0.1095,-0.0099
1786060637.7048,-3.6248,-3.4480,-2.5697,2.5660,-3.6248,-3.4479,0.0163,-0.1135,-0.1892,0.0995,0.0164,-0.1135,0.0373,-0.0220,-0.0139,0.0015,0.0418,-0.0023,0.3333,0.0000,1.0000,0.0000,-0.4316,0.8469,-2.6787,2.6236,-9.6503,-4.3997,-0.1084,-0.0003,-0.2485,0.1424,-0.1088,-0.0002
1786060637.7546,-3.6248,-3.4480,-2.5697,2.5660,-3.6248,-3.4479,0.0163,-0.1135,-0.1892,0.0995,0.0164,-0.1135,0.0373,-0.0220,-0.0137,0.0014,0.0418,-0.0023,0.3333,0.0000,1.0000,0.0000,-0.4316,0.8469,-2.6787,2.6236,-9.6503,-4.3997,-0.1084,-0.0003,-0.2485,0.1424,-0.1088,-0.0002
1786060637.8047,-3.6248,-3.4480,-2.5936,2.5836,-3.6248,-3.4479,0.0163,-0.1135,-0.2052,0.1235,0.0164,-0.1135,0.0373,-0.0220,-0.0098,0.0019,0.0418,-0.0023,0.3333,0.0000,1.0000,0.0000,-0.4424,0.8471,-2.7035,2.6381,-9.6611,-4.3995,-0.1069,0.0017,-0.2477,0.1452,-0.1074,0.0018
1786060637.8546,-3.6248,-3.4480,-2.5936,2.5836,-3.6248,-3.4479,0.0163,-0.1135,-0.2052,0.1235,0.0164,-0.1135,0.0373,-0.0220,-0.0099,0.0020,0.0418,-0.0023,0.3333,0.0000,1.0000,0.0000,-0.4424,0.8471,-2.7035,2.6381,-9.6611,-4.3995,-0.1069,0.0017,-0.2477,0.1452,-0.1074,0.0018
1786060637.9047,-3.6248,-3.4480,-2.6218,2.6015,-3.6248,-3.4479,0.0163,-0.1135,-0.2292,0.1408,0.0164,-0.1135,0.0373,-0.0220,-0.0056,0.0002,0.0418,-0.0023,0.3333,0.0000,1.0000,0.0000,-0.4530,0.8469,-2.7282,2.6522,-9.6718,-4.3997,-0.1062,-0.0063,-0.2466,0.1367,-0.1069,-0.0062
1786060637.9546,-3.6248,-3.4480,-2.6218,2.6015,-3.6248,-3.4479,0.0163,-0.1135,-0.2292,0.1408,0.0164,-0.1135,0.0373,-0.0220,-0.0057,0.0002,0.0418,-0.0023,0.3333,0.0000,1.0000,0.0000,-0.4530,0.8469,-2.7282,2.6522,-9.6718,-4.3997,-0.1062,-0.0063,-0.2466,0.1367,-0.1069,-0.0062
1786060638.0047,-3.6248,-3.4480,-2.6252,2.6001,-3.6248,-3.4479,0.0163,-0.1135,-0.1684,0.0924,0.0164,-0.1135,0.0373,-0.0220,-0.0157,0.0027,0.0418,-0.0023,0.3333,0.0000,1.0000,0.0000,-0.4637,0.8457,-2.7529,2.6653,-9.6826,-4.4008,-0.1071,-0.0153,-0.2463,0.1260,-0.1078,-0.0152
1786060638.0547,-3.6248,-3.4480,-2.6252,2.6001,-3.6248,-3.4479,0.0163,-0.1135,-0.1684,0.0924,0.0164,-0.1135,0.0373,-0.0220,-0.0156,0.0026,0.0418,-0.0023,0.3333,0.0000,1.0000,0.0000,-0.4637,0.8457,-2.7529,2.6653,-9.6826,-4.4008,-0.1071,-0.0153,-0.2463,0.1260,-0.1078,-0.0152
1786060638.1047,-3.6248,-3.4480,-2.6416,2.6043,-3.6248,-3.4479,0.0163,-0.1135,-0.1674,0.0771,0.0164,-0.1135,0.0373,-0.0220,-0.0171,0.0000,0.0418,-0.0023,0.3333,0.0000,1.0000,0.0000,-0.4745,0.8441,-2.7775,2.6777,-9.6934,-4.4025,-0.1084,-0.0153,-0.2463,0.1241,-0.1092,-0.0152
1786060638.1547,-3.6248,-3.4480,-2.6416,2.6043,-3.6248,-3.4479,0.0163,-0.1135,-0.1674,0.0771,0.0164,-0.1135,0.0373,-0.0220,-0.0171,-0.0001,0.0418,-0.0023,0.3333,0.0000,1.0000,0.0000,-0.4745,0.8441,-2.7775,2.6777,-9.6934,-4.4025,-0.1084,-0.0153,-0.2463,0.1241,-0.1092,-0.0152
1786060638.2047,-3.6248,-3.4480,-2.6503,2.6058,-3.6248,-3.4479,0.0163,-0.1135,-0.1429,0.0578,0.0164,-0.1135,0.0373,-0.0220,-0.0197,-0.0029,0.0418,-0.0023,0.3333,0.0000,1.0000,0.0000,-0.4853,0.8430,-2.8021,2.6905,-9.7044,-4.4035,-0.1086,-0.0063,-0.2455,0.1318,-0.1095,-0.0062
1786060638.2546,-3.6248,-3.4480,-2.6503,2.6058,-3.6248,-3.4479,0.0163,-0.1135,-0.1429,0.0578,0.0164,-0.1135,0.0373,-0.0220,-0.0197,-0.0030,0.0418,-0.0023,0.3333,0.0000,1.0000,0.0000,-0.4853,0.8430,-2.8021,2.6905,-9.7044,-4.4035,-0.1086,-0.0063,-0.2455,0.1318,-0.1095,-0.0062
1786060638.3046,-3.6248,-3.4480,-2.6934,2.6290,-3.6248,-3.4479,0.0163,-0.1135,-0.2327,0.1125,0.0164,-0.1135,0.0373,-0.0220,-0.0078,-0.0015,0.0418,-0.0023,0.3333,0.0000,1.0000,0.0000,-0.4961,0.8429,-2.8266,2.7041,-9.7153,-4.4036,-0.1074,0.0017,-0.2442,0.1400,-0.1084,0.0018
1786060638.3547,-3.6248,-3.4480,-2.6934,2.6290,-3.6248,-3.4479,0.0163,-0.1135,-0.2327,0.1125,0.0164,-0.1135,0.0373,-0.0220,-0.0080,-0.0013,0.0418,-0.0023,0.3333,0.0000,1.0000,0.0000,-0.4961,0.8429,-2.8266,2.7041,-9.7153,-4.4036,-0.1074,0.0017,-0.2442,0.1400,-0.1084,0.0018
1786060638.4046,-3.6248,-3.4480,-2.7224,2.6451,-3.6248,-3.4479,0.0163,-0.1135,-0.2441,0.1241,0.0164,-0.1135,0.0373,-0.0220,-0.0055,-0.0017,0.0418,-0.0023,0.3333,0.0000,1.0000,0.0000,-0.5068,0.8430,-2.8509,2.7182,-9.7260,-4.4035,-0.1061,-0.0004,-0.2434,0.1391,-0.1072,-0.0002
1786060638.4546,-3.6248,-3.4480,-2.7224,2.6451,-3.6248,-3.4479,0.0163,-0.1135,-0.2441,0.1241,0.0164,-0.1135,0.0373,-0.0220,-0.0056,-0.0016,0.0418,-0.0023,0.3333,0.0000,1.0000,0.0000,-0.5068,0.8430,-2.8509,2.7182,-9.7260,-4.4035,-0.1061,-0.0004,-0.2434,0.1391,-0.1072,-0.0002
1786060638.5046,-3.6248,-3.4480,-2.7370,2.6534,-3.6248,-3.4479,0.0163,-0.1135,-0.2144,0.1120,0.0164,-0.1135,0.0373,-0.0220,-0.0102,0.0005,0.0418,-0.0023,0.3333,0.0000,1.0000,0.0000,-0.5174,0.8425,-2.8753,2.7317,-9.7367,-4.4040,-0.1061,-0.0101,-0.2443,0.1310,-0.1072,-0.0099
1786060638.5546,-3.6248,-3.4480,-2.7370,2.6534,-3.6248,-3.4479,0.0163,-0.1135,-0.2144,0.1120,0.0164,-0.1135,0.0373,-0.0220,-0.0101,0.0004,0.0418,-0.0023,0.3333,0.0000,1.0000,0.0000,-0.5174,0.8425,-2.8753,2.7317,-9.7367,-4.4040,-0.1061,-0.0101,-0.2443,0.1310,-0.1072,-0.0099
1786060638.6047,-3.6248,-3.4480,-2.7434,2.6574,-3.6248,-3.4479,0.0163,-0.1135,-0.1668,0.0889,0.0164,-0.1135,0.0373,-0.0220,-0.0160,0.0025,0.0418,-0.0023,0.3333,0.0000,1.0000,0.0000,-0.5281,0.8410,-2.8999,2.7444,-9.7475,-4.4054,-0.1073,-0.0167,-0.2467,0.1259,-0.1084,-0.0165
1786060638.6546,-3.6248,-3.4480,-2.7434,2.6574,-3.6248,-3.4479,0.0163,-0.1135,-0.1668,0.0889,0.0164,-0.1135,0.0373,-0.0220,-0.0159,0.0024,0.0418,-0.0023,0.3333,0.0000,1.0000,0.0000,-0.5281,0.8410,-2.8999,2.7444,-9.7475,-4.4054,-0.1073,-0.0167,-0.2467,0.1259,-0.1084,-0.0165
1786060638.7046,-3.6248,-3.4480,-2.7688,2.6767,-3.6248,-3.4479,0.0163,-0.1135,-0.1938,0.1215,0.0164,-0.1135,0.0373,-0.0220,-0.0107,0.0033,0.0418,-0.0023,0.3333,0.0000,1.0000,0.0000,-0.5389,0.8395,-2.9247,2.7572,-9.7584,-4.4070,-0.1084,-0.0127,-0.2493,0.1314,-0.1096,-0.0125
1786060638.7546,-3.6248,-3.4480,-2.7688,2.6767,-3.6248,-3.4479,0.0163,-0.1135,-0.1938,0.1215,0.0164,-0.1135,0.0373,-0.0220,-0.0108,0.0034,0.0418,-0.0023,0.3333,0.0000,1.0000,0.0000,-0.5389,0.8395,-2.9247,2.7572,-9.7584,-4.4070,-0.1084,-0.0127,-0.2493,0.1314,-0.1096,-0.0125
1786060638.8045,-3.6248,-3.4480,-2.7866,2.6866,-3.6248,-3.4479,0.0163,-0.1135,-0.1889,0.1145,0.0164,-0.1135,0.0373,-0.0220,-0.0119,0.0034,0.0418,-0.0023,0.3333,0.0000,1.0000,0.0000,-0.5497,0.8388,-2.9497,2.7710,-9.7694,-4.4077,-0.1080,-0.0027,-0.2509,0.1430,-0.1092,-0.0025
1786060638.8546,-3.6248,-3.4480,-2.7866,2.6866,-3.6248,-3.4479,0.0163,-0.1135,-0.1889,0.1145,0.0164,-0.1135,0.0373,-0.0220,-0.0119,0.0034,0.0418,-0.0023,0.3333,0.0000,1.0000,0.0000,-0.5497,0.8388,-2.9497,2.7710,-9.7694,-4.4077,-0.1080,-0.0027,-0.2509,0.1430,-0.1092,-0.0025
1786060638.9046,-3.6248,-3.4480,-2.8011,2.6915,-3.6248,-3.4479,0.0163,-0.1135,-0.1758,0.0946,0.0164,-0.1135,0.0373,-0.0220,-0.0149,0.0025,0.0418,-0.0023,0.3333,0.0000,1.0000,0.0000,-0.5604,0.8389,-2.9748,2.7858,-9.7802,-4.4076,-0.1066,0.0022,-0.2512,0.1494,-0.1079,0.0024
1786060638.9546,-3.6248,-3.4480,-2.8011,2.6915,-3.6248,-3.4479,0.0163,-0.1135,-0.1758,0.0946,0.0164,-0.1135,0.0373,-0.0220,-0.0148,0.0025,0.0418,-0.0023,0.3333,0.0000,1.0000,0.0000,-0.5604,0.8389,-2.9748,2.7858,-9.7802,-4.4076,-0.1066,0.0022,-0.2512,0.1494,-0.1079,0.0024
1786060639.0048,-3.6248,-3.4480,-2.8011,2.6915,-3.6248,-3.4479,0.0163,-0.1135,-0.1758,0.0946,0.0164,-0.1135,0.0373,-0.0220,-0.0148,0.0025,0.0418,-0.0023,0.3333,0.0000,0.0000,0.0000,-0.5710,0.8388,-2.9999,2.8005,-9.7910,-4.4075,-0.1056,-0.0035,-0.2509,0.1441,-0.1070,-0.0033
1786060639.0547,-3.6248,-3.4480,-2.8011,2.6915,-3.6248,-3.4479,0.0163,-0.1135,-0.1758,0.0946,0.0164,-0.1135,0.0373,-0.0220,-0.0148,0.0025,0.0418,-0.0023,0.3333,0.0000,0.0000,0.0000,-0.5710,0.8388,-2.9999,2.8005,-9.7910,-4.4075,-0.1056,-0.0035,-0.2509,0.1441,-0.1070,-0.0033
1786060639.1047,-3.6248,-3.4480,-2.8011,2.6915,-3.6248,-3.4479,0.0163,-0.1135,-0.1758,0.0946,0.0164,-0.1135,0.0373,-0.0220,-0.0148,0.0025,0.0418,-0.0023,0.3333,0.0000,0.0000,0.0000,-0.5816,0.8379,-3.0250,2.8143,-9.8017,-4.4084,-0.1061,-0.0134,-0.2505,0.1332,-0.1075,-0.0133
1786060639.1546,-3.6248,-3.4480,-2.8011,2.6915,-3.6248,-3.4479,0.0163,-0.1135,-0.1758,0.0946,0.0164,-0.1135,0.0373,-0.0220,-0.0148,0.0025,0.0418,-0.0023,0.3333,0.0000,0.0000,0.0000,-0.5816,0.8379,-3.0250,2.8143,-9.8017,-4.4084,-0.1061,-0.0134,-0.2505,0.1332,-0.1075,-0.0133
1786060639.2047,-3.6248,-3.4480,-2.9406,2.7732,-3.6248,-3.4479,0.0163,-0.1135,-0.4552,0.2663,0.0164,-0.1135,0.0373,-0.0220,0.0132,-0.0093,0.0418,-0.0023,0.3333,0.0000,1.0000,0.0000,-0.5923,0.8363,-3.0500,2.8273,-9.8125,-4.4100,-0.1075,-0.0165,-0.2504,0.1283,-0.1090,-0.0163
1786060639.2546,-3.6248,-3.4480,-2.9406,2.7732,-3.6248,-3.4479,0.0163,-0.1135,-0.4552,0.2663,0.0164,-0.1135,0.0373,-0.0220,0.0134,-0.0095,0.0418,-0.0023,0.3333,0.0000,1.0000,0.0000,-0.5923,0.8363,-3.0500,2.8273,-9.8125,-4.4100,-0.1075,-0.0165,-0.2504,0.1283,-0.1090,-0.0163
1786060639.3046,-3.6248,-3.4480,-2.9751,2.7939,-3.6248,-3.4479,0.0163,-0.1135,-0.4204,0.2475,0.0164,-0.1135,0.0373,-0.0220,0.0147,-0.0103,0.0418,-0.0023,0.3333,0.0000,1.0000,0.0000,-0.6031,0.8350,-3.0750,2.8404,-9.8235,-4.4113,-0.1082,-0.0093,-0.2498,0.1339,-0.1097,-0.0091
1786060639.3546,-3.6248,-3.4480,-2.9751,2.7939,-3.6248,-3.4479,0.0163,-0.1135,-0.4204,0.2475,0.0164,-0.1135,0.0373,-0.0220,0.0147,-0.0103,0.0418,-0.0023,0.3333,0.0000,1.0000,0.0000,-0.6031,0.8350,-3.0750,2.8404,-9.8235,-4.4113,-0.1082,-0.0093,-0.2498,0.1339,-0.1097,-0.0091
1786060639.4047,-3.6248,-3.4480,-2.9979,2.8040,-3.6248,-3.4479,0.0163,-0.1135,-0.3585,0.2003,0.0164,-0.1135,0.0373,-0.0220,0.0125,-0.0093,0.0418,-0.0023,0.3333,0.0000,1.0000,0.0000,-0.6139,0.8346,-3.0999,2.8542,-9.8344,-4.4117,-0.1073,0.0002,-0.2477,0.1417,-0.1088,0.0004
1786060639.4546,-3.6248,-3.4480,-2.9979,2.8040,-3.6248,-3.4479,0.0163,-0.1135,-0.3585,0.2003,0.0164,-0.1135,0.0373,-0.0220,0.0125,-0.0093,0.0418,-0.0023,0.3333,0.0000,1.0000,0.0000,-0.6139,0.8346,-3.0999,2.8542,-9.8344,-4.4117,-0.1073,0.0002,-0.2477,0.1417,-0.1088,0.0004
1786060639.5046,-3.6248,-3.4480,-3.0072,2.8075,-3.6248,-3.4479,0.0163,-0.1135,-0.2731,0.1471,0.0164,-0.1135,0.0373,-0.0220,-0.0001,-0.0032,0.0418,-0.0023,0.3333,0.0000,1.0000,0.0000,-0.6245,0.8348,-3.1245,2.8684,-9.8452,-4.4115,-0.1059,0.0013,-0.2449,0.1408,-0.1074,0.0015
1786060639.5546,-3.6248,-3.4480,-3.0072,2.8075,-3.6248,-3.4479,0.0163,-0.1135,-0.2731,0.1471,0.0164,-0.1135,0.0373,-0.0220,0.0003,-0.0034,0.0418,-0.0023,0.3333,0.0000,1.0000,0.0000,-0.6245,0.8348,-3.1245,2.8684,-9.8452,-4.4115,-0.1059,0.0013,-0.2449,0.1408,-0.1074,0.0015
1786060639.6047,-3.6248,-3.4480,-3.0103,2.8063,-3.6248,-3.4479,0.0163,-0.1135,-0.1970,0.0970,0.0164,-0.1135,0.0373,-0.0220,-0.0133,0.0011,0.0418,-0.0023,0.3333,0.0000,1.0000,0.0000,-0.6351,0.8345,-3.1489,2.8820,-9.8559,-4.4118,-0.1055,-0.0072,-0.2431,0.1304,-0.1070,-0.0070
1786060639.6547,-3.6248,-3.4480,-3.0103,2.8063,-3.6248,-3.4479,0.0163,-0.1135,-0.1970,0.0970,0.0164,-0.1135,0.0373,-0.0220,-0.0130,0.0009,0.0418,-0.0023,0.3333,0.0000,1.0000,0.0000,-0.6351,0.8345,-3.1489,2.8820,-9.8559,-4.4118,-0.1055,-0.0072,-0.2431,0.1304,-0.1070,-0.0070
1786060639.7045,-3.6248,-3.4480,-3.0236,2.8097,-3.6248,-3.4479,0.0163,-0.1135,-0.1769,0.0772,0.0164,-0.1135,0.0373,-0.0220,-0.0163,-0.0002,0.0418,-0.0023,0.3333,0.0000,1.0000,0.0000,-0.6457,0.8333,-3.1732,2.8944,-9.8666,-4.4130,-0.1065,-0.0158,-0.2437,0.1208,-0.1080,-0.0156
1786060639.7546,-3.6248,-3.4480,-3.0236,2.8097,-3.6248,-3.4479,0.0163,-0.1135,-0.1769,0.0772,0.0164,-0.1135,0.0373,-0.0220,-0.0163,-0.0002,0.0418,-0.0023,0.3333,0.0000,1.0000,0.0000,-0.6457,0.8333,-3.1732,2.8944,-9.8666,-4.4130,-0.1065,-0.0158,-0.2437,0.1208,-0.1080,-0.0156
1786060639.8046,-3.6248,-3.4480,-3.0295,2.8105,-3.6248,-3.4479,0.0163,-0.1135,-0.1413,0.0561,0.0164,-0.1135,0.0373,-0.0220,-0.0196,-0.0025,0.0418,-0.0023,0.3333,0.0000,1.0000,0.0000,-0.6564,0.8316,-3.1977,2.9065,-9.8775,-4.4146,-0.1079,-0.0149,-0.2460,0.1220,-0.1094,-0.0147
1786060639.8546,-3.6248,-3.4480,-3.0295,2.8105,-3.6248,-3.4479,0.0163,-0.1135,-0.1413,0.0561,0.0164,-0.1135,0.0373,-0.0220,-0.0196,-0.0027,0.0418,-0.0023,0.3333,0.0000,1.0000,0.0000,-0.6564,0.8316,-3.1977,2.9065,-9.8775,-4.4146,-0.1079,-0.0149,-0.2460,0.1220,-0.1094,-0.0147
1786060639.9046,-3.6248,-3.4480,-3.0743,2.8170,-3.6248,-3.4479,0.0163,-0.1135,-0.2371,0.0590,0.0164,-0.1135,0.0373,-0.0220,-0.0103,-0.0060,0.0418,-0.0023,0.3333,0.0000,1.0000,0.0000,-0.6672,0.8306,-3.2224,2.9192,-9.8885,-4.4156,-0.1080,-0.0055,-0.2480,0.1326,-0.1095,-0.0053
1786060639.9546,-3.6248,-3.4480,-3.0743,2.8170,-3.6248,-3.4479,0.0163,-0.1135,-0.2371,0.0590,0.0164,-0.1135,0.0373,-0.0220,-0.0105,-0.0060,0.0418,-0.0023,0.3333,0.0000,1.0000,0.0000,-0.6672,0.8306,-3.2224,2.9192,-9.8885,-4.4156,-0.1080,-0.0055,-0.2480,0.1326,-0.1095,-0.0053
1786060640.0047,-3.6248,-3.4480,-3.1031,2.8206,-3.6248,-3.4479,0.0163,-0.1135,-0.2533,0.0520,0.0164,-0.1135,0.0373,-0.0220,-0.0082,-0.0070,0.0418,-0.0023,0.3333,0.0000,1.0000,0.0000,-0.6779,0.8306,-3.2473,2.9330,-9.8994,-4.4156,-0.1068,0.0019,-0.2484,0.1411,-0.1083,0.0021
1786060640.0546,-3.6248,-3.4480,-3.1031,2.8206,-3.6248,-3.4479,0.0163,-0.1135,-0.2533,0.0520,0.0164,-0.1135,0.0373,-0.0220,-0.0082,-0.0070,0.0418,-0.0023,0.3333,0.0000,1.0000,0.0000,-0.6779,0.8306,-3.2473,2.9330,-9.8994,-4.4156,-0.1068,0.0019,-0.2484,0.1411,-0.1083,0.0021
1786060640.1047,-3.6248,-3.4480,-3.1578,2.8733,-3.6248,-3.4479,0.0163,-0.1135,-0.3451,0.2003,0.0164,-0.1135,0.0373,-0.0220,0.0119,-0.0088,0.0418,-0.0023,0.3333,0.0000,1.0000,0.0000,-0.6886,0.8307,-3.2721,2.9471,-9.9101,-4.4155,-0.1056,-0.0010,-0.2482,0.1385,-0.1071,-0.0008
1786060640.1547,-3.6248,-3.4480,-3.1578,2.8733,-3.6248,-3.4479,0.0163,-0.1135,-0.3451,0.2003,0.0164,-0.1135,0.0373,-0.0220,0.0116,-0.0087,0.0418,-0.0023,0.3333,0.0000,1.0000,0.0000,-0.6886,0.8307,-3.2721,2.9471,-9.9101,-4.4155,-0.1056,-0.0010,-0.2482,0.1385,-0.1071,-0.0008
1786060640.2047,-3.6248,-3.4480,-3.1917,2.9026,-3.6248,-3.4479,0.0163,-0.1135,-0.3440,0.2297,0.0164,-0.1135,0.0373,-0.0220,0.0126,-0.0095,0.0418,-0.0023,0.3333,0.0000,1.0000,0.0000,-0.6991,0.8301,-3.2970,2.9604,-9.9208,-4.4161,-0.1057,-0.0109,-0.2488,0.1283,-0.1072,-0.0107
1786060640.2546,-3.6248,-3.4480,-3.1917,2.9026,-3.6248,-3.4479,0.0163,-0.1135,-0.3440,0.2297,0.0164,-0.1135,0.0373,-0.0220,0.0126,-0.0094,0.0418,-0.0023,0.3333,0.0000,1.0000,0.0000,-0.6991,0.8301,-3.2970,2.9604,-9.9208,-4.4161,-0.1057,-0.0109,-0.2488,0.1283,-0.1072,-0.0107
1786060640.3047,-3.6248,-3.4480,-3.2100,2.9201,-3.6248,-3.4479,0.0163,-0.1135,-0.2922,0.2114,0.0164,-0.1135,0.0373,-0.0220,0.0075,-0.0061,0.0418,-0.0023,0.3333,0.0000,1.0000,0.0000,-0.7097,0.8286,-3.3219,2.9728,-9.9316,-4.4176,-0.1071,-0.0168,-0.2503,0.1218,-0.1085,-0.0166
1786060640.3547,-3.6248,-3.4480,-3.2100,2.9201,-3.6248,-3.4479,0.0163,-0.1135,-0.2922,0.2114,0.0164,-0.1135,0.0373,-0.0220,0.0076,-0.0061,0.0418,-0.0023,0.3333,0.0000,1.0000,0.0000,-0.7097,0.8286,-3.3219,2.9728,-9.9316,-4.4176,-0.1071,-0.0168,-0.2503,0.1218,-0.1085,-0.0166
1786060640.4046,-3.6248,-3.4480,-3.2266,2.9302,-3.6248,-3.4479,0.0163,-0.1135,-0.2535,0.1774,0.0164,-0.1135,0.0373,-0.0220,0.0007,-0.0015,0.0418,-0.0023,0.3333,0.0000,1.0000,0.0000,-0.7205,0.8271,-3.3470,2.9851,-9.9425,-4.4190,-0.1082,-0.0120,-0.2513,0.1259,-0.1096,-0.0118
1786060640.4546,-3.6248,-3.4480,-3.2266,2.9302,-3.6248,-3.4479,0.0163,-0.1135,-0.2535,0.1774,0.0164,-0.1135,0.0373,-0.0220,0.0009,-0.0017,0.0418,-0.0023,0.3333,0.0000,1.0000,0.0000,-0.7205,0.8271,-3.3470,2.9851,-9.9425,-4.4190,-0.1082,-0.0120,-0.2513,0.1259,-0.1096,-0.0118
1786060640.5047,-3.6248,-3.4480,-3.2335,2.9338,-3.6248,-3.4479,0.0163,-0.1135,-0.1961,0.1335,0.0164,-0.1135,0.0373,-0.0220,-0.0091,0.0045,0.0418,-0.0023,0.3333,0.0000,1.0000,0.0000,-0.7313,0.8264,-3.3721,2.9983,-9.9535,-4.4197,-0.1078,-0.0019,-0.2507,0.1354,-0.1091,-0.0018
1786060640.5547,-3.6248,-3.4480,-3.2335,2.9338,-3.6248,-3.4479,0.0163,-0.1135,-0.1961,0.1335,0.0164,-0.1135,0.0373,-0.0220,-0.0089,0.0044,0.0418,-0.0023,0.3333,0.0000,1.0000,0.0000,-0.7313,0.8264,-3.3721,2.9983,-9.9535,-4.4197,-0.1078,-0.0019,-0.2507,0.1354,-0.1091,-0.0018
1786060640.6047,-3.6248,-3.4480,-3.3047,2.9016,-3.6248,-3.4479,0.0163,-0.1135,-0.3580,-0.0082,0.0164,-0.1135,0.0373,-0.0220,0.0100,-0.0083,0.0418,-0.0023,0.3333,0.0000,1.0000,0.0000,-0.7420,0.8265,-3.3971,3.0121,-9.9643,-4.4195,-0.1064,0.0022,-0.2498,0.1393,-0.1077,0.0024
1786060640.6546,-3.6248,-3.4480,-3.3047,2.9016,-3.6248,-3.4479,0.0163,-0.1135,-0.3580,-0.0082,0.0164,-0.1135,0.0373,-0.0220,0.0096,-0.0084,0.0418,-0.0023,0.3333,0.0000,1.0000,0.0000,-0.7420,0.8265,-3.3971,3.0121,-9.9643,-4.4195,-0.1064,0.0022,-0.2498,0.1393,-0.1077,0.0024
1786060640.7046,-3.6248,-3.4480,-3.3515,2.8769,-3.6248,-3.4479,0.0163,-0.1135,-0.3928,-0.0830,0.0164,-0.1135,0.0373,-0.0220,0.0163,-0.0059,0.0418,-0.0023,0.3333,0.0000,1.0000,0.0000,-0.7526,0.8265,-3.4221,3.0258,-9.9750,-4.4196,-0.1056,-0.0043,-0.2501,0.1331,-0.1069,-0.0041
1786060640.7546,-3.6248,-3.4480,-3.3515,2.8769,-3.6248,-3.4479,0.0163,-0.1135,-0.3928,-0.0830,0.0164,-0.1135,0.0373,-0.0220,0.0162,-0.0060,0.0418,-0.0023,0.3333,0.0000,1.0000,0.0000,-0.7526,0.8265,-3.4221,3.0258,-9.9750,-4.4196,-0.1056,-0.0043,-0.2501,0.1331,-0.1069,-0.0041
1786060640.8046,-3.6248,-3.4480,-3.3783,2.8597,-3.6248,-3.4479,0.0163,-0.1135,-0.3546,-0.1109,0.0164,-0.1135,0.0373,-0.0220,0.0139,-0.0069,0.0418,-0.0023,0.3333,0.0000,1.0000,0.0000,-0.7632,0.8255,-3.4472,3.0385,-9.9857,-4.4205,-0.1062,-0.0140,-0.2515,0.1231,-0.1075,-0.0139
1786060640.8546,-3.6248,-3.4480,-3.3783,2.8597,-3.6248,-3.4479,0.0163,-0.1135,-0.3546,-0.1109,0.0164,-0.1135,0.0373,-0.0220,0.0140,-0.0069,0.0418,-0.0023,0.3333,0.0000,1.0000,0.0000,-0.7632,0.8255,-3.4472,3.0385,-9.9857,-4.4205,-0.1062,-0.0140,-0.2515,0.1231,-0.1075,-0.0139
1786060640.9047,-3.6248,-3.4480,-3.3729,2.8847,-3.6248,-3.4479,0.0163,-0.1135,-0.2285,0.0016,0.0164,-0.1135,0.0373,-0.0220,-0.0116,-0.0128,0.0418,-0.0023,0.3333,0.0000,1.0000,0.0000,-0.7739,0.8239,-3.4724,3.0505,-9.9966,-4.4221,-0.1078,-0.0162,-0.2525,0.1193,-0.1089,-0.0160
1786060640.9546,-3.6248,-3.4480,-3.3729,2.8847,-3.6248,-3.4479,0.0163,-0.1135,-0.2285,0.0016,0.0164,-0.1135,0.0373,-0.0220,-0.0110,-0.0127,0.0418,-0.0023,0.3333,0.0000,1.0000,0.0000,-0.7739,0.8239,-3.4724,3.0505,-9.9966,-4.4221,-0.1078,-0.0162,-0.2525,0.1193,-0.1089,-0.0160
1786060641.0047,-3.6248,-3.4480,-3.3635,2.9047,-3.6248,-3.4479,0.0163,-0.1135,-0.1220,0.0634,0.0164,-0.1135,0.0373,-0.0220,-0.0186,0.0023,0.0418,-0.0023,0.3333,0.0000,1.0000,0.0000,-0.7847,0.8226,-3.4976,3.0627,-10.0075,-4.4234,-0.1084,-0.0083,-0.2516,0.1251,-0.1095,-0.0082
1786060641.0547,-3.6248,-3.4480,-3.3635,2.9047,-3.6248,-3.4479,0.0163,-0.1135,-0.1220,0.0634,0.0164,-0.1135,0.0373,-0.0220,-0.0184,0.0029,0.0418,-0.0023,0.3333,0.0000,1.0000,0.0000,-0.7847,0.8226,-3.4976,3.0627,-10.0075,-4.4234,-0.1084,-0.0083,-0.2516,0.1251,-0.1095,-0.0082
1786060641.1047,-3.6248,-3.4480,-3.3635,2.9047,-3.6248,-3.4479,0.0163,-0.1135,-0.1220,0.0634,0.0164,-0.1135,0.0373,-0.0220,-0.0183,0.0030,0.0418,-0.0023,0.3333,0.0000,0.0000,0.0000,-0.7955,0.8223,-3.5227,3.0757,-10.0184,-4.4237,-0.1075,0.0008,-0.2527,0.1352,-0.1085,0.0009
1786060641.1549,-3.6248,-3.4480,-3.3635,2.9047,-3.6248,-3.4479,0.0163,-0.1135,-0.1220,0.0634,0.0164,-0.1135,0.0373,-0.0220,-0.0183,0.0030,0.0418,-0.0023,0.3333,0.0000,0.0000,0.0000,-0.7955,0.8223,-3.5227,3.0757,-10.0184,-4.4237,-0.1075,0.0008,-0.2527,0.1352,-0.1085,0.0009
1786060641.2047,-3.6248,-3.4480,-3.3635,2.9047,-3.6248,-3.4479,0.0163,-0.1135,-0.1220,0.0634,0.0164,-0.1135,0.0373,-0.0220,-0.0183,0.0030,0.0418,-0.0023,0.3333,0.0000,0.0000,0.0000,-0.8062,0.8225,-3.5489,3.0899,-10.0292,-4.4235,-0.1062,0.0009,-0.2711,0.1463,-0.1072,0.0010
1786060641.2546,-3.6248,-3.4480,-3.3635,2.9047,-3.6248,-3.4479,0.0163,-0.1135,-0.1220,0.0634,0.0164,-0.1135,0.0373,-0.0220,-0.0183,0.0030,0.0418,-0.0023,0.3333,0.0000,0.0000,0.0000,-0.8062,0.8225,-3.5489,3.0899,-10.0292,-4.4235,-0.1062,0.0009,-0.2711,0.1463,-0.1072,0.0010
1786060641.3048,-3.6248,-3.4480,-3.3635,2.9047,-3.6248,-3.4479,0.0163,-0.1135,-0.1220,0.0634,0.0164,-0.1135,0.0373,-0.0220,-0.0183,0.0030,0.0418,-0.0023,0.3333,0.0000,0.0000,0.0000,-0.8168,0.8222,-3.5773,3.1049,-10.0399,-4.4238,-0.1059,-0.0080,-0.2944,0.1506,-0.1069,-0.0079
1786060641.3547,-3.6248,-3.4480,-3.3635,2.9047,-3.6248,-3.4479,0.0163,-0.1135,-0.1220,0.0634,0.0164,-0.1135,0.0373,-0.0220,-0.0183,0.0030,0.0418,-0.0023,0.3333,0.0000,0.0000,0.0000,-0.8168,0.8222,-3.5773,3.1049,-10.0399,-4.4238,-0.1059,-0.0080,-0.2944,0.1506,-0.1069,-0.0079
1786060641.4046,-3.6248,-3.4480,-3.3635,2.9047,-3.6248,-3.4479,0.0163,-0.1135,-0.1220,0.0634,0.0164,-0.1135,0.0373,-0.0220,-0.0183,0.0030,0.0418,-0.0023,0.3333,0.0000,0.0000,0.0000,-0.8274,0.8209,-3.6075,3.1198,-10.0506,-4.4251,-0.1071,-0.0161,-0.3054,0.1471,-0.1080,-0.0160
1786060641.4548,-3.6248,-3.4480,-3.3635,2.9047,-3.6248,-3.4479,0.0163,-0.1135,-0.1220,0.0634,0.0164,-0.1135,0.0373,-0.0220,-0.0183,0.0030,0.0418,-0.0023,0.3333,0.0000,0.0000,0.0000,-0.8274,0.8209,-3.6075,3.1198,-10.0506,-4.4251,-0.1071,-0.0161,-0.3054,0.1471,-0.1080,-0.0160
1786060641.5048,-3.6248,-3.4480,-3.3635,2.9047,-3.6248,-3.4479,0.0163,-0.1135,-0.1220,0.0634,0.0164,-0.1135,0.0373,-0.0220,-0.0183,0.0030,0.0418,-0.0023,0.3333,0.0000,0.0000,0.0000,-0.8382,0.8193,-3.6380,3.1344,-10.0615,-4.4267,-0.1085,-0.0142,-0.3031,0.1459,-0.1093,-0.0141
1786060641.5547,-3.6248,-3.4480,-3.3635,2.9047,-3.6248,-3.4479,0.0163,-0.1135,-0.1220,0.0634,0.0164,-0.1135,0.0373,-0.0220,-0.0183,0.0030,0.0418,-0.0023,0.3333,0.0000,0.0000,0.0000,-0.8382,0.8193,-3.6380,3.1344,-10.0615,-4.4267,-0.1085,-0.0142,-0.3031,0.1459,-0.1093,-0.0141
1786060641.6048,-3.6248,-3.4480,-3.3635,2.9047,-3.6248,-3.4479,0.0163,-0.1135,-0.1220,0.0634,0.0164,-0.1135,0.0373,-0.0220,-0.0183,0.0030,0.0418,-0.0023,0.3333,0.0000,0.0000,0.0000,-0.8491,0.8184,-3.6680,3.1493,-10.0724,-4.4276,-0.1085,-0.0046,-0.2995,0.1520,-0.1092,-0.0045
1786060641.6547,-3.6248,-3.4480,-3.3635,2.9047,-3.6248,-3.4479,0.0163,-0.1135,-0.1220,0.0634,0.0164,-0.1135,0.0373,-0.0220,-0.0183,0.0030,0.0418,-0.0023,0.3333,0.0000,0.0000,0.0000,-0.8491,0.8184,-3.6680,3.1493,-10.0724,-4.4276,-0.1085,-0.0046,-0.2995,0.1520,-0.1092,-0.0045
1786060641.7046,-3.6248,-3.4480,-3.3635,2.9047,-3.6248,-3.4479,0.0163,-0.1135,-0.1220,0.0634,0.0164,-0.1135,0.0373,-0.0220,-0.0183,0.0030,0.0418,-0.0023,0.3333,0.0000,0.0000,0.0000,-0.8599,0.8183,-3.6982,3.1648,-10.0833,-4.4276,-0.1073,0.0022,-0.3044,0.1571,-0.1079,0.0023
1786060641.7547,-3.6248,-3.4480,-3.3635,2.9047,-3.6248,-3.4479,0.0163,-0.1135,-0.1220,0.0634,0.0164,-0.1135,0.0373,-0.0220,-0.0183,0.0030,0.0418,-0.0023,0.3333,0.0000,0.0000,0.0000,-0.8599,0.8183,-3.6982,3.1648,-10.0833,-4.4276,-0.1073,0.0022,-0.3044,0.1571,-0.1079,0.0023
1786060641.8047,-3.6248,-3.4480,-3.3635,2.9047,-3.6248,-3.4479,0.0163,-0.1135,-0.1220,0.0634,0.0164,-0.1135,0.0373,-0.0220,-0.0183,0.0030,0.0418,-0.0023,0.3333,0.0000,0.0000,0.0000,-0.8706,0.8184,-3.7293,3.1803,-10.0940,-4.4275,-0.1063,-0.0016,-0.3170,0.1505,-0.1068,-0.0015
1786060641.8546,-3.6248,-3.4480,-3.3635,2.9047,-3.6248,-3.4479,0.0163,-0.1135,-0.1220,0.0634,0.0164,-0.1135,0.0373,-0.0220,-0.0183,0.0030,0.0418,-0.0023,0.3333,0.0000,0.0000,0.0000,-0.8706,0.8184,-3.7293,3.1803,-10.0940,-4.4275,-0.1063,-0.0016,-0.3170,0.1505,-0.1068,-0.0015
1786060641.9046,-3.6248,-3.4480,-3.3635,2.9047,-3.6248,-3.4479,0.0163,-0.1135,-0.1220,0.0634,0.0164,-0.1135,0.0373,-0.0220,-0.0183,0.0030,0.0418,-0.0023,0.3333,0.0000,0.0000,0.0000,-0.8812,0.8177,-3.7616,3.1945,-10.1047,-4.4282,-0.1066,-0.0116,-0.3278,0.1335,-0.1070,-0.0116
1786060641.9546,-3.6248,-3.4480,-3.3635,2.9047,-3.6248,-3.4479,0.0163,-0.1135,-0.1220,0.0634,0.0164,-0.1135,0.0373,-0.0220,-0.0183,0.0030,0.0418,-0.0023,0.3333,0.0000,0.0000,0.0000,-0.8812,0.8177,-3.7616,3.1945,-10.1047,-4.4282,-0.1066,-0.0116,-0.3278,0.1335,-0.1070,-0.0116
1786060642.0048,-3.6248,-3.4480,-3.6192,3.1006,-3.6248,-3.4479,0.0163,-0.1135,0.0000,0.0000,0.0164,-0.1135,0.0373,-0.0220,-0.1343,-0.3000,0.0418,-0.0023,0.3333,0.0000,1.0000,0.0000,-0.8919,0.8162,-3.7943,3.2068,-10.1155,-4.4297,-0.1080,-0.0167,-0.3250,0.1161,-0.1084,-0.0167
1786060642.0549,-3.6248,-3.4480,-3.6192,3.1006,-3.6248,-3.4479,0.0163,-0.1135,0.0000,0.0000,0.0164,-0.1135,0.0373,-0.0220,0.0789,-0.0516,0.0418,-0.0023,0.3333,0.0000,1.0000,0.0000,-0.8919,0.8162,-3.7943,3.2068,-10.1155,-4.4297,-0.1080,-0.0167,-0.3250,0.1161,-0.1084,-0.0167
1786060642.1046,-3.6248,-3.4480,-3.6192,3.1006,-3.6248,-3.4479,0.0163,-0.1135,0.0000,0.0000,0.0164,-0.1135,0.0373,-0.0220,-0.0001,-0.0224,0.0418,-0.0023,0.3333,0.0000,1.0000,0.0000,-0.9028,0.8148,-3.8262,3.2180,-10.1264,-4.4312,-0.1090,-0.0111,-0.3126,0.1096,-0.1093,-0.0111
1786060642.1546,-3.6248,-3.4480,-3.6192,3.1006,-3.6248,-3.4479,0.0163,-0.1135,0.0000,0.0000,0.0164,-0.1135,0.0373,-0.0220,0.3000,-0.0144,0.0418,-0.0023,0.3333,0.0000,1.0000,0.0000,-0.9028,0.8148,-3.8262,3.2180,-10.1264,-4.4312,-0.1090,-0.0111,-0.3126,0.1096,-0.1093,-0.0111
1786060642.2046,-3.6248,-3.4480,-3.6192,3.1006,-3.6248,-3.4479,0.0163,-0.1135,0.0000,0.0000,0.0164,-0.1135,0.0373,-0.0220,0.0118,-0.0585,0.0418,-0.0023,0.3333,0.0000,1.0000,0.0000,-0.9137,0.8142,-3.8567,3.2290,-10.1373,-4.4317,-0.1085,-0.0012,-0.2990,0.1085,-0.1087,-0.0011
1786060642.2546,-3.6248,-3.4480,-3.6192,3.1006,-3.6248,-3.4479,0.0163,-0.1135,0.0000,0.0000,0.0164,-0.1135,0.0373,-0.0220,0.3000,0.0582,0.0418,-0.0023,0.3333,0.0000,1.0000,0.0000,-0.9137,0.8142,-3.8567,3.2290,-10.1373,-4.4317,-0.1085,-0.0012,-0.2990,0.1085,-0.1087,-0.0011
1786060642.3046,-3.6248,-3.4480,-3.6192,3.1006,-3.6248,-3.4479,0.0163,-0.1135,0.0000,0.0000,0.0164,-0.1135,0.0373,-0.0220,0.0288,-0.0713,0.0418,-0.0023,0.3333,0.0000,1.0000,0.0000,-0.9244,0.8144,-3.8860,3.2395,-10.1481,-4.4315,-0.1072,0.0021,-0.2884,0.1017,-0.1073,0.0021
1786060642.3546,-3.6248,-3.4480,-3.6192,3.1006,-3.6248,-3.4479,0.0163,-0.1135,0.0000,0.0000,0.0164,-0.1135,0.0373,-0.0220,0.2022,0.0687,0.0418,-0.0023,0.3333,0.0000,1.0000,0.0000,-0.9244,0.8144,-3.8860,3.2395,-10.1481,-4.4315,-0.1072,0.0021,-0.2884,0.1017,-0.1073,0.0021
1786060642.4046,-3.6248,-3.4480,-3.6192,3.1006,-3.6248,-3.4479,0.0163,-0.1135,0.0000,0.0000,0.0164,-0.1135,0.0373,-0.0220,0.0516,-0.1096,0.0418,-0.0023,0.3333,0.0000,1.0000,0.0000,-0.9351,0.8143,-3.9143,3.2489,-10.1588,-4.4317,-0.1065,-0.0050,-0.2800,0.0865,-0.1066,-0.0050
1786060642.4546,-3.6248,-3.4480,-3.6192,3.1006,-3.6248,-3.4479,0.0163,-0.1135,0.0000,0.0000,0.0164,-0.1135,0.0373,-0.0220,0.1164,0.0410,0.0418,-0.0023,0.3333,0.0000,1.0000,0.0000,-0.9351,0.8143,-3.9143,3.2489,-10.1588,-4.4317,-0.1065,-0.0050,-0.2800,0.0865,-0.1066,-0.0050
1786060642.5048,-3.6248,-3.4480,-3.6192,3.1006,-3.6248,-3.4479,0.0163,-0.1135,0.0000,0.0000,0.0164,-0.1135,0.0373,-0.0220,0.0814,-0.1937,0.0418,-0.0023,0.3333,0.0000,1.0000,0.0000,-0.9458,0.8132,-3.9419,3.2568,-10.1695,-4.4327,-0.1074,-0.0145,-0.2733,0.0728,-0.1074,-0.0145
1786060642.5546,-3.6248,-3.4480,-3.6192,3.1006,-3.6248,-3.4479,0.0163,-0.1135,0.0000,0.0000,0.0164,-0.1135,0.0373,-0.0220,0.0756,0.0170,0.0418,-0.0023,0.3333,0.0000,1.0000,0.0000,-0.9458,0.8132,-3.9419,3.2568,-10.1695,-4.4327,-0.1074,-0.0145,-0.2733,0.0728,-0.1074,-0.0145
1786060642.6046,-3.6248,-3.4480,-3.6192,3.1006,-3.6248,-3.4479,0.0163,-0.1135,0.0000,0.0000,0.0164,-0.1135,0.0373,-0.0220,0.0788,-0.2952,0.0418,-0.0023,0.3333,0.0000,0.0000,0.0000,-0.9566,0.8116,-3.9689,3.2638,-10.1803,-4.4343,-0.1089,-0.0158,-0.2673,0.0697,-0.1088,-0.0158
1786060642.6546,-3.6248,-3.4480,-3.6192,3.1006,-3.6248,-3.4479,0.0163,-0.1135,0.0000,0.0000,0.0164,-0.1135,0.0373,-0.0220,0.0656,0.0024,0.0418,-0.0023,0.3333,0.0000,0.0000,0.0000,-0.9566,0.8116,-3.9689,3.2638,-10.1803,-4.4343,-0.1089,-0.0158,-0.2673,0.0697,-0.1088,-0.0158
1786060642.7046,-3.6248,-3.4480,-3.6192,3.1006,-3.6248,-3.4479,0.0163,-0.1135,0.0000,0.0000,0.0164,-0.1135,0.0373,-0.0220,0.0224,-0.2956,0.0418,-0.0023,0.3333,0.0000,0.0000,0.0000,-0.9676,0.8104,-3.9953,3.2710,-10.1912,-4.4355,-0.1094,-0.0074,-0.2609,0.0740,-0.1093,-0.0074
1786060642.7546,-3.6248,-3.4480,-3.6192,3.1006,-3.6248,-3.4479,0.0163,-0.1135,0.0000,0.0000,0.0164,-0.1135,0.0373,-0.0220,0.0809,-0.0085,0.0418,-0.0023,0.3333,0.0000,0.0000,0.0000,-0.9676,0.8104,-3.9953,3.2710,-10.1912,-4.4355,-0.1094,-0.0074,-0.2609,0.0740,-0.1093,-0.0074
1786060642.8047,-3.6248,-3.4480,-3.6192,3.1006,-3.6248,-3.4479,0.0163,-0.1135,0.0000,0.0000,0.0164,-0.1135,0.0373,-0.0220,-0.0083,-0.1951,0.0418,-0.0023,0.3333,0.0000,0.0000,0.0000,-0.9784,0.8102,-4.0210,3.2785,-10.2021,-4.4357,-0.1084,0.0014,-0.2534,0.0733,-0.1082,0.0013
1786060642.8546,-3.6248,-3.4480,-3.6192,3.1006,-3.6248,-3.4479,0.0163,-0.1135,0.0000,0.0000,0.0164,-0.1135,0.0373,-0.0220,0.1322,-0.0190,0.0418,-0.0023,0.3333,0.0000,0.0000,0.0000,-0.9784,0.8102,-4.0210,3.2785,-10.2021,-4.4357,-0.1084,0.0014,-0.2534,0.0733,-0.1082,0.0013
1786060642.9046,-3.6248,-3.4480,-3.6192,3.1006,-3.6248,-3.4479,0.0163,-0.1135,0.0000,0.0000,0.0164,-0.1135,0.0373,-0.0220,-0.0032,-0.1116,0.0418,-0.0023,0.3333,0.0000,0.0000,0.0000,-0.9892,0.8104,-4.0458,3.2853,-10.2128,-4.4355,-0.1071,0.0006,-0.2428,0.0612,-0.1069,0.0006
1786060642.9546,-3.6248,-3.4480,-3.6192,3.1006,-3.6248,-3.4479,0.0163,-0.1135,0.0000,0.0000,0.0164,-0.1135,0.0373,-0.0220,0.2297,-0.0190,0.0418,-0.0023,0.3333,0.0000,0.0000,0.0000,-0.9892,0.8104,-4.0458,3.2853,-10.2128,-4.4355,-0.1071,0.0006,-0.2428,0.0612,-0.1069,0.0006
1786060643.0046,-3.6248,-3.4480,-3.6192,3.1006,-3.6248,-3.4479,0.0163,-0.1135,0.0000,0.0000,0.0164,-0.1135,0.0373,-0.0220,0.0079,-0.0723,0.0418,-0.0023,0.3333,0.0000,0.0000,0.0000,-0.9999,0.8100,-4.0694,3.2905,-10.2235,-4.4360,-0.1070,-0.0087,-0.2294,0.0438,-0.1066,-0.0088
1786060643.0546,-3.6248,-3.4480,-3.6192,3.1006,-3.6248,-3.4479,0.0163,-0.1135,0.0000,0.0000,0.0164,-0.1135,0.0373,-0.0220,0.3000,0.0225,0.0418,-0.0023,0.3333,0.0000,0.0000,0.0000,-0.9999,0.8100,-4.0694,3.2905,-10.2235,-4.4360,-0.1070,-0.0087,-0.2294,0.0438,-0.1066,-0.0088
1786060643.1046,-3.6248,-3.4480,-3.6192,3.1006,-3.6248,-3.4479,0.0163,-0.1135,0.0000,0.0000,0.0164,-0.1135,0.0373,-0.0220,0.0197,-0.0666,0.0418,-0.0023,0.3333,0.0000,0.0000,0.0000,-1.0107,0.8086,-4.0915,3.2942,-10.2342,-4.4373,-0.1082,-0.0162,-0.2150,0.0338,-0.1078,-0.0163
1786060643.1547,-3.6248,-3.4480,-3.6192,3.1006,-3.6248,-3.4479,0.0163,-0.1135,0.0000,0.0000,0.0164,-0.1135,0.0373,-0.0220,0.2639,0.0655,0.0418,-0.0023,0.3333,0.0000,0.0000,0.0000,-1.0107,0.8086,-4.0915,3.2942,-10.2342,-4.4373,-0.1082,-0.0162,-0.2150,0.0338,-0.1078,-0.0163
1786060643.2046,-3.6248,-3.4480,-3.6192,3.1006,-3.6248,-3.4479,0.0163,-0.1135,0.0000,0.0000,0.0164,-0.1135,0.0373,-0.0220,0.0352,-0.0826,0.0418,-0.0023,0.3333,0.0000,0.0000,0.0000,-1.0216,0.8071,-4.1122,3.2977,-10.2451,-4.4389,-0.1096,-0.0135,-0.2005,0.0376,-0.1091,-0.0135
1786060643.2546,-3.6248,-3.4480,-3.6192,3.1006,-3.6248,-3.4479,0.0163,-0.1135,0.0000,0.0000,0.0164,-0.1135,0.0373,-0.0220,0.1673,0.0582,0.0418,-0.0023,0.3333,0.0000,0.0000,0.0000,-1.0216,0.8071,-4.1122,3.2977,-10.2451,-4.4389,-0.1096,-0.0135,-0.2005,0.0376,-0.1091,-0.0135
1786060643.3047,-3.6248,-3.4480,-3.6192,3.1006,-3.6248,-3.4479,0.0163,-0.1135,0.0000,0.0000,0.0164,-0.1135,0.0373,-0.0220,0.0603,-0.1333,0.0418,-0.0023,0.3333,0.0000,0.0000,0.0000,-1.0325,0.8063,-4.1315,3.3020,-10.2560,-4.4397,-0.1095,-0.0036,-0.1863,0.0484,-0.1089,-0.0037
1786060643.3547,-3.6248,-3.4480,-3.6192,3.1006,-3.6248,-3.4479,0.0163,-0.1135,0.0000,0.0000,0.0164,-0.1135,0.0373,-0.0220,0.1005,0.0314,0.0418,-0.0023,0.3333,0.0000,0.0000,0.0000,-1.0325,0.8063,-4.1315,3.3020,-10.2560,-4.4397,-0.1095,-0.0036,-0.1863,0.0484,-0.1089,-0.0037
1786060643.4047,-3.6248,-3.4480,-3.6192,3.1006,-3.6248,-3.4479,0.0163,-0.1135,0.0000,0.0000,0.0164,-0.1135,0.0373,-0.0220,0.0831,-0.2250,0.0418,-0.0023,0.3333,0.0000,0.0000,0.0000,-1.0434,0.8063,-4.1494,3.3073,-10.2668,-4.4397,-0.1081,0.0025,-0.1732,0.0532,-0.1076,0.0024
1786060643.4547,-3.6248,-3.4480,-3.6192,3.1006,-3.6248,-3.4479,0.0163,-0.1135,0.0000,0.0000,0.0164,-0.1135,0.0373,-0.0220,0.0721,0.0118,0.0418,-0.0023,0.3333,0.0000,0.0000,0.0000,-1.0434,0.8063,-4.1494,3.3073,-10.2668,-4.4397,-0.1081,0.0025,-0.1732,0.0532,-0.1076,0.0024
1786060643.5046,0.0000,0.0000,0.0000,0.0000,0.0000,0.0000,0.0000,0.0000,0.0000,0.0000,0.0000,0.0000,0.0000,0.0000,0.0000,0.0000,0.0000,0.0000,0.0000,0.0000,0.0000,0.0000,-1.0542,0.8064,-4.1661,3.3122,-10.2775,-4.4396,-0.1072,-0.0021,-0.1622,0.0449,-0.1065,-0.0023
1786060643.5546,0.0000,0.0000,0.0000,0.0000,0.0000,0.0000,0.0000,0.0000,0.0000,0.0000,0.0000,0.0000,0.0000,0.0000,0.0000,0.0000,0.0000,0.0000,0.0000,0.0000,0.0000,0.0000,-1.0542,0.8064,-4.1661,3.3122,-10.2775,-4.4396,-0.1072,-0.0021,-0.1622,0.0449,-0.1065,-0.0023
1786060643.6047,0.0000,0.0000,0.0000,0.0000,0.0000,0.0000,0.0000,0.0000,0.0000,0.0000,0.0000,0.0000,0.0000,0.0000,0.0000,0.0000,0.0000,0.0000,0.0000,0.0000,0.0000,0.0000,-1.0649,0.8056,-4.1818,3.3159,-10.2881,-4.4404,-0.1076,-0.0122,-0.1527,0.0298,-0.1069,-0.0123
1786060643.6547,0.0000,0.0000,0.0000,0.0000,0.0000,0.0000,0.0000,0.0000,0.0000,0.0000,0.0000,0.0000,0.0000,0.0000,0.0000,0.0000,0.0000,0.0000,0.0000,0.0000,0.0000,0.0000,-1.0649,0.8056,-4.1818,3.3159,-10.2881,-4.4404,-0.1076,-0.0122,-0.1527,0.0298,-0.1069,-0.0123
1786060643.7049,0.0000,0.0000,0.0000,0.0000,0.0000,0.0000,0.0000,0.0000,0.0000,0.0000,0.0000,0.0000,0.0000,0.0000,0.0000,0.0000,0.0000,0.0000,0.0000,0.0000,0.0000,0.0000,-1.0757,0.8041,-4.1965,3.3183,-10.2989,-4.4419,-0.1091,-0.0165,-0.1420,0.0219,-0.1083,-0.0166
1786060643.7546,0.0000,0.0000,0.0000,0.0000,0.0000,0.0000,0.0000,0.0000,0.0000,0.0000,0.0000,0.0000,0.0000,0.0000,0.0000,0.0000,0.0000,0.0000,0.0000,0.0000,0.0000,0.0000,-1.0757,0.8041,-4.1965,3.3183,-10.2989,-4.4419,-0.1091,-0.0165,-0.1420,0.0219,-0.1083,-0.0166
1786060643.8048,0.0000,0.0000,0.0000,0.0000,0.0000,0.0000,0.0000,0.0000,0.0000,0.0000,0.0000,0.0000,0.0000,0.0000,0.0000,0.0000,0.0000,0.0000,0.0000,0.0000,0.0000,0.0000,-1.0867,0.8027,-4.2100,3.3208,-10.3098,-4.4433,-0.1100,-0.0102,-0.1287,0.0289,-0.1092,-0.0103
1786060643.8547,0.0000,0.0000,0.0000,0.0000,0.0000,0.0000,0.0000,0.0000,0.0000,0.0000,0.0000,0.0000,0.0000,0.0000,0.0000,0.0000,0.0000,0.0000,0.0000,0.0000,0.0000,0.0000,-1.0867,0.8027,-4.2100,3.3208,-10.3098,-4.4433,-0.1100,-0.0102,-0.1287,0.0289,-0.1092,-0.0103
1786060643.9047,0.0000,0.0000,0.0000,0.0000,0.0000,0.0000,0.0000,0.0000,0.0000,0.0000,0.0000,0.0000,0.0000,0.0000,0.0000,0.0000,0.0000,0.0000,0.0000,0.0000,0.0000,0.0000,-1.0977,0.8023,-4.2220,3.3245,-10.3207,-4.4438,-0.1093,-0.0003,-0.1144,0.0427,-0.1085,-0.0005
1786060643.9546,0.0000,0.0000,0.0000,0.0000,0.0000,0.0000,0.0000,0.0000,0.0000,0.0000,0.0000,0.0000,0.0000,0.0000,0.0000,0.0000,0.0000,0.0000,0.0000,0.0000,0.0000,0.0000,-1.0977,0.8023,-4.2220,3.3245,-10.3207,-4.4438,-0.1093,-0.0003,-0.1144,0.0427,-0.1085,-0.0005
1786060644.0049,0.0000,0.0000,0.0000,0.0000,0.0000,0.0000,0.0000,0.0000,0.0000,0.0000,0.0000,0.0000,0.0000,0.0000,0.0000,0.0000,0.0000,0.0000,0.0000,0.0000,0.0000,0.0000,-1.1085,0.8024,-4.2328,3.3292,-10.3315,-4.4436,-0.1079,0.0021,-0.1025,0.0498,-0.1071,0.0019
1786060644.0547,0.0000,0.0000,0.0000,0.0000,0.0000,0.0000,0.0000,0.0000,0.0000,0.0000,0.0000,0.0000,0.0000,0.0000,0.0000,0.0000,0.0000,0.0000,0.0000,0.0000,0.0000,0.0000,-1.1085,0.8024,-4.2328,3.3292,-10.3315,-4.4436,-0.1079,0.0021,-0.1025,0.0498,-0.1071,0.0019
1786060644.1049,0.0000,0.0000,0.0000,0.0000,0.0000,0.0000,0.0000,0.0000,0.0000,0.0000,0.0000,0.0000,0.0000,0.0000,0.0000,0.0000,0.0000,0.0000,0.0000,0.0000,0.0000,0.0000,-1.1193,0.8023,-4.2426,3.3340,-10.3421,-4.4438,-0.1073,-0.0057,-0.0953,0.0441,-0.1064,-0.0058
1786060644.1547,0.0000,0.0000,0.0000,0.0000,0.0000,0.0000,0.0000,0.0000,0.0000,0.0000,0.0000,0.0000,0.0000,0.0000,0.0000,0.0000,0.0000,0.0000,0.0000,0.0000,0.0000,0.0000,-1.1193,0.8023,-4.2426,3.3340,-10.3421,-4.4438,-0.1073,-0.0057,-0.0953,0.0441,-0.1064,-0.0058
1786060644.2047,0.0000,0.0000,0.0000,0.0000,0.0000,0.0000,0.0000,0.0000,0.0000,0.0000,0.0000,0.0000,0.0000,0.0000,0.0000,0.0000,0.0000,0.0000,0.0000,0.0000,0.0000,0.0000,-1.1300,0.8012,-4.2521,3.3377,-10.3528,-4.4449,-0.1082,-0.0149,-0.0946,0.0311,-0.1073,-0.0150
1786060644.2546,0.0000,0.0000,0.0000,0.0000,0.0000,0.0000,0.0000,0.0000,0.0000,0.0000,0.0000,0.0000,0.0000,0.0000,0.0000,0.0000,0.0000,0.0000,0.0000,0.0000,0.0000,0.0000,-1.1300,0.8012,-4.2521,3.3377,-10.3528,-4.4449,-0.1082,-0.0149,-0.0946,0.0311,-0.1073,-0.0150
1786060644.3047,0.0000,0.0000,0.0000,0.0000,0.0000,0.0000,0.0000,0.0000,0.0000,0.0000,0.0000,0.0000,0.0000,0.0000,0.0000,0.0000,0.0000,0.0000,0.0000,0.0000,0.0000,0.0000,-1.1409,0.7996,-4.2615,3.3404,-10.3636,-4.4465,-0.1097,-0.0152,-0.0945,0.0263,-0.1087,-0.0154
1786060644.3547,0.0000,0.0000,0.0000,0.0000,0.0000,0.0000,0.0000,0.0000,0.0000,0.0000,0.0000,0.0000,0.0000,0.0000,0.0000,0.0000,0.0000,0.0000,0.0000,0.0000,0.0000,0.0000,-1.1409,0.7996,-4.2615,3.3404,-10.3636,-4.4465,-0.1097,-0.0152,-0.0945,0.0263,-0.1087,-0.0154
1786060644.4048,0.0000,0.0000,0.0000,0.0000,0.0000,0.0000,0.0000,0.0000,0.0000,0.0000,0.0000,0.0000,0.0000,0.0000,0.0000,0.0000,0.0000,0.0000,0.0000,0.0000,0.0000,0.0000,-1.1519,0.7985,-4.2708,3.3434,-10.3745,-4.4476,-0.1100,-0.0064,-0.0912,0.0328,-0.1091,-0.0065
1786060644.4546,0.0000,0.0000,0.0000,0.0000,0.0000,0.0000,0.0000,0.0000,0.0000,0.0000,0.0000,0.0000,0.0000,0.0000,0.0000,0.0000,0.0000,0.0000,0.0000,0.0000,0.0000,0.0000,-1.1519,0.7985,-4.2708,3.3434,-10.3745,-4.4476,-0.1100,-0.0064,-0.0912,0.0328,-0.1091,-0.0065
1786060644.5047,0.0000,0.0000,0.0000,0.0000,0.0000,0.0000,0.0000,0.0000,0.0000,0.0000,0.0000,0.0000,0.0000,0.0000,0.0000,0.0000,0.0000,0.0000,0.0000,0.0000,0.0000,0.0000,-1.1629,0.7984,-4.2796,3.3471,-10.3854,-4.4478,-0.1089,0.0018,-0.0850,0.0407,-0.1079,0.0017
1786060644.5548,0.0000,0.0000,0.0000,0.0000,0.0000,0.0000,0.0000,0.0000,0.0000,0.0000,0.0000,0.0000,0.0000,0.0000,0.0000,0.0000,0.0000,0.0000,0.0000,0.0000,0.0000,0.0000,-1.1629,0.7984,-4.2796,3.3471,-10.3854,-4.4478,-0.1089,0.0018,-0.0850,0.0407,-0.1079,0.0017
1786060644.6048,0.0000,0.0000,0.0000,0.0000,0.0000,0.0000,0.0000,0.0000,0.0000,0.0000,0.0000,0.0000,0.0000,0.0000,0.0000,0.0000,0.0000,0.0000,0.0000,0.0000,0.0000,0.0000,-1.1737,0.7985,-4.2878,3.3512,-10.3961,-4.4476,-0.1077,0.0002,-0.0791,0.0392,-0.1067,0.0000
1786060644.6548,0.0000,0.0000,0.0000,0.0000,0.0000,0.0000,0.0000,0.0000,0.0000,0.0000,0.0000,0.0000,0.0000,0.0000,0.0000,0.0000,0.0000,0.0000,0.0000,0.0000,0.0000,0.0000,-1.1737,0.7985,-4.2878,3.3512,-10.3961,-4.4476,-0.1077,0.0002,-0.0791,0.0392,-0.1067,0.0000
1786060644.7048,0.0000,0.0000,0.0000,0.0000,0.0000,0.0000,0.0000,0.0000,0.0000,0.0000,0.0000,0.0000,0.0000,0.0000,0.0000,0.0000,0.0000,0.0000,0.0000,0.0000,0.0000,0.0000,-1.1845,0.7981,-4.2955,3.3546,-10.4067,-4.4481,-0.1076,-0.0094,-0.0764,0.0290,-0.1066,-0.0096
1786060644.7546,0.0000,0.0000,0.0000,0.0000,0.0000,0.0000,0.0000,0.0000,0.0000,0.0000,0.0000,0.0000,0.0000,0.0000,0.0000,0.0000,0.0000,0.0000,0.0000,0.0000,0.0000,0.0000,-1.1845,0.7981,-4.2955,3.3546,-10.4067,-4.4481,-0.1076,-0.0094,-0.0764,0.0290,-0.1066,-0.0096
1786060644.8048,0.0000,0.0000,0.0000,0.0000,0.0000,0.0000,0.0000,0.0000,0.0000,0.0000,0.0000,0.0000,0.0000,0.0000,0.0000,0.0000,0.0000,0.0000,0.0000,0.0000,0.0000,0.0000,-1.1953,0.7967,-4.3032,3.3569,-10.4175,-4.4495,-0.1089,-0.0163,-0.0772,0.0201,-0.1079,-0.0165
1786060644.8547,0.0000,0.0000,0.0000,0.0000,0.0000,0.0000,0.0000,0.0000,0.0000,0.0000,0.0000,0.0000,0.0000,0.0000,0.0000,0.0000,0.0000,0.0000,0.0000,0.0000,0.0000,0.0000,-1.1953,0.7967,-4.3032,3.3569,-10.4175,-4.4495,-0.1089,-0.0163,-0.0772,0.0201,-0.1079,-0.0165
1786060644.9046,0.0000,0.0000,0.0000,0.0000,0.0000,0.0000,0.0000,0.0000,0.0000,0.0000,0.0000,0.0000,0.0000,0.0000,0.0000,0.0000,0.0000,0.0000,0.0000,0.0000,0.0000,0.0000,-1.2063,0.7951,-4.3110,3.3589,-10.4283,-4.4510,-0.1101,-0.0127,-0.0792,0.0205,-0.1091,-0.0129
1786060644.9546,0.0000,0.0000,0.0000,0.0000,0.0000,0.0000,0.0000,0.0000,0.0000,0.0000,0.0000,0.0000,0.0000,0.0000,0.0000,0.0000,0.0000,0.0000,0.0000,0.0000,0.0000,0.0000,-1.2063,0.7951,-4.3110,3.3589,-10.4283,-4.4510,-0.1101,-0.0127,-0.0792,0.0205,-0.1091,-0.0129
1786060645.0046,0.0000,0.0000,0.0000,0.0000,0.0000,0.0000,0.0000,0.0000,0.0000,0.0000,0.0000,0.0000,0.0000,0.0000,0.0000,0.0000,0.0000,0.0000,0.0000,0.0000,0.0000,0.0000,-1.2173,0.7944,-4.3190,3.3613,-10.4392,-4.4518,-0.1098,-0.0028,-0.0796,0.0270,-0.1088,-0.0029
1786060645.0546,0.0000,0.0000,0.0000,0.0000,0.0000,0.0000,0.0000,0.0000,0.0000,0.0000,0.0000,0.0000,0.0000,0.0000,0.0000,0.0000,0.0000,0.0000,0.0000,0.0000,0.0000,0.0000,-1.2173,0.7944,-4.3190,3.3613,-10.4392,-4.4518,-0.1098,-0.0028,-0.0796,0.0270,-0.1088,-0.0029
1786060645.1048,0.0000,0.0000,0.0000,0.0000,0.0000,0.0000,0.0000,0.0000,0.0000,0.0000,0.0000,0.0000,0.0000,0.0000,0.0000,0.0000,0.0000,0.0000,0.0000,0.0000,0.0000,0.0000,-1.2282,0.7945,-4.3268,3.3642,-10.4500,-4.4517,-0.1085,0.0026,-0.0777,0.0295,-0.1074,0.0024
1786060645.1547,0.0000,0.0000,0.0000,0.0000,0.0000,0.0000,0.0000,0.0000,0.0000,0.0000,0.0000,0.0000,0.0000,0.0000,0.0000,0.0000,0.0000,0.0000,0.0000,0.0000,0.0000,0.0000,-1.2282,0.7945,-4.3268,3.3642,-10.4500,-4.4517,-0.1085,0.0026,-0.0777,0.0295,-0.1074,0.0024
1786060645.2048,0.0000,0.0000,0.0000,0.0000,0.0000,0.0000,0.0000,0.0000,0.0000,0.0000,0.0000,0.0000,0.0000,0.0000,0.0000,0.0000,0.0000,0.0000,0.0000,0.0000,0.0000,0.0000,-1.2390,0.7945,-4.3344,3.3668,-10.4607,-4.4517,-0.1075,-0.0029,-0.0749,0.0222,-0.1065,-0.0030
1786060645.2547,0.0000,0.0000,0.0000,0.0000,0.0000,0.0000,0.0000,0.0000,0.0000,0.0000,0.0000,0.0000,0.0000,0.0000,0.0000,0.0000,0.0000,0.0000,0.0000,0.0000,0.0000,0.0000,-1.2390,0.7945,-4.3344,3.3668,-10.4607,-4.4517,-0.1075,-0.0029,-0.0749,0.0222,-0.1065,-0.0030
1786060645.3047,0.0000,0.0000,0.0000,0.0000,0.0000,0.0000,0.0000,0.0000,0.0000,0.0000,0.0000,0.0000,0.0000,0.0000,0.0000,0.0000,0.0000,0.0000,0.0000,0.0000,0.0000,0.0000,-1.2497,0.7937,-4.3418,3.3684,-10.4714,-4.4525,-0.1080,-0.0129,-0.0727,0.0113,-0.1070,-0.0130
1786060645.3549,0.0000,0.0000,0.0000,0.0000,0.0000,0.0000,0.0000,0.0000,0.0000,0.0000,0.0000,0.0000,0.0000,0.0000,0.0000,0.0000,0.0000,0.0000,0.0000,0.0000,0.0000,0.0000,-1.2497,0.7937,-4.3418,3.3684,-10.4714,-4.4525,-0.1080,-0.0129,-0.0727,0.0113,-0.1070,-0.0130
1786060645.4047,0.0000,0.0000,0.0000,0.0000,0.0000,0.0000,0.0000,0.0000,0.0000,0.0000,0.0000,0.0000,0.0000,0.0000,0.0000,0.0000,0.0000,0.0000,0.0000,0.0000,0.0000,0.0000,-1.2606,0.7921,-4.3490,3.3693,-10.4822,-4.4541,-0.1094,-0.0163,-0.0718,0.0073,-0.1084,-0.0164
1786060645.4548,0.0000,0.0000,0.0000,0.0000,0.0000,0.0000,0.0000,0.0000,0.0000,0.0000,0.0000,0.0000,0.0000,0.0000,0.0000,0.0000,0.0000,0.0000,0.0000,0.0000,0.0000,0.0000,-1.2606,0.7921,-4.3490,3.3693,-10.4822,-4.4541,-0.1094,-0.0163,-0.0718,0.0073,-0.1084,-0.0164
1786060645.5048,0.0000,0.0000,0.0000,0.0000,0.0000,0.0000,0.0000,0.0000,0.0000,0.0000,0.0000,0.0000,0.0000,0.0000,0.0000,0.0000,0.0000,0.0000,0.0000,0.0000,0.0000,0.0000,-1.2716,0.7908,-4.3562,3.3703,-10.4931,-4.4554,-0.1101,-0.0093,-0.0714,0.0133,-0.1092,-0.0095
1786060645.5547,0.0000,0.0000,0.0000,0.0000,0.0000,0.0000,0.0000,0.0000,0.0000,0.0000,0.0000,0.0000,0.0000,0.0000,0.0000,0.0000,0.0000,0.0000,0.0000,0.0000,0.0000,0.0000,-1.2716,0.7908,-4.3562,3.3703,-10.4931,-4.4554,-0.1101,-0.0093,-0.0714,0.0133,-0.1092,-0.0095
1786060645.6048,0.0000,0.0000,0.0000,0.0000,0.0000,0.0000,0.0000,0.0000,0.0000,0.0000,0.0000,0.0000,0.0000,0.0000,0.0000,0.0000,0.0000,0.0000,0.0000,0.0000,0.0000,0.0000,-1.2826,0.7904,-4.3633,3.3721,-10.5039,-4.4558,-0.1093,0.0002,-0.0707,0.0213,-0.1084,0.0001
1786060645.6548,0.0000,0.0000,0.0000,0.0000,0.0000,0.0000,0.0000,0.0000,0.0000,0.0000,0.0000,0.0000,0.0000,0.0000,0.0000,0.0000,0.0000,0.0000,0.0000,0.0000,0.0000,0.0000,-1.2826,0.7904,-4.3633,3.3721,-10.5039,-4.4558,-0.1093,0.0002,-0.0707,0.0213,-0.1084,0.0001
1786060645.7047,0.0000,0.0000,0.0000,0.0000,0.0000,0.0000,0.0000,0.0000,0.0000,0.0000,0.0000,0.0000,0.0000,0.0000,0.0000,0.0000,0.0000,0.0000,0.0000,0.0000,0.0000,0.0000,-1.2934,0.7906,-4.3703,3.3743,-10.5147,-4.4556,-0.1079,0.0017,-0.0704,0.0206,-0.1070,0.0016
1786060645.7548,0.0000,0.0000,0.0000,0.0000,0.0000,0.0000,0.0000,0.0000,0.0000,0.0000,0.0000,0.0000,0.0000,0.0000,0.0000,0.0000,0.0000,0.0000,0.0000,0.0000,0.0000,0.0000,-1.2934,0.7906,-4.3703,3.3743,-10.5147,-4.4556,-0.1079,0.0017,-0.0704,0.0206,-0.1070,0.0016
1786060645.8047,0.0000,0.0000,0.0000,0.0000,0.0000,0.0000,0.0000,0.0000,0.0000,0.0000,0.0000,0.0000,0.0000,0.0000,0.0000,0.0000,0.0000,0.0000,0.0000,0.0000,0.0000,0.0000,-1.3042,0.7904,-4.3774,3.3758,-10.5254,-4.4559,-0.1074,-0.0066,-0.0710,0.0098,-0.1065,-0.0067
1786060645.8546,0.0000,0.0000,0.0000,0.0000,0.0000,0.0000,0.0000,0.0000,0.0000,0.0000,0.0000,0.0000,0.0000,0.0000,0.0000,0.0000,0.0000,0.0000,0.0000,0.0000,0.0000,0.0000,-1.3042,0.7904,-4.3774,3.3758,-10.5254,-4.4559,-0.1074,-0.0066,-0.0710,0.0098,-0.1065,-0.0067
1786060645.9047,0.0000,0.0000,0.0000,0.0000,0.0000,0.0000,0.0000,0.0000,0.0000,0.0000,0.0000,0.0000,0.0000,0.0000,0.0000,0.0000,0.0000,0.0000,0.0000,0.0000,0.0000,0.0000,-1.3150,0.7892,-4.3846,3.3761,-10.5361,-4.4571,-0.1084,-0.0154,-0.0725,-0.0011,-0.1075,-0.0155
1786060645.9547,0.0000,0.0000,0.0000,0.0000,0.0000,0.0000,0.0000,0.0000,0.0000,0.0000,0.0000,0.0000,0.0000,0.0000,0.0000,0.0000,0.0000,0.0000,0.0000,0.0000,0.0000,0.0000,-1.3150,0.7892,-4.3846,3.3761,-10.5361,-4.4571,-0.1084,-0.0154,-0.0725,-0.0011,-0.1075,-0.0155
1786060646.0046,0.0000,0.0000,0.0000,0.0000,0.0000,0.0000,0.0000,0.0000,0.0000,0.0000,0.0000,0.0000,0.0000,0.0000,0.0000,0.0000,0.0000,0.0000,0.0000,0.0000,0.0000,0.0000,-1.3259,0.7876,-4.3919,3.3759,-10.5469,-4.4587,-0.1098,-0.0148,-0.0736,-0.0021,-0.1089,-0.0149
1786060646.0546,0.0000,0.0000,0.0000,0.0000,0.0000,0.0000,0.0000,0.0000,0.0000,0.0000,0.0000,0.0000,0.0000,0.0000,0.0000,0.0000,0.0000,0.0000,0.0000,0.0000,0.0000,0.0000,-1.3259,0.7876,-4.3919,3.3759,-10.5469,-4.4587,-0.1098,-0.0148,-0.0736,-0.0021,-0.1089,-0.0149
1786060646.1048,0.0000,0.0000,0.0000,0.0000,0.0000,0.0000,0.0000,0.0000,0.0000,0.0000,0.0000,0.0000,0.0000,0.0000,0.0000,0.0000,0.0000,0.0000,0.0000,0.0000,0.0000,0.0000,-1.3369,0.7866,-4.3992,3.3761,-10.5578,-4.4597,-0.1099,-0.0056,-0.0730,0.0060,-0.1091,-0.0057
1786060646.1547,0.0000,0.0000,0.0000,0.0000,0.0000,0.0000,0.0000,0.0000,0.0000,0.0000,0.0000,0.0000,0.0000,0.0000,0.0000,0.0000,0.0000,0.0000,0.0000,0.0000,0.0000,0.0000,-1.3369,0.7866,-4.3992,3.3761,-10.5578,-4.4597,-0.1099,-0.0056,-0.0730,0.0060,-0.1091,-0.0057
1786060646.2047,0.0000,0.0000,0.0000,0.0000,0.0000,0.0000,0.0000,0.0000,0.0000,0.0000,0.0000,0.0000,0.0000,0.0000,0.0000,0.0000,0.0000,0.0000,0.0000,0.0000,0.0000,0.0000,-1.3478,0.7865,-4.4064,3.3771,-10.5687,-4.4598,-0.1087,0.0021,-0.0713,0.0129,-0.1079,0.0020
1786060646.2547,0.0000,0.0000,0.0000,0.0000,0.0000,0.0000,0.0000,0.0000,0.0000,0.0000,0.0000,0.0000,0.0000,0.0000,0.0000,0.0000,0.0000,0.0000,0.0000,0.0000,0.0000,0.0000,-1.3478,0.7865,-4.4064,3.3771,-10.5687,-4.4598,-0.1087,0.0021,-0.0713,0.0129,-0.1079,0.0020
1786060646.3048,0.0000,0.0000,0.0000,0.0000,0.0000,0.0000,0.0000,0.0000,0.0000,0.0000,0.0000,0.0000,0.0000,0.0000,0.0000,0.0000,0.0000,0.0000,0.0000,0.0000,0.0000,0.0000,-1.3586,0.7867,-4.4135,3.3783,-10.5794,-4.4597,-0.1074,-0.0005,-0.0703,0.0094,-0.1067,-0.0006
1786060646.3547,0.0000,0.0000,0.0000,0.0000,0.0000,0.0000,0.0000,0.0000,0.0000,0.0000,0.0000,0.0000,0.0000,0.0000,0.0000,0.0000,0.0000,0.0000,0.0000,0.0000,0.0000,0.0000,-1.3586,0.7867,-4.4135,3.3783,-10.5794,-4.4597,-0.1074,-0.0005,-0.0703,0.0094,-0.1067,-0.0006
1786060646.4047,0.0000,0.0000,0.0000,0.0000,0.0000,0.0000,0.0000,0.0000,0.0000,0.0000,0.0000,0.0000,0.0000,0.0000,0.0000,0.0000,0.0000,0.0000,0.0000,0.0000,0.0000,0.0000,-1.3693,0.7861,-4.4205,3.3787,-10.5901,-4.4602,-0.1074,-0.0103,-0.0712,-0.0017,-0.1068,-0.0104
1786060646.4547,0.0000,0.0000,0.0000,0.0000,0.0000,0.0000,0.0000,0.0000,0.0000,0.0000,0.0000,0.0000,0.0000,0.0000,0.0000,0.0000,0.0000,0.0000,0.0000,0.0000,0.0000,0.0000,-1.3693,0.7861,-4.4205,3.3787,-10.5901,-4.4602,-0.1074,-0.0103,-0.0712,-0.0017,-0.1068,-0.0104
1786060646.5048,0.0000,0.0000,0.0000,0.0000,0.0000,0.0000,0.0000,0.0000,0.0000,0.0000,0.0000,0.0000,0.0000,0.0000,0.0000,0.0000,0.0000,0.0000,0.0000,0.0000,0.0000,0.0000,-1.3801,0.7847,-4.4278,3.3780,-10.6008,-4.4617,-0.1087,-0.0165,-0.0739,-0.0093,-0.1081,-0.0166
1786060646.5547,0.0000,0.0000,0.0000,0.0000,0.0000,0.0000,0.0000,0.0000,0.0000,0.0000,0.0000,0.0000,0.0000,0.0000,0.0000,0.0000,0.0000,0.0000,0.0000,0.0000,0.0000,0.0000,-1.3801,0.7847,-4.4278,3.3780,-10.6008,-4.4617,-0.1087,-0.0165,-0.0739,-0.0093,-0.1081,-0.0166
1786060646.6047,0.0000,0.0000,0.0000,0.0000,0.0000,0.0000,0.0000,0.0000,0.0000,0.0000,0.0000,0.0000,0.0000,0.0000,0.0000,0.0000,0.0000,0.0000,0.0000,0.0000,0.0000,0.0000,-1.3911,0.7832,-4.4353,3.3771,-10.6117,-4.4632,-0.1098,-0.0121,-0.0764,-0.0064,-0.1093,-0.0122
1786060646.6547,0.0000,0.0000,0.0000,0.0000,0.0000,0.0000,0.0000,0.0000,0.0000,0.0000,0.0000,0.0000,0.0000,0.0000,0.0000,0.0000,0.0000,0.0000,0.0000,0.0000,0.0000,0.0000,-1.3911,0.7832,-4.4353,3.3771,-10.6117,-4.4632,-0.1098,-0.0121,-0.0764,-0.0064,-0.1093,-0.0122
1786060646.7047,0.0000,0.0000,0.0000,0.0000,0.0000,0.0000,0.0000,0.0000,0.0000,0.0000,0.0000,0.0000,0.0000,0.0000,0.0000,0.0000,0.0000,0.0000,0.0000,0.0000,0.0000,0.0000,-1.4021,0.7825,-4.4430,3.3770,-10.6226,-4.4639,-0.1094,-0.0021,-0.0767,0.0023,-0.1089,-0.0021
1786060646.7547,0.0000,0.0000,0.0000,0.0000,0.0000,0.0000,0.0000,0.0000,0.0000,0.0000,0.0000,0.0000,0.0000,0.0000,0.0000,0.0000,0.0000,0.0000,0.0000,0.0000,0.0000,0.0000,-1.4021,0.7825,-4.4430,3.3770,-10.6226,-4.4639,-0.1094,-0.0021,-0.0767,0.0023,-0.1089,-0.0021
1786060646.8046,0.0000,0.0000,0.0000,0.0000,0.0000,0.0000,0.0000,0.0000,0.0000,0.0000,0.0000,0.0000,0.0000,0.0000,0.0000,0.0000,0.0000,0.0000,0.0000,0.0000,0.0000,0.0000,-1.4129,0.7826,-4.4506,3.3775,-10.6334,-4.4637,-0.1079,0.0024,-0.0753,0.0059,-0.1075,0.0024
1786060646.8547,0.0000,0.0000,0.0000,0.0000,0.0000,0.0000,0.0000,0.0000,0.0000,0.0000,0.0000,0.0000,0.0000,0.0000,0.0000,0.0000,0.0000,0.0000,0.0000,0.0000,0.0000,0.0000,-1.4129,0.7826,-4.4506,3.3775,-10.6334,-4.4637,-0.1079,0.0024,-0.0753,0.0059,-0.1075,0.0024
1786060646.9047,0.0000,0.0000,0.0000,0.0000,0.0000,0.0000,0.0000,0.0000,0.0000,0.0000,0.0000,0.0000,0.0000,0.0000,0.0000,0.0000,0.0000,0.0000,0.0000,0.0000,0.0000,0.0000,-1.4236,0.7826,-4.4581,3.3778,-10.6441,-4.4638,-0.1070,-0.0038,-0.0741,-0.0010,-0.1066,-0.0038
1786060646.9547,0.0000,0.0000,0.0000,0.0000,0.0000,0.0000,0.0000,0.0000,0.0000,0.0000,0.0000,0.0000,0.0000,0.0000,0.0000,0.0000,0.0000,0.0000,0.0000,0.0000,0.0000,0.0000,-1.4236,0.7826,-4.4581,3.3778,-10.6441,-4.4638,-0.1070,-0.0038,-0.0741,-0.0010,-0.1066,-0.0038
1786060647.0046,0.0000,0.0000,0.0000,0.0000,0.0000,0.0000,0.0000,0.0000,0.0000,0.0000,0.0000,0.0000,0.0000,0.0000,0.0000,0.0000,0.0000,0.0000,0.0000,0.0000,0.0000,0.0000,-1.4344,0.7817,-4.4655,3.3771,-10.6548,-4.4647,-0.1076,-0.0136,-0.0745,-0.0115,-0.1072,-0.0137
1786060647.0547,0.0000,0.0000,0.0000,0.0000,0.0000,0.0000,0.0000,0.0000,0.0000,0.0000,0.0000,0.0000,0.0000,0.0000,0.0000,0.0000,0.0000,0.0000,0.0000,0.0000,0.0000,0.0000,-1.4344,0.7817,-4.4655,3.3771,-10.6548,-4.4647,-0.1076,-0.0136,-0.0745,-0.0115,-0.1072,-0.0137
1786060647.1046,0.0000,0.0000,0.0000,0.0000,0.0000,0.0000,0.0000,0.0000,0.0000,0.0000,0.0000,0.0000,0.0000,0.0000,0.0000,0.0000,0.0000,0.0000,0.0000,0.0000,0.0000,0.0000,-1.4452,0.7801,-4.4730,3.3757,-10.6656,-4.4663,-0.1090,-0.0162,-0.0764,-0.0148,-0.1087,-0.0162
1786060647.1547,0.0000,0.0000,0.0000,0.0000,0.0000,0.0000,0.0000,0.0000,0.0000,0.0000,0.0000,0.0000,0.0000,0.0000,0.0000,0.0000,0.0000,0.0000,0.0000,0.0000,0.0000,0.0000,-1.4452,0.7801,-4.4730,3.3757,-10.6656,-4.4663,-0.1090,-0.0162,-0.0764,-0.0148,-0.1087,-0.0162
1786060647.2047,0.0000,0.0000,0.0000,0.0000,0.0000,0.0000,0.0000,0.0000,0.0000,0.0000,0.0000,0.0000,0.0000,0.0000,0.0000,0.0000,0.0000,0.0000,0.0000,0.0000,0.0000,0.0000,-1.4562,0.7788,-4.4808,3.3745,-10.6765,-4.4676,-0.1096,-0.0086,-0.0781,-0.0079,-0.1094,-0.0086
1786060647.2547,0.0000,0.0000,0.0000,0.0000,0.0000,0.0000,0.0000,0.0000,0.0000,0.0000,0.0000,0.0000,0.0000,0.0000,0.0000,0.0000,0.0000,0.0000,0.0000,0.0000,0.0000,0.0000,-1.4562,0.7788,-4.4808,3.3745,-10.6765,-4.4676,-0.1096,-0.0086,-0.0781,-0.0079,-0.1094,-0.0086
1786060647.3046,0.0000,0.0000,0.0000,0.0000,0.0000,0.0000,0.0000,0.0000,0.0000,0.0000,0.0000,0.0000,0.0000,0.0000,0.0000,0.0000,0.0000,0.0000,0.0000,0.0000,0.0000,0.0000,-1.4671,0.7785,-4.4886,3.3742,-10.6874,-4.4679,-0.1086,0.0007,-0.0784,0.0004,-0.1084,0.0007
1786060647.3546,0.0000,0.0000,0.0000,0.0000,0.0000,0.0000,0.0000,0.0000,0.0000,0.0000,0.0000,0.0000,0.0000,0.0000,0.0000,0.0000,0.0000,0.0000,0.0000,0.0000,0.0000,0.0000,-1.4671,0.7785,-4.4886,3.3742,-10.6874,-4.4679,-0.1086,0.0007,-0.0784,0.0004,-0.1084,0.0007
1786060647.4046,0.0000,0.0000,0.0000,0.0000,0.0000,0.0000,0.0000,0.0000,0.0000,0.0000,0.0000,0.0000,0.0000,0.0000,0.0000,0.0000,0.0000,0.0000,0.0000,0.0000,0.0000,0.0000,-1.4779,0.7787,-4.4964,3.3743,-10.6982,-4.4677,-0.1073,0.0013,-0.0780,0.0001,-0.1071,0.0013
1786060647.4546,0.0000,0.0000,0.0000,0.0000,0.0000,0.0000,0.0000,0.0000,0.0000,0.0000,0.0000,0.0000,0.0000,0.0000,0.0000,0.0000,0.0000,0.0000,0.0000,0.0000,0.0000,0.0000,-1.4779,0.7787,-4.4964,3.3743,-10.6982,-4.4677,-0.1073,0.0013,-0.0780,0.0001,-0.1071,0.0013
1786060647.5046,0.0000,0.0000,0.0000,0.0000,0.0000,0.0000,0.0000,0.0000,0.0000,0.0000,0.0000,0.0000,0.0000,0.0000,0.0000,0.0000,0.0000,0.0000,0.0000,0.0000,0.0000,0.0000,-1.4885,0.7784,-4.5042,3.3739,-10.7089,-4.4680,-0.1068,-0.0075,-0.0784,-0.0095,-0.1067,-0.0075
1786060647.5546,0.0000,0.0000,0.0000,0.0000,0.0000,0.0000,0.0000,0.0000,0.0000,0.0000,0.0000,0.0000,0.0000,0.0000,0.0000,0.0000,0.0000,0.0000,0.0000,0.0000,0.0000,0.0000,-1.4885,0.7784,-4.5042,3.3739,-10.7089,-4.4680,-0.1068,-0.0075,-0.0784,-0.0095,-0.1067,-0.0075
1786060647.6046,0.0000,0.0000,0.0000,0.0000,0.0000,0.0000,0.0000,0.0000,0.0000,0.0000,0.0000,0.0000,0.0000,0.0000,0.0000,0.0000,0.0000,0.0000,0.0000,0.0000,0.0000,0.0000,-1.4993,0.7771,-4.5121,3.3724,-10.7196,-4.4693,-0.1079,-0.0158,-0.0799,-0.0184,-0.1078,-0.0159
1786060647.6548,0.0000,0.0000,0.0000,0.0000,0.0000,0.0000,0.0000,0.0000,0.0000,0.0000,0.0000,0.0000,0.0000,0.0000,0.0000,0.0000,0.0000,0.0000,0.0000,0.0000,0.0000,0.0000,-1.4993,0.7771,-4.5121,3.3724,-10.7196,-4.4693,-0.1079,-0.0158,-0.0799,-0.0184,-0.1078,-0.0159
1786060647.7046,0.0000,0.0000,0.0000,0.0000,0.0000,0.0000,0.0000,0.0000,0.0000,0.0000,0.0000,0.0000,0.0000,0.0000,0.0000,0.0000,0.0000,0.0000,0.0000,0.0000,0.0000,0.0000,-1.5101,0.7755,-4.5202,3.3705,-10.7304,-4.4709,-0.1092,-0.0144,-0.0816,-0.0175,-0.1092,-0.0144
1786060647.7546,0.0000,0.0000,0.0000,0.0000,0.0000,0.0000,0.0000,0.0000,0.0000,0.0000,0.0000,0.0000,0.0000,0.0000,0.0000,0.0000,0.0000,0.0000,0.0000,0.0000,0.0000,0.0000,-1.5101,0.7755,-4.5202,3.3705,-10.7304,-4.4709,-0.1092,-0.0144,-0.0816,-0.0175,-0.1092,-0.0144
1786060647.8047,0.0000,0.0000,0.0000,0.0000,0.0000,0.0000,0.0000,0.0000,0.0000,0.0000,0.0000,0.0000,0.0000,0.0000,0.0000,0.0000,0.0000,0.0000,0.0000,0.0000,0.0000,0.0000,-1.5211,0.7746,-4.5284,3.3692,-10.7414,-4.4718,-0.1092,-0.0049,-0.0823,-0.0083,-0.1092,-0.0049
1786060647.8546,0.0000,0.0000,0.0000,0.0000,0.0000,0.0000,0.0000,0.0000,0.0000,0.0000,0.0000,0.0000,0.0000,0.0000,0.0000,0.0000,0.0000,0.0000,0.0000,0.0000,0.0000,0.0000,-1.5211,0.7746,-4.5284,3.3692,-10.7414,-4.4718,-0.1092,-0.0049,-0.0823,-0.0083,-0.1092,-0.0049
1786060647.9046,0.0000,0.0000,0.0000,0.0000,0.0000,0.0000,0.0000,0.0000,0.0000,0.0000,0.0000,0.0000,0.0000,0.0000,0.0000,0.0000,0.0000,0.0000,0.0000,0.0000,0.0000,0.0000,-1.5319,0.7745,-4.5367,3.3688,-10.7522,-4.4719,-0.1079,0.0022,-0.0823,-0.0014,-0.1080,0.0022
1786060647.9546,0.0000,0.0000,0.0000,0.0000,0.0000,0.0000,0.0000,0.0000,0.0000,0.0000,0.0000,0.0000,0.0000,0.0000,0.0000,0.0000,0.0000,0.0000,0.0000,0.0000,0.0000,0.0000,-1.5319,0.7745,-4.5367,3.3688,-10.7522,-4.4719,-0.1079,0.0022,-0.0823,-0.0014,-0.1080,0.0022
1786060648.0048,0.0000,0.0000,0.0000,0.0000,0.0000,0.0000,0.0000,0.0000,0.0000,0.0000,0.0000,0.0000,0.0000,0.0000,0.0000,0.0000,0.0000,0.0000,0.0000,0.0000,0.0000,0.0000,-1.5426,0.7747,-4.5449,3.3686,-10.7630,-4.4717,-0.1067,-0.0013,-0.0833,-0.0050,-0.1069,-0.0012
1786060648.0546,0.0000,0.0000,0.0000,0.0000,0.0000,0.0000,0.0000,0.0000,0.0000,0.0000,0.0000,0.0000,0.0000,0.0000,0.0000,0.0000,0.0000,0.0000,0.0000,0.0000,0.0000,0.0000,-1.5426,0.7747,-4.5449,3.3686,-10.7630,-4.4717,-0.1067,-0.0013,-0.0833,-0.0050,-0.1069,-0.0012
1786060648.1047,0.0000,0.0000,0.0000,0.0000,0.0000,0.0000,0.0000,0.0000,0.0000,0.0000,0.0000,0.0000,0.0000,0.0000,0.0000,0.0000,0.0000,0.0000,0.0000,0.0000,0.0000,0.0000,-1.5533,0.7740,-4.5534,3.3675,-10.7736,-4.4724,-0.1069,-0.0113,-0.0857,-0.0150,-0.1070,-0.0112
1786060648.1547,0.0000,0.0000,0.0000,0.0000,0.0000,0.0000,0.0000,0.0000,0.0000,0.0000,0.0000,0.0000,0.0000,0.0000,0.0000,0.0000,0.0000,0.0000,0.0000,0.0000,0.0000,0.0000,-1.5533,0.7740,-4.5534,3.3675,-10.7736,-4.4724,-0.1069,-0.0113,-0.0857,-0.0150,-0.1070,-0.0112
1786060648.2046,0.0000,0.0000,0.0000,0.0000,0.0000,0.0000,0.0000,0.0000,0.0000,0.0000,0.0000,0.0000,0.0000,0.0000,0.0000,0.0000,0.0000,0.0000,0.0000,0.0000,0.0000,0.0000,-1.5641,0.7725,-4.5621,3.3657,-10.7844,-4.4739,-0.1082,-0.0167,-0.0892,-0.0205,-0.1084,-0.0167
1786060648.2547,0.0000,0.0000,0.0000,0.0000,0.0000,0.0000,0.0000,0.0000,0.0000,0.0000,0.0000,0.0000,0.0000,0.0000,0.0000,0.0000,0.0000,0.0000,0.0000,0.0000,0.0000,0.0000,-1.5641,0.7725,-4.5621,3.3657,-10.7844,-4.4739,-0.1082,-0.0167,-0.0892,-0.0205,-0.1084,-0.0167
1786060648.3048,0.0000,0.0000,0.0000,0.0000,0.0000,0.0000,0.0000,0.0000,0.0000,0.0000,0.0000,0.0000,0.0000,0.0000,0.0000,0.0000,0.0000,0.0000,0.0000,0.0000,0.0000,0.0000,-1.5749,0.7710,-4.5712,3.3638,-10.7953,-4.4754,-0.1092,-0.0115,-0.0919,-0.0152,-0.1094,-0.0114
1786060648.3547,0.0000,0.0000,0.0000,0.0000,0.0000,0.0000,0.0000,0.0000,0.0000,0.0000,0.0000,0.0000,0.0000,0.0000,0.0000,0.0000,0.0000,0.0000,0.0000,0.0000,0.0000,0.0000,-1.5749,0.7710,-4.5712,3.3638,-10.7953,-4.4754,-0.1092,-0.0115,-0.0919,-0.0152,-0.1094,-0.0114
1786060648.4046,0.0000,0.0000,0.0000,0.0000,0.0000,0.0000,0.0000,0.0000,0.0000,0.0000,0.0000,0.0000,0.0000,0.0000,0.0000,0.0000,0.0000,0.0000,0.0000,0.0000,0.0000,0.0000,-1.5858,0.7704,-4.5805,3.3629,-10.8063,-4.4759,-0.1086,-0.0015,-0.0928,-0.0051,-0.1089,-0.0014
1786060648.4549,0.0000,0.0000,0.0000,0.0000,0.0000,0.0000,0.0000,0.0000,0.0000,0.0000,0.0000,0.0000,0.0000,0.0000,0.0000,0.0000,0.0000,0.0000,0.0000,0.0000,0.0000,0.0000,-1.5858,0.7704,-4.5805,3.3629,-10.8063,-4.4759,-0.1086,-0.0015,-0.0928,-0.0051,-0.1089,-0.0014
1786060648.5047,0.0000,0.0000,0.0000,0.0000,0.0000,0.0000,0.0000,0.0000,0.0000,0.0000,0.0000,0.0000,0.0000,0.0000,0.0000,0.0000,0.0000,0.0000,0.0000,0.0000,0.0000,0.0000,-1.5966,0.7706,-4.5898,3.3627,-10.8171,-4.4758,-0.1072,0.0022,-0.0931,-0.0010,-0.1075,0.0022
1786060648.5548,0.0000,0.0000,0.0000,0.0000,0.0000,0.0000,0.0000,0.0000,0.0000,0.0000,0.0000,0.0000,0.0000,0.0000,0.0000,0.0000,0.0000,0.0000,0.0000,0.0000,0.0000,0.0000,-1.5966,0.7706,-4.5898,3.3627,-10.8171,-4.4758,-0.1072,0.0022,-0.0931,-0.0010,-0.1075,0.0022
1786060648.6047,0.0000,0.0000,0.0000,0.0000,0.0000,0.0000,0.0000,0.0000,0.0000,0.0000,0.0000,0.0000,0.0000,0.0000,0.0000,0.0000,0.0000,0.0000,0.0000,0.0000,0.0000,0.0000,-1.6073,0.7705,-4.5991,3.3623,-10.8278,-4.4759,-0.1064,-0.0047,-0.0945,-0.0073,-0.1068,-0.0046
1786060648.6547,0.0000,0.0000,0.0000,0.0000,0.0000,0.0000,0.0000,0.0000,0.0000,0.0000,0.0000,0.0000,0.0000,0.0000,0.0000,0.0000,0.0000,0.0000,0.0000,0.0000,0.0000,0.0000,-1.6073,0.7705,-4.5991,3.3623,-10.8278,-4.4759,-0.1064,-0.0047,-0.0945,-0.0073,-0.1068,-0.0046
1786060648.7048,0.0000,0.0000,0.0000,0.0000,0.0000,0.0000,0.0000,0.0000,0.0000,0.0000,0.0000,0.0000,0.0000,0.0000,0.0000,0.0000,0.0000,0.0000,0.0000,0.0000,0.0000,0.0000,-1.6179,0.7695,-4.6087,3.3611,-10.8385,-4.4769,-0.1071,-0.0143,-0.0977,-0.0161,-0.1075,-0.0143
1786060648.7548,0.0000,0.0000,0.0000,0.0000,0.0000,0.0000,0.0000,0.0000,0.0000,0.0000,0.0000,0.0000,0.0000,0.0000,0.0000,0.0000,0.0000,0.0000,0.0000,0.0000,0.0000,0.0000,-1.6179,0.7695,-4.6087,3.3611,-10.8385,-4.4769,-0.1071,-0.0143,-0.0977,-0.0161,-0.1075,-0.0143
1786060648.8046,0.0000,0.0000,0.0000,0.0000,0.0000,0.0000,0.0000,0.0000,0.0000,0.0000,0.0000,0.0000,0.0000,0.0000,0.0000,0.0000,0.0000,0.0000,0.0000,0.0000,0.0000,0.0000,-1.6287,0.7678,-4.6187,3.3593,-10.8493,-4.4785,-0.1085,-0.0160,-0.1020,-0.0169,-0.1090,-0.0159
1786060648.8547,0.0000,0.0000,0.0000,0.0000,0.0000,0.0000,0.0000,0.0000,0.0000,0.0000,0.0000,0.0000,0.0000,0.0000,0.0000,0.0000,0.0000,0.0000,0.0000,0.0000,0.0000,0.0000,-1.6287,0.7678,-4.6187,3.3593,-10.8493,-4.4785,-0.1085,-0.0160,-0.1020,-0.0169,-0.1090,-0.0159
1786060648.9047,0.0000,0.0000,0.0000,0.0000,0.0000,0.0000,0.0000,0.0000,0.0000,0.0000,0.0000,0.0000,0.0000,0.0000,0.0000,0.0000,0.0000,0.0000,0.0000,0.0000,0.0000,0.0000,-1.6396,0.7666,-4.6291,3.3581,-10.8602,-4.4797,-0.1090,-0.0078,-0.1052,-0.0079,-0.1095,-0.0078
1786060648.9546,0.0000,0.0000,0.0000,0.0000,0.0000,0.0000,0.0000,0.0000,0.0000,0.0000,0.0000,0.0000,0.0000,0.0000,0.0000,0.0000,0.0000,0.0000,0.0000,0.0000,0.0000,0.0000,-1.6396,0.7666,-4.6291,3.3581,-10.8602,-4.4797,-0.1090,-0.0078,-0.1052,-0.0079,-0.1095,-0.0078
1786060649.0047,0.0000,0.0000,0.0000,0.0000,0.0000,0.0000,0.0000,0.0000,0.0000,0.0000,0.0000,0.0000,0.0000,0.0000,0.0000,0.0000,0.0000,0.0000,0.0000,0.0000,0.0000,0.0000,-1.6505,0.7664,-4.6397,3.3578,-10.8711,-4.4799,-0.1079,0.0011,-0.1065,0.0017,-0.1084,0.0012
1786060649.0547,0.0000,0.0000,0.0000,0.0000,0.0000,0.0000,0.0000,0.0000,0.0000,0.0000,0.0000,0.0000,0.0000,0.0000,0.0000,0.0000,0.0000,0.0000,0.0000,0.0000,0.0000,0.0000,-1.6505,0.7664,-4.6397,3.3578,-10.8711,-4.4799,-0.1079,0.0011,-0.1065,0.0017,-0.1084,0.0012
1786060649.1047,0.0000,0.0000,0.0000,0.0000,0.0000,0.0000,0.0000,0.0000,0.0000,0.0000,0.0000,0.0000,0.0000,0.0000,0.0000,0.0000,0.0000,0.0000,0.0000,0.0000,0.0000,0.0000,-1.6612,0.7666,-4.6504,3.3581,-10.8819,-4.4798,-0.1066,0.0007,-0.1072,0.0019,-0.1071,0.0008
