t,px,py,pyaw,gtbot_x,gtbot_y,gtbot_gtyaw,gtbot_imuyaw,gtbot_estyaw,gtbot_valid,gtbot2_x,gtbot2_y,gtbot2_gtyaw,gtbot2_imuyaw,gtbot2_estyaw,gtbot2_valid,gtbot3_x,gtbot3_y,gtbot3_gtyaw,gtbot3_imuyaw,gtbot3_estyaw,gtbot3_valid
0.2009,-0.0249,-0.0091,-0.0774,0.9279,0.0143,-2.9645,-2.9650,-2.9710,1.0000,-0.4860,0.7226,-0.9809,-0.9820,-0.9689,1.0000,-0.4477,-0.7395,0.9957,0.9979,0.9913,1.0000
0.4082,-0.0250,-0.0092,-0.0774,0.9273,0.0202,-2.9662,-2.9691,-2.9591,1.0000,-0.4855,0.7214,-0.9829,-0.9841,-0.9744,1.0000,-0.4543,-0.7349,1.0005,1.0035,0.9881,1.0000
0.6470,-0.0251,-0.0092,-0.0774,0.9257,0.0265,-2.9718,-2.9797,-2.9742,1.0000,-0.4848,0.7200,-0.9854,-0.9881,-0.9833,1.0000,-0.4629,-0.7292,1.0068,1.0133,0.9869,1.0000
0.8639,-0.0253,-0.0093,-0.0774,0.9231,0.0332,-2.9807,-2.9911,-2.9763,1.0000,-0.4840,0.7185,-0.9884,-0.9915,-0.9857,1.0000,-0.4741,-0.7218,1.0141,1.0210,1.0154,1.0000
1.0832,-0.0254,-0.0093,-0.0774,0.9198,0.0400,-2.9924,-3.0048,-2.9722,1.0000,-0.4833,0.7171,-0.9919,-0.9954,-0.9824,1.0000,-0.4875,-0.7124,1.0217,1.0281,1.0073,1.0000
1.2894,-0.0256,-0.0094,-0.0774,0.9164,0.0462,-3.0062,-3.0198,-2.9966,1.0000,-0.4827,0.7157,-0.9958,-0.9997,-0.9984,1.0000,-0.5004,-0.7016,1.0288,1.0338,1.0256,1.0000
1.4904,-0.0258,-0.0095,-0.0774,0.9133,0.0517,-3.0213,-3.0354,-3.0112,1.0000,-0.4820,0.7142,-1.0002,-1.0045,-0.9959,1.0000,-0.5123,-0.6904,1.0343,1.0374,1.0256,1.0000
1.7241,-0.0259,-0.0095,-0.0775,0.9101,0.0568,-3.0370,-3.0512,-3.0425,1.0000,-0.4812,0.7128,-1.0050,-1.0097,-1.0029,1.0000,-0.5248,-0.6788,1.0376,1.0385,1.0329,1.0000
1.9602,-0.0260,-0.0096,-0.0775,0.9068,0.0619,-3.0528,-3.0670,-3.0425,1.0000,-0.4805,0.7115,-1.0103,-1.0154,-1.0071,1.0000,-0.5378,-0.6669,1.0385,1.0377,1.0313,1.0000
2.1721,-0.0262,-0.0096,-0.0776,0.9034,0.0666,-3.0686,-3.0827,-3.0627,1.0000,-0.4797,0.7100,-1.0160,-1.0215,-1.0140,1.0000,-0.5491,-0.6549,1.0375,1.0356,1.0271,1.0000
2.3917,-0.0265,-0.0097,-0.0777,0.9002,0.0707,-3.0843,-3.0984,-3.0723,1.0000,-0.4789,0.7083,-1.0221,-1.0280,-1.0208,1.0000,-0.5573,-0.6436,1.0353,1.0325,1.0362,1.0000
2.5922,-0.0267,-0.0098,-0.0778,0.8973,0.0741,-3.1000,-3.1139,-3.0957,1.0000,-0.4782,0.7068,-1.0286,-1.0348,-1.0203,1.0000,-0.5635,-0.6336,1.0321,1.0282,1.0223,1.0000
2.8072,-0.0267,-0.0098,-0.0778,0.8947,0.0770,-3.1155,-3.1291,-3.0856,1.0000,-0.4774,0.7055,-1.0355,-1.0419,-1.0352,1.0000,-0.5696,-0.6249,1.0277,1.0218,1.0398,1.0000
3.0478,-0.0266,-0.0100,-0.0778,0.8922,0.0798,-3.1306,3.1394,-3.1050,1.0000,-0.4766,0.7041,-1.0427,-1.0494,-1.0351,1.0000,-0.5762,-0.6172,1.0211,1.0125,1.0269,1.0000
3.2550,-0.0239,-0.0102,-0.0773,0.8873,0.0852,3.1238,3.1210,-3.1245,1.0000,-0.4751,0.7010,-1.0578,-1.0586,-1.0521,1.0000,-0.5874,-0.6043,0.9977,0.9960,1.0307,1.0000
3.4656,-0.0172,-0.0108,-0.0767,0.8852,0.0874,3.1101,3.1114,3.1340,1.0000,-0.4751,0.7010,-1.0578,-1.0649,-1.0502,1.0000,-0.5874,-0.6043,0.9977,0.9813,1.0099,1.0000
3.6758,-0.0172,-0.0108,-0.0767,0.8852,0.0874,3.1101,3.0982,3.1211,1.0000,-0.4745,0.6997,-1.0657,-1.0729,-1.0653,1.0000,-0.5915,-0.5996,0.9792,0.9583,0.9985,1.0000
3.8838,-0.0069,-0.0115,-0.0762,0.8834,0.0893,3.0969,3.0858,3.0946,1.0000,-0.4738,0.6984,-1.0737,-1.0810,-1.0626,1.0000,-0.5959,-0.5964,0.9557,0.9302,0.9722,1.0000
4.0955,0.0053,-0.0124,-0.0757,0.8819,0.0911,3.0846,3.0751,3.1012,1.0000,-0.4731,0.6971,-1.0818,-1.0890,-1.0826,1.0000,-0.6007,-0.5946,0.9271,0.8973,0.9656,1.0000
4.3142,0.0292,-0.0140,-0.0750,0.8811,0.0928,3.0741,3.0672,3.0784,1.0000,-0.4725,0.6958,-1.0898,-1.0967,-1.0890,1.0000,-0.6053,-0.5941,0.8937,0.8601,0.9298,1.0000
4.5144,0.0395,-0.0147,-0.0748,0.8834,0.0954,3.0631,3.0629,3.0728,1.0000,-0.4711,0.6940,-1.1042,-1.1055,-1.1000,1.0000,-0.6118,-0.5977,0.8158,0.8075,0.9020,1.0000
4.7158,0.0493,-0.0153,-0.0747,0.8874,0.0961,3.0643,3.0664,3.0736,1.0000,-0.4701,0.6936,-1.1098,-1.1111,-1.1034,1.0000,-0.6140,-0.6019,0.7739,0.7613,0.8613,1.0000
4.9233,0.0595,-0.0159,-0.0747,0.8940,0.0965,3.0712,3.0826,3.0517,1.0000,-0.4686,0.6938,-1.1134,-1.1143,-1.1017,1.0000,-0.6154,-0.6074,0.7322,0.6961,0.7965,1.0000
5.1269,0.0703,-0.0165,-0.0748,0.9037,0.0965,3.0842,3.1011,3.0593,1.0000,-0.4667,0.6948,-1.1142,-1.1120,-1.1158,1.0000,-0.6158,-0.6144,0.6922,0.6591,0.7389,1.0000
5.3583,0.0915,-0.0177,-0.0752,0.9166,0.0962,3.1033,3.1253,3.0868,1.0000,-0.4642,0.6966,-1.1116,-1.1059,-1.1210,1.0000,-0.6152,-0.6227,0.6556,0.6270,0.7125,1.0000
5.6083,0.1015,-0.0182,-0.0755,0.9506,0.0955,-3.1260,-3.0971,3.1338,1.0000,-0.4572,0.7030,-1.0946,-1.0820,-1.1058,1.0000,-0.6112,-0.6431,0.5985,0.5811,0.6551,1.0000
5.8342,0.1117,-0.0187,-0.0759,0.9703,0.0952,-3.0938,-3.0639,-3.1401,1.0000,-0.4528,0.7076,-1.0805,-1.0650,-1.0905,1.0000,-0.6083,-0.6552,0.5795,0.5682,0.6157,1.0000
6.0347,0.1336,-0.0199,-0.0768,1.0110,0.0954,-3.0277,-3.0087,-3.0965,1.0000,-0.4425,0.7190,-1.0428,-1.0317,-1.0751,1.0000,-0.6009,-0.6833,0.5619,0.5616,0.5824,1.0000
6.2847,0.1445,-0.0205,-0.0773,1.0312,0.0959,-2.9965,-2.9705,-3.0393,1.0000,-0.4366,0.7255,-1.0201,-0.9981,-1.0543,1.0000,-0.5966,-0.6986,0.5627,0.5685,0.5580,1.0000
6.5143,0.1549,-0.0211,-0.0779,1.0503,0.0967,-2.9678,-2.9447,-2.9978,1.0000,-0.4308,0.7324,-0.9956,-0.9723,-1.0366,1.0000,-0.5920,-0.7148,0.5694,0.5799,0.5704,1.0000
6.7437,0.1650,-0.0216,-0.0784,1.0678,0.0976,-2.9423,-2.9227,-2.9528,1.0000,-0.4249,0.7393,-0.9697,-0.9459,-0.9901,1.0000,-0.5871,-0.7314,0.5813,0.5961,0.5916,1.0000
6.9522,0.1753,-0.0221,-0.0790,1.0835,0.0985,-2.9207,-2.9047,-2.9549,1.0000,-0.4189,0.7463,-0.9433,-0.9198,-0.9714,1.0000,-0.5820,-0.7483,0.5979,0.6165,0.5953,1.0000
7.1551,0.1973,-0.0233,-0.0802,1.0973,0.0992,-2.9032,-2.8909,-2.9223,1.0000,-0.4125,0.7530,-0.9173,-0.8949,-0.9315,1.0000,-0.5766,-0.7655,0.6188,0.6411,0.5975,1.0000
7.3611,0.2080,-0.0239,-0.0808,1.1229,0.1005,-2.8809,-2.8798,-2.8923,1.0000,-0.3987,0.7649,-0.8700,-0.8679,-0.9050,1.0000,-0.5639,-0.8013,0.6721,0.6751,0.6329,1.0000
7.5887,0.2181,-0.0244,-0.0813,1.1343,0.1009,-2.8769,-2.8771,-2.8805,1.0000,-0.3987,0.7649,-0.8700,-0.8524,-0.9039,1.0000,-0.5639,-0.8013,0.6721,0.6998,0.6568,1.0000
7.7921,0.2283,-0.0249,-0.0819,1.1444,0.1008,-2.8776,-2.8792,-2.8677,1.0000,-0.3829,0.7736,-0.8352,-0.8315,-0.8798,1.0000,-0.5486,-0.8372,0.7356,0.7455,0.6761,1.0000
8.0236,0.2388,-0.0255,-0.0824,1.1537,0.1004,-2.8830,-2.8916,-2.8746,1.0000,-0.3739,0.7766,-0.8244,-0.8188,-0.8443,1.0000,-0.5393,-0.8551,0.7688,0.7982,0.7441,1.0000
8.2525,0.2498,-0.0261,-0.0829,1.1625,0.1000,-2.8928,-2.9048,-2.8815,1.0000,-0.3643,0.7789,-0.8184,-0.8173,-0.8447,1.0000,-0.5283,-0.8730,0.8014,0.8294,0.7786,1.0000
8.4576,0.2607,-0.0267,-0.0833,1.1711,0.0996,-2.9063,-2.9213,-2.8951,1.0000,-0.3536,0.7802,-0.8174,-0.8204,-0.8224,1.0000,-0.5155,-0.8907,0.8323,0.8577,0.7946,1.0000
8.7071,0.2713,-0.0273,-0.0838,1.1793,0.0990,-2.9231,-2.9404,-2.9199,1.0000,-0.3423,0.7807,-0.8210,-0.8280,-0.8202,1.0000,-0.5007,-0.9078,0.8604,0.8825,0.8298,1.0000
8.9227,0.2815,-0.0278,-0.0841,1.1870,0.0982,-2.9424,-2.9614,-2.9363,1.0000,-0.3307,0.7807,-0.8290,-0.8395,-0.8179,1.0000,-0.4836,-0.9241,0.8847,0.9029,0.8418,1.0000
9.1651,0.3024,-0.0289,-0.0848,1.1944,0.0974,-2.9635,-2.9834,-2.9595,1.0000,-0.3187,0.7803,-0.8408,-0.8542,-0.8416,1.0000,-0.4643,-0.9391,0.9047,0.9184,0.8684,1.0000
9.3766,0.3133,-0.0295,-0.0850,1.2017,0.0967,-2.9857,-3.0058,-2.9796,1.0000,-0.3063,0.7795,-0.8558,-0.8716,-0.8537,1.0000,-0.4433,-0.9528,0.9197,0.9289,0.8998,1.0000
9.5814,0.3241,-0.0301,-0.0853,1.2163,0.0956,-3.0298,-3.0424,-3.0295,1.0000,-0.2810,0.7769,-0.8928,-0.9029,-0.9009,1.0000,-0.3958,-0.9758,0.9351,0.9361,0.9252,1.0000
9.8082,0.3344,-0.0307,-0.0854,1.2239,0.0951,-3.0504,-3.0674,-3.0544,1.0000,-0.2684,0.7754,-0.9132,-0.9319,-0.9091,1.0000,-0.3704,-0.9842,0.9364,0.9351,0.9292,1.0000
10.0127,0.3548,-0.0317,-0.0856,1.2318,0.0946,-3.0692,-3.0842,-3.0739,1.0000,-0.2559,0.7739,-0.9339,-0.9522,-0.9127,1.0000,-0.3450,-0.9904,0.9348,0.9321,0.9174,1.0000
10.2187,0.3655,-0.0323,-0.0857,1.2489,0.0939,-3.0995,-3.1081,-3.0663,1.0000,-0.2313,0.7711,-0.9734,-0.9858,-0.9324,1.0000,-0.2955,-0.9975,0.9281,0.9257,0.9280,1.0000
10.4680,0.3763,-0.0329,-0.0857,1.2588,0.0936,-3.1099,-3.1163,-3.0941,1.0000,-0.2192,0.7700,-0.9908,-1.0044,-0.9888,1.0000,-0.2722,-0.9989,0.9248,0.9229,0.9107,1.0000
10.6697,0.3971,-0.0341,-0.0856,1.2691,0.0931,-3.1168,-3.1201,-3.1119,1.0000,-0.2074,0.7693,-1.0058,-1.0170,-0.9932,1.0000,-0.2503,-0.9988,0.9228,0.9225,0.9223,1.0000
10.8711,0.4072,-0.0346,-0.0855,1.2913,0.0923,-3.1205,-3.1179,-3.1017,1.0000,-0.1845,0.7691,-1.0274,-1.0330,-1.0027,1.0000,-0.2115,-0.9963,0.9246,0.9284,0.9189,1.0000
11.0866,0.4177,-0.0351,-0.0854,1.3035,0.0918,-3.1175,-3.1122,-3.1302,1.0000,-0.1733,0.7696,-1.0335,-1.0361,-1.0264,1.0000,-0.1942,-0.9945,0.9289,0.9348,0.9150,1.0000
11.2963,0.4285,-0.0357,-0.0853,1.3162,0.0913,-3.1115,-3.1038,-3.1281,1.0000,-0.1623,0.7707,-1.0362,-1.0359,-1.0203,1.0000,-0.1777,-0.9928,0.9356,0.9437,0.9381,1.0000
11.4973,0.4499,-0.0369,-0.0849,1.3424,0.0904,-3.0918,-3.0816,-3.1200,1.0000,-0.1411,0.7742,-1.0321,-1.0279,-1.0258,1.0000,-0.1462,-0.9906,0.9564,0.9658,0.9349,1.0000
11.7427,0.4601,-0.0375,-0.0847,1.3558,0.0901,-3.0789,-3.0659,-3.0955,1.0000,-0.1308,0.7766,-1.0258,-1.0181,-1.0022,1.0000,-0.1330,-0.9900,0.9698,0.9818,0.9743,1.0000
11.9429,0.4811,-0.0385,-0.0842,1.3833,0.0897,-3.0489,-3.0505,-3.0836,1.0000,-0.1207,0.7794,-1.0171,-1.0077,-1.0084,1.0000,-0.1228,-0.9896,0.9831,0.9942,0.9816,1.0000
12.1561,0.4919,-0.0391,-0.0840,1.3971,0.0896,-3.0329,-3.0185,-3.0488,1.0000,-0.1011,0.7856,-0.9947,-0.9832,-1.0165,1.0000,-0.1015,-0.9896,1.0065,1.0156,0.9583,1.0000
12.3798,0.5131,-0.0403,-0.0835,1.4108,0.0897,-3.0169,-3.0028,-3.0415,1.0000,-0.0914,0.7890,-0.9819,-0.9701,-0.9951,1.0000,-0.0925,-0.9896,1.0166,1.0249,1.0010,1.0000
12.6218,0.5233,-0.0408,-0.0833,1.4376,0.0902,-2.9866,-2.9746,-2.9980,1.0000,-0.0725,0.7958,-0.9558,-0.9448,-0.9785,1.0000,-0.0812,-0.9887,1.0339,1.0401,1.0550,1.0000
12.8402,0.5443,-0.0419,-0.0828,1.4506,0.0905,-2.9733,-2.9628,-2.9793,1.0000,-0.0630,0.7990,-0.9436,-0.9336,-0.9670,1.0000,-0.0762,-0.9877,1.0408,1.0457,1.0361,1.0000
13.0434,0.5551,-0.0425,-0.0826,1.4756,0.0913,-2.9521,-2.9474,-2.9702,1.0000,-0.0427,0.8043,-0.9234,-0.9196,-0.9549,1.0000,-0.0644,-0.9835,1.0499,1.0510,1.0438,1.0000
13.2931,0.5656,-0.0431,-0.0823,1.4876,0.0917,-2.9448,-2.9402,-2.9477,1.0000,-0.0316,0.8058,-0.9164,-0.9124,-0.9323,1.0000,-0.0587,-0.9800,1.0515,1.0508,1.0459,1.0000
13.4933,0.5863,-0.0442,-0.0820,1.5103,0.0923,-2.9375,-2.9374,-2.9446,1.0000,-0.0078,0.8070,-0.9108,-0.9108,-0.9089,1.0000,-0.0469,-0.9702,1.0471,1.0471,1.0618,1.0000
13.7095,0.5968,-0.0447,-0.0818,1.5211,0.0925,-2.9376,-2.9383,-2.9539,1.0000,0.0052,0.8067,-0.9123,-0.9133,-0.9014,1.0000,-0.0399,-0.9637,1.0409,1.0385,1.0449,1.0000
13.9134,0.6076,-0.0453,-0.0816,1.5315,0.0926,-2.9401,-2.9418,-2.9474,1.0000,0.0193,0.8052,-0.9166,-0.9184,-0.9086,1.0000,-0.0320,-0.9563,1.0320,1.0288,1.0424,1.0000
14.1171,0.6183,-0.0458,-0.0815,1.5415,0.0926,-2.9450,-2.9503,-2.9387,1.0000,0.0338,0.8032,-0.9233,-0.9293,-0.9134,1.0000,-0.0235,-0.9481,1.0204,1.0108,1.0442,1.0000
14.3491,0.6288,-0.0464,-0.0814,1.5513,0.0926,-2.9518,-2.9593,-2.9519,1.0000,0.0482,0.8010,-0.9322,-0.9417,-0.8945,1.0000,-0.0144,-0.9393,1.0064,0.9919,1.0208,1.0000
14.5728,0.6391,-0.0470,-0.0813,1.5608,0.0925,-2.9602,-2.9688,-2.9550,1.0000,0.0629,0.7986,-0.9428,-0.9535,-0.9161,1.0000,-0.0046,-0.9301,0.9902,0.9743,1.0028,1.0000
14.7786,0.6601,-0.0480,-0.0811,1.5794,0.0922,-2.9803,-2.9890,-2.9556,1.0000,0.0928,0.7933,-0.9675,-0.9767,-0.9466,1.0000,0.0172,-0.9107,0.9538,0.9405,0.9863,1.0000
14.9827,0.6709,-0.0486,-0.0811,1.5886,0.0921,-2.9912,-3.0010,-2.9951,1.0000,0.1077,0.7905,-0.9806,-0.9923,-0.9724,1.0000,0.0290,-0.9014,0.9348,0.9181,0.9403,1.0000
15.1948,0.6921,-0.0497,-0.0811,1.5978,0.0919,-3.0021,-3.0117,-2.9887,1.0000,0.1225,0.7878,-0.9936,-1.0047,-0.9828,1.0000,0.0411,-0.8926,0.9163,0.9004,0.9187,1.0000
15.4146,0.7024,-0.0502,-0.0811,1.6164,0.0916,-3.0227,-3.0308,-2.9866,1.0000,0.1517,0.7831,-1.0172,-1.0262,-0.9934,1.0000,0.0657,-0.8769,0.8829,0.8704,0.9232,1.0000
15.6597,0.7129,-0.0507,-0.0811,1.6259,0.0915,-3.0317,-3.0388,-3.0269,1.0000,0.1662,0.7810,-1.0271,-1.0346,-1.0001,1.0000,0.0779,-0.8705,0.8691,0.8587,0.9133,1.0000
15.8879,0.7342,-0.0519,-0.0812,1.6357,0.0914,-3.0395,-3.0452,-3.0465,1.0000,0.1805,0.7792,-1.0354,-1.0412,-1.0111,1.0000,0.0903,-0.8650,0.8577,0.8495,0.8764,1.0000
16.0909,0.7448,-0.0524,-0.0813,1.6457,0.0913,-3.0458,-3.0501,-3.0345,1.0000,0.1947,0.7777,-1.0417,-1.0458,-1.0165,1.0000,0.1027,-0.8603,0.8487,0.8421,0.8683,1.0000
16.2910,0.7552,-0.0530,-0.0813,1.6666,0.0911,-3.0534,-3.0537,-3.0548,1.0000,0.2224,0.7758,-1.0486,-1.0488,-1.0341,1.0000,0.1227,-0.8533,0.8346,0.8332,0.8520,1.0000
16.5402,0.7655,-0.0535,-0.0814,1.6775,0.0910,-3.0545,-3.0539,-3.0588,1.0000,0.2361,0.7753,-1.0491,-1.0482,-1.0528,1.0000,0.1315,-0.8504,0.8278,0.8215,0.8217,1.0000
16.7690,0.7761,-0.0540,-0.0815,1.6887,0.0910,-3.0537,-3.0516,-3.0487,1.0000,0.2496,0.7752,-1.0481,-1.0458,-1.0543,1.0000,0.1407,-0.8479,0.8208,0.8144,0.8205,1.0000
16.9843,0.7868,-0.0545,-0.0816,1.7002,0.0910,-3.0513,-3.0477,-3.0458,1.0000,0.2630,0.7753,-1.0455,-1.0421,-1.0477,1.0000,0.1487,-0.8456,0.8137,0.8072,0.8238,1.0000
17.1943,0.8080,-0.0557,-0.0818,1.7119,0.0910,-3.0472,-3.0423,-3.0555,1.0000,0.2762,0.7756,-1.0417,-1.0375,-1.0521,1.0000,0.1547,-0.8435,0.8065,0.7998,0.8035,1.0000
17.3979,0.8184,-0.0562,-0.0819,1.7360,0.0911,-3.0349,-3.0319,-3.0589,1.0000,0.3023,0.7768,-1.0317,-1.0301,-1.0466,1.0000,0.1638,-0.8399,0.7914,0.7891,0.7963,1.0000
17.6016,0.8288,-0.0567,-0.0820,1.7482,0.0912,-3.0271,-3.0203,-3.0228,1.0000,0.3153,0.7775,-1.0263,-1.0226,-1.0374,1.0000,0.1686,-0.8383,0.7836,0.7782,0.7907,1.0000
17.8420,0.8394,-0.0572,-0.0821,1.7606,0.0913,-3.0185,-3.0104,-3.0264,1.0000,0.3282,0.7782,-1.0210,-1.0168,-1.0336,1.0000,0.1734,-0.8368,0.7760,0.7699,0.7607,1.0000
18.0672,0.8501,-0.0578,-0.0822,1.7730,0.0916,-3.0095,-3.0013,-3.0124,1.0000,0.3412,0.7789,-1.0163,-1.0127,-1.0248,1.0000,0.1777,-0.8351,0.7693,0.7646,0.7695,1.0000
18.2775,0.8607,-0.0584,-0.0823,1.7853,0.0918,-3.0004,-2.9923,-3.0092,1.0000,0.3542,0.7795,-1.0124,-1.0098,-1.0113,1.0000,0.1814,-0.8336,0.7642,0.7611,0.7523,1.0000
18.4936,0.8816,-0.0594,-0.0825,1.7976,0.0921,-2.9914,-2.9837,-3.0008,1.0000,0.3672,0.7799,-1.0096,-1.0081,-1.0291,1.0000,0.1851,-0.8324,0.7609,0.7598,0.7562,1.0000
18.7177,0.8921,-0.0599,-0.0826,1.8098,0.0924,-2.9829,-2.9757,-2.9854,1.0000,0.3803,0.7802,-1.0080,-1.0079,-1.0304,1.0000,0.1893,-0.8315,0.7597,0.7606,0.7504,1.0000
18.9267,0.9027,-0.0605,-0.0827,1.8219,0.0928,-2.9750,-2.9686,-2.9708,1.0000,0.3935,0.7803,-1.0079,-1.0091,-1.0138,1.0000,0.1940,-0.8304,0.7609,0.7638,0.7682,1.0000
19.1352,0.9134,-0.0611,-0.0827,1.8338,0.0932,-2.9680,-2.9626,-2.9890,1.0000,0.4068,0.7801,-1.0094,-1.0119,-1.0035,1.0000,0.1989,-0.8292,0.7643,0.7692,0.7648,1.0000
19.3730,0.9134,-0.0611,-0.0827,1.8455,0.0935,-2.9620,-2.9577,-2.9765,1.0000,0.4202,0.7798,-1.0123,-1.0162,-0.9966,1.0000,0.2041,-0.8281,0.7699,0.7766,0.7830,1.0000
19.6059,0.9239,-0.0616,-0.0828,1.8570,0.0939,-2.9573,-2.9541,-2.9642,1.0000,0.4337,0.7793,-1.0167,-1.0218,-0.9939,1.0000,0.2100,-0.8271,0.7774,0.7854,0.7867,1.0000
19.8205,0.9448,-0.0627,-0.0829,1.8682,0.0942,-2.9538,-2.9518,-2.9620,1.0000,0.4473,0.7785,-1.0224,-1.0286,-1.0246,1.0000,0.2167,-0.8258,0.7864,0.7953,0.7752,1.0000
20.0218,0.9553,-0.0632,-0.0829,1.8793,0.0945,-2.9516,-2.9508,-2.9689,1.0000,0.4611,0.7776,-1.0293,-1.0363,-1.0353,1.0000,0.2242,-0.8242,0.7963,0.8056,0.7907,1.0000
20.2431,0.9660,-0.0637,-0.0830,1.8901,0.0948,-2.9507,-2.9511,-2.9551,1.0000,0.4749,0.7766,-1.0372,-1.0448,-1.0488,1.0000,0.2326,-0.8223,0.8066,0.8156,0.8092,1.0000
20.4524,0.9766,-0.0643,-0.0830,1.9008,0.0950,-2.9512,-2.9527,-2.9625,1.0000,0.4887,0.7755,-1.0457,-1.0537,-1.0247,1.0000,0.2422,-0.8201,0.8166,0.8247,0.8225,1.0000
20.6628,0.9871,-0.0649,-0.0830,1.9112,0.0952,-2.9529,-2.9553,-2.9604,1.0000,0.5026,0.7743,-1.0546,-1.0626,-1.0379,1.0000,0.2532,-0.8174,0.8256,0.8322,0.8372,1.0000
20.8630,0.9976,-0.0654,-0.0830,1.9215,0.0953,-2.9556,-2.9590,-2.9808,1.0000,0.5165,0.7731,-1.0635,-1.0714,-1.0457,1.0000,0.2655,-0.8140,0.8328,0.8374,0.8357,1.0000
21.0641,1.0081,-0.0659,-0.0830,1.9417,0.0955,-2.9639,-2.9634,-2.9731,1.0000,0.5303,0.7720,-1.0723,-1.0798,-1.0621,1.0000,0.2794,-0.8100,0.8377,0.8398,0.8466,1.0000
21.2648,1.0187,-0.0664,-0.0830,1.9517,0.0956,-2.9689,-2.9689,-2.9706,1.0000,0.5580,0.7700,-1.0883,-1.0875,-1.0611,1.0000,0.2949,-0.8057,0.8399,0.8394,0.8295,1.0000
21.4747,1.0293,-0.0669,-0.0830,1.9517,0.0956,-2.9689,-2.9738,-2.9565,1.0000,0.5580,0.7700,-1.0883,-1.0944,-1.0673,1.0000,0.3119,-0.8011,0.8392,0.8362,0.8287,1.0000
21.7076,1.0293,-0.0669,-0.0830,1.9616,0.0956,-2.9743,-2.9793,-2.9710,1.0000,0.5717,0.7692,-1.0950,-1.1002,-1.0798,1.0000,0.3303,-0.7966,0.8357,0.8303,0.8462,1.0000
21.9370,1.0504,-0.0681,-0.0830,1.9715,0.0957,-2.9798,-2.9847,-2.9688,1.0000,0.5854,0.7686,-1.1008,-1.1050,-1.0918,1.0000,0.3498,-0.7923,0.8296,0.8226,0.8424,1.0000
22.1656,1.0504,-0.0681,-0.0830,1.9815,0.0957,-2.9853,-2.9899,-2.9874,1.0000,0.5990,0.7681,-1.1054,-1.1087,-1.1101,1.0000,0.3698,-0.7884,0.8217,0.8136,0.8526,1.0000
22.3956,1.0608,-0.0686,-0.0830,1.9915,0.0957,-2.9904,-2.9946,-2.9968,1.0000,0.6126,0.7679,-1.1090,-1.1112,-1.1081,1.0000,0.3900,-0.7845,0.8127,0.8045,0.8343,1.0000
22.6416,1.0713,-0.0691,-0.0829,2.0015,0.0958,-2.9950,-2.9986,-3.0101,1.0000,0.6261,0.7678,-1.1114,-1.1127,-1.1032,1.0000,0.4100,-0.7809,0.8036,0.7960,0.8093,1.0000
22.8911,1.0820,-0.0696,-0.0829,2.0118,0.0958,-2.9990,-3.0019,-3.0056,1.0000,0.6395,0.7680,-1.1128,-1.1131,-1.1092,1.0000,0.4299,-0.7778,0.7952,0.7887,0.8272,1.0000
23.0983,1.0926,-0.0702,-0.0828,2.0221,0.0959,-3.0022,-3.0037,-3.0122,1.0000,0.6529,0.7683,-1.1131,-1.1130,-1.1193,1.0000,0.4495,-0.7753,0.7881,0.7852,0.8299,1.0000
23.3033,1.1031,-0.0707,-0.0828,2.0326,0.0959,-3.0046,-3.0051,-3.0208,1.0000,0.6662,0.7688,-1.1126,-1.1124,-1.1193,1.0000,0.4685,-0.7729,0.7828,0.7817,0.8299,1.0000
23.5053,1.1136,-0.0713,-0.0828,2.0432,0.0960,-3.0060,-3.0063,-3.0208,1.0000,0.6794,0.7694,-1.1115,-1.1111,-1.1148,1.0000,0.4867,-0.7703,0.7797,0.7793,0.8118,1.0000
23.7058,1.1241,-0.0717,-0.0827,2.0540,0.0961,-3.0065,-3.0063,-3.0170,1.0000,0.6926,0.7701,-1.1099,-1.1087,-1.1085,1.0000,0.5045,-0.7675,0.7791,0.7803,0.8074,1.0000
23.9059,1.1346,-0.0722,-0.0827,2.0649,0.0963,-3.0061,-3.0052,-3.0170,1.0000,0.7057,0.7708,-1.1081,-1.1070,-1.1186,1.0000,0.5220,-0.7650,0.7812,0.7837,0.7948,1.0000
24.1270,1.1346,-0.0722,-0.0827,2.0649,0.0963,-3.0061,-3.0049,-3.0170,1.0000,0.7057,0.7708,-1.1081,-1.1065,-1.1186,1.0000,0.5220,-0.7650,0.7812,0.7852,0.7948,1.0000
24.3614,1.1452,-0.0728,-0.0826,2.0760,0.0964,-3.0048,-3.0028,-3.0203,1.0000,0.7189,0.7716,-1.1063,-1.1049,-1.1098,1.0000,0.5392,-0.7626,0.7858,0.7921,0.7932,1.0000
24.5614,1.1558,-0.0733,-0.0826,2.0872,0.0966,-3.0025,-3.0011,-3.0203,1.0000,0.7320,0.7724,-1.1048,-1.1041,-1.1098,1.0000,0.5562,-0.7604,0.7929,0.7964,0.7932,1.0000
24.7938,1.1558,-0.0733,-0.0826,2.0872,0.0966,-3.0025,-2.9997,-2.9956,1.0000,0.7320,0.7724,-1.1048,-1.1037,-1.0999,1.0000,0.5562,-0.7604,0.7929,0.8011,0.7763,1.0000
24.9963,1.1768,-0.0744,-0.0825,2.0985,0.0967,-2.9994,-2.9959,-2.9922,1.0000,0.7451,0.7731,-1.1036,-1.1030,-1.1035,1.0000,0.5728,-0.7584,0.8021,0.8118,0.7788,1.0000
25.2029,1.1873,-0.0749,-0.0825,2.1215,0.0971,-2.9910,-2.9870,-2.9873,1.0000,0.7715,0.7744,-1.1030,-1.1035,-1.0934,1.0000,0.6054,-0.7545,0.8251,0.8339,0.7919,1.0000
25.4094,1.1978,-0.0754,-0.0824,2.1331,0.0974,-2.9860,-2.9813,-2.9738,1.0000,0.7847,0.7749,-1.1038,-1.1053,-1.0916,1.0000,0.6216,-0.7526,0.8378,0.8492,0.8156,1.0000
25.6207,1.2085,-0.0759,-0.0824,2.1447,0.0976,-2.9807,-2.9759,-2.9756,1.0000,0.7980,0.7753,-1.1055,-1.1077,-1.1026,1.0000,0.6377,-0.7509,0.8505,0.8615,0.8407,1.0000
25.8333,1.2191,-0.0765,-0.0824,2.1563,0.0978,-2.9754,-2.9706,-2.9838,1.0000,0.8113,0.7755,-1.1080,-1.1110,-1.1041,1.0000,0.6539,-0.7491,0.8627,0.8727,0.8491,1.0000
26.0386,1.2296,-0.0770,-0.0823,2.1679,0.0981,-2.9701,-2.9656,-2.9755,1.0000,0.8247,0.7757,-1.1114,-1.1151,-1.1050,1.0000,0.6702,-0.7474,0.8738,0.8826,0.8695,1.0000
26.2500,1.2401,-0.0775,-0.0823,2.1794,0.0984,-2.9651,-2.9609,-2.9787,1.0000,0.8381,0.7757,-1.1156,-1.1200,-1.1169,1.0000,0.6865,-0.7465,0.8835,0.8908,0.8758,1.0000
26.4764,1.2506,-0.0780,-0.0823,2.1909,0.0986,-2.9605,-2.9568,-2.9632,1.0000,0.8516,0.7757,-1.1206,-1.1256,-1.1165,1.0000,0.7030,-0.7465,0.8915,0.8971,0.8740,1.0000
26.7250,1.2612,-0.0785,-0.0823,2.2022,0.0988,-2.9564,-2.9532,-2.9606,1.0000,0.8651,0.7755,-1.1262,-1.1316,-1.1142,1.0000,0.7196,-0.7469,0.8976,0.9016,0.9019,1.0000
26.9323,1.2718,-0.0791,-0.0822,2.2133,0.0986,-2.9529,-2.9504,-2.9435,1.0000,0.8787,0.7753,-1.1323,-1.1380,-1.1258,1.0000,0.7362,-0.7479,0.9019,0.9044,0.9114,1.0000
27.1801,1.2928,-0.0801,-0.0822,2.2244,0.0978,-2.9501,-2.9482,-2.9489,1.0000,0.8922,0.7751,-1.1387,-1.1447,-1.1282,1.0000,0.7530,-0.7500,0.9046,0.9058,0.9242,1.0000
27.3841,1.3033,-0.0806,-0.0822,2.2354,0.0969,-2.9480,-2.9468,-2.9297,1.0000,0.9059,0.7748,-1.1453,-1.1513,-1.1517,1.0000,0.7700,-0.7532,0.9059,0.9061,0.9323,1.0000
27.5841,1.3138,-0.0811,-0.0822,2.2568,0.0953,-2.9463,-2.9463,-2.9287,1.0000,0.9331,0.7743,-1.1586,-1.1599,-1.1540,1.0000,0.8042,-0.7627,0.9056,0.9056,0.9258,1.0000
27.7929,1.3244,-0.0816,-0.0822,2.2568,0.0953,-2.9463,-2.9466,-2.9191,1.0000,0.9331,0.7743,-1.1586,-1.1643,-1.1522,1.0000,0.8042,-0.7627,0.9056,0.9049,0.9131,1.0000
27.9982,1.3244,-0.0816,-0.0822,2.2674,0.0936,-2.9467,-2.9477,-2.9425,1.0000,0.9467,0.7741,-1.1649,-1.1703,-1.1564,1.0000,0.8211,-0.7685,0.9048,0.9040,0.9099,1.0000
28.2308,1.3350,-0.0822,-0.0822,2.2781,0.0916,-2.9479,-2.9496,-2.9547,1.0000,0.9603,0.7740,-1.1708,-1.1758,-1.1607,1.0000,0.8377,-0.7747,0.9039,0.9034,0.9037,1.0000
28.4727,1.3455,-0.0827,-0.0822,2.2887,0.0899,-2.9499,-2.9522,-2.9539,1.0000,0.9739,0.7739,-1.1763,-1.1807,-1.1444,1.0000,0.8541,-0.7813,0.9033,0.9032,0.8978,1.0000
28.6740,1.3665,-0.0836,-0.0822,2.3095,0.0872,-2.9557,-2.9553,-2.9533,1.0000,0.9875,0.7740,-1.1812,-1.1851,-1.1528,1.0000,0.8699,-0.7883,0.9032,0.9035,0.9011,1.0000
28.8907,1.3771,-0.0841,-0.0822,2.3095,0.0872,-2.9557,-2.9590,-2.9467,1.0000,1.0011,0.7741,-1.1855,-1.1889,-1.1631,1.0000,0.8852,-0.7956,0.9036,0.9045,0.8942,1.0000
29.0917,1.3877,-0.0847,-0.0822,2.3305,0.0834,-2.9635,-2.9639,-2.9492,1.0000,1.0282,0.7748,-1.1923,-1.1926,-1.1806,1.0000,0.9135,-0.8103,0.9065,0.9067,0.9150,1.0000
29.2995,1.3983,-0.0852,-0.0823,2.3305,0.0834,-2.9635,-2.9674,-2.9507,1.0000,1.0282,0.7748,-1.1923,-1.1945,-1.1835,1.0000,0.9135,-0.8103,0.9065,0.9090,0.9248,1.0000
29.5002,1.4088,-0.0857,-0.0823,2.3512,0.0802,-2.9723,-2.9750,-2.9497,1.0000,1.0552,0.7759,-1.1966,-1.1973,-1.1890,1.0000,0.9370,-0.8262,0.9136,0.9162,0.9334,1.0000
29.7022,1.4193,-0.0862,-0.0823,2.3615,0.0786,-2.9769,-2.9804,-2.9462,1.0000,1.0686,0.7765,-1.1980,-1.1987,-1.1867,1.0000,0.9461,-0.8351,0.9192,0.9239,0.9174,1.0000
29.9519,1.4298,-0.0867,-0.0823,2.3720,0.0768,-2.9813,-2.9850,-2.9736,1.0000,1.0821,0.7773,-1.1989,-1.1996,-1.1988,1.0000,0.9535,-0.8446,0.9262,0.9337,0.9312,1.0000
30.1864,1.4404,-0.0872,-0.0823,2.3825,0.0750,-2.9855,-2.9889,-2.9849,1.0000,1.0955,0.7781,-1.1996,-1.2002,-1.2066,1.0000,0.9584,-0.8555,0.9347,0.9438,0.9377,1.0000
30.4051,1.4615,-0.0883,-0.0824,2.4036,0.0718,-2.9928,-2.9924,-2.9825,1.0000,1.1089,0.7790,-1.2002,-1.2007,-1.1996,1.0000,0.9605,-0.8677,0.9449,0.9555,0.9507,1.0000
30.6548,1.4720,-0.0888,-0.0824,2.4143,0.0702,-2.9958,-2.9980,-2.9810,1.0000,1.1358,0.7807,-1.2015,-1.2023,-1.2072,1.0000,0.9595,-0.8914,0.9699,0.9822,0.9793,1.0000
30.8821,1.4825,-0.0892,-0.0824,2.4251,0.0686,-2.9983,-3.0000,-2.9755,1.0000,1.1492,0.7816,-1.2024,-1.2036,-1.1956,1.0000,0.9567,-0.9025,0.9836,0.9958,0.9911,1.0000
31.1143,1.4931,-0.0897,-0.0824,2.4360,0.0669,-3.0002,-3.0015,-2.9780,1.0000,1.1626,0.7824,-1.2037,-1.2052,-1.2159,1.0000,0.9528,-0.9132,0.9972,1.0086,0.9889,1.0000
31.3227,1.5036,-0.0902,-0.0824,2.4470,0.0654,-3.0016,-3.0024,-2.9820,1.0000,1.1761,0.7832,-1.2054,-1.2073,-1.2222,1.0000,0.9485,-0.9229,1.0099,1.0203,1.0229,1.0000
31.5655,1.5142,-0.0908,-0.0824,2.4580,0.0639,-3.0024,-3.0028,-2.9828,1.0000,1.1896,0.7839,-1.2075,-1.2099,-1.2307,1.0000,0.9446,-0.9311,1.0214,1.0309,1.0252,1.0000
31.7780,1.5247,-0.0913,-0.0824,2.4691,0.0624,-3.0028,-3.0028,-2.9898,1.0000,1.2031,0.7846,-1.2102,-1.2130,-1.2270,1.0000,0.9412,-0.9373,1.0319,1.0404,1.0119,1.0000
32.0076,1.5352,-0.0917,-0.0825,2.4803,0.0609,-3.0027,-3.0023,-3.0041,1.0000,1.2166,0.7852,-1.2133,-1.2167,-1.2269,1.0000,0.9382,-0.9419,1.0413,1.0489,1.0135,1.0000
32.2219,1.5457,-0.0922,-0.0825,2.4916,0.0594,-3.0022,-3.0015,-3.0001,1.0000,1.2302,0.7857,-1.2171,-1.2209,-1.2241,1.0000,0.9357,-0.9460,1.0496,1.0558,1.0290,1.0000
32.4434,1.5563,-0.0927,-0.0825,2.5029,0.0580,-3.0014,-3.0005,-3.0052,1.0000,1.2438,0.7861,-1.2213,-1.2255,-1.2228,1.0000,0.9338,-0.9500,1.0564,1.0610,1.0389,1.0000
32.6713,1.5669,-0.0932,-0.0825,2.5142,0.0566,-3.0003,-2.9993,-2.9982,1.0000,1.2574,0.7865,-1.2260,-1.2305,-1.2320,1.0000,0.9325,-0.9534,1.0614,1.0638,1.0491,1.0000
32.8876,1.5774,-0.0938,-0.0825,2.5256,0.0552,-2.9991,-2.9980,-3.0045,1.0000,1.2711,0.7869,-1.2310,-1.2357,-1.2439,1.0000,0.9317,-0.9558,1.0639,1.0637,1.0351,1.0000
33.1133,1.5880,-0.0943,-0.0825,2.5370,0.0538,-2.9979,-2.9967,-2.9977,1.0000,1.2847,0.7872,-1.2362,-1.2411,-1.2401,1.0000,0.9318,-0.9570,1.0635,1.0599,1.0554,1.0000
33.3548,1.5985,-0.0947,-0.0825,2.5484,0.0524,-2.9966,-2.9955,-2.9993,1.0000,1.2984,0.7875,-1.2416,-1.2466,-1.2500,1.0000,0.9331,-0.9576,1.0593,1.0519,1.0481,1.0000
33.5610,1.6196,-0.0957,-0.0825,2.5710,0.0496,-2.9944,-2.9942,-3.0010,1.0000,1.3259,0.7880,-1.2527,-1.2533,-1.2570,1.0000,0.9393,-0.9572,1.0379,1.0363,1.0355,1.0000
33.7640,1.6302,-0.0962,-0.0825,2.5823,0.0483,-2.9937,-2.9935,-3.0106,1.0000,1.3397,0.7883,-1.2582,-1.2598,-1.2506,1.0000,0.9442,-0.9552,1.0204,1.0144,1.0374,1.0000
33.9653,1.6407,-0.0968,-0.0825,2.5935,0.0469,-2.9932,-2.9932,-3.0106,1.0000,1.3534,0.7887,-1.2635,-1.2641,-1.2494,1.0000,0.9504,-0.9520,0.9990,0.9966,1.0323,1.0000
34.1727,1.6512,-0.0972,-0.0825,2.6047,0.0455,-2.9931,-2.9932,-2.9951,1.0000,1.3672,0.7890,-1.2686,-1.2701,-1.2543,1.0000,0.9583,-0.9484,0.9740,0.9659,1.0147,1.0000
34.3734,1.6618,-0.0977,-0.0825,2.6158,0.0441,-2.9933,-2.9936,-2.9881,1.0000,1.3810,0.7894,-1.2735,-1.2757,-1.2725,1.0000,0.9677,-0.9443,0.9462,0.9345,1.0001,1.0000
34.5735,1.6723,-0.0982,-0.0825,2.6268,0.0427,-2.9939,-2.9946,-3.0018,1.0000,1.3948,0.7899,-1.2779,-1.2809,-1.2725,1.0000,0.9779,-0.9393,0.9165,0.8952,0.9751,1.0000
34.7741,1.6829,-0.0987,-0.0825,2.6378,0.0413,-2.9949,-2.9960,-2.9836,1.0000,1.4086,0.7904,-1.2821,-1.2851,-1.2961,1.0000,0.9889,-0.9335,0.8860,0.8619,0.9339,1.0000
35.0214,1.6934,-0.0992,-0.0825,2.6488,0.0399,-2.9963,-2.9978,-2.9828,1.0000,1.4224,0.7909,-1.2859,-1.2889,-1.2971,1.0000,1.0012,-0.9274,0.8560,0.8304,0.9033,1.0000
35.2458,1.7040,-0.0997,-0.0825,2.6597,0.0384,-2.9980,-2.9997,-2.9853,1.0000,1.4362,0.7916,-1.2893,-1.2920,-1.3036,1.0000,1.0144,-0.9212,0.8277,0.8049,0.8818,1.0000
35.4575,1.7145,-0.1002,-0.0825,2.6705,0.0370,-3.0000,-3.0019,-2.9940,1.0000,1.4500,0.7922,-1.2923,-1.2948,-1.2840,1.0000,1.0282,-0.9150,0.8025,0.7836,0.8508,1.0000
35.6586,1.7250,-0.1006,-0.0825,2.6813,0.0356,-3.0022,-3.0043,-2.9846,1.0000,1.4638,0.7929,-1.2951,-1.2973,-1.3055,1.0000,1.0422,-0.9088,0.7817,0.7674,0.8214,1.0000
35.8774,1.7356,-0.1011,-0.0825,2.6921,0.0341,-3.0046,-3.0069,-2.9827,1.0000,1.4776,0.7937,-1.2975,-1.2996,-1.3139,1.0000,1.0563,-0.9029,0.7661,0.7568,0.7716,1.0000
36.0863,1.7462,-0.1016,-0.0825,2.7029,0.0327,-3.0071,-3.0096,-2.9836,1.0000,1.4911,0.7944,-1.2998,-1.3018,-1.2937,1.0000,1.0706,-0.8973,0.7561,0.7520,0.7871,1.0000
36.2887,1.7567,-0.1022,-0.0825,2.7137,0.0312,-3.0098,-3.0123,-2.9967,1.0000,1.5039,0.7948,-1.3020,-1.3040,-1.2941,1.0000,1.0844,-0.8923,0.7519,0.7526,0.7792,1.0000
36.5171,1.7673,-0.1026,-0.0825,2.7245,0.0297,-3.0126,-3.0149,-3.0038,1.0000,1.5163,0.7950,-1.3043,-1.3063,-1.2861,1.0000,1.0978,-0.8876,0.7529,0.7582,0.7526,1.0000
36.7201,1.7883,-0.1035,-0.0824,2.7461,0.0268,-3.0177,-3.0182,-3.0090,1.0000,1.5397,0.7948,-1.3089,-1.3091,-1.3053,1.0000,1.1246,-0.8792,0.7699,0.7712,0.7674,1.0000
36.9213,1.7989,-0.1040,-0.0824,2.7569,0.0254,-3.0201,-3.0219,-3.0107,1.0000,1.5502,0.7942,-1.3114,-1.3131,-1.2986,1.0000,1.1367,-0.8757,0.7843,0.7959,0.7730,1.0000
37.1527,1.8094,-0.1046,-0.0824,2.7678,0.0239,-3.0223,-3.0241,-3.0042,1.0000,1.5600,0.7932,-1.3139,-1.3163,-1.3094,1.0000,1.1484,-0.8725,0.8012,0.8177,0.7610,1.0000
37.3869,1.8200,-0.1051,-0.0824,2.7788,0.0225,-3.0243,-3.0260,-3.0132,1.0000,1.5691,0.7919,-1.3165,-1.3189,-1.3050,1.0000,1.1600,-0.8694,0.8196,0.8366,0.7966,1.0000
37.6030,1.8305,-0.1055,-0.0824,2.7897,0.0211,-3.0261,-3.0275,-3.0330,1.0000,1.5778,0.7903,-1.3192,-1.3216,-1.3198,1.0000,1.1715,-0.8663,0.8385,0.8550,0.8106,1.0000
37.8364,1.8410,-0.1060,-0.0824,2.8007,0.0197,-3.0276,-3.0288,-3.0210,1.0000,1.5860,0.7884,-1.3218,-1.3242,-1.3012,1.0000,1.1832,-0.8634,0.8568,0.8721,0.8305,1.0000
38.0638,1.8621,-0.1069,-0.0824,2.8118,0.0183,-3.0289,-3.0298,-3.0201,1.0000,1.5938,0.7863,-1.3244,-1.3266,-1.3031,1.0000,1.1955,-0.8608,0.8737,0.8868,0.8538,1.0000
38.2775,1.8727,-0.1075,-0.0824,2.8229,0.0169,-3.0298,-3.0305,-3.0220,1.0000,1.6012,0.7838,-1.3269,-1.3289,-1.3015,1.0000,1.2087,-0.8580,0.8881,0.8982,0.8591,1.0000
38.4952,1.8832,-0.1079,-0.0824,2.8453,0.0141,-3.0311,-3.0310,-3.0449,1.0000,1.6083,0.7810,-1.3291,-1.3307,-1.3375,1.0000,1.2227,-0.8549,0.8991,0.9057,0.8738,1.0000
38.6954,1.8938,-0.1084,-0.0824,2.8565,0.0127,-3.0313,-3.0314,-3.0235,1.0000,1.6223,0.7749,-1.3320,-1.3321,-1.3197,1.0000,1.2533,-0.8481,0.9093,0.9093,0.8793,1.0000
38.8968,1.9043,-0.1088,-0.0824,2.8678,0.0114,-3.0314,-3.0314,-3.0205,1.0000,1.6292,0.7718,-1.3325,-1.3325,-1.3273,1.0000,1.2698,-0.8445,0.9086,0.9083,0.8961,1.0000
39.0989,1.9148,-0.1093,-0.0824,2.8791,0.0100,-3.0314,-3.0313,-3.0335,1.0000,1.6361,0.7684,-1.3321,-1.3313,-1.3393,1.0000,1.2870,-0.8406,0.9044,0.8995,0.9068,1.0000
39.3152,1.9254,-0.1098,-0.0824,2.8904,0.0087,-3.0312,-3.0311,-3.0199,1.0000,1.6432,0.7648,-1.3308,-1.3287,-1.3551,1.0000,1.3046,-0.8364,0.8971,0.8885,0.9049,1.0000
39.5169,1.9360,-0.1103,-0.0824,2.9017,0.0073,-3.0311,-3.0309,-3.0199,1.0000,1.6505,0.7613,-1.3284,-1.3254,-1.3285,1.0000,1.3220,-0.8320,0.8874,0.8773,0.9066,1.0000
39.7400,1.9465,-0.1108,-0.0824,2.9130,0.0060,-3.0309,-3.0307,-3.0248,1.0000,1.6578,0.7580,-1.3250,-1.3211,-1.3115,1.0000,1.3394,-0.8276,0.8761,0.8652,0.8863,1.0000
39.9643,1.9675,-0.1116,-0.0824,2.9243,0.0047,-3.0307,-3.0306,-3.0154,1.0000,1.6651,0.7548,-1.3206,-1.3157,-1.3278,1.0000,1.3567,-0.8232,0.8640,0.8531,0.8567,1.0000
40.2033,1.9781,-0.1121,-0.0824,2.9356,0.0033,-3.0306,-3.0305,-3.0258,1.0000,1.6726,0.7514,-1.3152,-1.3094,-1.3126,1.0000,1.3740,-0.8189,0.8519,0.8417,0.8597,1.0000
40.4033,1.9887,-0.1126,-0.0824,2.9581,0.0007,-3.0306,-3.0306,-3.0238,1.0000,1.6879,0.7444,-1.3013,-1.3005,-1.3090,1.0000,1.4079,-0.8124,0.8309,0.8309,0.8656,1.0000
40.6091,1.9992,-0.1131,-0.0824,2.9694,-0.0006,-3.0309,-3.0310,-3.0116,1.0000,1.6956,0.7412,-1.2931,-1.2905,-1.3057,1.0000,1.4245,-0.8100,0.8232,0.8214,0.8415,1.0000
40.8104,2.0097,-0.1136,-0.0824,2.9806,-0.0020,-3.0313,-3.0317,-3.0342,1.0000,1.7033,0.7381,-1.2843,-1.2787,-1.3003,1.0000,1.4409,-0.8074,0.8181,0.8164,0.8234,1.0000
41.0439,2.0203,-0.1140,-0.0824,2.9917,-0.0033,-3.0319,-3.0326,-3.0218,1.0000,1.7111,0.7347,-1.2748,-1.2660,-1.3081,1.0000,1.4569,-0.8053,0.8158,0.8164,0.8109,1.0000
41.2493,2.0308,-0.1144,-0.0824,3.0029,-0.0046,-3.0327,-3.0335,-3.0270,1.0000,1.7190,0.7312,-1.2650,-1.2560,-1.2770,1.0000,1.4725,-0.8050,0.8166,0.8196,0.8050,1.0000
41.4779,2.0519,-0.1154,-0.0824,3.0140,-0.0060,-3.0336,-3.0346,-3.0311,1.0000,1.7268,0.7277,-1.2550,-1.2459,-1.2623,1.0000,1.4879,-0.8060,0.8201,0.8255,0.8039,1.0000
41.7236,2.0625,-0.1159,-0.0824,3.0362,-0.0087,-3.0361,-3.0374,-3.0263,1.0000,1.7425,0.7208,-1.2349,-1.2261,-1.2485,1.0000,1.5176,-0.8087,0.8346,0.8438,0.8357,1.0000
41.9565,2.0835,-0.1168,-0.0824,3.0584,-0.0113,-3.0392,-3.0407,-3.0236,1.0000,1.7586,0.7132,-1.2158,-1.2078,-1.2191,1.0000,1.5468,-0.8142,0.8568,0.8685,0.8663,1.0000
42.1722,2.0941,-0.1172,-0.0824,3.0694,-0.0127,-3.0409,-3.0424,-3.0392,1.0000,1.7668,0.7091,-1.2069,-1.1995,-1.2371,1.0000,1.5617,-0.8179,0.8698,0.8823,0.8752,1.0000
42.3804,2.1152,-0.1182,-0.0824,3.0804,-0.0141,-3.0426,-3.0443,-3.0479,1.0000,1.7749,0.7050,-1.1987,-1.1919,-1.2149,1.0000,1.5765,-0.8217,0.8837,0.8964,0.8863,1.0000
42.5807,2.1257,-0.1187,-0.0824,3.1025,-0.0168,-3.0463,-3.0461,-3.0293,1.0000,1.7830,0.7008,-1.1911,-1.1850,-1.2063,1.0000,1.5913,-0.8256,0.8978,0.9105,0.8747,1.0000
42.7979,2.1257,-0.1187,-0.0824,3.1025,-0.0168,-3.0463,-3.0479,-3.0258,1.0000,1.7913,0.6965,-1.1844,-1.1790,-1.2077,1.0000,1.6064,-0.8294,0.9118,0.9240,0.8957,1.0000
42.9994,2.1468,-0.1195,-0.0824,3.1246,-0.0195,-3.0499,-3.0506,-3.0378,1.0000,1.8075,0.6885,-1.1733,-1.1719,-1.2069,1.0000,1.6363,-0.8368,0.9379,0.9414,0.8979,1.0000
43.2140,2.1573,-0.1200,-0.0824,3.1357,-0.0208,-3.0516,-3.0531,-3.0510,1.0000,1.8156,0.6846,-1.1690,-1.1658,-1.1901,1.0000,1.6513,-0.8404,0.9492,0.9583,0.9149,1.0000
43.4537,2.1679,-0.1205,-0.0824,3.1468,-0.0222,-3.0532,-3.0546,-3.0526,1.0000,1.8235,0.6809,-1.1654,-1.1629,-1.1903,1.0000,1.6667,-0.8438,0.9592,0.9670,0.9521,1.0000
43.7019,2.1784,-0.1210,-0.0824,3.1580,-0.0236,-3.0547,-3.0560,-3.0508,1.0000,1.8311,0.6775,-1.1626,-1.1607,-1.1858,1.0000,1.6821,-0.8472,0.9678,0.9742,0.9618,1.0000
43.9231,2.1890,-0.1214,-0.0824,3.1691,-0.0249,-3.0561,-3.0573,-3.0631,1.0000,1.8386,0.6748,-1.1606,-1.1593,-1.1877,1.0000,1.6969,-0.8505,0.9748,0.9798,0.9674,1.0000
44.1307,2.1995,-0.1218,-0.0824,3.1803,-0.0263,-3.0574,-3.0585,-3.0542,1.0000,1.8459,0.6723,-1.1591,-1.1584,-1.1544,1.0000,1.7109,-0.8533,0.9803,0.9842,0.9764,1.0000
44.3403,2.2206,-0.1227,-0.0824,3.2027,-0.0290,-3.0597,-3.0601,-3.0601,1.0000,1.8602,0.6678,-1.1582,-1.1582,-1.1548,1.0000,1.7379,-0.8574,0.9877,0.9885,0.9669,1.0000
44.5434,2.2312,-0.1232,-0.0824,3.2139,-0.0303,-3.0606,-3.0611,-3.0644,1.0000,1.8670,0.6658,-1.1585,-1.1588,-1.1445,1.0000,1.7512,-0.8591,0.9898,0.9906,0.9604,1.0000
44.7448,2.2417,-0.1237,-0.0824,3.2252,-0.0316,-3.0615,-3.0616,-3.0752,1.0000,1.8736,0.6643,-1.1592,-1.1593,-1.1449,1.0000,1.7642,-0.8604,0.9910,0.9911,0.9769,1.0000
44.9514,2.2522,-0.1241,-0.0824,3.2252,-0.0316,-3.0615,-3.0622,-3.0699,1.0000,1.8736,0.6643,-1.1592,-1.1601,-1.1442,1.0000,1.7642,-0.8604,0.9910,0.9914,0.9886,1.0000
45.1548,2.2628,-0.1245,-0.0824,3.2478,-0.0343,-3.0629,-3.0632,-3.0664,1.0000,1.8863,0.6624,-1.1616,-1.1620,-1.1504,1.0000,1.7884,-0.8620,0.9911,0.9909,0.9850,1.0000
45.3573,2.2733,-0.1250,-0.0824,3.2591,-0.0356,-3.0635,-3.0638,-3.0473,1.0000,1.8928,0.6616,-1.1630,-1.1634,-1.1416,1.0000,1.7997,-0.8623,0.9904,0.9901,0.9751,1.0000
45.5575,2.2839,-0.1255,-0.0824,3.2704,-0.0370,-3.0641,-3.0642,-3.0247,1.0000,1.8993,0.6610,-1.1644,-1.1645,-1.1364,1.0000,1.8104,-0.8623,0.9893,0.9892,0.9871,1.0000
45.7943,2.2944,-0.1259,-0.0824,3.2704,-0.0370,-3.0641,-3.0646,-3.0457,1.0000,1.8993,0.6610,-1.1644,-1.1655,-1.1330,1.0000,1.8104,-0.8623,0.9893,0.9882,0.9775,1.0000
46.0082,2.3050,-0.1263,-0.0824,3.2817,-0.0383,-3.0646,-3.0651,-3.0607,1.0000,1.9056,0.6610,-1.1656,-1.1665,-1.1566,1.0000,1.8208,-0.8622,0.9880,0.9867,0.9772,1.0000
46.2242,2.3155,-0.1268,-0.0824,3.2930,-0.0396,-3.0651,-3.0656,-3.0612,1.0000,1.9117,0.6613,-1.1666,-1.1671,-1.1562,1.0000,1.8311,-0.8618,0.9865,0.9850,0.9763,1.0000
46.4577,2.3155,-0.1268,-0.0824,3.3044,-0.0409,-3.0656,-3.0661,-3.0520,1.0000,1.9181,0.6620,-1.1672,-1.1672,-1.1466,1.0000,1.8404,-0.8606,0.9848,0.9831,0.9868,1.0000
46.6737,2.3260,-0.1272,-0.0824,3.3157,-0.0423,-3.0662,-3.0667,-3.0402,1.0000,1.9248,0.6630,-1.1672,-1.1668,-1.1478,1.0000,1.8485,-0.8588,0.9829,0.9810,0.9989,1.0000
46.8850,2.3366,-0.1277,-0.0824,3.3270,-0.0436,-3.0668,-3.0674,-3.0475,1.0000,1.9312,0.6641,-1.1667,-1.1658,-1.1652,1.0000,1.8558,-0.8567,0.9808,0.9788,0.9970,1.0000
47.1127,2.3471,-0.1281,-0.0824,3.3383,-0.0449,-3.0675,-3.0681,-3.0584,1.0000,1.9373,0.6654,-1.1657,-1.1643,-1.1641,1.0000,1.8628,-0.8542,0.9786,0.9764,0.9901,1.0000
47.3499,2.3577,-0.1286,-0.0824,3.3496,-0.0462,-3.0682,-3.0689,-3.0778,1.0000,1.9434,0.6671,-1.1642,-1.1624,-1.1562,1.0000,1.8695,-0.8508,0.9762,0.9740,0.9826,1.0000
47.5756,2.3682,-0.1290,-0.0824,3.3609,-0.0475,-3.0690,-3.0698,-3.0662,1.0000,1.9495,0.6689,-1.1621,-1.1599,-1.1456,1.0000,1.8758,-0.8458,0.9737,0.9714,0.9776,1.0000
47.8197,2.3787,-0.1294,-0.0824,3.3722,-0.0489,-3.0698,-3.0707,-3.0773,1.0000,1.9554,0.6709,-1.1596,-1.1569,-1.1649,1.0000,1.8822,-0.8392,0.9711,0.9685,0.9798,1.0000
48.0201,2.3893,-0.1298,-0.0824,3.3835,-0.0502,-3.0708,-3.0715,-3.0836,1.0000,1.9610,0.6728,-1.1565,-1.1541,-1.1653,1.0000,1.8885,-0.8326,0.9682,0.9659,0.9922,1.0000
48.2362,2.3893,-0.1298,-0.0824,3.3835,-0.0502,-3.0708,-3.0717,-3.0836,1.0000,1.9610,0.6728,-1.1565,-1.1533,-1.1653,1.0000,1.8885,-0.8326,0.9682,0.9652,0.9922,1.0000
48.4529,2.3998,-0.1303,-0.0824,3.3948,-0.0515,-3.0719,-3.0729,-3.0648,1.0000,1.9665,0.6749,-1.1530,-1.1493,-1.1682,1.0000,1.8947,-0.8261,0.9648,0.9613,0.9796,1.0000
48.6530,2.4104,-0.1308,-0.0824,3.4061,-0.0528,-3.0730,-3.0741,-3.0648,1.0000,1.9718,0.6771,-1.1488,-1.1447,-1.1682,1.0000,1.9008,-0.8184,0.9609,0.9569,0.9796,1.0000
48.8579,2.4209,-0.1312,-0.0824,3.4173,-0.0542,-3.0742,-3.0752,-3.0645,1.0000,1.9771,0.6795,-1.1442,-1.1433,-1.1580,1.0000,1.9067,-0.8097,0.9564,0.9555,0.9617,1.0000
49.0581,2.4315,-0.1316,-0.0824,3.4286,-0.0555,-3.0753,-3.0764,-3.0929,1.0000,1.9823,0.6819,-1.1392,-1.1413,-1.1455,1.0000,1.9125,-0.8012,0.9513,0.9555,0.9637,1.0000
49.2966,2.4420,-0.1320,-0.0824,3.4399,-0.0568,-3.0765,-3.0776,-3.0758,1.0000,1.9875,0.6845,-1.1336,-1.1282,-1.1483,1.0000,1.9182,-0.7937,0.9456,0.9555,0.9602,1.0000
49.5372,2.4526,-0.1325,-0.0824,3.4512,-0.0581,-3.0778,-3.0789,-3.0578,1.0000,1.9928,0.6872,-1.1275,-1.1214,-1.1552,1.0000,1.9237,-0.7872,0.9391,0.9555,0.9449,1.0000
49.7593,2.4736,-0.1334,-0.0824,3.4624,-0.0595,-3.0790,-3.0802,-3.0664,1.0000,1.9984,0.6901,-1.1207,-1.1137,-1.1158,1.0000,1.9289,-0.7815,0.9320,0.9555,0.9354,1.0000
49.9623,2.4842,-0.1338,-0.0824,3.4850,-0.0621,-3.0815,-3.0814,-3.0616,1.0000,2.0043,0.6931,-1.1129,-1.1051,-1.1298,1.0000,1.9338,-0.7764,0.9240,0.9555,0.9171,1.0000
50.1751,2.4947,-0.1342,-0.0824,3.4850,-0.0621,-3.0815,-3.0826,-3.0816,1.0000,2.0105,0.6964,-1.1042,-1.0956,-1.1006,1.0000,1.9387,-0.7720,0.9153,0.9555,0.9223,1.0000
50.3772,2.4947,-0.1342,-0.0824,3.4963,-0.0635,-3.0827,-3.0837,-3.0660,1.0000,2.0172,0.6996,-1.0946,-1.0855,-1.1011,1.0000,1.9439,-0.7686,0.9058,0.8966,0.9030,1.0000
50.5868,2.5053,-0.1346,-0.0824,3.5076,-0.0648,-3.0838,-3.0848,-3.0684,1.0000,2.0244,0.7025,-1.0845,-1.0750,-1.0794,1.0000,1.9495,-0.7662,0.8955,0.8856,0.8934,1.0000
50.8083,2.5158,-0.1351,-0.0824,3.5189,-0.0661,-3.0849,-3.0858,-3.0787,1.0000,2.0323,0.7051,-1.0740,-1.0645,-1.0789,1.0000,1.9556,-0.7647,0.8844,0.8736,0.8863,1.0000
51.0228,2.5264,-0.1355,-0.0824,3.5303,-0.0675,-3.0859,-3.0868,-3.0931,1.0000,2.0409,0.7075,-1.0634,-1.0542,-1.0634,1.0000,1.9623,-0.7642,0.8724,0.8607,0.8759,1.0000
51.2682,2.5369,-0.1359,-0.0824,3.5416,-0.0688,-3.0869,-3.0877,-3.0989,1.0000,2.0498,0.7097,-1.0532,-1.0447,-1.0537,1.0000,1.9696,-0.7646,0.8594,0.8471,0.8717,1.0000
51.4707,2.5475,-0.1363,-0.0824,3.5530,-0.0701,-3.0878,-3.0885,-3.0705,1.0000,2.0587,0.7116,-1.0438,-1.0362,-1.0576,1.0000,1.9776,-0.7660,0.8457,0.8329,0.8566,1.0000
51.6932,2.5685,-0.1372,-0.0824,3.5644,-0.0715,-3.0885,-3.0892,-3.0672,1.0000,2.0679,0.7131,-1.0354,-1.0290,-1.0258,1.0000,1.9862,-0.7684,0.8315,0.8187,0.8423,1.0000
51.8941,2.5791,-0.1376,-0.0824,3.5872,-0.0741,-3.0899,-3.0901,-3.0895,1.0000,2.0877,0.7147,-1.0228,-1.0215,-1.0208,1.0000,2.0056,-0.7770,0.8034,0.8008,0.8397,1.0000
52.1126,2.5896,-0.1381,-0.0824,3.5986,-0.0754,-3.0905,-3.0906,-3.0927,1.0000,2.0975,0.7154,-1.0190,-1.0188,-1.0150,1.0000,2.0155,-0.7831,0.7906,0.7894,0.8251,1.0000
52.3171,2.6002,-0.1385,-0.0824,3.6101,-0.0768,-3.0911,-3.0913,-3.0930,1.0000,2.1073,0.7161,-1.0170,-1.0167,-1.0209,1.0000,2.0255,-0.7902,0.7793,0.7743,0.8155,1.0000
52.5171,2.6107,-0.1388,-0.0824,3.6215,-0.0781,-3.0916,-3.0916,-3.0822,1.0000,2.1172,0.7165,-1.0168,-1.0167,-1.0139,1.0000,2.0255,-0.7902,0.7793,0.7707,0.8076,1.0000
52.7190,2.6212,-0.1392,-0.0824,3.6330,-0.0794,-3.0921,-3.0920,-3.0689,1.0000,2.1172,0.7165,-1.0168,-1.0181,-1.0118,1.0000,2.0357,-0.7981,0.7699,0.7632,0.7859,1.0000
52.9289,2.6318,-0.1397,-0.0824,3.6445,-0.0808,-3.0925,-3.0930,-3.0931,1.0000,2.1377,0.7163,-1.0214,-1.0255,-1.0156,1.0000,2.0556,-0.8159,0.7575,0.7549,0.7744,1.0000
53.1441,2.6423,-0.1401,-0.0824,3.6559,-0.0821,-3.0930,-3.0935,-3.0863,1.0000,2.1481,0.7160,-1.0260,-1.0312,-1.0043,1.0000,2.0649,-0.8258,0.7548,0.7544,0.7573,1.0000
53.3744,2.6634,-0.1409,-0.0824,3.6674,-0.0834,-3.0936,-3.0941,-3.0901,1.0000,2.1584,0.7155,-1.0318,-1.0379,-1.0167,1.0000,2.0738,-0.8359,0.7545,0.7565,0.7557,1.0000
53.5761,2.6740,-0.1413,-0.0824,3.6903,-0.0861,-3.0948,-3.0954,-3.0923,1.0000,2.1793,0.7143,-1.0461,-1.0532,-1.0202,1.0000,2.0908,-0.8565,0.7617,0.7682,0.7485,1.0000
53.7887,2.6845,-0.1417,-0.0824,3.7017,-0.0874,-3.0955,-3.0962,-3.0738,1.0000,2.1899,0.7134,-1.0540,-1.0611,-1.0302,1.0000,2.0988,-0.8672,0.7691,0.7777,0.7713,1.0000
53.9996,2.6950,-0.1422,-0.0824,3.7131,-0.0887,-3.0962,-3.0970,-3.0730,1.0000,2.2004,0.7126,-1.0619,-1.0690,-1.0471,1.0000,2.1063,-0.8783,0.7788,0.7893,0.7807,1.0000
54.2071,2.7161,-0.1430,-0.0824,3.7360,-0.0914,-3.0981,-3.0980,-3.0852,1.0000,2.2109,0.7118,-1.0698,-1.0764,-1.0683,1.0000,2.1135,-0.8894,0.7905,0.8023,0.7897,1.0000
54.4072,2.7267,-0.1434,-0.0824,3.7474,-0.0927,-3.0991,-3.0995,-3.0680,1.0000,2.2318,0.7105,-1.0837,-1.0850,-1.0587,1.0000,2.1279,-0.9111,0.8180,0.8210,0.7995,1.0000
54.6075,2.7372,-0.1438,-0.0824,3.7588,-0.0941,-3.1002,-3.1007,-3.0976,1.0000,2.2422,0.7100,-1.0894,-1.0914,-1.0738,1.0000,2.1350,-0.9218,0.8335,0.8400,0.8173,1.0000
54.8080,2.7478,-0.1442,-0.0824,3.7702,-0.0954,-3.1013,-3.1024,-3.1014,1.0000,2.2525,0.7097,-1.0940,-1.0970,-1.0738,1.0000,2.1420,-0.9324,0.8499,0.8654,0.8173,1.0000
55.0336,2.7583,-0.1447,-0.0824,3.7816,-0.0967,-3.1025,-3.1036,-3.0976,1.0000,2.2627,0.7096,-1.0973,-1.0991,-1.0854,1.0000,2.1492,-0.9425,0.8672,0.8831,0.8581,1.0000
55.2434,2.7688,-0.1451,-0.0824,3.7930,-0.0981,-3.1037,-3.1049,-3.1088,1.0000,2.2729,0.7097,-1.0993,-1.0999,-1.0882,1.0000,2.1568,-0.9524,0.8848,0.9008,0.8637,1.0000
55.4629,2.7794,-0.1455,-0.0824,3.8044,-0.0994,-3.1050,-3.1062,-3.0858,1.0000,2.2829,0.7099,-1.0999,-1.0993,-1.0966,1.0000,2.1651,-0.9619,0.9025,0.9181,0.8771,1.0000
55.6952,2.7899,-0.1458,-0.0824,3.8158,-0.1008,-3.1063,-3.1074,-3.1090,1.0000,2.2929,0.7104,-1.0992,-1.0974,-1.0912,1.0000,2.1741,-0.9709,0.9198,0.9347,0.8986,1.0000
55.9296,2.8110,-0.1467,-0.0824,3.8272,-0.1021,-3.1076,-3.1087,-3.1186,1.0000,2.3029,0.7110,-1.0972,-1.0944,-1.0886,1.0000,2.1835,-0.9793,0.9363,0.9499,0.9123,1.0000
56.1341,2.8216,-0.1471,-0.0824,3.8500,-0.1048,-3.1101,-3.1103,-3.1019,1.0000,2.3224,0.7128,-1.0898,-1.0893,-1.0994,1.0000,2.2047,-0.9946,0.9645,0.9657,0.9429,1.0000
56.3731,2.8321,-0.1475,-0.0824,3.8614,-0.1062,-3.1113,-3.1123,-3.1182,1.0000,2.3321,0.7139,-1.0848,-1.0796,-1.0795,1.0000,2.2166,-1.0007,0.9755,0.9832,0.9411,1.0000
56.5843,2.8426,-0.1479,-0.0824,3.8729,-0.1075,-3.1124,-3.1134,-3.1161,1.0000,2.3417,0.7151,-1.0791,-1.0735,-1.0751,1.0000,2.2292,-1.0058,0.9839,0.9893,0.9630,1.0000
56.7911,2.8637,-0.1486,-0.0824,3.8958,-0.1102,-3.1145,-3.1149,-3.1300,1.0000,2.3608,0.7177,-1.0666,-1.0647,-1.0768,1.0000,2.2554,-1.0133,0.9930,0.9935,0.9732,1.0000
56.9938,2.8743,-0.1491,-0.0824,3.9073,-0.1116,-3.1155,-3.1158,-3.1277,1.0000,2.3703,0.7190,-1.0604,-1.0586,-1.0672,1.0000,2.2691,-1.0155,0.9937,0.9935,0.9758,1.0000
57.1944,2.8848,-0.1495,-0.0824,3.9188,-0.1129,-3.1164,-3.1167,-3.1362,1.0000,2.3798,0.7202,-1.0545,-1.0528,-1.0605,1.0000,2.2829,-1.0164,0.9922,0.9913,0.9760,1.0000
57.4220,2.8954,-0.1499,-0.0824,3.9303,-0.1143,-3.1172,-3.1179,-3.1242,1.0000,2.3893,0.7214,-1.0492,-1.0450,-1.0414,1.0000,2.2967,-1.0167,0.9886,0.9841,0.9958,1.0000
57.6304,2.9059,-0.1502,-0.0824,3.9418,-0.1157,-3.1180,-3.1188,-3.1051,1.0000,2.3988,0.7225,-1.0445,-1.0411,-1.0382,1.0000,2.3104,-1.0170,0.9836,0.9781,0.9889,1.0000
57.8305,2.9270,-0.1510,-0.0824,3.9646,-0.1184,-3.1197,-3.1196,-3.1009,1.0000,2.4084,0.7234,-1.0408,-1.0382,-1.0269,1.0000,2.3241,-1.0171,0.9774,0.9713,0.9709,1.0000
58.0314,2.9375,-0.1514,-0.0824,3.9751,-0.1199,-3.1205,-3.1209,-3.1185,1.0000,2.4277,0.7249,-1.0363,-1.0359,-1.0238,1.0000,2.3506,-1.0159,0.9634,0.9612,0.9662,1.0000
58.2319,2.9481,-0.1518,-0.0824,3.9856,-0.1214,-3.1214,-3.1217,-3.1209,1.0000,2.4374,0.7254,-1.0356,-1.0355,-1.0075,1.0000,2.3635,-1.0156,0.9562,0.9548,0.9681,1.0000
58.4348,2.9586,-0.1522,-0.0824,3.9964,-0.1228,-3.1224,-3.1231,-3.1178,1.0000,2.4472,0.7258,-1.0359,-1.0367,-1.0224,1.0000,2.3763,-1.0156,0.9494,0.9450,0.9624,1.0000
58.6641,2.9692,-0.1525,-0.0824,4.0069,-0.1243,-3.1233,-3.1242,-3.1385,1.0000,2.4571,0.7260,-1.0372,-1.0392,-1.0410,1.0000,2.3888,-1.0157,0.9433,0.9387,0.9442,1.0000
58.9009,2.9797,-0.1529,-0.0823,4.0169,-0.1260,-3.1243,-3.1253,-3.0983,1.0000,2.4671,0.7261,-1.0394,-1.0422,-1.0302,1.0000,2.4011,-1.0158,0.9382,0.9346,0.9405,1.0000
59.1013,3.0008,-0.1538,-0.0823,4.0369,-0.1292,-3.1265,-3.1265,-3.1174,1.0000,2.4872,0.7259,-1.0462,-1.0462,-1.0424,1.0000,2.4253,-1.0163,0.9318,0.9320,0.9343,1.0000
59.3016,3.0113,-0.1541,-0.0823,4.0472,-0.1308,-3.1276,-3.1286,-3.1291,1.0000,2.4973,0.7257,-1.0504,-1.0543,-1.0533,1.0000,2.4373,-1.0169,0.9308,0.9310,0.9244,1.0000
59.5209,3.0219,-0.1545,-0.0823,4.0577,-0.1324,-3.1287,-3.1298,-3.1408,1.0000,2.5075,0.7255,-1.0548,-1.0588,-1.0506,1.0000,2.4491,-1.0177,0.9313,0.9329,0.9261,1.0000
59.7413,3.0324,-0.1548,-0.0823,4.0681,-0.1341,-3.1300,-3.1311,3.1347,1.0000,2.5177,0.7252,-1.0592,-1.0631,-1.0671,1.0000,2.4607,-1.0186,0.9332,0.9362,0.9255,1.0000
59.9495,3.0535,-0.1556,-0.0823,4.0785,-0.1359,-3.1312,-3.1324,3.1393,1.0000,2.5278,0.7250,-1.0635,-1.0672,-1.0548,1.0000,2.4722,-1.0195,0.9366,0.9407,0.9293,1.0000
60.1523,3.0640,-0.1560,-0.0823,4.0993,-0.1391,-3.1338,-3.1344,-3.1374,1.0000,2.5481,0.7246,-1.0713,-1.0723,-1.0797,1.0000,2.4948,-1.0219,0.9470,0.9489,0.9333,1.0000
60.3988,3.0746,-0.1564,-0.0823,4.1097,-0.1408,-3.1352,-3.1363,3.1333,1.0000,2.5582,0.7245,-1.0745,-1.0768,-1.0951,1.0000,2.5061,-1.0233,0.9537,0.9603,0.9415,1.0000
60.6094,3.0957,-0.1571,-0.0823,4.1203,-0.1426,-3.1365,-3.1376,-3.1414,1.0000,2.5683,0.7245,-1.0770,-1.0787,-1.0909,1.0000,2.5172,-1.0247,0.9610,0.9680,0.9368,1.0000
60.8104,3.1062,-0.1575,-0.0823,4.1413,-0.1460,-3.1391,-3.1394,3.1286,1.0000,2.5883,0.7248,-1.0799,-1.0800,-1.0819,1.0000,2.5393,-1.0276,0.9766,0.9781,0.9347,1.0000
61.0106,3.1167,-0.1579,-0.0823,4.1517,-0.1476,-3.1405,-3.1410,3.1294,1.0000,2.5982,0.7251,-1.0802,-1.0801,-1.0911,1.0000,2.5505,-1.0291,0.9843,0.9873,0.9407,1.0000
61.2195,3.1273,-0.1582,-0.0823,4.1623,-0.1493,3.1414,3.1415,3.1294,1.0000,2.5982,0.7251,-1.0802,-1.0798,-1.0911,1.0000,2.5505,-1.0291,0.9843,0.9909,0.9708,1.0000
61.4218,3.1378,-0.1586,-0.0823,4.1728,-0.1511,3.1400,3.1397,3.1384,1.0000,2.6180,0.7260,-1.0786,-1.0784,-1.0810,1.0000,2.5729,-1.0320,0.9983,0.9989,0.9777,1.0000
61.6221,3.1484,-0.1589,-0.0823,4.1834,-0.1528,3.1386,3.1378,-3.1259,1.0000,2.6278,0.7267,-1.0767,-1.0753,-1.1125,1.0000,2.5845,-1.0330,1.0041,1.0067,0.9948,1.0000
61.8235,3.1589,-0.1593,-0.0823,4.1937,-0.1545,3.1372,3.1366,-3.1259,1.0000,2.6375,0.7274,-1.0742,-1.0734,-1.1125,1.0000,2.5965,-1.0337,1.0089,1.0101,0.9948,1.0000
62.0237,3.1694,-0.1597,-0.0823,4.2041,-0.1562,3.1358,3.1349,-3.1179,1.0000,2.6473,0.7282,-1.0712,-1.0696,-1.0834,1.0000,2.6083,-1.0345,1.0125,1.0139,1.0108,1.0000
62.2242,3.1800,-0.1601,-0.0823,4.2145,-0.1579,3.1343,3.1338,-3.1367,1.0000,2.6569,0.7290,-1.0679,-1.0664,-1.0848,1.0000,2.6204,-1.0353,1.0149,1.0154,1.0100,1.0000
62.4251,3.1905,-0.1604,-0.0823,4.2249,-0.1597,3.1329,3.1329,-3.1367,1.0000,2.6666,0.7299,-1.0643,-1.0646,-1.0848,1.0000,2.6204,-1.0353,1.0149,1.0160,1.0100,1.0000
62.6493,3.2011,-0.1607,-0.0823,4.2249,-0.1597,3.1329,3.1316,3.1401,1.0000,2.6666,0.7299,-1.0643,-1.0609,-1.0891,1.0000,2.6326,-1.0357,1.0161,1.0161,1.0050,1.0000
62.8557,3.2011,-0.1607,-0.0823,4.2352,-0.1614,3.1314,3.1302,3.1379,1.0000,2.6762,0.7308,-1.0605,-1.0571,-1.0939,1.0000,2.6451,-1.0356,1.0161,1.0151,1.0161,1.0000
63.0680,3.2116,-0.1611,-0.0823,4.2454,-0.1632,3.1300,3.1287,3.1243,1.0000,2.6858,0.7317,-1.0568,-1.0535,-1.0537,1.0000,2.6576,-1.0355,1.0150,1.0132,1.0042,1.0000
63.2709,3.2222,-0.1615,-0.0823,4.2557,-0.1649,3.1286,3.1278,3.1378,1.0000,2.6954,0.7326,-1.0532,-1.0514,-1.0667,1.0000,2.6702,-1.0356,1.0129,1.0116,1.0127,1.0000
63.4730,3.2327,-0.1619,-0.0823,4.2660,-0.1666,3.1272,3.1269,3.1378,1.0000,2.7052,0.7333,-1.0497,-1.0494,-1.0667,1.0000,2.6828,-1.0357,1.0101,1.0098,1.0127,1.0000
63.6829,3.2432,-0.1622,-0.0823,4.2763,-0.1684,3.1258,3.1260,3.1189,1.0000,2.7052,0.7333,-1.0497,-1.0469,-1.0850,1.0000,2.6828,-1.0357,1.0101,1.0071,1.0234,1.0000
63.8845,3.2538,-0.1625,-0.0823,4.2866,-0.1702,3.1245,3.1243,3.1151,1.0000,2.7252,0.7338,-1.0440,-1.0440,-1.0565,1.0000,2.6954,-1.0356,1.0068,1.0034,1.0177,1.0000
64.0878,3.2538,-0.1625,-0.0823,4.2969,-0.1720,3.1231,3.1218,3.1030,1.0000,2.7351,0.7341,-1.0418,-1.0403,-1.0608,1.0000,2.7204,-1.0353,0.9992,0.9957,1.0008,1.0000
64.2940,3.2749,-0.1632,-0.0823,4.3072,-0.1737,3.1217,3.1204,3.0873,1.0000,2.7453,0.7340,-1.0402,-1.0393,-1.0300,1.0000,2.7331,-1.0352,0.9954,0.9922,0.9959,1.0000
64.4960,3.2959,-0.1640,-0.0823,4.3278,-0.1773,3.1190,3.1181,3.1040,1.0000,2.7665,0.7329,-1.0389,-1.0389,-1.0452,1.0000,2.7583,-1.0352,0.9888,0.9875,0.9850,1.0000
64.7456,3.3065,-0.1643,-0.0823,4.3382,-0.1791,3.1177,3.1165,3.1251,1.0000,2.7771,0.7322,-1.0391,-1.0399,-1.0408,1.0000,2.7707,-1.0353,0.9864,0.9849,0.9934,1.0000
64.9699,3.3170,-0.1646,-0.0823,4.3485,-0.1808,3.1164,3.1152,3.1396,1.0000,2.7878,0.7315,-1.0400,-1.0412,-1.0385,1.0000,2.7831,-1.0354,0.9847,0.9840,0.9725,1.0000
65.1874,3.3276,-0.1650,-0.0823,4.3589,-0.1826,3.1151,3.1139,3.1374,1.0000,2.7985,0.7307,-1.0413,-1.0429,-1.0429,1.0000,2.7955,-1.0356,0.9839,0.9840,0.9723,1.0000
65.3929,3.3381,-0.1653,-0.0823,4.3691,-0.1844,3.1138,3.1127,3.1333,1.0000,2.8095,0.7297,-1.0431,-1.0445,-1.0472,1.0000,2.8078,-1.0360,0.9840,0.9847,0.9703,1.0000
65.5966,3.3487,-0.1657,-0.0823,4.3792,-0.1862,3.1124,3.1119,3.1333,1.0000,2.8205,0.7285,-1.0451,-1.0458,-1.0472,1.0000,2.8200,-1.0364,0.9851,0.9856,0.9703,1.0000
65.7971,3.3592,-0.1661,-0.0823,4.3893,-0.1880,3.1111,3.1104,-3.1411,1.0000,2.8315,0.7274,-1.0474,-1.0485,-1.0392,1.0000,2.8321,-1.0369,0.9871,0.9882,0.9790,1.0000
66.0008,3.3697,-0.1664,-0.0823,4.3994,-0.1897,3.1097,3.1086,3.1163,1.0000,2.8425,0.7262,-1.0498,-1.0514,-1.0405,1.0000,2.8441,-1.0374,0.9900,0.9925,0.9757,1.0000
66.2085,3.3803,-0.1667,-0.0823,4.4094,-0.1915,3.1083,3.1075,3.1194,1.0000,2.8535,0.7251,-1.0522,-1.0533,-1.0471,1.0000,2.8561,-1.0381,0.9937,0.9958,0.9755,1.0000
66.4263,3.3908,-0.1670,-0.0823,4.4094,-0.1915,3.1083,3.1070,3.1194,1.0000,2.8535,0.7251,-1.0522,-1.0543,-1.0471,1.0000,2.8561,-1.0381,0.9937,0.9976,0.9755,1.0000
66.6400,3.4014,-0.1674,-0.0823,4.4192,-0.1933,3.1069,3.1056,3.0995,1.0000,2.8646,0.7239,-1.0545,-1.0565,-1.0447,1.0000,2.8680,-1.0388,0.9980,1.0023,0.9769,1.0000
66.8490,3.4119,-0.1678,-0.0823,4.4290,-0.1950,3.1055,3.1041,3.1046,1.0000,2.8758,0.7227,-1.0567,-1.0585,-1.0458,1.0000,2.8799,-1.0396,1.0029,1.0075,0.9945,1.0000
67.0567,3.4119,-0.1678,-0.0823,4.4388,-0.1968,3.1040,3.1027,3.0865,1.0000,2.8869,0.7215,-1.0587,-1.0602,-1.0422,1.0000,2.8917,-1.0404,1.0080,1.0129,0.9911,1.0000
67.2986,3.4224,-0.1681,-0.0824,4.4486,-0.1986,3.1025,3.1012,3.0975,1.0000,2.8980,0.7204,-1.0603,-1.0615,-1.0473,1.0000,2.9035,-1.0413,1.0134,1.0182,0.9883,1.0000
67.5006,3.4330,-0.1684,-0.0824,4.4584,-0.2004,3.1010,3.0997,3.0967,1.0000,2.9090,0.7193,-1.0617,-1.0625,-1.0674,1.0000,2.9153,-1.0422,1.0188,1.0234,0.9966,1.0000
67.7444,3.4435,-0.1687,-0.0824,4.4682,-0.2021,3.0996,3.0982,3.1125,1.0000,2.9201,0.7183,-1.0626,-1.0631,-1.0720,1.0000,2.9272,-1.0430,1.0239,1.0283,1.0257,1.0000
67.9860,3.4541,-0.1691,-0.0824,4.4779,-0.2039,3.0981,3.0967,3.1176,1.0000,2.9311,0.7173,-1.0631,-1.0633,-1.0737,1.0000,2.9391,-1.0438,1.0288,1.0327,1.0036,1.0000
68.2053,3.4646,-0.1694,-0.0824,4.4877,-0.2057,3.0965,3.0952,3.0999,1.0000,2.9421,0.7164,-1.0633,-1.0631,-1.0622,1.0000,2.9511,-1.0447,1.0331,1.0366,1.0204,1.0000
68.4190,3.4646,-0.1694,-0.0824,4.4975,-0.2075,3.0950,3.0936,3.0934,1.0000,2.9531,0.7155,-1.0631,-1.0625,-1.0588,1.0000,2.9631,-1.0454,1.0370,1.0399,1.0098,1.0000
68.6662,3.4646,-0.1694,-0.0824,4.5171,-0.2111,3.0920,3.0906,3.0924,1.0000,2.9750,0.7140,-1.0615,-1.0605,-1.0717,1.0000,2.9873,-1.0468,1.0428,1.0445,1.0450,1.0000
68.8753,3.4646,-0.1694,-0.0824,4.5268,-0.2129,3.0904,3.0890,3.0825,1.0000,2.9859,0.7132,-1.0603,-1.0590,-1.0652,1.0000,2.9996,-1.0475,1.0447,1.0458,1.0584,1.0000
69.0879,3.4646,-0.1694,-0.0824,4.5366,-0.2147,3.0889,3.0875,3.0666,1.0000,2.9968,0.7126,-1.0589,-1.0574,-1.0709,1.0000,3.0119,-1.0480,1.0459,1.0463,1.0561,1.0000
69.3273,3.5384,-0.1718,-0.0823,4.5464,-0.2165,3.0874,3.0860,3.0817,1.0000,3.0077,0.7119,-1.0573,-1.0557,-1.0551,1.0000,3.0243,-1.0486,1.0464,1.0463,1.0427,1.0000
69.5275,3.5489,-0.1720,-0.0823,4.5661,-0.2202,3.0843,3.0837,3.0889,1.0000,3.0294,0.7107,-1.0539,-1.0532,-1.0491,1.0000,3.0492,-1.0495,1.0457,1.0454,1.0332,1.0000
69.7591,3.5595,-0.1723,-0.0823,4.5759,-0.2220,3.0828,3.0814,3.0800,1.0000,3.0403,0.7100,-1.0522,-1.0509,-1.0547,1.0000,3.0617,-1.0499,1.0446,1.0435,1.0411,1.0000
69.9922,3.5700,-0.1726,-0.0823,4.5857,-0.2238,3.0813,3.0799,3.0878,1.0000,3.0511,0.7094,-1.0507,-1.0495,-1.0461,1.0000,3.0743,-1.0503,1.0434,1.0421,1.0384,1.0000
70.2148,3.5911,-0.1733,-0.0823,4.5956,-0.2257,3.0797,3.0784,3.0863,1.0000,3.0620,0.7087,-1.0494,-1.0484,-1.0360,1.0000,3.0870,-1.0508,1.0420,1.0407,1.0559,1.0000
70.4204,3.6016,-0.1736,-0.0823,4.6153,-0.2293,3.0767,3.0764,3.0726,1.0000,3.0838,0.7073,-1.0475,-1.0474,-1.0336,1.0000,3.1122,-1.0516,1.0392,1.0391,1.0251,1.0000
70.6212,3.6122,-0.1739,-0.0823,4.6251,-0.2312,3.0751,3.0748,3.0955,1.0000,3.0947,0.7065,-1.0470,-1.0469,-1.0602,1.0000,3.1248,-1.0521,1.0382,1.0380,1.0309,1.0000
70.8212,3.6227,-0.1742,-0.0823,4.6350,-0.2330,3.0736,3.0728,3.0948,1.0000,3.1056,0.7056,-1.0468,-1.0468,-1.0504,1.0000,3.1374,-1.0527,1.0375,1.0374,1.0379,1.0000
71.0254,3.6333,-0.1745,-0.0823,4.6449,-0.2349,3.0720,3.0717,3.0822,1.0000,3.1166,0.7047,-1.0470,-1.0470,-1.0361,1.0000,3.1500,-1.0533,1.0374,1.0374,1.0418,1.0000
71.2274,3.6438,-0.1749,-0.0823,4.6548,-0.2368,3.0704,3.0701,3.0731,1.0000,3.1275,0.7038,-1.0474,-1.0475,-1.0487,1.0000,3.1625,-1.0540,1.0378,1.0379,1.0370,1.0000
71.4285,3.6543,-0.1752,-0.0823,4.6548,-0.2368,3.0704,3.0690,3.0727,1.0000,3.1275,0.7038,-1.0474,-1.0481,-1.0408,1.0000,3.1625,-1.0540,1.0378,1.0386,1.0253,1.0000
71.6526,3.6649,-0.1755,-0.0823,4.6745,-0.2405,3.0672,3.0674,3.0767,1.0000,3.1385,0.7028,-1.0482,-1.0492,-1.0589,1.0000,3.1750,-1.0547,1.0388,1.0401,1.0328,1.0000
71.8534,3.6649,-0.1755,-0.0823,4.6745,-0.2405,3.0672,3.0657,3.0787,1.0000,3.1496,0.7018,-1.0493,-1.0505,-1.0371,1.0000,3.1875,-1.0555,1.0402,1.0421,1.0213,1.0000
72.0584,3.6860,-0.1761,-0.0823,4.6943,-0.2442,3.0639,3.0629,3.0714,1.0000,3.1717,0.6997,-1.0521,-1.0530,-1.0631,1.0000,3.2123,-1.0573,1.0449,1.0464,1.0384,1.0000
72.2842,3.6860,-0.1761,-0.0823,4.6943,-0.2442,3.0639,3.0624,3.0528,1.0000,3.1717,0.6997,-1.0521,-1.0534,-1.0539,1.0000,3.2123,-1.0573,1.0449,1.0477,1.0612,1.0000
72.4921,3.7071,-0.1767,-0.0823,4.7042,-0.2461,3.0622,3.0608,3.0455,1.0000,3.1827,0.6986,-1.0536,-1.0550,-1.0482,1.0000,3.2246,-1.0583,1.0480,1.0512,1.0492,1.0000
72.6929,3.7176,-0.1770,-0.0823,4.7241,-0.2499,3.0590,3.0589,3.0387,1.0000,3.2049,0.6964,-1.0568,-1.0570,-1.0486,1.0000,3.2492,-1.0604,1.0554,1.0558,1.0475,1.0000
72.8985,3.7281,-0.1773,-0.0823,4.7340,-0.2518,3.0574,3.0571,3.0466,1.0000,3.2160,0.6953,-1.0584,-1.0585,-1.0474,1.0000,3.2615,-1.0615,1.0594,1.0599,1.0351,1.0000
73.0989,3.7387,-0.1776,-0.0823,4.7440,-0.2537,3.0559,3.0551,3.0473,1.0000,3.2270,0.6942,-1.0599,-1.0604,-1.0601,1.0000,3.2738,-1.0626,1.0637,1.0654,1.0442,1.0000
73.3117,3.7387,-0.1776,-0.0823,4.7540,-0.2556,3.0543,3.0529,3.0676,1.0000,3.2381,0.6932,-1.0612,-1.0623,-1.0632,1.0000,3.2861,-1.0637,1.0681,1.0720,1.0583,1.0000
73.5576,3.7387,-0.1776,-0.0823,4.7639,-0.2575,3.0528,3.0514,3.0823,1.0000,3.2492,0.6921,-1.0624,-1.0632,-1.0637,1.0000,3.2984,-1.0649,1.0724,1.0762,1.0625,1.0000
73.7683,3.7387,-0.1776,-0.0823,4.7839,-0.2613,3.0496,3.0482,3.0462,1.0000,3.2712,0.6902,-1.0640,-1.0644,-1.0605,1.0000,3.3231,-1.0672,1.0807,1.0840,1.0840,1.0000
73.9743,3.7387,-0.1776,-0.0823,4.8039,-0.2651,3.0465,3.0451,3.0691,1.0000,3.2932,0.6884,-1.0646,-1.0646,-1.0629,1.0000,3.3479,-1.0695,1.0878,1.0905,1.0698,1.0000
74.1744,3.7387,-0.1776,-0.0823,4.8339,-0.2709,3.0417,3.0408,3.0593,1.0000,3.3260,0.6860,-1.0636,-1.0632,-1.0484,1.0000,3.3856,-1.0727,1.0956,1.0968,1.0609,1.0000
74.3933,3.8546,-0.1807,-0.0823,4.8512,-0.2743,3.0382,3.0362,3.0475,1.0000,3.3441,0.6856,-1.0627,-1.0625,-1.0713,1.0000,3.4062,-1.0752,1.0987,1.0996,1.0650,1.0000
74.5962,3.8757,-0.1813,-0.0823,4.8668,-0.2773,3.0334,3.0328,3.0441,1.0000,3.3587,0.6878,-1.0624,-1.0624,-1.0506,1.0000,3.4239,-1.0809,1.1003,1.1004,1.0838,1.0000
74.7966,3.8863,-0.1817,-0.0823,4.8735,-0.2786,3.0305,3.0279,3.0360,1.0000,3.3647,0.6892,-1.0624,-1.0625,-1.0574,1.0000,3.4311,-1.0838,1.1007,1.1007,1.0884,1.0000
75.0372,3.8968,-0.1819,-0.0823,4.8787,-0.2797,3.0272,3.0239,3.0356,1.0000,3.3693,0.6907,-1.0625,-1.0628,-1.0531,1.0000,3.4365,-1.0864,1.1006,1.1002,1.1071,1.0000
75.2666,3.9073,-0.1822,-0.0823,4.8832,-0.2806,3.0236,3.0200,3.0224,1.0000,3.3725,0.6925,-1.0628,-1.0633,-1.0483,1.0000,3.4409,-1.0897,1.1001,1.0993,1.1000,1.0000
75.4872,3.9284,-0.1827,-0.0823,4.8876,-0.2813,3.0196,3.0158,3.0283,1.0000,3.3751,0.6951,-1.0634,-1.0641,-1.0555,1.0000,3.4449,-1.0942,1.0992,1.0980,1.1161,1.0000
75.6934,3.9390,-0.1830,-0.0823,4.8957,-0.2830,3.0107,3.0078,3.0093,1.0000,3.3800,0.6997,-1.0652,-1.0658,-1.0813,1.0000,3.4525,-1.1022,1.0961,1.0951,1.0866,1.0000
75.8935,3.9495,-0.1833,-0.0823,4.8987,-0.2836,3.0058,3.0027,3.0043,1.0000,3.3824,0.7009,-1.0664,-1.0671,-1.0659,1.0000,3.4564,-1.1047,1.0939,1.0926,1.0826,1.0000
76.0992,3.9600,-0.1836,-0.0823,4.9013,-0.2841,3.0006,2.9962,2.9840,1.0000,3.3844,0.7020,-1.0678,-1.0687,-1.0511,1.0000,3.4599,-1.1073,1.0912,1.0890,1.0694,1.0000
76.3461,3.9706,-0.1838,-0.0823,4.9038,-0.2844,2.9951,2.9899,2.9791,1.0000,3.3862,0.7034,-1.0691,-1.0697,-1.0349,1.0000,3.4628,-1.1105,1.0881,1.0849,1.0839,1.0000
76.5530,3.9811,-0.1840,-0.0823,4.9062,-0.2848,2.9893,2.9839,2.9922,1.0000,3.3881,0.7049,-1.0698,-1.0696,-1.0474,1.0000,3.4656,-1.1137,1.0845,1.0809,1.0856,1.0000
76.7530,4.0022,-0.1846,-0.0823,4.9105,-0.2857,2.9773,2.9773,2.9940,1.0000,3.3932,0.7064,-1.0679,-1.0679,-1.0492,1.0000,3.4727,-1.1171,1.0759,1.0759,1.0734,1.0000
76.9582,4.0127,-0.1849,-0.0823,4.9123,-0.2859,2.9714,2.9703,2.9904,1.0000,3.3962,0.7067,-1.0647,-1.0643,-1.0529,1.0000,3.4764,-1.1179,1.0707,1.0702,1.0817,1.0000
77.1587,4.0233,-0.1851,-0.0823,4.9143,-0.2859,2.9660,2.9635,3.0002,1.0000,3.3993,0.7072,-1.0596,-1.0570,-1.0669,1.0000,3.4797,-1.1190,1.0649,1.0625,1.0801,1.0000
77.3766,4.0338,-0.1854,-0.0823,4.9167,-0.2859,2.9612,2.9603,2.9731,1.0000,3.4030,0.7077,-1.0524,-1.0506,-1.0485,1.0000,3.4833,-1.1196,1.0586,1.0573,1.0560,1.0000
77.5933,4.0444,-0.1856,-0.0823,4.9196,-0.2861,2.9573,2.9603,2.9679,1.0000,3.4076,0.7078,-1.0429,-1.0506,-1.0454,1.0000,3.4875,-1.1189,1.0517,1.0573,1.0507,1.0000
77.8207,4.0549,-0.1859,-0.0823,4.9231,-0.2862,2.9547,2.9603,2.9521,1.0000,3.4130,0.7072,-1.0314,-1.0506,-1.0454,1.0000,3.4919,-1.1171,1.0444,1.0573,1.0507,1.0000
78.0229,4.0654,-0.1862,-0.0823,4.9275,-0.2861,2.9537,2.9536,2.9521,1.0000,3.4191,0.7063,-1.0176,-1.0160,-1.0616,1.0000,3.4966,-1.1149,1.0367,1.0573,1.0433,1.0000
78.2279,4.0760,-0.1864,-0.0823,4.9331,-0.2859,2.9544,2.9557,2.9402,1.0000,3.4257,0.7051,-1.0016,-0.9930,-1.0560,1.0000,3.5011,-1.1129,1.0285,1.0573,1.0280,1.0000
78.4508,4.0865,-0.1867,-0.0823,4.9401,-0.2859,2.9571,2.9612,2.9611,1.0000,3.4330,0.7034,-0.9841,-0.9676,-1.0131,1.0000,3.5051,-1.1111,1.0201,1.0573,1.0227,1.0000
78.6921,4.0971,-0.1869,-0.0823,4.9487,-0.2860,2.9617,2.9675,2.9753,1.0000,3.4415,0.7009,-0.9658,-0.9491,-1.0199,1.0000,3.5092,-1.1084,1.0115,1.0573,1.0359,1.0000
78.9014,4.1076,-0.1871,-0.0823,4.9585,-0.2861,2.9682,2.9754,2.9828,1.0000,3.4513,0.6971,-0.9473,-0.9312,-0.9621,1.0000,3.5133,-1.1050,1.0028,1.0573,1.0075,1.0000
79.1120,4.1181,-0.1874,-0.0823,4.9696,-0.2861,2.9763,2.9846,2.9742,1.0000,3.4622,0.6921,-0.9295,-0.9145,-0.9331,1.0000,3.5175,-1.1019,0.9940,1.0573,0.9797,1.0000
79.3128,4.1287,-0.1877,-0.0823,4.9821,-0.2860,2.9856,2.9946,2.9669,1.0000,3.4742,0.6858,-0.9130,-0.8998,-0.9186,1.0000,3.5214,-1.0992,0.9852,1.0573,0.9729,1.0000
79.5139,4.1287,-0.1877,-0.0823,4.9821,-0.2860,2.9856,2.9946,2.9669,1.0000,3.4742,0.6858,-0.9130,-0.8998,-0.9186,1.0000,3.5214,-1.0992,0.9852,1.0573,0.9729,1.0000
79.7526,4.1392,-0.1879,-0.0823,4.9959,-0.2860,2.9957,3.0052,2.9757,1.0000,3.4877,0.6781,-0.8985,-0.8878,-0.9062,1.0000,3.5253,-1.0967,0.9763,0.9685,0.9678,1.0000
79.9781,4.1498,-0.1881,-0.0823,5.0110,-0.2861,3.0062,3.0158,2.9881,1.0000,3.5027,0.6687,-0.8867,-0.8789,-0.8746,1.0000,3.5292,-1.0936,0.9677,0.9600,0.9603,1.0000
80.1892,4.1603,-0.1883,-0.0823,5.0271,-0.2861,3.0168,3.0158,2.9881,1.0000,3.5027,0.6687,-0.8867,-0.8789,-0.8746,1.0000,3.5292,-1.0936,0.9677,0.9600,0.9603,1.0000
80.4287,4.1603,-0.1883,-0.0823,5.0271,-0.2861,3.0168,3.0260,3.0074,1.0000,3.5191,0.6580,-0.8781,-0.8733,-0.8771,1.0000,3.5335,-1.0899,0.9592,0.9518,0.9481,1.0000
80.6460,4.1708,-0.1886,-0.0823,5.0434,-0.2860,3.0270,3.0355,3.0096,1.0000,3.5364,0.6461,-0.8729,-0.8709,-0.8810,1.0000,3.5383,-1.0857,0.9510,0.9440,0.9623,1.0000
80.8938,4.1814,-0.1889,-0.0823,5.0593,-0.2857,3.0364,3.0439,3.0181,1.0000,3.5542,0.6336,-0.8709,-0.8716,-0.8638,1.0000,3.5439,-1.0812,0.9433,0.9368,0.9664,1.0000
81.1319,4.2025,-0.1893,-0.0822,5.0756,-0.2854,3.0446,3.0509,3.0286,1.0000,3.5727,0.6203,-0.8719,-0.8751,-0.8640,1.0000,3.5499,-1.0761,0.9361,0.9301,0.9651,1.0000
81.3450,4.2130,-0.1895,-0.0822,5.0924,-0.2852,3.0515,3.0564,3.0572,1.0000,3.5917,0.6064,-0.8756,-0.8809,-0.8807,1.0000,3.5566,-1.0701,0.9295,0.9242,0.9373,1.0000
81.5457,4.2235,-0.1897,-0.0822,5.1242,-0.2846,3.0605,3.0613,3.0567,1.0000,3.6295,0.5786,-0.8896,-0.8922,-0.8829,1.0000,3.5722,-1.0556,0.9185,0.9175,0.9205,1.0000
81.7877,4.2235,-0.1897,-0.0822,5.1242,-0.2846,3.0605,3.0624,3.0632,1.0000,3.6295,0.5786,-0.8896,-0.8979,-0.8879,1.0000,3.5722,-1.0556,0.9185,0.9144,0.9302,1.0000
81.9970,4.2341,-0.1900,-0.0822,5.1390,-0.2842,3.0625,3.0629,3.0594,1.0000,3.6476,0.5659,-0.8989,-0.9079,-0.8848,1.0000,3.5811,-1.0476,0.9140,0.9105,0.9223,1.0000
82.1994,4.2551,-0.1905,-0.0822,5.1536,-0.2837,3.0629,3.0619,3.0749,1.0000,3.6654,0.5542,-0.9090,-0.9184,-0.8940,1.0000,3.5905,-1.0394,0.9102,0.9071,0.9186,1.0000
82.4041,4.2657,-0.1906,-0.0822,5.1823,-0.2828,3.0593,3.0573,3.0573,1.0000,3.7005,0.5329,-0.9297,-0.9347,-0.8923,1.0000,3.6116,-1.0221,0.9038,0.9024,0.9053,1.0000
82.6497,4.2762,-0.1908,-0.0822,5.1964,-0.2824,3.0558,3.0519,3.0545,1.0000,3.7174,0.5241,-0.9395,-0.9475,-0.9130,1.0000,3.6229,-1.0133,0.9011,0.8987,0.8960,1.0000
82.8675,4.2868,-0.1911,-0.0822,5.2103,-0.2819,3.0514,3.0468,3.0793,1.0000,3.7335,0.5173,-0.9483,-0.9554,-0.9253,1.0000,3.6346,-1.0049,0.8984,0.8960,0.9122,1.0000
83.1046,4.2973,-0.1913,-0.0822,5.2241,-0.2815,3.0463,3.0414,3.0483,1.0000,3.7488,0.5124,-0.9561,-0.9620,-0.9352,1.0000,3.6469,-0.9969,0.8957,0.8932,0.9402,1.0000
83.3474,4.3078,-0.1916,-0.0822,5.2378,-0.2810,3.0409,3.0359,3.0489,1.0000,3.7636,0.5088,-0.9626,-0.9674,-0.9548,1.0000,3.6598,-0.9892,0.8929,0.8901,0.9210,1.0000
83.5568,4.3184,-0.1918,-0.0822,5.2515,-0.2807,3.0353,3.0305,3.0499,1.0000,3.7780,0.5062,-0.9678,-0.9715,-0.9579,1.0000,3.6733,-0.9815,0.8898,0.8868,0.9073,1.0000
83.7784,4.3289,-0.1919,-0.0822,5.2652,-0.2803,3.0300,3.0255,3.0321,1.0000,3.7918,0.5047,-0.9718,-0.9743,-0.9646,1.0000,3.6870,-0.9739,0.8865,0.8833,0.8747,1.0000
83.9981,4.3500,-0.1924,-0.0822,5.2790,-0.2800,3.0250,3.0212,3.0493,1.0000,3.8046,0.5047,-0.9745,-0.9759,-0.9592,1.0000,3.7006,-0.9665,0.8829,0.8795,0.8727,1.0000
84.2350,4.3500,-0.1924,-0.0822,5.2929,-0.2797,3.0208,3.0176,3.0505,1.0000,3.8165,0.5060,-0.9759,-0.9761,-0.9578,1.0000,3.7144,-0.9597,0.8792,0.8756,0.8776,1.0000
84.4639,4.3711,-0.1928,-0.0823,5.3068,-0.2794,3.0173,3.0149,3.0254,1.0000,3.8278,0.5079,-0.9761,-0.9752,-0.9519,1.0000,3.7288,-0.9538,0.8751,0.8714,0.8586,1.0000
84.6679,4.3816,-0.1930,-0.0823,5.3351,-0.2789,3.0133,3.0134,2.9944,1.0000,3.8388,0.5102,-0.9750,-0.9731,-0.9682,1.0000,3.7433,-0.9479,0.8710,0.8673,0.8537,1.0000
84.8734,4.3922,-0.1932,-0.0823,5.3351,-0.2789,3.0133,3.0128,3.0167,1.0000,3.8493,0.5130,-0.9728,-0.9700,-0.9664,1.0000,3.7572,-0.9415,0.8669,0.8634,0.8864,1.0000
85.1127,4.3922,-0.1932,-0.0823,5.3495,-0.2787,3.0128,3.0134,3.0296,1.0000,3.8592,0.5162,-0.9697,-0.9662,-0.9783,1.0000,3.7709,-0.9351,0.8630,0.8598,0.8649,1.0000
85.3375,4.4027,-0.1934,-0.0823,5.3640,-0.2785,3.0135,3.0150,3.0282,1.0000,3.8687,0.5197,-0.9657,-0.9617,-0.9700,1.0000,3.7849,-0.9294,0.8595,0.8567,0.8769,1.0000
85.5381,4.4132,-0.1937,-0.0823,5.3787,-0.2783,3.0152,3.0176,3.0347,1.0000,3.8779,0.5233,-0.9613,-0.9569,-0.9667,1.0000,3.7991,-0.9240,0.8564,0.8541,0.8641,1.0000
85.7694,4.4238,-0.1939,-0.0823,5.3935,-0.2782,3.0179,3.0211,3.0271,1.0000,3.8870,0.5270,-0.9564,-0.9519,-0.9683,1.0000,3.8130,-0.9184,0.8539,0.8521,0.8457,1.0000
85.9864,4.4343,-0.1940,-0.0823,5.4084,-0.2780,3.0215,3.0254,3.0390,1.0000,3.8959,0.5308,-0.9514,-0.9470,-0.9476,1.0000,3.8266,-0.9123,0.8519,0.8505,0.8674,1.0000
86.2139,4.4554,-0.1944,-0.0823,5.4234,-0.2778,3.0259,3.0303,3.0335,1.0000,3.9047,0.5346,-0.9465,-0.9423,-0.9518,1.0000,3.8401,-0.9061,0.8504,0.8494,0.8401,1.0000
86.4222,4.4659,-0.1946,-0.0823,5.4385,-0.2777,3.0308,3.0356,3.0295,1.0000,3.9133,0.5385,-0.9419,-0.9381,-0.9379,1.0000,3.8537,-0.9000,0.8493,0.8488,0.8537,1.0000
86.6289,4.4764,-0.1948,-0.0823,5.4536,-0.2775,3.0361,3.0410,3.0301,1.0000,3.9219,0.5424,-0.9377,-0.9344,-0.9234,1.0000,3.8673,-0.8940,0.8488,0.8486,0.8471,1.0000
86.8777,4.4764,-0.1948,-0.0823,5.4688,-0.2772,3.0415,3.0464,3.0341,1.0000,3.9304,0.5462,-0.9341,-0.9315,-0.9356,1.0000,3.8808,-0.8880,0.8486,0.8486,0.8500,1.0000
87.0925,4.4870,-0.1950,-0.0823,5.4839,-0.2770,3.0469,3.0515,3.0509,1.0000,3.9391,0.5499,-0.9312,-0.9294,-0.9427,1.0000,3.8942,-0.8823,0.8486,0.8488,0.8327,1.0000
87.3057,4.4975,-0.1952,-0.0823,5.4990,-0.2768,3.0520,3.0561,3.0326,1.0000,3.9477,0.5536,-0.9292,-0.9282,-0.9216,1.0000,3.9078,-0.8773,0.8489,0.8491,0.8299,1.0000
87.5168,4.5081,-0.1953,-0.0823,5.5140,-0.2765,3.0566,3.0602,3.0225,1.0000,3.9563,0.5571,-0.9281,-0.9280,-0.9176,1.0000,3.9215,-0.8731,0.8492,0.8495,0.8200,1.0000
87.7204,4.5186,-0.1955,-0.0823,5.5290,-0.2762,3.0606,3.0623,3.0219,1.0000,3.9650,0.5606,-0.9280,-0.9283,-0.9176,1.0000,3.9352,-0.8695,0.8495,0.8497,0.8200,1.0000
87.9383,4.5186,-0.1955,-0.0823,5.5290,-0.2762,3.0606,3.0636,3.0219,1.0000,3.9650,0.5606,-0.9280,-0.9286,-0.9220,1.0000,3.9352,-0.8695,0.8495,0.8498,0.8302,1.0000
88.1819,4.5291,-0.1957,-0.0823,5.5439,-0.2759,3.0639,3.0663,3.0457,1.0000,3.9737,0.5639,-0.9288,-0.9302,-0.9069,1.0000,3.9492,-0.8667,0.8498,0.8500,0.8417,1.0000
88.4135,4.5397,-0.1959,-0.0823,5.5587,-0.2755,3.0665,3.0682,3.0700,1.0000,3.9825,0.5672,-0.9305,-0.9327,-0.9155,1.0000,3.9635,-0.8652,0.8500,0.8502,0.8260,1.0000
88.6299,4.5608,-0.1962,-0.0822,5.5734,-0.2752,3.0684,3.0694,3.0798,1.0000,3.9914,0.5703,-0.9330,-0.9360,-0.9110,1.0000,3.9782,-0.8645,0.8502,0.8503,0.8378,1.0000
88.8621,4.5608,-0.1962,-0.0822,5.5876,-0.2748,3.0695,3.0700,3.0759,1.0000,4.0003,0.5734,-0.9363,-0.9399,-0.9131,1.0000,3.9932,-0.8643,0.8503,0.8504,0.8390,1.0000
89.1031,4.5713,-0.1964,-0.0822,5.6007,-0.2741,3.0700,3.0699,3.0724,1.0000,4.0092,0.5763,-0.9403,-0.9443,-0.9099,1.0000,4.0086,-0.8656,0.8504,0.8504,0.8334,1.0000
89.3345,4.5818,-0.1966,-0.0822,5.6134,-0.2734,3.0699,3.0693,3.0560,1.0000,4.0182,0.5792,-0.9448,-0.9491,-0.9370,1.0000,4.0245,-0.8681,0.8504,0.8505,0.8421,1.0000
89.5638,4.5924,-0.1968,-0.0822,5.6261,-0.2726,3.0693,3.0693,3.0560,1.0000,4.0182,0.5792,-0.9448,-0.9491,-0.9370,1.0000,4.0245,-0.8681,0.8504,0.8505,0.8421,1.0000
89.7801,4.5924,-0.1968,-0.0822,5.6261,-0.2726,3.0693,3.0683,3.0611,1.0000,4.0272,0.5821,-0.9496,-0.9540,-0.9293,1.0000,4.0408,-0.8713,0.8506,0.8510,0.8367,1.0000
89.9983,4.6134,-0.1971,-0.0822,5.6385,-0.2719,3.0682,3.0669,3.0538,1.0000,4.0363,0.5850,-0.9545,-0.9589,-0.9643,1.0000,4.0572,-0.8748,0.8511,0.8520,0.8516,1.0000
90.2158,4.6240,-0.1972,-0.0821,5.6613,-0.2699,3.0650,3.0652,3.0595,1.0000,4.0453,0.5878,-0.9594,-0.9637,-0.9497,1.0000,4.0738,-0.8785,0.8522,0.8540,0.8509,1.0000
90.4362,4.6345,-0.1974,-0.0821,5.6724,-0.2688,3.0631,3.0633,3.0750,1.0000,4.0544,0.5907,-0.9642,-0.9683,-0.9514,1.0000,4.0908,-0.8831,0.8542,0.8571,0.8457,1.0000
90.6515,4.6450,-0.1976,-0.0821,5.6724,-0.2688,3.0631,3.0613,3.0856,1.0000,4.0634,0.5936,-0.9687,-0.9726,-0.9647,1.0000,4.1081,-0.8887,0.8575,0.8614,0.8538,1.0000
90.8728,4.6556,-0.1978,-0.0821,5.6836,-0.2677,3.0611,3.0594,3.0734,1.0000,4.0724,0.5965,-0.9730,-0.9763,-0.9772,1.0000,4.1252,-0.8949,0.8619,0.8670,0.8576,1.0000
91.0916,4.6661,-0.1979,-0.0821,5.6941,-0.2664,3.0592,3.0575,3.0743,1.0000,4.0814,0.5995,-0.9767,-0.9795,-0.9803,1.0000,4.1415,-0.9012,0.8676,0.8736,0.8636,1.0000
91.2949,4.6767,-0.1980,-0.0821,5.7153,-0.2637,3.0557,3.0559,3.0703,1.0000,4.0904,0.6025,-0.9798,-0.9821,-0.9862,1.0000,4.1574,-0.9072,0.8743,0.8813,0.8808,1.0000
91.4958,4.6872,-0.1981,-0.0821,5.7257,-0.2623,3.0545,3.0545,3.0485,1.0000,4.1082,0.6089,-0.9840,-0.9840,-0.9706,1.0000,4.1883,-0.9196,0.8908,0.8908,0.8764,1.0000
91.7070,4.6977,-0.1983,-0.0821,5.7257,-0.2623,3.0545,3.0537,3.0612,1.0000,4.1082,0.6089,-0.9840,-0.9850,-0.9710,1.0000,4.1883,-0.9196,0.8908,0.8995,0.8891,1.0000
91.9324,4.6977,-0.1983,-0.0821,5.7356,-0.2608,3.0536,3.0533,3.0431,1.0000,4.1170,0.6122,-0.9850,-0.9853,-0.9954,1.0000,4.2034,-0.9269,0.9005,0.9101,0.8955,1.0000
92.1384,4.7083,-0.1985,-0.0821,5.7454,-0.2590,3.0532,3.0533,3.0696,1.0000,4.1258,0.6157,-0.9853,-0.9851,-0.9799,1.0000,4.2176,-0.9341,0.9112,0.9216,0.9127,1.0000
92.3633,4.7188,-0.1987,-0.0821,5.7554,-0.2573,3.0534,3.0540,3.0791,1.0000,4.1346,0.6192,-0.9850,-0.9842,-0.9843,1.0000,4.2314,-0.9410,0.9228,0.9341,0.9306,1.0000
92.5636,4.7399,-0.1989,-0.0821,5.7763,-0.2543,3.0553,3.0557,3.0576,1.0000,4.1519,0.6264,-0.9827,-0.9825,-0.9734,1.0000,4.2600,-0.9504,0.9492,0.9506,0.9186,1.0000
92.7693,4.7504,-0.1990,-0.0821,5.7868,-0.2527,3.0572,3.0576,3.0743,1.0000,4.1605,0.6301,-0.9808,-0.9806,-0.9765,1.0000,4.2752,-0.9526,0.9639,0.9655,0.9581,1.0000
92.9719,4.7610,-0.1992,-0.0821,5.7973,-0.2511,3.0595,3.0600,3.0694,1.0000,4.1691,0.6338,-0.9786,-0.9784,-0.9638,1.0000,4.2904,-0.9541,0.9793,0.9808,0.9482,1.0000
93.1719,4.7715,-0.1993,-0.0821,5.8078,-0.2494,3.0623,3.0630,3.0602,1.0000,4.1777,0.6376,-0.9763,-0.9758,-0.9575,1.0000,4.3059,-0.9541,0.9945,0.9959,0.9770,1.0000
93.3813,4.7820,-0.1995,-0.0821,5.8186,-0.2478,3.0656,3.0653,3.0695,1.0000,4.1777,0.6376,-0.9763,-0.9741,-0.9508,1.0000,4.3059,-0.9541,0.9945,1.0074,0.9784,1.0000
93.5827,4.7926,-0.1996,-0.0821,5.8294,-0.2463,3.0692,3.0708,3.0683,1.0000,4.1962,0.6445,-0.9713,-0.9705,-0.9456,1.0000,4.3368,-0.9497,1.0217,1.0253,0.9847,1.0000
93.7845,4.8031,-0.1997,-0.0821,5.8403,-0.2447,3.0732,3.0752,3.0710,1.0000,4.2060,0.6477,-0.9688,-0.9675,-0.9503,1.0000,4.3521,-0.9459,1.0328,1.0376,0.9925,1.0000
93.9865,4.8137,-0.1998,-0.0821,5.8511,-0.2431,3.0773,3.0798,3.0747,1.0000,4.2160,0.6508,-0.9663,-0.9651,-0.9624,1.0000,4.3673,-0.9421,1.0417,1.0454,1.0365,1.0000
94.1869,4.8242,-0.2000,-0.0821,5.8619,-0.2414,3.0815,3.0840,3.0608,1.0000,4.2259,0.6539,-0.9641,-0.9631,-0.9623,1.0000,4.3822,-0.9387,1.0484,1.0509,1.0522,1.0000
94.3885,4.8347,-0.2001,-0.0821,5.8728,-0.2398,3.0857,3.0882,3.0608,1.0000,4.2363,0.6568,-0.9623,-0.9616,-0.9623,1.0000,4.3969,-0.9356,1.0528,1.0541,1.0522,1.0000
94.5895,4.8452,-0.2002,-0.0821,5.8837,-0.2382,3.0898,3.0922,3.0825,1.0000,4.2472,0.6594,-0.9610,-0.9606,-0.9701,1.0000,4.4115,-0.9326,1.0549,1.0552,1.0704,1.0000
94.7933,4.8558,-0.2003,-0.0822,5.8947,-0.2366,3.0938,3.0968,3.0722,1.0000,4.2582,0.6619,-0.9604,-0.9603,-0.9745,1.0000,4.4266,-0.9290,1.0549,1.0536,1.0553,1.0000
95.0355,4.8663,-0.2004,-0.0822,5.9055,-0.2350,3.0976,3.1007,3.0796,1.0000,4.2693,0.6643,-0.9603,-0.9609,-0.9688,1.0000,4.4431,-0.9241,1.0528,1.0495,1.0503,1.0000
95.2612,4.8769,-0.2005,-0.0822,5.9163,-0.2333,3.1010,3.1039,3.1002,1.0000,4.2807,0.6666,-0.9609,-0.9621,-0.9586,1.0000,4.4603,-0.9188,1.0490,1.0445,1.0361,1.0000
95.4919,4.8979,-0.2008,-0.0822,5.9271,-0.2317,3.1042,3.1067,3.0809,1.0000,4.2919,0.6688,-0.9623,-0.9641,-0.9590,1.0000,4.4785,-0.9127,1.0440,1.0389,1.0466,1.0000
95.7136,4.9085,-0.2009,-0.0822,5.9487,-0.2285,3.1093,3.1111,3.1168,1.0000,4.3168,0.6718,-0.9670,-0.9701,-0.9486,1.0000,4.5155,-0.8994,1.0329,1.0285,1.0473,1.0000
95.9304,4.9190,-0.2010,-0.0822,5.9593,-0.2268,3.1112,3.1126,3.1021,1.0000,4.3302,0.6725,-0.9705,-0.9740,-0.9564,1.0000,4.5342,-0.8925,1.0281,1.0247,1.0292,1.0000
96.1644,4.9295,-0.2011,-0.0822,5.9700,-0.2252,3.1128,3.1138,3.1032,1.0000,4.3441,0.6729,-0.9745,-0.9785,-0.9683,1.0000,4.5526,-0.8857,1.0244,1.0224,1.0086,1.0000
96.3644,4.9506,-0.2014,-0.0823,5.9911,-0.2220,3.1147,3.1148,3.1167,1.0000,4.3725,0.6730,-0.9837,-0.9842,-0.9962,1.0000,4.5856,-0.8755,1.0215,1.0215,1.0184,1.0000
96.5906,4.9611,-0.2015,-0.0823,6.0017,-0.2204,3.1151,3.1153,3.1100,1.0000,4.3871,0.6728,-0.9888,-0.9934,-0.9883,1.0000,4.6003,-0.8728,1.0219,1.0231,1.0215,1.0000
96.8209,4.9717,-0.2015,-0.0823,6.0122,-0.2188,3.1153,3.1152,3.1094,1.0000,4.4020,0.6723,-0.9940,-0.9986,-0.9940,1.0000,4.6140,-0.8712,1.0233,1.0252,1.0277,1.0000
97.0642,4.9822,-0.2016,-0.0823,6.0226,-0.2172,3.1152,3.1150,3.1103,1.0000,4.4169,0.6717,-0.9992,-1.0038,-0.9910,1.0000,4.6268,-0.8705,1.0254,1.0282,1.0324,1.0000
97.2901,4.9927,-0.2017,-0.0823,6.0331,-0.2156,3.1150,3.1147,3.0951,1.0000,4.4315,0.6715,-1.0043,-1.0088,-1.0048,1.0000,4.6387,-0.8711,1.0285,1.0324,1.0191,1.0000
97.4937,5.0138,-0.2019,-0.0823,6.0540,-0.2124,3.1144,3.1143,3.1140,1.0000,4.4601,0.6717,-1.0140,-1.0154,-0.9830,1.0000,4.6607,-0.8799,1.0386,1.0406,1.0111,1.0000
97.7416,5.0243,-0.2020,-0.0823,6.0645,-0.2108,3.1142,3.1141,3.1313,1.0000,4.4744,0.6718,-1.0185,-1.0223,-1.0117,1.0000,4.6706,-0.8884,1.0459,1.0538,1.0322,1.0000
97.9885,5.0349,-0.2021,-0.0823,6.0750,-0.2093,3.1141,3.1141,3.1171,1.0000,4.4887,0.6720,-1.0227,-1.0261,-1.0292,1.0000,4.6792,-0.8991,1.0547,1.0638,1.0499,1.0000
98.1998,5.0559,-0.2022,-0.0823,6.0855,-0.2077,3.1141,3.1143,3.1113,1.0000,4.5029,0.6723,-1.0264,-1.0295,-1.0014,1.0000,4.6861,-0.9116,1.0648,1.0746,1.0473,1.0000
98.4028,5.0665,-0.2023,-0.0823,6.1067,-0.2046,3.1149,3.1155,3.1039,1.0000,4.5310,0.6734,-1.0329,-1.0348,-1.0157,1.0000,4.6972,-0.9423,1.0867,1.0944,1.0712,1.0000
98.6262,5.0770,-0.2024,-0.0823,6.1173,-0.2030,3.1157,3.1167,3.1201,1.0000,4.5449,0.6741,-1.0356,-1.0378,-1.0549,1.0000,4.7012,-0.9595,1.0976,1.1068,1.0891,1.0000
98.8492,5.0875,-0.2025,-0.0823,6.1280,-0.2014,3.1168,3.1181,-3.1399,1.0000,4.5589,0.6748,-1.0380,-1.0400,-1.0523,1.0000,4.7041,-0.9764,1.1078,1.1162,1.0935,1.0000
99.0516,5.1086,-0.2026,-0.0823,6.1495,-0.1983,3.1200,3.1204,3.1259,1.0000,4.5867,0.6764,-1.0422,-1.0424,-1.0643,1.0000,4.7094,-1.0059,1.1252,1.1259,1.1028,1.0000
99.2520,5.1191,-0.2027,-0.0822,6.1604,-0.1967,3.1220,3.1223,3.1297,1.0000,4.6005,0.6773,-1.0441,-1.0443,-1.0480,1.0000,4.7129,-1.0186,1.1321,1.1321,1.1070,1.0000
99.4533,5.1297,-0.2027,-0.0822,6.1712,-0.1951,3.1244,3.1249,-3.1310,1.0000,4.6143,0.6783,-1.0460,-1.0462,-1.0322,1.0000,4.7169,-1.0301,1.1377,1.1382,1.1134,1.0000
99.6541,5.1402,-0.2028,-0.0822,6.1821,-0.1936,3.1269,3.1283,3.1305,1.0000,4.6282,0.6792,-1.0481,-1.0491,-1.0325,1.0000,4.7221,-1.0398,1.1418,1.1431,1.1429,1.0000
99.8603,5.1507,-0.2028,-0.0822,6.1931,-0.1920,3.1297,3.1309,3.1305,1.0000,4.6420,0.6802,-1.0502,-1.0509,-1.0512,1.0000,4.7289,-1.0476,1.1440,1.1443,1.1334,1.0000
100.0613,5.1613,-0.2028,-0.0822,6.2040,-0.1904,3.1326,3.1347,3.1413,1.0000,4.6558,0.6812,-1.0524,-1.0541,-1.0386,1.0000,4.7370,-1.0544,1.1442,1.1432,1.1473,1.0000
100.2817,5.1718,-0.2029,-0.0822,6.2150,-0.1888,3.1356,3.1384,3.1395,1.0000,4.6696,0.6821,-1.0548,-1.0571,-1.0701,1.0000,4.7462,-1.0605,1.1425,1.1393,1.1416,1.0000
100.5185,5.1823,-0.2030,-0.0822,6.2260,-0.1872,3.1387,3.1414,3.1371,1.0000,4.6835,0.6831,-1.0574,-1.0600,-1.0557,1.0000,4.7561,-1.0653,1.1388,1.1342,1.1525,1.0000
100.7519,5.2034,-0.2031,-0.0822,6.2370,-0.1856,-3.1415,-3.1388,3.1370,1.0000,4.6973,0.6841,-1.0602,-1.0631,-1.0486,1.0000,4.7668,-1.0688,1.1336,1.1278,1.1406,1.0000
100.9637,5.2139,-0.2031,-0.0822,6.2589,-0.1823,-3.1356,-3.1359,-3.1345,1.0000,4.7112,0.6850,-1.0634,-1.0664,-1.0634,1.0000,4.7785,-1.0710,1.1271,1.1206,1.1425,1.0000
101.1702,5.2245,-0.2031,-0.0822,6.2699,-0.1807,-3.1329,-3.1324,-3.1261,1.0000,4.7389,0.6868,-1.0704,-1.0708,-1.0636,1.0000,4.8030,-1.0748,1.1122,1.1114,1.1404,1.0000
101.3708,5.2350,-0.2032,-0.0822,6.2805,-0.1791,-3.1304,-3.1292,3.1362,1.0000,4.7528,0.6877,-1.0743,-1.0759,-1.0708,1.0000,4.8151,-1.0762,1.1044,1.1013,1.1227,1.0000
101.5714,5.2455,-0.2033,-0.0822,6.2909,-0.1774,-3.1281,-3.1264,-3.1374,1.0000,4.7667,0.6885,-1.0784,-1.0818,-1.0687,1.0000,4.8269,-1.0770,1.0968,1.0918,1.1181,1.0000
101.7714,5.2561,-0.2033,-0.0822,6.3015,-0.1758,-3.1260,-3.1245,-3.1148,1.0000,4.7807,0.6894,-1.0826,-1.0861,-1.0791,1.0000,4.8387,-1.0779,1.0898,1.0847,1.0938,1.0000
102.0175,5.2666,-0.2033,-0.0821,6.3121,-0.1741,-3.1241,-3.1226,-3.1184,1.0000,4.7946,0.6902,-1.0870,-1.0910,-1.0748,1.0000,4.8504,-1.0792,1.0835,1.0787,1.0903,1.0000
102.2473,5.2771,-0.2033,-0.0821,6.3224,-0.1725,-3.1225,-3.1212,-3.1355,1.0000,4.8086,0.6911,-1.0914,-1.0954,-1.0941,1.0000,4.8621,-1.0809,1.0783,1.0746,1.1051,1.0000
102.4964,5.2877,-0.2034,-0.0821,6.3324,-0.1709,-3.1211,-3.1200,-3.1372,1.0000,4.8225,0.6920,-1.0959,-1.0999,-1.0986,1.0000,4.8736,-1.0825,1.0742,1.0717,1.0813,1.0000
102.7017,5.2982,-0.2034,-0.0821,6.3425,-0.1692,-3.1199,-3.1190,-3.1236,1.0000,4.8365,0.6929,-1.1003,-1.1042,-1.0859,1.0000,4.8847,-1.0840,1.0715,1.0703,1.0735,1.0000
102.9063,5.3192,-0.2035,-0.0821,6.3628,-0.1659,-3.1182,-3.1180,-3.1025,1.0000,4.8644,0.6948,-1.1087,-1.1091,-1.1052,1.0000,4.9068,-1.0877,1.0705,1.0706,1.0594,1.0000
103.1073,5.3298,-0.2034,-0.0821,6.3628,-0.1659,-3.1182,-3.1176,-3.1139,1.0000,4.8644,0.6948,-1.1087,-1.1122,-1.0972,1.0000,4.9068,-1.0877,1.0705,1.0721,1.0717,1.0000
103.3187,5.3403,-0.2034,-0.0821,6.3729,-0.1643,-3.1176,-3.1171,-3.1197,1.0000,4.8783,0.6958,-1.1126,-1.1159,-1.1045,1.0000,4.9179,-1.0901,1.0723,1.0752,1.0895,1.0000
103.5189,5.3508,-0.2035,-0.0821,6.3929,-0.1610,-3.1166,-3.1166,-3.1250,1.0000,4.9062,0.6980,-1.1198,-1.1198,-1.1075,1.0000,4.9393,-1.0949,1.0801,1.0801,1.0812,1.0000
103.7449,5.3614,-0.2035,-0.0821,6.4029,-0.1593,-3.1162,-3.1161,-3.1230,1.0000,4.9201,0.6992,-1.1231,-1.1240,-1.1226,1.0000,4.9499,-1.0974,1.0859,1.0879,1.0773,1.0000
103.9505,5.3719,-0.2035,-0.0821,6.4130,-0.1577,-3.1158,-3.1157,3.1415,1.0000,4.9340,0.7004,-1.1262,-1.1271,-1.1157,1.0000,4.9605,-1.1002,1.0927,1.0949,1.0850,1.0000
104.1561,5.3824,-0.2035,-0.0821,6.4230,-0.1560,-3.1153,-3.1152,3.1415,1.0000,4.9480,0.7016,-1.1291,-1.1294,-1.1172,1.0000,4.9711,-1.1031,1.1003,1.1011,1.0914,1.0000
104.3606,5.3930,-0.2035,-0.0821,6.4331,-0.1544,-3.1148,-3.1147,3.1410,1.0000,4.9619,0.7029,-1.1319,-1.1322,-1.1259,1.0000,4.9815,-1.1060,1.1084,1.1092,1.1052,1.0000
104.5750,5.3930,-0.2035,-0.0821,6.4331,-0.1544,-3.1148,-3.1142,-3.1387,1.0000,4.9619,0.7029,-1.1319,-1.1344,-1.1327,1.0000,4.9815,-1.1060,1.1084,1.1159,1.1267,1.0000
104.7978,5.4140,-0.2035,-0.0821,6.4431,-0.1527,-3.1141,-3.1134,-3.1178,1.0000,4.9758,0.7043,-1.1347,-1.1371,-1.1245,1.0000,4.9919,-1.1088,1.1167,1.1243,1.1304,1.0000
105.0313,5.4245,-0.2035,-0.0821,6.4532,-0.1510,-3.1133,-3.1124,-3.1133,1.0000,4.9897,0.7056,-1.1373,-1.1397,-1.1381,1.0000,5.0024,-1.1117,1.1252,1.1326,1.1094,1.0000
105.2655,5.4351,-0.2035,-0.0821,6.4630,-0.1494,-3.1123,-3.1113,-3.1105,1.0000,5.0036,0.7070,-1.1400,-1.1424,-1.1501,1.0000,5.0129,-1.1146,1.1334,1.1405,1.1404,1.0000
105.4683,5.4456,-0.2035,-0.0821,6.4830,-0.1461,-3.1098,-3.1085,-3.1115,1.0000,5.0314,0.7098,-1.1454,-1.1480,-1.1389,1.0000,5.0340,-1.1203,1.1484,1.1536,1.1257,1.0000
105.7098,5.4561,-0.2034,-0.0821,6.4930,-0.1444,-3.1084,-3.1069,-3.0823,1.0000,5.0454,0.7111,-1.1483,-1.1509,-1.1414,1.0000,5.0446,-1.1230,1.1548,1.1597,1.1182,1.0000
105.9480,5.4667,-0.2034,-0.0821,6.5029,-0.1428,-3.1067,-3.1051,-3.0940,1.0000,5.0593,0.7125,-1.1512,-1.1540,-1.1515,1.0000,5.0553,-1.1256,1.1602,1.1642,1.1399,1.0000
106.1861,5.4772,-0.2034,-0.0821,6.5128,-0.1411,-3.1049,-3.1032,-3.1164,1.0000,5.0733,0.7139,-1.1544,-1.1573,-1.1470,1.0000,5.0661,-1.1281,1.1646,1.1676,1.1598,1.0000
106.3945,5.4982,-0.2034,-0.0821,6.5228,-0.1395,-3.1030,-3.1012,-3.1060,1.0000,5.0872,0.7153,-1.1577,-1.1608,-1.1616,1.0000,5.0771,-1.1305,1.1679,1.1699,1.1554,1.0000
106.5952,5.5088,-0.2033,-0.0821,6.5430,-0.1361,-3.0988,-3.0988,-3.0959,1.0000,5.1012,0.7166,-1.1612,-1.1645,-1.1363,1.0000,5.0880,-1.1326,1.1701,1.1710,1.1623,1.0000
106.7953,5.5193,-0.2033,-0.0821,6.5531,-0.1344,-3.0966,-3.0945,-3.1120,1.0000,5.1293,0.7192,-1.1688,-1.1724,-1.1620,1.0000,5.1099,-1.1358,1.1708,1.1698,1.1740,1.0000
107.0001,5.5298,-0.2033,-0.0821,6.5632,-0.1327,-3.0943,-3.0929,-3.0737,1.0000,5.1433,0.7205,-1.1729,-1.1750,-1.1790,1.0000,5.1211,-1.1376,1.1697,1.1687,1.1763,1.0000
107.2031,5.5404,-0.2033,-0.0821,6.5734,-0.1310,-3.0919,-3.0900,-3.0660,1.0000,5.1574,0.7218,-1.1771,-1.1801,-1.1770,1.0000,5.1323,-1.1390,1.1676,1.1657,1.1684,1.0000
107.4271,5.5509,-0.2032,-0.0821,6.5835,-0.1293,-3.0895,-3.0874,-3.0786,1.0000,5.1715,0.7231,-1.1814,-1.1853,-1.1803,1.0000,5.1433,-1.1400,1.1648,1.1618,1.1730,1.0000
107.6272,5.5720,-0.2031,-0.0821,6.6039,-0.1259,-3.0847,-3.0845,-3.0684,1.0000,5.1997,0.7256,-1.1901,-1.1906,-1.1870,1.0000,5.1656,-1.1420,1.1575,1.1575,1.1640,1.0000
107.8379,5.5825,-0.2030,-0.0821,6.6141,-0.1241,-3.0824,-3.0805,-3.0954,1.0000,5.2138,0.7269,-1.1946,-1.1976,-1.1874,1.0000,5.1769,-1.1432,1.1533,1.1502,1.1571,1.0000
108.0400,5.5930,-0.2030,-0.0821,6.6242,-0.1224,-3.0800,-3.0780,-3.1209,1.0000,5.2278,0.7280,-1.1989,-1.2028,-1.2039,1.0000,5.1880,-1.1441,1.1489,1.1449,1.1704,1.0000
108.2787,5.6035,-0.2030,-0.0821,6.6344,-0.1206,-3.0778,-3.0759,-3.1005,1.0000,5.2414,0.7284,-1.2033,-1.2071,-1.2039,1.0000,5.1988,-1.1445,1.1445,1.1407,1.1478,1.0000
108.4849,5.6141,-0.2029,-0.0821,6.6445,-0.1189,-3.0757,-3.0739,-3.0865,1.0000,5.2551,0.7287,-1.2075,-1.2113,-1.2128,1.0000,5.2097,-1.1449,1.1403,1.1370,1.1636,1.0000
108.6849,5.6351,-0.2027,-0.0821,6.6648,-0.1154,-3.0718,-3.0713,-3.0899,1.0000,5.2822,0.7295,-1.2157,-1.2169,-1.1970,1.0000,5.2311,-1.1457,1.1335,1.1330,1.1516,1.0000
108.8851,5.6456,-0.2027,-0.0821,6.6749,-0.1137,-3.0701,-3.0691,-3.0757,1.0000,5.2955,0.7291,-1.2196,-1.2215,-1.2155,1.0000,5.2416,-1.1460,1.1311,1.1302,1.1383,1.0000
109.1286,5.6562,-0.2026,-0.0822,6.6850,-0.1119,-3.0685,-3.0672,-3.0713,1.0000,5.3087,0.7282,-1.2233,-1.2264,-1.2175,1.0000,5.2519,-1.1460,1.1294,1.1286,1.1389,1.0000
109.3727,5.6667,-0.2026,-0.0822,6.6951,-0.1101,-3.0670,-3.0659,-3.0699,1.0000,5.3221,0.7276,-1.2268,-1.2297,-1.2121,1.0000,5.2619,-1.1460,1.1285,1.1285,1.1456,1.0000
109.5886,5.6772,-0.2025,-0.0822,6.7051,-0.1084,-3.0657,-3.0647,-3.0629,1.0000,5.3355,0.7274,-1.2300,-1.2327,-1.2060,1.0000,5.2719,-1.1460,1.1285,1.1291,1.1522,1.0000
109.8348,5.6877,-0.2023,-0.0822,6.7148,-0.1067,-3.0645,-3.0636,-3.0651,1.0000,5.3489,0.7271,-1.2330,-1.2354,-1.2193,1.0000,5.2818,-1.1457,1.1293,1.1306,1.1466,1.0000
110.0518,5.7088,-0.2022,-0.0822,6.7238,-0.1051,-3.0635,-3.0627,-3.0584,1.0000,5.3623,0.7262,-1.2356,-1.2377,-1.2406,1.0000,5.2914,-1.1448,1.1308,1.1328,1.1453,1.0000
110.2686,5.7088,-0.2022,-0.0822,6.7328,-0.1035,-3.0626,-3.0620,-3.0539,1.0000,5.3756,0.7245,-1.2380,-1.2398,-1.2270,1.0000,5.3007,-1.1435,1.1331,1.1356,1.1519,1.0000
110.4691,5.7298,-0.2020,-0.0822,6.7508,-0.1004,-3.0612,-3.0612,-3.0477,1.0000,5.4024,0.7221,-1.2418,-1.2418,-1.2237,1.0000,5.3185,-1.1393,1.1392,1.1392,1.1568,1.0000
110.6851,5.7404,-0.2019,-0.0822,6.7592,-0.0990,-3.0605,-3.0603,-3.0475,1.0000,5.4156,0.7211,-1.2434,-1.2439,-1.2164,1.0000,5.3271,-1.1368,1.1426,1.1437,1.1192,1.0000
110.8863,5.7509,-0.2018,-0.0822,6.7674,-0.0976,-3.0599,-3.0599,-3.0475,1.0000,5.4156,0.7211,-1.2434,-1.2447,-1.2164,1.0000,5.3271,-1.1368,1.1426,1.1457,1.1192,1.0000
111.1001,5.7509,-0.2018,-0.0822,6.7674,-0.0976,-3.0599,-3.0593,-3.0478,1.0000,5.4288,0.7190,-1.2449,-1.2461,-1.2431,1.0000,5.3355,-1.1339,1.1460,1.1488,1.1466,1.0000
111.3057,5.7719,-0.2016,-0.0822,6.7843,-0.0946,-3.0585,-3.0581,-3.0646,1.0000,5.4549,0.7125,-1.2475,-1.2481,-1.2571,1.0000,5.3516,-1.1273,1.1517,1.1527,1.1251,1.0000
111.5284,5.7825,-0.2015,-0.0822,6.7929,-0.0932,-3.0578,-3.0571,-3.0628,1.0000,5.4680,0.7103,-1.2487,-1.2497,-1.2547,1.0000,5.3596,-1.1242,1.1537,1.1548,1.1508,1.0000
111.7456,5.7930,-0.2014,-0.0822,6.8015,-0.0918,-3.0570,-3.0562,-3.0651,1.0000,5.4808,0.7080,-1.2498,-1.2508,-1.2632,1.0000,5.3675,-1.1212,1.1549,1.1553,1.1584,1.0000
111.9770,5.8035,-0.2013,-0.0822,6.8100,-0.0904,-3.0561,-3.0552,-3.0694,1.0000,5.4939,0.7047,-1.2509,-1.2518,-1.2629,1.0000,5.3754,-1.1181,1.1553,1.1548,1.1563,1.0000
112.1771,5.8246,-0.2010,-0.0822,6.8272,-0.0874,-3.0539,-3.0539,-3.0489,1.0000,5.5073,0.7006,-1.2519,-1.2528,-1.2643,1.0000,5.3832,-1.1148,1.1547,1.1533,1.1540,1.0000
112.3797,5.8351,-0.2009,-0.0822,6.8359,-0.0860,-3.0527,-3.0519,-3.0458,1.0000,5.5340,0.6938,-1.2539,-1.2545,-1.2486,1.0000,5.3990,-1.1078,1.1503,1.1484,1.1503,1.0000
112.5804,5.8456,-0.2008,-0.0822,6.8446,-0.0846,-3.0513,-3.0507,-3.0582,1.0000,5.5473,0.6910,-1.2550,-1.2555,-1.2526,1.0000,5.4071,-1.1042,1.1463,1.1449,1.1600,1.0000
112.8201,5.8456,-0.2008,-0.0822,6.8446,-0.0846,-3.0513,-3.0500,-3.0582,1.0000,5.5473,0.6910,-1.2550,-1.2560,-1.2526,1.0000,5.4071,-1.1042,1.1463,1.1419,1.1600,1.0000
113.0439,5.8561,-0.2007,-0.0822,6.8533,-0.0831,-3.0498,-3.0484,-3.0533,1.0000,5.5609,0.6877,-1.2561,-1.2572,-1.2535,1.0000,5.4152,-1.1005,1.1413,1.1360,1.1525,1.0000
113.2680,5.8667,-0.2005,-0.0822,6.8620,-0.0816,-3.0482,-3.0467,-3.0622,1.0000,5.5748,0.6840,-1.2573,-1.2585,-1.2639,1.0000,5.4234,-1.0967,1.1354,1.1293,1.1470,1.0000
113.4772,5.8877,-0.2002,-0.0822,6.8707,-0.0802,-3.0466,-3.0450,-3.0733,1.0000,5.5885,0.6804,-1.2587,-1.2600,-1.2730,1.0000,5.4315,-1.0927,1.1286,1.1219,1.1413,1.0000
113.6847,5.8877,-0.2002,-0.0822,6.8795,-0.0787,-3.0448,-3.0432,-3.0638,1.0000,5.6018,0.6771,-1.2601,-1.2617,-1.2634,1.0000,5.4398,-1.0887,1.1211,1.1139,1.1265,1.0000
113.9315,5.8982,-0.2001,-0.0822,6.8883,-0.0772,-3.0430,-3.0413,-3.0383,1.0000,5.6145,0.6738,-1.2618,-1.2636,-1.2759,1.0000,5.4481,-1.0847,1.1130,1.1055,1.1271,1.0000
114.1449,5.9087,-0.2000,-0.0822,6.8970,-0.0758,-3.0411,-3.0394,-3.0340,1.0000,5.6273,0.6703,-1.2638,-1.2657,-1.2603,1.0000,5.4564,-1.0805,1.1046,1.0969,1.1284,1.0000
114.3927,5.9193,-0.1998,-0.0822,6.9058,-0.0743,-3.0392,-3.0375,-3.0287,1.0000,5.6407,0.6666,-1.2659,-1.2679,-1.2565,1.0000,5.4647,-1.0764,1.0960,1.0882,1.1058,1.0000
114.5984,5.9403,-0.1994,-0.0821,6.9233,-0.0713,-3.0355,-3.0353,-3.0390,1.0000,5.6663,0.6591,-1.2704,-1.2704,-1.2687,1.0000,5.4814,-1.0680,1.0788,1.0797,1.0855,1.0000
114.8030,5.9508,-0.1993,-0.0821,6.9321,-0.0698,-3.0336,-3.0324,-3.0404,1.0000,5.6784,0.6554,-1.2728,-1.2745,-1.2723,1.0000,5.4897,-1.0639,1.0706,1.0652,1.0699,1.0000
115.0452,5.9613,-0.1992,-0.0821,6.9409,-0.0683,-3.0318,-3.0302,-3.0210,1.0000,5.6902,0.6517,-1.2753,-1.2775,-1.2613,1.0000,5.4979,-1.0597,1.0629,1.0564,1.0696,1.0000
115.2472,5.9718,-0.1990,-0.0821,6.9496,-0.0668,-3.0300,-3.0284,-3.0150,1.0000,5.7020,0.6480,-1.2778,-1.2800,-1.2567,1.0000,5.5061,-1.0557,1.0557,1.0498,1.0654,1.0000
115.4801,5.9824,-0.1988,-0.0821,6.9584,-0.0652,-3.0283,-3.0267,-3.0347,1.0000,5.7135,0.6445,-1.2803,-1.2826,-1.2764,1.0000,5.5142,-1.0516,1.0492,1.0439,1.0590,1.0000
115.6809,6.0034,-0.1984,-0.0821,6.9759,-0.0622,-3.0248,-3.0246,-3.0342,1.0000,5.7345,0.6373,-1.2854,-1.2854,-1.2742,1.0000,5.5303,-1.0437,1.0383,1.0383,1.0605,1.0000
115.8820,6.0139,-0.1983,-0.0821,6.9847,-0.0607,-3.0231,-3.0222,-3.0356,1.0000,5.7439,0.6339,-1.2879,-1.2891,-1.2753,1.0000,5.5383,-1.0398,1.0341,1.0326,1.0575,1.0000
116.0857,6.0244,-0.1981,-0.0821,6.9934,-0.0591,-3.0214,-3.0202,-3.0085,1.0000,5.7527,0.6309,-1.2904,-1.2921,-1.2952,1.0000,5.5462,-1.0360,1.0306,1.0286,1.0342,1.0000
116.2921,6.0350,-0.1978,-0.0821,7.0022,-0.0576,-3.0197,-3.0182,-3.0222,1.0000,5.7612,0.6282,-1.2928,-1.2949,-1.2952,1.0000,5.5540,-1.0322,1.0279,1.0259,1.0327,1.0000
116.4978,6.0452,-0.1976,-0.0821,7.0110,-0.0560,-3.0180,-3.0165,-3.0269,1.0000,5.7693,0.6255,-1.2951,-1.2973,-1.2995,1.0000,5.5617,-1.0285,1.0257,1.0243,1.0427,1.0000
116.7320,6.0545,-0.1974,-0.0821,7.0197,-0.0545,-3.0163,-3.0148,-3.0286,1.0000,5.7769,0.6229,-1.2975,-1.2997,-1.2993,1.0000,5.5694,-1.0248,1.0242,1.0231,1.0295,1.0000
116.9506,6.0700,-0.1971,-0.0824,7.0285,-0.0529,-3.0147,-3.0132,-3.0246,1.0000,5.7840,0.6206,-1.2999,-1.3021,-1.3057,1.0000,5.5770,-1.0212,1.0231,1.0223,1.0171,1.0000
117.1772,6.0700,-0.1971,-0.0824,7.0372,-0.0513,-3.0130,-3.0115,-3.0099,1.0000,5.7907,0.6186,-1.3023,-1.3044,-1.3117,1.0000,5.5846,-1.0175,1.0223,1.0218,1.0248,1.0000
117.3814,6.0829,-0.1967,-0.0828,7.0547,-0.0481,-3.0097,-3.0099,-3.0044,1.0000,5.7970,0.6169,-1.3046,-1.3066,-1.3108,1.0000,5.5923,-1.0141,1.0218,1.0214,1.0382,1.0000
117.5842,6.0903,-0.1966,-0.0830,7.0634,-0.0465,-3.0081,-3.0069,-3.0155,1.0000,5.8085,0.6140,-1.3086,-1.3097,-1.3114,1.0000,5.6083,-1.0088,1.0211,1.0209,1.0379,1.0000
117.7843,6.0992,-0.1966,-0.0832,7.0722,-0.0449,-3.0065,-3.0055,-3.0029,1.0000,5.8137,0.6130,-1.3101,-1.3108,-1.3161,1.0000,5.6161,-1.0058,1.0208,1.0207,1.0214,1.0000
117.9854,6.1096,-0.1967,-0.0833,7.0809,-0.0433,-3.0050,-3.0039,-3.0029,1.0000,5.8185,0.6124,-1.3111,-1.3114,-1.3161,1.0000,5.6239,-1.0029,1.0206,1.0204,1.0346,1.0000
118.1859,6.1208,-0.1967,-0.0835,7.0896,-0.0417,-3.0036,-3.0026,-3.0022,1.0000,5.8228,0.6122,-1.3115,-1.3114,-1.3246,1.0000,5.6321,-1.0007,1.0203,1.0201,1.0265,1.0000
118.3953,6.1322,-0.1967,-0.0835,7.0984,-0.0401,-3.0022,-3.0014,-3.0022,1.0000,5.8267,0.6125,-1.3112,-1.3108,-1.3246,1.0000,5.6406,-0.9987,1.0200,1.0198,1.0265,1.0000
118.6086,6.1434,-0.1966,-0.0836,7.1071,-0.0385,-3.0008,-2.9996,-3.0122,1.0000,5.8303,0.6133,-1.3101,-1.3083,-1.3144,1.0000,5.6490,-0.9965,1.0196,1.0190,1.0243,1.0000
118.8249,6.1543,-0.1965,-0.0836,7.1158,-0.0369,-2.9995,-2.9983,-3.0131,1.0000,5.8335,0.6145,-1.3081,-1.3055,-1.3152,1.0000,5.6571,-0.9939,1.0189,1.0180,1.0208,1.0000
119.0603,6.1649,-0.1963,-0.0837,7.1245,-0.0352,-2.9982,-2.9970,-2.9959,1.0000,5.8364,0.6159,-1.3051,-1.3018,-1.3129,1.0000,5.6654,-0.9918,1.0179,1.0166,1.0212,1.0000
119.2834,6.1854,-0.1959,-0.0837,7.1332,-0.0336,-2.9969,-2.9957,-2.9977,1.0000,5.8391,0.6176,-1.3014,-1.2973,-1.3199,1.0000,5.6745,-0.9908,1.0164,1.0147,1.0269,1.0000
119.5055,6.1946,-0.1957,-0.0837,7.1506,-0.0303,-2.9942,-2.9937,-2.9943,1.0000,5.8436,0.6224,-1.2914,-1.2896,-1.3002,1.0000,5.6946,-0.9912,1.0121,1.0113,1.0101,1.0000
119.7060,6.2026,-0.1954,-0.0838,7.1593,-0.0286,-2.9928,-2.9916,-2.9846,1.0000,5.8457,0.6250,-1.2851,-1.2794,-1.2933,1.0000,5.7055,-0.9923,1.0093,1.0072,1.0115,1.0000
119.9333,6.2097,-0.1952,-0.0839,7.1680,-0.0270,-2.9913,-2.9899,-2.9806,1.0000,5.8477,0.6275,-1.2779,-1.2707,-1.2767,1.0000,5.7172,-0.9948,1.0063,1.0033,0.9984,1.0000
120.1690,6.2219,-0.1949,-0.0844,7.1767,-0.0253,-2.9898,-2.9883,-2.9906,1.0000,5.8495,0.6303,-1.2698,-1.2619,-1.2694,1.0000,5.7295,-0.9992,1.0030,1.0001,1.0209,1.0000
120.3885,6.2275,-0.1947,-0.0847,7.1942,-0.0219,-2.9866,-2.9851,-2.9662,1.0000,5.8525,0.6365,-1.2514,-1.2422,-1.2573,1.0000,5.7547,-1.0119,0.9970,0.9950,1.0142,1.0000
120.5926,6.2337,-0.1945,-0.0850,7.2028,-0.0203,-2.9850,-2.9836,-2.9793,1.0000,5.8539,0.6398,-1.2412,-1.2315,-1.2209,1.0000,5.7665,-1.0196,0.9949,0.9937,1.0263,1.0000
120.8323,6.2412,-0.1945,-0.0852,7.2108,-0.0187,-2.9835,-2.9823,-2.9670,1.0000,5.8553,0.6430,-1.2304,-1.2203,-1.2149,1.0000,5.7771,-1.0281,0.9936,0.9933,1.0081,1.0000
121.0506,6.2504,-0.1945,-0.0854,7.2186,-0.0172,-2.9822,-2.9811,-2.9723,1.0000,5.8565,0.6463,-1.2191,-1.2087,-1.2141,1.0000,5.7867,-1.0370,0.9933,0.9937,0.9919,1.0000
121.2540,6.2733,-0.1946,-0.0855,7.2337,-0.0145,-2.9800,-2.9798,-2.9910,1.0000,5.8585,0.6531,-1.1958,-1.1946,-1.2227,1.0000,5.8028,-1.0559,0.9948,0.9950,1.0044,1.0000
121.4804,6.2854,-0.1946,-0.0855,7.2337,-0.0145,-2.9800,-2.9791,-2.9860,1.0000,5.8585,0.6531,-1.1958,-1.1850,-1.2202,1.0000,5.8028,-1.0559,0.9948,0.9962,0.9934,1.0000
121.6806,6.2968,-0.1945,-0.0854,7.2478,-0.0120,-2.9781,-2.9780,-2.9835,1.0000,5.8606,0.6598,-1.1718,-1.1718,-1.2166,1.0000,5.8139,-1.0733,0.9982,0.9982,0.9954,1.0000
121.8819,6.3074,-0.1942,-0.0853,7.2545,-0.0109,-2.9772,-2.9770,-2.9863,1.0000,5.8622,0.6632,-1.1597,-1.1585,-1.1932,1.0000,5.8184,-1.0808,0.9999,1.0001,1.0015,1.0000
122.1037,6.3177,-0.1940,-0.0852,7.2545,-0.0109,-2.9772,-2.9764,-2.9726,1.0000,5.8622,0.6632,-1.1597,-1.1488,-1.1790,1.0000,5.8184,-1.0808,0.9999,1.0014,1.0262,1.0000
122.3038,6.3281,-0.1937,-0.0850,7.2681,-0.0085,-2.9755,-2.9751,-2.9743,1.0000,5.8661,0.6703,-1.1352,-1.1302,-1.1625,1.0000,5.8270,-1.0944,1.0033,1.0041,0.9956,1.0000
122.5057,6.3387,-0.1934,-0.0849,7.2752,-0.0073,-2.9746,-2.9739,-2.9827,1.0000,5.8687,0.6738,-1.1227,-1.1138,-1.1575,1.0000,5.8309,-1.1004,1.0055,1.0073,1.0033,1.0000
122.7209,6.3493,-0.1931,-0.0847,7.2822,-0.0062,-2.9737,-2.9730,-2.9772,1.0000,5.8721,0.6773,-1.1100,-1.1011,-1.1177,1.0000,5.8347,-1.1057,1.0081,1.0103,0.9795,1.0000
122.9283,6.3493,-0.1931,-0.0847,7.2822,-0.0062,-2.9737,-2.9729,-2.9772,1.0000,5.8721,0.6773,-1.1100,-1.0986,-1.1177,1.0000,5.8347,-1.1057,1.0081,1.0110,0.9795,1.0000
123.1352,6.3697,-0.1923,-0.0842,7.2891,-0.0050,-2.9728,-2.9719,-2.9800,1.0000,5.8762,0.6809,-1.0974,-1.0862,-1.1079,1.0000,5.8387,-1.1106,1.0114,1.0148,0.9950,1.0000
123.3476,6.3697,-0.1923,-0.0842,7.2961,-0.0038,-2.9718,-2.9710,-2.9845,1.0000,5.8808,0.6843,-1.0850,-1.0743,-1.0975,1.0000,5.8431,-1.1152,1.0152,1.0192,0.9929,1.0000
123.5801,6.3800,-0.1920,-0.0839,7.3031,-0.0026,-2.9708,-2.9699,-2.9687,1.0000,5.8859,0.6875,-1.0732,-1.0632,-1.0899,1.0000,5.8478,-1.1194,1.0196,1.0239,1.0059,1.0000
123.8031,6.3906,-0.1916,-0.0837,7.3102,-0.0014,-2.9698,-2.9688,-2.9668,1.0000,5.8910,0.6906,-1.0622,-1.0531,-1.0983,1.0000,5.8530,-1.1228,1.0244,1.0290,1.0155,1.0000
124.0348,6.4015,-0.1912,-0.0834,7.3173,-0.0002,-2.9687,-2.9676,-2.9688,1.0000,5.8965,0.6936,-1.0521,-1.0440,-1.0763,1.0000,5.8585,-1.1253,1.0295,1.0341,1.0355,1.0000
124.2657,6.4121,-0.1908,-0.0832,7.3244,0.0010,-2.9675,-2.9663,-2.9722,1.0000,5.9024,0.6962,-1.0432,-1.0362,-1.0550,1.0000,5.8644,-1.1271,1.0346,1.0390,1.0216,1.0000
124.5119,6.4224,-0.1904,-0.0829,7.3315,0.0022,-2.9662,-2.9650,-2.9556,1.0000,5.9086,0.6986,-1.0355,-1.0297,-1.0430,1.0000,5.8709,-1.1280,1.0395,1.0436,1.0401,1.0000
124.7509,6.4327,-0.1901,-0.0826,7.3386,0.0035,-2.9649,-2.9636,-2.9540,1.0000,5.9147,0.7006,-1.0291,-1.0247,-1.0441,1.0000,5.8779,-1.1279,1.0440,1.0474,1.0345,1.0000
124.9744,6.4431,-0.1897,-0.0824,7.3458,0.0047,-2.9635,-2.9620,-2.9574,1.0000,5.9211,0.7021,-1.0242,-1.0211,-1.0136,1.0000,5.8851,-1.1265,1.0478,1.0503,1.0548,1.0000
125.2231,6.4538,-0.1893,-0.0822,7.3529,0.0057,-2.9619,-2.9602,-2.9558,1.0000,5.9277,0.7034,-1.0209,-1.0191,-1.0180,1.0000,5.8926,-1.1240,1.0506,1.0521,1.0728,1.0000
125.4284,6.4751,-0.1884,-0.0817,7.3673,0.0078,-2.9581,-2.9564,-2.9525,1.0000,5.9411,0.7057,-1.0184,-1.0187,-1.0084,1.0000,5.9088,-1.1155,1.0523,1.0515,1.0474,1.0000
125.6741,6.4853,-0.1880,-0.0815,7.3745,0.0089,-2.9560,-2.9541,-2.9464,1.0000,5.9484,0.7061,-1.0191,-1.0207,-1.0400,1.0000,5.9171,-1.1101,1.0510,1.0485,1.0482,1.0000
125.8923,6.4955,-0.1876,-0.0814,7.3817,0.0099,-2.9539,-2.9519,-2.9493,1.0000,5.9559,0.7062,-1.0209,-1.0234,-1.0289,1.0000,5.9251,-1.1044,1.0482,1.0445,1.0386,1.0000
126.0931,6.5060,-0.1872,-0.0812,7.3890,0.0107,-2.9517,-2.9496,-2.9332,1.0000,5.9633,0.7063,-1.0237,-1.0269,-1.0390,1.0000,5.9331,-1.0983,1.0440,1.0393,1.0360,1.0000
126.2943,6.5274,-0.1863,-0.0810,7.3966,0.0113,-2.9493,-2.9469,-2.9447,1.0000,5.9706,0.7065,-1.0272,-1.0309,-1.0284,1.0000,5.9412,-1.0916,1.0387,1.0329,1.0584,1.0000
126.5141,6.5378,-0.1858,-0.0809,7.4045,0.0118,-2.9466,-2.9439,-2.9316,1.0000,5.9780,0.7066,-1.0313,-1.0352,-1.0199,1.0000,5.9492,-1.0849,1.0323,1.0256,1.0713,1.0000
126.7162,6.5481,-0.1854,-0.0808,7.4208,0.0124,-2.9404,-2.9408,-2.9337,1.0000,5.9855,0.7066,-1.0356,-1.0396,-1.0210,1.0000,5.9573,-1.0782,1.0248,1.0172,1.0550,1.0000
126.9497,6.5481,-0.1854,-0.0808,7.4208,0.0124,-2.9404,-2.9374,-2.9363,1.0000,5.9932,0.7064,-1.0401,-1.0440,-1.0281,1.0000,5.9657,-1.0712,1.0163,1.0080,1.0388,1.0000
127.1521,6.5691,-0.1845,-0.0807,7.4294,0.0122,-2.9371,-2.9340,-2.9423,1.0000,6.0009,0.7062,-1.0445,-1.0481,-1.0429,1.0000,5.9741,-1.0641,1.0070,0.9982,1.0002,1.0000
127.3592,6.5799,-0.1840,-0.0807,7.4485,0.0104,-2.9303,-2.9289,-2.9312,1.0000,6.0158,0.7063,-1.0521,-1.0530,-1.0408,1.0000,5.9904,-1.0501,0.9869,0.9838,0.9947,1.0000
127.5626,6.5906,-0.1835,-0.0807,7.4589,0.0090,-2.9270,-2.9263,-2.9333,1.0000,6.0233,0.7065,-1.0550,-1.0552,-1.0608,1.0000,5.9990,-1.0427,0.9765,0.9755,1.0015,1.0000
127.7639,6.6009,-0.1830,-0.0807,7.4692,0.0076,-2.9240,-2.9229,-2.9441,1.0000,6.0308,0.7066,-1.0571,-1.0576,-1.0532,1.0000,6.0078,-1.0353,0.9661,0.9630,0.9946,1.0000
127.9640,6.6112,-0.1826,-0.0808,7.4795,0.0061,-2.9215,-2.9203,-2.9353,1.0000,6.0382,0.7069,-1.0584,-1.0586,-1.0302,1.0000,6.0163,-1.0280,0.9558,0.9509,0.9974,1.0000
128.1766,6.6216,-0.1821,-0.0808,7.4901,0.0042,-2.9197,-2.9190,-2.9364,1.0000,6.0457,0.7072,-1.0586,-1.0582,-1.0619,1.0000,6.0246,-1.0209,0.9460,0.9413,0.9669,1.0000
128.4235,6.6322,-0.1816,-0.0809,7.5013,0.0017,-2.9187,-2.9184,-2.9303,1.0000,6.0535,0.7073,-1.0574,-1.0552,-1.0751,1.0000,6.0330,-1.0138,0.9367,0.9290,0.9557,1.0000
128.6509,6.6535,-0.1805,-0.0810,7.5127,-0.0009,-2.9184,-2.9190,-2.9280,1.0000,6.0615,0.7074,-1.0549,-1.0514,-1.0829,1.0000,6.0416,-1.0067,0.9281,0.9211,0.9520,1.0000
128.8517,6.6638,-0.1800,-0.0811,7.5337,-0.0051,-2.9206,-2.9206,-2.9254,1.0000,6.0768,0.7085,-1.0459,-1.0459,-1.0491,1.0000,6.0582,-0.9929,0.9133,0.9133,0.9575,1.0000
129.0615,6.6741,-0.1795,-0.0812,7.5441,-0.0075,-2.9232,-2.9262,-2.9095,1.0000,6.0850,0.7088,-1.0398,-1.0334,-1.0670,1.0000,6.0666,-0.9860,0.9072,0.9024,0.9325,1.0000
129.2931,6.6845,-0.1790,-0.0813,7.5549,-0.0103,-2.9266,-2.9305,-2.9281,1.0000,6.0939,0.7084,-1.0327,-1.0254,-1.0464,1.0000,6.0750,-0.9792,0.9019,0.8978,0.9237,1.0000
129.5419,6.6952,-0.1785,-0.0814,7.5655,-0.0130,-2.9310,-2.9357,-2.9343,1.0000,6.1031,0.7078,-1.0246,-1.0166,-1.0360,1.0000,6.0833,-0.9724,0.8974,0.8941,0.9215,1.0000
129.7427,6.7164,-0.1774,-0.0816,7.5756,-0.0154,-2.9363,-2.9416,-2.9303,1.0000,6.1121,0.7073,-1.0156,-1.0071,-1.0403,1.0000,6.0916,-0.9658,0.8938,0.8912,0.9063,1.0000
129.9840,6.7164,-0.1774,-0.0816,7.5854,-0.0178,-2.9422,-2.9481,-2.9414,1.0000,6.1217,0.7065,-1.0061,-0.9973,-1.0221,1.0000,6.1003,-0.9594,0.8909,0.8889,0.9010,1.0000
130.2098,6.7267,-0.1769,-0.0817,7.5952,-0.0203,-2.9488,-2.9552,-2.9494,1.0000,6.1321,0.7049,-0.9963,-0.9877,-1.0190,1.0000,6.1094,-0.9532,0.8887,0.8872,0.8953,1.0000
130.4564,6.7371,-0.1763,-0.0818,7.6051,-0.0230,-2.9559,-2.9626,-2.9586,1.0000,6.1429,0.7030,-0.9868,-0.9786,-1.0026,1.0000,6.1188,-0.9473,0.8871,0.8859,0.8805,1.0000
130.6672,6.7477,-0.1758,-0.0819,7.6150,-0.0257,-2.9633,-2.9702,-2.9599,1.0000,6.1541,0.7006,-0.9778,-0.9704,-0.9885,1.0000,6.1283,-0.9415,0.8858,0.8849,0.8703,1.0000
130.8981,6.7583,-0.1752,-0.0820,7.6251,-0.0281,-2.9709,-2.9777,-2.9680,1.0000,6.1658,0.6976,-0.9696,-0.9632,-0.9915,1.0000,6.1380,-0.9357,0.8848,0.8838,0.8725,1.0000
131.1013,6.7583,-0.1752,-0.0820,7.6459,-0.0331,-2.9859,-2.9873,-2.9856,1.0000,6.1911,0.6898,-0.9568,-0.9563,-0.9748,1.0000,6.1584,-0.9246,0.8826,0.8824,0.8831,1.0000
131.3064,6.7583,-0.1752,-0.0820,7.6562,-0.0357,-2.9930,-2.9957,-2.9836,1.0000,6.2036,0.6859,-0.9526,-0.9516,-0.9721,1.0000,6.1687,-0.9191,0.8812,0.8807,0.8864,1.0000
131.5439,6.7583,-0.1752,-0.0820,7.6669,-0.0382,-2.9997,-3.0053,-2.9962,1.0000,6.2166,0.6817,-0.9500,-0.9490,-0.9495,1.0000,6.1788,-0.9135,0.8794,0.8775,0.8718,1.0000
131.7629,6.7583,-0.1752,-0.0820,7.6780,-0.0406,-3.0059,-3.0110,-3.0018,1.0000,6.2303,0.6766,-0.9490,-0.9494,-0.9530,1.0000,6.1887,-0.9077,0.8773,0.8750,0.8768,1.0000
131.9849,6.7583,-0.1752,-0.0820,7.6892,-0.0429,-3.0115,-3.0160,-3.0112,1.0000,6.2445,0.6709,-0.9495,-0.9512,-0.9636,1.0000,6.1987,-0.9019,0.8747,0.8721,0.8569,1.0000
132.2126,6.7583,-0.1752,-0.0820,7.7003,-0.0453,-3.0165,-3.0203,-3.0062,1.0000,6.2585,0.6652,-0.9515,-0.9543,-0.9453,1.0000,6.2087,-0.8961,0.8718,0.8687,0.8544,1.0000
132.4162,6.8308,-0.1708,-0.0831,7.7114,-0.0476,-3.0207,-3.0230,-3.0062,1.0000,6.2723,0.6597,-0.9547,-0.9568,-0.9453,1.0000,6.2188,-0.8903,0.8683,0.8665,0.8544,1.0000
132.6194,6.8366,-0.1704,-0.0834,7.7226,-0.0499,-3.0243,-3.0255,-3.0159,1.0000,6.2862,0.6541,-0.9591,-0.9606,-0.9549,1.0000,6.2289,-0.8843,0.8646,0.8634,0.8672,1.0000
132.8231,6.8423,-0.1701,-0.0838,7.7339,-0.0521,-3.0272,-3.0269,-3.0110,1.0000,6.2862,0.6541,-0.9591,-0.9639,-0.9408,1.0000,6.2289,-0.8843,0.8646,0.8610,0.8583,1.0000
133.0727,6.8423,-0.1701,-0.0838,7.7339,-0.0521,-3.0272,-3.0293,-3.0227,1.0000,6.3004,0.6481,-0.9644,-0.9700,-0.9533,1.0000,6.2390,-0.8783,0.8606,0.8568,0.8667,1.0000
133.2791,6.8486,-0.1697,-0.0841,7.7454,-0.0543,-3.0295,-3.0310,-3.0228,1.0000,6.3149,0.6418,-0.9707,-0.9768,-0.9731,1.0000,6.2490,-0.8723,0.8564,0.8526,0.8723,1.0000
133.5175,6.8563,-0.1694,-0.0844,7.7570,-0.0564,-3.0312,-3.0323,-3.0252,1.0000,6.3294,0.6353,-0.9775,-0.9841,-0.9965,1.0000,6.2591,-0.8663,0.8522,0.8485,0.8543,1.0000
133.7452,6.8654,-0.1691,-0.0847,7.7686,-0.0585,-3.0324,-3.0331,-3.0351,1.0000,6.3437,0.6290,-0.9849,-0.9918,-0.9943,1.0000,6.2692,-0.8602,0.8481,0.8448,0.8677,1.0000
133.9452,6.8873,-0.1686,-0.0849,7.7920,-0.0626,-3.0336,-3.0336,-3.0242,1.0000,6.3713,0.6175,-1.0005,-1.0005,-1.0082,1.0000,6.2892,-0.8482,0.8411,0.8414,0.8480,1.0000
134.1479,6.8991,-0.1682,-0.0850,7.7920,-0.0626,-3.0336,-3.0339,-3.0477,1.0000,6.3713,0.6175,-1.0005,-1.0076,-1.0085,1.0000,6.2892,-0.8482,0.8411,0.8384,0.8447,1.0000
134.3522,6.9106,-0.1677,-0.0850,7.8155,-0.0666,-3.0342,-3.0343,-3.0394,1.0000,6.3981,0.6072,-1.0160,-1.0182,-0.9997,1.0000,6.3095,-0.8376,0.8355,0.8348,0.8528,1.0000
134.5575,6.9215,-0.1671,-0.0850,7.8273,-0.0686,-3.0344,-3.0346,-3.0242,1.0000,6.4110,0.6031,-1.0231,-1.0264,-1.0186,1.0000,6.3201,-0.8333,0.8331,0.8320,0.8572,1.0000
134.7983,6.9319,-0.1665,-0.0849,7.8390,-0.0705,-3.0348,-3.0352,-3.0356,1.0000,6.4232,0.6001,-1.0295,-1.0345,-1.0471,1.0000,6.3310,-0.8294,0.8309,0.8290,0.8442,1.0000
135.0367,6.9421,-0.1658,-0.0848,7.8507,-0.0725,-3.0353,-3.0359,-3.0411,1.0000,6.4348,0.5980,-1.0350,-1.0391,-1.0575,1.0000,6.3421,-0.8262,0.8288,0.8269,0.8331,1.0000
135.2762,6.9630,-0.1643,-0.0845,7.8740,-0.0763,-3.0371,-3.0373,-3.0419,1.0000,6.4573,0.5960,-1.0428,-1.0431,-1.0505,1.0000,6.3660,-0.8226,0.8247,0.8245,0.8380,1.0000
135.5085,6.9734,-0.1636,-0.0844,7.8856,-0.0782,-3.0385,-3.0401,-3.0443,1.0000,6.4681,0.5963,-1.0451,-1.0463,-1.0344,1.0000,6.3789,-0.8221,0.8226,0.8207,0.8374,1.0000
135.7538,6.9836,-0.1628,-0.0842,7.8971,-0.0802,-3.0403,-3.0424,-3.0388,1.0000,6.4785,0.5973,-1.0463,-1.0465,-1.0580,1.0000,6.3920,-0.8219,0.8205,0.8188,0.8181,1.0000
135.9772,6.9938,-0.1621,-0.0840,7.9085,-0.0821,-3.0426,-3.0451,-3.0416,1.0000,6.4884,0.5988,-1.0464,-1.0456,-1.0611,1.0000,6.4051,-0.8215,0.8186,0.8171,0.8195,1.0000
136.1783,7.0150,-0.1605,-0.0835,7.9199,-0.0840,-3.0455,-3.0484,-3.0416,1.0000,6.4979,0.6008,-1.0455,-1.0439,-1.0379,1.0000,6.4185,-0.8214,0.8170,0.8159,0.8344,1.0000
136.3791,7.0257,-0.1597,-0.0833,7.9312,-0.0860,-3.0488,-3.0522,-3.0456,1.0000,6.5070,0.6034,-1.0437,-1.0415,-1.0304,1.0000,6.4322,-0.8217,0.8158,0.8153,0.8119,1.0000
136.6004,7.0257,-0.1597,-0.0833,7.9424,-0.0879,-3.0526,-3.0564,-3.0561,1.0000,6.5156,0.6063,-1.0413,-1.0385,-1.0443,1.0000,6.4461,-0.8222,0.8153,0.8155,0.8150,1.0000
136.8049,7.0464,-0.1581,-0.0828,7.9647,-0.0918,-3.0614,-3.0643,-3.0688,1.0000,6.5320,0.6125,-1.0347,-1.0327,-1.0401,1.0000,6.4727,-0.8220,0.8165,0.8173,0.8131,1.0000
137.0063,7.0567,-0.1573,-0.0826,7.9758,-0.0938,-3.0662,-3.0683,-3.0576,1.0000,6.5397,0.6159,-1.0307,-1.0294,-1.0499,1.0000,6.4859,-0.8218,0.8183,0.8191,0.8302,1.0000
137.2065,7.0672,-0.1565,-0.0823,7.9869,-0.0957,-3.0713,-3.0718,-3.0467,1.0000,6.5471,0.6195,-1.0263,-1.0259,-1.0460,1.0000,6.4991,-0.8218,0.8211,0.8215,0.8252,1.0000
137.4209,7.0779,-0.1556,-0.0821,7.9980,-0.0977,-3.0765,-3.0807,-3.0647,1.0000,6.5542,0.6233,-1.0216,-1.0182,-1.0241,1.0000,6.5122,-0.8219,0.8248,0.8279,0.8231,1.0000
137.6425,7.0779,-0.1556,-0.0821,7.9980,-0.0977,-3.0765,-3.0812,-3.0669,1.0000,6.5542,0.6233,-1.0216,-1.0171,-1.0255,1.0000,6.5122,-0.8219,0.8248,0.8288,0.8259,1.0000
137.8699,7.0987,-0.1539,-0.0817,8.0091,-0.0996,-3.0817,-3.0864,-3.0627,1.0000,6.5613,0.6272,-1.0166,-1.0120,-1.0395,1.0000,6.5251,-0.8220,0.8293,0.8340,0.8189,1.0000
138.0765,7.0987,-0.1539,-0.0817,8.0202,-0.1016,-3.0869,-3.0916,-3.0709,1.0000,6.5683,0.6310,-1.0115,-1.0068,-1.0295,1.0000,6.5377,-0.8224,0.8345,0.8397,0.8221,1.0000
138.2850,7.1090,-0.1530,-0.0815,8.0314,-0.1034,-3.0921,-3.0966,-3.0830,1.0000,6.5752,0.6349,-1.0063,-1.0017,-1.0250,1.0000,6.5503,-0.8238,0.8402,0.8458,0.8363,1.0000
138.4932,7.1193,-0.1522,-0.0813,8.0426,-0.1053,-3.0971,-3.1013,-3.0900,1.0000,6.5820,0.6389,-1.0012,-0.9967,-1.0143,1.0000,6.5631,-0.8260,0.8464,0.8521,0.8499,1.0000
138.6950,7.1299,-0.1513,-0.0812,8.0539,-0.1071,-3.1018,-3.1058,-3.0900,1.0000,6.5886,0.6430,-0.9962,-0.9919,-0.9952,1.0000,6.5760,-0.8287,0.8528,0.8587,0.8561,1.0000
138.9041,7.1405,-0.1504,-0.0810,8.0768,-0.1107,-3.1103,-3.1099,-3.1127,1.0000,6.5952,0.6470,-0.9915,-0.9875,-0.9853,1.0000,6.5889,-0.8318,0.8593,0.8652,0.8609,1.0000
139.1097,7.1405,-0.1504,-0.0810,8.0883,-0.1124,-3.1139,-3.1153,-3.0979,1.0000,6.6084,0.6550,-0.9831,-0.9821,-1.0116,1.0000,6.6152,-0.8398,0.8724,0.8743,0.8595,1.0000
139.3269,7.1717,-0.1476,-0.0808,8.0883,-0.1124,-3.1139,-3.1169,-3.1012,1.0000,6.6084,0.6550,-0.9831,-0.9800,-0.9978,1.0000,6.6152,-0.8398,0.8724,0.8781,0.8702,1.0000
139.5272,7.1821,-0.1467,-0.0807,8.1104,-0.1162,-3.1203,-3.1219,-3.1231,1.0000,6.6215,0.6628,-0.9767,-0.9751,-0.9663,1.0000,6.6428,-0.8502,0.8850,0.8880,0.8674,1.0000
139.7728,7.1927,-0.1457,-0.0807,8.1213,-0.1181,-3.1230,-3.1253,-3.1263,1.0000,6.6280,0.6667,-0.9742,-0.9723,-0.9726,1.0000,6.6567,-0.8550,0.8910,0.8964,0.8735,1.0000
139.9951,7.2033,-0.1448,-0.0807,8.1321,-0.1200,-3.1255,-3.1275,-3.1063,1.0000,6.6348,0.6706,-0.9721,-0.9706,-0.9705,1.0000,6.6707,-0.8598,0.8970,0.9024,0.8813,1.0000
140.2144,7.2240,-0.1429,-0.0807,8.1425,-0.1221,-3.1277,-3.1296,-3.1083,1.0000,6.6419,0.6743,-0.9705,-0.9694,-0.9698,1.0000,6.6851,-0.8649,0.9029,0.9082,0.8972,1.0000
140.4585,7.2343,-0.1419,-0.0807,8.1624,-0.1270,-3.1317,-3.1333,-3.1218,1.0000,6.6555,0.6818,-0.9686,-0.9684,-0.9848,1.0000,6.7143,-0.8758,0.9147,0.9201,0.8991,1.0000
140.6789,7.2448,-0.1409,-0.0808,8.1725,-0.1293,-3.1335,-3.1351,-3.1208,1.0000,6.6626,0.6855,-0.9684,-0.9685,-0.9870,1.0000,6.7288,-0.8811,0.9207,0.9262,0.9020,1.0000
140.8876,7.2659,-0.1388,-0.0809,8.1823,-0.1318,-3.1353,-3.1369,-3.1188,1.0000,6.6698,0.6890,-0.9685,-0.9689,-0.9564,1.0000,6.7433,-0.8864,0.9268,0.9326,0.9225,1.0000
141.0884,7.2763,-0.1378,-0.0810,8.2011,-0.1377,-3.1390,-3.1403,-3.1235,1.0000,6.6842,0.6961,-0.9698,-0.9703,-0.9658,1.0000,6.7713,-0.8962,0.9397,0.9430,0.9466,1.0000
141.3058,7.2866,-0.1368,-0.0811,8.2103,-0.1407,-3.1411,-3.1409,-3.1333,1.0000,6.6842,0.6961,-0.9698,-0.9707,-0.9796,1.0000,6.7713,-0.8962,0.9397,0.9456,0.9596,1.0000
141.5228,7.2866,-0.1368,-0.0811,8.2103,-0.1407,-3.1411,3.1400,-3.1413,1.0000,6.6915,0.6996,-0.9708,-0.9717,-0.9718,1.0000,6.7844,-0.9002,0.9463,0.9524,0.9497,1.0000
141.7496,7.2970,-0.1357,-0.0812,8.2196,-0.1435,3.1398,3.1374,3.1345,1.0000,6.6991,0.7029,-0.9718,-0.9728,-0.9603,1.0000,6.7972,-0.9035,0.9531,0.9592,0.9695,1.0000
141.9826,7.3075,-0.1346,-0.0812,8.2287,-0.1463,3.1372,3.1346,3.1367,1.0000,6.7066,0.7063,-0.9729,-0.9739,-0.9864,1.0000,6.8094,-0.9059,0.9599,0.9660,0.9640,1.0000
142.1834,7.3181,-0.1335,-0.0813,8.2375,-0.1496,3.1343,3.1346,3.1367,1.0000,6.7066,0.7063,-0.9729,-0.9739,-0.9864,1.0000,6.8094,-0.9059,0.9599,0.9660,0.9640,1.0000
142.4039,7.3181,-0.1335,-0.0813,8.2375,-0.1496,3.1343,3.1337,3.1300,1.0000,6.7140,0.7098,-0.9740,-0.9742,-0.9861,1.0000,6.8207,-0.9073,0.9667,0.9681,0.9750,1.0000
142.6279,7.3286,-0.1324,-0.0814,8.2463,-0.1531,3.1310,3.1337,3.1166,1.0000,6.7216,0.7132,-0.9749,-0.9742,-0.9815,1.0000,6.8313,-0.9081,0.9736,0.9681,0.9913,1.0000
142.8543,7.3389,-0.1313,-0.0815,8.2550,-0.1564,3.1274,3.1337,3.1166,1.0000,6.7294,0.7165,-0.9757,-0.9742,-0.9762,1.0000,6.8410,-0.9086,0.9802,0.9681,0.9853,1.0000
143.0615,7.3492,-0.1302,-0.0817,8.2630,-0.1599,3.1233,3.1337,3.1283,1.0000,6.7371,0.7199,-0.9764,-0.9742,-0.9760,1.0000,6.8500,-0.9086,0.9866,0.9681,0.9760,1.0000
143.2782,7.3596,-0.1291,-0.0818,8.2705,-0.1629,3.1189,3.1337,3.1283,1.0000,6.7440,0.7230,-0.9770,-0.9742,-0.9745,1.0000,6.8581,-0.9083,0.9925,0.9681,0.9746,1.0000
143.5232,7.3702,-0.1279,-0.0818,8.2778,-0.1656,3.1142,3.1337,3.1257,1.0000,6.7498,0.7255,-0.9780,-0.9742,-0.9765,1.0000,6.8656,-0.9079,0.9978,0.9681,0.9997,1.0000
143.7240,7.3702,-0.1279,-0.0818,8.2778,-0.1656,3.1142,3.1337,3.1257,1.0000,6.7498,0.7255,-0.9780,-0.9742,-0.9765,1.0000,6.8656,-0.9079,0.9978,0.9681,0.9997,1.0000
143.9472,7.3807,-0.1267,-0.0819,8.2847,-0.1688,3.1092,3.1337,3.1279,1.0000,6.7555,0.7280,-0.9794,-0.9742,-0.9674,1.0000,6.8725,-0.9078,1.0023,0.9681,1.0012,1.0000
144.1950,7.3911,-0.1256,-0.0820,8.2907,-0.1723,3.1040,3.1337,3.1089,1.0000,6.7613,0.7303,-0.9813,-0.9742,-0.9747,1.0000,6.8788,-0.9078,1.0063,0.9681,0.9942,1.0000
144.4198,7.4014,-0.1244,-0.0821,8.2957,-0.1752,3.0984,3.1337,3.1076,1.0000,6.7664,0.7321,-0.9837,-0.9742,-0.9747,1.0000,6.8845,-0.9079,1.0095,0.9681,0.9942,1.0000
144.6226,7.4014,-0.1244,-0.0821,8.2957,-0.1752,3.0984,3.1337,3.1076,1.0000,6.7664,0.7321,-0.9837,-0.9742,-0.9848,1.0000,6.8845,-0.9079,1.0095,0.9681,0.9863,1.0000
144.8523,7.4117,-0.1232,-0.0822,8.3001,-0.1771,3.0925,3.1337,3.0988,1.0000,6.7703,0.7333,-0.9865,-0.9742,-0.9918,1.0000,6.8896,-0.9078,1.0119,0.9681,1.0048,1.0000
145.0577,7.4222,-0.1219,-0.0822,8.3044,-0.1788,3.0863,3.1337,3.0988,1.0000,6.7703,0.7333,-0.9865,-0.9742,-0.9918,1.0000,6.8896,-0.9078,1.0119,0.9681,1.0048,1.0000
145.2990,7.4222,-0.1219,-0.0822,8.3044,-0.1788,3.0863,3.0804,3.0854,1.0000,6.7735,0.7342,-0.9897,-0.9759,-0.9661,1.0000,6.8944,-0.9075,1.0135,1.0142,1.0139,1.0000
145.5002,7.4327,-0.1207,-0.0823,8.3085,-0.1813,3.0798,3.0744,3.0829,1.0000,6.7766,0.7351,-0.9932,-0.9759,-0.9701,1.0000,6.8992,-0.9072,1.0142,1.0141,1.0220,1.0000
145.7021,7.4327,-0.1207,-0.0823,8.3085,-0.1813,3.0798,3.0737,3.0829,1.0000,6.7766,0.7351,-0.9932,-0.9759,-0.9701,1.0000,6.8992,-0.9072,1.0142,1.0140,1.0220,1.0000
145.9052,7.4432,-0.1194,-0.0823,8.3119,-0.1847,3.0730,3.0667,3.0802,1.0000,6.7799,0.7360,-0.9970,-0.9759,-0.9865,1.0000,6.9041,-0.9070,1.0139,1.0128,1.0163,1.0000
146.1539,7.4536,-0.1181,-0.0824,8.3139,-0.1883,3.0660,3.0595,3.0722,1.0000,6.7832,0.7364,-1.0005,-0.9759,-0.9991,1.0000,6.9089,-0.9067,1.0126,1.0105,1.0256,1.0000
146.3553,7.4536,-0.1181,-0.0824,8.3139,-0.1883,3.0660,3.0595,3.0722,1.0000,6.7832,0.7364,-1.0005,-0.9759,-0.9991,1.0000,6.9089,-0.9067,1.0126,1.0105,1.0256,1.0000
146.5815,7.4638,-0.1169,-0.0824,8.3149,-0.1913,3.0588,3.0521,3.0560,1.0000,6.7865,0.7364,-1.0031,-0.9759,-1.0125,1.0000,6.9136,-0.9061,1.0102,1.0072,1.0239,1.0000
146.8129,7.4847,-0.1142,-0.0824,8.3162,-0.1940,3.0514,3.0445,3.0568,1.0000,6.7897,0.7361,-1.0040,-0.9847,-1.0126,1.0000,6.9182,-0.9054,1.0068,1.0027,1.0249,1.0000
147.0249,7.4847,-0.1142,-0.0824,8.3179,-0.1978,3.0438,3.0368,3.0530,1.0000,6.7934,0.7356,-1.0027,-0.9847,-1.0030,1.0000,6.9229,-0.9047,1.0022,0.9973,1.0053,1.0000
147.2698,7.4952,-0.1128,-0.0824,8.3185,-0.2026,3.0360,3.0289,3.0387,1.0000,6.7979,0.7349,-0.9985,-0.9847,-1.0134,1.0000,6.9278,-0.9039,0.9967,0.9908,0.9882,1.0000
147.5009,7.5057,-0.1115,-0.0824,8.3179,-0.2071,3.0281,3.0210,3.0315,1.0000,6.8035,0.7335,-0.9909,-0.9847,-0.9838,1.0000,6.9327,-0.9030,0.9901,0.9833,0.9766,1.0000
147.7296,7.5160,-0.1101,-0.0824,8.3179,-0.2106,3.0202,3.0130,3.0331,1.0000,6.8102,0.7313,-0.9797,-0.9665,-1.0089,1.0000,6.9375,-0.9019,0.9825,0.9750,0.9736,1.0000
147.9423,7.5261,-0.1085,-0.0824,8.3198,-0.2139,3.0122,3.0051,3.0135,1.0000,6.8179,0.7282,-0.9649,-0.9487,-0.9799,1.0000,6.9424,-0.9007,0.9741,0.9659,0.9679,1.0000
148.1800,7.5436,-0.0987,-0.0823,8.3242,-0.2179,3.0043,2.9973,3.0068,1.0000,6.8271,0.7241,-0.9468,-0.9282,-0.9371,1.0000,6.9473,-0.8995,0.9649,0.9560,0.9553,1.0000
148.3988,7.5502,-0.0882,-0.0821,8.3301,-0.2222,2.9965,2.9897,3.0103,1.0000,6.8379,0.7192,-0.9261,-0.9058,-0.9354,1.0000,6.9524,-0.8983,0.9550,0.9457,0.9443,1.0000
148.6314,7.5550,-0.0753,-0.0819,8.3380,-0.2264,2.9890,2.9825,3.0044,1.0000,6.8505,0.7132,-0.9035,-0.8825,-0.9114,1.0000,6.9574,-0.8969,0.9446,0.9348,0.9504,1.0000
148.8339,7.5584,-0.0618,-0.0817,8.3634,-0.2339,2.9748,2.9734,2.9763,1.0000,6.8808,0.6979,-0.8574,-0.8552,-0.9105,1.0000,6.9675,-0.8940,0.9226,0.9215,0.9536,1.0000
149.0409,7.5584,-0.0618,-0.0817,8.3807,-0.2378,2.9676,2.9646,2.9742,1.0000,6.8972,0.6903,-0.8360,-0.8300,-0.8727,1.0000,6.9730,-0.8920,0.9117,0.9085,0.9357,1.0000
149.2413,7.5584,-0.0618,-0.0817,8.4001,-0.2415,2.9599,2.9530,2.9524,1.0000,6.9143,0.6834,-0.8168,-0.8051,-0.8382,1.0000,6.9787,-0.8896,0.9013,0.8947,0.8970,1.0000
149.4717,7.5584,-0.0618,-0.0817,8.4204,-0.2444,2.9512,2.9425,2.9521,1.0000,6.9319,0.6771,-0.8005,-0.7886,-0.8224,1.0000,6.9845,-0.8868,0.8921,0.8851,0.8953,1.0000
149.6919,7.5584,-0.0618,-0.0817,8.4410,-0.2462,2.9414,2.9316,2.9584,1.0000,6.9497,0.6715,-0.7875,-0.7785,-0.8168,1.0000,6.9904,-0.8837,0.8844,0.8790,0.8788,1.0000
149.8925,7.5584,-0.0618,-0.0817,8.4793,-0.2453,2.9182,2.9182,2.9454,1.0000,6.9668,0.6676,-0.7777,-0.7717,-0.7999,1.0000,6.9964,-0.8800,0.8785,0.8749,0.8732,1.0000
150.0964,7.5584,-0.0618,-0.0817,8.4958,-0.2426,2.9050,2.8996,2.9259,1.0000,6.9977,0.6656,-0.7676,-0.7670,-0.7756,1.0000,7.0090,-0.8708,0.8731,0.8732,0.8513,1.0000
150.3435,7.5726,0.0258,-0.0808,8.5103,-0.2384,2.8913,2.8789,2.9050,1.0000,7.0119,0.6665,-0.7668,-0.7687,-0.7565,1.0000,7.0152,-0.8656,0.8742,0.8776,0.8969,1.0000
150.5442,7.5752,0.0464,-0.0808,8.5339,-0.2258,2.8641,2.8654,2.8871,1.0000,7.0253,0.6683,-0.7690,-0.7737,-0.7694,1.0000,7.0213,-0.8602,0.8781,0.8840,0.8984,1.0000
150.7667,7.5752,0.0464,-0.0808,8.5431,-0.2175,2.8513,2.8407,2.8625,1.0000,7.0491,0.6745,-0.7827,-0.7927,-0.7613,1.0000,7.0330,-0.8485,0.8945,0.9058,0.8979,1.0000
150.9939,7.5752,0.0464,-0.0808,8.5511,-0.2081,2.8396,2.8301,2.8521,1.0000,7.0595,0.6788,-0.7940,-0.8067,-0.7793,1.0000,7.0388,-0.8422,0.9071,0.9209,0.9048,1.0000
151.1940,7.5752,0.0464,-0.0808,8.5654,-0.1871,2.8204,2.8174,2.8321,1.0000,7.0769,0.6897,-0.8250,-0.8305,-0.7805,1.0000,7.0498,-0.8293,0.9402,0.9459,0.9023,1.0000
151.4359,7.5761,0.0575,-0.0808,8.5722,-0.1756,2.8136,2.8095,2.8093,1.0000,7.0836,0.6970,-0.8439,-0.8620,-0.8263,1.0000,7.0550,-0.8228,0.9596,0.9778,0.9307,1.0000
151.6677,7.5812,0.1111,-0.0812,8.5790,-0.1634,2.8091,2.8072,2.7927,1.0000,7.0884,0.7061,-0.8640,-0.8822,-0.8495,1.0000,7.0601,-0.8162,0.9799,0.9987,0.9432,1.0000
151.8755,7.5826,0.1332,-0.0814,8.5859,-0.1503,2.8071,2.8075,2.7985,1.0000,7.0911,0.7175,-0.8842,-0.9014,-0.8742,1.0000,7.0653,-0.8091,1.0008,1.0198,0.9874,1.0000
152.0775,7.5836,0.1437,-0.0816,8.6002,-0.1219,2.8107,2.8138,2.8027,1.0000,7.0880,0.7497,-0.9197,-0.9267,-0.9019,1.0000,7.0757,-0.7938,1.0426,1.0526,1.0094,1.0000
152.2782,7.5847,0.1539,-0.0817,8.6077,-0.1067,2.8162,2.8230,2.7984,1.0000,7.0825,0.7705,-0.9326,-0.9406,-0.9057,1.0000,7.0811,-0.7855,1.0623,1.0788,1.0355,1.0000
152.5182,7.5863,0.1753,-0.0820,8.6233,-0.0746,2.8333,2.8432,2.8482,1.0000,7.0648,0.8197,-0.9453,-0.9453,-0.9282,1.0000,7.0923,-0.7669,1.0968,1.1094,1.0725,1.0000
152.7307,7.5886,0.2078,-0.0825,8.6466,-0.0232,2.8693,2.8812,2.8665,1.0000,7.0300,0.9022,-0.9344,-0.9266,-0.9304,1.0000,7.1096,-0.7359,1.1313,1.1374,1.0984,1.0000
152.9792,7.5904,0.2288,-0.0827,8.6582,0.0030,2.8952,2.9061,2.8836,1.0000,7.0091,0.9512,-0.9161,-0.9079,-0.9266,1.0000,7.1201,-0.7158,1.1424,1.1452,1.1327,1.0000
153.1879,7.5909,0.2398,-0.0829,8.6625,0.0146,2.9073,2.9177,2.8882,1.0000,7.0017,0.9692,-0.9070,-0.8996,-0.9026,1.0000,7.1234,-0.7086,1.1454,1.1467,1.1510,1.0000
153.4092,7.5915,0.2509,-0.0830,8.6659,0.0256,2.9188,2.9288,2.9021,1.0000,6.9950,0.9859,-0.8988,-0.8920,-0.8952,1.0000,7.1260,-0.7015,1.1467,1.1464,1.1440,1.0000
153.6106,7.5933,0.2720,-0.0832,8.6677,0.0342,2.9299,2.9392,2.9054,1.0000,6.9901,0.9998,-0.8912,-0.8851,-0.9002,1.0000,7.1281,-0.6945,1.1463,1.1447,1.1585,1.0000
153.8108,7.5942,0.2825,-0.0833,8.6677,0.0403,2.9402,2.9488,2.9199,1.0000,6.9876,1.0095,-0.8844,-0.8789,-0.8774,1.0000,7.1294,-0.6886,1.1445,1.1418,1.1532,1.0000
154.0117,7.5949,0.2933,-0.0834,8.6626,0.0499,2.9582,2.9598,2.9472,1.0000,6.9872,1.0193,-0.8731,-0.8727,-0.8920,1.0000,7.1291,-0.6810,1.1376,1.1371,1.1582,1.0000
154.2128,7.5954,0.3044,-0.0835,8.6580,0.0555,2.9653,2.9681,2.9315,1.0000,6.9879,1.0223,-0.8688,-0.8673,-0.8732,1.0000,7.1278,-0.6778,1.1329,1.1309,1.1577,1.0000
154.4135,7.5961,0.3153,-0.0835,8.6520,0.0621,2.9704,2.9717,2.9388,1.0000,6.9894,1.0245,-0.8653,-0.8641,-0.8618,1.0000,7.1263,-0.6738,1.1278,1.1262,1.1579,1.0000
154.6194,7.5970,0.3259,-0.0836,8.6441,0.0691,2.9727,2.9724,2.9392,1.0000,6.9919,1.0258,-0.8626,-0.8611,-0.8821,1.0000,7.1253,-0.6698,1.1222,1.1181,1.1294,1.0000
154.8650,7.5979,0.3362,-0.0836,8.6342,0.0766,2.9720,2.9684,2.9408,1.0000,6.9952,1.0263,-0.8606,-0.8593,-0.8733,1.0000,7.1244,-0.6662,1.1163,1.1108,1.1362,1.0000
155.1096,7.5987,0.3468,-0.0837,8.6229,0.0852,2.9678,2.9611,2.9616,1.0000,6.9984,1.0267,-0.8592,-0.8585,-0.8655,1.0000,7.1231,-0.6627,1.1102,1.1046,1.1120,1.0000
155.3381,7.5993,0.3577,-0.0837,8.6108,0.0953,2.9602,2.9505,2.9486,1.0000,7.0013,1.0277,-0.8585,-0.8582,-0.8656,1.0000,7.1213,-0.6587,1.1040,1.0985,1.1067,1.0000
155.5447,7.6006,0.3795,-0.0837,8.5978,0.1072,2.9493,2.9368,2.9514,1.0000,7.0045,1.0294,-0.8582,-0.8582,-0.8484,1.0000,7.1197,-0.6541,1.0980,1.0930,1.0872,1.0000
155.7448,7.6015,0.3900,-0.0837,8.5703,0.1345,2.9191,2.9174,2.9444,1.0000,7.0128,1.0336,-0.8586,-0.8586,-0.8511,1.0000,7.1174,-0.6442,1.0876,1.0872,1.0962,1.0000
155.9507,7.6025,0.4004,-0.0837,8.5703,0.1345,2.9191,2.9033,2.9376,1.0000,7.0128,1.0336,-0.8586,-0.8589,-0.8443,1.0000,7.1174,-0.6442,1.0876,1.0841,1.0883,1.0000
156.1611,7.6025,0.4004,-0.0837,8.5570,0.1494,2.9015,2.8854,2.9254,1.0000,7.0174,1.0361,-0.8589,-0.8591,-0.8635,1.0000,7.1161,-0.6387,1.0837,1.0812,1.0759,1.0000
156.3715,7.6032,0.4111,-0.0837,8.5449,0.1651,2.8836,2.8679,2.9054,1.0000,7.0219,1.0395,-0.8591,-0.8591,-0.8488,1.0000,7.1146,-0.6324,1.0810,1.0797,1.0706,1.0000
156.5769,7.6037,0.4221,-0.0837,8.5342,0.1813,2.8662,2.8518,2.8871,1.0000,7.0264,1.0440,-0.8590,-0.8585,-0.8488,1.0000,7.1133,-0.6252,1.0797,1.0799,1.0706,1.0000
156.7824,7.6043,0.4330,-0.0837,8.5249,0.1976,2.8503,2.8473,2.8871,1.0000,7.0310,1.0495,-0.8584,-0.8582,-0.8564,1.0000,7.1125,-0.6175,1.0800,1.0801,1.0542,1.0000
157.0060,7.6051,0.4436,-0.0836,8.5249,0.1976,2.8503,2.8378,2.8606,1.0000,7.0310,1.0495,-0.8584,-0.8571,-0.8610,1.0000,7.1125,-0.6175,1.0800,1.0818,1.0677,1.0000
157.2080,7.6061,0.4541,-0.0836,8.5109,0.2302,2.8255,2.8237,2.8400,1.0000,7.0400,1.0634,-0.8546,-0.8544,-0.8716,1.0000,7.1117,-0.5987,1.0860,1.0865,1.0871,1.0000
157.4138,7.6069,0.4646,-0.0836,8.5065,0.2457,2.8176,2.8176,2.8439,1.0000,7.0439,1.0723,-0.8514,-0.8514,-0.8524,1.0000,7.1117,-0.5987,1.0860,1.0910,1.0739,1.0000
157.6199,7.6075,0.4754,-0.0835,8.5065,0.2457,2.8176,2.8135,2.8317,1.0000,7.0439,1.0723,-0.8514,-0.8477,-0.8534,1.0000,7.1115,-0.5871,1.0916,1.0980,1.0921,1.0000
157.8251,7.6080,0.4864,-0.0835,8.5011,0.2752,2.8123,2.8130,2.7989,1.0000,7.0493,1.0951,-0.8426,-0.8411,-0.8595,1.0000,7.1126,-0.5590,1.1069,1.1095,1.1129,1.0000
158.0353,7.6087,0.4972,-0.0834,8.4994,0.2894,2.8151,2.8199,2.7989,1.0000,7.0508,1.1089,-0.8375,-0.8339,-0.8595,1.0000,7.1141,-0.5426,1.1155,1.1213,1.1129,1.0000
158.2468,7.6096,0.5078,-0.0834,8.4985,0.3029,2.8214,2.8249,2.8030,1.0000,7.0515,1.1242,-0.8324,-0.8309,-0.8541,1.0000,7.1162,-0.5246,1.1237,1.1260,1.1202,1.0000
158.4552,7.6106,0.5183,-0.0833,8.4981,0.3160,2.8310,2.8356,2.8209,1.0000,7.0514,1.1409,-0.8277,-0.8264,-0.8443,1.0000,7.1187,-0.5051,1.1308,1.1326,1.1197,1.0000
158.6558,7.6113,0.5289,-0.0833,8.4978,0.3287,2.8434,2.8550,2.8219,1.0000,7.0504,1.1589,-0.8238,-0.8215,-0.8250,1.0000,7.1217,-0.4844,1.1362,1.1387,1.1170,1.0000
158.8646,7.6118,0.5398,-0.0832,8.4976,0.3412,2.8581,2.8727,2.8416,1.0000,7.0487,1.1778,-0.8212,-0.8202,-0.8219,1.0000,7.1251,-0.4629,1.1395,1.1407,1.1119,1.0000
159.0684,7.6124,0.5507,-0.0832,8.4976,0.3536,2.8744,2.8898,2.8840,1.0000,7.0466,1.1973,-0.8202,-0.8211,-0.8492,1.0000,7.1290,-0.4408,1.1407,1.1398,1.1378,1.0000
159.2691,7.6131,0.5615,-0.0831,8.4976,0.3660,2.8915,2.9070,2.9003,1.0000,7.0443,1.2173,-0.8212,-0.8235,-0.8355,1.0000,7.1330,-0.4191,1.1397,1.1374,1.1422,1.0000
159.4721,7.6131,0.5615,-0.0831,8.4976,0.3660,2.8915,2.9070,2.9003,1.0000,7.0443,1.2173,-0.8212,-0.8238,-0.8355,1.0000,7.1330,-0.4191,1.1397,1.1370,1.1422,1.0000
159.7007,7.6141,0.5720,-0.0831,8.4977,0.3784,2.9088,2.9237,2.9142,1.0000,7.0420,1.2371,-0.8242,-0.8285,-0.8449,1.0000,7.1371,-0.3976,1.1366,1.1324,1.1300,1.0000
159.9049,7.6150,0.5826,-0.0830,8.4978,0.3910,2.9254,2.9392,2.9263,1.0000,7.0402,1.2564,-0.8291,-0.8348,-0.8424,1.0000,7.1412,-0.3761,1.1318,1.1263,1.1075,1.0000
160.1355,7.6161,0.6043,-0.0829,8.4976,0.4036,2.9407,2.9529,2.9235,1.0000,7.0385,1.2753,-0.8356,-0.8426,-0.8325,1.0000,7.1453,-0.3548,1.1256,1.1191,1.1140,1.0000
160.3430,7.6167,0.6152,-0.0829,8.4973,0.4166,2.9541,2.9642,2.9213,1.0000,7.0370,1.2938,-0.8434,-0.8514,-0.8236,1.0000,7.1494,-0.3339,1.1183,1.1113,1.1048,1.0000
160.5474,7.6176,0.6259,-0.0828,8.4971,0.4306,2.9652,2.9727,2.9340,1.0000,7.0360,1.3117,-0.8524,-0.8610,-0.8404,1.0000,7.1534,-0.3135,1.1105,1.1033,1.1014,1.0000
160.7475,7.6186,0.6364,-0.0828,8.4967,0.4598,2.9788,2.9805,2.9459,1.0000,7.0348,1.3460,-0.8719,-0.8769,-0.8352,1.0000,7.1613,-0.2733,1.0947,1.0910,1.1071,1.0000
160.9540,7.6194,0.6470,-0.0828,8.4959,0.4745,2.9815,2.9818,2.9692,1.0000,7.0343,1.3630,-0.8818,-0.8903,-0.8662,1.0000,7.1652,-0.2532,1.0875,1.0817,1.1001,1.0000
161.1554,7.6199,0.6577,-0.0827,8.4951,0.4897,2.9818,2.9804,2.9666,1.0000,7.0337,1.3800,-0.8912,-0.8974,-0.9041,1.0000,7.1691,-0.2333,1.0811,1.0773,1.0960,1.0000
161.3558,7.6204,0.6686,-0.0827,8.4946,0.5053,2.9799,2.9779,2.9666,1.0000,7.0330,1.3970,-0.8999,-0.9038,-0.9041,1.0000,7.1729,-0.2134,1.0758,1.0737,1.0960,1.0000
161.5599,7.6211,0.6795,-0.0827,8.4939,0.5207,2.9763,2.9745,2.9717,1.0000,7.0322,1.4141,-0.9075,-0.9096,-0.9038,1.0000,7.1765,-0.1938,1.0720,1.0712,1.0861,1.0000
161.7609,7.6220,0.6901,-0.0827,8.4930,0.5360,2.9714,2.9680,2.9666,1.0000,7.0312,1.4314,-0.9140,-0.9167,-0.9113,1.0000,7.1800,-0.1744,1.0697,1.0690,1.0719,1.0000
161.9719,7.6230,0.7006,-0.0827,8.4918,0.5510,2.9656,2.9644,2.9666,1.0000,7.0299,1.4489,-0.9191,-0.9196,-0.9113,1.0000,7.1833,-0.1552,1.0687,1.0686,1.0719,1.0000
162.1949,7.6237,0.7113,-0.0827,8.4906,0.5658,2.9595,2.9542,2.9739,1.0000,7.0284,1.4665,-0.9228,-0.9249,-0.9208,1.0000,7.1865,-0.1362,1.0688,1.0698,1.0596,1.0000
162.4423,7.6242,0.7222,-0.0826,8.4896,0.5806,2.9536,2.9488,2.9431,1.0000,7.0266,1.4844,-0.9251,-0.9261,-0.9102,1.0000,7.1895,-0.1174,1.0700,1.0717,1.0591,1.0000
162.6476,7.6255,0.7439,-0.0826,8.4881,0.6100,2.9441,2.9444,2.9441,1.0000,7.0247,1.5024,-0.9261,-0.9261,-0.9255,1.0000,7.1918,-0.0995,1.0720,1.0742,1.0592,1.0000
162.8520,7.6264,0.7545,-0.0826,8.4879,0.6248,2.9412,2.9404,2.9520,1.0000,7.0217,1.5377,-0.9252,-0.9248,-0.9309,1.0000,7.1951,-0.0659,1.0772,1.0780,1.0633,1.0000
163.0542,7.6273,0.7651,-0.0826,8.4883,0.6395,2.9398,2.9398,2.9409,1.0000,7.0209,1.5548,-0.9238,-0.9225,-0.9254,1.0000,7.1969,-0.0505,1.0798,1.0813,1.0702,1.0000
163.2568,7.6279,0.7758,-0.0826,8.4891,0.6543,2.9400,2.9413,2.9416,1.0000,7.0204,1.5717,-0.9220,-0.9208,-0.9482,1.0000,7.1989,-0.0362,1.0819,1.0830,1.0896,1.0000
163.4948,7.6284,0.7866,-0.0827,8.4904,0.6690,2.9417,2.9447,2.9288,1.0000,7.0205,1.5879,-0.9202,-0.9189,-0.9387,1.0000,7.2004,-0.0228,1.0834,1.0843,1.0807,1.0000
163.7150,7.6290,0.7975,-0.0827,8.4922,0.6837,2.9451,2.9493,2.9352,1.0000,7.0212,1.6035,-0.9188,-0.9179,-0.9171,1.0000,7.2017,-0.0101,1.0844,1.0848,1.0852,1.0000
163.9262,7.6308,0.8188,-0.0827,8.4946,0.6985,2.9498,2.9552,2.9400,1.0000,7.0223,1.6189,-0.9178,-0.9175,-0.9111,1.0000,7.2035,0.0016,1.0848,1.0846,1.0945,1.0000
164.1263,7.6316,0.8294,-0.0827,8.5007,0.7276,2.9632,2.9673,2.9477,1.0000,7.0266,1.6478,-0.9178,-0.9182,-0.9193,1.0000,7.2092,0.0227,1.0838,1.0833,1.0909,1.0000
164.3292,7.6321,0.8401,-0.0827,8.5040,0.7422,2.9716,2.9707,2.9552,1.0000,7.0266,1.6478,-0.9178,-0.9189,-0.9134,1.0000,7.2092,0.0227,1.0838,1.0826,1.1008,1.0000
164.5425,7.6326,0.8510,-0.0827,8.5040,0.7422,2.9716,2.9800,2.9553,1.0000,7.0292,1.6616,-0.9191,-0.9210,-0.9369,1.0000,7.2122,0.0331,1.0825,1.0809,1.0870,1.0000
164.7429,7.6333,0.8618,-0.0827,8.5111,0.7710,2.9910,2.9921,2.9635,1.0000,7.0337,1.6898,-0.9244,-0.9244,-0.9270,1.0000,7.2190,0.0537,1.0786,1.0786,1.0980,1.0000
164.9446,7.6333,0.8618,-0.0827,8.5111,0.7710,2.9910,3.0005,2.9816,1.0000,7.0337,1.6898,-0.9244,-0.9279,-0.9126,1.0000,7.2190,0.0537,1.0786,1.0767,1.0848,1.0000
165.1719,7.6343,0.8724,-0.0828,8.5147,0.7853,3.0016,3.0113,3.0046,1.0000,7.0367,1.7034,-0.9284,-0.9327,-0.9167,1.0000,7.2229,0.0638,1.0765,1.0746,1.0756,1.0000
165.3980,7.6352,0.8830,-0.0828,8.5183,0.7995,3.0123,3.0220,3.0070,1.0000,7.0399,1.7166,-0.9332,-0.9382,-0.9275,1.0000,7.2270,0.0741,1.0745,1.0728,1.0689,1.0000
165.6034,7.6359,0.8937,-0.0828,8.5218,0.8139,3.0231,3.0325,3.0173,1.0000,7.0429,1.7300,-0.9388,-0.9442,-0.9254,1.0000,7.2310,0.0844,1.0727,1.0713,1.0768,1.0000
165.8284,7.6368,0.9153,-0.0828,8.5251,0.8283,3.0336,3.0426,3.0085,1.0000,7.0456,1.7436,-0.9448,-0.9506,-0.9211,1.0000,7.2350,0.0943,1.0712,1.0702,1.0837,1.0000
166.0441,7.6377,0.9261,-0.0829,8.5283,0.8428,3.0436,3.0520,3.0305,1.0000,7.0482,1.7573,-0.9513,-0.9573,-0.9345,1.0000,7.2390,0.1043,1.0701,1.0698,1.0621,1.0000
166.2666,7.6387,0.9367,-0.0829,8.5313,0.8573,3.0529,3.0606,3.0348,1.0000,7.0509,1.7709,-0.9580,-0.9641,-0.9539,1.0000,7.2431,0.1146,1.0698,1.0702,1.0688,1.0000
166.4726,7.6395,0.9473,-0.0829,8.5367,0.8866,3.0691,3.0705,3.0397,1.0000,7.0562,1.7982,-0.9713,-0.9719,-0.9276,1.0000,7.2513,0.1347,1.0716,1.0718,1.0594,1.0000
166.6874,7.6401,0.9580,-0.0829,8.5390,0.9013,3.0757,3.0769,3.0622,1.0000,7.0586,1.8119,-0.9774,-0.9779,-0.9593,1.0000,7.2555,0.1446,1.0739,1.0742,1.0757,1.0000
166.8874,7.6405,0.9689,-0.0829,8.5411,0.9160,3.0813,3.0832,3.0597,1.0000,7.0609,1.8258,-0.9829,-0.9845,-0.9807,1.0000,7.2595,0.1545,1.0772,1.0785,1.0646,1.0000
167.0879,7.6412,0.9797,-0.0829,8.5429,0.9309,3.0859,3.0859,3.0691,1.0000,7.0609,1.8258,-0.9829,-0.9874,-0.9739,1.0000,7.2595,0.1545,1.0772,1.0812,1.0679,1.0000
167.2916,7.6412,0.9797,-0.0829,8.5429,0.9309,3.0859,3.0891,3.0833,1.0000,7.0630,1.8398,-0.9879,-0.9917,-0.9978,1.0000,7.2638,0.1651,1.0817,1.0865,1.0683,1.0000
167.4989,7.6431,1.0010,-0.0830,8.5446,0.9458,3.0894,3.0919,3.0996,1.0000,7.0651,1.8539,-0.9921,-0.9953,-0.9920,1.0000,7.2681,0.1755,1.0871,1.0927,1.0767,1.0000
167.7068,7.6438,1.0116,-0.0830,8.5472,0.9759,3.0942,3.0955,3.0907,1.0000,7.0688,1.8824,-0.9984,-1.0003,-0.9880,1.0000,7.2768,0.1963,1.1003,1.1069,1.0958,1.0000
167.9539,7.6443,1.0224,-0.0830,8.5483,0.9910,3.0956,3.0965,3.0845,1.0000,7.0705,1.8968,-1.0005,-1.0019,-0.9984,1.0000,7.2810,0.2068,1.1076,1.1146,1.1007,1.0000
168.2036,7.6448,1.0332,-0.0830,8.5493,1.0061,3.0966,3.0971,3.0768,1.0000,7.0723,1.9110,-1.0020,-1.0030,-1.0068,1.0000,7.2853,0.2173,1.1154,1.1225,1.1109,1.0000
168.4164,7.6455,1.0440,-0.0830,8.5502,1.0213,3.0972,3.0976,3.0733,1.0000,7.0743,1.9249,-1.0031,-1.0037,-1.0100,1.0000,7.2894,0.2276,1.1233,1.1305,1.1342,1.0000
168.6327,7.6474,1.0653,-0.0830,8.5510,1.0365,3.0977,3.0981,3.0959,1.0000,7.0760,1.9392,-1.0038,-1.0041,-1.0098,1.0000,7.2936,0.2379,1.1313,1.1383,1.1221,1.0000
168.8386,7.6480,1.0760,-0.0830,8.5525,1.0675,3.0989,3.0988,3.0878,1.0000,7.0776,1.9535,-1.0042,-1.0044,-1.0006,1.0000,7.2978,0.2482,1.1391,1.1458,1.1235,1.0000
169.0477,7.6485,1.0868,-0.0830,8.5530,1.0841,3.1002,3.1013,3.0971,1.0000,7.0817,1.9813,-1.0047,-1.0049,-1.0032,1.0000,7.3057,0.2688,1.1534,1.1567,1.1094,1.0000
169.2932,7.6485,1.0868,-0.0830,8.5530,1.0841,3.1002,3.1020,3.0968,1.0000,7.0817,1.9813,-1.0047,-1.0051,-1.0026,1.0000,7.3057,0.2688,1.1534,1.1592,1.1259,1.0000
169.5102,7.6490,1.0976,-0.0830,8.5533,1.1012,3.1022,3.1049,3.0956,1.0000,7.0845,1.9942,-1.0052,-1.0058,-1.0070,1.0000,7.3091,0.2786,1.1599,1.1651,1.1542,1.0000
169.7457,7.6499,1.1083,-0.0830,8.5534,1.1192,3.1052,3.1091,3.0927,1.0000,7.0874,2.0069,-1.0059,-1.0068,-1.0012,1.0000,7.3121,0.2882,1.1657,1.1703,1.1659,1.0000
169.9501,7.6509,1.1189,-0.0830,8.5530,1.1387,3.1096,3.1149,3.0981,1.0000,7.0903,2.0197,-1.0070,-1.0084,-1.0054,1.0000,7.3151,0.2977,1.1707,1.1747,1.1797,1.0000
170.1682,7.6517,1.1296,-0.0830,8.5522,1.1589,3.1156,3.1225,3.1031,1.0000,7.0934,2.0322,-1.0086,-1.0104,-0.9990,1.0000,7.3181,0.3074,1.1750,1.1783,1.1832,1.0000
170.3963,7.6527,1.1511,-0.0830,8.5506,1.1808,3.1233,3.1318,3.1087,1.0000,7.0969,2.0443,-1.0106,-1.0130,-1.0010,1.0000,7.3208,0.3170,1.1786,1.1812,1.1702,1.0000
170.6060,7.6533,1.1619,-0.0830,8.5445,1.2285,-3.1393,-3.1405,3.1228,1.0000,7.1009,2.0558,-1.0133,-1.0161,-1.0029,1.0000,7.3231,0.3264,1.1814,1.1834,1.1933,1.0000
170.8178,7.6543,1.1726,-0.0830,8.5445,1.2285,-3.1393,-3.1281,3.1402,1.0000,7.1048,2.0674,-1.0164,-1.0196,-1.0001,1.0000,7.3254,0.3358,1.1836,1.1851,1.1860,1.0000
171.0464,7.6553,1.1832,-0.0830,8.5399,1.2518,-3.1268,-3.1144,3.1354,1.0000,7.1085,2.0791,-1.0200,-1.0235,-1.0139,1.0000,7.3279,0.3456,1.1852,1.1861,1.1976,1.0000
171.2701,7.6560,1.1939,-0.0830,8.5333,1.2735,-3.1130,-3.0998,-3.1340,1.0000,7.1121,2.0910,-1.0239,-1.0276,-1.0229,1.0000,7.3307,0.3556,1.1862,1.1866,1.1852,1.0000
171.4786,7.6560,1.1939,-0.0830,8.5256,1.2941,-3.0983,-3.0844,-3.1220,1.0000,7.1157,2.1029,-1.0280,-1.0319,-1.0173,1.0000,7.3335,0.3659,1.1867,1.1867,1.1770,1.0000
171.6884,7.6569,1.2155,-0.0830,8.5184,1.3137,-3.0829,-3.0688,-3.1017,1.0000,7.1194,2.1147,-1.0323,-1.0364,-1.0226,1.0000,7.3362,0.3762,1.1867,1.1865,1.1822,1.0000
171.9001,7.6569,1.2155,-0.0830,8.5113,1.3316,-3.0673,-3.0534,-3.0858,1.0000,7.1231,2.1265,-1.0368,-1.0409,-1.0293,1.0000,7.3388,0.3864,1.1864,1.1861,1.1958,1.0000
172.1146,7.6577,1.2263,-0.0830,8.5037,1.3475,-3.0519,-3.0384,-3.0601,1.0000,7.1267,2.1383,-1.0414,-1.0455,-1.0392,1.0000,7.3411,0.3963,1.1860,1.1856,1.2062,1.0000
172.3277,7.6587,1.2369,-0.0830,8.4958,1.3613,-3.0369,-3.0239,-3.0519,1.0000,7.1302,2.1502,-1.0459,-1.0499,-1.0639,1.0000,7.3436,0.4064,1.1855,1.1850,1.2129,1.0000
172.5563,7.6596,1.2476,-0.0830,8.4886,1.3738,-3.0225,-3.0100,-3.0237,1.0000,7.1337,2.1621,-1.0504,-1.0543,-1.0674,1.0000,7.3463,0.4166,1.1849,1.1845,1.1897,1.0000
172.7790,7.6601,1.2583,-0.0830,8.4829,1.3858,-3.0087,-2.9970,-3.0173,1.0000,7.1372,2.1741,-1.0547,-1.0583,-1.0813,1.0000,7.3487,0.4266,1.1844,1.1841,1.2052,1.0000
173.0219,7.6611,1.2798,-0.0829,8.4786,1.3976,-2.9957,-2.9849,-3.0158,1.0000,7.1406,2.1861,-1.0587,-1.0622,-1.0798,1.0000,7.3506,0.4363,1.1841,1.1841,1.1947,1.0000
173.2455,7.6611,1.2798,-0.0829,8.4748,1.4095,-2.9838,-2.9740,-2.9939,1.0000,7.1440,2.1981,-1.0625,-1.0656,-1.0780,1.0000,7.3523,0.4458,1.1841,1.1844,1.2047,1.0000
173.4772,7.6631,1.3012,-0.0829,8.4710,1.4211,-2.9729,-2.9644,-2.9803,1.0000,7.1472,2.2102,-1.0660,-1.0687,-1.0845,1.0000,7.3543,0.4555,1.1845,1.1851,1.2019,1.0000
173.6801,7.6631,1.3012,-0.0829,8.4679,1.4324,-2.9635,-2.9566,-2.9583,1.0000,7.1504,2.2224,-1.0690,-1.0715,-1.0529,1.0000,7.3564,0.4653,1.1852,1.1862,1.1913,1.0000
173.9018,7.6638,1.3119,-0.0829,8.4663,1.4431,-2.9559,-2.9506,-2.9490,1.0000,7.1536,2.2347,-1.0717,-1.0738,-1.0695,1.0000,7.3583,0.4749,1.1864,1.1877,1.1878,1.0000
174.1022,7.6643,1.3226,-0.0829,8.4661,1.4537,-2.9501,-2.9467,-2.9487,1.0000,7.1568,2.2466,-1.0741,-1.0760,-1.0522,1.0000,7.3597,0.4842,1.1879,1.1896,1.1676,1.0000
174.3313,7.6647,1.3334,-0.0829,8.4670,1.4642,-2.9464,-2.9449,-2.9353,1.0000,7.1602,2.2581,-1.0762,-1.0780,-1.0597,1.0000,7.3604,0.4932,1.1898,1.1919,1.1676,1.0000
174.5670,7.6664,1.3549,-0.0829,8.4692,1.4745,-2.9449,-2.9454,-2.9387,1.0000,7.1634,2.2700,-1.0782,-1.0798,-1.0631,1.0000,7.3609,0.5019,1.1922,1.1946,1.1880,1.0000
174.7817,7.6674,1.3655,-0.0829,8.4731,1.4845,-2.9456,-2.9481,-2.9501,1.0000,7.1665,2.2820,-1.0800,-1.0816,-1.0605,1.0000,7.3615,0.5106,1.1949,1.1975,1.1813,1.0000
174.9907,7.6680,1.3762,-0.0829,8.4869,1.5034,-2.9532,-2.9526,-2.9519,1.0000,7.1697,2.2937,-1.0817,-1.0832,-1.0766,1.0000,7.3621,0.5194,1.1978,1.2006,1.1609,1.0000
175.1982,7.6685,1.3869,-0.0829,8.4869,1.5034,-2.9532,-2.9589,-2.9478,1.0000,7.1730,2.3051,-1.0834,-1.0849,-1.0541,1.0000,7.3622,0.5280,1.2009,1.2037,1.1852,1.0000
175.3998,7.6690,1.3977,-0.0829,8.4966,1.5125,-2.9596,-2.9665,-2.9448,1.0000,7.1763,2.3166,-1.0851,-1.0866,-1.0855,1.0000,7.3617,0.5364,1.2040,1.2068,1.1947,1.0000
175.6208,7.6698,1.4085,-0.0829,8.5074,1.5213,-2.9673,-2.9750,-2.9429,1.0000,7.1795,2.3283,-1.0868,-1.0884,-1.0788,1.0000,7.3610,0.5448,1.2071,1.2099,1.2003,1.0000
175.8354,7.6708,1.4192,-0.0829,8.5299,1.5382,-2.9850,-2.9869,-2.9472,1.0000,7.1857,2.3520,-1.0905,-1.0907,-1.0797,1.0000,7.3608,0.5620,1.2131,1.2134,1.1984,1.0000
176.0389,7.6717,1.4298,-0.0829,8.5299,1.5382,-2.9850,-2.9933,-2.9647,1.0000,7.1857,2.3520,-1.0905,-1.0922,-1.0809,1.0000,7.3608,0.5620,1.2131,1.2154,1.2156,1.0000
176.2592,7.6722,1.4405,-0.0829,8.5533,1.5544,-3.0031,-3.0023,-2.9912,1.0000,7.1889,2.3638,-1.0924,-1.0943,-1.0829,1.0000,7.3608,0.5709,1.2156,1.2175,1.2118,1.0000
176.4635,7.6726,1.4513,-0.0829,8.5644,1.5624,-3.0117,-3.0133,-2.9874,1.0000,7.1951,2.3874,-1.0967,-1.0969,-1.0999,1.0000,7.3605,0.5891,1.2192,1.2193,1.2163,1.0000
176.6790,7.6733,1.4620,-0.0829,8.5746,1.5704,-3.0196,-3.0189,-2.9918,1.0000,7.1951,2.3874,-1.0967,-1.0988,-1.0922,1.0000,7.3605,0.5891,1.2192,1.2202,1.2302,1.0000
176.8910,7.6742,1.4728,-0.0829,8.5842,1.5785,-3.0270,-3.0263,-2.9956,1.0000,7.1982,2.3992,-1.0991,-1.1014,-1.1056,1.0000,7.3605,0.5981,1.2202,1.2207,1.2223,1.0000
177.0921,7.6752,1.4834,-0.0829,8.5938,1.5866,-3.0336,-3.0349,-3.0226,1.0000,7.2043,2.4229,-1.1043,-1.1046,-1.0917,1.0000,7.3609,0.6166,1.2207,1.2207,1.2173,1.0000
177.2932,7.6759,1.4941,-0.0829,8.6034,1.5947,-3.0395,-3.0416,-3.0416,1.0000,7.2074,2.4343,-1.1071,-1.1080,-1.1062,1.0000,7.3610,0.6260,1.2202,1.2199,1.2206,1.0000
177.5347,7.6764,1.5048,-0.0829,8.6131,1.6030,-3.0445,-3.0481,-3.0453,1.0000,7.2107,2.4454,-1.1101,-1.1128,-1.1098,1.0000,7.3612,0.6355,1.2191,1.2177,1.2248,1.0000
177.7562,7.6768,1.5156,-0.0829,8.6227,1.6113,-3.0485,-3.0513,-3.0595,1.0000,7.2138,2.4567,-1.1131,-1.1160,-1.1129,1.0000,7.3614,0.6450,1.2175,1.2158,1.2278,1.0000
177.9611,7.6786,1.5371,-0.0829,8.6322,1.6198,-3.0516,-3.0538,-3.0586,1.0000,7.2169,2.4682,-1.1163,-1.1191,-1.1000,1.0000,7.3617,0.6546,1.2156,1.2137,1.2259,1.0000
178.1611,7.6795,1.5478,-0.0829,8.6492,1.6374,-3.0559,-3.0566,-3.0498,1.0000,7.2233,2.4900,-1.1226,-1.1242,-1.1058,1.0000,7.3623,0.6738,1.2110,1.2098,1.2362,1.0000
178.3620,7.6801,1.5584,-0.0829,8.6569,1.6464,-3.0573,-3.0580,-3.0409,1.0000,7.2268,2.4999,-1.1258,-1.1273,-1.1169,1.0000,7.3626,0.6834,1.2086,1.2076,1.2284,1.0000
178.5620,7.6805,1.5692,-0.0829,8.6640,1.6555,-3.0586,-3.0595,-3.0430,1.0000,7.2302,2.5099,-1.1289,-1.1313,-1.1383,1.0000,7.3630,0.6931,1.2061,1.2045,1.2080,1.0000
178.7771,7.6811,1.5799,-0.0829,8.6701,1.6647,-3.0597,-3.0603,-3.0490,1.0000,7.2334,2.5204,-1.1319,-1.1333,-1.1286,1.0000,7.3633,0.7027,1.2038,1.2027,1.2061,1.0000
178.9841,7.6819,1.5907,-0.0829,8.6701,1.6647,-3.0597,-3.0606,-3.0490,1.0000,7.2334,2.5204,-1.1319,-1.1345,-1.1286,1.0000,7.3633,0.7027,1.2038,1.2019,1.2061,1.0000
179.2069,7.6819,1.5907,-0.0829,8.6751,1.6741,-3.0607,-3.0615,-3.0574,1.0000,7.2367,2.5306,-1.1347,-1.1372,-1.1166,1.0000,7.3636,0.7122,1.2017,1.2000,1.1849,1.0000
179.4250,7.6838,1.6121,-0.0829,8.6797,1.6836,-3.0616,-3.0625,-3.0451,1.0000,7.2401,2.5403,-1.1374,-1.1397,-1.1098,1.0000,7.3639,0.7218,1.1998,1.1984,1.1962,1.0000
179.6374,7.6843,1.6228,-0.0829,8.6842,1.6932,-3.0626,-3.0634,-3.0660,1.0000,7.2436,2.5494,-1.1399,-1.1420,-1.1182,1.0000,7.3642,0.7313,1.1983,1.1971,1.1781,1.0000
179.8593,7.6847,1.6335,-0.0829,8.6885,1.7028,-3.0635,-3.0644,-3.0513,1.0000,7.2472,2.5580,-1.1422,-1.1443,-1.1428,1.0000,7.3645,0.7407,1.1970,1.1962,1.1878,1.0000
180.0774,7.6853,1.6443,-0.0829,8.6925,1.7123,-3.0645,-3.0654,-3.0605,1.0000,7.2506,2.5669,-1.1445,-1.1464,-1.1427,1.0000,7.3647,0.7501,1.1961,1.1957,1.1984,1.0000
180.3054,7.6853,1.6443,-0.0829,8.6966,1.7220,-3.0656,-3.0667,-3.0565,1.0000,7.2540,2.5763,-1.1466,-1.1484,-1.1468,1.0000,7.3650,0.7594,1.1957,1.1957,1.2009,1.0000
180.5083,7.6863,1.6550,-0.0829,8.7009,1.7316,-3.0668,-3.0681,-3.0711,1.0000,7.2575,2.5852,-1.1486,-1.1501,-1.1502,1.0000,7.3651,0.7687,1.1957,1.1960,1.2083,1.0000
180.7087,7.6873,1.6657,-0.0829,8.7053,1.7413,-3.0682,-3.0695,-3.0771,1.0000,7.2611,2.5936,-1.1503,-1.1515,-1.1310,1.0000,7.3653,0.7779,1.1960,1.1965,1.1972,1.0000
180.9167,7.6880,1.6763,-0.0829,8.7099,1.7510,-3.0698,-3.0704,-3.0771,1.0000,7.2647,2.6019,-1.1518,-1.1522,-1.1310,1.0000,7.3655,0.7871,1.1966,1.1969,1.1972,1.0000
181.1233,7.6884,1.6871,-0.0829,8.7144,1.7607,-3.0714,-3.0729,-3.0715,1.0000,7.2682,2.6105,-1.1531,-1.1542,-1.1489,1.0000,7.3656,0.7963,1.1976,1.1987,1.2081,1.0000
181.3268,7.6888,1.6978,-0.0829,8.7189,1.7704,-3.0730,-3.0746,-3.0674,1.0000,7.2716,2.6194,-1.1543,-1.1553,-1.1607,1.0000,7.3657,0.8054,1.1988,1.2002,1.2067,1.0000
181.5527,7.6907,1.7193,-0.0829,8.7234,1.7800,-3.0747,-3.0763,-3.0679,1.0000,7.2750,2.6283,-1.1554,-1.1564,-1.1726,1.0000,7.3658,0.8144,1.2003,1.2019,1.1948,1.0000
181.7536,7.6916,1.7300,-0.0829,8.7326,1.7994,-3.0781,-3.0790,-3.0694,1.0000,7.2819,2.6462,-1.1575,-1.1579,-1.1405,1.0000,7.3659,0.8325,1.2038,1.2048,1.1938,1.0000
181.9936,7.6921,1.7407,-0.0829,8.7369,1.8090,-3.0798,-3.0813,-3.0767,1.0000,7.2853,2.6551,-1.1584,-1.1593,-1.1653,1.0000,7.3660,0.8416,1.2057,1.2073,1.2046,1.0000
182.2283,7.6925,1.7514,-0.0829,8.7408,1.8185,-3.0814,-3.0829,-3.0695,1.0000,7.2887,2.6641,-1.1594,-1.1603,-1.1684,1.0000,7.3661,0.8506,1.2074,1.2090,1.2030,1.0000
182.4296,7.6940,1.7730,-0.0829,8.7443,1.8280,-3.0831,-3.0846,-3.0704,1.0000,7.2921,2.6731,-1.1604,-1.1614,-1.1764,1.0000,7.3662,0.8597,1.2092,1.2106,1.2030,1.0000
182.6480,7.6950,1.7836,-0.0829,8.7477,1.8374,-3.0847,-3.0862,-3.0548,1.0000,7.2955,2.6821,-1.1615,-1.1626,-1.1718,1.0000,7.3662,0.8687,1.2108,1.2121,1.2195,1.0000
182.8620,7.6958,1.7943,-0.0829,8.7506,1.8466,-3.0864,-3.0879,-3.0880,1.0000,7.2989,2.6911,-1.1627,-1.1638,-1.1706,1.0000,7.3663,0.8779,1.2122,1.2132,1.2254,1.0000
183.0684,7.6963,1.8050,-0.0829,8.7548,1.8649,-3.0899,-3.0909,-3.0952,1.0000,7.3056,2.7091,-1.1653,-1.1660,-1.1478,1.0000,7.3666,0.8962,1.2140,1.2142,1.2306,1.0000
183.2768,7.6967,1.8157,-0.0829,8.7566,1.8741,-3.0917,-3.0933,-3.0933,1.0000,7.3090,2.7181,-1.1668,-1.1682,-1.1478,1.0000,7.3668,0.9055,1.2144,1.2146,1.2306,1.0000
183.4862,7.6967,1.8157,-0.0829,8.7583,1.8834,-3.0935,-3.0952,-3.0718,1.0000,7.3123,2.7271,-1.1684,-1.1700,-1.1756,1.0000,7.3670,0.9148,1.2146,1.2145,1.2207,1.0000
183.7088,7.6984,1.8372,-0.0829,8.7599,1.8926,-3.0954,-3.0970,-3.0698,1.0000,7.3157,2.7360,-1.1702,-1.1719,-1.1799,1.0000,7.3672,0.9241,1.2145,1.2141,1.2215,1.0000
183.9159,7.6994,1.8479,-0.0829,8.7615,1.9020,-3.0972,-3.0988,-3.0714,1.0000,7.3191,2.7450,-1.1721,-1.1740,-1.1769,1.0000,7.3674,0.9335,1.2140,1.2134,1.2067,1.0000
184.1161,7.7000,1.8586,-0.0829,8.7628,1.9113,-3.0990,-3.1005,-3.0726,1.0000,7.3224,2.7539,-1.1742,-1.1762,-1.1626,1.0000,7.3677,0.9429,1.2133,1.2123,1.2241,1.0000
184.3576,7.7009,1.8801,-0.0829,8.7640,1.9206,-3.1007,-3.1023,-3.0725,1.0000,7.3258,2.7628,-1.1764,-1.1785,-1.1702,1.0000,7.3679,0.9524,1.2122,1.2111,1.2094,1.0000
184.5612,7.7018,1.8909,-0.0829,8.7661,1.9388,-3.1043,-3.1054,-3.0981,1.0000,7.3325,2.7807,-1.1812,-1.1825,-1.1723,1.0000,7.3685,0.9713,1.2096,1.2088,1.1973,1.0000
184.8084,7.7028,1.9016,-0.0829,8.7669,1.9477,-3.1061,-3.1077,-3.0926,1.0000,7.3359,2.7896,-1.1837,-1.1860,-1.1769,1.0000,7.3688,0.9809,1.2080,1.2067,1.2114,1.0000
185.0284,7.7037,1.9122,-0.0829,8.7674,1.9567,-3.1078,-3.1094,-3.1038,1.0000,7.3392,2.7985,-1.1862,-1.1884,-1.1780,1.0000,7.3691,0.9906,1.2065,1.2052,1.2308,1.0000
185.2306,7.7042,1.9229,-0.0829,8.7677,1.9656,-3.1096,-3.1111,-3.0973,1.0000,7.3426,2.8074,-1.1886,-1.1908,-1.1954,1.0000,7.3690,1.0010,1.2051,1.2041,1.2361,1.0000
185.4307,7.7046,1.9336,-0.0829,8.7680,1.9744,-3.1113,-3.1128,-3.0987,1.0000,7.3459,2.8164,-1.1910,-1.1931,-1.1931,1.0000,7.3688,1.0119,1.2039,1.2032,1.2064,1.0000
185.6323,7.7052,1.9444,-0.0829,8.7681,1.9831,-3.1130,-3.1140,-3.0987,1.0000,7.3492,2.8254,-1.1933,-1.1945,-1.1931,1.0000,7.3683,1.0231,1.2031,1.2028,1.2064,1.0000
185.8390,7.7062,1.9552,-0.0829,8.7682,1.9919,-3.1147,-3.1154,-3.1229,1.0000,7.3524,2.8344,-1.1956,-1.1962,-1.1960,1.0000,7.3676,1.0345,1.2026,1.2025,1.2129,1.0000
186.0419,7.7072,1.9658,-0.0829,8.7683,2.0008,-3.1165,-3.1167,-3.1062,1.0000,7.3557,2.8434,-1.1977,-1.1979,-1.1995,1.0000,7.3669,1.0461,1.2023,1.2023,1.2056,1.0000
186.2493,7.7079,1.9765,-0.0829,8.7682,2.0098,-3.1183,-3.1181,-3.1003,1.0000,7.3557,2.8434,-1.1977,-1.1995,-1.2050,1.0000,7.3669,1.0461,1.2023,1.2021,1.2121,1.0000
186.4499,7.7083,1.9872,-0.0829,8.7680,2.0186,-3.1200,-3.1204,-3.0917,1.0000,7.3621,2.8615,-1.2015,-1.2018,-1.1945,1.0000,7.3648,1.0703,1.2019,1.2019,1.2252,1.0000
186.6509,7.7088,1.9979,-0.0829,8.7677,2.0273,-3.1218,-3.1227,-3.1006,1.0000,7.3653,2.8707,-1.2032,-1.2040,-1.2005,1.0000,7.3636,1.0825,1.2017,1.2017,1.2271,1.0000
186.8993,7.7095,2.0087,-0.0829,8.7673,2.0361,-3.1236,-3.1253,-3.1202,1.0000,7.3684,2.8798,-1.2047,-1.2060,-1.1965,1.0000,7.3625,1.0944,1.2015,1.2013,1.1920,1.0000
187.1129,7.7106,2.0194,-0.0829,8.7669,2.0449,-3.1255,-3.1271,-3.1174,1.0000,7.3716,2.8890,-1.2062,-1.2074,-1.2004,1.0000,7.3615,1.1061,1.2012,1.2008,1.2101,1.0000
187.3383,7.7115,2.0301,-0.0829,8.7665,2.0538,-3.1273,-3.1289,-3.1152,1.0000,7.3747,2.8982,-1.2075,-1.2085,-1.1979,1.0000,7.3605,1.1177,1.2007,1.2001,1.2192,1.0000
187.5479,7.7121,2.0408,-0.0829,8.7661,2.0626,-3.1290,-3.1307,-3.0941,1.0000,7.3778,2.9074,-1.2086,-1.2096,-1.2045,1.0000,7.3595,1.1295,1.2000,1.1991,1.2085,1.0000
187.7793,7.7124,2.0515,-0.0829,8.7655,2.0714,-3.1309,-3.1325,-3.0927,1.0000,7.3808,2.9166,-1.2097,-1.2108,-1.2188,1.0000,7.3584,1.1413,1.1990,1.1978,1.2023,1.0000
187.9803,7.7139,2.0730,-0.0829,8.7648,2.0802,-3.1327,-3.1343,-3.1108,1.0000,7.3839,2.9259,-1.2109,-1.2120,-1.2233,1.0000,7.3575,1.1531,1.1976,1.1961,1.2067,1.0000
188.1809,7.7149,2.0837,-0.0829,8.7633,2.0980,-3.1362,-3.1371,-3.1227,1.0000,7.3900,2.9444,-1.2135,-1.2142,-1.2110,1.0000,7.3557,1.1767,1.1938,1.1929,1.1990,1.0000
188.3822,7.7157,2.0944,-0.0829,8.7626,2.1070,-3.1380,-3.1380,-3.1265,1.0000,7.3931,2.9536,-1.2149,-1.2149,-1.2466,1.0000,7.3557,1.1767,1.1938,1.1916,1.1786,1.0000
188.6068,7.7157,2.0944,-0.0829,8.7626,2.1070,-3.1380,-3.1396,-3.1249,1.0000,7.3931,2.9536,-1.2149,-1.2162,-1.2128,1.0000,7.3548,1.1885,1.1914,1.1889,1.1903,1.0000
188.8139,7.7162,2.1051,-0.0829,8.7620,2.1159,-3.1397,-3.1413,-3.1375,1.0000,7.3961,2.9628,-1.2164,-1.2179,-1.2079,1.0000,7.3539,1.2005,1.1887,1.1860,1.1851,1.0000
189.0261,7.7166,2.1158,-0.0829,8.7611,2.1248,-3.1415,3.1402,-3.1362,1.0000,7.3991,2.9720,-1.2180,-1.2197,-1.2183,1.0000,7.3530,1.2124,1.1857,1.1830,1.1825,1.0000
189.2315,7.7172,2.1266,-0.0829,8.7602,2.1338,3.1400,3.1385,-3.1379,1.0000,7.4022,2.9812,-1.2199,-1.2216,-1.2186,1.0000,7.3522,1.2243,1.1827,1.1799,1.1783,1.0000
189.4816,7.7183,2.1373,-0.0829,8.7594,2.1428,3.1383,3.1368,3.1147,1.0000,7.4052,2.9904,-1.2218,-1.2237,-1.2279,1.0000,7.3513,1.2362,1.1795,1.1766,1.1896,1.0000
189.7201,7.7193,2.1480,-0.0829,8.7587,2.1518,3.1366,3.1351,3.1281,1.0000,7.4082,2.9996,-1.2239,-1.2259,-1.2257,1.0000,7.3505,1.2482,1.1762,1.1732,1.1794,1.0000
189.9497,7.7199,2.1587,-0.0829,8.7581,2.1607,3.1349,3.1334,3.1279,1.0000,7.4112,3.0088,-1.2261,-1.2281,-1.2270,1.0000,7.3496,1.2601,1.1728,1.1698,1.1679,1.0000
190.1794,7.7203,2.1694,-0.0829,8.7574,2.1697,3.1332,3.1317,3.1401,1.0000,7.4142,3.0180,-1.2283,-1.2303,-1.2162,1.0000,7.3488,1.2721,1.1694,1.1665,1.1692,1.0000
190.4122,7.7208,2.1801,-0.0829,8.7566,2.1787,3.1316,3.1300,-3.1411,1.0000,7.4172,3.0272,-1.2305,-1.2325,-1.2222,1.0000,7.3479,1.2840,1.1662,1.1634,1.1502,1.0000
190.6483,7.7216,2.1909,-0.0829,8.7559,2.1877,3.1299,3.1284,3.1307,1.0000,7.4202,3.0363,-1.2328,-1.2348,-1.2420,1.0000,7.3470,1.2959,1.1631,1.1605,1.1654,1.0000
190.8618,7.7227,2.2016,-0.0829,8.7553,2.1966,3.1282,3.1267,3.1295,1.0000,7.4232,3.0456,-1.2350,-1.2370,-1.2215,1.0000,7.3461,1.3077,1.1602,1.1577,1.1584,1.0000
191.0626,7.7236,2.2123,-0.0829,8.7547,2.2056,3.1265,3.1257,3.1295,1.0000,7.4262,3.0548,-1.2372,-1.2382,-1.2215,1.0000,7.3451,1.3195,1.1575,1.1562,1.1584,1.0000
191.2633,7.7241,2.2230,-0.0829,8.7541,2.2145,3.1249,3.1247,3.1265,1.0000,7.4291,3.0640,-1.2393,-1.2395,-1.2308,1.0000,7.3441,1.3313,1.1549,1.1546,1.1733,1.0000
191.4836,7.7241,2.2230,-0.0829,8.7541,2.2145,3.1249,3.1234,3.1267,1.0000,7.4291,3.0640,-1.2393,-1.2411,-1.2225,1.0000,7.3441,1.3313,1.1549,1.1527,1.1586,1.0000
191.6870,7.7250,2.2445,-0.0829,8.7528,2.2324,3.1215,3.1217,3.1106,1.0000,7.4321,3.0733,-1.2413,-1.2431,-1.2417,1.0000,7.3431,1.3431,1.1525,1.1506,1.1510,1.0000
191.8983,7.7260,2.2552,-0.0829,8.7528,2.2324,3.1215,3.1200,3.1124,1.0000,7.4347,3.0827,-1.2433,-1.2450,-1.2411,1.0000,7.3420,1.3548,1.1504,1.1488,1.1427,1.0000
192.1012,7.7270,2.2659,-0.0829,8.7517,2.2503,3.1181,3.1182,3.1277,1.0000,7.4367,3.0925,-1.2452,-1.2469,-1.2437,1.0000,7.3410,1.3665,1.1486,1.1471,1.1610,1.0000
192.3016,7.7278,2.2766,-0.0830,8.7511,2.2592,3.1163,3.1161,3.1280,1.0000,7.4395,3.1136,-1.2486,-1.2486,-1.2421,1.0000,7.3387,1.3898,1.1455,1.1455,1.1598,1.0000
192.5108,7.7282,2.2873,-0.0830,8.7506,2.2681,3.1145,3.1138,3.1207,1.0000,7.4402,3.1247,-1.2501,-1.2505,-1.2519,1.0000,7.3375,1.4014,1.1442,1.1438,1.1491,1.0000
192.7109,7.7286,2.2980,-0.0830,8.7500,2.2770,3.1127,3.1118,3.1218,1.0000,7.4400,3.1365,-1.2514,-1.2518,-1.2390,1.0000,7.3363,1.4130,1.1429,1.1426,1.1658,1.0000
192.9152,7.7293,2.3088,-0.0830,8.7495,2.2859,3.1110,3.1103,3.1177,1.0000,7.4390,3.1490,-1.2525,-1.2529,-1.2432,1.0000,7.3351,1.4246,1.1417,1.1414,1.1694,1.0000
193.1540,7.7293,2.3088,-0.0830,8.7489,2.2948,3.1092,3.1077,3.1086,1.0000,7.4376,3.1619,-1.2536,-1.2544,-1.2441,1.0000,7.3339,1.4362,1.1406,1.1395,1.1616,1.0000
193.4008,7.7293,2.3088,-0.0830,8.7484,2.3037,3.1075,3.1060,3.1122,1.0000,7.4362,3.1747,-1.2544,-1.2550,-1.2407,1.0000,7.3326,1.4478,1.1394,1.1382,1.1464,1.0000
193.6290,7.7320,2.3409,-0.0830,8.7479,2.3126,3.1058,3.1042,3.1184,1.0000,7.4345,3.1877,-1.2550,-1.2553,-1.2389,1.0000,7.3314,1.4594,1.1381,1.1368,1.1475,1.0000
193.8302,7.7323,2.3516,-0.0830,8.7474,2.3215,3.1041,3.1025,3.1124,1.0000,7.4324,3.2010,-1.2553,-1.2552,-1.2416,1.0000,7.3301,1.4710,1.1366,1.1352,1.1445,1.0000
194.0415,7.7337,2.3731,-0.0830,8.7469,2.3304,3.1023,3.1007,3.1146,1.0000,7.4303,3.2143,-1.2552,-1.2547,-1.2523,1.0000,7.3288,1.4826,1.1351,1.1335,1.1272,1.0000
194.2435,7.7348,2.3838,-0.0830,8.7460,2.3481,3.0988,3.0974,3.0898,1.0000,7.4265,3.2403,-1.2536,-1.2526,-1.2577,1.0000,7.3263,1.5059,1.1316,1.1302,1.1480,1.0000
194.4658,7.7356,2.3945,-0.0830,8.7455,2.3570,3.0970,3.0954,3.0934,1.0000,7.4246,3.2533,-1.2521,-1.2502,-1.2471,1.0000,7.3251,1.5176,1.1296,1.1276,1.1368,1.0000
194.6816,7.7361,2.4052,-0.0830,8.7451,2.3658,3.0952,3.0936,3.0880,1.0000,7.4226,3.2664,-1.2500,-1.2477,-1.2504,1.0000,7.3238,1.5293,1.1274,1.1252,1.1229,1.0000
194.8870,7.7371,2.4266,-0.0829,8.7442,2.3836,3.0915,3.0908,3.0982,1.0000,7.4187,3.2926,-1.2445,-1.2436,-1.2698,1.0000,7.3213,1.5528,1.1224,1.1216,1.1275,1.0000
195.0871,7.7381,2.4374,-0.0829,8.7437,2.3924,3.0897,3.0891,3.0976,1.0000,7.4167,3.3058,-1.2412,-1.2402,-1.2585,1.0000,7.3200,1.5645,1.1198,1.1190,1.1148,1.0000
195.2875,7.7391,2.4481,-0.0829,8.7433,2.4013,3.0878,3.0869,3.0976,1.0000,7.4148,3.3190,-1.2376,-1.2361,-1.2585,1.0000,7.3188,1.5763,1.1170,1.1159,1.1148,1.0000
195.4888,7.7398,2.4588,-0.0829,8.7429,2.4101,3.0860,3.0852,3.1009,1.0000,7.4127,3.3322,-1.2338,-1.2322,-1.2503,1.0000,7.3175,1.5881,1.1142,1.1130,1.1140,1.0000
195.6890,7.7402,2.4694,-0.0829,8.7424,2.4189,3.0841,3.0829,3.0886,1.0000,7.4107,3.3454,-1.2299,-1.2275,-1.2552,1.0000,7.3162,1.5999,1.1112,1.1097,1.1112,1.0000
195.9249,7.7406,2.4802,-0.0829,8.7420,2.4278,3.0822,3.0804,3.0800,1.0000,7.4087,3.3586,-1.2259,-1.2225,-1.2436,1.0000,7.3149,1.6116,1.1082,1.1056,1.1134,1.0000
196.1618,7.7424,2.5017,-0.0829,8.7416,2.4366,3.0803,3.0785,3.0876,1.0000,7.4068,3.3717,-1.2222,-1.2189,-1.2439,1.0000,7.3136,1.6234,1.1053,1.1027,1.1022,1.0000
196.3631,7.7434,2.5124,-0.0829,8.7408,2.4542,3.0763,3.0748,3.1043,1.0000,7.4028,3.3979,-1.2151,-1.2128,-1.2428,1.0000,7.3109,1.6470,1.0995,1.0975,1.0941,1.0000
196.5637,7.7439,2.5231,-0.0829,8.7404,2.4630,3.0744,3.0726,3.0848,1.0000,7.4009,3.4109,-1.2119,-1.2092,-1.2311,1.0000,7.3096,1.6587,1.0967,1.0942,1.0878,1.0000
196.7814,7.7443,2.5338,-0.0829,8.7400,2.4718,3.0724,3.0706,3.0800,1.0000,7.3989,3.4239,-1.2089,-1.2066,-1.2207,1.0000,7.3082,1.6705,1.0940,1.0916,1.0781,1.0000
196.9986,7.7448,2.5445,-0.0829,8.7397,2.4806,3.0704,3.0686,3.0766,1.0000,7.3970,3.4368,-1.2064,-1.2044,-1.2212,1.0000,7.3068,1.6822,1.0914,1.0891,1.0783,1.0000
197.2210,7.7457,2.5553,-0.0829,8.7393,2.4894,3.0684,3.0666,3.0572,1.0000,7.3952,3.4496,-1.2042,-1.2026,-1.2101,1.0000,7.3053,1.6939,1.0889,1.0868,1.0748,1.0000
197.4220,7.7476,2.5767,-0.0829,8.7386,2.5069,3.0644,3.0646,3.0395,1.0000,7.3933,3.4624,-1.2024,-1.2011,-1.1955,1.0000,7.3038,1.7056,1.0866,1.0845,1.0680,1.0000
197.6327,7.7480,2.5873,-0.0829,8.7386,2.5069,3.0644,3.0625,3.0465,1.0000,7.3915,3.4751,-1.2009,-1.1999,-1.1783,1.0000,7.3023,1.7173,1.0843,1.0824,1.0781,1.0000
197.8554,7.7480,2.5873,-0.0829,8.7382,2.5157,3.0623,3.0605,3.0362,1.0000,7.3897,3.4878,-1.1998,-1.1990,-1.2010,1.0000,7.3008,1.7289,1.0822,1.0803,1.0747,1.0000
198.0565,7.7484,2.5981,-0.0829,8.7379,2.5244,3.0603,3.0585,3.0650,1.0000,7.3880,3.5004,-1.1990,-1.1985,-1.1949,1.0000,7.2992,1.7406,1.0801,1.0784,1.0804,1.0000
198.2647,7.7490,2.6088,-0.0829,8.7375,2.5332,3.0583,3.0565,3.0679,1.0000,7.3863,3.5129,-1.1985,-1.1983,-1.2083,1.0000,7.2976,1.7522,1.0782,1.0765,1.0764,1.0000
198.4695,7.7501,2.6196,-0.0829,8.7372,2.5419,3.0563,3.0546,3.0476,1.0000,7.3846,3.5254,-1.1983,-1.1982,-1.1854,1.0000,7.2960,1.7639,1.0764,1.0747,1.0694,1.0000
198.7092,7.7511,2.6303,-0.0829,8.7369,2.5507,3.0544,3.0525,3.0629,1.0000,7.3829,3.5379,-1.1982,-1.1981,-1.2029,1.0000,7.2944,1.7755,1.0745,1.0728,1.0694,1.0000
198.9097,7.7521,2.6516,-0.0829,8.7363,2.5681,3.0503,3.0503,3.0569,1.0000,7.3796,3.5629,-1.1980,-1.1980,-1.2106,1.0000,7.2927,1.7872,1.0726,1.0709,1.0631,1.0000
199.1139,7.7525,2.6624,-0.0829,8.7360,2.5769,3.0483,3.0474,3.0476,1.0000,7.3780,3.5753,-1.1980,-1.1979,-1.1890,1.0000,7.2893,1.8105,1.0686,1.0680,1.0454,1.0000
199.3161,7.7533,2.6731,-0.0829,8.7357,2.5856,3.0462,3.0454,3.0551,1.0000,7.3763,3.5878,-1.1978,-1.1978,-1.1955,1.0000,7.2876,1.8222,1.0665,1.0659,1.0365,1.0000
199.5290,7.7544,2.6838,-0.0829,8.7354,2.5943,3.0441,3.0429,3.0384,1.0000,7.3747,3.6003,-1.1975,-1.1973,-1.1934,1.0000,7.2859,1.8339,1.0643,1.0631,1.0442,1.0000
199.7301,7.7553,2.6945,-0.0829,8.7351,2.6030,3.0420,3.0412,3.0384,1.0000,7.3730,3.6128,-1.1969,-1.1967,-1.1934,1.0000,7.2842,1.8456,1.0618,1.0611,1.0442,1.0000
199.9359,7.7558,2.7052,-0.0829,8.7348,2.6117,3.0399,3.0387,3.0443,1.0000,7.3714,3.6254,-1.1960,-1.1955,-1.1909,1.0000,7.2825,1.8573,1.0592,1.0579,1.0248,1.0000
200.1696,7.7561,2.7159,-0.0829,8.7346,2.6204,3.0378,3.0359,3.0362,1.0000,7.3697,3.6380,-1.1949,-1.1936,-1.1904,1.0000,7.2808,1.8691,1.0565,1.0539,1.0445,1.0000
200.3950,7.7567,2.7267,-0.0829,8.7343,2.6291,3.0357,3.0338,3.0433,1.0000,7.3680,3.6506,-1.1934,-1.1920,-1.1969,1.0000,7.2791,1.8809,1.0537,1.0511,1.0465,1.0000
200.5992,7.7588,2.7482,-0.0829,8.7340,2.6378,3.0336,3.0317,3.0356,1.0000,7.3663,3.6633,-1.1918,-1.1901,-1.1920,1.0000,7.2773,1.8927,1.0508,1.0481,1.0541,1.0000
200.8080,7.7595,2.7588,-0.0829,8.7338,2.6464,3.0315,3.0296,3.0322,1.0000,7.3646,3.6760,-1.1899,-1.1879,-1.2020,1.0000,7.2756,1.9045,1.0478,1.0450,1.0474,1.0000
201.0103,7.7599,2.7695,-0.0829,8.7333,2.6638,3.0272,3.0256,3.0046,1.0000,7.3611,3.7014,-1.1853,-1.1835,-1.1804,1.0000,7.2720,1.9281,1.0416,1.0395,1.0598,1.0000
201.2249,7.7602,2.7802,-0.0829,8.7331,2.6724,3.0251,3.0232,2.9935,1.0000,7.3594,3.7142,-1.1827,-1.1803,-1.1820,1.0000,7.2702,1.9399,1.0386,1.0358,1.0586,1.0000
201.4281,7.7620,2.8017,-0.0829,8.7326,2.6897,3.0209,3.0190,3.0160,1.0000,7.3559,3.7397,-1.1773,-1.1749,-1.1758,1.0000,7.2666,1.9635,1.0324,1.0297,1.0297,1.0000
201.6295,7.7630,2.8124,-0.0829,8.7324,2.6983,3.0188,3.0169,3.0120,1.0000,7.3542,3.7521,-1.1746,-1.1722,-1.1801,1.0000,7.2647,1.9753,1.0293,1.0265,1.0329,1.0000
201.8331,7.7639,2.8338,-0.0829,8.7320,2.7156,3.0146,3.0140,3.0228,1.0000,7.3511,3.7752,-1.1695,-1.1689,-1.1704,1.0000,7.2609,1.9990,1.0231,1.0222,1.0179,1.0000
202.0349,7.7643,2.8445,-0.0829,8.7318,2.7242,3.0125,3.0112,3.0000,1.0000,7.3497,3.7863,-1.1674,-1.1664,-1.1836,1.0000,7.2590,2.0108,1.0201,1.0186,1.0252,1.0000
202.2355,7.7652,2.8553,-0.0829,8.7316,2.7328,3.0104,3.0095,3.0019,1.0000,7.3484,3.7968,-1.1655,-1.1648,-1.1815,1.0000,7.2571,2.0226,1.0171,1.0159,1.0366,1.0000
202.4364,7.7663,2.8660,-0.0829,8.7314,2.7414,3.0082,3.0073,2.9888,1.0000,7.3473,3.8072,-1.1638,-1.1633,-1.1775,1.0000,7.2551,2.0345,1.0141,1.0133,1.0136,1.0000
202.6366,7.7672,2.8767,-0.0829,8.7312,2.7500,3.0059,3.0059,2.9888,1.0000,7.3461,3.8173,-1.1623,-1.1623,-1.1775,1.0000,7.2530,2.0463,1.0112,1.0115,1.0136,1.0000
202.8367,7.7672,2.8767,-0.0829,8.7312,2.7500,3.0059,3.0038,3.0105,1.0000,7.3461,3.8173,-1.1623,-1.1612,-1.1578,1.0000,7.2530,2.0463,1.0112,1.0086,1.0153,1.0000
203.0730,7.7676,2.8874,-0.0829,8.7310,2.7586,3.0036,3.0015,3.0259,1.0000,7.3450,3.8272,-1.1610,-1.1601,-1.1569,1.0000,7.2510,2.0581,1.0083,1.0057,0.9953,1.0000
203.3208,7.7679,2.8981,-0.0829,8.7308,2.7672,3.0012,2.9991,3.0232,1.0000,7.3439,3.8369,-1.1600,-1.1592,-1.1581,1.0000,7.2489,2.0699,1.0055,1.0029,1.0028,1.0000
203.5542,7.7685,2.9088,-0.0829,8.7306,2.7758,2.9988,2.9966,3.0242,1.0000,7.3428,3.8464,-1.1591,-1.1585,-1.1355,1.0000,7.2468,2.0818,1.0026,1.0001,1.0034,1.0000
203.7917,7.7695,2.9196,-0.0829,8.7304,2.7843,2.9964,2.9942,3.0037,1.0000,7.3417,3.8565,-1.1584,-1.1578,-1.1657,1.0000,7.2446,2.0936,0.9998,0.9973,1.0103,1.0000
203.9947,7.7706,2.9303,-0.0829,8.7302,2.7929,2.9939,2.9917,2.9891,1.0000,7.3406,3.8667,-1.1577,-1.1571,-1.1647,1.0000,7.2425,2.1054,0.9970,0.9945,1.0034,1.0000
204.2167,7.7716,2.9517,-0.0829,8.7298,2.8100,2.9890,2.9893,2.9891,1.0000,7.3395,3.8768,-1.1570,-1.1563,-1.1406,1.0000,7.2403,2.1173,0.9942,0.9916,0.9887,1.0000
204.4323,7.7720,2.9624,-0.0829,8.7296,2.8185,2.9866,2.9861,2.9946,1.0000,7.3373,3.8965,-1.1554,-1.1553,-1.1582,1.0000,7.2359,2.1410,0.9883,0.9880,0.9798,1.0000
204.6569,7.7728,2.9732,-0.0829,8.7296,2.8185,2.9866,2.9845,2.9890,1.0000,7.3373,3.8965,-1.1554,-1.1545,-1.1477,1.0000,7.2359,2.1410,0.9883,0.9856,0.9811,1.0000
204.8590,7.7739,2.9839,-0.0829,8.7293,2.8356,2.9818,2.9804,2.9805,1.0000,7.3351,3.9170,-1.1532,-1.1525,-1.1272,1.0000,7.2313,2.1648,0.9823,0.9808,0.9920,1.0000
205.0779,7.7749,2.9946,-0.0829,8.7291,2.8441,2.9795,2.9774,2.9766,1.0000,7.3339,3.9274,-1.1518,-1.1504,-1.1601,1.0000,7.2290,2.1767,0.9792,0.9764,0.9733,1.0000
205.3012,7.7754,3.0053,-0.0829,8.7290,2.8526,2.9771,2.9750,2.9683,1.0000,7.3328,3.9378,-1.1503,-1.1487,-1.1264,1.0000,7.2268,2.1886,0.9761,0.9733,0.9829,1.0000
205.5028,7.7762,3.0267,-0.0829,8.7287,2.8696,2.9724,2.9727,2.9779,1.0000,7.3316,3.9482,-1.1486,-1.1469,-1.1189,1.0000,7.2244,2.2006,0.9730,0.9701,0.9713,1.0000
205.7091,7.7771,3.0374,-0.0829,8.7286,2.8781,2.9701,2.9682,2.9899,1.0000,7.3293,3.9691,-1.1448,-1.1433,-1.1347,1.0000,7.2198,2.2245,0.9665,0.9642,0.9792,1.0000
205.9543,7.7782,3.0482,-0.0829,8.7284,2.8866,2.9678,2.9656,2.9853,1.0000,7.3281,3.9796,-1.1427,-1.1407,-1.1243,1.0000,7.2174,2.2364,0.9632,0.9602,0.9789,1.0000
206.1649,7.7790,3.0588,-0.0829,8.7283,2.8951,2.9654,2.9633,2.9767,1.0000,7.3269,3.9901,-1.1405,-1.1384,-1.1306,1.0000,7.2150,2.2484,0.9599,0.9569,0.9515,1.0000
206.3702,7.7797,3.0802,-0.0829,8.7280,2.9120,2.9607,2.9602,2.9690,1.0000,7.3245,4.0111,-1.1358,-1.1355,-1.1291,1.0000,7.2101,2.2724,0.9531,0.9528,0.9625,1.0000
206.5782,7.7804,3.0910,-0.0829,8.7279,2.9205,2.9583,2.9569,2.9764,1.0000,7.3234,4.0216,-1.1333,-1.1321,-1.1404,1.0000,7.2077,2.2844,0.9498,0.9481,0.9565,1.0000
206.7934,7.7815,3.1017,-0.0829,8.7278,2.9289,2.9559,2.9538,2.9776,1.0000,7.3222,4.0321,-1.1308,-1.1286,-1.1419,1.0000,7.2052,2.2964,0.9464,0.9434,0.9536,1.0000
206.9963,7.7825,3.1124,-0.0829,8.7277,2.9373,2.9535,2.9514,2.9482,1.0000,7.3210,4.0426,-1.1283,-1.1261,-1.1318,1.0000,7.2026,2.3084,0.9431,0.9401,0.9312,1.0000
207.1989,7.7831,3.1231,-0.0829,8.7276,2.9458,2.9511,2.9489,2.9491,1.0000,7.3198,4.0531,-1.1258,-1.1236,-1.1325,1.0000,7.2001,2.3204,0.9398,0.9367,0.9532,1.0000
207.3993,7.7838,3.1445,-0.0829,8.7273,2.9626,2.9463,2.9451,2.9649,1.0000,7.3175,4.0740,-1.1210,-1.1201,-1.1484,1.0000,7.1949,2.3445,0.9330,0.9317,0.9461,1.0000
207.6013,7.7847,3.1553,-0.0829,8.7272,2.9713,2.9438,2.9426,2.9516,1.0000,7.3164,4.0844,-1.1188,-1.1180,-1.1366,1.0000,7.1923,2.3566,0.9296,0.9283,0.9378,1.0000
207.8410,7.7858,3.1660,-0.0829,8.7271,2.9804,2.9414,2.9392,2.9456,1.0000,7.3153,4.0948,-1.1168,-1.1150,-1.1184,1.0000,7.1896,2.3687,0.9262,0.9231,0.9044,1.0000
208.0705,7.7872,3.1873,-0.0829,8.7269,2.9892,2.9390,2.9368,2.9515,1.0000,7.3142,4.1052,-1.1149,-1.1132,-1.1258,1.0000,7.1869,2.3807,0.9228,0.9196,0.9080,1.0000
208.2947,7.7874,3.1980,-0.0829,8.7267,3.0072,2.9342,2.9328,2.9468,1.0000,7.3120,4.1260,-1.1112,-1.1103,-1.1030,1.0000,7.1814,2.4050,0.9158,0.9140,0.9170,1.0000
208.5350,7.7880,3.2088,-0.0829,8.7265,3.0174,2.9319,2.9300,2.9345,1.0000,7.3110,4.1363,-1.1095,-1.1081,-1.1250,1.0000,7.1787,2.4171,0.9122,0.9090,0.9058,1.0000
208.7537,7.7890,3.2195,-0.0829,8.7263,3.0281,2.9297,2.9280,2.9468,1.0000,7.3100,4.1466,-1.1080,-1.1067,-1.1162,1.0000,7.1759,2.4292,0.9087,0.9054,0.9096,1.0000
208.9552,7.7908,3.2409,-0.0829,8.7261,3.0506,2.9262,2.9259,2.9385,1.0000,7.3080,4.1671,-1.1052,-1.1049,-1.1038,1.0000,7.1702,2.4536,0.9014,0.9011,0.8961,1.0000
209.1557,7.7911,3.2516,-0.0829,8.7260,3.0625,2.9248,2.9240,2.9215,1.0000,7.3071,4.1771,-1.1039,-1.1030,-1.1000,1.0000,7.1673,2.4657,0.8978,0.8952,0.9236,1.0000
209.3997,7.7915,3.2623,-0.0829,8.7259,3.0745,2.9239,2.9234,2.9235,1.0000,7.3064,4.1864,-1.1027,-1.1018,-1.1063,1.0000,7.1647,2.4780,0.8941,0.8907,0.9179,1.0000
209.6321,7.7922,3.2731,-0.0829,8.7259,3.0868,2.9233,2.9232,2.9158,1.0000,7.3058,4.1954,-1.1017,-1.1009,-1.0884,1.0000,7.1626,2.4902,0.8903,0.8870,0.9088,1.0000
209.8375,7.7943,3.2945,-0.0829,8.7260,3.0992,2.9232,2.9234,2.9275,1.0000,7.3052,4.2043,-1.1008,-1.1001,-1.0906,1.0000,7.1609,2.5024,0.8866,0.8832,0.8974,1.0000
210.0531,7.7948,3.3052,-0.0829,8.7262,3.1112,2.9235,2.9240,2.9241,1.0000,7.3048,4.2132,-1.1000,-1.0992,-1.1012,1.0000,7.1598,2.5147,0.8829,0.8795,0.8956,1.0000
210.2666,7.7951,3.3159,-0.0829,8.7263,3.1229,2.9241,2.9250,2.9154,1.0000,7.3045,4.2216,-1.0992,-1.0983,-1.1039,1.0000,7.1590,2.5269,0.8791,0.8758,0.8887,1.0000
210.4905,7.7956,3.3266,-0.0829,8.7265,3.1342,2.9251,2.9263,2.9420,1.0000,7.3043,4.2297,-1.0983,-1.0974,-1.0811,1.0000,7.1583,2.5390,0.8754,0.8722,0.8969,1.0000
210.6940,7.7965,3.3374,-0.0829,8.7267,3.1455,2.9265,2.9280,2.9353,1.0000,7.3041,4.2378,-1.0973,-1.0964,-1.0928,1.0000,7.1580,2.5511,0.8718,0.8688,0.8661,1.0000
210.9004,7.7976,3.3481,-0.0829,8.7270,3.1567,2.9282,2.9299,2.9313,1.0000,7.3038,4.2461,-1.0963,-1.0952,-1.1105,1.0000,7.1584,2.5630,0.8684,0.8655,0.8764,1.0000
211.1078,7.7984,3.3588,-0.0829,8.7277,3.1791,2.9324,2.9345,2.9327,1.0000,7.3032,4.2632,-1.0938,-1.0925,-1.0814,1.0000,7.1598,2.5866,0.8623,0.8598,0.8860,1.0000
211.3280,7.7988,3.3694,-0.0829,8.7281,3.1902,2.9347,2.9368,2.9331,1.0000,7.3029,4.2717,-1.0923,-1.0909,-1.0801,1.0000,7.1604,2.5983,0.8596,0.8575,0.8705,1.0000
211.5756,7.7991,3.3802,-0.0829,8.7284,3.2014,2.9371,2.9391,2.9521,1.0000,7.3027,4.2802,-1.0907,-1.0891,-1.0844,1.0000,7.1610,2.6098,0.8573,0.8558,0.8587,1.0000
211.7759,7.7997,3.3909,-0.0829,8.7288,3.2125,2.9394,2.9413,2.9565,1.0000,7.3023,4.2888,-1.0889,-1.0872,-1.0786,1.0000,7.1617,2.6212,0.8556,0.8545,0.8649,1.0000
212.0249,7.8008,3.4017,-0.0829,8.7291,3.2236,2.9415,2.9433,2.9447,1.0000,7.3020,4.2975,-1.0870,-1.0852,-1.0979,1.0000,7.1626,2.6325,0.8544,0.8538,0.8498,1.0000
212.2311,7.8018,3.4124,-0.0829,8.7294,3.2348,2.9435,2.9451,2.9484,1.0000,7.3017,4.3062,-1.0850,-1.0829,-1.0883,1.0000,7.1639,2.6437,0.8538,0.8536,0.8536,1.0000
212.4323,7.8028,3.4337,-0.0829,8.7300,3.2572,2.9468,2.9476,2.9402,1.0000,7.3010,4.3236,-1.0803,-1.0791,-1.0869,1.0000,7.1678,2.6662,0.8540,0.8542,0.8543,1.0000
212.6726,7.8031,3.4444,-0.0829,8.7302,3.2683,2.9481,2.9490,2.9362,1.0000,7.3007,4.3323,-1.0779,-1.0756,-1.0606,1.0000,7.1698,2.6774,0.8546,0.8555,0.8585,1.0000
212.8972,7.8039,3.4552,-0.0829,8.7304,3.2795,2.9490,2.9497,2.9407,1.0000,7.3004,4.3411,-1.0754,-1.0731,-1.0773,1.0000,7.1722,2.6885,0.8556,0.8568,0.8490,1.0000
213.1053,7.8060,3.4766,-0.0829,8.7306,3.3020,2.9503,2.9502,2.9308,1.0000,7.3000,4.3498,-1.0728,-1.0705,-1.0707,1.0000,7.1759,2.6996,0.8569,0.8583,0.8686,1.0000
213.3162,7.8064,3.4873,-0.0829,8.7306,3.3020,2.9503,2.9505,2.9377,1.0000,7.2997,4.3585,-1.0703,-1.0680,-1.0890,1.0000,7.1801,2.7107,0.8585,0.8600,0.8653,1.0000
213.5201,7.8067,3.4980,-0.0829,8.7307,3.3244,2.9504,2.9502,2.9413,1.0000,7.2991,4.3760,-1.0651,-1.0639,-1.0958,1.0000,7.1877,2.7326,0.8620,0.8630,0.8662,1.0000
213.7588,7.8072,3.5087,-0.0829,8.7308,3.3357,2.9500,2.9495,2.9478,1.0000,7.2988,4.3847,-1.0626,-1.0604,-1.0666,1.0000,7.1916,2.7435,0.8641,0.8662,0.8675,1.0000
214.0044,7.8081,3.5195,-0.0829,8.7307,3.3469,2.9494,2.9487,2.9363,1.0000,7.2985,4.3934,-1.0601,-1.0580,-1.0663,1.0000,7.1957,2.7541,0.8665,0.8688,0.8689,1.0000
214.2090,7.8100,3.5409,-0.0829,8.7307,3.3582,2.9486,2.9478,2.9347,1.0000,7.2982,4.4021,-1.0578,-1.0558,-1.0830,1.0000,7.1997,2.7647,0.8691,0.8716,0.8572,1.0000
214.4246,7.8104,3.5516,-0.0829,8.7307,3.3695,2.9477,2.9469,2.9356,1.0000,7.2980,4.4107,-1.0555,-1.0536,-1.0749,1.0000,7.2034,2.7751,0.8719,0.8746,0.8572,1.0000
214.6255,7.8107,3.5623,-0.0829,8.7306,3.3920,2.9459,2.9459,2.9434,1.0000,7.2975,4.4280,-1.0513,-1.0513,-1.0785,1.0000,7.2103,2.7960,0.8780,0.8777,0.8591,1.0000
214.8365,7.8113,3.5730,-0.0829,8.7306,3.3920,2.9459,2.9451,2.9522,1.0000,7.2975,4.4280,-1.0513,-1.0495,-1.0594,1.0000,7.2103,2.7960,0.8780,0.8809,0.8554,1.0000
215.0366,7.8124,3.5838,-0.0829,8.7305,3.4145,2.9441,2.9438,2.9424,1.0000,7.2971,4.4452,-1.0474,-1.0468,-1.0506,1.0000,7.2173,2.8168,0.8845,0.8855,0.8758,1.0000
215.2382,7.8134,3.5945,-0.0829,8.7305,3.4257,2.9433,2.9430,2.9424,1.0000,7.2970,4.4537,-1.0456,-1.0453,-1.0506,1.0000,7.2208,2.8272,0.8878,0.8885,0.8902,1.0000
215.4391,7.8140,3.6051,-0.0829,8.7305,3.4370,2.9426,2.9424,2.9574,1.0000,7.2968,4.4622,-1.0439,-1.0438,-1.0463,1.0000,7.2242,2.8376,0.8911,0.8914,0.8872,1.0000
215.6469,7.8143,3.6158,-0.0829,8.7305,3.4482,2.9421,2.9420,2.9425,1.0000,7.2967,4.4708,-1.0424,-1.0421,-1.0358,1.0000,7.2277,2.8481,0.8944,0.8947,0.8923,1.0000
215.8522,7.8147,3.6266,-0.0829,8.7305,3.4594,2.9418,2.9418,2.9385,1.0000,7.2967,4.4708,-1.0424,-1.0411,-1.0462,1.0000,7.2277,2.8481,0.8944,0.8972,0.8810,1.0000
216.0553,7.8156,3.6373,-0.0829,8.7306,3.4706,2.9418,2.9419,2.9441,1.0000,7.2965,4.4877,-1.0397,-1.0395,-1.0420,1.0000,7.2346,2.8690,0.9007,0.9010,0.8766,1.0000
216.2556,7.8167,3.6481,-0.0829,8.7308,3.4818,2.9421,2.9424,2.9484,1.0000,7.2965,4.4962,-1.0384,-1.0379,-1.0262,1.0000,7.2381,2.8795,0.9038,0.9050,0.8900,1.0000
216.4561,7.8176,3.6587,-0.0829,8.7309,3.4930,2.9428,2.9430,2.9543,1.0000,7.2964,4.5046,-1.0371,-1.0369,-1.0390,1.0000,7.2417,2.8900,0.9067,0.9073,0.9184,1.0000
216.6737,7.8180,3.6694,-0.0829,8.7309,3.4930,2.9428,2.9435,2.9510,1.0000,7.2964,4.5046,-1.0371,-1.0360,-1.0215,1.0000,7.2417,2.8900,0.9067,0.9092,0.9184,1.0000
216.8997,7.8183,3.6801,-0.0829,8.7311,3.5042,2.9436,2.9446,2.9519,1.0000,7.2964,4.5131,-1.0359,-1.0348,-1.0312,1.0000,7.2452,2.9005,0.9095,0.9119,0.9124,1.0000
217.1090,7.8188,3.6909,-0.0829,8.7316,3.5265,2.9461,2.9459,2.9576,1.0000,7.2963,4.5215,-1.0347,-1.0337,-1.0044,1.0000,7.2488,2.9111,0.9122,0.9145,0.9211,1.0000
217.3097,7.8199,3.7016,-0.0829,8.7319,3.5377,2.9475,2.9475,2.9641,1.0000,7.2963,4.5383,-1.0324,-1.0325,-1.0330,1.0000,7.2524,2.9216,0.9147,0.9170,0.9252,1.0000
217.5170,7.8199,3.7016,-0.0829,8.7319,3.5377,2.9475,2.9488,2.9562,1.0000,7.2963,4.5383,-1.0324,-1.0313,-1.0372,1.0000,7.2560,2.9322,0.9172,0.9193,0.9163,1.0000
217.7194,7.8210,3.7123,-0.0829,8.7322,3.5489,2.9489,2.9502,2.9502,1.0000,7.2963,4.5467,-1.0312,-1.0300,-1.0455,1.0000,7.2597,2.9428,0.9195,0.9215,0.9198,1.0000
217.9561,7.8217,3.7230,-0.0829,8.7324,3.5600,2.9504,2.9516,2.9548,1.0000,7.2963,4.5552,-1.0298,-1.0286,-1.0324,1.0000,7.2634,2.9534,0.9217,0.9235,0.9092,1.0000
218.1900,7.8220,3.7337,-0.0829,8.7327,3.5712,2.9517,2.9529,2.9490,1.0000,7.2963,4.5636,-1.0284,-1.0271,-1.0379,1.0000,7.2671,2.9641,0.9236,0.9254,0.9259,1.0000
218.3960,7.8223,3.7444,-0.0829,8.7329,3.5824,2.9530,2.9541,2.9495,1.0000,7.2963,4.5720,-1.0269,-1.0255,-1.0263,1.0000,7.2708,2.9748,0.9255,0.9272,0.9341,1.0000
218.6206,7.8230,3.7551,-0.0829,8.7332,3.5936,2.9543,2.9553,2.9518,1.0000,7.2963,4.5805,-1.0253,-1.0239,-1.0263,1.0000,7.2745,2.9854,0.9274,0.9291,0.9341,1.0000
218.8245,7.8241,3.7659,-0.0829,8.7334,3.6048,2.9554,2.9559,2.9518,1.0000,7.2963,4.5889,-1.0237,-1.0232,-1.0409,1.0000,7.2783,2.9961,0.9293,0.9299,0.9427,1.0000
219.0641,7.8241,3.7659,-0.0829,8.7334,3.6048,2.9554,2.9564,2.9413,1.0000,7.2963,4.5889,-1.0237,-1.0221,-1.0229,1.0000,7.2783,2.9961,0.9293,0.9310,0.9295,1.0000
219.2722,7.8251,3.7762,-0.0829,8.7336,3.6160,2.9565,2.9574,2.9466,1.0000,7.2963,4.5974,-1.0219,-1.0201,-1.0197,1.0000,7.2820,3.0068,0.9312,0.9329,0.9233,1.0000
219.4782,7.8255,3.7857,-0.0829,8.7338,3.6272,2.9575,2.9580,2.9466,1.0000,7.2963,4.6058,-1.0199,-1.0189,-1.0197,1.0000,7.2858,3.0175,0.9331,0.9340,0.9233,1.0000
219.6945,7.8255,3.7857,-0.0829,8.7338,3.6272,2.9575,2.9582,2.9462,1.0000,7.2963,4.6058,-1.0199,-1.0181,-1.0272,1.0000,7.2858,3.0175,0.9331,0.9348,0.9358,1.0000
219.9020,7.8256,3.7941,-0.0830,8.7340,3.6384,2.9583,2.9590,2.9657,1.0000,7.2962,4.6143,-1.0179,-1.0160,-1.0341,1.0000,7.2896,3.0281,0.9350,0.9369,0.9342,1.0000
220.1244,7.8258,3.8016,-0.0831,8.7341,3.6496,2.9590,2.9596,2.9540,1.0000,7.2962,4.6228,-1.0158,-1.0140,-1.0112,1.0000,7.2933,3.0388,0.9371,0.9392,0.9242,1.0000
220.3577,7.8264,3.8083,-0.0833,8.7343,3.6609,2.9597,2.9603,2.9627,1.0000,7.2962,4.6313,-1.0137,-1.0119,-1.0172,1.0000,7.2971,3.0495,0.9394,0.9415,0.9410,1.0000
220.5630,7.8272,3.8144,-0.0836,8.7344,3.6721,2.9604,2.9610,2.9573,1.0000,7.2962,4.6397,-1.0117,-1.0098,-1.0065,1.0000,7.3009,3.0601,0.9417,0.9438,0.9373,1.0000
220.8022,7.8277,3.8203,-0.0839,8.7346,3.6833,2.9611,2.9619,2.9592,1.0000,7.2963,4.6482,-1.0096,-1.0079,-0.9966,1.0000,7.3046,3.0708,0.9440,0.9460,0.9411,1.0000
221.0421,7.8278,3.8359,-0.0844,8.7348,3.6946,2.9620,2.9630,2.9540,1.0000,7.2963,4.6566,-1.0077,-1.0061,-0.9938,1.0000,7.3084,3.0814,0.9462,0.9481,0.9382,1.0000
221.2427,7.8284,3.8463,-0.0846,8.7353,3.7170,2.9647,2.9657,2.9433,1.0000,7.2964,4.6734,-1.0045,-1.0040,-0.9937,1.0000,7.3153,3.1017,0.9502,0.9509,0.9418,1.0000
221.4468,7.8296,3.8579,-0.0847,8.7356,3.7283,2.9668,2.9682,2.9406,1.0000,7.2966,4.6817,-1.0035,-1.0031,-1.0101,1.0000,7.3182,3.1112,0.9518,0.9525,0.9515,1.0000
221.6887,7.8308,3.8698,-0.0849,8.7360,3.7395,2.9693,2.9720,2.9652,1.0000,7.2967,4.6899,-1.0028,-1.0026,-0.9964,1.0000,7.3212,3.1206,0.9531,0.9541,0.9593,1.0000
221.9134,7.8315,3.8815,-0.0849,8.7365,3.7507,2.9723,2.9754,2.9808,1.0000,7.2969,4.6981,-1.0025,-1.0025,-0.9994,1.0000,7.3242,3.1301,0.9541,0.9550,0.9459,1.0000
222.1230,7.8321,3.9032,-0.0850,8.7370,3.7619,2.9758,2.9792,2.9680,1.0000,7.2972,4.7063,-1.0025,-1.0027,-0.9970,1.0000,7.3266,3.1388,0.9550,0.9558,0.9606,1.0000
222.3235,7.8330,3.9138,-0.0850,8.7382,3.7844,2.9837,2.9849,2.9627,1.0000,7.2977,4.7225,-1.0032,-1.0034,-0.9969,1.0000,7.3297,3.1544,0.9566,0.9568,0.9585,1.0000
222.5292,7.8341,3.9245,-0.0850,8.7388,3.7956,2.9878,2.9882,2.9826,1.0000,7.2980,4.7306,-1.0038,-1.0038,-0.9719,1.0000,7.3297,3.1544,0.9566,0.9573,0.9477,1.0000
222.7447,7.8351,3.9352,-0.0850,8.7394,3.8069,2.9917,2.9951,2.9832,1.0000,7.2984,4.7387,-1.0042,-1.0045,-0.9944,1.0000,7.3309,3.1684,0.9580,0.9585,0.9601,1.0000
222.9600,7.8355,3.9458,-0.0850,8.7399,3.8181,2.9954,2.9984,2.9830,1.0000,7.2987,4.7468,-1.0045,-1.0045,-1.0082,1.0000,7.3308,3.1754,0.9586,0.9593,0.9607,1.0000
223.1603,7.8357,3.9562,-0.0849,8.7404,3.8294,2.9987,3.0005,2.9938,1.0000,7.2989,4.7550,-1.0045,-1.0044,-1.0054,1.0000,7.3298,3.1819,0.9594,0.9598,0.9534,1.0000
223.3607,7.8362,3.9667,-0.0848,8.7408,3.8408,3.0015,3.0036,3.0017,1.0000,7.2992,4.7631,-1.0043,-1.0040,-0.9986,1.0000,7.3277,3.1881,0.9604,0.9614,0.9385,1.0000
223.5634,7.8372,3.9773,-0.0847,8.7411,3.8521,3.0038,3.0051,2.9944,1.0000,7.2995,4.7713,-1.0039,-1.0035,-1.0161,1.0000,7.3247,3.1947,0.9618,0.9630,0.9513,1.0000
223.8063,7.8383,3.9882,-0.0846,8.7413,3.8635,3.0054,3.0063,3.0080,1.0000,7.2997,4.7796,-1.0032,-1.0022,-1.0043,1.0000,7.3209,3.2020,0.9636,0.9656,0.9430,1.0000
224.0236,7.8391,3.9991,-0.0845,8.7415,3.8749,3.0064,3.0067,3.0109,1.0000,7.2999,4.7879,-1.0021,-1.0007,-1.0008,1.0000,7.3165,3.2101,0.9659,0.9682,0.9634,1.0000
224.2450,7.8394,4.0097,-0.0844,8.7415,3.8863,3.0067,3.0066,3.0063,1.0000,7.3001,4.7962,-1.0005,-0.9987,-1.0017,1.0000,7.3118,3.2188,0.9685,0.9711,0.9872,1.0000
224.4511,7.8397,4.0202,-0.0842,8.7415,3.8977,3.0065,3.0060,3.0035,1.0000,7.3002,4.8046,-0.9984,-0.9963,-1.0228,1.0000,7.3069,3.2282,0.9713,0.9739,0.9739,1.0000
224.6910,7.8403,4.0308,-0.0841,8.7414,3.9092,3.0059,3.0051,3.0057,1.0000,7.3003,4.8130,-0.9961,-0.9937,-1.0152,1.0000,7.3019,3.2385,0.9741,0.9763,0.9722,1.0000
224.9182,7.8415,4.0416,-0.0839,8.7413,3.9207,3.0050,3.0038,2.9996,1.0000,7.3004,4.8215,-0.9934,-0.9907,-1.0156,1.0000,7.2971,3.2496,0.9766,0.9783,0.9775,1.0000
225.1359,7.8425,4.0525,-0.0838,8.7412,3.9321,3.0037,3.0023,3.0083,1.0000,7.3004,4.8300,-0.9904,-0.9875,-0.9941,1.0000,7.2927,3.2611,0.9784,0.9794,0.9715,1.0000
225.3441,7.8431,4.0633,-0.0836,8.7410,3.9436,3.0021,3.0005,3.0257,1.0000,7.3005,4.8385,-0.9872,-0.9841,-0.9846,1.0000,7.2887,3.2726,0.9794,0.9795,0.9737,1.0000
225.5443,7.8433,4.0738,-0.0835,8.7407,3.9551,3.0003,2.9994,3.0257,1.0000,7.3005,4.8470,-0.9837,-0.9823,-0.9846,1.0000,7.2852,3.2842,0.9794,0.9792,0.9737,1.0000
225.7453,7.8437,4.0844,-0.0833,8.7405,3.9665,2.9985,2.9971,3.0002,1.0000,7.3005,4.8555,-0.9802,-0.9778,-0.9710,1.0000,7.2825,3.2961,0.9783,0.9768,0.9730,1.0000
225.9878,7.8446,4.0950,-0.0832,8.7403,3.9780,2.9967,2.9952,2.9820,1.0000,7.3006,4.8641,-0.9767,-0.9735,-0.9530,1.0000,7.2800,3.3080,0.9760,0.9728,0.9674,1.0000
226.2206,7.8457,4.1059,-0.0831,8.7401,3.9895,2.9950,2.9937,2.9840,1.0000,7.3006,4.8726,-0.9732,-0.9701,-0.9685,1.0000,7.2774,3.3198,0.9724,0.9681,0.9714,1.0000
226.4332,7.8467,4.1168,-0.0829,8.7400,4.0009,2.9936,2.9924,2.9813,1.0000,7.3006,4.8811,-0.9697,-0.9667,-0.9899,1.0000,7.2748,3.3314,0.9676,0.9623,0.9627,1.0000
226.6341,7.8471,4.1275,-0.0828,8.7399,4.0124,2.9923,2.9921,2.9813,1.0000,7.3007,4.8896,-0.9663,-0.9660,-0.9899,1.0000,7.2725,3.3431,0.9616,0.9609,0.9627,1.0000
226.8439,7.8471,4.1275,-0.0828,8.7399,4.0124,2.9923,2.9914,2.9939,1.0000,7.3007,4.8896,-0.9663,-0.9634,-0.9858,1.0000,7.2725,3.3431,0.9616,0.9554,0.9663,1.0000
227.0837,7.8473,4.1381,-0.0827,8.7398,4.0238,2.9914,2.9908,2.9863,1.0000,7.3008,4.8980,-0.9631,-0.9604,-0.9820,1.0000,7.2704,3.3547,0.9546,0.9477,0.9670,1.0000
227.3194,7.8478,4.1487,-0.0826,8.7398,4.0352,2.9908,2.9907,2.9860,1.0000,7.3010,4.9065,-0.9601,-0.9576,-0.9901,1.0000,7.2684,3.3664,0.9469,0.9393,0.9590,1.0000
227.5627,7.8489,4.1594,-0.0825,8.7398,4.0466,2.9907,2.9909,2.9891,1.0000,7.3011,4.9148,-0.9573,-0.9551,-0.9741,1.0000,7.2664,3.3782,0.9384,0.9305,0.9461,1.0000
227.8105,7.8507,4.1810,-0.0824,8.7399,4.0580,2.9909,2.9915,3.0006,1.0000,7.3013,4.9232,-0.9548,-0.9528,-0.9689,1.0000,7.2643,3.3901,0.9296,0.9214,0.9426,1.0000
228.0137,7.8509,4.1917,-0.0823,8.7403,4.0807,2.9927,2.9933,3.0015,1.0000,7.3019,4.9398,-0.9505,-0.9499,-0.9519,1.0000,7.2603,3.4136,0.9116,0.9090,0.9329,1.0000
228.2168,7.8512,4.2022,-0.0823,8.7405,4.0921,2.9942,2.9953,2.9937,1.0000,7.3022,4.9480,-0.9487,-0.9479,-0.9534,1.0000,7.2583,3.4253,0.9031,0.8991,0.9273,1.0000
228.4171,7.8519,4.2128,-0.0822,8.7408,4.1035,2.9961,2.9967,2.9919,1.0000,7.3025,4.9562,-0.9471,-0.9468,-0.9471,1.0000,7.2561,3.4370,0.8953,0.8945,0.9107,1.0000
228.6355,7.8531,4.2236,-0.0822,8.7408,4.1035,2.9961,2.9981,3.0030,1.0000,7.3025,4.9562,-0.9471,-0.9459,-0.9494,1.0000,7.2561,3.4370,0.8953,0.8889,0.9064,1.0000
228.8513,7.8531,4.2236,-0.0822,8.7412,4.1148,2.9983,3.0005,3.0019,1.0000,7.3029,4.9643,-0.9458,-0.9447,-0.9523,1.0000,7.2538,3.4486,0.8883,0.8827,0.8995,1.0000
229.0785,7.8541,4.2344,-0.0822,8.7415,4.1262,3.0008,3.0031,3.0068,1.0000,7.3034,4.9725,-0.9446,-0.9437,-0.9364,1.0000,7.2513,3.4601,0.8822,0.8776,0.8916,1.0000
229.3258,7.8546,4.2451,-0.0821,8.7419,4.1375,3.0033,3.0057,3.0135,1.0000,7.3038,4.9806,-0.9436,-0.9427,-0.9648,1.0000,7.2488,3.4715,0.8771,0.8735,0.8740,1.0000
229.5517,7.8547,4.2557,-0.0821,8.7423,4.1489,3.0059,3.0082,3.0142,1.0000,7.3043,4.9887,-0.9426,-0.9419,-0.9561,1.0000,7.2460,3.4827,0.8731,0.8704,0.8846,1.0000
229.7600,7.8551,4.2662,-0.0821,8.7427,4.1603,3.0085,3.0108,3.0154,1.0000,7.3048,4.9968,-0.9418,-0.9411,-0.9449,1.0000,7.2432,3.4939,0.8702,0.8685,0.8671,1.0000
229.9612,7.8561,4.2769,-0.0821,8.7430,4.1717,3.0110,3.0131,3.0054,1.0000,7.3053,5.0048,-0.9410,-0.9403,-0.9402,1.0000,7.2404,3.5050,0.8684,0.8675,0.8778,1.0000
230.2074,7.8572,4.2877,-0.0822,8.7434,4.1831,3.0134,3.0153,3.0198,1.0000,7.3058,5.0129,-0.9403,-0.9396,-0.9406,1.0000,7.2382,3.5161,0.8675,0.8674,0.8569,1.0000
230.4093,7.8580,4.2985,-0.0822,8.7437,4.1945,3.0155,3.0171,3.0321,1.0000,7.3064,5.0209,-0.9395,-0.9388,-0.9326,1.0000,7.2364,3.5270,0.8674,0.8678,0.8631,1.0000
230.6115,7.8583,4.3092,-0.0822,8.7439,4.2059,3.0173,3.0187,3.0170,1.0000,7.3069,5.0290,-0.9387,-0.9380,-0.9290,1.0000,7.2345,3.5378,0.8679,0.8688,0.8823,1.0000
230.8343,7.8585,4.3198,-0.0823,8.7441,4.2173,3.0188,3.0200,3.0197,1.0000,7.3075,5.0370,-0.9379,-0.9371,-0.9433,1.0000,7.2325,3.5486,0.8689,0.8701,0.8851,1.0000
231.0539,7.8591,4.3304,-0.0823,8.7443,4.2288,3.0201,3.0210,3.0240,1.0000,7.3080,5.0451,-0.9370,-0.9360,-0.9339,1.0000,7.2310,3.5592,0.8703,0.8717,0.8749,1.0000
231.2924,7.8613,4.3520,-0.0824,8.7444,4.2403,3.0211,3.0218,3.0333,1.0000,7.3086,5.0531,-0.9359,-0.9348,-0.9405,1.0000,7.2305,3.5697,0.8718,0.8733,0.8743,1.0000
231.4948,7.8619,4.3628,-0.0824,8.7445,4.2632,3.0224,3.0224,3.0078,1.0000,7.3091,5.0612,-0.9347,-0.9334,-0.9387,1.0000,7.2309,3.5801,0.8734,0.8747,0.8638,1.0000
231.6992,7.8621,4.3734,-0.0825,8.7445,4.2747,3.0226,3.0227,3.0029,1.0000,7.3102,5.0774,-0.9316,-0.9315,-0.9336,1.0000,7.2307,3.6010,0.8760,0.8761,0.8525,1.0000
231.9160,7.8624,4.3840,-0.0825,8.7445,4.2862,3.0227,3.0227,3.0143,1.0000,7.3102,5.0774,-0.9316,-0.9301,-0.9245,1.0000,7.2307,3.6010,0.8760,0.8769,0.8734,1.0000
232.1467,7.8624,4.3840,-0.0825,8.7445,4.2862,3.0227,3.0226,3.0331,1.0000,7.3107,5.0856,-0.9299,-0.9282,-0.9373,1.0000,7.2307,3.6113,0.8769,0.8776,0.8732,1.0000
232.3499,7.8632,4.3947,-0.0826,8.7445,4.2977,3.0226,3.0224,3.0331,1.0000,7.3112,5.0937,-0.9280,-0.9262,-0.9367,1.0000,7.2316,3.6214,0.8777,0.8781,0.8599,1.0000
232.5991,7.8644,4.4054,-0.0826,8.7445,4.3093,3.0224,3.0222,3.0279,1.0000,7.3117,5.1018,-0.9260,-0.9240,-0.9371,1.0000,7.2328,3.6314,0.8781,0.8783,0.8774,1.0000
232.7994,7.8653,4.4162,-0.0827,8.7444,4.3208,3.0222,3.0219,3.0239,1.0000,7.3122,5.1100,-0.9238,-0.9217,-0.9123,1.0000,7.2339,3.6416,0.8783,0.8781,0.8877,1.0000
233.0115,7.8657,4.4269,-0.0827,8.7444,4.3323,3.0219,3.0216,3.0186,1.0000,7.3126,5.1184,-0.9214,-0.9191,-0.9175,1.0000,7.2346,3.6519,0.8781,0.8777,0.9049,1.0000
233.2383,7.8658,4.4375,-0.0828,8.7443,4.3438,3.0216,3.0214,3.0213,1.0000,7.3131,5.1273,-0.9189,-0.9164,-0.8987,1.0000,7.2352,3.6620,0.8777,0.8771,0.8918,1.0000
233.4499,7.8663,4.4481,-0.0828,8.7443,4.3553,3.0213,3.0212,3.0157,1.0000,7.3135,5.1358,-0.9162,-0.9137,-0.9062,1.0000,7.2361,3.6720,0.8770,0.8764,0.8918,1.0000
233.6735,7.8684,4.4696,-0.0829,8.7442,4.3668,3.0212,3.0211,3.0170,1.0000,7.3140,5.1443,-0.9134,-0.9109,-0.9076,1.0000,7.2373,3.6820,0.8763,0.8754,0.8839,1.0000
233.8929,7.8692,4.4804,-0.0830,8.7443,4.3784,3.0211,3.0212,3.0314,1.0000,7.3145,5.1533,-0.9106,-0.9080,-0.9159,1.0000,7.2393,3.6921,0.8753,0.8744,0.8708,1.0000
234.0938,7.8694,4.4911,-0.0830,8.7446,4.3900,3.0213,3.0215,3.0447,1.0000,7.3149,5.1632,-0.9077,-0.9049,-0.9145,1.0000,7.2413,3.7024,0.8743,0.8732,0.8840,1.0000
234.3275,7.8694,4.4911,-0.0830,8.7448,4.4016,3.0215,3.0219,3.0334,1.0000,7.3152,5.1736,-0.9046,-0.9018,-0.9031,1.0000,7.2429,3.7126,0.8731,0.8722,0.8707,1.0000
234.5309,7.8696,4.5017,-0.0830,8.7450,4.4131,3.0220,3.0225,3.0331,1.0000,7.3153,5.1845,-0.9015,-0.8988,-0.9108,1.0000,7.2448,3.7227,0.8721,0.8713,0.8669,1.0000
234.7327,7.8714,4.5231,-0.0830,8.7457,4.4363,3.0233,3.0235,3.0222,1.0000,7.3157,5.2066,-0.8957,-0.8954,-0.9041,1.0000,7.2500,3.7426,0.8707,0.8706,0.8701,1.0000
234.9336,7.8725,4.5339,-0.0831,8.7461,4.4479,3.0243,3.0247,3.0186,1.0000,7.3160,5.2180,-0.8932,-0.8927,-0.8839,1.0000,7.2527,3.7526,0.8704,0.8704,0.8708,1.0000
235.1360,7.8730,4.5446,-0.0831,8.7465,4.4594,3.0255,3.0254,3.0144,1.0000,7.3160,5.2180,-0.8932,-0.8911,-0.8745,1.0000,7.2527,3.7526,0.8704,0.8704,0.8648,1.0000
235.3593,7.8730,4.5446,-0.0831,8.7465,4.4594,3.0255,3.0267,3.0267,1.0000,7.3161,5.2300,-0.8909,-0.8892,-0.8795,1.0000,7.2554,3.7627,0.8705,0.8709,0.8677,1.0000
235.5930,7.8735,4.5660,-0.0831,8.7469,4.4709,3.0268,3.0281,3.0475,1.0000,7.3161,5.2419,-0.8891,-0.8887,-0.8799,1.0000,7.2577,3.7725,0.8709,0.8711,0.8767,1.0000
235.7957,7.8744,4.5767,-0.0831,8.7476,4.4940,3.0297,3.0303,3.0381,1.0000,7.3167,5.2643,-0.8870,-0.8887,-0.8748,1.0000,7.2626,3.7918,0.8734,0.8711,0.8957,1.0000
235.9978,7.8756,4.5874,-0.0831,8.7481,4.5055,3.0312,3.0322,3.0242,1.0000,7.3173,5.2751,-0.8868,-0.8887,-0.8732,1.0000,7.2656,3.8016,0.8754,0.8711,0.8873,1.0000
236.2347,7.8765,4.5982,-0.0832,8.7486,4.5170,3.0328,3.0342,3.0379,1.0000,7.3178,5.2859,-0.8871,-0.8887,-0.8931,1.0000,7.2689,3.8114,0.8778,0.8711,0.8853,1.0000
236.4388,7.8768,4.6089,-0.0831,8.7493,4.5282,3.0344,3.0357,3.0312,1.0000,7.3184,5.2967,-0.8878,-0.8887,-0.8937,1.0000,7.2716,3.8210,0.8807,0.8711,0.8927,1.0000
236.6551,7.8770,4.6195,-0.0831,8.7499,4.5395,3.0358,3.0371,3.0332,1.0000,7.3190,5.3074,-0.8889,-0.8887,-0.8889,1.0000,7.2740,3.8306,0.8840,0.8711,0.9144,1.0000
236.8642,7.8786,4.6409,-0.0831,8.7513,4.5621,3.0385,3.0384,3.0321,1.0000,7.3197,5.3180,-0.8906,-0.8887,-0.8793,1.0000,7.2767,3.8400,0.8878,0.8711,0.9093,1.0000
237.0749,7.8797,4.6516,-0.0831,8.7524,4.5733,3.0397,3.0395,3.0469,1.0000,7.3205,5.3284,-0.8927,-0.8887,-0.8837,1.0000,7.2797,3.8495,0.8918,0.8711,0.8900,1.0000
237.2997,7.8797,4.6516,-0.0831,8.7524,4.5733,3.0397,3.0406,3.0476,1.0000,7.3213,5.3388,-0.8951,-0.8887,-0.8735,1.0000,7.2826,3.8589,0.8959,0.8711,0.9048,1.0000
237.5190,7.8804,4.6623,-0.0831,8.7538,4.5844,3.0407,3.0416,3.0511,1.0000,7.3221,5.3493,-0.8975,-0.8997,-0.8932,1.0000,7.2852,3.8683,0.9001,0.9039,0.8903,1.0000
237.7430,7.8806,4.6730,-0.0831,8.7556,4.5953,3.0417,3.0427,3.0714,1.0000,7.3229,5.3597,-0.8999,-0.9020,-0.9063,1.0000,7.2877,3.8777,0.9043,0.9081,0.8832,1.0000
237.9468,7.8808,4.6837,-0.0830,8.7582,4.6059,3.0428,3.0433,3.0714,1.0000,7.3237,5.3703,-0.9023,-0.9030,-0.9063,1.0000,7.2902,3.8871,0.9085,0.9097,0.8832,1.0000
238.1782,7.8808,4.6837,-0.0830,8.7582,4.6059,3.0428,3.0438,3.0570,1.0000,7.3237,5.3703,-0.9023,-0.9043,-0.9079,1.0000,7.2902,3.8871,0.9085,0.9122,0.9003,1.0000
238.4207,7.8816,4.6944,-0.0830,8.7614,4.6163,3.0440,3.0450,3.0533,1.0000,7.3243,5.3815,-0.9045,-0.9063,-0.9024,1.0000,7.2929,3.8964,0.9126,0.9162,0.8935,1.0000
238.6479,7.8828,4.7051,-0.0830,8.7647,4.6268,3.0451,3.0461,3.0509,1.0000,7.3247,5.3937,-0.9064,-0.9077,-0.9001,1.0000,7.2955,3.9058,0.9166,0.9200,0.8976,1.0000
238.8568,7.8838,4.7159,-0.0830,8.7692,4.6370,3.0463,3.0472,3.0528,1.0000,7.3251,5.4059,-0.9078,-0.9085,-0.8928,1.0000,7.2982,3.9152,0.9203,0.9235,0.9072,1.0000
239.0578,7.8842,4.7266,-0.0829,8.7749,4.6470,3.0473,3.0479,3.0640,1.0000,7.3255,5.4180,-0.9085,-0.9087,-0.9091,1.0000,7.3008,3.9247,0.9238,0.9260,0.9142,1.0000
239.2844,7.8844,4.7373,-0.0829,8.7810,4.6567,3.0481,3.0480,3.0640,1.0000,7.3255,5.4180,-0.9085,-0.9087,-0.9091,1.0000,7.3008,3.9247,0.9238,0.9267,0.9142,1.0000
239.5082,7.8844,4.7373,-0.0829,8.7810,4.6567,3.0481,3.0486,3.0495,1.0000,7.3257,5.4306,-0.9087,-0.9086,-0.8983,1.0000,7.3035,3.9342,0.9270,0.9296,0.9090,1.0000
239.7425,7.8857,4.7586,-0.0829,8.7867,4.6665,3.0487,3.0490,3.0502,1.0000,7.3257,5.4439,-0.9086,-0.9082,-0.8887,1.0000,7.3062,3.9437,0.9299,0.9323,0.9202,1.0000
239.9640,7.8869,4.7694,-0.0828,8.7926,4.6763,3.0490,3.0491,3.0684,1.0000,7.3258,5.4574,-0.9081,-0.9074,-0.9021,1.0000,7.3090,3.9533,0.9325,0.9346,0.9403,1.0000
240.1751,7.8869,4.7694,-0.0828,8.7989,4.6862,3.0491,3.0489,3.0549,1.0000,7.3258,5.4706,-0.9073,-0.9064,-0.9000,1.0000,7.3118,3.9629,0.9349,0.9367,0.9463,1.0000
240.4061,7.8877,4.7801,-0.0828,8.8053,4.6961,3.0489,3.0485,3.0613,1.0000,7.3258,5.4836,-0.9062,-0.9051,-0.8973,1.0000,7.3147,3.9725,0.9369,0.9384,0.9384,1.0000
240.6456,7.8882,4.8015,-0.0828,8.8113,4.7059,3.0485,3.0479,3.0741,1.0000,7.3258,5.4964,-0.9050,-0.9040,-0.8916,1.0000,7.3175,3.9822,0.9386,0.9399,0.9450,1.0000
240.8492,7.8888,4.8122,-0.0828,8.8222,4.7255,3.0470,3.0467,3.0618,1.0000,7.3258,5.5221,-0.9030,-0.9028,-0.9021,1.0000,7.3234,4.0017,0.9414,0.9418,0.9440,1.0000
241.0499,7.8899,4.8229,-0.0828,8.8271,4.7356,3.0461,3.0453,3.0490,1.0000,7.3258,5.5349,-0.9024,-0.9022,-0.9025,1.0000,7.3264,4.0115,0.9426,0.9433,0.9402,1.0000
241.2581,7.8910,4.8337,-0.0827,8.8323,4.7456,3.0449,3.0442,3.0567,1.0000,7.3258,5.5476,-0.9021,-0.9020,-0.9055,1.0000,7.3294,4.0212,0.9438,0.9443,0.9581,1.0000
241.4583,7.8916,4.8444,-0.0827,8.8374,4.7555,3.0437,3.0430,3.0332,1.0000,7.3259,5.5603,-0.9020,-0.9021,-0.8950,1.0000,7.3324,4.0310,0.9448,0.9452,0.9444,1.0000
241.6613,7.8918,4.8551,-0.0827,8.8423,4.7656,3.0423,3.0412,3.0355,1.0000,7.3260,5.5730,-0.9023,-0.9028,-0.8831,1.0000,7.3354,4.0408,0.9459,0.9467,0.9590,1.0000
241.8664,7.8921,4.8657,-0.0827,8.8468,4.7758,3.0409,3.0404,3.0396,1.0000,7.3262,5.5856,-0.9030,-0.9033,-0.8834,1.0000,7.3384,4.0506,0.9471,0.9474,0.9539,1.0000
242.0789,7.8929,4.8764,-0.0827,8.8513,4.7861,3.0396,3.0393,3.0316,1.0000,7.3264,5.5981,-0.9041,-0.9042,-0.8877,1.0000,7.3414,4.0604,0.9483,0.9485,0.9429,1.0000
242.2918,7.8941,4.8872,-0.0827,8.8560,4.7963,3.0383,3.0384,3.0406,1.0000,7.3264,5.5981,-0.9041,-0.9053,-0.8835,1.0000,7.3414,4.0604,0.9483,0.9496,0.9696,1.0000
242.5065,7.8950,4.8979,-0.0827,8.8560,4.7963,3.0383,3.0372,3.0425,1.0000,7.3266,5.6106,-0.9055,-0.9070,-0.9026,1.0000,7.3444,4.0701,0.9498,0.9512,0.9547,1.0000
242.7091,7.8954,4.9086,-0.0827,8.8608,4.8064,3.0371,3.0363,3.0340,1.0000,7.3269,5.6231,-0.9071,-0.9088,-0.9055,1.0000,7.3474,4.0798,0.9513,0.9529,0.9555,1.0000
242.9200,7.8955,4.9192,-0.0827,8.8656,4.8166,3.0362,3.0356,3.0338,1.0000,7.3272,5.6356,-0.9090,-0.9108,-0.9139,1.0000,7.3504,4.0896,0.9531,0.9549,0.9491,1.0000
243.1261,7.8960,4.9299,-0.0827,8.8750,4.8370,3.0350,3.0350,3.0204,1.0000,7.3275,5.6480,-0.9110,-0.9129,-0.9099,1.0000,7.3533,4.0993,0.9551,0.9573,0.9591,1.0000
243.3267,7.8970,4.9407,-0.0827,8.8750,4.8370,3.0350,3.0347,3.0296,1.0000,7.3278,5.6604,-0.9131,-0.9151,-0.9259,1.0000,7.3563,4.1089,0.9575,0.9599,0.9535,1.0000
243.5464,7.8982,4.9514,-0.0827,8.8798,4.8472,3.0347,3.0345,3.0304,1.0000,7.3281,5.6728,-0.9154,-0.9173,-0.9112,1.0000,7.3592,4.1185,0.9602,0.9627,0.9496,1.0000
243.7591,7.8989,4.9621,-0.0827,8.8895,4.8676,3.0345,3.0345,3.0400,1.0000,7.3283,5.6853,-0.9175,-0.9193,-0.9198,1.0000,7.3621,4.1281,0.9630,0.9658,0.9571,1.0000
243.9765,7.8989,4.9621,-0.0827,8.8895,4.8676,3.0345,3.0346,3.0393,1.0000,7.3286,5.6977,-0.9194,-0.9211,-0.9217,1.0000,7.3650,4.1377,0.9661,0.9690,0.9810,1.0000
244.2121,7.8991,4.9728,-0.0827,8.8944,4.8778,3.0346,3.0348,3.0205,1.0000,7.3288,5.7102,-0.9213,-0.9228,-0.9305,1.0000,7.3679,4.1473,0.9694,0.9724,0.9771,1.0000
244.4360,7.8993,4.9835,-0.0827,8.8988,4.8884,3.0348,3.0351,3.0190,1.0000,7.3290,5.7227,-0.9230,-0.9244,-0.9198,1.0000,7.3708,4.1569,0.9727,0.9759,0.9875,1.0000
244.6726,7.9000,4.9942,-0.0827,8.9031,4.8991,3.0351,3.0355,3.0430,1.0000,7.3292,5.7351,-0.9246,-0.9258,-0.9421,1.0000,7.3736,4.1664,0.9762,0.9795,0.9901,1.0000
244.8873,7.9012,5.0049,-0.0828,8.9076,4.9096,3.0355,3.0358,3.0306,1.0000,7.3294,5.7477,-0.9259,-0.9269,-0.9297,1.0000,7.3765,4.1760,0.9798,0.9830,0.9858,1.0000
245.1091,7.9022,5.0157,-0.0828,8.9120,4.9201,3.0359,3.0363,3.0403,1.0000,7.3295,5.7602,-0.9270,-0.9278,-0.9315,1.0000,7.3794,4.1855,0.9834,0.9866,0.9780,1.0000
245.3144,7.9027,5.0263,-0.0828,8.9162,4.9308,3.0363,3.0368,3.0351,1.0000,7.3295,5.7729,-0.9278,-0.9284,-0.9266,1.0000,7.3823,4.1951,0.9869,0.9900,0.9780,1.0000
245.5610,7.9028,5.0370,-0.0828,8.9199,4.9420,3.0368,3.0373,3.0346,1.0000,7.3295,5.7855,-0.9284,-0.9288,-0.9324,1.0000,7.3852,4.2047,0.9904,0.9935,0.9921,1.0000
245.7840,7.9041,5.0584,-0.0828,8.9233,4.9533,3.0373,3.0379,3.0456,1.0000,7.3295,5.7981,-0.9289,-0.9292,-0.9257,1.0000,7.3882,4.2143,0.9938,0.9969,0.9923,1.0000
246.0151,7.9041,5.0584,-0.0828,8.9271,4.9643,3.0379,3.0385,3.0421,1.0000,7.3295,5.8108,-0.9292,-0.9294,-0.9320,1.0000,7.3911,4.2239,0.9972,1.0001,0.9896,1.0000
246.2161,7.9061,5.0799,-0.0829,8.9347,4.9863,3.0393,3.0394,3.0517,1.0000,7.3294,5.8362,-0.9293,-0.9293,-0.9212,1.0000,7.3971,4.2432,1.0034,1.0037,0.9837,1.0000
246.4178,7.9061,5.0799,-0.0829,8.9347,4.9863,3.0393,3.0399,3.0502,1.0000,7.3294,5.8362,-0.9293,-0.9292,-0.9187,1.0000,7.3971,4.2432,1.0034,1.0059,0.9904,1.0000
246.6190,7.9066,5.1012,-0.0829,8.9379,4.9978,3.0400,3.0406,3.0496,1.0000,7.3293,5.8490,-0.9291,-0.9290,-0.9320,1.0000,7.4001,4.2529,1.0061,1.0084,0.9989,1.0000
246.8345,7.9071,5.1120,-0.0829,8.9437,5.0218,3.0414,3.0413,3.0409,1.0000,7.3292,5.8617,-0.9290,-0.9289,-0.9283,1.0000,7.4032,4.2627,1.0087,1.0108,1.0259,1.0000
247.0385,7.9082,5.1227,-0.0829,8.9437,5.0218,3.0414,3.0421,3.0449,1.0000,7.3290,5.8745,-0.9289,-0.9289,-0.9310,1.0000,7.4063,4.2725,1.0110,1.0130,1.0171,1.0000
247.2409,7.9093,5.1334,-0.0829,8.9498,5.0457,3.0429,3.0431,3.0411,1.0000,7.3288,5.8999,-0.9290,-0.9290,-0.9383,1.0000,7.4125,4.2921,1.0153,1.0155,1.0124,1.0000
247.4431,7.9099,5.1441,-0.0829,8.9524,5.0580,3.0437,3.0446,3.0454,1.0000,7.3287,5.9126,-0.9292,-0.9294,-0.9223,1.0000,7.4157,4.3019,1.0171,1.0187,1.0134,1.0000
247.6697,7.9102,5.1654,-0.0829,8.9548,5.0705,3.0447,3.0456,3.0519,1.0000,7.3286,5.9253,-0.9294,-0.9298,-0.9158,1.0000,7.4188,4.3118,1.0189,1.0203,1.0074,1.0000
247.8702,7.9110,5.1761,-0.0829,8.9593,5.0959,3.0468,3.0474,3.0421,1.0000,7.3285,5.9507,-0.9305,-0.9307,-0.9208,1.0000,7.4252,4.3316,1.0220,1.0227,1.0095,1.0000
248.0726,7.9121,5.1868,-0.0829,8.9615,5.1086,3.0480,3.0483,3.0480,1.0000,7.3284,5.9633,-0.9312,-0.9313,-0.9268,1.0000,7.4285,4.3415,1.0236,1.0237,1.0269,1.0000
248.2727,7.9131,5.1975,-0.0829,8.9638,5.1214,3.0493,3.0497,3.0480,1.0000,7.3284,5.9759,-0.9320,-0.9323,-0.9268,1.0000,7.4317,4.3515,1.0251,1.0253,1.0269,1.0000
248.4738,7.9135,5.2082,-0.0829,8.9658,5.1342,3.0506,3.0515,3.0433,1.0000,7.3283,5.9886,-0.9329,-0.9333,-0.9188,1.0000,7.4349,4.3614,1.0267,1.0276,1.0263,1.0000
248.6839,7.9136,5.2189,-0.0829,8.9676,5.1474,3.0521,3.0535,3.0607,1.0000,7.3283,6.0012,-0.9338,-0.9348,-0.9188,1.0000,7.4381,4.3713,1.0286,1.0304,1.0263,1.0000
248.9011,7.9139,5.2296,-0.0829,8.9692,5.1608,3.0537,3.0552,3.0463,1.0000,7.3282,6.0138,-0.9349,-0.9359,-0.9438,1.0000,7.4413,4.3811,1.0306,1.0326,1.0212,1.0000
249.1435,7.9149,5.2403,-0.0829,8.9709,5.1743,3.0554,3.0570,3.0590,1.0000,7.3282,6.0264,-0.9360,-0.9370,-0.9378,1.0000,7.4445,4.3910,1.0329,1.0351,1.0359,1.0000
249.3790,7.9160,5.2510,-0.0829,8.9726,5.1876,3.0572,3.0590,3.0663,1.0000,7.3282,6.0390,-0.9371,-0.9381,-0.9505,1.0000,7.4477,4.4008,1.0353,1.0377,1.0427,1.0000
249.5820,7.9168,5.2617,-0.0829,8.9743,5.2009,3.0592,3.0612,3.0591,1.0000,7.3281,6.0517,-0.9382,-0.9390,-0.9293,1.0000,7.4508,4.4107,1.0380,1.0405,1.0316,1.0000
249.8086,7.9171,5.2831,-0.0828,8.9773,5.2278,3.0638,3.0636,3.0629,1.0000,7.3281,6.0643,-0.9391,-0.9399,-0.9402,1.0000,7.4540,4.4205,1.0408,1.0435,1.0405,1.0000
250.0091,7.9177,5.2938,-0.0828,8.9786,5.2414,3.0665,3.0673,3.0576,1.0000,7.3279,6.0896,-0.9408,-0.9410,-0.9528,1.0000,7.4602,4.4400,1.0470,1.0477,1.0428,1.0000
250.2094,7.9188,5.3045,-0.0828,8.9800,5.2548,3.0694,3.0715,3.0665,1.0000,7.3278,6.1023,-0.9416,-0.9421,-0.9455,1.0000,7.4634,4.4498,1.0504,1.0529,1.0338,1.0000
250.4145,7.9199,5.3152,-0.0828,8.9815,5.2682,3.0724,3.0749,3.0619,1.0000,7.3277,6.1150,-0.9423,-0.9427,-0.9666,1.0000,7.4665,4.4595,1.0539,1.0564,1.0519,1.0000
250.6607,7.9205,5.3259,-0.0828,8.9829,5.2816,3.0755,3.0784,3.0766,1.0000,7.3275,6.1276,-0.9428,-0.9433,-0.9570,1.0000,7.4696,4.4693,1.0575,1.0607,1.0778,1.0000
250.8937,7.9205,5.3366,-0.0828,8.9842,5.2951,3.0787,3.0816,3.0764,1.0000,7.3274,6.1404,-0.9433,-0.9438,-0.9682,1.0000,7.4727,4.4791,1.0610,1.0642,1.0600,1.0000
251.1226,7.9216,5.3580,-0.0828,8.9852,5.3087,3.0820,3.0850,3.0841,1.0000,7.3272,6.1531,-0.9438,-0.9442,-0.9587,1.0000,7.4759,4.4888,1.0646,1.0677,1.0586,1.0000
251.3233,7.9228,5.3687,-0.0828,8.9872,5.3357,3.0889,3.0893,3.0870,1.0000,7.3269,6.1785,-0.9446,-0.9446,-0.9565,1.0000,7.4821,4.5084,1.0715,1.0718,1.0608,1.0000
251.5259,7.9237,5.3794,-0.0829,8.9883,5.3492,3.0925,3.0939,3.0984,1.0000,7.3267,6.1912,-0.9449,-0.9449,-0.9480,1.0000,7.4853,4.5183,1.0748,1.0757,1.0582,1.0000
251.7328,7.9240,5.3901,-0.0829,8.9891,5.3627,3.0960,3.0974,3.0881,1.0000,7.3264,6.2040,-0.9451,-0.9451,-0.9439,1.0000,7.4885,4.5282,1.0779,1.0788,1.0767,1.0000
251.9339,7.9241,5.4008,-0.0829,8.9895,5.3764,3.0995,3.1006,3.0881,1.0000,7.3262,6.2167,-0.9453,-0.9454,-0.9439,1.0000,7.4917,4.5381,1.0809,1.0815,1.0767,1.0000
252.1353,7.9246,5.4115,-0.0829,8.9897,5.3901,3.1030,3.1037,3.0919,1.0000,7.3260,6.2295,-0.9455,-0.9456,-0.9546,1.0000,7.4949,4.5480,1.0838,1.0841,1.0761,1.0000
252.3410,7.9256,5.4222,-0.0829,8.9902,5.4038,3.1064,3.1070,3.1126,1.0000,7.3258,6.2423,-0.9458,-0.9458,-0.9436,1.0000,7.4981,4.5579,1.0867,1.0870,1.0785,1.0000
252.5418,7.9267,5.4329,-0.0829,8.9908,5.4175,3.1097,3.1097,3.1198,1.0000,7.3258,6.2423,-0.9458,-0.9460,-0.9234,1.0000,7.4981,4.5579,1.0867,1.0893,1.0879,1.0000
252.7657,7.9267,5.4329,-0.0829,8.9908,5.4175,3.1097,3.1125,3.1132,1.0000,7.3257,6.2549,-0.9461,-0.9463,-0.9210,1.0000,7.5013,4.5679,1.0895,1.0920,1.0873,1.0000
252.9928,7.9276,5.4542,-0.0829,8.9909,5.4312,3.1129,3.1157,3.1110,1.0000,7.3261,6.2674,-0.9463,-0.9466,-0.9392,1.0000,7.5045,4.5778,1.0922,1.0945,1.0894,1.0000
253.2060,7.9277,5.4649,-0.0829,8.9906,5.4450,3.1160,3.1187,3.1344,1.0000,7.3269,6.2795,-0.9466,-0.9470,-0.9431,1.0000,7.5078,4.5879,1.0947,1.0969,1.0815,1.0000
253.4404,7.9277,5.4649,-0.0829,8.9899,5.4589,3.1190,3.1217,3.1361,1.0000,7.3274,6.2919,-0.9471,-0.9476,-0.9349,1.0000,7.5110,4.5979,1.0971,1.0992,1.0885,1.0000
253.6408,7.9295,5.4864,-0.0829,8.9882,5.4867,3.1249,3.1252,3.1257,1.0000,7.3293,6.3161,-0.9485,-0.9485,-0.9322,1.0000,7.5176,4.6180,1.1017,1.1017,1.0960,1.0000
253.8410,7.9305,5.4971,-0.0829,8.9872,5.5006,3.1277,3.1288,3.1107,1.0000,7.3307,6.3279,-0.9493,-0.9497,-0.9635,1.0000,7.5209,4.6281,1.1039,1.1048,1.0949,1.0000
254.0414,7.9310,5.5077,-0.0829,8.9859,5.5146,3.1305,3.1316,3.1256,1.0000,7.3321,6.3396,-0.9502,-0.9506,-0.9686,1.0000,7.5242,4.6382,1.1061,1.1068,1.1017,1.0000
254.2420,7.9310,5.5184,-0.0829,8.9842,5.5287,3.1332,3.1330,3.1256,1.0000,7.3321,6.3396,-0.9502,-0.9512,-0.9686,1.0000,7.5242,4.6382,1.1061,1.1081,1.1017,1.0000
254.4528,7.9310,5.5184,-0.0829,8.9842,5.5287,3.1332,3.1357,3.1294,1.0000,7.3333,6.3515,-0.9513,-0.9524,-0.9528,1.0000,7.5274,4.6483,1.1083,1.1103,1.1239,1.0000
254.6962,7.9313,5.5291,-0.0829,8.9825,5.5429,3.1359,3.1384,3.1363,1.0000,7.3344,6.3634,-0.9525,-0.9538,-0.9514,1.0000,7.5307,4.6585,1.1105,1.1126,1.1201,1.0000
254.9162,7.9322,5.5399,-0.0829,8.9811,5.5571,3.1386,3.1411,-3.1357,1.0000,7.3357,6.3752,-0.9539,-0.9552,-0.9481,1.0000,7.5340,4.6686,1.1128,1.1149,1.1020,1.0000
255.1247,7.9334,5.5506,-0.0829,8.9799,5.5712,3.1413,-3.1394,-3.1380,1.0000,7.3371,6.3869,-0.9554,-0.9567,-0.9631,1.0000,7.5373,4.6787,1.1151,1.1173,1.0926,1.0000
255.3365,7.9343,5.5613,-0.0829,8.9786,5.5854,-3.1391,-3.1366,3.1239,1.0000,7.3384,6.3987,-0.9569,-0.9582,-0.9387,1.0000,7.5406,4.6888,1.1175,1.1197,1.1146,1.0000
255.5482,7.9345,5.5720,-0.0829,8.9772,5.5995,-3.1363,-3.1339,3.1188,1.0000,7.3397,6.4105,-0.9584,-0.9597,-0.9501,1.0000,7.5439,4.6989,1.1200,1.1223,1.1258,1.0000
255.7550,7.9346,5.5826,-0.0829,8.9759,5.6138,-3.1336,-3.1310,3.1324,1.0000,7.3409,6.4223,-0.9599,-0.9613,-0.9563,1.0000,7.5471,4.7091,1.1225,1.1250,1.1245,1.0000
255.9962,7.9351,5.5934,-0.0829,8.9746,5.6280,-3.1308,-3.1282,3.1277,1.0000,7.3421,6.4341,-0.9614,-0.9628,-0.9469,1.0000,7.5504,4.7192,1.1253,1.1279,1.1265,1.0000
256.2016,7.9362,5.6041,-0.0829,8.9733,5.6422,-3.1279,-3.1267,3.1316,1.0000,7.3434,6.4458,-0.9630,-0.9634,-0.9321,1.0000,7.5537,4.7292,1.1282,1.1291,1.1326,1.0000
256.4298,7.9362,5.6041,-0.0829,8.9733,5.6422,-3.1279,-3.1252,3.1316,1.0000,7.3434,6.4458,-0.9630,-0.9643,-0.9321,1.0000,7.5537,4.7292,1.1282,1.1309,1.1326,1.0000
256.6587,7.9373,5.6148,-0.0829,8.9721,5.6564,-3.1249,-3.1220,3.1106,1.0000,7.3453,6.4573,-0.9644,-0.9657,-0.9478,1.0000,7.5569,4.7393,1.1312,1.1341,1.1306,1.0000
256.8773,7.9380,5.6255,-0.0829,8.9709,5.6706,-3.1217,-3.1187,-3.1414,1.0000,7.3478,6.4683,-0.9658,-0.9671,-0.9338,1.0000,7.5601,4.7494,1.1344,1.1373,1.1345,1.0000
257.0779,7.9380,5.6361,-0.0829,8.9697,5.6848,-3.1184,-3.1184,-3.1414,1.0000,7.3503,6.4794,-0.9672,-0.9672,-0.9338,1.0000,7.5634,4.7595,1.1376,1.1376,1.1345,1.0000
257.2789,7.9382,5.6468,-0.0829,8.9685,5.6991,-3.1149,-3.1146,-3.1061,1.0000,7.3526,6.4905,-0.9687,-0.9688,-0.9505,1.0000,7.5666,4.7696,1.1408,1.1412,1.1282,1.0000
257.4802,7.9390,5.6575,-0.0829,8.9673,5.7134,-3.1113,-3.1113,-3.1225,1.0000,7.3526,6.4905,-0.9687,-0.9700,-0.9621,1.0000,7.5666,4.7696,1.1408,1.1438,1.1532,1.0000
257.6814,7.9401,5.6683,-0.0829,8.9661,5.7276,-3.1077,-3.1077,-3.1188,1.0000,7.3554,6.5013,-0.9702,-0.9716,-0.9562,1.0000,7.5698,4.7797,1.1441,1.1470,1.1580,1.0000
257.9001,7.9401,5.6683,-0.0829,8.9661,5.7276,-3.1077,-3.1044,-3.1145,1.0000,7.3589,6.5118,-0.9717,-0.9731,-0.9716,1.0000,7.5730,4.7898,1.1473,1.1501,1.1454,1.0000
258.1112,7.9411,5.6790,-0.0829,8.9650,5.7419,-3.1040,-3.1007,-3.1094,1.0000,7.3624,6.5221,-0.9733,-0.9746,-0.9607,1.0000,7.5763,4.8000,1.1504,1.1531,1.1566,1.0000
258.3342,7.9415,5.7003,-0.0828,8.9638,5.7562,-3.1003,-3.0969,-3.1078,1.0000,7.3657,6.5325,-0.9748,-0.9763,-0.9639,1.0000,7.5795,4.8101,1.1534,1.1561,1.1531,1.0000
258.5343,7.9418,5.7110,-0.0828,8.9625,5.7706,-3.0965,-3.0930,-3.0859,1.0000,7.3688,6.5430,-0.9764,-0.9780,-0.9543,1.0000,7.5827,4.8203,1.1564,1.1590,1.1452,1.0000
258.7362,7.9428,5.7217,-0.0828,8.9601,5.7993,-3.0888,-3.0892,-3.0960,1.0000,7.3718,6.5535,-0.9781,-0.9798,-0.9709,1.0000,7.5860,4.8305,1.1593,1.1619,1.1486,1.0000
258.9382,7.9440,5.7324,-0.0828,8.9588,5.8137,-3.0850,-3.0823,-3.0939,1.0000,7.3782,6.5744,-0.9819,-0.9832,-0.9810,1.0000,7.5924,4.8510,1.1651,1.1670,1.1331,1.0000
259.1411,7.9447,5.7431,-0.0828,8.9576,5.8281,-3.0811,-3.0815,-3.0939,1.0000,7.3782,6.5744,-0.9819,-0.9836,-0.9780,1.0000,7.5924,4.8510,1.1651,1.1675,1.1422,1.0000
259.3457,7.9449,5.7538,-0.0828,8.9563,5.8425,-3.0773,-3.0758,-3.0869,1.0000,7.3845,6.5952,-0.9857,-0.9863,-0.9724,1.0000,7.5989,4.8715,1.1704,1.1712,1.1586,1.0000
259.5507,7.9449,5.7645,-0.0828,8.9549,5.8569,-3.0735,-3.0701,-3.1044,1.0000,7.3875,6.6057,-0.9877,-0.9896,-0.9777,1.0000,7.6021,4.8818,1.1730,1.1753,1.1734,1.0000
259.7698,7.9455,5.7752,-0.0828,8.9536,5.8714,-3.0697,-3.0663,-3.0892,1.0000,7.3906,6.6162,-0.9898,-0.9919,-0.9762,1.0000,7.6054,4.8922,1.1756,1.1779,1.1717,1.0000
259.9918,7.9466,5.7859,-0.0828,8.9522,5.8859,-3.0659,-3.0626,-3.0842,1.0000,7.3937,6.6266,-0.9921,-0.9943,-0.9762,1.0000,7.6086,4.9025,1.1781,1.1804,1.1717,1.0000
260.2094,7.9477,5.7966,-0.0828,8.9508,5.9004,-3.0622,-3.0588,-3.0807,1.0000,7.3968,6.6370,-0.9946,-0.9968,-0.9972,1.0000,7.6118,4.9128,1.1807,1.1829,1.1812,1.0000
260.4380,7.9482,5.8073,-0.0828,8.9494,5.9149,-3.0584,-3.0551,-3.0825,1.0000,7.3998,6.6474,-0.9970,-0.9993,-0.9993,1.0000,7.6151,4.9232,1.1831,1.1854,1.1890,1.0000
260.6799,7.9485,5.8286,-0.0828,8.9479,5.9294,-3.0547,-3.0514,-3.0900,1.0000,7.4028,6.6579,-0.9995,-1.0017,-1.0043,1.0000,7.6183,4.9336,1.1856,1.1878,1.1702,1.0000
260.9263,7.9485,5.8286,-0.0828,8.9464,5.9440,-3.0510,-3.0477,-3.0673,1.0000,7.4058,6.6683,-1.0020,-1.0041,-1.0129,1.0000,7.6215,4.9440,1.1881,1.1904,1.1841,1.0000
261.1442,7.9493,5.8394,-0.0828,8.9449,5.9585,-3.0473,-3.0439,-3.0563,1.0000,7.4088,6.6788,-1.0043,-1.0064,-0.9892,1.0000,7.6247,4.9544,1.1907,1.1930,1.1919,1.0000
261.3729,7.9513,5.8608,-0.0828,8.9434,5.9731,-3.0435,-3.0400,-3.0421,1.0000,7.4117,6.6893,-1.0066,-1.0084,-0.9976,1.0000,7.6279,4.9648,1.1932,1.1955,1.2000,1.0000
261.5824,7.9516,5.8714,-0.0828,8.9419,5.9877,-3.0396,-3.0361,-3.0477,1.0000,7.4147,6.6998,-1.0086,-1.0103,-1.0082,1.0000,7.6311,4.9752,1.1957,1.1980,1.1977,1.0000
261.7842,7.9516,5.8821,-0.0828,8.9403,6.0024,-3.0357,-3.0322,-3.0547,1.0000,7.4175,6.7103,-1.0105,-1.0122,-1.0184,1.0000,7.6343,4.9857,1.1982,1.2005,1.1976,1.0000
262.0112,7.9521,5.8928,-0.0828,8.9387,6.0170,-3.0318,-3.0282,-3.0529,1.0000,7.4204,6.7209,-1.0123,-1.0140,-0.9902,1.0000,7.6375,4.9961,1.2007,1.2031,1.2023,1.0000
262.2369,7.9531,5.9035,-0.0828,8.9371,6.0317,-3.0278,-3.0242,-3.0298,1.0000,7.4232,6.7315,-1.0142,-1.0158,-0.9945,1.0000,7.6407,5.0065,1.2033,1.2057,1.2006,1.0000
262.4371,7.9542,5.9142,-0.0828,8.9338,6.0611,-3.0197,-3.0189,-3.0197,1.0000,7.4288,6.7526,-1.0178,-1.0181,-0.9990,1.0000,7.6470,5.0275,1.2086,1.2088,1.1925,1.0000
262.6592,7.9548,5.9249,-0.0828,8.9321,6.0758,-3.0156,-3.0139,-3.0255,1.0000,7.4316,6.7632,-1.0194,-1.0199,-1.0052,1.0000,7.6502,5.0379,1.2112,1.2120,1.2184,1.0000
262.8936,7.9549,5.9355,-0.0828,8.9321,6.0758,-3.0156,-3.0118,-3.0243,1.0000,7.4316,6.7632,-1.0194,-1.0208,-1.0047,1.0000,7.6502,5.0379,1.2112,1.2135,1.2237,1.0000
263.0958,7.9550,5.9462,-0.0828,8.9286,6.1053,-3.0072,-3.0076,-3.0094,1.0000,7.4344,6.7739,-1.0209,-1.0223,-1.0088,1.0000,7.6533,5.0484,1.2138,1.2162,1.2139,1.0000
263.3187,7.9550,5.9462,-0.0828,8.9286,6.1053,-3.0072,-3.0034,-3.0180,1.0000,7.4371,6.7845,-1.0224,-1.0238,-1.0253,1.0000,7.6565,5.0589,1.2165,1.2189,1.2169,1.0000
263.5337,7.9568,5.9677,-0.0827,8.9269,6.1201,-3.0030,-2.9991,-3.0184,1.0000,7.4398,6.7952,-1.0239,-1.0253,-1.0179,1.0000,7.6596,5.0694,1.2192,1.2216,1.2229,1.0000
263.7493,7.9578,5.9784,-0.0828,8.9250,6.1349,-2.9987,-2.9948,-3.0155,1.0000,7.4425,6.8058,-1.0254,-1.0266,-1.0130,1.0000,7.6627,5.0799,1.2219,1.2243,1.2115,1.0000
263.9592,7.9583,5.9890,-0.0828,8.9232,6.1497,-2.9944,-2.9904,-2.9981,1.0000,7.4452,6.8165,-1.0268,-1.0279,-1.0275,1.0000,7.6659,5.0904,1.2246,1.2270,1.2143,1.0000
264.1646,7.9583,5.9997,-0.0827,8.9194,6.1790,-2.9855,-2.9859,-2.9835,1.0000,7.4479,6.8272,-1.0281,-1.0292,-1.0188,1.0000,7.6690,5.1010,1.2273,1.2296,1.2316,1.0000
264.3839,7.9585,6.0104,-0.0827,8.9194,6.1790,-2.9855,-2.9814,-2.9808,1.0000,7.4505,6.8379,-1.0294,-1.0306,-1.0104,1.0000,7.6720,5.1116,1.2299,1.2324,1.2139,1.0000
264.5851,7.9594,6.0211,-0.0827,8.9155,6.2064,-2.9763,-2.9768,-2.9834,1.0000,7.4531,6.8486,-1.0307,-1.0320,-1.0158,1.0000,7.6747,5.1223,1.2327,1.2353,1.2313,1.0000
264.8059,7.9606,6.0318,-0.0828,8.9135,6.2205,-2.9717,-2.9722,-2.9660,1.0000,7.4558,6.8593,-1.0322,-1.0335,-1.0238,1.0000,7.6772,5.1332,1.2356,1.2383,1.2362,1.0000
265.0320,7.9606,6.0318,-0.0828,8.9135,6.2205,-2.9717,-2.9676,-2.9708,1.0000,7.4584,6.8700,-1.0336,-1.0350,-1.0187,1.0000,7.6800,5.1440,1.2386,1.2413,1.2380,1.0000
265.2412,7.9614,6.0425,-0.0828,8.9114,6.2343,-2.9671,-2.9631,-2.9710,1.0000,7.4610,6.8807,-1.0351,-1.0365,-1.0446,1.0000,7.6825,5.1549,1.2415,1.2442,1.2197,1.0000
265.4738,7.9616,6.0532,-0.0828,8.9092,6.2476,-2.9626,-2.9586,-2.9744,1.0000,7.4636,6.8914,-1.0366,-1.0381,-1.0397,1.0000,7.6844,5.1663,1.2445,1.2473,1.2183,1.0000
265.7117,7.9616,6.0638,-0.0828,8.9070,6.2606,-2.9582,-2.9543,-2.9549,1.0000,7.4662,6.9021,-1.0383,-1.0400,-1.0220,1.0000,7.6856,5.1780,1.2476,1.2505,1.2226,1.0000
265.9589,7.9621,6.0746,-0.0828,8.9048,6.2732,-2.9538,-2.9501,-2.9835,1.0000,7.4688,6.9128,-1.0402,-1.0421,-1.0238,1.0000,7.6866,5.1896,1.2509,1.2537,1.2309,1.0000
266.2091,7.9631,6.0853,-0.0828,8.9025,6.2855,-2.9497,-2.9461,-2.9767,1.0000,7.4714,6.9234,-1.0423,-1.0442,-1.0190,1.0000,7.6876,5.2013,1.2540,1.2566,1.2489,1.0000
266.4481,7.9642,6.0960,-0.0828,8.9002,6.2980,-2.9457,-2.9423,-2.9519,1.0000,7.4740,6.9341,-1.0445,-1.0465,-1.0254,1.0000,7.6886,5.2132,1.2569,1.2591,1.2466,1.0000
266.6988,7.9648,6.1067,-0.0828,8.8977,6.3107,-2.9419,-2.9387,-2.9466,1.0000,7.4766,6.9447,-1.0467,-1.0488,-1.0408,1.0000,7.6890,5.2254,1.2594,1.2612,1.2509,1.0000
266.9010,7.9648,6.1173,-0.0828,8.8951,6.3225,-2.9384,-2.9356,-2.9416,1.0000,7.4791,6.9554,-1.0490,-1.0511,-1.0480,1.0000,7.6886,5.2379,1.2614,1.2629,1.2345,1.0000
267.1011,7.9649,6.1280,-0.0828,8.8925,6.3332,-2.9353,-2.9328,-2.9365,1.0000,7.4817,6.9660,-1.0513,-1.0534,-1.0534,1.0000,7.6877,5.2506,1.2631,1.2643,1.2498,1.0000
267.3399,7.9657,6.1387,-0.0828,8.8897,6.3435,-2.9325,-2.9303,-2.9309,1.0000,7.4842,6.9767,-1.0536,-1.0556,-1.0530,1.0000,7.6869,5.2633,1.2644,1.2651,1.2612,1.0000
267.5888,7.9668,6.1494,-0.0828,8.8870,6.3536,-2.9301,-2.9282,-2.9163,1.0000,7.4868,6.9874,-1.0558,-1.0577,-1.0576,1.0000,7.6867,5.2759,1.2652,1.2653,1.2659,1.0000
267.7895,7.9680,6.1707,-0.0828,8.8843,6.3637,-2.9280,-2.9265,-2.9296,1.0000,7.4893,6.9981,-1.0579,-1.0596,-1.0619,1.0000,7.6862,5.2887,1.2652,1.2645,1.2672,1.0000
268.0090,7.9680,6.1707,-0.0828,8.8813,6.3736,-2.9263,-2.9251,-2.9237,1.0000,7.4917,7.0088,-1.0598,-1.0615,-1.0550,1.0000,7.6850,5.3020,1.2644,1.2629,1.2609,1.0000
268.2237,7.9682,6.1921,-0.0827,8.8781,6.3831,-2.9250,-2.9242,-2.9344,1.0000,7.4942,7.0195,-1.0617,-1.0634,-1.0508,1.0000,7.6836,5.3155,1.2627,1.2605,1.2680,1.0000
268.4427,7.9682,6.1921,-0.0827,8.8748,6.3921,-2.9241,-2.9237,-2.9248,1.0000,7.4966,7.0303,-1.0636,-1.0654,-1.0591,1.0000,7.6826,5.3290,1.2602,1.2575,1.2601,1.0000
268.6754,7.9691,6.2028,-0.0827,8.8716,6.4011,-2.9236,-2.9236,-2.9279,1.0000,7.4990,7.0410,-1.0656,-1.0674,-1.0645,1.0000,7.6821,5.3423,1.2572,1.2539,1.2586,1.0000
268.8909,7.9703,6.2135,-0.0827,8.8684,6.4106,-2.9236,-2.9240,-2.9224,1.0000,7.5014,7.0518,-1.0676,-1.0694,-1.0900,1.0000,7.6817,5.3558,1.2535,1.2496,1.2593,1.0000
269.0936,7.9709,6.2242,-0.0827,8.8650,6.4203,-2.9240,-2.9246,-2.9297,1.0000,7.5038,7.0626,-1.0695,-1.0708,-1.0859,1.0000,7.6810,5.3694,1.2491,1.2458,1.2489,1.0000
269.3048,7.9710,6.2348,-0.0827,8.8613,6.4301,-2.9248,-2.9257,-2.9274,1.0000,7.5062,7.0734,-1.0713,-1.0725,-1.0807,1.0000,7.6804,5.3832,1.2443,1.2406,1.2416,1.0000
269.5051,7.9711,6.2455,-0.0827,8.8575,6.4398,-2.9260,-2.9259,-2.9274,1.0000,7.5062,7.0734,-1.0713,-1.0729,-1.0807,1.0000,7.6804,5.3832,1.2443,1.2395,1.2416,1.0000
269.7111,7.9716,6.2562,-0.0827,8.8538,6.4495,-2.9275,-2.9279,-2.9299,1.0000,7.5108,7.0950,-1.0746,-1.0748,-1.0661,1.0000,7.6794,5.4105,1.2336,1.2330,1.2434,1.0000
269.9114,7.9727,6.2670,-0.0827,8.8538,6.4495,-2.9275,-2.9291,-2.9266,1.0000,7.5108,7.0950,-1.0746,-1.0760,-1.0625,1.0000,7.6794,5.4105,1.2336,1.2287,1.2286,1.0000
270.1476,7.9737,6.2777,-0.0827,8.8502,6.4590,-2.9293,-2.9312,-2.9188,1.0000,7.5131,7.1059,-1.0761,-1.0773,-1.0555,1.0000,7.6791,5.4242,1.2282,1.2233,1.2341,1.0000
270.3529,7.9737,6.2777,-0.0827,8.8469,6.4680,-2.9314,-2.9335,-2.9233,1.0000,7.5153,7.1168,-1.0774,-1.0784,-1.0739,1.0000,7.6786,5.4378,1.2228,1.2180,1.2313,1.0000
270.5792,7.9742,6.2883,-0.0827,8.8436,6.4767,-2.9337,-2.9360,-2.9282,1.0000,7.5176,7.1277,-1.0785,-1.0794,-1.0703,1.0000,7.6781,5.4514,1.2175,1.2131,1.2117,1.0000
270.7983,7.9742,6.2990,-0.0827,8.8403,6.4850,-2.9362,-2.9386,-2.9463,1.0000,7.5197,7.1387,-1.0795,-1.0805,-1.0744,1.0000,7.6776,5.4649,1.2126,1.2086,1.1837,1.0000
271.0055,7.9744,6.3097,-0.0827,8.8371,6.4931,-2.9389,-2.9415,-2.9283,1.0000,7.5219,7.1496,-1.0806,-1.0817,-1.0594,1.0000,7.6766,5.4781,1.2082,1.2048,1.1959,1.0000
271.2457,7.9752,6.3205,-0.0827,8.8342,6.5007,-2.9417,-2.9445,-2.9423,1.0000,7.5241,7.1606,-1.0818,-1.0829,-1.0686,1.0000,7.6747,5.4907,1.2044,1.2015,1.1941,1.0000
271.4467,7.9772,6.3419,-0.0827,8.8293,6.5139,-2.9479,-2.9479,-2.9472,1.0000,7.5263,7.1715,-1.0831,-1.0842,-1.0736,1.0000,7.6727,5.5032,1.2012,1.1987,1.2008,1.0000
271.6469,7.9774,6.3525,-0.0827,8.8271,6.5201,-2.9512,-2.9512,-2.9406,1.0000,7.5306,7.1934,-1.0857,-1.0857,-1.0776,1.0000,7.6709,5.5157,1.1985,1.1964,1.2124,1.0000
271.8631,7.9774,6.3525,-0.0827,8.8271,6.5201,-2.9512,-2.9543,-2.9333,1.0000,7.5306,7.1934,-1.0857,-1.0869,-1.0757,1.0000,7.6688,5.5281,1.1962,1.1946,1.2140,1.0000
272.0806,7.9778,6.3739,-0.0827,8.8251,6.5262,-2.9546,-2.9578,-2.9590,1.0000,7.5328,7.2044,-1.0871,-1.0885,-1.0960,1.0000,7.6658,5.5403,1.1944,1.1932,1.2179,1.0000
272.2860,7.9787,6.3846,-0.0827,8.8233,6.5320,-2.9581,-2.9613,-2.9692,1.0000,7.5349,7.2153,-1.0886,-1.0901,-1.0857,1.0000,7.6625,5.5523,1.1931,1.1922,1.2096,1.0000
272.5011,7.9798,6.3953,-0.0827,8.8220,6.5375,-2.9617,-2.9649,-2.9685,1.0000,7.5371,7.2262,-1.0902,-1.0918,-1.0776,1.0000,7.6594,5.5644,1.1921,1.1914,1.1916,1.0000
272.7288,7.9805,6.4060,-0.0827,8.8214,6.5426,-2.9653,-2.9687,-2.9602,1.0000,7.5393,7.2372,-1.0919,-1.0935,-1.0927,1.0000,7.6566,5.5766,1.1914,1.1907,1.2054,1.0000
272.9397,7.9805,6.4060,-0.0827,8.8217,6.5476,-2.9690,-2.9725,-2.9582,1.0000,7.5414,7.2481,-1.0936,-1.0952,-1.0872,1.0000,7.6538,5.5889,1.1906,1.1898,1.2141,1.0000
273.1627,7.9805,6.4166,-0.0827,8.8225,6.5526,-2.9729,-2.9764,-2.9560,1.0000,7.5435,7.2590,-1.0954,-1.0970,-1.1133,1.0000,7.6508,5.6014,1.1897,1.1886,1.2075,1.0000
273.4059,7.9806,6.4273,-0.0827,8.8237,6.5576,-2.9768,-2.9806,-2.9718,1.0000,7.5457,7.2699,-1.0972,-1.0991,-1.1143,1.0000,7.6477,5.6140,1.1885,1.1871,1.1963,1.0000
273.6121,7.9812,6.4380,-0.0827,8.8258,6.5626,-2.9810,-2.9850,-2.9879,1.0000,7.5478,7.2808,-1.0993,-1.1012,-1.1075,1.0000,7.6447,5.6265,1.1869,1.1851,1.1800,1.0000
273.8328,7.9823,6.4488,-0.0827,8.8290,6.5675,-2.9854,-2.9897,-2.9806,1.0000,7.5499,7.2918,-1.1014,-1.1033,-1.1061,1.0000,7.6418,5.6390,1.1849,1.1825,1.1885,1.0000
274.0775,7.9832,6.4594,-0.0827,8.8337,6.5723,-2.9901,-2.9946,-2.9735,1.0000,7.5521,7.3027,-1.1035,-1.1052,-1.1146,1.0000,7.6389,5.6515,1.1822,1.1791,1.1735,1.0000
274.2872,7.9835,6.4700,-0.0827,8.8394,6.5772,-2.9951,-2.9999,-2.9805,1.0000,7.5541,7.3136,-1.1054,-1.1072,-1.1146,1.0000,7.6358,5.6638,1.1787,1.1750,1.1735,1.0000
274.5136,7.9835,6.4807,-0.0827,8.8451,6.5822,-3.0004,-3.0055,-2.9890,1.0000,7.5562,7.3246,-1.1074,-1.1091,-1.0946,1.0000,7.6328,5.6764,1.1746,1.1703,1.1814,1.0000
274.7419,7.9837,6.4914,-0.0827,8.8506,6.5871,-3.0061,-3.0116,-2.9919,1.0000,7.5583,7.3355,-1.1093,-1.1112,-1.0981,1.0000,7.6299,5.6892,1.1698,1.1649,1.1685,1.0000
274.9640,7.9856,6.5129,-0.0827,8.8567,6.5920,-3.0123,-3.0182,-3.0071,1.0000,7.5604,7.3465,-1.1114,-1.1131,-1.0897,1.0000,7.6270,5.7019,1.1644,1.1590,1.1726,1.0000
275.1653,7.9864,6.5235,-0.0827,8.8707,6.6017,-3.0260,-3.0274,-3.0146,1.0000,7.5644,7.3685,-1.1152,-1.1153,-1.1251,1.0000,7.6209,5.7274,1.1518,1.1511,1.1591,1.0000
275.3752,7.9865,6.5342,-0.0827,8.8769,6.6070,-3.0336,-3.0367,-3.0151,1.0000,7.5664,7.3795,-1.1169,-1.1173,-1.1270,1.0000,7.6180,5.7404,1.1447,1.1426,1.1503,1.0000
275.6227,7.9864,6.5448,-0.0827,8.8822,6.6128,-3.0417,-3.0493,-3.0283,1.0000,7.5684,7.3905,-1.1184,-1.1199,-1.1202,1.0000,7.6152,5.7532,1.1375,1.1309,1.1315,1.0000
275.8572,7.9869,6.5555,-0.0827,8.8865,6.6191,-3.0502,-3.0583,-3.0258,1.0000,7.5703,7.4016,-1.1200,-1.1214,-1.1144,1.0000,7.6122,5.7654,1.1302,1.1236,1.1279,1.0000
276.0699,7.9889,6.5770,-0.0827,8.8908,6.6264,-3.0592,-3.0675,-3.0399,1.0000,7.5723,7.4127,-1.1216,-1.1229,-1.1204,1.0000,7.6090,5.7771,1.1228,1.1163,1.1340,1.0000
276.2967,7.9894,6.5876,-0.0827,8.8949,6.6351,-3.0684,-3.0767,-3.0641,1.0000,7.5742,7.4238,-1.1230,-1.1242,-1.1279,1.0000,7.6060,5.7885,1.1156,1.1091,1.1298,1.0000
276.5013,7.9894,6.5982,-0.0827,8.9003,6.6544,-3.0865,-3.0857,-3.0585,1.0000,7.5761,7.4349,-1.1243,-1.1253,-1.1283,1.0000,7.6030,5.7992,1.1084,1.1020,1.1268,1.0000
276.7046,7.9895,6.6089,-0.0827,8.9018,6.6643,-3.0950,-3.1014,-3.0568,1.0000,7.5798,7.4572,-1.1266,-1.1274,-1.1404,1.0000,7.5963,5.8179,1.0944,1.0896,1.1092,1.0000
276.9065,7.9901,6.6197,-0.0827,8.9030,6.6747,-3.1029,-3.1087,-3.0832,1.0000,7.5817,7.4683,-1.1278,-1.1287,-1.1217,1.0000,7.5920,5.8265,1.0876,1.0830,1.0977,1.0000
277.1090,7.9912,6.6304,-0.0827,8.9042,6.6857,-3.1101,-3.1157,-3.0928,1.0000,7.5835,7.4795,-1.1290,-1.1301,-1.1217,1.0000,7.5876,5.8347,1.0810,1.0754,1.0977,1.0000
277.3465,7.9921,6.6410,-0.0827,8.9052,6.6970,-3.1163,-3.1210,-3.1106,1.0000,7.5853,7.4907,-1.1302,-1.1312,-1.1190,1.0000,7.5834,5.8425,1.0747,1.0693,1.0792,1.0000
277.5885,7.9924,6.6517,-0.0827,8.9059,6.7074,-3.1214,-3.1251,-3.1131,1.0000,7.5871,7.5019,-1.1313,-1.1322,-1.1145,1.0000,7.5788,5.8499,1.0687,1.0636,1.0749,1.0000
277.7894,7.9925,6.6730,-0.0827,8.9080,6.7251,-3.1285,-3.1282,-3.1122,1.0000,7.5889,7.5131,-1.1323,-1.1334,-1.1413,1.0000,7.5729,5.8572,1.0630,1.0585,1.0751,1.0000
277.9929,7.9934,6.6838,-0.0827,8.9093,6.7347,-3.1302,-3.1301,-3.1339,1.0000,7.5907,7.5243,-1.1335,-1.1347,-1.1321,1.0000,7.5657,5.8644,1.0580,1.0541,1.0719,1.0000
278.2094,7.9934,6.6838,-0.0827,8.9093,6.7347,-3.1302,-3.1308,3.1291,1.0000,7.5925,7.5355,-1.1348,-1.1360,-1.1385,1.0000,7.5581,5.8714,1.0537,1.0505,1.0719,1.0000
278.4279,7.9951,6.7051,-0.0827,8.9128,6.7525,-3.1302,-3.1296,3.1390,1.0000,7.5960,7.5578,-1.1375,-1.1379,-1.1239,1.0000,7.5435,5.8848,1.0471,1.0463,1.0715,1.0000
278.6627,7.9951,6.7157,-0.0827,8.9160,6.7596,-3.1285,-3.1262,3.1400,1.0000,7.5977,7.5691,-1.1389,-1.1402,-1.1398,1.0000,7.5360,5.8912,1.0442,1.0414,1.0447,1.0000
278.9126,7.9951,6.7264,-0.0827,8.9204,6.7656,-3.1259,-3.1231,3.1395,1.0000,7.5995,7.5803,-1.1403,-1.1417,-1.1435,1.0000,7.5277,5.8973,1.0410,1.0379,1.0412,1.0000
279.1503,7.9956,6.7371,-0.0827,8.9255,6.7714,-3.1227,-3.1196,3.1387,1.0000,7.6012,7.5914,-1.1419,-1.1434,-1.1412,1.0000,7.5192,5.9031,1.0376,1.0344,1.0545,1.0000
279.4001,7.9966,6.7478,-0.0827,8.9315,6.7770,-3.1192,-3.1158,-3.1310,1.0000,7.6030,7.6026,-1.1435,-1.1451,-1.1235,1.0000,7.5122,5.9088,1.0340,1.0308,1.0597,1.0000
279.6506,7.9975,6.7585,-0.0827,8.9384,6.7814,-3.1154,-3.1120,-3.1266,1.0000,7.6047,7.6138,-1.1453,-1.1468,-1.1355,1.0000,7.5070,5.9140,1.0305,1.0273,1.0314,1.0000
279.8513,7.9979,6.7691,-0.0827,8.9454,6.7844,-3.1117,-3.1087,-3.1208,1.0000,7.6064,7.6250,-1.1470,-1.1485,-1.1354,1.0000,7.5028,5.9189,1.0270,1.0239,1.0260,1.0000
280.0954,7.9978,6.7797,-0.0827,8.9524,6.7864,-3.1084,-3.1060,-3.1058,1.0000,7.6082,7.6362,-1.1487,-1.1503,-1.1413,1.0000,7.4981,5.9236,1.0235,1.0205,1.0440,1.0000
280.3336,7.9979,6.7904,-0.0827,8.9596,6.7880,-3.1057,-3.1040,-3.1186,1.0000,7.6099,7.6474,-1.1504,-1.1520,-1.1350,1.0000,7.4931,5.9282,1.0202,1.0172,1.0294,1.0000
280.5377,7.9997,6.8119,-0.0827,8.9664,6.7895,-3.1038,-3.1028,-3.1241,1.0000,7.6116,7.6586,-1.1522,-1.1538,-1.1601,1.0000,7.4893,5.9326,1.0168,1.0139,1.0364,1.0000
280.7381,8.0004,6.8225,-0.0827,8.9769,6.7915,-3.1022,-3.1022,-3.1223,1.0000,7.6150,7.6810,-1.1556,-1.1556,-1.1469,1.0000,7.4871,5.9414,1.0103,1.0107,1.0239,1.0000
280.9429,8.0006,6.8331,-0.0826,8.9808,6.7918,-3.1024,-3.1025,-3.1305,1.0000,7.6166,7.6923,-1.1571,-1.1573,-1.1509,1.0000,7.4855,5.9463,1.0074,1.0071,1.0054,1.0000
281.1437,8.0004,6.8438,-0.0826,8.9845,6.7925,-3.1034,-3.1035,-3.1295,1.0000,7.6182,7.7036,-1.1585,-1.1587,-1.1502,1.0000,7.4834,5.9514,1.0047,1.0047,1.0081,1.0000
281.3451,8.0007,6.8545,-0.0826,8.9877,6.7936,-3.1054,-3.1066,-3.1298,1.0000,7.6199,7.7149,-1.1599,-1.1604,-1.1483,1.0000,7.4824,5.9560,1.0024,1.0017,0.9990,1.0000
281.5487,8.0017,6.8652,-0.0826,8.9903,6.7950,-3.1088,-3.1126,-3.1047,1.0000,7.6215,7.7262,-1.1614,-1.1623,-1.1563,1.0000,7.4832,5.9606,1.0004,0.9992,1.0261,1.0000
281.7887,8.0027,6.8759,-0.0826,8.9922,6.7965,-3.1137,-3.1197,-3.1058,1.0000,7.6231,7.7375,-1.1627,-1.1639,-1.1697,1.0000,7.4849,5.9659,0.9988,0.9980,1.0052,1.0000
281.9900,8.0032,6.8865,-0.0826,8.9935,6.7984,-3.1205,-3.1283,-3.1124,1.0000,7.6247,7.7488,-1.1640,-1.1651,-1.1653,1.0000,7.4860,5.9719,0.9979,0.9977,1.0043,1.0000
282.2080,8.0031,6.8972,-0.0826,8.9941,6.8011,-3.1293,-3.1391,-3.1301,1.0000,7.6263,7.7602,-1.1652,-1.1662,-1.1603,1.0000,7.4871,5.9781,0.9977,0.9983,1.0234,1.0000
282.4578,8.0031,6.9078,-0.0826,8.9942,6.8046,-3.1403,3.1311,-3.1401,1.0000,7.6278,7.7715,-1.1664,-1.1675,-1.1779,1.0000,7.4892,5.9842,0.9984,0.9998,1.0288,1.0000
282.6629,8.0047,6.9293,-0.0826,8.9927,6.8137,3.1144,3.1111,-3.1404,1.0000,7.6309,7.7942,-1.1689,-1.1690,-1.1699,1.0000,7.4961,5.9977,1.0026,1.0029,1.0224,1.0000
282.8631,8.0056,6.9399,-0.0826,8.9912,6.8193,3.0974,3.0846,3.1116,1.0000,7.6325,7.8056,-1.1701,-1.1709,-1.1775,1.0000,7.4999,6.0057,1.0062,1.0092,1.0033,1.0000
283.1098,8.0059,6.9506,-0.0826,8.9893,6.8253,3.0789,3.0616,3.0925,1.0000,7.6340,7.8170,-1.1713,-1.1722,-1.1769,1.0000,7.5037,6.0135,1.0106,1.0152,0.9981,1.0000
283.3498,8.0057,6.9612,-0.0826,8.9872,6.8313,3.0597,3.0420,3.0712,1.0000,7.6355,7.8284,-1.1724,-1.1734,-1.1637,1.0000,7.5076,6.0208,1.0157,1.0209,1.0069,1.0000
283.5536,8.0066,6.9826,-0.0825,8.9829,6.8445,3.0202,3.0044,3.0444,1.0000,7.6385,7.8512,-1.1748,-1.1757,-1.1736,1.0000,7.5162,6.0355,1.0277,1.0325,1.0109,1.0000
283.7875,8.0077,6.9933,-0.0825,8.9807,6.8514,3.0005,2.9831,3.0238,1.0000,7.6400,7.8626,-1.1761,-1.1773,-1.1907,1.0000,7.5207,6.0435,1.0346,1.0413,1.0326,1.0000
283.9965,8.0084,7.0146,-0.0825,8.9787,6.8586,2.9812,2.9645,3.0198,1.0000,7.6414,7.8740,-1.1774,-1.1786,-1.1786,1.0000,7.5249,6.0512,1.0421,1.0491,1.0366,1.0000
284.1976,8.0082,7.0252,-0.0825,8.9749,6.8724,2.9451,2.9418,2.9912,1.0000,7.6444,7.8968,-1.1800,-1.1802,-1.1625,1.0000,7.5336,6.0662,1.0583,1.0591,1.0280,1.0000
284.3981,8.0086,7.0359,-0.0825,8.9734,6.8794,2.9289,2.9199,2.9680,1.0000,7.6458,7.9082,-1.1815,-1.1824,-1.1695,1.0000,7.5383,6.0747,1.0671,1.0726,1.0396,1.0000
284.6399,8.0095,7.0466,-0.0825,8.9722,6.8868,2.9142,2.9025,2.9213,1.0000,7.6473,7.9196,-1.1830,-1.1843,-1.1662,1.0000,7.5432,6.0838,1.0763,1.0848,1.0834,1.0000
284.8551,8.0104,7.0573,-0.0825,8.9712,6.8942,2.9013,2.8913,2.9192,1.0000,7.6487,7.9310,-1.1845,-1.1857,-1.1638,1.0000,7.5482,6.0933,1.0857,1.0941,1.0806,1.0000
285.0856,8.0108,7.0679,-0.0825,8.9705,6.9013,2.8902,2.8820,2.9148,1.0000,7.6502,7.9425,-1.1858,-1.1870,-1.1713,1.0000,7.5535,6.1035,1.0950,1.1032,1.1105,1.0000
285.2867,8.0106,7.0892,-0.0825,8.9698,6.9146,2.8741,2.8730,2.8912,1.0000,7.6530,7.9654,-1.1885,-1.1887,-1.1760,1.0000,7.5647,6.1261,1.1128,1.1137,1.1163,1.0000
285.4869,8.0112,7.0999,-0.0825,8.9699,6.9213,2.8691,2.8669,2.8815,1.0000,7.6544,7.9768,-1.1900,-1.1909,-1.1892,1.0000,7.5705,6.1384,1.1209,1.1254,1.1285,1.0000
285.7358,8.0122,7.1106,-0.0825,8.9702,6.9279,2.8662,2.8652,2.8915,1.0000,7.6558,7.9883,-1.1915,-1.1927,-1.1902,1.0000,7.5764,6.1510,1.1282,1.1340,1.1313,1.0000
285.9846,8.0130,7.1213,-0.0825,8.9708,6.9344,2.8652,2.8659,2.8857,1.0000,7.6572,7.9997,-1.1929,-1.1941,-1.1796,1.0000,7.5822,6.1634,1.1346,1.1395,1.1245,1.0000
286.2034,8.0131,7.1319,-0.0824,8.9717,6.9409,2.8661,2.8690,2.8647,1.0000,7.6586,8.0112,-1.1942,-1.1953,-1.1914,1.0000,7.5880,6.1760,1.1400,1.1442,1.1641,1.0000
286.4137,8.0129,7.1425,-0.0824,8.9728,6.9480,2.8694,2.8743,2.8769,1.0000,7.6600,8.0227,-1.1954,-1.1965,-1.2151,1.0000,7.5938,6.1888,1.1446,1.1480,1.1548,1.0000
286.6349,8.0131,7.1533,-0.0824,8.9741,6.9554,2.8750,2.8818,2.8685,1.0000,7.6613,8.0342,-1.1967,-1.1978,-1.2279,1.0000,7.5994,6.2018,1.1484,1.1512,1.1484,1.0000
286.8651,8.0139,7.1640,-0.0824,8.9757,6.9632,2.8826,2.8909,2.8713,1.0000,7.6626,8.0458,-1.1979,-1.1989,-1.2073,1.0000,7.6050,6.2147,1.1514,1.1535,1.1378,1.0000
287.0931,8.0149,7.1746,-0.0825,8.9775,6.9715,2.8919,2.9014,2.8612,1.0000,7.6640,8.0573,-1.1990,-1.1999,-1.2088,1.0000,7.6105,6.2271,1.1537,1.1552,1.1342,1.0000
287.3289,8.0153,7.1958,-0.0825,8.9793,6.9805,2.9024,2.9125,2.8584,1.0000,7.6653,8.0689,-1.2000,-1.2007,-1.2045,1.0000,7.6160,6.2396,1.1553,1.1562,1.1347,1.0000
287.5756,8.0153,7.1958,-0.0825,8.9810,6.9904,2.9136,2.9237,2.8865,1.0000,7.6666,8.0805,-1.2008,-1.2016,-1.1837,1.0000,7.6214,6.2522,1.1563,1.1569,1.1546,1.0000
287.8153,8.0151,7.2065,-0.0825,8.9824,7.0012,2.9248,2.9345,2.9214,1.0000,7.6678,8.0921,-1.2016,-1.2025,-1.1773,1.0000,7.6268,6.2651,1.1569,1.1573,1.1605,1.0000
288.0524,8.0155,7.2172,-0.0825,8.9836,7.0129,2.9356,2.9444,2.9386,1.0000,7.6691,8.1037,-1.2026,-1.2035,-1.1809,1.0000,7.6323,6.2781,1.1573,1.1576,1.1637,1.0000
288.2524,8.0164,7.2279,-0.0825,8.9845,7.0255,2.9453,2.9527,2.9590,1.0000,7.6704,8.1152,-1.2036,-1.2044,-1.1928,1.0000,7.6377,6.2909,1.1576,1.1579,1.1528,1.0000
288.4611,8.0173,7.2385,-0.0825,8.9850,7.0392,2.9535,2.9563,2.9590,1.0000,7.6717,8.1268,-1.2045,-1.2048,-1.1928,1.0000,7.6432,6.3036,1.1580,1.1581,1.1528,1.0000
288.6721,8.0175,7.2491,-0.0825,8.9849,7.0540,2.9599,2.9593,2.9699,1.0000,7.6717,8.1268,-1.2045,-1.2054,-1.1778,1.0000,7.6432,6.3036,1.1580,1.1584,1.1555,1.0000
288.8858,8.0173,7.2597,-0.0825,8.9849,7.0540,2.9599,2.9638,2.9911,1.0000,7.6729,8.1384,-1.2055,-1.2064,-1.2049,1.0000,7.6485,6.3163,1.1584,1.1591,1.1602,1.0000
289.0902,8.0172,7.2704,-0.0825,8.9843,7.0698,2.9642,2.9663,2.9845,1.0000,7.6742,8.1500,-1.2065,-1.2076,-1.2021,1.0000,7.6539,6.3289,1.1592,1.1602,1.1523,1.0000
289.3114,8.0178,7.2811,-0.0825,8.9831,7.0866,2.9664,2.9668,2.9715,1.0000,7.6754,8.1616,-1.2077,-1.2090,-1.2063,1.0000,7.6592,6.3416,1.1604,1.1619,1.1689,1.0000
289.5138,8.0187,7.2918,-0.0825,8.9816,7.1038,2.9667,2.9658,2.9795,1.0000,7.6767,8.1732,-1.2091,-1.2105,-1.2004,1.0000,7.6644,6.3541,1.1621,1.1640,1.1711,1.0000
289.7310,8.0193,7.3024,-0.0825,8.9781,7.1383,2.9635,2.9637,2.9783,1.0000,7.6780,8.1847,-1.2106,-1.2120,-1.1995,1.0000,7.6697,6.3666,1.1643,1.1667,1.1666,1.0000
289.9345,8.0193,7.3130,-0.0825,8.9760,7.1557,2.9608,2.9611,2.9612,1.0000,7.6792,8.1963,-1.2122,-1.2135,-1.2051,1.0000,7.6749,6.3791,1.1670,1.1698,1.1560,1.0000
290.1362,8.0190,7.3236,-0.0825,8.9739,7.1730,2.9581,2.9581,2.9768,1.0000,7.6817,8.2194,-1.2152,-1.2152,-1.2077,1.0000,7.6801,6.3915,1.1702,1.1734,1.1678,1.0000
290.3371,8.0192,7.3343,-0.0825,8.9720,7.1898,2.9557,2.9555,2.9580,1.0000,7.6830,8.2310,-1.2168,-1.2170,-1.2223,1.0000,7.6902,6.4161,1.1780,1.1784,1.1828,1.0000
290.5478,8.0192,7.3343,-0.0825,8.9720,7.1898,2.9557,2.9543,2.9537,1.0000,7.6830,8.2310,-1.2168,-1.2183,-1.2236,1.0000,7.6902,6.4161,1.1780,1.1823,1.2012,1.0000
290.7594,8.0208,7.3556,-0.0825,8.9704,7.2062,2.9542,2.9538,2.9655,1.0000,7.6842,8.2425,-1.2185,-1.2200,-1.2116,1.0000,7.6950,6.4287,1.1828,1.1877,1.1905,1.0000
290.9791,8.0211,7.3662,-0.0825,8.9677,7.2386,2.9547,2.9546,2.9729,1.0000,7.6855,8.2541,-1.2202,-1.2217,-1.2201,1.0000,7.6998,6.4416,1.1883,1.1938,1.1842,1.0000
291.1840,8.0209,7.3768,-0.0825,8.9666,7.2548,2.9572,2.9587,2.9661,1.0000,7.6879,8.2773,-1.2234,-1.2239,-1.2177,1.0000,7.7091,6.4673,1.2010,1.2030,1.1939,1.0000
291.3851,8.0207,7.3874,-0.0825,8.9658,7.2710,2.9613,2.9634,2.9795,1.0000,7.6891,8.2889,-1.2250,-1.2256,-1.2242,1.0000,7.7135,6.4802,1.2078,1.2106,1.2011,1.0000
291.5871,8.0210,7.3982,-0.0825,8.9651,7.2871,2.9670,2.9663,2.9562,1.0000,7.6891,8.2889,-1.2250,-1.2263,-1.2198,1.0000,7.7135,6.4802,1.2078,1.2141,1.2111,1.0000
291.8089,8.0210,7.3982,-0.0825,8.9651,7.2871,2.9670,2.9734,2.9397,1.0000,7.6903,8.3005,-1.2265,-1.2277,-1.2272,1.0000,7.7174,6.4936,1.2148,1.2212,1.2124,1.0000
292.0370,8.0219,7.4088,-0.0825,8.9647,7.3032,2.9742,2.9818,2.9624,1.0000,7.6915,8.3122,-1.2279,-1.2290,-1.2227,1.0000,7.7212,6.5071,1.2219,1.2280,1.2117,1.0000
292.2375,8.0226,7.4300,-0.0825,8.9643,7.3353,2.9926,2.9926,2.9897,1.0000,7.6926,8.3239,-1.2292,-1.2302,-1.2370,1.0000,7.7253,6.5205,1.2287,1.2344,1.2157,1.0000
292.4468,8.0223,7.4406,-0.0825,8.9643,7.3353,2.9926,3.0023,2.9869,1.0000,7.6938,8.3356,-1.2303,-1.2311,-1.2358,1.0000,7.7293,6.5337,1.2350,1.2403,1.2336,1.0000
292.6474,8.0221,7.4512,-0.0825,8.9644,7.3676,3.0149,3.0138,3.0225,1.0000,7.6949,8.3473,-1.2312,-1.2320,-1.2523,1.0000,7.7329,6.5472,1.2408,1.2456,1.2246,1.0000
292.8541,8.0226,7.4619,-0.0824,8.9646,7.3838,3.0267,3.0361,3.0180,1.0000,7.6971,8.3708,-1.2330,-1.2336,-1.2438,1.0000,7.7390,6.5748,1.2508,1.2536,1.2350,1.0000
293.0581,8.0234,7.4726,-0.0824,8.9647,7.4001,3.0385,3.0477,3.0293,1.0000,7.6982,8.3825,-1.2338,-1.2343,-1.2349,1.0000,7.7425,6.5886,1.2547,1.2570,1.2550,1.0000
293.2961,8.0238,7.4831,-0.0824,8.9647,7.4164,3.0499,3.0597,3.0420,1.0000,7.6993,8.3943,-1.2345,-1.2351,-1.2162,1.0000,7.7460,6.6026,1.2578,1.2599,1.2685,1.0000
293.5218,8.0236,7.4937,-0.0824,8.9647,7.4329,3.0607,3.0698,3.0431,1.0000,7.7004,8.4061,-1.2352,-1.2358,-1.2195,1.0000,7.7492,6.6169,1.2601,1.2615,1.2522,1.0000
293.7283,8.0232,7.5043,-0.0824,8.9646,7.4494,3.0707,3.0789,3.0582,1.0000,7.7013,8.4177,-1.2359,-1.2366,-1.2195,1.0000,7.7520,6.6314,1.2616,1.2624,1.2522,1.0000
293.9784,8.0233,7.5150,-0.0824,8.9643,7.4660,3.0797,3.0869,3.0687,1.0000,7.7021,8.4288,-1.2367,-1.2377,-1.2353,1.0000,7.7545,6.6459,1.2625,1.2627,1.2735,1.0000
294.1798,8.0235,7.5252,-0.0824,8.9638,7.4827,3.0877,3.0939,3.0864,1.0000,7.7030,8.4401,-1.2378,-1.2388,-1.2568,1.0000,7.7571,6.6603,1.2627,1.2625,1.2610,1.0000
294.4277,8.0214,7.5340,-0.0824,8.9632,7.4994,3.0945,3.0998,3.0887,1.0000,7.7039,8.4515,-1.2389,-1.2399,-1.2462,1.0000,7.7601,6.6749,1.2624,1.2617,1.2743,1.0000
294.6310,8.0037,7.5459,-0.0820,8.9616,7.5331,3.1051,3.1067,3.0953,1.0000,7.7051,8.4734,-1.2411,-1.2414,-1.2224,1.0000,7.7643,6.7040,1.2605,1.2602,1.2734,1.0000
294.8499,7.9901,7.5492,-0.0817,8.9605,7.5493,3.1091,3.1123,3.0827,1.0000,7.7052,8.4837,-1.2424,-1.2441,-1.2357,1.0000,7.7651,6.7183,1.2595,1.2590,1.2709,1.0000
295.0748,7.9764,7.5514,-0.0814,8.9589,7.5643,3.1126,3.1157,3.0932,1.0000,7.7053,8.4937,-1.2443,-1.2465,-1.2375,1.0000,7.7652,6.7320,1.2590,1.2593,1.2611,1.0000
295.3101,7.9642,7.5531,-0.0811,8.9567,7.5786,3.1161,3.1193,3.1184,1.0000,7.7054,8.5034,-1.2468,-1.2497,-1.2458,1.0000,7.7643,6.7450,1.2593,1.2607,1.2723,1.0000
295.5145,7.9429,7.5558,-0.0807,8.9504,7.6047,3.1239,3.1248,3.1363,1.0000,7.7045,8.5210,-1.2543,-1.2548,-1.2568,1.0000,7.7573,6.7689,1.2638,1.2642,1.2723,1.0000
295.7207,7.9323,7.5568,-0.0805,8.9455,7.6160,3.1289,3.1343,3.1294,1.0000,7.7033,8.5287,-1.2599,-1.2664,-1.2617,1.0000,7.7505,6.7798,1.2682,1.2733,1.2628,1.0000
295.9209,7.9215,7.5577,-0.0803,8.9387,7.6263,3.1350,-3.1416,-3.1244,1.0000,7.7018,8.5355,-1.2672,-1.2755,-1.2550,1.0000,7.7414,6.7901,1.2739,1.2803,1.2652,1.0000
296.1248,7.9013,7.5596,-0.0801,8.9202,7.6448,-3.1321,-3.1282,-3.1403,1.0000,7.6981,8.5469,-1.2877,-1.2914,-1.2595,1.0000,7.7163,6.8087,1.2898,1.2927,1.2710,1.0000
296.3654,7.8915,7.5606,-0.0800,8.9089,7.6534,-3.1220,-3.1120,-3.1257,1.0000,7.6956,8.5515,-1.3007,-1.3137,-1.2945,1.0000,7.7007,6.8164,1.2999,1.3097,1.2943,1.0000
296.5830,7.8811,7.5616,-0.0800,8.8967,7.6614,-3.1108,-3.1000,-3.1225,1.0000,7.6924,8.5555,-1.3152,-1.3295,-1.2944,1.0000,7.6839,6.8225,1.3108,1.3204,1.3080,1.0000
296.7874,7.8701,7.5624,-0.0800,8.8835,7.6686,-3.0987,-3.0874,-3.0785,1.0000,7.6888,8.5590,-1.3311,-1.3465,-1.3252,1.0000,7.6657,6.8272,1.3214,1.3302,1.3215,1.0000
297.0029,7.8589,7.5632,-0.0800,8.8696,7.6752,-3.0862,-3.0747,-3.0798,1.0000,7.6848,8.5619,-1.3483,-1.3646,-1.3427,1.0000,7.6464,6.8304,1.3311,1.3381,1.3211,1.0000
297.2065,7.8482,7.5641,-0.0800,8.8554,7.6812,-3.0734,-3.0620,-3.0830,1.0000,7.6805,8.5641,-1.3664,-1.3833,-1.3722,1.0000,7.6268,6.8315,1.3388,1.3430,1.3189,1.0000
297.4092,7.8279,7.5660,-0.0801,8.8281,7.6922,-3.0481,-3.0493,-3.0648,1.0000,7.6753,8.5657,-1.3852,-1.4025,-1.3680,1.0000,7.6077,6.8298,1.3433,1.3439,1.3314,1.0000
297.6145,7.8172,7.5668,-0.0802,8.8152,7.6971,-3.0358,-3.0264,-3.0506,1.0000,7.6607,8.5677,-1.4235,-1.4366,-1.3941,1.0000,7.5720,6.8185,1.3395,1.3338,1.3332,1.0000
297.8562,7.8061,7.5676,-0.0803,8.8024,7.7016,-3.0242,-3.0144,-3.0404,1.0000,7.6515,8.5675,-1.4421,-1.4577,-1.4180,1.0000,7.5549,6.8100,1.3307,1.3191,1.3208,1.0000
298.0904,7.7847,7.5692,-0.0806,8.7897,7.7059,-3.0133,-3.0045,-3.0139,1.0000,7.6407,8.5662,-1.4594,-1.4729,-1.4373,1.0000,7.5385,6.8001,1.3176,1.3029,1.3119,1.0000
298.2930,7.7746,7.5701,-0.0807,8.7645,7.7157,-2.9949,-2.9904,-2.9919,1.0000,7.6127,8.5612,-1.4858,-1.4899,-1.4512,1.0000,7.5084,6.7767,1.2822,1.2721,1.2997,1.0000
298.4936,7.7643,7.5710,-0.0809,8.7519,7.7207,-2.9876,-2.9857,-3.0150,1.0000,7.5960,8.5581,-1.4929,-1.4941,-1.4673,1.0000,7.4945,6.7642,1.2619,1.2578,1.2997,1.0000
298.7348,7.7643,7.5710,-0.0809,8.7519,7.7207,-2.9876,-2.9823,-3.0023,1.0000,7.5960,8.5581,-1.4929,-1.4952,-1.4973,1.0000,7.4945,6.7642,1.2619,1.2437,1.2938,1.0000
298.9613,7.7535,7.5717,-0.0810,8.7394,7.7256,-2.9818,-2.9777,-2.9971,1.0000,7.5780,8.5544,-1.4952,-1.4930,-1.4897,1.0000,7.4809,6.7521,1.2417,1.2247,1.2785,1.0000
299.1859,7.7424,7.5724,-0.0812,8.7267,7.7305,-2.9774,-2.9746,-2.9911,1.0000,7.5586,8.5499,-1.4924,-1.4857,-1.5069,1.0000,7.4677,6.7407,1.2229,1.2081,1.2491,1.0000
299.4242,7.7317,7.5732,-0.0814,8.7137,7.7356,-2.9744,-2.9728,-2.9703,1.0000,7.5381,8.5452,-1.4848,-1.4739,-1.4935,1.0000,7.4546,6.7295,1.2066,1.1949,1.2178,1.0000
299.6369,7.7215,7.5741,-0.0815,8.7004,7.7411,-2.9727,-2.9721,-2.9786,1.0000,7.5168,8.5405,-1.4724,-1.4578,-1.4815,1.0000,7.4416,6.7182,1.1938,1.1857,1.2157,1.0000
299.8731,7.7113,7.5750,-0.0817,8.6871,7.7465,-2.9721,-2.9724,-2.9683,1.0000,7.4953,8.5357,-1.4559,-1.4380,-1.4826,1.0000,7.4287,6.7070,1.1850,1.1808,1.1932,1.0000
300.1116,7.7008,7.5758,-0.0819,8.6737,7.7519,-2.9724,-2.9733,-2.9810,1.0000,7.4735,8.5309,-1.4359,-1.4156,-1.4458,1.0000,7.4158,6.6957,1.1805,1.1803,1.1954,1.0000
300.3432,7.6899,7.5765,-0.0820,8.6602,7.7574,-2.9734,-2.9747,-2.9927,1.0000,7.4514,8.5259,-1.4133,-1.3917,-1.4406,1.0000,7.4023,6.6844,1.1805,1.1844,1.1813,1.0000
300.5778,7.6790,7.5772,-0.0822,8.6465,7.7628,-2.9748,-2.9762,-2.9823,1.0000,7.4298,8.5212,-1.3892,-1.3672,-1.4029,1.0000,7.3879,6.6735,1.1850,1.1925,1.1791,1.0000
300.7937,7.6685,7.5780,-0.0823,8.6327,7.7676,-2.9764,-2.9776,-2.9631,1.0000,7.4085,8.5165,-1.3647,-1.3429,-1.3902,1.0000,7.3729,6.6627,1.1935,1.2039,1.1734,1.0000
300.9945,7.6583,7.5789,-0.0825,8.6190,7.7722,-2.9778,-2.9788,-2.9803,1.0000,7.3872,8.5117,-1.3405,-1.3195,-1.3761,1.0000,7.3574,6.6521,1.2051,1.2174,1.1917,1.0000
301.2174,7.6481,7.5798,-0.0826,8.6052,7.7766,-2.9789,-2.9794,-2.9923,1.0000,7.3662,8.5066,-1.3172,-1.2975,-1.3334,1.0000,7.3413,6.6421,1.2189,1.2321,1.2271,1.0000
301.4367,7.6374,7.5805,-0.0827,8.5912,7.7804,-2.9794,-2.9794,-2.9771,1.0000,7.3454,8.5015,-1.2955,-1.2775,-1.2961,1.0000,7.3243,6.6332,1.2336,1.2468,1.2373,1.0000
301.6701,7.6264,7.5812,-0.0828,8.5772,7.7835,-2.9794,-2.9787,-2.9682,1.0000,7.3248,8.4962,-1.2756,-1.2597,-1.2824,1.0000,7.3065,6.6260,1.2482,1.2604,1.2514,1.0000
301.8766,7.6156,7.5819,-0.0829,8.5634,7.7858,-2.9786,-2.9777,-2.9672,1.0000,7.3043,8.4907,-1.2580,-1.2501,-1.2591,1.0000,7.2880,6.6204,1.2616,1.2676,1.2544,1.0000
302.0970,7.6052,7.5828,-0.0830,8.5634,7.7858,-2.9786,-2.9772,-2.9672,1.0000,7.3043,8.4907,-1.2580,-1.2442,-1.2591,1.0000,7.2880,6.6204,1.2616,1.2720,1.2544,1.0000
302.3055,7.6052,7.5828,-0.0830,8.5495,7.7875,-2.9770,-2.9750,-2.9747,1.0000,7.2838,8.4848,-1.2428,-1.2310,-1.2589,1.0000,7.2690,6.6162,1.2731,1.2812,1.2760,1.0000
302.5109,7.5950,7.5837,-0.0831,8.5356,7.7890,-2.9747,-2.9723,-2.9878,1.0000,7.2633,8.4785,-1.2298,-1.2219,-1.2410,1.0000,7.2495,6.6133,1.2819,1.2863,1.2756,1.0000
302.7116,7.5846,7.5845,-0.0831,8.5221,7.7903,-2.9716,-2.9706,-2.9878,1.0000,7.2427,8.4717,-1.2188,-1.2169,-1.2410,1.0000,7.2296,6.6119,1.2877,1.2884,1.2756,1.0000
302.9156,7.5738,7.5852,-0.0832,8.5087,7.7912,-2.9678,-2.9682,-2.9872,1.0000,7.2427,8.4717,-1.2188,-1.2105,-1.2347,1.0000,7.2296,6.6119,1.2877,1.2898,1.2864,1.0000
303.1238,7.5628,7.5859,-0.0832,8.5087,7.7912,-2.9678,-2.9640,-2.9551,1.0000,7.2221,8.4647,-1.2097,-1.2028,-1.2324,1.0000,7.2091,6.6119,1.2899,1.2888,1.2837,1.0000
303.3239,7.5521,7.5867,-0.0832,8.4820,7.7909,-2.9588,-2.9544,-2.9496,1.0000,7.1811,8.4497,-1.1958,-1.1908,-1.1998,1.0000,7.1662,6.6166,1.2834,1.2758,1.2891,1.0000
303.5360,7.5417,7.5876,-0.0832,8.4688,7.7907,-2.9540,-2.9496,-2.9420,1.0000,7.1607,8.4419,-1.1903,-1.1857,-1.2072,1.0000,7.1447,6.6206,1.2748,1.2644,1.2540,1.0000
303.7568,7.5315,7.5885,-0.0833,8.4559,7.7905,-2.9491,-2.9448,-2.9490,1.0000,7.1403,8.4340,-1.1852,-1.1806,-1.2154,1.0000,7.1236,6.6254,1.2630,1.2500,1.2569,1.0000
303.9744,7.5103,7.5899,-0.0832,8.4431,7.7899,-2.9443,-2.9403,-2.9535,1.0000,7.1206,8.4264,-1.1800,-1.1751,-1.1940,1.0000,7.1028,6.6309,1.2484,1.2333,1.2484,1.0000
304.1915,7.4995,7.5907,-0.0832,8.4304,7.7889,-2.9399,-2.9362,-2.9469,1.0000,7.1021,8.4193,-1.1745,-1.1693,-1.1818,1.0000,7.0826,6.6370,1.2315,1.2146,1.2389,1.0000
304.3917,7.4890,7.5915,-0.0832,8.4048,7.7867,-2.9323,-2.9326,-2.9232,1.0000,7.0846,8.4128,-1.1687,-1.1630,-1.1783,1.0000,7.0634,6.6434,1.2127,1.1945,1.2267,1.0000
304.5980,7.4787,7.5924,-0.0832,8.3921,7.7858,-2.9294,-2.9289,-2.9364,1.0000,7.0533,8.4013,-1.1555,-1.1548,-1.1599,1.0000,7.0283,6.6568,1.1714,1.1693,1.2237,1.0000
304.7980,7.4684,7.5933,-0.0831,8.3795,7.7847,-2.9273,-2.9262,-2.9320,1.0000,7.0397,8.3967,-1.1482,-1.1419,-1.1578,1.0000,7.0121,6.6635,1.1501,1.1330,1.2181,1.0000
305.0031,7.4577,7.5940,-0.0831,8.3669,7.7835,-2.9261,-2.9258,-2.9178,1.0000,7.0273,8.3927,-1.1402,-1.1360,-1.1487,1.0000,6.9966,6.6701,1.1287,1.1181,1.1813,1.0000
305.2183,7.4468,7.5946,-0.0830,8.3543,7.7822,-2.9257,-2.9262,-2.8900,1.0000,7.0160,8.3894,-1.1316,-1.1252,-1.1329,1.0000,6.9813,6.6767,1.1077,1.0934,1.1341,1.0000
305.4274,7.4360,7.5954,-0.0829,8.3414,7.7809,-2.9264,-2.9276,-2.8900,1.0000,7.0050,8.3867,-1.1223,-1.1152,-1.1329,1.0000,6.9661,6.6832,1.0875,1.0741,1.1341,1.0000
305.6581,7.4255,7.5963,-0.0829,8.3284,7.7796,-2.9280,-2.9302,-2.9095,1.0000,6.9937,8.3847,-1.1120,-1.1020,-1.1376,1.0000,6.9511,6.6896,1.0687,1.0534,1.0894,1.0000
305.8930,7.4153,7.5972,-0.0828,8.3154,7.7783,-2.9304,-2.9334,-2.9185,1.0000,6.9819,8.3832,-1.1009,-1.0903,-1.1113,1.0000,6.9358,6.6958,1.0518,1.0385,1.0768,1.0000
306.0933,7.3941,7.5986,-0.0827,8.2891,7.7755,-2.9378,-2.9373,-2.9418,1.0000,6.9692,8.3823,-1.0891,-1.0782,-1.1017,1.0000,6.9201,6.7018,1.0371,1.0261,1.0390,1.0000
306.2976,7.3833,7.5993,-0.0826,8.2758,7.7741,-2.9425,-2.9461,-2.9400,1.0000,6.9424,8.3805,-1.0655,-1.0579,-1.0702,1.0000,6.8878,6.7126,1.0157,1.0109,1.0363,1.0000
306.5283,7.3726,7.6002,-0.0826,8.2623,7.7727,-2.9477,-2.9527,-2.9523,1.0000,6.9286,8.3794,-1.0549,-1.0464,-1.0684,1.0000,6.8713,6.7173,1.0093,1.0058,1.0273,1.0000
306.7492,7.3623,7.6011,-0.0825,8.2489,7.7713,-2.9533,-2.9585,-2.9653,1.0000,6.9139,8.3786,-1.0455,-1.0382,-1.0487,1.0000,6.8547,6.7216,1.0056,1.0043,1.0114,1.0000
306.9677,7.3519,7.6020,-0.0825,8.2353,7.7699,-2.9591,-2.9644,-2.9619,1.0000,6.8989,8.3778,-1.0375,-1.0315,-1.0309,1.0000,6.8379,6.7256,1.0042,1.0048,0.9848,1.0000
307.1828,7.3414,7.6027,-0.0824,8.2218,7.7685,-2.9650,-2.9702,-2.9818,1.0000,6.8844,8.3762,-1.0309,-1.0263,-1.0273,1.0000,6.8210,6.7291,1.0049,1.0069,0.9820,1.0000
307.4213,7.3306,7.6033,-0.0823,8.2083,7.7671,-2.9708,-2.9757,-2.9660,1.0000,6.8704,8.3739,-1.0259,-1.0227,-1.0062,1.0000,6.8040,6.7323,1.0072,1.0102,1.0035,1.0000
307.6493,7.3198,7.6041,-0.0823,8.1947,7.7658,-2.9763,-2.9809,-2.9809,1.0000,6.8567,8.3714,-1.0224,-1.0204,-1.0127,1.0000,6.7869,6.7353,1.0106,1.0143,0.9811,1.0000
307.8716,7.3093,7.6050,-0.0822,8.1812,7.7645,-2.9814,-2.9856,-2.9892,1.0000,6.8428,8.3689,-1.0202,-1.0193,-1.0123,1.0000,6.7699,6.7381,1.0147,1.0184,1.0226,1.0000
308.0788,7.2886,7.6067,-0.0822,8.1551,7.7620,-2.9902,-2.9917,-2.9803,1.0000,6.8149,8.3649,-1.0192,-1.0193,-1.0131,1.0000,6.7363,6.7436,1.0226,1.0236,1.0201,1.0000
308.2872,7.2780,7.6073,-0.0821,8.1430,7.7608,-2.9939,-2.9953,-2.9970,1.0000,6.8012,8.3629,-1.0198,-1.0201,-1.0137,1.0000,6.7204,6.7466,1.0255,1.0262,1.0239,1.0000
308.4964,7.2672,7.6080,-0.0821,8.1312,7.7596,-2.9974,-2.9999,-2.9969,1.0000,6.7876,8.3607,-1.0208,-1.0216,-1.0012,1.0000,6.7050,6.7498,1.0274,1.0279,1.0117,1.0000
308.7287,7.2565,7.6088,-0.0821,8.1199,7.7585,-3.0005,-3.0031,-2.9995,1.0000,6.7735,8.3598,-1.0219,-1.0228,-0.9980,1.0000,6.6900,6.7530,1.0279,1.0273,1.0246,1.0000
308.9637,7.2460,7.6097,-0.0821,8.1093,7.7575,-3.0033,-3.0057,-3.0002,1.0000,6.7583,8.3605,-1.0229,-1.0233,-1.0125,1.0000,6.6755,6.7565,1.0271,1.0250,1.0367,1.0000
309.2052,7.2357,7.6106,-0.0821,8.0997,7.7564,-3.0060,-3.0082,-3.0127,1.0000,6.7426,8.3621,-1.0233,-1.0230,-1.0117,1.0000,6.6613,6.7604,1.0247,1.0211,1.0338,1.0000
309.4127,7.2252,7.6113,-0.0820,8.0907,7.7554,-3.0084,-3.0105,-2.9998,1.0000,6.7269,8.3643,-1.0229,-1.0218,-1.0227,1.0000,6.6478,6.7647,1.0206,1.0156,1.0463,1.0000
309.6319,7.2145,7.6119,-0.0820,8.0822,7.7544,-3.0108,-3.0127,-3.0071,1.0000,6.7105,8.3680,-1.0216,-1.0194,-1.0041,1.0000,6.6353,6.7692,1.0150,1.0088,1.0392,1.0000
309.8626,7.1930,7.6135,-0.0820,8.0740,7.7535,-3.0129,-3.0147,-3.0276,1.0000,6.6932,8.3732,-1.0191,-1.0159,-1.0095,1.0000,6.6230,6.7738,1.0081,1.0007,1.0319,1.0000
310.0693,7.1825,7.6145,-0.0820,8.0578,7.7517,-3.0166,-3.0179,-3.0158,1.0000,6.6570,8.3855,-1.0110,-1.0147,-1.0265,1.0000,6.5974,6.7838,0.9903,0.9980,1.0289,1.0000
310.2805,7.1721,7.6153,-0.0820,8.0501,7.7508,-3.0182,-3.0194,-3.0167,1.0000,6.6386,8.3923,-1.0055,-1.0000,-1.0027,1.0000,6.5854,6.7890,0.9798,0.9980,0.9936,1.0000
310.5045,7.1508,7.6166,-0.0821,8.0346,7.7489,-3.0206,-3.0214,-3.0266,1.0000,6.6028,8.4063,-0.9928,-0.9868,-0.9933,1.0000,6.5618,6.8001,0.9569,0.9980,0.9563,1.0000
310.7121,7.1191,7.6192,-0.0821,8.0183,7.7471,-3.0223,-3.0230,-3.0255,1.0000,6.5695,8.4168,-0.9796,-0.9739,-0.9692,1.0000,6.5374,6.8113,0.9332,0.9980,0.9467,1.0000
310.9601,7.1086,7.6199,-0.0821,8.0022,7.7452,-3.0237,-3.0243,-3.0154,1.0000,6.5390,8.4248,-0.9673,-0.9624,-0.9629,1.0000,6.5131,6.8225,0.9111,0.9980,0.9456,1.0000
311.1971,7.0980,7.6206,-0.0821,7.9941,7.7443,-3.0244,-3.0249,-3.0243,1.0000,6.5254,8.4276,-0.9619,-0.9575,-0.9680,1.0000,6.5009,6.8279,0.9014,0.9980,0.9266,1.0000
311.4272,7.0872,7.6212,-0.0822,7.9859,7.7433,-3.0250,-3.0256,-3.0363,1.0000,6.5130,8.4293,-0.9570,-0.9531,-0.9401,1.0000,6.4892,6.8327,0.8927,0.8856,0.8980,1.0000
311.6428,7.0766,7.6221,-0.0822,7.9776,7.7424,-3.0257,-3.0264,-3.0193,1.0000,6.5014,8.4302,-0.9527,-0.9494,-0.9567,1.0000,6.4780,6.8370,0.8849,0.8787,0.8964,1.0000
311.8568,7.0661,7.6230,-0.0822,7.9694,7.7415,-3.0265,-3.0273,-3.0158,1.0000,6.4903,8.4308,-0.9491,-0.9464,-0.9338,1.0000,6.4666,6.8412,0.8780,0.8728,0.8775,1.0000
312.0937,7.0557,7.6238,-0.0822,7.9611,7.7405,-3.0274,-3.0283,-3.0165,1.0000,6.4797,8.4310,-0.9461,-0.9440,-0.9114,1.0000,6.4550,6.8454,0.8723,0.8682,0.8970,1.0000
312.2949,7.0451,7.6245,-0.0822,7.9528,7.7396,-3.0285,-3.0289,-3.0165,1.0000,6.4696,8.4309,-0.9438,-0.9433,-0.9114,1.0000,6.4437,6.8491,0.8678,0.8667,0.8970,1.0000
312.5316,7.0451,7.6245,-0.0822,7.9528,7.7396,-3.0285,-3.0295,-3.0163,1.0000,6.4696,8.4309,-0.9438,-0.9424,-0.9364,1.0000,6.4437,6.8491,0.8678,0.8649,0.8637,1.0000
312.7362,7.0344,7.6252,-0.0823,7.9445,7.7387,-3.0296,-3.0308,-3.0200,1.0000,6.4602,8.4304,-0.9423,-0.9415,-0.9592,1.0000,6.4330,6.8521,0.8646,0.8628,0.8762,1.0000
312.9844,7.0237,7.6259,-0.0823,7.9361,7.7377,-3.0309,-3.0323,-3.0192,1.0000,6.4511,8.4296,-0.9414,-0.9414,-0.9609,1.0000,6.4225,6.8548,0.8627,0.8620,0.8788,1.0000
313.1912,7.0131,7.6268,-0.0823,7.9277,7.7368,-3.0324,-3.0339,-3.0176,1.0000,6.4420,8.4287,-0.9414,-0.9420,-0.9622,1.0000,6.4114,6.8576,0.8620,0.8623,0.8902,1.0000
313.4166,7.0027,7.6277,-0.0823,7.9193,7.7359,-3.0341,-3.0357,-3.0340,1.0000,6.4328,8.4278,-0.9421,-0.9434,-0.9479,1.0000,6.3999,6.8604,0.8624,0.8636,0.8743,1.0000
313.6167,6.9816,7.6291,-0.0823,7.9024,7.7340,-3.0380,-3.0391,-3.0312,1.0000,6.4147,8.4258,-0.9457,-0.9469,-0.9517,1.0000,6.3773,6.8651,0.8661,0.8673,0.8838,1.0000
313.8234,6.9709,7.6298,-0.0823,7.8939,7.7331,-3.0403,-3.0417,-3.0331,1.0000,6.4059,8.4246,-0.9483,-0.9498,-0.9468,1.0000,6.3661,6.8671,0.8692,0.8710,0.8607,1.0000
314.0238,6.9602,7.6306,-0.0823,7.8853,7.7322,-3.0427,-3.0429,-3.0586,1.0000,6.3970,8.4233,-0.9514,-0.9518,-0.9387,1.0000,6.3548,6.8692,0.8728,0.8728,0.8828,1.0000
314.2239,6.9496,7.6315,-0.0823,7.8767,7.7313,-3.0453,-3.0453,-3.0586,1.0000,6.3882,8.4221,-0.9549,-0.9549,-0.9387,1.0000,6.3432,6.8713,0.8768,0.8768,0.8828,1.0000
314.4420,6.9391,7.6324,-0.0824,7.8681,7.7304,-3.0480,-3.0478,-3.0744,1.0000,6.3882,8.4221,-0.9549,-0.9581,-0.9451,1.0000,6.3432,6.8713,0.8768,0.8806,0.8766,1.0000
314.6421,6.9286,7.6331,-0.0824,7.8595,7.7295,-3.0509,-3.0524,-3.0609,1.0000,6.3704,8.4195,-0.9621,-0.9639,-0.9617,1.0000,6.3204,6.8752,0.8851,0.8867,0.8861,1.0000
314.8481,6.9180,7.6337,-0.0824,7.8508,7.7287,-3.0539,-3.0552,-3.0427,1.0000,6.3616,8.4182,-0.9657,-0.9667,-0.9384,1.0000,6.3092,6.8770,0.8890,0.8901,0.8910,1.0000
315.0512,6.9073,7.6344,-0.0824,7.8421,7.7278,-3.0570,-3.0588,-3.0516,1.0000,6.3528,8.4169,-0.9692,-0.9708,-0.9479,1.0000,6.2979,6.8790,0.8925,0.8941,0.8862,1.0000
315.2531,6.8966,7.6353,-0.0823,7.8334,7.7270,-3.0601,-3.0620,-3.0516,1.0000,6.3439,8.4156,-0.9725,-0.9740,-0.9479,1.0000,6.2866,6.8811,0.8955,0.8967,0.8862,1.0000
315.4996,6.8861,7.6362,-0.0823,7.8247,7.7262,-3.0632,-3.0661,-3.0512,1.0000,6.3350,8.4143,-0.9754,-0.9777,-0.9783,1.0000,6.2754,6.8832,0.8978,0.8993,0.9010,1.0000
315.7003,6.8756,7.6370,-0.0823,7.8159,7.7254,-3.0664,-3.0683,-3.0677,1.0000,6.3260,8.4131,-0.9780,-0.9790,-0.9783,1.0000,6.2643,6.8853,0.8994,0.8998,0.9010,1.0000
315.9141,6.8756,7.6370,-0.0823,7.8159,7.7254,-3.0664,-3.0692,-3.0677,1.0000,6.3260,8.4131,-0.9780,-0.9797,-0.9699,1.0000,6.2643,6.8853,0.8994,0.9001,0.8965,1.0000
316.1210,6.8651,7.6377,-0.0823,7.8072,7.7246,-3.0695,-3.0723,-3.0839,1.0000,6.3170,8.4118,-0.9799,-0.9812,-0.9611,1.0000,6.2534,6.8876,0.9001,0.9000,0.8896,1.0000
316.3580,6.8544,7.6383,-0.0823,7.7984,7.7238,-3.0726,-3.0754,-3.0801,1.0000,6.3080,8.4107,-0.9813,-0.9821,-0.9563,1.0000,6.2424,6.8900,0.8999,0.8990,0.8877,1.0000
316.5964,6.8437,7.6391,-0.0823,7.7897,7.7231,-3.0757,-3.0783,-3.0580,1.0000,6.2989,8.4096,-0.9821,-0.9824,-0.9697,1.0000,6.2314,6.8926,0.8988,0.8972,0.8843,1.0000
316.8083,6.8332,7.6400,-0.0823,7.7809,7.7224,-3.0786,-3.0811,-3.0740,1.0000,6.2898,8.4085,-0.9824,-0.9821,-0.9818,1.0000,6.2206,6.8952,0.8969,0.8945,0.8704,1.0000
317.0213,6.8227,7.6409,-0.0823,7.7722,7.7217,-3.0814,-3.0838,-3.0651,1.0000,6.2806,8.4075,-0.9820,-0.9813,-0.9738,1.0000,6.2099,6.8979,0.8942,0.8910,0.8735,1.0000
317.2271,6.8121,7.6416,-0.0823,7.7635,7.7210,-3.0840,-3.0863,-3.0573,1.0000,6.2714,8.4065,-0.9812,-0.9799,-0.9827,1.0000,6.1992,6.9008,0.8906,0.8868,0.8833,1.0000
317.4369,6.8015,7.6423,-0.0823,7.7547,7.7203,-3.0865,-3.0887,-3.0744,1.0000,6.2621,8.4056,-0.9798,-0.9782,-0.9965,1.0000,6.1885,6.9037,0.8864,0.8821,0.8847,1.0000
317.6596,6.7908,7.6429,-0.0823,7.7460,7.7197,-3.0889,-3.0909,-3.0734,1.0000,6.2529,8.4047,-0.9780,-0.9762,-0.9676,1.0000,6.1779,6.9068,0.8816,0.8770,0.8820,1.0000
317.8714,6.7802,7.6438,-0.0823,7.7373,7.7191,-3.0911,-3.0930,-3.0753,1.0000,6.2435,8.4038,-0.9760,-0.9740,-0.9626,1.0000,6.1673,6.9098,0.8765,0.8716,0.8576,1.0000
318.0807,6.7697,7.6447,-0.0823,7.7286,7.7185,-3.0932,-3.0948,-3.0803,1.0000,6.2342,8.4030,-0.9738,-0.9716,-0.9715,1.0000,6.1568,6.9129,0.8710,0.8660,0.8480,1.0000
318.3004,6.7592,7.6455,-0.0823,7.7199,7.7179,-3.0950,-3.0965,-3.0959,1.0000,6.2249,8.4021,-0.9714,-0.9693,-0.9802,1.0000,6.1464,6.9160,0.8654,0.8604,0.8528,1.0000
318.5199,6.7486,7.6462,-0.0823,7.7112,7.7174,-3.0967,-3.0980,-3.1074,1.0000,6.2156,8.4012,-0.9690,-0.9669,-0.9733,1.0000,6.1358,6.9191,0.8598,0.8549,0.8460,1.0000
318.7270,6.7380,7.6469,-0.0823,7.7025,7.7168,-3.0982,-3.0993,-3.1085,1.0000,6.2063,8.4004,-0.9667,-0.9648,-0.9658,1.0000,6.1253,6.9222,0.8544,0.8497,0.8540,1.0000
318.9434,6.7167,7.6485,-0.0823,7.6939,7.7163,-3.0995,-3.1005,-3.1118,1.0000,6.1970,8.3995,-0.9646,-0.9628,-0.9696,1.0000,6.1148,6.9252,0.8492,0.8449,0.8631,1.0000
319.1522,6.7061,7.6494,-0.0823,7.6852,7.7158,-3.1006,-3.1015,-3.1103,1.0000,6.1877,8.3986,-0.9626,-0.9610,-0.9606,1.0000,6.1043,6.9281,0.8445,0.8406,0.8530,1.0000
319.3768,6.6956,7.6502,-0.0823,7.6766,7.7153,-3.1015,-3.1023,-3.1254,1.0000,6.1785,8.3976,-0.9609,-0.9596,-0.9585,1.0000,6.0937,6.9310,0.8402,0.8369,0.8449,1.0000
319.5830,6.6851,7.6508,-0.0823,7.6594,7.7144,-3.1032,-3.1036,-3.1102,1.0000,6.1601,8.3957,-0.9584,-0.9579,-0.9725,1.0000,6.0725,6.9365,0.8335,0.8323,0.8346,1.0000
319.7901,6.6744,7.6514,-0.0823,7.6508,7.7140,-3.1038,-3.1043,-3.1075,1.0000,6.1510,8.3947,-0.9576,-0.9572,-0.9815,1.0000,6.0618,6.9391,0.8312,0.8296,0.8510,1.0000
319.9909,6.6637,7.6522,-0.0823,7.6422,7.7135,-3.1044,-3.1049,-3.1081,1.0000,6.1418,8.3936,-0.9572,-0.9572,-0.9662,1.0000,6.0510,6.9416,0.8294,0.8284,0.8402,1.0000
320.2072,6.6531,7.6531,-0.0823,7.6336,7.7131,-3.1049,-3.1053,-3.1141,1.0000,6.1327,8.3925,-0.9572,-0.9575,-0.9699,1.0000,6.0402,6.9440,0.8284,0.8280,0.8420,1.0000
320.4084,6.6426,7.6540,-0.0823,7.6250,7.7127,-3.1054,-3.1058,-3.1196,1.0000,6.1237,8.3914,-0.9575,-0.9582,-0.9645,1.0000,6.0294,6.9463,0.8279,0.8281,0.8316,1.0000
320.6367,6.6321,7.6548,-0.0823,7.6164,7.7123,-3.1059,-3.1063,-3.1033,1.0000,6.1146,8.3902,-0.9582,-0.9592,-0.9533,1.0000,6.0185,6.9485,0.8281,0.8287,0.8248,1.0000
320.8635,6.6215,7.6554,-0.0823,7.6078,7.7119,-3.1064,-3.1068,-3.1041,1.0000,6.1056,8.3890,-0.9593,-0.9605,-0.9505,1.0000,6.0076,6.9506,0.8288,0.8298,0.8090,1.0000
321.0740,6.6108,7.6561,-0.0823,7.5992,7.7115,-3.1069,-3.1073,-3.1014,1.0000,6.0967,8.3878,-0.9607,-0.9621,-0.9525,1.0000,5.9967,6.9527,0.8299,0.8312,0.8200,1.0000
321.2871,6.5896,7.6578,-0.0823,7.5906,7.7112,-3.1074,-3.1079,-3.0992,1.0000,6.0877,8.3866,-0.9623,-0.9640,-0.9505,1.0000,5.9857,6.9546,0.8313,0.8328,0.8263,1.0000
321.5104,6.5791,7.6587,-0.0823,7.5820,7.7108,-3.1079,-3.1085,-3.1034,1.0000,6.0787,8.3853,-0.9642,-0.9660,-0.9476,1.0000,5.9748,6.9566,0.8330,0.8346,0.8225,1.0000
321.7259,6.5685,7.6593,-0.0823,7.5647,7.7101,-3.1093,-3.1092,-3.1039,1.0000,6.0697,8.3842,-0.9662,-0.9680,-0.9495,1.0000,5.9638,6.9585,0.8348,0.8365,0.8329,1.0000
321.9338,6.5685,7.6593,-0.0823,7.5647,7.7101,-3.1093,-3.1100,-3.1242,1.0000,6.0604,8.3837,-0.9682,-0.9700,-0.9571,1.0000,5.9531,6.9602,0.8367,0.8383,0.8447,1.0000
322.1790,6.5579,7.6599,-0.0823,7.5560,7.7097,-3.1101,-3.1108,-3.1113,1.0000,6.0506,8.3837,-0.9702,-0.9718,-0.9661,1.0000,5.9429,6.9615,0.8384,0.8398,0.8405,1.0000
322.3804,6.5579,7.6599,-0.0823,7.5560,7.7097,-3.1101,-3.1108,-3.1113,1.0000,6.0506,8.3837,-0.9702,-0.9718,-0.9661,1.0000,5.9429,6.9615,0.8384,0.8398,0.8405,1.0000
322.5973,6.5473,7.6607,-0.0823,7.5473,7.7094,-3.1109,-3.1118,-3.1383,1.0000,6.0397,8.3849,-0.9720,-0.9733,-0.9494,1.0000,5.9329,6.9627,0.8400,0.8412,0.8448,1.0000
322.8087,6.5367,7.6616,-0.0823,7.5386,7.7091,-3.1119,-3.1128,-3.1236,1.0000,6.0270,8.3882,-0.9734,-0.9743,-0.9757,1.0000,5.9225,6.9642,0.8413,0.8423,0.8376,1.0000
323.0552,6.5261,7.6625,-0.0823,7.5299,7.7087,-3.1130,-3.1141,-3.1127,1.0000,6.0134,8.3928,-0.9744,-0.9748,-0.9823,1.0000,5.9124,6.9656,0.8424,0.8431,0.8569,1.0000
323.2677,6.5050,7.6639,-0.0823,7.5212,7.7084,-3.1142,-3.1154,-3.1166,1.0000,6.0000,8.3970,-0.9748,-0.9749,-0.9758,1.0000,5.9028,6.9666,0.8432,0.8436,0.8619,1.0000
323.4727,6.5050,7.6639,-0.0823,7.5124,7.7081,-3.1156,-3.1169,-3.1173,1.0000,5.9859,8.4018,-0.9749,-0.9746,-0.9928,1.0000,5.8936,6.9674,0.8437,0.8439,0.8499,1.0000
323.6853,6.4838,7.6653,-0.0823,7.4948,7.7075,-3.1186,-3.1185,-3.0937,1.0000,5.9698,8.4088,-0.9745,-0.9740,-0.9799,1.0000,5.8842,6.9684,0.8439,0.8438,0.8617,1.0000
323.8854,6.4732,7.6663,-0.0823,7.4860,7.7072,-3.1203,-3.1203,-3.1120,1.0000,5.9354,8.4253,-0.9730,-0.9730,-0.9774,1.0000,5.8648,6.9711,0.8434,0.8434,0.8644,1.0000
324.0856,6.4627,7.6671,-0.0823,7.4772,7.7069,-3.1219,-3.1224,-3.1331,1.0000,5.9194,8.4321,-0.9718,-0.9715,-0.9772,1.0000,5.8554,6.9722,0.8427,0.8425,0.8629,1.0000
324.3011,6.4521,7.6678,-0.0824,7.4683,7.7067,-3.1237,-3.1252,-3.1267,1.0000,5.9042,8.4380,-0.9703,-0.9690,-0.9737,1.0000,5.8462,6.9733,0.8417,0.8407,0.8469,1.0000
324.5479,6.4415,7.6684,-0.0823,7.4595,7.7064,-3.1254,-3.1270,-3.1093,1.0000,5.8888,8.4443,-0.9688,-0.9674,-0.9746,1.0000,5.8368,6.9746,0.8406,0.8394,0.8463,1.0000
324.7857,6.4309,7.6691,-0.0823,7.4506,7.7061,-3.1272,-3.1288,-3.1134,1.0000,5.8731,8.4510,-0.9672,-0.9658,-0.9863,1.0000,5.8273,6.9760,0.8392,0.8379,0.8334,1.0000
324.9860,6.4097,7.6709,-0.0824,7.4417,7.7059,-3.1290,-3.1306,-3.1242,1.0000,5.8580,8.4572,-0.9657,-0.9644,-0.9765,1.0000,5.8179,6.9773,0.8378,0.8365,0.8467,1.0000
325.1931,6.3992,7.6717,-0.0824,7.4240,7.7054,-3.1325,-3.1323,-3.1081,1.0000,5.8443,8.4619,-0.9643,-0.9631,-0.9503,1.0000,5.8086,6.9785,0.8364,0.8352,0.8467,1.0000
325.3966,6.3886,7.6724,-0.0823,7.4151,7.7052,-3.1342,-3.1344,-3.1091,1.0000,5.8201,8.4688,-0.9619,-0.9618,-0.9628,1.0000,5.7900,6.9809,0.8340,0.8339,0.8390,1.0000
325.5966,6.3780,7.6730,-0.0823,7.4063,7.7050,-3.1358,-3.1366,-3.1091,1.0000,5.8083,8.4722,-0.9609,-0.9605,-0.9530,1.0000,5.7806,6.9821,0.8330,0.8327,0.8466,1.0000
325.7978,6.3673,7.6738,-0.0823,7.3974,7.7049,-3.1374,-3.1380,-3.1414,1.0000,5.7969,8.4753,-0.9601,-0.9599,-0.9376,1.0000,5.7712,6.9833,0.8324,0.8322,0.8552,1.0000
325.9980,6.3567,7.6747,-0.0823,7.3974,7.7049,-3.1374,-3.1387,-3.1109,1.0000,5.7969,8.4753,-0.9601,-0.9596,-0.9468,1.0000,5.7712,6.9833,0.8324,0.8320,0.8366,1.0000
326.2220,6.3462,7.6756,-0.0823,7.3886,7.7047,-3.1388,-3.1400,3.1323,1.0000,5.7861,8.4777,-0.9595,-0.9591,-0.9540,1.0000,5.7619,6.9843,0.8319,0.8319,0.8396,1.0000
326.4244,6.3356,7.6763,-0.0823,7.3797,7.7045,-3.1402,-3.1413,-3.1335,1.0000,5.7760,8.4796,-0.9591,-0.9590,-0.9553,1.0000,5.7526,6.9853,0.8319,0.8322,0.8381,1.0000
326.6249,6.3250,7.6769,-0.0823,7.3621,7.7042,3.1406,3.1404,3.1409,1.0000,5.7561,8.4832,-0.9591,-0.9591,-0.9568,1.0000,5.7336,6.9873,0.8330,0.8331,0.8268,1.0000
326.8258,6.3144,7.6776,-0.0823,7.3533,7.7041,3.1395,3.1395,-3.1381,1.0000,5.7561,8.4832,-0.9591,-0.9594,-0.9689,1.0000,5.7336,6.9873,0.8330,0.8339,0.8209,1.0000
327.0305,6.3038,7.6784,-0.0823,7.3445,7.7040,3.1386,3.1387,3.1397,1.0000,5.7460,8.4851,-0.9595,-0.9600,-0.9567,1.0000,5.7241,6.9881,0.8341,0.8353,0.8266,1.0000
327.2373,6.2932,7.6794,-0.0823,7.3357,7.7039,3.1378,3.1375,3.1260,1.0000,5.7263,8.4884,-0.9611,-0.9614,-0.9442,1.0000,5.7052,6.9897,0.8371,0.8377,0.8276,1.0000
327.4374,6.2827,7.6802,-0.0823,7.3269,7.7038,3.1371,3.1368,3.1084,1.0000,5.7167,8.4898,-0.9624,-0.9628,-0.9484,1.0000,5.6956,6.9905,0.8390,0.8396,0.8353,1.0000
327.6422,6.2721,7.6809,-0.0823,7.3181,7.7037,3.1364,3.1360,3.1326,1.0000,5.7070,8.4912,-0.9639,-0.9647,-0.9565,1.0000,5.6861,6.9913,0.8411,0.8422,0.8442,1.0000
327.8476,6.2615,7.6815,-0.0823,7.3090,7.7036,3.1359,3.1356,-3.1404,1.0000,5.6973,8.4928,-0.9656,-0.9666,-0.9697,1.0000,5.6765,6.9920,0.8434,0.8446,0.8400,1.0000
328.0560,6.2509,7.6822,-0.0823,7.2991,7.7035,3.1355,3.1355,3.1225,1.0000,5.6875,8.4942,-0.9676,-0.9680,-0.9697,1.0000,5.6670,6.9927,0.8458,0.8463,0.8400,1.0000
328.2664,6.2403,7.6831,-0.0823,7.2885,7.7035,3.1355,3.1358,3.1389,1.0000,5.6780,8.4956,-0.9697,-0.9718,-0.9835,1.0000,5.6574,6.9934,0.8483,0.8463,0.8488,1.0000
328.4672,6.2297,7.6840,-0.0823,7.2779,7.7035,3.1358,3.1361,3.1272,1.0000,5.6686,8.4968,-0.9720,-0.9742,-0.9878,1.0000,5.6478,6.9941,0.8508,0.8463,0.8430,1.0000
328.6744,6.2086,7.6854,-0.0823,7.2567,7.7032,3.1366,3.1363,3.1313,1.0000,5.6494,8.4994,-0.9770,-0.9752,-0.9745,1.0000,5.6287,6.9955,0.8559,0.8463,0.8408,1.0000
328.8978,6.1980,7.6861,-0.0823,7.2450,7.7032,3.1370,3.1363,3.1212,1.0000,5.6398,8.5007,-0.9795,-0.9752,-0.9603,1.0000,5.6197,6.9961,0.8583,0.8463,0.8511,1.0000
329.1089,6.1768,7.6878,-0.0823,7.2219,7.7033,3.1378,3.1363,3.1100,1.0000,5.6209,8.5031,-0.9846,-0.9752,-0.9807,1.0000,5.6042,6.9974,0.8616,0.8463,0.8670,1.0000
329.3320,6.1662,7.6887,-0.0823,7.2118,7.7032,3.1379,3.1363,3.1206,1.0000,5.6120,8.5042,-0.9873,-0.9752,-0.9947,1.0000,5.5965,6.9981,0.8624,0.8463,0.8627,1.0000
329.5473,6.1450,7.6900,-0.0823,7.1951,7.7030,3.1370,3.1363,3.1197,1.0000,5.5968,8.5059,-0.9934,-0.9752,-0.9903,1.0000,5.5844,6.9995,0.8626,0.8468,0.8728,1.0000
329.7575,6.1344,7.6907,-0.0823,7.1864,7.7030,3.1358,3.1363,-3.1391,1.0000,5.5892,8.5067,-0.9969,-0.9752,-0.9935,1.0000,5.5797,7.0001,0.8620,0.8515,0.8854,1.0000
329.9764,6.1238,7.6915,-0.0823,7.1864,7.7030,3.1358,3.1363,-3.1297,1.0000,5.5892,8.5067,-0.9969,-0.9752,-1.0065,1.0000,5.5797,7.0001,0.8620,0.8515,0.8780,1.0000
330.1987,6.1133,7.6924,-0.0823,7.1726,7.7030,3.1320,3.1364,3.1314,1.0000,5.5771,8.5076,-1.0048,-0.9752,-1.0167,1.0000,5.5703,7.0017,0.8594,0.8515,0.8676,1.0000
330.4208,6.1027,7.6932,-0.0823,7.1677,7.7029,3.1295,3.1372,-3.1290,1.0000,5.5726,8.5077,-1.0092,-0.9808,-1.0086,1.0000,5.5661,7.0024,0.8575,0.8515,0.8668,1.0000
330.6440,6.1027,7.6932,-0.0823,7.1630,7.7028,3.1265,3.1372,-3.1290,1.0000,5.5680,8.5079,-1.0139,-0.9808,-1.0086,1.0000,5.5627,7.0031,0.8552,0.8515,0.8668,1.0000
330.8441,6.1027,7.6932,-0.0823,7.1577,7.7027,3.1233,3.1372,3.1320,1.0000,5.5633,8.5080,-1.0189,-0.9808,-1.0057,1.0000,5.5595,7.0038,0.8527,0.8603,0.8426,1.0000
331.0647,6.1027,7.6932,-0.0823,7.1523,7.7027,3.1198,3.1372,3.1384,1.0000,5.5592,8.5080,-1.0242,-0.9808,-1.0188,1.0000,5.5562,7.0043,0.8503,0.8485,0.8631,1.0000
331.3144,6.1027,7.6932,-0.0823,7.1474,7.7028,3.1163,3.1372,3.1398,1.0000,5.5558,8.5077,-1.0297,-0.9808,-1.0176,1.0000,5.5526,7.0044,0.8483,0.8471,0.8509,1.0000
331.5204,6.1027,7.6932,-0.0823,7.1380,7.7028,3.1094,3.1097,3.1219,1.0000,5.5529,8.5074,-1.0355,-0.9808,-1.0210,1.0000,5.5490,7.0039,0.8470,0.8467,0.8580,1.0000
331.7461,6.0286,7.6984,-0.0823,7.1380,7.7028,3.1094,3.1066,3.1221,1.0000,5.5499,8.5071,-1.0416,-1.0474,-1.0200,1.0000,5.5454,7.0029,0.8467,0.8476,0.8594,1.0000
331.9521,6.0179,7.6991,-0.0823,7.1258,7.7029,3.1036,3.1027,3.1320,1.0000,5.5440,8.5063,-1.0545,-1.0565,-1.0305,1.0000,5.5367,6.9989,0.8505,0.8518,0.8370,1.0000
332.1528,6.0073,7.6999,-0.0823,7.1190,7.7031,3.1014,3.1003,3.1060,1.0000,5.5415,8.5058,-1.0610,-1.0642,-1.0508,1.0000,5.5310,6.9954,0.8555,0.8591,0.8546,1.0000
332.3540,5.9968,7.7008,-0.0823,7.1116,7.7033,3.0998,3.0989,3.1089,1.0000,5.5387,8.5051,-1.0673,-1.0715,-1.0482,1.0000,5.5244,6.9909,0.8635,0.8709,0.8755,1.0000
332.5867,5.9862,7.7017,-0.0823,7.1036,7.7035,3.0988,3.0986,3.1101,1.0000,5.5356,8.5048,-1.0733,-1.0784,-1.0737,1.0000,5.5168,6.9856,0.8746,0.8873,0.8763,1.0000
332.8339,5.9756,7.7024,-0.0823,7.0944,7.7037,3.0986,3.0992,3.0980,1.0000,5.5320,8.5048,-1.0789,-1.0836,-1.0807,1.0000,5.5085,6.9798,0.8888,0.9040,0.8748,1.0000
333.0593,5.9650,7.7030,-0.0823,7.0839,7.7040,3.0993,3.1007,3.1151,1.0000,5.5279,8.5049,-1.0841,-1.0883,-1.0830,1.0000,5.4995,6.9733,0.9058,0.9232,0.8951,1.0000
333.2914,5.9544,7.7037,-0.0823,7.0723,7.7046,3.1009,3.1030,3.1148,1.0000,5.5231,8.5051,-1.0887,-1.0925,-1.0969,1.0000,5.4886,6.9657,0.9253,0.9448,0.9153,1.0000
333.5216,5.9438,7.7046,-0.0823,7.0597,7.7051,3.1033,3.1061,3.1145,1.0000,5.5174,8.5054,-1.0928,-1.0961,-1.0804,1.0000,5.4756,6.9564,0.9471,0.9682,0.9359,1.0000
333.7453,5.9332,7.7055,-0.0823,7.0459,7.7056,3.1064,3.1097,3.0747,1.0000,5.5109,8.5065,-1.0964,-1.0993,-1.1030,1.0000,5.4612,6.9464,0.9706,0.9923,0.9510,1.0000
333.9477,5.9227,7.7062,-0.0823,7.0307,7.7061,3.1100,3.1136,3.0875,1.0000,5.5038,8.5080,-1.0996,-1.1022,-1.1029,1.0000,5.4452,6.9373,0.9947,1.0159,0.9862,1.0000
334.1477,5.9121,7.7069,-0.0823,7.0150,7.7067,3.1140,3.1140,3.0875,1.0000,5.5038,8.5080,-1.0996,-1.1022,-1.1029,1.0000,5.4452,6.9373,0.9947,1.0159,0.9862,1.0000
334.3592,5.9015,7.7075,-0.0823,6.9995,7.7073,3.1181,3.1177,3.1021,1.0000,5.4966,8.5097,-1.1025,-1.1049,-1.0955,1.0000,5.4269,6.9303,1.0181,1.0374,1.0001,1.0000
334.5606,5.8909,7.7083,-0.0823,6.9995,7.7073,3.1181,3.1218,3.1045,1.0000,5.4890,8.5117,-1.1052,-1.1075,-1.1147,1.0000,5.4062,6.9249,1.0394,1.0555,1.0152,1.0000
334.7861,5.8803,7.7092,-0.0823,6.9654,7.7084,3.1261,3.1257,3.1139,1.0000,5.4808,8.5144,-1.1077,-1.1100,-1.0997,1.0000,5.3843,6.9207,1.0571,1.0691,1.0354,1.0000
335.0026,5.8803,7.7092,-0.0823,6.9654,7.7084,3.1261,3.1294,3.1265,1.0000,5.4723,8.5175,-1.1103,-1.1125,-1.0969,1.0000,5.3608,6.9190,1.0702,1.0774,1.0514,1.0000
335.2127,5.8697,7.7101,-0.0823,6.9470,7.7089,3.1297,3.1326,3.1147,1.0000,5.4641,8.5210,-1.1128,-1.1151,-1.1063,1.0000,5.3362,6.9206,1.0780,1.0803,1.0782,1.0000
335.4135,5.8591,7.7108,-0.0822,6.9294,7.7094,3.1328,3.1352,3.1329,1.0000,5.4564,8.5248,-1.1154,-1.1178,-1.1019,1.0000,5.3118,6.9254,1.0803,1.0782,1.0776,1.0000
335.6504,5.8485,7.7114,-0.0822,6.9123,7.7098,3.1355,3.1373,3.1388,1.0000,5.4487,8.5290,-1.1181,-1.1207,-1.1164,1.0000,5.2882,6.9325,1.0778,1.0717,1.0571,1.0000
335.8719,5.8379,7.7121,-0.0822,6.8946,7.7101,3.1375,3.1388,3.1397,1.0000,5.4407,8.5334,-1.1210,-1.1238,-1.1178,1.0000,5.2656,6.9408,1.0708,1.0613,1.0791,1.0000
336.1218,5.8273,7.7129,-0.0822,6.8764,7.7104,3.1389,3.1396,-3.1412,1.0000,5.4326,8.5380,-1.1241,-1.1270,-1.1132,1.0000,5.2443,6.9493,1.0601,1.0476,1.0677,1.0000
336.3411,5.8168,7.7138,-0.0822,6.8580,7.7107,3.1397,3.1398,-3.1344,1.0000,5.4246,8.5428,-1.1274,-1.1305,-1.1283,1.0000,5.2247,6.9579,1.0460,1.0308,1.0633,1.0000
336.5845,5.8062,7.7146,-0.0822,6.8400,7.7110,3.1398,3.1393,-3.1304,1.0000,5.4170,8.5477,-1.1308,-1.1341,-1.1278,1.0000,5.2070,6.9666,1.0290,1.0114,1.0520,1.0000
336.8251,5.7956,7.7153,-0.0822,6.8224,7.7112,3.1392,3.1382,3.1338,1.0000,5.4096,8.5525,-1.1345,-1.1379,-1.1219,1.0000,5.1912,6.9752,1.0094,0.9898,1.0347,1.0000
337.0314,5.7850,7.7159,-0.0822,6.8050,7.7113,3.1381,3.1366,3.1269,1.0000,5.4019,8.5573,-1.1383,-1.1419,-1.1297,1.0000,5.1770,6.9834,0.9875,0.9662,1.0231,1.0000
337.2352,5.7638,7.7175,-0.0822,6.7699,7.7115,3.1342,3.1327,3.1305,1.0000,5.3865,8.5676,-1.1466,-1.1488,-1.1369,1.0000,5.1522,6.9981,0.9386,0.9256,0.9903,1.0000
337.4361,5.7532,7.7184,-0.0822,6.7521,7.7117,3.1315,3.1307,3.1319,1.0000,5.3792,8.5725,-1.1511,-1.1525,-1.1376,1.0000,5.1413,7.0047,0.9124,0.9044,0.9590,1.0000
337.6449,5.7427,7.7192,-0.0822,6.7343,7.7118,3.1285,3.1272,3.1227,1.0000,5.3714,8.5772,-1.1558,-1.1573,-1.1275,1.0000,5.1313,7.0106,0.8858,0.8778,0.9476,1.0000
337.8485,5.7320,7.7198,-0.0822,6.7165,7.7120,3.1252,3.1245,3.1364,1.0000,5.3628,8.5817,-1.1608,-1.1613,-1.1607,1.0000,5.1221,7.0155,0.8593,0.8567,0.9073,1.0000
338.0761,5.7214,7.7204,-0.0822,6.7165,7.7120,3.1252,3.1222,3.1231,1.0000,5.3628,8.5817,-1.1608,-1.1655,-1.1551,1.0000,5.1221,7.0155,0.8593,0.8361,0.8883,1.0000
338.2845,5.7109,7.7213,-0.0822,6.6987,7.7121,3.1218,3.1188,3.1305,1.0000,5.3544,8.5861,-1.1661,-1.1710,-1.1376,1.0000,5.1135,7.0194,0.8336,0.8116,0.8611,1.0000
338.4879,5.7003,7.7222,-0.0822,6.6809,7.7123,3.1184,3.1155,3.1270,1.0000,5.3464,8.5906,-1.1715,-1.1766,-1.1414,1.0000,5.1052,7.0223,0.8092,0.7888,0.8458,1.0000
338.6910,5.6897,7.7230,-0.0822,6.6453,7.7128,3.1120,3.1123,3.1217,1.0000,5.3382,8.5949,-1.1772,-1.1823,-1.1477,1.0000,5.0970,7.0246,0.7867,0.7686,0.8079,1.0000
338.8952,5.6897,7.7230,-0.0822,6.6453,7.7128,3.1120,3.1093,3.1305,1.0000,5.3292,8.5987,-1.1829,-1.1880,-1.1738,1.0000,5.0889,7.0263,0.7667,0.7514,0.7806,1.0000
339.1108,5.6791,7.7237,-0.0822,6.6275,7.7131,3.1090,3.1065,3.1394,1.0000,5.3200,8.6022,-1.1886,-1.1937,-1.1838,1.0000,5.0809,7.0270,0.7499,0.7379,0.7749,1.0000
339.3539,5.6685,7.7243,-0.0822,6.6097,7.7134,3.1063,3.1041,3.1334,1.0000,5.3111,8.6059,-1.1942,-1.1992,-1.1864,1.0000,5.0729,7.0266,0.7368,0.7285,0.7605,1.0000
339.5932,5.6579,7.7250,-0.0822,6.5920,7.7138,3.1039,3.1021,3.1295,1.0000,5.3027,8.6100,-1.1997,-1.2046,-1.1932,1.0000,5.0645,7.0256,0.7278,0.7234,0.7350,1.0000
339.8199,5.6473,7.7259,-0.0822,6.5751,7.7141,3.1019,3.1004,3.1141,1.0000,5.2941,8.6140,-1.2052,-1.2099,-1.1974,1.0000,5.0557,7.0243,0.7231,0.7227,0.7484,1.0000
340.0631,5.6368,7.7268,-0.0822,6.5603,7.7145,3.1002,3.0986,3.1075,1.0000,5.2852,8.6176,-1.2104,-1.2149,-1.2147,1.0000,5.0465,7.0227,0.7228,0.7264,0.7333,1.0000
340.2658,5.6262,7.7276,-0.0822,6.5468,7.7148,3.0984,3.0968,3.0985,1.0000,5.2763,8.6208,-1.2154,-1.2195,-1.2173,1.0000,5.0370,7.0204,0.7270,0.7342,0.7364,1.0000
340.4704,5.6050,7.7288,-0.0822,6.5224,7.7159,3.0946,3.0933,3.0966,1.0000,5.2592,8.6281,-1.2243,-1.2263,-1.2289,1.0000,5.0173,7.0139,0.7473,0.7546,0.7182,1.0000
340.6706,5.5944,7.7296,-0.0822,6.5123,7.7170,3.0925,3.0910,3.1057,1.0000,5.2502,8.6322,-1.2283,-1.2306,-1.2192,1.0000,5.0068,7.0101,0.7628,0.7735,0.7487,1.0000
340.8782,5.5838,7.7305,-0.0822,6.5043,7.7180,3.0904,3.0900,3.1057,1.0000,5.2414,8.6357,-1.2320,-1.2323,-1.2192,1.0000,4.9962,7.0060,0.7812,0.7832,0.7487,1.0000
341.0808,5.5732,7.7314,-0.0822,6.5043,7.7180,3.0904,3.0886,3.1048,1.0000,5.2414,8.6357,-1.2320,-1.2349,-1.2362,1.0000,4.9962,7.0060,0.7812,0.7998,0.7628,1.0000
341.3005,5.5626,7.7321,-0.0822,6.4978,7.7190,3.0884,3.0866,3.0870,1.0000,5.2331,8.6387,-1.2352,-1.2378,-1.2399,1.0000,4.9855,7.0015,0.8020,0.8221,0.7852,1.0000
341.5366,5.5626,7.7321,-0.0822,6.4916,7.7209,3.0865,3.0851,3.0907,1.0000,5.2246,8.6421,-1.2381,-1.2403,-1.2373,1.0000,4.9749,6.9967,0.8244,0.8455,0.8133,1.0000
341.7808,5.5520,7.7327,-0.0822,6.4854,7.7247,3.0850,3.0844,3.0974,1.0000,5.2155,8.6461,-1.2406,-1.2425,-1.2298,1.0000,4.9645,6.9917,0.8478,0.8691,0.8447,1.0000
342.0244,5.5414,7.7333,-0.0822,6.4800,7.7308,3.0845,3.0851,3.1049,1.0000,5.2066,8.6500,-1.2427,-1.2443,-1.2207,1.0000,4.9540,6.9867,0.8715,0.8923,0.8603,1.0000
342.2401,5.5308,7.7342,-0.0822,6.4764,7.7377,3.0852,3.0868,3.0783,1.0000,5.1982,8.6534,-1.2444,-1.2457,-1.2292,1.0000,4.9438,6.9818,0.8946,0.9144,0.8783,1.0000
342.4416,5.5203,7.7351,-0.0822,6.4734,7.7437,3.0870,3.0894,3.0907,1.0000,5.1899,8.6566,-1.2458,-1.2469,-1.2503,1.0000,4.9339,6.9769,0.9165,0.9348,0.9088,1.0000
342.6444,5.5097,7.7359,-0.0822,6.4702,7.7510,3.0897,3.0929,3.0971,1.0000,5.1811,8.6600,-1.2471,-1.2480,-1.2428,1.0000,4.9242,6.9723,0.9368,0.9531,0.9240,1.0000
342.8874,5.4991,7.7365,-0.0822,6.4676,7.7611,3.0933,3.0976,3.0872,1.0000,5.1722,8.6638,-1.2481,-1.2489,-1.2518,1.0000,4.9148,6.9679,0.9548,0.9688,0.9406,1.0000
343.0927,5.4779,7.7379,-0.0822,6.4658,7.7722,3.0982,3.1038,3.0865,1.0000,5.1637,8.6675,-1.2490,-1.2497,-1.2478,1.0000,4.9056,6.9640,0.9702,0.9816,0.9598,1.0000
343.3014,5.4673,7.7387,-0.0822,6.4643,7.7822,3.1044,3.1113,3.0932,1.0000,5.1552,8.6709,-1.2498,-1.2504,-1.2371,1.0000,4.8967,6.9605,0.9827,0.9912,0.9804,1.0000
343.5234,5.4673,7.7387,-0.0822,6.4625,7.7912,3.1121,3.1201,3.1010,1.0000,5.1466,8.6742,-1.2505,-1.2512,-1.2321,1.0000,4.8879,6.9574,0.9920,0.9977,0.9928,1.0000
343.7295,5.4567,7.7396,-0.0822,6.4605,7.8000,3.1210,3.1301,3.1097,1.0000,5.1380,8.6772,-1.2512,-1.2519,-1.2453,1.0000,4.8794,6.9547,0.9982,1.0010,0.9763,1.0000
343.9315,5.4461,7.7404,-0.0822,6.4580,7.8088,3.1312,3.1412,3.1105,1.0000,5.1292,8.6799,-1.2520,-1.2527,-1.2500,1.0000,4.8710,6.9526,1.0012,1.0013,0.9887,1.0000
344.1358,5.4355,7.7410,-0.0822,6.4549,7.8174,-3.1408,-3.1300,-3.1298,1.0000,5.1197,8.6824,-1.2528,-1.2536,-1.2424,1.0000,4.8627,6.9509,1.0012,0.9988,0.9951,1.0000
344.3669,5.4249,7.7416,-0.0822,6.4510,7.8255,-3.1288,-3.1173,-3.1082,1.0000,5.1100,8.6846,-1.2537,-1.2546,-1.2452,1.0000,4.8546,6.9496,0.9984,0.9938,0.9915,1.0000
344.5823,5.4143,7.7424,-0.0823,6.4460,7.8328,-3.1160,-3.1039,-3.1165,1.0000,5.1005,8.6859,-1.2548,-1.2558,-1.2506,1.0000,4.8466,6.9487,0.9932,0.9867,0.9856,1.0000
344.7965,5.4038,7.7434,-0.0823,6.4393,7.8395,-3.1025,-3.0900,-3.1039,1.0000,5.0906,8.6863,-1.2559,-1.2570,-1.2250,1.0000,4.8387,6.9481,0.9859,0.9779,0.9988,1.0000
345.0231,5.3932,7.7442,-0.0823,6.4312,7.8457,-3.0886,-3.0760,-3.1114,1.0000,5.0794,8.6861,-1.2571,-1.2583,-1.2503,1.0000,4.8309,6.9478,0.9769,0.9678,0.9837,1.0000
345.2240,5.3826,7.7449,-0.0823,6.4226,7.8514,-3.0746,-3.0622,-3.0694,1.0000,5.0676,8.6855,-1.2584,-1.2596,-1.2350,1.0000,4.8231,6.9477,0.9667,0.9570,0.9801,1.0000
345.4271,5.3720,7.7455,-0.0823,6.4131,7.8568,-3.0609,-3.0491,-3.0495,1.0000,5.0559,8.6843,-1.2598,-1.2610,-1.2467,1.0000,4.8154,6.9476,0.9559,0.9459,0.9758,1.0000
345.6369,5.3614,7.7462,-0.0823,6.4021,7.8618,-3.0478,-3.0369,-3.0579,1.0000,5.0437,8.6824,-1.2611,-1.2622,-1.2543,1.0000,4.8078,6.9477,0.9448,0.9351,0.9601,1.0000
345.8463,5.3508,7.7470,-0.0823,6.3898,7.8659,-3.0357,-3.0259,-3.0458,1.0000,5.0311,8.6799,-1.2623,-1.2632,-1.2264,1.0000,4.8001,6.9477,0.9340,0.9250,0.9621,1.0000
346.0465,5.3402,7.7479,-0.0823,6.3768,7.8692,-3.0249,-3.0163,-3.0326,1.0000,5.0188,8.6774,-1.2633,-1.2639,-1.2515,1.0000,4.7923,6.9476,0.9240,0.9160,0.9406,1.0000
346.2478,5.3297,7.7487,-0.0823,6.3641,7.8722,-3.0154,-3.0082,-3.0255,1.0000,5.0065,8.6747,-1.2640,-1.2643,-1.2440,1.0000,4.7844,6.9473,0.9152,0.9085,0.9143,1.0000
346.4775,5.3084,7.7500,-0.0823,6.3516,7.8750,-3.0074,-3.0016,-3.0117,1.0000,4.9941,8.6719,-1.2643,-1.2643,-1.2730,1.0000,4.7765,6.9469,0.9079,0.9029,0.8983,1.0000
346.6788,5.3084,7.7500,-0.0823,6.3388,7.8773,-3.0010,-2.9967,-3.0149,1.0000,4.9818,8.6689,-1.2643,-1.2638,-1.2727,1.0000,4.7683,6.9462,0.9024,0.8992,0.9023,1.0000
346.9063,5.2978,7.7507,-0.0823,6.3257,7.8791,-2.9963,-2.9934,-3.0018,1.0000,4.9702,8.6659,-1.2638,-1.2629,-1.2782,1.0000,4.7600,6.9452,0.8990,0.8978,0.9071,1.0000
347.1227,5.2873,7.7516,-0.0823,6.3127,7.8806,-2.9932,-2.9918,-2.9976,1.0000,4.9590,8.6631,-1.2628,-1.2615,-1.2581,1.0000,4.7515,6.9439,0.8978,0.8987,0.9198,1.0000
347.3291,5.2767,7.7525,-0.0823,6.3001,7.8821,-2.9917,-2.9917,-2.9871,1.0000,4.9479,8.6604,-1.2613,-1.2596,-1.2594,1.0000,4.7427,6.9423,0.8989,0.9018,0.8981,1.0000
347.5567,5.2661,7.7532,-0.0823,6.2876,7.8837,-2.9918,-2.9931,-2.9837,1.0000,4.9365,8.6577,-1.2593,-1.2571,-1.2654,1.0000,4.7338,6.9405,0.9023,0.9072,0.9115,1.0000
347.7639,5.2555,7.7538,-0.0823,6.2751,7.8852,-2.9933,-2.9959,-3.0028,1.0000,4.9254,8.6549,-1.2569,-1.2542,-1.2540,1.0000,4.7247,6.9383,0.9078,0.9145,0.9021,1.0000
347.9948,5.2343,7.7553,-0.0823,6.2626,7.8864,-2.9962,-2.9997,-2.9976,1.0000,4.9144,8.6521,-1.2539,-1.2509,-1.2496,1.0000,4.7155,6.9359,0.9153,0.9236,0.9056,1.0000
348.2233,5.2343,7.7553,-0.0823,6.2500,7.8874,-3.0002,-3.0046,-3.0075,1.0000,4.9034,8.6494,-1.2505,-1.2471,-1.2403,1.0000,4.7061,6.9332,0.9246,0.9342,0.9324,1.0000
348.4445,5.2132,7.7570,-0.0823,6.2244,7.8899,-3.0107,-3.0101,-2.9993,1.0000,4.8922,8.6468,-1.2467,-1.2431,-1.2385,1.0000,4.6967,6.9303,0.9354,0.9461,0.9312,1.0000
348.6523,5.2132,7.7570,-0.0823,6.2116,7.8911,-3.0167,-3.0218,-3.0157,1.0000,4.8704,8.6414,-1.2384,-1.2353,-1.2453,1.0000,4.6776,6.9241,0.9602,0.9695,0.9410,1.0000
348.8806,5.1919,7.7583,-0.0823,6.1989,7.8921,-3.0230,-3.0287,-3.0074,1.0000,4.8595,8.6388,-1.2339,-1.2299,-1.2335,1.0000,4.6681,6.9209,0.9735,0.9857,0.9519,1.0000
349.0871,5.1814,7.7590,-0.0823,6.1861,7.8932,-3.0293,-3.0346,-3.0167,1.0000,4.8485,8.6360,-1.2295,-1.2255,-1.2343,1.0000,4.6586,6.9177,0.9870,0.9989,0.9612,1.0000
349.3048,5.1708,7.7599,-0.0823,6.1733,7.8943,-3.0352,-3.0401,-3.0243,1.0000,4.8376,8.6332,-1.2251,-1.2212,-1.2392,1.0000,4.6491,6.9145,1.0002,1.0117,0.9792,1.0000
349.5357,5.1602,7.7608,-0.0823,6.1606,7.8955,-3.0406,-3.0448,-3.0307,1.0000,4.8269,8.6305,-1.2208,-1.2171,-1.2343,1.0000,4.6398,6.9114,1.0129,1.0235,1.0052,1.0000
349.7482,5.1496,7.7615,-0.0823,6.1480,7.8967,-3.0453,-3.0487,-3.0237,1.0000,4.8160,8.6276,-1.2167,-1.2134,-1.2194,1.0000,4.6305,6.9085,1.0246,1.0341,1.0014,1.0000
349.9613,5.1390,7.7621,-0.0823,6.1355,7.8978,-3.0491,-3.0517,-3.0066,1.0000,4.8052,8.6247,-1.2130,-1.2099,-1.2234,1.0000,4.6213,6.9057,1.0351,1.0434,1.0177,1.0000
350.1649,5.1178,7.7636,-0.0823,6.1109,7.9002,-3.0538,-3.0543,-3.0337,1.0000,4.7839,8.6187,-1.2065,-1.2057,-1.2135,1.0000,4.6031,6.9009,1.0519,1.0539,1.0380,1.0000
350.3711,5.1073,7.7645,-0.0823,6.0987,7.9014,-3.0547,-3.0547,-3.0502,1.0000,4.7733,8.6156,-1.2038,-1.2021,-1.2239,1.0000,4.5941,6.8988,1.0579,1.0611,1.0432,1.0000
350.5762,5.0967,7.7653,-0.0823,6.0866,7.9026,-3.0545,-3.0542,-3.0433,1.0000,4.7627,8.6123,-1.2015,-1.2009,-1.2234,1.0000,4.5851,6.8970,1.0622,1.0632,1.0336,1.0000
350.8044,5.0861,7.7660,-0.0823,6.0747,7.9038,-3.0534,-3.0535,-3.0530,1.0000,4.7627,8.6123,-1.2015,-1.1997,-1.2120,1.0000,4.5851,6.8970,1.0622,1.0647,1.0355,1.0000
351.0136,5.0755,7.7666,-0.0822,6.0747,7.9038,-3.0534,-3.0514,-3.0614,1.0000,4.7522,8.6091,-1.1996,-1.1982,-1.2014,1.0000,4.5763,6.8955,1.0649,1.0659,1.0568,1.0000
351.2224,5.0649,7.7673,-0.0822,6.0629,7.9050,-3.0511,-3.0483,-3.0566,1.0000,4.7418,8.6058,-1.1981,-1.1971,-1.2035,1.0000,4.5675,6.8943,1.0659,1.0655,1.0523,1.0000
351.4230,5.0649,7.7673,-0.0822,6.0513,7.9062,-3.0479,-3.0443,-3.0551,1.0000,4.7313,8.6024,-1.1970,-1.1964,-1.1939,1.0000,4.5587,6.8933,1.0654,1.0637,1.0717,1.0000
351.6458,5.0543,7.7682,-0.0822,6.0398,7.9074,-3.0438,-3.0396,-3.0568,1.0000,4.7208,8.5989,-1.1963,-1.1960,-1.1919,1.0000,4.5500,6.8925,1.0634,1.0607,1.0574,1.0000
351.8588,5.0438,7.7691,-0.0822,6.0283,7.9086,-3.0391,-3.0345,-3.0697,1.0000,4.7105,8.5954,-1.1960,-1.1959,-1.1998,1.0000,4.5413,6.8919,1.0603,1.0567,1.0512,1.0000
352.0619,5.0332,7.7699,-0.0822,6.0170,7.9098,-3.0340,-3.0291,-3.0586,1.0000,4.7002,8.5919,-1.1959,-1.1961,-1.2193,1.0000,4.5326,6.8915,1.0562,1.0519,1.0668,1.0000
352.2940,5.0226,7.7705,-0.0822,6.0057,7.9110,-3.0285,-3.0235,-3.0203,1.0000,4.6898,8.5883,-1.1961,-1.1964,-1.2105,1.0000,4.5240,6.8912,1.0514,1.0467,1.0566,1.0000
352.5326,5.0119,7.7711,-0.0822,5.9945,7.9122,-3.0229,-3.0178,-3.0260,1.0000,4.6793,8.5847,-1.1964,-1.1968,-1.2022,1.0000,4.5154,6.8910,1.0461,1.0412,1.0349,1.0000
352.7810,5.0014,7.7719,-0.0822,5.9830,7.9133,-3.0172,-3.0122,-3.0335,1.0000,4.6683,8.5813,-1.1968,-1.1971,-1.2028,1.0000,4.5067,6.8909,1.0407,1.0358,1.0318,1.0000
353.0146,4.9802,7.7736,-0.0822,5.9715,7.9142,-3.0117,-3.0070,-3.0206,1.0000,4.6569,8.5783,-1.1972,-1.1973,-1.2111,1.0000,4.4981,6.8907,1.0352,1.0306,1.0262,1.0000
353.2170,4.9696,7.7743,-0.0822,5.9601,7.9152,-3.0065,-3.0023,-3.0060,1.0000,4.6453,8.5754,-1.1973,-1.1972,-1.1992,1.0000,4.4894,6.8905,1.0301,1.0259,1.0351,1.0000
353.4274,4.9590,7.7749,-0.0822,5.9368,7.9170,-2.9979,-2.9983,-3.0062,1.0000,4.6331,8.5729,-1.1971,-1.1966,-1.2049,1.0000,4.4807,6.8903,1.0255,1.0220,1.0309,1.0000
353.6279,4.9484,7.7756,-0.0823,5.9250,7.9177,-2.9947,-2.9947,-3.0057,1.0000,4.6066,8.5698,-1.1953,-1.1953,-1.1926,1.0000,4.4630,6.8895,1.0188,1.0188,1.0375,1.0000
353.8284,4.9378,7.7764,-0.0823,5.9130,7.9184,-2.9923,-2.9919,-3.0244,1.0000,4.5925,8.5693,-1.1934,-1.1929,-1.1915,1.0000,4.4541,6.8888,1.0171,1.0169,1.0344,1.0000
354.0332,4.9273,7.7773,-0.0823,5.9010,7.9191,-2.9907,-2.9902,-3.0259,1.0000,4.5779,8.5696,-1.1907,-1.1891,-1.1978,1.0000,4.4451,6.8880,1.0166,1.0169,1.0509,1.0000
354.2335,4.9167,7.7781,-0.0823,5.8890,7.9198,-2.9900,-2.9900,-3.0060,1.0000,4.5630,8.5708,-1.1873,-1.1848,-1.1881,1.0000,4.4360,6.8870,1.0174,1.0185,1.0171,1.0000
354.4356,4.9061,7.7788,-0.0823,5.8769,7.9204,-2.9902,-2.9907,-2.9951,1.0000,4.5477,8.5725,-1.1830,-1.1806,-1.2048,1.0000,4.4268,6.8859,1.0195,1.0210,1.0262,1.0000
354.6362,4.8955,7.7794,-0.0823,5.8647,7.9210,-2.9912,-2.9927,-2.9841,1.0000,4.5323,8.5742,-1.1781,-1.1733,-1.1885,1.0000,4.4175,6.8846,1.0228,1.0267,1.0215,1.0000
354.8755,4.8849,7.7801,-0.0823,5.8524,7.9215,-2.9930,-2.9951,-2.9908,1.0000,4.5168,8.5762,-1.1727,-1.1675,-1.1788,1.0000,4.4081,6.8831,1.0272,1.0321,1.0314,1.0000
355.1119,4.8743,7.7810,-0.0823,5.8400,7.9221,-2.9954,-2.9980,-2.9940,1.0000,4.5009,8.5788,-1.1669,-1.1614,-1.1782,1.0000,4.3987,6.8814,1.0327,1.0384,1.0171,1.0000
355.3352,4.8532,7.7826,-0.0823,5.8275,7.9227,-2.9983,-3.0014,-2.9913,1.0000,4.4850,8.5815,-1.1608,-1.1550,-1.1770,1.0000,4.3892,6.8797,1.0390,1.0454,1.0322,1.0000
355.5397,4.8425,7.7832,-0.0823,5.8025,7.9239,-3.0055,-3.0051,-3.0189,1.0000,4.4693,8.5839,-1.1543,-1.1484,-1.1588,1.0000,4.3797,6.8778,1.0462,1.0530,1.0190,1.0000
355.7617,4.8425,7.7832,-0.0823,5.8025,7.9239,-3.0055,-3.0090,-3.0155,1.0000,4.4538,8.5859,-1.1477,-1.1417,-1.1332,1.0000,4.3702,6.8759,1.0538,1.0610,1.0471,1.0000
356.0071,4.8319,7.7838,-0.0823,5.7899,7.9244,-3.0094,-3.0129,-3.0153,1.0000,4.4384,8.5879,-1.1410,-1.1352,-1.1472,1.0000,4.3606,6.8739,1.0618,1.0691,1.0388,1.0000
356.2174,4.8213,7.7846,-0.0823,5.7773,7.9250,-3.0132,-3.0165,-3.0258,1.0000,4.4237,8.5900,-1.1345,-1.1289,-1.1481,1.0000,4.3511,6.8719,1.0699,1.0771,1.0488,1.0000
356.4625,4.8108,7.7855,-0.0823,5.7647,7.9256,-3.0169,-3.0199,-3.0291,1.0000,4.4095,8.5920,-1.1282,-1.1229,-1.1325,1.0000,4.3415,6.8700,1.0779,1.0849,1.0691,1.0000
356.6975,4.8002,7.7864,-0.0823,5.7521,7.9262,-3.0202,-3.0228,-3.0271,1.0000,4.3953,8.5939,-1.1223,-1.1172,-1.1399,1.0000,4.3320,6.8680,1.0856,1.0921,1.0857,1.0000
356.9130,4.7896,7.7870,-0.0823,5.7396,7.9269,-3.0231,-3.0252,-3.0415,1.0000,4.3812,8.5957,-1.1167,-1.1121,-1.1214,1.0000,4.3225,6.8662,1.0928,1.0988,1.0849,1.0000
357.1574,4.7790,7.7876,-0.0823,5.7272,7.9275,-3.0254,-3.0270,-3.0457,1.0000,4.3678,8.5974,-1.1116,-1.1074,-1.1235,1.0000,4.3131,6.8645,1.0994,1.1046,1.1044,1.0000
357.3584,4.7684,7.7883,-0.0823,5.7148,7.9281,-3.0272,-3.0279,-3.0424,1.0000,4.3549,8.5990,-1.1070,-1.1045,-1.1225,1.0000,4.3037,6.8629,1.1052,1.1082,1.1183,1.0000
357.5608,4.7578,7.7891,-0.0823,5.7025,7.9288,-3.0282,-3.0282,-3.0424,1.0000,4.3549,8.5990,-1.1070,-1.1033,-1.1225,1.0000,4.3037,6.8629,1.1052,1.1096,1.1183,1.0000
357.7697,4.7473,7.7900,-0.0823,5.7025,7.9288,-3.0282,-3.0286,-3.0548,1.0000,4.3421,8.6008,-1.1029,-1.0998,-1.1144,1.0000,4.2942,6.8615,1.1101,1.1136,1.1077,1.0000
358.0018,4.7367,7.7908,-0.0823,5.6902,7.9295,-3.0287,-3.0285,-3.0458,1.0000,4.3294,8.6028,-1.0994,-1.0968,-1.0961,1.0000,4.2849,6.8602,1.1140,1.1167,1.1111,1.0000
358.2470,4.7367,7.7908,-0.0823,5.6781,7.9302,-3.0284,-3.0277,-3.0265,1.0000,4.3167,8.6051,-1.0965,-1.0943,-1.0932,1.0000,4.2755,6.8591,1.1169,1.1187,1.1202,1.0000
358.4541,4.7155,7.7921,-0.0823,5.6540,7.9316,-3.0263,-3.0264,-3.0178,1.0000,4.3039,8.6072,-1.0941,-1.0925,-1.1003,1.0000,4.2662,6.8581,1.1189,1.1198,1.1341,1.0000
358.6714,4.7049,7.7928,-0.0823,5.6420,7.9323,-3.0244,-3.0246,-3.0242,1.0000,4.2915,8.6092,-1.0924,-1.0913,-1.0893,1.0000,4.2569,6.8573,1.1198,1.1199,1.1154,1.0000
358.8857,4.7049,7.7928,-0.0823,5.6420,7.9323,-3.0244,-3.0225,-3.0269,1.0000,4.2793,8.6115,-1.0913,-1.0908,-1.1083,1.0000,4.2476,6.8566,1.1199,1.1193,1.1257,1.0000
359.0965,4.6943,7.7937,-0.0823,5.6301,7.9330,-3.0222,-3.0200,-3.0302,1.0000,4.2670,8.6143,-1.0908,-1.0908,-1.1106,1.0000,4.2384,6.8561,1.1192,1.1179,1.1322,1.0000
359.3022,4.6837,7.7945,-0.0823,5.6182,7.9337,-3.0198,-3.0174,-3.0161,1.0000,4.2546,8.6170,-1.0908,-1.0912,-1.1149,1.0000,4.2292,6.8559,1.1177,1.1159,1.1345,1.0000
359.5413,4.6625,7.7959,-0.0823,5.6064,7.9344,-3.0171,-3.0146,-2.9919,1.0000,4.2422,8.6195,-1.0913,-1.0920,-1.0984,1.0000,4.2199,6.8563,1.1157,1.1135,1.1028,1.0000
359.7552,4.6519,7.7965,-0.0822,5.5946,7.9351,-3.0144,-3.0118,-3.0138,1.0000,4.2298,8.6219,-1.0920,-1.0929,-1.0877,1.0000,4.2106,6.8570,1.1132,1.1107,1.1036,1.0000
359.9560,4.6413,7.7973,-0.0822,5.5710,7.9365,-3.0088,-3.0090,-3.0143,1.0000,4.2172,8.6244,-1.0931,-1.0941,-1.0813,1.0000,4.2013,6.8578,1.1105,1.1078,1.0958,1.0000
360.1571,4.6308,7.7982,-0.0822,5.5593,7.9372,-3.0061,-3.0061,-3.0092,1.0000,4.1920,8.6299,-1.0956,-1.0956,-1.0935,1.0000,4.1826,6.8599,1.1046,1.1046,1.1038,1.0000
360.3573,4.6202,7.7990,-0.0822,5.5475,7.9378,-3.0038,-3.0031,-3.0032,1.0000,4.1794,8.6326,-1.0969,-1.0972,-1.1134,1.0000,4.1730,6.8616,1.1017,1.1012,1.0974,1.0000
360.5573,4.6096,7.7997,-0.0822,5.5356,7.9385,-3.0017,-3.0015,-3.0012,1.0000,4.1668,8.6352,-1.0983,-1.0984,-1.1041,1.0000,4.1633,6.8634,1.0991,1.0991,1.0985,1.0000
360.7611,4.5989,7.8002,-0.0822,5.5238,7.9391,-3.0000,-3.0001,-3.0183,1.0000,4.1668,8.6352,-1.0983,-1.0994,-1.1226,1.0000,4.1633,6.8634,1.0991,1.0971,1.1082,1.0000
360.9765,4.5883,7.8009,-0.0822,5.5238,7.9391,-3.0000,-2.9988,-3.0048,1.0000,4.1541,8.6379,-1.0995,-1.1004,-1.1002,1.0000,4.1536,6.8649,1.0969,1.0952,1.0937,1.0000
361.1854,4.5778,7.8018,-0.0822,5.5119,7.9398,-2.9986,-2.9978,-3.0010,1.0000,4.1414,8.6407,-1.1005,-1.1012,-1.0945,1.0000,4.1439,6.8662,1.0951,1.0939,1.0826,1.0000
361.3874,4.5672,7.8027,-0.0822,5.4999,7.9404,-2.9977,-2.9972,-2.9867,1.0000,4.1285,8.6436,-1.1012,-1.1016,-1.1111,1.0000,4.1340,6.8676,1.0938,1.0931,1.0837,1.0000
361.5921,4.5672,7.8027,-0.0822,5.4879,7.9411,-2.9972,-2.9970,-2.9744,1.0000,4.1157,8.6465,-1.1016,-1.1015,-1.1030,1.0000,4.1240,6.8691,1.0930,1.0928,1.0820,1.0000
361.8195,4.5566,7.8034,-0.0822,5.4759,7.9417,-2.9970,-2.9973,-2.9885,1.0000,4.1029,8.6493,-1.1015,-1.1011,-1.0950,1.0000,4.1138,6.8706,1.0928,1.0930,1.0846,1.0000
362.0195,4.5460,7.8040,-0.0822,5.4638,7.9423,-2.9974,-2.9979,-3.0098,1.0000,4.0901,8.6522,-1.1010,-1.1002,-1.1027,1.0000,4.1038,6.8719,1.0931,1.0938,1.0924,1.0000
362.2625,4.5354,7.8046,-0.0822,5.4517,7.9429,-2.9980,-2.9989,-2.9996,1.0000,4.0771,8.6552,-1.1001,-1.0989,-1.0965,1.0000,4.0938,6.8730,1.0939,1.0950,1.0887,1.0000
362.5065,4.5248,7.8054,-0.0822,5.4395,7.9435,-2.9990,-3.0000,-3.0053,1.0000,4.0641,8.6583,-1.0987,-1.0972,-1.0942,1.0000,4.0835,6.8743,1.0952,1.0966,1.0944,1.0000
362.7116,4.5143,7.8063,-0.0822,5.4273,7.9441,-3.0002,-3.0014,-2.9993,1.0000,4.0511,8.6614,-1.0971,-1.0952,-1.0974,1.0000,4.0730,6.8760,1.0968,1.0986,1.1108,1.0000
362.9562,4.5037,7.8071,-0.0822,5.4150,7.9448,-3.0016,-3.0029,-2.9835,1.0000,4.0381,8.6645,-1.0950,-1.0930,-1.1083,1.0000,4.0626,6.8776,1.0988,1.1008,1.1088,1.0000
363.1858,4.4931,7.8078,-0.0822,5.4028,7.9454,-3.0031,-3.0045,-2.9833,1.0000,4.0251,8.6677,-1.0927,-1.0904,-1.1058,1.0000,4.0521,6.8793,1.1010,1.1031,1.1042,1.0000
363.4277,4.4825,7.8084,-0.0822,5.3905,7.9460,-3.0047,-3.0062,-2.9927,1.0000,4.0120,8.6708,-1.0902,-1.0878,-1.1098,1.0000,4.0413,6.8814,1.1034,1.1056,1.0935,1.0000
363.6452,4.4718,7.8091,-0.0822,5.3782,7.9466,-3.0063,-3.0078,-2.9908,1.0000,3.9990,8.6740,-1.0875,-1.0850,-1.0801,1.0000,4.0305,6.8837,1.1058,1.1080,1.0955,1.0000
363.8766,4.4613,7.8099,-0.0822,5.3659,7.9472,-3.0080,-3.0094,-2.9981,1.0000,3.9859,8.6773,-1.0847,-1.0822,-1.0681,1.0000,4.0196,6.8862,1.1083,1.1104,1.1154,1.0000
364.0936,4.4507,7.8108,-0.0822,5.3536,7.9479,-3.0096,-3.0109,-3.0042,1.0000,3.9728,8.6805,-1.0819,-1.0795,-1.0867,1.0000,4.0085,6.8888,1.1106,1.1126,1.1355,1.0000
364.3308,4.4401,7.8116,-0.0822,5.3413,7.9485,-3.0111,-3.0123,-3.0065,1.0000,3.9597,8.6837,-1.0792,-1.0769,-1.0733,1.0000,3.9974,6.8917,1.1128,1.1145,1.1369,1.0000
364.5504,4.4295,7.8122,-0.0822,5.3291,7.9491,-3.0124,-3.0135,-3.0109,1.0000,3.9467,8.6869,-1.0767,-1.0746,-1.0876,1.0000,3.9862,6.8946,1.1147,1.1161,1.1162,1.0000
364.7920,4.4189,7.8128,-0.0822,5.3168,7.9498,-3.0136,-3.0144,-3.0170,1.0000,3.9337,8.6901,-1.0744,-1.0725,-1.0863,1.0000,3.9751,6.8977,1.1163,1.1173,1.1060,1.0000
365.0400,4.4083,7.8135,-0.0822,5.3046,7.9504,-3.0145,-3.0152,-3.0081,1.0000,3.9206,8.6933,-1.0723,-1.0707,-1.0852,1.0000,3.9640,6.9008,1.1174,1.1180,1.1119,1.0000
365.2411,4.3977,7.8144,-0.0822,5.2924,7.9511,-3.0152,-3.0157,-3.0242,1.0000,3.9076,8.6964,-1.0705,-1.0692,-1.0635,1.0000,3.9528,6.9040,1.1181,1.1182,1.1078,1.0000
365.4415,4.3872,7.8152,-0.0822,5.2802,7.9518,-3.0157,-3.0159,-3.0266,1.0000,3.8946,8.6995,-1.0690,-1.0679,-1.0558,1.0000,3.9416,6.9074,1.1182,1.1180,1.1153,1.0000
365.6721,4.3766,7.8159,-0.0822,5.2681,7.9524,-3.0159,-3.0158,-3.0308,1.0000,3.8816,8.7027,-1.0678,-1.0670,-1.0529,1.0000,3.9303,6.9109,1.1179,1.1172,1.1303,1.0000
365.8999,4.3660,7.8165,-0.0822,5.2560,7.9531,-3.0157,-3.0153,-3.0274,1.0000,3.8686,8.7058,-1.0669,-1.0664,-1.0424,1.0000,3.9192,6.9144,1.1171,1.1158,1.1255,1.0000
366.1448,4.3554,7.8172,-0.0822,5.2439,7.9538,-3.0152,-3.0144,-2.9995,1.0000,3.8557,8.7089,-1.0664,-1.0662,-1.0670,1.0000,3.9080,6.9181,1.1156,1.1138,1.1115,1.0000
366.3456,4.3448,7.8180,-0.0822,5.2319,7.9545,-3.0143,-3.0133,-3.0011,1.0000,3.8428,8.7120,-1.0662,-1.0663,-1.0672,1.0000,3.8969,6.9218,1.1136,1.1116,1.1143,1.0000
366.5530,4.3342,7.8189,-0.0822,5.2199,7.9551,-3.0132,-3.0120,-3.0016,1.0000,3.8298,8.7150,-1.0663,-1.0665,-1.0747,1.0000,3.8857,6.9257,1.1111,1.1090,1.1280,1.0000
366.7531,4.3236,7.8197,-0.0822,5.2080,7.9558,-3.0117,-3.0116,-3.0016,1.0000,3.8169,8.7181,-1.0666,-1.0666,-1.0747,1.0000,3.8746,6.9297,1.1080,1.1080,1.1280,1.0000
366.9641,4.3130,7.8203,-0.0822,5.2080,7.9558,-3.0117,-3.0103,-2.9947,1.0000,3.8169,8.7181,-1.0666,-1.0669,-1.0770,1.0000,3.8746,6.9297,1.1080,1.1049,1.1287,1.0000
367.1878,4.3024,7.8209,-0.0822,5.1961,7.9565,-3.0102,-3.0086,-2.9925,1.0000,3.8040,8.7212,-1.0669,-1.0674,-1.0803,1.0000,3.8635,6.9337,1.1046,1.1011,1.1035,1.0000
367.4054,4.2918,7.8216,-0.0822,5.1842,7.9572,-3.0085,-3.0069,-3.0011,1.0000,3.7911,8.7242,-1.0674,-1.0679,-1.0685,1.0000,3.8524,6.9378,1.1007,1.0970,1.1108,1.0000
367.6095,4.2813,7.8225,-0.0822,5.1723,7.9579,-3.0068,-3.0052,-3.0024,1.0000,3.7781,8.7273,-1.0679,-1.0684,-1.0562,1.0000,3.8413,6.9419,1.0965,1.0926,1.0978,1.0000
367.8205,4.2813,7.8225,-0.0822,5.1604,7.9586,-3.0051,-3.0036,-2.9948,1.0000,3.7651,8.7304,-1.0684,-1.0688,-1.0731,1.0000,3.8302,6.9461,1.0921,1.0880,1.1048,1.0000
368.0210,4.2601,7.8241,-0.0822,5.1366,7.9599,-3.0019,-3.0014,-3.0061,1.0000,3.7393,8.7366,-1.0690,-1.0691,-1.0564,1.0000,3.8082,6.9547,1.0828,1.0814,1.0983,1.0000
368.2211,4.2495,7.8247,-0.0822,5.1247,7.9606,-3.0006,-3.0002,-2.9948,1.0000,3.7263,8.7398,-1.0690,-1.0690,-1.0543,1.0000,3.7971,6.9589,1.0782,1.0772,1.0865,1.0000
368.4258,4.2389,7.8253,-0.0822,5.1128,7.9612,-2.9994,-2.9992,-3.0020,1.0000,3.7133,8.7428,-1.0688,-1.0688,-1.0561,1.0000,3.7861,6.9632,1.0735,1.0731,1.0680,1.0000
368.6271,4.2283,7.8261,-0.0822,5.1009,7.9619,-2.9985,-2.9982,-2.9811,1.0000,3.7008,8.7450,-1.0685,-1.0683,-1.0913,1.0000,3.7750,6.9674,1.0690,1.0677,1.0624,1.0000
368.8301,4.2177,7.8269,-0.0822,5.0889,7.9625,-2.9978,-2.9975,-2.9963,1.0000,3.6885,8.7471,-1.0679,-1.0675,-1.0753,1.0000,3.7640,6.9717,1.0647,1.0626,1.0490,1.0000
369.0309,4.2072,7.8278,-0.0822,5.0769,7.9632,-2.9974,-2.9973,-2.9963,1.0000,3.6758,8.7496,-1.0671,-1.0668,-1.0743,1.0000,3.7530,6.9759,1.0606,1.0594,1.0560,1.0000
369.2354,4.2072,7.8278,-0.0822,5.0652,7.9638,-2.9972,-2.9972,-3.0081,1.0000,3.6632,8.7520,-1.0660,-1.0659,-1.0663,1.0000,3.7419,6.9801,1.0568,1.0565,1.0393,1.0000
369.4356,4.2072,7.8278,-0.0822,5.0542,7.9643,-2.9974,-2.9975,-3.0042,1.0000,3.6513,8.7534,-1.0647,-1.0645,-1.0568,1.0000,3.7308,6.9842,1.0535,1.0535,1.0526,1.0000
369.6365,4.1753,7.8297,-0.0822,5.0436,7.9648,-2.9980,-2.9981,-3.0020,1.0000,3.6400,8.7538,-1.0632,-1.0632,-1.0622,1.0000,3.7197,6.9883,1.0505,1.0505,1.0492,1.0000
369.8382,4.1753,7.8297,-0.0822,5.0333,7.9653,-2.9989,-2.9994,-2.9987,1.0000,3.6286,8.7543,-1.0617,-1.0612,-1.0617,1.0000,3.7086,6.9923,1.0479,1.0472,1.0467,1.0000
370.0425,4.1753,7.8297,-0.0822,5.0232,7.9657,-3.0002,-3.0011,-3.0056,1.0000,3.6168,8.7552,-1.0601,-1.0593,-1.0437,1.0000,3.6974,6.9962,1.0458,1.0449,1.0424,1.0000
370.2459,4.1753,7.8297,-0.0822,5.0135,7.9660,-3.0017,-3.0023,-3.0056,1.0000,3.6053,8.7561,-1.0585,-1.0581,-1.0437,1.0000,3.6863,7.0001,1.0441,1.0436,1.0424,1.0000
370.4461,4.1753,7.8297,-0.0822,5.0042,7.9663,-3.0033,-3.0040,-2.9993,1.0000,3.5945,8.7559,-1.0570,-1.0564,-1.0331,1.0000,3.6751,7.0039,1.0428,1.0425,1.0293,1.0000
370.6468,4.1224,7.8334,-0.0821,4.9953,7.9666,-3.0051,-3.0057,-3.0000,1.0000,3.5844,8.7547,-1.0555,-1.0551,-1.0519,1.0000,3.6639,7.0077,1.0419,1.0417,1.0432,1.0000
370.8469,4.1118,7.8341,-0.0821,4.9863,7.9669,-3.0070,-3.0087,-3.0000,1.0000,3.5743,8.7534,-1.0542,-1.0531,-1.0519,1.0000,3.6527,7.0114,1.0414,1.0411,1.0432,1.0000
371.0761,4.1012,7.8349,-0.0821,4.9770,7.9671,-3.0089,-3.0105,-3.0069,1.0000,3.5637,8.7528,-1.0529,-1.0518,-1.0807,1.0000,3.6414,7.0151,1.0411,1.0410,1.0452,1.0000
371.2840,4.0907,7.8358,-0.0821,4.9675,7.9674,-3.0107,-3.0123,-3.0055,1.0000,3.5533,8.7521,-1.0517,-1.0507,-1.0815,1.0000,3.6301,7.0189,1.0410,1.0410,1.0319,1.0000
371.4885,4.0801,7.8365,-0.0821,4.9580,7.9676,-3.0125,-3.0140,-3.0177,1.0000,3.5436,8.7507,-1.0506,-1.0497,-1.0687,1.0000,3.6183,7.0231,1.0410,1.0412,1.0433,1.0000
371.7045,4.0694,7.8371,-0.0821,4.9486,7.9678,-3.0141,-3.0156,-3.0129,1.0000,3.5344,8.7488,-1.0496,-1.0488,-1.0279,1.0000,3.6055,7.0281,1.0412,1.0413,1.0494,1.0000
371.9155,4.0588,7.8377,-0.0821,4.9393,7.9681,-3.0158,-3.0171,-3.0214,1.0000,3.5250,8.7470,-1.0487,-1.0481,-1.0505,1.0000,3.5918,7.0338,1.0413,1.0415,1.0502,1.0000
372.1255,4.0483,7.8385,-0.0821,4.9299,7.9683,-3.0173,-3.0185,-3.0319,1.0000,3.5153,8.7454,-1.0481,-1.0476,-1.0587,1.0000,3.5768,7.0403,1.0415,1.0414,1.0447,1.0000
372.3266,4.0377,7.8394,-0.0822,4.9204,7.9685,-3.0187,-3.0198,-3.0157,1.0000,3.5058,8.7437,-1.0476,-1.0473,-1.0215,1.0000,3.5601,7.0483,1.0414,1.0410,1.0589,1.0000
372.5661,4.0271,7.8402,-0.0822,4.9109,7.9688,-3.0199,-3.0208,-3.0105,1.0000,3.4967,8.7418,-1.0473,-1.0472,-1.0390,1.0000,3.5420,7.0584,1.0409,1.0398,1.0434,1.0000
372.7715,4.0165,7.8408,-0.0822,4.9014,7.9690,-3.0209,-3.0213,-3.0105,1.0000,3.4878,8.7398,-1.0472,-1.0471,-1.0390,1.0000,3.5237,7.0704,1.0396,1.0390,1.0434,1.0000
373.0019,4.0165,7.8408,-0.0822,4.9014,7.9690,-3.0209,-3.0216,-3.0260,1.0000,3.4878,8.7398,-1.0472,-1.0471,-1.0262,1.0000,3.5237,7.0704,1.0396,1.0375,1.0379,1.0000
373.2373,4.0059,7.8414,-0.0822,4.8920,7.9692,-3.0217,-3.0223,-3.0269,1.0000,3.4788,8.7376,-1.0471,-1.0471,-1.0347,1.0000,3.5058,7.0830,1.0372,1.0338,1.0187,1.0000
373.4412,3.9847,7.8429,-0.0822,4.8732,7.9697,-3.0228,-3.0228,-3.0267,1.0000,3.4609,8.7331,-1.0473,-1.0473,-1.0337,1.0000,3.4691,7.1077,1.0282,1.0282,1.0227,1.0000
373.6744,3.9742,7.8438,-0.0822,4.8732,7.9697,-3.0228,-3.0231,-3.0359,1.0000,3.4609,8.7331,-1.0473,-1.0475,-1.0171,1.0000,3.4691,7.1077,1.0282,1.0227,1.0262,1.0000
373.8883,3.9636,7.8446,-0.0822,4.8544,7.9702,-3.0232,-3.0233,-3.0347,1.0000,3.4432,8.7287,-1.0478,-1.0479,-1.0351,1.0000,3.4354,7.1353,1.0146,1.0137,1.0261,1.0000
374.0963,3.9636,7.8446,-0.0822,4.8451,7.9704,-3.0233,-3.0233,-3.0218,1.0000,3.4344,8.7265,-1.0483,-1.0489,-1.0332,1.0000,3.4221,7.1475,1.0058,0.9969,1.0252,1.0000
374.3081,3.9636,7.8446,-0.0822,4.8357,7.9707,-3.0233,-3.0232,-3.0258,1.0000,3.4257,8.7241,-1.0489,-1.0496,-1.0334,1.0000,3.4091,7.1577,0.9959,0.9859,1.0107,1.0000
374.5120,3.9636,7.8446,-0.0822,4.8264,7.9709,-3.0232,-3.0231,-3.0283,1.0000,3.4169,8.7218,-1.0496,-1.0503,-1.0449,1.0000,3.3961,7.1669,0.9847,0.9737,1.0124,1.0000
374.7445,3.9636,7.8446,-0.0822,4.8170,7.9712,-3.0231,-3.0230,-3.0398,1.0000,3.4082,8.7196,-1.0504,-1.0511,-1.0498,1.0000,3.3840,7.1758,0.9724,0.9601,0.9751,1.0000
374.9727,3.9636,7.8446,-0.0822,4.8077,7.9714,-3.0230,-3.0228,-3.0361,1.0000,3.3994,8.7173,-1.0511,-1.0518,-1.0521,1.0000,3.3730,7.1847,0.9587,0.9453,0.9578,1.0000
375.1743,3.9636,7.8446,-0.0822,4.7983,7.9717,-3.0228,-3.0227,-3.0342,1.0000,3.3907,8.7150,-1.0519,-1.0525,-1.0834,1.0000,3.3629,7.1921,0.9437,0.9291,0.9594,1.0000
375.3809,3.9636,7.8446,-0.0822,4.7890,7.9719,-3.0227,-3.0226,-3.0352,1.0000,3.3819,8.7127,-1.0526,-1.0531,-1.0682,1.0000,3.3533,7.1971,0.9274,0.9154,0.9447,1.0000
375.5871,3.9636,7.8446,-0.0822,4.7890,7.9719,-3.0227,-3.0226,-3.0352,1.0000,3.3819,8.7127,-1.0526,-1.0532,-1.0682,1.0000,3.3533,7.1971,0.9274,0.9119,0.9447,1.0000
375.8150,3.8788,7.8501,-0.0823,4.7796,7.9721,-3.0226,-3.0226,-3.0146,1.0000,3.3732,8.7103,-1.0533,-1.0539,-1.0664,1.0000,3.3437,7.2000,0.9102,0.8941,0.9183,1.0000
376.0364,3.8683,7.8509,-0.0823,4.7703,7.9724,-3.0226,-3.0226,-2.9980,1.0000,3.3644,8.7081,-1.0539,-1.0545,-1.0636,1.0000,3.3340,7.2019,0.8924,0.8764,0.9216,1.0000
376.2723,3.8577,7.8518,-0.0823,4.7609,7.9726,-3.0227,-3.0228,-3.0127,1.0000,3.3557,8.7058,-1.0545,-1.0550,-1.0629,1.0000,3.3239,7.2025,0.8746,0.8593,0.9115,1.0000
376.4998,3.8471,7.8526,-0.0823,4.7515,7.9729,-3.0229,-3.0232,-3.0277,1.0000,3.3469,8.7035,-1.0551,-1.0555,-1.0561,1.0000,3.3140,7.2009,0.8576,0.8436,0.8796,1.0000
376.7244,3.8365,7.8532,-0.0823,4.7420,7.9731,-3.0232,-3.0236,-3.0276,1.0000,3.3381,8.7012,-1.0555,-1.0558,-1.0487,1.0000,3.3042,7.1971,0.8422,0.8301,0.8639,1.0000
376.9293,3.8259,7.8538,-0.0823,4.7326,7.9733,-3.0236,-3.0241,-3.0375,1.0000,3.3293,8.6989,-1.0558,-1.0560,-1.0190,1.0000,3.2939,7.1913,0.8289,0.8193,0.8470,1.0000
377.1561,3.8153,7.8545,-0.0823,4.7232,7.9735,-3.0242,-3.0248,-3.0277,1.0000,3.3206,8.6967,-1.0560,-1.0560,-1.0423,1.0000,3.2827,7.1837,0.8184,0.8118,0.8261,1.0000
377.3904,3.7942,7.8562,-0.0823,4.7137,7.9738,-3.0249,-3.0256,-3.0190,1.0000,3.3118,8.6945,-1.0560,-1.0560,-1.0439,1.0000,3.2707,7.1748,0.8112,0.8079,0.8103,1.0000
377.6196,3.7836,7.8569,-0.0823,4.7042,7.9740,-3.0257,-3.0266,-3.0230,1.0000,3.3029,8.6922,-1.0560,-1.0559,-1.0548,1.0000,3.2583,7.1646,0.8077,0.8078,0.8093,1.0000
377.8336,3.7730,7.8575,-0.0823,4.6947,7.9742,-3.0267,-3.0276,-3.0282,1.0000,3.2941,8.6900,-1.0558,-1.0557,-1.0566,1.0000,3.2460,7.1538,0.8080,0.8112,0.8109,1.0000
378.0408,3.7624,7.8581,-0.0823,4.6756,7.9747,-3.0287,-3.0289,-3.0228,1.0000,3.2765,8.6856,-1.0554,-1.0554,-1.0581,1.0000,3.2211,7.1306,0.8188,0.8197,0.8070,1.0000
378.2471,3.7518,7.8589,-0.0823,4.6661,7.9749,-3.0298,-3.0303,-3.0380,1.0000,3.2676,8.6834,-1.0552,-1.0550,-1.0576,1.0000,3.2084,7.1184,0.8290,0.8350,0.8112,1.0000
378.4757,3.7412,7.8597,-0.0823,4.6565,7.9751,-3.0309,-3.0319,-3.0300,1.0000,3.2588,8.6812,-1.0548,-1.0543,-1.0567,1.0000,3.1958,7.1062,0.8417,0.8551,0.8320,1.0000
378.6798,3.7306,7.8606,-0.0823,4.6469,7.9753,-3.0321,-3.0332,-3.0232,1.0000,3.2500,8.6791,-1.0543,-1.0537,-1.0529,1.0000,3.1841,7.0946,0.8567,0.8716,0.8491,1.0000
378.9140,3.7200,7.8612,-0.0823,4.6374,7.9755,-3.0333,-3.0344,-3.0370,1.0000,3.2411,8.6769,-1.0536,-1.0530,-1.0559,1.0000,3.1731,7.0839,0.8734,0.8894,0.8663,1.0000
379.1410,3.6988,7.8624,-0.0823,4.6278,7.9758,-3.0346,-3.0357,-3.0517,1.0000,3.2322,8.6748,-1.0529,-1.0522,-1.0432,1.0000,3.1625,7.0736,0.8912,0.9079,0.8876,1.0000
379.3510,3.6883,7.8633,-0.0822,4.6086,7.9762,-3.0370,-3.0369,-3.0215,1.0000,3.2234,8.6726,-1.0521,-1.0513,-1.0443,1.0000,3.1521,7.0638,0.9098,0.9267,0.8945,1.0000
379.5572,3.6777,7.8641,-0.0822,4.5990,7.9765,-3.0382,-3.0385,-3.0313,1.0000,3.2057,8.6684,-1.0505,-1.0504,-1.0421,1.0000,3.1329,7.0467,0.9472,0.9490,0.9222,1.0000
379.7607,3.6671,7.8649,-0.0822,4.5894,7.9767,-3.0394,-3.0399,-3.0433,1.0000,3.1968,8.6662,-1.0498,-1.0496,-1.0685,1.0000,3.1239,7.0398,0.9653,0.9707,0.9348,1.0000
379.9644,3.6565,7.8655,-0.0822,4.5798,7.9770,-3.0406,-3.0415,-3.0448,1.0000,3.1879,8.6642,-1.0492,-1.0489,-1.0591,1.0000,3.1152,7.0339,0.9827,0.9942,0.9567,1.0000
380.2104,3.6459,7.8661,-0.0822,4.5702,7.9772,-3.0417,-3.0426,-3.0146,1.0000,3.1790,8.6628,-1.0488,-1.0485,-1.0613,1.0000,3.1066,7.0285,0.9989,1.0122,0.9963,1.0000
380.4407,3.6353,7.8668,-0.0822,4.5606,7.9775,-3.0427,-3.0436,-3.0350,1.0000,3.1701,8.6614,-1.0485,-1.0483,-1.0435,1.0000,3.0980,7.0232,1.0136,1.0253,1.0058,1.0000
380.6866,3.6247,7.8677,-0.0822,4.5510,7.9777,-3.0437,-3.0445,-3.0473,1.0000,3.1613,8.6600,-1.0483,-1.0482,-1.0492,1.0000,3.0894,7.0186,1.0265,1.0364,1.0169,1.0000
380.9239,3.6142,7.8685,-0.0822,4.5414,7.9780,-3.0446,-3.0453,-3.0425,1.0000,3.1524,8.6585,-1.0482,-1.0483,-1.0602,1.0000,3.0807,7.0155,1.0374,1.0454,1.0502,1.0000
381.1671,3.6036,7.8692,-0.0822,4.5319,7.9782,-3.0454,-3.0460,-3.0285,1.0000,3.1435,8.6574,-1.0483,-1.0485,-1.0322,1.0000,3.0720,7.0128,1.0462,1.0523,1.0449,1.0000
381.4026,3.5930,7.8697,-0.0822,4.5223,7.9785,-3.0460,-3.0466,-3.0244,1.0000,3.1344,8.6566,-1.0485,-1.0488,-1.0312,1.0000,3.0634,7.0096,1.0528,1.0569,1.0495,1.0000
381.6453,3.5824,7.8704,-0.0821,4.5127,7.9788,-3.0466,-3.0470,-3.0415,1.0000,3.1254,8.6559,-1.0488,-1.0492,-1.0422,1.0000,3.0549,7.0067,1.0572,1.0593,1.0493,1.0000
381.8516,3.5718,7.8712,-0.0821,4.5032,7.9790,-3.0471,-3.0475,-3.0429,1.0000,3.1161,8.6544,-1.0493,-1.0498,-1.0298,1.0000,3.0462,7.0047,1.0594,1.0596,1.0547,1.0000
382.0928,3.5612,7.8720,-0.0821,4.4936,7.9793,-3.0475,-3.0478,-3.0446,1.0000,3.1060,8.6522,-1.0499,-1.0504,-1.0372,1.0000,3.0372,7.0034,1.0596,1.0581,1.0378,1.0000
382.2931,3.5400,7.8734,-0.0821,4.4746,7.9798,-3.0480,-3.0480,-3.0515,1.0000,3.0847,8.6473,-1.0511,-1.0511,-1.0491,1.0000,3.0283,7.0022,1.0578,1.0549,1.0498,1.0000
382.5193,3.5400,7.8734,-0.0821,4.4746,7.9798,-3.0480,-3.0482,-3.0541,1.0000,3.0847,8.6473,-1.0511,-1.0518,-1.0464,1.0000,3.0198,7.0007,1.0544,1.0502,1.0631,1.0000
382.7563,3.5294,7.8740,-0.0821,4.4651,7.9801,-3.0482,-3.0483,-3.0304,1.0000,3.0741,8.6449,-1.0518,-1.0524,-1.0587,1.0000,3.0113,6.9994,1.0497,1.0444,1.0390,1.0000
382.9568,3.5083,7.8755,-0.0821,4.4460,7.9807,-3.0484,-3.0484,-3.0497,1.0000,3.0518,8.6384,-1.0530,-1.0530,-1.0463,1.0000,2.9937,6.9976,1.0371,1.0371,1.0374,1.0000
383.1590,3.4977,7.8764,-0.0821,4.4365,7.9810,-3.0485,-3.0485,-3.0461,1.0000,3.0406,8.6350,-1.0534,-1.0534,-1.0534,1.0000,2.9849,6.9968,1.0301,1.0280,1.0266,1.0000
383.3635,3.4871,7.8771,-0.0821,4.4270,7.9812,-3.0486,-3.0487,-3.0605,1.0000,3.0296,8.6320,-1.0534,-1.0532,-1.0470,1.0000,2.9764,6.9959,1.0231,1.0184,1.0132,1.0000
383.5653,3.4765,7.8776,-0.0821,4.4270,7.9812,-3.0486,-3.0487,-3.0605,1.0000,3.0296,8.6320,-1.0534,-1.0531,-1.0470,1.0000,2.9764,6.9959,1.0231,1.0171,1.0132,1.0000
383.7915,3.4659,7.8782,-0.0821,4.4175,7.9815,-3.0487,-3.0489,-3.0591,1.0000,3.0189,8.6292,-1.0531,-1.0525,-1.0457,1.0000,2.9679,6.9948,1.0165,1.0110,1.0035,1.0000
383.9934,3.4553,7.8790,-0.0821,4.4079,7.9818,-3.0489,-3.0491,-3.0723,1.0000,3.0083,8.6264,-1.0524,-1.0514,-1.0443,1.0000,2.9591,6.9938,1.0104,1.0058,0.9916,1.0000
384.1938,3.4447,7.8798,-0.0822,4.3984,7.9821,-3.0491,-3.0493,-3.0619,1.0000,2.9977,8.6235,-1.0513,-1.0498,-1.0431,1.0000,2.9502,6.9927,1.0053,1.0017,1.0069,1.0000
384.4197,3.4341,7.8806,-0.0822,4.3888,7.9823,-3.0494,-3.0497,-3.0586,1.0000,2.9870,8.6206,-1.0496,-1.0476,-1.0538,1.0000,2.9413,6.9914,1.0014,0.9990,1.0063,1.0000
384.6202,3.4235,7.8813,-0.0822,4.3697,7.9829,-3.0502,-3.0502,-3.0270,1.0000,2.9656,8.6152,-1.0446,-1.0443,-1.0572,1.0000,2.9235,6.9880,0.9978,0.9978,1.0101,1.0000
384.8346,3.4129,7.8818,-0.0822,4.3601,7.9831,-3.0507,-3.0506,-3.0298,1.0000,2.9656,8.6152,-1.0446,-1.0418,-1.0470,1.0000,2.9235,6.9880,0.9978,0.9982,0.9978,1.0000
385.0430,3.4023,7.8825,-0.0822,4.3601,7.9831,-3.0507,-3.0512,-3.0316,1.0000,2.9549,8.6127,-1.0415,-1.0383,-1.0415,1.0000,2.9143,6.9860,0.9983,1.0002,0.9858,1.0000
385.2516,3.3917,7.8833,-0.0822,4.3505,7.9834,-3.0512,-3.0517,-3.0380,1.0000,2.9442,8.6101,-1.0379,-1.0345,-1.0420,1.0000,2.9050,6.9838,1.0005,1.0038,0.9968,1.0000
385.4518,3.3812,7.8841,-0.0822,4.3313,7.9840,-3.0524,-3.0524,-3.0417,1.0000,2.9335,8.6075,-1.0341,-1.0304,-1.0245,1.0000,2.8956,6.9814,1.0043,1.0089,1.0042,1.0000
385.6521,3.3706,7.8849,-0.0822,4.3217,7.9842,-3.0531,-3.0532,-3.0385,1.0000,2.9120,8.6025,-1.0258,-1.0254,-1.0190,1.0000,2.8767,6.9758,1.0161,1.0168,1.0323,1.0000
385.8522,3.3600,7.8855,-0.0822,4.3121,7.9845,-3.0539,-3.0541,-3.0521,1.0000,2.9014,8.6002,-1.0215,-1.0203,-1.0233,1.0000,2.8671,6.9730,1.0238,1.0254,1.0191,1.0000
386.0560,3.3494,7.8860,-0.0822,4.3121,7.9845,-3.0539,-3.0546,-3.0453,1.0000,2.9014,8.6002,-1.0215,-1.0177,-1.0112,1.0000,2.8671,6.9730,1.0238,1.0314,1.0292,1.0000
386.2972,3.3494,7.8860,-0.0822,4.3024,7.9848,-3.0547,-3.0556,-3.0488,1.0000,2.8907,8.5978,-1.0173,-1.0135,-1.0207,1.0000,2.8576,6.9706,1.0323,1.0404,1.0238,1.0000
386.5449,3.3388,7.8867,-0.0822,4.2928,7.9851,-3.0557,-3.0565,-3.0543,1.0000,2.8801,8.5954,-1.0130,-1.0094,-1.0227,1.0000,2.8480,6.9680,1.0414,1.0499,1.0303,1.0000
386.7604,3.3282,7.8876,-0.0822,4.2831,7.9853,-3.0566,-3.0575,-3.0539,1.0000,2.8695,8.5930,-1.0090,-1.0055,-1.0214,1.0000,2.8384,6.9651,1.0508,1.0594,1.0509,1.0000
387.0047,3.3176,7.8884,-0.0822,4.2735,7.9856,-3.0576,-3.0585,-3.0650,1.0000,2.8582,8.5904,-1.0051,-1.0018,-1.0102,1.0000,2.8289,6.9624,1.0604,1.0689,1.0488,1.0000
387.2215,3.3070,7.8891,-0.0822,4.2638,7.9859,-3.0586,-3.0594,-3.0535,1.0000,2.8455,8.5873,-1.0014,-0.9983,-0.9997,1.0000,2.8193,6.9605,1.0699,1.0780,1.0564,1.0000
387.4541,3.2964,7.8896,-0.0822,4.2541,7.9862,-3.0594,-3.0602,-3.0588,1.0000,2.8321,8.5838,-0.9980,-0.9950,-0.9941,1.0000,2.8096,6.9589,1.0789,1.0866,1.0779,1.0000
387.7031,3.2858,7.8902,-0.0822,4.2445,7.9865,-3.0602,-3.0609,-3.0574,1.0000,2.8191,8.5805,-0.9946,-0.9918,-0.9985,1.0000,2.8001,6.9571,1.0874,1.0943,1.0866,1.0000
387.9348,3.2752,7.8910,-0.0822,4.2348,7.9868,-3.0610,-3.0616,-3.0604,1.0000,2.8059,8.5771,-0.9915,-0.9887,-0.9914,1.0000,2.7907,6.9554,1.0950,1.1011,1.1047,1.0000
388.1416,3.2647,7.8919,-0.0822,4.2252,7.9871,-3.0617,-3.0624,-3.0592,1.0000,2.7913,8.5740,-0.9884,-0.9855,-0.9953,1.0000,2.7812,6.9547,1.1017,1.1069,1.1279,1.0000
388.3713,3.2435,7.8932,-0.0822,4.2155,7.9873,-3.0624,-3.0631,-3.0677,1.0000,2.7754,8.5721,-0.9852,-0.9821,-0.9965,1.0000,2.7715,6.9546,1.1074,1.1116,1.0900,1.0000
388.6006,3.2329,7.8938,-0.0822,4.2059,7.9876,-3.0632,-3.0638,-3.0576,1.0000,2.7592,8.5716,-0.9818,-0.9784,-0.9881,1.0000,2.7619,6.9549,1.1120,1.1152,1.0995,1.0000
388.8043,3.2223,7.8945,-0.0822,4.1865,7.9882,-3.0645,-3.0644,-3.0587,1.0000,2.7429,8.5726,-0.9780,-0.9744,-0.9784,1.0000,2.7526,6.9555,1.1155,1.1177,1.1172,1.0000
389.0079,3.2117,7.8953,-0.0822,4.1769,7.9886,-3.0651,-3.0650,-3.0503,1.0000,2.7264,8.5756,-0.9739,-0.9698,-0.9599,1.0000,2.7432,6.9565,1.1179,1.1190,1.1152,1.0000
389.2197,3.2117,7.8953,-0.0822,4.1769,7.9886,-3.0651,-3.0655,-3.0481,1.0000,2.7092,8.5808,-0.9693,-0.9648,-0.9687,1.0000,2.7335,6.9581,1.1191,1.1192,1.1185,1.0000
389.4481,3.2012,7.8961,-0.0822,4.1672,7.9889,-3.0656,-3.0660,-3.0694,1.0000,2.6911,8.5878,-0.9642,-0.9594,-0.9782,1.0000,2.7237,6.9603,1.1192,1.1182,1.1015,1.0000
389.6697,3.1800,7.8974,-0.0822,4.1576,7.9892,-3.0660,-3.0664,-3.0679,1.0000,2.6724,8.5960,-0.9588,-0.9538,-0.9653,1.0000,2.7140,6.9626,1.1181,1.1161,1.1115,1.0000
389.8802,3.1693,7.8980,-0.0822,4.1480,7.9895,-3.0664,-3.0668,-3.0679,1.0000,2.6533,8.6047,-0.9532,-0.9482,-0.9712,1.0000,2.7043,6.9650,1.1158,1.1130,1.1074,1.0000
390.1056,3.1588,7.8987,-0.0822,4.1383,7.9898,-3.0668,-3.0671,-3.0661,1.0000,2.6341,8.6142,-0.9476,-0.9426,-0.9603,1.0000,2.6946,6.9676,1.1126,1.1090,1.1087,1.0000
390.3057,3.1482,7.8996,-0.0822,4.1190,7.9904,-3.0675,-3.0675,-3.0825,1.0000,2.5952,8.6350,-0.9369,-0.9374,-0.9468,1.0000,2.6847,6.9706,1.1085,1.1042,1.0967,1.0000
390.5148,3.1482,7.8996,-0.0822,4.1190,7.9904,-3.0675,-3.0678,-3.0659,1.0000,2.5952,8.6350,-0.9369,-0.9325,-0.9365,1.0000,2.6747,6.9738,1.1037,1.0989,1.1076,1.0000
390.7280,3.1376,7.9003,-0.0822,4.1094,7.9907,-3.0678,-3.0681,-3.0726,1.0000,2.5766,8.6444,-0.9320,-0.9281,-0.9270,1.0000,2.6647,6.9771,1.0984,1.0932,1.0978,1.0000
390.9564,3.1270,7.9010,-0.0822,4.0998,7.9911,-3.0682,-3.0684,-3.0764,1.0000,2.5586,8.6528,-0.9277,-0.9243,-0.9312,1.0000,2.6549,6.9804,1.0926,1.0873,1.0988,1.0000
391.1758,3.1058,7.9022,-0.0822,4.0901,7.9914,-3.0684,-3.0687,-3.0767,1.0000,2.5410,8.6608,-0.9240,-0.9212,-0.9097,1.0000,2.6449,6.9838,1.0867,1.0814,1.0908,1.0000
391.3869,3.0952,7.9029,-0.0822,4.0709,7.9920,-3.0689,-3.0689,-3.0729,1.0000,2.5239,8.6688,-0.9209,-0.9188,-0.8896,1.0000,2.6349,6.9873,1.0808,1.0755,1.0976,1.0000
391.5938,3.0847,7.9038,-0.0822,4.0612,7.9923,-3.0691,-3.0691,-3.0694,1.0000,2.5077,8.6763,-0.9185,-0.9170,-0.9236,1.0000,2.6248,6.9908,1.0749,1.0699,1.0849,1.0000
391.7984,3.0741,7.9045,-0.0822,4.0516,7.9927,-3.0693,-3.0693,-3.0701,1.0000,2.4929,8.6825,-0.9168,-0.9158,-0.9160,1.0000,2.6147,6.9944,1.0693,1.0646,1.0670,1.0000
392.0279,3.0635,7.9051,-0.0822,4.0516,7.9927,-3.0693,-3.0695,-3.0989,1.0000,2.4795,8.6875,-0.9157,-0.9152,-0.9062,1.0000,2.6046,6.9978,1.0641,1.0599,1.0842,1.0000
392.2393,3.0528,7.9057,-0.0822,4.0420,7.9930,-3.0696,-3.0698,-3.0763,1.0000,2.4666,8.6919,-0.9152,-0.9152,-0.9161,1.0000,2.5945,7.0012,1.0594,1.0557,1.0780,1.0000
392.4413,3.0423,7.9063,-0.0822,4.0227,7.9936,-3.0700,-3.0700,-3.0824,1.0000,2.4540,8.6962,-0.9152,-0.9157,-0.9231,1.0000,2.5843,7.0046,1.0553,1.0522,1.0676,1.0000
392.6449,3.0317,7.9072,-0.0822,4.0131,7.9940,-3.0703,-3.0703,-3.0776,1.0000,2.4419,8.7002,-0.9158,-0.9169,-0.9169,1.0000,2.5740,7.0079,1.0519,1.0495,1.0500,1.0000
392.8745,3.0317,7.9072,-0.0822,4.0131,7.9940,-3.0703,-3.0706,-3.0887,1.0000,2.4304,8.7036,-0.9170,-0.9186,-0.9179,1.0000,2.5637,7.0111,1.0493,1.0475,1.0610,1.0000
393.1023,3.0105,7.9086,-0.0821,4.0034,7.9943,-3.0707,-3.0710,-3.0917,1.0000,2.4196,8.7065,-0.9188,-0.9209,-0.9204,1.0000,2.5534,7.0142,1.0474,1.0464,1.0586,1.0000
393.3214,2.9999,7.9092,-0.0821,3.9937,7.9946,-3.0710,-3.0714,-3.0860,1.0000,2.4091,8.7090,-0.9212,-0.9237,-0.9114,1.0000,2.5429,7.0172,1.0463,1.0460,1.0416,1.0000
393.5422,2.9893,7.9098,-0.0821,3.9841,7.9949,-3.0714,-3.0718,-3.0703,1.0000,2.3985,8.7115,-0.9240,-0.9268,-0.9246,1.0000,2.5324,7.0201,1.0461,1.0465,1.0541,1.0000
393.7923,2.9893,7.9098,-0.0821,3.9744,7.9953,-3.0719,-3.0723,-3.0922,1.0000,2.3878,8.7141,-0.9272,-0.9303,-0.9301,1.0000,2.5219,7.0229,1.0466,1.0477,1.0530,1.0000
394.0162,2.9681,7.9114,-0.0821,3.9647,7.9956,-3.0723,-3.0728,-3.0845,1.0000,2.3772,8.7165,-0.9306,-0.9339,-0.9379,1.0000,2.5113,7.0256,1.0479,1.0496,1.0601,1.0000
394.2258,2.9576,7.9121,-0.0821,3.9550,7.9959,-3.0728,-3.0733,-3.0841,1.0000,2.3669,8.7188,-0.9343,-0.9377,-0.9373,1.0000,2.5007,7.0282,1.0498,1.0520,1.0412,1.0000
394.4263,2.9576,7.9121,-0.0821,3.9356,7.9966,-3.0740,-3.0741,-3.0756,1.0000,2.3464,8.7229,-0.9419,-0.9430,-0.9371,1.0000,2.4793,7.0331,1.0551,1.0557,1.0513,1.0000
394.6270,2.9363,7.9133,-0.0821,3.9259,7.9969,-3.0745,-3.0745,-3.0654,1.0000,2.3464,8.7229,-0.9419,-0.9453,-0.9252,1.0000,2.4793,7.0331,1.0551,1.0578,1.0574,1.0000
394.8378,2.9363,7.9133,-0.0821,3.9259,7.9969,-3.0745,-3.0751,-3.0628,1.0000,2.3361,8.7250,-0.9456,-0.9489,-0.9185,1.0000,2.4686,7.0356,1.0581,1.0609,1.0447,1.0000
395.0710,2.9257,7.9139,-0.0821,3.9162,7.9972,-3.0751,-3.0756,-3.0669,1.0000,2.3257,8.7272,-0.9493,-0.9523,-0.9268,1.0000,2.4579,7.0380,1.0612,1.0640,1.0518,1.0000
395.3175,2.9152,7.9147,-0.0821,3.9065,7.9976,-3.0757,-3.0762,-3.0810,1.0000,2.3155,8.7292,-0.9527,-0.9555,-0.9605,1.0000,2.4473,7.0404,1.0643,1.0669,1.0494,1.0000
395.5336,2.9046,7.9155,-0.0821,3.8968,7.9979,-3.0763,-3.0769,-3.0808,1.0000,2.3053,8.7312,-0.9558,-0.9584,-0.9679,1.0000,2.4366,7.0428,1.0672,1.0697,1.0709,1.0000
395.7487,2.8940,7.9162,-0.0821,3.8871,7.9982,-3.0770,-3.0777,-3.0676,1.0000,2.2951,8.7331,-0.9586,-0.9608,-0.9618,1.0000,2.4259,7.0453,1.0699,1.0721,1.0771,1.0000
395.9649,2.8834,7.9168,-0.0821,3.8773,7.9986,-3.0778,-3.0779,-3.0689,1.0000,2.2849,8.7352,-0.9610,-0.9613,-0.9689,1.0000,2.4153,7.0478,1.0724,1.0726,1.0939,1.0000
396.1666,2.8834,7.9168,-0.0821,3.8773,7.9986,-3.0778,-3.0785,-3.0689,1.0000,2.2849,8.7352,-0.9610,-0.9629,-0.9689,1.0000,2.4153,7.0478,1.0724,1.0742,1.0939,1.0000
396.3717,2.8622,7.9181,-0.0821,3.8676,7.9989,-3.0786,-3.0793,-3.0728,1.0000,2.2745,8.7372,-0.9631,-0.9645,-0.9787,1.0000,2.4047,7.0503,1.0744,1.0757,1.0901,1.0000
396.5847,2.8622,7.9181,-0.0821,3.8578,7.9993,-3.0794,-3.0801,-3.0774,1.0000,2.2642,8.7393,-0.9647,-0.9658,-0.9742,1.0000,2.3942,7.0529,1.0758,1.0767,1.0986,1.0000
396.7848,2.8411,7.9197,-0.0821,3.8383,7.9999,-3.0810,-3.0817,-3.0507,1.0000,2.2438,8.7433,-0.9666,-0.9669,-0.9577,1.0000,2.3731,7.0584,1.0771,1.0770,1.1002,1.0000
396.9887,2.8305,7.9203,-0.0821,3.8383,7.9999,-3.0810,-3.0818,-3.0507,1.0000,2.2438,8.7433,-0.9666,-0.9669,-0.9577,1.0000,2.3731,7.0584,1.0771,1.0770,1.1002,1.0000
397.1948,2.8305,7.9203,-0.0821,3.8286,8.0003,-3.0819,-3.0825,-3.0720,1.0000,2.2336,8.7452,-0.9669,-0.9669,-0.9659,1.0000,2.3627,7.0612,1.0769,1.0762,1.0761,1.0000
397.4298,2.8199,7.9208,-0.0821,3.8188,8.0006,-3.0826,-3.0832,-3.0633,1.0000,2.2238,8.7471,-0.9669,-0.9667,-0.9660,1.0000,2.3522,7.0642,1.0761,1.0749,1.0509,1.0000
397.6678,2.7987,7.9222,-0.0821,3.8090,8.0010,-3.0833,-3.0838,-3.0851,1.0000,2.2138,8.7490,-0.9667,-0.9663,-0.9593,1.0000,2.3418,7.0672,1.0747,1.0730,1.0398,1.0000
397.8706,2.7881,7.9230,-0.0821,3.7896,8.0017,-3.0844,-3.0844,-3.0662,1.0000,2.2038,8.7509,-0.9663,-0.9657,-0.9641,1.0000,2.3315,7.0702,1.0727,1.0705,1.0478,1.0000
398.0712,2.7775,7.9238,-0.0821,3.7798,8.0021,-3.0849,-3.0849,-3.0727,1.0000,2.1846,8.7543,-0.9649,-0.9650,-0.9541,1.0000,2.3212,7.0734,1.0702,1.0676,1.0533,1.0000
398.2767,2.7669,7.9243,-0.0821,3.7701,8.0024,-3.0855,-3.0858,-3.0733,1.0000,2.1752,8.7558,-0.9641,-0.9636,-0.9688,1.0000,2.3006,7.0799,1.0639,1.0621,1.0573,1.0000
398.4774,2.7563,7.9249,-0.0821,3.7603,8.0028,-3.0860,-3.0864,-3.0744,1.0000,2.1656,8.7575,-0.9632,-0.9628,-0.9530,1.0000,2.2904,7.0832,1.0603,1.0583,1.0482,1.0000
398.6792,2.7457,7.9255,-0.0821,3.7506,8.0032,-3.0866,-3.0870,-3.0817,1.0000,2.1559,8.7591,-0.9624,-0.9619,-0.9651,1.0000,2.2802,7.0865,1.0564,1.0536,1.0437,1.0000
398.8822,2.7351,7.9263,-0.0821,3.7408,8.0035,-3.0871,-3.0874,-3.0874,1.0000,2.1464,8.7607,-0.9617,-0.9614,-0.9531,1.0000,2.2699,7.0899,1.0524,1.0496,1.0449,1.0000
399.0983,2.7246,7.9271,-0.0821,3.7311,8.0039,-3.0875,-3.0879,-3.0779,1.0000,2.1371,8.7622,-0.9612,-0.9609,-0.9667,1.0000,2.2597,7.0933,1.0484,1.0449,1.0610,1.0000
399.3374,2.7140,7.9278,-0.0821,3.7213,8.0043,-3.0879,-3.0882,-3.0792,1.0000,2.1277,8.7636,-0.9609,-0.9608,-0.9654,1.0000,2.2495,7.0966,1.0445,1.0412,1.0528,1.0000
399.5833,2.6927,7.9289,-0.0821,3.7116,8.0046,-3.0882,-3.0885,-3.0611,1.0000,2.1184,8.7650,-0.9608,-0.9610,-0.9712,1.0000,2.2393,7.0999,1.0409,1.0378,1.0590,1.0000
399.7840,2.6822,7.9296,-0.0821,3.7018,8.0050,-3.0885,-3.0886,-3.0864,1.0000,2.1090,8.7664,-0.9610,-0.9616,-0.9738,1.0000,2.2291,7.1032,1.0374,1.0345,1.0557,1.0000
399.9870,2.6716,7.9304,-0.0821,3.6921,8.0054,-3.0886,-3.0887,-3.0894,1.0000,2.0997,8.7678,-0.9616,-0.9625,-0.9629,1.0000,2.2188,7.1065,1.0342,1.0316,1.0413,1.0000
400.1916,2.6610,7.9312,-0.0821,3.6727,8.0062,-3.0887,-3.0887,-3.0838,1.0000,2.0813,8.7703,-0.9639,-0.9648,-0.9369,1.0000,2.1983,7.1128,1.0289,1.0278,1.0398,1.0000
400.4216,2.6504,7.9318,-0.0821,3.6630,8.0065,-3.0887,-3.0887,-3.0781,1.0000,2.0722,8.7715,-0.9656,-0.9675,-0.9491,1.0000,2.1880,7.1159,1.0268,1.0253,1.0346,1.0000
400.6491,2.6398,7.9323,-0.0821,3.6534,8.0069,-3.0887,-3.0886,-3.0903,1.0000,2.0631,8.7726,-0.9677,-0.9699,-0.9635,1.0000,2.1777,7.1189,1.0252,1.0242,1.0473,1.0000
400.8586,2.6187,7.9337,-0.0822,3.6437,8.0073,-3.0886,-3.0886,-3.0730,1.0000,2.0539,8.7738,-0.9701,-0.9725,-0.9483,1.0000,2.1674,7.1219,1.0241,1.0234,1.0413,1.0000
401.0614,2.6081,7.9345,-0.0822,3.6243,8.0081,-3.0887,-3.0887,-3.0892,1.0000,2.0449,8.7748,-0.9728,-0.9755,-0.9620,1.0000,2.1570,7.1248,1.0234,1.0231,1.0406,1.0000
401.2689,2.5975,7.9352,-0.0822,3.6146,8.0085,-3.0887,-3.0888,-3.1019,1.0000,2.0269,8.7768,-0.9789,-0.9812,-0.9718,1.0000,2.1362,7.1304,1.0233,1.0236,1.0203,1.0000
401.4908,2.5869,7.9357,-0.0822,3.6048,8.0088,-3.0888,-3.0890,-3.1172,1.0000,2.0178,8.7778,-0.9822,-0.9852,-0.9384,1.0000,2.1258,7.1331,1.0238,1.0245,1.0056,1.0000
401.7187,2.5763,7.9363,-0.0822,3.5951,8.0092,-3.0890,-3.0891,-3.0945,1.0000,2.0088,8.7788,-0.9855,-0.9886,-0.9712,1.0000,2.1153,7.1357,1.0246,1.0256,1.0130,1.0000
401.9230,2.5551,7.9378,-0.0822,3.5757,8.0100,-3.0894,-3.0894,-3.0849,1.0000,1.9909,8.7807,-0.9924,-0.9927,-0.9926,1.0000,2.0944,7.1409,1.0269,1.0271,1.0277,1.0000
402.1351,2.5446,7.9385,-0.0822,3.5659,8.0104,-3.0896,-3.0898,-3.0969,1.0000,1.9819,8.7816,-0.9957,-0.9984,-0.9963,1.0000,2.0840,7.1435,1.0282,1.0294,1.0283,1.0000
402.3374,2.5340,7.9392,-0.0822,3.5562,8.0108,-3.0899,-3.0901,-3.0641,1.0000,1.9729,8.7825,-0.9987,-1.0013,-0.9788,1.0000,2.0735,7.1460,1.0295,1.0306,1.0176,1.0000
402.5583,2.5233,7.9397,-0.0822,3.5465,8.0111,-3.0902,-3.0905,-3.0785,1.0000,1.9639,8.7835,-1.0016,-1.0039,-1.0134,1.0000,2.0630,7.1485,1.0307,1.0317,1.0158,1.0000
402.7916,2.5127,7.9403,-0.0822,3.5367,8.0115,-3.0905,-3.0909,-3.0902,1.0000,1.9549,8.7844,-1.0042,-1.0063,-1.0116,1.0000,2.0526,7.1511,1.0318,1.0326,1.0157,1.0000
403.0251,2.4916,7.9418,-0.0822,3.5269,8.0119,-3.0910,-3.0914,-3.0828,1.0000,1.9458,8.7854,-1.0065,-1.0083,-0.9963,1.0000,2.0422,7.1536,1.0327,1.0334,1.0272,1.0000
403.2356,2.4810,7.9425,-0.0822,3.5172,8.0123,-3.0914,-3.0919,-3.0885,1.0000,1.9367,8.7864,-1.0085,-1.0099,-1.0007,1.0000,2.0318,7.1562,1.0334,1.0338,1.0448,1.0000
403.4368,2.4810,7.9425,-0.0822,3.5074,8.0127,-3.0920,-3.0925,-3.0949,1.0000,1.9277,8.7874,-1.0101,-1.0112,-1.0028,1.0000,2.0213,7.1587,1.0339,1.0341,1.0251,1.0000
403.6485,2.4598,7.9436,-0.0822,3.4878,8.0134,-3.0931,-3.0934,-3.0974,1.0000,1.9094,8.7894,-1.0123,-1.0125,-1.0162,1.0000,1.9998,7.1630,1.0341,1.0340,1.0423,1.0000
403.8783,2.4492,7.9442,-0.0822,3.4780,8.0138,-3.0937,-3.0943,-3.0974,1.0000,1.9003,8.7905,-1.0130,-1.0134,-1.0180,1.0000,1.9894,7.1654,1.0338,1.0332,1.0190,1.0000
404.0946,2.4386,7.9450,-0.0822,3.4682,8.0142,-3.0944,-3.0949,-3.1061,1.0000,1.8911,8.7915,-1.0134,-1.0136,-1.0255,1.0000,1.9791,7.1681,1.0331,1.0322,1.0242,1.0000
404.3248,2.4281,7.9458,-0.0822,3.4584,8.0146,-3.0950,-3.0955,-3.0936,1.0000,1.8820,8.7926,-1.0136,-1.0136,-1.0226,1.0000,1.9684,7.1704,1.0321,1.0309,1.0368,1.0000
404.5253,2.4069,7.9470,-0.0822,3.4388,8.0154,-3.0961,-3.0962,-3.0929,1.0000,1.8636,8.7947,-1.0135,-1.0135,-0.9944,1.0000,1.9475,7.1742,1.0291,1.0287,1.0407,1.0000
404.7253,2.3963,7.9475,-0.0822,3.4287,8.0157,-3.0965,-3.0967,-3.1092,1.0000,1.8545,8.7958,-1.0134,-1.0133,-0.9965,1.0000,1.9374,7.1770,1.0271,1.0267,1.0311,1.0000
404.9269,2.3857,7.9482,-0.0822,3.4178,8.0160,-3.0969,-3.0969,-3.1092,1.0000,1.8453,8.7968,-1.0132,-1.0132,-0.9965,1.0000,1.9272,7.1798,1.0249,1.0247,1.0311,1.0000
405.1306,2.3751,7.9490,-0.0822,3.4068,8.0162,-3.0971,-3.0972,-3.0979,1.0000,1.8362,8.7979,-1.0131,-1.0130,-1.0051,1.0000,1.9173,7.1822,1.0225,1.0217,1.0402,1.0000
405.3718,2.3645,7.9497,-0.0822,3.3962,8.0165,-3.0973,-3.0974,-3.1061,1.0000,1.8271,8.7989,-1.0130,-1.0131,-1.0068,1.0000,1.9079,7.1847,1.0199,1.0174,1.0110,1.0000
405.5732,2.3539,7.9503,-0.0822,3.3855,8.0167,-3.0974,-3.0975,-3.0916,1.0000,1.8180,8.7999,-1.0131,-1.0134,-1.0059,1.0000,1.8982,7.1875,1.0171,1.0145,1.0071,1.0000
405.7762,2.3327,7.9514,-0.0822,3.3626,8.0169,-3.0977,-3.0977,-3.0862,1.0000,1.7998,8.8018,-1.0138,-1.0139,-1.0241,1.0000,1.8790,7.1941,1.0114,1.0111,0.9944,1.0000
405.9773,2.3221,7.9522,-0.0822,3.3512,8.0170,-3.0978,-3.0978,-3.0706,1.0000,1.7908,8.8027,-1.0146,-1.0146,-1.0178,1.0000,1.8698,7.1972,1.0086,1.0083,1.0057,1.0000
406.1847,2.3116,7.9530,-0.0821,3.3400,8.0172,-3.0979,-3.0979,-3.0713,1.0000,1.7908,8.8027,-1.0146,-1.0154,-1.0186,1.0000,1.8698,7.1972,1.0086,1.0060,1.0059,1.0000
406.3851,2.3010,7.9536,-0.0821,3.3400,8.0172,-3.0979,-3.0979,-3.0831,1.0000,1.7817,8.8036,-1.0155,-1.0166,-1.0148,1.0000,1.8607,7.2004,1.0057,1.0032,1.0047,1.0000
406.6120,2.3010,7.9536,-0.0821,3.3284,8.0172,-3.0980,-3.0980,-3.0672,1.0000,1.7727,8.8044,-1.0168,-1.0181,-0.9943,1.0000,1.8517,7.2040,1.0029,1.0004,1.0090,1.0000
406.8226,2.2798,7.9547,-0.0821,3.3171,8.0172,-3.0981,-3.0982,-3.0714,1.0000,1.7637,8.8052,-1.0182,-1.0198,-1.0060,1.0000,1.8426,7.2078,1.0001,0.9977,1.0007,1.0000
407.0248,2.2692,7.9553,-0.0821,3.3059,8.0172,-3.0982,-3.0985,-3.0895,1.0000,1.7548,8.8060,-1.0200,-1.0217,-1.0118,1.0000,1.8336,7.2116,0.9974,0.9952,0.9811,1.0000
407.2253,2.2586,7.9561,-0.0821,3.2824,8.0172,-3.0988,-3.0988,-3.0903,1.0000,1.7370,8.8075,-1.0241,-1.0241,-1.0263,1.0000,1.8250,7.2155,0.9950,0.9929,1.0034,1.0000
407.4323,2.2480,7.9568,-0.0821,3.2707,8.0171,-3.0992,-3.0993,-3.0781,1.0000,1.7281,8.8082,-1.0265,-1.0272,-1.0336,1.0000,1.8086,7.2239,0.9908,0.9904,0.9987,1.0000
407.6337,2.2374,7.9574,-0.0821,3.2592,8.0171,-3.0996,-3.0999,-3.0764,1.0000,1.7192,8.8088,-1.0290,-1.0308,-1.0240,1.0000,1.8004,7.2286,0.9894,0.9887,1.0066,1.0000
407.8372,2.2268,7.9579,-0.0821,3.2478,8.0171,-3.1000,-3.1003,-3.0934,1.0000,1.7103,8.8095,-1.0316,-1.0334,-1.0174,1.0000,1.7926,7.2338,0.9885,0.9882,0.9930,1.0000
408.0411,2.2162,7.9585,-0.0820,3.2364,8.0170,-3.1004,-3.1008,-3.0904,1.0000,1.7014,8.8101,-1.0342,-1.0366,-1.0071,1.0000,1.7851,7.2391,0.9881,0.9883,1.0052,1.0000
408.2606,2.2056,7.9592,-0.0820,3.2249,8.0170,-3.1008,-3.1013,-3.0942,1.0000,1.6925,8.8108,-1.0369,-1.0392,-1.0045,1.0000,1.7779,7.2446,0.9883,0.9890,0.9900,1.0000
408.5000,2.1951,7.9599,-0.0820,3.2134,8.0170,-3.1014,-3.1019,-3.1018,1.0000,1.6837,8.8114,-1.0395,-1.0418,-1.0270,1.0000,1.7711,7.2507,0.9891,0.9903,0.9915,1.0000
408.7150,2.1845,7.9606,-0.0820,3.2019,8.0169,-3.1020,-3.1026,-3.0961,1.0000,1.6748,8.8120,-1.0421,-1.0444,-1.0326,1.0000,1.7643,7.2569,0.9905,0.9921,0.9861,1.0000
408.9203,2.1632,7.9617,-0.0820,3.1905,8.0169,-3.1026,-3.1033,-3.0918,1.0000,1.6659,8.8126,-1.0446,-1.0468,-1.0395,1.0000,1.7578,7.2634,0.9923,0.9943,0.9817,1.0000
409.1218,2.1527,7.9623,-0.0820,3.1676,8.0168,-3.1043,-3.1051,-3.0779,1.0000,1.6482,8.8138,-1.0494,-1.0509,-1.0455,1.0000,1.7464,7.2766,0.9971,0.9989,0.9850,1.0000
409.3261,2.1421,7.9630,-0.0820,3.1561,8.0168,-3.1053,-3.1062,-3.0912,1.0000,1.6393,8.8144,-1.0515,-1.0534,-1.0657,1.0000,1.7407,7.2829,0.9998,1.0022,0.9799,1.0000
409.5621,2.1315,7.9638,-0.0820,3.1446,8.0168,-3.1063,-3.1073,-3.0972,1.0000,1.6304,8.8150,-1.0535,-1.0552,-1.0587,1.0000,1.7351,7.2890,1.0025,1.0048,0.9917,1.0000
409.7642,2.1209,7.9644,-0.0820,3.1331,8.0167,-3.1074,-3.1084,-3.1143,1.0000,1.6214,8.8157,-1.0554,-1.0568,-1.0609,1.0000,1.7299,7.2950,1.0050,1.0072,0.9965,1.0000
409.9916,2.1103,7.9649,-0.0820,3.1216,8.0167,-3.1085,-3.1095,-3.1001,1.0000,1.6125,8.8163,-1.0570,-1.0583,-1.0492,1.0000,1.7250,7.3005,1.0075,1.0099,0.9847,1.0000
410.2216,2.0997,7.9654,-0.0820,3.1101,8.0167,-3.1096,-3.1105,-3.1238,1.0000,1.6036,8.8169,-1.0584,-1.0595,-1.0662,1.0000,1.7195,7.3051,1.0102,1.0131,0.9869,1.0000
410.4444,2.0786,7.9668,-0.0821,3.0986,8.0167,-3.1106,-3.1115,-3.1123,1.0000,1.5946,8.8176,-1.0596,-1.0606,-1.0712,1.0000,1.7125,7.3077,1.0135,1.0170,1.0111,1.0000
410.6468,2.0680,7.9675,-0.0821,3.0756,8.0167,-3.1126,-3.1133,-3.1064,1.0000,1.5767,8.8189,-1.0616,-1.0621,-1.0672,1.0000,1.6957,7.3043,1.0222,1.0260,1.0019,1.0000
410.8968,2.0574,7.9681,-0.0821,3.0641,8.0167,-3.1135,-3.1143,-3.1170,1.0000,1.5678,8.8195,-1.0623,-1.0629,-1.0840,1.0000,1.6855,7.2984,1.0278,1.0335,1.0200,1.0000
411.1002,2.0468,7.9686,-0.0821,3.0527,8.0167,-3.1143,-3.1151,-3.1167,1.0000,1.5588,8.8202,-1.0629,-1.0634,-1.0856,1.0000,1.6734,7.2893,1.0342,1.0406,1.0112,1.0000
411.3051,2.0362,7.9691,-0.0821,3.0412,8.0168,-3.1151,-3.1158,-3.1045,1.0000,1.5498,8.8208,-1.0635,-1.0639,-1.0767,1.0000,1.6598,7.2767,1.0413,1.0483,1.0083,1.0000
411.5135,2.0256,7.9698,-0.0821,3.0297,8.0168,-3.1159,-3.1165,-3.1126,1.0000,1.5409,8.8215,-1.0639,-1.0643,-1.0708,1.0000,1.6451,7.2611,1.0490,1.0562,1.0437,1.0000
411.7451,2.0150,7.9706,-0.0821,3.0182,8.0168,-3.1166,-3.1172,-3.1090,1.0000,1.5319,8.8222,-1.0644,-1.0648,-1.0740,1.0000,1.6299,7.2435,1.0571,1.0644,1.0392,1.0000
411.9736,2.0044,7.9712,-0.0821,3.0067,8.0169,-3.1173,-3.1179,-3.1042,1.0000,1.5229,8.8228,-1.0648,-1.0653,-1.0762,1.0000,1.6144,7.2252,1.0652,1.0724,1.0578,1.0000
412.1863,1.9938,7.9717,-0.0821,2.9952,8.0169,-3.1180,-3.1186,-3.1110,1.0000,1.5140,8.8234,-1.0653,-1.0658,-1.0703,1.0000,1.5994,7.2077,1.0732,1.0799,1.0912,1.0000
412.3880,1.9726,7.9728,-0.0821,2.9723,8.0170,-3.1192,-3.1192,-3.1122,1.0000,1.4961,8.8246,-1.0665,-1.0665,-1.0691,1.0000,1.5852,7.1925,1.0806,1.0867,1.0747,1.0000
412.5889,1.9620,7.9736,-0.0821,2.9608,8.0171,-3.1196,-3.1197,-3.1034,1.0000,1.4872,8.8252,-1.0673,-1.0675,-1.0741,1.0000,1.5585,7.1690,1.0933,1.0945,1.0735,1.0000
412.7931,1.9515,7.9743,-0.0821,2.9493,8.0172,-3.1200,-3.1201,-3.1034,1.0000,1.4783,8.8257,-1.0682,-1.0683,-1.0741,1.0000,1.5447,7.1615,1.0986,1.0991,1.0735,1.0000
413.0003,1.9409,7.9749,-0.0821,2.9379,8.0172,-3.1203,-3.1204,-3.0898,1.0000,1.4695,8.8262,-1.0693,-1.0694,-1.0683,1.0000,1.5288,7.1579,1.1033,1.1037,1.0960,1.0000
413.2028,1.9302,7.9753,-0.0821,2.9264,8.0173,-3.1205,-3.1205,-3.1099,1.0000,1.4695,8.8262,-1.0693,-1.0704,-1.0724,1.0000,1.5288,7.1579,1.1033,1.1067,1.1017,1.0000
413.4092,1.9196,7.9759,-0.0821,2.9150,8.0174,-3.1206,-3.1207,-3.1008,1.0000,1.4517,8.8272,-1.0719,-1.0727,-1.0702,1.0000,1.4898,7.1618,1.1099,1.1108,1.1081,1.0000
413.6099,1.9091,7.9765,-0.0821,2.9036,8.0175,-3.1207,-3.1207,-3.1052,1.0000,1.4429,8.8276,-1.0735,-1.0749,-1.0639,1.0000,1.4677,7.1673,1.1114,1.1116,1.1095,1.0000
413.8103,1.8985,7.9773,-0.0821,2.8922,8.0176,-3.1207,-3.1207,-3.1018,1.0000,1.4341,8.8280,-1.0752,-1.0769,-1.0639,1.0000,1.4432,7.1746,1.1114,1.1097,1.1095,1.0000
414.0486,1.8879,7.9779,-0.0821,2.8807,8.0177,-3.1207,-3.1208,-3.1249,1.0000,1.4253,8.8284,-1.0771,-1.0789,-1.0902,1.0000,1.4176,7.1831,1.1094,1.1057,1.1052,1.0000
414.2551,1.8879,7.9779,-0.0821,2.8579,8.0179,-3.1210,-3.1210,-3.1146,1.0000,1.4077,8.8292,-1.0812,-1.0814,-1.1027,1.0000,1.3677,7.2029,1.0990,1.0983,1.1044,1.0000
414.4592,1.8561,7.9795,-0.0821,2.8464,8.0180,-3.1212,-3.1213,-3.1245,1.0000,1.3989,8.8295,-1.0833,-1.0840,-1.0601,1.0000,1.3452,7.2130,1.0909,1.0882,1.1069,1.0000
414.6599,1.8455,7.9802,-0.0821,2.8349,8.0181,-3.1215,-3.1216,-3.1197,1.0000,1.3901,8.8298,-1.0855,-1.0861,-1.0601,1.0000,1.3255,7.2222,1.0811,1.0779,1.1069,1.0000
414.8660,1.8350,7.9809,-0.0821,2.8235,8.0182,-3.1219,-3.1220,-3.1197,1.0000,1.3813,8.8302,-1.0877,-1.0879,-1.0837,1.0000,1.3087,7.2301,1.0699,1.0687,1.1028,1.0000
415.0703,1.8244,7.9815,-0.0821,2.8120,8.0183,-3.1223,-3.1227,-3.1109,1.0000,1.3725,8.8305,-1.0899,-1.0914,-1.0917,1.0000,1.2941,7.2370,1.0574,1.0480,1.0845,1.0000
415.2794,1.8138,7.9820,-0.0821,2.8005,8.0184,-3.1228,-3.1232,-3.1185,1.0000,1.3637,8.8308,-1.0921,-1.0940,-1.0922,1.0000,1.2812,7.2432,1.0438,1.0304,1.0823,1.0000
415.4892,1.8031,7.9825,-0.0821,2.7890,8.0185,-3.1232,-3.1237,-3.1182,1.0000,1.3549,8.8311,-1.0943,-1.0962,-1.0819,1.0000,1.2697,7.2488,1.0288,1.0142,1.0591,1.0000
415.7086,1.7926,7.9831,-0.0821,2.7775,8.0186,-3.1237,-3.1242,-3.1146,1.0000,1.3461,8.8314,-1.0964,-1.0982,-1.0977,1.0000,1.2595,7.2536,1.0125,0.9968,1.0435,1.0000
415.9560,1.7820,7.9838,-0.0821,2.7660,8.0187,-3.1242,-3.1246,-3.1060,1.0000,1.3374,8.8316,-1.0984,-1.1002,-1.1084,1.0000,1.2504,7.2573,0.9950,0.9782,1.0195,1.0000
416.1564,1.7608,7.9850,-0.0821,2.7431,8.0189,-3.1251,-3.1254,-3.1056,1.0000,1.3197,8.8322,-1.1022,-1.1033,-1.0959,1.0000,1.2342,7.2624,0.9568,0.9449,0.9902,1.0000
416.4024,1.7502,7.9854,-0.0821,2.7316,8.0191,-3.1256,-3.1260,-3.1238,1.0000,1.3109,8.8325,-1.1040,-1.1054,-1.1093,1.0000,1.2267,7.2636,0.9370,0.9193,0.9537,1.0000
416.6268,1.7396,7.9859,-0.0820,2.7201,8.0192,-3.1260,-3.1264,-3.1211,1.0000,1.3021,8.8328,-1.1056,-1.1070,-1.1188,1.0000,1.2195,7.2638,0.9174,0.9006,0.9422,1.0000
416.8694,1.7290,7.9866,-0.0820,2.7086,8.0193,-3.1265,-3.1268,-3.1307,1.0000,1.2933,8.8331,-1.1071,-1.1084,-1.1049,1.0000,1.2123,7.2629,0.8988,0.8836,0.9269,1.0000
417.0777,1.7184,7.9873,-0.0820,2.6971,8.0194,-3.1269,-3.1273,-3.1353,1.0000,1.2845,8.8334,-1.1086,-1.1098,-1.0984,1.0000,1.2053,7.2613,0.8821,0.8689,0.9015,1.0000
417.2828,1.7079,7.9879,-0.0820,2.6856,8.0196,-3.1273,-3.1277,-3.1294,1.0000,1.2757,8.8337,-1.1099,-1.1110,-1.0984,1.0000,1.1985,7.2593,0.8675,0.8568,0.8898,1.0000
417.4972,1.6972,7.9884,-0.0820,2.6741,8.0197,-3.1278,-3.1282,-3.1334,1.0000,1.2669,8.8340,-1.1112,-1.1122,-1.1129,1.0000,1.1915,7.2566,0.8557,0.8479,0.8803,1.0000
417.7060,1.6866,7.9888,-0.0820,2.6626,8.0199,-3.1282,-3.1286,-3.1256,1.0000,1.2580,8.8343,-1.1123,-1.1133,-1.1087,1.0000,1.1840,7.2528,0.8472,0.8435,0.8582,1.0000
417.9233,1.6760,7.9894,-0.0820,2.6510,8.0200,-3.1287,-3.1291,-3.1174,1.0000,1.2492,8.8346,-1.1134,-1.1144,-1.1230,1.0000,1.1748,7.2481,0.8434,0.8451,0.8526,1.0000
418.1375,1.6655,7.9900,-0.0820,2.6395,8.0201,-3.1291,-3.1295,-3.1162,1.0000,1.2403,8.8349,-1.1145,-1.1154,-1.1189,1.0000,1.1636,7.2426,0.8457,0.8538,0.8549,1.0000
418.3530,1.6549,7.9907,-0.0820,2.6280,8.0203,-3.1296,-3.1299,-3.1340,1.0000,1.2315,8.8352,-1.1155,-1.1164,-1.0953,1.0000,1.1496,7.2361,0.8551,0.8698,0.8540,1.0000
418.5654,1.6443,7.9912,-0.0820,2.6165,8.0204,-3.1300,-3.1304,-3.1295,1.0000,1.2227,8.8354,-1.1165,-1.1173,-1.1010,1.0000,1.1329,7.2287,0.8718,0.8921,0.8496,1.0000
418.7954,1.6337,7.9917,-0.0820,2.6050,8.0206,-3.1304,-3.1308,-3.1137,1.0000,1.2139,8.8357,-1.1174,-1.1183,-1.1092,1.0000,1.1139,7.2212,0.8946,0.9186,0.8753,1.0000
419.0172,1.6231,7.9921,-0.0820,2.5935,8.0208,-3.1308,-3.1308,-3.1137,1.0000,1.2139,8.8357,-1.1174,-1.1183,-1.1092,1.0000,1.1139,7.2212,0.8946,0.9186,0.8753,1.0000
419.2308,1.6125,7.9927,-0.0820,2.5935,8.0208,-3.1308,-3.1311,-3.1074,1.0000,1.2050,8.8360,-1.1184,-1.1192,-1.1184,1.0000,1.0930,7.2143,0.9214,0.9467,0.8911,1.0000
419.4314,1.6019,7.9934,-0.0820,2.5704,8.0211,-3.1315,-3.1315,-3.1200,1.0000,1.1874,8.8365,-1.1204,-1.1203,-1.1267,1.0000,1.0708,7.2079,0.9495,0.9739,0.9011,1.0000
419.6316,1.5913,7.9941,-0.0820,2.5589,8.0213,-3.1318,-3.1319,-3.1279,1.0000,1.1786,8.8367,-1.1214,-1.1217,-1.1195,1.0000,1.0261,7.1978,1.0005,1.0027,0.9295,1.0000
419.8319,1.5807,7.9945,-0.0820,2.5474,8.0214,-3.1322,-3.1323,3.1413,1.0000,1.1698,8.8369,-1.1226,-1.1229,-1.1116,1.0000,1.0046,7.1954,1.0207,1.0259,0.9711,1.0000
420.0321,1.5701,7.9949,-0.0820,2.5359,8.0216,-3.1325,-3.1326,-3.1349,1.0000,1.1610,8.8371,-1.1238,-1.1239,-1.1086,1.0000,0.9845,7.1951,1.0364,1.0377,0.9903,1.0000
420.2339,1.5595,7.9955,-0.0820,2.5244,8.0218,-3.1329,-3.1329,-3.1212,1.0000,1.1522,8.8373,-1.1251,-1.1250,-1.1115,1.0000,0.9845,7.1951,1.0364,1.0465,1.0107,1.0000
420.4343,1.5489,7.9961,-0.0820,2.5128,8.0220,-3.1334,-3.1334,-3.1307,1.0000,1.1434,8.8374,-1.1265,-1.1263,-1.1161,1.0000,0.9662,7.1963,1.0473,1.0531,1.0283,1.0000
420.6399,1.5384,7.9968,-0.0820,2.5128,8.0220,-3.1334,-3.1338,-3.1229,1.0000,1.1434,8.8374,-1.1265,-1.1278,-1.1279,1.0000,0.9497,7.1981,1.0535,1.0552,1.0353,1.0000
420.8468,1.5278,7.9973,-0.0820,2.5013,8.0221,-3.1338,-3.1343,-3.1356,1.0000,1.1346,8.8376,-1.1280,-1.1294,-1.1198,1.0000,0.9342,7.2002,1.0552,1.0532,1.0168,1.0000
421.0647,1.5278,7.9973,-0.0820,2.4897,8.0223,-3.1344,-3.1349,-3.1390,1.0000,1.1258,8.8377,-1.1295,-1.1310,-1.1269,1.0000,0.9192,7.2031,1.0527,1.0471,1.0461,1.0000
421.2675,1.5065,7.9982,-0.0820,2.4666,8.0227,-3.1356,-3.1358,3.1380,1.0000,1.1083,8.8379,-1.1330,-1.1331,-1.1277,1.0000,0.8918,7.2118,1.0360,1.0348,1.0608,1.0000
421.4693,1.4960,7.9988,-0.0820,2.4550,8.0229,-3.1363,-3.1363,3.1178,1.0000,1.0995,8.8380,-1.1348,-1.1348,-1.1439,1.0000,0.8797,7.2167,1.0224,1.0239,1.0592,1.0000
421.7013,1.4857,7.9994,-0.0820,2.4550,8.0229,-3.1363,-3.1369,3.1196,1.0000,1.0995,8.8380,-1.1348,-1.1365,-1.1447,1.0000,0.8797,7.2167,1.0224,1.0072,1.0357,1.0000
421.9474,1.4857,7.9994,-0.0820,2.4435,8.0231,-3.1369,-3.1375,3.1343,1.0000,1.0908,8.8380,-1.1367,-1.1384,-1.1390,1.0000,0.8682,7.2218,1.0054,0.9874,1.0217,1.0000
422.1845,1.4762,8.0000,-0.0820,2.4319,8.0233,-3.1376,-3.1382,3.1318,1.0000,1.0820,8.8381,-1.1386,-1.1405,-1.1469,1.0000,0.8568,7.2273,0.9853,0.9650,1.0028,1.0000
422.3920,1.4670,8.0004,-0.0821,2.4203,8.0235,-3.1382,-3.1386,-3.1415,1.0000,1.0733,8.8381,-1.1407,-1.1417,-1.1506,1.0000,0.8457,7.2333,0.9626,0.9505,1.0028,1.0000
422.5999,1.4670,8.0004,-0.0821,2.4203,8.0235,-3.1382,-3.1388,-3.1415,1.0000,1.0733,8.8381,-1.1407,-1.1425,-1.1506,1.0000,0.8457,7.2333,0.9626,0.9406,0.9672,1.0000
422.8182,1.4577,8.0007,-0.0822,2.4087,8.0237,-3.1388,-3.1394,-3.1332,1.0000,1.0646,8.8381,-1.1427,-1.1446,-1.1624,1.0000,0.8349,7.2397,0.9380,0.9149,0.9462,1.0000
423.0196,1.4480,8.0011,-0.0822,2.3971,8.0239,-3.1394,-3.1398,3.1374,1.0000,1.0558,8.8381,-1.1448,-1.1460,-1.1675,1.0000,0.8243,7.2463,0.9123,0.8966,0.9183,1.0000
423.2233,1.4376,8.0017,-0.0823,2.3856,8.0242,-3.1399,-3.1400,3.1374,1.0000,1.0471,8.8381,-1.1468,-1.1470,-1.1675,1.0000,0.8137,7.2528,0.8862,0.8836,0.9183,1.0000
423.4263,1.4268,8.0024,-0.0823,2.3740,8.0244,-3.1404,-3.1404,3.1305,1.0000,1.0471,8.8381,-1.1468,-1.1485,-1.1501,1.0000,0.8137,7.2528,0.8862,0.8631,0.9088,1.0000
423.6272,1.4158,8.0030,-0.0823,2.3624,8.0246,-3.1408,-3.1408,3.1369,1.0000,1.0296,8.8382,-1.1504,-1.1503,-1.1659,1.0000,0.8030,7.2593,0.8606,0.8387,0.8777,1.0000
423.8306,1.4049,8.0035,-0.0823,2.3624,8.0246,-3.1408,-3.1411,-3.1341,1.0000,1.0296,8.8382,-1.1504,-1.1518,-1.1653,1.0000,0.7921,7.2656,0.8364,0.8163,0.8580,1.0000
424.0315,1.3942,8.0039,-0.0824,2.3367,8.0251,-3.1413,-3.1413,-3.1345,1.0000,1.0120,8.8383,-1.1534,-1.1534,-1.1591,1.0000,0.7812,7.2717,0.8142,0.7965,0.8427,1.0000
424.2493,1.3837,8.0044,-0.0824,2.3225,8.0253,-3.1413,-3.1413,-3.1384,1.0000,1.0120,8.8383,-1.1534,-1.1545,-1.1525,1.0000,0.7701,7.2774,0.7947,0.7798,0.8191,1.0000
424.4501,1.3731,8.0051,-0.0824,2.3094,8.0255,-3.1411,-3.1411,3.1287,1.0000,0.9944,8.8384,-1.1558,-1.1559,-1.1530,1.0000,0.7471,7.2873,0.7655,0.7644,0.7932,1.0000
424.6510,1.3623,8.0057,-0.0824,2.2962,8.0257,-3.1409,-3.1409,-3.1288,1.0000,0.9944,8.8384,-1.1558,-1.1567,-1.1507,1.0000,0.7471,7.2873,0.7655,0.7571,0.7729,1.0000
424.8560,1.3516,8.0062,-0.0824,2.2828,8.0259,-3.1407,-3.1406,-3.1348,1.0000,0.9768,8.8385,-1.1578,-1.1580,-1.1520,1.0000,0.7226,7.2953,0.7512,0.7503,0.7781,1.0000
425.0566,1.3410,8.0066,-0.0824,2.2691,8.0261,-3.1406,-3.1405,-3.1361,1.0000,0.9679,8.8386,-1.1587,-1.1589,-1.1430,1.0000,0.7098,7.2984,0.7497,0.7499,0.7866,1.0000
425.2742,1.3306,8.0070,-0.0824,2.2559,8.0264,-3.1405,-3.1404,-3.1272,1.0000,0.9591,8.8386,-1.1595,-1.1596,-1.1570,1.0000,0.6967,7.3011,0.7518,0.7522,0.7676,1.0000
425.4743,1.3201,8.0076,-0.0824,2.2441,8.0267,-3.1404,-3.1404,-3.1186,1.0000,0.9503,8.8387,-1.1603,-1.1608,-1.1650,1.0000,0.6838,7.3031,0.7568,0.7601,0.7616,1.0000
425.6750,1.3094,8.0082,-0.0823,2.2329,8.0270,-3.1403,-3.1403,-3.1177,1.0000,0.9415,8.8388,-1.1612,-1.1618,-1.1728,1.0000,0.6712,7.3047,0.7639,0.7691,0.7421,1.0000
425.8755,1.2987,8.0088,-0.0823,2.2223,8.0273,-3.1403,-3.1402,3.1412,1.0000,0.9327,8.8388,-1.1620,-1.1624,-1.1765,1.0000,0.6582,7.3060,0.7729,0.7759,0.7616,1.0000
426.0769,1.2880,8.0093,-0.0823,2.2124,8.0278,-3.1402,-3.1402,3.1412,1.0000,0.9239,8.8388,-1.1630,-1.1630,-1.1765,1.0000,0.6582,7.3060,0.7729,0.7822,0.7616,1.0000
426.2874,1.2774,8.0096,-0.0823,2.2124,8.0278,-3.1402,-3.1402,-3.1353,1.0000,0.9239,8.8388,-1.1630,-1.1639,-1.1594,1.0000,0.6451,7.3070,0.7833,0.7935,0.7735,1.0000
426.5287,1.2669,8.0100,-0.0822,2.2028,8.0285,-3.1402,-3.1402,3.1351,1.0000,0.9151,8.8388,-1.1640,-1.1650,-1.1684,1.0000,0.6324,7.3077,0.7947,0.8054,0.7905,1.0000
426.7361,1.2669,8.0100,-0.0822,2.1938,8.0299,-3.1402,-3.1402,3.1317,1.0000,0.9063,8.8388,-1.1652,-1.1663,-1.1695,1.0000,0.6205,7.3079,0.8066,0.8171,0.8050,1.0000
426.9478,1.2563,8.0106,-0.0822,2.1850,8.0316,-3.1402,-3.1402,-3.1411,1.0000,0.8975,8.8388,-1.1664,-1.1676,-1.1719,1.0000,0.6093,7.3078,0.8183,0.8283,0.8073,1.0000
427.1750,1.2456,8.0112,-0.0822,2.1765,8.0330,-3.1402,-3.1401,3.1304,1.0000,0.8887,8.8388,-1.1677,-1.1691,-1.1490,1.0000,0.5983,7.3078,0.8294,0.8386,0.8355,1.0000
427.4065,1.2348,8.0118,-0.0821,2.1689,8.0352,-3.1401,-3.1400,-3.1367,1.0000,0.8800,8.8387,-1.1693,-1.1707,-1.1481,1.0000,0.5873,7.3078,0.8395,0.8477,0.8368,1.0000
427.6316,1.2242,8.0121,-0.0821,2.1618,8.0383,-3.1400,-3.1399,3.1389,1.0000,0.8712,8.8386,-1.1709,-1.1725,-1.1589,1.0000,0.5773,7.3076,0.8486,0.8557,0.8711,1.0000
427.8608,1.2137,8.0125,-0.0820,2.1543,8.0414,-3.1398,-3.1396,3.1217,1.0000,0.8625,8.8385,-1.1727,-1.1744,-1.1635,1.0000,0.5685,7.3070,0.8564,0.8625,0.8506,1.0000
428.0920,1.2032,8.0130,-0.0820,2.1463,8.0437,-3.1396,-3.1394,3.1367,1.0000,0.8537,8.8384,-1.1746,-1.1764,-1.1657,1.0000,0.5605,7.3064,0.8631,0.8681,0.8573,1.0000
428.3096,1.1926,8.0136,-0.0819,2.1382,8.0460,-3.1394,-3.1390,-3.1385,1.0000,0.8450,8.8382,-1.1766,-1.1785,-1.1647,1.0000,0.5529,7.3059,0.8685,0.8724,0.8648,1.0000
428.5110,1.1711,8.0146,-0.0819,2.1218,8.0502,-3.1380,-3.1380,3.1393,1.0000,0.8275,8.8379,-1.1810,-1.1810,-1.1726,1.0000,0.5388,7.3049,0.8757,0.8755,0.8798,1.0000
428.7170,1.1605,8.0149,-0.0819,2.1131,8.0503,-3.1366,-3.1355,-3.1282,1.0000,0.8188,8.8376,-1.1833,-1.1845,-1.1743,1.0000,0.5326,7.3043,0.8773,0.8776,0.8707,1.0000
428.9432,1.1500,8.0153,-0.0818,2.1042,8.0493,-3.1346,-3.1323,-3.1259,1.0000,0.8100,8.8374,-1.1857,-1.1879,-1.1947,1.0000,0.5270,7.3038,0.8775,0.8767,0.8556,1.0000
429.1594,1.1395,8.0158,-0.0818,2.0952,8.0480,-3.1320,-3.1293,3.1402,1.0000,0.8013,8.8372,-1.1882,-1.1904,-1.1924,1.0000,0.5215,7.3034,0.8765,0.8746,0.8793,1.0000
429.3950,1.1182,8.0169,-0.0818,2.0862,8.0466,-3.1290,-3.1263,-3.1294,1.0000,0.7924,8.8371,-1.1906,-1.1927,-1.1849,1.0000,0.5159,7.3032,0.8743,0.8715,0.8646,1.0000
429.5950,1.1075,8.0172,-0.0818,2.0774,8.0445,-3.1260,-3.1234,-3.1077,1.0000,0.7829,8.8373,-1.1930,-1.1950,-1.2148,1.0000,0.5106,7.3030,0.8711,0.8676,0.8788,1.0000
429.7970,1.0970,8.0176,-0.0818,2.0603,8.0383,-3.1206,-3.1188,-3.1096,1.0000,0.7636,8.8380,-1.1972,-1.1986,-1.2107,1.0000,0.5008,7.3027,0.8627,0.8593,0.8622,1.0000
430.0339,1.0865,8.0180,-0.0818,2.0515,8.0354,-3.1184,-3.1169,3.1250,1.0000,0.7536,8.8384,-1.1991,-1.2007,-1.1913,1.0000,0.4959,7.3026,0.8578,0.8533,0.8589,1.0000
430.2503,1.0759,8.0185,-0.0817,2.0427,8.0331,-3.1168,-3.1160,-3.1305,1.0000,0.7432,8.8392,-1.2009,-1.2022,-1.2123,1.0000,0.4911,7.3026,0.8528,0.8483,0.8497,1.0000
430.4819,1.0653,8.0190,-0.0817,2.0340,8.0309,-3.1159,-3.1158,-3.1321,1.0000,0.7326,8.8401,-1.2024,-1.2035,-1.2077,1.0000,0.4863,7.3025,0.8479,0.8437,0.8713,1.0000
430.6843,1.0546,8.0195,-0.0817,2.0256,8.0283,-3.1158,-3.1164,-3.1331,1.0000,0.7219,8.8411,-1.2036,-1.2045,-1.2090,1.0000,0.4816,7.3022,0.8433,0.8396,0.8688,1.0000
430.8864,1.0439,8.0198,-0.0817,2.0171,8.0257,-3.1166,-3.1180,-3.1237,1.0000,0.7113,8.8420,-1.2046,-1.2052,-1.2030,1.0000,0.4769,7.3019,0.8392,0.8363,0.8555,1.0000
431.0918,1.0229,8.0206,-0.0818,2.0083,8.0232,-3.1183,-3.1206,-3.1173,1.0000,0.7007,8.8429,-1.2053,-1.2057,-1.1870,1.0000,0.4721,7.3016,0.8360,0.8338,0.8423,1.0000
431.2989,1.0229,8.0206,-0.0818,1.9992,8.0209,-3.1209,-3.1240,-3.1050,1.0000,0.6901,8.8438,-1.2057,-1.2060,-1.1999,1.0000,0.4672,7.3012,0.8336,0.8324,0.8434,1.0000
431.5281,1.0016,8.0216,-0.0818,1.9901,8.0187,-3.1244,-3.1282,-3.1005,1.0000,0.6795,8.8448,-1.2060,-1.2059,-1.2048,1.0000,0.4622,7.3006,0.8323,0.8322,0.8391,1.0000
431.7334,0.9909,8.0220,-0.0818,1.9810,8.0163,-3.1287,-3.1333,-3.1199,1.0000,0.6689,8.8458,-1.2059,-1.2057,-1.2072,1.0000,0.4572,7.2998,0.8322,0.8332,0.8318,1.0000
431.9517,0.9803,8.0222,-0.0818,1.9718,8.0139,-3.1338,-3.1391,-3.1233,1.0000,0.6583,8.8468,-1.2057,-1.2053,-1.2250,1.0000,0.4520,7.2988,0.8333,0.8355,0.8347,1.0000
432.1519,0.9698,8.0226,-0.0818,1.9530,8.0094,3.1371,3.1358,3.1364,1.0000,0.6370,8.8489,-1.2046,-1.2045,-1.1994,1.0000,0.4412,7.2966,0.8397,0.8407,0.8263,1.0000
432.3611,0.9592,8.0230,-0.0818,1.9435,8.0073,3.1303,3.1310,3.1364,1.0000,0.6370,8.8489,-1.2046,-1.2039,-1.1994,1.0000,0.4412,7.2966,0.8397,0.8444,0.8263,1.0000
432.5691,0.9592,8.0230,-0.0818,1.9435,8.0073,3.1303,3.1238,3.1409,1.0000,0.6255,8.8504,-1.2038,-1.2031,-1.2140,1.0000,0.4356,7.2952,0.8450,0.8510,0.8453,1.0000
432.7926,0.9380,8.0239,-0.0819,1.9339,8.0050,3.1231,3.1166,-3.1401,1.0000,0.6140,8.8520,-1.2030,-1.2021,-1.2026,1.0000,0.4299,7.2936,0.8517,0.8589,0.8524,1.0000
432.9957,0.9273,8.0242,-0.0819,1.9150,8.0006,3.1085,3.1071,3.1414,1.0000,0.5916,8.8547,-1.2009,-1.2008,-1.1991,1.0000,0.4182,7.2899,0.8691,0.8701,0.8490,1.0000
433.2020,0.9168,8.0245,-0.0819,1.9054,7.9984,3.1014,3.0986,3.1398,1.0000,0.5797,8.8564,-1.1999,-1.1995,-1.1822,1.0000,0.4122,7.2879,0.8796,0.8829,0.8476,1.0000
433.4029,0.9063,8.0248,-0.0819,1.8960,7.9963,3.0945,3.0945,3.1336,1.0000,0.5676,8.8584,-1.1988,-1.1988,-1.1804,1.0000,0.4122,7.2879,0.8796,0.8899,0.8639,1.0000
433.6098,0.8957,8.0253,-0.0819,1.8866,7.9942,3.0881,3.0887,3.1027,1.0000,0.5676,8.8584,-1.1988,-1.1979,-1.1914,1.0000,0.4061,7.2858,0.8910,0.9022,0.8539,1.0000
433.8261,0.8851,8.0257,-0.0820,1.8773,7.9920,3.0821,3.0789,3.0924,1.0000,0.5441,8.8618,-1.1968,-1.1963,-1.1954,1.0000,0.3938,7.2813,0.9165,0.9233,0.8800,1.0000
434.0314,0.8744,8.0261,-0.0820,1.8773,7.9920,3.0821,3.0773,3.0780,1.0000,0.5441,8.8618,-1.1968,-1.1959,-1.2056,1.0000,0.3938,7.2813,0.9165,0.9288,0.8859,1.0000
434.2723,0.8744,8.0261,-0.0820,1.8682,7.9898,3.0768,3.0727,3.0844,1.0000,0.5326,8.8634,-1.1958,-1.1949,-1.2179,1.0000,0.3873,7.2797,0.9301,0.9425,0.9067,1.0000
434.4727,0.8533,8.0265,-0.0820,1.8502,7.9855,3.0684,3.0664,3.0912,1.0000,0.5089,8.8669,-1.1938,-1.1932,-1.2079,1.0000,0.3741,7.2775,0.9580,0.9652,0.9428,1.0000
434.6974,0.8427,8.0269,-0.0820,1.8414,7.9832,3.0653,3.0631,3.0519,1.0000,0.4972,8.8687,-1.1928,-1.1920,-1.2000,1.0000,0.3676,7.2776,0.9725,0.9859,0.9548,1.0000
434.9153,0.8215,8.0278,-0.0820,1.8241,7.9787,3.0611,3.0601,3.0829,1.0000,0.4739,8.8720,-1.1910,-1.1904,-1.1889,1.0000,0.3536,7.2794,1.0024,1.0158,0.9842,1.0000
435.1170,0.7897,8.0285,-0.0820,1.8073,7.9742,3.0595,3.0595,3.0529,1.0000,0.4538,8.8749,-1.1900,-1.1900,-1.1973,1.0000,0.3402,7.2825,1.0314,1.0434,1.0022,1.0000
435.3569,0.7792,8.0289,-0.0820,1.7909,7.9695,3.0600,3.0607,3.0660,1.0000,0.4357,8.8775,-1.1904,-1.1911,-1.1753,1.0000,0.3280,7.2872,1.0573,1.0680,1.0389,1.0000
435.5730,0.7686,8.0293,-0.0820,1.7828,7.9672,3.0608,3.0618,3.0610,1.0000,0.4278,8.8784,-1.1912,-1.1923,-1.1784,1.0000,0.3216,7.2891,1.0691,1.0791,1.0472,1.0000
435.7989,0.7579,8.0296,-0.0820,1.7744,7.9649,3.0619,3.0629,3.0916,1.0000,0.4215,8.8791,-1.1924,-1.1938,-1.1841,1.0000,0.3160,7.2904,1.0802,1.0896,1.0671,1.0000
435.9993,0.7473,8.0298,-0.0820,1.7653,7.9630,3.0630,3.0640,3.0791,1.0000,0.4163,8.8796,-1.1940,-1.1957,-1.1961,1.0000,0.3111,7.2918,1.0906,1.0984,1.0821,1.0000
436.1999,0.7367,8.0299,-0.0820,1.7555,7.9612,3.0641,3.0640,3.0791,1.0000,0.4163,8.8796,-1.1940,-1.1957,-1.1961,1.0000,0.3111,7.2918,1.0906,1.0994,1.0821,1.0000
436.4180,0.7367,8.0299,-0.0820,1.7555,7.9612,3.0641,3.0650,3.0738,1.0000,0.4111,8.8801,-1.1959,-1.1980,-1.1916,1.0000,0.3064,7.2939,1.1003,1.1081,1.0897,1.0000
436.6456,0.7157,8.0306,-0.0819,1.7456,7.9595,3.0651,3.0657,3.0729,1.0000,0.4058,8.8806,-1.1982,-1.2007,-1.1846,1.0000,0.3012,7.2959,1.1088,1.1146,1.0994,1.0000
436.8610,0.7157,8.0306,-0.0819,1.7359,7.9578,3.0657,3.0661,3.0706,1.0000,0.4009,8.8809,-1.2010,-1.2037,-1.1905,1.0000,0.2950,7.2955,1.1151,1.1177,1.1134,1.0000
437.0622,0.7050,8.0309,-0.0819,1.7255,7.9563,3.0661,3.0661,3.0706,1.0000,0.3969,8.8809,-1.2041,-1.2054,-1.1905,1.0000,0.2883,7.2919,1.1178,1.1178,1.1134,1.0000
437.3007,0.7050,8.0309,-0.0819,1.7255,7.9563,3.0661,3.0660,3.0800,1.0000,0.3969,8.8809,-1.2041,-1.2072,-1.2042,1.0000,0.2883,7.2919,1.1178,1.1167,1.1131,1.0000
437.5352,0.6944,8.0311,-0.0819,1.7143,7.9551,3.0660,3.0655,3.0893,1.0000,0.3935,8.8809,-1.2076,-1.2111,-1.1942,1.0000,0.2809,7.2865,1.1164,1.1113,1.1211,1.0000
437.7566,0.6838,8.0313,-0.0819,1.7028,7.9541,3.0655,3.0646,3.0720,1.0000,0.3900,8.8809,-1.2115,-1.2155,-1.2154,1.0000,0.2716,7.2788,1.1105,1.1019,1.1147,1.0000
437.9686,0.6732,8.0314,-0.0819,1.6915,7.9529,3.0644,3.0631,3.0460,1.0000,0.3861,8.8808,-1.2159,-1.2204,-1.2245,1.0000,0.2594,7.2665,1.1007,1.0896,1.1032,1.0000
438.1848,0.6627,8.0317,-0.0819,1.6806,7.9517,3.0629,3.0612,3.0620,1.0000,0.3825,8.8805,-1.2209,-1.2258,-1.2156,1.0000,0.2447,7.2493,1.0883,1.0766,1.0892,1.0000
438.3899,0.6521,8.0321,-0.0819,1.6697,7.9505,3.0610,3.0590,3.0610,1.0000,0.3792,8.8801,-1.2264,-1.2320,-1.2148,1.0000,0.2275,7.2283,1.0753,1.0645,1.0834,1.0000
438.6207,0.6308,8.0324,-0.0819,1.6586,7.9494,3.0587,3.0563,3.0489,1.0000,0.3757,8.8796,-1.2326,-1.2389,-1.2318,1.0000,0.2079,7.2067,1.0635,1.0550,1.0589,1.0000
438.8207,0.6203,8.0325,-0.0818,1.6359,7.9474,3.0530,3.0533,3.0615,1.0000,0.3716,8.8791,-1.2396,-1.2466,-1.2448,1.0000,0.1863,7.1863,1.0542,1.0489,1.0353,1.0000
439.0374,0.6097,8.0327,-0.0818,1.6359,7.9474,3.0530,3.0501,3.0535,1.0000,0.3670,8.8785,-1.2474,-1.2550,-1.2364,1.0000,0.1632,7.1672,1.0484,1.0463,1.0433,1.0000
439.2552,0.5992,8.0330,-0.0818,1.6246,7.9463,3.0497,3.0466,3.0614,1.0000,0.3617,8.8779,-1.2559,-1.2642,-1.2403,1.0000,0.1393,7.1500,1.0462,1.0469,1.0502,1.0000
439.4578,0.5886,8.0332,-0.0818,1.6134,7.9452,3.0463,3.0431,3.0580,1.0000,0.3559,8.8773,-1.2651,-1.2740,-1.2518,1.0000,0.1155,7.1355,1.0471,1.0497,1.0334,1.0000
439.6636,0.5779,8.0334,-0.0818,1.6021,7.9442,3.0427,3.0395,3.0650,1.0000,0.3491,8.8766,-1.2750,-1.2843,-1.2698,1.0000,0.0922,7.1247,1.0500,1.0539,1.0388,1.0000
439.8921,0.5673,8.0334,-0.0818,1.5908,7.9432,3.0392,3.0359,3.0318,1.0000,0.3414,8.8760,-1.2853,-1.2949,-1.2946,1.0000,0.0694,7.1177,1.0544,1.0589,1.0295,1.0000
440.1187,0.5568,8.0335,-0.0817,1.5795,7.9423,3.0356,3.0325,3.0330,1.0000,0.3326,8.8757,-1.2960,-1.3056,-1.2956,1.0000,0.0473,7.1137,1.0594,1.0639,1.0387,1.0000
440.3424,0.5462,8.0336,-0.0817,1.5682,7.9412,3.0321,3.0292,3.0347,1.0000,0.3228,8.8756,-1.3066,-1.3158,-1.2970,1.0000,0.0261,7.1112,1.0644,1.0683,1.0622,1.0000
440.5806,0.5462,8.0336,-0.0817,1.5570,7.9402,3.0289,3.0262,3.0286,1.0000,0.3119,8.8759,-1.3168,-1.3253,-1.2995,1.0000,0.0062,7.1087,1.0687,1.0715,1.0709,1.0000
440.7854,0.5357,8.0339,-0.0817,1.5459,7.9392,3.0259,3.0235,3.0414,1.0000,0.3000,8.8765,-1.3262,-1.3336,-1.3134,1.0000,-0.0126,7.1063,1.0717,1.0730,1.0612,1.0000
440.9942,0.5144,8.0341,-0.0817,1.5347,7.9382,3.0233,3.0212,3.0091,1.0000,0.2870,8.8775,-1.3344,-1.3403,-1.3413,1.0000,-0.0309,7.1044,1.0731,1.0727,1.0654,1.0000
441.2103,0.5144,8.0341,-0.0817,1.5126,7.9362,3.0190,3.0176,3.0306,1.0000,0.2578,8.8813,-1.3453,-1.3474,-1.3329,1.0000,-0.0666,7.1030,1.0699,1.0655,1.0582,1.0000
441.4447,0.5144,8.0341,-0.0817,1.5017,7.9352,3.0175,3.0164,3.0243,1.0000,0.2416,8.8841,-1.3475,-1.3473,-1.3579,1.0000,-0.0838,7.1023,1.0649,1.0585,1.0492,1.0000
441.6452,0.4725,8.0344,-0.0817,1.4800,7.9331,3.0157,3.0154,3.0010,1.0000,0.2072,8.8910,-1.3443,-1.3420,-1.3428,1.0000,-0.1163,7.1015,1.0485,1.0443,1.0529,1.0000
441.8465,0.4632,8.0340,-0.0817,1.4693,7.9321,3.0153,3.0153,2.9983,1.0000,0.1899,8.8949,-1.3391,-1.3371,-1.3515,1.0000,-0.1318,7.1018,1.0377,1.0343,1.0630,1.0000
442.0478,0.4552,8.0312,-0.0817,1.4586,7.9310,3.0153,3.0153,2.9983,1.0000,0.1723,8.8992,-1.3317,-1.3326,-1.3524,1.0000,-0.1318,7.1018,1.0377,1.0272,1.0514,1.0000
442.2673,0.4486,8.0242,-0.0817,1.4480,7.9299,3.0156,3.0157,3.0129,1.0000,0.1544,8.9039,-1.3224,-1.3213,-1.3202,1.0000,-0.1620,7.1029,1.0136,1.0124,1.0367,1.0000
442.4687,0.4435,8.0129,-0.0816,1.4374,7.9288,3.0161,3.0164,3.0177,1.0000,0.1367,8.9086,-1.3112,-1.3076,-1.3113,1.0000,-0.1761,7.1039,1.0011,0.9973,1.0302,1.0000
442.6949,0.4397,7.9992,-0.0816,1.4268,7.9277,3.0169,3.0179,3.0245,1.0000,0.1196,8.9131,-1.2986,-1.2865,-1.3057,1.0000,-0.1892,7.1054,0.9885,0.9773,1.0014,1.0000
442.9002,0.4345,7.9716,-0.0814,1.4163,7.9266,3.0180,3.0196,3.0251,1.0000,0.1033,8.9168,-1.2851,-1.2725,-1.2961,1.0000,-0.2014,7.1072,0.9761,0.9649,0.9738,1.0000
443.1445,0.4326,7.9599,-0.0813,1.3957,7.9241,3.0224,3.0258,3.0303,1.0000,0.0718,8.9232,-1.2572,-1.2449,-1.2449,1.0000,-0.2233,7.1101,0.9513,0.9402,0.9646,1.0000
443.3809,0.4297,7.9388,-0.0812,1.3861,7.9220,3.0263,3.0309,3.0339,1.0000,0.0567,8.9257,-1.2436,-1.2318,-1.2378,1.0000,-0.2333,7.1108,0.9389,0.9278,0.9568,1.0000
443.5815,0.4285,7.9282,-0.0812,1.3693,7.9156,3.0383,3.0431,3.0387,1.0000,0.0294,8.9275,-1.2178,-1.2105,-1.2382,1.0000,-0.2512,7.1109,0.9142,0.9079,0.9251,1.0000
443.7818,0.4272,7.9175,-0.0812,1.3621,7.9109,3.0466,3.0524,3.0527,1.0000,0.0171,8.9268,-1.2058,-1.2001,-1.2213,1.0000,-0.2591,7.1099,0.9017,0.8954,0.9221,1.0000
444.0090,0.4258,7.9071,-0.0812,1.3562,7.9046,3.0565,3.0663,3.0674,1.0000,0.0055,8.9254,-1.1945,-1.1852,-1.2096,1.0000,-0.2662,7.1081,0.8891,0.8777,0.9028,1.0000
444.2519,0.4246,7.8970,-0.0812,1.3514,7.8966,3.0675,3.0780,3.0682,1.0000,-0.0053,8.9233,-1.1842,-1.1758,-1.2034,1.0000,-0.2726,7.1059,0.8765,0.8650,0.8985,1.0000
444.4557,0.4225,7.8759,-0.0813,1.3448,7.8783,3.0914,3.0963,3.0655,1.0000,-0.0246,8.9160,-1.1668,-1.1646,-1.1738,1.0000,-0.2837,7.1009,0.8510,0.8471,0.8916,1.0000
444.6784,0.4213,7.8645,-0.0813,1.3428,7.8687,3.1037,3.1147,3.1113,1.0000,-0.0332,8.9107,-1.1599,-1.1548,-1.1676,1.0000,-0.2883,7.0983,0.8382,0.8269,0.8724,1.0000
444.8991,0.4201,7.8532,-0.0814,1.3416,7.8586,3.1159,3.1265,3.1159,1.0000,-0.0416,8.9045,-1.1543,-1.1504,-1.1823,1.0000,-0.2920,7.0955,0.8256,0.8144,0.8532,1.0000
445.1040,0.4169,7.8214,-0.0817,1.3404,7.8391,3.1387,-3.1353,3.1290,1.0000,-0.0576,8.8895,-1.1470,-1.1453,-1.1632,1.0000,-0.2973,7.0901,0.8009,0.7903,0.8272,1.0000
445.3428,0.4149,7.7994,-0.0819,1.3425,7.8180,-3.1167,-3.1101,-3.1236,1.0000,-0.0803,8.8609,-1.1442,-1.1447,-1.1296,1.0000,-0.3003,7.0814,0.7670,0.7579,0.7751,1.0000
445.5473,0.4118,7.7676,-0.0822,1.3468,7.8070,-3.1032,-3.0984,-3.1064,1.0000,-0.0937,8.8393,-1.1457,-1.1467,-1.1381,1.0000,-0.2994,7.0734,0.7480,0.7411,0.7652,1.0000
445.7479,0.4109,7.7570,-0.0823,1.3498,7.7990,-3.0935,-3.0903,-3.1004,1.0000,-0.1037,8.8234,-1.1483,-1.1499,-1.1495,1.0000,-0.2979,7.0609,0.7345,0.7308,0.7593,1.0000
445.9849,0.4089,7.7349,-0.0825,1.3526,7.7948,-3.0900,-3.0875,-3.0880,1.0000,-0.1082,8.8152,-1.1501,-1.1520,-1.1404,1.0000,-0.2966,7.0534,0.7305,0.7283,0.7460,1.0000
446.1857,0.4078,7.7240,-0.0826,1.3570,7.7849,-3.0855,-3.0848,-3.0951,1.0000,-0.1141,8.8028,-1.1544,-1.1555,-1.1514,1.0000,-0.2932,7.0354,0.7274,0.7275,0.7525,1.0000
446.4237,0.4068,7.7136,-0.0827,1.3572,7.7796,-3.0845,-3.0841,-3.0839,1.0000,-0.1157,8.7987,-1.1566,-1.1583,-1.1566,1.0000,-0.2913,7.0250,0.7279,0.7294,0.7461,1.0000
446.6237,0.4050,7.6923,-0.0829,1.3582,7.7671,-3.0841,-3.0841,-3.0749,1.0000,-0.1181,8.7891,-1.1599,-1.1599,-1.1650,1.0000,-0.2865,7.0040,0.7323,0.7320,0.7373,1.0000
446.8568,0.4040,7.6812,-0.0830,1.3588,7.7596,-3.0844,-3.0846,-3.0920,1.0000,-0.1189,8.7827,-1.1605,-1.1603,-1.1742,1.0000,-0.2833,6.9936,0.7357,0.7394,0.7526,1.0000
447.0591,0.4030,7.6702,-0.0830,1.3585,7.7515,-3.0847,-3.0848,-3.0749,1.0000,-0.1187,8.7751,-1.1602,-1.1590,-1.1807,1.0000,-0.2796,6.9832,0.7398,0.7439,0.7611,1.0000
447.2710,0.4010,7.6492,-0.0832,1.3565,7.7350,-3.0848,-3.0847,-3.0768,1.0000,-0.1149,8.7542,-1.1565,-1.1537,-1.1810,1.0000,-0.2709,6.9628,0.7493,0.7541,0.7424,1.0000
447.4845,0.4001,7.6386,-0.0832,1.3559,7.7270,-3.0847,-3.0844,-3.0637,1.0000,-0.1119,8.7404,-1.1534,-1.1502,-1.1672,1.0000,-0.2663,6.9528,0.7546,0.7597,0.7654,1.0000
447.7170,0.3992,7.6278,-0.0833,1.3553,7.7189,-3.0844,-3.0839,-3.0831,1.0000,-0.1080,8.7241,-1.1498,-1.1464,-1.1474,1.0000,-0.2617,6.9431,0.7603,0.7655,0.7538,1.0000
447.9293,0.3972,7.6060,-0.0833,1.3535,7.7033,-3.0830,-3.0831,-3.0839,1.0000,-0.1028,8.7052,-1.1460,-1.1429,-1.1115,1.0000,-0.2568,6.9334,0.7661,0.7715,0.7416,1.0000
448.1363,0.3962,7.5955,-0.0834,1.3525,7.6962,-3.0818,-3.0815,-3.0970,1.0000,-0.0892,8.6613,-1.1397,-1.1395,-1.1476,1.0000,-0.2462,6.9142,0.7781,0.7787,0.7547,1.0000
448.3377,0.3953,7.5851,-0.0834,1.3518,7.6894,-3.0803,-3.0801,-3.0801,1.0000,-0.0816,8.6373,-1.1378,-1.1377,-1.1321,1.0000,-0.2411,6.9050,0.7842,0.7848,0.7699,1.0000
448.5437,0.3945,7.5743,-0.0834,1.3513,7.6827,-3.0783,-3.0774,-3.0801,1.0000,-0.0741,8.6133,-1.1370,-1.1370,-1.1371,1.0000,-0.2362,6.8960,0.7903,0.7921,0.7709,1.0000
448.7571,0.3935,7.5633,-0.0834,1.3506,7.6760,-3.0760,-3.0735,-3.0861,1.0000,-0.0669,8.5900,-1.1374,-1.1386,-1.1390,1.0000,-0.2313,6.8871,0.7963,0.8017,0.7884,1.0000
448.9871,0.3925,7.5523,-0.0834,1.3500,7.6695,-3.0732,-3.0703,-3.0701,1.0000,-0.0596,8.5670,-1.1388,-1.1409,-1.1380,1.0000,-0.2261,6.8782,0.8023,0.8074,0.8045,1.0000
449.1892,0.3905,7.5311,-0.0833,1.3493,7.6631,-3.0699,-3.0666,-3.0647,1.0000,-0.0525,8.5444,-1.1412,-1.1442,-1.1355,1.0000,-0.2208,6.8693,0.8080,0.8129,0.8321,1.0000
449.3971,0.3905,7.5311,-0.0833,1.3488,7.6568,-3.0662,-3.0625,-3.0592,1.0000,-0.0461,8.5228,-1.1446,-1.1482,-1.1432,1.0000,-0.2155,6.8606,0.8135,0.8182,0.8188,1.0000
449.6019,0.3888,7.5098,-0.0833,1.3481,7.6442,-3.0574,-3.0534,-3.0595,1.0000,-0.0366,8.4846,-1.1534,-1.1569,-1.1572,1.0000,-0.2051,6.8435,0.8235,0.8268,0.8042,1.0000
449.8053,0.3878,7.4987,-0.0833,1.3478,7.6380,-3.0524,-3.0481,-3.0646,1.0000,-0.0327,8.4670,-1.1585,-1.1623,-1.1699,1.0000,-0.1997,6.8347,0.8281,0.8311,0.8379,1.0000
450.0505,0.3868,7.4878,-0.0832,1.3474,7.6319,-3.0470,-3.0418,-3.0573,1.0000,-0.0295,8.4499,-1.1639,-1.1689,-1.1431,1.0000,-0.1942,6.8255,0.8323,0.8359,0.8404,1.0000
450.2805,0.3858,7.4771,-0.0832,1.3472,7.6258,-3.0412,-3.0358,-3.0325,1.0000,-0.0268,8.4329,-1.1694,-1.1743,-1.1603,1.0000,-0.1890,6.8160,0.8362,0.8395,0.8453,1.0000
450.4815,0.3840,7.4560,-0.0831,1.3469,7.6137,-3.0289,-3.0276,-3.0415,1.0000,-0.0224,8.3995,-1.1798,-1.1803,-1.1659,1.0000,-0.1786,6.7971,0.8432,0.8436,0.8396,1.0000
450.6820,0.3831,7.4452,-0.0831,1.3468,7.6077,-3.0223,-3.0169,-3.0586,1.0000,-0.0206,8.3831,-1.1844,-1.1871,-1.1891,1.0000,-0.1736,6.7868,0.8465,0.8487,0.8343,1.0000
450.9120,0.3822,7.4342,-0.0830,1.3467,7.6014,-3.0156,-3.0092,-3.0079,1.0000,-0.0187,8.3666,-1.1882,-1.1910,-1.2108,1.0000,-0.1692,6.7756,0.8496,0.8523,0.8492,1.0000
451.1414,0.3811,7.4234,-0.0830,1.3466,7.5946,-3.0085,-3.0018,-3.0026,1.0000,-0.0164,8.3498,-1.1913,-1.1933,-1.1991,1.0000,-0.1655,6.7641,0.8526,0.8555,0.8589,1.0000
451.3421,0.3792,7.4022,-0.0829,1.3464,7.5797,-2.9934,-2.9934,-3.0077,1.0000,-0.0140,8.3328,-1.1935,-1.1946,-1.2012,1.0000,-0.1622,6.7522,0.8558,0.8587,0.8474,1.0000
451.5429,0.3784,7.3915,-0.0829,1.3462,7.5719,-2.9855,-2.9848,-3.0079,1.0000,-0.0091,8.2990,-1.1950,-1.1950,-1.2072,1.0000,-0.1578,6.7270,0.8627,0.8627,0.8669,1.0000
451.7477,0.3775,7.3806,-0.0828,1.3462,7.5719,-2.9855,-2.9786,-3.0021,1.0000,-0.0091,8.2990,-1.1950,-1.1945,-1.2090,1.0000,-0.1578,6.7270,0.8627,0.8662,0.8762,1.0000
451.9502,0.3765,7.3697,-0.0828,1.3460,7.5641,-2.9779,-2.9713,-2.9911,1.0000,-0.0067,8.2823,-1.1944,-1.1930,-1.1993,1.0000,-0.1572,6.7134,0.8666,0.8705,0.8787,1.0000
452.1697,0.3755,7.3589,-0.0828,1.3454,7.5471,-2.9639,-2.9645,-2.9920,1.0000,-0.0042,8.2656,-1.1929,-1.1910,-1.1915,1.0000,-0.1574,6.6993,0.8710,0.8752,0.8692,1.0000
452.3721,0.3745,7.3484,-0.0827,1.3454,7.5471,-2.9639,-2.9584,-2.9609,1.0000,-0.0016,8.2490,-1.1907,-1.1885,-1.1875,1.0000,-0.1584,6.6847,0.8757,0.8802,0.8862,1.0000
452.5783,0.3737,7.3378,-0.0827,1.3441,7.5306,-2.9524,-2.9487,-2.9507,1.0000,0.0035,8.2158,-1.1856,-1.1838,-1.2014,1.0000,-0.1619,6.6549,0.8859,0.8896,0.8805,1.0000
452.7871,0.3728,7.3270,-0.0827,1.3434,7.5228,-2.9478,-2.9448,-2.9341,1.0000,0.0061,8.1992,-1.1831,-1.1814,-1.1976,1.0000,-0.1639,6.6404,0.8911,0.8947,0.8818,1.0000
453.0008,0.3719,7.3161,-0.0827,1.3425,7.5147,-2.9441,-2.9415,-2.9656,1.0000,0.0088,8.1826,-1.1807,-1.1790,-1.1976,1.0000,-0.1661,6.6260,0.8963,0.9007,0.8818,1.0000
453.2195,0.3708,7.3052,-0.0826,1.3413,7.5058,-2.9413,-2.9395,-2.9520,1.0000,0.0115,8.1659,-1.1788,-1.1775,-1.1764,1.0000,-0.1685,6.6116,0.9011,0.9052,0.9191,1.0000
453.4497,0.3698,7.2946,-0.0826,1.3399,7.4968,-2.9393,-2.9382,-2.9536,1.0000,0.0142,8.1492,-1.1774,-1.1766,-1.1877,1.0000,-0.1707,6.5975,0.9056,0.9092,0.8988,1.0000
453.6921,0.3689,7.2840,-0.0826,1.3385,7.4883,-2.9381,-2.9377,-2.9459,1.0000,0.0170,8.1324,-1.1765,-1.1762,-1.1887,1.0000,-0.1727,6.5839,0.9096,0.9127,0.9014,1.0000
453.9014,0.3681,7.2734,-0.0826,1.3368,7.4793,-2.9377,-2.9379,-2.9297,1.0000,0.0198,8.1155,-1.1762,-1.1764,-1.1884,1.0000,-0.1744,6.5707,0.9130,0.9155,0.8919,1.0000
454.1104,0.3663,7.2516,-0.0826,1.3348,7.4689,-2.9379,-2.9386,-2.9207,1.0000,0.0223,8.0990,-1.1764,-1.1771,-1.1814,1.0000,-0.1760,6.5577,0.9158,0.9177,0.9112,1.0000
454.3179,0.3652,7.2408,-0.0826,1.3325,7.4578,-2.9387,-2.9397,-2.9330,1.0000,0.0241,8.0833,-1.1772,-1.1784,-1.1726,1.0000,-0.1777,6.5448,0.9179,0.9192,0.9151,1.0000
454.5300,0.3643,7.2302,-0.0826,1.3271,7.4347,-2.9412,-2.9418,-2.9355,1.0000,0.0264,8.0527,-1.1804,-1.1811,-1.1579,1.0000,-0.1809,6.5191,0.9201,0.9202,0.9443,1.0000
454.7307,0.3634,7.2196,-0.0825,1.3243,7.4224,-2.9428,-2.9438,-2.9505,1.0000,0.0271,8.0379,-1.1828,-1.1841,-1.1676,1.0000,-0.1824,6.5063,0.9202,0.9200,0.9325,1.0000
454.9312,0.3626,7.2088,-0.0826,1.3214,7.4101,-2.9445,-2.9462,-2.9525,1.0000,0.0275,8.0232,-1.1856,-1.1882,-1.1817,1.0000,-0.1839,6.4937,0.9196,0.9186,0.9429,1.0000
455.1724,0.3617,7.1979,-0.0826,1.3182,7.3975,-2.9464,-2.9481,-2.9516,1.0000,0.0272,8.0093,-1.1885,-1.1912,-1.1875,1.0000,-0.1853,6.4812,0.9185,0.9171,0.9255,1.0000
455.3799,0.3607,7.1869,-0.0826,1.3150,7.3847,-2.9483,-2.9501,-2.9615,1.0000,0.0259,7.9965,-1.1915,-1.1941,-1.1999,1.0000,-0.1868,6.4687,0.9169,0.9153,0.9240,1.0000
455.6175,0.3597,7.1762,-0.0826,1.3118,7.3721,-2.9503,-2.9519,-2.9398,1.0000,0.0241,7.9842,-1.1944,-1.1968,-1.2163,1.0000,-0.1882,6.4562,0.9151,0.9133,0.9223,1.0000
455.8463,0.3587,7.1656,-0.0826,1.3088,7.3599,-2.9521,-2.9537,-2.9296,1.0000,0.0223,7.9720,-1.1970,-1.1991,-1.2027,1.0000,-0.1897,6.4438,0.9131,0.9114,0.9124,1.0000
456.0496,0.3579,7.1550,-0.0826,1.3059,7.3481,-2.9539,-2.9553,-2.9150,1.0000,0.0202,7.9603,-1.1993,-1.2010,-1.2136,1.0000,-0.1911,6.4314,0.9112,0.9096,0.9029,1.0000
456.2547,0.3570,7.1441,-0.0826,1.3030,7.3363,-2.9555,-2.9567,-2.9294,1.0000,0.0175,7.9493,-1.2011,-1.2022,-1.2210,1.0000,-0.1926,6.4189,0.9095,0.9082,0.8960,1.0000
456.4599,0.3561,7.1332,-0.0826,1.3001,7.3241,-2.9569,-2.9579,-2.9569,1.0000,0.0144,7.9389,-1.2022,-1.2026,-1.1982,1.0000,-0.1941,6.4065,0.9080,0.9070,0.8948,1.0000
456.6610,0.3541,7.1116,-0.0827,1.2941,7.2977,-2.9587,-2.9588,-2.9538,1.0000,0.0073,7.9191,-1.2022,-1.2021,-1.2085,1.0000,-0.1971,6.3814,0.9062,0.9062,0.9090,1.0000
456.8656,0.3532,7.1010,-0.0827,1.2913,7.2848,-2.9592,-2.9595,-2.9555,1.0000,0.0038,7.9093,-1.2010,-1.1997,-1.2124,1.0000,-0.1987,6.3689,0.9060,0.9060,0.8913,1.0000
457.0668,0.3524,7.0903,-0.0827,1.2885,7.2717,-2.9596,-2.9597,-2.9644,1.0000,0.0004,7.8994,-1.1990,-1.1985,-1.2179,1.0000,-0.2003,6.3562,0.9061,0.9062,0.8956,1.0000
457.2671,0.3515,7.0795,-0.0827,1.2855,7.2580,-2.9599,-2.9603,-2.9778,1.0000,-0.0028,7.8893,-1.1962,-1.1935,-1.2083,1.0000,-0.2019,6.3435,0.9067,0.9074,0.9002,1.0000
457.4821,0.3505,7.0687,-0.0827,1.2826,7.2442,-2.9603,-2.9608,-2.9621,1.0000,-0.0061,7.8793,-1.1928,-1.1891,-1.2023,1.0000,-0.2035,6.3308,0.9076,0.9088,0.8842,1.0000
457.7413,0.3495,7.0579,-0.0827,1.2797,7.2305,-2.9608,-2.9614,-2.9681,1.0000,-0.0095,7.8694,-1.1887,-1.1845,-1.1942,1.0000,-0.2051,6.3181,0.9090,0.9105,0.9005,1.0000
457.9667,0.3477,7.0367,-0.0828,1.2768,7.2172,-2.9615,-2.9623,-2.9731,1.0000,-0.0128,7.8595,-1.1840,-1.1795,-1.1934,1.0000,-0.2068,6.3052,0.9107,0.9127,0.8877,1.0000
458.1970,0.3477,7.0367,-0.0828,1.2740,7.2040,-2.9625,-2.9636,-2.9562,1.0000,-0.0161,7.8496,-1.1789,-1.1741,-1.1857,1.0000,-0.2085,6.2924,0.9129,0.9152,0.9001,1.0000
458.3996,0.3460,7.0150,-0.0828,1.2681,7.1776,-2.9655,-2.9664,-2.9697,1.0000,-0.0227,7.8299,-1.1680,-1.1663,-1.1751,1.0000,-0.2120,6.2665,0.9183,0.9191,0.9007,1.0000
458.6201,0.3449,7.0042,-0.0828,1.2650,7.1643,-2.9677,-2.9700,-2.9579,1.0000,-0.0260,7.8200,-1.1625,-1.1578,-1.1585,1.0000,-0.2137,6.2536,0.9212,0.9238,0.9066,1.0000
458.8285,0.3439,6.9934,-0.0828,1.2619,7.1510,-2.9703,-2.9729,-2.9644,1.0000,-0.0293,7.8101,-1.1573,-1.1529,-1.1623,1.0000,-0.2155,6.2406,0.9241,0.9267,0.9476,1.0000
459.0694,0.3430,6.9828,-0.0828,1.2587,7.1378,-2.9732,-2.9761,-2.9608,1.0000,-0.0326,7.8002,-1.1524,-1.1485,-1.1466,1.0000,-0.2172,6.2276,0.9270,0.9293,0.9310,1.0000
459.3103,0.3422,6.9721,-0.0828,1.2556,7.1245,-2.9764,-2.9795,-2.9669,1.0000,-0.0359,7.7902,-1.1480,-1.1445,-1.1474,1.0000,-0.2190,6.2147,0.9295,0.9316,0.9366,1.0000
459.5369,0.3404,6.9504,-0.0829,1.2523,7.1112,-2.9799,-2.9831,-2.9565,1.0000,-0.0392,7.7802,-1.1442,-1.1411,-1.1708,1.0000,-0.2207,6.2018,0.9318,0.9334,0.9405,1.0000
459.7374,0.3393,6.9396,-0.0829,1.2459,7.0846,-2.9872,-2.9883,-2.9800,1.0000,-0.0457,7.7600,-1.1381,-1.1376,-1.1587,1.0000,-0.2242,6.1761,0.9349,0.9351,0.9404,1.0000
459.9409,0.3384,6.9289,-0.0829,1.2426,7.0713,-2.9909,-2.9906,-2.9679,1.0000,-0.0457,7.7600,-1.1381,-1.1362,-1.1368,1.0000,-0.2242,6.1761,0.9349,0.9357,0.9296,1.0000
460.1449,0.3375,6.9183,-0.0829,1.2394,7.0579,-2.9947,-2.9954,-2.9823,1.0000,-0.0523,7.7395,-1.1345,-1.1344,-1.1477,1.0000,-0.2275,6.1507,0.9362,0.9362,0.9368,1.0000
460.3449,0.3367,6.9076,-0.0829,1.2362,7.0446,-2.9983,-2.9986,-3.0061,1.0000,-0.0556,7.7292,-1.1335,-1.1335,-1.1378,1.0000,-0.2292,6.1380,0.9363,0.9363,0.9304,1.0000
460.5522,0.3358,6.8967,-0.0829,1.2362,7.0446,-2.9983,-3.0014,-3.0058,1.0000,-0.0556,7.7292,-1.1335,-1.1331,-1.1496,1.0000,-0.2292,6.1380,0.9363,0.9360,0.9277,1.0000
460.7522,0.3348,6.8859,-0.0829,1.2298,7.0179,-3.0050,-3.0074,-3.0162,1.0000,-0.0621,7.7085,-1.1329,-1.1330,-1.1578,1.0000,-0.2325,6.1128,0.9355,0.9350,0.9346,1.0000
460.9872,0.3338,6.8751,-0.0829,1.2267,7.0045,-3.0080,-3.0105,-3.0043,1.0000,-0.0654,7.6981,-1.1331,-1.1334,-1.1423,1.0000,-0.2341,6.1003,0.9347,0.9339,0.9347,1.0000
461.1928,0.3328,6.8644,-0.0829,1.2237,6.9911,-3.0108,-3.0130,-3.0108,1.0000,-0.0687,7.6876,-1.1334,-1.1337,-1.1323,1.0000,-0.2358,6.0877,0.9338,0.9329,0.9315,1.0000
461.4089,0.3312,6.8431,-0.0829,1.2207,6.9776,-3.0132,-3.0153,-2.9972,1.0000,-0.0720,7.6772,-1.1338,-1.1340,-1.1209,1.0000,-0.2374,6.0752,0.9328,0.9318,0.9387,1.0000
461.6092,0.3303,6.8322,-0.0829,1.2149,6.9508,-3.0175,-3.0184,-3.0236,1.0000,-0.0787,7.6565,-1.1340,-1.1339,-1.1362,1.0000,-0.2407,6.0502,0.9307,0.9303,0.9294,1.0000
461.8119,0.3292,6.8214,-0.0829,1.2120,6.9373,-3.0193,-3.0205,-3.0278,1.0000,-0.0821,7.6462,-1.1337,-1.1333,-1.1389,1.0000,-0.2424,6.0377,0.9297,0.9292,0.9161,1.0000
462.0515,0.3283,6.8107,-0.0829,1.2092,6.9238,-3.0210,-3.0225,-3.0196,1.0000,-0.0855,7.6359,-1.1330,-1.1321,-1.1343,1.0000,-0.2441,6.0252,0.9290,0.9284,0.9152,1.0000
462.2896,0.3274,6.8001,-0.0829,1.2064,6.9104,-3.0226,-3.0241,-3.0022,1.0000,-0.0889,7.6257,-1.1319,-1.1306,-1.1335,1.0000,-0.2458,6.0126,0.9284,0.9281,0.9232,1.0000
462.4950,0.3257,6.7786,-0.0829,1.2008,6.8834,-3.0259,-3.0261,-3.0057,1.0000,-0.0959,7.6054,-1.1284,-1.1284,-1.1300,1.0000,-0.2492,5.9874,0.9280,0.9280,0.9291,1.0000
462.6959,0.3247,6.7678,-0.0829,1.1981,6.8698,-3.0276,-3.0284,-3.0172,1.0000,-0.0994,7.5954,-1.1260,-1.1252,-1.1206,1.0000,-0.2509,5.9748,0.9281,0.9282,0.9381,1.0000
462.9013,0.3237,6.7569,-0.0829,1.1953,6.8563,-3.0295,-3.0299,-3.0162,1.0000,-0.1029,7.5854,-1.1232,-1.1229,-1.1157,1.0000,-0.2527,5.9622,0.9285,0.9286,0.9520,1.0000
463.1192,0.3227,6.7462,-0.0829,1.1953,6.8563,-3.0295,-3.0315,-3.0256,1.0000,-0.1029,7.5854,-1.1232,-1.1203,-1.1314,1.0000,-0.2527,5.9622,0.9285,0.9291,0.9499,1.0000
463.3367,0.3227,6.7462,-0.0829,1.1926,6.8428,-3.0317,-3.0339,-3.0266,1.0000,-0.1065,7.5754,-1.1200,-1.1168,-1.1156,1.0000,-0.2544,5.9495,0.9292,0.9300,0.9235,1.0000
463.5518,0.3219,6.7356,-0.0829,1.1901,6.8293,-3.0341,-3.0366,-3.0115,1.0000,-0.1100,7.5655,-1.1165,-1.1131,-1.0918,1.0000,-0.2562,5.9368,0.9301,0.9312,0.9359,1.0000
463.7523,0.3211,6.7248,-0.0829,1.1880,6.8158,-3.0369,-3.0396,-3.0334,1.0000,-0.1137,7.5556,-1.1127,-1.1093,-1.0980,1.0000,-0.2580,5.9240,0.9313,0.9327,0.9383,1.0000
463.9695,0.3192,6.7032,-0.0828,1.1861,6.8023,-3.0399,-3.0429,-3.0369,1.0000,-0.1173,7.5458,-1.1089,-1.1053,-1.0950,1.0000,-0.2598,5.9112,0.9328,0.9343,0.9434,1.0000
464.1970,0.3182,6.6924,-0.0828,1.1841,6.7887,-3.0432,-3.0464,-3.0202,1.0000,-0.1209,7.5359,-1.1049,-1.1014,-1.0932,1.0000,-0.2616,5.8984,0.9345,0.9360,0.9491,1.0000
464.4106,0.3172,6.6817,-0.0828,1.1826,6.7752,-3.0468,-3.0501,-3.0251,1.0000,-0.1246,7.5261,-1.1011,-1.0977,-1.0877,1.0000,-0.2634,5.8856,0.9362,0.9377,0.9473,1.0000
464.6142,0.3164,6.6711,-0.0828,1.1816,6.7615,-3.0505,-3.0540,-3.0248,1.0000,-0.1282,7.5163,-1.0973,-1.0941,-1.1013,1.0000,-0.2652,5.8728,0.9378,0.9393,0.9497,1.0000
464.8157,0.3156,6.6603,-0.0828,1.1809,6.7479,-3.0544,-3.0581,-3.0645,1.0000,-0.1319,7.5064,-1.0937,-1.0907,-1.0981,1.0000,-0.2670,5.8600,0.9394,0.9407,0.9431,1.0000
465.0348,0.3147,6.6495,-0.0828,1.1803,6.7341,-3.0585,-3.0622,-3.0711,1.0000,-0.1356,7.4965,-1.0904,-1.0876,-1.0940,1.0000,-0.2688,5.8472,0.9409,0.9421,0.9368,1.0000
465.2512,0.3136,6.6386,-0.0828,1.1798,6.7202,-3.0627,-3.0665,-3.0580,1.0000,-0.1393,7.4866,-1.0873,-1.0848,-1.0820,1.0000,-0.2706,5.8344,0.9422,0.9432,0.9327,1.0000
465.4608,0.3136,6.6386,-0.0828,1.1795,6.7063,-3.0669,-3.0707,-3.0724,1.0000,-0.1430,7.4767,-1.0846,-1.0823,-1.0917,1.0000,-0.2724,5.8217,0.9433,0.9441,0.9200,1.0000
465.6608,0.3118,6.6173,-0.0828,1.1804,6.6749,-3.0752,-3.0756,-3.0625,1.0000,-0.1504,7.4567,-1.0800,-1.0800,-1.0736,1.0000,-0.2742,5.8090,0.9441,0.9447,0.9333,1.0000
465.8618,0.3110,6.6066,-0.0828,1.1814,6.6574,-3.0791,-3.0791,-3.0524,1.0000,-0.1541,7.4467,-1.0781,-1.0781,-1.0933,1.0000,-0.2760,5.7963,0.9447,0.9450,0.9329,1.0000
466.0638,0.3101,6.5958,-0.0828,1.1814,6.6574,-3.0791,-3.0824,-3.0742,1.0000,-0.1541,7.4467,-1.0781,-1.0766,-1.0663,1.0000,-0.2778,5.7836,0.9450,0.9450,0.9512,1.0000
466.2811,0.3091,6.5850,-0.0828,1.1825,6.6391,-3.0828,-3.0862,-3.0699,1.0000,-0.1578,7.4367,-1.0765,-1.0752,-1.0786,1.0000,-0.2796,5.7710,0.9450,0.9448,0.9649,1.0000
466.4845,0.3081,6.5742,-0.0828,1.1863,6.5990,-3.0907,-3.0933,-3.0907,1.0000,-0.1652,7.4166,-1.0739,-1.0734,-1.0844,1.0000,-0.2822,5.7462,0.9444,0.9442,0.9469,1.0000
466.6861,0.3072,6.5635,-0.0828,1.1888,6.5778,-3.0952,-3.0994,-3.0952,1.0000,-0.1690,7.4065,-1.0729,-1.0722,-1.0743,1.0000,-0.2829,5.7341,0.9439,0.9434,0.9305,1.0000
466.8943,0.3063,6.5529,-0.0828,1.1908,6.5570,-3.1005,-3.1053,-3.1012,1.0000,-0.1727,7.3964,-1.0719,-1.0713,-1.0815,1.0000,-0.2840,5.7219,0.9432,0.9427,0.9437,1.0000
467.0954,0.3055,6.5422,-0.0828,1.1929,6.5372,-3.1066,-3.1100,-3.1012,1.0000,-0.1764,7.3863,-1.0710,-1.0705,-1.0815,1.0000,-0.2849,5.7098,0.9425,0.9422,0.9437,1.0000
467.3092,0.3046,6.5314,-0.0828,1.1929,6.5372,-3.1066,-3.1129,-3.1141,1.0000,-0.1764,7.3863,-1.0710,-1.0701,-1.0838,1.0000,-0.2849,5.7098,0.9425,0.9419,0.9384,1.0000
467.5270,0.3036,6.5206,-0.0828,1.1957,6.5192,-3.1136,-3.1208,-3.1179,1.0000,-0.1802,7.3763,-1.0700,-1.0690,-1.0716,1.0000,-0.2855,5.6978,0.9418,0.9414,0.9494,1.0000
467.7477,0.3026,6.5099,-0.0828,1.2000,6.5033,-3.1216,-3.1297,-3.1302,1.0000,-0.1840,7.3662,-1.0689,-1.0678,-1.0521,1.0000,-0.2857,5.6857,0.9414,0.9413,0.9276,1.0000
467.9883,0.3017,6.4992,-0.0828,1.2069,6.4891,-3.1306,-3.1393,-3.1296,1.0000,-0.1878,7.3562,-1.0676,-1.0664,-1.0667,1.0000,-0.2861,5.6736,0.9413,0.9415,0.9373,1.0000
468.2441,0.3009,6.4885,-0.0828,1.2171,6.4764,-3.1403,3.1337,-3.1333,1.0000,-0.1916,7.3462,-1.0662,-1.0648,-1.0659,1.0000,-0.2867,5.6614,0.9415,0.9420,0.9323,1.0000
468.4443,0.3009,6.4885,-0.0828,1.2301,6.4652,3.1327,3.1231,-3.1198,1.0000,-0.1955,7.3362,-1.0646,-1.0630,-1.0617,1.0000,-0.2874,5.6491,0.9420,0.9427,0.9583,1.0000
468.6927,0.3001,6.4777,-0.0828,1.2445,6.4565,3.1221,3.1125,-3.1375,1.0000,-0.1994,7.3263,-1.0628,-1.0609,-1.0538,1.0000,-0.2881,5.6366,0.9428,0.9438,0.9371,1.0000
468.8942,0.2991,6.4669,-0.0828,1.2596,6.4502,3.1115,3.1023,3.1275,1.0000,-0.2033,7.3164,-1.0606,-1.0585,-1.0765,1.0000,-0.2888,5.6242,0.9439,0.9452,0.9350,1.0000
469.1222,0.2971,6.4454,-0.0828,1.2762,6.4447,3.1014,3.0929,3.1359,1.0000,-0.2072,7.3065,-1.0582,-1.0559,-1.0632,1.0000,-0.2895,5.6117,0.9453,0.9469,0.9463,1.0000
469.3228,0.2963,6.4347,-0.0828,1.3121,6.4337,3.0837,3.0837,3.1052,1.0000,-0.2112,7.2967,-1.0556,-1.0532,-1.0368,1.0000,-0.2902,5.5992,0.9471,0.9489,0.9411,1.0000
469.5279,0.2955,6.4240,-0.0828,1.3121,6.4337,3.0837,3.0773,3.0885,1.0000,-0.2151,7.2869,-1.0529,-1.0503,-1.0424,1.0000,-0.2910,5.5866,0.9491,0.9512,0.9345,1.0000
469.7287,0.2946,6.4133,-0.0828,1.3398,6.4281,3.0704,3.0710,3.0960,1.0000,-0.2191,7.2771,-1.0500,-1.0473,-1.0528,1.0000,-0.2918,5.5740,0.9514,0.9535,0.9285,1.0000
469.9287,0.2937,6.4025,-0.0828,1.3504,6.4262,3.0650,3.0650,3.1107,1.0000,-0.2272,7.2576,-1.0438,-1.0438,-1.0497,1.0000,-0.2935,5.5488,0.9561,0.9559,0.9496,1.0000
470.1294,0.2926,6.3917,-0.0828,1.3601,6.4237,3.0603,3.0603,3.0868,1.0000,-0.2313,7.2478,-1.0407,-1.0407,-1.0402,1.0000,-0.2943,5.5362,0.9585,0.9582,0.9359,1.0000
470.3322,0.2917,6.3810,-0.0828,1.3691,6.4210,3.0562,3.0554,3.0838,1.0000,-0.2353,7.2381,-1.0376,-1.0374,-1.0391,1.0000,-0.2951,5.5236,0.9608,0.9611,0.9499,1.0000
470.5340,0.2909,6.3703,-0.0828,1.3773,6.4188,3.0528,3.0522,3.0596,1.0000,-0.2394,7.2283,-1.0347,-1.0345,-1.0227,1.0000,-0.2957,5.5112,0.9631,0.9633,0.9507,1.0000
470.7341,0.2901,6.3596,-0.0828,1.3843,6.4168,3.0505,3.0507,3.0845,1.0000,-0.2394,7.2283,-1.0347,-1.0323,-1.0370,1.0000,-0.2957,5.5112,0.9631,0.9650,0.9360,1.0000
470.9401,0.2892,6.3488,-0.0828,1.3907,6.4143,3.0498,3.0498,3.0587,1.0000,-0.2435,7.2185,-1.0320,-1.0296,-1.0443,1.0000,-0.2956,5.4993,0.9652,0.9669,0.9536,1.0000
471.1406,0.2882,6.3379,-0.0828,1.3969,6.4109,3.0510,3.0510,3.0434,1.0000,-0.2517,7.1989,-1.0269,-1.0269,-1.0455,1.0000,-0.2953,5.4872,0.9671,0.9686,0.9442,1.0000
471.3463,0.2872,6.3272,-0.0828,1.4031,6.4068,3.0543,3.0547,3.0389,1.0000,-0.2558,7.1891,-1.0246,-1.0244,-1.0452,1.0000,-0.2953,5.4633,0.9703,0.9704,0.9584,1.0000
471.5528,0.2863,6.3165,-0.0827,1.4093,6.4024,3.0598,3.0643,3.0706,1.0000,-0.2600,7.1793,-1.0224,-1.0214,-1.0369,1.0000,-0.2946,5.4516,0.9715,0.9721,0.9368,1.0000
471.7583,0.2855,6.3058,-0.0827,1.4148,6.3977,3.0679,3.0740,3.0870,1.0000,-0.2641,7.1694,-1.0204,-1.0194,-1.0362,1.0000,-0.2936,5.4398,0.9726,0.9731,0.9495,1.0000
472.0033,0.2847,6.2951,-0.0827,1.4198,6.3924,3.0787,3.0910,3.0803,1.0000,-0.2683,7.1596,-1.0184,-1.0168,-1.0277,1.0000,-0.2928,5.4280,0.9735,0.9742,0.9577,1.0000
472.2186,0.2837,6.2843,-0.0827,1.4246,6.3864,3.0925,3.1077,3.0854,1.0000,-0.2724,7.1498,-1.0166,-1.0151,-1.0169,1.0000,-0.2923,5.4161,0.9743,0.9749,0.9574,1.0000
472.4218,0.2817,6.2628,-0.0827,1.4335,6.3732,3.1295,-3.1405,3.1222,1.0000,-0.2808,7.1300,-1.0133,-1.0125,-1.0323,1.0000,-0.2915,5.3921,0.9756,0.9760,0.9766,1.0000
472.6643,0.2809,6.2521,-0.0827,1.4367,6.3664,-3.1312,-3.1094,3.1317,1.0000,-0.2850,7.1202,-1.0117,-1.0102,-1.0296,1.0000,-0.2908,5.3803,0.9763,0.9770,0.9885,1.0000
472.8891,0.2801,6.2414,-0.0827,1.4387,6.3599,-3.1069,-3.0841,3.1399,1.0000,-0.2892,7.1103,-1.0100,-1.0085,-1.0072,1.0000,-0.2894,5.3689,0.9770,0.9777,0.9926,1.0000
473.0961,0.2783,6.2199,-0.0827,1.4394,6.3467,-3.0560,-3.0585,-3.1142,1.0000,-0.2934,7.1005,-1.0083,-1.0067,-1.0215,1.0000,-0.2878,5.3577,0.9778,0.9785,0.9786,1.0000
473.2967,0.2773,6.2091,-0.0827,1.4377,6.3400,-3.0312,-3.0312,-3.1072,1.0000,-0.3012,7.0802,-1.0046,-1.0046,-1.0128,1.0000,-0.2863,5.3464,0.9786,0.9795,0.9867,1.0000
473.5003,0.2764,6.1984,-0.0827,1.4338,6.3337,-3.0083,-3.0105,-3.0875,1.0000,-0.3012,7.0802,-1.0046,-1.0028,-0.9965,1.0000,-0.2848,5.3353,0.9796,0.9807,0.9962,1.0000
473.7021,0.2756,6.1877,-0.0827,1.4277,6.3273,-2.9882,-2.9901,-3.0309,1.0000,-0.3052,7.0702,-1.0026,-1.0006,-1.0164,1.0000,-0.2828,5.3243,0.9809,0.9822,0.9839,1.0000
473.9080,0.2748,6.1769,-0.0827,1.4189,6.3206,-2.9720,-2.9693,-2.9943,1.0000,-0.3120,7.0492,-0.9981,-0.9979,-1.0013,1.0000,-0.2779,5.3021,0.9841,0.9843,0.9701,1.0000
474.1187,0.2738,6.1662,-0.0827,1.4073,6.3134,-2.9604,-2.9559,-2.9765,1.0000,-0.3151,7.0384,-0.9957,-0.9945,-0.9792,1.0000,-0.2758,5.2908,0.9861,0.9873,0.9914,1.0000
474.3192,0.2728,6.1554,-0.0827,1.3930,6.3059,-2.9540,-2.9525,-2.9411,1.0000,-0.3184,7.0277,-0.9933,-0.9915,-0.9943,1.0000,-0.2740,5.2793,0.9885,0.9904,0.9947,1.0000
474.5196,0.2719,6.1446,-0.0827,1.3768,6.2980,-2.9526,-2.9532,-2.9698,1.0000,-0.3213,7.0167,-0.9908,-0.9901,-0.9943,1.0000,-0.2722,5.2676,0.9912,0.9921,0.9947,1.0000
474.7283,0.2710,6.1339,-0.0827,1.3591,6.2896,-2.9559,-2.9598,-2.9763,1.0000,-0.3237,7.0053,-0.9884,-0.9872,-1.0115,1.0000,-0.2702,5.2559,0.9942,0.9958,0.9942,1.0000
474.9635,0.2702,6.1232,-0.0827,1.3405,6.2811,-2.9631,-2.9719,-2.9625,1.0000,-0.3264,6.9940,-0.9860,-0.9839,-0.9724,1.0000,-0.2683,5.2441,0.9975,1.0007,0.9840,1.0000
475.1651,0.2694,6.1125,-0.0827,1.3219,6.2727,-2.9729,-2.9833,-2.9707,1.0000,-0.3292,6.9829,-0.9836,-0.9816,-0.9639,1.0000,-0.2665,5.2323,1.0010,1.0044,0.9962,1.0000
475.3888,0.2684,6.1017,-0.0827,1.3039,6.2636,-2.9845,-2.9955,-2.9929,1.0000,-0.3317,6.9716,-0.9814,-0.9794,-0.9869,1.0000,-0.2648,5.2206,1.0048,1.0083,0.9839,1.0000
475.6349,0.2674,6.0909,-0.0827,1.2872,6.2540,-2.9967,-3.0073,-2.9776,1.0000,-0.3333,6.9594,-0.9792,-0.9773,-0.9728,1.0000,-0.2632,5.2087,1.0087,1.0123,1.0046,1.0000
475.8352,0.2657,6.0695,-0.0827,1.2593,6.2341,-3.0190,-3.0190,-2.9765,1.0000,-0.3372,6.9354,-0.9753,-0.9753,-0.9711,1.0000,-0.2600,5.1850,1.0169,1.0165,1.0312,1.0000
476.0379,0.2649,6.0588,-0.0827,1.2479,6.2237,-3.0280,-3.0323,-3.0059,1.0000,-0.3391,6.9235,-0.9735,-0.9727,-0.9877,1.0000,-0.2584,5.1731,1.0210,1.0230,1.0208,1.0000
476.2425,0.2640,6.0480,-0.0827,1.2382,6.2126,-3.0348,-3.0378,-3.0496,1.0000,-0.3405,6.9112,-0.9720,-0.9713,-0.9830,1.0000,-0.2569,5.1613,1.0250,1.0268,1.0349,1.0000
476.4433,0.2630,6.0373,-0.0827,1.2300,6.2008,-3.0392,-3.0408,-3.0531,1.0000,-0.3417,6.8986,-0.9706,-0.9698,-0.9830,1.0000,-0.2554,5.1495,1.0287,1.0308,1.0349,1.0000
476.6512,0.2620,6.0265,-0.0827,1.2234,6.1883,-3.0411,-3.0409,-3.0531,1.0000,-0.3432,6.8862,-0.9695,-0.9690,-0.9931,1.0000,-0.2539,5.1378,1.0321,1.0337,1.0254,1.0000
476.8520,0.2611,6.0158,-0.0827,1.2180,6.1754,-3.0404,-3.0381,-3.0354,1.0000,-0.3449,6.8740,-0.9685,-0.9679,-0.9960,1.0000,-0.2524,5.1260,1.0353,1.0374,1.0433,1.0000
477.0521,0.2604,6.0051,-0.0827,1.2133,6.1625,-3.0373,-3.0334,-3.0461,1.0000,-0.3464,6.8617,-0.9676,-0.9671,-0.9788,1.0000,-0.2509,5.1143,1.0382,1.0401,1.0304,1.0000
477.2893,0.2596,5.9943,-0.0827,1.2089,6.1497,-3.0322,-3.0262,-3.0374,1.0000,-0.3474,6.8490,-0.9668,-0.9662,-0.9755,1.0000,-0.2495,5.1027,1.0409,1.0431,1.0548,1.0000
477.4955,0.2586,5.9836,-0.0827,1.2052,6.1367,-3.0254,-3.0231,-3.0367,1.0000,-0.3487,6.8364,-0.9662,-0.9660,-0.9755,1.0000,-0.2481,5.0910,1.0433,1.0440,1.0548,1.0000
477.7187,0.2576,5.9728,-0.0827,1.2052,6.1367,-3.0254,-3.0182,-3.0367,1.0000,-0.3487,6.8364,-0.9662,-0.9656,-0.9781,1.0000,-0.2481,5.0910,1.0433,1.0453,1.0691,1.0000
477.9367,0.2576,5.9728,-0.0827,1.2020,6.1234,-3.0174,-3.0095,-3.0252,1.0000,-0.3497,6.8237,-0.9656,-0.9650,-0.9678,1.0000,-0.2467,5.0795,1.0455,1.0473,1.0594,1.0000
478.1670,0.2567,5.9620,-0.0828,1.1988,6.1103,-3.0087,-3.0006,-3.0099,1.0000,-0.3500,6.8105,-0.9649,-0.9643,-0.9565,1.0000,-0.2453,5.0679,1.0474,1.0490,1.0644,1.0000
478.3724,0.2558,5.9513,-0.0828,1.1952,6.0976,-2.9998,-2.9921,-3.0025,1.0000,-0.3500,6.7970,-0.9643,-0.9636,-0.9598,1.0000,-0.2439,5.0564,1.0492,1.0506,1.0461,1.0000
478.5734,0.2550,5.9406,-0.0828,1.1912,6.0851,-2.9913,-2.9844,-2.9979,1.0000,-0.3491,6.7827,-0.9636,-0.9629,-0.9734,1.0000,-0.2426,5.0449,1.0508,1.0521,1.0484,1.0000
478.7736,0.2542,5.9299,-0.0828,1.1870,6.0727,-2.9837,-2.9779,-2.9970,1.0000,-0.3475,6.7679,-0.9628,-0.9620,-0.9524,1.0000,-0.2412,5.0334,1.0522,1.0534,1.0375,1.0000
478.9787,0.2533,5.9191,-0.0828,1.1825,6.0603,-2.9773,-2.9730,-2.9882,1.0000,-0.3456,6.7529,-0.9619,-0.9611,-0.9509,1.0000,-0.2399,5.0219,1.0536,1.0547,1.0329,1.0000
479.1858,0.2522,5.9083,-0.0828,1.1778,6.0479,-2.9726,-2.9700,-2.9695,1.0000,-0.3437,6.7380,-0.9610,-0.9601,-0.9578,1.0000,-0.2386,5.0105,1.0549,1.0560,1.0257,1.0000
479.3991,0.2513,5.8976,-0.0828,1.1728,6.0355,-2.9698,-2.9690,-2.9661,1.0000,-0.3412,6.7227,-0.9600,-0.9592,-0.9554,1.0000,-0.2374,4.9990,1.0562,1.0573,1.0267,1.0000
479.6347,0.2505,5.8869,-0.0828,1.1673,6.0233,-2.9690,-2.9700,-2.9594,1.0000,-0.3382,6.7069,-0.9592,-0.9584,-0.9630,1.0000,-0.2361,4.9876,1.0575,1.0587,1.0583,1.0000
479.8427,0.2498,5.8762,-0.0828,1.1614,6.0110,-2.9702,-2.9729,-2.9486,1.0000,-0.3351,6.6911,-0.9584,-0.9578,-0.9682,1.0000,-0.2349,4.9761,1.0588,1.0601,1.0423,1.0000
480.0501,0.2489,5.8654,-0.0828,1.1552,5.9987,-2.9732,-2.9774,-2.9577,1.0000,-0.3324,6.6756,-0.9577,-0.9573,-0.9825,1.0000,-0.2337,4.9647,1.0602,1.0616,1.0728,1.0000
480.2802,0.2479,5.8546,-0.0828,1.1487,5.9865,-2.9780,-2.9834,-2.9687,1.0000,-0.3300,6.6604,-0.9573,-0.9571,-0.9728,1.0000,-0.2325,4.9532,1.0618,1.0633,1.0626,1.0000
480.5043,0.2460,5.8331,-0.0828,1.1420,5.9742,-2.9840,-2.9903,-2.9971,1.0000,-0.3276,6.6452,-0.9571,-0.9571,-0.9571,1.0000,-0.2313,4.9418,1.0635,1.0652,1.0541,1.0000
480.7128,0.2452,5.8224,-0.0828,1.1285,5.9496,-2.9987,-3.0035,-2.9885,1.0000,-0.3226,6.6146,-0.9574,-0.9576,-0.9245,1.0000,-0.2291,4.9187,1.0676,1.0687,1.0446,1.0000
480.9128,0.2444,5.8117,-0.0828,1.1225,5.9368,-3.0066,-3.0121,-2.9919,1.0000,-0.3201,6.5992,-0.9578,-0.9581,-0.9245,1.0000,-0.2280,4.9072,1.0699,1.0714,1.0446,1.0000
481.1583,0.2435,5.8009,-0.0828,1.1169,5.9239,-3.0144,-3.0211,-2.9890,1.0000,-0.3178,6.5840,-0.9583,-0.9589,-0.9402,1.0000,-0.2270,4.8956,1.0724,1.0747,1.0626,1.0000
481.3942,0.2425,5.7902,-0.0827,1.1117,5.9110,-3.0218,-3.0280,-2.9984,1.0000,-0.3154,6.5687,-0.9589,-0.9595,-0.9474,1.0000,-0.2259,4.8840,1.0750,1.0774,1.0728,1.0000
481.5967,0.2407,5.7687,-0.0827,1.1071,5.8979,-3.0287,-3.0342,-2.9896,1.0000,-0.3131,6.5535,-0.9596,-0.9603,-0.9541,1.0000,-0.2249,4.8724,1.0776,1.0801,1.0737,1.0000
481.8133,0.2400,5.7580,-0.0827,1.1006,5.8703,-3.0400,-3.0395,-3.0108,1.0000,-0.3107,6.5382,-0.9604,-0.9610,-0.9763,1.0000,-0.2239,4.8608,1.0804,1.0829,1.0639,1.0000
482.0172,0.2391,5.7473,-0.0827,1.0985,5.8561,-3.0442,-3.0438,-3.0386,1.0000,-0.3083,6.5229,-0.9611,-0.9616,-0.9659,1.0000,-0.2229,4.8492,1.0831,1.0856,1.0658,1.0000
482.2233,0.2382,5.7365,-0.0827,1.0985,5.8561,-3.0442,-3.0471,-3.0464,1.0000,-0.3059,6.5076,-0.9617,-0.9621,-0.9684,1.0000,-0.2219,4.8376,1.0859,1.0883,1.0707,1.0000
482.4426,0.2382,5.7365,-0.0827,1.0969,5.8419,-3.0474,-3.0496,-3.0342,1.0000,-0.3036,6.4924,-0.9621,-0.9623,-0.9720,1.0000,-0.2210,4.8260,1.0886,1.0909,1.0846,1.0000
482.6667,0.2363,5.7150,-0.0827,1.0958,5.8275,-3.0498,-3.0514,-3.0492,1.0000,-0.3013,6.4772,-0.9623,-0.9624,-0.9760,1.0000,-0.2200,4.8144,1.0912,1.0935,1.1141,1.0000
482.9048,0.2363,5.7150,-0.0827,1.0951,5.8131,-3.0516,-3.0527,-3.0456,1.0000,-0.2990,6.4620,-0.9625,-0.9624,-0.9580,1.0000,-0.2191,4.8028,1.0937,1.0960,1.0960,1.0000
483.1056,0.2347,5.6936,-0.0827,1.0949,5.7843,-3.0536,-3.0538,-3.0291,1.0000,-0.2944,6.4317,-0.9623,-0.9623,-0.9611,1.0000,-0.2172,4.7797,1.0985,1.0987,1.0907,1.0000
483.3064,0.2338,5.6828,-0.0827,1.0953,5.7699,-3.0543,-3.0544,-3.0361,1.0000,-0.2922,6.4165,-0.9620,-0.9620,-0.9520,1.0000,-0.2163,4.7681,1.1007,1.1011,1.0945,1.0000
483.5152,0.2328,5.6720,-0.0827,1.0957,5.7555,-3.0547,-3.0550,-3.0550,1.0000,-0.2899,6.4014,-0.9618,-0.9616,-0.9536,1.0000,-0.2154,4.7566,1.1027,1.1036,1.0953,1.0000
483.7159,0.2318,5.6613,-0.0827,1.0962,5.7413,-3.0551,-3.0554,-3.0620,1.0000,-0.2878,6.3866,-0.9615,-0.9613,-0.9573,1.0000,-0.2146,4.7451,1.1046,1.1057,1.1017,1.0000
483.9227,0.2310,5.6505,-0.0827,1.0968,5.7271,-3.0556,-3.0561,-3.0531,1.0000,-0.2862,6.3726,-0.9613,-0.9612,-0.9629,1.0000,-0.2137,4.7336,1.1064,1.1076,1.1089,1.0000
484.1264,0.2302,5.6398,-0.0827,1.0974,5.7130,-3.0563,-3.0569,-3.0531,1.0000,-0.2850,6.3593,-0.9611,-0.9611,-0.9629,1.0000,-0.2128,4.7221,1.1081,1.1089,1.1089,1.0000
484.3317,0.2294,5.6291,-0.0827,1.0980,5.6989,-3.0573,-3.0587,-3.0382,1.0000,-0.2840,6.3465,-0.9612,-0.9613,-0.9619,1.0000,-0.2120,4.7107,1.1097,1.1110,1.1061,1.0000
484.5667,0.2285,5.6183,-0.0827,1.0985,5.6853,-3.0589,-3.0606,-3.0358,1.0000,-0.2836,6.3343,-0.9614,-0.9617,-0.9731,1.0000,-0.2112,4.6992,1.1111,1.1123,1.1065,1.0000
484.7711,0.2285,5.6183,-0.0827,1.0993,5.6599,-3.0633,-3.0631,-3.0554,1.0000,-0.2836,6.3231,-0.9617,-0.9622,-0.9654,1.0000,-0.2103,4.6877,1.1124,1.1136,1.1042,1.0000
485.0027,0.2285,5.6183,-0.0827,1.0993,5.6599,-3.0633,-3.0660,-3.0530,1.0000,-0.2841,6.3128,-0.9622,-0.9628,-0.9619,1.0000,-0.2095,4.6763,1.1137,1.1149,1.0986,1.0000
485.2255,0.2285,5.6183,-0.0827,1.1002,5.6225,-3.0735,-3.0731,-3.0725,1.0000,-0.2861,6.2937,-0.9635,-0.9643,-0.9614,1.0000,-0.2079,4.6534,1.1163,1.1175,1.1058,1.0000
485.4262,0.2285,5.6183,-0.0827,1.1004,5.5982,-3.0823,-3.0852,-3.0682,1.0000,-0.2894,6.2656,-0.9661,-0.9665,-0.9716,1.0000,-0.2057,4.6191,1.1205,1.1212,1.1160,1.0000
485.6284,0.2285,5.6183,-0.0827,1.1000,5.5722,-3.0922,-3.0964,-3.0663,1.0000,-0.2901,6.2473,-0.9677,-0.9684,-0.9685,1.0000,-0.2047,4.5968,1.1235,1.1245,1.1136,1.0000
485.8302,0.2207,5.5263,-0.0841,1.0996,5.5534,-3.1030,-3.1053,-3.0896,1.0000,-0.2925,6.2348,-0.9700,-0.9703,-0.9716,1.0000,-0.2055,4.5777,1.1263,1.1267,1.1491,1.0000
486.0303,0.2201,5.5213,-0.0845,1.0991,5.5434,-3.1087,-3.1105,-3.0855,1.0000,-0.2938,6.2296,-0.9711,-0.9713,-0.9796,1.0000,-0.2060,4.5689,1.1277,1.1278,1.1444,1.0000
486.2328,0.2195,5.5156,-0.0849,1.0985,5.5349,-3.1147,-3.1141,-3.1042,1.0000,-0.2938,6.2296,-0.9711,-0.9720,-0.9672,1.0000,-0.2060,4.5689,1.1277,1.1289,1.1411,1.0000
486.4793,0.2195,5.5156,-0.0849,1.0985,5.5349,-3.1147,-3.1202,-3.0974,1.0000,-0.2953,6.2260,-0.9720,-0.9726,-0.9808,1.0000,-0.2070,4.5613,1.1290,1.1302,1.1351,1.0000
486.7105,0.2188,5.5081,-0.0852,1.0980,5.5292,-3.1208,-3.1266,-3.1190,1.0000,-0.2974,6.2246,-0.9727,-0.9729,-0.9757,1.0000,-0.2085,4.5551,1.1303,1.1313,1.1332,1.0000
486.9490,0.2181,5.4982,-0.0855,1.0979,5.5255,-3.1272,-3.1331,-3.1217,1.0000,-0.3005,6.2251,-0.9730,-0.9730,-0.9759,1.0000,-0.2102,4.5500,1.1314,1.1322,1.1297,1.0000
487.1931,0.2171,5.4865,-0.0857,1.0976,5.5218,-3.1337,-3.1396,-3.1313,1.0000,-0.3043,6.2268,-0.9729,-0.9728,-0.9759,1.0000,-0.2117,4.5455,1.1323,1.1327,1.1195,1.0000
487.3998,0.2160,5.4742,-0.0858,1.0975,5.5178,-3.1403,3.1391,-3.1320,1.0000,-0.3082,6.2285,-0.9728,-0.9727,-0.9871,1.0000,-0.2131,4.5415,1.1328,1.1329,1.1504,1.0000
487.6143,0.2160,5.4742,-0.0858,1.0975,5.5178,-3.1403,3.1372,-3.1320,1.0000,-0.3082,6.2285,-0.9728,-0.9727,-0.9871,1.0000,-0.2131,4.5415,1.1328,1.1330,1.1504,1.0000
487.8348,0.2148,5.4623,-0.0859,1.0981,5.5144,3.1366,3.1315,-3.1299,1.0000,-0.3117,6.2303,-0.9727,-0.9729,-0.9813,1.0000,-0.2145,4.5383,1.1330,1.1328,1.1361,1.0000
488.0487,0.2138,5.4513,-0.0860,1.0995,5.5120,3.1309,3.1266,-3.1305,1.0000,-0.3152,6.2323,-0.9730,-0.9736,-0.9935,1.0000,-0.2159,4.5358,1.1328,1.1323,1.1130,1.0000
488.2811,0.2122,5.4301,-0.0860,1.1017,5.5103,3.1262,3.1233,-3.1396,1.0000,-0.3189,6.2348,-0.9737,-0.9746,-0.9817,1.0000,-0.2172,4.5335,1.1322,1.1314,1.1277,1.0000
488.4878,0.2113,5.4191,-0.0860,1.1052,5.5092,3.1231,3.1225,3.1311,1.0000,-0.3228,6.2375,-0.9748,-0.9761,-0.9599,1.0000,-0.2182,4.5314,1.1313,1.1300,1.1282,1.0000
488.6996,0.2103,5.4081,-0.0859,1.1105,5.5082,3.1226,3.1244,3.1358,1.0000,-0.3263,6.2395,-0.9763,-0.9781,-0.9717,1.0000,-0.2191,4.5296,1.1298,1.1282,1.1247,1.0000
488.9029,0.2092,5.3975,-0.0858,1.1253,5.5055,3.1292,3.1303,3.1333,1.0000,-0.3314,6.2405,-0.9809,-0.9812,-0.9820,1.0000,-0.2211,4.5272,1.1256,1.1254,1.1386,1.0000
489.1030,0.2084,5.3872,-0.0857,1.1341,5.5051,3.1358,3.1382,3.1377,1.0000,-0.3337,6.2407,-0.9841,-0.9851,-0.9610,1.0000,-0.2220,4.5263,1.1228,1.1219,1.1560,1.0000
489.3034,0.2077,5.3770,-0.0855,1.1437,5.5052,-3.1388,-3.1368,3.1228,1.0000,-0.3359,6.2406,-0.9879,-0.9888,-0.9857,1.0000,-0.2227,4.5255,1.1196,1.1192,1.1457,1.0000
489.5043,0.2069,5.3663,-0.0854,1.1540,5.5048,-3.1282,-3.1234,3.1090,1.0000,-0.3372,6.2390,-0.9925,-0.9946,-0.9750,1.0000,-0.2233,4.5249,1.1158,1.1142,1.1434,1.0000
489.7096,0.2059,5.3552,-0.0852,1.1647,5.5033,-3.1157,-3.1073,3.1288,1.0000,-0.3373,6.2357,-0.9979,-1.0009,-0.9725,1.0000,-0.2239,4.5246,1.1116,1.1093,1.1176,1.0000
489.9099,0.2049,5.3442,-0.0850,1.1753,5.5016,-3.1013,-3.0966,3.1288,1.0000,-0.3370,6.2313,-1.0040,-1.0060,-0.9725,1.0000,-0.2247,4.5242,1.1069,1.1054,1.1176,1.0000
490.1178,0.2039,5.3336,-0.0848,1.1852,5.5000,-3.0852,-3.0818,-3.1400,1.0000,-0.3363,6.2262,-1.0109,-1.0116,-0.9918,1.0000,-0.2256,4.5232,1.1016,1.1011,1.0970,1.0000
490.3304,0.2031,5.3232,-0.0845,1.1852,5.5000,-3.0852,-3.0694,-3.1142,1.0000,-0.3363,6.2262,-1.0109,-1.0177,-0.9912,1.0000,-0.2256,4.5232,1.1016,1.0964,1.0996,1.0000
490.5309,0.2024,5.3127,-0.0843,1.1946,5.4982,-3.0676,-3.0509,-3.0753,1.0000,-0.3350,6.2200,-1.0184,-1.0256,-1.0093,1.0000,-0.2270,4.5210,1.0958,1.0900,1.1003,1.0000
490.7316,0.2016,5.3018,-0.0841,1.2040,5.4956,-3.0490,-3.0318,-3.0633,1.0000,-0.3328,6.2124,-1.0264,-1.0339,-1.0172,1.0000,-0.2295,4.5169,1.0894,1.0832,1.0952,1.0000
490.9742,0.2016,5.3018,-0.0841,1.2136,5.4920,-3.0298,-3.0122,-3.0608,1.0000,-0.3299,6.2038,-1.0347,-1.0423,-1.0258,1.0000,-0.2329,4.5109,1.0825,1.0762,1.0811,1.0000
491.1801,0.2006,5.2907,-0.0838,1.2230,5.4873,-3.0103,-2.9925,-3.0304,1.0000,-0.3271,6.1951,-1.0432,-1.0508,-1.0379,1.0000,-0.2370,4.5037,1.0754,1.0689,1.0849,1.0000
491.4300,0.1995,5.2798,-0.0836,1.2316,5.4819,-2.9906,-2.9729,-2.9915,1.0000,-0.3241,6.1861,-1.0516,-1.0591,-1.0364,1.0000,-0.2425,4.4938,1.0682,1.0619,1.0736,1.0000
491.6802,0.1987,5.2692,-0.0834,1.2394,5.4760,-2.9710,-2.9537,-2.9780,1.0000,-0.3207,6.1767,-1.0600,-1.0673,-1.0319,1.0000,-0.2501,4.4802,1.0612,1.0553,1.0664,1.0000
491.9065,0.1979,5.2588,-0.0831,1.2468,5.4692,-2.9519,-2.9355,-2.9574,1.0000,-0.3172,6.1671,-1.0681,-1.0750,-1.0379,1.0000,-0.2588,4.4646,1.0546,1.0492,1.0668,1.0000
492.1267,0.1972,5.2482,-0.0829,1.2541,5.4612,-2.9337,-2.9188,-2.9509,1.0000,-0.3137,6.1577,-1.0758,-1.0823,-1.0387,1.0000,-0.2688,4.4471,1.0486,1.0438,1.0528,1.0000
492.3762,0.1963,5.2372,-0.0827,1.2607,5.4522,-2.9172,-2.9042,-2.9456,1.0000,-0.3104,6.1487,-1.0830,-1.0892,-1.0876,1.0000,-0.2799,4.4280,1.0433,1.0393,1.0344,1.0000
492.5798,0.1953,5.2261,-0.0825,1.2660,5.4422,-2.9029,-2.8924,-2.9292,1.0000,-0.3072,6.1398,-1.0899,-1.0957,-1.0820,1.0000,-0.2910,4.4089,1.0388,1.0354,1.0199,1.0000
492.7858,0.1935,5.2050,-0.0822,1.2730,5.4196,-2.8833,-2.8840,-2.9105,1.0000,-0.3039,6.1309,-1.0963,-1.1016,-1.1016,1.0000,-0.3019,4.3902,1.0350,1.0320,1.0272,1.0000
492.9860,0.1928,5.1946,-0.0820,1.2748,5.4068,-2.8791,-2.8793,-2.9055,1.0000,-0.3005,6.1218,-1.1022,-1.1070,-1.0922,1.0000,-0.3130,4.3716,1.0317,1.0291,1.0421,1.0000
493.1970,0.1920,5.1839,-0.0819,1.2752,5.3928,-2.8790,-2.8789,-2.9091,1.0000,-0.2971,6.1129,-1.1075,-1.1117,-1.0874,1.0000,-0.3237,4.3538,1.0289,1.0265,1.0253,1.0000
493.4061,0.1911,5.1729,-0.0818,1.2752,5.3928,-2.8790,-2.8827,-2.9040,1.0000,-0.2938,6.1041,-1.1121,-1.1158,-1.1163,1.0000,-0.3331,4.3380,1.0262,1.0238,1.0257,1.0000
493.6119,0.1901,5.1619,-0.0817,1.2741,5.3778,-2.8833,-2.8908,-2.8716,1.0000,-0.2905,6.0953,-1.1162,-1.1192,-1.1186,1.0000,-0.3414,4.3240,1.0236,1.0211,1.0292,1.0000
493.8189,0.1892,5.1513,-0.0816,1.2668,5.3447,-2.9041,-2.9028,-2.8893,1.0000,-0.2872,6.0861,-1.1195,-1.1221,-1.1278,1.0000,-0.3488,4.3114,1.0208,1.0182,1.0115,1.0000
494.0191,0.1884,5.1408,-0.0815,1.2609,5.3269,-2.9196,-2.9213,-2.9007,1.0000,-0.2806,6.0684,-1.1246,-1.1248,-1.1317,1.0000,-0.3615,4.2895,1.0146,1.0143,1.0250,1.0000
494.2252,0.1877,5.1302,-0.0815,1.2539,5.3086,-2.9374,-2.9430,-2.9450,1.0000,-0.2773,6.0595,-1.1265,-1.1270,-1.1194,1.0000,-0.3668,4.2797,1.0110,1.0099,1.0153,1.0000
494.4262,0.1869,5.1193,-0.0814,1.2464,5.2904,-2.9563,-2.9601,-2.9556,1.0000,-0.2739,6.0502,-1.1281,-1.1282,-1.1200,1.0000,-0.3717,4.2706,1.0071,1.0067,1.0111,1.0000
494.6263,0.1859,5.1082,-0.0814,1.2389,5.2727,-2.9754,-2.9754,-2.9556,1.0000,-0.2704,6.0403,-1.1293,-1.1293,-1.1200,1.0000,-0.3766,4.2614,1.0027,1.0032,1.0111,1.0000
494.8312,0.1849,5.0974,-0.0814,1.2311,5.2550,-2.9937,-2.9972,-2.9628,1.0000,-0.2669,6.0301,-1.1301,-1.1302,-1.1429,1.0000,-0.3817,4.2521,0.9980,0.9975,1.0177,1.0000
495.0407,0.1841,5.0868,-0.0814,1.2235,5.2377,-3.0105,-3.0137,-2.9805,1.0000,-0.2634,6.0200,-1.1309,-1.1309,-1.1427,1.0000,-0.3866,4.2427,0.9929,0.9923,1.0034,1.0000
495.2429,0.1834,5.0764,-0.0815,1.2165,5.2207,-3.0255,-3.0282,-2.9912,1.0000,-0.2599,6.0101,-1.1315,-1.1316,-1.1502,1.0000,-0.3916,4.2333,0.9875,0.9869,0.9995,1.0000
495.4440,0.1826,5.0657,-0.0815,1.2103,5.2041,-3.0381,-3.0404,-3.0242,1.0000,-0.2563,5.9997,-1.1323,-1.1324,-1.1492,1.0000,-0.3968,4.2237,0.9819,0.9813,0.9905,1.0000
495.6460,0.1817,5.0547,-0.0815,1.2050,5.1878,-3.0483,-3.0530,-3.0391,1.0000,-0.2527,5.9886,-1.1333,-1.1339,-1.1475,1.0000,-0.4022,4.2138,0.9761,0.9731,0.9761,1.0000
495.8932,0.1807,5.0438,-0.0816,1.2002,5.1715,-3.0557,-3.0601,-3.0513,1.0000,-0.2491,5.9775,-1.1345,-1.1360,-1.1415,1.0000,-0.4080,4.2037,0.9701,0.9648,0.9905,1.0000
496.1232,0.1798,5.0330,-0.0817,1.1958,5.1550,-3.0605,-3.0627,-3.0717,1.0000,-0.2454,5.9664,-1.1362,-1.1380,-1.1367,1.0000,-0.4138,4.1936,0.9642,0.9589,0.9719,1.0000
496.3233,0.1790,5.0226,-0.0817,1.1918,5.1384,-3.0628,-3.0631,-3.0683,1.0000,-0.2417,5.9550,-1.1383,-1.1405,-1.1315,1.0000,-0.4194,4.1837,0.9584,0.9532,0.9573,1.0000
496.5277,0.1783,5.0121,-0.0818,1.1882,5.1216,-3.0630,-3.0618,-3.0646,1.0000,-0.2381,5.9441,-1.1408,-1.1435,-1.1360,1.0000,-0.4244,4.1742,0.9526,0.9475,0.9511,1.0000
496.7280,0.1775,5.0013,-0.0819,1.1850,5.1048,-3.0615,-3.0608,-3.0646,1.0000,-0.2345,5.9331,-1.1438,-1.1448,-1.1360,1.0000,-0.4294,4.1649,0.9469,0.9453,0.9511,1.0000
496.9295,0.1766,4.9904,-0.0820,1.1820,5.0880,-3.0588,-3.0578,-3.0735,1.0000,-0.2308,5.9216,-1.1473,-1.1485,-1.1504,1.0000,-0.4347,4.1553,0.9414,0.9398,0.9424,1.0000
497.1661,0.1756,4.9795,-0.0821,1.1793,5.0711,-3.0552,-3.0545,-3.0660,1.0000,-0.2271,5.9099,-1.1514,-1.1522,-1.1363,1.0000,-0.4398,4.1461,0.9362,0.9317,0.9409,1.0000
497.3981,0.1747,4.9688,-0.0822,1.1766,5.0542,-3.0516,-3.0545,-3.0430,1.0000,-0.2233,5.8982,-1.1559,-1.1522,-1.1661,1.0000,-0.4441,4.1374,0.9312,0.9269,0.9566,1.0000
497.6480,0.1740,4.9583,-0.0822,1.1739,5.0374,-3.0483,-3.0545,-3.0529,1.0000,-0.2196,5.8866,-1.1609,-1.1522,-1.1876,1.0000,-0.4477,4.1291,0.9264,0.9223,0.9386,1.0000
497.8732,0.1725,4.9369,-0.0824,1.1712,5.0205,-3.0459,-3.0545,-3.0219,1.0000,-0.2159,5.8752,-1.1662,-1.1522,-1.1775,1.0000,-0.4510,4.1208,0.9219,0.9179,0.9240,1.0000
498.0785,0.1715,4.9260,-0.0825,1.1666,4.9941,-3.0439,-3.0545,-3.0250,1.0000,-0.2122,5.8637,-1.1717,-1.1522,-1.1635,1.0000,-0.4543,4.1125,0.9175,0.9137,0.9055,1.0000
498.2801,0.1705,4.9151,-0.0826,1.1646,4.9827,-3.0439,-3.0545,-3.0456,1.0000,-0.2049,5.8405,-1.1834,-1.1522,-1.1748,1.0000,-0.4599,4.0967,0.9093,0.9096,0.9199,1.0000
498.4863,0.1697,4.9045,-0.0827,1.1625,4.9718,-3.0444,-3.0545,-3.0441,1.0000,-0.2012,5.8289,-1.1895,-1.1522,-1.1700,1.0000,-0.4622,4.0889,0.9055,0.9044,0.9162,1.0000
498.7185,0.1690,4.8939,-0.0827,1.1625,4.9718,-3.0444,-3.0545,-3.0441,1.0000,-0.2012,5.8289,-1.1895,-1.1522,-1.1748,1.0000,-0.4622,4.0889,0.9055,0.9023,0.9259,1.0000
498.9200,0.1682,4.8832,-0.0828,1.1591,4.9567,-3.0472,-3.0545,-3.0375,1.0000,-0.1940,5.8058,-1.2015,-1.1522,-1.1809,1.0000,-0.4640,4.0811,0.9019,0.8989,0.9163,1.0000
499.1208,0.1673,4.8723,-0.0829,1.1579,4.9524,-3.0493,-3.0475,-3.0535,1.0000,-0.1904,5.7942,-1.2074,-1.1689,-1.1918,1.0000,-0.4665,4.0658,0.8955,0.8938,0.8988,1.0000
499.3659,0.1663,4.8614,-0.0829,1.1568,4.9484,-3.0519,-3.0475,-3.0641,1.0000,-0.1868,5.7826,-1.2132,-1.2182,-1.1977,1.0000,-0.4685,4.0579,0.8927,0.8903,0.9020,1.0000
499.6106,0.1654,4.8507,-0.0830,1.1556,4.9440,-3.0549,-3.0475,-3.0675,1.0000,-0.1833,5.7710,-1.2187,-1.2234,-1.2125,1.0000,-0.4701,4.0499,0.8901,0.8880,0.8879,1.0000
499.8525,0.1639,4.8296,-0.0831,1.1543,4.9397,-3.0582,-3.0452,-3.0711,1.0000,-0.1798,5.7595,-1.2239,-1.2283,-1.2280,1.0000,-0.4711,4.0420,0.8878,0.8860,0.9036,1.0000
500.0605,0.1631,4.8188,-0.0831,1.1530,4.9364,-3.0620,-3.0442,-3.0606,1.0000,-0.1764,5.7480,-1.2288,-1.2329,-1.2269,1.0000,-0.4716,4.0342,0.8858,0.8842,0.8894,1.0000
500.2844,0.1631,4.8188,-0.0831,1.1518,4.9337,-3.0661,-3.0698,-3.0794,1.0000,-0.1729,5.7366,-1.2333,-1.2372,-1.2122,1.0000,-0.4717,4.0264,0.8840,0.8825,0.8983,1.0000
500.4934,0.1612,4.7970,-0.0831,1.1507,4.9308,-3.0703,-3.0739,-3.0712,1.0000,-0.1696,5.7251,-1.2376,-1.2411,-1.2279,1.0000,-0.4719,4.0186,0.8824,0.8811,0.9051,1.0000
500.6938,0.1603,4.7864,-0.0832,1.1483,4.9236,-3.0777,-3.0792,-3.0631,1.0000,-0.1631,5.7018,-1.2449,-1.2466,-1.2294,1.0000,-0.4727,4.0024,0.8797,0.8791,0.9065,1.0000
500.9266,0.1596,4.7759,-0.0832,1.1472,4.9197,-3.0803,-3.0816,-3.0661,1.0000,-0.1599,5.6902,-1.2481,-1.2507,-1.2421,1.0000,-0.4717,3.9943,0.8786,0.8776,0.8819,1.0000
501.1449,0.1589,4.7653,-0.0832,1.1462,4.9157,-3.0817,-3.0817,-3.0967,1.0000,-0.1567,5.6787,-1.2509,-1.2533,-1.2485,1.0000,-0.4700,3.9861,0.8775,0.8767,0.8677,1.0000
501.3454,0.1570,4.7435,-0.0832,1.1446,4.9056,-3.0797,-3.0783,-3.0938,1.0000,-0.1506,5.6553,-1.2558,-1.2565,-1.2573,1.0000,-0.4683,3.9700,0.8758,0.8756,0.8797,1.0000
501.5837,0.1561,4.7327,-0.0832,1.1441,4.8996,-3.0757,-3.0704,-3.1006,1.0000,-0.1480,5.6432,-1.2579,-1.2596,-1.2584,1.0000,-0.4671,3.9616,0.8752,0.8747,0.8803,1.0000
501.8040,0.1553,4.7221,-0.0831,1.1438,4.8930,-3.0697,-3.0623,-3.0826,1.0000,-0.1455,5.6311,-1.2597,-1.2613,-1.2577,1.0000,-0.4654,3.9529,0.8747,0.8743,0.8744,1.0000
502.0112,0.1539,4.7008,-0.0831,1.1439,4.8780,-3.0510,-3.0521,-3.0692,1.0000,-0.1433,5.6190,-1.2614,-1.2628,-1.2501,1.0000,-0.4635,3.9443,0.8743,0.8741,0.8766,1.0000
502.2139,0.1529,4.6899,-0.0831,1.1442,4.8696,-3.0385,-3.0316,-3.0577,1.0000,-0.1394,5.5944,-1.2644,-1.2652,-1.2368,1.0000,-0.4611,3.9273,0.8741,0.8741,0.8755,1.0000
502.4599,0.1519,4.6791,-0.0830,1.1445,4.8607,-3.0244,-3.0105,-3.0626,1.0000,-0.1382,5.5815,-1.2659,-1.2672,-1.2707,1.0000,-0.4599,3.9187,0.8742,0.8745,0.8962,1.0000
502.6829,0.1511,4.6683,-0.0830,1.1449,4.8514,-3.0090,-2.9946,-3.0272,1.0000,-0.1374,5.5684,-1.2674,-1.2688,-1.2689,1.0000,-0.4585,3.9098,0.8745,0.8749,0.8857,1.0000
502.8898,0.1497,4.6472,-0.0829,1.1455,4.8326,-2.9770,-2.9707,-3.0084,1.0000,-0.1355,5.5426,-1.2706,-1.2711,-1.2701,1.0000,-0.4558,3.8922,0.8756,0.8759,0.8789,1.0000
503.0904,0.1488,4.6364,-0.0829,1.1453,4.8226,-2.9615,-2.9499,-2.9601,1.0000,-0.1346,5.5298,-1.2723,-1.2734,-1.2648,1.0000,-0.4547,3.8835,0.8765,0.8772,0.8824,1.0000
503.3362,0.1479,4.6256,-0.0829,1.1447,4.8124,-2.9472,-2.9357,-2.9629,1.0000,-0.1340,5.5168,-1.2740,-1.2755,-1.2602,1.0000,-0.4535,3.8747,0.8775,0.8786,0.8766,1.0000
503.5600,0.1469,4.6147,-0.0828,1.1435,4.8021,-2.9345,-2.9249,-2.9345,1.0000,-0.1337,5.5039,-1.2757,-1.2773,-1.2718,1.0000,-0.4523,3.8657,0.8787,0.8799,0.8877,1.0000
503.7910,0.1461,4.6040,-0.0828,1.1418,4.7915,-2.9240,-2.9167,-2.9238,1.0000,-0.1335,5.4909,-1.2775,-1.2790,-1.2751,1.0000,-0.4511,3.8568,0.8800,0.8813,0.8593,1.0000
503.9931,0.1447,4.5827,-0.0827,1.1362,4.7687,-2.9111,-2.9108,-2.9208,1.0000,-0.1326,5.4654,-1.2809,-1.2809,-1.2883,1.0000,-0.4499,3.8479,0.8814,0.8827,0.8728,1.0000
504.2018,0.1438,4.5719,-0.0827,1.1322,4.7566,-2.9093,-2.9104,-2.9169,1.0000,-0.1322,5.4526,-1.2825,-1.2837,-1.2771,1.0000,-0.4478,3.8302,0.8842,0.8854,0.8795,1.0000
504.4269,0.1428,4.5610,-0.0827,1.1276,4.7443,-2.9106,-2.9142,-2.9124,1.0000,-0.1323,5.4399,-1.2838,-1.2849,-1.2807,1.0000,-0.4466,3.8214,0.8855,0.8866,0.8904,1.0000
504.6654,0.1411,4.5396,-0.0826,1.1226,4.7322,-2.9147,-2.9205,-2.9295,1.0000,-0.1325,5.4271,-1.2850,-1.2859,-1.2781,1.0000,-0.4455,3.8125,0.8868,0.8878,0.8819,1.0000
504.8699,0.1405,4.5290,-0.0826,1.1172,4.7200,-2.9212,-2.9287,-2.9141,1.0000,-0.1326,5.4143,-1.2860,-1.2865,-1.2717,1.0000,-0.4444,3.8036,0.8879,0.8889,0.8701,1.0000
505.0716,0.1397,4.5182,-0.0825,1.1055,4.6957,-2.9396,-2.9418,-2.9301,1.0000,-0.1342,5.3890,-1.2868,-1.2868,-1.2840,1.0000,-0.4422,3.7860,0.8900,0.8901,0.8776,1.0000
505.2719,0.1387,4.5074,-0.0825,1.0995,4.6840,-2.9506,-2.9552,-2.9500,1.0000,-0.1358,5.3764,-1.2867,-1.2866,-1.2857,1.0000,-0.4411,3.7772,0.8909,0.8911,0.8816,1.0000
505.4719,0.1378,4.4966,-0.0825,1.0936,4.6726,-2.9621,-2.9713,-2.9685,1.0000,-0.1380,5.3638,-1.2862,-1.2855,-1.2887,1.0000,-0.4400,3.7685,0.8915,0.8919,0.8700,1.0000
505.6719,0.1369,4.4858,-0.0825,1.0878,4.6612,-2.9735,-2.9823,-2.9692,1.0000,-0.1408,5.3514,-1.2853,-1.2845,-1.2925,1.0000,-0.4389,3.7597,0.8920,0.8923,0.8992,1.0000
505.8736,0.1362,4.4752,-0.0825,1.0820,4.6499,-2.9845,-2.9925,-2.9692,1.0000,-0.1436,5.3390,-1.2841,-1.2830,-1.2937,1.0000,-0.4378,3.7510,0.8923,0.8925,0.8948,1.0000
506.0766,0.1355,4.4646,-0.0825,1.0764,4.6386,-2.9944,-3.0005,-2.9948,1.0000,-0.1466,5.3267,-1.2825,-1.2811,-1.2883,1.0000,-0.4367,3.7423,0.8925,0.8925,0.8961,1.0000
506.3030,0.1347,4.4538,-0.0824,1.0711,4.6272,-3.0029,-3.0091,-3.0080,1.0000,-0.1501,5.3146,-1.2805,-1.2783,-1.2814,1.0000,-0.4356,3.7337,0.8925,0.8924,0.8907,1.0000
506.5530,0.1337,4.4429,-0.0824,1.0660,4.6159,-3.0097,-3.0140,-3.0243,1.0000,-0.1535,5.3027,-1.2781,-1.2756,-1.2879,1.0000,-0.4345,3.7250,0.8923,0.8921,0.8963,1.0000
506.7584,0.1328,4.4321,-0.0824,1.0569,4.5932,-3.0170,-3.0175,-3.0180,1.0000,-0.1595,5.2791,-1.2723,-1.2706,-1.2745,1.0000,-0.4323,3.7078,0.8916,0.8914,0.8988,1.0000
506.9595,0.1328,4.4321,-0.0824,1.0528,4.5819,-3.0174,-3.0160,-3.0159,1.0000,-0.1623,5.2674,-1.2689,-1.2657,-1.2688,1.0000,-0.4312,3.6992,0.8911,0.8906,0.9009,1.0000
507.1798,0.1328,4.4321,-0.0824,1.0491,4.5705,-3.0157,-3.0126,-3.0051,1.0000,-0.1652,5.2558,-1.2653,-1.2619,-1.2574,1.0000,-0.4301,3.6906,0.8906,0.8901,0.8882,1.0000
507.3889,0.1287,4.3786,-0.0824,1.0426,4.5477,-3.0070,-3.0012,-3.0112,1.0000,-0.1709,5.2327,-1.2575,-1.2539,-1.2755,1.0000,-0.4278,3.6734,0.8895,0.8891,0.8854,1.0000
507.5889,0.1271,4.3572,-0.0824,1.0371,4.5250,-2.9930,-2.9857,-3.0186,1.0000,-0.1764,5.2095,-1.2495,-1.2464,-1.2834,1.0000,-0.4257,3.6562,0.8886,0.8883,0.8871,1.0000
507.7899,0.1265,4.3465,-0.0825,1.0345,4.5136,-2.9849,-2.9774,-2.9943,1.0000,-0.1793,5.1980,-1.2456,-1.2422,-1.2472,1.0000,-0.4246,3.6476,0.8882,0.8880,0.8737,1.0000
507.9913,0.1257,4.3358,-0.0825,1.0320,4.5023,-2.9765,-2.9716,-2.9893,1.0000,-0.1821,5.1864,-1.2418,-1.2399,-1.2546,1.0000,-0.4236,3.6390,0.8879,0.8878,0.8835,1.0000
508.1914,0.1248,4.3250,-0.0825,1.0295,4.4910,-2.9684,-2.9668,-2.9893,1.0000,-0.1849,5.1749,-1.2381,-1.2377,-1.2546,1.0000,-0.4226,3.6301,0.8877,0.8877,0.8835,1.0000
508.3995,0.1238,4.3142,-0.0825,1.0295,4.4910,-2.9684,-2.9616,-2.9775,1.0000,-0.1849,5.1749,-1.2381,-1.2349,-1.2510,1.0000,-0.4226,3.6301,0.8877,0.8877,0.8832,1.0000
508.6149,0.1230,4.3034,-0.0825,1.0269,4.4798,-2.9609,-2.9549,-2.9783,1.0000,-0.1877,5.1633,-1.2345,-1.2316,-1.2390,1.0000,-0.4218,3.6205,0.8877,0.8879,0.8860,1.0000
508.8642,0.1230,4.3034,-0.0825,1.0241,4.4686,-2.9543,-2.9495,-2.9430,1.0000,-0.1906,5.1517,-1.2313,-1.2285,-1.2276,1.0000,-0.4212,3.6104,0.8879,0.8884,0.8870,1.0000
509.0712,0.1216,4.2821,-0.0825,1.0211,4.4573,-2.9490,-2.9456,-2.9243,1.0000,-0.1934,5.1401,-1.2282,-1.2258,-1.2221,1.0000,-0.4206,3.6002,0.8884,0.8891,0.8809,1.0000
509.3044,0.1208,4.2713,-0.0826,1.0179,4.4461,-2.9453,-2.9432,-2.9455,1.0000,-0.1963,5.1285,-1.2255,-1.2233,-1.2243,1.0000,-0.4200,3.5901,0.8891,0.8899,0.8815,1.0000
509.5543,0.1208,4.2713,-0.0826,1.0145,4.4349,-2.9430,-2.9424,-2.9371,1.0000,-0.1992,5.1169,-1.2231,-1.2211,-1.2341,1.0000,-0.4195,3.5795,0.8900,0.8909,0.9142,1.0000
509.7999,0.1198,4.2604,-0.0826,1.0108,4.4237,-2.9424,-2.9431,-2.9356,1.0000,-0.2020,5.1052,-1.2209,-1.2192,-1.2375,1.0000,-0.4192,3.5684,0.8911,0.8922,0.8990,1.0000
510.0408,0.1189,4.2497,-0.0826,1.0068,4.4124,-2.9432,-2.9452,-2.9469,1.0000,-0.2049,5.0936,-1.2190,-1.2176,-1.2081,1.0000,-0.4191,3.5573,0.8924,0.8937,0.8845,1.0000
510.2730,0.1181,4.2390,-0.0826,1.0026,4.4012,-2.9455,-2.9487,-2.9428,1.0000,-0.2078,5.0819,-1.2174,-1.2161,-1.2069,1.0000,-0.4188,3.5464,0.8939,0.8953,0.8853,1.0000
510.5017,0.1175,4.2283,-0.0826,0.9982,4.3899,-2.9491,-2.9531,-2.9544,1.0000,-0.2108,5.0702,-1.2159,-1.2147,-1.2090,1.0000,-0.4186,3.5351,0.8955,0.8970,0.8847,1.0000
510.7033,0.1158,4.2068,-0.0826,0.9891,4.3671,-2.9590,-2.9584,-2.9481,1.0000,-0.2137,5.0585,-1.2145,-1.2133,-1.2159,1.0000,-0.4187,3.5232,0.8972,0.8989,0.8967,1.0000
510.9106,0.1149,4.1960,-0.0826,0.9852,4.3549,-2.9647,-2.9671,-2.9421,1.0000,-0.2197,5.0352,-1.2119,-1.2115,-1.2082,1.0000,-0.4190,3.4994,0.9012,0.9018,0.8846,1.0000
511.1112,0.1140,4.1853,-0.0827,0.9815,4.3423,-2.9706,-2.9758,-2.9504,1.0000,-0.2226,5.0235,-1.2105,-1.2092,-1.1876,1.0000,-0.4192,3.4872,0.9033,0.9052,0.8864,1.0000
511.3432,0.1133,4.1746,-0.0827,0.9781,4.3293,-2.9764,-2.9814,-2.9573,1.0000,-0.2257,5.0119,-1.2091,-1.2076,-1.2123,1.0000,-0.4196,3.4746,0.9054,0.9073,0.8887,1.0000
511.5918,0.1127,4.1640,-0.0827,0.9752,4.3159,-2.9819,-2.9865,-2.9676,1.0000,-0.2287,5.0003,-1.2074,-1.2058,-1.2138,1.0000,-0.4201,3.4619,0.9075,0.9093,0.8895,1.0000
511.8073,0.1119,4.1533,-0.0827,0.9730,4.3018,-2.9870,-2.9912,-2.9842,1.0000,-0.2318,4.9888,-1.2056,-1.2037,-1.2208,1.0000,-0.4205,3.4496,0.9095,0.9113,0.9109,1.0000
512.0307,0.1110,4.1425,-0.0827,0.9716,4.2871,-2.9916,-2.9952,-2.9874,1.0000,-0.2348,4.9773,-1.2035,-1.2014,-1.2083,1.0000,-0.4209,3.4376,0.9115,0.9132,0.9002,1.0000
512.2431,0.1100,4.1317,-0.0827,0.9708,4.2719,-2.9956,-2.9987,-2.9965,1.0000,-0.2379,4.9658,-1.2012,-1.1988,-1.2047,1.0000,-0.4211,3.4257,0.9134,0.9151,0.9278,1.0000
512.4763,0.1092,4.1210,-0.0827,0.9705,4.2564,-2.9990,-3.0017,-3.0013,1.0000,-0.2411,4.9544,-1.1986,-1.1960,-1.1914,1.0000,-0.4214,3.4138,0.9153,0.9170,0.9180,1.0000
512.7035,0.1086,4.1103,-0.0827,0.9706,4.2409,-3.0020,-3.0044,-2.9986,1.0000,-0.2442,4.9430,-1.1957,-1.1930,-1.1844,1.0000,-0.4218,3.4019,0.9172,0.9188,0.9174,1.0000
512.9423,0.1079,4.0996,-0.0827,0.9710,4.2252,-3.0046,-3.0068,-2.9867,1.0000,-0.2474,4.9316,-1.1927,-1.1897,-1.2027,1.0000,-0.4222,3.3900,0.9189,0.9204,0.9078,1.0000
513.1426,0.1070,4.0888,-0.0827,0.9718,4.2094,-3.0070,-3.0090,-2.9934,1.0000,-0.2506,4.9203,-1.1894,-1.1863,-1.2110,1.0000,-0.4225,3.3782,0.9205,0.9218,0.9276,1.0000
513.3799,0.1061,4.0780,-0.0827,0.9728,4.1936,-3.0092,-3.0112,-3.0163,1.0000,-0.2538,4.9091,-1.1859,-1.1828,-1.1973,1.0000,-0.4229,3.3664,0.9220,0.9232,0.9276,1.0000
513.6169,0.1052,4.0673,-0.0827,0.9738,4.1777,-3.0114,-3.0135,-2.9974,1.0000,-0.2571,4.8978,-1.1824,-1.1792,-1.1910,1.0000,-0.4232,3.3546,0.9233,0.9245,0.9306,1.0000
513.8530,0.1045,4.0566,-0.0827,0.9749,4.1619,-3.0138,-3.0161,-3.0156,1.0000,-0.2603,4.8865,-1.1788,-1.1756,-1.2002,1.0000,-0.4236,3.3428,0.9246,0.9257,0.9232,1.0000
514.0646,0.1038,4.0459,-0.0827,0.9761,4.1462,-3.0164,-3.0191,-3.0254,1.0000,-0.2636,4.8753,-1.1753,-1.1721,-1.1883,1.0000,-0.4239,3.3311,0.9258,0.9267,0.9160,1.0000
514.2721,0.1031,4.0352,-0.0827,0.9771,4.1305,-3.0194,-3.0214,-3.0254,1.0000,-0.2669,4.8641,-1.1717,-1.1700,-1.1883,1.0000,-0.4243,3.3194,0.9268,0.9272,0.9160,1.0000
514.4729,0.1022,4.0244,-0.0827,0.9781,4.1149,-3.0229,-3.0229,-3.0189,1.0000,-0.2702,4.8529,-1.1682,-1.1682,-1.1794,1.0000,-0.4247,3.3076,0.9276,0.9275,0.9265,1.0000
514.6766,0.1012,4.0136,-0.0827,0.9781,4.1149,-3.0229,-3.0265,-3.0340,1.0000,-0.2702,4.8529,-1.1682,-1.1651,-1.1730,1.0000,-0.4247,3.3076,0.9276,0.9282,0.9201,1.0000
514.9131,0.1012,4.0136,-0.0827,0.9790,4.0993,-3.0270,-3.0311,-3.0188,1.0000,-0.2736,4.8417,-1.1648,-1.1618,-1.1682,1.0000,-0.4250,3.2960,0.9283,0.9288,0.9256,1.0000
515.1575,0.1004,4.0029,-0.0827,0.9797,4.0836,-3.0316,-3.0363,-3.0286,1.0000,-0.2769,4.8305,-1.1615,-1.1587,-1.1830,1.0000,-0.4254,3.2843,0.9289,0.9294,0.9275,1.0000
515.4061,0.0997,3.9922,-0.0827,0.9804,4.0681,-3.0369,-3.0421,-3.0501,1.0000,-0.2803,4.8193,-1.1584,-1.1557,-1.1661,1.0000,-0.4258,3.2726,0.9295,0.9300,0.9306,1.0000
515.6065,0.0991,3.9816,-0.0827,0.9809,4.0526,-3.0427,-3.0485,-3.0355,1.0000,-0.2837,4.8081,-1.1554,-1.1528,-1.1446,1.0000,-0.4262,3.2610,0.9301,0.9306,0.9297,1.0000
515.8516,0.0983,3.9708,-0.0827,0.9813,4.0371,-3.0492,-3.0555,-3.0461,1.0000,-0.2872,4.7969,-1.1525,-1.1501,-1.1318,1.0000,-0.4266,3.2493,0.9307,0.9312,0.9344,1.0000
516.0729,0.0974,3.9600,-0.0827,0.9816,4.0221,-3.0562,-3.0628,-3.0632,1.0000,-0.2906,4.7857,-1.1498,-1.1475,-1.1484,1.0000,-0.4270,3.2377,0.9312,0.9317,0.9408,1.0000
516.3132,0.0964,3.9493,-0.0827,0.9817,4.0082,-3.0635,-3.0703,-3.0634,1.0000,-0.2941,4.7745,-1.1473,-1.1452,-1.1462,1.0000,-0.4274,3.2260,0.9317,0.9323,0.9228,1.0000
516.5133,0.0957,3.9385,-0.0826,0.9818,3.9949,-3.0711,-3.0764,-3.0634,1.0000,-0.2975,4.7633,-1.1449,-1.1434,-1.1462,1.0000,-0.4278,3.2144,0.9323,0.9328,0.9228,1.0000
516.7521,0.0951,3.9279,-0.0826,0.9818,3.9819,-3.0788,-3.0857,-3.0741,1.0000,-0.3010,4.7520,-1.1427,-1.1407,-1.1421,1.0000,-0.4283,3.2027,0.9330,0.9335,0.9165,1.0000
516.9646,0.0944,3.9172,-0.0826,0.9820,3.9701,-3.0865,-3.0934,-3.0801,1.0000,-0.3046,4.7408,-1.1405,-1.1386,-1.1343,1.0000,-0.4287,3.1911,0.9336,0.9343,0.9415,1.0000
517.1800,0.0935,3.9064,-0.0826,0.9830,3.9599,-3.0941,-3.1008,-3.0920,1.0000,-0.3081,4.7296,-1.1384,-1.1364,-1.1413,1.0000,-0.4292,3.1794,0.9343,0.9351,0.9369,1.0000
517.3828,0.0925,3.8956,-0.0826,0.9854,3.9511,-3.1016,-3.1079,-3.1015,1.0000,-0.3117,4.7184,-1.1362,-1.1342,-1.1452,1.0000,-0.4296,3.1678,0.9352,0.9360,0.9577,1.0000
517.5828,0.0910,3.8741,-0.0826,0.9919,3.9348,-3.1149,-3.1155,-3.0983,1.0000,-0.3189,4.6961,-1.1316,-1.1316,-1.1271,1.0000,-0.4306,3.1444,0.9371,0.9371,0.9369,1.0000
517.7830,0.0904,3.8635,-0.0826,0.9964,3.9279,-3.1205,-3.1238,-3.1020,1.0000,-0.3226,4.6850,-1.1291,-1.1276,-1.1233,1.0000,-0.4311,3.1328,0.9381,0.9386,0.9399,1.0000
517.9848,0.0896,3.8527,-0.0826,1.0036,3.9217,-3.1251,-3.1270,-3.1139,1.0000,-0.3263,4.6739,-1.1265,-1.1251,-1.1325,1.0000,-0.4316,3.1211,0.9390,0.9394,0.9358,1.0000
518.1850,0.0887,3.8420,-0.0826,1.0119,3.9159,-3.1286,-3.1286,-3.1139,1.0000,-0.3300,4.6629,-1.1236,-1.1236,-1.1203,1.0000,-0.4321,3.1094,0.9400,0.9400,0.9534,1.0000
518.4047,0.0887,3.8420,-0.0826,1.0119,3.9159,-3.1286,-3.1308,-3.1180,1.0000,-0.3300,4.6629,-1.1236,-1.1209,-1.1160,1.0000,-0.4321,3.1094,0.9400,0.9410,0.9553,1.0000
518.6365,0.0870,3.8205,-0.0826,1.0199,3.9098,-3.1309,-3.1318,-3.1167,1.0000,-0.3337,4.6518,-1.1206,-1.1178,-1.1288,1.0000,-0.4326,3.0977,0.9411,0.9421,0.9451,1.0000
518.8659,0.0870,3.8205,-0.0826,1.0277,3.9032,-3.1319,-3.1316,-3.1189,1.0000,-0.3375,4.6408,-1.1175,-1.1146,-1.1121,1.0000,-0.4331,3.0860,0.9423,0.9434,0.9652,1.0000
519.0801,0.0863,3.8098,-0.0826,1.0358,3.8965,-3.1315,-3.1301,-3.1325,1.0000,-0.3413,4.6299,-1.1143,-1.1112,-1.1221,1.0000,-0.4337,3.0744,0.9435,0.9446,0.9633,1.0000
519.2892,0.0857,3.7991,-0.0826,1.0448,3.8898,-3.1299,-3.1274,3.1405,1.0000,-0.3451,4.6189,-1.1109,-1.1078,-1.1346,1.0000,-0.4342,3.0627,0.9448,0.9459,0.9464,1.0000
519.5147,0.0839,3.7775,-0.0825,1.0542,3.8825,-3.1271,-3.1235,3.1352,1.0000,-0.3487,4.6082,-1.1075,-1.1044,-1.1124,1.0000,-0.4348,3.0510,0.9461,0.9472,0.9614,1.0000
519.7339,0.0839,3.7775,-0.0825,1.0623,3.8743,-3.1231,-3.1185,-3.1390,1.0000,-0.3523,4.5975,-1.1040,-1.1009,-1.1079,1.0000,-0.4353,3.0393,0.9473,0.9485,0.9619,1.0000
519.9525,0.0830,3.7668,-0.0825,1.0688,3.8657,-3.1179,-3.1124,-3.1389,1.0000,-0.3560,4.5867,-1.1006,-1.0975,-1.1074,1.0000,-0.4359,3.0276,0.9486,0.9497,0.9658,1.0000
520.1527,0.0817,3.7454,-0.0825,1.0822,3.8473,-3.1044,-3.0988,3.1361,1.0000,-0.3633,4.5652,-1.0938,-1.0914,-1.0878,1.0000,-0.4371,3.0042,0.9510,0.9517,0.9488,1.0000
520.3895,0.0810,3.7347,-0.0825,1.0889,3.8373,-3.0962,-3.0882,-3.1186,1.0000,-0.3668,4.5546,-1.0904,-1.0875,-1.0857,1.0000,-0.4376,2.9925,0.9520,0.9528,0.9670,1.0000
520.5922,0.0801,3.7239,-0.0825,1.0943,3.8271,-3.0873,-3.0787,-3.1033,1.0000,-0.3704,4.5439,-1.0872,-1.0844,-1.0795,1.0000,-0.4382,2.9809,0.9529,0.9536,0.9444,1.0000
520.8270,0.0783,3.7024,-0.0826,1.0985,3.8169,-3.0778,-3.0689,-3.0828,1.0000,-0.3741,4.5331,-1.0841,-1.0814,-1.0592,1.0000,-0.4388,2.9693,0.9536,0.9542,0.9679,1.0000
521.0437,0.0777,3.6917,-0.0826,1.1023,3.8066,-3.0680,-3.0591,-3.0724,1.0000,-0.3779,4.5224,-1.0811,-1.0786,-1.0794,1.0000,-0.4394,2.9576,0.9543,0.9549,0.9575,1.0000
521.2501,0.0771,3.6810,-0.0826,1.1063,3.7959,-3.0581,-3.0494,-3.0876,1.0000,-0.3816,4.5115,-1.0783,-1.0759,-1.0608,1.0000,-0.4399,2.9460,0.9550,0.9555,0.9552,1.0000
521.4906,0.0771,3.6810,-0.0826,1.1094,3.7852,-3.0485,-3.0404,-3.0704,1.0000,-0.3853,4.5007,-1.0756,-1.0733,-1.0681,1.0000,-0.4405,2.9344,0.9556,0.9562,0.9586,1.0000
521.6989,0.0754,3.6595,-0.0826,1.1115,3.7748,-3.0395,-3.0323,-3.0654,1.0000,-0.3891,4.4899,-1.0731,-1.0708,-1.0595,1.0000,-0.4411,2.9228,0.9562,0.9567,0.9488,1.0000
521.9007,0.0754,3.6595,-0.0826,1.1130,3.7643,-3.0316,-3.0255,-3.0648,1.0000,-0.3929,4.4791,-1.0706,-1.0684,-1.0639,1.0000,-0.4417,2.9112,0.9567,0.9572,0.9429,1.0000
522.1333,0.0744,3.6487,-0.0826,1.1142,3.7540,-3.0249,-3.0201,-3.0335,1.0000,-0.3967,4.4683,-1.0681,-1.0660,-1.0419,1.0000,-0.4423,2.8996,0.9572,0.9576,0.9426,1.0000
522.3407,0.0737,3.6380,-0.0826,1.1151,3.7437,-3.0197,-3.0162,-3.0151,1.0000,-0.4006,4.4575,-1.0657,-1.0636,-1.0565,1.0000,-0.4429,2.8880,0.9576,0.9579,0.9643,1.0000
522.5448,0.0731,3.6273,-0.0826,1.1156,3.7334,-3.0159,-3.0139,-3.0072,1.0000,-0.4045,4.4467,-1.0633,-1.0612,-1.0556,1.0000,-0.4436,2.8765,0.9580,0.9582,0.9627,1.0000
522.7665,0.0725,3.6166,-0.0826,1.1156,3.7233,-3.0137,-3.0131,-3.0013,1.0000,-0.4083,4.4359,-1.0609,-1.0587,-1.0433,1.0000,-0.4442,2.8649,0.9582,0.9584,0.9578,1.0000
522.9815,0.0716,3.6059,-0.0826,1.1153,3.7132,-3.0131,-3.0139,-3.0101,1.0000,-0.4123,4.4252,-1.0585,-1.0563,-1.0670,1.0000,-0.4448,2.8534,0.9585,0.9587,0.9694,1.0000
523.1966,0.0707,3.5951,-0.0826,1.1146,3.7027,-3.0141,-3.0164,-2.9971,1.0000,-0.4162,4.4144,-1.0561,-1.0539,-1.0736,1.0000,-0.4454,2.8418,0.9587,0.9590,0.9531,1.0000
523.4068,0.0698,3.5844,-0.0826,1.1134,3.6920,-3.0168,-3.0205,-2.9971,1.0000,-0.4202,4.4037,-1.0536,-1.0514,-1.0720,1.0000,-0.4460,2.8302,0.9591,0.9595,0.9475,1.0000
523.6143,0.0686,3.5630,-0.0826,1.1118,3.6811,-3.0210,-3.0259,-3.0046,1.0000,-0.4242,4.3929,-1.0511,-1.0488,-1.0623,1.0000,-0.4467,2.8187,0.9595,0.9600,0.9606,1.0000
523.8287,0.0686,3.5630,-0.0826,1.1097,3.6698,-3.0265,-3.0324,-3.0111,1.0000,-0.4282,4.3822,-1.0485,-1.0460,-1.0494,1.0000,-0.4473,2.8071,0.9601,0.9607,0.9539,1.0000
524.0390,0.0670,3.5415,-0.0826,1.1069,3.6581,-3.0331,-3.0396,-3.0032,1.0000,-0.4322,4.3715,-1.0458,-1.0432,-1.0507,1.0000,-0.4480,2.7955,0.9607,0.9614,0.9557,1.0000
524.2593,0.0670,3.5415,-0.0826,1.1037,3.6460,-3.0403,-3.0471,-3.0273,1.0000,-0.4363,4.3608,-1.0429,-1.0402,-1.0531,1.0000,-0.4490,2.7838,0.9615,0.9622,0.9556,1.0000
524.4714,0.0661,3.5308,-0.0826,1.1000,3.6337,-3.0478,-3.0546,-3.0282,1.0000,-0.4404,4.3502,-1.0399,-1.0372,-1.0424,1.0000,-0.4499,2.7722,0.9622,0.9629,0.9658,1.0000
524.6716,0.0647,3.5093,-0.0826,1.0926,3.6095,-3.0625,-3.0638,-3.0336,1.0000,-0.4486,4.3289,-1.0339,-1.0335,-1.0257,1.0000,-0.4517,2.7491,0.9638,0.9639,0.9651,1.0000
524.9151,0.0641,3.4986,-0.0826,1.0889,3.5974,-3.0691,-3.0745,-3.0476,1.0000,-0.4528,4.3183,-1.0307,-1.0278,-1.0196,1.0000,-0.4535,2.7380,0.9645,0.9651,0.9615,1.0000
525.1190,0.0634,3.4879,-0.0826,1.0851,3.5855,-3.0750,-3.0796,-3.0527,1.0000,-0.4570,4.3077,-1.0275,-1.0245,-1.0141,1.0000,-0.4552,2.7269,0.9652,0.9656,0.9738,1.0000
525.3193,0.0615,3.4664,-0.0826,1.0783,3.5620,-3.0841,-3.0848,-3.0600,1.0000,-0.4655,4.2865,-1.0209,-1.0202,-1.0389,1.0000,-0.4581,2.7045,0.9661,0.9662,0.9588,1.0000
525.5195,0.0608,3.4557,-0.0826,1.0755,3.5505,-3.0870,-3.0883,-3.0724,1.0000,-0.4697,4.2760,-1.0175,-1.0159,-1.0303,1.0000,-0.4600,2.6938,0.9664,0.9665,0.9574,1.0000
525.7592,0.0602,3.4450,-0.0826,1.0729,3.5390,-3.0888,-3.0895,-3.1016,1.0000,-0.4740,4.2654,-1.0142,-1.0112,-0.9998,1.0000,-0.4620,2.6831,0.9666,0.9666,0.9760,1.0000
526.0063,0.0596,3.4343,-0.0826,1.0704,3.5275,-3.0895,-3.0892,-3.0728,1.0000,-0.4784,4.2549,-1.0109,-1.0079,-1.0048,1.0000,-0.4639,2.6723,0.9667,0.9666,0.9651,1.0000
526.2460,0.0596,3.4343,-0.0826,1.0681,3.5160,-3.0892,-3.0880,-3.0872,1.0000,-0.4827,4.2443,-1.0075,-1.0046,-1.0099,1.0000,-0.4656,2.6613,0.9666,0.9664,0.9667,1.0000
526.4847,0.0596,3.4343,-0.0826,1.0640,3.4930,-3.0856,-3.0859,-3.1092,1.0000,-0.4871,4.2338,-1.0043,-1.0014,-1.0216,1.0000,-0.4672,2.6504,0.9664,0.9662,0.9580,1.0000
526.6951,0.0564,3.3913,-0.0826,1.0622,3.4815,-3.0828,-3.0821,-3.0879,1.0000,-0.4959,4.2127,-0.9981,-0.9978,-1.0244,1.0000,-0.4707,2.6289,0.9657,0.9656,0.9419,1.0000
526.8959,0.0558,3.3806,-0.0826,1.0605,3.4700,-3.0794,-3.0768,-3.0537,1.0000,-0.5003,4.2021,-0.9951,-0.9934,-0.9965,1.0000,-0.4724,2.6181,0.9649,0.9644,0.9602,1.0000
527.0968,0.0551,3.3699,-0.0826,1.0589,3.4585,-3.0757,-3.0730,-3.0537,1.0000,-0.5048,4.1915,-0.9922,-0.9905,-0.9965,1.0000,-0.4741,2.6073,0.9640,0.9633,0.9602,1.0000
527.2992,0.0542,3.3591,-0.0826,1.0573,3.4470,-3.0718,-3.0703,-3.0771,1.0000,-0.5092,4.1810,-0.9893,-0.9885,-1.0162,1.0000,-0.4757,2.5965,0.9628,0.9624,0.9460,1.0000
527.4996,0.0533,3.3484,-0.0826,1.0557,3.4355,-3.0680,-3.0669,-3.0771,1.0000,-0.5137,4.1704,-0.9865,-0.9860,-1.0162,1.0000,-0.4773,2.5858,0.9615,0.9612,0.9460,1.0000
527.6998,0.0525,3.3377,-0.0826,1.0541,3.4240,-3.0644,-3.0644,-3.0573,1.0000,-0.5182,4.1599,-0.9838,-0.9838,-0.9870,1.0000,-0.4773,2.5858,0.9615,0.9603,0.9469,1.0000
527.9024,0.0519,3.3270,-0.0826,1.0541,3.4240,-3.0644,-3.0614,-3.0633,1.0000,-0.5182,4.1599,-0.9838,-0.9815,-0.9780,1.0000,-0.4789,2.5751,0.9601,0.9588,0.9454,1.0000
528.1057,0.0513,3.3163,-0.0826,1.0525,3.4126,-3.0611,-3.0586,-3.0456,1.0000,-0.5228,4.1493,-0.9812,-0.9788,-0.9829,1.0000,-0.4805,2.5644,0.9587,0.9572,0.9641,1.0000
528.3057,0.0506,3.3055,-0.0826,1.0490,3.3897,-3.0562,-3.0562,-3.0502,1.0000,-0.5270,4.1386,-0.9785,-0.9761,-0.9890,1.0000,-0.4821,2.5537,0.9571,0.9556,0.9567,1.0000
528.5111,0.0496,3.2948,-0.0826,1.0471,3.3782,-3.0547,-3.0543,-3.0469,1.0000,-0.5349,4.1169,-0.9731,-0.9723,-0.9705,1.0000,-0.4852,2.5323,0.9537,0.9531,0.9757,1.0000
528.7112,0.0487,3.2840,-0.0826,1.0451,3.3668,-3.0539,-3.0538,-3.0469,1.0000,-0.5391,4.1063,-0.9704,-0.9696,-0.9705,1.0000,-0.4867,2.5217,0.9520,0.9515,0.9757,1.0000
528.9122,0.0481,3.2733,-0.0826,1.0431,3.3554,-3.0538,-3.0540,-3.0773,1.0000,-0.5430,4.0954,-0.9677,-0.9666,-0.9691,1.0000,-0.4882,2.5110,0.9504,0.9498,0.9782,1.0000
529.1126,0.0475,3.2626,-0.0826,1.0409,3.3439,-3.0545,-3.0549,-3.0773,1.0000,-0.5467,4.0845,-0.9649,-0.9641,-0.9691,1.0000,-0.4898,2.5003,0.9489,0.9486,0.9782,1.0000
529.3129,0.0469,3.2519,-0.0826,1.0386,3.3325,-3.0560,-3.0574,-3.0619,1.0000,-0.5504,4.0735,-0.9622,-0.9605,-0.9780,1.0000,-0.4913,2.4896,0.9474,0.9466,0.9669,1.0000
529.5181,0.0460,3.2411,-0.0826,1.0361,3.3211,-3.0582,-3.0587,-3.0486,1.0000,-0.5544,4.0626,-0.9593,-0.9590,-0.9621,1.0000,-0.4928,2.4789,0.9461,0.9460,0.9658,1.0000
529.7200,0.0451,3.2304,-0.0826,1.0336,3.3096,-3.0610,-3.0607,-3.0478,1.0000,-0.5544,4.0626,-0.9593,-0.9568,-0.9548,1.0000,-0.4928,2.4789,0.9461,0.9450,0.9627,1.0000
529.9314,0.0443,3.2197,-0.0826,1.0310,3.2982,-3.0643,-3.0658,-3.0573,1.0000,-0.5626,4.0410,-0.9537,-0.9528,-0.9470,1.0000,-0.4959,2.4574,0.9438,0.9435,0.9522,1.0000
530.1322,0.0437,3.2090,-0.0826,1.0284,3.2867,-3.0681,-3.0689,-3.0466,1.0000,-0.5666,4.0302,-0.9508,-0.9506,-0.9573,1.0000,-0.4974,2.4467,0.9429,0.9428,0.9401,1.0000
530.3325,0.0432,3.1983,-0.0825,1.0257,3.2753,-3.0721,-3.0725,-3.0660,1.0000,-0.5707,4.0193,-0.9481,-0.9478,-0.9396,1.0000,-0.4989,2.4359,0.9423,0.9423,0.9319,1.0000
530.5466,0.0425,3.1875,-0.0825,1.0229,3.2639,-3.0761,-3.0785,-3.0493,1.0000,-0.5748,4.0084,-0.9454,-0.9440,-0.9360,1.0000,-0.5005,2.4251,0.9418,0.9416,0.9510,1.0000
530.7842,0.0416,3.1768,-0.0825,1.0202,3.2524,-3.0801,-3.0834,-3.0600,1.0000,-0.5790,3.9976,-0.9427,-0.9403,-0.9407,1.0000,-0.5020,2.4143,0.9415,0.9413,0.9366,1.0000
530.9944,0.0407,3.1660,-0.0825,1.0175,3.2410,-3.0838,-3.0868,-3.0615,1.0000,-0.5832,3.9868,-0.9401,-0.9378,-0.9401,1.0000,-0.5035,2.4034,0.9413,0.9412,0.9484,1.0000
531.2039,0.0400,3.1553,-0.0825,1.0149,3.2295,-3.0871,-3.0898,-3.0850,1.0000,-0.5874,3.9760,-0.9376,-0.9353,-0.9308,1.0000,-0.5051,2.3925,0.9412,0.9411,0.9591,1.0000
531.4109,0.0394,3.1446,-0.0825,1.0123,3.2180,-3.0901,-3.0923,-3.0824,1.0000,-0.5916,3.9652,-0.9350,-0.9328,-0.9308,1.0000,-0.5066,2.3817,0.9411,0.9411,0.9591,1.0000
531.6572,0.0389,3.1339,-0.0825,1.0098,3.2065,-3.0925,-3.0943,-3.0941,1.0000,-0.5955,3.9542,-0.9325,-0.9303,-0.9603,1.0000,-0.5081,2.3708,0.9411,0.9411,0.9456,1.0000
531.8808,0.0372,3.1124,-0.0825,1.0073,3.1950,-3.0945,-3.0957,-3.1023,1.0000,-0.5989,3.9430,-0.9300,-0.9278,-0.9489,1.0000,-0.5096,2.3599,0.9411,0.9411,0.9466,1.0000
532.0887,0.0363,3.1017,-0.0825,1.0027,3.1720,-3.0967,-3.0967,-3.1091,1.0000,-0.6065,3.9209,-0.9250,-0.9247,-0.9205,1.0000,-0.5127,2.3382,0.9412,0.9412,0.9322,1.0000
532.2945,0.0357,3.0910,-0.0825,1.0005,3.1605,-3.0969,-3.0968,-3.1118,1.0000,-0.6097,3.9096,-0.9225,-0.9217,-0.9214,1.0000,-0.5142,2.3273,0.9412,0.9412,0.9400,1.0000
532.4978,0.0352,3.0803,-0.0825,0.9984,3.1490,-3.0965,-3.0960,-3.0927,1.0000,-0.6115,3.8975,-0.9199,-0.9186,-0.9443,1.0000,-0.5157,2.3164,0.9413,0.9413,0.9430,1.0000
532.7259,0.0346,3.0696,-0.0825,0.9964,3.1375,-3.0956,-3.0944,-3.0914,1.0000,-0.6128,3.8851,-0.9173,-0.9150,-0.9368,1.0000,-0.5172,2.3055,0.9412,0.9412,0.9420,1.0000
532.9294,0.0337,3.0588,-0.0825,0.9944,3.1259,-3.0943,-3.0928,-3.0959,1.0000,-0.6140,3.8726,-0.9147,-0.9124,-0.9272,1.0000,-0.5187,2.2946,0.9411,0.9410,0.9497,1.0000
533.1374,0.0328,3.0481,-0.0825,0.9925,3.1144,-3.0926,-3.0909,-3.1051,1.0000,-0.6149,3.8600,-0.9122,-0.9100,-0.9174,1.0000,-0.5202,2.2838,0.9410,0.9407,0.9443,1.0000
533.3797,0.0320,3.0374,-0.0825,0.9907,3.1029,-3.0907,-3.0889,-3.1085,1.0000,-0.6152,3.8471,-0.9097,-0.9077,-0.9367,1.0000,-0.5217,2.2729,0.9407,0.9404,0.9580,1.0000
533.5806,0.0310,3.0160,-0.0825,0.9870,3.0799,-3.0869,-3.0863,-3.1029,1.0000,-0.6114,3.8186,-0.9055,-0.9049,-0.9319,1.0000,-0.5246,2.2513,0.9398,0.9396,0.9435,1.0000
533.8280,0.0303,3.0052,-0.0825,0.9851,3.0683,-3.0854,-3.0843,-3.0887,1.0000,-0.6093,3.8043,-0.9037,-0.9024,-0.9242,1.0000,-0.5261,2.2405,0.9391,0.9383,0.9327,1.0000
534.0281,0.0285,2.9838,-0.0825,0.9813,3.0453,-3.0834,-3.0834,-3.0737,1.0000,-0.6058,3.7760,-0.9012,-0.9013,-0.8927,1.0000,-0.5275,2.2297,0.9382,0.9372,0.9232,1.0000
534.2360,0.0278,2.9731,-0.0825,0.9792,3.0338,-3.0830,-3.0829,-3.0598,1.0000,-0.6030,3.7613,-0.9006,-0.9004,-0.9060,1.0000,-0.5303,2.2082,0.9359,0.9350,0.9491,1.0000
534.4856,0.0273,2.9624,-0.0825,0.9772,3.0223,-3.0829,-3.0832,-3.0757,1.0000,-0.6000,3.7464,-0.9003,-0.9005,-0.9086,1.0000,-0.5317,2.1974,0.9346,0.9335,0.9505,1.0000
534.7062,0.0268,2.9516,-0.0825,0.9750,3.0108,-3.0832,-3.0838,-3.0733,1.0000,-0.5975,3.7317,-0.9005,-0.9009,-0.8860,1.0000,-0.5331,2.1867,0.9333,0.9321,0.9198,1.0000
534.9212,0.0251,2.9302,-0.0825,0.9729,2.9993,-3.0839,-3.0848,-3.0882,1.0000,-0.5955,3.7172,-0.9010,-0.9017,-0.8858,1.0000,-0.5345,2.1760,0.9320,0.9308,0.9329,1.0000
535.1217,0.0243,2.9195,-0.0825,0.9683,2.9763,-3.0862,-3.0865,-3.0956,1.0000,-0.5916,3.6884,-0.9028,-0.9029,-0.9006,1.0000,-0.5373,2.1545,0.9294,0.9293,0.9166,1.0000
535.3364,0.0237,2.9088,-0.0825,0.9683,2.9763,-3.0862,-3.0877,-3.1008,1.0000,-0.5916,3.6884,-0.9028,-0.9039,-0.9016,1.0000,-0.5373,2.1545,0.9294,0.9283,0.9276,1.0000
535.5380,0.0226,2.8873,-0.0825,0.9612,2.9418,-3.0919,-3.0927,-3.0845,1.0000,-0.5854,3.6448,-0.9069,-0.9073,-0.8894,1.0000,-0.5414,2.1223,0.9262,0.9259,0.9135,1.0000
535.7381,0.0208,2.8658,-0.0825,0.9564,2.9188,-3.0963,-3.0968,-3.0922,1.0000,-0.5818,3.6161,-0.9093,-0.9095,-0.8934,1.0000,-0.5442,2.1007,0.9247,0.9247,0.9160,1.0000
535.9392,0.0201,2.8551,-0.0825,0.9539,2.9072,-3.0986,-3.1000,-3.0981,1.0000,-0.5799,3.6017,-0.9102,-0.9106,-0.9128,1.0000,-0.5456,2.0899,0.9243,0.9241,0.9329,1.0000
536.1699,0.0196,2.8444,-0.0825,0.9515,2.8957,-3.1009,-3.1029,-3.1039,1.0000,-0.5780,3.5873,-0.9109,-0.9113,-0.9042,1.0000,-0.5470,2.0791,0.9240,0.9238,0.9282,1.0000
536.3727,0.0191,2.8337,-0.0825,0.9492,2.8843,-3.1031,-3.1050,-3.1085,1.0000,-0.5763,3.5730,-0.9114,-0.9114,-0.8921,1.0000,-0.5484,2.0682,0.9238,0.9238,0.9231,1.0000
536.5914,0.0191,2.8337,-0.0825,0.9492,2.8843,-3.1031,-3.1050,-3.1085,1.0000,-0.5763,3.5730,-0.9114,-0.9114,-0.8921,1.0000,-0.5484,2.0682,0.9238,0.9238,0.9231,1.0000
536.8314,0.0184,2.8230,-0.0825,0.9473,2.8730,-3.1052,-3.1070,-3.1124,1.0000,-0.5745,3.5587,-0.9114,-0.9112,-0.9140,1.0000,-0.5498,2.0573,0.9238,0.9238,0.9133,1.0000
537.0735,0.0175,2.8123,-0.0825,0.9454,2.8617,-3.1072,-3.1090,-3.1142,1.0000,-0.5728,3.5445,-0.9111,-0.9105,-0.9300,1.0000,-0.5512,2.0465,0.9239,0.9240,0.9129,1.0000
537.2810,0.0167,2.8015,-0.0825,0.9437,2.8509,-3.1092,-3.1110,-3.1207,1.0000,-0.5711,3.5303,-0.9105,-0.9096,-0.8983,1.0000,-0.5526,2.0356,0.9240,0.9241,0.9167,1.0000
537.5108,0.0161,2.7908,-0.0825,0.9423,2.8404,-3.1112,-3.1128,-3.1073,1.0000,-0.5694,3.5161,-0.9095,-0.9084,-0.9105,1.0000,-0.5540,2.0247,0.9241,0.9242,0.9186,1.0000
537.7126,0.0151,2.7694,-0.0825,0.9414,2.8301,-3.1130,-3.1145,-3.1084,1.0000,-0.5677,3.5020,-0.9082,-0.9070,-0.9092,1.0000,-0.5554,2.0138,0.9242,0.9242,0.9235,1.0000
537.9128,0.0143,2.7587,-0.0825,0.9421,2.8112,-3.1158,-3.1157,-3.1026,1.0000,-0.5661,3.4879,-0.9068,-0.9054,-0.9146,1.0000,-0.5568,2.0029,0.9242,0.9242,0.9112,1.0000
538.1148,0.0134,2.7480,-0.0825,0.9421,2.8112,-3.1158,-3.1165,-3.1101,1.0000,-0.5644,3.4738,-0.9052,-0.9038,-0.9098,1.0000,-0.5582,1.9920,0.9242,0.9242,0.9133,1.0000
538.3246,0.0127,2.7372,-0.0825,0.9438,2.8024,-3.1165,-3.1167,-3.1125,1.0000,-0.5628,3.4597,-0.9036,-0.9022,-0.9069,1.0000,-0.5596,1.9811,0.9242,0.9241,0.9329,1.0000
538.5341,0.0122,2.7265,-0.0825,0.9460,2.7938,-3.1167,-3.1162,-3.1206,1.0000,-0.5612,3.4456,-0.9021,-0.9008,-0.9163,1.0000,-0.5609,1.9703,0.9241,0.9239,0.9339,1.0000
538.7521,0.0117,2.7158,-0.0825,0.9484,2.7853,-3.1162,-3.1153,-3.1333,1.0000,-0.5595,3.4315,-0.9006,-0.8994,-0.9038,1.0000,-0.5623,1.9594,0.9239,0.9236,0.9329,1.0000
538.9669,0.0111,2.7051,-0.0825,0.9513,2.7769,-3.1151,-3.1137,-3.1149,1.0000,-0.5579,3.4174,-0.8993,-0.8982,-0.8974,1.0000,-0.5637,1.9485,0.9236,0.9232,0.9378,1.0000
539.2085,0.0111,2.7051,-0.0825,0.9551,2.7686,-3.1135,-3.1116,-3.1098,1.0000,-0.5563,3.4033,-0.8981,-0.8971,-0.9130,1.0000,-0.5650,1.9377,0.9231,0.9226,0.9337,1.0000
539.4437,0.0102,2.6944,-0.0825,0.9595,2.7601,-3.1114,-3.1091,-3.1053,1.0000,-0.5546,3.3892,-0.8970,-0.8962,-0.9188,1.0000,-0.5663,1.9269,0.9225,0.9217,0.9265,1.0000
539.6658,0.0087,2.6730,-0.0825,0.9636,2.7514,-3.1088,-3.1061,-3.0992,1.0000,-0.5530,3.3750,-0.8961,-0.8956,-0.8969,1.0000,-0.5676,1.9161,0.9216,0.9207,0.9196,1.0000
539.8704,0.0087,2.6730,-0.0825,0.9670,2.7426,-3.1058,-3.1028,-3.1014,1.0000,-0.5514,3.3612,-0.8956,-0.8953,-0.8875,1.0000,-0.5689,1.9053,0.9206,0.9197,0.9219,1.0000
540.0911,0.0087,2.6730,-0.0825,0.9704,2.7337,-3.1024,-3.0991,-3.0948,1.0000,-0.5500,3.3479,-0.8953,-0.8953,-0.8785,1.0000,-0.5702,1.8946,0.9196,0.9186,0.9244,1.0000
540.3223,0.0087,2.6730,-0.0825,0.9741,2.7247,-3.0988,-3.0953,-3.1045,1.0000,-0.5485,3.3343,-0.8953,-0.8956,-0.8961,1.0000,-0.5715,1.8838,0.9184,0.9175,0.9155,1.0000
540.5424,0.0087,2.6730,-0.0825,0.9781,2.7156,-3.0949,-3.0913,-3.0874,1.0000,-0.5469,3.3205,-0.8956,-0.8962,-0.9001,1.0000,-0.5728,1.8731,0.9174,0.9164,0.9100,1.0000
540.7608,0.0087,2.6730,-0.0825,0.9819,2.7064,-3.0909,-3.0872,-3.0848,1.0000,-0.5455,3.3074,-0.8963,-0.8971,-0.8815,1.0000,-0.5741,1.8623,0.9163,0.9155,0.9080,1.0000
540.9623,0.0049,2.6087,-0.0825,0.9886,2.6883,-3.0828,-3.0812,-3.0842,1.0000,-0.5434,3.2840,-0.8983,-0.8986,-0.8963,1.0000,-0.5767,1.8408,0.9146,0.9144,0.9130,1.0000
541.1807,0.0045,2.5980,-0.0825,0.9920,2.6792,-3.0789,-3.0756,-3.0836,1.0000,-0.5424,3.2728,-0.8995,-0.9006,-0.8976,1.0000,-0.5780,1.8300,0.9138,0.9132,0.9143,1.0000
541.4112,0.0039,2.5873,-0.0825,0.9955,2.6700,-3.0753,-3.0722,-3.0727,1.0000,-0.5415,3.2621,-0.9007,-0.9020,-0.8973,1.0000,-0.5793,1.8192,0.9131,0.9124,0.9132,1.0000
541.6242,0.0031,2.5766,-0.0825,0.9989,2.6608,-3.0719,-3.0692,-3.0706,1.0000,-0.5409,3.2523,-0.9021,-0.9034,-0.9024,1.0000,-0.5806,1.8084,0.9123,0.9116,0.9264,1.0000
541.8402,0.0016,2.5551,-0.0825,1.0021,2.6517,-3.0689,-3.0665,-3.0800,1.0000,-0.5407,3.2435,-0.9036,-0.9050,-0.9058,1.0000,-0.5818,1.7976,0.9115,0.9109,0.9096,1.0000
542.0481,0.0011,2.5444,-0.0825,1.0077,2.6329,-3.0640,-3.0636,-3.0898,1.0000,-0.5408,3.2279,-0.9070,-0.9071,-0.9034,1.0000,-0.5844,1.7760,0.9101,0.9101,0.9090,1.0000
542.2489,0.0007,2.5337,-0.0825,1.0105,2.6235,-3.0622,-3.0612,-3.0732,1.0000,-0.5410,3.2204,-0.9089,-0.9101,-0.9113,1.0000,-0.5857,1.7652,0.9095,0.9092,0.9097,1.0000
542.4491,0.0001,2.5230,-0.0825,1.0133,2.6141,-3.0607,-3.0597,-3.0573,1.0000,-0.5412,3.2128,-0.9109,-0.9128,-0.9160,1.0000,-0.5869,1.7544,0.9091,0.9089,0.9298,1.0000
542.6495,-0.0008,2.5123,-0.0825,1.0158,2.6046,-3.0596,-3.0596,-3.0573,1.0000,-0.5416,3.2055,-0.9130,-0.9133,-0.9160,1.0000,-0.5882,1.7436,0.9088,0.9088,0.9298,1.0000
542.8742,-0.0008,2.5123,-0.0825,1.0158,2.6046,-3.0596,-3.0590,-3.0523,1.0000,-0.5416,3.2055,-0.9130,-0.9151,-0.9183,1.0000,-0.5882,1.7436,0.9088,0.9087,0.9179,1.0000
543.0957,-0.0016,2.5016,-0.0825,1.0180,2.5949,-3.0590,-3.0588,-3.0577,1.0000,-0.5422,3.1984,-0.9153,-0.9175,-0.9179,1.0000,-0.5895,1.7327,0.9087,0.9087,0.9001,1.0000
543.3118,-0.0022,2.4909,-0.0825,1.0198,2.5849,-3.0588,-3.0589,-3.0403,1.0000,-0.5427,3.1913,-0.9177,-0.9200,-0.9114,1.0000,-0.5908,1.7218,0.9087,0.9088,0.9003,1.0000
543.5181,-0.0026,2.4802,-0.0825,1.0217,2.5751,-3.0589,-3.0594,-3.0518,1.0000,-0.5431,3.1840,-0.9202,-0.9226,-0.9190,1.0000,-0.5921,1.7110,0.9088,0.9089,0.9148,1.0000
543.7367,-0.0038,2.4587,-0.0825,1.0255,2.5555,-3.0603,-3.0602,-3.0579,1.0000,-0.5435,3.1763,-0.9229,-0.9253,-0.9269,1.0000,-0.5934,1.7001,0.9089,0.9089,0.9215,1.0000
543.9374,-0.0046,2.4480,-0.0825,1.0255,2.5555,-3.0603,-3.0613,-3.0353,1.0000,-0.5438,3.1687,-0.9256,-0.9281,-0.9324,1.0000,-0.5947,1.6892,0.9089,0.9088,0.9216,1.0000
544.1375,-0.0054,2.4373,-0.0825,1.0280,2.5353,-3.0627,-3.0626,-3.0548,1.0000,-0.5442,3.1610,-0.9284,-0.9309,-0.9363,1.0000,-0.5959,1.6783,0.9087,0.9085,0.9141,1.0000
544.3517,-0.0059,2.4266,-0.0825,1.0280,2.5353,-3.0627,-3.0640,-3.0745,1.0000,-0.5446,3.1534,-0.9312,-0.9337,-0.9224,1.0000,-0.5972,1.6675,0.9085,0.9082,0.9037,1.0000
544.5525,-0.0063,2.4159,-0.0825,1.0304,2.5145,-3.0657,-3.0657,-3.0651,1.0000,-0.5451,3.1379,-0.9369,-0.9369,-0.9288,1.0000,-0.5997,1.6458,0.9078,0.9078,0.9046,1.0000
544.7550,-0.0068,2.4052,-0.0825,1.0316,2.5042,-3.0673,-3.0679,-3.0826,1.0000,-0.5454,3.1301,-0.9397,-0.9406,-0.9509,1.0000,-0.6009,1.6350,0.9074,0.9073,0.9143,1.0000
544.9570,-0.0076,2.3945,-0.0825,1.0326,2.4939,-3.0688,-3.0697,-3.0787,1.0000,-0.5457,3.1223,-0.9425,-0.9439,-0.9406,1.0000,-0.6022,1.6241,0.9070,0.9068,0.9175,1.0000
545.1587,-0.0085,2.3837,-0.0825,1.0335,2.4832,-3.0702,-3.0714,-3.0961,1.0000,-0.5460,3.1145,-0.9453,-0.9478,-0.9415,1.0000,-0.6034,1.6133,0.9066,0.9062,0.9064,1.0000
545.3868,-0.0091,2.3730,-0.0825,1.0342,2.4722,-3.0715,-3.0726,-3.0683,1.0000,-0.5462,3.1067,-0.9481,-0.9505,-0.9354,1.0000,-0.6047,1.6024,0.9062,0.9059,0.9184,1.0000
545.5925,-0.0099,2.3517,-0.0825,1.0351,2.4612,-3.0727,-3.0735,-3.0636,1.0000,-0.5465,3.0988,-0.9507,-0.9530,-0.9403,1.0000,-0.6059,1.5916,0.9059,0.9056,0.9362,1.0000
545.8128,-0.0106,2.3409,-0.0825,1.0368,2.4386,-3.0740,-3.0740,-3.0787,1.0000,-0.5467,3.0910,-0.9533,-0.9554,-0.9470,1.0000,-0.6072,1.5807,0.9056,0.9052,0.9359,1.0000
546.0138,-0.0114,2.3302,-0.0825,1.0373,2.4268,-3.0741,-3.0741,-3.0707,1.0000,-0.5471,3.0753,-0.9580,-0.9582,-0.9422,1.0000,-0.6096,1.5591,0.9048,0.9048,0.9387,1.0000
546.2175,-0.0122,2.3195,-0.0825,1.0378,2.4149,-3.0739,-3.0737,-3.0572,1.0000,-0.5474,3.0674,-0.9601,-0.9612,-0.9480,1.0000,-0.6109,1.5482,0.9044,0.9042,0.9241,1.0000
546.4601,-0.0127,2.3088,-0.0825,1.0382,2.4026,-3.0734,-3.0728,-3.0687,1.0000,-0.5476,3.0596,-0.9622,-0.9640,-0.9467,1.0000,-0.6121,1.5374,0.9040,0.9035,0.9128,1.0000
546.6785,-0.0131,2.2981,-0.0825,1.0384,2.3899,-3.0727,-3.0718,-3.0583,1.0000,-0.5478,3.0517,-0.9642,-0.9660,-0.9415,1.0000,-0.6133,1.5266,0.9035,0.9030,0.9011,1.0000
546.8845,-0.0136,2.2874,-0.0825,1.0384,2.3769,-3.0717,-3.0706,-3.0796,1.0000,-0.5480,3.0438,-0.9662,-0.9679,-0.9493,1.0000,-0.6145,1.5157,0.9030,0.9025,0.9002,1.0000
547.1079,-0.0143,2.2767,-0.0825,1.0381,2.3637,-3.0705,-3.0693,-3.0700,1.0000,-0.5482,3.0360,-0.9681,-0.9697,-0.9441,1.0000,-0.6157,1.5049,0.9025,0.9020,0.8995,1.0000
547.3152,-0.0158,2.2553,-0.0825,1.0364,2.3370,-3.0680,-3.0672,-3.0548,1.0000,-0.5485,3.0202,-0.9717,-0.9730,-0.9534,1.0000,-0.6181,1.4833,0.9014,0.9010,0.9130,1.0000
547.5155,-0.0162,2.2446,-0.0825,1.0351,2.3233,-3.0671,-3.0666,-3.0652,1.0000,-0.5487,3.0123,-0.9736,-0.9748,-0.9676,1.0000,-0.6193,1.4725,0.9009,0.9005,0.9061,1.0000
547.7195,-0.0166,2.2339,-0.0825,1.0335,2.3095,-3.0665,-3.0665,-3.0652,1.0000,-0.5488,3.0045,-0.9754,-0.9763,-0.9676,1.0000,-0.6205,1.4617,0.9003,0.9000,0.9061,1.0000
547.9238,-0.0171,2.2232,-0.0825,1.0319,2.2959,-3.0666,-3.0669,-3.0442,1.0000,-0.5490,2.9966,-0.9772,-0.9781,-0.9728,1.0000,-0.6217,1.4508,0.8997,0.8994,0.9021,1.0000
548.1276,-0.0179,2.2125,-0.0825,1.0302,2.2824,-3.0672,-3.0683,-3.0622,1.0000,-0.5491,2.9886,-0.9790,-0.9802,-0.9681,1.0000,-0.6229,1.4400,0.8991,0.8987,0.9057,1.0000
548.3278,-0.0187,2.2017,-0.0825,1.0279,2.2690,-3.0686,-3.0700,-3.0778,1.0000,-0.5492,2.9807,-0.9808,-0.9819,-0.9838,1.0000,-0.6241,1.4292,0.8985,0.8981,0.8991,1.0000
548.5281,-0.0193,2.1911,-0.0825,1.0253,2.2557,-3.0708,-3.0713,-3.0618,1.0000,-0.5493,2.9728,-0.9826,-0.9830,-0.9838,1.0000,-0.6253,1.4184,0.8979,0.8977,0.8991,1.0000
548.7424,-0.0193,2.1911,-0.0825,1.0253,2.2557,-3.0708,-3.0734,-3.0618,1.0000,-0.5493,2.9728,-0.9826,-0.9843,-1.0057,1.0000,-0.6253,1.4184,0.8979,0.8973,0.8920,1.0000
548.9431,-0.0200,2.1697,-0.0824,1.0209,2.2294,-3.0772,-3.0769,-3.0731,1.0000,-0.5494,2.9648,-0.9845,-0.9862,-0.9891,1.0000,-0.6265,1.4076,0.8972,0.8967,0.8982,1.0000
549.1475,-0.0206,2.1590,-0.0824,1.0187,2.2164,-3.0814,-3.0810,-3.0808,1.0000,-0.5495,2.9569,-0.9863,-0.9880,-0.9768,1.0000,-0.6276,1.3968,0.8966,0.8961,0.8917,1.0000
549.3488,-0.0215,2.1482,-0.0824,1.0161,2.2034,-3.0861,-3.0861,-3.0908,1.0000,-0.5495,2.9489,-0.9882,-0.9900,-0.9661,1.0000,-0.6288,1.3860,0.8960,0.8956,0.8987,1.0000
549.5495,-0.0222,2.1375,-0.0824,1.0135,2.1904,-3.0910,-3.0910,-3.0794,1.0000,-0.5496,2.9329,-0.9922,-0.9922,-0.9904,1.0000,-0.6300,1.3752,0.8955,0.8950,0.9012,1.0000
549.7580,-0.0226,2.1268,-0.0824,1.0110,2.1773,-3.0962,-3.0957,-3.0708,1.0000,-0.5496,2.9329,-0.9922,-0.9940,-0.9974,1.0000,-0.6312,1.3643,0.8950,0.8945,0.9031,1.0000
549.9644,-0.0229,2.1161,-0.0824,1.0110,2.1773,-3.0962,-3.1009,-3.0716,1.0000,-0.5496,2.9249,-0.9942,-0.9960,-1.0099,1.0000,-0.6323,1.3535,0.8945,0.8941,0.8980,1.0000
550.1775,-0.0229,2.1161,-0.0824,1.0087,2.1642,-3.1015,-3.1061,-3.0775,1.0000,-0.5496,2.9169,-0.9962,-0.9982,-0.9950,1.0000,-0.6335,1.3427,0.8940,0.8936,0.9030,1.0000
550.3874,-0.0234,2.1054,-0.0824,1.0064,2.1511,-3.1066,-3.1111,-3.0990,1.0000,-0.5496,2.9089,-0.9984,-1.0003,-1.0189,1.0000,-0.6346,1.3319,0.8936,0.8932,0.8869,1.0000
550.6220,-0.0241,2.0947,-0.0824,1.0041,2.1381,-3.1115,-3.1157,-3.1118,1.0000,-0.5496,2.9008,-1.0006,-1.0026,-0.9871,1.0000,-0.6350,1.3210,0.8932,0.8928,0.8962,1.0000
550.8377,-0.0249,2.0840,-0.0824,1.0018,2.1250,-3.1162,-3.1200,-3.1079,1.0000,-0.5496,2.8928,-1.0028,-1.0049,-0.9811,1.0000,-0.6352,1.3101,0.8928,0.8924,0.8997,1.0000
551.0861,-0.0255,2.0733,-0.0824,0.9995,2.1119,-3.1204,-3.1238,-3.1135,1.0000,-0.5496,2.8847,-1.0051,-1.0072,-0.9975,1.0000,-0.6357,1.2992,0.8924,0.8921,0.8998,1.0000
551.3100,-0.0259,2.0627,-0.0824,0.9974,2.0988,-3.1241,-3.1270,-3.1246,1.0000,-0.5495,2.8766,-1.0075,-1.0096,-1.0117,1.0000,-0.6362,1.2884,0.8921,0.8919,0.8892,1.0000
551.5131,-0.0262,2.0520,-0.0824,0.9954,2.0857,-3.1273,-3.1297,-3.1248,1.0000,-0.5494,2.8685,-1.0098,-1.0119,-0.9873,1.0000,-0.6362,1.2773,0.8919,0.8918,0.9003,1.0000
551.7267,-0.0268,2.0412,-0.0824,0.9934,2.0725,-3.1300,-3.1319,3.1385,1.0000,-0.5494,2.8604,-1.0121,-1.0142,-0.9972,1.0000,-0.6358,1.2662,0.8918,0.8918,0.8944,1.0000
551.9497,-0.0276,2.0305,-0.0824,0.9915,2.0594,-3.1321,-3.1336,3.1291,1.0000,-0.5493,2.8523,-1.0144,-1.0164,-1.0030,1.0000,-0.6356,1.2551,0.8918,0.8919,0.8893,1.0000
552.1776,-0.0283,2.0198,-0.0824,0.9897,2.0462,-3.1338,-3.1350,-3.1268,1.0000,-0.5492,2.8442,-1.0167,-1.0187,-1.0261,1.0000,-0.6356,1.2441,0.8919,0.8922,0.8724,1.0000
552.3935,-0.0288,2.0091,-0.0824,0.9879,2.0330,-3.1351,-3.1359,-3.1269,1.0000,-0.5491,2.8360,-1.0189,-1.0209,-1.0321,1.0000,-0.6358,1.2330,0.8922,0.8927,0.8846,1.0000
552.6154,-0.0291,1.9984,-0.0824,0.9862,2.0199,-3.1360,-3.1366,3.1377,1.0000,-0.5490,2.8279,-1.0211,-1.0230,-1.0229,1.0000,-0.6358,1.2217,0.8927,0.8933,0.8974,1.0000
552.8273,-0.0301,1.9770,-0.0824,0.9845,2.0067,-3.1367,-3.1371,-3.1252,1.0000,-0.5489,2.8198,-1.0232,-1.0250,-1.0208,1.0000,-0.6358,1.2104,0.8933,0.8940,0.9082,1.0000
553.0569,-0.0309,1.9663,-0.0824,0.9828,1.9935,-3.1372,-3.1375,-3.1174,1.0000,-0.5488,2.8117,-1.0252,-1.0270,-1.0239,1.0000,-0.6358,1.1992,0.8941,0.8949,0.9053,1.0000
553.2823,-0.0316,1.9556,-0.0824,0.9812,1.9803,-3.1376,-3.1379,-3.1207,1.0000,-0.5487,2.8035,-1.0272,-1.0289,-1.0414,1.0000,-0.6358,1.1879,0.8950,0.8959,0.9186,1.0000
553.4905,-0.0316,1.9556,-0.0824,0.9779,1.9539,-3.1384,-3.1383,-3.1310,1.0000,-0.5485,2.7954,-1.0291,-1.0309,-1.0314,1.0000,-0.6359,1.1767,0.8960,0.8970,0.8920,1.0000
553.6911,-0.0323,1.9343,-0.0824,0.9763,1.9407,-3.1390,-3.1391,-3.1381,1.0000,-0.5483,2.7791,-1.0330,-1.0334,-1.0375,1.0000,-0.6361,1.1541,0.8983,0.8984,0.8838,1.0000
553.8916,-0.0327,1.9235,-0.0824,0.9746,1.9275,-3.1398,-3.1398,3.1353,1.0000,-0.5481,2.7710,-1.0348,-1.0347,-1.0354,1.0000,-0.6361,1.1541,0.8983,0.8993,0.8850,1.0000
554.1013,-0.0334,1.9128,-0.0824,0.9729,1.9143,-3.1409,-3.1408,-3.1205,1.0000,-0.5481,2.7710,-1.0348,-1.0365,-1.0426,1.0000,-0.6362,1.1428,0.8995,0.9006,0.8904,1.0000
554.3037,-0.0342,1.9021,-0.0824,0.9711,1.9011,3.1409,3.1399,-3.1214,1.0000,-0.5478,2.7547,-1.0385,-1.0394,-1.0477,1.0000,-0.6365,1.1202,0.9020,0.9027,0.8952,1.0000
554.5501,-0.0347,1.8915,-0.0824,0.9692,1.8879,3.1391,3.1372,-3.1366,1.0000,-0.5476,2.7465,-1.0404,-1.0420,-1.0505,1.0000,-0.6366,1.1089,0.9034,0.9046,0.9168,1.0000
554.7740,-0.0350,1.8808,-0.0824,0.9674,1.8747,3.1370,3.1348,-3.1355,1.0000,-0.5474,2.7383,-1.0422,-1.0439,-1.0492,1.0000,-0.6368,1.0976,0.9047,0.9060,0.8907,1.0000
555.0208,-0.0358,1.8594,-0.0824,0.9654,1.8615,3.1345,3.1320,3.1386,1.0000,-0.5472,2.7301,-1.0441,-1.0457,-1.0364,1.0000,-0.6370,1.0863,0.9061,0.9074,0.9181,1.0000
555.2221,-0.0366,1.8487,-0.0824,0.9614,1.8350,3.1286,3.1289,3.1292,1.0000,-0.5470,2.7219,-1.0459,-1.0475,-1.0385,1.0000,-0.6371,1.0750,0.9075,0.9087,0.9094,1.0000
555.4316,-0.0372,1.8380,-0.0824,0.9614,1.8350,3.1286,3.1256,3.1171,1.0000,-0.5468,2.7137,-1.0477,-1.0493,-1.0439,1.0000,-0.6373,1.0637,0.9088,0.9099,0.9233,1.0000
555.6401,-0.0376,1.8273,-0.0824,0.9572,1.8086,3.1216,3.1209,3.1124,1.0000,-0.5464,2.6973,-1.0513,-1.0515,-1.0433,1.0000,-0.6377,1.0411,0.9111,0.9112,0.8979,1.0000
555.8477,-0.0379,1.8167,-0.0824,0.9550,1.7954,3.1179,3.1144,3.1197,1.0000,-0.5461,2.6891,-1.0530,-1.0546,-1.0513,1.0000,-0.6379,1.0298,0.9121,0.9128,0.9126,1.0000
556.0820,-0.0382,1.8060,-0.0824,0.9528,1.7822,3.1140,3.1105,3.1084,1.0000,-0.5459,2.6809,-1.0548,-1.0563,-1.0620,1.0000,-0.6380,1.0186,0.9129,0.9135,0.9121,1.0000
556.2945,-0.0388,1.7953,-0.0824,0.9506,1.7690,3.1101,3.1065,3.1084,1.0000,-0.5457,2.6727,-1.0565,-1.0581,-1.0620,1.0000,-0.6382,1.0074,0.9136,0.9140,0.9121,1.0000
556.5342,-0.0396,1.7846,-0.0824,0.9483,1.7557,3.1061,3.1025,3.1130,1.0000,-0.5454,2.6645,-1.0583,-1.0599,-1.0724,1.0000,-0.6384,0.9962,0.9141,0.9144,0.9137,1.0000
556.7377,-0.0404,1.7632,-0.0824,0.9438,1.7293,3.0983,3.0987,3.0996,1.0000,-0.5451,2.6562,-1.0601,-1.0617,-1.0607,1.0000,-0.6386,0.9850,0.9144,0.9146,0.9133,1.0000
556.9572,-0.0404,1.7632,-0.0824,0.9438,1.7293,3.0983,3.0950,3.0946,1.0000,-0.5448,2.6480,-1.0619,-1.0636,-1.0498,1.0000,-0.6388,0.9738,0.9146,0.9147,0.9130,1.0000
557.1642,-0.0411,1.7418,-0.0824,0.9393,1.7028,3.0912,3.0899,3.0926,1.0000,-0.5443,2.6314,-1.0656,-1.0661,-1.0707,1.0000,-0.6392,0.9516,0.9147,0.9147,0.9232,1.0000
557.3795,-0.0418,1.7311,-0.0824,0.9393,1.7028,3.0912,3.0883,3.1009,1.0000,-0.5443,2.6314,-1.0656,-1.0672,-1.0709,1.0000,-0.6392,0.9516,0.9147,0.9147,0.9105,1.0000
557.6224,-0.0425,1.7205,-0.0824,0.9349,1.6763,3.0849,3.0824,3.0768,1.0000,-0.5436,2.6149,-1.0693,-1.0710,-1.0669,1.0000,-0.6395,0.9293,0.9147,0.9147,0.9123,1.0000
557.8601,-0.0429,1.7098,-0.0823,0.9327,1.6630,3.0821,3.0797,3.0713,1.0000,-0.5433,2.6066,-1.0712,-1.0729,-1.0666,1.0000,-0.6398,0.9182,0.9147,0.9148,0.9191,1.0000
558.0853,-0.0434,1.6885,-0.0823,0.9305,1.6497,3.0795,3.0773,3.0753,1.0000,-0.5430,2.5983,-1.0731,-1.0749,-1.0700,1.0000,-0.6400,0.9070,0.9148,0.9149,0.9286,1.0000
558.2927,-0.0439,1.6777,-0.0823,0.9262,1.6232,3.0749,3.0740,3.0634,1.0000,-0.5423,2.5816,-1.0770,-1.0775,-1.0730,1.0000,-0.6404,0.8848,0.9151,0.9151,0.9224,1.0000
558.4929,-0.0446,1.6670,-0.0823,0.9240,1.6099,3.0728,3.0710,3.0772,1.0000,-0.5419,2.5733,-1.0789,-1.0806,-1.0723,1.0000,-0.6407,0.8736,0.9152,0.9154,0.9122,1.0000
558.7307,-0.0452,1.6564,-0.0823,0.9219,1.5966,3.0708,3.0691,3.0611,1.0000,-0.5416,2.5650,-1.0808,-1.0826,-1.0779,1.0000,-0.6409,0.8625,0.9154,0.9156,0.9363,1.0000
558.9528,-0.0456,1.6457,-0.0823,0.9197,1.5833,3.0689,3.0672,3.0707,1.0000,-0.5412,2.5566,-1.0828,-1.0846,-1.0695,1.0000,-0.6411,0.8513,0.9156,0.9160,0.9118,1.0000
559.1592,-0.0461,1.6244,-0.0823,0.9154,1.5567,3.0649,3.0633,3.0798,1.0000,-0.5404,2.5399,-1.0867,-1.0881,-1.0525,1.0000,-0.6417,0.8290,0.9165,0.9169,0.9137,1.0000
559.3650,-0.0467,1.6137,-0.0823,0.9132,1.5434,3.0628,3.0609,3.0706,1.0000,-0.5399,2.5313,-1.0886,-1.0903,-1.0699,1.0000,-0.6419,0.8178,0.9171,0.9178,0.9043,1.0000
559.5892,-0.0474,1.6030,-0.0823,0.9109,1.5301,3.0607,3.0587,3.0722,1.0000,-0.5391,2.5219,-1.0905,-1.0921,-1.0903,1.0000,-0.6422,0.8066,0.9179,0.9185,0.9025,1.0000
559.7985,-0.0481,1.5816,-0.0823,0.9064,1.5035,3.0561,3.0542,3.0737,1.0000,-0.5376,2.5033,-1.0940,-1.0952,-1.0830,1.0000,-0.6428,0.7842,0.9194,0.9199,0.9159,1.0000
559.9998,-0.0483,1.5710,-0.0823,0.9041,1.4902,3.0537,3.0518,3.0672,1.0000,-0.5368,2.4941,-1.0957,-1.0967,-1.0993,1.0000,-0.6431,0.7730,0.9201,0.9206,0.9327,1.0000
560.2360,-0.0487,1.5603,-0.0823,0.9018,1.4769,3.0510,3.0485,3.0575,1.0000,-0.5358,2.4844,-1.0974,-1.0989,-1.0993,1.0000,-0.6434,0.7618,0.9208,0.9214,0.9327,1.0000
560.4381,-0.0493,1.5496,-0.0823,0.8994,1.4636,3.0482,3.0455,3.0520,1.0000,-0.5347,2.4744,-1.0991,-1.1005,-1.1132,1.0000,-0.6437,0.7506,0.9215,0.9220,0.9081,1.0000
560.6859,-0.0500,1.5389,-0.0823,0.8969,1.4503,3.0452,3.0424,3.0496,1.0000,-0.5337,2.4646,-1.1007,-1.1022,-1.1011,1.0000,-0.6440,0.7395,0.9221,0.9226,0.9142,1.0000
560.9186,-0.0505,1.5176,-0.0823,0.8945,1.4370,3.0421,3.0392,3.0473,1.0000,-0.5329,2.4552,-1.1023,-1.1038,-1.1086,1.0000,-0.6443,0.7283,0.9226,0.9232,0.9133,1.0000
561.1528,-0.0507,1.5069,-0.0823,0.8895,1.4104,3.0356,3.0326,3.0605,1.0000,-0.5312,2.4367,-1.1055,-1.1069,-1.1146,1.0000,-0.6449,0.7059,0.9238,0.9243,0.9220,1.0000
561.3946,-0.0512,1.4962,-0.0823,0.8869,1.3971,3.0323,3.0293,3.0431,1.0000,-0.5303,2.4273,-1.1071,-1.1085,-1.1200,1.0000,-0.6452,0.6947,0.9243,0.9248,0.9260,1.0000
561.6020,-0.0524,1.4749,-0.0823,0.8818,1.3706,3.0256,3.0259,3.0302,1.0000,-0.5294,2.4179,-1.1086,-1.1100,-1.1051,1.0000,-0.6455,0.6836,0.9248,0.9253,0.9187,1.0000
561.8033,-0.0526,1.4642,-0.0823,0.8792,1.3573,3.0222,3.0222,3.0123,1.0000,-0.5275,2.3990,-1.1116,-1.1114,-1.1269,1.0000,-0.6458,0.6724,0.9253,0.9257,0.9390,1.0000
562.0044,-0.0528,1.4535,-0.0823,0.8765,1.3440,3.0189,3.0186,3.0312,1.0000,-0.5263,2.3889,-1.1129,-1.1129,-1.1236,1.0000,-0.6465,0.6501,0.9262,0.9262,0.9504,1.0000
562.2196,-0.0531,1.4428,-0.0823,0.8765,1.3440,3.0189,3.0159,3.0189,1.0000,-0.5263,2.3889,-1.1129,-1.1142,-1.1179,1.0000,-0.6465,0.6501,0.9262,0.9266,0.9333,1.0000
562.4416,-0.0537,1.4321,-0.0823,0.8712,1.3174,3.0122,3.0125,3.0231,1.0000,-0.5253,2.3792,-1.1143,-1.1155,-1.1366,1.0000,-0.6468,0.6389,0.9266,0.9269,0.9193,1.0000
562.6425,-0.0543,1.4215,-0.0823,0.8685,1.3042,3.0088,3.0081,3.0307,1.0000,-0.5226,2.3584,-1.1169,-1.1170,-1.1363,1.0000,-0.6475,0.6166,0.9273,0.9273,0.9248,1.0000
562.8426,-0.0547,1.4108,-0.0823,0.8657,1.2909,3.0054,3.0031,3.0214,1.0000,-0.5212,2.3476,-1.1182,-1.1189,-1.1358,1.0000,-0.6478,0.6055,0.9276,0.9277,0.9353,1.0000
563.0467,-0.0549,1.4002,-0.0823,0.8630,1.2776,3.0021,3.0001,3.0037,1.0000,-0.5197,2.3368,-1.1195,-1.1202,-1.1197,1.0000,-0.6481,0.5944,0.9278,0.9278,0.9236,1.0000
563.2469,-0.0550,1.3895,-0.0823,0.8602,1.2643,2.9988,2.9984,3.0017,1.0000,-0.5179,2.3253,-1.1208,-1.1209,-1.1277,1.0000,-0.6484,0.5833,0.9279,0.9279,0.9300,1.0000
563.4495,-0.0554,1.3788,-0.0823,0.8574,1.2510,2.9955,2.9936,3.0017,1.0000,-0.5162,2.3138,-1.1221,-1.1227,-1.1277,1.0000,-0.6488,0.5721,0.9279,0.9279,0.9300,1.0000
563.6532,-0.0560,1.3681,-0.0823,0.8546,1.2378,2.9923,2.9897,3.0009,1.0000,-0.5143,2.3018,-1.1233,-1.1242,-1.1339,1.0000,-0.6491,0.5610,0.9279,0.9278,0.9220,1.0000
563.8543,-0.0566,1.3575,-0.0823,0.8517,1.2245,2.9891,2.9866,2.9792,1.0000,-0.5125,2.2901,-1.1246,-1.1257,-1.0880,1.0000,-0.6494,0.5500,0.9278,0.9277,0.9346,1.0000
564.0717,-0.0568,1.3469,-0.0823,0.8489,1.2112,2.9859,2.9832,2.9826,1.0000,-0.5106,2.2783,-1.1260,-1.1272,-1.0965,1.0000,-0.6497,0.5389,0.9276,0.9275,0.9249,1.0000
564.2991,-0.0569,1.3362,-0.0823,0.8460,1.1979,2.9829,2.9802,2.9875,1.0000,-0.5086,2.2660,-1.1273,-1.1285,-1.1292,1.0000,-0.6500,0.5278,0.9275,0.9274,0.9343,1.0000
564.5063,-0.0575,1.3149,-0.0823,0.8402,1.1714,2.9770,2.9764,2.9826,1.0000,-0.5040,2.2396,-1.1299,-1.1301,-1.1288,1.0000,-0.6507,0.5056,0.9274,0.9274,0.9367,1.0000
564.7103,-0.0581,1.3042,-0.0823,0.8373,1.1582,2.9741,2.9744,2.9839,1.0000,-0.5040,2.2396,-1.1299,-1.1312,-1.1305,1.0000,-0.6507,0.5056,0.9274,0.9274,0.9537,1.0000
564.9322,-0.0585,1.2935,-0.0823,0.8373,1.1582,2.9741,2.9715,2.9800,1.0000,-0.5019,2.2271,-1.1313,-1.1326,-1.1473,1.0000,-0.6510,0.4945,0.9274,0.9276,0.9484,1.0000
565.1464,-0.0585,1.2935,-0.0823,0.8343,1.1449,2.9712,2.9686,2.9715,1.0000,-0.4998,2.2145,-1.1327,-1.1340,-1.1375,1.0000,-0.6513,0.4834,0.9276,0.9279,0.9426,1.0000
565.3583,-0.0587,1.2829,-0.0822,0.8314,1.1317,2.9683,2.9657,2.9694,1.0000,-0.4974,2.2014,-1.1342,-1.1355,-1.1372,1.0000,-0.6517,0.4722,0.9280,0.9284,0.9477,1.0000
565.5713,-0.0587,1.2723,-0.0822,0.8284,1.1185,2.9654,2.9626,2.9672,1.0000,-0.4950,2.1880,-1.1356,-1.1369,-1.1208,1.0000,-0.6521,0.4611,0.9284,0.9289,0.9309,1.0000
565.7917,-0.0590,1.2616,-0.0822,0.8254,1.1057,2.9623,2.9594,2.9619,1.0000,-0.4928,2.1748,-1.1371,-1.1384,-1.1429,1.0000,-0.6524,0.4499,0.9289,0.9294,0.9503,1.0000
566.0106,-0.0595,1.2509,-0.0822,0.8224,1.0926,2.9590,2.9561,2.9539,1.0000,-0.4906,2.1620,-1.1386,-1.1399,-1.1364,1.0000,-0.6528,0.4387,0.9294,0.9300,0.9137,1.0000
566.2374,-0.0600,1.2402,-0.0822,0.8193,1.0796,2.9557,2.9527,2.9428,1.0000,-0.4884,2.1494,-1.1401,-1.1414,-1.1364,1.0000,-0.6532,0.4276,0.9300,0.9307,0.9321,1.0000
566.4695,-0.0603,1.2296,-0.0822,0.8162,1.0666,2.9524,2.9494,2.9402,1.0000,-0.4862,2.1368,-1.1415,-1.1428,-1.1410,1.0000,-0.6535,0.4164,0.9308,0.9315,0.9267,1.0000
566.6714,-0.0603,1.2190,-0.0822,0.8132,1.0540,2.9490,2.9460,2.9348,1.0000,-0.4841,2.1242,-1.1429,-1.1442,-1.1490,1.0000,-0.6539,0.4052,0.9315,0.9323,0.9286,1.0000
566.8929,-0.0604,1.2083,-0.0822,0.8103,1.0419,2.9456,2.9425,2.9220,1.0000,-0.4819,2.1115,-1.1443,-1.1455,-1.1364,1.0000,-0.6543,0.3940,0.9324,0.9332,0.9283,1.0000
567.1445,-0.0607,1.1977,-0.0822,0.8074,1.0301,2.9422,2.9391,2.9257,1.0000,-0.4797,2.0988,-1.1457,-1.1469,-1.1391,1.0000,-0.6547,0.3828,0.9333,0.9340,0.9243,1.0000
567.3648,-0.0613,1.1870,-0.0822,0.8046,1.0185,2.9387,2.9357,2.9334,1.0000,-0.4775,2.0862,-1.1470,-1.1482,-1.1203,1.0000,-0.6552,0.3716,0.9341,0.9348,0.9371,1.0000
567.6022,-0.0617,1.1763,-0.0822,0.8019,1.0075,2.9353,2.9323,2.9366,1.0000,-0.4754,2.0736,-1.1484,-1.1496,-1.1368,1.0000,-0.6556,0.3604,0.9349,0.9356,0.9298,1.0000
567.8153,-0.0618,1.1657,-0.0822,0.7994,0.9971,2.9320,2.9291,2.9219,1.0000,-0.4732,2.0610,-1.1498,-1.1511,-1.1395,1.0000,-0.6560,0.3492,0.9356,0.9362,0.9288,1.0000
568.0628,-0.0618,1.1551,-0.0822,0.7973,0.9873,2.9287,2.9260,2.9256,1.0000,-0.4710,2.0484,-1.1512,-1.1525,-1.1547,1.0000,-0.6564,0.3380,0.9363,0.9367,0.9475,1.0000
568.2990,-0.0624,1.1338,-0.0822,0.7954,0.9779,2.9257,2.9232,2.9291,1.0000,-0.4688,2.0357,-1.1526,-1.1539,-1.1715,1.0000,-0.6568,0.3269,0.9368,0.9371,0.9365,1.0000
568.5089,-0.0629,1.1231,-0.0822,0.7940,0.9689,2.9230,2.9208,2.9153,1.0000,-0.4667,2.0231,-1.1541,-1.1553,-1.1696,1.0000,-0.6572,0.3157,0.9371,0.9373,0.9347,1.0000
568.7093,-0.0631,1.1125,-0.0822,0.7930,0.9603,2.9206,2.9189,2.8977,1.0000,-0.4645,2.0105,-1.1555,-1.1568,-1.1733,1.0000,-0.6575,0.3046,0.9373,0.9373,0.9441,1.0000
568.9335,-0.0631,1.1125,-0.0822,0.7925,0.9519,2.9187,2.9174,2.9084,1.0000,-0.4623,1.9978,-1.1570,-1.1584,-1.1723,1.0000,-0.6579,0.2935,0.9373,0.9372,0.9429,1.0000
569.1349,-0.0631,1.0913,-0.0822,0.7938,0.9359,2.9166,2.9166,2.9244,1.0000,-0.4579,1.9725,-1.1601,-1.1601,-1.1739,1.0000,-0.6583,0.2824,0.9372,0.9370,0.9344,1.0000
569.3389,-0.0633,1.0806,-0.0822,0.7938,0.9359,2.9166,2.9167,2.9195,1.0000,-0.4579,1.9725,-1.1601,-1.1615,-1.1573,1.0000,-0.6587,0.2713,0.9369,0.9366,0.9499,1.0000
569.5849,-0.0633,1.0806,-0.0822,0.7957,0.9279,2.9167,2.9176,2.9228,1.0000,-0.4557,1.9598,-1.1617,-1.1630,-1.1590,1.0000,-0.6590,0.2603,0.9366,0.9362,0.9379,1.0000
569.8187,-0.0641,1.0593,-0.0822,0.7979,0.9200,2.9177,2.9195,2.9177,1.0000,-0.4535,1.9472,-1.1632,-1.1646,-1.1624,1.0000,-0.6594,0.2492,0.9361,0.9357,0.9375,1.0000
570.0631,-0.0641,1.0593,-0.0822,0.8002,0.9121,2.9197,2.9223,2.9239,1.0000,-0.4513,1.9345,-1.1647,-1.1661,-1.1881,1.0000,-0.6597,0.2382,0.9356,0.9351,0.9310,1.0000
570.2658,-0.0643,1.0487,-0.0822,0.8032,0.9040,2.9226,2.9260,2.9276,1.0000,-0.4491,1.9218,-1.1663,-1.1677,-1.1919,1.0000,-0.6601,0.2272,0.9351,0.9346,0.9379,1.0000
570.5014,-0.0642,1.0381,-0.0822,0.8068,0.8957,2.9264,2.9306,2.9291,1.0000,-0.4469,1.9092,-1.1679,-1.1693,-1.1867,1.0000,-0.6604,0.2161,0.9345,0.9340,0.9310,1.0000
570.7093,-0.0641,1.0275,-0.0822,0.8106,0.8872,2.9311,2.9359,2.9285,1.0000,-0.4447,1.8965,-1.1694,-1.1708,-1.1736,1.0000,-0.6608,0.2051,0.9340,0.9335,0.9234,1.0000
570.9198,-0.0648,1.0062,-0.0822,0.8140,0.8786,2.9365,2.9420,2.9329,1.0000,-0.4425,1.8838,-1.1709,-1.1722,-1.1642,1.0000,-0.6612,0.1941,0.9335,0.9331,0.9186,1.0000
571.1218,-0.0651,0.9956,-0.0822,0.8208,0.8614,2.9493,2.9486,2.9359,1.0000,-0.4402,1.8711,-1.1723,-1.1735,-1.1749,1.0000,-0.6615,0.1830,0.9330,0.9327,0.9183,1.0000
571.3285,-0.0651,0.9850,-0.0822,0.8208,0.8614,2.9493,2.9556,2.9496,1.0000,-0.4380,1.8585,-1.1737,-1.1749,-1.1946,1.0000,-0.6619,0.1720,0.9327,0.9325,0.9286,1.0000
571.5443,-0.0651,0.9850,-0.0822,0.8245,0.8525,2.9563,2.9629,2.9567,1.0000,-0.4358,1.8458,-1.1750,-1.1762,-1.1952,1.0000,-0.6623,0.1609,0.9325,0.9323,0.9202,1.0000
571.7668,-0.0651,0.9637,-0.0821,0.8283,0.8436,2.9636,2.9702,2.9529,1.0000,-0.4336,1.8331,-1.1763,-1.1775,-1.1861,1.0000,-0.6627,0.1498,0.9323,0.9323,0.9176,1.0000
571.9875,-0.0651,0.9637,-0.0821,0.8319,0.8348,2.9709,2.9774,2.9745,1.0000,-0.4314,1.8204,-1.1776,-1.1787,-1.1866,1.0000,-0.6630,0.1388,0.9323,0.9324,0.9376,1.0000
572.1938,-0.0657,0.9425,-0.0821,0.8352,0.8260,2.9781,2.9843,2.9812,1.0000,-0.4292,1.8078,-1.1788,-1.1799,-1.1971,1.0000,-0.6634,0.1277,0.9324,0.9326,0.9348,1.0000
572.4037,-0.0659,0.9319,-0.0821,0.8419,0.8084,2.9915,2.9940,2.9718,1.0000,-0.4248,1.7824,-1.1812,-1.1815,-1.1805,1.0000,-0.6642,0.1054,0.9330,0.9331,0.9399,1.0000
572.6060,-0.0657,0.9213,-0.0821,0.8452,0.7995,2.9976,3.0009,2.9901,1.0000,-0.4226,1.7697,-1.1824,-1.1829,-1.1884,1.0000,-0.6645,0.0943,0.9334,0.9336,0.9397,1.0000
572.8165,-0.0656,0.9107,-0.0821,0.8483,0.7906,3.0030,3.0040,2.9987,1.0000,-0.4204,1.7571,-1.1835,-1.1836,-1.2025,1.0000,-0.6641,0.0834,0.9339,0.9339,0.9298,1.0000
573.0351,-0.0656,0.9107,-0.0821,0.8483,0.7906,3.0030,3.0073,2.9989,1.0000,-0.4204,1.7571,-1.1835,-1.1845,-1.2003,1.0000,-0.6641,0.0834,0.9339,0.9343,0.9390,1.0000
573.2508,-0.0660,0.8894,-0.0821,0.8512,0.7818,3.0078,3.0114,2.9929,1.0000,-0.4181,1.7444,-1.1846,-1.1856,-1.1886,1.0000,-0.6633,0.0725,0.9343,0.9347,0.9385,1.0000
573.4714,-0.0660,0.8894,-0.0821,0.8539,0.7730,3.0118,3.0148,3.0053,1.0000,-0.4159,1.7317,-1.1857,-1.1868,-1.1905,1.0000,-0.6631,0.0615,0.9348,0.9352,0.9384,1.0000
573.6812,-0.0663,0.8682,-0.0821,0.8592,0.7553,3.0177,3.0175,3.0337,1.0000,-0.4137,1.7190,-1.1869,-1.1881,-1.1842,1.0000,-0.6628,0.0506,0.9352,0.9357,0.9442,1.0000
573.8853,-0.0660,0.8577,-0.0821,0.8616,0.7464,3.0195,3.0200,3.0310,1.0000,-0.4092,1.6936,-1.1895,-1.1899,-1.1692,1.0000,-0.6607,0.0286,0.9362,0.9363,0.9501,1.0000
574.0924,-0.0659,0.8470,-0.0821,0.8616,0.7464,3.0195,3.0205,3.0211,1.0000,-0.4092,1.6936,-1.1895,-1.1907,-1.1855,1.0000,-0.6607,0.0286,0.9362,0.9365,0.9380,1.0000
574.3191,-0.0659,0.8470,-0.0821,0.8638,0.7376,3.0206,3.0210,3.0207,1.0000,-0.4070,1.6809,-1.1909,-1.1921,-1.1892,1.0000,-0.6589,0.0178,0.9366,0.9368,0.9310,1.0000
574.5485,-0.0661,0.8364,-0.0821,0.8658,0.7288,3.0210,3.0208,3.0398,1.0000,-0.4048,1.6681,-1.1922,-1.1935,-1.1808,1.0000,-0.6572,0.0069,0.9369,0.9372,0.9322,1.0000
574.7630,-0.0664,0.8258,-0.0821,0.8678,0.7199,3.0208,3.0202,3.0348,1.0000,-0.4025,1.6554,-1.1936,-1.1949,-1.1902,1.0000,-0.6561,-0.0040,0.9372,0.9376,0.9511,1.0000
575.0084,-0.0666,0.8152,-0.0821,0.8698,0.7111,3.0201,3.0192,3.0396,1.0000,-0.4003,1.6427,-1.1951,-1.1965,-1.1819,1.0000,-0.6549,-0.0151,0.9377,0.9383,0.9512,1.0000
575.2254,-0.0664,0.8046,-0.0821,0.8716,0.7022,3.0190,3.0179,3.0199,1.0000,-0.3980,1.6299,-1.1967,-1.1982,-1.1976,1.0000,-0.6530,-0.0262,0.9384,0.9391,0.9573,1.0000
575.4688,-0.0662,0.7941,-0.0821,0.8734,0.6934,3.0177,3.0164,3.0182,1.0000,-0.3958,1.6171,-1.1984,-1.2000,-1.1945,1.0000,-0.6508,-0.0374,0.9392,0.9401,0.9643,1.0000
575.6700,-0.0663,0.7728,-0.0821,0.8768,0.6757,3.0148,3.0146,2.9984,1.0000,-0.3920,1.5924,-1.2020,-1.2022,-1.1987,1.0000,-0.6474,-0.0596,0.9413,0.9415,0.9391,1.0000
575.8729,-0.0666,0.7622,-0.0821,0.8785,0.6669,3.0135,3.0128,3.0142,1.0000,-0.3907,1.5806,-1.2038,-1.2047,-1.2060,1.0000,-0.6460,-0.0709,0.9428,0.9436,0.9428,1.0000
576.1030,-0.0665,0.7517,-0.0821,0.8802,0.6581,3.0124,3.0116,3.0000,1.0000,-0.3897,1.5690,-1.2056,-1.2072,-1.1990,1.0000,-0.6445,-0.0823,0.9445,0.9463,0.9420,1.0000
576.3047,-0.0659,0.7200,-0.0820,0.8857,0.6316,3.0110,3.0111,3.0268,1.0000,-0.3889,1.5367,-1.2105,-1.2112,-1.2061,1.0000,-0.6400,-0.1166,0.9511,0.9522,0.9482,1.0000
576.5053,-0.0662,0.6988,-0.0820,0.8876,0.6227,3.0114,3.0122,3.0072,1.0000,-0.3898,1.5269,-1.2118,-1.2130,-1.2122,1.0000,-0.6388,-0.1279,0.9534,0.9555,0.9567,1.0000
576.7171,-0.0660,0.6883,-0.0820,0.8917,0.6050,3.0138,3.0157,3.0300,1.0000,-0.3930,1.5083,-1.2142,-1.2151,-1.2168,1.0000,-0.6361,-0.1508,0.9582,0.9603,0.9790,1.0000
576.9235,-0.0656,0.6777,-0.0820,0.8938,0.5962,3.0159,3.0183,3.0360,1.0000,-0.3948,1.4992,-1.2151,-1.2157,-1.2097,1.0000,-0.6348,-0.1623,0.9605,0.9626,0.9513,1.0000
577.1737,-0.0654,0.6671,-0.0820,0.8961,0.5873,3.0185,3.0214,3.0247,1.0000,-0.3970,1.4903,-1.2158,-1.2161,-1.2115,1.0000,-0.6335,-0.1736,0.9628,0.9648,0.9501,1.0000
577.3897,-0.0656,0.6460,-0.0820,0.9008,0.5696,3.0254,3.0262,3.0534,1.0000,-0.4018,1.4730,-1.2160,-1.2160,-1.2018,1.0000,-0.6310,-0.1963,0.9672,0.9674,0.9532,1.0000
577.5913,-0.0655,0.6354,-0.0820,0.9033,0.5607,3.0294,3.0307,3.0332,1.0000,-0.4044,1.4646,-1.2154,-1.2153,-1.2120,1.0000,-0.6298,-0.2077,0.9693,0.9697,0.9707,1.0000
577.7917,-0.0652,0.6249,-0.0820,0.9058,0.5518,3.0337,3.0333,3.0184,1.0000,-0.4044,1.4646,-1.2154,-1.2145,-1.2235,1.0000,-0.6298,-0.2077,0.9693,0.9711,0.9678,1.0000
577.9920,-0.0647,0.6144,-0.0820,0.9083,0.5429,3.0383,3.0406,3.0239,1.0000,-0.4090,1.4475,-1.2129,-1.2119,-1.2255,1.0000,-0.6274,-0.2304,0.9733,0.9741,0.9793,1.0000
578.1955,-0.0646,0.6038,-0.0820,0.9108,0.5339,3.0429,3.0457,3.0239,1.0000,-0.4110,1.4388,-1.2109,-1.2097,-1.2255,1.0000,-0.6262,-0.2417,0.9752,0.9761,0.9793,1.0000
578.4381,-0.0646,0.5932,-0.0820,0.9134,0.5250,3.0476,3.0518,3.0527,1.0000,-0.4130,1.4301,-1.2084,-1.2058,-1.2201,1.0000,-0.6251,-0.2530,0.9769,0.9782,0.9865,1.0000
578.6639,-0.0647,0.5827,-0.0820,0.9159,0.5161,3.0522,3.0563,3.0503,1.0000,-0.4150,1.4215,-1.2055,-1.2026,-1.2129,1.0000,-0.6239,-0.2642,0.9784,0.9795,0.9882,1.0000
578.8856,-0.0639,0.5617,-0.0820,0.9184,0.5072,3.0567,3.0606,3.0636,1.0000,-0.4169,1.4129,-1.2022,-1.1990,-1.2002,1.0000,-0.6227,-0.2755,0.9797,0.9807,0.9901,1.0000
579.0963,-0.0635,0.5511,-0.0820,0.9233,0.4893,3.0649,3.0681,3.0616,1.0000,-0.4205,1.3955,-1.1947,-1.1912,-1.1879,1.0000,-0.6204,-0.2979,0.9817,0.9823,0.9730,1.0000
579.3139,-0.0633,0.5406,-0.0820,0.9256,0.4803,3.0685,3.0714,3.0611,1.0000,-0.4224,1.3868,-1.1908,-1.1873,-1.1980,1.0000,-0.6193,-0.3090,0.9824,0.9828,0.9916,1.0000
579.5498,-0.0631,0.5196,-0.0820,0.9279,0.4714,3.0717,3.0742,3.0832,1.0000,-0.4242,1.3782,-1.1869,-1.1836,-1.1766,1.0000,-0.6182,-0.3202,0.9828,0.9832,0.9769,1.0000
579.7650,-0.0627,0.5091,-0.0819,0.9323,0.4534,3.0767,3.0784,3.0674,1.0000,-0.4277,1.3607,-1.1797,-1.1767,-1.1861,1.0000,-0.6159,-0.3424,0.9836,0.9839,0.9740,1.0000
579.9796,-0.0621,0.4986,-0.0819,0.9344,0.4444,3.0785,3.0797,3.0534,1.0000,-0.4295,1.3520,-1.1764,-1.1737,-1.1667,1.0000,-0.6148,-0.3535,0.9840,0.9843,0.9999,1.0000
580.2218,-0.0616,0.4881,-0.0819,0.9363,0.4354,3.0799,3.0807,3.0662,1.0000,-0.4312,1.3432,-1.1735,-1.1712,-1.1712,1.0000,-0.6137,-0.3646,0.9843,0.9846,0.9969,1.0000
580.4265,-0.0614,0.4776,-0.0819,0.9383,0.4264,3.0808,3.0813,3.0827,1.0000,-0.4329,1.3343,-1.1709,-1.1691,-1.1828,1.0000,-0.6126,-0.3756,0.9846,0.9849,1.0033,1.0000
580.6283,-0.0601,0.4680,-0.0819,0.9401,0.4174,3.0813,3.0815,3.0827,1.0000,-0.4346,1.3254,-1.1689,-1.1677,-1.1828,1.0000,-0.6115,-0.3867,0.9850,0.9853,1.0033,1.0000
580.8585,-0.0554,0.4599,-0.0819,0.9419,0.4084,3.0815,3.0814,3.0907,1.0000,-0.4363,1.3164,-1.1672,-1.1661,-1.1681,1.0000,-0.6105,-0.3978,0.9855,0.9861,0.9843,1.0000
581.0914,-0.0465,0.4539,-0.0818,0.9437,0.3993,3.0814,3.0810,3.0780,1.0000,-0.4380,1.3075,-1.1660,-1.1651,-1.1781,1.0000,-0.6094,-0.4090,0.9861,0.9868,0.9924,1.0000
581.3011,-0.0342,0.4498,-0.0816,0.9453,0.3903,3.0809,3.0802,3.0704,1.0000,-0.4397,1.2984,-1.1650,-1.1642,-1.1488,1.0000,-0.6084,-0.4201,0.9869,0.9876,0.9859,1.0000
581.5142,-0.0076,0.4452,-0.0812,0.9470,0.3813,3.0801,3.0790,3.0675,1.0000,-0.4414,1.2894,-1.1641,-1.1631,-1.1481,1.0000,-0.6071,-0.4310,0.9876,0.9882,0.9776,1.0000
581.7270,0.0041,0.4436,-0.0811,0.9485,0.3723,3.0789,3.0774,3.0642,1.0000,-0.4429,1.2804,-1.1629,-1.1615,-1.1726,1.0000,-0.6049,-0.4416,0.9882,0.9884,0.9869,1.0000
581.9748,0.0147,0.4422,-0.0809,0.9502,0.3634,3.0773,3.0754,3.0809,1.0000,-0.4438,1.2713,-1.1613,-1.1591,-1.1717,1.0000,-0.6020,-0.4521,0.9884,0.9881,0.9968,1.0000
582.1917,0.0251,0.4408,-0.0809,0.9523,0.3550,3.0751,3.0727,3.0800,1.0000,-0.4443,1.2623,-1.1588,-1.1560,-1.1588,1.0000,-0.5986,-0.4624,0.9881,0.9873,1.0020,1.0000
582.4192,0.0356,0.4397,-0.0808,0.9582,0.3389,3.0689,3.0650,3.0629,1.0000,-0.4448,1.2458,-1.1511,-1.1455,-1.1538,1.0000,-0.5883,-0.4822,0.9856,0.9836,1.0010,1.0000
582.6658,0.0461,0.4388,-0.0807,0.9620,0.3314,3.0645,3.0597,3.0731,1.0000,-0.4437,1.2381,-1.1447,-1.1369,-1.1245,1.0000,-0.5809,-0.4919,0.9833,0.9807,0.9885,1.0000
582.8660,0.0663,0.4366,-0.0807,0.9729,0.3176,3.0527,3.0534,3.0640,1.0000,-0.4415,1.2308,-1.1359,-1.1257,-1.1272,1.0000,-0.5724,-0.5015,0.9804,0.9772,0.9793,1.0000
583.0662,0.0663,0.4366,-0.0807,0.9729,0.3176,3.0527,3.0461,3.0755,1.0000,-0.4385,1.2242,-1.1244,-1.1116,-1.1225,1.0000,-0.5630,-0.5110,0.9769,0.9734,0.9818,1.0000
583.2981,0.0763,0.4355,-0.0807,0.9804,0.3112,3.0454,3.0380,3.0580,1.0000,-0.4347,1.2189,-1.1100,-1.0943,-1.0988,1.0000,-0.5526,-0.5203,0.9730,0.9694,0.9755,1.0000
583.5410,0.0977,0.4335,-0.0808,0.9886,0.3053,3.0371,3.0291,3.0602,1.0000,-0.4293,1.2149,-1.0924,-1.0739,-1.0962,1.0000,-0.5410,-0.5294,0.9690,0.9656,0.9640,1.0000
583.7423,0.1086,0.4326,-0.0809,1.0073,0.2944,3.0184,3.0113,3.0311,1.0000,-0.4128,1.2098,-1.0486,-1.0313,-1.0961,1.0000,-0.5148,-0.5467,0.9621,0.9604,0.9630,1.0000
583.9438,0.1192,0.4316,-0.0810,1.0177,0.2892,3.0082,3.0019,3.0311,1.0000,-0.4033,1.2085,-1.0238,-1.0113,-1.0574,1.0000,-0.5009,-0.5545,0.9598,0.9591,0.9406,1.0000
584.1769,0.1294,0.4306,-0.0811,1.0284,0.2844,2.9977,2.9881,3.0029,1.0000,-0.3932,1.2082,-0.9987,-0.9769,-1.0410,1.0000,-0.4864,-0.5614,0.9588,0.9592,0.9567,1.0000
584.4154,0.1397,0.4295,-0.0812,1.0392,0.2801,2.9870,2.9774,3.0026,1.0000,-0.3819,1.2083,-0.9745,-0.9544,-0.9968,1.0000,-0.4712,-0.5672,0.9594,0.9614,0.9593,1.0000
584.6270,0.1504,0.4286,-0.0814,1.0501,0.2761,2.9764,2.9670,2.9860,1.0000,-0.3701,1.2084,-0.9523,-0.9344,-0.9812,1.0000,-0.4555,-0.5719,0.9617,0.9656,0.9516,1.0000
584.8364,0.1613,0.4278,-0.0815,1.0609,0.2723,2.9660,2.9569,2.9540,1.0000,-0.3581,1.2084,-0.9326,-0.9175,-0.9530,1.0000,-0.4395,-0.5756,0.9661,0.9719,0.9381,1.0000
585.0683,0.1823,0.4260,-0.0818,1.0716,0.2686,2.9560,2.9473,2.9522,1.0000,-0.3464,1.2081,-0.9160,-0.9042,-0.9410,1.0000,-0.4234,-0.5778,0.9726,0.9802,0.9596,1.0000
585.2769,0.1924,0.4249,-0.0819,1.0822,0.2651,2.9464,2.9382,2.9633,1.0000,-0.3349,1.2073,-0.9031,-0.8947,-0.9169,1.0000,-0.4076,-0.5783,0.9811,0.9903,0.9645,1.0000
585.4932,0.2028,0.4240,-0.0821,1.0927,0.2619,2.9374,2.9299,2.9518,1.0000,-0.3235,1.2057,-0.8940,-0.8893,-0.9085,1.0000,-0.3920,-0.5775,0.9914,1.0019,0.9872,1.0000
585.7047,0.2136,0.4231,-0.0822,1.1033,0.2587,2.9291,2.9224,2.9514,1.0000,-0.3117,1.2033,-0.8890,-0.8882,-0.9116,1.0000,-0.3765,-0.5753,1.0031,1.0143,1.0060,1.0000
585.9189,0.2244,0.4224,-0.0824,1.1141,0.2556,2.9217,2.9159,2.9365,1.0000,-0.2995,1.2003,-0.8884,-0.8913,-0.9113,1.0000,-0.3609,-0.5716,1.0156,1.0271,1.0134,1.0000
586.1398,0.2350,0.4215,-0.0825,1.1250,0.2524,2.9153,2.9104,2.9283,1.0000,-0.2870,1.1967,-0.8919,-0.8984,-0.9219,1.0000,-0.3452,-0.5664,1.0283,1.0394,1.0236,1.0000
586.3415,0.2452,0.4205,-0.0827,1.1470,0.2463,2.9056,2.9053,2.9209,1.0000,-0.2609,1.1876,-0.9102,-0.9102,-0.8999,1.0000,-0.3297,-0.5600,1.0406,1.0507,1.0239,1.0000
586.5456,0.2554,0.4194,-0.0828,1.1582,0.2433,2.9024,2.9014,2.9129,1.0000,-0.2478,1.1826,-0.9240,-0.9286,-0.9050,1.0000,-0.2990,-0.5452,1.0613,1.0638,1.0181,1.0000
586.7481,0.2660,0.4186,-0.0829,1.1695,0.2402,2.9003,2.9000,2.9233,1.0000,-0.2343,1.1771,-0.9400,-0.9417,-0.9169,1.0000,-0.2839,-0.5375,1.0689,1.0695,1.0568,1.0000
586.9594,0.2768,0.4178,-0.0830,1.1810,0.2370,2.8992,2.8992,2.9203,1.0000,-0.2206,1.1712,-0.9578,-0.9578,-0.9333,1.0000,-0.2839,-0.5375,1.0689,1.0738,1.0627,1.0000
587.1600,0.2876,0.4170,-0.0831,1.1927,0.2339,2.8989,2.8992,2.9157,1.0000,-0.2072,1.1655,-0.9766,-0.9862,-0.9572,1.0000,-0.2535,-0.5212,1.0772,1.0777,1.0647,1.0000
587.3659,0.2981,0.4160,-0.0832,1.2044,0.2308,2.8996,2.9003,2.9157,1.0000,-0.1941,1.1601,-0.9957,-1.0052,-0.9572,1.0000,-0.2384,-0.5132,1.0777,1.0770,1.0647,1.0000
587.5676,0.3083,0.4150,-0.0833,1.2162,0.2277,2.9009,2.9016,2.9086,1.0000,-0.1813,1.1550,-1.0146,-1.0201,-0.9682,1.0000,-0.2234,-0.5057,1.0759,1.0749,1.0610,1.0000
587.7695,0.3186,0.4141,-0.0834,1.2281,0.2245,2.9029,2.9031,2.8936,1.0000,-0.1686,1.1499,-1.0325,-1.0343,-0.9829,1.0000,-0.2084,-0.4983,1.0720,1.0720,1.0598,1.0000
587.9720,0.3292,0.4132,-0.0835,1.2401,0.2213,2.9054,2.9059,2.9037,1.0000,-0.1559,1.1450,-1.0490,-1.0506,-0.9908,1.0000,-0.1933,-0.4910,1.0665,1.0658,1.0990,1.0000
588.1756,0.3400,0.4125,-0.0835,1.2521,0.2182,2.9082,2.9079,2.8903,1.0000,-0.1559,1.1450,-1.0490,-1.0621,-1.0057,1.0000,-0.1933,-0.4910,1.0665,1.0604,1.0827,1.0000
588.3928,0.3507,0.4116,-0.0836,1.2641,0.2151,2.9113,2.9110,2.9063,1.0000,-0.1437,1.1406,-1.0634,-1.0742,-1.0378,1.0000,-0.1781,-0.4836,1.0597,1.0529,1.0686,1.0000
588.6022,0.3610,0.4106,-0.0836,1.2641,0.2151,2.9113,2.9142,2.9157,1.0000,-0.1319,1.1371,-1.0753,-1.0835,-1.0554,1.0000,-0.1627,-0.4760,1.0521,1.0450,1.0706,1.0000
588.8070,0.3713,0.4096,-0.0837,1.2761,0.2120,2.9145,2.9173,2.9140,1.0000,-0.1204,1.1341,-1.0842,-1.0897,-1.0731,1.0000,-0.1471,-0.4684,1.0442,1.0371,1.0624,1.0000
589.0309,0.3713,0.4096,-0.0837,1.2881,0.2089,2.9177,2.9204,2.9086,1.0000,-0.1091,1.1315,-1.0901,-1.0927,-1.0938,1.0000,-0.1314,-0.4609,1.0363,1.0296,1.0485,1.0000
589.2566,0.3817,0.4087,-0.0837,1.3001,0.2059,2.9206,2.9231,2.9183,1.0000,-0.0979,1.1292,-1.0928,-1.0925,-1.0950,1.0000,-0.1158,-0.4534,1.0289,1.0230,1.0362,1.0000
589.4777,0.3924,0.4079,-0.0837,1.3120,0.2029,2.9233,2.9254,2.9058,1.0000,-0.0869,1.1275,-1.0923,-1.0892,-1.0911,1.0000,-0.1003,-0.4460,1.0223,1.0174,1.0317,1.0000
589.6836,0.4032,0.4072,-0.0837,1.3239,0.2000,2.9256,2.9260,2.9058,1.0000,-0.0764,1.1264,-1.0887,-1.0882,-1.0911,1.0000,-0.0849,-0.4386,1.0169,1.0164,1.0317,1.0000
589.9144,0.4138,0.4062,-0.0837,1.3239,0.2000,2.9256,2.9273,2.9265,1.0000,-0.0764,1.1264,-1.0887,-1.0830,-1.0846,1.0000,-0.0849,-0.4386,1.0169,1.0132,1.0163,1.0000
590.1265,0.4138,0.4062,-0.0837,1.3356,0.1972,2.9274,2.9285,2.9151,1.0000,-0.0661,1.1260,-1.0822,-1.0742,-1.0690,1.0000,-0.0695,-0.4314,1.0129,1.0106,1.0224,1.0000
590.3745,0.4242,0.4052,-0.0837,1.3472,0.1946,2.9286,2.9292,2.9173,1.0000,-0.0561,1.1258,-1.0732,-1.0633,-1.0792,1.0000,-0.0544,-0.4243,1.0104,1.0096,1.0123,1.0000
590.6021,0.4345,0.4042,-0.0836,1.3585,0.1924,2.9292,2.9291,2.9332,1.0000,-0.0461,1.1259,-1.0621,-1.0506,-1.0929,1.0000,-0.0393,-0.4173,1.0096,1.0103,1.0124,1.0000
590.8025,0.4450,0.4034,-0.0836,1.3696,0.1905,2.9290,2.9282,2.9129,1.0000,-0.0363,1.1263,-1.0492,-1.0367,-1.0707,1.0000,-0.0244,-0.4104,1.0104,1.0125,1.0170,1.0000
591.0324,0.4557,0.4027,-0.0836,1.3805,0.1892,2.9281,2.9266,2.9077,1.0000,-0.0268,1.1269,-1.0353,-1.0222,-1.0541,1.0000,-0.0098,-0.4040,1.0128,1.0158,1.0028,1.0000
591.2515,0.4664,0.4018,-0.0835,1.3910,0.1886,2.9264,2.9242,2.9123,1.0000,-0.0176,1.1277,-1.0207,-1.0075,-1.0337,1.0000,0.0044,-0.3986,1.0162,1.0200,1.0185,1.0000
591.4754,0.4769,0.4009,-0.0835,1.4013,0.1886,2.9239,2.9212,2.9197,1.0000,-0.0084,1.1286,-1.0060,-0.9932,-1.0186,1.0000,0.0183,-0.3941,1.0205,1.0248,1.0201,1.0000
591.7229,0.4872,0.3999,-0.0834,1.4112,0.1895,2.9209,2.9178,2.9382,1.0000,0.0005,1.1298,-0.9918,-0.9799,-1.0080,1.0000,0.0327,-0.3906,1.0253,1.0299,1.0348,1.0000
591.9239,0.4976,0.3989,-0.0834,1.4207,0.1912,2.9174,2.9141,2.9196,1.0000,0.0090,1.1310,-0.9786,-0.9677,-0.9907,1.0000,0.0480,-0.3885,1.0304,1.0352,1.0481,1.0000
592.1311,0.5082,0.3981,-0.0833,1.4298,0.1939,2.9137,2.9102,2.9051,1.0000,0.0175,1.1322,-0.9666,-0.9571,-0.9946,1.0000,0.0638,-0.3877,1.0357,1.0405,1.0257,1.0000
592.3356,0.5190,0.3974,-0.0833,1.4387,0.1974,2.9098,2.9065,2.9052,1.0000,0.0258,1.1334,-0.9561,-0.9480,-0.9771,1.0000,0.0804,-0.3884,1.0410,1.0456,1.0261,1.0000
592.5596,0.5297,0.3965,-0.0832,1.4474,0.2014,2.9061,2.9031,2.8996,1.0000,0.0340,1.1348,-0.9472,-0.9407,-0.9631,1.0000,0.0994,-0.3916,1.0462,1.0507,1.0304,1.0000
592.7958,0.5402,0.3955,-0.0831,1.4559,0.2055,2.9028,2.9003,2.8790,1.0000,0.0417,1.1365,-0.9401,-0.9352,-0.9447,1.0000,0.1208,-0.3971,1.0512,1.0557,1.0378,1.0000
592.9976,0.5610,0.3937,-0.0830,1.4722,0.2149,2.8982,2.8984,2.8868,1.0000,0.0492,1.1383,-0.9348,-0.9318,-0.9510,1.0000,0.1435,-0.4040,1.0562,1.0608,1.0431,1.0000
593.2047,0.5717,0.3929,-0.0830,1.4722,0.2149,2.8982,2.8976,2.8855,1.0000,0.0569,1.1398,-0.9315,-0.9303,-0.9347,1.0000,0.1663,-0.4112,1.0613,1.0662,1.0391,1.0000
593.4159,0.5824,0.3921,-0.0829,1.4802,0.2197,2.8976,2.8980,2.8949,1.0000,0.0648,1.1411,-0.9303,-0.9308,-0.9132,1.0000,0.1891,-0.4184,1.0668,1.0722,1.0353,1.0000
593.6358,0.5929,0.3912,-0.0829,1.4883,0.2242,2.8981,2.8997,2.9052,1.0000,0.0725,1.1425,-0.9310,-0.9332,-0.9409,1.0000,0.2116,-0.4265,1.0728,1.0788,1.0540,1.0000
593.8374,0.6033,0.3902,-0.0828,1.4966,0.2286,2.9000,2.9029,2.8787,1.0000,0.0801,1.1438,-0.9335,-0.9372,-0.9359,1.0000,0.2335,-0.4351,1.0795,1.0862,1.0731,1.0000
594.0436,0.6136,0.3892,-0.0828,1.5133,0.2371,2.9080,2.9091,2.9038,1.0000,0.0955,1.1458,-0.9435,-0.9441,-0.9350,1.0000,0.2716,-0.4492,1.0952,1.0961,1.0827,1.0000
594.2439,0.6241,0.3884,-0.0827,1.5219,0.2414,2.9142,2.9156,2.9081,1.0000,0.1035,1.1465,-0.9504,-0.9520,-0.9467,1.0000,0.2871,-0.4539,1.1043,1.1063,1.0879,1.0000
594.4442,0.6348,0.3877,-0.0827,1.5306,0.2456,2.9217,2.9258,2.9093,1.0000,0.1114,1.1470,-0.9584,-0.9627,-0.9474,1.0000,0.3009,-0.4578,1.1144,1.1186,1.1142,1.0000
594.6451,0.6455,0.3869,-0.0827,1.5396,0.2497,2.9303,2.9350,2.9092,1.0000,0.1193,1.1476,-0.9671,-0.9707,-0.9461,1.0000,0.3135,-0.4612,1.1252,1.1298,1.1227,1.0000
594.8663,0.6455,0.3869,-0.0827,1.5396,0.2497,2.9303,2.9389,2.9252,1.0000,0.1193,1.1476,-0.9671,-0.9752,-0.9548,1.0000,0.3135,-0.4612,1.1252,1.1357,1.1238,1.0000
595.0683,0.6663,0.3849,-0.0826,1.5578,0.2579,2.9504,2.9504,2.9370,1.0000,0.1350,1.1487,-0.9852,-0.9852,-0.9480,1.0000,0.3356,-0.4661,1.1491,1.1491,1.1445,1.0000
595.2711,0.6767,0.3840,-0.0826,1.5670,0.2619,2.9615,2.9637,2.9250,1.0000,0.1429,1.1491,-0.9941,-0.9950,-0.9577,1.0000,0.3454,-0.4676,1.1616,1.1629,1.1605,1.0000
595.4763,0.6873,0.3832,-0.0826,1.5763,0.2660,2.9730,2.9753,2.9404,1.0000,0.1507,1.1497,-1.0025,-1.0033,-0.9720,1.0000,0.3549,-0.4689,1.1743,1.1756,1.1550,1.0000
595.6768,0.6980,0.3825,-0.0826,1.5857,0.2700,2.9846,2.9846,2.9629,1.0000,0.1585,1.1503,-1.0102,-1.0102,-0.9781,1.0000,0.3642,-0.4701,1.1870,1.1857,1.1690,1.0000
595.8814,0.7086,0.3816,-0.0825,1.5857,0.2700,2.9846,2.9950,2.9804,1.0000,0.1585,1.1503,-1.0102,-1.0162,-0.9903,1.0000,0.3642,-0.4701,1.1870,1.1980,1.1952,1.0000
596.0928,0.7191,0.3806,-0.0825,1.5951,0.2740,2.9961,3.0061,2.9907,1.0000,0.1661,1.1512,-1.0168,-1.0217,-1.0193,1.0000,0.3732,-0.4711,1.1992,1.2094,1.1939,1.0000
596.3111,0.7295,0.3796,-0.0825,1.6138,0.2820,3.0177,3.0167,2.9962,1.0000,0.1737,1.1522,-1.0222,-1.0258,-1.0293,1.0000,0.3822,-0.4719,1.2104,1.2195,1.2145,1.0000
596.5146,0.7295,0.3796,-0.0825,1.6138,0.2820,3.0177,3.0264,3.0276,1.0000,0.1812,1.1533,-1.0262,-1.0285,-1.0332,1.0000,0.3913,-0.4725,1.2204,1.2280,1.2270,1.0000
596.7172,0.7400,0.3788,-0.0825,1.6230,0.2860,3.0274,3.0354,3.0334,1.0000,0.1887,1.1546,-1.0287,-1.0296,-1.0138,1.0000,0.4008,-0.4729,1.2287,1.2346,1.2335,1.0000
596.9578,0.7506,0.3780,-0.0825,1.6322,0.2899,3.0362,3.0433,3.0344,1.0000,0.1960,1.1562,-1.0296,-1.0290,-1.0180,1.0000,0.4105,-0.4732,1.2351,1.2390,1.2384,1.0000
597.1700,0.7613,0.3772,-0.0826,1.6413,0.2938,3.0441,3.0503,3.0430,1.0000,0.2032,1.1579,-1.0288,-1.0268,-1.0321,1.0000,0.4203,-0.4732,1.2393,1.2411,1.2361,1.0000
597.3956,0.7719,0.3763,-0.0826,1.6504,0.2977,3.0509,3.0562,3.0494,1.0000,0.2103,1.1599,-1.0265,-1.0230,-1.0209,1.0000,0.4302,-0.4728,1.2412,1.2409,1.2401,1.0000
597.6241,0.7823,0.3753,-0.0826,1.6598,0.3013,3.0567,3.0610,3.0596,1.0000,0.2174,1.1621,-1.0226,-1.0179,-1.0079,1.0000,0.4403,-0.4722,1.2408,1.2385,1.2395,1.0000
597.8470,0.8032,0.3736,-0.0826,1.6699,0.3046,3.0615,3.0648,3.0643,1.0000,0.2243,1.1644,-1.0173,-1.0115,-1.0270,1.0000,0.4507,-0.4714,1.2381,1.2339,1.2540,1.0000
598.0585,0.8139,0.3729,-0.0826,1.6804,0.3076,3.0652,3.0676,3.0736,1.0000,0.2311,1.1669,-1.0108,-1.0040,-1.0273,1.0000,0.4612,-0.4703,1.2334,1.2274,1.2536,1.0000
598.2828,0.8139,0.3729,-0.0826,1.6910,0.3105,3.0679,3.0695,3.0757,1.0000,0.2379,1.1696,-1.0032,-0.9957,-1.0052,1.0000,0.4718,-0.4691,1.2267,1.2193,1.2449,1.0000
598.4845,0.8350,0.3710,-0.0827,1.7132,0.3154,3.0708,3.0707,3.0696,1.0000,0.2445,1.1723,-0.9948,-0.9868,-0.9979,1.0000,0.4825,-0.4676,1.2184,1.2097,1.2512,1.0000
598.6887,0.8453,0.3700,-0.0827,1.7267,0.3170,3.0714,3.0715,3.0839,1.0000,0.2576,1.1780,-0.9765,-0.9756,-0.9817,1.0000,0.5042,-0.4642,1.1978,1.1967,1.2187,1.0000
598.8956,0.8558,0.3692,-0.0827,1.7422,0.3178,3.0717,3.0718,3.0779,1.0000,0.2642,1.1808,-0.9670,-0.9642,-0.9850,1.0000,0.5151,-0.4624,1.1864,1.1829,1.2053,1.0000
599.0956,0.8664,0.3684,-0.0827,1.7586,0.3185,3.0719,3.0719,3.0784,1.0000,0.2710,1.1834,-0.9576,-0.9566,-0.9701,1.0000,0.5261,-0.4605,1.1747,1.1747,1.2097,1.0000
599.3047,0.8770,0.3677,-0.0828,1.7586,0.3185,3.0719,3.0719,3.0681,1.0000,0.2710,1.1834,-0.9576,-0.9494,-0.9646,1.0000,0.5261,-0.4605,1.1747,1.1643,1.1904,1.0000
599.5295,0.8876,0.3667,-0.0828,1.7759,0.3190,3.0719,3.0721,3.0689,1.0000,0.2779,1.1859,-0.9485,-0.9409,-0.9491,1.0000,0.5370,-0.4587,1.1632,1.1532,1.1816,1.0000
599.7404,0.8876,0.3667,-0.0828,1.7956,0.3187,3.0721,3.0727,3.0750,1.0000,0.2853,1.1882,-0.9401,-0.9333,-0.9281,1.0000,0.5479,-0.4570,1.1521,1.1429,1.1734,1.0000
599.9600,0.8980,0.3657,-0.0828,1.8180,0.3169,3.0728,3.0738,3.0694,1.0000,0.2931,1.1901,-0.9326,-0.9269,-0.9330,1.0000,0.5588,-0.4554,1.1419,1.1338,1.1686,1.0000
600.2101,0.9084,0.3648,-0.0828,1.8413,0.3138,3.0739,3.0753,3.0545,1.0000,0.3014,1.1916,-0.9263,-0.9218,-0.9418,1.0000,0.5695,-0.4539,1.1329,1.1260,1.1458,1.0000
600.4201,0.9190,0.3640,-0.0828,1.8645,0.3097,3.0755,3.0772,3.0659,1.0000,0.3103,1.1927,-0.9214,-0.9182,-0.9310,1.0000,0.5802,-0.4525,1.1253,1.1199,1.1482,1.0000
600.6228,0.9402,0.3625,-0.0829,1.8874,0.3049,3.0774,3.0791,3.0790,1.0000,0.3194,1.1936,-0.9179,-0.9160,-0.9165,1.0000,0.5907,-0.4513,1.1194,1.1156,1.1430,1.0000
600.8236,0.9508,0.3615,-0.0829,1.9098,0.2998,3.0793,3.0808,3.0816,1.0000,0.3287,1.1943,-0.9159,-0.9153,-0.9139,1.0000,0.6011,-0.4503,1.1152,1.1130,1.1330,1.0000
601.0352,0.9612,0.3605,-0.0829,1.9507,0.2877,3.0821,3.0820,3.0751,1.0000,0.3385,1.1946,-0.9153,-0.9160,-0.9443,1.0000,0.6113,-0.4494,1.1128,1.1122,1.1117,1.0000
601.2496,0.9716,0.3596,-0.0829,1.9684,0.2809,3.0827,3.0827,3.0659,1.0000,0.3596,1.1940,-0.9184,-0.9187,-0.9487,1.0000,0.6312,-0.4485,1.1133,1.1135,1.1087,1.0000
601.4507,0.9822,0.3588,-0.0829,1.9844,0.2747,3.0826,3.0823,3.0832,1.0000,0.3700,1.1936,-0.9220,-0.9237,-0.9314,1.0000,0.6405,-0.4486,1.1155,1.1164,1.1184,1.0000
601.6598,0.9928,0.3581,-0.0829,1.9990,0.2697,3.0817,3.0817,3.0832,1.0000,0.3803,1.1932,-0.9266,-0.9266,-0.9183,1.0000,0.6405,-0.4486,1.1155,1.1184,1.1245,1.0000
601.8772,1.0034,0.3572,-0.0829,1.9990,0.2697,3.0817,3.0802,3.0888,1.0000,0.3803,1.1932,-0.9266,-0.9315,-0.9144,1.0000,0.6498,-0.4490,1.1188,1.1225,1.1269,1.0000
602.0854,1.0139,0.3562,-0.0829,2.0251,0.2603,3.0775,3.0778,3.0801,1.0000,0.3914,1.1924,-0.9321,-0.9376,-0.9097,1.0000,0.6592,-0.4492,1.1230,1.1275,1.1321,1.0000
602.2952,1.0244,0.3552,-0.0830,2.0369,0.2555,3.0742,3.0734,3.0755,1.0000,0.4165,1.1889,-0.9449,-0.9456,-0.9242,1.0000,0.6771,-0.4506,1.1337,1.1343,1.1132,1.0000
602.5423,1.0348,0.3544,-0.0830,2.0480,0.2514,3.0700,3.0655,3.0623,1.0000,0.4290,1.1871,-0.9516,-0.9576,-0.9529,1.0000,0.6860,-0.4518,1.1398,1.1454,1.1183,1.0000
602.7676,1.0454,0.3537,-0.0830,2.0589,0.2479,3.0650,3.0596,3.0440,1.0000,0.4413,1.1856,-0.9583,-0.9639,-0.9468,1.0000,0.6949,-0.4529,1.1461,1.1516,1.1215,1.0000
602.9765,1.0667,0.3520,-0.0830,2.0695,0.2444,3.0590,3.0529,3.0455,1.0000,0.4543,1.1838,-0.9645,-0.9696,-0.9709,1.0000,0.7039,-0.4538,1.1522,1.1575,1.1412,1.0000
603.1887,1.0771,0.3509,-0.0830,2.0905,0.2371,3.0448,3.0432,3.0453,1.0000,0.4820,1.1793,-0.9749,-0.9754,-0.9658,1.0000,0.7222,-0.4555,1.1634,1.1639,1.1518,1.0000
603.3916,1.0876,0.3500,-0.0830,2.0905,0.2371,3.0448,3.0377,3.0410,1.0000,0.4820,1.1793,-0.9749,-0.9786,-0.9888,1.0000,0.7222,-0.4555,1.1634,1.1675,1.1644,1.0000
603.5939,1.0981,0.3493,-0.0829,2.1119,0.2304,3.0288,3.0296,3.0535,1.0000,0.4953,1.1774,-0.9789,-0.9817,-0.9894,1.0000,0.7315,-0.4565,1.1679,1.1712,1.1708,1.0000
603.7944,1.1087,0.3485,-0.0829,2.1228,0.2271,3.0206,3.0214,3.0466,1.0000,0.5081,1.1759,-0.9819,-0.9838,-0.9816,1.0000,0.7409,-0.4572,1.1715,1.1739,1.1602,1.0000
603.9948,1.1193,0.3477,-0.0829,2.1339,0.2237,3.0126,3.0110,3.0295,1.0000,0.5339,1.1734,-0.9850,-0.9851,-0.9817,1.0000,0.7597,-0.4582,1.1755,1.1756,1.1667,1.0000
604.2022,1.1298,0.3467,-0.0829,2.1451,0.2202,3.0048,2.9982,3.0039,1.0000,0.5469,1.1721,-0.9852,-0.9847,-0.9642,1.0000,0.7694,-0.4585,1.1757,1.1748,1.1617,1.0000
604.4100,1.1403,0.3457,-0.0829,2.1564,0.2169,2.9975,2.9922,2.9949,1.0000,0.5597,1.1711,-0.9846,-0.9838,-0.9666,1.0000,0.7792,-0.4587,1.1746,1.1731,1.1777,1.0000
604.6435,1.1508,0.3449,-0.0829,2.1677,0.2136,2.9909,2.9855,2.9832,1.0000,0.5722,1.1703,-0.9834,-0.9819,-0.9669,1.0000,0.7890,-0.4588,1.1723,1.1692,1.1726,1.0000
604.8802,1.1613,0.3441,-0.0829,2.1793,0.2103,2.9850,2.9804,2.9866,1.0000,0.5847,1.1696,-0.9817,-0.9798,-0.9605,1.0000,0.7989,-0.4587,1.1689,1.1649,1.1712,1.0000
605.0956,1.1825,0.3425,-0.0829,2.1908,0.2070,2.9799,2.9759,2.9895,1.0000,0.5972,1.1690,-0.9795,-0.9775,-0.9485,1.0000,0.8088,-0.4584,1.1644,1.1596,1.1543,1.0000
605.3101,1.1930,0.3414,-0.0829,2.2019,0.2039,2.9754,2.9719,2.9708,1.0000,0.6097,1.1683,-0.9772,-0.9751,-0.9396,1.0000,0.8189,-0.4581,1.1591,1.1536,1.1584,1.0000
605.5103,1.2035,0.3405,-0.0829,2.2236,0.1980,2.9683,2.9672,2.9747,1.0000,0.6346,1.1671,-0.9727,-0.9720,-0.9523,1.0000,0.8390,-0.4582,1.1464,1.1437,1.1683,1.0000
605.7106,1.2140,0.3397,-0.0829,2.2341,0.1952,2.9656,2.9647,2.9738,1.0000,0.6470,1.1665,-0.9709,-0.9703,-0.9711,1.0000,0.8491,-0.4585,1.1395,1.1368,1.1547,1.0000
605.9107,1.2246,0.3390,-0.0829,2.2437,0.1926,2.9634,2.9630,2.9802,1.0000,0.6594,1.1659,-0.9696,-0.9694,-0.9757,1.0000,0.8591,-0.4588,1.1325,1.1312,1.1477,1.0000
606.1208,1.2352,0.3382,-0.0828,2.2526,0.1903,2.9614,2.9610,2.9519,1.0000,0.6719,1.1651,-0.9688,-0.9688,-0.9684,1.0000,0.8691,-0.4594,1.1255,1.1248,1.1579,1.0000
606.3241,1.2457,0.3372,-0.0828,2.2613,0.1882,2.9596,2.9589,2.9549,1.0000,0.6844,1.1643,-0.9688,-0.9689,-0.9536,1.0000,0.8792,-0.4605,1.1186,1.1166,1.1284,1.0000
606.5245,1.2562,0.3362,-0.0828,2.2696,0.1862,2.9579,2.9574,2.9596,1.0000,0.6970,1.1633,-0.9694,-0.9696,-0.9536,1.0000,0.8894,-0.4622,1.1119,1.1106,1.1171,1.0000
606.7289,1.2667,0.3353,-0.0828,2.2774,0.1842,2.9563,2.9550,2.9617,1.0000,0.7096,1.1624,-0.9707,-0.9720,-0.9702,1.0000,0.8996,-0.4641,1.1056,1.1014,1.1187,1.0000
606.9332,1.2772,0.3346,-0.0828,2.2844,0.1824,2.9547,2.9536,2.9589,1.0000,0.7223,1.1613,-0.9727,-0.9745,-0.9724,1.0000,0.9097,-0.4661,1.0997,1.0959,1.1109,1.0000
607.1393,1.2878,0.3339,-0.0828,2.2908,0.1810,2.9532,2.9520,2.9526,1.0000,0.7350,1.1601,-0.9754,-0.9776,-0.9746,1.0000,0.9198,-0.4683,1.0944,1.0911,1.1044,1.0000
607.3399,1.2984,0.3330,-0.0828,2.2970,0.1798,2.9517,2.9512,2.9526,1.0000,0.7477,1.1589,-0.9786,-0.9797,-0.9746,1.0000,0.9302,-0.4709,1.0898,1.0885,1.1044,1.0000
607.5445,1.3089,0.3320,-0.0828,2.3032,0.1785,2.9504,2.9501,2.9411,1.0000,0.7605,1.1575,-0.9823,-0.9827,-0.9874,1.0000,0.9406,-0.4740,1.0860,1.0856,1.1077,1.0000
607.7498,1.3194,0.3310,-0.0828,2.3093,0.1770,2.9492,2.9493,2.9290,1.0000,0.7605,1.1575,-0.9823,-0.9860,-0.9928,1.0000,0.9406,-0.4740,1.0860,1.0834,1.0922,1.0000
607.9631,1.3194,0.3310,-0.0828,2.3093,0.1770,2.9492,2.9482,2.9251,1.0000,0.7734,1.1562,-0.9864,-0.9903,-0.9915,1.0000,0.9510,-0.4773,1.0831,1.0814,1.0962,1.0000
608.1882,1.3405,0.3295,-0.0828,2.3151,0.1757,2.9481,2.9473,2.9485,1.0000,0.7862,1.1548,-0.9908,-0.9948,-0.9844,1.0000,0.9612,-0.4807,1.0813,1.0805,1.0827,1.0000
608.4024,1.3510,0.3287,-0.0828,2.3206,0.1746,2.9472,2.9464,2.9526,1.0000,0.7990,1.1534,-0.9953,-0.9993,-0.9806,1.0000,0.9714,-0.4843,1.0805,1.0806,1.0779,1.0000
608.6144,1.3616,0.3278,-0.0828,2.3262,0.1736,2.9464,2.9457,2.9610,1.0000,0.8119,1.1520,-0.9998,-1.0038,-0.9851,1.0000,0.9816,-0.4881,1.0807,1.0817,1.0755,1.0000
608.8197,1.3721,0.3268,-0.0828,2.3320,0.1725,2.9457,2.9451,2.9422,1.0000,0.8247,1.1506,-1.0042,-1.0081,-1.0136,1.0000,0.9920,-0.4923,1.0819,1.0838,1.0557,1.0000
609.0208,1.3826,0.3259,-0.0828,2.3436,0.1699,2.9445,2.9444,2.9558,1.0000,0.8504,1.1481,-1.0124,-1.0124,-1.0274,1.0000,1.0124,-0.5012,1.0873,1.0873,1.0749,1.0000
609.2246,1.3931,0.3251,-0.0828,2.3492,0.1689,2.9440,2.9437,2.9465,1.0000,0.8631,1.1469,-1.0160,-1.0188,-1.0179,1.0000,1.0225,-0.5057,1.0913,1.0951,1.0734,1.0000
609.4677,1.4037,0.3244,-0.0828,2.3548,0.1679,2.9436,2.9433,2.9319,1.0000,0.8758,1.1458,-1.0191,-1.0214,-1.0085,1.0000,1.0327,-0.5104,1.0961,1.1010,1.0914,1.0000
609.6753,1.4143,0.3236,-0.0828,2.3605,0.1668,2.9433,2.9431,2.9439,1.0000,0.8885,1.1448,-1.0216,-1.0235,-0.9987,1.0000,1.0429,-0.5154,1.1016,1.1070,1.0869,1.0000
609.9027,1.4248,0.3226,-0.0828,2.3663,0.1655,2.9431,2.9429,2.9531,1.0000,0.9011,1.1439,-1.0237,-1.0252,-1.0061,1.0000,1.0531,-0.5205,1.1076,1.1134,1.1041,1.0000
610.1028,1.4353,0.3216,-0.0828,2.3721,0.1643,2.9429,2.9427,2.9415,1.0000,0.9137,1.1430,-1.0253,-1.0263,-1.0147,1.0000,1.0632,-0.5255,1.1140,1.1200,1.0987,1.0000
610.3193,1.4458,0.3207,-0.0828,2.3778,0.1632,2.9427,2.9425,2.9363,1.0000,0.9262,1.1423,-1.0264,-1.0270,-1.0127,1.0000,1.0733,-0.5306,1.1207,1.1268,1.1269,1.0000
610.5549,1.4563,0.3200,-0.0828,2.3834,0.1622,2.9425,2.9423,2.9301,1.0000,0.9387,1.1416,-1.0270,-1.0273,-1.0270,1.0000,1.0834,-0.5357,1.1275,1.1337,1.1355,1.0000
610.7741,1.4669,0.3193,-0.0828,2.3890,0.1611,2.9423,2.9422,2.9388,1.0000,0.9512,1.1411,-1.0273,-1.0274,-1.0247,1.0000,1.0936,-0.5410,1.1344,1.1404,1.1389,1.0000
611.0000,1.4880,0.3174,-0.0828,2.3948,0.1599,2.9421,2.9419,2.9435,1.0000,0.9636,1.1405,-1.0273,-1.0272,-1.0240,1.0000,1.1038,-0.5462,1.1411,1.1469,1.1417,1.0000
611.2215,1.4985,0.3164,-0.0828,2.4006,0.1587,2.9419,2.9417,2.9496,1.0000,0.9760,1.1401,-1.0271,-1.0269,-1.0274,1.0000,1.1140,-0.5513,1.1476,1.1531,1.1386,1.0000
611.4523,1.5090,0.3157,-0.0828,2.4062,0.1576,2.9417,2.9414,2.9575,1.0000,0.9883,1.1396,-1.0268,-1.0266,-1.0176,1.0000,1.1242,-0.5564,1.1537,1.1588,1.1461,1.0000
611.6844,1.5090,0.3157,-0.0828,2.4118,0.1566,2.9414,2.9410,2.9525,1.0000,1.0007,1.1392,-1.0265,-1.0262,-1.0152,1.0000,1.1345,-0.5614,1.1594,1.1640,1.1474,1.0000
611.8980,1.5301,0.3142,-0.0828,2.4175,0.1556,2.9410,2.9406,2.9624,1.0000,1.0130,1.1388,-1.0262,-1.0260,-1.0200,1.0000,1.1448,-0.5664,1.1645,1.1686,1.1433,1.0000
612.1282,1.5407,0.3132,-0.0828,2.4232,0.1544,2.9405,2.9400,2.9599,1.0000,1.0254,1.1384,-1.0260,-1.0259,-1.0325,1.0000,1.1552,-0.5713,1.1690,1.1725,1.1325,1.0000
612.3284,1.5512,0.3122,-0.0828,2.4345,0.1521,2.9393,2.9393,2.9386,1.0000,1.0501,1.1376,-1.0262,-1.0262,-1.0318,1.0000,1.1656,-0.5761,1.1728,1.1757,1.1540,1.0000
612.5296,1.5617,0.3113,-0.0828,2.4402,0.1511,2.9385,2.9385,2.9421,1.0000,1.0624,1.1371,-1.0268,-1.0268,-1.0336,1.0000,1.1865,-0.5852,1.1785,1.1785,1.1569,1.0000
612.7345,1.5722,0.3106,-0.0828,2.4464,0.1500,2.9378,2.9377,2.9430,1.0000,1.0748,1.1366,-1.0278,-1.0279,-1.0236,1.0000,1.1970,-0.5897,1.1803,1.1803,1.1606,1.0000
612.9576,1.5722,0.3106,-0.0828,2.4464,0.1500,2.9378,2.9373,2.9449,1.0000,1.0748,1.1366,-1.0278,-1.0291,-1.0333,1.0000,1.1970,-0.5897,1.1803,1.1814,1.1546,1.0000
613.1836,1.5828,0.3099,-0.0828,2.4530,0.1488,2.9372,2.9368,2.9515,1.0000,1.0873,1.1360,-1.0292,-1.0309,-1.0360,1.0000,1.2076,-0.5941,1.1814,1.1818,1.1732,1.0000
613.3905,1.5933,0.3090,-0.0828,2.4600,0.1477,2.9368,2.9365,2.9578,1.0000,1.0997,1.1353,-1.0311,-1.0331,-1.0307,1.0000,1.2182,-0.5983,1.1819,1.1817,1.1605,1.0000
613.6082,1.6039,0.3080,-0.0828,2.4674,0.1467,2.9365,2.9364,2.9412,1.0000,1.1122,1.1347,-1.0333,-1.0356,-1.0441,1.0000,1.2288,-0.6025,1.1816,1.1809,1.1722,1.0000
613.8341,1.6144,0.3070,-0.0828,2.4755,0.1458,2.9365,2.9366,2.9421,1.0000,1.1247,1.1340,-1.0359,-1.0385,-1.0281,1.0000,1.2394,-0.6065,1.1808,1.1797,1.1643,1.0000
614.0372,1.6249,0.3062,-0.0828,2.4844,0.1450,2.9366,2.9369,2.9427,1.0000,1.1372,1.1332,-1.0388,-1.0416,-1.0414,1.0000,1.2501,-0.6105,1.1795,1.1779,1.1808,1.0000
614.2795,1.6354,0.3055,-0.0828,2.4941,0.1442,2.9369,2.9374,2.9484,1.0000,1.1497,1.1325,-1.0419,-1.0448,-1.0384,1.0000,1.2608,-0.6144,1.1778,1.1759,1.1841,1.0000
614.4958,1.6566,0.3038,-0.0828,2.5047,0.1436,2.9375,2.9383,2.9409,1.0000,1.1623,1.1317,-1.0452,-1.0483,-1.0505,1.0000,1.2715,-0.6183,1.1757,1.1736,1.1836,1.0000
614.6972,1.6671,0.3028,-0.0828,2.5276,0.1433,2.9395,2.9395,2.9334,1.0000,1.1874,1.1301,-1.0522,-1.0518,-1.0519,1.0000,1.2823,-0.6221,1.1733,1.1711,1.1718,1.0000
614.9133,1.6776,0.3019,-0.0828,2.5276,0.1433,2.9395,2.9407,2.9337,1.0000,1.1874,1.1301,-1.0522,-1.0553,-1.0569,1.0000,1.2930,-0.6259,1.1708,1.1685,1.1897,1.0000
615.1558,1.6776,0.3019,-0.0828,2.5402,0.1435,2.9409,2.9423,2.9394,1.0000,1.1999,1.1293,-1.0557,-1.0588,-1.0510,1.0000,1.3037,-0.6297,1.1682,1.1659,1.1870,1.0000
615.3825,1.6881,0.3012,-0.0828,2.5537,0.1438,2.9424,2.9439,2.9370,1.0000,1.2125,1.1285,-1.0592,-1.0622,-1.0539,1.0000,1.3145,-0.6335,1.1656,1.1634,1.1822,1.0000
615.5826,1.7092,0.2996,-0.0828,2.5810,0.1449,2.9460,2.9464,2.9505,1.0000,1.2376,1.1271,-1.0657,-1.0660,-1.0682,1.0000,1.3360,-0.6411,1.1607,1.1605,1.1814,1.0000
615.7904,1.7198,0.2987,-0.0828,2.5947,0.1456,2.9480,2.9478,2.9531,1.0000,1.2376,1.1271,-1.0657,-1.0684,-1.0634,1.0000,1.3360,-0.6411,1.1607,1.1588,1.1624,1.0000
615.9945,1.7303,0.2977,-0.0828,2.5947,0.1456,2.9480,2.9499,2.9607,1.0000,1.2501,1.1264,-1.0687,-1.0711,-1.0590,1.0000,1.3466,-0.6450,1.1586,1.1569,1.1635,1.0000
616.1999,1.7408,0.2968,-0.0828,2.6086,0.1466,2.9501,2.9520,2.9654,1.0000,1.2626,1.1258,-1.0714,-1.0735,-1.0656,1.0000,1.3573,-0.6489,1.1568,1.1555,1.1684,1.0000
616.4049,1.7408,0.2968,-0.0828,2.6223,0.1475,2.9523,2.9544,2.9600,1.0000,1.2750,1.1253,-1.0737,-1.0756,-1.0760,1.0000,1.3681,-0.6529,1.1554,1.1546,1.1801,1.0000
616.6082,1.7619,0.2954,-0.0828,2.6357,0.1483,2.9546,2.9568,2.9372,1.0000,1.2875,1.1248,-1.0758,-1.0775,-1.0709,1.0000,1.3785,-0.6568,1.1545,1.1541,1.1685,1.0000
616.8084,1.7725,0.2945,-0.0828,2.6617,0.1498,2.9596,2.9620,2.9459,1.0000,1.3123,1.1240,-1.0792,-1.0801,-1.1005,1.0000,1.3984,-0.6638,1.1542,1.1545,1.1740,1.0000
617.0379,1.7830,0.2935,-0.0828,2.6746,0.1507,2.9622,2.9647,2.9463,1.0000,1.3247,1.1237,-1.0804,-1.0814,-1.0841,1.0000,1.4081,-0.6670,1.1548,1.1557,1.1882,1.0000
617.2577,1.7935,0.2925,-0.0828,2.6875,0.1515,2.9650,2.9675,2.9433,1.0000,1.3371,1.1235,-1.0815,-1.0822,-1.0872,1.0000,1.4174,-0.6700,1.1559,1.1572,1.1837,1.0000
617.4835,1.8146,0.2911,-0.0828,2.7004,0.1523,2.9677,2.9703,2.9594,1.0000,1.3494,1.1232,-1.0823,-1.0829,-1.0741,1.0000,1.4261,-0.6723,1.1574,1.1591,1.1647,1.0000
617.6852,1.8251,0.2903,-0.0828,2.7261,0.1538,2.9734,2.9746,2.9579,1.0000,1.3740,1.1229,-1.0836,-1.0838,-1.0793,1.0000,1.4422,-0.6750,1.1617,1.1624,1.1298,1.0000
617.9229,1.8357,0.2893,-0.0828,2.7390,0.1546,2.9763,2.9788,2.9726,1.0000,1.3864,1.1228,-1.0842,-1.0848,-1.1040,1.0000,1.4498,-0.6759,1.1643,1.1667,1.1678,1.0000
618.1293,1.8462,0.2883,-0.0828,2.7518,0.1554,2.9791,2.9816,2.9598,1.0000,1.3987,1.1227,-1.0849,-1.0855,-1.1008,1.0000,1.4572,-0.6768,1.1670,1.1696,1.1499,1.0000
618.3345,1.8673,0.2867,-0.0828,2.7775,0.1569,2.9846,2.9863,2.9638,1.0000,1.4233,1.1224,-1.0865,-1.0871,-1.0949,1.0000,1.4709,-0.6765,1.1727,1.1740,1.1538,1.0000
618.5512,1.8673,0.2867,-0.0828,2.7775,0.1569,2.9846,2.9870,2.9735,1.0000,1.4233,1.1224,-1.0865,-1.0875,-1.1023,1.0000,1.4709,-0.6765,1.1727,1.1750,1.1630,1.0000
618.7534,1.8884,0.2852,-0.0828,2.8032,0.1584,2.9899,2.9916,2.9941,1.0000,1.4479,1.1221,-1.0890,-1.0901,-1.0827,1.0000,1.4836,-0.6757,1.1776,1.1789,1.1988,1.0000
618.9821,1.8989,0.2842,-0.0828,2.8160,0.1592,2.9923,2.9945,2.9975,1.0000,1.4603,1.1219,-1.0906,-1.0922,-1.0918,1.0000,1.4902,-0.6752,1.1794,1.1805,1.1824,1.0000
619.2157,1.9094,0.2832,-0.0828,2.8288,0.1599,2.9947,2.9967,3.0064,1.0000,1.4726,1.1217,-1.0924,-1.0943,-1.0859,1.0000,1.4963,-0.6737,1.1806,1.1811,1.1728,1.0000
619.4419,1.9305,0.2817,-0.0828,2.8416,0.1606,2.9969,2.9988,2.9859,1.0000,1.4850,1.1215,-1.0945,-1.0967,-1.0828,1.0000,1.5021,-0.6716,1.1811,1.1808,1.1777,1.0000
619.6458,1.9411,0.2809,-0.0828,2.8544,0.1614,2.9990,3.0006,2.9996,1.0000,1.4974,1.1212,-1.0969,-1.0993,-1.0830,1.0000,1.5080,-0.6696,1.1808,1.1797,1.1887,1.0000
619.8481,1.9516,0.2800,-0.0828,2.8800,0.1628,3.0025,3.0031,2.9939,1.0000,1.5222,1.1206,-1.1024,-1.1033,-1.0863,1.0000,1.5202,-0.6657,1.1774,1.1765,1.1789,1.0000
620.0493,1.9621,0.2790,-0.0828,2.8927,0.1636,3.0040,3.0051,3.0032,1.0000,1.5346,1.1202,-1.1054,-1.1072,-1.0907,1.0000,1.5259,-0.6626,1.1742,1.1718,1.1837,1.0000
620.2926,1.9726,0.2781,-0.0828,2.9055,0.1643,3.0055,3.0067,3.0018,1.0000,1.5470,1.1199,-1.1085,-1.1114,-1.1015,1.0000,1.5314,-0.6594,1.1700,1.1654,1.1640,1.0000
620.5171,1.9832,0.2773,-0.0828,2.9182,0.1650,3.0068,3.0080,2.9966,1.0000,1.5595,1.1196,-1.1117,-1.1145,-1.1006,1.0000,1.5372,-0.6566,1.1649,1.1594,1.1701,1.0000
620.7243,2.0043,0.2758,-0.0828,2.9310,0.1657,3.0081,3.0093,3.0083,1.0000,1.5719,1.1192,-1.1149,-1.1177,-1.1178,1.0000,1.5431,-0.6540,1.1587,1.1524,1.1879,1.0000
620.9259,2.0148,0.2749,-0.0828,2.9565,0.1672,3.0107,3.0107,2.9946,1.0000,1.5844,1.1189,-1.1180,-1.1207,-1.1082,1.0000,1.5489,-0.6512,1.1516,1.1445,1.1680,1.0000
621.1304,2.0253,0.2739,-0.0828,2.9692,0.1679,3.0119,3.0122,2.9937,1.0000,1.6092,1.1184,-1.1239,-1.1242,-1.1126,1.0000,1.5600,-0.6446,1.1349,1.1339,1.1613,1.0000
621.3359,2.0359,0.2730,-0.0828,2.9820,0.1686,3.0133,3.0131,2.9896,1.0000,1.6092,1.1184,-1.1239,-1.1264,-1.1179,1.0000,1.5600,-0.6446,1.1349,1.1263,1.1542,1.0000
621.5639,2.0464,0.2723,-0.0828,2.9948,0.1693,3.0148,3.0146,3.0057,1.0000,1.6216,1.1182,-1.1267,-1.1290,-1.1196,1.0000,1.5658,-0.6414,1.1253,1.1163,1.1515,1.0000
621.7643,2.0570,0.2716,-0.0828,3.0076,0.1700,3.0163,3.0162,3.0160,1.0000,1.6341,1.1180,-1.1292,-1.1314,-1.1204,1.0000,1.5717,-0.6383,1.1153,1.1058,1.1348,1.0000
621.9708,2.0675,0.2707,-0.0828,3.0204,0.1707,3.0180,3.0190,3.0281,1.0000,1.6589,1.1177,-1.1338,-1.1348,-1.1613,1.0000,1.5832,-0.6316,1.0939,1.0884,1.1414,1.0000
622.1710,2.0780,0.2697,-0.0828,3.0333,0.1714,3.0197,3.0214,2.9980,1.0000,1.6712,1.1177,-1.1358,-1.1372,-1.1310,1.0000,1.5889,-0.6282,1.0828,1.0739,1.1109,1.0000
622.3711,2.0885,0.2688,-0.0828,3.0462,0.1721,3.0216,3.0234,3.0063,1.0000,1.6836,1.1177,-1.1376,-1.1391,-1.1245,1.0000,1.5947,-0.6248,1.0717,1.0617,1.0932,1.0000
622.5824,2.0991,0.2680,-0.0828,3.0590,0.1728,3.0235,3.0253,3.0067,1.0000,1.6960,1.1177,-1.1393,-1.1407,-1.1275,1.0000,1.6006,-0.6215,1.0605,1.0507,1.0793,1.0000
622.8221,2.1096,0.2673,-0.0828,3.0719,0.1735,3.0255,3.0274,3.0181,1.0000,1.7084,1.1177,-1.1409,-1.1422,-1.1419,1.0000,1.6064,-0.6181,1.0496,1.0399,1.0511,1.0000
623.0221,2.1307,0.2656,-0.0828,3.0978,0.1749,3.0298,3.0304,3.0190,1.0000,1.7330,1.1179,-1.1437,-1.1441,-1.1431,1.0000,1.6177,-0.6114,1.0285,1.0265,1.0368,1.0000
623.2229,2.1412,0.2646,-0.0828,3.1107,0.1756,3.0320,3.0334,3.0482,1.0000,1.7454,1.1180,-1.1450,-1.1457,-1.1426,1.0000,1.6234,-0.6081,1.0187,1.0140,1.0180,1.0000
623.4665,2.1518,0.2637,-0.0828,3.1236,0.1763,3.0343,3.0364,3.0387,1.0000,1.7577,1.1182,-1.1463,-1.1476,-1.1317,1.0000,1.6291,-0.6048,1.0094,1.0016,1.0119,1.0000
623.6706,2.1623,0.2630,-0.0828,3.1366,0.1770,3.0366,3.0387,3.0486,1.0000,1.7701,1.1183,-1.1477,-1.1490,-1.1515,1.0000,1.6346,-0.6017,1.0008,0.9936,1.0015,1.0000
623.8986,2.1729,0.2623,-0.0828,3.1496,0.1777,3.0389,3.0410,3.0453,1.0000,1.7824,1.1184,-1.1491,-1.1505,-1.1467,1.0000,1.6401,-0.5985,0.9928,0.9863,0.9969,1.0000
624.1084,2.1834,0.2615,-0.0828,3.1625,0.1784,3.0413,3.0433,3.0502,1.0000,1.7948,1.1186,-1.1506,-1.1520,-1.1461,1.0000,1.6456,-0.5954,0.9856,0.9797,0.9849,1.0000
624.3387,2.1939,0.2605,-0.0828,3.1755,0.1791,3.0436,3.0456,3.0125,1.0000,1.8071,1.1187,-1.1522,-1.1537,-1.1354,1.0000,1.6510,-0.5924,0.9791,0.9738,0.9883,1.0000
624.5663,2.2150,0.2587,-0.0828,3.1885,0.1798,3.0458,3.0478,3.0436,1.0000,1.8195,1.1189,-1.1538,-1.1555,-1.1341,1.0000,1.6564,-0.5894,0.9732,0.9686,0.9890,1.0000
624.7786,2.2255,0.2580,-0.0828,3.2015,0.1805,3.0480,3.0499,3.0449,1.0000,1.8318,1.1190,-1.1556,-1.1574,-1.1370,1.0000,1.6617,-0.5865,0.9681,0.9640,0.9689,1.0000
624.9786,2.2361,0.2572,-0.0828,3.2274,0.1819,3.0521,3.0522,3.0510,1.0000,1.8566,1.1192,-1.1598,-1.1598,-1.1409,1.0000,1.6721,-0.5807,0.9595,0.9595,0.9780,1.0000
625.1804,2.2466,0.2564,-0.0828,3.2403,0.1827,3.0538,3.0539,3.0530,1.0000,1.8690,1.1193,-1.1621,-1.1619,-1.1588,1.0000,1.6721,-0.5807,0.9595,0.9564,0.9537,1.0000
625.3806,2.2571,0.2554,-0.0828,3.2532,0.1834,3.0553,3.0562,3.0542,1.0000,1.8814,1.1194,-1.1646,-1.1662,-1.1547,1.0000,1.6823,-0.5751,0.9529,0.9512,0.9530,1.0000
625.6280,2.2677,0.2544,-0.0828,3.2661,0.1841,3.0568,3.0580,3.0562,1.0000,1.8938,1.1194,-1.1673,-1.1699,-1.1559,1.0000,1.6874,-0.5723,0.9501,0.9478,0.9552,1.0000
625.8466,2.2782,0.2537,-0.0828,3.2790,0.1849,3.0582,3.0593,3.0499,1.0000,1.9062,1.1195,-1.1702,-1.1728,-1.1709,1.0000,1.6924,-0.5695,0.9475,0.9453,0.9561,1.0000
626.0706,2.2888,0.2530,-0.0828,3.2919,0.1856,3.0595,3.0605,3.0336,1.0000,1.9187,1.1195,-1.1731,-1.1757,-1.1645,1.0000,1.6976,-0.5667,0.9451,0.9430,0.9564,1.0000
626.2885,2.2993,0.2522,-0.0828,3.3047,0.1863,3.0607,3.0617,3.0459,1.0000,1.9311,1.1196,-1.1760,-1.1786,-1.1722,1.0000,1.7034,-0.5638,0.9428,0.9408,0.9600,1.0000
626.5375,2.3098,0.2513,-0.0828,3.3176,0.1871,3.0618,3.0628,3.0604,1.0000,1.9436,1.1196,-1.1789,-1.1815,-1.1910,1.0000,1.7097,-0.5607,0.9406,0.9386,0.9476,1.0000
626.7795,2.3204,0.2503,-0.0828,3.3305,0.1878,3.0629,3.0639,3.0617,1.0000,1.9560,1.1197,-1.1818,-1.1843,-1.1908,1.0000,1.7164,-0.5576,0.9383,0.9361,0.9630,1.0000
626.9989,2.3309,0.2494,-0.0828,3.3433,0.1885,3.0640,3.0651,3.0546,1.0000,1.9685,1.1198,-1.1846,-1.1871,-1.1872,1.0000,1.7237,-0.5545,0.9358,0.9332,0.9483,1.0000
627.2062,2.3415,0.2487,-0.0828,3.3562,0.1893,3.0652,3.0655,3.0434,1.0000,1.9809,1.1199,-1.1874,-1.1882,-1.1872,1.0000,1.7317,-0.5512,0.9329,0.9319,0.9483,1.0000
627.4062,2.3520,0.2480,-0.0828,3.3691,0.1900,3.0663,3.0669,3.0514,1.0000,1.9934,1.1200,-1.1900,-1.1911,-1.1927,1.0000,1.7399,-0.5479,0.9295,0.9280,0.9399,1.0000
627.6097,2.3625,0.2472,-0.0828,3.3820,0.1908,3.0675,3.0680,3.0414,1.0000,2.0058,1.1202,-1.1926,-1.1934,-1.1876,1.0000,1.7485,-0.5444,0.9255,0.9242,0.9194,1.0000
627.8330,2.3731,0.2462,-0.0828,3.3820,0.1908,3.0675,3.0687,3.0414,1.0000,2.0058,1.1202,-1.1926,-1.1949,-1.1876,1.0000,1.7485,-0.5444,0.9255,0.9215,0.9194,1.0000
628.0791,2.3731,0.2462,-0.0828,3.3949,0.1915,3.0688,3.0701,3.0552,1.0000,2.0183,1.1203,-1.1951,-1.1973,-1.1944,1.0000,1.7575,-0.5409,0.9211,0.9167,0.9106,1.0000
628.2984,2.3836,0.2453,-0.0828,3.4078,0.1922,3.0703,3.0717,3.0542,1.0000,2.0308,1.1205,-1.1975,-1.1996,-1.1738,1.0000,1.7666,-0.5374,0.9161,0.9113,0.9240,1.0000
628.5062,2.4047,0.2438,-0.0828,3.4208,0.1930,3.0718,3.0734,3.0491,1.0000,2.0432,1.1207,-1.1999,-1.2019,-1.1907,1.0000,1.7755,-0.5339,0.9108,0.9055,0.9172,1.0000
628.7069,2.4152,0.2430,-0.0828,3.4337,0.1937,3.0735,3.0752,3.0746,1.0000,2.0557,1.1209,-1.2021,-1.2041,-1.1685,1.0000,1.7842,-0.5304,0.9049,0.8994,0.9099,1.0000
628.9245,2.4258,0.2421,-0.0828,3.4597,0.1952,3.0773,3.0761,3.0737,1.0000,2.0806,1.1215,-1.2063,-1.2051,-1.1807,1.0000,1.8018,-0.5232,0.8924,0.8963,0.8841,1.0000
629.1366,2.4363,0.2411,-0.0828,3.4727,0.1960,3.0792,3.0761,3.0736,1.0000,2.0931,1.1218,-1.2083,-1.2051,-1.1878,1.0000,1.8106,-0.5196,0.8859,0.8963,0.8986,1.0000
629.3618,2.4468,0.2402,-0.0828,3.4858,0.1967,3.0813,3.0761,3.0814,1.0000,2.1055,1.1221,-1.2101,-1.2051,-1.2167,1.0000,1.8194,-0.5159,0.8791,0.8963,0.8959,1.0000
629.5808,2.4574,0.2395,-0.0828,3.4988,0.1975,3.0834,3.0761,3.0806,1.0000,2.1180,1.1224,-1.2119,-1.2051,-1.1962,1.0000,1.8285,-0.5123,0.8722,0.8963,0.8928,1.0000
629.8088,2.4679,0.2388,-0.0827,3.5119,0.1983,3.0855,3.0761,3.0783,1.0000,2.1305,1.1228,-1.2137,-1.2051,-1.2005,1.0000,1.8379,-0.5088,0.8654,0.8963,0.8885,1.0000
630.0250,2.4785,0.2380,-0.0827,3.5249,0.1991,3.0876,3.0761,3.0925,1.0000,2.1429,1.1232,-1.2155,-1.2051,-1.2030,1.0000,1.8474,-0.5053,0.8588,0.8963,0.8867,1.0000
630.2278,2.4890,0.2371,-0.0827,3.5379,0.1999,3.0898,3.0761,3.1021,1.0000,2.1554,1.1235,-1.2173,-1.2051,-1.2107,1.0000,1.8575,-0.5020,0.8527,0.8963,0.8792,1.0000
630.4464,2.4995,0.2361,-0.0827,3.5506,0.2007,3.0919,3.0761,3.1120,1.0000,2.1679,1.1239,-1.2192,-1.2051,-1.2170,1.0000,1.8683,-0.4990,0.8472,0.8963,0.8665,1.0000
630.6585,2.5100,0.2353,-0.0827,3.5624,0.2017,3.0939,3.0761,3.0930,1.0000,2.1804,1.1243,-1.2211,-1.2051,-1.2289,1.0000,1.8793,-0.4961,0.8423,0.8963,0.8427,1.0000
630.8743,2.5206,0.2346,-0.0827,3.5737,0.2027,3.0957,3.0973,3.1162,1.0000,2.1929,1.1246,-1.2232,-1.2251,-1.2266,1.0000,1.8901,-0.4932,0.8382,0.8351,0.8479,1.0000
631.0791,2.5311,0.2339,-0.0827,3.5850,0.2038,3.0975,3.0990,3.1204,1.0000,2.2054,1.1250,-1.2253,-1.2273,-1.2126,1.0000,1.9012,-0.4904,0.8348,0.8324,0.8626,1.0000
631.3192,2.5417,0.2330,-0.0827,3.5962,0.2048,3.0991,3.1006,3.0996,1.0000,2.2179,1.1253,-1.2276,-1.2297,-1.2131,1.0000,1.9128,-0.4879,0.8321,0.8303,0.8434,1.0000
631.5193,2.5627,0.2311,-0.0827,3.6166,0.2072,3.1023,3.1033,3.1122,1.0000,2.2430,1.1260,-1.2325,-1.2343,-1.2227,1.0000,1.9356,-0.4830,0.8287,0.8282,0.8479,1.0000
631.7253,2.5733,0.2303,-0.0827,3.6265,0.2085,3.1038,3.1050,3.1012,1.0000,2.2555,1.1263,-1.2351,-1.2370,-1.2433,1.0000,1.9465,-0.4804,0.8279,0.8276,0.8625,1.0000
631.9593,2.5838,0.2297,-0.0827,3.6367,0.2098,3.1053,3.1067,3.1154,1.0000,2.2681,1.1266,-1.2378,-1.2403,-1.2324,1.0000,1.9574,-0.4779,0.8275,0.8276,0.8426,1.0000
632.1965,2.5944,0.2289,-0.0827,3.6472,0.2110,3.1068,3.1081,3.1100,1.0000,2.2807,1.1269,-1.2405,-1.2430,-1.2304,1.0000,1.9683,-0.4755,0.8276,0.8280,0.8522,1.0000
632.3975,2.6154,0.2270,-0.0827,3.6679,0.2135,3.1097,3.1097,3.1219,1.0000,2.2932,1.1272,-1.2433,-1.2458,-1.2433,1.0000,1.9791,-0.4732,0.8280,0.8285,0.8318,1.0000
632.6260,2.6260,0.2261,-0.0827,3.6679,0.2135,3.1097,3.1111,3.1172,1.0000,2.3058,1.1275,-1.2461,-1.2486,-1.2532,1.0000,1.9899,-0.4707,0.8286,0.8292,0.8236,1.0000
632.8329,2.6365,0.2254,-0.0827,3.6886,0.2162,3.1128,3.1131,3.1013,1.0000,2.3310,1.1281,-1.2517,-1.2520,-1.2384,1.0000,2.0113,-0.4658,0.8299,0.8300,0.8442,1.0000
633.0403,2.6471,0.2247,-0.0827,3.6991,0.2174,3.1143,3.1156,3.0893,1.0000,2.3436,1.1284,-1.2545,-1.2564,-1.2483,1.0000,2.0220,-0.4633,0.8305,0.8308,0.8318,1.0000
633.2407,2.6576,0.2239,-0.0827,3.7096,0.2187,3.1160,3.1175,3.0938,1.0000,2.3562,1.1288,-1.2572,-1.2596,-1.2484,1.0000,2.0329,-0.4610,0.8309,0.8310,0.8116,1.0000
633.4592,2.6681,0.2229,-0.0827,3.7201,0.2200,3.1177,3.1192,3.1023,1.0000,2.3686,1.1289,-1.2599,-1.2623,-1.2588,1.0000,2.0445,-0.4591,0.8310,0.8308,0.8407,1.0000
633.7009,2.6786,0.2220,-0.0827,3.7306,0.2213,3.1194,3.1210,3.1078,1.0000,2.3806,1.1289,-1.2625,-1.2648,-1.2449,1.0000,2.0565,-0.4577,0.8308,0.8302,0.8459,1.0000
633.9168,2.6892,0.2212,-0.0827,3.7410,0.2226,3.1212,3.1228,3.1071,1.0000,2.3929,1.1290,-1.2651,-1.2673,-1.2328,1.0000,2.0690,-0.4567,0.8301,0.8292,0.8565,1.0000
634.1302,2.7103,0.2198,-0.0827,3.7516,0.2239,3.1230,3.1248,3.1141,1.0000,2.4053,1.1292,-1.2675,-1.2697,-1.2563,1.0000,2.0822,-0.4561,0.8290,0.8278,0.8523,1.0000
634.3334,2.7208,0.2189,-0.0827,3.7724,0.2265,3.1270,3.1280,3.1242,1.0000,2.4294,1.1292,-1.2723,-1.2734,-1.2678,1.0000,2.1117,-0.4569,0.8259,0.8250,0.8407,1.0000
634.5355,2.7313,0.2179,-0.0827,3.7822,0.2278,3.1290,3.1302,3.1242,1.0000,2.4415,1.1291,-1.2745,-1.2756,-1.2686,1.0000,2.1274,-0.4583,0.8240,0.8231,0.8279,1.0000
634.7362,2.7419,0.2170,-0.0828,3.7924,0.2292,3.1310,3.1316,3.1347,1.0000,2.4537,1.1292,-1.2767,-1.2773,-1.2526,1.0000,2.1430,-0.4595,0.8222,0.8219,0.8124,1.0000
634.9435,2.7524,0.2163,-0.0828,3.8026,0.2305,3.1331,3.1329,3.1328,1.0000,2.4537,1.1292,-1.2767,-1.2786,-1.2519,1.0000,2.1430,-0.4595,0.8222,0.8208,0.7967,1.0000
635.1455,2.7630,0.2156,-0.0828,3.8126,0.2317,3.1353,3.1357,3.1343,1.0000,2.4771,1.1285,-1.2807,-1.2809,-1.2465,1.0000,2.1752,-0.4624,0.8197,0.8196,0.8198,1.0000
635.3459,2.7735,0.2148,-0.0828,3.8222,0.2330,3.1374,3.1376,3.1318,1.0000,2.4883,1.1276,-1.2826,-1.2828,-1.2679,1.0000,2.1915,-0.4642,0.8194,0.8195,0.8089,1.0000
635.5466,2.7840,0.2138,-0.0828,3.8318,0.2344,3.1396,3.1400,3.1404,1.0000,2.4992,1.1265,-1.2844,-1.2848,-1.2779,1.0000,2.2074,-0.4658,0.8201,0.8202,0.8118,1.0000
635.7470,2.7945,0.2129,-0.0828,3.8416,0.2358,-3.1414,-3.1407,3.1407,1.0000,2.5095,1.1250,-1.2862,-1.2867,-1.2875,1.0000,2.2228,-0.4672,0.8218,0.8226,0.8102,1.0000
635.9476,2.8051,0.2121,-0.0828,3.8516,0.2371,-3.1392,-3.1387,3.1266,1.0000,2.5193,1.1230,-1.2879,-1.2882,-1.2974,1.0000,2.2380,-0.4686,0.8248,0.8256,0.8161,1.0000
636.1486,2.8156,0.2114,-0.0828,3.8614,0.2384,-3.1369,-3.1360,3.1278,1.0000,2.5286,1.1204,-1.2894,-1.2899,-1.3009,1.0000,2.2531,-0.4702,0.8292,0.8307,0.8243,1.0000
636.3503,2.8262,0.2107,-0.0828,3.8712,0.2397,-3.1347,-3.1329,3.1400,1.0000,2.5376,1.1173,-1.2908,-1.2917,-1.3004,1.0000,2.2681,-0.4719,0.8347,0.8393,0.8336,1.0000
636.5877,2.8367,0.2098,-0.0828,3.8810,0.2411,-3.1325,-3.1305,3.1281,1.0000,2.5464,1.1140,-1.2921,-1.2929,-1.3019,1.0000,2.2829,-0.4737,0.8414,0.8482,0.8344,1.0000
636.8361,2.8472,0.2088,-0.0828,3.8908,0.2425,-3.1303,-3.1283,3.1264,1.0000,2.5550,1.1104,-1.2930,-1.2936,-1.2889,1.0000,2.2976,-0.4754,0.8490,0.8566,0.8410,1.0000
637.0690,2.8578,0.2079,-0.0828,3.9006,0.2438,-3.1281,-3.1261,3.1306,1.0000,2.5637,1.1065,-1.2936,-1.2938,-1.2918,1.0000,2.3121,-0.4773,0.8575,0.8656,0.8603,1.0000
637.2813,2.8789,0.2065,-0.0828,3.9105,0.2452,-3.1259,-3.1239,-3.1343,1.0000,2.5726,1.1025,-1.2937,-1.2934,-1.2879,1.0000,2.3265,-0.4795,0.8665,0.8748,0.8629,1.0000
637.5045,2.8894,0.2057,-0.0828,3.9203,0.2465,-3.1237,-3.1217,-3.1228,1.0000,2.5815,1.0982,-1.2933,-1.2923,-1.2888,1.0000,2.3408,-0.4821,0.8758,0.8842,0.8758,1.0000
637.7091,2.8999,0.2048,-0.0828,3.9301,0.2479,-3.1215,-3.1196,-3.1053,1.0000,2.5904,1.0937,-1.2922,-1.2906,-1.2892,1.0000,2.3552,-0.4845,0.8852,0.8935,0.8643,1.0000
637.9150,2.9104,0.2038,-0.0828,3.9498,0.2507,-3.1173,-3.1175,-3.1063,1.0000,2.5996,1.0892,-1.2904,-1.2882,-1.3101,1.0000,2.3696,-0.4868,0.8944,0.9023,0.8862,1.0000
638.1155,2.9210,0.2030,-0.0828,3.9498,0.2507,-3.1173,-3.1154,-3.1032,1.0000,2.6091,1.0849,-1.2879,-1.2851,-1.3121,1.0000,2.3839,-0.4896,0.9032,0.9106,0.9017,1.0000
638.3463,2.9315,0.2022,-0.0828,3.9596,0.2521,-3.1151,-3.1132,-3.1112,1.0000,2.6187,1.0807,-1.2847,-1.2813,-1.2977,1.0000,2.3982,-0.4934,0.9114,0.9182,0.9076,1.0000
638.5730,2.9421,0.2016,-0.0828,3.9695,0.2535,-3.1130,-3.1112,-3.1182,1.0000,2.6285,1.0764,-1.2809,-1.2771,-1.2874,1.0000,2.4125,-0.4976,0.9189,0.9250,0.9285,1.0000
638.7780,2.9526,0.2007,-0.0828,3.9891,0.2563,-3.1089,-3.1077,-3.1082,1.0000,2.6482,1.0675,-1.2718,-1.2692,-1.2799,1.0000,2.4416,-0.5047,0.9315,0.9342,0.9382,1.0000
639.0179,2.9631,0.1998,-0.0828,3.9990,0.2577,-3.1069,-3.1050,-3.0838,1.0000,2.6581,1.0634,-1.2666,-1.2616,-1.2877,1.0000,2.4564,-0.5089,0.9366,0.9405,0.9325,1.0000
639.2294,2.9737,0.1988,-0.0828,4.0087,0.2590,-3.1048,-3.1030,-3.0855,1.0000,2.6681,1.0593,-1.2611,-1.2560,-1.2779,1.0000,2.4715,-0.5139,0.9409,0.9442,0.9330,1.0000
639.4300,2.9842,0.1980,-0.0828,4.0184,0.2604,-3.1028,-3.1010,-3.0823,1.0000,2.6781,1.0551,-1.2554,-1.2503,-1.2641,1.0000,2.4867,-0.5189,0.9446,0.9473,0.9369,1.0000
639.6458,2.9948,0.1974,-0.0828,4.0282,0.2619,-3.1008,-3.0991,-3.0973,1.0000,2.6883,1.0507,-1.2497,-1.2447,-1.2659,1.0000,2.5015,-0.5233,0.9476,0.9500,0.9526,1.0000
639.8477,3.0053,0.1966,-0.0828,4.0379,0.2633,-3.0989,-3.0971,-3.1059,1.0000,2.6985,1.0463,-1.2441,-1.2393,-1.2505,1.0000,2.5157,-0.5275,0.9502,0.9523,0.9603,1.0000
640.0756,3.0158,0.1958,-0.0828,4.0476,0.2647,-3.0969,-3.0951,-3.0957,1.0000,2.7086,1.0420,-1.2387,-1.2342,-1.2403,1.0000,2.5296,-0.5317,0.9526,0.9545,0.9541,1.0000
640.2883,3.0264,0.1948,-0.0828,4.0573,0.2661,-3.0949,-3.0931,-3.0854,1.0000,2.7187,1.0377,-1.2337,-1.2295,-1.2441,1.0000,2.5435,-0.5361,0.9548,0.9567,0.9698,1.0000
640.5309,3.0369,0.1939,-0.0828,4.0669,0.2675,-3.0929,-3.0911,-3.0990,1.0000,2.7289,1.0332,-1.2291,-1.2254,-1.2322,1.0000,2.5572,-0.5406,0.9569,0.9590,0.9688,1.0000
640.7697,3.0580,0.1925,-0.0828,4.0766,0.2689,-3.0909,-3.0891,-3.0933,1.0000,2.7392,1.0286,-1.2250,-1.2218,-1.2200,1.0000,2.5705,-0.5451,0.9593,0.9617,0.9641,1.0000
640.9965,3.0685,0.1917,-0.0828,4.0864,0.2703,-3.0889,-3.0871,-3.0960,1.0000,2.7496,1.0237,-1.2214,-1.2187,-1.2234,1.0000,2.5834,-0.5494,0.9620,0.9650,0.9700,1.0000
641.1975,3.0791,0.1908,-0.0828,4.0961,0.2718,-3.0869,-3.0851,-3.1092,1.0000,2.7599,1.0189,-1.2185,-1.2163,-1.2262,1.0000,2.5972,-0.5543,0.9654,0.9690,0.9605,1.0000
641.3976,3.0896,0.1898,-0.0828,4.1155,0.2746,-3.0828,-3.0809,-3.1169,1.0000,2.7805,1.0092,-1.2144,-1.2134,-1.2145,1.0000,2.6276,-0.5671,0.9743,0.9794,0.9663,1.0000
641.6348,3.1001,0.1890,-0.0828,4.1253,0.2761,-3.0807,-3.0787,-3.0926,1.0000,2.7904,1.0044,-1.2133,-1.2129,-1.2378,1.0000,2.6460,-0.5761,0.9800,0.9858,0.9901,1.0000
641.8632,3.1107,0.1884,-0.0828,4.1350,0.2775,-3.0785,-3.0765,-3.0888,1.0000,2.8000,0.9998,-1.2128,-1.2128,-1.2424,1.0000,2.6649,-0.5857,0.9865,0.9930,0.9839,1.0000
642.1110,3.1212,0.1877,-0.0827,4.1448,0.2790,-3.0763,-3.0742,-3.0855,1.0000,2.8096,0.9952,-1.2129,-1.2133,-1.2121,1.0000,2.6838,-0.5954,0.9938,1.0011,0.9811,1.0000
642.3377,3.1423,0.1859,-0.0827,4.1546,0.2805,-3.0740,-3.0719,-3.0913,1.0000,2.8188,0.9911,-1.2134,-1.2142,-1.2135,1.0000,2.7031,-0.6056,1.0020,1.0103,0.9999,1.0000
642.5804,3.1423,0.1859,-0.0827,4.1643,0.2819,-3.0716,-3.0695,-3.0856,1.0000,2.8274,0.9873,-1.2143,-1.2155,-1.2210,1.0000,2.7230,-0.6165,1.0112,1.0203,1.0136,1.0000
642.8036,3.1528,0.1850,-0.0827,4.1741,0.2834,-3.0692,-3.0670,-3.0723,1.0000,2.8355,0.9839,-1.2157,-1.2172,-1.2094,1.0000,2.7424,-0.6270,1.0214,1.0312,1.0312,1.0000
643.0048,3.1528,0.1850,-0.0827,4.1741,0.2834,-3.0692,-3.0670,-3.0723,1.0000,2.8355,0.9839,-1.2157,-1.2172,-1.2094,1.0000,2.7424,-0.6270,1.0214,1.0312,1.0312,1.0000
643.2425,3.1739,0.1835,-0.0827,4.1839,0.2849,-3.0668,-3.0645,-3.0601,1.0000,2.8434,0.9806,-1.2174,-1.2191,-1.2120,1.0000,2.7604,-0.6365,1.0324,1.0428,1.0608,1.0000
643.4583,3.1845,0.1828,-0.0827,4.1938,0.2864,-3.0643,-3.0621,-3.0518,1.0000,2.8509,0.9778,-1.2193,-1.2211,-1.2348,1.0000,2.7766,-0.6442,1.0439,1.0548,1.0577,1.0000
643.6686,3.1950,0.1819,-0.0827,4.2033,0.2879,-3.0618,-3.0597,-3.0786,1.0000,2.8579,0.9755,-1.2213,-1.2231,-1.2045,1.0000,2.7911,-0.6504,1.0560,1.0672,1.0688,1.0000
643.8687,3.2055,0.1809,-0.0827,4.2210,0.2907,-3.0572,-3.0564,-3.0534,1.0000,2.8704,0.9723,-1.2250,-1.2257,-1.2095,1.0000,2.8166,-0.6593,1.0811,1.0849,1.0628,1.0000
644.0766,3.2160,0.1801,-0.0827,4.2301,0.2921,-3.0551,-3.0538,-3.0785,1.0000,2.8761,0.9713,-1.2265,-1.2271,-1.2028,1.0000,2.8275,-0.6622,1.0938,1.1002,1.0758,1.0000
644.2792,3.2266,0.1794,-0.0827,4.2390,0.2934,-3.0530,-3.0514,-3.0681,1.0000,2.8816,0.9704,-1.2276,-1.2282,-1.2209,1.0000,2.8373,-0.6641,1.1064,1.1151,1.0823,1.0000
644.5085,3.2372,0.1787,-0.0827,4.2475,0.2947,-3.0509,-3.0491,-3.0444,1.0000,2.8867,0.9700,-1.2283,-1.2286,-1.2290,1.0000,2.8464,-0.6653,1.1188,1.1294,1.0978,1.0000
644.7364,3.2582,0.1770,-0.0827,4.2557,0.2960,-3.0489,-3.0471,-3.0377,1.0000,2.8912,0.9702,-1.2286,-1.2285,-1.2220,1.0000,2.8550,-0.6660,1.1306,1.1406,1.1063,1.0000
644.9583,3.2687,0.1760,-0.0827,4.2641,0.2973,-3.0469,-3.0451,-3.0221,1.0000,2.8955,0.9707,-1.2285,-1.2279,-1.2184,1.0000,2.8632,-0.6665,1.1417,1.1509,1.1270,1.0000
645.1860,3.2793,0.1752,-0.0827,4.2815,0.3001,-3.0429,-3.0410,-3.0400,1.0000,2.9040,0.9716,-1.2266,-1.2249,-1.2025,1.0000,2.8785,-0.6661,1.1606,1.1672,1.1658,1.0000
645.4060,3.3004,0.1739,-0.0827,4.2988,0.3027,-3.0388,-3.0369,-3.0387,1.0000,2.9115,0.9735,-1.2221,-1.2189,-1.2311,1.0000,2.8934,-0.6647,1.1733,1.1764,1.1624,1.0000
645.6354,3.3109,0.1730,-0.0827,4.3075,0.3041,-3.0367,-3.0348,-3.0257,1.0000,2.9155,0.9752,-1.2185,-1.2143,-1.2155,1.0000,2.9010,-0.6636,1.1766,1.1778,1.1799,1.0000
645.8358,3.3320,0.1712,-0.0827,4.3250,0.3069,-3.0324,-3.0314,-3.0305,1.0000,2.9253,0.9793,-1.2074,-1.2045,-1.1962,1.0000,2.9161,-0.6603,1.1767,1.1756,1.1953,1.0000
646.0367,3.3425,0.1704,-0.0827,4.3338,0.3083,-3.0303,-3.0289,-3.0264,1.0000,2.9309,0.9820,-1.1994,-1.1938,-1.2017,1.0000,2.9238,-0.6582,1.1733,1.1707,1.1946,1.0000
646.2372,3.3531,0.1698,-0.0827,4.3425,0.3097,-3.0281,-3.0276,-3.0329,1.0000,2.9367,0.9852,-1.1896,-1.1875,-1.1916,1.0000,2.9317,-0.6558,1.1676,1.1669,1.2026,1.0000
646.4374,3.3636,0.1690,-0.0827,4.3513,0.3111,-3.0258,-3.0251,-3.0291,1.0000,2.9436,0.9890,-1.1781,-1.1755,-1.1784,1.0000,2.9397,-0.6532,1.1598,1.1580,1.1702,1.0000
646.6378,3.3741,0.1681,-0.0827,4.3600,0.3126,-3.0236,-3.0219,-3.0222,1.0000,2.9514,0.9932,-1.1649,-1.1564,-1.1763,1.0000,2.9478,-0.6504,1.1501,1.1434,1.1722,1.0000
646.8717,3.3846,0.1671,-0.0827,4.3688,0.3140,-3.0212,-3.0191,-3.0492,1.0000,2.9597,0.9975,-1.1506,-1.1370,-1.1691,1.0000,2.9564,-0.6479,1.1386,1.1269,1.1489,1.0000
647.1087,3.3952,0.1663,-0.0827,4.3777,0.3154,-3.0189,-3.0168,-3.0357,1.0000,2.9681,1.0018,-1.1355,-1.1218,-1.1461,1.0000,2.9654,-0.6456,1.1256,1.1129,1.1520,1.0000
647.3131,3.4163,0.1650,-0.0827,4.3953,0.3183,-3.0141,-3.0144,-3.0422,1.0000,2.9765,1.0061,-1.1203,-1.1069,-1.1294,1.0000,2.9746,-0.6434,1.1114,1.0981,1.1245,1.0000
647.5178,3.4268,0.1641,-0.0827,4.4040,0.3198,-3.0117,-3.0103,-3.0147,1.0000,2.9932,1.0141,-1.0916,-1.0851,-1.1280,1.0000,2.9933,-0.6397,1.0813,1.0737,1.0989,1.0000
647.7307,3.4374,0.1632,-0.0827,4.4129,0.3213,-3.0093,-3.0071,-3.0123,1.0000,3.0018,1.0169,-1.0790,-1.0690,-1.1198,1.0000,3.0029,-0.6388,1.0661,1.0525,1.1074,1.0000
647.9309,3.4479,0.1623,-0.0827,4.4217,0.3228,-3.0069,-3.0049,-3.0152,1.0000,3.0103,1.0189,-1.0680,-1.0606,-1.0605,1.0000,3.0127,-0.6384,1.0511,1.0408,1.0680,1.0000
648.1320,3.4584,0.1615,-0.0827,4.4305,0.3243,-3.0044,-3.0032,-3.0196,1.0000,3.0186,1.0202,-1.0590,-1.0554,-1.0605,1.0000,3.0224,-0.6384,1.0365,1.0296,1.0680,1.0000
648.3320,3.4690,0.1609,-0.0827,4.4393,0.3258,-3.0019,-3.0012,-3.0196,1.0000,3.0272,1.0204,-1.0523,-1.0513,-1.0602,1.0000,3.0313,-0.6388,1.0229,1.0203,1.0395,1.0000
648.5411,3.4795,0.1602,-0.0827,4.4481,0.3274,-2.9994,-2.9984,-3.0004,1.0000,3.0362,1.0197,-1.0481,-1.0473,-1.0483,1.0000,3.0398,-0.6399,1.0104,1.0069,1.0414,1.0000
648.7412,3.4901,0.1593,-0.0827,4.4569,0.3289,-2.9969,-2.9952,-3.0040,1.0000,3.0454,1.0186,-1.0463,-1.0463,-1.0398,1.0000,3.0480,-0.6419,0.9993,0.9936,1.0275,1.0000
648.9413,3.5006,0.1583,-0.0827,4.4657,0.3305,-2.9944,-2.9929,-3.0033,1.0000,3.0549,1.0169,-1.0468,-1.0481,-1.0368,1.0000,3.0554,-0.6455,0.9901,0.9864,0.9897,1.0000
649.1423,3.5111,0.1575,-0.0827,4.4745,0.3320,-2.9919,-2.9895,-2.9995,1.0000,3.0649,1.0144,-1.0494,-1.0535,-1.0371,1.0000,3.0614,-0.6509,0.9833,0.9793,1.0113,1.0000
649.3452,3.5217,0.1568,-0.0827,4.4834,0.3336,-2.9892,-2.9874,-2.9995,1.0000,3.0753,1.0112,-1.0541,-1.0577,-1.0371,1.0000,3.0667,-0.6563,0.9789,0.9774,1.0113,1.0000
649.5463,3.5322,0.1561,-0.0827,4.4922,0.3352,-2.9866,-2.9852,-2.9782,1.0000,3.0857,1.0081,-1.0604,-1.0641,-1.0461,1.0000,3.0725,-0.6618,0.9768,0.9764,0.9837,1.0000
649.7505,3.5428,0.1553,-0.0827,4.5010,0.3368,-2.9839,-2.9817,-2.9782,1.0000,3.0961,1.0052,-1.0681,-1.0742,-1.0576,1.0000,3.0779,-0.6687,0.9765,0.9774,0.9641,1.0000
649.9517,3.5533,0.1544,-0.0827,4.5097,0.3384,-2.9812,-2.9791,-2.9909,1.0000,3.1066,1.0021,-1.0769,-1.0845,-1.0526,1.0000,3.0815,-0.6771,0.9781,0.9802,0.9665,1.0000
650.1585,3.5638,0.1535,-0.0828,4.5180,0.3399,-2.9786,-2.9765,-2.9792,1.0000,3.1174,0.9987,-1.0864,-1.0933,-1.0738,1.0000,3.0842,-0.6852,0.9813,0.9843,0.9597,1.0000
650.4069,3.5743,0.1527,-0.0828,4.5263,0.3414,-2.9759,-2.9736,-2.9887,1.0000,3.1284,0.9950,-1.0962,-1.1050,-1.0801,1.0000,3.0879,-0.6928,0.9858,0.9904,0.9791,1.0000
650.6431,3.5849,0.1521,-0.0828,4.5347,0.3430,-2.9734,-2.9711,-2.9776,1.0000,3.1392,0.9915,-1.1060,-1.1144,-1.0947,1.0000,3.0932,-0.7000,0.9910,0.9961,1.0192,1.0000
650.8787,3.6060,0.1505,-0.0828,4.5430,0.3445,-2.9708,-2.9686,-2.9908,1.0000,3.1498,0.9882,-1.1153,-1.1230,-1.1061,1.0000,3.0983,-0.7074,0.9967,1.0024,1.0254,1.0000
651.0862,3.6165,0.1496,-0.0828,4.5510,0.3458,-2.9683,-2.9660,-2.9769,1.0000,3.1603,0.9852,-1.1238,-1.1305,-1.1241,1.0000,3.1020,-0.7147,1.0031,1.0093,1.0136,1.0000
651.2982,3.6270,0.1487,-0.0828,4.5585,0.3471,-2.9658,-2.9635,-2.9814,1.0000,3.1710,0.9822,-1.1312,-1.1367,-1.1090,1.0000,3.1057,-0.7218,1.0100,1.0167,1.0140,1.0000
651.5089,3.6376,0.1480,-0.0828,4.5661,0.3483,-2.9632,-2.9608,-2.9737,1.0000,3.1816,0.9793,-1.1373,-1.1415,-1.1156,1.0000,3.1112,-0.7286,1.0174,1.0241,0.9987,1.0000
651.7184,3.6481,0.1473,-0.0828,4.5738,0.3493,-2.9605,-2.9580,-2.9520,1.0000,3.1921,0.9766,-1.1419,-1.1447,-1.1277,1.0000,3.1183,-0.7352,1.0249,1.0315,1.0060,1.0000
651.9542,3.6587,0.1466,-0.0828,4.5814,0.3501,-2.9577,-2.9550,-2.9786,1.0000,3.2024,0.9743,-1.1449,-1.1461,-1.1299,1.0000,3.1253,-0.7414,1.0323,1.0386,1.0272,1.0000
652.1545,3.6692,0.1457,-0.0828,4.5957,0.3506,-2.9516,-2.9500,-2.9629,1.0000,3.2227,0.9706,-1.1456,-1.1449,-1.1449,1.0000,3.1385,-0.7528,1.0458,1.0481,1.0430,1.0000
652.3546,3.6797,0.1447,-0.0828,4.5957,0.3506,-2.9516,-2.9487,-2.9603,1.0000,3.2227,0.9706,-1.1456,-1.1437,-1.1345,1.0000,3.1385,-0.7528,1.0458,1.0509,1.0462,1.0000
652.5548,3.6903,0.1439,-0.0827,4.6028,0.3510,-2.9484,-2.9455,-2.9468,1.0000,3.2329,0.9690,-1.1434,-1.1400,-1.1311,1.0000,3.1470,-0.7575,1.0514,1.0556,1.0592,1.0000
652.7580,3.7008,0.1433,-0.0827,4.6100,0.3510,-2.9452,-2.9423,-2.9561,1.0000,3.2429,0.9677,-1.1395,-1.1348,-1.1497,1.0000,3.1566,-0.7615,1.0561,1.0592,1.0550,1.0000
652.9710,3.7008,0.1433,-0.0827,4.6171,0.3505,-2.9420,-2.9391,-2.9319,1.0000,3.2527,0.9666,-1.1342,-1.1284,-1.1459,1.0000,3.1661,-0.7648,1.0594,1.0613,1.0650,1.0000
653.1986,3.7114,0.1426,-0.0827,4.6244,0.3495,-2.9388,-2.9360,-2.9248,1.0000,3.2624,0.9658,-1.1277,-1.1209,-1.1372,1.0000,3.1755,-0.7673,1.0614,1.0620,1.0646,1.0000
653.4009,3.7219,0.1418,-0.0827,4.6316,0.3482,-2.9357,-2.9329,-2.9283,1.0000,3.2720,0.9652,-1.1201,-1.1125,-1.1383,1.0000,3.1853,-0.7691,1.0620,1.0613,1.0773,1.0000
653.6040,3.7429,0.1400,-0.0827,4.6462,0.3445,-2.9296,-2.9299,-2.9405,1.0000,3.2816,0.9647,-1.1116,-1.1035,-1.1215,1.0000,3.1954,-0.7703,1.0612,1.0595,1.0750,1.0000
653.8045,3.7535,0.1392,-0.0827,4.6536,0.3422,-2.9269,-2.9257,-2.9445,1.0000,3.3005,0.9638,-1.0934,-1.0888,-1.1129,1.0000,3.2160,-0.7710,1.0563,1.0548,1.0671,1.0000
654.0054,3.7641,0.1386,-0.0827,4.6612,0.3393,-2.9245,-2.9231,-2.9252,1.0000,3.3099,0.9634,-1.0842,-1.0788,-1.1072,1.0000,3.2262,-0.7708,1.0523,1.0495,1.0675,1.0000
654.2106,3.7746,0.1378,-0.0827,4.6689,0.3357,-2.9225,-2.9215,-2.9255,1.0000,3.3192,0.9629,-1.0754,-1.0712,-1.0868,1.0000,3.2361,-0.7707,1.0474,1.0448,1.0666,1.0000
654.4112,3.7851,0.1370,-0.0827,4.6766,0.3320,-2.9209,-2.9208,-2.9220,1.0000,3.3286,0.9624,-1.0672,-1.0664,-1.0906,1.0000,3.2458,-0.7704,1.0419,1.0414,1.0579,1.0000
654.6148,3.7956,0.1360,-0.0827,4.6843,0.3285,-2.9198,-2.9196,-2.9271,1.0000,3.3380,0.9617,-1.0598,-1.0591,-1.1005,1.0000,3.2555,-0.7700,1.0359,1.0353,1.0598,1.0000
654.8316,3.7956,0.1360,-0.0827,4.6843,0.3285,-2.9198,-2.9193,-2.8956,1.0000,3.3380,0.9617,-1.0598,-1.0540,-1.0833,1.0000,3.2555,-0.7700,1.0359,1.0303,1.0671,1.0000
655.0799,3.8062,0.1352,-0.0827,4.6920,0.3252,-2.9192,-2.9193,-2.9115,1.0000,3.3475,0.9608,-1.0535,-1.0488,-1.0587,1.0000,3.2652,-0.7694,1.0297,1.0239,1.0435,1.0000
655.3176,3.8167,0.1345,-0.0827,4.6998,0.3214,-2.9194,-2.9202,-2.9256,1.0000,3.3570,0.9598,-1.0483,-1.0448,-1.0712,1.0000,3.2748,-0.7685,1.0233,1.0177,1.0274,1.0000
655.5272,3.8273,0.1339,-0.0827,4.7078,0.3172,-2.9203,-2.9218,-2.9186,1.0000,3.3666,0.9586,-1.0445,-1.0422,-1.0712,1.0000,3.2845,-0.7673,1.0171,1.0118,1.0274,1.0000
655.7403,3.8378,0.1331,-0.0827,4.7157,0.3129,-2.9220,-2.9242,-2.9229,1.0000,3.3763,0.9572,-1.0420,-1.0409,-1.0647,1.0000,3.2939,-0.7663,1.0112,1.0061,1.0207,1.0000
655.9487,3.8483,0.1322,-0.0827,4.7235,0.3088,-2.9244,-2.9250,-2.9229,1.0000,3.3862,0.9555,-1.0408,-1.0408,-1.0647,1.0000,3.3034,-0.7654,1.0056,1.0051,1.0207,1.0000
656.1872,3.8483,0.1322,-0.0827,4.7235,0.3088,-2.9244,-2.9273,-2.9079,1.0000,3.3862,0.9555,-1.0408,-1.0410,-1.0572,1.0000,3.3034,-0.7654,1.0056,1.0010,1.0026,1.0000
656.4247,3.8694,0.1305,-0.0827,4.7311,0.3049,-2.9276,-2.9311,-2.9184,1.0000,3.3961,0.9537,-1.0410,-1.0423,-1.0406,1.0000,3.3128,-0.7642,1.0005,0.9965,1.0075,1.0000
656.6583,3.8800,0.1299,-0.0827,4.7387,0.3006,-2.9315,-2.9355,-2.9183,1.0000,3.4061,0.9516,-1.0425,-1.0447,-1.0267,1.0000,3.3220,-0.7627,0.9960,0.9926,1.0071,1.0000
656.8626,3.8905,0.1292,-0.0827,4.7466,0.2960,-2.9360,-2.9407,-2.9315,1.0000,3.4163,0.9494,-1.0450,-1.0482,-1.0382,1.0000,3.3312,-0.7612,0.9922,0.9894,1.0051,1.0000
657.0635,3.9010,0.1283,-0.0827,4.7627,0.2867,-2.9470,-2.9470,-2.9410,1.0000,3.4265,0.9470,-1.0486,-1.0524,-1.0448,1.0000,3.3405,-0.7598,0.9891,0.9870,1.0028,1.0000
657.2652,3.9010,0.1283,-0.0827,4.7627,0.2867,-2.9470,-2.9526,-2.9510,1.0000,3.4368,0.9445,-1.0528,-1.0572,-1.0496,1.0000,3.3498,-0.7582,0.9868,0.9853,1.0026,1.0000
657.4863,3.9221,0.1266,-0.0827,4.7807,0.2772,-2.9600,-2.9593,-2.9492,1.0000,3.4472,0.9419,-1.0577,-1.0625,-1.0677,1.0000,3.3587,-0.7568,0.9852,0.9844,0.9824,1.0000
657.6874,3.9326,0.1258,-0.0827,4.7807,0.2772,-2.9600,-2.9663,-2.9382,1.0000,3.4575,0.9392,-1.0630,-1.0679,-1.0569,1.0000,3.3674,-0.7553,0.9843,0.9841,0.9819,1.0000
657.9233,3.9432,0.1252,-0.0827,4.7906,0.2722,-2.9670,-2.9735,-2.9559,1.0000,3.4680,0.9365,-1.0685,-1.0733,-1.0720,1.0000,3.3763,-0.7537,0.9841,0.9842,1.0052,1.0000
658.1281,3.9537,0.1245,-0.0827,4.8118,0.2622,-2.9814,-2.9828,-2.9568,1.0000,3.4888,0.9310,-1.0788,-1.0793,-1.0727,1.0000,3.3940,-0.7501,0.9848,0.9849,0.9999,1.0000
658.3281,3.9643,0.1236,-0.0827,4.8235,0.2575,-2.9884,-2.9911,-2.9522,1.0000,3.4992,0.9284,-1.0834,-1.0846,-1.0902,1.0000,3.4029,-0.7482,0.9856,0.9859,0.9913,1.0000
658.5282,3.9748,0.1227,-0.0827,4.8352,0.2528,-2.9952,-2.9984,-2.9678,1.0000,3.5095,0.9258,-1.0872,-1.0885,-1.0911,1.0000,3.4116,-0.7465,0.9866,0.9869,0.9978,1.0000
658.7333,3.9853,0.1219,-0.0827,4.8469,0.2482,-3.0016,-3.0070,-2.9923,1.0000,3.5199,0.9234,-1.0902,-1.0921,-1.0804,1.0000,3.4201,-0.7449,0.9876,0.9885,0.9927,1.0000
658.9499,3.9959,0.1212,-0.0826,4.8589,0.2437,-3.0076,-3.0126,-2.9987,1.0000,3.5301,0.9211,-1.0923,-1.0932,-1.0987,1.0000,3.4286,-0.7430,0.9885,0.9891,1.0053,1.0000
659.1945,4.0064,0.1206,-0.0826,4.8716,0.2395,-3.0131,-3.0176,-3.0101,1.0000,3.5403,0.9190,-1.0933,-1.0933,-1.0949,1.0000,3.4373,-0.7410,0.9892,0.9895,0.9974,1.0000
659.3966,4.0275,0.1189,-0.0826,4.8965,0.2316,-3.0226,-3.0222,-3.0122,1.0000,3.5504,0.9170,-1.0932,-1.0922,-1.1018,1.0000,3.4460,-0.7390,0.9895,0.9895,0.9866,1.0000
659.6075,4.0380,0.1180,-0.0826,4.8965,0.2316,-3.0226,-3.0262,-3.0211,1.0000,3.5605,0.9152,-1.0921,-1.0902,-1.1111,1.0000,3.4546,-0.7371,0.9895,0.9890,1.0192,1.0000
659.8129,4.0486,0.1173,-0.0826,4.9216,0.2240,-3.0302,-3.0308,-3.0187,1.0000,3.5804,0.9119,-1.0868,-1.0864,-1.1090,1.0000,3.4717,-0.7333,0.9878,0.9876,1.0223,1.0000
660.0143,4.0591,0.1166,-0.0826,4.9346,0.2206,-3.0333,-3.0333,-3.0430,1.0000,3.5903,0.9105,-1.0828,-1.0828,-1.1111,1.0000,3.4717,-0.7333,0.9878,0.9862,1.0007,1.0000
660.2298,4.0697,0.1159,-0.0826,4.9346,0.2206,-3.0333,-3.0358,-3.0549,1.0000,3.5903,0.9105,-1.0828,-1.0785,-1.0881,1.0000,3.4802,-0.7312,0.9860,0.9839,0.9964,1.0000
660.4307,4.0802,0.1151,-0.0826,4.9598,0.2137,-3.0385,-3.0394,-3.0643,1.0000,3.6099,0.9080,-1.0727,-1.0710,-1.0879,1.0000,3.4975,-0.7268,0.9805,0.9795,0.9828,1.0000
660.6362,4.0907,0.1142,-0.0827,4.9722,0.2103,-3.0406,-3.0413,-3.0559,1.0000,3.6196,0.9068,-1.0670,-1.0652,-1.0732,1.0000,3.5063,-0.7246,0.9768,0.9756,0.9783,1.0000
660.8691,4.1012,0.1133,-0.0827,4.9845,0.2070,-3.0423,-3.0438,-3.0559,1.0000,3.6292,0.9057,-1.0611,-1.0556,-1.0921,1.0000,3.5150,-0.7223,0.9724,0.9680,0.9553,1.0000
661.0693,4.1118,0.1127,-0.0827,4.9968,0.2039,-3.0439,-3.0453,-3.0529,1.0000,3.6389,0.9046,-1.0550,-1.0497,-1.0758,1.0000,3.5238,-0.7199,0.9675,0.9627,0.9653,1.0000
661.2762,4.1224,0.1120,-0.0827,5.0092,0.2008,-3.0454,-3.0463,-3.0590,1.0000,3.6483,0.9032,-1.0491,-1.0463,-1.0490,1.0000,3.5326,-0.7174,0.9622,0.9593,0.9482,1.0000
661.4822,4.1329,0.1113,-0.0827,5.0216,0.1975,-3.0469,-3.0468,-3.0590,1.0000,3.6483,0.9032,-1.0491,-1.0440,-1.0490,1.0000,3.5326,-0.7174,0.9622,0.9570,0.9482,1.0000
661.7062,4.1434,0.1104,-0.0827,5.0340,0.1943,-3.0484,-3.0483,-3.0512,1.0000,3.6575,0.9014,-1.0435,-1.0388,-1.0643,1.0000,3.5415,-0.7149,0.9564,0.9510,0.9463,1.0000
661.9255,4.1539,0.1095,-0.0827,5.0340,0.1943,-3.0484,-3.0498,-3.0360,1.0000,3.6669,0.8995,-1.0383,-1.0340,-1.0525,1.0000,3.5504,-0.7124,0.9504,0.9449,0.9492,1.0000
662.1519,4.1645,0.1087,-0.0827,5.0462,0.1912,-3.0500,-3.0515,-3.0338,1.0000,3.6763,0.8977,-1.0336,-1.0299,-1.0368,1.0000,3.5593,-0.7098,0.9442,0.9386,0.9355,1.0000
662.3524,4.1751,0.1081,-0.0827,5.0584,0.1882,-3.0517,-3.0533,-3.0350,1.0000,3.6855,0.8955,-1.0295,-1.0264,-1.0341,1.0000,3.5682,-0.7073,0.9380,0.9325,0.9388,1.0000
662.5548,4.1856,0.1074,-0.0827,5.0828,0.1821,-3.0556,-3.0561,-3.0525,1.0000,3.7034,0.8877,-1.0232,-1.0230,-1.0331,1.0000,3.5859,-0.7021,0.9258,0.9252,0.9219,1.0000
662.7574,4.1961,0.1066,-0.0827,5.0950,0.1790,-3.0580,-3.0595,-3.0498,1.0000,3.7127,0.8832,-1.0210,-1.0201,-1.0174,1.0000,3.5947,-0.6996,0.9201,0.9173,0.9087,1.0000
662.9972,4.2067,0.1057,-0.0827,5.1071,0.1760,-3.0605,-3.0630,-3.0632,1.0000,3.7219,0.8790,-1.0194,-1.0184,-1.0205,1.0000,3.6035,-0.6970,0.9146,0.9100,0.9010,1.0000
663.2377,4.2172,0.1049,-0.0827,5.1195,0.1731,-3.0633,-3.0659,-3.0609,1.0000,3.7309,0.8738,-1.0183,-1.0178,-1.0342,1.0000,3.6123,-0.6944,0.9096,0.9054,0.9175,1.0000
663.4520,4.2383,0.1036,-0.0827,5.1328,0.1703,-3.0662,-3.0689,-3.0554,1.0000,3.7399,0.8671,-1.0178,-1.0177,-1.0274,1.0000,3.6209,-0.6919,0.9049,0.9012,0.9091,1.0000
663.6531,4.2489,0.1029,-0.0827,5.1461,0.1676,-3.0692,-3.0719,-3.0731,1.0000,3.7486,0.8598,-1.0177,-1.0179,-1.0265,1.0000,3.6296,-0.6894,0.9008,0.8974,0.9061,1.0000
663.8931,4.2594,0.1020,-0.0827,5.1598,0.1652,-3.0723,-3.0751,-3.0743,1.0000,3.7575,0.8529,-1.0179,-1.0184,-1.0128,1.0000,3.6382,-0.6870,0.8971,0.8942,0.8945,1.0000
664.0946,4.2699,0.1011,-0.0827,5.1893,0.1617,-3.0785,-3.0792,-3.0851,1.0000,3.7751,0.8387,-1.0189,-1.0190,-1.0088,1.0000,3.6552,-0.6821,0.8911,0.8909,0.8961,1.0000
664.3050,4.2804,0.1004,-0.0827,5.1893,0.1617,-3.0785,-3.0814,-3.0855,1.0000,3.7751,0.8387,-1.0189,-1.0193,-1.0166,1.0000,3.6552,-0.6821,0.8911,0.8889,0.9162,1.0000
664.5058,4.2804,0.1004,-0.0827,5.2046,0.1604,-3.0817,-3.0844,-3.0817,1.0000,3.7830,0.8309,-1.0194,-1.0196,-1.0174,1.0000,3.6636,-0.6796,0.8887,0.8867,0.9039,1.0000
664.7486,4.2910,0.0997,-0.0827,5.2199,0.1593,-3.0847,-3.0873,-3.0883,1.0000,3.7908,0.8230,-1.0197,-1.0197,-1.0032,1.0000,3.6720,-0.6772,0.8865,0.8848,0.8942,1.0000
664.9506,4.3016,0.0991,-0.0827,5.2352,0.1587,-3.0876,-3.0900,-3.0843,1.0000,3.7987,0.8155,-1.0197,-1.0194,-1.0202,1.0000,3.6804,-0.6748,0.8846,0.8831,0.8785,1.0000
665.1918,4.3121,0.0983,-0.0827,5.2504,0.1584,-3.0903,-3.0925,-3.0922,1.0000,3.8065,0.8088,-1.0193,-1.0186,-1.0126,1.0000,3.6887,-0.6724,0.8830,0.8815,0.8855,1.0000
665.4210,4.3226,0.0974,-0.0827,5.2652,0.1582,-3.0928,-3.0947,-3.0807,1.0000,3.8140,0.8025,-1.0185,-1.0173,-1.0236,1.0000,3.6970,-0.6700,0.8814,0.8800,0.8948,1.0000
665.6677,4.3331,0.0966,-0.0827,5.2797,0.1579,-3.0949,-3.0965,-3.0795,1.0000,3.8211,0.7965,-1.0172,-1.0155,-1.0372,1.0000,3.7053,-0.6675,0.8798,0.8783,0.8842,1.0000
665.9174,4.3437,0.0959,-0.0827,5.2941,0.1577,-3.0967,-3.0979,-3.1046,1.0000,3.8282,0.7910,-1.0153,-1.0130,-1.0246,1.0000,3.7137,-0.6651,0.8782,0.8766,0.8715,1.0000
666.1262,4.3543,0.0952,-0.0827,5.3082,0.1576,-3.0980,-3.0989,-3.0943,1.0000,3.8358,0.7865,-1.0127,-1.0098,-1.0343,1.0000,3.7228,-0.6625,0.8765,0.8748,0.8997,1.0000
666.3729,4.3648,0.0946,-0.0827,5.3222,0.1577,-3.0990,-3.0994,-3.1048,1.0000,3.8437,0.7832,-1.0094,-1.0057,-1.0050,1.0000,3.7320,-0.6598,0.8746,0.8728,0.8969,1.0000
666.5870,4.3753,0.0938,-0.0827,5.3361,0.1577,-3.0994,-3.0994,-3.0808,1.0000,3.8514,0.7813,-1.0052,-1.0005,-1.0199,1.0000,3.7414,-0.6571,0.8726,0.8706,0.8713,1.0000
666.8008,4.3858,0.0929,-0.0827,5.3502,0.1577,-3.0994,-3.0989,-3.0867,1.0000,3.8591,0.7802,-0.9999,-0.9941,-1.0045,1.0000,3.7511,-0.6544,0.8704,0.8682,0.8908,1.0000
667.0087,4.3964,0.0921,-0.0827,5.3644,0.1577,-3.0989,-3.0980,-3.0830,1.0000,3.8672,0.7797,-0.9934,-0.9866,-0.9984,1.0000,3.7615,-0.6517,0.8679,0.8654,0.8860,1.0000
667.2456,4.4069,0.0914,-0.0827,5.3786,0.1577,-3.0979,-3.0966,-3.0926,1.0000,3.8756,0.7802,-0.9858,-0.9780,-1.0071,1.0000,3.7720,-0.6489,0.8652,0.8625,0.8708,1.0000
667.4641,4.4175,0.0908,-0.0827,5.3928,0.1578,-3.0965,-3.0949,-3.0829,1.0000,3.8839,0.7820,-0.9771,-0.9687,-0.9990,1.0000,3.7824,-0.6460,0.8621,0.8592,0.8521,1.0000
667.6817,4.4280,0.0901,-0.0827,5.4070,0.1579,-3.0947,-3.0929,-3.1124,1.0000,3.8916,0.7850,-0.9677,-0.9587,-0.9752,1.0000,3.7931,-0.6432,0.8589,0.8557,0.8682,1.0000
667.8882,4.4386,0.0892,-0.0827,5.4213,0.1580,-3.0927,-3.0906,-3.1017,1.0000,3.8991,0.7885,-0.9577,-0.9487,-0.9751,1.0000,3.8038,-0.6404,0.8553,0.8520,0.8475,1.0000
668.1153,4.4491,0.0883,-0.0827,5.4356,0.1581,-3.0903,-3.0881,-3.1006,1.0000,3.9066,0.7921,-0.9477,-0.9388,-0.9619,1.0000,3.8144,-0.6376,0.8516,0.8482,0.8236,1.0000
668.3292,4.4596,0.0876,-0.0827,5.4499,0.1582,-3.0878,-3.0855,-3.0851,1.0000,3.9138,0.7960,-0.9379,-0.9294,-0.9549,1.0000,3.8249,-0.6347,0.8478,0.8442,0.8377,1.0000
668.5295,4.4808,0.0863,-0.0827,5.4643,0.1583,-3.0853,-3.0830,-3.0937,1.0000,3.9207,0.8003,-0.9285,-0.9207,-0.9475,1.0000,3.8352,-0.6318,0.8438,0.8403,0.8417,1.0000
668.7299,4.4913,0.0855,-0.0827,5.4928,0.1587,-3.0803,-3.0803,-3.1105,1.0000,3.9334,0.8095,-0.9120,-0.9120,-0.9166,1.0000,3.8562,-0.6261,0.8362,0.8365,0.8346,1.0000
668.9301,4.5018,0.0846,-0.0827,5.5071,0.1588,-3.0780,-3.0780,-3.0779,1.0000,3.9396,0.8138,-0.9051,-0.9051,-0.9192,1.0000,3.8562,-0.6261,0.8362,0.8329,0.8609,1.0000
669.1311,4.5123,0.0838,-0.0827,5.5212,0.1590,-3.0759,-3.0757,-3.0950,1.0000,3.9458,0.8181,-0.8993,-0.8988,-0.9179,1.0000,3.8793,-0.6213,0.8292,0.8289,0.8670,1.0000
669.3316,4.5229,0.0831,-0.0827,5.5212,0.1590,-3.0759,-3.0742,-3.0959,1.0000,3.9458,0.8181,-0.8993,-0.8950,-0.9089,1.0000,3.8793,-0.6213,0.8292,0.8265,0.8604,1.0000
669.5578,4.5334,0.0825,-0.0827,5.5354,0.1593,-3.0740,-3.0725,-3.1057,1.0000,3.9518,0.8224,-0.8946,-0.8914,-0.8908,1.0000,3.8914,-0.6191,0.8262,0.8238,0.8515,1.0000
669.7933,4.5440,0.0818,-0.0827,5.5495,0.1595,-3.0723,-3.0710,-3.0916,1.0000,3.9578,0.8267,-0.8911,-0.8889,-0.8823,1.0000,3.9042,-0.6170,0.8235,0.8215,0.8456,1.0000
669.9968,4.5545,0.0810,-0.0827,5.5775,0.1600,-3.0696,-3.0697,-3.0744,1.0000,3.9637,0.8311,-0.8887,-0.8876,-0.9186,1.0000,3.9174,-0.6152,0.8213,0.8198,0.8233,1.0000
670.2066,4.5650,0.0801,-0.0827,5.5775,0.1600,-3.0696,-3.0686,-3.0501,1.0000,3.9697,0.8352,-0.8875,-0.8874,-0.9058,1.0000,3.9308,-0.6136,0.8196,0.8185,0.8321,1.0000
670.4126,4.5756,0.0793,-0.0827,5.6050,0.1604,-3.0678,-3.0678,-3.0560,1.0000,3.9757,0.8393,-0.8875,-0.8884,-0.9000,1.0000,3.9444,-0.6121,0.8184,0.8178,0.8377,1.0000
670.6198,4.5861,0.0787,-0.0827,5.6176,0.1605,-3.0673,-3.0673,-3.0785,1.0000,3.9818,0.8432,-0.8886,-0.8904,-0.8994,1.0000,3.9583,-0.6107,0.8177,0.8175,0.8242,1.0000
670.8221,4.5967,0.0781,-0.0827,5.6302,0.1606,-3.0670,-3.0670,-3.0816,1.0000,3.9878,0.8472,-0.8907,-0.8933,-0.8861,1.0000,3.9719,-0.6092,0.8175,0.8177,0.8431,1.0000
671.0257,4.6072,0.0773,-0.0827,5.6430,0.1607,-3.0671,-3.0672,-3.0814,1.0000,4.0002,0.8550,-0.8976,-0.8998,-0.9028,1.0000,3.9983,-0.6061,0.8186,0.8192,0.8254,1.0000
671.2263,4.6177,0.0765,-0.0827,5.6554,0.1607,-3.0674,-3.0677,-3.0651,1.0000,4.0069,0.8590,-0.9022,-0.9064,-0.8937,1.0000,4.0113,-0.6047,0.8199,0.8211,0.8197,1.0000
671.4708,4.6283,0.0756,-0.0827,5.6672,0.1606,-3.0678,-3.0684,-3.0603,1.0000,4.0139,0.8629,-0.9075,-0.9127,-0.9153,1.0000,4.0242,-0.6033,0.8217,0.8237,0.8136,1.0000
671.7108,4.6388,0.0749,-0.0827,5.6786,0.1604,-3.0685,-3.0692,-3.0486,1.0000,4.0209,0.8668,-0.9133,-0.9187,-0.9191,1.0000,4.0371,-0.6019,0.8239,0.8261,0.8233,1.0000
671.9200,4.6599,0.0737,-0.0827,5.6895,0.1601,-3.0693,-3.0701,-3.0536,1.0000,4.0283,0.8708,-0.9193,-0.9248,-0.9125,1.0000,4.0498,-0.6005,0.8264,0.8287,0.8190,1.0000
672.1201,4.6704,0.0729,-0.0827,5.7114,0.1594,-3.0713,-3.0713,-3.0678,1.0000,4.0450,0.8790,-0.9313,-0.9313,-0.9321,1.0000,4.0753,-0.5977,0.8316,0.8316,0.8276,1.0000
672.3207,4.6810,0.0720,-0.0827,5.7223,0.1589,-3.0723,-3.0725,-3.0661,1.0000,4.0538,0.8831,-0.9368,-0.9373,-0.9401,1.0000,4.0880,-0.5963,0.8341,0.8344,0.8407,1.0000
672.5212,4.6915,0.0712,-0.0827,5.7327,0.1582,-3.0733,-3.0737,-3.0830,1.0000,4.0631,0.8872,-0.9416,-0.9434,-0.9374,1.0000,4.1007,-0.5950,0.8365,0.8374,0.8388,1.0000
672.7214,4.7020,0.0705,-0.0827,5.7428,0.1574,-3.0741,-3.0748,-3.0852,1.0000,4.0728,0.8913,-0.9457,-0.9486,-0.9453,1.0000,4.1137,-0.5941,0.8386,0.8401,0.8186,1.0000
672.9283,4.7126,0.0700,-0.0827,5.7530,0.1567,-3.0748,-3.0753,-3.0766,1.0000,4.0831,0.8955,-0.9488,-0.9504,-0.9519,1.0000,4.1271,-0.5939,0.8403,0.8413,0.8499,1.0000
673.1293,4.7232,0.0693,-0.0827,5.7636,0.1560,-3.0754,-3.0755,-3.0878,1.0000,4.0938,0.8996,-0.9510,-0.9514,-0.9556,1.0000,4.1409,-0.5945,0.8416,0.8420,0.8344,1.0000
673.3307,4.7337,0.0684,-0.0827,5.7742,0.1553,-3.0757,-3.0758,-3.0878,1.0000,4.1050,0.9036,-0.9521,-0.9521,-0.9556,1.0000,4.1548,-0.5956,0.8426,0.8427,0.8344,1.0000
673.5322,4.7442,0.0676,-0.0827,5.7846,0.1544,-3.0760,-3.0760,-3.0720,1.0000,4.1166,0.9074,-0.9522,-0.9522,-0.9405,1.0000,4.1693,-0.5975,0.8433,0.8434,0.8500,1.0000
673.7323,4.7547,0.0668,-0.0827,5.7949,0.1534,-3.0760,-3.0760,-3.0826,1.0000,4.1287,0.9112,-0.9516,-0.9510,-0.9313,1.0000,4.1843,-0.6003,0.8438,0.8441,0.8442,1.0000
673.9795,4.7653,0.0662,-0.0826,5.8045,0.1523,-3.0760,-3.0760,-3.0910,1.0000,4.1414,0.9147,-0.9503,-0.9487,-0.9140,1.0000,4.1997,-0.6037,0.8443,0.8447,0.8462,1.0000
674.1847,4.7759,0.0656,-0.0826,5.8136,0.1509,-3.0759,-3.0759,-3.0689,1.0000,4.1546,0.9179,-0.9485,-0.9468,-0.9494,1.0000,4.2153,-0.6076,0.8447,0.8454,0.8440,1.0000
674.4048,4.7969,0.0640,-0.0826,5.8227,0.1495,-3.0758,-3.0757,-3.0810,1.0000,4.1683,0.9207,-0.9466,-0.9450,-0.9581,1.0000,4.2311,-0.6119,0.8455,0.8465,0.8616,1.0000
674.6376,4.8075,0.0632,-0.0826,5.8317,0.1480,-3.0757,-3.0754,-3.0766,1.0000,4.1825,0.9231,-0.9449,-0.9437,-0.9611,1.0000,4.2471,-0.6164,0.8467,0.8483,0.8630,1.0000
674.8414,4.8180,0.0625,-0.0826,5.8405,0.1463,-3.0754,-3.0752,-3.0682,1.0000,4.1969,0.9253,-0.9436,-0.9430,-0.9587,1.0000,4.2631,-0.6208,0.8486,0.8510,0.8688,1.0000
675.0429,4.8286,0.0620,-0.0826,5.8573,0.1423,-3.0748,-3.0748,-3.0657,1.0000,4.2257,0.9297,-0.9434,-0.9435,-0.9547,1.0000,4.2950,-0.6296,0.8550,0.8554,0.8727,1.0000
675.2432,4.8391,0.0613,-0.0826,5.8659,0.1404,-3.0746,-3.0745,-3.0663,1.0000,4.2404,0.9314,-0.9448,-0.9462,-0.9542,1.0000,4.3109,-0.6342,0.8600,0.8635,0.8795,1.0000
675.4438,4.8497,0.0605,-0.0826,5.8748,0.1385,-3.0744,-3.0744,-3.0804,1.0000,4.2551,0.9330,-0.9474,-0.9491,-0.9656,1.0000,4.3268,-0.6390,0.8662,0.8698,0.8869,1.0000
675.6732,4.8602,0.0597,-0.0826,5.8837,0.1365,-3.0744,-3.0744,-3.0809,1.0000,4.2695,0.9347,-0.9511,-0.9556,-0.9475,1.0000,4.3424,-0.6439,0.8738,0.8816,0.8816,1.0000
675.8924,4.8707,0.0589,-0.0826,5.8926,0.1343,-3.0744,-3.0746,-3.0835,1.0000,4.2838,0.9365,-0.9561,-0.9616,-0.9516,1.0000,4.3580,-0.6487,0.8825,0.8913,0.8850,1.0000
676.0945,4.8918,0.0577,-0.0826,5.9104,0.1300,-3.0750,-3.0755,-3.0887,1.0000,4.3125,0.9398,-0.9693,-0.9747,-0.9409,1.0000,4.3886,-0.6588,0.9030,0.9108,0.8806,1.0000
676.2946,4.9024,0.0570,-0.0826,5.9193,0.1280,-3.0756,-3.0764,-3.0857,1.0000,4.3270,0.9412,-0.9772,-0.9838,-0.9636,1.0000,4.4030,-0.6639,0.9142,0.9222,0.9058,1.0000
676.5389,4.9129,0.0562,-0.0826,5.9283,0.1259,-3.0765,-3.0775,-3.0804,1.0000,4.3414,0.9426,-0.9855,-0.9933,-0.9662,1.0000,4.4167,-0.6689,0.9256,0.9358,0.9087,1.0000
676.7596,4.9234,0.0554,-0.0826,5.9372,0.1236,-3.0776,-3.0788,-3.0443,1.0000,4.3557,0.9441,-0.9942,-1.0022,-0.9901,1.0000,4.4299,-0.6738,0.9370,0.9468,0.9084,1.0000
676.9894,4.9340,0.0547,-0.0826,5.9462,0.1214,-3.0790,-3.0804,-3.0426,1.0000,4.3701,0.9456,-1.0031,-1.0110,-0.9940,1.0000,4.4422,-0.6785,0.9479,0.9573,0.9234,1.0000
677.2193,4.9551,0.0535,-0.0826,5.9551,0.1192,-3.0805,-3.0822,-3.0652,1.0000,4.3844,0.9471,-1.0119,-1.0195,-1.0098,1.0000,4.4535,-0.6833,0.9583,0.9672,0.9372,1.0000
677.4216,4.9656,0.0527,-0.0826,5.9728,0.1149,-3.0844,-3.0848,-3.0681,1.0000,4.4131,0.9504,-1.0284,-1.0292,-1.0284,1.0000,4.4719,-0.6948,0.9776,0.9786,0.9556,1.0000
677.6507,4.9761,0.0519,-0.0826,5.9816,0.1127,-3.0866,-3.0887,-3.0747,1.0000,4.4274,0.9521,-1.0359,-1.0420,-1.0405,1.0000,4.4785,-0.7028,0.9866,0.9939,0.9694,1.0000
677.8803,4.9867,0.0511,-0.0826,5.9905,0.1104,-3.0889,-3.0911,-3.0900,1.0000,4.4416,0.9541,-1.0426,-1.0479,-1.0330,1.0000,4.4839,-0.7108,0.9947,1.0013,0.9893,1.0000
678.0830,5.0078,0.0499,-0.0826,6.0081,0.1060,-3.0939,-3.0942,-3.1197,1.0000,4.4699,0.9581,-1.0535,-1.0535,-1.0342,1.0000,4.4933,-0.7263,1.0083,1.0083,1.0130,1.0000
678.2851,5.0183,0.0493,-0.0826,6.0170,0.1038,-3.0965,-3.0963,-3.1046,1.0000,4.4699,0.9581,-1.0535,-1.0573,-1.0276,1.0000,4.4933,-0.7263,1.0083,1.0131,1.0207,1.0000
678.4866,5.0289,0.0485,-0.0826,6.0258,0.1015,-3.0992,-3.1002,-3.1259,1.0000,4.4988,0.9604,-1.0608,-1.0616,-1.0268,1.0000,4.4978,-0.7442,1.0182,1.0194,1.0272,1.0000
678.7228,5.0394,0.0477,-0.0826,6.0347,0.0993,-3.1018,-3.1041,-3.1095,1.0000,4.5134,0.9611,-1.0631,-1.0645,-1.0487,1.0000,4.4995,-0.7519,1.0219,1.0246,1.0188,1.0000
678.9287,5.0499,0.0469,-0.0826,6.0436,0.0970,-3.1043,-3.1065,-3.1004,1.0000,4.5281,0.9615,-1.0646,-1.0655,-1.0695,1.0000,4.5019,-0.7584,1.0248,1.0265,1.0292,1.0000
679.1704,5.0605,0.0464,-0.0826,6.0525,0.0948,-3.1068,-3.1089,-3.1017,1.0000,4.5429,0.9618,-1.0656,-1.0662,-1.0707,1.0000,4.5047,-0.7641,1.0266,1.0271,1.0327,1.0000
679.3710,5.0816,0.0451,-0.0826,6.0703,0.0904,-3.1114,-3.1127,-3.1174,1.0000,4.5732,0.9613,-1.0666,-1.0668,-1.0725,1.0000,4.5098,-0.7735,1.0259,1.0247,1.0376,1.0000
679.5963,5.0921,0.0442,-0.0825,6.0793,0.0881,-3.1136,-3.1153,-3.1317,1.0000,4.5886,0.9608,-1.0670,-1.0676,-1.0591,1.0000,4.5130,-0.7776,1.0230,1.0187,1.0188,1.0000
679.8045,5.1026,0.0435,-0.0825,6.0884,0.0859,-3.1155,-3.1170,3.1360,1.0000,4.6039,0.9607,-1.0677,-1.0686,-1.0604,1.0000,4.5175,-0.7814,1.0181,1.0119,1.0120,1.0000
680.0052,5.1237,0.0422,-0.0825,6.0974,0.0837,-3.1172,-3.1186,-3.1274,1.0000,4.6192,0.9608,-1.0688,-1.0702,-1.0608,1.0000,4.5234,-0.7846,1.0111,1.0031,1.0120,1.0000
680.2098,5.1343,0.0416,-0.0825,6.1156,0.0793,-3.1201,-3.1206,-3.1111,1.0000,4.6500,0.9609,-1.0725,-1.0732,-1.0467,1.0000,4.5369,-0.7894,0.9912,0.9875,0.9936,1.0000
680.4503,5.1448,0.0409,-0.0825,6.1248,0.0771,-3.1214,-3.1224,-3.1137,1.0000,4.6655,0.9607,-1.0753,-1.0784,-1.0857,1.0000,4.5451,-0.7914,0.9784,0.9658,0.9770,1.0000
680.6546,5.1659,0.0393,-0.0825,6.1340,0.0749,-3.1224,-3.1233,-3.1287,1.0000,4.6810,0.9605,-1.0788,-1.0827,-1.0845,1.0000,4.5547,-0.7932,0.9644,0.9511,0.9968,1.0000
680.8546,5.1764,0.0387,-0.0825,6.1524,0.0706,-3.1242,-3.1245,-3.1240,1.0000,4.7119,0.9602,-1.0882,-1.0910,-1.0859,1.0000,4.5752,-0.7962,0.9346,0.9286,0.9925,1.0000
681.1014,5.1870,0.0381,-0.0825,6.1617,0.0684,-3.1249,-3.1254,-3.1375,1.0000,4.7274,0.9599,-1.0939,-1.0995,-1.1029,1.0000,4.5857,-0.7973,0.9199,0.9072,0.9334,1.0000
681.3463,5.1975,0.0375,-0.0825,6.1710,0.0662,-3.1255,-3.1261,-3.1377,1.0000,4.7430,0.9595,-1.1002,-1.1061,-1.1179,1.0000,4.5968,-0.7981,0.9059,0.8943,0.9347,1.0000
681.5600,5.2186,0.0359,-0.0825,6.1803,0.0640,-3.1261,-3.1267,-3.1281,1.0000,4.7586,0.9591,-1.1068,-1.1131,-1.1168,1.0000,4.6077,-0.7991,0.8930,0.8828,0.9285,1.0000
681.7610,5.2291,0.0352,-0.0825,6.1989,0.0597,-3.1273,-3.1275,-3.1268,1.0000,4.7898,0.9584,-1.1209,-1.1231,-1.1246,1.0000,4.6285,-0.8015,0.8721,0.8696,0.8770,1.0000
681.9651,5.2397,0.0347,-0.0825,6.2082,0.0576,-3.1278,-3.1282,-3.1058,1.0000,4.8054,0.9580,-1.1282,-1.1318,-1.1585,1.0000,4.6385,-0.8024,0.8645,0.8615,0.8888,1.0000
682.1699,5.2503,0.0341,-0.0825,6.2175,0.0554,-3.1284,-3.1290,-3.1058,1.0000,4.8211,0.9576,-1.1354,-1.1418,-1.1585,1.0000,4.6483,-0.8034,0.8590,0.8560,0.8888,1.0000
682.3717,5.2608,0.0334,-0.0825,6.2267,0.0533,-3.1290,-3.1297,-3.1097,1.0000,4.8367,0.9573,-1.1425,-1.1486,-1.1586,1.0000,4.6579,-0.8047,0.8558,0.8548,0.8646,1.0000
682.6003,5.2713,0.0326,-0.0825,6.2360,0.0511,-3.1298,-3.1304,-3.1103,1.0000,4.8523,0.9571,-1.1492,-1.1550,-1.1342,1.0000,4.6672,-0.8063,0.8548,0.8562,0.8828,1.0000
682.8038,5.2924,0.0312,-0.0825,6.2453,0.0490,-3.1305,-3.1313,-3.1356,1.0000,4.8679,0.9570,-1.1557,-1.1610,-1.1306,1.0000,4.6766,-0.8078,0.8565,0.8603,0.8738,1.0000
683.0188,5.3030,0.0306,-0.0825,6.2546,0.0468,-3.1314,-3.1323,3.1378,1.0000,4.8834,0.9570,-1.1616,-1.1665,-1.1272,1.0000,4.6859,-0.8091,0.8609,0.8671,0.8602,1.0000
683.2193,5.3135,0.0300,-0.0825,6.2730,0.0426,-3.1336,-3.1347,-3.1375,1.0000,4.9143,0.9569,-1.1720,-1.1752,-1.1556,1.0000,4.7045,-0.8119,0.8773,0.8848,0.8559,1.0000
683.4628,5.3240,0.0293,-0.0826,6.2822,0.0404,-3.1349,-3.1362,-3.1246,1.0000,4.9295,0.9564,-1.1765,-1.1802,-1.1560,1.0000,4.7136,-0.8137,0.8882,0.8990,0.8948,1.0000
683.6643,5.3345,0.0285,-0.0826,6.2914,0.0383,-3.1364,-3.1378,-3.1314,1.0000,4.9449,0.9563,-1.1805,-1.1838,-1.1747,1.0000,4.7229,-0.8151,0.9003,0.9118,0.9084,1.0000
683.8878,5.3451,0.0278,-0.0826,6.3006,0.0362,-3.1380,-3.1395,-3.1220,1.0000,4.9601,0.9564,-1.1841,-1.1870,-1.1687,1.0000,4.7327,-0.8158,0.9131,0.9250,0.9093,1.0000
684.1095,5.3556,0.0272,-0.0826,6.3097,0.0340,-3.1397,-3.1414,-3.1316,1.0000,4.9753,0.9563,-1.1873,-1.1899,-1.1725,1.0000,4.7429,-0.8162,0.9263,0.9380,0.9174,1.0000
684.3352,5.3662,0.0267,-0.0826,6.3189,0.0319,3.1416,3.1398,-3.1178,1.0000,4.9904,0.9560,-1.1902,-1.1925,-1.1880,1.0000,4.7532,-0.8167,0.9393,0.9502,0.9248,1.0000
684.5804,5.3767,0.0260,-0.0826,6.3280,0.0297,3.1396,3.1377,-3.1396,1.0000,5.0055,0.9554,-1.1928,-1.1950,-1.1831,1.0000,4.7639,-0.8170,0.9514,0.9612,0.9274,1.0000
684.8145,5.3873,0.0252,-0.0826,6.3371,0.0276,3.1374,3.1354,-3.1297,1.0000,5.0201,0.9544,-1.1953,-1.1976,-1.1872,1.0000,4.7749,-0.8168,0.9622,0.9703,0.9337,1.0000
685.0194,5.3978,0.0244,-0.0826,6.3462,0.0255,3.1352,3.1331,3.1358,1.0000,5.0348,0.9535,-1.1978,-1.2002,-1.1799,1.0000,4.7860,-0.8161,0.9711,0.9774,0.9624,1.0000
685.2377,5.4189,0.0233,-0.0826,6.3644,0.0212,3.1306,3.1308,3.1267,1.0000,5.0496,0.9529,-1.2005,-1.2030,-1.1861,1.0000,4.7974,-0.8151,0.9780,0.9822,0.9705,1.0000
685.4514,5.4295,0.0227,-0.0826,6.3644,0.0212,3.1306,3.1284,3.1283,1.0000,5.0643,0.9519,-1.2033,-1.2059,-1.1856,1.0000,4.8097,-0.8138,0.9825,0.9844,0.9633,1.0000
685.6530,5.4295,0.0227,-0.0826,6.3735,0.0191,3.1282,3.1261,3.1266,1.0000,5.0790,0.9503,-1.2062,-1.2090,-1.1902,1.0000,4.8227,-0.8120,0.9844,0.9839,0.9733,1.0000
685.8573,5.4505,0.0212,-0.0826,6.3917,0.0148,3.1235,3.1228,3.1370,1.0000,5.1077,0.9458,-1.2127,-1.2138,-1.1869,1.0000,4.8483,-0.8078,0.9804,0.9790,0.9717,1.0000
686.0579,5.4610,0.0205,-0.0826,6.4009,0.0127,3.1212,3.1212,3.1370,1.0000,5.1077,0.9458,-1.2127,-1.2159,-1.2040,1.0000,4.8483,-0.8078,0.9804,0.9757,0.9773,1.0000
686.2910,5.4610,0.0205,-0.0826,6.4009,0.0127,3.1212,3.1192,3.1218,1.0000,5.1224,0.9441,-1.2163,-1.2198,-1.1991,1.0000,4.8612,-0.8055,0.9751,0.9688,0.9681,1.0000
686.5224,5.4822,0.0194,-0.0825,6.4100,0.0106,3.1190,3.1170,3.1231,1.0000,5.1371,0.9425,-1.2202,-1.2238,-1.2272,1.0000,4.8748,-0.8028,0.9681,0.9606,0.9651,1.0000
686.7496,5.4822,0.0194,-0.0825,6.4191,0.0084,3.1168,3.1150,3.1199,1.0000,5.1518,0.9403,-1.2242,-1.2280,-1.2394,1.0000,4.8887,-0.7998,0.9598,0.9515,0.9533,1.0000
686.9898,5.5032,0.0180,-0.0825,6.4282,0.0063,3.1148,3.1130,3.1239,1.0000,5.1667,0.9377,-1.2285,-1.2324,-1.2318,1.0000,4.9025,-0.7969,0.9506,0.9420,0.9521,1.0000
687.2208,5.5032,0.0180,-0.0825,6.4370,0.0042,3.1128,3.1110,3.1309,1.0000,5.1816,0.9350,-1.2329,-1.2369,-1.2381,1.0000,4.9161,-0.7941,0.9410,0.9323,0.9407,1.0000
687.4461,5.5138,0.0172,-0.0825,6.4454,0.0019,3.1108,3.1091,3.1075,1.0000,5.1964,0.9328,-1.2373,-1.2414,-1.2271,1.0000,4.9295,-0.7914,0.9314,0.9231,0.9338,1.0000
687.6653,5.5243,0.0166,-0.0825,6.4628,-0.0024,3.1072,3.1074,3.1174,1.0000,5.2113,0.9309,-1.2418,-1.2458,-1.2399,1.0000,4.9429,-0.7887,0.9222,0.9146,0.9131,1.0000
687.8684,5.5454,0.0155,-0.0825,6.4713,-0.0046,3.1055,3.1046,3.1047,1.0000,5.2414,0.9265,-1.2507,-1.2480,-1.2557,1.0000,4.9694,-0.7834,0.9068,0.9108,0.9248,1.0000
688.1112,5.5560,0.0148,-0.0825,6.4793,-0.0071,3.1039,3.1025,3.1085,1.0000,5.2563,0.9241,-1.2550,-1.2480,-1.2568,1.0000,4.9825,-0.7810,0.9014,0.9108,0.9187,1.0000
688.3537,5.5665,0.0141,-0.0825,6.4865,-0.0103,3.1023,3.1009,3.1022,1.0000,5.2706,0.9214,-1.2592,-1.2480,-1.2247,1.0000,4.9954,-0.7788,0.8977,0.9108,0.9058,1.0000
688.5745,5.5876,0.0128,-0.0825,6.4936,-0.0144,3.1008,3.0993,3.1173,1.0000,5.2844,0.9186,-1.2633,-1.2480,-1.2423,1.0000,5.0081,-0.7767,0.8959,0.9108,0.8858,1.0000
688.7774,5.5981,0.0123,-0.0825,6.5079,-0.0241,3.0975,3.0969,3.1022,1.0000,5.3116,0.9121,-1.2713,-1.2480,-1.2513,1.0000,5.0329,-0.7729,0.8976,0.9108,0.9015,1.0000
688.9928,5.6087,0.0117,-0.0825,6.5136,-0.0311,3.0958,3.0941,3.0939,1.0000,5.3251,0.9086,-1.2750,-1.2480,-1.2542,1.0000,5.0451,-0.7711,0.9009,0.9108,0.9338,1.0000
689.2419,5.6192,0.0110,-0.0825,6.5179,-0.0391,3.0939,3.0921,3.1198,1.0000,5.3382,0.9048,-1.2785,-1.2480,-1.2691,1.0000,5.0570,-0.7695,0.9058,0.9108,0.9189,1.0000
689.4656,5.6403,0.0095,-0.0825,6.5214,-0.0478,3.0919,3.0898,3.0942,1.0000,5.3510,0.9007,-1.2817,-1.2480,-1.2621,1.0000,5.0689,-0.7680,0.9118,0.9108,0.9189,1.0000
689.7108,5.6403,0.0095,-0.0825,6.5247,-0.0566,3.0895,3.0870,3.1056,1.0000,5.3635,0.8963,-1.2847,-1.2665,-1.2700,1.0000,5.0807,-0.7666,0.9187,0.9254,0.9235,1.0000
689.9450,5.6614,0.0085,-0.0825,6.5274,-0.0649,3.0867,3.0837,3.1007,1.0000,5.3763,0.8920,-1.2873,-1.2665,-1.2793,1.0000,5.0924,-0.7651,0.9261,0.9329,0.9295,1.0000
690.1508,5.6614,0.0085,-0.0825,6.5292,-0.0730,3.0833,3.0798,3.0936,1.0000,5.3897,0.8882,-1.2896,-1.2665,-1.2839,1.0000,5.1040,-0.7638,0.9336,0.9402,0.9154,1.0000
690.3835,5.6719,0.0079,-0.0825,6.5297,-0.0808,3.0794,3.0754,3.0806,1.0000,5.4029,0.8843,-1.2915,-1.2665,-1.2903,1.0000,5.1157,-0.7623,0.9409,0.9469,0.9414,1.0000
690.6041,5.6824,0.0071,-0.0825,6.5294,-0.0877,3.0749,3.0702,3.0642,1.0000,5.4155,0.8800,-1.2930,-1.2665,-1.2880,1.0000,5.1274,-0.7609,0.9475,0.9527,0.9408,1.0000
690.8195,5.6930,0.0064,-0.0825,6.5291,-0.0932,3.0697,3.0644,3.0601,1.0000,5.4274,0.8754,-1.2943,-1.2665,-1.2926,1.0000,5.1392,-0.7594,0.9532,0.9573,0.9261,1.0000
691.0629,5.7035,0.0058,-0.0825,6.5292,-0.0974,3.0637,3.0576,3.0665,1.0000,5.4393,0.8708,-1.2953,-1.2728,-1.2846,1.0000,5.1511,-0.7577,0.9577,0.9607,0.9463,1.0000
691.3046,5.7141,0.0053,-0.0825,6.5293,-0.1009,3.0569,3.0498,3.0591,1.0000,5.4511,0.8667,-1.2963,-1.2778,-1.2783,1.0000,5.1632,-0.7560,0.9609,0.9627,0.9597,1.0000
691.5366,5.7246,0.0048,-0.0825,6.5297,-0.1039,3.0490,3.0408,3.0640,1.0000,5.4623,0.8626,-1.2972,-1.2980,-1.2988,1.0000,5.1753,-0.7542,0.9628,0.9634,0.9593,1.0000
691.7591,5.7352,0.0041,-0.0825,6.5309,-0.1067,3.0398,3.0304,3.0634,1.0000,5.4729,0.8579,-1.2980,-1.2987,-1.3164,1.0000,5.1876,-0.7522,0.9633,0.9626,0.9666,1.0000
691.9918,5.7457,0.0033,-0.0825,6.5339,-0.1089,3.0293,3.0188,3.0335,1.0000,5.4829,0.8528,-1.2988,-1.2994,-1.3149,1.0000,5.2000,-0.7502,0.9625,0.9606,0.9431,1.0000
692.1922,5.7562,0.0027,-0.0825,6.5392,-0.1104,3.0176,3.0090,3.0302,1.0000,5.4923,0.8479,-1.2994,-1.2999,-1.3016,1.0000,5.2126,-0.7480,0.9604,0.9585,0.9371,1.0000
692.3936,5.7668,0.0021,-0.0825,6.5473,-0.1116,3.0052,3.0064,3.0302,1.0000,5.4923,0.8479,-1.2994,-1.3001,-1.3016,1.0000,5.2126,-0.7480,0.9604,0.9574,0.9371,1.0000
692.6028,5.7668,0.0021,-0.0825,6.5473,-0.1116,3.0052,2.9938,3.0019,1.0000,5.5013,0.8436,-1.3001,-1.3007,-1.2971,1.0000,5.2253,-0.7458,0.9571,0.9533,0.9411,1.0000
692.8332,5.7879,0.0011,-0.0825,6.5593,-0.1132,2.9926,2.9816,2.9963,1.0000,5.5099,0.8396,-1.3008,-1.3015,-1.2847,1.0000,5.2380,-0.7434,0.9528,0.9483,0.9422,1.0000
693.0337,5.7984,0.0004,-0.0825,6.5958,-0.1172,2.9697,2.9688,2.9923,1.0000,5.5264,0.8305,-1.3023,-1.3023,-1.2961,1.0000,5.2638,-0.7386,0.9421,0.9421,0.9470,1.0000
693.2579,5.8089,-0.0004,-0.0825,6.6193,-0.1192,2.9612,2.9620,2.9846,1.0000,5.5264,0.8305,-1.3023,-1.3029,-1.3141,1.0000,5.2638,-0.7386,0.9421,0.9369,0.9308,1.0000
693.4702,5.8195,-0.0010,-0.0825,6.6456,-0.1214,2.9554,2.9559,2.9780,1.0000,5.5340,0.8260,-1.3030,-1.3038,-1.3016,1.0000,5.2768,-0.7362,0.9363,0.9311,0.9299,1.0000
693.6738,5.8300,-0.0015,-0.0825,6.6740,-0.1238,2.9525,2.9527,2.9647,1.0000,5.5409,0.8223,-1.3039,-1.3048,-1.2987,1.0000,5.2897,-0.7337,0.9306,0.9257,0.9262,1.0000
693.8769,5.8406,-0.0020,-0.0825,6.7032,-0.1263,2.9524,2.9535,2.9727,1.0000,5.5540,0.8157,-1.3061,-1.3068,-1.3130,1.0000,5.3155,-0.7290,0.9205,0.9184,0.9425,1.0000
694.0773,5.8511,-0.0026,-0.0825,6.7321,-0.1288,2.9547,2.9571,2.9573,1.0000,5.5605,0.8119,-1.3075,-1.3081,-1.3210,1.0000,5.3283,-0.7267,0.9166,0.9150,0.9279,1.0000
694.2778,5.8616,-0.0034,-0.0825,6.7604,-0.1311,2.9590,2.9612,2.9476,1.0000,5.5666,0.8082,-1.3088,-1.3091,-1.3250,1.0000,5.3410,-0.7246,0.9136,0.9129,0.9252,1.0000
694.4778,5.8722,-0.0041,-0.0825,6.7880,-0.1331,2.9649,2.9705,2.9592,1.0000,5.5721,0.8054,-1.3099,-1.3106,-1.3347,1.0000,5.3536,-0.7224,0.9117,0.9109,0.9175,1.0000
694.6790,5.8827,-0.0046,-0.0825,6.8138,-0.1346,2.9720,2.9783,2.9674,1.0000,5.5771,0.8035,-1.3108,-1.3111,-1.3178,1.0000,5.3661,-0.7204,0.9108,0.9108,0.9231,1.0000
694.8810,5.8933,-0.0051,-0.0825,6.8373,-0.1356,2.9799,2.9831,2.9758,1.0000,5.5820,0.8018,-1.3112,-1.3111,-1.3219,1.0000,5.3785,-0.7185,0.9110,0.9112,0.9202,1.0000
695.0880,5.9038,-0.0056,-0.0825,6.8591,-0.1364,2.9879,2.9871,2.9596,1.0000,5.5820,0.8018,-1.3112,-1.3109,-1.3197,1.0000,5.3785,-0.7185,0.9110,0.9120,0.9014,1.0000
695.2889,5.9144,-0.0063,-0.0825,6.8797,-0.1368,2.9958,2.9988,2.9670,1.0000,5.5917,0.7983,-1.3096,-1.3089,-1.3222,1.0000,5.4027,-0.7164,0.9141,0.9151,0.9069,1.0000
695.4890,5.9249,-0.0070,-0.0825,6.8994,-0.1369,3.0032,3.0032,3.0059,1.0000,5.5917,0.7983,-1.3096,-1.3079,-1.3093,1.0000,5.4027,-0.7164,0.9141,0.9164,0.8967,1.0000
695.7081,5.9354,-0.0076,-0.0825,6.8994,-0.1369,3.0032,3.0094,3.0158,1.0000,5.5959,0.7972,-1.3077,-1.3056,-1.3034,1.0000,5.4146,-0.7167,0.9167,0.9193,0.9078,1.0000
695.9326,5.9354,-0.0076,-0.0825,6.9177,-0.1364,3.0100,3.0154,3.0192,1.0000,5.5995,0.7971,-1.3053,-1.3028,-1.3070,1.0000,5.4264,-0.7173,0.9196,0.9225,0.9196,1.0000
696.1444,5.9460,-0.0081,-0.0825,6.9342,-0.1354,3.0159,3.0204,3.0065,1.0000,5.6029,0.7975,-1.3024,-1.2995,-1.3031,1.0000,5.4381,-0.7184,0.9228,0.9260,0.9181,1.0000
696.3901,5.9565,-0.0086,-0.0825,6.9491,-0.1339,3.0208,3.0243,3.0112,1.0000,5.6066,0.7976,-1.2991,-1.2957,-1.3001,1.0000,5.4499,-0.7201,0.9264,0.9297,0.9176,1.0000
696.6040,5.9671,-0.0092,-0.0825,6.9637,-0.1323,3.0246,3.0270,3.0326,1.0000,5.6103,0.7974,-1.2953,-1.2913,-1.2981,1.0000,5.4618,-0.7226,0.9301,0.9336,0.9161,1.0000
696.8266,5.9776,-0.0099,-0.0825,6.9784,-0.1307,3.0272,3.0286,3.0307,1.0000,5.6136,0.7976,-1.2909,-1.2864,-1.3031,1.0000,5.4739,-0.7259,0.9340,0.9375,0.9046,1.0000
697.0656,5.9881,-0.0106,-0.0825,6.9930,-0.1290,3.0288,3.0293,3.0182,1.0000,5.6163,0.7984,-1.2859,-1.2810,-1.2895,1.0000,5.4860,-0.7292,0.9379,0.9414,0.9151,1.0000
697.2718,6.0092,-0.0116,-0.0825,7.0215,-0.1247,3.0291,3.0287,3.0181,1.0000,5.6218,0.8010,-1.2743,-1.2710,-1.2781,1.0000,5.5104,-0.7351,0.9457,0.9475,0.9342,1.0000
697.5142,6.0198,-0.0120,-0.0825,7.0361,-0.1228,3.0283,3.0272,3.0335,1.0000,5.6247,0.8020,-1.2676,-1.2609,-1.2681,1.0000,5.5219,-0.7377,0.9493,0.9523,0.9357,1.0000
697.7217,6.0303,-0.0126,-0.0825,7.0511,-0.1210,3.0270,3.0257,3.0424,1.0000,5.6274,0.8032,-1.2601,-1.2523,-1.2686,1.0000,5.5329,-0.7399,0.9526,0.9554,0.9311,1.0000
697.9633,6.0408,-0.0133,-0.0825,7.0662,-0.1192,3.0255,3.0243,3.0507,1.0000,5.6301,0.8050,-1.2514,-1.2422,-1.2593,1.0000,5.5435,-0.7416,0.9557,0.9580,0.9323,1.0000
698.1652,6.0514,-0.0140,-0.0825,7.0810,-0.1174,3.0241,3.0230,3.0457,1.0000,5.6331,0.8074,-1.2411,-1.2302,-1.2657,1.0000,5.5534,-0.7428,0.9583,0.9604,0.9552,1.0000
698.3773,6.0619,-0.0144,-0.0825,7.0947,-0.1153,3.0229,3.0221,3.0407,1.0000,5.6366,0.8100,-1.2289,-1.2160,-1.2254,1.0000,5.5622,-0.7433,0.9606,0.9624,0.9767,1.0000
698.5870,6.0725,-0.0149,-0.0825,7.1081,-0.1130,3.0220,3.0215,3.0349,1.0000,5.6407,0.8127,-1.2144,-1.1994,-1.2107,1.0000,5.5696,-0.7426,0.9626,0.9640,0.9514,1.0000
698.7999,6.0936,-0.0160,-0.0825,7.1215,-0.1108,3.0214,3.0214,3.0205,1.0000,5.6455,0.8158,-1.1976,-1.1803,-1.1930,1.0000,5.5761,-0.7408,0.9642,0.9652,0.9646,1.0000
699.0184,6.1041,-0.0167,-0.0825,7.1477,-0.1063,3.0221,3.0220,3.0266,1.0000,5.6507,0.8195,-1.1783,-1.1593,-1.1935,1.0000,5.5822,-0.7379,0.9653,0.9658,0.9715,1.0000
699.2588,6.1041,-0.0167,-0.0825,7.1477,-0.1063,3.0221,3.0233,3.0243,1.0000,5.6565,0.8233,-1.1571,-1.1367,-1.1816,1.0000,5.5879,-0.7342,0.9658,0.9657,0.9829,1.0000
699.4617,6.1252,-0.0177,-0.0824,7.1601,-0.1038,3.0235,3.0254,3.0367,1.0000,5.6629,0.8270,-1.1344,-1.1135,-1.1549,1.0000,5.5932,-0.7300,0.9656,0.9647,0.9698,1.0000
699.6627,6.1358,-0.0181,-0.0824,7.1845,-0.0983,3.0286,3.0286,3.0381,1.0000,5.6779,0.8339,-1.0880,-1.0880,-1.1213,1.0000,5.6023,-0.7199,0.9625,0.9625,0.9571,1.0000
699.8706,6.1463,-0.0187,-0.0824,7.1845,-0.0983,3.0286,3.0317,3.0175,1.0000,5.6779,0.8339,-1.0880,-1.0679,-1.1005,1.0000,5.6023,-0.7199,0.9625,0.9597,0.9560,1.0000
700.0794,6.1568,-0.0193,-0.0824,7.2085,-0.0925,3.0362,3.0358,3.0265,1.0000,5.6861,0.8367,-1.0658,-1.0473,-1.0793,1.0000,5.6064,-0.7137,0.9594,0.9557,0.9654,1.0000
700.2887,6.1673,-0.0200,-0.0824,7.2085,-0.0925,3.0362,3.0404,3.0081,1.0000,5.6949,0.8384,-1.0454,-1.0293,-1.0678,1.0000,5.6108,-0.7076,0.9553,0.9508,0.9569,1.0000
700.5160,6.1779,-0.0205,-0.0824,7.2207,-0.0896,3.0409,3.0455,3.0201,1.0000,5.7044,0.8390,-1.0277,-1.0145,-1.0561,1.0000,5.6152,-0.7023,0.9503,0.9449,0.9499,1.0000
700.7180,6.1885,-0.0209,-0.0824,7.2437,-0.0833,3.0517,3.0571,3.0076,1.0000,5.7249,0.8386,-1.0022,-0.9955,-1.0336,1.0000,5.6234,-0.6923,0.9371,0.9296,0.9606,1.0000
700.9235,6.1990,-0.0213,-0.0824,7.2551,-0.0800,3.0577,3.0626,3.0370,1.0000,5.7356,0.8373,-0.9949,-0.9921,-0.9947,1.0000,5.6275,-0.6875,0.9288,0.9222,0.9320,1.0000
701.1245,6.2095,-0.0219,-0.0824,7.2669,-0.0768,3.0639,3.0676,3.0431,1.0000,5.7471,0.8348,-0.9914,-0.9910,-0.9866,1.0000,5.6317,-0.6832,0.9192,0.9140,0.9194,1.0000
701.3260,6.2201,-0.0226,-0.0824,7.2789,-0.0737,3.0701,3.0739,3.0431,1.0000,5.7591,0.8314,-0.9916,-0.9930,-0.9866,1.0000,5.6363,-0.6795,0.9084,0.9026,0.9194,1.0000
701.5748,6.2306,-0.0232,-0.0824,7.2907,-0.0706,3.0764,3.0818,3.0715,1.0000,5.7712,0.8278,-0.9953,-1.0016,-0.9921,1.0000,5.6412,-0.6766,0.8964,0.8846,0.9235,1.0000
701.7763,6.2412,-0.0236,-0.0824,7.3016,-0.0674,3.0824,3.0876,3.0639,1.0000,5.7833,0.8241,-1.0025,-1.0115,-1.0132,1.0000,5.6466,-0.6741,0.8832,0.8705,0.9228,1.0000
702.0250,6.2517,-0.0240,-0.0824,7.3120,-0.0640,3.0882,3.0931,3.0709,1.0000,5.7957,0.8200,-1.0127,-1.0241,-1.0049,1.0000,5.6524,-0.6721,0.8690,0.8554,0.9005,1.0000
702.2396,6.2728,-0.0251,-0.0824,7.3224,-0.0607,3.0936,3.0981,3.0865,1.0000,5.8086,0.8152,-1.0255,-1.0387,-1.0184,1.0000,5.6588,-0.6706,0.8538,0.8396,0.8853,1.0000
702.4408,6.2833,-0.0257,-0.0824,7.3427,-0.0544,3.1031,3.1040,3.1175,1.0000,5.8349,0.8042,-1.0565,-1.0582,-1.0195,1.0000,5.6740,-0.6704,0.8217,0.8200,0.8538,1.0000
702.6416,6.2939,-0.0262,-0.0824,7.3517,-0.0511,3.1072,3.1083,3.1001,1.0000,5.8479,0.7988,-1.0736,-1.0771,-1.0333,1.0000,5.6826,-0.6716,0.8052,0.8019,0.8443,1.0000
702.8425,6.3045,-0.0266,-0.0824,7.3601,-0.0477,3.1108,3.1122,3.0861,1.0000,5.8607,0.7935,-1.0908,-1.0959,-1.0688,1.0000,5.6918,-0.6736,0.7889,0.7841,0.8203,1.0000
703.0579,6.3150,-0.0270,-0.0824,7.3601,-0.0477,3.1108,3.1137,3.0861,1.0000,5.8607,0.7935,-1.0908,-1.1060,-1.0688,1.0000,5.6918,-0.6736,0.7889,0.7747,0.8203,1.0000
703.2604,6.3255,-0.0275,-0.0824,7.3691,-0.0443,3.1140,3.1165,3.1147,1.0000,5.8733,0.7887,-1.1076,-1.1219,-1.0824,1.0000,5.7017,-0.6764,0.7731,0.7597,0.7976,1.0000
703.4607,6.3361,-0.0281,-0.0824,7.3877,-0.0380,3.1191,3.1195,3.1354,1.0000,5.8975,0.7804,-1.1381,-1.1394,-1.1053,1.0000,5.7232,-0.6849,0.7448,0.7436,0.7771,1.0000
703.6668,6.3466,-0.0287,-0.0824,7.3964,-0.0348,3.1212,3.1216,3.1076,1.0000,5.9092,0.7771,-1.1511,-1.1523,-1.1366,1.0000,5.7341,-0.6901,0.7330,0.7319,0.7663,1.0000
703.8678,6.3571,-0.0291,-0.0824,7.4050,-0.0315,3.1230,3.1245,3.1072,1.0000,5.9205,0.7748,-1.1623,-1.1705,-1.1485,1.0000,5.7451,-0.6959,0.7231,0.7161,0.7364,1.0000
704.0730,6.3677,-0.0295,-0.0824,7.4139,-0.0282,3.1247,3.1261,3.1300,1.0000,5.9313,0.7736,-1.1713,-1.1773,-1.1842,1.0000,5.7562,-0.7023,0.7154,0.7106,0.7271,1.0000
704.2741,6.3783,-0.0299,-0.0824,7.4231,-0.0250,3.1262,3.1275,3.1220,1.0000,5.9418,0.7731,-1.1779,-1.1816,-1.2042,1.0000,5.7672,-0.7090,0.7102,0.7078,0.7079,1.0000
704.4810,6.3888,-0.0305,-0.0824,7.4323,-0.0219,3.1277,3.1291,3.1217,1.0000,5.9522,0.7730,-1.1818,-1.1832,-1.2060,1.0000,5.7779,-0.7160,0.7077,0.7078,0.7082,1.0000
704.6849,6.4098,-0.0316,-0.0824,7.4505,-0.0155,3.1309,3.1316,3.1148,1.0000,5.9724,0.7749,-1.1819,-1.1810,-1.2108,1.0000,5.7984,-0.7306,0.7110,0.7124,0.7281,1.0000
704.9122,6.4204,-0.0320,-0.0824,7.4597,-0.0123,3.1327,3.1346,-3.1392,1.0000,5.9820,0.7767,-1.1781,-1.1727,-1.1742,1.0000,5.8083,-0.7384,0.7168,0.7244,0.7268,1.0000
705.1340,6.4310,-0.0323,-0.0824,7.4690,-0.0092,3.1348,3.1369,3.1355,1.0000,5.9913,0.7791,-1.1720,-1.1647,-1.1648,1.0000,5.8181,-0.7465,0.7253,0.7352,0.7424,1.0000
705.3365,6.4520,-0.0334,-0.0824,7.4878,-0.0029,3.1398,3.1398,3.1404,1.0000,6.0094,0.7846,-1.1538,-1.1538,-1.1554,1.0000,5.8369,-0.7633,0.7497,0.7497,0.7288,1.0000
705.5449,6.4626,-0.0339,-0.0824,7.4973,0.0002,-3.1404,-3.1375,-3.1249,1.0000,6.0182,0.7877,-1.1423,-1.1308,-1.1487,1.0000,5.8461,-0.7720,0.7649,0.7801,0.7390,1.0000
705.7635,6.4731,-0.0344,-0.0824,7.5068,0.0034,-3.1371,-3.1338,-3.1292,1.0000,6.0269,0.7909,-1.1295,-1.1173,-1.1301,1.0000,5.8551,-0.7809,0.7818,0.7982,0.7517,1.0000
705.9694,6.4837,-0.0347,-0.0824,7.5164,0.0065,-3.1335,-3.1300,-3.1380,1.0000,6.0353,0.7944,-1.1159,-1.1034,-1.1070,1.0000,5.8641,-0.7900,0.8000,0.8172,0.7842,1.0000
706.1759,6.4942,-0.0351,-0.0824,7.5261,0.0097,-3.1296,-3.1258,-3.1278,1.0000,6.0436,0.7979,-1.1021,-1.0896,-1.1166,1.0000,5.8732,-0.7991,0.8192,0.8371,0.8008,1.0000
706.3761,6.5153,-0.0361,-0.0824,7.5358,0.0128,-3.1254,-3.1215,-3.1357,1.0000,6.0523,0.8009,-1.0883,-1.0763,-1.0952,1.0000,5.8825,-0.8080,0.8391,0.8574,0.8296,1.0000
706.5764,6.5258,-0.0366,-0.0824,7.5553,0.0191,-3.1165,-3.1146,-3.1010,1.0000,6.0704,0.8052,-1.0629,-1.0595,-1.0849,1.0000,5.9018,-0.8246,0.8797,0.8857,0.8605,1.0000
706.7764,6.5364,-0.0370,-0.0824,7.5652,0.0222,-3.1117,-3.1103,-3.1010,1.0000,6.0795,0.8068,-1.0523,-1.0503,-1.0849,1.0000,5.9120,-0.8324,0.8994,0.9032,0.8605,1.0000
706.9850,6.5469,-0.0373,-0.0824,7.5750,0.0254,-3.1069,-3.1031,-3.1208,1.0000,6.0887,0.8083,-1.0435,-1.0386,-1.0570,1.0000,5.9228,-0.8393,0.9177,0.9295,0.8988,1.0000
707.2317,6.5575,-0.0377,-0.0824,7.5849,0.0285,-3.1021,-3.0977,-3.1228,1.0000,6.0984,0.8091,-1.0369,-1.0329,-1.0386,1.0000,5.9341,-0.8450,0.9342,0.9471,0.9150,1.0000
707.4361,6.5785,-0.0388,-0.0824,7.5948,0.0317,-3.0973,-3.0929,-3.1139,1.0000,6.1086,0.8090,-1.0325,-1.0306,-1.0174,1.0000,5.9459,-0.8496,0.9484,0.9588,0.9333,1.0000
707.6379,6.5891,-0.0392,-0.0824,7.6147,0.0379,-3.0877,-3.0836,-3.0938,1.0000,6.1294,0.8079,-1.0307,-1.0329,-1.0230,1.0000,5.9707,-0.8566,0.9685,0.9737,0.9535,1.0000
707.8549,6.5996,-0.0395,-0.0824,7.6246,0.0411,-3.0831,-3.0792,-3.0869,1.0000,6.1398,0.8074,-1.0332,-1.0373,-1.0340,1.0000,5.9833,-0.8592,0.9742,0.9770,0.9630,1.0000
708.0673,6.6207,-0.0403,-0.0824,7.6443,0.0473,-3.0745,-3.0710,-3.0640,1.0000,6.1615,0.8052,-1.0442,-1.0512,-1.0289,1.0000,6.0087,-0.8621,0.9774,0.9756,0.9925,1.0000
708.3112,6.6418,-0.0413,-0.0823,7.6628,0.0531,-3.0669,-3.0639,-3.0443,1.0000,6.1837,0.8018,-1.0611,-1.0701,-1.0545,1.0000,6.0341,-0.8639,0.9710,0.9656,0.9753,1.0000
708.5161,6.6629,-0.0419,-0.0823,7.6715,0.0558,-3.0635,-3.0608,-3.0513,1.0000,6.1948,0.8002,-1.0711,-1.0805,-1.0416,1.0000,6.0468,-0.8648,0.9649,0.9580,0.9573,1.0000
708.7203,6.6734,-0.0423,-0.0823,7.6882,0.0608,-3.0578,-3.0571,-3.0331,1.0000,6.2170,0.7967,-1.0919,-1.0950,-1.0545,1.0000,6.0718,-0.8659,0.9485,0.9457,0.9416,1.0000
708.9203,6.6839,-0.0427,-0.0823,7.6962,0.0631,-3.0554,-3.0552,-3.0331,1.0000,6.2282,0.7948,-1.1019,-1.1019,-1.0751,1.0000,6.0844,-0.8663,0.9391,0.9391,0.9437,1.0000
709.1205,6.6945,-0.0433,-0.0823,7.7041,0.0654,-3.0532,-3.0532,-3.0275,1.0000,6.2394,0.7931,-1.1112,-1.1112,-1.1050,1.0000,6.0971,-0.8668,0.9295,0.9304,0.9673,1.0000
709.3313,6.7050,-0.0437,-0.0823,7.7119,0.0676,-3.0511,-3.0513,-3.0401,1.0000,6.2394,0.7931,-1.1112,-1.1187,-1.1132,1.0000,6.0971,-0.8668,0.9295,0.9210,0.9491,1.0000
709.5438,6.7156,-0.0439,-0.0823,7.7198,0.0698,-3.0491,-3.0493,-3.0371,1.0000,6.2503,0.7917,-1.1194,-1.1257,-1.0958,1.0000,6.1097,-0.8675,0.9200,0.9121,0.9388,1.0000
709.7462,6.7261,-0.0442,-0.0823,7.7280,0.0720,-3.0472,-3.0457,-3.0431,1.0000,6.2720,0.7894,-1.1317,-1.1344,-1.1040,1.0000,6.1345,-0.8688,0.9035,0.8988,0.9516,1.0000
709.9521,6.7367,-0.0446,-0.0823,7.7364,0.0743,-3.0453,-3.0450,-3.0431,1.0000,6.2828,0.7886,-1.1353,-1.1356,-1.1040,1.0000,6.1466,-0.8697,0.8970,0.8964,0.9516,1.0000
710.1562,6.7472,-0.0450,-0.0823,7.7364,0.0743,-3.0453,-3.0437,-3.0300,1.0000,6.2828,0.7886,-1.1353,-1.1371,-1.1148,1.0000,6.1466,-0.8697,0.8970,0.8924,0.9322,1.0000
710.3569,6.7577,-0.0455,-0.0823,7.7533,0.0789,-3.0417,-3.0401,-3.0454,1.0000,6.3041,0.7878,-1.1373,-1.1361,-1.1046,1.0000,6.1707,-0.8719,0.8888,0.8874,0.9149,1.0000
710.5790,6.7683,-0.0458,-0.0823,7.7618,0.0812,-3.0399,-3.0383,-3.0356,1.0000,6.3145,0.7878,-1.1359,-1.1333,-1.1072,1.0000,6.1824,-0.8732,0.8874,0.8878,0.9079,1.0000
710.8152,6.7788,-0.0461,-0.0823,7.7704,0.0836,-3.0381,-3.0363,-3.0380,1.0000,6.3249,0.7881,-1.1329,-1.1290,-1.1301,1.0000,6.1940,-0.8747,0.8879,0.8899,0.8699,1.0000
711.0549,6.7894,-0.0463,-0.0823,7.7790,0.0859,-3.0362,-3.0343,-3.0499,1.0000,6.3352,0.7885,-1.1286,-1.1236,-1.1208,1.0000,6.2053,-0.8763,0.8903,0.8939,0.8741,1.0000
711.2760,6.8104,-0.0472,-0.0823,7.7877,0.0883,-3.0341,-3.0322,-3.0411,1.0000,6.3454,0.7891,-1.1230,-1.1173,-1.1254,1.0000,6.2165,-0.8781,0.8944,0.8995,0.8930,1.0000
711.5120,6.8104,-0.0472,-0.0823,7.7964,0.0907,-3.0320,-3.0300,-3.0355,1.0000,6.3555,0.7899,-1.1166,-1.1102,-1.1327,1.0000,6.2275,-0.8800,0.9001,0.9065,0.8996,1.0000
711.7371,6.8210,-0.0476,-0.0823,7.8051,0.0930,-3.0298,-3.0277,-3.0353,1.0000,6.3656,0.7908,-1.1095,-1.1028,-1.1362,1.0000,6.2385,-0.8821,0.9073,0.9148,0.9191,1.0000
711.9847,6.8315,-0.0478,-0.0823,7.8139,0.0954,-3.0274,-3.0252,-3.0298,1.0000,6.3755,0.7917,-1.1020,-1.0952,-1.1118,1.0000,6.2492,-0.8843,0.9156,0.9238,0.9077,1.0000
712.2074,6.8421,-0.0480,-0.0823,7.8226,0.0978,-3.0249,-3.0225,-3.0247,1.0000,6.3854,0.7927,-1.0944,-1.0877,-1.1117,1.0000,6.2599,-0.8865,0.9248,0.9335,0.9169,1.0000
712.4446,6.8526,-0.0483,-0.0823,7.8315,0.1002,-3.0222,-3.0197,-3.0230,1.0000,6.3954,0.7937,-1.0870,-1.0807,-1.0882,1.0000,6.2705,-0.8888,0.9344,0.9433,0.9352,1.0000
712.6580,6.8631,-0.0487,-0.0823,7.8403,0.1026,-3.0194,-3.0167,-3.0312,1.0000,6.4052,0.7945,-1.0800,-1.0743,-1.0816,1.0000,6.2812,-0.8911,0.9443,0.9531,0.9269,1.0000
712.8615,6.8736,-0.0491,-0.0823,7.8492,0.1051,-3.0164,-3.0135,-3.0329,1.0000,6.4151,0.7954,-1.0737,-1.0687,-1.0933,1.0000,6.2918,-0.8934,0.9540,0.9624,0.9404,1.0000
713.0626,6.8842,-0.0494,-0.0823,7.8581,0.1075,-3.0132,-3.0101,-3.0125,1.0000,6.4250,0.7960,-1.0682,-1.0641,-1.0815,1.0000,6.3025,-0.8957,0.9633,0.9711,0.9393,1.0000
713.2648,6.8842,-0.0494,-0.0823,7.8581,0.1075,-3.0132,-3.0101,-3.0125,1.0000,6.4250,0.7960,-1.0682,-1.0641,-1.0815,1.0000,6.3025,-0.8957,0.9633,0.9711,0.9393,1.0000
713.4877,6.9053,-0.0498,-0.0823,7.8670,0.1099,-3.0098,-3.0066,-3.0202,1.0000,6.4350,0.7966,-1.0637,-1.0606,-1.0846,1.0000,6.3133,-0.8980,0.9720,0.9789,0.9732,1.0000
713.6956,6.9053,-0.0498,-0.0823,7.8760,0.1124,-3.0062,-3.0030,-3.0081,1.0000,6.4451,0.7969,-1.0604,-1.0584,-1.0748,1.0000,6.3241,-0.9002,0.9796,0.9856,0.9739,1.0000
713.9262,6.9158,-0.0501,-0.0823,7.8850,0.1149,-3.0026,-2.9993,-3.0205,1.0000,6.4552,0.7971,-1.0583,-1.0575,-1.0541,1.0000,6.3353,-0.9022,0.9862,0.9908,0.9895,1.0000
714.1535,6.9263,-0.0506,-0.0823,7.8940,0.1173,-2.9989,-2.9955,-3.0053,1.0000,6.4654,0.7971,-1.0575,-1.0578,-1.0592,1.0000,6.3472,-0.9036,0.9912,0.9944,0.9880,1.0000
714.4021,6.9369,-0.0509,-0.0823,7.9030,0.1198,-2.9951,-2.9916,-2.9965,1.0000,6.4757,0.7969,-1.0579,-1.0594,-1.0668,1.0000,6.3592,-0.9048,0.9947,0.9965,0.9888,1.0000
714.6357,6.9474,-0.0511,-0.0823,7.9120,0.1223,-2.9912,-2.9877,-2.9829,1.0000,6.4860,0.7966,-1.0596,-1.0620,-1.0528,1.0000,6.3712,-0.9061,0.9966,0.9970,1.0163,1.0000
714.8472,6.9580,-0.0513,-0.0823,7.9210,0.1248,-2.9873,-2.9840,-2.9946,1.0000,6.4965,0.7960,-1.0624,-1.0657,-1.0597,1.0000,6.3835,-0.9072,0.9970,0.9962,1.0041,1.0000
715.0766,6.9685,-0.0515,-0.0823,7.9296,0.1271,-2.9836,-2.9804,-2.9925,1.0000,6.5070,0.7954,-1.0661,-1.0701,-1.0594,1.0000,6.3963,-0.9077,0.9960,0.9940,0.9934,1.0000
715.2934,6.9790,-0.0518,-0.0822,7.9378,0.1293,-2.9801,-2.9771,-2.9769,1.0000,6.5176,0.7946,-1.0706,-1.0751,-1.0460,1.0000,6.4092,-0.9080,0.9937,0.9909,1.0054,1.0000
715.5411,6.9895,-0.0522,-0.0822,7.9460,0.1314,-2.9768,-2.9740,-2.9591,1.0000,6.5283,0.7937,-1.0757,-1.0806,-1.0707,1.0000,6.4221,-0.9082,0.9905,0.9870,0.9812,1.0000
715.7511,7.0001,-0.0525,-0.0822,7.9538,0.1335,-2.9737,-2.9711,-2.9960,1.0000,6.5390,0.7927,-1.0811,-1.0861,-1.0747,1.0000,6.4349,-0.9087,0.9865,0.9825,0.9754,1.0000
715.9570,7.0106,-0.0526,-0.0822,7.9612,0.1352,-2.9708,-2.9685,-2.9882,1.0000,6.5496,0.7918,-1.0867,-1.0916,-1.0722,1.0000,6.4478,-0.9092,0.9821,0.9778,0.9770,1.0000
716.1812,7.0317,-0.0530,-0.0822,7.9682,0.1368,-2.9682,-2.9660,-2.9729,1.0000,6.5603,0.7908,-1.0921,-1.0967,-1.0898,1.0000,6.4605,-0.9095,0.9774,0.9731,0.9791,1.0000
716.3933,7.0422,-0.0533,-0.0822,7.9820,0.1400,-2.9635,-2.9616,-2.9738,1.0000,6.5817,0.7891,-1.1015,-1.1049,-1.1088,1.0000,6.4860,-0.9100,0.9683,0.9648,0.9658,1.0000
716.6000,7.0528,-0.0536,-0.0822,7.9887,0.1415,-2.9614,-2.9606,-2.9738,1.0000,6.5923,0.7883,-1.1052,-1.1061,-1.1047,1.0000,6.4988,-0.9104,0.9644,0.9634,0.9824,1.0000
716.8064,7.0633,-0.0538,-0.0822,7.9953,0.1428,-2.9594,-2.9590,-2.9520,1.0000,6.6029,0.7877,-1.1080,-1.1083,-1.1069,1.0000,6.5115,-0.9110,0.9613,0.9611,0.9693,1.0000
717.0068,7.0738,-0.0539,-0.0822,8.0020,0.1442,-2.9575,-2.9575,-2.9570,1.0000,6.6029,0.7877,-1.1080,-1.1098,-1.0947,1.0000,6.5115,-0.9110,0.9613,0.9593,0.9573,1.0000
717.2090,7.0844,-0.0540,-0.0822,8.0088,0.1457,-2.9557,-2.9558,-2.9652,1.0000,6.6134,0.7872,-1.1100,-1.1109,-1.0998,1.0000,6.5241,-0.9116,0.9591,0.9580,0.9752,1.0000
717.4109,7.0949,-0.0543,-0.0822,8.0156,0.1471,-2.9540,-2.9536,-2.9555,1.0000,6.6343,0.7867,-1.1109,-1.1109,-1.1039,1.0000,6.5488,-0.9130,0.9579,0.9579,0.9501,1.0000
717.6114,7.1054,-0.0546,-0.0822,8.0224,0.1484,-2.9523,-2.9517,-2.9509,1.0000,6.6446,0.7867,-1.1099,-1.1093,-1.1116,1.0000,6.5611,-0.9139,0.9590,0.9596,0.9440,1.0000
717.8188,7.1159,-0.0548,-0.0822,8.0290,0.1496,-2.9507,-2.9509,-2.9509,1.0000,6.6446,0.7867,-1.1099,-1.1083,-1.1246,1.0000,6.5611,-0.9139,0.9590,0.9610,0.9478,1.0000
718.0248,7.1159,-0.0548,-0.0822,8.0290,0.1496,-2.9507,-2.9493,-2.9558,1.0000,6.6549,0.7867,-1.1080,-1.1056,-1.1022,1.0000,6.5733,-0.9149,0.9613,0.9644,0.9684,1.0000
718.2576,7.1265,-0.0549,-0.0822,8.0357,0.1507,-2.9491,-2.9475,-2.9598,1.0000,6.6652,0.7869,-1.1053,-1.1023,-1.1002,1.0000,6.5854,-0.9160,0.9648,0.9687,0.9692,1.0000
718.4639,7.1370,-0.0550,-0.0822,8.0425,0.1515,-2.9473,-2.9456,-2.9640,1.0000,6.6754,0.7872,-1.1020,-1.0985,-1.1063,1.0000,6.5973,-0.9172,0.9692,0.9739,0.9582,1.0000
718.6860,7.1476,-0.0551,-0.0822,8.0496,0.1521,-2.9454,-2.9433,-2.9510,1.0000,6.6855,0.7876,-1.0981,-1.0942,-1.0984,1.0000,6.6092,-0.9185,0.9745,0.9798,0.9849,1.0000
718.8910,7.1581,-0.0553,-0.0822,8.0568,0.1524,-2.9431,-2.9408,-2.9449,1.0000,6.6957,0.7881,-1.0938,-1.0897,-1.1158,1.0000,6.6210,-0.9198,0.9805,0.9862,0.9841,1.0000
719.0931,7.1791,-0.0557,-0.0822,8.0714,0.1521,-2.9378,-2.9381,-2.9407,1.0000,6.7057,0.7886,-1.0893,-1.0852,-1.1060,1.0000,6.6328,-0.9213,0.9869,0.9928,0.9748,1.0000
719.3415,7.1897,-0.0557,-0.0822,8.0789,0.1516,-2.9349,-2.9322,-2.9369,1.0000,6.7258,0.7895,-1.0803,-1.0765,-1.0708,1.0000,6.6564,-0.9242,1.0003,1.0062,1.0022,1.0000
719.5483,7.2002,-0.0557,-0.0822,8.0869,0.1504,-2.9319,-2.9292,-2.9560,1.0000,6.7359,0.7900,-1.0761,-1.0727,-1.0928,1.0000,6.6682,-0.9257,1.0069,1.0126,1.0119,1.0000
719.7523,7.2108,-0.0558,-0.0822,8.0952,0.1484,-2.9289,-2.9261,-2.9484,1.0000,6.7459,0.7903,-1.0723,-1.0694,-1.0862,1.0000,6.6800,-0.9271,1.0132,1.0186,1.0260,1.0000
719.9596,7.2213,-0.0560,-0.0822,8.1040,0.1462,-2.9258,-2.9231,-2.9439,1.0000,6.7560,0.7906,-1.0691,-1.0668,-1.0716,1.0000,6.6919,-0.9286,1.0191,1.0240,1.0208,1.0000
